tss_dist	in_promoter_1kb	in_promoter_750bp	in_promoter_500bp	in_promoter_250bp	n_in_tss_dist	K562_ref_dist	HepG2_ref_dist	SKNSH_ref_dist	avgKHS_ref_dist	K562_alt_dist	HepG2_alt_dist	SKNSH_alt_dist	avgKHS_alt_dist	K562_skew_dist	HepG2_skew_dist	SKNSH_skew_dist	avgKHS_skew_dist	K562_activity_dist	HepG2_activity_dist	SKNSH_activity_dist	avgKHS_activity_dist	K562_abs_skew_dist	HepG2_abs_skew_dist	SKNSH_abs_skew_dist	avgKHS_abs_skew_dist	phyloP_mam241_dist
-250	TRUE	TRUE	TRUE	TRUE	51378	1.6384898854702346	1.39770250847041	1.4899287365198344	1.5087070434868264	1.6231117469368592	1.386629278438586	1.4773844994244607	1.4957085082666357	-0.01537813917933764	-0.01107322972916048	-0.012544237205683428	-0.012998535371393848	1.6858445147265504	1.4389376184873206	1.5375468764640143	1.5541096698926289	0.11008739748723977	0.09354345078005225	0.10778051644153032	0.1038037882362741	0.29529948571916875
-249	TRUE	TRUE	TRUE	TRUE	51375	1.648264098762073	1.4051270812950276	1.4982232462385932	1.5172048087652312	1.6313659023434557	1.3939135690645343	1.4855687809480094	1.5036160841186663	-0.016898196899679318	-0.011213511939356068	-0.012654464319392858	-0.013588724386142748	1.6953901121057762	1.4471466656650962	1.546894173506488	1.563143650425787	0.11115022192911338	0.09525267945300891	0.10999631960662136	0.10546640699624787	0.3089785112691975
-248	TRUE	TRUE	TRUE	TRUE	51369	1.6563714662257136	1.4116192163141186	1.5056365326994028	1.5245424050797447	1.6399292422646294	1.40007512503237	1.4918106388676644	1.510605002054888	-0.016442222841046097	-0.011544091085897197	-0.013825895347931024	-0.013937403091624771	1.7035987000477424	1.452792020894649	1.5532578266574293	1.56988284919994	0.11089669168160755	0.093889700304226	0.10906848194123402	0.10461829130902252	0.3054062369383952
-247	TRUE	TRUE	TRUE	TRUE	51366	1.6647237993659665	1.4181311827082168	1.5126321862300982	1.5318290561014274	1.6470463463432858	1.4053662993359366	1.4972442738348632	1.5165523065046953	-0.017677452129295654	-0.01276488226170066	-0.015387909811615945	-0.015276748067537418	1.7113313532428491	1.4588104959023611	1.5596897695153646	1.576610539553525	0.11089256097674836	0.09412350953043888	0.10950307892723764	0.10483971647814162	0.29551512727307705
-246	TRUE	TRUE	TRUE	TRUE	51360	1.6737047798668716	1.4250358944683656	1.519953900997676	1.5395648584443042	1.654442585144463	1.411969079009317	1.5038256340208662	1.523412432724882	-0.019262196785124884	-0.013066814530805233	-0.01612826730725001	-0.01615242620772671	1.719524654660193	1.4653295848666252	1.5662626308453662	1.5837056234573943	0.11090194560640045	0.09365419588059594	0.10874572601515664	0.104433955834051	0.29333563145382274
-245	TRUE	TRUE	TRUE	TRUE	51366	1.6810761128714065	1.4310095565005438	1.5267893167862605	1.546291662052737	1.6621614241419027	1.417652045382126	1.5109908130733172	1.5302680941991151	-0.018914687475419644	-0.013357511552652952	-0.015798503118863244	-0.01602356738231195	1.7280974213588292	1.4715630442910268	1.5734229304987684	1.591027798716208	0.11295730433818806	0.09446448622202716	0.10906573122028412	0.10549584059349978	0.29567287629487227
-244	TRUE	TRUE	TRUE	TRUE	51345	1.689501830358679	1.4373442132326812	1.5338343174949027	1.5535601203620877	1.672121074160504	1.4259008728076146	1.5200141913751823	1.539345379447767	-0.017380755219861883	-0.011443339904982558	-0.01382012786647349	-0.014214740997105978	1.73691384334743	1.4787392787130336	1.581847463679962	1.5991668619134751	0.11220478156004858	0.09423347095550312	0.1098464180385426	0.10542822351803144	0.28097324026573045
-243	TRUE	TRUE	TRUE	TRUE	51333	1.6993271748175462	1.4447548022484098	1.5418801310893664	1.5619873693851076	1.681275444301225	1.4327101179653028	1.5273011219526789	1.547095561406402	-0.018051732913211417	-0.012044684842116233	-0.014579009907599506	-0.014891809220975718	1.74628295011807	1.4859053889874614	1.58969573724754	1.6072946921176905	0.1119632821215339	0.0943458571284859	0.1102102206468515	0.1055064532989571	0.3003217820090109
-242	TRUE	TRUE	TRUE	TRUE	51333	1.7080687958720755	1.4515741057794336	1.549641966777717	1.5697616228097422	1.6918201054751694	1.4409818722349144	1.5361544199717498	1.556318799227278	-0.016248691079265805	-0.010592231077307532	-0.013487546861799848	-0.013442823006124396	1.7561388818446977	1.493845607752405	1.5982475448956677	1.6160773448309234	0.11238886356311338	0.09513523846771216	0.11069870430658645	0.10607426877913734	0.2818184213631414
-241	TRUE	TRUE	TRUE	TRUE	51330	1.7180185190341155	1.45909788602703	1.558144965461532	1.5784204568408926	1.7004194770993162	1.4463069240624669	1.5426659277551502	1.5631307763056443	-0.017599041986385608	-0.012790961719131444	-0.015479036628353768	-0.015289680111290274	1.76566383172924	1.5000883417748183	1.6060012869716749	1.6239178201585778	0.11288966734869584	0.09477187213816608	0.11119167928859768	0.10628440625848654	0.30063576832354344
-240	TRUE	TRUE	TRUE	TRUE	51324	1.7259246324820172	1.465372747052292	1.5651472611467134	1.5854815468936745	1.7082290937236075	1.4531926231231476	1.5500479046066005	1.570489873817785	-0.0176955397915066	-0.012180123116805733	-0.015099358969116954	-0.014991673959143095	1.7737931629337764	1.506794520046241	1.613298636772483	1.6312954399175	0.11343260010411674	0.09502367102547196	0.11140210794205783	0.10661945969054884	0.29501548944398814
-239	TRUE	TRUE	TRUE	TRUE	51297	1.7364370559951017	1.4732291376219095	1.573847123446498	1.5945044390211698	1.7183116360300563	1.4597054944830463	1.5572070834018414	1.5784080713049815	-0.018125420343042396	-0.013523644478470391	-0.016640040149931725	-0.016096368323814836	1.7833265267022649	1.5133831530427413	1.620932444139153	1.6392140412947196	0.1119043633525121	0.09383167418215162	0.11081068157032845	0.1055155730349974	0.2682931749387767
-238	TRUE	TRUE	TRUE	TRUE	51297	1.7454996871445378	1.4806523140365877	1.582287659245113	1.6028132201420795	1.7281159087469096	1.4678953014158418	1.567308093890235	1.5877731013509957	-0.017383776368751363	-0.01275701291337986	-0.01497956720031869	-0.015040118827483306	1.7923932069798882	1.5210337598801404	1.629884887738183	1.6477706181994036	0.11117081819482262	0.09351990430666374	0.11017402390194124	0.1049549154678092	0.27722977897498385
-237	TRUE	TRUE	TRUE	TRUE	51288	1.754140781495378	1.487062621462398	1.5890780825316977	1.6100938284964912	1.7369401751517874	1.4740436372400578	1.5735103293644563	1.594831380585434	-0.017200605168196947	-0.013018985057770409	-0.015567752988631075	-0.015262447738199476	1.8008032910980882	1.527135614321406	1.6361881607588105	1.6547090220594347	0.11052562449582806	0.09316497049841456	0.109787910518163	0.10449283517080188	0.2797811766320249
-236	TRUE	TRUE	TRUE	TRUE	51285	1.7641627544360288	1.4948411117656928	1.5972904168674251	1.618764761023049	1.7460893024362825	1.4813910063322346	1.5804803622697792	1.6026535570127654	-0.018073453266277743	-0.013450106820978492	-0.016810055229374513	-0.016111205105543584	1.8110315042808944	1.5352919943907546	1.644927793749554	1.6637504308070676	0.11181095132586244	0.09435187216469317	0.11208480959080414	0.10608254436045324	0.27717268224716385
-235	TRUE	TRUE	TRUE	TRUE	51276	1.7724261362261529	1.5014876711712333	1.604763526834634	1.62622577807734	1.7544115745753033	1.4880221046383248	1.5883552544732924	1.61026297789564	-0.018014561127546146	-0.013465567668980962	-0.01640827087789882	-0.01596279989147531	1.81971044484112	1.542384875648398	1.6525143623941267	1.6715365609612147	0.11258318136771324	0.09525997570045244	0.11190994242408772	0.1065843664974178	0.2939657146316036
-234	TRUE	TRUE	TRUE	TRUE	51282	1.7826276813589896	1.5089403072532177	1.6132839769145997	1.6349506551756023	1.7652481849497277	1.4969084868957336	1.5986059332529123	1.620254201699458	-0.017379498585139073	-0.012031818969710666	-0.014678042195995613	-0.014696453250281785	1.8302362278111897	1.5502663250889783	1.6619691032352315	1.6808238853784665	0.11259659089284813	0.09468385569289868	0.11204829701506956	0.10644291453360544	0.2544901139186697
-233	TRUE	TRUE	TRUE	TRUE	51267	1.7934129064159243	1.5171340053930735	1.622165125489499	1.644237345766166	1.7774509513738288	1.5053815451708108	1.6083505780903449	1.6303943582116616	-0.01596195488020602	-0.01175246050335472	-0.013814545110424415	-0.013842986831328386	1.8415692613211148	1.5587974911407545	1.6713604276414733	1.690575726701114	0.11227466491842732	0.09507943129813792	0.11220515135571352	0.1065197491907596	0.2617008006788913
-232	TRUE	TRUE	TRUE	TRUE	51249	1.803599839021513	1.525020833989967	1.6309476065309665	1.653189426514149	1.7865085846009685	1.5130240659275338	1.6156590882451631	1.6383972462578886	-0.017091254977768082	-0.011996768781223402	-0.015288518319998171	-0.014792180692996553	1.8513294319952611	1.5663186555568849	1.6792654974032015	1.6989711949851156	0.11255044058605523	0.09459241167141136	0.1119243004640562	0.10635571757384092	0.29350699569959865
-231	TRUE	TRUE	TRUE	TRUE	51237	1.8148508851867404	1.533563682757814	1.6403832180094793	1.6629325953180114	1.7992438407545068	1.5214024413757354	1.6258794676864996	1.6488419166055803	-0.01560704308074001	-0.01216124273430796	-0.01450375169714349	-0.014090679170730489	1.862619410008366	1.574490143031645	1.6885595889935336	1.708556380677848	0.1111440934619699	0.09401416280154865	0.1108564921413637	0.10533824946829408	0.2745126182160204
-230	TRUE	TRUE	TRUE	TRUE	51225	1.824189957335282	1.540895173331757	1.648500007216852	1.6711950459612972	1.80809201316084	1.5290845950931404	1.6332915731729694	1.6568227271423166	-0.0160979435517203	-0.011810578165203332	-0.015208433985453842	-0.014372318567459158	1.8711493029428308	1.5817336332899792	1.6958102363179035	1.7162310575169044	0.1100166365048748	0.09348749786985872	0.10982889227508026	0.1044443422166046	0.2817796188183156
-229	TRUE	TRUE	TRUE	TRUE	51225	1.8359789166833411	1.5498328773677843	1.6584761417891092	1.6814293119467447	1.8202872330622233	1.5391181669718474	1.6438116501480946	1.6677390167273884	-0.015691683036368247	-0.010714711385234967	-0.014664492011800652	-0.013690295477801288	1.884011134715776	1.5917244417639234	1.7068082610155575	1.7275146124984193	0.11175612016378272	0.09449783849102832	0.11132873023757552	0.1058608962974622	0.2662880227362974
-228	TRUE	TRUE	TRUE	TRUE	51219	1.845791604900071	1.5574843230801818	1.6671905244560032	1.6901554841454187	1.8312724188727416	1.547528095987014	1.6538326264221055	1.677544380427287	-0.014519184397641396	-0.009956226060720353	-0.013357897893517434	-0.012611102783959728	1.895073926393406	1.5998220408355048	1.7156727982780082	1.736856255168973	0.11308382849527564	0.09463166341321698	0.11032244388521166	0.1060126452645681	0.2709137236253302
-227	TRUE	TRUE	TRUE	TRUE	51198	1.856092727634366	1.565251709532221	1.675390699310638	1.698911712159075	1.8415589913278383	1.5545235758749294	1.661649048302563	1.685910538501777	-0.014533735637501826	-0.010728134380328944	-0.013741653199269855	-0.013001174405700209	1.9053587600145736	1.6067720954400062	1.723225059770353	1.7451186384083108	0.1130658005895627	0.09376890489332432	0.10941037304660152	0.10541502617649616	0.2993130194696108
-226	TRUE	TRUE	TRUE	TRUE	51198	1.8664372190945744	1.5732063495426274	1.6838122458599147	1.7078186048323722	1.8493209495766976	1.5610970783676337	1.669045639375253	1.6931545557731948	-0.017116271402580305	-0.012109271265749537	-0.01476660580344688	-0.01466404949059224	1.9136238722767895	1.613485430106282	1.7308350058538404	1.7526481027456375	0.11148957479138444	0.09266743250833588	0.10881212558989851	0.1043230442965396	0.2770446498858818
-225	TRUE	TRUE	TRUE	TRUE	51183	1.87502462825046	1.580104945631278	1.6915932598931411	1.71557427792496	1.8584191387149216	1.5674119685886971	1.6769513652202497	1.7009274908412897	-0.01660548905486823	-0.012692976403055386	-0.014641894333024333	-0.014646786596982648	1.9234391677971188	1.62060121604986	1.7390984627460546	1.7610462821976778	0.11343456981647829	0.09368551780586608	0.10965230059728556	0.10559079607320997	0.27508317239138574
-224	TRUE	TRUE	TRUE	TRUE	51174	1.886159296251812	1.5883085020436218	1.7007424264280266	1.7250700749078205	1.8696289653923803	1.575992653291749	1.6851263066165627	1.7102493084335642	-0.016530330809890546	-0.012315848034388585	-0.01561612072523322	-0.014820766523170784	1.9346214201713103	1.6289675902856675	1.7481009451968956	1.7705633185512917	0.11345457870285997	0.09363402414103653	0.11033315601982556	0.105807252954574	0.26989154667199045
-223	TRUE	TRUE	TRUE	TRUE	51165	1.8975598346874536	1.5971381078229414	1.7106785082883418	1.7351254835995789	1.8779878032060997	1.5833549109448577	1.6938919777968116	1.7184115639825897	-0.019572032015036097	-0.013783198956729442	-0.016786529681772893	-0.016713920217846144	1.94487045628918	1.6378521047990342	1.7583707906075934	1.7803644505652692	0.11419327555847168	0.09521119189905763	0.11217109536694138	0.10719185427482356	0.27643189663810114
-222	TRUE	TRUE	TRUE	TRUE	51165	1.9087114352588976	1.6057546009997234	1.7203659350287173	1.7449439904291129	1.8910109578939105	1.5936064505724523	1.705616107883523	1.7300778387832951	-0.017700475684579352	-0.01214815126874074	-0.014749827281854267	-0.014866151411724787	1.9568549120297627	1.6473673632180454	1.7691843364684972	1.7911355372387685	0.11398743031703334	0.09537367473455044	0.11238662954441885	0.1072492448653342	0.2829886834302328
-221	TRUE	TRUE	TRUE	TRUE	51159	1.9212796076027967	1.6153631809262166	1.7312087631052138	1.755950517211409	1.9034256438355248	1.602282989999529	1.7146089780259686	1.7401058706203407	-0.017853962253441266	-0.01308019064931112	-0.016599785925207822	-0.015844646275986737	1.9684491689377268	1.655878370558583	1.7783195145410635	1.8008823513457912	0.1121930860465677	0.09411057063551992	0.11082128870890703	0.10570831513033156	0.2662522714016035
-220	TRUE	TRUE	TRUE	TRUE	51156	1.9322887624124008	1.6238879105864468	1.7406604858974133	1.7656123862987534	1.9138835262057832	1.61056138362247	1.7243471762008784	1.7495973620097105	-0.018405235975593133	-0.013326527166669244	-0.016313310278140085	-0.016015024473467487	1.9793842383422964	1.6641649184382663	1.787675862943194	1.8104083399079192	0.11259618605137192	0.0938805434599884	0.1103440658514948	0.10560693178761836	0.2803428926879245
-219	TRUE	TRUE	TRUE	TRUE	51138	1.9450865958184629	1.633620651147234	1.7516592751032527	1.77678884068965	1.9275590386947232	1.6207682529245264	1.7362483684293637	1.7615252200162046	-0.017527556205881343	-0.01285239826456534	-0.015410907158162216	-0.015263620542869632	1.9935520970830731	1.6746711370354	1.8002192971875448	1.822814177102006	0.1144585597148627	0.09495337153627505	0.11253095173517327	0.10731429432877032	0.27741663760840973
-218	TRUE	TRUE	TRUE	TRUE	51135	1.9562798730242932	1.6423871022317975	1.7616755582411343	1.7867808444990754	1.9387609700000017	1.6302590684417717	1.7464780766359873	1.77183270502592	-0.017518903428872242	-0.012128032962910268	-0.015197483683561844	-0.014948140025114786	2.004384437551592	1.6840327396806187	1.8104436373883537	1.8329536048735215	0.11372803142973754	0.0954193083030205	0.11273364153683207	0.1072936604231967	0.28457911428679206
-217	TRUE	TRUE	TRUE	TRUE	51123	1.9672287026368869	1.650668668243265	1.7706227814811633	1.7961733841204384	1.948497606463156	1.637134669586518	1.754663758803758	1.7800986782844777	-0.018731094993724218	-0.01353399735515983	-0.01595902555007895	-0.016074705966321	2.0147164817635024	1.6911240376641024	1.8188397352634296	1.8415600848970115	0.11370665430511603	0.09444473758032904	0.11239293049009934	0.1068481074585148	0.2727339945716783
-216	TRUE	TRUE	TRUE	TRUE	51117	1.9784347919643523	1.659082951737258	1.7798026086764869	1.805773450792699	1.9615579162217969	1.6469470697603945	1.7644250212405774	1.7909766690742566	-0.016876875733767633	-0.012135883479923754	-0.015377587241422176	-0.014796782151704522	2.0267518130933966	1.7003603199285593	1.828262292947625	1.8517914753231937	0.11351091944789378	0.09469062060302666	0.11229695664889185	0.10683283223327077	0.26928634269232454
-215	TRUE	TRUE	TRUE	TRUE	51120	1.9883332922050163	1.6671414428051723	1.788996009319792	1.814823581443327	1.9688884180698791	1.6537525995372149	1.773087997648757	1.7985763384186169	-0.019444873151618837	-0.013388842836039205	-0.01590801112942425	-0.016247242372360762	2.0352083605173212	1.7076473212739554	1.836883761385352	1.859913147725543	0.1131950108300812	0.0944006004125287	0.11168351627199034	0.10642637583820008	0.29302816883422556
-214	TRUE	TRUE	TRUE	TRUE	51117	1.9995327285489477	1.6755698609165703	1.7986161377798486	1.8245729090817888	1.9796852217702532	1.6623175472037235	1.7821668309566776	1.8080565333102183	-0.01984750781866149	-0.013252313147605369	-0.016449306287988286	-0.016516375751418382	2.046765170685936	1.7164657687070135	1.846716712011846	1.869982550468265	0.11431239193700428	0.09504412849505282	0.11265045382811296	0.10733565808672338	0.2922962614431059
-213	TRUE	TRUE	TRUE	TRUE	51093	2.0103286668225833	1.684023114175658	1.808160951954864	1.8341709109843685	1.99203520013332	1.6712534550653415	1.79199312618455	1.8184272604610705	-0.018293468232847287	-0.012769660182228491	-0.016167826751418327	-0.0157436517221647	2.058378502860502	1.7252122263463632	1.8568002698711512	1.8801303330260055	0.11439314033128598	0.09514788407681546	0.11344646157842422	0.1076624953288419	0.2864774233349907
-212	TRUE	TRUE	TRUE	TRUE	51081	2.022422855659209	1.6931547083820957	1.8183873129354584	1.8446549589922543	2.003708007841042	1.6805034127093117	1.80230862855618	1.8288400163688447	-0.01871485071891508	-0.012651296502367649	-0.016078685519744066	-0.01581494424700893	2.071118886206849	1.735193673048288	1.86797405128978	1.891428870181639	0.11610691123527352	0.09672922471001452	0.1152521627365828	0.10936276622729028	0.27556739262615165
-211	TRUE	TRUE	TRUE	TRUE	51063	2.03456925339807	1.7024748885402938	1.8289361963191375	1.855326779419167	2.0161257667180386	1.6896410172101366	1.812688864236713	1.8394852160549624	-0.01844348774250121	-0.012833871671286731	-0.016247335158897855	-0.015841564857561934	2.082787021738056	1.743960405583249	1.8780545632964645	1.9016006635392564	0.11487902327726722	0.09580490595461096	0.1144840666430305	0.10838933195830289	0.28821914074601723
-210	TRUE	TRUE	TRUE	TRUE	51051	2.045878650361853	1.7109262313817122	1.8386359715324476	1.865146951092004	2.0251205031617245	1.6966064599179729	1.821290177160464	1.847672380080054	-0.02075814802574975	-0.014319771855797178	-0.01734579534669702	-0.017474571742747982	2.0926539424478645	1.751353843382722	1.8870216302609848	1.9103431386971907	0.11430873094806876	0.09517499620217348	0.11411711134360338	0.1078669461646152	0.28601292837925346
-209	TRUE	TRUE	TRUE	TRUE	51042	2.058987033033376	1.7209129331203878	1.8498230039689532	1.876574323374239	2.0382524931347006	1.706279182828594	1.832427715957266	1.85898646397352	-0.02073453712516127	-0.014633747876032124	-0.01739528723802582	-0.01758785741307307	2.1063518436690316	1.7620342895838794	1.8988647479654597	1.9224169604061232	0.11546416109332652	0.09687646361901274	0.11547877622394807	0.10927313364542912	0.2732989892421475
-208	TRUE	TRUE	TRUE	TRUE	51027	2.070556264265349	1.7300519217025612	1.860154969947586	1.8869210519718316	2.050070888930432	1.7145165243767673	1.842123381212948	1.8689035981733824	-0.02048537376470685	-0.01553539881789882	-0.018031589312291468	-0.01801745396496571	2.116915783172661	1.7698970066324484	1.9081003683140283	1.9316377193730456	0.1132044121994728	0.0952255687476502	0.11392238517127934	0.10745078870613411	0.27808613078506095
-207	TRUE	TRUE	TRUE	TRUE	51021	2.0821183716849228	1.7388795527627818	1.869947733759358	1.8969818860690209	2.0616840550341515	1.7236054375731669	1.8514063064818296	1.8788985996963827	-0.02043431627295864	-0.015274115300447932	-0.018541425905781263	-0.018083285826395942	2.129330317424422	1.7794431041430907	1.918107881935418	1.9422937678343104	0.11485820712680311	0.0964012181533969	0.11486172335530744	0.10870704954516916	0.2712156762456431
-206	TRUE	TRUE	TRUE	TRUE	51015	2.0946809232816777	1.748352094262906	1.880331605669443	1.9077882077380088	2.0733002006857117	1.7336958919254226	1.8624119987954917	1.8898026971355415	-0.021380722527651302	-0.014656203213490494	-0.017919607507132274	-0.017985511082758025	2.1418296447268226	1.7896889491362071	1.928800072101905	1.953439555321645	0.11567816578327572	0.09732991041184932	0.11485653888807622	0.10928820502773376	0.27708038817172426
-205	TRUE	TRUE	TRUE	TRUE	51003	2.1050064783073665	1.7567225628970964	1.890136335235708	1.9172884588133905	2.08418044367005	1.7412081876476624	1.8699359756972904	1.8984415356716675	-0.02082603365237092	-0.01551437632891042	-0.02020035936205209	-0.01884692311444448	2.1526468797918072	1.7974419438797284	1.9378515831462768	1.9626468022726045	0.11610683975627864	0.09695313648256568	0.11563085512843664	0.10956361045576032	0.31169254719099476
-204	TRUE	TRUE	TRUE	TRUE	50997	2.1157889919865207	1.764832035287958	1.8993774296152175	1.9266661522965656	2.093797766618073	1.7486611340676417	1.8786290551006648	1.9070293185954592	-0.02199122615833231	-0.01617090123267095	-0.02074837417416595	-0.019636833855056404	2.163066299294741	1.8055190659027585	1.9470839015880088	1.9718897555951695	0.1165458403782837	0.09754496238950848	0.11616131885759633	0.11008404054179616	0.29927913336467704
-203	TRUE	TRUE	TRUE	TRUE	50994	2.1270412299284223	1.773568210996361	1.909459263965088	1.936689568296624	2.106666654269946	1.7588006273683516	1.8908901401914289	1.9187858072765756	-0.020374576527875672	-0.014767581710636954	-0.01856912424898652	-0.017903760829166383	2.1754652818880476	1.8149800845530408	1.9581545802344915	1.9828666488918605	0.1172226801904201	0.0975913302776322	0.1159597559413202	0.1102579221364575	0.2889689960600366
-202	TRUE	TRUE	TRUE	TRUE	50994	2.1393684217676427	1.7830250207740486	1.920361309208758	1.9475849172501496	2.1178527996573524	1.7675311459956542	1.9016814975279992	1.9290218143936684	-0.02151562091451144	-0.015493877301712295	-0.018679810390874907	-0.01856310286903288	2.1872900255936685	1.823975246010368	1.9691920183946925	1.9934857633329095	0.11735883112829489	0.09739432666328594	0.1163412297031804	0.11036479583158706	0.2969031652854613
-201	TRUE	TRUE	TRUE	TRUE	50997	2.1525519466944893	1.7930820145682835	1.9317857649237056	1.9591399087288264	2.1292621670329313	1.776265587952844	1.911224873734737	1.9389175429068377	-0.02328977883386584	-0.016816427145812766	-0.02056089024914758	-0.020222365409608728	2.199810894384605	1.8337080173309452	1.9802312040744263	2.0045833719299924	0.1178076748762282	0.09806842996972888	0.11745176992307624	0.11110929158967776	0.28342914336212355
-200	TRUE	TRUE	TRUE	TRUE	50982	2.164949023521761	1.8027021670558032	1.9427888664723856	1.9701466856833163	2.1428428793788044	1.787011707857872	1.9237904838044195	1.9512150236803656	-0.022106143932722127	-0.015690460342325945	-0.018998383020731563	-0.018931662431926545	2.2130303007005923	1.8438277008954456	1.9920425473752792	2.016300182990439	0.11826869898364031	0.09794152695259238	0.11750574435098948	0.1112386567624074	0.3093434156760734
-199	TRUE	TRUE	TRUE	TRUE	50973	2.1787914374577486	1.8132649191138075	1.9548170176756423	1.982291124749066	2.155710281203076	1.796442019653125	1.9347288207727429	1.962293707209648	-0.02308115896863231	-0.01682290133444859	-0.020088197124141643	-0.019997419142407515	2.2265112973808514	1.8541300351351544	2.0038132551999155	2.0281515292386403	0.1185208764735517	0.09855313241723218	0.11808067113564905	0.11171822667547764	0.29717061988571347
-198	TRUE	TRUE	TRUE	TRUE	50970	2.190859486174048	1.8228185491254385	1.9658777919238088	1.9931852757410984	2.1681102378547963	1.807393321310271	1.9479673653300849	1.9744903081650509	-0.02274924639088154	-0.01542522746661756	-0.01791042723687954	-0.018694967031459543	2.23929621361933	1.8647026690466624	2.01611656785155	2.040038483505848	0.1196227049581962	0.09919346778401884	0.1183879797165812	0.11240138415293208	0.3009739258459176
-197	TRUE	TRUE	TRUE	TRUE	50973	2.203414086498916	1.8323205038624597	1.9767637285044992	2.0041661062886247	2.1798318695043952	1.81572845903071	1.95665456801844	1.984071632184515	-0.02358221582219747	-0.016592044912208823	-0.020109160579215263	-0.020094473771207183	2.2513874619020755	1.8732542671875403	2.0257341012328904	2.050125276774169	0.11952896889333628	0.098459571906656565	0.11804990672620268	0.11201281584206518	0.30477894151576296
-196	TRUE	TRUE	TRUE	TRUE	50952	2.2159421384076348	1.8417494474185323	1.987151194265563	2.0149475933639103	2.190421288979058	1.8238468727211443	1.9647853386416247	1.993017833447276	-0.02552085002872157	-0.017902576282689837	-0.02236585584135748	-0.021929760717589633	2.2636949088076457	1.8826750214983063	2.0357733651568664	2.0607144318209394	0.121026390511486	0.09975372389216051	0.11961019879914572	0.11346343773426408	0.3414633768488497
-195	TRUE	TRUE	TRUE	TRUE	50940	2.226450592569879	1.850276336532589	1.9973195079037993	2.0246821456687556	2.20201451758666	1.8328786592491368	1.974916820942385	2.003269999259394	-0.024436075279466504	-0.017397677509408186	-0.02240268662968424	-0.02141214647285298	2.27511956426315	1.891690609600968	2.046223778649589	2.071011317504569	0.12177401905498277	0.10022622388589156	0.12021122931235248	0.1140704907510756	0.3267266195535715
-194	TRUE	TRUE	TRUE	TRUE	50934	2.2384875014944825	1.8594494301958795	2.0080338377163787	2.035323589802247	2.214519689895077	1.8421766282442644	1.9858033717550536	2.014166563298132	-0.023967811198918977	-0.017272800329896983	-0.022230462772145985	-0.02115702476698731	2.28652729196698	1.9002184850511143	2.0562969170670895	2.081014231361728	0.1200473939872818	0.0988109111382868	0.11875662432981517	0.11253830981846126	0.3474438093620869
-193	TRUE	TRUE	TRUE	TRUE	50913	2.2503768386095646	1.8684967907611072	2.0186843251656126	2.0458526515120945	2.225785577599211	1.8503157909184953	1.9951289661929523	2.0237434449035527	-0.02459126058388985	-0.01818100010762117	-0.023555359572157215	-0.02210920675455608	2.2981385950098803	1.909165826829612	2.066914819420379	2.0914064137532904	0.12011477258627766	0.09951907335049122	0.12001634763148018	0.11321673118941636	0.3388140949360238
-192	TRUE	TRUE	TRUE	TRUE	50910	2.262995875809725	1.8782453321608992	2.0300643459466015	2.057101851305742	2.238573979332611	1.8607178617448623	2.008276908700849	2.0358562499261077	-0.024421894462321184	-0.01752746988546145	-0.02178743782854427	-0.021245600725442303	2.311500126681298	1.919529142541302	2.079864396579081	2.1036312219338935	0.12143039942759036	0.10009508894161968	0.12138753768994671	0.11430434201971894	0.329949086771564
-191	TRUE	TRUE	TRUE	TRUE	50901	2.276547383901391	1.8883930768347437	2.0416293804687813	2.068856613734972	2.253726875372357	1.8706664398782156	2.01989964242817	2.048097652559581	-0.022820506945295523	-0.01772663556113699	-0.021729737436663975	-0.02075895998103217	2.3262392392106923	1.9299808103930345	2.0915642832100367	2.1159281109379213	0.1222042170751972	0.1009021052286434	0.12159954191146742	0.114901954738436	0.3274429180533751
-190	TRUE	TRUE	TRUE	TRUE	50883	2.291930428901311	1.900314089229606	2.055080343585738	2.0824416205722183	2.267628333788214	1.882912556354177	2.033516981657523	2.061352623933305	-0.02430209534321664	-0.01740153357928326	-0.021563361827518047	-0.02108899691667265	2.3400133923806496	1.941432684091512	2.1044698330262332	2.1286386364994647	0.12046802478192876	0.09963872172685864	0.12034233819845998	0.11348302823574911	0.3341829495711824
-189	TRUE	TRUE	TRUE	TRUE	50883	2.3052801950827564	1.9103664363370452	2.0672144635059153	2.0942870316419055	2.281132859591111	1.8929698920243248	2.046107742344663	2.0734034979867	-0.02414733521780893	-0.01739654440756027	-0.021106718915167005	-0.0208835328468454	2.3535220753116723	1.9515089325079884	2.116706990585393	2.1405793328016847	0.12063109403676028	0.09968153577318124	0.12009177517191914	0.11346813499395354	0.32280844205898845
-188	TRUE	TRUE	TRUE	TRUE	50871	2.3173413655712944	1.9196546122188176	2.0782445029662595	2.105080160252124	2.2934577593873846	1.9020854686671065	2.0571443748597376	2.0842292009714094	-0.023883604278482115	-0.0175691434464344	-0.021100126678733257	-0.020850958134549923	2.3649610622397965	1.9600302061774872	2.1273656550976554	2.1507856411716464	0.11912299999849682	0.09832033123206806	0.11934243287214162	0.11226192136756884	0.3112730429324598
-187	TRUE	TRUE	TRUE	TRUE	50850	2.330092907992977	1.929513624998568	2.0897572658904258	2.1164545996273234	2.3065456279541383	1.912339180758811	2.069372864073163	2.0960858909287037	-0.023547281658307617	-0.01717444210670229	-0.020384402989287342	-0.02036870891809908	2.378725919279009	1.970691037099852	2.139689725957831	2.163035560778898	0.12081330148890708	0.09952926789972964	0.12024932411898344	0.11353063116920672	0.3175141588960373
-186	TRUE	TRUE	TRUE	TRUE	50841	2.3437316356497626	1.939929809965273	2.101750997243927	2.1284708142863207	2.3215355872202985	1.92462182993123	2.0835735669822606	2.109910328044596	-0.0221960504201694	-0.015307978198025828	-0.0181774289453642	-0.01856048585451981	2.39211097456101	1.981260272880196	2.151934098377344	2.1751017819395164	0.11895472669404487	0.09796890637932788	0.11854363033624096	0.11182242113653793	0.29616793522500334
-185	TRUE	TRUE	TRUE	TRUE	50829	2.3550110942963087	1.9491482860320024	2.1129415675917325	2.139033649306681	2.332964215695895	1.933874376232975	2.0946628392216704	2.12050047705018	-0.022046879056427614	-0.015273910641055226	-0.018278726173436986	-0.018533171956973276	2.4042236435934825	1.9906940849442976	2.1631002307643694	2.1860059864340498	0.12047197797165168	0.0983655070397816	0.11859605601271356	0.11247784700804896	0.31919170143032716
-184	TRUE	TRUE	TRUE	TRUE	50823	2.367678463977734	1.9588646169955315	2.1244352921816168	2.150326124384961	2.345641153337904	1.9440465005145855	2.1059085148384726	2.131865389563654	-0.02203730853107503	-0.014818115171095726	-0.018526777439698112	-0.01846073371395629	2.4167798198384283	2.0004078079652894	2.174143543233327	2.197110390345682	0.1202400211723222	0.09790449875771144	0.11794327930493954	0.11202926641165772	0.3155794809061892
-183	TRUE	TRUE	TRUE	TRUE	50808	2.3798934960518348	1.968229883518346	2.135693454542917	2.1612722780376994	2.3561692884408467	1.951692420937439	2.115017410795959	2.140959706724749	-0.023724206033564392	-0.016537463135249113	-0.0206760430813422	-0.0203125707500519	2.4289631516506103	2.0089259288528036	2.1844177242158196	2.207435601573078	0.12186351912469784	0.09792955265645482	0.118124582976839	0.1126392182526639	0.32531477364380257
-182	TRUE	TRUE	TRUE	TRUE	50814	2.393325466878528	1.9786963694426685	2.148025006915385	2.1733489477455272	2.3696753184440773	1.96184798707575	2.1265791126672453	2.1527008060623576	-0.02365014433578675	-0.01684838281414821	-0.021445893332459068	-0.020648140160798013	2.443190983082268	2.0201216028990023	2.1975749309174866	2.2202958389662526	0.1233811797943596	0.09969884876357446	0.12054574158693336	0.11454192338162247	0.3259273227033423
-181	TRUE	TRUE	TRUE	TRUE	50802	2.407274062680733	1.9893733313918496	2.1605080139906314	2.1857184693544047	2.3826989395599907	1.9711447351728368	2.1380796450104045	2.1639744399144107	-0.0245751213186823	-0.01822859487250743	-0.02242837055348429	-0.02174402891489134	2.4559289437431673	2.029821897283307	2.2091541395380054	2.231634993521493	0.12188488541827182	0.099125728892859	0.11972062015490278	0.11357707815534455	0.333251328763196
-180	TRUE	TRUE	TRUE	TRUE	50796	2.4218015248182634	2.000719951195589	2.1733240057609917	2.198615160591615	2.397551106220783	1.9828933829679984	2.151806214437335	2.1774169012087055	-0.024250418620678536	-0.01782657023253368	-0.021517791481105004	-0.021198260111439073	2.471224697116805	2.0419175208951694	2.223153565518359	2.2454319278434447	0.12309676553882726	0.10022170768172046	0.12117691101156632	0.11483179474403804	0.34261693771542945
-179	TRUE	TRUE	TRUE	TRUE	50766	2.4373310763946683	2.0124798830053456	2.1872131362206435	2.212341365206886	2.411684322326639	1.9930165385686975	2.1636698693937606	2.1894569100963657	-0.025646753776666288	-0.01946334610769004	-0.023543267461036754	-0.02288445578179769	2.486228330531848	2.0531179984810533	2.2364105547344577	2.2585856279157865	0.12344126203787288	0.10073957362136092	0.12193810652805608	0.11537298072909662	0.33429978726726284
-178	TRUE	TRUE	TRUE	TRUE	50769	2.449390069397961	2.0218066755575577	2.199107305399944	2.223434683451821	2.4221368360788733	2.0026021801456406	2.1756131698427073	2.20011739535574	-0.02725323375748849	-0.019204494634655934	-0.02349413423580185	-0.02331728754264876	2.497968032516213	2.062712898041283	2.2482790585296386	2.269653329695712	0.12440915956786536	0.10101694081866384	0.12183764214508282	0.11575458084387066	0.3374895110294981
-177	TRUE	TRUE	TRUE	TRUE	50766	2.462437462058256	2.031828606571723	2.210665292651545	2.2349771204271747	2.4345892224446612	2.012134490504487	2.186505810112303	2.2110765076871504	-0.027848238496234197	-0.01969411753404889	-0.02415948282638613	-0.023900612952223073	2.511663616640616	2.0733902241508506	2.2603148217925537	2.2817895541946736	0.12630054828881052	0.1028173512065686	0.1234585394669914	0.11752547965412352	0.35208391422015933
-176	TRUE	TRUE	TRUE	TRUE	50763	2.4758575366683884	2.042254225248025	2.2227188485277267	2.2469435368147135	2.4496442895176513	2.0229311056860295	2.1988448543408783	2.2238067498481864	-0.026213249589610507	-0.01932311973914095	-0.023873991986411443	-0.0231367871050543	2.525583797414949	2.083917532050039	2.2728257187376815	2.2941090160675564	0.12566576693197545	0.1026497316831222	0.1240877345640472	0.11746774439304827	0.3638746531508063
-175	TRUE	TRUE	TRUE	TRUE	50766	2.486457628300794	2.0509595699353715	2.2333353495618216	2.2569175159326624	2.4598965874870804	2.031544130828993	2.210184717784152	2.233875145366742	-0.026561038135084723	-0.01941544162734586	-0.023150633193185666	-0.023042370985205417	2.536703271917808	2.0930245335533324	2.2840156346693865	2.3045811467135087	0.12705232646711087	0.103545367076428	0.1245112025127922	0.118369632018777	0.36804656739268365
-174	TRUE	TRUE	TRUE	TRUE	50763	2.4989260494250796	2.0605962019549384	2.2447797109793353	2.268100654119784	2.4711610369844443	2.040515511223888	2.2203693865906975	2.244015311599677	-0.027765011965148967	-0.020080690047081684	-0.02441032464946852	-0.02408534222056639	2.548351946094657	2.101809649672624	2.2945726301939384	2.3149114086537397	0.12661680552983404	0.10250758474219256	0.1239961639546546	0.11770685140889374	0.3815509128337935
-173	TRUE	TRUE	TRUE	TRUE	50763	2.51070498152343	2.0696708011014624	2.2559500375015498	2.278775273375481	2.482990261234974	2.0507411574194068	2.2332960376219835	2.255675818758788	-0.027714721394076196	-0.01892964466929031	-0.02265400247857891	-0.023099456180648473	2.5610245080587446	2.1121779117046624	2.3073833318876855	2.326861917217031	0.12835377652060373	0.10394386624925936	0.1255205884919536	0.11927274375393888	0.3574538730271906
-172	TRUE	TRUE	TRUE	TRUE	50751	2.5238122492883717	2.0798216911718357	2.268107232696267	2.290580391052158	2.4954896679480743	2.0600200773413064	2.244358229868929	2.2666226583861033	-0.028322578252859568	-0.019801614227023458	-0.023749002194347887	-0.02395773155807697	2.573042622555717	2.121105440965586	2.3181274865900474	2.33742518337045	0.12678332708696563	0.10236911301491536	0.12378951106981298	0.11764731705723132	0.3761960157851837
-171	TRUE	TRUE	TRUE	TRUE	50727	2.537588550344351	2.090356411107036	2.280526474753964	2.3028238120684503	2.5077601459281262	2.0695950371742744	2.255477044771105	2.2776107426245016	-0.02982840411613905	-0.020761372412366787	-0.025049430771195667	-0.0252130690999005	2.586676386341737	2.1316599940047447	2.3308011458071087	2.3497125087178636	0.12800407660373916	0.10336853873228996	0.1255987717956461	0.11899046237722508	0.36517144714676586
-170	TRUE	TRUE	TRUE	TRUE	50721	2.552154418134766	2.101865159939672	2.2934545250585243	2.315824701044321	2.5248079174705103	2.0838924605958886	2.2713223508836	2.2933409096499995	-0.02734650060366825	-0.017972700390490585	-0.02213217289748036	-0.022483791297213063	2.602424759547096	2.144884416059518	2.3453615544981585	2.364223576701591	0.127887183984895	0.10401121198657944	0.1259462351389033	0.11928154370345924	0.3960379136948542
-169	TRUE	TRUE	TRUE	TRUE	50724	2.5671183296662075	2.113249793119509	2.307123757451784	2.3291639600791667	2.538039524043994	2.093478712839446	2.282234137517298	2.304584124800246	-0.029078808134894725	-0.01977108096953866	-0.024889620329239664	-0.024579836477891016	2.6165662127785905	2.1550513759345216	2.3573361270400763	2.376317905251063	0.12797457164840667	0.1033742464058034	0.12531435953624626	0.11888772586348544	0.3810237758417389
-168	TRUE	TRUE	TRUE	TRUE	50685	2.579664310951997	2.1229482013134926	2.3196939187740195	2.340768810346503	2.552622278241107	2.1049811747157685	2.298170495015305	2.3185913159907265	-0.02704203244797319	-0.017967027398936124	-0.02152342562862558	-0.02217749515851163	2.6304392456634025	2.1662192367800137	2.372270526398396	2.389643002947271	0.1285919021087766	0.104509096958064	0.1266766401462036	0.1199258797376814	0.36881757920035185
-167	TRUE	TRUE	TRUE	TRUE	50676	2.592248856775462	2.132671510557961	2.331254779930354	2.352058382421259	2.564044202590033	2.1142705085756006	2.3090228920074254	2.3291125343910197	-0.028204652182987577	-0.018401001730322476	-0.022231889524126816	-0.022945847812478957	2.6421232584311913	2.175263529706368	2.383161222039631	2.4001826700590634	0.12795345648639267	0.10358503953127007	0.1260447721448152	0.119194422720826	0.3609747810472184
-166	TRUE	TRUE	TRUE	TRUE	50676	2.6051082716940406	2.1426570771822844	2.343119837075525	2.3636283953172836	2.576510144175553	2.122671636445157	2.3191310061208656	2.339437595580525	-0.028598128891641605	-0.01998544180665059	-0.023988828019176595	-0.024190799572489593	2.6549919728676192	2.1845623337573334	2.3941803550626055	2.411244887229186	0.12836553086278937	0.10379595518204555	0.1261098660132303	0.11942378401935508	0.3770628694730888
-165	TRUE	TRUE	TRUE	TRUE	50667	2.616816313186215	2.152162008459407	2.3544938159678157	2.374490712537813	2.589958652698791	2.1343435080669977	2.332579103280871	2.35229375468222	-0.02685765887747459	-0.017818499483680035	-0.02191471200481246	-0.022196956788655693	2.6676886718654615	2.1953609493892308	2.406808315338855	2.4232859788645156	0.12860237763318458	0.10421638216437286	0.1265437121036618	0.11978749063373974	0.36675173130428146
-164	TRUE	TRUE	TRUE	TRUE	50664	2.628885796815069	2.161456995777771	2.3654740776802057	2.3852722900910153	2.6021858216296723	2.143613174954497	2.3442907541629636	2.3633632502490443	-0.02669997479336693	-0.01784381958823172	-0.021183325661503615	-0.02190904001436742	2.6792782417790932	2.204157421710067	2.4175659614600695	2.4336672083164097	0.12748486553718924	0.10324467356420776	0.12536709190733633	0.11869887700291112	0.3932632042239564
-163	TRUE	TRUE	TRUE	TRUE	50649	2.6404436999539898	2.1704069650606996	2.376808012758793	2.395886225924494	2.612620320541958	2.150431900873097	2.3529452022246375	2.371999141213231	-0.027823379604306975	-0.019975062923365677	-0.02386281326876035	-0.023887085265477667	2.6906823935259268	2.2122986707191243	2.428452527687889	2.4438111973109797	0.12830076801013904	0.10375847617585222	0.12715184199304153	0.11973702872634429	0.401168039516768
-162	TRUE	TRUE	TRUE	TRUE	50646	2.6536626087258774	2.180549740846792	2.3891193774428565	2.4077772423385086	2.6272467907881665	2.1621999561559995	2.3674559986755717	2.3856342485399127	-0.02641581644471681	-0.018349783797352817	-0.02166337636340738	-0.022142992201825668	2.705216996248799	2.223508998581014	2.442285301710939	2.457003765513584	0.12952459047038467	0.10426829944448848	0.12799522561196047	0.12059603850894454	0.3874566999691037
-161	TRUE	TRUE	TRUE	TRUE	50622	2.6671116904600667	2.19095334652296	2.4012983437356863	2.4197877935729046	2.641287829044807	2.1726026013278417	2.380120091068164	2.398003507146938	-0.025823863072813653	-0.018350747334682813	-0.02117825336449925	-0.021784287923998575	2.718239934045752	2.2334577713828208	2.454671116602388	2.4687896073436533	0.12808034948626365	0.10335959453034124	0.12792379979315807	0.11978791460325432	0.3921700247337311
-160	TRUE	TRUE	TRUE	TRUE	50610	2.6819413524648184	2.202648143221262	2.4146780156573815	2.4330891704478206	2.6554344950416255	2.1838564814624957	2.392132245895582	2.410474407466568	-0.02650685812264827	-0.01879166305619091	-0.02254577084434859	-0.022614764007729257	2.7335118945517816	2.2455026863466454	2.467859762990467	2.482291447962965	0.12964794382375194	0.10450074899878292	0.1289092650487666	0.12101931929043382	0.4054499702905865
-159	TRUE	TRUE	TRUE	TRUE	50601	2.696868321191862	2.213870205611602	2.4281385905770234	2.4462923724601624	2.6705146707808853	2.194523744057212	2.405294435532069	2.4234442834567225	-0.02635365175529087	-0.019346461943122555	-0.02284415601067933	-0.02284808990303092	2.748616792309081	2.2563973254704632	2.481240863775061	2.4954183271848684	0.12985059222186782	0.10440070031557663	0.12904869989436413	0.12109999747726952	0.39705839751548305
-158	TRUE	TRUE	TRUE	TRUE	50583	2.709120808474644	2.223248537099662	2.440176184463481	2.4575151766792622	2.682980138137131	2.2048639519318303	2.4174640523007267	2.435102714123229	-0.02614067091180288	-0.018384583878074793	-0.022712133586088826	-0.02241246279198883	2.761063250605297	2.2661270712839636	2.4927556102164665	2.5066486440352422	0.13002555746145553	0.10414165489007494	0.12787098466843275	0.12067939900665442	0.38475950398829895
-157	TRUE	TRUE	TRUE	TRUE	50571	2.7217846594026893	2.2331378079022177	2.4519437604316203	2.4689554092455093	2.6939722706394567	2.2130830475261427	2.4265822476937204	2.4445458552864396	-0.02781238959899116	-0.020054760526107617	-0.02536151414954158	-0.02440955475821345	2.7733226712342205	2.2757375081435693	2.5041185185997925	2.5177262326591943	0.13088841356786995	0.1052541613583698	0.12971102913242952	0.12195120135288975	0.3882837991188947
-156	TRUE	TRUE	TRUE	TRUE	50565	2.7347786816310204	2.243242972170361	2.4638978683552635	2.4806398407188817	2.70628807022985	2.2227256726022495	2.438654266042423	2.4558893362915075	-0.028490609993733807	-0.020517299107866985	-0.02524360323054823	-0.02475050411071634	2.7853916436712987	2.2853762015626113	2.515488630692285	2.528752158642065	0.12971653468703676	0.10478375917569074	0.12842512709981554	0.12097514032084768	0.4005626228557528
-155	TRUE	TRUE	TRUE	TRUE	50538	2.7467769426057744	2.2531155986022617	2.4758374493894153	2.491909996865817	2.7189500134958307	2.233785487697449	2.4512294369612646	2.4679883127181816	-0.027826929017944858	-0.019330110092699727	-0.02460801416194656	-0.023921684424197048	2.798391002739	2.2962306879217578	2.528413999518109	2.541011896726289	0.13105505300409878	0.10556028864669004	0.12976111366360923	0.12212548510479936	0.41472586923332966
-154	TRUE	TRUE	TRUE	TRUE	50523	2.7591189139344796	2.262392303917719	2.4869642196350363	2.5028251458290782	2.7288530643776627	2.2405596849204503	2.460200947392813	2.4765378988969755	-0.030265848776414875	-0.02183261859233316	-0.026763272777790673	-0.026287246715512903	2.8095644149801835	2.3042201757579326	2.537802602716859	2.550529064484992	0.13115685286226758	0.10548836339713738	0.12844004026657013	0.12169508550865836	0.4109739323414878
-153	TRUE	TRUE	TRUE	TRUE	50502	2.769362754083407	2.2704635799339545	2.49701988052575	2.5122820715143703	2.738794748762556	2.2493668925075725	2.470419618069005	2.486193753113044	-0.030568004352192694	-0.021096686822669446	-0.02660026184295898	-0.02608831767260704	2.8199227984920285	2.3125229240988534	2.5481866421478134	2.560210788246232	0.1316880941821731	0.10521537538231734	0.12893378529361338	0.12194575161936794	0.4067858496220049
-152	TRUE	TRUE	TRUE	TRUE	50499	2.781940933783798	2.280156085490003	2.508738978280721	2.5236119991848405	2.7489934663863576	2.25786700956758	2.4806716379268186	2.495844037960252	-0.03294746656823682	-0.02228907549086033	-0.02806734042521067	-0.02776796082810261	2.83314815478946	2.322982238948892	2.560580530891894	2.5722369748767484	0.1353619096479732	0.10794138244857328	0.1317504454001854	0.12501791249891064	0.4100095639061322
-151	TRUE	TRUE	TRUE	TRUE	50478	2.7951209956544094	2.2903199706203576	2.520734311784432	2.5353917593530664	2.761215005280324	2.267572014371172	2.4931929329364513	2.5073266508626495	-0.03390598967737584	-0.02274795718091604	-0.02754137751181169	-0.028065108123367852	2.845655779358381	2.332799206378943	2.572214419574024	2.583556468437116	0.13497555738338024	0.10770642814430162	0.13050159416889914	0.124394526565527	0.4512125280404945
-150	TRUE	TRUE	TRUE	TRUE	50466	2.8091372690932688	2.3012846850791355	2.533460150792791	2.5479607016550654	2.776033412114929	2.278162005215276	2.5041956164609185	2.5194636779303745	-0.03310386063871704	-0.023122680471759624	-0.029264535360468965	-0.02849702549031521	2.8596031958211148	2.3433397412697747	2.584260973058676	2.595734636716522	0.13403570933470418	0.10723279290771764	0.13086617939789746	0.12404489388010642	0.43505843515381953
-149	TRUE	TRUE	TRUE	TRUE	50469	2.8240628034497384	2.3126371730139255	2.5470800487524743	2.5612600084053794	2.7901027886888596	2.2893623235912313	2.5175663511387523	2.532343821139614	-0.03396001452899525	-0.02327485042259203	-0.02951370007839188	-0.02891618834332639	2.8754743698271352	2.3551497540975284	2.598634598512993	2.609752907479219	0.1367831485457134	0.10830001243080212	0.1326227967721905	0.12590198591623533	0.4417090885310747
-148	TRUE	TRUE	TRUE	TRUE	50454	2.8360360686548667	2.3217925899591503	2.5588413820071185	2.5722233468737117	2.8022081984917655	2.2989313366967927	2.530376004351208	2.543838513179922	-0.03382787299088117	-0.022861255995880573	-0.02846537872479982	-0.028384835903853853	2.887363298070502	2.3641535637431894	2.610213030003698	2.6205766306057967	0.13648232810691474	0.10758319871709884	0.13120867469634162	0.12509140050678508	0.46964841286464426
-147	TRUE	TRUE	TRUE	TRUE	50445	2.8471969889154183	2.3303167059989343	2.5689865514625234	2.582166748792292	2.8143230453526686	2.3084835468746125	2.542105386684962	2.5549706596374144	-0.03287394305643185	-0.02183315914781035	-0.026881167667299033	-0.02719608995718041	2.899569026461844	2.373504113960269	2.6214626635306306	2.6315119346509146	0.13761801781383926	0.10820797747425694	0.13183339187023813	0.12588646238611145	0.436175795316648
-146	TRUE	TRUE	TRUE	TRUE	50436	2.85957598456399	2.3398410855032292	2.580365554432935	2.5932608748333847	2.82637095618409	2.3170151463664737	2.552230279647027	2.5652054607325305	-0.033205027138634866	-0.022825940201026716	-0.028135274183678793	-0.028055413841113454	2.9115943252411176	2.3823639054003314	2.6322903067310044	2.6420828457908176	0.13724170873550037	0.10787157956846906	0.13198477796311284	0.12569935542236077	0.4300120145949232
-145	TRUE	TRUE	TRUE	TRUE	50418	2.8716613378274287	2.349806553163395	2.5923785354045776	2.6046154754651343	2.837970052453129	2.3266875708550323	2.5645985593787364	2.576418727562299	-0.03369128549976931	-0.0231189806371731	-0.02777997817452641	-0.02819674810382294	2.9237237891825174	2.392874124002855	2.6449213337369244	2.6538397489740992	0.13781618849045202	0.1092541246989442	0.13286557217212075	0.12664529512050565	0.47231334098583583
-144	TRUE	TRUE	TRUE	TRUE	50400	2.8829681368276296	2.358368942879318	2.602925497641376	2.6147541924494413	2.8476037726873193	2.333269062460143	2.5731157220615977	2.58466285240302	-0.035364363951201565	-0.025099879993339295	-0.02980977543841085	-0.03009133979431723	2.934801661505744	2.400655647560749	2.654780810757682	2.663412706608058	0.1390314149851951	0.10967329045272713	0.13352040172994611	0.12740836905595612	0.4722536309641284
-143	TRUE	TRUE	TRUE	TRUE	50382	2.8935711462404212	2.366604778228521	2.6133232831324436	2.6244997358671287	2.859243729926632	2.343055899454049	2.585031697796279	2.5957771090589863	-0.03432741641989799	-0.02354887986533628	-0.028291582423704668	-0.028722626236312977	2.9461238791894546	2.409732337397754	2.6658818339522803	2.673912683513163	0.13943288344245322	0.10980399587668932	0.1334086848585753	0.1275485213925726	0.4890476958309684
-142	TRUE	TRUE	TRUE	TRUE	50379	2.9049667771375933	2.3755130425420448	2.624184046147513	2.634887955275717	2.869200956141541	2.3505465980112605	2.5941347451184993	2.6046274330904335	-0.03576582285763501	-0.024966442713351477	-0.030049302528047172	-0.030260522699677887	2.957031946008515	2.41837979231572	2.6764489549660646	2.6839535644300994	0.13989615942934872	0.1106999436820724	0.13457911953860194	0.12839174088334102	0.4716905858818979
-141	TRUE	TRUE	TRUE	TRUE	50373	2.9183594943560305	2.3857800099589817	2.636331924696037	2.64682380967035	2.882289384556519	2.360357111862206	2.6068492880060226	2.6164985948082493	-0.03607011031826986	-0.025422897069935353	-0.02948263500338121	-0.030325214130528803	2.970310013512807	2.4284207144765264	2.6891895807773274	2.695973436255553	0.13997115187967463	0.11070430866009875	0.13519794844483252	0.12862446966153532	0.4952709192742447
-140	TRUE	TRUE	TRUE	TRUE	50364	2.932031033427953	2.3967071709727077	2.649027378389842	2.659255194263501	2.8969318680759053	2.372052559107144	2.6195559133242865	2.629513446835779	-0.035099166535259574	-0.024654611547620577	-0.029471465458084448	-0.029741747846988197	2.984303169400706	2.4393158850132752	2.701711221554483	2.7084434253228213	0.13964343700933693	0.1098720405500513	0.1348391501410081	0.12811820923346545	0.48905521701504717
-139	TRUE	TRUE	TRUE	TRUE	50337	2.9463843755928303	2.4076903778125773	2.6621188533588676	2.672064535588091	2.909711308445808	2.38193952533814	2.632090910483348	2.641247248089099	-0.03667306984984002	-0.025750852711406973	-0.03002794290034817	-0.030817288487198388	2.9989263282743455	2.450935373902727	2.715752759032908	2.721871487069994	0.14175697388268874	0.11224084501809256	0.13729575300814872	0.13043119063631	0.5018525533976887
-138	TRUE	TRUE	TRUE	TRUE	50319	2.958182594922486	2.4167221211957823	2.6738374985160585	2.6829140715447752	2.919761232860648	2.3897172544288243	2.6419450948954153	2.6504745273949624	-0.03842136432832636	-0.027004868346806467	-0.031892401548102384	-0.0324395447410784	3.0103234943707333	2.4597040040251934	2.7270330150882223	2.7323535044947165	0.1427031614765457	0.1129686347398969	0.1382834354310708	0.13131841054917112	0.5294327786978353
-137	TRUE	TRUE	TRUE	TRUE	50313	2.9690317112909854	2.425083900941181	2.6838840308508107	2.692666547694326	2.929568335300838	2.3980086494877058	2.65192296844915	2.659833317745898	-0.03946337657024685	-0.02707525269141673	-0.03196106626895702	-0.0328332318435402	3.0209797109202023	2.4678253022130967	2.7368914385083256	2.7418988172138747	0.14335937362701465	0.11255805693818909	0.13797587931433258	0.13129776995984543	0.5210735200711115
-136	TRUE	TRUE	TRUE	TRUE	50304	2.9809799642065795	2.4345252890879174	2.6952850918979787	2.7035967817308255	2.9409679939287887	2.4067387199386556	2.6624890359984503	2.6700652499552984	-0.04001197340128108	-0.02778657020826513	-0.03279605891099673	-0.03353153417351431	3.0335697011971483	2.477275970399277	2.748478976438149	2.7531082160115248	0.14519144625725014	0.11328793186747026	0.13918382649950364	0.13255440154140802	0.5435505715178445
-135	TRUE	TRUE	TRUE	TRUE	50298	2.9915631340660935	2.44331544912526	2.705859598502289	2.7135793938978807	2.9514810632883375	2.415797628763728	2.6734749540511937	2.680251215367753	-0.04008207371738291	-0.02751782202704645	-0.03238464623884384	-0.03332818066109106	3.044878706261866	2.4870086150638837	2.759649486586844	2.7638456026375313	0.14671321685242134	0.1149041515868458	0.13996442062642522	0.1338605963552308	0.5611778005478597
-134	TRUE	TRUE	TRUE	TRUE	50286	3.002336154342239	2.451737710368997	2.7160901613376263	2.723388008682954	2.963248392286437	2.4250898875351643	2.684630776251891	2.690989685357831	-0.03908776206241295	-0.02664782258948899	-0.03145938545385399	-0.03239832336858531	3.0562833742267643	2.4960930687832033	2.770529730458574	2.774302057822847	0.14698220429141354	0.11535853860196216	0.14033852223160148	0.13422642170832572	0.5196973508724264
-133	TRUE	TRUE	TRUE	TRUE	50271	3.0122679478365924	2.459339705474365	2.7257593213299676	2.732455658213642	2.9729384439150643	2.430947763189186	2.6923462040593416	2.698744137054531	-0.03932950718883776	-0.028391941584213633	-0.03341311584381055	-0.03371152153895398	3.06636578482173	2.5027954445401233	2.7793407641463723	2.7828339978360748	0.14752517963321657	0.1153034190412546	0.14057600356558547	0.13446820074668553	0.5428938953154436
-132	TRUE	TRUE	TRUE	TRUE	50256	3.022502818926338	2.4675286652725754	2.735597003423265	2.741876162540726	2.9838239490593104	2.4397604550393543	2.7030848882543865	2.708889764117684	-0.038678871267364	-0.027768209452082176	-0.03251211552168054	-0.03298639874704224	3.076448681815808	2.511255947058788	2.7897032601626073	2.7924692963457343	0.1465705945333601	0.11522277472623792	0.1407246280836129	0.13417266578107032	0.5327192570587421
-131	TRUE	TRUE	TRUE	TRUE	50232	3.0344356369742944	2.476596028469428	2.746300256699779	2.752443974047834	2.992991778627911	2.447105539176337	2.71166360590486	2.717253641236369	-0.041443856677831056	-0.0294904873462304	-0.03463665227229751	-0.035190332098786324	3.087669652967053	2.519795195476618	2.7997245575082212	2.80239646865063	0.14791189041999123	0.1158888236442061	0.14148525233499373	0.1350953221330637	0.5567897148278989
-130	TRUE	TRUE	TRUE	TRUE	50220	3.0465618363940883	2.4864680004604556	2.7576274980138735	2.7635524449561393	3.0026425592700776	2.4562921924273655	2.72156200617336	2.726832252623601	-0.04391927824342209	-0.03017580891160818	-0.03606549476408489	-0.036720193973038384	3.099890920634609	2.5302035265584957	2.8114150553244044	2.81383650083917	0.15057744599541054	0.11764686143573878	0.14364060797293274	0.137288305134694	0.562688231231566
-129	TRUE	TRUE	TRUE	TRUE	50211	3.0600937043160785	2.496811724354616	2.7700484544709334	2.775651294380543	3.015060909172586	2.4648350696305044	2.7316844349749307	2.7371934712593404	-0.04503279353116387	-0.03197665559824995	-0.03836401883496235	-0.038457822654792057	3.112709786176735	2.5396113025197664	2.823149715130358	2.825156934608953	0.1502649576048197	0.11757581240501291	0.14456654304402028	0.1374691043512843	0.5665321149173101
-128	TRUE	TRUE	TRUE	TRUE	50181	3.0713281929422256	2.505374948070657	2.781450176757087	2.7860511059233235	3.0257754836151465	2.473800378608032	2.7442552437657164	2.7479437019962987	-0.04555271178987818	-0.03157457100520714	-0.03719493296027392	-0.038107405251786415	3.124088881048506	2.5485065656834354	2.835098974043627	2.835898140258523	0.151074087053244	0.11783780816975796	0.14449252547051566	0.13780147356450587	0.5883398095798074
-127	TRUE	TRUE	TRUE	TRUE	50169	3.081469932537958	2.513247405538564	2.7909331037970007	2.7952168139578406	3.034685352406819	2.480940861995767	2.753078676457375	2.756234963619987	-0.046784579111982555	-0.03230654495306664	-0.037854429384510134	-0.038981851149853114	3.134319822279227	2.5565492101903446	2.845360757614828	2.8454099300281332	0.15248436528221448	0.11891015332624644	0.1467097339015941	0.13936808417001836	0.5887237939154533
-126	TRUE	TRUE	TRUE	TRUE	50148	3.092598114325011	2.521872840660165	2.801587277421413	2.80535274413553	3.0471045485599237	2.490081527122926	2.763117188987293	2.766767754890048	-0.045493564630965176	-0.031791314763137256	-0.03847008849750766	-0.038584989297203366	3.1475147739239384	2.566097287285976	2.856321951797523	2.856644671002479	0.15532688571677494	0.1202402096509412	0.14793943727293257	0.14116884421354958	0.6085726848987485
-125	TRUE	TRUE	TRUE	TRUE	50127	3.10221119437577	2.5300046540355927	2.8112894504147836	2.814501766275382	3.0556400724801502	2.498124032023354	2.7732239271550414	2.7756626772195157	-0.046571118916478485	-0.031880621580663925	-0.038065523766723106	-0.03883908808795517	3.1563454962748008	2.574568815834525	2.866557181797563	2.865823831302297	0.1548397224660379	0.12100894556003376	0.14860098468664237	0.14148321757090468	0.6363955952108784
-124	TRUE	TRUE	TRUE	TRUE	50112	3.1127841906210465	2.5381194540746934	2.8211235563708623	2.824009067022201	3.0659359501718475	2.505535076351564	2.781951778061373	2.7844742681949284	-0.04684824417522792	-0.03258437708128858	-0.0391717804558904	-0.039534800570802296	3.167123644364704	2.5823581169238627	2.8760082090869625	2.87516332345851	0.15552714895468858	0.1210617042915199	0.1489410846817453	0.14184331264265126	0.6359077460057535
-123	TRUE	TRUE	TRUE	TRUE	50100	3.12290830623772	2.546035630340884	2.8312353779544455	2.8333931048443497	3.074519057082756	2.5113695681696875	2.7897685431058994	2.7918857227861147	-0.048389251698750885	-0.03466606279708586	-0.04146683454478584	-0.04150738301354086	3.1769402421437407	2.589710751940042	2.885038496883372	2.8838964969890517	0.1564531209193595	0.12201630512814804	0.1490730716201347	0.1425141658892141	0.6429595204225245
-122	TRUE	TRUE	TRUE	TRUE	50088	3.1335336938179057	2.5544722174198355	2.841330860210957	2.843112257149566	3.0850766880221987	2.5200569377687176	2.800236160330649	2.8017899287071883	-0.04845700418268448	-0.034415280060686886	-0.04109469984510873	-0.04132232802949337	3.1878430590098197	2.598195008001164	2.895469189113704	2.893835752041562	0.15707573663586136	0.12186086016496628	0.1493713577107521	0.1427693181705266	0.6344402244268643
-121	TRUE	TRUE	TRUE	TRUE	50064	3.145785939645508	2.564012740447851	2.852699596485067	2.8541660921928087	3.0961340192544013	2.5283822779375855	2.8119064985139977	2.8121409319019945	-0.049651921591888255	-0.035630461651432105	-0.040793096780883	-0.04202516000806779	3.200128697553139	2.6073103960492277	2.9070334521302046	2.904824181910857	0.1583374356655895	0.12222577221686076	0.14946081039649245	0.14334133942631422	0.624804768994456
-120	TRUE	TRUE	TRUE	TRUE	50034	3.1579523576193513	2.573639209349455	2.8640764815859736	2.865222682851593	3.1077159944640966	2.538287010264561	2.821799360288487	2.8226007883390483	-0.050236364770705026	-0.0353522023067224	-0.04227712197179537	-0.04262189634974093	3.2122410129832177	2.617712204051071	2.9186801521842063	2.9162111230728316	0.15881367494552395	0.12349818820356274	0.15148446243312105	0.14459877519406927	0.6320355560044421
-119	TRUE	TRUE	TRUE	TRUE	50010	3.169286710612964	2.582479261041674	2.874378277504063	2.8753814163862335	3.1176269224108872	2.5470409860829184	2.831078069286023	2.831915325926609	-0.05165978828933278	-0.03543827382157604	-0.043300209822071466	-0.04346609064432676	3.223161772882777	2.626683773410615	2.928503342508615	2.9261162962673355	0.1594099117561941	0.1238473014128834	0.1515503374478637	0.14493585020564706	0.6400482294146205
-118	TRUE	TRUE	TRUE	TRUE	49977	3.178967690099235	2.5900230218623803	2.8845172014801865	2.884502637813934	3.127173398079545	2.5547497152034677	2.8418001287845165	2.8412410806891764	-0.051794293800983555	-0.0352733065686377	-0.042717072980904464	-0.04326155778350858	3.23269804942617	2.634252321386049	2.939452236025957	2.9354675356127253	0.15925501083009713	0.1237319062894124	0.15258714409149124	0.14519135373700026	0.6703514018401006
-117	TRUE	TRUE	TRUE	TRUE	49968	3.1885854200830437	2.5974739686242323	2.893474856288748	2.893178081665341	3.138889411887307	2.563182104731201	2.852690945680711	2.8515874874330724	-0.04969600855874518	-0.03429186373369074	-0.040783912469273015	-0.04159059492056964	3.244180021738712	2.6425429460486267	2.9497356328648463	2.945486200217395	0.16088521125116145	0.12442981910610793	0.15330546245359106	0.14620683093695347	0.6760903581649353
-116	TRUE	TRUE	TRUE	TRUE	49950	3.198765912794911	2.6054571485976856	2.9033763561413215	2.902533139177973	3.1512718606098047	2.5731079806153745	2.8646983917429045	2.8630260776560283	-0.047494048989958064	-0.03234917008634907	-0.038677965965969674	-0.03950706168075894	3.2546976355072488	2.6513637337708142	2.960422656680686	2.9554946753195828	0.1593574962850962	0.1241623409168692	0.15277056813007103	0.14543013511067882	0.6880361563462049
-115	TRUE	TRUE	TRUE	TRUE	49932	3.2074879642244363	2.612795178989342	2.912550360300447	2.910944501171409	3.1569962747135225	2.5770975216637075	2.8697503421487993	2.8679480461753433	-0.05049168771047198	-0.03569765525609196	-0.042800017130607854	-0.042996453365723934	3.262226859991018	2.6572996457684144	2.9681750932780027	2.962567199679145	0.15996948027452698	0.1247065909106694	0.15404948338761093	0.1462418515242691	0.6985650081255752
-114	TRUE	TRUE	TRUE	TRUE	49905	3.2163718877925955	2.6197272881351092	2.9210829038728683	2.9190606932668577	3.1668826528897456	2.58546323611477	2.8803390944720357	2.87756166115885	-0.04948923421312811	-0.034264052513709946	-0.04074381370079873	-0.04149903347587893	3.2725239223379687	2.6648652017989334	2.977385826844814	2.9715916503272384	0.16179330319461718	0.12453988109153206	0.15334965887613933	0.14656094772076286	0.6995183051486399
-113	TRUE	TRUE	TRUE	TRUE	49872	3.2245682097078223	2.626386519085347	2.9296108901902578	2.926855206327809	3.1733443622402944	2.590673820955716	2.886994813437241	2.8836709988777502	-0.051223848246734906	-0.035712697465039314	-0.042616078892428834	-0.04318420820140102	3.2809647935335633	2.671370765684054	2.9854747316728245	2.9792700969634804	0.16401701529838306	0.12568119219716337	0.15434376048498308	0.14801398932684315	0.7201384140560328
-112	TRUE	TRUE	TRUE	TRUE	49851	3.2333873070140444	2.633625822698566	2.938618530360378	2.935210553357663	3.182302427147808	2.5978600535422274	2.8966457751895924	2.8922694186265425	-0.051084878646444565	-0.03576577006468841	-0.04197275561898376	-0.04294113477670558	3.289758818967121	2.6782253993421055	2.994297413047657	2.987427210452295	0.16382790236733344	0.1249649205037264	0.153330520672477	0.14737444784784562	0.7219345247810679
-111	TRUE	TRUE	TRUE	TRUE	49827	3.2429993807593043	2.640921801895896	2.947296051738963	2.943739078131388	3.1910063027411883	2.6050690930807883	2.904401387124265	2.9001589276487474	-0.05199308025590475	-0.035852711414961276	-0.04289466371953448	-0.043580151796800165	3.3004613135891816	2.686633538752792	3.0037637101841987	2.996952854175391	0.16691694469199184	0.12727618396320603	0.15582998146665958	0.15000770337395247	0.7193403571484152
-110	TRUE	TRUE	TRUE	TRUE	49815	3.2539015212928013	2.649828531362959	2.95765346802401	2.9537945068932565	3.2002906692504793	2.612645745175339	2.9128058722830694	2.9085807622362956	-0.05361085428971704	-0.03718278605042913	-0.04484759609811991	-0.04521374547942203	3.311676537781147	2.69525758997473	3.0139682973595003	3.006967475038459	0.16916088791412975	0.12804090377850666	0.1574772524883441	0.15155968139366016	0.7355695270605874
-109	TRUE	TRUE	TRUE	TRUE	49791	3.26512727248572	2.6583881152044944	2.9679698185278633	2.963828402072693	3.209195703945088	2.619930832713691	2.9221597913506607	2.9170954426698135	-0.05593156841120538	-0.038457283261870374	-0.04581002817517228	-0.04673295994941601	3.321709532806031	2.7029555733223156	3.023335367558347	3.016000157895565	0.16909608934017936	0.12759220156844542	0.15654112484122046	0.15107647191661508	0.737031933935732
-108	TRUE	TRUE	TRUE	TRUE	49761	3.2726132764861697	2.6643093606279664	2.976033295730399	2.9709853109481785	3.219577376575529	2.6270351017755575	2.931114712968355	2.9259090637731475	-0.05303589611761867	-0.03727425963348171	-0.0449185814766297	-0.04507624574257669	3.331479158492209	2.7105523318581533	3.0331284388995425	3.025053309749968	0.1707676628447002	0.1297602005869372	0.15910886940845909	0.15321224428003216	0.7781214802028188
-107	TRUE	TRUE	TRUE	TRUE	49752	3.2810598398958937	2.671024112899969	2.9840519243286177	2.9787119590414934	3.225789130491563	2.633278580684642	2.939563939782837	2.932877216986347	-0.05527070926738805	-0.03774553456393477	-0.04448798631399852	-0.045834743381773776	3.3395135567898593	2.717352960405455	3.042063178264994	3.032976565153436	0.17217814438761023	0.1304032291264317	0.16051049356964717	0.15436395569456304	0.7694744933849772
-106	TRUE	TRUE	TRUE	TRUE	49710	3.28909359464019	2.677461798147964	2.9919219434316284	2.9861591120732607	3.233681477766853	2.6394505248985753	2.9472250218072933	2.940119008157574	-0.05541211862749866	-0.03801127358094892	-0.04469692160510044	-0.046040104604516005	3.346836819072152	2.7234607550401524	3.0492575065415775	3.0398516935512943	0.1708985670905931	0.13000918739441783	0.1593680482420856	0.15342526757569885	0.782616777391507
-105	TRUE	TRUE	TRUE	TRUE	49701	3.297496361034499	2.68461342255727	3.0008012933500345	2.994303692313934	3.240481024537102	2.6451144234116817	2.9546477477690773	2.9467477319059534	-0.05701533601623946	-0.03949899894837442	-0.04615354464978226	-0.04755595987146538	3.3557131688052353	2.7308270447546383	3.0586587270425807	3.0483996468674843	0.17344895021298842	0.1319262430297875	0.16186841374812658	0.1557478689969675	0.8086831653725433
-104	TRUE	TRUE	TRUE	TRUE	49698	3.305264381239497	2.690773662381496	3.008769279561874	3.0016024410609563	3.2488388084873514	2.651694601231698	2.962067661455391	2.9542003570581468	-0.05642557269568338	-0.039079064264863114	-0.04670161837851201	-0.0474020851130195	3.3633645986885923	2.7367386458349734	3.0661802961422975	3.055427846888621	0.17262600847835854	0.13100903128254784	0.16152365099654528	0.15505289691915056	0.8035984547050317
-103	TRUE	TRUE	TRUE	TRUE	49683	3.3123862665504338	2.6967432658675468	3.016620364159522	3.008583298859168	3.256186044975056	2.658324578014778	2.9705895604044947	2.961700061131443	-0.05620022247049079	-0.03841868965537298	-0.04603080207201489	-0.04688323806595955	3.370670123459957	2.7430521361987816	3.0745045169608605	3.0627422588732	0.1727679356910785	0.1310364273720629	0.1617991094632844	0.1552011575088086	0.842505465267093
-102	TRUE	TRUE	TRUE	TRUE	49626	3.319328292488774	2.7024923333491424	3.0234015190845622	3.0150740483074925	3.2594762961271595	2.661189248775608	2.9746637480966385	2.965109764333135	-0.05985199538350617	-0.04130308140171299	-0.048737773727253984	-0.04996428350415772	3.3771493086567324	2.748632039495571	3.0818021549330212	3.0691945010284414	0.17549402836224332	0.1335824977370402	0.1655390436548239	0.1582051899180358	0.8205307101297928
-101	TRUE	TRUE	TRUE	TRUE	49578	3.327089128445194	2.7085475397401204	3.0306161467014516	3.0220842716289216	3.2711283909509947	2.6688829001619627	2.9842290388861312	2.974746776666363	-0.05596073895627348	-0.039664638319220326	-0.04638710556780927	-0.047337494281101025	3.3876063430548276	2.7559942005288587	3.090451647564935	3.0780173970495404	0.17699516617947106	0.13455795989970784	0.1660581090160005	0.15920374503172646	0.8223027945755446
-100	TRUE	TRUE	TRUE	TRUE	49545	3.337509017624844	2.7171211389486447	3.0406577613990646	3.0317626393241848	3.27855148504646	2.6762176030909055	2.9919753263254525	2.9822481381542727	-0.05895753218731098	-0.04090353364631203	-0.048682435323709014	-0.04951450038577734	3.396967136126012	2.7639420540815154	3.0997023970457693	3.086870529084432	0.1778737710034477	0.1345453660179261	0.16677170801832064	0.15973028167989817	0.8129576141697468
-99	TRUE	TRUE	TRUE	TRUE	49527	3.34733537069042	2.724665712543924	3.0497007979255057	3.04056729371995	3.2868505725109136	2.681607249895657	2.9983867231129455	2.9889481818398385	-0.060484797066639666	-0.043058463618309305	-0.05131407718123646	-0.05161911262206181	3.406534214659056	2.771090466342116	3.1082775319521097	3.095300737651094	0.17888248528824222	0.13590797158656404	0.16846754246281873	0.16108599977920834	0.8164569625823597
-98	TRUE	TRUE	TRUE	TRUE	49515	3.3549470174408507	2.7306092145505674	3.0579181949383356	3.0478248089765847	3.291830785428369	2.6869092141319895	3.005942625058671	2.9948942082063437	-0.06311623399460156	-0.043699999145850606	-0.051975571784479015	-0.052930601641643725	3.4133972095758547	2.776606323015611	3.1161799631791833	3.102061165256883	0.18001661579193257	0.13569421722319636	0.16849910657426076	0.16140331319646323	0.8361666142683568
-97	TRUE	TRUE	TRUE	TRUE	49485	3.3626506745444975	2.736740089993498	3.0656409768755695	3.055010580471188	3.298950864329837	2.6926968475728534	3.0123344884977636	3.001327400133485	-0.0636998116363363	-0.044043242217207075	-0.05330648845459431	-0.053683180769379224	3.4218874447611833	2.78357106547628	3.124185969457696	3.1098814932317196	0.1821733523516253	0.13770519196198897	0.17039647647568046	0.16342500692976492	0.8837729019811871
-96	TRUE	TRUE	TRUE	TRUE	49455	3.3704802214689784	2.7430761865635827	3.073273671838049	3.0622766932902032	3.3056507446180294	2.697656915806208	3.018507743407279	3.007271801277172	-0.06482947739189976	-0.04541926987179936	-0.05476592617402369	-0.0550048911459076	3.4293283741205705	2.789455291596578	3.131023503164346	3.1166023896271646	0.1825257839234133	0.13817748267694938	0.17026559090669804	0.1636562858356869	0.8756388229682004
-95	TRUE	TRUE	TRUE	TRUE	49428	3.3773568685008897	2.748963039349656	3.080773656609597	3.0690311881533807	3.310288662463897	2.701889804152138	3.0244491995303213	3.012209222048786	-0.06706820613918957	-0.04707323355849415	-0.05632445570537563	-0.05682196513435311	3.4362240303601785	2.7951134966890083	3.138485578778043	3.1232743686090765	0.1848025297051337	0.13937414827253636	0.17174830190459392	0.16530832662742131	0.906330782603414
-94	TRUE	TRUE	TRUE	TRUE	49401	3.383625218478455	2.7539322109031183	3.0872613877072093	3.0749396056962603	3.3168714951271814	2.7076962843994443	3.032461899703481	3.019009893076703	-0.06675372551919632	-0.04623592439646701	-0.0547994866891899	-0.05592971220161775	3.4436666901699557	2.8012511697704463	3.1467888697798787	3.1305689099067604	0.18683666594504897	0.14087384433969188	0.1738544493173785	0.16718831986737312	0.9441550360910288
-93	TRUE	TRUE	TRUE	TRUE	49389	3.3887514481377736	2.7584878969878734	3.0935267993205295	3.0802553814820586	3.318908889328238	2.709684494047839	3.034743274426258	3.0211122192674447	-0.06984256025032733	-0.04880340429040988	-0.0587835257817985	-0.059143163440845234	3.4470543242013627	2.80450224895842	3.1513493870123894	3.134301986724057	0.18644830837300963	0.14083210768831994	0.1744287035070437	0.16723637318945775	0.953421126314954
-92	TRUE	TRUE	TRUE	TRUE	49338	3.395199778624592	2.763473832234689	3.099837093321726	3.086170234727002	3.3281356823893815	2.7165579906946724	3.044686983214982	3.029793552099678	-0.06706409557999353	-0.04691584259414297	-0.0551501083735989	-0.056376682182578464	3.457169075676797	2.811790754005037	3.160595491094435	3.143185106925423	0.1910026902746648	0.14354968647033436	0.17666690423841336	0.17040642699447084	0.9678034778651547
-91	TRUE	TRUE	TRUE	TRUE	49320	3.4036637555329055	2.7699639510027407	3.108036909221089	3.093888205252245	3.3358701632457035	2.7218327316260784	3.051139336614846	3.036280743828876	-0.06779358913181212	-0.0481312194730311	-0.056897569101760345	-0.05760745923553452	3.4645060572579625	2.8174441962347587	3.168260655623114	3.150070303038612	0.18947819621338577	0.14309170834303198	0.177345066955405	0.16997165717060755	0.9630696466869922
-90	TRUE	TRUE	TRUE	TRUE	49272	3.4118266183768786	2.7765804131561542	3.1156825674818225	3.101363199671619	3.3419131126346837	2.7267285408652477	3.0563769371299507	3.041672863543294	-0.06991350731399726	-0.04985187400405621	-0.05930562876769559	-0.05969033669524968	3.4724750622433658	2.823569335032344	3.1754568699783325	3.1571670890846804	0.191210393705488	0.14382971785384344	0.17885423551853008	0.1712981156926205	0.9873083283022616
-89	TRUE	TRUE	TRUE	TRUE	49206	3.4201523925353263	2.783230704373743	3.1236956973306844	3.1090262647465847	3.348450534342491	2.73253861744121	3.062723398334526	3.0479041833727427	-0.07170185853823369	-0.0506920909778015	-0.06097229716758641	-0.06112208222787387	3.4810815773590424	2.830490689160379	3.182853957331645	3.164808741283689	0.19356022843455012	0.14521205850558477	0.17928881915197575	0.17268703536403687	0.9855490180392436
-88	TRUE	TRUE	TRUE	TRUE	49170	3.4263466687837463	2.787891723072565	3.130060809064832	3.114766400307047	3.351113057480829	2.735052511169272	3.0663091379171896	3.0508249021890963	-0.07523361285266583	-0.0528392144508567	-0.06375167290240084	-0.06394150006864112	3.485458328845689	2.8345207746932575	3.1882689972001232	3.1694160335796897	0.1934569335460296	0.14609731767005685	0.1801680495283851	0.17324076691482385	0.997648382597014
-87	TRUE	TRUE	TRUE	TRUE	49131	3.432760305776263	2.7930397133035822	3.1365148729896988	3.120771630689848	3.3574814886943267	2.741178000312078	3.073640738382556	3.0574334091296542	-0.07527881783693721	-0.05186171608881424	-0.06287414019424295	-0.0633382247066648	3.4932232276188357	2.8412965285332747	3.19666718416796	3.1770623134400235	0.19620466034281467	0.1483753432341487	0.1831787608309607	0.1759195881359747	1.0092540129702876
-86	TRUE	TRUE	TRUE	TRUE	49113	3.4394796706283812	2.7987207495922366	3.143517084693477	3.1272391683046985	3.361308946903764	2.743689121168602	3.0774988160627035	3.06083229471169	-0.07817072195079502	-0.05503162995163065	-0.06601826988767952	-0.06640687393003507	3.498864218037125	2.845534710454751	3.2023099038143856	3.1822362774354205	0.19693981968468088	0.14865955121803526	0.18360390680636632	0.17640109256969416	1.0607059431955588
-85	TRUE	TRUE	TRUE	TRUE	49065	3.4452946846411936	2.8037163406091308	3.149862245080216	3.1329577567768467	3.368528503365043	2.7490660979843153	3.08400724894467	3.067200616764676	-0.07676617900330761	-0.054650242710560425	-0.06585499931717011	-0.06575714034367937	3.5065921679232077	2.8507597662717035	3.208992630977048	3.188781521723986	0.1993611485230262	0.14873709565372678	0.18411576755783085	0.1774046705781946	1.068549556685183
-84	TRUE	TRUE	TRUE	TRUE	49044	3.450291087401685	2.8078461197956956	3.1549407114242696	3.1376926395405502	3.372012551208152	2.752886415362968	3.090327561725998	3.07174217609904	-0.078278538504791	-0.0549597082442236	-0.06461314971119536	-0.06595046548673665	3.511266319553314	2.8550119821040987	3.214570029250748	3.1936161103027203	0.20022900187056908	0.14929143130455663	0.18387178720148975	0.17779740679220518	1.098795082025005
-83	TRUE	TRUE	TRUE	TRUE	49005	3.4545172847910126	2.8115742422015892	3.160167014396208	3.1420861804629365	3.377087018766529	2.75759229146121	3.095461699603157	3.0767136699436324	-0.07743026520597743	-0.05398195231747041	-0.06470531270054221	-0.06537251007466335	3.516231489521505	2.8594302220156615	3.220137887576707	3.198599866371291	0.20085867519706044	0.14969391176173513	0.1846470638160955	0.17839988359163034	1.1098009183457538
-82	TRUE	TRUE	TRUE	TRUE	48957	3.459639272927008	2.8159984946301444	3.165837435130316	3.147158400895823	3.3823370565290407	2.761533783647016	3.1027763593421493	3.082215733172735	-0.07730221394692326	-0.054464711950135386	-0.06306107487117059	-0.06494266692274307	3.520928002367979	2.863525105627345	3.2259483668023505	3.2034671582658913	0.1998796755555317	0.1495179333435113	0.18328294081218804	0.177560183237077	1.0663149701431252
-81	TRUE	TRUE	TRUE	TRUE	48909	3.4659267957687363	2.8206190696510056	3.171804118786139	3.152783328068627	3.388273124455169	2.7662338394616617	3.1088934306173432	3.087800131511391	-0.07765366723704548	-0.05438523075888704	-0.0629106873039047	-0.06498319509994574	3.5282573842730645	2.8689278966388776	3.2326662814251654	3.2099505207790355	0.2023148470588048	0.15100288594015226	0.1846350131452757	0.1793175820480776	1.0891903323778431
-80	TRUE	TRUE	TRUE	TRUE	48879	3.4725251381920295	2.826406975720328	3.1785504493055714	3.1591608544059766	3.393967399140706	2.771267147706606	3.1149716375159615	3.0934020614544244	-0.07855773958185536	-0.055139827271006234	-0.06357881065992763	-0.06575879250426307	3.5333628739195344	2.874143525028119	3.2387019299086153	3.2154027762854227	0.200233211671375	0.1506129242562302	0.18388177402407432	0.1782426366505598	1.0953476952901844
-79	TRUE	TRUE	TRUE	TRUE	48834	3.478583919709328	2.8312254352412265	3.1846535390489645	3.164820964666506	3.3972738966009177	2.7736093234297616	3.11813310015102	3.0963387733939	-0.08131002266368634	-0.057616112671712114	-0.06652043779563246	-0.06848219104367698	3.5390729811994355	2.878216116981332	3.244111780114664	3.22046695943181	0.20228814807280407	0.15159747458889378	0.18543692299437636	0.17977418188535807	1.1101987347953997
-78	TRUE	TRUE	TRUE	TRUE	48786	3.48370301020938	2.8351148095991854	3.189986053607751	3.1696012911387723	3.4002707941343853	2.7756931606158166	3.1216822961516444	3.099215416967282	-0.08343221689327365	-0.05942164633331985	-0.06830375940562901	-0.07038587421074084	3.545028236337508	2.8824492478480206	3.249946464490749	3.2258079828920923	0.206082672989636	0.15409052809008483	0.18822458075074733	0.18279926061015608	1.1423877740855677
-77	TRUE	TRUE	TRUE	TRUE	48729	3.4883800230635633	2.8390755754120236	3.1947919119667483	3.1740825034807783	3.399279369112692	2.775799612728528	3.121957502210189	3.0990121613504695	-0.08910065250648981	-0.06327596417420316	-0.07283441261139403	-0.07507034309736234	3.5490789019492657	2.8862530237478548	3.2542744414547156	3.2298687890506117	0.2104984105973333	0.15763085873981494	0.19179947197534053	0.18664291377082956	1.159421103767009
-76	TRUE	TRUE	TRUE	TRUE	48678	3.4927544286208785	2.8428862858232677	3.1996467933282635	3.17842916925747	3.400006775400892	2.778117242470638	3.1242632302442432	3.1007957493719243	-0.0927476532523133	-0.06476904535676868	-0.07538356180594208	-0.07763342013834135	3.5527131939025676	2.8897886968405175	3.258146516075907	3.2335494689396636	0.21266518347284297	0.1585738672481028	0.19238300808013983	0.18787401960036185	1.1824273387632795
-75	TRUE	TRUE	TRUE	TRUE	48630	3.497187275668855	2.8469158710806663	3.2048410773539193	3.18298140803448	3.404033914629371	2.7805002655189996	3.1280491468642473	3.1041944423375396	-0.09315336093659704	-0.06641560626500224	-0.07679193243541066	-0.07878696654566998	3.557498247504868	2.8940266261300645	3.2641045788529253	3.238543150829286	0.21377530779534892	0.1606371165470849	0.19531893535604392	0.1899104532328259	1.2323224561407882
-74	TRUE	TRUE	TRUE	TRUE	48573	3.500411905572959	2.8498367015372428	3.208366295205393	3.1862049674385315	3.4063979177519905	2.783384365907564	3.131473494204254	3.107085259287936	-0.09401398610277578	-0.06645233935877054	-0.07689280204749077	-0.07911970916967903	3.561690339691053	2.8972929089902877	3.267931521425806	3.2423049233690486	0.2165708556220503	0.16136475242558315	0.1960232557344918	0.1913196212607084	1.228984189066839
-73	TRUE	TRUE	TRUE	TRUE	48525	3.502445767108336	2.8522294927841725	3.211885600340162	3.188853620077557	3.4033603507871764	2.7821274300170806	3.130260432800992	3.1052494045350834	-0.0990854170900536	-0.07010206452183791	-0.08162516908114752	-0.08360421689767968	3.561238134979393	2.8976977554340113	3.269045249780417	3.2426603800646068	0.21667015257087985	0.16103859048769	0.19594446774072896	0.1912177369330996	1.2482511274790438
-72	TRUE	TRUE	TRUE	TRUE	48483	3.5066284914415333	2.8556639974459936	3.2164056301625723	3.1928993730167	3.4107541672797086	2.788810823224644	3.137530472263838	3.1123651542560635	-0.09587432516411996	-0.06685317347657864	-0.07887515580916486	-0.08053421814995448	3.567273936357493	2.903021340012363	3.2752066665874877	3.248500647652448	0.21716521481405993	0.16156786267173504	0.19647723052144989	0.1917367693357483	1.2510223995429526
-71	TRUE	TRUE	TRUE	TRUE	48444	3.5099896073783308	2.858415388250315	3.2201476856975435	3.19618422710873	3.415043424393073	2.791495988423386	3.1416137285476116	3.1160510471213567	-0.09494618208633417	-0.06691940059547936	-0.07853395721713817	-0.08013317996631723	3.570493111443831	2.9050009948152833	3.2781554444034047	3.251216516887506	0.21595318844704064	0.16009061418040182	0.1945494734230889	0.19019775868351044	1.221107009928697
-70	TRUE	TRUE	TRUE	TRUE	48384	3.5149537144149243	2.8631054274467127	3.225554227591673	3.2012044564844366	3.418152636500619	2.7957482819234687	3.1480067099386084	3.120635876120899	-0.09680107689707698	-0.06735714554372922	-0.07754752079136534	-0.08056858107739051	3.575451683727154	2.9100404002559253	3.2845018833641597	3.256664655782413	0.2177970209247177	0.16122709013397643	0.19544283327164289	0.19148898144344564	1.2236437244539031
-69	TRUE	TRUE	TRUE	TRUE	48336	3.5188234872725417	2.8663427743678853	3.2298224321825586	3.204996231274329	3.4215330895668656	2.7982805188927324	3.151287818192107	3.1237004755505686	-0.0972903954849624	-0.06806225615041571	-0.07853461422365503	-0.08129575528634439	3.58080696170074	2.9136757096760024	3.289290743889316	3.261257805088686	0.2212573459226724	0.1627281262416222	0.19747123516657017	0.19381890244362157	1.2374981987923417
-68	TRUE	TRUE	TRUE	TRUE	48276	3.5222000156397324	2.868993965640553	3.2336377528204	3.208277244700229	3.4189095630134347	2.796831997865382	3.15037502808137	3.1220388629867286	-0.1032904541824066	-0.07216197141263868	-0.08326272595887742	-0.08623838385130757	3.5827145617021827	2.915564344478113	3.292079898675321	3.2634529349518724	0.22431954547147984	0.16530272453719416	0.20014701429455867	0.19658976143441087	1.2749830968713156
-67	TRUE	TRUE	TRUE	TRUE	48222	3.523999576176998	2.8706875473037377	3.2359365499314943	3.21020789113741	3.416100337382152	2.7963847988502013	3.15003979795433	3.1208416447288942	-0.10789924139344884	-0.07430275192780506	-0.08589675096518908	-0.08936624809548101	3.585642405247544	2.9182174773982847	3.295687153015604	3.2665156785538114	0.2311849016029474	0.1693626085368852	0.20539795427358143	0.201981821471138	1.309792273423943
-66	TRUE	TRUE	TRUE	TRUE	48159	3.5259971264393353	2.873022996264637	3.239210720071301	3.2127436142584247	3.4153688788151797	2.7965317112811268	3.150422462557416	3.1207743508845738	-0.110628243471095	-0.07649128418186465	-0.08878825951675101	-0.09196926238990356	3.5857581737266124	2.919222412850885	3.2971861296433502	3.26738890540695	0.2301503408323575	0.16889011842957716	0.20473907826885837	0.20125984584359768	1.3363681538944685
-65	TRUE	TRUE	TRUE	TRUE	48099	3.527622895351312	2.8750713856710637	3.2422492394563736	3.214981173492917	3.41424116097141	2.7968387215825237	3.152674515728556	3.1212514660941633	-0.11338174023244882	-0.07823266632545758	-0.0895747238701255	-0.0937297101426773	3.589372851980577	2.9224867224398876	3.3022921568826833	3.2713839104343823	0.2368816492198975	0.17306333637121252	0.20966056038156297	0.206535181990891	1.3709506632627857
-64	TRUE	TRUE	TRUE	TRUE	48018	3.528719693673913	2.875739436204985	3.242656585461137	3.2157052384466787	3.410254357133003	2.7935627536745726	3.149600797104154	3.11780596930391	-0.11846533994461822	-0.08217668395044915	-0.09305578986011132	-0.09789927125172623	3.587011936705738	2.921009136305676	3.301124223435386	3.2697150988156	0.23504982374268957	0.17271608318076975	0.2099910660853264	0.2059189910029286	1.385247156247442
-63	TRUE	TRUE	TRUE	TRUE	47958	3.528915550292681	2.8763779494325696	3.2440324014336586	3.21644196705297	3.4086034564612473	2.793303110712103	3.148232229128751	3.1167129321007008	-0.12031209624701414	-0.08307483852505484	-0.09580017339225286	-0.09972903605477394	3.587662181514607	2.9217692730879876	3.3015619782817813	3.270331144294792	0.23780535737008257	0.1738574850307945	0.21085932484689957	0.20750738908259217	1.3997009873204749
-62	TRUE	TRUE	TRUE	TRUE	47868	3.529510182304666	2.8772039240169867	3.245368180528204	3.2173607622832856	3.4108833433864936	2.7958184010678737	3.1521863290524332	3.1196293578356005	-0.11862683838202635	-0.08138552522690079	-0.09318185116180094	-0.09773140492357604	3.5896596219824124	2.924125362735375	3.304670552938011	3.272818512551933	0.2389257168293051	0.17522840134231438	0.21178659895260996	0.2086469057080765	1.378024064894193
-61	TRUE	TRUE	TRUE	TRUE	47793	3.5310449198170346	2.8785622318458977	3.2474290735944127	3.2190120750857822	3.412199399342674	2.7965039486534087	3.1522723191665167	3.120325222387533	-0.11884552050533448	-0.08205828329612883	-0.0951567559887511	-0.0986868532634048	3.591163489438875	2.9250367029663935	3.3057074974767997	3.2739692299606897	0.23908266260165392	0.17500722677415664	0.21171360090033783	0.2086011634253828	1.413399283125301
-60	TRUE	TRUE	TRUE	TRUE	47730	3.533498330281676	2.8810628664752715	3.2503241798377203	3.2216284588648896	3.4171724114415936	2.800766539733125	3.1574659621146273	3.1251349710964487	-0.1163259207997904	-0.08029632530236372	-0.09285821831915804	-0.09649348814043736	3.594292376342109	2.9278656689333404	3.309309063419706	3.2771557028983853	0.23791401098939377	0.17390192823548853	0.21082798644923645	0.20754797522470625	1.395975612515527
-59	TRUE	TRUE	TRUE	TRUE	47667	3.5337542863423774	2.881985438928872	3.251770258468999	3.222503327913416	3.418610120418289	2.8022607815594363	3.158661048781363	3.1265106502530293	-0.11514416571808345	-0.07972465565455603	-0.09310921010678631	-0.0959926771598086	3.594730040053415	2.9288820155144433	3.310501855994164	3.2780379705206744	0.23709567566373743	0.17351781195078386	0.21057240646565625	0.20706196469339253	1.3795041847497074
-58	TRUE	TRUE	TRUE	TRUE	47607	3.5346346173135017	2.8821447613212867	3.2526761640598427	3.223151847564877	3.4178933538747587	2.8012053943667907	3.1582262982774676	3.125775015506339	-0.1167412647872683	-0.08093936403355964	-0.09444986553637656	-0.09737683145240147	3.5958329706937056	2.9292916666785445	3.3117273853103293	3.2789506742275267	0.23913797107184603	0.1752331772533235	0.21255230702507855	0.20897448511674935	1.3924182991077847
-57	TRUE	TRUE	TRUE	TRUE	47535	3.534031768110614	2.8822968863264005	3.253105462125488	3.223144705520834	3.4109522522799245	2.796321398147032	3.1519088473763315	3.119727499267763	-0.12307951688652588	-0.0859754891463829	-0.10119661574113643	-0.10341720725801506	3.594183741207488	2.9279691926572187	3.310254490157948	3.2774691413408847	0.2433834631856757	0.17732010012269833	0.21549467009075696	0.21206607779971032	1.4341522229473838
-56	TRUE	TRUE	TRUE	TRUE	47466	3.533387150116076	2.8824874426780434	3.2535998431735083	3.223158145322542	3.4064815495753207	2.793504180939154	3.149349391478297	3.116445040664257	-0.12690559988485572	-0.08898326319034135	-0.10425045018517376	-0.1067131044201236	3.593170060958034	2.9288726614865133	3.311914793616146	3.277985838686898	0.24647142301393857	0.18175370042185268	0.2208803516491248	0.216368491694972	1.4724246611491587
-55	TRUE	TRUE	TRUE	TRUE	47337	3.5323004129805313	2.882471862096673	3.254135299705059	3.2229691915940877	3.3987448854151494	2.789212134023932	3.14562401837321	3.1111936792707637	-0.13355552993750186	-0.09325972876583716	-0.1085112850426964	-0.1117755145820118	3.5914773055348777	2.928220153847879	3.312574314404551	3.2774239245957695	0.2519093137660961	0.1847563142310207	0.22538931154210953	0.2206849798464088	1.4769877048360749
-54	TRUE	TRUE	TRUE	TRUE	47250	3.53112174735169	2.881726817618654	3.253494945871283	3.222114503613876	3.397255238516005	2.786702397153648	3.142891753182591	3.1089497962840813	-0.1338665072871155	-0.09502442184936452	-0.11060319572356128	-0.11316470828668045	3.5908725661213907	2.927729516898312	3.311635079226333	3.276745720748678	0.25336814368228383	0.1870298193072636	0.22688346134542736	0.2224271414449916	1.5149841270453652
-53	TRUE	TRUE	TRUE	TRUE	47151	3.5270996734217377	2.8792197655435112	3.251256311257382	3.219191916740877	3.3869173519302382	2.7798947039860673	3.1357525217887035	3.100854859235003	-0.1401823240203371	-0.09932506205894635	-0.11550379071306648	-0.11833705893078332	3.585859962180709	2.9247494352735286	3.308904564780208	3.273171320744815	0.2577029035773626	0.19038440207405033	0.2308002967824528	0.22629586747795524	1.535949226386236
-52	TRUE	TRUE	TRUE	TRUE	47046	3.5260629000947614	2.8785883405003787	3.250869840652338	3.218507027082493	3.3855676353951556	2.778516978018377	3.133516880017213	3.0992004978102483	-0.14049526939545148	-0.10007135983494482	-0.11735296255576272	-0.11930653059538636	3.584655924275393	2.924355916403651	3.308131103142234	3.2723809812737588	0.2576813167022283	0.1916065153798975	0.23187548850545975	0.22705444019586185	1.537901031469222
-51	TRUE	TRUE	TRUE	TRUE	46956	3.5245206044884547	2.877227495397374	3.249779360809439	3.217175820231756	3.3790797146989187	2.7729614910137124	3.1288201577172585	3.09362045447663	-0.1454408905040715	-0.10426600746046324	-0.1209592018236097	-0.12355536659604814	3.5828097590859853	2.9224974230689567	3.307029540164923	3.2707789074399547	0.2620192000836441	0.19480585952454388	0.2354595629427847	0.23076154085032424	1.563397009609992
-50	TRUE	TRUE	TRUE	TRUE	46860	3.525469916458201	2.8785351299914916	3.2514745101189333	3.218493185522875	3.3740776702159607	2.770242099112524	3.126059425152669	3.090126398160385	-0.15139224618148558	-0.1082930301161774	-0.1254150826585156	-0.12836678631872617	3.5830119273540286	2.9230269544827663	3.307434397450032	3.2711577597622754	0.266476268965401	0.19727668054015063	0.23733486082277255	0.2336959367761081	1.5506709993791497
-49	TRUE	TRUE	TRUE	TRUE	46749	3.5220968841868996	2.876396765076689	3.249325055917815	3.215939568393801	3.360491618343202	2.76221416100137	3.1176773898459618	3.0801277230635113	-0.1616052694703536	-0.11418260525862164	-0.13164766497534724	-0.1358118465681075	3.579041269718524	2.920787364270729	3.304950599455644	3.2682597444816324	0.27549403896092206	0.20296380063396305	0.24289875361717336	0.2404521977373528	1.6006242053495243
-48	TRUE	TRUE	TRUE	TRUE	46596	3.5181319981149795	2.873472496430861	3.2467825656340774	3.2127956867266394	3.350778585817669	2.7560331761458	3.11226789540312	3.07302655245553	-0.16735341195816045	-0.11743931955610688	-0.13451467016650928	-0.1397691338935922	3.5766006112871285	2.918467634995656	3.303563504362994	3.266210583548593	0.28429063886857603	0.20742959536666328	0.24807654802700452	0.2465989274207479	1.638891127928595
-47	TRUE	TRUE	TRUE	TRUE	46497	3.5145184936795437	2.8715404545607384	3.2448710370435543	3.210309995094612	3.3353264541601	2.747357830463659	3.101231021490568	3.061305102038109	-0.17919204015206636	-0.12418262260859622	-0.14364001353839506	-0.14900489209968587	3.57127847088244	2.9159264919325696	3.300364471130691	3.2625231446485667	0.2927119953725286	0.2129546953321418	0.2546268801964176	0.2534311903003627	1.7240572939011558
-46	TRUE	TRUE	TRUE	TRUE	46389	3.511228606151762	2.8696054661542556	3.243295335906131	3.2080431360707165	3.321353302405155	2.738089046236949	3.0917691893907016	3.0504038460109353	-0.1898753020307306	-0.1315164262044917	-0.15152614686060847	-0.15763929169861027	3.568055308935134	2.913634875720081	3.2989687159394325	3.2602196335315488	0.30352870861172565	0.21957524018157923	0.2628729071370208	0.26199228531010854	1.7864736456884434
-45	TRUE	TRUE	TRUE	TRUE	46302	3.5065332513142193	2.86734622021204	3.2413176177729173	3.2050656964330595	3.315338140576866	2.73426929780572	3.0880431149138188	3.0458835177654686	-0.19119511356461277	-0.1330769221817358	-0.1532745011673771	-0.15918217897124187	3.5638046262808136	2.910997082936983	3.2969832979731795	3.2572616690636584	0.30573786401675535	0.22037864785448755	0.26460586362786076	0.2635741251663679	1.8327218465540085
-44	TRUE	TRUE	TRUE	TRUE	46179	3.501042168347551	2.863619107272461	3.237837173080888	3.200832816233634	3.310033085966779	2.7305248271678613	3.084423279752206	3.0416603976289487	-0.1910090830700099	-0.13309428008964705	-0.15341389493726873	-0.15917241936564192	3.55634783660216	2.9065747182799573	3.292888478962558	3.2519370112815587	0.3016204201398682	0.21900549995279212	0.26351650609686417	0.2613808087298415	1.80047553938973
-43	TRUE	TRUE	TRUE	TRUE	46023	3.4969125163397745	2.860584736886749	3.2348428440561863	3.1974466990942365	3.3201267642109435	2.7377987153266155	3.0925408690031126	3.050155449513557	-0.17678575378739317	-0.12278601942692836	-0.1423019748884146	-0.1472912493675787	3.5540334856071834	2.90483163291017	3.2911164202041427	3.249993846240499	0.29102769253432864	0.2112798128529157	0.25484912669809645	0.25238554402844693	1.793226777169811
-42	TRUE	TRUE	TRUE	TRUE	45885	3.4917942777133333	2.856926018030845	3.230876967881559	3.193199087875246	3.3288358921850256	2.7438502437300936	3.099387198717318	3.0573577782108123	-0.1629583838935481	-0.11307577215100276	-0.1314897681010807	-0.13584130804854386	3.5501192848745857	2.9019792937488735	3.2876526524099567	3.2465837436778053	0.2796083996651004	0.2031823284971351	0.24504113909053055	0.24261062241758868	1.7487388034722526
-41	TRUE	TRUE	TRUE	TRUE	45750	3.487614180575751	2.853989824046301	3.2276395304775627	3.189747845033205	3.341511207800866	2.7531239948806667	3.111523075802325	3.0687194261612856	-0.14610297693015298	-0.100865827710914	-0.11611644925300955	-0.1210284179646922	3.54662306957551	2.8994588763776923	3.285423714671701	3.243835220208301	0.2641207532721124	0.19180393223717712	0.23168482405746055	0.2292031698555834	1.6349516059568103
-40	TRUE	TRUE	TRUE	TRUE	45606	3.484710961707635	2.8524625816387807	3.2255661601228756	3.1875799011564308	3.3569733889166415	2.7640388697953733	3.1230049530610224	3.0813390705910124	-0.12773756889459192	-0.08842371032970191	-0.10256120828026066	-0.10624082916818484	3.544969942261452	2.898858163525603	3.2840550452364337	3.2426277170078293	0.2482555351533589	0.1812148765418461	0.2195389789510243	0.2163364635487431	1.536355085101668
-39	TRUE	TRUE	TRUE	TRUE	45462	3.479168635700837	2.8492209957704335	3.2221455297491004	3.1835117204067904	3.367273983101251	2.7721491838055163	3.131716498922552	3.090379888609773	-0.11189465126972142	-0.07707181317095989	-0.09042903163089236	-0.09313183202385789	3.540340707614603	2.896411398603244	3.281893924720322	3.2395486769793895	0.2342387960452433	0.17145261842359452	0.20992581910751032	0.2052057445254494	1.4495355023152954
-38	TRUE	TRUE	TRUE	TRUE	45339	3.473247295682437	2.8447838607434375	3.217167563364616	3.1783995732634964	3.37367088225738	2.776570155474274	3.135411760573359	3.0952175994350046	-0.09957641292048187	-0.06821370522262869	-0.08175580519525091	-0.0831819744461205	3.535290701311057	2.8932872576321436	3.2775359764847862	3.235371311809329	0.22366322671825825	0.16522049903132544	0.20249263050619148	0.1971254520852584	1.3874167919481906
-37	TRUE	TRUE	TRUE	TRUE	45231	3.467644215970655	2.841455615162708	3.2137343781034855	3.174278069745616	3.382646914978751	2.7820151103348274	3.1401655961336337	3.10160920714907	-0.0849973008898566	-0.05944050756776428	-0.07356878240012116	-0.07266886361924735	3.53076054742178	2.889834478595809	3.273972496247316	3.231522507421635	0.21122996614630157	0.15619823309772235	0.1940450184336801	0.18715773922590132	1.3302643103236418
-36	TRUE	TRUE	TRUE	TRUE	45096	3.4594460688387207	2.83587628724527	3.207984657788139	3.1677690046240428	3.3780863954158487	2.7782194999976486	3.1349604553145434	3.097088783576014	-0.08135967198781495	-0.057656786753700846	-0.07302420353592072	-0.0706802207591455	3.52229542794649	2.88421795055568	3.268440303732628	3.2249845607449332	0.2070583927238296	0.15434011414699766	0.19393549550996528	0.18511133412693084	1.3079540318811742
-35	TRUE	TRUE	TRUE	TRUE	44958	3.4509923937361267	2.8302509606541197	3.2020423336815265	3.161095229357257	3.3721453441028193	2.775198962944914	3.132484472042587	3.0932762596967738	-0.07884705038807166	-0.05505199660247689	-0.06955786296510508	-0.06781896998521787	3.51383206613399	2.8783831700758213	3.2624965171761273	3.2182372511286466	0.20452639611973128	0.15131641465219364	0.19046623021642473	0.1821030136627832	1.3050541836410987
-34	TRUE	TRUE	TRUE	TRUE	44832	3.444052252079834	2.8256367942538385	3.196907705598812	3.1555322506441614	3.3672711755841997	2.773078719747776	3.130317550704012	3.090222482011996	-0.07678107695143292	-0.05255807620504061	-0.06659015407010051	-0.06530976907552469	3.5075017476995662	2.874544913418362	3.2589787580758216	3.2136751397312495	0.203680066348539	0.15037431496664505	0.19073225898221224	0.18159554676579875	1.3367295895689084
-33	TRUE	TRUE	TRUE	TRUE	44673	3.4356371504342635	2.8200748221157763	3.1904839763765542	3.1487319829755314	3.359444069653683	2.7665440069156464	3.123090197428823	3.0830260913327177	-0.07619307802234589	-0.053530816878580446	-0.06739377735500475	-0.06570589075197703	3.500470246954477	2.8680508837256298	3.252087297411411	3.2068694760305063	0.20585927413727717	0.14948294009417348	0.190600422635477	0.18198087895564255	1.420473103603494
-32	TRUE	TRUE	TRUE	TRUE	44484	3.427851038997315	2.814294382765852	3.1847659574714213	3.142303793078196	3.350676056861131	2.7604536875653753	3.1179420600095495	3.076357268145352	-0.07717498168767441	-0.05384069741857337	-0.06682389940860362	-0.06594652617161713	3.4933373123212483	2.863176070372179	3.247778943340541	3.2014307753446563	0.2081475281230532	0.151604070869889	0.19284987228464745	0.1842004904258632	1.491813057184597
-31	TRUE	TRUE	TRUE	TRUE	44295	3.42101473596442	2.8090644669762876	3.1794287324066075	3.1365026451157716	3.3404587216618387	2.7521260041931983	3.1065346831794356	3.066373136344824	-0.08055601560243988	-0.05693846274599065	-0.07289404793779204	-0.07012950876207419	3.487344973928809	2.8581566654149686	3.2416837411419595	3.1957284601619125	0.21321649130053028	0.15512285948935955	0.19740406808503855	0.1885811396249761	1.5745330170907008
-30	TRUE	TRUE	TRUE	TRUE	44109	3.412835840235897	2.803690326318532	3.173040430758219	3.129855532437549	3.3255788953598806	2.7426580126528974	3.093476764991456	3.0539045576680777	-0.08725694198871282	-0.06103231366147546	-0.07956366462952406	-0.07595097342657078	3.478027675552485	2.852412128712486	3.2341168715401176	3.1881855586016963	0.21764061654060193	0.15847591785547585	0.20171654918932536	0.19261102786180104	1.6707132550164343
-29	TRUE	TRUE	TRUE	TRUE	43923	3.4053449278535184	2.79841131124755	3.1678053176993313	3.1238538522668	3.3133472396059407	2.73311985189609	3.0801988061261687	3.0422219658760667	-0.0919976902780034	-0.06529146150225106	-0.08760651148398665	-0.08163188775474704	3.4698504308445712	2.8464648180461376	3.2268058930517243	3.181040380647478	0.22100869875894635	0.16139847400918172	0.20560766204843295	0.19600494493885368	1.7662288769272951
-28	TRUE	TRUE	TRUE	TRUE	43716	3.396320922051228	2.7912524640363747	3.1594591787796658	3.1156775216224224	3.29927432581763	2.7223130638955686	3.0655131642736086	3.0290335179956025	-0.0970465936623852	-0.06893939953857182	-0.0939460147736238	-0.08664400265819362	3.459377478223707	2.8382744542447305	3.2169073116631055	3.1715197480438477	0.22315970952136768	0.16298338102497725	0.20884228272787597	0.19832845775807365	1.813495058096764
-27	TRUE	TRUE	TRUE	TRUE	43485	3.3856161142437946	2.7836353504437876	3.149771448139977	3.1063409709425196	3.2905521203227264	2.7170602221661797	3.0578022951868644	3.0218048792252565	-0.09506399140351302	-0.06657513022300224	-0.09196915483986054	-0.0845360921554586	3.4475704536735803	2.8312775821569605	3.2071300753278935	3.161992703719478	0.21897267497600975	0.1618595888072998	0.2066864071308414	0.1958395569713837	1.7952829237753545
-26	TRUE	TRUE	TRUE	TRUE	43278	3.374144418999438	2.7759993484044796	3.141163270875808	3.0971023460932416	3.2777300220224	2.7078638049192585	3.046445997468493	3.0106799414700505	-0.09641439947417184	-0.06813554512278965	-0.09471727161262986	-0.08642240540319712	3.434793098911282	2.822764679150172	3.1981469630554957	3.151901580372316	0.2177117598967427	0.16166620370602228	0.2086846571379748	0.1960208735802466	1.763903230366671
-25	TRUE	TRUE	TRUE	TRUE	43104	3.363106898890378	2.7683735119756436	3.132691834174172	3.088057415013398	3.266097594256975	2.7005069218559896	3.0403603129652814	3.002321609692749	-0.09700930221358987	-0.067866587936663	-0.09233152351168931	-0.08573580455398074	3.4237540424609705	2.816192994593187	3.1925936522874823	3.144180229780547	0.2183035938572846	0.16350555359846683	0.2121351592448446	0.19798143556686532	1.8016480353233577
-24	TRUE	TRUE	TRUE	TRUE	42948	3.353453908931138	2.761462039687246	3.1241489061048404	3.0796882849077414	3.254450546998979	2.691060629974067	3.028924047635822	2.9914784082029557	-0.09900335856639764	-0.07040141115657124	-0.09522485798157142	-0.08820987590151344	3.415714427572956	2.8104863590810187	3.185827777149027	3.1373428546010005	0.2235243970697456	0.1684500498335418	0.21858260131815077	0.2035190160738127	1.757948239515731
-23	TRUE	TRUE	TRUE	TRUE	42756	3.341585312104748	2.7527432675045187	3.1134917954519534	3.06927345835374	3.238294562950825	2.679536279992719	3.014843044566424	2.977557962503323	-0.10329075110333368	-0.07320698834242373	-0.0986487534531522	-0.09171549763296988	3.402594993789814	2.801101172598781	3.174554162717933	3.1260834430355096	0.2253101138196325	0.16992279792505616	0.22077348856404613	0.20533546676957823	1.698499158214751
-22	TRUE	TRUE	TRUE	TRUE	42549	3.3312824717398537	2.745254174439708	3.1047512837575035	3.0604293099790216	3.221919420374774	2.667992653199467	3.000788053633795	2.963566709069345	-0.1093630515244069	-0.07726152001386813	-0.10396322846626806	-0.09686260000151437	3.3898450256106147	2.7914927396656477	3.1635604455296136	3.114966070268625	0.22648816375404596	0.16973865212250264	0.22158155523905623	0.2059361237052016	1.6692889374800082
-21	TRUE	TRUE	TRUE	TRUE	42333	3.3229405706451027	2.7385787259885137	3.097035968009923	3.05285175488118	3.214826590237278	2.6624432123261323	2.993462998871886	2.956910933811766	-0.10811398064254284	-0.07613551620559392	-0.10357296764211064	-0.09594082149674912	3.382842567616823	2.785463896594234	3.156091086470818	3.108132516893958	0.2279179739826805	0.16990585604222613	0.22168320763148017	0.20650234588546224	1.6004577998648035
-20	TRUE	TRUE	TRUE	TRUE	42144	3.3136049739125486	2.731732324436593	3.088146418826032	3.0444945723917245	3.205590638582693	2.655745331627889	2.9870948080147475	2.9494769260751097	-0.1080143325980062	-0.07598699136032026	-0.10105161140831656	-0.09501764512221436	3.373598426068645	2.7789462605305233	3.1479564742479185	3.1001670536156958	0.2280012393339904	0.17041486584702012	0.2206717216067388	0.20636260892924976	1.5795901188834258
-19	TRUE	TRUE	TRUE	TRUE	41937	3.3019287507094988	2.7231654997039674	3.077874256747394	3.0343228357202867	3.1935164740372626	2.64597346543433	2.9749613693574535	2.9381504362763486	-0.10841227871992654	-0.07719203449497211	-0.10291288773197516	-0.0961724003156246	3.362562876423679	2.7703663784372825	3.13736330813229	3.0900975209977504	0.22968053010067935	0.1715937911998784	0.2218909919186878	0.20772177107308185	1.566843407295795
-18	TRUE	TRUE	TRUE	TRUE	41706	3.2924918762995854	2.716103160525191	3.070222587332853	3.026272541385876	3.1798712438808754	2.63635597194666	2.9644866095008906	2.9269046084428085	-0.11262063442553472	-0.07974718747340963	-0.10573597565548826	-0.0993679325181442	3.3514085536039073	2.762629747741394	3.129403229568385	3.0811471769712284	0.23045399150116	0.17280036505635976	0.22409726385161544	0.20911720680304507	1.5548926771526077
-17	TRUE	TRUE	TRUE	TRUE	41499	3.278796220604818	2.7062079268177013	3.058006010954555	3.0143367194590245	3.1701866428337353	2.629121756499156	2.9558415339021886	2.91838331107836	-0.1086095783025804	-0.07708617045805158	-0.10216447906377736	-0.0959534092748031	3.338211908413104	2.752970627453211	3.1168784228058897	3.069353652890735	0.22744095568627828	0.17061157346935257	0.21990930181385024	0.20598727698982705	1.559737149484455
-16	TRUE	TRUE	TRUE	TRUE	41262	3.2655232874964133	2.6964691066281272	3.045602982320703	3.0025317921484143	3.157458901898331	2.6197045377281065	2.9441317143949117	2.907098384673783	-0.10806438583884256	-0.0767645674179907	-0.10147126819030138	-0.09543340714904489	3.3237311808909156	2.74220692028683	3.1024044417607546	3.0561141809795	0.2244801747822799	0.16824019575233348	0.21507418802527475	0.2025981861866294	1.544992801099743
-15	TRUE	TRUE	TRUE	TRUE	41073	3.25296516057354	2.6878107766870083	3.0349036617182756	2.9918931996596076	3.1468551477563955	2.612437804847868	2.9344632866481564	2.8979187464174734	-0.1061100112282059	-0.07537297000923332	-0.10044037589557736	-0.0939744523776722	3.3116950605184376	2.7339651235320654	3.0922775408331273	3.045979241627877	0.22356981125319195	0.16768166801306444	0.2151881350116145	0.20214653809262365	1.505876487233915
-14	TRUE	TRUE	TRUE	TRUE	40878	3.2407713667198736	2.678968734865803	3.0247722530427636	2.98150411820948	3.1361496606372135	2.6042950001270224	2.9257503717333053	2.8887316774991803	-0.10462170214179922	-0.0746737354262026	-0.0990218836145726	-0.09277244039419148	3.2996627266270444	2.725518985386718	3.0825245490369513	3.0359020870169044	0.22240442548201148	0.16777423325099916	0.21452647537528083	0.20156837803609717	1.548729928197588
-13	TRUE	TRUE	TRUE	TRUE	40644	3.224053851670604	2.6666353221281365	3.0094829147337063	2.9667240295108153	3.120037016394378	2.592382898712887	2.910858290944295	2.8744260686838534	-0.10401683425826064	-0.0742524236893983	-0.09862462326518565	-0.09229796040428152	3.2827651182802113	2.713158680429302	3.0670228329083296	3.0209822105392807	0.22143936740504305	0.16729913930340545	0.2137044587113944	0.2008143218066143	1.5154445693002534
-12	TRUE	TRUE	TRUE	TRUE	40407	3.209886862616061	2.655387888648971	2.9951300653001907	2.953468272188408	3.104937179486304	2.5805419082370857	2.896400770036753	2.860626619253381	-0.10494968870669404	-0.07484598011524941	-0.09872929534145636	-0.09284165472113327	3.2685207625469115	2.7015266614717723	3.0532502110794986	3.0077658783660612	0.22221748336250943	0.16712352942891873	0.21496958793809792	0.20143686690984208	1.5260878307048218
-11	TRUE	TRUE	TRUE	TRUE	40200	3.1985954875599045	2.6469919076614628	2.9849957675177725	2.943527720913047	3.0954426372383073	2.5725181739935894	2.886870023612682	2.8516102782815267	-0.10315284965537476	-0.07447373766102024	-0.098125743848135	-0.09191744372151	3.256827042005141	2.693064632509099	3.0427954311223795	2.99756236854554	0.2196159598646196	0.16661918375796309	0.21372507197247825	0.19998673853168697	1.5078377603533777
-10	TRUE	TRUE	TRUE	TRUE	39975	3.185080864419485	2.636674807129907	2.972460660338527	2.9314054439626394	3.0825115837086337	2.562259118377179	2.8736246326309245	2.839465111572246	-0.1025692828881274	-0.07441568629876413	-0.09883602931130972	-0.09194033283273376	3.2427617527939314	2.6827457787183766	3.0294625903665446	2.9849900406262844	0.21793105844634447	0.16655763337705343	0.21283988893524497	0.1991095269195476	1.464754597658578
-9	TRUE	TRUE	TRUE	TRUE	39747	3.1740720173444457	2.628865121937213	2.9618330709333383	2.921590070071666	3.0719486174188493	2.5553646234688667	2.8652632097106197	2.8308588168661117	-0.10212340031854313	-0.07350049903273884	-0.09656985928709044	-0.09073125287945746	3.231643689232285	2.674487763089168	3.0192613745056303	2.9751309422756944	0.21726674405564564	0.1647457845764667	0.2114264690417557	0.19781299922462267	1.5017396024634022
-8	TRUE	TRUE	TRUE	TRUE	39501	3.1578187541665335	2.616064885897728	2.946710051703707	2.906864563922656	3.054650123502997	2.5395909289537357	2.8450049604834406	2.813082004313391	-0.10316863144698774	-0.07647395292531767	-0.10170509275396936	-0.09378255904209158	3.2153559587653127	2.661344999183764	3.0025036140019745	2.959734857317017	0.2182430405958617	0.16703418362088007	0.2132922162508988	0.19952314682254685	1.501121212091923
-7	TRUE	TRUE	TRUE	TRUE	39228	3.1408745939976233	2.603840067893325	2.9312836401501645	2.8919994340137043	3.0417060703114527	2.5296971660125305	2.832282002864104	2.8012284130626957	-0.09916852402284684	-0.07414290469465808	-0.0990016378449504	-0.0907710221874851	3.198607137418415	2.6492716794288835	2.987203801155219	2.9450275393341725	0.21463361223814983	0.16500612502980075	0.21084196166635435	0.19682723297810165	1.5138858976861986
-6	TRUE	TRUE	TRUE	TRUE	38937	3.123704641076335	2.5913927782903543	2.9158520331064244	2.8769831508243717	3.0286535818587854	2.522499442053029	2.8225563004548095	2.7912364414555415	-0.09505106372330728	-0.06889333495649809	-0.09329573156352186	-0.08574671008110907	3.1811944948107227	2.636818215712064	2.9719510767439123	2.9299879290888997	0.21003076813591012	0.15974421142299058	0.20549382070819888	0.19175626675569987	1.552802296023414
-5	TRUE	TRUE	TRUE	TRUE	38694	3.106470135112565	2.5791973856647	2.900939241071722	2.862202253949662	3.0222357046924797	2.517630631456278	2.8191153423634767	2.786327226170745	-0.0842344306427965	-0.0615667537995948	-0.08182389810305082	-0.07587502751514738	3.166209920501245	2.6262660584213706	2.958846492222697	2.917107490381771	0.20371399894765363	0.15570410133855694	0.19763840055769585	0.18568550028130215	1.48136788617231
-4	TRUE	TRUE	TRUE	TRUE	38370	3.089865713287297	2.566527709525343	2.8848217813845904	2.84707173473241	2.9995863454889404	2.4995022766527235	2.79557000615766	2.764886209433108	-0.09027936790543592	-0.06702543183949629	-0.08925177766861735	-0.08218552580451652	3.150292396672945	2.614211855488594	2.943423077377204	2.902642443179581	0.2111327358469939	0.16239372644563368	0.2064543695423403	0.19332694394498937	1.509908522431232
-3	TRUE	TRUE	TRUE	TRUE	37977	3.070136973501864	2.5514251405570194	2.865717062800858	2.829093058953247	2.9913546387274232	2.4935695405229823	2.7865618642123327	2.7571620144875792	-0.07878233708710332	-0.0578556005542541	-0.0791551998941813	-0.07193104584517956	3.1328377292178735	2.601092099558212	2.9258328253945693	2.886587551390218	0.2041838461502568	0.15718951693006702	0.19938672362260804	0.1869200289009773	1.56389928254816
-2	TRUE	TRUE	TRUE	TRUE	37620	3.0536370192927453	2.53833756337116	2.849531589518039	2.813835390727315	2.9764088642731035	2.477414775564666	2.765807903818802	2.739877181218857	-0.07722815358399449	-0.06092279295989174	-0.08372368502451946	-0.0739582105228019	3.113515653431351	2.5853886937224795	2.905909499373521	2.8682712821757836	0.19698542386289417	0.15502505000280037	0.19647950615039783	0.18282999333869743	1.7364370012309858
-1	TRUE	TRUE	TRUE	TRUE	37329	3.039676217824094	2.527965500767024	2.8370206271385245	2.8015541152432144	2.969709027556132	2.4672429855988547	2.7606983774244833	2.732550130193157	-0.06996719012515845	-0.06072251902221747	-0.07632225435326086	-0.06900398783354558	3.096243717960402	2.5724555227922883	2.893977691729701	2.854225644160797	0.18310219119869764	0.14970255978067687	0.19023637871538135	0.17434704323158529	1.619225026427061
