skew_type	skew_bin	ccre_class	mut_class	n	n_MR	sum_MR	sum_MR_sq	n_phyloP	sum_phyloP	sum_phyloP_sq	n_conserved	n_tf_chip_peak	n_tf_footprint
HepG2_skew	(-Inf,-1.5)	Other cCREs	CpG-CGI	34	34	64.82	143.14785	34	12.176000420935432	255.39301576226165	4	2	5
HepG2_skew	(-Inf,-1.5)	Other cCREs	CpG-nonCGI	4702	4702	10442.112	24810.177972	4691	-4505.911999617356	13889.381358963197	19	172	570
HepG2_skew	(-Inf,-1.5)	Other cCREs	non-CpG-ti	3258	3258	480.069	85.293783	3239	486.1010002166733	3356.2439263793303	86	129	630
HepG2_skew	(-Inf,-1.5)	Other cCREs	non-CpG-tv	3562	3562	248.877	29.237043	3533	-1000.1860001989412	7298.820053317425	79	119	557
HepG2_skew	(-Inf,-1.5)	PLS	CpG-CGI	339	339	182.785	180.296399	339	1295.887000453193	9299.26351561263	198	142	224
HepG2_skew	(-Inf,-1.5)	PLS	CpG-nonCGI	406	406	639.273	1276.7269549999999	406	263.5959999728948	4005.3327887610026	77	109	202
HepG2_skew	(-Inf,-1.5)	PLS	non-CpG-ti	679	679	96.819	16.573147	676	2271.9640045268466	14983.504629438992	355	248	451
HepG2_skew	(-Inf,-1.5)	PLS	non-CpG-tv	978	978	70.886	8.134954	977	3085.6210017494177	22138.99635831363	495	354	671
HepG2_skew	(-Inf,-1.5)	dELS	CpG-CGI	178	178	220.36599999999999	421.297678	178	45.38199931650884	1197.934367630578	25	50	84
HepG2_skew	(-Inf,-1.5)	dELS	CpG-nonCGI	13048	13048	28257.377	66271.596965	13038	-10271.808999389643	45745.17935824718	320	1294	4331
HepG2_skew	(-Inf,-1.5)	dELS	non-CpG-ti	11518	11518	1579.999	265.198997	11508	7349.822994963615	44251.935861547565	1346	1082	5711
HepG2_skew	(-Inf,-1.5)	dELS	non-CpG-tv	11091	11091	661.144	66.680212	11080	2052.6669986118804	38777.753386048375	917	1101	5039
HepG2_skew	(-Inf,-1.5)	dELS	unknown	2	0	0	0	2	0.39300002157688096	0.46530503232002307	0	0	1
HepG2_skew	(-Inf,-1.5)	non-cCRE	CpG-CGI	109	109	142.44299999999998	281.503895	107	74.3310002749786	1079.1886064601526	19	31	35
HepG2_skew	(-Inf,-1.5)	non-cCRE	CpG-nonCGI	28786	28786	65547.144	158223.918216	28734	-28354.141968605712	82248.55256155733	75	1123	434
HepG2_skew	(-Inf,-1.5)	non-cCRE	non-CpG-ti	16106	16106	2454.65	443.864196	15954	1530.2490145500046	11500.139186712955	205	675	426
HepG2_skew	(-Inf,-1.5)	non-cCRE	non-CpG-tv	15694	15694	1052.025	115.665403	15581	-5546.755997052998	28037.16828568309	175	704	428
HepG2_skew	(-Inf,-1.5)	non-cCRE	unknown	24	0	0	0	24	-20.092000246047967	74.76736220832113	0	3	0
HepG2_skew	(-Inf,-1.5)	pELS	CpG-CGI	203	203	114.112	111.886408	203	460.4229982371907	3520.941314880735	78	78	126
HepG2_skew	(-Inf,-1.5)	pELS	CpG-nonCGI	1583	1583	2992.258	6623.884444	1583	-713.5380006583873	6290.34529390671	85	348	612
HepG2_skew	(-Inf,-1.5)	pELS	non-CpG-ti	1582	1582	221.329	37.826557	1582	2089.238999491326	13362.51528116549	351	392	868
HepG2_skew	(-Inf,-1.5)	pELS	non-CpG-tv	1654	1654	98.307	9.404547	1653	1612.9500033159281	13166.701643716648	326	434	869
HepG2_skew	[-0.05,0.05)	Other cCREs	CpG-CGI	18634	18634	31269.095	62485.249689	18527	-12359.758994128562	61166.48440132568	462	2700	633
HepG2_skew	[-0.05,0.05)	Other cCREs	CpG-nonCGI	1268473	1268473	2660445.702	5942083.457548	1258835	-977744.7655949142	3418078.667062927	13879	52712	52443
HepG2_skew	[-0.05,0.05)	Other cCREs	non-CpG-ti	10696534	10696534	1596038.9249999998	323196.491277	10661305	313113.8054985445	15708232.834402312	333917	298257	379757
HepG2_skew	[-0.05,0.05)	Other cCREs	non-CpG-tv	6991855	6991855	422165.097	59793.794001	6956718	242649.92555507252	10622375.296778724	228653	200697	255458
HepG2_skew	[-0.05,0.05)	Other cCREs	unknown	14272	0	0	0	9004	-2250.7690023335153	7047.372129984734	7	644	288
HepG2_skew	[-0.05,0.05)	PLS	CpG-CGI	59049	59049	28925.829999999998	24705.394164	59030	-885.950990529964	287089.9465984654	6237	23673	33228
HepG2_skew	[-0.05,0.05)	PLS	CpG-nonCGI	43302	43302	61792.682	114869.895198	43226	-26015.301999123407	194481.71058002856	2140	11901	12129
HepG2_skew	[-0.05,0.05)	PLS	non-CpG-ti	375131	375131	53976.547	9959.200621	374882	133857.96594931747	1698535.5052231231	44141	115665	110116
HepG2_skew	[-0.05,0.05)	PLS	non-CpG-tv	322971	322971	24155.759	3450.273965	322632	72835.12694189524	1542724.6759552783	36219	106582	112303
HepG2_skew	[-0.05,0.05)	PLS	unknown	4661	0	0	0	4659	-498.7479980707849	11318.380605769904	198	2218	339
HepG2_skew	[-0.05,0.05)	dELS	CpG-CGI	65505	65505	83080.845	151967.06317100002	65401	-46271.27101044274	264250.158775907	2458	13866	16023
HepG2_skew	[-0.05,0.05)	dELS	CpG-nonCGI	3373981	3373981	6660053.475000001	14185600.061927002	3368530	-2713744.6098339087	11637151.114751969	66606	285350	427760
HepG2_skew	[-0.05,0.05)	dELS	non-CpG-ti	24623267	24623267	3582360.915999992	711112.064374	24594573	2996638.090270299	52527901.9386195	1283134	1619468	2209880
HepG2_skew	[-0.05,0.05)	dELS	non-CpG-tv	15733244	15733244	920634.2300000006	124150.31297399997	15708997	2105462.8453581273	34676033.81913172	854029	1050429	1492615
HepG2_skew	[-0.05,0.05)	dELS	unknown	12026	0	0	0	10897	-2871.4100034451126	10949.390673531096	33	980	1179
HepG2_skew	[-0.05,0.05)	non-cCRE	CpG-CGI	69714	69714	70906.779	119449.542229	69549	-31327.184002545793	218323.13508172898	2682	20889	15745
HepG2_skew	[-0.05,0.05)	non-cCRE	CpG-nonCGI	17078773	17078773	37002038.032	84743283.37888993	16912385	-13699871.023664957	40989255.03131256	87089	525861	90362
HepG2_skew	[-0.05,0.05)	non-cCRE	non-CpG-ti	169828402	169828402	25920344.789000217	5488061.027434892	168102794	-10239021.320740847	176670998.10087416	2406510	3481673	520357
HepG2_skew	[-0.05,0.05)	non-cCRE	non-CpG-tv	111202806	111202806	6833417.852999997	1129100.7375210056	109608125	-5426857.182517866	117281421.67084387	1684084	2288334	374053
HepG2_skew	[-0.05,0.05)	non-cCRE	unknown	162461	0	0	0	92741	-26254.587986198596	96836.75862315665	311	5352	3066
HepG2_skew	[-0.05,0.05)	pELS	CpG-CGI	89969	89969	47079.026	44354.799526	89919	-12250.058988706787	301598.62614940375	6184	34934	37691
HepG2_skew	[-0.05,0.05)	pELS	CpG-nonCGI	461596	461596	765266.977	1500285.687629	461073	-350124.0788919409	1498084.2726105002	8854	95897	63187
HepG2_skew	[-0.05,0.05)	pELS	non-CpG-ti	3316664	3316664	475898.374	91458.76156	3314142	444783.0128972807	7341659.1550667165	179130	668665	382213
HepG2_skew	[-0.05,0.05)	pELS	non-CpG-tv	2273647	2273647	140435.27	19295.179772	2271159	254089.93801053544	5317012.917812408	124917	484894	303543
HepG2_skew	[-0.05,0.05)	pELS	unknown	6229	0	0	0	5996	-1588.6399953448001	11462.556379467122	115	2566	535
HepG2_skew	[-0.2,-0.05)	Other cCREs	CpG-CGI	12199	12199	20411.168	41489.296136	12092	-8249.010996917032	41792.89052633012	308	1807	492
HepG2_skew	[-0.2,-0.05)	Other cCREs	CpG-nonCGI	731948	731948	1583216.4510000001	3659313.778511	726324	-629447.3936654318	2100931.554394952	6355	33054	39490
HepG2_skew	[-0.2,-0.05)	Other cCREs	non-CpG-ti	2035369	2035369	289668.414	53316.981322	2027006	105977.17127081088	2784962.3780737915	59748	66602	108628
HepG2_skew	[-0.2,-0.05)	Other cCREs	non-CpG-tv	1619484	1619484	103495.97	14122.313488	1609031	-46598.90777532069	2453448.211911303	45236	54939	87716
HepG2_skew	[-0.2,-0.05)	Other cCREs	unknown	3635	0	0	0	2381	-565.1139984995824	1543.9872141180688	1	238	89
HepG2_skew	[-0.2,-0.05)	PLS	CpG-CGI	48041	48041	22769.304	18878.585262	48022	17722.118009693233	264964.8272755497	7240	19268	28160
HepG2_skew	[-0.2,-0.05)	PLS	CpG-nonCGI	35536	35536	51103.697	97284.610699	35474	-16981.494992225547	157624.70937488292	2116	10035	11565
HepG2_skew	[-0.2,-0.05)	PLS	non-CpG-ti	171107	171107	26001.589	4878.573575	170999	134839.1409942531	1013480.6734469738	30783	58992	68576
HepG2_skew	[-0.2,-0.05)	PLS	non-CpG-tv	175635	175635	14172.192000000001	2059.466464	175471	94515.8259976993	1009632.2046977115	27857	62427	77606
HepG2_skew	[-0.2,-0.05)	PLS	unknown	1150	0	0	0	1148	-153.4710023425284	3433.295956324043	61	601	115
HepG2_skew	[-0.2,-0.05)	dELS	CpG-CGI	46160	46160	58190.207	108233.284093	46075	-25394.544010267004	187133.68342036917	2353	9905	12932
HepG2_skew	[-0.2,-0.05)	dELS	CpG-nonCGI	2236564	2236564	4556035.738	10061701.42471	2232894	-1922116.8837831107	8106441.574512112	43602	207902	365861
HepG2_skew	[-0.2,-0.05)	dELS	non-CpG-ti	5844845	5844845	824312.064	148727.70256	5837138	1190852.9194384925	12857458.004128989	344510	465996	839303
HepG2_skew	[-0.2,-0.05)	dELS	non-CpG-tv	4462272	4462272	280025.843	37172.253911	4454580	440629.3187531148	10508712.309492161	246205	357825	662930
HepG2_skew	[-0.2,-0.05)	dELS	unknown	3499	0	0	0	3210	-910.1980012343265	3491.203360218815	17	291	551
HepG2_skew	[-0.2,-0.05)	non-cCRE	CpG-CGI	43737	43737	45143.747	78943.74763299999	43593	-13363.345986908766	142655.39852045898	2347	12911	10863
HepG2_skew	[-0.2,-0.05)	non-cCRE	CpG-nonCGI	7334615	7334615	16245591.962	38104070.468668	7282907	-6605512.695442984	19590832.291342128	31499	279681	63819
HepG2_skew	[-0.2,-0.05)	non-cCRE	non-CpG-ti	20134030	20134030	2786883.857999996	521584.377074	19909725	-1834.3690599819854	21018700.499730416	348000	560716	157054
HepG2_skew	[-0.2,-0.05)	non-cCRE	non-CpG-tv	16673842	16673842	1030495.8640000009	147407.5606619999	16425802	-1105876.9490460318	19217423.397097524	269220	468451	136125
HepG2_skew	[-0.2,-0.05)	non-cCRE	unknown	26050	0	0	0	15480	-4756.251000424033	16868.58996398182	55	1104	611
HepG2_skew	[-0.2,-0.05)	pELS	CpG-CGI	62332	62332	32138.682	30825.704794	62290	7432.349000156627	229909.27399888405	5862	24263	28588
HepG2_skew	[-0.2,-0.05)	pELS	CpG-nonCGI	310947	310947	526845.938	1065204.334122	310534	-236313.16993729759	1053884.0933433324	6933	68236	55269
HepG2_skew	[-0.2,-0.05)	pELS	non-CpG-ti	879090	879090	126444.618	22932.170856	878270	282754.4499710128	2370068.652280529	68403	205969	173562
HepG2_skew	[-0.2,-0.05)	pELS	non-CpG-tv	734905	734905	50674.229999999996	7193.682576	733899	134771.28197255824	2097561.0060535604	53334	180115	159200
HepG2_skew	[-0.2,-0.05)	pELS	unknown	1970	0	0	0	1860	-571.1350002009427	3259.078974231676	15	770	333
HepG2_skew	[-0.5,-0.2)	Other cCREs	CpG-CGI	3392	3392	6008.286	12680.319	3348	-2130.457994131722	12724.79376777043	111	593	149
HepG2_skew	[-0.5,-0.2)	Other cCREs	CpG-nonCGI	164946	164946	361753.985	851677.359777	163720	-145010.64692647202	468678.1803900697	1208	8052	14417
HepG2_skew	[-0.5,-0.2)	Other cCREs	non-CpG-ti	335322	335322	51992.468	10727.096373999999	333825	11001.066060258068	490918.0579579901	9792	11937	32146
HepG2_skew	[-0.5,-0.2)	Other cCREs	non-CpG-tv	312346	312346	20920.149	2934.040539	310022	-21487.727943909376	493804.8643514444	8245	11675	29336
HepG2_skew	[-0.5,-0.2)	Other cCREs	unknown	546	0	0	0	427	-122.76700070500372	355.8626020186019	0	39	19
HepG2_skew	[-0.5,-0.2)	PLS	CpG-CGI	15555	15555	7265.147	6036.4287810000005	15548	18636.09298414912	139700.72601638062	4163	6383	9791
HepG2_skew	[-0.5,-0.2)	PLS	CpG-nonCGI	11695	11695	16749.26	32313.306464	11683	-1244.4089955646782	65383.79917966561	1255	3511	5050
HepG2_skew	[-0.5,-0.2)	PLS	non-CpG-ti	53705	53705	8826.979	1849.853609	53674	80288.74196349121	511787.76943400723	15625	19606	27299
HepG2_skew	[-0.5,-0.2)	PLS	non-CpG-tv	64381	64381	5297.119	796.147299	64319	77367.7929747716	546926.4920883557	16506	24097	34861
HepG2_skew	[-0.5,-0.2)	PLS	unknown	158	0	0	0	158	-16.387999701313735	449.8510539801416	9	77	33
HepG2_skew	[-0.5,-0.2)	dELS	CpG-CGI	13189	13189	17572.575	34052.265553	13161	-6256.835998701516	53685.88843335821	748	3052	4120
HepG2_skew	[-0.5,-0.2)	dELS	CpG-nonCGI	532070	532070	1100727.357	2478920.413353	531098	-463047.27100321284	1950067.2186836847	10797	54718	128150
HepG2_skew	[-0.5,-0.2)	dELS	non-CpG-ti	1053650	1053650	159575.077	32153.415909	1052168	261010.12581582658	2729013.3355690097	73545	94766	243945
HepG2_skew	[-0.5,-0.2)	dELS	non-CpG-tv	950072	950072	62033.144	8534.146342	948247	104371.07196348946	2535283.2225859263	58988	87730	223170
HepG2_skew	[-0.5,-0.2)	dELS	unknown	581	0	0	0	550	-185.5110010737554	711.2194496894533	2	58	137
HepG2_skew	[-0.5,-0.2)	non-cCRE	CpG-CGI	10280	10280	11850.034	22106.035356	10240	-1499.8449873907978	39353.16143481056	770	3025	2562
HepG2_skew	[-0.5,-0.2)	non-cCRE	CpG-nonCGI	1183088	1183088	2635755.597	6246835.399443	1175103	-1078715.9221014946	3179462.4118047166	4516	52026	16628
HepG2_skew	[-0.5,-0.2)	non-cCRE	non-CpG-ti	2020149	2020149	315725.079	68244.253759	2001294	-74277.91564078839	2332548.0413990594	35696	72224	32654
HepG2_skew	[-0.5,-0.2)	non-cCRE	non-CpG-tv	1982063	1982063	132291.328	19344.457202	1955306	-231597.84643759803	2521257.184414472	31445	71140	33888
HepG2_skew	[-0.5,-0.2)	non-cCRE	unknown	2870	0	0	0	2047	-682.2849996715088	2060.9623539690315	1	147	58
HepG2_skew	[-0.5,-0.2)	pELS	CpG-CGI	16018	16018	8533.768	8739.900264	16007	7524.298005253426	82523.83115717964	2368	6271	8146
HepG2_skew	[-0.5,-0.2)	pELS	CpG-nonCGI	73196	73196	125802.512	259853.239958	73102	-51355.92297849899	260717.86328415884	2165	16973	18897
HepG2_skew	[-0.5,-0.2)	pELS	non-CpG-ti	171477	171477	26893.273	5487.853229	171288	93697.30198824972	682744.3071967318	20477	44306	53262
HepG2_skew	[-0.5,-0.2)	pELS	non-CpG-tv	171285	171285	12597.937	1918.242757	170988	65458.75899821217	671491.7110905701	18545	46434	56503
HepG2_skew	[-0.5,-0.2)	pELS	unknown	387	0	0	0	364	-111.15699810720977	650.0275914512263	7	173	64
HepG2_skew	[-1.0,-0.5)	Other cCREs	CpG-CGI	851	851	1499.956	3139.76136	848	-489.48100092448294	2862.7101383004274	31	201	65
HepG2_skew	[-1.0,-0.5)	Other cCREs	CpG-nonCGI	47084	47084	104368.5	248271.860376	46799	-41400.22198594969	137481.05417678918	424	2093	6382
HepG2_skew	[-1.0,-0.5)	Other cCREs	non-CpG-ti	78081	78081	12765.449	2872.754189	77681	9723.548004171227	148987.63654468054	3199	2922	12846
HepG2_skew	[-1.0,-0.5)	Other cCREs	non-CpG-tv	72325	72325	4768.392	561.930428	71814	-3394.6519786214917	129542.40659030066	2158	2884	11480
HepG2_skew	[-1.0,-0.5)	Other cCREs	unknown	75	0	0	0	66	-21.680000141263015	112.8546365623995	0	7	17
HepG2_skew	[-1.0,-0.5)	PLS	CpG-CGI	4891	4891	2276.87	1909.76664	4891	11787.540009920716	79389.70835812358	2127	2133	3288
HepG2_skew	[-1.0,-0.5)	PLS	CpG-nonCGI	4108	4108	6077.7699999999995	11885.013794	4105	1784.0529955471861	32905.25224844382	703	1283	2225
HepG2_skew	[-1.0,-0.5)	PLS	non-CpG-ti	15135	15135	2594.721	601.187157	15129	37875.26899894222	235153.2238099765	6625	5656	9255
HepG2_skew	[-1.0,-0.5)	PLS	non-CpG-tv	18404	18404	1390.604	172.76358199999999	18392	37670.472976782825	241406.17859822654	6929	7136	11433
HepG2_skew	[-1.0,-0.5)	PLS	unknown	22	0	0	0	22	-9.509999915957458	159.20110867976464	0	16	6
HepG2_skew	[-1.0,-0.5)	dELS	CpG-CGI	3279	3279	4323.605	8272.526509	3272	-511.46099824307015	17705.470608743268	323	784	1216
HepG2_skew	[-1.0,-0.5)	dELS	CpG-nonCGI	148185	148185	310155.012	706898.722286	147944	-120511.0009935262	563381.5345586697	3897	15477	49447
HepG2_skew	[-1.0,-0.5)	dELS	non-CpG-ti	239321	239321	37250.169	8027.201335	238948	101821.55688981258	868951.0966827724	23581	22684	81384
HepG2_skew	[-1.0,-0.5)	dELS	non-CpG-tv	216193	216193	13560.567000000001	1579.869901	215736	44126.883986490095	705930.4971491552	16966	21120	74188
HepG2_skew	[-1.0,-0.5)	dELS	unknown	90	0	0	0	85	-41.789000302553184	138.85337432024295	0	14	26
HepG2_skew	[-1.0,-0.5)	non-cCRE	CpG-CGI	2267	2267	2875.159	5597.048923	2249	-13.0460052989656	11674.131855877742	231	712	571
HepG2_skew	[-1.0,-0.5)	non-cCRE	CpG-nonCGI	259227	259227	592928.097	1440590.273833	257769	-238884.72679637617	716753.638589355	1029	11751	5088
HepG2_skew	[-1.0,-0.5)	non-cCRE	non-CpG-ti	332542	332542	56254.966	13475.345272	329208	-10647.558912888282	397447.52127173386	5831	12947	7686
HepG2_skew	[-1.0,-0.5)	non-cCRE	non-CpG-tv	317393	317393	20093.921	2300.351129	313638	-45632.98587289825	426439.81618279166	4787	13678	7768
HepG2_skew	[-1.0,-0.5)	non-cCRE	unknown	375	0	0	0	291	-88.35400043055415	522.9312169848545	8	23	5
HepG2_skew	[-1.0,-0.5)	pELS	CpG-CGI	3798	3798	2057.985	2109.407365	3798	3856.908000429976	32753.89605637618	862	1556	2081
HepG2_skew	[-1.0,-0.5)	pELS	CpG-nonCGI	19631	19631	34438.565	72186.767301	19607	-11526.233997603416	79577.6821657703	893	4610	7003
HepG2_skew	[-1.0,-0.5)	pELS	non-CpG-ti	37061	37061	6000.97	1326.156826	37014	33612.77898899956	233504.3967091975	6622	9848	15416
HepG2_skew	[-1.0,-0.5)	pELS	non-CpG-tv	37815	37815	2618.167	326.825361	37728	25592.882000824673	211738.73965055693	5819	10609	16254
HepG2_skew	[-1.0,-0.5)	pELS	unknown	75	0	0	0	73	-6.670999808236921	208.89498463413756	5	23	7
HepG2_skew	[-1.5,-1.0)	Other cCREs	CpG-CGI	111	111	199.798	432.08619	102	-34.82099963724619	600.893502087628	8	18	15
HepG2_skew	[-1.5,-1.0)	Other cCREs	CpG-nonCGI	9979	9979	22814.243	55688.185189	9919	-8325.572990655784	27078.956174972842	82	442	1227
HepG2_skew	[-1.5,-1.0)	Other cCREs	non-CpG-ti	13877	13877	2274.651	506.466085	13789	968.7910069543868	20504.441143635064	408	536	2352
HepG2_skew	[-1.5,-1.0)	Other cCREs	non-CpG-tv	12792	12792	796.5029999999999	83.494801	12675	-1568.1019983948208	20934.959448473768	281	523	2111
HepG2_skew	[-1.5,-1.0)	Other cCREs	unknown	4	0	0	0	4	-5.15799999237061	8.9375419855671	0	0	1
HepG2_skew	[-1.5,-1.0)	PLS	CpG-CGI	1039	1039	497.309	454.998693	1039	3828.31499951333	27015.537768106373	635	494	769
HepG2_skew	[-1.5,-1.0)	PLS	CpG-nonCGI	1000	1000	1584.6770000000001	3205.691809	999	850.5239996444428	9525.637609430936	225	284	581
HepG2_skew	[-1.5,-1.0)	PLS	non-CpG-ti	3034	3034	490.161	103.669335	3029	9832.138990485455	63638.60512938555	1623	1149	1986
HepG2_skew	[-1.5,-1.0)	PLS	non-CpG-tv	3458	3458	247.572	27.846172	3455	9841.21698895155	65195.375537356165	1697	1347	2279
HepG2_skew	[-1.5,-1.0)	PLS	unknown	2	0	0	0	2	5.39600002765656	15.7105701593685	1	0	0
HepG2_skew	[-1.5,-1.0)	dELS	CpG-CGI	577	577	772.712	1509.98183	577	-38.66900232108323	3915.4068207012056	75	142	238
HepG2_skew	[-1.5,-1.0)	dELS	CpG-nonCGI	31542	31542	68576.078	161250.212814	31501	-23418.63699432905	115031.23246748505	953	3318	11069
HepG2_skew	[-1.5,-1.0)	dELS	non-CpG-ti	44599	44599	6793.552	1425.142538	44521	22612.39297914761	171440.05205358827	4707	4189	18604
HepG2_skew	[-1.5,-1.0)	dELS	non-CpG-tv	38908	38908	2252.296	218.366512	38832	8328.343005842762	131146.66943238364	3147	3726	15975
HepG2_skew	[-1.5,-1.0)	dELS	unknown	7	0	0	0	7	2.048000030219555	1.1307540324113374	0	0	2
HepG2_skew	[-1.5,-1.0)	non-cCRE	CpG-CGI	385	385	490.753	939.659059	382	198.23200092837223	3596.1253779772314	75	125	103
HepG2_skew	[-1.5,-1.0)	non-cCRE	CpG-nonCGI	71458	71458	167449.41	415036.102434	71183	-63363.99192484713	183649.26903020675	253	3373	1159
HepG2_skew	[-1.5,-1.0)	non-cCRE	non-CpG-ti	64642	64642	10880.958	2390.9989020000003	63940	1135.7240338319675	58907.3065919874	888	2738	1420
HepG2_skew	[-1.5,-1.0)	non-cCRE	non-CpG-tv	59924	59924	3482.129	338.060827	59294	-9621.453955661857	74638.72425638439	729	2726	1401
HepG2_skew	[-1.5,-1.0)	non-cCRE	unknown	74	0	0	0	70	-25.57700030878187	88.95366042531063	0	8	0
HepG2_skew	[-1.5,-1.0)	pELS	CpG-CGI	645	645	342.578	330.092232	645	1229.1949994103063	9902.767912970949	225	270	382
HepG2_skew	[-1.5,-1.0)	pELS	CpG-nonCGI	4161	4161	7657.403	16544.873233	4158	-2252.980991175515	16982.781053893552	213	939	1470
HepG2_skew	[-1.5,-1.0)	pELS	non-CpG-ti	6587	6587	1028.215	214.967907	6579	7453.477010156145	48744.81684770235	1356	1780	3116
HepG2_skew	[-1.5,-1.0)	pELS	non-CpG-tv	6412	6412	401.268	39.160222	6400	5461.2150007321015	43079.96689783286	1154	1781	3135
HepG2_skew	[-1.5,-1.0)	pELS	unknown	9	0	0	0	9	-4.54400010034442	9.05226250850607	0	0	0
HepG2_skew	[0.05,0.2)	Other cCREs	CpG-CGI	4600	4600	7548.64	14786.78242	4571	-3453.2010039300667	16329.910992148962	116	715	190
HepG2_skew	[0.05,0.2)	Other cCREs	CpG-nonCGI	170536	170536	342146.398	734085.393358	168644	-135840.71691409132	468612.0520899527	1628	8420	8330
HepG2_skew	[0.05,0.2)	Other cCREs	non-CpG-ti	2432787	2432787	398963.324	94558.03586	2423722	-298183.3726938032	3966015.556403638	59592	77298	106347
HepG2_skew	[0.05,0.2)	Other cCREs	non-CpG-tv	1651881	1651881	97217.22899999999	10284.931957	1642003	-29397.756853911673	2448688.4937894084	45698	55282	73655
HepG2_skew	[0.05,0.2)	Other cCREs	unknown	3407	0	0	0	2074	-523.3159993272275	1662.51509153948	2	187	66
HepG2_skew	[0.05,0.2)	PLS	CpG-CGI	18156	18156	8721.053	7329.136469	18151	2750.069995115396	102376.43849119564	2407	7481	10419
HepG2_skew	[0.05,0.2)	PLS	CpG-nonCGI	9415	9415	12564.416	22198.402278	9403	-4979.661989891318	45163.50433378289	588	2752	3173
HepG2_skew	[0.05,0.2)	PLS	non-CpG-ti	146873	146873	21959.854	4487.091954	146779	45365.30197022484	763940.222960041	19015	48694	48060
HepG2_skew	[0.05,0.2)	PLS	non-CpG-tv	138561	138561	10127.471	1277.361951	138434	43531.11896559399	726256.1322188275	18174	48910	53067
HepG2_skew	[0.05,0.2)	PLS	unknown	1057	0	0	0	1057	-54.84499997226498	3588.355216739787	68	554	60
HepG2_skew	[0.05,0.2)	dELS	CpG-CGI	17429	17429	21161.838	37319.27865	17396	-11006.609005427112	71898.29391061097	821	3801	4750
HepG2_skew	[0.05,0.2)	dELS	CpG-nonCGI	516494	516494	970695.924	1982680.616058	515657	-439217.8759276073	1873455.567995873	10113	50619	82446
HepG2_skew	[0.05,0.2)	dELS	non-CpG-ti	6560393	6560393	1056651.1369999999	251541.129547	6552612	-545749.9383071959	15598185.872033045	288674	493150	740911
HepG2_skew	[0.05,0.2)	dELS	non-CpG-tv	4317564	4317564	243349.733	24350.848515	4310530	377605.0386695024	9590514.889811205	221351	335338	515117
HepG2_skew	[0.05,0.2)	dELS	unknown	2604	0	0	0	2399	-794.7680017297389	2970.084958629823	9	211	284
HepG2_skew	[0.05,0.2)	non-cCRE	CpG-CGI	15975	15975	16348.378999999999	27198.656275	15941	-6651.569001054276	51704.58306625563	722	4831	3898
HepG2_skew	[0.05,0.2)	non-cCRE	CpG-nonCGI	1570849	1570849	3264345.744	7200546.032378	1557376	-1292608.1631037972	3941824.2478771857	8372	61180	13378
HepG2_skew	[0.05,0.2)	non-cCRE	non-CpG-ti	26701674	26701674	4409550.552999989	1050721.0308650003	26430596	-4163585.4354501497	33518269.524043266	335485	705527	141607
HepG2_skew	[0.05,0.2)	non-cCRE	non-CpG-tv	19016096	19016096	1163659.285000001	137521.98306099986	18751049	-1518786.8909140073	20714488.831515994	263131	506515	108455
HepG2_skew	[0.05,0.2)	non-cCRE	unknown	23501	0	0	0	13927	-3789.8689916082667	14408.033233804787	43	1069	482
HepG2_skew	[0.05,0.2)	pELS	CpG-CGI	23606	23606	12257.239	11443.437141	23593	-287.5730005989311	90590.0769283627	2091	9205	10776
HepG2_skew	[0.05,0.2)	pELS	CpG-nonCGI	72762	72762	114293.461	215254.162765	72661	-55928.6619916904	250599.65004633667	1600	16517	12874
HepG2_skew	[0.05,0.2)	pELS	non-CpG-ti	941328	941328	145899.157	32585.973903	940537	367.3109726258249	2481048.594038974	52167	209776	141054
HepG2_skew	[0.05,0.2)	pELS	non-CpG-tv	696622	696622	42517.127	4689.0283469999995	695763	91451.02604921302	1781725.3651704332	43371	166989	121002
HepG2_skew	[0.05,0.2)	pELS	unknown	1485	0	0	0	1395	-614.0360028040593	2793.5338619391346	13	583	151
HepG2_skew	[0.2,0.5)	Other cCREs	CpG-CGI	1491	1491	2511.96	5041.690674	1479	-1073.3680016256408	5704.318263748956	37	258	58
HepG2_skew	[0.2,0.5)	Other cCREs	CpG-nonCGI	42570	42570	86826.512	189814.737874	41849	-34244.69499221503	115817.09095962536	357	2305	2253
HepG2_skew	[0.2,0.5)	Other cCREs	non-CpG-ti	363707	363707	56670.072	12177.043898	362099	-54642.73195717414	558720.1261698776	7502	12897	20239
HepG2_skew	[0.2,0.5)	Other cCREs	non-CpG-tv	282523	282523	16758.067	1715.404581	280423	-13599.501948975836	411424.6608416675	6915	11147	15161
HepG2_skew	[0.2,0.5)	Other cCREs	unknown	514	0	0	0	371	-70.68299993872652	226.48560316914347	0	28	11
HepG2_skew	[0.2,0.5)	PLS	CpG-CGI	5128	5128	2393.085	1985.110557	5125	2703.674999074081	32145.94610835502	911	2123	2943
HepG2_skew	[0.2,0.5)	PLS	CpG-nonCGI	2698	2698	3572.36	6404.824712	2692	-960.7560005951669	13957.190357564104	217	785	948
HepG2_skew	[0.2,0.5)	PLS	non-CpG-ti	34956	34956	5082.483	947.5788749999999	34937	21172.658987898052	216921.67748086675	5951	12114	13138
HepG2_skew	[0.2,0.5)	PLS	non-CpG-tv	38494	38494	2871.426	376.575134	38469	21589.762980733656	238703.94204124855	6388	14078	15785
HepG2_skew	[0.2,0.5)	PLS	unknown	165	0	0	0	165	-32.92700086394326	392.9058303392799	3	84	18
HepG2_skew	[0.2,0.5)	dELS	CpG-CGI	5105	5105	6382.85	11519.11564	5102	-2710.7769910783973	20993.584426866797	264	1120	1406
HepG2_skew	[0.2,0.5)	dELS	CpG-nonCGI	131825	131825	250472.551	519038.099789	131526	-114312.92000119192	485958.7306834704	2565	13743	24451
HepG2_skew	[0.2,0.5)	dELS	non-CpG-ti	1091432	1091432	166465.895	35509.107037	1089953	-83359.373005484	2561725.557545686	48648	92453	162925
HepG2_skew	[0.2,0.5)	dELS	non-CpG-tv	833405	833405	47360.852	4592.917942	831959	65207.969962333824	1905426.6343671584	43746	73067	127396
HepG2_skew	[0.2,0.5)	dELS	unknown	504	0	0	0	487	-121.03900058928411	472.08669379667396	1	44	51
HepG2_skew	[0.2,0.5)	non-cCRE	CpG-CGI	4421	4421	4630.144	7982.67871	4398	-970.9760025391588	16064.794730167792	312	1339	1113
HepG2_skew	[0.2,0.5)	non-cCRE	CpG-nonCGI	299826	299826	624554.814	1383776.825902	297250	-260171.09679345708	795597.5024489663	1492	13802	3346
HepG2_skew	[0.2,0.5)	non-cCRE	non-CpG-ti	2944662	2944662	454346.93799999997	97396.540464	2919354	-493232.9983782113	3736793.920818042	35521	96764	25822
HepG2_skew	[0.2,0.5)	non-cCRE	non-CpG-tv	2343839	2343839	142727.174	15628.314006	2315516	-190121.2954326799	2663481.1931765904	34086	80609	22745
HepG2_skew	[0.2,0.5)	non-cCRE	unknown	3027	0	0	0	2129	-547.410998633015	2170.485373309	5	179	48
HepG2_skew	[0.2,0.5)	pELS	CpG-CGI	6993	6993	3719.502	3692.58194	6987	1409.7779997441683	29931.34571588428	794	2678	3255
HepG2_skew	[0.2,0.5)	pELS	CpG-nonCGI	18389	18389	28871.948	54763.328964	18355	-13404.16899134754	64833.37769846338	484	4303	3819
HepG2_skew	[0.2,0.5)	pELS	non-CpG-ti	168702	168702	24935.06	4980.695082	168530	17525.09001356502	502927.0077588445	11955	41176	33957
HepG2_skew	[0.2,0.5)	pELS	non-CpG-tv	149493	149493	9614.333	1090.703493	149284	32054.69301908649	453643.8690485455	11784	39566	33665
HepG2_skew	[0.2,0.5)	pELS	unknown	306	0	0	0	282	-73.62999988952649	580.8765496681434	3	98	36
HepG2_skew	[0.5,1.0)	Other cCREs	CpG-CGI	342	342	570.341	1158.129989	331	-212.87199916527612	1443.7645293523185	11	61	8
HepG2_skew	[0.5,1.0)	Other cCREs	CpG-nonCGI	9376	9376	19704.666	44239.276584	9294	-8419.436998559047	27855.691407058286	59	448	657
HepG2_skew	[0.5,1.0)	Other cCREs	non-CpG-ti	76539	76539	11773.646999999999	2410.821773	76144	-13861.479989845302	118601.10973036721	1446	2781	4813
HepG2_skew	[0.5,1.0)	Other cCREs	non-CpG-tv	54948	54948	3298.476	343.737154	54440	-3262.2529909363952	78015.18132757259	1229	2197	3361
HepG2_skew	[0.5,1.0)	Other cCREs	unknown	117	0	0	0	74	-7.5789999812841335	28.653058479979947	0	4	1
HepG2_skew	[0.5,1.0)	PLS	CpG-CGI	1056	1056	512.083	461.54621299999997	1056	965.0609994479457	8236.486992014186	237	392	617
HepG2_skew	[0.5,1.0)	PLS	CpG-nonCGI	685	685	914.732	1635.057144	685	-96.66399986681064	3494.4153818430514	60	223	280
HepG2_skew	[0.5,1.0)	PLS	non-CpG-ti	7859	7859	1171.711	220.978423	7858	5091.728992925144	49535.18505779878	1381	2724	2890
HepG2_skew	[0.5,1.0)	PLS	non-CpG-tv	8216	8216	656.219	93.914423	8211	5981.388000073147	55068.24724218843	1547	2976	3453
HepG2_skew	[0.5,1.0)	PLS	unknown	42	0	0	0	42	-3.772999760694786	132.70757697166502	3	21	5
HepG2_skew	[0.5,1.0)	dELS	CpG-CGI	1255	1255	1553.927	2836.937881	1252	-528.0559989046305	5305.220794721266	79	248	403
HepG2_skew	[0.5,1.0)	dELS	CpG-nonCGI	32281	32281	62715.574	132742.914228	32237	-28301.31498448692	121440.23456901404	649	3304	6844
HepG2_skew	[0.5,1.0)	dELS	non-CpG-ti	236578	236578	36088.695	7475.404871	236265	-29106.115958430815	560489.9251808267	10083	20609	39233
HepG2_skew	[0.5,1.0)	dELS	non-CpG-tv	172093	172093	9930.759	982.807831	171796	14368.965993807422	405191.22653079557	9263	15825	29670
HepG2_skew	[0.5,1.0)	dELS	unknown	95	0	0	0	91	-24.89100011438132	72.82213141990934	0	4	13
HepG2_skew	[0.5,1.0)	non-cCRE	CpG-CGI	1023	1023	1083.326	1876.454898	1013	0.42499968840276947	3678.461138590675	89	289	268
HepG2_skew	[0.5,1.0)	non-cCRE	CpG-nonCGI	52984	52984	112704.508	255155.845418	52550	-47334.73498347587	148190.8415226169	294	2605	868
HepG2_skew	[0.5,1.0)	non-cCRE	non-CpG-ti	577087	577087	86675.909	17232.670159	572983	-109007.78686006297	732931.59235877	6074	20874	5736
HepG2_skew	[0.5,1.0)	non-cCRE	non-CpG-tv	401042	401042	25327.647	2927.477523	396936	-32832.95882649464	451051.1332954647	5601	15971	4942
HepG2_skew	[0.5,1.0)	non-cCRE	unknown	543	0	0	0	374	-98.75300003401927	389.2205457739741	0	24	4
HepG2_skew	[0.5,1.0)	pELS	CpG-CGI	1637	1637	815.217	754.539819	1636	918.193002220476	8854.330293843697	260	656	776
HepG2_skew	[0.5,1.0)	pELS	CpG-nonCGI	4337	4337	6912.818	13376.948602	4326	-3125.391004106612	15993.424969655362	111	1025	1012
HepG2_skew	[0.5,1.0)	pELS	non-CpG-ti	37614	37614	5561.022	1076.3898179999999	37578	4161.5260119678	116110.45188361515	2810	9307	8230
HepG2_skew	[0.5,1.0)	pELS	non-CpG-tv	32886	32886	2256.73	278.626304	32824	8626.750994901871	110229.91970035496	2932	9092	8176
HepG2_skew	[0.5,1.0)	pELS	unknown	79	0	0	0	73	-19.60000018030402	255.86986745220653	5	27	11
HepG2_skew	[1.0,1.5)	Other cCREs	CpG-CGI	41	41	67.171	132.950089	41	-31.595999776385728	144.45574391695064	1	7	2
HepG2_skew	[1.0,1.5)	Other cCREs	CpG-nonCGI	1345	1345	2924.491	6747.907221	1337	-1267.817999119405	4102.364549816112	5	59	147
HepG2_skew	[1.0,1.5)	Other cCREs	non-CpG-ti	13411	13411	1918.756	346.160042	13360	-2467.8199993426674	20566.870842040054	230	512	853
HepG2_skew	[1.0,1.5)	Other cCREs	non-CpG-tv	9165	9165	567.198	54.875056	9050	-920.879995111958	12456.409782322178	187	374	540
HepG2_skew	[1.0,1.5)	Other cCREs	unknown	18	0	0	0	6	-4.22699993848801	10.52032472877503	0	1	0
HepG2_skew	[1.0,1.5)	PLS	CpG-CGI	90	90	39.757	30.722061	90	82.6809997670352	636.2510598410781	23	33	57
HepG2_skew	[1.0,1.5)	PLS	CpG-nonCGI	91	91	135.424	261.25486	91	-30.039999843575032	625.9214705343276	6	35	39
HepG2_skew	[1.0,1.5)	PLS	non-CpG-ti	1332	1332	203.224	37.229608	1331	1045.776002232917	8625.372772112249	256	471	496
HepG2_skew	[1.0,1.5)	PLS	non-CpG-tv	1175	1175	110.464	18.557746	1173	799.05300150637	7416.07465233557	200	409	459
HepG2_skew	[1.0,1.5)	PLS	unknown	4	0	0	0	4	-2.87899994850159	7.03728095783615	0	4	0
HepG2_skew	[1.0,1.5)	dELS	CpG-CGI	199	199	256.587	483.727959	198	-20.591000045533253	800.4377973173656	20	34	55
HepG2_skew	[1.0,1.5)	dELS	CpG-nonCGI	5240	5240	10408.501	22400.621291	5238	-4661.151001737336	18981.823771654854	99	576	1362
HepG2_skew	[1.0,1.5)	dELS	non-CpG-ti	42092	42092	5947.605	1077.512037	42030	-3551.5969944593953	96812.5956043377	1879	3667	6974
HepG2_skew	[1.0,1.5)	dELS	non-CpG-tv	29743	29743	1785.152	172.720362	29676	1821.0840113967417	70851.18481373107	1595	2862	5337
HepG2_skew	[1.0,1.5)	dELS	unknown	13	0	0	0	12	-2.099000029265883	10.27685920555628	0	1	2
HepG2_skew	[1.0,1.5)	non-cCRE	CpG-CGI	137	137	142.62	246.940392	136	-8.679999724263249	548.2351003090491	13	42	31
HepG2_skew	[1.0,1.5)	non-cCRE	CpG-nonCGI	5713	5713	12419.087	28689.754719	5681	-5642.472997456789	18428.914287758587	37	312	176
HepG2_skew	[1.0,1.5)	non-cCRE	non-CpG-ti	100785	100785	14136.006	2443.364964	100041	-22774.512979675783	131540.59184525703	922	4046	1066
HepG2_skew	[1.0,1.5)	non-cCRE	non-CpG-tv	62205	62205	3874.413	378.884745	61560	-8607.505972209037	74371.6989272701	764	2769	843
HepG2_skew	[1.0,1.5)	non-cCRE	unknown	81	0	0	0	55	-30.45100009441374	107.54074142954501	0	8	0
HepG2_skew	[1.0,1.5)	pELS	CpG-CGI	238	238	104.779	82.48051099999999	238	167.64600194338715	1529.2425273301724	37	96	125
HepG2_skew	[1.0,1.5)	pELS	CpG-nonCGI	643	643	1065.061	2143.695863	643	-438.55200104112726	2371.8911489607194	23	152	177
HepG2_skew	[1.0,1.5)	pELS	non-CpG-ti	7336	7336	1044.0819999999999	185.311524	7332	1024.4289945691128	21997.931283496007	550	1920	1678
HepG2_skew	[1.0,1.5)	pELS	non-CpG-tv	5972	5972	458.799	61.920457	5961	1217.9020020011815	18234.703684480293	501	1650	1550
HepG2_skew	[1.0,1.5)	pELS	unknown	24	0	0	0	24	-17.04399972781539	88.639260855513	0	16	4
HepG2_skew	[1.5,Inf)	Other cCREs	CpG-CGI	5	5	8.725	15.644365	5	-0.722000025212765	1.2989919945584545	0	1	0
HepG2_skew	[1.5,Inf)	Other cCREs	CpG-nonCGI	165	165	362.273	835.463909	165	-155.03800009097915	506.76944706542486	0	7	21
HepG2_skew	[1.5,Inf)	Other cCREs	non-CpG-ti	4488	4488	627.278	104.565358	4473	-932.7879978879356	6619.91994845912	73	145	239
HepG2_skew	[1.5,Inf)	Other cCREs	non-CpG-tv	2103	2103	134.41	13.173954	2087	-245.38399866304846	3254.196199940861	47	89	131
HepG2_skew	[1.5,Inf)	Other cCREs	unknown	1	0	0	0	0	0	0	0	0	0
HepG2_skew	[1.5,Inf)	PLS	CpG-CGI	6	6	3.199	2.7653309999999998	6	1.128999918699266	12.039656735604298	1	1	3
HepG2_skew	[1.5,Inf)	PLS	CpG-nonCGI	12	12	20.839	41.300087	12	3.185999780893325	97.28474420260574	1	3	6
HepG2_skew	[1.5,Inf)	PLS	non-CpG-ti	372	372	54.851	9.140487	372	184.73600114532758	1977.8437986284778	58	133	142
HepG2_skew	[1.5,Inf)	PLS	non-CpG-tv	245	245	27.307	5.002905	245	129.011000697501	1262.8911128942273	37	84	90
HepG2_skew	[1.5,Inf)	PLS	unknown	4	0	0	0	4	-0.6949999332427981	1.608114888081554	0	2	1
HepG2_skew	[1.5,Inf)	dELS	CpG-CGI	28	28	30.863	51.635678999999996	28	-18.824000209569924	154.81420250718608	2	9	9
HepG2_skew	[1.5,Inf)	dELS	CpG-nonCGI	809	809	1620.979	3496.216749	809	-736.9090001792647	3580.338424762879	20	99	259
HepG2_skew	[1.5,Inf)	dELS	non-CpG-ti	13630	13630	1815.669	286.194331	13615	-1253.2869954894995	29611.076077483045	575	1182	2069
HepG2_skew	[1.5,Inf)	dELS	non-CpG-tv	7139	7139	462.128	48.733238	7125	-207.95499750529427	16915.516413790032	321	651	1214
HepG2_skew	[1.5,Inf)	dELS	unknown	5	0	0	0	5	-3.51299991458654	10.348064386484637	0	1	1
HepG2_skew	[1.5,Inf)	non-cCRE	CpG-CGI	13	13	7.982	7.90583	13	4.682000197470188	19.471924645061282	1	5	3
HepG2_skew	[1.5,Inf)	non-cCRE	CpG-nonCGI	535	535	1183.405	2764.2306830000002	532	-622.6349982861428	1939.025759812525	3	28	17
HepG2_skew	[1.5,Inf)	non-cCRE	non-CpG-ti	31123	31123	4257.832	690.303494	30819	-8268.59899462527	42727.01683191073	260	1096	326
HepG2_skew	[1.5,Inf)	non-cCRE	non-CpG-tv	14590	14590	918.823	89.150967	14490	-1904.6979937339197	17044.77482175499	179	618	199
HepG2_skew	[1.5,Inf)	non-cCRE	unknown	17	0	0	0	12	-7.744000039994711	25.872310071843224	0	0	0
HepG2_skew	[1.5,Inf)	pELS	CpG-CGI	22	22	10.769	9.666341000000001	22	20.785999812185764	112.16260889798353	4	11	12
HepG2_skew	[1.5,Inf)	pELS	CpG-nonCGI	104	104	175.139	362.47303900000003	104	-74.94899970013643	318.61162325942445	2	23	32
HepG2_skew	[1.5,Inf)	pELS	non-CpG-ti	2261	2261	306.919	48.253289	2259	269.692003693199	6539.11159603349	182	573	500
HepG2_skew	[1.5,Inf)	pELS	non-CpG-tv	1500	1500	139.811	23.037503	1499	209.51399944990416	4473.680144827994	101	431	404
HepG2_skew	[1.5,Inf)	pELS	unknown	5	0	0	0	5	0.8189998120069502	11.69657518349888	1	2	1
K562_skew	(-Inf,-1.5)	Other cCREs	CpG-CGI	81	81	129.447	257.808873	81	7.646000412292829	550.7903363314797	8	11	18
K562_skew	(-Inf,-1.5)	Other cCREs	CpG-nonCGI	6474	6474	14068.868	33147.06553	6454	-5815.173994765616	18779.74986325134	48	279	1209
K562_skew	(-Inf,-1.5)	Other cCREs	non-CpG-ti	11303	11303	1915.248	396.077814	11208	1764.5380060923044	18446.017549600452	413	475	2445
K562_skew	(-Inf,-1.5)	Other cCREs	non-CpG-tv	9860	9860	671.57	77.9116	9753	-68.25800124381206	17952.047544960635	315	449	2124
K562_skew	(-Inf,-1.5)	Other cCREs	unknown	2	0	0	0	2	-3.22899997234345	5.21650090830231	0	0	1
K562_skew	(-Inf,-1.5)	PLS	CpG-CGI	923	923	438.895	380.418671	923	3414.490002125037	23161.359119442863	556	411	712
K562_skew	(-Inf,-1.5)	PLS	CpG-nonCGI	810	810	1178.972	2273.9178	810	854.3860008041378	8692.900770606551	199	249	533
K562_skew	(-Inf,-1.5)	PLS	non-CpG-ti	2695	2695	462.325	94.929587	2694	8967.249996751083	58541.426279891435	1444	1036	1951
K562_skew	(-Inf,-1.5)	PLS	non-CpG-tv	3059	3059	229.519	26.467973	3055	9387.038989009685	61718.69110430852	1539	1182	2248
K562_skew	(-Inf,-1.5)	PLS	unknown	1	0	0	0	1	-1.91999995708466	3.68639983520508	0	1	1
K562_skew	(-Inf,-1.5)	dELS	CpG-CGI	433	433	496.794	913.46697	433	167.23800031270366	3335.4329865366326	73	98	258
K562_skew	(-Inf,-1.5)	dELS	CpG-nonCGI	17978	17978	37517.685	86167.361599	17955	-13860.227002957488	67753.12303009995	541	2091	8221
K562_skew	(-Inf,-1.5)	dELS	non-CpG-ti	32766	32766	5120.15	989.204828	32669	19543.573997444124	140398.14505031786	3719	3392	15957
K562_skew	(-Inf,-1.5)	dELS	non-CpG-tv	26329	26329	1668.882	183.80123	26241	9145.884992476436	101676.08979664602	2468	2765	13019
K562_skew	(-Inf,-1.5)	dELS	unknown	10	0	0	0	10	3.5329999029636396	6.181556511800774	0	0	3
K562_skew	(-Inf,-1.5)	non-cCRE	CpG-CGI	215	215	234.309	419.826657	212	229.53200020780778	2257.6262990610817	48	62	84
K562_skew	(-Inf,-1.5)	non-cCRE	CpG-nonCGI	45122	45122	101609.083	244110.59454700002	45036	-40527.52793158755	113378.95607779032	66	2270	791
K562_skew	(-Inf,-1.5)	non-cCRE	non-CpG-ti	42837	42837	7433.959	1524.635971	42163	1713.8340238970707	31078.412908783903	466	2061	1215
K562_skew	(-Inf,-1.5)	non-cCRE	non-CpG-tv	38983	38983	2355.413	231.516957	38343	-6618.434972208458	43103.83715057229	340	1985	1107
K562_skew	(-Inf,-1.5)	non-cCRE	unknown	75	0	0	0	73	-37.55700011551379	198.41726857962598	0	4	0
K562_skew	(-Inf,-1.5)	pELS	CpG-CGI	483	483	248.51	230.099246	483	1117.1039971800058	8394.655805855005	189	205	359
K562_skew	(-Inf,-1.5)	pELS	CpG-nonCGI	2471	2471	4401.513	9440.986733	2470	-1191.486999869347	10223.70848527987	145	615	1224
K562_skew	(-Inf,-1.5)	pELS	non-CpG-ti	5303	5303	864.426	169.237798	5296	7122.743008899734	45763.57437806405	1242	1542	3054
K562_skew	(-Inf,-1.5)	pELS	non-CpG-tv	4735	4735	314.396	33.711936	4729	5105.162004673273	35623.96429452467	981	1410	2779
K562_skew	(-Inf,-1.5)	pELS	unknown	1	0	0	0	1	-0.745000004768372	0.555025007104874	0	0	0
K562_skew	[-0.05,0.05)	Other cCREs	CpG-CGI	19005	19005	32661.924	65875.02950799999	18891	-13481.456997126574	64546.80693370919	419	2699	588
K562_skew	[-0.05,0.05)	Other cCREs	CpG-nonCGI	1404405	1404405	2957250.607	6623045.872411	1394414	-1089261.596590769	3822479.646440408	15606	57889	57041
K562_skew	[-0.05,0.05)	Other cCREs	non-CpG-ti	11009637	11009637	1639636.9949999999	333528.822337	10972532	315474.982564185	16314342.354234265	345017	309349	388226
K562_skew	[-0.05,0.05)	Other cCREs	non-CpG-tv	7242939	7242939	436790.065	61199.388365	7205418	232703.35550670762	11092386.269570915	237273	208676	261655
K562_skew	[-0.05,0.05)	Other cCREs	unknown	15552	0	0	0	9158	-2315.5600010157805	7268.86313117247	5	589	363
K562_skew	[-0.05,0.05)	PLS	CpG-CGI	48734	48734	24612.117	21620.423353	48723	-4283.108993728765	234756.81392808282	4767	19555	26250
K562_skew	[-0.05,0.05)	PLS	CpG-nonCGI	46286	46286	68662.395	129180.879315	46218	-28981.394988844753	201679.39882250072	2121	12573	11993
K562_skew	[-0.05,0.05)	PLS	non-CpG-ti	371332	371332	53063.21	9795.56745	371081	130383.62094052271	1634459.4359454855	42487	112375	102848
K562_skew	[-0.05,0.05)	PLS	non-CpG-tv	303593	303593	22080.595	3119.923373	303282	64413.26696037046	1419096.8456993187	32755	97679	96513
K562_skew	[-0.05,0.05)	PLS	unknown	5333	0	0	0	5333	-366.04399796784554	13840.514892648609	252	2721	302
K562_skew	[-0.05,0.05)	dELS	CpG-CGI	65830	65830	87190.313	161604.730997	65726	-49285.8400107776	263405.6818193036	2247	13921	14413
K562_skew	[-0.05,0.05)	dELS	CpG-nonCGI	3875256	3875256	7682959.237	16408543.742611006	3869291	-3107884.9788565845	13413978.722592283	77845	328502	478720
K562_skew	[-0.05,0.05)	dELS	non-CpG-ti	25956891	25956891	3770016.108999991	752783.556809	25926479	3126159.743216494	55942972.999465495	1364706	1734179	2343516
K562_skew	[-0.05,0.05)	dELS	non-CpG-tv	16694422	16694422	975956.6240000007	129723.194196	16668334	2188926.3482054668	37112313.2093014	910888	1128435	1568907
K562_skew	[-0.05,0.05)	dELS	unknown	11617	0	0	0	10111	-2590.7980036381637	10322.769237922164	42	927	1139
K562_skew	[-0.05,0.05)	non-cCRE	CpG-CGI	70110	70110	74514.948	127863.540964	69948	-34679.184997984084	216779.74973664133	2405	20793	14634
K562_skew	[-0.05,0.05)	non-cCRE	CpG-nonCGI	18388711	18388711	39969216.51100001	91786164.18691292	18210371	-14760744.466664638	44567569.643441856	97354	570610	99842
K562_skew	[-0.05,0.05)	non-cCRE	non-CpG-ti	172871317	172871317	26334167.67700023	5591245.061036883	171089862	-10269732.32751141	182007112.32451472	2489905	3588867	543514
K562_skew	[-0.05,0.05)	non-cCRE	non-CpG-tv	113512812	113512812	6956828.354999995	1137492.0344050054	111846417	-5555526.08094475	120833538.1978696	1739705	2361590	383880
K562_skew	[-0.05,0.05)	non-cCRE	unknown	172918	0	0	0	91516	-25918.630985404383	96360.58295817144	320	5465	3733
K562_skew	[-0.05,0.05)	pELS	CpG-CGI	84461	84461	45747.173	44507.195795	84417	-16451.109996698327	273147.4969015621	5251	32826	33208
K562_skew	[-0.05,0.05)	pELS	CpG-nonCGI	522187	522187	875550.39	1724494.82823	521639	-395174.4738895566	1700029.2338856757	10178	107832	68296
K562_skew	[-0.05,0.05)	pELS	non-CpG-ti	3486553	3486553	499016.763	96288.671573	3483959	471434.8249236938	7779378.37398455	190100	704548	397217
K562_skew	[-0.05,0.05)	pELS	non-CpG-tv	2379535	2379535	145780.608	19712.247256	2376962	257564.55001470598	5542459.481387813	130044	504022	301404
K562_skew	[-0.05,0.05)	pELS	unknown	6163	0	0	0	5920	-1499.0169929835229	11142.713441338155	120	2450	434
K562_skew	[-0.2,-0.05)	Other cCREs	CpG-CGI	12102	12102	19975.446	40471.045512	11991	-7717.928997983575	40366.11831740751	337	1822	470
K562_skew	[-0.2,-0.05)	Other cCREs	CpG-nonCGI	605031	605031	1310077.476	3038368.988732	599646	-523893.03570769564	1733871.095797156	4927	27803	33675
K562_skew	[-0.2,-0.05)	Other cCREs	non-CpG-ti	1756617	1756617	253052.297	48238.996487000004	1750059	48764.1081654043	2380139.073219824	49026	55289	90039
K562_skew	[-0.2,-0.05)	Other cCREs	non-CpG-tv	1417810	1417810	88846.154	11970.86022	1408840	-41176.67676313375	2110469.6641339967	38889	48257	76138
K562_skew	[-0.2,-0.05)	Other cCREs	unknown	2848	0	0	0	2078	-437.16500036232185	1277.5749315468988	3	257	35
K562_skew	[-0.2,-0.05)	PLS	CpG-CGI	48186	48186	22505.541	18593.365249	48164	13091.012015601385	256529.2495988914	6654	19359	28292
K562_skew	[-0.2,-0.05)	PLS	CpG-nonCGI	30753	30753	43594.474	83208.63803	30688	-14185.632993809064	143235.15129274837	1974	8730	10292
K562_skew	[-0.2,-0.05)	PLS	non-CpG-ti	142321	142321	21333.967	3991.957401	142230	103833.35895810112	826518.4430241513	24686	49313	56889
K562_skew	[-0.2,-0.05)	PLS	non-CpG-tv	158597	158597	12941.186	1849.743178	158424	73937.08096455563	896081.9456816746	23908	57005	70781
K562_skew	[-0.2,-0.05)	PLS	unknown	690	0	0	0	687	-274.98900270683265	2141.8933178984526	28	335	90
K562_skew	[-0.2,-0.05)	dELS	CpG-CGI	44539	44539	55182.377	102493.950233	44454	-24526.99801756373	182129.0396200974	2254	9519	12767
K562_skew	[-0.2,-0.05)	dELS	CpG-nonCGI	1816597	1816597	3708450.83	8228039.851106	1813437	-1588665.8478655382	6669349.819467573	34775	171341	310258
K562_skew	[-0.2,-0.05)	dELS	non-CpG-ti	4751422	4751422	675696.496	126590.260446	4745415	789862.105625334	10294757.636784395	265075	364275	660031
K562_skew	[-0.2,-0.05)	dELS	non-CpG-tv	3744591	3744591	230408.288	30258.221648	3738172	343817.0038206175	8735409.044394206	202511	297102	563433
K562_skew	[-0.2,-0.05)	dELS	unknown	3144	0	0	0	3094	-907.3010019948708	3428.255656360414	9	278	432
K562_skew	[-0.2,-0.05)	non-cCRE	CpG-CGI	42507	42507	42728.74	74150.32143	42352	-12664.56299293775	138544.13695230652	2306	12533	10880
K562_skew	[-0.2,-0.05)	non-cCRE	CpG-nonCGI	5882001	5882001	13056125.634	30722363.021526005	5839982	-5397203.651164972	15845310.217134073	23129	227105	53561
K562_skew	[-0.2,-0.05)	non-cCRE	non-CpG-ti	18335070	18335070	2615858.397999996	518443.440776	18151879	-602919.8241629122	18813186.102073774	278488	476922	123664
K562_skew	[-0.2,-0.05)	non-cCRE	non-CpG-tv	15184337	15184337	918658.7260000007	130490.44104599993	14973427	-1029478.7950189827	16881981.66099642	228607	413214	118266
K562_skew	[-0.2,-0.05)	non-cCRE	unknown	18566	0	0	0	14360	-4174.537000679179	14890.386095598049	45	924	218
K562_skew	[-0.2,-0.05)	pELS	CpG-CGI	61662	61662	31124.319	29503.717799	61616	6250.109015408786	228296.7433658322	5724	24059	28768
K562_skew	[-0.2,-0.05)	pELS	CpG-nonCGI	255296	255296	431195.775	875461.793919	254917	-195645.86394911027	876406.6033248554	5726	56837	47167
K562_skew	[-0.2,-0.05)	pELS	non-CpG-ti	703872	703872	101236.943	18858.399121	703203	191417.670960598	1857579.1081562787	51753	162305	136046
K562_skew	[-0.2,-0.05)	pELS	non-CpG-tv	628477	628477	43157.913	6090.128967	627574	104403.27098030895	1782668.036645237	44340	155102	139653
K562_skew	[-0.2,-0.05)	pELS	unknown	1739	0	0	0	1642	-605.0030005431037	3076.147551140582	7	738	322
K562_skew	[-0.5,-0.2)	Other cCREs	CpG-CGI	4084	4084	6915.594	14317.918026	4042	-2310.002994848183	14155.30872111055	133	660	210
K562_skew	[-0.5,-0.2)	Other cCREs	CpG-nonCGI	175615	175615	377267.743	872955.189689	174151	-154775.01890972335	493975.49930820643	1154	8937	13993
K562_skew	[-0.5,-0.2)	Other cCREs	non-CpG-ti	403253	403253	62479.437	12884.482051	401671	-677.478888056705	547900.921632842	10295	14223	32315
K562_skew	[-0.5,-0.2)	Other cCREs	non-CpG-tv	350603	350603	23146.261	3227.188421	348148	-24924.9329012799	524087.305138831	8501	13260	28832
K562_skew	[-0.5,-0.2)	Other cCREs	unknown	804	0	0	0	698	-209.4239995852114	633.2151756305581	1	63	29
K562_skew	[-0.5,-0.2)	PLS	CpG-CGI	22566	22566	10310.869	8293.300213	22557	19800.465994851682	163731.54881397722	4967	9078	14126
K562_skew	[-0.5,-0.2)	PLS	CpG-nonCGI	12544	12544	17210.012	32572.565416	12528	-2333.6500000495	63202.18599165576	1150	3756	5319
K562_skew	[-0.5,-0.2)	PLS	non-CpG-ti	58987	58987	9658.41	2019.648998	58964	76145.412983774	499132.5400394071	15562	21378	29486
K562_skew	[-0.5,-0.2)	PLS	non-CpG-tv	75377	75377	6296.718	940.039544	75327	73877.2759930558	557469.8915249313	16913	28044	40372
K562_skew	[-0.5,-0.2)	PLS	unknown	207	0	0	0	207	-2.901999667286941	526.4703193696032	9	66	58
K562_skew	[-0.5,-0.2)	dELS	CpG-CGI	16374	16374	20010.96	37438.165160000004	16348	-6599.531997203711	67461.5578897452	1038	3713	5525
K562_skew	[-0.5,-0.2)	dELS	CpG-nonCGI	537010	537010	1092557.857	2432102.493265	535992	-471871.5568865401	1957010.2098111382	10462	54885	129433
K562_skew	[-0.5,-0.2)	dELS	non-CpG-ti	1166212	1166212	177942.566	36352.564014	1164660	199870.61687483566	2739147.7079258803	69767	99863	239710
K562_skew	[-0.5,-0.2)	dELS	non-CpG-tv	995468	995468	64620.06	8932.976936	993623	88566.93299631604	2474506.1550748553	56500	89593	220114
K562_skew	[-0.5,-0.2)	dELS	unknown	1088	0	0	0	1048	-390.3540009316057	1330.5822040800542	3	99	207
K562_skew	[-0.5,-0.2)	non-cCRE	CpG-CGI	13445	13445	13986.371	24840.239597	13390	-1472.4879963813576	49865.9740700142	1040	4128	3822
K562_skew	[-0.5,-0.2)	non-cCRE	CpG-nonCGI	1400117	1400117	2998804.438	6859086.768932	1392035	-1303608.7867544445	3711324.9412619	4196	61778	17784
K562_skew	[-0.5,-0.2)	non-cCRE	non-CpG-ti	2817693	2817693	437567.951	92631.051623	2793922	-164809.29226478992	2918958.361816181	38693	93436	35405
K562_skew	[-0.5,-0.2)	non-cCRE	non-CpG-tv	2579318	2579318	171483.675	24703.120203	2546649	-305942.2060375804	2983914.5313268285	34520	90531	37324
K562_skew	[-0.5,-0.2)	non-cCRE	unknown	4588	0	0	0	3798	-1214.380003304686	3795.815289581456	13	231	109
K562_skew	[-0.5,-0.2)	pELS	CpG-CGI	22389	22389	11267.796	10775.468918	22375	9431.178998770774	104176.54456100697	2992	8637	11616
K562_skew	[-0.5,-0.2)	pELS	CpG-nonCGI	77420	77420	128436.523	260102.387217	77297	-55511.72697718304	275010.82600748603	2183	18079	20355
K562_skew	[-0.5,-0.2)	pELS	non-CpG-ti	189315	189315	29688.264	6073.13382	189113	82645.18299481063	671226.8651928472	19738	48003	54488
K562_skew	[-0.5,-0.2)	pELS	non-CpG-tv	189194	189194	14054.921	2145.488569	188873	62416.078003254624	687132.5502001961	18734	51337	61349
K562_skew	[-0.5,-0.2)	pELS	unknown	582	0	0	0	545	-159.0119994212871	891.3923135394896	6	224	123
K562_skew	[-1.0,-0.5)	Other cCREs	CpG-CGI	1220	1220	2056.96	4224.049742	1211	-779.5259989775949	4086.9908011759967	44	272	85
K562_skew	[-1.0,-0.5)	Other cCREs	CpG-nonCGI	55999	55999	119451.518	275635.120054	55609	-48879.41496062281	154644.91241125483	410	2809	6924
K562_skew	[-1.0,-0.5)	Other cCREs	non-CpG-ti	110722	110722	17794.493	3786.201175	110257	6530.38602183282	180141.2571086378	3629	4115	14608
K562_skew	[-1.0,-0.5)	Other cCREs	non-CpG-tv	97400	97400	6726.341	881.263805	96765	-6478.324980099804	165504.6591929184	2744	3884	13624
K562_skew	[-1.0,-0.5)	Other cCREs	unknown	178	0	0	0	162	-48.735000099986806	187.82633454588154	0	7	16
K562_skew	[-1.0,-0.5)	PLS	CpG-CGI	8988	8988	4131.931	3397.632743	8987	15541.86999426142	105767.76532457693	3081	3868	6068
K562_skew	[-1.0,-0.5)	PLS	CpG-nonCGI	5543	5543	7399.76	13776.072096	5538	1638.3980010411472	39681.284763486925	861	1758	3000
K562_skew	[-1.0,-0.5)	PLS	non-CpG-ti	22360	22360	3852.104	859.16677	22350	46617.24300052202	288197.6412270523	8471	8371	13148
K562_skew	[-1.0,-0.5)	PLS	non-CpG-tv	29510	29510	2428.694	341.14799	29489	51196.16797755764	324407.7005773508	9836	11261	18323
K562_skew	[-1.0,-0.5)	PLS	unknown	33	0	0	0	33	-4.209999933838849	145.35736379186878	1	7	19
K562_skew	[-1.0,-0.5)	dELS	CpG-CGI	5299	5299	6348.595	11635.876345	5280	-1132.833998291171	24605.37092663571	450	1215	2113
K562_skew	[-1.0,-0.5)	dELS	CpG-nonCGI	169583	169583	342782.73099999997	762191.177615	169260	-144183.3179939345	627977.923515294	3972	18647	56098
K562_skew	[-1.0,-0.5)	dELS	non-CpG-ti	327588	327588	51488.515	10785.940535	327118	94844.74591346648	954440.2886681407	25388	29993	94573
K562_skew	[-1.0,-0.5)	dELS	non-CpG-tv	283644	283644	19117.352	2562.812372	283119	42205.22999517782	826965.8449480957	19530	27811	89245
K562_skew	[-1.0,-0.5)	dELS	unknown	277	0	0	0	264	-76.59399982914334	254.91723727072673	0	30	85
K562_skew	[-1.0,-0.5)	non-cCRE	CpG-CGI	3777	3777	4155.415	7661.815931	3770	200.82900111458696	18212.0871714052	398	1177	1134
K562_skew	[-1.0,-0.5)	non-cCRE	CpG-nonCGI	363700	363700	775117.808	1773167.737204	361710	-323580.32955236477	917976.6117401225	994	18106	6325
K562_skew	[-1.0,-0.5)	non-cCRE	non-CpG-ti	525294	525294	85629.19499999999	18887.027317	521152	-23065.258827743928	563804.4707426757	7777	20529	10830
K562_skew	[-1.0,-0.5)	non-cCRE	non-CpG-tv	486938	486938	37967.491	5954.405595	482114	-93669.65475335033	643935.5839383542	6442	20566	11572
K562_skew	[-1.0,-0.5)	non-cCRE	unknown	1011	0	0	0	897	-279.15999905951327	788.2781215013247	1	45	19
K562_skew	[-1.0,-0.5)	pELS	CpG-CGI	7051	7051	3565.639	3375.795289	7048	6077.503007104507	48549.454979251524	1425	2774	4041
K562_skew	[-1.0,-0.5)	pELS	CpG-nonCGI	24593	24593	40555.426	82068.354978	24559	-14718.327989366835	91188.08640455554	985	6067	8762
K562_skew	[-1.0,-0.5)	pELS	non-CpG-ti	55060	55060	9020.357	1929.398121	54989	39231.63999214072	278951.8253000628	8109	14623	20890
K562_skew	[-1.0,-0.5)	pELS	non-CpG-tv	56587	56587	4329.58	633.573972	56485	33692.07099272521	279684.2584911612	8043	16305	24016
K562_skew	[-1.0,-0.5)	pELS	unknown	207	0	0	0	202	-39.68999902531503	401.83863102306765	6	105	42
K562_skew	[-1.5,-1.0)	Other cCREs	CpG-CGI	240	240	408.868	867.940702	234	-97.16800092160712	1037.7545354554554	15	55	32
K562_skew	[-1.5,-1.0)	Other cCREs	CpG-nonCGI	12990	12990	28045.754	65815.993568	12896	-11205.222996460974	39070.139214437826	159	661	2259
K562_skew	[-1.5,-1.0)	Other cCREs	non-CpG-ti	26153	26153	4363.846	955.917458	26036	5563.104003567015	62017.73424777329	1391	1030	5319
K562_skew	[-1.5,-1.0)	Other cCREs	non-CpG-tv	22807	22807	1536.139	183.249839	22638	419.96200117317545	47243.294955371945	869	937	4648
K562_skew	[-1.5,-1.0)	Other cCREs	unknown	20	0	0	0	18	-5.433000065386289	12.244363239234206	0	3	3
K562_skew	[-1.5,-1.0)	PLS	CpG-CGI	2312	2312	1061.242	880.03234	2312	6583.5710021376135	44658.38909386391	1145	1013	1678
K562_skew	[-1.5,-1.0)	PLS	CpG-nonCGI	1642	1642	2278.09	4356.076698	1640	1265.440996480175	14968.48799596612	345	496	996
K562_skew	[-1.5,-1.0)	PLS	non-CpG-ti	6255	6255	1099.527	248.748697	6244	18124.121985691832	112349.2494617767	3090	2401	4235
K562_skew	[-1.5,-1.0)	PLS	non-CpG-tv	7550	7550	585.95	70.638836	7542	18257.860991220692	116154.17849071823	3275	3074	5252
K562_skew	[-1.5,-1.0)	PLS	unknown	4	0	0	0	4	4.825000002980229	12.710457089024024	1	1	2
K562_skew	[-1.5,-1.0)	dELS	CpG-CGI	1188	1188	1435.502	2682.12717	1188	70.68899929802879	7018.641984531218	142	310	582
K562_skew	[-1.5,-1.0)	dELS	CpG-nonCGI	39527	39527	80739.472	182519.97123	39450	-30331.991003439427	153154.25962818915	1248	4539	16327
K562_skew	[-1.5,-1.0)	dELS	non-CpG-ti	78796	78796	12568.294	2626.221274	78670	41467.10296523302	329747.4836870103	8862	7619	31330
K562_skew	[-1.5,-1.0)	dELS	non-CpG-tv	65270	65270	4190.327	480.492993	65110	19397.225992193344	232289.02450210424	5708	6644	26886
K562_skew	[-1.5,-1.0)	dELS	unknown	34	0	0	0	34	-18.22399999946355	41.94402392138938	0	9	5
K562_skew	[-1.5,-1.0)	non-cCRE	CpG-CGI	652	652	754.302	1394.48915	643	364.13300065230595	4763.88170728374	113	201	223
K562_skew	[-1.5,-1.0)	non-cCRE	CpG-nonCGI	66630	66630	148251.473	354193.837851	66348	-62960.120900176604	181924.54086337698	241	3391	1511
K562_skew	[-1.5,-1.0)	non-cCRE	non-CpG-ti	90031	90031	15599.4	3517.214888	89179	42.89904599578553	94078.41928854372	1459	3880	2666
K562_skew	[-1.5,-1.0)	non-cCRE	non-CpG-tv	82233	82233	5328.2880000000005	602.379958	81272	-9306.122958085269	98685.85857936979	1156	3856	2646
K562_skew	[-1.5,-1.0)	non-cCRE	unknown	127	0	0	0	108	-58.526000212878024	218.90476055018323	0	12	1
K562_skew	[-1.5,-1.0)	pELS	CpG-CGI	1469	1469	754.595	719.290625	1469	2042.0029986121233	16663.008512109514	422	615	938
K562_skew	[-1.5,-1.0)	pELS	CpG-nonCGI	5467	5467	9094.986	18616.274274	5461	-2566.5399979371573	24199.300497379743	332	1362	2332
K562_skew	[-1.5,-1.0)	pELS	non-CpG-ti	12836	12836	2139.188	454.085786	12816	14124.766994865266	92254.7507294654	2577	3540	6159
K562_skew	[-1.5,-1.0)	pELS	non-CpG-tv	12220	12220	865.703	101.879177	12193	10859.754007262647	80090.00533335017	2244	3528	6261
K562_skew	[-1.5,-1.0)	pELS	unknown	24	0	0	0	23	-7.240000179037456	14.183642587547226	0	5	1
K562_skew	[0.05,0.2)	Other cCREs	CpG-CGI	3460	3460	5588.671	10750.042097	3441	-2566.3919986287356	12758.648721933283	96	582	142
K562_skew	[0.05,0.2)	Other cCREs	CpG-nonCGI	144377	144377	292641.152	634628.15143	142698	-112835.08793258204	388099.98923776625	1350	7039	7629
K562_skew	[0.05,0.2)	Other cCREs	non-CpG-ti	2160193	2160193	353805.333	81172.248411	2152065	-227400.7657580054	3441603.3612135486	53943	68918	100728
K562_skew	[0.05,0.2)	Other cCREs	non-CpG-tv	1463907	1463907	88070.187	9796.165457	1455713	-18083.64387071994	2145319.14490923	40468	48442	67774
K562_skew	[0.05,0.2)	Other cCREs	unknown	2360	0	0	0	1659	-376.6859998973088	1129.8430145590607	1	173	31
K562_skew	[0.05,0.2)	PLS	CpG-CGI	14822	14822	7224.965999999999	5974.68409	14814	1527.7389887971813	79869.78808822096	1833	6049	8366
K562_skew	[0.05,0.2)	PLS	CpG-nonCGI	8035	8035	10523.735	18423.634187	8021	-4542.392001685104	38641.13353435035	472	2299	2724
K562_skew	[0.05,0.2)	PLS	non-CpG-ti	142785	142785	21536.871	4303.521643	142686	48813.19101400475	755329.4095842037	19026	48220	49235
K562_skew	[0.05,0.2)	PLS	non-CpG-tv	128656	128656	9444.465	1234.279177	128536	37767.502987731954	671259.8486434601	16593	45712	49658
K562_skew	[0.05,0.2)	PLS	unknown	762	0	0	0	761	-64.28700075962153	2317.4604905502433	48	359	76
K562_skew	[0.05,0.2)	dELS	CpG-CGI	13291	13291	15917.349	27624.395159	13270	-8687.586003829148	53553.24315120584	589	2909	3663
K562_skew	[0.05,0.2)	dELS	CpG-nonCGI	422093	422093	797162.312	1637504.306098	421344	-356239.71292569593	1499373.6102288046	7989	41357	71171
K562_skew	[0.05,0.2)	dELS	non-CpG-ti	5743187	5743187	924549.692	212203.915208	5736233	-271770.59244155744	13598149.38783187	263828	434157	692533
K562_skew	[0.05,0.2)	dELS	non-CpG-tv	3776451	3776451	217275.211	22733.259246999998	3770586	379054.36179319787	8378491.210420002	196884	291539	472441
K562_skew	[0.05,0.2)	dELS	unknown	2303	0	0	0	2259	-707.199001110974	2662.251411508284	8	182	262
K562_skew	[0.05,0.2)	non-cCRE	CpG-CGI	12273	12273	12276.755	20039.191625	12247	-4821.809997997597	39910.36486843093	573	3721	2935
K562_skew	[0.05,0.2)	non-cCRE	CpG-nonCGI	1397463	1397463	2942813.603	6579345.193495	1386211	-1128710.3170690243	3408524.884647162	7207	52962	11178
K562_skew	[0.05,0.2)	non-cCRE	non-CpG-ti	23631558	23631558	3877066.987999993	888740.413488	23390673	-3321537.002121809	28629592.454932634	304125	622709	133820
K562_skew	[0.05,0.2)	non-cCRE	non-CpG-tv	16935194	16935194	1061823.155000001	132411.00072899996	16717714	-1283665.7852978455	18291532.048283108	237629	443664	99542
K562_skew	[0.05,0.2)	non-cCRE	unknown	16874	0	0	0	12503	-3458.9999922579136	13153.053992981304	36	960	147
K562_skew	[0.05,0.2)	pELS	CpG-CGI	19108	19108	10010.16	9255.54497	19096	-645.2170042098742	73710.53373151163	1673	7407	8611
K562_skew	[0.05,0.2)	pELS	CpG-nonCGI	59299	59299	92769.236	174612.879952	59224	-45594.26198138463	201279.89085493132	1282	13352	11166
K562_skew	[0.05,0.2)	pELS	non-CpG-ti	842328	842328	131229.929	28400.611101	841570	39665.20497679711	2253483.9091365985	49620	190631	135847
K562_skew	[0.05,0.2)	pELS	non-CpG-tv	614547	614547	38098.698000000004	4344.274708	613781	91541.13202397831	1602273.5624468392	39379	148440	111677
K562_skew	[0.05,0.2)	pELS	unknown	1335	0	0	0	1256	-490.5950027300275	2428.222505316855	15	554	141
K562_skew	[0.2,0.5)	Other cCREs	CpG-CGI	1092	1092	1726.753	3325.089361	1077	-823.6100021358579	3885.177161458605	24	195	60
K562_skew	[0.2,0.5)	Other cCREs	CpG-nonCGI	35377	35377	73173.066	161901.789216	34966	-29915.239974827044	100304.51687534638	299	1810	2367
K562_skew	[0.2,0.5)	Other cCREs	non-CpG-ti	445401	445401	70576.954	15437.101364	443313	-58053.35592627992	686784.2693677855	9783	15703	26480
K562_skew	[0.2,0.5)	Other cCREs	non-CpG-tv	317504	317504	19105.925	2013.120663	315202	-12741.45094553184	452865.902633631	7863	12326	18711
K562_skew	[0.2,0.5)	Other cCREs	unknown	632	0	0	0	487	-141.2919997125864	395.820056127238	0	42	8
K562_skew	[0.2,0.5)	PLS	CpG-CGI	5230	5230	2546.4	2170.589488	5228	2092.6850027743494	31945.77773460058	849	2160	3029
K562_skew	[0.2,0.5)	PLS	CpG-nonCGI	2457	2457	3170.887	5560.340065	2455	-920.2779972916469	12151.786576848725	191	762	964
K562_skew	[0.2,0.5)	PLS	non-CpG-ti	47514	47514	7129.468	1374.563382	47492	27423.99297585174	294367.3438724155	8029	16646	18472
K562_skew	[0.2,0.5)	PLS	non-CpG-tv	49095	49095	3736.753	499.481405	49057	25752.231964284674	295926.1547746181	7983	18135	21188
K562_skew	[0.2,0.5)	PLS	unknown	175	0	0	0	175	-52.29400001419714	366.9019944815953	1	61	17
K562_skew	[0.2,0.5)	dELS	CpG-CGI	4321	4321	5068.957	8892.937993	4315	-2048.742992825574	18832.884124362256	268	995	1330
K562_skew	[0.2,0.5)	dELS	CpG-nonCGI	107474	107474	206168.295	431884.200623	107271	-94591.93500894438	395042.2159917656	2064	11101	22950
K562_skew	[0.2,0.5)	dELS	non-CpG-ti	1296374	1296374	201342.144	43461.236176	1294589	-60626.4420442693	3078143.6013782974	60251	109166	201248
K562_skew	[0.2,0.5)	dELS	non-CpG-tv	903602	903602	52231.638	5265.98113	901957	77265.06988566564	2059654.9328182023	47443	78661	145082
K562_skew	[0.2,0.5)	dELS	unknown	727	0	0	0	708	-216.43800071976156	624.6995526027266	0	68	88
K562_skew	[0.2,0.5)	non-cCRE	CpG-CGI	3745	3745	3702.0570000000002	6149.718825	3728	-758.2800024164609	13519.909467781914	261	1190	1066
K562_skew	[0.2,0.5)	non-cCRE	CpG-nonCGI	279490	279490	599368.164	1359345.605152	277595	-248703.71776390757	733931.0425269076	1154	12334	3184
K562_skew	[0.2,0.5)	non-cCRE	non-CpG-ti	3566909	3566909	559433.767	122340.78976099999	3533971	-569404.9382960969	4455216.594739844	44360	117125	32479
K562_skew	[0.2,0.5)	non-cCRE	non-CpG-tv	2651167	2651167	163457.689	18540.909033	2619144	-223662.50422452012	2972725.6769990874	37620	89878	27202
K562_skew	[0.2,0.5)	non-cCRE	unknown	3780	0	0	0	3022	-881.7469974010019	3069.6898391685017	6	213	40
K562_skew	[0.2,0.5)	pELS	CpG-CGI	6451	6451	3299.122	3040.817524	6449	1374.944000659395	26860.17285816453	732	2526	3182
K562_skew	[0.2,0.5)	pELS	CpG-nonCGI	15513	15513	24307.597	46324.600871	15485	-11232.876997196005	52991.07856677118	386	3627	3686
K562_skew	[0.2,0.5)	pELS	non-CpG-ti	206158	206158	31149.216	6304.614244	205959	29142.301983885347	616847.5946487958	15215	50878	44039
K562_skew	[0.2,0.5)	pELS	non-CpG-tv	168318	168318	11047.941	1316.054775	168074	38251.753041991265	509912.63632524875	13495	45133	40531
K562_skew	[0.2,0.5)	pELS	unknown	342	0	0	0	324	-133.9590009367091	814.4324703299405	5	112	53
K562_skew	[0.5,1.0)	Other cCREs	CpG-CGI	331	331	556.303	1136.394293	325	-212.70399963110677	1181.1016033187404	9	55	8
K562_skew	[0.5,1.0)	Other cCREs	CpG-nonCGI	8555	8555	18057.472999999998	40672.159989	8453	-7654.425996939886	24936.39368620616	49	423	658
K562_skew	[0.5,1.0)	Other cCREs	non-CpG-ti	104145	104145	15811.896	3211.022004	103662	-16090.088990688564	157759.6166306267	2046	3915	6896
K562_skew	[0.5,1.0)	Other cCREs	non-CpG-tv	72653	72653	4417.1050000000005	480.016009	71983	-6224.8549874470355	101053.9108129032	1491	2934	4770
K562_skew	[0.5,1.0)	Other cCREs	unknown	167	0	0	0	128	-33.88200011104347	84.30981579849085	0	11	4
K562_skew	[0.5,1.0)	PLS	CpG-CGI	1336	1336	632.815	552.659571	1336	942.1429996924713	8899.861504019356	275	532	820
K562_skew	[0.5,1.0)	PLS	CpG-nonCGI	705	705	894.103	1579.428879	705	-132.6989983970997	3825.7301775788555	62	238	305
K562_skew	[0.5,1.0)	PLS	non-CpG-ti	12912	12912	1896.6280000000002	349.51051	12904	9325.471997237068	89058.81308334108	2435	4685	5029
K562_skew	[0.5,1.0)	PLS	non-CpG-tv	13644	13644	1079.025	156.014963	13632	9854.471002378039	91825.74841637096	2561	5066	6163
K562_skew	[0.5,1.0)	PLS	unknown	44	0	0	0	44	0.22800033725801705	122.56394083273243	3	16	10
K562_skew	[0.5,1.0)	dELS	CpG-CGI	1243	1243	1436.372	2551.610316	1241	-534.4099965295754	4923.217244202161	75	255	451
K562_skew	[0.5,1.0)	dELS	CpG-nonCGI	28144	28144	54813.923	116562.85788899999	28099	-25128.188983694425	105527.59318229457	559	2996	6617
K562_skew	[0.5,1.0)	dELS	non-CpG-ti	323591	323591	48280.76	9691.009166	323119	-16564.560985602322	774118.9133000225	15229	28791	56967
K562_skew	[0.5,1.0)	dELS	non-CpG-tv	223697	223697	13130.476	1373.873572	223284	12914.743016534141	524719.7183459242	11524	21333	41710
K562_skew	[0.5,1.0)	dELS	unknown	183	0	0	0	174	-36.23900006513573	121.70807738504125	0	6	20
K562_skew	[0.5,1.0)	non-cCRE	CpG-CGI	1050	1050	1000.09	1670.3365000000001	1044	55.76700156170401	3438.6434275060806	88	305	333
K562_skew	[0.5,1.0)	non-cCRE	CpG-nonCGI	53802	53802	114252.11	258001.020784	53412	-46823.071975462386	141498.36593296824	261	2665	866
K562_skew	[0.5,1.0)	non-cCRE	non-CpG-ti	706489	706489	105684.506	21178.873466	701042	-129462.11186882285	910360.6121453833	8421	26939	8466
K562_skew	[0.5,1.0)	non-cCRE	non-CpG-tv	508729	508729	32627.655	4025.483339	503436	-55191.328813168	588361.7528389717	6737	20948	7274
K562_skew	[0.5,1.0)	non-cCRE	unknown	906	0	0	0	735	-226.35399948607662	864.9720871170292	1	49	6
K562_skew	[0.5,1.0)	pELS	CpG-CGI	1840	1840	919.895	850.236619	1838	935.2449996456273	8513.893202787636	269	743	928
K562_skew	[0.5,1.0)	pELS	CpG-nonCGI	4017	4017	6246.898	11982.645248	4008	-2865.0640049455706	13913.108938738307	108	1000	1038
K562_skew	[0.5,1.0)	pELS	non-CpG-ti	53951	53951	7896.459	1506.875573	53895	10808.001013020994	179625.06283164982	4503	13888	12687
K562_skew	[0.5,1.0)	pELS	non-CpG-tv	45561	45561	3169.165	412.216569	45489	12713.431979185441	157880.49409515757	4266	12987	12666
K562_skew	[0.5,1.0)	pELS	unknown	109	0	0	0	103	-28.795000610873057	376.7913251949735	4	34	14
K562_skew	[1.0,1.5)	Other cCREs	CpG-CGI	73	73	126.66199999999999	259.615048	73	-47.90799995698033	392.2199035164657	3	8	3
K562_skew	[1.0,1.5)	Other cCREs	CpG-nonCGI	1800	1800	3861.101	8809.459823	1791	-1641.7550022316864	5253.842809423057	11	96	139
K562_skew	[1.0,1.5)	Other cCREs	non-CpG-ti	19286	19286	2803.0480000000002	527.97396	19195	-3132.606998641277	28092.413808332378	341	766	1379
K562_skew	[1.0,1.5)	Other cCREs	non-CpG-tv	13347	13347	812.783	83.823263	13224	-1736.7609905243148	18573.04803618973	238	563	992
K562_skew	[1.0,1.5)	Other cCREs	unknown	21	0	0	0	15	-0.13400002941488826	2.244262060107767	0	2	2
K562_skew	[1.0,1.5)	PLS	CpG-CGI	215	215	109.535	106.446203	215	134.1660003820436	1304.4797395821581	43	85	133
K562_skew	[1.0,1.5)	PLS	CpG-nonCGI	144	144	202.471	368.962715	144	-74.98200045526033	971.7496027696368	8	49	57
K562_skew	[1.0,1.5)	PLS	non-CpG-ti	2342	2342	334.257	58.613969	2341	1742.7230004644953	16600.214672509774	455	803	866
K562_skew	[1.0,1.5)	PLS	non-CpG-tv	2669	2669	235.619	37.616145	2666	2284.75100384152	17771.471875220384	535	968	1162
K562_skew	[1.0,1.5)	PLS	unknown	11	0	0	0	11	-4.527999922633171	18.815799545449014	0	7	1
K562_skew	[1.0,1.5)	dELS	CpG-CGI	321	321	388.963	707.414209	321	-73.35799907718315	1548.0866417325606	32	61	109
K562_skew	[1.0,1.5)	dELS	CpG-nonCGI	6282	6282	12362.136	26416.387122	6278	-5691.288994923934	23898.667881104193	127	690	1627
K562_skew	[1.0,1.5)	dELS	non-CpG-ti	62908	62908	8895.202	1616.914116	62822	-3467.7279993678667	145657.91298763122	2956	5768	11282
K562_skew	[1.0,1.5)	dELS	non-CpG-tv	43936	43936	2614.134	272.682312	43842	2329.0940017529065	104391.53586130126	2356	4298	8902
K562_skew	[1.0,1.5)	dELS	unknown	29	0	0	0	29	-9.798000112175929	22.249402282873874	0	4	5
K562_skew	[1.0,1.5)	non-cCRE	CpG-CGI	225	225	206.706	338.876844	225	-1.7800006568431932	1173.8691056485923	24	72	68
K562_skew	[1.0,1.5)	non-cCRE	CpG-nonCGI	7320	7320	15655.572	35524.225252000004	7277	-6714.333999523663	21232.91757444686	39	429	182
K562_skew	[1.0,1.5)	non-cCRE	non-CpG-ti	121589	121589	17391.4	3224.50216	120692	-26474.725992268774	163053.26769585782	1315	4958	1537
K562_skew	[1.0,1.5)	non-cCRE	non-CpG-tv	85391	85391	5355.014	562.2386300000001	84596	-10312.075957515743	99315.78676327328	1099	3967	1521
K562_skew	[1.0,1.5)	non-cCRE	unknown	143	0	0	0	111	-38.55999976769092	177.2621168998482	1	13	1
K562_skew	[1.0,1.5)	pELS	CpG-CGI	427	427	181.762	143.031832	427	282.63300020340824	2137.0322717810764	64	181	240
K562_skew	[1.0,1.5)	pELS	CpG-nonCGI	823	823	1328.973	2612.887781	823	-558.1269983334935	3395.201105941953	28	189	235
K562_skew	[1.0,1.5)	pELS	non-CpG-ti	10583	10583	1488.609	265.522385	10572	1607.5179993769834	33327.17362868142	854	2761	2509
K562_skew	[1.0,1.5)	pELS	non-CpG-tv	9598	9598	726.698	99.431494	9586	2790.5259987756162	33266.56241100844	925	2728	2879
K562_skew	[1.0,1.5)	pELS	unknown	28	0	0	0	26	-19.766000024974346	85.4461342119758	0	15	4
K562_skew	[1.5,Inf)	Other cCREs	CpG-CGI	12	12	13.332	20.124599999999997	12	5.937999957241117	65.99683732102366	1	4	1
K562_skew	[1.5,Inf)	Other cCREs	CpG-nonCGI	501	501	1110.575	2587.807877	499	-486.24600049830053	1615.9763687363718	3	18	43
K562_skew	[1.5,Inf)	Other cCREs	non-CpG-ti	6663	6663	933.506	162.8669	6645	-1560.5319965068486	10258.156129942874	109	233	415
K562_skew	[1.5,Inf)	Other cCREs	non-CpG-tv	4154	4154	247.838	23.94536	4112	-513.8399968720041	5788.25414553278	77	198	238
K562_skew	[1.5,Inf)	Other cCREs	unknown	5	0	0	0	2	0.246999993920326	0.030616998507261302	0	1	0
K562_skew	[1.5,Inf)	PLS	CpG-CGI	38	38	12.111	5.1986490000000005	38	41.584999628365	242.13889512189564	9	13	25
K562_skew	[1.5,Inf)	PLS	CpG-nonCGI	29	29	40.231	75.568799	29	5.835000041872263	214.9485406279719	5	11	15
K562_skew	[1.5,Inf)	PLS	non-CpG-ti	680	680	92.172	14.848384	680	449.0360025217529	4025.0665521171886	128	224	250
K562_skew	[1.5,Inf)	PLS	non-CpG-tv	768	768	68.495	10.692011	768	618.7419964484873	5018.733714763726	151	274	347
K562_skew	[1.5,Inf)	PLS	unknown	5	0	0	0	5	-1.718999892473217	2.678338767097959	0	3	1
K562_skew	[1.5,Inf)	dELS	CpG-CGI	65	65	70.193	122.440091	64	-60.881999837234616	227.73717038012495	0	15	25
K562_skew	[1.5,Inf)	dELS	CpG-nonCGI	2095	2095	4204.088	9068.551012	2095	-1891.3370004225294	8168.404448394888	39	251	558
K562_skew	[1.5,Inf)	dELS	non-CpG-ti	21590	21590	2940.85	499.250964	21557	-2053.967994526029	48307.31227772153	901	2043	3792
K562_skew	[1.5,Inf)	dELS	non-CpG-tv	14314	14314	842.856	82.362104	14290	144.33900581300298	34366.9576513404	716	1493	2912
K562_skew	[1.5,Inf)	dELS	unknown	14	0	0	0	14	-3.364999882876868	12.3232644173062	0	1	1
K562_skew	[1.5,Inf)	non-cCRE	CpG-CGI	62	62	61.673	101.815677	62	-9.130999535089355	230.44403120220628	5	17	13
K562_skew	[1.5,Inf)	non-cCRE	CpG-nonCGI	1498	1498	3303.404	7670.038928	1493	-1505.2809996430299	5509.605336264231	18	92	51
K562_skew	[1.5,Inf)	non-cCRE	non-CpG-ti	42415	42415	5678.297	950.766097	42173	-14335.775992879524	65923.23409285511	383	1854	558
K562_skew	[1.5,Inf)	non-cCRE	non-CpG-tv	24392	24392	1455.001	139.113151	24185	-4013.533988223761	32560.658072315284	346	1316	513
K562_skew	[1.5,Inf)	non-cCRE	unknown	35	0	0	0	27	-12.923000000417249	36.752854966406304	0	1	0
K562_skew	[1.5,Inf)	pELS	CpG-CGI	120	120	54.686	53.297724	120	67.55100122559821	776.9584741519385	24	45	67
K562_skew	[1.5,Inf)	pELS	CpG-nonCGI	263	263	434.76300000000003	881.756717	263	-198.89800017792743	1016.9551666207369	10	63	91
K562_skew	[1.5,Inf)	pELS	non-CpG-ti	3743	3743	502.865	83.811029	3739	538.4530035227075	10268.701956012294	292	993	920
K562_skew	[1.5,Inf)	pELS	non-CpG-tv	3419	3419	266.356	36.803916	3412	1209.1830039698405	11367.029266746595	333	1003	1086
K562_skew	[1.5,Inf)	pELS	unknown	39	0	0	0	39	-21.815999891609	88.50326770148018	1	21	8
SKNSH_skew	(-Inf,-1.5)	Other cCREs	CpG-CGI	76	76	144.074	312.169742	74	-4.147000230848793	448.3515940307815	6	14	10
SKNSH_skew	(-Inf,-1.5)	Other cCREs	CpG-nonCGI	6114	6114	13506.722	31986.0985	6096	-5755.503002177341	17640.745667087056	28	211	762
SKNSH_skew	(-Inf,-1.5)	Other cCREs	non-CpG-ti	5413	5413	819.63	157.271476	5367	616.5150044818876	6151.9350445341515	144	228	856
SKNSH_skew	(-Inf,-1.5)	Other cCREs	non-CpG-tv	5828	5828	396.253	45.549717	5775	-1420.4800005614525	10616.403195369232	113	196	875
SKNSH_skew	(-Inf,-1.5)	Other cCREs	unknown	7	0	0	0	7	-5.659000001847742	10.328653048303847	0	0	1
SKNSH_skew	(-Inf,-1.5)	PLS	CpG-CGI	1344	1344	608.054	485.215564	1344	5000.84900051402	35988.13387293581	804	621	940
SKNSH_skew	(-Inf,-1.5)	PLS	CpG-nonCGI	759	759	1101.5439999999999	2129.10368	759	659.7790006510913	7697.71375266004	166	209	396
SKNSH_skew	(-Inf,-1.5)	PLS	non-CpG-ti	1539	1539	213.036	36.187756	1534	5473.335000091932	36624.894176307134	860	601	971
SKNSH_skew	(-Inf,-1.5)	PLS	non-CpG-tv	2539	2539	185.961	21.177857	2537	8272.028993583637	56996.886635303	1376	1025	1682
SKNSH_skew	(-Inf,-1.5)	PLS	unknown	1	0	0	0	1	3.45700001716614	11.9508491186867	1	0	0
SKNSH_skew	(-Inf,-1.5)	dELS	CpG-CGI	408	408	497.003	921.536053	407	82.93199926509992	2575.2493341319964	59	95	196
SKNSH_skew	(-Inf,-1.5)	dELS	CpG-nonCGI	18018	18018	38085.375	87583.09151700001	18000	-13915.906995457362	64559.85153633053	479	1817	6294
SKNSH_skew	(-Inf,-1.5)	dELS	non-CpG-ti	17066	17066	2404.723	429.773083	17041	9456.629988869885	62586.53516949582	1803	1558	7588
SKNSH_skew	(-Inf,-1.5)	dELS	non-CpG-tv	17549	17549	1058.734	108.361498	17513	2934.0390037260936	57747.28380450855	1347	1725	7386
SKNSH_skew	(-Inf,-1.5)	dELS	unknown	3	0	0	0	3	0.5860000252723689	0.5025540337464816	0	0	1
SKNSH_skew	(-Inf,-1.5)	non-cCRE	CpG-CGI	274	274	354.077	669.508607	271	237.15299817465706	2483.0072044292097	53	87	78
SKNSH_skew	(-Inf,-1.5)	non-cCRE	CpG-nonCGI	31755	31755	72221.581	173890.793479	31651	-31715.684976724922	93308.90156185933	103	1117	595
SKNSH_skew	(-Inf,-1.5)	non-cCRE	non-CpG-ti	23356	23356	3652.227	701.522051	22978	1390.7770093441936	20055.210183822866	302	864	576
SKNSH_skew	(-Inf,-1.5)	non-cCRE	non-CpG-tv	22971	22971	1540.511	175.015385	22691	-6702.868997523212	39085.50974845644	291	912	651
SKNSH_skew	(-Inf,-1.5)	non-cCRE	unknown	32	0	0	0	29	-4.8880001269280875	28.28418603808128	0	8	0
SKNSH_skew	(-Inf,-1.5)	pELS	CpG-CGI	422	422	218.997	203.726065	422	963.6920004880526	7341.855855003916	156	172	265
SKNSH_skew	(-Inf,-1.5)	pELS	CpG-nonCGI	2132	2132	3891.31	8378.490738	2131	-786.6190025493272	8486.337775303993	121	489	840
SKNSH_skew	(-Inf,-1.5)	pELS	non-CpG-ti	2312	2312	333.593	60.900937	2311	3195.8419999865587	21198.121972892113	537	585	1204
SKNSH_skew	(-Inf,-1.5)	pELS	non-CpG-tv	2660	2660	162.165	15.191765	2658	3034.629001355615	23146.073789438244	580	731	1334
SKNSH_skew	[-0.05,0.05)	Other cCREs	CpG-CGI	16147	16147	27114.808	54298.478456	16055	-11117.533995533015	54737.07789586089	404	2352	557
SKNSH_skew	[-0.05,0.05)	Other cCREs	CpG-nonCGI	1002436	1002436	2098112.97	4678160.423312	995097	-769183.1826855789	2672739.4306453443	10834	42551	41608
SKNSH_skew	[-0.05,0.05)	Other cCREs	non-CpG-ti	10004643	10004643	1487340.9259999997	298332.42683	9973624	361816.93755773705	14492218.847842086	311706	281703	355190
SKNSH_skew	[-0.05,0.05)	Other cCREs	non-CpG-tv	6612008	6612008	397172.276	57198.053932	6580989	207389.8414763889	9955531.891912822	212388	192464	243243
SKNSH_skew	[-0.05,0.05)	Other cCREs	unknown	12294	0	0	0	8452	-2235.7840013050004	6914.090184802728	7	632	180
SKNSH_skew	[-0.05,0.05)	PLS	CpG-CGI	47656	47656	23592.68	20379.924466	47641	46.014015014516005	228368.09134138506	5068	19033	26800
SKNSH_skew	[-0.05,0.05)	PLS	CpG-nonCGI	33649	33649	48229.627	89865.67370500001	33595	-20199.896004011734	148152.53527839438	1649	9198	9571
SKNSH_skew	[-0.05,0.05)	PLS	non-CpG-ti	343940	343940	49360.019	9030.182093	343703	135835.2299435852	1543670.485393284	40925	104799	98808
SKNSH_skew	[-0.05,0.05)	PLS	non-CpG-tv	293546	293546	21765.259000000002	3167.804761	293218	71632.96291340106	1379606.7696432583	33123	95165	99638
SKNSH_skew	[-0.05,0.05)	PLS	unknown	4635	0	0	0	4633	-543.4699991659719	12241.334567278553	206	2335	288
SKNSH_skew	[-0.05,0.05)	dELS	CpG-CGI	55944	55944	71529.696	131630.682854	55859	-39360.04600688025	223262.90393321056	2085	11809	13707
SKNSH_skew	[-0.05,0.05)	dELS	CpG-nonCGI	2621712	2621712	5170966.624	11005908.489120003	2617739	-2105706.42587918	8935050.069332633	50690	224637	333734
SKNSH_skew	[-0.05,0.05)	dELS	non-CpG-ti	23193704	23193704	3356030.627999994	657083.364638	23167881	3193862.7823065897	48873048.1559771	1218787	1542540	2090769
SKNSH_skew	[-0.05,0.05)	dELS	non-CpG-tv	15007758	15007758	872928.8550000004	119868.39891699998	14986105	1959555.4603652037	32883479.861419134	805510	1012960	1428703
SKNSH_skew	[-0.05,0.05)	dELS	unknown	11148	0	0	0	10717	-2918.5720040149745	11051.681249753083	32	918	961
SKNSH_skew	[-0.05,0.05)	non-cCRE	CpG-CGI	58677	58677	60064.013999999996	101862.815334	58558	-26317.584006379362	183011.60778404906	2272	17373	13310
SKNSH_skew	[-0.05,0.05)	non-cCRE	CpG-nonCGI	13510818	13510818	29253124.737	66960635.70288498	13400756	-10713994.14661679	31927733.96296719	68903	414215	68556
SKNSH_skew	[-0.05,0.05)	non-cCRE	non-CpG-ti	156907607	156907607	23883449.7060002	5020777.063379931	155381788	-8739804.014671717	161226862.14764246	2224167	3244999	484873
SKNSH_skew	[-0.05,0.05)	non-cCRE	non-CpG-tv	103276656	103276656	6341587.329999997	1085863.779704005	101883252	-5158357.506710383	108692300.23378272	1543976	2146061	349503
SKNSH_skew	[-0.05,0.05)	non-cCRE	unknown	130620	0	0	0	89287	-25483.924982898763	92677.7594666611	284	4974	1336
SKNSH_skew	[-0.05,0.05)	pELS	CpG-CGI	76553	76553	40224.038	38466.96567	76516	-9612.337987500245	256867.5543973311	5300	29673	32198
SKNSH_skew	[-0.05,0.05)	pELS	CpG-nonCGI	361410	361410	601250.209	1180674.541467	360988	-275075.47892276384	1168695.7996830025	6834	75333	49381
SKNSH_skew	[-0.05,0.05)	pELS	non-CpG-ti	3130222	3130222	446917.056	84868.77459	3127839	475717.3518698923	6841666.731922147	170634	633540	363456
SKNSH_skew	[-0.05,0.05)	pELS	non-CpG-tv	2167780	2167780	133180.405	18733.750299	2165359	239756.3500150369	5038630.861066184	118349	462787	288882
SKNSH_skew	[-0.05,0.05)	pELS	unknown	5875	0	0	0	5561	-1466.0019973031053	10874.901495847356	115	2318	490
SKNSH_skew	[-0.2,-0.05)	Other cCREs	CpG-CGI	15095	15095	25444.352	51622.14211	14974	-10026.258998362233	51965.401384141864	389	2179	547
SKNSH_skew	[-0.2,-0.05)	Other cCREs	CpG-nonCGI	1006061	1006061	2159166.946	4950168.90871	998072	-840193.9305881168	2878183.84834011	9693	43318	50734
SKNSH_skew	[-0.2,-0.05)	Other cCREs	non-CpG-ti	2095850	2095850	285673.804	51715.53534	2086665	158736.83131276033	2886573.5057555847	65769	66294	108933
SKNSH_skew	[-0.2,-0.05)	Other cCREs	non-CpG-tv	1744957	1744957	109855.324	14577.145592	1732782	11291.119288206326	2675720.674607618	53694	57074	92510
SKNSH_skew	[-0.2,-0.05)	Other cCREs	unknown	4391	0	0	0	2569	-545.5939993726787	1544.8993135310484	1	257	113
SKNSH_skew	[-0.2,-0.05)	PLS	CpG-CGI	52243	52243	25384.408	21557.149472	52223	11554.901998334908	272467.6407786846	6951	20910	29819
SKNSH_skew	[-0.2,-0.05)	PLS	CpG-nonCGI	45036	45036	65446.641	124236.227927	44954	-23821.07999299595	203794.56871069336	2545	12683	13666
SKNSH_skew	[-0.2,-0.05)	PLS	non-CpG-ti	156464	156464	22646.355	4111.055017	156360	114761.53096136912	900065.1451056376	26980	53429	60922
SKNSH_skew	[-0.2,-0.05)	PLS	non-CpG-tv	174794	174794	13982.907	1979.204137	174626	83130.81599674412	978336.9182633815	26202	61723	75690
SKNSH_skew	[-0.2,-0.05)	PLS	unknown	1079	0	0	0	1078	-44.132000769605185	2470.0573451220416	58	473	119
SKNSH_skew	[-0.2,-0.05)	dELS	CpG-CGI	56778	56778	72971.424	136029.135076	56663	-34678.30102567375	233047.60873391834	2668	12073	14754
SKNSH_skew	[-0.2,-0.05)	dELS	CpG-nonCGI	3058309	3058309	6170354.3270000005	13493209.723949	3053151	-2593596.493767775	11106494.32109462	60534	276321	461833
SKNSH_skew	[-0.2,-0.05)	dELS	non-CpG-ti	5774512	5774512	781989.62	139047.757008	5766458	1258926.7775752037	12604847.749068132	346489	446274	804318
SKNSH_skew	[-0.2,-0.05)	dELS	non-CpG-tv	4683928	4683928	291164.129	37516.261321	4675304	597252.7208007649	10977041.739606308	268595	367466	678649
SKNSH_skew	[-0.2,-0.05)	dELS	unknown	3563	0	0	0	3033	-886.5030009732583	3552.570031129706	16	278	572
SKNSH_skew	[-0.2,-0.05)	non-cCRE	CpG-CGI	55869	55869	57638.333	99562.281649	55707	-20413.982981451554	179547.67702735163	2628	16530	13216
SKNSH_skew	[-0.2,-0.05)	non-cCRE	CpG-nonCGI	10650992	10650992	23439924.655	54637254.218845	10542672	-9233944.080089992	27928519.539738532	51946	379197	85418
SKNSH_skew	[-0.2,-0.05)	non-cCRE	non-CpG-ti	23107652	23107652	3044777.5689999918	558132.076211	22827553	471753.2467040493	23578410.449621934	412857	590286	151697
SKNSH_skew	[-0.2,-0.05)	non-cCRE	non-CpG-tv	19689519	19689519	1180083.1730000013	155903.19899499978	19347134	-635860.5120737643	22483469.27319592	352091	518892	143168
SKNSH_skew	[-0.2,-0.05)	non-cCRE	unknown	37308	0	0	0	16056	-4695.0620024583795	17261.380207316408	75	1247	1189
SKNSH_skew	[-0.2,-0.05)	pELS	CpG-CGI	75983	75983	39790.911	38197.720753	75938	944.0350022930623	268378.5032774776	6311	29643	33201
SKNSH_skew	[-0.2,-0.05)	pELS	CpG-nonCGI	417839	417839	702955.84	1409747.323908	417318	-318901.1098956041	1416685.4052613357	8981	90422	68912
SKNSH_skew	[-0.2,-0.05)	pELS	non-CpG-ti	847672	847672	116509.845	20633.434655	846889	273091.7230029689	2223466.975377146	65081	194687	160794
SKNSH_skew	[-0.2,-0.05)	pELS	non-CpG-tv	768539	768539	52500.529	7154.885303	767464	143340.18699530463	2139916.764926124	54761	187422	161708
SKNSH_skew	[-0.2,-0.05)	pELS	unknown	1983	0	0	0	1916	-581.5530002003075	3370.578102983237	15	810	349
SKNSH_skew	[-0.5,-0.2)	Other cCREs	CpG-CGI	3568	3568	6108.315	12505.193527	3528	-2398.848994199417	12632.828941130192	100	628	172
SKNSH_skew	[-0.5,-0.2)	Other cCREs	CpG-nonCGI	196434	196434	420625.002	965175.688468	195130	-168787.59590403194	549486.0186128124	1660	9323	16082
SKNSH_skew	[-0.5,-0.2)	Other cCREs	non-CpG-ti	359410	359410	55555.841	11517.852628999999	357428	10401.50703792042	515198.1888911552	10155	12721	31981
SKNSH_skew	[-0.5,-0.2)	Other cCREs	non-CpG-tv	326613	326613	21728.588	2894.947942	323798	-20346.399963152362	506541.84700988897	8479	12267	29155
SKNSH_skew	[-0.5,-0.2)	Other cCREs	unknown	925	0	0	0	530	-165.42499985545876	485.760308687379	0	47	59
SKNSH_skew	[-0.5,-0.2)	PLS	CpG-CGI	18303	18303	8393.493	6703.4012569999995	18295	16510.90099948156	141661.15558365925	4141	7553	11250
SKNSH_skew	[-0.5,-0.2)	PLS	CpG-nonCGI	12790	12790	17862.932	33713.983488	12778	-2304.777985387249	67314.57137503446	1207	3811	5350
SKNSH_skew	[-0.5,-0.2)	PLS	non-CpG-ti	55314	55314	8737.804	1794.242136	55279	72678.4619784509	483176.97327955	14775	20240	27130
SKNSH_skew	[-0.5,-0.2)	PLS	non-CpG-tv	67632	67632	5494.475	786.905807	67582	68492.84098632552	526537.9419696585	15601	25466	35492
SKNSH_skew	[-0.5,-0.2)	PLS	unknown	139	0	0	0	139	42.89400037378075	333.9732195514676	9	45	34
SKNSH_skew	[-0.5,-0.2)	dELS	CpG-CGI	13791	13791	17533.41	32638.983458	13773	-6044.5059868549	56700.34110264673	836	3200	4315
SKNSH_skew	[-0.5,-0.2)	dELS	CpG-nonCGI	614048	614048	1242307.014	2732321.085784	613025	-514456.0519585996	2202682.9493770027	13244	60697	140894
SKNSH_skew	[-0.5,-0.2)	dELS	non-CpG-ti	1085352	1085352	163599.978	33028.475134	1083341	252652.21177694167	2746175.488854946	73065	95422	239836
SKNSH_skew	[-0.5,-0.2)	dELS	non-CpG-tv	962295	962295	62659.885	8153.394681	959926	108435.3780107656	2519306.3866461404	58989	87043	219494
SKNSH_skew	[-0.5,-0.2)	dELS	unknown	1051	0	0	0	718	-245.3900006404146	770.6851892535126	2	102	227
SKNSH_skew	[-0.5,-0.2)	non-cCRE	CpG-CGI	11081	11081	12615.144	23097.28542	11024	-2156.855989739763	41109.740740786416	789	3354	2720
SKNSH_skew	[-0.5,-0.2)	non-cCRE	CpG-nonCGI	1753829	1753829	3778072.295	8629518.066189	1743208	-1605165.4936857854	4590538.543613249	6157	71979	19552
SKNSH_skew	[-0.5,-0.2)	non-cCRE	non-CpG-ti	2461531	2461531	387202.726	84364.430212	2428762	-121808.00554199833	2671743.3608188475	37957	83885	33821
SKNSH_skew	[-0.5,-0.2)	non-cCRE	non-CpG-tv	2340219	2340219	152338.983	19792.110333	2301380	-273281.19420712	2888134.1421029717	34633	81643	35075
SKNSH_skew	[-0.5,-0.2)	non-cCRE	unknown	11744	0	0	0	2959	-966.5269990063973	3279.1719904293186	5	222	685
SKNSH_skew	[-0.5,-0.2)	pELS	CpG-CGI	17377	17377	9081.315	8894.120855	17358	7661.937010393829	87928.27809259258	2498	6751	8795
SKNSH_skew	[-0.5,-0.2)	pELS	CpG-nonCGI	85387	85387	143000.93	287225.66547	85279	-59098.44498449263	293571.30755552615	2462	19299	20914
SKNSH_skew	[-0.5,-0.2)	pELS	non-CpG-ti	174960	174960	26904.338	5430.970124	174768	88947.38998599256	666980.8163407348	19808	44672	51601
SKNSH_skew	[-0.5,-0.2)	pELS	non-CpG-tv	175112	175112	12743.474	1827.2522079999999	174838	63810.97502668542	666990.9794830044	18285	47152	55874
SKNSH_skew	[-0.5,-0.2)	pELS	unknown	446	0	0	0	431	-113.54499928653225	817.9095544908666	7	203	71
SKNSH_skew	[-1.0,-0.5)	Other cCREs	CpG-CGI	1121	1121	1949.044	4021.284202	1108	-658.5679997054394	3563.0624233601197	37	244	55
SKNSH_skew	[-1.0,-0.5)	Other cCREs	CpG-nonCGI	59990	59990	129660.77	300203.970766	59592	-51147.43397505616	164925.59469258043	466	2735	6378
SKNSH_skew	[-1.0,-0.5)	Other cCREs	non-CpG-ti	86179	86179	14004.507	3154.339313	85700	4727.914010339071	137611.20219170355	2709	3031	11141
SKNSH_skew	[-1.0,-0.5)	Other cCREs	non-CpG-tv	80930	80930	5199.235	574.392011	80327	-6519.355968942053	129080.00068821282	1988	3083	10195
SKNSH_skew	[-1.0,-0.5)	Other cCREs	unknown	145	0	0	0	98	-37.531000144779696	152.05089808270327	0	8	27
SKNSH_skew	[-1.0,-0.5)	PLS	CpG-CGI	6215	6215	2842.02	2302.704942	6212	11346.442996444875	78642.00751091535	2222	2685	3955
SKNSH_skew	[-1.0,-0.5)	PLS	CpG-nonCGI	4901	4901	6949.405	13193.185653	4896	1310.8899937794786	34643.52032519124	748	1488	2490
SKNSH_skew	[-1.0,-0.5)	PLS	non-CpG-ti	18334	18334	3081.55	728.242854	18325	40590.35799698741	258020.2932949662	7301	6894	10359
SKNSH_skew	[-1.0,-0.5)	PLS	non-CpG-tv	23272	23272	1698.679	193.32178299999998	23249	40740.22899064036	270577.0582825626	7818	9036	13441
SKNSH_skew	[-1.0,-0.5)	PLS	unknown	18	0	0	0	18	-3.332999907433991	148.14179601634982	1	3	8
SKNSH_skew	[-1.0,-0.5)	dELS	CpG-CGI	4190	4190	5400.85	10015.313572000001	4182	-1382.5310052023285	21234.056993009075	331	1021	1432
SKNSH_skew	[-1.0,-0.5)	dELS	CpG-nonCGI	187611	187611	381468.463	844629.851843	187265	-149282.49796965375	679216.3412511842	4706	19378	55761
SKNSH_skew	[-1.0,-0.5)	dELS	non-CpG-ti	265766	265766	41203.618	8847.901622	265271	91160.80891995726	849683.8733543165	22809	24208	81579
SKNSH_skew	[-1.0,-0.5)	dELS	non-CpG-tv	244130	244130	15018.148	1622.161128	243584	39187.791967433994	740379.5353039422	17302	23122	75314
SKNSH_skew	[-1.0,-0.5)	dELS	unknown	143	0	0	0	111	-47.30400060862302	145.57802745758812	0	12	35
SKNSH_skew	[-1.0,-0.5)	non-cCRE	CpG-CGI	3220	3220	3941.256	7399.259926	3195	-330.98400105605856	14632.842290297098	270	958	731
SKNSH_skew	[-1.0,-0.5)	non-cCRE	CpG-nonCGI	391858	391858	863745.49	2024948.1046820001	389340	-352016.1556384502	1024674.3989097922	1440	17807	6279
SKNSH_skew	[-1.0,-0.5)	non-cCRE	non-CpG-ti	422121	422121	71347.204	17030.110498000002	416963	-22116.95785849774	476252.97158483526	6458	16160	8488
SKNSH_skew	[-1.0,-0.5)	non-cCRE	non-CpG-tv	403304	403304	26193.641	2982.236689	397529	-67673.71884045098	536745.1157776803	5575	16878	8993
SKNSH_skew	[-1.0,-0.5)	non-cCRE	unknown	1783	0	0	0	447	-167.87800064135808	567.24933325043	1	26	123
SKNSH_skew	[-1.0,-0.5)	pELS	CpG-CGI	4745	4745	2505.641	2488.178697	4742	3955.3140026384535	34578.594530715345	959	1986	2493
SKNSH_skew	[-1.0,-0.5)	pELS	CpG-nonCGI	25397	25397	42707.641	86298.855323	25361	-15048.08299674583	95152.8788921883	1026	5953	8022
SKNSH_skew	[-1.0,-0.5)	pELS	non-CpG-ti	41249	41249	6594.268	1440.32778	41192	32349.740005269185	231109.0239237036	6567	10805	15593
SKNSH_skew	[-1.0,-0.5)	pELS	non-CpG-tv	43565	43565	2942.534	335.99203	43479	25543.235990137768	223495.05676735504	6142	12172	17139
SKNSH_skew	[-1.0,-0.5)	pELS	unknown	105	0	0	0	101	-43.01699918135998	225.46812578701721	3	46	5
SKNSH_skew	[-1.5,-1.0)	Other cCREs	CpG-CGI	221	221	392.523	818.869965	212	-113.95199928712104	1042.8038908985218	10	46	21
SKNSH_skew	[-1.5,-1.0)	Other cCREs	CpG-nonCGI	13104	13104	29110.859	69161.479431	13020	-11000.816993794871	34255.68355603149	88	558	1613
SKNSH_skew	[-1.5,-1.0)	Other cCREs	non-CpG-ti	17488	17488	2936.344	698.551976	17356	453.65700156474486	22429.01804407072	413	682	2542
SKNSH_skew	[-1.5,-1.0)	Other cCREs	non-CpG-tv	16513	16513	1012.898	101.151414	16329	-1955.9959983020108	23174.205596301414	313	657	2266
SKNSH_skew	[-1.5,-1.0)	Other cCREs	unknown	12	0	0	0	11	-0.13800000399351103	1.3731620219503644	0	2	3
SKNSH_skew	[-1.5,-1.0)	PLS	CpG-CGI	2163	2163	996.415	866.049297	2163	6009.184003890958	40757.63337009151	1056	969	1457
SKNSH_skew	[-1.5,-1.0)	PLS	CpG-nonCGI	1460	1460	2157.804	4193.389328	1459	1071.1659999028782	13614.975074743536	295	435	777
SKNSH_skew	[-1.5,-1.0)	PLS	non-CpG-ti	4562	4562	724.151	158.38583500000001	4559	13024.993991442028	83143.01828026383	2218	1762	2854
SKNSH_skew	[-1.5,-1.0)	PLS	non-CpG-tv	6178	6178	435.729	46.227043	6172	15162.594992084783	97490.26859116122	2709	2530	3876
SKNSH_skew	[-1.5,-1.0)	PLS	unknown	5	0	0	0	5	4.16900001466274	7.444029014214039	0	1	2
SKNSH_skew	[-1.5,-1.0)	dELS	CpG-CGI	910	910	1179.887	2221.686001	908	31.872999384999375	5397.214934550035	111	226	342
SKNSH_skew	[-1.5,-1.0)	dELS	CpG-nonCGI	41722	41722	87302.886	198869.444136	41666	-30871.03499978679	144828.32121783268	1161	4356	14495
SKNSH_skew	[-1.5,-1.0)	dELS	non-CpG-ti	53346	53346	8302.739	1828.1803009999999	53252	21099.70700133627	178924.72339835291	4964	4917	20344
SKNSH_skew	[-1.5,-1.0)	dELS	non-CpG-tv	48977	48977	2817.334	261.571288	48854	8054.852010323432	146646.93115382234	3502	4833	18321
SKNSH_skew	[-1.5,-1.0)	dELS	unknown	21	0	0	0	19	0.4239999949931998	12.90928326907195	0	2	11
SKNSH_skew	[-1.5,-1.0)	non-cCRE	CpG-CGI	661	661	838.407	1597.434607	656	186.20800056017464	4663.564292719529	106	212	175
SKNSH_skew	[-1.5,-1.0)	non-cCRE	CpG-nonCGI	84785	84785	191435.808	460446.009088	84398	-72894.26090276567	211725.2177631426	288	4091	1495
SKNSH_skew	[-1.5,-1.0)	non-cCRE	non-CpG-ti	76184	76184	13197.252	3137.778658	75266	-1358.9069671101156	76307.24375709693	1062	3107	1728
SKNSH_skew	[-1.5,-1.0)	non-cCRE	non-CpG-tv	70120	70120	4222.7	420.294216	69130	-10919.917966546376	87639.15851074677	846	3021	1685
SKNSH_skew	[-1.5,-1.0)	non-cCRE	unknown	127	0	0	0	89	-9.472000002861018	240.41357601744733	8	4	1
SKNSH_skew	[-1.5,-1.0)	pELS	CpG-CGI	1112	1112	579.95	546.787308	1112	1716.501993652083	13630.894006169076	335	460	616
SKNSH_skew	[-1.5,-1.0)	pELS	CpG-nonCGI	5466	5466	9553.902	19938.283944	5459	-2769.997994140141	23014.079742248887	298	1290	1948
SKNSH_skew	[-1.5,-1.0)	pELS	non-CpG-ti	7717	7717	1216.413	267.889273	7704	8459.944008616963	55688.07562669035	1566	1986	3437
SKNSH_skew	[-1.5,-1.0)	pELS	non-CpG-tv	8222	8222	505.461	47.590627	8205	6688.171006102348	52857.373160562005	1470	2379	3747
SKNSH_skew	[-1.5,-1.0)	pELS	unknown	29	0	0	0	29	-8.604000158607958	53.36530369242391	2	2	1
SKNSH_skew	[0.05,0.2)	Other cCREs	CpG-CGI	3734	3734	6069.757	11904.618813	3710	-2564.2230020774296	11898.27853305891	91	589	188
SKNSH_skew	[0.05,0.2)	Other cCREs	CpG-nonCGI	119226	119226	244453.226	536781.479684	117645	-99781.24093666846	333046.0716988761	937	6425	5896
SKNSH_skew	[0.05,0.2)	Other cCREs	non-CpG-ti	2945561	2945561	493128.384	117394.92608	2934308	-389913.4908180784	4939915.77511832	73775	90200	128279
SKNSH_skew	[0.05,0.2)	Other cCREs	non-CpG-tv	1843676	1843676	111886.461	12160.435631	1832678	-45840.94383398236	2814671.9304520553	52359	59235	80438
SKNSH_skew	[0.05,0.2)	Other cCREs	unknown	3811	0	0	0	2152	-452.1869998071343	1488.4341116791693	2	161	72
SKNSH_skew	[0.05,0.2)	PLS	CpG-CGI	17536	17536	8241.215	6839.539971	17533	3518.161994856084	99015.33214324189	2397	7137	10469
SKNSH_skew	[0.05,0.2)	PLS	CpG-nonCGI	7120	7120	9207.654	16444.915786	7108	-3360.7269939214466	35250.30876978591	503	2098	2651
SKNSH_skew	[0.05,0.2)	PLS	non-CpG-ti	169809	169809	26469.102	5497.28199	169711	48994.593989059205	872580.2143851692	21773	56051	57710
SKNSH_skew	[0.05,0.2)	PLS	non-CpG-tv	145162	145162	10938.518	1453.253762	145044	44418.75096741924	766578.0857465079	18954	51419	56850
SKNSH_skew	[0.05,0.2)	PLS	unknown	1162	0	0	0	1161	-295.4470006000486	3262.1250164591556	41	618	99
SKNSH_skew	[0.05,0.2)	dELS	CpG-CGI	14594	14594	16867.048	29516.147816	14567	-8646.523001857568	58602.418761181514	689	3213	4498
SKNSH_skew	[0.05,0.2)	dELS	CpG-nonCGI	339253	339253	651604.857	1363840.0469830001	338568	-303406.6579754001	1253100.3872088226	6209	34362	59318
SKNSH_skew	[0.05,0.2)	dELS	non-CpG-ti	7788909	7788909	1283013.488	307303.818002	7779602	-806601.3654802906	18986571.67755927	340773	571153	867512
SKNSH_skew	[0.05,0.2)	dELS	non-CpG-tv	4703201	4703201	271823.302	27875.91518	4695735	359193.86753814144	10680474.495553846	242504	355389	551665
SKNSH_skew	[0.05,0.2)	dELS	unknown	2668	0	0	0	2475	-658.9990011833145	2620.865620542676	11	233	328
SKNSH_skew	[0.05,0.2)	non-cCRE	CpG-CGI	13070	13070	12852.62	21216.90881	13029	-4394.95699995302	43297.112138583536	707	4081	3506
SKNSH_skew	[0.05,0.2)	non-cCRE	CpG-nonCGI	1122712	1122712	2399282.25	5437464.3851459995	1113416	-1003850.5221545674	2957471.846177756	4490	46875	9434
SKNSH_skew	[0.05,0.2)	non-cCRE	non-CpG-ti	35109711	35109711	5949550.042	1434868.440346001	34720214	-5964827.61260711	44865175.02146408	437712	866664	173672
SKNSH_skew	[0.05,0.2)	non-cCRE	non-CpG-tv	22947300	22947300	1447791.6320000007	168426.53623599946	22603861	-2117957.0541657037	24969620.93912612	310277	568447	119224
SKNSH_skew	[0.05,0.2)	non-cCRE	unknown	28237	0	0	0	14888	-4030.9849935071543	15943.475807697618	39	1152	540
SKNSH_skew	[0.05,0.2)	pELS	CpG-CGI	20446	20446	10339.678	9464.575302	20432	1337.0559930246102	78315.62298638099	1967	7897	9973
SKNSH_skew	[0.05,0.2)	pELS	CpG-nonCGI	49715	49715	78916.433	151777.118097	49652	-38684.6159877003	172785.84985215834	1102	11539	9713
SKNSH_skew	[0.05,0.2)	pELS	non-CpG-ti	1111278	1111278	177386.663	40093.766531	1110374	-32561.64506507944	2978239.370715701	60210	244655	165348
SKNSH_skew	[0.05,0.2)	pELS	non-CpG-tv	742162	742162	46039.853	5158.776881	741304	88132.28901048105	1929566.0497534457	46007	174916	128240
SKNSH_skew	[0.05,0.2)	pELS	unknown	1702	0	0	0	1624	-638.9459996073274	2926.3926962240507	13	711	163
SKNSH_skew	[0.2,0.5)	Other cCREs	CpG-CGI	1293	1293	2155.185	4378.959777	1282	-915.1580015127555	5100.429531054179	36	234	53
SKNSH_skew	[0.2,0.5)	Other cCREs	CpG-nonCGI	35811	35811	74701.869	166898.517379	35107	-29694.93698643569	97596.08810230387	246	2087	1999
SKNSH_skew	[0.2,0.5)	Other cCREs	non-CpG-ti	419720	419720	65709.449	13780.280009	417641	-55588.78892741098	646149.4156893175	9052	14834	22774
SKNSH_skew	[0.2,0.5)	Other cCREs	non-CpG-tv	300358	300358	18150.76	1882.180866	297866	-15407.925952964122	448941.64711965277	7624	11601	15926
SKNSH_skew	[0.2,0.5)	Other cCREs	unknown	785	0	0	0	472	-100.52400083467353	314.1524148800009	0	35	29
SKNSH_skew	[0.2,0.5)	PLS	CpG-CGI	6082	6082	2697.719	2141.843431	6080	3163.7459987633656	39911.34628887054	1104	2517	3689
SKNSH_skew	[0.2,0.5)	PLS	CpG-nonCGI	2323	2323	2987.914	5360.963848	2317	-693.9270040522102	11667.259835209861	191	703	932
SKNSH_skew	[0.2,0.5)	PLS	non-CpG-ti	44813	44813	6864.085	1313.2682829999999	44792	27858.237997029326	285500.00722190505	7874	16070	17712
SKNSH_skew	[0.2,0.5)	PLS	non-CpG-tv	44748	44748	3464.976	474.391514	44712	24672.14899046359	273825.1286831471	7408	16623	19153
SKNSH_skew	[0.2,0.5)	PLS	unknown	180	0	0	0	180	77.27499947254547	878.9514274691302	24	84	21
SKNSH_skew	[0.2,0.5)	dELS	CpG-CGI	4628	4628	5557.9259999999995	10000.959194000001	4624	-2185.2609904074347	18852.974953023087	266	1037	1409
SKNSH_skew	[0.2,0.5)	dELS	CpG-nonCGI	101943	101943	199197.012	424437.115702	101695	-93663.60598910139	386884.96354559925	1850	10724	20546
SKNSH_skew	[0.2,0.5)	dELS	non-CpG-ti	1218747	1218747	187948.297	39289.340381	1217050	-73260.76300019234	2881579.1934089307	55515	101278	179036
SKNSH_skew	[0.2,0.5)	dELS	non-CpG-tv	852411	852411	49818.244	4988.737094	850601	68088.23801714834	1975016.5563147054	45015	73960	129369
SKNSH_skew	[0.2,0.5)	dELS	unknown	645	0	0	0	508	-143.71200087654864	441.9237878275864	0	43	81
SKNSH_skew	[0.2,0.5)	non-cCRE	CpG-CGI	3934	3934	3988.285	6891.274251	3917	-449.9610048240286	15130.641188783844	317	1227	1101
SKNSH_skew	[0.2,0.5)	non-cCRE	CpG-nonCGI	265018	265018	567170.611	1287595.671543	262622	-239758.12176050746	709441.8306945271	1007	12720	2790
SKNSH_skew	[0.2,0.5)	non-cCRE	non-CpG-ti	3747530	3747530	577953.941	119066.213871	3714460	-580264.1752590943	4610346.124552707	45104	120608	30313
SKNSH_skew	[0.2,0.5)	non-cCRE	non-CpG-tv	2739583	2739583	166294.772	17651.442118	2700434	-247407.40723523466	3089046.7735091425	38394	91804	25074
SKNSH_skew	[0.2,0.5)	non-cCRE	unknown	7243	0	0	0	2720	-726.015999672003	2709.353395153822	9	215	314
SKNSH_skew	[0.2,0.5)	pELS	CpG-CGI	6610	6610	3391.953	3285.826535	6605	2014.7889985077777	31640.019946597095	853	2527	3273
SKNSH_skew	[0.2,0.5)	pELS	CpG-nonCGI	14712	14712	23502.96	45676.960274	14679	-11091.54299730633	51586.210512895224	391	3459	3274
SKNSH_skew	[0.2,0.5)	pELS	non-CpG-ti	194609	194609	29558.456	5877.593742	194401	26283.807019695163	595763.2305872052	14460	47660	39052
SKNSH_skew	[0.2,0.5)	pELS	non-CpG-tv	155395	155395	10316.97	1221.175916	155170	35208.69902823201	474704.6075072737	12523	40922	35106
SKNSH_skew	[0.2,0.5)	pELS	unknown	313	0	0	0	303	-91.5990005120398	662.0058169087165	5	114	46
SKNSH_skew	[0.5,1.0)	Other cCREs	CpG-CGI	365	365	642.2570000000001	1354.984139	356	-177.8329996524845	1330.2658504004812	14	67	10
SKNSH_skew	[0.5,1.0)	Other cCREs	CpG-nonCGI	9570	9570	20498.972	47082.103266	9462	-8560.294995662523	28078.714648189092	60	436	619
SKNSH_skew	[0.5,1.0)	Other cCREs	non-CpG-ti	95365	95365	14590.298	2934.862704	94891	-15550.552973280777	146115.3549377575	1869	3498	5671
SKNSH_skew	[0.5,1.0)	Other cCREs	non-CpG-tv	66684	66684	4031.729	414.762001	65989	-4565.381980683306	95565.978047374	1477	2715	3916
SKNSH_skew	[0.5,1.0)	Other cCREs	unknown	181	0	0	0	102	-25.337999563664216	75.24552114541487	0	5	7
SKNSH_skew	[0.5,1.0)	PLS	CpG-CGI	1534	1534	712.909	611.264967	1532	1385.0019993332683	11663.876833409266	357	600	945
SKNSH_skew	[0.5,1.0)	PLS	CpG-nonCGI	735	735	983.919	1823.103977	735	-87.43199594120982	3775.635795680212	63	239	278
SKNSH_skew	[0.5,1.0)	PLS	non-CpG-ti	11807	11807	1818.232	344.841014	11803	9449.319997555811	87058.38985872826	2347	4295	4586
SKNSH_skew	[0.5,1.0)	PLS	non-CpG-tv	11699	11699	900.963	122.877785	11691	8098.996995375261	81595.56407298337	2210	4308	4995
SKNSH_skew	[0.5,1.0)	PLS	unknown	37	0	0	0	37	-6.79299994558097	137.19586484379545	3	15	4
SKNSH_skew	[0.5,1.0)	dELS	CpG-CGI	1298	1298	1560.1	2853.715982	1295	-487.42399911559164	5730.092097445353	85	271	461
SKNSH_skew	[0.5,1.0)	dELS	CpG-nonCGI	31068	31068	61692.393	133756.409597	31015	-27831.322985715007	117258.08107146912	591	3210	6870
SKNSH_skew	[0.5,1.0)	dELS	non-CpG-ti	289869	289869	43793.189	8827.427049	289493	-24069.271973837887	688586.9068692607	13116	25360	47412
SKNSH_skew	[0.5,1.0)	dELS	non-CpG-tv	201675	201675	11779.478	1186.12018	201244	17559.33798329381	484726.6290232741	11061	18453	34561
SKNSH_skew	[0.5,1.0)	dELS	unknown	152	0	0	0	131	-39.79700008407235	188.6530213152589	1	15	29
SKNSH_skew	[0.5,1.0)	non-cCRE	CpG-CGI	1053	1053	1115.002	1976.319708	1044	52.95800003444305	3878.9175144566484	94	314	294
SKNSH_skew	[0.5,1.0)	non-cCRE	CpG-nonCGI	61322	61322	132141.523	304803.178393	60744	-55661.05395127123	168476.6830291179	265	3089	877
SKNSH_skew	[0.5,1.0)	non-cCRE	non-CpG-ti	733412	733412	107581.397	20632.509611	728018	-126793.19480986524	912184.1520200385	8183	26587	7128
SKNSH_skew	[0.5,1.0)	non-cCRE	non-CpG-tv	498724	498724	31105.718	3357.995546	491804	-47996.51681707847	564490.5125896025	6798	19565	6032
SKNSH_skew	[0.5,1.0)	non-cCRE	unknown	1747	0	0	0	569	-165.63699909287982	665.7338304529767	2	61	85
SKNSH_skew	[0.5,1.0)	pELS	CpG-CGI	1804	1804	861.472	769.538762	1804	1152.3460028243715	9693.932085156166	308	737	908
SKNSH_skew	[0.5,1.0)	pELS	CpG-nonCGI	4214	4214	6769.626	13294.987962	4207	-3078.4120027747713	15512.606487057406	111	973	1053
SKNSH_skew	[0.5,1.0)	pELS	non-CpG-ti	47038	47038	7004.926	1342.409998	46995	9446.013029138676	160630.48144496253	3984	11834	10317
SKNSH_skew	[0.5,1.0)	pELS	non-CpG-tv	38769	38769	2662.203	329.173205	38709	11858.018979851278	136096.0180802285	3669	10632	9533
SKNSH_skew	[0.5,1.0)	pELS	unknown	91	0	0	0	91	-52.85400036722427	331.2151425483067	3	41	12
SKNSH_skew	[1.0,1.5)	Other cCREs	CpG-CGI	66	66	115.09	238.742322	65	-47.379999264143365	300.3842404448759	1	8	4
SKNSH_skew	[1.0,1.5)	Other cCREs	CpG-nonCGI	1940	1940	4203.983	9706.274177	1921	-1819.597999269842	5722.190025915589	3	101	185
SKNSH_skew	[1.0,1.5)	Other cCREs	non-CpG-ti	17486	17486	2521.084	461.668254	17427	-3214.86100327794	25966.76773332831	312	626	1104
SKNSH_skew	[1.0,1.5)	Other cCREs	non-CpG-tv	11800	11800	714.503	67.618411	11674	-1037.1339977064638	16398.547691220512	228	475	741
SKNSH_skew	[1.0,1.5)	Other cCREs	unknown	36	0	0	0	13	-3.1129999682307283	10.853634708052283	0	1	1
SKNSH_skew	[1.0,1.5)	PLS	CpG-CGI	238	238	100.004	71.23863	238	315.94499968178576	2189.5682103071476	66	86	153
SKNSH_skew	[1.0,1.5)	PLS	CpG-nonCGI	138	138	172.779	312.788133	138	22.106000370345953	1106.6736802005603	18	46	70
SKNSH_skew	[1.0,1.5)	PLS	non-CpG-ti	2674	2674	405.365	73.132247	2673	2243.6119981530364	20370.766132339668	540	956	1005
SKNSH_skew	[1.0,1.5)	PLS	non-CpG-tv	2320	2320	198.22	30.224424	2319	2137.3590033329097	19805.92851891075	516	880	947
SKNSH_skew	[1.0,1.5)	PLS	unknown	7	0	0	0	7	-2.319999985396863	7.563637934383273	0	3	1
SKNSH_skew	[1.0,1.5)	dELS	CpG-CGI	284	284	359.849	682.339279	283	-9.355998708750084	1296.290507351162	30	48	91
SKNSH_skew	[1.0,1.5)	dELS	CpG-nonCGI	6553	6553	13107.131	28572.107671	6546	-5803.775003953021	24118.526654268106	127	710	1649
SKNSH_skew	[1.0,1.5)	dELS	non-CpG-ti	54683	54683	7893.263	1469.889647	54595	-4088.3089894318236	130305.14423873053	2515	4817	9315
SKNSH_skew	[1.0,1.5)	dELS	non-CpG-tv	38039	38039	2256.552	217.190122	37957	2851.796008304462	91125.60106325796	2080	3593	7043
SKNSH_skew	[1.0,1.5)	dELS	unknown	21	0	0	0	20	-10.287000127136707	28.875949426860583	0	0	1
SKNSH_skew	[1.0,1.5)	non-cCRE	CpG-CGI	181	181	175.951	297.991197	179	35.810000173514716	707.840538826911	21	54	51
SKNSH_skew	[1.0,1.5)	non-cCRE	CpG-nonCGI	10806	10806	23046.512	52170.134722	10717	-9819.86700024642	29399.517043734384	51	532	200
SKNSH_skew	[1.0,1.5)	non-cCRE	non-CpG-ti	122964	122964	17266.453	3035.875199	122029	-26694.067976098733	162769.96903453517	1240	4768	1388
SKNSH_skew	[1.0,1.5)	non-cCRE	non-CpG-tv	75261	75261	4529.483	424.859403	74439	-7908.23896442354	90010.63187613086	1040	3198	1105
SKNSH_skew	[1.0,1.5)	non-cCRE	unknown	145	0	0	0	83	-27.753999985754472	98.36857822375501	0	6	1
SKNSH_skew	[1.0,1.5)	pELS	CpG-CGI	333	333	146.004	109.950282	333	277.63700034376234	2368.029774219925	64	142	191
SKNSH_skew	[1.0,1.5)	pELS	CpG-nonCGI	865	865	1396.145	2788.841877	860	-534.7540013412944	3446.622750566817	32	221	235
SKNSH_skew	[1.0,1.5)	pELS	non-CpG-ti	9340	9340	1343.924	241.259098	9336	2173.8429967171983	33294.53203363879	856	2436	2215
SKNSH_skew	[1.0,1.5)	pELS	non-CpG-tv	7589	7589	555.361	71.671117	7576	2628.9229985907436	28856.568154579123	779	2182	2078
SKNSH_skew	[1.0,1.5)	pELS	unknown	19	0	0	0	19	-11.64799966290594	51.34239327455115	0	12	5
SKNSH_skew	[1.5,Inf)	Other cCREs	CpG-CGI	14	14	24.555	49.614709	14	0.7899999842047605	8.029588357477913	1	2	0
SKNSH_skew	[1.5,Inf)	Other cCREs	CpG-nonCGI	438	438	964.014	2242.654626	435	-437.68400032445794	1357.376022944661	1	19	61
SKNSH_skew	[1.5,Inf)	Other cCREs	non-CpG-ti	6258	6258	892.786	153.99535	6236	-1303.3779998526459	9155.163895322257	89	199	379
SKNSH_skew	[1.5,Inf)	Other cCREs	non-CpG-tv	3617	3617	222.341	20.695485	3589	-412.7689972728258	5000.37475396954	65	159	241
SKNSH_skew	[1.5,Inf)	Other cCREs	unknown	2	0	0	0	1	0	0	0	0	0
SKNSH_skew	[1.5,Inf)	PLS	CpG-CGI	36	36	17.505	16.418573	36	35.47000020742416	202.38590687930537	13	12	22
SKNSH_skew	[1.5,Inf)	PLS	CpG-nonCGI	37	37	54.911	102.748475	37	-3.070000559091564	246.99547154649048	3	11	17
SKNSH_skew	[1.5,Inf)	PLS	non-CpG-ti	927	927	139.24	24.257566	927	915.7490017184756	8369.39661420165	220	355	352
SKNSH_skew	[1.5,Inf)	PLS	non-CpG-tv	628	628	61.332	10.655722	628	587.6620010840711	5380.660095861941	132	225	243
SKNSH_skew	[1.5,Inf)	PLS	unknown	2	0	0	0	2	-0.13999998569488498	0.315562002099037	0	0	1
SKNSH_skew	[1.5,Inf)	dELS	CpG-CGI	79	79	89.182	156.615358	79	-33.1130002737045	341.7422082651514	8	18	31
SKNSH_skew	[1.5,Inf)	dELS	CpG-nonCGI	1802	1802	3632.484	7873.533868	1802	-1806.6089980555712	7040.737487180586	30	188	586
SKNSH_skew	[1.5,Inf)	dELS	non-CpG-ti	19371	19371	2661.235	444.146671	19347	-1874.6109976602029	43531.941458247886	846	1719	3230
SKNSH_skew	[1.5,Inf)	dELS	non-CpG-tv	11761	11761	731.187	71.546331	11735	652.7520001082449	28838.703225109464	623	1130	2146
SKNSH_skew	[1.5,Inf)	dELS	unknown	11	0	0	0	10	-3.222999893128873	13.636910253687157	0	1	1
SKNSH_skew	[1.5,Inf)	non-cCRE	CpG-CGI	41	41	38.277	59.093691	41	-4.779999911785092	233.73611699801106	4	9	10
SKNSH_skew	[1.5,Inf)	non-cCRE	CpG-nonCGI	1959	1959	4352.338	10245.965612	1946	-2262.2179986384003	6891.285037963755	9	120	79
SKNSH_skew	[1.5,Inf)	non-cCRE	non-CpG-ti	39134	39134	5533.021	937.756547	38677	-9461.611990748675	52257.60427074164	350	1352	470
SKNSH_skew	[1.5,Inf)	non-cCRE	non-CpG-tv	25837	25837	1652.519	155.174421	25643	-3321.586988002294	29113.30259828308	280	1094	337
SKNSH_skew	[1.5,Inf)	non-cCRE	unknown	37	0	0	0	23	-23.231000296771526	82.9250138741955	0	2	0
SKNSH_skew	[1.5,Inf)	pELS	CpG-CGI	76	76	33.698	27.106112	76	70.97400123625998	483.2097123701971	14	30	45
SKNSH_skew	[1.5,Inf)	pELS	CpG-nonCGI	212	212	377.084	798.32686	212	-188.58899964252493	716.8947259527947	5	45	60
SKNSH_skew	[1.5,Inf)	pELS	non-CpG-ti	3305	3305	463.537	77.033823	3302	634.2989984136077	10669.5799981834	300	852	839
SKNSH_skew	[1.5,Inf)	pELS	non-CpG-tv	2398	2398	203.024	30.351988	2396	545.4339990529697	8098.228209091068	219	700	660
SKNSH_skew	[1.5,Inf)	pELS	unknown	6	0	0	0	6	2.1299999281763977	7.0476756346365255	1	1	0
mean_skew	(-Inf,-1.5)	Other cCREs	CpG-CGI	41	41	75.486	164.48629	41	12.995000054128447	345.4322140089286	5	2	6
mean_skew	(-Inf,-1.5)	Other cCREs	CpG-nonCGI	5099	5099	11266.195	26716.422061	5086	-4961.236996061751	14981.147859769168	15	197	720
mean_skew	(-Inf,-1.5)	Other cCREs	non-CpG-ti	4286	4286	703.648	141.078816	4250	467.5970018066	4154.209193794399	92	198	693
mean_skew	(-Inf,-1.5)	Other cCREs	non-CpG-tv	4373	4373	304.662	34.613834	4330	-1082.6889999319103	7655.972946206471	69	172	682
mean_skew	(-Inf,-1.5)	Other cCREs	unknown	1	0	0	0	1	-1.65499997138977	2.73902490530014	0	0	0
mean_skew	(-Inf,-1.5)	PLS	CpG-CGI	679	679	329.733	292.859729	679	2782.87500332715	19820.210277736485	437	313	497
mean_skew	(-Inf,-1.5)	PLS	CpG-nonCGI	552	552	838.806	1650.407864	552	486.47599885053967	5755.413687633941	121	141	300
mean_skew	(-Inf,-1.5)	PLS	non-CpG-ti	1187	1187	183.159	33.536805	1186	4352.4110050092	28644.33936754447	676	468	834
mean_skew	(-Inf,-1.5)	PLS	non-CpG-tv	1664	1664	121.169	13.491667	1662	5633.541996321759	38793.855935553234	909	630	1179
mean_skew	(-Inf,-1.5)	dELS	CpG-CGI	277	277	333.053	626.225651	277	60.97499968193001	1913.0177060190458	43	67	152
mean_skew	(-Inf,-1.5)	dELS	CpG-nonCGI	13755	13755	29465.327	68552.646335	13744	-11307.931999298047	48517.26575398936	323	1384	5115
mean_skew	(-Inf,-1.5)	dELS	non-CpG-ti	12557	12557	1850.553	335.435241	12524	7579.218996405953	46150.11605372056	1345	1249	6159
mean_skew	(-Inf,-1.5)	dELS	non-CpG-tv	12060	12060	753.141	78.784055	12026	1643.9380019167438	40183.982323197015	906	1201	5547
mean_skew	(-Inf,-1.5)	dELS	unknown	2	0	0	0	2	0.39300002157688096	0.46530503232002307	0	0	1
mean_skew	(-Inf,-1.5)	non-cCRE	CpG-CGI	159	159	197.707	376.819801	157	115.18000008270607	1417.3419796509818	28	50	50
mean_skew	(-Inf,-1.5)	non-cCRE	CpG-nonCGI	32709	32709	73849.581	177107.50138899998	32648	-30744.112963731186	87693.16860781562	64	1373	539
mean_skew	(-Inf,-1.5)	non-cCRE	non-CpG-ti	20702	20702	3439.024	678.360646	20360	1683.9040134887907	13073.297458867348	207	927	489
mean_skew	(-Inf,-1.5)	non-cCRE	non-CpG-tv	19502	19502	1280.063	137.585869	19253	-5780.657991890447	29286.3216821245	174	897	531
mean_skew	(-Inf,-1.5)	non-cCRE	unknown	33	0	0	0	33	-25.786000378429886	109.82177796173492	0	2	0
mean_skew	(-Inf,-1.5)	pELS	CpG-CGI	283	283	146.538	133.971042	283	728.9009979541881	5475.710798581836	118	115	191
mean_skew	(-Inf,-1.5)	pELS	CpG-nonCGI	1693	1693	3162.726	6948.60509	1693	-762.8590027478057	6302.137538052989	87	377	730
mean_skew	(-Inf,-1.5)	pELS	non-CpG-ti	1912	1912	295.413	54.684489	1912	2836.0659975432795	18108.815943117897	471	494	1127
mean_skew	(-Inf,-1.5)	pELS	non-CpG-tv	2053	2053	128.221	12.142301	2050	2353.766004528386	17968.832594825093	449	608	1154
mean_skew	[-0.05,0.05)	Other cCREs	CpG-CGI	18146	18146	30713.031	61548.446881	18046	-12531.909999171383	60708.86480749398	441	2578	602
mean_skew	[-0.05,0.05)	Other cCREs	CpG-nonCGI	1238344	1238344	2595154.789	5788506.783773	1229383	-953827.7626197512	3338033.5974125555	13657	51281	50024
mean_skew	[-0.05,0.05)	Other cCREs	non-CpG-ti	10853263	10853263	1612910.6359999997	325406.301142	10818338	367411.89354612975	15920076.16319602	340902	303703	382423
mean_skew	[-0.05,0.05)	Other cCREs	non-CpG-tv	7130027	7130027	429216.612	60438.111880000004	7095087	246725.8775631474	10845429.808982242	233074	205319	257729
mean_skew	[-0.05,0.05)	Other cCREs	unknown	13976	0	0	0	8981	-2283.834002624498	7163.509224644045	6	627	254
mean_skew	[-0.05,0.05)	PLS	CpG-CGI	51894	51894	25822.374	22453.107146	51881	-2192.1719818615816	251724.57516458217	5333	20825	28785
mean_skew	[-0.05,0.05)	PLS	CpG-nonCGI	41181	41181	59522.633	110858.779879	41118	-25377.907000331455	182234.50175837168	1976	11212	11091
mean_skew	[-0.05,0.05)	PLS	non-CpG-ti	371032	371032	53114.477	9750.584259	370779	134964.29294758264	1650271.3248944033	43196	113056	105663
mean_skew	[-0.05,0.05)	PLS	non-CpG-tv	312292	312292	23041.053	3282.8892769999998	311973	68698.52292564316	1468064.1428659323	34312	101340	104107
mean_skew	[-0.05,0.05)	PLS	unknown	5035	0	0	0	5034	-418.3889979060058	12949.416110686163	233	2509	325
mean_skew	[-0.05,0.05)	dELS	CpG-CGI	63260	63260	81661.722	150164.986528	63171	-45885.51600414992	251416.48370864493	2238	13270	14812
mean_skew	[-0.05,0.05)	dELS	CpG-nonCGI	3314357	3314357	6536913.195	13901111.333891	3309294	-2661529.968823109	11400427.086946312	65148	280670	410019
mean_skew	[-0.05,0.05)	dELS	non-CpG-ti	25226647	25226647	3651882.191999992	720950.214856	25197906	3263210.357167375	53712251.16431491	1324779	1671032	2255260
mean_skew	[-0.05,0.05)	dELS	non-CpG-tv	16204272	16204272	944803.8020000004	126622.32316199996	16180196	2158499.0852664458	35772183.708061814	880111	1087000	1516348
mean_skew	[-0.05,0.05)	dELS	unknown	11428	0	0	0	10659	-2782.706004198174	10708.696245491314	33	932	1026
mean_skew	[-0.05,0.05)	non-cCRE	CpG-CGI	66997	66997	69229.798	117328.332624	66847	-31465.225009189948	208742.0395562975	2458	20034	14696
mean_skew	[-0.05,0.05)	non-cCRE	CpG-nonCGI	16671573	16671573	36135187.076	82775878.33365595	16514554	-13300511.59719634	39916229.86286335	86549	510653	86287
mean_skew	[-0.05,0.05)	non-cCRE	non-CpG-ti	171136042	171136042	26044896.523000218	5504380.580336891	169407964	-9806748.995797345	178022984.46743843	2450042	3528482	527897
mean_skew	[-0.05,0.05)	non-cCRE	non-CpG-tv	112250687	112250687	6879695.923999997	1135556.9773360055	110656856	-5386881.365919189	118735098.11984493	1709620	2321111	375889
mean_skew	[-0.05,0.05)	non-cCRE	unknown	151345	0	0	0	92497	-26354.93998532046	97350.31905382387	309	5350	2193
mean_skew	[-0.05,0.05)	pELS	CpG-CGI	84858	84858	44958.878000000004	42971.225512	84812	-13452.142995501988	280779.5134666759	5608	32894	34811
mean_skew	[-0.05,0.05)	pELS	CpG-nonCGI	451642	451642	751317.946	1473224.393516	451134	-343033.1848860747	1465363.6995892753	8625	93617	59932
mean_skew	[-0.05,0.05)	pELS	non-CpG-ti	3394315	3394315	484677.167	92695.749645	3391737	480052.50191691174	7481674.7785465	184111	684599	387343
mean_skew	[-0.05,0.05)	pELS	non-CpG-tv	2326834	2326834	142678.534	19499.769455999998	2324301	257499.87797505347	5408929.093305122	127210	494625	302537
mean_skew	[-0.05,0.05)	pELS	unknown	6221	0	0	0	5953	-1501.2539947356534	11226.43693932914	122	2483	479
mean_skew	[-0.2,-0.05)	Other cCREs	CpG-CGI	13288	13288	22145.705	44930.469003	13170	-8749.624996075294	44811.05689418063	336	1984	518
mean_skew	[-0.2,-0.05)	Other cCREs	CpG-nonCGI	791832	791832	1710099.46	3949067.358684	785381	-676706.858642059	2273808.8470507874	6980	35447	42391
mean_skew	[-0.2,-0.05)	Other cCREs	non-CpG-ti	1890337	1890337	267096.599	49547.215991	1882242	87928.16824107335	2554197.729829373	54517	61091	101862
mean_skew	[-0.2,-0.05)	Other cCREs	non-CpG-tv	1555824	1555824	98766.959	13445.872351	1545311	-37743.77174379209	2342523.60602652	43661	52751	85738
mean_skew	[-0.2,-0.05)	Other cCREs	unknown	3782	0	0	0	2305	-528.0989982801258	1464.5710771766512	2	259	103
mean_skew	[-0.2,-0.05)	PLS	CpG-CGI	50725	50725	24121.083	20132.051053	50704	13962.314004782234	266238.78546052804	7041	20264	29449
mean_skew	[-0.2,-0.05)	PLS	CpG-nonCGI	37910	37910	54674.028	104224.305578	37839	-18653.96298793867	170737.23671585685	2243	10720	12130
mean_skew	[-0.2,-0.05)	PLS	non-CpG-ti	156146	156146	23292.371	4333.823155	156047	119219.67497298318	919040.6539512672	27642	53823	62346
mean_skew	[-0.2,-0.05)	PLS	non-CpG-tv	170533	170533	13773.983	1967.814461	170352	85176.25399094437	972469.9131515889	26332	60789	75512
mean_skew	[-0.2,-0.05)	PLS	unknown	926	0	0	0	924	-200.0750015693483	2469.667813192458	41	457	102
mean_skew	[-0.2,-0.05)	dELS	CpG-CGI	49810	49810	62866.211	117108.796417	49705	-28143.83402207808	204116.9294002719	2489	10674	13722
mean_skew	[-0.2,-0.05)	dELS	CpG-nonCGI	2418015	2418015	4917683.888	10849880.349068	2413824	-2077992.879863999	8814397.568227202	47478	223481	390432
mean_skew	[-0.2,-0.05)	dELS	non-CpG-ti	5323394	5323394	744519.073	135585.302665	5315895	1057550.8496238068	11676710.124667056	313387	419663	773966
mean_skew	[-0.2,-0.05)	dELS	non-CpG-tv	4241665	4241665	265019.37	35022.769378	4233821	447315.2878087405	10001119.262419045	236746	340045	645362
mean_skew	[-0.2,-0.05)	dELS	unknown	3737	0	0	0	3172	-912.7130015813746	3556.1708888391945	17	318	616
mean_skew	[-0.2,-0.05)	non-cCRE	CpG-CGI	48115	48115	49333.567	85897.705763	47969	-15638.129981124317	155940.22987644238	2467	14140	11889
mean_skew	[-0.2,-0.05)	non-cCRE	CpG-nonCGI	7918867	7918867	17501382.592	40986487.16027	7854773	-7106484.3191881785	21156956.680386204	34687	299335	69235
mean_skew	[-0.2,-0.05)	non-cCRE	non-CpG-ti	18896381	18896381	2613223.307999996	497890.05325	18679631	-118226.69005642105	19428955.881929006	314657	513400	142093
mean_skew	[-0.2,-0.05)	non-cCRE	non-CpG-tv	16185281	16185281	990053.9900000009	139720.85710599998	15931159	-986493.4408011042	18415454.623270053	260515	451535	132673
mean_skew	[-0.2,-0.05)	non-cCRE	unknown	33044	0	0	0	15012	-4437.118000104326	15652.899440654106	54	1056	1204
mean_skew	[-0.2,-0.05)	pELS	CpG-CGI	67635	67635	34783.836	33247.49547	67593	5624.228006651394	245853.58306305387	6130	26363	30683
mean_skew	[-0.2,-0.05)	pELS	CpG-nonCGI	335007	335007	566237.74	1144053.998636	334565	-256179.19093662463	1142519.2735223898	7367	73288	58683
mean_skew	[-0.2,-0.05)	pELS	non-CpG-ti	791981	791981	112639.901	20522.623493	791241	249867.14598132603	2140823.2950117267	61535	184776	157616
mean_skew	[-0.2,-0.05)	pELS	non-CpG-tv	703638	703638	48600.852	6839.63709	702651	126714.66899284636	2007070.9956783704	50807	172970	154683
mean_skew	[-0.2,-0.05)	pELS	unknown	1848	0	0	0	1758	-613.2310002323943	3290.954648428114	9	757	347
mean_skew	[-0.5,-0.2)	Other cCREs	CpG-CGI	3715	3715	6449.674	13423.480122	3668	-2278.5249930269797	13665.07109169576	121	637	168
mean_skew	[-0.5,-0.2)	Other cCREs	CpG-nonCGI	177558	177558	383460.542	889771.444664	176223	-155007.69389706745	497368.53726603626	1289	8818	14923
mean_skew	[-0.5,-0.2)	Other cCREs	non-CpG-ti	323011	323011	50212.076	10401.722	321506	5314.510070143852	456954.1697514875	8758	11694	31237
mean_skew	[-0.5,-0.2)	Other cCREs	non-CpG-tv	300575	300575	20300.031	2861.5765850000003	298236	-23543.136933018905	467337.76442175196	7570	11578	28847
mean_skew	[-0.5,-0.2)	Other cCREs	unknown	682	0	0	0	555	-161.94500055536636	493.90165356888355	0	39	31
mean_skew	[-0.5,-0.2)	PLS	CpG-CGI	19041	19041	8723.634	7014.907556	19031	18895.14299129392	151519.0324881993	4514	7793	11889
mean_skew	[-0.5,-0.2)	PLS	CpG-nonCGI	12454	12454	17391.769	33183.721731	12440	-1866.5009939086171	66529.88504226957	1215	3752	5324
mean_skew	[-0.5,-0.2)	PLS	non-CpG-ti	54353	54353	8863.303	1858.765703	54326	77441.8519702961	496549.8628061314	15389	19936	27662
mean_skew	[-0.5,-0.2)	PLS	non-CpG-tv	68249	68249	5650.2300000000005	841.262428	68203	74515.56998784925	538744.2443876057	16431	25653	36951
mean_skew	[-0.5,-0.2)	PLS	unknown	158	0	0	0	158	23.832000061869593	375.4966077987858	9	53	48
mean_skew	[-0.5,-0.2)	dELS	CpG-CGI	14602	14602	18580.62	35116.88521	14579	-6274.077996187844	59394.715058104164	880	3398	4744
mean_skew	[-0.5,-0.2)	dELS	CpG-nonCGI	557518	557518	1138741.983	2535325.043497	556554	-479967.3909163725	2021331.2319426716	11498	57212	134984
mean_skew	[-0.5,-0.2)	dELS	non-CpG-ti	982580	982580	149588.316	30403.130198	981117	219158.41178114252	2488813.8536387305	65622	87739	233002
mean_skew	[-0.5,-0.2)	dELS	non-CpG-tv	893837	893837	59108.985	8204.306203	891989	91462.2140012554	2355139.61479306	54385	82967	218153
mean_skew	[-0.5,-0.2)	dELS	unknown	821	0	0	0	753	-286.1660002022983	898.82516128273	1	71	173
mean_skew	[-0.5,-0.2)	non-cCRE	CpG-CGI	11469	11469	12706.934	23145.89167	11414	-1546.4019898097026	42383.70277886962	874	3430	3015
mean_skew	[-0.5,-0.2)	non-cCRE	CpG-nonCGI	1414585	1414585	3060070.974	7048818.819534	1406184	-1301068.2737467359	3731018.842717155	4684	61981	18089
mean_skew	[-0.5,-0.2)	non-cCRE	non-CpG-ti	1985358	1985358	312242.292	67520.98394800001	1967215	-95836.34452367993	2177227.192886167	30953	71042	32030
mean_skew	[-0.5,-0.2)	non-cCRE	non-CpG-tv	1967799	1967799	135784.688	20163.119592	1942569	-271817.11829714756	2473190.2525489805	28475	72307	34265
mean_skew	[-0.5,-0.2)	non-cCRE	unknown	4700	0	0	0	2799	-879.0709994602948	2677.566706484423	6	189	174
mean_skew	[-0.5,-0.2)	pELS	CpG-CGI	18729	18729	9739.333	9618.321847	18715	8384.946001066011	93172.12154496709	2663	7291	9584
mean_skew	[-0.5,-0.2)	pELS	CpG-nonCGI	78390	78390	131976.571	268228.676505	78283	-54566.51697181163	274356.2347601137	2302	18234	20459
mean_skew	[-0.5,-0.2)	pELS	non-CpG-ti	162334	162334	25532.798	5236.720746	162159	84667.59497265378	632885.4097481355	19080	42072	51504
mean_skew	[-0.5,-0.2)	pELS	non-CpG-tv	167968	167968	12589.527	1930.083939	167672	63963.992996360874	660386.5407905194	18162	46251	57395
mean_skew	[-0.5,-0.2)	pELS	unknown	505	0	0	0	474	-146.78099840157677	849.4648948752432	7	233	97
mean_skew	[-1.0,-0.5)	Other cCREs	CpG-CGI	1000	1000	1708.619	3503.792043	998	-620.6690005174606	3230.31368551775	33	232	72
mean_skew	[-1.0,-0.5)	Other cCREs	CpG-nonCGI	50311	50311	109447.514	256307.204306	49986	-43760.63198834635	142978.1260638373	419	2314	6795
mean_skew	[-1.0,-0.5)	Other cCREs	non-CpG-ti	77139	77139	12820.776	2887.960158	76753	9055.498001509344	146833.25517703439	3119	2930	12961
mean_skew	[-1.0,-0.5)	Other cCREs	non-CpG-tv	72648	72648	4931.893	597.873293	72126	-4187.845986313187	131421.54652155924	2158	2876	11870
mean_skew	[-1.0,-0.5)	Other cCREs	unknown	92	0	0	0	81	-24.75200000405313	123.78750798696424	0	6	18
mean_skew	[-1.0,-0.5)	PLS	CpG-CGI	6740	6740	3135.805	2612.910359	6739	13566.091998102022	91769.40270145959	2578	2912	4509
mean_skew	[-1.0,-0.5)	PLS	CpG-nonCGI	4893	4893	6831.296	12912.95812	4889	1717.5479935174797	36337.70571471976	813	1499	2673
mean_skew	[-1.0,-0.5)	PLS	non-CpG-ti	17876	17876	3078.054	709.836554	17868	42390.55100091814	261746.6783030247	7544	6771	10958
mean_skew	[-1.0,-0.5)	PLS	non-CpG-tv	23485	23485	1835.1009999999999	235.413343	23468	45103.97897903192	287358.929251986	8467	9074	14586
mean_skew	[-1.0,-0.5)	PLS	unknown	13	0	0	0	13	-3.8139998838305504	125.5310373039797	0	1	5
mean_skew	[-1.0,-0.5)	dELS	CpG-CGI	4078	4078	5132.73	9562.353258	4066	-819.8359995293432	21487.431294127466	380	988	1571
mean_skew	[-1.0,-0.5)	dELS	CpG-nonCGI	158247	158247	323882.347	725758.185147	157956	-127950.12198626886	593846.1233211833	4137	16824	53823
mean_skew	[-1.0,-0.5)	dELS	non-CpG-ti	237136	237136	37768.097	8177.885565	236794	94598.96790480803	834308.180757893	22404	22539	83107
mean_skew	[-1.0,-0.5)	dELS	non-CpG-tv	216150	216150	14063.288	1705.5245400000001	215701	39281.57397429646	696274.7344776669	16372	21588	77257
mean_skew	[-1.0,-0.5)	dELS	unknown	123	0	0	0	118	-47.96100010722876	150.29893447432576	0	19	36
mean_skew	[-1.0,-0.5)	non-cCRE	CpG-CGI	2913	2913	3508.5480000000002	6659.351234	2896	92.38499532057915	14951.094085866383	307	910	777
mean_skew	[-1.0,-0.5)	non-cCRE	CpG-nonCGI	277287	277287	622150.432	1487585.041312	275602	-251328.3177539207	745220.4854155071	1066	13080	5611
mean_skew	[-1.0,-0.5)	non-cCRE	non-CpG-ti	319072	319072	55807.033	13653.397531	316193	-13549.876903305878	375755.67277304997	5351	13049	8185
mean_skew	[-1.0,-0.5)	non-cCRE	non-CpG-tv	315720	315720	21496.421	2690.584643	312383	-53210.63284171047	426113.87112422165	4456	14038	8658
mean_skew	[-1.0,-0.5)	non-cCRE	unknown	481	0	0	0	398	-131.86800053343174	725.8813622085441	8	27	9
mean_skew	[-1.0,-0.5)	pELS	CpG-CGI	4909	4909	2549.8360000000002	2484.700308	4906	4828.660005625918	38410.74515364245	1081	1993	2826
mean_skew	[-1.0,-0.5)	pELS	CpG-nonCGI	21510	21510	36332.281	74394.652129	21480	-12038.384997536195	85029.28873155074	972	5168	7808
mean_skew	[-1.0,-0.5)	pELS	non-CpG-ti	39019	39019	6446.466	1421.373182	38964	35523.72899084888	241861.19867038063	6959	10590	16846
mean_skew	[-1.0,-0.5)	pELS	non-CpG-tv	41363	41363	3011.094	391.138518	41275	28172.821014369154	228765.0953416079	6424	12030	18679
mean_skew	[-1.0,-0.5)	pELS	unknown	86	0	0	0	86	-4.585999706760027	210.63773200310104	5	35	8
mean_skew	[-1.5,-1.0)	Other cCREs	CpG-CGI	183	183	332.002	715.648818	172	-47.793999604880824	832.5584261452155	12	40	23
mean_skew	[-1.5,-1.0)	Other cCREs	CpG-nonCGI	10754	10754	23992.265	57462.443125	10679	-8922.79799706594	29281.462127207815	100	483	1491
mean_skew	[-1.5,-1.0)	Other cCREs	non-CpG-ti	15863	15863	2731.9429999999998	640.261697	15740	1868.8860095610157	26895.11119236836	572	624	2944
mean_skew	[-1.5,-1.0)	Other cCREs	non-CpG-tv	14719	14719	961.676	106.582658	14554	-1069.3719966377835	24762.89451086707	372	641	2639
mean_skew	[-1.5,-1.0)	Other cCREs	unknown	12	0	0	0	11	-5.950000032782549	10.44759214324522	0	2	2
mean_skew	[-1.5,-1.0)	PLS	CpG-CGI	1735	1735	774.513	634.396645	1735	5652.008004016244	38070.63857002415	971	781	1244
mean_skew	[-1.5,-1.0)	PLS	CpG-nonCGI	1263	1263	1858.94	3638.544198	1262	1248.2020023693333	13128.50940049707	295	398	761
mean_skew	[-1.5,-1.0)	PLS	non-CpG-ti	4317	4317	722.844	159.534072	4309	13633.10897966649	87414.59127619192	2267	1659	2918
mean_skew	[-1.5,-1.0)	PLS	non-CpG-tv	5169	5169	378.103	42.176879	5161	14130.566989765512	91066.71401613232	2452	2162	3542
mean_skew	[-1.5,-1.0)	PLS	unknown	4	0	0	0	4	3.6620000749826436	19.431565996214378	1	2	2
mean_skew	[-1.5,-1.0)	dELS	CpG-CGI	779	779	992.342	1878.929954	778	86.66599950520333	4725.347684504623	98	186	344
mean_skew	[-1.5,-1.0)	dELS	CpG-nonCGI	33202	33202	70439.238	162949.557352	33142	-24342.34799855318	121677.96505509553	1024	3638	12733
mean_skew	[-1.5,-1.0)	dELS	non-CpG-ti	47534	47534	7678.686	1692.580858	47428	25159.847990180486	193464.52592649552	5155	4644	20885
mean_skew	[-1.5,-1.0)	dELS	non-CpG-tv	42017	42017	2565.624	261.81333	41911	10000.124007057635	144211.74686345513	3375	4311	18194
mean_skew	[-1.5,-1.0)	dELS	unknown	18	0	0	0	18	2.376999892294416	10.052112663170229	0	1	4
mean_skew	[-1.5,-1.0)	non-cCRE	CpG-CGI	464	464	573.972	1084.392938	458	317.53300060320163	4127.456541430252	93	149	142
mean_skew	[-1.5,-1.0)	non-cCRE	CpG-nonCGI	65801	65801	152259.81100000002	373736.296095	65487	-59161.516912882	171097.51140562768	218	3169	1240
mean_skew	[-1.5,-1.0)	non-cCRE	non-CpG-ti	66184	66184	11673.767	2691.202547	65324	928.1260391813711	59637.15547509148	856	2852	1670
mean_skew	[-1.5,-1.0)	non-cCRE	non-CpG-tv	61867	61867	3744.703	372.660817	61003	-9180.697966132197	73277.90785437541	677	2880	1630
mean_skew	[-1.5,-1.0)	non-cCRE	unknown	78	0	0	0	71	-21.601000096648946	59.259794421178874	0	7	0
mean_skew	[-1.5,-1.0)	pELS	CpG-CGI	926	926	491.926	479.737364	926	1619.2289965329687	12978.950252054967	305	411	576
mean_skew	[-1.5,-1.0)	pELS	CpG-nonCGI	4485	4485	7932.442	16783.985142	4481	-2256.2359941848545	19156.03697162416	257	1063	1779
mean_skew	[-1.5,-1.0)	pELS	non-CpG-ti	7588	7588	1261.577	278.855377	7573	9313.398017167698	60425.116469647815	1658	2135	3835
mean_skew	[-1.5,-1.0)	pELS	non-CpG-tv	7486	7486	484.403	49.025121	7472	7067.311997826445	52539.58491068258	1453	2123	3918
mean_skew	[-1.5,-1.0)	pELS	unknown	18	0	0	0	18	-7.699000138789415	11.681539529894318	0	1	1
mean_skew	[0.05,0.2)	Other cCREs	CpG-CGI	3717	3717	6032.585	11743.208279	3695	-2703.958000827931	13319.371440086918	101	604	167
mean_skew	[0.05,0.2)	Other cCREs	CpG-nonCGI	134370	134370	271957.582	589230.844392	132669	-106784.19593723233	366031.98121091473	1255	6913	6887
mean_skew	[0.05,0.2)	Other cCREs	non-CpG-ti	2431480	2431480	405355.326	96262.536008	2422015	-326138.3557437507	4014236.5305969487	59026	77178	109505
mean_skew	[0.05,0.2)	Other cCREs	non-CpG-tv	1602699	1602699	95777.433	10349.106339	1592851	-36566.19689555177	2384152.7193921283	44168	53184	72886
mean_skew	[0.05,0.2)	Other cCREs	unknown	3287	0	0	0	1957	-441.1399993207306	1380.6630985067668	2	168	67
mean_skew	[0.05,0.2)	PLS	CpG-CGI	15933	15933	7575.851000000001	6218.825111	15929	2437.7119863332496	88826.69727556033	2079	6549	9201
mean_skew	[0.05,0.2)	PLS	CpG-nonCGI	7659	7659	10070.32	17769.979734	7642	-4024.2129952095	36871.19003040179	482	2245	2719
mean_skew	[0.05,0.2)	PLS	non-CpG-ti	152992	152992	23368.608	4785.837694	152894	46428.1979923453	794111.0567111544	19797	51203	51623
mean_skew	[0.05,0.2)	PLS	non-CpG-tv	136438	136438	10061.648000000001	1314.60904	136315	41633.19497675625	717377.054733441	17738	48564	52620
mean_skew	[0.05,0.2)	PLS	unknown	941	0	0	0	940	-150.2860013504975	2995.627206471929	52	466	71
mean_skew	[0.05,0.2)	dELS	CpG-CGI	14233	14233	16919.703	29543.538911	14206	-9190.791006113523	59492.84381345727	676	3162	4074
mean_skew	[0.05,0.2)	dELS	CpG-nonCGI	394099	394099	744589.654	1530701.917368	393385	-338086.3829554283	1420193.0237870654	7448	39247	66724
mean_skew	[0.05,0.2)	dELS	non-CpG-ti	6559907	6559907	1075601.1469999999	256529.292603	6551998	-629555.3053942102	15850283.174901674	287462	494023	760741
mean_skew	[0.05,0.2)	dELS	non-CpG-tv	4179877	4179877	238459.3	24199.136616	4172894	351746.29865870945	9304486.345706018	213621	323822	509971
mean_skew	[0.05,0.2)	dELS	unknown	2565	0	0	0	2346	-736.5270016872091	2869.5660210710303	10	210	302
mean_skew	[0.05,0.2)	non-cCRE	CpG-CGI	12990	12990	13061.235	21574.708375	12952	-4927.082997097287	42875.74917713926	642	3949	3246
mean_skew	[0.05,0.2)	non-cCRE	CpG-nonCGI	1223292	1223292	2574795.709	5752512.591441	1212957	-1018354.4791937732	3067755.70112268	6067	48813	10593
mean_skew	[0.05,0.2)	non-cCRE	non-CpG-ti	26686511	26686511	4462869.476999991	1059913.4586910005	26409717	-4430064.027446364	33937799.634014815	331862	704077	146939
mean_skew	[0.05,0.2)	non-cCRE	non-CpG-tv	18576531	18576531	1157056.8380000012	137770.42244199995	18313971	-1611363.1669669687	20252257.12934278	252937	489867	107520
mean_skew	[0.05,0.2)	non-cCRE	unknown	24431	0	0	0	13345	-3584.8149924654285	13650.948828681225	38	1059	567
mean_skew	[0.05,0.2)	pELS	CpG-CGI	19766	19766	10261.214	9520.133528	19752	-82.18399640382155	75635.43156294995	1771	7684	9185
mean_skew	[0.05,0.2)	pELS	CpG-nonCGI	55787	55787	87576.616	165399.07266	55716	-42667.89699185615	190114.22784445639	1257	12777	10492
mean_skew	[0.05,0.2)	pELS	non-CpG-ti	949375	949375	149955.179	33518.394481	948581	-4730.235072828028	2546190.733919812	53246	212975	147159
mean_skew	[0.05,0.2)	pELS	non-CpG-tv	674354	674354	41522.877	4634.628729	673522	89075.92306744288	1742021.3544473276	42295	161902	119407
mean_skew	[0.05,0.2)	pELS	unknown	1461	0	0	0	1382	-591.3700019547249	2692.7491308045323	13	593	148
mean_skew	[0.2,0.5)	Other cCREs	CpG-CGI	1215	1215	2022.928	4071.15085	1202	-883.2610013585071	4613.01999424447	26	219	52
mean_skew	[0.2,0.5)	Other cCREs	CpG-nonCGI	33307	33307	69212.33	153927.729428	32722	-27679.350994923167	91981.7714820436	252	1851	1984
mean_skew	[0.2,0.5)	Other cCREs	non-CpG-ti	365178	365178	57458.931	12291.657781	363442	-56074.83094176767	561116.1275568706	7403	13138	21298
mean_skew	[0.2,0.5)	Other cCREs	non-CpG-tv	267274	267274	16119.825	1687.208925	265141	-15042.288954641319	386298.61348418077	6356	10685	14962
mean_skew	[0.2,0.5)	Other cCREs	unknown	609	0	0	0	423	-100.9880002960563	289.9590521272583	0	41	15
mean_skew	[0.2,0.5)	PLS	CpG-CGI	5203	5203	2453.139	2055.060917	5199	2551.5540012739366	32626.874578876552	902	2157	3075
mean_skew	[0.2,0.5)	PLS	CpG-nonCGI	2264	2264	2973.198	5363.828206	2262	-846.0380022944886	11218.355544410559	175	685	866
mean_skew	[0.2,0.5)	PLS	non-CpG-ti	40277	40277	6042.093	1146.826647	40258	24457.724993446598	256373.1812097645	6992	14230	15783
mean_skew	[0.2,0.5)	PLS	non-CpG-tv	42240	42240	3234.27	435.157416	42204	23112.024980744947	255534.63290146543	7006	15565	18049
mean_skew	[0.2,0.5)	PLS	unknown	142	0	0	0	142	-22.20200014347214	447.030468740627	4	69	17
mean_skew	[0.2,0.5)	dELS	CpG-CGI	4381	4381	5255.183	9375.735613	4378	-1962.6219890799853	18032.406442040956	259	965	1308
mean_skew	[0.2,0.5)	dELS	CpG-nonCGI	99924	99924	193093.177	407309.294135	99693	-89398.91799643589	376362.877125853	1933	10459	20433
mean_skew	[0.2,0.5)	dELS	non-CpG-ti	1082974	1082974	167277.385	35505.088867	1081471	-83262.43398473632	2569764.266988375	48424	92469	167560
mean_skew	[0.2,0.5)	dELS	non-CpG-tv	777825	777825	45100.145	4519.252661	776385	54311.71397030808	1790471.4481099711	40527	69114	124017
mean_skew	[0.2,0.5)	dELS	unknown	591	0	0	0	541	-150.03800027968816	511.69559974928916	1	45	71
mean_skew	[0.2,0.5)	non-cCRE	CpG-CGI	3765	3765	3834.8070000000002	6574.566825	3747	-587.4990028532924	13699.409558027424	281	1187	1037
mean_skew	[0.2,0.5)	non-cCRE	CpG-nonCGI	230408	230408	494046.34	1122514.16208	228382	-206600.08684052143	626566.0126676215	1057	10742	2684
mean_skew	[0.2,0.5)	non-cCRE	non-CpG-ti	2976918	2976918	460731.728	97703.7197	2951261	-517192.1924423985	3774896.5325341523	34807	100042	27313
mean_skew	[0.2,0.5)	non-cCRE	non-CpG-tv	2254572	2254572	138703.301	15337.380927	2227190	-202583.71539084957	2538581.3388146	31433	79329	23085
mean_skew	[0.2,0.5)	non-cCRE	unknown	4154	0	0	0	2454	-683.7749993335457	2663.4536820998915	8	183	123
mean_skew	[0.2,0.5)	pELS	CpG-CGI	6332	6332	3290.351	3171.513365	6330	1573.3459988153777	27795.56210445373	760	2442	3064
mean_skew	[0.2,0.5)	pELS	CpG-nonCGI	14405	14405	22699.571	43669.636483	14373	-10715.19500097248	50479.83506781092	367	3446	3342
mean_skew	[0.2,0.5)	pELS	non-CpG-ti	174384	174384	26330.185	5278.7292370000005	174196	22682.42702670734	537114.2246375032	12982	43520	36911
mean_skew	[0.2,0.5)	pELS	non-CpG-tv	145905	145905	9684.644	1157.467418	145705	33446.38102005098	456540.2951862703	11928	39276	34796
mean_skew	[0.2,0.5)	pELS	unknown	312	0	0	0	294	-83.04600085713902	564.994949682635	3	102	42
mean_skew	[0.5,1.0)	Other cCREs	CpG-CGI	349	349	601.98	1245.581474	340	-186.94599939347248	1366.0969653856516	14	58	6
mean_skew	[0.5,1.0)	Other cCREs	CpG-nonCGI	8069	8069	17187.778	39134.781548	7977	-7299.893993772684	24070.493713194293	45	393	577
mean_skew	[0.5,1.0)	Other cCREs	non-CpG-ti	75724	75724	11475.337	2300.045115	75335	-14566.345983146344	117239.0340003886	1364	2830	4861
mean_skew	[0.5,1.0)	Other cCREs	non-CpG-tv	53781	53781	3299.2690000000002	347.870795	53230	-4834.978986193426	76504.3144491943	1112	2249	3460
mean_skew	[0.5,1.0)	Other cCREs	unknown	131	0	0	0	85	-19.011999819427718	56.99416580784845	0	5	1
mean_skew	[0.5,1.0)	PLS	CpG-CGI	1245	1245	585.266	512.635758	1245	1080.8680001241157	9211.191216963078	283	475	753
mean_skew	[0.5,1.0)	PLS	CpG-nonCGI	668	668	852.198	1510.608672	668	-78.00699639588127	3623.9567330021287	58	231	289
mean_skew	[0.5,1.0)	PLS	non-CpG-ti	9786	9786	1468.843	275.533707	9783	7259.220988059421	68604.41889802927	1883	3511	3792
mean_skew	[0.5,1.0)	PLS	non-CpG-tv	10383	10383	838.629	121.283647	10377	7573.333001829333	72187.90070608405	1989	3885	4605
mean_skew	[0.5,1.0)	PLS	unknown	39	0	0	0	39	3.2410001307725853	108.25820378196067	3	16	6
mean_skew	[0.5,1.0)	dELS	CpG-CGI	1230	1230	1490.426	2713.78935	1227	-521.9229989936578	5411.788989557577	83	256	436
mean_skew	[0.5,1.0)	dELS	CpG-nonCGI	27126	27126	53391.005	114593.826217	27085	-24425.001985789502	101809.4759078283	510	2850	6143
mean_skew	[0.5,1.0)	dELS	non-CpG-ti	234910	234910	35281.405	7142.077963	234591	-29735.40596504358	552819.5230124618	9970	21079	41128
mean_skew	[0.5,1.0)	dELS	non-CpG-tv	167296	167296	9913.697	1028.508501	166996	8736.029008162095	393431.4300530533	8636	15936	30758
mean_skew	[0.5,1.0)	dELS	unknown	120	0	0	0	116	-33.67800027504565	101.54389602564407	0	7	16
mean_skew	[0.5,1.0)	non-cCRE	CpG-CGI	991	991	988.034	1683.553326	984	67.2889990586556	3679.7743243555865	89	294	288
mean_skew	[0.5,1.0)	non-cCRE	CpG-nonCGI	45742	45742	98653.307	226512.524903	45328	-41348.97798280407	128235.98385080206	230	2274	830
mean_skew	[0.5,1.0)	non-cCRE	non-CpG-ti	546559	546559	80516.501	15545.169779	542615	-108315.87986771614	699038.1409554724	5688	20572	6120
mean_skew	[0.5,1.0)	non-cCRE	non-CpG-tv	386273	386273	24995.193	2957.261435	382332	-39158.67782431736	439485.9213526611	5054	16161	5417
mean_skew	[0.5,1.0)	non-cCRE	unknown	660	0	0	0	472	-135.992000084254	510.20302207947975	0	40	4
mean_skew	[0.5,1.0)	pELS	CpG-CGI	1706	1706	816.576	720.215466	1704	1041.171001893468	9108.69908952416	278	697	861
mean_skew	[0.5,1.0)	pELS	CpG-nonCGI	3699	3699	5905.449	11537.977025	3691	-2532.2820032921163	13763.830159926294	108	874	914
mean_skew	[0.5,1.0)	pELS	non-CpG-ti	39223	39223	5763.171	1098.360019	39183	6284.80501905689	130433.39284326707	3201	9964	9141
mean_skew	[0.5,1.0)	pELS	non-CpG-tv	34343	34343	2444.3269999999998	318.228331	34278	10078.491980072811	120793.14398161114	3299	9808	9316
mean_skew	[0.5,1.0)	pELS	unknown	75	0	0	0	73	-29.300000544637435	356.9729071177506	4	30	11
mean_skew	[1.0,1.5)	Other cCREs	CpG-CGI	41	41	71.345	147.279573	41	-33.918999894522145	134.4403629874386	0	8	2
mean_skew	[1.0,1.5)	Other cCREs	CpG-nonCGI	1310	1310	2842.171	6524.446185	1302	-1257.0720003857277	4015.9663790811423	4	59	131
mean_skew	[1.0,1.5)	Other cCREs	non-CpG-ti	12800	12800	1805.672	321.02025199999997	12748	-2958.123002348119	19106.519173489796	181	492	846
mean_skew	[1.0,1.5)	Other cCREs	non-CpG-tv	8941	8941	558.815	55.112617	8828	-1131.576998663368	11910.52184389329	151	363	586
mean_skew	[1.0,1.5)	Other cCREs	unknown	15	0	0	0	8	-3.917999953031543	10.615805719787126	0	1	1
mean_skew	[1.0,1.5)	PLS	CpG-CGI	145	145	61.535000000000004	46.605973	145	147.5669991113245	1035.9570974191845	39	51	90
mean_skew	[1.0,1.5)	PLS	CpG-nonCGI	88	88	114.169	206.538065	88	-11.950000588782116	725.4388656113563	9	33	37
mean_skew	[1.0,1.5)	PLS	non-CpG-ti	1766	1766	259.498	45.781238	1765	1405.822004129761	13002.921226827139	347	639	643
mean_skew	[1.0,1.5)	PLS	non-CpG-tv	1725	1725	158.923	26.105675	1723	1510.3470022248798	13208.066104275698	358	627	727
mean_skew	[1.0,1.5)	PLS	unknown	3	0	0	0	3	-3.1139999628066968	6.9861859496726995	0	2	0
mean_skew	[1.0,1.5)	dELS	CpG-CGI	228	228	293.44	545.806742	227	-47.80699897452729	919.7757807571031	20	34	60
mean_skew	[1.0,1.5)	dELS	CpG-nonCGI	4994	4994	9910.307	21361.054113	4993	-4634.739997096012	19214.745236952884	103	544	1336
mean_skew	[1.0,1.5)	dELS	non-CpG-ti	40737	40737	5659.579	1000.470757	40675	-5293.162993261939	93452.34314484973	1659	3608	7080
mean_skew	[1.0,1.5)	dELS	non-CpG-tv	29526	29526	1807.1	179.840292	29456	1091.0750029060298	70042.28129487467	1535	2949	5714
mean_skew	[1.0,1.5)	dELS	unknown	15	0	0	0	14	-2.367000050842759	10.204511246941932	0	0	1
mean_skew	[1.0,1.5)	non-cCRE	CpG-CGI	173	173	160.527	260.863567	172	22.68900044239122	766.1674414358283	19	50	48
mean_skew	[1.0,1.5)	non-cCRE	CpG-nonCGI	5082	5082	11002.581	25205.252379	5050	-4930.363998427057	15551.452655426849	33	285	144
mean_skew	[1.0,1.5)	non-cCRE	non-CpG-ti	89242	89242	12271.877	2078.374651	88488	-22978.234983453753	120409.39608514648	766	3788	1096
mean_skew	[1.0,1.5)	non-cCRE	non-CpG-tv	57698	57698	3660.093	360.567317	57117	-8515.380978054134	69856.53092997671	699	2697	934
mean_skew	[1.0,1.5)	non-cCRE	unknown	78	0	0	0	56	-40.27899992465973	130.39041278171388	0	4	0
mean_skew	[1.0,1.5)	pELS	CpG-CGI	270	270	115.329	92.067447	270	172.6810010438786	1813.9619287148673	43	106	151
mean_skew	[1.0,1.5)	pELS	CpG-nonCGI	625	625	1001.326	1990.909242	624	-424.1890005519383	2204.005162117099	17	157	180
mean_skew	[1.0,1.5)	pELS	non-CpG-ti	7225	7225	1012.13	177.683958	7221	885.6080008120044	22350.249868075636	564	1977	1805
mean_skew	[1.0,1.5)	pELS	non-CpG-tv	6495	6495	509.868	69.45625	6483	1710.8400021810085	21555.79171422879	598	1862	1887
mean_skew	[1.0,1.5)	pELS	unknown	29	0	0	0	29	-24.062999784946403	82.2760408168563	0	17	7
mean_skew	[1.5,Inf)	Other cCREs	CpG-CGI	5	5	6.6049999999999995	11.514429	5	0.49899997562169995	0.6879909915741688	0	1	1
mean_skew	[1.5,Inf)	Other cCREs	CpG-nonCGI	170	170	384.707	918.140153	169	-154.72300045099112	479.8314467636782	0	8	14
mean_skew	[1.5,Inf)	Other cCREs	non-CpG-ti	4292	4292	602.109	101.911001	4274	-1126.6069963086627	6676.325475403084	59	138	220
mean_skew	[1.5,Inf)	Other cCREs	non-CpG-tv	2123	2123	133.193	13.003725	2102	-349.4459973751803	3245.7384959373953	37	108	107
mean_skew	[1.5,Inf)	Other cCREs	unknown	2	0	0	0	0	0	0	0	0	0
mean_skew	[1.5,Inf)	PLS	CpG-CGI	10	10	3.489	1.390323	10	2.657000020146363	23.807009030986244	2	3	7
mean_skew	[1.5,Inf)	PLS	CpG-nonCGI	16	16	27.773	56.411953	16	-0.616000235080726	102.56457636506273	1	5	8
mean_skew	[1.5,Inf)	PLS	non-CpG-ti	451	451	65.68900000000001	11.016957	451	272.5660010057036	2820.5550980136572	80	156	187
mean_skew	[1.5,Inf)	PLS	non-CpG-tv	340	340	33.910000000000004	5.840762	340	259.0559993432835	1925.7564486715612	55	111	129
mean_skew	[1.5,Inf)	PLS	unknown	4	0	0	0	4	-0.6949999332427981	1.608114888081554	0	2	1
mean_skew	[1.5,Inf)	dELS	CpG-CGI	26	26	20.945	30.067009	26	-13.490000404417522	130.15368124766965	2	11	13
mean_skew	[1.5,Inf)	dELS	CpG-nonCGI	802	802	1608.445	3457.693047	802	-704.6980003276841	3457.1864727864536	19	91	238
mean_skew	[1.5,Inf)	dELS	non-CpG-ti	12949	12949	1734.345	278.59396300000003	12932	-2146.747998983134	27824.115950584997	475	1201	2051
mean_skew	[1.5,Inf)	dELS	non-CpG-tv	7199	7199	461.396	47.399001999999996	7183	-321.10599458508693	17239.169011902355	314	741	1330
mean_skew	[1.5,Inf)	dELS	unknown	6	0	0	0	6	-3.390999913215633	10.362948386819138	0	1	1
mean_skew	[1.5,Inf)	non-cCRE	CpG-CGI	25	25	26.237000000000002	43.987077	25	-7.712999805808062	113.72151776670401	3	6	4
mean_skew	[1.5,Inf)	non-cCRE	CpG-nonCGI	508	508	1119.397	2614.547525	505	-549.5589984171096	1856.0248446566557	4	37	23
mean_skew	[1.5,Inf)	non-cCRE	non-CpG-ti	28233	28233	3840.008	628.475504	27940	-9684.312000834036	42586.88340104978	203	1049	322
mean_skew	[1.5,Inf)	non-cCRE	non-CpG-tv	13564	13564	869.248	85.225562	13464	-2401.6679888713415	17053.576053117853	161	693	245
mean_skew	[1.5,Inf)	non-cCRE	unknown	19	0	0	0	13	-6.129999987781054	23.371303918992595	0	0	0
mean_skew	[1.5,Inf)	pELS	CpG-CGI	47	47	19.84	15.114991999999999	47	43.109000224620075	202.2156993952737	8	22	26
mean_skew	[1.5,Inf)	pELS	CpG-nonCGI	106	106	179.412	367.489492	106	-81.71199940843509	365.4238909188628	4	22	33
mean_skew	[1.5,Inf)	pELS	non-CpG-ti	2346	2346	319.032	51.185924	2344	355.2670014118776	6839.724284839617	196	610	569
mean_skew	[1.5,Inf)	pELS	non-CpG-tv	1752	1752	157.632	24.234186	1749	462.8370000985451	5787.852946718644	159	540	529
mean_skew	[1.5,Inf)	pELS	unknown	14	0	0	0	14	-4.30799999460578	34.0575248038924	1	7	2
