skew_type	skew_bin	ccre_class	cell_line	n	n_MR	sum_MR	sum_MR_sq	n_phyloP	sum_phyloP	sum_phyloP_sq	n_conserved	n_tf_chip_peak	n_tf_footprint
HepG2_skew	(-Inf,-1.5)	Inactive cCRE	H1	49351	49349	44132.979	96916.903161	49266	-6006.571003559279	163843.6483151144	2898	4643	17158
HepG2_skew	(-Inf,-1.5)	Inactive cCRE	HCT116	47392	47391	43415.42	95410.545554	47301	-7620.998000485009	153832.50485815023	2553	4334	15668
HepG2_skew	(-Inf,-1.5)	Inactive cCRE	HepG2	46665	46664	43286.092	95374.038482	46577	-7745.196003582099	152948.66438562964	2490	4198	15310
HepG2_skew	(-Inf,-1.5)	Inactive cCRE	K562	45979	45977	41598.719	91942.834965	45895	-6424.996009830271	150891.2267162845	2612	3982	15226
HepG2_skew	(-Inf,-1.5)	Inactive cCRE	MCF-7	49362	49360	43830.46	96038.907126	49280	-5375.514005263337	165053.48834619595	2918	4574	17344
HepG2_skew	(-Inf,-1.5)	Inactive cCRE	SK-N-SH	49639	49637	43886.635	96356.768959	49550	-5908.33600357885	161112.88459422986	2871	4505	17676
HepG2_skew	(-Inf,-1.5)	Other cCREs	H1	2805	2805	1502.0910000000001	2664.999883	2798	2304.553995432683	20221.447021047148	529	483	1865
HepG2_skew	(-Inf,-1.5)	Other cCREs	HCT116	2275	2274	1039.578	1979.889836	2273	1457.2519984300004	11517.713658486315	325	263	1576
HepG2_skew	(-Inf,-1.5)	Other cCREs	HepG2	3274	3273	1474.054	2683.117024	3270	2080.106996647199	17983.611831668906	486	445	2195
HepG2_skew	(-Inf,-1.5)	Other cCREs	K562	3584	3584	2374.578	4508.532396	3574	1362.774000875885	18191.421102522167	448	550	2146
HepG2_skew	(-Inf,-1.5)	Other cCREs	MCF-7	1877	1877	1330.384	2656.213424	1867	586.8969998925456	10573.930082129138	252	256	1066
HepG2_skew	(-Inf,-1.5)	Other cCREs	SK-N-SH	2448	2448	1727.958	3252.037018	2443	1331.4570019737594	16332.270856570005	409	532	1303
HepG2_skew	(-Inf,-1.5)	PLS	H1	1276	1276	238.973	102.319855	1275	5527.221005541738	38474.59325922969	852	560	957
HepG2_skew	(-Inf,-1.5)	PLS	HCT116	1251	1251	279.526	195.592476	1251	5395.306003473351	37857.7759258884	836	563	922
HepG2_skew	(-Inf,-1.5)	PLS	HepG2	1268	1268	273.982	187.919318	1267	5325.213008336724	36961.773275302374	822	569	945
HepG2_skew	(-Inf,-1.5)	PLS	K562	1329	1329	314.389	234.131225	1328	5261.099003288081	36754.20230557704	820	569	978
HepG2_skew	(-Inf,-1.5)	PLS	MCF-7	1226	1226	255.897	163.426635	1225	5376.201007739758	37488.503448314426	837	558	918
HepG2_skew	(-Inf,-1.5)	PLS	SK-N-SH	1294	1294	243.986	100.02601	1293	5711.628005678415	39736.17718108912	878	572	959
HepG2_skew	(-Inf,-1.5)	dELS	H1	734	734	341.09	538.449856	734	907.2649995018733	6429.841701180151	182	128	493
HepG2_skew	(-Inf,-1.5)	dELS	HCT116	2786	2786	1327.508	2434.673898	2784	2899.040997923701	21398.773584974813	630	445	2011
HepG2_skew	(-Inf,-1.5)	dELS	HepG2	2496	2496	1030.68	1780.675364	2496	2635.4389969548206	18231.20871608076	562	414	1724
HepG2_skew	(-Inf,-1.5)	dELS	K562	2495	2495	1549.665	2952.526085	2495	1636.2639991182366	15939.028073684989	400	409	1668
HepG2_skew	(-Inf,-1.5)	dELS	MCF-7	1421	1421	691.118	1213.289298	1419	1571.668997558183	11604.273253484485	341	292	981
HepG2_skew	(-Inf,-1.5)	dELS	SK-N-SH	648	648	323.753	502.943975	648	1009.4379984749254	8013.612868400638	203	133	462
HepG2_skew	(-Inf,-1.5)	non-cCRE	H1	60719	60695	69196.262	159064.95171	60400	-32316.409951079768	122939.81600262182	474	2536	1323
HepG2_skew	(-Inf,-1.5)	non-cCRE	HCT116	60719	60695	69196.262	159064.95171	60400	-32316.409951079768	122939.81600262182	474	2536	1323
HepG2_skew	(-Inf,-1.5)	non-cCRE	HepG2	60719	60695	69196.262	159064.95171	60400	-32316.409951079768	122939.81600262182	474	2536	1323
HepG2_skew	(-Inf,-1.5)	non-cCRE	K562	60719	60695	69196.262	159064.95171	60400	-32316.409951079768	122939.81600262182	474	2536	1323
HepG2_skew	(-Inf,-1.5)	non-cCRE	MCF-7	60719	60695	69196.262	159064.95171	60400	-32316.409951079768	122939.81600262182	474	2536	1323
HepG2_skew	(-Inf,-1.5)	non-cCRE	SK-N-SH	60719	60695	69196.262	159064.95171	60400	-32316.409951079768	122939.81600262182	474	2536	1323
HepG2_skew	(-Inf,-1.5)	pELS	H1	651	651	155.4	134.691156	649	1802.308004516643	12571.177162152662	300	240	478
HepG2_skew	(-Inf,-1.5)	pELS	HCT116	1113	1113	308.501	336.662147	1113	2404.1760020916113	16933.939431224317	417	449	774
HepG2_skew	(-Inf,-1.5)	pELS	HepG2	1114	1114	305.725	331.613723	1112	2239.214003077009	15415.44925004236	401	428	777
HepG2_skew	(-Inf,-1.5)	pELS	K562	1430	1430	533.182	719.33924	1430	2699.636007981724	19764.82926065533	481	544	933
HepG2_skew	(-Inf,-1.5)	pELS	MCF-7	931	931	262.674	285.527428	931	2375.524001506505	16820.512328600107	413	374	642
HepG2_skew	(-Inf,-1.5)	pELS	SK-N-SH	788	788	188.201	145.587949	788	2390.5899988854076	16345.76195843439	400	312	551
HepG2_skew	[-0.05,0.05)	Inactive cCRE	H1	67030757	66994452	16978088.148999963	22817664.780925084	66883376	2173768.904407934	136783533.3482982	2972594	4487226	5041403
HepG2_skew	[-0.05,0.05)	Inactive cCRE	HCT116	66580280	66544709	16899286.608999975	22726388.81269308	66433579	2286686.526248201	137173303.37558177	2989148	4401597	4953958
HepG2_skew	[-0.05,0.05)	Inactive cCRE	HepG2	66831476	66795005	16926428.495999973	22731771.755390078	66683191	2270392.9633532455	137493963.89039075	2995506	4426397	5076761
HepG2_skew	[-0.05,0.05)	Inactive cCRE	K562	65450763	65414530	16628962.879999975	22436223.950890087	65303992	2286167.929317963	134712087.25242192	2941320	4121152	4796669
HepG2_skew	[-0.05,0.05)	Inactive cCRE	MCF-7	66766232	66730062	16829260.72299996	22549968.686291073	66616354	2466045.4692123984	137166926.55618766	2992183	4378675	5052008
HepG2_skew	[-0.05,0.05)	Inactive cCRE	SK-N-SH	66314495	66278557	16715816.092999963	22463795.369907074	66165048	1941431.8768749528	133217516.6348869	2871840	4222303	4898661
HepG2_skew	[-0.05,0.05)	Other cCREs	H1	1793712	1793038	403276.025	426207.264609	1789936	41189.53172208751	5774566.687480475	115588	281051	475185
HepG2_skew	[-0.05,0.05)	Other cCREs	HCT116	1466548	1465692	309473.13300000003	323809.556173	1462578	-34797.741077250466	3431025.4731380777	66534	175273	355254
HepG2_skew	[-0.05,0.05)	Other cCREs	HepG2	1402081	1401614	313643.949	340647.712129	1399630	-44406.8330949161	3707324.4396037245	67984	203067	337420
HepG2_skew	[-0.05,0.05)	Other cCREs	K562	2030349	2029865	470291.698	526725.590818	2027473	-64587.12108784297	4777263.083821658	90785	285948	447303
HepG2_skew	[-0.05,0.05)	Other cCREs	MCF-7	1626221	1625512	440273.555	566255.682571	1625143	-235999.73406517613	4295891.064020979	71053	235007	319882
HepG2_skew	[-0.05,0.05)	Other cCREs	SK-N-SH	2263302	2262319	622225.872	764753.199964	2261679	141930.27838894198	7927393.344982501	177226	425809	499957
HepG2_skew	[-0.05,0.05)	PLS	H1	366355	366252	58941.888	22932.311188	366217	72839.1580300281	2155849.644724027	47932	151942	182881
HepG2_skew	[-0.05,0.05)	PLS	HCT116	342539	342429	55777.351	23132.205341	342460	51963.01302766577	1954872.394286846	42347	147094	172317
HepG2_skew	[-0.05,0.05)	PLS	HepG2	317940	317855	51853.004	22553.22982	317802	37206.59102876753	1864778.8813807508	38589	137794	158551
HepG2_skew	[-0.05,0.05)	PLS	K562	361353	361244	59471.346	25581.459968	361174	52827.44499663656	1981118.5425238032	43071	154186	177324
HepG2_skew	[-0.05,0.05)	PLS	MCF-7	366485	366360	60595.634	25130.305224	366347	75663.714054921307	2027482.8024592525	47149	155239	184565
HepG2_skew	[-0.05,0.05)	PLS	SK-N-SH	409019	408867	67321.96399999999	26985.277006	408809	103196.94301118879	2337187.0703912573	54793	169830	200676
HepG2_skew	[-0.05,0.05)	dELS	H1	299504	299475	71263.534	81195.444674	299365	65801.33896598314	1207724.09571224	27556	48700	85800
HepG2_skew	[-0.05,0.05)	dELS	HCT116	825545	825188	199305.809	240958.631607	824882	33523.41895039918	2543241.468723529	49077	135650	221002
HepG2_skew	[-0.05,0.05)	dELS	HepG2	746153	746088	183684.827	223225.377629	745789	74313.38087220732	2316193.7174151894	49985	127411	164508
HepG2_skew	[-0.05,0.05)	dELS	K562	954233	954122	232042.986	277245.889124	953460	15271.961907144658	2702428.4732907754	49073	149234	200352
HepG2_skew	[-0.05,0.05)	dELS	MCF-7	505376	505325	138758.942	177655.784148	504965	3803.1989525844	1785349.6587928685	34903	103042	147816
HepG2_skew	[-0.05,0.05)	dELS	SK-N-SH	296921	296912	74150.431	81736.361885	296741	92415.99385210728	1632555.2859409738	36725	58013	102043
HepG2_skew	[-0.05,0.05)	non-cCRE	H1	298342156	298179695	69826707.45299962	91479894.6860742	294785594	-29423331.298912425	335256834.6967356	4180676	6322109	1003583
HepG2_skew	[-0.05,0.05)	non-cCRE	HCT116	298342156	298179695	69826707.45299962	91479894.6860742	294785594	-29423331.298912425	335256834.6967356	4180676	6322109	1003583
HepG2_skew	[-0.05,0.05)	non-cCRE	HepG2	298342156	298179695	69826707.45299962	91479894.6860742	294785594	-29423331.298912425	335256834.6967356	4180676	6322109	1003583
HepG2_skew	[-0.05,0.05)	non-cCRE	K562	298342156	298179695	69826707.45299962	91479894.6860742	294785594	-29423331.298912425	335256834.6967356	4180676	6322109	1003583
HepG2_skew	[-0.05,0.05)	non-cCRE	MCF-7	298342156	298179695	69826707.45299962	91479894.6860742	294785594	-29423331.298912425	335256834.6967356	4180676	6322109	1003583
HepG2_skew	[-0.05,0.05)	non-cCRE	SK-N-SH	298342156	298179695	69826707.45299962	91479894.6860742	294785594	-29423331.298912425	335256834.6967356	4180676	6322109	1003583
HepG2_skew	[-0.05,0.05)	pELS	H1	260682	260605	42009.154	20767.886	260611	63226.41405215525	1215481.0474942478	27643	103179	106051
HepG2_skew	[-0.05,0.05)	pELS	HCT116	536098	535804	89735.848	54478.481582	536006	79450.13002917432	2034712.1119789903	44207	212484	188789
HepG2_skew	[-0.05,0.05)	pELS	HepG2	453360	453260	77968.474	50569.612428	453093	79319.24501888115	1754893.8949188513	39249	177429	154080
HepG2_skew	[-0.05,0.05)	pELS	K562	954312	954061	162809.84	102990.796596	953406	127145.13204428418	2964257.4716510344	67064	361578	269672
HepG2_skew	[-0.05,0.05)	pELS	MCF-7	486696	486563	84689.896	49757.229162	486696	107312.69902345879	1861504.7422484031	46025	200135	187049
HepG2_skew	[-0.05,0.05)	pELS	SK-N-SH	467273	467167	74064.39	31497.478634	467228	137850.25505099542	2022502.4875075838	50729	196143	189983
HepG2_skew	[-0.2,-0.05)	Inactive cCRE	H1	18099113	18089184	8182614.125999999	14906165.66466001	18052792	-816224.0007111998	41401223.79931517	808020	1510037	2182482
HepG2_skew	[-0.2,-0.05)	Inactive cCRE	HCT116	18037840	18028076	8154783.922999998	14838820.513225012	17991723	-758483.1566467574	41819207.02602807	820374	1494917	2161226
HepG2_skew	[-0.2,-0.05)	Inactive cCRE	HepG2	18011882	18001940	8133156.710999999	14799051.69309101	17965251	-763255.6895948228	41712903.11778671	818720	1487362	2204239
HepG2_skew	[-0.2,-0.05)	Inactive cCRE	K562	17578627	17568838	7981634.386	14597763.68434801	17532796	-763878.216801298	40661471.983255446	796597	1376068	2061525
HepG2_skew	[-0.2,-0.05)	Inactive cCRE	MCF-7	17985001	17975218	8083063.205999998	14705744.657842012	17937869	-695992.5976707948	41469399.928714864	814228	1458201	2186462
HepG2_skew	[-0.2,-0.05)	Inactive cCRE	SK-N-SH	17781847	17772083	8023999.885999999	14666671.524122013	17734857	-930418.444543865	39760102.523587614	761423	1387372	2108431
HepG2_skew	[-0.2,-0.05)	Other cCREs	H1	803626	803416	265058.504	362454.359366	802210	69475.07293486531	2873310.873104884	63342	140071	285114
HepG2_skew	[-0.2,-0.05)	Other cCREs	HCT116	565313	565096	186087.666	267996.957148	563870	16556.074925247805	1642157.7181917722	35187	74373	193836
HepG2_skew	[-0.2,-0.05)	Other cCREs	HepG2	625414	625245	215130.24599999998	311856.40856	624480	19875.643915782795	1921482.3663159292	39979	98355	200533
HepG2_skew	[-0.2,-0.05)	Other cCREs	K562	828363	828109	302155.165	445921.463125	827087	-1540.028989653108	2350016.000544255	48325	131199	258277
HepG2_skew	[-0.2,-0.05)	Other cCREs	MCF-7	690423	690114	283125.341	448943.246655	689916	-76800.08304907735	2127210.7561268406	38663	111612	188523
HepG2_skew	[-0.2,-0.05)	Other cCREs	SK-N-SH	1001923	1001559	400338.856	595642.079714	1001189	82367.01085065375	3792974.0751638776	86286	205214	292845
HepG2_skew	[-0.2,-0.05)	PLS	H1	233801	233732	41524.765	17530.948739	233688	150690.00502039405	1589200.1175502727	43762	97361	130201
HepG2_skew	[-0.2,-0.05)	PLS	HCT116	217082	217010	39400.68	18262.871732	217017	129127.04802679349	1419073.3064017051	39005	92926	121679
HepG2_skew	[-0.2,-0.05)	PLS	HepG2	202187	202130	37262.683	18809.149813	202074	113344.30399768805	1340135.7707440895	35759	87425	112129
HepG2_skew	[-0.2,-0.05)	PLS	K562	225835	225766	41670.866	20176.701898	225731	129788.35201514726	1431602.87014484	39457	96511	124884
HepG2_skew	[-0.2,-0.05)	PLS	MCF-7	235339	235264	43080.657999999996	19595.1028	235226	152240.48903801615	1532775.8637028735	43694	99499	131888
HepG2_skew	[-0.2,-0.05)	PLS	SK-N-SH	260372	260282	47452.778	20646.407316	260245	179056.20904070104	1718117.515816737	49502	108118	143325
HepG2_skew	[-0.2,-0.05)	dELS	H1	140446	140423	49178.217	70255.736825	140338	41372.82897022773	640914.3012920935	15312	25684	54309
HepG2_skew	[-0.2,-0.05)	dELS	HCT116	346031	345882	131859.518	205931.445042	345713	34483.77793121559	1227613.3620289434	26448	64279	129706
HepG2_skew	[-0.2,-0.05)	dELS	HepG2	352530	352493	130451.167	200953.199129	352349	59384.09693475789	1259190.5619457508	29403	65026	107124
HepG2_skew	[-0.2,-0.05)	dELS	K562	388911	388826	151751.11	235328.028532	388529	18997.42099667024	1255629.4482977681	24975	69405	119811
HepG2_skew	[-0.2,-0.05)	dELS	MCF-7	252550	252506	102334.008	158766.446598	252315	21610.214916469653	977998.7617973386	21355	54806	95137
HepG2_skew	[-0.2,-0.05)	dELS	SK-N-SH	137629	137623	49775.436	67159.892696	137512	52559.7489146177	784882.8983627079	18860	30153	60413
HepG2_skew	[-0.2,-0.05)	non-cCRE	H1	44212274	44186224	20108115.43099999	38852006.15403698	43677507	-7731343.610536332	59986480.17665458	651121	1322863	368472
HepG2_skew	[-0.2,-0.05)	non-cCRE	HCT116	44212274	44186224	20108115.43099999	38852006.15403698	43677507	-7731343.610536332	59986480.17665458	651121	1322863	368472
HepG2_skew	[-0.2,-0.05)	non-cCRE	HepG2	44212274	44186224	20108115.43099999	38852006.15403698	43677507	-7731343.610536332	59986480.17665458	651121	1322863	368472
HepG2_skew	[-0.2,-0.05)	non-cCRE	K562	44212274	44186224	20108115.43099999	38852006.15403698	43677507	-7731343.610536332	59986480.17665458	651121	1322863	368472
HepG2_skew	[-0.2,-0.05)	non-cCRE	MCF-7	44212274	44186224	20108115.43099999	38852006.15403698	43677507	-7731343.610536332	59986480.17665458	651121	1322863	368472
HepG2_skew	[-0.2,-0.05)	non-cCRE	SK-N-SH	44212274	44186224	20108115.43099999	38852006.15403698	43677507	-7731343.610536332	59986480.17665458	651121	1322863	368472
HepG2_skew	[-0.2,-0.05)	pELS	H1	139702	139679	27130.493	16927.453489	139670	76879.3460306572	745084.5211739108	20503	56082	68860
HepG2_skew	[-0.2,-0.05)	pELS	HCT116	250422	250370	53374.318	42322.375932	250375	100509.50800844454	1141682.1997858032	29925	102740	114519
HepG2_skew	[-0.2,-0.05)	pELS	HepG2	224675	224626	49505.298	42663.712486	224544	92844.89699153855	1016021.7956438273	27078	91067	96941
HepG2_skew	[-0.2,-0.05)	pELS	K562	394952	394895	88294.578	74144.285176	394555	138825.7250240781	1551013.3101939938	41585	156052	156469
HepG2_skew	[-0.2,-0.05)	pELS	MCF-7	253375	253332	53902.892	40284.709184	253372	121135.22901033054	1142348.3020944041	32999	105117	118956
HepG2_skew	[-0.2,-0.05)	pELS	SK-N-SH	234917	234887	43939.149	23214.259231	234895	138628.72798283788	1193656.5995053845	34868	98378	115952
HepG2_skew	[-0.5,-0.2)	Inactive cCRE	H1	3542806	3541198	1873632.303	3602210.761591	3532997	-239905.22601046396	9199721.383000812	176026	335389	676967
HepG2_skew	[-0.5,-0.2)	Inactive cCRE	HCT116	3525267	3523689	1863375.705	3575616.168251	3515484	-239793.33093884704	9222780.52195628	176409	333031	667485
HepG2_skew	[-0.5,-0.2)	Inactive cCRE	HepG2	3501893	3500293	1853548.128	3558609.655386	3492018	-232816.52395658675	9218680.649259713	176563	327919	678684
HepG2_skew	[-0.5,-0.2)	Inactive cCRE	K562	3419850	3418300	1816063.914	3506426.39463	3410252	-238172.99400920718	8921939.011722252	170411	303725	635794
HepG2_skew	[-0.5,-0.2)	Inactive cCRE	MCF-7	3515969	3514429	1845346.57	3542112.645276	3505986	-213286.8449620139	9179639.219683263	176119	322093	679827
HepG2_skew	[-0.5,-0.2)	Inactive cCRE	SK-N-SH	3484825	3483280	1839143.739	3548225.781213	3474885	-288601.4639546684	8721380.314830702	161894	306637	664619
HepG2_skew	[-0.5,-0.2)	Other cCREs	H1	229089	229054	79980.314	112671.704258	228733	70969.2459455525	1035904.5860944916	26025	42268	111305
HepG2_skew	[-0.5,-0.2)	Other cCREs	HCT116	160741	160699	56311.201	84454.293929	160421	59389.165908865405	730538.6576730389	18581	21692	78971
HepG2_skew	[-0.5,-0.2)	Other cCREs	HepG2	189052	189007	68081.729	102914.577439	188786	57381.429935477776	797808.9916203964	20060	30805	83336
HepG2_skew	[-0.5,-0.2)	Other cCREs	K562	232452	232379	92663.022	142050.778078	232031	51466.31294881973	937911.1420976655	22512	38716	103599
HepG2_skew	[-0.5,-0.2)	Other cCREs	MCF-7	187219	187128	81904.336	133597.389858	187043	20123.89693924842	769197.2857193556	17208	32089	74612
HepG2_skew	[-0.5,-0.2)	Other cCREs	SK-N-SH	257827	257728	108782.355	165503.60361700002	257593	74293.80993882513	1237427.4859960293	31032	56143	104794
HepG2_skew	[-0.5,-0.2)	PLS	H1	86178	86159	15002.778	6200.511482	86133	129559.11896873683	897695.2258359828	26660	36443	54207
HepG2_skew	[-0.5,-0.2)	PLS	HCT116	79795	79774	14209.979	6552.934299	79775	117080.21798373247	813525.8096646178	24366	34389	50550
HepG2_skew	[-0.5,-0.2)	PLS	HepG2	74931	74918	13593.26	6945.118104	74886	107818.86296019614	765747.3224510152	22566	32660	46870
HepG2_skew	[-0.5,-0.2)	PLS	K562	81770	81755	14763.752	7131.942566	81744	116800.49396498867	810238.047254014	24274	35167	51447
HepG2_skew	[-0.5,-0.2)	PLS	MCF-7	86270	86255	15336.393	6820.220393	86225	129947.75295628984	879158.6840250769	26717	36854	54422
HepG2_skew	[-0.5,-0.2)	PLS	SK-N-SH	94139	94118	16589.985	6851.092017	94091	143933.92195999282	967147.4568353652	29342	39525	58743
HepG2_skew	[-0.5,-0.2)	dELS	H1	41330	41324	15176.512	22017.306946	41276	20308.47900438436	226769.82991331216	5826	7921	21092
HepG2_skew	[-0.5,-0.2)	dELS	HCT116	103520	103497	42179.209	68410.676793	103380	29100.02295120363	445770.6704746358	11095	20192	50549
HepG2_skew	[-0.5,-0.2)	dELS	HepG2	109140	109133	41731.703	66281.489567	109090	37576.90298529297	474407.46688641957	12345	20850	44221
HepG2_skew	[-0.5,-0.2)	dELS	K562	105678	105659	44842.373	72019.659707	105569	19516.497010413208	419046.47060896724	9523	20376	45398
HepG2_skew	[-0.5,-0.2)	dELS	MCF-7	77799	77777	33351.113	53345.056639	77730	20677.932978775927	368130.602617359	9008	17230	37434
HepG2_skew	[-0.5,-0.2)	dELS	SK-N-SH	38930	38926	15088.605	21057.173823	38882	25469.461971125223	271186.4487233929	6945	9110	21345
HepG2_skew	[-0.5,-0.2)	non-cCRE	H1	5198450	5195580	3095622.038	6356530.14576	5143990	-1386773.8141669442	8074681.761407025	72428	198562	85790
HepG2_skew	[-0.5,-0.2)	non-cCRE	HCT116	5198450	5195580	3095622.038	6356530.14576	5143990	-1386773.8141669442	8074681.761407025	72428	198562	85790
HepG2_skew	[-0.5,-0.2)	non-cCRE	HepG2	5198450	5195580	3095622.038	6356530.14576	5143990	-1386773.8141669442	8074681.761407025	72428	198562	85790
HepG2_skew	[-0.5,-0.2)	non-cCRE	K562	5198450	5195580	3095622.038	6356530.14576	5143990	-1386773.8141669442	8074681.761407025	72428	198562	85790
HepG2_skew	[-0.5,-0.2)	non-cCRE	MCF-7	5198450	5195580	3095622.038	6356530.14576	5143990	-1386773.8141669442	8074681.761407025	72428	198562	85790
HepG2_skew	[-0.5,-0.2)	non-cCRE	SK-N-SH	5198450	5195580	3095622.038	6356530.14576	5143990	-1386773.8141669442	8074681.761407025	72428	198562	85790
HepG2_skew	[-0.5,-0.2)	pELS	H1	44568	44564	8757.129	5573.744931	44558	47454.53800541316	337527.9970388444	10019	18430	25924
HepG2_skew	[-0.5,-0.2)	pELS	HCT116	74648	74640	16472.942	13639.955936	74637	62610.08000866873	485003.36211487005	14105	31147	41940
HepG2_skew	[-0.5,-0.2)	pELS	HepG2	68955	68948	15594.216	13923.188712	68917	58425.48398924283	440974.59166589996	13022	28217	36384
HepG2_skew	[-0.5,-0.2)	pELS	K562	104221	104206	24215.975	21045.254227	104101	78775.84599860862	608484.3502005448	17836	42467	53257
HepG2_skew	[-0.5,-0.2)	pELS	MCF-7	76714	76710	16610.624	12798.717042	76713	70923.41800132266	501493.22983838676	15504	32185	43200
HepG2_skew	[-0.5,-0.2)	pELS	SK-N-SH	68250	68247	12944.352	7036.378538	68246	73290.42599834819	500477.31549795286	15343	29036	39994
HepG2_skew	[-1.0,-0.5)	Inactive cCRE	H1	825610	825360	506656.028	1018991.76356	823276	-29514.842074631124	2530855.3348705787	49118	79603	224677
HepG2_skew	[-1.0,-0.5)	Inactive cCRE	HCT116	810599	810366	502599.5	1010829.495994	808272	-50823.94503927674	2408453.613613828	45652	77897	214301
HepG2_skew	[-1.0,-0.5)	Inactive cCRE	HepG2	810444	810203	500691.47	1005847.522248	808096	-36004.56905781654	2483416.10785143	47729	77111	220812
HepG2_skew	[-1.0,-0.5)	Inactive cCRE	K562	786088	785857	485490.983	981242.645573	783864	-44404.321054205866	2339994.505502168	44616	70891	205491
HepG2_skew	[-1.0,-0.5)	Inactive cCRE	MCF-7	821995	821765	499993.192	1003171.97187	819628	-24589.715091045946	2510915.250658498	48704	76767	226810
HepG2_skew	[-1.0,-0.5)	Inactive cCRE	SK-N-SH	823052	822824	502810.12200000003	1012239.1332	820645	-45973.82906345351	2397388.486700138	45573	74340	228359
HepG2_skew	[-1.0,-0.5)	Other cCREs	H1	71852	71847	27662.37	40127.56913	71740	61023.1779586022	538181.6653425181	13871	12843	46600
HepG2_skew	[-1.0,-0.5)	Other cCREs	HCT116	58591	58578	20540.814	29942.576668	58485	67056.31795212966	522245.2663346804	13242	7556	40066
HepG2_skew	[-1.0,-0.5)	Other cCREs	HepG2	63653	63639	23965.506	36514.534264	63566	61814.99394798722	510407.479167911	12989	9998	39631
HepG2_skew	[-1.0,-0.5)	Other cCREs	K562	79104	79082	34827.248	55244.594764	78943	65231.560938004295	598458.5059968363	14807	12733	49157
HepG2_skew	[-1.0,-0.5)	Other cCREs	MCF-7	57061	57050	26138.029	42576.285949	56997	42902.24799052287	439721.70484982926	10663	9660	33404
HepG2_skew	[-1.0,-0.5)	Other cCREs	SK-N-SH	68617	68597	30693.240999999998	47430.104177	68570	59303.66899586608	558922.7059750638	14149	14930	38643
HepG2_skew	[-1.0,-0.5)	PLS	H1	25785	25781	4566.836	1903.516082	25772	68991.03101606226	438894.7056158463	12264	11361	18274
HepG2_skew	[-1.0,-0.5)	PLS	HCT116	24189	24186	4476.557	2264.864909	24180	63343.67201728281	401073.1398112096	11373	10802	17185
HepG2_skew	[-1.0,-0.5)	PLS	HepG2	22970	22968	4395.473	2536.491191	22957	59400.45502454895	379906.92408402957	10653	10302	16213
HepG2_skew	[-1.0,-0.5)	PLS	K562	24580	24579	4674.9800000000005	2588.74213	24570	62821.954024870305	398294.4505920761	11282	10906	17344
HepG2_skew	[-1.0,-0.5)	PLS	MCF-7	25532	25530	4666.19	2215.250498	25519	67958.77300601536	427691.38686587627	12140	11327	18062
HepG2_skew	[-1.0,-0.5)	PLS	SK-N-SH	27182	27175	4856.157	2028.943561	27169	72867.36099907767	459701.35401579045	12991	11912	19089
HepG2_skew	[-1.0,-0.5)	dELS	H1	11346	11343	4773.1269999999995	7363.507921	11333	8995.283992986308	75151.87919665856	2078	2226	6793
HepG2_skew	[-1.0,-0.5)	dELS	HCT116	32909	32903	13716.173	22637.745643	32880	21137.799973160385	188241.70851898057	5282	6370	19549
HepG2_skew	[-1.0,-0.5)	dELS	HepG2	30892	30889	12697.433	21082.624510999998	30881	18541.73599138007	167443.8755747084	4701	5914	15948
HepG2_skew	[-1.0,-0.5)	dELS	K562	30888	30883	14582.469	24680.991641	30855	12683.395000681166	150042.38011828065	3892	5956	16614
HepG2_skew	[-1.0,-0.5)	dELS	MCF-7	22317	22302	10775.092999999999	18175.115999	22291	13115.302982549993	138982.9100221767	3773	4996	13206
HepG2_skew	[-1.0,-0.5)	dELS	SK-N-SH	10788	10785	4449.492	6388.166008	10783	13272.078970535078	106464.59502164942	2807	2557	6925
HepG2_skew	[-1.0,-0.5)	non-cCRE	H1	911804	911429	672152.143	1461963.019157	903155	-295266.67158789205	1552838.0391167442	11886	39111	21118
HepG2_skew	[-1.0,-0.5)	non-cCRE	HCT116	911804	911429	672152.143	1461963.019157	903155	-295266.67158789205	1552838.0391167442	11886	39111	21118
HepG2_skew	[-1.0,-0.5)	non-cCRE	HepG2	911804	911429	672152.143	1461963.019157	903155	-295266.67158789205	1552838.0391167442	11886	39111	21118
HepG2_skew	[-1.0,-0.5)	non-cCRE	K562	911804	911429	672152.143	1461963.019157	903155	-295266.67158789205	1552838.0391167442	11886	39111	21118
HepG2_skew	[-1.0,-0.5)	non-cCRE	MCF-7	911804	911429	672152.143	1461963.019157	903155	-295266.67158789205	1552838.0391167442	11886	39111	21118
HepG2_skew	[-1.0,-0.5)	non-cCRE	SK-N-SH	911804	911429	672152.143	1461963.019157	903155	-295266.67158789205	1552838.0391167442	11886	39111	21118
HepG2_skew	[-1.0,-0.5)	pELS	H1	11831	11831	2488.9410000000003	1756.157717	11831	20444.541003865088	138807.7031246786	3833	5023	7675
HepG2_skew	[-1.0,-0.5)	pELS	HCT116	20136	20129	4814.258	4467.831196	20135	29225.3469935886	201877.55987158115	5615	8431	12918
HepG2_skew	[-1.0,-0.5)	pELS	HepG2	18465	18463	4397.42	4161.342196	18452	26186.575990785048	180716.9014722014	5092	7731	11415
HepG2_skew	[-1.0,-0.5)	pELS	K562	25764	25761	6571.622	6385.540302	25720	33606.60298753485	235101.44594091855	6567	10570	15413
HepG2_skew	[-1.0,-0.5)	pELS	MCF-7	19519	19515	4574.798	4003.890094	19517	30552.583008842434	204580.0357538995	5884	8306	12537
HepG2_skew	[-1.0,-0.5)	pELS	SK-N-SH	16785	16781	3338.29	2056.167464	16785	30469.911994859358	199414.14643763634	5644	7317	11003
HepG2_skew	[-1.5,-1.0)	Inactive cCRE	H1	157056	157034	109379.184	231778.986576	156583	-5276.816976732226	486737.55911692674	9501	15144	50289
HepG2_skew	[-1.5,-1.0)	Inactive cCRE	HCT116	152369	152347	108095.722	229386.070852	151886	-8411.19197379053	469754.9347993152	8869	14606	46841
HepG2_skew	[-1.5,-1.0)	Inactive cCRE	HepG2	151880	151858	107268.197	227532.324757	151399	-6079.14797220461	479906.0609671887	9179	14214	47482
HepG2_skew	[-1.5,-1.0)	Inactive cCRE	K562	147255	147234	103223.535	219965.832011	146794	-7220.433975092713	449648.2051052431	8645	13178	44915
HepG2_skew	[-1.5,-1.0)	Inactive cCRE	MCF-7	156601	156579	108023.96	228508.27678	156124	-2700.8619765334292	491652.6763187078	9678	14673	50591
HepG2_skew	[-1.5,-1.0)	Inactive cCRE	SK-N-SH	157496	157474	108605.044	230352.437874	157000	-6445.6499744991315	470624.04836798453	9177	14499	51509
HepG2_skew	[-1.5,-1.0)	Other cCREs	H1	12018	12018	4875.124	7709.01466	11997	13226.90899276873	107600.90699894939	2704	2107	8050
HepG2_skew	[-1.5,-1.0)	Other cCREs	HCT116	9824	9824	3511.946	5564.420228	9810	10408.334986861917	81549.37612975741	1990	1176	6773
HepG2_skew	[-1.5,-1.0)	Other cCREs	HepG2	11816	11816	4848.238	8208.35213	11805	11005.470000126406	89879.38039323236	2242	1823	7727
HepG2_skew	[-1.5,-1.0)	Other cCREs	K562	14396	14395	7245.679	12788.333725	14371	11413.939000505256	106083.3420843291	2523	2296	9081
HepG2_skew	[-1.5,-1.0)	Other cCREs	MCF-7	9016	9016	4609.242	8135.21763	8998	7360.140002232048	74747.33010378153	1704	1484	5412
HepG2_skew	[-1.5,-1.0)	Other cCREs	SK-N-SH	10816	10816	5584.076	9417.77875	10813	10612.190999412796	100103.04991645855	2358	2224	6201
HepG2_skew	[-1.5,-1.0)	PLS	H1	5012	5012	924.365	421.507159	5010	18763.282983741377	125041.60609227719	3111	2279	3807
HepG2_skew	[-1.5,-1.0)	PLS	HCT116	4778	4778	929.165	521.348737	4777	17669.913990471756	117159.20162883439	2955	2195	3620
HepG2_skew	[-1.5,-1.0)	PLS	HepG2	4652	4652	963.842	650.963984	4650	16969.26798875549	113351.65102439761	2837	2157	3482
HepG2_skew	[-1.5,-1.0)	PLS	K562	4900	4900	1001.028	673.817168	4898	17588.95298676206	116992.28479721911	2944	2239	3676
HepG2_skew	[-1.5,-1.0)	PLS	MCF-7	4903	4903	935.546	491.38448	4901	18495.172987157137	122391.26052086585	3088	2284	3712
HepG2_skew	[-1.5,-1.0)	PLS	SK-N-SH	5206	5206	972.053	455.728113	5204	19712.946981283014	130590.29736891988	3276	2383	3925
HepG2_skew	[-1.5,-1.0)	dELS	H1	2252	2252	991.222	1643.52695	2249	2242.05300075491	17299.244275323064	477	408	1446
HepG2_skew	[-1.5,-1.0)	dELS	HCT116	7742	7742	3129.259	5372.700621	7739	7108.693996486255	53265.82711018853	1555	1331	5259
HepG2_skew	[-1.5,-1.0)	dELS	HepG2	6764	6764	2710.507	4651.923145	6762	5687.2809819584945	43763.4626326836	1247	1215	4153
HepG2_skew	[-1.5,-1.0)	dELS	K562	7273	7273	3750.581	6785.105391	7263	4212.706983648705	42753.6478821072	1076	1263	4457
HepG2_skew	[-1.5,-1.0)	dELS	MCF-7	4622	4622	2252.677	4009.901281	4621	3723.4389878589427	33980.18934403274	917	959	3111
HepG2_skew	[-1.5,-1.0)	dELS	SK-N-SH	2132	2132	916.857	1358.585187	2132	3184.690989873255	23508.789560199497	650	469	1498
HepG2_skew	[-1.5,-1.0)	non-cCRE	H1	196483	196409	182303.25	418704.821222	194869	-71677.06684605747	320880.3789169809	1945	8970	4083
HepG2_skew	[-1.5,-1.0)	non-cCRE	HCT116	196483	196409	182303.25	418704.821222	194869	-71677.06684605747	320880.3789169809	1945	8970	4083
HepG2_skew	[-1.5,-1.0)	non-cCRE	HepG2	196483	196409	182303.25	418704.821222	194869	-71677.06684605747	320880.3789169809	1945	8970	4083
HepG2_skew	[-1.5,-1.0)	non-cCRE	K562	196483	196409	182303.25	418704.821222	194869	-71677.06684605747	320880.3789169809	1945	8970	4083
HepG2_skew	[-1.5,-1.0)	non-cCRE	MCF-7	196483	196409	182303.25	418704.821222	194869	-71677.06684605747	320880.3789169809	1945	8970	4083
HepG2_skew	[-1.5,-1.0)	non-cCRE	SK-N-SH	196483	196409	182303.25	418704.821222	194869	-71677.06684605747	320880.3789169809	1945	8970	4083
HepG2_skew	[-1.5,-1.0)	pELS	H1	2405	2405	559.121	482.200217	2403	5809.140003756971	38093.61444521557	997	1000	1720
HepG2_skew	[-1.5,-1.0)	pELS	HCT116	4030	4030	1062.924	1190.695124	4030	7988.817004260377	53043.59126059649	1421	1630	2819
HepG2_skew	[-1.5,-1.0)	pELS	HepG2	3631	3631	938.232	991.671546	3626	7181.697005653987	47872.37591118985	1285	1529	2468
HepG2_skew	[-1.5,-1.0)	pELS	K562	4919	4919	1508.193	1822.147267	4916	8769.40300846647	59295.45105979362	1602	1962	3183
HepG2_skew	[-1.5,-1.0)	pELS	MCF-7	3601	3601	907.591	890.455391	3598	7886.678003575073	52001.474641304434	1403	1538	2486
HepG2_skew	[-1.5,-1.0)	pELS	SK-N-SH	3093	3093	650.986	450.705638	3093	7700.3890082198195	49946.74571512968	1329	1363	2179
HepG2_skew	[0.05,0.2)	Inactive cCRE	H1	16694870	16686551	3330503.925999998	3326296.630280002	16655923	-1052225.2800312052	36114796.46330481	676815	1297103	1580694
HepG2_skew	[0.05,0.2)	Inactive cCRE	HCT116	16583157	16574957	3310660.571999998	3307415.622274002	16544372	-989538.0390471242	36297489.81796796	685155	1275134	1548708
HepG2_skew	[0.05,0.2)	Inactive cCRE	HepG2	16608974	16600614	3308235.605999998	3299026.980198002	16569843	-990685.6350494719	36310446.76897805	685911	1275878	1591778
HepG2_skew	[0.05,0.2)	Inactive cCRE	K562	16228877	16220611	3244148.733999998	3253743.361012002	16190454	-979169.701062349	35424128.732789464	668343	1181315	1493869
HepG2_skew	[0.05,0.2)	Inactive cCRE	MCF-7	16601258	16593016	3297003.3609999972	3275005.688775002	16561789	-954151.8410240742	36122688.30275646	681536	1255934	1581151
HepG2_skew	[0.05,0.2)	Inactive cCRE	SK-N-SH	16468670	16460528	3272561.462999998	3264117.292659002	16429202	-1135209.3568525699	34892506.59673882	642027	1203052	1531338
HepG2_skew	[0.05,0.2)	Other cCREs	H1	654645	654478	117164.4	92090.855104	653579	-16692.29497641663	2165897.9219200807	42897	109370	192580
HepG2_skew	[0.05,0.2)	Other cCREs	HCT116	503199	503022	87951.20599999999	68254.647816	502146	-51129.18193097531	1303798.4113656436	23475	63188	142200
HepG2_skew	[0.05,0.2)	Other cCREs	HepG2	521162	521037	96052.61	79562.438324	520449	-49446.499977579115	1467621.0947131568	26010	78741	138594
HepG2_skew	[0.05,0.2)	Other cCREs	K562	697576	697392	129432.519	108995.074833	696490	-68214.7639383882	1821452.5483188294	32559	105365	177135
HepG2_skew	[0.05,0.2)	Other cCREs	MCF-7	572250	572030	115677.617	112416.254617	571802	-110129.21798822796	1647365.477158896	26374	88933	130203
HepG2_skew	[0.05,0.2)	Other cCREs	SK-N-SH	789471	789142	160843.966	149355.800344	788937	11796.491917241245	2855648.1324708113	61827	158386	195782
HepG2_skew	[0.05,0.2)	PLS	H1	161924	161881	22950.983	7579.377287	161843	48745.48294595652	1038863.3496388701	24475	67793	79381
HepG2_skew	[0.05,0.2)	PLS	HCT116	149960	149916	21449.866	7451.700942	149915	36370.44692643197	930799.3136791572	21334	64689	74290
HepG2_skew	[0.05,0.2)	PLS	HepG2	139467	139435	19908.912	7127.69474	139386	28741.38094218785	878415.0407531807	19357	60969	68370
HepG2_skew	[0.05,0.2)	PLS	K562	156551	156514	22590.335	8076.105809000001	156474	36740.094924202655	943495.8404814722	21672	67318	76249
HepG2_skew	[0.05,0.2)	PLS	MCF-7	161758	161718	23457.788	8250.614888	161677	48793.24993118936	994169.4056097446	24079	69013	80073
HepG2_skew	[0.05,0.2)	PLS	SK-N-SH	179682	179623	25970.212	8767.023532	179587	63776.63193536294	1115450.3524190122	27656	75079	87380
HepG2_skew	[0.05,0.2)	dELS	H1	108531	108517	20167.328	17003.329944	108469	20396.790983878775	442957.71598411025	10206	18988	34425
HepG2_skew	[0.05,0.2)	dELS	HCT116	289671	289583	56385.561	52156.159945	289417	-82.78301213005147	920438.2978921884	18133	51403	89336
HepG2_skew	[0.05,0.2)	dELS	HepG2	280792	280779	55282.156	50162.576414	280647	9173.964016929382	894642.1108273703	18827	49857	69117
HepG2_skew	[0.05,0.2)	dELS	K562	318152	318117	61416.586	55291.32348	317884	-10937.112979881815	937344.3057764143	17024	54258	78547
HepG2_skew	[0.05,0.2)	dELS	MCF-7	196422	196398	40716.833	40173.755575	196243	-4589.361971966333	705881.5009677574	14116	41212	61928
HepG2_skew	[0.05,0.2)	dELS	SK-N-SH	106102	106098	20745.52	17547.502974	106033	26833.76796032606	563233.1194739777	12957	22580	39505
HepG2_skew	[0.05,0.2)	non-cCRE	H1	47328095	47304594	8853903.960999988	8415987.702578986	46768889	-6985421.927460616	58240695.2197366	607753	1279122	267820
HepG2_skew	[0.05,0.2)	non-cCRE	HCT116	47328095	47304594	8853903.960999988	8415987.702578986	46768889	-6985421.927460616	58240695.2197366	607753	1279122	267820
HepG2_skew	[0.05,0.2)	non-cCRE	HepG2	47328095	47304594	8853903.960999988	8415987.702578986	46768889	-6985421.927460616	58240695.2197366	607753	1279122	267820
HepG2_skew	[0.05,0.2)	non-cCRE	K562	47328095	47304594	8853903.960999988	8415987.702578986	46768889	-6985421.927460616	58240695.2197366	607753	1279122	267820
HepG2_skew	[0.05,0.2)	non-cCRE	MCF-7	47328095	47304594	8853903.960999988	8415987.702578986	46768889	-6985421.927460616	58240695.2197366	607753	1279122	267820
HepG2_skew	[0.05,0.2)	non-cCRE	SK-N-SH	47328095	47304594	8853903.960999988	8415987.702578986	46768889	-6985421.927460616	58240695.2197366	607753	1279122	267820
HepG2_skew	[0.05,0.2)	pELS	H1	107590	107580	15287.364	5901.418558	107567	34812.83500808126	523899.65949480986	13105	43228	45652
HepG2_skew	[0.05,0.2)	pELS	HCT116	201573	201529	29626.796	13593.480196	201531	39417.09099409264	833889.2694377286	19401	82068	78198
HepG2_skew	[0.05,0.2)	pELS	HepG2	177165	177142	26594.717	12991.921497	177056	37254.32399822853	735290.0950709397	17393	71037	64873
HepG2_skew	[0.05,0.2)	pELS	K562	326404	326373	48485.827	22765.746039	326079	56619.01698671131	1159993.6829765127	27900	128226	106932
HepG2_skew	[0.05,0.2)	pELS	MCF-7	195872	195845	29218.402000000002	13025.297317999999	195870	55114.70498337423	816310.4238498227	21393	81390	79377
HepG2_skew	[0.05,0.2)	pELS	SK-N-SH	183635	183616	25952.84	9083.991664	183622	67839.99896993433	859576.9092400483	23031	77385	78727
HepG2_skew	[0.2,0.5)	Inactive cCRE	H1	2927441	2925976	670875.644	820135.9124	2919363	-219583.32690105587	6470624.794059704	120658	261730	364015
HepG2_skew	[0.2,0.5)	Inactive cCRE	HCT116	2908258	2906835	666043.764	813118.69537	2900223	-205453.06291362815	6541285.8629693985	122939	258544	355930
HepG2_skew	[0.2,0.5)	Inactive cCRE	HepG2	2908028	2906576	664180.694	810235.57631	2899970	-203573.33391448838	6542503.91809481	123343	257438	366280
HepG2_skew	[0.2,0.5)	Inactive cCRE	K562	2842181	2840755	652197.111	800438.728473	2834262	-206775.29692704696	6362705.640554064	119223	238583	344121
HepG2_skew	[0.2,0.5)	Inactive cCRE	MCF-7	2902209	2900791	661771.878	805996.158768	2894078	-200515.1728988426	6448367.243214866	120735	250893	362672
HepG2_skew	[0.2,0.5)	Inactive cCRE	SK-N-SH	2874038	2872614	656605.142	804583.26147	2865894	-247433.0938755333	6164803.301692547	111364	238260	351273
HepG2_skew	[0.2,0.5)	Other cCREs	H1	151931	151918	28384.01	25266.345832	151733	10640.37197904289	529302.76106845	11839	27479	52088
HepG2_skew	[0.2,0.5)	Other cCREs	HCT116	108695	108675	20368.505	18863.421225	108486	-1889.5779929356652	303104.96260524204	6373	14361	36657
HepG2_skew	[0.2,0.5)	Other cCREs	HepG2	119860	119837	23818.557	23118.952483	119681	-562.6689964059087	351060.6953724276	7333	19108	37369
HepG2_skew	[0.2,0.5)	Other cCREs	K562	150057	150022	30222.676	29916.055788	149817	-4833.086994917482	423710.7397986735	8544	24535	45943
HepG2_skew	[0.2,0.5)	Other cCREs	MCF-7	129122	129072	27708.277	30141.398265	129013	-16702.608999405158	401570.7130539071	7360	21460	34757
HepG2_skew	[0.2,0.5)	Other cCREs	SK-N-SH	182310	182267	39004.866	39601.443638	182182	16715.625981669164	693057.4356816323	16275	39580	52208
HepG2_skew	[0.2,0.5)	PLS	H1	44024	44017	6126.0869999999995	1955.263727	43995	28006.470981294035	329068.08462374116	8530	18343	22342
HepG2_skew	[0.2,0.5)	PLS	HCT116	40218	40210	5677.489	1981.4229050000001	40203	23145.26097941886	291460.86242251226	7436	17340	20642
HepG2_skew	[0.2,0.5)	PLS	HepG2	37166	37160	5272.563	1915.760301	37137	19481.143990624	270738.3300049463	6655	16196	18858
HepG2_skew	[0.2,0.5)	PLS	K562	41523	41512	5934.2	2117.830318	41501	22944.46298684926	290799.89004273416	7445	17799	20962
HepG2_skew	[0.2,0.5)	PLS	MCF-7	44035	44027	6269.282	2139.472476	44006	28504.669969590028	315975.12332643487	8491	18760	22469
HepG2_skew	[0.2,0.5)	PLS	SK-N-SH	49096	49080	6967.005	2273.974405	49065	34447.485976552	355796.2110005138	9741	20500	24677
HepG2_skew	[0.2,0.5)	dELS	H1	26067	26065	5033.263	4727.740949	26048	7818.884999166947	121003.52628287509	2934	4714	9606
HepG2_skew	[0.2,0.5)	dELS	HCT116	70546	70520	14986.605	16111.155961	70487	7155.742986833565	236463.67777432248	5415	12822	25752
HepG2_skew	[0.2,0.5)	dELS	HepG2	68293	68288	14319.937	14674.843273	68254	9147.395995605619	236683.5316200951	5470	12865	20119
HepG2_skew	[0.2,0.5)	dELS	K562	69381	69370	14748.81	15347.83198	69323	3704.461980028772	218059.87114019325	4583	12641	21103
HepG2_skew	[0.2,0.5)	dELS	MCF-7	50990	50985	11036.676	11842.573908	50934	4809.9409859484285	195405.02168680326	4445	11013	18263
HepG2_skew	[0.2,0.5)	dELS	SK-N-SH	25532	25531	5188.258	4754.898052	25512	10499.298966751672	145391.77608072825	3642	5659	10967
HepG2_skew	[0.2,0.5)	non-cCRE	H1	5595775	5592748	1226259.07	1504784.359082	5538647	-945043.7776055206	7214107.896547076	71416	192693	53074
HepG2_skew	[0.2,0.5)	non-cCRE	HCT116	5595775	5592748	1226259.07	1504784.359082	5538647	-945043.7776055206	7214107.896547076	71416	192693	53074
HepG2_skew	[0.2,0.5)	non-cCRE	HepG2	5595775	5592748	1226259.07	1504784.359082	5538647	-945043.7776055206	7214107.896547076	71416	192693	53074
HepG2_skew	[0.2,0.5)	non-cCRE	K562	5595775	5592748	1226259.07	1504784.359082	5538647	-945043.7776055206	7214107.896547076	71416	192693	53074
HepG2_skew	[0.2,0.5)	non-cCRE	MCF-7	5595775	5592748	1226259.07	1504784.359082	5538647	-945043.7776055206	7214107.896547076	71416	192693	53074
HepG2_skew	[0.2,0.5)	non-cCRE	SK-N-SH	5595775	5592748	1226259.07	1504784.359082	5538647	-945043.7776055206	7214107.896547076	71416	192693	53074
HepG2_skew	[0.2,0.5)	pELS	H1	28937	28935	4089.9519999999998	1564.253284	28935	16174.656013018093	170508.24811007443	4564	11801	13464
HepG2_skew	[0.2,0.5)	pELS	HCT116	50683	50671	7432.593	3574.820731	50675	20098.694011777647	248192.04837337288	6362	21000	22534
HepG2_skew	[0.2,0.5)	pELS	HepG2	45053	45050	6917.205	3704.383825	45032	18564.519996130846	219520.93905256872	5724	18460	18889
HepG2_skew	[0.2,0.5)	pELS	K562	75258	75252	11406.159	5829.069633	75171	28016.516026552425	325231.2726091815	8730	30509	29386
HepG2_skew	[0.2,0.5)	pELS	MCF-7	52044	52036	7722.843	3529.9127750000002	52043	26960.228014175318	259189.31286283614	7494	21941	23354
HepG2_skew	[0.2,0.5)	pELS	SK-N-SH	47424	47419	6743.685	2435.938627	47421	28827.74002202659	261458.6896894253	7503	20068	22390
HepG2_skew	[0.5,1.0)	Inactive cCRE	H1	623066	622744	154373.289	201896.644975	621297	-65039.34893950613	1413905.6269032282	25340	58038	88308
HepG2_skew	[0.5,1.0)	Inactive cCRE	HCT116	619514	619202	152951.088	199193.20457	617754	-60960.547955741866	1434680.2391185462	25982	57560	86503
HepG2_skew	[0.5,1.0)	Inactive cCRE	HepG2	619468	619146	152857.6	199348.939394	617703	-60852.92294637824	1439505.307452914	26073	57434	88343
HepG2_skew	[0.5,1.0)	Inactive cCRE	K562	604619	604307	149873.539	196616.162527	602892	-61443.00895008296	1391328.7676425043	25065	52941	83362
HepG2_skew	[0.5,1.0)	Inactive cCRE	MCF-7	617137	616821	152130.08	198304.282476	615344	-60397.868954642785	1406837.336500947	25374	55628	87812
HepG2_skew	[0.5,1.0)	Inactive cCRE	SK-N-SH	609891	609581	150797.29	197962.40831199999	608112	-71397.09392189025	1339071.0513716573	23103	52623	84985
HepG2_skew	[0.5,1.0)	Other cCREs	H1	33341	33335	6593.126	6157.614558	33301	3621.700004158543	126594.87785819048	2902	6229	11968
HepG2_skew	[0.5,1.0)	Other cCREs	HCT116	22885	22878	4943.278	5484.4253	22838	-219.03999087738305	66504.31935977744	1458	3052	8267
HepG2_skew	[0.5,1.0)	Other cCREs	HepG2	25349	25343	5434.442	5719.068042	25305	378.39299279300013	76561.45914597009	1689	4121	8558
HepG2_skew	[0.5,1.0)	Other cCREs	K562	31893	31882	7037.487	7547.214411	31836	-516.0879905871118	97771.664193549	2006	5311	10442
HepG2_skew	[0.5,1.0)	Other cCREs	MCF-7	27583	27576	6347.139	7353.722339	27564	-3482.164980721892	92243.09263798273	1717	4680	7704
HepG2_skew	[0.5,1.0)	Other cCREs	SK-N-SH	40664	40648	9197.063	9778.691733	40634	4615.456981387457	165634.48334486727	3917	8944	12048
HepG2_skew	[0.5,1.0)	PLS	H1	9120	9117	1310.401	411.512637	9118	8232.41099297895	75736.8811164492	2086	3776	4645
HepG2_skew	[0.5,1.0)	PLS	HCT116	8232	8229	1181.795	386.308453	8232	6468.352994302753	65025.133018013395	1744	3495	4210
HepG2_skew	[0.5,1.0)	PLS	HepG2	7503	7501	1106.189	423.781771	7501	5603.954998101224	59517.456453224826	1546	3251	3852
HepG2_skew	[0.5,1.0)	PLS	K562	8467	8464	1223.282	393.99242	8467	6354.130996825872	63609.857232162525	1731	3614	4355
HepG2_skew	[0.5,1.0)	PLS	MCF-7	9109	9106	1338.378	458.662288	9107	7952.194994997002	72947.00388575521	2021	3816	4647
HepG2_skew	[0.5,1.0)	PLS	SK-N-SH	10250	10247	1502.099	479.636505	10248	9350.566993737006	80750.29099422791	2304	4248	5183
HepG2_skew	[0.5,1.0)	dELS	H1	5890	5889	1215.349	1238.614485	5880	1861.4580047049094	27988.546447991863	704	1138	2331
HepG2_skew	[0.5,1.0)	dELS	HCT116	15785	15777	3620.395	4169.547593	15773	1906.4760070032214	58441.32727258794	1340	2997	6086
HepG2_skew	[0.5,1.0)	dELS	HepG2	15417	15417	3451.152	3759.3473440000002	15409	2817.7970208165943	57215.48235595615	1402	2882	5069
HepG2_skew	[0.5,1.0)	dELS	K562	15669	15666	3670.006	4247.34589	15652	908.374005701161	54795.542968759444	1138	2944	5091
HepG2_skew	[0.5,1.0)	dELS	MCF-7	11794	11791	2725.666	3057.25861	11786	1400.3400092070228	48452.44166237166	1110	2552	4505
HepG2_skew	[0.5,1.0)	dELS	SK-N-SH	5909	5909	1319.139	1308.242723	5902	2679.6960086185713	35744.02724545344	896	1302	2672
HepG2_skew	[0.5,1.0)	non-cCRE	H1	1032679	1032136	225791.39	277192.447998	1023856	-189273.8086703789	1336241.2488612155	12058	39763	11818
HepG2_skew	[0.5,1.0)	non-cCRE	HCT116	1032679	1032136	225791.39	277192.447998	1023856	-189273.8086703789	1336241.2488612155	12058	39763	11818
HepG2_skew	[0.5,1.0)	non-cCRE	HepG2	1032679	1032136	225791.39	277192.447998	1023856	-189273.8086703789	1336241.2488612155	12058	39763	11818
HepG2_skew	[0.5,1.0)	non-cCRE	K562	1032679	1032136	225791.39	277192.447998	1023856	-189273.8086703789	1336241.2488612155	12058	39763	11818
HepG2_skew	[0.5,1.0)	non-cCRE	MCF-7	1032679	1032136	225791.39	277192.447998	1023856	-189273.8086703789	1336241.2488612155	12058	39763	11818
HepG2_skew	[0.5,1.0)	non-cCRE	SK-N-SH	1032679	1032136	225791.39	277192.447998	1023856	-189273.8086703789	1336241.2488612155	12058	39763	11818
HepG2_skew	[0.5,1.0)	pELS	H1	6618	6617	944.452	383.644402	6617	4467.967008669047	42128.935899485645	1133	2743	3201
HepG2_skew	[0.5,1.0)	pELS	HCT116	11619	11616	1740.061	854.545141	11616	5948.94601631863	61703.84945642077	1641	4820	5387
HepG2_skew	[0.5,1.0)	pELS	HepG2	10298	10295	1587.234	836.894506	10295	5196.96500567277	53555.16281728058	1455	4236	4631
HepG2_skew	[0.5,1.0)	pELS	K562	17387	17383	2632.303	1283.315809	17366	7840.779009148361	78849.0361883706	2225	7114	7203
HepG2_skew	[0.5,1.0)	pELS	MCF-7	12412	12408	1895.354	914.105344	12412	7671.686002166012	65874.99353828975	1943	5248	5785
HepG2_skew	[0.5,1.0)	pELS	SK-N-SH	11321	11317	1621.0259999999998	559.051784	11317	7895.561009152559	65155.01526913998	1945	4807	5565
HepG2_skew	[1.0,1.5)	Inactive cCRE	H1	108897	108838	25271.184	32730.001184	108568	-9895.908981681916	242738.99764262908	4489	10585	16239
HepG2_skew	[1.0,1.5)	Inactive cCRE	HCT116	108438	108380	24843.666	31762.653707999998	108110	-9204.929981888736	248490.86459332984	4644	10471	15874
HepG2_skew	[1.0,1.5)	Inactive cCRE	HepG2	107983	107924	24963.828	32164.28003	107656	-9455.848983247184	246034.1532282465	4608	10379	16104
HepG2_skew	[1.0,1.5)	Inactive cCRE	K562	105383	105324	24521.734	31923.048098	105066	-9625.712982519995	239505.23664753677	4455	9575	15334
HepG2_skew	[1.0,1.5)	Inactive cCRE	MCF-7	107904	107845	25010.461	32405.451757	107574	-9170.582981712068	243116.06641440518	4521	10050	16191
HepG2_skew	[1.0,1.5)	Inactive cCRE	SK-N-SH	106372	106315	24743.301	32300.031641	106040	-11663.145977306298	228270.78382360295	4059	9523	15570
HepG2_skew	[1.0,1.5)	Other cCREs	H1	5824	5824	1180.442	1169.517016	5818	701.2320032007993	22463.356225831994	537	1100	2041
HepG2_skew	[1.0,1.5)	Other cCREs	HCT116	3554	3554	916.199	1241.240215	3548	-112.77899990824503	10345.866233911922	235	513	1287
HepG2_skew	[1.0,1.5)	Other cCREs	HepG2	4383	4383	928.97	1035.777106	4377	59.48400195851013	13812.216611716074	287	713	1403
HepG2_skew	[1.0,1.5)	Other cCREs	K562	5395	5395	1164.692	1260.212226	5384	35.43400205380732	15673.99513522963	355	922	1662
HepG2_skew	[1.0,1.5)	Other cCREs	MCF-7	4558	4558	995.287	1101.798673	4551	-620.5600007692126	14943.227722015792	282	821	1218
HepG2_skew	[1.0,1.5)	Other cCREs	SK-N-SH	7094	7092	1516.011	1532.9171410000001	7090	1312.7669998221104	29817.694436182854	729	1582	2032
HepG2_skew	[1.0,1.5)	PLS	H1	1247	1247	197.074	61.954950000000004	1247	1093.2120009161295	10303.728484844196	280	520	604
HepG2_skew	[1.0,1.5)	PLS	HCT116	1104	1104	172.076	51.781648000000004	1104	822.6200021816189	8302.48174071056	224	459	548
HepG2_skew	[1.0,1.5)	PLS	HepG2	986	986	158.507	61.634423	986	647.8160005476096	7077.911036191613	185	429	470
HepG2_skew	[1.0,1.5)	PLS	K562	1165	1165	179.665	50.364163	1165	832.8810014411572	8356.588278519965	219	505	563
HepG2_skew	[1.0,1.5)	PLS	MCF-7	1273	1273	197.126	54.160036	1273	1072.792000430986	9355.02226971669	274	532	606
HepG2_skew	[1.0,1.5)	PLS	SK-N-SH	1461	1461	227.469	66.456211	1461	1354.277001745417	11613.948733349474	324	589	702
HepG2_skew	[1.0,1.5)	dELS	H1	982	982	208.422	216.055988	981	161.57300007611045	4222.40577368905	105	181	373
HepG2_skew	[1.0,1.5)	dELS	HCT116	2901	2901	757.481	981.315883	2899	375.58099981362506	9416.756381612417	229	542	1142
HepG2_skew	[1.0,1.5)	dELS	HepG2	2838	2838	679.425	822.521179	2835	580.1830008346587	9812.918407863863	260	535	997
HepG2_skew	[1.0,1.5)	dELS	K562	2821	2821	643.284	743.72264	2817	231.69900017289916	8975.658864293564	198	528	905
HepG2_skew	[1.0,1.5)	dELS	MCF-7	2077	2077	472.851	525.338943	2077	180.05800249322786	7305.719162115535	182	455	752
HepG2_skew	[1.0,1.5)	dELS	SK-N-SH	1041	1041	232.713	247.519369	1041	484.3649992636639	5377.634255073248	155	230	472
HepG2_skew	[1.0,1.5)	non-cCRE	H1	168921	168840	30572.126	31758.94482	167473	-37063.622949160286	224996.98090202422	1736	7177	2116
HepG2_skew	[1.0,1.5)	non-cCRE	HCT116	168921	168840	30572.126	31758.94482	167473	-37063.622949160286	224996.98090202422	1736	7177	2116
HepG2_skew	[1.0,1.5)	non-cCRE	HepG2	168921	168840	30572.126	31758.94482	167473	-37063.622949160286	224996.98090202422	1736	7177	2116
HepG2_skew	[1.0,1.5)	non-cCRE	K562	168921	168840	30572.126	31758.94482	167473	-37063.622949160286	224996.98090202422	1736	7177	2116
HepG2_skew	[1.0,1.5)	non-cCRE	MCF-7	168921	168840	30572.126	31758.94482	167473	-37063.622949160286	224996.98090202422	1736	7177	2116
HepG2_skew	[1.0,1.5)	non-cCRE	SK-N-SH	168921	168840	30572.126	31758.94482	167473	-37063.622949160286	224996.98090202422	1736	7177	2116
HepG2_skew	[1.0,1.5)	pELS	H1	1222	1222	179.929	60.117549	1221	682.1690007841684	6541.5171029800395	201	493	600
HepG2_skew	[1.0,1.5)	pELS	HCT116	2175	2174	347.629	200.655233	2174	861.7850030970296	9714.036280409506	280	894	1006
HepG2_skew	[1.0,1.5)	pELS	HepG2	1982	1982	306.321	153.433949	1981	910.643003201694	9532.805945956363	272	823	883
HepG2_skew	[1.0,1.5)	pELS	K562	3408	3408	527.676	260.29956	3403	1267.976002147421	13758.526304394367	385	1349	1393
HepG2_skew	[1.0,1.5)	pELS	MCF-7	2360	2360	361.32599999999996	150.897278	2360	1280.5700028523572	11549.969661721301	353	1021	1090
HepG2_skew	[1.0,1.5)	pELS	SK-N-SH	2204	2204	317.557	90.722325	2203	1254.0139997703957	11189.943981765782	345	955	1081
HepG2_skew	[1.5,Inf)	Inactive cCRE	H1	30458	30444	5354.4800000000005	5004.740684	30394	-3373.2569888978037	65963.09410829947	1177	2833	4267
HepG2_skew	[1.5,Inf)	Inactive cCRE	HCT116	30401	30387	5244.766	4725.103484	30341	-3298.76198899001	66241.44337681627	1193	2798	4203
HepG2_skew	[1.5,Inf)	Inactive cCRE	HepG2	30154	30139	5270.621	4844.197747	30091	-3419.9389864769755	65200.97188519297	1155	2783	4188
HepG2_skew	[1.5,Inf)	Inactive cCRE	K562	29521	29507	5238.059	4978.698187	29461	-3390.602992122877	63589.653049892404	1126	2573	4078
HepG2_skew	[1.5,Inf)	Inactive cCRE	MCF-7	30326	30312	5343.22	5025.228482	30262	-3213.7099929413516	65805.66675961167	1177	2753	4294
HepG2_skew	[1.5,Inf)	Inactive cCRE	SK-N-SH	29825	29813	5276.714	5044.74122	29761	-3641.6079913756116	62068.66471460767	1061	2579	4057
HepG2_skew	[1.5,Inf)	Other cCREs	H1	1550	1549	305.272	277.782988	1550	109.58700231695558	4821.361635168968	121	318	516
HepG2_skew	[1.5,Inf)	Other cCREs	HCT116	932	932	237.77100000000002	325.828197	929	-7.67999905417675	2764.5239820587612	59	144	304
HepG2_skew	[1.5,Inf)	Other cCREs	HepG2	1203	1203	254.029	292.679301	1202	62.30100090836635	3679.1327163701803	88	212	377
HepG2_skew	[1.5,Inf)	Other cCREs	K562	1423	1423	239.734	182.76434	1422	80.76000415091391	4041.5827224844525	92	235	377
HepG2_skew	[1.5,Inf)	Other cCREs	MCF-7	1161	1161	220.05	194.935952	1161	-196.90899622766327	3430.133036505664	66	193	288
HepG2_skew	[1.5,Inf)	Other cCREs	SK-N-SH	1890	1887	327.557	218.997725	1890	57.51400288892917	6552.665190996453	160	410	535
HepG2_skew	[1.5,Inf)	PLS	H1	287	287	42.359	8.037819	287	167.81799923372452	1860.5986574308597	49	114	126
HepG2_skew	[1.5,Inf)	PLS	HCT116	250	250	35.541	6.355403	250	141.70800042827614	1760.0995153370825	44	113	121
HepG2_skew	[1.5,Inf)	PLS	HepG2	211	211	33.673	13.649423	211	101.27700021024796	1481.0935390173142	38	89	90
HepG2_skew	[1.5,Inf)	PLS	K562	256	256	38.612	10.731992	256	162.95300104958014	1852.9525321191388	51	109	114
HepG2_skew	[1.5,Inf)	PLS	MCF-7	288	288	42.372	7.857318	288	202.0100004216656	1707.599480303642	51	119	136
HepG2_skew	[1.5,Inf)	PLS	SK-N-SH	335	335	51.223	9.884049000000001	335	235.65400052187036	2150.720502207082	64	129	157
HepG2_skew	[1.5,Inf)	dELS	H1	271	271	49.479	49.850119	271	77.35600156057629	1113.9308273236832	31	48	84
HepG2_skew	[1.5,Inf)	dELS	HCT116	709	708	188.901	258.454191	708	104.80800162767996	2132.658287728015	50	125	241
HepG2_skew	[1.5,Inf)	dELS	HepG2	802	802	162.091	167.993711	802	217.09700016025465	2886.8121751276985	75	129	255
HepG2_skew	[1.5,Inf)	dELS	K562	781	780	150.807	143.02960099999999	778	-12.434999907854932	2421.6608408089896	49	145	209
HepG2_skew	[1.5,Inf)	dELS	MCF-7	498	497	98.807	94.491759	498	93.90600173559504	1709.054563382438	48	108	143
HepG2_skew	[1.5,Inf)	dELS	SK-N-SH	250	250	51.893	50.905575	250	150.71900149853883	1710.794738782998	44	61	107
HepG2_skew	[1.5,Inf)	non-cCRE	H1	46278	46261	6368.042	3551.5909739999997	45866	-10798.993986487856	61756.16164819518	443	1747	545
HepG2_skew	[1.5,Inf)	non-cCRE	HCT116	46278	46261	6368.042	3551.5909739999997	45866	-10798.993986487856	61756.16164819518	443	1747	545
HepG2_skew	[1.5,Inf)	non-cCRE	HepG2	46278	46261	6368.042	3551.5909739999997	45866	-10798.993986487856	61756.16164819518	443	1747	545
HepG2_skew	[1.5,Inf)	non-cCRE	K562	46278	46261	6368.042	3551.5909739999997	45866	-10798.993986487856	61756.16164819518	443	1747	545
HepG2_skew	[1.5,Inf)	non-cCRE	MCF-7	46278	46261	6368.042	3551.5909739999997	45866	-10798.993986487856	61756.16164819518	443	1747	545
HepG2_skew	[1.5,Inf)	non-cCRE	SK-N-SH	46278	46261	6368.042	3551.5909739999997	45866	-10798.993986487856	61756.16164819518	443	1747	545
HepG2_skew	[1.5,Inf)	pELS	H1	338	338	49.569	12.854955	338	207.30500049749395	1702.2225177180237	47	134	141
HepG2_skew	[1.5,Inf)	pELS	HCT116	612	612	94.18	37.52529	612	248.7350006991764	2562.482584000872	79	267	265
HepG2_skew	[1.5,Inf)	pELS	HepG2	534	534	80.745	34.746383	534	228.07299990905446	2213.197430232855	69	234	224
HepG2_skew	[1.5,Inf)	pELS	K562	923	923	133.947	38.042445	923	348.13400154118443	3555.358600636025	107	385	356
HepG2_skew	[1.5,Inf)	pELS	MCF-7	631	631	96.71000000000001	30.753054	631	303.5120017227018	2808.7539061375696	83	274	273
HepG2_skew	[1.5,Inf)	pELS	SK-N-SH	604	604	93.77199999999999	28.737996	604	386.53000117721973	2978.3625993468263	96	268	278
K562_skew	(-Inf,-1.5)	Inactive cCRE	H1	104162	104149	63042	126509.097808	103749	1965.5969924632225	318400.69606515666	6262	10665	38778
K562_skew	(-Inf,-1.5)	Inactive cCRE	HCT116	101493	101481	62296.188	124898.879864	101059	-1817.9590047197448	295407.410299816	5620	10293	36656
K562_skew	(-Inf,-1.5)	Inactive cCRE	HepG2	105688	105675	63383.932	126474.244926	105257	4884.794997698982	337941.39752289816	6797	10824	40345
K562_skew	(-Inf,-1.5)	Inactive cCRE	K562	88567	88556	56512.886	115185.48507	88182	-4672.180006079958	248079.8927065375	4510	7989	29892
K562_skew	(-Inf,-1.5)	Inactive cCRE	MCF-7	104452	104440	62165.303	124097.649133	104033	3440.414990359567	320048.4085326637	6343	10315	39494
K562_skew	(-Inf,-1.5)	Inactive cCRE	SK-N-SH	105860	105848	63386.447	127048.178441	105421	306.41498789645556	305268.6566453918	6018	10248	40802
K562_skew	(-Inf,-1.5)	Other cCREs	H1	12999	12999	4714.585	6634.121905	12968	18445.97599856334	134781.8207585768	3424	2271	10475
K562_skew	(-Inf,-1.5)	Other cCREs	HCT116	10111	10110	3378.86	4861.044084	10097	16398.710010300038	116378.21436716025	2851	1266	8320
K562_skew	(-Inf,-1.5)	Other cCREs	HepG2	9849	9848	3490.48	5019.846188	9835	15951.876005013479	114125.7762335987	2827	1633	7946
K562_skew	(-Inf,-1.5)	Other cCREs	K562	18542	18539	7502.32	11975.56532	18495	18849.92900451064	152323.81371918655	3727	2808	12957
K562_skew	(-Inf,-1.5)	Other cCREs	MCF-7	9760	9758	4350.036	7023.046386	9734	12998.462014284682	104368.95599862497	2521	1633	7410
K562_skew	(-Inf,-1.5)	Other cCREs	SK-N-SH	10704	10703	4329.37	6265.846592	10696	16244.743012887195	123963.81249080505	3038	2299	7929
K562_skew	(-Inf,-1.5)	PLS	H1	4565	4564	843.896	362.35713	4563	17835.21899620258	118438.3520889676	2885	2035	3772
K562_skew	(-Inf,-1.5)	PLS	HCT116	4325	4324	868.171	490.742745	4325	16656.939997510643	110844.94789130295	2702	1951	3555
K562_skew	(-Inf,-1.5)	PLS	HepG2	3975	3975	819.497	503.891043	3973	15223.570001324648	101749.21312215534	2462	1782	3268
K562_skew	(-Inf,-1.5)	PLS	K562	4513	4513	922.518	564.371388	4512	16801.84399765485	111445.64060885011	2732	1992	3670
K562_skew	(-Inf,-1.5)	PLS	MCF-7	4406	4406	834.799	396.782867	4404	17422.96099583537	115512.25850126462	2819	1985	3622
K562_skew	(-Inf,-1.5)	PLS	SK-N-SH	4682	4681	865.835	358.609787	4680	18463.301997721785	122378.78040176346	2979	2070	3824
K562_skew	(-Inf,-1.5)	dELS	H1	1974	1974	716.261	1005.922375	1971	2233.744999093934	15197.594387381885	439	381	1490
K562_skew	(-Inf,-1.5)	dELS	HCT116	6343	6343	2382.201	3800.099767	6342	6834.872991780633	48393.28704263904	1401	1190	4879
K562_skew	(-Inf,-1.5)	dELS	HepG2	3535	3535	1428.536	2274.700696	3535	3529.8539857694423	26970.495822546236	739	750	2493
K562_skew	(-Inf,-1.5)	dELS	K562	9503	9503	3546.479	5698.636343	9490	6146.140993956127	52406.57754510727	1399	1562	6256
K562_skew	(-Inf,-1.5)	dELS	MCF-7	3937	3937	1618.657	2577.253481	3935	4317.787990606505	32801.817977878076	900	866	3087
K562_skew	(-Inf,-1.5)	dELS	SK-N-SH	1916	1916	652.007	839.644901	1916	3584.8249922859263	24189.343733378708	657	438	1505
K562_skew	(-Inf,-1.5)	non-cCRE	H1	127232	127157	111632.764	246286.574132	125827	-45240.15387980665	190017.24970478722	920	6382	3197
K562_skew	(-Inf,-1.5)	non-cCRE	HCT116	127232	127157	111632.764	246286.574132	125827	-45240.15387980665	190017.24970478722	920	6382	3197
K562_skew	(-Inf,-1.5)	non-cCRE	HepG2	127232	127157	111632.764	246286.574132	125827	-45240.15387980665	190017.24970478722	920	6382	3197
K562_skew	(-Inf,-1.5)	non-cCRE	K562	127232	127157	111632.764	246286.574132	125827	-45240.15387980665	190017.24970478722	920	6382	3197
K562_skew	(-Inf,-1.5)	non-cCRE	MCF-7	127232	127157	111632.764	246286.574132	125827	-45240.15387980665	190017.24970478722	920	6382	3197
K562_skew	(-Inf,-1.5)	non-cCRE	SK-N-SH	127232	127157	111632.764	246286.574132	125827	-45240.15387980665	190017.24970478722	920	6382	3197
K562_skew	(-Inf,-1.5)	pELS	H1	2017	2017	410.458	270.96897	2017	5179.011010990246	34208.85257789678	870	859	1601
K562_skew	(-Inf,-1.5)	pELS	HCT116	3445	3445	801.78	731.701728	3445	7586.984002441753	50003.45627706137	1306	1511	2706
K562_skew	(-Inf,-1.5)	pELS	HepG2	2670	2670	604.755	509.78533500000003	2668	6069.453007506788	40240.43317678121	1055	1222	2064
K562_skew	(-Inf,-1.5)	pELS	K562	4592	4592	1242.997	1358.410067	4589	8533.814007271663	56771.39129829832	1512	1860	3341
K562_skew	(-Inf,-1.5)	pELS	MCF-7	3162	3162	758.405	687.736321	3162	7479.9220062271925	48295.87486754835	1297	1412	2503
K562_skew	(-Inf,-1.5)	pELS	SK-N-SH	2555	2555	493.541	270.188467	2555	7060.263006521972	45226.72260664086	1188	1156	2056
K562_skew	[-0.05,0.05)	Inactive cCRE	H1	70782173	70744454	18713213.068999987	25975931.51529508	70625109	1833316.4212311513	146605237.23685047	3154644	4806700	5334143
K562_skew	[-0.05,0.05)	Inactive cCRE	HCT116	70323931	70286869	18629615.579999987	25875927.332040083	70167512	1952622.8491774562	147004985.3846938	3171928	4714569	5236387
K562_skew	[-0.05,0.05)	Inactive cCRE	HepG2	70328473	70290471	18596210.667999987	25806508.384176083	70170285	1883546.8993122904	146610830.82307243	3159240	4702884	5308547
K562_skew	[-0.05,0.05)	Inactive cCRE	K562	69453243	69415400	18415269.09599999	25648206.08325608	69295987	1992284.8191107374	145198458.8054687	3140490	4462597	5150103
K562_skew	[-0.05,0.05)	Inactive cCRE	MCF-7	70461476	70423758	18532225.252999976	25649820.829115078	70301299	2181508.8321276833	146873594.706716	3176541	4684690	5344083
K562_skew	[-0.05,0.05)	Inactive cCRE	SK-N-SH	70030871	69993324	18416523.809999987	25557800.44624008	69871049	1663580.827772897	143014307.38659704	3058347	4529543	5199961
K562_skew	[-0.05,0.05)	Other cCREs	H1	1865862	1865085	432006.129	474465.166629	1861422	51501.41373972828	5918752.412797582	120073	288114	474491
K562_skew	[-0.05,0.05)	Other cCREs	HCT116	1511021	1510071	328917.72000000003	358128.345224	1506436	-31949.950066475187	3529733.9733387735	68759	180637	358210
K562_skew	[-0.05,0.05)	Other cCREs	HepG2	1555302	1554856	361829.953	412708.170705	1552534	-28981.602195243166	4035668.1335558468	76223	220004	357043
K562_skew	[-0.05,0.05)	Other cCREs	K562	1928045	1927590	459155.267	527642.435669	1925246	-78197.26507374141	4535121.351958165	84740	277941	413571
K562_skew	[-0.05,0.05)	Other cCREs	MCF-7	1724197	1723493	487777.188	650636.6780600001	1723108	-269669.33604783	4514657.562217129	73006	247645	318248
K562_skew	[-0.05,0.05)	Other cCREs	SK-N-SH	2382195	2381286	686323.84	877534.293676	2380595	104846.5983894757	8199498.0457288455	180044	445413	497608
K562_skew	[-0.05,0.05)	PLS	H1	322186	322107	51223.119	20009.221093	322071	54645.44499909553	1879843.4677352547	40570	133543	154757
K562_skew	[-0.05,0.05)	PLS	HCT116	301483	301393	48851.463	20883.884531	301409	36247.678015354	1693211.4652649637	35551	129738	146039
K562_skew	[-0.05,0.05)	PLS	HepG2	283324	283261	46240.081	21270.525335	283209	26950.509999164053	1648650.2294005193	33148	122828	135376
K562_skew	[-0.05,0.05)	PLS	K562	317710	317625	51773.051	22405.857389	317547	36127.94498193556	1717285.812833915	36096	136016	150191
K562_skew	[-0.05,0.05)	PLS	MCF-7	321387	321286	52773.98	22297.552794	321272	56008.91301709263	1742822.8372721944	39556	136536	155866
K562_skew	[-0.05,0.05)	PLS	SK-N-SH	360210	360082	58719.962	23625.932682	360028	79634.75700473679	2034219.913169905	46306	149759	169841
K562_skew	[-0.05,0.05)	dELS	H1	321066	321043	78699.925	92965.780841	320921	75017.61499156644	1289306.1789384757	30097	51472	89258
K562_skew	[-0.05,0.05)	dELS	HCT116	872340	872027	217493.712	271073.725178	871670	42267.997868820465	2648907.814246327	52655	142820	229768
K562_skew	[-0.05,0.05)	dELS	HepG2	902250	902182	227695.307	284489.443755	901776	111625.79388953611	2785358.61383881	63172	150278	197513
K562_skew	[-0.05,0.05)	dELS	K562	902137	902068	227827.482	281245.057464	901415	3301.023928836318	2525615.727705289	45267	143983	180833
K562_skew	[-0.05,0.05)	dELS	MCF-7	552471	552434	157250.346	207350.192116	552010	5808.97191382409	1903906.692629305	38207	110853	155682
K562_skew	[-0.05,0.05)	dELS	SK-N-SH	310568	310566	81190.627	93211.883825	310379	94500.28081160312	1649995.606422628	37975	60882	103754
K562_skew	[-0.05,0.05)	non-cCRE	H1	305015868	304842950	73334727.49099976	98642764.82331797	301308114	-30646600.691104185	347721360.498521	4329689	6547325	1045603
K562_skew	[-0.05,0.05)	non-cCRE	HCT116	305015868	304842950	73334727.49099976	98642764.82331797	301308114	-30646600.691104185	347721360.498521	4329689	6547325	1045603
K562_skew	[-0.05,0.05)	non-cCRE	HepG2	305015868	304842950	73334727.49099976	98642764.82331797	301308114	-30646600.691104185	347721360.498521	4329689	6547325	1045603
K562_skew	[-0.05,0.05)	non-cCRE	K562	305015868	304842950	73334727.49099976	98642764.82331797	301308114	-30646600.691104185	347721360.498521	4329689	6547325	1045603
K562_skew	[-0.05,0.05)	non-cCRE	MCF-7	305015868	304842950	73334727.49099976	98642764.82331797	301308114	-30646600.691104185	347721360.498521	4329689	6547325	1045603
K562_skew	[-0.05,0.05)	non-cCRE	SK-N-SH	305015868	304842950	73334727.49099976	98642764.82331797	301308114	-30646600.691104185	347721360.498521	4329689	6547325	1045603
K562_skew	[-0.05,0.05)	pELS	H1	258444	258377	41832.883	21652.389721	258365	61004.418050911634	1160868.3352942094	26739	101918	100384
K562_skew	[-0.05,0.05)	pELS	HCT116	540956	540706	92096.65000000001	59010.786606	540861	76296.73801729889	1977168.9940721742	43230	213983	182629
K562_skew	[-0.05,0.05)	pELS	HepG2	480382	480296	84999.116	60047.549608	480084	82343.71200670685	1773499.8317483221	40340	185753	154554
K562_skew	[-0.05,0.05)	pELS	K562	948596	948383	162950.229	105524.639801	947693	121968.79006468476	2877525.933649884	65530	361210	258335
K562_skew	[-0.05,0.05)	pELS	MCF-7	490200	490095	86948.358	54918.821494	490199	101827.932001684	1819025.8327813186	44813	202023	179154
K562_skew	[-0.05,0.05)	pELS	SK-N-SH	465887	465808	74216.886	32851.517156	465837	132922.8490337399	1955986.679697557	49451	196150	181869
K562_skew	[-0.2,-0.05)	Inactive cCRE	H1	15065458	15057250	6721931.125	12265388.877683	15026632	-951004.5207789004	34017873.83106207	645570	1232885	1803182
K562_skew	[-0.2,-0.05)	Inactive cCRE	HCT116	14994008	14985976	6695406.584	12206069.492704	14955362	-914613.9527621776	34307601.82592684	653648	1218058	1782638
K562_skew	[-0.2,-0.05)	Inactive cCRE	HepG2	15042290	15034145	6688611.232	12179804.758888002	15003360	-907239.1216684455	34380363.99478222	656409	1222264	1828135
K562_skew	[-0.2,-0.05)	Inactive cCRE	K562	14543633	14535617	6539345.899	11994613.772209002	14505625	-919714.2588237209	33199925.64162018	631056	1110857	1690191
K562_skew	[-0.2,-0.05)	Inactive cCRE	MCF-7	14987159	14979135	6645360.046	12107027.116304	14947931	-860403.9737404138	34103851.532803506	650099	1192934	1805970
K562_skew	[-0.2,-0.05)	Inactive cCRE	SK-N-SH	14813642	14805660	6595365.938	12074978.423926	14774569	-1047742.3635879604	32647217.0949633	606376	1132340	1737817
K562_skew	[-0.2,-0.05)	Other cCREs	H1	672715	672606	223772.56100000002	307679.635893	671808	24997.90298875574	2433182.8206375027	50699	118237	239342
K562_skew	[-0.2,-0.05)	Other cCREs	HCT116	486912	486762	159653.637	229601.842041	485989	-4590.598024561156	1395909.7298379964	28759	63897	164612
K562_skew	[-0.2,-0.05)	Other cCREs	HepG2	506599	506434	179532.629	264671.266659	505897	-7127.683065552506	1583854.9292821155	31344	80959	167330
K562_skew	[-0.2,-0.05)	Other cCREs	K562	742850	742636	262953.904	384360.184386	741723	-19789.306972551043	2058297.397783437	41191	114268	222381
K562_skew	[-0.2,-0.05)	Other cCREs	MCF-7	564131	563874	232824.908	371044.441198	563686	-83367.5050180262	1755570.7496288044	30635	91536	158392
K562_skew	[-0.2,-0.05)	Other cCREs	SK-N-SH	818179	817859	329985.034	492824.00299999997	817524	36565.966852423844	3139229.8803527653	69455	169063	246059
K562_skew	[-0.2,-0.05)	PLS	H1	213863	213799	38357.471	16396.468066999998	213762	116322.29600353478	1400049.762951231	37279	89148	118798
K562_skew	[-0.2,-0.05)	PLS	HCT116	199053	198985	36282.968	16682.575648000002	198995	99217.44898235856	1263643.6728233062	33372	85248	111330
K562_skew	[-0.2,-0.05)	PLS	HepG2	185018	184967	34234.487	17177.143631	184917	87095.40897219561	1191760.9846990649	30651	80182	102640
K562_skew	[-0.2,-0.05)	PLS	K562	207090	207023	38349.838	18528.517098	206993	99920.73299537461	1270347.635211299	33694	88557	114008
K562_skew	[-0.2,-0.05)	PLS	MCF-7	215242	215175	39678.016	18103.524678	215141	118273.54300894373	1359220.294111615	37308	91077	120310
K562_skew	[-0.2,-0.05)	PLS	SK-N-SH	237685	237604	43599.97	19062.294964	237566	139999.82900235886	1514023.0640215317	42167	98827	130417
K562_skew	[-0.2,-0.05)	dELS	H1	113737	113723	41214.091	59874.360571	113638	28345.202959403858	528071.3607377028	12018	20893	44469
K562_skew	[-0.2,-0.05)	dELS	HCT116	290575	290456	111694.104	175634.94892	290283	20770.6689760025	1052891.4503998556	21761	53906	108147
K562_skew	[-0.2,-0.05)	dELS	HepG2	265448	265427	104811.18	166283.63342	265329	34585.18496764102	988892.4738823982	21878	50141	84847
K562_skew	[-0.2,-0.05)	dELS	K562	347917	347854	131266.045	201749.742317	347560	12593.066981001284	1138367.2610371485	21951	60366	103131
K562_skew	[-0.2,-0.05)	dELS	MCF-7	203879	203848	85009.7	134007.249924	203693	10138.63095392637	826363.5358406847	17119	44484	78260
K562_skew	[-0.2,-0.05)	dELS	SK-N-SH	114406	114400	41789.932	56865.279358	114310	40284.632938668845	682919.6515116042	15526	24748	50573
K562_skew	[-0.2,-0.05)	non-cCRE	H1	39462481	39443915	16633371.497999985	31445447.22477799	39022000	-7046441.370340482	51693912.50325221	532575	1130698	306589
K562_skew	[-0.2,-0.05)	non-cCRE	HCT116	39462481	39443915	16633371.497999985	31445447.22477799	39022000	-7046441.370340482	51693912.50325221	532575	1130698	306589
K562_skew	[-0.2,-0.05)	non-cCRE	HepG2	39462481	39443915	16633371.497999985	31445447.22477799	39022000	-7046441.370340482	51693912.50325221	532575	1130698	306589
K562_skew	[-0.2,-0.05)	non-cCRE	K562	39462481	39443915	16633371.497999985	31445447.22477799	39022000	-7046441.370340482	51693912.50325221	532575	1130698	306589
K562_skew	[-0.2,-0.05)	non-cCRE	MCF-7	39462481	39443915	16633371.497999985	31445447.22477799	39022000	-7046441.370340482	51693912.50325221	532575	1130698	306589
K562_skew	[-0.2,-0.05)	non-cCRE	SK-N-SH	39462481	39443915	16633371.497999985	31445447.22477799	39022000	-7046441.370340482	51693912.50325221	532575	1130698	306589
K562_skew	[-0.2,-0.05)	pELS	H1	120521	120495	23504.234	14650.575834	120491	58678.397032693036	644552.8688927661	17040	48563	59787
K562_skew	[-0.2,-0.05)	pELS	HCT116	215746	215694	45742.189	36001.058735	215702	76555.71103386524	1003683.96529328	25066	88617	98851
K562_skew	[-0.2,-0.05)	pELS	HepG2	186939	186900	41589.954	36053.11545	186828	70025.48899964917	878858.2616354935	22324	76180	82626
K562_skew	[-0.2,-0.05)	pELS	K562	344804	344743	76863.796	64737.702038	344430	104329.04402538377	1356792.7086292026	34714	135678	135867
K562_skew	[-0.2,-0.05)	pELS	MCF-7	215883	215841	45906.812	33807.585944	215880	92698.58300105715	978724.5318966545	27445	89695	102646
K562_skew	[-0.2,-0.05)	pELS	SK-N-SH	202382	202350	38038.608	20259.9168	202362	108231.21299999664	1040340.9534320717	29082	84748	100712
K562_skew	[-0.5,-0.2)	Inactive cCRE	H1	3859938	3857367	1924708.079	3590851.175939	3849440	-344379.2826942495	9342144.274862878	172462	355862	678887
K562_skew	[-0.5,-0.2)	Inactive cCRE	HCT116	3844726	3842219	1914588.511	3563453.4030110002	3834322	-334917.9396436148	9416908.367730513	174425	353925	673477
K562_skew	[-0.5,-0.2)	Inactive cCRE	HepG2	3883387	3880822	1921157.611	3570137.201999	3872802	-312512.4686993161	9575334.787864286	179662	358748	701471
K562_skew	[-0.5,-0.2)	Inactive cCRE	K562	3645510	3643040	1840505.956	3457852.844342	3635350	-346841.831737542	8871739.248662721	162502	310501	617548
K562_skew	[-0.5,-0.2)	Inactive cCRE	MCF-7	3836725	3834217	1898404.524	3534989.824032	3826113	-320382.049663714	9344851.303665228	172693	342564	681492
K562_skew	[-0.5,-0.2)	Inactive cCRE	SK-N-SH	3782940	3780462	1886527.645	3535226.0206110002	3772359	-407993.4406435635	8773059.103585672	154817	322306	657083
K562_skew	[-0.5,-0.2)	Other cCREs	H1	242125	242077	83113.988	114530.097134	241781	49960.03096454578	1006712.7749651336	24225	45489	113491
K562_skew	[-0.5,-0.2)	Other cCREs	HCT116	166825	166765	57575.39	85007.56504	166483	34721.80594364356	631849.5393757538	15547	22709	76392
K562_skew	[-0.5,-0.2)	Other cCREs	HepG2	170487	170435	62880.289	93566.993247	170246	30841.867999039587	675665.4761833966	15949	29394	76436
K562_skew	[-0.5,-0.2)	Other cCREs	K562	289103	289007	109014.683	164416.893525	288623	31672.969995318217	973893.6063299346	22400	45752	112704
K562_skew	[-0.5,-0.2)	Other cCREs	MCF-7	194373	194273	82574.018	131758.15926000001	194182	4927.290960281514	731091.6070207113	15758	33643	75394
K562_skew	[-0.5,-0.2)	Other cCREs	SK-N-SH	280182	280038	113623.192	168098.944854	279929	62557.8029592673	1259090.364176038	31228	60886	111324
K562_skew	[-0.5,-0.2)	PLS	H1	104913	104878	18764.416	7865.924086	104872	125256.03100842818	923935.0344732509	27838	43776	64745
K562_skew	[-0.5,-0.2)	PLS	HCT116	97177	97141	17724.154	8161.4023	97155	113072.92301956005	840896.7170407214	25458	41388	60379
K562_skew	[-0.5,-0.2)	PLS	HepG2	89698	89668	16636.411	8302.579529	89657	101519.80299639753	780848.0772635994	23159	38692	55403
K562_skew	[-0.5,-0.2)	PLS	K562	100490	100457	18700.745	9191.370031	100458	112760.36100057057	841407.5932428046	25437	42677	61783
K562_skew	[-0.5,-0.2)	PLS	MCF-7	105454	105419	19327.961	8713.523759	105413	126192.7720042808	905730.3683799984	27959	44482	65381
K562_skew	[-0.5,-0.2)	PLS	SK-N-SH	115727	115683	21145.851	9134.127409	115681	141458.67300731855	999743.1808473427	30946	47953	70952
K562_skew	[-0.5,-0.2)	dELS	H1	41979	41960	15317.069	21748.676911	41940	15821.015006495294	216063.5372971527	5303	8303	21249
K562_skew	[-0.5,-0.2)	dELS	HCT116	106582	106522	43546.202	69861.780046	106435	20430.276963535467	443501.80756065476	10267	21070	50678
K562_skew	[-0.5,-0.2)	dELS	HepG2	84482	84467	35309.695	56124.786383	84452	19056.706995259054	371420.220968458	8663	17382	35811
K562_skew	[-0.5,-0.2)	dELS	K562	139232	139172	54635.823	84998.436493	139104	18918.777038721608	502037.4992400262	11069	25350	54184
K562_skew	[-0.5,-0.2)	dELS	MCF-7	76488	76461	32915.701	51967.982091	76409	14118.590973477585	343721.0255941162	8009	17510	36823
K562_skew	[-0.5,-0.2)	dELS	SK-N-SH	41708	41702	15522.603000000001	20869.137977	41667	23193.82896728254	279791.5973001468	6959	9721	22390
K562_skew	[-0.5,-0.2)	non-cCRE	H1	6815161	6810573	3621842.435	7001261.180355	6749794	-1777047.1530565007	9667859.623764502	78462	250104	94444
K562_skew	[-0.5,-0.2)	non-cCRE	HCT116	6815161	6810573	3621842.435	7001261.180355	6749794	-1777047.1530565007	9667859.623764502	78462	250104	94444
K562_skew	[-0.5,-0.2)	non-cCRE	HepG2	6815161	6810573	3621842.435	7001261.180355	6749794	-1777047.1530565007	9667859.623764502	78462	250104	94444
K562_skew	[-0.5,-0.2)	non-cCRE	K562	6815161	6810573	3621842.435	7001261.180355	6749794	-1777047.1530565007	9667859.623764502	78462	250104	94444
K562_skew	[-0.5,-0.2)	non-cCRE	MCF-7	6815161	6810573	3621842.435	7001261.180355	6749794	-1777047.1530565007	9667859.623764502	78462	250104	94444
K562_skew	[-0.5,-0.2)	non-cCRE	SK-N-SH	6815161	6810573	3621842.435	7001261.180355	6749794	-1777047.1530565007	9667859.623764502	78462	250104	94444
K562_skew	[-0.5,-0.2)	pELS	H1	50137	50129	9960.439	6137.136187	50134	46329.758999959115	353853.65624832374	10280	20468	29288
K562_skew	[-0.5,-0.2)	pELS	HCT116	83782	83764	18429.734	14648.85986	83772	59680.48700205482	509552.8461390948	14411	34806	46734
K562_skew	[-0.5,-0.2)	pELS	HepG2	71038	71019	15879.985	13001.449099	71010	54081.64399379924	439440.7155669957	12675	29682	38539
K562_skew	[-0.5,-0.2)	pELS	K562	124757	124735	29006.784	24673.465866	124632	76477.27698811084	653631.3303712498	18700	49618	61441
K562_skew	[-0.5,-0.2)	pELS	MCF-7	86052	86041	18641.787	13703.521115	86050	68130.94901085332	517314.9731866844	15689	35699	48570
K562_skew	[-0.5,-0.2)	pELS	SK-N-SH	78535	78526	15044.7	7804.779406	78531	73770.68899487423	531025.0319375374	16158	33032	45911
K562_skew	[-1.0,-0.5)	Inactive cCRE	H1	1093013	1092355	589773.877	1116828.718419	1090106	-58139.607998991516	3014905.8216051813	58149	107369	269336
K562_skew	[-1.0,-0.5)	Inactive cCRE	HCT116	1083142	1082510	585780.095	1107043.251981	1080207	-70271.279940109	2958889.465976001	56390	106845	262411
K562_skew	[-1.0,-0.5)	Inactive cCRE	HepG2	1105419	1104767	590360.687	1112292.475759	1102471	-43767.945968402324	3126049.9983775383	61386	109224	278787
K562_skew	[-1.0,-0.5)	Inactive cCRE	K562	1003481	1002870	552962.069	1057271.868497	1000701	-75491.86294228667	2725246.7790919254	51156	90434	236179
K562_skew	[-1.0,-0.5)	Inactive cCRE	MCF-7	1086263	1085636	581365.8369999999	1098472.700351	1083267	-51854.19195837712	2999615.6638400517	57796	103246	270764
K562_skew	[-1.0,-0.5)	Inactive cCRE	SK-N-SH	1077526	1076897	581889.677	1106030.971923	1074540	-87707.2199403624	2806108.643960969	51819	97942	266788
K562_skew	[-1.0,-0.5)	Other cCREs	H1	92552	92530	33730.95	46972.913332000004	92399	53416.57998525749	541471.3398534338	14382	17434	55735
K562_skew	[-1.0,-0.5)	Other cCREs	HCT116	68729	68703	23873.965	34435.533505	68587	54575.60393183621	463436.66200627247	12318	9078	43173
K562_skew	[-1.0,-0.5)	Other cCREs	HepG2	66400	66372	25259.266	37123.072902	66282	46273.09295482283	425779.4568467768	11298	11611	40523
K562_skew	[-1.0,-0.5)	Other cCREs	K562	120326	120274	47594.394	72363.949954	120100	53838.39191473557	612967.1215441575	15507	18863	61286
K562_skew	[-1.0,-0.5)	Other cCREs	MCF-7	73891	73860	31786.755	49933.157771	73814	31993.622942028553	418161.09759715095	10389	12781	39196
K562_skew	[-1.0,-0.5)	Other cCREs	SK-N-SH	96810	96762	39677.018000000004	57858.38017	96728	57969.406969058204	604481.2443149993	16070	21342	50501
K562_skew	[-1.0,-0.5)	PLS	H1	42456	42448	7760.854	3329.1177860000003	42433	90031.99799823381	574703.9438448516	16879	18273	29356
K562_skew	[-1.0,-0.5)	PLS	HCT116	39318	39311	7412.103	3616.913321	39311	81997.57600541378	523118.8840548681	15486	17185	27324
K562_skew	[-1.0,-0.5)	PLS	HepG2	36268	36263	6923.786	3577.710658	36245	75214.95501196197	484056.8965249335	14235	16039	25225
K562_skew	[-1.0,-0.5)	PLS	K562	40581	40576	7835.9310000000005	4093.254579	40573	82550.73499964621	524097.18804543494	15622	17719	27986
K562_skew	[-1.0,-0.5)	PLS	MCF-7	42383	42377	7980.699	3781.996001	42360	89516.85499569858	562905.1293886153	16861	18345	29360
K562_skew	[-1.0,-0.5)	PLS	SK-N-SH	45717	45709	8476.122	3664.486366	45694	97616.84698046336	610970.4649358857	18305	19489	31387
K562_skew	[-1.0,-0.5)	dELS	H1	15352	15346	5886.235	8363.123125	15321	9208.55599630962	88778.12923479525	2353	3068	9118
K562_skew	[-1.0,-0.5)	dELS	HCT116	40312	40292	16914.818	27031.22734	40282	18702.058982094757	204174.27716023155	5449	8066	23233
K562_skew	[-1.0,-0.5)	dELS	HepG2	28276	28271	12699.83	20399.211808	28267	11966.743982722393	145102.88137138844	3703	6141	15057
K562_skew	[-1.0,-0.5)	dELS	K562	54371	54355	22089.933	34828.904755	54322	16119.142000172174	223911.58025485557	5540	9674	25439
K562_skew	[-1.0,-0.5)	dELS	MCF-7	28525	28499	13009.604	20684.70453	28507	12118.480996590693	154473.6466875895	3989	6617	16551
K562_skew	[-1.0,-0.5)	dELS	SK-N-SH	14908	14903	5703.02	7600.68034	14883	13956.017980838435	119878.34946091301	3143	3654	9377
K562_skew	[-1.0,-0.5)	non-cCRE	H1	1380720	1379709	902869.909	1805670.986047	1369643	-440393.5741314038	2144717.03171406	15612	60423	29880
K562_skew	[-1.0,-0.5)	non-cCRE	HCT116	1380720	1379709	902869.909	1805670.986047	1369643	-440393.5741314038	2144717.03171406	15612	60423	29880
K562_skew	[-1.0,-0.5)	non-cCRE	HepG2	1380720	1379709	902869.909	1805670.986047	1369643	-440393.5741314038	2144717.03171406	15612	60423	29880
K562_skew	[-1.0,-0.5)	non-cCRE	K562	1380720	1379709	902869.909	1805670.986047	1369643	-440393.5741314038	2144717.03171406	15612	60423	29880
K562_skew	[-1.0,-0.5)	non-cCRE	MCF-7	1380720	1379709	902869.909	1805670.986047	1369643	-440393.5741314038	2144717.03171406	15612	60423	29880
K562_skew	[-1.0,-0.5)	non-cCRE	SK-N-SH	1380720	1379709	902869.909	1805670.986047	1369643	-440393.5741314038	2144717.03171406	15612	60423	29880
K562_skew	[-1.0,-0.5)	pELS	H1	18469	18468	3898.08	2589.71094	18466	26716.75399483939	175925.9696680196	5222	7778	12135
K562_skew	[-1.0,-0.5)	pELS	HCT116	30341	30331	7069.015	5956.657455	30338	36230.32099641301	246165.91500890916	7342	12748	19539
K562_skew	[-1.0,-0.5)	pELS	HepG2	25479	25474	5806.427	4691.112475	25460	31547.433994543848	214795.97108564412	6363	10907	16088
K562_skew	[-1.0,-0.5)	pELS	K562	43083	43072	10567.669	9525.605817	43029	44217.8740033815	309562.5352699093	9160	17232	24790
K562_skew	[-1.0,-0.5)	pELS	MCF-7	30780	30775	6907.101	5211.024949	30777	39459.512999708066	260629.66669287533	7950	12933	19809
K562_skew	[-1.0,-0.5)	pELS	SK-N-SH	26881	26876	5304.159	2929.064803	26880	39399.22798565111	254346.50153351578	7648	11495	17627
K562_skew	[-1.5,-1.0)	Inactive cCRE	H1	246618	246539	135608.161	263002.847963	245857	10750.78800281324	786982.9875289866	16224	24766	78130
K562_skew	[-1.5,-1.0)	Inactive cCRE	HCT116	240907	240830	134222.089	260305.779301	240137	-879.1359913853254	717397.9347665842	14364	24114	73717
K562_skew	[-1.5,-1.0)	Inactive cCRE	HepG2	250094	250015	136489.353	263092.726837	249305	12086.636999838185	798987.4985013398	16763	25224	81045
K562_skew	[-1.5,-1.0)	Inactive cCRE	K562	218002	217924	123794.885	243213.52375300002	217296	-2327.19900357991	649170.9968315649	12812	19668	64791
K562_skew	[-1.5,-1.0)	Inactive cCRE	MCF-7	246393	246317	134308.041	259346.392833	245621	10942.957970513955	778576.9916478142	15962	23812	79467
K562_skew	[-1.5,-1.0)	Inactive cCRE	SK-N-SH	247158	247086	135698.045	263362.07387100003	246363	2132.2389994897017	731490.0794967334	14604	23008	80611
K562_skew	[-1.5,-1.0)	Other cCREs	H1	30334	30333	10998.22	14861.662928	30287	35736.78395534935	276489.69838102895	7170	5236	22470
K562_skew	[-1.5,-1.0)	Other cCREs	HCT116	25197	25196	8250.88	11034.265158	25152	39529.32794960088	282691.746045993	7115	3212	19532
K562_skew	[-1.5,-1.0)	Other cCREs	HepG2	23169	23167	8219.272	11466.204456	23149	35819.56295314559	263260.74986931955	6604	3817	17540
K562_skew	[-1.5,-1.0)	Other cCREs	K562	40930	40927	16017.682	24087.012514000002	40868	40819.16996817	338003.98490901664	8441	6198	26246
K562_skew	[-1.5,-1.0)	Other cCREs	MCF-7	23751	23747	9528.886	14210.81745	23718	28551.813985895245	231227.4456349183	5791	4025	16456
K562_skew	[-1.5,-1.0)	Other cCREs	SK-N-SH	27399	27392	10474.807	14541.114997	27382	35780.66897575941	279006.3934950953	7242	5780	18170
K562_skew	[-1.5,-1.0)	PLS	H1	11273	11271	2073.915	850.780465	11262	34620.46298551595	221433.63906153076	5999	5061	8668
K562_skew	[-1.5,-1.0)	PLS	HCT116	10547	10546	2015.955	981.419083	10538	31649.02198832377	201491.78523444265	5550	4834	8153
K562_skew	[-1.5,-1.0)	PLS	HepG2	9803	9802	1893.608	965.271946	9792	29609.916988744975	190710.89081571845	5147	4490	7565
K562_skew	[-1.5,-1.0)	PLS	K562	10913	10913	2200.466	1325.428004	10903	31727.066989147927	201994.3601927751	5552	4900	8359
K562_skew	[-1.5,-1.0)	PLS	MCF-7	11210	11209	2127.899	985.017471	11199	34179.909989189946	216304.02126730097	5963	5048	8600
K562_skew	[-1.5,-1.0)	PLS	SK-N-SH	11907	11905	2200.419	893.460377	11896	36649.299982372555	231966.11955659962	6370	5344	9052
K562_skew	[-1.5,-1.0)	dELS	H1	4053	4053	1547.114	2238.20481	4048	3569.2779993137824	28132.582186420008	782	858	2711
K562_skew	[-1.5,-1.0)	dELS	HCT116	12321	12320	4837.808	7662.827164	12319	10101.40499641782	82021.16252054009	2327	2422	8294
K562_skew	[-1.5,-1.0)	dELS	HepG2	7463	7463	3106.8089999999997	4888.760177	7463	5462.0979991491195	47533.57835355938	1294	1623	4687
K562_skew	[-1.5,-1.0)	dELS	K562	16574	16574	6595.808	10628.226908	16539	8140.033997173654	81490.39603070494	2141	2905	9164
K562_skew	[-1.5,-1.0)	dELS	MCF-7	8069	8069	3502.714	5668.011194	8060	6304.21299326874	57263.59895970133	1566	1781	5468
K562_skew	[-1.5,-1.0)	dELS	SK-N-SH	4021	4021	1521.097	2027.337547	4018	5885.904984096995	44694.531477482145	1193	949	2851
K562_skew	[-1.5,-1.0)	non-cCRE	H1	239673	239546	169933.463	359707.921847	237550	-71917.73781182666	379671.6051991246	2969	11340	7047
K562_skew	[-1.5,-1.0)	non-cCRE	HCT116	239673	239546	169933.463	359707.921847	237550	-71917.73781182666	379671.6051991246	2969	11340	7047
K562_skew	[-1.5,-1.0)	non-cCRE	HepG2	239673	239546	169933.463	359707.921847	237550	-71917.73781182666	379671.6051991246	2969	11340	7047
K562_skew	[-1.5,-1.0)	non-cCRE	K562	239673	239546	169933.463	359707.921847	237550	-71917.73781182666	379671.6051991246	2969	11340	7047
K562_skew	[-1.5,-1.0)	non-cCRE	MCF-7	239673	239546	169933.463	359707.921847	237550	-71917.73781182666	379671.6051991246	2969	11340	7047
K562_skew	[-1.5,-1.0)	non-cCRE	SK-N-SH	239673	239546	169933.463	359707.921847	237550	-71917.73781182666	379671.6051991246	2969	11340	7047
K562_skew	[-1.5,-1.0)	pELS	H1	4526	4526	940.073	625.4445010000001	4524	9271.295995742556	59957.878198374194	1650	1921	3266
K562_skew	[-1.5,-1.0)	pELS	HCT116	7832	7830	1840.751	1594.649961	7832	13547.989995777723	89394.15678878063	2469	3260	5549
K562_skew	[-1.5,-1.0)	pELS	HepG2	6275	6275	1458.441	1165.977251	6269	10970.393997857005	72504.06781640353	2017	2688	4408
K562_skew	[-1.5,-1.0)	pELS	K562	10385	10384	2558.642	2324.749488	10372	15589.536987823203	102337.04739227894	2879	4171	6685
K562_skew	[-1.5,-1.0)	pELS	MCF-7	7381	7380	1699.943	1368.701719	7380	13969.713999866986	89624.72784660572	2543	3176	5254
K562_skew	[-1.5,-1.0)	pELS	SK-N-SH	6319	6318	1273.115	754.953875	6319	13500.495997016196	85839.66133043019	2416	2761	4561
K562_skew	[0.05,0.2)	Inactive cCRE	H1	14607930	14601348	2855857.284999998	2776964.299751002	14574556	-550419.0760826353	31271700.73593161	609242	1133305	1458665
K562_skew	[0.05,0.2)	Inactive cCRE	HCT116	14505720	14499274	2838407.462999998	2760302.709873002	14472530	-489930.5081729795	31464737.9277534	617544	1115080	1429633
K562_skew	[0.05,0.2)	Inactive cCRE	HepG2	14562412	14555840	2845529.020999998	2763994.364293002	14529004	-500472.0031597033	31522714.869433105	618703	1119522	1470859
K562_skew	[0.05,0.2)	Inactive cCRE	K562	14146317	14139841	2765807.923999998	2696813.810018002	14113592	-480024.822154199	30601447.76755556	600951	1025116	1372693
K562_skew	[0.05,0.2)	Inactive cCRE	MCF-7	14533656	14527234	2830432.9009999977	2738777.901373002	14499992	-474556.09017496486	31329336.0880414	613407	1097710	1459995
K562_skew	[0.05,0.2)	Inactive cCRE	SK-N-SH	14401893	14395533	2807379.270999998	2729183.875357002	14368280	-649147.7710381319	30149811.556073505	575548	1047819	1411986
K562_skew	[0.05,0.2)	Other cCREs	H1	599663	599548	105697.479	79287.061203	598918	-2377.41706504148	2004727.4147156714	40427	101330	182415
K562_skew	[0.05,0.2)	Other cCREs	HCT116	464077	463977	80141.578	60014.333484	463300	-41763.405987272505	1206175.2997340492	21895	58147	134183
K562_skew	[0.05,0.2)	Other cCREs	HepG2	466092	465977	82584.007	63411.604160999996	465511	-36439.48595195962	1337394.7937423885	23949	71264	131245
K562_skew	[0.05,0.2)	Other cCREs	K562	663003	662836	124874.893	105653.764731	662049	-57486.987942445914	1718672.6806294108	30963	98616	170994
K562_skew	[0.05,0.2)	Other cCREs	MCF-7	515594	515374	101166.003	92823.443623	515214	-83584.14099244654	1489326.4547486433	24869	80784	123151
K562_skew	[0.05,0.2)	Other cCREs	SK-N-SH	718576	718271	141002.884	122781.666	718076	41802.22494439967	2628983.540593127	59029	144967	185007
K562_skew	[0.05,0.2)	PLS	H1	156811	156770	22113.919	7086.850549	156718	44021.9810080923	994730.3166590751	23182	65663	77050
K562_skew	[0.05,0.2)	PLS	HCT116	145580	145537	20647.435	6908.407781	145537	32387.658988184172	889340.372896166	20294	62793	72205
K562_skew	[0.05,0.2)	PLS	HepG2	135473	135438	19139.708	6533.1911199999995	135380	25650.33600533463	844745.5874892636	18502	59087	66663
K562_skew	[0.05,0.2)	PLS	K562	151886	151849	21809.005	7605.166443	151803	32066.949981009144	900224.8842526136	20520	65155	73939
K562_skew	[0.05,0.2)	PLS	MCF-7	156929	156885	22557.355	7649.410603	156836	43947.51598758438	952844.8689677211	22781	66879	77644
K562_skew	[0.05,0.2)	PLS	SK-N-SH	173615	173557	24913.602	8196.915142	173511	58176.49598034915	1065653.787415142	26187	72619	84431
K562_skew	[0.05,0.2)	dELS	H1	97904	97893	17840.833	14317.092441	97852	22002.588959687968	414928.328505851	9658	17313	32318
K562_skew	[0.05,0.2)	dELS	HCT116	261125	261024	49538.645	44036.735953	260882	6384.526017092052	844788.7180790006	16897	46305	83559
K562_skew	[0.05,0.2)	dELS	HepG2	238299	238287	44876.386	38380.111198	238181	19552.409967142736	795615.8323688253	17363	43492	63914
K562_skew	[0.05,0.2)	dELS	K562	298629	298590	58149.013	52071.451397000004	298395	-6584.46701672277	873617.4545383427	16075	50458	74895
K562_skew	[0.05,0.2)	dELS	MCF-7	174697	174667	34921.279	32768.402335	174550	3243.598014724102	644893.7638814772	13256	37316	57565
K562_skew	[0.05,0.2)	dELS	SK-N-SH	96769	96764	18242.349	14641.879785000001	96711	28011.91497543501	529706.6220285333	12291	20472	37235
K562_skew	[0.05,0.2)	non-cCRE	H1	41993362	41976488	7893980.500999992	7620535.799336984	41519348	-5742193.914478938	50382712.80672434	549570	1124016	247622
K562_skew	[0.05,0.2)	non-cCRE	HCT116	41993362	41976488	7893980.500999992	7620535.799336984	41519348	-5742193.914478938	50382712.80672434	549570	1124016	247622
K562_skew	[0.05,0.2)	non-cCRE	HepG2	41993362	41976488	7893980.500999992	7620535.799336984	41519348	-5742193.914478938	50382712.80672434	549570	1124016	247622
K562_skew	[0.05,0.2)	non-cCRE	K562	41993362	41976488	7893980.500999992	7620535.799336984	41519348	-5742193.914478938	50382712.80672434	549570	1124016	247622
K562_skew	[0.05,0.2)	non-cCRE	MCF-7	41993362	41976488	7893980.500999992	7620535.799336984	41519348	-5742193.914478938	50382712.80672434	549570	1124016	247622
K562_skew	[0.05,0.2)	non-cCRE	SK-N-SH	41993362	41976488	7893980.500999992	7620535.799336984	41519348	-5742193.914478938	50382712.80672434	549570	1124016	247622
K562_skew	[0.05,0.2)	pELS	H1	100991	100980	14338.451000000001	5306.608991	100969	35136.63604160771	515647.6533442081	12588	40710	43427
K562_skew	[0.05,0.2)	pELS	HCT116	186797	186727	27112.846	11699.725844	186764	41286.442016687004	796692.1306937844	18467	75996	74295
K562_skew	[0.05,0.2)	pELS	HepG2	161023	160997	23718.845	10642.642163	160937	40073.45600089653	701263.3661228049	16580	64956	61194
K562_skew	[0.05,0.2)	pELS	K562	303464	303423	45207.132	20817.720346	303174	60394.039994069724	1107771.6621804994	26588	118976	101354
K562_skew	[0.05,0.2)	pELS	MCF-7	182423	182379	26770.429	10942.755001	182421	59313.830026814016	785333.2735171831	20784	75632	75520
K562_skew	[0.05,0.2)	pELS	SK-N-SH	172446	172414	24309.861	8157.576651	172435	69521.84799965928	827578.9430461173	22042	72444	75216
K562_skew	[0.2,0.5)	Inactive cCRE	H1	3306390	3304560	666191.229	706582.486521	3297504	-148313.9199708366	7229810.172690472	140572	291648	429460
K562_skew	[0.2,0.5)	Inactive cCRE	HCT116	3289604	3287822	662076.915	700230.881315	3280784	-128500.60497602666	7333352.963835426	143940	289399	422385
K562_skew	[0.2,0.5)	Inactive cCRE	HepG2	3319204	3317386	666727.555	703993.622857	3310306	-124698.09300771888	7413572.414220108	146081	292320	440278
K562_skew	[0.2,0.5)	Inactive cCRE	K562	3165300	3163522	637732.231	679675.658425	3156689	-132797.04196444186	7011831.646739583	137028	259193	396280
K562_skew	[0.2,0.5)	Inactive cCRE	MCF-7	3283596	3281816	658761.691	695862.070103	3274653	-130764.00698105224	7239009.077818115	140955	280398	428831
K562_skew	[0.2,0.5)	Inactive cCRE	SK-N-SH	3241308	3239566	652183.794	694645.27883	3232359	-193836.98594771622	6846167.551130622	128121	263821	412471
K562_skew	[0.2,0.5)	Other cCREs	H1	181410	181387	31208.371	23732.968607	181174	14861.413984189388	644467.0572992819	14273	33294	64759
K562_skew	[0.2,0.5)	Other cCREs	HCT116	128659	128623	22092.094	17763.223326	128403	-1765.5769920274606	354855.0519931755	7482	17072	44866
K562_skew	[0.2,0.5)	Other cCREs	HepG2	128001	127969	22602.054	18417.859424	127814	-477.7749857867613	390460.24379997276	8028	21468	43582
K562_skew	[0.2,0.5)	Other cCREs	K562	203111	203057	37972.715000000004	33228.395805	202761	-3397.073022812611	558452.0783467158	11449	32221	62100
K562_skew	[0.2,0.5)	Other cCREs	MCF-7	150249	150184	28645.648	26500.26316	150107	-12767.38801342773	460802.24155295454	8929	25372	43338
K562_skew	[0.2,0.5)	Other cCREs	SK-N-SH	216332	216231	40588.525	34231.197459	216165	33000.4499698606	834634.3921322143	20425	46870	65353
K562_skew	[0.2,0.5)	PLS	H1	59627	59612	8104.522	2464.786992	59603	33624.25494966389	428823.6035641147	11094	24901	30358
K562_skew	[0.2,0.5)	PLS	HCT116	54533	54520	7444.634	2361.708378	54518	27381.959951207402	382171.9044072017	9672	23436	28076
K562_skew	[0.2,0.5)	PLS	HepG2	50043	50033	6815.597	2212.205051	50019	22608.945956874868	351699.2903030779	8571	21869	25587
K562_skew	[0.2,0.5)	PLS	K562	56597	56582	7826.565	2563.352547	56576	27254.062955076577	380725.84938767465	9712	24154	28732
K562_skew	[0.2,0.5)	PLS	MCF-7	59801	59789	8243.865	2597.187709	59777	34368.040952274816	414157.39891504653	11077	25386	30700
K562_skew	[0.2,0.5)	PLS	SK-N-SH	66658	66636	9249.086	2853.6827200000002	66630	42144.09094857308	465500.2818004562	12730	27745	33737
K562_skew	[0.2,0.5)	dELS	H1	30371	30367	5331.286	4273.293132	30345	9499.899006807718	135303.2906358189	3366	5730	11654
K562_skew	[0.2,0.5)	dELS	HCT116	79525	79493	15394.383	14649.790897	79456	7458.66498103668	273639.00524996954	5962	14724	30135
K562_skew	[0.2,0.5)	dELS	HepG2	64208	64200	12155.179	10954.869189000001	64172	9578.428005943662	230117.01636730507	5336	12781	20868
K562_skew	[0.2,0.5)	dELS	K562	94058	94040	18410.009000000002	17010.872991	93973	3499.524984858342	294916.85042452376	5916	16638	28699
K562_skew	[0.2,0.5)	dELS	MCF-7	56363	56354	10922.926	10055.562892	56298	6262.541006618879	221432.0683060314	4948	12423	21155
K562_skew	[0.2,0.5)	dELS	SK-N-SH	30442	30439	5579.944	4351.178366	30413	13019.127985406438	179143.82297046366	4351	6906	13424
K562_skew	[0.2,0.5)	non-cCRE	H1	6505091	6501311	1325961.677	1506377.022771	6437460	-1043411.1872843417	8178462.913572784	83401	220740	63971
K562_skew	[0.2,0.5)	non-cCRE	HCT116	6505091	6501311	1325961.677	1506377.022771	6437460	-1043411.1872843417	8178462.913572784	83401	220740	63971
K562_skew	[0.2,0.5)	non-cCRE	HepG2	6505091	6501311	1325961.677	1506377.022771	6437460	-1043411.1872843417	8178462.913572784	83401	220740	63971
K562_skew	[0.2,0.5)	non-cCRE	K562	6505091	6501311	1325961.677	1506377.022771	6437460	-1043411.1872843417	8178462.913572784	83401	220740	63971
K562_skew	[0.2,0.5)	non-cCRE	MCF-7	6505091	6501311	1325961.677	1506377.022771	6437460	-1043411.1872843417	8178462.913572784	83401	220740	63971
K562_skew	[0.2,0.5)	non-cCRE	SK-N-SH	6505091	6501311	1325961.677	1506377.022771	6437460	-1043411.1872843417	8178462.913572784	83401	220740	63971
K562_skew	[0.2,0.5)	pELS	H1	35959	35955	4945.708	1718.983028	35957	20133.415994603303	200313.77559216582	5576	14534	17254
K562_skew	[0.2,0.5)	pELS	HCT116	61436	61423	8773.09	3766.914364	61422	25230.621000237774	294698.9742960792	7825	25476	28023
K562_skew	[0.2,0.5)	pELS	HepG2	52301	52293	7480.731	3193.9617590000003	52272	22793.557995114603	252868.9350913902	6865	21669	23170
K562_skew	[0.2,0.5)	pELS	K562	94691	94680	13839.596	6294.238512	94584	35245.591011747376	392791.4748833551	10776	37901	37674
K562_skew	[0.2,0.5)	pELS	MCF-7	63748	63738	9206.986	3757.434416	63748	32705.87700001397	303317.11318970565	8972	26528	29461
K562_skew	[0.2,0.5)	pELS	SK-N-SH	59017	59009	8179.767	2691.180905	59016	35478.38100830383	313271.851748099	9254	24765	28500
K562_skew	[0.5,1.0)	Inactive cCRE	H1	811985	811498	165849.44	184343.931156	809683	-49521.99295042967	1812864.2239254434	34580	77829	121826
K562_skew	[0.5,1.0)	Inactive cCRE	HCT116	808831	808351	164808.297	182415.879117	806541	-42821.68595625787	1852838.3538675914	35793	77337	119831
K562_skew	[0.5,1.0)	Inactive cCRE	HepG2	818266	817778	166452.048	184086.467436	815958	-40362.16895168928	1888386.701842807	36705	78531	125447
K562_skew	[0.5,1.0)	Inactive cCRE	K562	773640	773165	158284.544	176964.67585	771401	-47275.52495625803	1755242.0481949348	33319	68770	111348
K562_skew	[0.5,1.0)	Inactive cCRE	MCF-7	804713	804233	163776.985	181585.362977	802385	-44830.36894629349	1811437.6103680239	34475	74254	121176
K562_skew	[0.5,1.0)	Inactive cCRE	SK-N-SH	793117	792639	161738.734	180831.843776	790783	-63338.82092526672	1700854.2895307676	30868	69659	116504
K562_skew	[0.5,1.0)	Other cCREs	H1	49702	49689	8371.922	6502.133084	49622	7481.209005605311	189255.26111956604	4421	9289	18993
K562_skew	[0.5,1.0)	Other cCREs	HCT116	33078	33069	5746.36	4929.787314	32998	1081.0070098688595	101488.29649336287	2173	4452	12758
K562_skew	[0.5,1.0)	Other cCREs	HepG2	33141	33132	5742.5779999999995	4732.959454	33080	1572.8700053539346	104167.03381499999	2294	5734	12356
K562_skew	[0.5,1.0)	Other cCREs	K562	54735	54718	9971.19	8932.119254000001	54634	2136.9680169746293	161741.69733062282	3530	8808	18249
K562_skew	[0.5,1.0)	Other cCREs	MCF-7	40197	40184	7508.819	7020.213675	40151	-1860.5609828414194	137022.78367982229	2700	6882	12315
K562_skew	[0.5,1.0)	Other cCREs	SK-N-SH	59748	59732	11156.058	9558.662376	59697	11790.253986651305	249688.437256764	6101	13441	19215
K562_skew	[0.5,1.0)	PLS	H1	15964	15962	2138.273	616.911017	15951	12956.950999803956	130787.18775213022	3463	6726	8223
K562_skew	[0.5,1.0)	PLS	HCT116	14382	14380	1934.171	594.611511	14376	10356.171004624919	112156.680200746	2902	6248	7486
K562_skew	[0.5,1.0)	PLS	HepG2	13094	13092	1768.343	575.246349	13081	8880.479008160997	103726.55686798388	2600	5757	6780
K562_skew	[0.5,1.0)	PLS	K562	14857	14854	2023.914	634.870596	14851	10411.458001017341	112719.71768368346	2959	6449	7682
K562_skew	[0.5,1.0)	PLS	MCF-7	16000	15998	2180.377	658.587241	15987	13052.801996178692	124400.56795768041	3421	6859	8300
K562_skew	[0.5,1.0)	PLS	SK-N-SH	17922	17918	2446.237	718.405423	17909	15547.243999854092	142193.76794950382	3955	7508	9215
K562_skew	[0.5,1.0)	dELS	H1	8566	8565	1441.264	1120.433372	8557	3492.5510005141837	44589.79489120064	1101	1643	3501
K562_skew	[0.5,1.0)	dELS	HCT116	22738	22731	4311.024	4155.161214	22713	3669.1660046526263	84806.4325829272	1985	4437	9294
K562_skew	[0.5,1.0)	dELS	HepG2	17362	17361	3185.16	2839.633478	17348	3607.0400003106347	70278.18643282921	1649	3550	6252
K562_skew	[0.5,1.0)	dELS	K562	26686	26683	5131.641	4912.838309	26660	3144.808995414759	91250.45453047687	2027	4904	9116
K562_skew	[0.5,1.0)	dELS	MCF-7	16794	16791	3128.594	2836.356186	16775	3082.1919964316753	71011.49728165107	1729	3795	6796
K562_skew	[0.5,1.0)	dELS	SK-N-SH	8756	8756	1567.77	1254.302538	8751	4788.11299653945	54151.73533272946	1405	1945	4136
K562_skew	[0.5,1.0)	non-cCRE	H1	1270976	1270070	253564.361	284875.714089	1259669	-231647.09965537747	1644524.346431946	15508	50906	16945
K562_skew	[0.5,1.0)	non-cCRE	HCT116	1270976	1270070	253564.361	284875.714089	1259669	-231647.09965537747	1644524.346431946	15508	50906	16945
K562_skew	[0.5,1.0)	non-cCRE	HepG2	1270976	1270070	253564.361	284875.714089	1259669	-231647.09965537747	1644524.346431946	15508	50906	16945
K562_skew	[0.5,1.0)	non-cCRE	K562	1270976	1270070	253564.361	284875.714089	1259669	-231647.09965537747	1644524.346431946	15508	50906	16945
K562_skew	[0.5,1.0)	non-cCRE	MCF-7	1270976	1270070	253564.361	284875.714089	1259669	-231647.09965537747	1644524.346431946	15508	50906	16945
K562_skew	[0.5,1.0)	non-cCRE	SK-N-SH	1270976	1270070	253564.361	284875.714089	1259669	-231647.09965537747	1644524.346431946	15508	50906	16945
K562_skew	[0.5,1.0)	pELS	H1	10611	10611	1438.397	485.122541	10609	7579.104007874612	70972.08252601292	1903	4421	5218
K562_skew	[0.5,1.0)	pELS	HCT116	17799	17794	2439.444	973.092014	17794	9703.164000479856	97178.78706972626	2615	7434	8392
K562_skew	[0.5,1.0)	pELS	HepG2	14965	14962	2091.167	834.224453	14955	8289.602001232095	81910.0712557336	2220	6336	6926
K562_skew	[0.5,1.0)	pELS	K562	26910	26905	3828.007	1624.027161	26876	13570.11200621969	127514.63247463526	3633	10977	11366
K562_skew	[0.5,1.0)	pELS	MCF-7	19124	19119	2644.521	968.011091	19124	12543.757999892925	104596.09092717458	3143	8118	9174
K562_skew	[0.5,1.0)	pELS	SK-N-SH	17285	17280	2330.497	705.317057	17282	13201.032005590276	101580.32014458813	3139	7355	8691
K562_skew	[1.0,1.5)	Inactive cCRE	H1	158440	158354	33787.989	40444.064223	158012	-11912.511979236155	354397.41657706903	6776	15738	25479
K562_skew	[1.0,1.5)	Inactive cCRE	HCT116	157854	157770	33382.183	39552.642545	157422	-10642.280985697054	361499.53431330447	7012	15708	25046
K562_skew	[1.0,1.5)	Inactive cCRE	HepG2	159855	159767	33979.398	40452.428122	159420	-9931.34198698402	368898.50113710953	7249	15957	26241
K562_skew	[1.0,1.5)	Inactive cCRE	K562	150715	150631	32305.639	39014.580419	150296	-11830.008983623125	341884.4008974188	6526	13966	23478
K562_skew	[1.0,1.5)	Inactive cCRE	MCF-7	156744	156657	33171.794	39476.06688	156309	-11158.08598502085	352225.79078032303	6746	15050	25355
K562_skew	[1.0,1.5)	Inactive cCRE	SK-N-SH	154153	154069	32872.366	39667.878462	153721	-15000.850979247827	330066.6821736304	5976	14096	24338
K562_skew	[1.0,1.5)	Other cCREs	H1	9836	9834	1738.886	1502.68152	9824	1871.459000446136	37683.261465370095	948	1936	3905
K562_skew	[1.0,1.5)	Other cCREs	HCT116	6115	6115	1265.694	1455.43692	6109	380.9090027550702	17940.889948842232	443	848	2451
K562_skew	[1.0,1.5)	Other cCREs	HepG2	6249	6249	1089.808	988.586238	6246	642.1950040092927	20735.797182348393	481	1137	2398
K562_skew	[1.0,1.5)	Other cCREs	K562	10627	10625	1982.875	1888.466445	10612	1025.310002283892	31655.72563612068	771	1767	3550
K562_skew	[1.0,1.5)	Other cCREs	MCF-7	7892	7891	1660.191	1859.290323	7886	-182.00199794408422	25978.268729506854	562	1421	2435
K562_skew	[1.0,1.5)	Other cCREs	SK-N-SH	12163	12158	2325.52	2113.236366	12156	2966.4869966264814	49761.86698733559	1326	2734	3889
K562_skew	[1.0,1.5)	PLS	H1	2683	2682	363.603	108.340691	2682	2690.3539983299534	23144.019905662833	659	1104	1360
K562_skew	[1.0,1.5)	PLS	HCT116	2423	2423	338.257	113.195949	2423	2062.636999518727	19698.618806113413	551	1010	1237
K562_skew	[1.0,1.5)	PLS	HepG2	2078	2078	287.698	94.569772	2077	1525.2150014929941	16560.024834269778	430	906	1067
K562_skew	[1.0,1.5)	PLS	K562	2477	2477	342.058	104.868702	2477	2012.73600157944	18451.000529649635	512	1047	1247
K562_skew	[1.0,1.5)	PLS	MCF-7	2733	2733	386.305	126.843465	2732	2632.5780018483056	22346.56198409083	644	1120	1371
K562_skew	[1.0,1.5)	PLS	SK-N-SH	3120	3120	437.129	135.933351	3119	3142.993003175011	25616.33347583267	739	1260	1572
K562_skew	[1.0,1.5)	dELS	H1	1749	1749	295.056	231.648074	1749	573.4540009507908	8813.69140993378	227	358	739
K562_skew	[1.0,1.5)	dELS	HCT116	4749	4745	963.7479999999999	1036.592924	4746	873.637001417927	18083.323559488552	419	910	1993
K562_skew	[1.0,1.5)	dELS	HepG2	3575	3575	694.453	679.0869749999999	3573	808.9480011030103	14335.185676383757	361	696	1338
K562_skew	[1.0,1.5)	dELS	K562	5339	5338	1060.561	1088.698113	5334	817.4749988234836	17865.56400428316	414	956	1803
K562_skew	[1.0,1.5)	dELS	MCF-7	3484	3483	694.577	695.544187	3484	806.6720004340162	14481.097457090053	362	746	1417
K562_skew	[1.0,1.5)	dELS	SK-N-SH	1764	1764	355.246	348.107032	1764	944.7069993524351	9936.906458569967	279	406	868
K562_skew	[1.0,1.5)	non-cCRE	H1	214668	214525	38608.692	39649.842886	212901	-43541.4759497327	284953.1032561265	2478	9439	3309
K562_skew	[1.0,1.5)	non-cCRE	HCT116	214668	214525	38608.692	39649.842886	212901	-43541.4759497327	284953.1032561265	2478	9439	3309
K562_skew	[1.0,1.5)	non-cCRE	HepG2	214668	214525	38608.692	39649.842886	212901	-43541.4759497327	284953.1032561265	2478	9439	3309
K562_skew	[1.0,1.5)	non-cCRE	K562	214668	214525	38608.692	39649.842886	212901	-43541.4759497327	284953.1032561265	2478	9439	3309
K562_skew	[1.0,1.5)	non-cCRE	MCF-7	214668	214525	38608.692	39649.842886	212901	-43541.4759497327	284953.1032561265	2478	9439	3309
K562_skew	[1.0,1.5)	non-cCRE	SK-N-SH	214668	214525	38608.692	39649.842886	212901	-43541.4759497327	284953.1032561265	2478	9439	3309
K562_skew	[1.0,1.5)	pELS	H1	2135	2135	286.419	100.047869	2134	1489.9150007050494	12671.979476790195	366	906	1043
K562_skew	[1.0,1.5)	pELS	HCT116	3702	3701	522.071	228.914039	3701	2037.7680032011122	19488.002207077512	551	1566	1799
K562_skew	[1.0,1.5)	pELS	HepG2	3086	3085	420.596	172.11127	3085	1667.6540015744977	16180.860004714717	455	1346	1482
K562_skew	[1.0,1.5)	pELS	K562	5685	5683	780.82	290.168698	5682	2687.1580021320847	26853.677767353885	753	2306	2448
K562_skew	[1.0,1.5)	pELS	MCF-7	3990	3990	559.086	229.037522	3990	2613.5080018783924	21678.64988381534	662	1705	1948
K562_skew	[1.0,1.5)	pELS	SK-N-SH	3643	3643	481.692	121.627166	3641	2659.3340012896815	21328.579739457484	656	1546	1859
K562_skew	[1.5,Inf)	Inactive cCRE	H1	53318	53256	10919.038	12945.775238	53187	-5617.56798214966	119626.65183616028	2155	5564	8613
K562_skew	[1.5,Inf)	Inactive cCRE	HCT116	53299	53237	10716.83	12466.634224	53169	-5128.939982819372	121901.03570026679	2254	5561	8516
K562_skew	[1.5,Inf)	Inactive cCRE	HepG2	53759	53696	10985.938	12970.28774	53627	-5031.030979395845	122428.62352667307	2282	5615	8826
K562_skew	[1.5,Inf)	Inactive cCRE	K562	50735	50674	10432.465	12453.038875	50609	-5647.443984797455	114262.98763764673	2063	4892	7881
K562_skew	[1.5,Inf)	Inactive cCRE	MCF-7	52817	52755	10804.736	12826.042342	52685	-5292.677984185869	117854.56134236758	2156	5268	8535
K562_skew	[1.5,Inf)	Inactive cCRE	SK-N-SH	51682	51622	10679.702	12873.75914	51550	-6512.173981822445	110494.24715118708	1898	4911	8117
K562_skew	[1.5,Inf)	Other cCREs	H1	3195	3194	628.587	628.585169	3192	673.7350042120091	11342.582756936854	313	689	1236
K562_skew	[1.5,Inf)	Other cCREs	HCT116	1833	1833	485.119	685.880639	1830	93.31300286529566	5092.885531063423	117	273	694
K562_skew	[1.5,Inf)	Other cCREs	HepG2	1958	1958	401.994	447.053368	1957	166.9019999376032	6508.476981738276	150	367	744
K562_skew	[1.5,Inf)	Other cCREs	K562	3320	3319	614.575	591.826901	3317	427.58600257895864	9444.567629263849	237	568	1084
K562_skew	[1.5,Inf)	Other cCREs	MCF-7	2456	2456	506.805	562.635027	2455	1.6470023164292251	8687.547703954593	182	473	734
K562_skew	[1.5,Inf)	Other cCREs	SK-N-SH	4074	4071	755.573	679.3083310000001	4072	811.669002272771	15525.366486997915	410	959	1293
K562_skew	[1.5,Inf)	PLS	H1	668	668	82.521	16.503049	668	610.2189979827963	5099.207562903571	153	262	338
K562_skew	[1.5,Inf)	PLS	HCT116	577	577	70.714	12.525598	577	497.545000127051	4334.469474998747	126	234	300
K562_skew	[1.5,Inf)	PLS	HepG2	507	507	62.872	13.058454	507	361.1269983114908	3604.403425558239	102	209	256
K562_skew	[1.5,Inf)	PLS	K562	615	615	78.364	18.76288	615	488.9279990491923	4415.844195838575	130	257	299
K562_skew	[1.5,Inf)	PLS	MCF-7	673	673	84.008	16.030448	673	611.1289978413844	4898.348848688335	152	284	344
K562_skew	[1.5,Inf)	PLS	SK-N-SH	793	793	100.718	20.600504	793	810.0939989178441	5975.701684506644	187	311	388
K562_skew	[1.5,Inf)	dELS	H1	602	602	108.409	111.029005	602	179.40700308210225	2390.829182065486	67	117	245
K562_skew	[1.5,Inf)	dELS	HCT116	1535	1534	379.774	479.617774	1534	219.3050006858539	5217.249648056694	131	306	653
K562_skew	[1.5,Inf)	dELS	HepG2	1219	1219	238.543	248.33418699999999	1218	302.0660023208474	4846.663474739826	119	264	455
K562_skew	[1.5,Inf)	dELS	K562	1836	1835	435.883	552.588981	1833	117.70600155438308	5957.122551297075	132	363	635
K562_skew	[1.5,Inf)	dELS	MCF-7	1159	1158	239.686	247.753822	1158	194.962003312423	4451.389254165978	113	274	472
K562_skew	[1.5,Inf)	dELS	SK-N-SH	624	624	117.502	102.760598	624	389.9060016828588	3660.815574890344	105	146	296
K562_skew	[1.5,Inf)	non-cCRE	H1	68402	68367	10498.375	8861.733853	67940	-19876.644980281813	104260.69438760327	752	3280	1135
K562_skew	[1.5,Inf)	non-cCRE	HCT116	68402	68367	10498.375	8861.733853	67940	-19876.644980281813	104260.69438760327	752	3280	1135
K562_skew	[1.5,Inf)	non-cCRE	HepG2	68402	68367	10498.375	8861.733853	67940	-19876.644980281813	104260.69438760327	752	3280	1135
K562_skew	[1.5,Inf)	non-cCRE	K562	68402	68367	10498.375	8861.733853	67940	-19876.644980281813	104260.69438760327	752	3280	1135
K562_skew	[1.5,Inf)	non-cCRE	MCF-7	68402	68367	10498.375	8861.733853	67940	-19876.644980281813	104260.69438760327	752	3280	1135
K562_skew	[1.5,Inf)	non-cCRE	SK-N-SH	68402	68367	10498.375	8861.733853	67940	-19876.644980281813	104260.69438760327	752	3280	1135
K562_skew	[1.5,Inf)	pELS	H1	734	734	96.362	27.433676000000002	734	442.5130014877068	3373.591745350531	111	275	363
K562_skew	[1.5,Inf)	pELS	HCT116	1273	1273	182.48	84.667902	1273	607.0830037561245	5287.222729031025	171	533	632
K562_skew	[1.5,Inf)	pELS	HepG2	1074	1074	145.57	50.592388	1074	489.24200344085693	4444.695674707294	146	452	514
K562_skew	[1.5,Inf)	pELS	K562	2011	2011	273.63	113.1085	2009	901.5300062298777	7752.341069370494	237	827	896
K562_skew	[1.5,Inf)	pELS	MCF-7	1412	1412	199.682	76.864498	1412	773.2460053305839	5941.015934240275	196	608	710
K562_skew	[1.5,Inf)	pELS	SK-N-SH	1344	1344	181.422	52.897564	1344	788.8110035639256	6176.732185834682	199	580	701
SKNSH_skew	(-Inf,-1.5)	Inactive cCRE	H1	72849	72838	59654.528	127503.248512	72652	-8154.628998661649	232518.18241115168	4073	6768	23960
SKNSH_skew	(-Inf,-1.5)	Inactive cCRE	HCT116	69990	69980	58590.793	125443.230271	69791	-10355.847995353863	218725.05166421147	3597	6390	21973
SKNSH_skew	(-Inf,-1.5)	Inactive cCRE	HepG2	72689	72679	59240.272	126496.324894	72488	-6939.7200054861605	240639.3695583592	4253	6578	23890
SKNSH_skew	(-Inf,-1.5)	Inactive cCRE	K562	67617	67606	55696.617	119763.42482500001	67434	-9002.875002737852	212113.646671623	3604	5745	21093
SKNSH_skew	(-Inf,-1.5)	Inactive cCRE	MCF-7	73290	73279	59342.28	126597.11016	73106	-6375.053001839202	239426.68016864624	4266	6727	24513
SKNSH_skew	(-Inf,-1.5)	Inactive cCRE	SK-N-SH	73268	73257	59424.315	127153.188161	73069	-8142.241995567458	228310.48613943916	4026	6595	24601
SKNSH_skew	(-Inf,-1.5)	Other cCREs	H1	4668	4668	2316.844	3914.83798	4660	3615.200987934254	33533.602262844004	845	832	2903
SKNSH_skew	(-Inf,-1.5)	Other cCREs	HCT116	3727	3726	1602.501	2858.809235	3723	2228.2819915029686	19786.899087869697	516	420	2324
SKNSH_skew	(-Inf,-1.5)	Other cCREs	HepG2	3549	3548	1902.327	3427.112003	3545	2019.6969963215524	20172.887422668697	522	648	2203
SKNSH_skew	(-Inf,-1.5)	Other cCREs	K562	5950	5950	3817.545	7107.600453	5930	2035.2059978458583	29729.60638072313	706	964	3373
SKNSH_skew	(-Inf,-1.5)	Other cCREs	MCF-7	3013	3013	1913.094	3570.467956	2997	825.2539991837689	16448.814655170685	378	435	1571
SKNSH_skew	(-Inf,-1.5)	Other cCREs	SK-N-SH	3868	3868	2417.772	4210.8581460000005	3862	1835.2299914071332	24975.850097522503	593	819	2000
SKNSH_skew	(-Inf,-1.5)	PLS	H1	4230	4230	816.616	346.645688	4225	17189.243995471854	118203.36217003374	2768	1941	3079
SKNSH_skew	(-Inf,-1.5)	PLS	HCT116	4172	4172	862.625	469.068709	4168	16980.324993736223	117130.8909226425	2742	1932	3017
SKNSH_skew	(-Inf,-1.5)	PLS	HepG2	4094	4094	856.098	471.641262	4089	16479.118996738922	113679.92586850536	2655	1897	2958
SKNSH_skew	(-Inf,-1.5)	PLS	K562	4364	4364	955.337	600.505431	4359	16985.10999400413	116786.60760045807	2755	1974	3124
SKNSH_skew	(-Inf,-1.5)	PLS	MCF-7	4174	4174	844.883	433.955401	4169	16978.99799741491	116768.0416799533	2749	1949	3013
SKNSH_skew	(-Inf,-1.5)	PLS	SK-N-SH	4344	4344	844.978	347.802408	4339	17772.719995427997	121970.83059760612	2860	1983	3134
SKNSH_skew	(-Inf,-1.5)	dELS	H1	1143	1143	532.196	857.170698	1143	1380.0680018988191	9686.111225430663	278	225	738
SKNSH_skew	(-Inf,-1.5)	dELS	HCT116	4295	4295	2000.168	3479.633356	4292	4109.411998094992	31070.314994921657	915	731	2896
SKNSH_skew	(-Inf,-1.5)	dELS	HepG2	2202	2202	1179.484	2038.853246	2202	2121.8869983695927	17161.64909314639	456	452	1408
SKNSH_skew	(-Inf,-1.5)	dELS	K562	3867	3867	2332.359	4348.151423	3865	2574.51999656693	24794.52529173428	631	674	2452
SKNSH_skew	(-Inf,-1.5)	dELS	MCF-7	1989	1989	1055.583	1800.467701	1986	1814.3679914044912	15650.89418216168	425	435	1337
SKNSH_skew	(-Inf,-1.5)	dELS	SK-N-SH	1185	1185	587.3629999999999	907.153199	1185	1623.6589988067283	12805.636571059063	337	248	818
SKNSH_skew	(-Inf,-1.5)	non-cCRE	H1	78388	78356	77768.396	175436.839522	77620	-36795.511966856204	154960.91288460582	749	2988	1900
SKNSH_skew	(-Inf,-1.5)	non-cCRE	HCT116	78388	78356	77768.396	175436.839522	77620	-36795.511966856204	154960.91288460582	749	2988	1900
SKNSH_skew	(-Inf,-1.5)	non-cCRE	HepG2	78388	78356	77768.396	175436.839522	77620	-36795.511966856204	154960.91288460582	749	2988	1900
SKNSH_skew	(-Inf,-1.5)	non-cCRE	K562	78388	78356	77768.396	175436.839522	77620	-36795.511966856204	154960.91288460582	749	2988	1900
SKNSH_skew	(-Inf,-1.5)	non-cCRE	MCF-7	78388	78356	77768.396	175436.839522	77620	-36795.511966856204	154960.91288460582	749	2988	1900
SKNSH_skew	(-Inf,-1.5)	non-cCRE	SK-N-SH	78388	78356	77768.396	175436.839522	77620	-36795.511966856204	154960.91288460582	749	2988	1900
SKNSH_skew	(-Inf,-1.5)	pELS	H1	1300	1300	306.99	251.94307	1300	3776.1150054348404	25887.8971620731	616	511	921
SKNSH_skew	(-Inf,-1.5)	pELS	HCT116	2006	2006	571.087	623.104377	2006	4843.828004097799	33115.998561887965	810	804	1391
SKNSH_skew	(-Inf,-1.5)	pELS	HepG2	1656	1656	448.993	439.914543	1656	4125.016006134219	28175.323288853364	694	702	1142
SKNSH_skew	(-Inf,-1.5)	pELS	K562	2392	2392	825.316	1054.163816	2392	5214.03800639906	36404.76928699464	884	920	1559
SKNSH_skew	(-Inf,-1.5)	pELS	MCF-7	1724	1724	471.334	471.84473	1722	4562.432005914162	31534.724545601268	762	731	1167
SKNSH_skew	(-Inf,-1.5)	pELS	SK-N-SH	1525	1525	352.746	254.844034	1525	4716.632002003724	31766.351825906277	764	632	1048
SKNSH_skew	[-0.05,0.05)	Inactive cCRE	H1	62500642	62467235	14356237.820999978	18011559.722723074	62372121	3110694.705248239	125305841.11308603	2790697	4217370	4705042
SKNSH_skew	[-0.05,0.05)	Inactive cCRE	HCT116	62062461	62029761	14279673.652999979	17925170.193467073	61934429	3219374.242117565	125619648.8866902	2805283	4133475	4618474
SKNSH_skew	[-0.05,0.05)	Inactive cCRE	HepG2	62065699	62032332	14263635.98999998	17890651.829752073	61936967	3144216.822277146	125329713.6936805	2794434	4124801	4686639
SKNSH_skew	[-0.05,0.05)	Inactive cCRE	K562	61009664	60976590	14054356.81299998	17704505.998045072	60882472	3190130.015147709	123402925.30727951	2760701	3871668	4473995
SKNSH_skew	[-0.05,0.05)	Inactive cCRE	MCF-7	62217619	62184612	14222860.60199998	17782368.505476072	62087620	3370079.7000588463	125627495.75522605	2806814	4108348	4707439
SKNSH_skew	[-0.05,0.05)	Inactive cCRE	SK-N-SH	61860816	61828006	14145117.254999978	17741640.78666507	61731220	2874418.7856595237	122174670.28078519	2698757	3972604	4579239
SKNSH_skew	[-0.05,0.05)	Other cCREs	H1	1670890	1670517	343243.996	336511.553886	1668268	91607.85375751821	5368697.652317664	110576	260719	441286
SKNSH_skew	[-0.05,0.05)	Other cCREs	HCT116	1377758	1377210	268859.732	262368.494256	1375090	3905.43892812289	3203668.018038579	64787	164467	333591
SKNSH_skew	[-0.05,0.05)	Other cCREs	HepG2	1419057	1418699	291262.834	297261.138498	1417134	14191.020829302292	3693956.396506397	71992	200529	332883
SKNSH_skew	[-0.05,0.05)	Other cCREs	K562	1902097	1901637	402321.058	420705.1234	1899494	-9207.698054391745	4421515.040851164	87097	267794	417644
SKNSH_skew	[-0.05,0.05)	Other cCREs	MCF-7	1531085	1530413	376408.393	457464.236575	1530086	-170405.5810549202	3980095.7231133846	68792	220801	299616
SKNSH_skew	[-0.05,0.05)	Other cCREs	SK-N-SH	2092455	2091544	518333.436	596017.047954	2090968	203667.0884726786	7251206.194219446	167019	395722	462002
SKNSH_skew	[-0.05,0.05)	PLS	H1	311869	311780	49196.194	18893.521338	311742	72663.27900620984	1835155.8672246032	41564	128610	155188
SKNSH_skew	[-0.05,0.05)	PLS	HCT116	289983	289885	46372.137	19063.339973	289915	51878.58200980712	1643065.45368026	36220	124158	145595
SKNSH_skew	[-0.05,0.05)	PLS	HepG2	270061	269985	43168.39	18659.69839	269934	40470.01801157789	1580150.4899883668	33288	116712	133486
SKNSH_skew	[-0.05,0.05)	PLS	K562	306851	306757	49404.075	20752.557899	306698	53514.20697410428	1668049.4865451972	36935	130786	149946
SKNSH_skew	[-0.05,0.05)	PLS	MCF-7	312797	312688	50894.042	20936.740992	312670	75021.78402076114	1720990.8359872424	40911	132216	157174
SKNSH_skew	[-0.05,0.05)	PLS	SK-N-SH	351378	351243	56813.346	22456.115994	351191	101007.83399723866	1995448.2359682058	47930	145122	171560
SKNSH_skew	[-0.05,0.05)	dELS	H1	279535	279510	60064.909	63602.202777	279386	70994.62393523731	1125601.6578364382	26259	44991	79614
SKNSH_skew	[-0.05,0.05)	dELS	HCT116	775164	774819	171758.831	196289.098501	774537	51232.33989961538	2392039.3563013044	47134	127310	206063
SKNSH_skew	[-0.05,0.05)	dELS	HepG2	808142	808076	176004.824	197017.0035	807717	121669.9388619662	2464009.9702955578	56672	134144	178371
SKNSH_skew	[-0.05,0.05)	dELS	K562	896516	896428	196479.394	217752.586966	895803	38787.09791350115	2517735.8940281863	47021	140023	186565
SKNSH_skew	[-0.05,0.05)	dELS	MCF-7	486933	486886	120282.598	145480.682304	486570	24353.8449469821	1695841.471840663	34891	98447	140472
SKNSH_skew	[-0.05,0.05)	dELS	SK-N-SH	268710	268705	60219.938	61547.815308	268536	93615.00884041486	1467250.6321418951	33794	52907	91238
SKNSH_skew	[-0.05,0.05)	non-cCRE	H1	273884378	273753758	59538225.78699942	73169139.36130258	270813641	-24663957.176988162	302122585.7116434	3839602	5827622	917578
SKNSH_skew	[-0.05,0.05)	non-cCRE	HCT116	273884378	273753758	59538225.78699942	73169139.36130258	270813641	-24663957.176988162	302122585.7116434	3839602	5827622	917578
SKNSH_skew	[-0.05,0.05)	non-cCRE	HepG2	273884378	273753758	59538225.78699942	73169139.36130258	270813641	-24663957.176988162	302122585.7116434	3839602	5827622	917578
SKNSH_skew	[-0.05,0.05)	non-cCRE	K562	273884378	273753758	59538225.78699942	73169139.36130258	270813641	-24663957.176988162	302122585.7116434	3839602	5827622	917578
SKNSH_skew	[-0.05,0.05)	non-cCRE	MCF-7	273884378	273753758	59538225.78699942	73169139.36130258	270813641	-24663957.176988162	302122585.7116434	3839602	5827622	917578
SKNSH_skew	[-0.05,0.05)	non-cCRE	SK-N-SH	273884378	273753758	59538225.78699942	73169139.36130258	270813641	-24663957.176988162	302122585.7116434	3839602	5827622	917578
SKNSH_skew	[-0.05,0.05)	pELS	H1	240124	240066	36973.156	17100.934386	240054	62233.73903240254	1101512.7847163237	25550	95057	97034
SKNSH_skew	[-0.05,0.05)	pELS	HCT116	497694	497433	79051.723	44776.808913	497600	81803.59802449809	1878387.360470722	41222	197337	174441
SKNSH_skew	[-0.05,0.05)	pELS	HepG2	440101	440016	71644.038	44078.264970000004	439819	87646.40099961548	1668978.524710188	38260	170561	146785
SKNSH_skew	[-0.05,0.05)	pELS	K562	887932	887696	143154.736	83951.6688	887104	134970.57899868666	2726583.3464769693	62892	336476	250014
SKNSH_skew	[-0.05,0.05)	pELS	MCF-7	454626	454509	75270.441	41417.769763	454625	109144.45300793972	1712385.2890136312	43238	186935	173463
SKNSH_skew	[-0.05,0.05)	pELS	SK-N-SH	429701	429610	65232.101	26006.169189	429656	135485.4840097528	1848233.7320662334	47146	180392	174125
SKNSH_skew	[-0.2,-0.05)	Inactive cCRE	H1	19638161	19627550	10489087.809999997	19910665.43035201	19583520	-1422896.2212830505	45991579.20719604	868976	1601904	2277264
SKNSH_skew	[-0.2,-0.05)	Inactive cCRE	HCT116	19578232	19567779	10463889.416999998	19844962.18477501	19523858	-1380580.648263223	46391764.33494661	880503	1586974	2256036
SKNSH_skew	[-0.2,-0.05)	Inactive cCRE	HepG2	19626375	19615695	10437138.666999996	19779343.630139012	19571238	-1358871.9782715729	46442174.78011558	883516	1588684	2308141
SKNSH_skew	[-0.2,-0.05)	Inactive cCRE	K562	19106333	19095740	10250979.007999998	19528343.843804013	19051978	-1358091.1293541894	45185889.65641087	857392	1464607	2156523
SKNSH_skew	[-0.2,-0.05)	Inactive cCRE	MCF-7	19518962	19508393	10362022.205999997	19648904.792500008	19463230	-1283116.5072462596	45994562.62357334	875485	1548804	2279756
SKNSH_skew	[-0.2,-0.05)	Inactive cCRE	SK-N-SH	19275638	19265132	10278524.311999997	19575932.623470012	19220015	-1506413.1070810377	44115216.076142445	819939	1470470	2194780
SKNSH_skew	[-0.2,-0.05)	Other cCREs	H1	835026	834737	316873.677	461632.520727	833272	33922.69192189212	2974899.653834769	63283	144333	293194
SKNSH_skew	[-0.2,-0.05)	Other cCREs	HCT116	587871	587558	219622.703	333749.355355	586040	6012.8919276716015	1746265.0426577749	36209	77049	200659
SKNSH_skew	[-0.2,-0.05)	Other cCREs	HepG2	613353	613141	251774.122	390678.399038	612212	-6672.832012989316	1946719.981626151	38562	97934	203638
SKNSH_skew	[-0.2,-0.05)	Other cCREs	K562	856364	856140	360723.545	560733.761519	854994	-30562.56701959682	2485372.7760059605	49034	134776	265251
SKNSH_skew	[-0.2,-0.05)	Other cCREs	MCF-7	725146	724840	348800.119	581898.762829	724599	-116616.03404812809	2289895.69396784	39372	116602	196554
SKNSH_skew	[-0.2,-0.05)	Other cCREs	SK-N-SH	1068568	1068174	500366.348	787355.468798	1067813	21071.20880923201	4087785.321934484	88568	215669	305855
SKNSH_skew	[-0.2,-0.05)	PLS	H1	227280	227218	41596.906	18969.420248	227183	117499.91298878402	1481143.163937288	38968	94591	124593
SKNSH_skew	[-0.2,-0.05)	PLS	HCT116	210547	210485	39404.405	19673.258667	210490	98339.97498667812	1324366.2568136032	34558	90154	116263
SKNSH_skew	[-0.2,-0.05)	PLS	HepG2	195496	195447	37512.087	20888.325831	195399	83930.0099555137	1246639.0571195025	31493	84600	107070
SKNSH_skew	[-0.2,-0.05)	PLS	K562	219085	219025	41830.78	21949.944162	218983	98632.2679801677	1332595.8260120838	34948	93515	119179
SKNSH_skew	[-0.2,-0.05)	PLS	MCF-7	228426	228364	43213.062	21372.479584	228329	119319.23999588883	1420541.305575867	38874	96511	126067
SKNSH_skew	[-0.2,-0.05)	PLS	SK-N-SH	253254	253177	47511.351	22179.615327	253132	143863.59398544423	1609137.8602526004	44356	105084	137189
SKNSH_skew	[-0.2,-0.05)	dELS	H1	144363	144340	59079.116	89900.908518	144255	33800.33099146524	654321.8984603918	15141	26515	54944
SKNSH_skew	[-0.2,-0.05)	dELS	HCT116	354258	354125	153995.467	251626.594991	353924	19697.839973222708	1247695.590603656	25979	65521	131126
SKNSH_skew	[-0.2,-0.05)	dELS	HepG2	328578	328546	154617.311	257662.415765	328426	32402.06099016043	1213271.5700609589	26712	62475	103967
SKNSH_skew	[-0.2,-0.05)	dELS	K562	398259	398177	182299.021	297869.745473	397878	1270.7970070273059	1296278.7444859599	24653	70790	120806
SKNSH_skew	[-0.2,-0.05)	dELS	MCF-7	257014	256977	122627.226	200346.679592	256753	4560.640927509636	1006256.5602073999	20642	55791	97073
SKNSH_skew	[-0.2,-0.05)	dELS	SK-N-SH	147348	147340	61591.399	88129.968795	147230	46221.03992921534	844914.7253495022	19449	31704	63592
SKNSH_skew	[-0.2,-0.05)	non-cCRE	H1	53541340	53504032	27722423.72999999	55450851.77569992	52789122	-9423160.390443616	74187208.31979115	819597	1506152	394688
SKNSH_skew	[-0.2,-0.05)	non-cCRE	HCT116	53541340	53504032	27722423.72999999	55450851.77569992	52789122	-9423160.390443616	74187208.31979115	819597	1506152	394688
SKNSH_skew	[-0.2,-0.05)	non-cCRE	HepG2	53541340	53504032	27722423.72999999	55450851.77569992	52789122	-9423160.390443616	74187208.31979115	819597	1506152	394688
SKNSH_skew	[-0.2,-0.05)	non-cCRE	K562	53541340	53504032	27722423.72999999	55450851.77569992	52789122	-9423160.390443616	74187208.31979115	819597	1506152	394688
SKNSH_skew	[-0.2,-0.05)	non-cCRE	MCF-7	53541340	53504032	27722423.72999999	55450851.77569992	52789122	-9423160.390443616	74187208.31979115	819597	1506152	394688
SKNSH_skew	[-0.2,-0.05)	non-cCRE	SK-N-SH	53541340	53504032	27722423.72999999	55450851.77569992	52789122	-9423160.390443616	74187208.31979115	819597	1506152	394688
SKNSH_skew	[-0.2,-0.05)	pELS	H1	140246	140215	29199.853	20335.330433	140207	67428.97204501614	725980.951655158	19365	56393	68148
SKNSH_skew	[-0.2,-0.05)	pELS	HCT116	254168	254113	58925.37	51492.21649	254125	86285.62803975858	1117833.6500620164	28484	104038	114059
SKNSH_skew	[-0.2,-0.05)	pELS	HepG2	221274	221231	54795.174999999996	52930.839504999996	221162	78968.4260029964	979119.4861614686	25450	90043	95327
SKNSH_skew	[-0.2,-0.05)	pELS	K562	405035	404978	100005.008	92606.31532	404604	118506.31805069887	1527787.8721687782	39706	160048	156384
SKNSH_skew	[-0.2,-0.05)	pELS	MCF-7	255528	255486	59174.749	48980.895773000004	255526	105608.34703509645	1116668.69175924	31360	106028	118693
SKNSH_skew	[-0.2,-0.05)	pELS	SK-N-SH	240268	240237	47843.952	27905.933888	240247	125012.95102125242	1170870.8914046038	33421	100809	116727
SKNSH_skew	[-0.5,-0.2)	Inactive cCRE	H1	3750613	3748238	2094478.422	3986900.833248	3738477	-334944.4459102208	9516757.177660262	177300	345823	679732
SKNSH_skew	[-0.5,-0.2)	Inactive cCRE	HCT116	3731687	3729344	2082546.947	3958024.949785	3719637	-338193.7008375615	9507257.53907076	177133	343181	668887
SKNSH_skew	[-0.5,-0.2)	Inactive cCRE	HepG2	3779410	3776963	2090635.641	3965739.360187	3766935	-306266.37686517276	9730646.59403177	183916	349011	700067
SKNSH_skew	[-0.5,-0.2)	Inactive cCRE	K562	3625836	3623427	2032328.2349999999	3883415.521215	3613571	-331995.4739341306	9221433.566997651	171388	314021	638192
SKNSH_skew	[-0.5,-0.2)	Inactive cCRE	MCF-7	3733433	3731006	2069531.023	3932914.357173	3720740	-308113.52990318945	9524287.649442114	178124	334202	686121
SKNSH_skew	[-0.5,-0.2)	Inactive cCRE	SK-N-SH	3687981	3685558	2060553.9139999999	3936076.039872	3675313	-387620.5628874527	9012108.363622041	162517	316727	667519
SKNSH_skew	[-0.5,-0.2)	Other cCREs	H1	237664	237512	86329.995	121859.278185	236891	72465.90291815846	1101344.574722492	27074	43892	114963
SKNSH_skew	[-0.5,-0.2)	Other cCREs	HCT116	168262	168117	61618.163	91971.869067	167459	65370.41489358732	818545.5808055075	20115	22580	83287
SKNSH_skew	[-0.5,-0.2)	Other cCREs	HepG2	165582	165509	65763.987	99583.514817	165165	55687.11791616319	801981.0752169174	19454	28414	79948
SKNSH_skew	[-0.5,-0.2)	Other cCREs	K562	240285	240209	100076.731	153339.977447	239812	56642.946946213386	1016111.4561335726	24073	39798	107562
SKNSH_skew	[-0.5,-0.2)	Other cCREs	MCF-7	190669	190582	85354.683	137212.632175	190489	24126.50994974423	824692.8807856818	18203	32558	76364
SKNSH_skew	[-0.5,-0.2)	Other cCREs	SK-N-SH	267691	267590	114013.767	171262.600503	267452	78595.89995032556	1307745.1889293054	32273	57123	106972
SKNSH_skew	[-0.5,-0.2)	PLS	H1	94710	94689	16442.777	6856.192597	94661	114518.47901188096	872815.3730392487	25505	40233	56795
SKNSH_skew	[-0.5,-0.2)	PLS	HCT116	88506	88482	15691.15	7204.02237	88480	102577.25301669791	790400.45697972	23286	38247	53327
SKNSH_skew	[-0.5,-0.2)	PLS	HepG2	82434	82417	14846.765	7337.587331	82385	92637.58100511982	737356.8871105614	21350	35988	49310
SKNSH_skew	[-0.5,-0.2)	PLS	K562	90585	90566	16337.116	7895.421182	90549	102035.75601311949	790173.9222113516	23218	38963	54191
SKNSH_skew	[-0.5,-0.2)	PLS	MCF-7	94528	94509	16702.879	7350.305861	94479	114502.1330024884	852291.8722528109	25484	40393	56987
SKNSH_skew	[-0.5,-0.2)	PLS	SK-N-SH	102957	102932	18091.589	7572.737367	102905	128072.30701683438	939642.0668511054	28091	43341	61435
SKNSH_skew	[-0.5,-0.2)	dELS	H1	41903	41895	15958.333	23198.306125	41860	18927.993009867958	222535.3819325612	5655	8024	21038
SKNSH_skew	[-0.5,-0.2)	dELS	HCT116	105275	105240	45128.947	72976.467065	105159	26059.82495367761	443094.36349342664	10885	20488	50786
SKNSH_skew	[-0.5,-0.2)	dELS	HepG2	78671	78661	36201.601	59109.408063	78642	21475.66097383713	358042.2605643038	8617	16165	34476
SKNSH_skew	[-0.5,-0.2)	dELS	K562	106513	106477	47967.726	77358.520694	106405	15197.900000959979	413853.26489604975	9136	20504	45079
SKNSH_skew	[-0.5,-0.2)	dELS	MCF-7	74417	74397	33613.731999999996	53732.439512	74338	17637.83997968412	351548.5973728821	8413	16880	36271
SKNSH_skew	[-0.5,-0.2)	dELS	SK-N-SH	41484	41478	16186.559	22255.077963	41441	26287.73596529467	284015.0862664401	7269	9580	22248
SKNSH_skew	[-0.5,-0.2)	non-cCRE	H1	6578404	6566660	4330229.148	8756771.892154003	6487333	-2003378.0764236501	10194804.959266283	79541	241083	91853
SKNSH_skew	[-0.5,-0.2)	non-cCRE	HCT116	6578404	6566660	4330229.148	8756771.892154003	6487333	-2003378.0764236501	10194804.959266283	79541	241083	91853
SKNSH_skew	[-0.5,-0.2)	non-cCRE	HepG2	6578404	6566660	4330229.148	8756771.892154003	6487333	-2003378.0764236501	10194804.959266283	79541	241083	91853
SKNSH_skew	[-0.5,-0.2)	non-cCRE	K562	6578404	6566660	4330229.148	8756771.892154003	6487333	-2003378.0764236501	10194804.959266283	79541	241083	91853
SKNSH_skew	[-0.5,-0.2)	non-cCRE	MCF-7	6578404	6566660	4330229.148	8756771.892154003	6487333	-2003378.0764236501	10194804.959266283	79541	241083	91853
SKNSH_skew	[-0.5,-0.2)	non-cCRE	SK-N-SH	6578404	6566660	4330229.148	8756771.892154003	6487333	-2003378.0764236501	10194804.959266283	79541	241083	91853
SKNSH_skew	[-0.5,-0.2)	pELS	H1	46057	46052	9127.267	5797.552813	46055	44705.582007144236	331841.8940329029	9789	18670	26198
SKNSH_skew	[-0.5,-0.2)	pELS	HCT116	77217	77203	17351.587	14434.854681	77209	59859.71901042936	485996.4610380556	13904	32146	42439
SKNSH_skew	[-0.5,-0.2)	pELS	HepG2	64850	64836	14888.8	12842.29257	64817	52139.528006883236	417267.5844639162	11986	27064	34925
SKNSH_skew	[-0.5,-0.2)	pELS	K562	107728	107707	25626.986	22602.72243	107607	73792.38201066827	603722.1911488441	17508	43356	53702
SKNSH_skew	[-0.5,-0.2)	pELS	MCF-7	77900	77892	17134.477	13402.428247	77898	67520.55800810353	492473.40153398056	15099	32609	42983
SKNSH_skew	[-0.5,-0.2)	pELS	SK-N-SH	70834	70828	13490.965	7445.707263	70833	70338.13099182899	501783.69571857416	15173	29871	40552
SKNSH_skew	[-1.0,-0.5)	Inactive cCRE	H1	964270	963887	620084.687	1225191.543529	961317	-84524.05904049228	2745472.1019928115	50821	91363	235731
SKNSH_skew	[-1.0,-0.5)	Inactive cCRE	HCT116	950238	949861	615006.404	1214584.79749	947287	-94417.81598296578	2688657.861418365	49081	89652	226846
SKNSH_skew	[-1.0,-0.5)	Inactive cCRE	HepG2	972309	971913	618540.475	1217758.374597	969247	-74044.78000414468	2818214.8851661375	53046	92168	240622
SKNSH_skew	[-1.0,-0.5)	Inactive cCRE	K562	922148	921773	596217.834	1183309.411136	919228	-90196.21399098136	2596871.0019044993	47627	81859	217618
SKNSH_skew	[-1.0,-0.5)	Inactive cCRE	MCF-7	961489	961118	612204.748	1206967.160166	958419	-74174.05302682183	2748679.4280647887	51259	88709	238085
SKNSH_skew	[-1.0,-0.5)	Inactive cCRE	SK-N-SH	955519	955137	612258.232	1212171.539362	952421	-100130.02801057872	2602116.164419524	46940	84667	236398
SKNSH_skew	[-1.0,-0.5)	Other cCREs	H1	73044	73019	29002.859	42201.227129	72839	46467.22800458943	484748.71484973555	12033	13443	41928
SKNSH_skew	[-1.0,-0.5)	Other cCREs	HCT116	55352	55326	20974.025	31423.344141	55160	43997.74497696338	405723.59188734594	9849	7270	32933
SKNSH_skew	[-1.0,-0.5)	Other cCREs	HepG2	52708	52696	22540.797	34863.568729	52627	40675.97297720449	393535.4797586085	9540	9018	31295
SKNSH_skew	[-1.0,-0.5)	Other cCREs	K562	78715	78687	36428.348	57988.803878	78548	44035.30096921419	498514.5388415481	11752	12843	42381
SKNSH_skew	[-1.0,-0.5)	Other cCREs	MCF-7	56604	56579	28105.858	46409.708082	56532	25841.143018719853	369450.22527461505	8286	9508	28289
SKNSH_skew	[-1.0,-0.5)	Other cCREs	SK-N-SH	74389	74367	35633.498	55510.949988	74323	43626.18001305112	512307.7164142328	12478	16162	36142
SKNSH_skew	[-1.0,-0.5)	PLS	H1	33777	33775	5741.416	2292.507134	33755	74463.00699976762	487496.0825958108	13881	14659	21928
SKNSH_skew	[-1.0,-0.5)	PLS	HCT116	32007	32005	5641.758	2703.729056	31998	68600.41700514698	449230.91339597135	12926	14121	20873
SKNSH_skew	[-1.0,-0.5)	PLS	HepG2	30161	30160	5459.354	2862.67223	30139	63832.120006658355	421445.59810389753	12029	13391	19649
SKNSH_skew	[-1.0,-0.5)	PLS	K562	32518	32517	5866.67	3052.830218	32507	68195.05000882431	447044.78028796526	12856	14261	21118
SKNSH_skew	[-1.0,-0.5)	PLS	MCF-7	33352	33351	5781.573	2555.128517	33330	73149.0159864051	474813.77403609117	13704	14665	21716
SKNSH_skew	[-1.0,-0.5)	PLS	SK-N-SH	35502	35497	6092.968	2478.53464	35480	78708.76398528008	510503.93105195084	14686	15450	22928
SKNSH_skew	[-1.0,-0.5)	dELS	H1	12848	12847	5472.252	8317.646836	12837	8837.636984874141	86198.62723854865	2212	2490	7232
SKNSH_skew	[-1.0,-0.5)	dELS	HCT116	37110	37106	16061.261	26263.627031	37071	19415.976970500433	199728.3590814379	5379	7093	20728
SKNSH_skew	[-1.0,-0.5)	dELS	HepG2	23397	23396	11930.184	20170.28588	23391	11324.810984933985	139587.98382253858	3452	4972	12216
SKNSH_skew	[-1.0,-0.5)	dELS	K562	34410	34406	16883.22	28142.725266	34367	10765.54297969024	162931.78141116299	3923	6546	17368
SKNSH_skew	[-1.0,-0.5)	dELS	MCF-7	24102	24089	12053.822	19916.203922	24074	11168.049973280871	147817.90917549786	3726	5401	13642
SKNSH_skew	[-1.0,-0.5)	dELS	SK-N-SH	12625	12624	5304.778	7513.652206	12618	13049.96296983538	116947.2250361029	2939	2914	7601
SKNSH_skew	[-1.0,-0.5)	non-cCRE	H1	1222286	1220503	965227.591	2052359.711795	1207474	-442305.6943390965	2052872.5778958562	13744	51829	24614
SKNSH_skew	[-1.0,-0.5)	non-cCRE	HCT116	1222286	1220503	965227.591	2052359.711795	1207474	-442305.6943390965	2052872.5778958562	13744	51829	24614
SKNSH_skew	[-1.0,-0.5)	non-cCRE	HepG2	1222286	1220503	965227.591	2052359.711795	1207474	-442305.6943390965	2052872.5778958562	13744	51829	24614
SKNSH_skew	[-1.0,-0.5)	non-cCRE	K562	1222286	1220503	965227.591	2052359.711795	1207474	-442305.6943390965	2052872.5778958562	13744	51829	24614
SKNSH_skew	[-1.0,-0.5)	non-cCRE	MCF-7	1222286	1220503	965227.591	2052359.711795	1207474	-442305.6943390965	2052872.5778958562	13744	51829	24614
SKNSH_skew	[-1.0,-0.5)	non-cCRE	SK-N-SH	1222286	1220503	965227.591	2052359.711795	1207474	-442305.6943390965	2052872.5778958562	13744	51829	24614
SKNSH_skew	[-1.0,-0.5)	pELS	H1	14067	14067	2925.159	2047.098891	14065	21499.257009741148	148667.81259634296	4188	5955	8603
SKNSH_skew	[-1.0,-0.5)	pELS	HCT116	23299	23297	5542.925	5074.525801	23297	29146.74698883505	209242.61349013014	5900	9774	14042
SKNSH_skew	[-1.0,-0.5)	pELS	HepG2	19431	19430	4755.563	4395.122083	19409	24954.945993827878	179799.39242206587	5068	8361	11640
SKNSH_skew	[-1.0,-0.5)	pELS	K562	30215	30212	7830.301	7556.253021	30163	33943.38999173266	247221.23682807505	6977	12401	16937
SKNSH_skew	[-1.0,-0.5)	pELS	MCF-7	22459	22458	5080.372	4201.822832	22458	30758.914006896084	211822.00272225868	6160	9627	13690
SKNSH_skew	[-1.0,-0.5)	pELS	SK-N-SH	19971	19970	3936.897	2375.347323	19971	31488.191000892188	210708.30235144062	6092	8717	12353
SKNSH_skew	[-1.5,-1.0)	Inactive cCRE	H1	199535	199469	139372.59100000001	286789.989527	198844	-12581.331981065807	592336.4089940933	11318	19065	60045
SKNSH_skew	[-1.5,-1.0)	Inactive cCRE	HCT116	193789	193726	137209.029	282818.610241	193084	-15056.49497988146	578698.3390020807	10726	18343	56206
SKNSH_skew	[-1.5,-1.0)	Inactive cCRE	HepG2	200398	200334	138615.864	284592.284482	199692	-8625.822990744027	618715.1100741342	12006	19155	60433
SKNSH_skew	[-1.5,-1.0)	Inactive cCRE	K562	187601	187541	131686.93	272484.60551	186931	-13313.85298006412	555874.3374340248	10535	16833	53988
SKNSH_skew	[-1.5,-1.0)	Inactive cCRE	MCF-7	199480	199420	137955.602	283452.330392	198769	-9610.45898426056	597493.071258085	11558	18698	60558
SKNSH_skew	[-1.5,-1.0)	Inactive cCRE	SK-N-SH	199329	199266	138157.826	284779.282356	198606	-15112.993972586473	568135.7769556962	10717	18091	60841
SKNSH_skew	[-1.5,-1.0)	Other cCREs	H1	13928	13928	6168.432	9945.03545	13895	8468.142005031115	86118.02546388477	2231	2678	8020
SKNSH_skew	[-1.5,-1.0)	Other cCREs	HCT116	10845	10842	4538.92	7515.422342	10828	4891.795004476792	50168.00605298329	1339	1388	6347
SKNSH_skew	[-1.5,-1.0)	Other cCREs	HepG2	10154	10151	5014.012	8620.459142	10134	5016.852014909499	55481.0000595038	1400	1744	5950
SKNSH_skew	[-1.5,-1.0)	Other cCREs	K562	16448	16441	9027.104	15948.822572000001	16414	5455.864000049188	78160.50530884277	1910	2569	8813
SKNSH_skew	[-1.5,-1.0)	Other cCREs	MCF-7	9826	9824	5552.144	9873.348526	9814	2056.2330015648613	49825.22368814035	1099	1716	4897
SKNSH_skew	[-1.5,-1.0)	Other cCREs	SK-N-SH	12629	12626	6995.022	11783.548388	12623	6273.108007184695	80214.34500023218	1956	2832	6124
SKNSH_skew	[-1.5,-1.0)	PLS	H1	9613	9612	1697.798	721.228324	9609	29334.646995140938	189596.6888509371	5100	4394	6704
SKNSH_skew	[-1.5,-1.0)	PLS	HCT116	9325	9325	1724.403	874.730181	9322	27973.6070015825	179143.7797432586	4899	4263	6478
SKNSH_skew	[-1.5,-1.0)	PLS	HepG2	8920	8920	1699.86	962.496134	8916	26733.642002843557	172347.16981827695	4677	4126	6214
SKNSH_skew	[-1.5,-1.0)	PLS	K562	9516	9516	1822.228	1067.995244	9512	27833.28800143058	178930.44821695666	4872	4310	6594
SKNSH_skew	[-1.5,-1.0)	PLS	MCF-7	9477	9477	1736.025	861.306893	9473	28929.62999990047	185588.33611394628	5042	4329	6588
SKNSH_skew	[-1.5,-1.0)	PLS	SK-N-SH	9987	9986	1795.903	808.150539	9983	30511.762995258192	195866.35274719726	5312	4536	6927
SKNSH_skew	[-1.5,-1.0)	dELS	H1	2879	2879	1275.63	2034.246236	2874	2738.5629999761004	21916.02890367194	603	543	1741
SKNSH_skew	[-1.5,-1.0)	dELS	HCT116	9830	9829	4360.512	7389.974584	9821	7445.824997014251	62699.52889771108	1752	1810	6116
SKNSH_skew	[-1.5,-1.0)	dELS	HepG2	5358	5358	2773.136	4770.690138	5358	3762.0759962745938	33931.93939829818	927	1119	3229
SKNSH_skew	[-1.5,-1.0)	dELS	K562	9130	9130	4768.468	8353.507828	9115	4347.113998862565	49831.44856679393	1196	1696	5291
SKNSH_skew	[-1.5,-1.0)	dELS	MCF-7	5502	5497	2753.795	4694.519233	5497	3867.7830017667748	38458.8997976444	1025	1207	3444
SKNSH_skew	[-1.5,-1.0)	dELS	SK-N-SH	2948	2948	1348.607	1988.341481	2947	3564.891993565486	28092.793987418332	774	708	1891
SKNSH_skew	[-1.5,-1.0)	non-cCRE	H1	231877	231750	209694.167	465601.516569	229539	-84996.34983586486	380575.59789972333	2310	10435	5084
SKNSH_skew	[-1.5,-1.0)	non-cCRE	HCT116	231877	231750	209694.167	465601.516569	229539	-84996.34983586486	380575.59789972333	2310	10435	5084
SKNSH_skew	[-1.5,-1.0)	non-cCRE	HepG2	231877	231750	209694.167	465601.516569	229539	-84996.34983586486	380575.59789972333	2310	10435	5084
SKNSH_skew	[-1.5,-1.0)	non-cCRE	K562	231877	231750	209694.167	465601.516569	229539	-84996.34983586486	380575.59789972333	2310	10435	5084
SKNSH_skew	[-1.5,-1.0)	non-cCRE	MCF-7	231877	231750	209694.167	465601.516569	229539	-84996.34983586486	380575.59789972333	2310	10435	5084
SKNSH_skew	[-1.5,-1.0)	non-cCRE	SK-N-SH	231877	231750	209694.167	465601.516569	229539	-84996.34983586486	380575.59789972333	2310	10435	5084
SKNSH_skew	[-1.5,-1.0)	pELS	H1	3273	3273	710.844	535.03763	3272	7096.6780037552835	47003.15920920083	1259	1413	2163
SKNSH_skew	[-1.5,-1.0)	pELS	HCT116	5439	5439	1392.431	1426.799819	5439	9801.965999645534	66260.65772575403	1795	2289	3526
SKNSH_skew	[-1.5,-1.0)	pELS	HepG2	4398	4398	1122.423	1079.607271	4394	8169.950999554015	56495.092071575156	1501	1949	2847
SKNSH_skew	[-1.5,-1.0)	pELS	K562	6533	6533	1920.565	2170.606013	6522	10734.285002559425	74173.5718951699	1998	2685	3987
SKNSH_skew	[-1.5,-1.0)	pELS	MCF-7	4943	4943	1227.729	1144.032123	4941	9813.511003866099	65604.78056397184	1787	2143	3186
SKNSH_skew	[-1.5,-1.0)	pELS	SK-N-SH	4335	4335	927.937	666.214403	4335	9819.928999415715	64661.04273124387	1752	1926	2890
SKNSH_skew	[0.05,0.2)	Inactive cCRE	H1	18915462	18906400	3271848.530999997	2546702.969321002	18871401	-1274062.8215153716	41492030.63193543	772749	1420595	1754203
SKNSH_skew	[0.05,0.2)	Inactive cCRE	HCT116	18791560	18782662	3250743.287999997	2528232.426046002	18747725	-1207547.5395568835	41695220.440705426	781496	1396833	1720519
SKNSH_skew	[0.05,0.2)	Inactive cCRE	HepG2	18841133	18832016	3259724.499999997	2536965.986380002	18796937	-1220919.7295178405	41703914.49375411	781426	1399308	1764910
SKNSH_skew	[0.05,0.2)	Inactive cCRE	K562	18391853	18382848	3185806.344999997	2489046.828575002	18348352	-1193907.0865704895	40693186.542131945	762437	1292360	1657391
SKNSH_skew	[0.05,0.2)	Inactive cCRE	MCF-7	18826293	18817315	3245825.499999997	2510907.398632002	18781672	-1171012.351506152	41534325.68152953	778057	1378175	1756423
SKNSH_skew	[0.05,0.2)	Inactive cCRE	SK-N-SH	18670136	18661230	3218266.214999997	2498119.107381002	18625563	-1369057.991311902	40157826.0841885	734536	1319120	1699708
SKNSH_skew	[0.05,0.2)	Other cCREs	H1	706415	706224	113677.683	70724.628113	705309	-23465.84504803724	2353459.0442595324	46114	117185	208668
SKNSH_skew	[0.05,0.2)	Other cCREs	HCT116	544978	544753	86600.561	54122.895057	543820	-58452.0769556933	1422665.6581951717	25374	67967	153633
SKNSH_skew	[0.05,0.2)	Other cCREs	HepG2	553742	553604	88698.242	55631.922654	552945	-53063.0729978265	1584811.2006774857	28047	84054	151183
SKNSH_skew	[0.05,0.2)	Other cCREs	K562	760958	760755	125367.533	83913.789481	759834	-77269.19698114427	1995410.7811143496	35427	113893	193206
SKNSH_skew	[0.05,0.2)	Other cCREs	MCF-7	611991	611758	107259.342	83238.759346	611549	-122276.10604144566	1777316.7443713336	28370	94729	140834
SKNSH_skew	[0.05,0.2)	Other cCREs	SK-N-SH	851731	851405	151697.661	113908.281407	851149	12990.347828618473	3106449.688209429	67115	169793	212488
SKNSH_skew	[0.05,0.2)	PLS	H1	176282	176225	25389.643	7831.4044810000005	176201	52983.27497179539	1120564.012405003	26504	73596	89540
SKNSH_skew	[0.05,0.2)	PLS	HCT116	163486	163429	23687.503	7607.995148999999	163443	40484.655957644325	1007797.5840574753	23260	70358	83675
SKNSH_skew	[0.05,0.2)	PLS	HepG2	152194	152152	21886.462	7041.140336	152113	32119.063966701873	954289.5430631066	21136	66302	77192
SKNSH_skew	[0.05,0.2)	PLS	K562	171266	171216	25020.054	8281.067844	171188	40560.84694594306	1020991.2155512986	23581	73471	86127
SKNSH_skew	[0.05,0.2)	PLS	MCF-7	176403	176344	25893.623	8394.352055	176322	54517.94996663125	1074175.8605013525	26281	75009	90263
SKNSH_skew	[0.05,0.2)	PLS	SK-N-SH	195726	195650	28731.829999999998	9139.174338	195631	69999.34095816615	1204510.370884562	30096	81711	98339
SKNSH_skew	[0.05,0.2)	dELS	H1	117443	117428	19338.129	12876.967973	117375	20781.10699097509	475253.24467453343	10959	20419	37309
SKNSH_skew	[0.05,0.2)	dELS	HCT116	313275	313178	54352.55	41577.869016	313013	-2319.631023696968	985422.3624723167	19347	54797	96303
SKNSH_skew	[0.05,0.2)	dELS	HepG2	293996	293983	48927.23	33276.898736	293835	14895.611967692254	966331.9471730744	20799	52510	75153
SKNSH_skew	[0.05,0.2)	dELS	K562	349237	349191	59073.848	42389.573734	348938	-13205.525998756644	1017248.1348089759	18585	58753	85733
SKNSH_skew	[0.05,0.2)	dELS	MCF-7	207076	207043	37096.779	29619.147845	206879	-5385.43498417968	740968.3282755397	14765	43418	65832
SKNSH_skew	[0.05,0.2)	dELS	SK-N-SH	115350	115345	19922.737	13744.103519	115275	28477.903952864817	611825.0570552639	14005	24117	43164
SKNSH_skew	[0.05,0.2)	non-cCRE	H1	59221030	59192793	9809476.543999985	7061976.270537979	58465408	-9095061.130920842	72851508.39471434	753225	1487219	306376
SKNSH_skew	[0.05,0.2)	non-cCRE	HCT116	59221030	59192793	9809476.543999985	7061976.270537979	58465408	-9095061.130920842	72851508.39471434	753225	1487219	306376
SKNSH_skew	[0.05,0.2)	non-cCRE	HepG2	59221030	59192793	9809476.543999985	7061976.270537979	58465408	-9095061.130920842	72851508.39471434	753225	1487219	306376
SKNSH_skew	[0.05,0.2)	non-cCRE	K562	59221030	59192793	9809476.543999985	7061976.270537979	58465408	-9095061.130920842	72851508.39471434	753225	1487219	306376
SKNSH_skew	[0.05,0.2)	non-cCRE	MCF-7	59221030	59192793	9809476.543999985	7061976.270537979	58465408	-9095061.130920842	72851508.39471434	753225	1487219	306376
SKNSH_skew	[0.05,0.2)	non-cCRE	SK-N-SH	59221030	59192793	9809476.543999985	7061976.270537979	58465408	-9095061.130920842	72851508.39471434	753225	1487219	306376
SKNSH_skew	[0.05,0.2)	pELS	H1	115123	115105	16131.653	5370.646621	115097	35951.991997366196	579602.7534081959	13991	46206	49690
SKNSH_skew	[0.05,0.2)	pELS	HCT116	217426	217360	31001.737	11965.431241	217382	40022.29897535708	909803.6412523167	20840	88046	85280
SKNSH_skew	[0.05,0.2)	pELS	HepG2	189660	189627	27149.205	10590.668403	189553	39155.833978000075	811562.5020149319	18909	75827	70972
SKNSH_skew	[0.05,0.2)	pELS	K562	357411	357372	51117.859	19875.356875	357071	56008.67000117448	1294073.0130761606	30287	139524	116953
SKNSH_skew	[0.05,0.2)	pELS	MCF-7	208962	208922	30310.395	11346.958631	208961	56343.64996187392	894123.072004982	22844	86670	86058
SKNSH_skew	[0.05,0.2)	pELS	SK-N-SH	197782	197752	27767.196	8595.949864	197765	69778.10596897922	940298.4863449666	24565	83260	85711
SKNSH_skew	[0.2,0.5)	Inactive cCRE	H1	3122894	3121056	639826.484	701573.943904	3113312	-175613.16982224086	6904745.772419448	131626	273677	380307
SKNSH_skew	[0.2,0.5)	Inactive cCRE	HCT116	3106074	3104269	635485.648	694679.293766	3096529	-156461.02382000108	6998110.4182894025	134704	270975	374017
SKNSH_skew	[0.2,0.5)	Inactive cCRE	HepG2	3137479	3135625	641116.221	699705.961233	3127774	-152200.6928184499	7076273.335872899	136986	274405	391012
SKNSH_skew	[0.2,0.5)	Inactive cCRE	K562	3030266	3028423	621467.049	683829.840289	3020696	-162481.42983957168	6777007.9882659735	129828	248540	358326
SKNSH_skew	[0.2,0.5)	Inactive cCRE	MCF-7	3104663	3102825	632918.027	690643.164971	3094831	-155517.90482642176	6912171.137229134	132424	263917	381690
SKNSH_skew	[0.2,0.5)	Inactive cCRE	SK-N-SH	3069292	3067481	626045.0109999999	687351.635543	3059475	-208648.9087846532	6576313.464575716	121464	249342	367413
SKNSH_skew	[0.2,0.5)	Other cCREs	H1	164631	164567	28461.282	21586.203328	164222	14802.487010925302	583201.2988709128	13150	30035	57191
SKNSH_skew	[0.2,0.5)	Other cCREs	HCT116	116647	116592	20231.631	16439.303063	116253	-1692.0859969465519	327712.69300918246	6866	15391	39527
SKNSH_skew	[0.2,0.5)	Other cCREs	HepG2	113710	113665	19981.124	16242.51857	113456	-842.7709954695289	345524.5301875674	7115	18965	37713
SKNSH_skew	[0.2,0.5)	Other cCREs	K562	162375	162326	29871.578	25874.892662	162092	-2715.729976532865	465851.04042081756	9525	26572	50484
SKNSH_skew	[0.2,0.5)	Other cCREs	MCF-7	135075	135020	26175.591	24722.112577	134942	-13701.718984180257	420053.89605879266	7908	22516	37055
SKNSH_skew	[0.2,0.5)	Other cCREs	SK-N-SH	192519	192440	37941.49	34098.277438	192357	23709.827995559797	743230.0559821626	17748	41731	56209
SKNSH_skew	[0.2,0.5)	PLS	H1	57760	57748	8161.593	2387.884185	57728	36161.5379827374	421992.0523881684	11146	24264	29934
SKNSH_skew	[0.2,0.5)	PLS	HCT116	53401	53388	7659.588	2453.993376	53381	29739.49298205694	376346.658198087	9789	23087	27893
SKNSH_skew	[0.2,0.5)	PLS	HepG2	49506	49497	7045.839	2259.002391	49474	25871.981990480577	351858.2661661703	8874	21641	25741
SKNSH_skew	[0.2,0.5)	PLS	K562	55294	55279	7986.22	2582.402886	55266	30020.66698695501	378184.72931772703	9900	23819	28535
SKNSH_skew	[0.2,0.5)	PLS	MCF-7	57671	57658	8322.467	2600.044111	57639	36099.57098225109	408277.9132782718	11019	24705	30063
SKNSH_skew	[0.2,0.5)	PLS	SK-N-SH	63701	63678	9215.344000000001	2799.858858	63666	43668.303975503426	458222.5502385633	12578	26806	32826
SKNSH_skew	[0.2,0.5)	dELS	H1	27938	27933	4913.813	3873.899427	27922	9006.006008741559	122673.5956629972	3076	5121	10503
SKNSH_skew	[0.2,0.5)	dELS	HCT116	73574	73542	14345.846	13813.907322000001	73502	7713.3700197483395	246679.8116933089	5620	13624	26907
SKNSH_skew	[0.2,0.5)	dELS	HepG2	57629	57623	10864.929	9819.934009	57606	8634.171010428345	210961.19809610973	4862	11561	18327
SKNSH_skew	[0.2,0.5)	dELS	K562	74374	74365	14224.522	13103.536734	74306	4404.863006076079	235558.30946822616	4948	13647	22977
SKNSH_skew	[0.2,0.5)	dELS	MCF-7	51009	51003	10053.205	9562.221167	50966	5026.038007136898	198061.44638676927	4446	11122	18506
SKNSH_skew	[0.2,0.5)	dELS	SK-N-SH	27183	27181	5171.996	4254.631164	27159	11272.936983218413	152983.26034215587	3878	6039	11742
SKNSH_skew	[0.2,0.5)	non-cCRE	H1	6763308	6756065	1315407.609	1431204.601783	6684153	-1068605.6812593325	8426674.723340318	84831	226574	59592
SKNSH_skew	[0.2,0.5)	non-cCRE	HCT116	6763308	6756065	1315407.609	1431204.601783	6684153	-1068605.6812593325	8426674.723340318	84831	226574	59592
SKNSH_skew	[0.2,0.5)	non-cCRE	HepG2	6763308	6756065	1315407.609	1431204.601783	6684153	-1068605.6812593325	8426674.723340318	84831	226574	59592
SKNSH_skew	[0.2,0.5)	non-cCRE	K562	6763308	6756065	1315407.609	1431204.601783	6684153	-1068605.6812593325	8426674.723340318	84831	226574	59592
SKNSH_skew	[0.2,0.5)	non-cCRE	MCF-7	6763308	6756065	1315407.609	1431204.601783	6684153	-1068605.6812593325	8426674.723340318	84831	226574	59592
SKNSH_skew	[0.2,0.5)	non-cCRE	SK-N-SH	6763308	6756065	1315407.609	1431204.601783	6684153	-1068605.6812593325	8426674.723340318	84831	226574	59592
SKNSH_skew	[0.2,0.5)	pELS	H1	32903	32899	4660.603	1586.183101	32901	20172.335017542362	194403.3933532505	5439	13415	15545
SKNSH_skew	[0.2,0.5)	pELS	HCT116	56430	56412	8301.062	3621.616418	56420	25229.443012848027	278166.5315047945	7458	23435	25136
SKNSH_skew	[0.2,0.5)	pELS	HepG2	47802	47793	7015.662	2980.697742	47775	23066.507010716123	242398.78237202682	6600	19940	20687
SKNSH_skew	[0.2,0.5)	pELS	K562	83817	83810	12474.405999999999	5617.441374	83725	35300.82602077932	370414.045222032	10236	33934	33158
SKNSH_skew	[0.2,0.5)	pELS	MCF-7	57708	57697	8554.485	3480.571119	57707	32623.2110189197	288451.7197418067	8640	24252	26166
SKNSH_skew	[0.2,0.5)	pELS	SK-N-SH	53431	53423	7649.934	2503.710942	53428	34527.036028077244	296266.7815561772	8769	22594	25290
SKNSH_skew	[0.5,1.0)	Inactive cCRE	H1	740010	739570	167785.031	208255.183479	737729	-54855.502928874244	1674039.9081688821	31377	68192	102283
SKNSH_skew	[0.5,1.0)	Inactive cCRE	HCT116	735613	735185	166284.962	205473.557924	733351	-48890.73294095067	1708724.6331968422	32396	67652	100409
SKNSH_skew	[0.5,1.0)	Inactive cCRE	HepG2	746135	745687	168451.205	207981.197847	743825	-46579.18493816876	1743662.7127946597	33300	69043	105397
SKNSH_skew	[0.5,1.0)	Inactive cCRE	K562	718286	717854	163035.735	203154.519301	716029	-50926.50693419799	1654304.4896893979	31112	62266	96829
SKNSH_skew	[0.5,1.0)	Inactive cCRE	MCF-7	734768	734335	165838.113	205162.929447	732431	-50347.4729280593	1672556.756196381	31420	65735	102562
SKNSH_skew	[0.5,1.0)	Inactive cCRE	SK-N-SH	726322	725887	164055.802	204263.72780999998	723998	-65339.80692234149	1583651.870647973	28494	62007	98991
SKNSH_skew	[0.5,1.0)	Other cCREs	H1	42425	42409	7702.107	6474.517507	42348	6199.616002891678	164636.23266294014	3832	7959	15036
SKNSH_skew	[0.5,1.0)	Other cCREs	HCT116	29533	29516	5682.825	5555.119237	29446	274.44401144271217	88214.00364030992	1880	4030	10195
SKNSH_skew	[0.5,1.0)	Other cCREs	HepG2	28049	28041	5267.603	4811.280327	27997	813.5859935883215	90375.08671159178	1943	4826	9794
SKNSH_skew	[0.5,1.0)	Other cCREs	K562	40704	40687	7986.123	7608.546775	40638	962.4940080191014	125603.45716684533	2658	6841	13000
SKNSH_skew	[0.5,1.0)	Other cCREs	MCF-7	34306	34289	7027.515	7269.601047	34281	-2356.1079934377904	118065.66298311859	2298	5860	9416
SKNSH_skew	[0.5,1.0)	Other cCREs	SK-N-SH	49549	49532	10289.513	10018.837263	49514	9342.990992529783	211571.49727257702	5140	11078	14619
SKNSH_skew	[0.5,1.0)	PLS	H1	15305	15302	2179.71	647.642626	15298	13206.226996128911	132116.10356636584	3484	6475	7723
SKNSH_skew	[0.5,1.0)	PLS	HCT116	14130	14126	2000.566	617.118144	14126	11053.057998282025	116036.85910809402	3035	6124	7157
SKNSH_skew	[0.5,1.0)	PLS	HepG2	12979	12977	1861.408	618.779714	12972	9373.872005918183	107317.82554188784	2693	5706	6604
SKNSH_skew	[0.5,1.0)	PLS	K562	14378	14373	2087.457	712.909953	14374	10716.380996783613	114628.7306188327	2995	6181	7256
SKNSH_skew	[0.5,1.0)	PLS	MCF-7	15230	15226	2189.781	672.233001	15223	13106.394997985344	126998.8779918849	3411	6477	7689
SKNSH_skew	[0.5,1.0)	PLS	SK-N-SH	16660	16655	2397.995	710.303247	16653	14939.987997698598	138727.74808393477	3793	6990	8358
SKNSH_skew	[0.5,1.0)	dELS	H1	7342	7341	1395.511	1260.814355	7335	2782.8199977092436	43299.55254484697	973	1437	2904
SKNSH_skew	[0.5,1.0)	dELS	HCT116	19674	19666	4133.35	4436.198962	19657	2870.4259947710684	76701.95810626281	1676	3696	7583
SKNSH_skew	[0.5,1.0)	dELS	HepG2	14343	14342	2870.395	2807.870171	14340	2826.2010120998593	61248.86142397627	1388	2943	4792
SKNSH_skew	[0.5,1.0)	dELS	K562	18806	18803	3951.094	4123.302322	18787	1419.7009974051039	71248.02989987737	1419	3530	6147
SKNSH_skew	[0.5,1.0)	dELS	MCF-7	13938	13935	2898.459	2960.690201	13934	2291.0919972307743	63065.004023525646	1412	3103	5273
SKNSH_skew	[0.5,1.0)	dELS	SK-N-SH	7135	7135	1510.945	1400.416199	7132	3283.899998529582	47830.48838735865	1111	1621	3248
SKNSH_skew	[0.5,1.0)	non-cCRE	H1	1296258	1294511	271943.64	330770.003258	1282179	-230563.44457727345	1649695.998983668	15342	49616	14416
SKNSH_skew	[0.5,1.0)	non-cCRE	HCT116	1296258	1294511	271943.64	330770.003258	1282179	-230563.44457727345	1649695.998983668	15342	49616	14416
SKNSH_skew	[0.5,1.0)	non-cCRE	HepG2	1296258	1294511	271943.64	330770.003258	1282179	-230563.44457727345	1649695.998983668	15342	49616	14416
SKNSH_skew	[0.5,1.0)	non-cCRE	K562	1296258	1294511	271943.64	330770.003258	1282179	-230563.44457727345	1649695.998983668	15342	49616	14416
SKNSH_skew	[0.5,1.0)	non-cCRE	MCF-7	1296258	1294511	271943.64	330770.003258	1282179	-230563.44457727345	1649695.998983668	15342	49616	14416
SKNSH_skew	[0.5,1.0)	non-cCRE	SK-N-SH	1296258	1294511	271943.64	330770.003258	1282179	-230563.44457727345	1649695.998983668	15342	49616	14416
SKNSH_skew	[0.5,1.0)	pELS	H1	8873	8872	1240.307	410.424621	8872	7083.167012892779	60059.03981019387	1663	3641	4241
SKNSH_skew	[0.5,1.0)	pELS	HCT116	15005	15001	2200.963	966.5883210000001	15002	9109.132017203257	84473.3827017202	2342	6202	6843
SKNSH_skew	[0.5,1.0)	pELS	HepG2	12449	12447	1852.055	829.454529	12448	7981.8530073107695	71546.3502811132	2005	5186	5600
SKNSH_skew	[0.5,1.0)	pELS	K562	21781	21777	3242.257	1449.304237	21754	12244.25801273854	108366.12937827679	3145	8886	8955
SKNSH_skew	[0.5,1.0)	pELS	MCF-7	15713	15709	2348.7980000000002	983.128892	15713	11722.421007029361	93464.53555831878	2788	6529	7247
SKNSH_skew	[0.5,1.0)	pELS	SK-N-SH	14289	14285	2048.411	655.2980689999999	14285	12189.255014331897	92369.23236138641	2791	6008	6971
SKNSH_skew	[1.0,1.5)	Inactive cCRE	H1	138940	138858	32791.192	43130.242394	138521	-11537.58498068818	315938.32447843405	5837	13238	20878
SKNSH_skew	[1.0,1.5)	Inactive cCRE	HCT116	138054	137974	32339.902000000002	42163.281992	137637	-10052.744980680523	324834.39023589133	6091	13153	20423
SKNSH_skew	[1.0,1.5)	Inactive cCRE	HepG2	140609	140528	32980.244	43032.968092	140189	-9157.396980617777	334395.35238970607	6371	13531	21604
SKNSH_skew	[1.0,1.5)	Inactive cCRE	K562	134895	134813	31890.114	42062.302014	134496	-9917.025987011144	317137.64703015407	5949	12133	19731
SKNSH_skew	[1.0,1.5)	Inactive cCRE	MCF-7	138109	138027	32597.585	42886.931271	137685	-10469.12098343856	316796.6240220437	5898	12759	20937
SKNSH_skew	[1.0,1.5)	Inactive cCRE	SK-N-SH	136435	136357	32256.928	42691.931948	136009	-13761.489977057558	299464.29388203373	5310	12064	20169
SKNSH_skew	[1.0,1.5)	Other cCREs	H1	8842	8842	1678.773	1523.789517	8832	1968.617996791494	37322.71843939769	932	1661	3132
SKNSH_skew	[1.0,1.5)	Other cCREs	HCT116	5853	5853	1253.391	1437.806863	5842	74.38099975686035	17500.36739442962	399	771	2115
SKNSH_skew	[1.0,1.5)	Other cCREs	HepG2	5594	5594	1105.748	1140.45959	5588	397.80400106462207	19410.869062085836	440	924	1933
SKNSH_skew	[1.0,1.5)	Other cCREs	K562	8149	8149	1560.625	1506.432393	8128	364.6720011743018	26426.979152442676	597	1313	2644
SKNSH_skew	[1.0,1.5)	Other cCREs	MCF-7	6753	6753	1348.569	1359.182739	6746	-333.86599709244996	24422.79787084455	495	1110	1910
SKNSH_skew	[1.0,1.5)	Other cCREs	SK-N-SH	9954	9950	1967.217	1834.806605	9950	2696.5859944389663	45951.56715456962	1162	2170	3014
SKNSH_skew	[1.0,1.5)	PLS	H1	3254	3253	467.899	128.159123	3254	3575.6539965030943	32175.701183760943	837	1336	1534
SKNSH_skew	[1.0,1.5)	PLS	HCT116	2966	2965	421.40500000000003	114.261083	2966	2917.390998481309	27786.55099046044	722	1227	1408
SKNSH_skew	[1.0,1.5)	PLS	HepG2	2689	2688	375.959	94.083391	2689	2486.468997400022	25217.532136723607	634	1143	1280
SKNSH_skew	[1.0,1.5)	PLS	K562	2999	2998	427.804	112.34998	2999	2693.294999112142	26552.526013044495	681	1270	1438
SKNSH_skew	[1.0,1.5)	PLS	MCF-7	3209	3208	457.575	117.611141	3209	3435.05599574931	30723.535094085073	805	1335	1515
SKNSH_skew	[1.0,1.5)	PLS	SK-N-SH	3506	3505	509.257	139.152101	3506	3872.107996605219	33392.83043859729	886	1439	1660
SKNSH_skew	[1.0,1.5)	dELS	H1	1462	1462	274.121	239.084255	1460	512.6650001809462	7647.201758163862	187	276	554
SKNSH_skew	[1.0,1.5)	dELS	HCT116	4277	4276	986.15	1172.5576	4274	1146.417997776415	16723.73408881607	443	817	1612
SKNSH_skew	[1.0,1.5)	dELS	HepG2	2847	2846	634.927	688.492255	2843	769.5539982744953	12100.152937757102	301	568	980
SKNSH_skew	[1.0,1.5)	dELS	K562	3814	3814	919.798	1120.01423	3808	541.9120010966432	13531.630800498966	314	734	1310
SKNSH_skew	[1.0,1.5)	dELS	MCF-7	2917	2917	588.37	562.908838	2917	827.575001613936	13240.450798152104	347	637	1093
SKNSH_skew	[1.0,1.5)	dELS	SK-N-SH	1448	1448	311.77	301.796938	1447	847.4840009083275	8370.828728941284	241	319	654
SKNSH_skew	[1.0,1.5)	non-cCRE	H1	209357	209212	45018.399	55928.860521	207447	-44414.11794058093	282986.3270714508	2352	8558	2745
SKNSH_skew	[1.0,1.5)	non-cCRE	HCT116	209357	209212	45018.399	55928.860521	207447	-44414.11794058093	282986.3270714508	2352	8558	2745
SKNSH_skew	[1.0,1.5)	non-cCRE	HepG2	209357	209212	45018.399	55928.860521	207447	-44414.11794058093	282986.3270714508	2352	8558	2745
SKNSH_skew	[1.0,1.5)	non-cCRE	K562	209357	209212	45018.399	55928.860521	207447	-44414.11794058093	282986.3270714508	2352	8558	2745
SKNSH_skew	[1.0,1.5)	non-cCRE	MCF-7	209357	209212	45018.399	55928.860521	207447	-44414.11794058093	282986.3270714508	2352	8558	2745
SKNSH_skew	[1.0,1.5)	non-cCRE	SK-N-SH	209357	209212	45018.399	55928.860521	207447	-44414.11794058093	282986.3270714508	2352	8558	2745
SKNSH_skew	[1.0,1.5)	pELS	H1	1933	1933	277.272	93.660402	1933	1549.334000009926	13686.831164866953	374	832	936
SKNSH_skew	[1.0,1.5)	pELS	HCT116	3281	3280	488.409	227.028153	3281	1983.2409974632294	19925.73431502623	512	1375	1476
SKNSH_skew	[1.0,1.5)	pELS	HepG2	2692	2692	392.379	158.932363	2691	1572.2559966759286	15646.870498351016	421	1177	1237
SKNSH_skew	[1.0,1.5)	pELS	K562	4574	4574	690.916	313.837074	4569	2385.8329984253514	23121.994028483372	626	1893	1911
SKNSH_skew	[1.0,1.5)	pELS	MCF-7	3443	3443	497.158	188.301702	3443	2609.041995965061	21587.369239498184	622	1502	1579
SKNSH_skew	[1.0,1.5)	pELS	SK-N-SH	3088	3088	444.085	147.248099	3088	2413.997997902335	19591.25682048162	568	1351	1537
SKNSH_skew	[1.5,Inf)	Inactive cCRE	H1	46049	46029	9714.195	11519.683007	45941	-4800.612998574741	102685.22059288585	1862	4336	7054
SKNSH_skew	[1.5,Inf)	Inactive cCRE	HCT116	45817	45798	9530.692000000001	11114.360218	45717	-4719.130998394685	103878.3096437221	1908	4261	6907
SKNSH_skew	[1.5,Inf)	Inactive cCRE	HepG2	46611	46590	9808.364	11539.04543	46503	-4106.9829967774	107159.28284267378	2023	4429	7266
SKNSH_skew	[1.5,Inf)	Inactive cCRE	K562	44644	44625	9488.914	11349.046	44541	-4635.776000126033	100546.03159114879	1840	3951	6698
SKNSH_skew	[1.5,Inf)	Inactive cCRE	MCF-7	45888	45868	9681.425	11477.275255	45785	-4692.48799786903	102606.32884539408	1868	4167	7078
SKNSH_skew	[1.5,Inf)	Inactive cCRE	SK-N-SH	45414	45395	9585.619	11468.888009	45305	-5451.800000135787	97032.42995017066	1692	4006	6819
SKNSH_skew	[1.5,Inf)	Other cCREs	H1	2860	2859	526.03	423.435582	2859	517.1920039164836	10904.927065913227	285	582	991
SKNSH_skew	[1.5,Inf)	Other cCREs	HCT116	1731	1731	396.845	474.838119	1723	99.91599964885972	5302.4279032896275	125	258	580
SKNSH_skew	[1.5,Inf)	Other cCREs	HepG2	1749	1749	321.534	293.243434	1748	18.44600051164151	5652.360263530314	132	332	603
SKNSH_skew	[1.5,Inf)	Other cCREs	K562	2547	2547	474.308	412.863924	2544	158.40000217058676	7877.844439762622	177	447	764
SKNSH_skew	[1.5,Inf)	Other cCREs	MCF-7	2023	2023	383.949	353.33408099999997	2020	-117.82199771783799	6627.051743298159	141	360	563
SKNSH_skew	[1.5,Inf)	Other cCREs	SK-N-SH	3009	3007	586.097	485.977331	3009	527.8040036564922	12425.91880102631	316	655	923
SKNSH_skew	[1.5,Inf)	PLS	H1	929	929	135.957	32.655181	929	1019.9490004637055	9730.128237753333	244	393	407
SKNSH_skew	[1.5,Inf)	PLS	HCT116	875	875	124.485	25.870137	875	982.8030020695874	9604.114205259792	227	394	398
SKNSH_skew	[1.5,Inf)	PLS	HepG2	747	747	109.866	29.965878	747	706.3900010107322	7809.859829146347	178	335	326
SKNSH_skew	[1.5,Inf)	PLS	K562	873	873	124.714	27.834858	873	935.9510016170096	9177.253809620088	225	373	388
SKNSH_skew	[1.5,Inf)	PLS	MCF-7	951	951	139.35399999999998	32.29948	951	1147.2470012927665	9972.303082711569	261	412	423
SKNSH_skew	[1.5,Inf)	PLS	SK-N-SH	1021	1021	150.37	33.003906	1021	1226.903002384002	10818.618144142383	283	423	460
SKNSH_skew	[1.5,Inf)	dELS	H1	497	497	93.533	88.317457	497	181.49800229922408	2442.017169213224	68	95	175
SKNSH_skew	[1.5,Inf)	dELS	HCT116	1413	1411	333.337	396.578749	1412	340.77800281252706	4569.148316528197	124	269	513
SKNSH_skew	[1.5,Inf)	dELS	HepG2	954	954	197.057	200.719503	954	193.3010028612334	3823.6156915234324	91	189	316
SKNSH_skew	[1.5,Inf)	dELS	K562	1356	1354	249.227	223.789401	1353	109.3110013600672	4424.724204591487	105	262	427
SKNSH_skew	[1.5,Inf)	dELS	MCF-7	969	968	190.215	183.05244299999998	965	234.84400078514588	3890.571809453492	106	224	333
SKNSH_skew	[1.5,Inf)	dELS	SK-N-SH	466	466	86.005	69.235495	466	314.73600053833815	3033.2484052016866	87	110	213
SKNSH_skew	[1.5,Inf)	non-cCRE	H1	67008	66971	11576.155	11397.990271	66330	-15073.42797759792	88578.85303786071	643	2577	896
SKNSH_skew	[1.5,Inf)	non-cCRE	HCT116	67008	66971	11576.155	11397.990271	66330	-15073.42797759792	88578.85303786071	643	2577	896
SKNSH_skew	[1.5,Inf)	non-cCRE	HepG2	67008	66971	11576.155	11397.990271	66330	-15073.42797759792	88578.85303786071	643	2577	896
SKNSH_skew	[1.5,Inf)	non-cCRE	K562	67008	66971	11576.155	11397.990271	66330	-15073.42797759792	88578.85303786071	643	2577	896
SKNSH_skew	[1.5,Inf)	non-cCRE	MCF-7	67008	66971	11576.155	11397.990271	66330	-15073.42797759792	88578.85303786071	643	2577	896
SKNSH_skew	[1.5,Inf)	non-cCRE	SK-N-SH	67008	66971	11576.155	11397.990271	66330	-15073.42797759792	88578.85303786071	643	2577	896
SKNSH_skew	[1.5,Inf)	pELS	H1	645	645	98.4	35.61029	644	464.0480001089165	3700.126455608669	111	260	287
SKNSH_skew	[1.5,Inf)	pELS	HCT116	1144	1144	182.756	88.054294	1143	677.7080020772994	6108.419452574587	186	484	516
SKNSH_skew	[1.5,Inf)	pELS	HepG2	919	919	131.294	36.727272	918	570.9200006073809	5017.300894500409	146	381	403
SKNSH_skew	[1.5,Inf)	pELS	K562	1560	1560	230.952	86.167334	1559	814.1880031919578	7436.5654762513	223	633	637
SKNSH_skew	[1.5,Inf)	pELS	MCF-7	1149	1149	173.172	53.740258	1149	810.2930017225447	6366.164040516978	194	503	517
SKNSH_skew	[1.5,Inf)	pELS	SK-N-SH	1070	1070	160.024	42.596776	1069	764.431001770543	6152.204220833282	192	472	499
mean_skew	(-Inf,-1.5)	Inactive cCRE	H1	53994	53991	46962.243	101581.079177	53830	-8061.078990450478	171124.19880456832	2825	5166	18789
mean_skew	(-Inf,-1.5)	Inactive cCRE	HCT116	52302	52300	46351.518	100291.14377	52132	-9692.040995427174	161528.88272849287	2508	4918	17447
mean_skew	(-Inf,-1.5)	Inactive cCRE	HepG2	53912	53910	46583.377	100591.90332699999	53743	-7016.12399913731	176584.49397374658	2983	5067	18819
mean_skew	(-Inf,-1.5)	Inactive cCRE	K562	48929	48926	43424.167	94617.323729	48771	-8854.6119966812	150715.51631299334	2377	4240	15628
mean_skew	(-Inf,-1.5)	Inactive cCRE	MCF-7	54194	54191	46635.293	100680.626751	54032	-6954.195994596113	174472.1233926371	2928	5074	19091
mean_skew	(-Inf,-1.5)	Inactive cCRE	SK-N-SH	54591	54588	46898.793	101494.056307	54421	-8086.387992391597	167601.7377038314	2806	5061	19513
mean_skew	(-Inf,-1.5)	Other cCREs	H1	3917	3917	1863.6	3161.48911	3908	3511.6159909692356	28871.887881541967	760	711	2778
mean_skew	(-Inf,-1.5)	Other cCREs	HCT116	2820	2819	1204.843	2202.348315	2816	2165.273000009125	16273.590442543855	439	317	2042
mean_skew	(-Inf,-1.5)	Other cCREs	HepG2	2978	2977	1586.241	2938.349567	2972	2052.877999274409	18519.64871528358	471	503	2094
mean_skew	(-Inf,-1.5)	Other cCREs	K562	5313	5313	3303.808	6262.86372	5297	2224.7080014301478	27952.1706616702	677	847	3437
mean_skew	(-Inf,-1.5)	Other cCREs	MCF-7	2664	2664	1664.306	3155.201802	2653	1185.7239966037457	15609.584997669974	373	405	1668
mean_skew	(-Inf,-1.5)	Other cCREs	SK-N-SH	3187	3187	1907.331	3330.205817	3182	2022.4019988236232	21706.74156156879	536	686	1966
mean_skew	(-Inf,-1.5)	PLS	H1	2570	2570	486.623	214.579405	2569	11196.522003244141	76127.16042820984	1758	1155	2029
mean_skew	(-Inf,-1.5)	PLS	HCT116	2498	2498	518.391	301.664313	2498	10866.050001990636	74546.04528411874	1708	1136	1950
mean_skew	(-Inf,-1.5)	PLS	HepG2	2425	2425	511.765	308.937025	2424	10367.11800594907	70951.95707709041	1624	1105	1895
mean_skew	(-Inf,-1.5)	PLS	K562	2638	2638	576.504	376.018798	2637	10804.968002769283	73749.74725761774	1706	1163	2044
mean_skew	(-Inf,-1.5)	PLS	MCF-7	2504	2504	488.532	241.103044	2503	11000.893006725357	75015.82056702473	1733	1156	1958
mean_skew	(-Inf,-1.5)	PLS	SK-N-SH	2628	2628	500.173	206.630065	2627	11607.136003581458	79055.07084784508	1816	1186	2047
mean_skew	(-Inf,-1.5)	dELS	H1	964	964	408.297	631.034077	962	1186.2769978260633	8154.323229286453	240	186	688
mean_skew	(-Inf,-1.5)	dELS	HCT116	3255	3255	1455.871	2554.662005	3253	3513.0799968448723	25535.44348603489	751	564	2441
mean_skew	(-Inf,-1.5)	dELS	HepG2	1838	1838	929.106	1610.60328	1838	2035.1119957480114	15486.169989729562	421	368	1279
mean_skew	(-Inf,-1.5)	dELS	K562	3579	3579	1978.141	3678.504961	3578	2339.7609943774305	22046.605312659394	573	588	2522
mean_skew	(-Inf,-1.5)	dELS	MCF-7	1715	1715	813.185	1371.653273	1713	1787.878992575571	13614.971689675898	392	369	1304
mean_skew	(-Inf,-1.5)	dELS	SK-N-SH	869	869	396.654	602.295304	869	1452.466996395727	10660.72373768057	281	172	645
mean_skew	(-Inf,-1.5)	non-cCRE	H1	73105	73072	78766.375	178300.267705	72451	-34751.47294242855	131579.95150642018	473	3249	1609
mean_skew	(-Inf,-1.5)	non-cCRE	HCT116	73105	73072	78766.375	178300.267705	72451	-34751.47294242855	131579.95150642018	473	3249	1609
mean_skew	(-Inf,-1.5)	non-cCRE	HepG2	73105	73072	78766.375	178300.267705	72451	-34751.47294242855	131579.95150642018	473	3249	1609
mean_skew	(-Inf,-1.5)	non-cCRE	K562	73105	73072	78766.375	178300.267705	72451	-34751.47294242855	131579.95150642018	473	3249	1609
mean_skew	(-Inf,-1.5)	non-cCRE	MCF-7	73105	73072	78766.375	178300.267705	72451	-34751.47294242855	131579.95150642018	473	3249	1609
mean_skew	(-Inf,-1.5)	non-cCRE	SK-N-SH	73105	73072	78766.375	178300.267705	72451	-34751.47294242855	131579.95150642018	473	3249	1609
mean_skew	(-Inf,-1.5)	pELS	H1	1029	1029	237.067	201.209501	1029	2989.446003821562	20496.094180081993	483	398	803
mean_skew	(-Inf,-1.5)	pELS	HCT116	1599	1599	427.207	439.57286700000003	1599	3970.4200019930736	26889.70258249814	660	681	1207
mean_skew	(-Inf,-1.5)	pELS	HepG2	1321	1321	347.341	339.598071	1321	3383.798003576347	23231.39476783851	567	573	1000
mean_skew	(-Inf,-1.5)	pELS	K562	2015	2015	675.21	854.680062	2015	4307.9570035148645	30309.624978747852	733	778	1456
mean_skew	(-Inf,-1.5)	pELS	MCF-7	1397	1397	356.514	340.8064	1397	3802.4820041019707	26061.163876680803	640	612	1066
mean_skew	(-Inf,-1.5)	pELS	SK-N-SH	1199	1199	254.879	156.203777	1199	3827.1649990013093	25749.39067276271	627	511	916
mean_skew	[-0.05,0.05)	Inactive cCRE	H1	68405358	68369393	16907731.14099996	22379362.723063085	68259717	2648137.634185688	139382250.73352882	3054840	4600690	5099244
mean_skew	[-0.05,0.05)	Inactive cCRE	HCT116	67942143	67906918	16826547.100999974	22286402.731927086	67797170	2760239.937095091	139765397.0678954	3071075	4511626	5006439
mean_skew	[-0.05,0.05)	Inactive cCRE	HepG2	68049589	68013575	16822104.957999963	22256304.741426084	67903455	2716350.641206303	139694587.03995794	3067333	4515198	5101464
mean_skew	[-0.05,0.05)	Inactive cCRE	K562	66924341	66888590	16590363.294999965	22041286.572033085	66779679	2765608.048135075	137596176.4157352	3029989	4243396	4880374
mean_skew	[-0.05,0.05)	Inactive cCRE	MCF-7	68113444	68077766	16752579.75699996	22104327.37452308	67965804	2952934.628054323	139724723.91064838	3074573	4486241	5107063
mean_skew	[-0.05,0.05)	Inactive cCRE	SK-N-SH	67691644	67656165	16649099.233999962	22031001.259406082	67544387	2429885.16768715	135896808.54347923	2956707	4333505	4962971
mean_skew	[-0.05,0.05)	Other cCREs	H1	1811896	1811384	395708.446	410408.959204	1808637	64296.43879576241	5766410.428403489	117239	281827	469426
mean_skew	[-0.05,0.05)	Other cCREs	HCT116	1482544	1481830	305288.104	314121.152752	1479100	-18432.35405995813	3427360.2749078	67624	176765	353346
mean_skew	[-0.05,0.05)	Other cCREs	HepG2	1481049	1480638	323569.517	347719.153547	1478764	-20798.43508646259	3839753.7376945703	72564	210724	344592
mean_skew	[-0.05,0.05)	Other cCREs	K562	1982094	1981612	445965.308	489598.885864	1979349	-48990.98203221548	4618024.102173725	88316	281214	429519
mean_skew	[-0.05,0.05)	Other cCREs	MCF-7	1657397	1656701	438116.647	558051.017335	1656340	-227865.98602125281	4319149.550089418	71956	238172	316035
mean_skew	[-0.05,0.05)	Other cCREs	SK-N-SH	2287433	2286499	613098.375	744843.771945	2285849	155548.68444314567	7907629.898510564	177602	430211	492230
mean_skew	[-0.05,0.05)	PLS	H1	338721	338628	53758.134	20781.912986	338601	65880.54000430262	1981076.4959649986	43778	140091	166628
mean_skew	[-0.05,0.05)	PLS	HCT116	316426	316320	50915.9	21132.640074	316357	45475.60600757389	1788015.2969140818	38407	135706	156860
mean_skew	[-0.05,0.05)	PLS	HepG2	294877	294799	47569.634	20856.658056	294757	33337.53100712203	1719053.3881118894	35273	127659	144411
mean_skew	[-0.05,0.05)	PLS	K562	334152	334049	54199.741	23070.944085	333990	46306.311961743624	1816404.56718992	39092	142731	161461
mean_skew	[-0.05,0.05)	PLS	MCF-7	338553	338433	55370.713	22965.181587	338433	67995.04502310908	1855987.643841861	42922	143357	168111
mean_skew	[-0.05,0.05)	PLS	SK-N-SH	379118	378973	61600.772000000004	24483.40832	378929	93823.83699154062	2147349.4155198894	50085	157096	183165
mean_skew	[-0.05,0.05)	dELS	H1	305279	305256	70439.475	79065.819881	305138	71684.62096452527	1221251.9006414672	28310	49182	85749
mean_skew	[-0.05,0.05)	dELS	HCT116	842063	841729	197560.309	235050.311309	841405	45287.816931794296	2553662.0182421734	50461	137631	222008
mean_skew	[-0.05,0.05)	dELS	HepG2	827747	827680	196229.375	233321.068927	827337	100211.34585899195	2518269.8683011928	56210	139092	179556
mean_skew	[-0.05,0.05)	dELS	K562	929360	929275	219425.791	257537.637435	928605	19277.357888915045	2594018.426461935	47388	146117	189350
mean_skew	[-0.05,0.05)	dELS	MCF-7	523660	523616	139074.132	175441.790294	523237	11676.0219295394	1806935.1568549073	36324	105784	149845
mean_skew	[-0.05,0.05)	dELS	SK-N-SH	297377	297373	72381.265	78906.768267	297218	95715.01783551599	1605649.042974201	36807	58147	100289
mean_skew	[-0.05,0.05)	non-cCRE	H1	300276644	300125299	69129009.32099964	89533144.2239522	296738718	-28551962.123907413	336980404.80875725	4248978	6385630	1006962
mean_skew	[-0.05,0.05)	non-cCRE	HCT116	300276644	300125299	69129009.32099964	89533144.2239522	296738718	-28551962.123907413	336980404.80875725	4248978	6385630	1006962
mean_skew	[-0.05,0.05)	non-cCRE	HepG2	300276644	300125299	69129009.32099964	89533144.2239522	296738718	-28551962.123907413	336980404.80875725	4248978	6385630	1006962
mean_skew	[-0.05,0.05)	non-cCRE	K562	300276644	300125299	69129009.32099964	89533144.2239522	296738718	-28551962.123907413	336980404.80875725	4248978	6385630	1006962
mean_skew	[-0.05,0.05)	non-cCRE	MCF-7	300276644	300125299	69129009.32099964	89533144.2239522	296738718	-28551962.123907413	336980404.80875725	4248978	6385630	1006962
mean_skew	[-0.05,0.05)	non-cCRE	SK-N-SH	300276644	300125299	69129009.32099964	89533144.2239522	296738718	-28551962.123907413	336980404.80875725	4248978	6385630	1006962
mean_skew	[-0.05,0.05)	pELS	H1	257770	257703	40751.845	19865.585669	257690	62246.42804859417	1180627.0070023343	26948	101782	102523
mean_skew	[-0.05,0.05)	pELS	HCT116	535848	535567	88077.627	52778.164741	535751	79674.65602437107	1997181.907581786	43548	211844	184917
mean_skew	[-0.05,0.05)	pELS	HepG2	465762	465672	78915.557	51283.378847	465470	83144.57901292095	1759952.5314755398	39735	180899	153547
mean_skew	[-0.05,0.05)	pELS	K562	949077	948838	158434.906	97990.961386	948160	130044.92604535374	2906993.05398042	66330	360114	262866
mean_skew	[-0.05,0.05)	pELS	MCF-7	485970	485848	83247.792	48699.637064	485969	107505.95301315343	1824820.304106675	45340	200018	182516
mean_skew	[-0.05,0.05)	pELS	SK-N-SH	463452	463354	72209.395	30249.792865	463400	137272.95504152184	1974179.6650573188	49914	194613	184915
mean_skew	[-0.2,-0.05)	Inactive cCRE	H1	17342122	17332247	8573779.056999998	16030927.194713019	17294561	-1189469.6555380833	40176074.98970096	761169	1442473	2117753
mean_skew	[-0.2,-0.05)	Inactive cCRE	HCT116	17280691	17270961	8546923.424999997	15965172.486599017	17233299	-1143090.601470924	40549863.56297321	771919	1427621	2096876
mean_skew	[-0.2,-0.05)	Inactive cCRE	HepG2	17275177	17265220	8523902.223999998	15916790.65437402	17227089	-1152049.4974253408	40449451.57419275	769859	1423411	2135758
mean_skew	[-0.2,-0.05)	Inactive cCRE	K562	16799131	16789282	8360315.912999998	15701044.885201018	16751746	-1140488.042605252	39346308.44199172	747711	1309293	1995374
mean_skew	[-0.2,-0.05)	Inactive cCRE	MCF-7	17239319	17229478	8471417.341999998	15820420.380170017	17190630	-1072495.3975085327	40230425.49302656	766946	1393824	2121092
mean_skew	[-0.2,-0.05)	Inactive cCRE	SK-N-SH	17032795	17022981	8405516.047999999	15769348.947106019	16984240	-1286252.394354036	38540088.163958006	716313	1324564	2043619
mean_skew	[-0.2,-0.05)	Other cCREs	H1	771046	770749	273640.527	388067.348375	769320	43032.89893758647	2774780.774218136	59568	134493	274360
mean_skew	[-0.2,-0.05)	Other cCREs	HCT116	544754	544447	191617.804	284397.9044	543042	4223.902930266466	1598523.4404344412	33487	71803	187264
mean_skew	[-0.2,-0.05)	Other cCREs	HepG2	593522	593320	221450.307	332975.085453	592470	6898.57691745318	1859168.2544101777	37917	94023	194538
mean_skew	[-0.2,-0.05)	Other cCREs	K562	820363	820122	315840.332	476930.87384	819092	-18055.35301949061	2325443.2400199044	46884	128068	251461
mean_skew	[-0.2,-0.05)	Other cCREs	MCF-7	657920	657618	292904.171	478233.641317	657417	-93358.89003313155	2062160.2506185856	36321	106887	182032
mean_skew	[-0.2,-0.05)	Other cCREs	SK-N-SH	962929	962570	418376.828	643052.935574	962221	45871.231818809916	3698026.1068917485	81907	196761	283601
mean_skew	[-0.2,-0.05)	PLS	H1	226700	226634	41073.683	18048.400789	226591	128435.42701936227	1499331.385961602	40245	94359	125734
mean_skew	[-0.2,-0.05)	PLS	HCT116	210352	210284	38915.542	18650.48623	210287	109144.50000074237	1341136.37202096	35813	90029	117485
mean_skew	[-0.2,-0.05)	PLS	HepG2	195940	195887	36931.146	19474.41086	195831	95419.82998299645	1270615.192048134	32968	84651	108323
mean_skew	[-0.2,-0.05)	PLS	K562	218707	218641	41161.488	20624.129932	218601	109226.80601207218	1349130.251323289	36148	93326	120399
mean_skew	[-0.2,-0.05)	PLS	MCF-7	228160	228094	42607.405	20160.968405	228051	130237.93702329062	1444054.729428706	40169	96390	127356
mean_skew	[-0.2,-0.05)	PLS	SK-N-SH	252395	252312	46864.784999999996	21149.425785	252268	154439.0510260662	1621808.6902366385	45601	104763	138263
mean_skew	[-0.2,-0.05)	dELS	H1	133998	133971	50844.674	75127.311574	133894	35939.53797475561	625347.8830325688	14573	24657	52125
mean_skew	[-0.2,-0.05)	dELS	HCT116	331880	331739	135543.546	217525.339576	331555	27070.217927757312	1200948.2475644946	25413	61792	124728
mean_skew	[-0.2,-0.05)	dELS	HepG2	329578	329543	134315.743	215341.989135	329404	52884.80095174048	1232770.534725445	28490	61217	104312
mean_skew	[-0.2,-0.05)	dELS	K562	387584	387504	159542.414	252527.278582	387196	13704.578010097144	1271105.0041109365	24930	68503	117915
mean_skew	[-0.2,-0.05)	dELS	MCF-7	240383	240341	105713.52	169030.288976	240153	14815.454925929545	962920.6266352483	20436	52419	91546
mean_skew	[-0.2,-0.05)	dELS	SK-N-SH	133836	133827	51886.603	72104.107401	133711	47507.654938315965	782207.388452339	18231	29099	58854
mean_skew	[-0.2,-0.05)	non-cCRE	H1	43081688	43048644	21153993.456999995	41709995.77638897	42528544	-8231279.698026931	59172960.31490241	612380	1279466	357094
mean_skew	[-0.2,-0.05)	non-cCRE	HCT116	43081688	43048644	21153993.456999995	41709995.77638897	42528544	-8231279.698026931	59172960.31490241	612380	1279466	357094
mean_skew	[-0.2,-0.05)	non-cCRE	HepG2	43081688	43048644	21153993.456999995	41709995.77638897	42528544	-8231279.698026931	59172960.31490241	612380	1279466	357094
mean_skew	[-0.2,-0.05)	non-cCRE	K562	43081688	43048644	21153993.456999995	41709995.77638897	42528544	-8231279.698026931	59172960.31490241	612380	1279466	357094
mean_skew	[-0.2,-0.05)	non-cCRE	MCF-7	43081688	43048644	21153993.456999995	41709995.77638897	42528544	-8231279.698026931	59172960.31490241	612380	1279466	357094
mean_skew	[-0.2,-0.05)	non-cCRE	SK-N-SH	43081688	43048644	21153993.456999995	41709995.77638897	42528544	-8231279.698026931	59172960.31490241	612380	1279466	357094
mean_skew	[-0.2,-0.05)	pELS	H1	134167	134139	26983.118	17739.627042	134134	68996.14203530445	711685.192583565	19205	53938	66289
mean_skew	[-0.2,-0.05)	pELS	HCT116	240356	240309	53320.742	44163.665688	240317	89586.3310410819	1096748.6025037628	28128	98675	109908
mean_skew	[-0.2,-0.05)	pELS	HepG2	213816	213770	49721.639	45327.742671	213706	83780.6400020755	975214.6701203582	25526	86618	93330
mean_skew	[-0.2,-0.05)	pELS	K562	382248	382191	89460.912	78782.714938	381865	122546.36203149812	1495233.2880510031	39087	150730	151112
mean_skew	[-0.2,-0.05)	pELS	MCF-7	242251	242209	53678.621	42064.603624999996	242249	107735.24602136832	1087659.1257877364	30888	100400	114235
mean_skew	[-0.2,-0.05)	pELS	SK-N-SH	226078	226050	43676.795	24254.466627	226060	125368.80699976924	1145089.8759581218	32708	94733	111924
mean_skew	[-0.5,-0.2)	Inactive cCRE	H1	3428904	3426846	1923418.438	3701949.929518	3418967	-332529.0018647931	8812607.665025296	162484	326194	669191
mean_skew	[-0.5,-0.2)	Inactive cCRE	HCT116	3413793	3411780	1912489.552	3672968.455494	3403948	-328641.98180784704	8844852.474495158	163242	324145	661107
mean_skew	[-0.5,-0.2)	Inactive cCRE	HepG2	3435917	3433851	1914701.388	3672782.53553	3425883	-310129.81784554245	8968828.897524435	167135	326221	682461
mean_skew	[-0.5,-0.2)	Inactive cCRE	K562	3271209	3269209	1853389.335	3587123.794125	3261481	-333497.0958947206	8444994.640055778	154643	290150	618239
mean_skew	[-0.5,-0.2)	Inactive cCRE	MCF-7	3406772	3404765	1895917.997	3642738.528413	3396627	-306320.4368198956	8805025.522287844	162817	313869	672952
mean_skew	[-0.5,-0.2)	Inactive cCRE	SK-N-SH	3364579	3362577	1887230.443	3646931.424817	3354463	-385230.1608129738	8304736.166078757	147334	296493	653457
mean_skew	[-0.5,-0.2)	Other cCREs	H1	227384	227316	82109.359	116004.510665	226970	62920.59794686001	1013751.0757989067	25093	42678	111697
mean_skew	[-0.5,-0.2)	Other cCREs	HCT116	157606	157534	57570.325	87222.673499	157169	49679.52390701825	691589.7425106121	17376	21575	77798
mean_skew	[-0.5,-0.2)	Other cCREs	HepG2	166984	166926	64559.944	98798.080476	166698	44904.45495193988	723939.8523666995	17831	28482	79234
mean_skew	[-0.5,-0.2)	Other cCREs	K562	249800	249718	100967.671	155329.33001499998	249349	44775.342950906015	956512.9987033496	22727	40808	107851
mean_skew	[-0.5,-0.2)	Other cCREs	MCF-7	183748	183642	82994.502	135448.907554	183577	15107.093928010883	748496.8752205581	16568	31854	74469
mean_skew	[-0.5,-0.2)	Other cCREs	SK-N-SH	258880	258756	111585.139	169078.666077	258651	68133.54994774889	1229248.9156046922	30551	56462	106652
mean_skew	[-0.5,-0.2)	PLS	H1	94708	94682	16716.346	6965.955096	94663	125455.19398900928	895654.2285667318	26865	39952	58550
mean_skew	[-0.5,-0.2)	PLS	HCT116	87872	87846	15839.751	7290.374215	87853	113112.92301230623	814021.9392682267	24575	37798	54665
mean_skew	[-0.5,-0.2)	PLS	HepG2	81891	81870	15025.367	7592.355121	81846	102879.80098518895	757386.4086248137	22536	35647	50543
mean_skew	[-0.5,-0.2)	PLS	K562	90453	90430	16627.651	8178.903993	90426	113309.72599367854	812915.3175308531	24580	38761	55824
mean_skew	[-0.5,-0.2)	PLS	MCF-7	94786	94762	17108.526	7629.34406	94741	125795.35598513194	877074.0373266622	26946	40359	58834
mean_skew	[-0.5,-0.2)	PLS	SK-N-SH	103622	103593	18615.739999999998	7877.251838	103574	140472.86099057097	966783.7733788753	29718	43400	63755
mean_skew	[-0.5,-0.2)	dELS	H1	40164	40156	15439.417	22610.720103	40124	17679.381012309463	215852.03374358432	5423	7793	20813
mean_skew	[-0.5,-0.2)	dELS	HCT116	101390	101350	43658.737	71427.096295	101262	24787.991969768893	437439.8983234008	10598	19985	50227
mean_skew	[-0.5,-0.2)	dELS	HepG2	86377	86371	37495.033	61130.319637	86343	26701.889996118392	397434.13788623386	9819	17531	38691
mean_skew	[-0.5,-0.2)	dELS	K562	116732	116691	49704.268000000004	79534.197124	116623	18958.57803084725	449992.2127479549	10057	21879	49537
mean_skew	[-0.5,-0.2)	dELS	MCF-7	73476	73455	33517.2	54153.909638	73400	16312.792988524316	345608.7567939477	8217	16684	36352
mean_skew	[-0.5,-0.2)	dELS	SK-N-SH	39552	39548	15812.683	22057.268197	39509	24215.984967072276	272361.5675824697	6893	9278	21797
mean_skew	[-0.5,-0.2)	non-cCRE	H1	5383911	5379211	3520804.888	7159648.814744	5330181	-1671147.209556833	8426497.557637658	64992	208949	87573
mean_skew	[-0.5,-0.2)	non-cCRE	HCT116	5383911	5379211	3520804.888	7159648.814744	5330181	-1671147.209556833	8426497.557637658	64992	208949	87573
mean_skew	[-0.5,-0.2)	non-cCRE	HepG2	5383911	5379211	3520804.888	7159648.814744	5330181	-1671147.209556833	8426497.557637658	64992	208949	87573
mean_skew	[-0.5,-0.2)	non-cCRE	K562	5383911	5379211	3520804.888	7159648.814744	5330181	-1671147.209556833	8426497.557637658	64992	208949	87573
mean_skew	[-0.5,-0.2)	non-cCRE	MCF-7	5383911	5379211	3520804.888	7159648.814744	5330181	-1671147.209556833	8426497.557637658	64992	208949	87573
mean_skew	[-0.5,-0.2)	non-cCRE	SK-N-SH	5383911	5379211	3520804.888	7159648.814744	5330181	-1671147.209556833	8426497.557637658	64992	208949	87573
mean_skew	[-0.5,-0.2)	pELS	H1	45920	45914	9225.832	5888.933552	45917	46203.16098818438	338900.97471448604	10031	18804	26924
mean_skew	[-0.5,-0.2)	pELS	HCT116	76419	76404	17351.027	14511.449431000001	76409	60790.87499032371	488861.9232516063	14105	31918	43378
mean_skew	[-0.5,-0.2)	pELS	HepG2	65911	65896	15127.66	13116.758170000001	65871	55373.00398386549	429176.68144682195	12575	27540	36246
mean_skew	[-0.5,-0.2)	pELS	K562	108886	108866	26220.467	23253.823677	108762	76182.78099085913	612350.8088110695	17889	43823	55724
mean_skew	[-0.5,-0.2)	pELS	MCF-7	78298	78290	17371.167	13449.359269	78296	68834.52598979861	500560.78621999314	15348	32655	44568
mean_skew	[-0.5,-0.2)	pELS	SK-N-SH	70447	70440	13665.387	7475.438005	70444	72137.09697915206	503635.5552042111	15400	29788	41514
mean_skew	[-1.0,-0.5)	Inactive cCRE	H1	837233	836932	527843.445	1047060.254921	834857	-49623.03206140562	2529495.044548925	47923	82589	234786
mean_skew	[-1.0,-0.5)	Inactive cCRE	HCT116	824221	823936	523787.284	1038473.980322	821829	-70124.97000609581	2416680.010392518	44705	81460	225054
mean_skew	[-1.0,-0.5)	Inactive cCRE	HepG2	843847	843554	526973.47	1040853.143976	841428	-44246.75202911418	2573419.94163144	49381	83594	239515
mean_skew	[-1.0,-0.5)	Inactive cCRE	K562	784777	784503	501521.889	1001881.360811	782517	-67439.59802383861	2296883.044754094	42377	71778	210562
mean_skew	[-1.0,-0.5)	Inactive cCRE	MCF-7	833760	833480	521158.029	1031568.589381	831323	-44975.4650750208	2511713.388692327	47564	79621	236998
mean_skew	[-1.0,-0.5)	Inactive cCRE	SK-N-SH	830947	830669	523136.332	1039865.030846	828500	-72337.84703750246	2368696.9656754336	43311	76215	236743
mean_skew	[-1.0,-0.5)	Other cCREs	H1	78883	78875	30780.014	44108.387048	78752	60880.82295880688	562358.3400897845	14522	14499	51111
mean_skew	[-1.0,-0.5)	Other cCREs	HCT116	62265	62250	22594.702	32817.61508	62150	67165.20392414347	534255.7306592332	13630	8135	42620
mean_skew	[-1.0,-0.5)	Other cCREs	HepG2	59337	59322	23884.268	35915.9775	59242	59216.64492960265	496058.6525749709	12638	10045	39719
mean_skew	[-1.0,-0.5)	Other cCREs	K562	91243	91214	40070.362	62548.366214	91052	65502.73692548076	632484.8371996892	15720	14749	54796
mean_skew	[-1.0,-0.5)	Other cCREs	MCF-7	62291	62281	28625.394	45694.705444	62213	42296.216974602445	452105.04045509	11013	10683	36400
mean_skew	[-1.0,-0.5)	Other cCREs	SK-N-SH	77500	77477	34354.076	51800.747584	77429	62409.80498404066	594885.2467816229	15325	16963	43600
mean_skew	[-1.0,-0.5)	PLS	H1	33861	33859	6059.894	2564.964176	33843	80910.78300604169	514582.67219903786	14808	14737	23456
mean_skew	[-1.0,-0.5)	PLS	HCT116	31791	31789	5898.707	2915.885173	31782	74336.27900865079	471156.24737110233	13717	13997	22122
mean_skew	[-1.0,-0.5)	PLS	HepG2	29712	29711	5619.264	3007.26564	29694	68995.83801469368	441898.03024398524	12728	13154	20686
mean_skew	[-1.0,-0.5)	PLS	K562	32502	32502	6165.729	3293.102439	32492	74087.4350161329	469072.5754133097	13687	14254	22489
mean_skew	[-1.0,-0.5)	PLS	MCF-7	33729	33728	6186.228	2885.678394	33711	80124.42899877961	503970.31025769113	14712	14747	23402
mean_skew	[-1.0,-0.5)	PLS	SK-N-SH	35996	35990	6489.822	2741.322592	35978	86491.14198917885	543968.3671692173	15821	15566	24781
mean_skew	[-1.0,-0.5)	dELS	H1	12616	12613	5274.96	7867.1253560000005	12592	9207.252990670962	81199.38302674353	2187	2532	7733
mean_skew	[-1.0,-0.5)	dELS	HCT116	35079	35074	15124.619	24558.647783	35046	21025.511975335656	200501.8592359471	5494	6933	21336
mean_skew	[-1.0,-0.5)	dELS	HepG2	24059	24056	11706.153	19650.533435	24055	12925.991988132948	139819.59570129903	3644	5077	13678
mean_skew	[-1.0,-0.5)	dELS	K562	37519	37514	17412.917	28711.951313	37477	14358.422990251096	180696.05508096033	4499	7049	19933
mean_skew	[-1.0,-0.5)	dELS	MCF-7	23861	23842	11671.788	19217.208756	23844	13038.759989646389	147686.67703336876	3884	5403	14522
mean_skew	[-1.0,-0.5)	dELS	SK-N-SH	12131	12128	4948.127	6862.651645	12116	13854.451966341936	113874.64318385994	2934	2902	7903
mean_skew	[-1.0,-0.5)	non-cCRE	H1	915473	914992	702962.434	1510588.37472	907472	-318128.3105041496	1562767.0047608542	11188	41104	23240
mean_skew	[-1.0,-0.5)	non-cCRE	HCT116	915473	914992	702962.434	1510588.37472	907472	-318128.3105041496	1562767.0047608542	11188	41104	23240
mean_skew	[-1.0,-0.5)	non-cCRE	HepG2	915473	914992	702962.434	1510588.37472	907472	-318128.3105041496	1562767.0047608542	11188	41104	23240
mean_skew	[-1.0,-0.5)	non-cCRE	K562	915473	914992	702962.434	1510588.37472	907472	-318128.3105041496	1562767.0047608542	11188	41104	23240
mean_skew	[-1.0,-0.5)	non-cCRE	MCF-7	915473	914992	702962.434	1510588.37472	907472	-318128.3105041496	1562767.0047608542	11188	41104	23240
mean_skew	[-1.0,-0.5)	non-cCRE	SK-N-SH	915473	914992	702962.434	1510588.37472	907472	-318128.3105041496	1562767.0047608542	11188	41104	23240
mean_skew	[-1.0,-0.5)	pELS	H1	14225	14225	3016.884	2063.029322	14223	23404.99001070009	154633.57051446917	4425	6032	9322
mean_skew	[-1.0,-0.5)	pELS	HCT116	23462	23455	5569.885	4897.632465	23460	32378.7920027799	219675.16272015902	6319	9864	15276
mean_skew	[-1.0,-0.5)	pELS	HepG2	19863	19861	4792.042	4236.840272	19848	27889.094001498885	191072.79022726452	5474	8519	12810
mean_skew	[-1.0,-0.5)	pELS	K562	30777	30771	7804.3	7228.980046	30729	38271.81999678782	263132.49793090584	7582	12559	18628
mean_skew	[-1.0,-0.5)	pELS	MCF-7	23177	23173	5333.758	4297.578848	23176	34296.87601680633	226793.5939404822	6692	9935	15086
mean_skew	[-1.0,-0.5)	pELS	SK-N-SH	20244	20240	4046.84	2394.008156	20244	34363.26500275497	220843.78756882693	6474	8743	13381
mean_skew	[-1.5,-1.0)	Inactive cCRE	H1	167439	167389	113699.248	235009.289946	166789	-4685.711985825326	514453.61722526123	9853	16809	55545
mean_skew	[-1.5,-1.0)	Inactive cCRE	HCT116	162791	162741	112245.756	232176.601326	162121	-8949.02397843508	489053.89125505026	9078	16239	52119
mean_skew	[-1.5,-1.0)	Inactive cCRE	HepG2	168358	168306	113260.115	233327.365075	167681	-1226.2719860774243	536606.0030909033	10464	16831	56343
mean_skew	[-1.5,-1.0)	Inactive cCRE	K562	154230	154182	106191.164	221146.183208	153601	-9190.355983203748	455495.81418558996	8488	14227	48153
mean_skew	[-1.5,-1.0)	Inactive cCRE	MCF-7	167517	167468	112425.178	231661.147364	166862	-2491.4859879266005	517378.29906329175	9982	16373	56398
mean_skew	[-1.5,-1.0)	Inactive cCRE	SK-N-SH	168428	168381	113400.485	234523.334239	167743	-7314.037979494669	491408.1665672033	9322	15882	57359
mean_skew	[-1.5,-1.0)	Other cCREs	H1	16805	16805	6634.197	9889.882471	16769	20221.706001678474	158619.61373976586	4002	2925	12097
mean_skew	[-1.5,-1.0)	Other cCREs	HCT116	13407	13407	4787.302	7130.661514	13386	17831.717005630144	134289.49522041486	3261	1648	9931
mean_skew	[-1.5,-1.0)	Other cCREs	HepG2	13097	13097	5378.89	8452.462592	13089	17369.013012756706	133726.04155018253	3273	2136	9558
mean_skew	[-1.5,-1.0)	Other cCREs	K562	20470	20466	9547.72	15836.447744	20434	19707.538005228977	169684.7796927476	4056	3172	13700
mean_skew	[-1.5,-1.0)	Other cCREs	MCF-7	12384	12381	5872.257	9786.772297	12361	13166.860018947156	117919.47519547734	2759	2024	8208
mean_skew	[-1.5,-1.0)	Other cCREs	SK-N-SH	14430	14426	6641.626	10350.583854	14426	17344.363007460022	147076.21779806179	3532	3080	9180
mean_skew	[-1.5,-1.0)	PLS	H1	8051	8049	1452.611	584.396847	8042	27920.4229826606	181569.61970048095	4717	3708	6136
mean_skew	[-1.5,-1.0)	PLS	HCT116	7682	7681	1467.998	760.931412	7675	26165.48298907384	168917.6030480576	4475	3597	5826
mean_skew	[-1.5,-1.0)	PLS	HepG2	7231	7231	1435.301	835.852441	7222	24706.43198937457	160877.19342398836	4203	3401	5484
mean_skew	[-1.5,-1.0)	PLS	K562	7859	7859	1572.016	968.909238	7851	26228.0459867036	169958.4776773114	4475	3618	5921
mean_skew	[-1.5,-1.0)	PLS	MCF-7	7914	7914	1498.433	746.545933	7905	27508.488985176187	177265.55796289598	4686	3679	6008
mean_skew	[-1.5,-1.0)	PLS	SK-N-SH	8333	8332	1526.31	649.896176	8324	29008.459980498057	187120.56756598895	4929	3825	6291
mean_skew	[-1.5,-1.0)	dELS	H1	2706	2706	1142.997	1801.165163	2705	2612.936003057053	19986.968630682117	560	517	1826
mean_skew	[-1.5,-1.0)	dELS	HCT116	8962	8961	3749.5299999999997	6299.57682	8962	7871.890993249486	60673.987079546845	1739	1640	6205
mean_skew	[-1.5,-1.0)	dELS	HepG2	5140	5140	2434.242	4102.973572	5140	3979.3519898279346	34094.6335310015	932	1063	3462
mean_skew	[-1.5,-1.0)	dELS	K562	9141	9141	4454.396	7790.567056	9122	5103.615995369735	50324.089337345555	1300	1659	5783
mean_skew	[-1.5,-1.0)	dELS	MCF-7	5459	5459	2591.8379999999997	4420.495598	5452	4647.524990684935	41375.982089236066	1106	1171	3807
mean_skew	[-1.5,-1.0)	dELS	SK-N-SH	2739	2739	1150.974	1642.875434	2739	4023.7379934503692	30044.968738709093	829	659	1996
mean_skew	[-1.5,-1.0)	non-cCRE	H1	194394	194316	168252.253	377884.552397	192343	-67118.15683932623	308199.29107094585	1844	9057	4682
mean_skew	[-1.5,-1.0)	non-cCRE	HCT116	194394	194316	168252.253	377884.552397	192343	-67118.15683932623	308199.29107094585	1844	9057	4682
mean_skew	[-1.5,-1.0)	non-cCRE	HepG2	194394	194316	168252.253	377884.552397	192343	-67118.15683932623	308199.29107094585	1844	9057	4682
mean_skew	[-1.5,-1.0)	non-cCRE	K562	194394	194316	168252.253	377884.552397	192343	-67118.15683932623	308199.29107094585	1844	9057	4682
mean_skew	[-1.5,-1.0)	non-cCRE	MCF-7	194394	194316	168252.253	377884.552397	192343	-67118.15683932623	308199.29107094585	1844	9057	4682
mean_skew	[-1.5,-1.0)	non-cCRE	SK-N-SH	194394	194316	168252.253	377884.552397	192343	-67118.15683932623	308199.29107094585	1844	9057	4682
mean_skew	[-1.5,-1.0)	pELS	H1	3071	3071	669.471	489.338163	3069	7063.838005827278	46053.54716713662	1235	1346	2231
mean_skew	[-1.5,-1.0)	pELS	HCT116	5230	5230	1347.938	1406.301518	5230	10213.12399787968	67748.38986025703	1814	2181	3754
mean_skew	[-1.5,-1.0)	pELS	HepG2	4246	4246	1089.976	1055.4189099999999	4242	8304.66600151628	55379.49486725124	1495	1874	2988
mean_skew	[-1.5,-1.0)	pELS	K562	6372	6372	1833.228	2031.965344	6366	11284.34700329952	75220.20557033218	2048	2629	4278
mean_skew	[-1.5,-1.0)	pELS	MCF-7	4798	4798	1210.818	1159.111398	4794	10301.803000516375	66744.05215242557	1834	2058	3414
mean_skew	[-1.5,-1.0)	pELS	SK-N-SH	4142	4142	879.129	607.382887	4142	10070.668005484275	65033.445793363506	1755	1859	3009
mean_skew	[0.05,0.2)	Inactive cCRE	H1	16311898	16303911	3028345.675999998	2688435.1663260018	16272945	-1058812.0032163216	35424621.38161765	661755	1263545	1578595
mean_skew	[0.05,0.2)	Inactive cCRE	HCT116	16200987	16193113	3008953.444999998	2670733.4233870017	16162209	-992285.3222968223	35614396.10776494	670499	1242374	1546986
mean_skew	[0.05,0.2)	Inactive cCRE	HepG2	16244947	16236898	3012993.088999998	2671277.987427002	16205752	-996602.9832640596	35656390.285348415	671551	1244828	1591105
mean_skew	[0.05,0.2)	Inactive cCRE	K562	15835211	15827239	2943403.713999998	2622941.613468002	15796731	-978764.0462875998	34727385.009416014	653500	1147838	1490065
mean_skew	[0.05,0.2)	Inactive cCRE	MCF-7	16224568	16216641	3000938.625999998	2649395.790572002	16185017	-966647.591244109	35452702.30529481	666319	1223653	1580053
mean_skew	[0.05,0.2)	Inactive cCRE	SK-N-SH	16087434	16079604	2977454.168999998	2640073.719521002	16047925	-1152679.706084293	34206826.37897332	626180	1170787	1529196
mean_skew	[0.05,0.2)	Other cCREs	H1	650315	650123	109913.994	76734.803964	649186	-16460.3260683981	2169991.229199249	42822	108981	193931
mean_skew	[0.05,0.2)	Other cCREs	HCT116	501345	501163	83393.899	58030.882347	500213	-53559.37294772499	1307611.3236161252	23319	62839	143358
mean_skew	[0.05,0.2)	Other cCREs	HepG2	511237	511107	87846.909	63815.059665	510501	-50951.35300907212	1461320.981473493	25575	78046	139737
mean_skew	[0.05,0.2)	Other cCREs	K562	703247	703077	123833.616	94216.574848	702118	-72038.83095574717	1835182.328344505	32556	105620	179698
mean_skew	[0.05,0.2)	Other cCREs	MCF-7	564807	564590	105460.09	90821.34742	564362	-106318.95304071975	1632433.0453706647	26365	88156	131069
mean_skew	[0.05,0.2)	Other cCREs	SK-N-SH	782436	782105	146763.927	120544.262873	781876	21968.330892253096	2843322.526197857	62326	156604	196815
mean_skew	[0.05,0.2)	PLS	H1	163687	163638	23032.391	7184.719559	163607	47908.71597814384	1044580.1338587329	24502	68687	80768
mean_skew	[0.05,0.2)	PLS	HCT116	151721	151674	21495.484	7020.419684	151681	35724.54195997062	935286.2509824384	21424	65617	75645
mean_skew	[0.05,0.2)	PLS	HepG2	141207	141171	19889.707	6551.800331	141127	28086.699973651102	885267.5953016708	19406	61895	69703
mean_skew	[0.05,0.2)	PLS	K562	158301	158262	22625.24	7593.862316	158225	35498.66194888147	944974.8444500519	21661	68137	77534
mean_skew	[0.05,0.2)	PLS	MCF-7	163703	163657	23469.13	7712.3314	163623	48176.68895991182	998086.6474807095	24142	69974	81413
mean_skew	[0.05,0.2)	PLS	SK-N-SH	181573	181510	26020.403	8306.071357	181480	63263.74195385365	1121551.535113956	27759	76144	88736
mean_skew	[0.05,0.2)	dELS	H1	107668	107655	18765.72	14078.155123999999	107599	20958.18297459919	440015.1631161057	10225	18921	34646
mean_skew	[0.05,0.2)	dELS	HCT116	286355	286259	52421.979	43876.588743	286098	-1028.8110171961557	916422.5035305278	17804	50890	89381
mean_skew	[0.05,0.2)	dELS	HepG2	268553	268539	48801.76	38826.720098	268411	10645.177996355696	872131.8730557531	18550	48207	68269
mean_skew	[0.05,0.2)	dELS	K562	318491	318449	57804.875	46595.111317	318232	-12489.50800281344	934177.5887692233	16856	53985	79028
mean_skew	[0.05,0.2)	dELS	MCF-7	192747	192719	36870.657	32535.489213	192573	-3112.313983834224	700186.1024149325	14005	40596	61545
mean_skew	[0.05,0.2)	dELS	SK-N-SH	105865	105860	19188.222	14436.816668	105788	27447.753951119033	569761.2667702814	13049	22504	39865
mean_skew	[0.05,0.2)	non-cCRE	H1	46523755	46499324	8207783.258999991	6971771.180948983	45962942	-7068293.57159667	57314339.16248618	591546	1247765	268865
mean_skew	[0.05,0.2)	non-cCRE	HCT116	46523755	46499324	8207783.258999991	6971771.180948983	45962942	-7068293.57159667	57314339.16248618	591546	1247765	268865
mean_skew	[0.05,0.2)	non-cCRE	HepG2	46523755	46499324	8207783.258999991	6971771.180948983	45962942	-7068293.57159667	57314339.16248618	591546	1247765	268865
mean_skew	[0.05,0.2)	non-cCRE	K562	46523755	46499324	8207783.258999991	6971771.180948983	45962942	-7068293.57159667	57314339.16248618	591546	1247765	268865
mean_skew	[0.05,0.2)	non-cCRE	MCF-7	46523755	46499324	8207783.258999991	6971771.180948983	45962942	-7068293.57159667	57314339.16248618	591546	1247765	268865
mean_skew	[0.05,0.2)	non-cCRE	SK-N-SH	46523755	46499324	8207783.258999991	6971771.180948983	45962942	-7068293.57159667	57314339.16248618	591546	1247765	268865
mean_skew	[0.05,0.2)	pELS	H1	107372	107359	15027.262	5288.21652	107352	35277.71901983908	534074.4350385158	13195	43335	46009
mean_skew	[0.05,0.2)	pELS	HCT116	200532	200477	28820.236	12059.747331999999	200488	40021.25298963522	839566.1569362141	19453	81749	78579
mean_skew	[0.05,0.2)	pELS	HepG2	174996	174971	25553.578	11249.493972	174898	37694.74699098734	738171.6076509171	17417	70493	65135
mean_skew	[0.05,0.2)	pELS	K562	325690	325659	47417.598	20373.899544	325383	56666.011985141435	1171562.571850469	27926	127889	107624
mean_skew	[0.05,0.2)	pELS	MCF-7	195115	195079	28346.54	11256.102888	195114	56774.45799661348	829874.2422691418	21668	81090	79869
mean_skew	[0.05,0.2)	pELS	SK-N-SH	183632	183607	25658.322	8360.191074	183620	68872.16797492959	871820.635774835	23185	77430	79337
mean_skew	[0.2,0.5)	Inactive cCRE	H1	2800782	2799164	589143.583	662433.286913	2792708	-194672.3038436195	6195629.937990488	116166	253034	361403
mean_skew	[0.2,0.5)	Inactive cCRE	HCT116	2786951	2785385	585575.878	656873.308936	2778914	-177236.13186705348	6285521.988006996	119078	250883	354872
mean_skew	[0.2,0.5)	Inactive cCRE	HepG2	2809091	2807482	588889.997	659463.450801	2800993	-174274.0008711903	6348474.8750482965	120812	253143	369975
mean_skew	[0.2,0.5)	Inactive cCRE	K562	2704968	2703388	569859.691	644072.873997	2697030	-181886.2528750856	6058449.939934493	114145	228055	337691
mean_skew	[0.2,0.5)	Inactive cCRE	MCF-7	2779302	2777722	581965.4619999999	651819.259536	2771128	-176977.78486485634	6192283.849347434	116496	242786	360561
mean_skew	[0.2,0.5)	Inactive cCRE	SK-N-SH	2745373	2743805	575724.034	649371.905026	2737206	-228421.93481842236	5872775.504146315	106009	228659	347049
mean_skew	[0.2,0.5)	Other cCREs	H1	154933	154908	26999.715	21150.179729	154687	12243.739985509184	549887.5064694785	12257	28468	54968
mean_skew	[0.2,0.5)	Other cCREs	HCT116	108542	108504	18916.769	15508.512763	108293	-2141.8789900065167	308426.79536602105	6424	14471	37918
mean_skew	[0.2,0.5)	Other cCREs	HepG2	109761	109732	19706.035	16460.627967	109575	-750.7459956174733	332371.76718340034	6879	18349	37008
mean_skew	[0.2,0.5)	Other cCREs	K562	158386	158343	29482.15	25965.563514	158133	-3797.1250049712853	450585.440823805	9121	25982	50026
mean_skew	[0.2,0.5)	Other cCREs	MCF-7	129153	129099	25151.005	24122.004881	129033	-14243.115993199872	405066.87225753686	7557	21738	36615
mean_skew	[0.2,0.5)	Other cCREs	SK-N-SH	185284	185220	36340.403	32650.515139	185135	22425.25096257754	715893.8298569039	17120	40756	55448
mean_skew	[0.2,0.5)	PLS	H1	51788	51782	7143.088	2139.044548	51750	31510.28097049158	379617.36515225243	9891	21550	26540
mean_skew	[0.2,0.5)	PLS	HCT116	47515	47508	6638.2080000000005	2159.741172	47491	25800.76597284352	336691.55577838514	8616	20365	24610
mean_skew	[0.2,0.5)	PLS	HepG2	43748	43743	6097.208	2018.921142	43710	21732.843980292444	310990.6670310167	7709	18952	22494
mean_skew	[0.2,0.5)	PLS	K562	49228	49219	6955.024	2305.441238	49198	26011.609982650945	337794.78687368723	8723	20934	25118
mean_skew	[0.2,0.5)	PLS	MCF-7	51905	51898	7315.997	2336.426589	51867	32033.186969550934	366415.2246538355	9847	21992	26808
mean_skew	[0.2,0.5)	PLS	SK-N-SH	57699	57683	8154.524	2545.922226	57659	39094.61297465547	413485.7977876378	11335	23983	29342
mean_skew	[0.2,0.5)	dELS	H1	26075	26072	4588.825	3690.281433	26054	8131.890002617961	119924.08376192974	2915	4795	9924
mean_skew	[0.2,0.5)	dELS	HCT116	68728	68696	13444.587	13067.089609	68666	6589.169998956841	234819.47992703939	5254	12730	26066
mean_skew	[0.2,0.5)	dELS	HepG2	56800	56795	10939.816	10147.996552	56769	8214.025007252585	207001.1482838418	4732	11273	18232
mean_skew	[0.2,0.5)	dELS	K562	72888	72875	14286.697	13426.773019	72823	3518.053996150265	232339.8947267856	4786	13372	22896
mean_skew	[0.2,0.5)	dELS	MCF-7	49238	49231	9738.034	9358.83332	49190	4988.643008227459	192314.569835656	4318	10815	18281
mean_skew	[0.2,0.5)	dELS	SK-N-SH	25734	25732	4871.626	4014.30043	25711	10622.836981569533	146751.98413521415	3650	5720	11396
mean_skew	[0.2,0.5)	non-cCRE	H1	5469817	5465663	1097316.176	1242129.829532	5413034	-927647.2686759565	6956406.747256499	67586	191483	54242
mean_skew	[0.2,0.5)	non-cCRE	HCT116	5469817	5465663	1097316.176	1242129.829532	5413034	-927647.2686759565	6956406.747256499	67586	191483	54242
mean_skew	[0.2,0.5)	non-cCRE	HepG2	5469817	5465663	1097316.176	1242129.829532	5413034	-927647.2686759565	6956406.747256499	67586	191483	54242
mean_skew	[0.2,0.5)	non-cCRE	K562	5469817	5465663	1097316.176	1242129.829532	5413034	-927647.2686759565	6956406.747256499	67586	191483	54242
mean_skew	[0.2,0.5)	non-cCRE	MCF-7	5469817	5465663	1097316.176	1242129.829532	5413034	-927647.2686759565	6956406.747256499	67586	191483	54242
mean_skew	[0.2,0.5)	non-cCRE	SK-N-SH	5469817	5465663	1097316.176	1242129.829532	5413034	-927647.2686759565	6956406.747256499	67586	191483	54242
mean_skew	[0.2,0.5)	pELS	H1	31164	31162	4372.144	1552.545326	31162	18700.35200856161	183078.27911028682	5071	12631	14810
mean_skew	[0.2,0.5)	pELS	HCT116	53006	52995	7671.9130000000005	3356.685469	52997	22902.034008820665	262677.35340599343	6928	22029	24179
mean_skew	[0.2,0.5)	pELS	HepG2	45342	45336	6614.299	2874.341487	45314	20991.837002823817	229298.71493787802	6168	18761	19936
mean_skew	[0.2,0.5)	pELS	K562	79272	79263	11663.793	5194.686181	79177	32067.67302481667	348967.11012566497	9525	32135	31914
mean_skew	[0.2,0.5)	pELS	MCF-7	55144	55138	8076.857	3328.813623	55143	30113.030003838827	272056.6563899714	8082	23147	25380
mean_skew	[0.2,0.5)	pELS	SK-N-SH	50652	50648	7156.768	2382.695128	50650	32193.193023180946	279230.05655836686	8186	21360	24410
mean_skew	[0.5,1.0)	Inactive cCRE	H1	606157	605806	140530.763	176827.304021	604328	-66111.16492289933	1365981.1007069102	24397	58265	90189
mean_skew	[0.5,1.0)	Inactive cCRE	HCT116	604140	603794	139396.005	174406.949797	602328	-60894.77993672386	1398404.2297837331	25329	58090	89047
mean_skew	[0.5,1.0)	Inactive cCRE	HepG2	611177	610822	140861.606	176219.009632	609345	-58741.003926289486	1426683.3931148243	26121	59036	92881
mean_skew	[0.5,1.0)	Inactive cCRE	K562	585669	585328	135935.787	171710.060123	583887	-63002.80493392352	1344655.854219233	24031	52782	84556
mean_skew	[0.5,1.0)	Inactive cCRE	MCF-7	600611	600267	138526.546	173685.876664	598766	-62909.70392660867	1360681.7865118503	24308	55843	89982
mean_skew	[0.5,1.0)	Inactive cCRE	SK-N-SH	592383	592043	137012.59	173242.958074	590539	-74982.88291890865	1284699.8434851475	21825	52419	86644
mean_skew	[0.5,1.0)	Other cCREs	H1	36834	36826	6711.845	5756.3905350000005	36795	4757.458007458715	141943.93438701113	3311	7033	13835
mean_skew	[0.5,1.0)	Other cCREs	HCT116	24381	24377	4809.864	4898.085204	24332	-9.676989404250227	72635.38552491882	1593	3303	9078
mean_skew	[0.5,1.0)	Other cCREs	HepG2	24036	24032	4619.988	4408.972854	23999	367.1580036742374	75570.86870367866	1636	4143	8818
mean_skew	[0.5,1.0)	Other cCREs	K562	35855	35843	7163.553	7063.015059	35794	376.79801585583573	111409.55320001829	2371	6010	12157
mean_skew	[0.5,1.0)	Other cCREs	MCF-7	29754	29745	6242.669	6690.179455	29732	-2200.614982312201	102289.74256019478	2011	5096	8721
mean_skew	[0.5,1.0)	Other cCREs	SK-N-SH	44165	44150	9188.896999999999	9009.672769	44140	6925.6520036127195	184793.5957943775	4437	9950	13735
mean_skew	[0.5,1.0)	PLS	H1	12559	12555	1758.826	525.416192	12555	11002.514990635102	106888.30633737113	2860	5294	6451
mean_skew	[0.5,1.0)	PLS	HCT116	11412	11408	1596.485	497.841283	11411	8941.503996770129	92459.2034569077	2438	4944	5883
mean_skew	[0.5,1.0)	PLS	HepG2	10402	10399	1480.043	509.602119	10398	7636.079000862545	85502.38408209341	2164	4589	5418
mean_skew	[0.5,1.0)	PLS	K562	11678	11673	1663.047	543.356839	11677	8752.199995897012	90811.27057131415	2412	5074	6048
mean_skew	[0.5,1.0)	PLS	MCF-7	12566	12562	1785.458	563.345952	12562	10942.358994952641	102721.22956605205	2812	5361	6463
mean_skew	[0.5,1.0)	PLS	SK-N-SH	13971	13966	1989.231	602.311549	13967	12605.779992433381	113385.73580580846	3150	5834	7139
mean_skew	[0.5,1.0)	dELS	H1	6444	6443	1212.667	1097.8537430000001	6437	2240.6120009379224	33489.824472229535	818	1272	2676
mean_skew	[0.5,1.0)	dELS	HCT116	16614	16607	3581.782	3942.826376	16599	2121.4930044024945	63413.69759518067	1438	3242	6711
mean_skew	[0.5,1.0)	dELS	HepG2	13079	13079	2708.739	2720.213073	13074	2093.435009376147	52209.267796436	1220	2684	4703
mean_skew	[0.5,1.0)	dELS	K562	17018	17015	3655.998	3987.858688	17006	1309.5179988347236	60008.08469666036	1276	3235	5862
mean_skew	[0.5,1.0)	dELS	MCF-7	12561	12558	2662.025	2784.699741	12552	1931.1279983907014	53308.645220096056	1252	2799	5008
mean_skew	[0.5,1.0)	dELS	SK-N-SH	6313	6313	1285.132	1153.920782	6309	3019.0860018550875	38729.92359954034	995	1442	2968
mean_skew	[0.5,1.0)	non-cCRE	H1	980225	979565	205153.035	246698.509443	971731	-188892.2386758631	1270950.0235053701	11061	39341	12659
mean_skew	[0.5,1.0)	non-cCRE	HCT116	980225	979565	205153.035	246698.509443	971731	-188892.2386758631	1270950.0235053701	11061	39341	12659
mean_skew	[0.5,1.0)	non-cCRE	HepG2	980225	979565	205153.035	246698.509443	971731	-188892.2386758631	1270950.0235053701	11061	39341	12659
mean_skew	[0.5,1.0)	non-cCRE	K562	980225	979565	205153.035	246698.509443	971731	-188892.2386758631	1270950.0235053701	11061	39341	12659
mean_skew	[0.5,1.0)	non-cCRE	MCF-7	980225	979565	205153.035	246698.509443	971731	-188892.2386758631	1270950.0235053701	11061	39341	12659
mean_skew	[0.5,1.0)	non-cCRE	SK-N-SH	980225	979565	205153.035	246698.509443	971731	-188892.2386758631	1270950.0235053701	11061	39341	12659
mean_skew	[0.5,1.0)	pELS	H1	7909	7908	1101.2549999999999	394.359097	7908	5904.965010536719	52699.293988681144	1454	3290	3923
mean_skew	[0.5,1.0)	pELS	HCT116	13356	13352	1931.22	855.620928	13353	7635.845011624626	74089.9435314634	2042	5575	6355
mean_skew	[0.5,1.0)	pELS	HepG2	11209	11206	1644.98	743.52591	11207	6438.716999045691	61036.54619517148	1699	4702	5254
mean_skew	[0.5,1.0)	pELS	K562	19683	19679	2896.971	1297.0328789999999	19659	10358.674010005083	94117.69720497805	2750	8053	8451
mean_skew	[0.5,1.0)	pELS	MCF-7	14411	14406	2098.658	877.221776	14411	10031.217002246647	82001.05603401086	2457	6055	6900
mean_skew	[0.5,1.0)	pELS	SK-N-SH	13071	13066	1839.506	592.460414	13068	10226.750007676548	79393.36120732994	2433	5509	6588
mean_skew	[1.0,1.5)	Inactive cCRE	H1	105828	105766	24186.271	31198.303173	105503	-12975.13898270461	236701.74826845297	4161	10586	16680
mean_skew	[1.0,1.5)	Inactive cCRE	HCT116	105681	105621	23859.382	30369.643106	105356	-11923.78698243585	243628.2954286048	4371	10558	16417
mean_skew	[1.0,1.5)	Inactive cCRE	HepG2	106816	106754	24324.912	31178.085488	106490	-11558.144982062748	247767.3880543439	4488	10727	17180
mean_skew	[1.0,1.5)	Inactive cCRE	K562	102008	101948	23461.551	30525.944091	101692	-12545.79998700833	233667.84728223793	4114	9539	15665
mean_skew	[1.0,1.5)	Inactive cCRE	MCF-7	104862	104800	23966.477	30938.447629000002	104534	-12299.335985433778	235720.41359355443	4149	10060	16623
mean_skew	[1.0,1.5)	Inactive cCRE	SK-N-SH	102993	102933	23631.972999999998	30785.991953	102667	-14915.461981037282	220720.2091190433	3659	9431	15847
mean_skew	[1.0,1.5)	Other cCREs	H1	6570	6570	1272.922	1201.186392	6561	916.4300021644451	26353.31506160326	622	1301	2464
mean_skew	[1.0,1.5)	Other cCREs	HCT116	3933	3933	957.8580000000001	1277.763384	3926	-213.03700158454012	11983.554237568555	251	577	1513
mean_skew	[1.0,1.5)	Other cCREs	HepG2	4161	4161	821.295	858.072227	4156	-54.832002064096116	13817.318750761106	283	731	1491
mean_skew	[1.0,1.5)	Other cCREs	K562	6235	6234	1200.857	1152.205589	6225	199.9800025250293	18690.47793398497	431	1068	2006
mean_skew	[1.0,1.5)	Other cCREs	MCF-7	5102	5102	1060.268	1150.420112	5096	-587.8549973038034	17813.809214909954	343	956	1492
mean_skew	[1.0,1.5)	Other cCREs	SK-N-SH	7982	7980	1604.584	1532.128126	7975	1377.7049983626935	33532.89264682956	825	1796	2473
mean_skew	[1.0,1.5)	PLS	H1	1969	1969	287.96	85.36689	1969	2114.2880016182335	18837.2396980317	500	805	945
mean_skew	[1.0,1.5)	PLS	HCT116	1780	1780	254.676	68.47613799999999	1780	1702.7180009539006	15989.481279326845	421	723	864
mean_skew	[1.0,1.5)	PLS	HepG2	1569	1569	223.20499999999998	62.313755	1569	1345.8339995369317	13671.657395676199	351	670	745
mean_skew	[1.0,1.5)	PLS	K562	1854	1854	263.68	67.729798	1854	1622.7070006699066	15521.734284799997	409	771	895
mean_skew	[1.0,1.5)	PLS	MCF-7	1996	1996	288.025	75.006239	1996	2057.592000347446	17878.986878883075	492	820	953
mean_skew	[1.0,1.5)	PLS	SK-N-SH	2233	2233	325.614	89.290786	2233	2426.859003516731	20401.72050560954	559	906	1075
mean_skew	[1.0,1.5)	dELS	H1	1147	1147	234.099	244.252375	1147	201.1120003917022	5060.0266887699445	123	223	463
mean_skew	[1.0,1.5)	dELS	HCT116	3037	3036	730.818	891.545256	3035	373.57100160105585	10687.860092193036	243	591	1247
mean_skew	[1.0,1.5)	dELS	HepG2	2292	2292	516.0120000000001	589.937188	2289	346.02700278733414	8887.273208394117	211	458	834
mean_skew	[1.0,1.5)	dELS	K562	3057	3057	707.437	825.570191	3051	146.61700184177602	10064.47693674683	206	581	1040
mean_skew	[1.0,1.5)	dELS	MCF-7	2224	2224	460.21500000000003	456.970957	2223	280.66500121902203	9092.552340791362	220	495	880
mean_skew	[1.0,1.5)	dELS	SK-N-SH	1179	1179	269.898	291.578902	1179	534.7380001629934	6206.285651178276	164	266	559
mean_skew	[1.0,1.5)	non-cCRE	H1	152273	152195	27095.078	27905.057914	150883	-36441.56995941722	206713.93752476756	1517	6824	2222
mean_skew	[1.0,1.5)	non-cCRE	HCT116	152273	152195	27095.078	27905.057914	150883	-36441.56995941722	206713.93752476756	1517	6824	2222
mean_skew	[1.0,1.5)	non-cCRE	HepG2	152273	152195	27095.078	27905.057914	150883	-36441.56995941722	206713.93752476756	1517	6824	2222
mean_skew	[1.0,1.5)	non-cCRE	K562	152273	152195	27095.078	27905.057914	150883	-36441.56995941722	206713.93752476756	1517	6824	2222
mean_skew	[1.0,1.5)	non-cCRE	MCF-7	152273	152195	27095.078	27905.057914	150883	-36441.56995941722	206713.93752476756	1517	6824	2222
mean_skew	[1.0,1.5)	non-cCRE	SK-N-SH	152273	152195	27095.078	27905.057914	150883	-36441.56995941722	206713.93752476756	1517	6824	2222
mean_skew	[1.0,1.5)	pELS	H1	1464	1464	199.955	61.069549	1463	841.2469994225537	7850.738011031095	222	614	732
mean_skew	[1.0,1.5)	pELS	HCT116	2547	2546	378.473	182.750495	2546	1158.4730023577565	12513.876690195872	342	1080	1243
mean_skew	[1.0,1.5)	pELS	HepG2	2140	2140	295.783	101.769721	2139	1019.0540026949018	10659.430318713828	295	943	1034
mean_skew	[1.0,1.5)	pELS	K562	3824	3823	547.682	218.72871	3821	1674.434002863941	16858.531290119274	468	1570	1678
mean_skew	[1.0,1.5)	pELS	MCF-7	2794	2794	406.222	169.333442	2794	1646.8720020634353	14297.305699750552	424	1198	1336
mean_skew	[1.0,1.5)	pELS	SK-N-SH	2591	2591	349.138	91.188612	2589	1674.0979998871926	13941.959805228407	421	1130	1330
mean_skew	[1.5,Inf)	Inactive cCRE	H1	29710	29685	5241.427	5008.258225	29630	-4474.21699058474	65003.6315180492	1063	2980	4324
mean_skew	[1.5,Inf)	Inactive cCRE	HCT116	29815	29790	5171.389	4798.161311	29739	-4302.735991659341	66193.69413944345	1114	2975	4333
mean_skew	[1.5,Inf)	Inactive cCRE	HepG2	30016	29990	5292.307	5018.085977	29936	-4001.8879893142744	66715.71834342771	1150	3057	4480
mean_skew	[1.5,Inf)	Inactive cCRE	K562	28670	28645	5087.088	4914.729928	28593	-4276.794993553193	62557.69151946108	1038	2685	4077
mean_skew	[1.5,Inf)	Inactive cCRE	MCF-7	29645	29620	5246.4039999999995	5045.93444	29565	-4212.4709928103275	65274.64369687145	1091	2897	4349
mean_skew	[1.5,Inf)	Inactive cCRE	SK-N-SH	28983	28960	5141.3279999999995	5010.1232820000005	28903	-4924.498991875793	60483.61212253575	926	2677	4080
mean_skew	[1.5,Inf)	Other cCREs	H1	1810	1809	347.05899999999997	313.889911	1810	247.7050032134866	5898.339501118395	159	403	645
mean_skew	[1.5,Inf)	Other cCREs	HCT116	960	960	239.827	309.65747700000003	957	1.8450021445751217	2602.9557527655093	55	158	323
mean_skew	[1.5,Inf)	Other cCREs	HepG2	1085	1085	208.936	211.774954	1085	-11.538998704520084	3373.744069284468	80	206	354
mean_skew	[1.5,Inf)	Other cCREs	K562	1586	1586	279.121	236.488097	1585	-5.1209959811530545	4604.0970626309645	97	272	471
mean_skew	[1.5,Inf)	Other cCREs	MCF-7	1271	1271	237.948	217.948316	1271	-138.57599795376888	3850.4685321135	76	224	360
mean_skew	[1.5,Inf)	Other cCREs	SK-N-SH	2136	2133	380.635	293.164063	2136	309.2970018479975	7747.372370758855	207	485	648
mean_skew	[1.5,Inf)	PLS	H1	395	395	56.953	12.504437	395	280.52299937442893	2723.9277315220734	77	154	188
mean_skew	[1.5,Inf)	PLS	HCT116	349	349	48.883	8.927151	349	257.1890013071244	2689.5226912279504	70	153	174
mean_skew	[1.5,Inf)	PLS	HepG2	279	279	39.448	7.276398	279	132.2600002959372	1897.6814057849276	45	118	128
mean_skew	[1.5,Inf)	PLS	K562	357	357	52.335	13.420981000000001	357	274.3480008619373	2781.9536123832745	73	154	163
mean_skew	[1.5,Inf)	PLS	MCF-7	402	402	56.817	10.525433	402	335.04399979300814	2672.467629894687	80	166	192
mean_skew	[1.5,Inf)	PLS	SK-N-SH	468	468	67.557	12.918031	468	410.1449999457691	3330.72132700485	98	182	222
mean_skew	[1.5,Inf)	dELS	H1	292	292	46.412	35.845828	292	101.50900153443217	1293.727063430096	37	58	109
mean_skew	[1.5,Inf)	dELS	HCT116	782	781	184.641	228.823405	781	100.64700102200733	2319.532973151601	59	158	283
mean_skew	[1.5,Inf)	dELS	HepG2	654	654	125.099	120.216369	654	38.11600056663156	2366.6460779175213	48	128	219
mean_skew	[1.5,Inf)	dELS	K562	913	912	175.743	170.00438499999998	912	-13.762000081595048	2664.049680848481	60	191	289
mean_skew	[1.5,Inf)	dELS	MCF-7	542	541	101.19	87.672992	542	30.08500231197104	1756.0929618298123	44	130	186
mean_skew	[1.5,Inf)	dELS	SK-N-SH	287	287	50.913000000000004	39.609237	287	165.53000139305374	1821.1874458658433	51	78	137
mean_skew	[1.5,Inf)	non-cCRE	H1	42349	42330	5854.89	3372.235668	41947	-12649.381987916076	61633.57712050998	371	1785	594
mean_skew	[1.5,Inf)	non-cCRE	HCT116	42349	42330	5854.89	3372.235668	41947	-12649.381987916076	61633.57712050998	371	1785	594
mean_skew	[1.5,Inf)	non-cCRE	HepG2	42349	42330	5854.89	3372.235668	41947	-12649.381987916076	61633.57712050998	371	1785	594
mean_skew	[1.5,Inf)	non-cCRE	K562	42349	42330	5854.89	3372.235668	41947	-12649.381987916076	61633.57712050998	371	1785	594
mean_skew	[1.5,Inf)	non-cCRE	MCF-7	42349	42330	5854.89	3372.235668	41947	-12649.381987916076	61633.57712050998	371	1785	594
mean_skew	[1.5,Inf)	non-cCRE	SK-N-SH	42349	42330	5854.89	3372.235668	41947	-12649.381987916076	61633.57712050998	371	1785	594
mean_skew	[1.5,Inf)	pELS	H1	453	453	66.671	20.508516999999998	453	332.93100062245514	2247.511253529898	76	183	200
mean_skew	[1.5,Inf)	pELS	HCT116	754	754	113.782	45.437574	754	431.5060013456969	3361.4315110611265	114	334	353
mean_skew	[1.5,Inf)	pELS	HepG2	626	626	92.732	33.65322	626	331.5020013162868	2813.347171235064	89	269	285
mean_skew	[1.5,Inf)	pELS	K562	1134	1134	164.23499999999999	56.363527	1133	509.78100291406753	4559.345192325849	144	476	466
mean_skew	[1.5,Inf)	pELS	MCF-7	800	800	116.163	28.925737	800	474.3690028191775	3613.4642469401947	121	361	379
mean_skew	[1.5,Inf)	pELS	SK-N-SH	786	786	118.089	35.192305	786	527.9780028490352	3784.2438014843683	130	356	379
