skew_type	skew_bin	ccre_class	af_class	n	n_MR	sum_MR	sum_MR_sq	n_phyloP	sum_phyloP	sum_phyloP_sq	n_conserved	n_tf_chip_peak	n_tf_footprint
HepG2_skew	(-Inf,-1.5)	Other cCREs	COMMON	308	308	408.58	939.875226	307	-207.99299965146926	668.0913893147012	4	18	42
HepG2_skew	(-Inf,-1.5)	Other cCREs	LOW_FREQ	432	432	607.2620000000001	1448.664176	427	-301.3829996061978	1136.92423031153	7	14	66
HepG2_skew	(-Inf,-1.5)	Other cCREs	RARE	1174	1174	1904.4750000000001	4628.602153	1166	-780.3760003633798	2600.4076414857113	13	29	154
HepG2_skew	(-Inf,-1.5)	Other cCREs	SINGLETON	4531	4531	1910.667	3392.131811	4512	-823.48200145748	7657.430999447568	90	160	768
HepG2_skew	(-Inf,-1.5)	Other cCREs	ULTRARARE	5111	5111	6404.894	14658.583282	5085	-2894.586998100162	12736.984093862708	74	201	732
HepG2_skew	(-Inf,-1.5)	PLS	COMMON	27	27	17.5	29.95657	27	-4.35600005136803	40.11592525457867	2	14	15
HepG2_skew	(-Inf,-1.5)	PLS	LOW_FREQ	54	54	49.336	106.815186	54	74.19900058954958	564.7353138128107	14	19	28
HepG2_skew	(-Inf,-1.5)	PLS	RARE	134	134	103.836	191.27749	134	208.60700024082334	1749.0139512800413	44	39	74
HepG2_skew	(-Inf,-1.5)	PLS	SINGLETON	1305	1305	346.999	348.071289	1302	4258.616002467344	30765.483606449452	664	470	877
HepG2_skew	(-Inf,-1.5)	PLS	ULTRARARE	882	882	472.092	805.61092	881	2380.0020034559993	17307.74849532936	401	311	554
HepG2_skew	(-Inf,-1.5)	dELS	COMMON	849	849	1004.703	2278.408757	849	-405.1580004859715	2431.5882824871587	31	97	294
HepG2_skew	(-Inf,-1.5)	dELS	LOW_FREQ	1202	1202	1616.465	3763.673081	1200	-496.6910011656584	3750.825054543025	50	118	445
HepG2_skew	(-Inf,-1.5)	dELS	RARE	3183	3183	4626.092	10931.133762	3178	-1125.0469985540258	11888.557019656602	174	301	1216
HepG2_skew	(-Inf,-1.5)	dELS	SINGLETON	14792	14791	5366.0199999999995	9409.67464	14776	4344.557996762916	54659.50659470954	1373	1480	6841
HepG2_skew	(-Inf,-1.5)	dELS	ULTRARARE	15811	15810	18105.606	40641.883612	15803	-3141.206003033323	57242.79132710966	980	1531	6370
HepG2_skew	(-Inf,-1.5)	non-cCRE	COMMON	1890	1889	2777.552	6460.309712	1880	-1481.3839987706167	4355.845741646211	5	97	31
HepG2_skew	(-Inf,-1.5)	non-cCRE	LOW_FREQ	2380	2379	4004.472	9828.256848	2371	-1868.374997041188	6138.89128972234	12	82	35
HepG2_skew	(-Inf,-1.5)	non-cCRE	RARE	6851	6849	12173.727	29810.021919	6823	-5784.332994185388	18444.64139964551	29	246	123
HepG2_skew	(-Inf,-1.5)	non-cCRE	SINGLETON	21338	21330	9897.79	18379.743776	21198	-4911.402987363979	31697.390030482802	259	937	613
HepG2_skew	(-Inf,-1.5)	non-cCRE	ULTRARARE	28260	28248	40342.721	94586.619455	28128	-18270.914973718573	62303.047541124964	169	1174	521
HepG2_skew	(-Inf,-1.5)	pELS	COMMON	100	100	94.845	191.785667	100	-61.558000296354265	238.8176215811977	0	22	37
HepG2_skew	(-Inf,-1.5)	pELS	LOW_FREQ	112	112	126.995	291.068751	112	40.41899946145713	608.5275737785522	16	24	48
HepG2_skew	(-Inf,-1.5)	pELS	RARE	392	392	435.636	958.501814	392	78.5479999380186	2112.561562721744	44	100	168
HepG2_skew	(-Inf,-1.5)	pELS	SINGLETON	2279	2279	775.355	1160.844687	2278	2334.9440004378553	19414.222196918166	466	597	1190
HepG2_skew	(-Inf,-1.5)	pELS	ULTRARARE	2139	2139	1993.175	4180.801037	2139	1056.7210008450788	13966.37457866991	314	509	1032
HepG2_skew	[-0.05,0.05)	Other cCREs	COMMON	424293	423823	156101.162	257643.595838	421936	-123921.21297290304	753879.0265766333	8732	16613	15098
HepG2_skew	[-0.05,0.05)	Other cCREs	LOW_FREQ	476047	475355	209395.734	382813.50309	472718	-75649.74796122916	806440.9686615639	11902	14601	17320
HepG2_skew	[-0.05,0.05)	Other cCREs	RARE	1187496	1185629	586358.022	1111133.5235620001	1179099	-186615.02990444077	2069572.7888785675	30906	37703	43535
HepG2_skew	[-0.05,0.05)	Other cCREs	SINGLETON	10034661	10029062	1423461.64	929860.9755280002	9997708	451180.93564969505	14933508.449329857	326827	281679	361474
HepG2_skew	[-0.05,0.05)	Other cCREs	ULTRARARE	6867271	6861627	2334602.261	3706107.394497	6832928	-501586.50734888145	11253499.421328664	198551	204414	251152
HepG2_skew	[-0.05,0.05)	PLS	COMMON	14780	14755	3832.852	4424.915096	14755	-3592.0810002624053	61308.88353864876	944	5261	4529
HepG2_skew	[-0.05,0.05)	PLS	LOW_FREQ	18283	18200	5402.48	6866.17657	18257	-497.5760047849021	81984.88775486143	1541	5821	6011
HepG2_skew	[-0.05,0.05)	PLS	RARE	49472	47939	14902.046	19199.908414	49401	1456.751011431801	247981.68393677293	4771	16168	16309
HepG2_skew	[-0.05,0.05)	PLS	SINGLETON	422431	422009	67309.816	38268.084054	422141	130528.29688350679	1905897.4445597182	49000	135344	140080
HepG2_skew	[-0.05,0.05)	PLS	ULTRARARE	300148	297550	77403.624	84225.679814	299875	51397.70101359732	1436977.319172664	32679	97445	101186
HepG2_skew	[-0.05,0.05)	dELS	COMMON	922053	921641	333633.305	526730.595353	920557	-224975.37897197373	2079098.1671195899	29707	78020	87658
HepG2_skew	[-0.05,0.05)	dELS	LOW_FREQ	1063494	1062919	463087.502	809123.85868	1061583	-110051.29505471502	2464225.744536203	43973	72750	104760
HepG2_skew	[-0.05,0.05)	dELS	RARE	2687348	2685887	1304459.557	2358429.248397	2682664	-271587.17914268904	6538866.421264066	116808	186150	268511
HepG2_skew	[-0.05,0.05)	dELS	SINGLETON	23180490	23175363	3411362.565999995	2432440.751882002	23151787	3144519.444997131	50366476.38508536	1248553	1538114	2142773
HepG2_skew	[-0.05,0.05)	dELS	ULTRARARE	15954638	15950187	5733586.535999999	9046105.048133995	15931807	-198691.94704712	37667619.70394736	767219	1095059	1543755
HepG2_skew	[-0.05,0.05)	non-cCRE	COMMON	6730454	6723538	2390977.423	3947247.898775	6654534	-2384062.2222945234	10012494.011714824	63698	183846	21630
HepG2_skew	[-0.05,0.05)	non-cCRE	LOW_FREQ	7524544	7515183	3146392.608	5754219.295147998	7411526	-1662948.031210177	9913851.195678022	87630	162960	25765
HepG2_skew	[-0.05,0.05)	non-cCRE	RARE	18714082	18691766	8782787.537999999	16729551.423316007	18416353	-4143383.3254922954	25001147.145935852	223461	412533	65710
HepG2_skew	[-0.05,0.05)	non-cCRE	SINGLETON	157618909	157558731	21506633.794	12579748.530994153	155960320	-5983943.545565496	161614193.75984818	2379251	3244187	517826
HepG2_skew	[-0.05,0.05)	non-cCRE	ULTRARARE	107754167	107690477	33999916.09	52469127.53784195	106342861	-15248994.174349934	128715148.58355843	1426636	2318583	372652
HepG2_skew	[-0.05,0.05)	pELS	COMMON	122277	122161	37734.629	52525.789603	122106	-31414.15196676042	287861.8237707325	3884	28796	14872
HepG2_skew	[-0.05,0.05)	pELS	LOW_FREQ	143761	143640	52447.748999999996	80646.615163	143481	-14745.721995368942	350126.7021632462	5927	29347	18385
HepG2_skew	[-0.05,0.05)	pELS	RARE	367349	366746	145523.443	232026.271657	366809	-32098.218013120248	946209.5174725075	16572	76139	48059
HepG2_skew	[-0.05,0.05)	pELS	SINGLETON	3278547	3276663	497885.522	331163.795092	3276035	417621.9689013193	7406305.6130692465	181141	683562	415884
HepG2_skew	[-0.05,0.05)	pELS	ULTRARARE	2236171	2232666	695088.304	959031.956972	2233858	-4453.70389424603	5479313.871542762	111676	469112	289969
HepG2_skew	[-0.2,-0.05)	Other cCREs	COMMON	109501	109386	76623.003	157520.658435	108796	-48183.42396537227	216890.31651634385	1684	5034	5777
HepG2_skew	[-0.2,-0.05)	Other cCREs	LOW_FREQ	127587	127375	107772.934	237594.65028	126438	-43593.701965667555	251470.5118695932	2377	4926	6761
HepG2_skew	[-0.2,-0.05)	Other cCREs	RARE	330272	329754	311238.65499999997	697019.169533	327157	-118405.79888790182	664494.4954687061	6387	13087	17993
HepG2_skew	[-0.2,-0.05)	Other cCREs	SINGLETON	2140383	2139073	412878.49	469582.060388	2130403	538.7832756254544	3185496.1235726383	62037	70988	114138
HepG2_skew	[-0.2,-0.05)	Other cCREs	ULTRARARE	1694892	1693412	1088278.921	2206525.830821	1684040	-369239.1136220421	3064327.574693216	39163	62605	91746
HepG2_skew	[-0.2,-0.05)	PLS	COMMON	7104	7097	2452.234	3309.606234	7093	-925.6809985671424	29410.799329123827	567	2737	2672
HepG2_skew	[-0.2,-0.05)	PLS	LOW_FREQ	9881	9872	3884.7470000000003	5653.312671	9864	2063.2910044679875	51302.48459199344	1199	3403	4129
HepG2_skew	[-0.2,-0.05)	PLS	RARE	27486	27196	11190.877	16558.462709	27444	8804.805998380298	149489.2738542109	3741	9630	11569
HepG2_skew	[-0.2,-0.05)	PLS	SINGLETON	222483	222301	42083.55	28718.201344	222336	142796.77901673902	1277846.952968462	37333	78288	96661
HepG2_skew	[-0.2,-0.05)	PLS	ULTRARARE	164515	163853	54435.373999999996	68861.653042	164377	77202.92398605742	941086.2000076518	25217	57265	70991
HepG2_skew	[-0.2,-0.05)	dELS	COMMON	284805	284670	188365.78	367401.067698	284318	-109026.28498708106	727894.6101453378	8319	28227	41266
HepG2_skew	[-0.2,-0.05)	dELS	LOW_FREQ	345612	345437	275516.7	575665.2882140001	344970	-92320.69100862613	920460.3880109873	12971	28859	52883
HepG2_skew	[-0.2,-0.05)	dELS	RARE	905857	905385	802257.604	1704817.544022	904090	-249828.54797679157	2536591.3615290686	36203	76482	141000
HepG2_skew	[-0.2,-0.05)	dELS	SINGLETON	6142399	6141028	1254941.805	1458000.147975	6133830	798608.9655311593	14418747.3148789	351261	495715	897304
HepG2_skew	[-0.2,-0.05)	dELS	ULTRARARE	4914667	4913321	3197481.963	6249950.617365	4906689	-664372.8291616644	13059543.10034955	227933	412636	749124
HepG2_skew	[-0.2,-0.05)	non-cCRE	COMMON	1130833	1129860	795369.559	1668781.908111	1118384	-548307.3755248328	2048181.349622192	10108	42032	8136
HepG2_skew	[-0.2,-0.05)	non-cCRE	LOW_FREQ	1297229	1295715	1114447.093	2512460.455999	1278125	-496409.0504871728	2191933.35049696	13985	39348	10518
HepG2_skew	[-0.2,-0.05)	non-cCRE	RARE	3359382	3355710	3222420.824	7369165.1244	3308616	-1361420.9067222783	5889534.038029007	36461	105483	27553
HepG2_skew	[-0.2,-0.05)	non-cCRE	SINGLETON	21390793	21381443	3951040.099999994	4545442.435900003	21151938	-872034.3472903447	24247354.489497673	364837	610393	176721
HepG2_skew	[-0.2,-0.05)	non-cCRE	ULTRARARE	17034037	17023496	11024837.854999995	22756156.229627006	16820444	-4453171.930511702	25609476.94900868	225730	525607	145544
HepG2_skew	[-0.2,-0.05)	pELS	COMMON	40420	40381	20636.179	35145.021237	40349	-12058.653001234059	107515.5155115027	1469	10523	7460
HepG2_skew	[-0.2,-0.05)	pELS	LOW_FREQ	50502	50447	30939.058	57468.269872	50372	-7402.131987714907	149231.5602524753	2523	11793	10216
HepG2_skew	[-0.2,-0.05)	pELS	RARE	133907	133637	89366.603	169056.228093	133640	-17660.141999563206	408900.5813107269	7355	31112	27500
HepG2_skew	[-0.2,-0.05)	pELS	SINGLETON	1000314	999726	206269.775	202048.520641	999394	221753.24496510113	2806118.4812219674	74627	243261	211123
HepG2_skew	[-0.2,-0.05)	pELS	ULTRARARE	764101	763083	388891.853	662437.852505	763098	3441.458029639675	2282915.966353863	48573	182664	160653
HepG2_skew	[-0.5,-0.2)	Other cCREs	COMMON	20817	20799	17548.395	37710.706993	20645	-10769.417995445549	45004.9771944213	292	1093	1744
HepG2_skew	[-0.5,-0.2)	Other cCREs	LOW_FREQ	24987	24962	24818.455	56694.360047	24753	-10535.030991078238	51189.39005991286	392	1016	2233
HepG2_skew	[-0.5,-0.2)	Other cCREs	RARE	65394	65314	71351.72	165504.31284	64768	-28627.14797756239	139833.8223080052	1113	2886	5957
HepG2_skew	[-0.5,-0.2)	Other cCREs	SINGLETON	382360	382150	84352.815	106664.317955	380361	-14919.353940454552	604371.8659107591	10677	13956	36337
HepG2_skew	[-0.5,-0.2)	Other cCREs	ULTRARARE	322994	322781	242603.503	511445.117855	320815	-92899.58290041926	626081.703596195	6882	13345	29796
HepG2_skew	[-0.5,-0.2)	PLS	COMMON	2099	2092	747.931	1010.876259	2097	317.23899858584616	10352.228418959496	252	919	965
HepG2_skew	[-0.5,-0.2)	PLS	LOW_FREQ	3150	3148	1191.619	1719.647227	3149	2034.5690011613763	18467.091461977718	593	1145	1593
HepG2_skew	[-0.5,-0.2)	PLS	RARE	8911	8888	3633.262	5369.10449	8901	7970.0520058512975	69537.90400263574	1955	3334	4539
HepG2_skew	[-0.5,-0.2)	PLS	SINGLETON	75938	75893	14339.947	9700.773815	75881	102319.68096044289	690158.3453802866	20859	27911	40685
HepG2_skew	[-0.5,-0.2)	PLS	ULTRARARE	55396	55315	18225.746	23195.334362	55354	62390.289961104536	475733.06850852986	13899	20365	29252
HepG2_skew	[-0.5,-0.2)	dELS	COMMON	58152	58133	44247.06	89674.70238	58029	-25696.012974750476	156121.33529715615	1718	6545	12515
HepG2_skew	[-0.5,-0.2)	dELS	LOW_FREQ	72592	72569	66432.571	143891.516369	72425	-22754.03700822254	206794.1981907932	2855	6866	16924
HepG2_skew	[-0.5,-0.2)	dELS	RARE	193324	193244	193603.012	423822.122348	192975	-63178.55998598344	591571.9525716417	8204	18472	45965
HepG2_skew	[-0.5,-0.2)	dELS	SINGLETON	1205697	1205466	275189.83400000003	350927.103558	1203785	175522.87691650627	3273269.4556547236	79109	111021	281001
HepG2_skew	[-0.5,-0.2)	dELS	ULTRARARE	1019797	1019569	760435.676	1545344.796502	1018010	-168002.68717122189	3041003.943007353	52194	97420	243117
HepG2_skew	[-0.5,-0.2)	non-cCRE	COMMON	141384	141272	123574.866	268278.941122	140009	-82268.29593982035	286098.1765900682	1051	6441	1818
HepG2_skew	[-0.5,-0.2)	non-cCRE	LOW_FREQ	164694	164545	176106.135	409463.704413	162596	-79769.2009309521	312037.99869325594	1591	6437	2355
HepG2_skew	[-0.5,-0.2)	non-cCRE	RARE	436343	435951	513730.279	1208885.002919	430897	-224062.38878051328	866037.778963408	4227	17106	6612
HepG2_skew	[-0.5,-0.2)	non-cCRE	SINGLETON	2358975	2357873	549795.269	738218.082407	2335948	-237199.7623049686	3004136.0018845308	39758	86411	40536
HepG2_skew	[-0.5,-0.2)	non-cCRE	ULTRARARE	2097054	2095939	1732415.489	3731684.414899	2074540	-763474.1662106893	3606371.805275762	25801	82167	34469
HepG2_skew	[-0.5,-0.2)	pELS	COMMON	8213	8212	4933.927	8992.281099	8191	-2078.038002952352	23862.56077151259	415	2376	2178
HepG2_skew	[-0.5,-0.2)	pELS	LOW_FREQ	11020	11006	7429.497	14214.908211	10993	-836.9409850188525	38505.67529076952	781	2773	3309
HepG2_skew	[-0.5,-0.2)	pELS	RARE	29757	29715	21589.93	41844.518778	29694	-1298.858004710407	110296.91496004854	2245	7448	9019
HepG2_skew	[-0.5,-0.2)	pELS	SINGLETON	215618	215489	47452.897	48432.909663	215371	92298.26702543847	865434.3866382133	24348	58108	69788
HepG2_skew	[-0.5,-0.2)	pELS	ULTRARARE	167755	167554	92421.239	162514.618457	167500	27128.848982352305	660028.2026595474	15773	43452	52578
HepG2_skew	[-1.0,-0.5)	Other cCREs	COMMON	5169	5167	4936.627	10806.250163	5134	-2850.299996991293	11598.030068615219	69	319	680
HepG2_skew	[-1.0,-0.5)	Other cCREs	LOW_FREQ	6253	6249	7002.659	16284.030233	6207	-2824.555004089721	13707.186301651014	108	270	946
HepG2_skew	[-1.0,-0.5)	Other cCREs	RARE	16540	16527	20336.7	48090.57527	16407	-7809.903999958076	39034.614627228606	332	684	2366
HepG2_skew	[-1.0,-0.5)	Other cCREs	SINGLETON	90066	90033	22260.015	30199.240291000002	89596	272.1810216696459	174334.82739215807	3141	3552	14523
HepG2_skew	[-1.0,-0.5)	Other cCREs	ULTRARARE	80388	80365	68866.296	149466.210396	79864	-22369.90898209624	180312.0036969803	2162	3282	12275
HepG2_skew	[-1.0,-0.5)	PLS	COMMON	483	483	212.44	335.207626	483	262.7820011954754	3209.717307728794	93	214	229
HepG2_skew	[-1.0,-0.5)	PLS	LOW_FREQ	831	831	357.052	528.839748	830	1089.875001962413	7740.785244898143	237	345	489
HepG2_skew	[-1.0,-0.5)	PLS	RARE	2384	2383	1134.867	1870.140661	2383	3645.843999913895	27054.861007000087	764	903	1450
HepG2_skew	[-1.0,-0.5)	PLS	SINGLETON	22843	22835	4613.241	3448.043213	22833	52657.11898524873	337806.2158510778	9445	8785	14272
HepG2_skew	[-1.0,-0.5)	PLS	ULTRARARE	16019	16006	6022.365	8386.499925	16010	31452.204992956486	213201.98471274538	5845	5977	9767
HepG2_skew	[-1.0,-0.5)	dELS	COMMON	13782	13777	12115.383	25338.548119	13758	-6488.541005739478	39693.78959440669	448	1662	4078
HepG2_skew	[-1.0,-0.5)	dELS	LOW_FREQ	17717	17713	18432.861	41030.719269	17678	-5329.38100147166	60009.6082027654	855	1717	5722
HepG2_skew	[-1.0,-0.5)	dELS	RARE	48062	48052	54126.356999999996	121714.268619	47963	-13946.453012785056	164178.46271257917	2541	4812	15973
HepG2_skew	[-1.0,-0.5)	dELS	SINGLETON	279624	279595	71329.712	98519.981288	279152	76337.64993602212	999373.6048204132	24572	27202	96181
HepG2_skew	[-1.0,-0.5)	dELS	ULTRARARE	247883	247841	209285.04	438174.802736	247434	-25689.085031795097	892851.9870434963	16351	24686	84307
HepG2_skew	[-1.0,-0.5)	non-cCRE	COMMON	26360	26350	27754.309	62724.874475	26131	-16839.595986169403	56070.260317691296	176	1246	456
HepG2_skew	[-1.0,-0.5)	non-cCRE	LOW_FREQ	31115	31082	39817.919	96124.244089	30771	-17998.819991189874	66296.06509551984	254	1209	560
HepG2_skew	[-1.0,-0.5)	non-cCRE	RARE	83350	83300	116511.418	284374.011174	82459	-49689.261939461925	179978.9292021691	697	3507	1635
HepG2_skew	[-1.0,-0.5)	non-cCRE	SINGLETON	389979	389844	108325.206	161813.958426	386292	-47553.142879444415	531164.0527253541	6415	16539	9808
HepG2_skew	[-1.0,-0.5)	non-cCRE	ULTRARARE	381000	380853	379743.29099999997	856925.930993	377502	-163185.85079162652	719328.731776009	4344	16610	8659
HepG2_skew	[-1.0,-0.5)	pELS	COMMON	1898	1897	1262.4769999999999	2350.821589	1896	-456.73599818290677	6631.886510609606	109	552	671
HepG2_skew	[-1.0,-0.5)	pELS	LOW_FREQ	2531	2531	2016.45	4040.218442	2524	-2.8540006878320057	11474.033534385178	221	617	984
HepG2_skew	[-1.0,-0.5)	pELS	RARE	6703	6691	5637.328	11406.566424	6692	798.021992999013	31195.764497320746	692	1733	2558
HepG2_skew	[-1.0,-0.5)	pELS	SINGLETON	48514	48491	11604.526	12852.350918	48449	36912.00900121289	300544.94620218297	8172	13440	20667
HepG2_skew	[-1.0,-0.5)	pELS	ULTRARARE	38734	38695	24594.906	45299.19948	38659	14279.222997501367	207936.97882203595	5007	10304	15881
HepG2_skew	[-1.5,-1.0)	Other cCREs	COMMON	933	933	982.991	2220.795993	930	-497.75500035332533	1892.3228492216292	11	55	128
HepG2_skew	[-1.5,-1.0)	Other cCREs	LOW_FREQ	1207	1206	1503.607	3640.483811	1196	-634.66600142885	2731.892943599434	18	46	179
HepG2_skew	[-1.5,-1.0)	Other cCREs	RARE	3138	3137	4165.443	10072.602249	3104	-1536.2019987946842	6922.834745809494	49	139	461
HepG2_skew	[-1.5,-1.0)	Other cCREs	SINGLETON	16337	16335	4682.869	7263.971135	16225	-822.8229987473461	25377.93365900245	415	638	2725
HepG2_skew	[-1.5,-1.0)	Other cCREs	ULTRARARE	15148	15148	14750.285	33512.379077	15034	-5473.416982401628	32203.203613521837	286	641	2213
HepG2_skew	[-1.5,-1.0)	PLS	COMMON	86	86	64.727	138.948587	85	55.99599905451768	765.1515506289795	18	38	41
HepG2_skew	[-1.5,-1.0)	PLS	LOW_FREQ	163	162	91.39999999999999	162.714194	162	206.92099981661906	1698.8213382774934	43	50	107
HepG2_skew	[-1.5,-1.0)	PLS	RARE	424	424	247.248	441.261886	424	817.6350007506553	5890.9887897682	149	162	254
HepG2_skew	[-1.5,-1.0)	PLS	SINGLETON	4635	4634	1038.958	939.623192	4631	14850.758985930124	98614.78648501847	2479	1789	3108
HepG2_skew	[-1.5,-1.0)	PLS	ULTRARARE	3225	3225	1377.386	2109.65815	3222	8426.279993070522	58421.1184507453	1492	1235	2105
HepG2_skew	[-1.5,-1.0)	dELS	COMMON	2670	2670	2627.972	5737.380534	2665	-1189.0580005031081	7955.264649273563	100	323	920
HepG2_skew	[-1.5,-1.0)	dELS	LOW_FREQ	3466	3466	4064.659	9462.603099	3462	-1065.215996707906	11083.850773036591	163	337	1296
HepG2_skew	[-1.5,-1.0)	dELS	RARE	9559	9558	11938.875	27783.806433	9537	-2831.265001161723	32806.69669906466	509	967	3537
HepG2_skew	[-1.5,-1.0)	dELS	SINGLETON	52126	52121	14594.595	22288.056179	52040	16125.453995057853	195280.53310461514	4847	4991	21514
HepG2_skew	[-1.5,-1.0)	dELS	ULTRARARE	47812	47811	45168.537000000004	99131.857449	47734	-3554.437008314649	174408.14630220065	3263	4757	18621
HepG2_skew	[-1.5,-1.0)	non-cCRE	COMMON	5770	5767	7446.1539999999995	17360.77807	5722	-3769.560998219997	11886.709362731994	32	277	89
HepG2_skew	[-1.5,-1.0)	non-cCRE	LOW_FREQ	7344	7342	11120.445	27546.061035	7290	-4515.497994930133	15265.560618297977	52	311	133
HepG2_skew	[-1.5,-1.0)	non-cCRE	RARE	20330	20322	33072.22	82991.27039	20158	-12571.11798259267	41315.83808743728	131	932	323
HepG2_skew	[-1.5,-1.0)	non-cCRE	SINGLETON	77070	77038	26541.798	45450.065156	76386	-10066.374949701249	96205.40859589886	1022	3537	1841
HepG2_skew	[-1.5,-1.0)	non-cCRE	ULTRARARE	85969	85940	104122.633	245356.646571	85313	-40754.514920613394	156206.862252615	708	3913	1697
HepG2_skew	[-1.5,-1.0)	pELS	COMMON	336	336	225.646	425.080648	335	-105.75499835610381	1352.8652228152262	19	101	128
HepG2_skew	[-1.5,-1.0)	pELS	LOW_FREQ	455	455	415.88	873.105602	454	17.10499989427627	1843.923286126843	42	118	185
HepG2_skew	[-1.5,-1.0)	pELS	RARE	1185	1184	1158.868	2435.491282	1183	157.94100217940283	6443.034766400041	137	333	481
HepG2_skew	[-1.5,-1.0)	pELS	SINGLETON	8652	8650	2303.298	2924.580848	8644	8294.853001231793	63527.86019218184	1666	2397	4176
HepG2_skew	[-1.5,-1.0)	pELS	ULTRARARE	7186	7180	5325.772	10470.835214	7175	3522.2180140733262	45551.701507384285	1084	1821	3133
HepG2_skew	[0.05,0.2)	Other cCREs	COMMON	97108	97020	25604.958	33179.749584	96573	-38533.657972938265	187648.0289637353	1546	4338	4342
HepG2_skew	[0.05,0.2)	Other cCREs	LOW_FREQ	104512	104329	33197.925	49448.525349	103644	-23838.72100022737	185150.60024207356	2238	3712	4600
HepG2_skew	[0.05,0.2)	Other cCREs	RARE	256789	256368	89862.857	140839.108749	254681	-54545.21192352021	452598.9783443288	5701	9250	11227
HepG2_skew	[0.05,0.2)	Other cCREs	SINGLETON	2277143	2275780	305161.875	148225.769117	2267235	-116687.41880455053	3485647.3351009185	60723	73168	100535
HepG2_skew	[0.05,0.2)	Other cCREs	ULTRARARE	1527659	1526307	392047.976	482021.990796	1518881	-233793.35376382715	2590263.5857156306	36828	51434	67884
HepG2_skew	[0.05,0.2)	PLS	COMMON	5783	5767	1075.49	828.6894560000001	5771	-1755.717002143618	25205.378238688052	378	2194	1998
HepG2_skew	[0.05,0.2)	PLS	LOW_FREQ	6976	6965	1501.603	1422.142623	6970	86.79200147348439	31083.63912751953	664	2430	2486
HepG2_skew	[0.05,0.2)	PLS	RARE	18349	18047	4107.035	3978.947531	18323	1453.8179952398632	96919.17966769385	2029	6469	6613
HepG2_skew	[0.05,0.2)	PLS	SINGLETON	167634	167517	23530.045	10239.802995	167525	60500.15599244276	865338.3094748408	22572	57307	61129
HepG2_skew	[0.05,0.2)	PLS	ULTRARARE	115320	114709	23158.621	18822.410047	115235	26326.934954058142	622778.1467118448	14609	39991	42553
HepG2_skew	[0.05,0.2)	dELS	COMMON	246965	246859	63089.124	76634.159734	246605	-92033.72799663627	613751.3409577558	6873	24061	30094
HepG2_skew	[0.05,0.2)	dELS	LOW_FREQ	267896	267769	83047.55	116521.561218	267455	-52108.04999506055	655126.0433662805	10043	20876	32360
HepG2_skew	[0.05,0.2)	dELS	RARE	671358	671083	228141.44700000001	336662.22028300003	670164	-121222.41401201303	1701371.5914606065	26954	52654	81514
HepG2_skew	[0.05,0.2)	dELS	SINGLETON	6130469	6129329	829565.812	428282.080084	6122601	96096.14272855142	14033519.520945072	297049	467505	713238
HepG2_skew	[0.05,0.2)	dELS	ULTRARARE	4097796	4096840	1088014.699	1337791.851451	4091769	-449896.10329729936	10133256.211979652	180049	318023	486302
HepG2_skew	[0.05,0.2)	non-cCRE	COMMON	1063108	1062187	264669.057	332102.178717	1051618	-468519.0397600776	1850942.2845411277	9041	37269	5962
HepG2_skew	[0.05,0.2)	non-cCRE	LOW_FREQ	1164002	1162840	340507.236	492241.261642	1147292	-295120.5797081045	1637755.764316028	12602	31968	6477
HepG2_skew	[0.05,0.2)	non-cCRE	RARE	2856914	2853872	924510.791	1422968.796165	2813645	-697448.4303120192	4015950.687685535	32150	80265	16194
HepG2_skew	[0.05,0.2)	non-cCRE	SINGLETON	25273917	25264848	3283027.3559999918	1431716.2588180008	25006698	-2420962.5549919866	28723166.247611236	345353	667440	142343
HepG2_skew	[0.05,0.2)	non-cCRE	ULTRARARE	16970154	16960847	4041189.520999997	4736959.207236998	16749636	-3103371.3226884296	22012880.235582594	208607	462180	96844
HepG2_skew	[0.05,0.2)	pELS	COMMON	35064	35040	7653.487	7906.619885	35007	-11633.346994421674	91791.87494370039	1116	9153	5656
HepG2_skew	[0.05,0.2)	pELS	LOW_FREQ	39316	39274	10088.264	11921.085352	39221	-5863.64899700205	106074.12986366214	1713	8858	6488
HepG2_skew	[0.05,0.2)	pELS	RARE	100053	99881	27488.641	34176.827369	99858	-10768.594006457019	280103.9889858628	4922	23156	16482
HepG2_skew	[0.05,0.2)	pELS	SINGLETON	937237	936791	126447.792	60238.309242	936478	79345.14603991131	2410379.008389759	56701	217023	153898
HepG2_skew	[0.05,0.2)	pELS	ULTRARARE	624133	623332	143288.8	149729.760308	623385	-16091.490015285086	1718408.2178630598	34790	144880	103333
HepG2_skew	[0.2,0.5)	Other cCREs	COMMON	17046	17031	5726.321	9133.355857	16894	-8659.261004138854	35853.84119843106	239	834	1053
HepG2_skew	[0.2,0.5)	Other cCREs	LOW_FREQ	17796	17762	7554.572	13540.356348	17598	-5018.0019981160285	30461.86265741045	310	732	959
HepG2_skew	[0.2,0.5)	Other cCREs	RARE	43243	43181	20698.721	38446.215681	42750	-11694.878992747284	74275.9310598874	737	1850	2242
HepG2_skew	[0.2,0.5)	Other cCREs	SINGLETON	363093	362875	50685.926999999996	31575.459883	361185	-30831.53894436371	537219.2396485972	8365	13306	19918
HepG2_skew	[0.2,0.5)	Other cCREs	ULTRARARE	249627	249442	78101.06999999999	116053.489258	247794	-47427.2989605635	414081.80727376265	5160	9913	13550
HepG2_skew	[0.2,0.5)	PLS	COMMON	1469	1464	268.827	229.817083	1467	-268.9269996501972	5663.900757589011	106	620	530
HepG2_skew	[0.2,0.5)	PLS	LOW_FREQ	1739	1738	396.723	417.307869	1736	236.78699934564057	9550.674883186035	216	622	626
HepG2_skew	[0.2,0.5)	PLS	RARE	4795	4767	1102.3220000000001	1137.694068	4789	1704.866995391786	27528.079205308877	659	1745	1929
HepG2_skew	[0.2,0.5)	PLS	SINGLETON	43651	43627	6063.2660000000005	2667.000986	43634	27687.729991517397	273913.3719510065	7606	15591	17626
HepG2_skew	[0.2,0.5)	PLS	ULTRARARE	29787	29680	6088.216	5262.269272	29762	15111.956979642051	185465.6350212835	4883	10606	12121
HepG2_skew	[0.2,0.5)	dELS	COMMON	46837	46820	14008.306	19770.827686	46747	-20665.945989353244	121551.838768401	1238	5235	7855
HepG2_skew	[0.2,0.5)	dELS	LOW_FREQ	49448	49433	18533.661	29954.862841000002	49348	-10323.76200923964	122219.69502927976	1852	4402	7598
HepG2_skew	[0.2,0.5)	dELS	RARE	123608	123555	51761.997	87388.860881	123371	-25732.33600593404	320248.8089647533	4867	11006	19298
HepG2_skew	[0.2,0.5)	dELS	SINGLETON	1097438	1097206	152440.335	96217.27724699999	1095844	12214.384957701548	2541209.822614674	54095	93964	166135
HepG2_skew	[0.2,0.5)	dELS	ULTRARARE	744940	744753	233937.849	337327.411753	743717	-90788.47998918442	1869346.4283398697	33172	65820	115343
HepG2_skew	[0.2,0.5)	non-cCRE	COMMON	130270	130172	40329.439	61503.962118999996	129081	-66673.57996519645	248199.8135631258	1023	5782	1234
HepG2_skew	[0.2,0.5)	non-cCRE	LOW_FREQ	143229	143068	54067.925	91713.306947	141463	-41753.153945096674	210529.39537654462	1478	5003	1290
HepG2_skew	[0.2,0.5)	non-cCRE	RARE	351612	351227	148610.604	266213.282122	346982	-99735.99888492472	522340.19425225473	3784	12736	3268
HepG2_skew	[0.2,0.5)	non-cCRE	SINGLETON	2948947	2947771	392013.579	223778.508603	2921681	-315771.1143408725	3479903.4177227607	40461	98970	27894
HepG2_skew	[0.2,0.5)	non-cCRE	ULTRARARE	2021717	2020510	591237.523	861575.299291	1999440	-421109.93046943	2753135.0756323882	24670	70202	19388
HepG2_skew	[0.2,0.5)	pELS	COMMON	6880	6872	1649.146	1935.684942	6861	-2177.849000604358	19052.725889282254	266	2017	1507
HepG2_skew	[0.2,0.5)	pELS	LOW_FREQ	7623	7617	2244.477	3061.213789	7597	-175.3880011269357	21469.468412553644	452	1882	1537
HepG2_skew	[0.2,0.5)	pELS	RARE	19904	19877	6286.857	8824.755345	19853	-1097.391000213102	64390.10178513534	1248	5000	4314
HepG2_skew	[0.2,0.5)	pELS	SINGLETON	185453	185363	25709.71	14031.378848	185278	32121.572024612335	554436.0783182121	14143	47263	40297
HepG2_skew	[0.2,0.5)	pELS	ULTRARARE	124023	123848	31250.653	36674.276555	123849	8840.818018490685	392568.1023662227	8911	31659	27077
HepG2_skew	[0.5,1.0)	Other cCREs	COMMON	3683	3680	1315.335	2198.236473	3653	-2045.9669979832843	8283.066087277739	43	193	330
HepG2_skew	[0.5,1.0)	Other cCREs	LOW_FREQ	3615	3608	1743.2	3303.26159	3578	-1077.528000690625	6168.332181261043	55	155	212
HepG2_skew	[0.5,1.0)	Other cCREs	RARE	9072	9067	4714.927	9162.273365	8970	-2759.8020005766316	16697.86703516796	149	362	545
HepG2_skew	[0.5,1.0)	Other cCREs	SINGLETON	73737	73688	10578.236	6923.728738	73272	-8488.332998475527	108230.02178775109	1538	2747	4537
HepG2_skew	[0.5,1.0)	Other cCREs	ULTRARARE	51215	51162	16995.432	26564.465334	50810	-11391.990980761244	86565.11296137258	960	2034	3216
HepG2_skew	[0.5,1.0)	PLS	COMMON	316	315	61.829	60.626919	316	-45.457998807309146	1129.7845448323433	25	135	120
HepG2_skew	[0.5,1.0)	PLS	LOW_FREQ	362	361	80.695	76.094737	361	60.49000230664392	1675.4566544250447	44	134	132
HepG2_skew	[0.5,1.0)	PLS	RARE	1041	1033	281.168	341.2849	1041	323.4679995822955	6836.339797622774	159	362	415
HepG2_skew	[0.5,1.0)	PLS	SINGLETON	9541	9532	1428.16	717.356344	9539	7392.644993786818	63536.52718076256	1823	3357	3900
HepG2_skew	[0.5,1.0)	PLS	ULTRARARE	6598	6575	1402.893	1216.133303	6595	4206.595995950281	43288.93407317338	1177	2348	2678
HepG2_skew	[0.5,1.0)	dELS	COMMON	10237	10233	3440.04	5304.931058	10215	-4801.683000047458	26738.919056357852	272	1162	2041
HepG2_skew	[0.5,1.0)	dELS	LOW_FREQ	10646	10645	4406.883	7514.570151	10626	-2750.9590017296146	26452.505682956737	375	974	1899
HepG2_skew	[0.5,1.0)	dELS	RARE	27269	27257	13041.07	23304.3677	27229	-6367.84899305145	71981.51139809743	1062	2463	4692
HepG2_skew	[0.5,1.0)	dELS	SINGLETON	232577	232532	33520.155	22215.868703	232245	-4262.936988653146	553128.4107088968	11293	20637	39529
HepG2_skew	[0.5,1.0)	dELS	ULTRARARE	161573	161540	55880.807	85698.32719899999	161326	-25407.98396464764	414198.082360469	7072	14754	28002
HepG2_skew	[0.5,1.0)	non-cCRE	COMMON	24196	24179	7637.007	11918.354151	23987	-13711.014992714507	49256.09370679188	177	1166	263
HepG2_skew	[0.5,1.0)	non-cCRE	LOW_FREQ	26887	26861	10586.814	18377.424654	26589	-8648.090987836826	40600.20568618871	213	1101	306
HepG2_skew	[0.5,1.0)	non-cCRE	RARE	65449	65408	28579.627	53025.192643	64673	-19230.58296591765	97359.32813311688	670	2671	784
HepG2_skew	[0.5,1.0)	non-cCRE	SINGLETON	543327	543080	72721.963	39470.224419	539196	-67084.43784374699	643314.2705727242	6776	20499	6165
HepG2_skew	[0.5,1.0)	non-cCRE	ULTRARARE	372820	372608	106265.979	154401.252131	369411	-80599.68188016317	505711.350762394	4222	14326	4300
HepG2_skew	[0.5,1.0)	pELS	COMMON	1546	1545	400.936	486.194262	1541	-599.8450008012586	4363.042980617051	58	488	362
HepG2_skew	[0.5,1.0)	pELS	LOW_FREQ	1746	1744	532.157	730.161403	1738	-206.36099886905873	5018.682082885799	96	405	427
HepG2_skew	[0.5,1.0)	pELS	RARE	4489	4483	1494.843	2170.693205	4475	-203.43900273134938	14331.679947887844	291	1178	1105
HepG2_skew	[0.5,1.0)	pELS	SINGLETON	41085	41058	5792.68	3147.316328	41035	8852.514002833625	135055.5294382965	3482	10678	9657
HepG2_skew	[0.5,1.0)	pELS	ULTRARARE	27687	27644	7325.171	8952.139345	27648	2718.6100043712654	92675.0622652342	2191	7358	6654
HepG2_skew	[1.0,1.5)	Other cCREs	COMMON	651	649	196.408	304.44594	649	-433.06899897486466	1817.8545706762845	8	32	72
HepG2_skew	[1.0,1.5)	Other cCREs	LOW_FREQ	612	610	248.847	455.38108900000003	606	-224.12299999129024	1242.5465819855056	8	20	39
HepG2_skew	[1.0,1.5)	Other cCREs	RARE	1605	1602	751.004	1457.554714	1588	-546.2579989749937	2625.9947728789016	18	59	110
HepG2_skew	[1.0,1.5)	Other cCREs	SINGLETON	12391	12383	1652.771	970.477135	12299	-1492.829996274784	17378.989705230826	237	507	763
HepG2_skew	[1.0,1.5)	Other cCREs	ULTRARARE	8721	8718	2628.586	4094.03353	8652	-1996.0609990729713	14215.235612052553	152	335	558
HepG2_skew	[1.0,1.5)	PLS	COMMON	47	47	14.932	22.572816	47	-24.49699972756207	101.47732796679064	3	22	19
HepG2_skew	[1.0,1.5)	PLS	LOW_FREQ	40	40	11.16	15.675303999999999	40	20.11900007911026	198.25280714039107	5	16	16
HepG2_skew	[1.0,1.5)	PLS	RARE	154	153	43.293	56.402969	154	34.73500003246591	926.9061768037308	14	61	56
HepG2_skew	[1.0,1.5)	PLS	SINGLETON	1445	1443	202.905	71.896507	1444	1102.5600058488783	9283.984816063834	265	516	566
HepG2_skew	[1.0,1.5)	PLS	ULTRARARE	1006	1005	216.579	181.216679	1004	761.6739974813538	6800.036107806315	198	337	394
HepG2_skew	[1.0,1.5)	dELS	COMMON	1793	1793	593.804	937.855774	1792	-851.4289993759013	4554.117356901105	44	207	397
HepG2_skew	[1.0,1.5)	dELS	LOW_FREQ	1770	1770	721.953	1277.770929	1767	-457.75499828567274	4219.197540292329	70	160	311
HepG2_skew	[1.0,1.5)	dELS	RARE	4675	4674	2140.891	3879.6502689999998	4662	-1003.7410008007432	12103.698764023984	178	436	863
HepG2_skew	[1.0,1.5)	dELS	SINGLETON	41086	41080	5675.545	3687.195775	41013	-583.3969928172893	96972.54342033181	2008	3705	7128
HepG2_skew	[1.0,1.5)	dELS	ULTRARARE	27963	27957	9265.652	14352.108902	27920	-3518.031993595183	69606.76176469732	1293	2632	5031
HepG2_skew	[1.0,1.5)	non-cCRE	COMMON	4348	4344	958.308	1263.491806	4320	-3011.4510039923457	9893.808649972778	23	240	58
HepG2_skew	[1.0,1.5)	non-cCRE	LOW_FREQ	4354	4351	1218.657	1914.016697	4315	-1713.085000870516	7055.914879191159	27	188	45
HepG2_skew	[1.0,1.5)	non-cCRE	RARE	10767	10759	3537.6349999999998	6051.117123	10656	-4061.9940000022752	17082.6547439937	80	478	126
HepG2_skew	[1.0,1.5)	non-cCRE	SINGLETON	88705	88679	10955.993	4598.000751	87998	-13173.57897294522	106279.26525980471	1025	3597	1107
HepG2_skew	[1.0,1.5)	non-cCRE	ULTRARARE	60747	60707	13901.533	17932.318443	60184	-15103.513971349921	84685.33736906192	581	2674	780
HepG2_skew	[1.0,1.5)	pELS	COMMON	292	292	67.88	82.48159	290	-70.83300040080209	889.7845940486186	15	98	83
HepG2_skew	[1.0,1.5)	pELS	LOW_FREQ	286	286	77.904	112.630648	285	-11.841000123880821	657.4979644718677	16	81	60
HepG2_skew	[1.0,1.5)	pELS	RARE	843	840	268.375	391.928419	841	133.65499813575286	2401.411198283052	65	241	212
HepG2_skew	[1.0,1.5)	pELS	SINGLETON	7683	7675	1039.842	479.92676	7677	1427.2430018141154	23407.129351544016	620	2012	1918
HepG2_skew	[1.0,1.5)	pELS	ULTRARARE	5109	5096	1218.72	1406.440938	5105	476.15699831955135	16866.58479677513	395	1402	1261
HepG2_skew	[1.5,Inf)	Other cCREs	COMMON	206	206	26.303	13.792397000000001	206	-154.6599998623133	538.217563793209	1	14	18
HepG2_skew	[1.5,Inf)	Other cCREs	LOW_FREQ	173	173	52.391	87.681451	173	-39.57900041248649	186.74611213044403	2	6	13
HepG2_skew	[1.5,Inf)	Other cCREs	RARE	410	410	123.332	188.107168	409	-95.15599944593846	668.8989327473055	6	13	26
HepG2_skew	[1.5,Inf)	Other cCREs	SINGLETON	3650	3650	454.752	139.523996	3635	-639.412997844047	5197.872070266855	67	126	197
HepG2_skew	[1.5,Inf)	Other cCREs	ULTRARARE	2323	2322	475.908	539.742574	2307	-405.12399910239037	3790.449908522154	44	83	137
HepG2_skew	[1.5,Inf)	PLS	COMMON	13	13	1.6949999999999998	0.267279	13	-0.6229999028146287	39.04069957030665	1	7	3
HepG2_skew	[1.5,Inf)	PLS	LOW_FREQ	13	13	1.858	0.31383	13	0.02599991112948008	13.950908193118693	0	5	2
HepG2_skew	[1.5,Inf)	PLS	RARE	37	37	6.497	4.837339	37	4.845999928191289	87.93289587713542	3	12	16
HepG2_skew	[1.5,Inf)	PLS	SINGLETON	357	356	54.345	24.017247	357	254.38600140903142	1810.1331448988421	62	117	150
HepG2_skew	[1.5,Inf)	PLS	ULTRARARE	219	216	41.801	28.773115	219	58.73200026364077	1400.6097788095947	31	82	71
HepG2_skew	[1.5,Inf)	dELS	COMMON	566	566	146.135	197.798539	566	-312.80999992333807	1724.1973415301318	19	70	136
HepG2_skew	[1.5,Inf)	dELS	LOW_FREQ	505	505	141.777	214.520821	504	-119.55599904665715	1043.9575175402695	15	44	88
HepG2_skew	[1.5,Inf)	dELS	RARE	1225	1225	370.995	557.993881	1225	-249.1629999947036	3041.562769844246	53	87	221
HepG2_skew	[1.5,Inf)	dELS	SINGLETON	11804	11802	1472.7740000000001	622.599802	11786	-640.8829941715812	26277.235875169026	507	1078	1863
HepG2_skew	[1.5,Inf)	dELS	ULTRARARE	7511	7508	1797.958	2289.866954	7501	-898.0760001619344	18185.139678845982	324	663	1244
HepG2_skew	[1.5,Inf)	non-cCRE	COMMON	1303	1303	188.932	139.210366	1293	-1062.253000258701	3312.195272628817	4	65	16
HepG2_skew	[1.5,Inf)	non-cCRE	LOW_FREQ	1115	1115	193.188	182.17167	1106	-486.2319988074014	1812.705709748516	5	40	15
HepG2_skew	[1.5,Inf)	non-cCRE	RARE	2960	2958	525.728	555.188354	2930	-999.0960001854696	4514.509436276462	21	124	37
HepG2_skew	[1.5,Inf)	non-cCRE	SINGLETON	24515	24505	2868.253	704.571501	24311	-4170.178989122622	29851.04680214326	270	916	288
HepG2_skew	[1.5,Inf)	non-cCRE	ULTRARARE	16385	16380	2591.941	1970.449083	16226	-4081.2339981136615	22265.704427398123	143	602	189
HepG2_skew	[1.5,Inf)	pELS	COMMON	72	72	17.787	24.395533	72	-42.78600007854402	249.8962976687855	3	21	19
HepG2_skew	[1.5,Inf)	pELS	LOW_FREQ	90	90	21.053	18.435037	90	-9.368999958154719	163.5693496706927	3	28	14
HepG2_skew	[1.5,Inf)	pELS	RARE	206	206	47.486	65.658526	206	55.185000550816675	737.0738352753538	18	50	41
HepG2_skew	[1.5,Inf)	pELS	SINGLETON	2141	2139	286.988	118.69054200000001	2139	320.9080022434937	6319.707315141933	160	584	538
HepG2_skew	[1.5,Inf)	pELS	ULTRARARE	1383	1380	259.324	216.250534	1382	101.92400030954735	3985.015750445627	106	357	337
K562_skew	(-Inf,-1.5)	Other cCREs	COMMON	612	612	557.411	1213.387305	605	-297.34699930215737	1127.3099155677937	7	47	108
K562_skew	(-Inf,-1.5)	Other cCREs	LOW_FREQ	881	881	917.361	2121.958597	871	-377.6310005998239	1865.1958226643858	20	37	183
K562_skew	(-Inf,-1.5)	Other cCREs	RARE	2290	2290	2675.82	6243.6261	2272	-1021.877999782912	4949.6020976701875	43	76	446
K562_skew	(-Inf,-1.5)	Other cCREs	SINGLETON	12640	12638	3480.055	4849.083213	12547	403.40900396008556	22528.73362667882	406	542	2769
K562_skew	(-Inf,-1.5)	Other cCREs	ULTRARARE	11297	11297	9154.486	19450.808602	11203	-2821.0299937523673	25262.98033247103	308	512	2291
K562_skew	(-Inf,-1.5)	PLS	COMMON	61	61	32.861	49.062913	61	30.51500046951702	501.99451311008494	11	31	34
K562_skew	(-Inf,-1.5)	PLS	LOW_FREQ	156	156	84.59400000000001	150.684164	156	226.03699917742043	1693.9623313850825	46	52	108
K562_skew	(-Inf,-1.5)	PLS	RARE	363	363	208.576	358.126686	363	696.619001989253	5310.851314275479	129	129	234
K562_skew	(-Inf,-1.5)	PLS	SINGLETON	4119	4119	909.173	743.6379469999999	4115	13637.710995254229	90706.84019013269	2197	1601	3052
K562_skew	(-Inf,-1.5)	PLS	ULTRARARE	2789	2788	1074.507	1474.222321	2788	8030.362991842442	53904.41532518122	1355	1066	2017
K562_skew	(-Inf,-1.5)	dELS	COMMON	1581	1581	1367.553	2847.191827	1577	-606.8020015128423	4679.5709820113125	60	191	665
K562_skew	(-Inf,-1.5)	dELS	LOW_FREQ	2175	2175	2187.282	4876.32371	2171	-417.9600002066	6718.979617005843	118	239	994
K562_skew	(-Inf,-1.5)	dELS	RARE	5947	5947	6439.803	14438.707439	5930	-1270.4030029703872	21619.793617716034	363	653	2735
K562_skew	(-Inf,-1.5)	dELS	SINGLETON	36242	36235	9336.552	12849.669326	36142	15874.808994632103	154087.47046535325	3838	3817	17938
K562_skew	(-Inf,-1.5)	dELS	ULTRARARE	31571	31568	25472.321	53241.942324999996	31488	1420.3589972364712	126063.15773802587	2422	3446	15126
K562_skew	(-Inf,-1.5)	non-cCRE	COMMON	3562	3559	4332.322	9777.889246	3521	-2233.065996946532	6682.801055634089	5	212	68
K562_skew	(-Inf,-1.5)	non-cCRE	LOW_FREQ	4512	4511	6312.137	15151.134249	4475	-2637.961998210753	8754.53276912032	20	234	85
K562_skew	(-Inf,-1.5)	non-cCRE	RARE	12841	12833	19510.990999999998	47114.839635	12739	-8023.335985788259	25564.741868760073	57	651	246
K562_skew	(-Inf,-1.5)	non-cCRE	SINGLETON	50423	50395	17920.627	29770.427817	49753	-6731.765963487095	54816.59540983155	506	2552	1507
K562_skew	(-Inf,-1.5)	non-cCRE	ULTRARARE	55894	55859	63556.687	144472.283185	55339	-25614.023935373978	94198.57860144119	332	2733	1291
K562_skew	(-Inf,-1.5)	pELS	COMMON	209	209	136.24699999999999	253.350151	209	8.057001259061494	921.5874109066991	17	66	100
K562_skew	(-Inf,-1.5)	pELS	LOW_FREQ	319	319	242.567	503.597897	319	127.97600017674262	1445.901172033351	42	80	172
K562_skew	(-Inf,-1.5)	pELS	RARE	866	866	684.307	1371.274159	865	374.4330018400215	5229.476683960826	129	221	454
K562_skew	(-Inf,-1.5)	pELS	SINGLETON	6466	6465	1596.32	1827.669894	6458	7741.556003420384	56009.15422892867	1442	1974	3807
K562_skew	(-Inf,-1.5)	pELS	ULTRARARE	5133	5133	3169.404	5918.143612	5128	3900.7550041826926	36400.33849290115	927	1431	2883
K562_skew	[-0.05,0.05)	Other cCREs	COMMON	442512	442016	170406.2	287504.754634	440039	-132856.75094321955	795779.3249620484	9050	17363	15745
K562_skew	[-0.05,0.05)	Other cCREs	LOW_FREQ	495498	494711	228650.578	425822.19335200003	491922	-83208.69997381838	853803.400838232	12360	15280	17915
K562_skew	[-0.05,0.05)	Other cCREs	RARE	1240538	1238480	641905.044	1236501.400132	1231536	-208233.5638847128	2197724.853257821	32174	39609	45245
K562_skew	[-0.05,0.05)	Other cCREs	SINGLETON	10371626	10365667	1491159.179	1015157.6513950002	10332098	444649.57161251793	15570370.831947448	338574	292505	369766
K562_skew	[-0.05,0.05)	Other cCREs	ULTRARARE	7141364	7135112	2534218.59	4118663.113108	7104818	-577230.8323287863	11883345.529304927	206162	214445	259202
K562_skew	[-0.05,0.05)	PLS	COMMON	14302	14274	3913.26	4796.544898	14279	-3694.389000174589	56725.15593649232	871	4973	3943
K562_skew	[-0.05,0.05)	PLS	LOW_FREQ	17831	17750	5563.096	7422.09087	17806	-751.7280042634817	75266.72088406258	1413	5557	5421
K562_skew	[-0.05,0.05)	PLS	RARE	48146	46363	15399.865	20982.097641	48078	854.3570100219227	236759.908272464	4464	15612	14487
K562_skew	[-0.05,0.05)	PLS	SINGLETON	406810	406372	64909.502	38960.39257	406527	120943.3899185297	1785308.4734599278	45585	127275	124535
K562_skew	[-0.05,0.05)	PLS	ULTRARARE	288189	285186	78632.594	91555.667512	287947	43814.70999623824	1349772.7507350896	30049	91486	89520
K562_skew	[-0.05,0.05)	dELS	COMMON	986408	985997	375471.959	607005.976611	984812	-249110.4569289538	2254334.775466517	31840	84340	93533
K562_skew	[-0.05,0.05)	dELS	LOW_FREQ	1137721	1137141	523104.761	932756.393081	1135673	-131534.6840652166	2682736.0492556836	47027	79149	111676
K562_skew	[-0.05,0.05)	dELS	RARE	2880268	2878797	1476685.27	2719324.9449	2875144	-327802.8251587273	7115258.380280493	125300	202304	286329
K562_skew	[-0.05,0.05)	dELS	SINGLETON	24554738	24549906	3690312.101999992	2763669.257152002	24524128	3251621.2849151813	53957300.61159999	1331620	1653615	2270376
K562_skew	[-0.05,0.05)	dELS	ULTRARARE	17044881	17040558	6450548.191000001	10429898.652869	17020184	-387848.844211324	40733363.56581371	819941	1186556	1644781
K562_skew	[-0.05,0.05)	non-cCRE	COMMON	6907228	6900027	2540434.59	4271083.185094	6827617	-2469423.8861860977	10414420.844036916	66373	190876	22565
K562_skew	[-0.05,0.05)	non-cCRE	LOW_FREQ	7719248	7709106	3344820.488	6215026.795221997	7600291	-1734291.0931937073	10317783.549745627	91059	168922	27097
K562_skew	[-0.05,0.05)	non-cCRE	RARE	19220501	19196300	9356656.051999997	18078267.879942004	18907363	-4349209.27957607	26101210.62066972	232046	428663	68764
K562_skew	[-0.05,0.05)	non-cCRE	SINGLETON	160814974	160752140	22130140.842999995	13391823.57314118	159092802	-6115162.530754047	166914555.5044619	2461537	3352895	538031
K562_skew	[-0.05,0.05)	non-cCRE	ULTRARARE	110353917	110285377	35962675.518	56686563.389919944	108880041	-15978513.901394268	133973389.97960661	1478674	2405969	389146
K562_skew	[-0.05,0.05)	pELS	COMMON	129531	129423	41946.449	59980.929157	129356	-34172.142972881666	306544.62353750895	4101	30473	15275
K562_skew	[-0.05,0.05)	pELS	LOW_FREQ	151959	151845	58601.195	92785.598315	151658	-16909.283984475765	373608.11854459846	6218	30835	18602
K562_skew	[-0.05,0.05)	pELS	RARE	389973	389368	163053.808	266449.37441	389420	-38296.13300675444	999983.6191389204	17420	80631	48892
K562_skew	[-0.05,0.05)	pELS	SINGLETON	3444858	3443026	532089.385	370137.916987	3442296	431703.2378988363	7830763.91141395	191002	716103	422775
K562_skew	[-0.05,0.05)	pELS	ULTRARARE	2362578	2359074	770404.097	1095649.123985	2360167	-26450.903875563206	5795257.026965967	116952	493636	295015
K562_skew	[-0.2,-0.05)	Other cCREs	COMMON	94608	94512	64240.008	131898.721092	93980	-41890.05798920361	186195.22800807678	1396	4342	4957
K562_skew	[-0.2,-0.05)	Other cCREs	LOW_FREQ	109501	109346	90269.73	199237.78344199999	108507	-37801.29795436877	211436.6757457779	1975	4141	5738
K562_skew	[-0.2,-0.05)	Other cCREs	RARE	282651	282268	260752.513	584564.792881	279929	-101037.9259126232	560417.3940889293	5302	11155	15202
K562_skew	[-0.2,-0.05)	Other cCREs	SINGLETON	1854371	1853274	350203.343	391834.398351	1846188	-18934.102750999184	2720578.837787424	51889	60930	97164
K562_skew	[-0.2,-0.05)	Other cCREs	ULTRARARE	1453277	1452160	906485.779	1831514.195185	1444010	-324797.3136965765	2587495.39076972	32620	52860	77296
K562_skew	[-0.2,-0.05)	PLS	COMMON	6419	6409	2173.07	2882.460106	6406	-1057.0159976921282	28885.08806538049	489	2520	2543
K562_skew	[-0.2,-0.05)	PLS	LOW_FREQ	8730	8721	3396.619	4937.483261	8715	1314.4330040636708	45435.08628891079	1041	3010	3695
K562_skew	[-0.2,-0.05)	PLS	RARE	23921	23788	9655.873	14251.205153	23877	6049.491990810844	126570.31686293495	3072	8331	10192
K562_skew	[-0.2,-0.05)	PLS	SINGLETON	196039	195892	37511.127	25730.970795	195903	111238.19995695878	1101888.5699319013	31297	69634	86329
K562_skew	[-0.2,-0.05)	PLS	ULTRARARE	145438	145047	47638.479	59841.584543	145292	58855.7209876011	821727.621766236	21351	51247	63585
K562_skew	[-0.2,-0.05)	dELS	COMMON	236965	236848	154596.282	302239.772054	236584	-96257.85599947047	606632.8123725614	6697	23390	34899
K562_skew	[-0.2,-0.05)	dELS	LOW_FREQ	284621	284480	225806.937	473850.652703	284062	-80793.73101529291	755945.4174528599	10326	23558	44138
K562_skew	[-0.2,-0.05)	dELS	RARE	746530	746151	658219.553	1404620.429431	745160	-223046.8089859513	2088567.957011423	28509	62444	117475
K562_skew	[-0.2,-0.05)	dELS	SINGLETON	5058930	5057638	1022562.042	1189182.363034	5051863	546413.8967364128	11708254.662542997	278069	398925	732514
K562_skew	[-0.2,-0.05)	dELS	ULTRARARE	4033247	4032032	2608553.177	5117489.066211	4026903	-626736.5381748435	10725672.946542794	181023	334198	617895
K562_skew	[-0.2,-0.05)	non-cCRE	COMMON	992172	991389	646121.17	1339156.935808	982192	-478765.25162886153	1757024.9454933205	8115	35666	6999
K562_skew	[-0.2,-0.05)	non-cCRE	LOW_FREQ	1134323	1133356	908951.17	2032504.836696	1119141	-430409.4995344484	1869691.88052533	11370	33569	8776
K562_skew	[-0.2,-0.05)	non-cCRE	RARE	2923878	2921432	2625956.594	5967435.44733	2883338	-1167069.2707239543	4993297.5749943005	29412	89252	23161
K562_skew	[-0.2,-0.05)	non-cCRE	SINGLETON	19351498	19344257	3408512.196999996	3704884.816325003	19151020	-1040567.067322198	21131359.738622792	298916	525283	146526
K562_skew	[-0.2,-0.05)	non-cCRE	ULTRARARE	15060610	15053481	9043830.366999999	18401465.18861901	14886309	-3929630.281131019	21942538.363616407	184762	446928	121127
K562_skew	[-0.2,-0.05)	pELS	COMMON	33828	33792	17078.141	29326.110193	33760	-11015.964993725878	90349.87231697247	1192	8801	6298
K562_skew	[-0.2,-0.05)	pELS	LOW_FREQ	41720	41667	25229.645	46976.931307	41620	-7225.765999986327	121848.25275904962	1998	9673	8664
K562_skew	[-0.2,-0.05)	pELS	RARE	110711	110491	73234.03600000001	138991.45018	110468	-18312.333011441635	344006.6667975181	5821	25748	23161
K562_skew	[-0.2,-0.05)	pELS	SINGLETON	831556	831046	171031.329	167690.319205	830727	157427.7969789327	2294893.3880824796	59473	202785	178507
K562_skew	[-0.2,-0.05)	pELS	ULTRARARE	633231	632311	320141.799	546929.228921	632377	-15053.54896711664	1896928.4590873271	39066	152034	135326
K562_skew	[-0.5,-0.2)	Other cCREs	COMMON	23523	23495	18082.76	37523.208832000004	23350	-11595.67899136944	48667.13601664083	316	1202	1776
K562_skew	[-0.5,-0.2)	Other cCREs	LOW_FREQ	28183	28145	25990.246	57756.68538	27919	-11537.863984662108	55945.56550902382	415	1200	2236
K562_skew	[-0.5,-0.2)	Other cCREs	RARE	72907	72801	74426.577	168425.688657	72210	-31617.542968791917	149597.96122459613	1148	3245	5785
K562_skew	[-0.5,-0.2)	Other cCREs	SINGLETON	442830	442488	94005.836	112388.583898	440725	-23682.348876323555	650290.0717959529	11045	16359	36003
K562_skew	[-0.5,-0.2)	Other cCREs	ULTRARARE	366916	366626	257303.616	527290.61142	364506	-104463.42287234626	676251.515430407	7160	15137	29579
K562_skew	[-0.5,-0.2)	PLS	COMMON	2454	2451	805.023	995.946787	2452	194.2429989653173	11239.5989948388	267	1058	1130
K562_skew	[-0.5,-0.2)	PLS	LOW_FREQ	3658	3654	1351.021	1864.145579	3655	1848.8290028584895	20357.37240059964	590	1307	1858
K562_skew	[-0.5,-0.2)	PLS	RARE	10521	10490	4132.309	5861.728415	10511	7568.458005960445	72953.59360990673	2077	3891	5537
K562_skew	[-0.5,-0.2)	PLS	SINGLETON	88319	88264	16759.472999999998	10761.105803	88267	99337.20097334738	696402.2894969714	21456	32552	46813
K562_skew	[-0.5,-0.2)	PLS	ULTRARARE	64729	64615	20428.183	24342.627587	64698	58537.87199083297	483109.78218702495	14211	23514	34023
K562_skew	[-0.5,-0.2)	dELS	COMMON	61861	61837	44362.669	87881.698719000007	61719	-27394.826983754974	161232.26234243397	1669	6803	12489
K562_skew	[-0.5,-0.2)	dELS	LOW_FREQ	76816	76767	66520.509	141636.744245	76673	-25508.7239974118	208672.7981114672	2679	7091	17027
K562_skew	[-0.5,-0.2)	dELS	RARE	204120	203985	193808.02	417057.914122	203739	-68559.65597399721	593633.6643555454	7919	19194	46397
K562_skew	[-0.5,-0.2)	dELS	SINGLETON	1293612	1293155	287729.913	352394.851603	1291689	131719.58592641467	3240283.8178737424	75477	114937	276879
K562_skew	[-0.5,-0.2)	dELS	ULTRARARE	1079743	1079320	762710.332	1515854.990686	1077851	-200680.27198477442	3035633.6702225115	50026	100128	242197
K562_skew	[-0.5,-0.2)	non-cCRE	COMMON	175655	175504	137570.847	285165.064975	174058	-99416.16392392688	336880.7078435486	1131	7911	1963
K562_skew	[-0.5,-0.2)	non-cCRE	LOW_FREQ	207830	207592	198315.761	440917.641601	205525	-98418.62489692555	373367.35033705086	1676	7787	2632
K562_skew	[-0.5,-0.2)	non-cCRE	RARE	547526	546953	574638.468	1295063.754896	541338	-272934.0256712942	1015670.6039141067	4414	20877	7191
K562_skew	[-0.5,-0.2)	non-cCRE	SINGLETON	3162420	3160550	700596.542	867732.876586	3133574	-340484.479861581	3633195.0217028502	43558	111066	44510
K562_skew	[-0.5,-0.2)	non-cCRE	ULTRARARE	2721730	2719974	2010720.817	4112381.842297	2695299	-965793.8587027729	4308745.939966946	27683	102463	38148
K562_skew	[-0.5,-0.2)	pELS	COMMON	9375	9365	5038.221	8691.466705	9360	-2481.4480009500403	26923.89577177493	435	2723	2494
K562_skew	[-0.5,-0.2)	pELS	LOW_FREQ	12167	12148	7839.382	14489.112606	12122	-1691.905990316766	40926.62661300793	737	3077	3657
K562_skew	[-0.5,-0.2)	pELS	RARE	32529	32455	22084.611	41514.738731	32457	-1825.550003933838	115231.4188811302	2316	8178	9805
K562_skew	[-0.5,-0.2)	pELS	SINGLETON	239085	238888	51745.025	50430.378393	238831	83327.96701450761	869439.6096755048	24206	64059	74752
K562_skew	[-0.5,-0.2)	pELS	ULTRARARE	185744	185462	96740.265	163970.78208900001	185433	21492.638000924722	685916.6273336582	15959	48243	57223
K562_skew	[-1.0,-0.5)	Other cCREs	COMMON	6613	6610	5507.102	11566.173572	6568	-3361.682995871178	13886.144721739862	99	384	752
K562_skew	[-1.0,-0.5)	Other cCREs	LOW_FREQ	8091	8082	8168.678	18286.628032	8016	-3474.3840062441286	17014.87771086164	131	385	1022
K562_skew	[-1.0,-0.5)	Other cCREs	RARE	21597	21569	23521.347	53313.647413	21410	-9482.59198906098	46039.139118158964	374	988	2809
K562_skew	[-1.0,-0.5)	Other cCREs	SINGLETON	123351	123280	28918.08	36201.84236	122796	-3422.1529802602035	215310.21641958028	3813	4773	16812
K562_skew	[-1.0,-0.5)	Other cCREs	ULTRARARE	105867	105800	79914.105	165158.343399	105214	-29914.802946530872	212315.26787819207	2410	4557	13862
K562_skew	[-1.0,-0.5)	PLS	COMMON	836	834	330.974	489.032646	836	384.7189990261104	5755.739417489029	158	353	428
K562_skew	[-1.0,-0.5)	PLS	LOW_FREQ	1347	1346	540.326	741.026674	1346	1446.8870039636959	10487.66545246912	343	552	784
K562_skew	[-1.0,-0.5)	PLS	RARE	3828	3824	1512.904	2145.318384	3825	5157.867003710826	38132.86658587475	1080	1457	2256
K562_skew	[-1.0,-0.5)	PLS	SINGLETON	35431	35416	7060.077	4710.646001	35413	67441.80698220234	430371.9996641573	12666	13504	21929
K562_skew	[-1.0,-0.5)	PLS	ULTRARARE	24992	24981	8368.208	10287.995894	24977	40558.188984545435	273451.4781362689	8003	9399	15161
K562_skew	[-1.0,-0.5)	dELS	COMMON	17631	17619	13681.294	27473.663374	17599	-8092.382997963346	48730.42722097093	521	2148	4901
K562_skew	[-1.0,-0.5)	dELS	LOW_FREQ	22401	22392	20543.925	43886.236167	22349	-7196.354004934666	69759.79913501818	976	2189	6784
K562_skew	[-1.0,-0.5)	dELS	RARE	60498	60465	60825.824	131473.08625	60362	-18594.318003228174	197376.90790385994	2937	6102	18810
K562_skew	[-1.0,-0.5)	dELS	SINGLETON	369059	368943	87648.148	110178.884412	368495	69406.50697217496	1108152.1949423177	26800	35402	112393
K562_skew	[-1.0,-0.5)	dELS	ULTRARARE	316802	316695	237038.002	474163.936664	316236	-43866.222049459364	1010225.0160932703	18106	31855	99226
K562_skew	[-1.0,-0.5)	non-cCRE	COMMON	37355	37320	34167.735	71970.602903	37063	-22679.58497084771	74422.96206553973	217	1922	661
K562_skew	[-1.0,-0.5)	non-cCRE	LOW_FREQ	45125	45080	50510.985	113663.573901	44709	-24389.37896551319	86735.8264618104	347	1934	779
K562_skew	[-1.0,-0.5)	non-cCRE	RARE	121634	121512	147988.932	337502.955864	120428	-67607.38589395978	239249.857769855	904	5590	2227
K562_skew	[-1.0,-0.5)	non-cCRE	SINGLETON	603387	602964	165622.9	226943.22535999998	598719	-88108.68071063155	762417.47878065845	8488	25332	14106
K562_skew	[-1.0,-0.5)	non-cCRE	ULTRARARE	573219	572833	504579.357	1055590.628019	568724	-237608.54359045165	981890.9066361953	5656	25645	12107
K562_skew	[-1.0,-0.5)	pELS	COMMON	2619	2617	1511.177	2623.091137	2609	-438.23699673905503	7523.088043498576	151	780	879
K562_skew	[-1.0,-0.5)	pELS	LOW_FREQ	3691	3687	2416.237	4512.411195	3682	125.5880059992195	14213.039794430359	322	997	1380
K562_skew	[-1.0,-0.5)	pELS	RARE	9706	9683	6976.152	13220.13692	9685	1037.6499867375244	40991.88473203451	926	2614	3774
K562_skew	[-1.0,-0.5)	pELS	SINGLETON	71273	71203	16045.207	15648.926973	71184	45108.52000061923	365815.1424676758	10376	20173	29278
K562_skew	[-1.0,-0.5)	pELS	ULTRARARE	56209	56101	30522.229	52002.556135	56123	18409.675006961337	270232.3087684149	6793	15310	22440
K562_skew	[-1.5,-1.0)	Other cCREs	COMMON	1476	1476	1264.244	2667.09775	1468	-758.6740010313225	3234.5872810866294	19	107	240
K562_skew	[-1.5,-1.0)	Other cCREs	LOW_FREQ	1894	1891	1771.985	3908.664711	1884	-767.6749998956219	4053.8444055203045	40	79	352
K562_skew	[-1.5,-1.0)	Other cCREs	RARE	4776	4772	5193.792	11913.993398	4732	-1816.0959940603934	11857.435884895447	135	208	842
K562_skew	[-1.5,-1.0)	Other cCREs	SINGLETON	29239	29230	7042.766	9122.971244	29083	2569.556993904757	66572.2452829463	1321	1199	5947
K562_skew	[-1.5,-1.0)	Other cCREs	ULTRARARE	24825	24821	19081.82	40210.374464	24655	-4551.869991625194	63663.05446182907	919	1093	4880
K562_skew	[-1.5,-1.0)	PLS	COMMON	168	168	81.457	136.480445	167	102.4259997420012	1027.4294397776775	34	81	92
K562_skew	[-1.5,-1.0)	PLS	LOW_FREQ	333	333	129.411	188.747401	332	535.6180000863969	3579.392659509983	106	126	242
K562_skew	[-1.5,-1.0)	PLS	RARE	988	988	442.866	690.911162	987	1788.9609977562213	12240.920225015063	351	398	662
K562_skew	[-1.5,-1.0)	PLS	SINGLETON	9660	9656	2024.224	1455.918964	9652	25980.191982874414	166299.013991087	4520	3780	6695
K562_skew	[-1.5,-1.0)	PLS	ULTRARARE	6614	6614	2346.851	3083.438599	6604	15828.622995074256	104996.25918402434	2845	2600	4472
K562_skew	[-1.5,-1.0)	dELS	COMMON	3888	3888	3083.087	6371.249111	3881	-1545.1210029176436	11205.628976148519	134	474	1357
K562_skew	[-1.5,-1.0)	dELS	LOW_FREQ	5175	5173	4847.922	10499.814104	5160	-1201.8480005741585	17183.334142819673	260	530	2038
K562_skew	[-1.5,-1.0)	dELS	RARE	13908	13902	13982.875	30582.884385	13873	-2328.569998249876	51113.3810569236	879	1434	5480
K562_skew	[-1.5,-1.0)	dELS	SINGLETON	87437	87424	20827.65	26578.222945999998	87269	33800.1119761906	352437.441568025	8843	8815	35930
K562_skew	[-1.5,-1.0)	dELS	ULTRARARE	74407	74394	56192.061	114276.642121	74269	1860.229978836605	290311.5680818395	5844	7868	30325
K562_skew	[-1.5,-1.0)	non-cCRE	COMMON	6426	6424	6534.926	14435.627782	6363	-3769.63699572091	11910.179620663377	37	325	118
K562_skew	[-1.5,-1.0)	non-cCRE	LOW_FREQ	8143	8135	9821.896	23063.820348	8062	-4673.293992498425	16017.99909717977	53	314	195
K562_skew	[-1.5,-1.0)	non-cCRE	RARE	21453	21439	28405.399	67500.403225	21259	-12404.32098148647	44896.51986249511	200	1031	554
K562_skew	[-1.5,-1.0)	non-cCRE	SINGLETON	103200	103146	28949.811	41788.974163	102240	-9958.495944812894	130028.29319624628	1615	4793	3400
K562_skew	[-1.5,-1.0)	non-cCRE	ULTRARARE	100451	100402	96221.431	212919.096329	99626	-41111.98989730795	176818.61342253987	1064	4877	2780
K562_skew	[-1.5,-1.0)	pELS	COMMON	564	564	317.45	538.068114	563	-140.15900103829338	1695.8838551899214	25	158	217
K562_skew	[-1.5,-1.0)	pELS	LOW_FREQ	740	740	486.615	907.146783	739	228.85199807398018	3856.9867222580883	89	194	347
K562_skew	[-1.5,-1.0)	pELS	RARE	2054	2052	1513.892	2914.012508	2052	569.1820031055246	10972.402292760331	259	581	929
K562_skew	[-1.5,-1.0)	pELS	SINGLETON	16191	16185	3710.717	3766.774883	16167	15731.96001051728	116668.72094430498	3160	4636	8118
K562_skew	[-1.5,-1.0)	pELS	ULTRARARE	12467	12451	6825.798	11765.527574	12441	8062.90899196535	80027.254900379	2042	3481	6080
K562_skew	[0.05,0.2)	Other cCREs	COMMON	85130	85065	22326.882999999998	29018.293297	84667	-33409.53798681815	162831.53624209054	1374	3860	3975
K562_skew	[0.05,0.2)	Other cCREs	LOW_FREQ	93274	93156	29055.906	43210.269698	92568	-19880.272999036577	162032.96743639783	2001	3329	4311
K562_skew	[0.05,0.2)	Other cCREs	RARE	226770	226469	78219.794	122740.986798	225012	-44037.01694820788	390434.1090045933	5071	8147	10449
K562_skew	[0.05,0.2)	Other cCREs	SINGLETON	2017485	2016523	270365.364	127386.670842	2009106	-82637.29181540644	3044757.878410577	54474	64549	93993
K562_skew	[0.05,0.2)	Other cCREs	ULTRARARE	1351638	1350724	340137.396	413990.38675999996	1344223	-181298.45581036445	2228854.496003381	32938	45269	63576
K562_skew	[0.05,0.2)	PLS	COMMON	5494	5482	1006.167	761.779739	5484	-1525.085003668094	23431.198323141252	367	2109	1987
K562_skew	[0.05,0.2)	PLS	LOW_FREQ	6459	6451	1311.913	1154.018113	6450	139.9099975886051	30800.583575466426	636	2271	2365
K562_skew	[0.05,0.2)	PLS	RARE	17233	17040	3673.003	3290.397069	17211	1762.6929981774888	92344.8614802504	1967	6139	6379
K562_skew	[0.05,0.2)	PLS	SINGLETON	156985	156882	21753.677	8873.215053	156884	56409.19002803439	812201.358921241	21035	54076	58319
K562_skew	[0.05,0.2)	PLS	ULTRARARE	108889	108443	20985.277	15856.709123	108789	26715.04596795678	588639.638040686	13967	38044	41009
K562_skew	[0.05,0.2)	dELS	COMMON	212448	212351	52969.994	62999.666588	212118	-74858.22302759068	519414.4439341234	6016	20660	27231
K562_skew	[0.05,0.2)	dELS	LOW_FREQ	233700	233594	69870.825	96101.601947	233318	-37939.56898408395	559444.3693448044	9085	17952	29567
K562_skew	[0.05,0.2)	dELS	RARE	583937	583696	192470.932	280772.652102	582940	-86274.17896858067	1458544.4559320384	24161	45656	74959
K562_skew	[0.05,0.2)	dELS	SINGLETON	5358150	5357118	721383.992	355106.686908	5351352	221106.60061376716	12234377.13983808	267825	408524	659924
K562_skew	[0.05,0.2)	dELS	ULTRARARE	3569090	3568263	918208.821	1105085.268167	3563964	-280385.35821250774	8760449.293994348	162211	277352	448389
K562_skew	[0.05,0.2)	non-cCRE	COMMON	943564	942853	239203.397	309166.916419	933954	-406925.3567929877	1600908.5265662223	8044	32775	5409
K562_skew	[0.05,0.2)	non-cCRE	LOW_FREQ	1038870	1038087	309586.996	460161.90296	1024827	-253493.48974313695	1425908.1441908823	11228	28457	5920
K562_skew	[0.05,0.2)	non-cCRE	RARE	2550851	2548820	841314.7440000001	1327582.922088	2514704	-596115.1133892463	3485635.147663968	29179	71193	14923
K562_skew	[0.05,0.2)	non-cCRE	SINGLETON	22409451	22402595	2912731.9339999952	1251574.7387140007	22181536	-1934071.422641685	24953043.860199112	312724	585342	131663
K562_skew	[0.05,0.2)	non-cCRE	ULTRARARE	15050626	15044133	3591143.429999998	4272049.3191559985	14864327	-2551588.5319118807	18917217.128104124	188395	406249	89707
K562_skew	[0.05,0.2)	pELS	COMMON	30531	30508	6434.7029999999995	6367.372179	30479	-9420.192996382482	80460.64331226076	1002	7996	5204
K562_skew	[0.05,0.2)	pELS	LOW_FREQ	35049	35010	8577.31	9655.478186	34961	-3657.7089934011447	95247.40577687159	1669	8097	6111
K562_skew	[0.05,0.2)	pELS	RARE	88361	88213	23697.357	28888.085943	88179	-5886.237000693102	252065.01169450642	4640	20610	15499
K562_skew	[0.05,0.2)	pELS	SINGLETON	831021	830608	111358.149	49876.710021	830310	97196.7250253387	2168362.7290743673	52387	194468	143690
K562_skew	[0.05,0.2)	pELS	ULTRARARE	551655	550943	122040.504	121825.664402	550998	6243.676977588891	1537040.3288171932	32271	129213	96938
K562_skew	[0.2,0.5)	Other cCREs	COMMON	19063	19048	5377.494	7756.235232	18918	-8630.976998665372	38190.340456684	295	920	1217
K562_skew	[0.2,0.5)	Other cCREs	LOW_FREQ	20069	20031	6843.934	11031.777376	19873	-5138.111003103899	34303.301140377305	383	801	1184
K562_skew	[0.2,0.5)	Other cCREs	RARE	49126	49055	18800.157	31968.476615	48663	-11971.05298695038	82850.78600838123	923	2038	2874
K562_skew	[0.2,0.5)	Other cCREs	SINGLETON	424665	424394	56774.315	29165.025859	422459	-28331.62793958734	620573.0764847684	10130	15244	25361
K562_skew	[0.2,0.5)	Other cCREs	ULTRARARE	287083	286846	76786.798	102755.585522	285132	-47603.17992018025	468318.1820041378	6238	11073	16990
K562_skew	[0.2,0.5)	PLS	COMMON	1881	1876	310.576	201.6541	1877	-338.91399842605466	7383.560394800717	140	770	740
K562_skew	[0.2,0.5)	PLS	LOW_FREQ	2236	2231	457.664	406.334834	2235	405.9930017024744	12790.96433463828	276	852	861
K562_skew	[0.2,0.5)	PLS	RARE	6078	6042	1292.573	1166.145333	6072	1728.8819947993618	36042.86126694568	837	2141	2554
K562_skew	[0.2,0.5)	PLS	SINGLETON	55753	55721	7529.235	2933.389873	55725	33578.03797827801	338841.57579692133	9535	20137	23201
K562_skew	[0.2,0.5)	PLS	ULTRARARE	38523	38426	6993.46	4897.4502	38498	18922.33896925113	239699.00315965858	6265	13864	16314
K562_skew	[0.2,0.5)	dELS	COMMON	51028	51001	13144.783	16857.619909	50940	-20915.3469871052	131902.37454516275	1380	5570	8550
K562_skew	[0.2,0.5)	dELS	LOW_FREQ	54537	54512	17333.676	25691.956812	54438	-9800.971004533581	133772.17411156412	2091	4766	8820
K562_skew	[0.2,0.5)	dELS	RARE	136918	136836	47951.229	74719.095281	136644	-21114.123025667737	346602.6334764615	5698	12043	22337
K562_skew	[0.2,0.5)	dELS	SINGLETON	1240695	1240368	164720.974	85512.320896	1238904	43038.312917963034	2882988.3169805678	62624	105547	196429
K562_skew	[0.2,0.5)	dELS	ULTRARARE	829320	829054	221660.372	286723.363024	827914	-71426.36006174982	2057032.8347514728	38233	72065	134562
K562_skew	[0.2,0.5)	non-cCRE	COMMON	155011	154884	43229.703	62882.024623	153546	-82113.98196669282	296479.9955318521	1134	6765	1444
K562_skew	[0.2,0.5)	non-cCRE	LOW_FREQ	167529	167347	56700.439	92400.456343	165512	-48552.76893838577	241273.46615598962	1746	5739	1514
K562_skew	[0.2,0.5)	non-cCRE	RARE	409271	408862	156225.431	272094.109179	404063	-113482.53987525556	597266.6869080906	4472	14560	3946
K562_skew	[0.2,0.5)	non-cCRE	SINGLETON	3428063	3426519	446105.699	224706.435679	3395761	-340172.1221489516	3954509.925826916	47494	113730	34028
K562_skew	[0.2,0.5)	non-cCRE	ULTRARARE	2345217	2343699	623700.405	854293.996947	2318578	-459089.77435505576	3088932.839149939	28555	79946	23039
K562_skew	[0.2,0.5)	pELS	COMMON	7808	7801	1646.235	1664.266861	7788	-2180.198002743768	21393.49113282318	316	2360	1811
K562_skew	[0.2,0.5)	pELS	LOW_FREQ	8879	8869	2201.581	2633.046767	8860	-131.6859992161631	25128.238636403796	538	2204	2010
K562_skew	[0.2,0.5)	pELS	RARE	22782	22731	5929.8	7243.6388	22728	17.372000436997247	72886.65409420412	1497	5807	5291
K562_skew	[0.2,0.5)	pELS	SINGLETON	214236	214124	28550.225	13191.113277	214046	43713.793037262854	642446.39015768	16849	54951	49171
K562_skew	[0.2,0.5)	pELS	ULTRARARE	143077	142915	31476.035	32254.021709	142869	15982.881992663373	445571.1408481985	10633	36954	33208
K562_skew	[0.5,1.0)	Other cCREs	COMMON	4820	4814	1341.214	1969.935652	4776	-2582.6400003924505	10676.051887689173	58	244	352
K562_skew	[0.5,1.0)	Other cCREs	LOW_FREQ	4606	4594	1724.626	2994.22655	4562	-1185.781000557472	7548.933400721408	75	191	298
K562_skew	[0.5,1.0)	Other cCREs	RARE	11547	11529	4784.755	8623.659377	11424	-3206.4250007225232	20697.4968128388	207	462	764
K562_skew	[0.5,1.0)	Other cCREs	SINGLETON	98227	98156	12987.744999999999	6938.130423	97644	-10146.128992033891	139650.93397937113	2014	3788	6491
K562_skew	[0.5,1.0)	Other cCREs	ULTRARARE	66651	66591	18004.437	24973.640293	66145	-13094.980981111295	106441.91646823275	1241	2653	4431
K562_skew	[0.5,1.0)	PLS	COMMON	484	483	76.387	56.545047	484	-68.53099929797466	1933.0735265875016	42	219	182
K562_skew	[0.5,1.0)	PLS	LOW_FREQ	600	600	107.203	80.14041900000001	599	160.2850004944484	3042.7271239771385	81	219	235
K562_skew	[0.5,1.0)	PLS	RARE	1698	1694	347.56	313.6103	1696	723.4380027584266	11611.299783289356	266	640	747
K562_skew	[0.5,1.0)	PLS	SINGLETON	15383	15370	2055.607	784.294415	15374	12481.025000564061	106690.64828223237	3033	5600	6603
K562_skew	[0.5,1.0)	PLS	ULTRARARE	10476	10450	1915.814	1403.023742	10468	6693.397996728774	70454.96840605659	1914	3859	4560
K562_skew	[0.5,1.0)	dELS	COMMON	13124	13119	3526.176	4771.947596	13103	-5913.208999042049	33514.99501628104	345	1563	2675
K562_skew	[0.5,1.0)	dELS	LOW_FREQ	13680	13672	4501.789	6964.559803	13659	-2581.8980061727343	32556.798021858136	517	1282	2553
K562_skew	[0.5,1.0)	dELS	RARE	34138	34124	12529.368	20322.34668	34080	-6061.369006619672	87457.57290688471	1437	3128	6370
K562_skew	[0.5,1.0)	dELS	SINGLETON	309039	308949	40388.029	21049.958611	308537	5532.901022586044	731644.9968042363	15574	28170	55926
K562_skew	[0.5,1.0)	dELS	ULTRARARE	206877	206811	56716.169	77070.538253	206538	-20325.08096010889	524236.78740056866	9514	19238	38241
K562_skew	[0.5,1.0)	non-cCRE	COMMON	31449	31420	8573.872	12334.548374	31201	-18716.731997250125	64324.49617944374	244	1599	353
K562_skew	[0.5,1.0)	non-cCRE	LOW_FREQ	33938	33900	11422.462	18113.490256	33592	-11171.517991017552	51097.020678394896	306	1344	386
K562_skew	[0.5,1.0)	non-cCRE	RARE	81574	81472	30248.693	52156.005027	80638	-24613.279978771596	120911.03906938608	859	3398	1057
K562_skew	[0.5,1.0)	non-cCRE	SINGLETON	665155	664756	85369.194	42554.613744	659733	-79458.51880034432	788855.9345372187	8698	25937	9012
K562_skew	[0.5,1.0)	non-cCRE	ULTRARARE	458860	458522	117950.14	159717.056688	454505	-97687.05088799402	619335.855967503	5401	18628	6137
K562_skew	[0.5,1.0)	pELS	COMMON	2044	2041	422.701	429.696975	2037	-666.2640012470075	6159.584326317473	85	604	522
K562_skew	[0.5,1.0)	pELS	LOW_FREQ	2282	2281	589.232	711.180188	2271	-12.436002073693123	7100.927920497211	141	596	548
K562_skew	[0.5,1.0)	pELS	RARE	6151	6144	1653.473	2113.185729	6136	306.471998520196	20910.243562522017	463	1652	1674
K562_skew	[0.5,1.0)	pELS	SINGLETON	57179	57145	7487.234	3276.467974	57117	15268.773990425518	195585.60802059257	5207	15520	14725
K562_skew	[0.5,1.0)	pELS	ULTRARARE	37822	37758	8079.777	8221.443143	37772	6666.273000670598	130552.98656359906	3254	10280	9864
K562_skew	[1.0,1.5)	Other cCREs	COMMON	982	978	289.757	459.91438900000003	978	-569.8369996827096	2290.4873556901953	11	45	111
K562_skew	[1.0,1.5)	Other cCREs	LOW_FREQ	938	938	390.053	725.826889	930	-289.26700059021834	1464.3853887827938	11	44	71
K562_skew	[1.0,1.5)	Other cCREs	RARE	2225	2224	971.681	1806.769533	2208	-719.1120005226695	3529.8350843392523	25	105	161
K562_skew	[1.0,1.5)	Other cCREs	SINGLETON	17929	17924	2377.375	1357.702835	17823	-2176.440993656404	25490.629971108196	356	721	1264
K562_skew	[1.0,1.5)	Other cCREs	ULTRARARE	12453	12442	3574.728	5330.658448	12359	-2804.50799693167	19538.43101960128	190	520	908
K562_skew	[1.0,1.5)	PLS	COMMON	86	86	18.425	21.685423	86	7.077000705525283	291.48137559349027	9	38	35
K562_skew	[1.0,1.5)	PLS	LOW_FREQ	106	106	19.22	16.700664	106	49.30100108683108	716.5876845371522	21	33	38
K562_skew	[1.0,1.5)	PLS	RARE	332	330	72.178	74.716404	332	77.86300045158706	1824.1588170615553	38	119	139
K562_skew	[1.0,1.5)	PLS	SINGLETON	2915	2912	397.889	164.22763700000002	2914	2570.253002987242	20394.924607426954	610	1022	1212
K562_skew	[1.0,1.5)	PLS	ULTRARARE	1942	1936	374.17	294.308904	1939	1377.6359990789788	13439.579205008245	363	700	795
K562_skew	[1.0,1.5)	dELS	COMMON	2762	2758	798.826	1170.488386	2756	-1237.98399733915	7017.040954477135	76	322	669
K562_skew	[1.0,1.5)	dELS	LOW_FREQ	2636	2636	978.656	1646.795488	2631	-530.4819977143779	6766.751997508583	121	243	529
K562_skew	[1.0,1.5)	dELS	RARE	6888	6885	2698.982	4526.830686	6871	-1486.2210042356744	18595.71646988693	268	650	1447
K562_skew	[1.0,1.5)	dELS	SINGLETON	60260	60246	7920.596	4594.594654	60172	452.05999985220893	142838.63952531276	3066	5636	11369
K562_skew	[1.0,1.5)	dELS	ULTRARARE	40930	40922	11863.375	17074.688545	40862	-4110.451992291258	100300.30382686672	1940	3970	7911
K562_skew	[1.0,1.5)	non-cCRE	COMMON	5327	5318	1181.901	1505.142447	5289	-3762.5960026307735	11968.80178173186	27	280	85
K562_skew	[1.0,1.5)	non-cCRE	LOW_FREQ	5414	5407	1628.949	2565.872215	5362	-2079.2359985890794	8676.49285031479	31	248	90
K562_skew	[1.0,1.5)	non-cCRE	RARE	13735	13724	4410.33	7278.863354	13577	-4687.7510008494155	21322.882256929923	126	612	226
K562_skew	[1.0,1.5)	non-cCRE	SINGLETON	113097	113032	13810.859	6053.299487	112237	-15570.051974988077	138005.27282309413	1446	4857	1740
K562_skew	[1.0,1.5)	non-cCRE	ULTRARARE	77095	77044	17576.653	22246.665383	76436	-17441.840972675363	104979.65354405562	848	3442	1168
K562_skew	[1.0,1.5)	pELS	COMMON	436	435	107.962	141.48631600000002	435	-124.31299988436503	1341.0619071124004	21	132	130
K562_skew	[1.0,1.5)	pELS	LOW_FREQ	477	477	111.785	131.763839	477	-34.45200143265538	1260.34378119187	24	125	118
K562_skew	[1.0,1.5)	pELS	RARE	1228	1225	359.552	506.479444	1226	72.71199857210752	3607.7317862888513	88	321	344
K562_skew	[1.0,1.5)	pELS	SINGLETON	11545	11537	1444.525	534.905291	11533	3022.1610008555012	38781.98492516885	1072	3135	3114
K562_skew	[1.0,1.5)	pELS	ULTRARARE	7773	7757	1702.218	1806.238602	7763	1166.676001886954	27220.293151862847	666	2161	2161
K562_skew	[1.5,Inf)	Other cCREs	COMMON	376	376	77.01	93.741144	374	-303.5339990586508	1195.6261311497015	4	29	51
K562_skew	[1.5,Inf)	Other cCREs	LOW_FREQ	286	286	114.489	214.88343700000001	286	-76.05399966053669	417.814443133535	6	11	18
K562_skew	[1.5,Inf)	Other cCREs	RARE	706	706	254.376	439.00438	703	-272.55999885057093	1228.0212325896737	9	29	39
K562_skew	[1.5,Inf)	Other cCREs	SINGLETON	5989	5986	765.999	395.595557	5962	-1005.7359972933774	8296.633470779194	95	217	345
K562_skew	[1.5,Inf)	Other cCREs	ULTRARARE	3978	3976	1093.377	1651.520219	3945	-896.5489990628556	6590.318820879451	76	168	244
K562_skew	[1.5,Inf)	PLS	COMMON	22	22	2.257	0.291821	22	-16.367999926209453	52.15765177960203	1	9	7
K562_skew	[1.5,Inf)	PLS	LOW_FREQ	36	36	7.606	7.667979999999999	36	-0.07200042949989266	109.7173507288865	3	11	12
K562_skew	[1.5,Inf)	PLS	RARE	79	79	14.744	15.06591	79	16.79900030698629	210.52506695649356	7	28	37
K562_skew	[1.5,Inf)	PLS	SINGLETON	849	848	101.248	25.071928	849	731.7210003091027	5865.861076584125	174	294	366
K562_skew	[1.5,Inf)	PLS	ULTRARARE	534	530	87.154	58.210204	534	381.3989984876244	3265.304895348772	108	183	216
K562_skew	[1.5,Inf)	dELS	COMMON	1013	1012	268.989	387.001457	1012	-513.8210002199048	2850.836758507402	31	148	285
K562_skew	[1.5,Inf)	dELS	LOW_FREQ	886	886	306.3	509.86661200000003	884	-271.171998129692	1829.5427140905786	22	104	160
K562_skew	[1.5,Inf)	dELS	RARE	2316	2315	856.041	1452.325319	2315	-534.082001530798	5880.162142169146	82	222	451
K562_skew	[1.5,Inf)	dELS	SINGLETON	20340	20331	2629.155	1493.927591	20308	-683.8099919233937	46549.04156226066	931	2024	3829
K562_skew	[1.5,Inf)	dELS	ULTRARARE	13523	13520	3997.502	5929.483192	13501	-1862.3279970518768	33973.151635226495	590	1305	2563
K562_skew	[1.5,Inf)	non-cCRE	COMMON	2167	2163	332.14300000000003	303.969753	2155	-1899.517002612119	5666.28890792916	11	130	28
K562_skew	[1.5,Inf)	non-cCRE	LOW_FREQ	1961	1960	391.209	500.67535100000003	1948	-1113.2519997471245	3970.785027776832	13	99	25
K562_skew	[1.5,Inf)	non-cCRE	RARE	4776	4775	1104.757	1593.249985	4745	-2241.13299770048	8680.07089107962	42	254	70
K562_skew	[1.5,Inf)	non-cCRE	SINGLETON	34807	34788	4060.495	1487.399735	34591	-6585.304993263913	46477.72499011623	445	1639	619
K562_skew	[1.5,Inf)	non-cCRE	ULTRARARE	24691	24681	4609.771	4976.439029	24501	-8037.437986958193	39465.824570701385	241	1158	393
K562_skew	[1.5,Inf)	pELS	COMMON	153	153	37.653	50.318267	152	-68.68899975530806	497.06249970601704	9	54	43
K562_skew	[1.5,Inf)	pELS	LOW_FREQ	159	159	43.935	71.445187	158	-15.909999862313216	537.9280536832139	12	48	44
K562_skew	[1.5,Inf)	pELS	RARE	427	424	111.022	145.064088	427	39.141000618343284	1237.5206583235838	30	127	116
K562_skew	[1.5,Inf)	pELS	SINGLETON	4113	4097	510.269	217.440671	4109	1040.1790054403243	12176.323343016089	352	1121	1199
K562_skew	[1.5,Inf)	pELS	ULTRARARE	2732	2712	555.791	571.401173	2727	599.7520022075623	9069.313576504144	257	775	770
SKNSH_skew	(-Inf,-1.5)	Other cCREs	COMMON	458	458	544.863	1230.400375	457	-332.74999853176985	1038.454138485598	1	27	73
SKNSH_skew	(-Inf,-1.5)	Other cCREs	LOW_FREQ	614	613	808.183	1899.657801	607	-393.1570005584509	1524.8259598352854	12	24	85
SKNSH_skew	(-Inf,-1.5)	Other cCREs	RARE	1594	1592	2423.25	5839.359668	1585	-1033.353001420386	3467.2759825123367	20	44	217
SKNSH_skew	(-Inf,-1.5)	Other cCREs	SINGLETON	7292	7289	2637.535	4432.285423	7240	-1000.009002930136	11496.501486580539	154	267	1094
SKNSH_skew	(-Inf,-1.5)	Other cCREs	ULTRARARE	7480	7479	8452.848	19099.386168	7430	-3810.00499504886	17340.70658665575	104	287	1035
SKNSH_skew	(-Inf,-1.5)	PLS	COMMON	47	47	28.405	55.583819	47	35.36899949749938	336.8546830670493	11	23	24
SKNSH_skew	(-Inf,-1.5)	PLS	LOW_FREQ	111	111	72.547	138.763049	111	165.65200044959775	1363.5006251963764	31	39	66
SKNSH_skew	(-Inf,-1.5)	PLS	RARE	321	321	197.591	348.397623	320	609.6289975920228	4507.812846248069	114	116	182
SKNSH_skew	(-Inf,-1.5)	PLS	SINGLETON	3422	3421	837.639	728.489483	3418	11891.332995610896	83154.30187724126	1910	1374	2274
SKNSH_skew	(-Inf,-1.5)	PLS	ULTRARARE	2281	2281	972.413	1400.450883	2279	6707.466001707827	47957.10925457191	1141	904	1443
SKNSH_skew	(-Inf,-1.5)	dELS	COMMON	1292	1292	1415.367	3105.873783	1290	-620.7300012472555	3467.857328591006	41	142	436
SKNSH_skew	(-Inf,-1.5)	dELS	LOW_FREQ	1708	1708	2188.352	5023.743256	1705	-689.6260031395359	5078.1154671953345	67	172	649
SKNSH_skew	(-Inf,-1.5)	dELS	RARE	4667	4667	6379.915	14765.018614999999	4658	-1750.8589951213219	16363.000137191968	224	444	1716
SKNSH_skew	(-Inf,-1.5)	dELS	SINGLETON	22491	22489	7493.375	12361.888373	22448	5858.987996725484	80344.3156514433	1991	2188	9613
SKNSH_skew	(-Inf,-1.5)	dELS	ULTRARARE	22886	22885	24568.826	53786.238123999996	22863	-4239.493000788383	82216.13381407906	1365	2249	9051
SKNSH_skew	(-Inf,-1.5)	non-cCRE	COMMON	2386	2384	3188.329	7351.0041949999995	2363	-1800.7889990640113	5489.017476375854	8	98	37
SKNSH_skew	(-Inf,-1.5)	non-cCRE	LOW_FREQ	2975	2973	4730.361	11558.399335	2956	-2176.2689981716685	7421.853298850097	20	93	54
SKNSH_skew	(-Inf,-1.5)	non-cCRE	RARE	8295	8292	13867.212	33847.757504	8225	-6646.674996850897	21968.590795901287	48	298	163
SKNSH_skew	(-Inf,-1.5)	non-cCRE	SINGLETON	29860	29850	11295.034	19374.76967	29513	-5478.874993009492	43899.37529446344	402	1182	895
SKNSH_skew	(-Inf,-1.5)	non-cCRE	ULTRARARE	34872	34857	44687.46	103304.908818	34563	-20692.90397976013	76182.07601901524	271	1317	751
SKNSH_skew	(-Inf,-1.5)	pELS	COMMON	141	141	124.461	243.312363	141	-49.448000345379135	447.5154836033072	6	35	59
SKNSH_skew	(-Inf,-1.5)	pELS	LOW_FREQ	158	158	151.333	322.458737	157	70.12599977105862	777.3450575372791	20	29	69
SKNSH_skew	(-Inf,-1.5)	pELS	RARE	569	569	578.113	1224.283353	569	176.44400131236765	3285.858645921773	70	158	244
SKNSH_skew	(-Inf,-1.5)	pELS	SINGLETON	3521	3521	1063.126	1470.570174	3518	4244.284000241432	32772.26763118648	783	957	1792
SKNSH_skew	(-Inf,-1.5)	pELS	ULTRARARE	3137	3137	2689.032	5397.684878	3137	1966.1379983014197	22889.402574389434	515	798	1479
SKNSH_skew	[-0.05,0.05)	Other cCREs	COMMON	389359	388922	129683.985	205148.814451	387440	-106496.95997155111	671319.121816834	8042	15322	13935
SKNSH_skew	[-0.05,0.05)	Other cCREs	LOW_FREQ	436503	435937	172286.84	302832.136672	433699	-61354.68497208145	721132.9328106269	10939	13508	16069
SKNSH_skew	[-0.05,0.05)	Other cCREs	RARE	1084985	1083414	480029.814	879091.308178	1078031	-146166.76489542957	1838975.0730092751	28571	34749	40115
SKNSH_skew	[-0.05,0.05)	Other cCREs	SINGLETON	9403570	9398663	1278886.808	759501.374836	9371358	462825.8936035117	13817486.272834519	304319	266319	338519
SKNSH_skew	[-0.05,0.05)	Other cCREs	ULTRARARE	6333111	6328298	1948853.533	2941415.748393	6303689	-362137.20541274035	10133227.93800965	183468	189804	232140
SKNSH_skew	[-0.05,0.05)	PLS	COMMON	13173	13145	3190.688	3514.562658	13151	-2844.1560087180715	53708.61251666444	858	4658	3955
SKNSH_skew	[-0.05,0.05)	PLS	LOW_FREQ	16411	16339	4477.776	5454.0608	16384	201.14299427217276	74839.31193331437	1421	5188	5355
SKNSH_skew	[-0.05,0.05)	PLS	RARE	44098	42564	12366.479	15305.145351	44031	2695.929010259454	214918.37183689917	4272	14371	14081
SKNSH_skew	[-0.05,0.05)	PLS	SINGLETON	381946	381540	58346.592	31064.20778	381675	129204.74191940976	1698649.2218005059	44734	120527	123356
SKNSH_skew	[-0.05,0.05)	PLS	ULTRARARE	267798	265203	64566.05	67105.608436	267549	57513.18295359973	1269923.6981362165	29686	85786	88358
SKNSH_skew	[-0.05,0.05)	dELS	COMMON	849700	849301	273779.219	411267.308783	848446	-183410.9879766788	1855132.8284090033	27788	72156	80884
SKNSH_skew	[-0.05,0.05)	dELS	LOW_FREQ	978811	978296	378278.307	634269.219601	977290	-70992.00803760775	2208227.3187517407	41304	67719	96778
SKNSH_skew	[-0.05,0.05)	dELS	RARE	2461083	2459776	1057988.94	1844590.97555	2457327	-165328.78515546102	5849555.397810253	109383	171501	245588
SKNSH_skew	[-0.05,0.05)	dELS	SINGLETON	21861054	21856229	3043500.010999997	1953536.6558550023	21835326	3205162.3541390602	46990322.78344342	1179943	1464342	2022029
SKNSH_skew	[-0.05,0.05)	dELS	ULTRARARE	14739618	14735516	4717909.326	7070826.775739996	14719912	220002.6258124014	34022654.34349743	718686	1017146	1422595
SKNSH_skew	[-0.05,0.05)	non-cCRE	COMMON	6124800	6118923	1992887.394	3151139.781984	6061424	-2078878.4784271023	8890386.042590102	58516	167340	19739
SKNSH_skew	[-0.05,0.05)	non-cCRE	LOW_FREQ	6841490	6834083	2604373.051	4589044.831243	6748207	-1409651.9494302983	8789087.446612207	80254	148609	23268
SKNSH_skew	[-0.05,0.05)	non-cCRE	RARE	16945317	16927881	7222869.334	13313715.999674013	16699973	-3464255.237135691	22007083.30318207	204311	374334	58853
SKNSH_skew	[-0.05,0.05)	non-cCRE	SINGLETON	145622289	145572816	19242352.82299994	10316111.188649036	144165947	-5007060.449127633	147758712.23646778	2189547	3017114	478386
SKNSH_skew	[-0.05,0.05)	non-cCRE	ULTRARARE	98350482	98300055	28475743.18500002	41799127.559752956	97138090	-12704111.062867448	114677316.6827907	1306974	2120225	337332
SKNSH_skew	[-0.05,0.05)	pELS	COMMON	113507	113399	31652.564	41818.824694	113338	-26049.45498009583	263852.5162388525	3700	26839	13889
SKNSH_skew	[-0.05,0.05)	pELS	LOW_FREQ	132926	132796	43792.551	64605.716743	132648	-10915.266991984105	320537.59116110665	5559	27151	17101
SKNSH_skew	[-0.05,0.05)	pELS	RARE	339369	338784	121026.089	185659.001697	338808	-18829.216020472482	854023.3344572553	15654	70643	44344
SKNSH_skew	[-0.05,0.05)	pELS	SINGLETON	3084939	3083119	443324.66	269011.817088	3082522	436994.84792549943	6887495.621963127	171509	643539	390172
SKNSH_skew	[-0.05,0.05)	pELS	ULTRARARE	2071099	2067867	581775.844	761648.6718039999	2068947	48118.973044415005	4990826.7847441705	104810	435479	268901
SKNSH_skew	[-0.2,-0.05)	Other cCREs	COMMON	125079	124953	100759.60800000001	210858.07345	124116	-56835.58295786046	258357.69115420716	2033	5672	6155
SKNSH_skew	[-0.2,-0.05)	Other cCREs	LOW_FREQ	146772	146519	142717.219	319537.530373	145322	-54068.54295889161	300645.69024346414	2840	5438	7385
SKNSH_skew	[-0.2,-0.05)	Other cCREs	RARE	384240	383624	411536.873	931973.7356509999	380261	-149879.43286958238	811545.684280475	7513	14822	19827
SKNSH_skew	[-0.2,-0.05)	Other cCREs	SINGLETON	2295155	2293574	493383.99	632041.154734	2283482	38381.12532463871	3491669.863640665	71126	74194	119913
SKNSH_skew	[-0.2,-0.05)	Other cCREs	ULTRARARE	1915108	1913293	1431742.736	2973673.237544	1901881	-458335.3995231895	3631769.400082173	46034	68996	99557
SKNSH_skew	[-0.2,-0.05)	PLS	COMMON	7377	7374	2943.416	4279.580234	7362	-1573.753991333884	31567.701615852642	545	2771	2721
SKNSH_skew	[-0.2,-0.05)	PLS	LOW_FREQ	9985	9968	4462.525	6839.545247	9969	1057.9730088564106	49003.91381976327	1101	3416	4004
SKNSH_skew	[-0.2,-0.05)	PLS	RARE	27700	27441	13014.704	20586.661328	27654	5959.543991381768	147603.53378551808	3411	9540	11350
SKNSH_skew	[-0.2,-0.05)	PLS	SINGLETON	218836	218656	44363.84	34345.559592	218683	121386.7899659138	1213572.075637813	34403	76510	93021
SKNSH_skew	[-0.2,-0.05)	PLS	ULTRARARE	165718	165098	62675.826	85832.290152	165573	58751.48398786459	915387.1053445725	23276	56981	69120
SKNSH_skew	[-0.2,-0.05)	dELS	COMMON	318958	318830	246585.271	490810.523731	318377	-133783.70597044664	851426.9150765114	9196	31178	44068
SKNSH_skew	[-0.2,-0.05)	dELS	LOW_FREQ	388497	388308	360060.976	764140.604428	387655	-125365.53100892052	1076928.224865948	14004	31677	56662
SKNSH_skew	[-0.2,-0.05)	dELS	RARE	1029539	1029040	1048962.417	2254931.691099	1027350	-344142.47992502933	2978571.1792524583	39082	85420	153294
SKNSH_skew	[-0.2,-0.05)	dELS	SINGLETON	6389511	6388161	1486770.1	1941674.352418	6379879	834698.0965889073	15083102.31746796	370418	504126	907034
SKNSH_skew	[-0.2,-0.05)	dELS	ULTRARARE	5450585	5449188	4174100.736	8354245.705678002	5441348	-1004388.179102963	14934955.351871226	245602	450011	799068
SKNSH_skew	[-0.2,-0.05)	non-cCRE	COMMON	1406341	1404995	1127784.746	2413522.692518	1387584	-694372.8984441165	2582311.049893834	12698	49317	8856
SKNSH_skew	[-0.2,-0.05)	non-cCRE	LOW_FREQ	1618766	1616570	1572294.9	3594472.712744	1589171	-645253.4703762427	2812533.073203814	17802	46052	11556
SKNSH_skew	[-0.2,-0.05)	non-cCRE	RARE	4236613	4231058	4554932.79	10533189.295980003	4156597	-1790429.160304803	7639627.30788658	46685	124118	30666
SKNSH_skew	[-0.2,-0.05)	non-cCRE	SINGLETON	25317651	25304629	5069796.556999993	6448375.5227869935	24997307	-580257.1071136165	28673108.685370658	456227	677054	184532
SKNSH_skew	[-0.2,-0.05)	non-cCRE	ULTRARARE	20961969	20946780	15397614.736999992	32461291.551671002	20658463	-5712847.754204838	32479628.20343619	286185	609611	159078
SKNSH_skew	[-0.2,-0.05)	pELS	COMMON	44078	44040	26351.41	46651.302540000004	44000	-15131.492988422862	118507.44291776104	1524	11289	7808
SKNSH_skew	[-0.2,-0.05)	pELS	LOW_FREQ	55021	54975	39182.309	74758.200437	54893	-11014.885976284511	161748.37629798998	2584	12629	10572
SKNSH_skew	[-0.2,-0.05)	pELS	RARE	146441	146173	112767.112	218295.619764	146168	-30419.013993819382	447492.86882062856	7246	33279	28445
SKNSH_skew	[-0.2,-0.05)	pELS	SINGLETON	1039396	1038814	240438.196	263762.540598	1038436	202748.25499761305	2864481.774286138	74814	251523	212939
SKNSH_skew	[-0.2,-0.05)	pELS	ULTRARARE	827080	826031	493018.098	872265.70128	826028	-48289.57993432389	2459587.764622547	48981	194264	165200
SKNSH_skew	[-0.5,-0.2)	Other cCREs	COMMON	22764	22739	19334.508	40520.638616	22585	-11853.737995718491	48273.51160273035	303	1180	1831
SKNSH_skew	[-0.5,-0.2)	Other cCREs	LOW_FREQ	27279	27215	27468.623	61287.857789	26979	-11828.09599777963	56534.01050246519	431	1150	2251
SKNSH_skew	[-0.5,-0.2)	Other cCREs	RARE	71761	71615	79757.432	180804.147976	71006	-31932.38397863483	152665.8500053422	1246	3144	6053
SKNSH_skew	[-0.5,-0.2)	Other cCREs	SINGLETON	408678	408353	96581.225	125806.254983	406154	-18220.26093681843	635936.6023741683	11043	14969	36478
SKNSH_skew	[-0.5,-0.2)	Other cCREs	ULTRARARE	356468	356103	280875.958	583674.783202	353690	-107462.28391436732	690934.6692789684	7371	14543	30836
SKNSH_skew	[-0.5,-0.2)	PLS	COMMON	2251	2245	771.105	994.175559	2249	227.95800080185305	10664.734521017648	251	982	986
SKNSH_skew	[-0.5,-0.2)	PLS	LOW_FREQ	3309	3307	1304.092	1907.73593	3306	1759.248004912865	19765.909288018633	584	1217	1624
SKNSH_skew	[-0.5,-0.2)	PLS	RARE	9458	9440	3773.544	5403.18344	9449	7126.742003122112	67257.981519652	1884	3522	4674
SKNSH_skew	[-0.5,-0.2)	PLS	SINGLETON	80324	80290	15249.011	10284.349773	80275	92075.43298034495	659496.820576132	19871	29680	41807
SKNSH_skew	[-0.5,-0.2)	PLS	ULTRARARE	58836	58757	19390.952	24409.087986	58794	54230.93899006269	461839.1695226329	13143	21714	30165
SKNSH_skew	[-0.5,-0.2)	dELS	COMMON	60931	60900	48481.612	96969.348174	60768	-27365.48898117094	160550.6837737851	1698	6734	12522
SKNSH_skew	[-0.5,-0.2)	dELS	LOW_FREQ	76724	76671	72123.198	153323.241756	76492	-24469.171010282356	212766.36595185823	2893	7030	17091
SKNSH_skew	[-0.5,-0.2)	dELS	RARE	205668	205517	211617.655	454708.748055	205113	-70274.78501724266	622403.5899293302	8556	19145	46667
SKNSH_skew	[-0.5,-0.2)	dELS	SINGLETON	1249211	1248809	305609.403	401000.047065	1246786	163793.71390097187	3324717.8011077065	79347	112785	281528
SKNSH_skew	[-0.5,-0.2)	dELS	ULTRARARE	1084003	1083589	848268.419	1700140.554007	1081624	-201342.62705066332	3205197.41040731	53642	100770	246958
SKNSH_skew	[-0.5,-0.2)	non-cCRE	COMMON	178692	178330	167483.469	354522.752109	176282	-108952.60193714478	362813.3917130889	1218	7840	1975
SKNSH_skew	[-0.5,-0.2)	non-cCRE	LOW_FREQ	213259	212509	240833.199	544750.689249	209155	-112714.12588837769	413110.5698360423	1770	7805	2554
SKNSH_skew	[-0.5,-0.2)	non-cCRE	RARE	569611	567956	701291.426	1602630.908704	559521	-316083.0717035046	1133059.698022839	4622	21200	7317
SKNSH_skew	[-0.5,-0.2)	non-cCRE	SINGLETON	2892329	2888198	762760.9990000001	1072243.659611	2855318	-348016.66904292605	3578290.5111469426	43420	102096	42863
SKNSH_skew	[-0.5,-0.2)	non-cCRE	ULTRARARE	2724513	2719667	2457860.055	5182623.882481	2687057	-1117611.607851696	4707530.78854737	28511	102142	37144
SKNSH_skew	[-0.5,-0.2)	pELS	COMMON	8813	8809	5329.278	9457.014768	8787	-2404.661003718734	24962.793044589016	405	2543	2237
SKNSH_skew	[-0.5,-0.2)	pELS	LOW_FREQ	11546	11532	8013.081999999999	14999.543088	11516	-1359.35498789826	40947.637955469836	758	2899	3349
SKNSH_skew	[-0.5,-0.2)	pELS	RARE	31327	31258	23562.87	44974.461473999996	31269	-2199.3460121878893	115886.89873736352	2287	7736	8959
SKNSH_skew	[-0.5,-0.2)	pELS	SINGLETON	223396	223264	51678.957	54347.493801000004	223174	86359.8530292234	859856.0898966974	23852	59208	69603
SKNSH_skew	[-0.5,-0.2)	pELS	ULTRARARE	178200	177973	103145.87	179599.495526	177928	20811.821013874127	674635.8713922295	15758	45691	53107
SKNSH_skew	[-1.0,-0.5)	Other cCREs	COMMON	6160	6156	6094.556	13159.341444	6113	-3495.966997664074	13476.503764188976	78	346	637
SKNSH_skew	[-1.0,-0.5)	Other cCREs	LOW_FREQ	7390	7383	8478.381	19270.367479	7331	-3610.2549998221243	15871.453569655863	106	314	858
SKNSH_skew	[-1.0,-0.5)	Other cCREs	RARE	19600	19578	24504.388	56515.486114	19420	-9672.186991028604	42937.83915156165	289	829	2195
SKNSH_skew	[-1.0,-0.5)	Other cCREs	SINGLETON	101517	101456	26988.641	37905.863351	100900	-5535.023977410979	171363.33206367656	2783	3768	12974
SKNSH_skew	[-1.0,-0.5)	Other cCREs	ULTRARARE	93698	93647	84747.59	181102.927904	93061	-31321.541967583573	191682.78234485674	1944	3844	11132
SKNSH_skew	[-1.0,-0.5)	PLS	COMMON	638	638	279.322	439.611604	638	293.6160014676861	3972.5947563023087	113	301	312
SKNSH_skew	[-1.0,-0.5)	PLS	LOW_FREQ	1133	1132	499.912	752.875304	1131	1084.3159991033613	8404.005484610212	258	445	589
SKNSH_skew	[-1.0,-0.5)	PLS	RARE	3018	3018	1384.001	2188.693779	3016	3830.44000893319	31246.465813867973	872	1101	1684
SKNSH_skew	[-1.0,-0.5)	PLS	SINGLETON	28142	28134	5510.832	4001.909674	28120	55791.74298196741	367241.85883903963	10353	10805	16396
SKNSH_skew	[-1.0,-0.5)	PLS	ULTRARARE	19809	19800	6897.587	9034.364871	19795	32984.47198647309	231166.09631583185	6494	7454	11272
SKNSH_skew	[-1.0,-0.5)	dELS	COMMON	16065	16060	14361.852	29341.039646	16039	-7913.144000522441	43888.62722668635	457	1852	4291
SKNSH_skew	[-1.0,-0.5)	dELS	LOW_FREQ	20724	20718	22232.901	48364.317280999996	20667	-7416.717992988649	64309.5426338143	878	1960	5956
SKNSH_skew	[-1.0,-0.5)	dELS	RARE	56397	56382	64374.525	141071.358457	56263	-19402.45600406545	182346.58025071697	2596	5591	16905
SKNSH_skew	[-1.0,-0.5)	dELS	SINGLETON	317965	317910	86846.477	122599.232661	317385	63155.62394039088	1030682.0315430955	24511	30080	98372
SKNSH_skew	[-1.0,-0.5)	dELS	ULTRARARE	290689	290627	255275.324	523739.28012	290059	-48787.03803088783	969432.6032755964	16706	28258	88597
SKNSH_skew	[-1.0,-0.5)	non-cCRE	COMMON	35702	35653	38547.745	84640.609939	35286	-23657.78897465791	75762.51368230888	204	1750	532
SKNSH_skew	[-1.0,-0.5)	non-cCRE	LOW_FREQ	42895	42783	56077.344	131110.761056	42221	-25284.33697319101	87074.48065416713	308	1730	624
SKNSH_skew	[-1.0,-0.5)	non-cCRE	RARE	115380	115136	163411.516	385876.334924	113704	-70415.37190636856	242982.67721323774	871	4840	1942
SKNSH_skew	[-1.0,-0.5)	non-cCRE	SINGLETON	504786	504168	156626.66	240560.470266	498930	-79550.71882876196	674040.801408891	7223	21050	11278
SKNSH_skew	[-1.0,-0.5)	non-cCRE	ULTRARARE	523523	522763	550564.326	1210171.53561	517333	-243397.477656117	973012.1049372507	5138	22459	10238
SKNSH_skew	[-1.0,-0.5)	pELS	COMMON	2140	2140	1523.109	2798.518365	2138	-702.1639983017233	7526.841216581691	108	611	664
SKNSH_skew	[-1.0,-0.5)	pELS	LOW_FREQ	3021	3020	2456.825	4766.081709	3012	-211.5890003137756	11741.23745193409	230	734	1050
SKNSH_skew	[-1.0,-0.5)	pELS	RARE	8034	8020	6749.626	13240.19457	8018	305.84100190037947	34955.57827862713	755	2078	2843
SKNSH_skew	[-1.0,-0.5)	pELS	SINGLETON	56154	56122	14146.569	15946.709261	56080	35465.14799742891	308861.7676519326	8362	15618	21865
SKNSH_skew	[-1.0,-0.5)	pELS	ULTRARARE	45712	45654	29873.954999999998	53811.849925	45627	11899.954001404461	221475.5976406739	5242	11921	16830
SKNSH_skew	[-1.5,-1.0)	Other cCREs	COMMON	1202	1201	1253.846	2724.277796	1191	-666.4330001970519	2414.519760847156	12	69	137
SKNSH_skew	[-1.5,-1.0)	Other cCREs	LOW_FREQ	1570	1570	1883.1879999999999	4428.486332	1555	-720.5570007057395	3275.092218644385	24	67	229
SKNSH_skew	[-1.5,-1.0)	Other cCREs	RARE	4122	4120	5467.842	12851.226782	4079	-2160.645000434482	8816.126522126104	54	175	560
SKNSH_skew	[-1.5,-1.0)	Other cCREs	SINGLETON	20841	20836	6096.026	9301.732338	20678	-1798.3849976856732	29664.51608229339	449	823	2923
SKNSH_skew	[-1.5,-1.0)	Other cCREs	ULTRARARE	19603	19599	18751.722	41474.329538	19425	-7271.225990800305	36732.82966541301	285	811	2596
SKNSH_skew	[-1.5,-1.0)	PLS	COMMON	142	142	70.592	119.75779800000001	141	25.10200003907086	929.9950078287769	23	58	62
SKNSH_skew	[-1.5,-1.0)	PLS	LOW_FREQ	258	257	110.214	174.997182	257	426.2140000090004	2851.290386107878	85	89	164
SKNSH_skew	[-1.5,-1.0)	PLS	RARE	753	751	363.686	598.292786	753	1401.651998579269	9684.572597194985	271	313	432
SKNSH_skew	[-1.5,-1.0)	PLS	SINGLETON	7741	7739	1658.476	1374.51664	7738	20808.607985842867	135354.4933892707	3622	3116	4961
SKNSH_skew	[-1.5,-1.0)	PLS	ULTRARARE	5474	5474	2111.131	2996.487097	5469	12610.53200286511	86192.98796487183	2277	2121	3347
SKNSH_skew	[-1.5,-1.0)	dELS	COMMON	3329	3327	3203.744	6784.730906	3321	-1683.8560027487122	9496.131680413346	93	385	1104
SKNSH_skew	[-1.5,-1.0)	dELS	LOW_FREQ	4318	4318	4963.637	11228.445557	4310	-1485.9289978081363	14258.323680420635	188	408	1547
SKNSH_skew	[-1.5,-1.0)	dELS	RARE	12000	11996	14825.994	33521.875588	11968	-3974.7930023936788	39028.44382511375	569	1166	4226
SKNSH_skew	[-1.5,-1.0)	dELS	SINGLETON	64585	64575	18966.156	28737.003672	64464	14657.264009871878	212363.43952076742	5300	6271	24488
SKNSH_skew	[-1.5,-1.0)	dELS	ULTRARARE	60744	60739	57643.315	122908.826003	60636	-9196.86499566841	200663.76128111186	3588	6104	22148
SKNSH_skew	[-1.5,-1.0)	non-cCRE	COMMON	6771	6769	8101.402	18341.272228	6703	-4222.124994674115	13474.262381243992	35	320	120
SKNSH_skew	[-1.5,-1.0)	non-cCRE	LOW_FREQ	8511	8500	12226.163	29467.247109	8427	-5340.0969980094815	18053.275312564918	50	357	153
SKNSH_skew	[-1.5,-1.0)	non-cCRE	RARE	23422	23407	36622.899	89467.585395	23174	-14259.866976667081	46953.44206334559	139	1131	419
SKNSH_skew	[-1.5,-1.0)	non-cCRE	SINGLETON	91236	91194	32465.099000000002	53816.933127	90255	-12852.732952299757	115246.56091520908	1219	4016	2290
SKNSH_skew	[-1.5,-1.0)	non-cCRE	ULTRARARE	101937	101880	120278.604	274508.47871	100980	-48321.52791421442	186848.05722736	867	4611	2102
SKNSH_skew	[-1.5,-1.0)	pELS	COMMON	447	446	299.81	540.096118	446	-141.27199832745836	1482.7992140791785	24	140	163
SKNSH_skew	[-1.5,-1.0)	pELS	LOW_FREQ	610	610	541.543	1127.032009	607	9.788999489974263	2793.365724658788	60	153	238
SKNSH_skew	[-1.5,-1.0)	pELS	RARE	1522	1520	1429.707	2899.809491	1520	61.698999823303986	7903.285789585016	159	416	603
SKNSH_skew	[-1.5,-1.0)	pELS	SINGLETON	10950	10942	3057.9320000000002	3854.79708	10939	9985.246998010203	77567.5838839039	2111	3051	4983
SKNSH_skew	[-1.5,-1.0)	pELS	ULTRARARE	9017	8999	6526.734	12378.816454	8997	4170.552015076625	55496.753227135785	1317	2357	3762
SKNSH_skew	[0.05,0.2)	Other cCREs	COMMON	110711	110619	24455.29	26638.373292	110039	-44500.04698144356	217771.4901039438	1803	4720	4973
SKNSH_skew	[0.05,0.2)	Other cCREs	LOW_FREQ	118560	118359	30665.248	39119.03075	117626	-25067.809986436154	209068.0887968672	2638	3957	5108
SKNSH_skew	[0.05,0.2)	Other cCREs	RARE	288453	287977	81622.593	111422.405707	286087	-56881.74296925313	507222.7191369624	6636	9843	12496
SKNSH_skew	[0.05,0.2)	Other cCREs	SINGLETON	2647716	2646171	344274.191	128624.819043	2636110	-154433.19384140687	4162329.656135195	72363	81739	115706
SKNSH_skew	[0.05,0.2)	Other cCREs	ULTRARARE	1750568	1749071	374520.506	372436.831416	1740631	-257669.29181207408	3004628.535741022	43724	56351	76590
SKNSH_skew	[0.05,0.2)	PLS	COMMON	6346	6328	1068.385	671.808661	6337	-1839.306007876527	27111.249408262247	403	2427	2208
SKNSH_skew	[0.05,0.2)	PLS	LOW_FREQ	7534	7523	1466.06	1173.683694	7532	174.66599615372277	32296.579591076315	722	2561	2749
SKNSH_skew	[0.05,0.2)	PLS	RARE	20258	19931	4019.924	3184.902454	20234	1635.0610021259622	110397.14889952193	2293	7094	7605
SKNSH_skew	[0.05,0.2)	PLS	SINGLETON	181717	181573	25237.68	9533.001554	181607	64206.62898320554	935247.229072291	24281	61945	67720
SKNSH_skew	[0.05,0.2)	PLS	ULTRARARE	124934	124272	23064.44	15671.595146	124847	29098.282983204368	671633.8590900125	15969	43296	47497
SKNSH_skew	[0.05,0.2)	dELS	COMMON	274482	274379	58107.514	57952.812853999996	274039	-103769.80499132631	695540.0044983387	7848	26100	32966
SKNSH_skew	[0.05,0.2)	dELS	LOW_FREQ	296982	296851	73359.283	86027.343127	296469	-53889.28301414825	735542.7302870207	11389	22242	35056
SKNSH_skew	[0.05,0.2)	dELS	RARE	737894	737604	198474.335	250074.133515	736562	-120907.14803050205	1867790.8411816044	30409	55767	87515
SKNSH_skew	[0.05,0.2)	dELS	SINGLETON	6964363	6963184	902963.961	353377.662305	6955646	4983.498495562324	16259098.725771064	336949	515956	796291
SKNSH_skew	[0.05,0.2)	dELS	ULTRARARE	4574904	4573939	990403.602	981103.97618	4568231	-486536.9403801761	11423397.542965626	203591	344285	531493
SKNSH_skew	[0.05,0.2)	non-cCRE	COMMON	1310014	1308920	270743.345	271434.684991	1294382	-572493.8127471107	2270897.329674357	11269	43014	6639
SKNSH_skew	[0.05,0.2)	non-cCRE	LOW_FREQ	1428702	1427326	337759.039	398477.102591	1406302	-351454.31866467465	1976827.7827854084	15550	36542	7363
SKNSH_skew	[0.05,0.2)	non-cCRE	RARE	3495737	3492015	903073.202	1163094.661086	3437782	-819540.9681971135	4829231.863609305	39523	91426	18200
SKNSH_skew	[0.05,0.2)	non-cCRE	SINGLETON	31853486	31842672	4070790.364999989	1364595.3735670012	31493680	-3466618.321160783	36539990.37117048	428678	782950	164006
SKNSH_skew	[0.05,0.2)	non-cCRE	ULTRARARE	21133091	21121860	4227110.592999995	3864374.448303004	20833262	-3884953.7101511625	27234561.047474656	258205	533287	110168
SKNSH_skew	[0.05,0.2)	pELS	COMMON	38317	38287	7268.102	6221.265748	38272	-13226.051997588835	100235.70606109814	1217	9817	5984
SKNSH_skew	[0.05,0.2)	pELS	LOW_FREQ	43181	43141	9334.664999999999	9182.557811	43086	-5645.4380062789405	115485.13635301564	1930	9665	6936
SKNSH_skew	[0.05,0.2)	pELS	RARE	109715	109554	25299.53	26630.130206	109540	-11243.915010895586	316769.3889899791	5554	25053	18188
SKNSH_skew	[0.05,0.2)	pELS	SINGLETON	1045045	1044559	135913.704	51137.467182	1044243	67441.53798682547	2713600.906740579	62141	237211	169144
SKNSH_skew	[0.05,0.2)	pELS	ULTRARARE	689045	688060	134866.626	113322.815864	688245	-19741.99502094347	1915742.1478592362	38457	157972	113185
SKNSH_skew	[0.2,0.5)	Other cCREs	COMMON	18382	18362	5510.956	8351.372174	18231	-8794.477000075627	37939.858984752704	289	909	1094
SKNSH_skew	[0.2,0.5)	Other cCREs	LOW_FREQ	19169	19116	7222.182	12457.307838	18915	-5041.217003881349	32995.545680097915	354	831	1016
SKNSH_skew	[0.2,0.5)	Other cCREs	RARE	46747	46634	19579.615	35230.954751	46155	-11708.856980311102	80291.6549461325	868	1916	2376
SKNSH_skew	[0.2,0.5)	Other cCREs	SINGLETON	401459	401186	53918.098	28312.229256	399116	-30884.721932665438	602226.4092537303	9561	14543	21549
SKNSH_skew	[0.2,0.5)	Other cCREs	ULTRARARE	272210	271884	74486.412	102588.074012	269951	-45278.06095222465	444648.2639924948	5886	10592	14746
SKNSH_skew	[0.2,0.5)	PLS	COMMON	1688	1685	304.71999999999997	232.738286	1684	-253.46299766481394	6809.733944254497	135	699	659
SKNSH_skew	[0.2,0.5)	PLS	LOW_FREQ	2128	2124	447.998	413.34246	2124	332.0229992052772	12134.076100075976	267	797	833
SKNSH_skew	[0.2,0.5)	PLS	RARE	5681	5641	1200.462	1087.269504	5675	2386.813993520685	34658.12326427968	866	2144	2422
SKNSH_skew	[0.2,0.5)	PLS	SINGLETON	52523	52499	7272.824	2735.75804	52500	33572.64000776026	330207.4304144367	9259	19097	22148
SKNSH_skew	[0.2,0.5)	PLS	ULTRARARE	36126	36017	6788.69	4821.358786	36098	19039.46697885519	227973.32973355489	6074	13260	15445
SKNSH_skew	[0.2,0.5)	dELS	COMMON	48770	48743	12629.27	16585.417668	48668	-20764.512006569646	122679.26411595734	1252	5342	7953
SKNSH_skew	[0.2,0.5)	dELS	LOW_FREQ	51101	51077	16762.94	25731.06072	50975	-9687.748008813363	121942.2830450104	1978	4487	7797
SKNSH_skew	[0.2,0.5)	dELS	RARE	128852	128777	46626.84	75016.697934	128530	-23157.01999615551	325222.5059572935	5122	11251	19859
SKNSH_skew	[0.2,0.5)	dELS	SINGLETON	1170501	1170224	155582.653	81299.965893	1168672	24266.01398950955	2742347.154947153	58549	98575	174919
SKNSH_skew	[0.2,0.5)	dELS	ULTRARARE	779150	778908	210919.776	280083.010156	777633	-71821.83794140039	1950584.4039446735	35745	67387	119913
SKNSH_skew	[0.2,0.5)	non-cCRE	COMMON	157321	157059	41857.706	59578.27212	155466	-82553.98195024372	300998.5445813332	1150	6898	1391
SKNSH_skew	[0.2,0.5)	non-cCRE	LOW_FREQ	169972	169518	55247.195999999996	88765.740936	167266	-46150.00393648621	238449.55746850555	1762	5848	1466
SKNSH_skew	[0.2,0.5)	non-cCRE	RARE	413677	412625	148788.581	253922.404251	406837	-106037.5498896864	583269.843625924	4538	14578	3623
SKNSH_skew	[0.2,0.5)	non-cCRE	SINGLETON	3597790	3595242	460413.033	219156.590773	3561479	-376114.85312102945	4156656.7655803435	48340	116906	31448
SKNSH_skew	[0.2,0.5)	non-cCRE	ULTRARARE	2424548	2421621	609101.093	809781.593703	2393105	-457749.2923618867	3147300.0120842136	29041	82344	21664
SKNSH_skew	[0.2,0.5)	pELS	COMMON	7417	7409	1589.374	1701.15594	7396	-2225.724998494377	19646.2166696481	270	2177	1602
SKNSH_skew	[0.2,0.5)	pELS	LOW_FREQ	8405	8396	2139.807	2625.971035	8383	25.927998814266218	23446.025353499852	492	2030	1753
SKNSH_skew	[0.2,0.5)	pELS	RARE	21108	21081	5810.923	7485.714285	21063	-114.14599697291807	66217.41296692165	1381	5365	4673
SKNSH_skew	[0.2,0.5)	pELS	SINGLETON	201343	201243	27315.676	12801.662444	201141	40232.72702902531	620892.5396831366	16057	51300	43542
SKNSH_skew	[0.2,0.5)	pELS	ULTRARARE	133366	133197	29914.559	31447.052763	133175	14405.369016244296	424153.87969767384	10032	33810	29181
SKNSH_skew	[0.5,1.0)	Other cCREs	COMMON	4482	4477	1469.385	2445.911459	4438	-2585.7440012807506	10743.24248766367	56	235	339
SKNSH_skew	[0.5,1.0)	Other cCREs	LOW_FREQ	4291	4278	1900.294	3572.443342	4237	-1317.293001705198	7160.330500970767	59	169	259
SKNSH_skew	[0.5,1.0)	Other cCREs	RARE	10843	10825	5216.697	10109.727363	10710	-3074.2140003092363	18860.710287026093	180	440	580
SKNSH_skew	[0.5,1.0)	Other cCREs	SINGLETON	90414	90338	12356.59	7100.328372	89812	-9174.299976408598	131929.86225450237	1926	3380	5428
SKNSH_skew	[0.5,1.0)	Other cCREs	ULTRARARE	62135	62066	18820.29	28558.301574	61603	-12727.849969138979	102471.41347470367	1199	2497	3617
SKNSH_skew	[0.5,1.0)	PLS	COMMON	423	420	63.058	42.74989	423	-30.401997790904716	1623.3593095003528	40	183	154
SKNSH_skew	[0.5,1.0)	PLS	LOW_FREQ	497	497	103.249	95.529493	496	104.99500309489657	2870.727689239685	68	184	192
SKNSH_skew	[0.5,1.0)	PLS	RARE	1483	1477	337.07	348.476648	1482	554.8510007642911	11087.025063216008	240	533	637
SKNSH_skew	[0.5,1.0)	PLS	SINGLETON	13838	13832	2009.492	894.456214	13833	11704.672996711453	100598.26399996779	2823	5063	5834
SKNSH_skew	[0.5,1.0)	PLS	ULTRARARE	9571	9549	1903.154	1520.8754979999999	9564	6504.976993597811	68051.28636372104	1809	3494	3991
SKNSH_skew	[0.5,1.0)	dELS	COMMON	12034	12031	3657.136	5507.08087	12009	-5634.691994420487	31432.310813847344	319	1360	2328
SKNSH_skew	[0.5,1.0)	dELS	LOW_FREQ	12341	12339	4717.086	7934.28186	12318	-2857.25200257334	28510.210774157706	409	1117	2160
SKNSH_skew	[0.5,1.0)	dELS	RARE	31379	31361	13618.789	24068.695803	31320	-6419.435002234764	82895.97211697973	1299	2820	5512
SKNSH_skew	[0.5,1.0)	dELS	SINGLETON	278572	278496	38189.891	22344.871951	278121	1989.9330101291434	667439.1381354985	14140	24763	46795
SKNSH_skew	[0.5,1.0)	dELS	ULTRARARE	189736	189683	58642.258	86768.74232399999	189410	-21947.031986359285	486212.7302422815	8687	17249	32538
SKNSH_skew	[0.5,1.0)	non-cCRE	COMMON	30869	30813	9232.464	14506.407764	30507	-17842.37998407974	62118.83273841544	198	1516	309
SKNSH_skew	[0.5,1.0)	non-cCRE	LOW_FREQ	33267	33172	12468.464	22195.70327	32751	-10505.82798904111	48955.18052577473	275	1329	376
SKNSH_skew	[0.5,1.0)	non-cCRE	RARE	82317	82094	34654.94	65126.202696	80912	-24424.682964053594	121599.67718977832	825	3434	944
SKNSH_skew	[0.5,1.0)	non-cCRE	SINGLETON	682214	681609	88599.447	45669.343203	675947	-79871.27882030445	792151.9864546068	8642	25345	7548
SKNSH_skew	[0.5,1.0)	non-cCRE	ULTRARARE	467591	466823	126988.325	183272.346325	462062	-97919.27481979447	624870.3220750929	5402	17992	5239
SKNSH_skew	[0.5,1.0)	pELS	COMMON	1774	1773	432.492	508.565466	1769	-585.2649989605417	5676.843326951852	79	553	437
SKNSH_skew	[0.5,1.0)	pELS	LOW_FREQ	2067	2067	585.68	791.687832	2060	-145.3480017244582	6388.080638823614	126	495	472
SKNSH_skew	[0.5,1.0)	pELS	RARE	5302	5294	1644.715	2318.013159	5289	100.33399739046578	15894.109268760198	362	1389	1288
SKNSH_skew	[0.5,1.0)	pELS	SINGLETON	49692	49663	6836.586	3396.78202	49648	14002.994003979848	177084.31193362453	4617	12977	11650
SKNSH_skew	[0.5,1.0)	pELS	ULTRARARE	33081	33028	7798.754	8721.06145	33040	5952.397007987022	117220.9080717929	2891	8803	7976
SKNSH_skew	[1.0,1.5)	Other cCREs	COMMON	826	823	291.733	495.661625	821	-500.6810014744989	2031.1018412365281	8	44	78
SKNSH_skew	[1.0,1.5)	Other cCREs	LOW_FREQ	807	805	373.69	740.71657	801	-256.06900041352486	1310.8753373358184	10	31	53
SKNSH_skew	[1.0,1.5)	Other cCREs	RARE	2116	2112	1103.731	2224.4920309999998	2094	-710.791998505709	3478.1992010425665	27	80	147
SKNSH_skew	[1.0,1.5)	Other cCREs	SINGLETON	16189	16174	2219.4700000000003	1386.072612	16087	-2028.2399985402578	22753.114978107627	303	627	993
SKNSH_skew	[1.0,1.5)	Other cCREs	ULTRARARE	11390	11378	3566.036	5627.360326	11297	-2626.3040005526286	18825.451967894795	196	429	764
SKNSH_skew	[1.0,1.5)	PLS	COMMON	95	95	24.84	33.987982	95	-14.669998867437249	403.81123289345595	7	48	29
SKNSH_skew	[1.0,1.5)	PLS	LOW_FREQ	96	96	18.227999999999998	14.930448	96	59.45700013590975	557.9599805021506	16	40	34
SKNSH_skew	[1.0,1.5)	PLS	RARE	329	329	77.983	83.444087	329	172.9100008331008	1901.1748504547797	50	115	123
SKNSH_skew	[1.0,1.5)	PLS	SINGLETON	2867	2862	392.075	132.064187	2867	2821.2660002746843	24055.89989837985	643	1023	1163
SKNSH_skew	[1.0,1.5)	PLS	ULTRARARE	1990	1988	363.242	222.95673	1988	1677.7389991764196	16561.65421746226	424	745	827
SKNSH_skew	[1.0,1.5)	dELS	COMMON	2347	2347	810.917	1331.018099	2344	-1026.5619998937475	5699.470324980376	57	270	521
SKNSH_skew	[1.0,1.5)	dELS	LOW_FREQ	2384	2384	1005.104	1819.920564	2380	-701.1719980773051	5972.991747786028	86	211	439
SKNSH_skew	[1.0,1.5)	dELS	RARE	6094	6089	2837.805	5237.862531	6074	-1362.2769992989495	15618.686021728266	223	567	1127
SKNSH_skew	[1.0,1.5)	dELS	SINGLETON	52446	52437	7194.17	4423.895994	52352	271.661009767909	126826.95696893233	2669	4682	9332
SKNSH_skew	[1.0,1.5)	dELS	ULTRARARE	36309	36302	11768.798999999999	18128.829531	36251	-4241.580996414183	92756.33334960754	1717	3438	6680
SKNSH_skew	[1.0,1.5)	non-cCRE	COMMON	5341	5336	1483.401	2247.173469	5296	-3640.388003663975	12218.496850559835	36	286	65
SKNSH_skew	[1.0,1.5)	non-cCRE	LOW_FREQ	5487	5478	2021.357	3563.2678889999997	5430	-2043.2899991861786	9149.130546217724	49	220	65
SKNSH_skew	[1.0,1.5)	non-cCRE	RARE	13578	13568	5665.761	10548.080965	13422	-4911.820999461109	21791.378176916594	123	559	179
SKNSH_skew	[1.0,1.5)	non-cCRE	SINGLETON	109054	108997	14415.52	7825.269216	108154	-15498.923970356347	132757.91027352845	1331	4395	1440
SKNSH_skew	[1.0,1.5)	non-cCRE	ULTRARARE	75897	75833	21432.36	31745.068982	75145	-18319.69496791332	107069.41122422856	813	3098	996
SKNSH_skew	[1.0,1.5)	pELS	COMMON	348	348	81.273	98.424465	345	-144.21799918822944	1124.6920614407031	16	105	95
SKNSH_skew	[1.0,1.5)	pELS	LOW_FREQ	394	394	108.261	150.307689	392	4.300999995320985	986.3606243570542	25	101	98
SKNSH_skew	[1.0,1.5)	pELS	RARE	1060	1058	328.659	472.456443	1058	165.66700114437862	3556.130012610658	90	286	278
SKNSH_skew	[1.0,1.5)	pELS	SINGLETON	9869	9861	1363.071	689.6720829999999	9862	3117.3189960649484	37667.11647819306	993	2666	2569
SKNSH_skew	[1.0,1.5)	pELS	ULTRARARE	6475	6466	1560.17	1800.861694	6467	1390.9319966310875	24682.79592967776	607	1835	1684
SKNSH_skew	[1.5,Inf)	Other cCREs	COMMON	292	292	71.353	98.598217	292	-194.3379988172091	708.2773235735788	4	19	32
SKNSH_skew	[1.5,Inf)	Other cCREs	LOW_FREQ	266	266	93.738	165.362518	266	-79.3560002623127	368.11622152960763	4	9	15
SKNSH_skew	[1.5,Inf)	Other cCREs	RARE	672	672	263.621	479.201063	671	-195.3929993768689	1065.5012923576403	7	20	50
SKNSH_skew	[1.5,Inf)	Other cCREs	SINGLETON	5521	5520	737.4830000000001	385.541029	5494	-846.1769994617209	7563.958073183694	90	198	338
SKNSH_skew	[1.5,Inf)	Other cCREs	ULTRARARE	3578	3577	937.501	1338.257343	3552	-837.7769995476121	5815.091349949415	51	133	246
SKNSH_skew	[1.5,Inf)	PLS	COMMON	27	27	5.926	6.927434	27	-7.616999831050648	97.83064334757555	3	11	11
SKNSH_skew	[1.5,Inf)	PLS	LOW_FREQ	30	30	6.072	3.576352	30	9.806000135838984	193.50518838024183	3	14	9
SKNSH_skew	[1.5,Inf)	PLS	RARE	88	88	17.007	14.855457	88	51.85699963150545	739.9528081219139	15	36	34
SKNSH_skew	[1.5,Inf)	PLS	SINGLETON	907	906	132.771	48.558049	907	884.8710022979654	7393.959913505987	209	335	374
SKNSH_skew	[1.5,Inf)	PLS	ULTRARARE	578	577	111.212	80.163044	578	596.7540002309254	5774.5050971357705	138	207	207
SKNSH_skew	[1.5,Inf)	dELS	COMMON	801	801	239.71	351.121118	800	-472.5460008449153	2201.0753210812863	20	90	181
SKNSH_skew	[1.5,Inf)	dELS	LOW_FREQ	758	758	310.798	558.766522	757	-222.9549999118317	1849.9066997271289	26	80	151
SKNSH_skew	[1.5,Inf)	dELS	RARE	1895	1894	760.682	1304.1594479999999	1893	-352.5170022544916	4854.42867073094	90	158	381
SKNSH_skew	[1.5,Inf)	dELS	SINGLETON	17803	17799	2342.956	1255.160946	17780	-554.8869976454877	41669.6691458296	850	1644	3106
SKNSH_skew	[1.5,Inf)	dELS	ULTRARARE	11767	11761	3459.942	5076.634194	11743	-1461.8989951176331	29191.681451687768	521	1084	2175
SKNSH_skew	[1.5,Inf)	non-cCRE	COMMON	1679	1679	372.605	497.256107	1666	-1290.529002715834	4221.067501183499	6	82	30
SKNSH_skew	[1.5,Inf)	non-cCRE	LOW_FREQ	1569	1569	431.418	663.7437199999999	1558	-656.4279984991299	2614.697595924151	9	62	20
SKNSH_skew	[1.5,Inf)	non-cCRE	RARE	4093	4090	1282.73	2171.199346	4045	-1383.031000174466	6137.964102812584	26	163	59
SKNSH_skew	[1.5,Inf)	non-cCRE	SINGLETON	35780	35767	4305.564	1591.259882	35436	-5550.511985272636	42410.14646763009	398	1318	456
SKNSH_skew	[1.5,Inf)	non-cCRE	ULTRARARE	23887	23866	5183.838	6474.531216	23625	-6192.927990935861	33194.97737031038	204	952	331
SKNSH_skew	[1.5,Inf)	pELS	COMMON	116	116	25.066	27.675588	116	-39.79900064482355	347.4278794655427	5	38	35
SKNSH_skew	[1.5,Inf)	pELS	LOW_FREQ	113	113	33.428000000000004	48.15518	113	-14.994000101462005	322.6131556325667	6	40	15
SKNSH_skew	[1.5,Inf)	pELS	RARE	341	341	100.666	157.75647	341	92.36099978501441	1137.7643545171372	31	87	74
SKNSH_skew	[1.5,Inf)	pELS	SINGLETON	3218	3216	429.908	179.111838	3215	690.4570022447733	10662.982185142204	287	875	877
SKNSH_skew	[1.5,Inf)	pELS	ULTRARARE	2209	2205	488.275	520.119707	2207	336.2229977049868	7504.172746474643	210	588	603
mean_skew	(-Inf,-1.5)	Other cCREs	COMMON	353	353	445.274	1023.702532	352	-234.2969988146797	695.489118961075	2	24	48
mean_skew	(-Inf,-1.5)	Other cCREs	LOW_FREQ	518	518	711.945	1705.671783	512	-364.57799965329485	1427.5775246363964	9	19	82
mean_skew	(-Inf,-1.5)	Other cCREs	RARE	1349	1349	2080.773	5033.929543	1338	-861.3670004862362	2874.3958334643335	13	42	205
mean_skew	(-Inf,-1.5)	Other cCREs	SINGLETON	5555	5554	2214.526	3755.650172	5515	-881.6870024808447	8402.7082192216	92	228	882
mean_skew	(-Inf,-1.5)	Other cCREs	ULTRARARE	6025	6025	6897.473	15537.646971	5991	-3223.059992669268	13739.330542400847	65	256	884
mean_skew	(-Inf,-1.5)	PLS	COMMON	29	29	15.942	22.165076	29	9.544999695848666	133.8870632247309	4	13	15
mean_skew	(-Inf,-1.5)	PLS	LOW_FREQ	79	79	62.291	127.826517	79	104.62299986556172	938.1268178649915	19	29	45
mean_skew	(-Inf,-1.5)	PLS	RARE	219	219	146.008	261.459812	219	433.3240001916421	3230.2218585286923	82	73	128
mean_skew	(-Inf,-1.5)	PLS	SINGLETON	2243	2243	559.442	514.489644	2240	8037.928998733987	56251.958801931025	1261	872	1588
mean_skew	(-Inf,-1.5)	PLS	ULTRARARE	1512	1512	689.184	1064.355016	1512	4669.883005021608	32459.62472691866	777	565	1034
mean_skew	(-Inf,-1.5)	dELS	COMMON	919	919	1051.126	2331.740744	917	-477.1810007130263	2552.618540133949	29	99	331
mean_skew	(-Inf,-1.5)	dELS	LOW_FREQ	1261	1261	1713.685	3975.933189	1260	-585.4710012507859	3730.132418850892	47	124	505
mean_skew	(-Inf,-1.5)	dELS	RARE	3410	3410	4828.577	11258.631981	3399	-1376.932999935583	12641.877834437058	168	319	1361
mean_skew	(-Inf,-1.5)	dELS	SINGLETON	16186	16185	5894.013	10010.919199	16149	4076.143002013211	57855.92090339721	1408	1639	7587
mean_skew	(-Inf,-1.5)	dELS	ULTRARARE	16875	16874	18914.673	42015.866169	16848	-3659.965001385657	59984.297445139215	965	1720	7190
mean_skew	(-Inf,-1.5)	non-cCRE	COMMON	2191	2190	3109.447	7180.890799	2170	-1612.8919985534171	4822.079865427334	3	107	35
mean_skew	(-Inf,-1.5)	non-cCRE	LOW_FREQ	2839	2838	4586.357	11165.421247	2828	-2042.2009990839276	6656.457390883399	12	106	46
mean_skew	(-Inf,-1.5)	non-cCRE	RARE	8081	8077	13785.595	33508.877868999996	8033	-6115.469991708524	19251.593040850465	30	344	142
mean_skew	(-Inf,-1.5)	non-cCRE	SINGLETON	26299	26288	11760.333	21276.997981	26003	-5409.295984567028	33915.84257844594	250	1215	742
mean_skew	(-Inf,-1.5)	non-cCRE	ULTRARARE	33695	33679	45524.643	105168.079809	33417	-19571.613968515656	66933.97863081307	178	1477	644
mean_skew	(-Inf,-1.5)	pELS	COMMON	99	99	101.257	210.521523	99	-39.74200042709708	294.35186485656345	3	24	39
mean_skew	(-Inf,-1.5)	pELS	LOW_FREQ	144	144	142.335	306.747921	144	74.10199967771773	799.7737171954473	23	28	70
mean_skew	(-Inf,-1.5)	pELS	RARE	458	458	472.013	1010.492583	458	119.36299959197639	2324.866703347221	51	120	221
mean_skew	(-Inf,-1.5)	pELS	SINGLETON	2731	2731	886.278	1271.870876	2729	3346.723999000157	26225.340716436855	630	780	1559
mean_skew	(-Inf,-1.5)	pELS	ULTRARARE	2509	2509	2131.015	4349.770019	2508	1655.4269994352946	18211.16387274172	418	642	1313
mean_skew	[-0.05,0.05)	Other cCREs	COMMON	428221	427751	153671.532	251217.449838	425970	-122249.10096022068	755610.0190210906	8851	16734	15113
mean_skew	[-0.05,0.05)	Other cCREs	LOW_FREQ	480359	479677	205416.756	371950.51827	477116	-72710.59196663054	809960.7295803583	12128	14699	17348
mean_skew	[-0.05,0.05)	Other cCREs	RARE	1197232	1195413	574873.166	1080329.747012	1189123	-179220.09991675854	2078942.3567135641	31533	37984	43553
mean_skew	[-0.05,0.05)	Other cCREs	SINGLETON	10199653	10194190	1428450.866	913134.3241180002	10163027	488072.35262938065	15178620.191734439	333422	287098	363343
mean_skew	[-0.05,0.05)	Other cCREs	ULTRARARE	6948291	6942749	2305582.748	3619267.604438	6914599	-468398.295298041	11348278.646573512	202146	206993	251675
mean_skew	[-0.05,0.05)	PLS	COMMON	14398	14373	3695.203	4282.883263	14374	-3368.7640061657853	59711.29288405781	916	5032	4237
mean_skew	[-0.05,0.05)	PLS	LOW_FREQ	17796	17715	5207.09	6637.59102	17769	-261.56100929540077	77885.475261778	1480	5587	5680
mean_skew	[-0.05,0.05)	PLS	RARE	47974	46320	14209.142	18262.80389	47907	1607.1070058539058	236117.36766955888	4534	15547	15022
mean_skew	[-0.05,0.05)	PLS	SINGLETON	410874	410459	64281.244	36164.319817999996	410601	126643.11489157286	1821204.2884519496	46898	129768	130923
mean_skew	[-0.05,0.05)	PLS	ULTRARARE	290392	287532	74107.85800000001	80997.76256999999	290134	51054.4510111612	1370325.5365266313	31222	93008	94109
mean_skew	[-0.05,0.05)	dELS	COMMON	938981	938586	330472.096	515974.981236	937525	-218549.5009614687	2098424.092600526	30578	79547	88180
mean_skew	[-0.05,0.05)	dELS	LOW_FREQ	1083914	1083355	458929.567	794406.621311	1082117	-100426.30905400575	2501366.4612244745	45436	74612	105628
mean_skew	[-0.05,0.05)	dELS	RARE	2732483	2731121	1288353.051	2309065.990995	2728028	-246960.44112818674	6615517.474588014	120021	189700	269307
mean_skew	[-0.05,0.05)	dELS	SINGLETON	23788997	23784062	3446476.451999995	2401815.342230002	23760337	3335872.399961265	51672228.37692633	1287782	1587506	2178885
mean_skew	[-0.05,0.05)	dELS	ULTRARARE	16275589	16271412	5691029.745	8877585.922664996	16253219	-58424.897215240235	38259450.73393784	788492	1121539	1555465
mean_skew	[-0.05,0.05)	non-cCRE	COMMON	6756585	6750031	2358808.747	3866124.131883	6681957	-2354442.452265195	9994150.251554454	64855	184983	21676
mean_skew	[-0.05,0.05)	non-cCRE	LOW_FREQ	7552031	7543392	3097836.881	5630403.286584999	7441417	-1627908.8452249817	9904319.690307802	89118	163847	25751
mean_skew	[-0.05,0.05)	non-cCRE	RARE	18765390	18744677	8634668.970999999	16357172.362945013	18473431	-4049496.711595069	24954500.16118036	226952	414227	65318
mean_skew	[-0.05,0.05)	non-cCRE	SINGLETON	158920606	158864337	21492458.530999996	12361508.164721143	157262336	-5664589.250048489	163127293.59466228	2418887	3286622	522025
mean_skew	[-0.05,0.05)	non-cCRE	ULTRARARE	108282032	108222862	33545236.191000003	51317936.27781896	106879577	-14855524.864773653	129000141.11105186	1449166	2335951	372192
mean_skew	[-0.05,0.05)	pELS	COMMON	124469	124362	37615.538	51894.260666	124304	-30890.98495918396	290726.89168623614	3993	29319	14918
mean_skew	[-0.05,0.05)	pELS	LOW_FREQ	145894	145767	52105.611	79605.703385	145601	-13794.485994701856	353066.8444368415	6035	29750	18251
mean_skew	[-0.05,0.05)	pELS	RARE	373150	372531	144149.94	228083.180678	372589	-28898.268015522266	956085.551604416	16992	77384	47582
mean_skew	[-0.05,0.05)	pELS	SINGLETON	3347989	3346094	499844.02999999997	326058.865952	3345446	441544.92588545836	7528685.858261446	185040	695977	415839
mean_skew	[-0.05,0.05)	pELS	ULTRARARE	2272368	2268895	689917.406	942749.127448	2269997	11604.611099602585	5519408.375857963	113616	475788	288512
mean_skew	[-0.2,-0.05)	Other cCREs	COMMON	107794	107677	81534.988	169868.66656800002	107021	-49480.51297033185	217919.721809083	1627	5007	5662
mean_skew	[-0.2,-0.05)	Other cCREs	LOW_FREQ	126402	126184	115424.004	257324.128762	125154	-46871.6189610467	253572.7126813605	2242	4871	6685
mean_skew	[-0.2,-0.05)	Other cCREs	RARE	329027	328496	332699.16	751869.384668	325675	-126741.56887108865	672985.6662399227	6081	13117	17913
mean_skew	[-0.2,-0.05)	Other cCREs	SINGLETON	2035676	2034298	415403.054	503030.749632	2025641	-12008.142694102691	3021232.563313817	58311	67420	110358
mean_skew	[-0.2,-0.05)	Other cCREs	ULTRARARE	1656164	1654626	1153047.517	2374897.986399	1644918	-400698.34264256357	3051095.1468338515	37235	61117	89994
mean_skew	[-0.2,-0.05)	PLS	COMMON	6917	6907	2529.386	3484.332968	6904	-1221.4529924193637	28056.68232209679	519	2675	2630
mean_skew	[-0.2,-0.05)	PLS	LOW_FREQ	9620	9611	3976.717	5907.046721	9604	1440.9520117762731	49564.06936667088	1133	3330	3993
mean_skew	[-0.2,-0.05)	PLS	RARE	26670	26462	11591.338	17696.732808	26624	7313.466999594237	144213.90927106826	3544	9323	11272
mean_skew	[-0.2,-0.05)	PLS	SINGLETON	213568	213392	41876.333	30385.454925	213415	126865.7909916769	1206382.0645009954	34653	75327	92998
mean_skew	[-0.2,-0.05)	PLS	ULTRARARE	159465	158942	55887.691	73184.426825	159319	65105.44796857377	902739.5316316022	23450	55398	68646
mean_skew	[-0.2,-0.05)	dELS	COMMON	278394	278255	200195.509	396465.810935	277893	-115124.62499263734	731500.1694475929	8024	27702	40768
mean_skew	[-0.2,-0.05)	dELS	LOW_FREQ	337834	337653	293003.367	620114.326063	337082	-103660.9800077706	919496.4420480886	12163	28237	52180
mean_skew	[-0.2,-0.05)	dELS	RARE	892803	892284	854078.337	1834003.205259	890892	-280993.01795013127	2550630.8489884464	34438	75516	139951
mean_skew	[-0.2,-0.05)	dELS	SINGLETON	5761379	5759965	1258390.195	1560286.611137	5752658	699841.893647804	13586777.71186468	329040	463008	856505
mean_skew	[-0.2,-0.05)	dELS	ULTRARARE	4766211	4764727	3384421.134	6726727.264134	4757892	-802246.5601523755	12911494.88325361	216452	399718	734694
mean_skew	[-0.2,-0.05)	non-cCRE	COMMON	1119489	1118287	844285.768	1791535.19825	1106032	-563317.6295593904	2061066.389948441	9538	41204	7992
mean_skew	[-0.2,-0.05)	non-cCRE	LOW_FREQ	1288423	1286427	1185714.901	2695997.156175	1267197	-524408.422469524	2226607.6094076247	13252	38715	10352
mean_skew	[-0.2,-0.05)	non-cCRE	RARE	3358744	3354021	3436814.964	7916043.188558	3302754	-1445334.0606092596	6018484.321187523	34462	104590	27340
mean_skew	[-0.2,-0.05)	non-cCRE	SINGLETON	20536190	20524380	3996342.163999994	4864444.433794003	20295664	-947674.6430034909	23133162.049249187	341725	579865	168473
mean_skew	[-0.2,-0.05)	non-cCRE	ULTRARARE	16778842	16765529	11690835.659999995	24441975.799612004	16556897	-4750544.942385264	25733639.945109542	213403	515092	142937
mean_skew	[-0.2,-0.05)	pELS	COMMON	39070	39029	21627.108	37748.288628	38998	-12949.404999810858	105167.41037425004	1360	10058	7181
mean_skew	[-0.2,-0.05)	pELS	LOW_FREQ	48756	48703	32264.798	60986.950944	48634	-8977.21298751445	147057.97128524235	2363	11236	9929
mean_skew	[-0.2,-0.05)	pELS	RARE	130120	129885	93558.42	179640.712852	129853	-22933.931988487366	398890.04376545	6770	29978	26781
mean_skew	[-0.2,-0.05)	pELS	SINGLETON	944733	944198	207303.56900000002	215843.005703	943845	193854.82797306206	2661781.9883588688	69810	231039	202571
mean_skew	[-0.2,-0.05)	pELS	ULTRARARE	737430	736446	407508.434	710444.7965620001	736478	-23580.65695328253	2226660.6881401604	45545	175843	155550
mean_skew	[-0.5,-0.2)	Other cCREs	COMMON	20905	20886	18042.04	38318.44221	20735	-10995.357996438861	44402.69852553967	258	1095	1744
mean_skew	[-0.5,-0.2)	Other cCREs	LOW_FREQ	24948	24916	25601.025999999998	57942.45088	24709	-11166.504988100964	51286.948617540154	369	1074	2222
mean_skew	[-0.5,-0.2)	Other cCREs	RARE	65885	65786	74451.825	170793.630659	65226	-30768.632975180073	141221.01264834165	1022	2944	5915
mean_skew	[-0.5,-0.2)	Other cCREs	SINGLETON	370795	370521	87358.183	114349.835015	368770	-21636.113916496986	575074.5179577521	9678	13942	35566
mean_skew	[-0.5,-0.2)	Other cCREs	ULTRARARE	323008	322750	254969.249	535053.864607	320748	-101110.18087730804	623834.2664353669	6411	13711	29759
mean_skew	[-0.5,-0.2)	PLS	COMMON	2236	2233	785.682	1047.743572	2233	234.3319994235644	11704.513565526526	261	971	1003
mean_skew	[-0.5,-0.2)	PLS	LOW_FREQ	3321	3318	1311.647	1920.631891	3318	1919.2839989573697	19336.02906417189	595	1218	1686
mean_skew	[-0.5,-0.2)	PLS	RARE	9396	9378	3807.806	5526.674756	9388	7619.168004850626	68892.51564700482	1925	3489	4871
mean_skew	[-0.5,-0.2)	PLS	SINGLETON	80382	80336	15381.302	10253.372736	80333	99534.7879764672	683670.3927708939	20925	29724	43161
mean_skew	[-0.5,-0.2)	PLS	ULTRARARE	58920	58832	19342.499	24150.234463	58886	59702.323975893785	470115.0702844075	13852	21785	31153
mean_skew	[-0.5,-0.2)	dELS	COMMON	56575	56551	45088.092	90977.320402	56450	-26604.031973134388	150426.44345485122	1554	6372	12254
mean_skew	[-0.5,-0.2)	dELS	LOW_FREQ	70862	70828	67221.951	144839.94504299999	70700	-24008.057008821517	200807.11118810886	2641	6621	16767
mean_skew	[-0.5,-0.2)	dELS	RARE	190084	189984	197697.244	429841.654344	189695	-67957.8799860353	581796.1667353894	7758	18227	46245
mean_skew	[-0.5,-0.2)	dELS	SINGLETON	1138936	1138587	276363.733	363083.588017	1137073	139793.07191256774	3047025.4072405617	71961	105095	273694
mean_skew	[-0.5,-0.2)	dELS	ULTRARARE	992901	992587	779648.884	1580306.857302	991074	-197130.1120749415	2945523.111974937	48472	95072	242096
mean_skew	[-0.5,-0.2)	non-cCRE	COMMON	147341	147195	137517.216	293676.633498	145937	-91724.2239142574	303510.6404650874	936	6781	1876
mean_skew	[-0.5,-0.2)	non-cCRE	LOW_FREQ	175385	175130	197813.349	450772.63069900003	173213	-93259.1849046417	340161.4526306271	1434	7012	2422
mean_skew	[-0.5,-0.2)	non-cCRE	RARE	467912	467306	575314.639	1324476.877391	462279	-262842.23472071235	941931.2542598604	3800	18598	6898
mean_skew	[-0.5,-0.2)	non-cCRE	SINGLETON	2367818	2366028	619926.064	869162.489114	2345550	-304229.7751032854	2965660.578231813	35345	88222	40985
mean_skew	[-0.5,-0.2)	non-cCRE	ULTRARARE	2225455	2223552	1990233.6199999999	4221560.184042	2203202	-919091.7909139367	3875233.632050273	23477	88336	35392
mean_skew	[-0.5,-0.2)	pELS	COMMON	8357	8352	5071.6449999999995	9081.071877	8334	-2157.6990022753585	24092.89250252668	418	2446	2300
mean_skew	[-0.5,-0.2)	pELS	LOW_FREQ	11105	11092	7768.231	14677.960747	11073	-1270.3899838700895	39462.92557168792	748	2880	3443
mean_skew	[-0.5,-0.2)	pELS	RARE	29786	29713	22492.039	43335.875389	29722	-2001.4400169499008	111120.00140490895	2211	7509	9206
mean_skew	[-0.5,-0.2)	pELS	SINGLETON	210782	210623	48439.39	50274.093202	210540	84806.91601660755	831435.1443933662	23337	57277	70313
mean_skew	[-0.5,-0.2)	pELS	ULTRARARE	167896	167641	96066.924	167644.801822	167634	22925.848986355235	655538.8078661212	15500	43969	53777
mean_skew	[-1.0,-0.5)	Other cCREs	COMMON	5304	5300	5164.9800000000005	11176.914886	5263	-2912.1569992599525	11846.656141332656	75	316	695
mean_skew	[-1.0,-0.5)	Other cCREs	LOW_FREQ	6516	6511	7365.282	16872.812276	6468	-3002.1850039176657	14362.86128863127	106	289	970
mean_skew	[-1.0,-0.5)	Other cCREs	RARE	17011	16998	21117.258	49268.80781	16874	-8197.239994865959	39983.665702272294	323	743	2489
mean_skew	[-1.0,-0.5)	Other cCREs	SINGLETON	90257	90220	23415.774	32065.367557999998	89779	-1055.4309960899407	175877.56875594624	3119	3542	14901
mean_skew	[-1.0,-0.5)	Other cCREs	ULTRARARE	82102	82069	71845.508	153912.92727	81560	-24371.38797953816	182516.27706775296	2106	3468	12661
mean_skew	[-1.0,-0.5)	PLS	COMMON	610	609	259.16	397.14648999999997	610	394.81999950529996	3853.0475814273705	121	273	321
mean_skew	[-1.0,-0.5)	PLS	LOW_FREQ	1066	1066	444.403	641.704357	1065	1256.648002333123	8917.819872391867	279	429	620
mean_skew	[-1.0,-0.5)	PLS	RARE	3044	3042	1358.395	2110.888179	3042	4323.352003710113	33090.993222539044	929	1146	1855
mean_skew	[-1.0,-0.5)	PLS	SINGLETON	28328	28320	5713.887	4091.886287	28313	60556.276976860034	386748.92650123575	11119	10927	17752
mean_skew	[-1.0,-0.5)	PLS	ULTRARARE	19959	19957	7104.411	9229.493063	19947	36243.25898927718	244727.45983089998	6954	7482	12183
mean_skew	[-1.0,-0.5)	dELS	COMMON	13964	13959	12448.218	25673.13157	13939	-6818.431004464046	40827.488843483865	431	1704	4298
mean_skew	[-1.0,-0.5)	dELS	LOW_FREQ	18199	18194	18985.597	41502.143237000004	18156	-6274.453000763314	60359.9182898494	822	1803	6053
mean_skew	[-1.0,-0.5)	dELS	RARE	49596	49582	56099.057	124113.248929	49493	-15590.9200034407	167747.5485735268	2518	5058	16874
mean_skew	[-1.0,-0.5)	dELS	SINGLETON	280013	279970	74961.476	103627.597956	279568	68242.06093044484	978082.544609855	23512	27672	99758
mean_skew	[-1.0,-0.5)	dELS	ULTRARARE	253962	253906	218352.114	450287.826818	253479	-34495.634028577835	899049.2684686306	16010	25721	88811
mean_skew	[-1.0,-0.5)	non-cCRE	COMMON	26728	26713	28427.747	63284.011093	26495	-17244.740979244823	56265.31627747584	169	1340	490
mean_skew	[-1.0,-0.5)	non-cCRE	LOW_FREQ	31789	31758	41376.601	98385.99531299999	31456	-18744.63998251618	66788.98951277114	248	1288	629
mean_skew	[-1.0,-0.5)	non-cCRE	RARE	85544	85482	120939.423	290774.140807	84681	-52201.2489396684	185233.10674413422	694	3809	1791
mean_skew	[-1.0,-0.5)	non-cCRE	SINGLETON	383870	383680	114348.22499999999	172003.348867	380585	-55174.05086683085	523529.2047661839	5934	17025	10793
mean_skew	[-1.0,-0.5)	non-cCRE	ULTRARARE	387542	387359	397870.438	886140.87864	384255	-174763.62973588958	730950.3874602882	4143	17642	9537
mean_skew	[-1.0,-0.5)	pELS	COMMON	1977	1976	1277.84	2289.18997	1974	-429.05499725206744	6140.456842722478	110	612	703
mean_skew	[-1.0,-0.5)	pELS	LOW_FREQ	2777	2776	2155.287	4222.777545	2770	29.05399858800216	11938.028908472192	245	717	1098
mean_skew	[-1.0,-0.5)	pELS	RARE	7289	7277	5855.798	11462.062706	7277	1039.4029975536996	34458.56529192659	775	1961	2952
mean_skew	[-1.0,-0.5)	pELS	SINGLETON	52577	52550	12823.514	13832.447568	52508	39867.394012418	317458.1641759424	8821	15018	23397
mean_skew	[-1.0,-0.5)	pELS	ULTRARARE	42267	42222	26227.238	46885.386348	42182	15975.44300229335	224281.7504101211	5490	11508	18017
mean_skew	[-1.5,-1.0)	Other cCREs	COMMON	1031	1031	997.566	2138.262552	1021	-589.2400005188538	2373.7045419915967	12	76	156
mean_skew	[-1.5,-1.0)	Other cCREs	LOW_FREQ	1284	1283	1451.505	3387.974587	1270	-559.2990008878986	2494.931207545456	23	60	207
mean_skew	[-1.5,-1.0)	Other cCREs	RARE	3466	3463	4373.47	10293.743938	3429	-1685.9280002840103	7692.476631653259	61	139	523
mean_skew	[-1.5,-1.0)	Other cCREs	SINGLETON	18583	18577	5262.83	7813.12649	18432	-107.93798904563299	31906.779761769973	559	773	3419
mean_skew	[-1.5,-1.0)	Other cCREs	ULTRARARE	17167	17165	15932.515	35291.828731	17004	-5234.622993043973	37314.58170577148	401	742	2794
mean_skew	[-1.5,-1.0)	PLS	COMMON	122	122	78.955	157.150267	121	51.381000341847574	998.9672198473362	26	58	57
mean_skew	[-1.5,-1.0)	PLS	LOW_FREQ	238	237	101.593	153.684217	237	402.4080002838746	2685.342603455263	80	78	170
mean_skew	[-1.5,-1.0)	PLS	RARE	618	618	299.265	493.372767	617	1269.4239975570244	8316.198148596724	232	268	387
mean_skew	[-1.5,-1.0)	PLS	SINGLETON	6821	6819	1460.81	1151.693084	6815	20653.23398633349	134750.4517745264	3480	2734	4719
mean_skew	[-1.5,-1.0)	PLS	ULTRARARE	4689	4688	1793.777	2518.751459	4681	12291.100991376328	82948.92508241587	2168	1864	3134
mean_skew	[-1.5,-1.0)	dELS	COMMON	2729	2729	2588.224	5528.700372	2725	-1238.6130028106274	7914.192254135177	89	321	1012
mean_skew	[-1.5,-1.0)	dELS	LOW_FREQ	3736	3736	4215.329	9585.489637	3727	-1092.7509973661515	11754.121820570766	164	384	1487
mean_skew	[-1.5,-1.0)	dELS	RARE	10041	10038	12175.474	27802.080266	10012	-2724.245999797598	34757.143928577396	553	1047	3982
mean_skew	[-1.5,-1.0)	dELS	SINGLETON	55680	55670	15601.847	22975.163707	55553	18703.95800256915	217374.06330654782	5289	5634	24346
mean_skew	[-1.5,-1.0)	dELS	ULTRARARE	51364	51359	47095.016	100891.447512	51260	-2741.6810045123575	192290.11633238278	3557	5394	21333
mean_skew	[-1.5,-1.0)	non-cCRE	COMMON	5463	5461	6691.209	15330.480945	5405	-3366.11399800761	10576.845356747064	25	280	96
mean_skew	[-1.5,-1.0)	non-cCRE	LOW_FREQ	7044	7041	10075.689	24555.533313	6967	-4215.845993702999	14063.302918907912	40	300	130
mean_skew	[-1.5,-1.0)	non-cCRE	RARE	19364	19357	29990.007	74221.947303	19148	-11758.144976205544	38742.16595386312	120	895	373
mean_skew	[-1.5,-1.0)	non-cCRE	SINGLETON	78209	78176	25662.358	41840.832004	77306	-9307.807951393772	93621.1551064357	987	3644	2135
mean_skew	[-1.5,-1.0)	non-cCRE	ULTRARARE	84314	84281	95832.99	221935.758832	83517	-38470.24392001633	151195.82173499223	672	3938	1948
mean_skew	[-1.5,-1.0)	pELS	COMMON	379	379	262.248	490.152114	378	-87.12499873258648	1679.1168056054444	25	113	167
mean_skew	[-1.5,-1.0)	pELS	LOW_FREQ	476	476	400.429	828.768805	474	105.86100038886079	2176.793053255781	53	123	217
mean_skew	[-1.5,-1.0)	pELS	RARE	1357	1356	1231.597	2502.669569	1354	292.82200410822406	7828.27502635026	178	364	607
mean_skew	[-1.5,-1.0)	pELS	SINGLETON	10128	10122	2636.301	3106.148641	10115	10599.947000801094	78904.7054690506	2072	2939	5201
mean_skew	[-1.5,-1.0)	pELS	ULTRARARE	8163	8152	5639.773	10663.863875000001	8149	4824.499010637869	54522.47978927733	1345	2194	3917
mean_skew	[0.05,0.2)	Other cCREs	COMMON	94996	94922	23108.132	27822.957666	94429	-38818.71397919687	185124.10950520687	1501	4205	4404
mean_skew	[0.05,0.2)	Other cCREs	LOW_FREQ	101949	101782	29655.121	41647.035705	101109	-23019.599000549988	181139.69207872037	2198	3562	4562
mean_skew	[0.05,0.2)	Other cCREs	RARE	249027	248615	79152.419	117460.119607	246903	-51473.27993344551	436309.71360774466	5512	8872	11083
mean_skew	[0.05,0.2)	Other cCREs	SINGLETON	2237730	2236402	296227.934	127443.96005	2227731	-131442.83083944395	3447803.1414905763	59372	71379	101551
mean_skew	[0.05,0.2)	Other cCREs	ULTRARARE	1491851	1490545	350979.32	393211.62199	1483015	-227879.42282404695	2528744.6090563396	35969	50029	67912
mean_skew	[0.05,0.2)	PLS	COMMON	5858	5841	1029.981	706.262349	5849	-1691.526003718494	24688.76991321939	396	2273	2077
mean_skew	[0.05,0.2)	PLS	LOW_FREQ	6883	6872	1344.944	1101.44249	6878	126.67500074580398	31849.252996902665	658	2399	2472
mean_skew	[0.05,0.2)	PLS	RARE	18447	18173	3866.334	3394.744146	18422	1480.1149982461934	97785.03356724036	2058	6541	6813
mean_skew	[0.05,0.2)	PLS	SINGLETON	167572	167447	23122.275999999998	9120.133602	167461	59600.68599740172	863091.8120798592	22401	57533	61697
mean_skew	[0.05,0.2)	PLS	ULTRARARE	115203	114689	21712.892	15766.668992	115110	26808.655966199596	622766.7573998078	14635	40281	43175
mean_skew	[0.05,0.2)	dELS	COMMON	240218	240104	55594.943	61268.017929	239824	-91422.49300916935	601642.9489989917	6616	23398	29994
mean_skew	[0.05,0.2)	dELS	LOW_FREQ	259554	259435	71323.6	91263.37442000001	259106	-48360.45000121126	633992.8501910511	9823	19990	31924
mean_skew	[0.05,0.2)	dELS	RARE	648285	647993	195478.695	267446.391425	647059	-111319.81605905446	1637712.8066265243	26230	50577	80144
mean_skew	[0.05,0.2)	dELS	SINGLETON	6015778	6014688	798209.247	360360.197775	6007997	52552.06861979168	13883375.567851758	290724	458403	716954
mean_skew	[0.05,0.2)	dELS	ULTRARARE	3986846	3985896	954963.319	1060635.903949	3980843	-427272.0172490858	9880600.780560968	175824	308096	482796
mean_skew	[0.05,0.2)	non-cCRE	COMMON	1044025	1043050	238935.216	276380.00769	1032322	-469229.35578817996	1833057.4160756203	8682	36476	5916
mean_skew	[0.05,0.2)	non-cCRE	LOW_FREQ	1138841	1137622	303024.095	407399.806539	1121973	-288724.8287328201	1594917.3348886352	12171	31071	6495
mean_skew	[0.05,0.2)	non-cCRE	RARE	2786416	2783216	816178.3369999999	1178423.061235	2742813	-670815.7633473098	3882218.0447565485	31323	77880	16144
mean_skew	[0.05,0.2)	non-cCRE	SINGLETON	24914884	24905531	3202999.718999992	1236353.968051001	24647585	-2583077.8220000765	28513963.84296717	336562	653614	143207
mean_skew	[0.05,0.2)	non-cCRE	ULTRARARE	16639589	16629905	3646645.891999996	3873214.337434002	16418249	-3056445.8017282803	21490182.523798116	202808	448724	97103
mean_skew	[0.05,0.2)	pELS	COMMON	33986	33959	6799.976	6280.618864	33920	-11373.232007624703	90492.18215026027	1085	8908	5591
mean_skew	[0.05,0.2)	pELS	LOW_FREQ	38446	38411	8907.86	9459.872696	38361	-5069.153996512877	102829.4322421754	1740	8751	6472
mean_skew	[0.05,0.2)	pELS	RARE	97272	97118	24280.454	27663.47195	97098	-9465.00901283429	275018.30753611156	4911	22584	16480
mean_skew	[0.05,0.2)	pELS	SINGLETON	921517	921081	121571.258	50851.36303	920769	77465.28204393876	2391846.7157661836	56275	213856	154592
mean_skew	[0.05,0.2)	pELS	ULTRARARE	609522	608713	127756.338	118816.902858	608805	-10553.650022566779	1696467.859210618	34571	141832	103256
mean_skew	[0.2,0.5)	Other cCREs	COMMON	16556	16532	5062.254	7788.418492	16414	-8110.5600010020435	34892.944834511996	256	834	1043
mean_skew	[0.2,0.5)	Other cCREs	LOW_FREQ	16933	16887	6352.428	10854.123752	16732	-4678.55600127857	28541.8529052427	285	750	983
mean_skew	[0.2,0.5)	Other cCREs	RARE	41373	41292	17550.351	31458.470671	40882	-10997.47399130976	70007.41655033521	709	1781	2267
mean_skew	[0.2,0.5)	Other cCREs	SINGLETON	352505	352264	47776.529	26108.550889	350518	-31634.56794050674	518582.29819364345	7918	13056	20332
mean_skew	[0.2,0.5)	Other cCREs	ULTRARARE	240216	239999	68072.452	95768.183179999993	238384	-44359.561958889615	392274.9790857333	4869	9513	13686
mean_skew	[0.2,0.5)	PLS	COMMON	1610	1606	277.468	220.752354	1607	-304.9529990844895	6520.60125259968	112	672	622
mean_skew	[0.2,0.5)	PLS	LOW_FREQ	1971	1968	413.518	383.234316	1969	266.4679991157028	10585.227710062049	246	725	762
mean_skew	[0.2,0.5)	PLS	RARE	5237	5212	1126.691	1056.212561	5232	1793.517995461007	32529.765454724955	751	1920	2216
mean_skew	[0.2,0.5)	PLS	SINGLETON	48107	48081	6577.568	2596.968946	48080	30323.251001483753	300048.26227043837	8457	17390	20107
mean_skew	[0.2,0.5)	PLS	ULTRARARE	33201	33117	6307.455	4743.705009	33177	17174.779976051545	206516.2180154324	5513	11999	14083
mean_skew	[0.2,0.5)	dELS	COMMON	44386	44372	11965.03	15991.386608	44306	-19973.10797892674	115340.48337641722	1133	4993	7636
mean_skew	[0.2,0.5)	dELS	LOW_FREQ	46324	46306	15704.421	24419.329079	46226	-10015.331004519017	114539.18205891	1721	4164	7394
mean_skew	[0.2,0.5)	dELS	RARE	116778	116717	43690.992	70992.477348	116550	-22225.841005327646	301082.7487825303	4663	10474	18937
mean_skew	[0.2,0.5)	dELS	SINGLETON	1052828	1052550	141339.214	77361.565104	1051250	9037.982971042744	2459262.563357267	51793	90754	165702
mean_skew	[0.2,0.5)	dELS	ULTRARARE	705379	705159	198026.233	267944.613137	704136	-77286.00098249316	1764917.7166908681	31834	62667	113720
mean_skew	[0.2,0.5)	non-cCRE	COMMON	129310	129176	35777.737	52037.356667	128091	-70617.26796295238	255622.83078259852	940	5804	1251
mean_skew	[0.2,0.5)	non-cCRE	LOW_FREQ	139895	139662	47130.396	76981.613256	138071	-41218.828953019474	202628.76740247765	1333	5031	1291
mean_skew	[0.2,0.5)	non-cCRE	RARE	341375	340841	129089.119	225128.719841	336736	-95783.44791931812	500101.10680661735	3633	12521	3361
mean_skew	[0.2,0.5)	non-cCRE	SINGLETON	2891549	2890006	371291.488	183873.647154	2864835	-321195.4743445406	3378763.2180889603	38367	98614	28606
mean_skew	[0.2,0.5)	non-cCRE	ULTRARARE	1967688	1965978	514027.436	704108.492614	1945301	-398832.2494961257	2619290.824175847	23313	69513	19733
mean_skew	[0.2,0.5)	pELS	COMMON	6851	6843	1470.749	1546.056569	6838	-2015.330999001977	19472.64726814456	277	2072	1568
mean_skew	[0.2,0.5)	pELS	LOW_FREQ	7670	7659	1996.352	2500.198942	7646	-174.64400260616054	21370.344557661672	455	1889	1644
mean_skew	[0.2,0.5)	pELS	RARE	19619	19586	5532.966	7256.70014	19570	-219.27599821239644	63892.46891636929	1305	5054	4589
mean_skew	[0.2,0.5)	pELS	SINGLETON	184344	184248	24930.797	11947.428975	184161	36418.69103063503	572315.6110044982	14697	47691	42063
mean_skew	[0.2,0.5)	pELS	ULTRARARE	122854	122690	28073.887	30026.961877	122683	12894.47301292956	395443.84019904677	9306	32080	28291
mean_skew	[0.5,1.0)	Other cCREs	COMMON	3697	3694	1215.852	1975.294454	3662	-2230.7759991339412	8729.792696270375	36	202	323
mean_skew	[0.5,1.0)	Other cCREs	LOW_FREQ	3522	3514	1579.2740000000001	2982.007098	3483	-1090.9859990798875	5724.71772734102	46	142	219
mean_skew	[0.5,1.0)	Other cCREs	RARE	8850	8841	4395.685	8536.306175	8750	-2810.517000929569	16218.389015916266	141	365	542
mean_skew	[0.5,1.0)	Other cCREs	SINGLETON	72160	72103	9963.887	6019.556249	71683	-9362.583989439068	105752.55730251604	1406	2786	4623
mean_skew	[0.5,1.0)	Other cCREs	ULTRARARE	49825	49771	15409.666	23515.114956	49389	-11412.313973742886	82811.47655192699	906	2040	3198
mean_skew	[0.5,1.0)	PLS	COMMON	350	349	59.331	47.036339	350	-60.553998860297845	1291.4912296725188	29	158	133
mean_skew	[0.5,1.0)	PLS	LOW_FREQ	437	437	88.919	77.923177	436	102.66300275526002	2141.767748716624	57	166	163
mean_skew	[0.5,1.0)	PLS	RARE	1324	1319	295.85	297.997838	1322	485.9920012070801	8300.459035038835	204	474	566
mean_skew	[0.5,1.0)	PLS	SINGLETON	11902	11891	1705.617	757.493377	11899	9976.90699544642	84533.966477215	2398	4325	5087
mean_skew	[0.5,1.0)	PLS	ULTRARARE	8108	8086	1595.219	1239.611053	8105	5333.6479931992935	57468.041267217544	1528	2995	3496
mean_skew	[0.5,1.0)	dELS	COMMON	10151	10145	3121.521	4628.197307	10133	-4958.60400226503	26431.4379255825	257	1180	2199
mean_skew	[0.5,1.0)	dELS	LOW_FREQ	10389	10385	4035.957	6802.951489	10373	-2615.791002280313	24030.445057974895	328	956	1912
mean_skew	[0.5,1.0)	dELS	RARE	26134	26121	11645.072	20529.47018	26088	-6428.421997126073	67599.4161104551	992	2358	4843
mean_skew	[0.5,1.0)	dELS	SINGLETON	227454	227396	31393.435	19021.411225	227114	-6751.922968783175	537888.6032604321	10876	20908	40842
mean_skew	[0.5,1.0)	dELS	ULTRARARE	156554	156515	49880.548	74496.17183	156307	-25225.239971485098	397623.85950448154	6746	14726	28685
mean_skew	[0.5,1.0)	non-cCRE	COMMON	23406	23386	7088.964	11009.040476	23212	-13927.263991204083	48279.330215073445	167	1187	289
mean_skew	[0.5,1.0)	non-cCRE	LOW_FREQ	25600	25568	9618.125	16549.441371	25328	-8492.141993272702	38587.97855111976	205	1051	318
mean_skew	[0.5,1.0)	non-cCRE	RARE	62572	62513	26021.06	47945.127024	61816	-18962.22597314638	92799.28563830594	603	2603	818
mean_skew	[0.5,1.0)	non-cCRE	SINGLETON	515326	515026	66732.553	34026.775317	511248	-68162.5248424091	611071.1456888177	6245	20291	6693
mean_skew	[0.5,1.0)	non-cCRE	ULTRARARE	353321	353072	95692.333	137168.125255	350127	-79348.0818758309	480212.28341205383	3841	14209	4541
mean_skew	[0.5,1.0)	pELS	COMMON	1540	1539	361.555	416.042051	1535	-641.9269997869851	4529.901921872066	62	469	399
mean_skew	[0.5,1.0)	pELS	LOW_FREQ	1769	1769	493.11199999999997	648.420874	1761	-86.52299995999762	5490.437976530731	106	437	434
mean_skew	[0.5,1.0)	pELS	RARE	4639	4634	1409.859	1967.512115	4625	49.062997250817915	14129.067271355398	314	1225	1215
mean_skew	[0.5,1.0)	pELS	SINGLETON	42483	42456	5791.636	2833.96903	42434	11237.71399824496	149460.6548043248	3973	11492	10788
mean_skew	[0.5,1.0)	pELS	ULTRARARE	28615	28573	6873.361	7808.836771	28574	4284.559001437619	100845.97700736333	2435	7750	7407
mean_skew	[1.0,1.5)	Other cCREs	COMMON	646	644	191.89	306.193662	644	-465.9340009983862	1808.1970049781828	8	36	77
mean_skew	[1.0,1.5)	Other cCREs	LOW_FREQ	617	616	288.698	559.302154	612	-219.22600130713553	1167.4796827229588	10	26	39
mean_skew	[1.0,1.5)	Other cCREs	RARE	1496	1493	696.009	1319.025791	1484	-517.5540004575159	2377.7118565512865	11	63	105
mean_skew	[1.0,1.5)	Other cCREs	SINGLETON	11890	11884	1564.143	919.015995	11804	-1924.868999991916	16253.449367887688	188	469	770
mean_skew	[1.0,1.5)	Other cCREs	ULTRARARE	8458	8455	2537.263	3944.321025	8383	-2257.025998489814	13571.22565303132	119	329	575
mean_skew	[1.0,1.5)	PLS	COMMON	61	61	17.424	25.722794	61	-23.902999091893435	223.29462289352983	3	30	21
mean_skew	[1.0,1.5)	PLS	LOW_FREQ	65	65	12.903	11.748069	65	8.509999792557222	296.7905421445592	8	23	23
mean_skew	[1.0,1.5)	PLS	RARE	217	217	44.684	43.531962	217	95.4230002439581	1414.632261704535	26	92	76
mean_skew	[1.0,1.5)	PLS	SINGLETON	2006	2005	269.925	86.175527	2006	1783.3320013671184	15563.837594608847	433	715	825
mean_skew	[1.0,1.5)	PLS	ULTRARARE	1378	1376	249.189	157.852599	1375	1185.3100026026384	10480.814458731567	283	492	552
mean_skew	[1.0,1.5)	dELS	COMMON	1828	1827	617.479	1008.911301	1825	-903.7929998016917	4684.504817576171	47	220	446
mean_skew	[1.0,1.5)	dELS	LOW_FREQ	1798	1798	730.061	1300.520017	1795	-581.2119970627831	4381.238787908345	68	160	354
mean_skew	[1.0,1.5)	dELS	RARE	4654	4653	2049.935	3667.7168110000002	4643	-1179.585000156891	12208.151478514696	166	458	934
mean_skew	[1.0,1.5)	dELS	SINGLETON	39852	39844	5406.381	3437.596195	39780	-1957.6080011943143	93961.35357236666	1824	3656	7314
mean_skew	[1.0,1.5)	dELS	ULTRARARE	27368	27363	8866.57	13672.42758	27322	-4264.803988261614	68404.1013123155	1212	2641	5143
mean_skew	[1.0,1.5)	non-cCRE	COMMON	4049	4043	859.39	1101.374926	4018	-2983.684006025665	9610.554796238108	19	228	55
mean_skew	[1.0,1.5)	non-cCRE	LOW_FREQ	3925	3922	1085.757	1650.657923	3884	-1575.0699990749129	6268.329607083289	31	179	52
mean_skew	[1.0,1.5)	non-cCRE	RARE	9751	9742	3157.069	5376.364871	9641	-3805.0920030638804	15625.433160024037	77	485	141
mean_skew	[1.0,1.5)	non-cCRE	SINGLETON	79793	79770	9719.025	4155.442885	79122	-13257.043979481676	97901.89715277412	897	3402	1158
mean_skew	[1.0,1.5)	non-cCRE	ULTRARARE	54755	54718	12273.837	15621.217309	54218	-14820.679971771084	77307.722808648	493	2530	816
mean_skew	[1.0,1.5)	pELS	COMMON	288	288	71.59	90.03681	286	-65.1219991573598	860.4335176488872	16	100	85
mean_skew	[1.0,1.5)	pELS	LOW_FREQ	332	332	96.798	139.037644	330	-28.5700004105456	797.1893730823863	18	93	83
mean_skew	[1.0,1.5)	pELS	RARE	868	865	263.495	367.393613	867	76.68899989419154	2670.043366989671	65	245	256
mean_skew	[1.0,1.5)	pELS	SINGLETON	7911	7898	1033.057	455.18370699999997	7906	1637.9720032333869	25825.150046981333	679	2216	2169
mean_skew	[1.0,1.5)	pELS	ULTRARARE	5245	5232	1173.713	1278.465123	5238	699.9080001403348	17853.46840925097	444	1465	1437
mean_skew	[1.5,Inf)	Other cCREs	COMMON	212	212	35.574999999999996	35.160039	212	-170.06799869844696	670.4397794977377	3	14	19
mean_skew	[1.5,Inf)	Other cCREs	LOW_FREQ	173	173	51.547000000000004	84.872197	173	-53.89300008490684	207.45854739398737	1	6	11
mean_skew	[1.5,Inf)	Other cCREs	RARE	417	417	115.74	178.87941	415	-142.1039994803723	713.829015047326	5	12	21
mean_skew	[1.5,Inf)	Other cCREs	SINGLETON	3548	3547	442.331	157.519809	3531	-731.4809969606578	4914.313079063647	52	134	170
mean_skew	[1.5,Inf)	Other cCREs	ULTRARARE	2242	2241	481.421	588.137853	2219	-532.7309989348289	3896.5429880930396	35	89	121
mean_skew	[1.5,Inf)	PLS	COMMON	16	16	1.925	0.288453	16	-0.24799990281463452	43.92998442528132	2	6	5
mean_skew	[1.5,Inf)	PLS	LOW_FREQ	16	16	4.648	6.207184	16	8.822999998927125	80.87810212638583	1	6	5
mean_skew	[1.5,Inf)	PLS	RARE	41	41	6.938	4.903738	41	4.538999827578673	111.06714896954972	3	12	18
mean_skew	[1.5,Inf)	PLS	SINGLETON	460	459	62.828	20.88304	460	373.41800199635327	2725.5941949299736	83	160	197
mean_skew	[1.5,Inf)	PLS	ULTRARARE	288	285	54.522	42.37758	288	146.43599828076546	1912.8218165181581	49	93	107
mean_skew	[1.5,Inf)	dELS	COMMON	564	564	129.374	158.077228	564	-375.64900047902483	1770.7883099048943	11	73	136
mean_skew	[1.5,Inf)	dELS	LOW_FREQ	477	477	139.047	210.311187	476	-156.58799921954056	928.1108188923504	9	52	82
mean_skew	[1.5,Inf)	dELS	RARE	1200	1200	371.463	570.349057	1199	-315.45300056668924	2956.441506982101	46	96	212
mean_skew	[1.5,Inf)	dELS	SINGLETON	11399	11396	1423.16	630.744588	11380	-1127.787994269747	25082.220809669292	458	1137	1920
mean_skew	[1.5,Inf)	dELS	ULTRARARE	7342	7339	1762.087	2244.270961	7330	-1213.9549996785356	17923.426619459624	286	687	1283
mean_skew	[1.5,Inf)	non-cCRE	COMMON	1329	1329	181.165	122.781197	1320	-1240.1490015641325	3728.893745636863	4	71	17
mean_skew	[1.5,Inf)	non-cCRE	LOW_FREQ	1121	1121	200.341	208.656721	1110	-640.1079995399341	2277.1352215463394	5	47	13
mean_skew	[1.5,Inf)	non-cCRE	RARE	2891	2890	501.207	519.762681	2860	-1273.0359989127612	4819.273140625241	17	129	39
mean_skew	[1.5,Inf)	non-cCRE	SINGLETON	21931	21920	2580.641	674.280863	21732	-4792.752991423475	28382.822058672104	228	912	325
mean_skew	[1.5,Inf)	non-cCRE	ULTRARARE	15077	15070	2391.536	1846.754206	14925	-4703.33599647577	22425.45295402942	117	626	200
mean_skew	[1.5,Inf)	pELS	COMMON	82	82	17.433	19.916983	82	-49.929000835865736	354.50917994797396	5	26	22
mean_skew	[1.5,Inf)	pELS	LOW_FREQ	73	73	8.671	1.272767	73	-4.769999593496324	184.0286518803714	4	22	12
mean_skew	[1.5,Inf)	pELS	RARE	230	229	51.429	67.369317	230	37.29400061501656	705.4394349450364	17	66	50
mean_skew	[1.5,Inf)	pELS	SINGLETON	2328	2323	308.555	124.24688499999999	2325	502.27600275713496	7003.629336563182	192	640	644
mean_skew	[1.5,Inf)	pELS	ULTRARARE	1552	1544	289.828	245.21864200000002	1550	290.3219993892127	4981.667743339727	150	447	431
