skew_type	skew_bin	ccre_class	af_class	mut_class	n	n_MR	sum_MR	sum_MR_sq	n_phyloP	sum_phyloP	sum_phyloP_sq	n_conserved	n_tf_chip_peak	n_tf_footprint
HepG2_skew	(-Inf,-1.5)	Other cCREs	COMMON	CpG-nonCGI	181	181	393.73	937.295342	181	-181.29699969477957	510.14984075303295	2	12	20
HepG2_skew	(-Inf,-1.5)	Other cCREs	COMMON	non-CpG-ti	64	64	9.603	1.814425	63	-1.7619997216388514	39.84284146439491	0	3	16
HepG2_skew	(-Inf,-1.5)	Other cCREs	COMMON	non-CpG-tv	63	63	5.247	0.765459	63	-24.934000235050927	118.09870709727338	2	3	6
HepG2_skew	(-Inf,-1.5)	Other cCREs	LOW_FREQ	CpG-CGI	3	3	4.502	6.765245999999999	3	-0.110999986529351	0.1785289945743089	0	0	2
HepG2_skew	(-Inf,-1.5)	Other cCREs	LOW_FREQ	CpG-nonCGI	250	250	584.133	1439.126789	248	-295.1429991391488	959.3796679410831	0	13	30
HepG2_skew	(-Inf,-1.5)	Other cCREs	LOW_FREQ	non-CpG-ti	86	86	11.682	1.902568	86	22.598999917972847	68.58243554326762	4	0	12
HepG2_skew	(-Inf,-1.5)	Other cCREs	LOW_FREQ	non-CpG-tv	93	93	6.945	0.869573	90	-28.72800039849244	108.78359783260527	3	1	22
HepG2_skew	(-Inf,-1.5)	Other cCREs	RARE	CpG-CGI	2	2	2.96	7.160882	2	0.2300000190734801	8.50541213005829	0	0	0
HepG2_skew	(-Inf,-1.5)	Other cCREs	RARE	CpG-nonCGI	793	793	1859.993	4614.871033	790	-759.3170010140166	2152.6676002805602	3	19	97
HepG2_skew	(-Inf,-1.5)	Other cCREs	RARE	non-CpG-ti	193	193	28.833	5.317361	192	18.450000277720388	144.74675976120264	3	7	29
HepG2_skew	(-Inf,-1.5)	Other cCREs	RARE	non-CpG-tv	186	186	12.689	1.252877	182	-39.73899964615697	294.4878693138904	7	3	28
HepG2_skew	(-Inf,-1.5)	Other cCREs	SINGLETON	CpG-CGI	10	10	18.588	38.203578	10	0.8950003311038088	81.12792379805839	1	0	2
HepG2_skew	(-Inf,-1.5)	Other cCREs	SINGLETON	CpG-nonCGI	748	748	1505.638	3296.239684	746	-550.3790004979819	1810.0454243588206	5	31	99
HepG2_skew	(-Inf,-1.5)	Other cCREs	SINGLETON	non-CpG-ti	1760	1760	252.885	43.075217	1755	260.78999875811866	1593.6704494233534	42	73	356
HepG2_skew	(-Inf,-1.5)	Other cCREs	SINGLETON	non-CpG-tv	2013	2013	133.556	14.613332	2001	-534.7880000487203	4172.587201867335	42	56	311
HepG2_skew	(-Inf,-1.5)	Other cCREs	ULTRARARE	CpG-CGI	19	19	38.769999999999996	91.018144	19	11.162000057287505	165.58115083957114	3	2	1
HepG2_skew	(-Inf,-1.5)	Other cCREs	ULTRARARE	CpG-nonCGI	2730	2730	6098.6179999999995	14522.645124	2726	-2719.7759992714277	8457.1388256297	9	97	324
HepG2_skew	(-Inf,-1.5)	Other cCREs	ULTRARARE	non-CpG-ti	1155	1155	177.066	33.184212	1143	186.02400098450025	1509.4014401871138	37	46	217
HepG2_skew	(-Inf,-1.5)	Other cCREs	ULTRARARE	non-CpG-tv	1207	1207	90.44	11.735802	1197	-371.99699987052026	2604.8626772063244	25	56	190
HepG2_skew	(-Inf,-1.5)	PLS	COMMON	CpG-CGI	1	1	0.478	0.228484	1	0.00400000018998981	1.60000015199185e-5	0	1	0
HepG2_skew	(-Inf,-1.5)	PLS	COMMON	CpG-nonCGI	9	9	14.918	29.326336	9	-5.018000081181531	9.319024219949002	0	3	4
HepG2_skew	(-Inf,-1.5)	PLS	COMMON	non-CpG-ti	7	7	1.158	0.23336	7	1.2140000090003014	11.929393098228955	1	3	4
HepG2_skew	(-Inf,-1.5)	PLS	COMMON	non-CpG-tv	10	10	0.946	0.16839	10	-0.5559999793767866	18.86749193639919	1	7	7
HepG2_skew	(-Inf,-1.5)	PLS	LOW_FREQ	CpG-CGI	9	9	9.809	17.888939	9	17.331000424921516	127.47026747735595	2	2	7
HepG2_skew	(-Inf,-1.5)	PLS	LOW_FREQ	CpG-nonCGI	16	16	36.649	88.522513	16	-2.1809998601675056	98.91171399617154	1	5	1
HepG2_skew	(-Inf,-1.5)	PLS	LOW_FREQ	non-CpG-ti	14	14	1.875	0.310077	14	44.251999869942644	234.6068100932266	8	7	11
HepG2_skew	(-Inf,-1.5)	PLS	LOW_FREQ	non-CpG-tv	15	15	1.0030000000000001	0.093657	15	14.79700015485288	103.74652224605659	3	5	9
HepG2_skew	(-Inf,-1.5)	PLS	RARE	CpG-CGI	20	20	11.668	14.387958	20	51.31799964047971	351.4684319512043	10	11	9
HepG2_skew	(-Inf,-1.5)	PLS	RARE	CpG-nonCGI	44	44	84.182	175.474828	44	3.9279998838901484	273.93578417707437	6	7	19
HepG2_skew	(-Inf,-1.5)	PLS	RARE	non-CpG-ti	28	28	4.391	0.853457	28	99.29200060269788	631.4283180265599	17	11	18
HepG2_skew	(-Inf,-1.5)	PLS	RARE	non-CpG-tv	42	42	3.595	0.561247	42	54.069000113755536	492.1814171252036	11	10	28
HepG2_skew	(-Inf,-1.5)	PLS	SINGLETON	CpG-CGI	192	192	97.18299999999999	82.221011	192	760.6890005720779	5600.228137960263	113	74	126
HepG2_skew	(-Inf,-1.5)	PLS	SINGLETON	CpG-nonCGI	130	130	153.912	252.45928800000002	130	177.10899960808462	1940.551222330936	38	46	79
HepG2_skew	(-Inf,-1.5)	PLS	SINGLETON	non-CpG-ti	399	399	54.416	8.936128	397	1374.005001930754	8967.039654170992	207	144	273
HepG2_skew	(-Inf,-1.5)	PLS	SINGLETON	non-CpG-tv	584	584	41.488	4.454862	583	1946.8130003564288	14257.664591987263	306	206	399
HepG2_skew	(-Inf,-1.5)	PLS	ULTRARARE	CpG-CGI	117	117	63.647	65.570007	117	466.5449998155237	3220.096662223807	73	54	82
HepG2_skew	(-Inf,-1.5)	PLS	ULTRARARE	CpG-nonCGI	207	207	349.612	730.94399	207	89.75800042226903	1682.6150440368713	32	48	99
HepG2_skew	(-Inf,-1.5)	PLS	ULTRARARE	non-CpG-ti	231	231	34.979	6.240125	230	753.2010021144522	5138.500454049988	122	83	145
HepG2_skew	(-Inf,-1.5)	PLS	ULTRARARE	non-CpG-tv	327	327	23.854	2.856798	327	1070.4980011037553	7266.536335018709	174	126	228
HepG2_skew	(-Inf,-1.5)	dELS	COMMON	CpG-CGI	4	4	7.702	17.594062	4	-6.290000140666973	12.552138672601725	0	1	1
HepG2_skew	(-Inf,-1.5)	dELS	COMMON	CpG-nonCGI	455	455	958.393	2254.537889	455	-388.7959992024118	1334.2789206088898	8	46	134
HepG2_skew	(-Inf,-1.5)	dELS	COMMON	non-CpG-ti	203	203	27.55	5.1891940000000005	203	69.15199963003391	596.306396816346	19	25	95
HepG2_skew	(-Inf,-1.5)	dELS	COMMON	non-CpG-tv	187	187	11.058	1.087612	187	-79.224000772927	488.45082638932064	4	25	64
HepG2_skew	(-Inf,-1.5)	dELS	LOW_FREQ	CpG-CGI	7	7	8.088	14.707676000000001	7	-6.501000136137009	12.7747874315982	0	4	3
HepG2_skew	(-Inf,-1.5)	dELS	LOW_FREQ	CpG-nonCGI	701	701	1559.223	3741.715677	699	-577.4169989533258	2306.7374723978055	17	59	225
HepG2_skew	(-Inf,-1.5)	dELS	LOW_FREQ	non-CpG-ti	251	251	34.507	5.879315	251	88.11999879754157	768.7366103433903	18	28	117
HepG2_skew	(-Inf,-1.5)	dELS	LOW_FREQ	non-CpG-tv	243	243	14.647	1.370413	243	-0.8930008737370537	662.5761843702326	15	27	100
HepG2_skew	(-Inf,-1.5)	dELS	RARE	CpG-CGI	15	15	23.024	52.459124	15	1.4459998086094934	50.189904308620385	2	6	9
HepG2_skew	(-Inf,-1.5)	dELS	RARE	CpG-nonCGI	1973	1973	4477.968	10859.160038	1970	-1718.0190015264088	7167.399533243561	42	187	635
HepG2_skew	(-Inf,-1.5)	dELS	RARE	non-CpG-ti	638	638	90.993	16.093573	637	441.8060019225813	2585.9827171450556	75	69	321
HepG2_skew	(-Inf,-1.5)	dELS	RARE	non-CpG-tv	557	557	34.107	3.421027	556	149.72000124119225	2084.984864959361	55	39	251
HepG2_skew	(-Inf,-1.5)	dELS	SINGLETON	CpG-CGI	61	61	52.886	84.585038	61	35.48099975194787	581.3971072072093	10	14	38
HepG2_skew	(-Inf,-1.5)	dELS	SINGLETON	CpG-nonCGI	2026	2026	4089.21	9148.337498	2023	-1416.018999512773	6569.39058959978	49	210	696
HepG2_skew	(-Inf,-1.5)	dELS	SINGLETON	non-CpG-ti	6275	6275	852.796	140.453772	6271	4201.739998494859	25112.13381434731	754	593	3144
HepG2_skew	(-Inf,-1.5)	dELS	SINGLETON	non-CpG-tv	6429	6429	371.128	36.298332	6420	1523.5999980316262	22396.525547553916	560	663	2962
HepG2_skew	(-Inf,-1.5)	dELS	SINGLETON	unknown	1	0	0	0	1	-0.244000002741814	0.0595360013380051	0	0	1
HepG2_skew	(-Inf,-1.5)	dELS	ULTRARARE	CpG-CGI	91	91	128.666	251.95177800000002	91	21.246000032755454	541.0204300105494	13	25	33
HepG2_skew	(-Inf,-1.5)	dELS	ULTRARARE	CpG-nonCGI	7893	7893	17172.583	40267.845863	7891	-6171.5580001947255	28367.37284239711	204	792	2641
HepG2_skew	(-Inf,-1.5)	dELS	ULTRARARE	non-CpG-ti	4151	4151	574.153	97.583143	4146	2549.004996118602	15188.776322895459	480	367	2034
HepG2_skew	(-Inf,-1.5)	dELS	ULTRARARE	non-CpG-tv	3675	3675	230.204	24.502828	3674	459.46400098572514	13145.215962775552	283	347	1662
HepG2_skew	(-Inf,-1.5)	dELS	ULTRARARE	unknown	1	0	0	0	1	0.637000024318695	0.405769030982018	0	0	0
HepG2_skew	(-Inf,-1.5)	non-cCRE	COMMON	CpG-CGI	3	3	3.915	6.484979	2	-1.035000026226046	3.280437014854431	0	1	1
HepG2_skew	(-Inf,-1.5)	non-cCRE	COMMON	CpG-nonCGI	1260	1260	2703.244	6442.605022	1258	-1297.723999253008	3669.2848773527844	3	58	17
HepG2_skew	(-Inf,-1.5)	non-cCRE	COMMON	non-CpG-ti	328	328	49.028	8.699324	324	-12.876999774831347	163.89805306722147	1	19	8
HepG2_skew	(-Inf,-1.5)	non-cCRE	COMMON	non-CpG-tv	298	298	21.365	2.520387	295	-166.86399965360758	511.064917848295	1	19	5
HepG2_skew	(-Inf,-1.5)	non-cCRE	COMMON	unknown	1	0	0	0	1	-2.88400006294251	8.31745636305237	0	0	0
HepG2_skew	(-Inf,-1.5)	non-cCRE	LOW_FREQ	CpG-CGI	6	6	6.051	7.875527	6	1.580999970436089	78.6290659565564	2	4	1
HepG2_skew	(-Inf,-1.5)	non-cCRE	LOW_FREQ	CpG-nonCGI	1640	1640	3916.733	9807.389095	1638	-1777.2809968665258	5200.183623558581	0	50	22
HepG2_skew	(-Inf,-1.5)	non-cCRE	LOW_FREQ	non-CpG-ti	362	362	55.197	9.965185	358	35.63300067652016	270.72285603245666	6	11	9
HepG2_skew	(-Inf,-1.5)	non-cCRE	LOW_FREQ	non-CpG-tv	371	371	26.491	3.027041	368	-123.6040008254349	567.2281282106366	4	17	3
HepG2_skew	(-Inf,-1.5)	non-cCRE	LOW_FREQ	unknown	1	0	0	0	1	-4.7039999961853	22.1276159641113	0	0	0
HepG2_skew	(-Inf,-1.5)	non-cCRE	RARE	CpG-CGI	11	11	21.692999999999998	50.693889	11	-1.4130001924931996	59.34540067317392	1	1	1
HepG2_skew	(-Inf,-1.5)	non-cCRE	RARE	CpG-nonCGI	5028	5028	11939.227	29723.075685	5013	-5464.213992717209	16249.10088510385	10	170	74
HepG2_skew	(-Inf,-1.5)	non-cCRE	RARE	non-CpG-ti	952	952	153.895	29.994771	947	12.240000407677122	549.6976045521208	7	40	23
HepG2_skew	(-Inf,-1.5)	non-cCRE	RARE	non-CpG-tv	858	858	58.912	6.257574	850	-329.8650016309694	1585.1848041940398	11	35	25
HepG2_skew	(-Inf,-1.5)	non-cCRE	RARE	unknown	2	0	0	0	2	-1.081000052392481	1.3127051223200632	0	0	0
HepG2_skew	(-Inf,-1.5)	non-cCRE	SINGLETON	CpG-CGI	39	39	39.296	72.165066	39	54.42099996190524	512.533672931566	10	12	18
HepG2_skew	(-Inf,-1.5)	non-cCRE	SINGLETON	CpG-nonCGI	3822	3822	8001.898	18023.258156	3818	-3250.8409986741603	9395.03320719373	15	165	81
HepG2_skew	(-Inf,-1.5)	non-cCRE	SINGLETON	non-CpG-ti	8654	8654	1284.011	223.382405	8580	1032.6730066104792	6496.817071994167	124	352	249
HepG2_skew	(-Inf,-1.5)	non-cCRE	SINGLETON	non-CpG-tv	8815	8815	572.585	60.938148999999996	8753	-2745.025995326577	15288.487352483484	110	408	265
HepG2_skew	(-Inf,-1.5)	non-cCRE	SINGLETON	unknown	8	0	0	0	8	-2.629999935626983	4.518725879858984	0	0	0
HepG2_skew	(-Inf,-1.5)	non-cCRE	ULTRARARE	CpG-CGI	50	50	71.488	144.284434	49	20.777000561356516	425.4000298840008	6	13	14
HepG2_skew	(-Inf,-1.5)	non-cCRE	ULTRARARE	CpG-nonCGI	17036	17036	38986.042	94227.590258	17007	-16564.08198109479	47734.949968348374	47	680	240
HepG2_skew	(-Inf,-1.5)	non-cCRE	ULTRARARE	non-CpG-ti	5810	5810	912.519	171.822511	5745	462.58000663016	4019.003601066991	67	253	137
HepG2_skew	(-Inf,-1.5)	non-cCRE	ULTRARARE	non-CpG-tv	5352	5352	372.672	42.922252	5315	-2181.396999616408	10085.203082946615	49	225	130
HepG2_skew	(-Inf,-1.5)	non-cCRE	ULTRARARE	unknown	12	0	0	0	12	-8.793000198900689	38.490858878978415	0	3	0
HepG2_skew	(-Inf,-1.5)	pELS	COMMON	CpG-CGI	2	2	0.894	0.404036	2	-2.238000005483623	4.397780031294826	0	1	1
HepG2_skew	(-Inf,-1.5)	pELS	COMMON	CpG-nonCGI	51	51	89.705	190.596725	51	-56.1620002835989	161.41289755874277	0	14	15
HepG2_skew	(-Inf,-1.5)	pELS	COMMON	non-CpG-ti	24	24	3.0829999999999997	0.710721	24	-3.472999967634669	49.34121716880073	0	5	10
HepG2_skew	(-Inf,-1.5)	pELS	COMMON	non-CpG-tv	23	23	1.163	0.074185	23	0.3149999603629089	23.66572682235944	0	2	11
HepG2_skew	(-Inf,-1.5)	pELS	LOW_FREQ	CpG-CGI	4	4	1.9729999999999999	1.4379870000000001	4	7.468000106513499	27.31428705885857	2	1	2
HepG2_skew	(-Inf,-1.5)	pELS	LOW_FREQ	CpG-nonCGI	52	52	119.1	288.658976	52	-34.2219998743385	121.34146723033729	1	10	16
HepG2_skew	(-Inf,-1.5)	pELS	LOW_FREQ	non-CpG-ti	24	24	3.775	0.6959230000000001	24	19.122999604791413	139.98898907984864	3	5	12
HepG2_skew	(-Inf,-1.5)	pELS	LOW_FREQ	non-CpG-tv	32	32	2.147	0.27586499999999997	32	48.049999624490745	319.88283040950773	10	8	18
HepG2_skew	(-Inf,-1.5)	pELS	RARE	CpG-CGI	13	13	8.100999999999999	8.174621	13	36.806999906897545	311.88045830580165	5	8	11
HepG2_skew	(-Inf,-1.5)	pELS	RARE	CpG-nonCGI	196	196	411.77	948.377194	196	-142.7529995576478	493.2188264102357	4	41	68
HepG2_skew	(-Inf,-1.5)	pELS	RARE	non-CpG-ti	78	78	9.856	1.463732	78	95.96700019016866	650.0532472738258	16	24	40
HepG2_skew	(-Inf,-1.5)	pELS	RARE	non-CpG-tv	105	105	5.909	0.486267	105	88.52699939860034	657.4090307318806	19	27	49
HepG2_skew	(-Inf,-1.5)	pELS	SINGLETON	CpG-CGI	100	100	53.080999999999996	48.657243	100	231.87499937973905	1798.6240110974113	42	37	55
HepG2_skew	(-Inf,-1.5)	pELS	SINGLETON	CpG-nonCGI	347	347	546.427	1087.630463	347	-73.40899999253449	1556.228082586366	22	96	149
HepG2_skew	(-Inf,-1.5)	pELS	SINGLETON	non-CpG-ti	880	880	118.843	19.016105	880	1287.0339990502698	8245.202521024354	213	209	486
HepG2_skew	(-Inf,-1.5)	pELS	SINGLETON	non-CpG-tv	952	952	57.004	5.540876	951	889.4440020003824	7814.167582210039	189	255	500
HepG2_skew	(-Inf,-1.5)	pELS	ULTRARARE	CpG-CGI	84	84	50.063	53.212521	84	186.51099884952416	1378.7247783873688	29	31	57
HepG2_skew	(-Inf,-1.5)	pELS	ULTRARARE	CpG-nonCGI	937	937	1825.256	4108.621086	937	-406.99200095026754	3958.144020121028	58	187	364
HepG2_skew	(-Inf,-1.5)	pELS	ULTRARARE	non-CpG-ti	576	576	85.772	15.940076	576	690.5880006137307	4277.929306618652	119	149	320
HepG2_skew	(-Inf,-1.5)	pELS	ULTRARARE	non-CpG-tv	542	542	32.084	3.027354	542	586.6140023320917	4351.576473542861	108	142	291
HepG2_skew	[-0.05,0.05)	Other cCREs	COMMON	CpG-CGI	599	599	1025.88	2071.752276	597	-478.48300014715653	2473.7093565921778	14	94	19
HepG2_skew	[-0.05,0.05)	Other cCREs	COMMON	CpG-nonCGI	56150	56150	110955.92199999999	244899.804928	55610	-46942.79299006341	153845.28390334998	445	2717	2113
HepG2_skew	[-0.05,0.05)	Other cCREs	COMMON	non-CpG-ti	230330	230330	34413.979	7227.587835	229363	-50633.88398531139	378371.2129252946	5062	8645	7945
HepG2_skew	[-0.05,0.05)	Other cCREs	COMMON	non-CpG-tv	136744	136744	9705.381	3444.450799	136014	-25688.022996560318	218707.30837413113	3211	5136	5011
HepG2_skew	[-0.05,0.05)	Other cCREs	COMMON	unknown	470	0	0	0	352	-178.03000082075604	481.5120172651168	0	21	10
HepG2_skew	[-0.05,0.05)	Other cCREs	LOW_FREQ	CpG-CGI	889	889	1643.029	3458.460367	886	-712.0149996308608	2887.2520912252166	12	126	24
HepG2_skew	[-0.05,0.05)	Other cCREs	LOW_FREQ	CpG-nonCGI	71709	71709	157690.538	367441.95756	70880	-57699.056978534434	194081.7511920249	688	2941	2794
HepG2_skew	[-0.05,0.05)	Other cCREs	LOW_FREQ	non-CpG-ti	251342	251342	39268.525	8613.463669	250201	-9796.188988167798	373037.734457644	6918	7054	8865
HepG2_skew	[-0.05,0.05)	Other cCREs	LOW_FREQ	non-CpG-tv	151415	151415	10793.642	3299.621494	150316	-7278.508995843122	236000.98217351703	4284	4448	5622
HepG2_skew	[-0.05,0.05)	Other cCREs	LOW_FREQ	unknown	692	0	0	0	435	-163.9779990529642	433.24874715246693	0	32	15
HepG2_skew	[-0.05,0.05)	Other cCREs	RARE	CpG-CGI	2647	2647	5000.867	10662.067743	2636	-1878.0019981567746	8591.907730159162	61	381	61
HepG2_skew	[-0.05,0.05)	Other cCREs	RARE	CpG-nonCGI	208745	208745	459958.25299999997	1072157.624589	206420	-167715.42894054705	570815.2942161157	2009	8575	8459
HepG2_skew	[-0.05,0.05)	Other cCREs	RARE	non-CpG-ti	606378	606378	95514.694	21286.212806	603709	-10924.403978045912	919533.9521240823	17759	17608	21332
HepG2_skew	[-0.05,0.05)	Other cCREs	RARE	non-CpG-tv	367859	367859	25884.208	7027.618424	365229	-5704.924986805189	569477.672737669	11077	11063	13627
HepG2_skew	[-0.05,0.05)	Other cCREs	RARE	unknown	1867	0	0	0	1105	-392.27000088593945	1153.9620705419438	0	76	56
HepG2_skew	[-0.05,0.05)	Other cCREs	SINGLETON	CpG-CGI	4752	4752	6656.352	11947.823488	4726	-2692.1889979356192	15596.555527506864	139	721	254
HepG2_skew	[-0.05,0.05)	Other cCREs	SINGLETON	CpG-nonCGI	182617	182617	354023.264	736190.817674	181661	-129551.24996710377	473577.79222836235	2270	7876	7832
HepG2_skew	[-0.05,0.05)	Other cCREs	SINGLETON	non-CpG-ti	5809013	5809013	834064.756	157721.493036	5792333	356721.79725065874	8365396.055943307	188846	159499	206848
HepG2_skew	[-0.05,0.05)	Other cCREs	SINGLETON	non-CpG-tv	4032680	4032680	228717.268	24000.84133	4015191	227420.00336473566	6076481.62592784	135567	113328	146430
HepG2_skew	[-0.05,0.05)	Other cCREs	SINGLETON	unknown	5599	0	0	0	3797	-717.4260006598197	2456.41970284237	5	255	110
HepG2_skew	[-0.05,0.05)	Other cCREs	ULTRARARE	CpG-CGI	9747	9747	16942.967	34345.145815	9682	-6599.069998258145	31617.05969584227	236	1378	275
HepG2_skew	[-0.05,0.05)	Other cCREs	ULTRARARE	CpG-nonCGI	749252	749252	1577817.725	3521393.252797	744264	-575836.2367186656	2025758.5455230733	8467	30603	31245
HepG2_skew	[-0.05,0.05)	Other cCREs	ULTRARARE	non-CpG-ti	3799471	3799471	592776.971	128347.733931	3785699	27746.48519941097	5671893.878951993	115332	105451	134767
HepG2_skew	[-0.05,0.05)	Other cCREs	ULTRARARE	non-CpG-tv	2303157	2303157	147064.598	22021.261954	2289968	53901.3791695454	3521707.7075655744	74514	66722	84768
HepG2_skew	[-0.05,0.05)	Other cCREs	ULTRARARE	unknown	5644	0	0	0	3315	-799.0650009140373	2522.2295921828377	2	260	97
HepG2_skew	[-0.05,0.05)	PLS	COMMON	CpG-CGI	895	895	461.024	421.46056	895	-359.3020006692968	3480.454909976365	48	396	470
HepG2_skew	[-0.05,0.05)	PLS	COMMON	CpG-nonCGI	1279	1279	1933.169	3681.9934709999998	1276	-1158.9179977177414	5712.533320470578	23	372	283
HepG2_skew	[-0.05,0.05)	PLS	COMMON	non-CpG-ti	7144	7144	986.115	181.437979	7135	-864.2030027840523	31032.370775367523	524	2467	1948
HepG2_skew	[-0.05,0.05)	PLS	COMMON	non-CpG-tv	5437	5437	452.544	140.023086	5424	-1194.7629991942092	21028.513551459917	348	2017	1822
HepG2_skew	[-0.05,0.05)	PLS	COMMON	unknown	25	0	0	0	25	-14.894999897107466	55.010981374378034	1	9	6
HepG2_skew	[-0.05,0.05)	PLS	LOW_FREQ	CpG-CGI	1380	1380	749.268	744.341278	1380	-265.2229978274554	6436.7194806880825	122	531	762
HepG2_skew	[-0.05,0.05)	PLS	LOW_FREQ	CpG-nonCGI	1719	1719	2857.29	5753.62119	1716	-1394.2219981424278	7895.21346065765	52	437	434
HepG2_skew	[-0.05,0.05)	PLS	LOW_FREQ	non-CpG-ti	8438	8438	1228.011	233.447705	8426	1440.5739942357168	36971.735335982994	802	2592	2377
HepG2_skew	[-0.05,0.05)	PLS	LOW_FREQ	non-CpG-tv	6663	6663	567.9110000000001	134.76639699999998	6652	-214.02500259841347	30323.271385073116	565	2199	2429
HepG2_skew	[-0.05,0.05)	PLS	LOW_FREQ	unknown	83	0	0	0	83	-64.68000045232479	357.94809245955565	0	62	9
HepG2_skew	[-0.05,0.05)	PLS	RARE	CpG-CGI	3656	3656	1935.4189999999999	1841.902923	3655	-538.6080011177111	17876.278388308732	349	1444	2032
HepG2_skew	[-0.05,0.05)	PLS	RARE	CpG-nonCGI	4990	4990	8208.015	16382.766265	4972	-3707.936001675204	23302.264279019728	205	1315	1249
HepG2_skew	[-0.05,0.05)	PLS	RARE	non-CpG-ti	21372	21372	3213.538	648.67394	21358	4657.207013051606	111620.42565059656	2317	6600	6447
HepG2_skew	[-0.05,0.05)	PLS	RARE	non-CpG-tv	17921	17921	1545.074	326.565286	17884	1461.6940027893297	91698.7768286328	1859	5921	6512
HepG2_skew	[-0.05,0.05)	PLS	RARE	unknown	1533	0	0	0	1532	-415.6060016162229	3483.9387902153444	41	888	69
HepG2_skew	[-0.05,0.05)	PLS	SINGLETON	CpG-CGI	28847	28847	13424.528	10625.249224	28840	1655.9850033771968	140271.60931596754	3170	11549	16490
HepG2_skew	[-0.05,0.05)	PLS	SINGLETON	CpG-nonCGI	11949	11949	13096.893	21185.815149	11937	-4918.383001086302	53695.41056861755	747	3510	3967
HepG2_skew	[-0.05,0.05)	PLS	SINGLETON	non-CpG-ti	201066	201066	28143.072	4929.28198	200947	82566.9609248104	876082.1818367045	24233	61353	58333
HepG2_skew	[-0.05,0.05)	PLS	SINGLETON	non-CpG-tv	180147	180147	12645.323	1527.737701	179996	51298.25895628521	834710.9681512472	20828	58785	61223
HepG2_skew	[-0.05,0.05)	PLS	SINGLETON	unknown	422	0	0	0	421	-74.52499987976654	1137.2746871804154	22	147	67
HepG2_skew	[-0.05,0.05)	PLS	ULTRARARE	CpG-CGI	24271	24271	12355.591	11072.440179	24260	-1378.8029942926953	119024.88450352463	2548	9753	13474
HepG2_skew	[-0.05,0.05)	PLS	ULTRARARE	CpG-nonCGI	23365	23365	35697.315	67865.699123	23325	-14835.843000501749	103876.28895126314	1113	6267	6196
HepG2_skew	[-0.05,0.05)	PLS	ULTRARARE	non-CpG-ti	137111	137111	20405.811	3966.3590169999998	137016	46057.4270200038	642828.7916244711	16265	42653	41011
HepG2_skew	[-0.05,0.05)	PLS	ULTRARARE	non-CpG-tv	112803	112803	8944.907	1321.181495	112676	21483.961984613317	564963.1460388653	12619	37660	40317
HepG2_skew	[-0.05,0.05)	PLS	ULTRARARE	unknown	2598	0	0	0	2598	70.95800377463512	6284.208054540209	134	1112	188
HepG2_skew	[-0.05,0.05)	dELS	COMMON	CpG-CGI	1545	1545	2243.193	4308.281757	1543	-1528.1550024482422	6459.167885044772	25	342	276
HepG2_skew	[-0.05,0.05)	dELS	COMMON	CpG-nonCGI	128065	128065	238008.984	499923.35668	127812	-113432.40098618159	430286.82580490445	1715	12194	14727
HepG2_skew	[-0.05,0.05)	dELS	COMMON	non-CpG-ti	502437	502437	73306.058	15313.425856	501757	-78289.0910016742	1057091.992739126	17404	41640	44646
HepG2_skew	[-0.05,0.05)	dELS	COMMON	non-CpG-tv	289594	289594	20075.07	7185.53106	289074	-31511.555981777623	584504.6421708247	10562	23803	27976
HepG2_skew	[-0.05,0.05)	dELS	COMMON	unknown	412	0	0	0	371	-214.1759998919443	755.5385196886469	1	41	33
HepG2_skew	[-0.05,0.05)	dELS	LOW_FREQ	CpG-CGI	2570	2570	4067.867	8168.779087	2566	-2185.598004103987	10031.948327255272	58	564	488
HepG2_skew	[-0.05,0.05)	dELS	LOW_FREQ	CpG-nonCGI	170160	170160	350785.175	775724.319957	169807	-145430.67600405068	584214.9498066235	2774	13943	21205
HepG2_skew	[-0.05,0.05)	dELS	LOW_FREQ	non-CpG-ti	561947	561947	85535.514	18537.873886	561117	23992.121981198983	1172015.4682309616	25884	36553	50718
HepG2_skew	[-0.05,0.05)	dELS	LOW_FREQ	non-CpG-tv	328242	328242	22698.946	6692.88575	327617	13783.955971986301	697211.7229566992	15256	21655	32286
HepG2_skew	[-0.05,0.05)	dELS	LOW_FREQ	unknown	575	0	0	0	476	-211.09899974567819	751.6552146640843	1	35	63
HepG2_skew	[-0.05,0.05)	dELS	RARE	CpG-CGI	7016	7016	11206.639	22573.780893	7001	-5714.639000025346	25922.263093782472	178	1433	1220
HepG2_skew	[-0.05,0.05)	dELS	RARE	CpG-nonCGI	496428	496428	1026990.759	2274859.115583	495388	-419471.4699719034	1737487.9004229999	8828	40431	62248
HepG2_skew	[-0.05,0.05)	dELS	RARE	non-CpG-ti	1368465	1368465	210919.68	46787.908484	1366621	87522.54190368547	2987584.5117394635	66461	89665	124500
HepG2_skew	[-0.05,0.05)	dELS	RARE	non-CpG-tv	813978	813978	55342.479	14208.443437	812428	66614.50392514863	1786116.2248831426	41337	54509	80364
HepG2_skew	[-0.05,0.05)	dELS	RARE	unknown	1461	0	0	0	1226	-538.1159995943308	1755.5211246796216	4	112	179
HepG2_skew	[-0.05,0.05)	dELS	SINGLETON	CpG-CGI	22031	22031	20148.299	30519.843949	21989	-11702.415015365463	86590.26958426484	1102	4669	6808
HepG2_skew	[-0.05,0.05)	dELS	SINGLETON	CpG-nonCGI	546651	546651	1001601.034	2004590.097366	545913	-399112.5720097588	1841232.3872884072	12741	48600	71520
HepG2_skew	[-0.05,0.05)	dELS	SINGLETON	non-CpG-ti	13480916	13480916	1886668.2259999998	347160.36772599997	13466231	2136994.671201205	28349221.42707428	727082	880324	1209114
HepG2_skew	[-0.05,0.05)	dELS	SINGLETON	non-CpG-tv	9125765	9125765	502945.007	50170.44284099997	9112839	1419254.5868210783	20085577.94962245	507618	604079	854873
HepG2_skew	[-0.05,0.05)	dELS	SINGLETON	unknown	5127	0	0	0	4815	-914.8260000289882	3854.351515927089	10	442	458
HepG2_skew	[-0.05,0.05)	dELS	ULTRARARE	CpG-CGI	32343	32343	45414.847	86396.377485	32302	-25140.463988499727	135246.5098855596	1095	6858	7231
HepG2_skew	[-0.05,0.05)	dELS	ULTRARARE	CpG-nonCGI	2032677	2032677	4042667.523	8630503.172341	2029610	-1636297.4908620117	7043929.051429039	40548	170182	258060
HepG2_skew	[-0.05,0.05)	dELS	ULTRARARE	non-CpG-ti	8709502	8709502	1325931.4379999998	283312.488422	8698847	826417.8461858836	18961988.538835634	446303	571286	780902
HepG2_skew	[-0.05,0.05)	dELS	ULTRARARE	non-CpG-tv	5175665	5175665	319572.728	45893.009886	5167039	637321.3546216931	11522623.279498572	279256	346383	497116
HepG2_skew	[-0.05,0.05)	dELS	ULTRARARE	unknown	4451	0	0	0	4009	-993.1930041841705	3832.324298571652	17	350	446
HepG2_skew	[-0.05,0.05)	non-cCRE	COMMON	CpG-CGI	1649	1649	2129.683	3943.568843	1641	-1256.9959976158573	5950.788515548776	33	435	243
HepG2_skew	[-0.05,0.05)	non-cCRE	COMMON	CpG-nonCGI	803823	803823	1643363.262	3734219.025688	793616	-685583.2265845964	1951833.3454114357	2974	26833	3203
HepG2_skew	[-0.05,0.05)	non-cCRE	COMMON	non-CpG-ti	3693198	3693198	570203.789	125304.136303	3658209	-1080405.7102343317	5012218.042627035	36909	98494	10633
HepG2_skew	[-0.05,0.05)	non-cCRE	COMMON	non-CpG-tv	2224868	2224868	175280.689	83781.167941	2196198	-613789.0424804176	3033239.222555455	23772	57876	7432
HepG2_skew	[-0.05,0.05)	non-cCRE	COMMON	unknown	6916	0	0	0	4870	-3027.2469975608383	9252.61260535016	10	208	119
HepG2_skew	[-0.05,0.05)	non-cCRE	LOW_FREQ	CpG-CGI	2430	2430	3374.868	6563.476274	2418	-1475.9790023292885	6802.370464981059	59	616	342
HepG2_skew	[-0.05,0.05)	non-cCRE	LOW_FREQ	CpG-nonCGI	1012451	1012451	2304436.3370000003	5524410.975113	996151	-851008.6684594688	2487330.841738663	4029	28319	4499
HepG2_skew	[-0.05,0.05)	non-cCRE	LOW_FREQ	non-CpG-ti	4049140	4049140	649726.428	148886.82781	4000060	-493531.9992954507	4525535.417432691	50986	83470	12302
HepG2_skew	[-0.05,0.05)	non-cCRE	LOW_FREQ	non-CpG-tv	2451162	2451162	188854.975	74358.015951	2407908	-314869.1874527036	2888180.1867020736	32547	50317	8446
HepG2_skew	[-0.05,0.05)	non-cCRE	LOW_FREQ	unknown	9361	0	0	0	4989	-2062.197000223327	6002.379339616155	9	238	176
HepG2_skew	[-0.05,0.05)	non-cCRE	RARE	CpG-CGI	6887	6887	9709.512	19009.82777	6863	-4290.636006384508	21382.77712531073	179	1758	1009
HepG2_skew	[-0.05,0.05)	non-cCRE	RARE	CpG-nonCGI	2950740	2950740	6742313.589	16187702.945085004	2902459	-2466784.0244681807	7249496.045453543	12726	81495	12850
HepG2_skew	[-0.05,0.05)	non-cCRE	RARE	non-CpG-ti	9760893	9760893	1581707.0789999997	369572.561075	9635230	-1049302.9134597199	10848870.79212965	127362	203711	30097
HepG2_skew	[-0.05,0.05)	non-cCRE	RARE	non-CpG-tv	5973246	5973246	449057.358	153266.08938599998	5860550	-618856.1915600471	6867509.639804002	83161	124876	21272
HepG2_skew	[-0.05,0.05)	non-cCRE	RARE	unknown	22316	0	0	0	11251	-4149.559997961158	13887.89142334592	33	693	482
HepG2_skew	[-0.05,0.05)	non-cCRE	SINGLETON	CpG-CGI	27080	27080	19670.832	26053.480012	27041	-8195.266002138964	83703.00778845308	1332	8985	7746
HepG2_skew	[-0.05,0.05)	non-cCRE	SINGLETON	CpG-nonCGI	2252725	2252725	4491738.383	9518507.774797	2240308	-1643345.814051642	5121332.117323618	15118	83997	16598
HepG2_skew	[-0.05,0.05)	non-cCRE	SINGLETON	non-CpG-ti	91517739	91517739	13380056.239000062	2635869.3109510248	90698538	-2633932.023838165	91083506.2169779	1362571	1855414	281735
HepG2_skew	[-0.05,0.05)	non-cCRE	SINGLETON	non-CpG-tv	63761187	63761187	3615168.3399999794	399317.9652339996	62956480	-1690853.4626775926	65293700.709772535	1000109	1294018	210745
HepG2_skew	[-0.05,0.05)	non-cCRE	SINGLETON	unknown	60178	0	0	0	37953	-7616.978995953454	31951.707985187386	121	1773	1002
HepG2_skew	[-0.05,0.05)	non-cCRE	ULTRARARE	CpG-CGI	31668	31668	36021.884	63879.18933	31586	-16108.306994077171	100484.19118743537	1079	9095	6405
HepG2_skew	[-0.05,0.05)	non-cCRE	ULTRARARE	CpG-nonCGI	10059034	10059034	21820186.461	49778442.658207	9979851	-8053149.290101068	24179262.681385312	52242	305217	53212
HepG2_skew	[-0.05,0.05)	non-cCRE	ULTRARARE	non-CpG-ti	60807432	60807432	9738651.254000017	2208428.1912960093	60110757	-4981848.673913178	65200867.63170616	828682	1240584	185590
HepG2_skew	[-0.05,0.05)	non-cCRE	ULTRARARE	non-CpG-tv	36792343	36792343	2405056.4909999953	418377.4990089998	36186989	-2188489.298347103	39198791.91200961	544495	761247	126158
HepG2_skew	[-0.05,0.05)	non-cCRE	ULTRARARE	unknown	63690	0	0	0	33678	-9398.604994499825	35742.16726965706	138	2440	1287
HepG2_skew	[-0.05,0.05)	pELS	COMMON	CpG-CGI	1439	1439	846.639	891.774899	1438	-695.6850015749224	4593.250453281273	59	625	543
HepG2_skew	[-0.05,0.05)	pELS	COMMON	CpG-nonCGI	15037	15037	24731.337	48750.322659	15018	-13464.611979163716	51101.96763222376	180	3253	1828
HepG2_skew	[-0.05,0.05)	pELS	COMMON	non-CpG-ti	64898	64898	9219.382	1845.282548	64822	-10067.9309948592	140484.63745129787	2237	15016	7155
HepG2_skew	[-0.05,0.05)	pELS	COMMON	non-CpG-tv	40787	40787	2937.271	1038.4094969999999	40722	-7147.611991022017	91506.17201142026	1407	9887	5328
HepG2_skew	[-0.05,0.05)	pELS	COMMON	unknown	116	0	0	0	106	-38.31200014054776	175.79622250941682	1	15	18
HepG2_skew	[-0.05,0.05)	pELS	LOW_FREQ	CpG-CGI	2243	2243	1373.368	1623.376562	2241	-642.0999966881935	6795.004476640909	116	869	862
HepG2_skew	[-0.05,0.05)	pELS	LOW_FREQ	CpG-nonCGI	20078	20078	36567.75	75681.561436	20040	-16841.60399915838	65491.3672803715	278	3752	2549
HepG2_skew	[-0.05,0.05)	pELS	LOW_FREQ	non-CpG-ti	74294	74294	11089.857	2325.306225	74189	2600.992000857369	168808.54519485455	3364	14849	8430
HepG2_skew	[-0.05,0.05)	pELS	LOW_FREQ	non-CpG-tv	47025	47025	3416.774	1016.37094	46928	167.46799976797635	108918.48460804667	2169	9859	6535
HepG2_skew	[-0.05,0.05)	pELS	LOW_FREQ	unknown	121	0	0	0	83	-30.478000147733855	113.30060333256	0	18	9
HepG2_skew	[-0.05,0.05)	pELS	RARE	CpG-CGI	5733	5733	3690.766	4504.640684	5721	-1468.2549988670519	19193.250777283352	313	2160	2249
HepG2_skew	[-0.05,0.05)	pELS	RARE	CpG-nonCGI	57179	57179	105418.875	219447.049367	57095	-49087.352988332415	202133.62174170034	909	10811	7295
HepG2_skew	[-0.05,0.05)	pELS	RARE	non-CpG-ti	184937	184937	27882.933	5929.765305	184748	13196.232982187526	441324.86718035507	9376	37230	21733
HepG2_skew	[-0.05,0.05)	pELS	RARE	non-CpG-tv	118897	118897	8530.869	2144.816301	118705	5493.275992074866	282665.33650315175	5972	25632	16716
HepG2_skew	[-0.05,0.05)	pELS	RARE	unknown	603	0	0	0	540	-232.11900018318516	892.4412700166289	2	306	66
HepG2_skew	[-0.05,0.05)	pELS	SINGLETON	CpG-CGI	43999	43999	20554.313	15932.693931	43986	-3604.3939968193868	146506.46217426943	3198	17125	19059
HepG2_skew	[-0.05,0.05)	pELS	SINGLETON	CpG-nonCGI	110163	110163	149879.733	262120.03045299998	110075	-68238.5779995788	328283.46758061677	2659	26741	17080
HepG2_skew	[-0.05,0.05)	pELS	SINGLETON	non-CpG-ti	1812020	1812020	251212.647	45114.735183	1810801	308207.23090843036	3900110.7115324326	100995	361753	207657
HepG2_skew	[-0.05,0.05)	pELS	SINGLETON	non-CpG-tv	1310481	1310481	76238.829	7996.335525	1309333	181587.56098780798	3027944.5362098054	74249	277302	171930
HepG2_skew	[-0.05,0.05)	pELS	SINGLETON	unknown	1884	0	0	0	1840	-329.8509985207347	3460.4355721239763	40	641	158
HepG2_skew	[-0.05,0.05)	pELS	ULTRARARE	CpG-CGI	36555	36555	20613.94	21402.31345	36533	-5839.624994757237	124510.65826792872	2498	14155	14978
HepG2_skew	[-0.05,0.05)	pELS	ULTRARARE	CpG-nonCGI	259139	259139	448669.282	894286.723714	258845	-202491.93192570753	851073.8483755869	4828	51340	34435
HepG2_skew	[-0.05,0.05)	pELS	ULTRARARE	non-CpG-ti	1180515	1180515	176493.555	36243.672299	1179582	130846.4880006648	2690930.3937077774	63158	239817	137238
HepG2_skew	[-0.05,0.05)	pELS	ULTRARARE	non-CpG-tv	756457	756457	49311.527	7099.247509	755471	73989.24502190656	1805978.388479985	41120	162214	103034
HepG2_skew	[-0.05,0.05)	pELS	ULTRARARE	unknown	3505	0	0	0	3427	-957.8799963525965	6820.582711484536	72	1586	284
HepG2_skew	[-0.2,-0.05)	Other cCREs	COMMON	CpG-CGI	389	389	671.665	1397.149985	383	-373.23300005483907	1467.2466680972223	7	65	15
HepG2_skew	[-0.2,-0.05)	Other cCREs	COMMON	CpG-nonCGI	33015	33015	67545.547	154522.452461	32746	-30273.519985337756	94313.062503717	179	1685	1635
HepG2_skew	[-0.2,-0.05)	Other cCREs	COMMON	non-CpG-ti	43523	43523	6177.675	1184.057055	43340	-9116.693982716652	68793.8121156013	892	1825	2343
HepG2_skew	[-0.2,-0.05)	Other cCREs	COMMON	non-CpG-tv	32459	32459	2228.116	416.998934	32243	-8376.842997267146	52168.63183739852	606	1448	1782
HepG2_skew	[-0.2,-0.05)	Other cCREs	COMMON	unknown	115	0	0	0	84	-43.13399999588729	147.5633915298331	0	11	2
HepG2_skew	[-0.2,-0.05)	Other cCREs	LOW_FREQ	CpG-CGI	581	581	1067.376	2274.845036	576	-386.18299962976016	1751.989233131425	14	82	13
HepG2_skew	[-0.2,-0.05)	Other cCREs	LOW_FREQ	CpG-nonCGI	42840	42840	96998.118	233410.703524	42358	-38465.89397724683	127383.1389871089	307	1930	2246
HepG2_skew	[-0.2,-0.05)	Other cCREs	LOW_FREQ	non-CpG-ti	48109	48109	7113.569	1401.645643	47842	-427.3269917618022	65969.9491125964	1230	1592	2546
HepG2_skew	[-0.2,-0.05)	Other cCREs	LOW_FREQ	non-CpG-tv	35845	35845	2593.871	507.456077	35526	-4264.114997351193	56232.72216263593	826	1304	1945
HepG2_skew	[-0.2,-0.05)	Other cCREs	LOW_FREQ	unknown	212	0	0	0	136	-50.18299967795609	132.71237412065273	0	18	11
HepG2_skew	[-0.2,-0.05)	Other cCREs	RARE	CpG-CGI	1791	1791	3368.668	7293.351394	1768	-1346.8849993667097	7246.009905732584	46	281	48
HepG2_skew	[-0.2,-0.05)	Other cCREs	RARE	CpG-nonCGI	125185	125185	284308.85	685032.867292	123790	-111056.2049349926	363565.38187834475	971	5614	6631
HepG2_skew	[-0.2,-0.05)	Other cCREs	RARE	non-CpG-ti	114986	114986	17077.011	3417.079685	114332	1542.7100242599854	158655.79949146602	3132	3958	6333
HepG2_skew	[-0.2,-0.05)	Other cCREs	RARE	non-CpG-tv	87792	87792	6484.126	1275.871162	86946	-7445.991978068721	134774.56394584256	2238	3198	4967
HepG2_skew	[-0.2,-0.05)	Other cCREs	RARE	unknown	518	0	0	0	321	-99.42699973378335	252.74024732049944	0	36	14
HepG2_skew	[-0.2,-0.05)	Other cCREs	SINGLETON	CpG-CGI	3193	3193	4409.088	7985.738482	3174	-2006.560999281938	11289.669780771026	97	429	193
HepG2_skew	[-0.2,-0.05)	Other cCREs	SINGLETON	CpG-nonCGI	100458	100458	199670.102	428511.6474	99915	-80899.02595226442	278464.9893193103	1049	4776	5581
HepG2_skew	[-0.2,-0.05)	Other cCREs	SINGLETON	non-CpG-ti	1111400	1111400	153606.109	26814.075989	1107424	87754.68110403126	1509416.2693129508	34089	35438	59022
HepG2_skew	[-0.2,-0.05)	Other cCREs	SINGLETON	non-CpG-tv	924022	924022	55193.191	6270.598517	918988	-4157.4458764477295	1385902.6621482433	26802	30253	49318
HepG2_skew	[-0.2,-0.05)	Other cCREs	SINGLETON	unknown	1310	0	0	0	902	-152.86500041175177	422.5330113629285	0	92	24
HepG2_skew	[-0.2,-0.05)	Other cCREs	ULTRARARE	CpG-CGI	6245	6245	10894.371	22538.211239	6191	-4136.148998583784	20037.974938597858	144	950	223
HepG2_skew	[-0.2,-0.05)	Other cCREs	ULTRARARE	CpG-nonCGI	430450	430450	934693.834	2157836.107834	427515	-368752.74881559005	1237204.9817064726	3849	19049	23397
HepG2_skew	[-0.2,-0.05)	Other cCREs	ULTRARARE	non-CpG-ti	717351	717351	105694.05	20500.12295	714068	26223.801116997955	982126.5480411772	20405	23789	38384
HepG2_skew	[-0.2,-0.05)	Other cCREs	ULTRARARE	non-CpG-tv	539366	539366	36996.666	5651.388798	535328	-22354.511926185925	824369.6318171838	14764	18736	29704
HepG2_skew	[-0.2,-0.05)	Other cCREs	ULTRARARE	unknown	1480	0	0	0	938	-219.50499868020427	588.438189784155	1	81	38
HepG2_skew	[-0.2,-0.05)	PLS	COMMON	CpG-CGI	640	640	313.088	271.645714	640	-113.91499987710253	2989.55462368579	53	281	333
HepG2_skew	[-0.2,-0.05)	PLS	COMMON	CpG-nonCGI	998	998	1501.525	2918.784203	992	-848.4200003513834	3910.120505956085	25	301	295
HepG2_skew	[-0.2,-0.05)	PLS	COMMON	non-CpG-ti	2811	2811	409.235	77.662309	2810	172.53200294892326	12147.925509724919	273	1057	960
HepG2_skew	[-0.2,-0.05)	PLS	COMMON	non-CpG-tv	2648	2648	228.386	41.514008	2644	-130.58300141990185	10265.355052551193	214	1096	1081
HepG2_skew	[-0.2,-0.05)	PLS	COMMON	unknown	7	0	0	0	7	-5.29499986767769	97.84363720586353	2	2	3
HepG2_skew	[-0.2,-0.05)	PLS	LOW_FREQ	CpG-CGI	1030	1030	547.169	540.9453110000001	1030	137.7840007696068	5115.8762101129705	118	400	556
HepG2_skew	[-0.2,-0.05)	PLS	LOW_FREQ	CpG-nonCGI	1469	1469	2428.766	4936.555868	1461	-1098.9579999229175	6036.176816774766	61	396	440
HepG2_skew	[-0.2,-0.05)	PLS	LOW_FREQ	non-CpG-ti	3719	3719	582.601	115.310929	3716	2242.8630026367027	20896.921201513036	592	1271	1469
HepG2_skew	[-0.2,-0.05)	PLS	LOW_FREQ	non-CpG-tv	3654	3654	326.211	60.500563	3648	780.0210008763245	19241.10328243615	428	1329	1662
HepG2_skew	[-0.2,-0.05)	PLS	LOW_FREQ	unknown	9	0	0	0	9	1.581000108271837	12.407081156492481	0	7	2
HepG2_skew	[-0.2,-0.05)	PLS	RARE	CpG-CGI	3116	3116	1577.161	1452.778469	3115	895.1150030463461	16598.703481665536	436	1263	1791
HepG2_skew	[-0.2,-0.05)	PLS	RARE	CpG-nonCGI	4252	4252	7143.148	14620.357398	4239	-2430.4109987794654	17848.854113625828	204	1127	1222
HepG2_skew	[-0.2,-0.05)	PLS	RARE	non-CpG-ti	9842	9842	1536.1109999999999	302.732619	9833	6216.385998763144	60681.064727607554	1645	3510	3977
HepG2_skew	[-0.2,-0.05)	PLS	RARE	non-CpG-tv	9986	9986	934.457	182.594223	9967	4143.364995709041	53632.4976859393	1438	3566	4565
HepG2_skew	[-0.2,-0.05)	PLS	RARE	unknown	290	0	0	0	290	-19.64900035876779	728.1538453726727	18	164	14
HepG2_skew	[-0.2,-0.05)	PLS	SINGLETON	CpG-CGI	23691	23691	10712.208	8226.158926	23678	10545.44699614681	132595.24204900453	3768	9564	14089
HepG2_skew	[-0.2,-0.05)	PLS	SINGLETON	CpG-nonCGI	9615	9615	10442.874	17121.493184	9607	-2496.891993615776	42725.54165756214	735	2920	3614
HepG2_skew	[-0.2,-0.05)	PLS	SINGLETON	non-CpG-ti	91481	91481	13593.942	2457.024598	91428	76967.63600017484	537384.0446450609	16845	31238	36374
HepG2_skew	[-0.2,-0.05)	PLS	SINGLETON	non-CpG-tv	97514	97514	7334.526	913.524636	97441	57846.12401443302	564595.0000446864	15980	34482	42527
HepG2_skew	[-0.2,-0.05)	PLS	SINGLETON	unknown	182	0	0	0	182	-65.53600039985024	547.1245721475121	5	84	57
HepG2_skew	[-0.2,-0.05)	PLS	ULTRARARE	CpG-CGI	19564	19564	9619.678	8387.056842	19559	6257.687009607559	107665.4509110809	2865	7760	11391
HepG2_skew	[-0.2,-0.05)	PLS	ULTRARARE	CpG-nonCGI	19202	19202	29587.384	57687.420046	19175	-10106.813999556007	87104.01628096412	1091	5291	5994
HepG2_skew	[-0.2,-0.05)	PLS	ULTRARARE	non-CpG-ti	63254	63254	9879.7	1925.84312	63212	49239.72398972955	382370.71736306726	11428	21916	25796
HepG2_skew	[-0.2,-0.05)	PLS	ULTRARARE	non-CpG-tv	61833	61833	5348.612	861.333034	61771	31876.89898810084	361898.24863209785	9797	21954	27771
HepG2_skew	[-0.2,-0.05)	PLS	ULTRARARE	unknown	662	0	0	0	660	-64.57200182450461	2047.7668204415093	36	344	39
HepG2_skew	[-0.2,-0.05)	dELS	COMMON	CpG-CGI	1094	1094	1554.113	3010.181483	1092	-953.6380011586004	3920.6562461808758	21	249	227
HepG2_skew	[-0.2,-0.05)	dELS	COMMON	CpG-nonCGI	85733	85733	165053.845	360296.388169	85577	-83422.08298153547	311106.65696570254	1007	8998	12769
HepG2_skew	[-0.2,-0.05)	dELS	COMMON	non-CpG-ti	115203	115203	16126.959	3040.597239	115034	-11688.020995007366	242890.29419053486	4363	11074	15872
HepG2_skew	[-0.2,-0.05)	dELS	COMMON	non-CpG-tv	82640	82640	5630.863	1053.900807	82495	-12909.306009667695	169816.07035945283	2928	7894	12379
HepG2_skew	[-0.2,-0.05)	dELS	COMMON	unknown	135	0	0	0	120	-53.23699971195309	160.93238346677808	0	12	19
HepG2_skew	[-0.2,-0.05)	dELS	LOW_FREQ	CpG-CGI	1672	1672	2704.271	5584.325363	1669	-1456.030999137904	7015.684481220901	50	361	345
HepG2_skew	[-0.2,-0.05)	dELS	LOW_FREQ	CpG-nonCGI	115899	115899	246638.552	565030.0045640001	115685	-106398.10199519435	423621.6898599201	1775	10309	18366
HepG2_skew	[-0.2,-0.05)	dELS	LOW_FREQ	non-CpG-ti	132773	132773	19356.964	3742.231242	132574	15840.351984879122	277415.0823576678	6785	10545	19098
HepG2_skew	[-0.2,-0.05)	dELS	LOW_FREQ	non-CpG-tv	95093	95093	6816.913	1308.727045	94891	-230.0949989705112	212006.29188294514	4359	7631	15044
HepG2_skew	[-0.2,-0.05)	dELS	LOW_FREQ	unknown	175	0	0	0	151	-76.81500020250677	401.6394292334065	2	13	30
HepG2_skew	[-0.2,-0.05)	dELS	RARE	CpG-CGI	4948	4948	8086.756	16743.628578	4941	-3700.071002426558	19751.94600740196	167	1113	995
HepG2_skew	[-0.2,-0.05)	dELS	RARE	CpG-nonCGI	341181	341181	729333.991	1675239.369301	340482	-306774.250929502	1251170.8202577957	6002	30149	54777
HepG2_skew	[-0.2,-0.05)	dELS	RARE	non-CpG-ti	322815	322815	47482.983	9354.447043	322297	51964.254958509584	713008.7169973366	18070	25945	47503
HepG2_skew	[-0.2,-0.05)	dELS	RARE	non-CpG-tv	236441	236441	17353.874	3480.0991	235950	8854.480996286627	552083.2396574363	11962	19231	37669
HepG2_skew	[-0.2,-0.05)	dELS	RARE	unknown	472	0	0	0	420	-172.96199965942645	576.6386090977393	2	44	56
HepG2_skew	[-0.2,-0.05)	dELS	SINGLETON	CpG-CGI	15632	15632	13976.57	21261.337386	15601	-5340.737991515664	63358.34092125511	1034	3253	5591
HepG2_skew	[-0.2,-0.05)	dELS	SINGLETON	CpG-nonCGI	345224	345224	649197.433	1344786.289907	344742	-267617.3339752105	1223322.2569157076	8233	33802	59111
HepG2_skew	[-0.2,-0.05)	dELS	SINGLETON	non-CpG-ti	3217345	3217345	441678.617	75613.316159	3213408	747730.8546999957	7078685.900080646	195679	254580	459543
HepG2_skew	[-0.2,-0.05)	dELS	SINGLETON	non-CpG-tv	2562827	2562827	150089.185	16339.204523	2558789	324090.00579845393	6052138.772944899	146307	203973	372817
HepG2_skew	[-0.2,-0.05)	dELS	SINGLETON	unknown	1371	0	0	0	1290	-253.8230005637743	1242.0440163979015	8	107	242
HepG2_skew	[-0.2,-0.05)	dELS	ULTRARARE	CpG-CGI	22814	22814	31868.497	61633.811283	22772	-13944.066016028282	93087.05576431024	1081	4929	5774
HepG2_skew	[-0.2,-0.05)	dELS	ULTRARARE	CpG-nonCGI	1348527	1348527	2765811.917	6116349.372769	1346408	-1157905.1139016673	4897220.150512985	26585	124644	220838
HepG2_skew	[-0.2,-0.05)	dELS	ULTRARARE	non-CpG-ti	2056709	2056709	299666.541	56977.110877	2053825	387005.47879011557	4545458.010502808	119613	163852	297287
HepG2_skew	[-0.2,-0.05)	dELS	ULTRARARE	non-CpG-tv	1485271	1485271	100135.008	14990.322436	1482455	120824.23296701236	3522667.934647427	80649	119096	225021
HepG2_skew	[-0.2,-0.05)	dELS	ULTRARARE	unknown	1346	0	0	0	1229	-353.3610010966659	1109.948922022987	5	115	204
HepG2_skew	[-0.2,-0.05)	non-cCRE	COMMON	CpG-CGI	984	984	1282.46	2475.14774	979	-618.4029994748998	3251.4186877626566	27	302	163
HepG2_skew	[-0.2,-0.05)	non-cCRE	COMMON	CpG-nonCGI	339727	339727	709279.349	1648744.5722369999	336650	-326387.3887594096	943274.5898061472	1009	14349	2274
HepG2_skew	[-0.2,-0.05)	non-cCRE	COMMON	non-CpG-ti	437454	437454	60525.272	11678.128116	432992	-110788.03088272762	594562.3025402636	5330	15217	3010
HepG2_skew	[-0.2,-0.05)	non-cCRE	COMMON	non-CpG-tv	351695	351695	24282.478	5884.060018	347098	-110080.45088458611	505677.3879418365	3739	12129	2665
HepG2_skew	[-0.2,-0.05)	non-cCRE	COMMON	unknown	973	0	0	0	665	-433.1019986346365	1415.6506461810106	3	35	24
HepG2_skew	[-0.2,-0.05)	non-cCRE	LOW_FREQ	CpG-CGI	1545	1545	2210.399	4485.855867	1536	-928.1759963753867	4976.407222363441	44	367	257
HepG2_skew	[-0.2,-0.05)	non-cCRE	LOW_FREQ	CpG-nonCGI	437452	437452	1015792.302	2487595.639214	432383	-409519.42671580147	1195513.2791983187	1576	14992	3063
HepG2_skew	[-0.2,-0.05)	non-cCRE	LOW_FREQ	non-CpG-ti	476741	476741	69007.575	13956.858981	470185	-28523.82188416739	522057.402773214	7281	13189	3797
HepG2_skew	[-0.2,-0.05)	non-cCRE	LOW_FREQ	non-CpG-tv	379977	379977	27436.817	6422.101937	373227	-57064.78289100143	468343.66779441724	5083	10750	3364
HepG2_skew	[-0.2,-0.05)	non-cCRE	LOW_FREQ	unknown	1514	0	0	0	794	-372.8429998271171	1042.5935086465784	1	50	37
HepG2_skew	[-0.2,-0.05)	non-cCRE	RARE	CpG-CGI	4293	4293	6282.148	12896.026958	4261	-2311.421999147044	14419.498872350427	148	1082	743
HepG2_skew	[-0.2,-0.05)	non-cCRE	RARE	CpG-nonCGI	1280065	1280065	2981300.626	7306621.587482	1265255	-1193236.3661902642	3510417.2778419615	4787	44406	9273
HepG2_skew	[-0.2,-0.05)	non-cCRE	RARE	non-CpG-ti	1148695	1148695	167239.555	34319.840107000004	1131807	-49010.96376080031	1242238.0132646542	18237	32674	9144
HepG2_skew	[-0.2,-0.05)	non-cCRE	RARE	non-CpG-tv	922657	922657	67598.495	15327.669853	905255	-115943.92377316311	1119583.196459817	13283	27153	8311
HepG2_skew	[-0.2,-0.05)	non-cCRE	RARE	unknown	3672	0	0	0	2038	-918.2309989031637	2876.05159022671	6	168	82
HepG2_skew	[-0.2,-0.05)	non-cCRE	SINGLETON	CpG-CGI	16901	16901	12223.753999999999	16576.080786	16868	-1989.562000297591	53936.0486111233	1146	5536	5285
HepG2_skew	[-0.2,-0.05)	non-cCRE	SINGLETON	CpG-nonCGI	947671	947671	1934004.22	4210447.3716939995	943550	-783852.5724132626	2380795.686174328	5208	43238	11563
HepG2_skew	[-0.2,-0.05)	non-cCRE	SINGLETON	non-CpG-ti	10950181	10950181	1463834.3159999999	257560.413538	10844766	290681.6810794166	11159286.670750586	198386	300280	84760
HepG2_skew	[-0.2,-0.05)	non-cCRE	SINGLETON	non-CpG-tv	9466690	9466690	540977.8099999999	60858.56988199996	9340780	-375618.3799561275	10648454.68008763	160079	260969	74867
HepG2_skew	[-0.2,-0.05)	non-cCRE	SINGLETON	unknown	9350	0	0	0	5974	-1255.5140000730753	4881.403874004878	18	370	246
HepG2_skew	[-0.2,-0.05)	non-cCRE	ULTRARARE	CpG-CGI	20014	20014	23144.986	42510.636282	19949	-7515.782991613843	66072.02512685918	982	5624	4415
HepG2_skew	[-0.2,-0.05)	non-cCRE	ULTRARARE	CpG-nonCGI	4329700	4329700	9605215.465	22450661.298041	4305069	-3892516.941364245	11560831.458321363	18919	162696	37646
HepG2_skew	[-0.2,-0.05)	non-cCRE	ULTRARARE	non-CpG-ti	7120959	7120959	1026277.1399999999	204069.136332	7029975	-104193.23361170331	7500556.110401713	118766	199356	56343
HepG2_skew	[-0.2,-0.05)	non-cCRE	ULTRARARE	non-CpG-tv	5552823	5552823	370200.264	58915.158972	5459442	-447169.41154115315	6475364.4648138285	87036	157450	46918
HepG2_skew	[-0.2,-0.05)	non-cCRE	ULTRARARE	unknown	10541	0	0	0	6009	-1776.5610029860397	6652.8903449226555	27	481	222
HepG2_skew	[-0.2,-0.05)	pELS	COMMON	CpG-CGI	933	933	544.755	605.567867	930	-185.58400190935956	3345.4073357287043	62	401	376
HepG2_skew	[-0.2,-0.05)	pELS	COMMON	CpG-nonCGI	10041	10041	16830.714	33921.496916	10024	-9077.739998320816	33529.40465181281	115	2279	1552
HepG2_skew	[-0.2,-0.05)	pELS	COMMON	non-CpG-ti	16357	16357	2292.833	423.796209	16340	-731.9099981025797	39725.06384253134	740	4270	2889
HepG2_skew	[-0.2,-0.05)	pELS	COMMON	non-CpG-tv	13050	13050	967.8770000000001	194.160245	13022	-2029.0760024725464	30746.080292568782	552	3564	2632
HepG2_skew	[-0.2,-0.05)	pELS	COMMON	unknown	39	0	0	0	33	-34.343000428751125	169.55938886107649	0	9	11
HepG2_skew	[-0.2,-0.05)	pELS	LOW_FREQ	CpG-CGI	1443	1443	893.845	1077.789347	1439	-100.85500028822575	4416.5147541922215	102	563	614
HepG2_skew	[-0.2,-0.05)	pELS	LOW_FREQ	CpG-nonCGI	13786	13786	25908.667	55582.643223	13744	-12227.003994088853	50609.11629126333	214	2777	2299
HepG2_skew	[-0.2,-0.05)	pELS	LOW_FREQ	non-CpG-ti	19630	19630	2892.695	551.593181	19594	4201.413002794026	50117.71415528634	1287	4580	3774
HepG2_skew	[-0.2,-0.05)	pELS	LOW_FREQ	non-CpG-tv	15588	15588	1243.851	256.244121	15556	746.2870043871222	43992.80352452992	920	3861	3518
HepG2_skew	[-0.2,-0.05)	pELS	LOW_FREQ	unknown	55	0	0	0	39	-21.97300051897762	95.41152720342784	0	12	11
HepG2_skew	[-0.2,-0.05)	pELS	RARE	CpG-CGI	4070	4070	2601.979	3249.336837	4060	-59.86400031414831	14924.37842688068	324	1551	1754
HepG2_skew	[-0.2,-0.05)	pELS	RARE	CpG-nonCGI	40366	40366	76225.631	163695.538099	40293	-35018.9179969934	142835.5431607253	693	8001	6717
HepG2_skew	[-0.2,-0.05)	pELS	RARE	non-CpG-ti	49126	49126	7302.071	1418.641045	49069	12982.645992662301	136847.81401349738	3633	11459	9823
HepG2_skew	[-0.2,-0.05)	pELS	RARE	non-CpG-tv	40075	40075	3236.922	692.712112	39977	4521.596004709487	113936.90860927681	2704	9961	9164
HepG2_skew	[-0.2,-0.05)	pELS	RARE	unknown	270	0	0	0	241	-85.60199962742624	355.93710034674257	1	140	42
HepG2_skew	[-0.2,-0.05)	pELS	SINGLETON	CpG-CGI	30541	30541	13894.743	10753.957111	30535	5715.635998770711	112996.18016795893	3046	11915	14496
HepG2_skew	[-0.2,-0.05)	pELS	SINGLETON	CpG-nonCGI	71611	71611	98189.343	176496.840535	71565	-42398.040003881	224458.67169412065	2091	18285	14473
HepG2_skew	[-0.2,-0.05)	pELS	SINGLETON	non-CpG-ti	480545	480545	67424.274	11674.341304	480145	168143.92897690798	1280822.368687963	38142	111309	93539
HepG2_skew	[-0.2,-0.05)	pELS	SINGLETON	non-CpG-tv	417029	417029	26761.415	3123.381691	416585	90429.08399335777	1186993.4130041918	31346	101571	88510
HepG2_skew	[-0.2,-0.05)	pELS	SINGLETON	unknown	588	0	0	0	564	-137.3640000541928	847.8476677337434	2	181	105
HepG2_skew	[-0.2,-0.05)	pELS	ULTRARARE	CpG-CGI	25345	25345	14203.36	15139.053632	25326	2063.0160038976464	94226.79331412358	2328	9833	11348
HepG2_skew	[-0.2,-0.05)	pELS	ULTRARARE	CpG-nonCGI	175143	175143	309691.583	635507.815349	174908	-137591.46794401377	602451.3575454103	3820	36894	30228
HepG2_skew	[-0.2,-0.05)	pELS	ULTRARARE	non-CpG-ti	313432	313432	46532.745	8863.799117	313122	98158.371996751	862555.691581252	24601	74351	63537
HepG2_skew	[-0.2,-0.05)	pELS	ULTRARARE	non-CpG-tv	249163	249163	18464.165	2927.184407	248759	41103.39097257646	721891.8006229912	17812	61158	55376
HepG2_skew	[-0.2,-0.05)	pELS	ULTRARARE	unknown	1018	0	0	0	983	-291.85299957159464	1790.3232900866888	12	428	164
HepG2_skew	[-0.5,-0.2)	Other cCREs	COMMON	CpG-CGI	107	107	192.052	421.649704	105	-65.47599880571944	286.53087227227087	1	27	0
HepG2_skew	[-0.5,-0.2)	Other cCREs	COMMON	CpG-nonCGI	7587	7587	15815.597	36974.004301	7517	-7173.660997216824	21994.270631813448	36	411	614
HepG2_skew	[-0.5,-0.2)	Other cCREs	COMMON	non-CpG-ti	7180	7180	1114.966	241.826072	7130	-1767.9509995946428	12302.012752709086	146	342	611
HepG2_skew	[-0.5,-0.2)	Other cCREs	COMMON	non-CpG-tv	5925	5925	425.78000000000003	73.226916	5878	-1748.3079996124147	10395.173484768038	109	310	518
HepG2_skew	[-0.5,-0.2)	Other cCREs	COMMON	unknown	18	0	0	0	15	-14.022000215947632	26.989452858469992	0	3	1
HepG2_skew	[-0.5,-0.2)	Other cCREs	LOW_FREQ	CpG-CGI	183	183	372.978	860.294672	180	-111.55900031980116	654.9153716097617	5	34	3
HepG2_skew	[-0.5,-0.2)	Other cCREs	LOW_FREQ	CpG-nonCGI	9845	9845	22611.831	55447.885811	9745	-8976.673990521931	28139.52346392688	65	436	839
HepG2_skew	[-0.5,-0.2)	Other cCREs	LOW_FREQ	non-CpG-ti	8180	8180	1320.429	290.968965	8128	-419.23000095225865	11970.622365889649	191	292	731
HepG2_skew	[-0.5,-0.2)	Other cCREs	LOW_FREQ	non-CpG-tv	6754	6754	513.217	95.210599	6681	-1016.9509991738014	10406.006415045436	131	249	660
HepG2_skew	[-0.5,-0.2)	Other cCREs	LOW_FREQ	unknown	25	0	0	0	19	-10.617000110447414	18.322443441171195	0	5	0
HepG2_skew	[-0.5,-0.2)	Other cCREs	RARE	CpG-CGI	484	484	963.45	2159.284064	473	-355.50099746184446	2166.6089792826506	18	76	12
HepG2_skew	[-0.5,-0.2)	Other cCREs	RARE	CpG-nonCGI	28462	28462	65891.966	162367.956858	28178	-25595.496992894816	82435.2633997583	198	1375	2433
HepG2_skew	[-0.5,-0.2)	Other cCREs	RARE	non-CpG-ti	19327	19327	3168.544	722.215884	19215	-377.06099227024174	28189.396535742486	498	738	1871
HepG2_skew	[-0.5,-0.2)	Other cCREs	RARE	non-CpG-tv	17041	17041	1327.76	254.856034	16841	-2281.1509947854797	26987.77689855008	399	690	1640
HepG2_skew	[-0.5,-0.2)	Other cCREs	RARE	unknown	80	0	0	0	61	-17.938000150024877	54.77649467163061	0	7	1
HepG2_skew	[-0.5,-0.2)	Other cCREs	SINGLETON	CpG-CGI	872	872	1294.972	2461.774218	862	-515.8959984689719	3061.11593145803	25	154	70
HepG2_skew	[-0.5,-0.2)	Other cCREs	SINGLETON	CpG-nonCGI	22453	22453	44897.915	97682.032591	22304	-18004.714989529228	59950.526436279426	202	1150	2075
HepG2_skew	[-0.5,-0.2)	Other cCREs	SINGLETON	non-CpG-ti	181283	181283	27121.861	5228.877507	180582	11117.948013525931	262524.44084191107	5536	6215	17582
HepG2_skew	[-0.5,-0.2)	Other cCREs	SINGLETON	non-CpG-tv	177542	177542	11038.067000000001	1291.633639	176447	-7478.022965850422	278731.74471287854	4914	6428	16596
HepG2_skew	[-0.5,-0.2)	Other cCREs	SINGLETON	unknown	210	0	0	0	166	-38.668000131845474	104.03798823208169	0	9	14
HepG2_skew	[-0.5,-0.2)	Other cCREs	ULTRARARE	CpG-CGI	1746	1746	3184.834	6777.316342	1728	-1082.0259990753846	6555.622613147717	62	302	64
HepG2_skew	[-0.5,-0.2)	Other cCREs	ULTRARARE	CpG-nonCGI	96599	96599	212536.676	499205.480216	95976	-85260.09995630918	276158.5964582916	707	4680	8456
HepG2_skew	[-0.5,-0.2)	Other cCREs	ULTRARARE	non-CpG-ti	119352	119352	19266.668	4243.2079459999995	118770	2447.3600395492986	175931.58546173782	3421	4350	11351
HepG2_skew	[-0.5,-0.2)	Other cCREs	ULTRARARE	non-CpG-tv	105084	105084	7615.325	1219.113351	104175	-8963.294984487235	167284.1628402023	2692	3998	9922
HepG2_skew	[-0.5,-0.2)	Other cCREs	ULTRARARE	unknown	213	0	0	0	166	-41.5220000967383	151.7362228152483	0	15	3
HepG2_skew	[-0.5,-0.2)	PLS	COMMON	CpG-CGI	191	191	111.764	121.887528	191	-7.211000062525225	807.1639487076039	21	98	104
HepG2_skew	[-0.5,-0.2)	PLS	COMMON	CpG-nonCGI	298	298	443.647	848.989633	297	-238.0090009686538	1213.070445771784	10	98	101
HepG2_skew	[-0.5,-0.2)	PLS	COMMON	non-CpG-ti	767	767	119.241	25.232407	767	334.96099945914455	4790.083361578466	116	325	340
HepG2_skew	[-0.5,-0.2)	PLS	COMMON	non-CpG-tv	836	836	73.279	14.766691	835	222.84099994401907	3512.37924372666	104	395	417
HepG2_skew	[-0.5,-0.2)	PLS	COMMON	unknown	7	0	0	0	7	4.6570002138614655	29.531419174979877	1	3	3
HepG2_skew	[-0.5,-0.2)	PLS	LOW_FREQ	CpG-CGI	314	314	157.204	144.319058	314	258.8689995165912	1990.7153987510328	68	145	182
HepG2_skew	[-0.5,-0.2)	PLS	LOW_FREQ	CpG-nonCGI	437	437	729.664	1513.477232	436	-269.17100125749124	1644.548705031939	22	128	176
HepG2_skew	[-0.5,-0.2)	PLS	LOW_FREQ	non-CpG-ti	1139	1139	189.244	41.118304	1139	1113.9340030131862	7583.754330888583	264	426	547
HepG2_skew	[-0.5,-0.2)	PLS	LOW_FREQ	non-CpG-tv	1258	1258	115.507	20.732633	1258	930.009999888018	7247.456702313391	239	446	688
HepG2_skew	[-0.5,-0.2)	PLS	LOW_FREQ	unknown	2	0	0	0	2	0.927000001072884	0.6163249927639963	0	0	0
HepG2_skew	[-0.5,-0.2)	PLS	RARE	CpG-CGI	875	875	428.574	388.616658	875	856.4170006258641	7493.850457337324	207	395	525
HepG2_skew	[-0.5,-0.2)	PLS	RARE	CpG-nonCGI	1389	1389	2333.178	4788.181778	1385	-464.2299971984468	7533.198161639569	125	419	534
HepG2_skew	[-0.5,-0.2)	PLS	RARE	non-CpG-ti	3011	3011	512.903	115.646071	3009	3857.380002475809	27320.043974938533	799	1159	1528
HepG2_skew	[-0.5,-0.2)	PLS	RARE	non-CpG-tv	3613	3613	358.607	76.659983	3609	3721.1989997568307	27160.51148920056	823	1350	1950
HepG2_skew	[-0.5,-0.2)	PLS	RARE	unknown	23	0	0	0	23	-0.7139998087659469	30.299919519731734	1	11	2
HepG2_skew	[-0.5,-0.2)	PLS	SINGLETON	CpG-CGI	7916	7916	3544.392	2758.784134	7913	10506.556984599216	74817.60210642728	2280	3224	5123
HepG2_skew	[-0.5,-0.2)	PLS	SINGLETON	CpG-nonCGI	3190	3190	3415.563	5668.918147	3187	503.9880055456888	19003.417710684	410	977	1512
HepG2_skew	[-0.5,-0.2)	PLS	SINGLETON	non-CpG-ti	28968	28968	4640.895	928.485417	28952	45421.62099250747	282703.82261844777	8632	10406	14737
HepG2_skew	[-0.5,-0.2)	PLS	SINGLETON	non-CpG-tv	35819	35819	2739.097	344.586117	35784	45884.971978113164	313540.57346673025	9534	13288	19296
HepG2_skew	[-0.5,-0.2)	PLS	SINGLETON	unknown	45	0	0	0	45	2.5429996773600467	92.92947799718192	3	16	17
HepG2_skew	[-0.5,-0.2)	PLS	ULTRARARE	CpG-CGI	6259	6259	3023.213	2622.821403	6255	7021.460999469971	54591.39410515736	1587	2521	3857
HepG2_skew	[-0.5,-0.2)	PLS	ULTRARARE	CpG-nonCGI	6381	6381	9827.208	19493.739674	6378	-776.9870016857753	35989.564156538305	688	1889	2727
HepG2_skew	[-0.5,-0.2)	PLS	ULTRARARE	non-CpG-ti	19820	19820	3364.696	739.37141	19807	29560.845966035627	189390.06514815387	5814	7290	10147
HepG2_skew	[-0.5,-0.2)	PLS	ULTRARARE	non-CpG-tv	22855	22855	2010.629	339.401875	22833	26608.770997069543	195465.57118638488	5806	8618	12510
HepG2_skew	[-0.5,-0.2)	PLS	ULTRARARE	unknown	81	0	0	0	81	-23.800999784842123	296.4739122954847	4	47	11
HepG2_skew	[-0.5,-0.2)	dELS	COMMON	CpG-CGI	346	346	535.0409999999999	1112.463981	345	-313.53599992650555	1312.7452399567514	7	84	77
HepG2_skew	[-0.5,-0.2)	dELS	COMMON	CpG-nonCGI	20101	20101	39382.479	87677.542421	20046	-19813.82098344341	71770.21452311132	219	2300	4430
HepG2_skew	[-0.5,-0.2)	dELS	COMMON	non-CpG-ti	20609	20609	3123.422	678.296276	20581	-2470.094992156023	44088.99598709015	829	2246	4240
HepG2_skew	[-0.5,-0.2)	dELS	COMMON	non-CpG-tv	17077	17077	1206.118	206.399702	17040	-3094.506999301375	38938.04995120862	663	1913	3764
HepG2_skew	[-0.5,-0.2)	dELS	COMMON	unknown	19	0	0	0	17	-4.053999923169617	11.329595789358876	0	2	4
HepG2_skew	[-0.5,-0.2)	dELS	LOW_FREQ	CpG-CGI	492	492	836.071	1801.534509	490	-278.40800023102213	1741.7790819455388	25	108	109
HepG2_skew	[-0.5,-0.2)	dELS	LOW_FREQ	CpG-nonCGI	27818	27818	60256.56	140962.161484	27742	-25563.93899985823	99178.10808380626	444	2709	6456
HepG2_skew	[-0.5,-0.2)	dELS	LOW_FREQ	non-CpG-ti	23963	23963	3792.67	830.172646	23925	3263.2869924996053	53980.91726531818	1385	2162	5431
HepG2_skew	[-0.5,-0.2)	dELS	LOW_FREQ	non-CpG-tv	20296	20296	1547.27	297.64773	20246	-162.37700060906351	51854.67511760263	1001	1882	4923
HepG2_skew	[-0.5,-0.2)	dELS	LOW_FREQ	unknown	23	0	0	0	22	-12.600000023841861	38.71864212044052	0	5	5
HepG2_skew	[-0.5,-0.2)	dELS	RARE	CpG-CGI	1396	1396	2377.211	5100.477049	1393	-961.1459992303281	5118.415242850668	49	350	304
HepG2_skew	[-0.5,-0.2)	dELS	RARE	CpG-nonCGI	82070	82070	177820.813	415776.595453	81918	-75070.45299808132	303271.29523664206	1451	8056	19354
HepG2_skew	[-0.5,-0.2)	dELS	RARE	non-CpG-ti	58836	58836	9451.048999999999	2152.683701	58751	10648.218997863945	152717.86218568418	3832	5243	13703
HepG2_skew	[-0.5,-0.2)	dELS	RARE	non-CpG-tv	50942	50942	3953.939	792.366145	50836	2249.3990137659707	130339.39659847596	2872	4812	12583
HepG2_skew	[-0.5,-0.2)	dELS	RARE	unknown	80	0	0	0	77	-44.57900030165911	124.98330798872544	0	11	21
HepG2_skew	[-0.5,-0.2)	dELS	SINGLETON	CpG-CGI	4290	4290	4100.199	6579.0175469999995	4280	-1031.9390016640532	18147.74345671832	327	954	1724
HepG2_skew	[-0.5,-0.2)	dELS	SINGLETON	CpG-nonCGI	81021	81021	154107.935	324937.509881	80893	-63449.12001173374	294160.37846003094	2077	8772	20600
HepG2_skew	[-0.5,-0.2)	dELS	SINGLETON	non-CpG-ti	576460	576460	84194.144	15731.171998	575658	163608.9469511537	1497669.170228548	41652	51636	133341
HepG2_skew	[-0.5,-0.2)	dELS	SINGLETON	non-CpG-tv	543695	543695	32787.556	3679.404132	542736	76460.2279792095	1463035.143464491	35052	49640	125280
HepG2_skew	[-0.5,-0.2)	dELS	SINGLETON	unknown	231	0	0	0	218	-65.2390004592016	257.0200449363027	1	19	56
HepG2_skew	[-0.5,-0.2)	dELS	ULTRARARE	CpG-CGI	6665	6665	9724.053	19458.772467	6653	-3671.806997649605	27365.20541188693	340	1556	1906
HepG2_skew	[-0.5,-0.2)	dELS	ULTRARARE	CpG-nonCGI	321060	321060	669159.57	1509566.604114	320499	-279149.9380100964	1181687.222380095	6606	32881	77310
HepG2_skew	[-0.5,-0.2)	dELS	ULTRARARE	non-CpG-ti	373782	373782	59013.792	12761.091288	373253	85959.76786646538	980556.3899023685	25847	33479	87230
HepG2_skew	[-0.5,-0.2)	dELS	ULTRARARE	non-CpG-tv	318062	318062	22538.261000000002	3558.328633	317389	28918.328970424354	851115.9574541494	19400	29483	76620
HepG2_skew	[-0.5,-0.2)	dELS	ULTRARARE	unknown	228	0	0	0	216	-59.039000365883105	279.167858854626	1	21	51
HepG2_skew	[-0.5,-0.2)	non-cCRE	COMMON	CpG-CGI	265	265	389.709	789.033623	264	-202.39500050293287	882.981538715413	6	82	41
HepG2_skew	[-0.5,-0.2)	non-cCRE	COMMON	CpG-nonCGI	54135	54135	113179.095	265389.226755	53696	-53148.00294788774	154019.67634763263	157	2620	594
HepG2_skew	[-0.5,-0.2)	non-cCRE	COMMON	non-CpG-ti	45973	45973	7101.371	1609.714127	45575	-14875.958994630146	70292.9264238837	489	1973	597
HepG2_skew	[-0.5,-0.2)	non-cCRE	COMMON	non-CpG-tv	40899	40899	2904.691	490.966617	40385	-13992.097997077035	60761.33309149787	399	1757	582
HepG2_skew	[-0.5,-0.2)	non-cCRE	COMMON	unknown	112	0	0	0	89	-49.84099972248078	141.2591883385437	0	9	4
HepG2_skew	[-0.5,-0.2)	non-cCRE	LOW_FREQ	CpG-CGI	367	367	580.916	1248.769986	366	-183.2919999349396	1195.5991280906123	12	93	57
HepG2_skew	[-0.5,-0.2)	non-cCRE	LOW_FREQ	CpG-nonCGI	70183	70183	163986.274	405651.901544	69481	-66127.55296359469	192712.3048458464	218	2932	821
HepG2_skew	[-0.5,-0.2)	non-cCRE	LOW_FREQ	non-CpG-ti	49510	49510	8109.524	1908.766834	48940	-5053.505986899487	58776.21619993984	760	1799	749
HepG2_skew	[-0.5,-0.2)	non-cCRE	LOW_FREQ	non-CpG-tv	44485	44485	3429.421	654.266049	43725	-8363.409980167753	59249.497166737805	601	1609	726
HepG2_skew	[-0.5,-0.2)	non-cCRE	LOW_FREQ	unknown	149	0	0	0	84	-41.440000355243676	104.38135264141273	0	4	2
HepG2_skew	[-0.5,-0.2)	non-cCRE	RARE	CpG-CGI	1104	1104	1738.872	3695.538656	1095	-481.62499910965573	3890.8657491611166	49	324	167
HepG2_skew	[-0.5,-0.2)	non-cCRE	RARE	CpG-nonCGI	205985	205985	483486.49	1198565.063504	204050	-194175.5078298525	571719.8580305314	693	8251	2528
HepG2_skew	[-0.5,-0.2)	non-cCRE	RARE	non-CpG-ti	118595	118595	19744.79	4831.26878	117166	-11000.451973208226	144303.10123212985	1887	4319	1884
HepG2_skew	[-0.5,-0.2)	non-cCRE	RARE	non-CpG-tv	110267	110267	8760.127	1793.131979	108336	-18287.15897895244	145833.36613463014	1598	4183	2032
HepG2_skew	[-0.5,-0.2)	non-cCRE	RARE	unknown	392	0	0	0	250	-117.644999390468	290.5878169555054	0	29	1
HepG2_skew	[-0.5,-0.2)	non-cCRE	SINGLETON	CpG-CGI	3783	3783	2970.296	4354.243998	3770	432.8930085623871	16235.532053559433	394	1211	1288
HepG2_skew	[-0.5,-0.2)	non-cCRE	SINGLETON	CpG-nonCGI	155237	155237	316606.419	693506.434871	154486	-129441.837856821	385495.8496661188	798	7871	2871
HepG2_skew	[-0.5,-0.2)	non-cCRE	SINGLETON	non-CpG-ti	1079339	1079339	161581.69400000002	32113.751898	1070626	-4987.164800127037	1204222.959902128	20077	37956	17621
HepG2_skew	[-0.5,-0.2)	non-cCRE	SINGLETON	non-CpG-tv	1119514	1119514	68636.86	8243.65164	1106212	-102988.3716566289	1397464.0212622152	18489	39331	18727
HepG2_skew	[-0.5,-0.2)	non-cCRE	SINGLETON	unknown	1102	0	0	0	854	-215.280999953975	717.6390005115712	0	42	29
HepG2_skew	[-0.5,-0.2)	non-cCRE	ULTRARARE	CpG-CGI	4761	4761	6170.241	12018.449093	4745	-1065.4259964056544	17148.182965283984	309	1315	1009
HepG2_skew	[-0.5,-0.2)	non-cCRE	ULTRARARE	CpG-nonCGI	697548	697548	1558497.319	3683722.772769	693390	-635823.0205033387	1875514.7229145882	2650	30352	9814
HepG2_skew	[-0.5,-0.2)	non-cCRE	ULTRARARE	non-CpG-ti	726732	726732	119187.7	27780.75212	718987	-38360.833885923494	854952.8376409771	12483	26177	11803
HepG2_skew	[-0.5,-0.2)	non-cCRE	ULTRARARE	non-CpG-tv	666898	666898	48560.229	8162.440917	656648	-87966.80782477198	857948.9667593912	10358	24260	11821
HepG2_skew	[-0.5,-0.2)	non-cCRE	ULTRARARE	unknown	1115	0	0	0	770	-258.0780002493412	807.0949955219988	1	63	22
HepG2_skew	[-0.5,-0.2)	pELS	COMMON	CpG-CGI	261	261	157.249	185.361503	261	-13.203998795943226	1415.7032336162551	24	108	117
HepG2_skew	[-0.5,-0.2)	pELS	COMMON	CpG-nonCGI	2359	2359	4139.582	8682.54725	2352	-2031.7920032576658	7275.577542268817	32	565	521
HepG2_skew	[-0.5,-0.2)	pELS	COMMON	non-CpG-ti	2878	2878	428.962	88.04225	2873	249.04899948649106	7901.853607719164	199	844	765
HepG2_skew	[-0.5,-0.2)	pELS	COMMON	non-CpG-tv	2714	2714	208.134	36.330096	2704	-281.95200038666377	7269.407066908772	160	858	775
HepG2_skew	[-0.5,-0.2)	pELS	COMMON	unknown	1	0	0	0	1	-0.138999998569489	0.0193209996023178	0	1	0
HepG2_skew	[-0.5,-0.2)	pELS	LOW_FREQ	CpG-CGI	391	391	250.291	312.897165	391	22.23099981725685	1688.617046737893	35	155	200
HepG2_skew	[-0.5,-0.2)	pELS	LOW_FREQ	CpG-nonCGI	3291	3291	6258.283	13698.982267	3286	-3003.678990273735	12058.599545613903	58	703	800
HepG2_skew	[-0.5,-0.2)	pELS	LOW_FREQ	non-CpG-ti	3787	3787	622.728	141.578592	3777	1520.9310035421508	12742.65549960196	402	954	1156
HepG2_skew	[-0.5,-0.2)	pELS	LOW_FREQ	non-CpG-tv	3537	3537	298.195	61.450187	3530	628.370001895237	12005.814312835437	286	956	1150
HepG2_skew	[-0.5,-0.2)	pELS	LOW_FREQ	unknown	14	0	0	0	9	-4.79399999976158	9.988885980330354	0	5	3
HepG2_skew	[-0.5,-0.2)	pELS	RARE	CpG-CGI	1036	1036	747.885	1059.8958069999999	1033	230.0079992715036	4639.646794577218	123	408	469
HepG2_skew	[-0.5,-0.2)	pELS	RARE	CpG-nonCGI	9630	9630	18411.736	40238.148488	9611	-8131.75900249847	35974.790686003704	229	2061	2375
HepG2_skew	[-0.5,-0.2)	pELS	RARE	non-CpG-ti	9708	9708	1598.54	366.848418	9696	3935.8500055986206	34958.64295254533	984	2475	3009
HepG2_skew	[-0.5,-0.2)	pELS	RARE	non-CpG-tv	9341	9341	831.769	179.626065	9316	2675.412992878002	34677.627643453576	908	2485	3161
HepG2_skew	[-0.5,-0.2)	pELS	RARE	unknown	42	0	0	0	38	-8.369999960064897	46.2068834687058	1	19	5
HepG2_skew	[-0.5,-0.2)	pELS	SINGLETON	CpG-CGI	7938	7938	3637.948	2874.01157	7937	4495.244000432547	42587.5754788882	1251	3129	4202
HepG2_skew	[-0.5,-0.2)	pELS	SINGLETON	CpG-nonCGI	16626	16626	22977.299	42005.905325	16619	-7988.6399901493	56738.56295224091	689	4417	4810
HepG2_skew	[-0.5,-0.2)	pELS	SINGLETON	non-CpG-ti	93677	93677	14225.439	2725.878421	93592	55590.00499785914	380900.99196862394	11627	24091	29024
HepG2_skew	[-0.5,-0.2)	pELS	SINGLETON	non-CpG-tv	97248	97248	6612.211	827.114347	97101	40248.28901711643	385016.99056948326	10781	26416	31730
HepG2_skew	[-0.5,-0.2)	pELS	SINGLETON	unknown	129	0	0	0	122	-46.630999820306904	190.2656689771561	0	55	22
HepG2_skew	[-0.5,-0.2)	pELS	ULTRARARE	CpG-CGI	6392	6392	3740.395	4307.734219	6385	2790.019004528063	32192.288603360117	935	2471	3158
HepG2_skew	[-0.5,-0.2)	pELS	ULTRARARE	CpG-nonCGI	41290	41290	74015.612	155227.656628	41234	-30200.0529923198	148670.33255803146	1157	9227	10391
HepG2_skew	[-0.5,-0.2)	pELS	ULTRARARE	non-CpG-ti	61427	61427	10017.604	2165.505548	61350	32401.466981763384	246240.16316824147	7265	15942	19308
HepG2_skew	[-0.5,-0.2)	pELS	ULTRARARE	non-CpG-tv	58445	58445	4647.628	813.722062	58337	22188.63898670919	232521.87149788908	6410	15719	19687
HepG2_skew	[-0.5,-0.2)	pELS	ULTRARARE	unknown	201	0	0	0	194	-51.22299832850693	403.54683202543083	6	93	34
HepG2_skew	[-1.0,-0.5)	Other cCREs	COMMON	CpG-CGI	30	30	55.55	118.484082	30	-19.797999899834405	72.02430203390979	0	9	1
HepG2_skew	[-1.0,-0.5)	Other cCREs	COMMON	CpG-nonCGI	2170	2170	4533.414	10618.76918	2157	-2129.216998362799	6687.367464107868	13	138	265
HepG2_skew	[-1.0,-0.5)	Other cCREs	COMMON	non-CpG-ti	1615	1615	255.082	57.6335	1599	-328.48800021247007	2696.247228159336	35	93	222
HepG2_skew	[-1.0,-0.5)	Other cCREs	COMMON	non-CpG-tv	1352	1352	92.581	11.363401	1346	-372.9719985206613	2142.375001313441	21	79	192
HepG2_skew	[-1.0,-0.5)	Other cCREs	COMMON	unknown	2	0	0	0	2	0.175000004470348	0.01607300066840648	0	0	0
HepG2_skew	[-1.0,-0.5)	Other cCREs	LOW_FREQ	CpG-CGI	48	48	106.029	256.829395	48	-35.95999988168477	104.101063343759	0	14	0
HepG2_skew	[-1.0,-0.5)	Other cCREs	LOW_FREQ	CpG-nonCGI	2789	2789	6466.735	15936.218645	2772	-2669.6640011833506	8370.840867573437	14	118	363
HepG2_skew	[-1.0,-0.5)	Other cCREs	LOW_FREQ	non-CpG-ti	1870	1870	318.013	75.449247	1858	65.71699926210579	2586.0364796250938	51	73	308
HepG2_skew	[-1.0,-0.5)	Other cCREs	LOW_FREQ	non-CpG-tv	1542	1542	111.882	15.532946	1528	-183.56400229537383	2645.03283512733	43	65	274
HepG2_skew	[-1.0,-0.5)	Other cCREs	LOW_FREQ	unknown	4	0	0	0	1	-1.08399999141693	1.17505598139191	0	0	1
HepG2_skew	[-1.0,-0.5)	Other cCREs	RARE	CpG-CGI	121	121	241.239	527.681173	120	-122.99100023182116	493.31918269249644	3	30	6
HepG2_skew	[-1.0,-0.5)	Other cCREs	RARE	CpG-nonCGI	8146	8146	19058.325	47333.343341	8084	-7560.434001706776	23585.892451965286	57	358	1042
HepG2_skew	[-1.0,-0.5)	Other cCREs	RARE	non-CpG-ti	4390	4390	759.426	191.456144	4362	179.565998123493	8086.008583205236	152	163	713
HepG2_skew	[-1.0,-0.5)	Other cCREs	RARE	non-CpG-tv	3870	3870	277.71	38.094612	3832	-306.1789961388569	6864.8154592717565	120	133	602
HepG2_skew	[-1.0,-0.5)	Other cCREs	RARE	unknown	13	0	0	0	9	0.13399999588727807	4.578950093853479	0	0	3
HepG2_skew	[-1.0,-0.5)	Other cCREs	SINGLETON	CpG-CGI	209	209	308.217	568.914805	208	-54.18300024908955	815.1077550316323	11	47	26
HepG2_skew	[-1.0,-0.5)	Other cCREs	SINGLETON	CpG-nonCGI	6344	6344	12754.889	27987.674711	6310	-5166.029997135978	19276.105591615902	80	298	992
HepG2_skew	[-1.0,-0.5)	Other cCREs	SINGLETON	non-CpG-ti	42073	42073	6585.518	1360.04825	41891	6567.517006641603	79694.57404549672	1782	1546	6949
HepG2_skew	[-1.0,-0.5)	Other cCREs	SINGLETON	non-CpG-tv	41407	41407	2611.391	282.602525	41155	-1068.7979874497973	74528.97544857896	1268	1659	6550
HepG2_skew	[-1.0,-0.5)	Other cCREs	SINGLETON	unknown	33	0	0	0	32	-6.325000137090675	20.064551434888454	0	2	6
HepG2_skew	[-1.0,-0.5)	Other cCREs	ULTRARARE	CpG-CGI	443	443	788.921	1667.851905	442	-256.54900066205306	1378.1578351986304	17	101	32
HepG2_skew	[-1.0,-0.5)	Other cCREs	ULTRARARE	CpG-nonCGI	27635	27635	61555.137	146395.854499	27476	-23874.87698756077	79560.84780152669	260	1181	3720
HepG2_skew	[-1.0,-0.5)	Other cCREs	ULTRARARE	non-CpG-ti	28133	28133	4847.41	1188.167048	27971	3239.2360003564986	55924.7702081941	1179	1047	4654
HepG2_skew	[-1.0,-0.5)	Other cCREs	ULTRARARE	non-CpG-tv	24154	24154	1674.828	214.336944	23953	-1463.1389942168034	43361.207846009245	706	948	3862
HepG2_skew	[-1.0,-0.5)	Other cCREs	ULTRARARE	unknown	23	0	0	0	22	-14.580000013113025	87.02000605159722	0	5	7
HepG2_skew	[-1.0,-0.5)	PLS	COMMON	CpG-CGI	45	45	23.301000000000002	23.751733	45	26.254000006243565	342.58206160787375	11	27	26
HepG2_skew	[-1.0,-0.5)	PLS	COMMON	CpG-nonCGI	91	91	147.771	302.816525	91	-54.959999362006826	725.34187601050985	9	36	38
HepG2_skew	[-1.0,-0.5)	PLS	COMMON	non-CpG-ti	163	163	26.094	6.244504	163	189.0050015505404	1230.3610030596565	46	67	74
HepG2_skew	[-1.0,-0.5)	PLS	COMMON	non-CpG-tv	184	184	15.274000000000001	2.394864	184	102.48299900069823	911.4323670507538	27	84	91
HepG2_skew	[-1.0,-0.5)	PLS	LOW_FREQ	CpG-CGI	100	100	55.139	55.746193	100	152.420000165701	1123.9915474125967	29	49	63
HepG2_skew	[-1.0,-0.5)	PLS	LOW_FREQ	CpG-nonCGI	142	142	227.067	454.570913	141	30.80100007727747	1060.5866242360046	22	45	71
HepG2_skew	[-1.0,-0.5)	PLS	LOW_FREQ	non-CpG-ti	267	267	47.922000000000004	12.973922	267	498.9160027651815	2941.6982196412882	99	110	164
HepG2_skew	[-1.0,-0.5)	PLS	LOW_FREQ	non-CpG-tv	322	322	26.924	5.54872	322	407.7379989542534	2614.508853608252	87	141	191
HepG2_skew	[-1.0,-0.5)	PLS	RARE	CpG-CGI	298	298	147.96200000000002	156.093094	298	578.2500010752113	3796.7977688768997	116	137	205
HepG2_skew	[-1.0,-0.5)	PLS	RARE	CpG-nonCGI	434	434	779.401	1670.979255	434	-82.58599981572475	2858.834051457894	53	126	219
HepG2_skew	[-1.0,-0.5)	PLS	RARE	non-CpG-ti	752	752	133.802	32.991848	751	1621.0110022295262	10455.228196725515	300	299	456
HepG2_skew	[-1.0,-0.5)	PLS	RARE	non-CpG-tv	899	899	73.702	10.076464	899	1529.676996441093	9943.742925923312	295	340	570
HepG2_skew	[-1.0,-0.5)	PLS	RARE	unknown	1	0	0	0	1	-0.508000016212463	0.258064016471863	0	1	0
HepG2_skew	[-1.0,-0.5)	PLS	SINGLETON	CpG-CGI	2576	2576	1154.603	881.973679	2576	6504.787000378594	43478.62198226206	1164	1117	1733
HepG2_skew	[-1.0,-0.5)	PLS	SINGLETON	CpG-nonCGI	1144	1144	1287.376	2173.434328	1144	1053.620998618892	10983.700231024091	263	380	687
HepG2_skew	[-1.0,-0.5)	PLS	SINGLETON	non-CpG-ti	8379	8379	1389.434	302.360232	8375	22009.48999934946	136246.38840511668	3809	3133	5182
HepG2_skew	[-1.0,-0.5)	PLS	SINGLETON	non-CpG-tv	10736	10736	781.828	90.274974	10730	23091.935986801043	146967.66985654438	4209	4152	6666
HepG2_skew	[-1.0,-0.5)	PLS	SINGLETON	unknown	8	0	0	0	8	-2.714999899268158	129.8353761306825	0	3	4
HepG2_skew	[-1.0,-0.5)	PLS	ULTRARARE	CpG-CGI	1872	1872	895.865	792.201941	1872	4525.82900829497	30647.71499796411	807	803	1261
HepG2_skew	[-1.0,-0.5)	PLS	ULTRARARE	CpG-nonCGI	2297	2297	3636.155	7283.212773	2295	837.1769960287502	17276.789465715327	356	696	1210
HepG2_skew	[-1.0,-0.5)	PLS	ULTRARARE	non-CpG-ti	5574	5574	997.469	246.616651	5573	13556.846993047518	84279.54798543334	2371	2047	3379
HepG2_skew	[-1.0,-0.5)	PLS	ULTRARARE	non-CpG-tv	6263	6263	492.876	64.46856	6257	12538.63899558573	80968.8245950999	2311	2419	3915
HepG2_skew	[-1.0,-0.5)	PLS	ULTRARARE	unknown	13	0	0	0	13	-6.287000000476839	29.107668532609665	0	12	2
HepG2_skew	[-1.0,-0.5)	dELS	COMMON	CpG-CGI	80	80	109.62100000000001	207.117281	80	-60.385000719688826	241.07830414967538	3	24	26
HepG2_skew	[-1.0,-0.5)	dELS	COMMON	CpG-nonCGI	5524	5524	11051.766	24929.879394	5516	-5461.829003351044	19598.547984523782	69	626	1635
HepG2_skew	[-1.0,-0.5)	dELS	COMMON	non-CpG-ti	4511	4511	716.5840000000001	172.087684	4505	-294.0190010817023	11455.854955407272	239	553	1322
HepG2_skew	[-1.0,-0.5)	dELS	COMMON	non-CpG-tv	3662	3662	237.412	29.46376	3653	-669.7100004703971	8394.264436013938	137	459	1093
HepG2_skew	[-1.0,-0.5)	dELS	COMMON	unknown	5	0	0	0	4	-2.59800011664629	4.04391431200958	0	0	2
HepG2_skew	[-1.0,-0.5)	dELS	LOW_FREQ	CpG-CGI	113	113	183.428	389.13589	113	-69.22399909608063	307.14587454329643	5	31	34
HepG2_skew	[-1.0,-0.5)	dELS	LOW_FREQ	CpG-nonCGI	7785	7785	17078.236	40394.071692	7762	-7026.945997098809	29306.548467918186	150	768	2503
HepG2_skew	[-1.0,-0.5)	dELS	LOW_FREQ	non-CpG-ti	5384	5384	872.203	206.338799	5376	1421.638997534174	17041.24382553675	418	470	1696
HepG2_skew	[-1.0,-0.5)	dELS	LOW_FREQ	non-CpG-tv	4431	4431	298.994	41.172888	4423	348.0579972186824	13348.679956626964	282	446	1489
HepG2_skew	[-1.0,-0.5)	dELS	LOW_FREQ	unknown	4	0	0	0	4	-2.908000029623511	5.990078140193341	0	2	0
HepG2_skew	[-1.0,-0.5)	dELS	RARE	CpG-CGI	359	359	597.684	1266.5062679999999	358	-240.08200036350172	1989.4481058825452	19	90	106
HepG2_skew	[-1.0,-0.5)	dELS	RARE	CpG-nonCGI	22992	22992	50521.758	119793.391914	22948	-19635.706009441532	84797.89554698345	511	2324	7464
HepG2_skew	[-1.0,-0.5)	dELS	RARE	non-CpG-ti	13482	13482	2227.898	540.1851	13458	4418.564996608066	44615.92066902125	1196	1285	4515
HepG2_skew	[-1.0,-0.5)	dELS	RARE	non-CpG-tv	11219	11219	779.017	114.185337	11190	1518.9300001997037	32729.64118560953	815	1112	3885
HepG2_skew	[-1.0,-0.5)	dELS	RARE	unknown	10	0	0	0	9	-8.159999787807463	45.55720508233145	0	1	3
HepG2_skew	[-1.0,-0.5)	dELS	SINGLETON	CpG-CGI	1111	1111	1044.239	1641.569451	1108	300.03300110227434	6636.7149519685645	154	265	493
HepG2_skew	[-1.0,-0.5)	dELS	SINGLETON	CpG-nonCGI	22675	22675	43346.218	92266.973532	22658	-15834.040999637455	88874.70151070807	792	2421	7973
HepG2_skew	[-1.0,-0.5)	dELS	SINGLETON	non-CpG-ti	131005	131005	19516.903	3844.723037	130814	62219.27593615385	487667.3705278021	13456	12373	44959
HepG2_skew	[-1.0,-0.5)	dELS	SINGLETON	non-CpG-tv	124804	124804	7422.352	766.715268	124545	29660.764998568688	416171.0523494513	10170	12141	42744
HepG2_skew	[-1.0,-0.5)	dELS	SINGLETON	unknown	29	0	0	0	27	-8.383000165224065	23.76548048309114	0	2	12
HepG2_skew	[-1.0,-0.5)	dELS	ULTRARARE	CpG-CGI	1616	1616	2388.633	4768.197619	1613	-441.80299916607333	8531.083372199193	142	374	557
HepG2_skew	[-1.0,-0.5)	dELS	ULTRARARE	CpG-nonCGI	89209	89209	188157.03399999999	429514.405754	89060	-72552.4789839974	340803.8410485363	2375	9338	29872
HepG2_skew	[-1.0,-0.5)	dELS	ULTRARARE	non-CpG-ti	84939	84939	13916.581	3263.866715	84795	34056.095960598206	308170.7067050049	8272	8003	28892
HepG2_skew	[-1.0,-0.5)	dELS	ULTRARARE	non-CpG-tv	72077	72077	4822.792	628.332648	71925	13268.840990973404	235286.85922145343	5562	6962	24977
HepG2_skew	[-1.0,-0.5)	dELS	ULTRARARE	unknown	42	0	0	0	41	-19.740000203251835	59.496696302617444	0	9	9
HepG2_skew	[-1.0,-0.5)	non-cCRE	COMMON	CpG-CGI	48	48	72.52	147.03633200000002	47	-25.630000401288278	147.8813154021167	1	12	6
HepG2_skew	[-1.0,-0.5)	non-cCRE	COMMON	CpG-nonCGI	12102	12102	25969.485	62196.105609	12018	-11905.473991450272	34285.14762504691	35	556	175
HepG2_skew	[-1.0,-0.5)	non-cCRE	COMMON	non-CpG-ti	7659	7659	1285.89	327.466692	7580	-2528.1779959003907	11695.545138302468	79	340	138
HepG2_skew	[-1.0,-0.5)	non-cCRE	COMMON	non-CpG-tv	6541	6541	426.414	54.265842	6476	-2366.8429981335066	9875.233652451425	61	337	137
HepG2_skew	[-1.0,-0.5)	non-cCRE	COMMON	unknown	10	0	0	0	10	-13.47100028395653	66.45258648837044	0	1	0
HepG2_skew	[-1.0,-0.5)	non-cCRE	LOW_FREQ	CpG-CGI	89	89	152.308	339.392298	88	-35.63500003563243	345.3703411054517	4	23	8
HepG2_skew	[-1.0,-0.5)	non-cCRE	LOW_FREQ	CpG-nonCGI	15740	15740	37710.301	95320.885655	15627	-15445.336994881272	45624.525349358104	54	597	216
HepG2_skew	[-1.0,-0.5)	non-cCRE	LOW_FREQ	non-CpG-ti	8251	8251	1489.9470000000001	405.238787	8143	-922.4379989022859	10113.64939364134	118	319	171
HepG2_skew	[-1.0,-0.5)	non-cCRE	LOW_FREQ	non-CpG-tv	7002	7002	465.363	58.727349	6894	-1582.9369972018756	10179.686021304233	78	270	165
HepG2_skew	[-1.0,-0.5)	non-cCRE	LOW_FREQ	unknown	33	0	0	0	19	-12.473000168800352	32.83399011071779	0	0	0
HepG2_skew	[-1.0,-0.5)	non-cCRE	RARE	CpG-CGI	236	236	423.29	952.83334	228	-152.27599886397365	888.4588480603587	8	64	30
HepG2_skew	[-1.0,-0.5)	non-cCRE	RARE	CpG-nonCGI	46183	46183	111278.792	282253.800066	45810	-44372.56496106042	130117.6932690359	142	1901	775
HepG2_skew	[-1.0,-0.5)	non-cCRE	RARE	non-CpG-ti	19881	19881	3641.401	1006.405943	19640	-1832.0869894417694	25369.87716874602	327	800	411
HepG2_skew	[-1.0,-0.5)	non-cCRE	RARE	non-CpG-tv	17000	17000	1167.935	160.971825	16743	-3319.8409903707206	23573.33888856738	220	742	419
HepG2_skew	[-1.0,-0.5)	non-cCRE	RARE	unknown	50	0	0	0	38	-12.492999725043783	29.561027759446915	0	0	0
HepG2_skew	[-1.0,-0.5)	non-cCRE	SINGLETON	CpG-CGI	782	782	675.611	1057.249575	780	368.8099979965482	4852.999698701302	118	284	287
HepG2_skew	[-1.0,-0.5)	non-cCRE	SINGLETON	CpG-nonCGI	32939	32939	68566.302	153524.51499999998	32804	-27282.998972643523	85892.08115809663	184	1832	895
HepG2_skew	[-1.0,-0.5)	non-cCRE	SINGLETON	non-CpG-ti	175824	175824	28166.777000000002	6093.725255	174239	847.6190303694464	201890.94957941616	3251	6727	4219
HepG2_skew	[-1.0,-0.5)	non-cCRE	SINGLETON	non-CpG-tv	180299	180299	10916.516	1138.468596	178361	-21465.0529350593	238394.5499027329	2860	7682	4404
HepG2_skew	[-1.0,-0.5)	non-cCRE	SINGLETON	unknown	135	0	0	0	108	-21.520000107586387	133.47238640729338	2	14	3
HepG2_skew	[-1.0,-0.5)	non-cCRE	ULTRARARE	CpG-CGI	1112	1112	1551.43	3100.537378	1106	-168.31500399461962	5439.421652608516	100	329	240
HepG2_skew	[-1.0,-0.5)	non-cCRE	ULTRARARE	CpG-nonCGI	152263	152263	349403.217	847294.967503	151510	-139878.35187634063	420834.19118781755	614	6865	3027
HepG2_skew	[-1.0,-0.5)	non-cCRE	ULTRARARE	non-CpG-ti	120927	120927	21670.951	5642.508595	119606	-6212.474959013286	148377.49999162793	2056	4761	2747
HepG2_skew	[-1.0,-0.5)	non-cCRE	ULTRARARE	non-CpG-tv	106551	106551	7117.693	887.917517	105164	-16898.31195213285	144417.00771773566	1568	4647	2643
HepG2_skew	[-1.0,-0.5)	non-cCRE	ULTRARARE	unknown	147	0	0	0	116	-28.397000145167112	260.61122621902524	6	8	2
HepG2_skew	[-1.0,-0.5)	pELS	COMMON	CpG-CGI	48	48	33.483	45.042093	48	-14.566000334918497	150.00720403167247	4	20	22
HepG2_skew	[-1.0,-0.5)	pELS	COMMON	CpG-nonCGI	622	622	1087.31	2277.4656919999998	621	-579.10999723617	2259.978526771103	11	163	197
HepG2_skew	[-1.0,-0.5)	pELS	COMMON	non-CpG-ti	652	652	101.402	22.638036	651	176.98399902868553	2955.29374143666	66	209	235
HepG2_skew	[-1.0,-0.5)	pELS	COMMON	non-CpG-tv	575	575	40.282	5.675768	575	-40.176999641815215	1266.5893493698197	28	159	217
HepG2_skew	[-1.0,-0.5)	pELS	COMMON	unknown	1	0	0	0	1	0.133000001311302	0.0176890003488064	0	1	0
HepG2_skew	[-1.0,-0.5)	pELS	LOW_FREQ	CpG-CGI	73	73	43.686	47.265082	73	36.212999448180234	368.0290662649375	11	33	41
HepG2_skew	[-1.0,-0.5)	pELS	LOW_FREQ	CpG-nonCGI	917	917	1780.936	3950.385288	915	-783.6499996571806	3609.1065692601524	21	187	288
HepG2_skew	[-1.0,-0.5)	pELS	LOW_FREQ	non-CpG-ti	775	775	134.302	34.388889999999996	773	508.5089991542044	4099.918435744517	105	172	329
HepG2_skew	[-1.0,-0.5)	pELS	LOW_FREQ	non-CpG-tv	766	766	57.526	8.179182	763	236.07400036696353	3396.9794631155737	84	225	326
HepG2_skew	[-1.0,-0.5)	pELS	RARE	CpG-CGI	243	243	166.449	231.018999	243	176.02999957418058	1491.500945441807	41	107	125
HepG2_skew	[-1.0,-0.5)	pELS	RARE	CpG-nonCGI	2559	2559	4979.784	11065.116398	2556	-1901.9010032163937	9793.848612921216	74	564	886
HepG2_skew	[-1.0,-0.5)	pELS	RARE	non-CpG-ti	1972	1972	339.173	85.120017	1970	1408.8789995821428	10524.098482515645	313	540	770
HepG2_skew	[-1.0,-0.5)	pELS	RARE	non-CpG-tv	1917	1917	151.922	25.31101	1911	1116.3909971097023	9376.728696866729	264	518	776
HepG2_skew	[-1.0,-0.5)	pELS	RARE	unknown	12	0	0	0	12	-1.377000050619243	9.587759575370324	0	4	1
HepG2_skew	[-1.0,-0.5)	pELS	SINGLETON	CpG-CGI	1916	1916	908.722	736.489212	1916	2302.6430022767745	18182.53972902875	496	779	1101
HepG2_skew	[-1.0,-0.5)	pELS	SINGLETON	CpG-nonCGI	4317	4317	6095.968	11311.704258	4315	-1405.4809992036312	18786.954320348726	298	1148	1638
HepG2_skew	[-1.0,-0.5)	pELS	SINGLETON	non-CpG-ti	20260	20260	3149.056	642.326106	20235	19875.91299737967	134064.71930696038	3806	5384	8478
HepG2_skew	[-1.0,-0.5)	pELS	SINGLETON	non-CpG-tv	21998	21998	1450.78	161.831342	21961	16133.445000707876	129383.67963477349	3568	6121	9448
HepG2_skew	[-1.0,-0.5)	pELS	SINGLETON	unknown	23	0	0	0	22	5.489000052213712	127.05321107193346	4	8	2
HepG2_skew	[-1.0,-0.5)	pELS	ULTRARARE	CpG-CGI	1518	1518	905.645	1049.591979	1518	1356.587999465759	12561.819111609071	310	617	792
HepG2_skew	[-1.0,-0.5)	pELS	ULTRARARE	CpG-nonCGI	11216	11216	20494.567	43582.095665	11200	-6856.091998290037	45127.79413646913	489	2548	3994
HepG2_skew	[-1.0,-0.5)	pELS	ULTRARARE	non-CpG-ti	13402	13402	2277.037	541.683777	13385	11642.493993854845	81860.36674254031	2332	3543	5604
HepG2_skew	[-1.0,-0.5)	pELS	ULTRARARE	non-CpG-tv	12559	12559	917.657	125.828059	12518	8147.14900228195	68314.76250643132	1875	3586	5487
HepG2_skew	[-1.0,-0.5)	pELS	ULTRARARE	unknown	39	0	0	0	38	-10.915999811142687	72.23632498648527	1	10	4
HepG2_skew	[-1.5,-1.0)	Other cCREs	COMMON	CpG-CGI	4	4	7.112	12.90461	4	-0.17100001871585802	0.3665650055384639	0	1	1
HepG2_skew	[-1.5,-1.0)	Other cCREs	COMMON	CpG-nonCGI	429	429	919.027	2197.392849	427	-369.55799942277355	1058.861548567752	2	22	50
HepG2_skew	[-1.5,-1.0)	Other cCREs	COMMON	non-CpG-ti	271	271	41.906	8.761778	271	-31.40700022783131	359.61857487032546	6	13	44
HepG2_skew	[-1.5,-1.0)	Other cCREs	COMMON	non-CpG-tv	229	229	14.946	1.736756	228	-96.61900068400429	473.47616077801604	3	19	33
HepG2_skew	[-1.5,-1.0)	Other cCREs	LOW_FREQ	CpG-CGI	3	3	3.926	5.511684	3	-1.5040000230073982	3.1068220732777143	0	2	0
HepG2_skew	[-1.5,-1.0)	Other cCREs	LOW_FREQ	CpG-nonCGI	590	590	1417.445	3615.097559	584	-561.9540011202918	1881.3086265939273	5	20	62
HepG2_skew	[-1.5,-1.0)	Other cCREs	LOW_FREQ	non-CpG-ti	332	332	63.275	17.853333	330	-19.86899954080585	482.41596074820643	9	10	60
HepG2_skew	[-1.5,-1.0)	Other cCREs	LOW_FREQ	non-CpG-tv	281	281	18.961	2.021235	278	-51.33900074474517	365.0615341840235	4	14	57
HepG2_skew	[-1.5,-1.0)	Other cCREs	LOW_FREQ	unknown	1	0	0	0	1	0	0	0	0	0
HepG2_skew	[-1.5,-1.0)	Other cCREs	RARE	CpG-CGI	10	10	21.936999999999998	54.496435	9	-8.349999904632567	76.10555458154303	2	2	0
HepG2_skew	[-1.5,-1.0)	Other cCREs	RARE	CpG-nonCGI	1663	1663	3960.208	9976.191028	1647	-1401.309000056703	4507.673497310135	14	68	225
HepG2_skew	[-1.5,-1.0)	Other cCREs	RARE	non-CpG-ti	767	767	138.308	36.96134	760	-33.84299927961551	953.4315730213759	19	35	123
HepG2_skew	[-1.5,-1.0)	Other cCREs	RARE	non-CpG-tv	697	697	44.99	4.953446	687	-90.77099953370636	1381.9030798191745	14	34	113
HepG2_skew	[-1.5,-1.0)	Other cCREs	RARE	unknown	1	0	0	0	1	-1.92900002002716	3.72104107726479	0	0	0
HepG2_skew	[-1.5,-1.0)	Other cCREs	SINGLETON	CpG-CGI	38	38	56.295	106.620017	36	-11.43400053679943	171.74253793501842	2	1	10
HepG2_skew	[-1.5,-1.0)	Other cCREs	SINGLETON	CpG-nonCGI	1439	1439	3023.221	6878.983475	1429	-971.5640002633446	3281.465916259035	12	68	207
HepG2_skew	[-1.5,-1.0)	Other cCREs	SINGLETON	non-CpG-ti	7497	7497	1160.833	234.421601	7452	793.4110033396867	10255.963462768472	225	290	1301
HepG2_skew	[-1.5,-1.0)	Other cCREs	SINGLETON	non-CpG-tv	7361	7361	442.52	43.946042	7306	-630.0070013145453	11663.545241131622	176	279	1206
HepG2_skew	[-1.5,-1.0)	Other cCREs	SINGLETON	unknown	2	0	0	0	2	-3.22899997234345	5.21650090830231	0	0	1
HepG2_skew	[-1.5,-1.0)	Other cCREs	ULTRARARE	CpG-CGI	56	56	110.528	252.553444	50	-13.361999154090839	349.5720224922501	4	12	4
HepG2_skew	[-1.5,-1.0)	Other cCREs	ULTRARARE	CpG-nonCGI	5858	5858	13494.342	33020.520278	5832	-5021.18798979267	16349.646586241997	49	264	683
HepG2_skew	[-1.5,-1.0)	Other cCREs	ULTRARARE	non-CpG-ti	5010	5010	870.329	208.468033	4976	260.49900266295305	8453.011572226686	149	188	824
HepG2_skew	[-1.5,-1.0)	Other cCREs	ULTRARARE	non-CpG-tv	4224	4224	275.086	30.837322	4176	-699.3659961178201	7050.973432560928	84	177	702
HepG2_skew	[-1.5,-1.0)	PLS	COMMON	CpG-CGI	4	4	3.643	6.831945	4	7.6029998362064415	42.08270493294529	1	2	2
HepG2_skew	[-1.5,-1.0)	PLS	COMMON	CpG-nonCGI	27	27	54.798	130.80309	27	-13.754999890923512	221.79397631067226	3	11	12
HepG2_skew	[-1.5,-1.0)	PLS	COMMON	non-CpG-ti	24	24	4.328	1.143954	23	40.7889995290898	300.5810888328287	7	12	14
HepG2_skew	[-1.5,-1.0)	PLS	COMMON	non-CpG-tv	31	31	1.958	0.169598	31	21.358999580144882	200.69378055253276	7	13	13
HepG2_skew	[-1.5,-1.0)	PLS	LOW_FREQ	CpG-CGI	22	22	12.164	12.169497999999999	22	36.79099954664707	287.58757367404905	7	12	15
HepG2_skew	[-1.5,-1.0)	PLS	LOW_FREQ	CpG-nonCGI	36	36	67.449	148.587317	35	29.725999802351055	388.23031906548135	9	11	23
HepG2_skew	[-1.5,-1.0)	PLS	LOW_FREQ	non-CpG-ti	45	45	7.378	1.491732	45	85.51800023764376	494.4415781212245	14	11	31
HepG2_skew	[-1.5,-1.0)	PLS	LOW_FREQ	non-CpG-tv	59	59	4.409	0.46564700000000003	59	52.94700021948671	524.8021463760568	13	16	38
HepG2_skew	[-1.5,-1.0)	PLS	LOW_FREQ	unknown	1	0	0	0	1	1.93900001049042	3.75972104068184	0	0	0
HepG2_skew	[-1.5,-1.0)	PLS	RARE	CpG-CGI	46	46	27.227	32.293709	46	164.1269995402545	1015.3101704524023	29	22	29
HepG2_skew	[-1.5,-1.0)	PLS	RARE	CpG-nonCGI	107	107	190.53	404.02186	107	63.55999995116148	854.446001134924	19	33	60
HepG2_skew	[-1.5,-1.0)	PLS	RARE	non-CpG-ti	123	123	19.371	3.876397	123	281.6040014575701	2040.7345020108219	49	48	80
HepG2_skew	[-1.5,-1.0)	PLS	RARE	non-CpG-tv	148	148	10.12	1.06992	148	308.3439998016694	1980.4981161700532	52	59	85
HepG2_skew	[-1.5,-1.0)	PLS	SINGLETON	CpG-CGI	567	567	252.278	207.276976	567	2227.7350002061576	15762.26695342858	369	252	437
HepG2_skew	[-1.5,-1.0)	PLS	SINGLETON	CpG-nonCGI	292	292	370.559	661.281221	292	360.18599999323493	3047.1033077545994	75	82	174
HepG2_skew	[-1.5,-1.0)	PLS	SINGLETON	non-CpG-ti	1728	1728	272.492	55.324992	1726	5935.865991158995	38355.38807102198	973	664	1132
HepG2_skew	[-1.5,-1.0)	PLS	SINGLETON	non-CpG-tv	2047	2047	143.629	15.740003	2045	6323.51499455457	41438.07730369461	1061	791	1365
HepG2_skew	[-1.5,-1.0)	PLS	SINGLETON	unknown	1	0	0	0	1	3.45700001716614	11.9508491186867	1	0	0
HepG2_skew	[-1.5,-1.0)	PLS	ULTRARARE	CpG-CGI	400	400	201.997	196.42656499999998	400	1392.0590003840634	9908.290365618393	229	206	286
HepG2_skew	[-1.5,-1.0)	PLS	ULTRARARE	CpG-nonCGI	538	538	901.341	1860.998321	538	410.80699978861963	5014.064005165266	119	147	312
HepG2_skew	[-1.5,-1.0)	PLS	ULTRARARE	non-CpG-ti	1114	1114	186.592	41.83226	1112	3488.361998102162	22447.45988939871	580	414	729
HepG2_skew	[-1.5,-1.0)	PLS	ULTRARARE	non-CpG-tv	1173	1173	87.456	10.401004	1172	3135.051994795679	21051.304190562914	564	468	778
HepG2_skew	[-1.5,-1.0)	dELS	COMMON	CpG-CGI	14	14	21.811	44.831145	14	-27.815000401809822	186.16573844895774	0	6	3
HepG2_skew	[-1.5,-1.0)	dELS	COMMON	CpG-nonCGI	1194	1194	2444.444	5662.221146	1191	-1182.3069997408893	4126.33596058272	11	139	360
HepG2_skew	[-1.5,-1.0)	dELS	COMMON	non-CpG-ti	799	799	121.25999999999999	26.055552	799	59.885999984340806	2363.4308711953054	56	97	295
HepG2_skew	[-1.5,-1.0)	dELS	COMMON	non-CpG-tv	663	663	40.457	4.272691	661	-38.82200034474945	1279.3320790465834	33	81	262
HepG2_skew	[-1.5,-1.0)	dELS	LOW_FREQ	CpG-CGI	10	10	16.161	30.469685	10	-5.7969999313354474	38.49053438040261	1	1	2
HepG2_skew	[-1.5,-1.0)	dELS	LOW_FREQ	CpG-nonCGI	1680	1680	3841.328	9390.552882	1679	-1375.5029969313189	5903.0714161467895	30	175	586
HepG2_skew	[-1.5,-1.0)	dELS	LOW_FREQ	non-CpG-ti	1021	1021	160.222	36.37589	1020	277.4940019861097	2926.369486324356	79	97	414
HepG2_skew	[-1.5,-1.0)	dELS	LOW_FREQ	non-CpG-tv	755	755	46.948	5.204642	753	38.589998168637855	2215.9193361850394	53	64	294
HepG2_skew	[-1.5,-1.0)	dELS	RARE	CpG-CGI	58	58	111.606	257.978326	58	-30.597000021487414	310.22243595618613	5	16	14
HepG2_skew	[-1.5,-1.0)	dELS	RARE	CpG-nonCGI	4985	4985	11300.653	27414.181429	4975	-4144.262999422382	18092.38937192123	125	513	1694
HepG2_skew	[-1.5,-1.0)	dELS	RARE	non-CpG-ti	2451	2451	401.76	97.999112	2445	1117.3340003655758	8478.160948998213	238	236	994
HepG2_skew	[-1.5,-1.0)	dELS	RARE	non-CpG-tv	2064	2064	124.856	13.647566000000001	2058	226.4789979113267	5925.876418191302	141	202	835
HepG2_skew	[-1.5,-1.0)	dELS	RARE	unknown	1	0	0	0	1	-0.217999994754791	0.047523997713089	0	0	0
HepG2_skew	[-1.5,-1.0)	dELS	SINGLETON	CpG-CGI	199	199	195.573	322.608509	199	67.26599875092506	1519.4978172407561	37	54	108
HepG2_skew	[-1.5,-1.0)	dELS	SINGLETON	CpG-nonCGI	4783	4783	9550.461	21163.179071	4779	-2962.3829975581034	17037.161777199657	179	525	1728
HepG2_skew	[-1.5,-1.0)	dELS	SINGLETON	non-CpG-ti	24510	24510	3572.508	684.78266	24466	13646.047989143872	97914.85715255616	2739	2264	10283
HepG2_skew	[-1.5,-1.0)	dELS	SINGLETON	non-CpG-tv	22629	22629	1276.053	117.485939	22591	5372.319004695165	78807.9369715837	1892	2148	9393
HepG2_skew	[-1.5,-1.0)	dELS	SINGLETON	unknown	5	0	0	0	5	2.204000025987625	1.079386034823895	0	0	2
HepG2_skew	[-1.5,-1.0)	dELS	ULTRARARE	CpG-CGI	296	296	427.561	854.094165	296	-41.7260007173755	1861.0302946749057	32	65	111
HepG2_skew	[-1.5,-1.0)	dELS	ULTRARARE	CpG-nonCGI	18900	18900	41439.192	97620.078286	18877	-13754.181000676357	69872.27394163464	608	1966	6701
HepG2_skew	[-1.5,-1.0)	dELS	ULTRARARE	non-CpG-ti	15818	15818	2537.802	579.929324	15791	7511.63098766771	59757.23359451421	1595	1495	6618
HepG2_skew	[-1.5,-1.0)	dELS	ULTRARARE	non-CpG-tv	12797	12797	763.982	77.755674	12769	2729.7770054123844	42917.604627377084	1028	1231	5191
HepG2_skew	[-1.5,-1.0)	dELS	ULTRARARE	unknown	1	0	0	0	1	0.061999998986721	0.00384399987435341	0	0	0
HepG2_skew	[-1.5,-1.0)	non-cCRE	COMMON	CpG-CGI	8	8	14.886	29.841148	8	-1.3549999855458768	5.467331071786817	0	2	0
HepG2_skew	[-1.5,-1.0)	non-cCRE	COMMON	CpG-nonCGI	3271	3271	7139.311	17273.803797	3252	-3129.9279985921476	8902.157983734025	10	149	40
HepG2_skew	[-1.5,-1.0)	non-cCRE	COMMON	non-CpG-ti	1356	1356	225.63299999999998	51.284237	1339	-224.74100027361425	1330.3660419186685	13	65	27
HepG2_skew	[-1.5,-1.0)	non-cCRE	COMMON	non-CpG-tv	1132	1132	66.324	5.848888	1120	-412.50599942507694	1647.2900651433777	9	59	22
HepG2_skew	[-1.5,-1.0)	non-cCRE	COMMON	unknown	3	0	0	0	3	-1.030999943614005	1.4279408641305047	0	2	0
HepG2_skew	[-1.5,-1.0)	non-cCRE	LOW_FREQ	CpG-CGI	15	15	25.657	51.467095	15	-10.188999794423585	52.76442985481542	1	2	0
HepG2_skew	[-1.5,-1.0)	non-cCRE	LOW_FREQ	CpG-nonCGI	4411	4411	10744.725	27423.097475	4384	-4127.927994298051	11961.599175288491	16	181	67
HepG2_skew	[-1.5,-1.0)	non-cCRE	LOW_FREQ	non-CpG-ti	1594	1594	271.871	63.707641	1583	-26.195001787156702	1530.1589441834187	23	77	38
HepG2_skew	[-1.5,-1.0)	non-cCRE	LOW_FREQ	non-CpG-tv	1322	1322	78.192	7.788824	1306	-351.3789990467486	1720.925699975925	12	51	28
HepG2_skew	[-1.5,-1.0)	non-cCRE	LOW_FREQ	unknown	2	0	0	0	2	0.192999996244907	0.112368995326519	0	0	0
HepG2_skew	[-1.5,-1.0)	non-cCRE	RARE	CpG-CGI	46	46	80.901	172.407327	45	-18.25800020981115	243.36676221289957	3	11	5
HepG2_skew	[-1.5,-1.0)	non-cCRE	RARE	CpG-nonCGI	13036	13036	32102.434	82632.664704	12956	-11830.210985568005	33102.927398729706	32	592	177
HepG2_skew	[-1.5,-1.0)	non-cCRE	RARE	non-CpG-ti	3895	3895	687.881	165.111401	3845	-3.5890001218066905	3678.4652892330428	52	185	73
HepG2_skew	[-1.5,-1.0)	non-cCRE	RARE	non-CpG-tv	3345	3345	201.004	21.086958	3304	-713.9139965312789	4271.5212617874	44	143	68
HepG2_skew	[-1.5,-1.0)	non-cCRE	RARE	unknown	8	0	0	0	8	-5.1460001617670015	19.557375474257274	0	1	0
HepG2_skew	[-1.5,-1.0)	non-cCRE	SINGLETON	CpG-CGI	143	143	134.336	211.13119799999998	143	131.14000035449862	1732.2014956068483	33	52	54
HepG2_skew	[-1.5,-1.0)	non-cCRE	SINGLETON	CpG-nonCGI	8833	8833	18989.786	43938.993668	8807	-7006.4989880475905	20841.253363845604	45	486	207
HepG2_skew	[-1.5,-1.0)	non-cCRE	SINGLETON	non-CpG-ti	33948	33948	5482.7300000000005	1119.314176	33594	1384.8820147030062	31306.331475152187	499	1420	769
HepG2_skew	[-1.5,-1.0)	non-cCRE	SINGLETON	non-CpG-tv	34114	34114	1934.946	180.626114	33813	-4568.997976705201	42312.11717131346	445	1577	811
HepG2_skew	[-1.5,-1.0)	non-cCRE	SINGLETON	unknown	32	0	0	0	29	-6.900000005960465	13.505089980725069	0	2	0
HepG2_skew	[-1.5,-1.0)	non-cCRE	ULTRARARE	CpG-CGI	173	173	234.973	474.812291	171	96.89400056365417	1562.32535923088	38	58	44
HepG2_skew	[-1.5,-1.0)	non-cCRE	ULTRARARE	CpG-nonCGI	41907	41907	98473.154	243767.54279	41784	-37269.425958341344	108841.33110860901	150	1965	668
HepG2_skew	[-1.5,-1.0)	non-cCRE	ULTRARARE	non-CpG-ti	23849	23849	4212.843	991.581447	23579	5.367021311540191	21061.98484150008	301	991	513
HepG2_skew	[-1.5,-1.0)	non-cCRE	ULTRARARE	non-CpG-tv	20011	20011	1201.663	122.710043	19751	-3574.6569839535523	24686.870058164204	219	896	472
HepG2_skew	[-1.5,-1.0)	non-cCRE	ULTRARARE	unknown	29	0	0	0	28	-12.693000193685291	54.35088511087131	0	3	0
HepG2_skew	[-1.5,-1.0)	pELS	COMMON	CpG-CGI	6	6	1.963	0.711287	6	3.9670001640915844	27.968241570663107	1	4	3
HepG2_skew	[-1.5,-1.0)	pELS	COMMON	CpG-nonCGI	115	115	198.942	419.307352	115	-128.52500043157494	452.33016671209083	0	27	38
HepG2_skew	[-1.5,-1.0)	pELS	COMMON	non-CpG-ti	122	122	18.26	4.369284	122	15.100001669488824	559.6309781169138	11	37	49
HepG2_skew	[-1.5,-1.0)	pELS	COMMON	non-CpG-tv	93	93	6.481	0.692725	92	3.703000241890552	312.9358364155591	7	33	38
HepG2_skew	[-1.5,-1.0)	pELS	LOW_FREQ	CpG-CGI	11	11	8.922	12.691888	11	-0.8329999856650878	60.3256546930019	2	5	5
HepG2_skew	[-1.5,-1.0)	pELS	LOW_FREQ	CpG-nonCGI	183	183	373.853	853.572389	182	-121.42400004947558	612.292613677599	6	50	58
HepG2_skew	[-1.5,-1.0)	pELS	LOW_FREQ	non-CpG-ti	145	145	25.139	6.039889	145	95.5000003431924	730.7585928690726	21	38	70
HepG2_skew	[-1.5,-1.0)	pELS	LOW_FREQ	non-CpG-tv	116	116	7.966	0.801436	116	43.861999586224556	440.54642488716917	13	25	52
HepG2_skew	[-1.5,-1.0)	pELS	RARE	CpG-CGI	41	41	29.502	38.3581	41	47.03599900379776	492.86895608611997	14	18	28
HepG2_skew	[-1.5,-1.0)	pELS	RARE	CpG-nonCGI	529	529	1064.38	2384.915926	528	-339.13399891369045	2338.8887376328516	27	120	159
HepG2_skew	[-1.5,-1.0)	pELS	RARE	non-CpG-ti	276	276	43.81	10.053562	276	173.38000215962523	1339.3806007698256	37	88	132
HepG2_skew	[-1.5,-1.0)	pELS	RARE	non-CpG-tv	338	338	21.176	2.163694	337	276.7089999304153	2271.89397191117	59	107	162
HepG2_skew	[-1.5,-1.0)	pELS	RARE	unknown	1	0	0	0	1	-0.0500000007450581	0.00250000007450581	0	0	0
HepG2_skew	[-1.5,-1.0)	pELS	SINGLETON	CpG-CGI	310	310	135.705	89.750653	310	687.4889969965443	5109.743849946128	118	124	199
HepG2_skew	[-1.5,-1.0)	pELS	SINGLETON	CpG-nonCGI	903	903	1377.258	2702.355622	903	-296.1509966447483	3941.0626645773364	60	249	340
HepG2_skew	[-1.5,-1.0)	pELS	SINGLETON	non-CpG-ti	3701	3701	560.74	110.515216	3698	4476.358000187903	29021.088709589774	801	996	1770
HepG2_skew	[-1.5,-1.0)	pELS	SINGLETON	non-CpG-tv	3736	3736	229.595	21.959357	3731	3427.3890006891443	25455.894248069275	687	1028	1867
HepG2_skew	[-1.5,-1.0)	pELS	SINGLETON	unknown	2	0	0	0	2	-0.23199999704957	0.0707199993419647	0	0	0
HepG2_skew	[-1.5,-1.0)	pELS	ULTRARARE	CpG-CGI	277	277	166.486	188.580304	277	491.53600323153665	4211.861210675041	90	119	147
HepG2_skew	[-1.5,-1.0)	pELS	ULTRARARE	CpG-nonCGI	2431	2431	4642.97	10184.721944	2430	-1367.746995136025	9638.206871293676	120	493	875
HepG2_skew	[-1.5,-1.0)	pELS	ULTRARARE	non-CpG-ti	2343	2343	380.266	83.989956	2338	2693.139005795936	17093.95796635674	486	621	1095
HepG2_skew	[-1.5,-1.0)	pELS	ULTRARARE	non-CpG-tv	2129	2129	136.05	13.543009999999999	2124	1709.5520002844278	14598.696416549717	388	588	1016
HepG2_skew	[-1.5,-1.0)	pELS	ULTRARARE	unknown	6	0	0	0	6	-4.26200010254979	8.9790425090896	0	0	0
HepG2_skew	[0.05,0.2)	Other cCREs	COMMON	CpG-CGI	144	144	259.955	538.429181	143	-104.5120004918427	582.4651991400933	5	22	6
HepG2_skew	[0.05,0.2)	Other cCREs	COMMON	CpG-nonCGI	7302	7302	13997.619	29994.499241	7202	-6334.575996844679	19852.252253605584	51	432	333
HepG2_skew	[0.05,0.2)	Other cCREs	COMMON	non-CpG-ti	57386	57386	9342.807	2300.5773289999997	57171	-24439.007976092034	116568.62470937421	889	2523	2527
HepG2_skew	[0.05,0.2)	Other cCREs	COMMON	non-CpG-tv	32188	32188	2004.577	346.243833	31986	-7626.624999242484	50577.62937772419	601	1355	1473
HepG2_skew	[0.05,0.2)	Other cCREs	COMMON	unknown	88	0	0	0	71	-28.93700026720763	67.05742389131382	0	6	3
HepG2_skew	[0.05,0.2)	Other cCREs	LOW_FREQ	CpG-CGI	225	225	429.303	912.552401	224	-189.822000087239	839.9070021908689	4	29	7
HepG2_skew	[0.05,0.2)	Other cCREs	LOW_FREQ	CpG-nonCGI	9589	9589	20244.12	45496.482636	9397	-7994.553000253275	26836.153183888986	75	485	421
HepG2_skew	[0.05,0.2)	Other cCREs	LOW_FREQ	non-CpG-ti	59036	59036	10222.648	2672.688	58740	-12477.666002887185	104165.18466154051	1294	1934	2571
HepG2_skew	[0.05,0.2)	Other cCREs	LOW_FREQ	non-CpG-tv	35479	35479	2301.854	366.80231200000003	35176	-3126.04699770245	53129.5294773198	865	1250	1594
HepG2_skew	[0.05,0.2)	Other cCREs	LOW_FREQ	unknown	183	0	0	0	107	-50.63299929723142	179.82591713349984	0	14	7
HepG2_skew	[0.05,0.2)	Other cCREs	RARE	CpG-CGI	668	668	1228.696	2542.2398279999998	662	-472.9739991672102	2184.9156878608455	18	103	22
HepG2_skew	[0.05,0.2)	Other cCREs	RARE	CpG-nonCGI	27517	27517	58196.5	130861.564006	27079	-22661.419976564943	76534.20274616429	218	1393	1268
HepG2_skew	[0.05,0.2)	Other cCREs	RARE	non-CpG-ti	140769	140769	24833.091	6639.163061	140026	-25837.16097482841	244631.79354760124	3201	4713	6025
HepG2_skew	[0.05,0.2)	Other cCREs	RARE	non-CpG-tv	87414	87414	5604.57	796.141854	86663	-5500.921973191201	129050.28169507277	2264	3024	3903
HepG2_skew	[0.05,0.2)	Other cCREs	RARE	unknown	421	0	0	0	251	-72.73499976843596	197.78466762973358	0	17	9
HepG2_skew	[0.05,0.2)	Other cCREs	SINGLETON	CpG-CGI	1185	1185	1611.35	2829.630612	1178	-810.8969997918465	4411.370809196162	40	205	75
HepG2_skew	[0.05,0.2)	Other cCREs	SINGLETON	CpG-nonCGI	26251	26251	48562.833	96803.311663	26035	-18952.2439968721	69765.65593965982	308	1296	1416
HepG2_skew	[0.05,0.2)	Other cCREs	SINGLETON	non-CpG-ti	1295915	1295915	201301.966	43606.419678	1291617	-98100.93086513366	2011457.4394240922	33316	40158	56746
HepG2_skew	[0.05,0.2)	Other cCREs	SINGLETON	non-CpG-tv	952429	952429	53685.726	4986.407164	947528	1341.2220580164421	1399453.4015273342	27057	31423	42276
HepG2_skew	[0.05,0.2)	Other cCREs	SINGLETON	unknown	1363	0	0	0	877	-164.56900076940659	559.4674006376152	2	86	22
HepG2_skew	[0.05,0.2)	Other cCREs	ULTRARARE	CpG-CGI	2378	2378	4019.3360000000002	7963.930398	2364	-1874.9960043919286	8311.25229376099	49	356	80
HepG2_skew	[0.05,0.2)	Other cCREs	ULTRARARE	CpG-nonCGI	99877	99877	201145.326	430929.535812	98931	-79897.9239435564	275623.78796663403	976	4814	4892
HepG2_skew	[0.05,0.2)	Other cCREs	ULTRARARE	non-CpG-ti	879681	879681	153262.812	39339.187792	876168	-137328.60687486167	1489192.514061029	20892	27970	38478
HepG2_skew	[0.05,0.2)	Other cCREs	ULTRARARE	non-CpG-tv	544371	544371	33620.502	3789.336794	540650	-14485.384941792001	816477.6517119583	14911	18230	24409
HepG2_skew	[0.05,0.2)	Other cCREs	ULTRARARE	unknown	1352	0	0	0	768	-206.441999224946	658.3796822473158	0	64	25
HepG2_skew	[0.05,0.2)	PLS	COMMON	CpG-CGI	262	262	127.241	105.717977	262	-70.05800083559	1364.3311372558221	25	118	146
HepG2_skew	[0.05,0.2)	PLS	COMMON	CpG-nonCGI	274	274	356.372	612.730446	274	-229.1159976511263	1095.7008313956271	5	71	69
HepG2_skew	[0.05,0.2)	PLS	COMMON	non-CpG-ti	2976	2976	426.406	88.974432	2971	-1020.534003787791	13816.171717266834	180	1092	927
HepG2_skew	[0.05,0.2)	PLS	COMMON	non-CpG-tv	2255	2255	165.471	21.266600999999998	2248	-437.30799970764207	8797.638831146394	165	910	852
HepG2_skew	[0.05,0.2)	PLS	COMMON	unknown	16	0	0	0	16	1.2989998385310235	131.535721623381	3	3	4
HepG2_skew	[0.05,0.2)	PLS	LOW_FREQ	CpG-CGI	416	416	207.549	183.095023	416	-54.40099887130783	1886.327542177462	36	163	241
HepG2_skew	[0.05,0.2)	PLS	LOW_FREQ	CpG-nonCGI	357	357	563.619	1085.078683	356	-232.3800018962939	1708.3598482416762	17	92	106
HepG2_skew	[0.05,0.2)	PLS	LOW_FREQ	non-CpG-ti	3265	3265	501.753	114.412151	3263	264.6179997896544	14617.345208437953	336	1093	1007
HepG2_skew	[0.05,0.2)	PLS	LOW_FREQ	non-CpG-tv	2927	2927	228.68200000000002	39.556766	2924	110.91300227690965	12829.883372196324	274	1077	1129
HepG2_skew	[0.05,0.2)	PLS	LOW_FREQ	unknown	11	0	0	0	11	-1.9579998254775985	41.723156466118894	1	5	3
HepG2_skew	[0.05,0.2)	PLS	RARE	CpG-CGI	1153	1153	586.086	544.079568	1152	-78.88700038508968	6283.503569900339	133	504	679
HepG2_skew	[0.05,0.2)	PLS	RARE	CpG-nonCGI	1013	1013	1591.639	3046.703811	1010	-611.2889987243108	3960.614156673861	41	299	322
HepG2_skew	[0.05,0.2)	PLS	RARE	non-CpG-ti	8332	8332	1327.45	299.997892	8324	1224.095996034564	47238.88654202798	989	2799	2660
HepG2_skew	[0.05,0.2)	PLS	RARE	non-CpG-tv	7549	7549	601.86	88.16626	7535	975.5529990707291	38229.79604025369	839	2670	2944
HepG2_skew	[0.05,0.2)	PLS	RARE	unknown	302	0	0	0	302	-55.65500075602909	1206.3793588379535	27	197	8
HepG2_skew	[0.05,0.2)	PLS	SINGLETON	CpG-CGI	8772	8772	4065.195	3223.444491	8770	2074.9849963171855	49824.10242407666	1225	3572	5095
HepG2_skew	[0.05,0.2)	PLS	SINGLETON	CpG-nonCGI	2728	2728	2774.894	4240.89711	2725	-1000.3839973774736	14370.690130010187	219	870	1015
HepG2_skew	[0.05,0.2)	PLS	SINGLETON	non-CpG-ti	78452	78452	11300.194	2153.979598	78408	29679.11200279276	398132.8546072011	10484	25711	25648
HepG2_skew	[0.05,0.2)	PLS	SINGLETON	non-CpG-tv	77565	77565	5389.762	621.481796	77505	29742.029990922416	402713.82418546814	10640	27109	29346
HepG2_skew	[0.05,0.2)	PLS	SINGLETON	unknown	117	0	0	0	117	4.4129997878335505	296.8381280848396	4	45	25
HepG2_skew	[0.05,0.2)	PLS	ULTRARARE	CpG-CGI	7553	7553	3734.982	3272.79941	7551	878.4309988901941	43018.173817785435	988	3124	4258
HepG2_skew	[0.05,0.2)	PLS	ULTRARARE	CpG-nonCGI	5043	5043	7277.892	13212.992228	5038	-2906.4929942421177	24028.13936746153	306	1420	1661
HepG2_skew	[0.05,0.2)	PLS	ULTRARARE	non-CpG-ti	53848	53848	8404.051	1829.727881	53813	15218.009975395635	290134.96488510724	7026	17999	17818
HepG2_skew	[0.05,0.2)	PLS	ULTRARARE	non-CpG-tv	48265	48265	3741.696	506.890528	48222	13139.930973031562	263684.9897897632	6256	17144	18796
HepG2_skew	[0.05,0.2)	PLS	ULTRARARE	unknown	611	0	0	0	611	-2.9439990171231925	1911.8788517274902	33	304	20
HepG2_skew	[0.05,0.2)	dELS	COMMON	CpG-CGI	445	445	599.4399999999999	1103.45406	445	-401.03699765168136	1627.69367906553	13	100	94
HepG2_skew	[0.05,0.2)	dELS	COMMON	CpG-nonCGI	18948	18948	33900.699	68772.750013	18918	-18045.526003307536	66697.60552644375	199	2112	2873
HepG2_skew	[0.05,0.2)	dELS	COMMON	non-CpG-ti	148370	148370	23862.124	5994.11564	148162	-60980.53999034014	383633.5348872873	4019	14243	17454
HepG2_skew	[0.05,0.2)	dELS	COMMON	non-CpG-tv	79096	79096	4726.861	763.840021	78979	-12534.845005268699	161603.18197819253	2642	7597	9660
HepG2_skew	[0.05,0.2)	dELS	COMMON	unknown	106	0	0	0	101	-71.78000006824732	189.32488676679884	0	9	13
HepG2_skew	[0.05,0.2)	dELS	LOW_FREQ	CpG-CGI	652	652	1014.143	1988.964933	649	-611.2200014629635	2459.725548904818	11	143	107
HepG2_skew	[0.05,0.2)	dELS	LOW_FREQ	CpG-nonCGI	25499	25499	50196.788	106646.234566	25457	-23358.430000675486	96122.92028418375	396	2455	4053
HepG2_skew	[0.05,0.2)	dELS	LOW_FREQ	non-CpG-ti	152402	152402	26258.691	7011.611281	152197	-28770.19199259275	367807.273042937	5703	11327	17286
HepG2_skew	[0.05,0.2)	dELS	LOW_FREQ	non-CpG-tv	89216	89216	5577.928	874.750438	89038	682.5939999232065	188565.4645789772	3932	6944	10905
HepG2_skew	[0.05,0.2)	dELS	LOW_FREQ	unknown	127	0	0	0	114	-50.80200025252999	170.6599112779086	1	7	9
HepG2_skew	[0.05,0.2)	dELS	RARE	CpG-CGI	1802	1802	2819.362	5567.67735	1799	-1484.913004342582	6684.828183527767	58	388	372
HepG2_skew	[0.05,0.2)	dELS	RARE	CpG-nonCGI	74164	74164	146256.616	311286.681202	74004	-66827.44498737938	270112.9186521795	1232	7148	11756
HepG2_skew	[0.05,0.2)	dELS	RARE	non-CpG-ti	373597	373597	65499.385	17936.534683	373049	-61728.63101631277	935852.3218041682	15045	27817	42020
HepG2_skew	[0.05,0.2)	dELS	RARE	non-CpG-tv	221520	221520	13566.084	1871.327048	221070	8925.739995614733	488317.34727824427	10619	17282	27330
HepG2_skew	[0.05,0.2)	dELS	RARE	unknown	275	0	0	0	242	-107.16499959304927	404.17554248627573	0	19	36
HepG2_skew	[0.05,0.2)	dELS	SINGLETON	CpG-CGI	5967	5967	5236.755	7549.220395	5953	-2544.9230040651755	24217.340340911043	356	1266	2007
HepG2_skew	[0.05,0.2)	dELS	SINGLETON	CpG-nonCGI	87963	87963	153157.076	293645.799352	87833	-67791.23797959831	311882.3109420262	2055	8968	14336
HepG2_skew	[0.05,0.2)	dELS	SINGLETON	non-CpG-ti	3524569	3524569	535138.9349999999	115111.698367	3520665	-98654.40112420204	8102097.944479994	162681	263518	399655
HepG2_skew	[0.05,0.2)	dELS	SINGLETON	non-CpG-tv	2510830	2510830	136033.046	11975.36197	2507079	265377.2858373231	5594190.418024596	131951	193648	297128
HepG2_skew	[0.05,0.2)	dELS	SINGLETON	unknown	1140	0	0	0	1071	-290.5810009060661	1131.507157547264	6	105	112
HepG2_skew	[0.05,0.2)	dELS	ULTRARARE	CpG-CGI	8563	8563	11492.138	21109.961912	8550	-5964.5159979047	36908.706158201865	383	1904	2170
HepG2_skew	[0.05,0.2)	dELS	ULTRARARE	CpG-nonCGI	309920	309920	587184.745	1202329.150925	309445	-263195.2369566464	1128639.8125910382	6231	29936	49428
HepG2_skew	[0.05,0.2)	dELS	ULTRARARE	non-CpG-ti	2361455	2361455	405892.002	105487.169576	2358539	-295616.1741837485	5808794.797818668	101226	176245	264496
HepG2_skew	[0.05,0.2)	dELS	ULTRARARE	non-CpG-tv	1416902	1416902	83445.814	8865.569038	1414364	115154.26384191021	3157838.4779511965	72207	109867	170094
HepG2_skew	[0.05,0.2)	dELS	ULTRARARE	unknown	956	0	0	0	871	-274.4400009098464	1074.4174605515757	2	71	114
HepG2_skew	[0.05,0.2)	non-cCRE	COMMON	CpG-CGI	349	349	455.247	846.487271	349	-313.8710007411428	1558.1844297382556	5	90	54
HepG2_skew	[0.05,0.2)	non-cCRE	COMMON	CpG-nonCGI	69379	69379	136888.2	300438.196754	68635	-62118.09495965834	181820.84366224596	237	3009	443
HepG2_skew	[0.05,0.2)	non-cCRE	COMMON	non-CpG-ti	623223	623223	102160.121	25260.545363	617445	-296272.65385591995	1162420.3271500545	5225	21828	3387
HepG2_skew	[0.05,0.2)	non-cCRE	COMMON	non-CpG-tv	369236	369236	25165.489	5556.949329	364537	-109343.2849433067	503623.7619173102	3570	12297	2060
HepG2_skew	[0.05,0.2)	non-cCRE	COMMON	unknown	921	0	0	0	652	-471.13500045146804	1519.1673817801013	4	45	18
HepG2_skew	[0.05,0.2)	non-cCRE	LOW_FREQ	CpG-CGI	569	569	807.522	1567.413164	567	-353.78100063744944	1645.8477217843401	16	151	86
HepG2_skew	[0.05,0.2)	non-cCRE	LOW_FREQ	CpG-nonCGI	89538	89538	196169.677	454749.259651	88391	-77724.45894152182	231506.47899685102	375	3166	613
HepG2_skew	[0.05,0.2)	non-cCRE	LOW_FREQ	non-CpG-ti	653815	653815	113927.024	29669.760984	645823	-153531.1388647186	911554.1342459812	7216	17532	3358
HepG2_skew	[0.05,0.2)	non-cCRE	LOW_FREQ	non-CpG-tv	418918	418918	29603.013	6254.827843	411963	-63284.57990141924	492392.1949079761	4995	11090	2382
HepG2_skew	[0.05,0.2)	non-cCRE	LOW_FREQ	unknown	1162	0	0	0	548	-226.62099980725904	657.10844343528845	0	29	38
HepG2_skew	[0.05,0.2)	non-cCRE	RARE	CpG-CGI	1634	1634	2310.36	4461.50626	1627	-903.8329972383799	4797.542008306771	54	400	248
HepG2_skew	[0.05,0.2)	non-cCRE	RARE	CpG-nonCGI	260904	260904	573477.157	1331192.716003	257331	-225907.35177945608	672412.0342194246	1122	9386	1859
HepG2_skew	[0.05,0.2)	non-cCRE	RARE	non-CpG-ti	1572588	1572588	278636.203	74478.862417	1552791	-341246.5307820182	2167299.239575195	18135	42649	8097
HepG2_skew	[0.05,0.2)	non-cCRE	RARE	non-CpG-tv	1018746	1018746	70087.071	12835.711485	1000382	-128795.75975445891	1169558.6114519723	12837	27687	5919
HepG2_skew	[0.05,0.2)	non-cCRE	RARE	unknown	3042	0	0	0	1514	-594.9549988476792	1883.2604306341652	2	143	71
HepG2_skew	[0.05,0.2)	non-cCRE	SINGLETON	CpG-CGI	6173	6173	4530.147	5953.858421	6165	-1568.151002884377	19219.944215926524	338	2079	1905
HepG2_skew	[0.05,0.2)	non-cCRE	SINGLETON	CpG-nonCGI	225548	225548	431125.06299999997	879799.292139	224243	-166712.54589329855	532497.3076909928	1660	10019	2680
HepG2_skew	[0.05,0.2)	non-cCRE	SINGLETON	non-CpG-ti	14143586	14143586	2214684.663999999	483628.22734599997	14015581	-1587537.3343772138	16535146.70277395	187687	368133	75872
HepG2_skew	[0.05,0.2)	non-cCRE	SINGLETON	non-CpG-tv	10889541	10889541	632687.4820000001	62334.88091199997	10754682	-664042.6977229388	11631553.85082343	155651	286833	61713
HepG2_skew	[0.05,0.2)	non-cCRE	SINGLETON	unknown	9069	0	0	0	6027	-1101.8259956489783	4748.442106924564	17	376	173
HepG2_skew	[0.05,0.2)	non-cCRE	ULTRARARE	CpG-CGI	7250	7250	8245.103	14369.391159	7233	-3511.9329995529242	24483.064690499737	309	2111	1605
HepG2_skew	[0.05,0.2)	non-cCRE	ULTRARARE	CpG-nonCGI	925480	925480	1926685.6469999999	4234366.567831	918776	-760145.7115298628	2323587.5833076714	4978	35600	7783
HepG2_skew	[0.05,0.2)	non-cCRE	ULTRARARE	non-CpG-ti	9708462	9708462	1700142.541	437683.634755	9598956	-1784997.777570279	12741849.120298054	117222	255385	50893
HepG2_skew	[0.05,0.2)	non-cCRE	ULTRARARE	non-CpG-tv	6319655	6319655	406116.23	50539.613492	6219485	-553320.5685918839	6917360.412415326	86078	168608	36381
HepG2_skew	[0.05,0.2)	non-cCRE	ULTRARARE	unknown	9307	0	0	0	5186	-1395.3319968528808	5600.054871030661	20	476	182
HepG2_skew	[0.05,0.2)	pELS	COMMON	CpG-CGI	363	363	217.556	247.906176	363	-163.58499977178872	1384.765761262931	21	157	155
HepG2_skew	[0.05,0.2)	pELS	COMMON	CpG-nonCGI	2261	2261	3568.006	6793.2717	2257	-2116.2890012348057	7493.872623058881	28	534	363
HepG2_skew	[0.05,0.2)	pELS	COMMON	non-CpG-ti	20216	20216	3083.601	724.143199	20192	-7268.017998468017	54652.8146429466	640	5164	3079
HepG2_skew	[0.05,0.2)	pELS	COMMON	non-CpG-tv	12200	12200	784.324	141.29881	12173	-2071.2399950477984	28222.70021984012	427	3294	2057
HepG2_skew	[0.05,0.2)	pELS	COMMON	unknown	24	0	0	0	22	-14.21499989926816	37.72169659185102	0	4	2
HepG2_skew	[0.05,0.2)	pELS	LOW_FREQ	CpG-CGI	536	536	349.332	443.761664	535	-144.06499914149745	1798.999584928629	36	201	231
HepG2_skew	[0.05,0.2)	pELS	LOW_FREQ	CpG-nonCGI	3086	3086	5283.676	10449.610356	3078	-2650.9419972614846	11111.5026813186	49	709	523
HepG2_skew	[0.05,0.2)	pELS	LOW_FREQ	non-CpG-ti	21371	21371	3492.419	860.128743	21342	-3017.6620023817522	59279.0717770168	948	4669	3198
HepG2_skew	[0.05,0.2)	pELS	LOW_FREQ	non-CpG-tv	14281	14281	962.837	167.584589	14241	-24.627997697679977	33744.97440990021	680	3267	2533
HepG2_skew	[0.05,0.2)	pELS	LOW_FREQ	unknown	42	0	0	0	25	-26.352000519633336	139.58141049788847	0	12	3
HepG2_skew	[0.05,0.2)	pELS	RARE	CpG-CGI	1462	1462	907.5600000000001	1050.22141	1460	-258.64700019464374	5703.288039300536	109	551	602
HepG2_skew	[0.05,0.2)	pELS	RARE	CpG-nonCGI	8673	8673	15238.576000000001	30483.530248	8655	-7671.687001372691	31486.183275210748	140	1831	1419
HepG2_skew	[0.05,0.2)	pELS	RARE	non-CpG-ti	53460	53460	8917.865	2277.241965	53390	-4996.202010499082	150819.46400507932	2678	11970	7919
HepG2_skew	[0.05,0.2)	pELS	RARE	non-CpG-tv	36286	36286	2424.64	365.833746	36209	2246.695006191032	91785.7852827246	1994	8715	6515
HepG2_skew	[0.05,0.2)	pELS	RARE	unknown	172	0	0	0	144	-88.75300058163705	309.2683835476597	1	89	27
HepG2_skew	[0.05,0.2)	pELS	SINGLETON	CpG-CGI	11666	11666	5405.225	4144.234413	11664	772.9300057425867	45370.08915185524	1111	4610	5514
HepG2_skew	[0.05,0.2)	pELS	SINGLETON	CpG-nonCGI	17933	17933	23011.847	38602.309331	17923	-10831.584990874751	57871.73966307053	527	4543	3524
HepG2_skew	[0.05,0.2)	pELS	SINGLETON	non-CpG-ti	506136	506136	74585.575	15205.211221	505780	25673.479966466417	1283983.9656154867	29228	112159	76080
HepG2_skew	[0.05,0.2)	pELS	SINGLETON	non-CpG-tv	401056	401056	23445.145	2286.554277	400686	63862.48805897826	1022518.0681727018	25833	95583	68736
HepG2_skew	[0.05,0.2)	pELS	SINGLETON	unknown	446	0	0	0	425	-132.167000401183	635.1457866443416	2	128	44
HepG2_skew	[0.05,0.2)	pELS	ULTRARARE	CpG-CGI	9579	9579	5377.566	5557.313478	9571	-494.2060072335884	36332.934391015355	814	3686	4274
HepG2_skew	[0.05,0.2)	pELS	ULTRARARE	CpG-nonCGI	40809	40809	67191.356	128925.44112999999	40748	-32658.159000946674	142636.3518036779	856	8900	7045
HepG2_skew	[0.05,0.2)	pELS	ULTRARARE	non-CpG-ti	340145	340145	55819.697	13519.248775	339833	-10024.286982491732	932313.2779984433	18673	75814	50778
HepG2_skew	[0.05,0.2)	pELS	ULTRARARE	non-CpG-tv	232799	232799	14900.181	1727.756925	232454	27437.710976789254	605453.8370852665	14437	56130	41161
HepG2_skew	[0.05,0.2)	pELS	ULTRARARE	unknown	801	0	0	0	779	-352.54900140233786	1671.8165846573968	10	350	75
HepG2_skew	[0.2,0.5)	Other cCREs	COMMON	CpG-CGI	37	37	62.752	126.054044	37	-22.194000115618127	137.2824873164362	1	5	1
HepG2_skew	[0.2,0.5)	Other cCREs	COMMON	CpG-nonCGI	2002	2002	3934.496	8672.378608	1944	-1743.8229998766915	5372.023789439912	15	129	108
HepG2_skew	[0.2,0.5)	Other cCREs	COMMON	non-CpG-ti	9353	9353	1396.161	298.620325	9302	-5324.776002716507	21118.973546538393	125	452	595
HepG2_skew	[0.2,0.5)	Other cCREs	COMMON	non-CpG-tv	5639	5639	332.912	36.30288	5602	-1567.917001453345	9224.875800130438	98	248	347
HepG2_skew	[0.2,0.5)	Other cCREs	COMMON	unknown	15	0	0	0	9	-0.5509999766945844	0.6855750058770183	0	0	2
HepG2_skew	[0.2,0.5)	Other cCREs	LOW_FREQ	CpG-CGI	75	75	139.702	306.157354	74	-53.07399992458523	224.31133947084686	2	12	2
HepG2_skew	[0.2,0.5)	Other cCREs	LOW_FREQ	CpG-nonCGI	2548	2548	5548.26	12844.343062	2471	-2127.14699965599	6970.3730347949095	17	152	126
HepG2_skew	[0.2,0.5)	Other cCREs	LOW_FREQ	non-CpG-ti	8872	8872	1429.853	325.85240699999997	8830	-2110.9449967762926	14241.175944025254	166	326	477
HepG2_skew	[0.2,0.5)	Other cCREs	LOW_FREQ	non-CpG-tv	6267	6267	436.757	64.003525	6200	-723.8420017489697	9016.152221049428	125	240	354
HepG2_skew	[0.2,0.5)	Other cCREs	LOW_FREQ	unknown	34	0	0	0	23	-2.9940000101923925	9.850118069992192	0	2	0
HepG2_skew	[0.2,0.5)	Other cCREs	RARE	CpG-CGI	225	225	429.937	930.769093	225	-196.05600054934624	779.2723983176888	3	32	7
HepG2_skew	[0.2,0.5)	Other cCREs	RARE	CpG-nonCGI	7366	7366	15915.726999999999	36602.869937	7174	-6078.147998094792	19930.771213213375	46	451	332
HepG2_skew	[0.2,0.5)	Other cCREs	RARE	non-CpG-ti	20912	20912	3413.89	794.937418	20772	-3923.5149976924304	32663.472975841476	385	752	1139
HepG2_skew	[0.2,0.5)	Other cCREs	RARE	non-CpG-tv	14678	14678	939.167	117.639233	14533	-1482.366996375727	20872.50097548103	303	611	764
HepG2_skew	[0.2,0.5)	Other cCREs	RARE	unknown	62	0	0	0	46	-14.79300003498792	29.913497033813538	0	4	0
HepG2_skew	[0.2,0.5)	Other cCREs	SINGLETON	CpG-CGI	382	382	545.602	991.118014	379	-240.79200030490773	1302.5768263050193	9	70	19
HepG2_skew	[0.2,0.5)	Other cCREs	SINGLETON	CpG-nonCGI	6370	6370	11845.724	23852.31517	6308	-4675.320997066565	16239.019314862164	74	318	361
HepG2_skew	[0.2,0.5)	Other cCREs	SINGLETON	non-CpG-ti	194066	194066	29084.997	5879.522719	193302	-21400.551976948973	284977.3327974866	4150	6682	10856
HepG2_skew	[0.2,0.5)	Other cCREs	SINGLETON	non-CpG-tv	162057	162057	9209.604	852.50398	161039	-4485.715970207354	234610.70345892562	4132	6229	8677
HepG2_skew	[0.2,0.5)	Other cCREs	SINGLETON	unknown	218	0	0	0	157	-29.157999835908424	89.60725101736604	0	7	5
HepG2_skew	[0.2,0.5)	Other cCREs	ULTRARARE	CpG-CGI	772	772	1333.967	2687.592169	764	-561.2520007311831	3260.875212338967	22	139	29
HepG2_skew	[0.2,0.5)	Other cCREs	ULTRARARE	CpG-nonCGI	24284	24284	49582.305	107842.831097	23952	-19620.255997520973	67304.90360731499	205	1255	1326
HepG2_skew	[0.2,0.5)	Other cCREs	ULTRARARE	non-CpG-ti	130504	130504	21345.171	4878.111029	129893	-21882.943983039957	205719.17090598572	2676	4685	7172
HepG2_skew	[0.2,0.5)	Other cCREs	ULTRARARE	non-CpG-tv	93882	93882	5839.6269999999995	644.954963	93049	-5339.6599791904455	137700.42838608086	2257	3819	5019
HepG2_skew	[0.2,0.5)	Other cCREs	ULTRARARE	unknown	185	0	0	0	136	-23.18700008094312	96.42916204209473	0	15	4
HepG2_skew	[0.2,0.5)	PLS	COMMON	CpG-CGI	64	64	27.49	17.297504	64	-32.4259999357164	247.58221294419968	5	33	31
HepG2_skew	[0.2,0.5)	PLS	COMMON	CpG-nonCGI	73	73	104.27	189.242612	73	-72.18200039863592	334.48071157758386	3	22	24
HepG2_skew	[0.2,0.5)	PLS	COMMON	non-CpG-ti	690	690	89.873	16.404129	689	-95.64700127975075	2821.3087424804667	54	288	226
HepG2_skew	[0.2,0.5)	PLS	COMMON	non-CpG-tv	637	637	47.194	6.872838	636	-66.95399784762417	2239.95572128121	44	277	248
HepG2_skew	[0.2,0.5)	PLS	COMMON	unknown	5	0	0	0	5	-1.718000188469889	20.57336930555175	0	0	1
HepG2_skew	[0.2,0.5)	PLS	LOW_FREQ	CpG-CGI	118	118	67.095	74.022941	118	-10.584001700510251	691.806228734997	15	46	65
HepG2_skew	[0.2,0.5)	PLS	LOW_FREQ	CpG-nonCGI	98	98	159.748	313.400116	98	-54.52600010437895	530.6808716733957	6	30	20
HepG2_skew	[0.2,0.5)	PLS	LOW_FREQ	non-CpG-ti	769	769	110.959	21.119385	768	191.37899881659555	4541.604847775816	102	259	254
HepG2_skew	[0.2,0.5)	PLS	LOW_FREQ	non-CpG-tv	753	753	58.921	8.765427	751	115.4180024293018	3762.5729340672233	93	287	286
HepG2_skew	[0.2,0.5)	PLS	LOW_FREQ	unknown	1	0	0	0	1	-4.90000009536743	24.0100009346008	0	0	1
HepG2_skew	[0.2,0.5)	PLS	RARE	CpG-CGI	326	326	168.238	169.879772	326	159.53700014564686	1857.8237083964527	45	144	190
HepG2_skew	[0.2,0.5)	PLS	RARE	CpG-nonCGI	294	294	450.287	877.696029	292	-80.60700065270062	1451.095719391906	27	91	99
HepG2_skew	[0.2,0.5)	PLS	RARE	non-CpG-ti	2051	2051	306.488	59.991126	2049	733.4819994578139	12331.759065553475	296	699	751
HepG2_skew	[0.2,0.5)	PLS	RARE	non-CpG-tv	2096	2096	177.309	30.127141	2094	897.4359965384942	11864.79132751638	291	794	887
HepG2_skew	[0.2,0.5)	PLS	RARE	unknown	28	0	0	0	28	-4.981000097468499	22.60938445069061	0	17	2
HepG2_skew	[0.2,0.5)	PLS	SINGLETON	CpG-CGI	2559	2559	1119.537	833.161843	2557	1608.151001608	16551.307563566614	485	1051	1487
HepG2_skew	[0.2,0.5)	PLS	SINGLETON	CpG-nonCGI	780	780	777.956	1180.118926	780	-156.65900196623988	4646.9966610817055	76	225	308
HepG2_skew	[0.2,0.5)	PLS	SINGLETON	non-CpG-ti	18552	18552	2625.374	470.707916	18545	12730.558997070646	116032.58395734109	3270	6393	6962
HepG2_skew	[0.2,0.5)	PLS	SINGLETON	non-CpG-tv	21736	21736	1540.399	183.012301	21728	13499.675994422641	136610.74732800256	3774	7915	8863
HepG2_skew	[0.2,0.5)	PLS	SINGLETON	unknown	24	0	0	0	24	6.003000382334005	71.73644101452459	1	7	6
HepG2_skew	[0.2,0.5)	PLS	ULTRARARE	CpG-CGI	2061	2061	1010.725	890.748497	2060	978.9969989566597	12797.426394712757	361	849	1170
HepG2_skew	[0.2,0.5)	PLS	ULTRARARE	CpG-nonCGI	1453	1453	2080.099	3844.367029	1449	-596.781997473212	6993.936393839523	105	417	497
HepG2_skew	[0.2,0.5)	PLS	ULTRARARE	non-CpG-ti	12894	12894	1949.789	379.356319	12886	7612.885993832725	81194.42086771593	2229	4475	4945
HepG2_skew	[0.2,0.5)	PLS	ULTRARARE	non-CpG-tv	13272	13272	1047.603	147.797427	13260	7144.186985190841	84225.8747303814	2186	4805	5501
HepG2_skew	[0.2,0.5)	PLS	ULTRARARE	unknown	107	0	0	0	107	-27.331000864971426	253.97663463391152	2	60	8
HepG2_skew	[0.2,0.5)	dELS	COMMON	CpG-CGI	133	133	197.299	382.593067	133	-159.21999958809448	520.1375982282049	2	26	28
HepG2_skew	[0.2,0.5)	dELS	COMMON	CpG-nonCGI	5044	5044	9035.083999999999	18445.186726	5030	-5010.048998553654	18158.02303349994	58	622	942
HepG2_skew	[0.2,0.5)	dELS	COMMON	non-CpG-ti	26096	26096	3864.9010000000003	836.361259	26047	-12364.882995790573	69930.81048683946	681	2907	4260
HepG2_skew	[0.2,0.5)	dELS	COMMON	non-CpG-tv	15547	15547	911.022	106.686634	15520	-3126.6479952293453	32926.76172524627	497	1678	2623
HepG2_skew	[0.2,0.5)	dELS	COMMON	unknown	17	0	0	0	17	-5.146000191569333	16.10592458715535	0	2	2
HepG2_skew	[0.2,0.5)	dELS	LOW_FREQ	CpG-CGI	180	180	297.654	610.009852	180	-130.306999238208	780.3089824763754	6	34	31
HepG2_skew	[0.2,0.5)	dELS	LOW_FREQ	CpG-nonCGI	6571	6571	13109.707	28280.507495	6548	-5980.736998954907	23339.03669118615	99	678	1183
HepG2_skew	[0.2,0.5)	dELS	LOW_FREQ	non-CpG-ti	25334	25334	4011.79	913.36407	25293	-4107.154000791142	59441.82107335921	976	2146	3718
HepG2_skew	[0.2,0.5)	dELS	LOW_FREQ	non-CpG-tv	17348	17348	1114.51	150.981424	17313	-97.91101031040321	38631.85723117677	771	1543	2664
HepG2_skew	[0.2,0.5)	dELS	LOW_FREQ	unknown	15	0	0	0	14	-7.652999944984909	26.671051081254138	0	1	2
HepG2_skew	[0.2,0.5)	dELS	RARE	CpG-CGI	538	538	848.947	1705.831649	537	-403.6809994315263	1731.0093394348537	13	130	105
HepG2_skew	[0.2,0.5)	dELS	RARE	CpG-nonCGI	19189	19189	38364.364	83013.004722	19130	-17734.89600803517	73325.79197911425	318	1939	3530
HepG2_skew	[0.2,0.5)	dELS	RARE	non-CpG-ti	61223	61223	9927.038	2357.69096	61132	-9166.359007309775	148607.21797361367	2485	5189	9085
HepG2_skew	[0.2,0.5)	dELS	RARE	non-CpG-tv	42605	42605	2621.648	312.33355	42519	1588.1220089615083	96543.00893174847	2051	3741	6572
HepG2_skew	[0.2,0.5)	dELS	RARE	unknown	53	0	0	0	53	-15.52200011909006	41.780740842083716	0	7	6
HepG2_skew	[0.2,0.5)	dELS	SINGLETON	CpG-CGI	1704	1704	1518.637	2234.837545	1704	-471.3219965053722	7687.574014935819	126	379	592
HepG2_skew	[0.2,0.5)	dELS	SINGLETON	CpG-nonCGI	21919	21919	38406.049	74615.792871	21878	-17081.894998829233	78956.91810625824	510	2361	4097
HepG2_skew	[0.2,0.5)	dELS	SINGLETON	non-CpG-ti	589820	589820	86057.458	17028.808328	589062	-17239.88701086783	1346187.6661803403	27404	49387	88109
HepG2_skew	[0.2,0.5)	dELS	SINGLETON	non-CpG-tv	483763	483763	26458.191	2337.838503	482976	47047.37296404317	1108178.2425236476	26054	41816	73318
HepG2_skew	[0.2,0.5)	dELS	SINGLETON	unknown	232	0	0	0	224	-39.884000139194534	199.42178949222188	1	21	19
HepG2_skew	[0.2,0.5)	dELS	ULTRARARE	CpG-CGI	2550	2550	3520.313	6585.843527	2548	-1546.246996315196	10274.554491791565	117	551	650
HepG2_skew	[0.2,0.5)	dELS	ULTRARARE	CpG-nonCGI	79102	79102	151557.347	314683.607975	78940	-68505.34299681894	292178.9608734115	1580	8143	14699
HepG2_skew	[0.2,0.5)	dELS	ULTRARARE	non-CpG-ti	388959	388959	62604.708	14372.88242	388419	-40481.08999072467	937558.0418315335	17102	32824	57753
HepG2_skew	[0.2,0.5)	dELS	ULTRARARE	non-CpG-tv	274142	274142	16255.481	1685.077831	273631	19797.033994868878	629146.7639553405	14373	24289	42219
HepG2_skew	[0.2,0.5)	dELS	ULTRARARE	unknown	187	0	0	0	179	-52.83400019444522	188.1071877939595	0	13	22
HepG2_skew	[0.2,0.5)	non-cCRE	COMMON	CpG-CGI	98	98	136.916	266.549306	95	-69.76300076302145	380.2854849272673	4	26	16
HepG2_skew	[0.2,0.5)	non-cCRE	COMMON	CpG-nonCGI	13303	13303	26524.652000000002	58529.035726	13173	-12255.717989698402	35564.72169912726	37	738	117
HepG2_skew	[0.2,0.5)	non-cCRE	COMMON	non-CpG-ti	71849	71849	10751.014	2316.48913	71282	-40747.84598052117	149970.4392692524	558	3104	653
HepG2_skew	[0.2,0.5)	non-cCRE	COMMON	non-CpG-tv	44922	44922	2916.857	391.887957	44449	-13536.209994387464	62143.286862595276	424	1908	448
HepG2_skew	[0.2,0.5)	non-cCRE	COMMON	unknown	98	0	0	0	82	-64.04299982637166	141.08024722373293	0	6	0
HepG2_skew	[0.2,0.5)	non-cCRE	LOW_FREQ	CpG-CGI	154	154	215.308	425.846192	151	-100.27399932756092	472.43022962405405	2	41	23
HepG2_skew	[0.2,0.5)	non-cCRE	LOW_FREQ	CpG-nonCGI	17429	17429	38031.4	87837.897898	17206	-15868.824985588793	47204.4969562196	61	784	170
HepG2_skew	[0.2,0.5)	non-cCRE	LOW_FREQ	non-CpG-ti	72045	72045	11500.871	2618.6987090000002	71304	-17778.823977365755	100268.43605264231	736	2360	597
HepG2_skew	[0.2,0.5)	non-cCRE	LOW_FREQ	non-CpG-tv	53440	53440	4320.346	830.864148	52701	-7960.835983239696	62441.22228476459	679	1812	498
HepG2_skew	[0.2,0.5)	non-cCRE	LOW_FREQ	unknown	161	0	0	0	101	-44.394999574869864	142.80985329405647	0	6	2
HepG2_skew	[0.2,0.5)	non-cCRE	RARE	CpG-CGI	451	451	651.756	1293.093216	445	-252.45800125354427	1569.5168262333875	13	126	62
HepG2_skew	[0.2,0.5)	non-cCRE	RARE	CpG-nonCGI	50623	50623	110993.773	257062.188837	49931	-46281.44596436212	139458.002706222	194	2244	463
HepG2_skew	[0.2,0.5)	non-cCRE	RARE	non-CpG-ti	172675	172675	28082.346	6556.930984	170818	-37605.59795641515	231416.82018346575	1850	5850	1466
HepG2_skew	[0.2,0.5)	non-cCRE	RARE	non-CpG-tv	127478	127478	8882.729	1301.069085	125553	-15522.886963293076	149698.08270033303	1727	4500	1269
HepG2_skew	[0.2,0.5)	non-cCRE	RARE	unknown	385	0	0	0	235	-73.60999960079788	197.77183600039746	0	16	8
HepG2_skew	[0.2,0.5)	non-cCRE	SINGLETON	CpG-CGI	1652	1652	1194.53	1577.102596	1648	-26.725999325513925	6098.577756886944	149	546	540
HepG2_skew	[0.2,0.5)	non-cCRE	SINGLETON	CpG-nonCGI	42901	42901	81937.946	168266.568508	42639	-33429.59796655458	105218.63911344166	298	2220	647
HepG2_skew	[0.2,0.5)	non-cCRE	SINGLETON	non-CpG-ti	1564456	1564456	231696.421	46501.533997	1552429	-200024.07868806325	1871095.496464123	19832	50677	13892
HepG2_skew	[0.2,0.5)	non-cCRE	SINGLETON	non-CpG-tv	1338762	1338762	77184.682	7433.303502	1324078	-82112.642686113	1496830.8153053548	20181	45452	12796
HepG2_skew	[0.2,0.5)	non-cCRE	SINGLETON	unknown	1176	0	0	0	887	-178.06900081597254	659.889082953522	1	75	19
HepG2_skew	[0.2,0.5)	non-cCRE	ULTRARARE	CpG-CGI	2066	2066	2431.634	4420.0874	2059	-521.7550018695183	7543.984432496141	144	600	472
HepG2_skew	[0.2,0.5)	non-cCRE	ULTRARARE	CpG-nonCGI	175570	175570	367067.043	812081.134933	174301	-152335.50988725305	468151.6419739559	902	7816	1949
HepG2_skew	[0.2,0.5)	non-cCRE	ULTRARARE	non-CpG-ti	1063637	1063637	172316.286	39402.887644	1053521	-197076.65177584585	1384042.7288485584	12545	34773	9214
HepG2_skew	[0.2,0.5)	non-cCRE	ULTRARARE	non-CpG-tv	779237	779237	49422.56	5671.189314	768735	-70988.71980564672	892367.7860235422	11075	26937	7734
HepG2_skew	[0.2,0.5)	non-cCRE	ULTRARARE	unknown	1207	0	0	0	824	-187.29399881500294	1028.9343538372916	4	76	19
HepG2_skew	[0.2,0.5)	pELS	COMMON	CpG-CGI	105	105	74.335	97.724427	105	-37.772999744862325	260.96616356185365	7	49	52
HepG2_skew	[0.2,0.5)	pELS	COMMON	CpG-nonCGI	542	542	876.218	1709.398784	540	-576.8009980893695	2135.501974082852	3	125	104
HepG2_skew	[0.2,0.5)	pELS	COMMON	non-CpG-ti	3786	3786	539.12	108.57968	3779	-1194.0540013399443	10821.527648710526	146	1088	747
HepG2_skew	[0.2,0.5)	pELS	COMMON	non-CpG-tv	2439	2439	159.47299999999998	19.982051	2430	-369.0330014217181	5833.715342970067	110	755	604
HepG2_skew	[0.2,0.5)	pELS	COMMON	unknown	8	0	0	0	7	-0.18800000846385898	1.0147599569463737	0	0	0
HepG2_skew	[0.2,0.5)	pELS	LOW_FREQ	CpG-CGI	180	180	113.848	146.80899	180	41.285999536514275	625.7982035355916	22	56	69
HepG2_skew	[0.2,0.5)	pELS	LOW_FREQ	CpG-nonCGI	762	762	1357.751	2765.022085	758	-609.9340000506492	2588.000444495591	12	158	114
HepG2_skew	[0.2,0.5)	pELS	LOW_FREQ	non-CpG-ti	3772	3772	571.737	122.616863	3765	-29.459999568760267	9939.437860370504	213	903	754
HepG2_skew	[0.2,0.5)	pELS	LOW_FREQ	non-CpG-tv	2903	2903	201.141	26.765851	2889	423.72399896406574	8315.279526158345	205	763	599
HepG2_skew	[0.2,0.5)	pELS	LOW_FREQ	unknown	6	0	0	0	5	-1.004000008106233	0.9523779936046608	0	2	1
HepG2_skew	[0.2,0.5)	pELS	RARE	CpG-CGI	460	460	297.129	363.201339	459	26.762999945087262	2285.8233268798076	50	176	191
HepG2_skew	[0.2,0.5)	pELS	RARE	CpG-nonCGI	2278	2278	3999.354	8077.361724	2273	-1974.8759977383306	8376.758669814782	45	506	456
HepG2_skew	[0.2,0.5)	pELS	RARE	non-CpG-ti	9422	9422	1449.096	310.751438	9403	169.7409981966483	30019.020739219504	612	2230	1919
HepG2_skew	[0.2,0.5)	pELS	RARE	non-CpG-tv	7717	7717	541.278	73.440844	7697	690.53899913223	23664.841242676357	541	2078	1747
HepG2_skew	[0.2,0.5)	pELS	RARE	unknown	27	0	0	0	21	-9.55799974873659	43.657806544883435	0	10	1
HepG2_skew	[0.2,0.5)	pELS	SINGLETON	CpG-CGI	3393	3393	1584.829	1264.781631	3391	1103.8740028332693	15074.644680095898	415	1277	1646
HepG2_skew	[0.2,0.5)	pELS	SINGLETON	CpG-nonCGI	4528	4528	5763.379	9745.823511	4526	-2371.159996040866	14639.63216751331	164	1185	1049
HepG2_skew	[0.2,0.5)	pELS	SINGLETON	non-CpG-ti	91422	91422	13071.097	2472.968583	91352	12633.378006765503	267589.8164965548	6635	22186	18420
HepG2_skew	[0.2,0.5)	pELS	SINGLETON	non-CpG-tv	86020	86020	5290.405	547.805123	85922	20767.142011163407	257027.80584935436	6928	22589	19170
HepG2_skew	[0.2,0.5)	pELS	SINGLETON	unknown	90	0	0	0	87	-11.662000108975938	104.1791246932599	1	26	12
HepG2_skew	[0.2,0.5)	pELS	ULTRARARE	CpG-CGI	2855	2855	1649.361	1820.065553	2852	275.62799717416056	11684.113341811124	300	1120	1297
HepG2_skew	[0.2,0.5)	pELS	ULTRARARE	CpG-nonCGI	10279	10279	16875.246	32465.722859999998	10258	-7871.397999428331	37093.48444255685	260	2329	2096
HepG2_skew	[0.2,0.5)	pELS	ULTRARARE	non-CpG-ti	60300	60300	9304.01	1965.778518	60231	5945.485009511584	184557.2050139892	4349	14769	12117
HepG2_skew	[0.2,0.5)	pELS	ULTRARARE	non-CpG-tv	50414	50414	3422.036	422.709624	50346	10542.321011248514	158802.22708738627	4000	13381	11545
HepG2_skew	[0.2,0.5)	pELS	ULTRARARE	unknown	175	0	0	0	162	-51.21800001524386	431.07248047944813	2	60	22
HepG2_skew	[0.5,1.0)	Other cCREs	COMMON	CpG-CGI	16	16	30.535	64.123807	14	-4.428999654948699	90.12041977483014	1	3	0
HepG2_skew	[0.5,1.0)	Other cCREs	COMMON	CpG-nonCGI	447	447	912.61	2064.657134	442	-459.0760002881289	1455.3491677480365	2	30	40
HepG2_skew	[0.5,1.0)	Other cCREs	COMMON	non-CpG-ti	2065	2065	300.828	60.583276	2053	-1238.9529977299976	4999.794039302769	24	106	178
HepG2_skew	[0.5,1.0)	Other cCREs	COMMON	non-CpG-tv	1152	1152	71.362	8.872256	1142	-343.50900031020876	1737.8024604521038	16	54	112
HepG2_skew	[0.5,1.0)	Other cCREs	COMMON	unknown	3	0	0	0	2	0	0	0	0	0
HepG2_skew	[0.5,1.0)	Other cCREs	LOW_FREQ	CpG-CGI	17	17	30.209999999999997	60.626839999999994	17	-14.704999899491668	105.68501609768843	1	1	0
HepG2_skew	[0.5,1.0)	Other cCREs	LOW_FREQ	CpG-nonCGI	598	598	1337.641	3167.2442029999997	587	-520.2910001538695	1574.740892324741	2	29	38
HepG2_skew	[0.5,1.0)	Other cCREs	LOW_FREQ	non-CpG-ti	1839	1839	294.171	63.378851	1828	-469.9159993442009	2715.059532091103	29	74	111
HepG2_skew	[0.5,1.0)	Other cCREs	LOW_FREQ	non-CpG-tv	1154	1154	81.178	12.011696	1142	-72.94500128924844	1772.8165277485525	23	51	63
HepG2_skew	[0.5,1.0)	Other cCREs	LOW_FREQ	unknown	7	0	0	0	4	0.328999996185302	0.030212998955965062	0	0	0
HepG2_skew	[0.5,1.0)	Other cCREs	RARE	CpG-CGI	50	50	97.984	212.26804	49	-19.10099989175798	124.32036772399336	1	6	1
HepG2_skew	[0.5,1.0)	Other cCREs	RARE	CpG-nonCGI	1676	1676	3720.498	8770.121832	1656	-1476.4899994493467	4775.463464119083	8	74	113
HepG2_skew	[0.5,1.0)	Other cCREs	RARE	non-CpG-ti	4322	4322	692.668	149.543344	4294	-982.3330004935854	7023.619641626265	75	165	248
HepG2_skew	[0.5,1.0)	Other cCREs	RARE	non-CpG-tv	3019	3019	203.77700000000002	30.340149	2968	-279.97000077192206	4770.521529827656	65	117	183
HepG2_skew	[0.5,1.0)	Other cCREs	RARE	unknown	5	0	0	0	3	-1.9079999700188603	3.9420318709664337	0	0	0
HepG2_skew	[0.5,1.0)	Other cCREs	SINGLETON	CpG-CGI	86	86	121.495	229.130925	82	-79.35499918460852	506.8246679740564	3	12	3
HepG2_skew	[0.5,1.0)	Other cCREs	SINGLETON	CpG-nonCGI	1329	1329	2571.165	5342.622249	1320	-1080.6850007271864	3784.7170136993973	12	75	97
HepG2_skew	[0.5,1.0)	Other cCREs	SINGLETON	non-CpG-ti	40992	40992	6095.741	1186.253431	40794	-5729.098003208288	60371.07722273511	822	1448	2557
HepG2_skew	[0.5,1.0)	Other cCREs	SINGLETON	non-CpG-tv	31281	31281	1789.835	165.722133	31042	-1598.2549953578273	43559.72810551208	701	1211	1880
HepG2_skew	[0.5,1.0)	Other cCREs	SINGLETON	unknown	49	0	0	0	34	-0.9399999976158063	7.674777830419066	0	1	0
HepG2_skew	[0.5,1.0)	Other cCREs	ULTRARARE	CpG-CGI	173	173	290.117	591.980377	169	-95.28200053446935	616.8140577817499	5	39	4
HepG2_skew	[0.5,1.0)	Other cCREs	ULTRARARE	CpG-nonCGI	5326	5326	11162.752	24894.631166	5289	-4882.894997940514	16265.42086916704	35	240	369
HepG2_skew	[0.5,1.0)	Other cCREs	ULTRARARE	non-CpG-ti	27321	27321	4390.2390000000005	951.062871	27175	-5441.1799890692355	43491.55929461193	496	988	1719
HepG2_skew	[0.5,1.0)	Other cCREs	ULTRARARE	non-CpG-tv	18342	18342	1152.324	126.79092	18146	-967.5739932071882	26174.312704032225	424	764	1123
HepG2_skew	[0.5,1.0)	Other cCREs	ULTRARARE	unknown	53	0	0	0	31	-5.060000009834772	17.006035779638516	0	3	1
HepG2_skew	[0.5,1.0)	PLS	COMMON	CpG-CGI	7	7	2.806	1.221276	7	-5.4610000103712135	22.26612737828899	0	6	3
HepG2_skew	[0.5,1.0)	PLS	COMMON	CpG-nonCGI	24	24	30.262	54.757346	24	-7.831000240519631	70.8215438538548	1	15	11
HepG2_skew	[0.5,1.0)	PLS	COMMON	non-CpG-ti	147	147	19.704	3.633302	147	-19.015999622875835	551.1863631478652	13	59	57
HepG2_skew	[0.5,1.0)	PLS	COMMON	non-CpG-tv	137	137	9.057	1.014995	137	-16.399998933542495	474.9480104523345	10	55	49
HepG2_skew	[0.5,1.0)	PLS	COMMON	unknown	1	0	0	0	1	3.25	10.5625	1	0	0
HepG2_skew	[0.5,1.0)	PLS	LOW_FREQ	CpG-CGI	14	14	5.622	2.7794499999999998	14	2.5730000920593703	72.22171495477812	1	4	12
HepG2_skew	[0.5,1.0)	PLS	LOW_FREQ	CpG-nonCGI	27	27	36.969	66.684013	27	-31.08600043505431	168.3374864244842	0	9	15
HepG2_skew	[0.5,1.0)	PLS	LOW_FREQ	non-CpG-ti	168	168	23.011	3.974389	167	85.17700038617478	846.7275690707924	27	58	52
HepG2_skew	[0.5,1.0)	PLS	LOW_FREQ	non-CpG-tv	152	152	15.093	2.656885	152	6.2370022768154305	582.3569629106094	16	62	53
HepG2_skew	[0.5,1.0)	PLS	LOW_FREQ	unknown	1	0	0	0	1	-2.41100001335144	5.81292106438065	0	1	0
HepG2_skew	[0.5,1.0)	PLS	RARE	CpG-CGI	67	67	33.695	33.678325	67	22.971999125555172	373.6884090746058	11	30	36
HepG2_skew	[0.5,1.0)	PLS	RARE	CpG-nonCGI	88	88	142.906	288.23619	88	-73.41900031734265	478.316121614542	7	23	29
HepG2_skew	[0.5,1.0)	PLS	RARE	non-CpG-ti	440	440	65.206	12.31823	440	218.1460014113691	2895.9280424242884	78	145	164
HepG2_skew	[0.5,1.0)	PLS	RARE	non-CpG-tv	438	438	39.361	7.052155	438	164.00299929769238	3044.872007666123	63	159	186
HepG2_skew	[0.5,1.0)	PLS	RARE	unknown	8	0	0	0	8	-8.2339999349788	43.535216843216105	0	5	0
HepG2_skew	[0.5,1.0)	PLS	SINGLETON	CpG-CGI	508	508	229.048	179.490942	508	508.5550010045989	4243.468115712724	118	183	308
HepG2_skew	[0.5,1.0)	PLS	SINGLETON	CpG-nonCGI	216	216	234.818	378.521894	216	112.55700028641151	1225.712074581708	30	74	100
HepG2_skew	[0.5,1.0)	PLS	SINGLETON	non-CpG-ti	4231	4231	619.874	114.071726	4231	2897.142995161006	26654.092875116727	763	1475	1559
HepG2_skew	[0.5,1.0)	PLS	SINGLETON	non-CpG-tv	4577	4577	344.42	45.271782	4575	3874.516997346306	31411.78412238838	912	1622	1931
HepG2_skew	[0.5,1.0)	PLS	SINGLETON	unknown	9	0	0	0	9	-0.12700001150369702	1.4699929630018473	0	3	2
HepG2_skew	[0.5,1.0)	PLS	ULTRARARE	CpG-CGI	460	460	240.912	244.37622	460	436.4219992361032	3524.8426248937913	107	169	258
HepG2_skew	[0.5,1.0)	PLS	ULTRARARE	CpG-nonCGI	330	330	469.777	846.857701	330	-96.8849991603057	1551.2281553684609	22	102	125
HepG2_skew	[0.5,1.0)	PLS	ULTRARARE	non-CpG-ti	2873	2873	443.916	86.98077599999999	2873	1910.27899558947	18587.25020803911	500	987	1058
HepG2_skew	[0.5,1.0)	PLS	ULTRARARE	non-CpG-tv	2912	2912	248.288	37.918606	2909	1953.0310000858735	19554.286138770993	546	1078	1234
HepG2_skew	[0.5,1.0)	PLS	ULTRARARE	unknown	23	0	0	0	23	3.749000199139126	71.32694610106633	2	12	3
HepG2_skew	[0.5,1.0)	dELS	COMMON	CpG-CGI	39	39	55.512	108.639672	39	-20.699000101536505	120.77422199801798	1	11	10
HepG2_skew	[0.5,1.0)	dELS	COMMON	CpG-nonCGI	1267	1267	2358.785	5005.317143	1267	-1215.6869983888473	4204.634476147513	14	128	287
HepG2_skew	[0.5,1.0)	dELS	COMMON	non-CpG-ti	5736	5736	837.547	170.029519	5723	-2996.63200328825	15732.78984068401	150	660	1123
HepG2_skew	[0.5,1.0)	dELS	COMMON	non-CpG-tv	3191	3191	188.196	20.944724	3183	-567.5999982488577	6679.3883204751155	107	363	620
HepG2_skew	[0.5,1.0)	dELS	COMMON	unknown	4	0	0	0	3	-1.0650000199675524	1.332197053190948	0	0	1
HepG2_skew	[0.5,1.0)	dELS	LOW_FREQ	CpG-CGI	48	48	66.62	131.5422	48	-45.8710000049323	258.46129291046924	1	12	16
HepG2_skew	[0.5,1.0)	dELS	LOW_FREQ	CpG-nonCGI	1611	1611	3262.433	7167.063679	1611	-1522.9609992461044	6013.757794881071	23	169	351
HepG2_skew	[0.5,1.0)	dELS	LOW_FREQ	non-CpG-ti	5343	5343	835.697	181.308613	5333	-1076.6069979874892	11584.409099940773	190	479	892
HepG2_skew	[0.5,1.0)	dELS	LOW_FREQ	non-CpG-tv	3643	3643	242.133	34.655659	3633	-104.97700450825506	8595.582646243058	161	314	640
HepG2_skew	[0.5,1.0)	dELS	LOW_FREQ	unknown	1	0	0	0	1	-0.542999982833862	0.294848981357575	0	0	0
HepG2_skew	[0.5,1.0)	dELS	RARE	CpG-CGI	134	134	212.303	422.983239	133	-119.60799952223897	615.4407087053934	5	23	28
HepG2_skew	[0.5,1.0)	dELS	RARE	CpG-nonCGI	5000	5000	10166.667	22345.098983	4991	-4652.450000644546	18829.447770294148	80	491	990
HepG2_skew	[0.5,1.0)	dELS	RARE	non-CpG-ti	13224	13224	2086.285	459.88235299999997	13211	-2083.6869973272524	30638.66785724595	502	1113	2136
HepG2_skew	[0.5,1.0)	dELS	RARE	non-CpG-tv	8899	8899	575.8149999999999	76.403125	8883	489.8640044745983	21893.298633813363	475	836	1537
HepG2_skew	[0.5,1.0)	dELS	RARE	unknown	12	0	0	0	11	-1.9680000320076947	4.656428038555509	0	0	1
HepG2_skew	[0.5,1.0)	dELS	SINGLETON	CpG-CGI	421	421	344.69599999999997	486.102674	421	-10.117999875685319	1906.512705227372	42	76	178
HepG2_skew	[0.5,1.0)	dELS	SINGLETON	CpG-nonCGI	4951	4951	8863.947	17536.312165	4943	-3768.4829975813623	18319.313030711404	134	499	1133
HepG2_skew	[0.5,1.0)	dELS	SINGLETON	non-CpG-ti	127395	127395	18808.624	3705.866336	127235	-10562.834988368326	298593.63591368037	5656	11003	21238
HepG2_skew	[0.5,1.0)	dELS	SINGLETON	non-CpG-tv	99765	99765	5502.888	487.587528	99603	10089.045997222769	234280.69285561924	5461	9056	16976
HepG2_skew	[0.5,1.0)	dELS	SINGLETON	unknown	45	0	0	0	43	-10.547000050544746	28.25620365812791	0	3	4
HepG2_skew	[0.5,1.0)	dELS	ULTRARARE	CpG-CGI	613	613	874.796	1687.670096	611	-331.7599994002377	2404.0318658800134	30	126	171
HepG2_skew	[0.5,1.0)	dELS	ULTRARARE	CpG-nonCGI	19452	19452	38063.742	80689.122258	19425	-17141.733988626052	74073.08149697998	398	2017	4083
HepG2_skew	[0.5,1.0)	dELS	ULTRARARE	non-CpG-ti	84880	84880	13520.542	2958.31805	84763	-12386.354971459485	203940.42246927568	3585	7354	13844
HepG2_skew	[0.5,1.0)	dELS	ULTRARARE	non-CpG-tv	56595	56595	3421.727	363.216795	56494	4462.632994867165	133742.2640746447	3059	5256	9897
HepG2_skew	[0.5,1.0)	dELS	ULTRARARE	unknown	33	0	0	0	33	-10.768000029027464	38.282453688677236	0	1	7
HepG2_skew	[0.5,1.0)	non-cCRE	COMMON	CpG-CGI	21	21	26.778	49.199028	20	-14.171999733895058	58.905670777471755	1	8	6
HepG2_skew	[0.5,1.0)	non-cCRE	COMMON	CpG-nonCGI	2455	2455	5026.147	11380.684083	2427	-2285.2049992217235	6684.072981924813	9	122	21
HepG2_skew	[0.5,1.0)	non-cCRE	COMMON	non-CpG-ti	14190	14190	2063.845	408.350125	14096	-9049.430997210557	32408.393282436806	101	673	158
HepG2_skew	[0.5,1.0)	non-cCRE	COMMON	non-CpG-tv	7513	7513	520.237	80.120915	7431	-2351.950996506376	10081.080741561187	66	362	78
HepG2_skew	[0.5,1.0)	non-cCRE	COMMON	unknown	17	0	0	0	13	-10.256000041961666	23.64103009161469	0	1	0
HepG2_skew	[0.5,1.0)	non-cCRE	LOW_FREQ	CpG-CGI	34	34	60.176	126.736722	32	-27.277999989688375	136.2937552970363	1	9	6
HepG2_skew	[0.5,1.0)	non-cCRE	LOW_FREQ	CpG-nonCGI	3287	3287	7383.985	17557.206275	3240	-3120.2570011572698	9635.372767021927	14	181	59
HepG2_skew	[0.5,1.0)	non-cCRE	LOW_FREQ	non-CpG-ti	13946	13946	2124.645	435.635587	13822	-4021.651989717271	20241.917400265895	106	532	140
HepG2_skew	[0.5,1.0)	non-cCRE	LOW_FREQ	non-CpG-tv	9594	9594	1018.008	257.84607	9479	-1467.8349970637353	10550.25915322915	92	379	100
HepG2_skew	[0.5,1.0)	non-cCRE	LOW_FREQ	unknown	26	0	0	0	16	-11.068999908864491	36.36261037472036	0	0	1
HepG2_skew	[0.5,1.0)	non-cCRE	RARE	CpG-CGI	106	106	154.306	306.342216	104	-31.385999754071264	265.4915940876091	5	28	18
HepG2_skew	[0.5,1.0)	non-cCRE	RARE	CpG-nonCGI	9553	9553	21549.135	51351.323163	9417	-8812.078991777382	26585.56464898076	48	445	132
HepG2_skew	[0.5,1.0)	non-cCRE	RARE	non-CpG-ti	33497	33497	5176.528	1077.6192819999999	33211	-7803.980992004158	44810.7640940892	330	1257	330
HepG2_skew	[0.5,1.0)	non-cCRE	RARE	non-CpG-tv	22252	22252	1699.658	289.907982	21916	-2582.0899824041403	25688.90268287549	287	939	304
HepG2_skew	[0.5,1.0)	non-cCRE	RARE	unknown	41	0	0	0	25	-1.0469999779015724	8.605113083818834	0	2	0
HepG2_skew	[0.5,1.0)	non-cCRE	SINGLETON	CpG-CGI	387	387	285.929	381.166971	385	73.45799874712253	1337.1886498763558	38	114	128
HepG2_skew	[0.5,1.0)	non-cCRE	SINGLETON	CpG-nonCGI	7296	7296	14067.245	29194.782057	7262	-5806.819996395614	18749.382217841532	47	415	148
HepG2_skew	[0.5,1.0)	non-cCRE	SINGLETON	non-CpG-ti	307779	307779	44984.895	8595.770403	305751	-46898.0519409153	369146.3523494387	3370	11090	3057
HepG2_skew	[0.5,1.0)	non-cCRE	SINGLETON	non-CpG-tv	227618	227618	13383.894	1298.504988	225617	-14427.004904932348	253976.92581370907	3321	8866	2832
HepG2_skew	[0.5,1.0)	non-cCRE	SINGLETON	unknown	247	0	0	0	181	-26.019000250846148	104.4215418587447	0	14	0
HepG2_skew	[0.5,1.0)	non-cCRE	ULTRARARE	CpG-CGI	475	475	556.137	1013.009961	472	-0.1969995810650183	1880.5814685522043	44	130	110
HepG2_skew	[0.5,1.0)	non-cCRE	ULTRARARE	CpG-nonCGI	30393	30393	64677.996	145671.84984	30204	-27310.373994923895	86536.44890684781	176	1442	508
HepG2_skew	[0.5,1.0)	non-cCRE	ULTRARARE	non-CpG-ti	207675	207675	32325.996	6715.2947619999995	206103	-41234.67094021573	266324.1652325393	2167	7322	2051
HepG2_skew	[0.5,1.0)	non-cCRE	ULTRARARE	non-CpG-tv	134065	134065	8705.85	1001.097568	132493	-12004.077945588046	150753.96490408987	1835	5425	1628
HepG2_skew	[0.5,1.0)	non-cCRE	ULTRARARE	unknown	212	0	0	0	139	-50.36199985444545	216.1902503650759	0	7	3
HepG2_skew	[0.5,1.0)	pELS	COMMON	CpG-CGI	25	25	12.762	11.201853999999999	25	0.6600000504404208	71.00321439895528	2	12	9
HepG2_skew	[0.5,1.0)	pELS	COMMON	CpG-nonCGI	149	149	233.343	446.573793	149	-150.38400145526975	526.3050146173202	1	36	34
HepG2_skew	[0.5,1.0)	pELS	COMMON	non-CpG-ti	821	821	119.945	24.438849	820	-337.500997249619	2449.849574974556	31	252	178
HepG2_skew	[0.5,1.0)	pELS	COMMON	non-CpG-tv	550	550	34.886	3.979766	546	-110.51200210675597	1311.4415124573475	24	188	141
HepG2_skew	[0.5,1.0)	pELS	COMMON	unknown	1	0	0	0	1	-2.10800004005432	4.44366416886902	0	0	0
HepG2_skew	[0.5,1.0)	pELS	LOW_FREQ	CpG-CGI	33	33	16.219	12.986169	33	7.643999761668954	143.41684092810445	3	9	13
HepG2_skew	[0.5,1.0)	pELS	LOW_FREQ	CpG-nonCGI	199	199	337.012	684.457884	198	-178.22900000959635	696.4618105105789	2	36	51
HepG2_skew	[0.5,1.0)	pELS	LOW_FREQ	non-CpG-ti	856	856	129.068	25.230166	856	-49.50399713020306	2301.0914063963946	42	198	185
HepG2_skew	[0.5,1.0)	pELS	LOW_FREQ	non-CpG-tv	656	656	49.858	7.487184	650	13.727998509071789	1877.712025050722	49	162	178
HepG2_skew	[0.5,1.0)	pELS	LOW_FREQ	unknown	2	0	0	0	1	0	0	0	0	0
HepG2_skew	[0.5,1.0)	pELS	RARE	CpG-CGI	102	102	74.729	107.671623	102	19.89199911430477	529.6063935888461	15	42	47
HepG2_skew	[0.5,1.0)	pELS	RARE	CpG-nonCGI	543	543	971.52	1979.63089	540	-439.7800003068988	1814.3864975511387	9	111	116
HepG2_skew	[0.5,1.0)	pELS	RARE	non-CpG-ti	2078	2078	315.371	63.797507	2075	-29.131001835456104	6639.072211988748	138	496	477
HepG2_skew	[0.5,1.0)	pELS	RARE	non-CpG-tv	1760	1760	133.223	19.593185000000002	1753	250.32100015180174	5331.659886969664	129	525	464
HepG2_skew	[0.5,1.0)	pELS	RARE	unknown	6	0	0	0	5	-4.740999855101112	16.954957789442304	0	4	1
HepG2_skew	[0.5,1.0)	pELS	SINGLETON	CpG-CGI	800	800	356.827	269.350525	800	482.468000866007	4549.322937260187	133	321	393
HepG2_skew	[0.5,1.0)	pELS	SINGLETON	CpG-nonCGI	1013	1013	1279.688	2194.63624	1011	-550.4089981762228	3716.5990349010794	36	284	274
HepG2_skew	[0.5,1.0)	pELS	SINGLETON	non-CpG-ti	20472	20472	2938.453	546.212203	20451	3330.0320065626865	63742.68194020673	1605	4999	4399
HepG2_skew	[0.5,1.0)	pELS	SINGLETON	non-CpG-tv	18773	18773	1217.712	137.11736	18747	5593.491993959413	62926.85473025111	1707	5068	4584
HepG2_skew	[0.5,1.0)	pELS	SINGLETON	unknown	27	0	0	0	26	-3.069000378251115	120.07079567745251	1	6	7
HepG2_skew	[0.5,1.0)	pELS	ULTRARARE	CpG-CGI	677	677	354.68	353.329648	676	407.52900242805475	3560.98090766761	107	272	314
HepG2_skew	[0.5,1.0)	pELS	ULTRARARE	CpG-nonCGI	2433	2433	4091.255	8071.649795	2428	-1806.5890041586256	9239.672612075246	63	558	537
HepG2_skew	[0.5,1.0)	pELS	ULTRARARE	non-CpG-ti	13387	13387	2058.185	416.711093	13376	1247.6300016203902	40977.75675004877	994	3362	2991
HepG2_skew	[0.5,1.0)	pELS	ULTRARARE	non-CpG-tv	11147	11147	821.051	110.448809	11128	2879.7220043883444	38782.25154562617	1023	3149	2809
HepG2_skew	[0.5,1.0)	pELS	ULTRARARE	unknown	43	0	0	0	40	-9.681999906897582	114.40044981644273	4	17	3
HepG2_skew	[1.0,1.5)	Other cCREs	COMMON	CpG-CGI	1	1	1.715	2.941225	1	0.13400000333786	0.0179560008945465	0	1	0
HepG2_skew	[1.0,1.5)	Other cCREs	COMMON	CpG-nonCGI	64	64	130.615	291.614081	64	-71.92699964717033	250.4918187783832	0	2	16
HepG2_skew	[1.0,1.5)	Other cCREs	COMMON	non-CpG-ti	396	396	52.669	8.822195	396	-284.9219993761509	1226.6844213657223	4	17	40
HepG2_skew	[1.0,1.5)	Other cCREs	COMMON	non-CpG-tv	188	188	11.409	1.068439	187	-76.35399995488112	340.6603745312839	4	12	16
HepG2_skew	[1.0,1.5)	Other cCREs	COMMON	unknown	2	0	0	0	1	0	0	0	0	0
HepG2_skew	[1.0,1.5)	Other cCREs	LOW_FREQ	CpG-nonCGI	85	85	189.557	445.332053	84	-78.38199957925828	212.25890392233728	1	5	5
HepG2_skew	[1.0,1.5)	Other cCREs	LOW_FREQ	non-CpG-ti	328	328	46.684	8.787728	327	-114.36200088867905	675.8305063132508	2	11	22
HepG2_skew	[1.0,1.5)	Other cCREs	LOW_FREQ	non-CpG-tv	197	197	12.606	1.261308	194	-29.940999559592424	352.38932785414283	5	4	12
HepG2_skew	[1.0,1.5)	Other cCREs	LOW_FREQ	unknown	2	0	0	0	1	-1.43799996376038	2.06784389577484	0	0	0
HepG2_skew	[1.0,1.5)	Other cCREs	RARE	CpG-CGI	6	6	10.238	21.079808	6	-5.8370000422000885	9.843915142199991	0	1	1
HepG2_skew	[1.0,1.5)	Other cCREs	RARE	CpG-nonCGI	259	259	589.984	1412.074502	257	-259.79699895717204	728.4871547118156	0	10	32
HepG2_skew	[1.0,1.5)	Other cCREs	RARE	non-CpG-ti	808	808	116.68	20.942312	805	-190.48300068802206	1117.2206742297385	8	24	55
HepG2_skew	[1.0,1.5)	Other cCREs	RARE	non-CpG-tv	529	529	34.102	3.458092	520	-90.14099928759964	770.4430287951452	10	24	22
HepG2_skew	[1.0,1.5)	Other cCREs	RARE	unknown	3	0	0	0	0	0	0	0	0	0
HepG2_skew	[1.0,1.5)	Other cCREs	SINGLETON	CpG-CGI	12	12	17.054	29.363068	12	-10.485000013373794	47.00446690129512	0	2	0
HepG2_skew	[1.0,1.5)	Other cCREs	SINGLETON	CpG-nonCGI	172	172	343.1	742.535544	170	-124.31700094509881	393.08294351357523	1	11	23
HepG2_skew	[1.0,1.5)	Other cCREs	SINGLETON	non-CpG-ti	7058	7058	982.929	169.189609	7032	-996.5459967156643	10317.32405265728	133	287	437
HepG2_skew	[1.0,1.5)	Other cCREs	SINGLETON	non-CpG-tv	5141	5141	309.688	29.388914	5081	-358.6929986259201	6613.125761325673	103	206	303
HepG2_skew	[1.0,1.5)	Other cCREs	SINGLETON	unknown	8	0	0	0	4	-2.78899997472763	8.452480833000186	0	1	0
HepG2_skew	[1.0,1.5)	Other cCREs	ULTRARARE	CpG-CGI	22	22	38.164	79.565988	22	-15.407999724149716	87.58940587256095	1	3	1
HepG2_skew	[1.0,1.5)	Other cCREs	ULTRARARE	CpG-nonCGI	765	765	1671.2350000000001	3856.351041	762	-733.3949999907054	2518.0437288900025	3	31	71
HepG2_skew	[1.0,1.5)	Other cCREs	ULTRARARE	non-CpG-ti	4821	4821	719.794	138.418198	4800	-881.5070016741518	7229.811187474063	83	173	299
HepG2_skew	[1.0,1.5)	Other cCREs	ULTRARARE	non-CpG-tv	3110	3110	199.393	19.698303	3068	-365.75099768396484	4379.7912898159275	65	128	187
HepG2_skew	[1.0,1.5)	Other cCREs	ULTRARARE	unknown	3	0	0	0	0	0	0	0	0	0
HepG2_skew	[1.0,1.5)	PLS	COMMON	CpG-CGI	1	1	0.673	0.452929	1	-0.0379999987781048	0.00144399990713596	0	0	0
HepG2_skew	[1.0,1.5)	PLS	COMMON	CpG-nonCGI	6	6	10.224	21.55811	6	-7.881999984383578	20.53833781984404	0	3	3
HepG2_skew	[1.0,1.5)	PLS	COMMON	non-CpG-ti	21	21	2.799	0.421935	21	-10.731999939307576	29.84722997452738	1	9	8
HepG2_skew	[1.0,1.5)	PLS	COMMON	non-CpG-tv	19	19	1.236	0.139842	19	-5.844999805092804	51.09031617251203	2	10	8
HepG2_skew	[1.0,1.5)	PLS	LOW_FREQ	CpG-CGI	1	1	0.301	0.090601	1	-0.0759999975562096	0.00577599962854386	0	0	1
HepG2_skew	[1.0,1.5)	PLS	LOW_FREQ	CpG-nonCGI	3	3	6.595	14.938061000000001	3	-5.66700005531311	13.764513338577274	0	3	1
HepG2_skew	[1.0,1.5)	PLS	LOW_FREQ	non-CpG-ti	25	25	3.555	0.585707	25	28.42500017769635	175.19813242307401	5	9	10
HepG2_skew	[1.0,1.5)	PLS	LOW_FREQ	non-CpG-tv	11	11	0.709	0.060935	11	-2.563000045716767	9.284385379111173	0	4	4
HepG2_skew	[1.0,1.5)	PLS	RARE	CpG-CGI	2	2	0.6970000000000001	0.295717	2	0.691000014543533	1.0669250490188606	0	1	2
HepG2_skew	[1.0,1.5)	PLS	RARE	CpG-nonCGI	12	12	24.381	52.494899	12	-7.394000023603447	93.19725894130495	0	2	3
HepG2_skew	[1.0,1.5)	PLS	RARE	non-CpG-ti	79	79	12.437999999999999	2.585242	79	27.55700006522236	556.9708809842851	9	31	32
HepG2_skew	[1.0,1.5)	PLS	RARE	non-CpG-tv	60	60	5.777	1.027111	60	13.61099996557459	275.5982118233281	5	26	19
HepG2_skew	[1.0,1.5)	PLS	RARE	unknown	1	0	0	0	1	0.270000010728836	0.0729000057935716	0	1	0
HepG2_skew	[1.0,1.5)	PLS	SINGLETON	CpG-CGI	51	51	19.561	12.084521	51	60.28699964471159	468.3106560987173	15	18	30
HepG2_skew	[1.0,1.5)	PLS	SINGLETON	CpG-nonCGI	20	20	19.987	31.873355	20	7.834000140428548	146.06290211717712	3	10	9
HepG2_skew	[1.0,1.5)	PLS	SINGLETON	non-CpG-ti	695	695	103.952	18.629602	695	472.0220039254055	4244.416727188686	124	252	261
HepG2_skew	[1.0,1.5)	PLS	SINGLETON	non-CpG-tv	677	677	59.405	9.309029	676	564.5340021519226	4419.29517359501	123	234	266
HepG2_skew	[1.0,1.5)	PLS	SINGLETON	unknown	2	0	0	0	2	-2.11700001358986	5.89935706424046	0	2	0
HepG2_skew	[1.0,1.5)	PLS	ULTRARARE	CpG-CGI	35	35	18.525	17.798293	35	21.817000104114417	166.86625869380654	8	14	24
HepG2_skew	[1.0,1.5)	PLS	ULTRARARE	CpG-nonCGI	50	50	74.237	140.390435	50	-16.93099992070347	352.35845831742387	3	17	23
HepG2_skew	[1.0,1.5)	PLS	ULTRARARE	non-CpG-ti	512	512	80.48	15.007121999999999	511	528.5039980039	3618.939801541678	117	170	185
HepG2_skew	[1.0,1.5)	PLS	ULTRARARE	non-CpG-tv	408	408	43.337	8.020829	407	229.3159992396831	2660.8065653656095	70	135	162
HepG2_skew	[1.0,1.5)	PLS	ULTRARARE	unknown	1	0	0	0	1	-1.03199994564056	1.06502388780213	0	1	0
HepG2_skew	[1.0,1.5)	dELS	COMMON	CpG-CGI	3	3	3.379	5.2362649999999995	3	-1.2759998664259942	6.46154155228604	0	0	1
HepG2_skew	[1.0,1.5)	dELS	COMMON	CpG-nonCGI	223	223	424.716	906.456564	223	-201.0109995590755	524.1900623113171	1	28	57
HepG2_skew	[1.0,1.5)	dELS	COMMON	non-CpG-ti	1014	1014	134.54	23.331736	1014	-472.1039996474283	2788.94381495916	26	108	223
HepG2_skew	[1.0,1.5)	dELS	COMMON	non-CpG-tv	553	553	31.169	2.831209	552	-177.03800030297126	1234.521938078341	17	71	116
HepG2_skew	[1.0,1.5)	dELS	LOW_FREQ	CpG-CGI	9	9	19.707	46.283617	9	-11.706000028061686	29.96079425075234	0	0	2
HepG2_skew	[1.0,1.5)	dELS	LOW_FREQ	CpG-nonCGI	259	259	535.49	1203.941912	258	-248.42199930548674	837.0495388436952	1	25	70
HepG2_skew	[1.0,1.5)	dELS	LOW_FREQ	non-CpG-ti	884	884	127.822	23.61861	882	-171.24699962697943	2016.4032269812888	35	70	135
HepG2_skew	[1.0,1.5)	dELS	LOW_FREQ	non-CpG-tv	618	618	38.934	3.92679	618	-26.379999325145054	1335.783980216596	34	65	104
HepG2_skew	[1.0,1.5)	dELS	RARE	CpG-CGI	22	22	36.37	77.89595	22	-6.9500000849366215	64.49782623111618	1	3	3
HepG2_skew	[1.0,1.5)	dELS	RARE	CpG-nonCGI	806	806	1673.048	3728.876194	805	-779.637000140734	3300.258155740553	10	82	217
HepG2_skew	[1.0,1.5)	dELS	RARE	non-CpG-ti	2339	2339	337.574	63.415976	2331	-243.27700091246513	5029.942907953908	92	213	377
HepG2_skew	[1.0,1.5)	dELS	RARE	non-CpG-tv	1507	1507	93.899	9.462149	1503	26.061000338406338	3708.9960300985335	75	138	266
HepG2_skew	[1.0,1.5)	dELS	RARE	unknown	1	0	0	0	1	0.061999998986721	0.00384399987435341	0	0	0
HepG2_skew	[1.0,1.5)	dELS	SINGLETON	CpG-CGI	61	61	61.623	100.640501	60	4.7560007562860855	283.8831351827287	6	11	20
HepG2_skew	[1.0,1.5)	dELS	SINGLETON	CpG-nonCGI	780	780	1446.126	2942.965278	780	-688.0320005670658	2937.2909355981305	18	88	194
HepG2_skew	[1.0,1.5)	dELS	SINGLETON	non-CpG-ti	22878	22878	3157.311	550.510733	22844	-1215.536001680303	52634.79238764536	1041	1938	3768
HepG2_skew	[1.0,1.5)	dELS	SINGLETON	non-CpG-tv	17361	17361	1010.485	93.079263	17323	1316.9420087359615	41111.66120655733	943	1667	3145
HepG2_skew	[1.0,1.5)	dELS	SINGLETON	unknown	6	0	0	0	6	-1.5270000621676403	4.915755348305111	0	1	1
HepG2_skew	[1.0,1.5)	dELS	ULTRARARE	CpG-CGI	104	104	135.508	253.671626	104	-5.415000822395123	415.6345001004814	13	20	29
HepG2_skew	[1.0,1.5)	dELS	ULTRARARE	CpG-nonCGI	3172	3172	6329.121	13618.381343	3172	-2744.049002164975	11383.035079161164	69	353	824
HepG2_skew	[1.0,1.5)	dELS	ULTRARARE	non-CpG-ti	14977	14977	2190.358	416.634982	14959	-1449.4329925922214	34342.51326679804	685	1338	2471
HepG2_skew	[1.0,1.5)	dELS	ULTRARARE	non-CpG-tv	9704	9704	610.665	63.420951	9680	681.4990019504909	23460.221658780258	526	921	1706
HepG2_skew	[1.0,1.5)	dELS	ULTRARARE	unknown	6	0	0	0	5	-0.6339999660849522	5.357259857376818	0	0	1
HepG2_skew	[1.0,1.5)	non-cCRE	COMMON	CpG-CGI	2	2	1.822	1.7382499999999999	2	-0.6030000448226971	1.378409105220796	0	1	0
HepG2_skew	[1.0,1.5)	non-cCRE	COMMON	CpG-nonCGI	254	254	522.139	1197.935919	252	-223.93600032851097	771.4903180973847	2	13	12
HepG2_skew	[1.0,1.5)	non-cCRE	COMMON	non-CpG-ti	2895	2895	357.015	55.080443	2877	-2315.8690043160464	7264.69532015124	11	154	27
HepG2_skew	[1.0,1.5)	non-cCRE	COMMON	non-CpG-tv	1193	1193	77.33200000000001	8.737194	1185	-466.47299928031873	1844.9503164505254	10	72	19
HepG2_skew	[1.0,1.5)	non-cCRE	COMMON	unknown	4	0	0	0	4	-4.570000022649765	11.294286168409826	0	0	0
HepG2_skew	[1.0,1.5)	non-cCRE	LOW_FREQ	CpG-CGI	7	7	12.369	22.811465	6	-5.039999939501291	15.003845559746845	0	1	0
HepG2_skew	[1.0,1.5)	non-cCRE	LOW_FREQ	CpG-nonCGI	330	330	749.145	1817.400887	327	-388.40000038035197	1289.6412600453916	0	19	9
HepG2_skew	[1.0,1.5)	non-cCRE	LOW_FREQ	non-CpG-ti	2655	2655	370.378	65.395394	2637	-1013.1730013750496	4063.8537835735096	13	113	28
HepG2_skew	[1.0,1.5)	non-cCRE	LOW_FREQ	non-CpG-tv	1359	1359	86.765	8.408951	1342	-308.6279992719648	1682.6937715897243	14	55	8
HepG2_skew	[1.0,1.5)	non-cCRE	LOW_FREQ	unknown	3	0	0	0	3	2.15600009635091	4.72221842278762	0	0	0
HepG2_skew	[1.0,1.5)	non-cCRE	RARE	CpG-CGI	8	8	13.18	27.872768	8	-1.6299999095499464	20.891572802533112	1	2	1
HepG2_skew	[1.0,1.5)	non-cCRE	RARE	CpG-nonCGI	1056	1056	2427.775	5846.519187	1047	-1084.468000779511	3300.532951506615	4	44	22
HepG2_skew	[1.0,1.5)	non-cCRE	RARE	non-CpG-ti	6324	6324	878.189	152.521579	6279	-2246.8460012298315	9397.014065300604	40	277	58
HepG2_skew	[1.0,1.5)	non-cCRE	RARE	non-CpG-tv	3371	3371	218.491	24.203589	3319	-731.3769980159124	4359.474545681868	35	155	45
HepG2_skew	[1.0,1.5)	non-cCRE	RARE	unknown	8	0	0	0	3	2.326999932527543	4.7416087020907485	0	0	0
HepG2_skew	[1.0,1.5)	non-cCRE	SINGLETON	CpG-CGI	56	56	38.643	54.109833	56	32.79699996463016	299.1499632270477	10	22	16
HepG2_skew	[1.0,1.5)	non-cCRE	SINGLETON	CpG-nonCGI	751	751	1463.8990000000001	3106.077055	748	-624.6359996884131	2068.27258960516	5	59	43
HepG2_skew	[1.0,1.5)	non-cCRE	SINGLETON	non-CpG-ti	52520	52520	7315.181	1239.604361	52145	-8696.368989000215	62506.863626992716	538	1997	566
HepG2_skew	[1.0,1.5)	non-cCRE	SINGLETON	non-CpG-tv	35352	35352	2138.27	198.209502	35031	-3877.106984312065	41391.22797417637	472	1518	482
HepG2_skew	[1.0,1.5)	non-cCRE	SINGLETON	unknown	26	0	0	0	18	-8.263999909162525	13.751105803451175	0	1	0
HepG2_skew	[1.0,1.5)	non-cCRE	ULTRARARE	CpG-CGI	64	64	76.606	140.408076	64	-34.20399979501963	211.81130961450103	2	16	14
HepG2_skew	[1.0,1.5)	non-cCRE	ULTRARARE	CpG-nonCGI	3322	3322	7256.129	16721.821671	3307	-3321.032996280003	10998.977168504043	26	177	90
HepG2_skew	[1.0,1.5)	non-cCRE	ULTRARARE	non-CpG-ti	36391	36391	5215.2429999999995	930.763187	36103	-8502.255983754645	48308.16504923888	320	1505	387
HepG2_skew	[1.0,1.5)	non-cCRE	ULTRARARE	non-CpG-tv	20930	20930	1353.555	139.325509	20683	-3223.9209913287773	25093.35231937166	233	969	289
HepG2_skew	[1.0,1.5)	non-cCRE	ULTRARARE	unknown	40	0	0	0	27	-22.100000191479914	73.03152233280578	0	7	0
HepG2_skew	[1.0,1.5)	pELS	COMMON	CpG-CGI	5	5	2.297	1.314781	5	13.356000095605848	76.03431965424495	2	2	3
HepG2_skew	[1.0,1.5)	pELS	COMMON	CpG-nonCGI	23	23	36.906	76.524646	23	-11.988999690860513	72.59604100108665	1	6	9
HepG2_skew	[1.0,1.5)	pELS	COMMON	non-CpG-ti	165	165	21.831	3.853261	165	-80.62799989618365	487.60594672631254	7	57	43
HepG2_skew	[1.0,1.5)	pELS	COMMON	non-CpG-tv	99	99	6.846	0.788902	97	8.427999090636156	253.54828666697426	5	33	28
HepG2_skew	[1.0,1.5)	pELS	LOW_FREQ	CpG-CGI	1	1	0.301	0.090601	1	-0.365000009536743	0.133225006961823	0	0	1
HepG2_skew	[1.0,1.5)	pELS	LOW_FREQ	CpG-nonCGI	26	26	48.642	107.37009	26	-4.5030001699924505	29.78994231506063	1	7	5
HepG2_skew	[1.0,1.5)	pELS	LOW_FREQ	non-CpG-ti	147	147	21.469	4.229483	147	18.481999921612434	309.9185102473722	7	42	26
HepG2_skew	[1.0,1.5)	pELS	LOW_FREQ	non-CpG-tv	112	112	7.492	0.940474	111	-25.45499986596404	317.65628690247314	8	32	28
HepG2_skew	[1.0,1.5)	pELS	RARE	CpG-CGI	10	10	4.344	3.951436	10	6.756000123918062	27.667570506774187	1	6	7
HepG2_skew	[1.0,1.5)	pELS	RARE	CpG-nonCGI	96	96	176.15200000000002	373.033166	96	-63.1130005503073	281.82726177705854	4	25	26
HepG2_skew	[1.0,1.5)	pELS	RARE	non-CpG-ti	437	437	63.594	11.408904	437	101.72199865290898	1147.221453212389	32	118	105
HepG2_skew	[1.0,1.5)	pELS	RARE	non-CpG-tv	297	297	24.285	3.534913	295	92.25399976177154	923.3874241524742	28	89	74
HepG2_skew	[1.0,1.5)	pELS	RARE	unknown	3	0	0	0	3	-3.96399985253811	21.3074886343575	0	3	0
HepG2_skew	[1.0,1.5)	pELS	SINGLETON	CpG-CGI	124	124	55.589	43.767665	124	64.38600079435855	511.74168247582514	16	51	61
HepG2_skew	[1.0,1.5)	pELS	SINGLETON	CpG-nonCGI	134	134	174.528	308.012098	134	-68.8330001134891	480.8420112516775	4	33	42
HepG2_skew	[1.0,1.5)	pELS	SINGLETON	non-CpG-ti	3959	3959	555.474	96.119098	3956	678.247997677536	12139.916059604766	307	1006	906
HepG2_skew	[1.0,1.5)	pELS	SINGLETON	non-CpG-tv	3458	3458	254.251	32.027899	3455	752.7190034396477	10273.470315157485	293	917	907
HepG2_skew	[1.0,1.5)	pELS	SINGLETON	unknown	8	0	0	0	8	0.723000016063452	1.15928305426222	0	5	2
HepG2_skew	[1.0,1.5)	pELS	ULTRARARE	CpG-CGI	98	98	42.248	33.356028	98	83.51300093904133	913.6657296863664	18	37	53
HepG2_skew	[1.0,1.5)	pELS	ULTRARARE	CpG-nonCGI	364	364	628.833	1278.755863	364	-290.114000516478	1506.8358926158357	13	81	95
HepG2_skew	[1.0,1.5)	pELS	ULTRARARE	non-CpG-ti	2628	2628	381.714	69.700778	2627	306.60499821323907	7913.269313705149	197	697	598
HepG2_skew	[1.0,1.5)	pELS	ULTRARARE	non-CpG-tv	2006	2006	165.925	24.628269	2003	389.95599957508983	6466.641371600884	167	579	513
HepG2_skew	[1.0,1.5)	pELS	ULTRARARE	unknown	13	0	0	0	13	-13.80299989134073	66.17248916689327	0	8	2
HepG2_skew	[1.5,Inf)	Other cCREs	COMMON	CpG-nonCGI	2	2	4.606	10.607618	2	-1.226999968290329	1.0055249578714378	0	0	0
HepG2_skew	[1.5,Inf)	Other cCREs	COMMON	non-CpG-ti	146	146	18.356	2.817618	146	-128.49099986627698	416.77087893413943	0	10	12
HepG2_skew	[1.5,Inf)	Other cCREs	COMMON	non-CpG-tv	58	58	3.341	0.367161	58	-24.94200002774598	120.44115990119896	1	4	6
HepG2_skew	[1.5,Inf)	Other cCREs	LOW_FREQ	CpG-nonCGI	14	14	33.531	84.155601	14	-13.826000101864345	41.52303281161717	0	1	0
HepG2_skew	[1.5,Inf)	Other cCREs	LOW_FREQ	non-CpG-ti	106	106	15.965	3.302029	106	-27.779000189155333	97.80969700196458	1	3	7
HepG2_skew	[1.5,Inf)	Other cCREs	LOW_FREQ	non-CpG-tv	53	53	2.895	0.223821	53	2.0259998785331796	47.41338231686248	1	2	6
HepG2_skew	[1.5,Inf)	Other cCREs	RARE	CpG-nonCGI	35	35	78.212	180.9127	35	-33.03799943625927	140.51552046597416	0	1	8
HepG2_skew	[1.5,Inf)	Other cCREs	RARE	non-CpG-ti	253	253	36.943	6.289947	253	-46.738000031211435	361.80622225719935	4	10	15
HepG2_skew	[1.5,Inf)	Other cCREs	RARE	non-CpG-tv	122	122	8.177	0.904521	121	-15.379999978467804	166.57719002413165	2	2	3
HepG2_skew	[1.5,Inf)	Other cCREs	SINGLETON	CpG-CGI	2	2	2.97	4.472402	2	-0.654000006616116	0.413570008583665	0	0	0
HepG2_skew	[1.5,Inf)	Other cCREs	SINGLETON	CpG-nonCGI	22	22	39.009	72.51382699999999	22	-14.095000058412547	43.34190908225815	0	1	4
HepG2_skew	[1.5,Inf)	Other cCREs	SINGLETON	non-CpG-ti	2437	2437	338.687	55.487907	2429	-465.08799887495115	3332.9988039021973	38	74	121
HepG2_skew	[1.5,Inf)	Other cCREs	SINGLETON	non-CpG-tv	1189	1189	74.086	7.04986	1182	-159.5759989040671	1821.1177872738124	29	51	72
HepG2_skew	[1.5,Inf)	Other cCREs	ULTRARARE	CpG-CGI	3	3	5.755	11.171963	3	-0.068000018596649	0.8854219859747895	0	1	0
HepG2_skew	[1.5,Inf)	Other cCREs	ULTRARARE	CpG-nonCGI	92	92	206.915	487.274163	92	-92.85200052615257	280.38345974770385	0	4	9
HepG2_skew	[1.5,Inf)	Other cCREs	ULTRARARE	non-CpG-ti	1546	1546	217.327	36.667857	1539	-264.6919989263407	2410.534346363617	30	48	84
HepG2_skew	[1.5,Inf)	Other cCREs	ULTRARARE	non-CpG-tv	681	681	45.911	4.628591	673	-47.51199963130069	1098.6466804248564	14	30	44
HepG2_skew	[1.5,Inf)	Other cCREs	ULTRARARE	unknown	1	0	0	0	0	0	0	0	0	0
HepG2_skew	[1.5,Inf)	PLS	COMMON	non-CpG-ti	9	9	1.411	0.237633	9	-6.065999981015919	28.968316279761183	0	5	3
HepG2_skew	[1.5,Inf)	PLS	COMMON	non-CpG-tv	4	4	0.284	0.029646	4	5.44300007820129	10.072383290545467	1	2	0
HepG2_skew	[1.5,Inf)	PLS	LOW_FREQ	non-CpG-ti	10	10	1.399	0.207859	10	1.065999917685992	13.090570190050006	0	3	2
HepG2_skew	[1.5,Inf)	PLS	LOW_FREQ	non-CpG-tv	3	3	0.45899999999999996	0.105971	3	-1.040000006556511	0.8603380030686856	0	2	0
HepG2_skew	[1.5,Inf)	PLS	RARE	CpG-nonCGI	1	1	2.04	4.1616	1	-3.17600011825562	10.0869767511597	0	0	0
HepG2_skew	[1.5,Inf)	PLS	RARE	non-CpG-ti	22	22	3.185	0.500441	22	7.948000052943809	64.40527747197137	3	7	12
HepG2_skew	[1.5,Inf)	PLS	RARE	non-CpG-tv	14	14	1.272	0.175298	14	0.07399999350309394	13.440641654004345	0	5	4
HepG2_skew	[1.5,Inf)	PLS	SINGLETON	CpG-CGI	4	4	1.329	0.444431	4	1.172999918460847	12.025888736186994	1	1	3
HepG2_skew	[1.5,Inf)	PLS	SINGLETON	CpG-nonCGI	5	5	8.256	16.095844	5	-1.477999955415725	1.7118759178390481	0	3	3
HepG2_skew	[1.5,Inf)	PLS	SINGLETON	non-CpG-ti	202	202	29.847	4.975687	202	170.4770011845976	1264.797352646456	41	70	81
HepG2_skew	[1.5,Inf)	PLS	SINGLETON	non-CpG-tv	145	145	14.913	2.501285	145	84.67500025685875	531.3855066025367	20	43	62
HepG2_skew	[1.5,Inf)	PLS	SINGLETON	unknown	1	0	0	0	1	-0.460999995470047	0.212520995823383	0	0	1
HepG2_skew	[1.5,Inf)	PLS	ULTRARARE	CpG-CGI	2	2	1.87	2.3209	2	-0.043999999761581005	0.01376799941730502	0	0	0
HepG2_skew	[1.5,Inf)	PLS	ULTRARARE	CpG-nonCGI	6	6	10.543	21.042643	6	7.8399998545646685	85.485891533607	1	0	3
HepG2_skew	[1.5,Inf)	PLS	ULTRARARE	non-CpG-ti	129	129	19.009	3.218867	129	11.310999971116015	606.5822820402401	14	48	44
HepG2_skew	[1.5,Inf)	PLS	ULTRARARE	non-CpG-tv	79	79	10.379	2.190705	79	39.85900037549437	707.132243344072	16	32	24
HepG2_skew	[1.5,Inf)	PLS	ULTRARARE	unknown	3	0	0	0	3	-0.23399993777275102	1.3955938922581739	0	2	0
HepG2_skew	[1.5,Inf)	dELS	COMMON	CpG-CGI	2	2	2.582	4.244612	2	-2.197000026702881	3.019505136365898	0	1	1
HepG2_skew	[1.5,Inf)	dELS	COMMON	CpG-nonCGI	45	45	85.875	185.236827	45	-66.62299969419841	377.6162437138505	1	9	17
HepG2_skew	[1.5,Inf)	dELS	COMMON	non-CpG-ti	378	378	48.412	7.29809	378	-221.1630001692102	966.7099698579848	7	38	80
HepG2_skew	[1.5,Inf)	dELS	COMMON	non-CpG-tv	141	141	9.266	1.01901	141	-22.827000033226806	376.85162282193	11	22	38
HepG2_skew	[1.5,Inf)	dELS	LOW_FREQ	CpG-CGI	1	1	2.408	5.798464	1	-0.818000018596649	0.669124030424118	0	0	0
HepG2_skew	[1.5,Inf)	dELS	LOW_FREQ	CpG-nonCGI	42	42	88.145	201.134673	42	-57.47899974137546	247.12667912952455	1	3	8
HepG2_skew	[1.5,Inf)	dELS	LOW_FREQ	non-CpG-ti	310	310	41.336	6.607562	309	-50.10699929203833	515.920847470102	10	29	61
HepG2_skew	[1.5,Inf)	dELS	LOW_FREQ	non-CpG-tv	152	152	9.888	0.980122	152	-11.151999994646744	280.24086691021864	4	12	19
HepG2_skew	[1.5,Inf)	dELS	RARE	CpG-CGI	2	2	2.4939999999999998	4.14394	2	-1.75	1.5396999993801121	0	0	0
HepG2_skew	[1.5,Inf)	dELS	RARE	CpG-nonCGI	120	120	244.79399999999998	535.207564	120	-125.91500055789949	552.6727365364059	1	10	29
HepG2_skew	[1.5,Inf)	dELS	RARE	non-CpG-ti	730	730	97.723	15.838239	730	-75.15199936903072	1712.3342492910285	35	48	119
HepG2_skew	[1.5,Inf)	dELS	RARE	non-CpG-tv	373	373	25.983999999999998	2.804138	373	-46.346000067773225	775.0160840174311	17	29	73
HepG2_skew	[1.5,Inf)	dELS	SINGLETON	CpG-CGI	9	9	7.268	9.612346	9	4.159000046551233	35.104612784540215	1	3	3
HepG2_skew	[1.5,Inf)	dELS	SINGLETON	CpG-nonCGI	118	118	217.887	434.978075	118	-91.88799994159496	344.47832836089685	3	15	50
HepG2_skew	[1.5,Inf)	dELS	SINGLETON	non-CpG-ti	7521	7521	988.205	151.764449	7513	-515.9729956866943	16057.833527452247	323	667	1095
HepG2_skew	[1.5,Inf)	dELS	SINGLETON	non-CpG-tv	4154	4154	259.414	26.244932	4144	-36.58899856731307	9839.31450254067	180	393	715
HepG2_skew	[1.5,Inf)	dELS	SINGLETON	unknown	2	0	0	0	2	-0.5920000225305551	0.5049040306649218	0	0	0
HepG2_skew	[1.5,Inf)	dELS	ULTRARARE	CpG-CGI	14	14	16.111	27.836317	14	-18.21800021082163	114.48126055647573	1	5	5
HepG2_skew	[1.5,Inf)	dELS	ULTRARARE	CpG-nonCGI	484	484	984.278	2139.65961	484	-395.00400024419656	2058.4444370222004	14	62	155
HepG2_skew	[1.5,Inf)	dELS	ULTRARARE	non-CpG-ti	4691	4691	639.9929999999999	104.685991	4685	-390.89200097252615	10358.277483411697	200	400	714
HepG2_skew	[1.5,Inf)	dELS	ULTRARARE	non-CpG-tv	2319	2319	157.576	17.685036	2315	-91.04099884233449	5644.093337499801	109	195	369
HepG2_skew	[1.5,Inf)	dELS	ULTRARARE	unknown	3	0	0	0	3	-2.9209998920559843	9.843160355819714	0	1	1
HepG2_skew	[1.5,Inf)	non-cCRE	COMMON	CpG-nonCGI	20	20	47.537	118.467457	20	-19.97500031813978	44.10111254284671	0	3	1
HepG2_skew	[1.5,Inf)	non-cCRE	COMMON	non-CpG-ti	1005	1005	124.424	19.081448	998	-906.163999337703	2698.374794406505	2	45	11
HepG2_skew	[1.5,Inf)	non-cCRE	COMMON	non-CpG-tv	278	278	16.971	1.661461	275	-136.11400060285823	569.7193656794656	2	17	4
HepG2_skew	[1.5,Inf)	non-cCRE	LOW_FREQ	CpG-nonCGI	33	33	72.087	164.647921	32	-67.3340000063181	229.17414855557885	0	0	1
HepG2_skew	[1.5,Inf)	non-cCRE	LOW_FREQ	non-CpG-ti	799	799	102.214	15.586596	792	-368.5229992241366	1290.0123980445767	3	32	8
HepG2_skew	[1.5,Inf)	non-cCRE	LOW_FREQ	non-CpG-tv	283	283	18.887	1.9371530000000001	282	-50.37499957694669	293.51916314836114	2	8	6
HepG2_skew	[1.5,Inf)	non-cCRE	RARE	CpG-CGI	2	2	2.2600000000000002	3.2382500000000003	2	-0.03299999982118609	0.02196899892067906	0	0	0
HepG2_skew	[1.5,Inf)	non-cCRE	RARE	CpG-nonCGI	87	87	203.687	504.467939	87	-98.85599953122444	322.87173549703016	1	3	4
HepG2_skew	[1.5,Inf)	non-cCRE	RARE	non-CpG-ti	2060	2060	266.95300000000003	41.781353	2041	-753.2700013617288	3182.7466740022987	12	86	19
HepG2_skew	[1.5,Inf)	non-cCRE	RARE	non-CpG-tv	809	809	52.828	5.700812	799	-147.17299929412542	1008.8133617775384	8	35	14
HepG2_skew	[1.5,Inf)	non-cCRE	RARE	unknown	2	0	0	0	1	0.236000001430511	0.0556960006752014	0	0	0
HepG2_skew	[1.5,Inf)	non-cCRE	SINGLETON	CpG-CGI	3	3	0.9730000000000001	0.318843	3	1.5490000993013422	5.340059541628137	0	0	0
HepG2_skew	[1.5,Inf)	non-cCRE	SINGLETON	CpG-nonCGI	66	66	134.751	294.921151	66	-67.34099959488957	186.78731601813254	0	3	2
HepG2_skew	[1.5,Inf)	non-cCRE	SINGLETON	non-CpG-ti	16033	16033	2217.963	360.927417	15880	-3223.363994152519	20269.486941967072	158	560	179
HepG2_skew	[1.5,Inf)	non-cCRE	SINGLETON	non-CpG-tv	8403	8403	514.566	48.404090000000004	8354	-878.8149954478723	9385.061636521825	112	353	107
HepG2_skew	[1.5,Inf)	non-cCRE	SINGLETON	unknown	10	0	0	0	8	-2.208000026643271	4.370848094587442	0	0	0
HepG2_skew	[1.5,Inf)	non-cCRE	ULTRARARE	CpG-CGI	8	8	4.749	4.348737	8	3.166000097990044	14.109896104512465	1	5	3
HepG2_skew	[1.5,Inf)	non-cCRE	ULTRARARE	CpG-nonCGI	329	329	725.343	1681.726215	327	-369.12899883557105	1156.0914471989383	2	19	9
HepG2_skew	[1.5,Inf)	non-cCRE	ULTRARARE	non-CpG-ti	11226	11226	1546.278	252.92668	11108	-3017.2780005491813	15286.396023490293	85	373	109
HepG2_skew	[1.5,Inf)	non-cCRE	ULTRARARE	non-CpG-tv	4817	4817	315.571	31.447451	4780	-692.220998812118	5787.661294627812	55	205	68
HepG2_skew	[1.5,Inf)	non-cCRE	ULTRARARE	unknown	5	0	0	0	3	-5.772000014781951	21.445765976580578	0	0	0
HepG2_skew	[1.5,Inf)	pELS	COMMON	CpG-nonCGI	4	4	9.594999999999999	23.161609	4	-6.954999901354318	49.6648437281537	0	1	1
HepG2_skew	[1.5,Inf)	pELS	COMMON	non-CpG-ti	51	51	6.795	1.079533	51	-27.47499997168779	147.18851502032246	2	14	14
HepG2_skew	[1.5,Inf)	pELS	COMMON	non-CpG-tv	17	17	1.397	0.154391	17	-8.35600020550192	53.042938920309346	1	6	4
HepG2_skew	[1.5,Inf)	pELS	LOW_FREQ	CpG-CGI	1	1	0.528	0.278784	1	1.86899995803833	3.49316084314728	0	1	1
HepG2_skew	[1.5,Inf)	pELS	LOW_FREQ	CpG-nonCGI	7	7	10.302999999999999	16.584269	7	-3.1899999752640746	5.198047951944593	0	3	3
HepG2_skew	[1.5,Inf)	pELS	LOW_FREQ	non-CpG-ti	54	54	7.027	1.044901	54	-12.968000032007696	133.31600665823123	2	17	8
HepG2_skew	[1.5,Inf)	pELS	LOW_FREQ	non-CpG-tv	28	28	3.195	0.527083	28	4.920000091078699	21.56213421736968	1	7	2
HepG2_skew	[1.5,Inf)	pELS	RARE	CpG-CGI	1	1	0.342	0.116964	1	1.87999999523163	3.53439998207092	0	1	1
HepG2_skew	[1.5,Inf)	pELS	RARE	CpG-nonCGI	12	12	25.114	62.235816	12	-7.005999851971868	39.126323793121685	1	2	4
HepG2_skew	[1.5,Inf)	pELS	RARE	non-CpG-ti	129	129	17.284	2.642084	129	40.063000678084784	460.3541077189154	14	30	22
HepG2_skew	[1.5,Inf)	pELS	RARE	non-CpG-tv	64	64	4.746	0.663662	64	20.247999729472212	234.05900378124574	3	17	14
HepG2_skew	[1.5,Inf)	pELS	SINGLETON	CpG-CGI	13	13	5.014	2.2899599999999998	13	19.055999897420406	85.2817111778533	4	5	8
HepG2_skew	[1.5,Inf)	pELS	SINGLETON	CpG-nonCGI	27	27	40.851	78.952399	27	-21.39900021255017	71.54613779146422	0	7	10
HepG2_skew	[1.5,Inf)	pELS	SINGLETON	non-CpG-ti	1234	1234	164.737	25.498632999999998	1232	162.66300258971748	3597.5083573739794	93	320	282
HepG2_skew	[1.5,Inf)	pELS	SINGLETON	non-CpG-tv	865	865	76.386	11.94955	865	157.77000003971614	2559.015619160116	62	251	238
HepG2_skew	[1.5,Inf)	pELS	SINGLETON	unknown	2	0	0	0	2	2.8179999291896802	6.355489638516912	1	1	0
HepG2_skew	[1.5,Inf)	pELS	ULTRARARE	CpG-CGI	7	7	4.885	6.980633	7	-2.019000038504599	19.853336894912058	0	4	2
HepG2_skew	[1.5,Inf)	pELS	ULTRARARE	CpG-nonCGI	54	54	89.276	181.538946	54	-36.39899975899606	153.07626999474053	1	10	14
HepG2_skew	[1.5,Inf)	pELS	ULTRARARE	non-CpG-ti	793	793	111.076	17.988138	793	107.40900042909192	2200.7446092620385	71	192	174
HepG2_skew	[1.5,Inf)	pELS	ULTRARARE	non-CpG-tv	526	526	54.086999999999996	9.742817	525	34.931999795138765	1606.0004487489573	34	150	146
HepG2_skew	[1.5,Inf)	pELS	ULTRARARE	unknown	3	0	0	0	3	-1.99900011718273	5.34108554498197	0	1	1
K562_skew	(-Inf,-1.5)	Other cCREs	COMMON	CpG-CGI	1	1	1.833	3.359889	1	-0.488000005483627	0.23814400535202	0	0	0
K562_skew	(-Inf,-1.5)	Other cCREs	COMMON	CpG-nonCGI	243	243	510.189	1201.347525	243	-220.83799913246187	658.2386165161133	1	14	37
K562_skew	(-Inf,-1.5)	Other cCREs	COMMON	non-CpG-ti	205	205	34.563	7.569891	202	-19.794999700970948	245.02571800089564	4	16	43
K562_skew	(-Inf,-1.5)	Other cCREs	COMMON	non-CpG-tv	163	163	10.826	1.11	159	-56.226000463240744	223.80743704543178	2	17	28
K562_skew	(-Inf,-1.5)	Other cCREs	LOW_FREQ	CpG-CGI	6	6	10.533999999999999	21.074718	6	-0.06799998879432802	0.2480339973959928	0	2	2
K562_skew	(-Inf,-1.5)	Other cCREs	LOW_FREQ	CpG-nonCGI	362	362	840.424	2088.491702	361	-366.490999732632	1288.9591600489548	3	19	58
K562_skew	(-Inf,-1.5)	Other cCREs	LOW_FREQ	non-CpG-ti	289	289	50.412	10.51171	284	27.98699998715895	311.89387545161276	9	4	67
K562_skew	(-Inf,-1.5)	Other cCREs	LOW_FREQ	non-CpG-tv	224	224	15.991	1.8804670000000001	220	-39.05900086555632	264.0947531664233	8	12	56
K562_skew	(-Inf,-1.5)	Other cCREs	RARE	CpG-CGI	11	11	20.37	43.86298	11	-8.502000115811828	29.453768983415536	0	3	2
K562_skew	(-Inf,-1.5)	Other cCREs	RARE	CpG-nonCGI	1084	1084	2505.22	6171.035008	1078	-1028.9200003237927	2989.6940928134277	5	32	207
K562_skew	(-Inf,-1.5)	Other cCREs	RARE	non-CpG-ti	653	653	112.374	24.306392	648	26.298000962473523	861.2478380652859	18	23	114
K562_skew	(-Inf,-1.5)	Other cCREs	RARE	non-CpG-tv	542	542	37.856	4.42172	535	-10.754000305780188	1069.2063978080575	20	18	123
K562_skew	(-Inf,-1.5)	Other cCREs	SINGLETON	CpG-CGI	27	27	36.988	67.570222	27	-0.691999949514862	182.20870596668573	2	0	8
K562_skew	(-Inf,-1.5)	Other cCREs	SINGLETON	CpG-nonCGI	1071	1071	2099.282	4550.47273	1067	-764.6899999738673	2533.4350612208746	7	49	231
K562_skew	(-Inf,-1.5)	Other cCREs	SINGLETON	non-CpG-ti	5985	5985	982.787	192.799021	5943	1005.5190026696072	9498.72648248863	219	248	1330
K562_skew	(-Inf,-1.5)	Other cCREs	SINGLETON	non-CpG-tv	5555	5555	360.998	38.24124	5508	166.5010011862034	10309.146876094332	178	245	1199
K562_skew	(-Inf,-1.5)	Other cCREs	SINGLETON	unknown	2	0	0	0	2	-3.22899997234345	5.21650090830231	0	0	1
K562_skew	(-Inf,-1.5)	Other cCREs	ULTRARARE	CpG-CGI	36	36	59.722	121.941064	36	17.39600047189743	338.6416833786299	6	6	6
K562_skew	(-Inf,-1.5)	Other cCREs	ULTRARARE	CpG-nonCGI	3714	3714	8113.753	19135.718565	3705	-3434.234995602863	11309.422932651974	32	165	676
K562_skew	(-Inf,-1.5)	Other cCREs	ULTRARARE	non-CpG-ti	4171	4171	735.112	160.89079999999998	4131	724.5290021740367	7529.123635594038	163	184	891
K562_skew	(-Inf,-1.5)	Other cCREs	ULTRARARE	non-CpG-tv	3376	3376	245.899	32.258173	3331	-128.72000079543784	6085.792080846381	107	157	718
K562_skew	(-Inf,-1.5)	PLS	COMMON	CpG-CGI	3	3	1.054	0.394372	3	0.22900002403183994	4.98342915852508	0	3	2
K562_skew	(-Inf,-1.5)	PLS	COMMON	CpG-nonCGI	15	15	25.312	47.029886	15	-5.227999269962311	170.53827061605182	2	8	10
K562_skew	(-Inf,-1.5)	PLS	COMMON	non-CpG-ti	18	18	3.789	1.082645	18	22.18900012224913	182.30744939373537	4	7	10
K562_skew	(-Inf,-1.5)	PLS	COMMON	non-CpG-tv	25	25	2.706	0.55601	25	13.324999593198312	144.16536394177248	5	13	12
K562_skew	(-Inf,-1.5)	PLS	LOW_FREQ	CpG-CGI	20	20	12.292	15.43886	20	47.01100020110603	361.1628449200302	9	8	15
K562_skew	(-Inf,-1.5)	PLS	LOW_FREQ	CpG-nonCGI	34	34	60.874	133.442744	34	10.718999408185496	257.0970968500068	6	13	21
K562_skew	(-Inf,-1.5)	PLS	LOW_FREQ	non-CpG-ti	46	46	7.437	1.389613	46	110.99499910697344	614.4183858676887	20	15	36
K562_skew	(-Inf,-1.5)	PLS	LOW_FREQ	non-CpG-tv	56	56	3.991	0.412947	56	57.312000461155556	461.28400374735764	11	16	36
K562_skew	(-Inf,-1.5)	PLS	RARE	CpG-CGI	50	50	26.01	28.605474	50	153.83499990031123	1058.7280683562183	29	23	30
K562_skew	(-Inf,-1.5)	PLS	RARE	CpG-nonCGI	90	90	154.975	324.825867	90	72.40800009667878	869.8686254468249	21	24	50
K562_skew	(-Inf,-1.5)	PLS	RARE	non-CpG-ti	113	113	18.957	3.610297	113	242.0010012453421	1906.9281634293984	42	40	78
K562_skew	(-Inf,-1.5)	PLS	RARE	non-CpG-tv	110	110	8.634	1.085048	110	228.37500074692082	1475.326457043036	37	42	76
K562_skew	(-Inf,-1.5)	PLS	SINGLETON	CpG-CGI	517	517	242.268	202.75741	517	1934.2470022253688	13163.8506723472	316	204	399
K562_skew	(-Inf,-1.5)	PLS	SINGLETON	CpG-nonCGI	235	235	276.227	475.872963	235	379.10299972631054	3136.758691145492	75	77	167
K562_skew	(-Inf,-1.5)	PLS	SINGLETON	non-CpG-ti	1542	1542	256.513	50.360345	1541	5402.636000580623	35222.534537417894	859	604	1134
K562_skew	(-Inf,-1.5)	PLS	SINGLETON	non-CpG-tv	1825	1825	134.165	14.647229	1822	5921.724992721923	39183.69628922209	947	716	1352
K562_skew	(-Inf,-1.5)	PLS	ULTRARARE	CpG-CGI	333	333	157.27100000000002	133.222555	333	1279.1679997742167	8572.63410466088	202	173	266
K562_skew	(-Inf,-1.5)	PLS	ULTRARARE	CpG-nonCGI	436	436	661.584	1292.74634	436	397.3840008429252	4258.638086548181	95	127	285
K562_skew	(-Inf,-1.5)	PLS	ULTRARARE	non-CpG-ti	976	976	175.629	38.486687	976	3189.428995695897	20615.237743782734	519	370	693
K562_skew	(-Inf,-1.5)	PLS	ULTRARARE	non-CpG-tv	1043	1043	80.023	9.766739	1042	3166.301995486487	20454.21899035423	539	395	772
K562_skew	(-Inf,-1.5)	PLS	ULTRARARE	unknown	1	0	0	0	1	-1.91999995708466	3.68639983520508	0	1	1
K562_skew	(-Inf,-1.5)	dELS	COMMON	CpG-CGI	4	4	3.991	5.897505	4	-2.6330001372844065	12.104687896679096	0	2	2
K562_skew	(-Inf,-1.5)	dELS	COMMON	CpG-nonCGI	631	631	1256.189	2822.163153	630	-651.6880008534064	2301.338838912467	7	71	258
K562_skew	(-Inf,-1.5)	dELS	COMMON	non-CpG-ti	537	537	83.417	16.924945	537	109.81800053268684	1544.572179694206	38	67	233
K562_skew	(-Inf,-1.5)	dELS	COMMON	non-CpG-tv	409	409	23.956	2.206224	406	-62.29900105483831	821.5552755079622	15	51	172
K562_skew	(-Inf,-1.5)	dELS	LOW_FREQ	CpG-CGI	11	11	17.445	36.498825000000004	11	-13.612000226974478	28.80998475286104	0	4	6
K562_skew	(-Inf,-1.5)	dELS	LOW_FREQ	CpG-nonCGI	922	922	2021.106	4813.015966	921	-746.8479982876454	2972.500004737528	20	97	412
K562_skew	(-Inf,-1.5)	dELS	LOW_FREQ	non-CpG-ti	704	704	112.347	22.477043	703	209.56899968616185	1978.629275592723	53	76	323
K562_skew	(-Inf,-1.5)	dELS	LOW_FREQ	non-CpG-tv	538	538	36.384	4.331876	536	132.93099862185773	1739.040351922731	45	62	253
K562_skew	(-Inf,-1.5)	dELS	RARE	CpG-CGI	31	31	46.361	95.397811	31	-9.577000524848689	176.196211828835	4	7	16
K562_skew	(-Inf,-1.5)	dELS	RARE	CpG-nonCGI	2737	2737	6003.835	14268.938339	2735	-2553.7570027168845	10386.186173324226	60	324	1183
K562_skew	(-Inf,-1.5)	dELS	RARE	non-CpG-ti	1796	1796	293.596	61.161226	1787	898.6659994737707	6703.721941499148	191	174	846
K562_skew	(-Inf,-1.5)	dELS	RARE	non-CpG-tv	1383	1383	96.011	13.210063	1377	394.26500079757545	4353.689291063832	108	148	690
K562_skew	(-Inf,-1.5)	dELS	SINGLETON	CpG-CGI	177	177	150.367	236.062855	177	145.06100002070892	1582.525134763063	37	42	122
K562_skew	(-Inf,-1.5)	dELS	SINGLETON	CpG-nonCGI	2908	2908	5536.387	12017.389821	2904	-1683.4439984796331	11182.020849141469	133	333	1420
K562_skew	(-Inf,-1.5)	dELS	SINGLETON	non-CpG-ti	17845	17845	2714.663	500.613135	17796	11527.30300136598	79962.20224619849	2151	1852	8789
K562_skew	(-Inf,-1.5)	dELS	SINGLETON	non-CpG-tv	15305	15305	935.135	95.603515	15258	5882.705991831027	61354.59272274161	1517	1590	7604
K562_skew	(-Inf,-1.5)	dELS	SINGLETON	unknown	7	0	0	0	7	3.182999894022941	6.129512508582602	0	0	3
K562_skew	(-Inf,-1.5)	dELS	ULTRARARE	CpG-CGI	210	210	278.63	539.609974	210	47.99900118110241	1535.7969672951938	32	43	112
K562_skew	(-Inf,-1.5)	dELS	ULTRARARE	CpG-nonCGI	10780	10780	22700.168	52245.85432	10765	-8224.490002619916	40911.07716398424	321	1266	4948
K562_skew	(-Inf,-1.5)	dELS	ULTRARARE	non-CpG-ti	11884	11884	1916.127	388.028479	11846	6798.217996385528	50209.01940733333	1286	1223	5766
K562_skew	(-Inf,-1.5)	dELS	ULTRARARE	non-CpG-tv	8694	8694	577.396	68.449552	8664	2798.2820022808164	33407.2121554099	783	914	4300
K562_skew	(-Inf,-1.5)	dELS	ULTRARARE	unknown	3	0	0	0	3	0.3500000089406966	0.05204400321817406	0	0	0
K562_skew	(-Inf,-1.5)	non-cCRE	COMMON	CpG-CGI	5	5	4.926	7.30991	5	-0.14300000667572188	7.340641083272932	0	2	1
K562_skew	(-Inf,-1.5)	non-cCRE	COMMON	CpG-nonCGI	1949	1949	4128.639	9734.802113	1944	-1900.5139971802716	5090.643305647903	1	106	26
K562_skew	(-Inf,-1.5)	non-cCRE	COMMON	non-CpG-ti	897	897	155.953	31.812939	874	-86.51200040604442	626.9156845044685	3	53	24
K562_skew	(-Inf,-1.5)	non-cCRE	COMMON	non-CpG-tv	708	708	42.804	3.964284	695	-243.16699928976598	949.5602520356474	1	50	17
K562_skew	(-Inf,-1.5)	non-cCRE	COMMON	unknown	3	0	0	0	3	-2.7300000637769752	8.341172362795355	0	1	0
K562_skew	(-Inf,-1.5)	non-cCRE	LOW_FREQ	CpG-CGI	9	9	9.208	14.458728	9	7.8620001450180865	99.61720025880132	3	5	1
K562_skew	(-Inf,-1.5)	non-cCRE	LOW_FREQ	CpG-nonCGI	2573	2573	6066.124	15093.119226	2569	-2468.152998637875	6893.603622523968	3	128	40
K562_skew	(-Inf,-1.5)	non-cCRE	LOW_FREQ	non-CpG-ti	1039	1039	181.36	37.553612	1022	34.317999706603594	656.928419355855	9	57	30
K562_skew	(-Inf,-1.5)	non-cCRE	LOW_FREQ	non-CpG-tv	890	890	55.445	6.002683	874	-207.284999428317	1082.2559110175848	5	44	14
K562_skew	(-Inf,-1.5)	non-cCRE	LOW_FREQ	unknown	1	0	0	0	1	-4.7039999961853	22.1276159641113	0	0	0
K562_skew	(-Inf,-1.5)	non-cCRE	RARE	CpG-CGI	26	26	45.744	99.404192	26	-5.308999974280587	79.07587926909066	2	6	5
K562_skew	(-Inf,-1.5)	non-cCRE	RARE	CpG-nonCGI	7995	7995	18859.799	46897.824449	7970	-7599.417986948743	21351.92132538271	7	388	123
K562_skew	(-Inf,-1.5)	non-cCRE	RARE	non-CpG-ti	2620	2620	470.373	103.791687	2581	8.911001132568297	1832.349744119293	27	146	65
K562_skew	(-Inf,-1.5)	non-cCRE	RARE	non-CpG-tv	2192	2192	135.075	13.819307	2154	-426.75899995316297	2300.030964864137	21	111	53
K562_skew	(-Inf,-1.5)	non-cCRE	RARE	unknown	8	0	0	0	8	-0.7610000446438769	1.3639551248532606	0	0	0
K562_skew	(-Inf,-1.5)	non-cCRE	SINGLETON	CpG-CGI	92	92	77.955	124.37748500000001	92	137.51099890889597	1061.3941843543266	25	27	50
K562_skew	(-Inf,-1.5)	non-cCRE	SINGLETON	CpG-nonCGI	6161	6161	12782.18	28783.271254	6152	-4898.183992400417	13651.436233354982	10	336	150
K562_skew	(-Inf,-1.5)	non-cCRE	SINGLETON	non-CpG-ti	22338	22338	3775.4719999999998	742.846154	22017	1250.855012040352	16389.943723396933	259	1049	659
K562_skew	(-Inf,-1.5)	non-cCRE	SINGLETON	non-CpG-tv	21804	21804	1285.02	119.932924	21466	-3219.890982054526	23707.633611708374	212	1140	648
K562_skew	(-Inf,-1.5)	non-cCRE	SINGLETON	unknown	28	0	0	0	26	-2.0569999814033477	6.1876570169233105	0	0	0
K562_skew	(-Inf,-1.5)	non-cCRE	ULTRARARE	CpG-CGI	83	83	96.476	174.276342	80	89.61100113485003	1010.1983940955895	18	22	27
K562_skew	(-Inf,-1.5)	non-cCRE	ULTRARARE	CpG-nonCGI	26444	26444	59772.341	143601.577505	26401	-23661.258956420217	66391.35159088076	45	1312	452
K562_skew	(-Inf,-1.5)	non-cCRE	ULTRARARE	non-CpG-ti	15943	15943	2850.801	608.631579	15669	506.26201142359037	11572.275337407347	168	756	437
K562_skew	(-Inf,-1.5)	non-cCRE	ULTRARARE	non-CpG-tv	13389	13389	837.069	87.797759	13154	-2521.332991482689	15064.356410946559	101	640	375
K562_skew	(-Inf,-1.5)	non-cCRE	ULTRARARE	unknown	35	0	0	0	35	-27.305000029504292	160.3968681109427	0	3	0
K562_skew	(-Inf,-1.5)	pELS	COMMON	CpG-CGI	5	5	1.7850000000000001	0.699469	5	-1.3179998099803933	30.925074474097276	1	4	3
K562_skew	(-Inf,-1.5)	pELS	COMMON	CpG-nonCGI	66	66	117.931	249.498987	66	-49.832000024616775	138.97799606421532	0	20	29
K562_skew	(-Inf,-1.5)	pELS	COMMON	non-CpG-ti	77	77	12.534	2.798672	77	56.07700115803163	544.2693480466669	11	23	37
K562_skew	(-Inf,-1.5)	pELS	COMMON	non-CpG-tv	61	61	3.997	0.35302300000000003	61	3.1299999356269614	207.41499232172038	5	19	31
K562_skew	(-Inf,-1.5)	pELS	LOW_FREQ	CpG-CGI	8	8	4.373	5.236295	8	7.612000085413457	32.58696284815426	2	4	6
K562_skew	(-Inf,-1.5)	pELS	LOW_FREQ	CpG-nonCGI	105	105	213.532	494.148692	105	-54.36099929548802	361.99760448202517	5	25	42
K562_skew	(-Inf,-1.5)	pELS	LOW_FREQ	non-CpG-ti	110	110	17.983999999999998	3.457692	110	90.27099968679252	548.1494004075123	17	24	66
K562_skew	(-Inf,-1.5)	pELS	LOW_FREQ	non-CpG-tv	96	96	6.678	0.7552180000000001	96	84.45399970002464	503.1672042956592	18	27	58
K562_skew	(-Inf,-1.5)	pELS	RARE	CpG-CGI	27	27	20.855	29.400655	27	37.03999954462048	403.53404627818685	7	9	21
K562_skew	(-Inf,-1.5)	pELS	RARE	CpG-nonCGI	308	308	603.626	1331.951756	307	-251.98399937944478	1110.8696017339425	10	77	140
K562_skew	(-Inf,-1.5)	pELS	RARE	non-CpG-ti	265	265	41.248	7.705834	265	288.20600121095794	1842.5136465228109	54	69	146
K562_skew	(-Inf,-1.5)	pELS	RARE	non-CpG-tv	266	266	18.578	2.215914	266	301.1710004638881	1872.5593894258832	58	66	147
K562_skew	(-Inf,-1.5)	pELS	SINGLETON	CpG-CGI	244	244	116.189	94.559997	244	630.7699985345826	4667.284214697489	106	109	181
K562_skew	(-Inf,-1.5)	pELS	SINGLETON	CpG-nonCGI	563	563	836.056	1628.153024	563	-152.5159997607116	2585.3986425739367	43	161	302
K562_skew	(-Inf,-1.5)	pELS	SINGLETON	non-CpG-ti	2925	2925	465.48199999999997	87.159944	2921	4117.507002673694	26889.780405564296	709	876	1712
K562_skew	(-Inf,-1.5)	pELS	SINGLETON	non-CpG-tv	2733	2733	178.593	17.796929	2729	3146.5400019775857	21866.135941085828	584	828	1612
K562_skew	(-Inf,-1.5)	pELS	SINGLETON	unknown	1	0	0	0	1	-0.745000004768372	0.555025007104874	0	0	0
K562_skew	(-Inf,-1.5)	pELS	ULTRARARE	CpG-CGI	199	199	105.308	100.20283	199	442.9999988253696	3260.3255075570783	73	79	148
K562_skew	(-Inf,-1.5)	pELS	ULTRARARE	CpG-nonCGI	1429	1429	2630.368	5737.234274	1429	-682.7940014090854	6026.464640425747	87	332	711
K562_skew	(-Inf,-1.5)	pELS	ULTRARARE	non-CpG-ti	1926	1926	327.178	68.115656	1923	2570.682004170259	15938.861577522763	451	550	1093
K562_skew	(-Inf,-1.5)	pELS	ULTRARARE	non-CpG-tv	1579	1579	106.55	12.590852	1577	1569.867002596147	11174.686767395568	316	470	931
K562_skew	[-0.05,0.05)	Other cCREs	COMMON	CpG-CGI	619	619	1094.228	2241.764678	618	-520.3710003020242	2580.044730709505	14	93	15
K562_skew	[-0.05,0.05)	Other cCREs	COMMON	CpG-nonCGI	62296	62296	123820.104	274277.78143	61737	-52304.42597852277	170254.4592618429	497	2959	2319
K562_skew	[-0.05,0.05)	Other cCREs	COMMON	non-CpG-ti	237893	237893	35533.755	7533.468185	236903	-53064.60497288276	396097.8892337083	5226	8964	8227
K562_skew	[-0.05,0.05)	Other cCREs	COMMON	non-CpG-tv	141208	141208	9958.113	3451.740341	140421	-26795.494991006908	226388.17538923761	3313	5330	5171
K562_skew	[-0.05,0.05)	Other cCREs	COMMON	unknown	496	0	0	0	360	-171.8540005050601	458.7563465496981	0	17	13
K562_skew	[-0.05,0.05)	Other cCREs	LOW_FREQ	CpG-CGI	918	918	1746.448	3733.37729	916	-725.4729996612296	3210.619263916703	14	129	22
K562_skew	[-0.05,0.05)	Other cCREs	LOW_FREQ	CpG-nonCGI	79645	79645	175613.355	409920.386939	78779	-64732.147974666674	219117.88148885313	765	3231	3140
K562_skew	[-0.05,0.05)	Other cCREs	LOW_FREQ	non-CpG-ti	258340	258340	40255.943	8877.014505000001	257144	-10126.943998250767	386497.75124814216	7131	7283	9059
K562_skew	[-0.05,0.05)	Other cCREs	LOW_FREQ	non-CpG-tv	155808	155808	11034.832	3291.414618	154627	-7436.928002717325	244437.9213782625	4450	4605	5666
K562_skew	[-0.05,0.05)	Other cCREs	LOW_FREQ	unknown	787	0	0	0	456	-187.20699852239326	539.2274590577276	0	32	28
K562_skew	[-0.05,0.05)	Other cCREs	RARE	CpG-CGI	2764	2764	5305.1539999999995	11373.75445	2744	-2045.5159972379927	9625.81220348903	54	376	64
K562_skew	[-0.05,0.05)	Other cCREs	RARE	CpG-nonCGI	231486	231486	511735.567	1195935.871595	229098	-187512.12093627642	641572.4762652408	2264	9473	9264
K562_skew	[-0.05,0.05)	Other cCREs	RARE	non-CpG-ti	623679	623679	98210.907	22092.873087	620859	-11559.943970391763	954614.1749026481	18343	18244	21872
K562_skew	[-0.05,0.05)	Other cCREs	RARE	non-CpG-tv	380551	380551	26653.416	7098.901	377673	-6703.490979652383	590723.3746350823	11513	11441	13974
K562_skew	[-0.05,0.05)	Other cCREs	RARE	unknown	2058	0	0	0	1162	-412.4920011542271	1189.0152513614823	0	75	71
K562_skew	[-0.05,0.05)	Other cCREs	SINGLETON	CpG-CGI	4753	4753	6811.38	12348.83571	4727	-2999.0719974770914	16313.503964555113	121	719	225
K562_skew	[-0.05,0.05)	Other cCREs	SINGLETON	CpG-nonCGI	200563	200563	390949.177	815693.481109	199534	-143386.15197070548	525777.1295182501	2552	8556	8328
K562_skew	[-0.05,0.05)	Other cCREs	SINGLETON	non-CpG-ti	5980899	5980899	856410.029	162342.714341	5963263	367205.9222634327	8675679.476144206	195079	165172	211144
K562_skew	[-0.05,0.05)	Other cCREs	SINGLETON	non-CpG-tv	4179452	4179452	236988.593	24772.620235	4160819	224509.3173184322	6350258.651631453	140818	117828	149950
K562_skew	[-0.05,0.05)	Other cCREs	SINGLETON	unknown	5959	0	0	0	3755	-680.4440011646363	2342.0706889755925	4	230	119
K562_skew	[-0.05,0.05)	Other cCREs	ULTRARARE	CpG-CGI	9951	9951	17704.714	36177.297379999996	9886	-7191.025002448237	32816.826771038846	216	1382	262
K562_skew	[-0.05,0.05)	Other cCREs	ULTRARARE	CpG-nonCGI	830415	830415	1755132.404	3927218.351338	825266	-641326.749730598	2265757.6999062207	9528	33670	33990
K562_skew	[-0.05,0.05)	Other cCREs	ULTRARARE	non-CpG-ti	3908826	3908826	609226.361	132682.752219	3894363	23020.553242277427	5901453.062705556	119238	109686	137924
K562_skew	[-0.05,0.05)	Other cCREs	ULTRARARE	non-CpG-tv	2385920	2385920	152155.111	22584.712171	2371878	49129.952161651825	3680578.1465368844	77179	69472	86894
K562_skew	[-0.05,0.05)	Other cCREs	ULTRARARE	unknown	6252	0	0	0	3425	-863.5629996694622	2739.79338522797	1	235	132
K562_skew	[-0.05,0.05)	PLS	COMMON	CpG-CGI	736	736	382.417	355.371147	736	-332.0800005551428	2574.720488077237	36	327	365
K562_skew	[-0.05,0.05)	PLS	COMMON	CpG-nonCGI	1395	1395	2149.613	4130.928909	1392	-1238.2169961545146	5957.305504718672	28	400	282
K562_skew	[-0.05,0.05)	PLS	COMMON	non-CpG-ti	7029	7029	966.181	179.270217	7023	-885.6290005984486	28736.13003089661	501	2373	1761
K562_skew	[-0.05,0.05)	PLS	COMMON	non-CpG-tv	5114	5114	415.049	130.974625	5100	-1219.7010031345997	19332.174475905882	305	1861	1527
K562_skew	[-0.05,0.05)	PLS	COMMON	unknown	28	0	0	0	28	-18.761999731883385	124.82543689391812	1	12	8
K562_skew	[-0.05,0.05)	PLS	LOW_FREQ	CpG-CGI	1186	1186	664.145	677.221019	1186	-335.4249975241257	5017.648082420917	85	459	629
K562_skew	[-0.05,0.05)	PLS	LOW_FREQ	CpG-nonCGI	1859	1859	3159.474	6383.5998	1856	-1542.5539981212926	8087.259732308803	55	457	438
K562_skew	[-0.05,0.05)	PLS	LOW_FREQ	non-CpG-ti	8362	8362	1217.051	237.682943	8350	1313.2659943103793	35749.40590356729	755	2509	2227
K562_skew	[-0.05,0.05)	PLS	LOW_FREQ	non-CpG-tv	6343	6343	522.426	123.587108	6333	-131.65700264810545	26093.352917501976	518	2069	2121
K562_skew	[-0.05,0.05)	PLS	LOW_FREQ	unknown	81	0	0	0	81	-55.35800028033554	319.0542482636194	0	63	6
K562_skew	[-0.05,0.05)	PLS	RARE	CpG-CGI	3039	3039	1641.343	1588.709329	3038	-632.3619999567745	15236.413518882786	279	1222	1614
K562_skew	[-0.05,0.05)	PLS	RARE	CpG-nonCGI	5448	5448	9196.258	18451.272386	5434	-3995.417998699589	24677.57213460305	218	1443	1306
K562_skew	[-0.05,0.05)	PLS	RARE	non-CpG-ti	21091	21091	3158.713	645.310045	21074	4559.599999653761	108489.66611409732	2253	6452	5928
K562_skew	[-0.05,0.05)	PLS	RARE	non-CpG-tv	16785	16785	1403.551	296.805881	16749	1296.851009730132	83994.39181790048	1647	5410	5573
K562_skew	[-0.05,0.05)	PLS	RARE	unknown	1783	0	0	0	1783	-374.3140007056061	4361.864686980555	67	1085	66
K562_skew	[-0.05,0.05)	PLS	SINGLETON	CpG-CGI	23621	23621	11280.623	9136.509387	23616	-295.4169994528633	114516.51390907465	2433	9477	12923
K562_skew	[-0.05,0.05)	PLS	SINGLETON	CpG-nonCGI	12204	12204	14193.059	23580.841787	12192	-5547.700996821864	52143.7700359349	698	3531	3686
K562_skew	[-0.05,0.05)	PLS	SINGLETON	non-CpG-ti	199990	199990	27799.468	4860.994382	199859	80544.64492659367	845162.9397204443	23440	59738	54944
K562_skew	[-0.05,0.05)	PLS	SINGLETON	non-CpG-tv	170557	170557	11636.352	1382.047014	170422	46282.17498820044	772209.9270384981	18988	54361	52928
K562_skew	[-0.05,0.05)	PLS	SINGLETON	unknown	438	0	0	0	438	-40.3119999896735	1275.3227559761901	26	168	54
K562_skew	[-0.05,0.05)	PLS	ULTRARARE	CpG-CGI	20152	20152	10643.589	9862.612471	20147	-2687.8249962398545	97411.51792962723	1934	8070	10719
K562_skew	[-0.05,0.05)	PLS	ULTRARARE	CpG-nonCGI	25380	25380	39963.991	76634.236433	25344	-16657.504999047494	110813.49141493531	1122	6742	6281
K562_skew	[-0.05,0.05)	PLS	ULTRARARE	non-CpG-ti	134860	134860	19921.797	3872.309863	134775	44851.73902056329	616321.29417648	15538	41303	37988
K562_skew	[-0.05,0.05)	PLS	ULTRARARE	non-CpG-tv	104794	104794	8103.217000000001	1186.508745	104678	18185.598968222625	517466.99944951263	11297	33978	34364
K562_skew	[-0.05,0.05)	PLS	ULTRARARE	unknown	3003	0	0	0	3003	122.70200273965041	7759.447764534329	158	1393	168
K562_skew	[-0.05,0.05)	dELS	COMMON	CpG-CGI	1575	1575	2347.954	4524.953792	1574	-1590.738000684884	6729.246806818236	29	329	246
K562_skew	[-0.05,0.05)	dELS	COMMON	CpG-nonCGI	147122	147122	274715.034	578896.56379	146855	-130351.79497677519	497510.1876364889	1970	14017	16555
K562_skew	[-0.05,0.05)	dELS	COMMON	non-CpG-ti	531314	531314	77376.473	16297.584433	530586	-84306.32497507732	1130216.8786650272	18556	44513	47557
K562_skew	[-0.05,0.05)	dELS	COMMON	non-CpG-tv	305986	305986	21032.498	7286.874596	305439	-32669.499976288327	619158.9509776832	11284	25443	29142
K562_skew	[-0.05,0.05)	dELS	COMMON	unknown	411	0	0	0	358	-192.0990001279861	719.5113805012297	1	38	33
K562_skew	[-0.05,0.05)	dELS	LOW_FREQ	CpG-CGI	2591	2591	4268.424	8692.02544	2589	-2398.8320039681857	10237.331660958464	50	555	407
K562_skew	[-0.05,0.05)	dELS	LOW_FREQ	CpG-nonCGI	195693	195693	404984.258	897543.486916	195300	-167402.74100789896	677538.2655111854	3257	16017	23883
K562_skew	[-0.05,0.05)	dELS	LOW_FREQ	non-CpG-ti	591691	591691	90020.29	19683.896892	590830	23959.912979574863	1252871.8472164357	27466	39253	53741
K562_skew	[-0.05,0.05)	dELS	LOW_FREQ	non-CpG-tv	347166	347166	23831.789	6836.983833	346501	14486.643966536401	741437.4135562128	16253	23295	33585
K562_skew	[-0.05,0.05)	dELS	LOW_FREQ	unknown	580	0	0	0	453	-179.66799946082753	651.1913108904483	1	29	60
K562_skew	[-0.05,0.05)	dELS	RARE	CpG-CGI	7298	7298	11934.536	24194.110873999998	7284	-6095.184999981548	26956.42653440613	184	1516	1176
K562_skew	[-0.05,0.05)	dELS	RARE	CpG-nonCGI	570443	570443	1184664.449	2630904.589725	569321	-480389.76994537545	2002841.1156757846	10375	46503	69756
K562_skew	[-0.05,0.05)	dELS	RARE	non-CpG-ti	1440329	1440329	221982.085	49725.375333	1438342	89430.25286207715	3178760.764782162	70615	95807	131523
K562_skew	[-0.05,0.05)	dELS	RARE	non-CpG-tv	860727	860727	58104.200000000004	14500.868968	859030	69763.68392389934	1905044.8784103007	44122	58361	83704
K562_skew	[-0.05,0.05)	dELS	RARE	unknown	1471	0	0	0	1167	-511.8069993471726	1655.1948778366343	4	117	170
K562_skew	[-0.05,0.05)	dELS	SINGLETON	CpG-CGI	21431	21431	20556.121	31753.224267	21385	-12275.479013551614	83192.24776171836	964	4559	6064
K562_skew	[-0.05,0.05)	dELS	SINGLETON	CpG-nonCGI	624551	624551	1151515.82	2312488.54408	623777	-453704.9070058571	2104364.678659217	14786	55537	79042
K562_skew	[-0.05,0.05)	dELS	SINGLETON	non-CpG-ti	14213984	14213984	1983862.1449999998	366308.972345	14198470	2244099.1511606392	30218018.176914446	773914	943632	1283641
K562_skew	[-0.05,0.05)	dELS	SINGLETON	non-CpG-tv	9689940	9689940	534378.0160000001	53118.51645999997	9676083	1474271.986774635	21548095.934296478	541937	649475	901193
K562_skew	[-0.05,0.05)	dELS	SINGLETON	unknown	4832	0	0	0	4413	-769.467000684934	3629.5739681128603	19	412	436
K562_skew	[-0.05,0.05)	dELS	ULTRARARE	CpG-CGI	32935	32935	48083.278	92440.416624	32894	-26925.60599259136	136290.4290554026	1020	6962	6520
K562_skew	[-0.05,0.05)	dELS	ULTRARARE	CpG-nonCGI	2337447	2337447	4667079.676	9988710.558100002	2334038	-1876035.7659206793	8131724.475109607	47457	196428	289484
K562_skew	[-0.05,0.05)	dELS	ULTRARARE	non-CpG-ti	9179573	9179573	1396775.116	300767.727806	9168251	852976.7511892794	20163105.331887424	474155	610974	827054
K562_skew	[-0.05,0.05)	dELS	ULTRARARE	non-CpG-tv	5490603	5490603	338610.121	47979.950339	5481281	663073.5335166848	12298576.032060703	297292	371861	521283
K562_skew	[-0.05,0.05)	dELS	ULTRARARE	unknown	4323	0	0	0	3720	-937.7570040172435	3667.2977005809926	17	331	440
K562_skew	[-0.05,0.05)	non-cCRE	COMMON	CpG-CGI	1675	1675	2223.926	4166.383084	1668	-1319.3359976594804	6348.828241573234	29	443	223
K562_skew	[-0.05,0.05)	non-cCRE	COMMON	CpG-nonCGI	869024	869024	1781024.207	4055360.607033	858131	-742451.379563367	2131394.503368595	3297	29285	3542
K562_skew	[-0.05,0.05)	non-cCRE	COMMON	non-CpG-ti	3760114	3760114	579577.405	127883.771605	3723913	-1099819.1151517618	5170851.515871705	38487	101396	11137
K562_skew	[-0.05,0.05)	non-cCRE	COMMON	non-CpG-tv	2269214	2269214	177609.052	83672.423372	2239101	-622817.9954760713	3096502.228519968	24547	59546	7523
K562_skew	[-0.05,0.05)	non-cCRE	COMMON	unknown	7201	0	0	0	4804	-3016.0599972386817	9323.768035077186	13	206	140
K562_skew	[-0.05,0.05)	non-cCRE	LOW_FREQ	CpG-CGI	2533	2533	3680.013	7287.313097	2518	-1621.1620025024754	7487.738400343936	61	622	320
K562_skew	[-0.05,0.05)	non-cCRE	LOW_FREQ	CpG-nonCGI	1091365	1091365	2490113.965	5981569.874528999	1073965	-917379.1014519429	2698375.882545063	4527	30575	4927
K562_skew	[-0.05,0.05)	non-cCRE	LOW_FREQ	non-CpG-ti	4116631	4116631	659728.941	151862.041353	4065692	-496033.7012951628	4651880.020608526	52792	85669	12885
K562_skew	[-0.05,0.05)	non-cCRE	LOW_FREQ	non-CpG-tv	2498577	2498577	191297.569	74307.566243	2453200	-317168.2104440454	2954056.537100505	33670	51837	8737
K562_skew	[-0.05,0.05)	non-cCRE	LOW_FREQ	unknown	10142	0	0	0	4916	-2088.918000051288	5983.37109119315	9	219	228
K562_skew	[-0.05,0.05)	non-cCRE	RARE	CpG-CGI	7166	7166	10473.132	20781.021984	7144	-4576.765002954518	21776.038899457017	168	1784	961
K562_skew	[-0.05,0.05)	non-cCRE	RARE	CpG-nonCGI	3180441	3180441	7285329.591	17527137.197319	3128896	-2660449.9934741315	7883183.27512228	14282	88566	14240
K562_skew	[-0.05,0.05)	non-cCRE	RARE	non-CpG-ti	9922154	9922154	1606132.65	376991.875582	9791672	-1055177.5095160063	11147953.913646137	131864	209099	31275
K562_skew	[-0.05,0.05)	non-cCRE	RARE	non-CpG-tv	6086539	6086539	454720.679	153357.785057	5968343	-624761.2795853975	7034172.045128745	85700	128481	21707
K562_skew	[-0.05,0.05)	non-cCRE	RARE	unknown	24201	0	0	0	11308	-4243.731997578173	14125.347873093559	32	733	581
K562_skew	[-0.05,0.05)	non-cCRE	SINGLETON	CpG-CGI	26634	26634	20185.7	27406.86144	26597	-9309.488000532381	80632.55259325568	1196	8874	7122
K562_skew	[-0.05,0.05)	non-cCRE	SINGLETON	CpG-nonCGI	2411942	2411942	4831158.48	10277587.517532	2398575	-1762827.9621050507	5558722.40516757	16817	90640	18267
K562_skew	[-0.05,0.05)	non-cCRE	SINGLETON	non-CpG-ti	93199990	93199990	13591501.344000062	2681784.911180026	92356574	-2580831.408714408	93865527.8630028	1410223	1914615	294671
K562_skew	[-0.05,0.05)	non-cCRE	SINGLETON	non-CpG-tv	65113574	65113574	3687295.3189999787	405044.28298899985	64274075	-1754965.910937632	67378955.33724974	1033179	1336997	216739
K562_skew	[-0.05,0.05)	non-cCRE	SINGLETON	unknown	62834	0	0	0	36981	-7227.760996424012	30717.346448107106	122	1769	1232
K562_skew	[-0.05,0.05)	non-cCRE	ULTRARARE	CpG-CGI	32102	32102	37952.177	68221.961359	32021	-17852.433994335235	100534.59160201161	951	9070	6008
K562_skew	[-0.05,0.05)	non-cCRE	ULTRARARE	CpG-nonCGI	10835939	10835939	23581590.268	53944508.9905	10750804	-8677636.030070141	26295893.57723834	58431	331544	58866
K562_skew	[-0.05,0.05)	non-cCRE	ULTRARARE	non-CpG-ti	61872428	61872428	9897227.337000016	2252722.4613170093	61152011	-5037870.592834074	67170899.01138492	856539	1278088	193546
K562_skew	[-0.05,0.05)	non-cCRE	ULTRARARE	non-CpG-tv	37544908	37544908	2445905.7359999935	421109.9767439998	36911698	-2235812.6845016074	40369852.049870394	562609	784729	129174
K562_skew	[-0.05,0.05)	non-cCRE	ULTRARARE	unknown	68540	0	0	0	33507	-9342.159994112215	36210.749510700436	144	2538	1552
K562_skew	[-0.05,0.05)	pELS	COMMON	CpG-CGI	1377	1377	850.872	950.762206	1376	-719.4080005771249	4354.151457901056	53	589	476
K562_skew	[-0.05,0.05)	pELS	COMMON	CpG-nonCGI	17066	17066	28334.833	55995.711299	17045	-15133.494980377262	58199.33735635466	218	3682	1996
K562_skew	[-0.05,0.05)	pELS	COMMON	non-CpG-ti	68443	68443	9719.31	1963.923432	68368	-10968.001990967194	149617.26232218463	2381	15860	7546
K562_skew	[-0.05,0.05)	pELS	COMMON	non-CpG-tv	42537	42537	3041.4339999999997	1070.53222	42469	-7310.105000459589	94167.33882061542	1448	10329	5246
K562_skew	[-0.05,0.05)	pELS	COMMON	unknown	108	0	0	0	98	-41.13300050050026	206.5335804527582	1	13	11
K562_skew	[-0.05,0.05)	pELS	LOW_FREQ	CpG-CGI	2139	2139	1394.845	1723.135175	2136	-757.793998937239	6537.40796589878	100	828	758
K562_skew	[-0.05,0.05)	pELS	LOW_FREQ	CpG-nonCGI	22878	22878	42059.539	87580.998373	22834	-19049.901995094275	75887.48383195381	333	4272	2740
K562_skew	[-0.05,0.05)	pELS	LOW_FREQ	non-CpG-ti	77904	77904	11621.26	2448.967956	77792	2693.1690045410055	179266.07565643667	3575	15518	8684
K562_skew	[-0.05,0.05)	pELS	LOW_FREQ	non-CpG-tv	48924	48924	3525.551	1032.496811	48817	243.46300559327906	111764.26644334717	2210	10203	6412
K562_skew	[-0.05,0.05)	pELS	LOW_FREQ	unknown	114	0	0	0	79	-38.22000057855624	152.88464696212344	0	14	8
K562_skew	[-0.05,0.05)	pELS	RARE	CpG-CGI	5488	5488	3689.866	4621.630306	5478	-1795.2270006170743	17672.606782749688	261	2072	1990
K562_skew	[-0.05,0.05)	pELS	RARE	CpG-nonCGI	65308	65308	121389.024	253447.864536	65229	-55766.01698453631	229631.2471812381	1050	12334	7980
K562_skew	[-0.05,0.05)	pELS	RARE	non-CpG-ti	194050	194050	29186.693	6240.375557	193861	14048.693991191118	461908.3929301017	9908	39152	22431
K562_skew	[-0.05,0.05)	pELS	RARE	non-CpG-tv	124522	124522	8788.225	2139.504011	124311	5464.470988034155	289843.6158599018	6198	26765	16430
K562_skew	[-0.05,0.05)	pELS	RARE	unknown	605	0	0	0	541	-248.0540008263199	927.756384929706	3	308	61
K562_skew	[-0.05,0.05)	pELS	SINGLETON	CpG-CGI	40998	40998	19612.988	15536.965406	40992	-5467.120001926553	130943.54013734851	2736	16073	16704
K562_skew	[-0.05,0.05)	pELS	SINGLETON	CpG-nonCGI	122710	122710	169645.731	298944.894183	122617	-75610.60800865025	364995.52452914766	2967	29656	18153
K562_skew	[-0.05,0.05)	pELS	SINGLETON	non-CpG-ti	1906447	1906447	263490.922	47423.466136	1905196	328228.4968969295	4152250.9869419537	107638	381369	216193
K562_skew	[-0.05,0.05)	pELS	SINGLETON	non-CpG-tv	1372871	1372871	79339.744	8232.591262	1371712	184830.74800974986	3179359.4726130385	77622	288423	171602
K562_skew	[-0.05,0.05)	pELS	SINGLETON	unknown	1832	0	0	0	1779	-278.27899726608325	3214.387192464441	39	582	123
K562_skew	[-0.05,0.05)	pELS	ULTRARARE	CpG-CGI	34459	34459	20198.602	21674.702702	34435	-7711.560994640343	113639.79055766406	2101	13264	13280
K562_skew	[-0.05,0.05)	pELS	ULTRARARE	CpG-nonCGI	294225	294225	514121.263	1028525.359839	293914	-229614.45192089857	971315.640986982	5610	57888	37427
K562_skew	[-0.05,0.05)	pELS	ULTRARARE	non-CpG-ti	1239709	1239709	184998.578	38211.938492	1238742	137432.4670219996	2836335.6561338776	66598	252649	142363
K562_skew	[-0.05,0.05)	pELS	ULTRARARE	non-CpG-tv	790681	790681	51085.654	7237.122952	789653	74335.9730117881	1867324.7876509118	42566	168302	101714
K562_skew	[-0.05,0.05)	pELS	ULTRARARE	unknown	3504	0	0	0	3423	-893.3309938120653	6641.1516365291145	77	1533	231
K562_skew	[-0.2,-0.05)	Other cCREs	COMMON	CpG-CGI	393	393	680.351	1422.089395	385	-379.44399990513926	1456.043050717309	6	70	16
K562_skew	[-0.2,-0.05)	Other cCREs	COMMON	CpG-nonCGI	27496	27496	56169.734	129007.49641	27229	-25537.533997266317	80396.78925103301	151	1426	1416
K562_skew	[-0.2,-0.05)	Other cCREs	COMMON	non-CpG-ti	37822	37822	5433.838	1081.583864	37675	-8725.253992040178	58981.06686944005	738	1549	1934
K562_skew	[-0.2,-0.05)	Other cCREs	COMMON	non-CpG-tv	28801	28801	1956.085	387.551423	28611	-7207.388999236748	45221.54999132082	501	1284	1590
K562_skew	[-0.2,-0.05)	Other cCREs	COMMON	unknown	96	0	0	0	80	-40.43700075522065	139.77884556551848	0	13	1
K562_skew	[-0.2,-0.05)	Other cCREs	LOW_FREQ	CpG-CGI	570	570	1036.241	2209.938763	563	-399.9880001621787	1717.9370175078818	12	78	12
K562_skew	[-0.2,-0.05)	Other cCREs	LOW_FREQ	CpG-nonCGI	35479	35479	80682.522	195259.577602	35008	-32141.734979491568	105007.99643383415	234	1588	1925
K562_skew	[-0.2,-0.05)	Other cCREs	LOW_FREQ	non-CpG-ti	41700	41700	6276.3730000000005	1296.629081	41497	-1606.8129844180075	56140.05428029203	999	1330	2067
K562_skew	[-0.2,-0.05)	Other cCREs	LOW_FREQ	non-CpG-tv	31597	31597	2274.594	471.637996	31323	-3626.824990476831	48495.20936740561	730	1129	1730
K562_skew	[-0.2,-0.05)	Other cCREs	LOW_FREQ	unknown	155	0	0	0	116	-25.936999820172787	75.47864673821626	0	16	4
K562_skew	[-0.2,-0.05)	Other cCREs	RARE	CpG-CGI	1748	1748	3263.3360000000002	7048.90117	1732	-1242.1609996824993	6299.259141261814	51	278	41
K562_skew	[-0.2,-0.05)	Other cCREs	RARE	CpG-nonCGI	103942	103942	236809.21	573251.554018	102596	-92080.23894440303	298502.6912962558	772	4799	5699
K562_skew	[-0.2,-0.05)	Other cCREs	RARE	non-CpG-ti	99737	99737	15128.077	3188.003529	99214	-1460.499985488715	137634.54560935588	2543	3272	5168
K562_skew	[-0.2,-0.05)	Other cCREs	RARE	non-CpG-tv	76841	76841	5551.89	1076.3341639999999	76125	-6182.928983068444	117803.11481064215	1936	2775	4291
K562_skew	[-0.2,-0.05)	Other cCREs	RARE	unknown	383	0	0	0	262	-72.09699998050927	177.78323141354957	0	31	3
K562_skew	[-0.2,-0.05)	Other cCREs	SINGLETON	CpG-CGI	3169	3169	4334.026	7833.676398	3145	-1719.0460004197664	10681.981336251025	108	435	199
K562_skew	[-0.2,-0.05)	Other cCREs	SINGLETON	CpG-nonCGI	83288	83288	165165.184	354888.286894	82760	-67060.47295590746	231554.33579653097	845	4018	4851
K562_skew	[-0.2,-0.05)	Other cCREs	SINGLETON	non-CpG-ti	957190	957190	133334.469	23847.432149	954094	54002.38605192371	1284170.3024069297	27955	29687	49178
K562_skew	[-0.2,-0.05)	Other cCREs	SINGLETON	non-CpG-tv	809627	809627	47369.664	5265.00291	805351	-4012.1428466538114	1193711.6539402618	22980	26690	42923
K562_skew	[-0.2,-0.05)	Other cCREs	SINGLETON	unknown	1097	0	0	0	838	-144.82699994184077	460.5643074518855	1	100	13
K562_skew	[-0.2,-0.05)	Other cCREs	ULTRARARE	CpG-CGI	6222	6222	10661.492	21956.439786	6166	-3977.289997813991	20210.897771669508	160	961	202
K562_skew	[-0.2,-0.05)	Other cCREs	ULTRARARE	CpG-nonCGI	354826	354826	771250.826	1785962.073808	352053	-307073.05483062734	1018409.2830195018	2925	15972	19784
K562_skew	[-0.2,-0.05)	Other cCREs	ULTRARARE	non-CpG-ti	620168	620168	92879.54	18825.347864	617579	6554.289075427467	843213.104053806	16791	19451	31692
K562_skew	[-0.2,-0.05)	Other cCREs	ULTRARARE	non-CpG-tv	470944	470944	31693.921	4770.333727	467430	-20147.390943697894	705238.1360243654	12742	16379	25604
K562_skew	[-0.2,-0.05)	Other cCREs	ULTRARARE	unknown	1117	0	0	0	782	-153.86699986457822	423.9699003777289	2	97	14
K562_skew	[-0.2,-0.05)	PLS	COMMON	CpG-CGI	663	663	335.879	306.271423	663	-135.38200023490938	3113.520970935153	49	290	352
K562_skew	[-0.2,-0.05)	PLS	COMMON	CpG-nonCGI	863	863	1278.347	2470.898773	858	-764.3980017043652	3692.130292581446	22	258	265
K562_skew	[-0.2,-0.05)	PLS	COMMON	non-CpG-ti	2387	2387	340.068	63.595982	2385	51.89600400859509	11769.780331201611	216	909	841
K562_skew	[-0.2,-0.05)	PLS	COMMON	non-CpG-tv	2496	2496	218.776	41.693928	2490	-209.22799973248047	10284.212168764701	200	1060	1084
K562_skew	[-0.2,-0.05)	PLS	COMMON	unknown	10	0	0	0	10	0.09599997103214722	25.44430189757155	2	3	1
K562_skew	[-0.2,-0.05)	PLS	LOW_FREQ	CpG-CGI	1036	1036	548.8820000000001	549.833258	1036	93.87100180634297	5406.517577636858	125	407	570
K562_skew	[-0.2,-0.05)	PLS	LOW_FREQ	CpG-nonCGI	1259	1259	2069.445	4240.370311	1252	-917.6890012421646	5701.969261711963	57	341	401
K562_skew	[-0.2,-0.05)	PLS	LOW_FREQ	non-CpG-ti	3160	3160	485.837	94.698855	3158	1756.1030005197986	16442.264224544982	494	1055	1192
K562_skew	[-0.2,-0.05)	PLS	LOW_FREQ	non-CpG-tv	3266	3266	292.455	52.580837	3260	384.71500283607736	17847.18814929918	364	1200	1529
K562_skew	[-0.2,-0.05)	PLS	LOW_FREQ	unknown	9	0	0	0	9	-2.5669998563826044	37.14707571782878	1	7	3
K562_skew	[-0.2,-0.05)	PLS	RARE	CpG-CGI	3075	3075	1559.201	1464.039203	3074	499.364002674702	16039.557586981768	390	1223	1753
K562_skew	[-0.2,-0.05)	PLS	RARE	CpG-nonCGI	3581	3581	5995.714	12380.576374	3563	-2011.658999218722	15607.62853690392	179	949	1042
K562_skew	[-0.2,-0.05)	PLS	RARE	non-CpG-ti	8145	8145	1263.047	249.248249	8138	4737.056999365452	46355.90735399158	1285	2859	3269
K562_skew	[-0.2,-0.05)	PLS	RARE	non-CpG-tv	8987	8987	837.9110000000001	157.341327	8970	2879.3549887400573	48265.878879053	1215	3234	4118
K562_skew	[-0.2,-0.05)	PLS	RARE	unknown	133	0	0	0	132	-54.62500075064602	301.344506004674	3	66	10
K562_skew	[-0.2,-0.05)	PLS	SINGLETON	CpG-CGI	23767	23767	10580.135	8076.070237	23756	8150.398004305084	128228.86911160253	3455	9586	14202
K562_skew	[-0.2,-0.05)	PLS	SINGLETON	CpG-nonCGI	8626	8626	9115.751	14820.075593	8619	-2155.8719963037884	40719.8561648134	697	2664	3325
K562_skew	[-0.2,-0.05)	PLS	SINGLETON	non-CpG-ti	75991	75991	11107.841	1997.044627	75947	59596.76897227484	438229.713085013	13498	26105	30132
K562_skew	[-0.2,-0.05)	PLS	SINGLETON	non-CpG-tv	87508	87508	6707.4	837.780338	87434	45725.030977774295	494211.0182919387	13643	31214	38626
K562_skew	[-0.2,-0.05)	PLS	SINGLETON	unknown	147	0	0	0	147	-78.12600109167396	499.11327853435006	4	65	44
K562_skew	[-0.2,-0.05)	PLS	ULTRARARE	CpG-CGI	19645	19645	9481.444	8197.151128	19635	4482.761007050169	103740.78435173488	2635	7853	11415
K562_skew	[-0.2,-0.05)	PLS	ULTRARARE	CpG-nonCGI	16424	16424	25135.217	49296.716979000004	16396	-8336.014995340027	77513.5670367376	1019	4518	5259
K562_skew	[-0.2,-0.05)	PLS	ULTRARARE	non-CpG-ti	52638	52638	8137.174	1587.369688	52602	37691.53398193245	313720.77802940016	9193	18385	21455
K562_skew	[-0.2,-0.05)	PLS	ULTRARARE	non-CpG-tv	56340	56340	4884.644	760.346748	56270	25157.20799493767	325473.6481926194	8486	20297	25424
K562_skew	[-0.2,-0.05)	PLS	ULTRARARE	unknown	391	0	0	0	389	-139.76700097916193	1278.8441557440256	18	194	32
K562_skew	[-0.2,-0.05)	dELS	COMMON	CpG-CGI	1053	1053	1482.94	2900.960494	1051	-889.746003231732	3727.328830666583	21	257	242
K562_skew	[-0.2,-0.05)	dELS	COMMON	CpG-nonCGI	69890	69890	134887.838	295772.469822	69762	-69232.66199185864	254118.3718611268	802	7396	11015
K562_skew	[-0.2,-0.05)	dELS	COMMON	non-CpG-ti	95304	95304	13475.428	2649.27675	95178	-13212.783990723898	201645.95870357976	3469	9012	12776
K562_skew	[-0.2,-0.05)	dELS	COMMON	non-CpG-tv	70601	70601	4750.076	917.064988	70481	-12854.420013962668	146949.76149421104	2405	6711	10852
K562_skew	[-0.2,-0.05)	dELS	COMMON	unknown	117	0	0	0	112	-68.24399969354272	191.39148297728678	0	14	14
K562_skew	[-0.2,-0.05)	dELS	LOW_FREQ	CpG-CGI	1641	1641	2616.274	5396.14741	1635	-1256.9110003347746	6442.317762597282	49	352	366
K562_skew	[-0.2,-0.05)	dELS	LOW_FREQ	CpG-nonCGI	94438	94438	201528.408	464107.522388	94246	-87908.74100096502	348717.9426109055	1417	8518	15614
K562_skew	[-0.2,-0.05)	dELS	LOW_FREQ	non-CpG-ti	108120	108120	15999.003	3261.661507	107945	8966.667985467695	220487.1584101308	5237	8296	15108
K562_skew	[-0.2,-0.05)	dELS	LOW_FREQ	non-CpG-tv	80281	80281	5663.252	1085.321398	80100	-534.8649993498094	179998.74738722632	3622	6383	13030
K562_skew	[-0.2,-0.05)	dELS	LOW_FREQ	unknown	141	0	0	0	136	-59.88200011104348	299.2512819998943	1	9	20
K562_skew	[-0.2,-0.05)	dELS	RARE	CpG-CGI	4658	4658	7630.878	15873.355116	4649	-3587.457004185186	18361.04544729508	137	1004	896
K562_skew	[-0.2,-0.05)	dELS	RARE	CpG-nonCGI	278197	278197	596690.73	1377629.582226	277590	-255220.6039650978	1029269.8981391845	4720	25019	46672
K562_skew	[-0.2,-0.05)	dELS	RARE	non-CpG-ti	264095	264095	39489.691	8201.824605	263729	30606.683991045007	583789.7520325991	13852	20308	37468
K562_skew	[-0.2,-0.05)	dELS	RARE	non-CpG-tv	199201	199201	14408.254	2915.667484	198819	5315.093992812438	456641.375314328	9800	16086	32391
K562_skew	[-0.2,-0.05)	dELS	RARE	unknown	379	0	0	0	373	-160.5260005258024	505.8860780157343	0	27	48
K562_skew	[-0.2,-0.05)	dELS	SINGLETON	CpG-CGI	15270	15270	13410.401	20301.969163	15245	-5323.319996548233	62701.53280096811	1012	3190	5493
K562_skew	[-0.2,-0.05)	dELS	SINGLETON	CpG-nonCGI	280411	280411	526320.66	1092681.228352	279959	-222210.27998120277	1013525.3387998334	6543	28004	50142
K562_skew	[-0.2,-0.05)	dELS	SINGLETON	non-CpG-ti	2610063	2610063	359326.507	63010.399943	2606932	516075.65882523544	5612177.870555048	150200	198443	360427
K562_skew	[-0.2,-0.05)	dELS	SINGLETON	non-CpG-tv	2151894	2151894	123504.474	13188.765576	2148451	258199.46888938002	5018551.088419462	120311	169174	316274
K562_skew	[-0.2,-0.05)	dELS	SINGLETON	unknown	1292	0	0	0	1276	-327.6310004517437	1298.8319676902568	3	114	178
K562_skew	[-0.2,-0.05)	dELS	ULTRARARE	CpG-CGI	21917	21917	30041.884000000002	58021.51805	21874	-13469.56401326379	90896.81477857035	1035	4716	5770
K562_skew	[-0.2,-0.05)	dELS	ULTRARARE	CpG-nonCGI	1093661	1093661	2249023.194	4997849.048318	1091880	-954093.5609264141	4023718.2680565245	21293	102404	186815
K562_skew	[-0.2,-0.05)	dELS	ULTRARARE	non-CpG-ti	1673840	1673840	247405.867	49467.097641	1671631	247425.87881430946	3676656.8970830413	92317	128216	234252
K562_skew	[-0.2,-0.05)	dELS	ULTRARARE	non-CpG-tv	1242614	1242614	82082.232	12151.402202	1240321	93691.72595173752	2933268.0717789805	66373	98748	190886
K562_skew	[-0.2,-0.05)	dELS	ULTRARARE	unknown	1215	0	0	0	1197	-291.01800121273834	1132.8948456772405	5	114	172
K562_skew	[-0.2,-0.05)	non-cCRE	COMMON	CpG-CGI	948	948	1240.971	2405.795357	943	-646.7569990723858	3463.480825437701	32	276	151
K562_skew	[-0.2,-0.05)	non-cCRE	COMMON	CpG-nonCGI	270408	270408	565719.588	1319369.938212	267985	-264008.6378138075	757028.3689278062	759	11534	1909
K562_skew	[-0.2,-0.05)	non-cCRE	COMMON	non-CpG-ti	400804	400804	57293.53	11806.321421999999	397157	-113145.1879122304	538680.1132556541	4164	13149	2480
K562_skew	[-0.2,-0.05)	non-cCRE	COMMON	non-CpG-tv	319229	319229	21867.081000000002	5574.880817	315449	-100528.0509042664	456402.19069512474	3158	10667	2446
K562_skew	[-0.2,-0.05)	non-cCRE	COMMON	unknown	783	0	0	0	658	-436.6179994847626	1450.7917892978114	2	40	13
K562_skew	[-0.2,-0.05)	non-cCRE	LOW_FREQ	CpG-CGI	1469	1469	2028.902	4062.899222	1462	-849.3479974580698	4385.500881595727	39	358	267
K562_skew	[-0.2,-0.05)	non-cCRE	LOW_FREQ	CpG-nonCGI	350589	350589	816890.412	2008421.758108	346519	-333415.6287603143	967904.5069483069	1198	12342	2600
K562_skew	[-0.2,-0.05)	non-cCRE	LOW_FREQ	non-CpG-ti	436289	436289	65429.014	14117.574604	431096	-42531.02588350782	480461.22100820474	5886	11371	2982
K562_skew	[-0.2,-0.05)	non-cCRE	LOW_FREQ	non-CpG-tv	345009	345009	24602.842	5902.604762	339345	-53334.889892440064	416111.8547986186	4246	9452	2915
K562_skew	[-0.2,-0.05)	non-cCRE	LOW_FREQ	unknown	967	0	0	0	719	-278.60700072802143	828.7968886046505	1	46	12
K562_skew	[-0.2,-0.05)	non-cCRE	RARE	CpG-CGI	4114	4114	5873.121	11934.775721	4080	-2212.8680029609254	13896.829613151604	147	1055	709
K562_skew	[-0.2,-0.05)	non-cCRE	RARE	CpG-nonCGI	1026814	1026814	2400158.491	5906327.279511	1014902	-974281.7232363957	2842527.5897914777	3470	36008	7898
K562_skew	[-0.2,-0.05)	non-cCRE	RARE	non-CpG-ti	1052242	1052242	159255.483	35159.281899	1039020	-84867.89470985252	1143919.9383182977	14443	28245	7326
K562_skew	[-0.2,-0.05)	non-cCRE	RARE	non-CpG-tv	838262	838262	60669.498999999996	14014.110198999999	823612	-105010.16277621128	990616.1042172647	11346	23811	7208
K562_skew	[-0.2,-0.05)	non-cCRE	RARE	unknown	2446	0	0	0	1724	-696.6219985337231	2337.1130541050593	6	133	20
K562_skew	[-0.2,-0.05)	non-cCRE	SINGLETON	CpG-CGI	16516	16516	11634.022	15631.601632	16478	-1981.2319990043766	53150.66600021895	1116	5344	5316
K562_skew	[-0.2,-0.05)	non-cCRE	SINGLETON	CpG-nonCGI	762513	762513	1554151.27	3386034.79109	759016	-641032.7814978214	1915714.990746325	3868	35081	9684
K562_skew	[-0.2,-0.05)	non-cCRE	SINGLETON	non-CpG-ti	9928640	9928640	1360228.9519999998	250187.58764	9840734	-33948.72696315283	9814059.11828771	158114	254353	66437
K562_skew	[-0.2,-0.05)	non-cCRE	SINGLETON	non-CpG-tv	8636588	8636588	482497.953	53030.83596299996	8528870	-362325.75286364375	9343502.249865357	135799	230184	64981
K562_skew	[-0.2,-0.05)	non-cCRE	SINGLETON	unknown	7241	0	0	0	5922	-1278.5739985753316	4932.713723193083	19	321	108
K562_skew	[-0.2,-0.05)	non-cCRE	ULTRARARE	CpG-CGI	19460	19460	21951.724000000002	40115.249498	19389	-6974.357994441992	63647.65963190249	972	5500	4437
K562_skew	[-0.2,-0.05)	non-cCRE	ULTRARARE	CpG-nonCGI	3471677	3471677	7719205.873	18102209.254605003	3451560	-3184464.8798566293	9362134.760720158	13834	132140	31470
K562_skew	[-0.2,-0.05)	non-cCRE	ULTRARARE	non-CpG-ti	6517095	6517095	973651.419	207172.675211	6443872	-328426.9886941685	6836065.71120389	95881	169804	44439
K562_skew	[-0.2,-0.05)	non-cCRE	ULTRARARE	non-CpG-tv	5045249	5045249	329021.351	51968.009305	4966151	-408279.938582421	5675349.261420053	74058	139100	40716
K562_skew	[-0.2,-0.05)	non-cCRE	ULTRARARE	unknown	7129	0	0	0	5337	-1484.11600335734	5340.970640397442	17	384	65
K562_skew	[-0.2,-0.05)	pELS	COMMON	CpG-CGI	919	919	506.307	528.367413	916	-213.97900275466966	3397.990867387227	60	402	393
K562_skew	[-0.2,-0.05)	pELS	COMMON	CpG-nonCGI	8242	8242	13874.427	28279.432339	8222	-7772.866998542685	28182.50912668674	89	1871	1272
K562_skew	[-0.2,-0.05)	pELS	COMMON	non-CpG-ti	13341	13341	1864.982	357.941578	13325	-898.5589984547111	31925.518096198164	586	3410	2279
K562_skew	[-0.2,-0.05)	pELS	COMMON	non-CpG-tv	11290	11290	832.425	160.368863	11264	-2102.002993843403	26725.95322096157	457	3110	2340
K562_skew	[-0.2,-0.05)	pELS	COMMON	unknown	36	0	0	0	33	-28.55700013041496	117.90100573876029	0	8	14
K562_skew	[-0.2,-0.05)	pELS	LOW_FREQ	CpG-CGI	1406	1406	823.644	962.894514	1402	-82.1950007872656	4178.425431912986	98	529	631
K562_skew	[-0.2,-0.05)	pELS	LOW_FREQ	CpG-nonCGI	11204	11204	21051.858	45354.047734	11173	-10326.381993047778	40863.395261841986	156	2269	1979
K562_skew	[-0.2,-0.05)	pELS	LOW_FREQ	non-CpG-ti	15708	15708	2313.479	455.365469	15685	2888.101998135914	39787.723072442255	980	3588	2994
K562_skew	[-0.2,-0.05)	pELS	LOW_FREQ	non-CpG-tv	13349	13349	1040.664	204.62359	13323	302.9709959159377	36973.39056974556	764	3276	3048
K562_skew	[-0.2,-0.05)	pELS	LOW_FREQ	unknown	53	0	0	0	37	-8.262000203132631	45.31842310685506	0	11	12
K562_skew	[-0.2,-0.05)	pELS	RARE	CpG-CGI	3907	3907	2440.255	3028.386637	3896	-33.718997424701286	14704.697014135902	314	1445	1706
K562_skew	[-0.2,-0.05)	pELS	RARE	CpG-nonCGI	32795	32795	62056.578	134125.127556	32725	-29017.812002672246	119253.2735164429	574	6582	5714
K562_skew	[-0.2,-0.05)	pELS	RARE	non-CpG-ti	39606	39606	5968.009	1227.364171	39552	7795.965983019096	111677.56409498751	2735	9111	7742
K562_skew	[-0.2,-0.05)	pELS	RARE	non-CpG-tv	34183	34183	2769.194	610.571816	34101	2996.589004701004	98145.18945279029	2198	8491	7961
K562_skew	[-0.2,-0.05)	pELS	RARE	unknown	220	0	0	0	194	-53.35699906479567	225.94271916137208	0	119	38
K562_skew	[-0.2,-0.05)	pELS	SINGLETON	CpG-CGI	30419	30419	13607.331	10391.237783	30406	4641.992009213893	113303.31762823142	2932	11879	14695
K562_skew	[-0.2,-0.05)	pELS	SINGLETON	CpG-nonCGI	59701	59701	80953.695	145219.063755	59660	-35058.85099498382	190940.6370999709	1796	15329	12451
K562_skew	[-0.2,-0.05)	pELS	SINGLETON	non-CpG-ti	384253	384253	53611.863000000005	9425.639801	383922	116251.89496248121	989592.8656370216	28699	87882	73588
K562_skew	[-0.2,-0.05)	pELS	SINGLETON	non-CpG-tv	356673	356673	22858.44	2654.377866	356250	71751.06100254704	1000232.7120174995	26045	87515	77674
K562_skew	[-0.2,-0.05)	pELS	SINGLETON	unknown	510	0	0	0	489	-158.30000032566022	823.8556997550082	1	180	99
K562_skew	[-0.2,-0.05)	pELS	ULTRARARE	CpG-CGI	25011	25011	13746.782	14592.831452	24996	1938.0100071615316	92712.3124241647	2320	9804	11343
K562_skew	[-0.2,-0.05)	pELS	ULTRARARE	CpG-nonCGI	143354	143354	253259.217	522484.12253500003	143137	-113469.9519598638	497166.7883199131	3111	30786	25751
K562_skew	[-0.2,-0.05)	pELS	ULTRARARE	non-CpG-ti	250964	250964	37478.61	7392.088102	250719	65380.26701541639	684595.4372556291	18753	58314	49443
K562_skew	[-0.2,-0.05)	pELS	ULTRARARE	non-CpG-tv	212982	212982	15657.19	2460.186832	212636	31454.6529709883	620590.7913842403	14876	52710	48630
K562_skew	[-0.2,-0.05)	pELS	ULTRARARE	unknown	920	0	0	0	889	-356.52700081910064	1863.1297033785859	6	420	159
K562_skew	[-0.5,-0.2)	Other cCREs	COMMON	CpG-CGI	124	124	205.819	430.263587	123	-81.32399943820192	426.45314796025383	3	28	3
K562_skew	[-0.5,-0.2)	Other cCREs	COMMON	CpG-nonCGI	7868	7868	16030.072	36713.527978	7791	-7255.51899612427	22171.239658857394	36	487	603
K562_skew	[-0.5,-0.2)	Other cCREs	COMMON	non-CpG-ti	8752	8752	1373.344	304.326438	8707	-2256.298999716178	14369.883061332073	149	384	631
K562_skew	[-0.5,-0.2)	Other cCREs	COMMON	non-CpG-tv	6751	6751	473.525	75.090829	6705	-1982.9109961483641	11641.669965838946	128	299	538
K562_skew	[-0.5,-0.2)	Other cCREs	COMMON	unknown	28	0	0	0	24	-19.625999942421917	57.89018265216097	0	4	1
K562_skew	[-0.5,-0.2)	Other cCREs	LOW_FREQ	CpG-CGI	212	212	405.954	909.2581339999999	210	-110.89299985673279	711.2935104386845	7	35	5
K562_skew	[-0.5,-0.2)	Other cCREs	LOW_FREQ	CpG-nonCGI	10395	10395	23395.128	56378.209484	10266	-9427.263992285823	29880.50629059411	60	532	779
K562_skew	[-0.5,-0.2)	Other cCREs	LOW_FREQ	non-CpG-ti	9716	9716	1594.26	357.54955	9664	-802.4489972777664	13458.236850894551	198	338	761
K562_skew	[-0.5,-0.2)	Other cCREs	LOW_FREQ	non-CpG-tv	7822	7822	594.904	111.668212	7751	-1178.8769953413857	11856.35085253833	150	287	691
K562_skew	[-0.5,-0.2)	Other cCREs	LOW_FREQ	unknown	38	0	0	0	28	-18.38099990040064	39.178004558156125	0	8	0
K562_skew	[-0.5,-0.2)	Other cCREs	RARE	CpG-CGI	598	598	1146.744	2523.051838	587	-420.5579982316122	2317.5243105052305	18	100	21
K562_skew	[-0.5,-0.2)	Other cCREs	RARE	CpG-nonCGI	29980	29980	68042.286	164765.52972	29636	-27242.948987775253	85995.46064244844	175	1455	2317
K562_skew	[-0.5,-0.2)	Other cCREs	RARE	non-CpG-ti	23089	23089	3757.709	849.518091	22969	-1262.4879918071663	31871.13265500739	542	874	1874
K562_skew	[-0.5,-0.2)	Other cCREs	RARE	non-CpG-tv	19134	19134	1479.838	287.589008	18932	-2663.621990956483	29321.89311002834	413	807	1571
K562_skew	[-0.5,-0.2)	Other cCREs	RARE	unknown	106	0	0	0	86	-27.926000021398064	91.95050660665065	0	9	2
K562_skew	[-0.5,-0.2)	Other cCREs	SINGLETON	CpG-CGI	1039	1039	1445.981	2669.0961389999998	1031	-526.4259981603827	3510.9904511618306	39	157	86
K562_skew	[-0.5,-0.2)	Other cCREs	SINGLETON	CpG-nonCGI	24539	24539	47880.705	102073.410609	24390	-20049.66998908694	64331.8848345693	171	1363	2052
K562_skew	[-0.5,-0.2)	Other cCREs	SINGLETON	non-CpG-ti	217851	217851	32485.301	6238.971257	217101	6387.618066900988	290285.62050966965	5876	7474	17586
K562_skew	[-0.5,-0.2)	Other cCREs	SINGLETON	non-CpG-tv	199059	199059	12193.849	1407.105893	197895	-9434.347955707111	291990.90870284225	4958	7348	16260
K562_skew	[-0.5,-0.2)	Other cCREs	SINGLETON	unknown	342	0	0	0	308	-59.52300027012825	170.66729770929211	1	17	19
K562_skew	[-0.5,-0.2)	Other cCREs	ULTRARARE	CpG-CGI	2111	2111	3711.096	7786.248328	2091	-1170.8019991612532	7189.047301044544	66	340	95
K562_skew	[-0.5,-0.2)	Other cCREs	ULTRARARE	CpG-nonCGI	102833	102833	221919.552	513024.511898	102068	-90799.61694445102	291596.4078817371	712	5100	8242
K562_skew	[-0.5,-0.2)	Other cCREs	ULTRARARE	non-CpG-ti	143845	143845	23268.823	5134.116715	143230	-2743.860966156586	197916.04855593794	3530	5153	11463
K562_skew	[-0.5,-0.2)	Other cCREs	ULTRARARE	non-CpG-tv	117837	117837	8404.145	1345.734479	116865	-9665.174963126541	179276.48250758307	2852	4519	9772
K562_skew	[-0.5,-0.2)	Other cCREs	ULTRARARE	unknown	290	0	0	0	252	-83.96799945086238	273.5291841042983	0	25	7
K562_skew	[-0.5,-0.2)	PLS	COMMON	CpG-CGI	299	299	142.09	116.633028	299	-22.425999737810322	1771.351998257039	35	143	171
K562_skew	[-0.5,-0.2)	PLS	COMMON	CpG-nonCGI	306	306	442.927	836.871125	304	-236.08799985330566	1111.6975976356835	8	106	105
K562_skew	[-0.5,-0.2)	PLS	COMMON	non-CpG-ti	868	868	134.176	27.568452	868	288.0179977939698	4493.3636078788095	115	374	380
K562_skew	[-0.5,-0.2)	PLS	COMMON	non-CpG-tv	978	978	85.83	14.874182000000001	978	162.36100047326184	3827.804003309919	108	435	473
K562_skew	[-0.5,-0.2)	PLS	COMMON	unknown	3	0	0	0	3	2.37800028920174	35.3817877573505	1	0	1
K562_skew	[-0.5,-0.2)	PLS	LOW_FREQ	CpG-CGI	448	448	212.454	175.939128	448	195.76299932785327	2447.2230323423178	70	179	263
K562_skew	[-0.5,-0.2)	PLS	LOW_FREQ	CpG-nonCGI	489	489	790.841	1615.154555	487	-287.2709996799242	2232.0033852162687	27	147	186
K562_skew	[-0.5,-0.2)	PLS	LOW_FREQ	non-CpG-ti	1237	1237	210.629	47.386135	1236	1141.0860020159755	7710.90418756503	253	444	602
K562_skew	[-0.5,-0.2)	PLS	LOW_FREQ	non-CpG-tv	1480	1480	137.097	25.665761	1480	796.9800011818297	7965.593270474464	240	536	806
K562_skew	[-0.5,-0.2)	PLS	LOW_FREQ	unknown	4	0	0	0	4	2.271000012755393	1.6485250015616422	0	1	1
K562_skew	[-0.5,-0.2)	PLS	RARE	CpG-CGI	1368	1368	663.998	592.4305	1368	1003.3120035016912	8591.947327286207	261	571	864
K562_skew	[-0.5,-0.2)	PLS	RARE	CpG-nonCGI	1504	1504	2470.245	5050.709989	1501	-652.1800000249642	7347.920766537513	111	430	572
K562_skew	[-0.5,-0.2)	PLS	RARE	non-CpG-ti	3364	3364	570.916	127.756956	3362	3744.583004846471	27981.024364360914	835	1285	1709
K562_skew	[-0.5,-0.2)	PLS	RARE	non-CpG-tv	4254	4254	427.15	90.83097	4249	3480.1769979654355	28968.702579282693	869	1597	2386
K562_skew	[-0.5,-0.2)	PLS	RARE	unknown	31	0	0	0	31	-7.434000328183178	63.99857243939927	1	8	6
K562_skew	[-0.5,-0.2)	PLS	SINGLETON	CpG-CGI	11266	11266	4961.96	3760.294238	11261	10943.645982319498	83127.8960751342	2598	4542	7147
K562_skew	[-0.5,-0.2)	PLS	SINGLETON	CpG-nonCGI	3488	3488	3495.716	5583.73408	3482	329.1180017712762	19214.217717466858	407	1074	1625
K562_skew	[-0.5,-0.2)	PLS	SINGLETON	non-CpG-ti	31717	31717	5053.845	1007.585987	31705	43332.18599494431	275091.63747956493	8605	11448	15847
K562_skew	[-0.5,-0.2)	PLS	SINGLETON	non-CpG-tv	41793	41793	3247.952	409.491498	41764	44733.31399455922	318862.5625857563	9845	15471	22164
K562_skew	[-0.5,-0.2)	PLS	SINGLETON	unknown	55	0	0	0	55	-1.0630002468824409	105.97563904878771	1	17	30
K562_skew	[-0.5,-0.2)	PLS	ULTRARARE	CpG-CGI	9185	9185	4330.367	3648.003319	9181	7680.17100944044	67793.13038095759	2003	3643	5681
K562_skew	[-0.5,-0.2)	PLS	ULTRARARE	CpG-nonCGI	6757	6757	10010.283	19486.095667	6754	-1487.2290022625816	33296.346524799425	597	1999	2831
K562_skew	[-0.5,-0.2)	PLS	ULTRARARE	non-CpG-ti	21801	21801	3688.844	809.351468	21793	27639.539984173265	183855.61040003755	5754	7827	10948
K562_skew	[-0.5,-0.2)	PLS	ULTRARARE	non-CpG-tv	26872	26872	2398.689	399.177133	26856	24704.443998876013	197845.22908610787	5851	10005	14543
K562_skew	[-0.5,-0.2)	PLS	ULTRARARE	unknown	114	0	0	0	114	0.9460006058216017	319.46579512250327	6	40	20
K562_skew	[-0.5,-0.2)	dELS	COMMON	CpG-CGI	409	409	615.5169999999999	1235.191863	408	-386.13099867152056	1462.2846623663747	6	97	86
K562_skew	[-0.5,-0.2)	dELS	COMMON	CpG-nonCGI	20228	20228	38954.651	85657.162109	20165	-20275.82998469542	73315.2785320537	198	2332	4417
K562_skew	[-0.5,-0.2)	dELS	COMMON	non-CpG-ti	23186	23186	3536.708	777.952344	23156	-3330.034001815715	48005.22598879645	842	2384	4265
K562_skew	[-0.5,-0.2)	dELS	COMMON	non-CpG-tv	18014	18014	1255.793	211.392403	17970	-3396.889998643309	38436.951983425606	623	1989	3715
K562_skew	[-0.5,-0.2)	dELS	COMMON	unknown	24	0	0	0	20	-5.94199992902577	12.52117579182889	0	1	6
K562_skew	[-0.5,-0.2)	dELS	LOW_FREQ	CpG-CGI	596	596	914.094	1883.466674	593	-366.3030000256841	2125.658572700601	30	139	148
K562_skew	[-0.5,-0.2)	dELS	LOW_FREQ	CpG-nonCGI	27885	27885	59680.340000000004	138479.273584	27818	-26166.496003377244	100576.59256240215	400	2790	6480
K562_skew	[-0.5,-0.2)	dELS	LOW_FREQ	non-CpG-ti	26865	26865	4292.6140000000005	957.193438	26834	1922.4010058840515	58430.9902507101	1341	2278	5415
K562_skew	[-0.5,-0.2)	dELS	LOW_FREQ	non-CpG-tv	21421	21421	1633.461	316.810549	21380	-855.0399994623142	47373.93379415718	908	1875	4969
K562_skew	[-0.5,-0.2)	dELS	LOW_FREQ	unknown	49	0	0	0	48	-43.28600043058395	165.62293149702575	0	9	15
K562_skew	[-0.5,-0.2)	dELS	RARE	CpG-CGI	1691	1691	2680.554	5609.281876	1689	-1131.4580001103463	5882.8785079716035	62	419	430
K562_skew	[-0.5,-0.2)	dELS	RARE	CpG-nonCGI	82466	82466	176222.107	408110.391197	82291	-75735.47597189913	302196.1624445882	1404	8019	19542
K562_skew	[-0.5,-0.2)	dELS	RARE	non-CpG-ti	65677	65677	10653.628	2455.934276	65581	7287.787986434649	154800.84817123297	3669	5726	13697
K562_skew	[-0.5,-0.2)	dELS	RARE	non-CpG-tv	54151	54151	4251.731	882.306773	54049	1083.9380116342807	130499.66501924398	2783	5019	12699
K562_skew	[-0.5,-0.2)	dELS	RARE	unknown	135	0	0	0	129	-64.44800005666914	254.11021250840153	1	11	29
K562_skew	[-0.5,-0.2)	dELS	SINGLETON	CpG-CGI	5659	5659	4850.0019999999995	7343.543504	5650	-952.4319983174804	23788.76695209855	478	1206	2383
K562_skew	[-0.5,-0.2)	dELS	SINGLETON	CpG-nonCGI	83503	83503	155554.524	323579.093052	83366	-66198.88000983477	298520.3043353164	2036	8874	20998
K562_skew	[-0.5,-0.2)	dELS	SINGLETON	non-CpG-ti	635477	635477	93357.41	17689.566858000002	634670	130744.9319629373	1489633.7497350583	39412	54135	130491
K562_skew	[-0.5,-0.2)	dELS	SINGLETON	non-CpG-tv	568516	568516	33967.977	3782.648189	567559	68239.80797186821	1427920.1165294722	33550	50683	122924
K562_skew	[-0.5,-0.2)	dELS	SINGLETON	unknown	457	0	0	0	444	-113.8420002385974	420.8803217968503	1	39	83
K562_skew	[-0.5,-0.2)	dELS	ULTRARARE	CpG-CGI	8019	8019	10950.793	21366.681243	8008	-3763.208000078681	34201.969194608086	462	1852	2478
K562_skew	[-0.5,-0.2)	dELS	ULTRARARE	CpG-nonCGI	322928	322928	662146.235	1476276.573323	322352	-283494.87491673353	1182401.8719367767	6424	32870	77996
K562_skew	[-0.5,-0.2)	dELS	ULTRARARE	non-CpG-ti	415007	415007	66102.206	14471.917098	414419	63245.52992139524	988276.8937800836	24503	35340	85842
K562_skew	[-0.5,-0.2)	dELS	ULTRARARE	non-CpG-tv	333366	333366	23511.097999999998	3739.819022	332665	23495.117010919148	830275.4877485582	18636	30027	75807
K562_skew	[-0.5,-0.2)	dELS	ULTRARARE	unknown	423	0	0	0	407	-162.8360002767294	477.44756248594797	1	39	74
K562_skew	[-0.5,-0.2)	non-cCRE	COMMON	CpG-CGI	306	306	399.716	772.507506	303	-188.52600100019484	766.5517878147703	5	102	71
K562_skew	[-0.5,-0.2)	non-cCRE	COMMON	CpG-nonCGI	61068	61068	123876.989	281622.553027	60619	-61825.392932655195	174288.60273608658	110	2985	595
K562_skew	[-0.5,-0.2)	non-cCRE	COMMON	non-CpG-ti	62490	62490	9596.578	2112.570448	61989	-19982.809992920374	88389.35666196329	558	2583	628
K562_skew	[-0.5,-0.2)	non-cCRE	COMMON	non-CpG-tv	51640	51640	3697.564	657.433994	51019	-17343.393997236395	73231.5230690927	458	2231	664
K562_skew	[-0.5,-0.2)	non-cCRE	COMMON	unknown	151	0	0	0	128	-76.04100011475394	204.67358859129382	0	10	5
K562_skew	[-0.5,-0.2)	non-cCRE	LOW_FREQ	CpG-CGI	470	470	687.157	1427.346947	467	-240.08699917467308	1455.1820546597828	14	116	79
K562_skew	[-0.5,-0.2)	non-cCRE	LOW_FREQ	CpG-nonCGI	80785	80785	182020.366	436073.885586	80111	-78705.8019408734	224035.65301501626	185	3315	861
K562_skew	[-0.5,-0.2)	non-cCRE	LOW_FREQ	non-CpG-ti	68384	68384	11144.477	2571.836013	67686	-8262.597977730797	75336.15443673126	826	2313	858
K562_skew	[-0.5,-0.2)	non-cCRE	LOW_FREQ	non-CpG-tv	57953	57953	4463.761	844.573055	57079	-11119.046978600907	72294.61198364788	651	2033	829
K562_skew	[-0.5,-0.2)	non-cCRE	LOW_FREQ	unknown	238	0	0	0	182	-91.09100054576993	245.74884699546047	0	10	5
K562_skew	[-0.5,-0.2)	non-cCRE	RARE	CpG-CGI	1312	1312	1944.512	4083.918838	1295	-583.7549986273517	4448.147824452746	60	376	254
K562_skew	[-0.5,-0.2)	non-cCRE	RARE	CpG-nonCGI	236076	236076	534079.423	1282244.285157	234068	-227373.5797804646	648907.3219797347	641	9492	2621
K562_skew	[-0.5,-0.2)	non-cCRE	RARE	non-CpG-ti	165246	165246	27188.352	6412.066674	163502	-19594.823950585815	184411.61236925333	2006	5629	2014
K562_skew	[-0.5,-0.2)	non-cCRE	RARE	non-CpG-tv	144319	144319	11426.181	2323.484227	142025	-25187.459941039433	177443.80472424478	1707	5337	2290
K562_skew	[-0.5,-0.2)	non-cCRE	RARE	unknown	573	0	0	0	448	-194.40700057707724	459.7170164210541	0	43	12
K562_skew	[-0.5,-0.2)	non-cCRE	SINGLETON	CpG-CGI	5314	5314	3776.8559999999998	5129.550876	5302	679.9340006144485	20942.418567109675	527	1790	1926
K562_skew	[-0.5,-0.2)	non-cCRE	SINGLETON	CpG-nonCGI	195814	195814	383684.875	808138.865295	195060	-166958.24481437274	478592.7321493816	810	9953	3183
K562_skew	[-0.5,-0.2)	non-cCRE	SINGLETON	non-CpG-ti	1504782	1504782	224335.399	44062.661527	1493388	-38481.48858601647	1492482.1840275996	21877	49121	19021
K562_skew	[-0.5,-0.2)	non-cCRE	SINGLETON	non-CpG-tv	1454640	1454640	88799.412	10401.798888	1438185	-135315.73146017315	1639768.5298479532	20340	50129	20331
K562_skew	[-0.5,-0.2)	non-cCRE	SINGLETON	unknown	1870	0	0	0	1639	-408.94900163309643	1409.157110806569	4	73	49
K562_skew	[-0.5,-0.2)	non-cCRE	ULTRARARE	CpG-CGI	6043	6043	7178.13	13426.91543	6023	-1140.0539981935876	22253.67383597725	434	1744	1492
K562_skew	[-0.5,-0.2)	non-cCRE	ULTRARARE	CpG-nonCGI	826374	826374	1775142.785	4051007.179867	822177	-768745.7672860783	2185500.6313816817	2450	36033	10524
K562_skew	[-0.5,-0.2)	non-cCRE	ULTRARARE	non-CpG-ti	1016791	1016791	165303.145	37471.916961	1007357	-78487.5717575365	1078339.0543206318	13426	33790	12884
K562_skew	[-0.5,-0.2)	non-cCRE	ULTRARARE	non-CpG-tv	870766	870766	63096.757	10475.830039	858341	-116976.57366053051	1021176.0617018883	11364	30801	13210
K562_skew	[-0.5,-0.2)	non-cCRE	ULTRARARE	unknown	1756	0	0	0	1401	-443.8920004339889	1476.5187267670788	9	95	38
K562_skew	[-0.5,-0.2)	pELS	COMMON	CpG-CGI	329	329	199.967	242.941319	329	-40.53499876300334	1427.8469361518016	27	145	153
K562_skew	[-0.5,-0.2)	pELS	COMMON	CpG-nonCGI	2439	2439	4074.128	8296.433664	2435	-2120.8720010548136	7255.9111802863545	29	613	565
K562_skew	[-0.5,-0.2)	pELS	COMMON	non-CpG-ti	3479	3479	522.007	108.813717	3475	23.716997643001466	9905.558570672556	206	998	863
K562_skew	[-0.5,-0.2)	pELS	COMMON	non-CpG-tv	3118	3118	242.119	43.278005	3113	-339.81999880960217	8328.350888968005	173	965	911
K562_skew	[-0.5,-0.2)	pELS	COMMON	unknown	10	0	0	0	8	-3.937999965623021	6.228195696214678	0	2	2
K562_skew	[-0.5,-0.2)	pELS	LOW_FREQ	CpG-CGI	519	519	310.655	357.287509	519	36.23300131887655	2143.9875532763986	48	221	257
K562_skew	[-0.5,-0.2)	pELS	LOW_FREQ	CpG-nonCGI	3519	3519	6492.961	13901.576348999999	3508	-3237.758000049857	13685.17686114765	62	774	887
K562_skew	[-0.5,-0.2)	pELS	LOW_FREQ	non-CpG-ti	4225	4225	697.023	156.186465	4210	1008.4340023244739	12038.040437203908	327	1031	1209
K562_skew	[-0.5,-0.2)	pELS	LOW_FREQ	non-CpG-tv	3885	3885	338.743	74.062283	3876	511.6780061202588	13038.260916451454	300	1044	1301
K562_skew	[-0.5,-0.2)	pELS	LOW_FREQ	unknown	19	0	0	0	9	-10.49300003051757	21.160844928531695	0	7	3
K562_skew	[-0.5,-0.2)	pELS	RARE	CpG-CGI	1439	1439	940.395	1240.316241	1436	217.3240002671956	6252.920972218786	154	583	683
K562_skew	[-0.5,-0.2)	pELS	RARE	CpG-nonCGI	9946	9946	18461.118	39680.065618	9921	-8362.125001352393	36807.75921151963	220	2144	2514
K562_skew	[-0.5,-0.2)	pELS	RARE	non-CpG-ti	10642	10642	1749.444	396.07007600000003	10629	3610.7219995594337	34789.565143791515	986	2650	3062
K562_skew	[-0.5,-0.2)	pELS	RARE	non-CpG-tv	10428	10428	933.654	198.28679599999998	10404	2720.6529974744203	37320.600382728386	955	2773	3535
K562_skew	[-0.5,-0.2)	pELS	RARE	unknown	74	0	0	0	67	-12.123999882489453	60.573170871815066	1	28	11
K562_skew	[-0.5,-0.2)	pELS	SINGLETON	CpG-CGI	11147	11147	4957.245	3810.939323	11147	5767.2959950278755	53404.15569063677	1612	4265	5978
K562_skew	[-0.5,-0.2)	pELS	SINGLETON	CpG-nonCGI	18084	18084	23902.957	42712.801825	18077	-9347.178986005136	61302.005601327764	713	4784	5250
K562_skew	[-0.5,-0.2)	pELS	SINGLETON	non-CpG-ti	102719	102719	15576.385	2990.973151	102638	48391.288001367466	365192.85514587595	11004	25896	29397
K562_skew	[-0.5,-0.2)	pELS	SINGLETON	non-CpG-tv	106938	106938	7308.438	915.664094	106779	38577.67300443733	389280.97270927863	10877	29046	34086
K562_skew	[-0.5,-0.2)	pELS	SINGLETON	unknown	197	0	0	0	190	-61.111000319942875	259.62052838610356	0	68	41
K562_skew	[-0.5,-0.2)	pELS	ULTRARARE	CpG-CGI	8955	8955	4859.534	5123.984526	8944	3450.8610009198314	40947.63340872322	1151	3423	4545
K562_skew	[-0.5,-0.2)	pELS	ULTRARARE	CpG-nonCGI	43432	43432	75505.359	155511.509761	43356	-32443.792988720837	155959.9731532048	1159	9764	11139
K562_skew	[-0.5,-0.2)	pELS	ULTRARARE	non-CpG-ti	68250	68250	11143.405	2421.090411	68161	29611.021993916256	249300.8458953032	7215	17428	19957
K562_skew	[-0.5,-0.2)	pELS	ULTRARARE	non-CpG-tv	64825	64825	5231.967	914.197391	64701	20945.893994032187	239164.36530277002	6429	17509	21516
K562_skew	[-0.5,-0.2)	pELS	ULTRARARE	unknown	282	0	0	0	271	-71.34599922271451	543.809573656825	5	119	66
K562_skew	[-1.0,-0.5)	Other cCREs	COMMON	CpG-CGI	37	37	58.43	113.12859800000001	37	-1.7309996783733292	42.19963320659235	1	11	0
K562_skew	[-1.0,-0.5)	Other cCREs	COMMON	CpG-nonCGI	2431	2431	4956.079	11354.366839	2409	-2390.0689963412015	6958.5403833410555	6	149	269
K562_skew	[-1.0,-0.5)	Other cCREs	COMMON	non-CpG-ti	2315	2315	361.772	77.972584	2300	-418.7249989475824	3687.00880572024	55	118	253
K562_skew	[-1.0,-0.5)	Other cCREs	COMMON	non-CpG-tv	1827	1827	130.821	20.705551	1820	-549.3360008847669	3194.6634093945386	37	106	230
K562_skew	[-1.0,-0.5)	Other cCREs	COMMON	unknown	3	0	0	0	2	-1.8220000192523	3.7324900774306102	0	0	0
K562_skew	[-1.0,-0.5)	Other cCREs	LOW_FREQ	CpG-CGI	65	65	133.861	298.788143	65	-49.33599988371133	138.84376507812993	1	18	1
K562_skew	[-1.0,-0.5)	Other cCREs	LOW_FREQ	CpG-nonCGI	3325	3325	7443.296	17868.49052	3294	-3141.5970033651656	9542.430752931621	13	156	377
K562_skew	[-1.0,-0.5)	Other cCREs	LOW_FREQ	non-CpG-ti	2654	2654	438.826	96.592946	2636	-60.190000242088026	3985.4204665518514	74	127	353
K562_skew	[-1.0,-0.5)	Other cCREs	LOW_FREQ	non-CpG-tv	2038	2038	152.695	22.756423	2015	-223.34100275137482	3348.1176802975897	43	84	291
K562_skew	[-1.0,-0.5)	Other cCREs	LOW_FREQ	unknown	9	0	0	0	6	0.07999999821186099	0.0650460024514199	0	0	0
K562_skew	[-1.0,-0.5)	Other cCREs	RARE	CpG-CGI	166	166	325.467	713.801605	162	-129.8829999156297	664.2327301313495	7	43	4
K562_skew	[-1.0,-0.5)	Other cCREs	RARE	CpG-nonCGI	9614	9614	21675.293999999998	52265.011048	9525	-8643.635990984272	27048.580618266245	62	474	1180
K562_skew	[-1.0,-0.5)	Other cCREs	RARE	non-CpG-ti	6379	6379	1086.98	257.84680399999996	6347	16.801001867978016	9621.16518835451	174	242	839
K562_skew	[-1.0,-0.5)	Other cCREs	RARE	non-CpG-tv	5410	5410	433.606	76.987956	5354	-723.3680001994361	8682.426223137003	131	227	784
K562_skew	[-1.0,-0.5)	Other cCREs	RARE	unknown	28	0	0	0	22	-2.5059998296201234	22.734358269847355	0	2	2
K562_skew	[-1.0,-0.5)	Other cCREs	SINGLETON	CpG-CGI	346	346	482.45	888.752676	343	-234.872000311385	1400.0923403380532	9	69	44
K562_skew	[-1.0,-0.5)	Other cCREs	SINGLETON	CpG-nonCGI	8143	8143	15623.663	33070.777973	8097	-6357.162994484883	21248.14582845212	83	406	1106
K562_skew	[-1.0,-0.5)	Other cCREs	SINGLETON	non-CpG-ti	59493	59493	9223.476	1832.398456	59282	5190.716008387271	97317.07467965002	2030	2153	7971
K562_skew	[-1.0,-0.5)	Other cCREs	SINGLETON	non-CpG-tv	55298	55298	3588.491	409.913255	55004	-1997.9679938768986	95281.38222569435	1691	2143	7684
K562_skew	[-1.0,-0.5)	Other cCREs	SINGLETON	unknown	71	0	0	0	70	-22.8659999743104	63.52134544579773	0	2	7
K562_skew	[-1.0,-0.5)	Other cCREs	ULTRARARE	CpG-CGI	606	606	1056.752	2209.57872	604	-363.7039991884959	1841.6223324218706	26	131	36
K562_skew	[-1.0,-0.5)	Other cCREs	ULTRARARE	CpG-nonCGI	32486	32486	69753.186	161076.473674	32284	-28346.949975447274	89847.21482826378	246	1624	3992
K562_skew	[-1.0,-0.5)	Other cCREs	ULTRARARE	non-CpG-ti	39881	39881	6683.439	1521.390385	39692	1801.7840107672398	65530.58796836123	1296	1475	5192
K562_skew	[-1.0,-0.5)	Other cCREs	ULTRARARE	non-CpG-tv	32827	32827	2420.728	350.90062	32572	-2984.311982387328	54998.06965439483	842	1324	4635
K562_skew	[-1.0,-0.5)	Other cCREs	ULTRARARE	unknown	67	0	0	0	62	-21.621000275015863	97.77309475035455	0	3	7
K562_skew	[-1.0,-0.5)	PLS	COMMON	CpG-CGI	91	91	53.547	62.480879	91	16.969000898301548	505.0333846116873	16	50	58
K562_skew	[-1.0,-0.5)	PLS	COMMON	CpG-nonCGI	139	139	206.558	412.150694	139	-78.08800041489305	940.6920609953005	11	44	61
K562_skew	[-1.0,-0.5)	PLS	COMMON	non-CpG-ti	261	261	40.409	8.369729	261	221.20599940232927	2536.886990915575	67	105	116
K562_skew	[-1.0,-0.5)	PLS	COMMON	non-CpG-tv	343	343	30.46	6.031344	343	224.10499915271063	1772.9077159787269	64	154	192
K562_skew	[-1.0,-0.5)	PLS	COMMON	unknown	2	0	0	0	2	0.526999987661839	0.21926498773753614	0	0	1
K562_skew	[-1.0,-0.5)	PLS	LOW_FREQ	CpG-CGI	207	207	108.63799999999999	109.441858	207	255.35700028017183	1686.646471348591	53	106	127
K562_skew	[-1.0,-0.5)	PLS	LOW_FREQ	CpG-nonCGI	197	197	307.181	603.522639	196	-18.846999640576662	914.5477004872788	20	58	87
K562_skew	[-1.0,-0.5)	PLS	LOW_FREQ	non-CpG-ti	415	415	74.868	18.499698000000002	415	649.5660035180626	4071.5061563040495	144	180	245
K562_skew	[-1.0,-0.5)	PLS	LOW_FREQ	non-CpG-tv	527	527	49.639	9.562479	527	558.8719997955488	3811.2054032885253	126	208	325
K562_skew	[-1.0,-0.5)	PLS	LOW_FREQ	unknown	1	0	0	0	1	1.93900001049042	3.75972104068184	0	0	0
K562_skew	[-1.0,-0.5)	PLS	RARE	CpG-CGI	506	506	246.094	232.436168	506	737.2199994646946	5598.883594150105	161	235	339
K562_skew	[-1.0,-0.5)	PLS	RARE	CpG-nonCGI	579	579	919.478	1842.99247	579	-68.95399753761	3160.2398376185056	65	188	289
K562_skew	[-1.0,-0.5)	PLS	RARE	non-CpG-ti	1161	1161	202.89	45.609114	1160	2116.0240014537703	14086.029394103793	393	445	673
K562_skew	[-1.0,-0.5)	PLS	RARE	non-CpG-tv	1578	1578	144.442	24.280632	1576	2369.723000327824	15276.662811983808	460	588	954
K562_skew	[-1.0,-0.5)	PLS	RARE	unknown	4	0	0	0	4	3.85400000214577	11.050948018505112	1	1	1
K562_skew	[-1.0,-0.5)	PLS	SINGLETON	CpG-CGI	4694	4694	2072.254	1570.232156	4693	8872.159989026843	58828.220677901794	1723	2021	3221
K562_skew	[-1.0,-0.5)	PLS	SINGLETON	CpG-nonCGI	1657	1657	1623.382	2543.134698	1657	1070.6360007441842	13362.195863603589	316	535	979
K562_skew	[-1.0,-0.5)	PLS	SINGLETON	non-CpG-ti	12284	12284	2060.421	438.020981	12279	26900.31900786901	164483.2483775635	4830	4588	7287
K562_skew	[-1.0,-0.5)	PLS	SINGLETON	non-CpG-tv	16781	16781	1304.02	159.258166	16769	30607.043984448646	193578.7462355057	5797	6357	10432
K562_skew	[-1.0,-0.5)	PLS	SINGLETON	unknown	15	0	0	0	15	-8.351999886333942	119.58850958260723	0	3	10
K562_skew	[-1.0,-0.5)	PLS	ULTRARARE	CpG-CGI	3490	3490	1651.398	1423.041682	3490	5660.164004591409	39148.98119656473	1128	1456	2323
K562_skew	[-1.0,-0.5)	PLS	ULTRARARE	CpG-nonCGI	2971	2971	4343.161	8374.271595	2967	733.6509978900438	21303.60930078224	449	933	1584
K562_skew	[-1.0,-0.5)	PLS	ULTRARARE	non-CpG-ti	8239	8239	1473.516	348.667248	8235	16730.127988278866	103019.9703081655	3037	3053	4827
K562_skew	[-1.0,-0.5)	PLS	ULTRARARE	non-CpG-tv	10281	10281	900.133	142.015369	10274	17436.4239938329	109968.17841059418	3389	3954	6420
K562_skew	[-1.0,-0.5)	PLS	ULTRARARE	unknown	11	0	0	0	11	-2.178000047802925	10.738920162336829	0	3	7
K562_skew	[-1.0,-0.5)	dELS	COMMON	CpG-CGI	129	129	175.297	341.15459500000003	128	-87.71000066515992	382.5589372223352	5	38	39
K562_skew	[-1.0,-0.5)	dELS	COMMON	CpG-nonCGI	6311	6311	12161.394	26855.470942	6297	-6460.2580012156395	22708.28764985601	71	781	1845
K562_skew	[-1.0,-0.5)	dELS	COMMON	non-CpG-ti	6228	6228	986.903	222.665431	6218	-740.1229977599578	14397.272449848519	250	735	1571
K562_skew	[-1.0,-0.5)	dELS	COMMON	non-CpG-tv	4951	4951	357.7	54.372406	4945	-799.9259981545621	11233.921623657423	195	593	1443
K562_skew	[-1.0,-0.5)	dELS	COMMON	unknown	12	0	0	0	11	-4.3660001680254945	8.38656038663031	0	1	3
K562_skew	[-1.0,-0.5)	dELS	LOW_FREQ	CpG-CGI	163	163	251.738	513.107852	163	-98.11699904105622	673.0381889555083	9	35	52
K562_skew	[-1.0,-0.5)	dELS	LOW_FREQ	CpG-nonCGI	8759	8759	18619.328	43017.623978	8732	-8234.28899488447	32013.56350762116	147	901	2819
K562_skew	[-1.0,-0.5)	dELS	LOW_FREQ	non-CpG-ti	7416	7416	1206.647	271.670189	7408	1089.6889965145378	19584.7777853918	475	671	2014
K562_skew	[-1.0,-0.5)	dELS	LOW_FREQ	non-CpG-tv	6054	6054	466.212	83.834148	6038	49.458992559113646	17483.676944836923	345	579	1898
K562_skew	[-1.0,-0.5)	dELS	LOW_FREQ	unknown	9	0	0	0	8	-3.0960000827908503	4.742708212782261	0	3	1
K562_skew	[-1.0,-0.5)	dELS	RARE	CpG-CGI	541	541	839.7860000000001	1727.67856	540	-251.64600042335232	2919.861226977062	38	135	162
K562_skew	[-1.0,-0.5)	dELS	RARE	CpG-nonCGI	26191	26191	55696.533	128804.722321	26130	-23555.943006005262	97328.29885749679	523	2768	8402
K562_skew	[-1.0,-0.5)	dELS	RARE	non-CpG-ti	18447	18447	3080.254	720.596206	18417	4110.322997718002	53397.210481169	1374	1668	5289
K562_skew	[-1.0,-0.5)	dELS	RARE	non-CpG-tv	15286	15286	1209.251	220.089163	15246	1116.9730053915412	43667.77413554614	1002	1526	4946
K562_skew	[-1.0,-0.5)	dELS	RARE	unknown	33	0	0	0	29	-14.02499990910291	63.76320267104928	0	5	11
K562_skew	[-1.0,-0.5)	dELS	SINGLETON	CpG-CGI	1854	1854	1610.6390000000001	2428.616395	1846	167.42600211256612	9240.659582532977	206	422	891
K562_skew	[-1.0,-0.5)	dELS	SINGLETON	CpG-nonCGI	26714	26714	48957.513	101384.259817	26679	-19376.2689995229	97805.79297978496	832	3090	9341
K562_skew	[-1.0,-0.5)	dELS	SINGLETON	non-CpG-ti	178465	178465	26987.909	5235.881043	178228	59725.24995335377	526406.5325795158	14355	16230	51782
K562_skew	[-1.0,-0.5)	dELS	SINGLETON	non-CpG-tv	161910	161910	10092.087	1130.1271570000001	161631	28922.25901571931	474606.27490267827	11407	15651	50339
K562_skew	[-1.0,-0.5)	dELS	SINGLETON	unknown	116	0	0	0	111	-32.1589994877577	92.9348978057435	0	9	40
K562_skew	[-1.0,-0.5)	dELS	ULTRARARE	CpG-CGI	2612	2612	3471.1349999999998	6625.318943	2603	-862.78700027417	11389.252990947836	192	585	969
K562_skew	[-1.0,-0.5)	dELS	ULTRARARE	CpG-nonCGI	101608	101608	207347.963	462129.100557	101422	-86556.55899230624	378121.98052053526	2399	11107	33691
K562_skew	[-1.0,-0.5)	dELS	ULTRARARE	non-CpG-ti	117032	117032	19226.802	4335.127666	116847	30659.606963640083	340654.49537221587	8934	10689	33917
K562_skew	[-1.0,-0.5)	dELS	ULTRARARE	non-CpG-tv	95443	95443	6992.102	1074.389498	95259	12916.464979662447	279974.19734137686	6581	9462	30619
K562_skew	[-1.0,-0.5)	dELS	ULTRARARE	unknown	107	0	0	0	105	-22.948000181466334	85.0898681945212	0	12	30
K562_skew	[-1.0,-0.5)	non-cCRE	COMMON	CpG-CGI	92	92	122.795	231.850907	92	-52.64100033056457	329.08051393191175	3	25	16
K562_skew	[-1.0,-0.5)	non-cCRE	COMMON	CpG-nonCGI	15553	15553	31344.556	71159.805792	15441	-15070.977980595206	42590.29985839177	37	853	231
K562_skew	[-1.0,-0.5)	non-cCRE	COMMON	non-CpG-ti	11817	11817	1893.382	438.358766	11734	-3516.530993119	16183.232473072148	99	548	203
K562_skew	[-1.0,-0.5)	non-cCRE	COMMON	non-CpG-tv	9858	9858	807.002	140.587438	9764	-4037.2089968590312	15303.921862507192	77	496	211
K562_skew	[-1.0,-0.5)	non-cCRE	COMMON	unknown	35	0	0	0	32	-2.225999943912038	16.427357636700407	1	0	0
K562_skew	[-1.0,-0.5)	non-cCRE	LOW_FREQ	CpG-CGI	125	125	201.189	439.784627	124	-50.6190006993711	582.0040341416484	7	35	19
K562_skew	[-1.0,-0.5)	non-cCRE	LOW_FREQ	CpG-nonCGI	21031	21031	47105.045	112493.635431	20867	-19782.602973165205	56013.12168977013	52	973	293
K562_skew	[-1.0,-0.5)	non-cCRE	LOW_FREQ	non-CpG-ti	12885	12885	2193.969	528.833589	12765	-1425.545994006447	14441.725169958623	178	505	225
K562_skew	[-1.0,-0.5)	non-cCRE	LOW_FREQ	non-CpG-tv	11039	11039	1010.782	201.320254	10921	-3120.160997296453	15673.485660880835	110	420	241
K562_skew	[-1.0,-0.5)	non-cCRE	LOW_FREQ	unknown	45	0	0	0	32	-10.45000034570694	25.489907059166097	0	1	1
K562_skew	[-1.0,-0.5)	non-cCRE	RARE	CpG-CGI	387	387	617.91	1327.203716	385	-190.941999275121	1568.6614254886936	20	117	64
K562_skew	[-1.0,-0.5)	non-cCRE	RARE	CpG-nonCGI	61828	61828	139379.825	334325.325867	61326	-57556.801918658435	162587.91974135346	123	2947	921
K562_skew	[-1.0,-0.5)	non-cCRE	RARE	non-CpG-ti	31550	31550	5424.843	1337.886463	31240	-2732.2919951967206	35949.080665387584	434	1291	623
K562_skew	[-1.0,-0.5)	non-cCRE	RARE	non-CpG-tv	27747	27747	2566.354	512.539818	27382	-7098.145981116456	39070.7260666701	327	1229	619
K562_skew	[-1.0,-0.5)	non-cCRE	RARE	unknown	122	0	0	0	95	-29.203999713063222	73.46987095525249	0	6	0
K562_skew	[-1.0,-0.5)	non-cCRE	SINGLETON	CpG-CGI	1394	1394	1036.453	1487.261815	1393	550.342000430566	7891.497787183747	201	455	570
K562_skew	[-1.0,-0.5)	non-cCRE	SINGLETON	CpG-nonCGI	52431	52431	101636.826	213961.736662	52248	-41349.27291581513	117246.17853803124	197	2857	1129
K562_skew	[-1.0,-0.5)	non-cCRE	SINGLETON	non-CpG-ti	278256	278256	43565.662000000004	8865.198574	276257	-3541.7099289357448	286984.95577839087	4309	10740	5896
K562_skew	[-1.0,-0.5)	non-cCRE	SINGLETON	non-CpG-tv	270883	270883	19383.959	2629.028309	268432	-43641.91986691928	349932.8450553515	3781	11257	6500
K562_skew	[-1.0,-0.5)	non-cCRE	SINGLETON	unknown	423	0	0	0	389	-126.11999939195825	362.0016217008845	0	23	11
K562_skew	[-1.0,-0.5)	non-cCRE	ULTRARARE	CpG-CGI	1779	1779	2177.0679999999998	4175.714866	1776	-55.310999010922444	7840.8434106592	167	545	465
K562_skew	[-1.0,-0.5)	non-cCRE	ULTRARARE	CpG-nonCGI	212857	212857	455651.556	1041227.233452	211828	-189820.67376413074	539539.0919125755	585	10476	3751
K562_skew	[-1.0,-0.5)	non-cCRE	ULTRARARE	non-CpG-ti	190786	190786	32551.339	7716.749925	189156	-11849.179916486024	210245.47665586649	2757	7445	3883
K562_skew	[-1.0,-0.5)	non-cCRE	ULTRARARE	non-CpG-tv	167411	167411	14199.394	2470.929776	165615	-35772.2189111591	223954.60529294482	2147	7164	4001
K562_skew	[-1.0,-0.5)	non-cCRE	ULTRARARE	unknown	386	0	0	0	349	-111.1599996648729	310.8893641493215	0	15	7
K562_skew	[-1.0,-0.5)	pELS	COMMON	CpG-CGI	102	102	63.975	74.166849	102	29.463999895378933	480.7134881476739	13	39	47
K562_skew	[-1.0,-0.5)	pELS	COMMON	CpG-nonCGI	754	754	1243.223	2509.585233	752	-613.2589991360438	2294.1027836868957	12	196	247
K562_skew	[-1.0,-0.5)	pELS	COMMON	non-CpG-ti	892	892	136.763	28.034201	889	144.94100085832184	2597.041556071107	66	280	280
K562_skew	[-1.0,-0.5)	pELS	COMMON	non-CpG-tv	869	869	67.216	11.304854	864	0.3200016374467349	2151.185630591067	60	264	305
K562_skew	[-1.0,-0.5)	pELS	COMMON	unknown	2	0	0	0	2	0.29700000584125497	0.044585001834631	0	1	0
K562_skew	[-1.0,-0.5)	pELS	LOW_FREQ	CpG-CGI	145	145	88.488	106.522424	145	66.43699939455831	535.9271476694338	17	56	80
K562_skew	[-1.0,-0.5)	pELS	LOW_FREQ	CpG-nonCGI	1094	1094	2014.777	4335.327743	1091	-882.2799951483034	3770.62184500327	21	249	344
K562_skew	[-1.0,-0.5)	pELS	LOW_FREQ	non-CpG-ti	1211	1211	207.34	51.983006	1208	652.9010022130097	5059.796608783907	160	329	443
K562_skew	[-1.0,-0.5)	pELS	LOW_FREQ	non-CpG-tv	1237	1237	105.632	18.578022	1235	289.6289994798135	4845.339980111033	124	361	513
K562_skew	[-1.0,-0.5)	pELS	LOW_FREQ	unknown	4	0	0	0	3	-1.098999939858911	1.354212862714653	0	2	0
K562_skew	[-1.0,-0.5)	pELS	RARE	CpG-CGI	481	481	290.305	356.200399	480	335.0729967739901	2789.337991522455	83	198	262
K562_skew	[-1.0,-0.5)	pELS	RARE	CpG-nonCGI	3180	3180	5886.136	12676.777258	3172	-2310.255001484532	11363.937753653774	95	706	1072
K562_skew	[-1.0,-0.5)	pELS	RARE	non-CpG-ti	3002	3002	519.977	126.534689	2997	1593.0889975001335	13997.9609044047	377	829	1121
K562_skew	[-1.0,-0.5)	pELS	RARE	non-CpG-tv	3020	3020	279.73400000000004	60.624574	3014	1433.5579939548627	12799.42797121529	371	867	1314
K562_skew	[-1.0,-0.5)	pELS	RARE	unknown	23	0	0	0	22	-13.815000006929047	41.22011123830229	0	14	5
K562_skew	[-1.0,-0.5)	pELS	SINGLETON	CpG-CGI	3556	3556	1579.657	1177.420911	3556	3453.889007181049	26530.313503958598	775	1383	2112
K562_skew	[-1.0,-0.5)	pELS	SINGLETON	CpG-nonCGI	5709	5709	7454.998	13238.661936	5706	-1967.254999973578	21004.366662789984	324	1597	2218
K562_skew	[-1.0,-0.5)	pELS	SINGLETON	non-CpG-ti	29799	29799	4725.046	951.411704	29763	22876.777998836133	155253.25824177804	4553	7886	11391
K562_skew	[-1.0,-0.5)	pELS	SINGLETON	non-CpG-tv	32139	32139	2285.506	281.432422	32092	20752.34599404282	162806.02853212482	4720	9281	13544
K562_skew	[-1.0,-0.5)	pELS	SINGLETON	unknown	70	0	0	0	67	-7.237999467179178	221.1755270243819	4	26	13
K562_skew	[-1.0,-0.5)	pELS	ULTRARARE	CpG-CGI	2767	2767	1543.214	1661.484706	2765	2192.6400038595325	18213.162847953354	537	1098	1540
K562_skew	[-1.0,-0.5)	pELS	ULTRARARE	CpG-nonCGI	13856	13856	23956.292	49308.002808	13838	-8945.278993624379	52755.057359421604	533	3319	4881
K562_skew	[-1.0,-0.5)	pELS	ULTRARARE	non-CpG-ti	20156	20156	3431.231	771.434521	20132	13963.930992733103	102043.76798902501	2953	5299	7655
K562_skew	[-1.0,-0.5)	pELS	ULTRARARE	non-CpG-tv	19322	19322	1591.492	261.6341	19280	11216.218003610265	97082.27637711892	2768	5532	8340
K562_skew	[-1.0,-0.5)	pELS	ULTRARARE	unknown	108	0	0	0	108	-17.834999617189137	138.04419489583412	2	62	24
K562_skew	[-1.5,-1.0)	Other cCREs	COMMON	CpG-CGI	12	12	23.581	52.305923	12	-12.851999983191496	50.1320218401699	0	4	2
K562_skew	[-1.5,-1.0)	Other cCREs	COMMON	CpG-nonCGI	559	559	1131.74	2592.763116	556	-572.0390010140839	1732.2567349567335	4	44	86
K562_skew	[-1.5,-1.0)	Other cCREs	COMMON	non-CpG-ti	481	481	79.338	18.302424	477	-81.48399985837749	740.7848292755996	8	26	74
K562_skew	[-1.5,-1.0)	Other cCREs	COMMON	non-CpG-tv	424	424	29.585	3.726287	423	-92.2990001756699	711.4136950141284	7	33	78
K562_skew	[-1.5,-1.0)	Other cCREs	LOW_FREQ	CpG-CGI	9	9	21.747	58.844917	9	-7.74200002849102	27.240967952484617	0	1	0
K562_skew	[-1.5,-1.0)	Other cCREs	LOW_FREQ	CpG-nonCGI	717	717	1592.888	3813.370252	713	-726.6119983810934	2366.638220923961	6	31	108
K562_skew	[-1.5,-1.0)	Other cCREs	LOW_FREQ	non-CpG-ti	639	639	116.435	29.961493	639	26.218999406555675	920.8513247864429	24	23	114
K562_skew	[-1.5,-1.0)	Other cCREs	LOW_FREQ	non-CpG-tv	526	526	40.915	6.488049	521	-58.45600090117667	737.938835876024	10	24	129
K562_skew	[-1.5,-1.0)	Other cCREs	LOW_FREQ	unknown	3	0	0	0	2	-1.08399999141693	1.17505598139191	0	0	1
K562_skew	[-1.5,-1.0)	Other cCREs	RARE	CpG-CGI	19	19	41.647	102.979817	19	-11.872999727725972	109.10920282931063	3	3	1
K562_skew	[-1.5,-1.0)	Other cCREs	RARE	CpG-nonCGI	2105	2105	4805.603	11736.173427	2085	-2010.4299988566206	6208.484392769038	16	102	324
K562_skew	[-1.5,-1.0)	Other cCREs	RARE	non-CpG-ti	1491	1491	266.39	64.91132400000001	1479	249.84000056679372	3221.172111781967	73	56	290
K562_skew	[-1.5,-1.0)	Other cCREs	RARE	non-CpG-tv	1157	1157	80.152	9.92883	1146	-40.09399600850887	2311.126334356951	43	47	226
K562_skew	[-1.5,-1.0)	Other cCREs	RARE	unknown	4	0	0	0	3	-3.539000034332274	7.543843158180235	0	0	1
K562_skew	[-1.5,-1.0)	Other cCREs	SINGLETON	CpG-CGI	67	67	96.889	177.064303	66	4.179999604821206	277.01150414658736	6	19	12
K562_skew	[-1.5,-1.0)	Other cCREs	SINGLETON	CpG-nonCGI	1975	1975	3849.684	8395.749458	1962	-1302.4380016577195	5859.855297190802	39	101	407
K562_skew	[-1.5,-1.0)	Other cCREs	SINGLETON	non-CpG-ti	14072	14072	2252.122	458.08288400000004	14021	3359.583001645632	32754.08749031707	759	550	2864
K562_skew	[-1.5,-1.0)	Other cCREs	SINGLETON	non-CpG-tv	13116	13116	844.071	92.074599	13025	509.1599943449255	27678.333637184587	517	528	2663
K562_skew	[-1.5,-1.0)	Other cCREs	SINGLETON	unknown	9	0	0	0	9	-0.928000032901763	2.957354107262853	0	1	1
K562_skew	[-1.5,-1.0)	Other cCREs	ULTRARARE	CpG-CGI	133	133	225.004	476.745742	128	-68.88100078701973	574.2608386869019	6	28	17
K562_skew	[-1.5,-1.0)	Other cCREs	ULTRARARE	CpG-nonCGI	7634	7634	16665.839	39277.937315	7580	-6593.703996551456	22902.904568597274	94	383	1334
K562_skew	[-1.5,-1.0)	Other cCREs	ULTRARARE	non-CpG-ti	9470	9470	1649.561	384.659333	9420	2008.9460018064124	24380.838491612252	527	375	1977
K562_skew	[-1.5,-1.0)	Other cCREs	ULTRARARE	non-CpG-tv	7584	7584	541.416	71.032074	7523	101.65100391360441	15804.48245294022	292	305	1552
K562_skew	[-1.5,-1.0)	Other cCREs	ULTRARARE	unknown	4	0	0	0	4	0.11799999326467603	0.5681099923992157	0	2	0
K562_skew	[-1.5,-1.0)	PLS	COMMON	CpG-CGI	20	20	13.766	19.760312	20	10.504999620839964	169.3670763479729	5	12	10
K562_skew	[-1.5,-1.0)	PLS	COMMON	CpG-nonCGI	30	30	51.927	112.876753	30	-21.284000255167488	152.4378623707778	3	11	12
K562_skew	[-1.5,-1.0)	PLS	COMMON	non-CpG-ti	51	51	9.424	2.766438	50	53.549000332132046	384.88042634230953	14	23	27
K562_skew	[-1.5,-1.0)	PLS	COMMON	non-CpG-tv	67	67	6.34	1.076942	67	59.65600004419685	320.744074716618	12	35	43
K562_skew	[-1.5,-1.0)	PLS	LOW_FREQ	CpG-CGI	36	36	22.802	27.595208	36	65.37299950793386	469.3420252168247	9	14	30
K562_skew	[-1.5,-1.0)	PLS	LOW_FREQ	CpG-nonCGI	51	51	75.941	155.152227	50	21.628999684006008	395.45436810921103	10	18	32
K562_skew	[-1.5,-1.0)	PLS	LOW_FREQ	non-CpG-ti	123	123	19.477	3.988189	123	246.24800169467915	1382.1136807967055	46	40	88
K562_skew	[-1.5,-1.0)	PLS	LOW_FREQ	non-CpG-tv	123	123	11.191	2.011777	123	202.36799919977784	1332.4825853872378	41	54	92
K562_skew	[-1.5,-1.0)	PLS	RARE	CpG-CGI	134	134	69.467	77.370749	134	295.5309992022813	1883.374333524373	57	66	93
K562_skew	[-1.5,-1.0)	PLS	RARE	CpG-nonCGI	165	165	284.752	595.312152	164	26.45599817112091	1189.1401365656839	24	48	96
K562_skew	[-1.5,-1.0)	PLS	RARE	non-CpG-ti	315	315	57.203	14.098044999999999	315	725.7900019359076	4657.027025297389	137	132	213
K562_skew	[-1.5,-1.0)	PLS	RARE	non-CpG-tv	374	374	31.444	4.130216	374	741.1839984469116	4511.378729627615	133	152	260
K562_skew	[-1.5,-1.0)	PLS	SINGLETON	CpG-CGI	1246	1246	545.0360000000001	402.803904	1246	3734.884002155392	25424.806123657632	640	525	923
K562_skew	[-1.5,-1.0)	PLS	SINGLETON	CpG-nonCGI	519	519	550.317	885.856597	519	565.9620009977372	5357.104948476489	127	169	336
K562_skew	[-1.5,-1.0)	PLS	SINGLETON	non-CpG-ti	3459	3459	593.064	128.515772	3454	10363.132988385969	64483.45040024546	1752	1315	2348
K562_skew	[-1.5,-1.0)	PLS	SINGLETON	non-CpG-tv	4432	4432	335.807	38.742691	4429	11311.387991332334	71020.94206161833	2000	1770	3086
K562_skew	[-1.5,-1.0)	PLS	SINGLETON	unknown	4	0	0	0	4	4.825000002980229	12.710457089024024	1	1	2
K562_skew	[-1.5,-1.0)	PLS	ULTRARARE	CpG-CGI	876	876	410.171	352.502167	876	2477.2780016511692	16711.4995351171	434	396	622
K562_skew	[-1.5,-1.0)	PLS	ULTRARARE	CpG-nonCGI	877	877	1315.153	2606.878969	877	672.6779978824785	7874.350680443957	181	250	520
K562_skew	[-1.5,-1.0)	PLS	ULTRARARE	non-CpG-ti	2307	2307	420.359	99.380253	2302	6735.401993343141	41441.777929094875	1141	891	1559
K562_skew	[-1.5,-1.0)	PLS	ULTRARARE	non-CpG-tv	2554	2554	201.168	24.67721	2549	5943.2650021974705	38968.63103936845	1089	1063	1771
K562_skew	[-1.5,-1.0)	dELS	COMMON	CpG-CGI	33	33	45.167	89.044801	33	-35.2520004138351	244.28516275976983	2	10	14
K562_skew	[-1.5,-1.0)	dELS	COMMON	CpG-nonCGI	1386	1386	2742.25	6224.198006	1381	-1420.4859990766274	5109.331646440617	11	178	494
K562_skew	[-1.5,-1.0)	dELS	COMMON	non-CpG-ti	1450	1450	229.787	50.186163	1449	-7.168000589241323	3593.161877849498	79	168	488
K562_skew	[-1.5,-1.0)	dELS	COMMON	non-CpG-tv	1019	1019	65.883	7.8201410000000005	1018	-82.21500283794028	2258.8502890986397	42	118	361
K562_skew	[-1.5,-1.0)	dELS	LOW_FREQ	CpG-CGI	36	36	54.453	107.97084699999999	36	-11.319999724626541	73.81218531996461	2	12	15
K562_skew	[-1.5,-1.0)	dELS	LOW_FREQ	CpG-nonCGI	2054	2054	4406.393	10313.446605	2048	-1791.6179987369119	8081.689655676002	52	232	831
K562_skew	[-1.5,-1.0)	dELS	LOW_FREQ	non-CpG-ti	1781	1781	297.292	66.263892	1776	516.8309993571604	5673.059863405701	141	170	658
K562_skew	[-1.5,-1.0)	dELS	LOW_FREQ	non-CpG-tv	1302	1302	89.784	12.13276	1298	85.69299851567501	3350.8208984083	65	115	534
K562_skew	[-1.5,-1.0)	dELS	LOW_FREQ	unknown	2	0	0	0	2	-1.433999985456471	3.951540009698871	0	1	0
K562_skew	[-1.5,-1.0)	dELS	RARE	CpG-CGI	119	119	200.32	438.458768	119	-44.11699924804273	711.2061864004921	8	39	50
K562_skew	[-1.5,-1.0)	dELS	RARE	CpG-nonCGI	5962	5962	12793.471	29935.899995	5943	-4940.188999255654	22735.776168701606	163	667	2364
K562_skew	[-1.5,-1.0)	dELS	RARE	non-CpG-ti	4447	4447	754.35	178.351978	4441	2047.5690006051452	16887.137684457928	457	407	1720
K562_skew	[-1.5,-1.0)	dELS	RARE	non-CpG-tv	3374	3374	234.734	30.173644	3364	612.3029996709665	10768.684911381575	251	319	1346
K562_skew	[-1.5,-1.0)	dELS	RARE	unknown	6	0	0	0	6	-4.136000022292138	10.5761059820118	0	2	0
K562_skew	[-1.5,-1.0)	dELS	SINGLETON	CpG-CGI	417	417	365.444	553.109398	417	160.81799924839285	2861.914612249742	65	104	239
K562_skew	[-1.5,-1.0)	dELS	SINGLETON	CpG-nonCGI	6278	6278	11574.643	24515.733339	6270	-3740.442001162563	25070.214693564278	278	717	2753
K562_skew	[-1.5,-1.0)	dELS	SINGLETON	non-CpG-ti	42885	42885	6574.183	1268.780537	42818	24735.29298718252	186019.81055154954	5041	4104	17337
K562_skew	[-1.5,-1.0)	dELS	SINGLETON	non-CpG-tv	37844	37844	2313.38	240.599672	37751	12652.43199088506	138468.10588599596	3459	3888	15596
K562_skew	[-1.5,-1.0)	dELS	SINGLETON	unknown	13	0	0	0	13	-7.988999962806698	17.395824665579216	0	2	5
K562_skew	[-1.5,-1.0)	dELS	ULTRARARE	CpG-CGI	583	583	770.118	1493.543356	583	0.559999436139976	3127.4238378012556	65	145	264
K562_skew	[-1.5,-1.0)	dELS	ULTRARARE	CpG-nonCGI	23847	23847	49222.715	111530.693285	23808	-18439.256005207662	92157.24746380669	744	2745	9885
K562_skew	[-1.5,-1.0)	dELS	ULTRARARE	non-CpG-ti	28233	28233	4712.682	1062.638704	28186	14174.577978677471	117574.31370974769	3144	2770	11127
K562_skew	[-1.5,-1.0)	dELS	ULTRARARE	non-CpG-tv	21731	21731	1486.546	189.766776	21679	6129.0130059595685	77442.56251721979	1891	2204	9049
K562_skew	[-1.5,-1.0)	dELS	ULTRARARE	unknown	13	0	0	0	13	-4.665000028908257	10.020553264099489	0	4	0
K562_skew	[-1.5,-1.0)	non-cCRE	COMMON	CpG-CGI	12	12	21.172	44.14296	10	-3.997000031173229	10.623241235312463	0	3	1
K562_skew	[-1.5,-1.0)	non-cCRE	COMMON	CpG-nonCGI	2903	2903	6077.926	14298.677852	2883	-2837.5079967762586	7919.127297306097	9	150	50
K562_skew	[-1.5,-1.0)	non-cCRE	COMMON	non-CpG-ti	1879	1879	327.195	79.409047	1860	-379.6659999655093	1909.195760190869	19	89	37
K562_skew	[-1.5,-1.0)	non-cCRE	COMMON	non-CpG-tv	1630	1630	108.633	13.397923	1608	-542.022998735658	2027.5268822103683	9	83	30
K562_skew	[-1.5,-1.0)	non-cCRE	COMMON	unknown	2	0	0	0	2	-6.443000212311742	43.70643972072649	0	0	0
K562_skew	[-1.5,-1.0)	non-cCRE	LOW_FREQ	CpG-CGI	20	20	28.421	55.152161	20	-19.06599968671798	54.976496718611294	0	5	4
K562_skew	[-1.5,-1.0)	non-cCRE	LOW_FREQ	CpG-nonCGI	3979	3979	9264.454	22895.670456	3960	-4110.001994887367	11550.694848175564	9	150	73
K562_skew	[-1.5,-1.0)	non-cCRE	LOW_FREQ	non-CpG-ti	2296	2296	405.28000000000003	97.976044	2266	-171.55699887219822	2149.5481546073634	24	91	58
K562_skew	[-1.5,-1.0)	non-cCRE	LOW_FREQ	non-CpG-tv	1840	1840	123.741	15.021687	1810	-368.3079991326668	2255.30038695657	20	68	60
K562_skew	[-1.5,-1.0)	non-cCRE	LOW_FREQ	unknown	8	0	0	0	6	-4.360999919474127	7.479210721667049	0	0	0
K562_skew	[-1.5,-1.0)	non-cCRE	RARE	CpG-CGI	69	69	113.261	240.96229300000002	66	0.7350001727463713	398.3246698963326	5	18	10
K562_skew	[-1.5,-1.0)	non-cCRE	RARE	CpG-nonCGI	11539	11539	26997.019	66976.316291	11455	-11414.924986160824	32786.55593234729	44	573	230
K562_skew	[-1.5,-1.0)	non-cCRE	RARE	non-CpG-ti	5412	5412	983.27	241.45926	5371	-259.34599874354916	6071.35388796949	87	245	147
K562_skew	[-1.5,-1.0)	non-cCRE	RARE	non-CpG-tv	4419	4419	311.849	41.665380999999996	4353	-714.9369969883702	5586.637761399265	64	195	167
K562_skew	[-1.5,-1.0)	non-cCRE	RARE	unknown	14	0	0	0	14	-15.847999766469007	53.647610882703034	0	0	0
K562_skew	[-1.5,-1.0)	non-cCRE	SINGLETON	CpG-CGI	259	259	215.293	322.141173	258	263.9880011132918	2365.024591743482	60	92	117
K562_skew	[-1.5,-1.0)	non-cCRE	SINGLETON	CpG-nonCGI	8975	8975	17969.564	39523.161984	8952	-7487.862988880371	22410.025217532893	48	534	297
K562_skew	[-1.5,-1.0)	non-cCRE	SINGLETON	non-CpG-ti	47329	47329	7864.809	1639.653937	46899	1457.472020995221	49851.11047822141	836	1965	1452
K562_skew	[-1.5,-1.0)	non-cCRE	SINGLETON	non-CpG-tv	46583	46583	2900.145	304.017069	46087	-4183.256978023213	55380.914294902315	671	2196	1533
K562_skew	[-1.5,-1.0)	non-cCRE	SINGLETON	unknown	54	0	0	0	44	-8.836000017821787	21.218613846130754	0	6	1
K562_skew	[-1.5,-1.0)	non-cCRE	ULTRARARE	CpG-CGI	292	292	376.155	732.090563	289	122.47299908415891	1934.9327076900013	48	83	91
K562_skew	[-1.5,-1.0)	non-cCRE	ULTRARARE	CpG-nonCGI	39234	39234	87942.51	210500.011268	39098	-37109.82293347176	107258.13756801518	131	1984	861
K562_skew	[-1.5,-1.0)	non-cCRE	ULTRARARE	non-CpG-ti	33115	33115	6018.8460000000005	1458.7166	32783	-604.0039774181785	34097.21100755457	493	1490	972
K562_skew	[-1.5,-1.0)	non-cCRE	ULTRARARE	non-CpG-tv	27761	27761	1883.92	228.277898	27414	-3497.5979852053574	33435.479253901234	392	1314	856
K562_skew	[-1.5,-1.0)	non-cCRE	ULTRARARE	unknown	49	0	0	0	42	-23.038000296801357	92.8528853789562	0	6	0
K562_skew	[-1.5,-1.0)	pELS	COMMON	CpG-CGI	13	13	5.136	2.720306	13	10.601999677717684	64.64022376426665	3	4	8
K562_skew	[-1.5,-1.0)	pELS	COMMON	CpG-nonCGI	165	165	265.55899999999997	525.669071	165	-182.54300062812408	641.6148860356222	1	41	59
K562_skew	[-1.5,-1.0)	pELS	COMMON	non-CpG-ti	225	225	35.719	8.340215	225	51.59399970714002	584.3479518700601	17	67	84
K562_skew	[-1.5,-1.0)	pELS	COMMON	non-CpG-tv	161	161	11.036	1.338522	160	-19.811999795027077	405.2807935199725	4	46	66
K562_skew	[-1.5,-1.0)	pELS	LOW_FREQ	CpG-CGI	35	35	22.243	27.932315	35	12.477999949827788	173.81454807865737	6	18	21
K562_skew	[-1.5,-1.0)	pELS	LOW_FREQ	CpG-nonCGI	215	215	401.21799999999996	866.37129	215	-138.2000006991439	688.1639870263691	7	52	89
K562_skew	[-1.5,-1.0)	pELS	LOW_FREQ	non-CpG-ti	262	262	45.967	10.661003	262	231.54599854559652	1595.2340457983385	44	66	122
K562_skew	[-1.5,-1.0)	pELS	LOW_FREQ	non-CpG-tv	228	228	17.187	2.182175	227	123.02800027770002	1399.774141354721	32	58	115
K562_skew	[-1.5,-1.0)	pELS	RARE	CpG-CGI	88	88	59.388999999999996	78.070171	88	82.15299958572716	690.247154680307	21	44	53
K562_skew	[-1.5,-1.0)	pELS	RARE	CpG-nonCGI	694	694	1295.231	2805.377807	694	-545.902000270784	2757.9811223359584	22	164	268
K562_skew	[-1.5,-1.0)	pELS	RARE	non-CpG-ti	670	670	113.784	24.573618	669	539.1510049386416	3620.4083187303017	106	189	316
K562_skew	[-1.5,-1.0)	pELS	RARE	non-CpG-tv	600	600	45.488	5.990912	599	493.76799885369843	3903.75935301381	110	183	292
K562_skew	[-1.5,-1.0)	pELS	RARE	unknown	2	0	0	0	2	0.011999998241662896	0.00634399994885922	0	1	0
K562_skew	[-1.5,-1.0)	pELS	SINGLETON	CpG-CGI	739	739	347.209	284.137721	739	1180.790999179706	8862.821551263249	240	301	489
K562_skew	[-1.5,-1.0)	pELS	SINGLETON	CpG-nonCGI	1282	1282	1745.997	3201.976467	1282	-246.4219942801864	6563.761953435557	108	388	602
K562_skew	[-1.5,-1.0)	pELS	SINGLETON	non-CpG-ti	6982	6982	1126.405	226.821595	6970	8118.507996222469	53097.55474271493	1472	1875	3336
K562_skew	[-1.5,-1.0)	pELS	SINGLETON	non-CpG-tv	7182	7182	491.106	53.8391	7171	6680.852009446827	48143.1582637911	1340	2071	3691
K562_skew	[-1.5,-1.0)	pELS	SINGLETON	unknown	6	0	0	0	5	-1.7690000515431148	1.4244331002069783	0	1	0
K562_skew	[-1.5,-1.0)	pELS	ULTRARARE	CpG-CGI	594	594	320.618	326.430112	594	755.9790002191442	6871.485034323029	152	248	367
K562_skew	[-1.5,-1.0)	pELS	ULTRARARE	CpG-nonCGI	3111	3111	5386.981	11216.879639	3105	-1453.4730020589188	13547.77854854623	194	717	1314
K562_skew	[-1.5,-1.0)	pELS	ULTRARARE	non-CpG-ti	4697	4697	817.313	183.689355	4690	5183.967995451411	33357.20567035179	938	1343	2301
K562_skew	[-1.5,-1.0)	pELS	ULTRARARE	non-CpG-tv	4049	4049	300.886	38.528468	4036	3581.917998479447	26238.03278167057	758	1170	2097
K562_skew	[-1.5,-1.0)	pELS	ULTRARARE	unknown	16	0	0	0	16	-5.483000125735995	12.752865487391318	0	3	1
K562_skew	[0.05,0.2)	Other cCREs	COMMON	CpG-CGI	92	92	158.163	315.958351	91	-62.69700015336274	247.69131645117903	1	10	4
K562_skew	[0.05,0.2)	Other cCREs	COMMON	CpG-nonCGI	6282	6282	12203.965	26448.282733	6200	-5317.425998869117	16839.339420876047	37	373	317
K562_skew	[0.05,0.2)	Other cCREs	COMMON	non-CpG-ti	50208	50208	8132.074	1910.97895	49996	-21100.045987068213	100601.73096624915	802	2243	2363
K562_skew	[0.05,0.2)	Other cCREs	COMMON	non-CpG-tv	28483	28483	1832.681	343.073263	28328	-6912.282000752283	45106.69966312014	534	1227	1289
K562_skew	[0.05,0.2)	Other cCREs	COMMON	unknown	65	0	0	0	52	-17.086999975144856	36.07487539398678	0	7	2
K562_skew	[0.05,0.2)	Other cCREs	LOW_FREQ	CpG-CGI	174	174	316.309	652.853403	174	-150.59499969240278	536.8058106384376	2	27	7
K562_skew	[0.05,0.2)	Other cCREs	LOW_FREQ	CpG-nonCGI	8189	8189	17517.268	39914.852168	8034	-6540.6979989883275	21998.12355382812	71	425	364
K562_skew	[0.05,0.2)	Other cCREs	LOW_FREQ	non-CpG-ti	52766	52766	9092.36	2274.027968	52498	-10124.806997493492	91429.22558961668	1168	1739	2463
K562_skew	[0.05,0.2)	Other cCREs	LOW_FREQ	non-CpG-tv	32027	32027	2129.969	368.536159	31778	-3034.149003067053	47983.550493248025	760	1125	1476
K562_skew	[0.05,0.2)	Other cCREs	LOW_FREQ	unknown	118	0	0	0	84	-30.02399979531765	85.2619890666104	0	13	1
K562_skew	[0.05,0.2)	Other cCREs	RARE	CpG-CGI	492	492	882.395	1804.053547	490	-374.24999923340516	1995.2468837137108	18	80	14
K562_skew	[0.05,0.2)	Other cCREs	RARE	CpG-nonCGI	23658	23658	50505.154	114632.014948	23255	-19135.079990794766	64895.09293347219	188	1171	1136
K562_skew	[0.05,0.2)	Other cCREs	RARE	non-CpG-ti	124694	124694	21702.892	5496.303488	124037	-19856.86297864792	209437.0551893612	2906	4189	5731
K562_skew	[0.05,0.2)	Other cCREs	RARE	non-CpG-tv	77625	77625	5129.353	808.614815	77036	-4618.057979767561	113971.14043291699	1959	2689	3564
K562_skew	[0.05,0.2)	Other cCREs	RARE	unknown	301	0	0	0	194	-52.765999764204025	135.5735651292054	0	18	4
K562_skew	[0.05,0.2)	Other cCREs	SINGLETON	CpG-CGI	963	963	1328.255	2320.913013	958	-674.4329991815612	3595.118169583728	34	177	56
K562_skew	[0.05,0.2)	Other cCREs	SINGLETON	CpG-nonCGI	21936	21936	40892.633	82291.800867	21761	-15782.263992947865	57152.72757775618	252	1071	1217
K562_skew	[0.05,0.2)	Other cCREs	SINGLETON	non-CpG-ti	1151315	1151315	179707.713	38100.063670999996	1147481	-71814.21389199875	1760528.0998407344	30236	35808	53869
K562_skew	[0.05,0.2)	Other cCREs	SINGLETON	non-CpG-tv	842309	842309	48436.763	4673.893291	838191	5786.537069627551	1223024.1982488495	23951	27411	38836
K562_skew	[0.05,0.2)	Other cCREs	SINGLETON	unknown	962	0	0	0	715	-152.9180009057745	457.7345736519156	1	82	15
K562_skew	[0.05,0.2)	Other cCREs	ULTRARARE	CpG-CGI	1739	1739	2903.549	5656.263783	1728	-1304.417000368004	6383.786541546226	41	288	61
K562_skew	[0.05,0.2)	Other cCREs	ULTRARARE	CpG-nonCGI	84312	84312	171522.132	371341.200714	83448	-66059.61995098196	227214.70575183377	802	3999	4595
K562_skew	[0.05,0.2)	Other cCREs	ULTRARARE	non-CpG-ti	781210	781210	135170.294	33390.874334	778053	-104504.8359027971	1279607.249627588	18831	24939	36302
K562_skew	[0.05,0.2)	Other cCREs	ULTRARARE	non-CpG-tv	483463	483463	30541.421	3602.047929	480380	-9305.691956760604	715233.5560710955	13264	15990	22609
K562_skew	[0.05,0.2)	Other cCREs	ULTRARARE	unknown	914	0	0	0	614	-123.8909994568676	415.19801131734323	0	53	9
K562_skew	[0.05,0.2)	PLS	COMMON	CpG-CGI	220	220	106.931	84.61363300000001	220	-64.96700142789632	834.0403249792844	16	98	114
K562_skew	[0.05,0.2)	PLS	COMMON	CpG-nonCGI	233	233	316.772	567.100656	233	-217.4479983034543	934.9684065659956	3	65	66
K562_skew	[0.05,0.2)	PLS	COMMON	non-CpG-ti	2909	2909	424.692	87.907576	2903	-781.6340051868465	13815.704669592655	205	1078	990
K562_skew	[0.05,0.2)	PLS	COMMON	non-CpG-tv	2120	2120	157.772	22.157874	2116	-461.3829984994375	7719.267034194727	140	866	812
K562_skew	[0.05,0.2)	PLS	COMMON	unknown	12	0	0	0	12	0.3469997495412793	127.21788780858975	3	2	5
K562_skew	[0.05,0.2)	PLS	LOW_FREQ	CpG-CGI	329	329	170.05100000000002	154.947533	329	-20.503999224514757	1509.8568124132937	33	121	182
K562_skew	[0.05,0.2)	PLS	LOW_FREQ	CpG-nonCGI	281	281	446.068	857.406732	280	-239.3250031289643	1378.3042714484668	7	73	79
K562_skew	[0.05,0.2)	PLS	LOW_FREQ	non-CpG-ti	3151	3151	480.129	100.987767	3148	277.0400004303082	14773.023122936584	329	1106	1054
K562_skew	[0.05,0.2)	PLS	LOW_FREQ	non-CpG-tv	2690	2690	215.665	40.676081	2685	132.23799954610888	13086.570799510253	267	969	1046
K562_skew	[0.05,0.2)	PLS	LOW_FREQ	unknown	8	0	0	0	8	-9.53900003433227	52.828569157844676	0	2	4
K562_skew	[0.05,0.2)	PLS	RARE	CpG-CGI	923	923	464.873	403.108139	922	-101.69700342800958	5076.0488983097275	99	409	523
K562_skew	[0.05,0.2)	PLS	RARE	CpG-nonCGI	862	862	1322.263	2508.632863	859	-563.5840010087705	3903.2078658310056	40	249	248
K562_skew	[0.05,0.2)	PLS	RARE	non-CpG-ti	8226	8226	1305.672	283.968672	8220	1520.3910047876404	47696.753199782426	1000	2842	2832
K562_skew	[0.05,0.2)	PLS	RARE	non-CpG-tv	7029	7029	580.195	94.687395	7017	964.9289987726363	35039.70283938127	814	2529	2766
K562_skew	[0.05,0.2)	PLS	RARE	unknown	193	0	0	0	193	-57.34600094601038	629.1486769459603	14	110	10
K562_skew	[0.05,0.2)	PLS	SINGLETON	CpG-CGI	7227	7227	3406.943	2683.001077	7224	1097.4850017722927	38554.595102015315	907	2903	4160
K562_skew	[0.05,0.2)	PLS	SINGLETON	CpG-nonCGI	2337	2337	2349.291	3538.318065	2336	-924.454999245354	12147.421115221794	172	712	913
K562_skew	[0.05,0.2)	PLS	SINGLETON	non-CpG-ti	75589	75589	11031.288	2073.15834	75551	31100.166030127082	389893.9212285736	10369	25256	25887
K562_skew	[0.05,0.2)	PLS	SINGLETON	non-CpG-tv	71729	71729	4966.155	578.737571	71671	25141.061994769378	371418.12760984	9584	25167	27333
K562_skew	[0.05,0.2)	PLS	SINGLETON	unknown	103	0	0	0	102	-5.067999389022569	187.29386559042368	3	38	26
K562_skew	[0.05,0.2)	PLS	ULTRARARE	CpG-CGI	6123	6123	3076.168	2649.013708	6119	617.4219911053079	33895.24695050333	778	2518	3387
K562_skew	[0.05,0.2)	PLS	ULTRARARE	CpG-nonCGI	4322	4322	6089.341	10952.175871	4313	-2597.5799999985616	20277.231875283083	250	1200	1418
K562_skew	[0.05,0.2)	PLS	ULTRARARE	non-CpG-ti	52910	52910	8295.09	1757.499288	52864	16697.22798384657	289150.0073633186	7123	17938	18472
K562_skew	[0.05,0.2)	PLS	ULTRARARE	non-CpG-tv	45088	45088	3524.678	498.020256	45047	11990.656993143264	243996.1803605336	5788	16181	17701
K562_skew	[0.05,0.2)	PLS	ULTRARARE	unknown	446	0	0	0	446	7.318999860202897	1320.9714910474215	28	207	31
K562_skew	[0.05,0.2)	dELS	COMMON	CpG-CGI	362	362	472.778	862.068534	362	-345.73199898377067	1241.5388696484144	4	75	82
K562_skew	[0.05,0.2)	dELS	COMMON	CpG-nonCGI	15433	15433	27702.045000000002	56420.952317	15401	-14270.485005460916	53456.97630972335	194	1751	2420
K562_skew	[0.05,0.2)	dELS	COMMON	non-CpG-ti	127480	127480	20540.967	4972.071343	127289	-49983.70601775309	325481.1447044347	3508	12291	15826
K562_skew	[0.05,0.2)	dELS	COMMON	non-CpG-tv	69076	69076	4254.204	744.574394	68970	-10191.97600566759	139061.39528661733	2310	6534	8892
K562_skew	[0.05,0.2)	dELS	COMMON	unknown	97	0	0	0	96	-66.32399972528222	173.38876369944492	0	9	11
K562_skew	[0.05,0.2)	dELS	LOW_FREQ	CpG-CGI	500	500	773.383	1509.646695	499	-468.3580006352859	1930.533706570334	10	121	94
K562_skew	[0.05,0.2)	dELS	LOW_FREQ	CpG-nonCGI	20889	20889	41214.389	87942.186631	20854	-18460.455989941616	74667.24281761113	305	2004	3432
K562_skew	[0.05,0.2)	dELS	LOW_FREQ	non-CpG-ti	133844	133844	22836.72	5802.7559679999995	133648	-20203.116004582265	315740.45555988903	5247	9812	15962
K562_skew	[0.05,0.2)	dELS	LOW_FREQ	non-CpG-tv	78361	78361	5046.333	847.012653	78213	1255.301011119387	166876.48535674435	3521	6006	10069
K562_skew	[0.05,0.2)	dELS	LOW_FREQ	unknown	106	0	0	0	104	-62.940000044181936	229.6519039895483	2	9	10
K562_skew	[0.05,0.2)	dELS	RARE	CpG-CGI	1356	1356	2082.778	4033.170734	1352	-1139.8460022866495	5146.999316503173	42	294	291
K562_skew	[0.05,0.2)	dELS	RARE	CpG-nonCGI	61342	61342	121561.134	260178.97146	61207	-54559.06899962632	222011.9468619003	1009	5872	10100
K562_skew	[0.05,0.2)	dELS	RARE	non-CpG-ti	326535	326535	56564.175	14735.437190999999	326050	-40440.83998454339	804853.5118375755	13756	24544	39417
K562_skew	[0.05,0.2)	dELS	RARE	non-CpG-tv	194463	194463	12262.845000000001	1825.072717	194094	9979.544017177534	426121.1403971066	9353	14923	25119
K562_skew	[0.05,0.2)	dELS	RARE	unknown	241	0	0	0	237	-113.96799930185077	410.85751895228447	1	23	32
K562_skew	[0.05,0.2)	dELS	SINGLETON	CpG-CGI	4599	4599	4045.101	5782.990337	4590	-2206.5260061913878	18126.195479968355	250	956	1547
K562_skew	[0.05,0.2)	dELS	SINGLETON	CpG-nonCGI	70948	70948	124012.876	239228.118316	70837	-54693.46397758019	251261.60100052704	1635	7241	12445
K562_skew	[0.05,0.2)	dELS	SINGLETON	non-CpG-ti	3090599	3090599	472505.589	99119.047987	3087088	15185.383769359018	7102885.454668796	148760	232003	374141
K562_skew	[0.05,0.2)	dELS	SINGLETON	non-CpG-tv	2190972	2190972	120820.42599999999	10976.530268	2187824	263049.8078291249	4861138.828496217	117177	168239	271673
K562_skew	[0.05,0.2)	dELS	SINGLETON	unknown	1032	0	0	0	1013	-228.6010009449674	965.0601925785057	3	85	118
K562_skew	[0.05,0.2)	dELS	ULTRARARE	CpG-CGI	6474	6474	8543.309	15436.518859	6467	-4527.1239957320495	27107.975778515567	283	1463	1649
K562_skew	[0.05,0.2)	dELS	ULTRARARE	CpG-nonCGI	253481	253481	482671.868	993734.077374	253045	-214256.23895308687	897975.8432390431	4846	24489	42774
K562_skew	[0.05,0.2)	dELS	ULTRARARE	non-CpG-ti	2064729	2064729	352102.241	87574.602719	2062158	-176328.31420403757	5049188.821061185	92557	155507	247187
K562_skew	[0.05,0.2)	dELS	ULTRARARE	non-CpG-tv	1243579	1243579	74891.403	8340.069215	1241485	114961.6849414437	2785293.3608833207	64523	95837	156688
K562_skew	[0.05,0.2)	dELS	ULTRARARE	unknown	827	0	0	0	809	-235.3660010946916	883.2930322885015	2	56	91
K562_skew	[0.05,0.2)	non-cCRE	COMMON	CpG-CGI	262	262	339.937	628.231739	262	-201.4220005366952	894.9425122389544	5	67	38
K562_skew	[0.05,0.2)	non-cCRE	COMMON	CpG-nonCGI	63062	63062	126289.085	281832.764699	62380	-55367.58595256449	159720.63478187556	208	2702	374
K562_skew	[0.05,0.2)	non-cCRE	COMMON	non-CpG-ti	547782	547782	89281.607	21106.395187000002	542750	-251866.88391360847	986050.4575574859	4578	18982	3094
K562_skew	[0.05,0.2)	non-cCRE	COMMON	non-CpG-tv	331747	331747	23292.768	5599.524794	327956	-99073.57392681742	453053.0130207351	3252	10987	1896
K562_skew	[0.05,0.2)	non-cCRE	COMMON	unknown	711	0	0	0	606	-415.89099946059275	1189.4786938862253	1	37	7
K562_skew	[0.05,0.2)	non-cCRE	LOW_FREQ	CpG-CGI	427	427	583.875	1118.655967	427	-253.36499918578204	1200.7016040051597	12	118	58
K562_skew	[0.05,0.2)	non-cCRE	LOW_FREQ	CpG-nonCGI	81760	81760	181879.655	428020.250495	80688	-70046.50495408884	206126.50854957415	305	2837	517
K562_skew	[0.05,0.2)	non-cCRE	LOW_FREQ	non-CpG-ti	579591	579591	99722.385	24716.009021	572513	-126330.25087645477	773819.161050409	6378	15552	3171
K562_skew	[0.05,0.2)	non-cCRE	LOW_FREQ	non-CpG-tv	376309	376309	27401.081	6306.987477	370669	-56653.22991411806	444061.66509341553	4533	9911	2167
K562_skew	[0.05,0.2)	non-cCRE	LOW_FREQ	unknown	783	0	0	0	530	-210.13899928936732	700.1078934789003	0	39	7
K562_skew	[0.05,0.2)	non-cCRE	RARE	CpG-CGI	1208	1208	1646.236	3094.594292	1204	-617.7109980904497	3781.999145912794	42	301	194
K562_skew	[0.05,0.2)	non-cCRE	RARE	CpG-nonCGI	238443	238443	531201.869	1249850.035517	235272	-203968.03783109138	600118.5987988359	973	8429	1543
K562_skew	[0.05,0.2)	non-cCRE	RARE	non-CpG-ti	1394174	1394174	243467.183	61851.860229	1376593	-275565.5347817373	1834013.2536701842	16457	37787	7661
K562_skew	[0.05,0.2)	non-cCRE	RARE	non-CpG-tv	914995	914995	64999.456	12786.43205	900245	-115399.82277951622	1045932.0869628577	11704	24562	5501
K562_skew	[0.05,0.2)	non-cCRE	RARE	unknown	2031	0	0	0	1390	-564.0069988110338	1789.2090861797526	3	114	24
K562_skew	[0.05,0.2)	non-cCRE	SINGLETON	CpG-CGI	4803	4803	3470.789	4454.323847	4795	-1238.2150009111494	14517.526018350925	254	1605	1448
K562_skew	[0.05,0.2)	non-cCRE	SINGLETON	CpG-nonCGI	193900	193900	374235.691	772189.0736990001	192881	-139423.27485387	444495.84836530883	1367	8485	2154
K562_skew	[0.05,0.2)	non-cCRE	SINGLETON	non-CpG-ti	12532092	12532092	1961590.8599999996	416197.213856	12418275	-1254200.2678220815	14260210.75439063	170382	324681	71605
K562_skew	[0.05,0.2)	non-cCRE	SINGLETON	non-CpG-tv	9671800	9671800	573434.594	58734.12731199997	9560235	-538185.1229689617	10229368.321959531	140710	250217	56402
K562_skew	[0.05,0.2)	non-cCRE	SINGLETON	unknown	6856	0	0	0	5350	-1024.5419958606365	4451.409465283087	11	354	54
K562_skew	[0.05,0.2)	non-cCRE	ULTRARARE	CpG-CGI	5573	5573	6235.918	10743.38578	5559	-2511.09699927352	19515.195587923095	260	1630	1197
K562_skew	[0.05,0.2)	non-cCRE	ULTRARARE	CpG-nonCGI	820298	820298	1729207.303	3847453.069085	814990	-659904.9134774095	1998063.2941515697	4354	30509	6590
K562_skew	[0.05,0.2)	non-cCRE	ULTRARARE	non-CpG-ti	8577919	8577919	1483004.953	364868.93519499997	8480542	-1413574.0647279294	10775498.82826391	106330	225707	48289
K562_skew	[0.05,0.2)	non-cCRE	ULTRARARE	non-CpG-tv	5640343	5640343	372695.256	48983.929096	5558609	-474354.035708432	6119116.961246564	77430	147987	33576
K562_skew	[0.05,0.2)	non-cCRE	ULTRARARE	unknown	6493	0	0	0	4627	-1244.4209988362854	5022.848854153344	21	416	55
K562_skew	[0.05,0.2)	pELS	COMMON	CpG-CGI	305	305	177.688	189.4019	305	-152.80499954533298	1069.093444570132	14	135	133
K562_skew	[0.05,0.2)	pELS	COMMON	CpG-nonCGI	1841	1841	2872.024	5457.895042	1840	-1702.2519990711005	6049.54144864313	18	427	335
K562_skew	[0.05,0.2)	pELS	COMMON	non-CpG-ti	17607	17607	2686.631	599.144121	17586	-5812.431000027573	47220.6097263589	565	4526	2767
K562_skew	[0.05,0.2)	pELS	COMMON	non-CpG-tv	10755	10755	698.36	120.931116	10729	-1739.819997815067	26069.662369476802	405	2904	1965
K562_skew	[0.05,0.2)	pELS	COMMON	unknown	23	0	0	0	19	-12.88499992340804	51.736323211773225	0	4	4
K562_skew	[0.05,0.2)	pELS	LOW_FREQ	CpG-CGI	465	465	292.363	360.284835	465	-86.39199775177984	1716.13464175463	40	173	205
K562_skew	[0.05,0.2)	pELS	LOW_FREQ	CpG-nonCGI	2488	2488	4261.215	8383.084096999999	2481	-1990.091997553827	8270.024059034102	44	573	429
K562_skew	[0.05,0.2)	pELS	LOW_FREQ	non-CpG-ti	19251	19251	3142.895	749.578661	19222	-1776.407998201089	52909.643451933356	918	4350	3069
K562_skew	[0.05,0.2)	pELS	LOW_FREQ	non-CpG-tv	12806	12806	880.837	162.530593	12769	205.65099998109469	32326.115854630185	667	2992	2406
K562_skew	[0.05,0.2)	pELS	LOW_FREQ	unknown	39	0	0	0	24	-10.46799987554551	25.487769519295124	0	9	2
K562_skew	[0.05,0.2)	pELS	RARE	CpG-CGI	1174	1174	748.611	866.194517	1172	-179.81700062437451	4338.161914075922	85	460	492
K562_skew	[0.05,0.2)	pELS	RARE	CpG-nonCGI	7330	7330	12831.985	25740.335239	7311	-6387.768999781459	25835.56456185457	118	1518	1276
K562_skew	[0.05,0.2)	pELS	RARE	non-CpG-ti	47865	47865	7932.582	1925.897912	47796	-1633.9050033615208	136463.36421900406	2597	10855	7660
K562_skew	[0.05,0.2)	pELS	RARE	non-CpG-tv	31844	31844	2184.179	355.658275	31776	2387.954003491674	85128.11954492294	1839	7695	6051
K562_skew	[0.05,0.2)	pELS	RARE	unknown	148	0	0	0	124	-72.7000004174188	299.801454649005	1	82	20
K562_skew	[0.05,0.2)	pELS	SINGLETON	CpG-CGI	9361	9361	4385.212	3337.971768	9357	471.42500134976564	36540.59198676056	880	3660	4345
K562_skew	[0.05,0.2)	pELS	SINGLETON	CpG-nonCGI	14496	14496	18457.798	30948.759602000002	14485	-9109.870995989188	46250.098208343035	419	3695	3003
K562_skew	[0.05,0.2)	pELS	SINGLETON	non-CpG-ti	453038	453038	67566.64	13495.726516	452688	43361.56498561008	1173785.7157117105	27790	101877	73162
K562_skew	[0.05,0.2)	pELS	SINGLETON	non-CpG-tv	353713	353713	20948.499	2094.252135	353379	62578.88003524239	911192.8023327425	23295	85097	63135
K562_skew	[0.05,0.2)	pELS	SINGLETON	unknown	413	0	0	0	401	-105.27400087437131	593.5208348082069	3	139	45
K562_skew	[0.05,0.2)	pELS	ULTRARARE	CpG-CGI	7803	7803	4406.286	4501.69195	7797	-697.6280076381512	30046.551744350338	654	2979	3436
K562_skew	[0.05,0.2)	pELS	ULTRARARE	CpG-nonCGI	33144	33144	54346.214	104082.805972	33107	-26404.277988989026	114874.66257705633	683	7139	6123
K562_skew	[0.05,0.2)	pELS	ULTRARARE	non-CpG-ti	304567	304567	49901.181	11630.263891	304278	5526.383992777203	843104.5760275917	17750	69023	49189
K562_skew	[0.05,0.2)	pELS	ULTRARARE	non-CpG-tv	205429	205429	13386.823	1610.902589	205128	28108.466983078175	547556.8623450665	13173	49752	38120
K562_skew	[0.05,0.2)	pELS	ULTRARARE	unknown	712	0	0	0	688	-289.26800163928425	1457.6761231285745	11	320	70
K562_skew	[0.2,0.5)	Other cCREs	COMMON	CpG-CGI	31	31	54.618	114.16850000000001	31	-7.141000002622609	221.41376414194553	3	7	2
K562_skew	[0.2,0.5)	Other cCREs	COMMON	CpG-nonCGI	1651	1651	3269.293	7235.155411	1618	-1588.2789982648112	4763.517238410428	11	92	97
K562_skew	[0.2,0.5)	Other cCREs	COMMON	non-CpG-ti	11023	11023	1669.914	362.229052	10960	-5347.856996921008	23133.29697039495	163	547	713
K562_skew	[0.2,0.5)	Other cCREs	COMMON	non-CpG-tv	6343	6343	383.669	44.682269	6299	-1678.990003446234	10056.986321637152	118	274	404
K562_skew	[0.2,0.5)	Other cCREs	COMMON	unknown	15	0	0	0	10	-8.710000030696381	15.126162099510875	0	0	1
K562_skew	[0.2,0.5)	Other cCREs	LOW_FREQ	CpG-CGI	50	50	87.047	174.810423	48	-49.39000006765125	186.4611786087824	1	8	2
K562_skew	[0.2,0.5)	Other cCREs	LOW_FREQ	CpG-nonCGI	2050	2050	4471.361	10359.840757	1998	-1739.341001032735	5563.928880196655	18	113	125
K562_skew	[0.2,0.5)	Other cCREs	LOW_FREQ	non-CpG-ti	10882	10882	1799.84	429.685252	10811	-2367.257001919671	18336.83731693618	237	396	630
K562_skew	[0.2,0.5)	Other cCREs	LOW_FREQ	non-CpG-tv	7049	7049	485.686	67.440944	6990	-964.7039999797705	10181.446423140505	127	282	427
K562_skew	[0.2,0.5)	Other cCREs	LOW_FREQ	unknown	38	0	0	0	26	-17.419000104069703	34.62734149520662	0	2	0
K562_skew	[0.2,0.5)	Other cCREs	RARE	CpG-CGI	157	157	285.638	589.949722	157	-153.4650004711003	514.8512079872451	0	24	10
K562_skew	[0.2,0.5)	Other cCREs	RARE	CpG-nonCGI	6003	6003	13061.031	30195.313765	5890	-5131.686997491518	16382.40317704998	36	336	364
K562_skew	[0.2,0.5)	Other cCREs	RARE	non-CpG-ti	25864	25864	4326.489	1038.926391	25690	-5056.440995747108	41749.53014869963	495	991	1509
K562_skew	[0.2,0.5)	Other cCREs	RARE	non-CpG-tv	17031	17031	1126.999	144.286737	16870	-1608.1079934437296	24143.642628119294	392	685	991
K562_skew	[0.2,0.5)	Other cCREs	RARE	unknown	71	0	0	0	56	-21.351999796926957	60.35884652504824	0	2	0
K562_skew	[0.2,0.5)	Other cCREs	SINGLETON	CpG-CGI	269	269	352.746	602.486534	267	-198.0329998340458	939.4805284979689	5	47	19
K562_skew	[0.2,0.5)	Other cCREs	SINGLETON	CpG-nonCGI	5180	5180	9831.004	20172.89688	5152	-4080.892997019109	13862.04590677084	52	258	377
K562_skew	[0.2,0.5)	Other cCREs	SINGLETON	non-CpG-ti	237308	237308	36126.413	7387.009925	236334	-20920.210963711706	350580.98344804294	5431	8018	14219
K562_skew	[0.2,0.5)	Other cCREs	SINGLETON	non-CpG-tv	181637	181637	10464.152	1002.63252	180494	-3094.66397942521	255055.65695363237	4642	6905	10741
K562_skew	[0.2,0.5)	Other cCREs	SINGLETON	unknown	271	0	0	0	212	-37.82699959725145	134.9096478245042	0	16	5
K562_skew	[0.2,0.5)	Other cCREs	ULTRARARE	CpG-CGI	585	585	946.704	1843.674182	574	-415.58100176043814	2022.9704822226656	15	109	27
K562_skew	[0.2,0.5)	Other cCREs	ULTRARARE	CpG-nonCGI	20493	20493	42540.377	93938.582403	20308	-17375.039981018872	59732.62167291848	182	1011	1404
K562_skew	[0.2,0.5)	Other cCREs	ULTRARARE	non-CpG-ti	160324	160324	26654.298	6219.250744	159518	-24361.589967980402	252983.62148371185	3457	5751	9409
K562_skew	[0.2,0.5)	Other cCREs	ULTRARARE	non-CpG-tv	105444	105444	6645.419	754.078193	104549	-5394.984969236887	153428.17030710177	2584	4180	6148
K562_skew	[0.2,0.5)	Other cCREs	ULTRARARE	unknown	237	0	0	0	183	-55.98400018364193	150.79805818296816	0	22	2
K562_skew	[0.2,0.5)	PLS	COMMON	CpG-CGI	67	67	31.781	23.417313	67	-24.978000251576308	311.43395404649135	7	29	37
K562_skew	[0.2,0.5)	PLS	COMMON	CpG-nonCGI	73	73	89.716	145.00517	73	-52.46400060690938	287.5553510533511	2	26	28
K562_skew	[0.2,0.5)	PLS	COMMON	non-CpG-ti	937	937	129.505	24.710266999999998	935	-218.22199933382203	3575.9525765736294	65	387	323
K562_skew	[0.2,0.5)	PLS	COMMON	non-CpG-tv	799	799	59.574	8.52135	797	-42.71199806733062	3187.212063788259	66	328	351
K562_skew	[0.2,0.5)	PLS	COMMON	unknown	5	0	0	0	5	-0.5380001664161711	21.40644933898638	0	0	1
K562_skew	[0.2,0.5)	PLS	LOW_FREQ	CpG-CGI	110	110	55.749	47.870261	110	-6.936001696740222	668.9123247705606	13	45	65
K562_skew	[0.2,0.5)	PLS	LOW_FREQ	CpG-nonCGI	104	104	161.809	311.654313	104	-40.809998795390115	442.88180114528177	6	39	31
K562_skew	[0.2,0.5)	PLS	LOW_FREQ	non-CpG-ti	1010	1010	153.948	32.233194	1010	275.7879998456921	6141.163829388348	138	375	354
K562_skew	[0.2,0.5)	PLS	LOW_FREQ	non-CpG-tv	1007	1007	86.158	14.577066	1006	184.19900246779437	5506.16722040104	119	391	410
K562_skew	[0.2,0.5)	PLS	LOW_FREQ	unknown	5	0	0	0	5	-6.248000118881467	31.839158933058236	0	2	1
K562_skew	[0.2,0.5)	PLS	RARE	CpG-CGI	369	369	193.261	189.047407	369	119.21600041526845	1801.3674709129193	47	160	228
K562_skew	[0.2,0.5)	PLS	RARE	CpG-nonCGI	296	296	453.278	855.272322	295	-120.36499915644526	1409.663573491747	23	84	111
K562_skew	[0.2,0.5)	PLS	RARE	non-CpG-ti	2673	2673	415.945	84.619853	2670	902.3439988584721	17644.271479580548	409	906	1034
K562_skew	[0.2,0.5)	PLS	RARE	non-CpG-tv	2704	2704	230.089	37.205751	2702	842.4589945636687	15054.594595415467	357	979	1180
K562_skew	[0.2,0.5)	PLS	RARE	unknown	36	0	0	0	36	-14.771999881602818	132.964147544993	1	12	1
K562_skew	[0.2,0.5)	PLS	SINGLETON	CpG-CGI	2568	2568	1191.228	946.189014	2566	1334.758000812726	16177.674157843323	454	1060	1460
K562_skew	[0.2,0.5)	PLS	SINGLETON	CpG-nonCGI	716	716	703.975	1071.499665	716	-146.46000085817633	3632.347950076175	66	231	301
K562_skew	[0.2,0.5)	PLS	SINGLETON	non-CpG-ti	25132	25132	3664.7690000000002	674.931521	25126	16251.159987470726	155364.84618322298	4374	8751	9724
K562_skew	[0.2,0.5)	PLS	SINGLETON	non-CpG-tv	27305	27305	1969.263	240.769673	27285	16140.650990689279	163619.5664023556	4641	10084	11710
K562_skew	[0.2,0.5)	PLS	SINGLETON	unknown	32	0	0	0	32	-2.0709998365491633	47.14110342290677	0	11	6
K562_skew	[0.2,0.5)	PLS	ULTRARARE	CpG-CGI	2116	2116	1074.381	964.065493	2116	670.6250034946717	12986.389827027295	328	866	1239
K562_skew	[0.2,0.5)	PLS	ULTRARARE	CpG-nonCGI	1268	1268	1762.109	3176.908595	1267	-560.1789978747257	6379.337901082171	94	382	493
K562_skew	[0.2,0.5)	PLS	ULTRARARE	non-CpG-ti	17762	17762	2765.301	558.068547	17751	10212.9229890107	111641.10980364995	3043	6227	7037
K562_skew	[0.2,0.5)	PLS	ULTRARARE	non-CpG-tv	17280	17280	1391.669	198.407565	17267	8627.634974631252	108558.61449265764	2800	6353	7537
K562_skew	[0.2,0.5)	PLS	ULTRARARE	unknown	97	0	0	0	97	-28.665000010747455	133.55113524165085	0	36	8
K562_skew	[0.2,0.5)	dELS	COMMON	CpG-CGI	95	95	125.361	230.97301299999998	95	-94.93499983847143	478.85025596259055	5	24	19
K562_skew	[0.2,0.5)	dELS	COMMON	CpG-nonCGI	4071	4071	7473.71	15506.03988	4062	-4044.921995425832	14507.741194838763	36	493	843
K562_skew	[0.2,0.5)	dELS	COMMON	non-CpG-ti	29912	29912	4541.122	1007.6682920000001	29860	-13346.228992491146	80552.82630435617	794	3218	4839
K562_skew	[0.2,0.5)	dELS	COMMON	non-CpG-tv	16923	16923	1004.59	112.93872400000001	16896	-3419.195999139806	36336.32818794859	545	1833	2844
K562_skew	[0.2,0.5)	dELS	COMMON	unknown	27	0	0	0	27	-10.065000209957367	26.62860205661114	0	2	5
K562_skew	[0.2,0.5)	dELS	LOW_FREQ	CpG-CGI	162	162	238.659	470.611341	162	-159.9429995119573	918.38220153940415	5	33	33
K562_skew	[0.2,0.5)	dELS	LOW_FREQ	CpG-nonCGI	5490	5490	11011.323	23922.719625	5479	-4967.839996622759	19544.92717425927	93	539	1108
K562_skew	[0.2,0.5)	dELS	LOW_FREQ	non-CpG-ti	29923	29923	4851.387	1131.760891	29878	-4393.400998608791	70505.26748977472	1168	2530	4694
K562_skew	[0.2,0.5)	dELS	LOW_FREQ	non-CpG-tv	18937	18937	1232.307	166.864955	18895	-267.89300972176784	42762.819871070154	825	1661	2983
K562_skew	[0.2,0.5)	dELS	LOW_FREQ	unknown	25	0	0	0	24	-11.89400006830693	40.77737492048538	0	3	2
K562_skew	[0.2,0.5)	dELS	RARE	CpG-CGI	436	436	661.818	1307.274422	435	-283.6689985089472	1392.3757857714888	15	106	92
K562_skew	[0.2,0.5)	dELS	RARE	CpG-nonCGI	15981	15981	32163.708	70096.8353	15934	-14782.453015084842	60178.74270621364	254	1599	3331
K562_skew	[0.2,0.5)	dELS	RARE	non-CpG-ti	73675	73675	12195.573	2953.818181	73554	-8417.969009682769	178493.34814286215	3160	6176	11318
K562_skew	[0.2,0.5)	dELS	RARE	non-CpG-tv	46744	46744	2930.13	361.167378	46640	2390.6009974536723	106488.58740446185	2269	4153	7588
K562_skew	[0.2,0.5)	dELS	RARE	unknown	82	0	0	0	81	-20.632999844849085	49.57943715249647	0	9	8
K562_skew	[0.2,0.5)	dELS	SINGLETON	CpG-CGI	1523	1523	1259.128	1775.741722	1520	-353.0269988290967	7019.664028507596	131	354	576
K562_skew	[0.2,0.5)	dELS	SINGLETON	CpG-nonCGI	17286	17286	30603.703	60343.204513	17263	-13667.66599761136	61887.75880603232	419	1892	3912
K562_skew	[0.2,0.5)	dELS	SINGLETON	non-CpG-ti	698779	698779	103848.902	20747.066948	697883	1318.0449933592613	1619143.076081477	33916	58246	108776
K562_skew	[0.2,0.5)	dELS	SINGLETON	non-CpG-tv	522780	522780	29009.240999999998	2646.307713	521922	55825.37692154061	1194696.3915822064	28158	45023	83132
K562_skew	[0.2,0.5)	dELS	SINGLETON	unknown	327	0	0	0	316	-84.41600049636327	241.4264823450289	0	32	33
K562_skew	[0.2,0.5)	dELS	ULTRARARE	CpG-CGI	2105	2105	2783.991	5108.337495	2103	-1157.168996137101	9023.611852581176	112	478	610
K562_skew	[0.2,0.5)	dELS	ULTRARARE	CpG-nonCGI	64646	64646	124915.851	262015.401305	64533	-57129.05400419956	238923.0461104217	1262	6578	13756
K562_skew	[0.2,0.5)	dELS	ULTRARARE	non-CpG-ti	464085	464085	75905.16	17620.921864	463414	-35786.88803684584	1129449.0833598282	21213	38996	71621
K562_skew	[0.2,0.5)	dELS	ULTRARARE	non-CpG-tv	298218	298218	18055.37	1978.70236	297604	22736.18097553297	679370.8057725143	15646	25991	48535
K562_skew	[0.2,0.5)	dELS	ULTRARARE	unknown	266	0	0	0	260	-89.4300001002849	266.2876561281045	0	22	40
K562_skew	[0.2,0.5)	non-cCRE	COMMON	CpG-CGI	102	102	130.381	246.403281	99	-74.64700087159875	353.89727781095684	2	32	22
K562_skew	[0.2,0.5)	non-cCRE	COMMON	CpG-nonCGI	12851	12851	26265.118	59222.233932	12728	-12198.376993039965	35140.33317019699	40	673	128
K562_skew	[0.2,0.5)	non-cCRE	COMMON	non-CpG-ti	89667	89667	13419.528	2944.190114	88922	-52511.45297538476	187012.31675648925	642	3901	788
K562_skew	[0.2,0.5)	non-cCRE	COMMON	non-CpG-tv	52264	52264	3414.676	469.197296	51678	-17240.51199695618	73728.80605711564	450	2148	506
K562_skew	[0.2,0.5)	non-cCRE	COMMON	unknown	127	0	0	0	119	-88.99300044029951	244.64227023924965	0	11	0
K562_skew	[0.2,0.5)	non-cCRE	LOW_FREQ	CpG-CGI	127	127	168.984	317.063312	123	-64.22300001047553	351.7044847479057	4	41	24
K562_skew	[0.2,0.5)	non-cCRE	LOW_FREQ	CpG-nonCGI	16604	16604	37164.155	87774.085363	16424	-15687.51197818795	46296.8327661833	49	722	167
K562_skew	[0.2,0.5)	non-cCRE	LOW_FREQ	non-CpG-ti	89587	89587	14552.101	3420.453909	88637	-22558.637980892447	122975.53345154467	959	2960	741
K562_skew	[0.2,0.5)	non-cCRE	LOW_FREQ	non-CpG-tv	61029	61029	4815.199	888.853759	60193	-10171.645980073486	71482.74186269994	734	2006	580
K562_skew	[0.2,0.5)	non-cCRE	LOW_FREQ	unknown	182	0	0	0	135	-70.74999922141431	166.65359081367103	0	10	2
K562_skew	[0.2,0.5)	non-cCRE	RARE	CpG-CGI	376	376	510.931	984.711691	370	-215.38400059984986	1310.5013353667998	12	105	62
K562_skew	[0.2,0.5)	non-cCRE	RARE	CpG-nonCGI	49054	49054	110289.304	261142.103728	48530	-45358.80995686865	132052.52405307404	168	2026	422
K562_skew	[0.2,0.5)	non-cCRE	RARE	non-CpG-ti	213213	213213	35191.274	8454.100482	210831	-47455.61396939667	290220.567467914	2382	7243	1866
K562_skew	[0.2,0.5)	non-cCRE	RARE	non-CpG-tv	146219	146219	10233.922	1513.193278	144041	-20360.802948631586	173433.16628742975	1910	5165	1590
K562_skew	[0.2,0.5)	non-cCRE	RARE	unknown	409	0	0	0	291	-91.92899975879118	249.9277643060284	0	21	6
K562_skew	[0.2,0.5)	non-cCRE	SINGLETON	CpG-CGI	1440	1440	1003.138	1268.23066	1439	32.023001440567946	5148.250150915211	124	489	513
K562_skew	[0.2,0.5)	non-cCRE	SINGLETON	CpG-nonCGI	37443	37443	74228.331	157057.971333	37266	-30127.59496958043	91011.27156221168	213	1928	645
K562_skew	[0.2,0.5)	non-cCRE	SINGLETON	non-CpG-ti	1880842	1880842	282959.378	57603.125098000004	1865389	-217479.35059953708	2203810.526511457	24833	60800	17471
K562_skew	[0.2,0.5)	non-cCRE	SINGLETON	non-CpG-tv	1506794	1506794	87914.852	8777.108588	1490369	-92332.19658083237	1653510.6161826525	22321	50425	15383
K562_skew	[0.2,0.5)	non-cCRE	SINGLETON	unknown	1544	0	0	0	1298	-265.00300044240413	1029.2614196790523	3	88	16
K562_skew	[0.2,0.5)	non-cCRE	ULTRARARE	CpG-CGI	1700	1700	1888.623	3333.309881	1697	-436.0490023751045	6355.55621894105	119	523	445
K562_skew	[0.2,0.5)	non-cCRE	ULTRARARE	CpG-nonCGI	163538	163538	351421.256	794149.210796	162647	-145331.4238662305	429430.0809752416	684	6985	1822
K562_skew	[0.2,0.5)	non-cCRE	ULTRARARE	non-CpG-ti	1293600	1293600	213311.486	49918.920158	1280192	-229399.88277088568	1651197.6505524374	15544	42221	11613
K562_skew	[0.2,0.5)	non-cCRE	ULTRARARE	non-CpG-tv	884861	884861	57079.04	6892.556112	872863	-83557.34671802633	1000570.3466091882	12205	30134	9143
K562_skew	[0.2,0.5)	non-cCRE	ULTRARARE	unknown	1518	0	0	0	1179	-365.0719975380927	1379.2047941305	3	83	16
K562_skew	[0.2,0.5)	pELS	COMMON	CpG-CGI	103	103	64.513	71.366653	103	-15.366999864578263	386.0762001679512	8	47	55
K562_skew	[0.2,0.5)	pELS	COMMON	CpG-nonCGI	458	458	742.974	1430.750264	456	-432.5860000648537	1561.2668345086415	3	109	111
K562_skew	[0.2,0.5)	pELS	COMMON	non-CpG-ti	4439	4439	652.342	136.901502	4430	-1322.6700008799098	13087.775707040026	184	1361	954
K562_skew	[0.2,0.5)	pELS	COMMON	non-CpG-tv	2801	2801	186.406	25.248442	2792	-407.93400191690336	6353.839856060442	121	842	691
K562_skew	[0.2,0.5)	pELS	COMMON	unknown	7	0	0	0	7	-1.641000017523762	4.5325350460970375	0	1	0
K562_skew	[0.2,0.5)	pELS	LOW_FREQ	CpG-CGI	156	156	88.754	101.750886	156	17.889999600592994	413.932103980727	13	50	62
K562_skew	[0.2,0.5)	pELS	LOW_FREQ	CpG-nonCGI	649	649	1145.021	2341.608419	646	-561.1009992196924	2591.6502502084727	12	125	148
K562_skew	[0.2,0.5)	pELS	LOW_FREQ	non-CpG-ti	4653	4653	716.628	150.675516	4647	31.971999959088997	12463.533643319657	282	1132	1009
K562_skew	[0.2,0.5)	pELS	LOW_FREQ	non-CpG-tv	3411	3411	251.178	39.011946	3402	391.55600077775307	9562.544869154273	231	892	789
K562_skew	[0.2,0.5)	pELS	LOW_FREQ	unknown	10	0	0	0	9	-12.003000333905181	96.5777697406567	0	5	2
K562_skew	[0.2,0.5)	pELS	RARE	CpG-CGI	410	410	244.136	276.170462	409	52.6250004020985	2025.1655592382056	47	152	197
K562_skew	[0.2,0.5)	pELS	RARE	CpG-nonCGI	1823	1823	3188.2780000000002	6456.54805	1821	-1595.3430003448168	6570.255290165469	31	396	390
K562_skew	[0.2,0.5)	pELS	RARE	non-CpG-ti	11686	11686	1854.68	414.771844	11670	495.59199546207685	37718.98231591969	787	2847	2518
K562_skew	[0.2,0.5)	pELS	RARE	non-CpG-tv	8812	8812	642.706	96.148444	8784	1087.6780048875369	26482.493247000162	632	2397	2179
K562_skew	[0.2,0.5)	pELS	RARE	unknown	51	0	0	0	44	-23.179999969899615	89.75768188057481	0	15	7
K562_skew	[0.2,0.5)	pELS	SINGLETON	CpG-CGI	3141	3141	1461.89	1140.497374	3141	872.8470037162763	12705.766479247039	361	1222	1597
K562_skew	[0.2,0.5)	pELS	SINGLETON	CpG-nonCGI	3874	3874	4899.307	8324.913523	3872	-2118.4639936884637	13138.437430455386	141	1052	1056
K562_skew	[0.2,0.5)	pELS	SINGLETON	non-CpG-ti	111062	111062	16207.129	3090.957505	110978	20040.296001783932	326708.94624396134	8428	27164	23576
K562_skew	[0.2,0.5)	pELS	SINGLETON	non-CpG-tv	96047	96047	5981.899	634.744875	95945	24961.079025850522	289647.38215972704	7917	25478	22922
K562_skew	[0.2,0.5)	pELS	SINGLETON	unknown	112	0	0	0	110	-41.96500039938837	245.85784428946394	2	35	20
K562_skew	[0.2,0.5)	pELS	ULTRARARE	CpG-CGI	2641	2641	1439.829	1451.0321490000001	2640	446.94899680500356	11329.232515530606	303	1055	1271
K562_skew	[0.2,0.5)	pELS	ULTRARARE	CpG-nonCGI	8709	8709	14332.017	27770.780615	8690	-6525.383003878175	29129.4687614332	199	1945	1981
K562_skew	[0.2,0.5)	pELS	ULTRARARE	non-CpG-ti	74318	74318	11718.437	2511.307877	74234	9897.111987560174	226868.35673855525	5534	18374	15982
K562_skew	[0.2,0.5)	pELS	ULTRARARE	non-CpG-tv	57247	57247	3985.752	520.901068	57151	12219.374012392362	177866.3761933068	4594	15524	13950
K562_skew	[0.2,0.5)	pELS	ULTRARARE	unknown	162	0	0	0	154	-55.170000215992346	377.7066393731488	3	56	24
K562_skew	[0.5,1.0)	Other cCREs	COMMON	CpG-CGI	16	16	26.271	52.359333	14	-8.091999880969517	21.36908552294514	0	4	1
K562_skew	[0.5,1.0)	Other cCREs	COMMON	CpG-nonCGI	413	413	821.683	1828.150921	401	-375.45000093337137	1212.1549992202688	1	26	29
K562_skew	[0.5,1.0)	Other cCREs	COMMON	non-CpG-ti	2821	2821	398.737	78.623129	2806	-1699.5239977149772	6727.800586062702	30	143	202
K562_skew	[0.5,1.0)	Other cCREs	COMMON	non-CpG-tv	1564	1564	94.523	10.802268999999999	1550	-494.29200181318475	2702.363946673935	27	71	120
K562_skew	[0.5,1.0)	Other cCREs	COMMON	unknown	6	0	0	0	5	-5.282000049948685	12.363270209323176	0	0	0
K562_skew	[0.5,1.0)	Other cCREs	LOW_FREQ	CpG-CGI	18	18	35.813	76.818491	18	-11.707000039517878	41.92333500007637	1	2	0
K562_skew	[0.5,1.0)	Other cCREs	LOW_FREQ	CpG-nonCGI	531	531	1186.749	2813.029373	523	-447.59799953806225	1333.2016341688743	3	30	37
K562_skew	[0.5,1.0)	Other cCREs	LOW_FREQ	non-CpG-ti	2445	2445	381.17199999999997	83.383362	2435	-544.76200056565	3845.443917600207	47	96	147
K562_skew	[0.5,1.0)	Other cCREs	LOW_FREQ	non-CpG-tv	1600	1600	120.892	20.995324	1577	-181.08800044201777	2326.145344058107	24	63	114
K562_skew	[0.5,1.0)	Other cCREs	LOW_FREQ	unknown	12	0	0	0	9	-0.6259999722242404	2.2191698941457325	0	0	0
K562_skew	[0.5,1.0)	Other cCREs	RARE	CpG-CGI	41	41	80.796	181.334462	40	-13.057000108063223	112.88805467196933	1	4	0
K562_skew	[0.5,1.0)	Other cCREs	RARE	CpG-nonCGI	1566	1566	3482.167	8193.487183	1538	-1433.59299864201	4465.694468967533	4	77	121
K562_skew	[0.5,1.0)	Other cCREs	RARE	non-CpG-ti	5965	5965	955.33	212.487088	5930	-1242.8290003862937	10211.631463955857	125	210	369
K562_skew	[0.5,1.0)	Other cCREs	RARE	non-CpG-tv	3957	3957	266.462	36.350644	3904	-508.758001600043	5890.823427467703	77	168	274
K562_skew	[0.5,1.0)	Other cCREs	RARE	unknown	18	0	0	0	12	-8.187999986112107	16.45939777574134	0	3	0
K562_skew	[0.5,1.0)	Other cCREs	SINGLETON	CpG-CGI	85	85	121.196	229.215134	82	-53.489999867975726	257.69247691534906	2	14	2
K562_skew	[0.5,1.0)	Other cCREs	SINGLETON	CpG-nonCGI	1200	1200	2337.108	4921.873572	1190	-995.3039997842862	3477.077394501391	8	61	92
K562_skew	[0.5,1.0)	Other cCREs	SINGLETON	non-CpG-ti	55651	55651	8147.247	1558.719801	55413	-6046.879006851465	79172.64595844696	1137	2091	3714
K562_skew	[0.5,1.0)	Other cCREs	SINGLETON	non-CpG-tv	41220	41220	2382.194	228.321916	40903	-3036.751985504175	56707.726601482245	867	1619	2682
K562_skew	[0.5,1.0)	Other cCREs	SINGLETON	unknown	71	0	0	0	56	-13.704000025987623	35.791548025183815	0	3	1
K562_skew	[0.5,1.0)	Other cCREs	ULTRARARE	CpG-CGI	171	171	292.227	596.666873	171	-126.35799973458053	747.228651208401	5	31	5
K562_skew	[0.5,1.0)	Other cCREs	ULTRARARE	CpG-nonCGI	4845	4845	10229.766	22915.61894	4801	-4402.480998042156	14448.265189348092	33	229	379
K562_skew	[0.5,1.0)	Other cCREs	ULTRARARE	non-CpG-ti	37263	37263	5929.41	1277.808624	37078	-6556.094985170172	57802.09470456101	707	1375	2464
K562_skew	[0.5,1.0)	Other cCREs	ULTRARARE	non-CpG-tv	24312	24312	1553.034	183.545856	24049	-2003.9649980876122	33426.85149322114	496	1013	1580
K562_skew	[0.5,1.0)	Other cCREs	ULTRARARE	unknown	60	0	0	0	46	-6.082000076770782	17.47642989409688	0	5	3
K562_skew	[0.5,1.0)	PLS	COMMON	CpG-CGI	11	11	4.043	1.553543	11	-2.4199998825788507	11.567560075404653	0	10	6
K562_skew	[0.5,1.0)	PLS	COMMON	CpG-nonCGI	19	19	25.776	47.64919	19	-14.183000043034557	44.031023302139765	0	12	10
K562_skew	[0.5,1.0)	PLS	COMMON	non-CpG-ti	236	236	30.3	5.184072	236	-28.748000970343156	1033.8471168989267	23	103	91
K562_skew	[0.5,1.0)	PLS	COMMON	non-CpG-tv	217	217	16.268	2.158242	217	-26.429998402018082	833.0653263110297	18	94	75
K562_skew	[0.5,1.0)	PLS	COMMON	unknown	1	0	0	0	1	3.25	10.5625	1	0	0
K562_skew	[0.5,1.0)	PLS	LOW_FREQ	CpG-CGI	29	29	14.556	15.758066	29	-19.70600060373545	163.57222489899974	1	12	21
K562_skew	[0.5,1.0)	PLS	LOW_FREQ	CpG-nonCGI	23	23	31.639	54.547981	23	-0.665000028908249	81.25936092160393	2	7	8
K562_skew	[0.5,1.0)	PLS	LOW_FREQ	non-CpG-ti	288	288	39.791	6.766873	287	166.10600046976478	1934.5933652794504	54	102	103
K562_skew	[0.5,1.0)	PLS	LOW_FREQ	non-CpG-tv	260	260	21.217	3.067499	260	14.550000657327546	863.3021728770839	24	98	103
K562_skew	[0.5,1.0)	PLS	RARE	CpG-CGI	82	82	46.029	51.473623	82	30.36300002038476	322.63019664808814	12	37	50
K562_skew	[0.5,1.0)	PLS	RARE	CpG-nonCGI	78	78	115.908	226.405066	78	-44.24399990588427	296.9294016571667	6	21	32
K562_skew	[0.5,1.0)	PLS	RARE	non-CpG-ti	775	775	115.931	21.820941	775	382.63600236189103	6104.085085637984	130	281	307
K562_skew	[0.5,1.0)	PLS	RARE	non-CpG-tv	759	759	69.69200000000001	13.91067	757	351.39900033234153	4883.499997476245	118	301	357
K562_skew	[0.5,1.0)	PLS	RARE	unknown	4	0	0	0	4	3.283999949693679	4.155101869879243	0	0	1
K562_skew	[0.5,1.0)	PLS	SINGLETON	CpG-CGI	644	644	283.175	210.051903	644	539.1040010183351	4672.250047706022	147	235	398
K562_skew	[0.5,1.0)	PLS	SINGLETON	CpG-nonCGI	234	234	220.213	326.625599	234	54.5650003040209	1799.680765770223	31	81	108
K562_skew	[0.5,1.0)	PLS	SINGLETON	non-CpG-ti	6856	6856	982.117	174.775561	6851	5492.860998597813	47460.292611859266	1338	2492	2656
K562_skew	[0.5,1.0)	PLS	SINGLETON	non-CpG-tv	7636	7636	570.102	72.841352	7632	6390.300000531832	52716.4675105063	1516	2790	3435
K562_skew	[0.5,1.0)	PLS	SINGLETON	unknown	13	0	0	0	13	4.195000112056727	41.957346390548295	1	2	6
K562_skew	[0.5,1.0)	PLS	ULTRARARE	CpG-CGI	570	570	285.012	273.822436	570	394.80199914006533	3729.8414746908397	115	238	345
K562_skew	[0.5,1.0)	PLS	ULTRARARE	CpG-nonCGI	351	351	500.567	924.201043	351	-128.17199872329368	1603.829625927722	23	117	147
K562_skew	[0.5,1.0)	PLS	ULTRARARE	non-CpG-ti	4757	4757	728.489	140.963063	4755	3312.6169967779424	32525.994903665418	890	1707	1872
K562_skew	[0.5,1.0)	PLS	ULTRARARE	non-CpG-tv	4772	4772	401.746	64.0372	4766	3124.651999258555	32529.413409200293	885	1783	2193
K562_skew	[0.5,1.0)	PLS	ULTRARARE	unknown	26	0	0	0	26	-10.500999724492436	65.88899257230504	1	14	3
K562_skew	[0.5,1.0)	dELS	COMMON	CpG-CGI	36	36	47.385999999999996	88.523064	36	-25.754999369382887	88.66330593061497	0	9	9
K562_skew	[0.5,1.0)	dELS	COMMON	CpG-nonCGI	1163	1163	2123.726	4431.171778	1163	-1177.3929989029423	3898.9539037224517	10	134	272
K562_skew	[0.5,1.0)	dELS	COMMON	non-CpG-ti	7686	7686	1099.619	220.800753	7675	-3739.3050035681827	20246.4629088749	201	929	1508
K562_skew	[0.5,1.0)	dELS	COMMON	non-CpG-tv	4234	4234	255.445	31.452001	4225	-968.9549971652451	9277.498836593826	134	491	885
K562_skew	[0.5,1.0)	dELS	COMMON	unknown	5	0	0	0	4	-1.8010000362992244	3.4160611592724326	0	0	1
K562_skew	[0.5,1.0)	dELS	LOW_FREQ	CpG-CGI	41	41	56.821	102.819801	41	-15.736999725922944	203.1211958164608	2	5	13
K562_skew	[0.5,1.0)	dELS	LOW_FREQ	CpG-nonCGI	1449	1449	2968.881	6564.304993	1447	-1375.385000892682	5322.017097401556	17	144	319
K562_skew	[0.5,1.0)	dELS	LOW_FREQ	non-CpG-ti	7404	7404	1146.951	248.694633	7394	-1047.5540002996568	16026.759308217377	282	647	1316
K562_skew	[0.5,1.0)	dELS	LOW_FREQ	non-CpG-tv	4778	4778	329.136	48.740376	4770	-143.00200525566495	11004.460296443967	216	486	904
K562_skew	[0.5,1.0)	dELS	LOW_FREQ	unknown	8	0	0	0	7	-0.21999999880790666	0.4401239787617929	0	0	1
K562_skew	[0.5,1.0)	dELS	RARE	CpG-CGI	122	122	188.14600000000002	379.214564	122	-83.40800024569033	505.35714443590916	6	26	34
K562_skew	[0.5,1.0)	dELS	RARE	CpG-nonCGI	4323	4323	8753.189	19215.095697	4316	-4043.219000362094	16156.583774500266	71	435	1008
K562_skew	[0.5,1.0)	dELS	RARE	non-CpG-ti	18032	18032	2818.478	618.626248	18007	-1896.7280016692825	42393.056987533426	784	1592	3114
K562_skew	[0.5,1.0)	dELS	RARE	non-CpG-tv	11647	11647	769.555	109.410171	11621	-38.86700426822049	28399.181951320672	576	1075	2211
K562_skew	[0.5,1.0)	dELS	RARE	unknown	14	0	0	0	14	0.8529999256134014	3.3930490944335503	0	0	3
K562_skew	[0.5,1.0)	dELS	SINGLETON	CpG-CGI	420	420	323.495	441.162815	420	-70.94399793678899	1699.2767755839225	35	87	192
K562_skew	[0.5,1.0)	dELS	SINGLETON	CpG-nonCGI	4262	4262	7605.637	15157.345649	4255	-3408.789998585824	15122.005754005564	102	441	1073
K562_skew	[0.5,1.0)	dELS	SINGLETON	non-CpG-ti	174944	174944	25225.158	4777.552426	174688	-1743.7439992146094	412969.0067211825	8577	15434	30842
K562_skew	[0.5,1.0)	dELS	SINGLETON	non-CpG-tv	129323	129323	7233.739	673.897721	129088	10773.261018305671	301800.26400734764	6860	12204	23809
K562_skew	[0.5,1.0)	dELS	SINGLETON	unknown	90	0	0	0	86	-16.881999982404533	54.44354611630728	0	4	10
K562_skew	[0.5,1.0)	dELS	ULTRARARE	CpG-CGI	624	624	820.524	1539.890072	622	-338.5659992517904	2426.798822435254	32	128	203
K562_skew	[0.5,1.0)	dELS	ULTRARARE	CpG-nonCGI	16947	16947	33362.49	71194.939772	16918	-15123.401984950871	65028.03265266472	359	1842	3945
K562_skew	[0.5,1.0)	dELS	ULTRARARE	non-CpG-ti	115525	115525	17990.554	3825.335106	115355	-8137.229980850594	282483.62737421424	5385	10189	20187
K562_skew	[0.5,1.0)	dELS	ULTRARARE	non-CpG-tv	73715	73715	4542.601	510.373303	73580	3292.306004917599	174238.3132542182	3738	7077	13901
K562_skew	[0.5,1.0)	dELS	ULTRARARE	unknown	66	0	0	0	63	-18.188999973237504	60.015297036266205	0	2	5
K562_skew	[0.5,1.0)	non-cCRE	COMMON	CpG-CGI	22	22	25.845	45.268149	22	-15.05099971219896	64.27676980883756	1	7	7
K562_skew	[0.5,1.0)	non-cCRE	COMMON	CpG-nonCGI	2546	2546	5173.421	11647.042841	2522	-2333.0339991684305	6566.594002347836	9	138	31
K562_skew	[0.5,1.0)	non-cCRE	COMMON	non-CpG-ti	18732	18732	2674.047	531.236683	18599	-12539.932003711352	42288.57668412308	146	950	196
K562_skew	[0.5,1.0)	non-cCRE	COMMON	non-CpG-tv	10120	10120	700.559	111.000701	10032	-3808.54499507358	15337.59511321273	88	503	119
K562_skew	[0.5,1.0)	non-cCRE	COMMON	unknown	29	0	0	0	26	-20.169999584555626	67.45360995125043	0	1	0
K562_skew	[0.5,1.0)	non-cCRE	LOW_FREQ	CpG-CGI	30	30	48.619	100.602745	29	-18.63699970394372	81.76069735510748	1	7	7
K562_skew	[0.5,1.0)	non-cCRE	LOW_FREQ	CpG-nonCGI	3249	3249	7245.227	17077.866919	3204	-2935.6829993284773	8736.425307772466	13	148	45
K562_skew	[0.5,1.0)	non-cCRE	LOW_FREQ	non-CpG-ti	17766	17766	2721.577	569.783315	17614	-5539.830993412644	26875.542773760826	175	701	189
K562_skew	[0.5,1.0)	non-cCRE	LOW_FREQ	non-CpG-tv	12855	12855	1407.039	365.237277	12716	-2663.0729987440855	15345.367442096247	117	486	144
K562_skew	[0.5,1.0)	non-cCRE	LOW_FREQ	unknown	38	0	0	0	29	-14.293999828398228	57.92445741028026	0	2	1
K562_skew	[0.5,1.0)	non-cCRE	RARE	CpG-CGI	92	92	126.73	252.180906	91	-40.12099987827244	214.18280723329326	3	25	17
K562_skew	[0.5,1.0)	non-cCRE	RARE	CpG-nonCGI	9496	9496	21209.177	50081.983577	9375	-8435.723992857618	24992.45784187638	43	431	125
K562_skew	[0.5,1.0)	non-cCRE	RARE	non-CpG-ti	42776	42776	6603.959	1403.100567	42384	-11122.288992544403	59716.35369447905	453	1692	487
K562_skew	[0.5,1.0)	non-cCRE	RARE	non-CpG-tv	29108	29108	2308.827	418.739977	28708	-4983.63999350893	35893.57934800065	360	1248	427
K562_skew	[0.5,1.0)	non-cCRE	RARE	unknown	102	0	0	0	80	-31.505999982357036	94.46537779670072	0	2	1
K562_skew	[0.5,1.0)	non-cCRE	SINGLETON	CpG-CGI	434	434	296.391	383.861655	431	131.07899936346803	1581.4581072887815	47	123	175
K562_skew	[0.5,1.0)	non-cCRE	SINGLETON	CpG-nonCGI	7387	7387	14403.545	30269.801003	7361	-5753.202998157124	17611.55970049907	41	402	168
K562_skew	[0.5,1.0)	non-cCRE	SINGLETON	non-CpG-ti	371166	371166	53746.671	10179.402901	368536	-50228.49992124051	447243.826061433	4682	13844	4575
K562_skew	[0.5,1.0)	non-cCRE	SINGLETON	non-CpG-tv	285769	285769	16922.587	1721.5481849999999	283075	-23532.220880073044	322171.172575705	3928	11542	4093
K562_skew	[0.5,1.0)	non-cCRE	SINGLETON	unknown	399	0	0	0	330	-75.6740002371371	247.91809229289024	0	26	1
K562_skew	[0.5,1.0)	non-cCRE	ULTRARARE	CpG-CGI	472	472	502.505	888.423045	471	-1.502998507348741	1496.965045820062	36	143	127
K562_skew	[0.5,1.0)	non-cCRE	ULTRARARE	CpG-nonCGI	31124	31124	66220.74	148924.326444	30950	-27365.427985950733	83591.32908047248	155	1546	497
K562_skew	[0.5,1.0)	non-cCRE	ULTRARARE	non-CpG-ti	256049	256049	39938.252	8495.35	253909	-50031.55995791395	334236.31293158745	2965	9752	3019
K562_skew	[0.5,1.0)	non-cCRE	ULTRARARE	non-CpG-tv	170877	170877	11288.643	1408.957199	168905	-20203.84994576837	199614.03835995693	2244	7169	2491
K562_skew	[0.5,1.0)	non-cCRE	ULTRARARE	unknown	338	0	0	0	270	-84.70999985362866	397.21054966590697	1	18	3
K562_skew	[0.5,1.0)	pELS	COMMON	CpG-CGI	29	29	19.635	25.440815	29	-1.9640001971274619	41.20492682634578	1	13	11
K562_skew	[0.5,1.0)	pELS	COMMON	CpG-nonCGI	123	123	190.593	364.473183	123	-135.87300052214408	512.6103916020837	0	31	30
K562_skew	[0.5,1.0)	pELS	COMMON	non-CpG-ti	1147	1147	161.743	33.166517	1144	-431.14799959934317	3769.4884909272064	44	332	265
K562_skew	[0.5,1.0)	pELS	COMMON	non-CpG-tv	742	742	50.73	6.61646	738	-97.16500092088253	1836.1264009616045	40	228	216
K562_skew	[0.5,1.0)	pELS	COMMON	unknown	3	0	0	0	3	-0.11400000751018499	0.1541160002317427	0	0	0
K562_skew	[0.5,1.0)	pELS	LOW_FREQ	CpG-CGI	35	35	23.699	32.180158999999996	35	19.981999505544074	181.84712006859604	5	12	15
K562_skew	[0.5,1.0)	pELS	LOW_FREQ	CpG-nonCGI	187	187	317.827	631.426967	185	-179.7900003249524	667.3279308457479	2	42	35
K562_skew	[0.5,1.0)	pELS	LOW_FREQ	non-CpG-ti	1203	1203	183.504	38.47526	1202	51.88700008834706	4139.648769041447	75	306	276
K562_skew	[0.5,1.0)	pELS	LOW_FREQ	non-CpG-tv	856	856	64.202	9.097802	848	99.54099889006473	2095.6529626537854	59	235	222
K562_skew	[0.5,1.0)	pELS	LOW_FREQ	unknown	1	0	0	0	1	-4.05600023269653	16.4511378876343	0	1	0
K562_skew	[0.5,1.0)	pELS	RARE	CpG-CGI	127	127	69.74	80.33439800000001	127	36.34799971245225	512.3600033646495	18	52	63
K562_skew	[0.5,1.0)	pELS	RARE	CpG-nonCGI	525	525	932.474	1907.826508	523	-395.39599962253146	1768.1583862240632	13	121	132
K562_skew	[0.5,1.0)	pELS	RARE	non-CpG-ti	3033	3033	459.088	93.619598	3028	231.33799881965405	10490.026948375657	225	760	745
K562_skew	[0.5,1.0)	pELS	RARE	non-CpG-tv	2459	2459	192.171	31.405225	2452	438.23199958156334	8127.960830760063	207	715	733
K562_skew	[0.5,1.0)	pELS	RARE	unknown	7	0	0	0	6	-4.049999970942734	11.73739379758513	0	4	1
K562_skew	[0.5,1.0)	pELS	SINGLETON	CpG-CGI	910	910	417.73	324.927946	909	525.6139992639656	4540.068042449237	140	361	474
K562_skew	[0.5,1.0)	pELS	SINGLETON	CpG-nonCGI	966	966	1182.222	1990.105498	966	-535.7520022038373	3030.3090595797844	32	264	270
K562_skew	[0.5,1.0)	pELS	SINGLETON	non-CpG-ti	29280	29280	4174.112	761.501256	29255	7217.090014483081	97626.98920017568	2519	7561	6842
K562_skew	[0.5,1.0)	pELS	SINGLETON	non-CpG-tv	25989	25989	1713.17	199.933274	25955	8050.8979792486625	90297.43754689104	2515	7326	7133
K562_skew	[0.5,1.0)	pELS	SINGLETON	unknown	34	0	0	0	32	10.923999633640058	90.80417149684163	1	8	6
K562_skew	[0.5,1.0)	pELS	ULTRARARE	CpG-CGI	739	739	389.091	387.353301	738	355.26500136079267	3238.4131100788045	105	305	365
K562_skew	[0.5,1.0)	pELS	ULTRARARE	CpG-nonCGI	2216	2216	3623.782	7088.813092	2211	-1618.2530022721037	7934.703170486628	61	542	571
K562_skew	[0.5,1.0)	pELS	ULTRARARE	non-CpG-ti	19288	19288	2918.0119999999997	580.112942	19266	3738.833999229245	63598.909423129866	1640	4929	4559
K562_skew	[0.5,1.0)	pELS	ULTRARARE	non-CpG-tv	15515	15515	1148.892	165.163808	15496	4221.926002386029	55523.31635389112	1445	4483	4362
K562_skew	[0.5,1.0)	pELS	ULTRARARE	unknown	64	0	0	0	61	-31.499000033363746	257.64450601268106	3	21	7
K562_skew	[1.0,1.5)	Other cCREs	COMMON	CpG-CGI	2	2	3.9219999999999997	8.09066	2	5.9780001640319895	64.17893167812348	1	0	0
K562_skew	[1.0,1.5)	Other cCREs	COMMON	CpG-nonCGI	90	90	190.423	436.417117	88	-93.11700070183717	267.0871016027978	1	7	13
K562_skew	[1.0,1.5)	Other cCREs	COMMON	non-CpG-ti	566	566	76.603	13.247313	566	-363.57799974549573	1395.4449655794224	5	23	62
K562_skew	[1.0,1.5)	Other cCREs	COMMON	non-CpG-tv	320	320	18.809	2.159299	319	-119.43899940513074	563.6745958262026	4	15	36
K562_skew	[1.0,1.5)	Other cCREs	COMMON	unknown	4	0	0	0	3	0.319000005722046	0.101761003650665	0	0	0
K562_skew	[1.0,1.5)	Other cCREs	LOW_FREQ	CpG-CGI	2	2	3.101	6.278713	2	0.2589999977499249	0.0735849988394976	0	0	0
K562_skew	[1.0,1.5)	Other cCREs	LOW_FREQ	CpG-nonCGI	126	126	291.66	701.826418	126	-109.5649999203161	272.3997522599649	0	4	9
K562_skew	[1.0,1.5)	Other cCREs	LOW_FREQ	non-CpG-ti	504	504	76.763	15.919473	503	-150.6010010977043	877.1613812612142	6	26	37
K562_skew	[1.0,1.5)	Other cCREs	LOW_FREQ	non-CpG-tv	306	306	18.529	1.8022850000000001	299	-29.359999569947846	314.7506702627753	5	14	25
K562_skew	[1.0,1.5)	Other cCREs	RARE	CpG-CGI	7	7	13.29	27.411548	7	-5.952000029385091	12.369130050147772	0	0	1
K562_skew	[1.0,1.5)	Other cCREs	RARE	CpG-nonCGI	327	327	733.238	1738.036004	327	-300.4169990923256	824.9478319602842	2	17	20
K562_skew	[1.0,1.5)	Other cCREs	RARE	non-CpG-ti	1172	1172	178.343	35.166851	1165	-297.5490010643844	1471.825675072697	11	55	93
K562_skew	[1.0,1.5)	Other cCREs	RARE	non-CpG-tv	718	718	46.81	6.15513	709	-115.19400033657433	1220.692447256126	12	33	47
K562_skew	[1.0,1.5)	Other cCREs	RARE	unknown	1	0	0	0	0	0	0	0	0	0
K562_skew	[1.0,1.5)	Other cCREs	SINGLETON	CpG-CGI	20	20	28.589	50.149059	20	-20.273999840021133	124.98266247500133	1	3	1
K562_skew	[1.0,1.5)	Other cCREs	SINGLETON	CpG-nonCGI	244	244	475.547	1008.495663	244	-172.2820004167734	609.8385745169633	2	15	22
K562_skew	[1.0,1.5)	Other cCREs	SINGLETON	non-CpG-ti	10159	10159	1431.327	255.854987	10113	-1178.2419978606054	14552.901443259927	204	402	687
K562_skew	[1.0,1.5)	Other cCREs	SINGLETON	non-CpG-tv	7501	7501	441.912	43.203126	7441	-805.8239955370083	10202.880345856298	149	300	553
K562_skew	[1.0,1.5)	Other cCREs	SINGLETON	unknown	5	0	0	0	5	0.1809999980032448	0.0269450000080467	0	1	1
K562_skew	[1.0,1.5)	Other cCREs	ULTRARARE	CpG-CGI	42	42	77.76	167.685068	42	-27.91900024935603	190.6155943143542	1	5	1
K562_skew	[1.0,1.5)	Other cCREs	ULTRARARE	CpG-nonCGI	1013	1013	2170.233	4924.684621	1006	-966.3740021004342	3279.5695490830453	6	53	75
K562_skew	[1.0,1.5)	Other cCREs	ULTRARARE	non-CpG-ti	6885	6885	1040.012	207.785336	6848	-1142.6369988730871	9795.080343159103	115	260	500
K562_skew	[1.0,1.5)	Other cCREs	ULTRARARE	non-CpG-tv	4502	4502	286.723	30.503423	4456	-666.9439956756544	6271.049976988332	68	201	331
K562_skew	[1.0,1.5)	Other cCREs	ULTRARARE	unknown	11	0	0	0	7	-0.634000033140179	2.1155560564490554	0	1	1
K562_skew	[1.0,1.5)	PLS	COMMON	CpG-nonCGI	6	6	10.008	20.490616	6	-8.693000040948379	22.364203547069536	0	2	1
K562_skew	[1.0,1.5)	PLS	COMMON	non-CpG-ti	46	46	5.746	0.886008	46	13.206000559031974	190.7481169216704	4	19	17
K562_skew	[1.0,1.5)	PLS	COMMON	non-CpG-tv	34	34	2.671	0.308799	34	2.564000187441701	78.36905512475028	5	17	17
K562_skew	[1.0,1.5)	PLS	LOW_FREQ	CpG-CGI	2	2	1.4500000000000002	1.2625	2	0.756000041961666	1.834568014938357	0	1	1
K562_skew	[1.0,1.5)	PLS	LOW_FREQ	CpG-nonCGI	5	5	7.0569999999999995	13.621898999999999	5	-6.9160000681877065	23.886242124898878	0	2	2
K562_skew	[1.0,1.5)	PLS	LOW_FREQ	non-CpG-ti	50	50	6.488	1.041498	50	46.75299998745322	442.87015325995617	13	9	17
K562_skew	[1.0,1.5)	PLS	LOW_FREQ	non-CpG-tv	49	49	4.225	0.774767	49	8.708001125603923	247.99672113735826	8	21	18
K562_skew	[1.0,1.5)	PLS	RARE	CpG-CGI	13	13	6.451	6.785601	13	6.149999916553502	39.540315960317464	1	5	4
K562_skew	[1.0,1.5)	PLS	RARE	CpG-nonCGI	18	18	30.674	61.286374	18	-30.598000172525666	187.6906694936209	0	5	9
K562_skew	[1.0,1.5)	PLS	RARE	non-CpG-ti	153	153	20.881	3.4338130000000002	153	5.334000928327372	836.9112963842479	14	54	63
K562_skew	[1.0,1.5)	PLS	RARE	non-CpG-tv	146	146	14.172	3.210616	146	100.700999696739	749.2956957654659	23	53	63
K562_skew	[1.0,1.5)	PLS	RARE	unknown	2	0	0	0	2	-3.72399991750717	10.7208394579029	0	2	0
K562_skew	[1.0,1.5)	PLS	SINGLETON	CpG-CGI	107	107	48.382	39.519108	107	105.06600000429897	712.3330839698879	27	43	72
K562_skew	[1.0,1.5)	PLS	SINGLETON	CpG-nonCGI	44	44	48.498000000000005	76.009156	44	9.165999710559802	215.1666275325304	5	17	23
K562_skew	[1.0,1.5)	PLS	SINGLETON	non-CpG-ti	1221	1221	173.43	30.066954	1221	950.9220011763973	8124.732943227716	242	422	442
K562_skew	[1.0,1.5)	PLS	SINGLETON	non-CpG-tv	1540	1540	127.579	18.632419	1539	1507.7310021101728	11336.736026630591	336	538	675
K562_skew	[1.0,1.5)	PLS	SINGLETON	unknown	3	0	0	0	3	-2.6320000141859077	5.955926066248656	0	2	0
K562_skew	[1.0,1.5)	PLS	ULTRARARE	CpG-CGI	93	93	53.252	58.878994	93	22.194000419229255	550.7717716370148	15	36	56
K562_skew	[1.0,1.5)	PLS	ULTRARARE	CpG-nonCGI	71	71	106.234	197.55467	71	-37.94099988415838	522.6418600715169	3	23	22
K562_skew	[1.0,1.5)	PLS	ULTRARARE	non-CpG-ti	872	872	127.712	23.185696	871	726.5079978132854	7004.952162716182	182	299	327
K562_skew	[1.0,1.5)	PLS	ULTRARARE	non-CpG-tv	900	900	86.972	14.689544	898	665.0470007215627	5359.074376562233	163	339	389
K562_skew	[1.0,1.5)	PLS	ULTRARARE	unknown	6	0	0	0	6	1.828000009059906	2.139034021297457	0	3	1
K562_skew	[1.0,1.5)	dELS	COMMON	CpG-CGI	8	8	11.336	22.004568	8	-13.966999985277656	40.87137800203678	0	2	4
K562_skew	[1.0,1.5)	dELS	COMMON	CpG-nonCGI	277	277	519.768	1105.302842	277	-257.58199888013763	787.9015489701103	3	29	70
K562_skew	[1.0,1.5)	dELS	COMMON	non-CpG-ti	1639	1639	218.21699999999998	37.674063	1635	-734.7379999270197	4203.088062040005	44	196	394
K562_skew	[1.0,1.5)	dELS	COMMON	non-CpG-tv	834	834	49.505	5.506913	832	-228.2319985133363	1981.8790703733514	29	94	200
K562_skew	[1.0,1.5)	dELS	COMMON	unknown	4	0	0	0	4	-3.465000033378601	3.3008950916338007	0	1	1
K562_skew	[1.0,1.5)	dELS	LOW_FREQ	CpG-CGI	12	12	22.823999999999998	53.952582	12	-8.790000107022928	31.28400551463368	0	2	2
K562_skew	[1.0,1.5)	dELS	LOW_FREQ	CpG-nonCGI	342	342	698.267	1547.377999	341	-350.29099852801284	1168.9535362312938	1	38	81
K562_skew	[1.0,1.5)	dELS	LOW_FREQ	non-CpG-ti	1395	1395	198.744	37.307134	1394	-217.50999759859408	3323.9613169561007	59	120	255
K562_skew	[1.0,1.5)	dELS	LOW_FREQ	non-CpG-tv	887	887	58.821	8.157773	884	46.10899851925201	2242.553138806553	61	83	191
K562_skew	[1.0,1.5)	dELS	RARE	CpG-CGI	30	30	45.573	91.951571	30	-29.8280003592372	161.28046050427207	1	3	6
K562_skew	[1.0,1.5)	dELS	RARE	CpG-nonCGI	967	967	1973.637	4311.676783	965	-938.5110010146165	3926.220339583568	16	97	261
K562_skew	[1.0,1.5)	dELS	RARE	non-CpG-ti	3551	3551	524.751	102.54961899999999	3539	-579.8740021915875	8007.8898853809515	127	315	682
K562_skew	[1.0,1.5)	dELS	RARE	non-CpG-tv	2337	2337	155.021	20.652713	2334	61.99199932976621	6500.325784418142	124	235	497
K562_skew	[1.0,1.5)	dELS	RARE	unknown	3	0	0	0	3	0	0	0	0	1
K562_skew	[1.0,1.5)	dELS	SINGLETON	CpG-CGI	103	103	85.505	124.860161	103	38.85700117121451	698.7448399658701	17	21	45
K562_skew	[1.0,1.5)	dELS	SINGLETON	CpG-nonCGI	946	946	1737.149	3526.720269	946	-827.1740002952283	3628.3289496478587	22	102	237
K562_skew	[1.0,1.5)	dELS	SINGLETON	non-CpG-ti	33899	33899	4661.863	808.2798730000001	33858	-759.4890019693408	78980.7876541337	1639	3071	5946
K562_skew	[1.0,1.5)	dELS	SINGLETON	non-CpG-tv	25298	25298	1436.079	134.734351	25251	2004.7480009746496	59516.94276538951	1388	2439	5140
K562_skew	[1.0,1.5)	dELS	SINGLETON	unknown	14	0	0	0	14	-4.882000029087055	13.83531617580319	0	3	1
K562_skew	[1.0,1.5)	dELS	ULTRARARE	CpG-CGI	168	168	223.725	414.645327	168	-59.62999979685994	615.9059577457475	14	33	52
K562_skew	[1.0,1.5)	dELS	ULTRARARE	CpG-nonCGI	3750	3750	7433.315	15925.309229	3749	-3317.730996205937	14387.263506671368	85	424	978
K562_skew	[1.0,1.5)	dELS	ULTRARARE	non-CpG-ti	22424	22424	3291.627	631.103427	22396	-1176.1169976813248	51142.18606912043	1087	2066	4005
K562_skew	[1.0,1.5)	dELS	ULTRARARE	non-CpG-tv	14580	14580	914.708	103.630562	14541	444.47700144257396	34149.835102313744	754	1447	2874
K562_skew	[1.0,1.5)	dELS	ULTRARARE	unknown	8	0	0	0	8	-1.451000049710274	5.113191015436886	0	0	2
K562_skew	[1.0,1.5)	non-cCRE	COMMON	CpG-nonCGI	310	310	627.263	1413.953491	309	-326.6060005258769	940.6006220612244	2	19	9
K562_skew	[1.0,1.5)	non-cCRE	COMMON	non-CpG-ti	3379	3379	447.498	78.394464	3359	-2740.471000907828	8627.09363077414	17	173	45
K562_skew	[1.0,1.5)	non-cCRE	COMMON	non-CpG-tv	1629	1629	107.14	12.794492	1614	-689.8650011830034	2388.0992427046053	8	87	31
K562_skew	[1.0,1.5)	non-cCRE	COMMON	unknown	9	0	0	0	7	-5.654000014066699	13.00828619189406	0	1	0
K562_skew	[1.0,1.5)	non-cCRE	LOW_FREQ	CpG-CGI	4	4	5.572	9.460606	4	-5.441000118851662	13.60570579905636	0	0	1
K562_skew	[1.0,1.5)	non-cCRE	LOW_FREQ	CpG-nonCGI	473	473	1047.558	2449.409262	467	-526.0420016539283	1837.23857658966	1	26	15
K562_skew	[1.0,1.5)	non-cCRE	LOW_FREQ	non-CpG-ti	3101	3101	450.487	90.861135	3077	-1109.1489985185908	4519.728508051644	15	143	46
K562_skew	[1.0,1.5)	non-cCRE	LOW_FREQ	non-CpG-tv	1829	1829	125.332	16.141212	1808	-438.52499845426087	2298.188260614335	15	79	28
K562_skew	[1.0,1.5)	non-cCRE	LOW_FREQ	unknown	7	0	0	0	6	-0.07899984344839905	7.731799260097218	0	0	0
K562_skew	[1.0,1.5)	non-cCRE	RARE	CpG-CGI	18	18	24.289	47.879767	18	-3.808999799191957	38.86934099752275	1	6	6
K562_skew	[1.0,1.5)	non-cCRE	RARE	CpG-nonCGI	1310	1310	2950.3	6973.961522	1298	-1335.166000958532	3827.691301138302	5	64	26
K562_skew	[1.0,1.5)	non-cCRE	RARE	non-CpG-ti	7564	7564	1110.007	216.47012900000001	7493	-2496.520002836479	11492.328380975589	66	313	103
K562_skew	[1.0,1.5)	non-cCRE	RARE	non-CpG-tv	4832	4832	325.734	40.551936	4761	-849.0669973341285	5948.8582193781585	54	229	91
K562_skew	[1.0,1.5)	non-cCRE	RARE	unknown	11	0	0	0	7	-3.1889999210834494	15.13501444034341	0	0	0
K562_skew	[1.0,1.5)	non-cCRE	SINGLETON	CpG-CGI	86	86	47.892	54.031166	86	39.08999916911126	525.8761242295461	14	36	23
K562_skew	[1.0,1.5)	non-cCRE	SINGLETON	CpG-nonCGI	1019	1019	1971.411	4150.265757	1017	-802.9670008410465	2490.2496740899237	6	75	44
K562_skew	[1.0,1.5)	non-cCRE	SINGLETON	non-CpG-ti	63652	63652	8892.236	1568.770332	63202	-10472.298996353758	79755.8016581398	749	2536	819
K562_skew	[1.0,1.5)	non-cCRE	SINGLETON	non-CpG-tv	48275	48275	2899.32	280.232232	47879	-4319.219976854863	55182.58572498884	677	2203	854
K562_skew	[1.0,1.5)	non-cCRE	SINGLETON	unknown	65	0	0	0	53	-14.65600010752679	50.75964164601334	0	7	0
K562_skew	[1.0,1.5)	non-cCRE	ULTRARARE	CpG-CGI	117	117	128.953	227.505305	117	-31.61999990791088	595.5179346224661	9	30	38
K562_skew	[1.0,1.5)	non-cCRE	ULTRARARE	CpG-nonCGI	4208	4208	9059.039999999999	20536.63522	4186	-3723.5529955442753	12137.137400567743	25	245	88
K562_skew	[1.0,1.5)	non-cCRE	ULTRARARE	non-CpG-ti	43893	43893	6491.172	1270.0061	43561	-9656.286993652118	58658.3155179166	468	1793	524
K562_skew	[1.0,1.5)	non-cCRE	ULTRARARE	non-CpG-tv	28826	28826	1897.488	212.518758	28534	-4015.3989836894903	33498.055315587335	345	1369	517
K562_skew	[1.0,1.5)	non-cCRE	ULTRARARE	unknown	51	0	0	0	38	-14.981999881565578	90.62737536150019	1	5	1
K562_skew	[1.0,1.5)	pELS	COMMON	CpG-CGI	5	5	2.055	1.141993	5	10.658000111579895	76.86108774730116	2	1	2
K562_skew	[1.0,1.5)	pELS	COMMON	CpG-nonCGI	37	37	62.847	133.005233	37	-43.19899962097409	172.61848666025386	0	11	13
K562_skew	[1.0,1.5)	pELS	COMMON	non-CpG-ti	235	235	32.336	6.139766	235	-78.15299987979245	657.6252769571863	13	67	65
K562_skew	[1.0,1.5)	pELS	COMMON	non-CpG-tv	158	158	10.724	1.199324	157	-12.41800051997416	432.5146548072167	6	52	50
K562_skew	[1.0,1.5)	pELS	COMMON	unknown	1	0	0	0	1	-1.20099997520447	1.44240094044113	0	1	0
K562_skew	[1.0,1.5)	pELS	LOW_FREQ	CpG-CGI	5	5	1.442	0.450638	5	-0.8449999652802987	2.0624549678173674	0	1	3
K562_skew	[1.0,1.5)	pELS	LOW_FREQ	CpG-nonCGI	37	37	61.56	122.98371999999999	37	-26.652999861165895	111.6728542108616	0	8	10
K562_skew	[1.0,1.5)	pELS	LOW_FREQ	non-CpG-ti	251	251	33.992	5.880266	251	-12.072000341722712	501.34953568005295	10	57	49
K562_skew	[1.0,1.5)	pELS	LOW_FREQ	non-CpG-tv	184	184	14.791	2.449215	184	5.117998735513559	645.2589363331377	14	59	56
K562_skew	[1.0,1.5)	pELS	RARE	CpG-CGI	24	24	19.695	31.738271	24	-2.0960002765059476	149.9306140054649	2	11	13
K562_skew	[1.0,1.5)	pELS	RARE	CpG-nonCGI	119	119	215.77	452.90419199999997	119	-110.95399992377506	366.3386054443776	2	23	27
K562_skew	[1.0,1.5)	pELS	RARE	non-CpG-ti	589	589	84.273	15.818889	589	63.310999928973594	1678.7997257842037	42	146	156
K562_skew	[1.0,1.5)	pELS	RARE	non-CpG-tv	493	493	39.814	6.018092	492	121.10699886153455	1411.7367750820154	42	140	148
K562_skew	[1.0,1.5)	pELS	RARE	unknown	3	0	0	0	2	1.343999981880188	0.9260659727897651	0	1	0
K562_skew	[1.0,1.5)	pELS	SINGLETON	CpG-CGI	218	218	83.137	49.379706999999996	218	153.97699933964756	866.2335412542936	34	94	115
K562_skew	[1.0,1.5)	pELS	SINGLETON	CpG-nonCGI	158	158	180.43800000000002	300.916448	158	-53.15599919715897	559.2510140677471	7	46	54
K562_skew	[1.0,1.5)	pELS	SINGLETON	non-CpG-ti	5767	5767	794.383	135.570091	5760	1182.5869965739557	18622.734320158776	489	1503	1341
K562_skew	[1.0,1.5)	pELS	SINGLETON	non-CpG-tv	5394	5394	386.567	49.039045	5389	1743.8670042955787	18714.024706782955	542	1487	1602
K562_skew	[1.0,1.5)	pELS	SINGLETON	unknown	8	0	0	0	8	-5.114000156521797	19.741342905081993	0	5	2
K562_skew	[1.0,1.5)	pELS	ULTRARARE	CpG-CGI	175	175	75.433	60.321222999999996	175	120.939000993967	1041.9445738061997	26	74	107
K562_skew	[1.0,1.5)	pELS	ULTRARARE	CpG-nonCGI	472	472	808.358	1603.078188	472	-324.1649997304195	2185.3201455587114	19	101	131
K562_skew	[1.0,1.5)	pELS	ULTRARARE	non-CpG-ti	3741	3741	543.625	102.113373	3737	451.845003095572	11866.664770101166	300	988	898
K562_skew	[1.0,1.5)	pELS	ULTRARARE	non-CpG-tv	3369	3369	274.802	40.725818	3364	932.851997402962	12063.0273380031	321	990	1023
K562_skew	[1.0,1.5)	pELS	ULTRARARE	unknown	16	0	0	0	15	-14.794999875128262	63.336324393662885	0	8	2
K562_skew	[1.5,Inf)	Other cCREs	COMMON	CpG-nonCGI	20	20	39.901	88.186263	20	-25.97799955308438	86.49578018217731	0	1	8
K562_skew	[1.5,Inf)	Other cCREs	COMMON	non-CpG-ti	243	243	30.094	4.799578	242	-219.16899896983526	913.6620278508545	3	16	31
K562_skew	[1.5,Inf)	Other cCREs	COMMON	non-CpG-tv	113	113	7.015	0.755303	112	-58.38700053573126	195.46832311666856	1	12	12
K562_skew	[1.5,Inf)	Other cCREs	LOW_FREQ	CpG-nonCGI	38	38	87.258	210.472228	38	-29.536000087857243	78.9256852721278	1	1	2
K562_skew	[1.5,Inf)	Other cCREs	LOW_FREQ	non-CpG-ti	165	165	22.43	4.0171	165	-45.34999945666643	207.52490148600344	2	7	12
K562_skew	[1.5,Inf)	Other cCREs	LOW_FREQ	non-CpG-tv	83	83	4.801	0.394109	83	-1.1680001160129825	131.36385637540363	3	3	4
K562_skew	[1.5,Inf)	Other cCREs	RARE	CpG-CGI	1	1	1.139	1.297321	1	-0.25	0.0625	0	1	0
K562_skew	[1.5,Inf)	Other cCREs	RARE	CpG-nonCGI	82	82	183.746	426.370402	82	-78.01199907436963	286.08742320533844	0	2	8
K562_skew	[1.5,Inf)	Other cCREs	RARE	non-CpG-ti	382	382	54.597	9.776257	382	-131.13700053212233	667.7673465319392	6	17	24
K562_skew	[1.5,Inf)	Other cCREs	RARE	non-CpG-tv	241	241	14.894	1.5604	238	-63.16099924407901	274.10396285239653	3	9	7
K562_skew	[1.5,Inf)	Other cCREs	SINGLETON	CpG-CGI	3	3	3.483	5.030421	3	0.6069999942556028	0.4476569943927526	0	1	0
K562_skew	[1.5,Inf)	Other cCREs	SINGLETON	CpG-nonCGI	64	64	132.873	293.448233	63	-38.29700047965166	180.26624724346976	2	2	4
K562_skew	[1.5,Inf)	Other cCREs	SINGLETON	non-CpG-ti	3571	3571	495.398	84.81845200000001	3566	-668.2689984637545	4797.227952981683	53	107	213
K562_skew	[1.5,Inf)	Other cCREs	SINGLETON	non-CpG-tv	2348	2348	134.245	12.298451	2329	-299.89299834088894	3318.6781575604223	40	106	128
K562_skew	[1.5,Inf)	Other cCREs	SINGLETON	unknown	3	0	0	0	1	0.11599999666214	0.0134559992256165	0	1	0
K562_skew	[1.5,Inf)	Other cCREs	ULTRARARE	CpG-CGI	8	8	8.709999999999999	13.796857999999999	8	5.580999962985514	65.4866803266309	1	2	1
K562_skew	[1.5,Inf)	Other cCREs	ULTRARARE	CpG-nonCGI	297	297	666.797	1569.330751	296	-314.4230013033376	984.2012328332584	0	12	21
K562_skew	[1.5,Inf)	Other cCREs	ULTRARARE	non-CpG-ti	2302	2302	330.987	59.455512999999996	2290	-496.60699908446986	3671.9739010923886	45	86	135
K562_skew	[1.5,Inf)	Other cCREs	ULTRARARE	non-CpG-tv	1369	1369	86.883	8.937097	1350	-91.23099863529204	1868.6398456278891	30	68	87
K562_skew	[1.5,Inf)	Other cCREs	ULTRARARE	unknown	2	0	0	0	1	0.130999997258186	0.0171609992816448	0	0	0
K562_skew	[1.5,Inf)	PLS	COMMON	non-CpG-ti	17	17	2.074	0.284558	17	-13.52800002694131	41.132184195533725	1	6	5
K562_skew	[1.5,Inf)	PLS	COMMON	non-CpG-tv	5	5	0.183	0.007263	5	-2.839999899268148	11.025467584068306	0	3	2
K562_skew	[1.5,Inf)	PLS	LOW_FREQ	CpG-CGI	1	1	0.301	0.090601	1	-0.0759999975562096	0.00577599962854386	0	0	1
K562_skew	[1.5,Inf)	PLS	LOW_FREQ	CpG-nonCGI	2	2	3.487	6.962705	2	-5.93500018119812	30.147139116371164	0	1	2
K562_skew	[1.5,Inf)	PLS	LOW_FREQ	non-CpG-ti	17	17	2.053	0.277395	17	13.770999947097158	54.860794627974755	3	4	6
K562_skew	[1.5,Inf)	PLS	LOW_FREQ	non-CpG-tv	16	16	1.765	0.337279	16	-7.832000197842716	24.70364098491209	0	6	3
K562_skew	[1.5,Inf)	PLS	RARE	CpG-nonCGI	3	3	6.162	13.78805	3	-5.422000013291845	14.981076278751177	0	1	1
K562_skew	[1.5,Inf)	PLS	RARE	non-CpG-ti	36	36	4.728	0.691278	36	8.349000165238982	78.27170170199257	4	12	19
K562_skew	[1.5,Inf)	PLS	RARE	non-CpG-tv	40	40	3.854	0.586582	40	13.872000155039116	117.27228897574977	3	15	17
K562_skew	[1.5,Inf)	PLS	SINGLETON	CpG-CGI	26	26	7.858	2.861744	26	38.01999958604573	217.77623198868915	8	9	16
K562_skew	[1.5,Inf)	PLS	SINGLETON	CpG-nonCGI	9	9	6.659	8.940243	9	7.437000166624788	58.378461640483515	2	6	5
K562_skew	[1.5,Inf)	PLS	SINGLETON	non-CpG-ti	372	372	50.736	8.323406	372	290.0950020458548	2550.294182884256	74	120	141
K562_skew	[1.5,Inf)	PLS	SINGLETON	non-CpG-tv	441	441	35.995	4.946535	441	396.62999850604695	3039.1996790748776	90	159	203
K562_skew	[1.5,Inf)	PLS	SINGLETON	unknown	1	0	0	0	1	-0.460999995470047	0.212520995823383	0	0	1
K562_skew	[1.5,Inf)	PLS	ULTRARARE	CpG-CGI	11	11	3.952	2.246304	11	3.641000039875511	24.356887133577903	1	4	8
K562_skew	[1.5,Inf)	PLS	ULTRARARE	CpG-nonCGI	15	15	23.923	45.877801	15	9.755000069737438	111.44186359236603	3	3	7
K562_skew	[1.5,Inf)	PLS	ULTRARARE	non-CpG-ti	238	238	32.581	5.2717469999999995	238	150.34900039050262	1300.5076887074329	46	82	79
K562_skew	[1.5,Inf)	PLS	ULTRARARE	non-CpG-tv	266	266	26.698	4.814352	266	218.91199788451212	1826.5326381441191	58	91	122
K562_skew	[1.5,Inf)	PLS	ULTRARARE	unknown	4	0	0	0	4	-1.257999897003177	2.465817771274569	0	3	0
K562_skew	[1.5,Inf)	dELS	COMMON	CpG-CGI	1	1	1.966	3.865156	1	-1.64900004863739	2.71920116040612	0	1	1
K562_skew	[1.5,Inf)	dELS	COMMON	CpG-nonCGI	87	87	168.465	367.378333	87	-97.0319998133928	470.56037941703556	0	20	42
K562_skew	[1.5,Inf)	dELS	COMMON	non-CpG-ti	620	620	80.716	13.983528	620	-356.91600036760804	1653.0722952967203	12	78	153
K562_skew	[1.5,Inf)	dELS	COMMON	non-CpG-tv	304	304	17.842	1.77444	303	-58.47399999026673	724.4223826332424	19	49	89
K562_skew	[1.5,Inf)	dELS	COMMON	unknown	1	0	0	0	1	0.25	0.0625	0	0	0
K562_skew	[1.5,Inf)	dELS	LOW_FREQ	CpG-CGI	1	1	2.303	5.303809	1	-3.55800008773804	12.6593646243439	0	0	1
K562_skew	[1.5,Inf)	dELS	LOW_FREQ	CpG-nonCGI	104	104	218.944	490.749896	104	-135.90699987486	487.3016170057168	1	13	27
K562_skew	[1.5,Inf)	dELS	LOW_FREQ	non-CpG-ti	469	469	65.421	11.700327	467	-95.78299879003302	890.7385903366888	14	53	80
K562_skew	[1.5,Inf)	dELS	LOW_FREQ	non-CpG-tv	312	312	19.632	2.11258	312	-35.923999377060674	438.84314212382867	7	38	52
K562_skew	[1.5,Inf)	dELS	RARE	CpG-CGI	8	8	11.646	23.46807	8	-5.799999766051774	26.173725986927884	0	3	3
K562_skew	[1.5,Inf)	dELS	RARE	CpG-nonCGI	299	299	628.638	1393.97934	299	-215.51400019694134	1077.8585221716964	5	27	75
K562_skew	[1.5,Inf)	dELS	RARE	non-CpG-ti	1216	1216	165.787	29.004361	1215	-230.25700154283538	2744.39810344647	46	106	199
K562_skew	[1.5,Inf)	dELS	RARE	non-CpG-tv	792	792	49.97	5.873548	792	-82.57300002395635	2031.7279465641764	31	86	174
K562_skew	[1.5,Inf)	dELS	RARE	unknown	1	0	0	0	1	0.061999998986721	0.00384399987435341	0	0	0
K562_skew	[1.5,Inf)	dELS	SINGLETON	CpG-CGI	33	33	30.542	48.094724	32	-20.193999761715528	52.850679339736395	0	3	10
K562_skew	[1.5,Inf)	dELS	SINGLETON	CpG-nonCGI	304	304	564.4639999999999	1146.597788	304	-301.68899979628617	1268.5430575365838	5	30	75
K562_skew	[1.5,Inf)	dELS	SINGLETON	non-CpG-ti	11754	11754	1569.398	257.30247	11736	-694.8789969051726	25646.063659897576	502	1133	2077
K562_skew	[1.5,Inf)	dELS	SINGLETON	non-CpG-tv	8240	8240	464.751	41.932609	8227	333.70800452958787	19579.170405425128	424	858	1667
K562_skew	[1.5,Inf)	dELS	SINGLETON	unknown	9	0	0	0	9	-0.7559999898076051	2.4137600616121317	0	0	0
K562_skew	[1.5,Inf)	dELS	ULTRARARE	CpG-CGI	22	22	23.736	41.708332	22	-29.68100017309189	133.3341992687107	0	8	10
K562_skew	[1.5,Inf)	dELS	ULTRARARE	CpG-nonCGI	1301	1301	2623.577	5669.845655	1301	-1141.1950007410487	4864.140872263858	28	161	339
K562_skew	[1.5,Inf)	dELS	ULTRARARE	non-CpG-ti	7531	7531	1059.528	187.260278	7519	-676.1329969203797	17373.039628744064	327	673	1283
K562_skew	[1.5,Inf)	dELS	ULTRARARE	non-CpG-tv	4666	4666	290.661	30.668927	4656	-12.397999325301454	11592.793774594027	235	462	930
K562_skew	[1.5,Inf)	dELS	ULTRARARE	unknown	3	0	0	0	3	-2.9209998920559843	9.843160355819714	0	1	1
K562_skew	[1.5,Inf)	non-cCRE	COMMON	CpG-CGI	3	3	4.2669999999999995	7.193626999999999	3	-1.70300006866455	1.55000912887192	0	2	0
K562_skew	[1.5,Inf)	non-cCRE	COMMON	CpG-nonCGI	55	55	115.629	267.280055	55	-34.6600007340312	189.72375497184925	1	5	2
K562_skew	[1.5,Inf)	non-cCRE	COMMON	non-CpG-ti	1569	1569	180.679	26.514633	1560	-1538.8980009281088	4406.536304808976	5	88	17
K562_skew	[1.5,Inf)	non-cCRE	COMMON	non-CpG-tv	536	536	31.568	2.981438	533	-317.50200088811107	1049.8667131254658	5	35	9
K562_skew	[1.5,Inf)	non-cCRE	COMMON	unknown	4	0	0	0	4	-6.7539999932050705	18.61212589399716	0	0	0
K562_skew	[1.5,Inf)	non-cCRE	LOW_FREQ	CpG-CGI	2	2	3.634	6.907178	2	-3.97699999809265	7.92464499137878	0	0	0
K562_skew	[1.5,Inf)	non-cCRE	LOW_FREQ	CpG-nonCGI	86	86	196.005	466.745353	86	-118.43700048490427	437.4301907517043	1	5	2
K562_skew	[1.5,Inf)	non-cCRE	LOW_FREQ	non-CpG-ti	1289	1289	156.083	23.519913	1279	-807.6590000794969	2586.357899056874	6	72	12
K562_skew	[1.5,Inf)	non-cCRE	LOW_FREQ	non-CpG-tv	583	583	35.487	3.502907	580	-183.17899918463075	939.0722929768734	6	22	11
K562_skew	[1.5,Inf)	non-cCRE	LOW_FREQ	unknown	1	0	0	0	1	0	0	0	0	0
K562_skew	[1.5,Inf)	non-cCRE	RARE	CpG-CGI	10	10	12.412	22.72725	10	0.958999924361708	25.145786972061266	1	3	2
K562_skew	[1.5,Inf)	non-cCRE	RARE	CpG-nonCGI	264	264	617.887	1500.038717	264	-272.9099990132962	846.053253031799	3	13	8
K562_skew	[1.5,Inf)	non-cCRE	RARE	non-CpG-ti	3104	3104	387.426	61.00472	3088	-1531.0780001464295	5535.779436296398	20	158	35
K562_skew	[1.5,Inf)	non-cCRE	RARE	non-CpG-tv	1397	1397	87.032	9.479298	1383	-438.1039984651144	2273.092414779364	18	80	25
K562_skew	[1.5,Inf)	non-cCRE	RARE	unknown	1	0	0	0	0	0	0	0	0	0
K562_skew	[1.5,Inf)	non-cCRE	SINGLETON	CpG-CGI	27	27	19.858	28.66555	27	10.331000447506076	115.85984118367388	4	6	7
K562_skew	[1.5,Inf)	non-cCRE	SINGLETON	CpG-nonCGI	204	204	413.739	913.533487	203	-160.15599983511507	525.7124667938087	1	14	14
K562_skew	[1.5,Inf)	non-cCRE	SINGLETON	non-CpG-ti	20972	20972	2844.108	474.590548	20858	-4876.106997848837	28558.763993883647	229	902	313
K562_skew	[1.5,Inf)	non-cCRE	SINGLETON	non-CpG-tv	13585	13585	782.79	70.61015	13488	-1556.33499601751	17272.240734220308	211	717	285
K562_skew	[1.5,Inf)	non-cCRE	SINGLETON	unknown	19	0	0	0	15	-3.03800000995398	5.147954034816383	0	0	0
K562_skew	[1.5,Inf)	non-cCRE	ULTRARARE	CpG-CGI	20	20	21.502	36.322072	20	-14.740999840199946	79.96374892622033	0	6	4
K562_skew	[1.5,Inf)	non-cCRE	ULTRARARE	CpG-nonCGI	889	889	1960.144	4522.441316	885	-919.1179995756827	3510.6856707150678	12	55	25
K562_skew	[1.5,Inf)	non-cCRE	ULTRARARE	non-CpG-ti	15481	15481	2110.001	365.136283	15388	-5582.033993876656	24835.796458809244	123	634	181
K562_skew	[1.5,Inf)	non-cCRE	ULTRARARE	non-CpG-tv	8291	8291	518.124	52.539358	8201	-1518.4139936683941	11026.385917213289	106	462	183
K562_skew	[1.5,Inf)	non-cCRE	ULTRARARE	unknown	10	0	0	0	7	-3.13099999725819	12.992775037592684	0	1	0
K562_skew	[1.5,Inf)	pELS	COMMON	CpG-nonCGI	13	13	23.119	48.212811	13	-13.581000022590157	50.12142330702443	1	2	5
K562_skew	[1.5,Inf)	pELS	COMMON	non-CpG-ti	85	85	10.847	1.729849	85	-35.22299922816455	325.3101203224239	6	32	24
K562_skew	[1.5,Inf)	pELS	COMMON	non-CpG-tv	55	55	3.687	0.375607	54	-19.885000504553325	121.63095607656886	2	20	14
K562_skew	[1.5,Inf)	pELS	LOW_FREQ	CpG-CGI	3	3	1.807	1.709489	3	-4.91299989819527	11.52037037407543	0	1	1
K562_skew	[1.5,Inf)	pELS	LOW_FREQ	CpG-nonCGI	11	11	26.465	67.274879	11	-11.862000274471932	35.26220825434135	0	3	3
K562_skew	[1.5,Inf)	pELS	LOW_FREQ	non-CpG-ti	77	77	10.144	1.621562	77	-4.445999846793708	293.22180707847	6	26	21
K562_skew	[1.5,Inf)	pELS	LOW_FREQ	non-CpG-tv	68	68	5.519	0.839257	67	5.311000157147653	197.92366797632712	6	18	19
K562_skew	[1.5,Inf)	pELS	RARE	CpG-CGI	6	6	5.539	8.145763	6	8.70200021564961	64.48403656343564	3	2	4
K562_skew	[1.5,Inf)	pELS	RARE	CpG-nonCGI	33	33	62.672	130.158796	33	-34.722999963909395	102.80856292764201	0	8	8
K562_skew	[1.5,Inf)	pELS	RARE	non-CpG-ti	215	215	29.815	5.001789	215	46.983999304939076	542.4107465540127	16	52	52
K562_skew	[1.5,Inf)	pELS	RARE	non-CpG-tv	170	170	12.996	1.75774	170	26.78800076304473	490.1744888557284	11	62	52
K562_skew	[1.5,Inf)	pELS	RARE	unknown	3	0	0	0	3	-8.60999970138073	37.6428234227648	0	3	0
K562_skew	[1.5,Inf)	pELS	SINGLETON	CpG-CGI	67	67	23.408	11.945978	67	39.72600029036402	408.11279820653937	14	26	44
K562_skew	[1.5,Inf)	pELS	SINGLETON	CpG-nonCGI	59	59	77.122	143.953974	59	-43.611000135540934	175.51610732704825	0	16	30
K562_skew	[1.5,Inf)	pELS	SINGLETON	non-CpG-ti	2034	2034	267.968	43.594374	2031	272.2600029157475	5197.284604910261	151	523	503
K562_skew	[1.5,Inf)	pELS	SINGLETON	non-CpG-tv	1937	1937	141.771	17.946345	1936	774.8790024211631	6373.769112195099	186	549	619
K562_skew	[1.5,Inf)	pELS	SINGLETON	unknown	16	0	0	0	16	-3.0750000514090097	21.64072037714061	1	7	3
K562_skew	[1.5,Inf)	pELS	ULTRARARE	CpG-CGI	44	44	23.932	31.496494000000002	44	24.03600061777979	292.8412690078878	7	16	18
K562_skew	[1.5,Inf)	pELS	ULTRARARE	CpG-nonCGI	147	147	245.385	492.156257	147	-95.12099978141488	653.2468648046814	9	34	45
K562_skew	[1.5,Inf)	pELS	ULTRARARE	non-CpG-ti	1332	1332	184.091	31.863455000000002	1331	258.87800037697883	3910.474677147129	113	360	320
K562_skew	[1.5,Inf)	pELS	ULTRARARE	non-CpG-tv	1189	1189	102.383	15.884967	1185	422.09000113303784	4183.531041642871	128	354	382
K562_skew	[1.5,Inf)	pELS	ULTRARARE	unknown	20	0	0	0	20	-10.131000138819248	29.21972390157479	0	11	5
SKNSH_skew	(-Inf,-1.5)	Other cCREs	COMMON	CpG-CGI	2	2	3.436	6.026056	2	-6.261000007390976	37.534121002010345	0	0	2
SKNSH_skew	(-Inf,-1.5)	Other cCREs	COMMON	CpG-nonCGI	241	241	515.844	1219.7501340000001	241	-262.66799903661035	705.1983465288715	0	14	30
SKNSH_skew	(-Inf,-1.5)	Other cCREs	COMMON	non-CpG-ti	111	111	17.802	3.638814	110	-5.804999392014005	74.02883820644556	0	4	27
SKNSH_skew	(-Inf,-1.5)	Other cCREs	COMMON	non-CpG-tv	104	104	7.781	0.985371	104	-58.01600009575486	221.69283274826992	1	9	14
SKNSH_skew	(-Inf,-1.5)	Other cCREs	LOW_FREQ	CpG-CGI	3	3	4.502	6.765245999999999	3	-0.110999986529351	0.1785289945743089	0	0	2
SKNSH_skew	(-Inf,-1.5)	Other cCREs	LOW_FREQ	CpG-nonCGI	336	336	774.379	1888.121659	335	-377.5800002501346	1172.6605899382828	0	16	33
SKNSH_skew	(-Inf,-1.5)	Other cCREs	LOW_FREQ	non-CpG-ti	125	125	18.427	3.484433	123	25.30900012375788	185.53135738781566	8	2	21
SKNSH_skew	(-Inf,-1.5)	Other cCREs	LOW_FREQ	non-CpG-tv	149	149	10.875	1.286463	145	-40.775000445544705	166.45548351461326	4	6	29
SKNSH_skew	(-Inf,-1.5)	Other cCREs	LOW_FREQ	unknown	1	0	0	0	1	0	0	0	0	0
SKNSH_skew	(-Inf,-1.5)	Other cCREs	RARE	CpG-CGI	5	5	10.110999999999999	24.476995	5	-1.479999855160722	12.851927689406411	0	1	0
SKNSH_skew	(-Inf,-1.5)	Other cCREs	RARE	CpG-nonCGI	1010	1010	2349.0589999999997	5803.591215	1007	-955.564001954161	2708.604464954865	6	28	135
SKNSH_skew	(-Inf,-1.5)	Other cCREs	RARE	non-CpG-ti	276	276	42.743	8.955277	274	11.954000379890202	273.0054704909295	8	10	43
SKNSH_skew	(-Inf,-1.5)	Other cCREs	RARE	non-CpG-tv	301	301	21.337	2.336181	297	-84.40499995090067	465.37203722260585	6	5	39
SKNSH_skew	(-Inf,-1.5)	Other cCREs	RARE	unknown	2	0	0	0	2	-3.85800004005432	7.44208215452957	0	0	0
SKNSH_skew	(-Inf,-1.5)	Other cCREs	SINGLETON	CpG-CGI	28	28	50.854	107.448868	27	5.367999665439138	201.3246900409817	3	4	5
SKNSH_skew	(-Inf,-1.5)	Other cCREs	SINGLETON	CpG-nonCGI	964	964	1934.753	4223.137983	957	-704.9170013982805	2487.441676767626	10	38	121
SKNSH_skew	(-Inf,-1.5)	Other cCREs	SINGLETON	non-CpG-ti	2959	2959	434.45799999999997	77.929486	2939	351.340001193341	2855.274202792828	74	122	472
SKNSH_skew	(-Inf,-1.5)	Other cCREs	SINGLETON	non-CpG-tv	3338	3338	217.47	23.769085999999998	3314	-650.3520024140599	5949.698955074896	67	103	496
SKNSH_skew	(-Inf,-1.5)	Other cCREs	SINGLETON	unknown	3	0	0	0	3	-1.4479999765753744	2.7619619042103287	0	0	0
SKNSH_skew	(-Inf,-1.5)	Other cCREs	ULTRARARE	CpG-CGI	38	38	75.171	167.452577	37	-1.6630000472068978	196.46232630380902	3	9	1
SKNSH_skew	(-Inf,-1.5)	Other cCREs	ULTRARARE	CpG-nonCGI	3563	3563	7932.687	18851.497509	3556	-3454.7739995381576	10566.840588897396	12	115	443
SKNSH_skew	(-Inf,-1.5)	Other cCREs	ULTRARARE	non-CpG-ti	1942	1942	306.2	63.263466	1921	233.71700217691256	2764.095175656133	54	90	293
SKNSH_skew	(-Inf,-1.5)	Other cCREs	ULTRARARE	non-CpG-tv	1936	1936	138.79	17.172616	1915	-586.9319976551925	3813.1838868088444	35	73	297
SKNSH_skew	(-Inf,-1.5)	Other cCREs	ULTRARARE	unknown	1	0	0	0	1	-0.352999985218048	0.124608989563942	0	0	1
SKNSH_skew	(-Inf,-1.5)	PLS	COMMON	CpG-CGI	4	4	1.344	0.485778	4	0.08399980468676299	80.09977240835155	1	4	1
SKNSH_skew	(-Inf,-1.5)	PLS	COMMON	CpG-nonCGI	12	12	23.492	54.49413	12	-6.225000090897085	10.289757219895003	0	4	5
SKNSH_skew	(-Inf,-1.5)	PLS	COMMON	non-CpG-ti	13	13	2.148	0.40521	13	22.405999988317493	146.5003482194187	5	5	9
SKNSH_skew	(-Inf,-1.5)	PLS	COMMON	non-CpG-tv	18	18	1.421	0.19870100000000002	18	19.103999795392166	99.96480521938419	5	10	9
SKNSH_skew	(-Inf,-1.5)	PLS	LOW_FREQ	CpG-CGI	22	22	15.414	20.16561	22	39.44100004434585	258.57268175887504	5	10	15
SKNSH_skew	(-Inf,-1.5)	PLS	LOW_FREQ	CpG-nonCGI	25	25	50.343	117.677221	25	14.436000257730484	241.74042028289426	4	7	7
SKNSH_skew	(-Inf,-1.5)	PLS	LOW_FREQ	non-CpG-ti	26	26	3.479	0.532899	26	60.55299975723021	325.5758620517012	10	11	20
SKNSH_skew	(-Inf,-1.5)	PLS	LOW_FREQ	non-CpG-tv	38	38	3.311	0.387319	38	51.22200039029123	537.611661102905	12	11	24
SKNSH_skew	(-Inf,-1.5)	PLS	RARE	CpG-CGI	68	68	34.742	40.080368	68	205.31899917311955	1275.4181707843231	35	35	36
SKNSH_skew	(-Inf,-1.5)	PLS	RARE	CpG-nonCGI	81	81	144.975	305.590735	81	16.572999469935844	531.9869197840626	12	18	40
SKNSH_skew	(-Inf,-1.5)	PLS	RARE	non-CpG-ti	65	65	9.1	1.472456	64	174.14199990383358	1129.602904173084	27	31	39
SKNSH_skew	(-Inf,-1.5)	PLS	RARE	non-CpG-tv	107	107	8.774000000000001	1.254064	107	213.59499904513362	1570.8048515065998	40	32	67
SKNSH_skew	(-Inf,-1.5)	PLS	SINGLETON	CpG-CGI	749	749	323.499	235.875573	749	2877.543002181685	20728.79097742702	460	328	540
SKNSH_skew	(-Inf,-1.5)	PLS	SINGLETON	CpG-nonCGI	256	256	285.016	460.264216	256	364.2840002868324	3438.649216325781	76	90	148
SKNSH_skew	(-Inf,-1.5)	PLS	SINGLETON	non-CpG-ti	894	894	121.307	20.506239	891	3310.5249990713805	22221.119105582333	515	338	585
SKNSH_skew	(-Inf,-1.5)	PLS	SINGLETON	non-CpG-tv	1522	1522	107.817	11.843455	1521	5335.523994053832	36753.791728787444	858	618	1001
SKNSH_skew	(-Inf,-1.5)	PLS	SINGLETON	unknown	1	0	0	0	1	3.45700001716614	11.9508491186867	1	0	0
SKNSH_skew	(-Inf,-1.5)	PLS	ULTRARARE	CpG-CGI	501	501	233.055	188.608235	501	1878.4619993101799	13645.25227055722	303	244	348
SKNSH_skew	(-Inf,-1.5)	PLS	ULTRARARE	CpG-nonCGI	385	385	597.718	1191.077378	385	270.7110007274895	3475.0474390474055	74	90	196
SKNSH_skew	(-Inf,-1.5)	PLS	ULTRARARE	non-CpG-ti	541	541	77.002	13.270952	540	1905.7090013711713	12802.095956280627	303	216	318
SKNSH_skew	(-Inf,-1.5)	PLS	ULTRARARE	non-CpG-tv	854	854	64.638	7.494318	853	2652.584000298986	18034.713588686667	461	354	581
SKNSH_skew	(-Inf,-1.5)	dELS	COMMON	CpG-CGI	10	10	13.052	24.144442	10	-12.747000187635429	75.76547085420471	0	2	2
SKNSH_skew	(-Inf,-1.5)	dELS	COMMON	CpG-nonCGI	652	652	1337.507	3070.735561	651	-603.5970001469832	2074.114576942609	10	62	197
SKNSH_skew	(-Inf,-1.5)	dELS	COMMON	non-CpG-ti	318	318	45.307	8.993475	318	59.903999438043705	769.2087724901266	20	37	129
SKNSH_skew	(-Inf,-1.5)	dELS	COMMON	non-CpG-tv	312	312	19.501	2.000305	311	-64.2900003506802	548.7685083040657	11	41	108
SKNSH_skew	(-Inf,-1.5)	dELS	LOW_FREQ	CpG-CGI	15	15	23.315	46.113691	15	-15.340000174939634	50.846988625159476	0	4	6
SKNSH_skew	(-Inf,-1.5)	dELS	LOW_FREQ	CpG-nonCGI	946	946	2087.106	4964.96233	945	-799.4899999568006	2984.3189493609	17	92	327
SKNSH_skew	(-Inf,-1.5)	dELS	LOW_FREQ	non-CpG-ti	390	390	55.64	10.232747999999999	389	120.66299878992136	1051.9740973897417	30	44	178
SKNSH_skew	(-Inf,-1.5)	dELS	LOW_FREQ	non-CpG-tv	357	357	22.291	2.434487	356	4.54099820228292	990.9754318195335	20	32	138
SKNSH_skew	(-Inf,-1.5)	dELS	RARE	CpG-CGI	31	31	52.88	118.903584	31	-7.40500016137958	26.948821216086426	1	9	12
SKNSH_skew	(-Inf,-1.5)	dELS	RARE	CpG-nonCGI	2761	2761	6129.755	14613.055452999999	2757	-2363.7549992328263	10006.844310179618	68	275	902
SKNSH_skew	(-Inf,-1.5)	dELS	RARE	non-CpG-ti	948	948	140.871	27.507397	946	525.7780031263826	3620.566044851503	89	87	405
SKNSH_skew	(-Inf,-1.5)	dELS	RARE	non-CpG-tv	927	927	56.409	5.552181	924	94.5230011465029	2708.640960944764	66	73	397
SKNSH_skew	(-Inf,-1.5)	dELS	SINGLETON	CpG-CGI	160	160	147.875	241.807811	159	79.56099964585158	1304.8947054122823	30	33	91
SKNSH_skew	(-Inf,-1.5)	dELS	SINGLETON	CpG-nonCGI	2811	2811	5456.789	11840.667179	2806	-1841.6630004107717	9841.469292779511	94	306	1038
SKNSH_skew	(-Inf,-1.5)	dELS	SINGLETON	non-CpG-ti	9359	9359	1290.337	219.849751	9344	5479.130997568487	34970.94879251217	1042	834	4185
SKNSH_skew	(-Inf,-1.5)	dELS	SINGLETON	non-CpG-tv	10159	10159	598.374	59.563632	10137	2142.0099999209638	34226.906075736544	825	1015	4298
SKNSH_skew	(-Inf,-1.5)	dELS	SINGLETON	unknown	2	0	0	0	2	-0.05099999904632599	0.0967850027644635	0	0	1
SKNSH_skew	(-Inf,-1.5)	dELS	ULTRARARE	CpG-CGI	192	192	259.88100000000003	490.566525	192	38.86300014320297	1116.7933480242634	28	47	85
SKNSH_skew	(-Inf,-1.5)	dELS	ULTRARARE	CpG-nonCGI	10848	10848	23074.218	53093.670994	10841	-8307.401995709983	39653.10440706789	290	1082	3830
SKNSH_skew	(-Inf,-1.5)	dELS	ULTRARARE	non-CpG-ti	6051	6051	872.568	163.189712	6044	3271.1539899470513	22173.83746225229	622	556	2691
SKNSH_skew	(-Inf,-1.5)	dELS	ULTRARARE	non-CpG-tv	5794	5794	362.159	38.810893	5785	757.2550048070261	19271.992827703634	425	564	2445
SKNSH_skew	(-Inf,-1.5)	dELS	ULTRARARE	unknown	1	0	0	0	1	0.637000024318695	0.405769030982018	0	0	0
SKNSH_skew	(-Inf,-1.5)	non-cCRE	COMMON	CpG-CGI	7	7	11.687	21.679635	7	0.5639999955892541	4.287234055546284	0	1	1
SKNSH_skew	(-Inf,-1.5)	non-cCRE	COMMON	CpG-nonCGI	1428	1428	3069.098	7311.224852	1421	-1508.263999048503	4329.486573457046	4	53	19
SKNSH_skew	(-Inf,-1.5)	non-cCRE	COMMON	non-CpG-ti	483	483	76.455	14.651707	476	-53.10300047334752	391.2456965061342	2	21	9
SKNSH_skew	(-Inf,-1.5)	non-cCRE	COMMON	non-CpG-tv	466	466	31.089	3.448001	457	-235.916999532026	754.2762911296909	2	22	8
SKNSH_skew	(-Inf,-1.5)	non-cCRE	COMMON	unknown	2	0	0	0	2	-4.06900000572205	9.721681227439891	0	1	0
SKNSH_skew	(-Inf,-1.5)	non-cCRE	LOW_FREQ	CpG-CGI	11	11	12.285	20.991363	11	7.34400013834238	99.51651024266818	3	3	1
SKNSH_skew	(-Inf,-1.5)	non-cCRE	LOW_FREQ	CpG-nonCGI	1925	1925	4601.32	11517.908036	1919	-2029.1729969135504	5879.204889131027	2	50	30
SKNSH_skew	(-Inf,-1.5)	non-cCRE	LOW_FREQ	non-CpG-ti	509	509	79.894	15.159244	504	37.19300000555817	572.1239801389739	11	17	16
SKNSH_skew	(-Inf,-1.5)	non-cCRE	LOW_FREQ	non-CpG-tv	528	528	36.862	4.340692	521	-191.94600139558312	870.9099503414586	4	23	7
SKNSH_skew	(-Inf,-1.5)	non-cCRE	LOW_FREQ	unknown	2	0	0	0	1	0.312999993562698	0.0979689959702492	0	0	0
SKNSH_skew	(-Inf,-1.5)	non-cCRE	RARE	CpG-CGI	36	36	66.631	144.643489	35	-4.692000428098261	106.53092605570563	2	8	1
SKNSH_skew	(-Inf,-1.5)	non-cCRE	RARE	CpG-nonCGI	5653	5653	13491.832	33645.341072	5619	-6224.295995148247	18485.44054670189	15	176	97
SKNSH_skew	(-Inf,-1.5)	non-cCRE	RARE	non-CpG-ti	1345	1345	221.049	47.511671	1325	2.2709997985512747	996.9438166972951	10	58	22
SKNSH_skew	(-Inf,-1.5)	non-cCRE	RARE	non-CpG-tv	1258	1258	87.7	10.261272	1243	-417.6690010238672	2376.8413773410775	21	55	43
SKNSH_skew	(-Inf,-1.5)	non-cCRE	RARE	unknown	3	0	0	0	3	-2.2890000492334353	2.8341291053078295	0	1	0
SKNSH_skew	(-Inf,-1.5)	non-cCRE	SINGLETON	CpG-CGI	101	101	100.072	166.561162	101	143.88199850451207	1202.6167557977408	25	36	44
SKNSH_skew	(-Inf,-1.5)	non-cCRE	SINGLETON	CpG-nonCGI	4074	4074	8424.049	18765.259273	4065	-3480.211999122636	10304.435227820317	23	167	116
SKNSH_skew	(-Inf,-1.5)	non-cCRE	SINGLETON	non-CpG-ti	12677	12677	1924.729	350.262561	12481	1049.8810028561857	11133.868607327351	176	453	348
SKNSH_skew	(-Inf,-1.5)	non-cCRE	SINGLETON	non-CpG-tv	12998	12998	846.184	92.686674	12856	-3192.630995335175	21250.458316654825	178	523	387
SKNSH_skew	(-Inf,-1.5)	non-cCRE	SINGLETON	unknown	10	0	0	0	10	0.2050000876188258	7.996386863196384	0	3	0
SKNSH_skew	(-Inf,-1.5)	non-cCRE	ULTRARARE	CpG-CGI	119	119	163.402	315.632958	117	90.05499996431183	1070.055778277549	23	39	31
SKNSH_skew	(-Inf,-1.5)	non-cCRE	ULTRARARE	CpG-nonCGI	18675	18675	42635.282	102651.060246	18627	-18473.73998649197	54310.334324749056	59	671	333
SKNSH_skew	(-Inf,-1.5)	non-cCRE	ULTRARARE	non-CpG-ti	8342	8342	1350.1	273.936868	8192	354.53500715724664	6961.028083153109	103	315	181
SKNSH_skew	(-Inf,-1.5)	non-cCRE	ULTRARARE	non-CpG-tv	7721	7721	538.676	64.278746	7614	-2664.706000236562	13833.023812989382	86	289	206
SKNSH_skew	(-Inf,-1.5)	non-cCRE	ULTRARARE	unknown	15	0	0	0	13	0.9519998468458698	7.63401984616698	0	3	0
SKNSH_skew	(-Inf,-1.5)	pELS	COMMON	CpG-CGI	3	3	1.117	0.45376500000000003	3	-2.2490000054240187	4.397901031293515	0	2	2
SKNSH_skew	(-Inf,-1.5)	pELS	COMMON	CpG-nonCGI	70	70	116.493	241.661609	70	-71.03200051188465	223.56010439994358	0	17	25
SKNSH_skew	(-Inf,-1.5)	pELS	COMMON	non-CpG-ti	38	38	5.142	1.042522	38	13.526000082492823	131.39528340652438	4	8	17
SKNSH_skew	(-Inf,-1.5)	pELS	COMMON	non-CpG-tv	30	30	1.709	0.154467	30	10.307000089436785	88.16219476554576	2	8	15
SKNSH_skew	(-Inf,-1.5)	pELS	LOW_FREQ	CpG-CGI	8	8	7.733	11.579441000000001	8	5.2810001373291	29.25162799141222	2	3	3
SKNSH_skew	(-Inf,-1.5)	pELS	LOW_FREQ	CpG-nonCGI	64	64	134.215	309.273481	63	-22.995999906212095	120.60385774011793	2	13	20
SKNSH_skew	(-Inf,-1.5)	pELS	LOW_FREQ	non-CpG-ti	36	36	6.084	1.218454	36	29.0819995291531	223.7028380196837	5	7	18
SKNSH_skew	(-Inf,-1.5)	pELS	LOW_FREQ	non-CpG-tv	50	50	3.301	0.387361	50	58.75900001078837	403.78673378606516	11	6	28
SKNSH_skew	(-Inf,-1.5)	pELS	RARE	CpG-CGI	30	30	20.234	24.28489	30	64.88999984040856	465.13116629712493	11	17	21
SKNSH_skew	(-Inf,-1.5)	pELS	RARE	CpG-nonCGI	266	266	532.428	1196.10808	266	-162.06099875690433	791.8718944625939	9	63	98
SKNSH_skew	(-Inf,-1.5)	pELS	RARE	non-CpG-ti	116	116	16.162	3.1107839999999998	116	126.84300104901199	882.2889066494033	20	31	55
SKNSH_skew	(-Inf,-1.5)	pELS	RARE	non-CpG-tv	157	157	9.289	0.779599	157	146.77199917985124	1146.5666785126502	30	47	70
SKNSH_skew	(-Inf,-1.5)	pELS	SINGLETON	CpG-CGI	202	202	97.377	81.077967	202	508.64300086442404	3816.391706131812	83	80	124
SKNSH_skew	(-Inf,-1.5)	pELS	SINGLETON	CpG-nonCGI	450	450	688.686	1349.099398	450	-51.43400065985046	2066.1223689407298	34	128	191
SKNSH_skew	(-Inf,-1.5)	pELS	SINGLETON	non-CpG-ti	1311	1311	182.834	31.686188	1310	1889.579999297391	12703.215330711913	315	322	691
SKNSH_skew	(-Inf,-1.5)	pELS	SINGLETON	non-CpG-tv	1558	1558	94.229	8.706621	1556	1897.4950007394655	14186.538225402022	351	427	786
SKNSH_skew	(-Inf,-1.5)	pELS	ULTRARARE	CpG-CGI	179	179	92.536	86.33000200000001	179	387.1269996513148	3026.6834535522785	60	70	115
SKNSH_skew	(-Inf,-1.5)	pELS	ULTRARARE	CpG-nonCGI	1282	1282	2419.488	5282.34817	1282	-479.0960027144756	5284.179549760609	76	268	506
SKNSH_skew	(-Inf,-1.5)	pELS	ULTRARARE	non-CpG-ti	811	811	123.371	23.842989	811	1136.8110000285092	7257.519614104581	193	217	423
SKNSH_skew	(-Inf,-1.5)	pELS	ULTRARARE	non-CpG-tv	865	865	53.637	5.163717	865	921.2960013360719	7321.019956971962	186	243	435
SKNSH_skew	[-0.05,0.05)	Other cCREs	COMMON	CpG-CGI	482	482	830.855	1690.229613	481	-417.70099995844066	2203.501198116009	13	75	15
SKNSH_skew	[-0.05,0.05)	Other cCREs	COMMON	CpG-nonCGI	44409	44409	87653.184	193358.875778	44025	-36783.112993500705	118251.6327775117	349	2165	1646
SKNSH_skew	[-0.05,0.05)	Other cCREs	COMMON	non-CpG-ti	214375	214375	31934.424	6652.117426	213588	-43861.34096979663	342951.7493550117	4703	8082	7396
SKNSH_skew	[-0.05,0.05)	Other cCREs	COMMON	non-CpG-tv	129656	129656	9265.522	3447.591634	129010	-25258.43900752011	207437.03600400686	2977	4982	4870
SKNSH_skew	[-0.05,0.05)	Other cCREs	COMMON	unknown	437	0	0	0	336	-176.36600077524784	475.202482187566	0	18	8
SKNSH_skew	[-0.05,0.05)	Other cCREs	LOW_FREQ	CpG-CGI	753	753	1405.6680000000001	2995.425872	750	-575.4450003169478	2280.182271423808	11	113	24
SKNSH_skew	[-0.05,0.05)	Other cCREs	LOW_FREQ	CpG-nonCGI	56516	56516	124036.321	288632.744413	55872	-45411.14698551189	151781.0965134048	524	2437	2208
SKNSH_skew	[-0.05,0.05)	Other cCREs	LOW_FREQ	non-CpG-ti	235267	235267	36569.743	7932.264939	234267	-7509.1429920732035	342476.4760029723	6387	6594	8402
SKNSH_skew	[-0.05,0.05)	Other cCREs	LOW_FREQ	non-CpG-tv	143401	143401	10275.108	3271.701448	142417	-7684.853995645417	224099.07309252582	4017	4332	5422
SKNSH_skew	[-0.05,0.05)	Other cCREs	LOW_FREQ	unknown	566	0	0	0	393	-174.09599853400138	496.10493030042403	0	32	13
SKNSH_skew	[-0.05,0.05)	Other cCREs	RARE	CpG-CGI	2244	2244	4201.524	8916.26176	2235	-1640.2429962571487	8021.501120851519	59	324	50
SKNSH_skew	[-0.05,0.05)	Other cCREs	RARE	CpG-nonCGI	164694	164694	362266.405	843625.801177	162958	-131339.8579493408	446577.97695903317	1604	6985	6714
SKNSH_skew	[-0.05,0.05)	Other cCREs	RARE	non-CpG-ti	567461	567461	88914.575	19586.740737	565088	-5913.988973601476	846826.4379308997	16539	16606	20129
SKNSH_skew	[-0.05,0.05)	Other cCREs	RARE	non-CpG-tv	349015	349015	24647.31	6962.5045039999995	346674	-6861.8539750983555	536373.1898012158	10369	10752	13189
SKNSH_skew	[-0.05,0.05)	Other cCREs	RARE	unknown	1571	0	0	0	1076	-410.821001131786	1175.967197275156	0	82	33
SKNSH_skew	[-0.05,0.05)	Other cCREs	SINGLETON	CpG-CGI	4158	4158	5842.776	10564.11548	4133	-2475.1729945545085	14227.930091978913	127	635	210
SKNSH_skew	[-0.05,0.05)	Other cCREs	SINGLETON	CpG-nonCGI	144676	144676	279837.791	580357.828671	143900	-102198.680965428	372738.1077725101	1796	6337	6257
SKNSH_skew	[-0.05,0.05)	Other cCREs	SINGLETON	non-CpG-ti	5437172	5437172	778662.929	146131.004041	5422542	365551.86124665913	7735751.479149769	176469	150619	193152
SKNSH_skew	[-0.05,0.05)	Other cCREs	SINGLETON	non-CpG-tv	3812657	3812657	214543.312	22448.426644	3797242	202640.2173173042	5692435.364877395	125922	108472	138829
SKNSH_skew	[-0.05,0.05)	Other cCREs	SINGLETON	unknown	4907	0	0	0	3541	-692.3310004691594	2333.390942871816	5	256	71
SKNSH_skew	[-0.05,0.05)	Other cCREs	ULTRARARE	CpG-CGI	8510	8510	14833.985	30132.445731	8456	-6008.972004445967	28003.963213490664	194	1205	258
SKNSH_skew	[-0.05,0.05)	Other cCREs	ULTRARARE	CpG-nonCGI	592141	592141	1244319.269	2772185.173273	588342	-453450.38379179704	1583390.6166228836	6561	24627	24783
SKNSH_skew	[-0.05,0.05)	Other cCREs	ULTRARARE	non-CpG-ti	3550368	3550368	551259.255	118030.299687	3538139	53549.549246549126	5224212.705403433	107608	99802	126111
SKNSH_skew	[-0.05,0.05)	Other cCREs	ULTRARARE	non-CpG-tv	2177279	2177279	138441.024	21067.829702	2165646	44554.77113734859	3295187.228137679	69103	63926	80933
SKNSH_skew	[-0.05,0.05)	Other cCREs	ULTRARARE	unknown	4813	0	0	0	3106	-782.1700003948063	2433.424632167766	2	244	55
SKNSH_skew	[-0.05,0.05)	PLS	COMMON	CpG-CGI	684	684	350.214	311.070638	684	-273.9500011201016	2509.4223865603994	31	304	362
SKNSH_skew	[-0.05,0.05)	PLS	COMMON	CpG-nonCGI	1021	1021	1536.026	2906.97034	1020	-877.5759987434142	4005.967174026375	21	300	244
SKNSH_skew	[-0.05,0.05)	PLS	COMMON	non-CpG-ti	6520	6520	890.216	160.030982	6513	-716.9720047094168	28149.081609553014	476	2206	1714
SKNSH_skew	[-0.05,0.05)	PLS	COMMON	non-CpG-tv	4920	4920	414.23199999999997	136.490698	4906	-949.5730042951176	18919.43511572256	329	1836	1626
SKNSH_skew	[-0.05,0.05)	PLS	COMMON	unknown	28	0	0	0	28	-26.08499985001982	124.70623080208401	1	12	9
SKNSH_skew	[-0.05,0.05)	PLS	LOW_FREQ	CpG-CGI	1109	1109	604.5840000000001	605.361048	1109	-240.94799919636006	5586.022685467537	100	427	627
SKNSH_skew	[-0.05,0.05)	PLS	LOW_FREQ	CpG-nonCGI	1327	1327	2227.272	4509.037294	1324	-1059.8099997983081	5753.775887634893	42	326	345
SKNSH_skew	[-0.05,0.05)	PLS	LOW_FREQ	non-CpG-ti	7721	7721	1124.69	214.259184	7708	1560.7419969659527	36042.703702305946	752	2371	2177
SKNSH_skew	[-0.05,0.05)	PLS	LOW_FREQ	non-CpG-tv	6182	6182	521.23	125.403274	6171	-2.4100035669979647	27131.331654978745	527	2007	2202
SKNSH_skew	[-0.05,0.05)	PLS	LOW_FREQ	unknown	72	0	0	0	72	-56.43100013211373	325.4780029272196	0	57	4
SKNSH_skew	[-0.05,0.05)	PLS	RARE	CpG-CGI	2963	2963	1582.7	1515.152802	2963	-487.6809996345552	14078.659811424044	277	1169	1596
SKNSH_skew	[-0.05,0.05)	PLS	RARE	CpG-nonCGI	3919	3919	6469.341	12902.588619	3906	-2899.435998963775	18301.434972499184	164	1018	998
SKNSH_skew	[-0.05,0.05)	PLS	RARE	non-CpG-ti	19475	19475	2915.553	581.463689	19459	4963.408008285099	99174.3047424104	2140	5951	5661
SKNSH_skew	[-0.05,0.05)	PLS	RARE	non-CpG-tv	16207	16207	1398.885	305.940241	16170	1535.5460019980094	79621.89810232505	1646	5318	5760
SKNSH_skew	[-0.05,0.05)	PLS	RARE	unknown	1534	0	0	0	1533	-415.9080014253272	3742.074208240423	45	915	66
SKNSH_skew	[-0.05,0.05)	PLS	SINGLETON	CpG-CGI	23359	23359	10983.317	8847.004859	23351	1637.6560092775626	111659.52839216338	2551	9346	13391
SKNSH_skew	[-0.05,0.05)	PLS	SINGLETON	CpG-nonCGI	9244	9244	10133.937	16330.652159	9237	-3938.1149999743793	40449.656516416886	558	2683	3081
SKNSH_skew	[-0.05,0.05)	PLS	SINGLETON	non-CpG-ti	184919	184919	25858.812	4509.629322	184806	81976.33495411977	797217.8626371197	22512	55785	52550
SKNSH_skew	[-0.05,0.05)	PLS	SINGLETON	non-CpG-tv	164018	164018	11370.526	1376.92144	163875	49627.88295570934	748057.2663568485	19092	52555	54273
SKNSH_skew	[-0.05,0.05)	PLS	SINGLETON	unknown	406	0	0	0	406	-99.01699972245822	1264.9078979576773	21	158	61
SKNSH_skew	[-0.05,0.05)	PLS	ULTRARARE	CpG-CGI	19541	19541	10071.865	9101.335119	19534	-589.0629943120283	94534.45806576974	2109	7787	10824
SKNSH_skew	[-0.05,0.05)	PLS	ULTRARARE	CpG-nonCGI	18138	18138	27863.051	53216.425293	18108	-11424.959006531863	79641.700727817	864	4871	4903
SKNSH_skew	[-0.05,0.05)	PLS	ULTRARARE	non-CpG-ti	125305	125305	18570.748	3564.798916	125217	48051.71698892384	583086.5327018943	15045	38486	36706
SKNSH_skew	[-0.05,0.05)	PLS	ULTRARARE	non-CpG-tv	102219	102219	8060.386	1223.049108	102096	21421.516963555834	505876.83841338387	11529	33449	35777
SKNSH_skew	[-0.05,0.05)	PLS	ULTRARARE	unknown	2595	0	0	0	2594	53.97100196394559	6784.1682273511415	139	1193	148
SKNSH_skew	[-0.05,0.05)	dELS	COMMON	CpG-CGI	1371	1371	2001.548	3840.18732	1369	-1368.2639999496755	5933.627461386511	28	320	249
SKNSH_skew	[-0.05,0.05)	dELS	COMMON	CpG-nonCGI	99251	99251	184164.624	386201.433872	99064	-87908.07198612986	327562.7172150098	1279	9510	11500
SKNSH_skew	[-0.05,0.05)	dELS	COMMON	non-CpG-ti	471552	471552	68313.713	14034.443715	470963	-61580.631020933986	965237.3474198517	16582	39484	42019
SKNSH_skew	[-0.05,0.05)	dELS	COMMON	non-CpG-tv	277127	277127	19299.334	7191.2438760000005	276672	-32327.833969875945	555630.9763926561	9898	22802	27083
SKNSH_skew	[-0.05,0.05)	dELS	COMMON	unknown	399	0	0	0	378	-226.18699978943908	768.1599200995176	1	40	33
SKNSH_skew	[-0.05,0.05)	dELS	LOW_FREQ	CpG-CGI	2208	2208	3521.436	7094.686516	2207	-1960.0230040468746	8368.523585801166	47	474	394
SKNSH_skew	[-0.05,0.05)	dELS	LOW_FREQ	CpG-nonCGI	132381	132381	272836.321	603374.665667	132158	-112957.84499294567	450842.779104529	2143	11038	16606
SKNSH_skew	[-0.05,0.05)	dELS	LOW_FREQ	non-CpG-ti	529876	529876	80117.813	17092.768131	529135	31972.144981730395	1083510.4833762606	24606	35072	48346
SKNSH_skew	[-0.05,0.05)	dELS	LOW_FREQ	non-CpG-tv	313831	313831	21802.737	6707.099287	313311	12177.734977303306	664725.5572064166	14508	21099	31387
SKNSH_skew	[-0.05,0.05)	dELS	LOW_FREQ	unknown	515	0	0	0	479	-224.01999964891002	779.9754787325169	0	36	45
SKNSH_skew	[-0.05,0.05)	dELS	RARE	CpG-CGI	6143	6143	9908.732	20023.406686	6134	-5141.9660017988635	22484.50386442861	131	1251	1083
SKNSH_skew	[-0.05,0.05)	dELS	RARE	CpG-nonCGI	385741	385741	797781.873	1767389.249757	385008	-325577.3129709004	1328427.1416160162	6672	31873	48324
SKNSH_skew	[-0.05,0.05)	dELS	RARE	non-CpG-ti	1289923	1289923	197161.93	42932.744958	1288282	106005.19188686144	2788379.9946080996	63557	85642	118524
SKNSH_skew	[-0.05,0.05)	dELS	RARE	non-CpG-tv	777969	777969	53136.405	14245.574149	776673	59926.88193020319	1708512.595655997	39019	52637	77535
SKNSH_skew	[-0.05,0.05)	dELS	RARE	unknown	1307	0	0	0	1230	-541.5799998259174	1751.1620657093933	4	98	122
SKNSH_skew	[-0.05,0.05)	dELS	SINGLETON	CpG-CGI	18593	18593	17054.322	25973.582312	18556	-9658.712011591764	72539.17943067195	929	3900	5762
SKNSH_skew	[-0.05,0.05)	dELS	SINGLETON	CpG-nonCGI	425559	425559	779173.377	1557543.484381	424989	-310552.8729995931	1417737.897648072	9688	38235	55862
SKNSH_skew	[-0.05,0.05)	dELS	SINGLETON	non-CpG-ti	12708690	12708690	1771934.4599999997	322738.222812	12695410	2196297.4643222885	26457199.059545185	690323	839321	1143063
SKNSH_skew	[-0.05,0.05)	dELS	SINGLETON	non-CpG-tv	8703387	8703387	475337.852	47281.36634999997	8691675	1329976.5238281996	19038923.31363402	478990	582472	816943
SKNSH_skew	[-0.05,0.05)	dELS	SINGLETON	unknown	4825	0	0	0	4696	-900.0490002423759	3923.3331854632233	13	414	399
SKNSH_skew	[-0.05,0.05)	dELS	ULTRARARE	CpG-CGI	27629	27629	39043.657999999996	74698.82002	27593	-21231.080989493068	113937.06959092223	950	5864	6219
SKNSH_skew	[-0.05,0.05)	dELS	ULTRARARE	CpG-nonCGI	1578780	1578780	3137010.429	6691399.655443	1576520	-1268710.3229296121	5410479.5337490095	30908	133981	201442
SKNSH_skew	[-0.05,0.05)	dELS	ULTRARARE	non-CpG-ti	8193663	8193663	1238502.712	260285.185022	8184091	921168.6121366426	17578721.271027703	423719	543021	738817
SKNSH_skew	[-0.05,0.05)	dELS	ULTRARARE	non-CpG-tv	4935444	4935444	303352.527	44443.115255	4927774	589802.1535993727	10915687.418530062	263095	333950	475755
SKNSH_skew	[-0.05,0.05)	dELS	ULTRARARE	unknown	4102	0	0	0	3934	-1026.7360045083337	3829.050599748438	14	330	362
SKNSH_skew	[-0.05,0.05)	non-cCRE	COMMON	CpG-CGI	1382	1382	1793.808	3358.425996	1378	-1086.1959987101147	4739.465684666591	25	365	209
SKNSH_skew	[-0.05,0.05)	non-cCRE	COMMON	CpG-nonCGI	637347	637347	1299974.78	2949039.025434	630528	-538238.9186877859	1526227.3588117035	2328	21281	2409
SKNSH_skew	[-0.05,0.05)	non-cCRE	COMMON	non-CpG-ti	3402393	3402393	524166.363	114294.111851	3371880	-954282.7952309366	4497085.011771931	34285	90804	10048
SKNSH_skew	[-0.05,0.05)	non-cCRE	COMMON	non-CpG-tv	2077801	2077801	166952.443	84448.218703	2052900	-582358.2985115848	2853313.724659592	21864	54687	7022
SKNSH_skew	[-0.05,0.05)	non-cCRE	COMMON	unknown	5877	0	0	0	4738	-2912.26999808615	9020.481662212202	14	203	51
SKNSH_skew	[-0.05,0.05)	non-cCRE	LOW_FREQ	CpG-CGI	2107	2107	2973.613	5856.656789	2095	-1317.8860027762128	6294.41159134166	54	511	295
SKNSH_skew	[-0.05,0.05)	non-cCRE	LOW_FREQ	CpG-nonCGI	801437	801437	1823540.847	4372382.115839	790799	-667454.444564459	1940006.259464727	3173	22444	3355
SKNSH_skew	[-0.05,0.05)	non-cCRE	LOW_FREQ	non-CpG-ti	3744773	3744773	598794.28	136073.751108	3701749	-436408.2753387848	4125838.7373128403	47120	77763	11589
SKNSH_skew	[-0.05,0.05)	non-cCRE	LOW_FREQ	non-CpG-tv	2285766	2285766	179064.311	74732.307507	2248690	-302423.4885245287	2710975.332695323	29899	47667	7939
SKNSH_skew	[-0.05,0.05)	non-cCRE	LOW_FREQ	unknown	7407	0	0	0	4874	-2047.854999749573	5972.7055479791725	8	224	90
SKNSH_skew	[-0.05,0.05)	non-cCRE	RARE	CpG-CGI	5856	5856	8307.132	16323.391268	5841	-3782.942005195771	18324.868380197695	148	1488	861
SKNSH_skew	[-0.05,0.05)	non-cCRE	RARE	CpG-nonCGI	2335377	2335377	5334130.065	12807315.319689	2303480	-1935180.606851242	5659067.382791338	10094	64367	9835
SKNSH_skew	[-0.05,0.05)	non-cCRE	RARE	non-CpG-ti	9023918	9023918	1456465.74	337171.602358	8913842	-926697.9035759782	9900417.657246966	117795	190270	28021
SKNSH_skew	[-0.05,0.05)	non-cCRE	RARE	non-CpG-tv	5562730	5562730	423966.397	152905.68635899998	5465778	-594420.7947069186	6415705.804700435	76248	117563	19943
SKNSH_skew	[-0.05,0.05)	non-cCRE	RARE	unknown	17436	0	0	0	11032	-4172.989996357239	13567.590063118945	26	646	193
SKNSH_skew	[-0.05,0.05)	non-cCRE	SINGLETON	CpG-CGI	22657	22657	16503.002	21909.86961	22621	-6526.487009186531	69002.78299648278	1128	7421	6507
SKNSH_skew	[-0.05,0.05)	non-cCRE	SINGLETON	CpG-nonCGI	1778433	1778433	3544135.684	7503725.649038	1769980	-1278345.2162926916	3980404.189684242	12055	65313	12428
SKNSH_skew	[-0.05,0.05)	non-cCRE	SINGLETON	non-CpG-ti	84580891	84580891	12343850.039000044	2418578.7504110155	83853738	-2107161.6339376695	83294411.53594619	1259098	1730474	262307
SKNSH_skew	[-0.05,0.05)	non-cCRE	SINGLETON	non-CpG-tv	59190835	59190835	3337864.0979999825	371896.91958999925	58483366	-1607719.2708934925	60384644.20734061	917149	1212243	196699
SKNSH_skew	[-0.05,0.05)	non-cCRE	SINGLETON	unknown	49473	0	0	0	36242	-7307.840994591707	30249.520499978185	117	1663	445
SKNSH_skew	[-0.05,0.05)	non-cCRE	ULTRARARE	CpG-CGI	26675	26675	30486.459	54414.471671	26623	-13604.072990510738	84650.0791313603	917	7588	5438
SKNSH_skew	[-0.05,0.05)	non-cCRE	ULTRARARE	CpG-nonCGI	7958224	7958224	17251343.361	39328173.592885	7905969	-6294774.960220612	18822028.77221515	41253	240810	40529
SKNSH_skew	[-0.05,0.05)	non-cCRE	ULTRARARE	non-CpG-ti	56155632	56155632	8960173.284000011	2014658.8476520078	55540579	-4315253.4065883495	59409109.20536404	765869	1155688	172908
SKNSH_skew	[-0.05,0.05)	non-cCRE	ULTRARARE	non-CpG-tv	34159524	34159524	2233740.0809999974	401880.6475449996	33632518	-2071435.6540738596	36327661.16438654	498816	713901	117900
SKNSH_skew	[-0.05,0.05)	non-cCRE	ULTRARARE	unknown	50427	0	0	0	32401	-9042.968994114082	33867.46169337261	119	2238	557
SKNSH_skew	[-0.05,0.05)	pELS	COMMON	CpG-CGI	1197	1197	713.199	771.695841	1196	-519.7400026620599	3847.8027006187235	50	519	464
SKNSH_skew	[-0.05,0.05)	pELS	COMMON	CpG-nonCGI	11822	11822	19448.989	38275.193927	11804	-10416.379985388256	39122.1429109394	148	2519	1404
SKNSH_skew	[-0.05,0.05)	pELS	COMMON	non-CpG-ti	61208	61208	8643.246000000001	1708.699724	61132	-8042.622991338487	132129.81131244713	2184	14186	6842
SKNSH_skew	[-0.05,0.05)	pELS	COMMON	non-CpG-tv	39172	39172	2847.13	1063.235202	39106	-7022.87100023206	88489.05215420556	1317	9597	5162
SKNSH_skew	[-0.05,0.05)	pELS	COMMON	unknown	108	0	0	0	100	-47.8410004749894	263.70716064164174	1	18	17
SKNSH_skew	[-0.05,0.05)	pELS	LOW_FREQ	CpG-CGI	1890	1890	1182.6970000000001	1446.650439	1887	-530.9119971070905	6081.351988884338	100	737	750
SKNSH_skew	[-0.05,0.05)	pELS	LOW_FREQ	CpG-nonCGI	15832	15832	28917.435	59991.186183	15798	-13465.932999781686	52974.95804381734	220	2991	2021
SKNSH_skew	[-0.05,0.05)	pELS	LOW_FREQ	non-CpG-ti	70125	70125	10382.847	2132.900725	70024	3704.36600429297	158023.33705388554	3231	13952	8108
SKNSH_skew	[-0.05,0.05)	pELS	LOW_FREQ	non-CpG-tv	44949	44949	3309.572	1034.979396	44852	-589.9249993767596	103345.08271070852	2008	9452	6212
SKNSH_skew	[-0.05,0.05)	pELS	LOW_FREQ	unknown	130	0	0	0	87	-32.86300001153722	112.86136381112348	0	19	10
SKNSH_skew	[-0.05,0.05)	pELS	RARE	CpG-CGI	4935	4935	3254.4429999999998	4099.8151450000005	4926	-1291.4209977132266	17206.78466221907	288	1913	1905
SKNSH_skew	[-0.05,0.05)	pELS	RARE	CpG-nonCGI	45121	45121	83425.294	173943.289642	45051	-38917.880993262275	158862.52157628068	696	8585	5704
SKNSH_skew	[-0.05,0.05)	pELS	RARE	non-CpG-ti	174577	174577	26088.177	5445.740891	174404	16059.787972801712	409069.3835331181	8922	35122	20570
SKNSH_skew	[-0.05,0.05)	pELS	RARE	non-CpG-tv	114151	114151	8258.175	2170.156019	113932	5537.9659978869595	268038.9748421673	5745	24751	16112
SKNSH_skew	[-0.05,0.05)	pELS	RARE	unknown	585	0	0	0	495	-217.66800018562944	845.6698434702093	3	272	53
SKNSH_skew	[-0.05,0.05)	pELS	SINGLETON	CpG-CGI	37564	37564	17537.506	13709.580444	37555	-2441.3709886543247	125259.74710688485	2748	14572	16372
SKNSH_skew	[-0.05,0.05)	pELS	SINGLETON	CpG-nonCGI	85782	85782	117372.017	205650.82357100002	85714	-53152.575992869715	253817.58100913244	2050	20790	13249
SKNSH_skew	[-0.05,0.05)	pELS	SINGLETON	non-CpG-ti	1711552	1711552	236476.172	42091.424776	1710401	319660.2778805754	3642466.8953082673	96249	343279	197360
SKNSH_skew	[-0.05,0.05)	pELS	SINGLETON	non-CpG-tv	1248221	1248221	71938.965	7559.988297	1247094	173278.68602561316	2862597.5324727334	70423	264303	163029
SKNSH_skew	[-0.05,0.05)	pELS	SINGLETON	unknown	1820	0	0	0	1758	-350.1689991650639	3353.8660661079507	39	595	162
SKNSH_skew	[-0.05,0.05)	pELS	ULTRARARE	CpG-CGI	30967	30967	17536.193	18439.223801	30952	-4828.894001363546	104471.86793872429	2114	11932	12707
SKNSH_skew	[-0.05,0.05)	pELS	ULTRARARE	CpG-nonCGI	202853	202853	352086.474	702814.048144	202621	-159122.70895146206	663918.5961428327	3720	40448	27003
SKNSH_skew	[-0.05,0.05)	pELS	ULTRARARE	non-CpG-ti	1112760	1112760	165326.614	33490.008474	1111878	144335.54300356057	2499977.3047144283	60048	227001	130576
SKNSH_skew	[-0.05,0.05)	pELS	ULTRARARE	non-CpG-tv	721287	721287	46826.563	6905.391385	720375	68552.49399114578	1716160.2188863687	38856	154684	98367
SKNSH_skew	[-0.05,0.05)	pELS	ULTRARARE	unknown	3232	0	0	0	3121	-817.4609974658817	6298.797061816437	72	1414	248
SKNSH_skew	[-0.2,-0.05)	Other cCREs	COMMON	CpG-CGI	506	506	891.135	1862.646919	499	-417.84900064091215	1721.6555921379804	9	76	15
SKNSH_skew	[-0.2,-0.05)	Other cCREs	COMMON	CpG-nonCGI	45107	45107	91449.261	207444.098079	44673	-40515.10997642531	130795.26485528429	287	2259	2078
SKNSH_skew	[-0.2,-0.05)	Other cCREs	COMMON	non-CpG-ti	44594	44594	6089.499	1148.900743	44363	-7814.029983017944	69521.91314623842	1003	1844	2294
SKNSH_skew	[-0.2,-0.05)	Other cCREs	COMMON	non-CpG-tv	34746	34746	2329.713	402.427709	34492	-8050.726997349182	56194.29273488806	734	1479	1765
SKNSH_skew	[-0.2,-0.05)	Other cCREs	COMMON	unknown	126	0	0	0	89	-37.867000427097075	124.56482565835009	0	14	3
SKNSH_skew	[-0.2,-0.05)	Other cCREs	LOW_FREQ	CpG-CGI	743	743	1364.579	2884.669315	737	-523.7369992455934	2420.1003246631944	17	95	14
SKNSH_skew	[-0.2,-0.05)	Other cCREs	LOW_FREQ	CpG-nonCGI	58507	58507	131675.176	314791.757878	57833	-50835.004969239715	170553.46901597182	485	2449	2897
SKNSH_skew	[-0.2,-0.05)	Other cCREs	LOW_FREQ	non-CpG-ti	48992	48992	6985.274	1365.704402	48689	408.93401067040355	67289.91232299329	1363	1583	2472
SKNSH_skew	[-0.2,-0.05)	Other cCREs	LOW_FREQ	non-CpG-tv	38277	38277	2692.19	495.398778	37916	-3075.384001205443	60269.49258109163	975	1295	1996
SKNSH_skew	[-0.2,-0.05)	Other cCREs	LOW_FREQ	unknown	253	0	0	0	147	-43.35099987126887	112.71599874405375	0	16	6
SKNSH_skew	[-0.2,-0.05)	Other cCREs	RARE	CpG-CGI	2223	2223	4233.392	9175.942568	2201	-1736.0510001510847	8410.48857390038	46	323	59
SKNSH_skew	[-0.2,-0.05)	Other cCREs	RARE	CpG-nonCGI	170144	170144	383814.642	918253.8330100001	168165	-147484.0249309954	492676.6507689374	1409	7186	8448
SKNSH_skew	[-0.2,-0.05)	Other cCREs	RARE	non-CpG-ti	117409	117409	16752.057	3297.051777	116691	4048.1820352800423	164151.37349735576	3434	3991	6187
SKNSH_skew	[-0.2,-0.05)	Other cCREs	RARE	non-CpG-tv	93848	93848	6736.782	1246.908296	92893	-4630.156973642063	146100.08880173683	2624	3291	5117
SKNSH_skew	[-0.2,-0.05)	Other cCREs	RARE	unknown	616	0	0	0	311	-77.38200007379056	207.0826385443326	0	31	16
SKNSH_skew	[-0.2,-0.05)	Other cCREs	SINGLETON	CpG-CGI	3880	3880	5445.353	9885.828459	3856	-2400.014001563308	13833.72465010197	116	538	218
SKNSH_skew	[-0.2,-0.05)	Other cCREs	SINGLETON	CpG-nonCGI	140212	140212	276809.149	589451.665083	139463	-108584.0429529762	386475.241553788	1605	6312	7283
SKNSH_skew	[-0.2,-0.05)	Other cCREs	SINGLETON	non-CpG-ti	1150587	1150587	152050.511	26041.186159	1146160	117600.96813296956	1572190.9076295255	37559	35571	59891
SKNSH_skew	[-0.2,-0.05)	Other cCREs	SINGLETON	non-CpG-tv	998895	998895	59078.977	6662.475033	993009	31937.755146716252	1518678.3913134485	31846	31674	52487
SKNSH_skew	[-0.2,-0.05)	Other cCREs	SINGLETON	unknown	1581	0	0	0	994	-173.54100050765558	491.5984938004471	0	99	34
SKNSH_skew	[-0.2,-0.05)	Other cCREs	ULTRARARE	CpG-CGI	7743	7743	13509.893	27813.054849	7681	-4948.607996761333	25579.43224333835	201	1147	241
SKNSH_skew	[-0.2,-0.05)	Other cCREs	ULTRARARE	CpG-nonCGI	592091	592091	1275418.7179999999	2920227.55466	587938	-492775.7477584803	1697683.2221461274	5907	25112	30028
SKNSH_skew	[-0.2,-0.05)	Other cCREs	ULTRARARE	non-CpG-ti	734268	734268	103796.463	19862.692259	730762	44492.777116858175	1013419.3991594714	22410	23305	38089
SKNSH_skew	[-0.2,-0.05)	Other cCREs	ULTRARARE	non-CpG-tv	579191	579191	39017.662	5769.935776	574472	-4890.367886313246	894478.4091764522	17515	19335	31145
SKNSH_skew	[-0.2,-0.05)	Other cCREs	ULTRARARE	unknown	1815	0	0	0	1028	-213.4529984928668	608.9373567838653	1	97	54
SKNSH_skew	[-0.2,-0.05)	PLS	COMMON	CpG-CGI	768	768	402.423	374.284401	768	-289.92199957882997	3488.5355640864273	52	353	397
SKNSH_skew	[-0.2,-0.05)	PLS	COMMON	CpG-nonCGI	1295	1295	1949.481	3798.023147	1288	-1235.5269979847365	6058.092430469921	28	368	331
SKNSH_skew	[-0.2,-0.05)	PLS	COMMON	non-CpG-ti	2625	2625	362.754	66.604584	2622	207.55800404341443	11997.360078397516	265	1002	901
SKNSH_skew	[-0.2,-0.05)	PLS	COMMON	non-CpG-tv	2686	2686	228.75799999999998	40.668102	2681	-260.18499792984204	10004.565479822277	199	1048	1092
SKNSH_skew	[-0.2,-0.05)	PLS	COMMON	unknown	3	0	0	0	3	4.32200011610985	19.1480630764728	1	0	0
SKNSH_skew	[-0.2,-0.05)	PLS	LOW_FREQ	CpG-CGI	1149	1149	630.577	639.269695	1149	21.896002574008858	4910.930283534847	116	445	613
SKNSH_skew	[-0.2,-0.05)	PLS	LOW_FREQ	CpG-nonCGI	1824	1824	3005.933	6045.816947	1818	-1395.0279997641915	8163.64801429883	71	502	517
SKNSH_skew	[-0.2,-0.05)	PLS	LOW_FREQ	non-CpG-ti	3451	3451	511.681	96.539237	3449	1980.8360012440262	17231.15722955176	523	1161	1287
SKNSH_skew	[-0.2,-0.05)	PLS	LOW_FREQ	non-CpG-tv	3544	3544	314.334	57.919368	3536	441.9720047203591	18669.736669537	390	1299	1584
SKNSH_skew	[-0.2,-0.05)	PLS	LOW_FREQ	unknown	17	0	0	0	17	8.297000082209708	28.441622840825154	1	9	3
SKNSH_skew	[-0.2,-0.05)	PLS	RARE	CpG-CGI	3342	3342	1719.136	1612.882112	3341	420.62000013270864	17377.233414151524	402	1344	1898
SKNSH_skew	[-0.2,-0.05)	PLS	RARE	CpG-nonCGI	5356	5356	9059.831	18541.531453	5336	-3310.2999991104007	23552.79050753001	245	1427	1462
SKNSH_skew	[-0.2,-0.05)	PLS	RARE	non-CpG-ti	8851	8851	1325.808	257.898664	8844	5193.561996427829	53201.78057945369	1389	3135	3519
SKNSH_skew	[-0.2,-0.05)	PLS	RARE	non-CpG-tv	9892	9892	909.929	174.349099	9874	3640.7739944081977	52962.9384751974	1359	3510	4454
SKNSH_skew	[-0.2,-0.05)	PLS	RARE	unknown	259	0	0	0	259	14.887999523431018	508.79080918543906	16	124	17
SKNSH_skew	[-0.2,-0.05)	PLS	SINGLETON	CpG-CGI	25517	25517	11787.407	9228.330199	25507	7618.880986076898	135639.39186083333	3632	10223	14795
SKNSH_skew	[-0.2,-0.05)	PLS	SINGLETON	CpG-nonCGI	12054	12054	13417.522	22149.11296	12042	-3908.356994091885	54475.04130226405	871	3664	4251
SKNSH_skew	[-0.2,-0.05)	PLS	SINGLETON	non-CpG-ti	84013	84013	11882.859	2071.905969	83957	66338.1349678107	479558.68128751335	14872	28481	32459
SKNSH_skew	[-0.2,-0.05)	PLS	SINGLETON	non-CpG-tv	97072	97072	7276.052	896.210464	96997	51384.467006568004	543462.2160428218	15022	34076	41466
SKNSH_skew	[-0.2,-0.05)	PLS	SINGLETON	unknown	180	0	0	0	180	-46.33600044995551	436.7451443803587	6	66	50
SKNSH_skew	[-0.2,-0.05)	PLS	ULTRARARE	CpG-CGI	21467	21467	10844.865	9702.383065	21458	3783.4270091301282	111051.54965607857	2749	8545	12116
SKNSH_skew	[-0.2,-0.05)	PLS	ULTRARARE	CpG-nonCGI	24507	24507	38013.873999999996	73701.74342	24470	-13971.86800204474	111544.99645613047	1330	6722	7105
SKNSH_skew	[-0.2,-0.05)	PLS	ULTRARARE	non-CpG-ti	57524	57524	8563.253	1618.106563	57488	41041.439991843195	338076.16593072127	9931	19650	22756
SKNSH_skew	[-0.2,-0.05)	PLS	ULTRARARE	non-CpG-tv	61600	61600	5253.834	810.057104	61538	27923.787988977405	353237.461596003	9232	21790	27094
SKNSH_skew	[-0.2,-0.05)	PLS	ULTRARARE	unknown	620	0	0	0	619	-25.30300004139951	1476.9317056389493	34	274	49
SKNSH_skew	[-0.2,-0.05)	dELS	COMMON	CpG-CGI	1315	1315	1901.712	3733.233548	1313	-1190.5190037474974	4973.802862315416	25	285	254
SKNSH_skew	[-0.2,-0.05)	dELS	COMMON	CpG-nonCGI	117266	117266	223517.177	483185.856319	117050	-111499.13297379624	425932.7840668804	1471	11965	16231
SKNSH_skew	[-0.2,-0.05)	dELS	COMMON	non-CpG-ti	113566	113566	15333.703	2860.780303	113390	-9349.240979822003	237844.24913902202	4446	10674	15221
SKNSH_skew	[-0.2,-0.05)	dELS	COMMON	non-CpG-tv	86683	86683	5832.679	1030.653561	86517	-11689.623013402686	182511.8581683231	3254	8247	12347
SKNSH_skew	[-0.2,-0.05)	dELS	COMMON	unknown	128	0	0	0	107	-55.189999678172136	164.2208399704713	0	7	15
SKNSH_skew	[-0.2,-0.05)	dELS	LOW_FREQ	CpG-CGI	2154	2154	3540.98	7349.01997	2146	-1875.973999266048	8844.609264534436	55	475	421
SKNSH_skew	[-0.2,-0.05)	dELS	LOW_FREQ	CpG-nonCGI	157176	157176	331341.879	752071.869747	156840	-142871.562013439	576717.6738780729	2455	13604	23295
SKNSH_skew	[-0.2,-0.05)	dELS	LOW_FREQ	non-CpG-ti	129831	129831	18231.21	3482.34021	129618	17078.8909954495	270592.22800481494	6802	9908	17836
SKNSH_skew	[-0.2,-0.05)	dELS	LOW_FREQ	non-CpG-tv	99147	99147	6946.907	1237.374501	98908	2369.0460086478843	220406.69145229046	4690	7677	15076
SKNSH_skew	[-0.2,-0.05)	dELS	LOW_FREQ	unknown	189	0	0	0	143	-65.93200031295416	367.0222662353236	2	13	34
SKNSH_skew	[-0.2,-0.05)	dELS	RARE	CpG-CGI	6023	6023	9858.072	20365.100742	6010	-4648.060004120113	23574.43538471684	197	1299	1112
SKNSH_skew	[-0.2,-0.05)	dELS	RARE	CpG-nonCGI	461271	461271	976841.366	2222595.410216	460263	-410000.33489641274	1698758.795785667	8206	39886	68891
SKNSH_skew	[-0.2,-0.05)	dELS	RARE	non-CpG-ti	315451	315451	44716.226	8696.835426	314897	54077.256985666805	688206.3573226228	17720	24617	44945
SKNSH_skew	[-0.2,-0.05)	dELS	RARE	non-CpG-tv	246295	246295	17546.753	3274.344715	245786	16594.54098915414	567432.3192225994	12957	19581	38263
SKNSH_skew	[-0.2,-0.05)	dELS	RARE	unknown	499	0	0	0	394	-165.88299931772056	599.2715368527836	2	37	83
SKNSH_skew	[-0.2,-0.05)	dELS	SINGLETON	CpG-CGI	19101	19101	17550.612	26877.944724	19062	-7822.983997225879	77778.47933405322	1167	3989	6350
SKNSH_skew	[-0.2,-0.05)	dELS	SINGLETON	CpG-nonCGI	478727	478727	891779.779	1827222.950625	478052	-366264.0249830383	1696212.3399737661	11534	45495	74874
SKNSH_skew	[-0.2,-0.05)	dELS	SINGLETON	non-CpG-ti	3193199	3193199	419960.553	70534.747051	3189011	790092.5517298266	6966989.708013183	197860	244585	442245
SKNSH_skew	[-0.2,-0.05)	dELS	SINGLETON	non-CpG-tv	2697134	2697134	157479.15600000002	17038.710018	2692554	418952.3158397851	6340983.060670387	159852	209951	383350
SKNSH_skew	[-0.2,-0.05)	dELS	SINGLETON	unknown	1350	0	0	0	1200	-259.76200044015417	1138.7294765700371	5	106	215
SKNSH_skew	[-0.2,-0.05)	dELS	ULTRARARE	CpG-CGI	28185	28185	40120.048	77703.836092	28132	-19140.764021314226	117876.28188829833	1224	6025	6617
SKNSH_skew	[-0.2,-0.05)	dELS	ULTRARARE	CpG-nonCGI	1843869	1843869	3746874.126	8208133.637042	1840946	-1562961.4389010873	6708872.727390228	36868	165371	278542
SKNSH_skew	[-0.2,-0.05)	dELS	ULTRARARE	non-CpG-ti	2022465	2022465	283747.928	53473.054018	2019542	407027.3188440821	4441215.206588489	119661	156490	284071
SKNSH_skew	[-0.2,-0.05)	dELS	ULTRARARE	non-CpG-tv	1554669	1554669	103358.634	14935.178526	1551539	171026.4409765806	3665707.8100927053	87842	122010	229613
SKNSH_skew	[-0.2,-0.05)	dELS	ULTRARARE	unknown	1397	0	0	0	1189	-339.7360012242571	1283.3259115010878	7	115	225
SKNSH_skew	[-0.2,-0.05)	non-cCRE	COMMON	CpG-CGI	1285	1285	1665.891	3174.252125	1278	-870.694997630548	4706.302031733896	34	371	200
SKNSH_skew	[-0.2,-0.05)	non-cCRE	COMMON	CpG-nonCGI	496788	496788	1033542.591	2392594.387539	490384	-459557.69268689805	1339587.64265535	1727	19323	3064
SKNSH_skew	[-0.2,-0.05)	non-cCRE	COMMON	non-CpG-ti	494992	494992	65561.412	12397.882748	489539	-114397.96487925154	653788.7103290003	6151	16311	2776
SKNSH_skew	[-0.2,-0.05)	non-cCRE	COMMON	non-CpG-tv	411930	411930	27014.852	5356.170106	405675	-119051.5378816559	582677.5962411513	4785	13269	2779
SKNSH_skew	[-0.2,-0.05)	non-cCRE	COMMON	unknown	1346	0	0	0	708	-495.0079986806959	1550.7986365967108	1	43	37
SKNSH_skew	[-0.2,-0.05)	non-cCRE	LOW_FREQ	CpG-CGI	1940	1940	2730.274	5431.15468	1931	-1156.0409968168246	5857.385644797336	51	477	301
SKNSH_skew	[-0.2,-0.05)	non-cCRE	LOW_FREQ	CpG-nonCGI	634209	634209	1465013.39	3568358.308386	623621	-572176.9826726172	1694335.172840315	2511	20128	4249
SKNSH_skew	[-0.2,-0.05)	non-cCRE	LOW_FREQ	non-CpG-ti	538470	538470	74481.588	14754.837452	530278	-20210.249856757582	575100.9276522808	8598	13880	3569
SKNSH_skew	[-0.2,-0.05)	non-cCRE	LOW_FREQ	non-CpG-tv	441951	441951	30069.648	5928.412226	432544	-51348.44184982103	536256.8542818049	6641	11513	3370
SKNSH_skew	[-0.2,-0.05)	non-cCRE	LOW_FREQ	unknown	2196	0	0	0	797	-361.7550002299248	982.7327846153682	1	54	67
SKNSH_skew	[-0.2,-0.05)	non-cCRE	RARE	CpG-CGI	5414	5414	7877.509	15966.364667	5379	-2974.1610008510766	17077.924740433282	165	1335	870
SKNSH_skew	[-0.2,-0.05)	non-cCRE	RARE	CpG-nonCGI	1851908	1851908	4292147.134	10466267.882474001	1820813	-1663729.9508754115	4967564.658268131	7681	59394	12260
SKNSH_skew	[-0.2,-0.05)	non-cCRE	RARE	non-CpG-ti	1300050	1300050	180832.837	36390.556031	1279078	-26717.08972484352	1367668.6002062422	21501	33804	8777
SKNSH_skew	[-0.2,-0.05)	non-cCRE	RARE	non-CpG-tv	1073686	1073686	74075.31	14564.492807999999	1049343	-96159.40770356765	1284670.3957036992	17329	29393	8563
SKNSH_skew	[-0.2,-0.05)	non-cCRE	RARE	unknown	5555	0	0	0	1984	-848.5510001280346	2645.7289680724793	9	192	196
SKNSH_skew	[-0.2,-0.05)	non-cCRE	SINGLETON	CpG-CGI	21634	21634	15798.911	21279.754163	21601	-4504.736991346464	69242.60139498097	1275	7153	6431
SKNSH_skew	[-0.2,-0.05)	non-cCRE	SINGLETON	CpG-nonCGI	1392149	1392149	2817082.741	6082405.230567	1383893	-1105524.5532720524	3449672.3691982594	8793	60303	15597
SKNSH_skew	[-0.2,-0.05)	non-cCRE	SINGLETON	non-CpG-ti	12657778	12657778	1607549.2569999998	276283.84746099997	12525410	591781.8465217099	12612967.662876774	236384	318363	82617
SKNSH_skew	[-0.2,-0.05)	non-cCRE	SINGLETON	non-CpG-tv	11233068	11233068	629365.648	68406.69059599994	11060000	-60735.44137111532	12535656.083828157	209751	290818	79471
SKNSH_skew	[-0.2,-0.05)	non-cCRE	SINGLETON	unknown	13022	0	0	0	6403	-1274.2220008126458	5569.968072485044	24	417	416
SKNSH_skew	[-0.2,-0.05)	non-cCRE	ULTRARARE	CpG-CGI	25596	25596	29565.748	53710.756014	25518	-10908.348994806638	82663.46321540626	1103	7194	5414
SKNSH_skew	[-0.2,-0.05)	non-cCRE	ULTRARARE	CpG-nonCGI	6275938	6275938	13832138.799	32127628.409879003	6223961	-5432954.900583012	16477359.696776496	31234	220049	50248
SKNSH_skew	[-0.2,-0.05)	non-cCRE	ULTRARARE	non-CpG-ti	8116362	8116362	1116352.4749999999	218304.952519	8003248	41296.70464319211	8368884.548557622	140223	207928	53958
SKNSH_skew	[-0.2,-0.05)	non-cCRE	ULTRARARE	non-CpG-tv	6528884	6528884	419557.715	61647.43325899999	6399572	-308565.6832676049	7544208.343141112	113585	173899	48985
SKNSH_skew	[-0.2,-0.05)	non-cCRE	ULTRARARE	unknown	15189	0	0	0	6164	-1715.5260026070755	6512.151745546817	40	541	473
SKNSH_skew	[-0.2,-0.05)	pELS	COMMON	CpG-CGI	1196	1196	702.898	769.144528	1193	-405.3799995701992	4247.637958633869	75	520	453
SKNSH_skew	[-0.2,-0.05)	pELS	COMMON	CpG-nonCGI	13504	13504	22555.945	45333.985801	13482	-12364.340993424645	46349.548988765644	151	3065	2007
SKNSH_skew	[-0.2,-0.05)	pELS	COMMON	non-CpG-ti	15855	15855	2118.798	379.974446	15840	-449.213999177678	36885.66697978716	723	4128	2729
SKNSH_skew	[-0.2,-0.05)	pELS	COMMON	non-CpG-tv	13485	13485	973.769	168.197765	13452	-1887.1999960743126	30964.623381808928	575	3569	2609
SKNSH_skew	[-0.2,-0.05)	pELS	COMMON	unknown	38	0	0	0	33	-25.35800017602741	59.96560876543364	0	7	10
SKNSH_skew	[-0.2,-0.05)	pELS	LOW_FREQ	CpG-CGI	1823	1823	1117.97	1310.387708	1820	-300.6230001022342	5096.626739294584	112	686	729
SKNSH_skew	[-0.2,-0.05)	pELS	LOW_FREQ	CpG-nonCGI	18332	18332	34182.006	72706.657274	18288	-15920.157989665391	65686.39732941565	292	3635	2807
SKNSH_skew	[-0.2,-0.05)	pELS	LOW_FREQ	non-CpG-ti	18671	18671	2642.861	500.766015	18640	4071.028004853055	46896.29846057852	1238	4326	3443
SKNSH_skew	[-0.2,-0.05)	pELS	LOW_FREQ	non-CpG-tv	16149	16149	1239.472	240.38944	16111	1152.9050091988174	43976.075988288714	942	3972	3584
SKNSH_skew	[-0.2,-0.05)	pELS	LOW_FREQ	unknown	46	0	0	0	34	-18.038000568747474	92.977780412533	0	10	9
SKNSH_skew	[-0.2,-0.05)	pELS	RARE	CpG-CGI	4881	4881	3153.589	3925.240555	4868	-526.9900016975591	17068.415289362707	328	1814	1994
SKNSH_skew	[-0.2,-0.05)	pELS	RARE	CpG-nonCGI	53165	53165	99675.932	212432.491072	53071	-46047.7419884284	189294.1289908592	903	10428	8280
SKNSH_skew	[-0.2,-0.05)	pELS	RARE	non-CpG-ti	46775	46775	6703.171	1295.967465	46711	11955.985996543895	125530.08385039405	3373	10778	9004
SKNSH_skew	[-0.2,-0.05)	pELS	RARE	non-CpG-tv	41352	41352	3234.42	641.920672	41268	4293.742999263457	115200.69357700086	2642	10120	9119
SKNSH_skew	[-0.2,-0.05)	pELS	RARE	unknown	268	0	0	0	250	-94.01099950075152	399.5471130116976	0	139	48
SKNSH_skew	[-0.2,-0.05)	pELS	SINGLETON	CpG-CGI	37036	37036	17170.996	13380.852144	37027	2595.3449915867536	129631.77344322203	3244	14587	16693
SKNSH_skew	[-0.2,-0.05)	pELS	SINGLETON	CpG-nonCGI	97372	97372	132756.636	236631.449632	97307	-58831.513995982	304026.4156076222	2707	24593	18120
SKNSH_skew	[-0.2,-0.05)	pELS	SINGLETON	non-CpG-ti	466784	466784	62426.84	10513.324756	466392	163825.95801309813	1214293.3775844765	36655	105933	87492
SKNSH_skew	[-0.2,-0.05)	pELS	SINGLETON	non-CpG-tv	437622	437622	28083.724000000002	3236.914066	437143	95262.85198838853	1215677.1926695057	32206	106220	90538
SKNSH_skew	[-0.2,-0.05)	pELS	SINGLETON	unknown	582	0	0	0	567	-104.38599947851615	853.0149813124553	2	190	96
SKNSH_skew	[-0.2,-0.05)	pELS	ULTRARARE	CpG-CGI	31047	31047	17645.458	18812.095817999998	31030	-418.3169879236954	112334.04984696442	2552	12036	13332
SKNSH_skew	[-0.2,-0.05)	pELS	ULTRARARE	CpG-nonCGI	235466	235466	413785.321	842642.740129	235170	-185737.35492810342	811328.9143446732	4928	48701	37698
SKNSH_skew	[-0.2,-0.05)	pELS	ULTRARARE	non-CpG-ti	299587	299587	42618.175	7943.401973	299306	93687.96498765137	799861.5485019092	23092	69522	58126
SKNSH_skew	[-0.2,-0.05)	pELS	ULTRARARE	non-CpG-tv	259931	259931	18969.144	2867.46336	259490	44517.88699452813	734098.1793095194	18396	63541	55858
SKNSH_skew	[-0.2,-0.05)	pELS	ULTRARARE	unknown	1049	0	0	0	1032	-339.76000047626485	1965.0726194811114	13	464	186
SKNSH_skew	[-0.5,-0.2)	Other cCREs	COMMON	CpG-CGI	123	123	205.249	415.53671099999997	122	-95.73899902217086	386.68559718853606	1	32	2
SKNSH_skew	[-0.5,-0.2)	Other cCREs	COMMON	CpG-nonCGI	8615	8615	17494.145	39770.069333	8547	-7970.723999127748	24528.097045888167	49	473	691
SKNSH_skew	[-0.5,-0.2)	Other cCREs	COMMON	non-CpG-ti	7707	7707	1186.539	258.913571	7657	-1968.3819993314107	12600.970204129955	137	367	613
SKNSH_skew	[-0.5,-0.2)	Other cCREs	COMMON	non-CpG-tv	6294	6294	448.575	76.119001	6245	-1808.0979983396835	10717.65436810478	116	306	523
SKNSH_skew	[-0.5,-0.2)	Other cCREs	COMMON	unknown	25	0	0	0	14	-10.794999897480011	40.10438741895421	0	2	2
SKNSH_skew	[-0.5,-0.2)	Other cCREs	LOW_FREQ	CpG-CGI	184	184	373.863	848.775783	182	-133.26600029692048	781.2992548685481	4	33	2
SKNSH_skew	[-0.5,-0.2)	Other cCREs	LOW_FREQ	CpG-nonCGI	11260	11260	25175.313	60043.827221	11151	-10240.750998703763	33353.94031496282	80	498	873
SKNSH_skew	[-0.5,-0.2)	Other cCREs	LOW_FREQ	non-CpG-ti	8668	8668	1394.785	307.848963	8610	-409.01900099124765	11758.428332534862	198	331	737
SKNSH_skew	[-0.5,-0.2)	Other cCREs	LOW_FREQ	non-CpG-tv	7103	7103	524.662	87.405822	7011	-1034.638997880742	10620.856805426294	149	281	634
SKNSH_skew	[-0.5,-0.2)	Other cCREs	LOW_FREQ	unknown	64	0	0	0	25	-10.420999906957151	19.485794672669787	0	7	5
SKNSH_skew	[-0.5,-0.2)	Other cCREs	RARE	CpG-CGI	504	504	976.678	2131.5571019999998	494	-326.88199803140003	1859.4398644860564	18	91	16
SKNSH_skew	[-0.5,-0.2)	Other cCREs	RARE	CpG-nonCGI	32847	32847	74069.224	177657.335172	32547	-29319.20298642491	93811.94885436905	256	1559	2628
SKNSH_skew	[-0.5,-0.2)	Other cCREs	RARE	non-CpG-ti	20701	20701	3387.157	776.983983	20550	-301.2990005373717	29546.580022647468	529	782	1839
SKNSH_skew	[-0.5,-0.2)	Other cCREs	RARE	non-CpG-tv	17563	17563	1324.373	238.271719	17343	-1955.4219938779722	27352.333639835488	443	706	1557
SKNSH_skew	[-0.5,-0.2)	Other cCREs	RARE	unknown	146	0	0	0	72	-29.577999763190768	95.5476240041127	0	6	13
SKNSH_skew	[-0.5,-0.2)	Other cCREs	SINGLETON	CpG-CGI	933	933	1299.239	2342.447865	927	-513.1889991365607	3188.470976258403	29	162	88
SKNSH_skew	[-0.5,-0.2)	Other cCREs	SINGLETON	CpG-nonCGI	27929	27929	54795.154	116564.099864	27776	-21691.599981328814	72432.57023510635	302	1429	2397
SKNSH_skew	[-0.5,-0.2)	Other cCREs	SINGLETON	non-CpG-ti	193678	193678	28873.03	5586.925194	192775	11380.882023742766	274584.8629802805	5719	6617	17443
SKNSH_skew	[-0.5,-0.2)	Other cCREs	SINGLETON	non-CpG-tv	185813	185813	11613.802	1312.78206	184471	-7347.74497991963	285617.9689795358	4993	6751	16530
SKNSH_skew	[-0.5,-0.2)	Other cCREs	SINGLETON	unknown	325	0	0	0	205	-48.60900017619133	112.72920298730739	0	10	20
SKNSH_skew	[-0.5,-0.2)	Other cCREs	ULTRARARE	CpG-CGI	1824	1824	3253.286	6766.876066	1803	-1329.7729977123677	6416.933248328652	48	310	64
SKNSH_skew	[-0.5,-0.2)	Other cCREs	ULTRARARE	CpG-nonCGI	115783	115783	249091.166	571140.356878	115109	-99565.31793844666	325359.462162486	973	5364	9493
SKNSH_skew	[-0.5,-0.2)	Other cCREs	ULTRARARE	non-CpG-ti	128656	128656	20714.329999999998	4587.180918	127836	1699.32501503767	186707.34735156246	3572	4624	11349
SKNSH_skew	[-0.5,-0.2)	Other cCREs	ULTRARARE	non-CpG-tv	109840	109840	7817.176	1180.36934	108728	-8200.495993134333	172233.03321698678	2778	4223	9911
SKNSH_skew	[-0.5,-0.2)	Other cCREs	ULTRARARE	unknown	365	0	0	0	214	-66.0220001116395	217.89329960433443	0	22	19
SKNSH_skew	[-0.5,-0.2)	PLS	COMMON	CpG-CGI	218	218	103.31700000000001	83.533641	218	29.948000213596966	923.6630500018557	28	92	115
SKNSH_skew	[-0.5,-0.2)	PLS	COMMON	CpG-nonCGI	322	322	471.964	871.616414	320	-209.26700095506393	1091.9730289837644	10	114	115
SKNSH_skew	[-0.5,-0.2)	PLS	COMMON	non-CpG-ti	790	790	118.919	25.109665	790	261.55199899128644	4395.704125048891	111	342	331
SKNSH_skew	[-0.5,-0.2)	PLS	COMMON	non-CpG-tv	915	915	76.905	13.915839	915	139.1280024001607	4223.0819598566295	101	433	422
SKNSH_skew	[-0.5,-0.2)	PLS	COMMON	unknown	6	0	0	0	6	6.59700015187264	30.312357126508427	1	1	3
SKNSH_skew	[-0.5,-0.2)	PLS	LOW_FREQ	CpG-CGI	378	378	187.272	164.882162	378	225.1680001141504	2318.5977548055657	72	159	207
SKNSH_skew	[-0.5,-0.2)	PLS	LOW_FREQ	CpG-nonCGI	493	493	817.669	1681.115943	491	-328.27599962439854	1977.1094878172894	24	142	180
SKNSH_skew	[-0.5,-0.2)	PLS	LOW_FREQ	non-CpG-ti	1128	1128	179.54	37.85025	1127	961.1980042560026	7614.7000236934	250	420	524
SKNSH_skew	[-0.5,-0.2)	PLS	LOW_FREQ	non-CpG-tv	1308	1308	119.611	23.887575	1308	900.1420001793886	7854.849651714929	238	495	713
SKNSH_skew	[-0.5,-0.2)	PLS	LOW_FREQ	unknown	2	0	0	0	2	1.0159999877214432	0.6523699874627592	0	1	0
SKNSH_skew	[-0.5,-0.2)	PLS	RARE	CpG-CGI	1111	1111	537.625	459.526643	1110	998.1590025672924	7781.260744623378	238	480	657
SKNSH_skew	[-0.5,-0.2)	PLS	RARE	CpG-nonCGI	1458	1458	2374.007	4764.670701	1457	-570.8109985771591	6730.852356346329	113	427	562
SKNSH_skew	[-0.5,-0.2)	PLS	RARE	non-CpG-ti	3156	3156	510.96	112.464458	3153	3596.084002410644	26086.877699996163	766	1210	1510
SKNSH_skew	[-0.5,-0.2)	PLS	RARE	non-CpG-tv	3715	3715	350.952	66.521638	3711	3096.746996839531	26615.621161815838	765	1400	1944
SKNSH_skew	[-0.5,-0.2)	PLS	RARE	unknown	18	0	0	0	18	6.562999881803997	43.36955687032684	2	5	1
SKNSH_skew	[-0.5,-0.2)	PLS	SINGLETON	CpG-CGI	9237	9237	4113.067	3126.588101	9233	9311.22199480876	74087.51210146552	2218	3827	5762
SKNSH_skew	[-0.5,-0.2)	PLS	SINGLETON	CpG-nonCGI	3522	3522	3671.499	5908.458673	3519	281.0390072613952	19601.588706839848	395	1082	1604
SKNSH_skew	[-0.5,-0.2)	PLS	SINGLETON	non-CpG-ti	29806	29806	4590.168	899.202264	29792	41460.760995262666	266678.1235671585	8211	10661	14623
SKNSH_skew	[-0.5,-0.2)	PLS	SINGLETON	non-CpG-tv	37725	37725	2874.277	350.100735	37697	41015.33598320292	299085.48966234195	9046	14099	19804
SKNSH_skew	[-0.5,-0.2)	PLS	SINGLETON	unknown	34	0	0	0	34	7.074999809265144	44.106538326565996	1	11	14
SKNSH_skew	[-0.5,-0.2)	PLS	ULTRARARE	CpG-CGI	7359	7359	3452.212	2868.87071	7356	5946.404001777758	56550.12193276293	1585	2995	4509
SKNSH_skew	[-0.5,-0.2)	PLS	ULTRARARE	CpG-nonCGI	6995	6995	10527.793	20488.121757	6991	-1477.4629934920245	37913.04779504722	665	2046	2889
SKNSH_skew	[-0.5,-0.2)	PLS	ULTRARARE	non-CpG-ti	20434	20434	3338.217	719.615499	20417	26398.8669775303	178401.567863653	5437	7607	10142
SKNSH_skew	[-0.5,-0.2)	PLS	ULTRARARE	non-CpG-tv	23969	23969	2072.73	332.48002	23951	23341.488003703536	188758.89953392898	5451	9039	12609
SKNSH_skew	[-0.5,-0.2)	PLS	ULTRARARE	unknown	79	0	0	0	79	21.643000543117523	215.53239724060361	5	27	16
SKNSH_skew	[-0.5,-0.2)	dELS	COMMON	CpG-CGI	343	343	498.683	976.637723	342	-295.94199890922755	1075.3342280167726	2	95	78
SKNSH_skew	[-0.5,-0.2)	dELS	COMMON	CpG-nonCGI	22722	22722	43633.638	95107.862968	22665	-21659.82398609828	78815.69028343423	270	2568	4792
SKNSH_skew	[-0.5,-0.2)	dELS	COMMON	non-CpG-ti	20882	20882	3176.814	700.4537760000001	20838	-2428.9169975043055	42599.856910276874	788	2237	4038
SKNSH_skew	[-0.5,-0.2)	dELS	COMMON	non-CpG-tv	16953	16953	1172.477	184.393707	16903	-2972.6449986532098	38038.31419093535	638	1827	3607
SKNSH_skew	[-0.5,-0.2)	dELS	COMMON	unknown	31	0	0	0	20	-8.161000005900869	21.488161121918214	0	7	7
SKNSH_skew	[-0.5,-0.2)	dELS	LOW_FREQ	CpG-CGI	472	472	763.914	1577.761478	472	-316.021999046905	1588.2685268239793	17	106	111
SKNSH_skew	[-0.5,-0.2)	dELS	LOW_FREQ	CpG-nonCGI	31183	31183	65979.523	150631.497023	31106	-27436.658999538064	106577.34448911219	509	2927	6828
SKNSH_skew	[-0.5,-0.2)	dELS	LOW_FREQ	non-CpG-ti	24688	24688	3878.387	850.906169	24632	3424.9919954616353	55501.73514458987	1399	2139	5432
SKNSH_skew	[-0.5,-0.2)	dELS	LOW_FREQ	non-CpG-tv	20328	20328	1501.374	263.077086	20253	-122.63700709317318	49050.81696826604	968	1851	4709
SKNSH_skew	[-0.5,-0.2)	dELS	LOW_FREQ	unknown	53	0	0	0	29	-18.845000065863125	48.200823066114346	0	7	11
SKNSH_skew	[-0.5,-0.2)	dELS	RARE	CpG-CGI	1467	1467	2424.791	5046.699661	1465	-960.2149983206768	5750.417751025134	62	399	322
SKNSH_skew	[-0.5,-0.2)	dELS	RARE	CpG-nonCGI	92411	92411	195661.44	446743.358898	92251	-81732.24401667925	336259.8513082055	1799	8677	20920
SKNSH_skew	[-0.5,-0.2)	dELS	RARE	non-CpG-ti	60708	60708	9691.104	2211.074612	60561	10042.690991019721	153616.5703125483	3818	5311	13398
SKNSH_skew	[-0.5,-0.2)	dELS	RARE	non-CpG-tv	50931	50931	3840.32	707.614884	50752	2441.051006934955	126571.99027871437	2877	4737	11991
SKNSH_skew	[-0.5,-0.2)	dELS	RARE	unknown	151	0	0	0	84	-66.06800019741057	204.76027883700752	0	21	36
SKNSH_skew	[-0.5,-0.2)	dELS	SINGLETON	CpG-CGI	4599	4599	4236.606	6545.09958	4592	-1081.3869984014889	19302.182515728746	370	1023	1826
SKNSH_skew	[-0.5,-0.2)	dELS	SINGLETON	CpG-nonCGI	96967	96967	181281.576	374610.915048	96839	-72855.77602414369	345782.39320625743	2589	10041	23225
SKNSH_skew	[-0.5,-0.2)	dELS	SINGLETON	non-CpG-ti	594806	594806	86430.21	16171.533662	593802	159220.0229084085	1504013.6407554364	41358	52157	131998
SKNSH_skew	[-0.5,-0.2)	dELS	SINGLETON	non-CpG-tv	552437	552437	33661.011	3672.498775	551239	78599.48701530999	1455315.6845253492	35029	49529	124394
SKNSH_skew	[-0.5,-0.2)	dELS	SINGLETON	unknown	402	0	0	0	314	-88.6330002015457	303.9001049334469	1	35	85
SKNSH_skew	[-0.5,-0.2)	dELS	ULTRARARE	CpG-CGI	6910	6910	9609.416	18492.785016	6902	-3390.9399921766035	28984.13808105209	385	1577	1978
SKNSH_skew	[-0.5,-0.2)	dELS	ULTRARARE	CpG-nonCGI	370765	370765	755750.8369999999	1665227.451847	370164	-310771.5489321405	1335247.6700899971	8077	36484	85129
SKNSH_skew	[-0.5,-0.2)	dELS	ULTRARARE	non-CpG-ti	384268	384268	60423.463	13094.506915	383508	82393.42287955622	990443.6857320929	25702	33578	84970
SKNSH_skew	[-0.5,-0.2)	dELS	ULTRARARE	non-CpG-tv	321646	321646	22484.703	3325.810229	320779	30490.121994266992	850329.5806828749	19477	29099	74793
SKNSH_skew	[-0.5,-0.2)	dELS	ULTRARARE	unknown	414	0	0	0	271	-63.683000169694424	192.33582129502562	1	32	88
SKNSH_skew	[-0.5,-0.2)	non-cCRE	COMMON	CpG-CGI	277	277	393.359	770.828451	274	-210.6560013679555	1086.387097004846	4	84	41
SKNSH_skew	[-0.5,-0.2)	non-cCRE	COMMON	CpG-nonCGI	76695	76695	155288.892	351290.22520600003	76054	-74982.9319402401	212008.90079541094	204	3522	656
SKNSH_skew	[-0.5,-0.2)	non-cCRE	COMMON	non-CpG-ti	54422	54422	8570.186	1974.534972	53712	-17428.59899935452	78988.62022827279	545	2266	632
SKNSH_skew	[-0.5,-0.2)	non-cCRE	COMMON	non-CpG-tv	46936	46936	3231.032	487.16348	46132	-16263.53799640911	70538.81624269065	465	1962	614
SKNSH_skew	[-0.5,-0.2)	non-cCRE	COMMON	unknown	362	0	0	0	110	-66.87699977308512	190.6673497096559	0	6	32
SKNSH_skew	[-0.5,-0.2)	non-cCRE	LOW_FREQ	CpG-CGI	389	389	613.077	1289.859317	388	-228.61599936685522	1154.6130765131877	13	101	63
SKNSH_skew	[-0.5,-0.2)	non-cCRE	LOW_FREQ	CpG-nonCGI	100343	100343	226561.628	540481.799004	99295	-95644.0899190954	274532.0293846697	299	3845	905
SKNSH_skew	[-0.5,-0.2)	non-cCRE	LOW_FREQ	non-CpG-ti	60007	60007	9914.673999999999	2368.902474	58868	-7288.834978565805	69550.89419411327	815	2054	781
SKNSH_skew	[-0.5,-0.2)	non-cCRE	LOW_FREQ	non-CpG-tv	51770	51770	3743.82	610.128454	50480	-9497.505990936192	67710.25043915452	643	1802	767
SKNSH_skew	[-0.5,-0.2)	non-cCRE	LOW_FREQ	unknown	750	0	0	0	124	-55.079000413417816	162.78274159125255	0	3	38
SKNSH_skew	[-0.5,-0.2)	non-cCRE	RARE	CpG-CGI	1204	1204	1871.987	3919.4318909999997	1191	-562.3929994991051	4553.1803482394635	58	342	177
SKNSH_skew	[-0.5,-0.2)	non-cCRE	RARE	CpG-nonCGI	293565	293565	665656.951	1591096.450281	290807	-277841.5637682464	793093.8024295002	898	11088	2961
SKNSH_skew	[-0.5,-0.2)	non-cCRE	RARE	non-CpG-ti	144900	144900	24310.569	5984.077667	141948	-15994.140972350722	169019.8455023575	1971	5018	1995
SKNSH_skew	[-0.5,-0.2)	non-cCRE	RARE	non-CpG-tv	128287	128287	9451.919	1630.948865	125227	-21560.142963716415	165934.71335846145	1693	4718	2082
SKNSH_skew	[-0.5,-0.2)	non-cCRE	RARE	unknown	1655	0	0	0	348	-124.83099969197066	458.1563842804517	2	34	102
SKNSH_skew	[-0.5,-0.2)	non-cCRE	SINGLETON	CpG-CGI	4169	4169	3259.499	4769.513857	4153	303.9640070856548	16745.447559146833	410	1386	1410
SKNSH_skew	[-0.5,-0.2)	non-cCRE	SINGLETON	CpG-nonCGI	241708	241708	480522.56	1018771.052152	240780	-203435.50380099262	584113.4354451958	1097	11304	3592
SKNSH_skew	[-0.5,-0.2)	non-cCRE	SINGLETON	non-CpG-ti	1314082	1314082	197813.273	39628.355421	1299843	-21990.76972975652	1371298.8729282594	21385	43898	18149
SKNSH_skew	[-0.5,-0.2)	non-cCRE	SINGLETON	non-CpG-tv	1328239	1328239	81165.667	9074.738181	1309304	-122564.21551990476	1605095.4221941482	20528	45427	19478
SKNSH_skew	[-0.5,-0.2)	non-cCRE	SINGLETON	unknown	4131	0	0	0	1238	-330.143999357708	1037.3330201923652	0	81	234
SKNSH_skew	[-0.5,-0.2)	non-cCRE	ULTRARARE	CpG-CGI	5042	5042	6477.222	12347.651904	5018	-1459.1549965915042	17570.112659882056	304	1441	1029
SKNSH_skew	[-0.5,-0.2)	non-cCRE	ULTRARARE	CpG-nonCGI	1041518	1041518	2250042.264	5127878.539546	1036272	-953261.4042572102	2726790.375558471	3659	42220	11438
SKNSH_skew	[-0.5,-0.2)	non-cCRE	ULTRARARE	non-CpG-ti	888120	888120	146594.024	34408.559678	874391	-59105.660861970726	982885.1279658441	13241	30649	12264
SKNSH_skew	[-0.5,-0.2)	non-cCRE	ULTRARARE	non-CpG-tv	784987	784987	54746.545	7989.131353	770237	-103395.79173615354	978854.9398685179	11304	27734	12134
SKNSH_skew	[-0.5,-0.2)	non-cCRE	ULTRARARE	unknown	4846	0	0	0	1139	-389.5959997702157	1430.232494655595	3	98	279
SKNSH_skew	[-0.5,-0.2)	pELS	COMMON	CpG-CGI	280	280	150.772	155.844884	280	-1.734999666456	1438.7264996695908	23	116	123
SKNSH_skew	[-0.5,-0.2)	pELS	COMMON	CpG-nonCGI	2658	2658	4508.835	9166.672899	2652	-2249.128002069076	8023.949302426269	37	633	543
SKNSH_skew	[-0.5,-0.2)	pELS	COMMON	non-CpG-ti	3066	3066	455.257	94.047319	3059	150.01499827916274	7848.539467852587	186	902	767
SKNSH_skew	[-0.5,-0.2)	pELS	COMMON	non-CpG-tv	2805	2805	214.41400000000002	40.449666	2794	-302.6950002914525	7650.60001269513	159	890	804
SKNSH_skew	[-0.5,-0.2)	pELS	COMMON	unknown	4	0	0	0	2	-1.117999970912934	0.9777619454507838	0	2	0
SKNSH_skew	[-0.5,-0.2)	pELS	LOW_FREQ	CpG-CGI	414	414	265.966	337.374664	413	62.11599957419104	2005.8278830215709	41	176	217
SKNSH_skew	[-0.5,-0.2)	pELS	LOW_FREQ	CpG-nonCGI	3737	3737	6840.243	14464.597987000001	3730	-3271.4489914444257	13313.302780479811	66	802	897
SKNSH_skew	[-0.5,-0.2)	pELS	LOW_FREQ	non-CpG-ti	3812	3812	609.906	134.57821	3801	1340.5850010140568	12338.58364212433	365	950	1087
SKNSH_skew	[-0.5,-0.2)	pELS	LOW_FREQ	non-CpG-tv	3569	3569	296.967	62.992227	3562	518.0050029017733	13274.185130085996	286	966	1146
SKNSH_skew	[-0.5,-0.2)	pELS	LOW_FREQ	unknown	14	0	0	0	10	-8.611999943852418	15.738519758130915	0	5	2
SKNSH_skew	[-0.5,-0.2)	pELS	RARE	CpG-CGI	1148	1148	763.479	1000.729561	1144	291.85500045074167	5084.131975805483	136	450	532
SKNSH_skew	[-0.5,-0.2)	pELS	RARE	CpG-nonCGI	10949	10949	20420.142	43463.427702	10934	-8965.357007094193	39872.67376068322	266	2239	2589
SKNSH_skew	[-0.5,-0.2)	pELS	RARE	non-CpG-ti	9958	9958	1594.208	353.95171600000003	9944	3863.5839984550844	36746.139259523836	988	2538	2824
SKNSH_skew	[-0.5,-0.2)	pELS	RARE	non-CpG-tv	9203	9203	785.041	156.352495	9180	2631.396996117081	34119.65906384962	897	2463	3006
SKNSH_skew	[-0.5,-0.2)	pELS	RARE	unknown	69	0	0	0	67	-20.82500011660162	64.29467750138159	0	46	8
SKNSH_skew	[-0.5,-0.2)	pELS	SINGLETON	CpG-CGI	8570	8570	3907.649	3020.632755	8568	4418.541006725398	44947.56850971744	1315	3290	4526
SKNSH_skew	[-0.5,-0.2)	pELS	SINGLETON	CpG-nonCGI	19807	19807	26835.788	47843.694106	19797	-9901.870992426644	66102.96121820065	789	5100	5400
SKNSH_skew	[-0.5,-0.2)	pELS	SINGLETON	non-CpG-ti	95131	95131	14160.278	2676.398022	95056	52339.272991083686	366145.2188479582	11065	24088	28186
SKNSH_skew	[-0.5,-0.2)	pELS	SINGLETON	non-CpG-tv	99756	99756	6775.242	806.768918	99624	39541.36302385188	382366.88296977966	10681	26675	31468
SKNSH_skew	[-0.5,-0.2)	pELS	SINGLETON	unknown	132	0	0	0	129	-37.45300001092259	293.4583510413912	2	55	23
SKNSH_skew	[-0.5,-0.2)	pELS	ULTRARARE	CpG-CGI	6965	6965	3993.449	4379.538991	6953	2891.1600033099535	34452.02322437846	983	2719	3397
SKNSH_skew	[-0.5,-0.2)	pELS	ULTRARARE	CpG-nonCGI	48236	48236	84395.922	172287.272776	48166	-34710.63999145827	166258.42049373637	1304	10525	11485
SKNSH_skew	[-0.5,-0.2)	pELS	ULTRARARE	non-CpG-ti	62993	62993	10084.689	2171.994857	62908	31253.9329971606	243902.33512327558	7204	16194	18737
SKNSH_skew	[-0.5,-0.2)	pELS	ULTRARARE	non-CpG-tv	59779	59779	4671.81	760.688902	59678	21422.905004106105	229579.6523065943	6262	16158	19450
SKNSH_skew	[-0.5,-0.2)	pELS	ULTRARARE	unknown	227	0	0	0	223	-45.53699924424289	443.4402442445127	5	95	38
SKNSH_skew	[-1.0,-0.5)	Other cCREs	COMMON	CpG-CGI	33	33	57.467	124.14982499999999	32	-19.251999799162153	80.41494103267216	0	10	1
SKNSH_skew	[-1.0,-0.5)	Other cCREs	COMMON	CpG-nonCGI	2755	2755	5645.382	12956.600578	2733	-2607.163999666927	7786.281474122319	15	151	271
SKNSH_skew	[-1.0,-0.5)	Other cCREs	COMMON	non-CpG-ti	1818	1818	288.59000000000003	65.960324	1799	-407.0790000463601	2976.1241747833224	36	99	200
SKNSH_skew	[-1.0,-0.5)	Other cCREs	COMMON	non-CpG-tv	1550	1550	103.117	12.630717	1545	-456.74799810000707	2622.470360009953	27	85	165
SKNSH_skew	[-1.0,-0.5)	Other cCREs	COMMON	unknown	4	0	0	0	4	-5.724000051617622	11.212814240704548	0	1	0
SKNSH_skew	[-1.0,-0.5)	Other cCREs	LOW_FREQ	CpG-CGI	69	69	135.298	301.777036	69	-53.012999817728996	178.2046157930184	1	18	1
SKNSH_skew	[-1.0,-0.5)	Other cCREs	LOW_FREQ	CpG-nonCGI	3485	3485	7869.7609999999995	18869.394291	3458	-3186.2579982024604	9893.453399992393	18	141	357
SKNSH_skew	[-1.0,-0.5)	Other cCREs	LOW_FREQ	non-CpG-ti	2093	2093	355.855	84.603665	2079	-63.27600132697263	2846.8301078743375	50	77	255
SKNSH_skew	[-1.0,-0.5)	Other cCREs	LOW_FREQ	non-CpG-tv	1736	1736	117.467	14.592487	1721	-304.6540004102282	2947.6027397022413	37	77	243
SKNSH_skew	[-1.0,-0.5)	Other cCREs	LOW_FREQ	unknown	7	0	0	0	4	-3.0540000647306482	5.362706293881185	0	1	2
SKNSH_skew	[-1.0,-0.5)	Other cCREs	RARE	CpG-CGI	160	160	308.551	664.479551	156	-116.41899971337996	632.0774832414942	8	35	4
SKNSH_skew	[-1.0,-0.5)	Other cCREs	RARE	CpG-nonCGI	10143	10143	23055.065	55601.570779	10056	-8839.888998080161	27828.911832924394	72	463	1048
SKNSH_skew	[-1.0,-0.5)	Other cCREs	RARE	non-CpG-ti	4881	4881	842.87	212.39323	4845	-99.07199782866533	7427.433058881821	123	182	614
SKNSH_skew	[-1.0,-0.5)	Other cCREs	RARE	non-CpG-tv	4394	4394	297.902	37.042554	4348	-617.6449953984702	7041.94856640735	86	148	523
SKNSH_skew	[-1.0,-0.5)	Other cCREs	RARE	unknown	22	0	0	0	15	0.837999992072578	7.468210106589794	0	1	6
SKNSH_skew	[-1.0,-0.5)	Other cCREs	SINGLETON	CpG-CGI	273	273	400.036	746.044562	270	-127.50099992658944	934.5733563677105	9	55	22
SKNSH_skew	[-1.0,-0.5)	Other cCREs	SINGLETON	CpG-nonCGI	8379	8379	16503.1	35374.021762	8332	-6832.304996578838	22867.21561556154	62	407	973
SKNSH_skew	[-1.0,-0.5)	Other cCREs	SINGLETON	non-CpG-ti	46355	46355	7205.83	1487.461172	46120	3894.3050001630354	73418.29474523177	1502	1551	6034
SKNSH_skew	[-1.0,-0.5)	Other cCREs	SINGLETON	non-CpG-tv	46449	46449	2879.675	298.335855	46133	-2454.2039810628626	74104.29964703802	1210	1754	5933
SKNSH_skew	[-1.0,-0.5)	Other cCREs	SINGLETON	unknown	61	0	0	0	45	-15.31900000572204	38.948699477539414	0	1	12
SKNSH_skew	[-1.0,-0.5)	Other cCREs	ULTRARARE	CpG-CGI	586	586	1047.692	2184.833228	581	-342.383000448579	1737.7920269252281	19	126	27
SKNSH_skew	[-1.0,-0.5)	Other cCREs	ULTRARARE	CpG-nonCGI	35228	35228	76587.462	177402.383356	35013	-29681.81798252778	96549.73236997981	299	1573	3729
SKNSH_skew	[-1.0,-0.5)	Other cCREs	ULTRARARE	non-CpG-ti	31032	31032	5311.362	1303.920922	30857	1403.036009378032	50942.52010493236	998	1122	4038
SKNSH_skew	[-1.0,-0.5)	Other cCREs	ULTRARARE	non-CpG-tv	26801	26801	1801.074	211.790398	26580	-2686.1049939704817	42363.679375055224	628	1019	3331
SKNSH_skew	[-1.0,-0.5)	Other cCREs	ULTRARARE	unknown	51	0	0	0	30	-14.272000014781955	89.05846796398836	0	4	7
SKNSH_skew	[-1.0,-0.5)	PLS	COMMON	CpG-CGI	69	69	46.831	66.29679900000001	69	33.97000008821488	271.67496565065363	9	42	37
SKNSH_skew	[-1.0,-0.5)	PLS	COMMON	CpG-nonCGI	112	112	179.782	363.237328	112	-54.67599962651726	781.7272309921775	12	48	40
SKNSH_skew	[-1.0,-0.5)	PLS	COMMON	non-CpG-ti	217	217	32.84	7.311514	217	175.50500181689856	1631.74952427101	50	93	108
SKNSH_skew	[-1.0,-0.5)	PLS	COMMON	non-CpG-tv	240	240	19.869	2.765963	240	138.81699918909004	1287.4430353884648	42	118	127
SKNSH_skew	[-1.0,-0.5)	PLS	LOW_FREQ	CpG-CGI	144	144	78.662	79.55909	144	190.20999939367158	1181.6500501271637	34	67	78
SKNSH_skew	[-1.0,-0.5)	PLS	LOW_FREQ	CpG-nonCGI	207	207	326.249	650.983851	205	-7.125000717118248	1190.665388516945	24	59	96
SKNSH_skew	[-1.0,-0.5)	PLS	LOW_FREQ	non-CpG-ti	361	361	63.902	18.21099	361	514.8570018158061	3225.307836061292	105	157	197
SKNSH_skew	[-1.0,-0.5)	PLS	LOW_FREQ	non-CpG-tv	420	420	31.099	4.121373	420	385.9559985983652	2806.2074858942465	95	162	218
SKNSH_skew	[-1.0,-0.5)	PLS	LOW_FREQ	unknown	1	0	0	0	1	0.418000012636185	0.174724010563851	0	0	0
SKNSH_skew	[-1.0,-0.5)	PLS	RARE	CpG-CGI	349	349	171.117	170.074511	349	479.4150033649058	4285.612795852422	112	160	225
SKNSH_skew	[-1.0,-0.5)	PLS	RARE	CpG-nonCGI	574	574	962.612	1968.092068	573	-160.39999949664343	3112.4624088821834	59	181	255
SKNSH_skew	[-1.0,-0.5)	PLS	RARE	non-CpG-ti	931	931	162.507	40.337709	931	1736.503002826241	11869.86779210383	346	346	521
SKNSH_skew	[-1.0,-0.5)	PLS	RARE	non-CpG-tv	1164	1164	87.765	10.189491	1163	1774.922002238688	11978.522817029512	355	414	683
SKNSH_skew	[-1.0,-0.5)	PLS	SINGLETON	CpG-CGI	3206	3206	1394.475	1006.839421	3205	6316.610992596603	42906.39134737506	1219	1356	2086
SKNSH_skew	[-1.0,-0.5)	PLS	SINGLETON	CpG-nonCGI	1399	1399	1520.772	2530.8600539999998	1398	840.787997145089	11096.717770626672	266	445	776
SKNSH_skew	[-1.0,-0.5)	PLS	SINGLETON	non-CpG-ti	10110	10110	1637.356	359.512136	10104	23624.35399873485	149129.66177620814	4162	3802	5772
SKNSH_skew	[-1.0,-0.5)	PLS	SINGLETON	non-CpG-tv	13419	13419	958.229	104.698063	13405	25016.9119933775	163987.2062254818	4706	5202	7759
SKNSH_skew	[-1.0,-0.5)	PLS	SINGLETON	unknown	8	0	0	0	8	-6.921999886631967	121.88171934781141	0	0	3
SKNSH_skew	[-1.0,-0.5)	PLS	ULTRARARE	CpG-CGI	2447	2447	1150.935	979.935121	2445	4326.237001001488	29996.678351910046	848	1060	1529
SKNSH_skew	[-1.0,-0.5)	PLS	ULTRARARE	CpG-nonCGI	2609	2609	3959.9900000000002	7680.012352	2608	692.3029964746672	18461.94752617325	387	755	1323
SKNSH_skew	[-1.0,-0.5)	PLS	ULTRARARE	non-CpG-ti	6715	6715	1184.945	302.870505	6712	14539.138991793616	92163.7063663222	2638	2496	3761
SKNSH_skew	[-1.0,-0.5)	PLS	ULTRARARE	non-CpG-tv	8029	8029	601.717	71.546893	8021	13423.62199723675	90517.67871876828	2620	3140	4654
SKNSH_skew	[-1.0,-0.5)	PLS	ULTRARARE	unknown	9	0	0	0	9	3.1709999665617867	26.08535265797389	1	3	5
SKNSH_skew	[-1.0,-0.5)	dELS	COMMON	CpG-CGI	118	118	174.12800000000001	342.371518	118	-99.73500147741294	425.3561288082492	5	25	28
SKNSH_skew	[-1.0,-0.5)	dELS	COMMON	CpG-nonCGI	6790	6790	13140.662	28787.55258	6776	-6595.445999395219	22639.420891525508	68	747	1772
SKNSH_skew	[-1.0,-0.5)	dELS	COMMON	non-CpG-ti	4983	4983	781.278	182.147226	4979	-453.91000035509944	11874.248942735692	239	575	1358
SKNSH_skew	[-1.0,-0.5)	dELS	COMMON	non-CpG-tv	4169	4169	265.784	28.968322	4162	-760.8639991873641	8945.361728307835	145	505	1133
SKNSH_skew	[-1.0,-0.5)	dELS	COMMON	unknown	5	0	0	0	4	-3.189000107347967	4.2395353090727435	0	0	0
SKNSH_skew	[-1.0,-0.5)	dELS	LOW_FREQ	CpG-CGI	141	141	206.373	406.401371	141	-42.60799965076149	477.38277653880584	12	35	43
SKNSH_skew	[-1.0,-0.5)	dELS	LOW_FREQ	CpG-nonCGI	9716	9716	20744.473	47690.018587	9688	-8548.418992195164	34025.017714535745	178	977	2771
SKNSH_skew	[-1.0,-0.5)	dELS	LOW_FREQ	non-CpG-ti	5862	5862	952.258	224.35039	5851	1038.5309990021633	15592.988175918745	390	485	1646
SKNSH_skew	[-1.0,-0.5)	dELS	LOW_FREQ	non-CpG-tv	4999	4999	329.797	43.546933	4982	139.15299995196972	14207.337519416484	298	462	1496
SKNSH_skew	[-1.0,-0.5)	dELS	LOW_FREQ	unknown	6	0	0	0	5	-3.3750000968575544	6.816447404515622	0	1	0
SKNSH_skew	[-1.0,-0.5)	dELS	RARE	CpG-CGI	468	468	735.678	1480.316338	467	-326.00700065575074	2419.5626073195203	23	128	129
SKNSH_skew	[-1.0,-0.5)	dELS	RARE	CpG-nonCGI	28311	28311	60335.969	138885.613057	28249	-23770.295995802728	101295.87921839589	610	2880	8344
SKNSH_skew	[-1.0,-0.5)	dELS	RARE	non-CpG-ti	14917	14917	2460.917	594.580363	14884	3848.9349981903792	44658.77845833422	1185	1345	4478
SKNSH_skew	[-1.0,-0.5)	dELS	RARE	non-CpG-tv	12686	12686	841.961	110.848699	12651	850.2919941531734	33957.03532707115	778	1237	3950
SKNSH_skew	[-1.0,-0.5)	dELS	RARE	unknown	15	0	0	0	12	-5.379999950528155	15.324639596179733	0	1	4
SKNSH_skew	[-1.0,-0.5)	dELS	SINGLETON	CpG-CGI	1408	1408	1340.127	2118.644457	1405	-71.87600324454252	7401.598161889747	144	334	589
SKNSH_skew	[-1.0,-0.5)	dELS	SINGLETON	CpG-nonCGI	29714	29714	55570.742	115416.643006	29678	-20862.172994379183	110433.01053385092	938	3173	9097
SKNSH_skew	[-1.0,-0.5)	dELS	SINGLETON	non-CpG-ti	145533	145533	21617.905	4252.184625	145293	56589.82295565113	473693.48581014504	12964	13213	45174
SKNSH_skew	[-1.0,-0.5)	dELS	SINGLETON	non-CpG-tv	141255	141255	8317.703	811.760573	140969	27514.480982718407	439108.22051510506	10465	13356	43495
SKNSH_skew	[-1.0,-0.5)	dELS	SINGLETON	unknown	55	0	0	0	40	-14.63100035488605	45.716522104812526	0	4	17
SKNSH_skew	[-1.0,-0.5)	dELS	ULTRARARE	CpG-CGI	2055	2055	2944.544	5667.579888	2051	-842.3050001738599	10510.15731845275	147	499	643
SKNSH_skew	[-1.0,-0.5)	dELS	ULTRARARE	CpG-nonCGI	113080	113080	231676.617	513850.024613	112874	-89506.16398788152	410823.0128928763	2912	11601	33777
SKNSH_skew	[-1.0,-0.5)	dELS	ULTRARARE	non-CpG-ti	94471	94471	15391.26	3594.639018	94264	30137.429967468706	303864.3719671829	8031	8590	28923
SKNSH_skew	[-1.0,-0.5)	dELS	ULTRARARE	non-CpG-tv	81021	81021	5262.903	627.036601	80820	11444.729989797808	244161.5802140418	5616	7562	25240
SKNSH_skew	[-1.0,-0.5)	dELS	ULTRARARE	unknown	62	0	0	0	50	-20.729000099003315	73.48088304300735	0	6	14
SKNSH_skew	[-1.0,-0.5)	non-cCRE	COMMON	CpG-CGI	78	78	120.42999999999999	230.671266	77	-49.98600027721841	294.76254608727567	3	25	8
SKNSH_skew	[-1.0,-0.5)	non-cCRE	COMMON	CpG-nonCGI	17506	17506	36238.33	83929.92044	17374	-16857.070979370397	47496.09471918935	38	839	217
SKNSH_skew	[-1.0,-0.5)	non-cCRE	COMMON	non-CpG-ti	9818	9818	1637.672	413.54564	9701	-3434.499999747262	15138.404470502244	97	467	148
SKNSH_skew	[-1.0,-0.5)	non-cCRE	COMMON	non-CpG-tv	8251	8251	551.313	66.472593	8115	-3300.7979949273863	12755.645134530523	66	417	156
SKNSH_skew	[-1.0,-0.5)	non-cCRE	COMMON	unknown	49	0	0	0	19	-15.434000335633757	77.60681199949818	0	2	3
SKNSH_skew	[-1.0,-0.5)	non-cCRE	LOW_FREQ	CpG-CGI	124	124	199.735	422.437981	123	-49.7590001937934	481.12378651735577	4	30	10
SKNSH_skew	[-1.0,-0.5)	non-cCRE	LOW_FREQ	CpG-nonCGI	23156	23156	53374.498999999996	130104.575111	22956	-21556.14098145977	61931.76110100658	72	948	282
SKNSH_skew	[-1.0,-0.5)	non-cCRE	LOW_FREQ	non-CpG-ti	10626	10626	1893.802	504.58858200000003	10436	-1353.867995275767	12396.588694383225	145	398	168
SKNSH_skew	[-1.0,-0.5)	non-cCRE	LOW_FREQ	non-CpG-tv	8877	8877	609.308	79.159382	8686	-2314.317996088299	12243.21617261455	87	353	160
SKNSH_skew	[-1.0,-0.5)	non-cCRE	LOW_FREQ	unknown	112	0	0	0	20	-10.251000173389922	21.790899645406977	0	1	4
SKNSH_skew	[-1.0,-0.5)	non-cCRE	RARE	CpG-CGI	343	343	572.38	1227.68374	335	-206.3099979773399	1319.7024331611624	11	98	46
SKNSH_skew	[-1.0,-0.5)	non-cCRE	RARE	CpG-nonCGI	67605	67605	156670.73799999998	383163.469458	66999	-62781.39893522954	180405.22316105818	208	2819	915
SKNSH_skew	[-1.0,-0.5)	non-cCRE	RARE	non-CpG-ti	25574	25574	4650.493	1272.342047	25151	-2861.579987671227	30968.577268011646	359	1007	491
SKNSH_skew	[-1.0,-0.5)	non-cCRE	RARE	non-CpG-tv	21614	21614	1517.905	212.839679	21171	-4542.621985861916	30241.556747740102	293	913	475
SKNSH_skew	[-1.0,-0.5)	non-cCRE	RARE	unknown	244	0	0	0	48	-23.460999628528942	47.61760326647062	0	3	15
SKNSH_skew	[-1.0,-0.5)	non-cCRE	SINGLETON	CpG-CGI	1106	1106	944.761	1449.938231	1101	233.80999790900395	5996.265423645793	134	384	362
SKNSH_skew	[-1.0,-0.5)	non-cCRE	SINGLETON	CpG-nonCGI	52314	52314	105768.48300000001	229897.820297	52063	-43314.33095082944	129305.53846650034	247	2786	1109
SKNSH_skew	[-1.0,-0.5)	non-cCRE	SINGLETON	non-CpG-ti	221972	221972	35655.352	7717.606344	219651	-3903.2089504543687	240199.8079134443	3563	8373	4614
SKNSH_skew	[-1.0,-0.5)	non-cCRE	SINGLETON	non-CpG-tv	228776	228776	14258.064	1495.105394	225928	-32526.822925113964	298381.8802659625	3278	9494	5139
SKNSH_skew	[-1.0,-0.5)	non-cCRE	SINGLETON	unknown	618	0	0	0	187	-40.166000273195095	157.30933933820475	1	13	54
SKNSH_skew	[-1.0,-0.5)	non-cCRE	ULTRARARE	CpG-CGI	1569	1569	2103.95	4068.528708	1559	-258.73900051671086	6540.988100885505	118	421	305
SKNSH_skew	[-1.0,-0.5)	non-cCRE	ULTRARARE	CpG-nonCGI	231277	231277	511693.44	1197852.319376	229948	-207507.2137915613	605535.7814620379	875	10415	3756
SKNSH_skew	[-1.0,-0.5)	non-cCRE	ULTRARARE	non-CpG-ti	154131	154131	27509.885	7122.027885	152024	-10563.800925349118	177549.59323849372	2294	5915	3067
SKNSH_skew	[-1.0,-0.5)	non-cCRE	ULTRARARE	non-CpG-tv	135786	135786	9257.051	1128.659641	133629	-24989.157938459448	183122.81745683268	1851	5701	3063
SKNSH_skew	[-1.0,-0.5)	non-cCRE	ULTRARARE	unknown	760	0	0	0	173	-78.56600023061037	262.92467900084966	0	7	47
SKNSH_skew	[-1.0,-0.5)	pELS	COMMON	CpG-CGI	59	59	41.169	52.757397	59	-31.42999972403051	160.45073433964095	2	28	22
SKNSH_skew	[-1.0,-0.5)	pELS	COMMON	CpG-nonCGI	791	791	1337.655	2718.746565	790	-723.4509992233944	2803.9341244770335	11	202	223
SKNSH_skew	[-1.0,-0.5)	pELS	COMMON	non-CpG-ti	657	657	100.908	21.950844	656	85.76499992131735	3124.9181127768634	60	183	208
SKNSH_skew	[-1.0,-0.5)	pELS	COMMON	non-CpG-tv	633	633	43.377	5.063559	633	-33.047999275615496	1437.538244988149	35	198	211
SKNSH_skew	[-1.0,-0.5)	pELS	LOW_FREQ	CpG-CGI	100	100	71.628	89.51423	100	30.516999403014786	398.4124796366052	12	45	49
SKNSH_skew	[-1.0,-0.5)	pELS	LOW_FREQ	CpG-nonCGI	1159	1159	2167.293	4627.876331	1155	-894.6150002406208	3770.1445063537553	18	225	328
SKNSH_skew	[-1.0,-0.5)	pELS	LOW_FREQ	non-CpG-ti	888	888	153.145	40.375685	885	461.1900010242828	4031.082451197214	112	208	336
SKNSH_skew	[-1.0,-0.5)	pELS	LOW_FREQ	non-CpG-tv	873	873	64.759	8.315463	872	191.31899949954814	3541.5980147465157	88	256	337
SKNSH_skew	[-1.0,-0.5)	pELS	LOW_FREQ	unknown	1	0	0	0	0	0	0	0	0	0
SKNSH_skew	[-1.0,-0.5)	pELS	RARE	CpG-CGI	300	300	214.452	295.201536	300	194.70199844811577	1831.1668778678516	56	138	155
SKNSH_skew	[-1.0,-0.5)	pELS	RARE	CpG-nonCGI	3218	3218	5987.584	12826.649114	3211	-2362.2290027544373	11860.072422244211	89	721	988
SKNSH_skew	[-1.0,-0.5)	pELS	RARE	non-CpG-ti	2280	2280	384.129	96.287165	2275	1358.3230055024612	11018.909018288148	318	621	863
SKNSH_skew	[-1.0,-0.5)	pELS	RARE	non-CpG-tv	2222	2222	163.461	22.056755	2218	1117.638000818203	10221.10295110355	291	591	834
SKNSH_skew	[-1.0,-0.5)	pELS	RARE	unknown	14	0	0	0	14	-2.593000113964078	24.327009123358508	1	7	3
SKNSH_skew	[-1.0,-0.5)	pELS	SINGLETON	CpG-CGI	2375	2375	1072.943	808.534041	2375	2331.9130035105627	19111.42396687502	539	976	1308
SKNSH_skew	[-1.0,-0.5)	pELS	SINGLETON	CpG-nonCGI	5844	5844	7957.643	14264.241357	5842	-2289.9129992461526	22401.360792678563	322	1581	1981
SKNSH_skew	[-1.0,-0.5)	pELS	SINGLETON	non-CpG-ti	22568	22568	3469.482	701.495664	22536	19226.89499923878	132057.3355336521	3757	5927	8540
SKNSH_skew	[-1.0,-0.5)	pELS	SINGLETON	non-CpG-tv	25335	25335	1646.501	172.438199	25297	16210.226993781751	135221.18805022142	3743	7120	10035
SKNSH_skew	[-1.0,-0.5)	pELS	SINGLETON	unknown	32	0	0	0	30	-13.973999856039887	70.45930850547049	1	14	1
SKNSH_skew	[-1.0,-0.5)	pELS	ULTRARARE	CpG-CGI	1911	1911	1105.449	1242.171493	1908	1429.6120010007871	13077.140471996227	350	799	959
SKNSH_skew	[-1.0,-0.5)	pELS	ULTRARARE	CpG-nonCGI	14385	14385	25257.466	51861.341956	14363	-8777.874995281221	54317.36704643477	586	3224	4502
SKNSH_skew	[-1.0,-0.5)	pELS	ULTRARARE	non-CpG-ti	14856	14856	2486.604	580.218422	14840	11217.56699958234	80876.77880778932	2320	3866	5646
SKNSH_skew	[-1.0,-0.5)	pELS	ULTRARARE	non-CpG-tv	14502	14502	1024.436	128.118054	14459	8057.099995313911	73073.62950629553	1985	4007	5722
SKNSH_skew	[-1.0,-0.5)	pELS	ULTRARARE	unknown	58	0	0	0	57	-26.44999921135602	130.68180815818852	1	25	1
SKNSH_skew	[-1.5,-1.0)	Other cCREs	COMMON	CpG-CGI	10	10	16.19	28.204912	10	-6.3560000360012054	10.597120148901952	0	3	0
SKNSH_skew	[-1.5,-1.0)	Other cCREs	COMMON	CpG-nonCGI	560	560	1161.3609999999999	2679.939079	557	-480.9019990963863	1331.5690142900553	3	29	50
SKNSH_skew	[-1.5,-1.0)	Other cCREs	COMMON	non-CpG-ti	329	329	54.945	13.529863	327	-101.13499952387065	621.4433883920688	4	19	45
SKNSH_skew	[-1.5,-1.0)	Other cCREs	COMMON	non-CpG-tv	302	302	21.35	2.603942	296	-78.14700154156895	450.89878901596245	5	18	42
SKNSH_skew	[-1.5,-1.0)	Other cCREs	COMMON	unknown	1	0	0	0	1	0.10700000077486	0.0114490001658201	0	0	0
SKNSH_skew	[-1.5,-1.0)	Other cCREs	LOW_FREQ	CpG-CGI	9	9	19.959	48.485462999999996	9	-8.497000053524971	20.79741499235392	0	3	0
SKNSH_skew	[-1.5,-1.0)	Other cCREs	LOW_FREQ	CpG-nonCGI	756	756	1757.2640000000001	4354.62279	748	-709.6440002974123	2234.92021363007	5	32	94
SKNSH_skew	[-1.5,-1.0)	Other cCREs	LOW_FREQ	non-CpG-ti	446	446	83.17099999999999	23.155665	443	29.35700066667053	516.0771420088516	12	19	68
SKNSH_skew	[-1.5,-1.0)	Other cCREs	LOW_FREQ	non-CpG-tv	359	359	22.794	2.222414	355	-31.77300102147266	503.2974480131095	7	13	67
SKNSH_skew	[-1.5,-1.0)	Other cCREs	RARE	CpG-CGI	28	28	58.352	130.73591	26	-32.73300006240604	177.17541644017658	1	6	0
SKNSH_skew	[-1.5,-1.0)	Other cCREs	RARE	CpG-nonCGI	2237	2237	5170.765	12662.998615	2217	-1919.0300002046865	5800.473456220303	11	84	282
SKNSH_skew	[-1.5,-1.0)	Other cCREs	RARE	non-CpG-ti	980	980	182.091	51.427211	969	-75.50600000377739	1266.3122815258243	20	41	152
SKNSH_skew	[-1.5,-1.0)	Other cCREs	RARE	non-CpG-tv	875	875	56.634	6.065046	866	-133.45200016116718	1572.1595919401698	22	44	126
SKNSH_skew	[-1.5,-1.0)	Other cCREs	RARE	unknown	2	0	0	0	1	0.0759999975562096	0.00577599962854386	0	0	0
SKNSH_skew	[-1.5,-1.0)	Other cCREs	SINGLETON	CpG-CGI	55	55	83.07	151.52869	54	-18.81000014394522	234.1526505179617	3	7	10
SKNSH_skew	[-1.5,-1.0)	Other cCREs	SINGLETON	CpG-nonCGI	1941	1941	3963.546	8774.525274	1928	-1418.440999663435	4455.296657564372	11	85	266
SKNSH_skew	[-1.5,-1.0)	Other cCREs	SINGLETON	non-CpG-ti	9408	9408	1490.94	323.253688	9344	601.417999581667	11936.301600812507	246	370	1381
SKNSH_skew	[-1.5,-1.0)	Other cCREs	SINGLETON	non-CpG-tv	9432	9432	558.47	52.424686	9347	-962.2649974371304	13038.094264395237	189	360	1266
SKNSH_skew	[-1.5,-1.0)	Other cCREs	SINGLETON	unknown	5	0	0	0	5	-0.28700002282857806	0.6709090033266543	0	1	0
SKNSH_skew	[-1.5,-1.0)	Other cCREs	ULTRARARE	CpG-CGI	119	119	214.952	459.91499	113	-47.55599899124346	600.0812887991283	6	27	11
SKNSH_skew	[-1.5,-1.0)	Other cCREs	ULTRARARE	CpG-nonCGI	7610	7610	17057.923	40689.393673	7570	-6472.79999453295	20433.42421432669	58	328	921
SKNSH_skew	[-1.5,-1.0)	Other cCREs	ULTRARARE	non-CpG-ti	6325	6325	1125.197	287.185549	6273	-0.47699915594410647	8088.883631331453	131	233	896
SKNSH_skew	[-1.5,-1.0)	Other cCREs	ULTRARARE	non-CpG-tv	5545	5545	353.65	37.835326	5465	-750.3589981406695	7609.755502936917	90	222	765
SKNSH_skew	[-1.5,-1.0)	Other cCREs	ULTRARARE	unknown	4	0	0	0	4	-0.033999979496002086	0.685028018829346	0	1	3
SKNSH_skew	[-1.5,-1.0)	PLS	COMMON	CpG-CGI	21	21	12.918999999999999	17.552221	21	21.4159999769181	183.23957066171343	7	12	12
SKNSH_skew	[-1.5,-1.0)	PLS	COMMON	CpG-nonCGI	27	27	47.555	99.817707	27	-27.970999633893346	265.5852961345028	2	9	13
SKNSH_skew	[-1.5,-1.0)	PLS	COMMON	non-CpG-ti	38	38	6.883	2.1233210000000002	37	33.72800005227332	267.3856823949224	9	13	12
SKNSH_skew	[-1.5,-1.0)	PLS	COMMON	non-CpG-tv	56	56	3.235	0.264549	56	-2.071000356227159	213.7844586376383	5	24	25
SKNSH_skew	[-1.5,-1.0)	PLS	LOW_FREQ	CpG-CGI	43	43	18.25	14.59998	43	76.34399981796744	596.6164168503523	16	21	31
SKNSH_skew	[-1.5,-1.0)	PLS	LOW_FREQ	CpG-nonCGI	42	42	73.855	156.907803	41	13.79599983990187	368.8309043376955	8	13	26
SKNSH_skew	[-1.5,-1.0)	PLS	LOW_FREQ	non-CpG-ti	76	76	11.515	2.854979	76	174.70100071467462	961.1372052112987	32	21	50
SKNSH_skew	[-1.5,-1.0)	PLS	LOW_FREQ	non-CpG-tv	96	96	6.594	0.63442	96	159.43399962596595	920.9461386678516	29	34	57
SKNSH_skew	[-1.5,-1.0)	PLS	LOW_FREQ	unknown	1	0	0	0	1	1.93900001049042	3.75972104068184	0	0	0
SKNSH_skew	[-1.5,-1.0)	PLS	RARE	CpG-CGI	116	116	62.758	73.63874	116	251.9829988838174	1653.5107876166896	52	55	73
SKNSH_skew	[-1.5,-1.0)	PLS	RARE	CpG-nonCGI	144	144	247.201	515.204421	144	116.64000059757373	1331.3979539146676	30	40	71
SKNSH_skew	[-1.5,-1.0)	PLS	RARE	non-CpG-ti	213	213	34.15	7.481814	213	493.39800010877656	3354.8789508223917	93	90	127
SKNSH_skew	[-1.5,-1.0)	PLS	RARE	non-CpG-tv	278	278	19.576999999999998	1.967811	278	539.4949989817104	3344.7756568402265	96	128	161
SKNSH_skew	[-1.5,-1.0)	PLS	RARE	unknown	2	0	0	0	2	0.136000007390976	0.00924800100517276	0	0	0
SKNSH_skew	[-1.5,-1.0)	PLS	SINGLETON	CpG-CGI	1154	1154	510.71999999999997	407.928938	1154	3385.7379972912604	22878.82254993043	593	516	782
SKNSH_skew	[-1.5,-1.0)	PLS	SINGLETON	CpG-nonCGI	436	436	504.449	859.470625	436	506.702999090776	4643.2788949769365	107	130	254
SKNSH_skew	[-1.5,-1.0)	PLS	SINGLETON	non-CpG-ti	2509	2509	388.45	80.335054	2509	7478.169994977304	47622.634485168914	1256	993	1578
SKNSH_skew	[-1.5,-1.0)	PLS	SINGLETON	non-CpG-tv	3640	3640	254.857	26.782023	3637	9435.902994486742	60206.08239922197	1666	1476	2345
SKNSH_skew	[-1.5,-1.0)	PLS	SINGLETON	unknown	2	0	0	0	2	2.093999996781354	3.675059972527027	0	1	2
SKNSH_skew	[-1.5,-1.0)	PLS	ULTRARARE	CpG-CGI	829	829	391.76800000000003	352.329418	829	2273.703007920994	15445.444045032289	388	365	559
SKNSH_skew	[-1.5,-1.0)	PLS	ULTRARARE	CpG-nonCGI	811	811	1284.744	2561.988772	811	461.99800000852	7005.882025379724	148	243	413
SKNSH_skew	[-1.5,-1.0)	PLS	ULTRARARE	non-CpG-ti	1726	1726	283.153	65.590667	1724	4844.996995588999	30936.981956666245	828	645	1087
SKNSH_skew	[-1.5,-1.0)	PLS	ULTRARARE	non-CpG-tv	2108	2108	151.466	16.57824	2105	5029.833999346593	32804.679937793546	913	868	1288
SKNSH_skew	[-1.5,-1.0)	dELS	COMMON	CpG-CGI	18	18	28.316	59.791812	18	-20.268000479787595	144.63082709717457	1	10	8
SKNSH_skew	[-1.5,-1.0)	dELS	COMMON	CpG-nonCGI	1495	1495	2971.866	6683.78628	1492	-1405.3810002881803	4980.422593285343	18	176	463
SKNSH_skew	[-1.5,-1.0)	dELS	COMMON	non-CpG-ti	992	992	156.783	36.795609	990	-96.46100035822022	2626.6083162880627	51	110	341
SKNSH_skew	[-1.5,-1.0)	dELS	COMMON	non-CpG-tv	822	822	46.778999999999996	4.3572049999999996	820	-161.8760016177548	1744.4530437440046	23	89	290
SKNSH_skew	[-1.5,-1.0)	dELS	COMMON	unknown	2	0	0	0	1	0.129999995231628	0.0168999987602234	0	0	2
SKNSH_skew	[-1.5,-1.0)	dELS	LOW_FREQ	CpG-CGI	18	18	25.631999999999998	50.151446	18	-18.837999828159813	62.98560896308661	1	5	3
SKNSH_skew	[-1.5,-1.0)	dELS	LOW_FREQ	CpG-nonCGI	2127	2127	4684.169	11126.184781	2122	-1717.5589987791607	7750.399971406277	53	203	744
SKNSH_skew	[-1.5,-1.0)	dELS	LOW_FREQ	non-CpG-ti	1210	1210	194.444	45.82424	1210	248.1230005288963	3751.2054571881786	84	105	440
SKNSH_skew	[-1.5,-1.0)	dELS	LOW_FREQ	non-CpG-tv	963	963	59.392	6.28509	960	2.34500027028847	2693.7326428631022	50	95	360
SKNSH_skew	[-1.5,-1.0)	dELS	RARE	CpG-CGI	93	93	159.8	342.107994	93	-12.376000476069704	499.61098203128444	10	21	29
SKNSH_skew	[-1.5,-1.0)	dELS	RARE	CpG-nonCGI	6390	6390	14003.236	33033.207782	6375	-5196.161003515127	21971.944675393624	141	635	2182
SKNSH_skew	[-1.5,-1.0)	dELS	RARE	non-CpG-ti	2997	2997	511.659	131.567609	2992	1049.6109985295918	9388.27425648462	264	272	1118
SKNSH_skew	[-1.5,-1.0)	dELS	RARE	non-CpG-tv	2516	2516	151.299	14.992203	2504	185.72100302274345	7166.326663332147	154	238	896
SKNSH_skew	[-1.5,-1.0)	dELS	RARE	unknown	4	0	0	0	4	-1.587999954819678	2.287247872080327	0	0	1
SKNSH_skew	[-1.5,-1.0)	dELS	SINGLETON	CpG-CGI	313	313	286.913	433.110505	311	160.38900114875293	2498.373498830088	58	82	147
SKNSH_skew	[-1.5,-1.0)	dELS	SINGLETON	CpG-nonCGI	6665	6665	12779.747	27306.816661	6661	-4229.3599973238315	21876.509592726197	218	714	2306
SKNSH_skew	[-1.5,-1.0)	dELS	SINGLETON	non-CpG-ti	29084	29084	4303.434	855.572612	29035	13253.432002409018	101463.08692845434	2881	2659	11200
SKNSH_skew	[-1.5,-1.0)	dELS	SINGLETON	non-CpG-tv	28513	28513	1596.062	141.503894	28448	5470.563003665655	86515.58256137391	2143	2815	10829
SKNSH_skew	[-1.5,-1.0)	dELS	SINGLETON	unknown	10	0	0	0	9	2.239999972283836	9.886939382863648	0	1	6
SKNSH_skew	[-1.5,-1.0)	dELS	ULTRARARE	CpG-CGI	468	468	679.226	1336.524244	468	-77.03400097973619	2191.6140176284002	41	108	155
SKNSH_skew	[-1.5,-1.0)	dELS	ULTRARARE	CpG-nonCGI	25045	25045	52863.868	120719.448632	25016	-18322.573999880464	88249.04438502122	731	2628	8800
SKNSH_skew	[-1.5,-1.0)	dELS	ULTRARARE	non-CpG-ti	19063	19063	3136.419	758.4202310000001	19025	6645.002000226988	61695.54843993767	1684	1771	7245
SKNSH_skew	[-1.5,-1.0)	dELS	ULTRARARE	non-CpG-tv	16163	16163	963.802	94.432896	16122	2558.099004982507	48526.83624250919	1132	1596	5946
SKNSH_skew	[-1.5,-1.0)	dELS	ULTRARARE	unknown	5	0	0	0	5	-0.35800001770258005	0.7181960153677467	0	1	2
SKNSH_skew	[-1.5,-1.0)	non-cCRE	COMMON	CpG-CGI	12	12	18.282	36.215745999999996	11	-10.025999911129484	19.196547717102305	0	4	1
SKNSH_skew	[-1.5,-1.0)	non-cCRE	COMMON	CpG-nonCGI	3626	3626	7699.067	18221.698199	3598	-3266.970996872755	9058.12404917314	9	162	52
SKNSH_skew	[-1.5,-1.0)	non-cCRE	COMMON	non-CpG-ti	1769	1769	300.782	74.955584	1744	-469.6879977767823	2410.4891206201123	17	87	44
SKNSH_skew	[-1.5,-1.0)	non-cCRE	COMMON	non-CpG-tv	1362	1362	83.271	8.402699	1348	-475.53100011160154	1986.4443827339705	9	67	23
SKNSH_skew	[-1.5,-1.0)	non-cCRE	COMMON	unknown	2	0	0	0	2	0.090999998152256	0.0082809996637106	0	0	0
SKNSH_skew	[-1.5,-1.0)	non-cCRE	LOW_FREQ	CpG-CGI	20	20	38.136	85.225714	20	-9.056999787688259	45.71076732208306	1	8	1
SKNSH_skew	[-1.5,-1.0)	non-cCRE	LOW_FREQ	CpG-nonCGI	4964	4964	11741.25	29277.91072	4934	-4792.784999226803	13836.193927051832	11	206	70
SKNSH_skew	[-1.5,-1.0)	non-cCRE	LOW_FREQ	non-CpG-ti	1915	1915	348.246	93.53972399999999	1896	-157.1800002763048	1924.9125633263002	21	90	37
SKNSH_skew	[-1.5,-1.0)	non-cCRE	LOW_FREQ	non-CpG-tv	1601	1601	98.531	10.570950999999999	1574	-376.38099872041505	2224.299138902451	17	53	45
SKNSH_skew	[-1.5,-1.0)	non-cCRE	LOW_FREQ	unknown	11	0	0	0	3	-4.693999998271463	22.158915962227795	0	0	0
SKNSH_skew	[-1.5,-1.0)	non-cCRE	RARE	CpG-CGI	76	76	125.751	262.469279	75	-31.53799979202452	377.27813175553405	5	25	15
SKNSH_skew	[-1.5,-1.0)	non-cCRE	RARE	CpG-nonCGI	14837	14837	35398.082	88951.735792	14722	-13137.695982252137	37048.503059750154	40	696	236
SKNSH_skew	[-1.5,-1.0)	non-cCRE	RARE	non-CpG-ti	4651	4651	857.471	226.899115	4582	-265.1839972322343	4498.808538994011	50	223	82
SKNSH_skew	[-1.5,-1.0)	non-cCRE	RARE	non-CpG-tv	3843	3843	241.595	26.481209	3785	-821.0499972302932	5010.446978374724	44	187	86
SKNSH_skew	[-1.5,-1.0)	non-cCRE	RARE	unknown	15	0	0	0	10	-4.399000160396095	18.40535447117702	0	0	0
SKNSH_skew	[-1.5,-1.0)	non-cCRE	SINGLETON	CpG-CGI	232	232	206.181	321.936175	232	189.27000018395478	2055.831585682404	53	78	87
SKNSH_skew	[-1.5,-1.0)	non-cCRE	SINGLETON	CpG-nonCGI	11443	11443	23410.529	51865.188725	11411	-8378.607984231203	25386.359165516238	54	625	263
SKNSH_skew	[-1.5,-1.0)	non-cCRE	SINGLETON	non-CpG-ti	39714	39714	6523.603	1410.626433	39269	674.7170109397274	38523.031358957676	614	1568	967
SKNSH_skew	[-1.5,-1.0)	non-cCRE	SINGLETON	non-CpG-tv	39805	39805	2324.786	219.181794	39315	-5335.794979220374	49243.369206793715	496	1744	972
SKNSH_skew	[-1.5,-1.0)	non-cCRE	SINGLETON	unknown	42	0	0	0	28	-2.3169999718666037	37.969598259038754	2	1	1
SKNSH_skew	[-1.5,-1.0)	non-cCRE	ULTRARARE	CpG-CGI	321	321	450.057	891.587693	318	47.55899986706219	2165.547260242405	47	97	71
SKNSH_skew	[-1.5,-1.0)	non-cCRE	ULTRARARE	CpG-nonCGI	49915	49915	113186.88	272129.475652	49733	-43318.20094018279	126396.03756165128	174	2402	874
SKNSH_skew	[-1.5,-1.0)	non-cCRE	ULTRARARE	non-CpG-ti	28135	28135	5167.15	1331.757802	27775	-1141.571982764523	28950.002175198835	360	1139	598
SKNSH_skew	[-1.5,-1.0)	non-cCRE	ULTRARARE	non-CpG-tv	23509	23509	1474.517	155.657563	23108	-3911.160991263696	29174.59880394191	280	970	559
SKNSH_skew	[-1.5,-1.0)	non-cCRE	ULTRARARE	unknown	57	0	0	0	46	1.8470001295209322	161.87142632534	6	3	0
SKNSH_skew	[-1.5,-1.0)	pELS	COMMON	CpG-CGI	11	11	4.195	1.807381	11	10.028999706730243	88.65419074379625	3	5	7
SKNSH_skew	[-1.5,-1.0)	pELS	COMMON	CpG-nonCGI	158	158	263.484	531.311602	158	-154.33299972512754	592.7992847644642	4	41	44
SKNSH_skew	[-1.5,-1.0)	pELS	COMMON	non-CpG-ti	159	159	24.41	6.164742	159	17.86300116963684	485.62255758430325	10	54	66
SKNSH_skew	[-1.5,-1.0)	pELS	COMMON	non-CpG-tv	118	118	7.721	0.812393	117	-14.963999480009074	315.70549198626566	7	39	46
SKNSH_skew	[-1.5,-1.0)	pELS	COMMON	unknown	1	0	0	0	1	0.133000001311302	0.0176890003488064	0	1	0
SKNSH_skew	[-1.5,-1.0)	pELS	LOW_FREQ	CpG-CGI	22	22	10.758000000000001	8.310508	22	12.857999980449677	155.44813790223128	6	10	12
SKNSH_skew	[-1.5,-1.0)	pELS	LOW_FREQ	CpG-nonCGI	245	245	489.179	1110.120029	244	-199.9460005108267	823.4572646941454	7	63	80
SKNSH_skew	[-1.5,-1.0)	pELS	LOW_FREQ	non-CpG-ti	171	171	29.975	7.407697	170	142.99600007152185	1097.6217252303854	27	36	77
SKNSH_skew	[-1.5,-1.0)	pELS	LOW_FREQ	non-CpG-tv	172	172	11.631	1.193775	171	53.88099994882946	716.8385968320264	20	44	69
SKNSH_skew	[-1.5,-1.0)	pELS	RARE	CpG-CGI	69	69	40.966	44.491598	69	33.50399868376558	614.0591133055599	13	25	38
SKNSH_skew	[-1.5,-1.0)	pELS	RARE	CpG-nonCGI	677	677	1303.367	2837.823725	676	-469.64500010688795	2876.600722215206	28	168	224
SKNSH_skew	[-1.5,-1.0)	pELS	RARE	non-CpG-ti	349	349	58.26	14.7682	349	242.57900218665597	1896.863819930082	57	98	152
SKNSH_skew	[-1.5,-1.0)	pELS	RARE	non-CpG-tv	425	425	27.114	2.725968	424	255.0679990597999	2515.7005851337444	61	125	189
SKNSH_skew	[-1.5,-1.0)	pELS	RARE	unknown	2	0	0	0	2	0.192999999970198	0.0615490004221201	0	0	0
SKNSH_skew	[-1.5,-1.0)	pELS	SINGLETON	CpG-CGI	561	561	255.748	191.84652400000002	561	1067.2949944124562	7487.888234076766	191	226	324
SKNSH_skew	[-1.5,-1.0)	pELS	SINGLETON	CpG-nonCGI	1284	1284	1864.705	3505.599677	1283	-355.30999714427185	5640.785026896434	86	344	473
SKNSH_skew	[-1.5,-1.0)	pELS	SINGLETON	non-CpG-ti	4287	4287	649.649	130.799101	4282	5104.302999515319	33290.59920302453	944	1097	1947
SKNSH_skew	[-1.5,-1.0)	pELS	SINGLETON	non-CpG-tv	4810	4810	287.83	26.551778	4805	4167.9800011966145	31139.697248707595	889	1384	2239
SKNSH_skew	[-1.5,-1.0)	pELS	SINGLETON	unknown	8	0	0	0	8	0.979000030085444	8.61417119862893	1	0	0
SKNSH_skew	[-1.5,-1.0)	pELS	ULTRARARE	CpG-CGI	449	449	268.283	300.331297	449	592.8160008686829	5284.844330140723	122	194	235
SKNSH_skew	[-1.5,-1.0)	pELS	ULTRARARE	CpG-nonCGI	3102	3102	5633.167	11953.428911	3098	-1590.7639966530269	13080.437443678627	173	674	1127
SKNSH_skew	[-1.5,-1.0)	pELS	ULTRARARE	non-CpG-ti	2751	2751	454.119	108.749533	2744	2952.20300567383	18917.36832092103	528	701	1195
SKNSH_skew	[-1.5,-1.0)	pELS	ULTRARARE	non-CpG-tv	2697	2697	171.165	16.306713	2688	2226.206005377111	18169.431237902387	493	787	1204
SKNSH_skew	[-1.5,-1.0)	pELS	ULTRARARE	unknown	18	0	0	0	18	-9.9090001899749	44.671894493024	1	1	1
SKNSH_skew	[0.05,0.2)	Other cCREs	COMMON	CpG-CGI	113	113	195.558	398.849526	112	-83.85599977895617	365.8081960694217	3	20	7
SKNSH_skew	[0.05,0.2)	Other cCREs	COMMON	CpG-nonCGI	5313	5313	10477.49	23051.335848	5229	-4930.086000369511	15480.63304534303	29	335	272
SKNSH_skew	[0.05,0.2)	Other cCREs	COMMON	non-CpG-ti	69499	69499	11525.447	2840.867045	69157	-31343.4729901799	146405.20567688608	1104	2906	3086
SKNSH_skew	[0.05,0.2)	Other cCREs	COMMON	non-CpG-tv	35694	35694	2256.795	347.320873	35467	-8118.105991062479	55470.20968887331	667	1453	1605
SKNSH_skew	[0.05,0.2)	Other cCREs	COMMON	unknown	92	0	0	0	74	-24.5260000526905	49.633496772057676	0	6	3
SKNSH_skew	[0.05,0.2)	Other cCREs	LOW_FREQ	CpG-CGI	181	181	341.549	719.368867	181	-151.08299950975925	669.0274259123156	3	28	6
SKNSH_skew	[0.05,0.2)	Other cCREs	LOW_FREQ	CpG-nonCGI	6959	6959	15053.652	34689.678116	6801	-6031.520995020285	19556.53094698489	49	361	302
SKNSH_skew	[0.05,0.2)	Other cCREs	LOW_FREQ	non-CpG-ti	71493	71493	12610.631	3299.5075269999998	71118	-15115.662995630057	129137.80381887664	1636	2277	3043
SKNSH_skew	[0.05,0.2)	Other cCREs	LOW_FREQ	non-CpG-tv	39726	39726	2659.416	410.47624	39405	-3731.9919965750314	59587.78015347758	950	1278	1752
SKNSH_skew	[0.05,0.2)	Other cCREs	LOW_FREQ	unknown	201	0	0	0	121	-37.55099970102311	116.94645161583443	0	13	5
SKNSH_skew	[0.05,0.2)	Other cCREs	RARE	CpG-CGI	565	565	1036.257	2172.697665	559	-344.8300004033371	1589.3872280841924	14	91	18
SKNSH_skew	[0.05,0.2)	Other cCREs	RARE	CpG-nonCGI	20108	20108	43521.025	100119.537521	19709	-17232.456983947653	56099.95876219377	129	1141	911
SKNSH_skew	[0.05,0.2)	Other cCREs	RARE	non-CpG-ti	170395	170395	30650.997	8235.141555	169513	-32315.700992632297	303071.93927694036	4000	5445	7316
SKNSH_skew	[0.05,0.2)	Other cCREs	RARE	non-CpG-tv	96909	96909	6414.314	895.028966	96058	-6933.022992529792	146313.05427497736	2493	3151	4241
SKNSH_skew	[0.05,0.2)	Other cCREs	RARE	unknown	476	0	0	0	248	-55.731999740004525	148.37959476676684	0	15	10
SKNSH_skew	[0.05,0.2)	Other cCREs	SINGLETON	CpG-CGI	982	982	1318.257	2290.011395	976	-604.3840007925173	2998.9442803248626	29	162	76
SKNSH_skew	[0.05,0.2)	Other cCREs	SINGLETON	CpG-nonCGI	17415	17415	32656.887000000002	66223.319395	17251	-13454.650003957688	47941.87061392608	168	930	930
SKNSH_skew	[0.05,0.2)	Other cCREs	SINGLETON	non-CpG-ti	1566013	1566013	248658.175	54152.491329	1560660	-133845.8639238296	2503988.161515835	41129	46913	68437
SKNSH_skew	[0.05,0.2)	Other cCREs	SINGLETON	non-CpG-tv	1061761	1061761	61640.872	5958.996924	1056280	-6383.994912073595	1606856.0321986498	31035	33660	46229
SKNSH_skew	[0.05,0.2)	Other cCREs	SINGLETON	unknown	1545	0	0	0	943	-144.30100075341764	544.6475264602511	2	74	34
SKNSH_skew	[0.05,0.2)	Other cCREs	ULTRARARE	CpG-CGI	1893	1893	3178.136	6323.69136	1882	-1380.07000159286	6275.111402668119	42	288	81
SKNSH_skew	[0.05,0.2)	Other cCREs	ULTRARARE	CpG-nonCGI	69431	69431	142744.172	312697.608804	68655	-58132.526953373344	193967.07833042805	562	3658	3481
SKNSH_skew	[0.05,0.2)	Other cCREs	ULTRARARE	non-CpG-ti	1068161	1068161	189683.134	48866.918624	1063860	-177292.78991580644	1857312.6648297827	25906	32659	46397
SKNSH_skew	[0.05,0.2)	Other cCREs	ULTRARARE	non-CpG-tv	609586	609586	38915.064	4548.612628	605468	-20673.827941741445	946444.8541360778	17214	19693	26611
SKNSH_skew	[0.05,0.2)	Other cCREs	ULTRARARE	unknown	1497	0	0	0	766	-190.0769995599984	628.8270420642586	0	53	20
SKNSH_skew	[0.05,0.2)	PLS	COMMON	CpG-CGI	255	255	110.985	83.498771	255	-56.852000555023515	1391.8052229784441	26	112	146
SKNSH_skew	[0.05,0.2)	PLS	COMMON	CpG-nonCGI	194	194	258.044	453.051582	194	-140.49999916553506	726.4885981272926	4	50	54
SKNSH_skew	[0.05,0.2)	PLS	COMMON	non-CpG-ti	3433	3433	517.203	111.182249	3428	-1100.5400058985695	15702.782253038928	215	1258	1085
SKNSH_skew	[0.05,0.2)	PLS	COMMON	non-CpG-tv	2446	2446	182.153	24.076059	2442	-539.2690022094175	9158.4276562549	155	1003	918
SKNSH_skew	[0.05,0.2)	PLS	COMMON	unknown	18	0	0	0	18	-2.1450000479817355	131.745677862694	3	4	5
SKNSH_skew	[0.05,0.2)	PLS	LOW_FREQ	CpG-CGI	393	393	187.707	155.306247	393	-62.9159996602684	1831.9093559077246	31	159	237
SKNSH_skew	[0.05,0.2)	PLS	LOW_FREQ	CpG-nonCGI	264	264	420.429	835.928955	263	-169.91500120377162	1151.8666520084885	12	67	74
SKNSH_skew	[0.05,0.2)	PLS	LOW_FREQ	non-CpG-ti	3812	3812	606.807	136.866559	3811	365.36899820179724	16057.863718074263	396	1250	1221
SKNSH_skew	[0.05,0.2)	PLS	LOW_FREQ	non-CpG-tv	3054	3054	251.117	45.581933	3054	57.28299895871895	13200.782542721272	283	1079	1211
SKNSH_skew	[0.05,0.2)	PLS	LOW_FREQ	unknown	11	0	0	0	11	-15.155000142753128	54.1573223645785	0	6	6
SKNSH_skew	[0.05,0.2)	PLS	RARE	CpG-CGI	1123	1123	574.282	538.915874	1122	73.91699815785972	6055.567924515504	144	493	712
SKNSH_skew	[0.05,0.2)	PLS	RARE	CpG-nonCGI	734	734	1123.451	2165.628321	730	-444.67800121067575	3382.2240378018146	35	224	236
SKNSH_skew	[0.05,0.2)	PLS	RARE	non-CpG-ti	9891	9891	1635.028	372.621484	9886	1072.812003968284	56709.462506939475	1159	3286	3378
SKNSH_skew	[0.05,0.2)	PLS	RARE	non-CpG-tv	8183	8183	687.163	107.736775	8169	1076.4760013954951	43295.14946352846	942	2878	3271
SKNSH_skew	[0.05,0.2)	PLS	RARE	unknown	327	0	0	0	327	-143.46600018499862	954.7449667366711	13	213	8
SKNSH_skew	[0.05,0.2)	PLS	SINGLETON	CpG-CGI	8561	8561	3875.303	3020.642843	8560	2475.9470003813053	48339.3594839629	1231	3449	5146
SKNSH_skew	[0.05,0.2)	PLS	SINGLETON	CpG-nonCGI	2185	2185	2101.642	3204.208718	2183	-566.4549991430248	12259.781920072282	211	704	918
SKNSH_skew	[0.05,0.2)	PLS	SINGLETON	non-CpG-ti	90004	90004	13520.38	2622.05418	89958	32434.65399188817	449233.7888143305	11855	29343	30491
SKNSH_skew	[0.05,0.2)	PLS	SINGLETON	non-CpG-tv	80823	80823	5740.3550000000005	686.095813	80763	29847.91899049795	425062.83141577226	10977	28389	31127
SKNSH_skew	[0.05,0.2)	PLS	SINGLETON	unknown	144	0	0	0	143	14.563999581150664	351.46743815258174	7	60	38
SKNSH_skew	[0.05,0.2)	PLS	ULTRARARE	CpG-CGI	7204	7204	3492.938	3041.176236	7203	1088.065996532212	41396.69015587732	965	2924	4228
SKNSH_skew	[0.05,0.2)	PLS	ULTRARARE	CpG-nonCGI	3743	3743	5304.088	9786.09821	3738	-2039.178993198438	17729.947561776018	241	1053	1369
SKNSH_skew	[0.05,0.2)	PLS	ULTRARARE	non-CpG-ti	62669	62669	10189.684	2254.557518	62628	16222.299000899528	334876.31709278584	8148	20914	21535
SKNSH_skew	[0.05,0.2)	PLS	ULTRARARE	non-CpG-tv	50656	50656	4077.73	589.763182	50616	13976.341978776507	275860.894668231	6597	18070	20323
SKNSH_skew	[0.05,0.2)	PLS	ULTRARARE	unknown	662	0	0	0	662	-149.24499980546508	1770.0096113426266	18	335	42
SKNSH_skew	[0.05,0.2)	dELS	COMMON	CpG-CGI	369	369	486.745	895.299631	369	-364.116998136975	1292.4227830438567	7	72	85
SKNSH_skew	[0.05,0.2)	dELS	COMMON	CpG-nonCGI	12848	12848	23541.183	48956.653937	12821	-12766.24000990519	45926.51019724005	142	1532	2060
SKNSH_skew	[0.05,0.2)	dELS	COMMON	non-CpG-ti	175469	175469	28879.484	7312.322828	175195	-77747.02797443922	473089.09410335385	4751	16333	20298
SKNSH_skew	[0.05,0.2)	dELS	COMMON	non-CpG-tv	85693	85693	5200.102	788.536458	85555	-12846.873008686347	175095.05895650788	2948	8154	10510
SKNSH_skew	[0.05,0.2)	dELS	COMMON	unknown	103	0	0	0	99	-45.54700015857816	136.9184581932862	0	9	13
SKNSH_skew	[0.05,0.2)	dELS	LOW_FREQ	CpG-CGI	527	527	773.883	1502.818027	524	-403.5560018270044	2282.618278266221	18	116	110
SKNSH_skew	[0.05,0.2)	dELS	LOW_FREQ	CpG-nonCGI	17080	17080	34454.004	75038.577668	17033	-16217.335996125359	64957.467576510986	240	1660	2936
SKNSH_skew	[0.05,0.2)	dELS	LOW_FREQ	non-CpG-ti	181723	181723	31882.657	8535.224161	181468	-37279.19200088398	454542.3063553419	6786	13182	20295
SKNSH_skew	[0.05,0.2)	dELS	LOW_FREQ	non-CpG-tv	97521	97521	6248.739	950.723271	97333	60.04198481328679	213568.9092338069	4343	7278	11701
SKNSH_skew	[0.05,0.2)	dELS	LOW_FREQ	unknown	131	0	0	0	111	-49.24100012518464	191.4288430947269	2	6	14
SKNSH_skew	[0.05,0.2)	dELS	RARE	CpG-CGI	1382	1382	2093.809	4164.748295	1377	-1074.8450013155816	5034.295314644184	45	298	317
SKNSH_skew	[0.05,0.2)	dELS	RARE	CpG-nonCGI	50284	50284	101604.648	221890.257686	50151	-47359.18201585732	187427.6883514889	784	4905	8749
SKNSH_skew	[0.05,0.2)	dELS	RARE	non-CpG-ti	443953	443953	79513.779	21947.171959	443329	-80993.70901937959	1130633.4868614736	17771	32173	49171
SKNSH_skew	[0.05,0.2)	dELS	RARE	non-CpG-tv	241985	241985	15262.099	2071.955575	241458	8611.205005557398	544368.3373871007	11809	18363	29234
SKNSH_skew	[0.05,0.2)	dELS	RARE	unknown	290	0	0	0	247	-90.61699950695032	327.03326689671883	0	28	44
SKNSH_skew	[0.05,0.2)	dELS	SINGLETON	CpG-CGI	5133	5133	4244.761	5948.666265	5123	-1932.9090036244593	20266.182019303225	311	1101	1938
SKNSH_skew	[0.05,0.2)	dELS	SINGLETON	CpG-nonCGI	55749	55749	98548.774	193215.989864	55654	-45097.64697982138	201219.70654736395	1227	5940	10269
SKNSH_skew	[0.05,0.2)	dELS	SINGLETON	non-CpG-ti	4173046	4173046	648952.953	140455.220099	4168417	-201642.0302754503	9826179.640494429	191446	304420	467147
SKNSH_skew	[0.05,0.2)	dELS	SINGLETON	non-CpG-tv	2729256	2729256	151217.473	13757.786077	2725329	253891.97475533714	6210435.750738854	143959	204381	316790
SKNSH_skew	[0.05,0.2)	dELS	SINGLETON	unknown	1179	0	0	0	1123	-235.89000087860038	997.4459711222474	6	114	147
SKNSH_skew	[0.05,0.2)	dELS	ULTRARARE	CpG-CGI	7183	7183	9267.85	17004.615598	7174	-4871.095996953546	29726.900365924044	308	1626	2048
SKNSH_skew	[0.05,0.2)	dELS	ULTRARARE	CpG-nonCGI	203292	203292	393456.248	824738.567828	202909	-181966.25297369092	753569.014536219	3816	20325	35304
SKNSH_skew	[0.05,0.2)	dELS	ULTRARARE	non-CpG-ti	2814718	2814718	493784.615	129053.878955	2811193	-408939.40621013753	7102127.149744664	120019	205045	310601
SKNSH_skew	[0.05,0.2)	dELS	ULTRARARE	non-CpG-tv	1548746	1548746	93894.889	10306.913799	1546060	109477.51880111996	3537006.4392375806	79445	117213	183430
SKNSH_skew	[0.05,0.2)	dELS	ULTRARARE	unknown	965	0	0	0	895	-237.7040005140006	968.039081235697	3	76	110
SKNSH_skew	[0.05,0.2)	non-cCRE	COMMON	CpG-CGI	272	272	360.796	680.018988	272	-181.5730005656369	801.6458002648499	7	74	47
SKNSH_skew	[0.05,0.2)	non-cCRE	COMMON	CpG-nonCGI	50623	50623	102700.356	230834.157656	50109	-48814.31995083332	138564.33255433931	120	2400	340
SKNSH_skew	[0.05,0.2)	non-cCRE	COMMON	non-CpG-ti	818954	818954	137844.053	34540.788677000004	810338	-397058.9748702145	1547677.3780348464	6847	26787	3998
SKNSH_skew	[0.05,0.2)	non-cCRE	COMMON	non-CpG-tv	439071	439071	29838.14	5379.71967	432973	-125942.43292575984	582311.874671132	4293	13709	2225
SKNSH_skew	[0.05,0.2)	non-cCRE	COMMON	unknown	1094	0	0	0	690	-496.51199973747123	1542.0986137755174	2	44	29
SKNSH_skew	[0.05,0.2)	non-cCRE	LOW_FREQ	CpG-CGI	436	436	597.049	1160.302629	432	-245.81699987407768	1159.6634477058624	11	126	75
SKNSH_skew	[0.05,0.2)	non-cCRE	LOW_FREQ	CpG-nonCGI	65810	65810	147850.104	350388.97760600003	64978	-62234.240936517715	181833.7884298257	206	2587	436
SKNSH_skew	[0.05,0.2)	non-cCRE	LOW_FREQ	non-CpG-ti	858625	858625	153441.27	40473.28514	847147	-210826.40186131487	1214511.9356506495	9426	21350	4102
SKNSH_skew	[0.05,0.2)	non-cCRE	LOW_FREQ	non-CpG-tv	502455	502455	35870.616	6454.537216	493162	-77929.07586721946	578727.1411717655	5906	12444	2718
SKNSH_skew	[0.05,0.2)	non-cCRE	LOW_FREQ	unknown	1376	0	0	0	583	-218.7829997485969	595.2540854611766	1	35	32
SKNSH_skew	[0.05,0.2)	non-cCRE	RARE	CpG-CGI	1355	1355	1868.224	3631.036736	1344	-716.3699971596944	4361.779595145282	53	356	234
SKNSH_skew	[0.05,0.2)	non-cCRE	RARE	CpG-nonCGI	194616	194616	439106.059	1043592.023107	192081	-183060.9678000215	533105.1050658703	622	7645	1296
SKNSH_skew	[0.05,0.2)	non-cCRE	RARE	non-CpG-ti	2068120	2068120	376013.107	101894.949689	2039244	-471242.22970826866	2891640.5513565456	23629	52142	9966
SKNSH_skew	[0.05,0.2)	non-cCRE	RARE	non-CpG-tv	1227924	1227924	86085.812	13976.651554	1203518	-163950.86269253393	1398005.4218908392	15215	31129	6623
SKNSH_skew	[0.05,0.2)	non-cCRE	RARE	unknown	3722	0	0	0	1595	-570.537999129505	2119.005700905487	4	154	81
SKNSH_skew	[0.05,0.2)	non-cCRE	SINGLETON	CpG-CGI	5118	5118	3583.279	4613.567903	5113	-805.7200009886874	15923.465798176016	339	1729	1721
SKNSH_skew	[0.05,0.2)	non-cCRE	SINGLETON	CpG-nonCGI	151590	151590	296738.676	621657.785456	150732	-120650.75688667923	368798.5975679797	861	7307	1867
SKNSH_skew	[0.05,0.2)	non-cCRE	SINGLETON	non-CpG-ti	18555935	18555935	2982818.435999995	658841.3103	18373646	-2353137.7289122725	22100653.72401501	244554	451727	92819
SKNSH_skew	[0.05,0.2)	non-cCRE	SINGLETON	non-CpG-tv	13130029	13130029	787649.9740000005	79482.70990799999	12957723	-990821.3803640536	14049428.499767749	182911	321813	67412
SKNSH_skew	[0.05,0.2)	non-cCRE	SINGLETON	unknown	10814	0	0	0	6466	-1202.734996790183	5186.084021538891	13	374	187
SKNSH_skew	[0.05,0.2)	non-cCRE	ULTRARARE	CpG-CGI	5889	5889	6443.272	11131.982554	5868	-2445.4770013649268	21050.55749729152	297	1796	1429
SKNSH_skew	[0.05,0.2)	non-cCRE	ULTRARARE	CpG-nonCGI	660073	660073	1412887.055	3190991.441321	655516	-589090.2365805157	1735170.022559739	2681	26936	5495
SKNSH_skew	[0.05,0.2)	non-cCRE	ULTRARARE	non-CpG-ti	12808077	12808077	2299433.176	599118.10654	12649839	-2532562.277255041	17110691.43240699	153256	314658	62787
SKNSH_skew	[0.05,0.2)	non-cCRE	ULTRARARE	non-CpG-tv	7647821	7647821	508347.09	63132.917887999996	7516485	-759313.3023161384	8361148.001624632	101952	189352	40246
SKNSH_skew	[0.05,0.2)	non-cCRE	ULTRARARE	unknown	11231	0	0	0	5554	-1542.4169981013993	6501.033386016543	19	545	211
SKNSH_skew	[0.05,0.2)	pELS	COMMON	CpG-CGI	320	320	202.396	243.147588	320	-139.86900039843744	1081.7328593796353	16	132	147
SKNSH_skew	[0.05,0.2)	pELS	COMMON	CpG-nonCGI	1559	1559	2530.314	4961.235898	1559	-1578.4529987194112	5463.816909968082	16	375	275
SKNSH_skew	[0.05,0.2)	pELS	COMMON	non-CpG-ti	23490	23490	3700.848	881.0690519999999	23467	-9210.368004816934	63568.79415324624	702	5871	3387
SKNSH_skew	[0.05,0.2)	pELS	COMMON	non-CpG-tv	12918	12918	834.544	135.81321	12900	-2281.753993770457	30058.801258726187	483	3437	2171
SKNSH_skew	[0.05,0.2)	pELS	COMMON	unknown	30	0	0	0	26	-15.607999883592132	62.56087977805261	0	2	4
SKNSH_skew	[0.05,0.2)	pELS	LOW_FREQ	CpG-CGI	465	465	277.672	330.37224200000003	465	-106.80699949339039	1485.088256659535	34	180	200
SKNSH_skew	[0.05,0.2)	pELS	LOW_FREQ	CpG-nonCGI	2146	2146	3756.936	7624.266616	2140	-1968.3629990128113	7300.308508149957	21	480	381
SKNSH_skew	[0.05,0.2)	pELS	LOW_FREQ	non-CpG-ti	25305	25305	4264.414	1069.206786	25271	-3946.9410032725423	69697.90488683013	1086	5564	3687
SKNSH_skew	[0.05,0.2)	pELS	LOW_FREQ	non-CpG-tv	15225	15225	1035.643	158.712167	15188	402.47899617208225	36867.591808485544	789	3430	2663
SKNSH_skew	[0.05,0.2)	pELS	LOW_FREQ	unknown	40	0	0	0	22	-25.80600067228082	134.24289289052015	0	11	5
SKNSH_skew	[0.05,0.2)	pELS	RARE	CpG-CGI	1253	1253	737.38	805.771928	1251	-101.39000056101938	4597.4126698212185	97	451	580
SKNSH_skew	[0.05,0.2)	pELS	RARE	CpG-nonCGI	6160	6160	11045.865	22624.865459	6150	-5612.300997378304	23387.352067787495	104	1336	1092
SKNSH_skew	[0.05,0.2)	pELS	RARE	non-CpG-ti	63332	63332	10864.148	2798.803824	63255	-7358.59200971725	185225.39891593074	3175	14034	9529
SKNSH_skew	[0.05,0.2)	pELS	RARE	non-CpG-tv	38809	38809	2652.137	400.688995	38742	1908.3589972046916	103285.29621358233	2177	9143	6960
SKNSH_skew	[0.05,0.2)	pELS	RARE	unknown	161	0	0	0	142	-79.99100044369695	273.92912285707814	1	89	27
SKNSH_skew	[0.05,0.2)	pELS	SINGLETON	CpG-CGI	10156	10156	4592.628	3438.744812	10155	1579.5870001226428	39686.249404488575	1065	3974	5133
SKNSH_skew	[0.05,0.2)	pELS	SINGLETON	CpG-nonCGI	12195	12195	15586.483	26489.443373	12187	-6981.919001735745	39813.06262506832	378	3141	2728
SKNSH_skew	[0.05,0.2)	pELS	SINGLETON	non-CpG-ti	594813	594813	90418.52	18688.695944	594401	11432.730960629515	1529961.8354783265	33454	129819	88511
SKNSH_skew	[0.05,0.2)	pELS	SINGLETON	non-CpG-tv	427395	427395	25316.073	2520.583053	427033	61527.27602763195	1103482.0384127025	27240	100121	72727
SKNSH_skew	[0.05,0.2)	pELS	SINGLETON	unknown	486	0	0	0	467	-116.13699982292015	657.720819994822	4	156	45
SKNSH_skew	[0.05,0.2)	pELS	ULTRARARE	CpG-CGI	8252	8252	4529.602	4646.538732	8241	105.53499335481285	31465.139796032014	755	3160	3913
SKNSH_skew	[0.05,0.2)	pELS	ULTRARARE	CpG-nonCGI	27655	27655	45996.835	90077.306751	27616	-22543.57999085403	96821.3097411845	583	6207	5237
SKNSH_skew	[0.05,0.2)	pELS	ULTRARARE	non-CpG-ti	404338	404338	68138.733	16655.990925000002	403980	-23478.47500790225	1129785.4372813678	21793	89367	60234
SKNSH_skew	[0.05,0.2)	pELS	ULTRARARE	non-CpG-tv	247815	247815	16201.456	1942.979456	247441	26575.92898324284	655872.322059948	15318	58785	43719
SKNSH_skew	[0.05,0.2)	pELS	ULTRARARE	unknown	985	0	0	0	967	-401.4039987848373	1797.9389807035743	8	453	82
SKNSH_skew	[0.2,0.5)	Other cCREs	COMMON	CpG-CGI	38	38	71.699	155.625199	38	-18.720000177621827	217.73266930706313	2	7	0
SKNSH_skew	[0.2,0.5)	Other cCREs	COMMON	CpG-nonCGI	1764	1764	3514.016	7833.332172	1712	-1556.8979991734966	4661.5570585479645	10	118	94
SKNSH_skew	[0.2,0.5)	Other cCREs	COMMON	non-CpG-ti	10614	10614	1569.031	323.268461	10568	-5599.904001197312	22950.287652663403	161	525	617
SKNSH_skew	[0.2,0.5)	Other cCREs	COMMON	non-CpG-tv	5946	5946	356.21	39.146342	5900	-1609.5409994556112	10087.194521961286	116	259	382
SKNSH_skew	[0.2,0.5)	Other cCREs	COMMON	unknown	20	0	0	0	13	-9.414000071585166	23.08708227297892	0	0	1
SKNSH_skew	[0.2,0.5)	Other cCREs	LOW_FREQ	CpG-CGI	63	63	113.887	255.456309	61	-53.43900019489227	193.7981199705818	1	7	2
SKNSH_skew	[0.2,0.5)	Other cCREs	LOW_FREQ	CpG-nonCGI	2253	2253	5000.474	11765.633616000001	2170	-1897.3230012246638	5644.025348304949	8	159	113
SKNSH_skew	[0.2,0.5)	Other cCREs	LOW_FREQ	non-CpG-ti	10206	10206	1649.993	367.385965	10151	-2414.0240015123263	17625.346261673247	201	383	546
SKNSH_skew	[0.2,0.5)	Other cCREs	LOW_FREQ	non-CpG-tv	6594	6594	457.828	68.831948	6505	-667.5110008433695	9512.250391692927	144	280	352
SKNSH_skew	[0.2,0.5)	Other cCREs	LOW_FREQ	unknown	53	0	0	0	28	-8.920000106096255	20.12555845621062	0	2	3
SKNSH_skew	[0.2,0.5)	Other cCREs	RARE	CpG-CGI	203	203	396.03999999999996	863.081556	203	-185.21800030767926	850.8651195071042	5	29	8
SKNSH_skew	[0.2,0.5)	Other cCREs	RARE	CpG-nonCGI	6426	6426	14215.89	33366.206386	6242	-5497.364995646524	17329.18036410891	28	397	322
SKNSH_skew	[0.2,0.5)	Other cCREs	RARE	non-CpG-ti	24124	24124	3926.394	874.790692	23951	-4511.49799145118	38440.6421555598	468	862	1219
SKNSH_skew	[0.2,0.5)	Other cCREs	RARE	non-CpG-tv	15881	15881	1041.291	126.876117	15696	-1494.238993039355	23620.04805535307	367	623	823
SKNSH_skew	[0.2,0.5)	Other cCREs	RARE	unknown	113	0	0	0	63	-20.536999866366394	50.9192516036393	0	5	4
SKNSH_skew	[0.2,0.5)	Other cCREs	SINGLETON	CpG-CGI	327	327	448.208	810.917278	325	-199.68399951606997	1146.3231260636435	8	65	19
SKNSH_skew	[0.2,0.5)	Other cCREs	SINGLETON	CpG-nonCGI	5092	5092	9632.102	19827.441822	5035	-3853.640999482014	12964.004894432932	46	275	334
SKNSH_skew	[0.2,0.5)	Other cCREs	SINGLETON	non-CpG-ti	223747	223747	33874.912	6734.525672	222769	-20951.900954663033	332112.64455707226	5005	7713	12131
SKNSH_skew	[0.2,0.5)	Other cCREs	SINGLETON	non-CpG-tv	172020	172020	9962.876	939.344484	170805	-5852.367978621979	255898.7071238244	4502	6480	9057
SKNSH_skew	[0.2,0.5)	Other cCREs	SINGLETON	unknown	273	0	0	0	182	-27.128000382334	104.72955233721892	0	10	8
SKNSH_skew	[0.2,0.5)	Other cCREs	ULTRARARE	CpG-CGI	662	662	1125.3509999999999	2293.879435	655	-458.0970013164915	2691.7104962057865	20	126	24
SKNSH_skew	[0.2,0.5)	Other cCREs	ULTRARARE	CpG-nonCGI	20276	20276	42339.387	94105.903383	19948	-16889.709990908977	56997.32043690909	154	1138	1136
SKNSH_skew	[0.2,0.5)	Other cCREs	ULTRARARE	non-CpG-ti	151029	151029	24689.119	5480.309219	150202	-22111.46197858712	235020.49506234896	3217	5351	8261
SKNSH_skew	[0.2,0.5)	Other cCREs	ULTRARARE	non-CpG-tv	99917	99917	6332.555	707.981975	98960	-5784.266981003806	149823.44702682097	2495	3959	5312
SKNSH_skew	[0.2,0.5)	Other cCREs	ULTRARARE	unknown	326	0	0	0	186	-34.525000408291824	115.29097020995303	0	18	13
SKNSH_skew	[0.2,0.5)	PLS	COMMON	CpG-CGI	77	77	37.341	30.468537	77	-15.629000429995369	400.12418076309194	9	34	40
SKNSH_skew	[0.2,0.5)	PLS	COMMON	CpG-nonCGI	71	71	94.459	171.230973	71	-63.627000428736274	316.0344746823213	2	23	25
SKNSH_skew	[0.2,0.5)	PLS	COMMON	non-CpG-ti	849	849	118.57600000000001	22.697396	848	-146.94299938494814	3267.8551573997565	57	341	303
SKNSH_skew	[0.2,0.5)	PLS	COMMON	non-CpG-tv	688	688	54.344	8.34138	685	-32.44799731718379	2814.7539059282276	66	301	291
SKNSH_skew	[0.2,0.5)	PLS	COMMON	unknown	3	0	0	0	3	5.1839998960495	10.9662254811039	1	0	0
SKNSH_skew	[0.2,0.5)	PLS	LOW_FREQ	CpG-CGI	137	137	75.417	83.035335	137	19.824999413336663	807.0182830545207	21	54	77
SKNSH_skew	[0.2,0.5)	PLS	LOW_FREQ	CpG-nonCGI	89	89	145.06	288.543216	89	-61.1680005672388	493.19380179921603	4	27	27
SKNSH_skew	[0.2,0.5)	PLS	LOW_FREQ	non-CpG-ti	977	977	151.656	30.061846	975	201.3919979551575	5944.040935240619	130	344	342
SKNSH_skew	[0.2,0.5)	PLS	LOW_FREQ	non-CpG-tv	921	921	75.865	11.702063	919	181.56000248889913	4856.209545038362	112	370	385
SKNSH_skew	[0.2,0.5)	PLS	LOW_FREQ	unknown	4	0	0	0	4	-9.586000084877009	33.613534943262124	0	2	2
SKNSH_skew	[0.2,0.5)	PLS	RARE	CpG-CGI	377	377	181.382	174.307104	377	90.57299944746777	2436.1036886141637	53	174	235
SKNSH_skew	[0.2,0.5)	PLS	RARE	CpG-nonCGI	252	252	396.01800000000003	788.480428	251	-95.11900008283556	1117.0097861499635	21	78	100
SKNSH_skew	[0.2,0.5)	PLS	RARE	non-CpG-ti	2591	2591	404.818	80.054472	2588	1262.1920005242584	17441.29822448883	422	952	1023
SKNSH_skew	[0.2,0.5)	PLS	RARE	non-CpG-tv	2421	2421	218.244	44.4275	2419	1091.4559939928592	13430.50341218542	359	916	1061
SKNSH_skew	[0.2,0.5)	PLS	RARE	unknown	40	0	0	0	40	37.711999638937414	233.2081528413038	11	24	3
SKNSH_skew	[0.2,0.5)	PLS	SINGLETON	CpG-CGI	3000	3000	1239.317	857.489977	2998	1853.6560014564309	19805.042745588034	574	1224	1843
SKNSH_skew	[0.2,0.5)	PLS	SINGLETON	CpG-nonCGI	682	682	651.517	996.816193	681	-52.87700139195654	4166.513394494217	74	196	300
SKNSH_skew	[0.2,0.5)	PLS	SINGLETON	non-CpG-ti	23744	23744	3547.716	657.129218	23736	16334.328004285815	152288.27904999102	4288	8470	9318
SKNSH_skew	[0.2,0.5)	PLS	SINGLETON	non-CpG-tv	25073	25073	1834.2740000000001	224.322652	25061	15436.392003090705	153896.15498990816	4323	9201	10678
SKNSH_skew	[0.2,0.5)	PLS	SINGLETON	unknown	24	0	0	0	24	1.1410003192722773	51.44023445511549	0	6	9
SKNSH_skew	[0.2,0.5)	PLS	ULTRARARE	CpG-CGI	2491	2491	1164.262	996.542478	2491	1215.3209988761228	16463.057390850754	447	1031	1494
SKNSH_skew	[0.2,0.5)	PLS	ULTRARARE	CpG-nonCGI	1229	1229	1700.86	3115.893038	1225	-421.1360015814427	5574.508378084142	90	379	480
SKNSH_skew	[0.2,0.5)	PLS	ULTRARARE	non-CpG-ti	16652	16652	2641.319	523.325351	16645	10207.268993649055	106558.5338547848	2977	5963	6726
SKNSH_skew	[0.2,0.5)	PLS	ULTRARARE	non-CpG-tv	15645	15645	1282.249	185.597919	15628	7995.1889882083115	98827.50683008686	2548	5835	6738
SKNSH_skew	[0.2,0.5)	PLS	ULTRARARE	unknown	109	0	0	0	109	42.82399970316324	549.7232797483443	12	52	7
SKNSH_skew	[0.2,0.5)	dELS	COMMON	CpG-CGI	113	113	153.978	292.08673799999997	113	-92.16899937298156	323.54862548299076	3	25	29
SKNSH_skew	[0.2,0.5)	dELS	COMMON	CpG-nonCGI	3938	3938	7273.374	15282.44165	3925	-4191.34799786855	14846.546195632234	29	450	830
SKNSH_skew	[0.2,0.5)	dELS	COMMON	non-CpG-ti	28763	28763	4246.118	895.870496	28718	-13568.560006550626	74235.86804808075	693	3148	4520
SKNSH_skew	[0.2,0.5)	dELS	COMMON	non-CpG-tv	15929	15929	955.8	115.018784	15891	-2898.9790025909906	33230.03879978624	527	1717	2570
SKNSH_skew	[0.2,0.5)	dELS	COMMON	unknown	27	0	0	0	21	-13.456000186502944	43.26244697506212	0	2	4
SKNSH_skew	[0.2,0.5)	dELS	LOW_FREQ	CpG-CGI	151	151	249.655	511.395799	151	-94.54999980353747	530.9450419649575	6	31	29
SKNSH_skew	[0.2,0.5)	dELS	LOW_FREQ	CpG-nonCGI	5316	5316	10877.567	24064.676745	5303	-4991.4619980281	19654.759801020155	95	576	1003
SKNSH_skew	[0.2,0.5)	dELS	LOW_FREQ	non-CpG-ti	27853	27853	4473.143	1002.568867	27808	-4425.403004506254	63617.40306897784	1094	2288	4073
SKNSH_skew	[0.2,0.5)	dELS	LOW_FREQ	non-CpG-tv	17757	17757	1162.575	152.419309	17700	-175.79800652375056	38137.2897060637	783	1592	2687
SKNSH_skew	[0.2,0.5)	dELS	LOW_FREQ	unknown	24	0	0	0	13	-0.5349999517202375	1.8854269837598827	0	0	5
SKNSH_skew	[0.2,0.5)	dELS	RARE	CpG-CGI	520	520	833.101	1712.264747	520	-376.15499920374714	1765.270961838774	21	120	117
SKNSH_skew	[0.2,0.5)	dELS	RARE	CpG-nonCGI	15474	15474	31755.357	70368.016505	15424	-14950.970004325614	59560.773951517374	226	1598	2958
SKNSH_skew	[0.2,0.5)	dELS	RARE	non-CpG-ti	68808	68808	11221.155999999999	2585.246242	68703	-9192.731001631355	166040.56527876746	2782	5633	9919
SKNSH_skew	[0.2,0.5)	dELS	RARE	non-CpG-tv	43975	43975	2817.226	351.17044	43832	1374.191009396803	97812.9681735713	2093	3891	6858
SKNSH_skew	[0.2,0.5)	dELS	RARE	unknown	75	0	0	0	51	-11.355000391602513	42.92759159872087	0	9	7
SKNSH_skew	[0.2,0.5)	dELS	SINGLETON	CpG-CGI	1604	1604	1354.335	1964.777555	1603	-410.0469966187375	6977.54369443098	120	355	592
SKNSH_skew	[0.2,0.5)	dELS	SINGLETON	CpG-nonCGI	16133	16133	28893.487	57709.280835	16105	-13422.803993918358	59091.97138939169	360	1762	3354
SKNSH_skew	[0.2,0.5)	dELS	SINGLETON	non-CpG-ti	658220	658220	97594.276	19100.651862	657350	-10180.519009766853	1526110.48321725	31359	54042	96767
SKNSH_skew	[0.2,0.5)	dELS	SINGLETON	non-CpG-tv	494267	494267	27740.555	2525.255641	493377	48338.676989742205	1150001.0106209714	26710	42399	74180
SKNSH_skew	[0.2,0.5)	dELS	SINGLETON	unknown	277	0	0	0	237	-59.292999928700745	166.14602510682369	0	17	26
SKNSH_skew	[0.2,0.5)	dELS	ULTRARARE	CpG-CGI	2240	2240	2966.857	5520.434355	2237	-1212.339995408431	9255.66662930538	116	506	642
SKNSH_skew	[0.2,0.5)	dELS	ULTRARARE	CpG-nonCGI	61082	61082	120397.227	257012.699967	60938	-56107.02199496072	233730.91220803806	1140	6338	12401
SKNSH_skew	[0.2,0.5)	dELS	ULTRARARE	non-CpG-ti	435103	435103	70413.604	15705.002914	434471	-35893.54997773725	1051574.873795854	19587	36167	63757
SKNSH_skew	[0.2,0.5)	dELS	ULTRARARE	non-CpG-tv	280483	280483	17142.088	1844.87292	279801	21450.14702712407	655835.2490143131	14902	24361	43074
SKNSH_skew	[0.2,0.5)	dELS	ULTRARARE	unknown	242	0	0	0	186	-59.073000418022325	187.70229716321998	0	15	39
SKNSH_skew	[0.2,0.5)	non-cCRE	COMMON	CpG-CGI	90	90	117.555	218.172359	87	-86.89900091849262	517.7888837165464	2	26	16
SKNSH_skew	[0.2,0.5)	non-cCRE	COMMON	CpG-nonCGI	12228	12228	24925.851	56186.696787	12086	-11886.53998941428	34150.72949951374	33	673	101
SKNSH_skew	[0.2,0.5)	non-cCRE	COMMON	non-CpG-ti	93280	93280	13562.833	2756.808555	92490	-55315.00896945967	196282.62811797875	642	4054	769
SKNSH_skew	[0.2,0.5)	non-cCRE	COMMON	non-CpG-tv	51461	51461	3251.467	416.594419	50703	-15198.151990523675	69902.25216478243	473	2139	494
SKNSH_skew	[0.2,0.5)	non-cCRE	COMMON	unknown	262	0	0	0	100	-67.38199992757298	145.1459153415685	0	6	11
SKNSH_skew	[0.2,0.5)	non-cCRE	LOW_FREQ	CpG-CGI	144	144	202.36599999999999	409.297806	142	-77.65099927107808	387.9079977457716	2	39	29
SKNSH_skew	[0.2,0.5)	non-cCRE	LOW_FREQ	CpG-nonCGI	15999	15999	35761.874	84372.99688400001	15782	-14706.646981942356	42416.425901136194	57	768	151
SKNSH_skew	[0.2,0.5)	non-cCRE	LOW_FREQ	non-CpG-ti	91767	91767	14490.705	3127.813823	90800	-21980.295978080718	123663.64936697551	940	3044	705
SKNSH_skew	[0.2,0.5)	non-cCRE	LOW_FREQ	non-CpG-tv	61608	61608	4792.251	855.632423	60410	-9311.369977558032	71717.98333275269	763	1988	561
SKNSH_skew	[0.2,0.5)	non-cCRE	LOW_FREQ	unknown	454	0	0	0	132	-74.03999963402752	263.5908698952924	0	9	20
SKNSH_skew	[0.2,0.5)	non-cCRE	RARE	CpG-CGI	382	382	535.971	1060.008687	379	-130.58500143699348	1158.2443622156604	15	112	58
SKNSH_skew	[0.2,0.5)	non-cCRE	RARE	CpG-nonCGI	45984	45984	103167.987	243754.746135	45318	-42742.24296654168	124760.30875306622	152	2106	378
SKNSH_skew	[0.2,0.5)	non-cCRE	RARE	non-CpG-ti	218464	218464	35007.774	7713.703992	216074	-44118.308956622255	285588.114546053	2449	7224	1733
SKNSH_skew	[0.2,0.5)	non-cCRE	RARE	non-CpG-tv	147795	147795	10076.849	1393.945437	144776	-18935.17096542579	171474.8285052311	1922	5120	1405
SKNSH_skew	[0.2,0.5)	non-cCRE	RARE	unknown	1052	0	0	0	290	-111.24199965968732	288.3474593581536	0	16	49
SKNSH_skew	[0.2,0.5)	non-cCRE	SINGLETON	CpG-CGI	1477	1477	1001.0509999999999	1271.029161	1473	142.33299965772326	5821.331350578436	149	494	533
SKNSH_skew	[0.2,0.5)	non-cCRE	SINGLETON	CpG-nonCGI	36257	36257	71452.317	151197.538691	36039	-29868.024962218835	90073.77061626462	185	1933	540
SKNSH_skew	[0.2,0.5)	non-cCRE	SINGLETON	non-CpG-ti	1992124	1992124	297487.03	58153.91853	1976488	-232059.10358825815	2315249.424627227	25215	62686	16306
SKNSH_skew	[0.2,0.5)	non-cCRE	SINGLETON	non-CpG-tv	1565384	1565384	90472.635	8534.104391	1546316	-114130.45256935945	1744760.3727882337	22789	51708	13967
SKNSH_skew	[0.2,0.5)	non-cCRE	SINGLETON	unknown	2548	0	0	0	1163	-199.60500085074455	751.8661980401082	2	85	102
SKNSH_skew	[0.2,0.5)	non-cCRE	ULTRARARE	CpG-CGI	1841	1841	2131.342	3932.766238	1836	-297.15900285518757	7245.368594527432	149	556	465
SKNSH_skew	[0.2,0.5)	non-cCRE	ULTRARARE	CpG-nonCGI	154550	154550	331862.582	752083.693046	153397	-140554.6668603904	418040.59592454607	580	7240	1620
SKNSH_skew	[0.2,0.5)	non-cCRE	ULTRARARE	non-CpG-ti	1351895	1351895	217405.599	47313.968971	1338608	-226791.45776667347	1689562.3078944758	15858	43600	10800
SKNSH_skew	[0.2,0.5)	non-cCRE	ULTRARARE	non-CpG-tv	913335	913335	57701.57	6451.165448	898229	-89832.26173236757	1031191.3367181441	12447	30849	8647
SKNSH_skew	[0.2,0.5)	non-cCRE	ULTRARARE	unknown	2927	0	0	0	1035	-273.7469995999709	1260.4029525187004	7	99	132
SKNSH_skew	[0.2,0.5)	pELS	COMMON	CpG-CGI	93	93	63.244	83.267544	93	-24.481999840587374	331.95699783878376	9	43	52
SKNSH_skew	[0.2,0.5)	pELS	COMMON	CpG-nonCGI	459	459	745.319	1477.318343	457	-460.2349997053389	1715.3655284767992	2	107	95
SKNSH_skew	[0.2,0.5)	pELS	COMMON	non-CpG-ti	4194	4194	602.641	118.253723	4185	-1315.113997315406	11619.210394514339	155	1216	839
SKNSH_skew	[0.2,0.5)	pELS	COMMON	non-CpG-tv	2663	2663	178.17	22.31633	2653	-426.86800162505824	5978.465422862515	104	811	616
SKNSH_skew	[0.2,0.5)	pELS	COMMON	unknown	8	0	0	0	8	0.9739999920129779	1.2183259556641588	0	0	0
SKNSH_skew	[0.2,0.5)	pELS	LOW_FREQ	CpG-CGI	150	150	95.063	121.74821299999999	150	40.04400074109435	461.5127567793699	17	46	62
SKNSH_skew	[0.2,0.5)	pELS	LOW_FREQ	CpG-nonCGI	625	625	1123.111	2326.184013	622	-515.4429998515408	2070.817306342896	11	131	119
SKNSH_skew	[0.2,0.5)	pELS	LOW_FREQ	non-CpG-ti	4535	4535	704.886	148.415102	4527	77.69499679387083	12571.160528768782	260	1076	907
SKNSH_skew	[0.2,0.5)	pELS	LOW_FREQ	non-CpG-tv	3086	3086	216.747	29.623707	3075	422.9140011286362	8339.120513473299	204	773	664
SKNSH_skew	[0.2,0.5)	pELS	LOW_FREQ	unknown	9	0	0	0	9	0.718000002205371	3.41424813550306	0	4	1
SKNSH_skew	[0.2,0.5)	pELS	RARE	CpG-CGI	420	420	260.019	315.232769	420	63.54000000539239	2133.6228700645092	48	160	193
SKNSH_skew	[0.2,0.5)	pELS	RARE	CpG-nonCGI	1793	1793	3237.094	6715.124412	1786	-1649.5370011726627	6274.76908774656	28	384	383
SKNSH_skew	[0.2,0.5)	pELS	RARE	non-CpG-ti	10906	10906	1727.717	369.441473	10890	428.9410013238672	34396.717848215274	732	2626	2197
SKNSH_skew	[0.2,0.5)	pELS	RARE	non-CpG-tv	7962	7962	586.093	85.915631	7942	1054.9050026815391	23365.262597365523	573	2182	1897
SKNSH_skew	[0.2,0.5)	pELS	RARE	unknown	27	0	0	0	25	-11.994999811053283	47.04056352980197	0	13	3
SKNSH_skew	[0.2,0.5)	pELS	SINGLETON	CpG-CGI	3233	3233	1474.248	1165.68347	3230	1437.4590006110952	16523.402868915713	449	1217	1670
SKNSH_skew	[0.2,0.5)	pELS	SINGLETON	CpG-nonCGI	3627	3627	4675.533	8083.645233	3624	-1971.795996617758	11854.352798268948	137	969	887
SKNSH_skew	[0.2,0.5)	pELS	SINGLETON	non-CpG-ti	105378	105378	15534.846	2947.400914	105290	18342.75300490902	318854.56098209036	8080	25795	21123
SKNSH_skew	[0.2,0.5)	pELS	SINGLETON	non-CpG-tv	89005	89005	5631.049	604.932827	88897	22451.70902047714	273529.81860659784	7391	23292	19847
SKNSH_skew	[0.2,0.5)	pELS	SINGLETON	unknown	100	0	0	0	100	-27.398000354180102	130.40442726389148	0	27	15
SKNSH_skew	[0.2,0.5)	pELS	ULTRARARE	CpG-CGI	2714	2714	1499.379	1599.8945390000001	2712	498.2279969907833	12189.524452998738	330	1061	1296
SKNSH_skew	[0.2,0.5)	pELS	ULTRARARE	CpG-nonCGI	8208	8208	13721.903	27074.688273	8190	-6494.53199995903	29670.90579206004	213	1868	1790
SKNSH_skew	[0.2,0.5)	pELS	ULTRARARE	non-CpG-ti	69596	69596	10988.366	2294.08253	69509	8749.53201398382	218321.5808336163	5233	16947	13986
SKNSH_skew	[0.2,0.5)	pELS	ULTRARARE	non-CpG-tv	52679	52679	3704.911	478.387421	52603	11706.039005569768	163491.9403669747	4251	13864	12082
SKNSH_skew	[0.2,0.5)	pELS	ULTRARARE	unknown	169	0	0	0	161	-53.89800034102518	479.9282520238552	5	70	27
SKNSH_skew	[0.5,1.0)	Other cCREs	COMMON	CpG-CGI	15	15	27.378	56.127278	13	-9.44299989193677	24.049560392011685	0	3	1
SKNSH_skew	[0.5,1.0)	Other cCREs	COMMON	CpG-nonCGI	467	467	985.361	2308.368345	457	-436.3519999282436	1344.5955291241992	3	28	44
SKNSH_skew	[0.5,1.0)	Other cCREs	COMMON	non-CpG-ti	2622	2622	370.264	70.933654	2606	-1751.6560005480435	7077.735400390447	27	150	197
SKNSH_skew	[0.5,1.0)	Other cCREs	COMMON	non-CpG-tv	1373	1373	86.382	10.482182	1358	-388.37900091544725	2296.854601756508	26	54	96
SKNSH_skew	[0.5,1.0)	Other cCREs	COMMON	unknown	5	0	0	0	4	0.0860000029206276	0.00739600050234795	0	0	1
SKNSH_skew	[0.5,1.0)	Other cCREs	LOW_FREQ	CpG-CGI	14	14	27.417	59.110907	14	-2.3820000346749985	18.115449913743152	1	3	0
SKNSH_skew	[0.5,1.0)	Other cCREs	LOW_FREQ	CpG-nonCGI	633	633	1427.928	3427.798178	621	-587.2429994042031	1901.8102622251238	4	32	36
SKNSH_skew	[0.5,1.0)	Other cCREs	LOW_FREQ	non-CpG-ti	2233	2233	351.823	74.366763	2219	-545.1880002095132	3274.592347395832	34	79	129
SKNSH_skew	[0.5,1.0)	Other cCREs	LOW_FREQ	non-CpG-tv	1398	1398	93.126	11.167494	1377	-180.58300210162997	1961.4059126197665	20	55	94
SKNSH_skew	[0.5,1.0)	Other cCREs	LOW_FREQ	unknown	13	0	0	0	6	-1.896999955177306	4.406528816296821	0	0	0
SKNSH_skew	[0.5,1.0)	Other cCREs	RARE	CpG-CGI	62	62	126.241	290.863121	61	-15.382999986410143	113.61555950722948	1	10	2
SKNSH_skew	[0.5,1.0)	Other cCREs	RARE	CpG-nonCGI	1767	1767	3993.9230000000002	9600.154425	1742	-1593.1499985326095	5157.115229990132	9	73	93
SKNSH_skew	[0.5,1.0)	Other cCREs	RARE	non-CpG-ti	5458	5458	872.665	188.522593	5423	-1092.788999523502	8363.789793956395	95	218	296
SKNSH_skew	[0.5,1.0)	Other cCREs	RARE	non-CpG-tv	3538	3538	223.868	30.187224	3475	-369.0200023249491	5217.583077787393	75	139	188
SKNSH_skew	[0.5,1.0)	Other cCREs	RARE	unknown	18	0	0	0	9	-3.871999941766265	8.606625784950493	0	0	1
SKNSH_skew	[0.5,1.0)	Other cCREs	SINGLETON	CpG-CGI	86	86	127.493	249.758443	83	-63.479999721050255	390.0770495918557	3	11	4
SKNSH_skew	[0.5,1.0)	Other cCREs	SINGLETON	CpG-nonCGI	1270	1270	2459.442	5192.318288	1257	-981.0680015275718	3251.611078940198	12	68	91
SKNSH_skew	[0.5,1.0)	Other cCREs	SINGLETON	non-CpG-ti	50921	50921	7567.664	1454.42256	50686	-6164.108989043862	74593.37497338958	1044	1782	3074
SKNSH_skew	[0.5,1.0)	Other cCREs	SINGLETON	non-CpG-tv	38061	38061	2201.991	203.829081	37740	-1954.9209865044104	53659.46089314632	867	1518	2256
SKNSH_skew	[0.5,1.0)	Other cCREs	SINGLETON	unknown	76	0	0	0	46	-10.721999611705549	35.33825943438918	0	1	3
SKNSH_skew	[0.5,1.0)	Other cCREs	ULTRARARE	CpG-CGI	188	188	333.728	699.12439	185	-87.14500001841223	784.408230995641	9	40	3
SKNSH_skew	[0.5,1.0)	Other cCREs	ULTRARARE	CpG-nonCGI	5433	5433	11632.318	26553.46403	5385	-4962.4819962698975	16423.582547909456	32	235	355
SKNSH_skew	[0.5,1.0)	Other cCREs	ULTRARARE	non-CpG-ti	34131	34131	5427.8820000000005	1146.617134	33957	-5996.81098395586	52805.86242262528	669	1269	1975
SKNSH_skew	[0.5,1.0)	Other cCREs	ULTRARARE	non-CpG-tv	22314	22314	1426.362	159.09602	22039	-1672.4789888368682	32430.673562064025	489	949	1282
SKNSH_skew	[0.5,1.0)	Other cCREs	ULTRARARE	unknown	69	0	0	0	37	-8.933000057935708	26.886711109276103	0	4	2
SKNSH_skew	[0.5,1.0)	PLS	COMMON	CpG-CGI	10	10	4.384	2.422086	10	-0.9169999808073049	33.43051117075228	1	6	5
SKNSH_skew	[0.5,1.0)	PLS	COMMON	CpG-nonCGI	16	16	18.856	34.190062	16	-9.545000053942204	30.74899406272251	0	12	10
SKNSH_skew	[0.5,1.0)	PLS	COMMON	non-CpG-ti	205	205	27.752	4.779752	205	2.598000734811626	916.8790698352393	24	92	75
SKNSH_skew	[0.5,1.0)	PLS	COMMON	non-CpG-tv	189	189	12.066	1.35799	189	-21.96299832407388	614.1216600963472	14	73	64
SKNSH_skew	[0.5,1.0)	PLS	COMMON	unknown	3	0	0	0	3	-0.575000166893005	28.1790743352909	1	0	0
SKNSH_skew	[0.5,1.0)	PLS	LOW_FREQ	CpG-CGI	25	25	12.017	12.699819	25	6.146999601274731	239.50279153985136	3	9	15
SKNSH_skew	[0.5,1.0)	PLS	LOW_FREQ	CpG-nonCGI	28	28	39.638	74.12625	28	-29.458000153303153	189.9961444131699	1	9	12
SKNSH_skew	[0.5,1.0)	PLS	LOW_FREQ	non-CpG-ti	233	233	32.786	5.670932	233	97.2990006189794	1381.3172632116157	35	76	82
SKNSH_skew	[0.5,1.0)	PLS	LOW_FREQ	non-CpG-tv	211	211	18.808	3.032492	210	31.00700302794572	1059.9114900750478	29	90	83
SKNSH_skew	[0.5,1.0)	PLS	RARE	CpG-CGI	98	98	47.344	45.227184	98	73.50799958594138	689.7414059566272	22	35	58
SKNSH_skew	[0.5,1.0)	PLS	RARE	CpG-nonCGI	81	81	131.975	274.063439	81	-53.680999904871	518.9810540561598	6	23	22
SKNSH_skew	[0.5,1.0)	PLS	RARE	non-CpG-ti	661	661	103.496	20.318338	660	311.0500008896924	5389.410725789801	121	233	266
SKNSH_skew	[0.5,1.0)	PLS	RARE	non-CpG-tv	637	637	54.255	8.867687	637	228.9760002124822	4455.841340026711	91	239	291
SKNSH_skew	[0.5,1.0)	PLS	RARE	unknown	6	0	0	0	6	-5.002000018954281	33.050537386703	0	3	0
SKNSH_skew	[0.5,1.0)	PLS	SINGLETON	CpG-CGI	760	760	337.427	261.45065900000003	759	774.4090002248998	6142.403514665463	186	289	485
SKNSH_skew	[0.5,1.0)	PLS	SINGLETON	CpG-nonCGI	238	238	248.399	398.532063	238	80.75400114338849	1257.8433196028548	28	84	105
SKNSH_skew	[0.5,1.0)	PLS	SINGLETON	non-CpG-ti	6250	6250	943.227	174.014635	6249	5635.592002006132	47261.911530245605	1312	2276	2445
SKNSH_skew	[0.5,1.0)	PLS	SINGLETON	non-CpG-tv	6584	6584	480.439	60.458857	6581	5216.81299330306	45933.49272051256	1297	2410	2799
SKNSH_skew	[0.5,1.0)	PLS	SINGLETON	unknown	6	0	0	0	6	-2.894999966025355	2.6129149413621438	0	4	0
SKNSH_skew	[0.5,1.0)	PLS	ULTRARARE	CpG-CGI	641	641	311.737	289.465219	640	531.8549999019597	4558.79861007657	145	261	382
SKNSH_skew	[0.5,1.0)	PLS	ULTRARARE	CpG-nonCGI	372	372	545.0509999999999	1042.192163	372	-75.50199697248166	1778.066283545303	28	111	129
SKNSH_skew	[0.5,1.0)	PLS	ULTRARARE	non-CpG-ti	4458	4458	710.971	140.057357	4456	3402.780993306194	32108.87126964599	855	1618	1718
SKNSH_skew	[0.5,1.0)	PLS	ULTRARARE	non-CpG-tv	4078	4078	335.395	49.160759	4074	2644.1639971558475	29532.196862272704	779	1496	1758
SKNSH_skew	[0.5,1.0)	PLS	ULTRARARE	unknown	22	0	0	0	22	1.6790002062916705	73.35333818043934	2	8	4
SKNSH_skew	[0.5,1.0)	dELS	COMMON	CpG-CGI	38	38	57.205999999999996	113.908318	38	-25.72799991443754	153.40127887031173	1	8	8
SKNSH_skew	[0.5,1.0)	dELS	COMMON	CpG-nonCGI	1258	1258	2388.974	5175.079248	1257	-1258.4669990594264	4271.910076462811	12	148	287
SKNSH_skew	[0.5,1.0)	dELS	COMMON	non-CpG-ti	6969	6969	987.253	191.980393	6953	-3559.439997919834	18445.242359990218	180	797	1293
SKNSH_skew	[0.5,1.0)	dELS	COMMON	non-CpG-tv	3766	3766	223.703	26.112911	3758	-790.6009975339986	8561.455938528134	126	406	740
SKNSH_skew	[0.5,1.0)	dELS	COMMON	unknown	3	0	0	0	3	-0.4559999927878384	0.30115999585032494	0	1	0
SKNSH_skew	[0.5,1.0)	dELS	LOW_FREQ	CpG-CGI	53	53	81.452	164.40913	53	-54.28299972787497	417.1215126974999	1	12	17
SKNSH_skew	[0.5,1.0)	dELS	LOW_FREQ	CpG-nonCGI	1631	1631	3360.552	7520.069390000001	1627	-1457.010999735328	5633.439928109112	19	170	376
SKNSH_skew	[0.5,1.0)	dELS	LOW_FREQ	non-CpG-ti	6565	6565	1008.2139999999999	207.766858	6556	-1148.0609995513225	13900.254013738286	235	539	1036
SKNSH_skew	[0.5,1.0)	dELS	LOW_FREQ	non-CpG-tv	4090	4090	266.868	42.036482	4080	-197.4250035783046	8559.09542963112	154	396	731
SKNSH_skew	[0.5,1.0)	dELS	LOW_FREQ	unknown	2	0	0	0	2	-0.47199998050928077	0.2998899816876655	0	0	0
SKNSH_skew	[0.5,1.0)	dELS	RARE	CpG-CGI	121	121	192.717	390.652409	120	-97.49899977445612	488.4779568868605	4	20	25
SKNSH_skew	[0.5,1.0)	dELS	RARE	CpG-nonCGI	4942	4942	10257.414	23048.874996	4931	-4797.635003861738	19512.711175359844	74	474	1090
SKNSH_skew	[0.5,1.0)	dELS	RARE	non-CpG-ti	16018	16018	2513.408	545.004816	16003	-2009.4870046424899	37060.278527361654	686	1397	2637
SKNSH_skew	[0.5,1.0)	dELS	RARE	non-CpG-tv	10280	10280	655.25	84.163582	10253	490.1190059304937	25825.941984664903	535	929	1755
SKNSH_skew	[0.5,1.0)	dELS	RARE	unknown	18	0	0	0	13	-4.932999886572361	8.562472706442007	0	0	5
SKNSH_skew	[0.5,1.0)	dELS	SINGLETON	CpG-CGI	471	471	373.165	524.439267	471	16.959000743692936	2359.9157484022926	52	109	224
SKNSH_skew	[0.5,1.0)	dELS	SINGLETON	CpG-nonCGI	4580	4580	8305.6	16809.491052	4571	-3620.4889977424173	16818.5748095328	110	462	1083
SKNSH_skew	[0.5,1.0)	dELS	SINGLETON	non-CpG-ti	156724	156724	22973.155	4419.960105	156528	-7135.713981769626	367055.4692798594	7342	13596	25731
SKNSH_skew	[0.5,1.0)	dELS	SINGLETON	non-CpG-tv	116721	116721	6537.971	590.981527	116483	12751.524989066305	281058.89458120277	6635	10587	19746
SKNSH_skew	[0.5,1.0)	dELS	SINGLETON	unknown	76	0	0	0	68	-22.34800016880035	146.28371650130802	1	9	11
SKNSH_skew	[0.5,1.0)	dELS	ULTRARARE	CpG-CGI	615	615	855.5600000000001	1660.306858	613	-326.873000442516	2311.1756005883913	27	122	187
SKNSH_skew	[0.5,1.0)	dELS	ULTRARARE	CpG-nonCGI	18657	18657	37379.853	81202.894911	18629	-16697.72098531609	71021.44508200449	376	1956	4034
SKNSH_skew	[0.5,1.0)	dELS	ULTRARARE	non-CpG-ti	103593	103593	16311.159	3462.714877	103453	-10216.56998995459	252125.66268831142	4673	9031	16715
SKNSH_skew	[0.5,1.0)	dELS	ULTRARARE	non-CpG-tv	66818	66818	4095.686	442.825678	66670	5305.719989409321	160721.24108924737	3611	6135	11589
SKNSH_skew	[0.5,1.0)	dELS	ULTRARARE	unknown	53	0	0	0	45	-11.588000055402516	33.205782129970984	0	5	13
SKNSH_skew	[0.5,1.0)	non-cCRE	COMMON	CpG-CGI	21	21	28.679	59.439729	20	-5.945999901741743	68.07259279223557	2	7	6
SKNSH_skew	[0.5,1.0)	non-cCRE	COMMON	CpG-nonCGI	2934	2934	6052.671	13890.648315	2895	-2722.56299833604	7869.5619066291965	7	164	26
SKNSH_skew	[0.5,1.0)	non-cCRE	COMMON	non-CpG-ti	18394	18394	2539.394	476.062426	18250	-11941.076993013618	41179.1946930437	111	882	169
SKNSH_skew	[0.5,1.0)	non-cCRE	COMMON	non-CpG-tv	9464	9464	611.72	80.257294	9326	-3155.566992874954	12966.621199203682	78	461	106
SKNSH_skew	[0.5,1.0)	non-cCRE	COMMON	unknown	56	0	0	0	16	-17.226999953389164	35.3823467466264	0	2	2
SKNSH_skew	[0.5,1.0)	non-cCRE	LOW_FREQ	CpG-CGI	35	35	61.621	131.519933	34	-21.657000608742234	171.9913548788202	2	10	5
SKNSH_skew	[0.5,1.0)	non-cCRE	LOW_FREQ	CpG-nonCGI	3879	3879	8821.028	21370.695054	3812	-3745.6569999634526	10907.30461112089	11	215	42
SKNSH_skew	[0.5,1.0)	non-cCRE	LOW_FREQ	non-CpG-ti	18032	18032	2666.787	523.782459	17864	-5066.522991976471	25746.0434633035	145	665	184
SKNSH_skew	[0.5,1.0)	non-cCRE	LOW_FREQ	non-CpG-tv	11226	11226	919.028	169.705824	11022	-1669.9739965921042	12112.172371570772	117	438	140
SKNSH_skew	[0.5,1.0)	non-cCRE	LOW_FREQ	unknown	95	0	0	0	19	-2.0169999003410353	17.66872490073145	0	1	5
SKNSH_skew	[0.5,1.0)	non-cCRE	RARE	CpG-CGI	98	98	145.379	301.949945	96	-39.00299972295765	230.84268432441212	2	31	20
SKNSH_skew	[0.5,1.0)	non-cCRE	RARE	CpG-nonCGI	11418	11418	26103.894	63259.244568	11242	-11014.543989552418	32854.60587543201	42	552	140
SKNSH_skew	[0.5,1.0)	non-cCRE	RARE	non-CpG-ti	43085	43085	6468.633	1289.496647	42675	-9818.191991504516	55865.76265054616	399	1717	405
SKNSH_skew	[0.5,1.0)	non-cCRE	RARE	non-CpG-tv	27493	27493	1937.034	275.511536	26849	-3539.0139833764392	32597.049260759897	382	1128	371
SKNSH_skew	[0.5,1.0)	non-cCRE	RARE	unknown	223	0	0	0	50	-13.929999897256497	51.41671871580437	0	6	8
SKNSH_skew	[0.5,1.0)	non-cCRE	SINGLETON	CpG-CGI	427	427	319.302	448.800488	425	60.35099943645755	1442.2377854713395	38	136	142
SKNSH_skew	[0.5,1.0)	non-cCRE	SINGLETON	CpG-nonCGI	8066	8066	15714.734	33299.59711	8026	-6459.969986671117	20154.11326037447	53	461	170
SKNSH_skew	[0.5,1.0)	non-cCRE	SINGLETON	non-CpG-ti	389873	389873	55840.747	10317.552753	387291	-51796.99692945252	456758.1470784174	4605	13895	3793
SKNSH_skew	[0.5,1.0)	non-cCRE	SINGLETON	non-CpG-tv	283243	283243	16724.664	1603.392852	279942	-21614.77790357837	313617.6797809272	3946	10824	3410
SKNSH_skew	[0.5,1.0)	non-cCRE	SINGLETON	unknown	605	0	0	0	263	-59.885000038892066	179.80854941639566	0	29	33
SKNSH_skew	[0.5,1.0)	non-cCRE	ULTRARARE	CpG-CGI	472	472	560.021	1034.609613	469	59.21300083142706	1965.773096989841	50	130	121
SKNSH_skew	[0.5,1.0)	non-cCRE	ULTRARARE	CpG-nonCGI	35025	35025	75449.196	172982.993346	34769	-31718.319976748186	96691.09737556125	152	1697	499
SKNSH_skew	[0.5,1.0)	non-cCRE	ULTRARARE	non-CpG-ti	264028	264028	40065.836	8025.615326	261938	-48170.4059039181	332635.00413472776	2923	9428	2577
SKNSH_skew	[0.5,1.0)	non-cCRE	ULTRARARE	non-CpG-tv	167298	167298	10913.272	1229.12804	164665	-18017.1839406566	193196.98997714082	2275	6714	2005
SKNSH_skew	[0.5,1.0)	non-cCRE	ULTRARARE	unknown	768	0	0	0	221	-72.57799930300104	381.4574906734187	2	23	37
SKNSH_skew	[0.5,1.0)	pELS	COMMON	CpG-CGI	20	20	9.137	6.186049	20	8.48400019295513	50.079791246361154	2	10	5
SKNSH_skew	[0.5,1.0)	pELS	COMMON	CpG-nonCGI	147	147	239.035	469.219357	146	-139.84100018162277	573.9928548861147	1	36	35
SKNSH_skew	[0.5,1.0)	pELS	COMMON	non-CpG-ti	1037	1037	147.183	28.815729	1037	-365.4809974905805	3613.3693465561796	45	326	240
SKNSH_skew	[0.5,1.0)	pELS	COMMON	non-CpG-tv	569	569	37.137	4.344331	565	-88.07300147914792	1439.276018261679	31	181	157
SKNSH_skew	[0.5,1.0)	pELS	COMMON	unknown	1	0	0	0	1	-0.354000002145767	0.125316001519203	0	0	0
SKNSH_skew	[0.5,1.0)	pELS	LOW_FREQ	CpG-CGI	41	41	21.743	23.001357	41	10.755999370245252	161.70302133761743	4	9	15
SKNSH_skew	[0.5,1.0)	pELS	LOW_FREQ	CpG-nonCGI	197	197	346.863	729.579303	197	-160.52899982291288	730.8333806595698	4	37	42
SKNSH_skew	[0.5,1.0)	pELS	LOW_FREQ	non-CpG-ti	1050	1050	158.568	31.009514	1050	-27.801996894064466	3064.8415887686615	56	233	225
SKNSH_skew	[0.5,1.0)	pELS	LOW_FREQ	non-CpG-tv	779	779	58.506	8.097658000000001	772	32.22699562227345	2430.7026480577674	62	216	190
SKNSH_skew	[0.5,1.0)	pELS	RARE	CpG-CGI	111	111	73.55799999999999	96.458026	111	18.162000149488435	530.4744797181372	16	47	52
SKNSH_skew	[0.5,1.0)	pELS	RARE	CpG-nonCGI	560	560	1016.682	2117.027068	560	-486.74900058284396	1915.6662640282202	9	115	130
SKNSH_skew	[0.5,1.0)	pELS	RARE	non-CpG-ti	2625	2625	403.634	82.516552	2622	259.09399905102333	7831.124810701719	190	642	587
SKNSH_skew	[0.5,1.0)	pELS	RARE	non-CpG-tv	1998	1998	150.841	22.011513	1988	313.45499860751426	5597.654227516463	147	578	518
SKNSH_skew	[0.5,1.0)	pELS	RARE	unknown	8	0	0	0	8	-3.627999834716322	19.189486795669303	0	7	1
SKNSH_skew	[0.5,1.0)	pELS	SINGLETON	CpG-CGI	903	903	402.927	313.242655	903	625.4060013643467	5237.390448481584	158	365	468
SKNSH_skew	[0.5,1.0)	pELS	SINGLETON	CpG-nonCGI	999	999	1272.981	2236.352353	999	-565.7999984247145	3932.5393288397013	39	274	285
SKNSH_skew	[0.5,1.0)	pELS	SINGLETON	non-CpG-ti	25585	25585	3715.9	684.755146	25563	6329.736015553238	89369.56702936412	2270	6388	5530
SKNSH_skew	[0.5,1.0)	pELS	SINGLETON	non-CpG-tv	22176	22176	1444.778	162.43186599999999	22154	7621.016986096277	78427.23540939942	2149	5940	5359
SKNSH_skew	[0.5,1.0)	pELS	SINGLETON	unknown	29	0	0	0	29	-7.3650006093085105	117.57971753976254	1	10	8
SKNSH_skew	[0.5,1.0)	pELS	ULTRARARE	CpG-CGI	729	729	354.10699999999997	330.650675	729	489.5380017473363	3714.284344372469	128	306	368
SKNSH_skew	[0.5,1.0)	pELS	ULTRARARE	CpG-nonCGI	2311	2311	3894.065	7742.809881	2305	-1725.4930037626764	8359.574658643796	58	511	561
SKNSH_skew	[0.5,1.0)	pELS	ULTRARARE	non-CpG-ti	16741	16741	2579.641	515.313057	16723	3250.4660089190593	56751.57866957204	1423	4245	3735
SKNSH_skew	[0.5,1.0)	pELS	ULTRARARE	non-CpG-tv	13247	13247	970.941	132.287837	13230	3979.393001004354	48201.14977699322	1280	3717	3309
SKNSH_skew	[0.5,1.0)	pELS	ULTRARARE	unknown	53	0	0	0	53	-41.5069999210537	194.32062221135553	2	24	3
SKNSH_skew	[1.0,1.5)	Other cCREs	COMMON	CpG-CGI	5	5	8.248999999999999	16.092875	5	7.0150001272559175	61.784830838765856	1	1	0
SKNSH_skew	[1.0,1.5)	Other cCREs	COMMON	CpG-nonCGI	97	97	204.806	466.772766	97	-115.18200040236103	398.05099591465944	0	6	12
SKNSH_skew	[1.0,1.5)	Other cCREs	COMMON	non-CpG-ti	473	473	63.333999999999996	11.212072000000001	472	-304.00300158222683	1201.7614179442123	6	23	39
SKNSH_skew	[1.0,1.5)	Other cCREs	COMMON	non-CpG-tv	248	248	15.344	1.583912	246	-88.51099961716677	369.5045965388903	1	14	27
SKNSH_skew	[1.0,1.5)	Other cCREs	COMMON	unknown	3	0	0	0	1	0	0	0	0	0
SKNSH_skew	[1.0,1.5)	Other cCREs	LOW_FREQ	CpG-CGI	5	5	10.333	22.208197	5	-3.959999926388265	9.74306160528113	0	0	0
SKNSH_skew	[1.0,1.5)	Other cCREs	LOW_FREQ	CpG-nonCGI	123	123	285.335	704.362331	122	-92.24199961405245	252.04813524872463	0	5	10
SKNSH_skew	[1.0,1.5)	Other cCREs	LOW_FREQ	non-CpG-ti	422	422	62.667	12.625973	422	-135.40300089679673	704.864748528935	5	19	29
SKNSH_skew	[1.0,1.5)	Other cCREs	LOW_FREQ	non-CpG-tv	255	255	15.355	1.520069	250	-23.15600000775883	342.134648058343	5	7	14
SKNSH_skew	[1.0,1.5)	Other cCREs	LOW_FREQ	unknown	2	0	0	0	2	-1.307999968528752	2.0847438945350634	0	0	0
SKNSH_skew	[1.0,1.5)	Other cCREs	RARE	CpG-CGI	9	9	18.352	40.073748	9	-5.446999967098241	12.796878887363462	0	2	1
SKNSH_skew	[1.0,1.5)	Other cCREs	RARE	CpG-nonCGI	386	386	887.277	2151.096597	382	-316.17399909137754	881.373819231552	0	20	40
SKNSH_skew	[1.0,1.5)	Other cCREs	RARE	non-CpG-ti	1040	1040	153.531	28.725376999999998	1036	-253.39100071683063	1435.1262355021308	13	23	66
SKNSH_skew	[1.0,1.5)	Other cCREs	RARE	non-CpG-tv	677	677	44.571	4.596309	667	-135.7799987304024	1148.9022674215223	14	35	40
SKNSH_skew	[1.0,1.5)	Other cCREs	RARE	unknown	4	0	0	0	0	0	0	0	0	0
SKNSH_skew	[1.0,1.5)	Other cCREs	SINGLETON	CpG-CGI	15	15	19.658	31.658782	14	-23.08899971749634	126.93479458869504	0	2	0
SKNSH_skew	[1.0,1.5)	Other cCREs	SINGLETON	CpG-nonCGI	260	260	512.632	1090.353372	257	-235.83899993263188	889.1515599878977	1	13	29
SKNSH_skew	[1.0,1.5)	Other cCREs	SINGLETON	non-CpG-ti	9272	9272	1303.841	230.437579	9245	-1313.3349996786567	13260.252516813023	182	349	567
SKNSH_skew	[1.0,1.5)	Other cCREs	SINGLETON	non-CpG-tv	6627	6627	383.339	33.622879	6565	-453.6939992265543	8468.117989895552	120	262	397
SKNSH_skew	[1.0,1.5)	Other cCREs	SINGLETON	unknown	15	0	0	0	6	-2.2829999849200244	8.658116822464946	0	1	0
SKNSH_skew	[1.0,1.5)	Other cCREs	ULTRARARE	CpG-CGI	32	32	58.498	128.70872	32	-21.89899978041648	89.12467452477031	0	3	3
SKNSH_skew	[1.0,1.5)	Other cCREs	ULTRARARE	CpG-nonCGI	1074	1074	2313.933	5293.689111	1063	-1060.1610002294185	3301.565515532753	2	57	94
SKNSH_skew	[1.0,1.5)	Other cCREs	ULTRARARE	non-CpG-ti	6279	6279	937.711	178.667253	6252	-1208.7290004034294	9364.762814540005	106	212	403
SKNSH_skew	[1.0,1.5)	Other cCREs	ULTRARARE	non-CpG-tv	3993	3993	255.894	26.295242000000002	3946	-335.99300012458104	6069.88818930621	88	157	263
SKNSH_skew	[1.0,1.5)	Other cCREs	ULTRARARE	unknown	12	0	0	0	4	0.477999985218048	0.11077399105227011	0	0	1
SKNSH_skew	[1.0,1.5)	PLS	COMMON	CpG-CGI	4	4	1.75	0.8827780000000001	4	-2.6979999653995086	14.02396220710626	0	3	0
SKNSH_skew	[1.0,1.5)	PLS	COMMON	CpG-nonCGI	8	8	14.770999999999999	31.989413	8	-11.08899996429681	26.805844687594803	0	4	3
SKNSH_skew	[1.0,1.5)	PLS	COMMON	non-CpG-ti	48	48	6.067	0.903031	48	-3.0749996267259068	203.01711660639407	2	23	14
SKNSH_skew	[1.0,1.5)	PLS	COMMON	non-CpG-tv	35	35	2.2520000000000002	0.21276	35	2.192000688984994	159.96430939236092	5	18	12
SKNSH_skew	[1.0,1.5)	PLS	LOW_FREQ	CpG-CGI	3	3	1.119	0.428705	3	0.39300001412630103	1.8956609368904882	0	1	3
SKNSH_skew	[1.0,1.5)	PLS	LOW_FREQ	CpG-nonCGI	4	4	5.707	12.539505	4	-2.597000010311605	7.638297061672688	0	3	3
SKNSH_skew	[1.0,1.5)	PLS	LOW_FREQ	non-CpG-ti	54	54	8.667	1.606261	54	68.97500031208624	405.0616960156759	14	19	17
SKNSH_skew	[1.0,1.5)	PLS	LOW_FREQ	non-CpG-tv	35	35	2.735	0.355977	35	-7.314000179991113	143.3643264879121	2	17	11
SKNSH_skew	[1.0,1.5)	PLS	RARE	CpG-CGI	11	11	4.699	3.313491	11	4.824000045657165	15.295542481567162	1	5	8
SKNSH_skew	[1.0,1.5)	PLS	RARE	CpG-nonCGI	23	23	35.443	73.149159	23	13.039999820292003	70.72270718477021	2	6	9
SKNSH_skew	[1.0,1.5)	PLS	RARE	non-CpG-ti	165	165	25.193	4.647293	165	120.19900032691659	1018.6282459910022	31	50	58
SKNSH_skew	[1.0,1.5)	PLS	RARE	non-CpG-tv	130	130	12.648	2.3341439999999998	130	34.84700064023495	796.5283547974408	16	54	48
SKNSH_skew	[1.0,1.5)	PLS	SINGLETON	CpG-CGI	119	119	44.615	26.444951	119	184.82199938409025	1347.8562739678196	36	42	78
SKNSH_skew	[1.0,1.5)	PLS	SINGLETON	CpG-nonCGI	40	40	35.679	54.348819	40	30.34800016880033	288.46901151838375	8	13	21
SKNSH_skew	[1.0,1.5)	PLS	SINGLETON	non-CpG-ti	1397	1397	207.788	36.460514	1397	1126.1779991942456	10491.326901039934	274	489	523
SKNSH_skew	[1.0,1.5)	PLS	SINGLETON	non-CpG-tv	1306	1306	103.993	14.809903	1306	1481.6830015653973	11921.976626805303	325	478	540
SKNSH_skew	[1.0,1.5)	PLS	SINGLETON	unknown	5	0	0	0	5	-1.765000037848953	6.271085048400763	0	1	1
SKNSH_skew	[1.0,1.5)	PLS	ULTRARARE	CpG-CGI	101	101	47.821	40.168705	101	128.60400020331141	810.4967707137642	29	35	64
SKNSH_skew	[1.0,1.5)	PLS	ULTRARARE	CpG-nonCGI	63	63	81.179	140.761237	63	-7.595999644137926	713.0378197481386	8	20	34
SKNSH_skew	[1.0,1.5)	PLS	ULTRARARE	non-CpG-ti	1010	1010	157.65	29.515148	1009	931.3349979465124	8252.732172686661	219	375	393
SKNSH_skew	[1.0,1.5)	PLS	ULTRARARE	non-CpG-tv	814	814	76.592	12.51164	813	625.9510006182827	6784.094901427724	168	313	336
SKNSH_skew	[1.0,1.5)	PLS	ULTRARARE	unknown	2	0	0	0	2	-0.554999947547913	1.29255288598252	0	2	0
SKNSH_skew	[1.0,1.5)	dELS	COMMON	CpG-CGI	8	8	12.741	25.659855	8	-1.8739999830722784	6.800560081827054	0	2	2
SKNSH_skew	[1.0,1.5)	dELS	COMMON	CpG-nonCGI	298	298	578.229	1269.811569	298	-271.93099998135574	862.4125987936194	1	31	70
SKNSH_skew	[1.0,1.5)	dELS	COMMON	non-CpG-ti	1357	1357	182.479	32.265795	1354	-577.6430006206504	3410.1936426382304	37	148	294
SKNSH_skew	[1.0,1.5)	dELS	COMMON	non-CpG-tv	684	684	37.468	3.28088	684	-175.1139993086691	1420.0635234666986	19	89	155
SKNSH_skew	[1.0,1.5)	dELS	LOW_FREQ	CpG-CGI	12	12	22.052	48.854822	12	-13.37900008435827	33.64027163884183	0	0	3
SKNSH_skew	[1.0,1.5)	dELS	LOW_FREQ	CpG-nonCGI	363	363	757.849	1732.102983	362	-418.47799952712387	1426.1900118586539	0	36	83
SKNSH_skew	[1.0,1.5)	dELS	LOW_FREQ	non-CpG-ti	1192	1192	174.233	33.254943	1189	-215.48799939558378	2655.9090796836176	46	102	205
SKNSH_skew	[1.0,1.5)	dELS	LOW_FREQ	non-CpG-tv	817	817	50.97	5.707816	817	-53.82699907023911	1857.2523846049141	40	73	148
SKNSH_skew	[1.0,1.5)	dELS	RARE	CpG-CGI	37	37	56.609	115.778297	37	-14.2569999024272	192.1219941176307	3	6	8
SKNSH_skew	[1.0,1.5)	dELS	RARE	CpG-nonCGI	1046	1046	2209.038	5022.120104	1045	-908.0999996891479	3700.6854481847986	15	103	253
SKNSH_skew	[1.0,1.5)	dELS	RARE	non-CpG-ti	3058	3058	448.07800000000003	85.788854	3048	-447.45499924197793	7006.653845015689	112	268	496
SKNSH_skew	[1.0,1.5)	dELS	RARE	non-CpG-tv	1948	1948	124.08	14.175276	1940	8.820999585208543	4717.19335226643	93	190	370
SKNSH_skew	[1.0,1.5)	dELS	RARE	unknown	5	0	0	0	4	-1.2860000506043447	2.0313821437202724	0	0	0
SKNSH_skew	[1.0,1.5)	dELS	SINGLETON	CpG-CGI	82	82	76.536	128.38596	81	36.91000052262095	469.0475313225503	12	13	35
SKNSH_skew	[1.0,1.5)	dELS	SINGLETON	CpG-nonCGI	951	951	1722.413	3442.632981	950	-814.1970000406728	3639.420567453254	26	103	246
SKNSH_skew	[1.0,1.5)	dELS	SINGLETON	non-CpG-ti	29399	29399	4140.019	741.538085	29353	-999.743995293044	70516.11618960003	1406	2511	4980
SKNSH_skew	[1.0,1.5)	dELS	SINGLETON	non-CpG-tv	22005	22005	1255.202	111.338968	21959	2053.3220046934443	52191.51102991834	1225	2055	4071
SKNSH_skew	[1.0,1.5)	dELS	SINGLETON	unknown	9	0	0	0	9	-4.630000114440924	10.861650638154126	0	0	0
SKNSH_skew	[1.0,1.5)	dELS	ULTRARARE	CpG-CGI	145	145	191.911	363.660345	145	-16.755999261513356	594.6801501903113	15	27	43
SKNSH_skew	[1.0,1.5)	dELS	ULTRARARE	CpG-nonCGI	3895	3895	7839.602	17105.440034	3891	-3391.069004714723	14489.818027977788	85	437	997
SKNSH_skew	[1.0,1.5)	dELS	ULTRARARE	non-CpG-ti	19677	19677	2948.454	577.04197	19651	-1847.9789948805699	46716.27148179289	914	1788	3340
SKNSH_skew	[1.0,1.5)	dELS	ULTRARARE	non-CpG-tv	12585	12585	788.832	82.687182	12557	1018.5940024047151	30939.580773001566	703	1186	2299
SKNSH_skew	[1.0,1.5)	dELS	ULTRARARE	unknown	7	0	0	0	7	-4.370999962091444	15.982916644986181	0	0	1
SKNSH_skew	[1.0,1.5)	non-cCRE	COMMON	CpG-CGI	3	3	3.449	5.382225	3	-2.8100000023841902	2.663402024934771	0	2	1
SKNSH_skew	[1.0,1.5)	non-cCRE	COMMON	CpG-nonCGI	461	461	952.854	2160.572576	455	-414.66500105848553	1307.641842920358	3	25	5
SKNSH_skew	[1.0,1.5)	non-cCRE	COMMON	non-CpG-ti	3507	3507	442.778	72.311798	3478	-2753.596002265346	8894.197886831995	17	194	43
SKNSH_skew	[1.0,1.5)	non-cCRE	COMMON	non-CpG-tv	1365	1365	84.32	8.90687	1356	-466.4250002884073	2005.001648542296	16	65	16
SKNSH_skew	[1.0,1.5)	non-cCRE	COMMON	unknown	5	0	0	0	4	-2.892000049352645	8.992070240252017	0	0	0
SKNSH_skew	[1.0,1.5)	non-cCRE	LOW_FREQ	CpG-CGI	10	10	17.418	32.198378	9	-18.922999836504463	68.39202755236545	0	2	0
SKNSH_skew	[1.0,1.5)	non-cCRE	LOW_FREQ	CpG-nonCGI	655	655	1460.332	3442.077796	650	-670.7360007320533	2010.546081777731	1	24	15
SKNSH_skew	[1.0,1.5)	non-cCRE	LOW_FREQ	non-CpG-ti	3171	3171	442.65999999999997	79.208404	3148	-1089.0389993953288	4824.261485281742	23	134	35
SKNSH_skew	[1.0,1.5)	non-cCRE	LOW_FREQ	non-CpG-tv	1642	1642	100.947	9.783311	1619	-265.35999930719856	2239.282189151332	25	60	15
SKNSH_skew	[1.0,1.5)	non-cCRE	LOW_FREQ	unknown	9	0	0	0	4	0.76800008490682	6.64876245455642	0	0	0
SKNSH_skew	[1.0,1.5)	non-cCRE	RARE	CpG-CGI	13	13	15.194	27.906548	13	5.073000025004154	23.226725568124674	2	1	2
SKNSH_skew	[1.0,1.5)	non-cCRE	RARE	CpG-nonCGI	1923	1923	4333.74	10306.792336	1904	-1866.0760003103662	5367.006545595086	6	78	31
SKNSH_skew	[1.0,1.5)	non-cCRE	RARE	non-CpG-ti	7637	7637	1065.092	187.516584	7578	-2395.048000609968	11334.677328637947	63	301	80
SKNSH_skew	[1.0,1.5)	non-cCRE	RARE	non-CpG-tv	3995	3995	251.735	25.865497	3924	-656.404998578597	5066.253056105466	52	179	66
SKNSH_skew	[1.0,1.5)	non-cCRE	RARE	unknown	10	0	0	0	3	0.635000012814999	0.2145210099794869	0	0	0
SKNSH_skew	[1.0,1.5)	non-cCRE	SINGLETON	CpG-CGI	64	64	38.04	45.601736	64	68.3610000049229	399.3447135896445	15	23	25
SKNSH_skew	[1.0,1.5)	non-cCRE	SINGLETON	CpG-nonCGI	1528	1528	2929.198	6021.155548	1516	-1162.706000368111	3681.075692121512	10	88	38
SKNSH_skew	[1.0,1.5)	non-cCRE	SINGLETON	non-CpG-ti	64292	64292	8927.112	1533.954994	63830	-10934.663993069085	78272.16985475032	684	2477	744
SKNSH_skew	[1.0,1.5)	non-cCRE	SINGLETON	non-CpG-tv	43113	43113	2521.17	224.556938	42706	-3453.9679768079673	50354.67186450252	622	1806	633
SKNSH_skew	[1.0,1.5)	non-cCRE	SINGLETON	unknown	57	0	0	0	38	-15.947000116109846	50.64814856441309	0	1	0
SKNSH_skew	[1.0,1.5)	non-cCRE	ULTRARARE	CpG-CGI	91	91	101.85	186.90231	90	-15.891000017523757	214.21367009184158	4	26	23
SKNSH_skew	[1.0,1.5)	non-cCRE	ULTRARARE	CpG-nonCGI	6239	6239	13370.388	30239.536466	6192	-5705.683997777408	17033.246881319697	31	317	111
SKNSH_skew	[1.0,1.5)	non-cCRE	ULTRARARE	non-CpG-ti	44357	44357	6388.811	1162.883419	43995	-9521.720980759012	59444.6624790332	453	1662	486
SKNSH_skew	[1.0,1.5)	non-cCRE	ULTRARARE	non-CpG-tv	25146	25146	1571.311	155.746787	24834	-3066.080989441367	30345.423117829287	325	1088	375
SKNSH_skew	[1.0,1.5)	non-cCRE	ULTRARARE	unknown	64	0	0	0	34	-10.31799991801381	31.865075954553983	0	5	1
SKNSH_skew	[1.0,1.5)	pELS	COMMON	CpG-CGI	7	7	3.62	2.66935	7	11.720000140368937	78.06407363615625	2	3	5
SKNSH_skew	[1.0,1.5)	pELS	COMMON	CpG-nonCGI	29	29	43.214999999999996	89.578727	29	-34.44700018130243	124.05157756340067	0	7	9
SKNSH_skew	[1.0,1.5)	pELS	COMMON	non-CpG-ti	194	194	27.274	5.35494	194	-116.80799856130047	635.8430563269192	9	59	47
SKNSH_skew	[1.0,1.5)	pELS	COMMON	non-CpG-tv	118	118	7.164	0.821448	115	-4.683000585995614	286.73335391422677	5	36	34
SKNSH_skew	[1.0,1.5)	pELS	LOW_FREQ	CpG-CGI	2	2	0.5549999999999999	0.166653	2	3.39400005340576	48.9302484798432	1	0	1
SKNSH_skew	[1.0,1.5)	pELS	LOW_FREQ	CpG-nonCGI	38	38	67.162	142.93276600000002	37	-32.44300023466348	132.65884014773934	1	8	10
SKNSH_skew	[1.0,1.5)	pELS	LOW_FREQ	non-CpG-ti	201	201	29.539	5.770407	201	10.097999759018409	475.8382195674933	11	56	45
SKNSH_skew	[1.0,1.5)	pELS	LOW_FREQ	non-CpG-tv	153	153	11.005	1.4378630000000001	152	23.25200041756035	328.93331616197867	12	37	42
SKNSH_skew	[1.0,1.5)	pELS	RARE	CpG-CGI	22	22	10.126	9.205644	22	8.092999987304209	66.21302348277166	2	12	13
SKNSH_skew	[1.0,1.5)	pELS	RARE	CpG-nonCGI	119	119	213.044	445.812096	117	-80.8430000676308	366.698088219618	2	26	25
SKNSH_skew	[1.0,1.5)	pELS	RARE	non-CpG-ti	513	513	73.755	12.975119	513	87.27000070165373	1533.7177148537019	38	122	128
SKNSH_skew	[1.0,1.5)	pELS	RARE	non-CpG-tv	404	404	31.733999999999998	4.463584	404	155.16300037666224	1568.1964014203188	48	124	112
SKNSH_skew	[1.0,1.5)	pELS	RARE	unknown	2	0	0	0	2	-4.01599985361099	21.3047846342459	0	2	0
SKNSH_skew	[1.0,1.5)	pELS	SINGLETON	CpG-CGI	158	158	61.877	36.649923	158	102.7539999401197	830.6477816063627	31	71	92
SKNSH_skew	[1.0,1.5)	pELS	SINGLETON	CpG-nonCGI	203	203	268.49	489.316864	203	-94.65199932293031	727.2416051939298	8	58	61
SKNSH_skew	[1.0,1.5)	pELS	SINGLETON	non-CpG-ti	5126	5126	726.337	126.58534900000001	5123	1547.9209949077333	19219.448253005703	504	1314	1205
SKNSH_skew	[1.0,1.5)	pELS	SINGLETON	non-CpG-tv	4374	4374	306.367	37.119947	4370	1560.1570004855748	16888.668851375947	450	1220	1209
SKNSH_skew	[1.0,1.5)	pELS	SINGLETON	unknown	8	0	0	0	8	1.1390000544488421	1.109987011100831	0	3	2
SKNSH_skew	[1.0,1.5)	pELS	ULTRARARE	CpG-CGI	144	144	69.82600000000001	61.258711999999996	144	151.67600022256372	1344.1746470147918	28	56	80
SKNSH_skew	[1.0,1.5)	pELS	ULTRARARE	CpG-nonCGI	476	476	804.234	1621.201424	474	-292.3690015347675	2095.972639442132	21	122	130
SKNSH_skew	[1.0,1.5)	pELS	ULTRARARE	non-CpG-ti	3306	3306	487.019	90.573283	3305	645.3619999100922	11429.684789884968	294	885	790
SKNSH_skew	[1.0,1.5)	pELS	ULTRARARE	non-CpG-tv	2540	2540	199.091	27.828275	2535	895.0339978969424	9784.036231706657	264	765	681
SKNSH_skew	[1.0,1.5)	pELS	ULTRARARE	unknown	9	0	0	0	9	-8.77099986374378	28.927621629204367	0	7	3
SKNSH_skew	[1.5,Inf)	Other cCREs	COMMON	CpG-nonCGI	21	21	42.333	94.333631	21	-22.475999996066108	57.23830428357932	0	0	6
SKNSH_skew	[1.5,Inf)	Other cCREs	COMMON	non-CpG-ti	187	187	24.157	3.759435	187	-139.52799894986683	512.3747789682592	2	10	19
SKNSH_skew	[1.5,Inf)	Other cCREs	COMMON	non-CpG-tv	84	84	4.863	0.505151	84	-32.333999871276305	138.66424032174078	2	9	7
SKNSH_skew	[1.5,Inf)	Other cCREs	LOW_FREQ	CpG-nonCGI	29	29	66.306	160.60695	29	-33.87100002169605	107.0371122477815	1	0	1
SKNSH_skew	[1.5,Inf)	Other cCREs	LOW_FREQ	non-CpG-ti	155	155	22.445	4.344145	155	-46.851000148802996	194.538710772793	1	5	8
SKNSH_skew	[1.5,Inf)	Other cCREs	LOW_FREQ	non-CpG-tv	82	82	4.987	0.41142300000000004	82	1.3659999081864904	66.54039850903312	2	4	6
SKNSH_skew	[1.5,Inf)	Other cCREs	RARE	CpG-CGI	1	1	0.478	0.228484	1	-0.781000018119812	0.609961028303147	0	0	0
SKNSH_skew	[1.5,Inf)	Other cCREs	RARE	CpG-nonCGI	85	85	195.24099999999999	468.272221	85	-100.36899949610236	299.41863048532355	0	2	19
SKNSH_skew	[1.5,Inf)	Other cCREs	RARE	non-CpG-ti	380	380	55.007999999999996	9.38687	380	-71.70300003304153	558.6084050743734	7	13	22
SKNSH_skew	[1.5,Inf)	Other cCREs	RARE	non-CpG-tv	206	206	12.894	1.313488	205	-22.539999829605218	206.86429576963963	0	5	9
SKNSH_skew	[1.5,Inf)	Other cCREs	SINGLETON	CpG-CGI	4	4	7.039	13.029786999999999	4	-1.595000036060811	1.054131050762773	0	0	0
SKNSH_skew	[1.5,Inf)	Other cCREs	SINGLETON	CpG-nonCGI	65	65	132.304	281.982474	64	-34.44100019056349	84.23037841795055	0	6	6
SKNSH_skew	[1.5,Inf)	Other cCREs	SINGLETON	non-CpG-ti	3382	3382	473.992	79.228064	3371	-581.6360010207867	4645.592485208045	50	103	193
SKNSH_skew	[1.5,Inf)	Other cCREs	SINGLETON	non-CpG-tv	2069	2069	124.148	11.300704	2054	-228.50499821430995	2833.0810785069316	40	89	139
SKNSH_skew	[1.5,Inf)	Other cCREs	SINGLETON	unknown	1	0	0	0	1	0	0	0	0	0
SKNSH_skew	[1.5,Inf)	Other cCREs	ULTRARARE	CpG-CGI	9	9	17.038	36.356438	9	3.1660000383853872	6.365496278411993	1	2	0
SKNSH_skew	[1.5,Inf)	Other cCREs	ULTRARARE	CpG-nonCGI	238	238	527.83	1237.45935	236	-246.52700062002998	809.451597510026	0	11	29
SKNSH_skew	[1.5,Inf)	Other cCREs	ULTRARARE	non-CpG-ti	2154	2154	317.184	57.276836	2143	-463.65999970014684	3244.049515298788	29	68	137
SKNSH_skew	[1.5,Inf)	Other cCREs	ULTRARARE	non-CpG-tv	1176	1176	75.449	7.164719	1164	-130.75599926582078	1755.2247408621918	21	52	80
SKNSH_skew	[1.5,Inf)	Other cCREs	ULTRARARE	unknown	1	0	0	0	0	0	0	0	0	0
SKNSH_skew	[1.5,Inf)	PLS	COMMON	CpG-nonCGI	1	1	2.526	6.380676	1	-0.0879999995231628	0.00774399991607666	0	0	0
SKNSH_skew	[1.5,Inf)	PLS	COMMON	non-CpG-ti	21	21	3.0060000000000002	0.47824	21	-13.513999905437233	82.41853604598934	1	9	9
SKNSH_skew	[1.5,Inf)	PLS	COMMON	non-CpG-tv	5	5	0.394	0.06851800000000001	5	5.985000073909759	15.404363301670074	2	2	2
SKNSH_skew	[1.5,Inf)	PLS	LOW_FREQ	CpG-CGI	1	1	0.301	0.090601	1	-0.0759999975562096	0.00577599962854386	0	0	1
SKNSH_skew	[1.5,Inf)	PLS	LOW_FREQ	CpG-nonCGI	1	1	1.661	2.758921	1	-2.51900005340576	6.34536126905823	0	1	0
SKNSH_skew	[1.5,Inf)	PLS	LOW_FREQ	non-CpG-ti	20	20	2.985	0.499023	20	10.800000004470363	128.25833272046077	2	9	7
SKNSH_skew	[1.5,Inf)	PLS	LOW_FREQ	non-CpG-tv	8	8	1.125	0.227807	8	1.6010001823306097	58.89571839109424	1	4	1
SKNSH_skew	[1.5,Inf)	PLS	RARE	CpG-CGI	1	1	0.942	0.887364	1	0.294999986886978	0.0870249922633173	0	1	0
SKNSH_skew	[1.5,Inf)	PLS	RARE	CpG-nonCGI	2	2	4.853	12.074569	2	-5.388000011444101	14.97992027862553	0	0	1
SKNSH_skew	[1.5,Inf)	PLS	RARE	non-CpG-ti	53	53	8.27	1.406886	53	20.75899993069474	460.7628061988682	8	24	23
SKNSH_skew	[1.5,Inf)	PLS	RARE	non-CpG-tv	32	32	2.942	0.486638	32	36.19099972536787	264.12305665215706	7	11	10
SKNSH_skew	[1.5,Inf)	PLS	SINGLETON	CpG-CGI	21	21	10.715	11.694657	21	17.86600009351968	89.68594586216497	8	5	13
SKNSH_skew	[1.5,Inf)	PLS	SINGLETON	CpG-nonCGI	13	13	12.655999999999999	18.183966	13	3.386999696493155	109.35828854401605	2	6	10
SKNSH_skew	[1.5,Inf)	PLS	SINGLETON	non-CpG-ti	507	507	75.429	13.028345	507	505.86000271525717	4364.221595658968	124	201	198
SKNSH_skew	[1.5,Inf)	PLS	SINGLETON	non-CpG-tv	365	365	33.971	5.6510810000000005	365	358.2189997881651	2830.4815624450125	75	123	152
SKNSH_skew	[1.5,Inf)	PLS	SINGLETON	unknown	1	0	0	0	1	-0.460999995470047	0.212520995823383	0	0	1
SKNSH_skew	[1.5,Inf)	PLS	ULTRARARE	CpG-CGI	13	13	5.547	3.745951	13	17.385000124573704	112.60716002524849	5	6	8
SKNSH_skew	[1.5,Inf)	PLS	ULTRARARE	CpG-nonCGI	20	20	33.214999999999996	63.350342999999995	20	1.5379998087883169	116.30415745487456	1	4	6
SKNSH_skew	[1.5,Inf)	PLS	ULTRARARE	non-CpG-ti	326	326	49.55	8.845072	326	391.8439989734908	3333.735343577363	85	112	115
SKNSH_skew	[1.5,Inf)	PLS	ULTRARARE	non-CpG-tv	218	218	22.9	4.221678	218	185.6660013142975	2211.755395072008	47	85	78
SKNSH_skew	[1.5,Inf)	PLS	ULTRARARE	unknown	1	0	0	0	1	0.321000009775162	0.103041006275654	0	0	0
SKNSH_skew	[1.5,Inf)	dELS	COMMON	CpG-CGI	2	2	1.584	1.3164799999999999	2	-2.884999871253971	5.761872476722728	0	0	1
SKNSH_skew	[1.5,Inf)	dELS	COMMON	CpG-nonCGI	81	81	157.83599999999998	337.658988	81	-80.69400028884412	272.400806343531	2	13	29
SKNSH_skew	[1.5,Inf)	dELS	COMMON	non-CpG-ti	505	505	66.425	10.734429	505	-345.5830004746094	1407.7464850702597	6	48	99
SKNSH_skew	[1.5,Inf)	dELS	COMMON	non-CpG-tv	213	213	13.865	1.411221	212	-43.38400021020788	515.1661571907734	12	29	52
SKNSH_skew	[1.5,Inf)	dELS	LOW_FREQ	CpG-CGI	3	3	7.726	19.939026	3	-6.90799993276596	20.006973495698922	0	0	0
SKNSH_skew	[1.5,Inf)	dELS	LOW_FREQ	CpG-nonCGI	106	106	228.19400000000002	527.08366	106	-124.79099974036204	521.6046705206606	1	10	37
SKNSH_skew	[1.5,Inf)	dELS	LOW_FREQ	non-CpG-ti	422	422	59.417	10.145197	421	-107.4940000202042	797.1582929364802	11	42	79
SKNSH_skew	[1.5,Inf)	dELS	LOW_FREQ	non-CpG-tv	227	227	15.461	1.598639	227	16.237999781500573	511.1367627742881	14	28	35
SKNSH_skew	[1.5,Inf)	dELS	RARE	CpG-CGI	5	5	6.207	13.383612999999999	5	-3.2059999108314488	4.15490985604763	0	1	2
SKNSH_skew	[1.5,Inf)	dELS	RARE	CpG-nonCGI	277	277	571.335	1261.517929	277	-278.51400035805995	1186.4738230410812	5	24	81
SKNSH_skew	[1.5,Inf)	dELS	RARE	non-CpG-ti	1019	1019	143.24	25.156988	1017	-90.46700077492287	2220.114534359388	47	78	182
SKNSH_skew	[1.5,Inf)	dELS	RARE	non-CpG-tv	593	593	39.9	4.100918	593	19.607998790335845	1443.6815594745506	38	55	116
SKNSH_skew	[1.5,Inf)	dELS	RARE	unknown	1	0	0	0	1	0.061999998986721	0.00384399987435341	0	0	0
SKNSH_skew	[1.5,Inf)	dELS	SINGLETON	CpG-CGI	22	22	21.493	32.916905	22	-5.663999937474732	66.98200765116648	2	5	8
SKNSH_skew	[1.5,Inf)	dELS	SINGLETON	CpG-nonCGI	255	255	471.092	949.363364	255	-251.99799951747985	983.2943234131341	7	30	84
SKNSH_skew	[1.5,Inf)	dELS	SINGLETON	non-CpG-ti	10634	10634	1436.425	233.982901	10624	-761.5129985284293	23651.092341238476	486	945	1759
SKNSH_skew	[1.5,Inf)	dELS	SINGLETON	non-CpG-tv	6888	6888	413.94599999999997	38.897776	6875	464.68300035607547	16967.77506049541	355	664	1255
SKNSH_skew	[1.5,Inf)	dELS	SINGLETON	unknown	4	0	0	0	4	-0.3950000181794159	0.5254130314464579	0	0	0
SKNSH_skew	[1.5,Inf)	dELS	ULTRARARE	CpG-CGI	47	47	52.172	89.05933399999999	47	-14.450000621378415	244.83644478551545	6	12	20
SKNSH_skew	[1.5,Inf)	dELS	ULTRARARE	CpG-nonCGI	1083	1083	2204.027	4797.909927	1083	-1070.6119981508239	4076.963863862181	15	111	355
SKNSH_skew	[1.5,Inf)	dELS	ULTRARARE	non-CpG-ti	6791	6791	955.728	164.127156	6780	-569.5539978620365	15455.829804643274	296	606	1111
SKNSH_skew	[1.5,Inf)	dELS	ULTRARARE	non-CpG-tv	3840	3840	248.015	25.537777	3828	195.6070013905411	9400.943685174456	204	354	688
SKNSH_skew	[1.5,Inf)	dELS	ULTRARARE	unknown	6	0	0	0	5	-2.889999873936174	13.107653222366345	0	1	1
SKNSH_skew	[1.5,Inf)	non-cCRE	COMMON	CpG-nonCGI	93	93	197.931	471.102043	93	-104.73600055649868	269.5584176011613	0	8	8
SKNSH_skew	[1.5,Inf)	non-cCRE	COMMON	non-CpG-ti	1118	1118	145.474	23.32135	1109	-992.1530024502424	3189.4302912407634	4	39	13
SKNSH_skew	[1.5,Inf)	non-cCRE	COMMON	non-CpG-tv	468	468	29.2	2.832714	464	-193.63999970909197	762.0787923415734	2	35	9
SKNSH_skew	[1.5,Inf)	non-cCRE	LOW_FREQ	CpG-nonCGI	117	117	266.694	638.936292	114	-164.57200063834898	519.2114289636374	0	6	5
SKNSH_skew	[1.5,Inf)	non-cCRE	LOW_FREQ	non-CpG-ti	963	963	131.768	21.574098	957	-392.1629985094771	1571.8471169141835	4	39	11
SKNSH_skew	[1.5,Inf)	non-cCRE	LOW_FREQ	non-CpG-tv	489	489	32.956	3.23333	487	-99.69299935130402	523.6390500463295	5	17	4
SKNSH_skew	[1.5,Inf)	non-cCRE	RARE	CpG-CGI	1	1	2.12	4.4944	1	-2.04900002479553	4.19840110161209	0	0	0
SKNSH_skew	[1.5,Inf)	non-cCRE	RARE	CpG-nonCGI	374	374	866.203	2103.346743	371	-467.74599959328765	1429.8726440925261	1	16	8
SKNSH_skew	[1.5,Inf)	non-cCRE	RARE	non-CpG-ti	2311	2311	322.055	54.241891	2278	-686.5850006307012	3116.9928199696274	13	84	30
SKNSH_skew	[1.5,Inf)	non-cCRE	RARE	non-CpG-tv	1404	1404	92.352	9.116312	1393	-227.04199992830408	1586.8205166477744	12	63	21
SKNSH_skew	[1.5,Inf)	non-cCRE	RARE	unknown	3	0	0	0	2	0.39100000262260404	0.07972100104475019	0	0	0
SKNSH_skew	[1.5,Inf)	non-cCRE	SINGLETON	CpG-CGI	14	14	10.249	14.334812999999999	14	10.33599977940322	100.5986022820834	2	1	5
SKNSH_skew	[1.5,Inf)	non-cCRE	SINGLETON	CpG-nonCGI	227	227	456.941	1003.712239	226	-201.62200076598683	578.525496826685	0	18	15
SKNSH_skew	[1.5,Inf)	non-cCRE	SINGLETON	non-CpG-ti	20721	20721	2915.313	489.776539	20482	-3873.86999111576	25406.60270728632	215	692	255
SKNSH_skew	[1.5,Inf)	non-cCRE	SINGLETON	non-CpG-tv	14805	14805	923.061	83.436291	14705	-1482.802993204445	16319.801748304248	181	607	181
SKNSH_skew	[1.5,Inf)	non-cCRE	SINGLETON	unknown	13	0	0	0	9	-2.552999965846532	4.617912930729503	0	0	0
SKNSH_skew	[1.5,Inf)	non-cCRE	ULTRARARE	CpG-CGI	26	26	25.908	40.264478	26	-13.066999666392803	128.93911361431543	2	8	5
SKNSH_skew	[1.5,Inf)	non-cCRE	ULTRARARE	CpG-nonCGI	1148	1148	2564.569	6028.868295	1142	-1323.5419970842784	4094.117050479747	8	72	43
SKNSH_skew	[1.5,Inf)	non-cCRE	ULTRARARE	non-CpG-ti	14021	14021	2018.411	348.842669	13851	-3516.8409980424913	18972.731335330733	114	498	161
SKNSH_skew	[1.5,Inf)	non-cCRE	ULTRARARE	non-CpG-tv	8671	8671	574.95	56.555774	8594	-1318.4089958091497	9920.96249094315	80	372	122
SKNSH_skew	[1.5,Inf)	non-cCRE	ULTRARARE	unknown	21	0	0	0	12	-21.06900033354759	78.22737994242117	0	2	0
SKNSH_skew	[1.5,Inf)	pELS	COMMON	CpG-CGI	1	1	0.186	0.034596	1	0	0	0	1	1
SKNSH_skew	[1.5,Inf)	pELS	COMMON	CpG-nonCGI	7	7	12.374	25.742398	7	-8.717999935150148	65.45032716847372	1	1	2
SKNSH_skew	[1.5,Inf)	pELS	COMMON	non-CpG-ti	72	72	9.507	1.560529	72	-37.41800042241813	191.63650215086696	1	23	22
SKNSH_skew	[1.5,Inf)	pELS	COMMON	non-CpG-tv	36	36	2.999	0.338065	36	6.336999712744735	90.34105014620198	3	13	10
SKNSH_skew	[1.5,Inf)	pELS	LOW_FREQ	CpG-CGI	1	1	0.528	0.278784	1	1.86899995803833	3.49316084314728	0	1	1
SKNSH_skew	[1.5,Inf)	pELS	LOW_FREQ	CpG-nonCGI	12	12	21.53	46.17428	12	-6.506000097841023	9.294876207659195	0	7	1
SKNSH_skew	[1.5,Inf)	pELS	LOW_FREQ	non-CpG-ti	61	61	7.991	1.204261	61	-6.941000066697597	182.04503315480474	3	19	9
SKNSH_skew	[1.5,Inf)	pELS	LOW_FREQ	non-CpG-tv	39	39	3.379	0.497855	39	-3.4159998949617076	127.7800854269557	3	13	4
SKNSH_skew	[1.5,Inf)	pELS	RARE	CpG-CGI	2	2	0.54	0.156168	2	3.46099996566772	6.03396088858986	0	1	1
SKNSH_skew	[1.5,Inf)	pELS	RARE	CpG-nonCGI	33	33	65.46	152.318946	33	-23.93499972764403	65.83891901342176	1	8	8
SKNSH_skew	[1.5,Inf)	pELS	RARE	non-CpG-ti	192	192	26.232	4.170788	192	55.331999675370774	599.3613165710434	20	48	40
SKNSH_skew	[1.5,Inf)	pELS	RARE	non-CpG-tv	114	114	8.434	1.110568	114	57.502999871619956	466.5301580440822	10	30	25
SKNSH_skew	[1.5,Inf)	pELS	SINGLETON	CpG-CGI	42	42	18.097	13.139179	42	45.63500068709254	239.72210365358634	7	15	24
SKNSH_skew	[1.5,Inf)	pELS	SINGLETON	CpG-nonCGI	39	39	57.359	110.534671	39	-46.90000043809411	162.88392817714728	0	10	14
SKNSH_skew	[1.5,Inf)	pELS	SINGLETON	non-CpG-ti	1771	1771	245.477	40.256213	1768	358.8430010690354	5856.9176449424	159	450	456
SKNSH_skew	[1.5,Inf)	pELS	SINGLETON	non-CpG-tv	1364	1364	108.975	15.181775	1364	330.0610009975499	4397.103018730551	120	399	383
SKNSH_skew	[1.5,Inf)	pELS	SINGLETON	unknown	2	0	0	0	2	2.8179999291896802	6.355489638516912	1	1	0
SKNSH_skew	[1.5,Inf)	pELS	ULTRARARE	CpG-CGI	30	30	14.347000000000001	13.497385	30	20.009000625461294	233.96048698487374	7	12	18
SKNSH_skew	[1.5,Inf)	pELS	ULTRARARE	CpG-nonCGI	121	121	220.361	463.556565	121	-102.5299994437955	413.42667538609265	3	19	35
SKNSH_skew	[1.5,Inf)	pELS	ULTRARARE	non-CpG-ti	1209	1209	174.33	29.842032	1209	264.482998158317	3839.6195013642846	117	312	312
SKNSH_skew	[1.5,Inf)	pELS	ULTRARARE	non-CpG-tv	845	845	79.237	13.223725	843	154.94899836601678	3016.473896743274	83	245	238
SKNSH_skew	[1.5,Inf)	pELS	ULTRARARE	unknown	4	0	0	0	4	-0.6880000010132791	0.6921859961196184	0	0	0
mean_skew	(-Inf,-1.5)	Other cCREs	COMMON	CpG-nonCGI	194	194	425.067	1019.645631	194	-202.76699921861302	511.28116530253004	0	14	26
mean_skew	(-Inf,-1.5)	Other cCREs	COMMON	non-CpG-ti	84	84	14.04	3.22653	83	-3.7939995313063357	52.053131155298296	0	4	15
mean_skew	(-Inf,-1.5)	Other cCREs	COMMON	non-CpG-tv	75	75	6.167	0.830371	75	-27.736000064760447	132.15482250324678	2	6	7
mean_skew	(-Inf,-1.5)	Other cCREs	LOW_FREQ	CpG-CGI	3	3	4.502	6.765245999999999	3	-0.110999986529351	0.1785289945743089	0	0	2
mean_skew	(-Inf,-1.5)	Other cCREs	LOW_FREQ	CpG-nonCGI	290	290	680.283	1693.989907	289	-349.3469990943559	1133.504171245409	0	15	39
mean_skew	(-Inf,-1.5)	Other cCREs	LOW_FREQ	non-CpG-ti	116	116	19.113	3.938641	114	17.053000070620335	154.05649805185726	5	1	18
mean_skew	(-Inf,-1.5)	Other cCREs	LOW_FREQ	non-CpG-tv	109	109	8.047	0.977989	106	-32.173000643029795	139.83832634455646	4	3	23
mean_skew	(-Inf,-1.5)	Other cCREs	RARE	CpG-CGI	2	2	2.96	7.160882	2	0.2300000190734801	8.50541213005829	0	0	0
mean_skew	(-Inf,-1.5)	Other cCREs	RARE	CpG-nonCGI	862	862	2020.9470000000001	5017.121303	859	-831.1100014280529	2271.6442092810084	2	21	129
mean_skew	(-Inf,-1.5)	Other cCREs	RARE	non-CpG-ti	252	252	40.788	8.08381	250	28.11000041197985	268.49093449984326	7	14	37
mean_skew	(-Inf,-1.5)	Other cCREs	RARE	non-CpG-tv	233	233	16.078	1.563548	227	-58.596999489236644	325.75527755342364	4	7	39
mean_skew	(-Inf,-1.5)	Other cCREs	SINGLETON	CpG-CGI	16	16	27.357	55.943409	16	1.6459999606013376	171.16249804422276	2	0	3
mean_skew	(-Inf,-1.5)	Other cCREs	SINGLETON	CpG-nonCGI	836	836	1663.469	3612.844209	831	-614.6410001199692	1989.317908372637	4	37	118
mean_skew	(-Inf,-1.5)	Other cCREs	SINGLETON	non-CpG-ti	2233	2233	358.24	68.782476	2219	272.02699886099435	1947.4511093758974	48	102	371
mean_skew	(-Inf,-1.5)	Other cCREs	SINGLETON	non-CpG-tv	2469	2469	165.46	18.080078	2448	-539.0640012110816	4292.037678523544	38	89	390
mean_skew	(-Inf,-1.5)	Other cCREs	SINGLETON	unknown	1	0	0	0	1	-1.65499997138977	2.73902490530014	0	0	0
mean_skew	(-Inf,-1.5)	Other cCREs	ULTRARARE	CpG-CGI	20	20	40.667	94.616753	20	11.230000060982995	165.58577484007373	3	2	1
mean_skew	(-Inf,-1.5)	Other cCREs	ULTRARARE	CpG-nonCGI	2917	2917	6476.429	15372.821011	2913	-2963.37199620076	9075.400405567572	9	110	408
mean_skew	(-Inf,-1.5)	Other cCREs	ULTRARARE	non-CpG-ti	1601	1601	271.467	57.047359	1584	154.2010019943117	1732.1575207115013	32	77	252
mean_skew	(-Inf,-1.5)	Other cCREs	ULTRARARE	non-CpG-tv	1487	1487	108.91	13.161847999999999	1474	-425.11899852380157	2766.1868412816993	21	67	223
mean_skew	(-Inf,-1.5)	PLS	COMMON	CpG-CGI	1	1	0.478	0.228484	1	0.00400000018998981	1.60000015199185e-5	0	1	0
mean_skew	(-Inf,-1.5)	PLS	COMMON	CpG-nonCGI	9	9	13.308	21.553256	9	-5.8190000951290175	10.03271524641275	0	3	4
mean_skew	(-Inf,-1.5)	PLS	COMMON	non-CpG-ti	5	5	0.983	0.201953	5	3.5140000879764544	49.43454526329427	1	2	4
mean_skew	(-Inf,-1.5)	PLS	COMMON	non-CpG-tv	14	14	1.173	0.18138300000000002	14	11.845999702811245	74.41978671502243	3	7	7
mean_skew	(-Inf,-1.5)	PLS	LOW_FREQ	CpG-CGI	15	15	11.78	16.388642	15	33.82400016486646	214.14394566920993	4	8	12
mean_skew	(-Inf,-1.5)	PLS	LOW_FREQ	CpG-nonCGI	20	20	45.478	110.655154	20	4.142999909818178	126.73540979488048	2	5	5
mean_skew	(-Inf,-1.5)	PLS	LOW_FREQ	non-CpG-ti	20	20	2.973	0.521655	20	58.70399975031613	333.7102982472303	10	9	16
mean_skew	(-Inf,-1.5)	PLS	LOW_FREQ	non-CpG-tv	24	24	2.06	0.261066	24	7.952000040560968	263.53716415367063	3	7	12
mean_skew	(-Inf,-1.5)	PLS	RARE	CpG-CGI	38	38	19.426	21.38567	38	124.72499995119868	803.0306168041411	22	21	20
mean_skew	(-Inf,-1.5)	PLS	RARE	CpG-nonCGI	60	60	112.862	237.742002	60	14.967000141739836	402.7398792623351	9	13	28
mean_skew	(-Inf,-1.5)	PLS	RARE	non-CpG-ti	52	52	8.494	1.631312	52	150.41200042772104	960.6274486064775	25	20	35
mean_skew	(-Inf,-1.5)	PLS	RARE	non-CpG-tv	69	69	5.226	0.700828	69	143.21999967098242	1063.8239138557394	26	19	45
mean_skew	(-Inf,-1.5)	PLS	SINGLETON	CpG-CGI	383	383	180.043	148.296617	383	1622.106000750326	11775.27493972646	253	156	281
mean_skew	(-Inf,-1.5)	PLS	SINGLETON	CpG-nonCGI	177	177	204.54	340.092122	177	272.2039986159653	2533.286112694686	53	56	114
mean_skew	(-Inf,-1.5)	PLS	SINGLETON	non-CpG-ti	699	699	104.241	18.549924999999998	698	2638.744002918247	17316.35948058125	404	280	500
mean_skew	(-Inf,-1.5)	PLS	SINGLETON	non-CpG-tv	984	984	70.618	7.55098	982	3504.87499644945	24627.03826892863	551	380	693
mean_skew	(-Inf,-1.5)	PLS	ULTRARARE	CpG-CGI	242	242	118.006	106.560316	242	1002.2160024605695	7027.760759536677	158	127	184
mean_skew	(-Inf,-1.5)	PLS	ULTRARARE	CpG-nonCGI	286	286	462.618	940.36533	286	200.98100027814513	2682.619570635626	57	64	149
mean_skew	(-Inf,-1.5)	PLS	ULTRARARE	non-CpG-ti	411	411	66.468	12.63196	411	1501.0370018249375	9984.207594846204	236	157	279
mean_skew	(-Inf,-1.5)	PLS	ULTRARARE	non-CpG-tv	573	573	42.092	4.79741	573	1965.649000457952	12765.036801900163	326	217	422
mean_skew	(-Inf,-1.5)	dELS	COMMON	CpG-CGI	6	6	8.579	18.009131	6	-4.837000101804747	15.09900777724316	0	2	2
mean_skew	(-Inf,-1.5)	dELS	COMMON	CpG-nonCGI	479	479	996.273	2305.761977	478	-459.2030000577216	1503.186417309678	7	47	157
mean_skew	(-Inf,-1.5)	dELS	COMMON	non-CpG-ti	222	222	33.177	6.655223	222	39.70399958454077	560.7201181520421	14	26	96
mean_skew	(-Inf,-1.5)	dELS	COMMON	non-CpG-tv	212	212	13.097	1.314413	211	-52.84500013804068	473.6129968949831	8	24	76
mean_skew	(-Inf,-1.5)	dELS	LOW_FREQ	CpG-CGI	8	8	10.91	22.329060000000002	8	-11.654000133275986	37.9960921565967	0	3	3
mean_skew	(-Inf,-1.5)	dELS	LOW_FREQ	CpG-nonCGI	744	744	1649.087	3944.969095	743	-663.194998380612	2330.0618133780513	15	68	272
mean_skew	(-Inf,-1.5)	dELS	LOW_FREQ	non-CpG-ti	258	258	38.181	7.157469	258	81.65299898269589	720.8003570159084	17	29	130
mean_skew	(-Inf,-1.5)	dELS	LOW_FREQ	non-CpG-tv	251	251	15.507	1.477565	251	7.724998280405973	641.2741563003354	15	24	100
mean_skew	(-Inf,-1.5)	dELS	RARE	CpG-CGI	21	21	31.632	70.998796	21	7.282999552786353	80.62296194704246	4	5	13
mean_skew	(-Inf,-1.5)	dELS	RARE	CpG-nonCGI	2083	2083	4654.979	11164.403379	2080	-1904.2530009025952	7775.40028946118	47	196	727
mean_skew	(-Inf,-1.5)	dELS	RARE	non-CpG-ti	687	687	103.866	19.364442	683	467.8680014694112	2971.4267007477088	76	71	334
mean_skew	(-Inf,-1.5)	dELS	RARE	non-CpG-tv	619	619	38.1	3.865364	615	52.1689999448136	1814.427882281121	41	47	287
mean_skew	(-Inf,-1.5)	dELS	SINGLETON	CpG-CGI	109	109	99.78699999999999	160.521653	109	34.15699978265909	967.2152314150044	19	28	70
mean_skew	(-Inf,-1.5)	dELS	SINGLETON	CpG-nonCGI	2208	2208	4370.618	9631.03158	2205	-1507.854000295395	7401.1819091203015	65	232	849
mean_skew	(-Inf,-1.5)	dELS	SINGLETON	non-CpG-ti	6863	6863	998.44	176.425954	6848	4269.165003256989	25657.857193999906	755	671	3383
mean_skew	(-Inf,-1.5)	dELS	SINGLETON	non-CpG-tv	7005	7005	425.168	42.940012	6986	1280.918999271701	23829.607032860647	569	708	3284
mean_skew	(-Inf,-1.5)	dELS	SINGLETON	unknown	1	0	0	0	1	-0.244000002741814	0.0595360013380051	0	0	1
mean_skew	(-Inf,-1.5)	dELS	ULTRARARE	CpG-CGI	133	133	182.145	354.367011	133	36.02600058156535	812.0844127231577	20	29	64
mean_skew	(-Inf,-1.5)	dELS	ULTRARARE	CpG-nonCGI	8241	8241	17794.37	41506.480304	8238	-6773.426999661721	29507.435324720132	189	841	3110
mean_skew	(-Inf,-1.5)	dELS	ULTRARARE	non-CpG-ti	4527	4527	676.889	125.832153	4513	2720.828993112314	16239.311683805005	483	452	2216
mean_skew	(-Inf,-1.5)	dELS	ULTRARARE	non-CpG-tv	3973	3973	261.269	29.186701	3963	355.9700045578646	13425.060254859924	273	398	1800
mean_skew	(-Inf,-1.5)	dELS	ULTRARARE	unknown	1	0	0	0	1	0.637000024318695	0.405769030982018	0	0	0
mean_skew	(-Inf,-1.5)	non-cCRE	COMMON	CpG-CGI	4	4	6.34	12.085614	4	0.30599999427795205	4.2615900549030306	0	1	1
mean_skew	(-Inf,-1.5)	non-cCRE	COMMON	CpG-nonCGI	1406	1406	3007.2980000000002	7151.8206	1403	-1430.3549991304747	4012.445547453626	1	61	17
mean_skew	(-Inf,-1.5)	non-cCRE	COMMON	non-CpG-ti	424	424	71.96	14.393822	412	7.975000161794024	193.8007787104576	2	24	10
mean_skew	(-Inf,-1.5)	non-cCRE	COMMON	non-CpG-tv	356	356	23.849	2.590763	350	-187.93399951606992	603.2544928452967	0	21	7
mean_skew	(-Inf,-1.5)	non-cCRE	COMMON	unknown	1	0	0	0	1	-2.88400006294251	8.31745636305237	0	0	0
mean_skew	(-Inf,-1.5)	non-cCRE	LOW_FREQ	CpG-CGI	8	8	6.682	8.078052	8	7.776000142097459	99.60980425829896	3	4	1
mean_skew	(-Inf,-1.5)	non-cCRE	LOW_FREQ	CpG-nonCGI	1884	1884	4466.49	11137.386424	1882	-1942.5219981707626	5474.417736988594	0	62	31
mean_skew	(-Inf,-1.5)	non-cCRE	LOW_FREQ	non-CpG-ti	493	493	82.02799999999999	16.506658	489	41.38699996378275	432.9684820134432	7	22	11
mean_skew	(-Inf,-1.5)	non-cCRE	LOW_FREQ	non-CpG-tv	453	453	31.157	3.450113	448	-144.13800102286046	627.3337516589505	2	18	3
mean_skew	(-Inf,-1.5)	non-cCRE	LOW_FREQ	unknown	1	0	0	0	1	-4.7039999961853	22.1276159641113	0	0	0
mean_skew	(-Inf,-1.5)	non-cCRE	RARE	CpG-CGI	21	21	37.751999999999995	83.43492	21	1.5049997625174023	73.24634096992183	2	5	1
mean_skew	(-Inf,-1.5)	non-cCRE	RARE	CpG-nonCGI	5694	5694	13457.505	33372.686539	5677	-5804.575990694229	16905.257750586225	9	222	85
mean_skew	(-Inf,-1.5)	non-cCRE	RARE	non-CpG-ti	1251	1251	215.958	44.966272000000004	1232	30.151000367710374	695.0685081592196	8	70	27
mean_skew	(-Inf,-1.5)	non-cCRE	RARE	non-CpG-tv	1111	1111	74.38	7.790138	1099	-341.6340010986896	1576.6805110106277	11	47	29
mean_skew	(-Inf,-1.5)	non-cCRE	RARE	unknown	4	0	0	0	4	-0.91600004583597	1.3399301244837118	0	0	0
mean_skew	(-Inf,-1.5)	non-cCRE	SINGLETON	CpG-CGI	60	60	58.075	99.567469	60	68.94099951069805	653.8942624354228	13	21	27
mean_skew	(-Inf,-1.5)	non-cCRE	SINGLETON	CpG-nonCGI	4441	4441	9249.123	20772.458691	4436	-3645.4929977747374	10191.864409348402	13	205	113
mean_skew	(-Inf,-1.5)	non-cCRE	SINGLETON	non-CpG-ti	10883	10883	1757.528	332.941388	10722	1067.172005455941	7138.531732982273	119	462	280
mean_skew	(-Inf,-1.5)	non-cCRE	SINGLETON	non-CpG-tv	10904	10904	695.607	72.030433	10774	-2897.372991820798	15927.025878800423	105	527	322
mean_skew	(-Inf,-1.5)	non-cCRE	SINGLETON	unknown	11	0	0	0	11	-2.5429999381303783	4.526294879423394	0	0	0
mean_skew	(-Inf,-1.5)	non-cCRE	ULTRARARE	CpG-CGI	66	66	88.858	173.653746	64	36.652000673115246	586.3299819324351	10	19	20
mean_skew	(-Inf,-1.5)	non-cCRE	ULTRARARE	CpG-nonCGI	19284	19284	43669.165	104673.149135	19250	-17921.166977960955	51109.18316343879	41	823	293
mean_skew	(-Inf,-1.5)	non-cCRE	ULTRARARE	non-CpG-ti	7651	7651	1311.55	269.552506	7505	537.219007539563	4612.927957001952	71	349	161
mean_skew	(-Inf,-1.5)	non-cCRE	ULTRARARE	non-CpG-tv	6678	6678	455.07	51.724422	6582	-2209.5789984320295	10552.027047809213	56	284	170
mean_skew	(-Inf,-1.5)	non-cCRE	ULTRARARE	unknown	16	0	0	0	16	-14.739000335335728	73.51048063066415	0	2	0
mean_skew	(-Inf,-1.5)	pELS	COMMON	CpG-CGI	2	2	0.894	0.404036	2	-2.238000005483623	4.397780031294826	0	1	1
mean_skew	(-Inf,-1.5)	pELS	COMMON	CpG-nonCGI	53	53	96.279	209.392941	53	-57.43100038170815	169.4273048420541	0	14	19
mean_skew	(-Inf,-1.5)	pELS	COMMON	non-CpG-ti	20	20	2.651	0.613899	20	13.029000043869026	91.15080491987996	2	4	8
mean_skew	(-Inf,-1.5)	pELS	COMMON	non-CpG-tv	24	24	1.433	0.110647	24	6.897999916225672	29.375975063334938	1	5	11
mean_skew	(-Inf,-1.5)	pELS	LOW_FREQ	CpG-CGI	6	6	4.381	6.015331	6	5.791000120341777	28.72496403272408	2	3	3
mean_skew	(-Inf,-1.5)	pELS	LOW_FREQ	CpG-nonCGI	59	59	128.918	299.215814	59	-36.9540000744164	147.189597545964	2	13	19
mean_skew	(-Inf,-1.5)	pELS	LOW_FREQ	non-CpG-ti	37	37	6.022	1.143632	37	44.04299996420736	265.3919251822504	7	7	22
mean_skew	(-Inf,-1.5)	pELS	LOW_FREQ	non-CpG-tv	42	42	3.0140000000000002	0.373144	42	61.22199966758491	358.46723043450885	12	5	26
mean_skew	(-Inf,-1.5)	pELS	RARE	CpG-CGI	20	20	10.845	9.650715	20	52.08699986711141	384.93436189408084	8	10	16
mean_skew	(-Inf,-1.5)	pELS	RARE	CpG-nonCGI	215	215	438.775	997.356883	215	-152.80999999260516	462.3812568381087	4	51	86
mean_skew	(-Inf,-1.5)	pELS	RARE	non-CpG-ti	96	96	14.509	2.788179	96	99.06700013391672	638.8431785665284	18	23	50
mean_skew	(-Inf,-1.5)	pELS	RARE	non-CpG-tv	127	127	7.884	0.696806	127	121.01899958355361	838.7079060485028	21	36	69
mean_skew	(-Inf,-1.5)	pELS	SINGLETON	CpG-CGI	141	141	65.551	51.126281	141	414.81399926729506	3149.941686047703	66	54	90
mean_skew	(-Inf,-1.5)	pELS	SINGLETON	CpG-nonCGI	371	371	591.146	1186.3389240000001	371	-90.47600064054129	1488.3634155198083	22	100	173
mean_skew	(-Inf,-1.5)	pELS	SINGLETON	non-CpG-ti	1046	1046	156.23	27.534404000000002	1046	1630.0709965457204	10647.695282684615	272	270	636
mean_skew	(-Inf,-1.5)	pELS	SINGLETON	non-CpG-tv	1173	1173	73.351	6.8712670000000005	1171	1392.3150038276801	10939.340332184729	270	356	660
mean_skew	(-Inf,-1.5)	pELS	ULTRARARE	CpG-CGI	114	114	64.867	66.774679	114	258.4469987049233	1907.7120065760328	42	47	81
mean_skew	(-Inf,-1.5)	pELS	ULTRARARE	CpG-nonCGI	995	995	1907.608	4256.300528	995	-425.1880016585345	4034.7759633070536	59	199	433
mean_skew	(-Inf,-1.5)	pELS	ULTRARARE	non-CpG-ti	713	713	116.001	22.604375	713	1049.8560008555653	6465.7347517646185	172	190	411
mean_skew	(-Inf,-1.5)	pELS	ULTRARARE	non-CpG-tv	687	687	42.539	4.090437	686	772.3120015333408	5802.941151094008	145	206	388
mean_skew	[-0.05,0.05)	Other cCREs	COMMON	CpG-CGI	567	567	982.404	1989.483068	567	-474.128000540659	2458.646215055396	14	91	19
mean_skew	[-0.05,0.05)	Other cCREs	COMMON	CpG-nonCGI	54722	54722	108135.663	238484.82626499998	54224	-45684.44298770199	149256.10722140546	442	2629	2002
mean_skew	[-0.05,0.05)	Other cCREs	COMMON	non-CpG-ti	233150	233150	34704.659999999996	7264.563016	232227	-49529.82997128144	380413.4894166801	5140	8745	7983
mean_skew	[-0.05,0.05)	Other cCREs	COMMON	non-CpG-tv	139312	139312	9848.805	3478.5774890000002	138591	-26379.26599992507	222993.95688152107	3255	5250	5101
mean_skew	[-0.05,0.05)	Other cCREs	COMMON	unknown	470	0	0	0	361	-181.4340007714927	487.8192864284082	0	19	8
mean_skew	[-0.05,0.05)	Other cCREs	LOW_FREQ	CpG-CGI	871	871	1631.321	3461.267645	869	-712.1449995478614	2979.8862885926237	13	123	25
mean_skew	[-0.05,0.05)	Other cCREs	LOW_FREQ	CpG-nonCGI	69780	69780	153230.913	356535.438031	69008	-56012.52397724403	188792.53444153507	682	2871	2670
mean_skew	[-0.05,0.05)	Other cCREs	LOW_FREQ	non-CpG-ti	254993	254993	39627.016	8648.24386	253863	-8615.83598978457	376888.02024475986	7030	7095	8937
mean_skew	[-0.05,0.05)	Other cCREs	LOW_FREQ	non-CpG-tv	154033	154033	10927.506	3305.568734	152929	-7188.738001577325	240776.69659354817	4403	4578	5700
mean_skew	[-0.05,0.05)	Other cCREs	LOW_FREQ	unknown	682	0	0	0	447	-181.34899847675126	523.5920119226447	0	32	16
mean_skew	[-0.05,0.05)	Other cCREs	RARE	CpG-CGI	2569	2569	4884.347	10436.360767	2557	-1894.7519984816915	8785.862507937478	61	357	58
mean_skew	[-0.05,0.05)	Other cCREs	RARE	CpG-nonCGI	203188	203188	447257.887	1041367.090065	201057	-163147.75295331812	557958.2646132028	2008	8308	8047
mean_skew	[-0.05,0.05)	Other cCREs	RARE	non-CpG-ti	614789	614789	96461.698	21455.788754	612150	-8306.777975804991	930191.8126190375	18100	17920	21595
mean_skew	[-0.05,0.05)	Other cCREs	RARE	non-CpG-tv	374867	374867	26269.234	7070.507426	372226	-5460.840988039392	580808.7914399423	11364	11323	13809
mean_skew	[-0.05,0.05)	Other cCREs	RARE	unknown	1819	0	0	0	1133	-409.9760011143517	1197.62553344479	0	76	44
mean_skew	[-0.05,0.05)	Other cCREs	SINGLETON	CpG-CGI	4596	4596	6502.018	11752.187144	4570	-2788.6179969061627	15652.479500546011	126	694	235
mean_skew	[-0.05,0.05)	Other cCREs	SINGLETON	CpG-nonCGI	178403	178403	345812.887	718197.488443	177465	-126520.20097563018	463160.7793846008	2236	7647	7484
mean_skew	[-0.05,0.05)	Other cCREs	SINGLETON	non-CpG-ti	5897577	5897577	843483.645	158876.653025	5881031	387127.0442283759	8490297.90355798	192908	162517	208061
mean_skew	[-0.05,0.05)	Other cCREs	SINGLETON	non-CpG-tv	4113614	4113614	232652.316	24307.995506	4096243	230944.04637484826	6207118.721435639	138148	115990	147463
mean_skew	[-0.05,0.05)	Other cCREs	SINGLETON	unknown	5463	0	0	0	3718	-689.9190013068728	2390.3078556647934	4	250	100
mean_skew	[-0.05,0.05)	Other cCREs	ULTRARARE	CpG-CGI	9543	9543	16712.941	33909.148257	9483	-6662.267003695015	30831.990295362466	227	1313	265
mean_skew	[-0.05,0.05)	Other cCREs	ULTRARARE	CpG-nonCGI	732251	732251	1540717.439	3433921.940969	727629	-562462.8417258563	1978865.9117518114	8289	29826	29821
mean_skew	[-0.05,0.05)	Other cCREs	ULTRARARE	non-CpG-ti	3852754	3852754	598633.617	129161.05248700001	3839067	46737.29325462495	5742284.937357561	117724	107426	135847
mean_skew	[-0.05,0.05)	Other cCREs	ULTRARARE	non-CpG-tv	2348201	2348201	149518.751	22275.462725	2335098	54810.676177840905	3593731.642631593	75904	68178	85656
mean_skew	[-0.05,0.05)	Other cCREs	ULTRARARE	unknown	5542	0	0	0	3322	-821.1560009550305	2564.1645371834106	2	250	86
mean_skew	[-0.05,0.05)	PLS	COMMON	CpG-CGI	798	798	412.66	382.405612	798	-351.89300116011873	3115.871301884071	44	354	411
mean_skew	[-0.05,0.05)	PLS	COMMON	CpG-nonCGI	1229	1229	1876.671	3585.554341	1227	-1122.648998786463	5454.94101560701	20	347	266
mean_skew	[-0.05,0.05)	PLS	COMMON	non-CpG-ti	7074	7074	969.312	175.855672	7066	-736.9040030151363	29873.007064748766	512	2402	1835
mean_skew	[-0.05,0.05)	PLS	COMMON	non-CpG-tv	5272	5272	436.56	139.067638	5258	-1134.9610032945643	21156.496086947536	339	1919	1716
mean_skew	[-0.05,0.05)	PLS	COMMON	unknown	25	0	0	0	25	-22.356999909505276	110.9774148703917	1	10	9
mean_skew	[-0.05,0.05)	PLS	LOW_FREQ	CpG-CGI	1238	1238	696.38	722.450308	1238	-267.2249969064725	5536.5625168233	101	473	677
mean_skew	[-0.05,0.05)	PLS	LOW_FREQ	CpG-nonCGI	1642	1642	2753.122	5553.209568	1640	-1244.8470000263774	6759.557486902386	56	404	406
mean_skew	[-0.05,0.05)	PLS	LOW_FREQ	non-CpG-ti	8322	8322	1209.175	232.645531	8309	1446.2129939238077	36877.374969528326	779	2542	2297
mean_skew	[-0.05,0.05)	PLS	LOW_FREQ	non-CpG-tv	6513	6513	548.413	129.285613	6501	-145.73900602047746	28411.164634360826	543	2103	2294
mean_skew	[-0.05,0.05)	PLS	LOW_FREQ	unknown	81	0	0	0	81	-49.96300026588137	300.8156541631414	1	65	6
mean_skew	[-0.05,0.05)	PLS	RARE	CpG-CGI	3213	3213	1724.644	1672.763944	3213	-543.302000681404	16080.44348688711	304	1252	1717
mean_skew	[-0.05,0.05)	PLS	RARE	CpG-nonCGI	4744	4744	7855.29	15644.822482	4730	-3554.587002327665	22476.717216895617	199	1238	1156
mean_skew	[-0.05,0.05)	PLS	RARE	non-CpG-ti	21151	21151	3164.804	638.072272	21134	4727.487005790229	107238.26757188265	2256	6492	6127
mean_skew	[-0.05,0.05)	PLS	RARE	non-CpG-tv	17212	17212	1464.404	307.145192	17177	1378.4200047219633	86435.04100446861	1727	5585	5955
mean_skew	[-0.05,0.05)	PLS	RARE	unknown	1654	0	0	0	1653	-400.91100164921977	3886.898389424878	48	980	67
mean_skew	[-0.05,0.05)	PLS	SINGLETON	CpG-CGI	25352	25352	11969.876	9639.33586	25346	625.9170055362629	122802.27749201772	2698	10217	14321
mean_skew	[-0.05,0.05)	PLS	SINGLETON	CpG-nonCGI	11192	11192	12468.096	20227.875358	11180	-4822.697998025105	50223.222543542135	689	3245	3535
mean_skew	[-0.05,0.05)	PLS	SINGLETON	non-CpG-ti	199132	199132	27751.872	4846.174044	199011	82334.32293160819	852573.254335668	23714	60045	56092
mean_skew	[-0.05,0.05)	PLS	SINGLETON	non-CpG-tv	174783	174783	12091.4	1450.934556	174649	48564.39995215077	794357.1895650389	19773	56110	56915
mean_skew	[-0.05,0.05)	PLS	SINGLETON	unknown	415	0	0	0	415	-58.826999697369025	1248.3445156828714	24	151	60
mean_skew	[-0.05,0.05)	PLS	ULTRARARE	CpG-CGI	21293	21293	11018.814	10036.151422	21286	-1655.6689886498496	104189.42036697005	2186	8529	11659
mean_skew	[-0.05,0.05)	PLS	ULTRARARE	CpG-nonCGI	22374	22374	34569.454	65847.31813	22341	-14633.126001165829	97320.06349542469	1012	5978	5728
mean_skew	[-0.05,0.05)	PLS	ULTRARARE	non-CpG-ti	135353	135353	20019.314	3857.83674	135259	47193.17401927546	623709.4209525753	15935	41575	39312
mean_skew	[-0.05,0.05)	PLS	ULTRARARE	non-CpG-tv	108512	108512	8500.276	1256.456278	108388	20036.402978085454	537704.2515751168	11930	35623	37227
mean_skew	[-0.05,0.05)	PLS	ULTRARARE	unknown	2860	0	0	0	2860	113.66900361597045	7402.380136544876	159	1303	183
mean_skew	[-0.05,0.05)	dELS	COMMON	CpG-CGI	1528	1528	2225.767	4277.486007	1527	-1532.802999919746	6091.011805663905	22	334	271
mean_skew	[-0.05,0.05)	dELS	COMMON	CpG-nonCGI	125629	125629	233193.733	488962.690313	125393	-110612.3739867597	420422.42189806286	1693	11945	14114
mean_skew	[-0.05,0.05)	dELS	COMMON	non-CpG-ti	513823	513823	74534.375	15475.269613	513139	-74044.14499941142	1071811.1716378066	17980	42689	45460
mean_skew	[-0.05,0.05)	dELS	COMMON	non-CpG-tv	297606	297606	20518.221	7259.535303	297102	-32159.20297525697	599349.9722573754	10882	24540	28302
mean_skew	[-0.05,0.05)	dELS	COMMON	unknown	395	0	0	0	364	-200.9760001208634	749.5150016175102	1	39	33
mean_skew	[-0.05,0.05)	dELS	LOW_FREQ	CpG-CGI	2502	2502	4024.733	8119.430513	2500	-2254.086004529497	9821.850281959983	51	537	430
mean_skew	[-0.05,0.05)	dELS	LOW_FREQ	CpG-nonCGI	167267	167267	344522.588	760718.04557	166960	-142669.92600198934	572876.11566083855	2734	13697	20298
mean_skew	[-0.05,0.05)	dELS	LOW_FREQ	non-CpG-ti	575474	575474	87120.265	18769.172789	574660	30136.160982430683	1197611.919781318	26815	37848	51971
mean_skew	[-0.05,0.05)	dELS	LOW_FREQ	non-CpG-tv	338112	338112	23261.981	6799.972439	337513	14582.310969863329	720279.478531863	15836	22499	32875
mean_skew	[-0.05,0.05)	dELS	LOW_FREQ	unknown	559	0	0	0	484	-220.7689997809938	777.0969684932812	0	31	54
mean_skew	[-0.05,0.05)	dELS	RARE	CpG-CGI	6884	6884	11133.301	22483.892230999998	6871	-5754.029004715499	25266.669975658006	163	1374	1161
mean_skew	[-0.05,0.05)	dELS	RARE	CpG-nonCGI	486795	486795	1005916.01	2224762.226708	485850	-411215.7859471942	1697546.3822723655	8582	39789	59539
mean_skew	[-0.05,0.05)	dELS	RARE	non-CpG-ti	1400536	1400536	214664.657	47355.525269	1398679	102270.66390245645	3052342.5774088674	68710	92194	127024
mean_skew	[-0.05,0.05)	dELS	RARE	non-CpG-tv	836906	836906	56639.083	14464.346787	835415	68269.85092096843	1838695.4524728393	42563	56237	81434
mean_skew	[-0.05,0.05)	dELS	RARE	unknown	1362	0	0	0	1213	-531.1409997018056	1666.3924582869574	3	106	149
mean_skew	[-0.05,0.05)	dELS	SINGLETON	CpG-CGI	20904	20904	19539.711	29897.847415	20869	-11515.038009272655	82299.8906901513	997	4402	6225
mean_skew	[-0.05,0.05)	dELS	SINGLETON	CpG-nonCGI	537276	537276	984677.19	1968115.776044	536591	-392068.5149993656	1804278.6218776724	12451	47796	68470
mean_skew	[-0.05,0.05)	dELS	SINGLETON	non-CpG-ti	13822524	13822524	1925690.206	352531.354554	13807750	2287978.8301495374	29039436.016044892	750985	909490	1234424
mean_skew	[-0.05,0.05)	dELS	SINGLETON	non-CpG-tv	9403358	9403358	516569.345	51270.36421699996	9390406	1452336.3328209652	20742377.885992635	523334	625398	869355
mean_skew	[-0.05,0.05)	dELS	SINGLETON	unknown	4935	0	0	0	4721	-859.2100005976389	3835.9623209544193	15	420	411
mean_skew	[-0.05,0.05)	dELS	ULTRARARE	CpG-CGI	31442	31442	44738.21	85386.330362	31404	-24829.559985712516	127937.06095521193	1005	6623	6725
mean_skew	[-0.05,0.05)	dELS	ULTRARARE	CpG-nonCGI	1997390	1997390	3968603.674	8458552.595256	1994500	-1604963.3678877996	6905303.545237376	39688	167443	247598
mean_skew	[-0.05,0.05)	dELS	ULTRARARE	non-CpG-ti	8914290	8914290	1349872.6889999998	286818.892631	8903678	916868.8471323632	19351049.479442026	460289	588811	796381
mean_skew	[-0.05,0.05)	dELS	ULTRARARE	non-CpG-tv	5328290	5328290	327815.172	46828.104416	5319760	655469.793529905	11871480.918807084	287496	358326	504382
mean_skew	[-0.05,0.05)	dELS	ULTRARARE	unknown	4177	0	0	0	3877	-970.6100039968735	3679.7294961391476	14	336	379
mean_skew	[-0.05,0.05)	non-cCRE	COMMON	CpG-CGI	1616	1616	2109.821	3927.214411	1609	-1231.9799986113796	5892.246551277422	30	426	230
mean_skew	[-0.05,0.05)	non-cCRE	COMMON	CpG-nonCGI	786626	786626	1607787.907	3652099.8579949997	777041	-667265.0105983365	1901346.315581486	2941	26116	3064
mean_skew	[-0.05,0.05)	non-cCRE	COMMON	non-CpG-ti	3715589	3715589	572300.93	125620.064196	3680788	-1065597.1191939865	5013538.55436602	37725	99474	10860
mean_skew	[-0.05,0.05)	non-cCRE	COMMON	non-CpG-tv	2246200	2246200	176610.089	84476.995281	2217632	-617304.6614764079	3064007.0804405753	24145	58756	7441
mean_skew	[-0.05,0.05)	non-cCRE	COMMON	unknown	6554	0	0	0	4887	-3043.680997853635	9366.054615097737	14	211	81
mean_skew	[-0.05,0.05)	non-cCRE	LOW_FREQ	CpG-CGI	2404	2404	3418.505	6696.7699489999995	2392	-1516.2380023605654	7062.984717847878	59	610	309
mean_skew	[-0.05,0.05)	non-cCRE	LOW_FREQ	CpG-nonCGI	988827	988827	2251550.413	5399390.5480390005	973558	-826995.2884820972	2419982.835485858	4010	27497	4287
mean_skew	[-0.05,0.05)	non-cCRE	LOW_FREQ	non-CpG-ti	4078701	4078701	652710.934	149386.877226	4029815	-482520.0482931701	4552549.120763864	51992	84501	12517
mean_skew	[-0.05,0.05)	non-cCRE	LOW_FREQ	non-CpG-tv	2473460	2473460	190157.029	74929.091371	2430667	-314768.1254476562	2918586.969763243	33048	51014	8493
mean_skew	[-0.05,0.05)	non-cCRE	LOW_FREQ	unknown	8639	0	0	0	4985	-2109.144999697456	6137.779576991091	9	225	145
mean_skew	[-0.05,0.05)	non-cCRE	RARE	CpG-CGI	6678	6678	9510.07	18652.61191	6654	-4240.709004841978	20724.121876466008	169	1690	942
mean_skew	[-0.05,0.05)	non-cCRE	RARE	CpG-nonCGI	2880542	2880542	6584495.384	15813489.201690001	2835089	-2396777.735575238	7061236.525221072	12664	79102	12243
mean_skew	[-0.05,0.05)	non-cCRE	RARE	non-CpG-ti	9831699	9831699	1588700.7659999998	370689.349332	9706303	-1025024.1294427348	10918351.260141931	129809	206105	30532
mean_skew	[-0.05,0.05)	non-cCRE	RARE	non-CpG-tv	6025758	6025758	451962.751	154341.200013	5914002	-619187.2355753215	6939983.073272801	84279	126619	21263
mean_skew	[-0.05,0.05)	non-cCRE	RARE	unknown	20713	0	0	0	11383	-4266.90199693176	14205.18066806594	31	711	338
mean_skew	[-0.05,0.05)	non-cCRE	SINGLETON	CpG-CGI	25810	25810	18969.917	25216.692653	25772	-8191.992008284783	78756.69562517137	1222	8636	7214
mean_skew	[-0.05,0.05)	non-cCRE	SINGLETON	CpG-nonCGI	2196266	2196266	4382657.472	9290877.98633	2184445	-1593410.828148983	4996422.36819896	15071	81322	15867
mean_skew	[-0.05,0.05)	non-cCRE	SINGLETON	non-CpG-ti	92261570	92261570	13450021.501000062	2644160.5987690245	91440065	-2397725.5519596185	91883603.9749575	1387126	1882081	286102
mean_skew	[-0.05,0.05)	non-cCRE	SINGLETON	non-CpG-tv	64380691	64380691	3640809.64099998	401252.8869689996	63574504	-1657741.6889367749	66136958.32694646	1015348	1312835	212117
mean_skew	[-0.05,0.05)	non-cCRE	SINGLETON	unknown	56269	0	0	0	37550	-7519.188994829427	31552.228933715032	120	1748	725
mean_skew	[-0.05,0.05)	non-cCRE	ULTRARARE	CpG-CGI	30489	30489	35221.485	62835.043701	30420	-16284.305995091212	96305.9907855349	978	8672	6001
mean_skew	[-0.05,0.05)	non-cCRE	ULTRARARE	CpG-nonCGI	9819312	9819312	21308695.9	48620020.739602	9744421	-7816062.734391691	23537241.81837601	51863	296616	50826
mean_skew	[-0.05,0.05)	non-cCRE	ULTRARARE	non-CpG-ti	61248483	61248483	9781162.392000018	2214523.690814008	60550993	-4835882.146907834	65654941.55720846	843390	1256321	187886
mean_skew	[-0.05,0.05)	non-cCRE	ULTRARARE	non-CpG-tv	37124578	37124578	2420156.4139999943	420556.8037019998	36520051	-2177879.6544830273	39675562.66942166	552800	771887	126575
mean_skew	[-0.05,0.05)	non-cCRE	ULTRARARE	unknown	59170	0	0	0	33692	-9416.02299600816	36089.07525995409	135	2455	904
mean_skew	[-0.05,0.05)	pELS	COMMON	CpG-CGI	1377	1377	815.708	871.050918	1376	-698.7190012329958	4405.372762432252	57	586	514
mean_skew	[-0.05,0.05)	pELS	COMMON	CpG-nonCGI	14810	14810	24411.791	48080.539369	14792	-13135.670978915066	50503.007493665296	189	3188	1753
mean_skew	[-0.05,0.05)	pELS	COMMON	non-CpG-ti	66348	66348	9392.469000000001	1876.220087	66273	-9872.898983045014	142071.93439954682	2314	15371	7325
mean_skew	[-0.05,0.05)	pELS	COMMON	non-CpG-tv	41827	41827	2995.57	1066.450292	41764	-7139.990995553089	93539.62542196903	1432	10160	5313
mean_skew	[-0.05,0.05)	pELS	COMMON	unknown	107	0	0	0	99	-43.70500043779617	206.95160862274486	1	14	13
mean_skew	[-0.05,0.05)	pELS	LOW_FREQ	CpG-CGI	2132	2132	1328.79	1590.5044580000001	2130	-615.7209985648517	6321.212158373333	105	823	797
mean_skew	[-0.05,0.05)	pELS	LOW_FREQ	CpG-nonCGI	19725	19725	36024.023	74632.558637	19687	-16567.20299724653	64670.14497619895	282	3719	2409
mean_skew	[-0.05,0.05)	pELS	LOW_FREQ	non-CpG-ti	75915	75915	11282.343	2349.476933	75811	3263.5759977260605	172212.95237020927	3470	15123	8552
mean_skew	[-0.05,0.05)	pELS	LOW_FREQ	non-CpG-tv	47995	47995	3470.455	1033.163357	47890	159.5870035400151	109742.1687376946	2178	10069	6485
mean_skew	[-0.05,0.05)	pELS	LOW_FREQ	unknown	127	0	0	0	83	-34.72500015655531	120.36619436526429	0	16	8
mean_skew	[-0.05,0.05)	pELS	RARE	CpG-CGI	5459	5459	3597.517	4471.955685	5449	-1551.9149995004998	18488.653248956507	295	2098	2089
mean_skew	[-0.05,0.05)	pELS	RARE	CpG-nonCGI	56039	56039	103529.574	215449.85649	55959	-48050.8439909825	197738.6604178206	883	10628	6910
mean_skew	[-0.05,0.05)	pELS	RARE	non-CpG-ti	189235	189235	28362.951	5999.228615	189042	15112.832986291487	451362.465071681	9655	38047	21906
mean_skew	[-0.05,0.05)	pELS	RARE	non-CpG-tv	121798	121798	8659.898	2162.139888	121594	5847.350988954882	287487.2008269303	6156	26306	16616
mean_skew	[-0.05,0.05)	pELS	RARE	unknown	619	0	0	0	545	-255.6930002856531	1008.5720390276226	3	305	61
mean_skew	[-0.05,0.05)	pELS	SINGLETON	CpG-CGI	41373	41373	19489.94	15284.763062	41362	-4160.503991234234	136273.65628215385	2908	16120	17585
mean_skew	[-0.05,0.05)	pELS	SINGLETON	CpG-nonCGI	107176	107176	146697.03	256896.254602	107094	-66466.19699534807	320096.1347110392	2573	25951	16204
mean_skew	[-0.05,0.05)	pELS	SINGLETON	non-CpG-ti	1855540	1855540	256130.962	45798.023054	1854304	328136.8008937218	3980570.308567927	103799	370350	210287
mean_skew	[-0.05,0.05)	pELS	SINGLETON	non-CpG-tv	1342005	1342005	77526.098	8079.825234	1340845	184332.84197638804	3088418.3795303493	75720	282928	171618
mean_skew	[-0.05,0.05)	pELS	SINGLETON	unknown	1895	0	0	0	1841	-298.0159980690805	3327.3791699786957	40	628	145
mean_skew	[-0.05,0.05)	pELS	ULTRARARE	CpG-CGI	34517	34517	19726.923	20752.951389	34495	-6425.284004969407	115290.61901475998	2243	13267	13826
mean_skew	[-0.05,0.05)	pELS	ULTRARARE	CpG-nonCGI	253892	253892	440655.528	878165.184418	253602	-198813.26992358253	832355.7519905515	4698	50131	32656
mean_skew	[-0.05,0.05)	pELS	ULTRARARE	non-CpG-ti	1207277	1207277	179508.442	36672.800956	1206307	143412.19102221745	2735457.11813714	64873	245708	139273
mean_skew	[-0.05,0.05)	pELS	ULTRARARE	non-CpG-tv	773209	773209	50026.513	7158.190685	772208	74300.08900172357	1829741.7187881768	41724	165162	102505
mean_skew	[-0.05,0.05)	pELS	ULTRARARE	unknown	3473	0	0	0	3385	-869.1149957865701	6563.167927334819	78	1520	252
mean_skew	[-0.2,-0.05)	Other cCREs	COMMON	CpG-CGI	434	434	765.96	1616.018602	426	-407.8690001079812	1559.7640480317818	6	68	14
mean_skew	[-0.2,-0.05)	Other cCREs	COMMON	CpG-nonCGI	35721	35721	72927.42	166748.747002	35405	-32709.92498413381	103095.48998380096	202	1805	1746
mean_skew	[-0.2,-0.05)	Other cCREs	COMMON	non-CpG-ti	40319	40319	5710.115	1110.238719	40133	-8454.150991775681	63530.93380212813	845	1712	2185
mean_skew	[-0.2,-0.05)	Other cCREs	COMMON	non-CpG-tv	31203	31203	2131.493	393.662245	30978	-7874.442993930658	49617.16549976307	574	1409	1714
mean_skew	[-0.2,-0.05)	Other cCREs	COMMON	unknown	117	0	0	0	79	-34.12500038370491	116.36847535908713	0	13	3
mean_skew	[-0.2,-0.05)	Other cCREs	LOW_FREQ	CpG-CGI	640	640	1179.266	2519.07751	634	-409.5780003073162	1839.498904573361	14	83	13
mean_skew	[-0.2,-0.05)	Other cCREs	LOW_FREQ	CpG-nonCGI	46456	46456	105173.326	252985.423712	45892	-41681.21098057404	138314.8980798301	334	2051	2444
mean_skew	[-0.2,-0.05)	Other cCREs	LOW_FREQ	non-CpG-ti	44633	44633	6587.1	1319.268026	44372	-723.3319896451435	60094.71817665498	1116	1489	2373
mean_skew	[-0.2,-0.05)	Other cCREs	LOW_FREQ	non-CpG-tv	34455	34455	2484.312	500.359514	34133	-4014.657990682404	53208.62146102951	778	1229	1845
mean_skew	[-0.2,-0.05)	Other cCREs	LOW_FREQ	unknown	218	0	0	0	123	-42.83999983780084	114.97605927262684	0	19	10
mean_skew	[-0.2,-0.05)	Other cCREs	RARE	CpG-CGI	1949	1949	3645.648	7870.185002	1928	-1439.9059979084413	7440.484657403893	47	315	56
mean_skew	[-0.2,-0.05)	Other cCREs	RARE	CpG-nonCGI	135302	135302	307063.45	739594.606344	133685	-119099.8489259861	391058.3793664739	1061	6062	7133
mean_skew	[-0.2,-0.05)	Other cCREs	RARE	non-CpG-ti	106863	106863	15824.003	3203.760827	106237	785.3820254652521	146098.0802251272	2859	3628	5848
mean_skew	[-0.2,-0.05)	Other cCREs	RARE	non-CpG-tv	84382	84382	6166.059	1200.8324949999999	83545	-6897.741972715363	128167.8915947658	2114	3076	4856
mean_skew	[-0.2,-0.05)	Other cCREs	RARE	unknown	531	0	0	0	280	-89.45399994403131	220.83039615191322	0	36	20
mean_skew	[-0.2,-0.05)	Other cCREs	SINGLETON	CpG-CGI	3488	3488	4813.73	8692.787744	3466	-2084.5970010628234	11960.47654488744	108	474	206
mean_skew	[-0.2,-0.05)	Other cCREs	SINGLETON	CpG-nonCGI	109103	109103	216340.268	463561.402194	108498	-86481.93794862297	302187.53167076944	1175	5145	5999
mean_skew	[-0.2,-0.05)	Other cCREs	SINGLETON	non-CpG-ti	1033187	1033187	141507.074	24799.835766	1029302	76265.89311976868	1382161.25371225	31114	32629	55672
mean_skew	[-0.2,-0.05)	Other cCREs	SINGLETON	non-CpG-tv	888520	888520	52741.982	5976.723928	883468	458.04113552311514	1324443.371705846	25913	29076	48454
mean_skew	[-0.2,-0.05)	Other cCREs	SINGLETON	unknown	1378	0	0	0	907	-165.54199970874467	479.92968006409353	1	96	27
mean_skew	[-0.2,-0.05)	Other cCREs	ULTRARARE	CpG-CGI	6777	6777	11741.101	24232.400145	6716	-4407.674996688728	22010.83273928414	161	1044	229
mean_skew	[-0.2,-0.05)	Other cCREs	ULTRARARE	CpG-nonCGI	465250	465250	1008594.996	2326177.179432	461901	-396733.93580274243	1339152.5479499123	4208	20384	25069
mean_skew	[-0.2,-0.05)	Other cCREs	ULTRARARE	non-CpG-ti	665335	665335	97468.307	19114.112653	662198	20054.37607726024	902312.7439132121	18583	21633	35784
mean_skew	[-0.2,-0.05)	Other cCREs	ULTRARARE	non-CpG-tv	517264	517264	35243.113	5374.294169	513187	-19414.969921986813	787086.5557651143	14282	17961	28869
mean_skew	[-0.2,-0.05)	Other cCREs	ULTRARARE	unknown	1538	0	0	0	916	-196.13799840584406	532.4664663289298	1	95	43
mean_skew	[-0.2,-0.05)	PLS	COMMON	CpG-CGI	683	683	343.332	304.004	683	-163.62100023590028	2805.0215362039526	47	305	350
mean_skew	[-0.2,-0.05)	PLS	COMMON	CpG-nonCGI	1070	1070	1593.106	3070.002334	1064	-945.1989987343552	4309.716901072969	28	330	302
mean_skew	[-0.2,-0.05)	PLS	COMMON	non-CpG-ti	2567	2567	368.357	70.122125	2565	81.08300518745087	11240.982259861776	238	965	912
mean_skew	[-0.2,-0.05)	PLS	COMMON	non-CpG-tv	2587	2587	224.591	40.204509	2582	-195.09099880792184	9658.682119274461	204	1071	1065
mean_skew	[-0.2,-0.05)	PLS	COMMON	unknown	10	0	0	0	10	1.3750001713633513	42.279505683626056	2	4	1
mean_skew	[-0.2,-0.05)	PLS	LOW_FREQ	CpG-CGI	1087	1087	563.144	537.066292	1087	31.113000899669817	5405.40119205079	116	415	589
mean_skew	[-0.2,-0.05)	PLS	LOW_FREQ	CpG-nonCGI	1564	1564	2571.5209999999997	5208.045683	1556	-1279.024998344249	7130.760587692614	58	426	467
mean_skew	[-0.2,-0.05)	PLS	LOW_FREQ	non-CpG-ti	3453	3453	530.572	103.319744	3451	2196.815002605436	18040.90727287838	559	1160	1315
mean_skew	[-0.2,-0.05)	PLS	LOW_FREQ	non-CpG-tv	3507	3507	311.48	58.615002000000004	3501	493.5950063919883	18953.64057308579	400	1323	1619
mean_skew	[-0.2,-0.05)	PLS	LOW_FREQ	unknown	9	0	0	0	9	-1.5459997765719942	33.359740963293774	0	6	3
mean_skew	[-0.2,-0.05)	PLS	RARE	CpG-CGI	3306	3306	1690.3799999999999	1576.015502	3304	591.4330029069682	17121.606561872795	428	1336	1898
mean_skew	[-0.2,-0.05)	PLS	RARE	CpG-nonCGI	4539	4539	7639.412	15684.240694	4522	-2662.252996090567	18776.26208629635	208	1210	1291
mean_skew	[-0.2,-0.05)	PLS	RARE	non-CpG-ti	8910	8910	1370.365	268.456223	8904	5531.984001550825	54878.00026222242	1482	3196	3594
mean_skew	[-0.2,-0.05)	PLS	RARE	non-CpG-tv	9707	9707	891.181	168.020389	9686	3864.8059918957324	52920.692805904786	1410	3471	4475
mean_skew	[-0.2,-0.05)	PLS	RARE	unknown	208	0	0	0	208	-12.503000668715629	517.3475547718338	16	110	14
mean_skew	[-0.2,-0.05)	PLS	SINGLETON	CpG-CGI	24816	24816	11242.155999999999	8704.248156	24805	8823.280000708184	133267.53891659554	3659	9932	14640
mean_skew	[-0.2,-0.05)	PLS	SINGLETON	CpG-nonCGI	10281	10281	11278.938	18613.616802	10273	-2871.3519961613915	45836.756410024194	778	3154	3820
mean_skew	[-0.2,-0.05)	PLS	SINGLETON	non-CpG-ti	83698	83698	12193.443	2177.748755	83647	68227.5929790124	486693.9654108261	15130	28594	33166
mean_skew	[-0.2,-0.05)	PLS	SINGLETON	non-CpG-tv	94597	94597	7161.796	889.841212	94514	52768.69600887294	540122.3974443146	15083	33568	41321
mean_skew	[-0.2,-0.05)	PLS	SINGLETON	unknown	176	0	0	0	176	-82.42600075528027	461.4063192353994	3	79	51
mean_skew	[-0.2,-0.05)	PLS	ULTRARARE	CpG-CGI	20833	20833	10282.071	9010.717103	20825	4680.109000503318	107639.21725380496	2791	8276	11972
mean_skew	[-0.2,-0.05)	PLS	ULTRARARE	CpG-nonCGI	20456	20456	31591.051	61648.400065	20424	-10896.1339986081	94683.74073077082	1171	5600	6250
mean_skew	[-0.2,-0.05)	PLS	ULTRARARE	non-CpG-ti	57518	57518	8829.634	1714.176308	57480	43182.19998462711	348186.79874547856	10233	19908	23359
mean_skew	[-0.2,-0.05)	PLS	ULTRARARE	non-CpG-tv	60135	60135	5184.9349999999995	811.133349	60069	28244.24798259162	350814.50020900916	9235	21356	27032
mean_skew	[-0.2,-0.05)	PLS	ULTRARARE	unknown	523	0	0	0	521	-104.9750005401433	1415.274692538305	20	258	33
mean_skew	[-0.2,-0.05)	dELS	COMMON	CpG-CGI	1162	1162	1643.731	3184.6401809999998	1159	-1020.7110032537013	4619.964511567617	26	274	234
mean_skew	[-0.2,-0.05)	dELS	COMMON	CpG-nonCGI	92839	92839	178540.911	389493.099799	92667	-90342.0419875813	337745.55006223766	1100	9665	13778
mean_skew	[-0.2,-0.05)	dELS	COMMON	non-CpG-ti	105229	105229	14649.257	2800.986243	105075	-11032.957991368952	223762.5606741123	4073	10148	14650
mean_skew	[-0.2,-0.05)	dELS	COMMON	non-CpG-tv	79025	79025	5361.61	987.084712	78872	-12661.385010939912	165202.12586760512	2825	7602	12087
mean_skew	[-0.2,-0.05)	dELS	COMMON	unknown	139	0	0	0	120	-67.52899949345736	169.96833207002908	0	13	19
mean_skew	[-0.2,-0.05)	dELS	LOW_FREQ	CpG-CGI	1842	1842	2995.916	6221.417354	1835	-1528.584999700892	7662.215749887149	54	400	383
mean_skew	[-0.2,-0.05)	dELS	LOW_FREQ	CpG-nonCGI	125265	125265	266151.961	609261.102391	124994	-115391.52201031265	462728.62968473975	1928	11165	19834
mean_skew	[-0.2,-0.05)	dELS	LOW_FREQ	non-CpG-ti	120343	120343	17428.466	3415.2902560000002	120130	13045.24999585224	247098.82475586014	6059	9477	17377
mean_skew	[-0.2,-0.05)	dELS	LOW_FREQ	non-CpG-tv	90203	90203	6427.024	1216.516062	89984	271.6490065954875	201668.2495448554	4120	7181	14554
mean_skew	[-0.2,-0.05)	dELS	LOW_FREQ	unknown	181	0	0	0	139	-57.772000204771714	338.522312746754	2	14	32
mean_skew	[-0.2,-0.05)	dELS	RARE	CpG-CGI	5270	5270	8611.846	17867.254602	5260	-4003.258002462334	20559.289876358427	160	1177	1026
mean_skew	[-0.2,-0.05)	dELS	RARE	CpG-nonCGI	368107	368107	786038.925	1804285.328229	367300	-331029.248948768	1356948.1233731993	6483	32369	58537
mean_skew	[-0.2,-0.05)	dELS	RARE	non-CpG-ti	293774	293774	43040.447	8616.922577	293276	44642.855989444426	648351.479961111	16326	23512	43678
mean_skew	[-0.2,-0.05)	dELS	RARE	non-CpG-tv	225133	225133	16387.119	3233.699851	224653	9558.64701156632	524170.4293707089	11467	18413	36636
mean_skew	[-0.2,-0.05)	dELS	RARE	unknown	519	0	0	0	403	-162.01399991195655	601.5264070702636	2	45	74
mean_skew	[-0.2,-0.05)	dELS	SINGLETON	CpG-CGI	16913	16913	15116.048999999999	22951.548585	16877	-6022.660997025203	68422.29838045909	1101	3524	5926
mean_skew	[-0.2,-0.05)	dELS	SINGLETON	CpG-nonCGI	374789	374789	702929.094	1453432.301838	374217	-290360.7929962281	1336111.8148092332	9013	36424	62949
mean_skew	[-0.2,-0.05)	dELS	SINGLETON	non-CpG-ti	2931978	2931978	398146.607	68410.843817	2928124	669922.8308011069	6426222.470349117	178329	229138	424037
mean_skew	[-0.2,-0.05)	dELS	SINGLETON	non-CpG-tv	2436285	2436285	142198.445	15491.916897	2432185	326583.20184048533	5754798.786418399	140592	193804	363347
mean_skew	[-0.2,-0.05)	dELS	SINGLETON	unknown	1414	0	0	0	1255	-280.68500053463504	1222.3419074732446	5	118	246
mean_skew	[-0.2,-0.05)	dELS	ULTRARARE	CpG-CGI	24623	24623	34498.669	66883.935695	24574	-15568.619019635966	102853.16088199963	1148	5299	6153
mean_skew	[-0.2,-0.05)	dELS	ULTRARARE	CpG-nonCGI	1457015	1457015	2984022.997	6593408.516811	1454646	-1250869.2739211088	5320863.450297791	28954	133858	235334
mean_skew	[-0.2,-0.05)	dELS	ULTRARARE	non-CpG-ti	1872070	1872070	271254.296	52341.259772	1869290	340972.87082877225	4131274.788926861	108600	147388	274224
mean_skew	[-0.2,-0.05)	dELS	ULTRARARE	non-CpG-tv	1411019	1411019	94645.172	14093.551856	1408127	123563.17496103355	3355279.671217475	77742	113045	218738
mean_skew	[-0.2,-0.05)	dELS	ULTRARARE	unknown	1484	0	0	0	1255	-344.71300143655367	1223.8119294789046	8	128	245
mean_skew	[-0.2,-0.05)	non-cCRE	COMMON	CpG-CGI	1076	1076	1398.824	2692.459176	1071	-730.0289981444367	3734.333756752436	30	321	172
mean_skew	[-0.2,-0.05)	non-cCRE	COMMON	CpG-nonCGI	365615	365615	762727.356	1772195.88701	361784	-350401.84777242166	1016802.6067852096	1133	15274	2455
mean_skew	[-0.2,-0.05)	non-cCRE	COMMON	non-CpG-ti	410126	410126	56870.047	11208.922737	405743	-105159.44790079095	548282.9131427275	4783	13917	2695
mean_skew	[-0.2,-0.05)	non-cCRE	COMMON	non-CpG-tv	341470	341470	23289.541	5437.929327	336785	-106589.9428888676	490762.33299735736	3590	11658	2621
mean_skew	[-0.2,-0.05)	non-cCRE	COMMON	unknown	1202	0	0	0	649	-436.36199916526687	1484.2032663949217	2	34	49
mean_skew	[-0.2,-0.05)	non-cCRE	LOW_FREQ	CpG-CGI	1665	1665	2337.806	4699.986462	1655	-989.1079967544648	5101.02219648868	46	389	287
mean_skew	[-0.2,-0.05)	non-cCRE	LOW_FREQ	CpG-nonCGI	471253	471253	1092487.608	2671953.99775	464946	-439771.8257190084	1288845.1507712621	1713	15973	3352
mean_skew	[-0.2,-0.05)	non-cCRE	LOW_FREQ	non-CpG-ti	445614	445614	64693.721	13374.814779	439054	-29580.20486991341	482752.7771184076	6584	12011	3407
mean_skew	[-0.2,-0.05)	non-cCRE	LOW_FREQ	non-CpG-tv	367895	367895	26195.766	5968.357184	360784	-53749.89188366884	449053.360475455	4908	10290	3245
mean_skew	[-0.2,-0.05)	non-cCRE	LOW_FREQ	unknown	1996	0	0	0	758	-317.3920001788066	855.2988460119416	1	52	61
mean_skew	[-0.2,-0.05)	non-cCRE	RARE	CpG-CGI	4717	4717	6849.526	13992.798856	4689	-2634.1090010921475	15736.056977459011	154	1171	793
mean_skew	[-0.2,-0.05)	non-cCRE	RARE	CpG-nonCGI	1379249	1379249	3208009.079	7854513.440499	1360869	-1280823.4890797557	3777995.4612457575	5188	47339	10057
mean_skew	[-0.2,-0.05)	non-cCRE	RARE	non-CpG-ti	1075790	1075790	157284.621	33121.767779	1059235	-54358.71275992309	1149808.7492499182	16272	29977	8319
mean_skew	[-0.2,-0.05)	non-cCRE	RARE	non-CpG-tv	894265	894265	64671.738	14415.181424	876084	-106706.32876891666	1072420.0847388604	12842	25947	7987
mean_skew	[-0.2,-0.05)	non-cCRE	RARE	unknown	4723	0	0	0	1877	-811.4209995717974	2523.9689755311583	6	156	184
mean_skew	[-0.2,-0.05)	non-cCRE	SINGLETON	CpG-CGI	18592	18592	13466.824	18336.423462	18561	-2818.1539955508188	59287.10934646738	1193	6029	5768
mean_skew	[-0.2,-0.05)	non-cCRE	SINGLETON	CpG-nonCGI	1029420	1029420	2093083.474	4544295.31167	1024374	-846403.8453707813	2577772.6759125027	5802	46754	12523
mean_skew	[-0.2,-0.05)	non-cCRE	SINGLETON	non-CpG-ti	10280097	10280097	1368822.3469999998	243729.945801	10178942	218519.33012729848	10281896.331377467	179664	274987	76701
mean_skew	[-0.2,-0.05)	non-cCRE	SINGLETON	non-CpG-tv	9196271	9196271	520969.519	58082.75286099996	9067763	-315718.2707646815	10209239.878094967	155047	251730	73050
mean_skew	[-0.2,-0.05)	non-cCRE	SINGLETON	unknown	11810	0	0	0	6024	-1253.702999775763	4966.0545177911	19	365	431
mean_skew	[-0.2,-0.05)	non-cCRE	ULTRARARE	CpG-CGI	22065	22065	25280.587	46176.037807	21993	-8466.72998958244	72081.70759927477	1044	6230	4869
mean_skew	[-0.2,-0.05)	non-cCRE	ULTRARARE	CpG-nonCGI	4673330	4673330	10345075.075	24143528.523341	4642800	-4189083.3112462093	12495540.785671461	20851	173995	40848
mean_skew	[-0.2,-0.05)	non-cCRE	ULTRARARE	non-CpG-ti	6684754	6684754	965552.572	196454.602154	6596657	-147647.65465309183	6966215.11104048	107354	182508	50971
mean_skew	[-0.2,-0.05)	non-cCRE	ULTRARARE	non-CpG-tv	5385380	5385380	354927.426	55816.63631	5289743	-403729.0064949695	6193978.966963393	84128	151910	45770
mean_skew	[-0.2,-0.05)	non-cCRE	ULTRARARE	unknown	13313	0	0	0	5704	-1618.2400014126915	5823.373834924985	26	449	479
mean_skew	[-0.2,-0.05)	pELS	COMMON	CpG-CGI	1010	1010	584.228	636.793962	1007	-252.15400233620312	3618.7226506136494	62	441	393
mean_skew	[-0.2,-0.05)	pELS	COMMON	CpG-nonCGI	10740	10740	18062.748	36544.478494	10718	-9969.698999886285	36443.58847136465	113	2423	1609
mean_skew	[-0.2,-0.05)	pELS	COMMON	non-CpG-ti	14826	14826	2053.877	385.838863	14812	-512.1780004033351	35670.661070824666	677	3824	2604
mean_skew	[-0.2,-0.05)	pELS	COMMON	non-CpG-tv	12453	12453	926.255	181.177309	12425	-2186.564997108304	29316.041006124702	508	3362	2560
mean_skew	[-0.2,-0.05)	pELS	COMMON	unknown	41	0	0	0	36	-28.8090000767261	118.39717532233597	0	8	15
mean_skew	[-0.2,-0.05)	pELS	LOW_FREQ	CpG-CGI	1576	1576	967.541	1164.077569	1572	-163.75499977450824	4682.434877733396	110	598	674
mean_skew	[-0.2,-0.05)	pELS	LOW_FREQ	CpG-nonCGI	14683	14683	27557.922	59082.489324	14641	-13089.510991950168	54186.912465502865	225	2945	2432
mean_skew	[-0.2,-0.05)	pELS	LOW_FREQ	non-CpG-ti	17512	17512	2561.283	498.131545	17479	3743.8870023939535	45439.34945226116	1164	4027	3416
mean_skew	[-0.2,-0.05)	pELS	LOW_FREQ	non-CpG-tv	14932	14932	1178.052	242.252506	14901	551.5620023058726	42655.58897355272	864	3652	3394
mean_skew	[-0.2,-0.05)	pELS	LOW_FREQ	unknown	53	0	0	0	41	-19.396000489592527	93.68551619217753	0	14	13
mean_skew	[-0.2,-0.05)	pELS	RARE	CpG-CGI	4315	4315	2734.995	3385.502149	4303	-201.55899927881558	15268.382904888294	325	1607	1826
mean_skew	[-0.2,-0.05)	pELS	RARE	CpG-nonCGI	43066	43066	81194.568	174306.848256	42985	-37590.920994897264	153585.76565905698	724	8467	7129
mean_skew	[-0.2,-0.05)	pELS	RARE	non-CpG-ti	44200	44200	6538.5560000000005	1296.816642	44142	10920.991994050562	121721.30174509737	3208	10310	8935
mean_skew	[-0.2,-0.05)	pELS	RARE	non-CpG-tv	38304	38304	3090.301	651.545805	38213	4002.3300112769953	108066.15406960376	2513	9469	8851
mean_skew	[-0.2,-0.05)	pELS	RARE	unknown	235	0	0	0	210	-64.77399963885543	248.4393868033923	0	125	40
mean_skew	[-0.2,-0.05)	pELS	SINGLETON	CpG-CGI	33228	33228	15087.934	11592.216914	33220	4712.577994081077	120789.96920562805	3161	13002	15601
mean_skew	[-0.2,-0.05)	pELS	SINGLETON	CpG-nonCGI	77970	77970	106449.013	190870.216531	77919	-46413.975008276306	244076.99936067022	2256	19839	15409
mean_skew	[-0.2,-0.05)	pELS	SINGLETON	non-CpG-ti	433908	433908	60048.338	10387.245866	433547	149848.55198915006	1161077.155646563	34482	100303	85429
mean_skew	[-0.2,-0.05)	pELS	SINGLETON	non-CpG-tv	399092	399092	25718.284	2993.326392	398644	85862.31899845171	1134927.228720583	29910	97726	86029
mean_skew	[-0.2,-0.05)	pELS	SINGLETON	unknown	535	0	0	0	515	-154.64600034442265	910.6354254232012	1	169	103
mean_skew	[-0.2,-0.05)	pELS	ULTRARARE	CpG-CGI	27506	27506	15409.138	16468.904876	27491	1529.1180139598441	101494.07342419052	2472	10715	12189
mean_skew	[-0.2,-0.05)	pELS	ULTRARARE	CpG-nonCGI	188548	188548	332973.489	683249.966031	188302	-149115.08494161456	654226.0075657949	4049	39614	32104
mean_skew	[-0.2,-0.05)	pELS	ULTRARARE	non-CpG-ti	281535	281535	41437.847	7954.590577	281261	85865.89299613483	776914.82709698	22004	66312	57232
mean_skew	[-0.2,-0.05)	pELS	ULTRARARE	non-CpG-tv	238857	238857	17687.96	2771.335078	238468	38485.02297792012	692105.9829085066	17012	58761	53849
mean_skew	[-0.2,-0.05)	pELS	ULTRARARE	unknown	984	0	0	0	956	-345.6059996827976	1919.7971446870063	8	441	176
mean_skew	[-0.5,-0.2)	Other cCREs	COMMON	CpG-CGI	122	122	202.767	420.794993	120	-74.4769989044871	375.95904897226455	2	28	2
mean_skew	[-0.5,-0.2)	Other cCREs	COMMON	CpG-nonCGI	7971	7971	16334.769	37588.359613	7893	-7499.327998524881	22806.723663529294	36	471	651
mean_skew	[-0.5,-0.2)	Other cCREs	COMMON	non-CpG-ti	7063	7063	1090.496	238.607498	7019	-1667.5049977053409	10887.367006569591	107	318	589
mean_skew	[-0.5,-0.2)	Other cCREs	COMMON	non-CpG-tv	5730	5730	414.008	70.680106	5687	-1740.4270012601055	10286.719108480762	113	275	501
mean_skew	[-0.5,-0.2)	Other cCREs	COMMON	unknown	19	0	0	0	16	-13.62100004404784	45.92969798773631	0	3	1
mean_skew	[-0.5,-0.2)	Other cCREs	LOW_FREQ	CpG-CGI	187	187	355.92199999999997	788.178716	184	-130.43299976736316	701.2436549579953	5	36	4
mean_skew	[-0.5,-0.2)	Other cCREs	LOW_FREQ	CpG-nonCGI	10380	10380	23475.34	56782.197572	10271	-9425.892991606495	29545.252973642633	62	487	828
mean_skew	[-0.5,-0.2)	Other cCREs	LOW_FREQ	non-CpG-ti	7771	7771	1260.827	279.079519	7722	-473.72999805037415	10983.79997603515	171	295	707
mean_skew	[-0.5,-0.2)	Other cCREs	LOW_FREQ	non-CpG-tv	6578	6578	508.937	92.995073	6507	-1126.7429986541388	10040.400694627702	131	251	683
mean_skew	[-0.5,-0.2)	Other cCREs	LOW_FREQ	unknown	32	0	0	0	25	-9.706000022590166	16.251318276677274	0	5	0
mean_skew	[-0.5,-0.2)	Other cCREs	RARE	CpG-CGI	547	547	1071.856	2365.243184	534	-372.3119985433296	2176.063648319052	19	84	12
mean_skew	[-0.5,-0.2)	Other cCREs	RARE	CpG-nonCGI	30312	30312	69028.685	167468.024127	30006	-27275.594986691474	86867.27957536538	192	1438	2500
mean_skew	[-0.5,-0.2)	Other cCREs	RARE	non-CpG-ti	18662	18662	3054.762	697.792188	18543	-779.5039931981589	25794.02059240316	422	731	1831
mean_skew	[-0.5,-0.2)	Other cCREs	RARE	non-CpG-tv	16265	16265	1296.522	262.57116	16065	-2318.6239967906145	26309.246039283906	389	686	1567
mean_skew	[-0.5,-0.2)	Other cCREs	RARE	unknown	99	0	0	0	78	-22.5979999564588	74.402792970158	0	5	5
mean_skew	[-0.5,-0.2)	Other cCREs	SINGLETON	CpG-CGI	950	950	1374.783	2577.797475	940	-526.8729980445931	3427.556970052324	32	166	76
mean_skew	[-0.5,-0.2)	Other cCREs	SINGLETON	CpG-nonCGI	24990	24990	49217.593	105482.68487900001	24833	-20178.680982090067	65719.92769656525	213	1332	2206
mean_skew	[-0.5,-0.2)	Other cCREs	SINGLETON	non-CpG-ti	173993	173993	26076.038	5035.973164	173305	8250.635025888216	243956.29968237385	4995	6086	17045
mean_skew	[-0.5,-0.2)	Other cCREs	SINGLETON	non-CpG-tv	170588	170588	10689.769	1253.3794970000001	169466	-9128.033961857207	261827.55625876214	4438	6349	16221
mean_skew	[-0.5,-0.2)	Other cCREs	SINGLETON	unknown	274	0	0	0	226	-53.16100039333106	143.17734999851086	0	9	18
mean_skew	[-0.5,-0.2)	Other cCREs	ULTRARARE	CpG-CGI	1909	1909	3444.346	7271.465754	1890	-1174.4299977672054	6984.247769394126	63	323	74
mean_skew	[-0.5,-0.2)	Other cCREs	ULTRARARE	CpG-nonCGI	103905	103905	225404.155	522450.178473	103220	-90628.19693815452	292429.3533569338	786	5090	8738
mean_skew	[-0.5,-0.2)	Other cCREs	ULTRARARE	non-CpG-ti	115522	115522	18729.953	4150.269631	114917	-15.385966790491388	165332.68249410583	3063	4264	11065
mean_skew	[-0.5,-0.2)	Other cCREs	ULTRARARE	non-CpG-tv	101414	101414	7390.795	1181.950749	100511	-9229.308974456857	158873.84232059732	2499	4017	9875
mean_skew	[-0.5,-0.2)	Other cCREs	ULTRARARE	unknown	258	0	0	0	210	-62.859000138938455	214.14049433580124	0	17	7
mean_skew	[-0.5,-0.2)	PLS	COMMON	CpG-CGI	238	238	119.038	106.96037	238	-1.3949991352855764	1526.7239719973986	31	110	136
mean_skew	[-0.5,-0.2)	PLS	COMMON	CpG-nonCGI	319	319	471.045	902.341177	317	-255.89100040029751	1241.5379511248434	9	101	108
mean_skew	[-0.5,-0.2)	PLS	COMMON	non-CpG-ti	775	775	117.61	24.116964	775	298.6269983623642	5051.340427764387	119	338	326
mean_skew	[-0.5,-0.2)	PLS	COMMON	non-CpG-tv	901	901	77.989	14.325061	900	187.6050004105781	3855.78606643882	101	422	431
mean_skew	[-0.5,-0.2)	PLS	COMMON	unknown	3	0	0	0	3	5.38600018620491	29.1251482010761	1	0	2
mean_skew	[-0.5,-0.2)	PLS	LOW_FREQ	CpG-CGI	405	405	206.949	194.213063	405	277.51399981789285	2400.5630280378277	85	179	235
mean_skew	[-0.5,-0.2)	PLS	LOW_FREQ	CpG-nonCGI	472	472	798.129	1662.734723	470	-290.232001729426	2161.6421335162704	25	143	177
mean_skew	[-0.5,-0.2)	PLS	LOW_FREQ	non-CpG-ti	1114	1114	184.512	41.245872	1113	990.9730014251546	7318.530040776531	247	419	546
mean_skew	[-0.5,-0.2)	PLS	LOW_FREQ	non-CpG-tv	1327	1327	122.057	22.438233	1327	939.6839994300389	7454.502812837916	238	477	728
mean_skew	[-0.5,-0.2)	PLS	LOW_FREQ	unknown	3	0	0	0	3	1.345000013709067	0.7910490033278473	0	0	0
mean_skew	[-0.5,-0.2)	PLS	RARE	CpG-CGI	1095	1095	514.12	430.466522	1095	972.5020014472539	7857.032519197811	229	485	677
mean_skew	[-0.5,-0.2)	PLS	RARE	CpG-nonCGI	1454	1454	2403.078	4900.446628	1451	-509.980998030049	7517.384559238757	118	436	569
mean_skew	[-0.5,-0.2)	PLS	RARE	non-CpG-ti	3062	3062	512.082	115.300418	3060	3758.3840040322384	26787.904883331255	782	1143	1554
mean_skew	[-0.5,-0.2)	PLS	RARE	non-CpG-tv	3767	3767	378.526	80.46118799999999	3764	3394.9369974930314	26706.892967666274	795	1421	2068
mean_skew	[-0.5,-0.2)	PLS	RARE	unknown	18	0	0	0	18	3.325999908149251	23.300717570701995	1	4	3
mean_skew	[-0.5,-0.2)	PLS	SINGLETON	CpG-CGI	9626	9626	4262.45	3231.693588	9621	10547.036983928883	78220.29065752275	2412	3928	6115
mean_skew	[-0.5,-0.2)	PLS	SINGLETON	CpG-nonCGI	3450	3450	3543.399	5726.339705	3446	349.8240056859798	19671.655696239617	401	1049	1603
mean_skew	[-0.5,-0.2)	PLS	SINGLETON	non-CpG-ti	29332	29332	4657.603	930.754997	29318	44201.06999373959	275250.830173884	8556	10599	14981
mean_skew	[-0.5,-0.2)	PLS	SINGLETON	non-CpG-tv	37928	37928	2917.85	364.584446	37902	44427.06499334054	310454.4976790445	9554	14135	20438
mean_skew	[-0.5,-0.2)	PLS	SINGLETON	unknown	46	0	0	0	46	9.791999772191044	73.11856420310895	2	13	24
mean_skew	[-0.5,-0.2)	PLS	ULTRARARE	CpG-CGI	7677	7677	3621.077	3051.574013	7672	7099.485005235183	61514.4223114435	1757	3091	4726
mean_skew	[-0.5,-0.2)	PLS	ULTRARARE	CpG-nonCGI	6759	6759	10176.118	19991.859497999998	6756	-1160.2209994348232	35937.66470215009	662	2023	2867
mean_skew	[-0.5,-0.2)	PLS	ULTRARARE	non-CpG-ti	20070	20070	3391.496	747.347452	20060	28192.79797273675	182141.25728037543	5685	7437	10255
mean_skew	[-0.5,-0.2)	PLS	ULTRARARE	non-CpG-tv	24326	24326	2153.808	359.4535	24310	25566.27899717504	190272.56486161816	5743	9198	13286
mean_skew	[-0.5,-0.2)	PLS	ULTRARARE	unknown	88	0	0	0	88	3.983000181615359	249.16112882057126	5	36	19
mean_skew	[-0.5,-0.2)	dELS	COMMON	CpG-CGI	372	372	576.705	1182.901195	372	-338.16499969526205	1330.8138960663548	6	97	83
mean_skew	[-0.5,-0.2)	dELS	COMMON	CpG-nonCGI	20906	20906	40441.084	88958.368174	20851	-20578.733975759827	73844.04795746149	223	2415	4570
mean_skew	[-0.5,-0.2)	dELS	COMMON	non-CpG-ti	19169	19169	2925.242	641.063322	19142	-2609.432997675379	39880.797264018154	724	2072	3943
mean_skew	[-0.5,-0.2)	dELS	COMMON	non-CpG-tv	16104	16104	1145.061	194.987711	16066	-3075.0510000810054	35360.39528453427	601	1785	3653
mean_skew	[-0.5,-0.2)	dELS	COMMON	unknown	24	0	0	0	19	-2.648999922908849	10.389052770988402	0	3	5
mean_skew	[-0.5,-0.2)	dELS	LOW_FREQ	CpG-CGI	515	515	814.413	1672.152999	514	-262.7669993317687	1539.8392572293662	25	117	131
mean_skew	[-0.5,-0.2)	dELS	LOW_FREQ	CpG-nonCGI	28630	28630	61348.999	142091.852891	28560	-26053.54299369476	100107.52673337024	445	2784	6599
mean_skew	[-0.5,-0.2)	dELS	LOW_FREQ	non-CpG-ti	22482	22482	3584.348	795.916668	22448	2673.1579948926824	51462.67220618597	1258	1941	5187
mean_skew	[-0.5,-0.2)	dELS	LOW_FREQ	non-CpG-tv	19201	19201	1474.191	280.022485	19146	-339.3270105966363	47626.27891984921	913	1773	4841
mean_skew	[-0.5,-0.2)	dELS	LOW_FREQ	unknown	34	0	0	0	32	-25.5780000910163	70.79407147396796	0	6	9
mean_skew	[-0.5,-0.2)	dELS	RARE	CpG-CGI	1565	1565	2584.5	5432.1742	1563	-1023.7489984744466	5768.199200452512	63	405	356
mean_skew	[-0.5,-0.2)	dELS	RARE	CpG-nonCGI	85270	85270	182367.345	421559.859615	85117	-77097.7569848092	311816.2905481042	1564	8348	20303
mean_skew	[-0.5,-0.2)	dELS	RARE	non-CpG-ti	54996	54996	8911.552	2060.794518	54905	8698.173991632068	141372.25711675882	3458	4875	13223
mean_skew	[-0.5,-0.2)	dELS	RARE	non-CpG-tv	48153	48153	3833.847	788.826011	48021	1523.9630058704658	122672.2914740777	2673	4588	12339
mean_skew	[-0.5,-0.2)	dELS	RARE	unknown	100	0	0	0	89	-58.511000254191465	167.12839599608367	0	11	24
mean_skew	[-0.5,-0.2)	dELS	SINGLETON	CpG-CGI	4902	4902	4429.54	6896.015674	4892	-1030.057999884011	20500.226275608326	387	1091	2033
mean_skew	[-0.5,-0.2)	dELS	SINGLETON	CpG-nonCGI	86349	86349	162093.52	337864.293312	86224	-66893.65200461855	309951.26989595295	2196	9302	21870
mean_skew	[-0.5,-0.2)	dELS	SINGLETON	non-CpG-ti	536301	536301	78646.222	14799.070582	535550	139073.04091362553	1357939.7505023123	37013	47772	127344
mean_skew	[-0.5,-0.2)	dELS	SINGLETON	non-CpG-tv	511035	511035	31194.451	3524.2084489999997	510084	68744.32700341044	1358284.4038375	32364	46903	122374
mean_skew	[-0.5,-0.2)	dELS	SINGLETON	unknown	349	0	0	0	323	-100.58599996566774	349.75672918794385	1	27	73
mean_skew	[-0.5,-0.2)	dELS	ULTRARARE	CpG-CGI	7248	7248	10175.462	19933.641142	7238	-3619.338998802356	30255.63642874763	399	1688	2141
mean_skew	[-0.5,-0.2)	dELS	ULTRARARE	CpG-nonCGI	336363	336363	692491.035	1544850.669505	335802	-289343.7049574901	1225612.0968077835	7070	34363	81642
mean_skew	[-0.5,-0.2)	dELS	ULTRARARE	non-CpG-ti	349632	349632	55520.952	12106.285108	349072	71323.4718786675	898158.3765494548	23169	31079	83305
mean_skew	[-0.5,-0.2)	dELS	ULTRARARE	non-CpG-tv	299344	299344	21461.435	3416.261547	298672	24608.30200265208	791196.2452770976	17834	27918	74946
mean_skew	[-0.5,-0.2)	dELS	ULTRARARE	unknown	314	0	0	0	290	-98.84199996851386	300.7569118537464	0	24	62
mean_skew	[-0.5,-0.2)	non-cCRE	COMMON	CpG-CGI	278	278	385.443	757.742775	276	-195.71500090544583	894.3013412483659	6	86	56
mean_skew	[-0.5,-0.2)	non-cCRE	COMMON	CpG-nonCGI	62413	62413	127234.83899999999	290830.881457	61957	-62062.34692523743	175716.07496926226	146	3025	628
mean_skew	[-0.5,-0.2)	non-cCRE	COMMON	non-CpG-ti	44361	44361	6906.152	1566.002006	43982	-14602.147988726038	65886.10706438986	415	1920	585
mean_skew	[-0.5,-0.2)	non-cCRE	COMMON	non-CpG-tv	40143	40143	2990.782	522.00726	39619	-14798.858999700167	60830.706038125325	369	1743	602
mean_skew	[-0.5,-0.2)	non-cCRE	COMMON	unknown	146	0	0	0	103	-65.15499968826776	183.4510520613972	0	7	5
mean_skew	[-0.5,-0.2)	non-cCRE	LOW_FREQ	CpG-CGI	396	396	613.977	1305.279257	395	-219.371999308234	1241.3928440142947	12	101	66
mean_skew	[-0.5,-0.2)	non-cCRE	LOW_FREQ	CpG-nonCGI	81765	81765	185635.332	446899.582898	81032	-77909.54794022186	223030.56130431002	225	3447	865
mean_skew	[-0.5,-0.2)	non-cCRE	LOW_FREQ	non-CpG-ti	48572	48572	8014.229	1890.667283	47995	-5624.089980915072	55530.648234910645	653	1798	747
mean_skew	[-0.5,-0.2)	non-cCRE	LOW_FREQ	non-CpG-tv	44397	44397	3549.8109999999997	677.101261	43671	-9451.019983465201	60191.96541595076	544	1664	736
mean_skew	[-0.5,-0.2)	non-cCRE	LOW_FREQ	unknown	255	0	0	0	120	-55.155000731349	166.8848314414841	0	2	8
mean_skew	[-0.5,-0.2)	non-cCRE	RARE	CpG-CGI	1213	1213	1867.856	3912.776502	1199	-531.8839980759658	4111.567415315944	55	355	207
mean_skew	[-0.5,-0.2)	non-cCRE	RARE	CpG-nonCGI	239046	239046	544841.366	1313953.691436	236987	-227549.69078421898	653928.0112338244	707	9668	2736
mean_skew	[-0.5,-0.2)	non-cCRE	RARE	non-CpG-ti	116832	116832	19552.916	4754.30048	115398	-12857.985971916469	136419.7891362298	1617	4248	1841
mean_skew	[-0.5,-0.2)	non-cCRE	RARE	non-CpG-tv	110215	110215	9052.501	1856.108973	108376	-21775.873967063748	147107.88942003195	1420	4291	2096
mean_skew	[-0.5,-0.2)	non-cCRE	RARE	unknown	606	0	0	0	319	-126.79999943729499	363.99705445819194	1	36	18
mean_skew	[-0.5,-0.2)	non-cCRE	SINGLETON	CpG-CGI	4387	4387	3281.99	4619.52003	4371	499.08600510179525	17631.74966268424	450	1447	1548
mean_skew	[-0.5,-0.2)	non-cCRE	SINGLETON	CpG-nonCGI	194807	194807	386902.352	824104.446976	194013	-164796.4758031143	472948.4730248784	818	9659	3230
mean_skew	[-0.5,-0.2)	non-cCRE	SINGLETON	non-CpG-ti	1059019	1059019	159649.724	31840.46742	1050656	-16945.306725045677	1118732.039282807	17396	37166	17207
mean_skew	[-0.5,-0.2)	non-cCRE	SINGLETON	non-CpG-tv	1107815	1107815	70091.99799999999	8598.054688	1095337	-122691.88158006001	1355417.2451366417	16679	39885	18923
mean_skew	[-0.5,-0.2)	non-cCRE	SINGLETON	unknown	1790	0	0	0	1173	-295.19700016744906	931.0711248008068	2	65	77
mean_skew	[-0.5,-0.2)	non-cCRE	ULTRARARE	CpG-CGI	5195	5195	6557.668	12550.573106	5173	-1098.5169966218527	18504.69151560679	351	1441	1138
mean_skew	[-0.5,-0.2)	non-cCRE	ULTRARARE	CpG-nonCGI	836554	836554	1815457.085	4173030.216767	832195	-768750.2122939439	2205395.7221848783	2788	36182	10630
mean_skew	[-0.5,-0.2)	non-cCRE	ULTRARARE	non-CpG-ti	716574	716574	118119.271	27469.546759	709184	-45806.8138570767	800658.6091678315	10872	25910	11650
mean_skew	[-0.5,-0.2)	non-cCRE	ULTRARARE	non-CpG-tv	665229	665229	50099.596	8509.84741	655566	-103099.48376685823	849642.446538232	9463	24724	11908
mean_skew	[-0.5,-0.2)	non-cCRE	ULTRARARE	unknown	1903	0	0	0	1084	-336.76399943593424	1032.1626437225439	3	79	66
mean_skew	[-0.5,-0.2)	pELS	COMMON	CpG-CGI	291	291	171.236	203.38015000000001	291	0.3490013333502453	1338.2966117595201	27	119	138
mean_skew	[-0.5,-0.2)	pELS	COMMON	CpG-nonCGI	2521	2521	4266.551	8754.693837	2516	-2122.751001300525	7299.591076251535	33	622	582
mean_skew	[-0.5,-0.2)	pELS	COMMON	non-CpG-ti	2827	2827	421.61	84.932618	2823	141.99999771593139	8087.745187013727	185	835	763
mean_skew	[-0.5,-0.2)	pELS	COMMON	non-CpG-tv	2713	2713	212.248	38.065272	2701	-176.3430000577354	7366.254969554961	173	868	817
mean_skew	[-0.5,-0.2)	pELS	COMMON	unknown	5	0	0	0	3	-0.953999966382981	1.0046579469366084	0	2	0
mean_skew	[-0.5,-0.2)	pELS	LOW_FREQ	CpG-CGI	443	443	270.291	321.356947	442	61.1500004000263	2040.9821649076698	42	186	223
mean_skew	[-0.5,-0.2)	pELS	LOW_FREQ	CpG-nonCGI	3557	3557	6600.431	14157.739231	3549	-3197.710992007865	12965.635691792746	61	756	886
mean_skew	[-0.5,-0.2)	pELS	LOW_FREQ	non-CpG-ti	3614	3614	592.487	133.841079	3605	1280.147003084188	12064.618382451597	351	937	1119
mean_skew	[-0.5,-0.2)	pELS	LOW_FREQ	non-CpG-tv	3478	3478	305.022	65.02349	3471	593.0080046434886	12379.313196592057	294	997	1213
mean_skew	[-0.5,-0.2)	pELS	LOW_FREQ	unknown	13	0	0	0	6	-6.98399998992681	12.376135943852306	0	4	2
mean_skew	[-0.5,-0.2)	pELS	RARE	CpG-CGI	1201	1201	828.795	1141.164873	1199	226.82199973554813	5206.30861265412	132	466	556
mean_skew	[-0.5,-0.2)	pELS	RARE	CpG-nonCGI	10278	10278	19330.253	41672.146817	10258	-8513.085003561808	37916.052192559895	259	2230	2561
mean_skew	[-0.5,-0.2)	pELS	RARE	non-CpG-ti	9121	9121	1510.846	345.79504000000003	9109	3680.7049969914374	33003.51530372987	927	2299	2873
mean_skew	[-0.5,-0.2)	pELS	RARE	non-CpG-tv	9113	9113	822.145	176.768659	9088	2619.1139897091784	34927.16667945659	892	2477	3203
mean_skew	[-0.5,-0.2)	pELS	RARE	unknown	73	0	0	0	68	-14.995999824255732	66.95861650848461	1	37	13
mean_skew	[-0.5,-0.2)	pELS	SINGLETON	CpG-CGI	9311	9311	4246.028	3340.126868	9310	4980.704997655471	47554.20260550886	1407	3615	4925
mean_skew	[-0.5,-0.2)	pELS	SINGLETON	CpG-nonCGI	17885	17885	24183.196	43521.031108	17877	-8829.431983262768	60982.12916096972	730	4698	5206
mean_skew	[-0.5,-0.2)	pELS	SINGLETON	non-CpG-ti	88239	88239	13420.329	2584.475887	88163	49604.287993664155	347139.42745162366	10679	22747	28027
mean_skew	[-0.5,-0.2)	pELS	SINGLETON	non-CpG-tv	95188	95188	6589.8369999999995	828.459339	95040	39105.95300838422	375543.99062528263	10521	26151	32127
mean_skew	[-0.5,-0.2)	pELS	SINGLETON	unknown	159	0	0	0	150	-54.59799983352427	215.3945499814462	0	66	28
mean_skew	[-0.5,-0.2)	pELS	ULTRARARE	CpG-CGI	7483	7483	4222.983	4612.293009	7473	3115.9200019416176	37032.33155013689	1055	2905	3742
mean_skew	[-0.5,-0.2)	pELS	ULTRARARE	CpG-nonCGI	44149	44149	77596.14	160123.065512	44083	-31903.53799167871	155192.82663853976	1219	9928	11224
mean_skew	[-0.5,-0.2)	pELS	ULTRARARE	non-CpG-ti	58533	58533	9587.526	2087.676122	58459	29960.45498119805	232590.10342331682	6938	15254	18722
mean_skew	[-0.5,-0.2)	pELS	ULTRARARE	non-CpG-tv	57476	57476	4660.275	821.7671789999999	57372	21822.260993681746	230169.8153196334	6282	15758	20035
mean_skew	[-0.5,-0.2)	pELS	ULTRARARE	unknown	255	0	0	0	247	-69.248998787487	553.7309344945226	6	124	54
mean_skew	[-1.0,-0.5)	Other cCREs	COMMON	CpG-CGI	33	33	56.252	112.772592	33	-11.761999972164636	25.95683842492057	0	11	0
mean_skew	[-1.0,-0.5)	Other cCREs	COMMON	CpG-nonCGI	2308	2308	4758.786	10994.69074	2289	-2214.856999262937	6518.066520131157	9	131	270
mean_skew	[-1.0,-0.5)	Other cCREs	COMMON	non-CpG-ti	1562	1562	252.336	57.090782	1545	-313.44300051731994	2969.3788578105537	44	90	210
mean_skew	[-1.0,-0.5)	Other cCREs	COMMON	non-CpG-tv	1397	1397	97.606	12.360772	1392	-368.5229995329865	2326.2116870371965	22	84	215
mean_skew	[-1.0,-0.5)	Other cCREs	COMMON	unknown	4	0	0	0	4	-3.571999974548812	7.0422379288281265	0	0	0
mean_skew	[-1.0,-0.5)	Other cCREs	LOW_FREQ	CpG-CGI	54	54	119.679	280.711355	54	-45.97400026023387	127.14373710422375	0	16	0
mean_skew	[-1.0,-0.5)	Other cCREs	LOW_FREQ	CpG-nonCGI	2998	2998	6809.464	16502.34447	2977	-2811.8310002575167	8844.46112546619	17	125	390
mean_skew	[-1.0,-0.5)	Other cCREs	LOW_FREQ	non-CpG-ti	1886	1886	320.755	73.741339	1874	23.15799883659929	2572.9687839394933	51	84	303
mean_skew	[-1.0,-0.5)	Other cCREs	LOW_FREQ	non-CpG-tv	1573	1573	115.384	16.015112	1561	-166.45400224509646	2817.1125861399705	38	64	276
mean_skew	[-1.0,-0.5)	Other cCREs	LOW_FREQ	unknown	5	0	0	0	2	-1.08399999141693	1.17505598139191	0	0	1
mean_skew	[-1.0,-0.5)	Other cCREs	RARE	CpG-CGI	124	124	245.345	529.170151	123	-118.52999983355404	556.4750086369119	5	33	4
mean_skew	[-1.0,-0.5)	Other cCREs	RARE	CpG-nonCGI	8612	8612	19818.166	48506.035864	8546	-7910.8900000452995	24710.68906353722	58	407	1107
mean_skew	[-1.0,-0.5)	Other cCREs	RARE	non-CpG-ti	4328	4328	765.655	193.367977	4302	216.6099992314121	7837.6744034171315	152	156	733
mean_skew	[-1.0,-0.5)	Other cCREs	RARE	non-CpG-tv	3934	3934	288.092	40.233818	3893	-387.41899423347775	6877.1118416661975	108	146	642
mean_skew	[-1.0,-0.5)	Other cCREs	RARE	unknown	13	0	0	0	10	2.989000014960766	1.7153850148224825	0	1	3
mean_skew	[-1.0,-0.5)	Other cCREs	SINGLETON	CpG-CGI	251	251	355.631	644.153325	250	-134.3620004298864	888.7297352677879	9	55	33
mean_skew	[-1.0,-0.5)	Other cCREs	SINGLETON	CpG-nonCGI	6966	6966	13731.360999999999	29743.252969	6926	-5601.620999860694	19830.96503994282	75	326	1052
mean_skew	[-1.0,-0.5)	Other cCREs	SINGLETON	non-CpG-ti	41634	41634	6638.046	1377.714456	41453	6055.965000399621	79403.54603496385	1730	1540	7034
mean_skew	[-1.0,-0.5)	Other cCREs	SINGLETON	non-CpG-tv	41369	41369	2690.736	300.246808	41113	-1364.1069961972528	75727.64930575504	1305	1620	6774
mean_skew	[-1.0,-0.5)	Other cCREs	SINGLETON	unknown	37	0	0	0	37	-11.306000001728526	26.678640016735173	0	1	8
mean_skew	[-1.0,-0.5)	Other cCREs	ULTRARARE	CpG-CGI	538	538	931.712	1936.98462	538	-310.04100002162164	1632.0083660839043	19	117	35
mean_skew	[-1.0,-0.5)	Other cCREs	ULTRARARE	CpG-nonCGI	29427	29427	64329.737	150560.880263	29248	-25221.432988919893	83073.94431475988	260	1325	3976
mean_skew	[-1.0,-0.5)	Other cCREs	ULTRARARE	non-CpG-ti	27729	27729	4843.984	1186.045604	27579	3073.2080035590334	54049.68709690333	1142	1060	4681
mean_skew	[-1.0,-0.5)	Other cCREs	ULTRARARE	non-CpG-tv	24375	24375	1740.075	229.016783	24167	-1901.3429941043726	43673.46110096081	685	962	3963
mean_skew	[-1.0,-0.5)	Other cCREs	ULTRARARE	unknown	33	0	0	0	28	-11.779000051319596	87.17618904518645	0	4	6
mean_skew	[-1.0,-0.5)	PLS	COMMON	CpG-CGI	69	69	43.594	55.945166	69	31.335000179708057	367.5289131427179	12	43	44
mean_skew	[-1.0,-0.5)	PLS	COMMON	CpG-nonCGI	107	107	164.628	331.304378	107	-29.267000252380942	749.5495182398071	12	43	48
mean_skew	[-1.0,-0.5)	PLS	COMMON	non-CpG-ti	186	186	28.480999999999998	5.939861	186	219.7180008366703	1395.0315599092405	50	78	94
mean_skew	[-1.0,-0.5)	PLS	COMMON	non-CpG-tv	247	247	22.457	3.957085	247	172.97099874028936	1340.9336211354776	47	109	135
mean_skew	[-1.0,-0.5)	PLS	COMMON	unknown	1	0	0	0	1	0.063000001013279	0.00396900012767315	0	0	0
mean_skew	[-1.0,-0.5)	PLS	LOW_FREQ	CpG-CGI	139	139	73.3	71.63435	139	179.56099984049808	1192.8474276835866	31	68	85
mean_skew	[-1.0,-0.5)	PLS	LOW_FREQ	CpG-nonCGI	177	177	275.495	547.681435	176	43.619000155478766	1117.8866492617076	28	52	89
mean_skew	[-1.0,-0.5)	PLS	LOW_FREQ	non-CpG-ti	326	326	59.454	15.484916	326	596.1810044375017	3680.730848339485	119	138	200
mean_skew	[-1.0,-0.5)	PLS	LOW_FREQ	non-CpG-tv	424	424	36.154	6.903656	424	437.2869978996458	2926.354947107092	101	171	246
mean_skew	[-1.0,-0.5)	PLS	RARE	CpG-CGI	384	384	184.523	175.853551	384	621.4890012168328	4867.507644880419	134	173	256
mean_skew	[-1.0,-0.5)	PLS	RARE	CpG-nonCGI	537	537	911.159	1882.1140189999999	536	-115.994998830487	3233.927751827243	65	160	260
mean_skew	[-1.0,-0.5)	PLS	RARE	non-CpG-ti	904	904	161.646	39.149204	904	1896.9090010122152	12270.113567286617	355	352	566
mean_skew	[-1.0,-0.5)	PLS	RARE	non-CpG-tv	1217	1217	101.067	13.771405	1216	1920.8130003041601	12719.435010543739	375	461	773
mean_skew	[-1.0,-0.5)	PLS	RARE	unknown	2	0	0	0	2	0.136000007390976	0.00924800100517276	0	0	0
mean_skew	[-1.0,-0.5)	PLS	SINGLETON	CpG-CGI	3528	3528	1572.802	1193.549556	3527	7513.671992666553	50396.846778402665	1422	1511	2377
mean_skew	[-1.0,-0.5)	PLS	SINGLETON	CpG-nonCGI	1395	1395	1476.594	2420.552936	1395	1082.38399797841	11864.504580951918	293	449	853
mean_skew	[-1.0,-0.5)	PLS	SINGLETON	non-CpG-ti	9861	9861	1645.721	358.811173	9857	24492.222004809657	150995.57573898448	4323	3758	6102
mean_skew	[-1.0,-0.5)	PLS	SINGLETON	non-CpG-tv	13536	13536	1018.77	118.972622	13526	27472.541981291368	173366.70445058896	5081	5209	8417
mean_skew	[-1.0,-0.5)	PLS	SINGLETON	unknown	8	0	0	0	8	-4.542999885976316	125.29495230788251	0	0	3
mean_skew	[-1.0,-0.5)	PLS	ULTRARARE	CpG-CGI	2620	2620	1261.586	1115.927736	2620	5220.035004198435	34944.67193735017	979	1117	1747
mean_skew	[-1.0,-0.5)	PLS	ULTRARARE	CpG-nonCGI	2677	2677	4003.42	7731.305352	2675	736.8069944664608	19371.837214439085	415	795	1423
mean_skew	[-1.0,-0.5)	PLS	ULTRARARE	non-CpG-ti	6599	6599	1182.752	290.4514	6595	15185.52098982212	93405.22658850484	2697	2445	3996
mean_skew	[-1.0,-0.5)	PLS	ULTRARARE	non-CpG-tv	8061	8061	656.653	91.808575	8055	15100.366000796439	97005.50122261069	2863	3124	5015
mean_skew	[-1.0,-0.5)	PLS	ULTRARARE	unknown	2	0	0	0	2	0.529999993741512	0.22286799496483842	0	1	2
mean_skew	[-1.0,-0.5)	dELS	COMMON	CpG-CGI	105	105	144.164	276.067856	104	-87.35300090094103	317.55802166924656	3	27	32
mean_skew	[-1.0,-0.5)	dELS	COMMON	CpG-nonCGI	5795	5795	11337.134	25192.410282	5783	-5721.7440015192815	20590.0123181572	72	676	1769
mean_skew	[-1.0,-0.5)	dELS	COMMON	non-CpG-ti	4440	4440	720.909	173.111395	4433	-427.66700195078744	11158.508856066721	215	535	1350
mean_skew	[-1.0,-0.5)	dELS	COMMON	non-CpG-tv	3619	3619	246.011	31.542037	3615	-579.0689999763854	8757.36573327867	141	466	1145
mean_skew	[-1.0,-0.5)	dELS	COMMON	unknown	5	0	0	0	4	-2.59800011664629	4.04391431200958	0	0	2
mean_skew	[-1.0,-0.5)	dELS	LOW_FREQ	CpG-CGI	137	137	207.938	424.423644	137	-68.91399894072671	525.0025320041198	10	34	42
mean_skew	[-1.0,-0.5)	dELS	LOW_FREQ	CpG-nonCGI	8190	8190	17570.599	40821.116849	8166	-7388.562996677241	30625.594618644453	164	819	2706
mean_skew	[-1.0,-0.5)	dELS	LOW_FREQ	non-CpG-ti	5357	5357	883.492	206.329488	5350	1144.9599960200724	16047.393020572948	388	507	1733
mean_skew	[-1.0,-0.5)	dELS	LOW_FREQ	non-CpG-tv	4510	4510	323.568	50.273255999999996	4498	40.8319988636069	13155.91844048753	260	440	1572
mean_skew	[-1.0,-0.5)	dELS	LOW_FREQ	unknown	5	0	0	0	5	-2.768000029027461	6.009678140360231	0	3	0
mean_skew	[-1.0,-0.5)	dELS	RARE	CpG-CGI	449	449	712.3	1472.493764	448	-254.21200066606974	2629.0673998881034	30	119	144
mean_skew	[-1.0,-0.5)	dELS	RARE	CpG-nonCGI	24287	24287	52280.928	121964.846784	24229	-20724.23300391273	88538.38336071203	534	2497	8013
mean_skew	[-1.0,-0.5)	dELS	RARE	non-CpG-ti	13503	13503	2277.631	546.780039	13485	4219.742999970331	43672.62742306481	1164	1301	4640
mean_skew	[-1.0,-0.5)	dELS	RARE	non-CpG-tv	11343	11343	828.198	129.128342	11318	1180.8280009629668	32855.39685467415	790	1138	4072
mean_skew	[-1.0,-0.5)	dELS	RARE	unknown	14	0	0	0	13	-13.045999795198442	52.0735351877089	0	3	5
mean_skew	[-1.0,-0.5)	dELS	SINGLETON	CpG-CGI	1372	1372	1250.566	1929.483204	1367	212.32199979724854	7893.386975617514	173	324	631
mean_skew	[-1.0,-0.5)	dELS	SINGLETON	CpG-nonCGI	24781	24781	46284.702	96943.439854	24753	-17079.074002342884	95219.28717172531	869	2729	8897
mean_skew	[-1.0,-0.5)	dELS	SINGLETON	non-CpG-ti	129557	129557	19811.872	3950.005112	129387	58157.09894807696	466717.2409588425	12739	12241	45966
mean_skew	[-1.0,-0.5)	dELS	SINGLETON	non-CpG-tv	124260	124260	7614.336	804.669786	124020	26960.538984834577	408227.7374954458	9731	12375	44249
mean_skew	[-1.0,-0.5)	dELS	SINGLETON	unknown	43	0	0	0	41	-8.824999921023855	24.89200822343268	0	3	15
mean_skew	[-1.0,-0.5)	dELS	ULTRARARE	CpG-CGI	2015	2015	2817.762	5459.88479	2010	-621.6789988188534	10122.41636494849	164	484	722
mean_skew	[-1.0,-0.5)	dELS	ULTRARARE	CpG-nonCGI	95194	95194	196408.984	440836.371378	95025	-77036.50798181677	358872.845851944	2498	10103	32438
mean_skew	[-1.0,-0.5)	dELS	ULTRARARE	non-CpG-ti	84279	84279	14074.193	3301.659531	84139	31504.83296269143	296712.4104993462	7898	7955	29418
mean_skew	[-1.0,-0.5)	dELS	ULTRARARE	non-CpG-tv	72418	72418	5051.175	689.911119	72250	11678.443989611698	233278.31595378087	5450	7169	26219
mean_skew	[-1.0,-0.5)	dELS	ULTRARARE	unknown	56	0	0	0	55	-20.72400024533271	63.27979861081432	0	10	14
mean_skew	[-1.0,-0.5)	non-cCRE	COMMON	CpG-CGI	67	67	100.575	200.626065	66	-30.229000277933675	204.1295240298608	2	20	9
mean_skew	[-1.0,-0.5)	non-cCRE	COMMON	CpG-nonCGI	12644	12644	26596.044	62691.286798	12541	-12190.271987266957	34927.12508277393	37	616	192
mean_skew	[-1.0,-0.5)	non-cCRE	COMMON	non-CpG-ti	7411	7411	1271.529	330.560805	7345	-2469.304996146241	11289.281671015477	75	380	142
mean_skew	[-1.0,-0.5)	non-cCRE	COMMON	non-CpG-tv	6591	6591	459.599	61.537425	6528	-2543.2619953074045	9778.72149525404	55	322	147
mean_skew	[-1.0,-0.5)	non-cCRE	COMMON	unknown	15	0	0	0	15	-11.673000246286398	66.05850440252037	0	2	0
mean_skew	[-1.0,-0.5)	non-cCRE	LOW_FREQ	CpG-CGI	108	108	181.083	400.335939	107	-24.955000669229793	485.9925091595642	6	29	12
mean_skew	[-1.0,-0.5)	non-cCRE	LOW_FREQ	CpG-nonCGI	16686	16686	39201.523	97501.789697	16554	-15934.323986392117	46270.744269697076	58	669	257
mean_skew	[-1.0,-0.5)	non-cCRE	LOW_FREQ	non-CpG-ti	7974	7974	1472.342	404.354776	7885	-945.7839980573627	9786.891761290086	115	316	168
mean_skew	[-1.0,-0.5)	non-cCRE	LOW_FREQ	non-CpG-tv	6990	6990	521.653	79.514901	6890	-1828.31999724172	10221.942881037425	69	273	192
mean_skew	[-1.0,-0.5)	non-cCRE	LOW_FREQ	unknown	31	0	0	0	20	-11.25700015574694	23.418091586997768	0	1	0
mean_skew	[-1.0,-0.5)	non-cCRE	RARE	CpG-CGI	309	309	530.784	1174.736754	302	-151.68299966829363	1211.9432262532289	13	90	42
mean_skew	[-1.0,-0.5)	non-cCRE	RARE	CpG-nonCGI	48816	48816	115486.737	288378.078683	48405	-46450.58795800631	135263.80484151814	152	2103	826
mean_skew	[-1.0,-0.5)	non-cCRE	RARE	non-CpG-ti	19238	19238	3619.654	1017.752724	19038	-1945.8389953419091	24445.370383594378	300	814	455
mean_skew	[-1.0,-0.5)	non-cCRE	RARE	non-CpG-tv	17119	17119	1302.248	203.572646	16887	-3633.1409867975162	24269.65358356905	229	801	468
mean_skew	[-1.0,-0.5)	non-cCRE	RARE	unknown	62	0	0	0	49	-19.99799985438585	42.33470919960087	0	1	0
mean_skew	[-1.0,-0.5)	non-cCRE	SINGLETON	CpG-CGI	1015	1015	850.273	1314.285077	1012	483.8159989758861	6607.65333868707	163	344	373
mean_skew	[-1.0,-0.5)	non-cCRE	SINGLETON	CpG-nonCGI	36332	36332	74065.486	163206.715058	36172	-29426.227966905564	90713.57872933218	200	2021	992
mean_skew	[-1.0,-0.5)	non-cCRE	SINGLETON	non-CpG-ti	168192	168192	27920.895	6184.198729	166814	-753.9719672717631	189668.187735702	2972	6816	4513
mean_skew	[-1.0,-0.5)	non-cCRE	SINGLETON	non-CpG-tv	178141	178141	11511.571	1298.150003	176421	-25440.31593131296	236331.6387634586	2597	7831	4909
mean_skew	[-1.0,-0.5)	non-cCRE	SINGLETON	unknown	190	0	0	0	166	-37.351000316441066	208.14619900403218	2	13	6
mean_skew	[-1.0,-0.5)	non-cCRE	ULTRARARE	CpG-CGI	1414	1414	1845.833	3569.367399	1409	-184.56400303985012	6441.375487736657	123	427	341
mean_skew	[-1.0,-0.5)	non-cCRE	ULTRARARE	CpG-nonCGI	162809	162809	366800.642	875807.171076	161930	-147326.90585534964	438045.2324921859	619	7671	3344
mean_skew	[-1.0,-0.5)	non-cCRE	ULTRARARE	non-CpG-ti	116257	116257	21522.613	5716.530497	115111	-7434.976946488603	140565.94122144807	1889	4723	2907
mean_skew	[-1.0,-0.5)	non-cCRE	ULTRARARE	non-CpG-tv	106879	106879	7701.35	1047.809668	105657	-19765.593931050855	145511.91440090258	1506	4811	2942
mean_skew	[-1.0,-0.5)	non-cCRE	ULTRARARE	unknown	183	0	0	0	148	-51.58899996057158	385.9238580153928	6	10	3
mean_skew	[-1.0,-0.5)	pELS	COMMON	CpG-CGI	63	63	40.596000000000004	45.672110000000004	63	-2.5639998619444895	299.4125064698439	6	29	27
mean_skew	[-1.0,-0.5)	pELS	COMMON	CpG-nonCGI	648	648	1089.477	2214.7998509999998	647	-557.2839979361743	2336.1775876894626	12	172	215
mean_skew	[-1.0,-0.5)	pELS	COMMON	non-CpG-ti	667	667	104.236	22.614952	665	199.03699985332773	2187.9130089685355	61	215	238
mean_skew	[-1.0,-0.5)	pELS	COMMON	non-CpG-tv	598	598	43.531	6.103057	598	-68.37699930858805	1316.936050594285	31	195	223
mean_skew	[-1.0,-0.5)	pELS	COMMON	unknown	1	0	0	0	1	0.133000001311302	0.0176890003488064	0	1	0
mean_skew	[-1.0,-0.5)	pELS	LOW_FREQ	CpG-CGI	107	107	69.83	87.106244	107	45.862999033182874	497.7330275204665	16	47	59
mean_skew	[-1.0,-0.5)	pELS	LOW_FREQ	CpG-nonCGI	988	988	1872.343	4087.712347	987	-794.6529991226276	3487.768514565974	18	216	310
mean_skew	[-1.0,-0.5)	pELS	LOW_FREQ	non-CpG-ti	835	835	146.523	38.541909	832	544.1809993869391	4169.614860314805	121	211	355
mean_skew	[-1.0,-0.5)	pELS	LOW_FREQ	non-CpG-tv	846	846	66.591	9.417045	843	233.6629992905073	3782.912506070931	90	242	374
mean_skew	[-1.0,-0.5)	pELS	LOW_FREQ	unknown	1	0	0	0	1	0	0	0	1	0
mean_skew	[-1.0,-0.5)	pELS	RARE	CpG-CGI	341	341	218.878	281.354786	340	281.4869983359241	2386.818820502908	66	150	187
mean_skew	[-1.0,-0.5)	pELS	RARE	CpG-nonCGI	2710	2710	5093.608	11058.144154	2705	-1979.7010024066565	10395.055183464267	77	597	954
mean_skew	[-1.0,-0.5)	pELS	RARE	non-CpG-ti	2065	2065	361.073	90.703589	2064	1435.0910045566272	10914.427168779035	321	590	869
mean_skew	[-1.0,-0.5)	pELS	RARE	non-CpG-tv	2161	2161	182.239	31.860177	2156	1307.161997121758	10745.637878543599	311	617	941
mean_skew	[-1.0,-0.5)	pELS	RARE	unknown	12	0	0	0	12	-4.636000053957103	16.626240636775503	0	7	1
mean_skew	[-1.0,-0.5)	pELS	SINGLETON	CpG-CGI	2436	2436	1098.888	830.692414	2436	2854.192006274593	21069.19025972676	616	963	1464
mean_skew	[-1.0,-0.5)	pELS	SINGLETON	CpG-nonCGI	4925	4925	6681.702	12111.39322	4923	-1537.9429975929681	20128.41642812733	318	1359	1888
mean_skew	[-1.0,-0.5)	pELS	SINGLETON	non-CpG-ti	21270	21270	3395.513	700.861679	21238	20851.49699403485	138637.599133182	3995	5765	9222
mean_skew	[-1.0,-0.5)	pELS	SINGLETON	non-CpG-tv	23919	23919	1647.411	189.500255	23884	17691.904009546044	137496.51335089473	3888	6921	10820
mean_skew	[-1.0,-0.5)	pELS	SINGLETON	unknown	27	0	0	0	27	7.744000155478761	126.4450040114973	4	10	3
mean_skew	[-1.0,-0.5)	pELS	ULTRARARE	CpG-CGI	1962	1962	1121.644	1239.874754	1960	1649.6820018441645	14157.590539422448	377	804	1089
mean_skew	[-1.0,-0.5)	pELS	ULTRARARE	CpG-nonCGI	12239	12239	21595.150999999998	44922.602557	12218	-7168.804000477774	48681.87101770372	547	2824	4441
mean_skew	[-1.0,-0.5)	pELS	ULTRARARE	non-CpG-ti	14182	14182	2439.121	568.651053	14165	12493.922993017128	85951.64449913618	2461	3809	6162
mean_skew	[-1.0,-0.5)	pELS	ULTRARARE	non-CpG-tv	13839	13839	1071.322	154.257984	13794	9008.469007719426	75423.09555550427	2104	4055	6321
mean_skew	[-1.0,-0.5)	pELS	ULTRARARE	unknown	45	0	0	0	45	-7.826999809592961	67.54879835447925	1	16	4
mean_skew	[-1.5,-1.0)	Other cCREs	COMMON	CpG-CGI	7	7	13.841	29.589071	7	-7.800999984145165	42.12222680669833	0	2	2
mean_skew	[-1.5,-1.0)	Other cCREs	COMMON	CpG-nonCGI	449	449	911.715	2093.120327	447	-419.1169996922836	1426.545650889914	4	28	54
mean_skew	[-1.5,-1.0)	Other cCREs	COMMON	non-CpG-ti	315	315	54.278999999999996	13.484399	312	-58.096999658737374	439.98916877616585	5	22	58
mean_skew	[-1.5,-1.0)	Other cCREs	COMMON	non-CpG-tv	260	260	17.731	2.068755	255	-104.22500118368777	465.04749551881736	3	24	42
mean_skew	[-1.5,-1.0)	Other cCREs	LOW_FREQ	CpG-CGI	8	8	18.204	47.327446	8	-2.2060000002384212	10.268607734362611	0	3	0
mean_skew	[-1.5,-1.0)	Other cCREs	LOW_FREQ	CpG-nonCGI	573	573	1336.202	3316.488788	567	-531.0090006906541	1678.1381258642919	3	25	61
mean_skew	[-1.5,-1.0)	Other cCREs	LOW_FREQ	non-CpG-ti	382	382	74.921	21.635033	380	20.904000690206978	446.38581014615147	14	11	74
mean_skew	[-1.5,-1.0)	Other cCREs	LOW_FREQ	non-CpG-tv	320	320	22.178	2.52332	314	-46.98800088721328	360.1386638006511	6	21	72
mean_skew	[-1.5,-1.0)	Other cCREs	LOW_FREQ	unknown	1	0	0	0	1	0	0	0	0	0
mean_skew	[-1.5,-1.0)	Other cCREs	RARE	CpG-CGI	24	24	50.842	121.091368	22	-18.149000041186806	106.1104447024801	2	6	2
mean_skew	[-1.5,-1.0)	Other cCREs	RARE	CpG-nonCGI	1765	1765	4100.988	10119.89195	1746	-1514.7379992750946	4837.557393526942	15	71	248
mean_skew	[-1.5,-1.0)	Other cCREs	RARE	non-CpG-ti	889	889	167.395	46.260205	880	-43.336999905528536	1147.2617893561714	23	32	141
mean_skew	[-1.5,-1.0)	Other cCREs	RARE	non-CpG-tv	785	785	54.245	6.500415	779	-105.84600102214593	1594.104921913137	21	30	132
mean_skew	[-1.5,-1.0)	Other cCREs	RARE	unknown	3	0	0	0	2	-3.85800004005432	7.44208215452957	0	0	0
mean_skew	[-1.5,-1.0)	Other cCREs	SINGLETON	CpG-CGI	58	58	89.002	168.298174	56	12.645999856293244	224.81359001919319	4	8	12
mean_skew	[-1.5,-1.0)	Other cCREs	SINGLETON	CpG-nonCGI	1594	1594	3265.217	7297.272263	1584	-1050.19200014323	3854.6050110792066	20	74	289
mean_skew	[-1.5,-1.0)	Other cCREs	SINGLETON	non-CpG-ti	8499	8499	1383.916	294.664218	8438	1294.2340067422488	13530.643479498605	311	337	1615
mean_skew	[-1.5,-1.0)	Other cCREs	SINGLETON	non-CpG-tv	8426	8426	524.695	52.891835	8348	-363.48899549152696	14294.199184171508	224	353	1502
mean_skew	[-1.5,-1.0)	Other cCREs	SINGLETON	unknown	6	0	0	0	6	-1.13700000941753	2.5184970014481576	0	1	1
mean_skew	[-1.5,-1.0)	Other cCREs	ULTRARARE	CpG-CGI	86	86	160.113	349.342759	79	-32.2839994356036	449.2435568824817	6	21	7
mean_skew	[-1.5,-1.0)	Other cCREs	ULTRARARE	CpG-nonCGI	6373	6373	14378.143	34635.669797	6335	-5407.741997264675	17484.61594584748	58	285	839
mean_skew	[-1.5,-1.0)	Other cCREs	ULTRARARE	non-CpG-ti	5778	5778	1051.432	264.217842	5730	655.1820016928252	11330.830944591276	219	222	1056
mean_skew	[-1.5,-1.0)	Other cCREs	ULTRARARE	non-CpG-tv	4928	4928	342.827	42.598333	4858	-448.82399805320887	8049.404245462967	118	213	891
mean_skew	[-1.5,-1.0)	Other cCREs	ULTRARARE	unknown	2	0	0	0	2	-0.954999983310699	0.48701298726749404	0	1	1
mean_skew	[-1.5,-1.0)	PLS	COMMON	CpG-CGI	11	11	5.859999999999999	7.53598	11	8.378999678418047	107.64423861041716	3	7	4
mean_skew	[-1.5,-1.0)	PLS	COMMON	CpG-nonCGI	30	30	61.896	146.466016	30	-31.082999274134604	328.4274597294902	3	12	15
mean_skew	[-1.5,-1.0)	PLS	COMMON	non-CpG-ti	41	41	8.337	2.819765	40	56.54600004106764	386.7454608350375	13	17	17
mean_skew	[-1.5,-1.0)	PLS	COMMON	non-CpG-tv	40	40	2.862	0.328506	40	17.538999896496527	176.1500606723921	7	22	21
mean_skew	[-1.5,-1.0)	PLS	LOW_FREQ	CpG-CGI	33	33	18.312	20.409716	33	77.5339998528362	565.8650228148995	14	12	25
mean_skew	[-1.5,-1.0)	PLS	LOW_FREQ	CpG-nonCGI	43	43	65.526	130.536606	42	-0.09900012984873494	325.1128372526396	6	16	29
mean_skew	[-1.5,-1.0)	PLS	LOW_FREQ	non-CpG-ti	76	76	11.418	2.135642	76	153.01599964872008	755.7743166141966	27	19	55
mean_skew	[-1.5,-1.0)	PLS	LOW_FREQ	non-CpG-tv	85	85	6.337	0.602253	85	170.01800090167677	1034.8307057328448	33	31	61
mean_skew	[-1.5,-1.0)	PLS	LOW_FREQ	unknown	1	0	0	0	1	1.93900001049042	3.75972104068184	0	0	0
mean_skew	[-1.5,-1.0)	PLS	RARE	CpG-CGI	93	93	54.677	71.478871	93	236.54799957014617	1305.6807462458144	46	45	63
mean_skew	[-1.5,-1.0)	PLS	RARE	CpG-nonCGI	119	119	197.426	413.610254	119	107.53699852433041	1104.383318388296	25	39	68
mean_skew	[-1.5,-1.0)	PLS	RARE	non-CpG-ti	188	188	30.931	6.499151	187	437.90600090823136	2970.5185178705738	79	89	119
mean_skew	[-1.5,-1.0)	PLS	RARE	non-CpG-tv	218	218	16.231	1.784491	218	487.4329985543154	2935.61556609204	82	95	137
mean_skew	[-1.5,-1.0)	PLS	SINGLETON	CpG-CGI	957	957	402.862	292.9094	957	3270.0380034213895	21889.862776225465	556	422	706
mean_skew	[-1.5,-1.0)	PLS	SINGLETON	CpG-nonCGI	382	382	446.61	752.722574	382	507.80000158958137	4544.032131024758	105	123	230
mean_skew	[-1.5,-1.0)	PLS	SINGLETON	non-CpG-ti	2389	2389	390.342	82.149052	2386	7945.9069861542675	51315.2003506138	1303	902	1627
mean_skew	[-1.5,-1.0)	PLS	SINGLETON	non-CpG-tv	3091	3091	220.996	23.912058000000002	3088	8925.845995146668	56989.371071541995	1515	1286	2155
mean_skew	[-1.5,-1.0)	PLS	SINGLETON	unknown	2	0	0	0	2	3.643000021576884	11.985445120327496	1	1	1
mean_skew	[-1.5,-1.0)	PLS	ULTRARARE	CpG-CGI	641	641	292.802	242.062678	641	2059.5090014934535	14201.585786127556	352	295	446
mean_skew	[-1.5,-1.0)	PLS	ULTRARARE	CpG-nonCGI	689	689	1087.482	2195.208748	689	664.0470016594046	6826.553654101884	156	208	419
mean_skew	[-1.5,-1.0)	PLS	ULTRARARE	non-CpG-ti	1623	1623	281.816	65.930462	1620	5039.733992914203	31986.35263025822	845	632	1100
mean_skew	[-1.5,-1.0)	PLS	ULTRARARE	non-CpG-tv	1735	1735	131.677	15.549571	1730	4529.730995266351	29930.74661209301	815	728	1168
mean_skew	[-1.5,-1.0)	PLS	ULTRARARE	unknown	1	0	0	0	1	-1.91999995708466	3.68639983520508	0	1	1
mean_skew	[-1.5,-1.0)	dELS	COMMON	CpG-CGI	18	18	26.995	54.196343	18	-19.369000295177088	197.39102462748951	2	7	8
mean_skew	[-1.5,-1.0)	dELS	COMMON	CpG-nonCGI	1193	1193	2386.715	5440.147433	1191	-1147.415000986308	4151.268424309398	11	140	402
mean_skew	[-1.5,-1.0)	dELS	COMMON	non-CpG-ti	826	826	131.821	29.972219	826	86.8090011510067	2322.2137491028498	58	94	333
mean_skew	[-1.5,-1.0)	dELS	COMMON	non-CpG-tv	692	692	42.693	4.384377	690	-158.6380026801489	1243.3190560954386	18	80	269
mean_skew	[-1.5,-1.0)	dELS	LOW_FREQ	CpG-CGI	16	16	26.51	54.386296	16	-10.633000023663048	33.53291307047262	1	5	7
mean_skew	[-1.5,-1.0)	dELS	LOW_FREQ	CpG-nonCGI	1768	1768	3946.719	9480.279115	1764	-1411.7759979719992	6294.403935495315	35	192	658
mean_skew	[-1.5,-1.0)	dELS	LOW_FREQ	non-CpG-ti	1091	1091	185.383	44.194353	1090	301.08600012736883	3065.716722590272	81	100	461
mean_skew	[-1.5,-1.0)	dELS	LOW_FREQ	non-CpG-tv	861	861	56.717	6.629873	857	28.572000502143194	2360.4682494147087	47	87	361
mean_skew	[-1.5,-1.0)	dELS	RARE	CpG-CGI	69	69	124.239	272.871763	69	-33.8879992440342	314.0039110695868	4	21	22
mean_skew	[-1.5,-1.0)	dELS	RARE	CpG-nonCGI	5143	5143	11441.835	27390.411895	5131	-4209.6370022501815	18780.048583888798	129	561	1927
mean_skew	[-1.5,-1.0)	dELS	RARE	non-CpG-ti	2626	2626	465.929	122.113367	2618	1139.4550001050814	8949.415602480562	260	232	1094
mean_skew	[-1.5,-1.0)	dELS	RARE	non-CpG-tv	2200	2200	143.471	16.683241	2191	379.91800158831757	6713.62061914098	160	233	939
mean_skew	[-1.5,-1.0)	dELS	RARE	unknown	3	0	0	0	3	-0.09399999678134902	0.05521199746179582	0	0	0
mean_skew	[-1.5,-1.0)	dELS	SINGLETON	CpG-CGI	287	287	258.40500000000003	402.178919	286	169.06599964573965	2074.7622008285084	52	65	152
mean_skew	[-1.5,-1.0)	dELS	SINGLETON	CpG-nonCGI	5128	5128	9924.506	21640.41928	5124	-3119.344995724617	18305.844750150198	197	560	2037
mean_skew	[-1.5,-1.0)	dELS	SINGLETON	non-CpG-ti	25904	25904	3978.76	794.341948	25844	15151.058993873185	110990.55650677497	3001	2517	11546
mean_skew	[-1.5,-1.0)	dELS	SINGLETON	non-CpG-tv	24351	24351	1440.176	138.22356	24289	6500.915004904965	85993.04912412867	2039	2491	10607
mean_skew	[-1.5,-1.0)	dELS	SINGLETON	unknown	10	0	0	0	10	2.2629998698830662	9.850724665412322	0	1	4
mean_skew	[-1.5,-1.0)	dELS	ULTRARARE	CpG-CGI	389	389	556.193	1095.296633	389	-18.510000577662122	2105.657634908568	39	88	155
mean_skew	[-1.5,-1.0)	dELS	ULTRARARE	CpG-nonCGI	19970	19970	42739.463	98998.299629	19932	-14454.175001620075	74146.39936125185	652	2185	7709
mean_skew	[-1.5,-1.0)	dELS	ULTRARARE	non-CpG-ti	17087	17087	2916.793	701.958971	17050	8481.438994923841	68136.62334554683	1755	1701	7451
mean_skew	[-1.5,-1.0)	dELS	ULTRARARE	non-CpG-tv	13913	13913	882.567	95.892279	13884	3249.3570027423566	47901.2898146753	1111	1420	6018
mean_skew	[-1.5,-1.0)	dELS	ULTRARARE	unknown	5	0	0	0	5	0.2080000191926955	0.14617600029611585	0	0	0
mean_skew	[-1.5,-1.0)	non-cCRE	COMMON	CpG-CGI	8	8	13.461	24.457493	7	-3.8750000298023286	6.334841096272706	0	2	0
mean_skew	[-1.5,-1.0)	non-cCRE	COMMON	CpG-nonCGI	2946	2946	6367.717	15240.216280999999	2923	-2755.945997458068	7689.133879014231	9	144	44
mean_skew	[-1.5,-1.0)	non-cCRE	COMMON	non-CpG-ti	1352	1352	238.898	59.033658	1334	-212.77100034558677	1321.6820182795152	10	63	33
mean_skew	[-1.5,-1.0)	non-cCRE	COMMON	non-CpG-tv	1155	1155	71.133	6.773513	1139	-393.67600017332	1559.6709023573037	6	70	19
mean_skew	[-1.5,-1.0)	non-cCRE	COMMON	unknown	2	0	0	0	2	0.153999999165535	0.0237159997429848	0	1	0
mean_skew	[-1.5,-1.0)	non-cCRE	LOW_FREQ	CpG-CGI	18	18	31.951	65.776801	18	-18.080999717116356	39.520489608716666	0	4	0
mean_skew	[-1.5,-1.0)	non-cCRE	LOW_FREQ	CpG-nonCGI	4013	4013	9664.223	24406.975075	3985	-3858.036995111266	11000.983949862126	8	164	62
mean_skew	[-1.5,-1.0)	non-cCRE	LOW_FREQ	non-CpG-ti	1625	1625	296.179	74.216941	1602	-49.90699995029714	1327.7960965767134	19	76	35
mean_skew	[-1.5,-1.0)	non-cCRE	LOW_FREQ	non-CpG-tv	1385	1385	83.336	8.564496	1360	-290.01399892056355	1694.8900138650265	13	56	33
mean_skew	[-1.5,-1.0)	non-cCRE	LOW_FREQ	unknown	3	0	0	0	2	0.192999996244907	0.112368995326519	0	0	0
mean_skew	[-1.5,-1.0)	non-cCRE	RARE	CpG-CGI	47	47	82.92699999999999	178.462223	45	-19.82199988141656	296.23647074112864	3	11	8
mean_skew	[-1.5,-1.0)	non-cCRE	RARE	CpG-nonCGI	11895	11895	28942.381	73826.367003	11793	-11035.78098281566	30756.56466894175	30	536	199
mean_skew	[-1.5,-1.0)	non-cCRE	RARE	non-CpG-ti	4032	4032	750.9639999999999	193.128104	3975	-34.581997351138924	3612.397988892244	47	195	77
mean_skew	[-1.5,-1.0)	non-cCRE	RARE	non-CpG-tv	3383	3383	213.735	23.989973	3328	-661.970996000804	4057.091740834299	40	152	89
mean_skew	[-1.5,-1.0)	non-cCRE	RARE	unknown	7	0	0	0	7	-5.989000156521793	19.875084453676504	0	1	0
mean_skew	[-1.5,-1.0)	non-cCRE	SINGLETON	CpG-CGI	170	170	144.201	214.713649	170	218.17300046142205	1950.4875452241538	45	65	78
mean_skew	[-1.5,-1.0)	non-cCRE	SINGLETON	CpG-nonCGI	8346	8346	17608.902000000002	40189.067532	8320	-6517.459988462856	19745.916684725493	43	480	212
mean_skew	[-1.5,-1.0)	non-cCRE	SINGLETON	non-CpG-ti	34609	34609	5840.961	1240.040207	34180	1319.2500148606482	30807.665956850786	486	1444	911
mean_skew	[-1.5,-1.0)	non-cCRE	SINGLETON	non-CpG-tv	35051	35051	2068.294	197.010616	34608	-4321.847978289822	41104.70259878357	413	1654	934
mean_skew	[-1.5,-1.0)	non-cCRE	SINGLETON	unknown	33	0	0	0	28	-5.922999963164336	12.38232085170831	0	1	0
mean_skew	[-1.5,-1.0)	non-cCRE	ULTRARARE	CpG-CGI	221	221	301.432	600.982772	218	141.1379997701152	1834.8771947599791	45	67	56
mean_skew	[-1.5,-1.0)	non-cCRE	ULTRARARE	CpG-nonCGI	38601	38601	89676.588	220073.670204	38466	-34994.292949034134	101904.91222308412	128	1845	723
mean_skew	[-1.5,-1.0)	non-cCRE	ULTRARARE	non-CpG-ti	24566	24566	4546.765	1124.783637	24233	-93.8639780322554	22567.613414492225	294	1074	614
mean_skew	[-1.5,-1.0)	non-cCRE	ULTRARARE	non-CpG-tv	20893	20893	1308.205	136.322219	20568	-3513.188992747688	24861.55259853521	205	948	555
mean_skew	[-1.5,-1.0)	non-cCRE	ULTRARARE	unknown	33	0	0	0	32	-10.035999972373247	26.86630412072458	0	4	0
mean_skew	[-1.5,-1.0)	pELS	COMMON	CpG-CGI	10	10	3.25	1.155576	10	7.722999759018419	92.7657465007245	3	5	7
mean_skew	[-1.5,-1.0)	pELS	COMMON	CpG-nonCGI	133	133	229.739	482.29220300000003	133	-157.70700038317585	531.7186182644517	0	36	42
mean_skew	[-1.5,-1.0)	pELS	COMMON	non-CpG-ti	135	135	22.457	6.020163	135	53.36300124775155	606.5505933491822	14	42	64
mean_skew	[-1.5,-1.0)	pELS	COMMON	non-CpG-tv	101	101	6.8020000000000005	0.684172	100	9.496000643819569	448.08184749108517	8	30	54
mean_skew	[-1.5,-1.0)	pELS	LOW_FREQ	CpG-CGI	12	12	8.503	10.218857	12	2.4790000282227957	63.99055487330297	2	5	6
mean_skew	[-1.5,-1.0)	pELS	LOW_FREQ	CpG-nonCGI	178	178	355.281	811.229529	176	-105.46499996073543	539.598227489492	7	46	64
mean_skew	[-1.5,-1.0)	pELS	LOW_FREQ	non-CpG-ti	158	158	27.951999999999998	6.435124	158	123.200999815017	892.4214283779235	24	34	81
mean_skew	[-1.5,-1.0)	pELS	LOW_FREQ	non-CpG-tv	128	128	8.693	0.8852949999999999	128	85.6460005063564	680.7828425150642	20	38	66
mean_skew	[-1.5,-1.0)	pELS	RARE	CpG-CGI	50	50	39.484	55.513978	50	42.3979988321662	449.4201248978562	13	25	32
mean_skew	[-1.5,-1.0)	pELS	RARE	CpG-nonCGI	567	567	1107.604	2431.540874	566	-388.41799824871134	2473.19609321866	29	122	194
mean_skew	[-1.5,-1.0)	pELS	RARE	non-CpG-ti	362	362	59.46	13.020394	361	344.3690039105713	2401.699346300314	66	110	190
mean_skew	[-1.5,-1.0)	pELS	RARE	non-CpG-tv	377	377	25.049	2.594323	376	294.5229996149429	2503.956961933358	70	107	191
mean_skew	[-1.5,-1.0)	pELS	RARE	unknown	1	0	0	0	1	-0.0500000007450581	0.00250000007450581	0	0	0
mean_skew	[-1.5,-1.0)	pELS	SINGLETON	CpG-CGI	466	466	222.999	181.019547	466	913.0899970135653	6783.916453941698	166	210	305
mean_skew	[-1.5,-1.0)	pELS	SINGLETON	CpG-nonCGI	1014	1014	1456.4569999999999	2759.409841	1014	-242.22499705699727	5024.433742806373	79	291	441
mean_skew	[-1.5,-1.0)	pELS	SINGLETON	non-CpG-ti	4240	4240	677.529	138.054033	4233	5507.303004159474	35713.87142533839	965	1188	2133
mean_skew	[-1.5,-1.0)	pELS	SINGLETON	non-CpG-tv	4402	4402	279.316	27.66522	4396	4424.090996695216	31381.16330894909	862	1250	2322
mean_skew	[-1.5,-1.0)	pELS	SINGLETON	unknown	6	0	0	0	6	-2.312000010162592	1.320538014995575	0	0	0
mean_skew	[-1.5,-1.0)	pELS	ULTRARARE	CpG-CGI	388	388	217.69	231.829406	388	653.5390008999966	5588.857371841386	121	166	226
mean_skew	[-1.5,-1.0)	pELS	ULTRARARE	CpG-nonCGI	2593	2593	4783.361	10299.512695	2592	-1362.4209985352354	10587.090289845186	142	568	1038
mean_skew	[-1.5,-1.0)	pELS	ULTRARARE	non-CpG-ti	2693	2693	474.179	115.32566299999999	2686	3285.162008034879	20810.573676281943	589	761	1367
mean_skew	[-1.5,-1.0)	pELS	ULTRARARE	non-CpG-tv	2478	2478	164.543	17.196111	2472	2253.5560003661085	17525.599949793985	493	698	1285
mean_skew	[-1.5,-1.0)	pELS	ULTRARARE	unknown	11	0	0	0	11	-5.337000127881764	10.358501514824242	0	1	1
mean_skew	[0.05,0.2)	Other cCREs	COMMON	CpG-CGI	108	108	182.638	364.997612	107	-74.4089998118579	358.2856087234448	4	17	5
mean_skew	[0.05,0.2)	Other cCREs	COMMON	CpG-nonCGI	5908	5908	11443.934	24783.570202	5819	-5044.82699754706	15849.890943890128	37	373	298
mean_skew	[0.05,0.2)	Other cCREs	COMMON	non-CpG-ti	57690	57690	9515.455	2340.066705	57428	-26208.424985456993	119705.74348031	872	2508	2674
mean_skew	[0.05,0.2)	Other cCREs	COMMON	non-CpG-tv	31216	31216	1966.105	334.323147	31018	-7469.025996356039	49164.27767276341	588	1301	1422
mean_skew	[0.05,0.2)	Other cCREs	COMMON	unknown	74	0	0	0	57	-22.027000024914734	45.91179951981698	0	6	5
mean_skew	[0.05,0.2)	Other cCREs	LOW_FREQ	CpG-CGI	192	192	358.197	753.876077	192	-155.7239994034171	713.6118580321769	4	31	6
mean_skew	[0.05,0.2)	Other cCREs	LOW_FREQ	CpG-nonCGI	7756	7756	16593.856	37803.119172	7590	-6340.440999498475	21193.04919191521	64	391	338
mean_skew	[0.05,0.2)	Other cCREs	LOW_FREQ	non-CpG-ti	59202	59202	10417.067	2720.238425	58888	-13184.184003051842	106881.64819155479	1315	1968	2664
mean_skew	[0.05,0.2)	Other cCREs	LOW_FREQ	non-CpG-tv	34632	34632	2286.001	369.802031	34344	-3303.2929988771207	52252.24339813887	815	1159	1547
mean_skew	[0.05,0.2)	Other cCREs	LOW_FREQ	unknown	167	0	0	0	95	-35.95699971914289	99.13943907926945	0	13	7
mean_skew	[0.05,0.2)	Other cCREs	RARE	CpG-CGI	547	547	998.352	2061.63166	543	-368.4549991963433	1919.6710020555606	16	83	17
mean_skew	[0.05,0.2)	Other cCREs	RARE	CpG-nonCGI	22167	22167	47424.799	107886.470459	21754	-18163.63097940479	60375.417133001785	153	1191	1036
mean_skew	[0.05,0.2)	Other cCREs	RARE	non-CpG-ti	140833	140833	25159.523	6691.976567	140054	-26822.173976907157	248304.5137465075	3217	4700	6200
mean_skew	[0.05,0.2)	Other cCREs	RARE	non-CpG-tv	85068	85068	5569.745	820.040921	84321	-6065.529978054343	125573.64242215473	2126	2882	3822
mean_skew	[0.05,0.2)	Other cCREs	RARE	unknown	412	0	0	0	231	-53.48999988287689	136.46930402513357	0	16	8
mean_skew	[0.05,0.2)	Other cCREs	SINGLETON	CpG-CGI	972	972	1311.712	2272.27999	967	-616.5290000519019	3350.9644559187286	36	167	69
mean_skew	[0.05,0.2)	Other cCREs	SINGLETON	CpG-nonCGI	20275	20275	37677.161	75620.560517	20105	-14872.48699439852	54061.21160483779	233	1020	1128
mean_skew	[0.05,0.2)	Other cCREs	SINGLETON	non-CpG-ti	1292422	1292422	204473.407	44553.598817	1287955	-112944.90888144283	2030005.3516117374	32880	39916	58375
mean_skew	[0.05,0.2)	Other cCREs	SINGLETON	non-CpG-tv	922733	922733	52765.654	4997.520726	917845	-2857.541963016018	1359893.6544168976	26221	30197	41959
mean_skew	[0.05,0.2)	Other cCREs	SINGLETON	unknown	1328	0	0	0	859	-151.36400053463873	491.9594011850637	2	79	20
mean_skew	[0.05,0.2)	Other cCREs	ULTRARARE	CpG-CGI	1898	1898	3181.686	6290.42294	1886	-1488.8410023644105	6976.838515357008	41	306	70
mean_skew	[0.05,0.2)	Other cCREs	ULTRARARE	CpG-nonCGI	78264	78264	158817.832	343137.124042	77401	-62362.80996638348	214552.41233727025	768	3938	4087
mean_skew	[0.05,0.2)	Other cCREs	ULTRARARE	non-CpG-ti	881333	881333	155789.874	39956.655494	877690	-146978.66389689184	1509339.273566839	20742	28086	39592
mean_skew	[0.05,0.2)	Other cCREs	ULTRARARE	non-CpG-tv	529050	529050	33189.928	3827.419514	525323	-16870.805959248213	797268.9014821748	14418	17645	24136
mean_skew	[0.05,0.2)	Other cCREs	ULTRARARE	unknown	1306	0	0	0	715	-178.30199915915733	607.1831546974817	0	54	27
mean_skew	[0.05,0.2)	PLS	COMMON	CpG-CGI	233	233	109.253	84.961417	233	-48.29300060961404	1017.0362370243483	20	103	128
mean_skew	[0.05,0.2)	PLS	COMMON	CpG-nonCGI	230	230	294.966	501.257786	230	-166.63599847769373	860.1663893199806	5	62	64
mean_skew	[0.05,0.2)	PLS	COMMON	non-CpG-ti	3121	3121	460.242	98.68382199999999	3116	-976.7890052782601	14791.431134810253	215	1169	1021
mean_skew	[0.05,0.2)	PLS	COMMON	non-CpG-tv	2257	2257	165.52	21.359324	2253	-500.8699991879983	7888.544261439803	153	936	859
mean_skew	[0.05,0.2)	PLS	COMMON	unknown	17	0	0	0	17	1.0619998350739546	131.59189062501966	3	3	5
mean_skew	[0.05,0.2)	PLS	LOW_FREQ	CpG-CGI	348	348	166.872	135.842254	348	-47.85599983343859	1639.4536573639632	32	145	199
mean_skew	[0.05,0.2)	PLS	LOW_FREQ	CpG-nonCGI	266	266	418.90500000000003	808.066247	265	-171.522001319332	1224.2369601948237	9	69	77
mean_skew	[0.05,0.2)	PLS	LOW_FREQ	non-CpG-ti	3414	3414	532.734	117.995758	3412	169.92100117716467	15901.791280608883	341	1157	1108
mean_skew	[0.05,0.2)	PLS	LOW_FREQ	non-CpG-tv	2844	2844	226.433	39.538230999999996	2842	189.73600087256648	13006.17393178154	276	1025	1083
mean_skew	[0.05,0.2)	PLS	LOW_FREQ	unknown	11	0	0	0	11	-13.604000151157381	77.59716695345318	0	3	5
mean_skew	[0.05,0.2)	PLS	RARE	CpG-CGI	996	996	505.02	462.47723	995	-62.40200168767481	5017.078477283735	110	445	603
mean_skew	[0.05,0.2)	PLS	RARE	CpG-nonCGI	840	840	1308.055	2504.515457	835	-511.89299992832815	3485.1659387150066	37	251	265
mean_skew	[0.05,0.2)	PLS	RARE	non-CpG-ti	8744	8744	1422.295	321.145795	8738	1318.2479986055985	49929.43721824109	1054	2946	2947
mean_skew	[0.05,0.2)	PLS	RARE	non-CpG-tv	7593	7593	630.9639999999999	106.605664	7580	823.3300016224385	38351.959470752154	836	2727	2989
mean_skew	[0.05,0.2)	PLS	RARE	unknown	274	0	0	0	274	-87.16800036584024	1001.3924622483904	21	172	9
mean_skew	[0.05,0.2)	PLS	SINGLETON	CpG-CGI	7806	7806	3583.162	2768.219296	7805	1822.1469932459308	43624.103922875824	1061	3165	4551
mean_skew	[0.05,0.2)	PLS	SINGLETON	CpG-nonCGI	2283	2283	2265.216	3442.045958	2281	-900.37599910819	11937.075784777844	177	730	919
mean_skew	[0.05,0.2)	PLS	SINGLETON	non-CpG-ti	81365	81365	11977.582	2289.758786	81322	30635.358011873544	409903.65755805286	10841	26865	27317
mean_skew	[0.05,0.2)	PLS	SINGLETON	non-CpG-tv	75993	75993	5296.316	620.109562	75929	28042.530991462987	397343.1659227698	10317	26723	28881
mean_skew	[0.05,0.2)	PLS	SINGLETON	unknown	125	0	0	0	124	1.0259999274275815	283.8088913827703	5	50	29
mean_skew	[0.05,0.2)	PLS	ULTRARARE	CpG-CGI	6550	6550	3211.544	2767.324914	6548	774.1159952180457	37529.02498101245	856	2691	3720
mean_skew	[0.05,0.2)	PLS	ULTRARARE	CpG-nonCGI	4040	4040	5783.178	10514.094286	4031	-2273.7859963759556	19364.54495739414	254	1133	1394
mean_skew	[0.05,0.2)	PLS	ULTRARARE	non-CpG-ti	56348	56348	8975.755	1958.253533	56306	15281.45998596726	303584.7395194414	7346	19066	19230
mean_skew	[0.05,0.2)	PLS	ULTRARARE	non-CpG-tv	47751	47751	3742.415	526.996259	47711	13078.467981986223	260787.21114669766	6156	17153	18808
mean_skew	[0.05,0.2)	PLS	ULTRARARE	unknown	514	0	0	0	514	-51.60200059600167	1501.2367952622926	23	238	23
mean_skew	[0.05,0.2)	dELS	COMMON	CpG-CGI	363	363	498.717	923.853861	363	-333.3809986086563	1280.2378310227498	9	68	78
mean_skew	[0.05,0.2)	dELS	COMMON	CpG-nonCGI	14521	14521	26142.771	53457.134955	14490	-14069.265007965028	51067.94823745763	147	1707	2312
mean_skew	[0.05,0.2)	dELS	COMMON	non-CpG-ti	148570	148570	24322.293	6123.007277	148346	-64859.76799056145	393268.38364514575	3922	14274	17958
mean_skew	[0.05,0.2)	dELS	COMMON	non-CpG-tv	76650	76650	4631.162	764.021836	76519	-12094.161012047665	155849.24601589347	2538	7340	9635
mean_skew	[0.05,0.2)	dELS	COMMON	unknown	114	0	0	0	106	-65.91799998655915	177.1332694722896	0	9	11
mean_skew	[0.05,0.2)	dELS	LOW_FREQ	CpG-CGI	523	523	804.583	1586.320529	521	-512.9010012607322	2066.1586881487374	8	122	93
mean_skew	[0.05,0.2)	dELS	LOW_FREQ	CpG-nonCGI	19322	19322	38214.957	81661.777503	19280	-17352.862993920684	71017.6009846215	305	1863	3273
mean_skew	[0.05,0.2)	dELS	LOW_FREQ	non-CpG-ti	153195	153195	26813.956000000002	7150.640242	152978	-30967.06501056637	376922.1044528089	5679	11322	17717
mean_skew	[0.05,0.2)	dELS	LOW_FREQ	non-CpG-tv	86395	86395	5490.104	864.636146	86223	522.6080047938746	183796.063586249	3829	6675	10829
mean_skew	[0.05,0.2)	dELS	LOW_FREQ	unknown	119	0	0	0	104	-50.22900025732816	190.92247922307052	2	8	12
mean_skew	[0.05,0.2)	dELS	RARE	CpG-CGI	1421	1421	2173.457	4252.791061	1417	-1155.9940004097298	5461.107047752286	53	322	309
mean_skew	[0.05,0.2)	dELS	RARE	CpG-nonCGI	57067	57067	113366.705	243180.308449	56925	-51766.15300522362	208707.08343554192	938	5547	9496
mean_skew	[0.05,0.2)	dELS	RARE	non-CpG-ti	374531	374531	66592.178	18180.40429	373980	-66872.71904658701	947452.9886785579	14937	28047	43128
mean_skew	[0.05,0.2)	dELS	RARE	non-CpG-tv	214974	214974	13346.355	1832.887625	214488	8582.208992422675	475665.9761729551	10301	16640	27173
mean_skew	[0.05,0.2)	dELS	RARE	unknown	292	0	0	0	249	-107.15899925678974	425.65129171794206	1	21	38
mean_skew	[0.05,0.2)	dELS	SINGLETON	CpG-CGI	4987	4987	4298.139	6111.182457	4975	-2193.9880062630405	19551.266712765533	292	1074	1737
mean_skew	[0.05,0.2)	dELS	SINGLETON	CpG-nonCGI	66726	66726	116533.427	224644.550803	66626	-51797.83497457905	235194.61058090162	1493	6970	11763
mean_skew	[0.05,0.2)	dELS	SINGLETON	non-CpG-ti	3515733	3515733	544448.926	117734.516956	3511814	-142247.68916863977	8212763.902534436	161694	263426	409908
mean_skew	[0.05,0.2)	dELS	SINGLETON	non-CpG-tv	2427242	2427242	132928.755	11869.947559	2423552	249049.541770288	5414886.295748816	127241	186824	293420
mean_skew	[0.05,0.2)	dELS	SINGLETON	unknown	1090	0	0	0	1030	-257.9610010142206	979.492274842755	4	109	126
mean_skew	[0.05,0.2)	dELS	ULTRARARE	CpG-CGI	6939	6939	9144.807	16669.391003	6930	-4994.526999571361	31134.07353376795	314	1576	1857
mean_skew	[0.05,0.2)	dELS	ULTRARARE	CpG-nonCGI	236463	236463	450331.794	927758.145658	236064	-203100.26697373993	854205.7805485424	4565	23160	39880
mean_skew	[0.05,0.2)	dELS	ULTRARARE	non-CpG-ti	2367878	2367878	413423.794	107340.723838	2364880	-324608.06417785527	5919875.795590739	101230	176954	272030
mean_skew	[0.05,0.2)	dELS	ULTRARARE	non-CpG-tv	1374616	1374616	82062.924	8867.64345	1372112	105686.10090325282	3074288.764182105	69712	106343	168914
mean_skew	[0.05,0.2)	dELS	ULTRARARE	unknown	950	0	0	0	857	-255.26000117231143	1096.3667058149736	3	63	115
mean_skew	[0.05,0.2)	non-cCRE	COMMON	CpG-CGI	266	266	351.309	659.131839	265	-230.4460009154865	1136.9356351566405	6	69	38
mean_skew	[0.05,0.2)	non-cCRE	COMMON	CpG-nonCGI	54943	54943	110037.429	244966.045603	54359	-49773.76195373305	143662.96945436863	165	2486	360
mean_skew	[0.05,0.2)	non-cCRE	COMMON	non-CpG-ti	627059	627059	103747.659	25481.265006999998	621004	-310779.5548946634	1197103.999327505	5080	21924	3435
mean_skew	[0.05,0.2)	non-cCRE	COMMON	non-CpG-tv	360782	360782	24798.819	5273.565241	356072	-108014.8239389877	489892.493244058	3430	11952	2056
mean_skew	[0.05,0.2)	non-cCRE	COMMON	unknown	975	0	0	0	622	-430.7689998801797	1261.0184145321286	1	45	27
mean_skew	[0.05,0.2)	non-cCRE	LOW_FREQ	CpG-CGI	446	446	606.422	1163.163582	443	-254.6580003043637	1103.6452545586899	11	120	78
mean_skew	[0.05,0.2)	non-cCRE	LOW_FREQ	CpG-nonCGI	71000	71000	157688.529	370316.983551	70070	-62728.75093888108	185742.2940040952	268	2595	487
mean_skew	[0.05,0.2)	non-cCRE	LOW_FREQ	non-CpG-ti	655444	655444	115257.087	29793.518967	647290	-160790.27588053167	924974.5515234837	7066	17462	3501
mean_skew	[0.05,0.2)	non-cCRE	LOW_FREQ	non-CpG-tv	410732	410732	29472.057	6126.140439	403639	-64729.75891341235	482463.9171030163	4826	10853	2396
mean_skew	[0.05,0.2)	non-cCRE	LOW_FREQ	unknown	1219	0	0	0	531	-221.38499969081022	632.9270034816875	0	41	33
mean_skew	[0.05,0.2)	non-cCRE	RARE	CpG-CGI	1308	1308	1831.92	3542.734368	1301	-661.0249964335235	3892.83362874878	46	333	214
mean_skew	[0.05,0.2)	non-cCRE	RARE	CpG-nonCGI	207861	207861	462788.944	1087570.925746	205068	-182617.3848253412	536765.0790117742	819	7733	1482
mean_skew	[0.05,0.2)	non-cCRE	RARE	non-CpG-ti	1575199	1575199	281748.123	74743.404469	1554774	-354819.4627762956	2193675.5416613664	17984	42717	8313
mean_skew	[0.05,0.2)	non-cCRE	RARE	non-CpG-tv	998848	998848	69809.35	12565.996652	980254	-132171.4597501743	1146102.9218524431	12471	26968	6048
mean_skew	[0.05,0.2)	non-cCRE	RARE	unknown	3200	0	0	0	1416	-546.4309990654001	1781.66860221774	3	129	87
mean_skew	[0.05,0.2)	non-cCRE	SINGLETON	CpG-CGI	5068	5068	3671.5679999999998	4784.539388	5060	-1187.6039990498691	15773.471497901424	292	1664	1592
mean_skew	[0.05,0.2)	non-cCRE	SINGLETON	CpG-nonCGI	170679	170679	329213.168	678898.920912	169707	-126457.22889878774	400074.9158123249	1183	7823	2095
mean_skew	[0.05,0.2)	non-cCRE	SINGLETON	non-CpG-ti	14110850	14110850	2242452.385999999	489843.26115	13980541	-1730767.539332401	16732637.591838678	185570	366567	78525
mean_skew	[0.05,0.2)	non-cCRE	SINGLETON	non-CpG-tv	10618934	10618934	627662.5970000001	62827.24660099998	10486473	-723644.3457731033	11360917.23238281	149501	277182	60803
mean_skew	[0.05,0.2)	non-cCRE	SINGLETON	unknown	9353	0	0	0	5804	-1021.1039967361141	4560.63143545612	16	378	192
mean_skew	[0.05,0.2)	non-cCRE	ULTRARARE	CpG-CGI	5902	5902	6600.016	11425.139198	5883	-2593.350000394044	20968.86316077372	287	1763	1324
mean_skew	[0.05,0.2)	non-cCRE	ULTRARARE	CpG-nonCGI	718809	718809	1515067.639	3370759.715629	713753	-596777.3525770302	1801510.4428401212	3632	28176	6169
mean_skew	[0.05,0.2)	non-cCRE	ULTRARARE	non-CpG-ti	9717959	9717959	1719664.222	440052.009098	9606108	-1872907.1945624747	12889407.949663775	116162	255407	53165
mean_skew	[0.05,0.2)	non-cCRE	ULTRARARE	non-CpG-tv	6187235	6187235	405314.015	50977.473509	6087533	-582802.7785912914	6772880.56476046	82709	162912	36217
mean_skew	[0.05,0.2)	non-cCRE	ULTRARARE	unknown	9684	0	0	0	4972	-1365.125997092924	5414.7033729935365	18	466	228
mean_skew	[0.05,0.2)	pELS	COMMON	CpG-CGI	310	310	196.929	234.934587	310	-137.8699997795047	1189.5444064024455	17	139	138
mean_skew	[0.05,0.2)	pELS	COMMON	CpG-nonCGI	1723	1723	2722.849	5196.343473	1720	-1622.017000431196	5520.064816977631	19	405	305
mean_skew	[0.05,0.2)	pELS	COMMON	non-CpG-ti	20191	20191	3125.501	726.747701	20162	-7586.77500855783	56318.44022991383	623	5175	3078
mean_skew	[0.05,0.2)	pELS	COMMON	non-CpG-tv	11735	11735	754.697	122.593103	11705	-2011.988998803776	27404.40593566835	426	3185	2067
mean_skew	[0.05,0.2)	pELS	COMMON	unknown	27	0	0	0	23	-14.581000052392472	59.72676129800824	0	4	3
mean_skew	[0.05,0.2)	pELS	LOW_FREQ	CpG-CGI	444	444	287.734	363.951444	444	-141.33699861634526	1686.834136111186	34	172	201
mean_skew	[0.05,0.2)	pELS	LOW_FREQ	CpG-nonCGI	2390	2390	4077.816	8056.812822	2384	-1965.9800006831074	8011.406185874782	34	530	423
mean_skew	[0.05,0.2)	pELS	LOW_FREQ	non-CpG-ti	21710	21710	3600.95	885.278232	21678	-3104.6609947581296	59825.348384962	973	4857	3322
mean_skew	[0.05,0.2)	pELS	LOW_FREQ	non-CpG-tv	13867	13867	941.36	153.830198	13834	158.07199768221517	33210.73464033488	699	3183	2523
mean_skew	[0.05,0.2)	pELS	LOW_FREQ	unknown	35	0	0	0	21	-15.248000137507917	95.1088948925334	0	9	3
mean_skew	[0.05,0.2)	pELS	RARE	CpG-CGI	1257	1257	762.165	854.823691	1254	-212.00999985833184	4728.197809373503	86	463	534
mean_skew	[0.05,0.2)	pELS	RARE	CpG-nonCGI	6830	6830	12003.982	24127.205672	6818	-6084.0189993924005	24833.869696691832	117	1466	1165
mean_skew	[0.05,0.2)	pELS	RARE	non-CpG-ti	54029	54029	9143.507	2313.318851	53962	-5077.537018916455	154802.79377255042	2785	12215	8338
mean_skew	[0.05,0.2)	pELS	RARE	non-CpG-tv	35002	35002	2370.8	368.123736	34931	1987.6870057779595	90373.10588814276	1922	8358	6419
mean_skew	[0.05,0.2)	pELS	RARE	unknown	154	0	0	0	133	-79.13000044506043	280.3403693529621	1	82	24
mean_skew	[0.05,0.2)	pELS	SINGLETON	CpG-CGI	9772	9772	4533.211	3449.718163	9770	770.7610056209382	37597.275021756366	943	3825	4694
mean_skew	[0.05,0.2)	pELS	SINGLETON	CpG-nonCGI	13707	13707	17526.940000000002	29445.128964	13697	-8234.557995294337	43793.65204407658	409	3508	2864
mean_skew	[0.05,0.2)	pELS	SINGLETON	non-CpG-ti	509416	509416	76649.268	15699.960062	509048	23279.6309635616	1316250.324326993	29810	113753	79283
mean_skew	[0.05,0.2)	pELS	SINGLETON	non-CpG-tv	388186	388186	22861.839	2256.555841	387834	61769.28807029221	993573.007912388	25109	92638	67702
mean_skew	[0.05,0.2)	pELS	SINGLETON	unknown	436	0	0	0	420	-119.84000024164563	632.4564609708038	4	132	49
mean_skew	[0.05,0.2)	pELS	ULTRARARE	CpG-CGI	7983	7983	4481.175	4616.705643	7974	-361.7280037705787	30433.580189306438	691	3085	3618
mean_skew	[0.05,0.2)	pELS	ULTRARARE	CpG-nonCGI	31137	31137	51245.029	98573.581729	31097	-24761.322996055133	107955.23510083558	678	6868	5735
mean_skew	[0.05,0.2)	pELS	ULTRARARE	non-CpG-ti	344029	344029	57435.953	13893.089635	343731	-12240.893014157202	958993.8272053917	19055	76975	53138
mean_skew	[0.05,0.2)	pELS	ULTRARARE	non-CpG-tv	225564	225564	14594.181	1733.525851	225218	27172.864992494237	597460.1000707939	14139	54538	40696
mean_skew	[0.05,0.2)	pELS	ULTRARARE	unknown	809	0	0	0	785	-362.5710010781187	1625.1166442902233	8	366	69
mean_skew	[0.2,0.5)	Other cCREs	COMMON	CpG-CGI	39	39	73.392	159.700584	39	-13.541000217199336	198.84586444190435	2	6	0
mean_skew	[0.2,0.5)	Other cCREs	COMMON	CpG-nonCGI	1612	1612	3248.688	7293.18246	1567	-1434.123000788269	4431.402690076652	14	95	99
mean_skew	[0.2,0.5)	Other cCREs	COMMON	non-CpG-ti	9479	9479	1415.285	297.634997	9433	-5168.054999649873	21600.103478707897	143	486	587
mean_skew	[0.2,0.5)	Other cCREs	COMMON	non-CpG-tv	5402	5402	324.889	37.900451	5359	-1485.121000273386	8641.840364958156	97	247	356
mean_skew	[0.2,0.5)	Other cCREs	COMMON	unknown	24	0	0	0	16	-9.720000073313697	20.752436327402247	0	0	1
mean_skew	[0.2,0.5)	Other cCREs	LOW_FREQ	CpG-CGI	53	53	100.173	224.005887	51	-41.417000187560916	169.2630217552801	1	6	1
mean_skew	[0.2,0.5)	Other cCREs	LOW_FREQ	CpG-nonCGI	1990	1990	4377.063	10230.480695	1922	-1674.226999640931	5271.265450169467	10	134	116
mean_skew	[0.2,0.5)	Other cCREs	LOW_FREQ	non-CpG-ti	8876	8876	1452.867	336.380515	8832	-2228.6579984558057	14643.605715089867	163	338	490
mean_skew	[0.2,0.5)	Other cCREs	LOW_FREQ	non-CpG-tv	5968	5968	422.325	63.256655	5899	-725.7010029017692	8437.717946861518	111	270	376
mean_skew	[0.2,0.5)	Other cCREs	LOW_FREQ	unknown	46	0	0	0	28	-8.5530000925064	20.000771366564283	0	2	0
mean_skew	[0.2,0.5)	Other cCREs	RARE	CpG-CGI	188	188	361.12399999999997	786.194082	188	-175.01500078849506	568.7420239094412	1	27	8
mean_skew	[0.2,0.5)	Other cCREs	RARE	CpG-nonCGI	5849	5849	12795.803	29755.428415	5686	-5048.236999243033	15999.29619898782	29	357	308
mean_skew	[0.2,0.5)	Other cCREs	RARE	non-CpG-ti	21164	21164	3472.753	798.752901	21011	-4288.341999991679	33367.65108020235	374	791	1171
mean_skew	[0.2,0.5)	Other cCREs	RARE	non-CpG-tv	14091	14091	920.671	118.095273	13940	-1463.5739916200982	20012.86636963641	305	600	777
mean_skew	[0.2,0.5)	Other cCREs	RARE	unknown	81	0	0	0	57	-22.30599966645242	58.86087759918991	0	6	3
mean_skew	[0.2,0.5)	Other cCREs	SINGLETON	CpG-CGI	305	305	409.73900000000003	726.566169	303	-200.77599927969285	1105.059558770894	7	61	15
mean_skew	[0.2,0.5)	Other cCREs	SINGLETON	CpG-nonCGI	4761	4761	9042.018	18596.036896	4715	-3645.166000377738	12072.817484355539	47	246	308
mean_skew	[0.2,0.5)	Other cCREs	SINGLETON	non-CpG-ti	194514	194514	29503.507	5950.624855	193692	-22091.1729621021	285762.4250149552	4089	6774	11472
mean_skew	[0.2,0.5)	Other cCREs	SINGLETON	non-CpG-tv	152684	152684	8821.265	835.3229690000001	151634	-5668.540978530655	219547.96200011866	3775	5960	8530
mean_skew	[0.2,0.5)	Other cCREs	SINGLETON	unknown	241	0	0	0	174	-28.912000216543678	94.03413544318417	0	15	7
mean_skew	[0.2,0.5)	Other cCREs	ULTRARARE	CpG-CGI	630	630	1078.5	2174.684128	621	-452.51200088555913	2571.1095253669496	15	119	28
mean_skew	[0.2,0.5)	Other cCREs	ULTRARARE	CpG-nonCGI	19095	19095	39748.758	88052.600962	18832	-15877.59799487319	54206.989658454164	152	1019	1153
mean_skew	[0.2,0.5)	Other cCREs	ULTRARARE	non-CpG-ti	131145	131145	21614.519	4908.264513	130474	-22298.60298156821	205742.34226791543	2634	4749	7578
mean_skew	[0.2,0.5)	Other cCREs	ULTRARARE	non-CpG-tv	89129	89129	5630.675	632.6335770000001	88309	-5699.351981315414	129658.22680260587	2068	3608	4923
mean_skew	[0.2,0.5)	Other cCREs	ULTRARARE	unknown	217	0	0	0	148	-31.497000247240067	96.31083139091761	0	18	4
mean_skew	[0.2,0.5)	PLS	COMMON	CpG-CGI	66	66	33.007	26.632255	66	-23.2330003529787	333.46821237627324	7	30	38
mean_skew	[0.2,0.5)	PLS	COMMON	CpG-nonCGI	61	61	87.766	167.708322	61	-58.93500062264504	304.24911645638383	2	18	20
mean_skew	[0.2,0.5)	PLS	COMMON	non-CpG-ti	778	778	105.06	19.013048	777	-195.773000549758	3180.4333210131576	50	318	271
mean_skew	[0.2,0.5)	PLS	COMMON	non-CpG-tv	701	701	51.635	7.398729	699	-25.53099737409505	2681.9334024499544	53	306	293
mean_skew	[0.2,0.5)	PLS	COMMON	unknown	4	0	0	0	4	-1.48100018501282	20.5172003039131	0	0	0
mean_skew	[0.2,0.5)	PLS	LOW_FREQ	CpG-CGI	117	117	66.201	73.621825	117	-8.432001420413084	603.2737605592116	13	44	64
mean_skew	[0.2,0.5)	PLS	LOW_FREQ	CpG-nonCGI	88	88	141.364	271.338976	88	-68.63800026476386	541.680676098766	4	29	21
mean_skew	[0.2,0.5)	PLS	LOW_FREQ	non-CpG-ti	885	885	133.048	26.120342	885	254.4739984561455	5051.772050391572	127	311	307
mean_skew	[0.2,0.5)	PLS	LOW_FREQ	non-CpG-tv	878	878	72.905	12.153173	876	96.73700244200873	4358.5472570218	102	340	369
mean_skew	[0.2,0.5)	PLS	LOW_FREQ	unknown	3	0	0	0	3	-7.6730000972747785	29.953965990695977	0	1	1
mean_skew	[0.2,0.5)	PLS	RARE	CpG-CGI	352	352	185.763	188.921007	352	132.4869990235891	2189.1158867281915	50	161	219
mean_skew	[0.2,0.5)	PLS	RARE	CpG-nonCGI	240	240	381.89	763.4943920000001	240	-99.78700072690847	1202.0453835346289	20	68	85
mean_skew	[0.2,0.5)	PLS	RARE	non-CpG-ti	2327	2327	358.354	70.115844	2324	770.8670023600574	16014.24230434406	349	826	902
mean_skew	[0.2,0.5)	PLS	RARE	non-CpG-tv	2293	2293	200.684	33.681318	2291	994.2839946008759	13058.223258452555	331	850	1008
mean_skew	[0.2,0.5)	PLS	RARE	unknown	25	0	0	0	25	-4.332999796606591	66.13862166551071	1	15	2
mean_skew	[0.2,0.5)	PLS	SINGLETON	CpG-CGI	2516	2516	1099.543	815.710317	2513	1549.6930035405096	16158.272660933766	476	1020	1499
mean_skew	[0.2,0.5)	PLS	SINGLETON	CpG-nonCGI	664	664	653.497	1002.9766490000001	664	-82.49300153600059	3376.3825160476417	66	201	278
mean_skew	[0.2,0.5)	PLS	SINGLETON	non-CpG-ti	21312	21312	3117.713	570.683495	21302	14612.828000323028	136517.96048831547	3844	7496	8283
mean_skew	[0.2,0.5)	PLS	SINGLETON	non-CpG-tv	23589	23589	1706.815	207.598485	23575	14237.156998862278	143913.91601035983	4070	8664	10040
mean_skew	[0.2,0.5)	PLS	SINGLETON	unknown	26	0	0	0	26	6.06600029394031	81.73059478174987	1	9	7
mean_skew	[0.2,0.5)	PLS	ULTRARARE	CpG-CGI	2152	2152	1068.625	950.175513	2151	901.0390004832302	13342.744058279111	356	902	1255
mean_skew	[0.2,0.5)	PLS	ULTRARARE	CpG-nonCGI	1211	1211	1708.681	3158.309867	1209	-536.1849991441705	5793.997852273133	83	369	462
mean_skew	[0.2,0.5)	PLS	ULTRARARE	non-CpG-ti	14975	14975	2327.918	460.893918	14970	9015.328992857136	95608.77304570015	2622	5279	6020
mean_skew	[0.2,0.5)	PLS	ULTRARARE	non-CpG-tv	14779	14779	1202.231	174.32571099999998	14763	7809.377982213861	91522.0129731811	2450	5405	6339
mean_skew	[0.2,0.5)	PLS	ULTRARARE	unknown	84	0	0	0	84	-14.781000358518215	248.6900859987579	2	44	7
mean_skew	[0.2,0.5)	dELS	COMMON	CpG-CGI	109	109	145.342	270.980368	109	-109.60899953823528	402.4103035526967	3	26	24
mean_skew	[0.2,0.5)	dELS	COMMON	CpG-nonCGI	3875	3875	7106.601	14791.327685	3865	-4003.6259939413285	14469.881748885808	35	459	772
mean_skew	[0.2,0.5)	dELS	COMMON	non-CpG-ti	25814	25814	3836.239	822.215689	25769	-12836.632994150748	69113.63937352451	633	2904	4277
mean_skew	[0.2,0.5)	dELS	COMMON	non-CpG-tv	14574	14574	876.848	106.862866	14549	-3013.3339910547943	31329.943689139443	462	1603	2561
mean_skew	[0.2,0.5)	dELS	COMMON	unknown	14	0	0	0	14	-9.906000241637228	24.608261314740208	0	1	2
mean_skew	[0.2,0.5)	dELS	LOW_FREQ	CpG-CGI	151	151	239.652	485.776776	151	-94.23299941420547	690.5976624726054	7	30	27
mean_skew	[0.2,0.5)	dELS	LOW_FREQ	CpG-nonCGI	5120	5120	10411.387	22877.409493	5107	-4918.8369983100565	18863.278539639614	69	531	961
mean_skew	[0.2,0.5)	dELS	LOW_FREQ	non-CpG-ti	24893	24893	3988.396	903.844998	24854	-4336.343993825605	59542.14374908658	981	2111	3871
mean_skew	[0.2,0.5)	dELS	LOW_FREQ	non-CpG-tv	16142	16142	1064.986	152.297812	16100	-661.2400131394385	35431.23746927419	664	1491	2533
mean_skew	[0.2,0.5)	dELS	LOW_FREQ	unknown	18	0	0	0	14	-4.676999829709531	11.924638437031279	0	1	2
mean_skew	[0.2,0.5)	dELS	RARE	CpG-CGI	460	460	707.781	1423.691963	460	-313.4299990923611	1459.2779104720537	13	103	88
mean_skew	[0.2,0.5)	dELS	RARE	CpG-nonCGI	14950	14950	30408.915	66883.108611	14902	-13976.129013608324	57667.08564159576	249	1512	2969
mean_skew	[0.2,0.5)	dELS	RARE	non-CpG-ti	61161	61161	10023.309	2365.968445	61077	-9054.506999362959	149666.43215536312	2494	5219	9374
mean_skew	[0.2,0.5)	dELS	RARE	non-CpG-tv	40146	40146	2550.987	319.708329	40054	1132.388006887515	92254.09762118889	1907	3632	6496
mean_skew	[0.2,0.5)	dELS	RARE	unknown	61	0	0	0	57	-14.163000151515	35.85545391047912	0	8	10
mean_skew	[0.2,0.5)	dELS	SINGLETON	CpG-CGI	1504	1504	1263.779	1808.756415	1503	-317.77799673099076	6814.4706924925995	122	332	575
mean_skew	[0.2,0.5)	dELS	SINGLETON	CpG-nonCGI	16028	16028	28419.981	56166.314839	16001	-13070.521999880666	59143.25506124522	385	1740	3404
mean_skew	[0.2,0.5)	dELS	SINGLETON	non-CpG-ti	584365	584365	86599.929	17124.583728999998	583590	-18000.554005101905	1353254.8053917652	27194	49165	90595
mean_skew	[0.2,0.5)	dELS	SINGLETON	non-CpG-tv	450653	450653	25055.525	2261.910121	449902	40486.5899726186	1039788.4404768693	24091	39499	71104
mean_skew	[0.2,0.5)	dELS	SINGLETON	unknown	278	0	0	0	254	-59.7529998623068	261.5917348926943	1	18	24
mean_skew	[0.2,0.5)	dELS	ULTRARARE	CpG-CGI	2157	2157	2898.629	5386.530091	2155	-1127.5719943041913	8665.649873050994	114	474	594
mean_skew	[0.2,0.5)	dELS	ULTRARARE	CpG-nonCGI	59951	59951	116746.293	246591.133507	59818	-53429.803990695524	226219.37613448655	1195	6217	12327
mean_skew	[0.2,0.5)	dELS	ULTRARARE	non-CpG-ti	386741	386741	62829.512	14288.476006	386181	-39034.39599229513	938187.2463186367	17122	33070	59443
mean_skew	[0.2,0.5)	dELS	ULTRARARE	non-CpG-tv	256310	256310	15551.798999999999	1678.4735329999999	255780	16367.309994996178	591667.7288534986	13403	22889	41323
mean_skew	[0.2,0.5)	dELS	ULTRARARE	unknown	220	0	0	0	202	-61.539000194519794	177.71551119434443	0	17	33
mean_skew	[0.2,0.5)	non-cCRE	COMMON	CpG-CGI	90	90	120.046	230.94117400000002	88	-70.2800006624311	310.82562275097746	2	27	17
mean_skew	[0.2,0.5)	non-cCRE	COMMON	CpG-nonCGI	10658	10658	21782.281	49094.129199	10545	-10133.618995542056	29750.80250595419	32	593	99
mean_skew	[0.2,0.5)	non-cCRE	COMMON	non-CpG-ti	75283	75283	11045.216	2321.127376	74701	-46689.98896823243	165654.58972325458	525	3329	683
mean_skew	[0.2,0.5)	non-cCRE	COMMON	non-CpG-tv	43145	43145	2830.194	391.15891799999997	42667	-13656.11399889749	59740.0980967117	381	1849	449
mean_skew	[0.2,0.5)	non-cCRE	COMMON	unknown	134	0	0	0	90	-67.26599961798635	166.514833927009	0	6	3
mean_skew	[0.2,0.5)	non-cCRE	LOW_FREQ	CpG-CGI	131	131	178.989	356.462757	129	-73.78899954422373	424.5231757096826	2	41	21
mean_skew	[0.2,0.5)	non-cCRE	LOW_FREQ	CpG-nonCGI	13820	13820	30969.355	73190.914917	13641	-12866.59099297633	38128.113774080724	51	638	141
mean_skew	[0.2,0.5)	non-cCRE	LOW_FREQ	non-CpG-ti	74034	74034	11768.492	2634.79836	73256	-19770.725983005275	103793.05725842407	692	2587	626
mean_skew	[0.2,0.5)	non-cCRE	LOW_FREQ	non-CpG-tv	51677	51677	4213.56	799.437222	50928	-8467.037977949483	60129.626979879606	588	1759	495
mean_skew	[0.2,0.5)	non-cCRE	LOW_FREQ	unknown	233	0	0	0	117	-40.684999544173465	153.4462143837217	0	6	8
mean_skew	[0.2,0.5)	non-cCRE	RARE	CpG-CGI	376	376	527.628	1032.035212	370	-186.71800231968527	1259.6026792776845	14	110	58
mean_skew	[0.2,0.5)	non-cCRE	RARE	CpG-nonCGI	40625	40625	91360.98	216279.604132	40072	-37992.732971693855	113369.26142783686	144	1807	388
mean_skew	[0.2,0.5)	non-cCRE	RARE	non-CpG-ti	176207	176207	28460.105	6518.261791	174381	-40612.50997681566	238564.7642862881	1872	6103	1600
mean_skew	[0.2,0.5)	non-cCRE	RARE	non-CpG-tv	123633	123633	8740.405999999999	1298.818706	121649	-16903.306968811437	146677.22186119718	1603	4486	1298
mean_skew	[0.2,0.5)	non-cCRE	RARE	unknown	534	0	0	0	264	-88.17999967746437	230.25655201754884	0	15	17
mean_skew	[0.2,0.5)	non-cCRE	SINGLETON	CpG-CGI	1432	1432	998.418	1279.695078	1430	93.01900107180718	5377.1527790859645	137	492	506
mean_skew	[0.2,0.5)	non-cCRE	SINGLETON	CpG-nonCGI	30825	30825	60756.232	128490.81741	30621	-24704.276968642258	77048.93362905065	207	1634	517
mean_skew	[0.2,0.5)	non-cCRE	SINGLETON	non-CpG-ti	1573817	1573817	234838.542	46856.81783	1561673	-207406.2727214695	1874992.807566672	19409	51870	14604
mean_skew	[0.2,0.5)	non-cCRE	SINGLETON	non-CpG-tv	1283932	1283932	74698.296	7246.316836	1270071	-88930.08265482694	1420514.557898758	18614	44545	12939
mean_skew	[0.2,0.5)	non-cCRE	SINGLETON	unknown	1543	0	0	0	1040	-247.86100067384552	829.7662153932737	0	73	40
mean_skew	[0.2,0.5)	non-cCRE	ULTRARARE	CpG-CGI	1736	1736	2009.726	3675.432604	1730	-349.7310013987589	6327.3053012031205	126	517	435
mean_skew	[0.2,0.5)	non-cCRE	ULTRARARE	CpG-nonCGI	134480	134480	289177.492	655458.696422	133503	-120902.86691166685	368268.901330699	623	6070	1539
mean_skew	[0.2,0.5)	non-cCRE	ULTRARARE	non-CpG-ti	1077577	1077577	174619.373	39372.714343	1067250	-202712.69479287567	1391891.3136995148	12309	36153	9800
mean_skew	[0.2,0.5)	non-cCRE	ULTRARARE	non-CpG-tv	752185	752185	48220.845	5601.6492450000005	741875	-74627.17379036408	851519.8339780524	10247	26690	7904
mean_skew	[0.2,0.5)	non-cCRE	ULTRARARE	unknown	1710	0	0	0	943	-239.7829998200759	1283.469866378339	8	83	55
mean_skew	[0.2,0.5)	pELS	COMMON	CpG-CGI	98	98	67.509	86.306819	98	-23.5109998472035	236.09913497942858	6	47	54
mean_skew	[0.2,0.5)	pELS	COMMON	CpG-nonCGI	424	424	677.662	1323.778222	423	-428.95599945355224	1712.726313776445	4	104	96
mean_skew	[0.2,0.5)	pELS	COMMON	non-CpG-ti	3897	3897	564.879	115.427697	3890	-1220.0240002587664	11848.646953702839	159	1172	825
mean_skew	[0.2,0.5)	pELS	COMMON	non-CpG-tv	2424	2424	160.699	20.543831	2419	-342.784999435302	5674.142416728558	108	749	593
mean_skew	[0.2,0.5)	pELS	COMMON	unknown	8	0	0	0	8	-0.055000007152556984	1.03244895729518	0	0	0
mean_skew	[0.2,0.5)	pELS	LOW_FREQ	CpG-CGI	159	159	98.171	123.143497	159	21.528000541031354	405.6726444086633	14	48	61
mean_skew	[0.2,0.5)	pELS	LOW_FREQ	CpG-nonCGI	600	600	1074.009	2216.109057	598	-538.8029991660733	2224.8888506956773	10	120	117
mean_skew	[0.2,0.5)	pELS	LOW_FREQ	non-CpG-ti	3994	3994	613.068	129.059604	3986	-22.811003549955846	10565.8415953615	227	969	841
mean_skew	[0.2,0.5)	pELS	LOW_FREQ	non-CpG-tv	2906	2906	211.104	31.886784	2893	373.6899999894667	8136.243403581836	204	747	624
mean_skew	[0.2,0.5)	pELS	LOW_FREQ	unknown	11	0	0	0	10	-8.24800042062998	37.69806361398344	0	5	1
mean_skew	[0.2,0.5)	pELS	RARE	CpG-CGI	394	394	253.556	310.819634	394	109.82699973392293	2084.1660900942256	53	151	174
mean_skew	[0.2,0.5)	pELS	RARE	CpG-nonCGI	1758	1758	3161.455	6518.669235	1753	-1568.13000001025	6253.592309688153	28	379	380
mean_skew	[0.2,0.5)	pELS	RARE	non-CpG-ti	9784	9784	1547.303	338.894899	9768	400.76100144861283	31704.52336744903	666	2406	2122
mean_skew	[0.2,0.5)	pELS	RARE	non-CpG-tv	7650	7650	570.652	88.316372	7628	844.8160005192041	23814.024597967127	558	2106	1910
mean_skew	[0.2,0.5)	pELS	RARE	unknown	33	0	0	0	27	-6.549999903887512	36.16255117075253	0	12	3
mean_skew	[0.2,0.5)	pELS	SINGLETON	CpG-CGI	3076	3076	1420.388	1126.2380640000001	3075	1121.4760018695374	14026.637300212646	393	1178	1547
mean_skew	[0.2,0.5)	pELS	SINGLETON	CpG-nonCGI	3542	3542	4473.018	7632.926424	3538	-1929.682997365133	11326.377241835822	124	960	909
mean_skew	[0.2,0.5)	pELS	SINGLETON	non-CpG-ti	94196	94196	13770.457	2617.624057	94115	15729.08401114377	285748.4525850268	7182	23203	19842
mean_skew	[0.2,0.5)	pELS	SINGLETON	non-CpG-tv	83434	83434	5266.934	570.64043	83339	21529.25301538874	261064.0355496544	6998	22320	19752
mean_skew	[0.2,0.5)	pELS	SINGLETON	unknown	96	0	0	0	94	-31.439000401878705	150.1083277685704	0	30	13
mean_skew	[0.2,0.5)	pELS	ULTRARARE	CpG-CGI	2605	2605	1450.727	1525.005351	2604	344.0259965180884	11042.986934758761	294	1018	1228
mean_skew	[0.2,0.5)	pELS	ULTRARARE	CpG-nonCGI	8081	8081	13313.427	25978.153545	8061	-6249.623004977476	28962.25035181483	201	1883	1840
mean_skew	[0.2,0.5)	pELS	ULTRARARE	non-CpG-ti	62513	62513	9834.478	2077.72298	62437	7795.417017923665	197246.7601359628	4748	15770	13281
mean_skew	[0.2,0.5)	pELS	ULTRARARE	non-CpG-tv	49491	49491	3475.255	446.080001	49426	11041.407003588853	157851.84921833847	4060	13354	11917
mean_skew	[0.2,0.5)	pELS	ULTRARARE	unknown	164	0	0	0	155	-36.75400012359028	339.99355817203343	3	55	25
mean_skew	[0.5,1.0)	Other cCREs	COMMON	CpG-CGI	16	16	28.247	57.191167	14	-4.308999650180327	90.16601977606992	1	3	1
mean_skew	[0.5,1.0)	Other cCREs	COMMON	CpG-nonCGI	398	398	815.854	1851.93717	388	-391.9370000595229	1161.833327691461	1	29	35
mean_skew	[0.5,1.0)	Other cCREs	COMMON	non-CpG-ti	2131	2131	298.55	56.862984	2119	-1438.7589984816732	5562.061329955212	21	116	177
mean_skew	[0.5,1.0)	Other cCREs	COMMON	non-CpG-tv	1149	1149	73.20100000000001	9.303133	1139	-395.77100094256446	1915.7320188476315	13	54	110
mean_skew	[0.5,1.0)	Other cCREs	COMMON	unknown	3	0	0	0	2	0	0	0	0	0
mean_skew	[0.5,1.0)	Other cCREs	LOW_FREQ	CpG-CGI	15	15	27.131999999999998	53.762832	15	-7.5779999177902955	30.297577394986305	1	2	0
mean_skew	[0.5,1.0)	Other cCREs	LOW_FREQ	CpG-nonCGI	519	519	1185.558	2855.938998	509	-479.9729983811269	1394.503915246437	1	27	34
mean_skew	[0.5,1.0)	Other cCREs	LOW_FREQ	non-CpG-ti	1810	1810	282.7	60.36277	1801	-454.66700120281916	2543.916229532229	26	70	116
mean_skew	[0.5,1.0)	Other cCREs	LOW_FREQ	non-CpG-tv	1170	1170	83.884	11.942498	1153	-149.09699957433608	1755.9697921684115	18	43	69
mean_skew	[0.5,1.0)	Other cCREs	LOW_FREQ	unknown	8	0	0	0	5	0.328999996185302	0.030212998955965062	0	0	0
mean_skew	[0.5,1.0)	Other cCREs	RARE	CpG-CGI	50	50	97.949	217.380889	49	-15.488999962806714	113.52956344446721	1	6	0
mean_skew	[0.5,1.0)	Other cCREs	RARE	CpG-nonCGI	1516	1516	3410.299	8143.979331	1498	-1366.9249995157588	4385.74163646662	6	72	101
mean_skew	[0.5,1.0)	Other cCREs	RARE	non-CpG-ti	4316	4316	688.882	148.856602	4286	-1090.1829984174115	6875.33596294897	73	166	254
mean_skew	[0.5,1.0)	Other cCREs	RARE	non-CpG-tv	2959	2959	198.555	26.089353	2911	-335.7470030555269	4839.709224177039	61	121	187
mean_skew	[0.5,1.0)	Other cCREs	RARE	unknown	9	0	0	0	6	-2.1729999780654876	4.0726288791677945	0	0	0
mean_skew	[0.5,1.0)	Other cCREs	SINGLETON	CpG-CGI	92	92	139.591	273.449557	88	-70.7859995365143	456.50282748871183	3	13	3
mean_skew	[0.5,1.0)	Other cCREs	SINGLETON	CpG-nonCGI	1094	1094	2120.764	4448.698452	1084	-901.5440011169997	3361.186173267755	9	62	80
mean_skew	[0.5,1.0)	Other cCREs	SINGLETON	non-CpG-ti	40386	40386	5922.644	1129.020666	40201	-5894.738003525418	59685.68746349881	772	1471	2589
mean_skew	[0.5,1.0)	Other cCREs	SINGLETON	non-CpG-tv	30531	30531	1780.888	168.387574	30271	-2485.3319854870215	42215.50423827392	622	1239	1950
mean_skew	[0.5,1.0)	Other cCREs	SINGLETON	unknown	57	0	0	0	39	-10.18399977311492	33.676599986841964	0	1	1
mean_skew	[0.5,1.0)	Other cCREs	ULTRARARE	CpG-CGI	176	176	309.061	643.797029	174	-88.78400032618073	675.6009772814161	8	34	2
mean_skew	[0.5,1.0)	Other cCREs	ULTRARARE	CpG-nonCGI	4542	4542	9655.303	21834.227597	4498	-4159.514994699274	13767.228660522025	28	203	327
mean_skew	[0.5,1.0)	Other cCREs	ULTRARARE	non-CpG-ti	27081	27081	4282.561	904.942093	26928	-5687.99898151902	42572.03301445338	472	1007	1725
mean_skew	[0.5,1.0)	Other cCREs	ULTRARARE	non-CpG-tv	17972	17972	1162.741	132.148237	17756	-1469.0319971339775	25777.399175727278	398	792	1144
mean_skew	[0.5,1.0)	Other cCREs	ULTRARARE	unknown	54	0	0	0	33	-6.98400006443263	19.214723942882763	0	4	0
mean_skew	[0.5,1.0)	PLS	COMMON	CpG-CGI	10	10	4.025	1.754245	10	-7.167999949306256	20.94253414776361	0	8	4
mean_skew	[0.5,1.0)	PLS	COMMON	CpG-nonCGI	17	17	21.65	39.876812	17	-11.254000060260301	29.613504936271127	0	13	11
mean_skew	[0.5,1.0)	PLS	COMMON	non-CpG-ti	169	169	22.341	4.021827	169	-16.03800022997892	618.6509464263784	15	78	68
mean_skew	[0.5,1.0)	PLS	COMMON	non-CpG-tv	153	153	11.315	1.383455	153	-29.343998620752313	611.7217441621061	13	59	50
mean_skew	[0.5,1.0)	PLS	COMMON	unknown	1	0	0	0	1	3.25	10.5625	1	0	0
mean_skew	[0.5,1.0)	PLS	LOW_FREQ	CpG-CGI	21	21	8.081	3.681241	21	-0.4730002991855251	174.60541298053892	2	8	17
mean_skew	[0.5,1.0)	PLS	LOW_FREQ	CpG-nonCGI	27	27	36.04	66.749368	27	-10.383999787271025	113.29058126660203	2	9	13
mean_skew	[0.5,1.0)	PLS	LOW_FREQ	non-CpG-ti	206	206	27.934	4.55044	205	95.51000050711463	1131.7562338117932	33	70	63
mean_skew	[0.5,1.0)	PLS	LOW_FREQ	non-CpG-tv	183	183	16.864	2.942128	183	18.0100023346022	722.1155206576884	20	79	70
mean_skew	[0.5,1.0)	PLS	RARE	CpG-CGI	77	77	36.022	33.322386	77	31.663999916985677	394.10957075192897	12	30	42
mean_skew	[0.5,1.0)	PLS	RARE	CpG-nonCGI	80	80	120.49799999999999	237.902182	80	-51.5550000490621	361.36209568774603	6	24	31
mean_skew	[0.5,1.0)	PLS	RARE	non-CpG-ti	586	586	87.346	16.700792	585	307.22500065353256	4060.7252859006926	106	192	233
mean_skew	[0.5,1.0)	PLS	RARE	non-CpG-tv	576	576	51.984	10.072478	575	202.28200069849848	3464.101597118913	80	225	260
mean_skew	[0.5,1.0)	PLS	RARE	unknown	5	0	0	0	5	-3.62400001287461	20.16048557955171	0	3	0
mean_skew	[0.5,1.0)	PLS	SINGLETON	CpG-CGI	611	611	273.4	214.02597	611	571.4530011825265	4714.741671473673	144	227	375
mean_skew	[0.5,1.0)	PLS	SINGLETON	CpG-nonCGI	215	215	219.118	344.479158	215	80.91000149492173	1606.3396775893304	29	74	100
mean_skew	[0.5,1.0)	PLS	SINGLETON	non-CpG-ti	5180	5180	762.864	139.425976	5180	4278.847995470393	37088.125802201226	1036	1869	2025
mean_skew	[0.5,1.0)	PLS	SINGLETON	non-CpG-tv	5885	5885	450.235	59.562273	5882	5046.619997301023	41121.202648028164	1189	2152	2584
mean_skew	[0.5,1.0)	PLS	SINGLETON	unknown	11	0	0	0	11	-0.9240000024437941	3.556677922594668	0	3	3
mean_skew	[0.5,1.0)	PLS	ULTRARARE	CpG-CGI	526	526	263.738	259.851916	526	485.3919992730954	3906.7920276091754	125	202	315
mean_skew	[0.5,1.0)	PLS	ULTRARARE	CpG-nonCGI	329	329	454.892	821.601152	329	-85.72399799420968	1513.3508735221799	21	111	134
mean_skew	[0.5,1.0)	PLS	ULTRARARE	non-CpG-ti	3645	3645	568.358	110.834672	3644	2593.675991658353	25705.160629689173	693	1302	1403
mean_skew	[0.5,1.0)	PLS	ULTRARARE	non-CpG-tv	3586	3586	308.231	47.323313	3584	2335.765000115965	26268.75919611719	687	1370	1641
mean_skew	[0.5,1.0)	PLS	ULTRARARE	unknown	22	0	0	0	22	4.539000146090986	73.97854027981437	2	10	3
mean_skew	[0.5,1.0)	dELS	COMMON	CpG-CGI	35	35	51.193	101.662061	35	-23.06899986788631	143.3924079235847	1	7	9
mean_skew	[0.5,1.0)	dELS	COMMON	CpG-nonCGI	1095	1095	2044.968	4340.006226	1095	-1022.646998949349	3356.959959937242	12	104	276
mean_skew	[0.5,1.0)	dELS	COMMON	non-CpG-ti	5858	5858	834.129	164.147993	5847	-3169.7490038399146	15931.019650488895	148	698	1215
mean_skew	[0.5,1.0)	dELS	COMMON	non-CpG-tv	3157	3157	191.231	22.381027	3151	-740.4089995664544	6997.178817126405	96	370	697
mean_skew	[0.5,1.0)	dELS	COMMON	unknown	6	0	0	0	5	-2.7300000414252286	2.887090106371645	0	1	2
mean_skew	[0.5,1.0)	dELS	LOW_FREQ	CpG-CGI	49	49	67.24	127.43356	49	-42.27200006693602	258.72323046971883	1	10	19
mean_skew	[0.5,1.0)	dELS	LOW_FREQ	CpG-nonCGI	1419	1419	2909.44	6467.8990460000005	1417	-1329.5329996277576	4961.7142533336355	14	145	330
mean_skew	[0.5,1.0)	dELS	LOW_FREQ	non-CpG-ti	5338	5338	819.245	173.494701	5331	-1034.7390003252076	10666.460133723082	169	464	917
mean_skew	[0.5,1.0)	dELS	LOW_FREQ	non-CpG-tv	3579	3579	240.032	34.124182	3572	-208.6200022712582	8143.188413464274	144	337	646
mean_skew	[0.5,1.0)	dELS	LOW_FREQ	unknown	4	0	0	0	4	-0.6269999891519542	0.3590269841800934	0	0	0
mean_skew	[0.5,1.0)	dELS	RARE	CpG-CGI	122	122	197.853	402.10636900000003	121	-123.26900022476914	585.1454862719137	5	22	32
mean_skew	[0.5,1.0)	dELS	RARE	CpG-nonCGI	4328	4328	8851.567	19608.062925	4319	-4229.879999862403	16757.167818508133	59	431	954
mean_skew	[0.5,1.0)	dELS	RARE	non-CpG-ti	12979	12979	2020.18	438.440544	12960	-2040.1760005200047	29449.076795741494	506	1108	2261
mean_skew	[0.5,1.0)	dELS	RARE	non-CpG-tv	8692	8692	575.472	80.860342	8676	-32.53499650501163	20803.348281887414	422	797	1594
mean_skew	[0.5,1.0)	dELS	RARE	unknown	13	0	0	0	12	-2.5620000138878867	4.677728046149141	0	0	2
mean_skew	[0.5,1.0)	dELS	SINGLETON	CpG-CGI	431	431	358.611	520.574997	431	-30.783999496838064	2112.18319555186	45	93	189
mean_skew	[0.5,1.0)	dELS	SINGLETON	CpG-nonCGI	3970	3970	7180.04	14449.691202	3963	-3128.1749969760426	14794.63573855278	105	415	968
mean_skew	[0.5,1.0)	dELS	SINGLETON	non-CpG-ti	126354	126354	18383.266	3543.305262	126185	-10990.664981113747	292941.8548241169	5561	11289	22138
mean_skew	[0.5,1.0)	dELS	SINGLETON	non-CpG-tv	96641	96641	5471.518	507.839764	96479	7413.7100090861795	227987.0284029465	5165	9107	17540
mean_skew	[0.5,1.0)	dELS	SINGLETON	unknown	58	0	0	0	56	-16.009000282734643	52.90109926400625	0	4	7
mean_skew	[0.5,1.0)	dELS	ULTRARARE	CpG-CGI	593	593	815.529	1562.012363	591	-302.52899933722796	2312.3446693404994	31	124	187
mean_skew	[0.5,1.0)	dELS	ULTRARARE	CpG-nonCGI	16314	16314	32404.989999999998	69728.166818	16291	-14714.76699037396	61938.9981374965	320	1755	3615
mean_skew	[0.5,1.0)	dELS	ULTRARARE	non-CpG-ti	84381	84381	13224.585000000001	2822.689463	84268	-12500.076979244715	203831.11160839128	3586	7520	14597
mean_skew	[0.5,1.0)	dELS	ULTRARARE	non-CpG-tv	55227	55227	3435.444	383.303186	55118	2303.8829974186383	129500.6861376284	2809	5325	10281
mean_skew	[0.5,1.0)	dELS	ULTRARARE	unknown	39	0	0	0	39	-11.749999947845945	40.71895162493703	0	2	5
mean_skew	[0.5,1.0)	non-cCRE	COMMON	CpG-CGI	18	18	21.73	38.739945999999996	17	-9.440999697893849	54.962387617210034	1	5	7
mean_skew	[0.5,1.0)	non-cCRE	COMMON	CpG-nonCGI	2237	2237	4605.1720000000005	10523.682458	2203	-2147.1170003418806	6291.858144333736	7	118	25
mean_skew	[0.5,1.0)	non-cCRE	COMMON	non-CpG-ti	13809	13809	1948.573	370.604395	13720	-9275.299996366843	31509.052636465214	92	687	168
mean_skew	[0.5,1.0)	non-cCRE	COMMON	non-CpG-tv	7322	7322	513.489	76.013677	7258	-2485.044994796046	10405.729667719394	67	376	89
mean_skew	[0.5,1.0)	non-cCRE	COMMON	unknown	20	0	0	0	14	-10.361000001430513	17.72737893790818	0	1	0
mean_skew	[0.5,1.0)	non-cCRE	LOW_FREQ	CpG-CGI	32	32	58.25	123.98305400000001	31	-20.086999781429753	139.85428524074413	2	9	5
mean_skew	[0.5,1.0)	non-cCRE	LOW_FREQ	CpG-nonCGI	2909	2909	6578.975	15780.263211	2860	-2752.671999601762	8427.697095454903	10	160	49
mean_skew	[0.5,1.0)	non-cCRE	LOW_FREQ	non-CpG-ti	13224	13224	1965.6970000000001	388.878013	13114	-4061.87599505845	19336.54914095642	102	518	152
mean_skew	[0.5,1.0)	non-cCRE	LOW_FREQ	non-CpG-tv	9403	9403	1015.203	256.317093	9303	-1641.4879989639155	10635.163495245686	91	364	111
mean_skew	[0.5,1.0)	non-cCRE	LOW_FREQ	unknown	32	0	0	0	20	-16.018999867141243	48.71453422200325	0	0	1
mean_skew	[0.5,1.0)	non-cCRE	RARE	CpG-CGI	93	93	126.812	255.263612	92	-19.166999479755766	192.2964620246326	3	28	17
mean_skew	[0.5,1.0)	non-cCRE	RARE	CpG-nonCGI	8506	8506	19337.145	46418.978895	8378	-7919.250995641805	23782.069044718406	41	382	114
mean_skew	[0.5,1.0)	non-cCRE	RARE	non-CpG-ti	32212	32212	4867.347	982.499361	31911	-8089.985991985071	43598.936183329984	282	1262	357
mean_skew	[0.5,1.0)	non-cCRE	RARE	non-CpG-tv	21702	21702	1689.756	288.385156	21393	-2926.25198614935	25200.19892670795	277	928	330
mean_skew	[0.5,1.0)	non-cCRE	RARE	unknown	59	0	0	0	42	-7.569999890401955	25.785021524984327	0	3	0
mean_skew	[0.5,1.0)	non-cCRE	SINGLETON	CpG-CGI	387	387	273.865	364.838851	384	99.01599837292463	1416.523398733752	39	120	136
mean_skew	[0.5,1.0)	non-cCRE	SINGLETON	CpG-nonCGI	5922	5922	11625.327	24615.370449	5895	-4853.102992444883	15707.617018424058	36	353	154
mean_skew	[0.5,1.0)	non-cCRE	SINGLETON	non-CpG-ti	290502	290502	41707.198000000004	7738.184518	288537	-45920.36794673361	349412.9358955698	3186	10825	3308
mean_skew	[0.5,1.0)	non-cCRE	SINGLETON	non-CpG-tv	218215	218215	13126.163	1308.381499	216208	-17454.162901259268	244414.86619157315	2984	8969	3094
mean_skew	[0.5,1.0)	non-cCRE	SINGLETON	unknown	300	0	0	0	224	-33.907000344246626	119.20318451686794	0	24	1
mean_skew	[0.5,1.0)	non-cCRE	ULTRARARE	CpG-CGI	461	461	507.377	900.727863	460	16.967999644810277	1876.1377907392464	44	132	123
mean_skew	[0.5,1.0)	non-cCRE	ULTRARARE	CpG-nonCGI	26168	26168	56506.688	129174.22989	25992	-23676.834994773733	74026.74254787093	136	1261	488
mean_skew	[0.5,1.0)	non-cCRE	ULTRARARE	non-CpG-ti	196812	196812	30027.686	6065.003492	195333	-40968.349937572166	255180.66709915097	2026	7280	2135
mean_skew	[0.5,1.0)	non-cCRE	ULTRARARE	non-CpG-tv	129631	129631	8650.582	1028.16401	128170	-14651.729943148786	148829.96307141485	1635	5524	1793
mean_skew	[0.5,1.0)	non-cCRE	ULTRARARE	unknown	249	0	0	0	172	-68.13499998103367	298.7729028777162	0	12	2
mean_skew	[0.5,1.0)	pELS	COMMON	CpG-CGI	22	22	9.884	6.353588	22	1.4470000341534555	69.07962928119711	2	10	6
mean_skew	[0.5,1.0)	pELS	COMMON	CpG-nonCGI	122	122	195.365	381.789153	122	-115.75000065844512	389.37572694619513	0	31	27
mean_skew	[0.5,1.0)	pELS	COMMON	non-CpG-ti	856	856	119.194	23.269614	856	-396.67199708393315	2744.6927286563246	33	246	204
mean_skew	[0.5,1.0)	pELS	COMMON	non-CpG-tv	539	539	37.112	4.629696	534	-129.75100210355603	1325.311436047905	27	181	162
mean_skew	[0.5,1.0)	pELS	COMMON	unknown	1	0	0	0	1	-1.20099997520447	1.44240094044113	0	1	0
mean_skew	[0.5,1.0)	pELS	LOW_FREQ	CpG-CGI	31	31	14.079	10.803569	31	9.560999362496661	144.6813684680124	3	9	12
mean_skew	[0.5,1.0)	pELS	LOW_FREQ	CpG-nonCGI	174	174	294.324	604.08883	173	-142.1700002150611	632.1443846763766	3	37	39
mean_skew	[0.5,1.0)	pELS	LOW_FREQ	non-CpG-ti	872	872	130.411	25.483565	872	-7.43899685877839	2721.5698063410528	48	205	192
mean_skew	[0.5,1.0)	pELS	LOW_FREQ	non-CpG-tv	692	692	54.298	8.04491	685	53.52499775134497	1992.0424170452873	52	186	191
mean_skew	[0.5,1.0)	pELS	RARE	CpG-CGI	118	118	73.366	95.227684	118	1.7069996334612552	529.3248446761802	15	49	59
mean_skew	[0.5,1.0)	pELS	RARE	CpG-nonCGI	491	491	869.502	1787.222888	489	-368.0870000385912	1667.0438692544187	12	105	116
mean_skew	[0.5,1.0)	pELS	RARE	non-CpG-ti	2171	2171	322.91	63.74217	2167	101.92999966512431	6718.687922711083	150	513	522
mean_skew	[0.5,1.0)	pELS	RARE	non-CpG-tv	1854	1854	144.081	21.319373	1846	314.17299799469765	5213.710236709986	137	555	517
mean_skew	[0.5,1.0)	pELS	RARE	unknown	5	0	0	0	5	-0.660000003874302	0.3003980037291051	0	3	1
mean_skew	[0.5,1.0)	pELS	SINGLETON	CpG-CGI	834	834	366.392	270.152818	833	561.1520001892933	4719.436555550703	145	339	431
mean_skew	[0.5,1.0)	pELS	SINGLETON	CpG-nonCGI	852	852	1068.764	1852.695994	852	-397.6130001416894	3118.6017625205195	37	238	241
mean_skew	[0.5,1.0)	pELS	SINGLETON	non-CpG-ti	21273	21273	3048.268	559.79335	21255	4644.320013816005	72230.0602883885	1852	5435	4888
mean_skew	[0.5,1.0)	pELS	SINGLETON	non-CpG-tv	19497	19497	1308.212	151.326868	19467	6421.8959847736405	69301.94812451919	1938	5472	5221
mean_skew	[0.5,1.0)	pELS	SINGLETON	unknown	27	0	0	0	27	7.95899960771203	90.60807334589596	1	8	7
mean_skew	[0.5,1.0)	pELS	ULTRARARE	CpG-CGI	701	701	352.855	337.67780700000003	700	467.30400267406367	3646.176691548068	113	290	353
mean_skew	[0.5,1.0)	pELS	ULTRARARE	CpG-nonCGI	2060	2060	3477.494	6912.18016	2055	-1508.6620022383283	7956.664416528792	56	463	491
mean_skew	[0.5,1.0)	pELS	ULTRARARE	non-CpG-ti	14051	14051	2142.388	426.07132	14033	1942.6659995184748	46018.38209717007	1118	3565	3335
mean_skew	[0.5,1.0)	pELS	ULTRARARE	non-CpG-tv	11761	11761	900.624	132.907484	11746	3418.6490016566827	42960.131767288716	1145	3414	3225
mean_skew	[0.5,1.0)	pELS	ULTRARARE	unknown	42	0	0	0	40	-35.3980001732707	264.6220348276848	3	18	3
mean_skew	[1.0,1.5)	Other cCREs	COMMON	CpG-CGI	1	1	1.715	2.941225	1	0.13400000333786	0.0179560008945465	0	1	0
mean_skew	[1.0,1.5)	Other cCREs	COMMON	CpG-nonCGI	60	60	127.958	293.460908	60	-76.65199978556488	279.70533309827846	0	3	10
mean_skew	[1.0,1.5)	Other cCREs	COMMON	non-CpG-ti	386	386	50.059	8.487411	385	-308.7030007938157	1172.40756982847	5	19	42
mean_skew	[1.0,1.5)	Other cCREs	COMMON	non-CpG-tv	197	197	12.158	1.3041179999999999	197	-80.71300042234355	356.066146050541	3	13	25
mean_skew	[1.0,1.5)	Other cCREs	COMMON	unknown	2	0	0	0	1	0	0	0	0	0
mean_skew	[1.0,1.5)	Other cCREs	LOW_FREQ	CpG-CGI	1	1	2.659	7.070281	1	0.232999995350838	0.0542889978334904	0	0	0
mean_skew	[1.0,1.5)	Other cCREs	LOW_FREQ	CpG-nonCGI	101	101	226.792	541.72978	101	-85.52400048356502	258.0125487224273	1	3	3
mean_skew	[1.0,1.5)	Other cCREs	LOW_FREQ	non-CpG-ti	324	324	46.924	9.167116	323	-116.34200071764658	666.2429245277261	4	15	22
mean_skew	[1.0,1.5)	Other cCREs	LOW_FREQ	non-CpG-tv	190	190	12.323	1.334977	186	-16.15500013751438	241.10207657919702	5	8	14
mean_skew	[1.0,1.5)	Other cCREs	LOW_FREQ	unknown	1	0	0	0	1	-1.43799996376038	2.06784389577484	0	0	0
mean_skew	[1.0,1.5)	Other cCREs	RARE	CpG-CGI	4	4	7.553	15.980475	4	-3.089000016450887	5.364865083882805	0	1	1
mean_skew	[1.0,1.5)	Other cCREs	RARE	CpG-nonCGI	244	244	547.259	1280.187205	243	-199.38599920272827	553.5176515995377	0	9	27
mean_skew	[1.0,1.5)	Other cCREs	RARE	non-CpG-ti	750	750	107.015	19.010399	748	-204.5470013336745	1081.6750225484088	4	28	58
mean_skew	[1.0,1.5)	Other cCREs	RARE	non-CpG-tv	495	495	34.182	3.847712	489	-110.53199990466224	737.1543173194581	7	25	19
mean_skew	[1.0,1.5)	Other cCREs	RARE	unknown	3	0	0	0	0	0	0	0	0	0
mean_skew	[1.0,1.5)	Other cCREs	SINGLETON	CpG-CGI	12	12	16.759	26.567701	12	-13.14599994476885	45.739779889435816	0	3	0
mean_skew	[1.0,1.5)	Other cCREs	SINGLETON	CpG-nonCGI	159	159	321.716	706.002506	157	-113.02499972842628	310.62585173178644	1	10	22
mean_skew	[1.0,1.5)	Other cCREs	SINGLETON	non-CpG-ti	6728	6728	927.082	158.68329	6702	-1295.6309987551072	9394.85718882625	100	268	435
mean_skew	[1.0,1.5)	Other cCREs	SINGLETON	non-CpG-tv	4985	4985	298.586	27.762498	4929	-500.27800158888573	6493.774066607218	87	187	313
mean_skew	[1.0,1.5)	Other cCREs	SINGLETON	unknown	6	0	0	0	4	-2.78899997472763	8.452480833000186	0	1	0
mean_skew	[1.0,1.5)	Other cCREs	ULTRARARE	CpG-CGI	23	23	42.659	94.719891	23	-18.050999931991104	83.26347301539194	0	3	1
mean_skew	[1.0,1.5)	Other cCREs	ULTRARARE	CpG-nonCGI	746	746	1618.446	3703.065786	741	-782.4850011854436	2614.1049939291124	2	34	69
mean_skew	[1.0,1.5)	Other cCREs	ULTRARARE	non-CpG-ti	4612	4612	674.592	125.672036	4590	-1032.9000007478755	6791.336467758931	68	162	289
mean_skew	[1.0,1.5)	Other cCREs	ULTRARARE	non-CpG-tv	3074	3074	201.566	20.863312	3027	-423.89899660996156	4082.4252373368786	49	130	215
mean_skew	[1.0,1.5)	Other cCREs	ULTRARARE	unknown	3	0	0	0	2	0.308999985456467	0.0954809910120966	0	0	1
mean_skew	[1.0,1.5)	PLS	COMMON	CpG-CGI	1	1	0.261	0.068121	1	1.33500003814697	1.78222510185242	0	1	0
mean_skew	[1.0,1.5)	PLS	COMMON	CpG-nonCGI	7	7	11.92	24.93735	7	-9.357999943196765	25.486001653317725	0	3	2
mean_skew	[1.0,1.5)	PLS	COMMON	non-CpG-ti	31	31	3.89	0.57098	31	-7.180999388918285	137.99099394984907	1	13	8
mean_skew	[1.0,1.5)	PLS	COMMON	non-CpG-tv	22	22	1.353	0.146343	22	-8.698999797925342	58.0354021885106	2	13	11
mean_skew	[1.0,1.5)	PLS	LOW_FREQ	CpG-nonCGI	4	4	5.827999999999999	10.619682000000001	4	-10.215000271797178	43.691741471849454	0	2	2
mean_skew	[1.0,1.5)	PLS	LOW_FREQ	non-CpG-ti	33	33	4.513	0.731137	33	24.349999924656007	145.00604480572935	6	11	14
mean_skew	[1.0,1.5)	PLS	LOW_FREQ	non-CpG-tv	28	28	2.562	0.39725	28	-5.624999860301608	108.09275586698047	2	10	7
mean_skew	[1.0,1.5)	PLS	RARE	CpG-CGI	5	5	2.152	1.32151	5	5.788000047206881	12.885800360572357	1	3	3
mean_skew	[1.0,1.5)	PLS	RARE	CpG-nonCGI	10	10	17.997	38.024203	10	-6.837000034749508	94.76741783066753	0	3	3
mean_skew	[1.0,1.5)	PLS	RARE	non-CpG-ti	104	104	14.986	2.520972	104	38.5410002470016	642.6563750788341	11	45	35
mean_skew	[1.0,1.5)	PLS	RARE	non-CpG-tv	98	98	9.549	1.6652770000000001	98	57.930999984499046	664.3226684344601	14	41	35
mean_skew	[1.0,1.5)	PLS	SINGLETON	CpG-CGI	80	80	31.093	21.510065	80	105.42199878953396	752.5017534107442	25	24	50
mean_skew	[1.0,1.5)	PLS	SINGLETON	CpG-nonCGI	25	25	20.699	29.078749000000002	25	27.41999964043498	191.7924968362344	5	13	13
mean_skew	[1.0,1.5)	PLS	SINGLETON	non-CpG-ti	940	940	136.494	23.721402	940	662.5500024115901	6645.535681114269	180	341	344
mean_skew	[1.0,1.5)	PLS	SINGLETON	non-CpG-tv	960	960	81.639	11.865311	960	990.3510005389107	7968.194742183226	223	336	418
mean_skew	[1.0,1.5)	PLS	SINGLETON	unknown	1	0	0	0	1	-2.41100001335144	5.81292106438065	0	1	0
mean_skew	[1.0,1.5)	PLS	ULTRARARE	CpG-CGI	59	59	28.029	23.706277	59	35.02200023643674	268.7873185460156	13	23	37
mean_skew	[1.0,1.5)	PLS	ULTRARARE	CpG-nonCGI	42	42	57.725	103.87808100000001	42	-12.959999979473668	369.70120781928716	4	12	17
mean_skew	[1.0,1.5)	PLS	ULTRARARE	non-CpG-ti	658	658	99.615	18.236747	657	687.562000935432	5431.732131878456	149	229	242
mean_skew	[1.0,1.5)	PLS	ULTRARARE	non-CpG-tv	617	617	63.82	12.031494	615	476.3890013596973	4409.420535602524	117	227	256
mean_skew	[1.0,1.5)	PLS	ULTRARARE	unknown	2	0	0	0	2	-0.702999949455257	1.173264885292059	0	1	0
mean_skew	[1.0,1.5)	dELS	COMMON	CpG-CGI	6	6	6.534	10.975226000000001	6	-3.3019997999072093	9.854087402745618	0	1	2
mean_skew	[1.0,1.5)	dELS	COMMON	CpG-nonCGI	231	231	446.164	972.537158	231	-220.31699961074628	669.6646317437195	2	34	64
mean_skew	[1.0,1.5)	dELS	COMMON	non-CpG-ti	1026	1026	132.883	22.570141	1025	-510.2630012376467	2640.821430538559	23	114	251
mean_skew	[1.0,1.5)	dELS	COMMON	non-CpG-tv	564	564	31.898	2.828776	562	-170.1609991533915	1364.1021678911452	22	71	129
mean_skew	[1.0,1.5)	dELS	COMMON	unknown	1	0	0	0	1	0.25	0.0625	0	0	0
mean_skew	[1.0,1.5)	dELS	LOW_FREQ	CpG-CGI	10	10	22.22	52.576736	10	-11.877999899792483	28.373057326758303	0	0	1
mean_skew	[1.0,1.5)	dELS	LOW_FREQ	CpG-nonCGI	259	259	539.263	1220.103025	258	-311.12899900425714	1083.4158354047722	0	26	67
mean_skew	[1.0,1.5)	dELS	LOW_FREQ	non-CpG-ti	889	889	124.834	22.404398	887	-244.76399778877405	1852.0421636816739	30	77	149
mean_skew	[1.0,1.5)	dELS	LOW_FREQ	non-CpG-tv	640	640	43.744	5.435858	640	-13.441000369959543	1417.4077314951408	38	57	137
mean_skew	[1.0,1.5)	dELS	RARE	CpG-CGI	29	29	45.487	95.087617	29	-7.44499990344048	116.41677821103472	2	4	5
mean_skew	[1.0,1.5)	dELS	RARE	CpG-nonCGI	757	757	1573.089	3500.111603	757	-672.429000273347	3051.3347219750904	15	70	195
mean_skew	[1.0,1.5)	dELS	RARE	non-CpG-ti	2296	2296	327.522	60.62338	2289	-491.1359998456901	4940.452366110224	71	214	405
mean_skew	[1.0,1.5)	dELS	RARE	non-CpG-tv	1571	1571	103.837	11.894211	1567	-8.637000133399676	4099.943768218471	78	170	329
mean_skew	[1.0,1.5)	dELS	RARE	unknown	1	0	0	0	1	0.061999998986721	0.00384399987435341	0	0	0
mean_skew	[1.0,1.5)	dELS	SINGLETON	CpG-CGI	67	67	65.526	103.6606	66	2.5910008130594853	294.17032995285336	6	8	20
mean_skew	[1.0,1.5)	dELS	SINGLETON	CpG-nonCGI	734	734	1344.426	2728.865486	734	-701.8929999859538	2769.3573989600086	12	82	192
mean_skew	[1.0,1.5)	dELS	SINGLETON	non-CpG-ti	22034	22034	2995.676	512.65175	22004	-2156.584999569461	51420.39991456518	927	1892	3799
mean_skew	[1.0,1.5)	dELS	SINGLETON	non-CpG-tv	17009	17009	1000.753	92.418359	16968	900.2409975902414	39471.86826256777	879	1674	3303
mean_skew	[1.0,1.5)	dELS	SINGLETON	unknown	8	0	0	0	8	-1.962000042200085	5.557666320883874	0	0	0
mean_skew	[1.0,1.5)	dELS	ULTRARARE	CpG-CGI	116	116	153.673	283.50656300000003	116	-27.773000184446538	470.9615278637116	12	21	32
mean_skew	[1.0,1.5)	dELS	ULTRARARE	CpG-nonCGI	3013	3013	6007.365	12939.436840999999	3013	-2728.971998221708	11640.972648869309	74	332	818
mean_skew	[1.0,1.5)	dELS	ULTRARARE	non-CpG-ti	14492	14492	2078.664	382.221088	14470	-1890.4149948203708	32598.627269954133	608	1311	2476
mean_skew	[1.0,1.5)	dELS	ULTRARARE	non-CpG-tv	9742	9742	626.868	67.263088	9719	383.07300497253885	23688.959364702147	518	977	1816
mean_skew	[1.0,1.5)	dELS	ULTRARARE	unknown	5	0	0	0	4	-0.7170000076293941	4.580500926183696	0	0	1
mean_skew	[1.0,1.5)	non-cCRE	COMMON	CpG-CGI	4	4	6.3870000000000005	11.688027	4	-2.534000039100646	2.240570079736713	0	2	0
mean_skew	[1.0,1.5)	non-cCRE	COMMON	CpG-nonCGI	224	224	455.64	1033.199742	224	-173.86100054904813	615.8996868374205	2	13	13
mean_skew	[1.0,1.5)	non-cCRE	COMMON	non-CpG-ti	2688	2688	323.86	48.642534	2667	-2304.0980047640624	7189.372601710073	9	147	27
mean_skew	[1.0,1.5)	non-cCRE	COMMON	non-CpG-tv	1127	1127	73.503	7.844623	1117	-493.60800063936057	1775.5078064781744	8	66	15
mean_skew	[1.0,1.5)	non-cCRE	COMMON	unknown	6	0	0	0	6	-9.583000034093855	27.534131132704225	0	0	0
mean_skew	[1.0,1.5)	non-cCRE	LOW_FREQ	CpG-CGI	7	7	9.702	14.937888	6	-7.472000099718577	17.848686746422953	0	0	1
mean_skew	[1.0,1.5)	non-cCRE	LOW_FREQ	CpG-nonCGI	301	301	669.631	1570.488517	297	-360.01500109373586	1121.8047521712185	0	15	7
mean_skew	[1.0,1.5)	non-cCRE	LOW_FREQ	non-CpG-ti	2355	2355	324.576	57.108821999999996	2334	-903.9139983836795	3492.1428661357204	16	105	26
mean_skew	[1.0,1.5)	non-cCRE	LOW_FREQ	non-CpG-tv	1259	1259	81.848	8.122696	1244	-305.82499959412974	1631.8110836071426	15	59	18
mean_skew	[1.0,1.5)	non-cCRE	LOW_FREQ	unknown	3	0	0	0	3	2.15600009635091	4.72221842278762	0	0	0
mean_skew	[1.0,1.5)	non-cCRE	RARE	CpG-CGI	15	15	21.288	41.585068	15	-1.445000030100343	39.864081942022096	2	3	2
mean_skew	[1.0,1.5)	non-cCRE	RARE	CpG-nonCGI	945	945	2162.261	5182.174269	937	-982.0710008679882	2852.2063723995407	4	42	25
mean_skew	[1.0,1.5)	non-cCRE	RARE	non-CpG-ti	5604	5604	760.225	127.572325	5556	-2151.4910033254414	8709.872431344811	40	271	60
mean_skew	[1.0,1.5)	non-cCRE	RARE	non-CpG-tv	3178	3178	213.29500000000002	25.033209	3130	-672.8509987833678	4018.5559446263683	31	169	54
mean_skew	[1.0,1.5)	non-cCRE	RARE	unknown	9	0	0	0	3	2.765999943017961	4.934329711301335	0	0	0
mean_skew	[1.0,1.5)	non-cCRE	SINGLETON	CpG-CGI	72	72	45.599000000000004	55.679759000000004	72	48.17800039774741	461.7134007939753	13	23	23
mean_skew	[1.0,1.5)	non-cCRE	SINGLETON	CpG-nonCGI	682	682	1336.7	2858.623182	679	-551.3840007944965	1691.8813149743787	5	49	26
mean_skew	[1.0,1.5)	non-cCRE	SINGLETON	non-CpG-ti	46348	46348	6331.5019999999995	1055.666456	45978	-9090.311994322346	56736.30721280541	433	1870	590
mean_skew	[1.0,1.5)	non-cCRE	SINGLETON	non-CpG-tv	32668	32668	2005.224	185.473488	32375	-3647.4919848203426	38967.0879210232	446	1460	519
mean_skew	[1.0,1.5)	non-cCRE	SINGLETON	unknown	23	0	0	0	18	-16.033999942243103	44.907303177223696	0	0	0
mean_skew	[1.0,1.5)	non-cCRE	ULTRARARE	CpG-CGI	75	75	77.551	136.972825	75	-14.03799978643656	244.5007018736712	4	22	22
mean_skew	[1.0,1.5)	non-cCRE	ULTRARARE	CpG-nonCGI	2930	2930	6378.349	14560.766669	2913	-2863.032995121787	9269.66052904428	22	166	73
mean_skew	[1.0,1.5)	non-cCRE	ULTRARARE	non-CpG-ti	32247	32247	4531.714	789.384514	31953	-8528.419982658233	44281.7009731505	268	1395	393
mean_skew	[1.0,1.5)	non-cCRE	ULTRARARE	non-CpG-tv	19466	19466	1286.223	134.093301	19251	-3395.6049942169348	23463.568174241853	199	943	328
mean_skew	[1.0,1.5)	non-cCRE	ULTRARARE	unknown	37	0	0	0	26	-19.583999987691644	48.29243033769697	0	4	0
mean_skew	[1.0,1.5)	pELS	COMMON	CpG-CGI	4	4	1.699	0.95717699999999994	4	12.885000109672545	75.81247866749578	2	2	3
mean_skew	[1.0,1.5)	pELS	COMMON	CpG-nonCGI	25	25	40.454	83.977206	25	-22.679999850690358	82.54340220725457	0	8	14
mean_skew	[1.0,1.5)	pELS	COMMON	non-CpG-ti	152	152	21.691	4.151155	152	-58.120998693630106	419.194527863967	9	55	40
mean_skew	[1.0,1.5)	pELS	COMMON	non-CpG-tv	107	107	7.746	0.951272	105	2.793999277288063	282.8831089101697	5	35	28
mean_skew	[1.0,1.5)	pELS	LOW_FREQ	CpG-CGI	6	6	2.993	2.206323	6	2.933999985456467	55.380404401499334	1	2	3
mean_skew	[1.0,1.5)	pELS	LOW_FREQ	CpG-nonCGI	33	33	60.906	130.892672	32	-19.93100014235825	67.08779966579998	0	10	7
mean_skew	[1.0,1.5)	pELS	LOW_FREQ	non-CpG-ti	157	157	22.519000000000002	4.474513	157	-1.800000402145108	281.1188492149632	6	40	32
mean_skew	[1.0,1.5)	pELS	LOW_FREQ	non-CpG-tv	136	136	10.38	1.4641359999999999	135	-9.77299985149877	393.6023198001233	11	41	41
mean_skew	[1.0,1.5)	pELS	RARE	CpG-CGI	15	15	8.843	10.457661	15	7.682000063359746	73.70487091327189	2	8	10
mean_skew	[1.0,1.5)	pELS	RARE	CpG-nonCGI	94	94	166.626	342.300658	94	-70.0389998984756	214.37300348595386	2	27	23
mean_skew	[1.0,1.5)	pELS	RARE	non-CpG-ti	426	426	60.708	10.68414	426	26.657999201212057	1097.610912963068	25	113	120
mean_skew	[1.0,1.5)	pELS	RARE	non-CpG-tv	330	330	27.318	3.951154	329	115.8520003806334	1267.3780908442461	36	94	103
mean_skew	[1.0,1.5)	pELS	RARE	unknown	3	0	0	0	3	-3.46399985253811	16.9764887831307	0	3	0
mean_skew	[1.0,1.5)	pELS	SINGLETON	CpG-CGI	132	132	50.063	29.813827	132	67.89000007975848	647.1495255903777	19	54	75
mean_skew	[1.0,1.5)	pELS	SINGLETON	CpG-nonCGI	132	132	166.606	297.642346	132	-73.80599963315757	402.7084221378881	2	36	43
mean_skew	[1.0,1.5)	pELS	SINGLETON	non-CpG-ti	3908	3908	539.523	92.531983	3905	627.6719981447101	12563.11515673997	318	1078	980
mean_skew	[1.0,1.5)	pELS	SINGLETON	non-CpG-tv	3726	3726	276.865	35.195551	3724	1026.0700047187277	12180.34638803383	340	1043	1068
mean_skew	[1.0,1.5)	pELS	SINGLETON	unknown	13	0	0	0	13	-9.854000076651541	31.830554479291198	0	5	3
mean_skew	[1.0,1.5)	pELS	ULTRARARE	CpG-CGI	113	113	51.731	48.632459000000004	113	81.29000080563131	961.9146491422226	19	40	60
mean_skew	[1.0,1.5)	pELS	ULTRARARE	CpG-nonCGI	341	341	566.734	1136.09636	341	-237.73300102725634	1437.2925346202005	13	76	93
mean_skew	[1.0,1.5)	pELS	ULTRARARE	non-CpG-ti	2582	2582	367.689	65.842167	2581	291.19900256185804	7989.21042129367	206	691	633
mean_skew	[1.0,1.5)	pELS	ULTRARARE	non-CpG-tv	2196	2196	187.559	27.894137	2190	575.8969976558583	7431.581806640437	206	649	647
mean_skew	[1.0,1.5)	pELS	ULTRARARE	unknown	13	0	0	0	13	-10.74499985575676	33.468997554434395	0	9	4
mean_skew	[1.5,Inf)	Other cCREs	COMMON	CpG-nonCGI	6	6	13.328999999999999	31.935425000000002	6	-2.6990000084042545	3.0719470231055075	0	0	3
mean_skew	[1.5,Inf)	Other cCREs	COMMON	non-CpG-ti	150	150	18.757	2.838367	150	-145.57399871340021	560.0667916927915	1	9	13
mean_skew	[1.5,Inf)	Other cCREs	COMMON	non-CpG-tv	56	56	3.489	0.386247	56	-21.794999976642433	107.30104078184037	2	5	3
mean_skew	[1.5,Inf)	Other cCREs	LOW_FREQ	CpG-nonCGI	14	14	33.112	81.39631800000001	14	-10.60500001907349	25.371829274352557	0	1	1
mean_skew	[1.5,Inf)	Other cCREs	LOW_FREQ	non-CpG-ti	107	107	15.524	3.237196	107	-39.33300001733008	135.03860272693646	0	3	6
mean_skew	[1.5,Inf)	Other cCREs	LOW_FREQ	non-CpG-tv	52	52	2.911	0.238683	52	-3.9550000485032784	47.04811539269823	1	2	4
mean_skew	[1.5,Inf)	Other cCREs	RARE	CpG-nonCGI	30	30	70.233	171.56205500000002	30	-38.96999960392717	153.8263010062627	0	2	4
mean_skew	[1.5,Inf)	Other cCREs	RARE	non-CpG-ti	259	259	37.614	6.469072	259	-70.04900021827781	394.7317527862725	5	7	15
mean_skew	[1.5,Inf)	Other cCREs	RARE	non-CpG-tv	128	128	7.893	0.848283	126	-33.08499965816736	165.27096125479002	0	3	2
mean_skew	[1.5,Inf)	Other cCREs	SINGLETON	CpG-CGI	1	1	1.661	2.758921	1	-0.156000003218651	0.0243360010042191	0	0	0
mean_skew	[1.5,Inf)	Other cCREs	SINGLETON	CpG-nonCGI	22	22	44.406	94.45066	22	-10.130000375211251	37.774211479657325	0	1	1
mean_skew	[1.5,Inf)	Other cCREs	SINGLETON	non-CpG-ti	2321	2321	322.683	53.314211	2313	-515.4179981364869	3191.7275012678956	32	70	106
mean_skew	[1.5,Inf)	Other cCREs	SINGLETON	non-CpG-tv	1203	1203	73.581	6.996017	1195	-205.77699844574096	1684.7870303150883	20	63	63
mean_skew	[1.5,Inf)	Other cCREs	SINGLETON	unknown	1	0	0	0	0	0	0	0	0	0
mean_skew	[1.5,Inf)	Other cCREs	ULTRARARE	CpG-CGI	4	4	4.944	8.755507999999999	4	0.654999978840351	0.6636549905699496	0	1	1
mean_skew	[1.5,Inf)	Other cCREs	ULTRARARE	CpG-nonCGI	98	98	223.627	538.795695	97	-92.31900044437499	259.78715798030004	0	4	5
mean_skew	[1.5,Inf)	Other cCREs	ULTRARARE	non-CpG-ti	1455	1455	207.531	36.052155	1445	-356.232999223168	2394.7608269291904	21	49	80
mean_skew	[1.5,Inf)	Other cCREs	ULTRARARE	non-CpG-tv	684	684	45.319	4.534495	673	-84.83399924612608	1241.3313481929788	14	35	35
mean_skew	[1.5,Inf)	Other cCREs	ULTRARARE	unknown	1	0	0	0	0	0	0	0	0	0
mean_skew	[1.5,Inf)	PLS	COMMON	non-CpG-ti	12	12	1.7510000000000001	0.27992700000000004	12	-4.49999995157123	35.685786228915966	1	4	5
mean_skew	[1.5,Inf)	PLS	COMMON	non-CpG-tv	4	4	0.174	0.008526	4	4.252000048756595	8.244198196365359	1	2	0
mean_skew	[1.5,Inf)	PLS	LOW_FREQ	CpG-CGI	1	1	0.301	0.090601	1	-0.0759999975562096	0.00577599962854386	0	0	1
mean_skew	[1.5,Inf)	PLS	LOW_FREQ	CpG-nonCGI	1	1	2.408	5.798464	1	-0.46399998664856	0.215295987609863	0	1	1
mean_skew	[1.5,Inf)	PLS	LOW_FREQ	non-CpG-ti	10	10	1.375	0.201123	10	10.564999990165244	79.77044813592424	1	3	3
mean_skew	[1.5,Inf)	PLS	LOW_FREQ	non-CpG-tv	4	4	0.564	0.116996	4	-1.202000007033348	0.8865820032231808	0	2	0
mean_skew	[1.5,Inf)	PLS	RARE	CpG-nonCGI	1	1	2.04	4.1616	1	-3.17600011825562	10.0869767511597	0	0	0
mean_skew	[1.5,Inf)	PLS	RARE	non-CpG-ti	24	24	3.58	0.57528	24	6.146000014618033	84.38174360290424	3	7	13
mean_skew	[1.5,Inf)	PLS	RARE	non-CpG-tv	16	16	1.318	0.166858	16	1.5689999312162408	16.5984286154858	0	5	5
mean_skew	[1.5,Inf)	PLS	SINGLETON	CpG-CGI	8	8	2.475	0.791353	8	3.586000002920621	23.07362405657571	2	3	6
mean_skew	[1.5,Inf)	PLS	SINGLETON	CpG-nonCGI	5	5	6.381	11.128435	5	-2.123999983072282	1.850391953666684	0	3	3
mean_skew	[1.5,Inf)	PLS	SINGLETON	non-CpG-ti	245	245	35.617000000000004	6.000271	245	195.4490017453208	1767.1457297756767	50	90	105
mean_skew	[1.5,Inf)	PLS	SINGLETON	non-CpG-tv	201	201	18.355	2.962981	201	176.96800022665408	933.3119281482338	31	64	82
mean_skew	[1.5,Inf)	PLS	SINGLETON	unknown	1	0	0	0	1	-0.460999995470047	0.212520995823383	0	0	1
mean_skew	[1.5,Inf)	PLS	ULTRARARE	CpG-CGI	1	1	0.713	0.508369	1	-0.852999985218048	0.72760897478199	0	0	0
mean_skew	[1.5,Inf)	PLS	ULTRARARE	CpG-nonCGI	9	9	16.944	35.323454	9	5.147999852895736	90.41191167262649	1	1	4
mean_skew	[1.5,Inf)	PLS	ULTRARARE	non-CpG-ti	160	160	23.366	3.960356	160	64.90599920717074	853.5713902702377	25	52	61
mean_skew	[1.5,Inf)	PLS	ULTRARARE	non-CpG-tv	115	115	13.499	2.585401	115	77.46899914368987	966.7153117082531	23	38	42
mean_skew	[1.5,Inf)	PLS	ULTRARARE	unknown	3	0	0	0	3	-0.23399993777275102	1.3955938922581739	0	2	0
mean_skew	[1.5,Inf)	dELS	COMMON	CpG-CGI	1	1	1.966	3.865156	1	-1.64900004863739	2.71920116040612	0	1	1
mean_skew	[1.5,Inf)	dELS	COMMON	CpG-nonCGI	36	36	68.716	145.38897	36	-62.76599982753401	363.9878459868786	0	10	17
mean_skew	[1.5,Inf)	dELS	COMMON	non-CpG-ti	379	379	49.032	7.78893	379	-283.4070000797509	1089.827740841476	3	37	77
mean_skew	[1.5,Inf)	dELS	COMMON	non-CpG-tv	148	148	9.66	1.034172	148	-27.827000523102477	314.25352191613365	8	25	41
mean_skew	[1.5,Inf)	dELS	LOW_FREQ	CpG-CGI	1	1	2.303	5.303809	1	-3.55800008773804	12.6593646243439	0	0	1
mean_skew	[1.5,Inf)	dELS	LOW_FREQ	CpG-nonCGI	41	41	86.637	197.153603	41	-49.72500012069942	202.65403557125885	1	3	8
mean_skew	[1.5,Inf)	dELS	LOW_FREQ	non-CpG-ti	292	292	40.85	6.936552	291	-91.64899919461455	523.5677239961814	6	30	53
mean_skew	[1.5,Inf)	dELS	LOW_FREQ	non-CpG-tv	143	143	9.257	0.917223	143	-11.655999816488483	189.22969470056634	2	19	20
mean_skew	[1.5,Inf)	dELS	RARE	CpG-nonCGI	121	121	251.13299999999998	552.014185	121	-108.99899983033542	521.4896180985306	0	10	34
mean_skew	[1.5,Inf)	dELS	RARE	non-CpG-ti	711	711	95.09700000000001	15.742353	710	-164.6070010381517	1662.9058411187737	29	50	112
mean_skew	[1.5,Inf)	dELS	RARE	non-CpG-tv	368	368	25.233	2.592519	368	-41.846999698202126	772.0460477647969	17	36	66
mean_skew	[1.5,Inf)	dELS	SINGLETON	CpG-CGI	10	10	6.632	7.605422	10	2.4110000506043487	34.50796285366968	1	3	4
mean_skew	[1.5,Inf)	dELS	SINGLETON	CpG-nonCGI	122	122	225.87199999999999	451.550758	122	-85.34699993208052	466.708691093028	5	11	39
mean_skew	[1.5,Inf)	dELS	SINGLETON	non-CpG-ti	7081	7081	933.823	146.363901	7071	-943.626999706612	14497.877146469435	269	682	1109
mean_skew	[1.5,Inf)	dELS	SINGLETON	non-CpG-tv	4183	4183	256.833	25.224507	4174	-100.75499466049959	10082.607221222179	183	441	768
mean_skew	[1.5,Inf)	dELS	SINGLETON	unknown	3	0	0	0	3	-0.47000002115964806	0.5197880309994231	0	0	0
mean_skew	[1.5,Inf)	dELS	ULTRARARE	CpG-CGI	14	14	10.044	13.292622	14	-10.694000318646431	80.26715260924992	1	7	7
mean_skew	[1.5,Inf)	dELS	ULTRARARE	CpG-nonCGI	482	482	976.087	2111.585531	482	-397.8610006170348	1902.3462820367556	13	57	140
mean_skew	[1.5,Inf)	dELS	ULTRARARE	non-CpG-ti	4486	4486	615.543	101.762227	4481	-663.4579989640044	10049.937498159128	168	402	700
mean_skew	[1.5,Inf)	dELS	ULTRARARE	non-CpG-tv	2357	2357	160.413	17.630581	2350	-139.02099988679393	5881.032526298675	104	220	435
mean_skew	[1.5,Inf)	dELS	ULTRARARE	unknown	3	0	0	0	3	-2.9209998920559843	9.843160355819714	0	1	1
mean_skew	[1.5,Inf)	non-cCRE	COMMON	CpG-nonCGI	17	17	40.738	102.651904	17	-20.53600039705634	54.200188593175966	0	4	0
mean_skew	[1.5,Inf)	non-cCRE	COMMON	non-CpG-ti	1028	1028	122.578	18.358772000000002	1021	-1045.7020010831768	3055.9573106942894	2	47	11
mean_skew	[1.5,Inf)	non-cCRE	COMMON	non-CpG-tv	284	284	17.849	1.770521	282	-173.91100008389913	618.7362463493961	2	20	6
mean_skew	[1.5,Inf)	non-cCRE	LOW_FREQ	CpG-CGI	1	1	2.207	4.870849	1	-2.0789999961853	4.32224098413849	0	0	0
mean_skew	[1.5,Inf)	non-cCRE	LOW_FREQ	CpG-nonCGI	36	36	80.887	187.37064900000001	35	-55.89500001072885	183.2949159478164	0	1	2
mean_skew	[1.5,Inf)	non-cCRE	LOW_FREQ	non-CpG-ti	822	822	100.389	14.700683	813	-530.1989999096842	1725.4182341446278	2	38	7
mean_skew	[1.5,Inf)	non-cCRE	LOW_FREQ	non-CpG-tv	262	262	16.858	1.71454	261	-51.93499962333591	364.0998304697575	3	8	4
mean_skew	[1.5,Inf)	non-cCRE	RARE	CpG-CGI	1	1	1.715	2.941225	1	0.0869999974966049	0.00756899956440926	0	0	0
mean_skew	[1.5,Inf)	non-cCRE	RARE	CpG-nonCGI	81	81	190.903	471.202763	81	-93.788999274373	327.66832210881654	1	3	2
mean_skew	[1.5,Inf)	non-cCRE	RARE	non-CpG-ti	1991	1991	254.141	39.895055	1972	-929.4430005926409	3234.7813099619025	8	86	21
mean_skew	[1.5,Inf)	non-cCRE	RARE	non-CpG-tv	817	817	54.448	5.723638	805	-250.12699904467456	1256.7602435542854	8	40	16
mean_skew	[1.5,Inf)	non-cCRE	RARE	unknown	1	0	0	0	1	0.236000001430511	0.0556960006752014	0	0	0
mean_skew	[1.5,Inf)	non-cCRE	SINGLETON	CpG-CGI	6	6	3.617	4.951883	6	2.8840000331401843	16.07310864926415	1	0	2
mean_skew	[1.5,Inf)	non-cCRE	SINGLETON	CpG-nonCGI	69	69	137.676	300.270886	69	-55.18099993374198	154.18508657782672	0	5	6
mean_skew	[1.5,Inf)	non-cCRE	SINGLETON	non-CpG-ti	14172	14172	1962.307	323.839479	14021	-3647.960997292072	19248.474356615756	132	518	178
mean_skew	[1.5,Inf)	non-cCRE	SINGLETON	non-CpG-tv	7673	7673	477.041	45.218615	7627	-1090.0969942363445	8959.885288808271	95	389	139
mean_skew	[1.5,Inf)	non-cCRE	SINGLETON	unknown	11	0	0	0	9	-2.397999994456772	4.204218020985243	0	0	0
mean_skew	[1.5,Inf)	non-cCRE	ULTRARARE	CpG-CGI	17	17	18.698	31.223119999999998	17	-8.604999840259545	93.31859913373698	2	6	2
mean_skew	[1.5,Inf)	non-cCRE	ULTRARARE	CpG-nonCGI	305	305	669.193	1553.051323	303	-324.157998801209	1136.6763314290208	3	24	13
mean_skew	[1.5,Inf)	non-cCRE	ULTRARARE	non-CpG-ti	10220	10220	1400.593	231.681515	10113	-3531.007001956462	15322.252189633187	59	360	105
mean_skew	[1.5,Inf)	non-cCRE	ULTRARARE	non-CpG-tv	4528	4528	303.052	30.798248	4489	-835.5979958830868	5854.094443936142	53	236	80
mean_skew	[1.5,Inf)	non-cCRE	ULTRARARE	unknown	7	0	0	0	3	-3.967999994754793	19.11138989733215	0	0	0
mean_skew	[1.5,Inf)	pELS	COMMON	CpG-nonCGI	5	5	8.743	18.582377	5	-10.412999868392946	70.39110185067369	1	0	0
mean_skew	[1.5,Inf)	pELS	COMMON	non-CpG-ti	51	51	6.649	1.096821	51	-30.617000488564365	187.87766188926415	2	17	15
mean_skew	[1.5,Inf)	pELS	COMMON	non-CpG-tv	26	26	2.041	0.237785	26	-8.899000478908418	96.24041620803618	2	9	7
mean_skew	[1.5,Inf)	pELS	LOW_FREQ	non-CpG-ti	51	51	6.6579999999999995	0.98672	51	-6.967999696731576	164.18937344904813	3	17	10
mean_skew	[1.5,Inf)	pELS	LOW_FREQ	non-CpG-tv	22	22	2.013	0.286047	22	2.1980001032352336	19.8392784313233	1	5	2
mean_skew	[1.5,Inf)	pELS	RARE	CpG-CGI	1	1	0.342	0.116964	1	1.87999999523163	3.53439998207092	0	1	1
mean_skew	[1.5,Inf)	pELS	RARE	CpG-nonCGI	13	13	26.945	63.645389	13	-12.225999902933827	28.204111461590728	0	1	3
mean_skew	[1.5,Inf)	pELS	RARE	non-CpG-ti	134	134	17.77	2.741458	134	34.279000240378075	364.12120434835356	12	34	24
mean_skew	[1.5,Inf)	pELS	RARE	non-CpG-tv	81	81	6.372	0.865506	81	17.942000133567497	288.59415951608105	5	29	22
mean_skew	[1.5,Inf)	pELS	RARE	unknown	1	0	0	0	1	-4.58099985122681	20.98555963694	0	1	0
mean_skew	[1.5,Inf)	pELS	SINGLETON	CpG-CGI	31	31	10.602	4.115956	31	35.053000353276694	160.83067793664043	6	13	17
mean_skew	[1.5,Inf)	pELS	SINGLETON	CpG-nonCGI	28	28	42.449	81.16228100000001	28	-27.777000255882754	107.4900193154602	0	8	11
mean_skew	[1.5,Inf)	pELS	SINGLETON	non-CpG-ti	1270	1270	169.918	26.717698	1268	199.05200193519718	3640.961331355628	98	320	314
mean_skew	[1.5,Inf)	pELS	SINGLETON	non-CpG-tv	994	994	85.586	12.25095	993	292.89200079359574	3087.9420923158673	87	296	301
mean_skew	[1.5,Inf)	pELS	SINGLETON	unknown	5	0	0	0	5	3.0559999309480173	6.405215639589378	1	3	1
mean_skew	[1.5,Inf)	pELS	ULTRARARE	CpG-CGI	15	15	8.896	10.882072	15	6.175999876111755	37.850621476562225	2	8	8
mean_skew	[1.5,Inf)	pELS	ULTRARARE	CpG-nonCGI	60	60	101.275	204.099445	60	-31.295999381225553	159.3386582911383	3	13	19
mean_skew	[1.5,Inf)	pELS	ULTRARARE	non-CpG-ti	840	840	118.037	19.643227	840	159.52099942159853	2482.5747137973244	81	222	206
mean_skew	[1.5,Inf)	pELS	ULTRARARE	non-CpG-tv	629	629	61.62	10.593898	627	158.70399954705505	2295.237000247335	64	201	197
mean_skew	[1.5,Inf)	pELS	ULTRARARE	unknown	8	0	0	0	8	-2.783000074326987	6.6667495273629545	0	3	1
