tss_dist	in_promoter_1kb	in_promoter_750bp	in_promoter_500bp	in_promoter_250bp	n_in_tss_dist	K562_ref_dist	HepG2_ref_dist	SKNSH_ref_dist	avgKHS_ref_dist	K562_alt_dist	HepG2_alt_dist	SKNSH_alt_dist	avgKHS_alt_dist	K562_skew_dist	HepG2_skew_dist	SKNSH_skew_dist	avgKHS_skew_dist	K562_activity_dist	HepG2_activity_dist	SKNSH_activity_dist	avgKHS_activity_dist	K562_abs_skew_dist	HepG2_abs_skew_dist	SKNSH_abs_skew_dist	avgKHS_abs_skew_dist	phyloP_mam241_dist
-1000	TRUE	FALSE	FALSE	FALSE	52830	0.5096033815055331	0.4597655778114262	0.4235645659094324	0.4643111750754639	0.5076674829017701	0.4594722633655165	0.42348497054462947	0.46354157227063875	-0.0019358987180298143	-2.9331461412743324e-4	-7.959563615016834e-5	-7.696029894358054e-4	0.5438974116177291	0.49242693119153413	0.45963278214542164	0.49865237498489495	0.07052395798956952	0.06561602115040757	0.07221602755703309	0.06945200223233673	0.15016320317260146
-999	TRUE	FALSE	FALSE	FALSE	52824	0.5097085543329817	0.46016583734381694	0.4238568235511869	0.46457707174266183	0.5092002457986655	0.4611741730894523	0.42478274743992506	0.46505238877601424	-5.083087057849946e-4	0.0010083357348843346	9.259241253553823e-4	4.7531705148490743e-4	0.5446075916593136	0.49358914307893226	0.46073063039983453	0.4996424550460268	0.0703063828773075	0.06583827523005524	0.07282169041727057	0.06965544950821109	0.14919445721670793
-998	TRUE	FALSE	FALSE	FALSE	52824	0.5099401960511921	0.46007883978143704	0.423782490682659	0.4646005088384294	0.5079231305200914	0.45987320674483934	0.4239801117124472	0.4639254829924593	-0.0020170656263413713	-2.0563208834839468e-4	1.9762035037913827e-4	-6.750257881035426e-4	0.5433338497810416	0.492203215026875	0.45933313596174624	0.4982900669232209	0.06880437266697043	0.06445438375256068	0.07090366970844364	0.06805414204265825	0.13803998207024207
-997	TRUE	FALSE	FALSE	FALSE	52833	0.5101036236938843	0.4603927592688777	0.42414809855402014	0.46488149383892735	0.5080276188178808	0.46054709816769895	0.42388457835291726	0.4641530984461657	-0.002076005584816743	1.5433861191510047e-4	-2.635203774034051e-4	-7.283957834350158e-4	0.5435384292294554	0.4927933217552189	0.4596043025934346	0.498645351192703	0.06894561618076324	0.06464678599386674	0.07117592847260396	0.06825611021574464	0.15690273157859846
-996	TRUE	FALSE	FALSE	FALSE	52830	0.5104042991225182	0.4606143390269671	0.4244497191084526	0.4651561190859793	0.5097726777419302	0.4611081878107976	0.4244778618790318	0.4651195758105865	-6.316214289124745e-4	4.938489958214405e-4	2.814343439310049e-5	-3.65429995659778e-5	0.5442820970891702	0.4932412535601742	0.46020060870830004	0.4992413197858815	0.06838721803144344	0.06475998090882681	0.07147363614148623	0.06820694502725216	0.15367058514889614
-995	TRUE	FALSE	FALSE	FALSE	52836	0.5102265252990483	0.46048488914355024	0.42456748941429245	0.465092967952297	0.5095361643602133	0.4607010107725711	0.42473692940607666	0.46499136817962033	-6.903614183412611e-4	2.161213689858297e-4	1.694398706484177e-4	-1.0160005956900448e-4	0.5443883574567865	0.4931644501464962	0.460287604918791	0.4992801375073579	0.06901402554079872	0.06514299993863643	0.07127079169859694	0.06847593905934403	0.1527057122079562
-994	TRUE	FALSE	FALSE	FALSE	52833	0.5106746428088536	0.4606794081178497	0.4245706960023404	0.46530824897634787	0.5105939378741813	0.46228652900149325	0.4263087197512568	0.46639639554231044	-8.07055732694741e-5	0.0016071204875289392	0.0017380240908757994	0.0010881463350450881	0.5454801303223088	0.494207060232085	0.4613682337210455	0.5003518080918131	0.0696916797518431	0.06544818364820318	0.07185705172042911	0.06899897170682513	0.1375964456236068
-993	TRUE	FALSE	FALSE	FALSE	52833	0.5106457574514296	0.4606889126815756	0.4246361224236018	0.465323597518869	0.5093779144614137	0.4606530863420511	0.42522643005599975	0.46508581028648815	-0.001267843128451231	-3.582615214106525e-5	5.903074477717374e-4	-2.3778727760685305e-4	0.5446733681978807	0.4931414411535241	0.4606017425670115	0.4994721839728054	0.06932306460355803	0.06494088311737727	0.07134093292960969	0.06853496021684832	0.1563737439154149
-992	TRUE	FALSE	FALSE	FALSE	52842	0.5115397816177983	0.46153814774942903	0.4253925858035299	0.4661568383902524	0.5114488294991767	0.46291044226586586	0.42788291382661636	0.46741406186388634	-9.095241867712425e-5	0.001372295134458783	0.0024903281991865618	0.00125722363832274	0.5468228404068334	0.4955642284996684	0.4630601150258841	0.501815727977462	0.07065707020450837	0.06667986675823173	0.07284473003654876	0.07006055566642962	0.15268229828488833
-991	TRUE	FALSE	FALSE	FALSE	52845	0.5113279783632325	0.4617583567602615	0.42547868350556217	0.4661883395430187	0.5099856829680538	0.46154125945463154	0.42565632311918083	0.46572775518062204	-0.0013422961584598986	-2.170971019181285e-4	1.7764015283600347e-4	-4.605843691806746e-4	0.5456345847010141	0.49430890015871765	0.461283110786127	0.5004088652152863	0.06995550824063938	0.06531818403410208	0.07143121563617813	0.06890163597030653	0.15795248441929233
-990	TRUE	FALSE	FALSE	FALSE	52842	0.5118801373711173	0.46171378641496613	0.4255090934654804	0.46636767241718796	0.510755115602084	0.46236409421430774	0.42655027963649317	0.4665564964842949	-0.0011250221064985938	6.503076427211813e-4	0.0010411863643381065	1.8882396685356454e-4	0.5460999016341769	0.49506619963571546	0.4622028943627993	0.5011229985442306	0.06956455071627973	0.06605451894087588	0.07234641512416486	0.06932182826044016	0.13968928169259875
-989	TRUE	FALSE	FALSE	FALSE	52839	0.5118006445748939	0.46213446098943783	0.4257426021871091	0.46655923591714693	0.5103615026949032	0.4628015020754403	0.42617505377852716	0.4664460195162902	-0.001439140941862413	6.670406994469236e-4	4.3245201825909465e-4	-1.1321607471879838e-4	0.5460135800285171	0.4955508648099043	0.4621922937071797	0.501252246181867	0.06986501322732122	0.06616576641536843	0.0724669318066166	0.06949923714976874	0.13962777464196674
-988	TRUE	FALSE	FALSE	FALSE	52836	0.5118917570531275	0.461904610810413	0.42546246882410965	0.46641961222921674	0.5106339754415288	0.46343396353610844	0.4264976666856939	0.466855201887777	-0.001257782165306875	0.0015293530371915886	0.0010351984348725073	4.3558976891907366e-4	0.5459315964253649	0.49556883633978244	0.46183128686760283	0.5011105732109168	0.06933746008014778	0.06579909840169869	0.07170243816415638	0.06894633221533428	0.15367459748282963
-987	TRUE	FALSE	FALSE	FALSE	52824	0.5120848679401938	0.4622216814048822	0.42589407732844503	0.46673354222450697	0.5107990434061825	0.46254095705766435	0.4263343395395991	0.466558113334482	-0.0012858242655792746	3.1927616766629e-4	4.4026215369723606e-4	-1.7542864807191616e-4	0.5459020382282675	0.4948887610370408	0.4617089889874388	0.5008332627509158	0.06892016506733184	0.06501488328922739	0.07118956095912779	0.06837486977189568	0.14855429353212019
-986	TRUE	FALSE	FALSE	FALSE	52815	0.5121328989162619	0.4623172471540291	0.42596812239796383	0.4668060894894183	0.5108026859590128	0.4623764045854035	0.42685554357864436	0.46667821137435356	-0.0013302121480116094	5.9157294770385275e-5	8.874213088266781e-4	-1.27877848138182e-4	0.5459812781533961	0.49492957492304585	0.462176411463562	0.5010290881800014	0.06902697153284874	0.06516549766357166	0.07152915665730164	0.06857387528457402	0.13426895697742783
-985	TRUE	FALSE	FALSE	FALSE	52821	0.5122589009131852	0.46233260180058383	0.4261940085580696	0.4669285037572795	0.5122205082394445	0.4632549290326148	0.42821770000782233	0.46789771242662725	-3.839319055197118e-5	9.223271153065628e-4	0.0020236917173956873	9.692085473834263e-4	0.5468509816818722	0.49534524045063816	0.4629351531426195	0.5017104584250432	0.06922255394486068	0.06510295017049086	0.07145859714114086	0.0685947004188308	0.14501641406002458
-984	TRUE	FALSE	FALSE	FALSE	52824	0.5126986469531024	0.4625252862106216	0.42625162448850823	0.46715851921741075	0.5101882844548947	0.4616795132238799	0.42591668952236567	0.4659281624003801	-0.0025103628781595693	-8.4577230718356e-4	-3.349347988147112e-4	-0.0012303566613859466	0.5460569378970236	0.4948634169958491	0.4621579846612773	0.5010261131847167	0.06922694459195478	0.06552203432927008	0.07214765555553498	0.0689655448255866	0.147378748254407
-983	TRUE	FALSE	FALSE	FALSE	52818	0.5124878739719361	0.46252891646805405	0.42631505186202345	0.4671106141006712	0.5117250983003772	0.4633835475630283	0.42775507681220665	0.46762124089187074	-7.627751997921421e-4	8.546313359714491e-4	0.0014400251366007318	5.106270909266795e-4	0.5469087850850709	0.4957996219067145	0.46314324010096225	0.5019505490309158	0.06960459822381154	0.06568677985617734	0.07221635121102328	0.06916924309700406	0.14732057247355443
-982	TRUE	FALSE	FALSE	FALSE	52824	0.5137701223245622	0.4636163405116283	0.42719693050521396	0.4681944644471348	0.5118072194704115	0.4629465562428084	0.42749477685550097	0.4674161841895736	-0.0019629024858896595	-6.69783853962828e-4	2.9784605941497245e-4	-7.782800934791716e-4	0.5479387551137443	0.4960653993227799	0.4631712449823696	0.5023917998062979	0.07030016828863721	0.06556790174675471	0.07165078270243322	0.06917295091260839	0.14024892097801786
-981	TRUE	FALSE	FALSE	FALSE	52827	0.5136555490101073	0.463772366173404	0.42731073798783287	0.4682462177237814	0.5118183856655865	0.4640112308708919	0.4277662419564074	0.46786528616429524	-0.0018371634431975743	2.3886454677827336e-4	4.5550393068375647e-4	-3.8093165524518167e-4	0.5480756846377194	0.4969727701160843	0.46376652127603485	0.5029383253432795	0.07067743508058952	0.06616194337098001	0.07245606252046606	0.06976514699067854	0.15663950284718206
-980	TRUE	FALSE	FALSE	FALSE	52827	0.5139264081987879	0.4635629087299418	0.427272421929668	0.4682539129527993	0.5134099815279315	0.4650367992764699	0.42980815527626215	0.46941831202688783	-5.164264616000095e-4	0.001473890516818733	0.002535732613539296	0.0011643988895860067	0.5488083133918965	0.49709049356311125	0.4644297428337795	0.5034428499295958	0.07028023717650884	0.06558127896699134	0.07177890869324952	0.06921347494558323	0.1447129879727192
-979	TRUE	FALSE	FALSE	FALSE	52827	0.5141887411394759	0.46415506404973794	0.4276698497627715	0.4686712183173285	0.5118001307323728	0.46473366083229156	0.42858224830272845	0.468372013289131	-0.00238860990024483	5.78597582837518e-4	9.123985910865808e-4	-2.9920457544024365e-4	0.5483616414479937	0.49731244860113655	0.4643208918571244	0.5033316606354182	0.07073441113417588	0.06573617182679935	0.07238968557311987	0.06962008951136503	0.13196728979533293
-978	TRUE	FALSE	FALSE	FALSE	52827	0.5139640594613567	0.46361065137710533	0.4269663275913703	0.46818034614327747	0.5112309231023736	0.4632447170040986	0.4263857368675036	0.4669537923246586	-0.002733137062840771	-3.659348052872263e-4	-5.805902573272813e-4	-0.0012265540418184263	0.5474456682937097	0.4957538168123181	0.462366668270239	0.5018553844587555	0.06969635507609268	0.06465226524891422	0.07138127253222791	0.06857663095241161	0.15579010758831827
-977	TRUE	FALSE	FALSE	FALSE	52827	0.5143957979562019	0.4642301735878483	0.42780443192095347	0.46881013448833453	0.5134513809069402	0.4655780522582366	0.4289632541870301	0.46933089578406895	-9.444162901626763e-4	0.0013478789997912678	0.0011588225592353873	5.207617562879927e-4	0.549009365612193	0.4975478223495382	0.46426046840428475	0.5036058854553387	0.07017155285592869	0.06528741927090882	0.07175325061419627	0.06907074091367792	0.15431182869413507
-976	TRUE	FALSE	FALSE	FALSE	52818	0.5145131567613898	0.46448566296138677	0.42809540880334424	0.4690314095087069	0.5141813237911809	0.46532785081668265	0.4293370911162662	0.46961542190804323	-3.3183241683075535e-4	8.421873259529554e-4	0.0012416817575236873	5.840122222152958e-4	0.549204499894213	0.49728868925502745	0.46451096082568477	0.5036680499916418	0.06971451909835918	0.06476386480879097	0.07158942194234884	0.06868926861649967	0.15304998329669978
-975	TRUE	FALSE	FALSE	FALSE	52821	0.5147904856970648	0.46455650639454626	0.42840327217150087	0.46925008808770396	0.5135527992914968	0.46475779471448003	0.42890131146795685	0.4690706351579779	-0.0012376870051853336	2.0128797811271178e-4	4.98039361856462e-4	-1.7945322173871982e-4	0.5493139994894382	0.4975825829671321	0.46480299057016544	0.5038998576755785	0.07028471414004185	0.06585086511306101	0.07230139757960548	0.06947899227756944	0.15465201372028275
-974	TRUE	FALSE	FALSE	FALSE	52824	0.5153807772370541	0.4649805367740691	0.42863508292836927	0.4696654656464975	0.5141644825950175	0.4648471176062472	0.4287481940183643	0.4692532647398763	-0.0012162952335595064	-1.3341892064314516e-4	1.1311066918151401e-4	-4.1220116167371256e-4	0.5493887245831566	0.4970983310941718	0.46397732401318886	0.5034881265635057	0.06923218885571236	0.06436900751260462	0.07057137116485647	0.06805752251105782	0.16161489068858667
-973	TRUE	FALSE	FALSE	FALSE	52800	0.5147347581403146	0.4646021848937856	0.42836269811761435	0.4692332137172382	0.5137614737910802	0.46486577130574186	0.4283579588322297	0.4689950679763506	-9.732847801416943e-4	2.635868507567072e-4	-4.73930109963222e-6	-2.3814574349487308e-4	0.5491935679588752	0.4976594634439328	0.4644094590534138	0.5037541634854072	0.0698909039694322	0.06585097065979001	0.07209826157985037	0.06928004540302418	0.1447467617955276
-972	TRUE	FALSE	FALSE	FALSE	52797	0.5155735846732405	0.4652566630179957	0.42889495766818625	0.46990840178647414	0.514649775786055	0.46593971112111293	0.4293561155188367	0.4699818674753349	-9.238088648797383e-4	6.830478569942529e-4	4.611584796437979e-4	7.346582391943756e-5	0.5501379441842652	0.4984710377098351	0.4652902144315771	0.5046330654418925	0.07005252816394052	0.06574570123096478	0.07232935604699157	0.06937586181396561	0.15418586284892466
-971	TRUE	FALSE	FALSE	FALSE	52797	0.5158392438109805	0.46576418250143486	0.42932474192884607	0.4703093894137538	0.5147596081812243	0.4658309515780758	0.4297299103195688	0.470106823359623	-0.0010796355407801563	6.676902113505132e-5	4.051691086268979e-4	-2.0256580367273574e-4	0.5500535379937046	0.4984843287666129	0.4654704583975625	0.5046694417192934	0.06950822415985908	0.06537352341068446	0.07188626440840334	0.06892267065964895	0.16392215479704983
-970	TRUE	FALSE	FALSE	FALSE	52800	0.51586616737104	0.465251849040383	0.42896346425221066	0.4700271602212112	0.5138093331903424	0.4649831498502493	0.4288814483445963	0.4692246437950626	-0.0020568344313332426	-2.6869918921084275e-4	-8.201619402883184e-5	-8.025166048576391e-4	0.5499760620423543	0.4981636315644595	0.46548396349036886	0.5045412190323941	0.07027662306822706	0.06609226495738416	0.07312301416211815	0.06983063406257646	0.14095153395436436
-969	TRUE	FALSE	FALSE	FALSE	52803	0.5158452404924516	0.465701932802347	0.4292094477474948	0.47025220701409776	0.5129830134157318	0.46473197886124823	0.42796401360559433	0.46855966862752474	-0.0028622269726410726	-9.699537843452179e-4	-0.0012454344739660568	-0.0016925384103174492	0.5495051979173698	0.49844183232501466	0.46508840331973156	0.5043451445207053	0.07018214192161885	0.06644975304466626	0.07300334552976699	0.06987841349868402	0.14687915478583297
-968	TRUE	FALSE	FALSE	FALSE	52809	0.5157584916943755	0.4654190166823045	0.4289829080487917	0.47005347214182386	0.5141302418981646	0.4651988831721275	0.42888627579529875	0.46940513362186365	-0.0016282503738127632	-2.2013375590832252e-4	-9.66322873334289e-5	-6.483388056848382e-4	0.550245782170228	0.49880256762119723	0.46572488225103	0.5049244106808184	0.07060283030426165	0.06698723558613175	0.073580580639916	0.07039021551010313	0.16745770546094052
-967	TRUE	FALSE	FALSE	FALSE	52824	0.5166424562458	0.46624541010533055	0.42985955041523716	0.4709158055887892	0.514483900922417	0.46560419486015325	0.4294705254311503	0.46985287373790685	-0.0021585555357837953	-6.412152824500873e-4	-3.8902439218784635e-4	-0.0010629317368072429	0.5513839949717232	0.49919298276105595	0.4662233419558004	0.5056001065628598	0.07164163309304081	0.06653636045746396	0.07311660818130082	0.07043153391060188	0.1608983415505708
-966	TRUE	FALSE	FALSE	FALSE	52818	0.51631085814493	0.4661818344708782	0.4298746920394496	0.4707891282184193	0.5132882749877994	0.46455973213205853	0.4282375580180466	0.4686951883793015	-0.0030225830327521817	-0.0016221024418544207	-0.001637133715087474	-0.0020939397298980257	0.5508222146107806	0.4990391228820814	0.4659146679891629	0.5052586684940084	0.07204529630264431	0.06733667885331009	0.0737170856855245	0.07103302028049296	0.16043144342384327
-965	TRUE	FALSE	FALSE	FALSE	52815	0.5165831695499719	0.46632580628523007	0.4303063796732374	0.4710717851694798	0.5126363412096965	0.4642828778627003	0.4286901894513768	0.4685364695079245	-0.00394682858051758	-0.002042928350287808	-0.001616190371245879	-0.002535315767350422	0.550375322755986	0.49881369590071334	0.46639570002971475	0.5051949062288047	0.07153113443912083	0.06701870715002484	0.07379483086829132	0.07078155748581233	0.14437807424904373
-964	TRUE	FALSE	FALSE	FALSE	52812	0.5172721246999079	0.466760957097145	0.4305526672610575	0.4715285830193702	0.5162831999039365	0.4664402489425414	0.43028529564177553	0.4710029148294178	-9.889253020883713e-4	-3.207081120710047e-4	-2.6737171017641445e-4	-5.256683747785969e-4	0.5528877829668691	0.5002416700450599	0.46711335999386866	0.5067476043352659	0.07222024141310962	0.06728213380218573	0.07338875750409947	0.07096371090646494	0.1592460802582566
-963	TRUE	FALSE	FALSE	FALSE	52824	0.5171210157331417	0.46694038873676247	0.43071340619381077	0.4715916035545717	0.5149981534142913	0.46606229782609454	0.4302888988583226	0.47044978336623616	-0.0021228621042114295	-8.780905780021363e-4	-4.2450772034457063e-4	-0.0011418201341860455	0.5521186206871107	0.5001099404988223	0.46749225771557534	0.5065736063005027	0.07211807269788764	0.0672171945243266	0.0739822103950223	0.07110582587241218	0.1575496367349024
-962	TRUE	FALSE	FALSE	FALSE	52815	0.5173703810695761	0.46712449872306605	0.4308510143480834	0.4717819647135752	0.5147862430798753	0.46585522012260755	0.429383144293912	0.4700082024987983	-0.0025841383478267307	-0.0012692785949045705	-0.0014678698460478103	-0.0017737622629263705	0.5520605764902432	0.5000864972936439	0.467051465858727	0.5063995132142046	0.07196452939528036	0.06719327558784166	0.07386877313372359	0.07100885937228187	0.13419096910744405
-961	TRUE	FALSE	FALSE	FALSE	52815	0.517661793680091	0.46758796648053624	0.43126491498294794	0.47217155838119174	0.5168569149691304	0.4682102094630266	0.4314342757213928	0.4721671333845166	-8.048779576479656e-4	6.222427872380765e-4	1.69361080345407e-4	-4.424696688160577e-6	0.5529583187253436	0.5014616195741435	0.46800773076000285	0.5074758896864967	0.07139792867822951	0.06712506307848354	0.07331627047253363	0.07061308740974889	0.15395205905904333
-960	TRUE	FALSE	FALSE	FALSE	52818	0.5179024864344346	0.46725114811346663	0.4309955937204859	0.47204974275612904	0.5150812845936826	0.4666666745340672	0.4296474410488766	0.4704651333922088	-0.002821201886602817	-5.844734618831496e-4	-0.0013481526194148849	-0.0015846093226336174	0.5522661372456188	0.5005244523429434	0.46694103810345994	0.5065772092306741	0.07154850303870354	0.0671310819842713	0.07323904145906734	0.07063954216068072	0.1503267065868232
-959	TRUE	FALSE	FALSE	FALSE	52824	0.5180170549821727	0.4677609444134635	0.4314513832313541	0.47240979420899676	0.5163492201655473	0.4675148708626727	0.4309722296460551	0.47161210689142496	-0.0016678352101641852	-2.460732414596191e-4	-4.791539898017297e-4	-7.97687480475178e-4	0.5535524391850631	0.501488559414248	0.4681081391323372	0.5077163792438828	0.07273860264615745	0.06770130399145514	0.07379266565049636	0.07141085742936965	0.1535491826190871
-958	TRUE	FALSE	FALSE	FALSE	52830	0.5178518605145732	0.4674349341353458	0.43112226122612096	0.47213635195868003	0.5155654352475623	0.46714306745137035	0.4307254924719755	0.47114466505696934	-0.0022864254562364335	-2.918662172400094e-4	-3.967685249105905e-4	-9.91686732795678e-4	0.5526463654252753	0.5008155393609426	0.46771094679912817	0.5070576171951153	0.07187543458557286	0.06705307733216832	0.0735741401236999	0.07083421734714702	0.16510925559161208
-957	TRUE	FALSE	FALSE	FALSE	52827	0.5181714648526238	0.4677616102684615	0.4315600245213304	0.4724976998808052	0.5156504804460861	0.46700800020203326	0.43065897399983966	0.47110581821598635	-0.002520984868110732	-7.53610548292534e-4	-9.010502750463437e-4	-0.00139188189714987	0.5528213438944886	0.5008385519357555	0.46783748522543983	0.507165793685228	0.07182074243985136	0.06690749290385391	0.07345597195490791	0.07072806909953773	0.15840365667636366
-956	TRUE	FALSE	FALSE	FALSE	52818	0.5178314330661808	0.4677676458451531	0.43170740048867495	0.47243549313333627	0.5164254298925236	0.4680912521354785	0.43196585131446613	0.4721608444474894	-0.0014060036580129307	3.23606764952506e-4	2.5845014246518995e-4	-2.746489168650783e-4	0.5528239278013267	0.5012942596142961	0.4683602125179688	0.5074927999778639	0.07139099230522704	0.06672962136570329	0.0730471729183532	0.07038926219642785	0.1397313416720301
-955	TRUE	FALSE	FALSE	FALSE	52818	0.5184121033601918	0.467970536809692	0.4321147385862553	0.4728324595853797	0.5163259439755429	0.46746649884233715	0.43119892688076455	0.4716637898995482	-0.002086160076481033	-5.040375788750906e-4	-9.158120952001326e-4	-0.0011686699168520854	0.5528363843667344	0.5009819577770049	0.4681383785012311	0.5073189068816568	0.07093472180549772	0.06652687979368532	0.0729630917960046	0.07014156446506255	0.16141343859990026
-954	TRUE	FALSE	FALSE	FALSE	52824	0.5188155079776434	0.4682350466818763	0.43220668955546315	0.473085748071661	0.5164692564552976	0.4679422818563344	0.4316936707491925	0.47203506968694153	-0.002346251459469998	-2.9276540890881366e-4	-5.130189327742574e-4	-0.0010506786003843561	0.5531858701615109	0.5013392849174603	0.4683078707654361	0.5076110086148024	0.07108697606230187	0.06650124155184979	0.07271538160289504	0.07010119973901556	0.14395235133879283
-953	TRUE	FALSE	FALSE	FALSE	52827	0.5187628595801898	0.46846416219517784	0.4324196231610258	0.4732155483121312	0.5163379062136002	0.4680100276229006	0.4319858242733219	0.47211125270327425	-0.0024249535455466236	-4.5413438948004427e-4	-4.33799016370729e-4	-0.001104295650465799	0.5532871479367457	0.5017108622424121	0.4689006551683639	0.5079662217825073	0.07147353031950018	0.06694753487177005	0.07339586281151157	0.07060564266759393	0.15535487559383185
-952	TRUE	FALSE	FALSE	FALSE	52824	0.5189014034161809	0.4685786947932343	0.43253410619730825	0.4733380681355745	0.5160500499702703	0.4673808593575487	0.4312335369656258	0.47155481543114824	-0.0028513532237919785	-0.0011978356609939629	-0.001300569173276024	-0.0017832526860206551	0.5534304083360938	0.501620988074668	0.46877351488047225	0.5079416370970781	0.07190936338087296	0.06728242233467918	0.07377938663939528	0.07099039078498247	0.15077436387233645
-951	TRUE	FALSE	FALSE	FALSE	52821	0.5192835798204024	0.4690561166301152	0.43295207396703983	0.4737639234725191	0.5171065812795632	0.4688692621190556	0.43273353443143864	0.4729031259433525	-0.002176998971224546	-1.868542883012684e-4	-2.1853968674601936e-4	-8.607976487572779e-4	0.5537883083218726	0.5022675355629393	0.46920988733761176	0.5084219104074745	0.07118645549061002	0.06660969200922906	0.07273416601765918	0.07017677117249942	0.15161259712231862
-950	TRUE	FALSE	FALSE	FALSE	52818	0.5197107842809127	0.46887255210818474	0.43290538229448994	0.47382957289452915	0.5178729505120043	0.4688469882020421	0.4327876259680182	0.4731691882273549	-0.0018378333481931174	-2.55637711054179e-5	-1.1775615635817898e-4	-6.603844252189047e-4	0.5536992399351445	0.50187369264296	0.46889421760866046	0.5081557167289217	0.06981474493566063	0.06602784452908025	0.07209542727474524	0.06931267224649539	0.155655912742005
-949	TRUE	FALSE	FALSE	FALSE	52815	0.5198005531316883	0.46934298519600837	0.43325249851898584	0.47413201228222746	0.5182231720356274	0.4701239175922339	0.43397402059390294	0.4741070367405881	-0.0015773816300439674	7.809322569782412e-4	7.215222489110631e-4	-2.497570805155435e-5	0.5546405438807844	0.5034000147762504	0.4703630960850639	0.5094678849140329	0.0712573626892772	0.06733312660748923	0.07349967312204705	0.07069672080627117	0.16829769929656846
-948	TRUE	FALSE	FALSE	FALSE	52818	0.5196433863946166	0.4689667265601289	0.4329208462818147	0.4738436530788534	0.5184491203412654	0.4690238953864918	0.4336037005986552	0.47369223877547084	-0.0011942666805971741	5.716877394582339e-5	6.828543767822465e-4	-1.5141450995636806e-4	0.5548844425831094	0.5025156021326611	0.46964763358262046	0.5090158927661304	0.07167637826389384	0.0670405822478296	0.07277072003648052	0.07049589351606798	0.14787867769764426
-947	TRUE	FALSE	FALSE	FALSE	52812	0.5199708205795366	0.46932476412271673	0.43339550194970033	0.4742303622173179	0.5179274620504893	0.4694284964339729	0.4333059746788269	0.4735539777210964	-0.002043358871471358	1.0373211464704039e-4	-8.952696154585694e-5	-6.763845727900581e-4	0.5542084814876477	0.5021104849211596	0.46950160723407963	0.5086068578809623	0.07051868076683562	0.06546770919408171	0.07230173811550802	0.06942937602547512	0.15371796198232138
-946	TRUE	FALSE	FALSE	FALSE	52818	0.5195959254571433	0.4693120301046827	0.4333240667629559	0.47407734077492725	0.5174194728196023	0.46965982787376576	0.4332330666682656	0.47343745578721125	-0.002176453040447017	3.477984326972045e-4	-9.100064181852021e-5	-6.398850831894441e-4	0.5539814951366353	0.5026122867309801	0.46968893267751716	0.5087609048483774	0.07094759241395945	0.06625271522659382	0.07282073237698239	0.07000701333917855	0.15525241384557142
-945	TRUE	FALSE	FALSE	FALSE	52824	0.5200340151452579	0.46939207355240553	0.4335404633839702	0.4743221840272112	0.5181026792202599	0.4705378941175846	0.43450929407126476	0.47438328913636973	-0.0019313366517952444	0.00114582020955841	9.688305586900448e-4	6.110470548440355e-5	0.5545877266684757	0.503163834674045	0.4707055520197844	0.5094857044541017	0.07103875865601596	0.06639770151073762	0.07336134644922658	0.07026593553866005	0.1496382327951447
-944	TRUE	FALSE	FALSE	FALSE	52824	0.5202461912075852	0.4696052773581302	0.4336528465563522	0.47450143837402253	0.5201305134338251	0.4708760678507732	0.43561771048723935	0.4755414305906125	-1.1567831746222361e-4	0.00127078979357011	0.001964864209505723	0.0010399918952045365	0.5559033987848032	0.5033910310464843	0.47118799027504604	0.5101608067021112	0.07143009301920802	0.06630071704696244	0.07310542342971196	0.07027874449862748	0.13687113803595016
-943	TRUE	FALSE	FALSE	FALSE	52821	0.520291509269132	0.46980804435205104	0.4338782944219049	0.4746592826810293	0.51840295244832	0.4700047042870423	0.433945931797516	0.47411786284429275	-0.001888557004431533	1.9665971145955022e-4	6.763665779776979e-5	-5.414202117247376e-4	0.5546737251512376	0.5028191330188575	0.46997890080195054	0.5091572529906819	0.07065298855804727	0.06582551749806491	0.07213357529067396	0.06953736044892872	0.1627304483741409
-942	TRUE	FALSE	FALSE	FALSE	52815	0.5204548695586487	0.4699892289188401	0.4340752430880668	0.47483978052185183	0.5187120930325044	0.46965062476623026	0.4336104426749181	0.47399105349121756	-0.0017427759491775822	-3.386041661542137e-4	-4.6479982759151757e-4	-8.487266476411044e-4	0.5552801712923906	0.5025838519634506	0.47006734695195374	0.5093104567359317	0.07139337978449775	0.06552785010885089	0.07244900764421404	0.06979007917918756	0.1596874752010911
-941	TRUE	FALSE	FALSE	FALSE	52821	0.5207498335844624	0.4703105816141417	0.43430014726190097	0.47512018748683504	0.5187846597933335	0.4705085835067793	0.434537350808148	0.4746101980360869	-0.0019651738316651722	1.9800202263545185e-4	2.3720308614704754e-4	-5.099895742942242e-4	0.5557570442291137	0.5038408929023971	0.47101611476848543	0.5102046839666654	0.07197959553766568	0.06686262153166013	0.07319473142563608	0.07067898283165397	0.1508645995338308
-940	TRUE	FALSE	FALSE	FALSE	52824	0.5212865916722554	0.4701690931858882	0.4342675171676109	0.4752410673419182	0.5192358095344745	0.469875142867483	0.4336991277567034	0.47427002671955365	-0.0020507825880715833	-2.939504406632205e-4	-5.683895350935503e-4	-9.710408546094512e-4	0.5564051205583603	0.5034808541033033	0.47065606622579725	0.5101806802958203	0.07228783969552464	0.06691747221735929	0.07334548729120413	0.07085026640136269	0.16581173391028475
-939	TRUE	FALSE	FALSE	FALSE	52821	0.5211441802552319	0.47049457510827913	0.4345553044291807	0.47539801993089725	0.5183362528828918	0.47027401738489255	0.43394595019815535	0.47418540682197985	-0.002807927823991432	-2.2055751389230414e-4	-6.093542341943117e-4	-0.0012126131906926823	0.5559641503048909	0.5041417992983824	0.47109659298964446	0.5104008475309726	0.07244786742226916	0.06751500624579822	0.07369193104201618	0.07121826823669453	0.1452080423848699
-938	TRUE	FALSE	FALSE	FALSE	52821	0.5211581046509809	0.47020788779110956	0.4342016996073567	0.47518923068314906	0.5185908465087127	0.4695249133898318	0.433861919762987	0.47399255988717715	-0.0025672574166420246	-6.829744541639915e-4	-3.3977924138108896e-4	-0.001196670370729035	0.5557090482914315	0.5031018653778603	0.4705214579595619	0.5097774572096179	0.0716691458887417	0.06647092930751333	0.0729792963410313	0.07037312384576212	0.15580564529185326
-937	TRUE	FALSE	FALSE	FALSE	52818	0.521484419498233	0.4705873713692258	0.4347534627816547	0.4756084178830378	0.5191327682970193	0.4704484592560822	0.4346365516866826	0.47473925974659464	-0.0023516513392452883	-1.389121780070296e-4	-1.169113934571036e-4	-8.691583035698071e-4	0.5563503579799687	0.5039653777837212	0.4713822853705257	0.5105660070447385	0.07208352752517685	0.06689492430878374	0.07337455637911217	0.07078433607102425	0.15521208723981433
-936	TRUE	FALSE	FALSE	FALSE	52818	0.5210118774210951	0.47050302203684047	0.4345009451334913	0.47533861486380896	0.5180115135080052	0.46961353540850015	0.4340704603918459	0.47389850310278375	-0.003000364021746857	-8.894868904608606e-4	-4.3048433589565306e-4	-0.0014401117493677903	0.5559184911990253	0.5037135336765346	0.47117815058436435	0.5102700584866414	0.07281359065764402	0.06731050984217472	0.0737848957042728	0.07130299873469718	0.14506781826768803
-935	TRUE	FALSE	FALSE	FALSE	52815	0.5212860687343784	0.4705470984869402	0.4347692078652465	0.475534125028855	0.5186653000981959	0.47030360214804245	0.4346634988368372	0.47454413369435844	-0.0026207692709526555	-2.4349674959425537e-4	-1.0570879234669131e-4	-9.899916042978673e-4	0.5562476824694678	0.5039012787585436	0.4713809661369102	0.5105099757883073	0.07254399550892558	0.0669518571376716	0.0733292256228543	0.07094169275648382	0.1572176650277736
-934	TRUE	FALSE	FALSE	FALSE	52812	0.5211989866216604	0.47060340942651774	0.4346718428814714	0.47549141297654984	0.5174651794022174	0.46945099402062773	0.43362311116661845	0.4735130948631545	-0.003733806958718705	-0.001152415078194711	-0.0010487318681855627	-0.0019783179683663258	0.5554515331046812	0.503201806261111	0.47068470517503314	0.5097793481802751	0.07223889971212004	0.06634920907012913	0.07307445654029912	0.07055418844084943	0.17067620983851525
-933	TRUE	FALSE	FALSE	FALSE	52806	0.5213620500073725	0.4708424604192071	0.43491318059828965	0.47570589700828975	0.5185067326501137	0.4703801861983682	0.4348226182196474	0.47456984568937643	-0.0028553175702841355	-4.622745009313109e-4	-9.056183604069372e-5	-0.0011360513024187135	0.5557946160805569	0.5037456484518414	0.4711633639317171	0.5102345428213718	0.0717204496737439	0.06626865015347047	0.07259092927972291	0.07019334303564576	0.16710294256639957
-932	TRUE	FALSE	FALSE	FALSE	52815	0.5218393465759498	0.4713094816255427	0.4354265684314367	0.476191798877643	0.521045850089517	0.4716294402948782	0.43671764347852376	0.4764643112876397	-7.934968140430056e-4	3.199587435783862e-4	0.0012910756598365977	2.7251252979065946e-4	0.5575159780029132	0.5047460774727709	0.47258796177060103	0.5116166724154283	0.07214675888984522	0.06655323257024648	0.07303171200613741	0.07057723448874303	0.1687476287589844
-931	TRUE	FALSE	FALSE	FALSE	52806	0.5220716872959063	0.47155767007136556	0.43564591287847426	0.4764250900819154	0.52147332785951	0.4720524446493665	0.4359504508870511	0.47649207446530917	-5.983590475451313e-4	4.947745056003524e-4	3.045382097502291e-4	6.698455593515008e-5	0.5577149426919936	0.5049508202922811	0.4722958053475768	0.5116538561106172	0.07188487056337028	0.06629152550999279	0.07299524710208838	0.07039054772515049	0.1586998067782606
-930	TRUE	FALSE	FALSE	FALSE	52803	0.5226909989507806	0.47146857760602756	0.4356243161979821	0.47659463091826343	0.5209525459961797	0.47109765359444333	0.43577533684176034	0.47594184547746105	-0.0017384532755534059	-3.7092383962852296e-4	1.510209709955545e-4	-6.527853813954581e-4	0.5578182026716887	0.5046405519341379	0.4724244280132079	0.5116277275396781	0.07199286014073826	0.06671487253100528	0.07344920328368473	0.07071897865180941	0.1578015455870686
-929	TRUE	FALSE	FALSE	FALSE	52797	0.5217478140679761	0.47108477073065236	0.4352157976145843	0.47601612747107086	0.522038523798137	0.472442678722475	0.43668723340405813	0.4770561453082234	2.907089276077883e-4	0.0013579085293637186	0.0014714353908528818	0.0010400176159414628	0.5580933465785458	0.5054221042402114	0.47261017805477273	0.5120418762911766	0.07240035531072561	0.06731675930735541	0.07331732501582118	0.0710114798779674	0.15202835414251215
-928	TRUE	FALSE	FALSE	FALSE	52800	0.5219642387609188	0.47099360107193206	0.434972914686195	0.4759769181730153	0.5218686647836691	0.47165191812163987	0.43550149605719773	0.4763406929875022	-9.557399245081234e-5	6.583172723752765e-4	5.285823403422596e-4	3.637752067555744e-4	0.557896325170753	0.5048068116527915	0.47197379813608353	0.511558978319876	0.07195974676068961	0.06696810462545628	0.07347318548817885	0.07080034562477491	0.15299789750326123
-927	TRUE	FALSE	FALSE	FALSE	52791	0.5220453157011823	0.47116310330383604	0.4353514967529385	0.47618663858598564	0.5210505270494329	0.47159759045739064	0.4357079015563843	0.4761186730210693	-9.947893496087855e-4	4.344871837781228e-4	3.5640496485635556e-4	-6.796573365810233e-5	0.5577099548700354	0.5049991361383719	0.4721837594615039	0.5116309501566371	0.07232406675523806	0.06723757877097611	0.07330812090608996	0.07095658881076804	0.16022356058941647
-926	TRUE	FALSE	FALSE	FALSE	52797	0.521588641340499	0.4712684306694528	0.435290939624788	0.47604933721157994	0.5210712469690478	0.47148386466311626	0.4354153641978725	0.47599015861001215	-5.173944433326481e-4	0.00021543382496130089	1.2442482280390784e-4	-5.917859852247991e-5	0.5573663050165775	0.5046291488701963	0.4716214088449728	0.5112056209105822	0.07207272151180544	0.0665060029128172	0.07253651424898618	0.07037174622453628	0.15035280395672726
-925	TRUE	FALSE	FALSE	FALSE	52800	0.5221026709710478	0.4715126390733533	0.4357813828724122	0.4764655643056044	0.5216522308220859	0.47220498543930234	0.4365815655197528	0.4768129272603804	-4.5043979428327355e-4	6.92346673173894e-4	8.001827420831633e-4	3.473632069912613e-4	0.5579144000063337	0.505003294306491	0.4727344142586652	0.5118840361904966	0.07207389821539817	0.06628896373321679	0.07310587997504452	0.07048958064121982	0.14342897665308554
-924	TRUE	FALSE	FALSE	FALSE	52794	0.522348986567711	0.4717621818496352	0.43581045519497985	0.47664054120410865	0.5204864699549485	0.47214290579907786	0.4360683084545248	0.47623256140285036	-0.001862516051082477	3.807242228797136e-4	2.5785351283530314e-4	-4.0797943845582e-4	0.557336154834363	0.5050197602922647	0.47209776536276876	0.5114845601631322	0.07183685341094552	0.06613443248889192	0.07231676652684974	0.07009601747556239	0.15004227743189966
-923	TRUE	FALSE	FALSE	FALSE	52791	0.5224724890764458	0.47193187489564503	0.43617422369383646	0.4768595292219758	0.5215055778350921	0.4726438412203428	0.4368458352951504	0.4769984181168618	-9.669110710449366e-4	7.119665769219127e-4	6.716107849219507e-4	1.3888876359964214e-4	0.5575975133648393	0.5051520014183666	0.47246947437113607	0.5117396630514472	0.07121695949207058	0.06572828688186523	0.07191888946493333	0.06962137861295638	0.14952844276781554
-922	TRUE	FALSE	FALSE	FALSE	52794	0.5231973828780982	0.47252926283628827	0.4366361764346501	0.47745427404967883	0.522268223529618	0.47377767965673256	0.43851923941820525	0.47818838086818527	-9.291594119773468e-4	0.0012484164028544263	0.0018830638414477781	7.341069441082859e-4	0.5589189759207711	0.5062660152625598	0.4739052151117474	0.5130300687650261	0.07237234525034905	0.06622508840901208	0.07265501434879888	0.07041748266938666	0.16357989587175628
-921	TRUE	FALSE	FALSE	FALSE	52794	0.523191609809723	0.47274591906389957	0.436829767249708	0.4775890987077769	0.5210159748562376	0.4725305486170733	0.43692263334720893	0.4768230522735067	-0.0021756350461874653	-2.153701225297666e-4	9.286668257402282e-5	-7.660461620477364e-4	0.5577514461801537	0.5054369098336382	0.47282873310405454	0.5120056963726155	0.07129530791670868	0.06559735173221623	0.07190506593223613	0.06959924186038702	0.16067615604005456
-920	TRUE	FALSE	FALSE	FALSE	52794	0.5238674425335805	0.4727757166215752	0.43690089201304755	0.4778480170560677	0.5232646906856456	0.4736448110630508	0.4381792925385096	0.4783629314290687	-6.027519493679418e-4	8.690942522142724e-4	0.0012784005645356058	5.149142891273121e-4	0.5593133053520567	0.5061083287576156	0.47362337884259137	0.5130150043174212	0.07149447783803133	0.0657961298041614	0.0721665731570134	0.06981906026640204	0.15445516553862032
-919	TRUE	FALSE	FALSE	FALSE	52800	0.523542029073894	0.47288224992817696	0.43703120429382375	0.47781849443196495	0.5228246865924047	0.47391266951554284	0.43832337505897173	0.47835357705563974	-7.173429652756969e-4	0.0010304193211076547	0.0012921714433364317	5.350825997227966e-4	0.5586862035337573	0.5061450706235258	0.4735421418642241	0.5127911386738357	0.07100569136540962	0.06549522153064784	0.07172970402072705	0.06941020563892816	0.1471856251180262
-918	TRUE	FALSE	FALSE	FALSE	52800	0.5239047515062343	0.47284016176673727	0.4369594969270232	0.47790147006666495	0.5247451949092269	0.47515896643857175	0.43987272944748357	0.47992563026509405	8.40443193538165e-4	0.0023188042478362405	0.0029132329537219183	0.002024160131698775	0.559779328350217	0.5066596251561202	0.47439338200654463	0.5136107785042939	0.07090871036316486	0.06532012202060455	0.07195453756869105	0.06939445665082015	0.156945795760363
-917	TRUE	FALSE	FALSE	FALSE	52794	0.5242488713240597	0.4731152350759612	0.43742917078106575	0.4782644257270289	0.5222804667506048	0.47433748098667483	0.4388358857853834	0.4784846111742211	-0.0019684046358095105	0.0012222465801605428	0.001406715387614119	2.201857773217171e-4	0.5585947974561545	0.5063724366714404	0.47381176272471015	0.5129263322841017	0.0706602575436354	0.06529215720066507	0.07135846908488279	0.06910362794306109	0.1432455965009753
-916	TRUE	FALSE	FALSE	FALSE	52800	0.5235243562054356	0.47295659845295557	0.43707645042118665	0.4778524683598593	0.5229401302551463	0.4748244023832477	0.43850280939188074	0.47875578067675817	-5.842255000325096e-4	0.0018678042377458179	0.0014263587460479014	9.0331249458707e-4	0.5592483046850077	0.5070059457305616	0.4740777884000142	0.5134440129385278	0.07203212260408443	0.06623089069328653	0.07257631701210762	0.07027977676982619	0.13296380699587065
-915	TRUE	FALSE	FALSE	FALSE	52800	0.524065508235211	0.4732265606792483	0.43761988623787895	0.47830398505077937	0.523641456384138	0.47426101122850256	0.4395516190172685	0.4791513622099697	-4.2405205103370353e-4	0.001034451084344481	0.001931732305271517	8.473771128607649e-4	0.5591027225447757	0.5063407581012999	0.47439199146830413	0.5132784907047933	0.07049848035854209	0.06519394442402283	0.07161247764036033	0.06910163414097507	0.16633147759640865
-914	TRUE	FALSE	FALSE	FALSE	52809	0.5243039510125413	0.4736091343085849	0.4376588199726281	0.47852396843125145	0.5238474864873839	0.4749542746498169	0.4398553946691669	0.47955238526878924	-4.564642848469997e-4	0.0013451411866492796	0.0021965752276722284	0.0010284173764915027	0.5594129692850569	0.5074062053423107	0.47515993998490164	0.5139930382040897	0.07067450191395869	0.06624900174037526	0.07280566561008954	0.06990972308814115	0.1669318301687241
-913	TRUE	FALSE	FALSE	FALSE	52815	0.524519163054728	0.47371369563188187	0.43788236619109117	0.47870507495923365	0.5225170958185824	0.4735954969806641	0.43832296378603613	0.4781451855284276	-0.00200206685564446	-1.181988296432547e-4	4.40596919075641e-4	-5.59889588737358e-4	0.5586910741817134	0.5064176315745101	0.47404654029837484	0.5130517486848661	0.07034588918853137	0.06552607068377155	0.07188775099296009	0.06925323695508767	0.1608564608913347
-912	TRUE	FALSE	FALSE	FALSE	52809	0.5248241867708219	0.47400624328452273	0.4380419634486542	0.478957464501333	0.5230586464845213	0.47424468167204786	0.4388323657046402	0.4787118979537364	-0.001765540671905337	2.384383344775474e-4	7.904019685957184e-4	-2.4556678961069043e-4	0.5592208319811005	0.5068491508090629	0.4746088661919404	0.513559616327368	0.07055883057269197	0.06544737645917736	0.07234340391065823	0.06944987031417585	0.16213997603841393
-911	TRUE	FALSE	FALSE	FALSE	52800	0.5248470317901438	0.47419262029675385	0.43811887639711067	0.4790528428280028	0.5251228939440032	0.4755488729328424	0.4401499945653797	0.4802739204807418	2.7586252277591694e-4	0.001356252327210214	0.0020311183195119357	0.0012210777231660222	0.5607271499651187	0.5080385636318536	0.47558284805009915	0.5147828538823572	0.07148437425174445	0.06633563340410667	0.0728968251225829	0.070238944259478	0.17659534102686766
-910	TRUE	FALSE	FALSE	FALSE	52797	0.5253597990343883	0.4740928947484061	0.43809138393255165	0.47918135923844873	0.5261524045330007	0.4757468598690148	0.44010434895595024	0.48066787111932197	7.926057824306678e-4	0.0016539649399886318	0.0020129653627927323	0.0014865120284040109	0.5610079421610018	0.5076283105561208	0.4754777161853632	0.5147046563008286	0.07050368114740235	0.06541686666270276	0.07275969940322825	0.06956008240444445	0.15327166346537424
-909	TRUE	FALSE	FALSE	FALSE	52791	0.5252099723618545	0.47431930240058257	0.43844161975884205	0.479323631507093	0.5261558231236533	0.47612362895964383	0.4407263540675367	0.48100193538361125	9.458502998585119e-4	0.001804325987005619	0.002284734304927368	0.0016783035305971664	0.5608025636472121	0.5079182264914944	0.47574595808907344	0.51482224940926	0.0702393316909273	0.06539352132175268	0.07232394209398732	0.06931893170222243	0.16328198008096953
-908	TRUE	FALSE	FALSE	FALSE	52791	0.525651196852822	0.474376650283739	0.4384814649500689	0.4795031040288767	0.5259535441966223	0.47599826217126595	0.4408582943420338	0.4809367002366407	3.0234703971312337e-4	0.001621612014603556	0.0023768299132022907	0.0014335963225063232	0.5612062703461602	0.5083254637777774	0.4763218617630544	0.5152845319623307	0.07080779971165921	0.06627601509720156	0.07330396391654655	0.07012925957513577	0.15383025543053344
-907	TRUE	FALSE	FALSE	FALSE	52791	0.5261923408763836	0.4748834706225668	0.4391627188805046	0.48007951012648503	0.526757201923007	0.47619377821559167	0.44142715002784705	0.4814593767221485	5.648609582318765e-4	0.0013103080258581841	0.0022644320532622443	0.0013798670124507684	0.5620066930388876	0.5085686020946587	0.476729578602893	0.5157682912454798	0.0710638428178999	0.06605995585976919	0.0728692885147635	0.06999769573081085	0.1481482639016196
-906	TRUE	FALSE	FALSE	FALSE	52788	0.5258593506756003	0.4750546922399642	0.4392485048903949	0.48005418260198657	0.5248818013240355	0.4758722073497233	0.4401380151793762	0.4802973412843783	-9.77549308466837e-4	8.175147482983595e-4	8.89510482308824e-4	2.4315864071344887e-4	0.5605395245251887	0.5084254839183607	0.4759344977937547	0.5149665020791013	0.0703378977546302	0.06592406855873115	0.07248247566973058	0.06958148066103063	0.14461076414514354
-905	TRUE	FALSE	FALSE	FALSE	52797	0.5263117868009165	0.47520432604445445	0.4397430977570345	0.4804197368674685	0.5260249368468239	0.47663960763915253	0.4414047817930159	0.48135644209299744	-2.8685026102645735e-4	0.0014352818367305224	0.0016616847739607925	9.367054498882858e-4	0.5618030575779561	0.5089860217119289	0.477069574749014	0.515952884679633	0.07126939167264368	0.06612810970716447	0.07299126956517314	0.07012959031499376	0.1489667597058807
-904	TRUE	FALSE	FALSE	FALSE	52797	0.526116654970424	0.4753072499898298	0.4396205228950835	0.48034814261844583	0.5251149855975841	0.47606811867832	0.44056906623079944	0.4805840568355679	-0.0010016696233673599	7.608685155385154e-4	9.485427660810009e-4	2.3591388608405214e-4	0.5617129340452671	0.509136205263861	0.47675281790056734	0.5158673190698986	0.07219422769104863	0.06689704194612384	0.07331604607427752	0.07080243857048334	0.16440945511105523
-903	TRUE	FALSE	FALSE	FALSE	52791	0.5265089887054304	0.47564135434172516	0.440112604423108	0.48075431582342126	0.5258921777262004	0.47713651087500364	0.441553446936927	0.48152737851271044	-6.168100766422919e-4	0.0014951569872859313	0.0014408427898631225	7.73063233502254e-4	0.5623878070694011	0.5099986705521276	0.4776438076040112	0.5166767617418466	0.07237444727906027	0.06721947564815799	0.07362156377022312	0.07107182889914714	0.16468011623686493
-902	TRUE	FALSE	FALSE	FALSE	52803	0.5268864007162709	0.47590894763891445	0.44029830600724246	0.48103121812080923	0.5243357271999912	0.4760731621268307	0.44080928865791696	0.4804060593282463	-0.002550673344118522	1.6421465999389226e-4	5.10981981983393e-4	-6.251589007137458e-4	0.5621218140500401	0.5095679650837885	0.4773477201200572	0.5163458330846286	0.07302149960801212	0.06715382037998448	0.07358784572934575	0.07125438857244745	0.1491244816221085
-901	TRUE	FALSE	FALSE	FALSE	52791	0.5272000225137832	0.4763674952323838	0.44077657898268324	0.48144803224295	0.5245460664182573	0.4755222156854636	0.44050387186680634	0.48019071799017576	-0.0026539572073287715	-8.452789672015741e-4	-2.727064530668504e-4	-0.0012573142091990655	0.5621607045802484	0.5092625815493523	0.4774451563511384	0.5162894808269131	0.07257531995572165	0.06663545242700955	0.0736098618247453	0.07094021140249217	0.16140512603036267
-900	TRUE	FALSE	FALSE	FALSE	52791	0.5278675788523077	0.4764811637347562	0.44090674002817215	0.481751827538412	0.5240813311209144	0.4760825478317981	0.44111816415695565	0.48042734770322265	-0.003786247848608405	-3.9861542054994605e-4	2.1142391878423896e-4	-0.0013244797834580373	0.5619027401261883	0.5093937700738507	0.477276029010852	0.5161908464036303	0.07185656997450166	0.06622382854393857	0.07252715418783036	0.07020251756875685	0.16125492984824616
-899	TRUE	FALSE	FALSE	FALSE	52776	0.527493268969486	0.4765039749152832	0.44101113319230734	0.48166945902569214	0.5243682855810116	0.47651210409294104	0.44110453895796087	0.4806616428773045	-0.0031249836300718896	8.128549872163487e-6	9.340557557013602e-5	-0.0010078165015431967	0.5618269935485042	0.5097768184807339	0.4774537779103702	0.5163525299798695	0.0717924325141422	0.06653755803898793	0.07279188334866868	0.07037395796726627	0.15329058722714467
-898	TRUE	FALSE	FALSE	FALSE	52773	0.5275812021119355	0.4764748253278068	0.4409977926983742	0.48168460671270547	0.5247462699917015	0.4762986730223554	0.4411501251349749	0.48073168938301064	-0.0028349319213069432	-1.7615232257253528e-4	1.5233264416981474e-4	-9.529171999032213e-4	0.5621946622006571	0.5096078262892834	0.47749894399210213	0.5164338108273475	0.0720618526189261	0.06644215419430653	0.07284996986376725	0.07045132555899997	0.1552261951697322
-897	TRUE	FALSE	FALSE	FALSE	52773	0.5280168584106097	0.4768271721585435	0.4415659596327888	0.4821366634006473	0.5263643159326141	0.47761254384139895	0.4427684149176693	0.48224842489722747	-0.0016525423145088227	7.853713602868674e-4	0.0012024555275904536	1.1176152445616596e-4	0.5634533472485164	0.5109522179415114	0.47909267861089266	0.5178327479336401	0.07252552029195668	0.0674647199708427	0.07385098278706896	0.07128040768328944	0.14468841986053632
-896	TRUE	FALSE	FALSE	FALSE	52767	0.5274871706806359	0.4768447371871999	0.44142698246903495	0.4819196301122902	0.5263807987256098	0.47753254403769707	0.44262517014523917	0.4821795043028487	-0.0011063721033781292	6.878068004255786e-4	0.0011981880183599125	2.5987423846912064e-4	0.5625162526848778	0.5101466820702755	0.4779424179567313	0.5168684509039615	0.07116453607197969	0.06591608276738779	0.07183268355643266	0.06963776746526672	0.14906219796085668
-895	TRUE	FALSE	FALSE	FALSE	52761	0.5280828254507455	0.47720770356900943	0.4421345708512841	0.4824750332903463	0.5282878836362731	0.4784421660920931	0.4442312681509993	0.4836537726264551	2.050584136001724e-4	0.0012344630306033208	0.0020966976145541955	0.0011787396862525629	0.5634445699596188	0.5107031029533451	0.478899425400607	0.5176823661045237	0.07051843108316634	0.06575633619966147	0.0714330114843412	0.069235926255723	0.16545311887464303
-894	TRUE	FALSE	FALSE	FALSE	52755	0.527901685289477	0.47739349450744983	0.4421459986109949	0.4824803928026406	0.5270675036496885	0.47794207012633366	0.44358490232115855	0.4828648253657269	-8.341821722246855e-4	5.485762257394447e-4	0.001438903662430097	3.844325719816189e-4	0.5623459683911944	0.5105789039041145	0.47896569889128976	0.5172968570621995	0.06972274831788242	0.06582224336390687	0.07220049691970525	0.06924849620049818	0.14336178522551193
-893	TRUE	FALSE	FALSE	FALSE	52749	0.5280262786231052	0.4776600545497057	0.4425690790544305	0.48275180407574714	0.5277186724473439	0.47806454133897086	0.4440146788103266	0.48326596419888046	-3.076060777109765e-4	4.0448706627617534e-4	0.00144559944630827	5.141601449578228e-4	0.562657377687288	0.5105922500272956	0.478916716172964	0.5173887812958492	0.06956980483183621	0.06545990362678943	0.0712496749595446	0.06875979447272342	0.1658988794383281
-892	TRUE	FALSE	FALSE	FALSE	52758	0.5285941861588257	0.47808052920034744	0.442884371443813	0.48318636226766204	0.5282084901308917	0.47918386257721907	0.44430340727379014	0.48389858666063357	-3.856970763115608e-4	0.0011033333349955102	0.0014190357418566435	7.122240001801976e-4	0.56331766630123	0.5114225323370363	0.47934327311965347	0.5180278239193066	0.06983265644178084	0.06558067231163502	0.071498767594235	0.06897069878255029	0.15391385180806655
-891	TRUE	FALSE	FALSE	FALSE	52746	0.5289204456235148	0.47831383510079556	0.4431864513069897	0.4834735773437667	0.528202580607271	0.48009837269220773	0.4452331333116769	0.4845113622037185	-7.178647033270597e-4	0.001784537794282787	0.0020466825686003905	0.0010377852198520394	0.5634601858023788	0.5122230519314719	0.48026706545758274	0.5186501010638112	0.06979734501198905	0.06603389611105821	0.07211454589859621	0.06931526234054783	0.14771686920413826
-890	TRUE	FALSE	FALSE	FALSE	52746	0.5293528028018041	0.4783215695291721	0.44327288031378603	0.48364908421492075	0.5282235371823117	0.4798773026271083	0.4449211370587376	0.4843406589560525	-0.0011292654754768714	0.0015557333897884035	0.001648257162125763	6.915750254790985e-4	0.5640367222565789	0.5121384010195709	0.48002989714183775	0.5187350068059958	0.07049710480438245	0.06607793035619237	0.07186577756246372	0.06948027090767951	0.1465499372574086
-889	TRUE	FALSE	FALSE	FALSE	52749	0.5290717424763669	0.4783930100094988	0.4432523613812503	0.4835723712890386	0.5284769889713024	0.47991647258071624	0.44473533573509866	0.48437626576237236	-5.947528637118885e-4	0.0015234618052005345	0.001482974495976531	8.03894479155059e-4	0.5641414615495723	0.511916996571726	0.48003657166373365	0.5186983432616773	0.07073419199635997	0.06552451010786561	0.07208544660182377	0.06944804956868313	0.15809759458579195
-888	TRUE	FALSE	FALSE	FALSE	52740	0.5294673158400348	0.4784544679347887	0.44330221151426585	0.48374133176302975	0.5281818053042845	0.47977886095926625	0.44511795131609655	0.4843595391932158	-0.0012855104856356373	0.0013243934142966594	0.0018157401486365245	6.182076924325156e-4	0.5642396980487667	0.5120110970382026	0.4801852760272916	0.5188120237047537	0.0708302752957002	0.06578886522579204	0.07195038943971101	0.06952317665373442	0.14853589271254963
-887	TRUE	FALSE	FALSE	FALSE	52740	0.5299938516065937	0.47908507410858675	0.44415761249358204	0.4844121794029208	0.5288270546732758	0.47997791756263386	0.4455445073370648	0.48478315985765813	-0.0011667964431590183	8.928440425369282e-4	0.0013868955350689312	3.709810448156138e-4	0.5649687489879531	0.512582110724038	0.48115444673261115	0.5195684354815341	0.07111659190304989	0.06610123007696775	0.07260677353436247	0.06994153183812671	0.15188680301229412
-886	TRUE	FALSE	FALSE	FALSE	52743	0.5296094946145481	0.47918176359271114	0.44420405735966123	0.48433177185564014	0.5284954362669987	0.48049339568671445	0.44593386690376396	0.48497423295249237	-0.0011140582900369363	0.0013116321358926095	0.0017298096358906803	6.424611605821178e-4	0.5640703122058335	0.5125200262067132	0.48093211935722086	0.5191741525899225	0.07003569310500092	0.06536489378626652	0.07172631487908102	0.06904230059011615	0.15532148347229224
-885	TRUE	FALSE	FALSE	FALSE	52746	0.5301472976273458	0.47946282689938624	0.44473926444150663	0.48478312965607956	0.5279760299410052	0.4800020745384973	0.4456498601884121	0.48454265488930487	-0.002171267979906835	5.392480491157402e-4	9.105956896940924e-4	-2.4047474703233412e-4	0.5644845856578518	0.5125349281579438	0.4811240082116372	0.5193811740091443	0.07084584324016951	0.06560495468952361	0.07185889220077347	0.0694365633768222	0.15117881873759278
-884	TRUE	FALSE	FALSE	FALSE	52749	0.5299133306850804	0.4796853463939594	0.44479365553818817	0.48479744420574267	0.5281409179082421	0.47954676106892175	0.44475677292479027	0.4841481506339847	-0.0017724132657925592	-1.3858560102844605e-4	-3.6882622261303245e-5	-6.492938296941028e-4	0.5649722072777047	0.5129220716482314	0.4812777043652429	0.519723994430393	0.07189016611422337	0.06661203597957052	0.07300498035296567	0.07050239414891986	0.15575919896643878
-883	TRUE	FALSE	FALSE	FALSE	52749	0.5303149316077337	0.4799885483772031	0.44529208148201055	0.48519852048898243	0.5287173492636515	0.479934751332126	0.4457071027008735	0.48478640109888366	-0.0015975825102704177	-5.379638178826012e-5	4.150210389064873e-4	-4.1211928438406357e-4	0.5654503544987672	0.5130966529136811	0.4819881365288837	0.5201783813137774	0.07186842773402659	0.06627000596450122	0.07297708902238699	0.0703718409069716	0.1451879083561758
-882	TRUE	FALSE	FALSE	FALSE	52746	0.5304427960058458	0.48001609511628535	0.4450246596204578	0.485161183580863	0.5303793370265092	0.48187926814701665	0.4463295634316089	0.4861960562017116	-6.345958799738935e-5	0.0018631730827313759	0.0013049043511140152	0.001034872615282667	0.5660900961545177	0.5140499001195935	0.4822481880918224	0.5207960614553112	0.07135805927580727	0.06620443699264031	0.0731421531057455	0.07023488312473102	0.15241115903529248
-881	TRUE	FALSE	FALSE	FALSE	52749	0.5310606553362328	0.4805790863580365	0.4455293943082413	0.4857230453341702	0.5302658388206121	0.4824005889442167	0.4470669086783937	0.48657777881440756	-7.948162609927052e-4	0.0018215031912228693	0.0015375141702431761	8.547337001577802e-4	0.5663337995148561	0.5145793274481691	0.48254447378986143	0.5211525335842956	0.07134110493510304	0.06617897965449752	0.07249264454426581	0.07000424304462212	0.1479996590186277
-880	TRUE	FALSE	FALSE	FALSE	52752	0.5313404789606957	0.48057958593368744	0.44562631061926183	0.4858487918378817	0.5306464583309493	0.4819285380804934	0.44742599769939206	0.48666699803694485	-6.940205933003898e-4	0.0013489531976346254	0.001799686708100497	8.182064374782443e-4	0.5670540734289661	0.5144129936712961	0.4828933506040207	0.5214534725680943	0.072121210043286	0.06631786318997007	0.07273439319990439	0.07039115547772015	0.16209844148628072
-879	TRUE	FALSE	FALSE	FALSE	52755	0.531494992236662	0.48109689214936147	0.44616258433445244	0.486251489573492	0.5297255124237251	0.48097917256668155	0.44621103941515095	0.4856385748018525	-0.0017694806164115498	-1.1771947327479296e-4	4.84549650644545e-5	-6.129150415406292e-4	0.5669085039531705	0.5146647368583058	0.4828843963201949	0.5214858790438904	0.07259650311892915	0.06725340888842488	0.07339516967659046	0.07108169389464815	0.14350764896956458
-878	TRUE	FALSE	FALSE	FALSE	52752	0.5318802772966023	0.4812362308010439	0.4463784175571349	0.4864983085515937	0.5325444823831207	0.4827654219863372	0.44792305198975263	0.4877443187864035	6.642048748304875e-4	0.0015291910299746866	0.0015446345341089585	0.0012460101463047108	0.5686561105243937	0.5154720390646672	0.4837104888358131	0.5226128794749579	0.07288746161307942	0.06694242533197095	0.07311950855018183	0.07098313183174407	0.1529072455468535
-877	TRUE	FALSE	FALSE	FALSE	52758	0.5322104260932367	0.481640618149022	0.4470498145155643	0.4869669529192743	0.5313349845454352	0.48249978453657333	0.44817244413264684	0.4873357377382185	-8.754411508148572e-4	8.591665824416753e-4	0.001122629519687418	3.687849837714121e-4	0.5677663260805316	0.5152751574083988	0.4840800841851045	0.522373855891345	0.07198724130095456	0.06640991171943814	0.07293790965626422	0.07044502089221898	0.15808233882095316
-876	TRUE	FALSE	FALSE	FALSE	52764	0.5322073805339737	0.481915222339372	0.44724620325785025	0.4871229353770653	0.5309399650561182	0.4831323973210614	0.44892936332826805	0.4876672419018159	-0.0012674151418562807	0.0012171750958225459	0.0016831602112958347	5.443067217540332e-4	0.5676441414323564	0.5159087755231349	0.48464693543984844	0.5227332841317799	0.0721409371398899	0.06676993167638738	0.07311830408394421	0.0706763909667405	0.15220087553105843
-875	TRUE	FALSE	FALSE	FALSE	52758	0.5324763924398712	0.48215742394188893	0.44777154409229974	0.48746845349135337	0.5303742665648138	0.48228775144086355	0.44814002087406873	0.4869340129599154	-0.0021021268091212003	1.303277897876796e-4	3.684775407218185e-4	-5.344404928705672e-4	0.5671919688131568	0.515535918043805	0.4845188440033505	0.5224155769534374	0.07153327889827416	0.06662666031081829	0.07312612330330083	0.07042868750413109	0.1584329577376151
-874	TRUE	FALSE	FALSE	FALSE	52761	0.5322559001846388	0.4824008195845792	0.44784911460478594	0.48750194479133463	0.531754014892008	0.4833955745122282	0.448842181072971	0.48799725682573575	-5.018852265672552e-4	9.947543100637364e-4	9.930660599093697e-4	4.953117144686172e-4	0.5675926113484558	0.5162012869483098	0.4848517290143958	0.5228818757703871	0.07117530770990795	0.06660617968728348	0.073012162563417	0.07026454998686947	0.17161033699328707
-873	TRUE	FALSE	FALSE	FALSE	52755	0.5328206694780934	0.4829453670213059	0.4484457802341296	0.48807060557784304	0.5317177780260086	0.4843724673150829	0.4498653864438197	0.488651877261637	-0.0011028905079928796	0.0014271003483266609	0.0014196059899049742	5.812719434129184e-4	0.567979646745259	0.517183696972131	0.4859122825864331	0.5236918754346077	0.07142084592503657	0.06704955946633086	0.0735133984902604	0.0706612679605426	0.1637040658533202
-872	TRUE	FALSE	FALSE	FALSE	52758	0.5331960613027771	0.4832155184121908	0.44856410853012935	0.4883252294150324	0.5311862598520558	0.48389522790886935	0.4496112101801743	0.4882308993136998	-0.0020098016507664944	6.797094557443156e-4	0.0010471018772305394	-9.433010593054637e-5	0.5676163190547192	0.5168078903179912	0.48556413716648705	0.5233294488463992	0.07085031669472153	0.06650503396559292	0.07295295562984992	0.07010276876338813	0.1642637899755549
-871	TRUE	FALSE	FALSE	FALSE	52749	0.5334589593850242	0.4834228845811275	0.44882085259702226	0.48856756552105796	0.5313275320789783	0.48390994999743764	0.4491135922087303	0.4881170247617154	-0.0021314274058174126	4.87065722766553e-4	2.927396951590172e-4	-4.505406626306141e-4	0.5680666397036057	0.5168110982110364	0.4854147994244843	0.5234308457797089	0.0713467878119914	0.06628936208081028	0.07289515476539707	0.0701771015527329	0.16063777507095395
-870	TRUE	FALSE	FALSE	FALSE	52752	0.5336240116038643	0.483279459617621	0.44886193101208705	0.4885884674111908	0.5314984619774983	0.48401854481774176	0.44913406326721467	0.48821702335415157	-0.002125549448981148	7.390856953460929e-4	2.721321448049757e-4	-3.714438696100264e-4	0.5679525936773839	0.5163760749415706	0.48468245404909366	0.5230037075560161	0.0707827132754017	0.06545414573017944	0.07136891374114945	0.0692019242489102	0.1396293224623397
-869	TRUE	FALSE	FALSE	FALSE	52752	0.5340961652895715	0.4839500244147174	0.44954729139320193	0.4891978270324969	0.5317047454039874	0.48456463823505574	0.4504236947096399	0.4888976927828943	-0.0023914203151608592	6.146138196912989e-4	8.764033096842e-4	-3.001343952617868e-4	0.5684942105585284	0.51733195414532	0.4863682379808867	0.5240648008949117	0.07118751052124749	0.06614924527455726	0.07276549057629339	0.07003408212403271	0.1729941423908894
-868	TRUE	FALSE	FALSE	FALSE	52761	0.5346400643424574	0.48431973660583844	0.4498434411139455	0.4896010806874137	0.5324229163099847	0.4857462156528458	0.45132456900731605	0.48983123365671555	-0.002217148190553513	0.001426478661469264	0.0014811280637782793	2.301528448980101e-4	0.5693936990992273	0.5184150798464994	0.4870737140187074	0.5249608309881447	0.07172441819677966	0.0667642078290638	0.07297941768125961	0.07048934790236769	0.14545761099477186
-867	TRUE	FALSE	FALSE	FALSE	52752	0.5349532585837753	0.48466582156997917	0.4503586469078609	0.4899925756872051	0.5329311229292397	0.4850146696124112	0.45119601915886326	0.4897139372335047	-0.00202213600553098	3.4884797588677585e-4	8.373725595646932e-4	-2.7863849002650364e-4	0.5694905556717889	0.5178811945933075	0.4868686318249507	0.5247467940300157	0.07109672997242962	0.0660818973294687	0.0721825974960647	0.06978707493265433	0.14164427922748438
-866	TRUE	FALSE	FALSE	FALSE	52749	0.5348910790443088	0.48499031444295404	0.45063734011909345	0.49017291120211876	0.5335186727098702	0.4856081415325416	0.45164919938642234	0.49025867120961136	-0.0013724059302738097	6.17827190238704e-4	0.001011859560350828	8.57602734385741e-5	0.5696509799008578	0.5186419334291829	0.4876561491875049	0.5253163541725151	0.07089220824712651	0.06668541098942343	0.07302575866430702	0.07020112596695233	0.15521287632714711
-865	TRUE	FALSE	FALSE	FALSE	52749	0.5352353037714748	0.4852265269010839	0.45114416176279265	0.4905353308117838	0.5346800990243239	0.4861493966567375	0.4523917963420009	0.49107376400768743	-5.552045451633609e-4	9.228693201399572e-4	0.0012476346387962712	5.384331379242891e-4	0.5700644365913791	0.5188678555132678	0.4880820312948851	0.5256714411331773	0.0702134706915642	0.06635978697468758	0.07262810411295026	0.06973378725973402	0.15287311606399986
-864	TRUE	FALSE	FALSE	FALSE	52749	0.5350977510553578	0.48545986469397207	0.45124643280667726	0.490601349518669	0.5338472448510362	0.48574053805913575	0.4525993856590197	0.49072905618973056	-0.0012505058498680707	2.806740106105607e-4	0.001352953282942672	1.2770714789505394e-4	0.5696794941225931	0.51889693511831525	0.48847009263484675	0.5256821739585851	0.07041399231932276	0.06659346775131689	0.07309436658218531	0.07003394221760832	0.1533357788909904
-863	TRUE	FALSE	FALSE	FALSE	52749	0.5356913590425744	0.48593161720803857	0.45181903928622535	0.49114733851227943	0.5361614172028515	0.4867720136402203	0.4540148535349041	0.4923160947926587	4.7005874025793473e-4	8.403961166272066e-4	0.002195814546239755	0.0011687564677082987	0.5713616143427648	0.5196264391695379	0.4891473431360142	0.5267117988827723	0.07087045196228053	0.06654924773609817	0.07246079383456838	0.06996016451098236	0.14525632775074934
-862	TRUE	FALSE	FALSE	FALSE	52752	0.5361398761357797	0.48630817861035947	0.45203313127448325	0.49149372867354074	0.5357650851556137	0.48695014214439114	0.4538649670267821	0.4921933981089289	-3.7479098479281187e-4	6.419643863046759e-4	0.0018318357385542397	6.996697133553679e-4	0.5718294049110608	0.5203723159119792	0.48989367619150365	0.5273651323381812	0.0717538481998497	0.06748631064151198	0.07388925416233005	0.07104313766789726	0.1550912191861534
-861	TRUE	FALSE	FALSE	FALSE	52749	0.5366137341716248	0.48679580934397426	0.4527395444493249	0.49204969598830794	0.5365440615125822	0.48736409716661633	0.4543391334943828	0.49274909739119377	-6.967321423628485e-5	5.682875359464705e-4	0.0015995891410531878	6.994011542544578e-4	0.5725306851440864	0.520832759863744	0.4904881740532562	0.5279505396870289	0.07190357475563242	0.06750561314279878	0.07389767013075904	0.07110228600973008	0.1462776550372503
-860	TRUE	FALSE	FALSE	FALSE	52743	0.5366902160837029	0.4867075110129118	0.4528407301402028	0.49207948574560584	0.5366245648642327	0.48688733728196876	0.45398466946439475	0.4924988572035321	-6.565194454175103e-5	1.7982624585117377e-4	0.001143939105376823	4.193711355620819e-4	0.5723946685773759	0.5205117548869085	0.4902259579136405	0.5277107937926416	0.07147455704238102	0.06742866177731817	0.07362651594196809	0.07084324492055576	0.13965394504549977
-859	TRUE	FALSE	FALSE	FALSE	52743	0.537071564764321	0.4873951758720039	0.453432396975069	0.4926330458704647	0.5361762898884719	0.48657321826532485	0.4532798491948759	0.4920097857828909	-8.952745357944325e-4	-8.219576934036668e-4	-1.5254806458421213e-4	-6.23260097927437e-4	0.57268744569483	0.5208354560686468	0.49035143569256073	0.5279581124853459	0.07212703673435618	0.06770251849442749	0.07399062525161391	0.07127339349346586	0.1573785902470373
-858	TRUE	FALSE	FALSE	FALSE	52728	0.5374879476241687	0.4876621846873261	0.4536197719301078	0.49292330141386753	0.536358657602455	0.48659307698901183	0.45397773630056304	0.49230982363067666	-0.0011292901620668719	-0.0010691073957989356	3.57964556459582e-4	-6.134776671354084e-4	0.5729419911412785	0.5211509884298099	0.4908183948648396	0.5283037914786427	0.0720373767689572	0.06804671544259927	0.07403928109277029	0.07137445776810891	0.1698914999825176
-857	TRUE	FALSE	FALSE	FALSE	52725	0.537816576949638	0.48802427676305993	0.45426883775360305	0.49336989715543367	0.5360952209708915	0.4871166079996692	0.4543548255715774	0.49252221818071273	-0.0017213562917384455	-9.076695592622564e-4	8.598737421132107e-5	-8.476794922631271e-4	0.5733172085885393	0.521811912830026	0.49188104220744194	0.5290033878753356	0.07272261893789252	0.06848294154042296	0.0751384205435553	0.0721146603406236	0.16900972992332802
-856	TRUE	FALSE	FALSE	FALSE	52722	0.5377740962547538	0.48838206746154705	0.454596677598556	0.4935842804382856	0.537489237648078	0.4886837267365386	0.45605750193122485	0.4940768221052805	-2.848596496563335e-4	3.016592280046986e-4	0.0014608236972097682	4.925410918527111e-4	0.5741327090080011	0.5228556629879708	0.49292286790792583	0.5299704133012992	0.07300208430693932	0.06864553164711393	0.07519155641368144	0.07227972412257823	0.17502059884749158
-855	TRUE	FALSE	FALSE	FALSE	52722	0.5378131429900503	0.4884436505173165	0.4548486607296039	0.4937018180789903	0.5364181700093696	0.4875627606795016	0.45443889428053647	0.4928066083231359	-0.0013949731162131067	-8.80889345074098e-4	-4.09766948267101e-4	-8.952098031847686e-4	0.5738250345135116	0.5220549323703345	0.491809549123654	0.5292298386691667	0.07341875640465087	0.06810345369408749	0.07433154374111195	0.0719512512799501	0.14643336719542058
-854	TRUE	FALSE	FALSE	FALSE	52728	0.5376377935064041	0.48867556242794274	0.45511498456790894	0.49380944683408523	0.5360895270667251	0.4879787719816578	0.4549561402263398	0.49300814642490753	-0.001548266225755466	-6.967905096959566e-4	-1.5884475444645084e-4	-8.013004966326245e-4	0.5731975675057298	0.5222474426009972	0.49203537825391536	0.5291601294535475	0.07266781481557028	0.06784055067189755	0.07399963166269555	0.07150266571672112	0.14481377990776986
-853	TRUE	FALSE	FALSE	FALSE	52725	0.5383769847554662	0.48928441936494677	0.45576210237791903	0.4944745021661107	0.5374650367627478	0.48888377364375796	0.45546937543008664	0.4939393952788641	-9.11947624492576e-4	-4.006459806319639e-4	-2.927272069226831e-4	-5.351069373490744e-4	0.5741047484825662	0.5229072694212219	0.4925883428418375	0.5298667869152085	0.07236747547909145	0.06764634608963895	0.07394520793753889	0.07131967650208976	0.16383920333101806
-852	TRUE	FALSE	FALSE	FALSE	52728	0.5386106033948695	0.4895176753215686	0.4558445979639496	0.49465762556012927	0.5389140427640547	0.4902131606721523	0.4569787244410467	0.49536864262575125	3.034389551168886e-4	6.954858230388351e-4	0.0011341271506188919	7.110173095915385e-4	0.5751391755589513	0.523944882348288	0.4936337693583153	0.5309059424218515	0.0727537046183528	0.06815892891790873	0.07444421678372487	0.0717856167733288	0.14962272406062788
-851	TRUE	FALSE	FALSE	FALSE	52740	0.5396298764986494	0.49027952738545755	0.45676103522490313	0.4955568130363367	0.5401001105567095	0.49034751788244285	0.4570764136756811	0.49584134737161106	4.7023426086094486e-4	6.79905364116098e-5	0.00031537865012375616	2.84534482465437e-4	0.5760770461460456	0.5238518868718144	0.49354329966100735	0.5311574108929559	0.07242410586860223	0.06707672828376245	0.07324915068054455	0.07091666161096974	0.16393583657211264
-850	TRUE	FALSE	FALSE	FALSE	52740	0.5397666427334306	0.4902178454402907	0.45694592141994256	0.49564346986455465	0.5410918572703918	0.49198773108565635	0.45904865611802964	0.49737608149135926	0.0013252147159519626	0.0017698856748840147	0.002102734606261257	0.0017326116656990781	0.5764280888014689	0.5246520982534739	0.4948814962374637	0.5319872277641355	0.07199767779013631	0.06709862017325474	0.07376841556882721	0.07095490451073942	0.14605568859936638
-849	TRUE	FALSE	FALSE	FALSE	52740	0.539896580571361	0.4907005675141769	0.4572852006471925	0.4959607829109101	0.5397065204831054	0.49122871230903725	0.4586286797309184	0.4965213041743537	-1.900606054199579e-4	5.28144923966282e-4	0.0013434793741108678	5.605212308857306e-4	0.5750768381410442	0.5242026791825819	0.49464631406630566	0.5313086104633106	0.07055057505925622	0.06647607883072086	0.07337874763855551	0.0701351338428442	0.152643515058622
-848	TRUE	FALSE	FALSE	FALSE	52740	0.540806369610243	0.4912961862316392	0.45781409896797953	0.4966388849366206	0.5414312961610026	0.4924207560397613	0.45936648331989627	0.49773951184022003	6.249261215867197e-4	0.0011245700925724084	0.0015523847454793794	0.0011006269865461691	0.5772060712620088	0.5254207883689017	0.49546563549527695	0.5326974983753958	0.07217447634455633	0.0671246344597116	0.07375068829748391	0.07101659970058395	0.15392548389051033
-847	TRUE	FALSE	FALSE	FALSE	52734	0.5406789629933693	0.4913193569615238	0.45819847749134807	0.49673226581541374	0.5408987562798947	0.4925887400154271	0.4595065675921558	0.4976646879624925	2.1979250351539622e-4	0.0012693830097055049	0.0013080899080685953	9.324218070964987e-4	0.576733233969298	0.5257264466333025	0.4959155941124084	0.5327917582383362	0.07188874895273033	0.06754479633762626	0.07412614325690167	0.07118656284908609	0.14725076805753362
-846	TRUE	FALSE	FALSE	FALSE	52725	0.5406016021090857	0.49164828932711785	0.45851550719239875	0.49692179954286747	0.5420133395915503	0.49356825982963537	0.4605766651162958	0.4987194215124938	0.0014117374743362649	0.0019199707732957118	0.002061158348595653	0.0017976221987425433	0.5771865826728844	0.526083642564528	0.4963636412873392	0.5332112888415839	0.07175822397439986	0.06695073576205919	0.07363511043065786	0.0707813567223723	0.1407226172107064
-845	TRUE	FALSE	FALSE	FALSE	52728	0.5411806612104242	0.49198614759989284	0.4590799650902259	0.4974155913001809	0.5410860008201994	0.49238496477035554	0.45934380161067806	0.497604922400411	-9.466111185059165e-5	3.9881712352962743e-4	2.6383644343088623e-4	1.8933081836997398e-4	0.5766106111528183	0.5255301310570367	0.4956290582006132	0.532589933470156	0.07095456051530143	0.06668914964396624	0.072834349693552	0.07015935328427322	0.14863581013411314
-844	TRUE	FALSE	FALSE	FALSE	52728	0.5405826040005753	0.4918671488417429	0.45895600204616277	0.4971352516294937	0.541717775341713	0.4936057754036512	0.4606955914082821	0.49867304738454876	0.0011351713874728614	0.001738626167978851	0.0017395891866101836	0.0015377955806872986	0.5773156431848668	0.5266597283479898	0.49707216731069875	0.5336825129478517	0.07233090675043054	0.06784653221159394	0.07449274093095423	0.0715567266309929	0.1566467340537978
-843	TRUE	FALSE	FALSE	FALSE	52725	0.5415644324168036	0.49269897646954885	0.4597804054488271	0.4980146047783932	0.5419419611383837	0.493478642681203	0.4606654181104617	0.4986953406433495	3.775281368883099e-4	7.796649415580749e-4	8.850131220285821e-4	6.807354001583224e-4	0.5774005631048937	0.5267240806499746	0.4972331225437279	0.5337859220995321	0.07129473230042974	0.06727054193905269	0.07402042149722532	0.07086189857890259	0.16599948790371497
-842	TRUE	FALSE	FALSE	FALSE	52722	0.5418974890560424	0.4928667792151242	0.4598089812368459	0.49819108316933747	0.5418713578138101	0.4927942566787744	0.4597485446802725	0.498138053057619	-2.613186142948869e-5	-7.252320002778025e-5	-6.043715318034024e-5	-5.303073821253637e-5	0.5775157411948882	0.5262097469699725	0.49635925438496814	0.533361580849943	0.07126263552230397	0.06675845820216365	0.07316098318410774	0.07039402563619179	0.15032087170463795
-841	TRUE	FALSE	FALSE	FALSE	52707	0.542148762537351	0.49306107572585545	0.46006720513078375	0.4984256811313301	0.5416504139270006	0.49396456747880096	0.46134053519194257	0.498985172199248	-4.983482604364913e-4	9.034919280824141e-4	0.0012733300569049975	5.594912415169734e-4	0.5778380193219592	0.5271587082531127	0.4978374064743539	0.534278044683142	0.07187686218317861	0.06729177315345275	0.07426707297039276	0.07114523610234139	0.12922118528241897
-840	TRUE	FALSE	FALSE	FALSE	52704	0.5423853658009321	0.4930212252289199	0.46022193074975976	0.4985428405932039	0.5416618018717284	0.4943527061674283	0.4616612281494487	0.4992252453962018	-7.235640567617047e-4	0.0013314809903582402	0.0014392973277569541	6.824047537844964e-4	0.5781168867571701	0.5272580018060827	0.4978033644563972	0.5343927510065499	0.07218660575038773	0.06714207233918727	0.07372357015718313	0.0710174160822527	0.14247523903713044
-839	TRUE	FALSE	FALSE	FALSE	52707	0.5426910747686002	0.4933821153118664	0.4605320078038404	0.498868399294769	0.5429501099261235	0.4945301593532668	0.46120393952649025	0.4995614029352935	2.590352300187945e-4	0.001148043652674252	6.719314155262652e-4	6.930034327397705e-4	0.5787679801309074	0.527285390092349	0.49766907750561057	0.5345741492429557	0.07189477533147133	0.0666585055485356	0.07360220753735193	0.07071849613911962	0.1568406287626277
-838	TRUE	FALSE	FALSE	FALSE	52707	0.5435780133906086	0.49415326295533263	0.461236011764318	0.49965576270341977	0.5422487060879118	0.4942959829807245	0.46081894493624315	0.4991212113349598	-0.001329307309592875	1.4271985892825998e-4	-4.170665999496651e-4	-5.3455135020476e-4	0.57914512543934	0.5281094389942697	0.4980497317171399	0.5351014320502498	0.07246353117434091	0.06776963189508692	0.07404450643897677	0.07142588983613486	0.14680727432068127
-837	TRUE	FALSE	FALSE	FALSE	52707	0.5434272073280083	0.4941956837257781	0.46167470171967495	0.49976586425782044	0.5451371637604423	0.4963540252386103	0.4626683925738208	0.5013865271909578	0.0017099562898039993	0.002158341197023898	9.936913075399751e-4	0.0016206629314559576	0.5809838483864861	0.5297406245716527	0.4998341675473291	0.5368528801684893	0.07340332565798824	0.06893154026471826	0.07532524099791167	0.0725533689735394	0.154819625397036
-836	TRUE	FALSE	FALSE	FALSE	52698	0.543332093590249	0.4944315023944562	0.46183453191480456	0.4998660426331699	0.5434645580088936	0.49561479599172875	0.46261482501913576	0.5005647263399193	1.3246597063663838e-4	0.0011832937728843698	7.802931855080614e-4	6.986843096763565e-4	0.5795581873876773	0.5291259710499344	0.499640621098034	0.5361082598452153	0.07231972350927639	0.06820564365320743	0.07483188527438349	0.0717857508122891	0.14732352289917733
-835	TRUE	FALSE	FALSE	FALSE	52695	0.5437296738216232	0.4948170296074979	0.4624494488377065	0.5003320507556092	0.5419537842695101	0.4942790195396733	0.4620867451983735	0.4994398496691857	-0.001775889259456757	-5.380095098695872e-4	-3.6270357899567565e-4	-8.922007827740064e-4	0.578778053784354	0.5284541542170831	0.49950771219370105	0.5355799733983794	0.07187264936999865	0.06781225890882467	0.07447923042687211	0.07138804623523182	0.15618121271763832
-834	TRUE	FALSE	FALSE	FALSE	52698	0.5432362381970711	0.4947471631018845	0.46241092613167406	0.5001314424768766	0.5419759698824175	0.4946040834113911	0.4620175089525216	0.49953252074877674	-0.0012602678922675199	-1.4308023966203964e-4	-3.9341713729788044e-4	-5.989217564091466e-4	0.5786724676490446	0.5286573072864422	0.49931327121664393	0.5355476820507102	0.07213272676556758	0.06796336844549136	0.07419810693773375	0.07143140071626423	0.15494107964954187
-833	TRUE	FALSE	FALSE	FALSE	52695	0.5441092918751163	0.49538920569442196	0.46308821133054023	0.5008622363000261	0.5432543742149673	0.4954709500501999	0.4635310575719197	0.500752127279029	-8.549178411764246e-4	8.174397323504138e-5	4.4284658088649596e-4	-1.1010909568496249e-4	0.5792290779094179	0.5288826768068622	0.5002736093240986	0.5361284546801262	0.07109449000812211	0.06690519806779519	0.07392794945039123	0.07064254584210285	0.144757414981809
-832	TRUE	FALSE	FALSE	FALSE	52695	0.5444150125111226	0.49561373260155744	0.4632423854440909	0.501090376852257	0.5428520493808968	0.49509411160793876	0.4632225931150459	0.5003895847012938	-0.0015629632460976615	-5.196210985749843e-4	-1.9792441751931946e-5	-7.007922621415259e-4	0.5793871107358461	0.5291868229712391	0.5004012884064833	0.5363250740378561	0.07150715958407124	0.06766580186380428	0.07433759853403049	0.07117018666063533	0.16510742943466966
-831	TRUE	FALSE	FALSE	FALSE	52686	0.5448180799775421	0.4957859039389657	0.46358815252191277	0.5013973788128069	0.5432242907239638	0.4950863979801288	0.4637447884373513	0.5006851590471479	-0.0015937884616842274	-6.995059677758598e-4	1.566357993257031e-4	-7.122195433781281e-4	0.5799586576734795	0.5292430394724016	0.5008868376440989	0.5366961782633267	0.07187494447918247	0.06761377700084202	0.07444073383995349	0.07130981843999265	0.15405574551266957
-830	TRUE	FALSE	FALSE	FALSE	52683	0.5451317442973731	0.49585029523500523	0.46386106897113716	0.5016143695011718	0.5443488915296347	0.49608717486569304	0.4654449076769068	0.5019603246907448	-7.828534355360096e-4	2.3687946558998107e-4	0.0015838388310003056	3.45954953684759e-4	0.5809265712849014	0.5297151032956264	0.5018100122245952	0.5374838956017077	0.0723725068600609	0.06749273583820647	0.07431404769197823	0.07139309679674853	0.16828403880067502
-829	TRUE	FALSE	FALSE	FALSE	52686	0.5453351312737094	0.49616782962368483	0.464049158326484	0.5018507064079594	0.5434058173157791	0.49567629502668253	0.4639946861922542	0.501025599511572	-0.0019293142315137644	-4.915344680570019e-4	-5.447236078101774e-5	-8.251070201172613e-4	0.58040273547521	0.5294718094750979	0.5011600908300736	0.5370115452601272	0.07206452268605314	0.06709949432752545	0.07427633740934367	0.07114678480764075	0.16181465639388237
-828	TRUE	FALSE	FALSE	FALSE	52689	0.5463423972503628	0.4969737763232359	0.4647775386768833	0.502697904083494	0.5449049600786618	0.4978390911355794	0.4663441737049531	0.5030294083063981	-0.0014374370150806069	8.653141874680976e-4	0.0015666348824872791	3.3150401829158997e-4	0.5816724014610956	0.5312546561087854	0.5026709115902508	0.5385326563867106	0.07209744625707248	0.06769644443306477	0.07422011018616802	0.07133800029210177	0.16425303245503745
-827	TRUE	FALSE	FALSE	FALSE	52689	0.5463976441220036	0.4971400607137049	0.4652373016331651	0.5029250021562912	0.5441782637426953	0.4968267915894178	0.46525516612669526	0.5020867404862694	-0.002219379918824124	-3.1326963556232046e-4	1.7865070519799143e-5	-8.382614946222149e-4	0.5812746798351515	0.530299367505634	0.5019158438813914	0.5378299637407257	0.07197345153260487	0.06663188335006405	0.0733392201960188	0.07064818502622924	0.1613514774562636
-826	TRUE	FALSE	FALSE	FALSE	52692	0.5465770689563947	0.4976401257924001	0.46566177184340724	0.5032929888640674	0.5454759301909189	0.49825901159984637	0.46704763987019104	0.5035941938869855	-0.0011011382866574515	6.188860254408586e-4	0.0013858678213584548	3.0120518671395395e-4	0.5819288832346622	0.5312203323920213	0.503080702579648	0.5387433060687772	0.07180476708191882	0.06654152786402345	0.07345199337994089	0.07059942944196106	0.15138988823065364
-825	TRUE	FALSE	FALSE	FALSE	52692	0.546927209169005	0.4980317511228893	0.4662293418116341	0.5037294340345094	0.5466849997744089	0.49943333113973176	0.46775508468275195	0.5046244718656309	-2.4220936265018322e-4	0.0014015802931531631	0.0015257426670101572	8.950378658377123e-4	0.5825508075814091	0.5320374281191865	0.5035444707685217	0.5393775688230391	0.07148940658156212	0.06660977397588486	0.07310451455580902	0.07040123170441866	0.1543115464873249
-824	TRUE	FALSE	FALSE	FALSE	52689	0.5466286640422238	0.49796547405550956	0.46622595843950726	0.5036066988457468	0.5453728425169331	0.499701372026203	0.4690703443791064	0.5047148529740808	-0.0012558210571484102	0.0017358974587258183	0.0028443857256562877	0.0011081540424112317	0.5821679853661235	0.5323365179375172	0.5046025542739626	0.5397023525258678	0.07233446424009743	0.06700618950658087	0.07390880586250675	0.07108315320306167	0.15861959786118987
-823	TRUE	FALSE	FALSE	FALSE	52701	0.5475966327439571	0.498659703847148	0.46702757094277875	0.5044279691779613	0.5473627734573497	0.5011461114294541	0.4696173937355331	0.5060420928741123	-2.3385958452475474e-4	0.0024864075199331776	0.002589823032139184	0.0016141236558492023	0.5832610651355651	0.5335733638221763	0.5053871037475559	0.5407405109017658	0.07156272396362728	0.06734091237868024	0.07412924293067462	0.07101095975766071	0.16136597065072303
-822	TRUE	FALSE	FALSE	FALSE	52707	0.5481935147013574	0.4992245856337709	0.4674186748310185	0.504945591722049	0.5470784661674328	0.5002248418144022	0.46836112927872914	0.5052214790868547	-0.0011150481460632173	0.0010002565192043164	9.42454986387698e-4	2.7588778650959893e-4	0.5835316020221637	0.5332171690926988	0.5049656500630427	0.5405714737259684	0.07179122271299601	0.06698491074136974	0.07415149589719407	0.07097587645051993	0.14839040395491312
-821	TRUE	FALSE	FALSE	FALSE	52710	0.5489272216847529	0.4996478328873485	0.4680405952763035	0.5055385499494683	0.5492100256401168	0.5017284151664869	0.47039797767465885	0.5071121394937541	2.828052445469074e-4	0.0020805826050833056	0.0023573819793356876	0.0015735899429886338	0.5850790889016687	0.5341988201174418	0.5061511213780838	0.5418096767990648	0.07202093011132356	0.06702139159966725	0.0738636698439085	0.0709686638516331	0.15405697197086582
-820	TRUE	FALSE	FALSE	FALSE	52716	0.5492244815530385	0.49991541169428694	0.46849829548214716	0.5058793962431575	0.5483621111019974	0.5006532973166448	0.4697465042082298	0.506253970875624	-8.623696245547116e-4	7.378847707986323e-4	0.0012482091769264968	3.7457477439013917e-4	0.5848444603722865	0.5339070385367809	0.5063346095537259	0.5416953694875978	0.07210232860859299	0.0672453679757369	0.07442441912453841	0.0712573719029561	0.1430875258161433
-819	TRUE	FALSE	FALSE	FALSE	52713	0.5493263368873511	0.5000358237163632	0.4685156193704223	0.5059592599913788	0.5479757048798368	0.5010485032604209	0.4697089995179504	0.5062444025527361	-0.0013506333847408	0.001012680557734999	0.0011933803031595328	2.8514249205124394e-4	0.5848466247903593	0.5343709111337673	0.5064953062032267	0.5419042807091178	0.07239120771980698	0.06765749525902526	0.07476599410337004	0.07160489902740076	0.1446546014877368
-818	TRUE	FALSE	FALSE	FALSE	52710	0.5502218533067227	0.5007054471389214	0.46925775941990416	0.5067283532885161	0.5499328377001472	0.5013440167360049	0.4694790930183523	0.5069186491515014	-2.890153948872527e-4	6.385704780684332e-4	2.213331660041447e-4	1.9029608306177513e-4	0.5861129048477938	0.5347506670505067	0.5064138413049044	0.5424258044010682	0.07207111872505151	0.067451869960332	0.07409083088004872	0.07120460652181074	0.14523807664791558
-817	TRUE	FALSE	FALSE	FALSE	52707	0.550151678721666	0.5007972667876609	0.4696021509837163	0.5068503654976811	0.5504725597988852	0.5028411311669836	0.47202574342938425	0.508446478131751	3.2088141666355714e-4	0.0020438636485444754	0.002423592468248073	0.0015961125111520352	0.586982418895261	0.5359650822407429	0.5081992241930667	0.5437155751096903	0.07334059941087341	0.06829176648266433	0.07477055362395947	0.0721343065058324	0.14952205625069606
-816	TRUE	FALSE	FALSE	FALSE	52704	0.5499965059759299	0.5009428211610623	0.469711083744735	0.506883470293909	0.5485829285614046	0.5003857071104837	0.46924709668328457	0.5060719107850575	-0.0014135776743548698	-5.571145636953154e-4	-4.639876269089396e-4	-8.115599549863749e-4	0.5853495581138202	0.5339946940379939	0.5060557890575607	0.5418000137364583	0.0721196816933045	0.06666085993146223	0.07315339784583451	0.07064464649020041	0.14324982953913226
-815	TRUE	FALSE	FALSE	FALSE	52698	0.550348853336359	0.5014222810181547	0.470234501757169	0.5073352120372275	0.5497937686794125	0.5016812545252837	0.47040598145559837	0.5072936682200982	-5.550844407116898e-4	2.589737539998259e-4	1.7147984133932998e-4	-4.1543615124177965e-5	0.5862168721716251	0.5347676814050002	0.5069401026049439	0.542641552060523	0.07229112264477743	0.0664318271748063	0.07323972213450534	0.07065422398469635	0.12807702352767483
-814	TRUE	FALSE	FALSE	FALSE	52701	0.5503367502561508	0.5015695632295488	0.47046732094391325	0.5074578781432043	0.5493523498133286	0.5031161942884393	0.4718331522900747	0.5081005654639476	-9.843996164268982e-4	0.0015466311075484505	0.0013658312489826703	6.426875800347408e-4	0.5861731941777253	0.5361546137969644	0.5080330682868825	0.5434536254205241	0.0726572887482365	0.06762347028781078	0.0737656631510673	0.07134880739570486	0.15924602987561573
-813	TRUE	FALSE	FALSE	FALSE	52698	0.5513608032525134	0.5023315890765322	0.4714674728179999	0.5083866217156818	0.5507236127992868	0.5028253132859228	0.47196901697291715	0.5085059810193756	-6.371903616707878e-4	4.93724620571737e-4	5.015443582340942e-4	1.193595390450145e-4	0.5873532246871751	0.5364475576221767	0.5086920415481608	0.5441642746191708	0.07262203361851459	0.06773821268273433	0.07394759321028531	0.07143594650384474	0.15195946762992185
-812	TRUE	FALSE	FALSE	FALSE	52698	0.551649574400797	0.5026256381335095	0.47153201498810166	0.508602409174136	0.5512880994040921	0.503529386176596	0.4731291255788105	0.5093155370531662	-3.6147508140945566e-4	9.037481284392406e-4	0.0015971105587549727	7.131278685949193e-4	0.5875934597374249	0.5369118429832768	0.509125645061004	0.5445436492605686	0.07224924585387249	0.06766866150613884	0.07359014934277167	0.071169352234261	0.15129830374857853
-811	TRUE	FALSE	FALSE	FALSE	52695	0.5525120704537834	0.503153146415986	0.4723297599942875	0.5093316589546856	0.552301914094079	0.5036130204103232	0.47352541357363515	0.5098134493593457	-2.1015708026690119e-4	4.598740400990872e-4	0.0011956542308974995	4.8179039690989504e-4	0.5887805662755499	0.5370998697693876	0.5095220086152574	0.545134148220065	0.07274714815374556	0.06743357277155072	0.07318884344200591	0.07112318812243405	0.15961554256736954
-810	TRUE	FALSE	FALSE	FALSE	52701	0.5526506539851961	0.5033762918671845	0.47270727658984846	0.5095780741474097	0.5526948713607539	0.50425007498243	0.4740236789245553	0.5103228750892465	4.4217717087264026e-5	8.737834029898428e-4	0.0013164027364280168	7.448012855017079e-4	0.5892691086740546	0.5377945507462504	0.5103555615494482	0.5458064069899177	0.07319269242465645	0.06796273391685902	0.07398016737994077	0.07171186457381874	0.15851568261873525
-809	TRUE	FALSE	FALSE	FALSE	52701	0.5531449896331896	0.5038988492998744	0.47316522178118126	0.5100696869047484	0.5531312678677497	0.5042200174051038	0.47366150674144675	0.5103375973381001	-1.3722114461118325e-5	3.211690475889376e-4	4.962846383586677e-4	2.67910523828829e-4	0.589712287546913	0.538408172843769	0.5108242211919023	0.5463148938608614	0.0731483167574633	0.06869747940515993	0.07482171393706938	0.0722225033665642	0.16722155178745934
-808	TRUE	FALSE	FALSE	FALSE	52695	0.5534924770465033	0.504209514423814	0.4734583296421502	0.5103867737041559	0.5532940315728859	0.5050146904592451	0.47437505424376947	0.5108945920919669	-1.9844674357790548e-4	8.051765212559313e-4	9.167241946199488e-4	5.078179907659916e-4	0.5903430459288795	0.5388485269826964	0.5113087691937926	0.5468334473684562	0.07389958368147598	0.0684728487010376	0.07478415386243707	0.07238552874831689	0.1520466269484363
-807	TRUE	FALSE	FALSE	FALSE	52692	0.5536600921922004	0.5044267477894206	0.4739311278896486	0.5106726559570899	0.5534434009784946	0.5047221522621022	0.47447621965663295	0.5108805909657432	-2.1669118095732806e-4	2.954042517647456e-4	5.45091616082881e-4	2.0793489563009944e-4	0.5900109386800105	0.5387933856198742	0.5116478233281457	0.5468173825426769	0.0729183844201371	0.06843787101614769	0.07488829896681176	0.07208151813436552	0.14330004528406126
-806	TRUE	FALSE	FALSE	FALSE	52698	0.5539390668818606	0.5048233117330858	0.4742913395156848	0.5110179060435438	0.5540360166512167	0.5055907456794423	0.4749453395127127	0.5115240339477906	9.695037795120871e-5	7.674333808726858e-4	6.539997868718452e-4	5.061278485652467e-4	0.5903300265549637	0.5391009117929281	0.5117903591985007	0.5470737658487975	0.0726849697351622	0.06778776593988203	0.0743440389097085	0.07160559152825091	0.1637476370557502
-805	TRUE	FALSE	FALSE	FALSE	52698	0.5540858947253934	0.5050846448271844	0.4745551398087339	0.5112418931204372	0.5525089269179078	0.5049050282448525	0.4745256281481424	0.510646527770301	-0.0015769676137414627	-1.7961635906485522e-4	-2.951104259272721e-5	-5.953650051330149e-4	0.5895545982295717	0.5386737889629826	0.511620174434861	0.5466161872091384	0.07251437513262332	0.06735790514087583	0.07415958063193108	0.07134395363514341	0.1550638159326376
-804	TRUE	FALSE	FALSE	FALSE	52689	0.5539584127441916	0.5051890762415162	0.4746570761952168	0.5112681883936415	0.5536107568186792	0.5056055926925367	0.47543850867479215	0.511551619395336	-3.4765562389302046e-4	4.1651666074188354e-4	7.814329073616903e-4	2.8343131473685117e-4	0.5901545715395845	0.5395696286792154	0.5126088615112182	0.547444353910006	0.07273997300544817	0.06834458861680397	0.07512213782735805	0.07206889981653673	0.15727620563163833
-803	TRUE	FALSE	FALSE	FALSE	52683	0.5546523416523208	0.5055794564681169	0.4752588919656341	0.5118302300286905	0.554412044535732	0.5068270063433757	0.4769256196777512	0.5127215568522864	-2.402970475930175e-4	0.0012475503087645585	0.0016667290073545317	8.913274228420242e-4	0.5906937473470366	0.5401823675412284	0.5135710216368611	0.5481490455083754	0.07232310829219181	0.06795827226453355	0.07495753161560227	0.07174630405744255	0.15141922425097837
-802	TRUE	FALSE	FALSE	FALSE	52689	0.5551831566679597	0.5061216546077942	0.47563335998414563	0.5123127237532998	0.5544456837725844	0.5070836661380234	0.47701245843111206	0.51284726944724	-7.374732271977301e-4	9.620115226365531e-4	0.0013790984103909702	5.34545568609931e-4	0.5913227876539896	0.5406172767944382	0.5137026967887999	0.5485475870790759	0.0730167351312721	0.06802923269420563	0.07475957546001784	0.0719351810951652	0.15700506708929776
-801	TRUE	FALSE	FALSE	FALSE	52686	0.5559022709139045	0.5065285343073227	0.4762671272000721	0.5128993108070997	0.5554070273974998	0.5073212608509523	0.47736497913048664	0.5133644224596462	-4.952432336924894e-4	7.927265141355161e-4	0.0010978512496856965	4.651115100429075e-4	0.5917662666838036	0.5405559951745864	0.5138228012774673	0.5487150210452857	0.07222323518974007	0.06726219507450837	0.07401349587747273	0.07116630871390706	0.16254612298514834
-800	TRUE	FALSE	FALSE	FALSE	52686	0.5560846483379105	0.5067761376498665	0.47675652905695104	0.513205771681576	0.5555756602301064	0.5079283879793736	0.47875539076736245	0.5140864796589475	-5.089882046994457e-4	0.0011522504650681518	0.001998862193390208	8.807081512529713e-4	0.5914099712845285	0.5409577687311887	0.5145480787723125	0.5489719395960099	0.0711596338070465	0.06721101142362157	0.07358423750018855	0.0706516275769522	0.1495529556189263
-799	TRUE	FALSE	FALSE	FALSE	52689	0.5567370573108888	0.5074279703607674	0.477339850802441	0.5138349594913657	0.5573940865607396	0.508713950456516	0.47879972604502996	0.5149692543540952	6.570280298797592e-4	0.0012859798723813154	0.0014598755305179414	0.0011342944775930054	0.5931022282749998	0.5414795098687147	0.5145955805331154	0.5497257728922766	0.0720733126733949	0.06681709865790383	0.07305158373234842	0.07064733168788238	0.1394185502462542
-798	TRUE	FALSE	FALSE	FALSE	52686	0.5571695360754765	0.5078920241140384	0.4778418106332747	0.5143011236075965	0.5571642409404688	0.5089321862160652	0.4791261305395644	0.5150741858986995	-5.2953365614124634e-6	0.0010401622280939852	0.001284319147466856	7.730620129998095e-4	0.5928175728471162	0.5419898775317501	0.5152130600481126	0.550006836808993	0.07130136931608061	0.0671555443568986	0.07345817954467591	0.07063836440588504	0.13804111119674653
-797	TRUE	FALSE	FALSE	FALSE	52686	0.5569387196755319	0.5077047090153257	0.4778128146815619	0.5141520811241398	0.5577432510933937	0.5091821895565696	0.4796386545497202	0.5155213650665612	8.045322574423341e-4	0.0014774804684876343	0.001825839650351849	0.0013692841254272724	0.5934649735364186	0.5419880869927101	0.5152716456418679	0.5502415687236655	0.07224797591210964	0.06708927516905713	0.07309182181278828	0.07080969096465169	0.1392383552649175
-796	TRUE	FALSE	FALSE	FALSE	52683	0.5574851276901914	0.5082103948437936	0.47830288051321385	0.5146661343490663	0.5586455338491314	0.510077050469458	0.4807936162342936	0.5165054001842944	0.0011604063951744623	0.0018666556332985252	0.002490735816576241	0.001839265948349743	0.5941119754327933	0.5427402842265967	0.5163112916108804	0.5510545170900901	0.07209328948673908	0.0671931226460551	0.07352608648439678	0.07093749953906366	0.13953858002753977
-795	TRUE	FALSE	FALSE	FALSE	52683	0.5579216276348349	0.5087407683898603	0.4789449435705267	0.5152024465317406	0.5578729405140439	0.509862117554471	0.47999058904734576	0.5159085490386202	-4.868675919653969e-5	0.0011213488953903058	0.0010456455521388052	7.061025627775236e-4	0.593586054056969	0.5426770051824503	0.5161780446811488	0.550813701306856	0.07137753972523815	0.0667511245996697	0.0734205565533768	0.07051640695942822	0.14991936697953168
-794	TRUE	FALSE	FALSE	FALSE	52686	0.5578994544371666	0.5090307117663032	0.4792225725535436	0.5153842462523378	0.5569988385881812	0.5093492086226926	0.4787403185898051	0.515029455266893	-9.006155555189644e-4	3.184965355148402e-4	-4.82253537924136e-4	-3.547908526427533e-4	0.5931181926324142	0.5423352961157955	0.5154263021372565	0.5502932636284887	0.07133809227651301	0.06629067201451144	0.07288971320063212	0.07017282583055219	0.1432397792457669
-793	TRUE	FALSE	FALSE	FALSE	52683	0.5586892259138566	0.509582476985917	0.4800738151951251	0.5161151726982995	0.5589414568348272	0.5103715994046372	0.4808506757993036	0.5167212440129226	2.5223161543258353e-4	7.891223451151111e-4	7.768605314637758e-4	6.060714973371568e-4	0.5950055328292599	0.5434308895221026	0.5171605781718767	0.5518656668410797	0.07238038233568747	0.0669077021552344	0.07339666492703777	0.07089491647265321	0.14823216227965436
-792	TRUE	FALSE	FALSE	FALSE	52683	0.5590680738526553	0.5098341221021889	0.4800640940325358	0.51632209666246	0.5579111401509832	0.5097573413166123	0.4802223864631623	0.515963622643586	-0.0011569344243253777	-7.678107904010398e-5	1.5829281267392897e-4	-3.584742302305176e-4	0.5939384230294584	0.542854058660981	0.5165839497357019	0.5511254771420472	0.07089763225265716	0.06611665377587464	0.07288141811538232	0.06996523471463804	0.14361693524613753
-791	TRUE	FALSE	FALSE	FALSE	52686	0.5599150526388655	0.510486839200172	0.4809715444213071	0.5171244787534482	0.5604160676183874	0.511920323443331	0.4821215017647958	0.5181526309421715	5.010144657459382e-4	0.0014334838452474737	0.00114995695588814	0.001028151755627184	0.5966706781483104	0.5450490119205494	0.5187738989469793	0.5534978630052797	0.07301023656568081	0.06769086090337005	0.074454751245658	0.07171861623823628	0.15057356791052304
-790	TRUE	FALSE	FALSE	FALSE	52689	0.5599088858297947	0.5105529781017004	0.4812992639017132	0.5172537092777362	0.5591271959606673	0.5111918798349615	0.4815464346358624	0.5172885034771637	-7.816901279758887e-4	6.38902161198009e-4	2.4717090820846867e-4	3.479431381019629e-5	0.5958831929269547	0.5448259586375341	0.5185930370314265	0.5531007295319718	0.07273030449078496	0.06790705967262861	0.07434037569892267	0.07165924662077874	0.1549127142803434
-789	TRUE	FALSE	FALSE	FALSE	52680	0.5607820477912563	0.5112704181038289	0.48184726669633204	0.5179665775304725	0.5612949847761987	0.5128612437429109	0.4832823844379736	0.5191462043190277	5.129359295067493e-4	0.0015908265016615194	0.001435117189216082	0.001179626540128117	0.59767974131916	0.5459626734254236	0.5196720834228137	0.5544381660557991	0.07328244996617828	0.0677936847299884	0.07421451582490482	0.07176355017369049	0.16617044386595003
-788	TRUE	FALSE	FALSE	FALSE	52677	0.5614138689201404	0.5116813666683608	0.482386830159755	0.5184940219160854	0.561206104190679	0.5126602907583565	0.48390429544038843	0.5192568967964746	-2.077642560341467e-4	9.789241838405263e-4	0.0015174657000016631	7.628752092693475e-4	0.5972094736967503	0.5456778458879425	0.5198010220138889	0.5542294471995272	0.07179897412357411	0.06701403454840242	0.07331091826157107	0.07070797564451588	0.1431751809071535
-787	TRUE	FALSE	FALSE	FALSE	52671	0.5611056245837751	0.5115919423482385	0.48264345435975897	0.5184470070972576	0.5610975537512777	0.5117668972935958	0.48250377578367976	0.5184560756095178	-8.070254691880534e-6	1.7495509403508212e-4	-1.3967849798589928e-4	9.068780452434216e-6	0.5972665997935775	0.5453545217364153	0.5194208132178164	0.5540139782492697	0.07233002095706492	0.06735020358206471	0.07369439614363328	0.07112487356092098	0.13397254623980628
-786	TRUE	FALSE	FALSE	FALSE	52674	0.5618234063247188	0.5122792931977429	0.483268061348665	0.5191235869570422	0.5628704009654552	0.5143333536449988	0.4851997666162646	0.5208011737422396	0.0010469957637991704	0.0020540601732791223	0.0019317052754116908	0.0016775870708299946	0.5983577926920252	0.5469074771323201	0.5210257545860723	0.5554303414701391	0.07202177818500358	0.06720230759245864	0.07358368132072506	0.07093592236606243	0.14526238707344552
-785	TRUE	FALSE	FALSE	FALSE	52671	0.5618132607794567	0.5123520904496173	0.4834202951191309	0.5191952154494016	0.5609807669816484	0.5126801420042407	0.48336221887164094	0.5190077092858433	-8.324937680676863e-4	3.2805206843810713e-4	-5.8075891282960524e-5	-1.8750586363751323e-4	0.5971594741273641	0.5459696531913869	0.5198346470165242	0.5543212581117585	0.07152492059571966	0.0669070732781855	0.07288678010237791	0.0704395913254277	0.13597755861766755
-784	TRUE	FALSE	FALSE	FALSE	52671	0.5615550078910809	0.5125205448943593	0.48363481091289323	0.5192367878994445	0.5599772245735585	0.5127112748459294	0.4836734070354026	0.5187873021516302	-0.0015777834216900643	1.9072967840838602e-4	3.859575589917408e-5	-4.4948599579416816e-4	0.5966756004112501	0.5462257899946728	0.5201983202043384	0.5543665702034204	0.07181896912894796	0.06721976068336717	0.07308842231733818	0.07070905070988444	0.13865728757535337
-783	TRUE	FALSE	FALSE	FALSE	52683	0.5623585504573007	0.5129631396450254	0.48434890142037573	0.5198901971742339	0.5618611177755622	0.5139627400181356	0.48577912845689064	0.5205343287501961	-4.97432240656766e-4	9.996006396711253e-4	0.0014302277352649451	6.441320447597682e-4	0.5982863233005337	0.5475610391709294	0.5220804474166766	0.5559759366293798	0.07235297840276678	0.06819619906938267	0.0740328655812949	0.07152734768448145	0.1612467400705632
-782	TRUE	FALSE	FALSE	FALSE	52680	0.5632724039031162	0.5135642767695902	0.4847246037485898	0.520520428140432	0.560847926724913	0.5129188274903796	0.48428891823702097	0.5193518908174378	-0.0024244772717304415	-6.454495630957232e-4	-4.3568530168926726e-4	-0.0011685373788384774	0.5984885932133439	0.5472515352979005	0.5213232864467471	0.5556878049859971	0.07285685611827214	0.06801996624484459	0.07363305066111651	0.07150329100807774	0.14547465831031525
-781	TRUE	FALSE	FALSE	FALSE	52674	0.5638127342108153	0.5140784618543558	0.4853788485684577	0.5210900148778763	0.5615406547514343	0.5131652456924503	0.48507590337717627	0.5199272679403536	-0.0022720794960627063	-9.13216227918971e-4	-3.0294509675368205e-4	-0.0011627469402451197	0.5989834314092861	0.5474301203913716	0.5222118018375709	0.5562084512127429	0.07261347375485305	0.06761653331875656	0.07396885168693718	0.07139961958684893	0.15105655464790185
-780	TRUE	FALSE	FALSE	FALSE	52677	0.5639124423909344	0.5142924918855527	0.48596760999444344	0.5213908480903102	0.5624924285202071	0.5140524024437539	0.48607808146262443	0.5208743041421952	-0.0014200145275142715	-2.4009015591324207e-4	1.1047115730487688e-4	-5.165445087075456e-4	0.5997622247784918	0.5484461133352969	0.5233592463124556	0.5571891948087481	0.07311957886631314	0.06854733247837679	0.0746728015213806	0.07211323762202351	0.17133344712088266
-779	TRUE	FALSE	FALSE	FALSE	52671	0.5648105829947457	0.5150506199504209	0.4865397964849023	0.5221336664766897	0.5632746447668813	0.5151059309342025	0.4865274037508471	0.5216359931506436	-0.001535939201305073	5.531108356716038e-5	-1.2392758519382517e-5	-4.976736254190985e-4	0.6009324309889756	0.5495903453178375	0.5245167357499374	0.5583465040189168	0.07377963502040072	0.06902413940620389	0.07596627100061769	0.07292334847574077	0.16692253792102105
-778	TRUE	FALSE	FALSE	FALSE	52674	0.5652971065645113	0.5154442908184456	0.48700586247692107	0.5225824199532926	0.5633531354908884	0.5152519574963454	0.4866371841074005	0.5217474256982114	-0.0019439707332449653	-1.9233320162777355e-4	-3.686779221677611e-4	-8.349939523468332e-4	0.6011821330897823	0.5496652813767489	0.5243396062778954	0.5583956735814756	0.07371402397326626	0.06863431396582491	0.07503616589838724	0.07246150127915947	0.15728841578413882
-777	TRUE	FALSE	FALSE	FALSE	52659	0.5650935043067694	0.5154323043248696	0.48723487666849874	0.5225868951000459	0.5642717232983154	0.5158411169204069	0.48764329407888957	0.522585378099204	-8.217813939305057e-4	4.088125123879622e-4	4.084173358532824e-4	-1.517181896420354e-6	0.6015386413776184	0.5501146128390625	0.5251271836076941	0.558926812608125	0.07371205557089112	0.06895580395605744	0.07537619686100408	0.07268135212931755	0.14377553682229907
-776	TRUE	FALSE	FALSE	FALSE	52659	0.5658888266100545	0.5161326297273452	0.4879075968551991	0.5233096843975329	0.565092338699538	0.5167331146010328	0.4884508851043387	0.5234254461349699	-7.964878551680011e-4	6.004840653251562e-4	5.43288755774859e-4	1.1576165531067132e-4	0.6026371103221674	0.5510356541782897	0.525908804034099	0.559860522844852	0.07429305594724722	0.0692055640771839	0.0754591261651599	0.07298591539653035	0.1563944621505317
-775	TRUE	FALSE	FALSE	FALSE	52662	0.5660603054380627	0.516477952276974	0.4882720295814692	0.5236034290988354	0.5652339163290688	0.5172092199175438	0.48817362908034667	0.5235389217756531	-8.263888097481493e-4	7.312672134597522e-4	-9.840071423085518e-5	-6.45074368397508e-5	0.6027023668666066	0.5516881759304554	0.5261106871433081	0.56016707664679	0.07411051173634634	0.06968917931926223	0.07577571629658994	0.07319180245073284	0.152190269874329
-774	TRUE	FALSE	FALSE	FALSE	52674	0.5661931303785417	0.5168178565199358	0.488607459416627	0.5238728154383682	0.5652005352585201	0.5172598704351001	0.4887353200372499	0.5237319085769566	-9.925951144602165e-4	4.420139651709382e-4	1.2786066837433912e-4	-1.4090682697164638e-4	0.6029660910503594	0.5516184502386561	0.5264618854683424	0.5603488089191193	0.0745385166236094	0.06915917300591526	0.07558099136372197	0.07309289366441554	0.1592641529876816
-773	TRUE	FALSE	FALSE	FALSE	52674	0.567266394732073	0.5176376007715644	0.489813525520156	0.5249058403412644	0.5668906135566398	0.5181229908981707	0.4905137001670502	0.525175768207287	-3.7578161041874365e-4	4.853899353943577e-4	7.001744788667501e-4	2.69927601280788e-4	0.6040494157582225	0.5524899281004872	0.5278841294567115	0.5614744911051404	0.07394182252375876	0.06921926430834303	0.07544103255835514	0.07286737313015232	0.1589444696341958
-772	TRUE	FALSE	FALSE	FALSE	52674	0.5682067091478101	0.5182665943901825	0.4902017296144599	0.5255583443841508	0.5667655437393883	0.5180333150464443	0.49029206762635663	0.525030308804063	-0.0014411651413914436	-2.3327986935765084e-4	9.033682375958534e-5	-5.280360623298365e-4	0.6043747879672174	0.5527388380297767	0.5279391923976517	0.5616842727982153	0.07377732288191449	0.06917776627782314	0.07538458727947778	0.07277989214640514	0.1474043168312523
-771	TRUE	FALSE	FALSE	FALSE	52677	0.5689122740207688	0.5188435015073883	0.49092863773472617	0.5262281377542944	0.5683468310159205	0.5196016235943961	0.49246560167529335	0.5268046854285368	-5.654423160493696e-4	7.581221445842999e-4	0.0015369640380333343	5.76547955522755e-4	0.6051121606313249	0.5536104937211356	0.5295106924910646	0.5627444489478417	0.07296521637098317	0.06877586265231808	0.07562714527968384	0.0724560747676617	0.1554105013295508
-770	TRUE	FALSE	FALSE	FALSE	52677	0.5689450503499718	0.5189978258577675	0.49136581935681817	0.5264362318548524	0.5676506027597259	0.5195386790758867	0.4923374309920459	0.5265089042758861	-0.0012944476634542442	5.408530099106023e-4	9.716116653659891e-4	7.267233727411571e-5	0.6051070547063894	0.553793709881876	0.52968274509604385	0.5628611698947698	0.07361845665077331	0.06905091443040762	0.07566223977062891	0.07277720361726996	0.15432074706664195
-769	TRUE	FALSE	FALSE	FALSE	52680	0.5695929327498693	0.5195694658492689	0.49170891475046297	0.5269571044498671	0.5683653429815385	0.5205283734154276	0.4929349162300706	0.5272762108756789	-0.0012275904103603874	9.589077668870782e-4	0.0012260015155575303	3.191062906947404e-4	0.606260704273749	0.5547324760113019	0.5303873989688787	0.5637935264179765	0.07456313351143136	0.06936711278103275	0.07613096704780443	0.07335373778008951	0.1503196469820232
-768	TRUE	FALSE	FALSE	FALSE	52674	0.5704033983208321	0.520195875961023	0.4923142822416677	0.5276378521745076	0.5692921666769231	0.5209240569378863	0.49397881629462737	0.5280650133031456	-0.0011112316855297804	7.281814744963284e-4	0.0016645337030619036	4.271611640094839e-4	0.6069782903805633	0.5549897400781998	0.5311945833352408	0.5643875379313347	0.07426101536195956	0.06885954709075813	0.07609606798183084	0.07307221014484952	0.1420823559031201
-767	TRUE	FALSE	FALSE	FALSE	52674	0.570486185985115	0.5202785314948429	0.49272062690342794	0.5278284481277953	0.569217622062186	0.5207926105405202	0.4936734531339009	0.5278945619122023	-0.001268563952920532	5.140787987933128e-4	9.528260101043266e-4	6.611361865903574e-5	0.6071165744166199	0.5548140298020675	0.5311102785383495	0.5643469609190123	0.0745293405159551	0.06855691740310679	0.07582647708742865	0.07297091166883019	0.16260371337279053
-766	TRUE	FALSE	FALSE	FALSE	52677	0.5715388128665576	0.521159804781823	0.49355341242005085	0.5287506766894772	0.5693143638319454	0.5208096444738823	0.49373558364801007	0.5279531973179459	-0.00222444819513008	-3.501599926418095e-4	1.8217113669379128e-4	-7.974790170260328e-4	0.606913198706191	0.5548263318855434	0.5312274024199539	0.5643223110038961	0.07297322107090505	0.06768321465641089	0.07516580822972632	0.07194074798568076	0.16182299689076698
-765	TRUE	FALSE	FALSE	FALSE	52671	0.5716211415627634	0.5214066827132806	0.4938280129159196	0.5289519457306545	0.5698623173734554	0.5208185998201884	0.4938589634909473	0.528179960228197	-0.0017588241537662907	-5.880829669490552e-4	3.095069130332254e-5	-7.719854764706743e-4	0.607335986726873	0.5554095325059192	0.531783692270819	0.5648430705012037	0.07318851526541657	0.06859378227471101	0.0758804080451218	0.07255423519508312	0.16036150845303795
-764	TRUE	FALSE	FALSE	FALSE	52677	0.5720906152774945	0.5219083905333916	0.49448359755519833	0.5294942011220282	0.5707682383730298	0.5214693998700491	0.4941122543238539	0.528783297522311	-0.001322377218823329	-4.389903892407863e-4	-3.7134461014003644e-4	-7.109040727347172e-4	0.6079618041006131	0.5558398396480789	0.5318838045035486	0.5652284827507469	0.0730647549519648	0.06830188916032293	0.07517175701754912	0.07217946704327895	0.15681172038308988
-763	TRUE	FALSE	FALSE	FALSE	52665	0.5724707450289751	0.5222154388434973	0.49503586763511104	0.5299073505025279	0.5718870041960616	0.5227488073871088	0.4953320337153888	0.5299892817661864	-5.837408044297503e-4	5.333684489770994e-4	2.961663146508053e-4	8.193131973271806e-5	0.6090209608640028	0.5568683347979508	0.5329704476305838	0.5662865810975125	0.07368417191023309	0.06877242390927298	0.07557299413522882	0.07267652998491163	0.1683092561879425
-762	TRUE	FALSE	FALSE	FALSE	52671	0.5735384582461007	0.5229436882091274	0.4954247100419538	0.530635618832394	0.5714800397377068	0.5229388961287904	0.4956450883923516	0.5300213414196163	-0.0020584184630629177	-4.791579691986079e-6	2.203781723875016e-4	-6.142772901224675e-4	0.6093596399828256	0.5570729459695604	0.532909487429085	0.5664473577938236	0.07370078157930098	0.06826330746746026	0.0747491760458806	0.0722377550308806	0.14715230425801534
-761	TRUE	FALSE	FALSE	FALSE	52671	0.5737854658847752	0.5230883914155611	0.49590173045661445	0.5309251959189836	0.5707834138007077	0.5217634974729036	0.49409515138828386	0.5288806875539651	-0.003002052194731176	-0.0013248946102855897	-0.0018065789179644515	-0.0020445085743270724	0.6092694877481752	0.5564949122431448	0.5324986050845334	0.5660876683586178	0.07397009589817924	0.06813793589169824	0.07500032822295201	0.07236945333760983	0.15569368331436134
-760	TRUE	FALSE	FALSE	FALSE	52665	0.573733374934773	0.5232047059527559	0.4963377101578334	0.5310919303484541	0.5709057542657603	0.5219523108034796	0.49499690165919896	0.5292849889094796	-0.002827621136809556	-0.0012523955521822594	-0.0013408084342585113	-0.001806941707750109	0.6090266700141247	0.5567943695428202	0.5331532935288276	0.5663247776952575	0.07341421115174676	0.0684317223758238	0.0749719748244794	0.07227263611734999	0.1458709195128047
-759	TRUE	FALSE	FALSE	FALSE	52662	0.5747691974686095	0.5240273412702852	0.4969773294470713	0.5319246227286553	0.572993571897308	0.5232565813261786	0.4961116091165556	0.5307872541133474	-0.0017756251719794603	-7.707593762770308e-4	-8.657205268925761e-4	-0.0011373683583830224	0.611074805216966	0.5579023839921439	0.5340077663128661	0.5676616518406586	0.07438684011752567	0.06852084525117988	0.07492659407217288	0.07261142648029281	0.14548080203151006
-758	TRUE	FALSE	FALSE	FALSE	52659	0.5749311096830254	0.5242881842664067	0.4974398302216181	0.5322197080570168	0.5725483074878374	0.5234314657793412	0.49695613065214256	0.5309786346397738	-0.0023828027910050226	-8.567182029571318e-4	-4.836992193669992e-4	-0.0012410734044430512	0.6110416855481201	0.5581771594776119	0.5347728323146949	0.5679972257801422	0.07460395384825165	0.06863466859288829	0.0751497040586752	0.07279610883327171	0.1462997208648626
-757	TRUE	FALSE	FALSE	FALSE	52650	0.5750691050383104	0.5244892956779813	0.4979479956210009	0.5325021321124309	0.5736855889804735	0.5241448769873509	0.49781950614824444	0.5318833240386897	-0.0013835165130513618	-3.4441938144426197e-4	-1.2848961467946244e-4	-6.188085030583622e-4	0.6107974119033356	0.5582247217088155	0.5352056640626336	0.5680759325582616	0.07284012988371846	0.06781527096422307	0.07464382644489181	0.07176640909761112	0.15290364705670248
-756	TRUE	FALSE	FALSE	FALSE	52638	0.5758082546019743	0.5251276624471409	0.49853811203282544	0.5331580096939802	0.5757569861644781	0.5265114065430835	0.5000525906124654	0.534106994440009	-5.126787663007322e-5	0.0013837441025216595	0.0015144786072201581	9.489849443705815e-4	0.6129224843074398	0.5603724798589313	0.5371402389707619	0.5701450677123777	0.07427972783960976	0.0691058908855998	0.0756897747633685	0.07302513116285936	0.14042288839075429
-755	TRUE	FALSE	FALSE	FALSE	52632	0.5757368663271344	0.5251041293550149	0.498589274673968	0.5331434234520391	0.5729391379757605	0.5246001207375202	0.49793890349447856	0.5318260540692531	-0.002797728099308402	-5.040085378638762e-4	-6.503717665215609e-4	-0.0013173694678979462	0.6115714463956601	0.5591861622048383	0.5357446148312791	0.5688340744772592	0.07446688853069178	0.06866807495609728	0.07496105218410799	0.07269867189029902	0.15084000194408995
-754	TRUE	FALSE	FALSE	FALSE	52632	0.5761428054984733	0.5255307497434043	0.49908682893240613	0.5335867947247612	0.5750624772788837	0.5260751379545101	0.49978179446781096	0.5336398032337349	-0.001080328656277297	5.443880393360397e-4	6.949655485406715e-4	5.300831053313804e-5	0.6129898134181319	0.5603470482871528	0.5372777736139309	0.5702048784397385	0.07477434388105811	0.06908820887155609	0.07568692427680364	0.07318315900980595	0.16070297551616336
-753	TRUE	FALSE	FALSE	FALSE	52638	0.5768542920656662	0.5261732829887129	0.49999055090658495	0.5343393753203214	0.5740102582664369	0.5243019320565471	0.4987352832021177	0.5323491578417006	-0.0028440331843480435	-0.0018713510699195134	-0.0012552672881020442	-0.001990217180789867	0.6125714524906148	0.5594792430415474	0.5368421428718635	0.5696309461346752	0.07427835479427813	0.06848327126543927	0.07495845168629996	0.07257335924867245	0.15495360748703346
-752	TRUE	FALSE	FALSE	FALSE	52638	0.5778761072878785	0.5268212527055693	0.5003773293609814	0.5350248964514764	0.5754233290899069	0.5257394907275326	0.5004489012144485	0.533870573677296	-0.002452778652631398	-0.0010817626821809161	7.157154568954369e-5	-0.0011543232630409235	0.6138457569551653	0.5609486754054614	0.5383557948671781	0.5710500757426016	0.07439207713090558	0.06933660785168182	0.07588535932414657	0.07320468143557798	0.1439884871251437
-751	TRUE	FALSE	FALSE	FALSE	52644	0.5783285506821586	0.5272288044012203	0.5010446977784195	0.5355340176205995	0.5758164604989937	0.5253835628826037	0.5005502773105875	0.533916766897395	-0.0025120901126314092	-0.0018452413930395808	-4.944200517936518e-4	-0.0016172505191548807	0.6141290534927103	0.5608214255845215	0.538753138565877	0.5712345392143696	0.07411309625141899	0.06903048370094018	0.07591130186717802	0.07301829393984573	0.1627607137108599
-750	TRUE	TRUE	FALSE	FALSE	52638	0.5781444358035386	0.5272838515236568	0.5014866228523807	0.5356383033931921	0.5760630973108387	0.5265124724460842	0.5010915113552531	0.5345556937040588	-0.0020813393637536173	-7.713792806371291e-4	-3.95111696540484e-4	-0.0010826101136437434	0.6144646526366656	0.5619408744318971	0.5397933130913523	0.572066280053305	0.07472177185238756	0.07008542515836241	0.07700849149465372	0.07393856283513456	0.15004924209918352
-749	TRUE	TRUE	FALSE	FALSE	52641	0.5792890048423944	0.5282273323039184	0.5021519760136703	0.536556104386661	0.5757393566887018	0.5264698153388766	0.5008687437219839	0.534359305249854	-0.0035496481525653083	-0.0017575166732654013	-0.001283232403920184	-0.0021967990765836315	0.614840295408444	0.5624524796001154	0.5399846448282108	0.5724258066122567	0.07465222917844995	0.07020781096254623	0.07694856994706917	0.07393620336268845	0.15515712117844743
-748	TRUE	TRUE	FALSE	FALSE	52647	0.5796721325059427	0.5287431528950447	0.5028590371960864	0.5370914408656913	0.5757793526883883	0.5269880972575764	0.502227071476892	0.5349981738076189	-0.003892780071340216	-0.0017550551871364586	-6.319654760969665e-4	-0.002093266911524547	0.6155049092517861	0.5630083934056832	0.5412178690813612	0.5732437239129435	0.0755583338662133	0.07028553697024104	0.0773496294272282	0.07439783342122751	0.13827169650586454
-747	TRUE	TRUE	FALSE	FALSE	52644	0.5800101559294026	0.5292605273089006	0.5037000414713034	0.5376569082365356	0.5786280178567604	0.5286193942568433	0.5033459406301004	0.5368644509145681	-0.0013821379133425117	-6.41133455719972e-4	-3.5410051523842033e-4	-7.924572947669681e-4	0.6175570891281981	0.5643456621857998	0.5422827513188087	0.5747285008776022	0.07647600405293273	0.07081140328795874	0.07751952071196039	0.07493564268428395	0.15372555297652396
-746	TRUE	TRUE	FALSE	FALSE	52638	0.5813059315745125	0.5302351329251223	0.5045823386091086	0.5387078010362478	0.5774726885908797	0.5286909353812637	0.5030055475762142	0.5363897238494525	-0.0038332423111950347	-0.0015441973833436053	-0.001576790977425932	-0.0023180768906548572	0.6167884103875257	0.5641702800577058	0.5419434193085612	0.5743007032512643	0.07479820043248907	0.0694144923291708	0.07629895295105112	0.073503881904237	0.14825584215912752
-745	TRUE	TRUE	FALSE	FALSE	52620	0.5812731672243049	0.5302906164302893	0.5045393408029322	0.5387010414858421	0.5786228204638054	0.5296667019211152	0.5037713845317306	0.5373536356388837	-0.002650346916729698	-6.239149960394748e-4	-7.679564728085372e-4	-0.0013474061285259035	0.6184568750099035	0.5656115673687278	0.5431205936241144	0.575729678667582	0.07701776293933088	0.07126581646632497	0.077930461935906	0.07540468044718728	0.1541794190622129
-744	TRUE	TRUE	FALSE	FALSE	52626	0.5811420335028884	0.5303294574591145	0.5046764654996548	0.5387159854872192	0.5792359397628335	0.5299126441148667	0.5042924275839703	0.5378136704872235	-0.0019060946827253557	-4.168127303187948e-4	-3.8403852624387184e-4	-9.023153130960073e-4	0.6184513752183352	0.5654009292787987	0.5427162267742568	0.5755228437571303	0.0765247771390817	0.07055975701157526	0.07646356040057851	0.07451603151707849	0.16794498949605266
-743	TRUE	TRUE	FALSE	FALSE	52632	0.5819939709848339	0.5310287339215806	0.5056754057869874	0.5395660368978006	0.5782781482543421	0.5296987569652826	0.504819812307845	0.5375989058424898	-0.0037158224972555385	-0.0013299768615133525	-8.555938709542921e-4	-0.0019671310765743944	0.6181957708041735	0.5657010011097494	0.5436412230089506	0.5758459983076245	0.07611942263520499	0.07067451146495296	0.07678722737819761	0.07452705382611853	0.14535607658397892
-742	TRUE	TRUE	FALSE	FALSE	52638	0.5829030107893316	0.5315623763054815	0.5059857559375134	0.5401503810107755	0.5801096098675423	0.5307832252424123	0.5047506589502391	0.5385478313533979	-0.002793401620153269	-7.791512063942115e-4	-0.0012350968135665414	-0.0016025498800380073	0.6203776796474675	0.5668929290757525	0.5445197946438523	0.5772634677890242	0.07774273908777624	0.0714402567765252	0.07830317326408431	0.07582872304279525	0.15773521029551701
-741	TRUE	TRUE	FALSE	FALSE	52641	0.58326127740256	0.5318838793201199	0.5066385484768042	0.540594568399828	0.5804764392283641	0.5312552938244332	0.5056358564709261	0.5391225298412411	-0.002784837604699827	-6.285853561146412e-4	-0.0010026915377250537	-0.0014720381661798407	0.6206827650684087	0.5671490455413116	0.5449925195258262	0.5776081100451822	0.07762781312115911	0.07115891813760149	0.07771063390080318	0.0754991217198546	0.15515250471764147
-740	TRUE	TRUE	FALSE	FALSE	52641	0.5832891012853824	0.5321190939624921	0.5072903729941137	0.5408995227473294	0.5806836555192121	0.532039867308385	0.507224387018455	0.5399826366153507	-0.0026054460210830992	-7.922687804877956e-5	-6.598655278927266e-5	-9.168864839737172e-4	0.6201364409921785	0.5672565180732904	0.5457761992500253	0.5777230527718313	0.07630012604449118	0.07035407509367518	0.07703763837489291	0.07456394650435309	0.16224169388492832
-739	TRUE	TRUE	FALSE	FALSE	52647	0.5844364846018436	0.5330772116532241	0.5079560895906265	0.5418232619485648	0.5829584593787155	0.5327978353072538	0.5080044123784186	0.5412535690214626	-0.0014780247007789293	-2.793764470506962e-4	4.832302347299889e-5	-5.696927081188755e-4	0.6219049273164815	0.5681464983400798	0.5465114797591502	0.5788543018052371	0.07641491054644807	0.07041794980315186	0.07706245708887034	0.07463177247949009	0.15411903814903577
-738	TRUE	TRUE	FALSE	FALSE	52647	0.5847408568693988	0.5335669785313331	0.5086132075567026	0.5423070143191447	0.5820993515990618	0.5325570172283703	0.5078370916512892	0.5408311534929071	-0.00264150599834358	-0.0010099606777420821	-7.761153885256103e-4	-0.0014758606882037573	0.620852559953033	0.567773079707293	0.5464102402208194	0.5783452932937151	0.0748649114417367	0.06942216346197676	0.0763701814855044	0.07355241879640595	0.13810821131929693
-737	TRUE	TRUE	FALSE	FALSE	52647	0.5850416819355764	0.53413059401279	0.5095056081204223	0.5428926280229296	0.5847814679242112	0.5345529992998778	0.5104847803281349	0.5432730825174079	-2.602141403310009e-4	4.224052340324596e-4	9.791723234838035e-4	3.8045447239508736e-4	0.6221279162465282	0.569157801263573	0.5482774162475275	0.5798543779192096	0.07443268309160105	0.06963200945988456	0.07656444429879135	0.07354304561675899	0.13578340594520616
-736	TRUE	TRUE	FALSE	FALSE	52644	0.5864291277649978	0.5351673647108302	0.5104007692930359	0.5439990872562879	0.5874046931123026	0.5372679307777003	0.5132415468696604	0.5459713902532211	9.75565263654882e-4	0.00210056616503911	0.0028407778134897405	0.001972303080727911	0.6245591120684485	0.5714845228728775	0.550678372198277	0.5822406690465344	0.07528440366932282	0.07053375088721676	0.07771442774085882	0.07451086076579946	0.14878048803106397
-735	TRUE	TRUE	FALSE	FALSE	52638	0.5863887401448087	0.5353743939082056	0.5106401306850393	0.5441344215793512	0.586119570989619	0.5355118490465489	0.5114234429105854	0.5443516209822511	-2.69169322520858e-4	1.374553853281422e-4	7.833127193032487e-4	2.171995940368444e-4	0.6235918784802071	0.5701395684331307	0.5492397874599985	0.5809904114577787	0.07467544651803798	0.0693928938091587	0.0764160017511301	0.0734947806927756	0.16074165076080385
-734	TRUE	TRUE	FALSE	FALSE	52638	0.5868537409762971	0.5356977290187105	0.5111248245495438	0.5445587648481838	0.5869501002510539	0.53631927340224	0.5118601922307432	0.5450431886280124	9.635866617493538e-5	6.215448066954625e-4	7.353672470809973e-4	4.8442357331713166e-4	0.6243406681003422	0.5706065591154988	0.549473822275425	0.5814736831637554	0.07487749510053349	0.069196115495365	0.07596262820247694	0.0733454129327918	0.150212413204864
-733	TRUE	TRUE	FALSE	FALSE	52626	0.5868778218018424	0.5359363695490489	0.5116644246034121	0.5448262053181011	0.5872157261426402	0.5363538517529515	0.512440817564198	0.5453367984865966	3.379055805970679e-4	4.174819537026303e-4	7.76392166655712e-4	5.105932336518034e-4	0.6241117783847098	0.5707098114218668	0.5501245287060136	0.5816487061708634	0.07413000860753953	0.06912940095734228	0.07614381535056945	0.07313440830515042	0.1406726141333233
-732	TRUE	TRUE	FALSE	FALSE	52626	0.5877436556159306	0.5363806331162395	0.5118081899542258	0.5453108262287987	0.5868352209913641	0.5362273513420502	0.5123079503987994	0.5451235075774046	-9.084351575781915e-4	-1.5328222073420262e-4	4.997607693049805e-4	-1.8731886966913785e-4	0.6244225973475498	0.57096676472252506	0.5502914423007738	0.5818936014569496	0.074266317393808845	0.06932554497515372	0.07646674360412763	0.07335286865769673	0.1539152890503118
-731	TRUE	TRUE	FALSE	FALSE	52620	0.587783958527346	0.5362876710347697	0.5121382268496338	0.5454032854705831	0.5882592159290192	0.5366113305235826	0.512586513570425	0.5458190200076756	4.7525780401003664e-4	3.236597663689927e-4	4.482866781711516e-4	4.157347495167272e-4	0.6250379097480395	0.570739002100362	0.5501045791595212	0.5819604970026409	0.07403264462023235	0.06857900280343895	0.07548441809898022	0.0726986885075505	0.1448506845673639
-730	TRUE	TRUE	FALSE	FALSE	52620	0.5880206178032287	0.5368146290191718	0.5130437049741036	0.5459596505988347	0.5876663935899472	0.5364401808567595	0.5134929934585906	0.545866522635099	-3.542235736290786e-4	-3.7444829455954087e-4	4.492884009820734e-4	-9.312782240218215e-5	0.625298563138791	0.5709850068591121	0.5512026098270457	0.5824953932749829	0.07491011551151082	0.06871520407011313	0.07586852081374712	0.07316461346512369	0.13238762851929672
-729	TRUE	TRUE	FALSE	FALSE	52632	0.589270763418163	0.5378631514344104	0.5136723603535892	0.5469354250687208	0.5884115025641017	0.5380735110426507	0.5141977887376713	0.5468942674481412	-8.592600258653234e-4	2.1035983668482672e-4	5.254284069124488e-4	-4.1157260756015907e-5	0.6260313946747993	0.572707197408294	0.5522704602826644	0.5836696841219192	0.07438052297592779	0.0694777327554592	0.07667077130281669	0.07350967567806789	0.14322913850481558
-728	TRUE	TRUE	FALSE	FALSE	52635	0.5896468228109194	0.5382990772602815	0.5143293091872405	0.5474250697528138	0.5899031362477308	0.53894985120525	0.5152211206951101	0.5480247027160303	2.5631384304716255e-4	6.507737170152173e-4	8.918118443284487e-4	5.996331347969428e-4	0.6268765362160927	0.5730682187586879	0.5525736816744464	0.584172812216409	0.07420311346414432	0.06888750931551155	0.07559693329017446	0.07289585202327678	0.14490037067336406
-727	TRUE	TRUE	FALSE	FALSE	52632	0.5894680293895813	0.5384525848796192	0.5148148824120183	0.5475784988937397	0.5899494357180045	0.5388686972320155	0.5154555514210739	0.548091228123698	4.8140663372653596e-4	4.161121182554434e-4	6.406686895722849e-4	5.127291471847548e-4	0.6263776336400898	0.5726533380115134	0.5527625419783113	0.5839311712099715	0.07333780171735949	0.06798539343799723	0.0752546502847121	0.0721926151466896	0.14951784082578398
-726	TRUE	TRUE	FALSE	FALSE	52641	0.5911743668290788	0.5397053864805023	0.5158505745735733	0.5489101092943848	0.5914723805445503	0.5412019360131604	0.5174830617550025	0.5500524594375711	2.9801296246249496e-4	0.0014965497467143878	0.0016324870039157234	0.0011423499043642022	0.6289681314484777	0.5750948567891369	0.5548668179444122	0.586309935394009	0.0752895153620277	0.0692823906035632	0.07639999987720164	0.07365730194759752	0.14326021563936314
-725	TRUE	TRUE	FALSE	FALSE	52644	0.5913868711852939	0.5400145801637184	0.5162344506188415	0.549211967322618	0.592167862938224	0.5413070887257534	0.5181369534883559	0.5505373017174444	7.80991678097444e-4	0.001292508594352534	0.0019025021145303365	0.0013253341289934382	0.6292440177998463	0.5751732435353112	0.5549495399699096	0.5864556004350223	0.07493330118184727	0.06902481817992769	0.07552767635621342	0.07316193190599612	0.15210160690822355
-724	TRUE	TRUE	FALSE	FALSE	52644	0.5920826323104468	0.5404913606483276	0.5168102337549445	0.5497947422379064	0.593339736923591	0.5427884066095775	0.5189003707400285	0.551676171424399	0.0012571048954195256	0.0022970462113342523	0.0020901374306098674	0.0018814295124545482	0.6296097817278361	0.5759425628307555	0.5556988921316	0.5870837455633972	0.07379719404395839	0.06860535919491272	0.0756871801676071	0.0726965778021594	0.14226738113075468
-723	TRUE	TRUE	FALSE	FALSE	52647	0.5926726759254171	0.5411224998980152	0.5176398712592929	0.5504783490275751	0.591844903901542	0.5412847119355716	0.5189912379543361	0.5507069512638165	-8.277722350713366e-4	1.6221152769571291e-4	0.0013513659241430448	2.2860173892247387e-4	0.6293634742158154	0.5754196494642969	0.5561590091043587	0.586980710928157	0.07420936832198306	0.06843208690042313	0.07568690919789488	0.0727761214734337	0.13835785525677122
-722	TRUE	TRUE	FALSE	FALSE	52641	0.5937760926246016	0.5417971029713979	0.5181242129984762	0.5512324695314919	0.5931760791701144	0.5421291840275727	0.5187462178048754	0.5513504936675208	-6.000134172319003e-4	3.320813015998348e-4	0.00062200575626702385	1.180245468783194e-4	0.6306911128714147	0.5762914368119505	0.5562598179961232	0.5877474558931628	0.07443005400768506	0.06865658661804172	0.07564920515293862	0.07291194859288846	0.15558329066462806
-721	TRUE	TRUE	FALSE	FALSE	52638	0.5938241689422148	0.5417470858676845	0.518511411952993	0.551360888920964	0.5925207287696969	0.5413930504049631	0.5183582651412421	0.5507573481053007	-0.0013034403935521539	-3.540354507055008e-4	-1.5314712324469013e-4	-6.035409891674481e-4	0.630407159968983	0.5758491469756413	0.5562800989745825	0.5875121353064022	0.07446942263220228	0.06855815759277331	0.07569051989732235	0.07290603337409932	0.15748597985428991
-720	TRUE	TRUE	FALSE	FALSE	52635	0.5939627740704148	0.542137561189384	0.5193718691619319	0.5518240681405769	0.5932522865649715	0.5430721072996045	0.5205133226157145	0.5522792388267634	-7.104873649175197e-4	9.345464375933592e-4	0.0011414530506069517	4.551707077609304e-4	0.6306017924433891	0.5770858607094271	0.5580720488014334	0.5885865673180831	0.07398852455579975	0.06896205247389206	0.07625890515772565	0.07306982739580582	0.16315497286071276
-719	TRUE	TRUE	FALSE	FALSE	52635	0.5950461221683075	0.5430946247675223	0.5199605292313845	0.5527004253890715	0.5951244141015133	0.5441625926403567	0.5207756801976814	0.5533542289798505	7.829218729627588e-5	0.001067967574320379	8.151507042024319e-4	6.538034886063622e-4	0.6330687890215081	0.5788672342865001	0.5589299322212766	0.590288651843095	0.07596704175946749	0.07047725115669136	0.07712365488273815	0.07452264926629901	0.1577681954025208
-718	TRUE	TRUE	FALSE	FALSE	52629	0.5955360839017131	0.5434632952577176	0.5204954583860444	0.5531649458484917	0.5956662759327227	0.5449949958550714	0.521837891068154	0.5541663876186493	1.3019123076819496e-4	0.0015317001796183434	0.0013424326585269606	0.0010014413563044996	0.6335702026805328	0.579536157829336	0.5596932317247345	0.5909331974115345	0.07593804561615432	0.07061402472626413	0.07705311383684832	0.07453506139308892	0.14348469533925318
-717	TRUE	TRUE	FALSE	FALSE	52635	0.5951959407964634	0.5435891402931777	0.520816790910726	0.5532006240001224	0.5946286996756047	0.5440036663611554	0.5211714311343454	0.5532679323903685	-5.672416488168795e-4	4.145257992072044e-4	3.546407156273975e-4	6.730828867257421e-5	0.6326910238775679	0.5790285728209474	0.5595674933345719	0.5904290300110291	0.07555740701339976	0.07046433899994088	0.07714676435058761	0.07438950345464275	0.13713280164398997
-716	TRUE	TRUE	FALSE	FALSE	52638	0.5970181197778397	0.545036935128812	0.5222827202180481	0.5547792583748999	0.5955285372505099	0.5441058784363196	0.5217129859433957	0.5537824672100751	-0.0014895819775524088	-9.310567257752284e-4	-5.697339683819941e-4	-9.967908905698772e-4	0.6344590898015143	0.5797797605095725	0.560556225709046	0.5915983586733776	0.07637152250533659	0.07041670795873545	0.07711674444816781	0.07463499163741329	0.156076199604228
-715	TRUE	TRUE	FALSE	FALSE	52638	0.5970197666167985	0.5452428148710439	0.5226072375520388	0.554956606346627	0.5954860443804195	0.5439421647671223	0.52154066966928	0.5536562929389406	-0.0015337227845670302	-0.0013006499513360272	-0.0010665688378682168	-0.001300313857923758	0.6343093108864772	0.5799500856942498	0.5606213911228191	0.5916269292345153	0.07611281003838206	0.07071519113812219	0.07709487503194423	0.0746409587361495	0.14878177406163307
-714	TRUE	TRUE	FALSE	FALSE	52635	0.5976712910824714	0.5456609261582175	0.5230462421390176	0.5554594864599022	0.5963752465830362	0.5454593465099413	0.5229510993697871	0.5549285641542548	-0.0012960443914666667	-2.0157919632548488e-4	-9.514298947586091e-5	-5.30922192422671e-4	0.635251759681622	0.5812294873813258	0.5618991621315365	0.5927934697314947	0.0764569814344454	0.07133870145835249	0.07780098235356935	0.07519888841545574	0.14342701664331417
-713	TRUE	TRUE	FALSE	FALSE	52632	0.5985589237220688	0.546469117796889	0.5240204514672713	0.5563494976620763	0.5965801796640035	0.5459154914356686	0.522962336012884	0.5551526690375187	-0.0019787451570519917	-5.536256969448566e-4	-0.0010581155915269456	-0.001196828815174598	0.63580063185361535	0.5818837939508764	0.5622738818530223	0.593319435885838	0.07646216061738223	0.07138297900840214	0.07756497652906752	0.075136705384950625	0.15106024804475285
-712	TRUE	TRUE	FALSE	FALSE	52635	0.5995457405378058	0.5470816857516495	0.5245451732084174	0.5570575331659576	0.59721620966525	0.5457253898848868	0.5230200021350156	0.5553205338950508	-0.002329531276291555	-0.0013562959469208568	-0.001525171281252919	-0.0017369995014884436	0.6368445003759788	0.5822409698945644	0.5628601575711436	0.593981875947229	0.07692705034927791	0.07167486443824611	0.07815513989208775	0.07558568489320393	0.14367711598094846
-711	TRUE	TRUE	FALSE	FALSE	52635	0.5995640915189803	0.5470891240237208	0.5249439173128541	0.5571990442851851	0.5966451633325792	0.5448201834055498	0.5227112772829386	0.5547255413403559	-0.0029189283661841797	-0.0022689406137943744	-0.002232640142069794	-0.002473503040682783	0.6362313595094506	0.5814008682242104	0.5624600452091372	0.5933640909809328	0.07625346453390043	0.0708924288461203	0.07726489641053491	0.07480359659685189	0.15334254742248887
-710	TRUE	TRUE	FALSE	FALSE	52626	0.5999315135007359	0.5474409283706971	0.5258187053067349	0.5577303823927227	0.5976578080198982	0.5464158912432692	0.5244248162128359	0.5561661718253345	-0.002273705755554072	-0.0010250371135979003	-0.0013938898395785845	-0.0015642109029101858	0.6373241707337727	0.5824962310111902	0.5641248845426248	0.5946484287625292	0.07705902070214513	0.071135642257057	0.0780062479443539	0.07540030363451868	0.14743837632965337
-709	TRUE	TRUE	FALSE	FALSE	52617	0.6009841639121011	0.548382396291728	0.5263407908740652	0.5585691170259648	0.5995798262358744	0.5475880420170464	0.5254259124644736	0.5575312602391315	-0.0014043377059092493	-7.943543860782162e-4	-9.148787142469981e-4	-0.0010378569354114878	0.6385097505037629	0.5835406080136545	0.564737421664598	0.5955959267273384	0.07645551141613334	0.07111077780657248	0.0777081395679019	0.0750914762635359	0.15389891118523938
-708	TRUE	TRUE	FALSE	FALSE	52620	0.6011676734333021	0.5485737720068632	0.5267142847332152	0.5588185767244602	0.5982872041923742	0.5469709759067197	0.5256980016648645	0.5569853939213194	-0.0028804696005728424	-0.0016027962146655842	-0.0010162824816843576	-0.0018331827656409279	0.638140106452818	0.5831398918578032	0.565191504392137	0.5954905009009195	0.07682533540116758	0.07073503481886606	0.07797072248022587	0.0751770309000865	0.14939937291055852
-707	TRUE	TRUE	FALSE	FALSE	52620	0.6013196789820402	0.5490694691756659	0.527426535632463	0.5592718945967231	0.5991816442684869	0.5479744518873835	0.5265814452435283	0.5579125137997996	-0.002138035048848685	-0.0010950174374904826	-8.45090606473856e-4	-0.0013593810309376745	0.6379933260057499	0.5837786434001052	0.5658467772421109	0.595872915549322	0.07548532908247167	0.07051336557920014	0.07768557369994579	0.07456142278720587	0.14909315837397583
-706	TRUE	TRUE	FALSE	FALSE	52626	0.602925303331509	0.550358212246315	0.5286010795869674	0.5606281983882638	0.6020189935471937	0.5498978476827252	0.5290112412446493	0.560309360824856	-9.063098262005144e-4	-4.603651083850827e-4	4.101623618908106e-4	-3.1883752423159545e-4	0.6408467448235635	0.5856906289994472	0.5678712506065715	0.598136208143194	0.07674919237383354	0.07112519798524576	0.0781301798580773	0.0753348567390522	0.13726747242369552
-705	TRUE	TRUE	FALSE	FALSE	52620	0.603353271943964	0.5508408998194664	0.5291048291989806	0.5610996669874704	0.6013165956891887	0.5495855553004395	0.5284023688535479	0.5597681732810587	-0.0020366765032130314	-0.0012553443830046068	-7.024599208850189e-4	-0.0013314936023675523	0.6400059779296342	0.5852994419320737	0.5674177717361336	0.5975743971992805	0.07534208760384081	0.07017242854078584	0.07732834446126434	0.074280953535297	0.1469781642810836
-704	TRUE	TRUE	FALSE	FALSE	52620	0.6040731766404067	0.5511486474563316	0.5295265053814565	0.5615827764927316	0.6031968826953636	0.5510390067993797	0.529885957433788	0.5613739489761771	-8.762930263864011e-4	-1.0964023330980053e-4	3.594521202097985e-4	-2.088270464954678e-4	0.6414470764471838	0.5860578943173524	0.568363258963612	0.598622743242716	0.07562409417646186	0.06992813450476336	0.07731405474367298	0.07428876114163273	0.14490319294450132
-703	TRUE	TRUE	FALSE	FALSE	52626	0.605003165494591	0.5522224667480367	0.5308322935919704	0.5626859752781993	0.6027852974916367	0.5506721166893337	0.5297525944747862	0.5610700028852522	-0.002217868751717953	-0.0015503499879460226	-0.0010796983551323463	-0.0016159723649321076	0.6420316869738459	0.5868619898573734	0.5691626608467921	0.5993521125593371	0.07627491191542297	0.0708293963731361	0.07774043352358512	0.07494824727071472	0.15432048802264406
-702	TRUE	TRUE	FALSE	FALSE	52620	0.6061349155298216	0.5528558142207137	0.5312746100859046	0.5634217799454799	0.60449332440738	0.551937383597129	0.530509623553461	0.5623134438526566	-0.0016415909829806375	-9.18430571356837e-4	-7.649862964289661e-4	-0.0011083359502554802	0.6434007207920783	0.5871675777558558	0.5695457676886785	0.6000380220788708	0.07617320183793182	0.0695419582130981	0.07730730170854509	0.074340820586525	0.14416345523770802
-701	TRUE	TRUE	FALSE	FALSE	52614	0.6058397515912212	0.5525684706287666	0.5315306360748391	0.5633129527649423	0.6032186246494665	0.5515901618818991	0.5308425194501175	0.5618837686604944	-0.002621126786015766	-9.783084314403327e-4	-6.8811680925394e-4	-0.0014291840089033462	0.6422766534692639	0.5871490136146023	0.5696326096478612	0.5996860922439091	0.07549493010738123	0.070139394358325	0.0768920638507632	0.07417546277215648	0.15121986501131462
-700	TRUE	TRUE	FALSE	FALSE	52614	0.6064458201284623	0.553142752240437	0.5325240717842608	0.5640375480510533	0.6055143902124456	0.5535093503611271	0.5332536449092597	0.5640924618276109	-9.314303774941261e-4	3.6659829237750024e-4	7.295735928800377e-4	5.491383592113725e-5	0.6437163570058004	0.5881790599478453	0.5710618310988179	0.6009857493508212	0.07547250425068044	0.06970601766574018	0.076345945664675	0.07384148919369854	0.14133983380766735
-699	TRUE	TRUE	FALSE	FALSE	52611	0.6073218600207935	0.5539831235083359	0.5331316212049526	0.5648122015780274	0.6065298257188533	0.5543142140333917	0.5343570794761536	0.5650670397427995	-7.920351792340823e-4	3.310911068833248e-4	0.001225458452641649	2.5483812676363064e-4	0.6449120525519184	0.5889963573224621	0.5718179950505419	0.6019088016416408	0.07597241904268268	0.06969537709018964	0.07614728950350609	0.0739383618787928	0.15493157361259544
-698	TRUE	TRUE	FALSE	FALSE	52602	0.6074971499741816	0.5541721043156081	0.5335254280010773	0.5650648940969556	0.6050854471408069	0.5533137928202665	0.5337342831902713	0.5640445077171149	-0.00241170376431902	-8.583112811077688e-4	2.0885566350069306e-4	-0.0010203864606420318	0.6438802534729126	0.5885147322724026	0.5716498141960719	0.601348266647129	0.07517791017240676	0.06954356728814164	0.07603991662094849	0.07358713136049895	0.154942796777542
-697	TRUE	TRUE	FALSE	FALSE	52602	0.607441058753828	0.5545558621376263	0.534062949842077	0.5653532902445104	0.6058078487468357	0.5549450051438382	0.5346796864352208	0.5651441801086314	-0.0016332093321680817	3.891427528219973e-4	6.167354738329741e-4	-2.0911036850437015e-4	0.6443861712562884	0.5894302209608987	0.5724748633288195	0.6020970851820022	0.07552343495078871	0.0693595750745356	0.07620709038465998	0.07369670013666144	0.14692123927302358
-696	TRUE	TRUE	FALSE	FALSE	52605	0.6089823556564049	0.55573554667755	0.5352321004049626	0.5666500009129726	0.6073793264152766	0.5558724798943326	0.5353032911408581	0.5661850324834891	-0.0016030286045416236	1.3693343967976425e-4	7.11903908382005e-5	-4.649682580078862e-4	0.646099280260147	0.590803904595221	0.5736218242012241	0.6035083363521974	0.07583687835143971	0.06999978262418957	0.07670825696892415	0.07418163931485114	0.15439458247491922
-695	TRUE	TRUE	FALSE	FALSE	52599	0.6091992988373964	0.5559930385252082	0.5355264203629585	0.5669062525751877	0.6079471232716391	0.5564674992315373	0.5368459295060523	0.5670868506697428	-0.0012521748493330676	4.744601443440578e-4	0.0013195095801642903	1.8059829172509349e-4	0.6468061137863726	0.5914939253008731	0.5747362759348497	0.6043454383406984	0.07646580623783897	0.07052731284651079	0.07710020186866753	0.07469777365100577	0.14532686938136735
-694	TRUE	TRUE	FALSE	FALSE	52596	0.6095555491185785	0.5560022774056868	0.5355448338153534	0.5670342201132063	0.6092160532336329	0.5566399215094123	0.5367763954072262	0.5675441233834239	-3.394963377390599e-4	6.376449514988338e-4	0.0012315613792477028	5.099033310024922e-4	0.6474804813051572	0.5915802704865921	0.5743009600514275	0.6044539039477256	0.07618936039288071	0.07051834256177031	0.07628069070738502	0.07432946455401201	0.1460217886639349
-693	TRUE	TRUE	FALSE	FALSE	52587	0.610339225697115	0.556900081050619	0.5365542334439934	0.5679311800639091	0.6094775175405465	0.5566238774422965	0.5358424867236304	0.5673146272354912	-8.617080734524694e-4	-2.762033644799599e-4	-7.11746550537747e-4	-6.16552662823392e-4	0.6476040964535248	0.5922135404838608	0.5746926281874871	0.6048367550416242	0.07539144902467611	0.07090312279890292	0.07698853617488342	0.07442770266615414	0.15119276627943723
-692	TRUE	TRUE	FALSE	FALSE	52587	0.611526429560862	0.5574924171866971	0.5370842201262326	0.5687010222912638	0.610568563493337	0.5569654317411118	0.5364600299538794	0.5679980083961094	-9.578659850114848e-4	-5.269850565650807e-4	-6.24190530341592e-4	-7.030138573060526e-4	0.6489789132516447	0.5926509091346178	0.5753025806149844	0.605644134333749	0.07586283287448009	0.07084396941483068	0.07706091164139506	0.07458923797690194	0.14934879367556456
-691	TRUE	TRUE	FALSE	FALSE	52590	0.6113331626372632	0.5574592681514998	0.5374564382297474	0.5687496230061702	0.6097402933503435	0.5573027308615695	0.5370167780863879	0.5680199340994336	-0.0015928691741217765	-1.5653746894644038e-4	-4.396608239104743e-4	-7.296891556595637e-4	0.6485311933382794	0.5928824578446061	0.5758378345956631	0.6057504952595162	0.07598893058266526	0.07100291646717871	0.07720245374659195	0.07473143359881197	0.15380154009611588
-690	TRUE	TRUE	FALSE	FALSE	52575	0.6119950382095243	0.5581316436825313	0.5384814787045527	0.5695360535322027	0.6106596080224838	0.5572239709855558	0.5379235321961965	0.568602370401412	-0.0013354294717842835	-9.076727994015983e-4	-5.579465980763582e-4	-9.336829564207467e-4	0.6496767373048706	0.5930159112153218	0.57686974995098	0.6065207994903908	0.07669882780569519	0.07067620821077795	0.07733448926173052	0.07490317509273456	0.15860097051871153
-689	TRUE	TRUE	FALSE	FALSE	52578	0.6129527689893192	0.5590015666338574	0.5391522801020364	0.5703688719084042	0.6106056051222732	0.5582735779236634	0.5383386884340743	0.5690726238266702	-0.002347163312544627	-7.27989421426903e-4	-8.135916217772891e-4	-0.0012962481185829393	0.650229902085369	0.5940291551479706	0.5775051802573196	0.6072547458302198	0.07690143061458489	0.07078316591043345	0.07751939242759923	0.07506799631753917	0.1419180076996082
-688	TRUE	TRUE	FALSE	FALSE	52581	0.613651554145598	0.5594481995517484	0.5398588437173316	0.570986199138226	0.6132220709221045	0.5603499776088499	0.5409156245469615	0.571495891025972	-4.2948387077587234e-4	9.017780690542093e-4	0.0010567811864574431	5.096917949119268e-4	0.6520255366973802	0.595703872893717	0.5796550062638255	0.6091281386183076	0.07717744810176858	0.07160956883179292	0.07853554374581923	0.07577418689312691	0.1450144345973927
-687	TRUE	TRUE	FALSE	FALSE	52578	0.6135918749561132	0.5599087511956241	0.5405060970357058	0.5713355743958144	0.611419734202159	0.5601606783829768	0.5401687305638586	0.5705830477163314	-0.0021721409321217	2.519273462152003e-4	-3.3736627739328805e-4	-7.525266210999293e-4	0.6508850712217376	0.5953824212857637	0.5790456969616138	0.6084377298230383	0.07675853383211566	0.07069541377175946	0.07741656665114457	0.07495683808500656	0.15481359181077628
-686	TRUE	TRUE	FALSE	FALSE	52578	0.6147510782007846	0.5607891679198006	0.5411827663425757	0.572241004154387	0.6133055895430684	0.5614153265601909	0.5413374429412149	0.5720194530148247	-0.0014454887520880138	6.261583040588591e-4	1.5467702012028983e-4	-2.2155114263628834e-4	0.6523579062902957	0.596182941115936	0.5796846182481451	0.609408488551459	0.07665914534620111	0.07016138749212213	0.07684902802746721	0.07455652028859681	0.1611233023728618
-685	TRUE	TRUE	FALSE	FALSE	52578	0.615044549930532	0.5610673895484383	0.5414764662208558	0.5725294685666087	0.6135692786858552	0.5618394371682522	0.5416493718071231	0.5723526958870768	-0.0014752710471280898	7.720482405258852e-4	1.7290552312442846e-4	-1.7677242782592527e-4	0.6525636623518711	0.5966558246142369	0.5800014636967603	0.6097403168876228	0.07651349572401193	0.07040482256222774	0.07687708925035763	0.07459846917886577	0.13290990533089694
-684	TRUE	TRUE	FALSE	FALSE	52584	0.6161489658415628	0.5615822597260157	0.5421126478746903	0.573281291147423	0.6151529623123004	0.5625280488046294	0.5433416051691541	0.5736742054286946	-9.960031136356667e-4	9.4578905920058e-4	0.0012289581471453504	3.929146975700879e-4	0.6537234270539019	0.5968892560834109	0.5809859684216208	0.6105328838529778	0.07614492551183884	0.06966820374961012	0.07651768350221842	0.07411027092122245	0.15845686932084857
-683	TRUE	TRUE	FALSE	FALSE	52590	0.6169362978706968	0.5625070402231434	0.5431627599112061	0.5742020326683488	0.6150146456658152	0.5636116516772223	0.543931837710419	0.5741860450178188	-0.0019216520981323146	0.0011046109232691018	7.690783231810629e-4	-1.5987617227383304e-5	0.6541774765337878	0.5981407438373508	0.5819049099387509	0.6114077101032965	0.0764040090099511	0.07016279647754106	0.07671522162975945	0.07442734237241722	0.15493325737618568
-682	TRUE	TRUE	FALSE	FALSE	52596	0.6180745046500532	0.5631599413472809	0.5437211051657429	0.5749851837210257	0.6176326720859533	0.5648235374603807	0.5453204022413156	0.5759255372625499	-4.418325711854228e-4	0.0016635965332679958	0.0015992967952992451	9.403535857939393e-4	0.6561465865331576	0.5992797800823519	0.5830835782844086	0.6128366482999728	0.07658599606437243	0.07057608132454418	0.07712564878705788	0.07476257539199149	0.14916313046411087
-681	TRUE	TRUE	FALSE	FALSE	52587	0.6176402501853737	0.5629238937010782	0.5438833887553126	0.5748158442139215	0.6155858662866133	0.5624833488825036	0.5435947792383984	0.5738879981358385	-0.002054383968626915	-4.40544548559123e-4	-2.886102164599812e-4	-9.278462445486732e-4	0.6545885144093653	0.5975558555129142	0.5819180264163623	0.6113541321128806	0.07595091172492852	0.06970446806087563	0.07635788449375433	0.07400442142651949	0.16802778246410618
-680	TRUE	TRUE	FALSE	FALSE	52587	0.6182144871934758	0.5634230438514154	0.544777494465804	0.5754716751702317	0.6154057974509476	0.5629107675309665	0.5438954924506357	0.5740706858108499	-0.00280869012387824	-5.122764898486987e-4	-8.820016847533306e-4	-0.0014009894328267565	0.6549386283955644	0.5981815392845847	0.582723053302644	0.6119477403275977	0.07625697292933184	0.07002926736843922	0.07677312007811925	0.07435312012529677	0.16794620376459413
-679	TRUE	TRUE	FALSE	FALSE	52593	0.619284983173495	0.5643145096905844	0.5454808523480772	0.5763601150707188	0.6159696495859428	0.5636077245455715	0.5454758474534251	0.5750177405283132	-0.0033153335089569544	-7.067851651134025e-4	-5.004813586617388e-6	-0.0013423744958856582	0.6557619433848096	0.599374068815	0.5842764516967571	0.6131374879655223	0.07626925434588437	0.07082590348057136	0.07759620345136274	0.07489712042593949	0.1272201245298913
-678	TRUE	TRUE	FALSE	FALSE	52602	0.6196014430046032	0.564572089931289	0.5460585291230848	0.5767440206863257	0.6162270096517412	0.5635303902723522	0.545828034470786	0.575195144798293	-0.0033744336810243593	-0.0010416997334812053	-2.3049396220396268e-4	-0.001548875792236509	0.6563162837604992	0.5993707483528311	0.5847761427036905	0.6134877249390069	0.07680411496125063	0.0706390166154565	0.07766572166501995	0.07503628441390904	0.15052817463466758
-677	TRUE	TRUE	FALSE	FALSE	52602	0.6200130867010837	0.565277216218753	0.5469481586940966	0.5774128205379777	0.6161291669488342	0.5642241162486361	0.5455270202805776	0.5752934344926827	-0.003883920017140297	-0.0010530999406157808	-0.0014211388412448786	-0.0021193862663336518	0.6563882360584434	0.6002220354566291	0.585075839133264	0.6138953702161121	0.07663421888361813	0.07094273822404068	0.07767649941715687	0.07508448550827189	0.15526320322969678
-676	TRUE	TRUE	FALSE	FALSE	52596	0.6212217173647477	0.5662265869169724	0.5478420174463944	0.5784301072427048	0.6172447932852206	0.5643695846481124	0.5463466690233028	0.5759870156522119	-0.00397692403492184	-0.0018570022415155584	-0.0014953478166764506	-0.0024430913643712832	0.6581617408902842	0.6011244753894277	0.5864525525579769	0.6152462562792296	0.07785697135215272	0.07165277927087998	0.07871641842619259	0.0760753896830751	0.14047786929612666
-675	TRUE	TRUE	FALSE	FALSE	52581	0.6213623915490809	0.5665817058097739	0.5480767326589425	0.5786736100059324	0.6176917746329084	0.564557218655712	0.5475154899459238	0.5765881610781813	-0.003670617366275641	-0.0020244874933721094	-5.612433039704779e-4	-0.0020854493878727427	0.6584113019535306	0.6013760418942932	0.5871713309085843	0.6156528915854693	0.07776843828141841	0.07161315940850883	0.07875043959300844	0.07604401242764523	0.13061522218110777
-674	TRUE	TRUE	FALSE	FALSE	52578	0.622601369288365	0.5671262299572584	0.5486677096629514	0.5794651029695249	0.6186377041639946	0.565288292758936	0.5474128528925001	0.5771129499384768	-0.0039636649859437914	-0.0018379373760053425	-0.0012548565336671428	-0.0023521529652054257	0.6595328978057264	0.6023476125989583	0.587639162031871	0.616506557478852	0.07782672185144732	0.07228070262831836	0.0791977615156302	0.07643506199846528	0.14817431240356002
-673	TRUE	TRUE	FALSE	FALSE	52566	0.6230322679162521	0.567673266203378	0.5493750667804814	0.5800268669667038	0.6202818607391797	0.5663879315380254	0.5484362289411565	0.5783686737394539	-0.002750407304258451	-0.0012853345442355266	-9.388383301272375e-4	-0.0016581933928737386	0.660751343042608	0.603143809799093	0.5885379070495923	0.617477686630431	0.07818855726327066	0.07222642209484068	0.07926451817899886	0.07655983251237007	0.1561653918095205
-672	TRUE	TRUE	FALSE	FALSE	52560	0.6239414114004237	0.5682484651303311	0.5499175102448379	0.580702462258531	0.6196669379671805	0.5655012144760136	0.5476638264288413	0.5776106596240118	-0.004274473172737998	-0.002747250640589604	-0.002253683400871958	-0.003091802404733187	0.6606255462037269	0.6028398975028593	0.5883261599488542	0.6172638678851469	0.07764274277833597	0.07193011555378853	0.07907098306925518	0.0762146138004599	0.15230313972362022
-671	TRUE	TRUE	FALSE	FALSE	52554	0.6238102582423839	0.5681759781155282	0.5503047282241134	0.5807636548606752	0.6196091119497833	0.5653896418436345	0.5478106898548657	0.5776031478827612	-0.00420114643126009	-0.0027863364071876997	-0.0024940383579032574	-0.003160507065450349	0.6604666172250548	0.6027417424363367	0.5887375195621873	0.6173152930745264	0.07751386423164397	0.07191786412853553	0.07935962146225739	0.07626378327414562	0.14205308807983494
-670	TRUE	TRUE	FALSE	FALSE	52542	0.6244254116023791	0.5687061876493048	0.5511495514799984	0.5814270502438942	0.6194537355376305	0.5651846707738785	0.54812101172918	0.5775864726802297	-0.004971676594391604	-0.0035215165597793064	-0.0030285397980575252	-0.003840577650742812	0.6611569039752031	0.6029598786561138	0.5890914057320916	0.6177360627878028	0.07843466024405842	0.07202889895893998	0.0789122476888211	0.07645860229727316	0.14434041327016148
-669	TRUE	TRUE	FALSE	FALSE	52551	0.6254607110743542	0.5696455824222947	0.5518533302370046	0.5823198745778845	0.6216410792917026	0.5672804950837157	0.5500170648546722	0.5796462130766968	-0.0038196317377950655	-0.0023650887115862097	-0.0018362654966358415	-0.002673661982005706	0.6626120952408191	0.6044297824480964	0.5906469023172396	0.6192295933353851	0.07812240043611386	0.07193348780232439	0.07942340874829694	0.0764930989955784	0.1640082776473095
-668	TRUE	TRUE	FALSE	FALSE	52554	0.6261279452591324	0.5701390721381251	0.5526855842780666	0.5829842005584414	0.6240514198118214	0.5691507179899765	0.5513692751603777	0.5815238043207251	-0.002076524849205486	-9.883545502789664e-4	-0.0013163081487223647	-0.0014603958494022724	0.6640837200862891	0.605192388626022	0.5910864408889223	0.6201208498670778	0.07798807478585132	0.07109498696268543	0.07811802212186084	0.07573369462346587	0.16538982830853638
-667	TRUE	TRUE	FALSE	FALSE	52560	0.626295294352618	0.5708752124518497	0.5535807245734894	0.5835837437926523	0.6224961150737106	0.5688512963857392	0.5510279116800924	0.5807917743798473	-0.003799179193764928	-0.002023915606966602	-0.0025528127039509746	-0.002791969168227501	0.6632952899406948	0.6053377613462104	0.5912251111036105	0.6199527207968386	0.07779917003775914	0.07094901369883258	0.07784158576753573	0.07552992316804248	0.15462734009851287
-666	TRUE	TRUE	FALSE	FALSE	52560	0.6277149600138262	0.5718516036729361	0.5544492376113663	0.5846719337660429	0.6243584012233114	0.5709837864631987	0.5538984041815814	0.5830801972893639	-0.0033565595178549827	-8.678178152405003e-4	-5.508336667282667e-4	-0.00159173699994125	0.6652414313188635	0.6072675845362618	0.5937381187252316	0.6220823781934524	0.0784095016958149	0.07169977873503844	0.07912859591942012	0.07641262545009116	0.16214446352848455
-665	TRUE	TRUE	FALSE	FALSE	52551	0.6275881895563353	0.5720849681123411	0.5548125815337741	0.5848285797341503	0.6249127136610916	0.5715547782488253	0.5546418562172136	0.5837031160423768	-0.002675476034802795	-5.301896187777487e-4	-1.7072472935846991e-4	-0.0011254634609796713	0.6653150449301715	0.6076334254893949	0.59418471589126	0.6223777287702755	0.07812918713164792	0.07162710401916733	0.07891499382080838	0.07622376165720787	0.16442358874980875
-664	TRUE	TRUE	FALSE	FALSE	52554	0.6291096738129519	0.5727807744023404	0.555464912797577	0.5857851203376232	0.6269089567124175	0.5724327839606514	0.5558930035361808	0.58507824806975	-0.0022007169546369395	-3.4799086861495785e-4	4.2809089830752125e-4	-7.068723083147922e-4	0.66757314782456	0.6089295432308549	0.595524414663786	0.6240090352397337	0.07912766502231129	0.07264552788572944	0.07969091303522023	0.07715470198108698	0.1419875553111611
-663	TRUE	TRUE	FALSE	FALSE	52545	0.6290844275258154	0.5729821771465655	0.5558678493428764	0.5859781513384191	0.6273931135181092	0.5732563730207254	0.5564386119969087	0.5856960328452477	-0.001691314187551521	2.741958674739499e-4	5.707622522669331e-4	-2.821186892702128e-4	0.6674011846416121	0.6090610920297137	0.5958939565118271	0.6241187443943842	0.0783248279355901	0.07188363380189759	0.07948145214772986	0.07656330462840585	0.14489232059524965
-662	TRUE	TRUE	FALSE	FALSE	52542	0.6301791607593371	0.573633031812864	0.5564953404191909	0.5867691776637973	0.6262848274280923	0.5728440201828408	0.555953341573029	0.585027396394654	-0.0038943333891189465	-7.890112946080146e-4	-5.419990603650086e-4	-0.0017417812480306565	0.6675828895310241	0.6089475388754465	0.5956673207016857	0.6240659163693854	0.07870179094208302	0.07141802520148366	0.07888595909235006	0.07633525841197225	0.16064839490550523
-661	TRUE	TRUE	FALSE	FALSE	52527	0.6297520962657759	0.5732505543727666	0.5566000890924347	0.5865342465769925	0.628208747535448	0.572778975960546	0.555471101874248	0.585486275123414	-0.0015433494187651227	-4.715775339439545e-4	-0.0011289878159063663	-0.0010479715895384812	0.6681764277479985	0.6087864621647037	0.5955862902736111	0.6241830600621044	0.07839201136102755	0.07154339454231116	0.07910138922401358	0.0763455983757841	0.15267930773622984
-660	TRUE	TRUE	FALSE	FALSE	52527	0.6304301959065794	0.5739795068843432	0.5576742829465239	0.5873613285791488	0.6302436720124117	0.575226548429295	0.558684365353993	0.5880515285985666	-1.8652362270777701e-4	0.0012470413450902146	0.0010100824071148952	6.902000431657775e-4	0.6691830281072484	0.610339449806828	0.5975755560200005	0.6256993446446923	0.07769218767622371	0.07147284420948521	0.078792464763789	0.07598583221649931	0.15546199146398104
-659	TRUE	TRUE	FALSE	FALSE	52515	0.631637490568981	0.575057761738682	0.5584388849778962	0.5883780457618532	0.6304482070232457	0.5755069612513442	0.5588028076825345	0.5882526586523747	-0.0011892829989992003	4.492002080332788e-4	3.639225723286319e-4	-1.253867395457632e-4	0.670408290993263	0.6114479518559635	0.5983227658336417	0.6267263362276227	0.07873088504513705	0.07233118042047497	0.07940383913317364	0.07682196819959522	0.16953533254666225
-658	TRUE	TRUE	FALSE	FALSE	52509	0.6319211242350468	0.5752109606707707	0.559047841872992	0.5887266422596031	0.6303148953333733	0.5754294526091823	0.5590503175135423	0.588264888485366	-0.0016062288678500023	2.1849190368230484e-4	2.4759554158345484e-6	-4.617536695839543e-4	0.6695907468306387	0.6109709223714804	0.5980344118964726	0.6261986936995306	0.0769454737236739	0.07130143026939072	0.0779706636158074	0.075405855869624	0.1396672566083677
-657	TRUE	TRUE	FALSE	FALSE	52515	0.6323139047151035	0.5761221459159733	0.5600670495983031	0.5895010334097933	0.6298404471476614	0.5755373505934906	0.5592007305947111	0.588192842778621	-0.0024734567327006902	-5.847959640722479e-4	-8.663186374113575e-4	-0.0013081904447280984	0.669793220877599	0.6112514298462778	0.5986151824078607	0.6265532777105792	0.07743208898992235	0.07084336353717197	0.07796258427243709	0.07541267893317713	0.15667335054820142
-656	TRUE	TRUE	FALSE	FALSE	52509	0.6336818605947744	0.5771523407289773	0.5610682793215132	0.5906341602150882	0.6306638538361595	0.5761070064259913	0.5598351066270693	0.5888686556297401	-0.003018007692454298	-0.0010453348528093843	-0.0012331724044889161	-0.0017655049832508661	0.6708048958233515	0.612437569104657	0.5997240104087994	0.627655491778936	0.07726407737831519	0.07161579131242526	0.07854463480465133	0.07580816783179727	0.16574232980611947
-655	TRUE	TRUE	FALSE	FALSE	52506	0.6337502725324257	0.57755606469611	0.5616046817253161	0.5909703396512839	0.6313852264553493	0.5776904325858373	0.5617157793407502	0.590263812793979	-0.0023650458879418846	1.343683248591056e-4	1.1109808268150699e-4	-7.065264934670908e-4	0.6718530921364366	0.6135447008224679	0.601161270907188	0.6288530212886976	0.07857068563869216	0.07184290386165722	0.07900208140961616	0.07647189030332184	0.14191646666401503
-654	TRUE	TRUE	FALSE	FALSE	52497	0.6349735845353911	0.5781069611682321	0.5620007350621208	0.591693760255248	0.6315449249093983	0.5765118615664422	0.560433535738178	0.5894967740713395	-0.003428660025457374	-0.001595099845343977	-0.001567199968857048	-0.0021969866132194667	0.6718876285743375	0.6129318015363595	0.6004368218172322	0.6284187506426432	0.07725674724831018	0.07124478063535536	0.07843937244400842	0.07564696677589132	0.15821955553244132
-653	TRUE	TRUE	FALSE	FALSE	52503	0.6352670761954237	0.5786804613859219	0.5628866487247954	0.592278062102047	0.631929794782732	0.5773543511814212	0.5611316143574555	0.5901385867738695	-0.0033372815442724167	-0.0013261098470522313	-0.0017550331297297697	-0.0021394748403514726	0.6726327918688809	0.6137238773675767	0.60149453127125	0.6292837335025692	0.07806871316442432	0.071412942298557	0.07897079879498521	0.07615081808598885	0.15578886900469718
-652	TRUE	TRUE	FALSE	FALSE	52497	0.6365585620099873	0.5794115881763693	0.5636055964339094	0.5931919155400887	0.632846215508106	0.5779490548914389	0.5620323716813477	0.5909425473602976	-0.003712346105166314	-0.0014625327520993308	-0.0015732244698028345	-0.0022493677756894935	0.6743323418152751	0.6144757685343154	0.6021989160370887	0.6303356754622264	0.07925990620648064	0.07159089375359429	0.07875986424181187	0.07653688806729561	0.15657066138797407
-651	TRUE	TRUE	FALSE	FALSE	52494	0.6364835649963815	0.579509148699132	0.5639732895336821	0.5933220010763985	0.6346368592479755	0.579301558458727	0.5635130494835471	0.5924838223967499	-0.0018467060766272742	-2.075902843110527e-4	-4.602393123866585e-4	-8.381785577749952e-4	0.6744883366764658	0.6150172233595326	0.6033120447684246	0.6309392016014743	0.07785624872681172	0.07122373968116662	0.07913775039329925	0.07607257960042586	0.14922431107998577
-650	TRUE	TRUE	FALSE	FALSE	52482	0.6368790319397017	0.5799591229483346	0.5647635751046747	0.5938672433309037	0.6348927606466617	0.5798907550066208	0.5650024870835081	0.5932620009122636	-0.001986270562869817	-6.836925313733279e-5	2.389127290869155e-4	-6.052423623067448e-4	0.6751075494046577	0.615410891129403	0.6040686966005183	0.6315290457115263	0.0784433059604664	0.07097190500807048	0.07837133070098282	0.07592884722317324	0.15297193338020096
-649	TRUE	TRUE	FALSE	FALSE	52482	0.6377507036295874	0.5806267149640129	0.5653198398516226	0.5945657528150743	0.635206427691107	0.5805482711404449	0.5649085675672235	0.5935544221329252	-0.002544276114669233	-7.844295032082539e-5	-4.1127182903446006e-4	-0.0010113302980081728	0.675412899122648	0.6162038924442879	0.6042190067880602	0.631945266118332	0.07786866716069456	0.07123279868980478	0.07820960600502569	0.07577035728517502	0.15077878139191378
-648	TRUE	TRUE	FALSE	FALSE	52485	0.6383751430681273	0.581191831875424	0.56618027344825	0.5952490827972671	0.6352371361186907	0.5804106895328612	0.5649029645060226	0.5935169300525249	-0.0031380065272236103	-7.811423279288767e-4	-0.0012773090538525699	-0.001732152636335019	0.6752565922426422	0.6161979958264727	0.6043865330881999	0.6319470403857717	0.07690090497300751	0.07079347022686208	0.077689828360489	0.07512806785345287	0.1479570165973755
-647	TRUE	TRUE	FALSE	FALSE	52482	0.6383364273341476	0.5817100212508959	0.5667943161482824	0.5956135882444419	0.635859369142321	0.5814276850410156	0.5662065049421514	0.5944978530418293	-0.0024770580250928174	-2.8233593726740023e-4	-5.878117753428783e-4	-0.001115735245901032	0.6762722193971025	0.6169842981340758	0.6054159187227867	0.6328908120846549	0.07834864301253638	0.07083088948136275	0.07783101671329153	0.07567018306906356	0.1684145422402444
-646	TRUE	TRUE	FALSE	FALSE	52479	0.6397780666993135	0.5827941431503215	0.5677120898382743	0.5967614332293031	0.6371925301495688	0.5823586220079692	0.5672752629981564	0.5956088050518981	-0.0025855365907947697	-4.355205397365499e-4	-4.3682623147125327e-4	-0.001152627787334191	0.6776437804506923	0.6182930937059083	0.606824711858409	0.6342538620050032	0.078316963643483	0.07143342198383554	0.07866207120781123	0.07613748561170992	0.1467667638552746
-645	TRUE	TRUE	FALSE	FALSE	52479	0.6396811448027725	0.5830620193333315	0.5681710616994873	0.5969714086118637	0.6384078151492074	0.5832224365477202	0.5688009323206665	0.5968103946725314	-0.0012733288522168461	1.6041721020293887e-4	6.298705939457752e-4	-1.6101368268937739e-4	0.6778626352012491	0.6185530636799598	0.6076654078121253	0.6346937022311114	0.07763631064263282	0.07082167202052704	0.07835882178036246	0.07560560148117411	0.15669490641519854
-644	TRUE	TRUE	FALSE	FALSE	52479	0.6413138404071685	0.5840719698456035	0.5690677674206963	0.5981511925578228	0.6413171208768593	0.5856107220929805	0.5710434923751094	0.5993237784483164	3.2798096371064607e-6	0.0015387520102543037	0.0019757260984380326	0.0011725859727764808	0.6804352223300911	0.6207535692521756	0.609678392330964	0.636955727971077	0.07823948306884008	0.07182444670814242	0.07924552525841709	0.07643648501179987	0.15164505811026033
-643	TRUE	TRUE	FALSE	FALSE	52485	0.6413649371924853	0.5844728002336393	0.5697437446673161	0.5985271606978136	0.6400226014064362	0.5844922110330604	0.5702420960510641	0.5982523028301868	-0.0013423370312040603	1.94116959269067e-5	4.983521231610765e-4	-2.7485773737202573e-4	0.6794673372407696	0.6202205858347445	0.6095050863210524	0.6363976697988556	0.07754713645991684	0.07147616053352804	0.079024331834217	0.0760158762758873	0.1589468993005673
-642	TRUE	TRUE	FALSE	FALSE	52494	0.642613983535176	0.5850805087401909	0.570413833111898	0.5993694417957549	0.6406991578452713	0.5840618585843204	0.5704794769401692	0.5984134977899203	-0.0019148257948789578	-0.0010186498287687506	6.56439324478227e-5	-9.559438970666287e-4	0.6803471902432764	0.6201642173726143	0.6098799285081852	0.6367971120413587	0.07738123882956131	0.07118606679651232	0.07886654744777186	0.0758112843579485	0.1596297863391506
-641	TRUE	TRUE	FALSE	FALSE	52494	0.6428652287568603	0.5854331295508822	0.5710014873626643	0.5997666152234689	0.6419340139871564	0.5847275433582537	0.57053039561632235	0.5990639843205775	-9.312140276781402e-4	-7.055871072571075e-4	-4.710910670928069e-4	-7.026307340093515e-4	0.6813248050178261	0.6206715338328423	0.6100773492549438	0.6373578960352041	0.07785036715635998	0.0711823948155506	0.07862281544963157	0.07588519247384738	0.17168504973350804
-640	TRUE	TRUE	FALSE	FALSE	52491	0.6431633587428992	0.5857840468345611	0.5716318969657705	0.6001931008477436	0.6400241762251733	0.5836896988976646	0.5704631502221748	0.5980590084483376	-0.0031391825069766724	-0.00209434794028928	-0.0011687470994454117	-0.0021340925155704546	0.680140210730194	0.6200785326455625	0.609974282266485	0.6367310085474138	0.0770928865546576	0.07068331892066114	0.07785351775812462	0.07520990774448112	0.16478916413178726
-639	TRUE	TRUE	FALSE	FALSE	52482	0.6442314814358081	0.5866143949210391	0.5723329650634051	0.6010596138067508	0.6425779000781696	0.585613145816847	0.5722203293238193	0.6001371250729454	-0.001653580529717667	-0.0010012490162928517	-1.126352289639038e-4	-9.224882583248076e-4	0.6817571194431656	0.6215305363678284	0.6114900869954615	0.6382592476021518	0.07670485643611066	0.07083353121393623	0.0784268795469762	0.07532175573234104	0.1601545670556883
-638	TRUE	TRUE	FALSE	FALSE	52479	0.6453638233030206	0.5874246974817241	0.5734724751971664	0.6020869986606371	0.6435940807200502	0.5871654116439029	0.5743092876655284	0.6016895933431605	-0.0017697422866212475	-2.592859024832619e-4	8.368130573582909e-4	-3.974050439154062e-4	0.6833228782031165	0.6233201473370067	0.6137183938678841	0.6401204731360024	0.07768785243567518	0.0720501862383571	0.0796550246353269	0.07646435443645305	0.16659680992674578
-637	TRUE	TRUE	FALSE	FALSE	52488	0.6451735382046532	0.5878850883873035	0.5740421626754861	0.6023669297558143	0.6445464184524151	0.5885875117665527	0.5757675414433904	0.6029671572207861	-6.271194718016023e-4	7.024234389446538e-4	0.0017253783328643822	6.002274333358113e-4	0.684109266539227	0.6245804493802408	0.6147031907771339	0.6411309688988671	0.07849857661273674	0.07268829817359791	0.07959667714352639	0.07692785064328701	0.1480756169384258
-636	TRUE	TRUE	FALSE	FALSE	52479	0.6467772608881295	0.5891423499111508	0.5751862521351678	0.6037019543114828	0.6453665182668769	0.5892931548407874	0.5764039465026277	0.6036878732034306	-0.0014107431546700262	1.5080503348834003e-4	0.001217695117559136	-1.4081001207516639e-5	0.6843126944070392	0.6245696611065709	0.6148080525300585	0.6412301360145563	0.07648160946506366	0.07070381744124721	0.07802590640685823	0.07507044443772304	0.16258886451678023
-635	TRUE	TRUE	FALSE	FALSE	52476	0.6467267069777747	0.5893426083650872	0.5756885994426038	0.6039193049284886	0.6463360258549468	0.5899547974977505	0.5763671483254842	0.6042193238927271	-3.906803621523897e-4	6.121897047173814e-4	6.785489072106028e-4	3.000194165918648e-4	0.6851067060233529	0.6253529571759663	0.6153950720740087	0.6419515784244426	0.07715067916788844	0.07140850793652108	0.07873439723545507	0.0757645281132882	0.16629922245960435
-634	TRUE	TRUE	FALSE	FALSE	52476	0.6482779047731743	0.5902341894778156	0.5764562473933739	0.6049894472147879	0.6476134499684171	0.589688781552297	0.5755426981681276	0.6042816432296139	-6.64454053029937e-4	-5.454076809113177e-4	-9.135492042028137e-4	-7.078036460480228e-4	0.6860945783323882	0.6248511267887961	0.6144686841158123	0.6418047964123322	0.07629780229116882	0.06977928220131098	0.076938422413473	0.07433850230198426	0.15110547638811128
-633	TRUE	TRUE	FALSE	FALSE	52476	0.6485524896706977	0.5908156871618178	0.5772609126040277	0.605543029812181	0.647223251482262	0.590227107767881	0.5769223396975964	0.6047908996492465	-0.001329239003100734	-5.885789438098293e-4	-3.385719971205827e-4	-7.521299813437152e-4	0.6861758538973938	0.6258348172287171	0.616019208281424	0.6426766264691782	0.07657596711173437	0.07062684008530691	0.077855164249904	0.07501932381564842	0.1576539563489989
-632	TRUE	TRUE	FALSE	FALSE	52482	0.6498082678174854	0.5913927456578962	0.5780147614674492	0.6064052583142769	0.6494574529016728	0.592522186299897	0.5788587915075161	0.6069461435696952	-3.5081509545144924e-4	0.0011294404319681377	8.440303061398785e-4	5.408852142188556e-4	0.688453566570133	0.6275914995654369	0.6177233786433546	0.6445894815929748	0.07764141290670154	0.07126806666905376	0.07857320450666368	0.07582756136080633	0.15681639419759932
-631	TRUE	TRUE	FALSE	FALSE	52488	0.6501129633232313	0.591801739159434	0.57855189894794	0.6068222004768684	0.6493084907728447	0.5909437630069789	0.5776584364345754	0.6059702300714663	-8.044728627903616e-4	-8.579773968662036e-4	-8.934625269283322e-4	-8.519709288616326e-4	0.6882705146480591	0.6269635099034339	0.6170574489780534	0.644097157843182	0.0771195755760338	0.07118151790128195	0.07790456204732249	0.07540188517487942	0.1500963075991195
-630	TRUE	TRUE	FALSE	FALSE	52491	0.6509980315096434	0.5926058522883431	0.5796016623635533	0.6077351820538466	0.6492469239451748	0.5916285236934348	0.5781936094929508	0.6063563523771869	-0.0017511086881942524	-9.773288906178735e-4	-0.0014080531635682668	-0.0013788302474601309	0.6888356017926603	0.6277088654665676	0.617930833198211	0.6448251001524795	0.07742624768889503	0.07118335501094818	0.07806639475722878	0.075558665819024	0.1543966396260397
-629	TRUE	TRUE	FALSE	FALSE	52488	0.6520563765339399	0.5932862005178984	0.5802039977042999	0.6085155249187127	0.6506248798402631	0.5928246233788957	0.5794793157303316	0.6076429396498301	-0.001431496888736097	-4.615777640321734e-4	-7.246822549961324e-4	-8.725856359214678e-4	0.6902747258622028	0.6287790504585397	0.6193237682295594	0.646125848183434	0.07786819546101713	0.07144727749705548	0.07896422328881024	0.07609323208229428	0.16826297423677117
-628	TRUE	TRUE	FALSE	FALSE	52476	0.6529963838310181	0.5938620385191604	0.5811592820151075	0.6093392347884287	0.6525197251399779	0.5939046029503258	0.5812354409965815	0.6092199230289618	-4.7665907199751493e-4	4.2564981251391164e-5	7.615841681255811e-5	-1.1931189131118853e-4	0.6918594007413421	0.6298841373709108	0.6205144125429184	0.647419316885057	0.07820269231054866	0.07200163323105449	0.07863410317993075	0.07627947624051129	0.1594495195401407
-627	TRUE	TRUE	FALSE	FALSE	52482	0.6528211514224143	0.5944138234399172	0.5817005478702078	0.6096451742441797	0.6510721866185402	0.5937855826262298	0.5812449721300151	0.6087009137915951	-0.0017489657584030779	-6.282407059226418e-4	-4.555752341128592e-4	-9.44260566146193e-4	0.6914128864083398	0.6305446618563855	0.6213606916847696	0.6477727466498316	0.07893243563902141	0.07288991709878276	0.07977586233114937	0.07719940502298452	0.16816171226990184
-626	TRUE	TRUE	FALSE	FALSE	52488	0.6541748558202506	0.5954870009392927	0.5827339405293264	0.6107985990962899	0.6529309247255974	0.5947168548607809	0.5827277750958705	0.610125184894083	-0.0012439310013214815	-7.701458546423887e-4	-6.1657272844383145e-6	-6.734141944161029e-4	0.692867375341349	0.6314525261778228	0.6224921615309933	0.648937354350055	0.07862897057207303	0.07270119618890807	0.07952260740403166	0.07695092472167092	0.16837339999750287
-625	TRUE	TRUE	FALSE	FALSE	52488	0.6542099811444037	0.5958325903439277	0.5834215716107699	0.611154714366367	0.652047163309967	0.5939648162043928	0.5827331099022801	0.6095816964722133	-0.002162818075893648	-0.0018677738747603294	-6.884620952874943e-4	-0.0015730180153138238	0.6926137449978712	0.6309759561098449	0.6230212239973042	0.64887030836834	0.07897034541618052	0.07215450572817476	0.07988776654101486	0.07700420589512337	0.1500197756912611
-624	TRUE	TRUE	FALSE	FALSE	52494	0.6556298508656934	0.5965349972562659	0.5839958683081571	0.6120535721433721	0.6545814582927304	0.5966596733227859	0.5847405419916605	0.6119938912023923	-0.0010483927205694422	1.2467628095607703e-4	7.44673596485547e-4	-5.968094770927272e-5	0.6942522429762191	0.6328449924858635	0.624248994525403	0.6504487433291618	0.07829317732749685	0.07249531483739947	0.07976157892655793	0.07685002369715141	0.14737284268372014
-623	TRUE	TRUE	FALSE	FALSE	52494	0.6560377978971564	0.597156752413417	0.5848235208947429	0.6126726904017721	0.6527573157941837	0.5957251580594441	0.5834124952491191	0.6106316563675823	-0.0032804817109192445	-0.0014315954561348134	-0.0014110257936708938	-0.0020410343202416506	0.6932055230203644	0.6322830531728225	0.6236181410796695	0.6497022390909521	0.07761593248488144	0.07168419589542192	0.07900026597158813	0.0761001314506305	0.16361761335493488
-622	TRUE	TRUE	FALSE	FALSE	52509	0.6573496412844636	0.5979520317015292	0.5858232503595744	0.6137083077818557	0.655099924327539	0.5971027216705713	0.5856736440286121	0.6126254300089075	-0.0022497172897597527	-8.493088034676341e-4	-1.496073023187072e-4	-0.0010828777985153648	0.6955754427858827	0.6335693435913632	0.6255484694345111	0.6515644186039191	0.07870132059888757	0.07208393366158075	0.0796000446253365	0.0767950996286016	0.1660461064197043
-621	TRUE	TRUE	FALSE	FALSE	52509	0.6577293274714555	0.5983122425856331	0.5862546349518152	0.614098735002968	0.6542175980799261	0.5967747874638119	0.5851058275780491	0.6120327377072624	-0.0035117287164104023	-0.0015374549030793916	-0.0011488074455412558	-0.0020659970216770165	0.6950845028563931	0.6334171394552882	0.6252588167617401	0.6512534863578071	0.07822208027005532	0.07174724969595905	0.07915717138616528	0.07637550045072655	0.174576644341032
-620	TRUE	TRUE	FALSE	FALSE	52500	0.658509313701393	0.5989947879767167	0.5871511793791104	0.6148850936857401	0.656236014190622	0.5978191190251932	0.585913826735768	0.6133229866505278	-0.0022732995464585103	-0.001175669223990705	-0.001237352808627658	-0.0015621071930256246	0.6967023270874472	0.6344223923160618	0.6261665421482017	0.6524304205172368	0.07865932636441837	0.07203087760018469	0.079268078455024	0.07665276080654236	0.18143668544398223
-619	TRUE	TRUE	FALSE	FALSE	52494	0.6595460849258056	0.599906440433707	0.5879999897581681	0.6158175050392268	0.6566606171334514	0.5983189796973003	0.5866084865104498	0.6138626944470672	-0.0028854670816394557	-0.001587460548694123	-0.001391503849014775	-0.0019548104931161182	0.6971127763873778	0.6349626242354673	0.6264862191809997	0.6528538732679483	0.07801885000670226	0.071699828165989	0.07836396195672866	0.07602754670980665	0.1581158988524108
-618	TRUE	TRUE	FALSE	FALSE	52494	0.6608904284620079	0.6008507268659307	0.5892239047425794	0.6169883533568392	0.6582084883423708	0.6006067691098665	0.588362998295823	0.6157260852493535	-0.0026819403837510555	-2.4395746825462526e-4	-8.609058879755838e-4	-0.0012622679133270883	0.6986242238134871	0.6367994545796771	0.6281936321962034	0.6545391035297892	0.07814953066380909	0.07214141357718906	0.07880036148447085	0.07636376857515634	0.15447662561484646
-617	TRUE	TRUE	FALSE	FALSE	52497	0.6609124186829768	0.6014828620164746	0.5898810293847285	0.6174254366947266	0.659399351271825	0.6009489157328921	0.5892656624580339	0.6165379764875837	-0.0015130684234083652	-5.339468492381828e-4	-6.153671643614586e-4	-8.874608123360024e-4	0.6991123895593866	0.6371938675229989	0.6290653508009438	0.6551238692944431	0.07791300942560477	0.07195595702167588	0.07898400927570576	0.07628432524099547	0.15428013057541426
-616	TRUE	TRUE	FALSE	FALSE	52497	0.6622144870310273	0.602611571234515	0.5909074269749254	0.6185778284134893	0.6605520891269107	0.6018892006273746	0.5891899145367314	0.6172104014303389	-0.0016623977481621615	-7.223711885770729e-4	-0.0017175122785255425	-0.0013674270717549258	0.7008421077421307	0.6382536824507565	0.629846351113754	0.6563140471022136	0.07891763909154281	0.07200659256512677	0.07959536110746986	0.07683986425471316	0.15771049747385732
-615	TRUE	TRUE	FALSE	FALSE	52491	0.6628123428234421	0.6033460162008736	0.5917794638504122	0.6193126076249093	0.6611733845787602	0.6034178148800954	0.5917539931637903	0.6187817308742153	-0.0016389583649591033	7.179874110624361e-5	-2.5471179287515776e-5	-5.308769343801253e-4	0.7012938775294327	0.6395158618098664	0.6316282797463665	0.6574793396952219	0.07860202740346849	0.07226789264250992	0.07972310259617506	0.07686434088071782	0.1572693032577031
-614	TRUE	TRUE	FALSE	FALSE	52488	0.6639511339889447	0.6037245765791702	0.5921174979837983	0.6199310695173044	0.6624292143879033	0.6045065154004473	0.5926327533532767	0.6198561610472091	-0.001521919255978719	7.819386269990451e-4	5.152556587066778e-4	-7.49083234243321e-5	0.7022822744503205	0.64004703578693245	0.6322431075940693	0.6581908059437741	0.07818420009449578	0.0718629795186318	0.07973596366183447	0.076594381091654	0.15630978507628118
-613	TRUE	TRUE	FALSE	FALSE	52485	0.6643886797910689	0.604380947072517	0.5930248158064293	0.6205981475566718	0.6632169975525803	0.6045530835264786	0.5940209008701334	0.6205969939830641	-0.0011716827131881163	1.7213722942174654e-4	9.96084461501397e-4	-1.1536740883242197e-6	0.7030382376973292	0.6406062162088478	0.6333246202536719	0.6589896913866163	0.07847079724841069	0.07227840209080974	0.0796035238400702	0.07678424105976354	0.1704903112840872
-612	TRUE	TRUE	FALSE	FALSE	52485	0.6657451469188679	0.6054690025511495	0.5942316760741017	0.621815275181373	0.6639239663552232	0.6044677615684938	0.592989165499154	0.6204602978076237	-0.0018211808899248586	-0.0010012412500183653	-0.001242510495453423	-0.0013549775451322155	0.7048123040148196	0.6410479773436657	0.6338024569655687	0.6598875794413513	0.0799554952417611	0.07215919065590837	0.08038407122958648	0.07749958570908531	0.16877330644503363
-611	TRUE	TRUE	FALSE	FALSE	52476	0.6662515614924917	0.6057165861767743	0.5945949094235202	0.6221876856975953	0.6632400084161224	0.6040750108931112	0.5928686956236183	0.6200612383109506	-0.0030115520232787277	-0.0016415753067731019	-0.0017262137887129117	-0.0021264470395882472	0.7043166175103978	0.6411332661910002	0.6337004953194608	0.6597167930069529	0.07914166481919686	0.0724749358557628	0.07993738543279058	0.07718466203591674	0.17290807187890467
-610	TRUE	TRUE	FALSE	FALSE	52455	0.6671284649604525	0.606601132610218	0.595721975282857	0.6231505242845091	0.6631868792436929	0.6046230230743904	0.5942234342891789	0.6206777788690875	-0.003941585651014105	-0.001978109115520259	-0.0014985415048717338	-0.002472745423802033	0.7047255069768512	0.6417948794012198	0.6353531784852658	0.6606245216211123	0.07913566924869525	0.07236560260502808	0.08076094789290655	0.0774207399155433	0.16319977122802135
-609	TRUE	TRUE	FALSE	FALSE	52449	0.6680836505548825	0.60732642410111	0.596513527959618	0.6239745342052034	0.6652856088555363	0.6056370900105255	0.5953855093373552	0.6221027360678056	-0.0027980420437230223	-0.001689334276455283	-0.0011280187920366203	-0.0018717983707383086	0.7067171897139474	0.6429229301263228	0.6364493913236399	0.6620298370546367	0.080065119983388	0.07288234683015618	0.08099974589211709	0.07798240423522042	0.16463021220245974
-608	TRUE	TRUE	FALSE	FALSE	52443	0.6690655251828581	0.6079641456389091	0.5974748365380637	0.6248348357866104	0.665589127001408	0.606082009202315	0.595357693931116	0.6223429433782797	-0.0034763985400092425	-0.0018821363408745954	-0.002117140504359667	-0.0024918917950811684	0.7072196526591581	0.6435946524452829	0.6367676148468343	0.662527306650425	0.07978465384027247	0.07314314918213728	0.08070269854109258	0.07787683385450078	0.17009124175926338
-607	TRUE	TRUE	FALSE	FALSE	52443	0.6691824445378116	0.6085249777050957	0.5981989921715125	0.6253021381381398	0.6663103115223583	0.6070366161725955	0.5965550491115121	0.6233006589354886	-0.002872132478164373	-0.0014883611490382391	-0.0016439438964735147	-0.0020014791745587087	0.7074974470097163	0.6444857669484374	0.6377232998062238	0.6632355045881257	0.07950213783813842	0.07340993983591375	0.08069255858329134	0.07786821208578117	0.18201876296197358
-606	TRUE	TRUE	FALSE	FALSE	52455	0.6700481074996218	0.6093726393568104	0.598900374925687	0.6261070405940398	0.6661623761183462	0.6070412423835703	0.5958712512142799	0.6230249565720654	-0.0038857311570138138	-0.0023313971064722007	-0.0030291236742070993	-0.003082083979231038	0.7079283930078044	0.6448247324354902	0.637755592896602	0.6635029061132989	0.07964630159607287	0.07323558393514003	0.0807395593227804	0.0778738149513311	0.15831140966149576
-605	TRUE	TRUE	FALSE	FALSE	52470	0.6705033620138982	0.6100329689246481	0.5997806636448011	0.6267723315277823	0.66769070233428085	0.6088840902781245	0.5980327420737068	0.624869178228704	-0.002812659731238769	-0.0011488789918274595	-0.0017479208900393376	-0.0019031532043685222	0.7093211696420809	0.6459288552251294	0.6392840405371716	0.6648446884681273	0.08044827462656522	0.072940651541483	0.08075467495218797	0.07804786704007874	0.15535357362973323
-604	TRUE	TRUE	FALSE	FALSE	52479	0.6722068149304119	0.6108478918501253	0.6005798439096867	0.627878183563408	0.6696230170758573	0.6099542412772567	0.5997859544625838	0.6264544042718994	-0.0025837970998882063	-8.936508707038739e-4	-7.938897156462756e-4	-0.0014237792287461184	0.7098217321276843	0.6462763513716188	0.6396511236619897	0.6652497357204309	0.0778136321618335	0.0717505696582582	0.07893644872914438	0.07616688351641203	0.17281867011324398
-603	TRUE	TRUE	FALSE	FALSE	52488	0.6730928732821906	0.6120165754929278	0.6018357914090758	0.6289817467280647	0.6717018068318763	0.6118751352109879	0.6016234114316446	0.6284001178248363	-0.0013910664499062237	-1.414409360111579e-4	-2.1237954497781457e-4	-5.816289769650654e-4	0.7115124630380533	0.648049427454338	0.6415552872816388	0.6670390592580099	0.07823024602295543	0.07220714430064303	0.07965137224525896	0.07669625418961913	0.16330075479210324
-602	TRUE	TRUE	FALSE	FALSE	52476	0.6738290974196004	0.6125526075769543	0.6023578151399049	0.6295798400454865	0.6717263962819262	0.6117604141637063	0.6016102537924961	0.6283656880793762	-0.002102700413182274	-7.921936382067441e-4	-7.47561355795762e-4	-0.0012141518023949264	0.7119962306966127	0.6482665173588271	0.6419350238902424	0.6673992573152273	0.07843696769060073	0.07222001266529932	0.07990197848059444	0.0768529862788315	0.17760416204734458
-601	TRUE	TRUE	FALSE	FALSE	52473	0.6745052778864118	0.6130023051798859	0.6029816609591918	0.6301630813418297	0.6707680152353026	0.6109967430519403	0.6011861655269458	0.6276503079380629	-0.0037372625828443508	-0.0020055625016098776	-0.001795495916462814	-0.002512773666972347	0.7116289496051458	0.6478702991262829	0.6416971470358852	0.6670654652557713	0.07798460575844955	0.07174155018588943	0.0792264678419115	0.0763175412620835	0.16653650440239728
-600	TRUE	TRUE	FALSE	FALSE	52473	0.6755946079337134	0.6139259915167948	0.6040627799210273	0.6311944597905118	0.6737558649891472	0.6138370819918656	0.6041444476239142	0.6305791315349757	-0.0018387438511100708	-8.890938378173156e-5	8.166697305849095e-5	-6.15328753944437e-4	0.7140961334953915	0.6502015461792668	0.644497887692004	0.6695985224555541	0.0788417937269606	0.07264001904575922	0.08078854898344716	0.07742345391872232	0.17083991780071184
-599	TRUE	TRUE	FALSE	FALSE	52464	0.6762973903284032	0.614554691542914	0.6046867722474301	0.631846284706249	0.6754806680698334	0.6151062648273136	0.605474768069751	0.632020566988966	-8.167216815444162e-4	5.515730859068475e-4	7.879961659610686e-4	1.7428252344116652e-4	0.7148395497240748	0.6506940788272729	0.6448426988227168	0.6701254424580215	0.07790104096890854	0.07172720076887347	0.07952385734544479	0.07638403302774227	0.1530218436575294
-598	TRUE	TRUE	FALSE	FALSE	52458	0.6772260488915245	0.6152845042288974	0.605986898212347	0.6328324837775896	0.6754074478828186	0.6149359335880064	0.6060195303278704	0.6321209705995651	-0.0018186007552403035	-3.4857003808477056e-4	3.263123339663756e-5	-7.115131866428123e-4	0.7153346637632256	0.6507870740997436	0.6455985298902173	0.6705734225843956	0.07803583029664701	0.0713537102452465	0.07919063111973206	0.0761933905538752	0.1575018866982375
-597	TRUE	TRUE	FALSE	FALSE	52452	0.6773099496391813	0.6158234002595758	0.606426131862011	0.633186493920256	0.6767925106728936	0.6157227156978906	0.6060854447260993	0.6328668903656278	-5.17439321457157e-4	-1.006845089875905e-4	-3.4068646418320027e-4	-3.1960343154264917e-4	0.7161831259830229	0.651438437937098	0.6457055386382187	0.6711090341861132	0.07826379097082245	0.07133076031954243	0.07889950162419983	0.0761646843048549	0.1775318578385766
-596	TRUE	TRUE	FALSE	FALSE	52440	0.6784295021911338	0.6169218717678273	0.6072942022645162	0.6342151920744924	0.6781109234294328	0.6180613919345674	0.6081369469094435	0.6347697540911479	-3.1857808898411334e-4	0.0011395190072172334	8.427447927942354e-4	5.545619036757851e-4	0.7168943448663285	0.6530363055777352	0.6470747146472167	0.6723351216970934	0.07724826413700861	0.07108934727506923	0.07871828036912928	0.07568529726040236	0.16665720811025939
-595	TRUE	TRUE	FALSE	FALSE	52449	0.6785713265404546	0.6174477459609873	0.6080283306972821	0.6346824677329082	0.6774114710294058	0.6177205962604937	0.6081236137844287	0.6344185603581094	-0.0011598559019408126	2.7285025821522735e-4	9.528350453406752e-5	-2.63907379730506e-4	0.7171198574070232	0.6534096768618499	0.6476688099271464	0.6727327813986732	0.0782569179783588	0.07165101211151693	0.07918567498814282	0.07636453502600618	0.1659680832182954
-594	TRUE	TRUE	FALSE	FALSE	52440	0.6803867399424374	0.6182691521089969	0.6087099027486806	0.635788598266705	0.6787866892258207	0.6177918698237522	0.6085938349905392	0.6350574646800374	-0.0016000503815266501	-4.7728254277247826e-4	-1.1606768008612514e-4	-7.311335347950845e-4	0.718914269756501	0.6543141784900736	0.6484355167088656	0.67388798831848	0.07865510968735881	0.07256733461951795	0.07956729521699421	0.07692991317462365	0.18065989670880886
-593	TRUE	TRUE	FALSE	FALSE	52443	0.6814118370390277	0.6192777841717967	0.6098221359827379	0.6368372523978542	0.6807882970900254	0.6193903884072766	0.6096728859644079	0.6366171904872366	-6.235395876364769e-4	1.1260444849613636e-4	-1.4925046179002923e-4	-2.2006186697678983e-4	0.7205787927259114	0.6555289701616035	0.6497638449873339	0.6752905359582829	0.07895745209871485	0.07238976776875276	0.08003266792746787	0.0771266292649785	0.1762518732420599
-592	TRUE	TRUE	FALSE	FALSE	52455	0.6822130535559257	0.619925533874893	0.6105581729623516	0.6375655867977233	0.6805948600220295	0.620169937111638	0.6109361209462869	0.6372336393599848	-0.0016181932319882031	2.4440280514503675e-4	3.7794751194359673e-4	-3.319476382998567e-4	0.7212128667118363	0.6566172120906597	0.6510731043144877	0.6763010610389946	0.07961781991596227	0.07313895400155136	0.08065191493132147	0.07780289628294504	0.15966622819388987
-591	TRUE	TRUE	FALSE	FALSE	52455	0.682960424945308	0.6206014128189964	0.6113468362270276	0.6383028913304439	0.6797638344690223	0.6191143996584378	0.6094940640858589	0.6361240994044397	-0.003196590412887084	-0.0014870128703971728	-0.0018527722304147105	-0.0021787918378996557	0.7211886106421915	0.6563677759646511	0.6505305999117049	0.6760289955061825	0.07965296257422706	0.07301973927742672	0.08022029975496772	0.0776310005355405	0.16918461566748594
-590	TRUE	TRUE	FALSE	FALSE	52455	0.684036684573371	0.6215223549428074	0.6126019093321977	0.6393869829494586	0.6790983918786103	0.6191261819101875	0.6102142117684488	0.6361462618524155	-0.0049382935459519215	-0.0023961720120052026	-0.0023876970587688533	-0.003240720872241993	0.7210642582717951	0.6567672190858501	0.6513395926279287	0.6763903566618579	0.07899343973315559	0.0728859012197491	0.07986306430462513	0.07724746841917661	0.17307097513449302
-589	TRUE	TRUE	FALSE	FALSE	52461	0.6850743743791732	0.6223363929698691	0.6133837303170063	0.6402648325553495	0.6805913123140036	0.6199390555440492	0.6109141864298206	0.6371481847626245	-0.004483061392720421	-0.0023973380706002537	-0.002469543578685882	-0.0031166476806688517	0.7230889017862573	0.6580306809195765	0.6528841211400721	0.6780012346153019	0.08051211720484924	0.0737859136404806	0.08147032551186166	0.07858945211906385	0.17273997792948764
-588	TRUE	TRUE	FALSE	FALSE	52461	0.6859646301769653	0.6229226592850095	0.6145951229308164	0.6411608041309304	0.6815461611801097	0.6207043528413925	0.6116903364814069	0.6379802835009696	-0.004418468351959869	-0.0022183070173131445	-0.002904786246451354	-0.0031805205385747894	0.7238676656332957	0.6584595364629099	0.65355934555927	0.6786288492184919	0.08022453984399568	0.07329206128986855	0.08083323150463609	0.07811661087950011	0.17915005437285245
-587	TRUE	TRUE	FALSE	FALSE	52452	0.685942345353948	0.6233354713295159	0.6149172109983413	0.6413983425606017	0.6840143936094587	0.6221867541718308	0.613830554993447	0.6400105675915788	-0.0019279525986668955	-0.0011487176858015558	-0.0010866554954492296	-0.0013877752599725604	0.7250781208879512	0.6593985002411353	0.6549387795883996	0.6798051335724954	0.0801995025398999	0.07327477510941786	0.08112979368422459	0.07820135711118077	0.16209585946506969
-586	TRUE	TRUE	FALSE	FALSE	52446	0.6868734895629965	0.6242708629098955	0.615811990415759	0.6423187809628836	0.6851060549883726	0.6237236076490354	0.6152416068367759	0.641357089824728	-0.0017674342171227608	-5.472554441701331e-4	-5.703834589486996e-4	-9.61691040080531e-4	0.7260674354445098	0.6607103292320177	0.6560287890801451	0.6809355179188908	0.08015532647442723	0.07342618861851657	0.08100398069129014	0.0781951652614113	0.15825248828131466
-585	TRUE	TRUE	FALSE	FALSE	52458	0.6873116933468006	0.6250431865866873	0.6168399215054872	0.6430649338129917	0.6852697246746835	0.6242491468766076	0.6158215557962425	0.6417801424491779	-0.002041968805297665	-7.9404070104231e-4	-0.0010183654093875467	-0.0012847916385758408	0.7254685477701927	0.6606777330399333	0.6562512680745938	0.6807991829615734	0.07835567766968202	0.07206313294665803	0.07984105930071848	0.07675328997235285	0.1701033967147328
-584	TRUE	TRUE	FALSE	FALSE	52452	0.6890901119437212	0.6259371703988603	0.6175629308168267	0.6441967377198028	0.6867581516154456	0.6252569682643294	0.6167976977194848	0.64293760586642	-0.0023319610625612197	-6.802022048621083e-4	-7.652327281832056e-4	-0.0012591319985355111	0.7273285582184746	0.6618133347731336	0.6571225626078764	0.682088151866495	0.07880885337994904	0.07243253151802892	0.07988449733306557	0.07704196074368118	0.16250817853278338
-583	TRUE	TRUE	FALSE	FALSE	52443	0.6893396692228122	0.6262941888425615	0.6179928124056299	0.6445422234903345	0.6884558099167006	0.625807567162162	0.6177442382563046	0.6440025384450557	-8.83858408633084e-4	-4.8662154249375913e-4	-2.485732495543046e-4	-5.396844002270491e-4	0.7284974950903347	0.6623463333142909	0.6579268361928304	0.6829235548658187	0.0791995109031114	0.0725909099737075	0.08011662210746381	0.07730234766142757	0.16822550196194375
-582	TRUE	TRUE	FALSE	FALSE	52440	0.6901708629555693	0.6268343290242238	0.618659110779915	0.645221434253236	0.6872344457023715	0.6259773657085279	0.6174545823759938	0.6435554645956311	-0.0029364165893007933	-8.569633088665383e-4	-0.001204528215067456	-0.0016659693710782627	0.7277164706042906	0.6619499877206924	0.6575129215401853	0.6823931266217227	0.07802763211225353	0.07108828000998081	0.07891214982476241	0.07600935398233225	0.1816797481894411
-581	TRUE	TRUE	FALSE	FALSE	52434	0.691258126723642	0.6277642928962885	0.6196286914083425	0.6462170370094242	0.689475685683839	0.6268872792212147	0.6192993210458496	0.6452207619836344	-0.001782440578346714	-8.770141870004681e-4	-3.2937055500218174e-4	-9.962751067831212e-4	0.730161057871663	0.6638437713605579	0.6600643195928553	0.6846897162750254	0.07958830375436705	0.07303597048295031	0.08120062733343696	0.07794163385691812	0.1751693555089018
-580	TRUE	TRUE	FALSE	FALSE	52431	0.6925520275054157	0.6288273278136581	0.6209680048420534	0.647449120053709	0.6913611175194354	0.6280638704972549	0.6204876343737618	0.6466375407968173	-0.0011909107427882214	-7.634571045119276e-4	-4.8036985485419044e-4	-8.115792340514465e-4	0.7316370075087365	0.6648840674211755	0.6607368273705619	0.685752634100158	0.0793608706852165	0.07287693608006408	0.08001801538515044	0.077418607383477	0.1765920922002268
-579	TRUE	TRUE	FALSE	FALSE	52419	0.6933503390453843	0.6294650995587378	0.6216125326832866	0.6481426570958029	0.6914770939967365	0.6284975901107701	0.6212133737932362	0.6470626859669144	-0.001873244836931332	-9.675096186607076e-4	-3.9915911647272177e-4	-0.0010799711906882537	0.7324801820366719	0.6656220720069383	0.6618063344018715	0.6866361961484939	0.08013293071428185	0.07328145431204446	0.08078676241547353	0.07806704914726662	0.167844331516644
-578	TRUE	TRUE	FALSE	FALSE	52413	0.6942295718430055	0.6299659107871554	0.6225707447498839	0.6489220757933483	0.6907620463945731	0.6274441161985735	0.6200468986567621	0.6460843537499695	-0.003467525561520649	-0.002521793100604207	-0.002523846150565333	-0.0028377216042300628	0.7320099836758012	0.6648033607722952	0.6611606770655588	0.6859913405045517	0.07902834930451352	0.0721966943787019	0.07970371049539215	0.07697625139286919	0.17322540128296318
-577	TRUE	TRUE	FALSE	FALSE	52401	0.6946457924156881	0.6307084579171605	0.6232474793028445	0.6495339098785644	0.6913540893300817	0.6287365967667531	0.6209586708001935	0.6470164522990094	-0.003291702467251102	-0.0019718618182507507	-0.002288808033295247	-0.0025174574395990332	0.7327086659156237	0.66623192910417	0.6624102817427355	0.6871169589208431	0.07941745029407217	0.07301880380750735	0.08061441277888426	0.07768355562682126	0.1695908856157991
-576	TRUE	TRUE	FALSE	FALSE	52404	0.6955119991702486	0.6315702256710458	0.6241132845460691	0.6503985031291212	0.6935266552486217	0.6304587822759704	0.6228481179412924	0.6489445184886281	-0.0019853439740911863	-0.0011114430792075033	-0.0012651665776065148	-0.001453984543635068	0.7348322698864747	0.6678180217314996	0.6640271491759085	0.6888924802646277	0.08062588576191049	0.0736070354652078	0.08109289588930531	0.07844193903880788	0.16647234979225287
-575	TRUE	TRUE	FALSE	FALSE	52410	0.6960247684487618	0.6323813046375274	0.6251290631965831	0.6511783787609574	0.6936034829457866	0.6320203871639958	0.6249487323880981	0.6501908674992936	-0.0024212848769303475	-3.6091780090804804e-4	-1.803304866968402e-4	-9.875110548450787e-4	0.7350947900351537	0.6692978823428041	0.6657906072678975	0.6900610932152851	0.08056132848152647	0.07419407344269476	0.08150341935929298	0.07875294042783808	0.1803514025622017
-574	TRUE	TRUE	FALSE	FALSE	52398	0.6973004215765635	0.6327801118953518	0.6253726477559487	0.6518177270759546	0.6947602337493106	0.6316405610083052	0.6239117598407797	0.6501041848661319	-0.002540188437314216	-0.0011395507599782204	-0.0014608881907071858	-0.0017135424626665407	0.7359543471413912	0.6687895371182792	0.6651059162630738	0.6899499335075814	0.07984803826406568	0.07315840189208543	0.08092742487953379	0.07797795501189496	0.18765458601422164
-573	TRUE	TRUE	FALSE	FALSE	52401	0.6983149223275202	0.6337929621678675	0.6265085236237014	0.6528721360396964	0.6970466229185213	0.6336772722527462	0.6260117756441722	0.6522452236051466	-0.0012682995933932175	-1.1568871132839643e-4	-4.967479471188685e-4	-6.269120839468277e-4	0.7380118313074567	0.6707321449883488	0.6670727490888668	0.6919389084615574	0.0806621187909781	0.0739940552004958	0.08162519888119674	0.07876045762422354	0.1725038641109807
-572	TRUE	TRUE	FALSE	FALSE	52401	0.6991212139051849	0.634404354189908	0.6273384280149348	0.6536213320366759	0.6972848748669783	0.6335495449648638	0.6262961717149963	0.6523768638489462	-0.0018363387093996183	-8.548087380944238e-4	-0.001042256721266362	-0.001244468056253468	0.738205792885616	0.6707462036915219	0.6675266999842309	0.6921595655204563	0.08000549779155103	0.07353850805779753	0.08141880010100305	0.07832093531678387	0.17822167503540548
-571	TRUE	TRUE	FALSE	FALSE	52398	0.70021796091683	0.6353843089014485	0.628473117336229	0.6546917957181693	0.6974172679041694	0.6333882140464533	0.626964043744946	0.6525898418985229	-0.002800692986971774	-0.001996094893814894	-0.001509073934981379	-0.0021019539385893488	0.7389075103738246	0.6710428593109125	0.668149836366938	0.6927000686838918	0.08017979260444404	0.07331319543442683	0.08086251256687502	0.07811850020191528	0.1654745791042883
-570	TRUE	TRUE	FALSE	FALSE	52404	0.7011761529925886	0.6361771129478879	0.6294846449827767	0.6556126369744177	0.6983341229411737	0.6347785595660848	0.6280986528199255	0.653737111775728	-0.0028420302109429603	-0.0013985538280031015	-0.0013859919391397966	-0.0018755253260286193	0.7398377275584768	0.6719655188478747	0.669136229086899	0.6936464918310835	0.0801651785966876	0.07297536542278535	0.08068916026742207	0.07794323476229834	0.16797406684758898
-569	TRUE	TRUE	FALSE	FALSE	52395	0.7022965666125083	0.6371668837743977	0.6304556527767248	0.6566397010545436	0.6991246571950342	0.6354002893341866	0.6288170636948571	0.6544473367413594	-0.0031719086264312473	-0.0017665938023685714	-0.0016385893229389535	-0.0021923639172462574	0.740678299503161	0.6727987931423023	0.6699916993205807	0.6944895973220147	0.07993537544143531	0.07303041287920786	0.08071068279353459	0.07789215703805924	0.16991033464908278
-568	TRUE	TRUE	FALSE	FALSE	52395	0.7034203019405372	0.6380270431751709	0.6319438983312266	0.6577970811489782	0.7015822403606384	0.637411034978759	0.6316356101257815	0.6568762951550596	-0.0018380620074887589	-6.160078916923867e-4	-3.082882895440557e-4	-9.207860629084005e-4	0.7427094864090255	0.6744653680908139	0.6725461897049846	0.696573681401608	0.08041643060209956	0.07349265797565065	0.08151287133285584	0.07847398663686869	0.17112980248579035
-567	TRUE	TRUE	FALSE	FALSE	52398	0.7042279970618641	0.6389493042532775	0.6327490178740962	0.6586421063964126	0.7008665823006865	0.637635200622983	0.6314596904864588	0.6566538244700428	-0.003361414567362407	-0.0013141042736419576	-0.0012893283656392866	-0.0019882824022145504	0.7430490161800595	0.6753407774902787	0.6730595903796484	0.6971497946833289	0.08100345299002187	0.07409705030060361	0.0819104719953419	0.07900365842865581	0.16054998293260703
-566	TRUE	TRUE	FALSE	FALSE	52407	0.7052483445275923	0.6400546542920245	0.6338409252752327	0.6597146413649498	0.7041347948483531	0.6391624511735751	0.6327982316687909	0.6586984925635729	-0.0011135494654882553	-8.922032908196576e-4	-0.0010426936242979754	-0.001016148793535296	0.7448384699044006	0.6762424036369153	0.6738163731879893	0.6982990822431018	0.08029380014107616	0.07326770146187477	0.08099358900274475	0.07818503020189856	0.16860873584084007
-565	TRUE	TRUE	FALSE	FALSE	52404	0.7056640851799624	0.640860156519258	0.6349410878570365	0.660488443185419	0.7022531688250989	0.6390088023708675	0.6331199971668147	0.6581273227875937	-0.003410916609389365	-0.0018513541441092108	-0.0018210905917337877	-0.002361120448410788	0.7438639196397369	0.6770381846737068	0.675137044761081	0.6986797163581749	0.07981058541462159	0.07420741001405999	0.08221300419902333	0.0787436665425683	0.16592334547095536
-564	TRUE	TRUE	FALSE	FALSE	52407	0.7075280829595075	0.6418181001816091	0.6357329812009133	0.6616930547806766	0.7036953353831311	0.6389755699207744	0.6323050729715805	0.6583253260918287	-0.003832747722204441	-0.0028425303255192533	-0.0034279080042520786	-0.0033677286839919243	0.7452178388067993	0.6771439113908372	0.6747008222067921	0.6990208574681428	0.07921225868207421	0.07349415266923691	0.08136358995639019	0.07802333376923377	0.17057610656441946
-563	TRUE	TRUE	FALSE	FALSE	52401	0.7084491620186729	0.6427906328934534	0.6367594117210877	0.6626664022110714	0.7065561298315743	0.6411070832332791	0.6352608748935924	0.6609746959861486	-0.0018930313572896866	-0.0016835490655652994	-0.0014985367560116562	-0.0016917057262888808	0.7471715380070962	0.6788721407692552	0.6766151834243287	0.7008862874002266	0.07933778366293724	0.07384656532202034	0.08121008093378558	0.07813147663958105	0.16149997125150764
-562	TRUE	TRUE	FALSE	FALSE	52392	0.7094247966261057	0.6434796733727125	0.6376270647751761	0.6635105115913315	0.7076575303532237	0.6423776089790364	0.6366762773161252	0.6622371388827951	-0.0017672658209432679	-0.0011020645984625114	-9.507877161489044e-4	-0.001273372711851561	0.7485888407136422	0.6800610848791186	0.6782206455653643	0.7022901903860417	0.08009535471826401	0.0742648868511861	0.08213794902318042	0.07883273019754351	0.14938187164250513
-561	TRUE	TRUE	FALSE	FALSE	52383	0.7105524041641995	0.6444956236807553	0.6387291641679714	0.6645923973376421	0.7083695024532871	0.6427578974956111	0.6373203291063464	0.6628159096850815	-0.0021829013944960223	-0.0017377261752678644	-0.0014088348659216697	-0.001776487478561852	0.7495914894091517	0.6805724834496183	0.6789194502759295	0.7030278077115666	0.08026107329223864	0.07389144505946771	0.08178940724027178	0.07864730853065939	0.16343531305208855
-560	TRUE	TRUE	FALSE	FALSE	52377	0.7117219224583807	0.6454861372542701	0.6400341298151547	0.6657473965092685	0.7082920229651833	0.6436264039263364	0.6380154134258392	0.6633112801057863	-0.0034298994303291136	-0.0018597333164281364	-0.0020187175386807313	-0.0024361167618126606	0.7500960812006985	0.6816566863273527	0.6801371431911336	0.7039633035730617	0.08017821792773303	0.07420083110785827	0.08222474346320016	0.07886793083293049	0.16084328977507492
-559	TRUE	TRUE	FALSE	FALSE	52362	0.7127837737766094	0.6463007201627579	0.6409111012212729	0.6666651983868801	0.7090452035701859	0.644392580998458	0.6391630451484996	0.6642002765723812	-0.0037385686698729118	-0.0019081387358747452	-0.0017480565285295348	-0.0024649213114257304	0.7510099936722747	0.6823531139697897	0.6810101050307634	0.7047910708909426	0.08019100949801414	0.07401292658156035	0.0819460640076924	0.07871666669575562	0.18368104724929554
-558	TRUE	TRUE	FALSE	FALSE	52362	0.714148891271942	0.6473285181001369	0.6424615702245245	0.6679796598655345	0.7098503807541029	0.6445846633458887	0.6398135915746523	0.6647495452248813	-0.004298510959468347	-0.0027438541565673767	-0.0026479778877612965	-0.003230114334599007	0.752791983541005	0.6831429625481866	0.6823480330096239	0.7060943263662719	0.08158469512557817	0.07437274380912877	0.08242090435040195	0.07945944776170295	0.16681683328158178
-557	TRUE	TRUE	FALSE	FALSE	52368	0.7149150020203017	0.6481885897438866	0.6432160768075026	0.6687732228572302	0.7110728125708874	0.6464695688827636	0.6406395263972425	0.6660606359502979	-0.003842189073337939	-0.0017190215391181198	-0.0025765504415707205	-0.002712587018008926	0.7536930747637381	0.6845944403898925	0.6833287195646954	0.7072054115727754	0.08139833545861505	0.07453072228182292	0.08280183620792328	0.07957696464945374	0.18049570325112652
-556	TRUE	TRUE	FALSE	FALSE	52377	0.7153837767286413	0.6488110323626087	0.6438230386303097	0.6693392825738532	0.7129706022720818	0.648774939009311	0.6430526797085545	0.6682660736633158	-0.002413174118103593	-3.609315501208544e-5	-7.703587891030833e-4	-0.001073208687406254	0.7545806926014077	0.6860033605943703	0.6845862999385676	0.7083901177114486	0.0808070064178208	0.0744207496271234	0.08229688202204692	0.07917487935566371	0.17424165202673644
-555	TRUE	TRUE	FALSE	FALSE	52377	0.7158518805580794	0.6496652374575163	0.644954151446798	0.6701570898207978	0.7132834906790103	0.6488892069980557	0.6440997384643049	0.6687574787137903	-0.0025683899104430095	-7.760294410095882e-4	-8.544134511723469e-4	-0.0013996109342083148	0.7548464827196626	0.6863233788532108	0.6853922741486699	0.7088540452405144	0.08055759393744467	0.07409231323497566	0.08173065940491417	0.07879352219244483	0.18844292318771605
-554	TRUE	TRUE	FALSE	FALSE	52383	0.7177576394970395	0.6506165518455003	0.6457506345355096	0.6713749419593498	0.7135312027906923	0.6487902280701769	0.6433450747938988	0.6685555018849226	-0.004226436721326316	-0.001826323660088305	-0.002405559185042452	-0.002819439855485691	0.755638239276279	0.6865835140634864	0.685406568253139	0.7092094405309681	0.07998763618257095	0.07376024776173322	0.08171742764401228	0.07848843719610549	0.16369108344851685
-553	TRUE	TRUE	FALSE	FALSE	52380	0.7188610561167708	0.6515619078838868	0.6467975120928197	0.6724068253644924	0.7158137887722265	0.6510288044387829	0.6455506342014489	0.6707977424708194	-0.003047267549422859	-5.331040771803309e-4	-0.0012468779032079288	-0.001609083176603706	0.7580089023488961	0.6886380950615006	0.6876702725423984	0.7114390899842651	0.08134295965053544	0.0746854780809504	0.0829923994067352	0.07967361237940701	0.16720887749611357
-552	TRUE	TRUE	FALSE	FALSE	52386	0.7195222430635047	0.6520666951454043	0.6474547857283672	0.6730145746457586	0.7150619274272402	0.6509423295135669	0.6467163690350676	0.6709068753252916	-0.004460315024015012	-0.001124365707648619	-7.384164796625835e-4	-0.0021076990704420717	0.757930124082225	0.6887474501710193	0.6883200572418545	0.711665877165033	0.08127607831812873	0.07448587568102957	0.0824689598101796	0.07941030460311264	0.1721751228003799
-551	TRUE	TRUE	FALSE	FALSE	52389	0.7204669189112666	0.6531154510191312	0.6486440893317184	0.67407548642070525	0.7162930327201291	0.6504964461854045	0.6464990607396724	0.6710961798817353	-0.004173886347464333	-0.0026190046423190364	-0.002145029355435103	-0.002979306781739491	0.7590931025542264	0.6887741339678345	0.688384592490502	0.7120839430041875	0.08142625406859993	0.07393637055093691	0.08162603475082472	0.07899621979012052	0.18408520875257808
-550	TRUE	TRUE	FALSE	FALSE	52380	0.7214845396897441	0.6539644379201739	0.6497916354420553	0.6750802043506577	0.7168191597033673	0.6509881981837286	0.6467523861901657	0.6715199146924204	-0.004665380313862409	-0.0029762398200842938	-0.0030392489113804906	-0.003560289681775731	0.7595776128612023	0.6896894831961118	0.6893131833593685	0.7128600931388942	0.08085152630133946	0.07442633017429093	0.0820823451418988	0.07912006720584307	0.17421151217289765
-549	TRUE	TRUE	FALSE	FALSE	52374	0.7227655055155991	0.6550478731122317	0.6509559540840097	0.6762564442372802	0.7205392306886423	0.6547030924486025	0.6498472195336789	0.6750298475569746	-0.0022262731504415155	-3.4478144415501805e-4	-0.0011087358054435168	-0.00122659680001335	0.7626472407191682	0.6925117460435523	0.6919744980083797	0.7157111615903666	0.08198974537760607	0.07527252600351818	0.08314582269533334	0.08013603135881919	0.17640812288849753
-548	TRUE	TRUE	FALSE	FALSE	52371	0.7241266253155351	0.656065118486325	0.6524399846088486	0.6775439094702361	0.7207300079459864	0.6546073159960475	0.6504382109356955	0.6752585116259099	-0.0033966178977622003	-0.0014578022919077875	-0.0020017737573751865	-0.0022853979823483916	0.763191391567654	0.6926671347943456	0.6927385732407277	0.7161990332009092	0.08152614986800366	0.07466183470649572	0.08259895091241957	0.07959564516230633	0.1670245745845827
-547	TRUE	TRUE	FALSE	FALSE	52368	0.725043083671753	0.6570872522886798	0.6533103452829212	0.678480227081118	0.7217530073061121	0.6559083031233138	0.6516446120971177	0.676435307508848	-0.0032900760715160763	-0.0011789501481262823	-0.0016657331452523258	-0.0020449197882982284	0.764224954469763	0.6936980993682926	0.6934760511899118	0.7171330350093225	0.08165381828740596	0.07440064291677538	0.08199714455431434	0.07935053525283191	0.17043749969810482
-546	TRUE	TRUE	FALSE	FALSE	52371	0.7258276160555345	0.6578992762253251	0.6543495013364055	0.6793587978724217	0.7241706078499631	0.6582660439886757	0.6542292555045396	0.6788886357810595	-0.0016570078765661895	3.667680066381357e-4	-1.2024646381928764e-4	-4.701621112491136e-4	0.7664012409208755	0.695677051044907	0.6955670833252482	0.7192151250970101	0.08280425826419256	0.07518878193274142	0.08255541029405389	0.08018281683032928	0.18793612831986561
-545	TRUE	TRUE	FALSE	FALSE	52377	0.7265399673965538	0.6589741134527917	0.6557351939521708	0.6804164249338387	0.7245462743491149	0.658443512118589	0.6540336799290521	0.6790078221322521	-0.0019936917900795982	-5.306015195762414e-4	-0.001701514131025451	-0.0014086024802270967	0.7667408120243391	0.6960081497775932	0.696132175133659	0.7196270456451971	0.082395382539018	0.07459867436883337	0.08249547619446998	0.07982984436744045	0.18210355667777317
-544	TRUE	TRUE	FALSE	FALSE	52368	0.728481611578337	0.6599865391664684	0.6566296211304812	0.6816992572917623	0.7257577731138454	0.6593199020452104	0.6551344308510263	0.6800707020033607	-0.0027238379703773906	-6.666375233615937e-4	-0.001495190202308024	-0.0016285552320156695	0.767487919093974	0.696742497786815	0.6966740379689358	0.7203014849499082	0.08073645366613584	0.07417855487009747	0.08158402321003203	0.07883301058208846	0.17635426176907587
-543	TRUE	TRUE	FALSE	FALSE	52359	0.729711088452951	0.6609593439703753	0.6577256694055622	0.6827987006096295	0.7283919485841697	0.6611074234713842	0.6570907045196488	0.6821966921917343	-0.0013191393180763996	1.4808001241086154e-4	-6.349652491585459e-4	-6.020081849413613e-4	0.7701528023541914	0.6985029821454881	0.6987475911889593	0.722467791896213	0.0822025676196195	0.07493919670525105	0.08267880898826381	0.07994019110437812	0.18194207357624534
-542	TRUE	TRUE	FALSE	FALSE	52362	0.7306344510926944	0.6615932184953783	0.6586335586279166	0.6836204094053298	0.7289559049017776	0.6611272974121531	0.657431054366801	0.6825047522269106	-0.0016785456507097645	-4.659209137152917e-4	-0.0012025049473216472	-0.0011156571705822347	0.7706942598655039	0.6988324373688063	0.6991503004785133	0.7228923325709412	0.08179816432338055	0.07494435951777693	0.08223598783157769	0.07965950389091171	0.17790483534308876
-541	TRUE	TRUE	FALSE	FALSE	52347	0.7317384931436187	0.6626947759869355	0.65986485693794	0.6847660420228313	0.7288000790032885	0.6621173509229936	0.6587119151653078	0.6832097816971966	-0.0029384131930896367	-5.774251663105288e-4	-0.0011529418782111086	-0.001556260079203758	0.7712486129584886	0.6994596373078892	0.6999803814518828	0.7235628772394203	0.0819586531769229	0.0741071483105762	0.08138399120838634	0.07914993089862848	0.1755931573904727
-540	TRUE	TRUE	FALSE	FALSE	52362	0.733069032994536	0.6637845489610681	0.6611029732994266	0.6859855184183434	0.7316356317028369	0.6637986655412449	0.6610711115666786	0.6855018029369202	-0.0014334018237664769	1.411630755588206e-5	-3.1862022161365016e-5	-4.8371584612398664e-4	0.773194695658274	0.7011370850762384	0.7021482588056646	0.7254933465133924	0.0816847268961614	0.07469095564802822	0.08212243160736166	0.07949937138385042	0.18740311685438227
-539	TRUE	TRUE	FALSE	FALSE	52371	0.7342231556678429	0.6647982795920484	0.662310280247555	0.6871105718358155	0.7314359465002735	0.6645993528799297	0.6610747637599778	0.6857033543800604	-0.002787208983880904	-1.9892755731092015e-4	-0.0012355166222881347	-0.0014072177211599862	0.7738429155969601	0.7022597212526283	0.7028439351513472	0.726315524000312	0.08202672990191827	0.07512181009763867	0.08230282700113574	0.07981712233356424	0.18347700038626483
-538	TRUE	TRUE	FALSE	FALSE	52368	0.7351730251030276	0.6655142823753543	0.6632944341296091	0.6879939138693303	0.731368776486615	0.6645414492373677	0.661842666229941	0.685917630651308	-0.003804248324969933	-9.728331499774186e-4	-0.001451767814924681	-0.002076283096624011	0.7745397918281693	0.7027994594058425	0.7040571149296413	0.7271321220545511	0.08253778289715577	0.07554318768490786	0.08297712965002249	0.08035270007736203	0.1885685150400096
-537	TRUE	TRUE	FALSE	FALSE	52371	0.7359282855915191	0.6663971089824257	0.6640769689067341	0.688800787826893	0.7320367494774321	0.66440322814504	0.6617739817580539	0.6860713197935087	-0.003891535654048544	-0.0019938811332426438	-0.0023029869824601717	-0.0027294679232504533	0.7747866131177626	0.7025129895695176	0.7038272085009352	0.7270422703960718	0.08160819085946347	0.07422564246482231	0.08180346594615916	0.07921243309014832	0.179870023637522
-536	TRUE	TRUE	FALSE	FALSE	52362	0.737090490199176	0.6675162809369883	0.6652958920297691	0.6899675543886445	0.7326824718273751	0.6653771249572786	0.6631908341936681	0.6870834769927738	-0.004408018839679405	-0.0021391564179230396	-0.002105058537254471	-0.002884077931618972	0.7756145899528157	0.7037070597680083	0.7054221906514108	0.728247946790745	0.08145621817364158	0.07452071320228762	0.08235765516184164	0.07944486217925695	0.16117463045261252
-535	TRUE	TRUE	FALSE	FALSE	52359	0.7372434083065802	0.6680514401431026	0.6661704976899656	0.6904884487132161	0.7338857467626573	0.6666317321054237	0.6648731194275589	0.6884635327652133	-0.003357660167190239	-0.0014197076458473347	-0.001297378123824676	-0.0020249153122874164	0.7764735188948504	0.7048205368284434	0.7066576658739859	0.7293172405324266	0.08181788205135114	0.0749579015475378	0.08227171498610077	0.07968249952832991	0.1798599090960164
-534	TRUE	TRUE	FALSE	FALSE	52356	0.739223658692715	0.6690935681510436	0.6669963077414086	0.6917711781950557	0.7352264812409681	0.6671429528537445	0.6647668922205424	0.6890454421050849	-0.003997176597095754	-0.001950615572892393	-0.0022294149392664444	-0.0027257357030848637	0.7786499822767082	0.7056924593592169	0.7071467485875238	0.7304963967411497	0.08284982407660735	0.07514839730198117	0.08253029730477145	0.08017617289445333	0.18137720622581333
-533	TRUE	TRUE	FALSE	FALSE	52341	0.7401588577201484	0.669795528271211	0.6677919051830876	0.6925820970581491	0.7365579243915953	0.66781890039629	0.6657860537321324	0.690054292840006	-0.0036009324082837435	-0.0019766265634376433	-0.002005851393624638	-0.0025278034551153416	0.7792181232877899	0.706026161708603	0.7076998274442013	0.7309813708135314	0.08171946421297516	0.07443789472354428	0.08182169586885535	0.0793263516017916	0.18496406251260114
-532	TRUE	TRUE	FALSE	FALSE	52329	0.7409753998672409	0.6704503429171415	0.6688504055511262	0.693425382778503	0.7388191952576195	0.6694385374993492	0.6677821588882771	0.692013297215082	-0.002156203803250475	-0.001011805536468161	-0.0010682467837653806	-0.0014120853744946722	0.7814253274413544	0.7073818170573841	0.7097491944358013	0.73285211297818	0.08305606000597213	0.0748747539938698	0.08286582381144175	0.08026554593709456	0.19102281730446313
-531	TRUE	TRUE	FALSE	FALSE	52335	0.7420624097553288	0.6715835574159051	0.6700285116202628	0.6945581595971655	0.7384013621810985	0.6695534139795342	0.6672807490489997	0.6917451750698774	-0.0036610485786708357	-0.002030143857391239	-0.0027477629645371567	-0.002812985133533077	0.781180915188325	0.7079622846024999	0.7099429740235891	0.7330287246048046	0.08189805791347643	0.07478759810811467	0.08257668682265744	0.07975411428141617	0.18450490171352027
-530	TRUE	TRUE	FALSE	FALSE	52335	0.7429552828439719	0.6724132059556622	0.6710400669709261	0.6954695185901868	0.7387561276975657	0.6705251241635984	0.6680972121510563	0.6924594880040735	-0.004199155576648702	-0.001888081934873691	-0.0029428557212773346	-0.0030100310775999094	0.7814671624212065	0.7083347800191274	0.710652350094602	0.733484764178312	0.08122291450219228	0.0737312300392303	0.08216742120268374	0.07904052191470211	0.17381765511590672
-529	TRUE	TRUE	FALSE	FALSE	52332	0.7438282393804166	0.6731811160317671	0.6720881726855387	0.696365842699241	0.7399614908381639	0.6709796564620446	0.6695540282677167	0.6934983918559751	-0.003866747703917037	-0.0022014591761462055	-0.0025341457995590286	-0.002867450893207424	0.783020736464674	0.7091547050804677	0.7121172049179231	0.7347642154876882	0.08225174266802357	0.07414863725231212	0.08259220931384972	0.07966419641139515	0.18216068494410795
-528	TRUE	TRUE	FALSE	FALSE	52317	0.7451821835604046	0.6743216133090022	0.6735479860969233	0.6976839276554434	0.7430169464676504	0.6738144155229171	0.6730645217290926	0.6966319612398867	-0.002165236702480708	-5.071972401269981e-4	-4.834645241255557e-4	-0.0010519661555777541	0.7849416943258131	0.7111904960263329	0.7145120288475364	0.7368814063998941	0.08168425827145492	0.07424496338829414	0.08241154904650234	0.07944692356875047	0.1698982739951437
-527	TRUE	TRUE	FALSE	FALSE	52317	0.7458504048376655	0.6750547382496307	0.6742515887802445	0.6983855772891803	0.745103855863503	0.675677516862997	0.6752641288464041	0.6986818338576347	-7.465495699922779e-4	6.227790185472025e-4	0.001012539492831873	2.962563137955993e-4	0.7861803510671689	0.7122447609544496	0.7158363841192978	0.7380871653803055	0.08140644172255226	0.07375726619743968	0.08215705031409146	0.07910691941136114	0.16889747155570478
-526	TRUE	TRUE	FALSE	FALSE	52317	0.7470862043596365	0.6762504258502332	0.6755157506249803	0.6996174602782833	0.745336425258462	0.6753539995212683	0.675076795402498	0.698589073394076	-0.0017497788486373204	-8.964260303888353e-4	-4.389549108302368e-4	-0.0010283865966187976	0.7866664615278945	0.7126728999100547	0.7162222882616355	0.7385205498998616	0.08091029382404108	0.07374137404419062	0.08185202964599994	0.0788345658380772	0.17083685966585346
-525	TRUE	TRUE	FALSE	FALSE	52323	0.7480134061147942	0.6773860663896364	0.6770019417268981	0.7008004714104429	0.7478107315124776	0.6775111420152602	0.6772752848514517	0.7008657194597298	-2.0267432232313063e-4	1.2507645589846907e-4	2.733435478555953e-4	6.524856047697792e-5	0.7885628173142397	0.7147692134514386	0.7185113239585437	0.7406144515747407	0.08130149747613695	0.07464121755568105	0.08274542104848144	0.07956271202676647	0.17155059964409036
-524	TRUE	TRUE	FALSE	FALSE	52323	0.7496256033590436	0.6782495382234057	0.6778042050230997	0.7018931155351831	0.7479820880801473	0.6779519012424824	0.6774305908136559	0.7011215267120953	-0.0016435150659541331	-2.9763633999634287e-4	-3.7361445349592335e-4	-7.715886198154663e-4	0.7896675418837307	0.7153853178928382	0.7189222012436991	0.7413250203400893	0.08172739274483153	0.0745691969949547	0.08260960719227817	0.07963539897735479	0.1851294081125929
-523	TRUE	TRUE	FALSE	FALSE	52317	0.7515310744846471	0.679651263675939	0.679311331390166	0.7034978898502507	0.7495586758844287	0.6783405350672511	0.678927248374411	0.7022754864420302	-0.001972398730738985	-0.0013107278639901093	-3.84083410503272e-4	-0.0012224033350774555	0.7916541904635058	0.7165918171800219	0.7203948279736759	0.7428802785390679	0.08221863068876323	0.07519183557517863	0.0825510757109663	0.07998718065830272	0.1673297783799752
-522	TRUE	TRUE	FALSE	FALSE	52308	0.7526625428809858	0.6806110351919745	0.6806386049598692	0.7046373943442765	0.7513988841569235	0.6799970162757993	0.6801777512258075	0.7038578838861768	-0.0012636593009751344	-6.140198853101702e-4	-4.608545525247897e-4	-7.795112462700315e-4	0.7931391879976512	0.7178522150568423	0.7217461204983412	0.7442458411842783	0.08221694921356985	0.07509637845412803	0.08267588541632925	0.07999640436134238	0.1891253726655993
-521	TRUE	TRUE	FALSE	FALSE	52299	0.7539237605284134	0.6820300844464843	0.6820503895468711	0.7060014115072561	0.7526778944762691	0.6815666518797175	0.6819987361178211	0.7054144274912693	-0.0012458656703934637	-4.6343290086677284e-4	-5.165439581391617e-5	-5.869843223580509e-4	0.7943040949720536	0.7190314650778639	0.7231261416158307	0.7454872338885826	0.08200653495872362	0.07446619352028637	0.08220315727362454	0.07955862858421152	0.1896259394517373
-520	TRUE	TRUE	FALSE	FALSE	52302	0.7552143105408132	0.6830948692360332	0.683336052789285	0.7072150775220438	0.7533574631982952	0.681807350246164	0.6829364430706144	0.7060337521716912	-0.0018568477415533617	-0.0012875188911846641	-3.9960853748571015e-4	-0.0011813250567412454	0.7956497472922351	0.7200248006908743	0.7243148543484688	0.746663134110526	0.08272772225409679	0.07514738267651076	0.0823572132413023	0.08007743939063662	0.18652563913338502
-519	TRUE	TRUE	FALSE	FALSE	52299	0.7559524797179172	0.683678140251226	0.6841644182285374	0.7079316793992267	0.754670795629253	0.6833814361176147	0.6844464734517542	0.7074995683995406	-0.001281683607412122	-2.967031830419167e-4	2.82054479929009e-4	-4.3211077017500985e-4	0.7966900166510587	0.7211932895625343	0.7259243349022342	0.7479358803719424	0.08275675749127927	0.0753270031031407	0.08323777823739725	0.08044051294393907	0.18248626190069125
-518	TRUE	TRUE	FALSE	FALSE	52302	0.7577812043611543	0.6853151472799278	0.6860719930305869	0.709722781557223	0.7555505508188095	0.6839325536416445	0.6851356938180182	0.708206266092824	-0.0022306528158727926	-0.0013825931396712688	-9.362998345399571e-4	-0.0015165152633613394	0.7976041087267496	0.7219509256521602	0.7267642984670528	0.7487731109486542	0.08187646239407348	0.07465415054879401	0.08232091093995937	0.07961717462760895	0.1776303194538882
-517	TRUE	TRUE	FALSE	FALSE	52311	0.7582463048849857	0.6859766203086946	0.6867659078676971	0.7103296110204591	0.7548256599321624	0.6833754374447354	0.6836436760492467	0.7072815911420481	-0.003420644041715555	-0.0026011819485300836	-0.003122232963848281	-0.0030480196513646396	0.7980598590361457	0.722349750585587	0.7267118679054996	0.7490404925090773	0.08304775282876985	0.07534744350207087	0.0830141525552904	0.0804697829620437	0.16429620879211318
-516	TRUE	TRUE	FALSE	FALSE	52305	0.75936598028916	0.6871688523239627	0.6878720250742988	0.7114689525624739	0.7549828033005873	0.6847799205565982	0.6847716953645063	0.708178139740564	-0.0043831768919908665	-0.002388932378825871	-0.003100329971022446	-0.003290813080613061	0.798740458699138	0.7242079314671267	0.7283443577186025	0.7504309159616225	0.08313213402650352	0.0764670901038112	0.08404499557091166	0.08121473990040878	0.17464766291281034
-515	TRUE	TRUE	FALSE	FALSE	52305	0.7600807782813622	0.6881176180957739	0.6890814157827548	0.7124266040532969	0.7562568853403165	0.6857067992357714	0.6863572430632782	0.709440309213122	-0.003823893758439281	-0.0024108191235961782	-0.0027241727938507767	-0.002986295225295412	0.8000358284276178	0.7247792345923137	0.729376043713592	0.7513970355778412	0.08373399353147451	0.07573405213821513	0.08331342907321948	0.08092715824763637	0.19337539451747252
-514	TRUE	TRUE	FALSE	FALSE	52302	0.761780956528128	0.6889903674262331	0.6900182606817405	0.7135965282120339	0.7583941629490564	0.6861031202300828	0.6872285229794993	0.7105752687195461	-0.0033867936349045095	-0.0028872484985442413	-0.002789737914550455	-0.003021260015999735	0.80275842744122194	0.7259423615026578	0.7306906528630766	0.7531304806023187	0.0853417354205273	0.07679123541868829	0.08413452095101967	0.08208916393007842	0.18832528484154606
-513	TRUE	TRUE	FALSE	FALSE	52305	0.7638878830949455	0.6904664469426616	0.6916486793731156	0.7153343364702409	0.7617437534502032	0.6886377193684675	0.6896425022596202	0.713341325026097	-0.0021441299921438396	-0.0018287277146583616	-0.002006177311469492	-0.0019930116727572313	0.8049388822220246	0.7275376783792015	0.7323893654063317	0.754955308669186	0.08424612860350932	0.0759711909515213	0.08348754953287008	0.08123495636263356	0.16380837380128627
-512	TRUE	TRUE	FALSE	FALSE	52311	0.7648902793669843	0.6914437851995946	0.6930905941073138	0.716474886224631	0.7642644415566334	0.6909842352896465	0.6922853208422998	0.7158446658961932	-6.258380628836515e-4	-4.595503468978773e-4	-8.052730608679379e-4	-6.302204902164891e-4	0.8066984058273954	0.7291638920447384	0.7344128714383185	0.7567583897701506	0.08424209122057344	0.07589976365098745	0.08344982858614028	0.08119722781923372	0.2047084358568021
-511	TRUE	TRUE	FALSE	FALSE	52317	0.7657934523921972	0.6926170161350462	0.6943771452128876	0.7175958712467103	0.763381518757914	0.6919529316984668	0.6935562969584806	0.7162969158049538	-0.0024119329035803354	-6.640846239731713e-4	-8.208486606948678e-4	-0.0012989553960827914	0.8063813150229482	0.730088028923878	0.7357385566970298	0.757402633547952	0.08358765886617452	0.0756061103176545	0.08354367086050082	0.08091248001477662	0.17876357567112938
-510	TRUE	TRUE	FALSE	FALSE	52326	0.7677348037763667	0.6940358414252322	0.695863145321202	0.7192112635076003	0.7645165299572623	0.6921024725556711	0.6932631810032741	0.7166273945054025	-0.0032182738871736746	-0.0019333697898649526	-0.0025999649045038223	-0.0025838695271808163	0.807360444234128	0.7305750327198477	0.7359994911694723	0.7579783227078161	0.08246955503405831	0.0750117513425191	0.08287265650279234	0.08011798762645658	0.17745602578727795
-509	TRUE	TRUE	FALSE	FALSE	52314	0.7682487996756067	0.6944753599427335	0.6967390994333278	0.719821086350556	0.7648872265695568	0.692773476916236	0.6944844119138784	0.7173817051332237	-0.0033615740512228584	-0.0017018824297583592	-0.0022546879120961235	-0.0024393814643591137	0.8079174992682773	0.7310811372960833	0.7371455090324766	0.7587147151989457	0.08269897279371667	0.07491343835143915	0.0830675062522655	0.08022663913247378	0.1811664188637932
-508	TRUE	TRUE	FALSE	FALSE	52308	0.7700023926175893	0.6959710556151435	0.698536527756554	0.7215033253297621	0.7661098280379476	0.6938401117750763	0.6963491448977175	0.7187663615702471	-0.003892565261564884	-0.0021309438435712738	-0.0021873823600396134	-0.002736963821725257	0.8090920458819851	0.7322557210232374	0.7387119491762135	0.7600199053604787	0.08207187152067076	0.07470027450681618	0.08253822556331833	0.07977012386360176	0.1784182720172641
-507	TRUE	TRUE	FALSE	FALSE	52317	0.7705150157375218	0.6966226606184351	0.6990321870139286	0.7220566211232953	0.7672677510386816	0.6948440625391944	0.6970105635438326	0.7197074590405695	-0.0032472655342469544	-0.0017785980916399761	-0.002021624036359021	-0.002349162554081984	0.8106151143954712	0.7332991581313373	0.7395052079226648	0.7611398268164912	0.08344746242272565	0.07513159283002367	0.08296766530065809	0.08051557351780247	0.18839038944674552
-506	TRUE	TRUE	FALSE	FALSE	52317	0.771700916380563	0.6979221702291433	0.7003866207545613	0.7233365691214226	0.7686932737822708	0.6967353667121323	0.6993799895956976	0.7216028766967003	-0.0030076422841699775	-0.0011868033154719096	-0.0010066304280479652	-0.0017336920092299506	0.8119209842625686	0.7347958643177115	0.7413570672442921	0.7626913052748574	0.08344777801703135	0.07493419100379611	0.08294752401473601	0.08044316434518783	0.1812687079910681
-505	TRUE	TRUE	FALSE	FALSE	52311	0.7729159755001591	0.699148193371322	0.7019823180481192	0.7246821623065334	0.7691578705414959	0.697534839749171	0.699758724242651	0.7221504781777727	-0.003758105397948881	-0.001613354149203544	-0.0022235937305355516	-0.0025316844258959923	0.8127336757110041	0.7362135145695622	0.7427079918474985	0.7638850607093548	0.08339350578364872	0.0757439965517673	0.0836749407927849	0.08093748104273363	0.19411194603263274
-504	TRUE	TRUE	FALSE	FALSE	52320	0.7744009148328733	0.6999313288613362	0.702671123114994	0.7256677889364012	0.7713590206299165	0.6990438579063879	0.7017908137434804	0.7240645640932616	-0.003041894549539574	-8.874708888902294e-4	-8.803096448198864e-4	-0.0016032250277498966	0.8136716442516739	0.7368035083474525	0.7439465601212444	0.764807237573457	0.08158335361986668	0.0746318305481719	0.08343118287216461	0.0798821223467344	0.1795314791788018
-503	TRUE	TRUE	FALSE	FALSE	52308	0.7758373082854455	0.701100234535443	0.7040575628105875	0.7269983685438254	0.7733746806467123	0.7005103383421227	0.703582015781202	0.7258223449233457	-0.002462628666209689	-5.898960976983062e-4	-4.755462310317332e-4	-0.0011760236649799095	0.8167007982875477	0.7388110084396408	0.7461871758186822	0.7672329941819569	0.08418960702498848	0.07601144391487277	0.0847347736388644	0.0816452748595752	0.19859795772202424
-502	TRUE	TRUE	FALSE	FALSE	52296	0.7768635325372477	0.7017694428348717	0.7051357398409837	0.7279229050710344	0.773520055862148	0.7003635566804584	0.7030707887661594	0.7256514671029219	-0.0033434770980685486	-0.0014058863850692233	-0.002064951011614421	-0.0022714381649173976	0.816696969593443	0.7386544325498366	0.7460846099270372	0.7671453373567724	0.0830103509202205	0.07517586623356065	0.08396269066225417	0.08071630260534511	0.18695571333599456
-501	TRUE	TRUE	FALSE	FALSE	52287	0.7780085136948928	0.7030713866438992	0.70638637718913	0.7291554258426406	0.7742469824796188	0.7012020177534314	0.7041362093014739	0.7265284031781747	-0.003761530429675159	-0.001869368806185836	-0.0022501681447835006	-0.0026270224602148316	0.8179847381648551	0.7399300041776802	0.7472504054960517	0.7683883826128624	0.08371397978502354	0.0755866044563808	0.08397822488230262	0.08109293637456898	0.17929066504335284
-500	TRUE	TRUE	TRUE	FALSE	52290	0.7798903589515197	0.7044166054302441	0.707822831741288	0.7307099320410173	0.7768848551954425	0.7030033686972502	0.7063458443678563	0.728744689420183	-0.0030055043358485313	-0.0014132367266723063	-0.0014769876588649454	-0.0019652429071285948	0.8203341818227682	0.7414269450623537	0.7491387057190529	0.7702999442013916	0.08389314965681105	0.07543391677440185	0.08410873537499494	0.08114526726873594	0.20223930015441616
-499	TRUE	TRUE	TRUE	FALSE	52278	0.7806351159040027	0.7050492728793502	0.708711068008315	0.7314651522638893	0.7763107519771139	0.7025000381910093	0.7060436669996183	0.7282848190559138	-0.004324363895690551	-0.0025492343688677823	-0.0026674005486489708	-0.003180332937735768	0.8197816998116049	0.7414590986265526	0.7496495507898725	0.7702967830760099	0.08261753163707039	0.07536888612741313	0.0845443660214871	0.08084359459532355	0.18892339021865484
-498	TRUE	TRUE	TRUE	FALSE	52281	0.7827214327576302	0.7068500037139223	0.7108801200018702	0.7334838521578075	0.7790438318767472	0.7063230808925518	0.7104842675412942	0.7319503934368644	-0.003677601062071032	-5.269223388001227e-4	-3.958519695387176e-4	-0.0015334584568032906	0.8229167972978831	0.74464445618533	0.7530373270272674	0.7735328601701602	0.0840683296243031	0.07611582819736717	0.08471026716705045	0.08163147499624024	0.20117759777131144
-497	TRUE	TRUE	TRUE	FALSE	52287	0.7836361629266513	0.7077606808983975	0.7117456857092592	0.7343808431781026	0.7800317363012961	0.7062733178109557	0.7104340021211326	0.7322463520777948	-0.0036044265564647293	-0.0014873630090012936	-0.0013116833473474012	-0.0021344909709378078	0.8244222655868051	0.7452199295982803	0.7534821912649626	0.7743747954833493	0.08517663157370585	0.07640586069865356	0.08478469443080361	0.082122395567721	0.20801881900886457
-496	TRUE	TRUE	TRUE	FALSE	52275	0.7848123006896074	0.7091388586940074	0.7133382418277315	0.7357631337371155	0.7809472890847546	0.7074699501164422	0.711839933752315	0.7334190576511705	-0.003865011666890592	-0.0016689086610473304	-0.001498308273011428	-0.00234407620031645	0.8250790226653331	0.7462870274233205	0.754865567500636	0.7754105391964299	0.08439845594458739	0.07596524590209515	0.08455295787109453	0.08163888657259236	0.20430565237288112
-495	TRUE	TRUE	TRUE	FALSE	52272	0.786379046619495	0.7104978496952898	0.7151007729774805	0.7373258897640884	0.7813435504145018	0.7085912096765189	0.7125730718388643	0.7341692773099617	-0.005035496891272462	-0.0019066399953765112	-0.0025276996111137586	-0.0031566121659209103	0.8256941276964236	0.747605712300031	0.7562706202716795	0.7765234867560447	0.08366565954438007	0.07612236537820995	0.08486739619397553	0.08155180703885517	0.17139715314053564
-494	TRUE	TRUE	TRUE	FALSE	52275	0.7883209916655862	0.7117530974098815	0.7162959916507515	0.7387900269087396	0.7832957468270659	0.708876555268669	0.7130295211107794	0.7350672744021715	-0.005025245182789109	-0.002876541673831866	-0.0032664701188986184	-0.0037227523251731984	0.8276204919650049	0.748238892647067	0.7568504901001226	0.7775699582373982	0.08362424592014932	0.07584813268999509	0.08437546828855567	0.08128261563290003	0.19039575300181427
-493	TRUE	TRUE	TRUE	FALSE	52272	0.7899828383480779	0.7132150525910368	0.7178927756771214	0.7403635555387454	0.7852467501086682	0.7105175993566054	0.7151088243675133	0.736957724610929	-0.004736088263100375	-0.0026974526437188516	-0.002783950447569789	-0.003405830451463005	0.8295674284542741	0.7496380444106767	0.7583480688549923	0.7791845139066478	0.08390526812722048	0.07554343643196716	0.08369453684772987	0.08104774713563917	0.19121212125205841
-492	TRUE	TRUE	TRUE	FALSE	52269	0.7909671278436664	0.7139874738826094	0.7190350527807692	0.7413298848356816	0.7869045222588608	0.711286041981127	0.7162378695654946	0.7381428112684941	-0.004062605496276684	-0.0027014315409217117	-0.002797183734998061	-0.0031870735907321523	0.8308778498324751	0.7503604180355387	0.7596007551997238	0.7802796743559125	0.08388404988382181	0.07544732039089842	0.08392858871289444	0.08108665299587156	0.19421896372850886
-491	TRUE	TRUE	TRUE	FALSE	52269	0.7925932904456082	0.7156858565778196	0.7206454655381894	0.7429748708538725	0.7872733025263333	0.7128174924703488	0.7177973262441134	0.7392960404135984	-0.0053199881995428895	-0.0028683630388758926	-0.0028481391617020584	-0.0036788301333736135	0.8317116319582326	0.7517304080654762	0.7608409103004049	0.7814276501080379	0.08355667006108858	0.07495746674618955	0.08323902859607955	0.0805843884677859	0.18433082672126405
-490	TRUE	TRUE	TRUE	FALSE	52269	0.7943303429842394	0.7169413939605114	0.7220657042262358	0.7444458137236623	0.7923357858678631	0.7166323937357629	0.7217876884213692	0.7435852893416651	-0.001994558174140173	-3.090004449636076e-4	-2.7801729846432116e-4	-8.605253058560341e-4	0.8353328434212541	0.7542056378080388	0.763639043880248	0.784392508369847	0.08399955804527094	0.07483748834842276	0.08342469486891557	0.0807539137542031	0.19378069209198484
-489	TRUE	TRUE	TRUE	FALSE	52263	0.7954774130642621	0.7179372362135684	0.7233193096098327	0.7455779862958878	0.7914383297846029	0.7161902423837078	0.7218459594334085	0.743158177200573	-0.004039082930107278	-0.0017469937402846169	-0.001473350585409821	-0.0024198090852672388	0.8353242788602759	0.7543240467417651	0.7638760728163411	0.7845081328061274	0.08373281454973704	0.07452061577821495	0.08258687736867945	0.08028010256554381	0.1837052984850885
-488	TRUE	TRUE	TRUE	FALSE	52263	0.7971157392838443	0.7194150867077828	0.7250332736195793	0.7471880332037354	0.7935763714279088	0.7178480115255665	0.7233306883132498	0.7449183570889083	-0.0035393681994395285	-0.0015670757697502093	-0.0017025851157118602	-0.002269676361633866	0.8376378295011883	0.7566115861198547	0.7662151008936419	0.7868215055048949	0.08458354878163218	0.07596007454418512	0.08406624101809804	0.08153662144797177	0.1873782789258675
-487	TRUE	TRUE	TRUE	FALSE	52266	0.7979683210162394	0.7202037813605726	0.7257454948468826	0.7479725324078982	0.7946873063132843	0.7191368322200412	0.7248902426155772	0.7462381270496342	-0.0032810135794349004	-0.0010669497334553667	-8.552535514611125e-4	-0.0017344056214504597	0.8390928228985813	0.7577860511642949	0.7674690445296681	0.7881159728641816	0.08553001835562962	0.07623148806806476	0.08430235123478198	0.0820212858861588	0.1938894503121684
-486	TRUE	TRUE	TRUE	FALSE	52272	0.7997264239657202	0.7220155390197179	0.7275808285700867	0.7497742638518416	0.7951394336963408	0.7203154498168862	0.7259867633794094	0.7471472156308787	-0.0045869897456537	-0.0017000892557840657	-0.0015940651358170442	-0.0026270480457516033	0.8399626449730451	0.7593642052117117	0.7688533075013743	0.789393385895377	0.085059433295832	0.07639742234675691	0.08413902400154752	0.08186529321471214	0.19260336361505886
-485	TRUE	TRUE	TRUE	FALSE	52269	0.8013941129830141	0.7234483797334965	0.7293821195180198	0.7514082040781768	0.7971309444742638	0.7215322793288659	0.7278492052046449	0.7488374763359249	-0.004263168249086738	-0.0019161015720966061	-0.0015329140592925806	-0.002570727960158641	0.8422642148683246	0.7608538235959208	0.7711060451575227	0.7914080278739227	0.08600337281446767	0.07672698747656896	0.08498076589960851	0.08257037539688171	0.1923461513977149
-484	TRUE	TRUE	TRUE	FALSE	52275	0.802585617256997	0.72421212007822	0.7300678538769743	0.7522885304040637	0.7995497002977405	0.723257814070779	0.7294596132820016	0.7507557092168404	-0.003035917548410925	-9.543057613758292e-4	-6.08239979844197e-4	-0.0015328210965436504	0.8445713303704488	0.7624168168155477	0.7727940290599529	0.7932607254153164	0.0870073437539017	0.07736369937290406	0.0860605914343922	0.08347721152039932	0.2016139453086986
-483	TRUE	TRUE	TRUE	FALSE	52281	0.8048032893204945	0.7260430747934952	0.7320093448950066	0.754285236336332	0.8019894098604331	0.7252072926408422	0.7308227618361995	0.7526731547791583	-0.0028138787655529658	-8.357818072006868e-4	-0.0011865836819754656	-0.0016120814182430394	0.8457588957394163	0.7638015881481891	0.7738421395470179	0.7944675411448745	0.08472509228743799	0.0763528086490188	0.08485217247321883	0.08197669113655855	0.19293745401638285
-482	TRUE	TRUE	TRUE	FALSE	52290	0.8061083153092415	0.7273044790777591	0.7337279907663964	0.7557135950511322	0.800903881249921	0.7249472828188076	0.7310773965216272	0.7523095201967853	-0.005204433718235908	-0.002357196923899791	-0.002650594373239229	-0.003404075005124976	0.8461945365088882	0.7643293081059112	0.7746657964773318	0.795063213697377	0.08537687615369424	0.07640685448339236	0.08452620597680391	0.08210331220463016	0.18605915097310302
-481	TRUE	TRUE	TRUE	FALSE	52278	0.8073734351211137	0.7287078182971125	0.735203893915396	0.7570950491112075	0.8027511246150052	0.7257133364397297	0.7312290492744037	0.753231170109713	-0.004622309713056672	-0.002994481451127606	-0.003974845041271748	-0.0038638787351520086	0.8473105408909425	0.7648390095155716	0.7749776551249602	0.7957090685104914	0.08449652128284521	0.07525686376384942	0.08352236739735294	0.08109191748134918	0.18286571740344093
-480	TRUE	TRUE	TRUE	FALSE	52281	0.8093569727236518	0.7301408583079256	0.7367680733505603	0.7587553014607126	0.8060247567668065	0.728629486778941	0.7336808174655582	0.7561116870037685	-0.0033322155686603596	-0.001511371578112364	-0.0030872563537652394	-0.002643614500179321	0.8504232797491392	0.7675951208348907	0.777687682371692	0.7985686943185739	0.08546483064251591	0.07641989672453457	0.08492647441675025	0.08227040059460022	0.1847228432856397
-479	TRUE	TRUE	TRUE	FALSE	52290	0.8102015177439644	0.7309317980427572	0.7379242711240948	0.7596858623036055	0.8050112572878173	0.7272014867880034	0.7334349654029237	0.7552159031595815	-0.005190260568641595	-0.003730311199149412	-0.004489305876839879	-0.0044699592148769625	0.8505125105174483	0.7674987821138014	0.7781199335354868	0.7987104087222454	0.08581224593097861	0.07686427966511271	0.0848806302623541	0.08251905195281513	0.19588749284164209
-478	TRUE	TRUE	TRUE	FALSE	52275	0.8121565884910976	0.7327072304804617	0.7399746332440661	0.7616128174052085	0.8067839601408919	0.729536026087282	0.7358481272935737	0.7573893711739158	-0.0053726285172617785	-0.0031712042108058306	-0.004126505781068025	-0.004223446169711878	0.8524416056236325	0.7696841886716574	0.7802987404048509	0.8008081782333802	0.08594266355115696	0.07712512096606187	0.08477471965041743	0.08261416805587876	0.17588602581648677
-477	TRUE	TRUE	TRUE	FALSE	52278	0.8131997439688986	0.7335267241386751	0.7408064755122129	0.7625109812065956	0.809913749253041	0.7320925767240127	0.7386633442572943	0.7602232234114493	-0.003285994882816018	-0.001434147495332716	-0.0021431312828948793	-0.002287757887014538	0.8545179346918171	0.7715078047785292	0.7824096456747597	0.8028117950483687	0.08592237577122017	0.0773963088454372	0.08534947156832225	0.08288938539499321	0.18988712288428292
-476	TRUE	TRUE	TRUE	FALSE	52278	0.8146436085649237	0.7350961504917911	0.7425125205404981	0.7640840931990709	0.8101418322359365	0.7311317579806356	0.7391203039956791	0.7601312980707504	-0.004501776948197255	-0.003964392363968585	-0.0033922167092596354	-0.003952795340475159	0.8550139300087677	0.7717396217692755	0.7835551187419026	0.8034362235066487	0.08524241997802529	0.07725133469867262	0.08547741357555914	0.08265705608408569	0.19287518652640576
-475	TRUE	TRUE	TRUE	FALSE	52275	0.8165544499216439	0.7367106325955158	0.7444397035134986	0.7659015953435528	0.8130358966364216	0.7340441360982201	0.7419690370229591	0.7630163565858669	-0.0035185548700323106	-0.0026664972929105347	-0.0024706667495870416	-0.002885239637509962	0.8574680141378664	0.7738235708650513	0.7856620883455663	0.8056512244494947	0.08534568240781104	0.07689237377944487	0.08491543633928295	0.08238449750884629	0.19435024406786985
-474	TRUE	TRUE	TRUE	FALSE	52272	0.8180816305839209	0.7375507128649107	0.7452575154595004	0.7669632863027774	0.8142752478173058	0.7355400994661001	0.7431481365424076	0.7643211612752712	-0.0038063821907004802	-0.0020106136088033433	-0.0021093776033238483	-0.002642124467609224	0.8590112372192137	0.7756254561877605	0.7871511289287587	0.8072626074452443	0.08566559641954903	0.07816010084880859	0.08589660627336483	0.08324076784724083	0.19870574998528645
-473	TRUE	TRUE	TRUE	FALSE	52275	0.8204581175649558	0.7393406370882667	0.747275913351607	0.7690248893349432	0.8169341955964207	0.7379230929494296	0.7454757564140683	0.7667776816533063	-0.003523922707658068	-0.0014175442828339455	-0.0018001568184907591	-0.0022472079363275907	0.8616556158178362	0.7774701621605004	0.7891838580739692	0.8094365453507685	0.08591891840409126	0.0776765944362436	0.085616046461763	0.08307051976736594	0.19873325710933137
-472	TRUE	TRUE	TRUE	FALSE	52269	0.821609275633036	0.7405287328714523	0.748892208968488	0.7703434058243254	0.817531713948712	0.738318204405292	0.7470707415162807	0.7676402199567616	-0.004077561774645848	-0.002210527734670455	-0.0018214669787923225	-0.002703185496036208	0.8623525275922572	0.7780712476063584	0.7907107355818467	0.8103781702601541	0.08556406593039943	0.0772955577385071	0.08545852119903505	0.08277271495598053	0.18800872385167294
-471	TRUE	TRUE	TRUE	FALSE	52272	0.8232142067493083	0.7421569504701907	0.7505306851994765	0.7719672808063252	0.8191615983755455	0.739110163402145	0.7479174572576628	0.768729739678451	-0.004052607033200487	-0.0030467861947556826	-0.0026132286522018346	-0.0032375406267193345	0.8637715363207471	0.7796132447166686	0.7924928340111254	0.8119592050161805	0.08516726633929604	0.07795937571250784	0.08653752640295358	0.08322138948491915	0.18584004823638176
-470	TRUE	TRUE	TRUE	FALSE	52269	0.824666348433432	0.7433199956525272	0.7518229623160787	0.7732697688006793	0.819698473523955	0.7408418223652088	0.7490838280667477	0.7698747079853038	-0.004967875035354612	-0.0024781727362370347	-0.0027391354470104805	-0.0033950610728673758	0.8654379473919199	0.7808190150885554	0.7933756994647412	0.8132108873150722	0.0865110734076743	0.07747621150566494	0.08584460890459061	0.08327729793930995	0.18538609884727908
-469	TRUE	TRUE	TRUE	FALSE	52263	0.8255021085829183	0.7441164003281621	0.7529930793294494	0.7742038627468433	0.8205616190594164	0.7420772251641352	0.7506235189495972	0.7710874543910496	-0.004940488621401517	-0.002039175981195169	-0.002369560499181097	-0.0031164083672592605	0.8660530413772023	0.7818268909453169	0.7949926926667251	0.8142908749964148	0.08604235536152746	0.07746015629599982	0.08636878639800989	0.08329043268517905	0.2054793636621657
-468	TRUE	TRUE	TRUE	FALSE	52257	0.82730156409735	0.7457461495661086	0.7548658722860165	0.7759711953164918	0.8232754218372014	0.743717539796482	0.7526102700663606	0.7732010772333481	-0.004026142720034082	-0.0020286096109397	-0.0022556026354530138	-0.002770118322142265	0.8687582182470046	0.7835999394792844	0.7969244518867359	0.816427536537675	0.08693945052780097	0.07773618997350513	0.08637276125236285	0.08368280058455632	0.19958085951946192
-467	TRUE	TRUE	TRUE	FALSE	52251	0.8284695437011692	0.746728910778571	0.7559725609024188	0.7770570051273864	0.8245688799559238	0.7454810394163836	0.7550619046759618	0.7750372746827565	-0.003900663335037811	-0.0012478713446105682	-9.106565794832271e-4	-0.0020197304197105354	0.8702527264916754	0.7852119833231143	0.7990108399507282	0.8181585165885059	0.08746702977317271	0.07821401614333373	0.0869872151616155	0.08422275369270732	0.17611425550868526
-466	TRUE	TRUE	TRUE	FALSE	52251	0.830346273914046	0.7486237229686887	0.7580721339983473	0.7790140436270273	0.8251131393038634	0.7453975265949645	0.7558046770599703	0.7754384476529328	-0.005233135272498797	-0.0032261966681402634	-0.0022674567086495455	-0.003575596216429535	0.8710603358716936	0.7860163506931973	0.8003515600853248	0.8191427488834053	0.0866612591803293	0.07801145224678405	0.08682630902521117	0.08383300681744152	0.20765097266114535
-465	TRUE	TRUE	TRUE	FALSE	52251	0.8324130822147023	0.7505154392174734	0.7602484745352778	0.7810589986558178	0.8269810576336547	0.7476454416252989	0.7574113565072261	0.7773459519220599	-0.005432024335915963	-0.00286999759676858	-0.002837118430738659	-0.003713046787807734	0.8733028920588813	0.7880681511780193	0.8025073687221678	0.8212928039863561	0.08721164469584151	0.0779754212681711	0.08735490659541692	0.08418065751980984	0.20296698632753038
-464	TRUE	TRUE	TRUE	FALSE	52260	0.834282040526489	0.7515561754813874	0.7613280369190749	0.7823887509756504	0.8284493304070126	0.7488932158708405	0.7581073468898429	0.7784832977225653	-0.005832710633249281	-0.0026629598826962307	-0.0032206905700598123	-0.0039054536953351078	0.8747814604893669	0.7891313756447762	0.8031877392557446	0.8223668584632958	0.08683155022860482	0.07781335924960327	0.08694009445870401	0.08386166797897071	0.17889603948138813
-463	TRUE	TRUE	TRUE	FALSE	52254	0.837073666447089	0.753423873027095	0.7632511539991751	0.784582897824453	0.8297223201177233	0.7494296149023069	0.7586839600066182	0.7792786316755494	-0.007351345559374218	-0.003994257948763273	-0.004567194206889708	-0.005304265905009066	0.8766490517650951	0.7904183937249936	0.8047495573161102	0.8239390009353996	0.08650211726965913	0.07798329939417215	0.08756400012858354	0.08401647226413828	0.19428757625957854
-462	TRUE	TRUE	TRUE	FALSE	52260	0.8378968236817154	0.7545936105818389	0.7647008504760755	0.7857304282465433	0.8307388909472866	0.7504839627854248	0.7597674026705885	0.7803300854677666	-0.007157933018075997	-0.004109648006108655	-0.004933448302878866	-0.0054003431090211725	0.8784948134997964	0.7921576688911242	0.8063839524396699	0.8256788116101967	0.0883539122528213	0.07923776437907076	0.08829965268646486	0.08529710977278564	0.21328008003147553
-461	TRUE	TRUE	TRUE	FALSE	52266	0.8394107176533401	0.7560111589902254	0.7662611759919161	0.7872276842118272	0.8340090974316655	0.7534240490029126	0.763267628775605	0.7835669250700611	-0.005401620046239683	-0.0025871093793630394	-0.002993547477393915	-0.003660758967665546	0.8802311280303592	0.7936160095356858	0.8083280810154628	0.8273917395271693	0.08704244055831285	0.07779681122645977	0.08712735852129615	0.08398887010202291	0.20783980002844293
-460	TRUE	TRUE	TRUE	FALSE	52272	0.8412170183340574	0.7574367351706032	0.7680167824407301	0.7888901786484636	0.8358299412137706	0.7546276055229463	0.7653404946613227	0.7852660137993466	-0.0053870774527642355	-0.0028091291480916935	-0.0026762890284612157	-0.0036241652097723817	0.8820687403390367	0.7947139121932204	0.8101555911551799	0.8289794145624789	0.08709052074373543	0.0773634841293365	0.08695390583160954	0.08380263690156049	0.20242923520492012
-459	TRUE	TRUE	TRUE	FALSE	52263	0.8428554693471716	0.7587436932792591	0.7696595417462314	0.7904195681242207	0.8362438965656412	0.7551129071716989	0.765954701757642	0.7857705018316606	-0.006611574013475134	-0.003630786504005833	-0.0037048398152361404	-0.004649066777572369	0.8831975173783508	0.7959887895203376	0.8112962694701309	0.8301608587896063	0.0872956683894895	0.07812097820225769	0.08697829532992939	0.08413164730722553	0.19311732950308388
-458	TRUE	TRUE	TRUE	FALSE	52269	0.8444458243173488	0.7602481133326182	0.7714101195915509	0.7920346857471727	0.839567196320672	0.7569510827249313	0.7683249719041694	0.7882810836499242	-0.004878627686707344	-0.0032970307999367066	-0.003085148235533463	-0.0037536022407258377	0.8858668255981456	0.7981289097393081	0.8138546653553085	0.8326168002309207	0.08772063107302915	0.07905862339690486	0.08797423928707601	0.08491783125233668	0.20475727405386202
-457	TRUE	TRUE	TRUE	FALSE	52251	0.8458009484924288	0.7611783609609762	0.7725595100084004	0.7931796064872685	0.8412705523539454	0.7584467828885001	0.7704103689332382	0.7900425680585611	-0.004530395230963262	-0.002731577787711461	-0.0021491406439537643	-0.003137037887542829	0.887495182410696	0.7993052786213729	0.8154081990004548	0.8340695533441747	0.08791886465041851	0.07898541331568706	0.08784651900792752	0.0849169323246777	0.19179715192144858
-456	TRUE	TRUE	TRUE	FALSE	52245	0.8473810552428297	0.762875038066317	0.7743874461543643	0.7948811798211702	0.8421575023414292	0.7592201930805301	0.7704924662196317	0.7906233872138636	-0.005223552246289286	-0.0036548453522826057	-0.003894979985928171	-0.004257792528166687	0.8885111035436437	0.7999480079996965	0.8157054334120867	0.8347215149851422	0.08748364933988667	0.07780078513859658	0.08653095398068536	0.08393846281972286	0.19460901463093588
-455	TRUE	TRUE	TRUE	FALSE	52251	0.84947379529651	0.7648886833627628	0.7767424664942967	0.7970349817178566	0.8453107117157558	0.7625097664791916	0.7740264039764666	0.7939489607238046	-0.0041630846695631454	-0.002378917241040525	-0.002716062384440833	-0.003086021431681501	0.8915956828472861	0.8031598177882207	0.8192570593476205	0.8380041866610425	0.08840685901525923	0.0789211856657024	0.08774524789672482	0.0850244308592288	0.21040322630927782
-454	TRUE	TRUE	TRUE	FALSE	52242	0.8515629919507259	0.7661072000434639	0.7781154876334986	0.7985952265425629	0.8474439230130933	0.7635427245718839	0.7755286753963639	0.7955051076604471	-0.004119069826178871	-0.0025644766641204557	-0.0025868111459175264	-0.0030901192120722848	0.8931017312240394	0.8039358123788318	0.8204730422132586	0.8391701952720433	0.08719654760429313	0.07822169993258021	0.0873019218709279	0.08424005646926709	0.20646629135259933
-453	TRUE	TRUE	TRUE	FALSE	52236	0.8542836578507158	0.7679786077326575	0.7801792147691261	0.8008138267841665	0.8505404395225077	0.7664645289311443	0.7781044289609613	0.7983697991382044	-0.0037432188731714856	-0.001514079284287865	-0.0020747858261751496	-0.0024440279945448333	0.8960821318673277	0.8062768244833504	0.822393287154801	0.841584081168493	0.08734016551406248	0.07811051064211472	0.0865029306577312	0.08398453560463613	0.20249069579768111
-452	TRUE	TRUE	TRUE	FALSE	52236	0.8554883685072838	0.7694931198923013	0.7819553685622357	0.8023122856539403	0.8522604114805726	0.7671005652251862	0.7795922930371018	0.7996510899142869	-0.0032279582503879087	-0.0023925555922706264	-0.0023630753930950626	-0.0026611964119178664	0.8967786256289727	0.8069375818143492	0.8237017686146529	0.8424726586859916	0.08580847181641853	0.07728147861642282	0.08585587597957038	0.08298194213747058	0.20203365459004005
-451	TRUE	TRUE	TRUE	FALSE	52227	0.8570367704708048	0.7710110468979795	0.7837319735250642	0.8039265969646161	0.8519364285531352	0.7686810414712244	0.7806220705984742	0.8004131802076113	-0.005100341325709671	-0.0023300046332668323	-0.0031099030750633937	-0.0035134163446799657	0.8976785946145635	0.8086137019189873	0.8254711738110669	0.8439211567815392	0.08638398977836588	0.07753531514907423	0.08658830266139625	0.08350253586294545	0.20340111449037887
-450	TRUE	TRUE	TRUE	FALSE	52224	0.8590041167256507	0.7725862896224749	0.7856440188186756	0.8057448083889337	0.8557888714068315	0.771076610397784	0.7844600730638603	0.8037751849561586	-0.0032152457132476188	-0.0015096801186205327	-0.0011839459316296032	-0.001969623921165918	0.9005505394669139	0.8104696502308381	0.8280557254183333	0.8463586383720284	0.0863080905667156	0.07727640055880489	0.08600735904382274	0.08319728338978108	0.20393801690568794
-449	TRUE	TRUE	TRUE	FALSE	52239	0.860923319763748	0.7742478024049617	0.7877462286335618	0.8076391169340905	0.8572658442286673	0.771595772283496	0.7853084292216503	0.8047233485779377	-0.0036574762340618465	-0.0026520298970159326	-0.0024377998517714178	-0.002915768660949732	0.9022384553550784	0.8114302624171948	0.8293902024724938	0.8476863067482557	0.08628774788346887	0.07701695102110596	0.0857257475149904	0.08301014880652174	0.19402802472970415
-448	TRUE	TRUE	TRUE	FALSE	52236	0.8625964636996838	0.7759561146517046	0.7896574819979094	0.8094033534497659	0.8573808860940056	0.7729730718575845	0.7865834922995849	0.8056458167503916	-0.005215577182935969	-0.0029830434373073708	-0.0030739892930728716	-0.0037575366377720705	0.9037579917224884	0.813786132559966	0.831936295503764	0.8498268065954061	0.08753863329667375	0.07864307863028203	0.08763161700815328	0.08460444297836968	0.223530726055712
-447	TRUE	TRUE	TRUE	FALSE	52224	0.8644434055344828	0.7771926454773811	0.7911806852324994	0.8109389120814544	0.8582932016970556	0.7738104956607101	0.7870815899913509	0.8063950957830389	-0.006150204720956773	-0.0033821501833978763	-0.004099095365750067	-0.004543816756701572	0.9052017762746478	0.8149616257936376	0.8329990086995661	0.8510541369226172	0.08766694579843819	0.07892011009691621	0.08773574309550385	0.08477426633028609	0.20842095592753568
-446	TRUE	TRUE	TRUE	FALSE	52224	0.8661653518877691	0.7789975112698795	0.7930935079437399	0.8127521237004629	0.8614729468085806	0.7769688580449833	0.7912824793511215	0.809908094734895	-0.004692404648178408	-0.0020286531763719956	-0.0018110295283653723	-0.0028440291176385925	0.9078750168800517	0.8177632558776443	0.8360792868846199	0.8539058532141053	0.08811173630367795	0.07956014171662783	0.08778258614935229	0.08515148805655269	0.21035454933789477
-445	TRUE	TRUE	TRUE	FALSE	52212	0.8681703396058152	0.7807302255916345	0.7952951025088388	0.8147318892354295	0.8641063351599297	0.77849932777545106	0.7930884355298586	0.8118980328217464	-0.004064005408416203	-0.0022308985510099467	-0.002206667335984204	-0.002833857098470118	0.9103800549334352	0.8189547574465262	0.837726483129342	0.8556870985031012	0.08848343431284697	0.07867996126610645	0.08706942836636787	0.08474427464844043	0.20279211702677546
-444	TRUE	TRUE	TRUE	FALSE	52212	0.8703220427153827	0.7821667320548805	0.7969276668516312	0.816472147207298	0.8656897681339326	0.7796769901801683	0.7935546548758461	0.812973804396649	-0.004632274412212476	-0.002489741392261824	-0.003373011806528641	-0.0034983425370009803	0.9119054421179723	0.8199898799779212	0.8387517008918303	0.856882340995908	0.08779907339636502	0.07813603795949622	0.0870210805152806	0.08431873062371394	0.2056951276548475
-443	TRUE	TRUE	TRUE	FALSE	52203	0.872702770416697	0.7836388829820183	0.7985067538195988	0.8182828024061047	0.8666814023675122	0.7794221042995324	0.7937410436128379	0.8132815167599609	-0.006021367184589625	-0.004216778346944501	-0.00476571059386691	-0.005001285375133679	0.9134907348620995	0.8207564551195805	0.8398436082924912	0.8580302660913903	0.08759729618448242	0.07845192249285265	0.087439419055005907	0.084496212577447	0.2063800354450622
-442	TRUE	TRUE	TRUE	FALSE	52203	0.874178428106874	0.7851842351615771	0.800446138235044	0.8199362671678317	0.8692074144508795	0.7817718221978841	0.7968215249626195	0.8159335872037944	-0.004971013842296857	-0.0034124141577395514	-0.0036246136407126024	-0.004002680546916337	0.9152809397417264	0.8223457401193972	0.8420985683668284	0.859908416075984	0.08717603616471038	0.07773542402448284	0.08692947232535829	0.0839469775048505	0.20268105272533563
-441	TRUE	TRUE	TRUE	FALSE	52200	0.8759648997678419	0.786917473365157	0.8023938525758126	0.8217587419029373	0.8711201970833974	0.7835952260619111	0.7987542696591718	0.8178232309348268	-0.004844702017475646	-0.0033222471977890316	-0.003639582593023953	-0.003935510602762877	0.9177403658102095	0.824622226258265	0.8446109466868522	0.8623245129184421	0.08839563501437647	0.0787317531430634	0.08807377027452686	0.08506705281065557	0.20520586180297293
-440	TRUE	TRUE	TRUE	FALSE	52203	0.8776149531034375	0.788372449559391	0.8043773391911758	0.8234549139513349	0.872214633903592	0.784452486933225	0.7998200118150105	0.8188290442172758	-0.005400319230973188	-0.003919962202499358	-0.004557327228386502	-0.004625869553953017	0.9191393682119348	0.8259922005435051	0.8459341479906825	0.8636885722487075	0.08844914864583267	0.07915946426259193	0.08767094463483868	0.08509318584775442	0.19239095434595363
-439	TRUE	TRUE	TRUE	FALSE	52200	0.879866645017893	0.790095212875406	0.8064915767754113	0.8254844782229035	0.8743016747842223	0.7864312071009291	0.8025905286028522	0.8211078034960012	-0.005564970353092137	-0.0036640061619674386	-0.0039010483194325484	-0.004376674944830708	0.92126613438108	0.8280054018567147	0.8486959360139791	0.8659891574172579	0.08836394885940865	0.07948438285630893	0.08830976602292143	0.08538603257954634	0.21307839072660018
-438	TRUE	TRUE	TRUE	FALSE	52197	0.8813974151769175	0.7917347270374678	0.8082906134663563	0.8271409185602471	0.8764978655201409	0.7881444631892991	0.8052545473898812	0.8232989586997738	-0.004899549601130318	-0.0035902635126188135	-0.003036065034974874	-0.0038419593829080016	0.9228780518566775	0.8291664585365408	0.850308336342935	0.8674509489120511	0.08786082441158886	0.07845372692394607	0.08707151198104068	0.08446202110552521	0.2125003732826804
-437	TRUE	TRUE	TRUE	FALSE	52185	0.8832945773449077	0.793232362053251	0.8100628778693194	0.8288632724224927	0.8778219362420725	0.7884248940508358	0.8051046714260979	0.8237838339063355	-0.005472640822487073	-0.004807469240722804	-0.004958207273787332	-0.005079439112332403	0.924719443251104	0.8302927821671576	0.8515275467301775	0.8688465907161463	0.0883223730324665	0.07892830899471888	0.08788754390938117	0.08504607531218884	0.20395268740702782
-436	TRUE	TRUE	TRUE	FALSE	52173	0.8852258251738957	0.7950695939139323	0.8119907124709166	0.8307620438529149	0.8806517533993613	0.7910299869669322	0.8080201311209293	0.826567290495741	-0.004574071746717707	-0.004039607678884035	-0.003970582012088994	-0.004194753812563578	0.9273965354879176	0.8328105386105635	0.8542479536687577	0.8714850092557463	0.08891549254922186	0.07952149603240428	0.08848506387643443	0.08564068415268687	0.1943327011795038
-435	TRUE	TRUE	TRUE	FALSE	52170	0.8871400257376921	0.7969088811386055	0.8143037641995284	0.832784223691942	0.8830610714177812	0.7939557878271579	0.810632982321084	0.8292166138553411	-0.004078954500901306	-0.0029530928800706614	-0.003670782512178139	-0.003567609964383369	0.929468327444071	0.8353264135897804	0.8567984493795051	0.8738643968044522	0.08873555758366186	0.07978815840044826	0.08866015157375738	0.0857279558526225	0.2258033922474787
-434	TRUE	TRUE	TRUE	FALSE	52155	0.8892729389776431	0.798311231425568	0.8157856138732607	0.8344565947588239	0.8848897322540524	0.7954814273430648	0.8120921885773745	0.830821116058164	-0.0043832062367615285	-0.002829804337953383	-0.0036934253080910676	-0.003635478627601993	0.9313360462029731	0.8368373226914164	0.8584383010218691	0.8755372233054196	0.08850942036445465	0.07988198577324117	0.08899880001593409	0.0857967353845433	0.20924480859184735
-433	TRUE	TRUE	TRUE	FALSE	52146	0.8925281897836701	0.8005535715893044	0.8180758623656588	0.8370525412462111	0.8884859466906087	0.7983118563664194	0.8165065184164808	0.8344347738245029	-0.0040422438357011255	-0.002241715538977195	-0.001569343472586933	-0.0026177676157550845	0.9350016324199882	0.8395181077354728	0.8619828792512324	0.8788342064688978	0.08898912807281127	0.08017078815907999	0.08938337816964821	0.0861810981338465	0.22085824407271412
-432	TRUE	TRUE	TRUE	FALSE	52158	0.8941788869171539	0.8022693369877232	0.8202807988778793	0.8389096742609188	0.888255926517594	0.7986785865020747	0.8162400031489487	0.8343915053895391	-0.0059229605729988755	-0.003590751804288527	-0.004040795626034185	-0.004518169334440529	0.9362147238074809	0.840667733153828	0.8626485515728117	0.8798436695113736	0.08999463467651093	0.08038754274072155	0.08877630075746236	0.08638615939156494	0.2133923271654345
-431	TRUE	TRUE	TRUE	FALSE	52155	0.8956827478363104	0.8040333237154801	0.8222672077588972	0.8406610931035625	0.8893482459186913	0.7999950329867398	0.8177458515683781	0.8356963768246031	-0.006334501747045501	-0.004038290589383704	-0.0045213550313013004	-0.004964715789243502	0.9369076903058575	0.8420609089287262	0.8643656516866649	0.8811114169737495	0.08878438702301848	0.08009346076651837	0.08871824372572477	0.08586536383842054	0.22145205652820701
-430	TRUE	TRUE	TRUE	FALSE	52158	0.8975756759574348	0.805465317324495	0.8242192590690142	0.8424200841169813	0.891965654686377	0.8017585833805365	0.8198840392463834	0.8378694257710989	-0.005610021945448617	-0.0037067333490918095	-0.00433521973124148	-0.004550658341927302	0.9389232722926241	0.8436136002337554	0.8662628246222148	0.8829332323828648	0.08830521353955455	0.08000330033259347	0.08842235170140775	0.08557695519118526	0.21561957934933615
-429	TRUE	TRUE	TRUE	FALSE	52152	0.8994986297052706	0.8069162567590934	0.8260374877645753	0.8441507914096464	0.8948722029209429	0.8040851227341494	0.8226422058286753	0.8405331771612559	-0.004626426651048657	-0.00283113474258596	-0.0033952819732980437	-0.00361761445564422	0.9414928411531429	0.845427093713221	0.8687429320128625	0.8852209556264088	0.08861484770236226	0.07985280753018763	0.08880617094098595	0.08575794205784527	0.22315721351464116
-428	TRUE	TRUE	TRUE	FALSE	52149	0.9011818163454306	0.8088595595324565	0.8282939640540204	0.8461117799773026	0.8984478396313753	0.8062180141678833	0.8253707010118619	0.8433455182703735	-0.0027339760383349376	-0.0026415447765210107	-0.00292326194979646	-0.002766260921550803	0.9440219628450075	0.8473001059845439	0.870838925734523	0.8873869981880247	0.08841426949547748	0.07952263769686756	0.08801318530050502	0.08531669749761668	0.2280188695057773
-427	TRUE	TRUE	TRUE	FALSE	52146	0.9032045732297233	0.8101144247294811	0.8298334928234558	0.8477174969275534	0.8993508790618898	0.8069725634733806	0.8266157020205024	0.8443130481852577	-0.0038536928009220463	-0.0031418611868783974	-0.00321779132793816	-0.0034044484385795343	0.9453099190477574	0.8483067044033257	0.8723068317123338	0.888641151721139	0.08806438545528117	0.07952642140139046	0.08816446833501831	0.08525175839722998	0.20663209093351984
-426	TRUE	TRUE	TRUE	FALSE	52143	0.9056088339294657	0.8123367257318796	0.8320872336151712	0.8500109310921722	0.9014452530557475	0.8092170652740305	0.8293072506979312	0.8466565230092364	-0.0041635810929661335	-0.0031196605799422533	-0.0027799833762190344	-0.0033544083497091402	0.9474531151577096	0.850615188693857	0.8749105644994516	0.8909929561170061	0.08785214320877444	0.0796765867139899	0.08842664453027803	0.08531845815101412	0.19478626065342386
-425	TRUE	TRUE	TRUE	FALSE	52143	0.9074967016852009	0.8142696059363475	0.8345463137955169	0.8521042071390217	0.9055742889733889	0.8133092915556404	0.8335549173160661	0.8508128326150317	-0.00192241296336203	-9.60314094206854e-4	-9.913966899923058e-4	-0.0012913745825203964	0.9509527503320612	0.8539185091222037	0.8786848320399951	0.8945186971647533	0.08883450999052962	0.08025812050767499	0.08926843296664126	0.08612035448828197	0.20633352522513873
-424	TRUE	TRUE	TRUE	FALSE	52146	0.9103410055549777	0.8161269982574143	0.8365075524301568	0.854325185414183	0.9066289045167065	0.8138297668972616	0.8334089686567686	0.8512892133569121	-0.003712100877487825	-0.0022972312675515745	-0.003098582955308967	-0.003035971700116122	0.9528627818524347	0.8547896060242879	0.8795015276759303	0.8957179718508843	0.08875565293472401	0.07962244642449433	0.0890865342291607	0.08582154452945967	0.23468789555089364
-423	TRUE	TRUE	TRUE	FALSE	52137	0.9131365115831436	0.8181150752681208	0.8386693848837632	0.8566403239116759	0.9078643001139195	0.8149104834932529	0.8341050740367154	0.8522932858812959	-0.005272210222392683	-0.0032045919230436174	-0.004564309669774565	-0.004347037271736955	0.9549894499573076	0.856518454280071	0.8813972179421089	0.8976350407264958	0.08897808834252582	0.08001135014586672	0.09001997686867828	0.08633647178569027	0.20178272625957072
-422	TRUE	TRUE	TRUE	FALSE	52122	0.9145397176055577	0.8195701525817048	0.840626749208762	0.8582455397986749	0.9081095155103321	0.8150803632580964	0.8347561551643867	0.8526486779776051	-0.006430201464768357	-0.004489789251113167	-0.005870593625816686	-0.005596861447232736	0.9560029860985663	0.8575050199938554	0.8826821473134877	0.8987300511353031	0.08935673958757206	0.08035952426130537	0.08998139107972379	0.08656588497620041	0.20479400237563408
-421	TRUE	TRUE	TRUE	FALSE	52122	0.9166130492810083	0.821737065877354	0.8430711807159075	0.8604737652914233	0.910822513772614	0.8178309150819271	0.8383415046230577	0.8556649778258663	-0.00579053629091298	-0.003906150522419999	-0.004729675926156627	-0.004808787579829869	0.9583672800436271	0.8597826256745161	0.885634107487127	0.90126133773509	0.08929899733455539	0.0799972703862816	0.08985552934848494	0.08638393235644065	0.21312230871499843
-420	TRUE	TRUE	TRUE	FALSE	52119	0.9184991855659963	0.8231789994114779	0.8448464020836395	0.8621748623537046	0.9118020902354577	0.8191570188834507	0.8395638756856748	0.8568409949348611	-0.00669709599888924	-0.00402197953654858	-0.005282527761475274	-0.005333867765637698	0.9601805499831012	0.8614002295976982	0.8875095092218707	0.9030300962675567	0.09005982524861904	0.08046444169872334	0.09060874122029382	0.08704433605587875	0.22237241728182422
-419	TRUE	TRUE	TRUE	FALSE	52113	0.9206606176055517	0.8249935180381633	0.8470539180507861	0.864236017898167	0.9145532001470951	0.8213021730183487	0.8423082371802411	0.8593878701152283	-0.006107417244299975	-0.003691344837197889	-0.004745680515933543	-0.004848147532477135	0.9628994186270554	0.8635713274805705	0.8899653934557717	0.9054787131877993	0.0905850202045095	0.08084696369357183	0.09056863255004483	0.08733353881604204	0.21848914862180846
-418	TRUE	TRUE	TRUE	FALSE	52098	0.9229717841089495	0.8271600978207737	0.849483312652915	0.8665383981942126	0.9176851499077515	0.8236607490830687	0.8458299618333747	0.8623919536080649	-0.005286633440788399	-0.0034993482236625084	-0.003653350305992445	-0.004146443990147785	0.9655680181546383	0.8656967382505409	0.8930063597827428	0.9080903720626408	0.09047910133225012	0.0805726295425443	0.09069944528449723	0.08725039205309722	0.2210776802651293
-417	TRUE	TRUE	TRUE	FALSE	52098	0.9250393567009262	0.8286452995703699	0.8514262946305147	0.8683703169672702	0.9202357955075351	0.824896432306353	0.8465505854346683	0.8638942710828521	-0.004803560996796662	-0.0037488677091942896	-0.004875708313815747	-0.0044760456732688995	0.9679574009007803	0.8672635328202287	0.8942642962838349	0.9098284100016146	0.09063965040610802	0.08098533310629322	0.09055171295068373	0.08739223215436165	0.20613785588746714
-416	TRUE	TRUE	TRUE	FALSE	52089	0.9279471560755452	0.8311988720912575	0.8540258940876818	0.8710573074181615	0.9224213122995267	0.8274368346843216	0.8498362488640765	0.8665647986159749	-0.005525843586161499	-0.003762036658743604	-0.004189644351608249	-0.004492508198837783	0.9701903406622894	0.8693642712691707	0.896916502346928	0.9121570380927961	0.090012213664396	0.08009283573157691	0.0899708616592952	0.08669197035175603	0.2111666763719918
-415	TRUE	TRUE	TRUE	FALSE	52086	0.9292598162503966	0.8326001666441478	0.855977916592038	0.8726126331621942	0.9232869081314778	0.8277390480137572	0.8510008254820373	0.867342260542424	-0.005972907727596582	-0.0048611183532669645	-0.004977090643764737	-0.005270372241542761	0.971239820412016	0.8703614027901871	0.8983715461399914	0.9133242564473982	0.08993291467331674	0.08038359140850704	0.08976434936887492	0.08669361848356623	0.21006018846644203
-414	TRUE	TRUE	TRUE	FALSE	52083	0.9317123055949744	0.8343030337127785	0.8578489664428058	0.8746214352501863	0.9255999540806503	0.8306834587778017	0.8543367878710487	0.8702067335765002	-0.00611235136648597	-0.0036195752466237465	-0.0035121788091395404	-0.004414701807416419	0.9739074240751077	0.8726896831970741	0.9010059294708332	0.9158676789143383	0.09050258775627884	0.08039287435417615	0.08982610504921477	0.08690718905322325	0.2126787051191204
-413	TRUE	TRUE	TRUE	FALSE	52086	0.9350470236408314	0.8367903813395068	0.8605819132795759	0.8774731060866381	0.9300637809746221	0.8330740528619986	0.8567198373664268	0.8732858904010159	-0.004983242828151241	-0.0037163273330003523	-0.003862076141686576	-0.0041872154342793904	0.9779271963932914	0.8752658388743962	0.9036864447037146	0.9189598266571342	0.09074358775191493	0.08066724367144103	0.0900711379374638	0.08716065645360657	0.2149282342865825
-412	TRUE	TRUE	TRUE	FALSE	52089	0.9371821366011001	0.8388616164551668	0.8631958843132796	0.8797465457898489	0.9314227059932568	0.8350719776022173	0.8591283555333059	0.8752076797095933	-0.005759429704512872	-0.003789640191809029	-0.004067529641160084	-0.004538866512493995	0.9795460772064092	0.877038099106063	0.9058747139922774	0.9208196301015832	0.0904873117661872	0.08014260487555543	0.08942518815194961	0.08668503493123075	0.211360191533647
-411	TRUE	TRUE	TRUE	FALSE	52074	0.9391770654523725	0.8407254242599107	0.8653066016500035	0.8817363637874288	0.9321033263709726	0.8361540267862948	0.8610465783734189	0.8764346438435621	-0.007073738920792743	-0.00457139862830816	-0.004260022540368451	-0.005301720029823118	0.9811395798280733	0.8792597524960323	0.9084782872634334	0.9229592065291796	0.09099876799608567	0.08164005454348368	0.09060339528904383	0.08774740594287106	0.21512023297125688
-410	TRUE	TRUE	TRUE	FALSE	52071	0.9413531961361914	0.8423748267489922	0.86730719758725106	0.8836784068241449	0.9360345565319468	0.8390703905557139	0.8634355061037755	0.8795134843971454	-0.005318639885163443	-0.0033044353255226055	-0.003871692278808583	-0.00416492249649821	0.9843496055905857	0.8812259629488878	0.910599241265214	0.9253916032682291	0.09131145767775188	0.08100670886851316	0.090455778053912	0.0875913148667257	0.2179375470053814
-409	TRUE	TRUE	TRUE	FALSE	52062	0.9436785353026098	0.8444095868002722	0.869844651374353	0.8859775911590783	0.9402615848978033	0.8429898632627549	0.8681017002019349	0.8837843827874977	-0.003416952474796548	-0.0014197229552358704	-0.0017429516768135071	-0.0021932090356153087	0.9873261619803084	0.8841545933726606	0.9142299262801384	0.9285702272110359	0.09071220363900002	0.08090973584976761	0.09051350275940792	0.08737848074939185	0.20865085890643936
-408	TRUE	TRUE	TRUE	FALSE	52071	0.9463919307553516	0.8469899480055582	0.872691763011357	0.8886912139240889	0.9413951876022139	0.8441769573976755	0.868907196234227	0.8848264470780388	-0.004996743765162901	-0.0028129895295623277	-0.0037845674257249162	-0.003864766906816715	0.9889416545179004	0.886017446322849	0.915874433138332	0.9302778446596938	0.09009619169304242	0.08086798737418559	0.09014990686825987	0.08703802864516262	0.22584115954231698
-407	TRUE	TRUE	TRUE	FALSE	52071	0.9482463523016879	0.8483365636404038	0.8744357963081721	0.890339570750088	0.9450213220071167	0.8458966839993399	0.8714592670469079	0.8874590910177882	-0.003225030949142271	-0.002439878336534534	-0.002976528952821901	-0.002880479412832902	0.9926072329772766	0.8878022398400106	0.9184707584559726	0.9329600770910866	0.09194679212328502	0.08137123203291605	0.09104645398576222	0.08812149271398775	0.22190027062385784
-406	TRUE	TRUE	TRUE	FALSE	52056	0.9513120521637414	0.8509496582825126	0.8771553708971602	0.8931390271144715	0.946418567123277	0.8474461280096316	0.8723103826090023	0.8887250259139703	-0.004893484198023992	-0.0035035298953339884	-0.004844988688699422	-0.004414000927352467	0.9943311326404874	0.8896104561370658	0.9200877864564418	0.9346764584113317	0.09093164642436226	0.0808251263254514	0.09070982078356106	0.0874888645111249	0.2067429691521664
-405	TRUE	TRUE	TRUE	FALSE	52056	0.9529227673089523	0.85251817636064	0.8792837344903707	0.894908226053321	0.9475052920793368	0.8492688101709068	0.8745156306771795	0.8904299109758077	-0.005417474995630085	-0.0032493660217020634	-0.004768103849751184	-0.0044783149556944435	0.9952689261245318	0.8913827564735893	0.9220638645899194	0.9362385157293469	0.09010979227667502	0.08097852644162527	0.09032836336195153	0.08713889402675062	0.1983365024100352
-404	TRUE	TRUE	TRUE	FALSE	52047	0.9558539532780798	0.8546081333837409	0.8814410206213774	0.897301035761066	0.9480701498966603	0.8494823660084717	0.875810578217229	0.8911210313741204	-0.007783803419656959	-0.005125767069497902	-0.00563044288873454	-0.0061800044592964665	0.9973084520684071	0.8926628597194606	0.923935428204504	0.9379689133307907	0.09069280215631931	0.08123521920158153	0.09061925734307992	0.08751575956699359	0.22799342895022007
-403	TRUE	TRUE	TRUE	FALSE	52035	0.9592391598214944	0.8569028897688487	0.883801003448964	0.899981017679769	0.9537720974252173	0.8530821397801037	0.8790023646170345	0.8952855339407851	-0.0054670634205035125	-0.0038207496076183923	-0.004798639319931421	-0.004695484116017776	1.0016885423829305	0.8956443269730501	0.9265009425258577	0.9412779372939462	0.09036582739768599	0.08130362474649248	0.09019851713594441	0.08728932309337428	0.22348815241455253
-402	TRUE	TRUE	TRUE	FALSE	52029	0.9613699585608619	0.8588434126505028	0.8863167731363514	0.902176714782572	0.9543639544677229	0.8543740254729737	0.8809346351209442	0.8965575383538803	-0.007006003785240722	-0.004469387828646185	-0.005382137668153261	-0.005619176427346722	1.0030914679792564	0.8970153624521168	0.928593194144371	0.9429000081919148	0.09044902224702621	0.08081328716052988	0.08993497966297223	0.08706576302350943	0.20488496801805267
-401	TRUE	TRUE	TRUE	FALSE	52023	0.9634861834565953	0.860775445647887	0.8885233786761271	0.9042616692602031	0.9584106433211853	0.8574756474720931	0.8842352677785787	0.9000405195239524	-0.005075539856733744	-0.00329979795381974	-0.0042881113972375534	-0.004221149735930346	1.0067295530523581	0.9000243296579692	0.9320589109626441	0.9462709312243238	0.0915622791476382	0.08179756600676472	0.09135917574287715	0.08823967363242669	0.2367922842421457
-400	TRUE	TRUE	TRUE	FALSE	52014	0.9657291741952122	0.862617193542459	0.8907387366799965	0.9063617014725559	0.9587005391527356	0.858268711566554	0.8856900661055435	0.9008864389416111	-0.007028633920746776	-0.004348482050631582	-0.005048670887803453	-0.005475262286393937	1.008140697265606	0.9014053640368264	0.9341111869895238	0.9478857494306521	0.09185168079761734	0.08192482353924749	0.09179357124308217	0.088523358526649	0.22219748522871233
-399	TRUE	TRUE	TRUE	FALSE	52014	0.9683798359505251	0.8648656615182733	0.8934409593041761	0.9088954855909916	0.9622743163585532	0.8618744915999441	0.8891477485666527	0.9044321855083833	-0.006105520704745655	-0.0029911685775146227	-0.004293210279311472	-0.00446329985385725	1.011382946355307	0.9043147181705664	0.9372055809626125	0.9509677484961621	0.09211174044428849	0.0818892841389211	0.09182245571123754	0.08860782676481571	0.20693719019404813
-398	TRUE	TRUE	TRUE	FALSE	52020	0.9710258582589603	0.8674016439210481	0.8963380183285702	0.911588506836193	0.9642236770884245	0.8618036945348281	0.8896235845807627	0.9052169854013384	-0.006802181989728179	-0.005597948575771131	-0.006714433995497547	-0.006371521520332286	1.013452857240296	0.9053296554079766	0.9388369749832711	0.9525398292105147	0.09165617982392883	0.08145397292055925	0.09171234635534488	0.08827416636661098	0.23571251477236374
-397	TRUE	TRUE	TRUE	FALSE	52008	0.9725821035517058	0.8684448358729047	0.8977008820707982	0.9129092738318029	0.9662851145164918	0.8649138005276774	0.8934285033704418	0.908209139471537	-0.006296989245825573	-0.0035310362032025303	-0.004272379927313278	-0.004700135125447127	1.0155611380707052	0.9076728763358731	0.9418402150626718	0.9550247431564167	0.09225505903585683	0.08198711542603486	0.09255104384549852	0.08893107276913008	0.22062926880082045
-396	TRUE	TRUE	TRUE	FALSE	52020	0.9762144622957686	0.8716173700692836	0.9009349459066852	0.9162555927572458	0.968754971499796	0.8662945487188799	0.8948973648034885	0.909982295007388	-0.007459491541019177	-0.005322821713490041	-0.00603758133687104	-0.0062732981971267525	1.0182795104638465	0.9096325644417873	0.9437709138878728	0.9572276629311689	0.09158958674345692	0.0813532106259119	0.09170951840325411	0.0882174385908743	0.22567664336304652
-395	TRUE	TRUE	TRUE	FALSE	52011	0.9780240264015083	0.87346203894241925	0.9034276594416178	0.9183045749285151	0.9717120333784955	0.8691169005140571	0.897973402074355	0.9129341119889692	-0.006311993271524242	-0.004345138368748632	-0.0054542570414561455	-0.005370462893909674	1.021346226045147	0.9122174992673576	0.9469132933593626	0.9601590062239558	0.09295639230999893	0.08185605900139895	0.09242552625715333	0.08907932585618374	0.1976857010952036
-394	TRUE	TRUE	TRUE	FALSE	52014	0.9810925314839977	0.8756457974769145	0.9058003815878166	0.9208462368495762	0.9745988243274768	0.8708284156895757	0.899369363130949	0.9149322010493338	-0.0064937054866140076	-0.004817381826823796	-0.006431017910654193	-0.0059140350746973314	1.024438622779076	0.9143486936663907	0.9489622883444919	0.962583201596653	0.09318588897639238	0.0822231740282656	0.09275483126081807	0.08938796475515869	0.21758172802280568
-393	TRUE	TRUE	TRUE	FALSE	52017	0.9848440420663466	0.8783334566659288	0.9087101884364626	0.9239625623895793	0.9779240211970063	0.874221128815991	0.9033277140900218	0.9184909547010064	-0.006920022351657262	-0.004112328380450001	-0.005382474238484291	-0.0054716083235305185	1.0281008030522012	0.9171830016516922	0.951921708651839	0.9657351711185774	0.09343354344771318	0.08181141796633658	0.09180551470661742	0.08901682537355572	0.2208602569888113
-392	TRUE	TRUE	TRUE	FALSE	52014	0.9872383380267682	0.8806728033241993	0.9116144256170275	0.9265085223226649	0.9785941541576918	0.8754551236339259	0.9050990749328746	0.9197161175748307	-0.0086441825536502	-0.005217678714757909	-0.006515350260857527	-0.006792403843088545	1.030075493240465	0.9192523998678411	0.9544388817356603	0.9679222582813222	0.0943184939428593	0.08237687263548636	0.09216426162273185	0.08961987606702583	0.23277638715078752
-391	TRUE	TRUE	TRUE	FALSE	52017	0.9895572942262821	0.8826661841125208	0.9138147444929434	0.9286794076105821	0.9835965961152262	0.8794662265780671	0.9090995566959228	0.9240541264630721	-0.005960698109142388	-0.0031999577341084704	-0.004715187360794713	-0.00462528106801519	1.0337667009761964	0.9225899027879269	0.9581278520363234	0.9714948186001489	0.09437951261413552	0.08304739442049755	0.09334140289257954	0.09025610330907086	0.2187159589921794
-390	TRUE	TRUE	TRUE	FALSE	52023	0.99178641467382	0.8846137666833022	0.9160644940991921	0.9308215584854381	0.9836878491002297	0.8790231546393724	0.9096512856285448	0.9241207631227156	-0.00809856555068004	-0.005590611206446343	-0.006413208605421611	-0.006700795120849331	1.0352157904686503	0.9234711195991712	0.9593550393964384	0.97268064982142	0.09495731741076667	0.08330531870423263	0.09299429841111408	0.09041897817537112	0.23720685090813756
-389	TRUE	TRUE	TRUE	FALSE	52026	0.9946087216260133	0.8869687986277309	0.9189853306173047	0.9335209502903496	0.98633231566702	0.8819265266321614	0.9124714379442678	0.9269100934144829	-0.00827640574157346	-0.005042273348599605	-0.006513891439911321	-0.006610856843361462	1.0372812195862915	0.9260299500248287	0.9622802600747805	0.9751971432286335	0.09362140158965063	0.08316457517428363	0.09310375128058362	0.08996324268150598	0.23546297952935327
-388	TRUE	TRUE	TRUE	FALSE	52020	0.9977286945864455	0.8896035438830721	0.9218584119875877	0.9363968834857017	0.9886638379607974	0.8844515361145099	0.9152183421147194	0.9294445720633423	-0.009064857059804983	-0.005152006534718475	-0.006640070172621118	-0.006952311255714859	1.0402702919487552	0.9284842830865051	0.9650222391614726	0.9779256047322443	0.09414805158486657	0.08291348643397148	0.09296772433275267	0.0900097541171969	0.23942053089052737
-387	TRUE	TRUE	TRUE	FALSE	52014	0.9997275556156057	0.891049859518976	0.9237792994878051	0.9381855715407955	0.9918935710192742	0.8858603396275807	0.9170361159086066	0.9315966755184871	-0.007833983931921149	-0.005189520435162658	-0.006743182701214485	-0.006588895689432764	1.0421530317813685	0.929260535158403	0.9661225969400581	0.9791787212932765	0.09268493712978726	0.08161087275469285	0.09142977807407937	0.0885751959861865	0.22716120660198746
-386	TRUE	TRUE	TRUE	FALSE	52017	1.003371479497271	0.8941935318139682	0.9269783099645932	0.9415144404252774	0.9970348346845707	0.8904384835853694	0.922548277826967	0.9366738653656357	-0.006336644247695874	-0.0037550495762011457	-0.004430031937664979	-0.004840575253853999	1.0464575868838868	0.9333980330719946	0.9706908368368461	0.9835154855975758	0.09250885995708413	0.08216405085197945	0.0918550859149378	0.08884266557466712	0.23591545027993113
-385	TRUE	TRUE	TRUE	FALSE	52014	1.0048986540263694	0.8958560656573571	0.9291303065713155	0.9432950087516806	0.9963486745562319	0.8915789895501445	0.9244087813680387	0.937445481824805	-0.00854997722738699	-0.004277076057742477	-0.0047215258627267345	-0.005849526382618734	1.0470221676277256	0.9347050528757437	0.9725817255019589	0.984769648668476	0.09279700730020056	0.08197505062529477	0.09162436322429696	0.08879880704993076	0.21985038633051876
-384	TRUE	TRUE	TRUE	FALSE	52020	1.0078329097636807	0.8979260484263889	0.9313913020732686	0.9457167534211126	1.001181140533934	0.8939951886547205	0.9267346517981037	0.9406369936622526	-0.006651769151498201	-0.003930859232673099	-0.004656649450004331	-0.005079759278058544	1.0510866864618074	0.9373103439478884	0.9752418837823746	0.9878796380640233	0.09315932258541475	0.0826994503747483	0.09235781458279617	0.0894055291809864	0.20525761250587235
-383	TRUE	TRUE	TRUE	FALSE	52011	1.0113844891772288	0.9003883757392306	0.9340526155628232	0.9486084934930942	1.0032447675482066	0.8956046245119366	0.9283927910451234	0.9424140610350888	-0.008139722256358391	-0.004783750481933953	-0.00565982540860943	-0.006194432715633925	1.0542818139230143	0.9394532132094876	0.9777100121702083	0.9904816797675701	0.09393437215410869	0.08291342677606726	0.09297461891852503	0.089940805949567	0.22091117274595123
-382	TRUE	TRUE	TRUE	FALSE	52002	1.0135301008566906	0.9025107085867178	0.9367259385131925	0.9509222493188669	1.0059199816634596	0.8975414434146883	0.9309681790392275	0.9448098680391253	-0.007610118246201223	-0.0049692646339828655	-0.005757759108022951	-0.006112380662735679	1.0569067161118342	0.9418076340720962	0.9806108994009496	0.9931084165282933	0.09436335026070254	0.08356311588576645	0.09352768088387928	0.09048471567678276	0.21134089058663028
-381	TRUE	TRUE	TRUE	FALSE	51990	1.015896616881668	0.9044661578282331	0.938883294385828	0.9530820230319098	1.0081313730090997	0.8997953813475804	0.9336225453941068	0.947183099916929	-0.007765245082108167	-0.004670776755661069	-0.005260748288770325	-0.005898923375513188	1.059036053974082	0.9435857817659203	0.9824795002444248	0.9950337786614757	0.09404411822882007	0.08291002398239504	0.09245316086442888	0.089802434358548	0.2372355457133935
-380	TRUE	TRUE	TRUE	FALSE	51987	1.018359629870779	0.9065491773796824	0.941236922661619	0.9553819099706935	1.0103142300316315	0.9015150623075382	0.935322472894518	0.9490505884112292	-0.008045398946612617	-0.005034115519144416	-0.005914449254616818	-0.006331321240124616	1.0610969573986884	0.9453494240580799	0.9844973679814841	0.9969812498127507	0.09352005494020199	0.08263460825257497	0.09243534187240586	0.08953000168839428	0.23315805850271307
-379	TRUE	TRUE	TRUE	FALSE	51984	1.0211471172220894	0.9088727029438534	0.9440869964569951	0.9580356055409792	1.0128457517541627	0.9036382894455763	0.9381324003671857	0.9515388138556417	-0.008301366236074295	-0.005234411961640664	-0.005954596086377194	-0.006496791428030718	1.0640595186018926	0.9478068883252455	0.9876047850959357	0.9998237306743579	0.09412616820916832	0.08310278369653001	0.09299017351154328	0.09007304180574721	0.24172166432223785
-378	TRUE	TRUE	TRUE	FALSE	51984	1.024052916611184	0.9115338681452201	0.9469413919322144	0.9608427255628728	1.0154473960509107	0.9055787200341894	0.9406512279379352	0.9538924480076784	-0.008605519987055056	-0.0059551472842383196	-0.006290163635965814	-0.006950276969086396	1.0664127515253714	0.9501397193407293	0.9900274018606487	1.0021932909089164	0.09332518899741231	0.08316685020962605	0.0924621840804833	0.08965140776250723	0.22900715594837034
-377	TRUE	TRUE	TRUE	FALSE	51969	1.0259291377933626	0.9127461240454579	0.9484532845409718	0.9623761821265974	1.017617916571056	0.9076003944687774	0.9424161673489331	0.9558781594629222	-0.008311221602351525	-0.005145729028155414	-0.006037115941409528	-0.0064980221906388224	1.0687138610296523	0.9518814908192647	0.9919919572472342	1.0041957696987172	0.09388066866048148	0.08341646360891997	0.09311446233865675	0.09013719820268606	0.2285656069709886
-376	TRUE	TRUE	TRUE	FALSE	51990	1.030182947908847	0.9164843598294624	0.9521983453967782	0.9662885510450292	1.022198511405458	0.9108117691399807	0.9457912577582537	0.9596005127678975	-0.00798443506772607	-0.005672590523452028	-0.006407086715583782	-0.006688037435587293	1.0726165521376219	0.9552136582872641	0.9954941732103793	1.0077747945450886	0.09285164501542754	0.0831311872711568	0.0929987425725262	0.08966052495303685	0.23148378526792737
-375	TRUE	TRUE	TRUE	FALSE	51987	1.032541284854702	0.9186332393402471	0.9548502696324939	0.9686749312758143	1.0258004455771876	0.9144600402096404	0.9496599344742612	0.9633068067536964	-0.0067408377798443405	-0.004173199167997353	-0.005190334376254085	-0.005368123774698592	1.0754288732653008	0.9579791625597911	0.9988483352791734	1.0107521237014219	0.09251601543700409	0.08286504518663045	0.09318646748868784	0.08952250937077413	0.242440244881013
-374	TRUE	TRUE	TRUE	FALSE	52002	1.0360631821854516	0.9212643138971565	0.95780357798714	0.9717103580232493	1.029488256670383	0.9168423263489491	0.9523589607315767	0.9662298479169695	-0.006574925185975257	-0.004421987055435391	-0.005444616659798617	-0.005480509633736421	1.0795364534510548	0.9607577267016129	1.0017203974304458	1.0140048591943711	0.09352146851142114	0.08340881299716572	0.09327825611549155	0.09006951254135948	0.2296469363317084
-373	TRUE	TRUE	TRUE	FALSE	51996	1.039684146816959	0.9239721623344576	0.9606657851179786	0.9747740314231318	1.03353568635052	0.920085768458723	0.9549128440409952	0.9695114329500795	-0.006148459470491407	-0.003886393819046719	-0.005752940848010945	-0.0052625980458496915	1.0837038871543672	0.9637571080638431	1.0046197415820362	1.017360245600082	0.09418794102052086	0.08345628530688533	0.09366085361154534	0.09043502664631718	0.2257001496699618
-372	TRUE	TRUE	TRUE	FALSE	51987	1.0421269600067438	0.9263052697382889	0.9636336754723535	0.9773553017391287	1.0347615092729894	0.9214699030568515	0.9579284422362289	0.97138661818869	-0.007365450319821085	-0.0048353658703943194	-0.0057052331909370506	-0.0059686831270508185	1.0846919447624472	0.9649435639509301	1.0070342032847928	1.01888990399939	0.09249541972368024	0.08211195490942841	0.09250628927456249	0.08903788796922371	0.2408084717749392
-371	TRUE	TRUE	TRUE	FALSE	51975	1.0448260390954587	0.9284787924955192	0.9659886381896189	0.9797644899268656	1.0399059374653536	0.9252320035353008	0.9612074534478023	0.9754484648161523	-0.00492010168845854	-0.0032467881947676265	-0.004781185438393406	-0.004316025107206524	1.0893546367481524	0.9683718356638553	1.0101878183596953	1.022638096923901	0.09397729804212487	0.08303287472904093	0.09317954538314595	0.09006323938477058	0.2316491774931378
-370	TRUE	TRUE	TRUE	FALSE	51987	1.0473679265223625	0.930730879976837	0.9686102004785979	0.9822363356592659	1.0411944674278046	0.9268980024157994	0.9634327302183281	0.9771750666873108	-0.006173459289193531	-0.0038328767518891493	-0.005177468979468532	-0.005061268340183738	1.0908223455422035	0.9698524217109444	1.0122355389523214	1.0243034354018232	0.09308229763804891	0.08207595994645464	0.09242814616515727	0.0891954679165536	0.2248549249773164
-369	TRUE	TRUE	TRUE	FALSE	51972	1.049957199477649	0.9328387762559937	0.9713975384794075	0.9847311714043501	1.0434008148569969	0.9290053127821606	0.9664295275350944	0.9796118850580838	-0.006556383844188379	-0.0038334637306048124	-0.004968010886373421	-0.005119286153722204	1.0938036181673505	0.9726931973930382	1.01609569849959	1.0275308380199928	0.09424922276906952	0.08354230482347208	0.09436433186410846	0.09071861981888336	0.2312682977623223
-368	TRUE	TRUE	TRUE	FALSE	51975	1.0529995709239877	0.9356433203081029	0.974307225692684	0.9876500389749249	1.044330685793638	0.9303447908749192	0.9676658944831132	0.9807804570505568	-0.008668885510904284	-0.005298529194198418	-0.006641330879474003	-0.0068695818615255675	1.0956051365308939	0.9744460540163759	1.01737555996433	1.0291422501705332	0.09388001612898983	0.08290399656400106	0.0927780003187455	0.089854004337245455	0.24462135635700055
-367	TRUE	TRUE	TRUE	FALSE	51951	1.055028831787203	0.9370553171390323	0.9761247149417155	0.9894029546226503	1.0471243230635918	0.932067699062881	0.9697516002913444	0.9829812074726059	-0.007904508051029272	-0.004987616438683805	-0.006373114017904433	-0.006421746169205836	1.0984161568675188	0.9762133352498921	1.0196298534370494	1.0314197818514867	0.09467915871102828	0.0833036542617771	0.09338339208533238	0.09045540168604592	0.2356985039378603
-366	TRUE	TRUE	TRUE	FALSE	51951	1.058710302034123	0.9402811572713087	0.9792009837006973	0.9927308143353764	1.0488617178586788	0.9342569558957505	0.972108900015444	0.9850758579232911	-0.009848585040602136	-0.006024201568493326	-0.007092083971915453	-0.007654956860336971	1.1010418556841062	0.9790303185659011	1.0224388044946977	1.034170326248235	0.09451169128218395	0.0835225242335405	0.09356772609391846	0.09053398053654764	0.2339138420588144
-365	TRUE	TRUE	TRUE	FALSE	51951	1.0612720100856365	0.9425702237651724	0.981975256146878	0.9952724966658956	1.0518798183719236	0.9365355417185555	0.9750464105524532	0.9878205902143108	-0.009392190672326758	-0.0060346827680549135	-0.0069288453336669945	-0.0074519062580162216	1.10380776905119	0.9809521961987966	1.0253518189998438	1.0367039280832768	0.09446370819387921	0.08279862732772598	0.09368197045392328	0.0903147686585095	0.24818663695244034
-364	TRUE	TRUE	TRUE	FALSE	51951	1.0647489630990992	0.9451719404340047	0.9849178890257089	0.9982795975196042	1.0558193936145666	0.9398794986614322	0.9788996899585515	0.99153286074485	-0.008929569670888643	-0.005292440657332659	-0.006018199320376412	-0.006746736549532572	1.1079999394911622	0.984350064615446	1.0289780247061284	1.0404426762709122	0.09543152242768445	0.08364868989463006	0.0941384705166931	0.0910728942796692	0.23903776643140123
-363	TRUE	TRUE	TRUE	FALSE	51936	1.0685878098131083	0.9479462944185675	0.987908536315775	1.0014808801824835	1.0610146591679097	0.9435225922981907	0.9823713364453297	0.9956361959704768	-0.007573150455066261	-0.004423702989938942	-0.005537200546260294	-0.0058446846637551664	1.113196344344896	0.9883277065753406	1.0326012316686217	1.0447084275296195	0.09679021996844869	0.08518652609097138	0.09492259067451293	0.09229977891131101	0.2336612756558266
-362	TRUE	TRUE	TRUE	FALSE	51930	1.0712999014003692	0.9505696303198792	0.991118917557107	1.0043294830924518	1.0636370671621278	0.9455274981483098	0.9852839066808539	0.9981494906637638	-0.007662833768090866	-0.005042132777443047	-0.005835010590550208	-0.006179992378694707	1.115472158717327	0.990260641943975	1.0354793443408936	1.047070715000732	0.09600734884610206	0.08442415491508022	0.09455586367489047	0.09166245581202426	0.23845932957733637
-361	TRUE	TRUE	TRUE	FALSE	51924	1.074707025120092	0.9531993614039057	0.9939192327889504	1.0072752064376493	1.0671469332633048	0.9480193542494469	0.9871780304559088	1.0007814393228869	-0.007560092295002675	-0.00518000698781691	-0.006741202373662124	-0.006493767218827236	1.1188079467738816	0.9927997084086992	1.0380012226898738	1.049869625957485	0.09576193562633481	0.08438070090350792	0.09490518285537992	0.0916826064617409	0.24619222277136588
-360	TRUE	TRUE	TRUE	FALSE	51930	1.0773434418360606	0.955450525262234	0.996608470927184	1.0098008126751594	1.0674807571440337	0.9489594372341001	0.9886029780919978	1.0016810574900439	-0.009862685157333765	-0.006491088853888237	-0.008005492530540786	-0.00811975551392093	1.1206196833138167	0.9947902280019502	1.0405484281840076	1.0519861131665915	0.09641516787983143	0.08517049315001694	0.0958854059425552	0.09249035565746785	0.2319418252660497
-359	TRUE	TRUE	TRUE	FALSE	51906	1.080168849404155	0.9577983576994301	0.9993814874243171	1.0124495648426342	1.0707276413067122	0.9514511588785217	0.9918222801771376	1.0046670267874573	-0.00944120711894691	-0.006347198062873063	-0.00755920742037151	-0.007782537534063828	1.124269123958723	0.9975345616336678	1.0440038625498855	1.055269182714092	0.09764175738440839	0.08581960682313387	0.09680395729427009	0.09342177383393745	0.2381391749842269
-358	TRUE	TRUE	TRUE	FALSE	51897	1.083783979485836	0.9608812099849626	1.0026987188679317	1.0157879694462435	1.0754241436201644	0.9552573149801348	0.9957696378192361	1.008817032139845	-0.008359837167675889	-0.005623894793013575	-0.0069290812137818795	-0.006970937724823781	1.1285831927877945	1.0009621998176397	1.047437851129097	1.0589944145781771	0.09795826194197874	0.08578587492149137	0.0964073460414974	0.09338382763498916	0.25010607554421166
-357	TRUE	TRUE	TRUE	FALSE	51900	1.0868057436283618	0.9631253271277344	1.0054253218157345	1.018452130857277	1.0754243899686762	0.9551255399647153	0.9960737671331283	1.0088745656888398	-0.011381353306861852	-0.007999787640901283	-0.009351557179501487	-0.009577566042421541	1.1301725873392303	1.0021890733559424	1.0491579646193192	1.0605065417714974	0.09811504125679385	0.08612727962846504	0.096816841617712	0.09368638750099029	0.22535104040468967
-356	TRUE	TRUE	TRUE	FALSE	51909	1.0910593983568746	0.9666694515807965	1.0090948295968534	1.0222745598448415	1.0816070063020788	0.9606133796707673	1.0020469988915517	1.0147557949547992	-0.00945239205532167	-0.006056071109155476	-0.007047830219431047	-0.00751876446130273	1.1360623418621214	1.0070986716507382	1.0544519523311953	1.0658709886146849	0.09945827999376598	0.08691451210228274	0.09776207635991535	0.0947116228186547	0.23327099351286767
-355	TRUE	TRUE	TRUE	FALSE	51894	1.0929550527509633	0.9685516965015306	1.01149732947734	1.0243346929099446	1.084233605987881	0.9623726886554265	1.0048270057649917	1.017144433469433	-0.008721446996360993	-0.006179008217911863	-0.006670323131955606	-0.007190259448742821	1.1372750753342589	1.0081500023174255	1.0565008540666008	1.067308643906095	0.0973614929329711	0.08537562119436286	0.09667737360182087	0.09313816257638495	0.22326974196326996
-354	TRUE	TRUE	TRUE	FALSE	51882	1.0962066904880572	0.9709894481410648	1.014367181319473	1.0271877733161983	1.0870721516516828	0.964671112940893	1.0078454099074787	1.0198628915000183	-0.00913453975360073	-0.006318335048278691	-0.006521771307918525	-0.007324882036599314	1.1402904295891583	1.0104406235983148	1.0595410170079012	1.0700906900651246	0.09730201693255429	0.08522068576038268	0.09686944292229281	0.09313071520507658	0.2532388688507993
-353	TRUE	TRUE	TRUE	FALSE	51885	1.1005888355827238	0.974296744630205	1.0178687568943976	1.030918112369109	1.0927255046368383	0.9688338160637947	1.0117873750692457	1.0244488985899596	-0.007863331026442849	-0.005462928218792512	-0.0060813828304435965	-0.0064692140252263185	1.144960586741376	1.013851792172967	1.0628604053530004	1.0738909280891145	0.09660683388863703	0.08457302383689265	0.09606467861238024	0.09241484544596998	0.24659444911009787
-352	TRUE	TRUE	TRUE	FALSE	51891	1.1035324391549184	0.9770752722433624	1.021146177370957	1.0339179629230792	1.0945997017574067	0.970087051774509	1.013863694636184	1.0261834827226999	-0.008932738014210387	-0.006988219873836545	-0.007282481906390821	-0.007734479931479251	1.1468934119863763	1.0160329546842373	1.06566314852527	1.0761965050652946	0.09565468319127125	0.08490358527572128	0.09631642443007997	0.09229156429902417	0.22835254648294326
-351	TRUE	TRUE	TRUE	FALSE	51891	1.1070741063772516	0.9798613966963522	1.0242101173604208	1.0370485401446747	1.0995703145938727	0.9740605038430284	1.0182708344123736	1.0306338842830916	-0.007503791625794268	-0.0058008928374338456	-0.005939282791079804	-0.0064146557514359725	1.1511396433054821	1.019137994439018	1.0688921368185147	1.0797232581876717	0.09563486514896	0.08435408844144283	0.0953033220360886	0.09176409187549714	0.2632622417911854
-350	TRUE	TRUE	TRUE	FALSE	51885	1.1098725806994194	0.9822149012331911	1.0271243091914177	1.0397372637080093	1.1045897506158047	0.9784031956956338	1.0229382000336593	1.0353103821150327	-0.0052828302948985315	-0.0038117042577717223	-0.004186107321943604	-0.004426880624871286	1.1550667888641937	1.0223486484302304	1.072560188544381	1.083325208612935	0.09567124645807998	0.08407919911409067	0.09505786817773189	0.0916027712499675	0.2476219723729568
-349	TRUE	TRUE	TRUE	FALSE	51882	1.1138780100427355	0.98549404770697	1.0308892113802568	1.0434204230433206	1.1069919188679926	0.9803964967676875	1.025507691545671	1.0376320357271172	-0.006886090363526449	-0.0050975501358411415	-0.005381520126665615	-0.005788386875344402	1.1581672170706827	1.0251664210812026	1.075829290413199	1.086387642855028	0.09546450612085443	0.08444229720845009	0.09526167791141428	0.09172282708023959	0.2506480863659352
-348	TRUE	TRUE	TRUE	FALSE	51888	1.1173438834772795	0.9886545113815067	1.0343083176073513	1.0467689041553792	1.1110190487258778	0.9859034770812742	1.029592527995255	1.0421716846008025	-0.006324836154357704	-0.0027510328051112806	-0.004715790640859636	-0.004597219866776207	1.162530194907313	1.030295735925484	1.0798777038880916	1.0909012115736296	0.09669745880513902	0.08603348292178672	0.09585456182151977	0.0928618345161485	0.2383082215307193
-347	TRUE	TRUE	TRUE	FALSE	51882	1.1207133693037574	0.9910577344690906	1.0372429773647316	1.0496713603791932	1.1112679506143182	0.9849258795023615	1.0305630341902907	1.0422522881023235	-0.009445419168776788	-0.006131855341999514	-0.006679942907995828	-0.007419072472924044	1.164006083536989	1.0302618407660047	1.0816639418045135	1.0919772887025023	0.09603084592150543	0.0845400685980886	0.09552187104507466	0.09203092852155623	0.258353070474878
-346	TRUE	TRUE	TRUE	FALSE	51879	1.1249238578014729	0.994602962948397	1.0408126299821145	1.0534464835773283	1.1153294485264897	0.9880418329240802	1.0333779244366963	1.0455830686290888	-0.009594409302206983	-0.00656112934003871	-0.007434705424494981	-0.007863414688913557	1.1691757685553243	1.0342872567430537	1.0854829757537783	1.096315333684052	0.0980982300163992	0.08592971707346504	0.096775397742832725	0.09360111494423232	0.24333383434279293
-345	TRUE	TRUE	TRUE	FALSE	51867	1.1275124918816262	0.9970449363065449	1.0441140328088827	1.0562238203323513	1.1199940479180188	0.9917326522111511	1.0379871668346439	1.0499046223212711	-0.007518445336584863	-0.00531228473419426	-0.006126866256532695	-0.0063191987757706064	1.172759345539503	1.0373794631851876	1.089659094326949	1.0999326343505464	0.09801215147051194	0.08598133823093557	0.0972169894912758	0.09373682639757444	0.23494962098408254
-344	TRUE	TRUE	TRUE	FALSE	51858	1.1314549487774972	0.9997679410672603	1.0471085033219358	1.059443797722231	1.121130881325411	0.9925598772727694	1.0388010221894552	1.0508305935958786	-0.010324067003159229	-0.007208062825881656	-0.00830748232080854	-0.008613204049949807	1.1756200365663254	1.039107211447305	1.0915954023903023	1.1021075501346442	0.09865424386501694	0.08588660483391534	0.09728127876841443	0.09394070915578223	0.2542055999339524
-343	TRUE	TRUE	TRUE	FALSE	51855	1.13561400916629	1.002766632225378	1.0503290761998643	1.0629032391971776	1.125443969024998	0.995824647374108	1.0426906255219768	1.054653080640361	-0.010170040750638312	-0.006941984711944941	-0.007638450626398599	-0.008250158696327285	1.179973314591846	1.042292718818025	1.0950030683799077	1.1057563672632595	0.09888865054969215	0.0859941579741282	0.09698643554394647	0.09395641468925559	0.24075186577283297
-342	TRUE	TRUE	TRUE	FALSE	51867	1.1388719118479522	1.005786408225663	1.0538367918892002	1.0661650373209386	1.1282781685073737	0.9979624847035707	1.0451695697528482	1.0571367409879309	-0.010593741604770394	-0.007823924200855733	-0.008667221536580175	-0.009028295780735433	1.1823599241441192	1.0444879903802065	1.0978436643569764	1.1082305262937673	0.097569767079435	0.08522708846159423	0.09668096754439388	0.0931592743618077	0.2414392963517363
-341	TRUE	TRUE	TRUE	FALSE	51873	1.1423744565023877	1.008467729080579	1.0569036021744853	1.0692485959191507	1.1323330970823848	1.0018351166433181	1.049467069660612	1.0612117611287717	-0.010041357469283705	-0.0066326113841658554	-0.0074365330431644325	-0.008036833965537997	1.1868985786816506	1.0484134970583094	1.1020841394139944	1.112465405051318	0.09908960275965481	0.08652414850977637	0.0977976068662803	0.09447045271190384	0.269827713800467
-340	TRUE	TRUE	TRUE	FALSE	51864	1.1454401014079727	1.0110347198358605	1.060149053573531	1.0722079582724546	1.134454563520899	1.0035289918815804	1.051650632009803	1.0632113958040943	-0.010985538319151647	-0.007505726844270425	-0.008498421497787617	-0.00899656222040323	1.1897612491927447	1.0509209492417901	1.1053088811933656	1.1153303598759667	0.09962783383038219	0.08727818722233076	0.09881807685750195	0.09524136597007161	0.2527783439586493
-339	TRUE	TRUE	TRUE	FALSE	51870	1.1498372542096822	1.0146118617540156	1.0642778966950548	1.0762423375529175	1.1391635006857068	1.007417118865305	1.056804905994434	1.0677951751818153	-0.010673753181891545	-0.007194743445239887	-0.007472991923981698	-0.008447162850371044	1.1941159807650261	1.0546625961549858	1.1098635674515283	1.1195473814571801	0.09923120732231222	0.08729621022562888	0.09864433309883373	0.09505725021559161	0.23613296701745068
-338	TRUE	TRUE	TRUE	FALSE	51867	1.1531398178729046	1.0175941718163626	1.067569839639975	1.079434609776414	1.1447140396372846	1.0114192794353678	1.0605917224972443	1.0722416805232988	-0.008425778490526475	-0.006174890407845183	-0.006978117970786512	-0.007192928956386057	1.1987885954661275	1.0581688522891213	1.1134226306551067	1.123460026136785	0.0997233323423935	0.08732425235787951	0.09868369982227347	0.0952437615075155	0.25210700391068747
-337	TRUE	TRUE	TRUE	FALSE	51858	1.156657050433861	1.020288733445291	1.0707332640427059	1.0825596826406192	1.1474689529233681	1.0135889328062648	1.0632879251387575	1.0747819369561302	-0.00918809691276116	-0.006699801495768856	-0.007445337850684832	-0.007777745419738283	1.202184490144193	1.0609268492308095	1.1166621671974317	1.126591168857478	0.10024297758098454	0.08797603259412179	0.09930314436847175	0.09584071818119269	0.24697043876604566
-336	TRUE	TRUE	TRUE	FALSE	51855	1.1610496322556803	1.0237872886587749	1.0743587371444754	1.0863985526863102	1.1519783016243084	1.0174557573990457	1.067003596268356	1.0788125517639033	-0.009071329123919253	-0.006331531703963378	-0.007355140639890245	-0.007586000489257626	1.2063192076291602	1.0641850247508533	1.1199176004644156	1.130140610948143	0.0996104816873546	0.08712700293037355	0.09847286750678101	0.09507011737483638	0.24514231986993515
-335	TRUE	TRUE	TRUE	FALSE	51858	1.1637321288216025	1.0264278931772324	1.0775511980849848	1.089237073361273	1.1543111430299575	1.0199664219326279	1.0699388894553201	1.0814054848059687	-0.009420986725849687	-0.006461472163815542	-0.007612309801631933	-0.007831589563765722	1.2084418382412643	1.0664721178947547	1.1223147347524958	1.1324095636295048	0.09884040479242538	0.0865499212112612	0.09713938317759717	0.09417656972709458	0.2408105978483779
-334	TRUE	TRUE	TRUE	FALSE	51852	1.167912562675743	1.0294874705694719	1.0808016970107115	1.0927339100853088	1.1583020157453507	1.02294809015911	1.0733214686692873	1.0848571915245826	-0.009610546980238855	-0.006539379231079434	-0.007480228696467371	-0.00787671830259522	1.2129713358605254	1.0697723809860324	1.1263751770978936	1.1363729646481504	0.09972809403779445	0.08710920219648641	0.09862718853857783	0.09515482825761956	0.24574490851966266
-333	TRUE	TRUE	TRUE	FALSE	51855	1.1724830601731786	1.0327530221827947	1.0845474975234852	1.0965945266264863	1.1631668333444265	1.0275829443598898	1.078437826979088	1.0897292015611348	-0.009316228329730647	-0.005170077227896924	-0.0061096696191368875	-0.006865325058921486	1.2165219118431259	1.0730842199224886	1.1299931854867424	1.1398664390841189	0.09739393094082512	0.08583247331498138	0.0970010474388279	0.09340915056487813	0.246035869146812
-332	TRUE	TRUE	TRUE	FALSE	51858	1.1761595662949966	1.0359718510825897	1.088296222123077	1.1001425465002213	1.1660474245281809	1.0284738941706042	1.0804083227558468	1.0916432138182106	-0.01011214286149647	-0.007497957576406508	-0.007887899834191947	-0.008499333424031643	1.2200699794072465	1.0752502056439368	1.1330109671745376	1.1427770507419068	0.09793296873645169	0.08605466565714559	0.09731739040459979	0.09376834159939902	0.2427279880740522
-331	TRUE	TRUE	TRUE	FALSE	51843	1.179651852795147	1.0385645268610861	1.0911113243426105	1.1031092346662812	1.1676479827401327	1.0308109006658042	1.0820088809369932	1.0934892547809767	-0.012003869686592936	-0.007753625931444068	-0.009102442949828376	-0.009619979522621792	1.2230471014425233	1.0783039751081136	1.1357111006107432	1.1456873923871267	0.09879436688905337	0.08723252294664323	0.09830199491568588	0.0947762949171275	0.2478938142543672
-330	TRUE	TRUE	TRUE	FALSE	51843	1.1828129969645882	1.0412215658299795	1.0943403717986435	1.1061249781977371	1.1728782381842298	1.034791961946556	1.0870621067630317	1.0982441022979392	-0.009934759101460227	-0.006429604214648141	-0.007278263777055424	-0.007880875697721263	1.2281827278002833	1.0820822565413977	1.1405596650720113	1.1502748831378975	0.10067422095083138	0.08815098533329235	0.09971685083297868	0.0961806857057008	0.24032474988157734
-329	TRUE	TRUE	TRUE	FALSE	51834	1.1873825858567908	1.0448066048123699	1.098350410240769	1.1101798669699765	1.175378235364396	1.0355986011911247	1.0881761424688055	1.0997176596747753	-0.012004350662919789	-0.009208005249216411	-0.010174266970723513	-0.010462207627619903	1.2314319697327085	1.0836278098471033	1.14251774617144	1.152525841917084	0.10010311870908081	0.08685041454571331	0.09850893963248127	0.0951541576290918	0.2513132309613133
-328	TRUE	TRUE	TRUE	FALSE	51828	1.191318283714668	1.048274729646264	1.102088920837211	1.1138939780660477	1.1800280428026824	1.0395802727812873	1.0917831816243975	1.1037971657361223	-0.011290241147145332	-0.008694457404272438	-0.01030573850684536	-0.010096812352754376	1.2355175951366282	1.0874021619934449	1.1462123827258666	1.1563773799519799	0.09968886414603195	0.08694932236274591	0.09855266217107297	0.09506361622661695	0.25223686087483943
-327	TRUE	TRUE	TRUE	FALSE	51831	1.195547456208816	1.0514763291810632	1.1057923502023481	1.1176053785307425	1.186977581752594	1.0465139375533858	1.0989719955873118	1.1108211716310972	-0.008569874656902692	-0.004962391754077617	-0.006820354861644383	-0.006784207090874897	1.2414927375876306	1.0924708870547752	1.1518226464848809	1.161928757042429	0.10046043761571108	0.0869515075036056	0.09888094836655204	0.09543096449528957	0.2430335707843409
-326	TRUE	TRUE	TRUE	FALSE	51828	1.2009559558753153	1.0556730001711125	1.1101179498673348	1.122248968637921	1.1907524943390497	1.0497751924728342	1.1031773083453678	1.114568331719084	-0.010203461975073547	-0.005897807724560678	-0.006940642485241271	-0.007680637394958497	1.2459388236867623	1.0966808474740342	1.1563986681573573	1.1663394464393844	0.10016919784032381	0.08791350224674678	0.09950207870331752	0.09586159293012936	0.22412965984830235
-325	TRUE	TRUE	TRUE	FALSE	51825	1.203062486515457	1.0579397815469644	1.1129928068209691	1.12466502496113	1.1939920417127143	1.0514971313627572	1.105924127071247	1.1171377667155729	-0.00907044333638559	-0.006442650626003093	-0.007068680253267327	-0.007527258071885338	1.2484992952304212	1.0985119937440895	1.1590052940630589	1.1686721943458567	0.09994406255606168	0.08758707569360502	0.09909365388547942	0.09554159737838203	0.25114014525858713
-324	TRUE	TRUE	TRUE	FALSE	51807	1.2077075736952343	1.0614265314958258	1.116858245771263	1.128664116987441	1.1975366315764837	1.0544284341162289	1.108460726067298	1.1201419305866702	-0.010170941843648551	-0.006998097067299253	-0.00839751756437923	-0.008522185491775677	1.2526806215032713	1.101704129385492	1.1621743162417633	1.1721863557101755	0.10011703751664701	0.08755329288984906	0.09902966153917042	0.09556666398188883	0.2591386300959172
-323	TRUE	TRUE	TRUE	FALSE	51801	1.212941246054808	1.0652690626258534	1.120866853906407	1.133025720862356	1.2013809907061936	1.0568739747662506	1.1115093798586704	1.1232547817770382	-0.011560255322096888	-0.008395088151844294	-0.009357473952314002	-0.009770939142085062	1.256911385647093	1.1048279233235687	1.165717599831247	1.1758189696006363	0.09950053537680818	0.08751280994554207	0.09905896517870254	0.09535743683368426	0.2363466144545187
-322	TRUE	TRUE	TRUE	FALSE	51795	1.2165972603143898	1.068547122739544	1.1245341513647806	1.1365595114729048	1.2055814968192264	1.0597088872849827	1.1151829763480272	1.1268244534840788	-0.011015762451048352	-0.008838234744997125	-0.009351174969802764	-0.009735057388616079	1.2606911285075726	1.1076192640143843	1.1690983718584202	1.179136254793459	0.09920349902511039	0.08698251773205493	0.09847961576340897	0.09488854417352477	0.24667842428739645
-321	TRUE	TRUE	TRUE	FALSE	51795	1.220673205585401	1.071591854206732	1.1280021558172417	1.1400890718697916	1.2094910661927991	1.0629725578017593	1.1178855984402398	1.1301164074782661	-0.011182137841617557	-0.008619295491602	-0.010116558217782054	-0.009972663850333869	1.265307008389913	1.111290774602737	1.1724918030182414	1.1830298620036304	0.10044974511040235	0.08801713667175635	0.09909585271187274	0.09585424483134382	0.27429620650932846
-320	TRUE	TRUE	TRUE	FALSE	51783	1.2236970837061079	1.0740700314610425	1.1311567095661532	1.1429746082444345	1.2130384140605537	1.066188507264681	1.1227563228390114	1.1339944147214154	-0.010658669931353967	-0.007881524020520373	-0.008400388167430134	-0.008980194039768158	1.268384026706888	1.1141547620939758	1.1765444342571194	1.1863610743526611	0.10003255559693693	0.08805098527933122	0.09917583657293949	0.09575312581640254	0.2570428134635688
-319	TRUE	TRUE	TRUE	FALSE	51777	1.228634548624254	1.0780948055434196	1.1356835331513087	1.1474709624396608	1.218700763386489	1.0702799134546763	1.1266796774859704	1.1385534514423785	-0.009933784955521338	-0.007814891936163533	-0.009003855128931879	-0.008917510673538916	1.2741088468994193	1.118323651646809	1.181082563670724	1.1911716874056506	0.10088238225800765	0.08827258451027155	0.0998019170864755	0.09631896128491824	0.25024949306479094
-318	TRUE	TRUE	TRUE	FALSE	51774	1.2325187858233768	1.08136100236161	1.1392958816817373	1.1510585566222413	1.2224655855264146	1.073279071640505	1.1304458632351158	1.1420635068006784	-0.01005319887794862	-0.008081931379474903	-0.008850017927899283	-0.008995049395107601	1.2775107268240762	1.1208367230075547	1.184334864833433	1.194227438221688	0.10003708273336853	0.08703337197200561	0.0989279860219734	0.09533281357578252	0.24915673843743097
-317	TRUE	TRUE	TRUE	FALSE	51768	1.2368947395131793	1.0847896458407895	1.1433047167896309	1.1549963673812	1.225340648156779	1.0761868721089785	1.1333022762223954	1.144943265496051	-0.011554091097288985	-0.008602772688095475	-0.010002442224801117	-0.010053102003395193	1.2810486157083105	1.1241186981288493	1.1879536532028694	1.1977069890133432	0.09986184347374849	0.08726087892404517	0.09930031294061491	0.09547434511280285	0.26646036173111864
-316	TRUE	TRUE	TRUE	FALSE	51783	1.242569688001256	1.0892451082088077	1.1478496449938536	1.1598881470679723	1.2313898119794628	1.081176146848388	1.1378650411624853	1.1501436666634455	-0.011179876611577417	-0.008068960917663319	-0.009984604358590783	-0.009744480629277174	1.2877425663628346	1.1298345321394887	1.192923016314495	1.2035000382722727	0.1015256325492567	0.08924780985405163	0.10013134627561922	0.09696826289297585	0.2679888767774654
-315	TRUE	TRUE	TRUE	FALSE	51780	1.2456648216895483	1.092096222322614	1.151335857174967	1.1630323003957097	1.2337240761938544	1.083277094708448	1.1406234197984892	1.152541530233597	-0.011940743159356969	-0.008819126170151233	-0.01071243755134028	-0.010490768960282828	1.290638153253772	1.1321747391291686	1.1963777267438633	1.206396873042268	0.10188740725582436	0.08897616112784847	0.10079617680075238	0.09721991506147507	0.2760384124297466
-314	TRUE	TRUE	TRUE	FALSE	51786	1.2506749672116588	1.0956559057392734	1.1552434302965018	1.1671914344158112	1.2396715126115971	1.087468328256511	1.1453301941082725	1.1574900116587934	-0.011003454584725559	-0.008187577027811793	-0.00991323516456514	-0.009701422259034165	1.2955386796038655	1.1359709840311587	1.2003247878167604	1.2106114838172617	0.10073087906002115	0.0888177346591048	0.10007595248972899	0.09654152206961832	0.2552901753604121
-313	TRUE	TRUE	TRUE	FALSE	51777	1.2562841788826642	1.099932691421259	1.1598241919857246	1.1720136874298825	1.244948201335327	1.091712284988857	1.1503081405930422	1.1623228756390755	-0.011335977951508872	-0.008220406290494522	-0.00951605098717748	-0.009690811743060291	1.300463191705093	1.139883778015191	1.2051086779736908	1.2151518825646583	0.09969400350163476	0.0881225802968347	0.10008502323914834	0.09596720234587261	0.25245489313811537
-312	TRUE	TRUE	TRUE	FALSE	51774	1.2606971391135173	1.1036037555551783	1.1639794496285165	1.1760934480990708	1.2496029924535221	1.0961880942806028	1.1546363627307323	1.166809149821619	-0.011094148179323337	-0.007415660098352364	-0.009343087928925096	-0.0092842987355336	1.3057823962408848	1.1445232058822954	1.20965780340466	1.2199878018426134	0.1012646613671042	0.0892545623728561	0.10069979412629763	0.09707300595541932	0.25399849328584745
-311	TRUE	TRUE	TRUE	FALSE	51786	1.2653517363849396	1.1070897015688659	1.1680704425848458	1.180170626846217	1.2532129213769787	1.098422281231014	1.15794176824539	1.169858990284461	-0.012138815197380337	-0.008667419689372898	-0.010128674913295775	-0.010311636600016336	1.3100336503491807	1.1473863714492598	1.2135948813858584	1.2236716343947662	0.10150264305062226	0.08926076089896326	0.10117755227550176	0.0973136520750291	0.2801458695969512
-310	TRUE	TRUE	TRUE	FALSE	51768	1.2687768309691392	1.1100079203751565	1.1713640455137424	1.1833829322860128	1.2564106768208319	1.1021771821475377	1.1618702463400408	1.1734860351028034	-0.01236615473836652	-0.007830737010465714	-0.009493799030072497	-0.009896896926301576	1.312967357889563	1.1504254407152392	1.2168773759275866	1.2267567248441298	0.10074720847223727	0.08866577840923541	0.10052046073143585	0.09664448253763618	0.2611637108138535
-309	TRUE	TRUE	TRUE	FALSE	51765	1.2739647629040092	1.11440426466745	1.1763698129797149	1.1882462801837246	1.2638907300593796	1.106672112928266	1.1668408487261002	1.179134563904582	-0.010074032602028556	-0.007732150185651612	-0.009528963401334063	-0.009111715396338076	1.3201601619413461	1.1550577129178248	1.2222801381065787	1.2324993376552498	0.10246483012102045	0.08903904743382852	0.10134961451926186	0.09761783069137027	0.2579409447138208
-308	TRUE	TRUE	TRUE	FALSE	51777	1.2789633081015683	1.1185530980086664	1.1810620044769136	1.192859470195716	1.2690970659792704	1.1104884683715524	1.1722109094181055	1.183932147922976	-0.009866242437547084	-0.008064629125285785	-0.008851094961039837	-0.008927322174624237	1.3247221967671392	1.1589803810947805	1.227000050617546	1.236900876159822	0.10138401939079605	0.08891919554242551	0.10072718653345179	0.09701013382222445	0.26528750315278593
-307	TRUE	TRUE	TRUE	FALSE	51762	1.2838784919120476	1.122314042280328	1.185463938939563	1.197218824377313	1.2742647848860515	1.1143127311165657	1.176344162268997	1.188307226090538	-0.009613707198048911	-0.00800131179138599	-0.009119776139195714	-0.008911598376210205	1.3304343141570936	1.1632965880367203	1.2319527152980767	1.2418945391639635	0.10272535217525966	0.08996640310077657	0.10209733097029362	0.09826302874877661	0.26773808965766677
-306	TRUE	TRUE	TRUE	FALSE	51756	1.289589253322598	1.1267400568542776	1.1899256778605056	1.2020849960124604	1.2783492620016983	1.11760800252289	1.1792806560236981	1.1917459735160953	-0.011239991831113282	-0.009132054054602667	-0.010645020698728825	-0.010339022194814926	1.3346925218388601	1.1665078309134245	1.2351724460214248	1.2454575995912365	0.10144652952387974	0.08866760196209576	0.10113855826685823	0.09708422991761124	0.2719277764093117
-305	TRUE	TRUE	TRUE	FALSE	51753	1.2931375966808067	1.129943397616038	1.1938556389248158	1.2056455444072203	1.2825383692464964	1.1221015847401277	1.1840233138991358	1.1962210892952534	-0.010599226782812627	-0.007841811828536749	-0.00983232313115669	-0.009424453914168688	1.3387033878569732	1.1707915539909073	1.2398978200215456	1.2497975872898086	0.10173080819691191	0.08953812546559872	0.10191668772968762	0.09772854046406608	0.2711774390939364
-304	TRUE	TRUE	TRUE	FALSE	51768	1.2987350235105066	1.133923811570544	1.1982496606784558	1.2103028319198355	1.285454532014714	1.1237865002862366	1.1860761258269612	1.1984390527093038	-0.013280492237508249	-0.010137311318384573	-0.012173534298361247	-0.011863779284751356	1.3429285434495781	1.1732218285903584	1.243094551943616	1.253081641327851	0.10166753214459649	0.08873334442058263	0.10186331709727751	0.09742139788748554	0.2679293570495346
-303	TRUE	TRUE	TRUE	FALSE	51768	1.3046497848311671	1.1383015878695688	1.2028236261994858	1.2152583329667406	1.2919617028276509	1.1280763171116523	1.1901920293634805	1.2034100164342612	-0.012688082845400118	-0.01022527047946896	-0.012631598153434273	-0.011848317159434452	1.3502908557165505	1.17852714242326	1.2482597223254157	1.2590259068217422	0.10397022516810832	0.0906763803861768	0.10350378912815279	0.09938346489414597	0.28588067898756436
-302	TRUE	TRUE	TRUE	FALSE	51765	1.3096517094713216	1.1424130783464193	1.2075045730019758	1.2198564536065724	1.2957052591720202	1.1313056553780618	1.1941037074449616	1.2070382073316812	-0.013946450500546062	-0.011107422476807663	-0.013400866446255426	-0.012818246474536384	1.3543005732870104	1.1822458729430736	1.2524221969473741	1.2629895477258193	0.10324417800660393	0.09077301264029722	0.10323611366596314	0.09908443477095477	0.2704810783677966
-301	TRUE	TRUE	TRUE	FALSE	51744	1.3145656152315557	1.1459349092240139	1.2115284189103241	1.224009647788631	1.3026109732078248	1.1357572337725403	1.199484430232123	1.2126175457374961	-0.011954641280214028	-0.010177674941436229	-0.012043990030246312	-0.011392102083965521	1.3597585922770903	1.1852919533944737	1.2563166362010616	1.2671223939575418	0.10234059647175173	0.08889176426189165	0.10162042353997346	0.09761759475787227	0.25750933462026676
-300	TRUE	TRUE	TRUE	FALSE	51726	1.3178303230053845	1.1487427581986915	1.214674696736775	1.2270825926469504	1.3049053446594918	1.1387600153729887	1.2028589932588403	1.2155081177637734	-0.012924978819420637	-0.009982741799334123	-0.011815703338336574	-0.011574474652363777	1.3623220404312828	1.188364594997146	1.2595895172829379	1.270092050903789	0.10190841420075342	0.0892264165075887	0.10164534355875916	0.0975933914223671	0.2904671728761896
-299	TRUE	TRUE	TRUE	FALSE	51711	1.323186673784509	1.1529903937645818	1.2195167155852724	1.2318979277114546	1.3106400567069223	1.143980140912911	1.209365865454518	1.2213286876914504	-0.012546616044330012	-0.009010252517581389	-0.010150851138990606	-0.010569239900300668	1.3686186306559864	1.1935684756465332	1.2656057838480392	1.2759309633835196	0.10341052976543245	0.09016641614435428	0.10232898602725088	0.0986353106456792	0.27624093504028135
-298	TRUE	TRUE	TRUE	FALSE	51702	1.3278405626035816	1.1569088420608253	1.2238825975731322	1.2362106674125133	1.3141872456875807	1.147056197868792	1.212630555257956	1.224624666271443	-0.013653318095827427	-0.009852644430255004	-0.011252041832192963	-0.011586001452758463	1.373038130725303	1.1972483621764138	1.2697285965892324	1.2800050298303163	0.10404845353809114	0.09053168408559079	0.10294404081474098	0.09917472614614095	0.26922356948079296
-297	TRUE	TRUE	TRUE	FALSE	51711	1.333598334037836	1.161258258107044	1.228819258166098	1.2412252834369926	1.3206814239792122	1.1514219607911507	1.2178575561545935	1.2299869803083188	-0.012916909339631216	-0.009836297654148616	-0.01096169982442199	-0.01123830227273394	1.3801352614116436	1.2022826974695766	1.2755673383663682	1.2859950990825293	0.10599076289573678	0.09188517501166611	0.1044578623276665	0.1007779334116898	0.2744395775523563
-296	TRUE	TRUE	TRUE	FALSE	51702	1.340070687529297	1.1662658877873657	1.2338397644921522	1.2467254466029383	1.3273499285803922	1.1568906308318356	1.2233940986664587	1.235878219359562	-0.012720758025646227	-0.009375256903969736	-0.010445665970063822	-0.010847226966559929	1.3858923164084007	1.2071285648062806	1.2808183782163374	1.291279753143673	0.10436401599960174	0.09110061065454068	0.10440289357181937	0.0999558400753206	0.2892263550948389
-295	TRUE	TRUE	TRUE	FALSE	51696	1.3437674703966112	1.1696301023293785	1.2379000657015997	1.2504325461425296	1.3301743612465493	1.1595690408699721	1.22635284994511	1.2386987506872102	-0.01359310850268732	-0.010061060196608903	-0.01154721598712759	-0.011733794895474605	1.3896282940110716	1.210334001942979	1.2843549648352741	1.2947724202631083	0.10531475613041401	0.09146886105030508	0.10445701533195163	0.10041354417089023	0.27691805956930293
-294	TRUE	TRUE	TRUE	FALSE	51714	1.3500173673818319	1.1742737992471763	1.2430001704743618	1.255763779034457	1.3348927369183157	1.1628706927143253	1.2294767052344884	1.2424133782890432	-0.015124630134868861	-0.011403107327668353	-0.013523465326358626	-0.013350400929631948	1.3952048388096234	1.2139574377554783	1.28814661543415	1.2991029639997507	0.10549957372334724	0.09077038388743733	0.10381635390671178	0.1000287705058321	0.27761230972285367
-293	TRUE	TRUE	TRUE	FALSE	51720	1.3566308279926276	1.1791029618359963	1.2480160496721588	1.261249946500261	1.3427707947655312	1.1693817054064775	1.2359906603514852	1.2493810535078311	-0.013860032891899219	-0.009721254669195585	-0.012025390016263935	-0.011868892525786247	1.4023279226294663	1.2199532753085955	1.294214600718249	1.3054985995521033	0.10525422254676478	0.0914218838858316	0.10442249114851258	0.10036619919370299	0.27266049894200783
-292	TRUE	TRUE	TRUE	FALSE	51714	1.3619277470244133	1.1832698804228785	1.252742641374519	1.2659800896072704	1.3481365834716952	1.1734528246025593	1.2403753311925416	1.2539882464222654	-0.013791165257351072	-0.009817055531912146	-0.012367311397822604	-0.01199184406236194	1.408016765568005	1.2246271419732093	1.2994616837593798	1.3107018637668648	0.10596920110120553	0.09253157947839791	0.1058053964748368	0.1014353923514801	0.2800081795469304
-291	TRUE	TRUE	TRUE	FALSE	51708	1.3674229582124666	1.1874740916196005	1.2575491585305087	1.2708154027875254	1.352569257663815	1.177168167829671	1.2438639399049223	1.2578671217994695	-0.014853699980945306	-0.010305920887217816	-0.013685218229591546	-0.012948279699251556	1.4128084910957641	1.2284157590724756	1.303501895267162	1.3149087151451337	0.10562476706352074	0.09218925895061247	0.10559069180495842	0.1011349059396972	0.29427036429611875
-290	TRUE	TRUE	TRUE	FALSE	51708	1.3716295719654077	1.190944050317288	1.2615813666636102	1.2747183296487685	1.3546314472694003	1.1791586583276292	1.2469443739714405	1.2602448265228232	-0.016998126720454403	-0.011785392148023472	-0.01463699240686275	-0.014473503758446877	1.4154684705062701	1.2310466224824035	1.3067279025043512	1.3177476651643416	0.1046759216406591	0.09199053498883124	0.10493006522929021	0.10053217395292685	0.27414220203850587
-289	TRUE	TRUE	TRUE	FALSE	51702	1.3780144373182035	1.1961113136832244	1.2674379375092584	1.2805212295035624	1.3605719942479486	1.1843457155021413	1.2535957696271296	1.2661711597924066	-0.01744244364906631	-0.011765596521217454	-0.013842166893415424	-0.014350069021233064	1.4217078490760564	1.2361348867711663	1.312903816168151	1.3235821840051247	0.10482926642391761	0.09181274491867848	0.10477392560825942	0.10047197898361851	0.2816806315874486
-288	TRUE	TRUE	TRUE	FALSE	51693	1.38349879036324	1.2006056047384197	1.2724838106704932	1.285529401924051	1.367547459224788	1.1900204608199747	1.2592622114848868	1.2722767105098831	-0.01595133190762288	-0.010585143721723964	-0.013221598379030593	-0.013252691336125812	1.4283514570354447	1.2409300582268317	1.3184713025408932	1.3292509392677232	0.10565666423936851	0.09123405124184585	0.1051965836359696	0.10069576637239465	0.28364180802927796
-287	TRUE	TRUE	TRUE	FALSE	51684	1.3896827649767654	1.205266274001425	1.277749233366343	1.2908994241148442	1.375539776662086	1.1955238370571233	1.2653419574089038	1.2788018570427042	-0.014142987521736006	-0.009742437567532644	-0.0124072735289417	-0.012097566206070116	1.435270888395387	1.2456509430968865	1.32366981175448	1.3348638810822513	0.10531923600079901	0.0905117763253809	0.10424843243388665	0.10002648158668885	0.2895730203878679
-286	TRUE	TRUE	TRUE	FALSE	51687	1.3959213302764835	1.2102252276153136	1.2828162205252545	1.2963209261390172	1.3811973567117797	1.2005430989724586	1.2713235439040225	1.2843546665294203	-0.014723973761247115	-0.009682128231135468	-0.011492676999668631	-0.01196625966401707	1.4412148934076898	1.251032624762889	1.3293873285242082	1.3405449488982626	0.10531109948028668	0.0912969224983308	0.10463489225495964	0.1004143047445257	0.28479807289072434
-285	TRUE	TRUE	TRUE	FALSE	51681	1.400098634101717	1.2138037341326702	1.2871714080313823	1.3003579254219233	1.3841476565659416	1.2029806558332967	1.2737950247030843	1.2869744457007743	-0.01595097915567729	-0.010823077387724526	-0.013376383176258808	-0.013383479906553543	1.445445486677126	1.254195269514414	1.3332601707685525	1.3443003089866974	0.10664468300549318	0.09160614915004069	0.10555390819344916	0.10126824678299434	0.32024513839986984
-284	TRUE	TRUE	TRUE	FALSE	51678	1.4065391403316982	1.2185270577196528	1.2924188511210375	1.3058283497241294	1.3916027292706423	1.2087538788843422	1.2795520380290757	1.2933028820613535	-0.014936409977755435	-0.009773179002588898	-0.012866813300251821	-0.012525467426865385	1.4520844279871572	1.2592871987178753	1.3384408924616007	1.3499375063888779	0.10602698545926967	0.09129346168885916	0.10491089642058653	0.1007437811895718	0.31012179300484727
-283	TRUE	TRUE	TRUE	FALSE	51669	1.4135095222441807	1.2236975253131452	1.298064813946277	1.3117572871678678	1.3972595798266498	1.2122528875081164	1.28344907792773	1.2976538484208322	-0.01624994349001085	-0.011444637851428695	-0.014615735864510145	-0.014103439068649897	1.4589790672888918	1.263864579364966	1.3437535873271893	1.3555324113270157	0.10718903277186087	0.09177874449287758	0.10599328286125495	0.10165368670866447	0.2961988625708179
-282	TRUE	TRUE	TRUE	FALSE	51657	1.4189907659253418	1.227871072275264	1.3027880023644545	1.31654994685502	1.4048463948064553	1.2183318615243233	1.290007191751792	1.3043951493608568	-0.014144370400369177	-0.009539211552664753	-0.012780809535168282	-0.012154797162734071	1.4652557814498561	1.2687110910195103	1.3488470365705247	1.3609379696799637	0.10667440190359484	0.09121924855669537	0.10489887912024115	0.10093084319351045	0.29470898398657575
-281	TRUE	TRUE	TRUE	FALSE	51660	1.4252899931007155	1.2326942405865686	1.3082011016484425	1.3220617784452422	1.4111850168817734	1.2234837827918996	1.2955079369214357	1.3100589121983695	-0.014104977199700624	-0.00921045731878822	-0.012693163736833836	-0.012002866085107559	1.470681941221171	1.2731293092628466	1.3537261131794849	1.3658457878878343	0.10488887335415174	0.09008059541697094	0.10374318586216476	0.09957088487776249	0.26463403016968756
-280	TRUE	TRUE	TRUE	FALSE	51651	1.4293491090306452	1.2361040658162947	1.3120808359122076	1.3258446702530493	1.4169408984244458	1.2272765263965892	1.3013921555088792	1.3152031934433048	-0.012408212768375513	-0.00882753916215057	-0.010688679341571307	-0.01064147709069913	1.4768153984222863	1.2774334825476439	1.3592062903311626	1.3711517237670308	0.1073407896196448	0.09148637302221489	0.10493959009616351	0.10125558424600774	0.2763562180179725
-279	TRUE	TRUE	TRUE	FALSE	51645	1.4356056208709724	1.2410543009091504	1.3176778376809024	1.3314459198203419	1.4226596505055722	1.2304279619868408	1.3051190289212864	1.3194022138045662	-0.012945970465233471	-0.010626340799138208	-0.0125588091979725	-0.012043706820781394	1.4823968438091317	1.281347449935685	1.3638147284494013	1.3758530073980728	0.1065284170568051	0.09121263751394453	0.10483259085637263	0.10085788180904076	0.281213186189229
-278	TRUE	TRUE	TRUE	FALSE	51654	1.4418878806432023	1.246112733669793	1.3234471595866406	1.3371492579665454	1.4294336028252823	1.237112425421966	1.3126387675277011	1.3263949319249833	-0.01245427859031289	-0.009000309097764853	-0.010808391355593772	-0.010754326347890506	1.4884547507677812	1.2870318843951691	1.3705360653756642	1.382007566846205	0.10558801964483683	0.09083860990706202	0.10498620363140371	0.10047094439443419	0.2836991516410946
-277	TRUE	TRUE	TRUE	FALSE	51633	1.448134232105744	1.2507277584641083	1.3284523840863627	1.342438124885405	1.4342544924230862	1.2407151656415867	1.3169778485101025	1.3306491688582585	-0.013879738319605105	-0.01001259312685683	-0.011474536355047922	-0.01178895593383662	1.494453376591943	1.2912355879331379	1.3752011001043096	1.3869633548764635	0.1065180277511674	0.09102825348744235	0.10497196724117648	0.10083941615992874	0.28354883470664954
-276	TRUE	TRUE	TRUE	FALSE	51627	1.455271603860585	1.2564072520300424	1.3343398307564427	1.3486728955490233	1.4425555656681948	1.247055270470242	1.3231738487704903	1.3375948949696421	-0.012716038671532332	-0.009351981377966244	-0.011165983050626847	-0.011078001033375142	1.5026404662014117	1.2977102612659346	1.3817336558135738	1.3940281277603068	0.1074537660209517	0.09195799835584292	0.10595363294647651	0.10178846577442371	0.2931665412137714
-275	TRUE	TRUE	TRUE	FALSE	51630	1.4602953218567984	1.2607091180346575	1.339341775488268	1.3534487384599079	1.4474712000832926	1.2514222711565943	1.3286910517334873	1.3425281743244581	-0.01282412158391116	-0.009286848308791555	-0.010650723171824868	-0.01092056435484253	1.5075005985104781	1.3020308209368012	1.3869991013126788	1.398843506919986	0.1072346745899876	0.09193025402881992	0.10596537440996509	0.10171010100959087	0.2841504359743309
-274	TRUE	TRUE	TRUE	FALSE	51618	1.4668387361298214	1.2654440484214242	1.3445756314950064	1.3589528053487507	1.451986493366985	1.2547601741442562	1.3321003822898736	1.3462823499337049	-0.014852241953917397	-0.01068387555188028	-0.012475249905001018	-0.012670455803599564	1.512955958237609	1.3060492914557063	1.3912969320128032	1.4034340605687063	0.10708668772702512	0.09189436112829766	0.10591784968432268	0.10163296617988181	0.29251086881057214
-273	TRUE	TRUE	TRUE	FALSE	51606	1.474448761410925	1.2709671754725085	1.3504321846253977	1.36528270716961	1.458849695694887	1.2603233920718222	1.3373821408477526	1.3521850762048206	-0.015599066363740217	-0.010643783189393637	-0.013050042910316079	-0.013097630821149977	1.5202271767496376	1.311634010144031	1.396910578641391	1.4095905885116866	0.10715589714160159	0.09197745293427237	0.1060068326041173	0.10171339422666374	0.29438989723054887
-272	TRUE	TRUE	TRUE	FALSE	51600	1.4806191448432233	1.275719705101625	1.3557782790015607	1.370705709648803	1.464646446766965	1.2650335853994013	1.3426269652279994	1.3574356657981217	-0.015972698307316204	-0.010686121177420993	-0.013151314319856871	-0.013270044601531356	1.5261898387452402	1.3160621251574844	1.4019061485881539	1.4147193708302928	0.10711408537304928	0.09137095964071652	0.10540705388764698	0.10129736630047093	0.2852359303397527
-271	TRUE	TRUE	TRUE	FALSE	51594	1.4870773032542033	1.2806143587489836	1.3612930900572153	1.3763282506868009	1.4718110479876683	1.2695563020770173	1.3474677169106188	1.3629450223251016	-0.0152662556152983	-0.011058056317565111	-0.013825372461174264	-0.013383228131345891	1.533257260459019	1.321154805299955	1.4075314462886859	1.4206478373492202	0.10762616839141478	0.09213894791992706	0.10630208685705748	0.10202240105613312	0.2797642750992494
-270	TRUE	TRUE	TRUE	FALSE	51588	1.492190551430958	1.2846355354305024	1.3658187138061881	1.3808816002225495	1.4779133231155055	1.2750202988203447	1.352801573574598	1.3685783985034827	-0.014277228358981242	-0.00961523655721708	-0.013017140463407188	-0.012303201793201837	1.5393181401017688	1.3258966268618047	1.412420282321929	1.4258783497618341	0.10853240655025408	0.09213741874809019	0.10622027806294895	0.10229670112043107	0.2730404749578896
-269	TRUE	TRUE	TRUE	FALSE	51585	1.499150136679701	1.2899963918832829	1.3716665756254434	1.3869377013961424	1.4849963138494542	1.2802930311304317	1.3592782987314398	1.3748558812371086	-0.014153821650130497	-0.009703359593412376	-0.01238827661913812	-0.012081819287560332	1.5460914903891065	1.3309667474566675	1.4187170760516343	1.4319251046324695	0.10803653100796243	0.09164407175209036	0.10648927718718686	0.10205662664907988	0.3039581856762722
-268	TRUE	TRUE	TRUE	FALSE	51573	1.5057220232647637	1.2954331525133682	1.3777872615893176	1.3929808124558165	1.493074411392181	1.2860418018391224	1.3656539799593184	1.381590064396874	-0.012647612702540285	-0.009391350911198621	-0.012133281913177644	-0.011390748508972183	1.5532801920820032	1.336608525107027	1.4251984186391147	1.4383623786093815	0.10776395030705967	0.09174209575962312	0.10695559658924524	0.10215388088530934	0.3015629113281797
-267	TRUE	TRUE	TRUE	FALSE	51576	1.5125921840646837	1.300623198029267	1.3832673654505092	1.39882758251482	1.4965494440674234	1.2890387139336708	1.3684890638572462	1.3846924072861133	-0.016042739360379043	-0.011584485191886472	-0.014778301476697859	-0.01413517534298779	1.5584337275054356	1.3409419130016098	1.4293061978504684	1.4428939461191714	0.10772582729008409	0.09222191494280323	0.10685596704423646	0.1022679030923746	0.30061930021909905
-266	TRUE	TRUE	TRUE	FALSE	51567	1.5201858786362703	1.3065669316518063	1.3893725262763674	1.405375112188148	1.5052969278815587	1.2957432041093984	1.3752018210839856	1.392080651024981	-0.014888950523303536	-0.010823726929945723	-0.01417070422744196	-0.013294460560230406	1.5675876770022352	1.347823435420554	1.4365658290753927	1.450658980499394	0.10969254818453786	0.09333673395600185	0.1085573125785018	0.1038621982396805	0.2920642270844973
-265	TRUE	TRUE	TRUE	FALSE	51552	1.525898625021505	1.311582625890877	1.395254459660668	1.41091190352435	1.5095808055232711	1.299590479627496	1.3803593357666755	1.3965102069724808	-0.016317817981861302	-0.01199214512862196	-0.014895122765189464	-0.01440169529189091	1.5722853123404343	1.3520175178906102	1.4415580964543666	1.4552869755618036	0.1090911939700992	0.0928619312869696	0.10750239744489935	0.10315184090065604	0.2903296085841175
-264	TRUE	TRUE	TRUE	FALSE	51546	1.5331209266385997	1.3167377073590392	1.4009864061940172	1.416948346730552	1.5174979391902195	1.304484643649773	1.3859012261872625	1.4026279363424183	-0.015622988298208051	-0.012253063699013092	-0.01508518044955552	-0.014320410815592221	1.5803187182125837	1.3575888765824125	1.4480545029440604	1.461987365913019	0.11001857072946451	0.09395540116683083	0.10922137340184866	0.10439844843271466	0.3240812480305536
-263	TRUE	TRUE	TRUE	FALSE	51543	1.540911664068015	1.3225279341471794	1.4069871464807608	1.4234755815653184	1.5239780003993053	1.3106024193633896	1.3922512861455318	1.4089439019694088	-0.016933663582539955	-0.011925515829906875	-0.01473586020132302	-0.014531679871256618	1.5871754512072522	1.3636158186059266	1.4543623455271644	1.468384538446781	0.10946123773258742	0.09410128420645654	0.10948626014930003	0.10434959402944799	0.2943098187094536
-262	TRUE	TRUE	TRUE	FALSE	51537	1.5475234345046738	1.3276192487335756	1.4126492392175622	1.429263974151937	1.5326031068736155	1.3164437580390762	1.3993463863681899	1.4161310837602938	-0.014920328370929999	-0.011175490178089716	-0.0133028522073529	-0.013132890252124205	1.594782087077235	1.3688406805133018	1.460197695165988	1.4746068209188417	0.10943763369273117	0.09361835264615533	0.10839976461926243	0.10381858365271632	0.30317736779518867
-261	TRUE	TRUE	TRUE	FALSE	51531	1.5554019189392823	1.3335965107892647	1.419392448612388	1.4361302927803117	1.5398819640917594	1.3212485229963864	1.4046032358629268	1.421911240983691	-0.015519952739988985	-0.012347987763978137	-0.014789213263853601	-0.014219051255940241	1.6028007340288954	1.3747647519034565	1.46715535038222	1.4815736121048573	0.11031758417495025	0.09468446999429656	0.11031501670524642	0.10510569029149774	0.27635087607133724
-260	TRUE	TRUE	TRUE	FALSE	51519	1.561116381866604	1.3380793295079798	1.4243724718765218	1.4411893944170353	1.545298629752355	1.3262649686062669	1.409957435262327	1.4271736778736497	-0.01581775138544971	-0.011814361213658798	-0.014415035416199887	-0.014015716005102796	1.608429776719855	1.3796474897145181	1.4722069042794137	1.486761390237929	0.11044454032932213	0.09495068291227973	0.11008390141144705	0.10515970821768297	0.3114619464274142
-259	TRUE	TRUE	TRUE	FALSE	51501	1.569844901858086	1.3447932882812235	1.4319045439890687	1.4488475780427925	1.5532554938737642	1.3314565888393677	1.415918825909574	1.4335436362075686	-0.016589409555135316	-0.013336700655250321	-0.015985718558003067	-0.015303942922796234	1.6169457487129988	1.3853909065633168	1.4788436050278726	1.4937267534347296	0.11079110305081352	0.0945319356894615	0.10986384091303708	0.1050622932177707	0.2973626142741251
-258	TRUE	TRUE	TRUE	FALSE	51486	1.5763685560232354	1.3500454125702144	1.4378357424327752	1.4547499036754081	1.5585384673080682	1.3359326730966137	1.4205165543262894	1.4383292315769907	-0.01783008797106375	-0.014112738722880346	-0.01731918796206409	-0.01642067155200273	1.6224355899927034	1.389890301614514	1.4841790914582889	1.4988349943551689	0.10996415697926121	0.09380251681267468	0.11000588580089722	0.10459085319761104	0.27840682965148
-257	TRUE	TRUE	TRUE	FALSE	51468	1.5834774625993548	1.3553904297546393	1.4434893048707982	1.460785732408264	1.5646484574009887	1.341267379850596	1.4269077970775854	1.4442745447763898	-0.018829005745455117	-0.01412305290419119	-0.01658150561294457	-0.01651118808753029	1.6288799760015895	1.3951547320485067	1.490095744400581	1.5047101508168925	0.10963403303632901	0.09365165484460208	0.1097943869790865	0.1043600249533392	0.29078899565998106
-256	TRUE	TRUE	TRUE	FALSE	51453	1.5918987323803695	1.3621712855325685	1.450512739559439	1.4681942524907923	1.5744864205289604	1.349762280237264	1.4350453128451832	1.4530980045371358	-0.017412312956283493	-0.012409005175260154	-0.015467426221569137	-0.015096248117704261	1.6372220690257964	1.402399059921204	1.4968996173819786	1.5121735821096598	0.10805898404380614	0.09286455471160256	0.10824118390549511	0.10305490755363458	0.28262416226520565
-255	TRUE	TRUE	TRUE	FALSE	51444	1.598061238294694	1.3672117605866527	1.4563745880455192	1.4738825289756219	1.5834340128792368	1.3565035294429701	1.4431144104599671	1.461017317594058	-0.014627223765076922	-0.010708231852387465	-0.013260177800854813	-0.012865211139439734	1.6449587812230464	1.408087959154425	1.50370728800759	1.518918009461687	0.10842231119087165	0.0924606292246776	0.10792557617726986	0.10293617219760637	0.30315681088372465
-254	TRUE	TRUE	TRUE	FALSE	51438	1.6062264913873836	1.373206124346862	1.4629999278981676	1.480810847877471	1.5908335326336491	1.3616798764394444	1.449324081453502	1.4672791635088653	-0.01539295683648436	-0.011526246886460884	-0.013675847408625999	-0.013531683710523748	1.652619205266984	1.4135428634108649	1.509719696693394	1.5252939217904142	0.10817838692244146	0.09219972640793747	0.10711538529421341	0.10249783287486411	0.2976399161778821
-253	TRUE	TRUE	TRUE	FALSE	51423	1.6153511840770467	1.379932494994677	1.4701688009188467	1.4884841599968568	1.5981834259638545	1.3681640522614065	1.454748349795116	1.4736986093401256	-0.01716775859588993	-0.011768441777792113	-0.015420452256234927	-0.014785550876638989	1.6608451659625323	1.4200569108659697	1.5158597604938981	1.5322539457741335	0.10815572242769356	0.0920172757776106	0.10680236933406899	0.10232512251312438	0.2817911432209787
-252	TRUE	TRUE	TRUE	FALSE	51411	1.6223430239156895	1.385244768733921	1.476008412835988	1.4945320684951997	1.6078989867981208	1.3748482313838881	1.4636134033090002	1.4821202071636699	-0.014444039270741811	-0.010396538025047159	-0.012395008968359933	-0.012411862088049634	1.6688152267168057	1.4257472236642028	1.5229435836059182	1.5391686779956422	0.10738844278898349	0.0914014467318457	0.10626535034394155	0.10168507995492358	0.2867175699355605
-251	TRUE	TRUE	TRUE	FALSE	51393	1.6313582271003118	1.3920141820208287	1.483572001406636	1.5023148035092588	1.617441692371115	1.3821365521596864	1.4725691701116776	1.4907158048808262	-0.013916532934453643	-0.00987762973262278	-0.011002831144627825	-0.01159899793723475	1.678621865217034	1.4333182712902792	1.531541116018289	1.5478270841752007	0.10844380948402073	0.0924858078005526	0.10694106036811608	0.10262355921756312	0.28722053503001527
-250	TRUE	TRUE	TRUE	TRUE	51378	1.6384898854702346	1.39770250847041	1.4899287365198344	1.5087070434868264	1.6231117469368592	1.386629278438586	1.4773844994244607	1.4957085082666355	-0.01537813917933764	-0.011073229729160479	-0.012544237205683427	-0.012998535371393848	1.6858445147265504	1.4389376184873206	1.5375468764640143	1.5541096698926287	0.11008739748723977	0.09354345078005223	0.10778051644153033	0.1038037882362741	0.29529948571916875
-249	TRUE	TRUE	TRUE	TRUE	51375	1.648264098762073	1.4051270812950276	1.4982232462385932	1.5172048087652312	1.6313659023434557	1.3939135690645343	1.4855687809480094	1.5036160841186665	-0.016898196899679318	-0.011213511939356068	-0.012654464319392858	-0.013588724386142748	1.6953901121057762	1.4471466656650962	1.546894173506488	1.563143650425787	0.11115022192911338	0.09525267945300891	0.10999631960662136	0.10546640699624789	0.3089785112691975
-248	TRUE	TRUE	TRUE	TRUE	51369	1.6563714662257136	1.4116192163141186	1.5056365326994028	1.5245424050797447	1.6399292422646294	1.40007512503237	1.4918106388676644	1.510605002054888	-0.016442222841046097	-0.011544091085897195	-0.013825895347931024	-0.013937403091624771	1.7035987000477424	1.452792020894649	1.5532578266574293	1.5698828491999401	0.11089669168160755	0.09388970030422601	0.10906848194123402	0.10461829130902252	0.3054062369383952
-247	TRUE	TRUE	TRUE	TRUE	51366	1.6647237993659665	1.4181311827082168	1.5126321862300982	1.5318290561014274	1.6470463463432858	1.4053662993359366	1.4972442738348632	1.5165523065046953	-0.017677452129295654	-0.01276488226170066	-0.015387909811615945	-0.015276748067537418	1.7113313532428491	1.4588104959023611	1.5596897695153646	1.576610539553525	0.11089256097674835	0.09412350953043887	0.10950307892723765	0.10483971647814162	0.29551512727307705
-246	TRUE	TRUE	TRUE	TRUE	51360	1.6737047798668716	1.4250358944683656	1.519953900997676	1.5395648584443042	1.654442585144463	1.4119690790093167	1.5038256340208662	1.5234124327248821	-0.019262196785124884	-0.013066814530805233	-0.01612826730725001	-0.01615242620772671	1.719524654660193	1.4653295848666252	1.5662626308453662	1.5837056234573945	0.11090194560640043	0.09365419588059594	0.10874572601515664	0.104433955834051	0.29333563145382274
-245	TRUE	TRUE	TRUE	TRUE	51366	1.6810761128714065	1.4310095565005438	1.5267893167862605	1.546291662052737	1.6621614241419027	1.417652045382126	1.5109908130733172	1.5302680941991151	-0.018914687475419644	-0.013357511552652952	-0.015798503118863244	-0.01602356738231195	1.7280974213588292	1.4715630442910268	1.5734229304987684	1.591027798716208	0.11295730433818806	0.09446448622202715	0.10906573122028412	0.10549584059349978	0.29567287629487227
-244	TRUE	TRUE	TRUE	TRUE	51345	1.689501830358679	1.4373442132326812	1.5338343174949027	1.5535601203620877	1.672121074160504	1.4259008728076146	1.5200141913751823	1.539345379447767	-0.017380755219861883	-0.011443339904982558	-0.01382012786647349	-0.014214740997105978	1.73691384334743	1.4787392787130336	1.581847463679962	1.5991668619134751	0.11220478156004858	0.09423347095550312	0.1098464180385426	0.10542822351803144	0.28097324026573045
-243	TRUE	TRUE	TRUE	TRUE	51333	1.6993271748175462	1.4447548022484098	1.5418801310893664	1.5619873693851076	1.681275444301225	1.4327101179653028	1.5273011219526789	1.5470955614064021	-0.018051732913211417	-0.012044684842116233	-0.014579009907599506	-0.014891809220975718	1.7462829501180699	1.4859053889874614	1.58969573724754	1.6072946921176905	0.1119632821215339	0.0943458571284859	0.1102102206468515	0.1055064532989571	0.3003217820090109
-242	TRUE	TRUE	TRUE	TRUE	51333	1.7080687958720757	1.4515741057794336	1.549641966777717	1.5697616228097422	1.6918201054751694	1.4409818722349144	1.5361544199717498	1.556318799227278	-0.016248691079265805	-0.010592231077307532	-0.013487546861799848	-0.013442823006124396	1.7561388818446977	1.493845607752405	1.5982475448956677	1.6160773448309234	0.11238886356311338	0.09513523846771217	0.11069870430658645	0.10607426877913734	0.2818184213631414
-241	TRUE	TRUE	TRUE	TRUE	51330	1.7180185190341155	1.45909788602703	1.558144965461532	1.5784204568408926	1.7004194770993162	1.4463069240624669	1.5426659277551502	1.5631307763056443	-0.017599041986385608	-0.012790961719131445	-0.015479036628353768	-0.015289680111290274	1.76566383172924	1.5000883417748183	1.6060012869716747	1.6239178201585778	0.11288966734869585	0.09477187213816608	0.11119167928859769	0.10628440625848654	0.30063576832354344
-240	TRUE	TRUE	TRUE	TRUE	51324	1.7259246324820172	1.465372747052292	1.5651472611467134	1.5854815468936743	1.7082290937236075	1.4531926231231476	1.5500479046066005	1.570489873817785	-0.0176955397915066	-0.012180123116805731	-0.015099358969116954	-0.014991673959143097	1.7737931629337764	1.506794520046241	1.613298636772483	1.6312954399175001	0.11343260010411674	0.09502367102547195	0.11140210794205783	0.10661945969054884	0.29501548944398814
-239	TRUE	TRUE	TRUE	TRUE	51297	1.7364370559951017	1.4732291376219095	1.5738471234464981	1.5945044390211698	1.7183116360300565	1.4597054944830465	1.5572070834018414	1.5784080713049815	-0.018125420343042396	-0.013523644478470391	-0.016640040149931725	-0.016096368323814836	1.7833265267022647	1.5133831530427413	1.620932444139153	1.6392140412947196	0.1119043633525121	0.09383167418215162	0.11081068157032845	0.1055155730349974	0.2682931749387767
-238	TRUE	TRUE	TRUE	TRUE	51297	1.7454996871445378	1.4806523140365875	1.582287659245113	1.6028132201420795	1.7281159087469096	1.4678953014158418	1.567308093890235	1.5877731013509955	-0.017383776368751363	-0.01275701291337986	-0.01497956720031869	-0.015040118827483306	1.7923932069798882	1.5210337598801404	1.629884887738183	1.6477706181994036	0.11117081819482262	0.09351990430666374	0.11017402390194124	0.1049549154678092	0.27722977897498385
-237	TRUE	TRUE	TRUE	TRUE	51288	1.754140781495378	1.487062621462398	1.5890780825316975	1.6100938284964912	1.7369401751517874	1.4740436372400578	1.5735103293644563	1.594831380585434	-0.017200605168196947	-0.013018985057770407	-0.015567752988631075	-0.015262447738199477	1.8008032910980882	1.5271356143214059	1.6361881607588105	1.6547090220594347	0.11052562449582806	0.09316497049841456	0.109787910518163	0.10449283517080188	0.2797811766320249
-236	TRUE	TRUE	TRUE	TRUE	51285	1.7641627544360288	1.4948411117656928	1.5972904168674253	1.618764761023049	1.7460893024362825	1.4813910063322346	1.5804803622697792	1.6026535570127654	-0.018073453266277746	-0.013450106820978493	-0.016810055229374513	-0.016111205105543584	1.8110315042808942	1.5352919943907546	1.6449277937495541	1.6637504308070676	0.11181095132586244	0.09435187216469315	0.11208480959080414	0.10608254436045324	0.27717268224716385
-235	TRUE	TRUE	TRUE	TRUE	51276	1.7724261362261529	1.5014876711712333	1.604763526834634	1.6262257780773401	1.7544115745753033	1.4880221046383248	1.5883552544732924	1.61026297789564	-0.018014561127546146	-0.013465567668980962	-0.01640827087789882	-0.01596279989147531	1.81971044484112	1.542384875648398	1.6525143623941267	1.6715365609612147	0.11258318136771325	0.09525997570045244	0.11190994242408771	0.1065843664974178	0.2939657146316036
-234	TRUE	TRUE	TRUE	TRUE	51282	1.7826276813589896	1.5089403072532175	1.6132839769145997	1.6349506551756023	1.7652481849497277	1.4969084868957336	1.5986059332529123	1.620254201699458	-0.017379498585139073	-0.012031818969710666	-0.014678042195995613	-0.014696453250281783	1.8302362278111897	1.5502663250889783	1.6619691032352315	1.6808238853784665	0.11259659089284811	0.09468385569289867	0.11204829701506955	0.10644291453360544	0.2544901139186697
-233	TRUE	TRUE	TRUE	TRUE	51267	1.7934129064159245	1.5171340053930737	1.622165125489499	1.6442373457661659	1.7774509513738288	1.5053815451708108	1.6083505780903449	1.6303943582116616	-0.01596195488020602	-0.01175246050335472	-0.013814545110424417	-0.013842986831328386	1.8415692613211148	1.5587974911407543	1.6713604276414733	1.690575726701114	0.11227466491842733	0.09507943129813792	0.11220515135571352	0.10651974919075959	0.2617008006788913
-232	TRUE	TRUE	TRUE	TRUE	51249	1.8035998390215133	1.525020833989967	1.6309476065309663	1.6531894265141487	1.7865085846009685	1.5130240659275338	1.6156590882451631	1.6383972462578886	-0.017091254977768082	-0.011996768781223402	-0.015288518319998173	-0.014792180692996551	1.8513294319952613	1.5663186555568847	1.6792654974032015	1.6989711949851156	0.11255044058605523	0.09459241167141136	0.11192430046405619	0.10635571757384092	0.29350699569959865
-231	TRUE	TRUE	TRUE	TRUE	51237	1.8148508851867404	1.533563682757814	1.6403832180094793	1.6629325953180114	1.7992438407545068	1.5214024413757354	1.6258794676864996	1.6488419166055805	-0.01560704308074001	-0.012161242734307959	-0.01450375169714349	-0.014090679170730487	1.862619410008366	1.574490143031645	1.6885595889935336	1.708556380677848	0.1111440934619699	0.09401416280154863	0.1108564921413637	0.10533824946829408	0.2745126182160204
-230	TRUE	TRUE	TRUE	TRUE	51225	1.824189957335282	1.540895173331757	1.648500007216852	1.6711950459612972	1.8080920131608398	1.5290845950931404	1.6332915731729694	1.6568227271423166	-0.0160979435517203	-0.011810578165203332	-0.015208433985453842	-0.014372318567459158	1.8711493029428308	1.5817336332899792	1.6958102363179035	1.7162310575169044	0.11001663650487481	0.09348749786985872	0.10982889227508026	0.10444434221660459	0.2817796188183156
-229	TRUE	TRUE	TRUE	TRUE	51225	1.8359789166833411	1.5498328773677843	1.6584761417891092	1.6814293119467447	1.8202872330622233	1.5391181669718474	1.6438116501480946	1.6677390167273884	-0.015691683036368247	-0.010714711385234967	-0.014664492011800652	-0.013690295477801288	1.884011134715776	1.5917244417639234	1.7068082610155577	1.7275146124984193	0.11175612016378271	0.09449783849102832	0.11132873023757553	0.10586089629746219	0.2662880227362974
-228	TRUE	TRUE	TRUE	TRUE	51219	1.845791604900071	1.5574843230801818	1.6671905244560032	1.6901554841454187	1.8312724188727418	1.547528095987014	1.6538326264221055	1.677544380427287	-0.014519184397641395	-0.009956226060720351	-0.013357897893517434	-0.012611102783959728	1.895073926393406	1.5998220408355048	1.7156727982780082	1.736856255168973	0.11308382849527565	0.09463166341321698	0.11032244388521166	0.1060126452645681	0.2709137236253302
-227	TRUE	TRUE	TRUE	TRUE	51198	1.856092727634366	1.565251709532221	1.675390699310638	1.698911712159075	1.8415589913278385	1.5545235758749294	1.661649048302563	1.685910538501777	-0.014533735637501826	-0.010728134380328944	-0.013741653199269855	-0.013001174405700209	1.9053587600145734	1.6067720954400062	1.723225059770353	1.7451186384083108	0.1130658005895627	0.09376890489332432	0.10941037304660153	0.10541502617649617	0.2993130194696108
-226	TRUE	TRUE	TRUE	TRUE	51198	1.8664372190945744	1.5732063495426274	1.6838122458599147	1.7078186048323722	1.8493209495766978	1.5610970783676337	1.669045639375253	1.6931545557731948	-0.017116271402580305	-0.012109271265749537	-0.014766605803446879	-0.014664049490592239	1.9136238722767898	1.613485430106282	1.7308350058538404	1.7526481027456375	0.11148957479138444	0.09266743250833588	0.10881212558989851	0.1043230442965396	0.2770446498858818
-225	TRUE	TRUE	TRUE	TRUE	51183	1.8750246282504601	1.580104945631278	1.6915932598931411	1.7155742779249599	1.8584191387149218	1.5674119685886971	1.6769513652202495	1.7009274908412895	-0.01660548905486823	-0.012692976403055386	-0.014641894333024331	-0.014646786596982648	1.9234391677971188	1.62060121604986	1.7390984627460546	1.7610462821976778	0.11343456981647827	0.09368551780586609	0.10965230059728555	0.10559079607320997	0.27508317239138574
-224	TRUE	TRUE	TRUE	TRUE	51174	1.8861592962518121	1.5883085020436218	1.7007424264280266	1.7250700749078203	1.8696289653923805	1.575992653291749	1.6851263066165627	1.7102493084335642	-0.016530330809890546	-0.012315848034388585	-0.015616120725233221	-0.014820766523170784	1.9346214201713106	1.6289675902856677	1.7481009451968956	1.7705633185512915	0.11345457870285995	0.09363402414103651	0.11033315601982556	0.10580725295457401	0.26989154667199045
-223	TRUE	TRUE	TRUE	TRUE	51165	1.8975598346874534	1.5971381078229414	1.7106785082883418	1.7351254835995789	1.8779878032060997	1.5833549109448577	1.6938919777968116	1.7184115639825897	-0.019572032015036097	-0.013783198956729442	-0.016786529681772893	-0.016713920217846144	1.9448704562891799	1.6378521047990342	1.7583707906075934	1.7803644505652692	0.11419327555847167	0.09521119189905765	0.11217109536694138	0.10719185427482356	0.27643189663810114
-222	TRUE	TRUE	TRUE	TRUE	51165	1.9087114352588976	1.6057546009997234	1.7203659350287173	1.7449439904291129	1.8910109578939103	1.5936064505724525	1.705616107883523	1.7300778387832951	-0.017700475684579352	-0.012148151268740739	-0.014749827281854267	-0.014866151411724787	1.9568549120297627	1.6473673632180454	1.7691843364684972	1.7911355372387685	0.11398743031703334	0.09537367473455044	0.11238662954441885	0.10724924486533421	0.2829886834302328
-221	TRUE	TRUE	TRUE	TRUE	51159	1.9212796076027967	1.6153631809262166	1.7312087631052138	1.755950517211409	1.9034256438355246	1.602282989999529	1.7146089780259686	1.7401058706203407	-0.017853962253441266	-0.013080190649311119	-0.016599785925207822	-0.015844646275986737	1.9684491689377268	1.6558783705585827	1.7783195145410635	1.8008823513457912	0.1121930860465677	0.09411057063551992	0.11082128870890705	0.10570831513033155	0.2662522714016035
-220	TRUE	TRUE	TRUE	TRUE	51156	1.9322887624124006	1.6238879105864468	1.7406604858974133	1.7656123862987534	1.9138835262057832	1.6105613836224701	1.7243471762008784	1.7495973620097105	-0.018405235975593133	-0.013326527166669244	-0.016313310278140085	-0.016015024473467487	1.9793842383422964	1.6641649184382665	1.787675862943194	1.8104083399079192	0.11259618605137192	0.0938805434599884	0.1103440658514948	0.10560693178761836	0.2803428926879245
-219	TRUE	TRUE	TRUE	TRUE	51138	1.9450865958184629	1.633620651147234	1.7516592751032527	1.77678884068965	1.9275590386947234	1.6207682529245264	1.7362483684293637	1.7615252200162046	-0.017527556205881343	-0.01285239826456534	-0.015410907158162217	-0.015263620542869633	1.9935520970830731	1.6746711370354	1.8002192971875448	1.8228141771020059	0.1144585597148627	0.09495337153627503	0.11253095173517327	0.10731429432877033	0.27741663760840973
-218	TRUE	TRUE	TRUE	TRUE	51135	1.9562798730242932	1.6423871022317977	1.7616755582411345	1.7867808444990754	1.9387609700000015	1.6302590684417715	1.7464780766359873	1.77183270502592	-0.017518903428872242	-0.012128032962910268	-0.015197483683561845	-0.014948140025114786	2.0043844375515922	1.6840327396806187	1.8104436373883535	1.8329536048735215	0.11372803142973754	0.0954193083030205	0.11273364153683207	0.1072936604231967	0.28457911428679206
-217	TRUE	TRUE	TRUE	TRUE	51123	1.9672287026368869	1.650668668243265	1.7706227814811633	1.7961733841204384	1.9484976064631558	1.637134669586518	1.7546637588037581	1.7800986782844777	-0.018731094993724218	-0.01353399735515983	-0.01595902555007895	-0.016074705966321	2.0147164817635024	1.6911240376641024	1.8188397352634298	1.8415600848970115	0.11370665430511603	0.09444473758032904	0.11239293049009934	0.1068481074585148	0.2727339945716783
-216	TRUE	TRUE	TRUE	TRUE	51117	1.9784347919643523	1.659082951737258	1.7798026086764867	1.805773450792699	1.9615579162217969	1.6469470697603945	1.7644250212405774	1.7909766690742566	-0.016876875733767633	-0.012135883479923754	-0.015377587241422177	-0.014796782151704522	2.0267518130933966	1.7003603199285593	1.8282622929476253	1.8517914753231937	0.11351091944789378	0.09469062060302666	0.11229695664889185	0.10683283223327075	0.26928634269232454
-215	TRUE	TRUE	TRUE	TRUE	51120	1.9883332922050163	1.6671414428051723	1.788996009319792	1.814823581443327	1.9688884180698791	1.6537525995372147	1.773087997648757	1.7985763384186169	-0.019444873151618837	-0.013388842836039203	-0.01590801112942425	-0.016247242372360762	2.0352083605173212	1.7076473212739554	1.8368837613853521	1.859913147725543	0.11319501083008121	0.0944006004125287	0.11168351627199034	0.10642637583820008	0.29302816883422556
-214	TRUE	TRUE	TRUE	TRUE	51117	1.9995327285489477	1.6755698609165703	1.7986161377798486	1.8245729090817888	1.9796852217702532	1.6623175472037237	1.7821668309566776	1.8080565333102183	-0.01984750781866149	-0.013252313147605367	-0.016449306287988286	-0.016516375751418382	2.0467651706859358	1.7164657687070135	1.846716712011846	1.869982550468265	0.11431239193700429	0.09504412849505282	0.11265045382811296	0.10733565808672338	0.2922962614431059
-213	TRUE	TRUE	TRUE	TRUE	51093	2.0103286668225833	1.6840231141756579	1.8081609519548638	1.8341709109843685	1.99203520013332	1.6712534550653417	1.79199312618455	1.8184272604610705	-0.018293468232847287	-0.012769660182228493	-0.016167826751418327	-0.0157436517221647	2.058378502860502	1.7252122263463632	1.8568002698711512	1.8801303330260055	0.11439314033128598	0.09514788407681546	0.11344646157842422	0.1076624953288419	0.2864774233349907
-212	TRUE	TRUE	TRUE	TRUE	51081	2.022422855659209	1.6931547083820957	1.8183873129354584	1.8446549589922545	2.003708007841042	1.6805034127093117	1.8023086285561802	1.8288400163688447	-0.01871485071891508	-0.012651296502367649	-0.016078685519744066	-0.01581494424700893	2.071118886206849	1.735193673048288	1.8679740512897798	1.891428870181639	0.11610691123527353	0.09672922471001452	0.11525216273658281	0.10936276622729028	0.27556739262615165
-211	TRUE	TRUE	TRUE	TRUE	51063	2.03456925339807	1.7024748885402938	1.8289361963191375	1.855326779419167	2.0161257667180386	1.6896410172101366	1.812688864236713	1.8394852160549626	-0.01844348774250121	-0.012833871671286731	-0.016247335158897855	-0.015841564857561934	2.082787021738056	1.743960405583249	1.8780545632964643	1.9016006635392564	0.11487902327726722	0.09580490595461097	0.1144840666430305	0.10838933195830289	0.28821914074601723
-210	TRUE	TRUE	TRUE	TRUE	51051	2.045878650361853	1.7109262313817122	1.8386359715324476	1.8651469510920042	2.0251205031617245	1.6966064599179729	1.8212901771604642	1.8476723800800539	-0.02075814802574975	-0.014319771855797178	-0.01734579534669702	-0.017474571742747982	2.0926539424478645	1.751353843382722	1.8870216302609848	1.9103431386971907	0.11430873094806876	0.09517499620217347	0.11411711134360338	0.1078669461646152	0.28601292837925346
-209	TRUE	TRUE	TRUE	TRUE	51042	2.058987033033376	1.7209129331203878	1.8498230039689532	1.876574323374239	2.0382524931347006	1.706279182828594	1.832427715957266	1.85898646397352	-0.02073453712516127	-0.014633747876032123	-0.01739528723802582	-0.01758785741307307	2.1063518436690316	1.7620342895838794	1.8988647479654595	1.9224169604061234	0.11546416109332651	0.09687646361901274	0.11547877622394807	0.10927313364542911	0.2732989892421475
-208	TRUE	TRUE	TRUE	TRUE	51027	2.0705562642653486	1.7300519217025612	1.8601549699475861	1.8869210519718316	2.0500708889304318	1.7145165243767673	1.8421233812129478	1.8689035981733824	-0.02048537376470685	-0.01553539881789882	-0.018031589312291468	-0.018017453964965714	2.116915783172661	1.7698970066324484	1.9081003683140285	1.9316377193730458	0.1132044121994728	0.09522556874765019	0.11392238517127934	0.10745078870613411	0.27808613078506095
-207	TRUE	TRUE	TRUE	TRUE	51021	2.0821183716849228	1.7388795527627818	1.869947733759358	1.8969818860690206	2.0616840550341515	1.7236054375731669	1.8514063064818294	1.8788985996963827	-0.02043431627295864	-0.015274115300447932	-0.018541425905781263	-0.018083285826395946	2.129330317424422	1.7794431041430907	1.918107881935418	1.9422937678343102	0.11485820712680313	0.0964012181533969	0.11486172335530744	0.10870704954516916	0.2712156762456431
-206	TRUE	TRUE	TRUE	TRUE	51015	2.0946809232816777	1.748352094262906	1.880331605669443	1.9077882077380088	2.0733002006857117	1.7336958919254226	1.8624119987954915	1.8898026971355417	-0.021380722527651302	-0.014656203213490494	-0.017919607507132274	-0.017985511082758025	2.1418296447268226	1.7896889491362071	1.928800072101905	1.953439555321645	0.11567816578327571	0.09732991041184931	0.11485653888807622	0.10928820502773375	0.27708038817172426
-205	TRUE	TRUE	TRUE	TRUE	51003	2.1050064783073665	1.7567225628970964	1.8901363352357081	1.9172884588133903	2.08418044367005	1.7412081876476624	1.8699359756972904	1.8984415356716677	-0.020826033652370922	-0.01551437632891042	-0.02020035936205209	-0.01884692311444448	2.1526468797918072	1.7974419438797284	1.9378515831462768	1.9626468022726045	0.11610683975627865	0.09695313648256569	0.11563085512843663	0.10956361045576031	0.31169254719099476
-204	TRUE	TRUE	TRUE	TRUE	50997	2.1157889919865207	1.764832035287958	1.8993774296152177	1.9266661522965656	2.093797766618073	1.7486611340676415	1.8786290551006646	1.9070293185954594	-0.02199122615833231	-0.01617090123267095	-0.02074837417416595	-0.019636833855056404	2.163066299294741	1.8055190659027585	1.9470839015880086	1.9718897555951695	0.1165458403782837	0.09754496238950847	0.11616131885759633	0.11008404054179617	0.29927913336467704
-203	TRUE	TRUE	TRUE	TRUE	50994	2.1270412299284223	1.773568210996361	1.909459263965088	1.936689568296624	2.106666654269946	1.7588006273683516	1.8908901401914286	1.9187858072765756	-0.020374576527875672	-0.014767581710636954	-0.018569124248986518	-0.017903760829166383	2.1754652818880476	1.8149800845530406	1.9581545802344915	1.9828666488918603	0.1172226801904201	0.09759133027763219	0.1159597559413202	0.1102579221364575	0.2889689960600366
-202	TRUE	TRUE	TRUE	TRUE	50994	2.1393684217676427	1.7830250207740486	1.9203613092087581	1.9475849172501498	2.1178527996573524	1.7675311459956542	1.9016814975279994	1.9290218143936684	-0.021515620914511438	-0.015493877301712297	-0.018679810390874907	-0.018563102869032882	2.1872900255936685	1.823975246010368	1.9691920183946923	1.9934857633329097	0.11735883112829487	0.09739432666328594	0.1163412297031804	0.11036479583158706	0.2969031652854613
-201	TRUE	TRUE	TRUE	TRUE	50997	2.1525519466944893	1.7930820145682835	1.9317857649237056	1.9591399087288262	2.1292621670329313	1.776265587952844	1.911224873734737	1.9389175429068375	-0.02328977883386584	-0.016816427145812766	-0.02056089024914758	-0.020222365409608728	2.199810894384605	1.8337080173309452	1.9802312040744265	2.0045833719299924	0.11780767487622819	0.09806842996972887	0.11745176992307625	0.11110929158967776	0.28342914336212355
-200	TRUE	TRUE	TRUE	TRUE	50982	2.1649490235217606	1.8027021670558032	1.9427888664723856	1.9701466856833165	2.1428428793788044	1.787011707857872	1.9237904838044197	1.9512150236803654	-0.022106143932722127	-0.015690460342325945	-0.018998383020731563	-0.018931662431926545	2.2130303007005923	1.8438277008954456	1.9920425473752792	2.016300182990439	0.11826869898364031	0.09794152695259238	0.11750574435098948	0.1112386567624074	0.3093434156760734
-199	TRUE	TRUE	TRUE	TRUE	50973	2.1787914374577486	1.8132649191138075	1.9548170176756425	1.982291124749066	2.155710281203076	1.796442019653125	1.9347288207727427	1.962293707209648	-0.023081158968632314	-0.01682290133444859	-0.020088197124141643	-0.019997419142407515	2.2265112973808514	1.8541300351351544	2.0038132551999155	2.0281515292386403	0.1185208764735517	0.09855313241723218	0.11808067113564903	0.11171822667547765	0.29717061988571347
-198	TRUE	TRUE	TRUE	TRUE	50970	2.1908594861740482	1.8228185491254385	1.9658777919238086	1.9931852757410984	2.1681102378547963	1.807393321310271	1.9479673653300849	1.9744903081650507	-0.02274924639088154	-0.015425227466617559	-0.01791042723687954	-0.018694967031459543	2.2392962136193306	1.8647026690466626	2.01611656785155	2.040038483505848	0.11962270495819621	0.09919346778401884	0.11838797971658119	0.11240138415293208	0.3009739258459176
-197	TRUE	TRUE	TRUE	TRUE	50973	2.203414086498916	1.8323205038624595	1.9767637285044994	2.0041661062886247	2.1798318695043952	1.81572845903071	1.9566545680184402	1.9840716321845153	-0.02358221582219747	-0.016592044912208823	-0.020109160579215263	-0.020094473771207183	2.2513874619020755	1.8732542671875403	2.0257341012328904	2.050125276774169	0.11952896889333628	0.098459571906656565	0.11804990672620268	0.11201281584206518	0.30477894151576296
-196	TRUE	TRUE	TRUE	TRUE	50952	2.2159421384076348	1.8417494474185323	1.987151194265563	2.0149475933639103	2.1904212889790586	1.8238468727211445	1.9647853386416247	1.9930178334472761	-0.02552085002872157	-0.017902576282689837	-0.02236585584135748	-0.021929760717589633	2.2636949088076457	1.8826750214983063	2.0357733651568664	2.0607144318209394	0.12102639051148599	0.09975372389216053	0.11961019879914571	0.11346343773426408	0.3414633768488497
-195	TRUE	TRUE	TRUE	TRUE	50940	2.226450592569879	1.850276336532589	1.9973195079037993	2.0246821456687556	2.20201451758666	1.8328786592491366	1.974916820942385	2.003269999259394	-0.024436075279466504	-0.017397677509408186	-0.02240268662968424	-0.02141214647285298	2.27511956426315	1.891690609600968	2.046223778649589	2.071011317504569	0.12177401905498277	0.10022622388589157	0.12021122931235247	0.1140704907510756	0.3267266195535715
-194	TRUE	TRUE	TRUE	TRUE	50934	2.2384875014944825	1.8594494301958797	2.0080338377163787	2.035323589802247	2.214519689895077	1.8421766282442644	1.9858033717550538	2.014166563298132	-0.023967811198918977	-0.017272800329896983	-0.022230462772145985	-0.021157024766987314	2.28652729196698	1.9002184850511146	2.0562969170670895	2.081014231361728	0.1200473939872818	0.09881091113828679	0.11875662432981517	0.11253830981846126	0.3474438093620869
-193	TRUE	TRUE	TRUE	TRUE	50913	2.2503768386095646	1.8684967907611072	2.0186843251656126	2.0458526515120945	2.225785577599211	1.8503157909184953	1.9951289661929525	2.0237434449035527	-0.02459126058388985	-0.01818100010762117	-0.023555359572157215	-0.02210920675455608	2.2981385950098803	1.9091658268296121	2.066914819420379	2.0914064137532904	0.12011477258627766	0.09951907335049122	0.12001634763148018	0.11321673118941636	0.3388140949360238
-192	TRUE	TRUE	TRUE	TRUE	50910	2.262995875809725	1.8782453321608992	2.0300643459466015	2.057101851305742	2.238573979332611	1.8607178617448625	2.008276908700849	2.0358562499261077	-0.024421894462321184	-0.01752746988546145	-0.02178743782854427	-0.021245600725442303	2.311500126681298	1.9195291425413021	2.079864396579081	2.1036312219338935	0.12143039942759036	0.10009508894161968	0.12138753768994673	0.11430434201971894	0.329949086771564
-191	TRUE	TRUE	TRUE	TRUE	50901	2.276547383901391	1.8883930768347437	2.0416293804687813	2.068856613734972	2.253726875372357	1.8706664398782156	2.01989964242817	2.048097652559581	-0.022820506945295523	-0.01772663556113699	-0.021729737436663978	-0.020758959981032166	2.3262392392106923	1.9299808103930345	2.0915642832100367	2.1159281109379213	0.1222042170751972	0.1009021052286434	0.12159954191146742	0.114901954738436	0.3274429180533751
-190	TRUE	TRUE	TRUE	TRUE	50883	2.291930428901311	1.900314089229606	2.055080343585738	2.0824416205722183	2.267628333788214	1.882912556354177	2.033516981657523	2.061352623933305	-0.02430209534321664	-0.01740153357928326	-0.021563361827518047	-0.02108899691667265	2.3400133923806496	1.941432684091512	2.1044698330262332	2.1286386364994647	0.12046802478192875	0.09963872172685863	0.12034233819845998	0.11348302823574911	0.3341829495711824
-189	TRUE	TRUE	TRUE	TRUE	50883	2.3052801950827564	1.9103664363370452	2.0672144635059153	2.0942870316419055	2.281132859591111	1.8929698920243248	2.046107742344663	2.0734034979866998	-0.024147335217808926	-0.01739654440756027	-0.021106718915167005	-0.0208835328468454	2.3535220753116723	1.9515089325079884	2.116706990585393	2.1405793328016847	0.12063109403676028	0.09968153577318123	0.12009177517191914	0.11346813499395354	0.32280844205898845
-188	TRUE	TRUE	TRUE	TRUE	50871	2.3173413655712944	1.9196546122188176	2.0782445029662595	2.105080160252124	2.2934577593873846	1.9020854686671065	2.0571443748597376	2.0842292009714094	-0.023883604278482115	-0.0175691434464344	-0.021100126678733257	-0.020850958134549923	2.3649610622397965	1.9600302061774872	2.1273656550976554	2.1507856411716464	0.11912299999849682	0.09832033123206806	0.11934243287214162	0.11226192136756884	0.3112730429324598
-187	TRUE	TRUE	TRUE	TRUE	50850	2.330092907992977	1.929513624998568	2.0897572658904258	2.1164545996273234	2.3065456279541383	1.912339180758811	2.069372864073163	2.0960858909287037	-0.023547281658307617	-0.01717444210670229	-0.020384402989287346	-0.020368708918099082	2.378725919279009	1.970691037099852	2.139689725957831	2.1630355607788974	0.12081330148890707	0.09952926789972964	0.12024932411898345	0.11353063116920672	0.3175141588960373
-186	TRUE	TRUE	TRUE	TRUE	50841	2.3437316356497626	1.939929809965273	2.101750997243927	2.1284708142863207	2.3215355872202985	1.9246218299312299	2.0835735669822606	2.109910328044596	-0.0221960504201694	-0.015307978198025828	-0.0181774289453642	-0.01856048585451981	2.39211097456101	1.9812602728801958	2.151934098377344	2.1751017819395164	0.11895472669404489	0.09796890637932788	0.11854363033624095	0.11182242113653791	0.29616793522500334
-185	TRUE	TRUE	TRUE	TRUE	50829	2.3550110942963087	1.9491482860320024	2.1129415675917325	2.139033649306681	2.332964215695895	1.933874376232975	2.0946628392216704	2.12050047705018	-0.022046879056427618	-0.015273910641055226	-0.018278726173436986	-0.018533171956973276	2.4042236435934825	1.9906940849442978	2.1631002307643694	2.1860059864340498	0.12047197797165168	0.09836550703978161	0.11859605601271357	0.11247784700804896	0.31919170143032716
-184	TRUE	TRUE	TRUE	TRUE	50823	2.3676784639777346	1.9588646169955315	2.1244352921816168	2.150326124384961	2.345641153337904	1.9440465005145855	2.1059085148384726	2.131865389563654	-0.02203730853107503	-0.014818115171095726	-0.018526777439698112	-0.01846073371395629	2.4167798198384283	2.0004078079652894	2.174143543233327	2.197110390345682	0.12024002117232221	0.09790449875771144	0.11794327930493954	0.11202926641165772	0.3155794809061892
-183	TRUE	TRUE	TRUE	TRUE	50808	2.3798934960518348	1.968229883518346	2.135693454542917	2.1612722780376994	2.3561692884408467	1.951692420937439	2.115017410795959	2.1409597067247486	-0.023724206033564392	-0.016537463135249113	-0.0206760430813422	-0.0203125707500519	2.4289631516506103	2.0089259288528036	2.1844177242158196	2.207435601573078	0.12186351912469785	0.09792955265645482	0.118124582976839	0.1126392182526639	0.32531477364380257
-182	TRUE	TRUE	TRUE	TRUE	50814	2.393325466878528	1.9786963694426685	2.148025006915385	2.1733489477455272	2.3696753184440773	1.9618479870757501	2.1265791126672453	2.1527008060623576	-0.02365014433578675	-0.01684838281414821	-0.021445893332459068	-0.020648140160798013	2.443190983082268	2.0201216028990023	2.1975749309174866	2.2202958389662526	0.12338117979435959	0.09969884876357446	0.12054574158693337	0.11454192338162247	0.3259273227033423
-181	TRUE	TRUE	TRUE	TRUE	50802	2.407274062680733	1.9893733313918496	2.1605080139906314	2.1857184693544047	2.3826989395599907	1.9711447351728368	2.1380796450104045	2.1639744399144107	-0.0245751213186823	-0.01822859487250743	-0.022428370553484286	-0.02174402891489134	2.4559289437431673	2.029821897283307	2.2091541395380054	2.231634993521493	0.12188488541827182	0.099125728892859	0.11972062015490278	0.11357707815534455	0.333251328763196
-180	TRUE	TRUE	TRUE	TRUE	50796	2.4218015248182634	2.000719951195589	2.1733240057609917	2.198615160591615	2.397551106220783	1.9828933829679984	2.151806214437335	2.1774169012087055	-0.024250418620678536	-0.01782657023253368	-0.021517791481105004	-0.021198260111439073	2.471224697116805	2.0419175208951694	2.223153565518359	2.2454319278434447	0.12309676553882726	0.10022170768172046	0.12117691101156633	0.11483179474403803	0.34261693771542945
-179	TRUE	TRUE	TRUE	TRUE	50766	2.4373310763946683	2.0124798830053456	2.1872131362206435	2.212341365206886	2.411684322326639	1.9930165385686978	2.1636698693937606	2.1894569100963657	-0.025646753776666288	-0.01946334610769004	-0.023543267461036754	-0.02288445578179769	2.4862283305318478	2.0531179984810533	2.2364105547344577	2.2585856279157865	0.12344126203787287	0.10073957362136093	0.12193810652805609	0.11537298072909662	0.33429978726726284
-178	TRUE	TRUE	TRUE	TRUE	50769	2.449390069397961	2.0218066755575577	2.199107305399944	2.223434683451821	2.4221368360788733	2.0026021801456406	2.1756131698427073	2.2001173953557402	-0.02725323375748849	-0.019204494634655938	-0.02349413423580185	-0.02331728754264876	2.497968032516213	2.0627128980412834	2.2482790585296386	2.269653329695712	0.12440915956786537	0.10101694081866383	0.12183764214508282	0.11575458084387066	0.3374895110294981
-177	TRUE	TRUE	TRUE	TRUE	50766	2.462437462058256	2.031828606571723	2.210665292651545	2.2349771204271747	2.4345892224446612	2.012134490504487	2.186505810112303	2.2110765076871504	-0.027848238496234197	-0.01969411753404889	-0.02415948282638613	-0.023900612952223073	2.511663616640616	2.0733902241508506	2.2603148217925537	2.2817895541946736	0.12630054828881052	0.10281735120656861	0.12345853946699141	0.11752547965412352	0.35208391422015933
-176	TRUE	TRUE	TRUE	TRUE	50763	2.4758575366683884	2.042254225248025	2.2227188485277267	2.2469435368147135	2.4496442895176513	2.0229311056860295	2.1988448543408783	2.2238067498481864	-0.026213249589610507	-0.01932311973914095	-0.023873991986411443	-0.0231367871050543	2.525583797414949	2.083917532050039	2.2728257187376815	2.2941090160675564	0.12566576693197545	0.1026497316831222	0.1240877345640472	0.11746774439304827	0.3638746531508063
-175	TRUE	TRUE	TRUE	TRUE	50766	2.4864576283007946	2.0509595699353715	2.2333353495618216	2.2569175159326624	2.4598965874870804	2.031544130828993	2.210184717784152	2.233875145366742	-0.026561038135084723	-0.01941544162734586	-0.023150633193185662	-0.023042370985205417	2.536703271917808	2.0930245335533324	2.2840156346693865	2.3045811467135087	0.12705232646711087	0.10354536707642799	0.12451120251279219	0.11836963201877701	0.36804656739268365
-174	TRUE	TRUE	TRUE	TRUE	50763	2.4989260494250796	2.0605962019549384	2.2447797109793353	2.268100654119784	2.4711610369844443	2.040515511223888	2.2203693865906975	2.244015311599677	-0.027765011965148967	-0.020080690047081684	-0.02441032464946852	-0.02408534222056639	2.548351946094657	2.101809649672624	2.2945726301939384	2.3149114086537397	0.12661680552983404	0.10250758474219256	0.1239961639546546	0.11770685140889374	0.3815509128337935
-173	TRUE	TRUE	TRUE	TRUE	50763	2.51070498152343	2.0696708011014624	2.2559500375015498	2.278775273375481	2.482990261234974	2.0507411574194068	2.2332960376219835	2.255675818758788	-0.027714721394076196	-0.01892964466929031	-0.02265400247857891	-0.023099456180648473	2.5610245080587446	2.1121779117046624	2.3073833318876855	2.326861917217031	0.12835377652060373	0.10394386624925935	0.1255205884919536	0.11927274375393888	0.3574538730271906
-172	TRUE	TRUE	TRUE	TRUE	50751	2.5238122492883717	2.0798216911718357	2.268107232696267	2.290580391052158	2.4954896679480743	2.0600200773413064	2.244358229868929	2.2666226583861033	-0.028322578252859568	-0.019801614227023454	-0.023749002194347887	-0.02395773155807697	2.573042622555717	2.121105440965586	2.3181274865900474	2.33742518337045	0.12678332708696563	0.10236911301491536	0.12378951106981298	0.11764731705723133	0.37619601578518364
-171	TRUE	TRUE	TRUE	TRUE	50727	2.537588550344351	2.090356411107036	2.2805264747539638	2.3028238120684503	2.5077601459281262	2.0695950371742744	2.2554770447711046	2.2776107426245016	-0.029828404116139046	-0.020761372412366787	-0.025049430771195667	-0.0252130690999005	2.5866763863417366	2.1316599940047447	2.3308011458071087	2.3497125087178636	0.12800407660373916	0.10336853873228995	0.1255987717956461	0.11899046237722508	0.36517144714676586
-170	TRUE	TRUE	TRUE	TRUE	50721	2.5521544181347666	2.101865159939672	2.2934545250585243	2.315824701044321	2.5248079174705103	2.0838924605958886	2.2713223508836	2.2933409096499995	-0.02734650060366825	-0.017972700390490585	-0.02213217289748036	-0.022483791297213066	2.602424759547096	2.144884416059518	2.3453615544981585	2.364223576701591	0.127887183984895	0.10401121198657945	0.1259462351389033	0.11928154370345924	0.3960379136948542
-169	TRUE	TRUE	TRUE	TRUE	50724	2.5671183296662075	2.113249793119509	2.3071237574517838	2.3291639600791667	2.538039524043994	2.093478712839446	2.282234137517298	2.304584124800246	-0.029078808134894725	-0.01977108096953866	-0.024889620329239664	-0.024579836477891016	2.6165662127785905	2.1550513759345216	2.3573361270400763	2.376317905251063	0.12797457164840667	0.1033742464058034	0.12531435953624626	0.11888772586348544	0.3810237758417389
-168	TRUE	TRUE	TRUE	TRUE	50685	2.579664310951997	2.1229482013134926	2.3196939187740195	2.340768810346503	2.552622278241107	2.1049811747157685	2.298170495015305	2.3185913159907265	-0.02704203244797319	-0.017967027398936124	-0.02152342562862558	-0.02217749515851163	2.6304392456634025	2.1662192367800137	2.372270526398396	2.389643002947271	0.1285919021087766	0.10450909695806399	0.1266766401462036	0.1199258797376814	0.36881757920035185
-167	TRUE	TRUE	TRUE	TRUE	50676	2.592248856775462	2.132671510557961	2.331254779930354	2.352058382421259	2.564044202590033	2.1142705085756006	2.3090228920074254	2.3291125343910197	-0.028204652182987577	-0.018401001730322476	-0.022231889524126816	-0.022945847812478957	2.6421232584311913	2.175263529706368	2.383161222039631	2.4001826700590634	0.12795345648639267	0.10358503953127009	0.12604477214481521	0.11919442272082599	0.3609747810472184
-166	TRUE	TRUE	TRUE	TRUE	50676	2.6051082716940406	2.1426570771822844	2.343119837075525	2.3636283953172836	2.576510144175553	2.1226716364451566	2.3191310061208656	2.339437595580525	-0.028598128891641605	-0.01998544180665059	-0.023988828019176595	-0.024190799572489593	2.6549919728676192	2.1845623337573334	2.3941803550626055	2.411244887229186	0.12836553086278937	0.10379595518204555	0.1261098660132303	0.11942378401935508	0.3770628694730888
-165	TRUE	TRUE	TRUE	TRUE	50667	2.616816313186215	2.152162008459407	2.3544938159678157	2.374490712537813	2.589958652698791	2.1343435080669977	2.332579103280871	2.35229375468222	-0.02685765887747459	-0.017818499483680035	-0.02191471200481246	-0.022196956788655693	2.6676886718654615	2.1953609493892308	2.406808315338855	2.4232859788645156	0.12860237763318458	0.10421638216437286	0.1265437121036618	0.11978749063373974	0.36675173130428146
-164	TRUE	TRUE	TRUE	TRUE	50664	2.628885796815069	2.161456995777771	2.3654740776802057	2.3852722900910153	2.6021858216296723	2.143613174954497	2.3442907541629636	2.3633632502490443	-0.026699974793366926	-0.01784381958823172	-0.021183325661503615	-0.02190904001436742	2.6792782417790932	2.204157421710067	2.4175659614600695	2.4336672083164097	0.12748486553718924	0.10324467356420777	0.12536709190733633	0.11869887700291112	0.3932632042239564
-163	TRUE	TRUE	TRUE	TRUE	50649	2.6404436999539898	2.1704069650606996	2.376808012758793	2.395886225924494	2.612620320541958	2.150431900873097	2.3529452022246375	2.371999141213231	-0.027823379604306975	-0.019975062923365677	-0.02386281326876035	-0.023887085265477667	2.6906823935259268	2.2122986707191243	2.428452527687889	2.4438111973109797	0.12830076801013904	0.10375847617585222	0.12715184199304153	0.11973702872634427	0.401168039516768
-162	TRUE	TRUE	TRUE	TRUE	50646	2.6536626087258774	2.180549740846792	2.3891193774428565	2.4077772423385086	2.6272467907881665	2.1621999561559995	2.3674559986755717	2.3856342485399127	-0.02641581644471681	-0.018349783797352814	-0.02166337636340738	-0.022142992201825668	2.705216996248799	2.223508998581014	2.442285301710939	2.457003765513584	0.12952459047038467	0.10426829944448848	0.12799522561196047	0.12059603850894454	0.3874566999691037
-161	TRUE	TRUE	TRUE	TRUE	50622	2.6671116904600667	2.19095334652296	2.4012983437356863	2.4197877935729046	2.641287829044807	2.1726026013278417	2.380120091068164	2.398003507146938	-0.025823863072813653	-0.018350747334682813	-0.02117825336449925	-0.021784287923998575	2.718239934045752	2.2334577713828208	2.454671116602388	2.4687896073436533	0.12808034948626365	0.10335959453034123	0.12792379979315807	0.11978791460325432	0.3921700247337311
-160	TRUE	TRUE	TRUE	TRUE	50610	2.6819413524648184	2.202648143221262	2.4146780156573815	2.4330891704478206	2.6554344950416255	2.1838564814624957	2.392132245895582	2.410474407466568	-0.02650685812264827	-0.01879166305619091	-0.02254577084434859	-0.022614764007729257	2.7335118945517816	2.2455026863466454	2.467859762990467	2.482291447962965	0.12964794382375194	0.10450074899878291	0.1289092650487666	0.12101931929043382	0.4054499702905865
-159	TRUE	TRUE	TRUE	TRUE	50601	2.6968683211918614	2.213870205611602	2.4281385905770234	2.4462923724601624	2.6705146707808853	2.194523744057212	2.405294435532069	2.4234442834567225	-0.026353651755290874	-0.019346461943122555	-0.02284415601067933	-0.02284808990303092	2.748616792309081	2.2563973254704632	2.481240863775061	2.4954183271848684	0.12985059222186782	0.10440070031557665	0.12904869989436413	0.12109999747726953	0.39705839751548305
-158	TRUE	TRUE	TRUE	TRUE	50583	2.709120808474644	2.223248537099662	2.440176184463481	2.4575151766792622	2.682980138137131	2.2048639519318303	2.4174640523007267	2.435102714123229	-0.02614067091180288	-0.018384583878074793	-0.022712133586088822	-0.02241246279198883	2.7610632506052966	2.2661270712839636	2.4927556102164665	2.5066486440352422	0.13002555746145553	0.10414165489007494	0.12787098466843275	0.12067939900665442	0.38475950398829895
-157	TRUE	TRUE	TRUE	TRUE	50571	2.7217846594026893	2.2331378079022177	2.4519437604316203	2.4689554092455093	2.6939722706394567	2.2130830475261427	2.4265822476937204	2.4445458552864396	-0.02781238959899116	-0.020054760526107617	-0.02536151414954158	-0.02440955475821345	2.7733226712342205	2.2757375081435693	2.5041185185997925	2.5177262326591943	0.13088841356786995	0.1052541613583698	0.12971102913242952	0.12195120135288977	0.3882837991188947
-156	TRUE	TRUE	TRUE	TRUE	50565	2.7347786816310204	2.243242972170361	2.4638978683552635	2.4806398407188817	2.70628807022985	2.2227256726022495	2.438654266042423	2.4558893362915075	-0.028490609993733807	-0.020517299107866985	-0.02524360323054823	-0.02475050411071634	2.7853916436712987	2.2853762015626113	2.515488630692285	2.528752158642065	0.12971653468703676	0.10478375917569074	0.12842512709981554	0.12097514032084768	0.40056262285575284
-155	TRUE	TRUE	TRUE	TRUE	50538	2.7467769426057744	2.2531155986022617	2.4758374493894153	2.491909996865817	2.7189500134958307	2.233785487697449	2.4512294369612646	2.4679883127181816	-0.027826929017944854	-0.019330110092699727	-0.024608014161946558	-0.023921684424197048	2.798391002739	2.2962306879217578	2.528413999518109	2.541011896726289	0.13105505300409878	0.10556028864669004	0.12976111366360923	0.12212548510479936	0.41472586923332966
-154	TRUE	TRUE	TRUE	TRUE	50523	2.7591189139344796	2.262392303917719	2.4869642196350363	2.5028251458290782	2.7288530643776627	2.2405596849204503	2.460200947392813	2.4765378988969755	-0.030265848776414875	-0.02183261859233316	-0.026763272777790673	-0.026287246715512903	2.8095644149801835	2.3042201757579326	2.537802602716859	2.550529064484992	0.13115685286226758	0.10548836339713738	0.12844004026657013	0.12169508550865837	0.4109739323414878
-153	TRUE	TRUE	TRUE	TRUE	50502	2.769362754083407	2.2704635799339545	2.49701988052575	2.5122820715143703	2.738794748762556	2.2493668925075725	2.470419618069005	2.486193753113044	-0.030568004352192694	-0.021096686822669446	-0.02660026184295898	-0.02608831767260704	2.8199227984920285	2.3125229240988534	2.5481866421478134	2.560210788246232	0.1316880941821731	0.10521537538231734	0.12893378529361338	0.12194575161936794	0.4067858496220049
-152	TRUE	TRUE	TRUE	TRUE	50499	2.781940933783798	2.280156085490003	2.5087389782807206	2.5236119991848405	2.7489934663863576	2.25786700956758	2.4806716379268186	2.4958440379602522	-0.03294746656823682	-0.02228907549086033	-0.02806734042521067	-0.02776796082810261	2.83314815478946	2.322982238948892	2.560580530891894	2.5722369748767484	0.1353619096479732	0.10794138244857329	0.1317504454001854	0.12501791249891064	0.4100095639061322
-151	TRUE	TRUE	TRUE	TRUE	50478	2.7951209956544094	2.2903199706203576	2.520734311784432	2.5353917593530664	2.761215005280324	2.267572014371172	2.4931929329364513	2.5073266508626495	-0.03390598967737584	-0.02274795718091604	-0.02754137751181169	-0.028065108123367852	2.845655779358381	2.332799206378943	2.572214419574024	2.583556468437116	0.13497555738338024	0.10770642814430162	0.13050159416889914	0.12439452656552699	0.4512125280404945
-150	TRUE	TRUE	TRUE	TRUE	50466	2.8091372690932688	2.3012846850791355	2.533460150792791	2.5479607016550654	2.776033412114929	2.2781620052152762	2.5041956164609185	2.5194636779303745	-0.03310386063871704	-0.023122680471759624	-0.029264535360468965	-0.02849702549031521	2.8596031958211148	2.3433397412697747	2.584260973058676	2.595734636716522	0.13403570933470418	0.10723279290771763	0.13086617939789746	0.12404489388010642	0.43505843515381953
-149	TRUE	TRUE	TRUE	TRUE	50469	2.8240628034497384	2.3126371730139255	2.5470800487524743	2.5612600084053794	2.7901027886888596	2.2893623235912313	2.5175663511387523	2.532343821139614	-0.03396001452899525	-0.023274850422592034	-0.02951370007839188	-0.02891618834332639	2.8754743698271352	2.3551497540975284	2.598634598512993	2.609752907479219	0.1367831485457134	0.10830001243080213	0.1326227967721905	0.12590198591623533	0.4417090885310747
-148	TRUE	TRUE	TRUE	TRUE	50454	2.8360360686548667	2.3217925899591503	2.5588413820071185	2.5722233468737117	2.8022081984917655	2.2989313366967927	2.530376004351208	2.543838513179922	-0.03382787299088117	-0.022861255995880573	-0.02846537872479982	-0.028384835903853853	2.8873632980705026	2.3641535637431894	2.610213030003698	2.6205766306057967	0.13648232810691474	0.10758319871709884	0.13120867469634162	0.12509140050678508	0.46964841286464426
-147	TRUE	TRUE	TRUE	TRUE	50445	2.8471969889154183	2.3303167059989343	2.5689865514625234	2.582166748792292	2.8143230453526686	2.3084835468746125	2.542105386684962	2.5549706596374144	-0.03287394305643185	-0.02183315914781035	-0.026881167667299033	-0.02719608995718041	2.899569026461844	2.373504113960269	2.6214626635306306	2.6315119346509146	0.13761801781383926	0.10820797747425694	0.13183339187023813	0.12588646238611145	0.43617579531664796
-146	TRUE	TRUE	TRUE	TRUE	50436	2.85957598456399	2.3398410855032292	2.580365554432935	2.5932608748333847	2.82637095618409	2.3170151463664737	2.552230279647027	2.5652054607325305	-0.033205027138634866	-0.022825940201026716	-0.028135274183678793	-0.028055413841113454	2.9115943252411176	2.3823639054003314	2.6322903067310044	2.6420828457908176	0.13724170873550037	0.10787157956846906	0.13198477796311284	0.12569935542236077	0.4300120145949232
-145	TRUE	TRUE	TRUE	TRUE	50418	2.8716613378274287	2.349806553163395	2.5923785354045776	2.6046154754651343	2.837970052453129	2.3266875708550323	2.5645985593787364	2.576418727562299	-0.03369128549976931	-0.0231189806371731	-0.02777997817452641	-0.02819674810382294	2.9237237891825174	2.392874124002855	2.6449213337369244	2.6538397489740992	0.13781618849045202	0.1092541246989442	0.13286557217212075	0.12664529512050565	0.47231334098583583
-144	TRUE	TRUE	TRUE	TRUE	50400	2.8829681368276296	2.3583689428793186	2.602925497641376	2.6147541924494413	2.8476037726873193	2.333269062460143	2.5731157220615977	2.58466285240302	-0.035364363951201565	-0.025099879993339295	-0.029809775438410846	-0.03009133979431723	2.934801661505744	2.400655647560749	2.654780810757682	2.663412706608058	0.1390314149851951	0.10967329045272713	0.13352040172994611	0.12740836905595612	0.4722536309641284
-143	TRUE	TRUE	TRUE	TRUE	50382	2.8935711462404212	2.366604778228521	2.6133232831324436	2.6244997358671287	2.859243729926632	2.343055899454049	2.585031697796279	2.5957771090589863	-0.03432741641989799	-0.02354887986533628	-0.028291582423704668	-0.028722626236312977	2.9461238791894546	2.409732337397754	2.6658818339522803	2.673912683513163	0.13943288344245322	0.10980399587668933	0.1334086848585753	0.1275485213925726	0.4890476958309684
-142	TRUE	TRUE	TRUE	TRUE	50379	2.9049667771375933	2.3755130425420448	2.624184046147513	2.634887955275717	2.869200956141541	2.3505465980112605	2.5941347451184993	2.6046274330904335	-0.03576582285763501	-0.024966442713351477	-0.030049302528047172	-0.030260522699677887	2.957031946008515	2.41837979231572	2.6764489549660646	2.6839535644300994	0.13989615942934872	0.1106999436820724	0.13457911953860194	0.12839174088334102	0.4716905858818979
-141	TRUE	TRUE	TRUE	TRUE	50373	2.9183594943560305	2.3857800099589817	2.636331924696037	2.64682380967035	2.882289384556519	2.3603571118622066	2.6068492880060226	2.6164985948082493	-0.03607011031826986	-0.025422897069935353	-0.02948263500338121	-0.030325214130528803	2.970310013512807	2.4284207144765264	2.6891895807773274	2.695973436255553	0.13997115187967465	0.11070430866009877	0.13519794844483252	0.12862446966153532	0.4952709192742447
-140	TRUE	TRUE	TRUE	TRUE	50364	2.932031033427953	2.3967071709727077	2.649027378389842	2.659255194263501	2.8969318680759053	2.372052559107144	2.6195559133242865	2.629513446835779	-0.035099166535259574	-0.024654611547620577	-0.029471465458084448	-0.029741747846988197	2.984303169400706	2.4393158850132752	2.701711221554483	2.7084434253228213	0.13964343700933693	0.1098720405500513	0.1348391501410081	0.12811820923346545	0.48905521701504717
-139	TRUE	TRUE	TRUE	TRUE	50337	2.9463843755928303	2.4076903778125773	2.6621188533588676	2.6720645355880914	2.909711308445808	2.38193952533814	2.632090910483348	2.641247248089099	-0.03667306984984002	-0.025750852711406973	-0.03002794290034817	-0.030817288487198388	2.9989263282743455	2.450935373902727	2.715752759032908	2.721871487069994	0.14175697388268874	0.11224084501809255	0.13729575300814872	0.13043119063631	0.5018525533976887
-138	TRUE	TRUE	TRUE	TRUE	50319	2.9581825949224854	2.4167221211957823	2.6738374985160585	2.6829140715447752	2.919761232860648	2.3897172544288243	2.6419450948954153	2.6504745273949624	-0.03842136432832636	-0.027004868346806467	-0.031892401548102384	-0.0324395447410784	3.0103234943707333	2.4597040040251934	2.7270330150882223	2.7323535044947165	0.1427031614765457	0.1129686347398969	0.1382834354310708	0.13131841054917112	0.5294327786978353
-137	TRUE	TRUE	TRUE	TRUE	50313	2.9690317112909854	2.425083900941181	2.6838840308508107	2.692666547694326	2.929568335300838	2.3980086494877058	2.65192296844915	2.659833317745898	-0.039463376570246844	-0.02707525269141673	-0.03196106626895702	-0.0328332318435402	3.0209797109202023	2.4678253022130967	2.7368914385083256	2.7418988172138747	0.14335937362701465	0.11255805693818907	0.13797587931433258	0.13129776995984543	0.5210735200711115
-136	TRUE	TRUE	TRUE	TRUE	50304	2.9809799642065795	2.4345252890879174	2.6952850918979787	2.7035967817308255	2.9409679939287887	2.4067387199386556	2.6624890359984503	2.6700652499552984	-0.04001197340128108	-0.02778657020826513	-0.03279605891099673	-0.03353153417351431	3.0335697011971483	2.477275970399277	2.748478976438149	2.7531082160115248	0.14519144625725014	0.11328793186747026	0.13918382649950364	0.13255440154140802	0.5435505715178445
-135	TRUE	TRUE	TRUE	TRUE	50298	2.9915631340660935	2.44331544912526	2.705859598502289	2.7135793938978807	2.9514810632883375	2.415797628763728	2.6734749540511937	2.680251215367753	-0.04008207371738291	-0.027517822027046446	-0.03238464623884384	-0.03332818066109106	3.044878706261866	2.4870086150638837	2.759649486586844	2.7638456026375313	0.14671321685242134	0.1149041515868458	0.13996442062642522	0.1338605963552308	0.5611778005478597
-134	TRUE	TRUE	TRUE	TRUE	50286	3.002336154342239	2.4517377103689966	2.7160901613376263	2.723388008682954	2.963248392286437	2.4250898875351643	2.684630776251891	2.690989685357831	-0.03908776206241295	-0.02664782258948899	-0.03145938545385399	-0.03239832336858531	3.0562833742267643	2.4960930687832033	2.770529730458574	2.774302057822847	0.14698220429141354	0.11535853860196217	0.14033852223160148	0.13422642170832572	0.5196973508724264
-133	TRUE	TRUE	TRUE	TRUE	50271	3.0122679478365924	2.459339705474365	2.7257593213299676	2.732455658213642	2.9729384439150643	2.430947763189186	2.6923462040593416	2.698744137054531	-0.03932950718883776	-0.028391941584213633	-0.03341311584381055	-0.03371152153895398	3.06636578482173	2.5027954445401233	2.7793407641463723	2.7828339978360748	0.14752517963321657	0.11530341904125459	0.14057600356558547	0.13446820074668553	0.5428938953154436
-132	TRUE	TRUE	TRUE	TRUE	50256	3.022502818926338	2.4675286652725754	2.735597003423265	2.741876162540726	2.9838239490593104	2.4397604550393543	2.7030848882543865	2.708889764117684	-0.038678871267363996	-0.027768209452082176	-0.03251211552168054	-0.03298639874704224	3.076448681815808	2.511255947058788	2.7897032601626073	2.7924692963457343	0.1465705945333601	0.11522277472623793	0.1407246280836129	0.13417266578107032	0.5327192570587421
-131	TRUE	TRUE	TRUE	TRUE	50232	3.0344356369742944	2.476596028469428	2.746300256699779	2.752443974047834	2.992991778627911	2.4471055391763366	2.7116636059048598	2.717253641236369	-0.041443856677831056	-0.0294904873462304	-0.03463665227229751	-0.035190332098786324	3.087669652967053	2.519795195476618	2.7997245575082212	2.80239646865063	0.14791189041999123	0.1158888236442061	0.14148525233499373	0.1350953221330637	0.5567897148278989
-130	TRUE	TRUE	TRUE	TRUE	50220	3.0465618363940883	2.4864680004604556	2.7576274980138735	2.7635524449561393	3.0026425592700776	2.4562921924273655	2.72156200617336	2.726832252623601	-0.04391927824342209	-0.03017580891160818	-0.03606549476408489	-0.036720193973038384	3.099890920634609	2.5302035265584957	2.8114150553244044	2.81383650083917	0.15057744599541054	0.11764686143573878	0.14364060797293274	0.137288305134694	0.562688231231566
-129	TRUE	TRUE	TRUE	TRUE	50211	3.0600937043160785	2.496811724354616	2.7700484544709334	2.775651294380543	3.015060909172586	2.4648350696305044	2.7316844349749307	2.7371934712593404	-0.04503279353116387	-0.03197665559824995	-0.03836401883496235	-0.038457822654792057	3.1127097861767354	2.5396113025197664	2.823149715130358	2.825156934608953	0.1502649576048197	0.11757581240501291	0.14456654304402028	0.1374691043512843	0.5665321149173101
-128	TRUE	TRUE	TRUE	TRUE	50181	3.0713281929422256	2.505374948070657	2.781450176757087	2.7860511059233235	3.0257754836151465	2.473800378608032	2.7442552437657164	2.7479437019962987	-0.04555271178987818	-0.03157457100520714	-0.037194932960273916	-0.038107405251786415	3.124088881048506	2.5485065656834354	2.835098974043627	2.835898140258523	0.151074087053244	0.11783780816975796	0.14449252547051566	0.13780147356450587	0.5883398095798074
-127	TRUE	TRUE	TRUE	TRUE	50169	3.0814699325379586	2.513247405538564	2.7909331037970007	2.7952168139578406	3.034685352406819	2.480940861995767	2.753078676457375	2.756234963619987	-0.046784579111982555	-0.03230654495306664	-0.037854429384510134	-0.038981851149853114	3.134319822279227	2.5565492101903446	2.845360757614828	2.8454099300281332	0.15248436528221448	0.11891015332624645	0.1467097339015941	0.13936808417001836	0.5887237939154533
-126	TRUE	TRUE	TRUE	TRUE	50148	3.092598114325011	2.521872840660165	2.801587277421413	2.80535274413553	3.0471045485599237	2.4900815271229266	2.763117188987293	2.766767754890048	-0.045493564630965176	-0.031791314763137256	-0.03847008849750766	-0.038584989297203366	3.1475147739239384	2.566097287285976	2.856321951797523	2.856644671002479	0.15532688571677494	0.1202402096509412	0.14793943727293257	0.14116884421354958	0.6085726848987485
-125	TRUE	TRUE	TRUE	TRUE	50127	3.1022111943757706	2.5300046540355927	2.8112894504147836	2.814501766275382	3.0556400724801502	2.498124032023354	2.7732239271550414	2.7756626772195157	-0.046571118916478485	-0.031880621580663925	-0.038065523766723106	-0.03883908808795517	3.1563454962748008	2.574568815834525	2.866557181797563	2.8658238313022966	0.1548397224660379	0.12100894556003375	0.14860098468664237	0.14148321757090468	0.6363955952108784
-124	TRUE	TRUE	TRUE	TRUE	50112	3.1127841906210465	2.5381194540746934	2.8211235563708623	2.824009067022201	3.0659359501718475	2.5055350763515642	2.781951778061373	2.7844742681949284	-0.04684824417522792	-0.03258437708128858	-0.0391717804558904	-0.039534800570802296	3.167123644364704	2.5823581169238627	2.8760082090869625	2.87516332345851	0.15552714895468858	0.1210617042915199	0.1489410846817453	0.14184331264265126	0.6359077460057535
-123	TRUE	TRUE	TRUE	TRUE	50100	3.12290830623772	2.5460356303408838	2.8312353779544455	2.8333931048443497	3.074519057082756	2.5113695681696875	2.7897685431058994	2.7918857227861147	-0.048389251698750885	-0.03466606279708586	-0.041466834544785836	-0.04150738301354086	3.1769402421437407	2.589710751940042	2.885038496883372	2.8838964969890517	0.15645312091935953	0.12201630512814804	0.1490730716201347	0.1425141658892141	0.6429595204225245
-122	TRUE	TRUE	TRUE	TRUE	50088	3.1335336938179057	2.5544722174198355	2.841330860210957	2.843112257149566	3.0850766880221987	2.5200569377687176	2.800236160330649	2.8017899287071883	-0.04845700418268448	-0.034415280060686886	-0.04109469984510873	-0.04132232802949337	3.1878430590098197	2.598195008001164	2.895469189113704	2.893835752041562	0.15707573663586136	0.12186086016496628	0.14937135771075213	0.1427693181705266	0.6344402244268643
-121	TRUE	TRUE	TRUE	TRUE	50064	3.145785939645508	2.5640127404478514	2.852699596485067	2.8541660921928087	3.0961340192544013	2.5283822779375855	2.8119064985139977	2.8121409319019945	-0.049651921591888255	-0.035630461651432105	-0.040793096780883	-0.04202516000806779	3.200128697553139	2.6073103960492277	2.9070334521302046	2.904824181910857	0.1583374356655895	0.12222577221686076	0.14946081039649245	0.14334133942631422	0.624804768994456
-120	TRUE	TRUE	TRUE	TRUE	50034	3.1579523576193513	2.573639209349455	2.8640764815859736	2.865222682851593	3.1077159944640966	2.538287010264561	2.8217993602884874	2.8226007883390483	-0.050236364770705026	-0.0353522023067224	-0.04227712197179537	-0.04262189634974093	3.2122410129832177	2.617712204051071	2.9186801521842063	2.9162111230728316	0.15881367494552395	0.12349818820356274	0.15148446243312105	0.14459877519406927	0.6320355560044421
-119	TRUE	TRUE	TRUE	TRUE	50010	3.169286710612964	2.582479261041674	2.874378277504063	2.8753814163862335	3.1176269224108872	2.5470409860829184	2.831078069286023	2.831915325926609	-0.05165978828933278	-0.03543827382157604	-0.043300209822071466	-0.04346609064432676	3.223161772882777	2.6266837734106154	2.928503342508615	2.9261162962673355	0.1594099117561941	0.1238473014128834	0.1515503374478637	0.14493585020564706	0.6400482294146205
-118	TRUE	TRUE	TRUE	TRUE	49977	3.178967690099235	2.5900230218623803	2.8845172014801865	2.884502637813934	3.127173398079545	2.5547497152034677	2.8418001287845165	2.8412410806891764	-0.051794293800983555	-0.0352733065686377	-0.042717072980904464	-0.04326155778350858	3.23269804942617	2.634252321386049	2.939452236025957	2.9354675356127253	0.15925501083009713	0.1237319062894124	0.15258714409149124	0.14519135373700026	0.6703514018401006
-117	TRUE	TRUE	TRUE	TRUE	49968	3.1885854200830437	2.5974739686242323	2.893474856288748	2.893178081665341	3.138889411887307	2.563182104731201	2.852690945680711	2.8515874874330724	-0.04969600855874518	-0.03429186373369074	-0.040783912469273015	-0.04159059492056964	3.2441800217387122	2.6425429460486267	2.9497356328648463	2.945486200217395	0.16088521125116143	0.12442981910610791	0.15330546245359106	0.14620683093695347	0.6760903581649353
-116	TRUE	TRUE	TRUE	TRUE	49950	3.198765912794911	2.6054571485976856	2.9033763561413215	2.902533139177973	3.1512718606098047	2.5731079806153745	2.8646983917429045	2.8630260776560283	-0.047494048989958064	-0.03234917008634907	-0.038677965965969674	-0.03950706168075894	3.2546976355072488	2.6513637337708142	2.960422656680686	2.9554946753195828	0.1593574962850962	0.12416234091686919	0.15277056813007103	0.14543013511067882	0.6880361563462049
-115	TRUE	TRUE	TRUE	TRUE	49932	3.2074879642244363	2.612795178989342	2.912550360300447	2.9109445011714086	3.1569962747135225	2.5770975216637075	2.8697503421487993	2.8679480461753433	-0.05049168771047198	-0.03569765525609196	-0.042800017130607854	-0.042996453365723934	3.262226859991018	2.6572996457684144	2.9681750932780027	2.962567199679145	0.15996948027452698	0.1247065909106694	0.15404948338761093	0.1462418515242691	0.6985650081255752
-114	TRUE	TRUE	TRUE	TRUE	49905	3.2163718877925955	2.6197272881351092	2.9210829038728683	2.9190606932668577	3.1668826528897456	2.58546323611477	2.8803390944720357	2.87756166115885	-0.04948923421312811	-0.034264052513709946	-0.04074381370079873	-0.04149903347587893	3.2725239223379687	2.6648652017989334	2.977385826844814	2.9715916503272384	0.16179330319461718	0.12453988109153206	0.15334965887613933	0.14656094772076286	0.6995183051486399
-113	TRUE	TRUE	TRUE	TRUE	49872	3.2245682097078223	2.626386519085347	2.9296108901902578	2.926855206327809	3.1733443622402944	2.590673820955716	2.886994813437241	2.8836709988777502	-0.051223848246734906	-0.035712697465039314	-0.042616078892428834	-0.04318420820140102	3.2809647935335633	2.671370765684054	2.9854747316728245	2.9792700969634804	0.16401701529838306	0.12568119219716337	0.15434376048498308	0.14801398932684315	0.7201384140560328
-112	TRUE	TRUE	TRUE	TRUE	49851	3.2333873070140444	2.633625822698566	2.938618530360378	2.935210553357663	3.182302427147808	2.5978600535422274	2.8966457751895924	2.8922694186265425	-0.051084878646444565	-0.03576577006468841	-0.04197275561898376	-0.04294113477670558	3.289758818967121	2.6782253993421055	2.994297413047657	2.987427210452295	0.16382790236733344	0.12496492050372641	0.153330520672477	0.14737444784784562	0.7219345247810679
-111	TRUE	TRUE	TRUE	TRUE	49827	3.2429993807593043	2.640921801895896	2.947296051738963	2.943739078131388	3.1910063027411883	2.6050690930807883	2.904401387124265	2.9001589276487474	-0.05199308025590475	-0.035852711414961276	-0.04289466371953448	-0.043580151796800165	3.3004613135891816	2.686633538752792	3.0037637101841987	2.996952854175391	0.16691694469199184	0.12727618396320603	0.15582998146665958	0.15000770337395247	0.7193403571484152
-110	TRUE	TRUE	TRUE	TRUE	49815	3.2539015212928013	2.649828531362959	2.95765346802401	2.9537945068932565	3.2002906692504793	2.612645745175339	2.9128058722830694	2.9085807622362956	-0.05361085428971704	-0.03718278605042913	-0.04484759609811991	-0.04521374547942203	3.311676537781147	2.69525758997473	3.0139682973595003	3.006967475038459	0.16916088791412975	0.12804090377850666	0.1574772524883441	0.15155968139366016	0.7355695270605874
-109	TRUE	TRUE	TRUE	TRUE	49791	3.26512727248572	2.6583881152044944	2.9679698185278633	2.963828402072693	3.2091957039450882	2.6199308327136914	2.9221597913506607	2.9170954426698135	-0.05593156841120538	-0.038457283261870374	-0.04581002817517228	-0.04673295994941601	3.321709532806031	2.7029555733223156	3.023335367558347	3.016000157895565	0.16909608934017936	0.12759220156844542	0.15654112484122046	0.15107647191661508	0.737031933935732
-108	TRUE	TRUE	TRUE	TRUE	49761	3.2726132764861697	2.6643093606279664	2.976033295730399	2.9709853109481785	3.219577376575529	2.6270351017755575	2.931114712968355	2.9259090637731475	-0.05303589611761867	-0.03727425963348171	-0.0449185814766297	-0.04507624574257669	3.331479158492209	2.7105523318581533	3.0331284388995425	3.025053309749968	0.17076766284470019	0.12976020058693719	0.15910886940845909	0.15321224428003216	0.7781214802028188
-107	TRUE	TRUE	TRUE	TRUE	49752	3.2810598398958937	2.6710241128999686	2.9840519243286177	2.9787119590414934	3.225789130491563	2.633278580684642	2.939563939782837	2.932877216986347	-0.05527070926738805	-0.037745534563934764	-0.04448798631399852	-0.045834743381773776	3.3395135567898593	2.717352960405455	3.042063178264994	3.032976565153436	0.17217814438761025	0.1304032291264317	0.16051049356964717	0.15436395569456304	0.7694744933849772
-106	TRUE	TRUE	TRUE	TRUE	49710	3.28909359464019	2.677461798147964	2.9919219434316284	2.9861591120732607	3.2336814777668526	2.6394505248985753	2.9472250218072933	2.940119008157574	-0.05541211862749866	-0.03801127358094892	-0.04469692160510044	-0.046040104604516005	3.346836819072152	2.7234607550401524	3.0492575065415775	3.0398516935512943	0.1708985670905931	0.13000918739441783	0.15936804824208559	0.15342526757569883	0.782616777391507
-105	TRUE	TRUE	TRUE	TRUE	49701	3.297496361034499	2.68461342255727	3.0008012933500345	2.994303692313934	3.240481024537102	2.6451144234116817	2.9546477477690773	2.9467477319059534	-0.05701533601623946	-0.03949899894837442	-0.04615354464978226	-0.04755595987146538	3.3557131688052353	2.7308270447546383	3.0586587270425807	3.0483996468674843	0.17344895021298842	0.1319262430297875	0.16186841374812658	0.1557478689969675	0.8086831653725433
-104	TRUE	TRUE	TRUE	TRUE	49698	3.305264381239497	2.690773662381496	3.008769279561874	3.0016024410609563	3.2488388084873514	2.651694601231698	2.962067661455391	2.9542003570581468	-0.05642557269568338	-0.039079064264863114	-0.04670161837851201	-0.0474020851130195	3.3633645986885923	2.7367386458349734	3.0661802961422975	3.055427846888621	0.17262600847835854	0.13100903128254784	0.16152365099654528	0.15505289691915056	0.8035984547050317
-103	TRUE	TRUE	TRUE	TRUE	49683	3.3123862665504338	2.6967432658675468	3.016620364159522	3.008583298859168	3.256186044975056	2.658324578014778	2.9705895604044947	2.961700061131443	-0.05620022247049079	-0.03841868965537298	-0.04603080207201489	-0.04688323806595955	3.370670123459957	2.7430521361987816	3.0745045169608605	3.0627422588732	0.1727679356910785	0.1310364273720629	0.1617991094632844	0.1552011575088086	0.842505465267093
-102	TRUE	TRUE	TRUE	TRUE	49626	3.319328292488774	2.7024923333491424	3.0234015190845622	3.0150740483074925	3.2594762961271595	2.661189248775608	2.9746637480966385	2.9651097643331354	-0.05985199538350617	-0.04130308140171299	-0.048737773727253984	-0.04996428350415772	3.3771493086567324	2.748632039495571	3.0818021549330212	3.0691945010284414	0.17549402836224332	0.1335824977370402	0.1655390436548239	0.1582051899180358	0.8205307101297928
-101	TRUE	TRUE	TRUE	TRUE	49578	3.327089128445194	2.7085475397401204	3.0306161467014516	3.0220842716289216	3.2711283909509947	2.6688829001619627	2.9842290388861312	2.974746776666363	-0.05596073895627348	-0.039664638319220326	-0.04638710556780927	-0.047337494281101025	3.3876063430548276	2.7559942005288587	3.090451647564935	3.0780173970495404	0.17699516617947106	0.13455795989970784	0.1660581090160005	0.15920374503172646	0.8223027945755446
-100	TRUE	TRUE	TRUE	TRUE	49545	3.337509017624844	2.7171211389486447	3.0406577613990646	3.0317626393241848	3.27855148504646	2.6762176030909055	2.9919753263254525	2.9822481381542727	-0.05895753218731098	-0.04090353364631203	-0.048682435323709014	-0.04951450038577734	3.396967136126012	2.7639420540815154	3.0997023970457693	3.086870529084432	0.1778737710034477	0.1345453660179261	0.16677170801832064	0.15973028167989817	0.8129576141697468
-99	TRUE	TRUE	TRUE	TRUE	49527	3.34733537069042	2.724665712543924	3.0497007979255057	3.04056729371995	3.2868505725109136	2.681607249895657	2.9983867231129455	2.9889481818398385	-0.060484797066639666	-0.043058463618309305	-0.05131407718123646	-0.05161911262206181	3.406534214659056	2.771090466342116	3.1082775319521097	3.095300737651094	0.17888248528824222	0.13590797158656404	0.16846754246281873	0.16108599977920834	0.8164569625823597
-98	TRUE	TRUE	TRUE	TRUE	49515	3.3549470174408507	2.7306092145505674	3.0579181949383356	3.0478248089765847	3.291830785428369	2.6869092141319895	3.005942625058671	2.9948942082063437	-0.06311623399460156	-0.043699999145850606	-0.051975571784479015	-0.052930601641643725	3.4133972095758547	2.776606323015611	3.1161799631791833	3.102061165256883	0.18001661579193257	0.13569421722319636	0.16849910657426076	0.16140331319646323	0.8361666142683568
-97	TRUE	TRUE	TRUE	TRUE	49485	3.3626506745444975	2.736740089993498	3.0656409768755695	3.0550105804711882	3.298950864329837	2.6926968475728534	3.0123344884977636	3.001327400133485	-0.0636998116363363	-0.044043242217207075	-0.05330648845459431	-0.053683180769379224	3.4218874447611833	2.78357106547628	3.124185969457696	3.1098814932317196	0.1821733523516253	0.13770519196198897	0.17039647647568046	0.16342500692976492	0.8837729019811871
-96	TRUE	TRUE	TRUE	TRUE	49455	3.3704802214689784	2.7430761865635827	3.073273671838049	3.0622766932902032	3.3056507446180294	2.697656915806208	3.018507743407279	3.007271801277172	-0.06482947739189976	-0.04541926987179936	-0.05476592617402369	-0.0550048911459076	3.4293283741205705	2.789455291596578	3.131023503164346	3.1166023896271646	0.1825257839234133	0.13817748267694938	0.17026559090669804	0.1636562858356869	0.8756388229682004
-95	TRUE	TRUE	TRUE	TRUE	49428	3.3773568685008897	2.7489630393496562	3.080773656609597	3.0690311881533807	3.310288662463897	2.7018898041521386	3.0244491995303213	3.012209222048786	-0.06706820613918957	-0.04707323355849415	-0.05632445570537563	-0.05682196513435311	3.4362240303601785	2.7951134966890083	3.138485578778043	3.1232743686090765	0.1848025297051337	0.13937414827253636	0.17174830190459392	0.16530832662742131	0.9063307826034139
-94	TRUE	TRUE	TRUE	TRUE	49401	3.383625218478455	2.7539322109031183	3.0872613877072093	3.0749396056962603	3.3168714951271814	2.7076962843994443	3.032461899703481	3.019009893076703	-0.06675372551919632	-0.04623592439646701	-0.0547994866891899	-0.05592971220161775	3.4436666901699557	2.8012511697704463	3.1467888697798787	3.1305689099067604	0.18683666594504897	0.14087384433969188	0.17385444931737853	0.16718831986737312	0.9441550360910289
-93	TRUE	TRUE	TRUE	TRUE	49389	3.3887514481377736	2.7584878969878734	3.0935267993205295	3.0802553814820586	3.318908889328238	2.709684494047839	3.034743274426258	3.0211122192674447	-0.06984256025032733	-0.04880340429040988	-0.0587835257817985	-0.059143163440845234	3.4470543242013627	2.80450224895842	3.1513493870123894	3.134301986724057	0.18644830837300963	0.14083210768831994	0.1744287035070437	0.16723637318945775	0.9534211263149541
-92	TRUE	TRUE	TRUE	TRUE	49338	3.3951997786245918	2.763473832234689	3.099837093321726	3.086170234727002	3.3281356823893815	2.7165579906946724	3.044686983214982	3.029793552099678	-0.06706409557999353	-0.04691584259414297	-0.0551501083735989	-0.056376682182578464	3.457169075676797	2.811790754005037	3.160595491094435	3.143185106925423	0.19100269027466482	0.14354968647033436	0.17666690423841336	0.17040642699447084	0.9678034778651547
-91	TRUE	TRUE	TRUE	TRUE	49320	3.4036637555329055	2.7699639510027407	3.108036909221089	3.093888205252245	3.3358701632457035	2.7218327316260784	3.051139336614846	3.036280743828876	-0.06779358913181212	-0.0481312194730311	-0.056897569101760345	-0.05760745923553452	3.4645060572579625	2.8174441962347587	3.168260655623114	3.150070303038612	0.18947819621338574	0.14309170834303198	0.177345066955405	0.16997165717060755	0.9630696466869922
-90	TRUE	TRUE	TRUE	TRUE	49272	3.4118266183768786	2.7765804131561542	3.1156825674818225	3.101363199671619	3.3419131126346837	2.7267285408652477	3.0563769371299507	3.041672863543294	-0.06991350731399726	-0.049851874004056204	-0.05930562876769559	-0.05969033669524968	3.4724750622433658	2.823569335032344	3.1754568699783325	3.1571670890846804	0.19121039370548798	0.14382971785384344	0.17885423551853008	0.1712981156926205	0.9873083283022615
-89	TRUE	TRUE	TRUE	TRUE	49206	3.4201523925353263	2.7832307043737434	3.1236956973306844	3.1090262647465847	3.348450534342491	2.73253861744121	3.062723398334526	3.0479041833727427	-0.07170185853823369	-0.0506920909778015	-0.06097229716758641	-0.06112208222787387	3.4810815773590424	2.830490689160379	3.182853957331645	3.164808741283689	0.19356022843455012	0.14521205850558477	0.17928881915197575	0.17268703536403687	0.9855490180392437
-88	TRUE	TRUE	TRUE	TRUE	49170	3.4263466687837463	2.787891723072565	3.130060809064832	3.1147664003070474	3.351113057480829	2.735052511169272	3.0663091379171896	3.0508249021890963	-0.07523361285266583	-0.0528392144508567	-0.06375167290240084	-0.06394150006864112	3.485458328845689	2.8345207746932575	3.1882689972001232	3.1694160335796897	0.1934569335460296	0.14609731767005685	0.18016804952838514	0.17324076691482385	0.9976483825970139
-87	TRUE	TRUE	TRUE	TRUE	49131	3.432760305776263	2.7930397133035822	3.1365148729896988	3.120771630689848	3.3574814886943267	2.741178000312078	3.073640738382556	3.0574334091296542	-0.07527881783693721	-0.05186171608881424	-0.06287414019424295	-0.0633382247066648	3.4932232276188357	2.8412965285332747	3.19666718416796	3.1770623134400235	0.19620466034281467	0.14837534323414867	0.1831787608309607	0.1759195881359747	1.0092540129702876
-86	TRUE	TRUE	TRUE	TRUE	49113	3.4394796706283812	2.7987207495922366	3.143517084693477	3.1272391683046985	3.361308946903764	2.743689121168602	3.0774988160627035	3.06083229471169	-0.07817072195079502	-0.05503162995163065	-0.06601826988767952	-0.06640687393003507	3.4988642180371246	2.845534710454751	3.2023099038143856	3.1822362774354205	0.19693981968468086	0.14865955121803526	0.18360390680636632	0.17640109256969416	1.0607059431955588
-85	TRUE	TRUE	TRUE	TRUE	49065	3.4452946846411936	2.8037163406091308	3.149862245080216	3.1329577567768467	3.368528503365043	2.7490660979843153	3.08400724894467	3.067200616764676	-0.07676617900330761	-0.054650242710560425	-0.06585499931717011	-0.06575714034367937	3.5065921679232077	2.8507597662717035	3.208992630977048	3.188781521723986	0.1993611485230262	0.14873709565372678	0.18411576755783085	0.1774046705781946	1.068549556685183
-84	TRUE	TRUE	TRUE	TRUE	49044	3.4502910874016846	2.8078461197956956	3.1549407114242696	3.1376926395405502	3.3720125512081522	2.752886415362968	3.090327561725998	3.0717421760990398	-0.078278538504791	-0.0549597082442236	-0.06461314971119536	-0.06595046548673665	3.511266319553314	2.8550119821040987	3.2145700292507478	3.1936161103027203	0.20022900187056908	0.14929143130455663	0.18387178720148975	0.17779740679220518	1.098795082025005
-83	TRUE	TRUE	TRUE	TRUE	49005	3.4545172847910126	2.8115742422015892	3.160167014396208	3.1420861804629365	3.377087018766529	2.75759229146121	3.095461699603157	3.0767136699436324	-0.07743026520597743	-0.05398195231747041	-0.06470531270054221	-0.06537251007466335	3.516231489521505	2.8594302220156615	3.220137887576707	3.198599866371291	0.20085867519706044	0.14969391176173513	0.1846470638160955	0.17839988359163034	1.1098009183457538
-82	TRUE	TRUE	TRUE	TRUE	48957	3.4596392729270082	2.8159984946301444	3.165837435130316	3.147158400895823	3.3823370565290407	2.761533783647016	3.1027763593421493	3.082215733172735	-0.07730221394692326	-0.054464711950135386	-0.06306107487117059	-0.06494266692274307	3.520928002367979	2.863525105627345	3.2259483668023505	3.2034671582658913	0.1998796755555317	0.1495179333435113	0.18328294081218804	0.177560183237077	1.0663149701431252
-81	TRUE	TRUE	TRUE	TRUE	48909	3.4659267957687363	2.8206190696510056	3.1718041187861394	3.152783328068627	3.388273124455169	2.7662338394616617	3.1088934306173432	3.087800131511391	-0.07765366723704548	-0.05438523075888704	-0.0629106873039047	-0.06498319509994574	3.5282573842730645	2.8689278966388776	3.2326662814251654	3.2099505207790355	0.2023148470588048	0.15100288594015226	0.1846350131452757	0.1793175820480776	1.0891903323778431
-80	TRUE	TRUE	TRUE	TRUE	48879	3.4725251381920295	2.826406975720328	3.1785504493055714	3.1591608544059766	3.393967399140706	2.771267147706606	3.1149716375159615	3.0934020614544244	-0.07855773958185536	-0.055139827271006234	-0.06357881065992763	-0.06575879250426307	3.5333628739195344	2.874143525028119	3.2387019299086153	3.2154027762854227	0.200233211671375	0.15061292425623019	0.18388177402407432	0.1782426366505598	1.0953476952901844
-79	TRUE	TRUE	TRUE	TRUE	48834	3.4785839197093282	2.8312254352412265	3.1846535390489645	3.164820964666506	3.3972738966009177	2.7736093234297616	3.11813310015102	3.0963387733939	-0.08131002266368634	-0.057616112671712114	-0.06652043779563246	-0.06848219104367698	3.5390729811994355	2.878216116981332	3.244111780114664	3.22046695943181	0.20228814807280407	0.15159747458889378	0.18543692299437636	0.17977418188535807	1.1101987347953997
-78	TRUE	TRUE	TRUE	TRUE	48786	3.4837030102093802	2.8351148095991854	3.189986053607751	3.1696012911387723	3.4002707941343853	2.7756931606158166	3.1216822961516444	3.099215416967282	-0.08343221689327365	-0.05942164633331985	-0.06830375940562901	-0.07038587421074084	3.545028236337508	2.8824492478480206	3.249946464490749	3.2258079828920923	0.20608267298963598	0.15409052809008483	0.18822458075074733	0.18279926061015606	1.1423877740855677
-77	TRUE	TRUE	TRUE	TRUE	48729	3.4883800230635633	2.8390755754120236	3.1947919119667483	3.1740825034807783	3.399279369112692	2.775799612728528	3.121957502210189	3.0990121613504695	-0.08910065250648981	-0.06327596417420316	-0.07283441261139403	-0.07507034309736234	3.5490789019492657	2.8862530237478548	3.2542744414547156	3.2298687890506117	0.21049841059733326	0.15763085873981494	0.19179947197534053	0.18664291377082956	1.159421103767009
-76	TRUE	TRUE	TRUE	TRUE	48678	3.4927544286208785	2.8428862858232677	3.1996467933282635	3.17842916925747	3.4000067754008922	2.778117242470638	3.1242632302442432	3.1007957493719243	-0.0927476532523133	-0.06476904535676868	-0.07538356180594208	-0.07763342013834135	3.5527131939025676	2.8897886968405175	3.258146516075907	3.2335494689396636	0.21266518347284297	0.1585738672481028	0.19238300808013983	0.18787401960036185	1.1824273387632795
-75	TRUE	TRUE	TRUE	TRUE	48630	3.497187275668855	2.8469158710806663	3.2048410773539193	3.18298140803448	3.4040339146293714	2.7805002655189996	3.1280491468642473	3.1041944423375396	-0.09315336093659703	-0.06641560626500224	-0.07679193243541066	-0.07878696654566998	3.557498247504868	2.8940266261300645	3.2641045788529253	3.238543150829286	0.21377530779534892	0.1606371165470849	0.19531893535604392	0.1899104532328259	1.2323224561407882
-74	TRUE	TRUE	TRUE	TRUE	48573	3.500411905572959	2.8498367015372428	3.208366295205393	3.1862049674385315	3.4063979177519905	2.783384365907564	3.131473494204254	3.107085259287936	-0.09401398610277578	-0.06645233935877054	-0.07689280204749077	-0.07911970916967903	3.561690339691053	2.8972929089902877	3.267931521425806	3.2423049233690486	0.2165708556220503	0.16136475242558315	0.1960232557344918	0.19131962126070842	1.228984189066839
-73	TRUE	TRUE	TRUE	TRUE	48525	3.502445767108336	2.8522294927841725	3.211885600340162	3.188853620077557	3.4033603507871764	2.7821274300170806	3.1302604328009918	3.1052494045350834	-0.0990854170900536	-0.07010206452183791	-0.08162516908114752	-0.08360421689767968	3.561238134979393	2.8976977554340113	3.2690452497804166	3.2426603800646068	0.21667015257087982	0.16103859048769	0.19594446774072896	0.1912177369330996	1.2482511274790438
-72	TRUE	TRUE	TRUE	TRUE	48483	3.5066284914415333	2.8556639974459936	3.2164056301625723	3.1928993730167	3.4107541672797086	2.7888108232246442	3.137530472263838	3.1123651542560635	-0.09587432516411996	-0.06685317347657864	-0.07887515580916486	-0.08053421814995448	3.567273936357493	2.9030213400123634	3.2752066665874877	3.248500647652448	0.21716521481405993	0.16156786267173504	0.19647723052144989	0.1917367693357483	1.2510223995429526
-71	TRUE	TRUE	TRUE	TRUE	48444	3.5099896073783308	2.858415388250315	3.2201476856975435	3.19618422710873	3.415043424393073	2.791495988423386	3.1416137285476116	3.1160510471213567	-0.09494618208633415	-0.06691940059547936	-0.07853395721713817	-0.08013317996631723	3.570493111443831	2.9050009948152833	3.2781554444034047	3.251216516887506	0.21595318844704064	0.16009061418040182	0.1945494734230889	0.19019775868351044	1.221107009928697
-70	TRUE	TRUE	TRUE	TRUE	48384	3.5149537144149243	2.8631054274467127	3.225554227591673	3.2012044564844366	3.418152636500619	2.7957482819234687	3.1480067099386084	3.120635876120899	-0.09680107689707698	-0.06735714554372922	-0.07754752079136534	-0.08056858107739051	3.575451683727154	2.9100404002559253	3.2845018833641597	3.256664655782413	0.2177970209247177	0.16122709013397643	0.19544283327164286	0.19148898144344564	1.2236437244539033
-69	TRUE	TRUE	TRUE	TRUE	48336	3.5188234872725417	2.8663427743678853	3.2298224321825586	3.204996231274329	3.4215330895668656	2.7982805188927324	3.151287818192107	3.1237004755505686	-0.0972903954849624	-0.06806225615041571	-0.07853461422365503	-0.08129575528634439	3.58080696170074	2.9136757096760024	3.289290743889316	3.261257805088686	0.22125734592267238	0.1627281262416222	0.19747123516657014	0.19381890244362157	1.2374981987923417
-68	TRUE	TRUE	TRUE	TRUE	48276	3.5222000156397324	2.868993965640553	3.2336377528204	3.208277244700229	3.4189095630134347	2.796831997865382	3.15037502808137	3.1220388629867286	-0.1032904541824066	-0.07216197141263868	-0.08326272595887742	-0.08623838385130757	3.5827145617021827	2.915564344478113	3.292079898675321	3.2634529349518724	0.22431954547147984	0.16530272453719416	0.20014701429455867	0.19658976143441087	1.2749830968713156
-67	TRUE	TRUE	TRUE	TRUE	48222	3.523999576176998	2.8706875473037377	3.2359365499314943	3.21020789113741	3.416100337382152	2.7963847988502013	3.15003979795433	3.1208416447288942	-0.10789924139344885	-0.07430275192780506	-0.08589675096518908	-0.08936624809548101	3.585642405247544	2.9182174773982847	3.295687153015604	3.2665156785538114	0.2311849016029474	0.1693626085368852	0.20539795427358143	0.201981821471138	1.309792273423943
-66	TRUE	TRUE	TRUE	TRUE	48159	3.5259971264393353	2.873022996264637	3.239210720071301	3.2127436142584247	3.4153688788151797	2.7965317112811268	3.1504224625574158	3.1207743508845738	-0.110628243471095	-0.07649128418186465	-0.08878825951675101	-0.09196926238990355	3.5857581737266124	2.919222412850885	3.2971861296433502	3.26738890540695	0.2301503408323575	0.16889011842957716	0.20473907826885837	0.20125984584359766	1.3363681538944685
-65	TRUE	TRUE	TRUE	TRUE	48099	3.5276228953513122	2.8750713856710637	3.2422492394563736	3.214981173492917	3.41424116097141	2.7968387215825237	3.152674515728556	3.1212514660941633	-0.11338174023244882	-0.07823266632545758	-0.0895747238701255	-0.0937297101426773	3.589372851980577	2.9224867224398876	3.3022921568826833	3.2713839104343823	0.2368816492198975	0.17306333637121252	0.20966056038156294	0.206535181990891	1.3709506632627857
-64	TRUE	TRUE	TRUE	TRUE	48018	3.528719693673913	2.875739436204985	3.242656585461137	3.2157052384466787	3.410254357133003	2.7935627536745726	3.1496007971041546	3.11780596930391	-0.11846533994461822	-0.08217668395044915	-0.09305578986011133	-0.09789927125172625	3.587011936705738	2.921009136305676	3.301124223435386	3.2697150988156	0.23504982374268957	0.17271608318076975	0.20999106608532642	0.2059189910029286	1.385247156247442
-63	TRUE	TRUE	TRUE	TRUE	47958	3.528915550292681	2.8763779494325696	3.2440324014336586	3.21644196705297	3.4086034564612473	2.793303110712103	3.148232229128751	3.1167129321007008	-0.12031209624701414	-0.08307483852505484	-0.09580017339225286	-0.09972903605477394	3.587662181514607	2.9217692730879876	3.3015619782817813	3.2703311442947918	0.23780535737008254	0.1738574850307945	0.21085932484689957	0.20750738908259217	1.3997009873204747
-62	TRUE	TRUE	TRUE	TRUE	47868	3.529510182304666	2.8772039240169867	3.245368180528204	3.2173607622832856	3.4108833433864936	2.7958184010678737	3.1521863290524332	3.1196293578356005	-0.11862683838202635	-0.08138552522690079	-0.09318185116180094	-0.09773140492357603	3.5896596219824124	2.924125362735375	3.304670552938011	3.272818512551933	0.2389257168293051	0.17522840134231438	0.21178659895260996	0.2086469057080765	1.378024064894193
-61	TRUE	TRUE	TRUE	TRUE	47793	3.5310449198170346	2.8785622318458977	3.2474290735944127	3.2190120750857822	3.412199399342674	2.7965039486534087	3.1522723191665167	3.120325222387533	-0.11884552050533449	-0.08205828329612883	-0.0951567559887511	-0.0986868532634048	3.591163489438875	2.9250367029663935	3.3057074974767997	3.2739692299606897	0.23908266260165392	0.17500722677415664	0.21171360090033783	0.20860116342538282	1.413399283125301
-60	TRUE	TRUE	TRUE	TRUE	47730	3.533498330281676	2.8810628664752715	3.2503241798377203	3.2216284588648896	3.4171724114415936	2.800766539733125	3.1574659621146273	3.1251349710964487	-0.11632592079979039	-0.08029632530236372	-0.09285821831915803	-0.09649348814043737	3.594292376342109	2.9278656689333404	3.309309063419706	3.2771557028983853	0.23791401098939377	0.17390192823548853	0.21082798644923645	0.20754797522470625	1.395975612515527
-59	TRUE	TRUE	TRUE	TRUE	47667	3.5337542863423774	2.881985438928872	3.251770258468999	3.222503327913416	3.418610120418289	2.8022607815594363	3.158661048781363	3.1265106502530293	-0.11514416571808345	-0.07972465565455603	-0.09310921010678633	-0.09599267715980861	3.594730040053415	2.9288820155144433	3.310501855994164	3.2780379705206744	0.23709567566373746	0.17351781195078386	0.21057240646565623	0.20706196469339253	1.3795041847497074
-58	TRUE	TRUE	TRUE	TRUE	47607	3.5346346173135017	2.8821447613212867	3.2526761640598427	3.223151847564877	3.4178933538747587	2.8012053943667907	3.1582262982774676	3.125775015506339	-0.1167412647872683	-0.08093936403355964	-0.09444986553637655	-0.09737683145240149	3.5958329706937056	2.9292916666785445	3.3117273853103293	3.2789506742275267	0.23913797107184603	0.1752331772533235	0.21255230702507855	0.20897448511674935	1.3924182991077847
-57	TRUE	TRUE	TRUE	TRUE	47535	3.534031768110614	2.8822968863264005	3.2531054621254882	3.223144705520834	3.4109522522799245	2.796321398147032	3.1519088473763315	3.119727499267763	-0.12307951688652587	-0.0859754891463829	-0.10119661574113645	-0.10341720725801506	3.594183741207488	2.9279691926572187	3.310254490157948	3.2774691413408847	0.24338346318567566	0.17732010012269833	0.21549467009075698	0.21206607779971032	1.4341522229473838
-56	TRUE	TRUE	TRUE	TRUE	47466	3.533387150116076	2.8824874426780434	3.2535998431735083	3.223158145322542	3.4064815495753207	2.793504180939154	3.149349391478297	3.116445040664257	-0.12690559988485572	-0.08898326319034135	-0.10425045018517376	-0.10671310442012359	3.593170060958034	2.9288726614865133	3.311914793616146	3.277985838686898	0.24647142301393857	0.18175370042185268	0.2208803516491248	0.21636849169497202	1.4724246611491587
-55	TRUE	TRUE	TRUE	TRUE	47337	3.5323004129805313	2.882471862096673	3.254135299705059	3.2229691915940877	3.3987448854151494	2.789212134023932	3.14562401837321	3.1111936792707637	-0.13355552993750186	-0.09325972876583716	-0.1085112850426964	-0.1117755145820118	3.5914773055348777	2.928220153847879	3.312574314404551	3.2774239245957695	0.2519093137660961	0.1847563142310207	0.22538931154210953	0.2206849798464088	1.4769877048360747
-54	TRUE	TRUE	TRUE	TRUE	47250	3.53112174735169	2.881726817618654	3.253494945871283	3.222114503613876	3.397255238516005	2.786702397153648	3.142891753182591	3.1089497962840813	-0.1338665072871155	-0.09502442184936452	-0.11060319572356128	-0.11316470828668043	3.5908725661213907	2.927729516898312	3.311635079226333	3.276745720748678	0.25336814368228383	0.1870298193072636	0.22688346134542736	0.2224271414449916	1.5149841270453652
-53	TRUE	TRUE	TRUE	TRUE	47151	3.5270996734217377	2.8792197655435112	3.251256311257382	3.219191916740877	3.3869173519302382	2.7798947039860673	3.1357525217887035	3.100854859235003	-0.1401823240203371	-0.09932506205894637	-0.11550379071306648	-0.11833705893078332	3.5858599621807086	2.9247494352735286	3.308904564780208	3.273171320744815	0.2577029035773626	0.19038440207405033	0.23080029678245279	0.22629586747795524	1.535949226386236
-52	TRUE	TRUE	TRUE	TRUE	47046	3.5260629000947614	2.8785883405003787	3.250869840652338	3.218507027082493	3.3855676353951556	2.778516978018377	3.133516880017213	3.0992004978102483	-0.14049526939545148	-0.10007135983494482	-0.11735296255576272	-0.11930653059538635	3.584655924275393	2.924355916403651	3.308131103142234	3.2723809812737588	0.2576813167022283	0.1916065153798975	0.23187548850545978	0.22705444019586185	1.5379010314692219
-51	TRUE	TRUE	TRUE	TRUE	46956	3.5245206044884547	2.877227495397374	3.249779360809439	3.217175820231756	3.3790797146989187	2.7729614910137124	3.1288201577172585	3.09362045447663	-0.1454408905040715	-0.10426600746046323	-0.1209592018236097	-0.12355536659604814	3.5828097590859853	2.9224974230689567	3.307029540164923	3.2707789074399547	0.2620192000836441	0.19480585952454388	0.2354595629427847	0.23076154085032424	1.563397009609992
-50	TRUE	TRUE	TRUE	TRUE	46860	3.525469916458201	2.8785351299914916	3.2514745101189333	3.218493185522875	3.3740776702159607	2.770242099112524	3.126059425152669	3.090126398160385	-0.15139224618148558	-0.10829303011617741	-0.1254150826585156	-0.12836678631872617	3.5830119273540286	2.9230269544827663	3.307434397450032	3.2711577597622754	0.266476268965401	0.19727668054015066	0.23733486082277258	0.23369593677610806	1.5506709993791497
-49	TRUE	TRUE	TRUE	TRUE	46749	3.5220968841868996	2.876396765076689	3.249325055917815	3.215939568393801	3.360491618343202	2.7622141610013706	3.1176773898459618	3.0801277230635113	-0.1616052694703536	-0.11418260525862163	-0.13164766497534724	-0.1358118465681075	3.579041269718524	2.920787364270729	3.304950599455644	3.2682597444816324	0.27549403896092206	0.20296380063396302	0.24289875361717334	0.24045219773735282	1.6006242053495245
-48	TRUE	TRUE	TRUE	TRUE	46596	3.5181319981149795	2.873472496430861	3.2467825656340774	3.2127956867266394	3.350778585817669	2.7560331761458	3.1122678954031198	3.0730265524555294	-0.16735341195816045	-0.11743931955610688	-0.13451467016650928	-0.1397691338935922	3.5766006112871285	2.9184676349956558	3.303563504362994	3.266210583548593	0.28429063886857603	0.20742959536666328	0.24807654802700452	0.2465989274207479	1.638891127928595
-47	TRUE	TRUE	TRUE	TRUE	46497	3.5145184936795437	2.8715404545607384	3.2448710370435543	3.210309995094612	3.3353264541601	2.747357830463659	3.101231021490568	3.061305102038109	-0.17919204015206636	-0.12418262260859622	-0.14364001353839506	-0.14900489209968587	3.57127847088244	2.9159264919325696	3.3003644711306914	3.2625231446485667	0.2927119953725286	0.21295469533214179	0.2546268801964176	0.2534311903003627	1.7240572939011558
-46	TRUE	TRUE	TRUE	TRUE	46389	3.511228606151762	2.8696054661542556	3.243295335906131	3.2080431360707165	3.321353302405155	2.738089046236949	3.0917691893907016	3.0504038460109353	-0.1898753020307306	-0.1315164262044917	-0.15152614686060847	-0.15763929169861027	3.568055308935134	2.913634875720081	3.2989687159394325	3.2602196335315488	0.30352870861172565	0.21957524018157923	0.2628729071370208	0.26199228531010854	1.7864736456884434
-45	TRUE	TRUE	TRUE	TRUE	46302	3.5065332513142193	2.86734622021204	3.2413176177729173	3.2050656964330595	3.315338140576866	2.73426929780572	3.0880431149138188	3.0458835177654686	-0.19119511356461275	-0.1330769221817358	-0.1532745011673771	-0.15918217897124187	3.5638046262808136	2.910997082936983	3.2969832979731795	3.2572616690636584	0.30573786401675535	0.22037864785448757	0.26460586362786076	0.2635741251663679	1.8327218465540083
-44	TRUE	TRUE	TRUE	TRUE	46179	3.501042168347551	2.863619107272461	3.237837173080888	3.200832816233634	3.310033085966779	2.7305248271678613	3.084423279752206	3.0416603976289487	-0.19100908307000994	-0.13309428008964705	-0.15341389493726873	-0.15917241936564192	3.55634783660216	2.9065747182799573	3.292888478962558	3.2519370112815587	0.3016204201398682	0.21900549995279212	0.26351650609686417	0.2613808087298415	1.80047553938973
-43	TRUE	TRUE	TRUE	TRUE	46023	3.4969125163397745	2.860584736886749	3.2348428440561863	3.1974466990942365	3.3201267642109435	2.7377987153266155	3.0925408690031126	3.050155449513557	-0.17678575378739317	-0.12278601942692835	-0.1423019748884146	-0.1472912493675787	3.5540334856071834	2.90483163291017	3.2911164202041427	3.249993846240499	0.29102769253432864	0.21127981285291567	0.25484912669809645	0.25238554402844693	1.793226777169811
-42	TRUE	TRUE	TRUE	TRUE	45885	3.4917942777133333	2.856926018030845	3.230876967881559	3.193199087875246	3.3288358921850256	2.7438502437300936	3.099387198717318	3.0573577782108123	-0.1629583838935481	-0.11307577215100277	-0.1314897681010807	-0.13584130804854386	3.5501192848745857	2.9019792937488735	3.2876526524099567	3.2465837436778053	0.2796083996651004	0.2031823284971351	0.24504113909053057	0.24261062241758868	1.7487388034722526
-41	TRUE	TRUE	TRUE	TRUE	45750	3.487614180575751	2.853989824046301	3.2276395304775627	3.189747845033205	3.341511207800866	2.7531239948806667	3.111523075802325	3.0687194261612856	-0.14610297693015298	-0.10086582771091401	-0.11611644925300955	-0.12102841796469219	3.54662306957551	2.8994588763776923	3.285423714671701	3.243835220208301	0.2641207532721124	0.19180393223717712	0.23168482405746058	0.2292031698555834	1.6349516059568105
-40	TRUE	TRUE	TRUE	TRUE	45606	3.484710961707635	2.8524625816387807	3.2255661601228756	3.1875799011564308	3.3569733889166415	2.7640388697953733	3.1230049530610224	3.0813390705910124	-0.12773756889459192	-0.08842371032970191	-0.10256120828026066	-0.10624082916818484	3.544969942261452	2.8988581635256034	3.2840550452364337	3.2426277170078293	0.2482555351533589	0.18121487654184606	0.2195389789510243	0.2163364635487431	1.5363550851016679
-39	TRUE	TRUE	TRUE	TRUE	45462	3.479168635700837	2.8492209957704335	3.2221455297491004	3.1835117204067904	3.367273983101251	2.7721491838055163	3.131716498922552	3.090379888609773	-0.11189465126972142	-0.07707181317095989	-0.09042903163089235	-0.09313183202385789	3.540340707614603	2.896411398603244	3.281893924720322	3.2395486769793895	0.2342387960452433	0.17145261842359452	0.20992581910751032	0.2052057445254494	1.4495355023152954
-38	TRUE	TRUE	TRUE	TRUE	45339	3.473247295682437	2.8447838607434375	3.217167563364616	3.1783995732634964	3.37367088225738	2.776570155474274	3.135411760573359	3.0952175994350046	-0.09957641292048189	-0.06821370522262869	-0.08175580519525091	-0.0831819744461205	3.535290701311057	2.8932872576321436	3.2775359764847862	3.235371311809329	0.22366322671825825	0.16522049903132544	0.20249263050619148	0.1971254520852584	1.3874167919481906
-37	TRUE	TRUE	TRUE	TRUE	45231	3.467644215970655	2.841455615162708	3.2137343781034855	3.174278069745616	3.382646914978751	2.7820151103348274	3.1401655961336337	3.1016092071490706	-0.0849973008898566	-0.05944050756776428	-0.07356878240012116	-0.07266886361924735	3.53076054742178	2.889834478595809	3.273972496247316	3.231522507421635	0.21122996614630155	0.15619823309772235	0.1940450184336801	0.18715773922590132	1.3302643103236418
-36	TRUE	TRUE	TRUE	TRUE	45096	3.4594460688387207	2.83587628724527	3.207984657788139	3.1677690046240428	3.3780863954158487	2.7782194999976486	3.1349604553145434	3.097088783576014	-0.08135967198781495	-0.057656786753700846	-0.07302420353592072	-0.0706802207591455	3.52229542794649	2.88421795055568	3.268440303732628	3.2249845607449332	0.2070583927238296	0.15434011414699766	0.19393549550996528	0.18511133412693084	1.3079540318811742
-35	TRUE	TRUE	TRUE	TRUE	44958	3.4509923937361267	2.8302509606541197	3.2020423336815265	3.161095229357257	3.3721453441028193	2.775198962944914	3.132484472042587	3.0932762596967738	-0.07884705038807166	-0.05505199660247689	-0.06955786296510508	-0.06781896998521787	3.51383206613399	2.8783831700758213	3.2624965171761273	3.2182372511286466	0.20452639611973128	0.15131641465219364	0.19046623021642473	0.1821030136627832	1.3050541836410987
-34	TRUE	TRUE	TRUE	TRUE	44832	3.444052252079834	2.8256367942538385	3.1969077055988118	3.1555322506441614	3.3672711755841997	2.773078719747776	3.130317550704012	3.090222482011996	-0.07678107695143292	-0.05255807620504061	-0.06659015407010051	-0.06530976907552469	3.5075017476995662	2.874544913418362	3.2589787580758216	3.2136751397312495	0.203680066348539	0.15037431496664505	0.19073225898221224	0.18159554676579875	1.3367295895689084
-33	TRUE	TRUE	TRUE	TRUE	44673	3.4356371504342635	2.8200748221157763	3.1904839763765542	3.1487319829755314	3.359444069653683	2.7665440069156464	3.1230901974288234	3.0830260913327177	-0.07619307802234589	-0.053530816878580446	-0.06739377735500475	-0.06570589075197703	3.500470246954477	2.8680508837256298	3.2520872974114114	3.2068694760305063	0.20585927413727717	0.14948294009417348	0.190600422635477	0.18198087895564255	1.4204731036034939
-32	TRUE	TRUE	TRUE	TRUE	44484	3.427851038997315	2.814294382765852	3.1847659574714213	3.142303793078196	3.350676056861131	2.7604536875653753	3.1179420600095495	3.076357268145352	-0.07717498168767441	-0.05384069741857337	-0.06682389940860362	-0.06594652617161713	3.4933373123212483	2.863176070372179	3.247778943340541	3.2014307753446563	0.20814752812305318	0.151604070869889	0.19284987228464745	0.1842004904258632	1.491813057184597
-31	TRUE	TRUE	TRUE	TRUE	44295	3.42101473596442	2.8090644669762876	3.1794287324066075	3.1365026451157716	3.3404587216618387	2.7521260041931983	3.1065346831794356	3.066373136344824	-0.08055601560243988	-0.05693846274599065	-0.07289404793779204	-0.07012950876207419	3.487344973928809	2.8581566654149686	3.2416837411419595	3.1957284601619125	0.21321649130053028	0.15512285948935955	0.19740406808503855	0.1885811396249761	1.5745330170907008
-30	TRUE	TRUE	TRUE	TRUE	44109	3.412835840235897	2.8036903263185318	3.173040430758219	3.129855532437549	3.3255788953598806	2.7426580126528974	3.093476764991456	3.0539045576680777	-0.08725694198871282	-0.06103231366147546	-0.07956366462952406	-0.07595097342657078	3.478027675552485	2.852412128712486	3.2341168715401176	3.1881855586016963	0.21764061654060193	0.15847591785547585	0.20171654918932536	0.19261102786180104	1.6707132550164345
-29	TRUE	TRUE	TRUE	TRUE	43923	3.4053449278535184	2.79841131124755	3.1678053176993313	3.1238538522668	3.3133472396059407	2.73311985189609	3.0801988061261687	3.0422219658760667	-0.0919976902780034	-0.06529146150225106	-0.08760651148398665	-0.08163188775474704	3.4698504308445712	2.8464648180461376	3.2268058930517243	3.181040380647478	0.22100869875894635	0.16139847400918172	0.20560766204843295	0.19600494493885368	1.7662288769272951
-28	TRUE	TRUE	TRUE	TRUE	43716	3.396320922051228	2.7912524640363747	3.1594591787796658	3.1156775216224224	3.2992743258176294	2.7223130638955686	3.0655131642736086	3.0290335179956025	-0.0970465936623852	-0.06893939953857182	-0.09394601477362381	-0.08664400265819362	3.459377478223707	2.8382744542447305	3.2169073116631055	3.1715197480438477	0.22315970952136768	0.16298338102497723	0.20884228272787597	0.19832845775807365	1.813495058096764
-27	TRUE	TRUE	TRUE	TRUE	43485	3.3856161142437946	2.7836353504437876	3.1497714481399766	3.1063409709425196	3.2905521203227264	2.7170602221661797	3.0578022951868644	3.0218048792252565	-0.09506399140351302	-0.06657513022300224	-0.09196915483986054	-0.0845360921554586	3.4475704536735803	2.8312775821569605	3.2071300753278935	3.161992703719478	0.21897267497600975	0.1618595888072998	0.2066864071308414	0.19583955697138367	1.7952829237753543
-26	TRUE	TRUE	TRUE	TRUE	43278	3.374144418999438	2.7759993484044796	3.141163270875808	3.0971023460932416	3.2777300220224	2.7078638049192585	3.046445997468493	3.0106799414700505	-0.09641439947417185	-0.06813554512278965	-0.09471727161262986	-0.08642240540319712	3.4347930989112814	2.822764679150172	3.1981469630554957	3.151901580372316	0.2177117598967427	0.16166620370602228	0.20868465713797482	0.19602087358024659	1.763903230366671
-25	TRUE	TRUE	TRUE	TRUE	43104	3.363106898890378	2.7683735119756436	3.132691834174172	3.088057415013398	3.2660975942569754	2.7005069218559896	3.0403603129652814	3.002321609692749	-0.09700930221358989	-0.067866587936663	-0.09233152351168933	-0.08573580455398074	3.4237540424609705	2.816192994593187	3.1925936522874823	3.144180229780547	0.2183035938572846	0.16350555359846683	0.2121351592448446	0.19798143556686532	1.8016480353233577
-24	TRUE	TRUE	TRUE	TRUE	42948	3.353453908931138	2.761462039687246	3.1241489061048404	3.0796882849077414	3.254450546998979	2.691060629974067	3.028924047635822	2.9914784082029557	-0.09900335856639765	-0.07040141115657124	-0.09522485798157142	-0.08820987590151344	3.415714427572956	2.8104863590810187	3.185827777149027	3.1373428546010005	0.22352439706974558	0.1684500498335418	0.21858260131815077	0.2035190160738127	1.757948239515731
-23	TRUE	TRUE	TRUE	TRUE	42756	3.341585312104748	2.7527432675045187	3.1134917954519534	3.0692734583537398	3.238294562950825	2.679536279992719	3.014843044566424	2.977557962503323	-0.10329075110333368	-0.07320698834242373	-0.0986487534531522	-0.09171549763296988	3.402594993789814	2.801101172598781	3.1745541627179326	3.1260834430355096	0.22531011381963253	0.16992279792505616	0.22077348856404613	0.20533546676957826	1.698499158214751
-22	TRUE	TRUE	TRUE	TRUE	42549	3.3312824717398537	2.745254174439708	3.1047512837575035	3.0604293099790216	3.221919420374774	2.667992653199467	3.000788053633795	2.963566709069345	-0.1093630515244069	-0.07726152001386813	-0.10396322846626806	-0.09686260000151437	3.3898450256106147	2.7914927396656477	3.1635604455296136	3.114966070268625	0.22648816375404596	0.16973865212250264	0.22158155523905623	0.20593612370520162	1.6692889374800082
-21	TRUE	TRUE	TRUE	TRUE	42333	3.3229405706451027	2.7385787259885137	3.097035968009923	3.0528517548811798	3.214826590237278	2.6624432123261323	2.993462998871886	2.956910933811766	-0.10811398064254284	-0.07613551620559392	-0.10357296764211063	-0.09594082149674911	3.382842567616823	2.785463896594234	3.156091086470818	3.108132516893958	0.2279179739826805	0.16990585604222613	0.22168320763148014	0.20650234588546224	1.6004577998648037
-20	TRUE	TRUE	TRUE	TRUE	42144	3.3136049739125486	2.731732324436593	3.088146418826032	3.0444945723917245	3.205590638582693	2.655745331627889	2.9870948080147475	2.9494769260751097	-0.10801433259800619	-0.07598699136032026	-0.10105161140831656	-0.09501764512221435	3.373598426068645	2.7789462605305233	3.1479564742479185	3.1001670536156958	0.22800123933399039	0.17041486584702012	0.2206717216067388	0.20636260892924976	1.5795901188834258
-19	TRUE	TRUE	TRUE	TRUE	41937	3.3019287507094988	2.7231654997039674	3.077874256747394	3.0343228357202867	3.1935164740372626	2.64597346543433	2.9749613693574535	2.9381504362763486	-0.10841227871992654	-0.07719203449497211	-0.10291288773197517	-0.09617240031562461	3.362562876423679	2.7703663784372825	3.13736330813229	3.0900975209977504	0.22968053010067935	0.1715937911998784	0.2218909919186878	0.20772177107308185	1.566843407295795
-18	TRUE	TRUE	TRUE	TRUE	41706	3.2924918762995854	2.716103160525191	3.070222587332853	3.026272541385876	3.1798712438808754	2.63635597194666	2.9644866095008906	2.9269046084428085	-0.11262063442553473	-0.07974718747340963	-0.10573597565548826	-0.09936793251814421	3.3514085536039073	2.762629747741394	3.129403229568385	3.0811471769712284	0.23045399150116	0.17280036505635976	0.22409726385161544	0.20911720680304507	1.5548926771526077
-17	TRUE	TRUE	TRUE	TRUE	41499	3.278796220604818	2.7062079268177013	3.058006010954555	3.0143367194590245	3.1701866428337353	2.629121756499156	2.9558415339021886	2.91838331107836	-0.10860957830258039	-0.07708617045805158	-0.10216447906377735	-0.0959534092748031	3.338211908413104	2.752970627453211	3.1168784228058897	3.069353652890735	0.22744095568627828	0.17061157346935257	0.21990930181385024	0.20598727698982702	1.559737149484455
-16	TRUE	TRUE	TRUE	TRUE	41262	3.2655232874964133	2.6964691066281272	3.045602982320703	3.0025317921484143	3.157458901898331	2.6197045377281065	2.9441317143949117	2.907098384673783	-0.10806438583884256	-0.0767645674179907	-0.10147126819030138	-0.09543340714904487	3.3237311808909156	2.74220692028683	3.1024044417607546	3.0561141809795	0.2244801747822799	0.16824019575233348	0.21507418802527475	0.2025981861866294	1.5449928010997427
-15	TRUE	TRUE	TRUE	TRUE	41073	3.25296516057354	2.6878107766870083	3.0349036617182756	2.9918931996596076	3.1468551477563955	2.612437804847868	2.9344632866481564	2.8979187464174734	-0.1061100112282059	-0.07537297000923332	-0.10044037589557737	-0.0939744523776722	3.3116950605184376	2.7339651235320654	3.0922775408331273	3.045979241627877	0.22356981125319197	0.16768166801306444	0.21518813501161446	0.20214653809262365	1.505876487233915
-14	TRUE	TRUE	TRUE	TRUE	40878	3.2407713667198736	2.678968734865803	3.0247722530427636	2.98150411820948	3.1361496606372135	2.6042950001270224	2.9257503717333053	2.8887316774991803	-0.10462170214179922	-0.0746737354262026	-0.0990218836145726	-0.09277244039419148	3.2996627266270444	2.725518985386718	3.0825245490369513	3.0359020870169044	0.22240442548201148	0.16777423325099916	0.21452647537528083	0.20156837803609715	1.548729928197588
-13	TRUE	TRUE	TRUE	TRUE	40644	3.224053851670604	2.6666353221281365	3.0094829147337063	2.9667240295108153	3.1200370163943774	2.592382898712887	2.910858290944295	2.8744260686838534	-0.10401683425826064	-0.0742524236893983	-0.09862462326518563	-0.09229796040428152	3.2827651182802113	2.7131586804293026	3.0670228329083296	3.0209822105392807	0.22143936740504302	0.16729913930340545	0.2137044587113944	0.2008143218066143	1.5154445693002534
-12	TRUE	TRUE	TRUE	TRUE	40407	3.209886862616061	2.655387888648971	2.9951300653001907	2.953468272188408	3.104937179486304	2.5805419082370857	2.896400770036753	2.860626619253381	-0.10494968870669404	-0.07484598011524941	-0.09872929534145637	-0.09284165472113327	3.2685207625469115	2.7015266614717723	3.0532502110794986	3.0077658783660612	0.22221748336250946	0.16712352942891873	0.21496958793809792	0.20143686690984206	1.5260878307048218
-11	TRUE	TRUE	TRUE	TRUE	40200	3.1985954875599045	2.6469919076614628	2.9849957675177725	2.943527720913047	3.0954426372383073	2.5725181739935894	2.886870023612682	2.8516102782815267	-0.10315284965537476	-0.07447373766102024	-0.09812574384813501	-0.09191744372151	3.256827042005141	2.6930646325090994	3.0427954311223795	2.99756236854554	0.2196159598646196	0.16661918375796309	0.21372507197247823	0.19998673853168697	1.5078377603533775
-10	TRUE	TRUE	TRUE	TRUE	39975	3.185080864419485	2.636674807129907	2.972460660338527	2.9314054439626394	3.0825115837086337	2.562259118377179	2.8736246326309245	2.839465111572246	-0.10256928288812739	-0.07441568629876413	-0.09883602931130973	-0.09194033283273376	3.2427617527939314	2.6827457787183766	3.0294625903665446	2.9849900406262844	0.21793105844634447	0.16655763337705343	0.21283988893524497	0.1991095269195476	1.464754597658578
-9	TRUE	TRUE	TRUE	TRUE	39747	3.1740720173444457	2.628865121937213	2.9618330709333383	2.921590070071666	3.0719486174188493	2.5553646234688667	2.8652632097106197	2.8308588168661117	-0.10212340031854311	-0.07350049903273884	-0.09656985928709043	-0.09073125287945746	3.231643689232285	2.674487763089168	3.0192613745056303	2.9751309422756944	0.21726674405564564	0.1647457845764667	0.21142646904175566	0.19781299922462267	1.5017396024634022
-8	TRUE	TRUE	TRUE	TRUE	39501	3.1578187541665335	2.6160648858977282	2.946710051703707	2.9068645639226562	3.054650123502997	2.5395909289537357	2.8450049604834406	2.813082004313391	-0.10316863144698774	-0.07647395292531767	-0.10170509275396936	-0.09378255904209158	3.2153559587653127	2.661344999183764	3.0025036140019745	2.959734857317017	0.2182430405958617	0.16703418362088007	0.2132922162508988	0.19952314682254685	1.501121212091923
-7	TRUE	TRUE	TRUE	TRUE	39228	3.1408745939976233	2.603840067893325	2.9312836401501645	2.8919994340137043	3.0417060703114527	2.5296971660125305	2.832282002864104	2.8012284130626957	-0.09916852402284683	-0.07414290469465808	-0.0990016378449504	-0.0907710221874851	3.198607137418415	2.6492716794288835	2.987203801155219	2.9450275393341725	0.21463361223814983	0.16500612502980075	0.21084196166635435	0.19682723297810165	1.5138858976861986
-6	TRUE	TRUE	TRUE	TRUE	38937	3.123704641076335	2.5913927782903543	2.9158520331064244	2.8769831508243717	3.0286535818587854	2.522499442053029	2.8225563004548095	2.7912364414555415	-0.09505106372330728	-0.06889333495649809	-0.09329573156352186	-0.08574671008110907	3.1811944948107227	2.636818215712064	2.9719510767439123	2.9299879290888997	0.21003076813591012	0.15974421142299058	0.20549382070819888	0.19175626675569987	1.552802296023414
-5	TRUE	TRUE	TRUE	TRUE	38694	3.106470135112565	2.5791973856647	2.900939241071722	2.862202253949662	3.0222357046924797	2.517630631456278	2.8191153423634767	2.786327226170745	-0.0842344306427965	-0.0615667537995948	-0.08182389810305082	-0.07587502751514738	3.166209920501245	2.6262660584213706	2.958846492222697	2.917107490381771	0.20371399894765363	0.15570410133855694	0.19763840055769585	0.18568550028130215	1.4813678861723099
-4	TRUE	TRUE	TRUE	TRUE	38370	3.089865713287297	2.566527709525343	2.8848217813845904	2.84707173473241	2.9995863454889404	2.4995022766527235	2.79557000615766	2.764886209433108	-0.09027936790543592	-0.06702543183949629	-0.08925177766861735	-0.08218552580451652	3.150292396672945	2.614211855488594	2.943423077377204	2.902642443179581	0.21113273584699394	0.16239372644563368	0.2064543695423403	0.19332694394498934	1.5099085224312319
-3	TRUE	TRUE	TRUE	TRUE	37977	3.070136973501864	2.5514251405570194	2.865717062800858	2.829093058953247	2.9913546387274232	2.4935695405229823	2.7865618642123327	2.7571620144875792	-0.07878233708710332	-0.0578556005542541	-0.0791551998941813	-0.07193104584517956	3.1328377292178735	2.601092099558212	2.9258328253945693	2.886587551390218	0.2041838461502568	0.15718951693006702	0.19938672362260804	0.1869200289009773	1.56389928254816
-2	TRUE	TRUE	TRUE	TRUE	37620	3.0536370192927453	2.5383375633711602	2.849531589518039	2.813835390727315	2.9764088642731035	2.477414775564666	2.765807903818802	2.739877181218857	-0.07722815358399449	-0.06092279295989174	-0.08372368502451946	-0.0739582105228019	3.113515653431351	2.5853886937224795	2.905909499373521	2.8682712821757836	0.19698542386289414	0.15502505000280037	0.19647950615039783	0.18282999333869743	1.7364370012309858
-1	TRUE	TRUE	TRUE	TRUE	37329	3.039676217824094	2.527965500767024	2.8370206271385245	2.8015541152432144	2.969709027556132	2.4672429855988547	2.7606983774244833	2.732550130193157	-0.06996719012515845	-0.06072251902221747	-0.07632225435326086	-0.06900398783354558	3.096243717960402	2.5724555227922883	2.893977691729701	2.854225644160797	0.18310219119869764	0.14970255978067687	0.19023637871538135	0.17434704323158529	1.619225026427061
