skew_type	skew_bin	ccre_class	mut_class	n	n_MR	sum_MR	sum_MR_sq	n_phyloP	sum_phyloP	sum_phyloP_sq	n_conserved	n_tf_chip_peak	n_tf_footprint	total	prop
HepG2_skew	(-Inf,-1.5)	PLS	CpG ti (CGI)	339	339	182.785	180.296399	339	1295.887000453193	9299.26351561263	198	142	224	2402	0.14113238967527061
HepG2_skew	(-Inf,-1.5)	PLS	CpG ti (non-CGI)	406	406	639.273	1276.726955	406	263.5959999728948	4005.3327887610026	77	109	202	2402	0.16902581182348042
HepG2_skew	(-Inf,-1.5)	PLS	non-CpG ti	679	679	96.819	16.573147	676	2271.9640045268466	14983.504629438992	355	248	451	2402	0.2826810990840966
HepG2_skew	(-Inf,-1.5)	PLS	non-CpG tv	978	978	70.886	8.134954	977	3085.6210017494177	22138.99635831363	495	354	671	2402	0.4071606994171524
HepG2_skew	(-Inf,-1.5)	dELS	CpG ti (CGI)	178	178	220.366	421.297678	178	45.38199931650884	1197.934367630578	25	50	84	35835	0.004967210827403376
HepG2_skew	(-Inf,-1.5)	dELS	CpG ti (non-CGI)	13048	13048	28257.377	66271.596965	13038	-10271.808999389645	45745.17935824718	320	1294	4331	35835	0.3641132970559509
HepG2_skew	(-Inf,-1.5)	dELS	non-CpG ti	11518	11518	1579.999	265.198997	11508	7349.822994963615	44251.935861547565	1346	1082	5711	35835	0.32141760848332634
HepG2_skew	(-Inf,-1.5)	dELS	non-CpG tv	11091	11091	661.144	66.680212	11080	2052.6669986118804	38777.753386048375	917	1101	5039	35835	0.3095018836333194
HepG2_skew	(-Inf,-1.5)	non-cCRE	CpG ti (CGI)	109	109	142.44299999999998	281.503895	107	74.3310002749786	1079.1886064601526	19	31	35	60695	0.0017958645687453662
HepG2_skew	(-Inf,-1.5)	non-cCRE	CpG ti (non-CGI)	28786	28786	65547.144	158223.918216	28734	-28354.141968605712	82248.55256155733	75	1123	434	60695	0.47427300436609277
HepG2_skew	(-Inf,-1.5)	non-cCRE	non-CpG ti	16106	16106	2454.65	443.864196	15954	1530.2490145500046	11500.139186712957	205	675	426	60695	0.26535958480929234
HepG2_skew	(-Inf,-1.5)	non-cCRE	non-CpG tv	15694	15694	1052.025	115.665403	15581	-5546.755997052998	28037.16828568309	175	704	428	60695	0.25857154625586953
HepG2_skew	(-Inf,-1.5)	pELS	CpG ti (CGI)	203	203	114.112	111.886408	203	460.4229982371907	3520.941314880735	78	78	126	5022	0.04042214257268021
HepG2_skew	(-Inf,-1.5)	pELS	CpG ti (non-CGI)	1583	1583	2992.258	6623.884444	1583	-713.5380006583873	6290.34529390671	85	348	612	5022	0.3152130625248905
HepG2_skew	(-Inf,-1.5)	pELS	non-CpG ti	1582	1582	221.329	37.826557	1582	2089.238999491326	13362.51528116549	351	392	868	5022	0.31501393866985267
HepG2_skew	(-Inf,-1.5)	pELS	non-CpG tv	1654	1654	98.307	9.404547	1653	1612.950003315928	13166.701643716648	326	434	869	5022	0.32935085623257665
HepG2_skew	[-0.05,0.05)	PLS	CpG ti (CGI)	59049	59049	28925.83	24705.394164	59030	-885.950990529964	287089.9465984654	6237	23673	33228	800453	0.07376947803306377
HepG2_skew	[-0.05,0.05)	PLS	CpG ti (non-CGI)	43302	43302	61792.682	114869.895198	43226	-26015.301999123407	194481.71058002856	2140	11901	12129	800453	0.054096867648693925
HepG2_skew	[-0.05,0.05)	PLS	non-CpG ti	375131	375131	53976.547	9959.200621	374882	133857.96594931747	1698535.5052231231	44141	115665	110116	800453	0.468648377856039
HepG2_skew	[-0.05,0.05)	PLS	non-CpG tv	322971	322971	24155.759	3450.273965	322632	72835.12694189524	1542724.6759552783	36219	106582	112303	800453	0.4034852764622033
HepG2_skew	[-0.05,0.05)	dELS	CpG ti (CGI)	65505	65505	83080.845	151967.06317100002	65401	-46271.27101044274	264250.158775907	2458	13866	16023	43795997	0.0014956846398541859
HepG2_skew	[-0.05,0.05)	dELS	CpG ti (non-CGI)	3373981	3373981	6660053.475000001	14185600.061927002	3368530	-2713744.6098339087	11637151.114751969	66606	285350	427760	43795997	0.0770385704428649
HepG2_skew	[-0.05,0.05)	dELS	non-CpG ti	24623267	24623267	3582360.915999992	711112.064374	24594573	2996638.090270299	52527901.9386195	1283134	1619468	2209880	43795997	0.5622264290501253
HepG2_skew	[-0.05,0.05)	dELS	non-CpG tv	15733244	15733244	920634.2300000006	124150.31297399996	15708997	2105462.8453581273	34676033.81913172	854029	1050429	1492615	43795997	0.35923931586715563
HepG2_skew	[-0.05,0.05)	non-cCRE	CpG ti (CGI)	69714	69714	70906.779	119449.542229	69549	-31327.184002545793	218323.13508172895	2682	20889	15745	298179695	2.3379861596544996e-4
HepG2_skew	[-0.05,0.05)	non-cCRE	CpG ti (non-CGI)	17078773	17078773	37002038.032	84743283.37888993	16912385	-13699871.023664957	40989255.03131256	87089	525861	90362	298179695	0.057276780700979656
HepG2_skew	[-0.05,0.05)	non-cCRE	non-CpG ti	169828402	169828402	25920344.789000217	5488061.027434892	168102794	-10239021.320740849	176670998.10087416	2406510	3481673	520357	298179695	0.5695505255647941
HepG2_skew	[-0.05,0.05)	non-cCRE	non-CpG tv	111202806	111202806	6833417.852999997	1129100.7375210056	109608125	-5426857.182517866	117281421.67084388	1684084	2288334	374053	298179695	0.37293889511826084
HepG2_skew	[-0.05,0.05)	pELS	CpG ti (CGI)	89969	89969	47079.026	44354.799526	89919	-12250.058988706787	301598.62614940375	6184	34934	37691	6141876	0.014648455944079626
HepG2_skew	[-0.05,0.05)	pELS	CpG ti (non-CGI)	461596	461596	765266.977	1500285.687629	461073	-350124.0788919409	1498084.2726105002	8854	95897	63187	6141876	0.0751555387962896
HepG2_skew	[-0.05,0.05)	pELS	non-CpG ti	3316664	3316664	475898.374	91458.76156	3314142	444783.0128972807	7341659.1550667165	179130	668665	382213	6141876	0.5400082971391803
HepG2_skew	[-0.05,0.05)	pELS	non-CpG tv	2273647	2273647	140435.27	19295.179772	2271159	254089.93801053544	5317012.917812408	124917	484894	303543	6141876	0.3701877081204505
HepG2_skew	[-0.2,-0.05)	PLS	CpG ti (CGI)	48041	48041	22769.304	18878.585262	48022	17722.118009693233	264964.8272755497	7240	19268	28160	430319	0.11164043418951987
HepG2_skew	[-0.2,-0.05)	PLS	CpG ti (non-CGI)	35536	35536	51103.697	97284.610699	35474	-16981.494992225547	157624.70937488292	2116	10035	11565	430319	0.08258059718487913
HepG2_skew	[-0.2,-0.05)	PLS	non-CpG ti	171107	171107	26001.589	4878.573575	170999	134839.1409942531	1013480.6734469738	30783	58992	68576	430319	0.39762827111979715
HepG2_skew	[-0.2,-0.05)	PLS	non-CpG tv	175635	175635	14172.192	2059.466464	175471	94515.8259976993	1009632.2046977116	27857	62427	77606	430319	0.40815069750580385
HepG2_skew	[-0.2,-0.05)	dELS	CpG ti (CGI)	46160	46160	58190.207	108233.284093	46075	-25394.544010267004	187133.68342036917	2353	9905	12932	12589841	0.0036664482101084516
HepG2_skew	[-0.2,-0.05)	dELS	CpG ti (non-CGI)	2236564	2236564	4556035.738	10061701.42471	2232894	-1922116.8837831109	8106441.574512112	43602	207902	365861	12589841	0.17764831184126947
HepG2_skew	[-0.2,-0.05)	dELS	non-CpG ti	5844845	5844845	824312.064	148727.70256	5837138	1190852.9194384925	12857458.004128989	344510	465996	839303	12589841	0.4642508988000722
HepG2_skew	[-0.2,-0.05)	dELS	non-CpG tv	4462272	4462272	280025.843	37172.253911	4454580	440629.3187531148	10508712.30949216	246205	357825	662930	12589841	0.3544343411485498
HepG2_skew	[-0.2,-0.05)	non-cCRE	CpG ti (CGI)	43737	43737	45143.747	78943.74763299999	43593	-13363.345986908766	142655.39852045898	2347	12911	10863	44186224	9.898333924166047e-4
HepG2_skew	[-0.2,-0.05)	non-cCRE	CpG ti (non-CGI)	7334615	7334615	16245591.962	38104070.468668	7282907	-6605512.695442984	19590832.291342128	31499	279681	63819	44186224	0.1659932516523702
HepG2_skew	[-0.2,-0.05)	non-cCRE	non-CpG ti	20134030	20134030	2786883.857999996	521584.377074	19909725	-1834.3690599819856	21018700.499730416	348000	560716	157054	44186224	0.4556630591471224
HepG2_skew	[-0.2,-0.05)	non-cCRE	non-CpG tv	16673842	16673842	1030495.8640000008	147407.5606619999	16425802	-1105876.9490460318	19217423.397097524	269220	468451	136125	44186224	0.3773538558080908
HepG2_skew	[-0.2,-0.05)	pELS	CpG ti (CGI)	62332	62332	32138.682	30825.704794	62290	7432.349000156627	229909.27399888405	5862	24263	28588	1987274	0.031365579180324406
HepG2_skew	[-0.2,-0.05)	pELS	CpG ti (non-CGI)	310947	310947	526845.938	1065204.334122	310534	-236313.16993729761	1053884.0933433324	6933	68236	55269	1987274	0.1564691129658014
HepG2_skew	[-0.2,-0.05)	pELS	non-CpG ti	879090	879090	126444.618	22932.170856	878270	282754.4499710128	2370068.652280529	68403	205969	173562	1987274	0.44235973499376535
HepG2_skew	[-0.2,-0.05)	pELS	non-CpG tv	734905	734905	50674.23	7193.682576	733899	134771.28197255824	2097561.0060535604	53334	180115	159200	1987274	0.3698055728601089
HepG2_skew	[-0.5,-0.2)	PLS	CpG ti (CGI)	15555	15555	7265.147	6036.4287810000005	15548	18636.09298414912	139700.72601638062	4163	6383	9791	145336	0.10702785269995047
HepG2_skew	[-0.5,-0.2)	PLS	CpG ti (non-CGI)	11695	11695	16749.26	32313.306464	11683	-1244.4089955646782	65383.79917966561	1255	3511	5050	145336	0.0804687069962019
HepG2_skew	[-0.5,-0.2)	PLS	non-CpG ti	53705	53705	8826.979	1849.853609	53674	80288.74196349121	511787.7694340072	15625	19606	27299	145336	0.3695230362745638
HepG2_skew	[-0.5,-0.2)	PLS	non-CpG tv	64381	64381	5297.119	796.147299	64319	77367.7929747716	546926.4920883557	16506	24097	34861	145336	0.44298040402928385
HepG2_skew	[-0.5,-0.2)	dELS	CpG ti (CGI)	13189	13189	17572.575	34052.265553	13161	-6256.835998701516	53685.88843335821	748	3052	4120	2548981	0.0051742245234468204
HepG2_skew	[-0.5,-0.2)	dELS	CpG ti (non-CGI)	532070	532070	1100727.357	2478920.413353	531098	-463047.2710032128	1950067.2186836847	10797	54718	128150	2548981	0.20873831542879293
HepG2_skew	[-0.5,-0.2)	dELS	non-CpG ti	1053650	1053650	159575.077	32153.415909	1052168	261010.12581582656	2729013.3355690097	73545	94766	243945	2548981	0.41336126083325064
HepG2_skew	[-0.5,-0.2)	dELS	non-CpG tv	950072	950072	62033.144	8534.146342	948247	104371.07196348946	2535283.2225859263	58988	87730	223170	2548981	0.37272619921450967
HepG2_skew	[-0.5,-0.2)	non-cCRE	CpG ti (CGI)	10280	10280	11850.034	22106.035356	10240	-1499.8449873907978	39353.16143481056	770	3025	2562	5195580	0.0019786048910804955
HepG2_skew	[-0.5,-0.2)	non-cCRE	CpG ti (non-CGI)	1183088	1183088	2635755.597	6246835.399443	1175103	-1078715.9221014946	3179462.4118047166	4516	52026	16628	5195580	0.22771047698235808
HepG2_skew	[-0.5,-0.2)	non-cCRE	non-CpG ti	2020149	2020149	315725.079	68244.253759	2001294	-74277.91564078839	2332548.0413990594	35696	72224	32654	5195580	0.3888206898941023
HepG2_skew	[-0.5,-0.2)	non-cCRE	non-CpG tv	1982063	1982063	132291.328	19344.457202	1955306	-231597.84643759803	2521257.184414472	31445	71140	33888	5195580	0.38149022823245915
HepG2_skew	[-0.5,-0.2)	pELS	CpG ti (CGI)	16018	16018	8533.768	8739.900264	16007	7524.298005253426	82523.83115717964	2368	6271	8146	431976	0.037080763746134046
HepG2_skew	[-0.5,-0.2)	pELS	CpG ti (non-CGI)	73196	73196	125802.512	259853.239958	73102	-51355.92297849899	260717.86328415884	2165	16973	18897	431976	0.16944459877400597
HepG2_skew	[-0.5,-0.2)	pELS	non-CpG ti	171477	171477	26893.273	5487.853229	171288	93697.30198824972	682744.3071967318	20477	44306	53262	431976	0.3969595533085171
HepG2_skew	[-0.5,-0.2)	pELS	non-CpG tv	171285	171285	12597.937	1918.242757	170988	65458.75899821217	671491.7110905701	18545	46434	56503	431976	0.39651508417134285
HepG2_skew	[-1.0,-0.5)	PLS	CpG ti (CGI)	4891	4891	2276.87	1909.76664	4891	11787.540009920716	79389.70835812358	2127	2133	3288	42538	0.11497954769852838
HepG2_skew	[-1.0,-0.5)	PLS	CpG ti (non-CGI)	4108	4108	6077.7699999999995	11885.013794	4105	1784.052995547186	32905.25224844382	703	1283	2225	42538	0.09657247637406555
HepG2_skew	[-1.0,-0.5)	PLS	non-CpG ti	15135	15135	2594.721	601.187157	15129	37875.26899894222	235153.2238099765	6625	5656	9255	42538	0.3557995204287931
HepG2_skew	[-1.0,-0.5)	PLS	non-CpG tv	18404	18404	1390.604	172.763582	18392	37670.472976782825	241406.17859822657	6929	7136	11433	42538	0.432648455498613
HepG2_skew	[-1.0,-0.5)	dELS	CpG ti (CGI)	3279	3279	4323.605	8272.526509	3272	-511.46099824307015	17705.470608743268	323	784	1216	606978	0.005402172731136878
HepG2_skew	[-1.0,-0.5)	dELS	CpG ti (non-CGI)	148185	148185	310155.012	706898.722286	147944	-120511.0009935262	563381.5345586697	3897	15477	49447	606978	0.2441357017882032
HepG2_skew	[-1.0,-0.5)	dELS	non-CpG ti	239321	239321	37250.169	8027.201335	238948	101821.55688981258	868951.0966827724	23581	22684	81384	606978	0.3942828240891762
HepG2_skew	[-1.0,-0.5)	dELS	non-CpG tv	216193	216193	13560.567	1579.869901	215736	44126.883986490095	705930.4971491552	16966	21120	74188	606978	0.35617930139148374
HepG2_skew	[-1.0,-0.5)	non-cCRE	CpG ti (CGI)	2267	2267	2875.159	5597.048923	2249	-13.0460052989656	11674.131855877742	231	712	571	911429	0.0024873029056569408
HepG2_skew	[-1.0,-0.5)	non-cCRE	CpG ti (non-CGI)	259227	259227	592928.097	1440590.273833	257769	-238884.72679637617	716753.638589355	1029	11751	5088	911429	0.28441820481902597
HepG2_skew	[-1.0,-0.5)	non-cCRE	non-CpG ti	332542	332542	56254.966	13475.345272	329208	-10647.558912888282	397447.52127173386	5831	12947	7686	911429	0.3648578221671683
HepG2_skew	[-1.0,-0.5)	non-cCRE	non-CpG tv	317393	317393	20093.921	2300.351129	313638	-45632.98587289825	426439.81618279166	4787	13678	7768	911429	0.34823667010814885
HepG2_skew	[-1.0,-0.5)	pELS	CpG ti (CGI)	3798	3798	2057.985	2109.407365	3798	3856.908000429976	32753.89605637618	862	1556	2081	98305	0.03863486089212146
HepG2_skew	[-1.0,-0.5)	pELS	CpG ti (non-CGI)	19631	19631	34438.565	72186.767301	19607	-11526.233997603416	79577.6821657703	893	4610	7003	98305	0.19969482732312702
HepG2_skew	[-1.0,-0.5)	pELS	non-CpG ti	37061	37061	6000.97	1326.156826	37014	33612.77898899956	233504.3967091975	6622	9848	15416	98305	0.37700015258633846
HepG2_skew	[-1.0,-0.5)	pELS	non-CpG tv	37815	37815	2618.167	326.825361	37728	25592.882000824673	211738.73965055693	5819	10609	16254	98305	0.3846701591984131
HepG2_skew	[-1.5,-1.0)	PLS	CpG ti (CGI)	1039	1039	497.309	454.998693	1039	3828.31499951333	27015.537768106373	635	494	769	8531	0.12179111475794162
HepG2_skew	[-1.5,-1.0)	PLS	CpG ti (non-CGI)	1000	1000	1584.677	3205.691809	999	850.5239996444428	9525.637609430936	225	284	581	8531	0.11721955222131052
HepG2_skew	[-1.5,-1.0)	PLS	non-CpG ti	3034	3034	490.161	103.669335	3029	9832.138990485457	63638.60512938555	1623	1149	1986	8531	0.3556441214394561
HepG2_skew	[-1.5,-1.0)	PLS	non-CpG tv	3458	3458	247.572	27.846172	3455	9841.21698895155	65195.375537356165	1697	1347	2279	8531	0.4053452115812918
HepG2_skew	[-1.5,-1.0)	dELS	CpG ti (CGI)	577	577	772.712	1509.98183	577	-38.66900232108323	3915.4068207012056	75	142	238	115626	0.004990227111549305
HepG2_skew	[-1.5,-1.0)	dELS	CpG ti (non-CGI)	31542	31542	68576.078	161250.212814	31501	-23418.63699432905	115031.23246748504	953	3318	11069	115626	0.2727933163821286
HepG2_skew	[-1.5,-1.0)	dELS	non-CpG ti	44599	44599	6793.552	1425.142538	44521	22612.39297914761	171440.05205358827	4707	4189	18604	115626	0.3857177451438258
HepG2_skew	[-1.5,-1.0)	dELS	non-CpG tv	38908	38908	2252.296	218.366512	38832	8328.343005842762	131146.66943238364	3147	3726	15975	115626	0.3364987113624963
HepG2_skew	[-1.5,-1.0)	non-cCRE	CpG ti (CGI)	385	385	490.753	939.659059	382	198.23200092837223	3596.125377977231	75	125	103	196409	0.00196019530673238
HepG2_skew	[-1.5,-1.0)	non-cCRE	CpG ti (non-CGI)	71458	71458	167449.41	415036.102434	71183	-63363.99192484713	183649.26903020675	253	3373	1159	196409	0.36382243176229195
HepG2_skew	[-1.5,-1.0)	non-cCRE	non-CpG ti	64642	64642	10880.958	2390.9989020000003	63940	1135.7240338319675	58907.3065919874	888	2738	1420	196409	0.32911933770855717
HepG2_skew	[-1.5,-1.0)	non-cCRE	non-CpG tv	59924	59924	3482.129	338.060827	59294	-9621.453955661857	74638.72425638439	729	2726	1401	196409	0.3050980352224185
HepG2_skew	[-1.5,-1.0)	pELS	CpG ti (CGI)	645	645	342.578	330.092232	645	1229.1949994103063	9902.767912970949	225	270	382	17805	0.03622577927548441
HepG2_skew	[-1.5,-1.0)	pELS	CpG ti (non-CGI)	4161	4161	7657.403	16544.873233	4158	-2252.980991175515	16982.781053893552	213	939	1470	17805	0.233698399326032
HepG2_skew	[-1.5,-1.0)	pELS	non-CpG ti	6587	6587	1028.215	214.967907	6579	7453.477010156145	48744.81684770235	1356	1780	3116	17805	0.36995226060095476
HepG2_skew	[-1.5,-1.0)	pELS	non-CpG tv	6412	6412	401.268	39.160222	6400	5461.2150007321015	43079.96689783286	1154	1781	3135	17805	0.3601235607975288
HepG2_skew	[0.05,0.2)	PLS	CpG ti (CGI)	18156	18156	8721.053	7329.136469	18151	2750.069995115396	102376.43849119564	2407	7481	10419	313005	0.05800546317151483
HepG2_skew	[0.05,0.2)	PLS	CpG ti (non-CGI)	9415	9415	12564.416	22198.402278	9403	-4979.661989891318	45163.50433378289	588	2752	3173	313005	0.03007939170300794
HepG2_skew	[0.05,0.2)	PLS	non-CpG ti	146873	146873	21959.854	4487.091954	146779	45365.30197022484	763940.222960041	19015	48694	48060	313005	0.46923531572978067
HepG2_skew	[0.05,0.2)	PLS	non-CpG tv	138561	138561	10127.471	1277.361951	138434	43531.11896559399	726256.1322188275	18174	48910	53067	313005	0.44267982939569656
HepG2_skew	[0.05,0.2)	dELS	CpG ti (CGI)	17429	17429	21161.838	37319.27865	17396	-11006.609005427112	71898.29391061097	821	3801	4750	11411880	0.001527268075023572
HepG2_skew	[0.05,0.2)	dELS	CpG ti (non-CGI)	516494	516494	970695.924	1982680.616058	515657	-439217.8759276073	1873455.567995873	10113	50619	82446	11411880	0.04525932624598226
HepG2_skew	[0.05,0.2)	dELS	non-CpG ti	6560393	6560393	1056651.137	251541.129547	6552612	-545749.9383071959	15598185.872033045	288674	493150	740911	11411880	0.5748739909638027
HepG2_skew	[0.05,0.2)	dELS	non-CpG tv	4317564	4317564	243349.733	24350.848515	4310530	377605.0386695024	9590514.889811205	221351	335338	515117	11411880	0.37833941471519156
HepG2_skew	[0.05,0.2)	non-cCRE	CpG ti (CGI)	15975	15975	16348.379	27198.656275	15941	-6651.569001054276	51704.58306625563	722	4831	3898	47304594	3.377050440386403e-4
HepG2_skew	[0.05,0.2)	non-cCRE	CpG ti (non-CGI)	1570849	1570849	3264345.744	7200546.032378	1557376	-1292608.1631037972	3941824.2478771857	8372	61180	13378	47304594	0.033207113034306984
HepG2_skew	[0.05,0.2)	non-cCRE	non-CpG ti	26701674	26701674	4409550.552999989	1050721.0308650003	26430596	-4163585.4354501497	33518269.524043266	335485	705527	141607	47304594	0.5644625974382108
HepG2_skew	[0.05,0.2)	non-cCRE	non-CpG tv	19016096	19016096	1163659.285000001	137521.98306099986	18751049	-1518786.890914007	20714488.83151599	263131	506515	108455	47304594	0.4019925844834436
HepG2_skew	[0.05,0.2)	pELS	CpG ti (CGI)	23606	23606	12257.239	11443.437141	23593	-287.5730005989311	90590.0769283627	2091	9205	10776	1734318	0.013611113994088743
HepG2_skew	[0.05,0.2)	pELS	CpG ti (non-CGI)	72762	72762	114293.461	215254.162765	72661	-55928.6619916904	250599.65004633667	1600	16517	12874	1734318	0.041954243685414096
HepG2_skew	[0.05,0.2)	pELS	non-CpG ti	941328	941328	145899.157	32585.973903	940537	367.3109726258249	2481048.594038974	52167	209776	141054	1734318	0.5427655135909332
HepG2_skew	[0.05,0.2)	pELS	non-CpG tv	696622	696622	42517.127	4689.0283469999995	695763	91451.02604921302	1781725.3651704332	43371	166989	121002	1734318	0.401669128729564
HepG2_skew	[0.2,0.5)	PLS	CpG ti (CGI)	5128	5128	2393.085	1985.110557	5125	2703.674999074081	32145.94610835502	911	2123	2943	81276	0.06309365618386732
HepG2_skew	[0.2,0.5)	PLS	CpG ti (non-CGI)	2698	2698	3572.36	6404.824712	2692	-960.7560005951668	13957.190357564104	217	785	948	81276	0.03319553127614548
HepG2_skew	[0.2,0.5)	PLS	non-CpG ti	34956	34956	5082.483	947.578875	34937	21172.658987898052	216921.67748086675	5951	12114	13138	81276	0.43009006348737633
HepG2_skew	[0.2,0.5)	PLS	non-CpG tv	38494	38494	2871.426	376.575134	38469	21589.762980733656	238703.94204124855	6388	14078	15785	81276	0.47362074905261087
HepG2_skew	[0.2,0.5)	dELS	CpG ti (CGI)	5105	5105	6382.85	11519.11564	5102	-2710.7769910783973	20993.584426866797	264	1120	1406	2061767	0.002476031481733872
HepG2_skew	[0.2,0.5)	dELS	CpG ti (non-CGI)	131825	131825	250472.551	519038.099789	131526	-114312.92000119192	485958.7306834704	2565	13743	24451	2061767	0.06393787464829925
HepG2_skew	[0.2,0.5)	dELS	non-CpG ti	1091432	1091432	166465.895	35509.107037	1089953	-83359.373005484	2561725.557545686	48648	92453	162925	2061767	0.5293672854401104
HepG2_skew	[0.2,0.5)	dELS	non-CpG tv	833405	833405	47360.852	4592.917942	831959	65207.969962333824	1905426.6343671584	43746	73067	127396	2061767	0.4042188084298565
HepG2_skew	[0.2,0.5)	non-cCRE	CpG ti (CGI)	4421	4421	4630.144	7982.67871	4398	-970.9760025391588	16064.794730167792	312	1339	1113	5592748	7.904879676323696e-4
HepG2_skew	[0.2,0.5)	non-cCRE	CpG ti (non-CGI)	299826	299826	624554.814	1383776.825902	297250	-260171.09679345708	795597.5024489663	1492	13802	3346	5592748	0.05360978181030148
HepG2_skew	[0.2,0.5)	non-cCRE	non-CpG ti	2944662	2944662	454346.938	97396.540464	2919354	-493232.9983782113	3736793.920818042	35521	96764	25822	5592748	0.5265143360652045
HepG2_skew	[0.2,0.5)	non-cCRE	non-CpG tv	2343839	2343839	142727.174	15628.314006	2315516	-190121.2954326799	2663481.1931765904	34086	80609	22745	5592748	0.4190853941568617
HepG2_skew	[0.2,0.5)	pELS	CpG ti (CGI)	6993	6993	3719.502	3692.58194	6987	1409.7779997441685	29931.34571588428	794	2678	3255	343577	0.020353516096828367
HepG2_skew	[0.2,0.5)	pELS	CpG ti (non-CGI)	18389	18389	28871.948	54763.328964	18355	-13404.16899134754	64833.37769846338	484	4303	3819	343577	0.05352220899536349
HepG2_skew	[0.2,0.5)	pELS	non-CpG ti	168702	168702	24935.06	4980.695082	168530	17525.09001356502	502927.0077588445	11955	41176	33957	343577	0.4910165697936707
HepG2_skew	[0.2,0.5)	pELS	non-CpG tv	149493	149493	9614.333	1090.703493	149284	32054.69301908649	453643.8690485455	11784	39566	33665	343577	0.43510770511413743
HepG2_skew	[0.5,1.0)	PLS	CpG ti (CGI)	1056	1056	512.083	461.546213	1056	965.0609994479456	8236.486992014186	237	392	617	17816	0.05927256398742703
HepG2_skew	[0.5,1.0)	PLS	CpG ti (non-CGI)	685	685	914.732	1635.057144	685	-96.66399986681064	3494.4153818430514	60	223	280	17816	0.03844858554108666
HepG2_skew	[0.5,1.0)	PLS	non-CpG ti	7859	7859	1171.711	220.978423	7858	5091.728992925144	49535.18505779878	1381	2724	2890	17816	0.4411203412662775
HepG2_skew	[0.5,1.0)	PLS	non-CpG tv	8216	8216	656.219	93.914423	8211	5981.388000073147	55068.24724218843	1547	2976	3453	17816	0.4611585092052088
HepG2_skew	[0.5,1.0)	dELS	CpG ti (CGI)	1255	1255	1553.927	2836.937881	1252	-528.0559989046305	5305.220794721266	79	248	403	442207	0.0028380373897292444
HepG2_skew	[0.5,1.0)	dELS	CpG ti (non-CGI)	32281	32281	62715.574	132742.914228	32237	-28301.31498448692	121440.23456901404	649	3304	6844	442207	0.07299974898633445
HepG2_skew	[0.5,1.0)	dELS	non-CpG ti	236578	236578	36088.695	7475.404871	236265	-29106.115958430815	560489.9251808267	10083	20609	39233	442207	0.5349937924998925
HepG2_skew	[0.5,1.0)	dELS	non-CpG tv	172093	172093	9930.759	982.807831	171796	14368.965993807422	405191.2265307956	9263	15825	29670	442207	0.3891684211240437
HepG2_skew	[0.5,1.0)	non-cCRE	CpG ti (CGI)	1023	1023	1083.326	1876.454898	1013	0.4249996884027694	3678.461138590675	89	289	268	1032136	9.911484533046033e-4
HepG2_skew	[0.5,1.0)	non-cCRE	CpG ti (non-CGI)	52984	52984	112704.508	255155.845418	52550	-47334.73498347587	148190.8415226169	294	2605	868	1032136	0.05133432028337351
HepG2_skew	[0.5,1.0)	non-cCRE	non-CpG ti	577087	577087	86675.909	17232.670159	572983	-109007.78686006296	732931.59235877	6074	20874	5736	1032136	0.5591191470891433
HepG2_skew	[0.5,1.0)	non-cCRE	non-CpG tv	401042	401042	25327.647	2927.477523	396936	-32832.95882649464	451051.1332954647	5601	15971	4942	1032136	0.3885553841741786
HepG2_skew	[0.5,1.0)	pELS	CpG ti (CGI)	1637	1637	815.217	754.539819	1636	918.193002220476	8854.330293843697	260	656	776	76474	0.021405968041425843
HepG2_skew	[0.5,1.0)	pELS	CpG ti (non-CGI)	4337	4337	6912.818	13376.948602	4326	-3125.391004106612	15993.424969655362	111	1025	1012	76474	0.05671208515312394
HepG2_skew	[0.5,1.0)	pELS	non-CpG ti	37614	37614	5561.022	1076.389818	37578	4161.5260119678	116110.45188361515	2810	9307	8230	76474	0.4918534403849674
HepG2_skew	[0.5,1.0)	pELS	non-CpG tv	32886	32886	2256.73	278.626304	32824	8626.750994901871	110229.91970035496	2932	9092	8176	76474	0.4300285064204828
HepG2_skew	[1.0,1.5)	PLS	CpG ti (CGI)	90	90	39.757	30.722061	90	82.6809997670352	636.2510598410781	23	33	57	2688	0.033482142857142856
HepG2_skew	[1.0,1.5)	PLS	CpG ti (non-CGI)	91	91	135.424	261.25486	91	-30.039999843575032	625.9214705343276	6	35	39	2688	0.033854166666666664
HepG2_skew	[1.0,1.5)	PLS	non-CpG ti	1332	1332	203.224	37.229608	1331	1045.776002232917	8625.372772112249	256	471	496	2688	0.4955357142857143
HepG2_skew	[1.0,1.5)	PLS	non-CpG tv	1175	1175	110.464	18.557746	1173	799.05300150637	7416.07465233557	200	409	459	2688	0.43712797619047616
HepG2_skew	[1.0,1.5)	dELS	CpG ti (CGI)	199	199	256.587	483.727959	198	-20.591000045533253	800.4377973173656	20	34	55	77274	0.002575251701736677
HepG2_skew	[1.0,1.5)	dELS	CpG ti (non-CGI)	5240	5240	10408.501	22400.621291	5238	-4661.151001737336	18981.823771654857	99	576	1362	77274	0.06781064782462407
HepG2_skew	[1.0,1.5)	dELS	non-CpG ti	42092	42092	5947.605	1077.512037	42030	-3551.5969944593953	96812.5956043377	1879	3667	6974	77274	0.5447110282889458
HepG2_skew	[1.0,1.5)	dELS	non-CpG tv	29743	29743	1785.152	172.720362	29676	1821.0840113967415	70851.18481373107	1595	2862	5337	77274	0.38490307218469344
HepG2_skew	[1.0,1.5)	non-cCRE	CpG ti (CGI)	137	137	142.62	246.940392	136	-8.679999724263249	548.2351003090491	13	42	31	168840	8.114190950011845e-4
HepG2_skew	[1.0,1.5)	non-cCRE	CpG ti (non-CGI)	5713	5713	12419.087	28689.754719	5681	-5642.472997456789	18428.914287758587	37	312	176	168840	0.03383676853826108
HepG2_skew	[1.0,1.5)	non-cCRE	non-CpG ti	100785	100785	14136.006	2443.364964	100041	-22774.512979675783	131540.59184525703	922	4046	1066	168840	0.5969260838663824
HepG2_skew	[1.0,1.5)	non-cCRE	non-CpG tv	62205	62205	3874.413	378.884745	61560	-8607.505972209037	74371.6989272701	764	2769	843	168840	0.3684257285003554
HepG2_skew	[1.0,1.5)	pELS	CpG ti (CGI)	238	238	104.779	82.48051099999999	238	167.64600194338715	1529.2425273301724	37	96	125	14189	0.016773556980759743
HepG2_skew	[1.0,1.5)	pELS	CpG ti (non-CGI)	643	643	1065.061	2143.695863	643	-438.55200104112726	2371.8911489607194	23	152	177	14189	0.04531679470011981
HepG2_skew	[1.0,1.5)	pELS	non-CpG ti	7336	7336	1044.082	185.311524	7332	1024.4289945691128	21997.931283496007	550	1920	1678	14189	0.5170202269363592
HepG2_skew	[1.0,1.5)	pELS	non-CpG tv	5972	5972	458.799	61.920457	5961	1217.9020020011817	18234.703684480293	501	1650	1550	14189	0.4208894213827613
HepG2_skew	[1.5,Inf)	PLS	CpG ti (CGI)	6	6	3.199	2.765331	6	1.128999918699266	12.039656735604298	1	1	3	635	0.009448818897637795
HepG2_skew	[1.5,Inf)	PLS	CpG ti (non-CGI)	12	12	20.839	41.300087	12	3.185999780893325	97.28474420260574	1	3	6	635	0.01889763779527559
HepG2_skew	[1.5,Inf)	PLS	non-CpG ti	372	372	54.851	9.140487	372	184.7360011453276	1977.8437986284775	58	133	142	635	0.5858267716535434
HepG2_skew	[1.5,Inf)	PLS	non-CpG tv	245	245	27.307	5.002905	245	129.011000697501	1262.8911128942273	37	84	90	635	0.3858267716535433
HepG2_skew	[1.5,Inf)	dELS	CpG ti (CGI)	28	28	30.863	51.635679	28	-18.824000209569924	154.81420250718608	2	9	9	21606	0.0012959363139868555
HepG2_skew	[1.5,Inf)	dELS	CpG ti (non-CGI)	809	809	1620.979	3496.216749	809	-736.9090001792647	3580.338424762879	20	99	259	21606	0.03744330278626307
HepG2_skew	[1.5,Inf)	dELS	non-CpG ti	13630	13630	1815.669	286.194331	13615	-1253.2869954894995	29611.076077483045	575	1182	2069	21606	0.6308432842728872
HepG2_skew	[1.5,Inf)	dELS	non-CpG tv	7139	7139	462.128	48.733238	7125	-207.95499750529427	16915.516413790032	321	651	1214	21606	0.3304174766268629
HepG2_skew	[1.5,Inf)	non-cCRE	CpG ti (CGI)	13	13	7.982	7.90583	13	4.682000197470188	19.47192464506128	1	5	3	46261	2.810142452605867e-4
HepG2_skew	[1.5,Inf)	non-cCRE	CpG ti (non-CGI)	535	535	1183.405	2764.2306830000002	532	-622.6349982861428	1939.025759812525	3	28	17	46261	0.011564817016493374
HepG2_skew	[1.5,Inf)	non-cCRE	non-CpG ti	31123	31123	4257.832	690.303494	30819	-8268.59899462527	42727.01683191073	260	1096	326	46261	0.6727697196342491
HepG2_skew	[1.5,Inf)	non-cCRE	non-CpG tv	14590	14590	918.823	89.150967	14490	-1904.6979937339197	17044.77482175499	179	618	199	46261	0.3153844491039969
HepG2_skew	[1.5,Inf)	pELS	CpG ti (CGI)	22	22	10.769	9.666341	22	20.785999812185764	112.16260889798352	4	11	12	3887	0.005659891947517366
HepG2_skew	[1.5,Inf)	pELS	CpG ti (non-CGI)	104	104	175.139	362.47303900000003	104	-74.94899970013643	318.61162325942445	2	23	32	3887	0.026755852842809364
HepG2_skew	[1.5,Inf)	pELS	non-CpG ti	2261	2261	306.919	48.253289	2259	269.692003693199	6539.11159603349	182	573	500	3887	0.5816825315153075
HepG2_skew	[1.5,Inf)	pELS	non-CpG tv	1500	1500	139.811	23.037503	1499	209.51399944990416	4473.680144827994	101	431	404	3887	0.3859017236943658
K562_skew	(-Inf,-1.5)	PLS	CpG ti (CGI)	923	923	438.895	380.418671	923	3414.490002125037	23161.359119442863	556	411	712	7487	0.12328035261119273
K562_skew	(-Inf,-1.5)	PLS	CpG ti (non-CGI)	810	810	1178.972	2273.9178	810	854.3860008041378	8692.900770606551	199	249	533	7487	0.10818752504340858
K562_skew	(-Inf,-1.5)	PLS	non-CpG ti	2695	2695	462.325	94.929587	2694	8967.249996751083	58541.426279891435	1444	1036	1951	7487	0.35995725924936556
K562_skew	(-Inf,-1.5)	PLS	non-CpG tv	3059	3059	229.519	26.467973	3055	9387.038989009685	61718.69110430852	1539	1182	2248	7487	0.40857486309603314
K562_skew	(-Inf,-1.5)	dELS	CpG ti (CGI)	433	433	496.794	913.46697	433	167.23800031270366	3335.4329865366326	73	98	258	77506	0.005586664258250974
K562_skew	(-Inf,-1.5)	dELS	CpG ti (non-CGI)	17978	17978	37517.685	86167.361599	17955	-13860.227002957488	67753.12303009995	541	2091	8221	77506	0.23195623564627255
K562_skew	(-Inf,-1.5)	dELS	non-CpG ti	32766	32766	5120.15	989.204828	32669	19543.573997444124	140398.14505031786	3719	3392	15957	77506	0.4227543674038139
K562_skew	(-Inf,-1.5)	dELS	non-CpG tv	26329	26329	1668.882	183.80123	26241	9145.884992476436	101676.08979664602	2468	2765	13019	77506	0.33970273269166257
K562_skew	(-Inf,-1.5)	non-cCRE	CpG ti (CGI)	215	215	234.309	419.826657	212	229.53200020780776	2257.6262990610817	48	62	84	127157	0.001690823155626509
K562_skew	(-Inf,-1.5)	non-cCRE	CpG ti (non-CGI)	45122	45122	101609.083	244110.594547	45036	-40527.52793158755	113378.95607779032	66	2270	791	127157	0.3548526624566481
K562_skew	(-Inf,-1.5)	non-cCRE	non-CpG ti	42837	42837	7433.959	1524.635971	42163	1713.834023897071	31078.412908783903	466	2061	1215	127157	0.3368827512445245
K562_skew	(-Inf,-1.5)	non-cCRE	non-CpG tv	38983	38983	2355.413	231.516957	38343	-6618.434972208458	43103.83715057229	340	1985	1107	127157	0.30657376314320095
K562_skew	(-Inf,-1.5)	pELS	CpG ti (CGI)	483	483	248.51	230.099246	483	1117.1039971800058	8394.655805855005	189	205	359	12992	0.037176724137931036
K562_skew	(-Inf,-1.5)	pELS	CpG ti (non-CGI)	2471	2471	4401.513	9440.986733	2470	-1191.486999869347	10223.70848527987	145	615	1224	12992	0.19019396551724138
K562_skew	(-Inf,-1.5)	pELS	non-CpG ti	5303	5303	864.426	169.237798	5296	7122.743008899734	45763.57437806405	1242	1542	3054	12992	0.40817426108374383
K562_skew	(-Inf,-1.5)	pELS	non-CpG tv	4735	4735	314.396	33.711936	4729	5105.162004673273	35623.96429452467	981	1410	2779	12992	0.36445504926108374
K562_skew	[-0.05,0.05)	PLS	CpG ti (CGI)	48734	48734	24612.117	21620.423353	48723	-4283.108993728765	234756.8139280828	4767	19555	26250	769945	0.06329543019306574
K562_skew	[-0.05,0.05)	PLS	CpG ti (non-CGI)	46286	46286	68662.395	129180.879315	46218	-28981.394988844753	201679.39882250072	2121	12573	11993	769945	0.06011598231042477
K562_skew	[-0.05,0.05)	PLS	non-CpG ti	371332	371332	53063.21	9795.56745	371081	130383.62094052271	1634459.4359454855	42487	112375	102848	769945	0.48228379949217154
K562_skew	[-0.05,0.05)	PLS	non-CpG tv	303593	303593	22080.595	3119.923373	303282	64413.26696037046	1419096.8456993187	32755	97679	96513	769945	0.394304788004338
K562_skew	[-0.05,0.05)	dELS	CpG ti (CGI)	65830	65830	87190.313	161604.730997	65726	-49285.8400107776	263405.6818193036	2247	13921	14413	46592399	0.0014128914031664263
K562_skew	[-0.05,0.05)	dELS	CpG ti (non-CGI)	3875256	3875256	7682959.237	16408543.742611006	3869291	-3107884.9788565845	13413978.722592285	77845	328502	478720	46592399	0.08317356657252184
K562_skew	[-0.05,0.05)	dELS	non-CpG ti	25956891	25956891	3770016.108999991	752783.556809	25926479	3126159.743216494	55942972.999465495	1364706	1734179	2343516	46592399	0.5571056987213729
K562_skew	[-0.05,0.05)	dELS	non-CpG tv	16694422	16694422	975956.6240000008	129723.194196	16668334	2188926.3482054668	37112313.2093014	910888	1128435	1568907	46592399	0.35830784330293874
K562_skew	[-0.05,0.05)	non-cCRE	CpG ti (CGI)	70110	70110	74514.948	127863.540964	69948	-34679.184997984084	216779.74973664133	2405	20793	14634	304842950	2.299872770552837e-4
K562_skew	[-0.05,0.05)	non-cCRE	CpG ti (non-CGI)	18388711	18388711	39969216.51100001	91786164.18691292	18210371	-14760744.466664638	44567569.643441856	97354	570610	99842	304842950	0.060321916580324396
K562_skew	[-0.05,0.05)	non-cCRE	non-CpG ti	172871317	172871317	26334167.67700023	5591245.061036883	171089862	-10269732.32751141	182007112.32451472	2489905	3588867	543514	304842950	0.5670832046468518
K562_skew	[-0.05,0.05)	non-cCRE	non-CpG tv	113512812	113512812	6956828.354999995	1137492.0344050054	111846417	-5555526.08094475	120833538.1978696	1739705	2361590	383880	304842950	0.37236489149576857
K562_skew	[-0.05,0.05)	pELS	CpG ti (CGI)	84461	84461	45747.173	44507.195795	84417	-16451.109996698327	273147.4969015621	5251	32826	33208	6472736	0.013048732406203497
K562_skew	[-0.05,0.05)	pELS	CpG ti (non-CGI)	522187	522187	875550.39	1724494.82823	521639	-395174.4738895566	1700029.2338856757	10178	107832	68296	6472736	0.08067484909009111
K562_skew	[-0.05,0.05)	pELS	non-CpG ti	3486553	3486553	499016.763	96288.671573	3483959	471434.8249236938	7779378.37398455	190100	704548	397217	6472736	0.5386521248510676
K562_skew	[-0.05,0.05)	pELS	non-CpG tv	2379535	2379535	145780.608	19712.247256	2376962	257564.550014706	5542459.481387813	130044	504022	301404	6472736	0.36762429365263777
K562_skew	[-0.2,-0.05)	PLS	CpG ti (CGI)	48186	48186	22505.541	18593.365249	48164	13091.012015601384	256529.2495988914	6654	19359	28292	379857	0.12685299994471605
K562_skew	[-0.2,-0.05)	PLS	CpG ti (non-CGI)	30753	30753	43594.474	83208.63803	30688	-14185.632993809064	143235.15129274837	1974	8730	10292	379857	0.08095941367409315
K562_skew	[-0.2,-0.05)	PLS	non-CpG ti	142321	142321	21333.967	3991.957401	142230	103833.35895810112	826518.4430241513	24686	49313	56889	379857	0.37466994158328004
K562_skew	[-0.2,-0.05)	PLS	non-CpG tv	158597	158597	12941.186	1849.743178	158424	73937.08096455563	896081.9456816746	23908	57005	70781	379857	0.4175176447979108
K562_skew	[-0.2,-0.05)	dELS	CpG ti (CGI)	44539	44539	55182.377	102493.950233	44454	-24526.99801756373	182129.0396200974	2254	9519	12767	10357149	0.0043003146908478385
K562_skew	[-0.2,-0.05)	dELS	CpG ti (non-CGI)	1816597	1816597	3708450.83	8228039.851106	1813437	-1588665.8478655382	6669349.819467573	34775	171341	310258	10357149	0.17539546838613598
K562_skew	[-0.2,-0.05)	dELS	non-CpG ti	4751422	4751422	675696.496	126590.260446	4745415	789862.105625334	10294757.636784395	265075	364275	660031	10357149	0.4587577141161144
K562_skew	[-0.2,-0.05)	dELS	non-CpG tv	3744591	3744591	230408.288	30258.221648	3738172	343817.0038206175	8735409.044394206	202511	297102	563433	10357149	0.36154650280690176
K562_skew	[-0.2,-0.05)	non-cCRE	CpG ti (CGI)	42507	42507	42728.74	74150.32143	42352	-12664.56299293775	138544.13695230652	2306	12533	10880	39443915	0.0010776567184063752
K562_skew	[-0.2,-0.05)	non-cCRE	CpG ti (non-CGI)	5882001	5882001	13056125.634	30722363.021526005	5839982	-5397203.651164972	15845310.217134072	23129	227105	53561	39443915	0.14912315372345772
K562_skew	[-0.2,-0.05)	non-cCRE	non-CpG ti	18335070	18335070	2615858.397999996	518443.440776	18151879	-602919.8241629122	18813186.102073777	278488	476922	123664	39443915	0.46483899988122374
K562_skew	[-0.2,-0.05)	non-cCRE	non-CpG tv	15184337	15184337	918658.7260000008	130490.44104599992	14973427	-1029478.7950189828	16881981.66099642	228607	413214	118266	39443915	0.38496018967691215
K562_skew	[-0.2,-0.05)	pELS	CpG ti (CGI)	61662	61662	31124.319	29503.717799	61616	6250.109015408786	228296.7433658322	5724	24059	28768	1649307	0.03738661146772554
K562_skew	[-0.2,-0.05)	pELS	CpG ti (non-CGI)	255296	255296	431195.775	875461.793919	254917	-195645.86394911027	876406.6033248554	5726	56837	47167	1649307	0.15478986022614347
K562_skew	[-0.2,-0.05)	pELS	non-CpG ti	703872	703872	101236.943	18858.399121	703203	191417.670960598	1857579.1081562787	51753	162305	136046	1649307	0.4267683336092068
K562_skew	[-0.2,-0.05)	pELS	non-CpG tv	628477	628477	43157.913	6090.128967	627574	104403.27098030895	1782668.036645237	44340	155102	139653	1649307	0.3810551946969242
K562_skew	[-0.5,-0.2)	PLS	CpG ti (CGI)	22566	22566	10310.869	8293.300213	22557	19800.46599485168	163731.54881397722	4967	9078	14126	169474	0.1331531680375751
K562_skew	[-0.5,-0.2)	PLS	CpG ti (non-CGI)	12544	12544	17210.012	32572.565416	12528	-2333.6500000495	63202.18599165576	1150	3756	5319	169474	0.0740172533839999
K562_skew	[-0.5,-0.2)	PLS	non-CpG ti	58987	58987	9658.41	2019.648998	58964	76145.412983774	499132.5400394071	15562	21378	29486	169474	0.3480592893305168
K562_skew	[-0.5,-0.2)	PLS	non-CpG tv	75377	75377	6296.718	940.039544	75327	73877.2759930558	557469.8915249313	16913	28044	40372	169474	0.44477028924790823
K562_skew	[-0.5,-0.2)	dELS	CpG ti (CGI)	16374	16374	20010.96	37438.16516	16348	-6599.531997203711	67461.5578897452	1038	3713	5525	2715064	0.0060307970640839405
K562_skew	[-0.5,-0.2)	dELS	CpG ti (non-CGI)	537010	537010	1092557.857	2432102.493265	535992	-471871.5568865401	1957010.2098111385	10462	54885	129433	2715064	0.19778907605861223
K562_skew	[-0.5,-0.2)	dELS	non-CpG ti	1166212	1166212	177942.566	36352.564014	1164660	199870.6168748357	2739147.7079258803	69767	99863	239710	2715064	0.42953388944054355
K562_skew	[-0.5,-0.2)	dELS	non-CpG tv	995468	995468	64620.06	8932.976936	993623	88566.93299631604	2474506.1550748553	56500	89593	220114	2715064	0.3666462374367602
K562_skew	[-0.5,-0.2)	non-cCRE	CpG ti (CGI)	13445	13445	13986.371	24840.239597	13390	-1472.4879963813576	49865.9740700142	1040	4128	3822	6810573	0.0019741363905797647
K562_skew	[-0.5,-0.2)	non-cCRE	CpG ti (non-CGI)	1400117	1400117	2998804.438	6859086.768932	1392035	-1303608.7867544445	3711324.9412619	4196	61778	17784	6810573	0.205579912292255
K562_skew	[-0.5,-0.2)	non-cCRE	non-CpG ti	2817693	2817693	437567.951	92631.051623	2793922	-164809.29226478992	2918958.361816181	38693	93436	35405	6810573	0.41372333869705236
K562_skew	[-0.5,-0.2)	non-cCRE	non-CpG tv	2579318	2579318	171483.675	24703.120203	2546649	-305942.2060375804	2983914.5313268285	34520	90531	37324	6810573	0.37872261262011286
K562_skew	[-0.5,-0.2)	pELS	CpG ti (CGI)	22389	22389	11267.796	10775.468918	22375	9431.178998770774	104176.54456100696	2992	8637	11616	478318	0.04680777223520754
K562_skew	[-0.5,-0.2)	pELS	CpG ti (non-CGI)	77420	77420	128436.523	260102.387217	77297	-55511.72697718304	275010.82600748603	2183	18079	20355	478318	0.1618588470431805
K562_skew	[-0.5,-0.2)	pELS	non-CpG ti	189315	189315	29688.264	6073.13382	189113	82645.18299481063	671226.8651928472	19738	48003	54488	478318	0.39579317525161084
K562_skew	[-0.5,-0.2)	pELS	non-CpG tv	189194	189194	14054.921	2145.488569	188873	62416.078003254624	687132.5502001961	18734	51337	61349	478318	0.3955402054700011
K562_skew	[-1.0,-0.5)	PLS	CpG ti (CGI)	8988	8988	4131.931	3397.632743	8987	15541.86999426142	105767.76532457692	3081	3868	6068	66401	0.13535940723784282
K562_skew	[-1.0,-0.5)	PLS	CpG ti (non-CGI)	5543	5543	7399.76	13776.072096	5538	1638.3980010411472	39681.284763486925	861	1758	3000	66401	0.08347765846899896
K562_skew	[-1.0,-0.5)	PLS	non-CpG ti	22360	22360	3852.104	859.16677	22350	46617.24300052202	288197.6412270523	8471	8371	13148	66401	0.33674191653740154
K562_skew	[-1.0,-0.5)	PLS	non-CpG tv	29510	29510	2428.694	341.14799	29489	51196.16797755764	324407.7005773508	9836	11261	18323	66401	0.4444210177557567
K562_skew	[-1.0,-0.5)	dELS	CpG ti (CGI)	5299	5299	6348.595	11635.876345	5280	-1132.833998291171	24605.37092663571	450	1215	2113	786114	0.006740752613488629
K562_skew	[-1.0,-0.5)	dELS	CpG ti (non-CGI)	169583	169583	342782.73099999997	762191.177615	169260	-144183.3179939345	627977.923515294	3972	18647	56098	786114	0.21572316483359918
K562_skew	[-1.0,-0.5)	dELS	non-CpG ti	327588	327588	51488.515	10785.940535	327118	94844.74591346648	954440.2886681408	25388	29993	94573	786114	0.41671818591196697
K562_skew	[-1.0,-0.5)	dELS	non-CpG tv	283644	283644	19117.352	2562.812372	283119	42205.22999517782	826965.8449480957	19530	27811	89245	786114	0.3608178966409452
K562_skew	[-1.0,-0.5)	non-cCRE	CpG ti (CGI)	3777	3777	4155.415	7661.815931	3770	200.82900111458696	18212.0871714052	398	1177	1134	1379709	0.002737533784297993
K562_skew	[-1.0,-0.5)	non-cCRE	CpG ti (non-CGI)	363700	363700	775117.808	1773167.737204	361710	-323580.32955236477	917976.6117401224	994	18106	6325	1379709	0.2636063111859095
K562_skew	[-1.0,-0.5)	non-cCRE	non-CpG ti	525294	525294	85629.19499999999	18887.027317	521152	-23065.258827743928	563804.4707426757	7777	20529	10830	1379709	0.3807281100579905
K562_skew	[-1.0,-0.5)	non-cCRE	non-CpG tv	486938	486938	37967.491	5954.405595	482114	-93669.65475335032	643935.5839383542	6442	20566	11572	1379709	0.352928044971802
K562_skew	[-1.0,-0.5)	pELS	CpG ti (CGI)	7051	7051	3565.639	3375.795289	7048	6077.503007104507	48549.45497925152	1425	2774	4041	143291	0.04920755665045257
K562_skew	[-1.0,-0.5)	pELS	CpG ti (non-CGI)	24593	24593	40555.426	82068.354978	24559	-14718.327989366837	91188.08640455554	985	6067	8762	143291	0.17162976041761172
K562_skew	[-1.0,-0.5)	pELS	non-CpG ti	55060	55060	9020.357	1929.398121	54989	39231.63999214072	278951.8253000628	8109	14623	20890	143291	0.38425302356742574
K562_skew	[-1.0,-0.5)	pELS	non-CpG tv	56587	56587	4329.58	633.573972	56485	33692.07099272521	279684.2584911612	8043	16305	24016	143291	0.39490965936451
K562_skew	[-1.5,-1.0)	PLS	CpG ti (CGI)	2312	2312	1061.242	880.03234	2312	6583.5710021376135	44658.38909386391	1145	1013	1678	17759	0.1301875105580269
K562_skew	[-1.5,-1.0)	PLS	CpG ti (non-CGI)	1642	1642	2278.09	4356.076698	1640	1265.440996480175	14968.48799596612	345	496	996	17759	0.09246016104510389
K562_skew	[-1.5,-1.0)	PLS	non-CpG ti	6255	6255	1099.527	248.748697	6244	18124.121985691832	112349.2494617767	3090	2401	4235	17759	0.3522157779154232
K562_skew	[-1.5,-1.0)	PLS	non-CpG tv	7550	7550	585.95	70.638836	7542	18257.860991220692	116154.17849071824	3275	3074	5252	17759	0.42513655048144605
K562_skew	[-1.5,-1.0)	dELS	CpG ti (CGI)	1188	1188	1435.502	2682.12717	1188	70.68899929802879	7018.641984531218	142	310	582	184781	0.0064292324427295015
K562_skew	[-1.5,-1.0)	dELS	CpG ti (non-CGI)	39527	39527	80739.472	182519.97123	39450	-30331.991003439427	153154.25962818915	1248	4539	16327	184781	0.2139126858280884
K562_skew	[-1.5,-1.0)	dELS	non-CpG ti	78796	78796	12568.294	2626.221274	78670	41467.10296523302	329747.4836870103	8862	7619	31330	184781	0.4264291242064931
K562_skew	[-1.5,-1.0)	dELS	non-CpG tv	65270	65270	4190.327	480.492993	65110	19397.225992193344	232289.02450210424	5708	6644	26886	184781	0.353228957522689
K562_skew	[-1.5,-1.0)	non-cCRE	CpG ti (CGI)	652	652	754.302	1394.48915	643	364.1330006523059	4763.88170728374	113	201	223	239546	0.002721815434196355
K562_skew	[-1.5,-1.0)	non-cCRE	CpG ti (non-CGI)	66630	66630	148251.473	354193.837851	66348	-62960.12090017661	181924.54086337695	241	3391	1511	239546	0.2781511692952502
K562_skew	[-1.5,-1.0)	non-cCRE	non-CpG ti	90031	90031	15599.4	3517.214888	89179	42.89904599578553	94078.41928854372	1459	3880	2666	239546	0.3758401309143129
K562_skew	[-1.5,-1.0)	non-cCRE	non-CpG tv	82233	82233	5328.2880000000005	602.379958	81272	-9306.122958085269	98685.8585793698	1156	3856	2646	239546	0.34328688435624055
K562_skew	[-1.5,-1.0)	pELS	CpG ti (CGI)	1469	1469	754.595	719.290625	1469	2042.0029986121233	16663.008512109514	422	615	938	31992	0.04591772943235809
K562_skew	[-1.5,-1.0)	pELS	CpG ti (non-CGI)	5467	5467	9094.986	18616.274274	5461	-2566.5399979371573	24199.300497379743	332	1362	2332	31992	0.1708864716179045
K562_skew	[-1.5,-1.0)	pELS	non-CpG ti	12836	12836	2139.188	454.085786	12816	14124.766994865266	92254.7507294654	2577	3540	6159	31992	0.40122530632658165
K562_skew	[-1.5,-1.0)	pELS	non-CpG tv	12220	12220	865.703	101.879177	12193	10859.754007262649	80090.00533335017	2244	3528	6261	31992	0.3819704926231558
K562_skew	[0.05,0.2)	PLS	CpG ti (CGI)	14822	14822	7224.965999999999	5974.68409	14814	1527.7389887971813	79869.78808822096	1833	6049	8366	294298	0.05036391684618992
K562_skew	[0.05,0.2)	PLS	CpG ti (non-CGI)	8035	8035	10523.735	18423.634187	8021	-4542.392001685104	38641.13353435035	472	2299	2724	294298	0.02730225825523789
K562_skew	[0.05,0.2)	PLS	non-CpG ti	142785	142785	21536.871	4303.521643	142686	48813.19101400475	755329.4095842037	19026	48220	49235	294298	0.48517149284059014
K562_skew	[0.05,0.2)	PLS	non-CpG tv	128656	128656	9444.465	1234.279177	128536	37767.502987731954	671259.8486434601	16593	45712	49658	294298	0.43716233205798205
K562_skew	[0.05,0.2)	dELS	CpG ti (CGI)	13291	13291	15917.349	27624.395159	13270	-8687.586003829148	53553.24315120584	589	2909	3663	9955022	0.0013351050354283495
K562_skew	[0.05,0.2)	dELS	CpG ti (non-CGI)	422093	422093	797162.312	1637504.306098	421344	-356239.71292569593	1499373.6102288046	7989	41357	71171	9955022	0.04240000675036178
K562_skew	[0.05,0.2)	dELS	non-CpG ti	5743187	5743187	924549.692	212203.915208	5736233	-271770.59244155744	13598149.38783187	263828	434157	692533	9955022	0.5769135417279841
K562_skew	[0.05,0.2)	dELS	non-CpG tv	3776451	3776451	217275.211	22733.259247	3770586	379054.36179319787	8378491.210420002	196884	291539	472441	9955022	0.37935134648622576
K562_skew	[0.05,0.2)	non-cCRE	CpG ti (CGI)	12273	12273	12276.755	20039.191625	12247	-4821.809997997597	39910.36486843093	573	3721	2935	41976488	2.923779616817872e-4
K562_skew	[0.05,0.2)	non-cCRE	CpG ti (non-CGI)	1397463	1397463	2942813.603	6579345.193495	1386211	-1128710.3170690243	3408524.884647162	7207	52962	11178	41976488	0.03329156550686184
K562_skew	[0.05,0.2)	non-cCRE	non-CpG ti	23631558	23631558	3877066.987999993	888740.413488	23390673	-3321537.002121809	28629592.454932634	304125	622709	133820	41976488	0.5629712995522637
K562_skew	[0.05,0.2)	non-cCRE	non-CpG tv	16935194	16935194	1061823.155000001	132411.00072899996	16717714	-1283665.7852978455	18291532.048283108	237629	443664	99542	41976488	0.40344475697919274
K562_skew	[0.05,0.2)	pELS	CpG ti (CGI)	19108	19108	10010.16	9255.54497	19096	-645.2170042098742	73710.53373151163	1673	7407	8611	1535282	0.012445921986970471
K562_skew	[0.05,0.2)	pELS	CpG ti (non-CGI)	59299	59299	92769.236	174612.879952	59224	-45594.26198138463	201279.89085493132	1282	13352	11166	1535282	0.03862417458160781
K562_skew	[0.05,0.2)	pELS	non-CpG ti	842328	842328	131229.929	28400.611101	841570	39665.20497679711	2253483.9091365985	49620	190631	135847	1535282	0.5486470889387096
K562_skew	[0.05,0.2)	pELS	non-CpG tv	614547	614547	38098.698	4344.274708	613781	91541.13202397832	1602273.5624468392	39379	148440	111677	1535282	0.4002828144927121
K562_skew	[0.2,0.5)	PLS	CpG ti (CGI)	5230	5230	2546.4	2170.589488	5228	2092.6850027743494	31945.77773460058	849	2160	3029	104296	0.05014573905039503
K562_skew	[0.2,0.5)	PLS	CpG ti (non-CGI)	2457	2457	3170.887	5560.340065	2455	-920.2779972916468	12151.786576848725	191	762	964	104296	0.023557950448722866
K562_skew	[0.2,0.5)	PLS	non-CpG ti	47514	47514	7129.468	1374.563382	47492	27423.99297585174	294367.3438724155	8029	16646	18472	104296	0.45556876582035744
K562_skew	[0.2,0.5)	PLS	non-CpG tv	49095	49095	3736.753	499.481405	49057	25752.23196428467	295926.1547746181	7983	18135	21188	104296	0.47072754468052463
K562_skew	[0.2,0.5)	dELS	CpG ti (CGI)	4321	4321	5068.957	8892.937993	4315	-2048.742992825574	18832.884124362256	268	995	1330	2311771	0.0018691297710716156
K562_skew	[0.2,0.5)	dELS	CpG ti (non-CGI)	107474	107474	206168.295	431884.200623	107271	-94591.93500894438	395042.2159917656	2064	11101	22950	2311771	0.04648989886974099
K562_skew	[0.2,0.5)	dELS	non-CpG ti	1296374	1296374	201342.144	43461.236176	1294589	-60626.4420442693	3078143.6013782974	60251	109166	201248	2311771	0.5607709414124495
K562_skew	[0.2,0.5)	dELS	non-CpG tv	903602	903602	52231.638	5265.98113	901957	77265.06988566564	2059654.9328182023	47443	78661	145082	2311771	0.3908700299467378
K562_skew	[0.2,0.5)	non-cCRE	CpG ti (CGI)	3745	3745	3702.057	6149.718825	3728	-758.2800024164609	13519.909467781914	261	1190	1066	6501311	5.76037663788119e-4
K562_skew	[0.2,0.5)	non-cCRE	CpG ti (non-CGI)	279490	279490	599368.164	1359345.605152	277595	-248703.71776390757	733931.0425269076	1154	12334	3184	6501311	0.04298979082834216
K562_skew	[0.2,0.5)	non-cCRE	non-CpG ti	3566909	3566909	559433.767	122340.78976100001	3533971	-569404.9382960969	4455216.594739844	44360	117125	32479	6501311	0.5486445733791231
K562_skew	[0.2,0.5)	non-cCRE	non-CpG tv	2651167	2651167	163457.689	18540.909033	2619144	-223662.50422452012	2972725.676999087	37620	89878	27202	6501311	0.40778959812874666
K562_skew	[0.2,0.5)	pELS	CpG ti (CGI)	6451	6451	3299.122	3040.817524	6449	1374.944000659395	26860.17285816453	732	2526	3182	396440	0.016272323680758753
K562_skew	[0.2,0.5)	pELS	CpG ti (non-CGI)	15513	15513	24307.597	46324.600871	15485	-11232.876997196005	52991.07856677118	386	3627	3686	396440	0.03913076379780042
K562_skew	[0.2,0.5)	pELS	non-CpG ti	206158	206158	31149.216	6304.614244	205959	29142.301983885347	616847.5946487958	15215	50878	44039	396440	0.5200232065381899
K562_skew	[0.2,0.5)	pELS	non-CpG tv	168318	168318	11047.941	1316.054775	168074	38251.753041991265	509912.6363252487	13495	45133	40531	396440	0.42457370598325095
K562_skew	[0.5,1.0)	PLS	CpG ti (CGI)	1336	1336	632.815	552.659571	1336	942.1429996924712	8899.861504019356	275	532	820	28597	0.04671818722243592
K562_skew	[0.5,1.0)	PLS	CpG ti (non-CGI)	705	705	894.103	1579.428879	705	-132.6989983970997	3825.730177578855	62	238	305	28597	0.024652935622617757
K562_skew	[0.5,1.0)	PLS	non-CpG ti	12912	12912	1896.628	349.51051	12904	9325.471997237068	89058.81308334108	2435	4685	5029	28597	0.4515158932755184
K562_skew	[0.5,1.0)	PLS	non-CpG tv	13644	13644	1079.025	156.014963	13632	9854.47100237804	91825.74841637096	2561	5066	6163	28597	0.4771129838794279
K562_skew	[0.5,1.0)	dELS	CpG ti (CGI)	1243	1243	1436.372	2551.610316	1241	-534.4099965295754	4923.217244202161	75	255	451	576675	0.002155460181211254
K562_skew	[0.5,1.0)	dELS	CpG ti (non-CGI)	28144	28144	54813.923	116562.857889	28099	-25128.188983694425	105527.59318229456	559	2996	6617	576675	0.04880391901851129
K562_skew	[0.5,1.0)	dELS	non-CpG ti	323591	323591	48280.76	9691.009166	323119	-16564.560985602322	774118.9133000225	15229	28791	56967	576675	0.5611323535787055
K562_skew	[0.5,1.0)	dELS	non-CpG tv	223697	223697	13130.476	1373.873572	223284	12914.74301653414	524719.7183459242	11524	21333	41710	576675	0.38790826722157196
K562_skew	[0.5,1.0)	non-cCRE	CpG ti (CGI)	1050	1050	1000.09	1670.3365	1044	55.76700156170401	3438.643427506081	88	305	333	1270070	8.267260859637658e-4
K562_skew	[0.5,1.0)	non-cCRE	CpG ti (non-CGI)	53802	53802	114252.11	258001.020784	53412	-46823.071975462386	141498.36593296824	261	2665	866	1270070	0.04236144464478336
K562_skew	[0.5,1.0)	non-cCRE	non-CpG ti	706489	706489	105684.506	21178.873466	701042	-129462.11186882285	910360.6121453831	8421	26939	8466	1270070	0.5562598911871
K562_skew	[0.5,1.0)	non-cCRE	non-CpG tv	508729	508729	32627.655	4025.483339	503436	-55191.328813168	588361.7528389717	6737	20948	7274	1270070	0.40055193808215295
K562_skew	[0.5,1.0)	pELS	CpG ti (CGI)	1840	1840	919.895	850.236619	1838	935.2449996456272	8513.893202787636	269	743	928	105369	0.01746244151505661
K562_skew	[0.5,1.0)	pELS	CpG ti (non-CGI)	4017	4017	6246.898	11982.645248	4008	-2865.0640049455706	13913.108938738307	108	1000	1038	105369	0.03812316715542522
K562_skew	[0.5,1.0)	pELS	non-CpG ti	53951	53951	7896.459	1506.875573	53895	10808.001013020994	179625.06283164982	4503	13888	12687	105369	0.5120196642276191
K562_skew	[0.5,1.0)	pELS	non-CpG tv	45561	45561	3169.165	412.216569	45489	12713.43197918544	157880.49409515757	4266	12987	12666	105369	0.432394727101899
K562_skew	[1.0,1.5)	PLS	CpG ti (CGI)	215	215	109.535	106.446203	215	134.1660003820436	1304.479739582158	43	85	133	5370	0.04003724394785847
K562_skew	[1.0,1.5)	PLS	CpG ti (non-CGI)	144	144	202.471	368.962715	144	-74.98200045526033	971.7496027696368	8	49	57	5370	0.026815642458100558
K562_skew	[1.0,1.5)	PLS	non-CpG ti	2342	2342	334.257	58.613969	2341	1742.7230004644953	16600.214672509774	455	803	866	5370	0.4361266294227188
K562_skew	[1.0,1.5)	PLS	non-CpG tv	2669	2669	235.619	37.616145	2666	2284.75100384152	17771.471875220384	535	968	1162	5370	0.49702048417132216
K562_skew	[1.0,1.5)	dELS	CpG ti (CGI)	321	321	388.963	707.414209	321	-73.35799907718315	1548.0866417325606	32	61	109	113447	0.0028295151039692545
K562_skew	[1.0,1.5)	dELS	CpG ti (non-CGI)	6282	6282	12362.136	26416.387122	6278	-5691.288994923934	23898.667881104193	127	690	1627	113447	0.05537387502534223
K562_skew	[1.0,1.5)	dELS	non-CpG ti	62908	62908	8895.202	1616.914116	62822	-3467.7279993678667	145657.91298763122	2956	5768	11282	113447	0.5545144428675945
K562_skew	[1.0,1.5)	dELS	non-CpG tv	43936	43936	2614.134	272.682312	43842	2329.0940017529065	104391.53586130126	2356	4298	8902	113447	0.387282167003094
K562_skew	[1.0,1.5)	non-cCRE	CpG ti (CGI)	225	225	206.706	338.876844	225	-1.7800006568431932	1173.8691056485925	24	72	68	214525	0.0010488288078312551
K562_skew	[1.0,1.5)	non-cCRE	CpG ti (non-CGI)	7320	7320	15655.572	35524.225252000004	7277	-6714.333999523663	21232.91757444686	39	429	182	214525	0.034121897214776833
K562_skew	[1.0,1.5)	non-cCRE	non-CpG ti	121589	121589	17391.4	3224.50216	120692	-26474.725992268777	163053.26769585782	1315	4958	1537	214525	0.5667824262906421
K562_skew	[1.0,1.5)	non-cCRE	non-CpG tv	85391	85391	5355.014	562.2386300000001	84596	-10312.075957515744	99315.78676327328	1099	3967	1521	214525	0.3980468476867498
K562_skew	[1.0,1.5)	pELS	CpG ti (CGI)	427	427	181.762	143.031832	427	282.63300020340824	2137.0322717810764	64	181	240	21431	0.01992440856702907
K562_skew	[1.0,1.5)	pELS	CpG ti (non-CGI)	823	823	1328.973	2612.887781	823	-558.1269983334935	3395.201105941953	28	189	235	21431	0.038402314404367505
K562_skew	[1.0,1.5)	pELS	non-CpG ti	10583	10583	1488.609	265.522385	10572	1607.5179993769834	33327.17362868142	854	2761	2509	21431	0.49381736736503196
K562_skew	[1.0,1.5)	pELS	non-CpG tv	9598	9598	726.698	99.431494	9586	2790.525998775616	33266.56241100844	925	2728	2879	21431	0.44785590966357147
K562_skew	[1.5,Inf)	PLS	CpG ti (CGI)	38	38	12.111	5.1986490000000005	38	41.584999628365	242.13889512189564	9	13	25	1515	0.025082508250825083
K562_skew	[1.5,Inf)	PLS	CpG ti (non-CGI)	29	29	40.231	75.568799	29	5.835000041872263	214.9485406279719	5	11	15	1515	0.01914191419141914
K562_skew	[1.5,Inf)	PLS	non-CpG ti	680	680	92.172	14.848384	680	449.0360025217529	4025.0665521171886	128	224	250	1515	0.44884488448844884
K562_skew	[1.5,Inf)	PLS	non-CpG tv	768	768	68.495	10.692011	768	618.7419964484873	5018.733714763726	151	274	347	1515	0.5069306930693069
K562_skew	[1.5,Inf)	dELS	CpG ti (CGI)	65	65	70.193	122.440091	64	-60.881999837234616	227.73717038012495	0	15	25	38064	0.0017076502732240437
K562_skew	[1.5,Inf)	dELS	CpG ti (non-CGI)	2095	2095	4204.088	9068.551012	2095	-1891.3370004225296	8168.404448394888	39	251	558	38064	0.05503888188314418
K562_skew	[1.5,Inf)	dELS	non-CpG ti	21590	21590	2940.85	499.250964	21557	-2053.967994526029	48307.31227772153	901	2043	3792	38064	0.5672026061370323
K562_skew	[1.5,Inf)	dELS	non-CpG tv	14314	14314	842.856	82.362104	14290	144.33900581300298	34366.9576513404	716	1493	2912	38064	0.3760508617065994
K562_skew	[1.5,Inf)	non-cCRE	CpG ti (CGI)	62	62	61.673	101.815677	62	-9.130999535089355	230.44403120220628	5	17	13	68367	9.068702736700454e-4
K562_skew	[1.5,Inf)	non-cCRE	CpG ti (non-CGI)	1498	1498	3303.404	7670.038928	1493	-1505.28099964303	5509.605336264231	18	92	51	68367	0.02191115596706013
K562_skew	[1.5,Inf)	non-cCRE	non-CpG ti	42415	42415	5678.297	950.766097	42173	-14335.775992879524	65923.23409285511	383	1854	558	68367	0.6204016557695965
K562_skew	[1.5,Inf)	non-cCRE	non-CpG tv	24392	24392	1455.001	139.113151	24185	-4013.533988223761	32560.658072315284	346	1316	513	68367	0.35678031798967336
K562_skew	[1.5,Inf)	pELS	CpG ti (CGI)	120	120	54.686	53.297724	120	67.55100122559821	776.9584741519385	24	45	67	7545	0.015904572564612324
K562_skew	[1.5,Inf)	pELS	CpG ti (non-CGI)	263	263	434.763	881.756717	263	-198.89800017792743	1016.9551666207368	10	63	91	7545	0.03485752153744202
K562_skew	[1.5,Inf)	pELS	non-CpG ti	3743	3743	502.865	83.811029	3739	538.4530035227075	10268.701956012294	292	993	920	7545	0.49609012591119944
K562_skew	[1.5,Inf)	pELS	non-CpG tv	3419	3419	266.356	36.803916	3412	1209.1830039698405	11367.029266746596	333	1003	1086	7545	0.4531477799867462
SKNSH_skew	(-Inf,-1.5)	PLS	CpG ti (CGI)	1344	1344	608.054	485.215564	1344	5000.84900051402	35988.13387293581	804	621	940	6181	0.217440543601359
SKNSH_skew	(-Inf,-1.5)	PLS	CpG ti (non-CGI)	759	759	1101.544	2129.10368	759	659.7790006510913	7697.71375266004	166	209	396	6181	0.12279566413201748
SKNSH_skew	(-Inf,-1.5)	PLS	non-CpG ti	1539	1539	213.036	36.187756	1534	5473.335000091932	36624.894176307134	860	601	971	6181	0.24898883675780617
SKNSH_skew	(-Inf,-1.5)	PLS	non-CpG tv	2539	2539	185.961	21.177857	2537	8272.028993583637	56996.886635303	1376	1025	1682	6181	0.4107749555088173
SKNSH_skew	(-Inf,-1.5)	dELS	CpG ti (CGI)	408	408	497.003	921.536053	407	82.93199926509992	2575.2493341319964	59	95	196	53041	0.007692162666616391
SKNSH_skew	(-Inf,-1.5)	dELS	CpG ti (non-CGI)	18018	18018	38085.375	87583.09151700001	18000	-13915.906995457362	64559.85153633053	479	1817	6294	53041	0.3396994777624856
SKNSH_skew	(-Inf,-1.5)	dELS	non-CpG ti	17066	17066	2404.723	429.773083	17041	9456.629988869883	62586.53516949582	1803	1558	7588	53041	0.3217510982070474
SKNSH_skew	(-Inf,-1.5)	dELS	non-CpG tv	17549	17549	1058.734	108.361498	17513	2934.0390037260936	57747.28380450855	1347	1725	7386	53041	0.33085726136385063
SKNSH_skew	(-Inf,-1.5)	non-cCRE	CpG ti (CGI)	274	274	354.077	669.508607	271	237.15299817465703	2483.0072044292097	53	87	78	78356	0.00349686048292409
SKNSH_skew	(-Inf,-1.5)	non-cCRE	CpG ti (non-CGI)	31755	31755	72221.581	173890.793479	31651	-31715.68497672492	93308.90156185933	103	1117	595	78356	0.4052657103476441
SKNSH_skew	(-Inf,-1.5)	non-cCRE	non-CpG ti	23356	23356	3652.227	701.522051	22978	1390.7770093441936	20055.210183822863	302	864	576	78356	0.29807545050793816
SKNSH_skew	(-Inf,-1.5)	non-cCRE	non-CpG tv	22971	22971	1540.511	175.015385	22691	-6702.868997523212	39085.50974845644	291	912	651	78356	0.2931619786614937
SKNSH_skew	(-Inf,-1.5)	pELS	CpG ti (CGI)	422	422	218.997	203.726065	422	963.6920004880526	7341.855855003916	156	172	265	7526	0.05607228275312251
SKNSH_skew	(-Inf,-1.5)	pELS	CpG ti (non-CGI)	2132	2132	3891.31	8378.490738	2131	-786.6190025493272	8486.337775303993	121	489	840	7526	0.2832846133404199
SKNSH_skew	(-Inf,-1.5)	pELS	non-CpG ti	2312	2312	333.593	60.900937	2311	3195.8419999865587	21198.121972892113	537	585	1204	7526	0.3072017007706617
SKNSH_skew	(-Inf,-1.5)	pELS	non-CpG tv	2660	2660	162.165	15.191765	2658	3034.629001355615	23146.073789438244	580	731	1334	7526	0.3534414031357959
SKNSH_skew	[-0.05,0.05)	PLS	CpG ti (CGI)	47656	47656	23592.68	20379.924466	47641	46.014015014516005	228368.09134138504	5068	19033	26800	718791	0.06630021800495554
SKNSH_skew	[-0.05,0.05)	PLS	CpG ti (non-CGI)	33649	33649	48229.627	89865.67370500001	33595	-20199.896004011734	148152.53527839438	1649	9198	9571	718791	0.046813329604850365
SKNSH_skew	[-0.05,0.05)	PLS	non-CpG ti	343940	343940	49360.019	9030.182093	343703	135835.2299435852	1543670.485393284	40925	104799	98808	718791	0.47849792220548115
SKNSH_skew	[-0.05,0.05)	PLS	non-CpG tv	293546	293546	21765.259	3167.804761	293218	71632.96291340106	1379606.7696432583	33123	95165	99638	718791	0.40838853018471294
SKNSH_skew	[-0.05,0.05)	dELS	CpG ti (CGI)	55944	55944	71529.696	131630.682854	55859	-39360.04600688025	223262.90393321056	2085	11809	13707	40879118	0.0013685226770303606
SKNSH_skew	[-0.05,0.05)	dELS	CpG ti (non-CGI)	2621712	2621712	5170966.624	11005908.489120005	2617739	-2105706.42587918	8935050.069332633	50690	224637	333734	40879118	0.06413328193626879
SKNSH_skew	[-0.05,0.05)	dELS	non-CpG ti	23193704	23193704	3356030.627999994	657083.364638	23167881	3193862.7823065897	48873048.1559771	1218787	1542540	2090769	40879118	0.5673729066268015
SKNSH_skew	[-0.05,0.05)	dELS	non-CpG tv	15007758	15007758	872928.8550000004	119868.39891699998	14986105	1959555.4603652037	32883479.861419138	805510	1012960	1428703	40879118	0.36712528875989936
SKNSH_skew	[-0.05,0.05)	non-cCRE	CpG ti (CGI)	58677	58677	60064.014	101862.815334	58558	-26317.58400637936	183011.60778404903	2272	17373	13310	273753758	2.1434226302018472e-4
SKNSH_skew	[-0.05,0.05)	non-cCRE	CpG ti (non-CGI)	13510818	13510818	29253124.737	66960635.70288498	13400756	-10713994.14661679	31927733.96296719	68903	414215	68556	273753758	0.04935390877812169
SKNSH_skew	[-0.05,0.05)	non-cCRE	non-CpG ti	156907607	156907607	23883449.7060002	5020777.063379931	155381788	-8739804.014671717	161226862.14764246	2224167	3244999	484873	273753758	0.5731706046570509
SKNSH_skew	[-0.05,0.05)	non-cCRE	non-CpG tv	103276656	103276656	6341587.329999997	1085863.779704005	101883252	-5158357.506710383	108692300.23378272	1543976	2146061	349503	273753758	0.3772611443018072
SKNSH_skew	[-0.05,0.05)	pELS	CpG ti (CGI)	76553	76553	40224.038	38466.96567	76516	-9612.337987500245	256867.5543973311	5300	29673	32198	5735965	0.01334614140776661
SKNSH_skew	[-0.05,0.05)	pELS	CpG ti (non-CGI)	361410	361410	601250.209	1180674.541467	360988	-275075.47892276384	1168695.7996830023	6834	75333	49381	5735965	0.06300770663698262
SKNSH_skew	[-0.05,0.05)	pELS	non-CpG ti	3130222	3130222	446917.056	84868.77459	3127839	475717.3518698923	6841666.731922147	170634	633540	363456	5735965	0.5457184623685813
SKNSH_skew	[-0.05,0.05)	pELS	non-CpG tv	2167780	2167780	133180.405	18733.750299	2165359	239756.3500150369	5038630.861066184	118349	462787	288882	5735965	0.3779276895866694
SKNSH_skew	[-0.2,-0.05)	PLS	CpG ti (CGI)	52243	52243	25384.408	21557.149472	52223	11554.901998334908	272467.6407786846	6951	20910	29819	428537	0.12191012678018467
SKNSH_skew	[-0.2,-0.05)	PLS	CpG ti (non-CGI)	45036	45036	65446.641	124236.227927	44954	-23821.07999299595	203794.56871069336	2545	12683	13666	428537	0.10509244242620824
SKNSH_skew	[-0.2,-0.05)	PLS	non-CpG ti	156464	156464	22646.355	4111.055017	156360	114761.53096136912	900065.1451056376	26980	53429	60922	428537	0.3651119973304522
SKNSH_skew	[-0.2,-0.05)	PLS	non-CpG tv	174794	174794	13982.907	1979.204137	174626	83130.81599674412	978336.9182633816	26202	61723	75690	428537	0.40788543346315487
SKNSH_skew	[-0.2,-0.05)	dELS	CpG ti (CGI)	56778	56778	72971.424	136029.135076	56663	-34678.30102567375	233047.6087339183	2668	12073	14754	13573527	0.00418299532612268
SKNSH_skew	[-0.2,-0.05)	dELS	CpG ti (non-CGI)	3058309	3058309	6170354.3270000005	13493209.723949	3053151	-2593596.493767775	11106494.32109462	60534	276321	461833	13573527	0.22531424588465473
SKNSH_skew	[-0.2,-0.05)	dELS	non-CpG ti	5774512	5774512	781989.62	139047.757008	5766458	1258926.7775752037	12604847.749068132	346489	446274	804318	13573527	0.42542457829862496
SKNSH_skew	[-0.2,-0.05)	dELS	non-CpG tv	4683928	4683928	291164.129	37516.261321	4675304	597252.7208007649	10977041.739606308	268595	367466	678649	13573527	0.34507818049059763
SKNSH_skew	[-0.2,-0.05)	non-cCRE	CpG ti (CGI)	55869	55869	57638.333	99562.281649	55707	-20413.98298145155	179547.67702735163	2628	16530	13216	53504032	0.0010442016781090442
SKNSH_skew	[-0.2,-0.05)	non-cCRE	CpG ti (non-CGI)	10650992	10650992	23439924.655	54637254.218845	10542672	-9233944.080089992	27928519.539738532	51946	379197	85418	53504032	0.19906895988698572
SKNSH_skew	[-0.2,-0.05)	non-cCRE	non-CpG ti	23107652	23107652	3044777.568999992	558132.076211	22827553	471753.2467040493	23578410.449621934	412857	590286	151697	53504032	0.43188618009199753
SKNSH_skew	[-0.2,-0.05)	non-cCRE	non-CpG tv	19689519	19689519	1180083.173000001	155903.19899499978	19347134	-635860.5120737643	22483469.27319592	352091	518892	143168	53504032	0.3680006583429077
SKNSH_skew	[-0.2,-0.05)	pELS	CpG ti (CGI)	75983	75983	39790.911	38197.720753	75938	944.0350022930623	268378.5032774776	6311	29643	33201	2110033	0.03601033727908521
SKNSH_skew	[-0.2,-0.05)	pELS	CpG ti (non-CGI)	417839	417839	702955.84	1409747.323908	417318	-318901.1098956041	1416685.4052613357	8981	90422	68912	2110033	0.1980248650139595
SKNSH_skew	[-0.2,-0.05)	pELS	non-CpG ti	847672	847672	116509.845	20633.434655	846889	273091.7230029689	2223466.975377146	65081	194687	160794	2110033	0.4017340013165671
SKNSH_skew	[-0.2,-0.05)	pELS	non-CpG tv	768539	768539	52500.529	7154.885303	767464	143340.18699530463	2139916.764926124	54761	187422	161708	2110033	0.3642307963903882
SKNSH_skew	[-0.5,-0.2)	PLS	CpG ti (CGI)	18303	18303	8393.493	6703.4012569999995	18295	16510.90099948156	141661.15558365925	4141	7553	11250	154039	0.11882055843000798
SKNSH_skew	[-0.5,-0.2)	PLS	CpG ti (non-CGI)	12790	12790	17862.932	33713.983488	12778	-2304.777985387249	67314.57137503446	1207	3811	5350	154039	0.08303092074085135
SKNSH_skew	[-0.5,-0.2)	PLS	non-CpG ti	55314	55314	8737.804	1794.242136	55279	72678.4619784509	483176.97327955	14775	20240	27130	154039	0.3590908795824434
SKNSH_skew	[-0.5,-0.2)	PLS	non-CpG tv	67632	67632	5494.475	786.905807	67582	68492.84098632552	526537.9419696585	15601	25466	35492	154039	0.43905764124669727
SKNSH_skew	[-0.5,-0.2)	dELS	CpG ti (CGI)	13791	13791	17533.41	32638.983458	13773	-6044.5059868549	56700.34110264673	836	3200	4315	2675486	0.0051545775234854525
SKNSH_skew	[-0.5,-0.2)	dELS	CpG ti (non-CGI)	614048	614048	1242307.014	2732321.085784	613025	-514456.0519585996	2202682.9493770027	13244	60697	140894	2675486	0.22950895650360345
SKNSH_skew	[-0.5,-0.2)	dELS	non-CpG ti	1085352	1085352	163599.978	33028.475134	1083341	252652.21177694167	2746175.488854946	73065	95422	239836	2675486	0.40566536322746594
SKNSH_skew	[-0.5,-0.2)	dELS	non-CpG tv	962295	962295	62659.885	8153.394681	959926	108435.3780107656	2519306.3866461404	58989	87043	219494	2675486	0.3596711027454451
SKNSH_skew	[-0.5,-0.2)	non-cCRE	CpG ti (CGI)	11081	11081	12615.144	23097.28542	11024	-2156.855989739763	41109.740740786416	789	3354	2720	6566660	0.001687463642095068
SKNSH_skew	[-0.5,-0.2)	non-cCRE	CpG ti (non-CGI)	1753829	1753829	3778072.295	8629518.066189	1743208	-1605165.4936857854	4590538.543613249	6157	71979	19552	6566660	0.2670808295236848
SKNSH_skew	[-0.5,-0.2)	non-cCRE	non-CpG ti	2461531	2461531	387202.726	84364.430212	2428762	-121808.00554199833	2671743.3608188475	37957	83885	33821	6566660	0.374852817109459
SKNSH_skew	[-0.5,-0.2)	non-cCRE	non-CpG tv	2340219	2340219	152338.983	19792.110333	2301380	-273281.19420712	2888134.1421029717	34633	81643	35075	6566660	0.3563788897247611
SKNSH_skew	[-0.5,-0.2)	pELS	CpG ti (CGI)	17377	17377	9081.315	8894.120855	17358	7661.937010393829	87928.27809259258	2498	6751	8795	452836	0.03837371587064633
SKNSH_skew	[-0.5,-0.2)	pELS	CpG ti (non-CGI)	85387	85387	143000.93	287225.66547	85279	-59098.44498449263	293571.30755552615	2462	19299	20914	452836	0.1885605384730896
SKNSH_skew	[-0.5,-0.2)	pELS	non-CpG ti	174960	174960	26904.338	5430.970124	174768	88947.38998599256	666980.8163407348	19808	44672	51601	452836	0.38636504164863217
SKNSH_skew	[-0.5,-0.2)	pELS	non-CpG tv	175112	175112	12743.474	1827.252208	174838	63810.97502668542	666990.9794830044	18285	47152	55874	452836	0.3867007040076319
SKNSH_skew	[-1.0,-0.5)	PLS	CpG ti (CGI)	6215	6215	2842.02	2302.704942	6212	11346.442996444875	78642.00751091535	2222	2685	3955	52722	0.1178824779029627
SKNSH_skew	[-1.0,-0.5)	PLS	CpG ti (non-CGI)	4901	4901	6949.405	13193.185653	4896	1310.8899937794786	34643.52032519124	748	1488	2490	52722	0.09295929592959296
SKNSH_skew	[-1.0,-0.5)	PLS	non-CpG ti	18334	18334	3081.55	728.242854	18325	40590.35799698741	258020.2932949662	7301	6894	10359	52722	0.3477485679602443
SKNSH_skew	[-1.0,-0.5)	PLS	non-CpG tv	23272	23272	1698.679	193.321783	23249	40740.22899064036	270577.0582825626	7818	9036	13441	52722	0.4414096582072
SKNSH_skew	[-1.0,-0.5)	dELS	CpG ti (CGI)	4190	4190	5400.85	10015.313572	4182	-1382.5310052023283	21234.056993009075	331	1021	1432	701697	0.00597123829801182
SKNSH_skew	[-1.0,-0.5)	dELS	CpG ti (non-CGI)	187611	187611	381468.463	844629.851843	187265	-149282.49796965375	679216.3412511842	4706	19378	55761	701697	0.26736753898050014
SKNSH_skew	[-1.0,-0.5)	dELS	non-CpG ti	265766	265766	41203.618	8847.901622	265271	91160.80891995726	849683.8733543165	22809	24208	81579	701697	0.378747522078618
SKNSH_skew	[-1.0,-0.5)	dELS	non-CpG tv	244130	244130	15018.148	1622.161128	243584	39187.791967433994	740379.5353039422	17302	23122	75314	701697	0.3479137006428701
SKNSH_skew	[-1.0,-0.5)	non-cCRE	CpG ti (CGI)	3220	3220	3941.256	7399.259926	3195	-330.98400105605856	14632.842290297098	270	958	731	1220503	0.0026382565221060496
SKNSH_skew	[-1.0,-0.5)	non-cCRE	CpG ti (non-CGI)	391858	391858	863745.49	2024948.104682	389340	-352016.1556384502	1024674.3989097922	1440	17807	6279	1220503	0.3210627093911281
SKNSH_skew	[-1.0,-0.5)	non-cCRE	non-CpG ti	422121	422121	71347.204	17030.110498000002	416963	-22116.95785849774	476252.97158483526	6458	16160	8488	1220503	0.34585822402730676
SKNSH_skew	[-1.0,-0.5)	non-cCRE	non-CpG tv	403304	403304	26193.641	2982.236689	397529	-67673.71884045098	536745.1157776803	5575	16878	8993	1220503	0.3304408100594591
SKNSH_skew	[-1.0,-0.5)	pELS	CpG ti (CGI)	4745	4745	2505.641	2488.178697	4742	3955.3140026384535	34578.594530715345	959	1986	2493	114956	0.04127666237516963
SKNSH_skew	[-1.0,-0.5)	pELS	CpG ti (non-CGI)	25397	25397	42707.641	86298.855323	25361	-15048.08299674583	95152.8788921883	1026	5953	8022	114956	0.22092800723755177
SKNSH_skew	[-1.0,-0.5)	pELS	non-CpG ti	41249	41249	6594.268	1440.32778	41192	32349.740005269185	231109.0239237036	6567	10805	15593	114956	0.35882424579839245
SKNSH_skew	[-1.0,-0.5)	pELS	non-CpG tv	43565	43565	2942.534	335.99203	43479	25543.235990137768	223495.05676735504	6142	12172	17139	114956	0.3789710845888862
SKNSH_skew	[-1.5,-1.0)	PLS	CpG ti (CGI)	2163	2163	996.415	866.049297	2163	6009.184003890958	40757.63337009151	1056	969	1457	14363	0.15059527953770105
SKNSH_skew	[-1.5,-1.0)	PLS	CpG ti (non-CGI)	1460	1460	2157.804	4193.389328	1459	1071.1659999028782	13614.975074743536	295	435	777	14363	0.10165007310450463
SKNSH_skew	[-1.5,-1.0)	PLS	non-CpG ti	4562	4562	724.151	158.385835	4559	13024.993991442028	83143.01828026383	2218	1762	2854	14363	0.31762166678270554
SKNSH_skew	[-1.5,-1.0)	PLS	non-CpG tv	6178	6178	435.729	46.227043	6172	15162.594992084783	97490.26859116122	2709	2530	3876	14363	0.43013298057508875
SKNSH_skew	[-1.5,-1.0)	dELS	CpG ti (CGI)	910	910	1179.887	2221.686001	908	31.872999384999375	5397.214934550035	111	226	342	144955	0.006277810354937739
SKNSH_skew	[-1.5,-1.0)	dELS	CpG ti (non-CGI)	41722	41722	87302.886	198869.444136	41666	-30871.03499978679	144828.32121783268	1161	4356	14495	144955	0.28782725673484877
SKNSH_skew	[-1.5,-1.0)	dELS	non-CpG ti	53346	53346	8302.739	1828.180301	53252	21099.70700133627	178924.72339835291	4964	4917	20344	144955	0.3680176606533062
SKNSH_skew	[-1.5,-1.0)	dELS	non-CpG tv	48977	48977	2817.334	261.571288	48854	8054.852010323432	146646.93115382234	3502	4833	18321	144955	0.33787727225690734
SKNSH_skew	[-1.5,-1.0)	non-cCRE	CpG ti (CGI)	661	661	838.407	1597.434607	656	186.20800056017464	4663.564292719529	106	212	175	231750	0.0028522114347357065
SKNSH_skew	[-1.5,-1.0)	non-cCRE	CpG ti (non-CGI)	84785	84785	191435.808	460446.009088	84398	-72894.26090276567	211725.2177631426	288	4091	1495	231750	0.36584681769147787
SKNSH_skew	[-1.5,-1.0)	non-cCRE	non-CpG ti	76184	76184	13197.252	3137.778658	75266	-1358.9069671101156	76307.24375709693	1062	3107	1728	231750	0.3287335490830636
SKNSH_skew	[-1.5,-1.0)	non-cCRE	non-CpG tv	70120	70120	4222.7	420.294216	69130	-10919.917966546376	87639.15851074677	846	3021	1685	231750	0.30256742179072277
SKNSH_skew	[-1.5,-1.0)	pELS	CpG ti (CGI)	1112	1112	579.95	546.787308	1112	1716.501993652083	13630.894006169076	335	460	616	22517	0.04938490917973087
SKNSH_skew	[-1.5,-1.0)	pELS	CpG ti (non-CGI)	5466	5466	9553.902	19938.283944	5459	-2769.997994140141	23014.079742248887	298	1290	1948	22517	0.24274992228094328
SKNSH_skew	[-1.5,-1.0)	pELS	non-CpG ti	7717	7717	1216.413	267.889273	7704	8459.944008616963	55688.07562669035	1566	1986	3437	22517	0.3427188346582582
SKNSH_skew	[-1.5,-1.0)	pELS	non-CpG tv	8222	8222	505.461	47.590627	8205	6688.171006102348	52857.373160562005	1470	2379	3747	22517	0.36514633388106765
SKNSH_skew	[0.05,0.2)	PLS	CpG ti (CGI)	17536	17536	8241.215	6839.539971	17533	3518.161994856084	99015.33214324187	2397	7137	10469	339627	0.05163311515279998
SKNSH_skew	[0.05,0.2)	PLS	CpG ti (non-CGI)	7120	7120	9207.654	16444.915786	7108	-3360.7269939214466	35250.30876978591	503	2098	2651	339627	0.020964175404193423
SKNSH_skew	[0.05,0.2)	PLS	non-CpG ti	169809	169809	26469.102	5497.28199	169711	48994.593989059205	872580.2143851692	21773	56051	57710	339627	0.49998675017003946
SKNSH_skew	[0.05,0.2)	PLS	non-CpG tv	145162	145162	10938.518	1453.253762	145044	44418.75096741924	766578.0857465079	18954	51419	56850	339627	0.4274159592729671
SKNSH_skew	[0.05,0.2)	dELS	CpG ti (CGI)	14594	14594	16867.048	29516.147816	14567	-8646.523001857568	58602.418761181514	689	3213	4498	12845957	0.001136077288753185
SKNSH_skew	[0.05,0.2)	dELS	CpG ti (non-CGI)	339253	339253	651604.857	1363840.046983	338568	-303406.6579754001	1253100.3872088226	6209	34362	59318	12845957	0.026409320847018247
SKNSH_skew	[0.05,0.2)	dELS	non-CpG ti	7788909	7788909	1283013.488	307303.818002	7779602	-806601.3654802906	18986571.67755927	340773	571153	867512	12845957	0.6063315485175608
SKNSH_skew	[0.05,0.2)	dELS	non-CpG tv	4703201	4703201	271823.302	27875.91518	4695735	359193.86753814144	10680474.495553846	242504	355389	551665	12845957	0.3661230533466677
SKNSH_skew	[0.05,0.2)	non-cCRE	CpG ti (CGI)	13070	13070	12852.62	21216.90881	13029	-4394.95699995302	43297.112138583536	707	4081	3506	59192793	2.208039076649078e-4
SKNSH_skew	[0.05,0.2)	non-cCRE	CpG ti (non-CGI)	1122712	1122712	2399282.25	5437464.3851459995	1113416	-1003850.5221545674	2957471.846177756	4490	46875	9434	59192793	0.01896703877446702
SKNSH_skew	[0.05,0.2)	non-cCRE	non-CpG ti	35109711	35109711	5949550.042	1434868.440346001	34720214	-5964827.61260711	44865175.02146408	437712	866664	173672	59192793	0.5931416515520732
SKNSH_skew	[0.05,0.2)	non-cCRE	non-CpG tv	22947300	22947300	1447791.632000001	168426.53623599946	22603861	-2117957.0541657037	24969620.93912612	310277	568447	119224	59192793	0.3876705057657948
SKNSH_skew	[0.05,0.2)	pELS	CpG ti (CGI)	20446	20446	10339.678	9464.575302	20432	1337.0559930246102	78315.62298638099	1967	7897	9973	1923601	0.010629023378548878
SKNSH_skew	[0.05,0.2)	pELS	CpG ti (non-CGI)	49715	49715	78916.433	151777.118097	49652	-38684.6159877003	172785.84985215834	1102	11539	9713	1923601	0.02584475678688044
SKNSH_skew	[0.05,0.2)	pELS	non-CpG ti	1111278	1111278	177386.663	40093.766531	1110374	-32561.64506507944	2978239.370715701	60210	244655	165348	1923601	0.5777071232547706
SKNSH_skew	[0.05,0.2)	pELS	non-CpG tv	742162	742162	46039.853	5158.776881	741304	88132.28901048105	1929566.0497534457	46007	174916	128240	1923601	0.38581909657980007
SKNSH_skew	[0.2,0.5)	PLS	CpG ti (CGI)	6082	6082	2697.719	2141.843431	6080	3163.7459987633656	39911.34628887054	1104	2517	3689	97966	0.06208276340771288
SKNSH_skew	[0.2,0.5)	PLS	CpG ti (non-CGI)	2323	2323	2987.914	5360.963848	2317	-693.9270040522102	11667.25983520986	191	703	932	97966	0.02371230835187718
SKNSH_skew	[0.2,0.5)	PLS	non-CpG ti	44813	44813	6864.085	1313.268283	44792	27858.23799702933	285500.00722190505	7874	16070	17712	97966	0.45743421186942407
SKNSH_skew	[0.2,0.5)	PLS	non-CpG tv	44748	44748	3464.976	474.391514	44712	24672.14899046359	273825.1286831471	7408	16623	19153	97966	0.4567707163709859
SKNSH_skew	[0.2,0.5)	dELS	CpG ti (CGI)	4628	4628	5557.9259999999995	10000.959194	4624	-2185.2609904074347	18852.974953023087	266	1037	1409	2177729	0.0021251496398312186
SKNSH_skew	[0.2,0.5)	dELS	CpG ti (non-CGI)	101943	101943	199197.012	424437.115702	101695	-93663.6059891014	386884.96354559925	1850	10724	20546	2177729	0.04681160970901338
SKNSH_skew	[0.2,0.5)	dELS	non-CpG ti	1218747	1218747	187948.297	39289.340381	1217050	-73260.76300019234	2881579.1934089307	55515	101278	179036	2177729	0.5596412593118795
SKNSH_skew	[0.2,0.5)	dELS	non-CpG tv	852411	852411	49818.244	4988.737094	850601	68088.23801714834	1975016.5563147056	45015	73960	129369	2177729	0.3914219813392759
SKNSH_skew	[0.2,0.5)	non-cCRE	CpG ti (CGI)	3934	3934	3988.285	6891.274251	3917	-449.9610048240286	15130.641188783844	317	1227	1101	6756065	5.822916150155453e-4
SKNSH_skew	[0.2,0.5)	non-cCRE	CpG ti (non-CGI)	265018	265018	567170.611	1287595.671543	262622	-239758.12176050743	709441.8306945271	1007	12720	2790	6756065	0.039226680027501216
SKNSH_skew	[0.2,0.5)	non-cCRE	non-CpG ti	3747530	3747530	577953.941	119066.213871	3714460	-580264.1752590943	4610346.124552707	45104	120608	30313	6756065	0.5546912292880545
SKNSH_skew	[0.2,0.5)	non-cCRE	non-CpG tv	2739583	2739583	166294.772	17651.442118	2700434	-247407.40723523463	3089046.7735091425	38394	91804	25074	6756065	0.40549979906942873
SKNSH_skew	[0.2,0.5)	pELS	CpG ti (CGI)	6610	6610	3391.953	3285.826535	6605	2014.7889985077777	31640.019946597095	853	2527	3273	371326	0.017801069680011633
SKNSH_skew	[0.2,0.5)	pELS	CpG ti (non-CGI)	14712	14712	23502.96	45676.960274	14679	-11091.54299730633	51586.210512895224	391	3459	3274	371326	0.039620172032122716
SKNSH_skew	[0.2,0.5)	pELS	non-CpG ti	194609	194609	29558.456	5877.593742	194401	26283.807019695163	595763.2305872052	14460	47660	39052	371326	0.5240920377242638
SKNSH_skew	[0.2,0.5)	pELS	non-CpG tv	155395	155395	10316.97	1221.175916	155170	35208.69902823201	474704.6075072737	12523	40922	35106	371326	0.4184867205636018
SKNSH_skew	[0.5,1.0)	PLS	CpG ti (CGI)	1534	1534	712.909	611.264967	1532	1385.0019993332685	11663.876833409266	357	600	945	25775	0.05951503394762367
SKNSH_skew	[0.5,1.0)	PLS	CpG ti (non-CGI)	735	735	983.919	1823.103977	735	-87.43199594120982	3775.635795680212	63	239	278	25775	0.02851600387972842
SKNSH_skew	[0.5,1.0)	PLS	non-CpG ti	11807	11807	1818.232	344.841014	11803	9449.319997555813	87058.38985872826	2347	4295	4586	25775	0.4580795344325897
SKNSH_skew	[0.5,1.0)	PLS	non-CpG tv	11699	11699	900.963	122.877785	11691	8098.996995375261	81595.56407298337	2210	4308	4995	25775	0.4538894277400582
SKNSH_skew	[0.5,1.0)	dELS	CpG ti (CGI)	1298	1298	1560.1	2853.715982	1295	-487.4239991155917	5730.092097445353	85	271	461	523910	0.002477524765704033
SKNSH_skew	[0.5,1.0)	dELS	CpG ti (non-CGI)	31068	31068	61692.393	133756.409597	31015	-27831.322985715007	117258.08107146912	591	3210	6870	523910	0.05930026149529499
SKNSH_skew	[0.5,1.0)	dELS	non-CpG ti	289869	289869	43793.189	8827.427049	289493	-24069.271973837887	688586.9068692607	13116	25360	47412	523910	0.5532801435361036
SKNSH_skew	[0.5,1.0)	dELS	non-CpG tv	201675	201675	11779.478	1186.12018	201244	17559.33798329381	484726.6290232741	11061	18453	34561	523910	0.38494207020289745
SKNSH_skew	[0.5,1.0)	non-cCRE	CpG ti (CGI)	1053	1053	1115.002	1976.319708	1044	52.95800003444305	3878.917514456648	94	314	294	1294511	8.134345710465187e-4
SKNSH_skew	[0.5,1.0)	non-cCRE	CpG ti (non-CGI)	61322	61322	132141.523	304803.178393	60744	-55661.05395127123	168476.6830291179	265	3089	877	1294511	0.047370783253290236
SKNSH_skew	[0.5,1.0)	non-cCRE	non-CpG ti	733412	733412	107581.397	20632.509611	728018	-126793.19480986524	912184.1520200385	8183	26587	7128	1294511	0.566555247502725
SKNSH_skew	[0.5,1.0)	non-cCRE	non-CpG tv	498724	498724	31105.718	3357.995546	491804	-47996.51681707847	564490.5125896025	6798	19565	6032	1294511	0.38526053467293825
SKNSH_skew	[0.5,1.0)	pELS	CpG ti (CGI)	1804	1804	861.472	769.538762	1804	1152.3460028243717	9693.932085156166	308	737	908	91825	0.019646065886196568
SKNSH_skew	[0.5,1.0)	pELS	CpG ti (non-CGI)	4214	4214	6769.626	13294.987962	4207	-3078.4120027747713	15512.606487057406	111	973	1053	91825	0.04589164170977403
SKNSH_skew	[0.5,1.0)	pELS	non-CpG ti	47038	47038	7004.926	1342.409998	46995	9446.013029138676	160630.48144496253	3984	11834	10317	91825	0.5122570106180234
SKNSH_skew	[0.5,1.0)	pELS	non-CpG tv	38769	38769	2662.203	329.173205	38709	11858.018979851278	136096.0180802285	3669	10632	9533	91825	0.42220528178600597
SKNSH_skew	[1.0,1.5)	PLS	CpG ti (CGI)	238	238	100.004	71.23863	238	315.94499968178576	2189.5682103071476	66	86	153	5370	0.04432029795158287
SKNSH_skew	[1.0,1.5)	PLS	CpG ti (non-CGI)	138	138	172.779	312.788133	138	22.106000370345953	1106.6736802005605	18	46	70	5370	0.02569832402234637
SKNSH_skew	[1.0,1.5)	PLS	non-CpG ti	2674	2674	405.365	73.132247	2673	2243.6119981530364	20370.766132339668	540	956	1005	5370	0.49795158286778396
SKNSH_skew	[1.0,1.5)	PLS	non-CpG tv	2320	2320	198.22	30.224424	2319	2137.3590033329097	19805.92851891075	516	880	947	5370	0.43202979515828677
SKNSH_skew	[1.0,1.5)	dELS	CpG ti (CGI)	284	284	359.849	682.339279	283	-9.355998708750084	1296.290507351162	30	48	91	99559	0.002852579877258711
SKNSH_skew	[1.0,1.5)	dELS	CpG ti (non-CGI)	6553	6553	13107.131	28572.107671	6546	-5803.775003953021	24118.526654268106	127	710	1649	99559	0.06582026737914201
SKNSH_skew	[1.0,1.5)	dELS	non-CpG ti	54683	54683	7893.263	1469.889647	54595	-4088.308989431824	130305.14423873051	2515	4817	9315	99559	0.5492522022117539
SKNSH_skew	[1.0,1.5)	dELS	non-CpG tv	38039	38039	2256.552	217.190122	37957	2851.796008304462	91125.60106325796	2080	3593	7043	99559	0.3820749505318454
SKNSH_skew	[1.0,1.5)	non-cCRE	CpG ti (CGI)	181	181	175.951	297.991197	179	35.810000173514716	707.840538826911	21	54	51	209212	8.651511385580177e-4
SKNSH_skew	[1.0,1.5)	non-cCRE	CpG ti (non-CGI)	10806	10806	23046.512	52170.134722	10717	-9819.86700024642	29399.517043734384	51	532	200	209212	0.051650956924077014
SKNSH_skew	[1.0,1.5)	non-cCRE	non-CpG ti	122964	122964	17266.453	3035.875199	122029	-26694.067976098733	162769.96903453517	1240	4768	1388	209212	0.5877483127162878
SKNSH_skew	[1.0,1.5)	non-cCRE	non-CpG tv	75261	75261	4529.483	424.859403	74439	-7908.23896442354	90010.63187613086	1040	3198	1105	209212	0.3597355792210772
SKNSH_skew	[1.0,1.5)	pELS	CpG ti (CGI)	333	333	146.004	109.950282	333	277.63700034376234	2368.029774219925	64	142	191	18127	0.018370386715948584
SKNSH_skew	[1.0,1.5)	pELS	CpG ti (non-CGI)	865	865	1396.145	2788.841877	860	-534.7540013412944	3446.622750566817	32	221	235	18127	0.04771887240028686
SKNSH_skew	[1.0,1.5)	pELS	non-CpG ti	9340	9340	1343.924	241.259098	9336	2173.8429967171983	33294.53203363879	856	2436	2215	18127	0.5152534892701495
SKNSH_skew	[1.0,1.5)	pELS	non-CpG tv	7589	7589	555.361	71.671117	7576	2628.9229985907436	28856.568154579123	779	2182	2078	18127	0.41865725161361506
SKNSH_skew	[1.5,Inf)	PLS	CpG ti (CGI)	36	36	17.505	16.418573	36	35.47000020742416	202.38590687930537	13	12	22	1628	0.022113022113022112
SKNSH_skew	[1.5,Inf)	PLS	CpG ti (non-CGI)	37	37	54.911	102.748475	37	-3.070000559091564	246.99547154649048	3	11	17	1628	0.022727272727272728
SKNSH_skew	[1.5,Inf)	PLS	non-CpG ti	927	927	139.24	24.257566	927	915.7490017184756	8369.39661420165	220	355	352	1628	0.5694103194103194
SKNSH_skew	[1.5,Inf)	PLS	non-CpG tv	628	628	61.332	10.655722	628	587.6620010840711	5380.660095861941	132	225	243	1628	0.3857493857493858
SKNSH_skew	[1.5,Inf)	dELS	CpG ti (CGI)	79	79	89.182	156.615358	79	-33.1130002737045	341.7422082651514	8	18	31	33013	0.0023929966982703782
SKNSH_skew	[1.5,Inf)	dELS	CpG ti (non-CGI)	1802	1802	3632.484	7873.533868	1802	-1806.6089980555712	7040.737487180586	30	188	586	33013	0.054584557598521793
SKNSH_skew	[1.5,Inf)	dELS	non-CpG ti	19371	19371	2661.235	444.146671	19347	-1874.6109976602029	43531.941458247886	846	1719	3230	33013	0.586768848635386
SKNSH_skew	[1.5,Inf)	dELS	non-CpG tv	11761	11761	731.187	71.546331	11735	652.7520001082449	28838.703225109464	623	1130	2146	33013	0.3562535970678218
SKNSH_skew	[1.5,Inf)	non-cCRE	CpG ti (CGI)	41	41	38.277	59.093691	41	-4.779999911785092	233.73611699801103	4	9	10	66971	6.122052828836362e-4
SKNSH_skew	[1.5,Inf)	non-cCRE	CpG ti (non-CGI)	1959	1959	4352.338	10245.965612	1946	-2262.2179986384003	6891.285037963755	9	120	79	66971	0.029251467052903494
SKNSH_skew	[1.5,Inf)	non-cCRE	non-CpG ti	39134	39134	5533.021	937.756547	38677	-9461.611990748675	52257.60427074164	350	1352	470	66971	0.5843424765943468
SKNSH_skew	[1.5,Inf)	non-cCRE	non-CpG tv	25837	25837	1652.519	155.174421	25643	-3321.586988002294	29113.30259828308	280	1094	337	66971	0.3857938510698661
SKNSH_skew	[1.5,Inf)	pELS	CpG ti (CGI)	76	76	33.698	27.106112	76	70.97400123625998	483.2097123701971	14	30	45	5991	0.012685695209480888
SKNSH_skew	[1.5,Inf)	pELS	CpG ti (non-CGI)	212	212	377.084	798.32686	212	-188.58899964252493	716.8947259527947	5	45	60	5991	0.03538641295276248
SKNSH_skew	[1.5,Inf)	pELS	non-CpG ti	3305	3305	463.537	77.033823	3302	634.2989984136077	10669.5799981834	300	852	839	5991	0.5516608245701886
SKNSH_skew	[1.5,Inf)	pELS	non-CpG tv	2398	2398	203.024	30.351988	2396	545.4339990529697	8098.228209091068	219	700	660	5991	0.400267067267568
mean_skew	(-Inf,-1.5)	PLS	CpG ti (CGI)	679	679	329.733	292.859729	679	2782.87500332715	19820.210277736485	437	313	497	4082	0.16634002939735423
mean_skew	(-Inf,-1.5)	PLS	CpG ti (non-CGI)	552	552	838.806	1650.407864	552	486.47599885053967	5755.413687633941	121	141	300	4082	0.13522782949534543
mean_skew	(-Inf,-1.5)	PLS	non-CpG ti	1187	1187	183.159	33.536805	1186	4352.4110050092	28644.33936754447	676	468	834	4082	0.2907888290053895
mean_skew	(-Inf,-1.5)	PLS	non-CpG tv	1664	1664	121.169	13.491667	1662	5633.541996321759	38793.855935553234	909	630	1179	4082	0.40764331210191085
mean_skew	(-Inf,-1.5)	dELS	CpG ti (CGI)	277	277	333.053	626.225651	277	60.97499968193001	1913.0177060190456	43	67	152	38649	0.00716706771197185
mean_skew	(-Inf,-1.5)	dELS	CpG ti (non-CGI)	13755	13755	29465.327	68552.646335	13744	-11307.931999298047	48517.26575398936	323	1384	5115	38649	0.3558953659861833
mean_skew	(-Inf,-1.5)	dELS	non-CpG ti	12557	12557	1850.553	335.435241	12524	7579.218996405953	46150.11605372056	1345	1249	6159	38649	0.32489844497917153
mean_skew	(-Inf,-1.5)	dELS	non-CpG tv	12060	12060	753.141	78.784055	12026	1643.9380019167438	40183.982323197015	906	1201	5547	38649	0.3120391213226733
mean_skew	(-Inf,-1.5)	non-cCRE	CpG ti (CGI)	159	159	197.707	376.819801	157	115.18000008270609	1417.3419796509818	28	50	50	73072	0.0021759360630610905
mean_skew	(-Inf,-1.5)	non-cCRE	CpG ti (non-CGI)	32709	32709	73849.581	177107.50138899998	32648	-30744.112963731182	87693.16860781562	64	1373	539	73072	0.4476269980293409
mean_skew	(-Inf,-1.5)	non-cCRE	non-CpG ti	20702	20702	3439.024	678.360646	20360	1683.9040134887907	13073.297458867348	207	927	489	73072	0.2833096124370484
mean_skew	(-Inf,-1.5)	non-cCRE	non-CpG tv	19502	19502	1280.063	137.585869	19253	-5780.657991890447	29286.3216821245	174	897	531	73072	0.2668874534705496
mean_skew	(-Inf,-1.5)	pELS	CpG ti (CGI)	283	283	146.538	133.971042	283	728.9009979541881	5475.710798581836	118	115	191	5941	0.047635078269651576
mean_skew	(-Inf,-1.5)	pELS	CpG ti (non-CGI)	1693	1693	3162.726	6948.60509	1693	-762.8590027478057	6302.137538052989	87	377	730	5941	0.28496886046120184
mean_skew	(-Inf,-1.5)	pELS	non-CpG ti	1912	1912	295.413	54.684489	1912	2836.0659975432795	18108.815943117897	471	494	1127	5941	0.3218313415249958
mean_skew	(-Inf,-1.5)	pELS	non-CpG tv	2053	2053	128.221	12.142301	2050	2353.766004528386	17968.832594825093	449	608	1154	5941	0.3455647197441508
mean_skew	[-0.05,0.05)	PLS	CpG ti (CGI)	51894	51894	25822.374	22453.107146	51881	-2192.1719818615816	251724.57516458217	5333	20825	28785	776399	0.06683934420317389
mean_skew	[-0.05,0.05)	PLS	CpG ti (non-CGI)	41181	41181	59522.633	110858.779879	41118	-25377.907000331455	182234.50175837168	1976	11212	11091	776399	0.05304102658555717
mean_skew	[-0.05,0.05)	PLS	non-CpG ti	371032	371032	53114.477	9750.584259	370779	134964.29294758264	1650271.324894403	43196	113056	105663	776399	0.47788830227756607
mean_skew	[-0.05,0.05)	PLS	non-CpG tv	312292	312292	23041.053	3282.889277	311973	68698.52292564316	1468064.1428659323	34312	101340	104107	776399	0.4022313269337029
mean_skew	[-0.05,0.05)	dELS	CpG ti (CGI)	63260	63260	81661.722	150164.986528	63171	-45885.51600414992	251416.48370864493	2238	13270	14812	44808536	0.001411784576045957
mean_skew	[-0.05,0.05)	dELS	CpG ti (non-CGI)	3314357	3314357	6536913.195	13901111.333891	3309294	-2661529.968823109	11400427.086946312	65148	280670	410019	44808536	0.07396708966345163
mean_skew	[-0.05,0.05)	dELS	non-CpG ti	25226647	25226647	3651882.191999992	720950.214856	25197906	3263210.357167375	53712251.16431491	1324779	1671032	2255260	44808536	0.562987529876004
mean_skew	[-0.05,0.05)	dELS	non-CpG tv	16204272	16204272	944803.8020000004	126622.32316199996	16180196	2158499.0852664458	35772183.708061814	880111	1087000	1516348	44808536	0.36163359588449845
mean_skew	[-0.05,0.05)	non-cCRE	CpG ti (CGI)	66997	66997	69229.798	117328.332624	66847	-31465.225009189948	208742.0395562975	2458	20034	14696	300125299	2.2323009830637437e-4
mean_skew	[-0.05,0.05)	non-cCRE	CpG ti (non-CGI)	16671573	16671573	36135187.076	82775878.33365595	16514554	-13300511.59719634	39916229.86286335	86549	510653	86287	300125299	0.055548709340894314
mean_skew	[-0.05,0.05)	non-cCRE	non-CpG ti	171136042	171136042	26044896.523000214	5504380.580336891	169407964	-9806748.995797344	178022984.46743843	2450042	3528482	527897	300125299	0.5702153153040257
mean_skew	[-0.05,0.05)	non-cCRE	non-CpG tv	112250687	112250687	6879695.923999997	1135556.9773360055	110656856	-5386881.365919189	118735098.11984491	1709620	2321111	375889	300125299	0.3740127452567736
mean_skew	[-0.05,0.05)	pELS	CpG ti (CGI)	84858	84858	44958.878	42971.225512	84812	-13452.142995501988	280779.5134666759	5608	32894	34811	6257649	0.01356068389262485
mean_skew	[-0.05,0.05)	pELS	CpG ti (non-CGI)	451642	451642	751317.946	1473224.393516	451134	-343033.1848860747	1465363.6995892753	8625	93617	59932	6257649	0.07217439009442683
mean_skew	[-0.05,0.05)	pELS	non-CpG ti	3394315	3394315	484677.167	92695.749645	3391737	480052.50191691174	7481674.7785465	184111	684599	387343	6257649	0.5424265566828692
mean_skew	[-0.05,0.05)	pELS	non-CpG tv	2326834	2326834	142678.534	19499.769456	2324301	257499.87797505347	5408929.093305122	127210	494625	302537	6257649	0.3718383693300791
mean_skew	[-0.2,-0.05)	PLS	CpG ti (CGI)	50725	50725	24121.083	20132.051053	50704	13962.314004782234	266238.78546052804	7041	20264	29449	415314	0.12213650394641164
mean_skew	[-0.2,-0.05)	PLS	CpG ti (non-CGI)	37910	37910	54674.028	104224.305578	37839	-18653.96298793867	170737.23671585685	2243	10720	12130	415314	0.09128033247133494
mean_skew	[-0.2,-0.05)	PLS	non-CpG ti	156146	156146	23292.371	4333.823155	156047	119219.67497298318	919040.6539512672	27642	53823	62346	415314	0.37597095209889386
mean_skew	[-0.2,-0.05)	PLS	non-CpG tv	170533	170533	13773.983	1967.814461	170352	85176.25399094437	972469.9131515888	26332	60789	75512	415314	0.4106122114833596
mean_skew	[-0.2,-0.05)	dELS	CpG ti (CGI)	49810	49810	62866.211	117108.796417	49705	-28143.83402207808	204116.9294002719	2489	10674	13722	12032884	0.004139489751584076
mean_skew	[-0.2,-0.05)	dELS	CpG ti (non-CGI)	2418015	2418015	4917683.888	10849880.349068	2413824	-2077992.879863999	8814397.568227202	47478	223481	390432	12032884	0.20095057843157135
mean_skew	[-0.2,-0.05)	dELS	non-CpG ti	5323394	5323394	744519.073	135585.302665	5315895	1057550.8496238068	11676710.124667056	313387	419663	773966	12032884	0.4424038326971323
mean_skew	[-0.2,-0.05)	dELS	non-CpG tv	4241665	4241665	265019.37	35022.769378	4233821	447315.2878087405	10001119.262419043	236746	340045	645362	12032884	0.35250609911971226
mean_skew	[-0.2,-0.05)	non-cCRE	CpG ti (CGI)	48115	48115	49333.567	85897.705763	47969	-15638.129981124315	155940.22987644238	2467	14140	11889	43048644	0.0011176890960839557
mean_skew	[-0.2,-0.05)	non-cCRE	CpG ti (non-CGI)	7918867	7918867	17501382.592	40986487.16027	7854773	-7106484.3191881785	21156956.680386204	34687	299335	69235	43048644	0.1839516013558987
mean_skew	[-0.2,-0.05)	non-cCRE	non-CpG ti	18896381	18896381	2613223.307999996	497890.05325	18679631	-118226.69005642104	19428955.881929006	314657	513400	142093	43048644	0.4389541514942956
mean_skew	[-0.2,-0.05)	non-cCRE	non-CpG tv	16185281	16185281	990053.9900000008	139720.85710599998	15931159	-986493.4408011042	18415454.623270053	260515	451535	132673	43048644	0.37597655805372177
mean_skew	[-0.2,-0.05)	pELS	CpG ti (CGI)	67635	67635	34783.836	33247.49547	67593	5624.228006651394	245853.58306305387	6130	26363	30683	1898261	0.0356299792283569
mean_skew	[-0.2,-0.05)	pELS	CpG ti (non-CGI)	335007	335007	566237.74	1144053.998636	334565	-256179.19093662463	1142519.2735223898	7367	73288	58683	1898261	0.17648100024180025
mean_skew	[-0.2,-0.05)	pELS	non-CpG ti	791981	791981	112639.901	20522.623493	791241	249867.14598132603	2140823.2950117267	61535	184776	157616	1898261	0.4172139658350459
mean_skew	[-0.2,-0.05)	pELS	non-CpG tv	703638	703638	48600.852	6839.63709	702651	126714.66899284636	2007070.9956783704	50807	172970	154683	1898261	0.370675054694797
mean_skew	[-0.5,-0.2)	PLS	CpG ti (CGI)	19041	19041	8723.634	7014.907556	19031	18895.14299129392	151519.0324881993	4514	7793	11889	154097	0.12356502722311272
mean_skew	[-0.5,-0.2)	PLS	CpG ti (non-CGI)	12454	12454	17391.769	33183.721731	12440	-1866.5009939086171	66529.88504226957	1215	3752	5324	154097	0.08081922425485247
mean_skew	[-0.5,-0.2)	PLS	non-CpG ti	54353	54353	8863.303	1858.765703	54326	77441.8519702961	496549.8628061314	15389	19936	27662	154097	0.3527193910329208
mean_skew	[-0.5,-0.2)	PLS	non-CpG tv	68249	68249	5650.2300000000005	841.262428	68203	74515.56998784925	538744.2443876057	16431	25653	36951	154097	0.442896357489114
mean_skew	[-0.5,-0.2)	dELS	CpG ti (CGI)	14602	14602	18580.62	35116.88521	14579	-6274.077996187844	59394.71505810416	880	3398	4744	2448537	0.0059635610979127535
mean_skew	[-0.5,-0.2)	dELS	CpG ti (non-CGI)	557518	557518	1138741.983	2535325.043497	556554	-479967.3909163725	2021331.2319426716	11498	57212	134984	2448537	0.22769433339173556
mean_skew	[-0.5,-0.2)	dELS	non-CpG ti	982580	982580	149588.316	30403.130198	981117	219158.41178114252	2488813.8536387305	65622	87739	233002	2448537	0.401292690288119
mean_skew	[-0.5,-0.2)	dELS	non-CpG tv	893837	893837	59108.985	8204.306203	891989	91462.2140012554	2355139.61479306	54385	82967	218153	2448537	0.3650494152222327
mean_skew	[-0.5,-0.2)	non-cCRE	CpG ti (CGI)	11469	11469	12706.934	23145.89167	11414	-1546.4019898097026	42383.70277886962	874	3430	3015	5379211	0.0021320970677670015
mean_skew	[-0.5,-0.2)	non-cCRE	CpG ti (non-CGI)	1414585	1414585	3060070.974	7048818.819534	1406184	-1301068.273746736	3731018.842717155	4684	61981	18089	5379211	0.2629725809231131
mean_skew	[-0.5,-0.2)	non-cCRE	non-CpG ti	1985358	1985358	312242.292	67520.98394800001	1967215	-95836.34452367992	2177227.192886167	30953	71042	32030	5379211	0.36907977768486866
mean_skew	[-0.5,-0.2)	non-cCRE	non-CpG tv	1967799	1967799	135784.688	20163.119592	1942569	-271817.11829714756	2473190.2525489805	28475	72307	34265	5379211	0.3658155443242513
mean_skew	[-0.5,-0.2)	pELS	CpG ti (CGI)	18729	18729	9739.333	9618.321847	18715	8384.946001066011	93172.12154496709	2663	7291	9584	427421	0.04381862379246691
mean_skew	[-0.5,-0.2)	pELS	CpG ti (non-CGI)	78390	78390	131976.571	268228.676505	78283	-54566.51697181163	274356.2347601137	2302	18234	20459	427421	0.18340231294204076
mean_skew	[-0.5,-0.2)	pELS	non-CpG ti	162334	162334	25532.798	5236.720746	162159	84667.59497265378	632885.4097481355	19080	42072	51504	427421	0.37979884001955916
mean_skew	[-0.5,-0.2)	pELS	non-CpG tv	167968	167968	12589.527	1930.083939	167672	63963.992996360874	660386.5407905194	18162	46251	57395	427421	0.3929802232459332
mean_skew	[-1.0,-0.5)	PLS	CpG ti (CGI)	6740	6740	3135.805	2612.910359	6739	13566.091998102022	91769.4027014596	2578	2912	4509	52994	0.1271842095331547
mean_skew	[-1.0,-0.5)	PLS	CpG ti (non-CGI)	4893	4893	6831.296	12912.95812	4889	1717.5479935174797	36337.70571471976	813	1499	2673	52994	0.09233120730648753
mean_skew	[-1.0,-0.5)	PLS	non-CpG ti	17876	17876	3078.054	709.836554	17868	42390.55100091814	261746.6783030247	7544	6771	10958	52994	0.3373212061742839
mean_skew	[-1.0,-0.5)	PLS	non-CpG tv	23485	23485	1835.101	235.413343	23468	45103.97897903192	287358.929251986	8467	9074	14586	52994	0.4431633769860739
mean_skew	[-1.0,-0.5)	dELS	CpG ti (CGI)	4078	4078	5132.73	9562.353258	4066	-819.8359995293432	21487.431294127466	380	988	1571	615611	0.006624313080825391
mean_skew	[-1.0,-0.5)	dELS	CpG ti (non-CGI)	158247	158247	323882.347	725758.185147	157956	-127950.12198626886	593846.1233211833	4137	16824	53823	615611	0.2570568102259381
mean_skew	[-1.0,-0.5)	dELS	non-CpG ti	237136	237136	37768.097	8177.885565	236794	94598.96790480804	834308.180757893	22404	22539	83107	615611	0.3852042929707234
mean_skew	[-1.0,-0.5)	dELS	non-CpG tv	216150	216150	14063.288	1705.52454	215701	39281.57397429646	696274.7344776669	16372	21588	77257	615611	0.3511145837225131
mean_skew	[-1.0,-0.5)	non-cCRE	CpG ti (CGI)	2913	2913	3508.548	6659.351234	2896	92.38499532057916	14951.094085866383	307	910	777	914992	0.0031836343924318464
mean_skew	[-1.0,-0.5)	non-cCRE	CpG ti (non-CGI)	277287	277287	622150.432	1487585.041312	275602	-251328.3177539207	745220.4854155071	1066	13080	5611	914992	0.3030485512441639
mean_skew	[-1.0,-0.5)	non-cCRE	non-CpG ti	319072	319072	55807.033	13653.397531	316193	-13549.876903305878	375755.67277305	5351	13049	8185	914992	0.348715617185724
mean_skew	[-1.0,-0.5)	non-cCRE	non-CpG tv	315720	315720	21496.421	2690.584643	312383	-53210.63284171047	426113.87112422165	4456	14038	8658	914992	0.34505219717768026
mean_skew	[-1.0,-0.5)	pELS	CpG ti (CGI)	4909	4909	2549.836	2484.700308	4906	4828.660005625918	38410.74515364245	1081	1993	2826	106801	0.04596398910122564
mean_skew	[-1.0,-0.5)	pELS	CpG ti (non-CGI)	21510	21510	36332.281	74394.652129	21480	-12038.384997536195	85029.28873155074	972	5168	7808	106801	0.20140260858980721
mean_skew	[-1.0,-0.5)	pELS	non-CpG ti	39019	39019	6446.466	1421.373182	38964	35523.72899084888	241861.19867038063	6959	10590	16846	106801	0.3653430211327609
mean_skew	[-1.0,-0.5)	pELS	non-CpG tv	41363	41363	3011.094	391.138518	41275	28172.82101436915	228765.0953416079	6424	12030	18679	106801	0.38729038117620623
mean_skew	[-1.5,-1.0)	PLS	CpG ti (CGI)	1735	1735	774.513	634.396645	1735	5652.008004016244	38070.63857002415	971	781	1244	12484	0.13897789170137775
mean_skew	[-1.5,-1.0)	PLS	CpG ti (non-CGI)	1263	1263	1858.94	3638.544198	1262	1248.2020023693333	13128.50940049707	295	398	761	12484	0.10116949695610382
mean_skew	[-1.5,-1.0)	PLS	non-CpG ti	4317	4317	722.844	159.534072	4309	13633.10897966649	87414.59127619192	2267	1659	2918	12484	0.3458026273630247
mean_skew	[-1.5,-1.0)	PLS	non-CpG tv	5169	5169	378.103	42.176879	5161	14130.566989765512	91066.71401613232	2452	2162	3542	12484	0.4140499839794938
mean_skew	[-1.5,-1.0)	dELS	CpG ti (CGI)	779	779	992.342	1878.929954	778	86.66599950520333	4725.347684504623	98	186	344	123532	0.0063060583492536345
mean_skew	[-1.5,-1.0)	dELS	CpG ti (non-CGI)	33202	33202	70439.238	162949.557352	33142	-24342.34799855318	121677.96505509553	1024	3638	12733	123532	0.2687724638150439
mean_skew	[-1.5,-1.0)	dELS	non-CpG ti	47534	47534	7678.686	1692.580858	47428	25159.84799018049	193464.52592649552	5155	4644	20885	123532	0.3847909853317359
mean_skew	[-1.5,-1.0)	dELS	non-CpG tv	42017	42017	2565.624	261.81333	41911	10000.124007057637	144211.74686345513	3375	4311	18194	123532	0.3401304925039666
mean_skew	[-1.5,-1.0)	non-cCRE	CpG ti (CGI)	464	464	573.972	1084.392938	458	317.53300060320163	4127.456541430252	93	149	142	194316	0.002387863068404043
mean_skew	[-1.5,-1.0)	non-cCRE	CpG ti (non-CGI)	65801	65801	152259.81100000002	373736.296095	65487	-59161.516912882	171097.51140562768	218	3169	1240	194316	0.33862883138804833
mean_skew	[-1.5,-1.0)	non-cCRE	non-CpG ti	66184	66184	11673.767	2691.202547	65324	928.1260391813712	59637.15547509148	856	2852	1670	194316	0.34059984767080426
mean_skew	[-1.5,-1.0)	non-cCRE	non-CpG tv	61867	61867	3744.703	372.660817	61003	-9180.697966132197	73277.90785437541	677	2880	1630	194316	0.31838345787274336
mean_skew	[-1.5,-1.0)	pELS	CpG ti (CGI)	926	926	491.926	479.737364	926	1619.2289965329687	12978.950252054969	305	411	576	20485	0.045203807664144495
mean_skew	[-1.5,-1.0)	pELS	CpG ti (non-CGI)	4485	4485	7932.442	16783.985142	4481	-2256.2359941848545	19156.03697162416	257	1063	1779	20485	0.21894068830851843
mean_skew	[-1.5,-1.0)	pELS	non-CpG ti	7588	7588	1261.577	278.855377	7573	9313.398017167698	60425.116469647815	1658	2135	3835	20485	0.37041737856968515
mean_skew	[-1.5,-1.0)	pELS	non-CpG tv	7486	7486	484.403	49.025121	7472	7067.311997826445	52539.58491068258	1453	2123	3918	20485	0.3654381254576519
mean_skew	[0.05,0.2)	PLS	CpG ti (CGI)	15933	15933	7575.851000000001	6218.825111	15929	2437.7119863332496	88826.69727556033	2079	6549	9201	313022	0.05090057567838682
mean_skew	[0.05,0.2)	PLS	CpG ti (non-CGI)	7659	7659	10070.32	17769.979734	7642	-4024.2129952095	36871.19003040179	482	2245	2719	313022	0.02446792877177962
mean_skew	[0.05,0.2)	PLS	non-CpG ti	152992	152992	23368.608	4785.837694	152894	46428.1979923453	794111.0567111544	19797	51203	51623	313022	0.4887579786724256
mean_skew	[0.05,0.2)	PLS	non-CpG tv	136438	136438	10061.648	1314.60904	136315	41633.19497675625	717377.054733441	17738	48564	52620	313022	0.435873516877408
mean_skew	[0.05,0.2)	dELS	CpG ti (CGI)	14233	14233	16919.703	29543.538911	14206	-9190.791006113524	59492.84381345727	676	3162	4074	11148116	0.0012767179674126104
mean_skew	[0.05,0.2)	dELS	CpG ti (non-CGI)	394099	394099	744589.654	1530701.917368	393385	-338086.3829554283	1420193.0237870654	7448	39247	66724	11148116	0.035351175032624346
mean_skew	[0.05,0.2)	dELS	non-CpG ti	6559907	6559907	1075601.147	256529.292603	6551998	-629555.3053942102	15850283.174901674	287462	494023	760741	11148116	0.5884318928866545
mean_skew	[0.05,0.2)	dELS	non-CpG tv	4179877	4179877	238459.3	24199.136616	4172894	351746.29865870945	9304486.345706018	213621	323822	509971	11148116	0.37494021411330847
mean_skew	[0.05,0.2)	non-cCRE	CpG ti (CGI)	12990	12990	13061.235	21574.708375	12952	-4927.082997097287	42875.74917713926	642	3949	3246	46499324	2.793588999272334e-4
mean_skew	[0.05,0.2)	non-cCRE	CpG ti (non-CGI)	1223292	1223292	2574795.709	5752512.591441	1212957	-1018354.4791937732	3067755.70112268	6067	48813	10593	46499324	0.026307737290976532
mean_skew	[0.05,0.2)	non-cCRE	non-CpG ti	26686511	26686511	4462869.476999991	1059913.4586910005	26409717	-4430064.027446364	33937799.634014815	331862	704077	146939	46499324	0.5739118056856052
mean_skew	[0.05,0.2)	non-cCRE	non-CpG tv	18576531	18576531	1157056.8380000012	137770.42244199995	18313971	-1611363.166966969	20252257.12934278	252937	489867	107520	46499324	0.399501098123491
mean_skew	[0.05,0.2)	pELS	CpG ti (CGI)	19766	19766	10261.214	9520.133528	19752	-82.18399640382155	75635.43156294995	1771	7684	9185	1699282	0.011631971620955204
mean_skew	[0.05,0.2)	pELS	CpG ti (non-CGI)	55787	55787	87576.616	165399.07266	55716	-42667.89699185615	190114.2278444564	1257	12777	10492	1699282	0.032829748093606594
mean_skew	[0.05,0.2)	pELS	non-CpG ti	949375	949375	149955.179	33518.394481	948581	-4730.235072828028	2546190.733919812	53246	212975	147159	1699282	0.5586918474979432
mean_skew	[0.05,0.2)	pELS	non-CpG tv	674354	674354	41522.877	4634.628729	673522	89075.92306744288	1742021.3544473276	42295	161902	119407	1699282	0.39684643278749493
mean_skew	[0.2,0.5)	PLS	CpG ti (CGI)	5203	5203	2453.139	2055.060917	5199	2551.5540012739366	32626.874578876552	902	2157	3075	89984	0.057821390469416784
mean_skew	[0.2,0.5)	PLS	CpG ti (non-CGI)	2264	2264	2973.198	5363.828206	2262	-846.0380022944886	11218.35554441056	175	685	866	89984	0.025160028449502134
mean_skew	[0.2,0.5)	PLS	non-CpG ti	40277	40277	6042.093	1146.826647	40258	24457.7249934466	256373.1812097645	6992	14230	15783	89984	0.4476017958748222
mean_skew	[0.2,0.5)	PLS	non-CpG tv	42240	42240	3234.27	435.157416	42204	23112.024980744947	255534.63290146543	7006	15565	18049	89984	0.4694167852062589
mean_skew	[0.2,0.5)	dELS	CpG ti (CGI)	4381	4381	5255.183	9375.735613	4378	-1962.6219890799853	18032.406442040956	259	965	1308	1965104	0.0022293985458275998
mean_skew	[0.2,0.5)	dELS	CpG ti (non-CGI)	99924	99924	193093.177	407309.294135	99693	-89398.91799643589	376362.877125853	1933	10459	20433	1965104	0.050849217140670415
mean_skew	[0.2,0.5)	dELS	non-CpG ti	1082974	1082974	167277.385	35505.088867	1081471	-83262.43398473632	2569764.266988375	48424	92469	167560	1965104	0.5511026388425244
mean_skew	[0.2,0.5)	dELS	non-CpG tv	777825	777825	45100.145	4519.252661	776385	54311.71397030808	1790471.4481099711	40527	69114	124017	1965104	0.3958187454709776
mean_skew	[0.2,0.5)	non-cCRE	CpG ti (CGI)	3765	3765	3834.807	6574.566825	3747	-587.4990028532924	13699.409558027424	281	1187	1037	5465663	6.888459826374221e-4
mean_skew	[0.2,0.5)	non-cCRE	CpG ti (non-CGI)	230408	230408	494046.34	1122514.16208	228382	-206600.08684052143	626566.0126676215	1057	10742	2684	5465663	0.042155544533206676
mean_skew	[0.2,0.5)	non-cCRE	non-CpG ti	2976918	2976918	460731.728	97703.7197	2951261	-517192.1924423985	3774896.532534152	34807	100042	27313	5465663	0.5446581686430356
mean_skew	[0.2,0.5)	non-cCRE	non-CpG tv	2254572	2254572	138703.301	15337.380927	2227190	-202583.71539084957	2538581.3388146	31433	79329	23085	5465663	0.4124974408411203
mean_skew	[0.2,0.5)	pELS	CpG ti (CGI)	6332	6332	3290.351	3171.513365	6330	1573.3459988153777	27795.56210445373	760	2442	3064	341026	0.018567499252256425
mean_skew	[0.2,0.5)	pELS	CpG ti (non-CGI)	14405	14405	22699.571	43669.636483	14373	-10715.19500097248	50479.83506781092	367	3446	3342	341026	0.04224018110056125
mean_skew	[0.2,0.5)	pELS	non-CpG ti	174384	174384	26330.185	5278.7292370000005	174196	22682.42702670734	537114.2246375032	12982	43520	36911	341026	0.5113510406831151
mean_skew	[0.2,0.5)	pELS	non-CpG tv	145905	145905	9684.644	1157.467418	145705	33446.38102005098	456540.2951862703	11928	39276	34796	341026	0.42784127896406726
mean_skew	[0.5,1.0)	PLS	CpG ti (CGI)	1245	1245	585.266	512.635758	1245	1080.8680001241155	9211.191216963078	283	475	753	22082	0.05638076261208224
mean_skew	[0.5,1.0)	PLS	CpG ti (non-CGI)	668	668	852.198	1510.608672	668	-78.00699639588127	3623.9567330021287	58	231	289	22082	0.03025088307218549
mean_skew	[0.5,1.0)	PLS	non-CpG ti	9786	9786	1468.843	275.533707	9783	7259.220988059421	68604.41889802927	1883	3511	3792	22082	0.443166379856897
mean_skew	[0.5,1.0)	PLS	non-CpG tv	10383	10383	838.629	121.283647	10377	7573.333001829333	72187.90070608405	1989	3885	4605	22082	0.47020197445883527
mean_skew	[0.5,1.0)	dELS	CpG ti (CGI)	1230	1230	1490.426	2713.78935	1227	-521.9229989936578	5411.788989557577	83	256	436	430562	0.0028567314347294932
mean_skew	[0.5,1.0)	dELS	CpG ti (non-CGI)	27126	27126	53391.005	114593.826217	27085	-24425.001985789502	101809.4759078283	510	2850	6143	430562	0.06300137959225384
mean_skew	[0.5,1.0)	dELS	non-CpG ti	234910	234910	35281.405	7142.077963	234591	-29735.40596504358	552819.5230124618	9970	21079	41128	430562	0.5455892531156953
mean_skew	[0.5,1.0)	dELS	non-CpG tv	167296	167296	9913.697	1028.508501	166996	8736.029008162095	393431.4300530533	8636	15936	30758	430562	0.38855263585732136
mean_skew	[0.5,1.0)	non-cCRE	CpG ti (CGI)	991	991	988.034	1683.553326	984	67.2889990586556	3679.7743243555865	89	294	288	979565	0.0010116735489732688
mean_skew	[0.5,1.0)	non-cCRE	CpG ti (non-CGI)	45742	45742	98653.307	226512.524903	45328	-41348.97798280407	128235.98385080206	230	2274	830	979565	0.046696237615676345
mean_skew	[0.5,1.0)	non-cCRE	non-CpG ti	546559	546559	80516.501	15545.169779	542615	-108315.87986771614	699038.1409554724	5688	20572	6120	979565	0.557960931638023
mean_skew	[0.5,1.0)	non-cCRE	non-CpG tv	386273	386273	24995.193	2957.261435	382332	-39158.67782431736	439485.9213526611	5054	16161	5417	979565	0.39433115719732736
mean_skew	[0.5,1.0)	pELS	CpG ti (CGI)	1706	1706	816.576	720.215466	1704	1041.171001893468	9108.69908952416	278	697	861	78971	0.02160286687518203
mean_skew	[0.5,1.0)	pELS	CpG ti (non-CGI)	3699	3699	5905.449	11537.977025	3691	-2532.2820032921163	13763.830159926294	108	874	914	78971	0.04683997923288296
mean_skew	[0.5,1.0)	pELS	non-CpG ti	39223	39223	5763.171	1098.360019	39183	6284.80501905689	130433.39284326708	3201	9964	9141	78971	0.496675994985501
mean_skew	[0.5,1.0)	pELS	non-CpG tv	34343	34343	2444.327	318.228331	34278	10078.491980072811	120793.14398161114	3299	9808	9316	78971	0.43488115890643403
mean_skew	[1.0,1.5)	PLS	CpG ti (CGI)	145	145	61.535	46.605973	145	147.5669991113245	1035.9570974191845	39	51	90	3724	0.03893662728249194
mean_skew	[1.0,1.5)	PLS	CpG ti (non-CGI)	88	88	114.169	206.538065	88	-11.950000588782116	725.4388656113563	9	33	37	3724	0.023630504833512353
mean_skew	[1.0,1.5)	PLS	non-CpG ti	1766	1766	259.498	45.781238	1765	1405.822004129761	13002.92122682714	347	639	643	3724	0.47422126745435017
mean_skew	[1.0,1.5)	PLS	non-CpG tv	1725	1725	158.923	26.105675	1723	1510.3470022248798	13208.066104275698	358	627	727	3724	0.46321160042964554
mean_skew	[1.0,1.5)	dELS	CpG ti (CGI)	228	228	293.44	545.806742	227	-47.80699897452729	919.7757807571032	20	34	60	75485	0.003020467642577996
mean_skew	[1.0,1.5)	dELS	CpG ti (non-CGI)	4994	4994	9910.307	21361.054113	4993	-4634.739997096012	19214.745236952884	103	544	1336	75485	0.06615883950453733
mean_skew	[1.0,1.5)	dELS	non-CpG ti	40737	40737	5659.579	1000.470757	40675	-5293.162993261939	93452.34314484971	1659	3608	7080	75485	0.5396701331390342
mean_skew	[1.0,1.5)	dELS	non-CpG tv	29526	29526	1807.1	179.840292	29456	1091.0750029060298	70042.28129487467	1535	2949	5714	75485	0.39115055971385043
mean_skew	[1.0,1.5)	non-cCRE	CpG ti (CGI)	173	173	160.527	260.863567	172	22.68900044239122	766.1674414358283	19	50	48	152195	0.0011366996287657282
mean_skew	[1.0,1.5)	non-cCRE	CpG ti (non-CGI)	5082	5082	11002.581	25205.252379	5050	-4930.363998427057	15551.452655426849	33	285	144	152195	0.033391372909753934
mean_skew	[1.0,1.5)	non-cCRE	non-CpG ti	89242	89242	12271.877	2078.374651	88488	-22978.234983453753	120409.39608514648	766	3788	1096	152195	0.5863661749728966
mean_skew	[1.0,1.5)	non-cCRE	non-CpG tv	57698	57698	3660.093	360.567317	57117	-8515.380978054134	69856.53092997671	699	2697	934	152195	0.37910575248858375
mean_skew	[1.0,1.5)	pELS	CpG ti (CGI)	270	270	115.329	92.067447	270	172.6810010438786	1813.961928714867	43	106	151	14615	0.01847417037290455
mean_skew	[1.0,1.5)	pELS	CpG ti (non-CGI)	625	625	1001.326	1990.909242	624	-424.1890005519383	2204.005162117099	17	157	180	14615	0.04276428327061239
mean_skew	[1.0,1.5)	pELS	non-CpG ti	7225	7225	1012.13	177.683958	7221	885.6080008120044	22350.249868075636	564	1977	1805	14615	0.4943551146082792
mean_skew	[1.0,1.5)	pELS	non-CpG tv	6495	6495	509.868	69.45625	6483	1710.8400021810085	21555.79171422879	598	1862	1887	14615	0.4444064317482039
mean_skew	[1.5,Inf)	PLS	CpG ti (CGI)	10	10	3.489	1.390323	10	2.657000020146363	23.807009030986244	2	3	7	817	0.012239902080783354
mean_skew	[1.5,Inf)	PLS	CpG ti (non-CGI)	16	16	27.773	56.411953	16	-0.616000235080726	102.56457636506272	1	5	8	817	0.019583843329253364
mean_skew	[1.5,Inf)	PLS	non-CpG ti	451	451	65.68900000000001	11.016957	451	272.5660010057036	2820.5550980136572	80	156	187	817	0.5520195838433293
mean_skew	[1.5,Inf)	PLS	non-CpG tv	340	340	33.910000000000004	5.840762	340	259.0559993432835	1925.7564486715612	55	111	129	817	0.41615667074663404
mean_skew	[1.5,Inf)	dELS	CpG ti (CGI)	26	26	20.945	30.067009	26	-13.490000404417522	130.15368124766965	2	11	13	20976	0.0012395118230358504
mean_skew	[1.5,Inf)	dELS	CpG ti (non-CGI)	802	802	1608.445	3457.693047	802	-704.6980003276841	3457.1864727864536	19	91	238	20976	0.03823417238749047
mean_skew	[1.5,Inf)	dELS	non-CpG ti	12949	12949	1734.345	278.59396300000003	12932	-2146.747998983134	27824.115950584997	475	1201	2051	20976	0.6173245614035088
mean_skew	[1.5,Inf)	dELS	non-CpG tv	7199	7199	461.396	47.399002	7183	-321.10599458508693	17239.169011902355	314	741	1330	20976	0.3432017543859649
mean_skew	[1.5,Inf)	non-cCRE	CpG ti (CGI)	25	25	26.237	43.987077	25	-7.712999805808062	113.721517766704	3	6	4	42330	5.905976848570753e-4
mean_skew	[1.5,Inf)	non-cCRE	CpG ti (non-CGI)	508	508	1119.397	2614.547525	505	-549.5589984171096	1856.0248446566557	4	37	23	42330	0.012000944956295771
mean_skew	[1.5,Inf)	non-cCRE	non-CpG ti	28233	28233	3840.008	628.475504	27940	-9684.312000834036	42586.88340104978	203	1049	322	42330	0.6669737774627923
mean_skew	[1.5,Inf)	non-cCRE	non-CpG tv	13564	13564	869.248	85.225562	13464	-2401.6679888713415	17053.576053117853	161	693	245	42330	0.3204346798960548
mean_skew	[1.5,Inf)	pELS	CpG ti (CGI)	47	47	19.84	15.114992	47	43.109000224620075	202.2156993952737	8	22	26	4251	0.011056222065396377
mean_skew	[1.5,Inf)	pELS	CpG ti (non-CGI)	106	106	179.412	367.489492	106	-81.71199940843509	365.4238909188628	4	22	33	4251	0.024935309338979063
mean_skew	[1.5,Inf)	pELS	non-CpG ti	2346	2346	319.032	51.185924	2344	355.2670014118776	6839.724284839617	196	610	569	4251	0.5518701482004235
mean_skew	[1.5,Inf)	pELS	non-CpG tv	1752	1752	157.632	24.234186	1749	462.8370000985451	5787.852946718644	159	540	529	4251	0.41213832039520115
