skew_type	skew_bin	ccre_class	mut_class	n	n_MR	sum_MR	sum_MR_sq	n_phyloP	sum_phyloP	sum_phyloP_sq	n_conserved	n_tf_chip_peak	n_tf_footprint	mutrate_mean	mutrate_var	mutrate_se	mutrate_lci	mutrate_uci
HepG2_skew	(-Inf,-1.5)	Other cCREs	CpG transition	4736	4736	10506.932	24953.325822	4725	-4493.735999196417	14144.774374725455	23	174	575	2.2185244932432435	0.34708338567239266	0.008560735240218767	2.201745452172415	2.235303534314072
HepG2_skew	(-Inf,-1.5)	Other cCREs	non-CpG transition	3258	3258	480.069	85.293783	3239	486.1010002166733	3356.2439263793303	86	129	630	0.14735082872928176	0.00446890328607996	0.0011711834803535906	0.14505530910778872	0.1496463483507748
HepG2_skew	(-Inf,-1.5)	Other cCREs	non-CpG transversion	3562	3562	248.877	29.237043	3533	-1000.1860001989412	7298.820053317425	79	119	557	0.0698700168444694	0.0033271560847511904	9.664727867870866e-4	0.06797573018236672	0.07176430350657209
HepG2_skew	(-Inf,-1.5)	PLS	CpG transition	745	745	822.058	1457.023354	745	1559.4830004260878	13304.59630437363	275	251	426	1.1034335570469798	0.7391625953777874	0.03149864374150222	1.0416962153136353	1.1651708987803242
HepG2_skew	(-Inf,-1.5)	PLS	non-CpG transition	679	679	96.819	16.573147	676	2271.9640045268466	14983.504629438992	355	248	451	0.14259057437407954	0.004082109409551611	0.0024519264193202947	0.13778479859221177	0.14739635015594732
HepG2_skew	(-Inf,-1.5)	PLS	non-CpG transversion	978	978	70.886	8.134954	977	3085.6210017494177	22138.99635831363	495	354	671	0.07248057259713701	0.0030676521298662707	0.0017710614386562552	0.06900929217737076	0.07595185301690327
HepG2_skew	(-Inf,-1.5)	dELS	CpG transition	13226	13226	28477.743	66692.894643	13216	-10226.427000073136	46943.11372587773	345	1344	4415	2.153163692726448	0.4064765493085262	0.005543748100273289	2.1422979464499123	2.1640294390029835
HepG2_skew	(-Inf,-1.5)	dELS	non-CpG transition	11518	11518	1579.999	265.198997	11508	7349.822994963615	44251.935861547565	1346	1082	5711	0.1371765063379059	0.004207715044075285	6.044141502461892e-4	0.13599185460342336	0.13836115807238844
HepG2_skew	(-Inf,-1.5)	dELS	non-CpG transversion	11091	11091	661.144	66.680212	11080	2052.6669986118804	38777.753386048375	917	1101	5039	0.05961085564872419	0.002458868571053191	4.7084970786289267e-4	0.05868799022131292	0.06053372107613546
HepG2_skew	(-Inf,-1.5)	non-cCRE	CpG transition	28895	28895	65689.587	158505.422111	28841	-28279.81096833071	83327.74116801748	94	1154	469	2.273389409932514	0.3172773130186007	0.0033136616382482514	2.2668946331215474	2.2798841867434807
HepG2_skew	(-Inf,-1.5)	non-cCRE	non-CpG transition	16106	16106	2454.65	443.864196	15954	1530.2490145500046	11500.139186712957	205	675	426	0.15240593567614555	0.0043316340262371505	5.185994249957597e-4	0.15138948080315387	0.15342239054913723
HepG2_skew	(-Inf,-1.5)	non-cCRE	non-CpG transversion	15694	15694	1052.025	115.665403	15581	-5546.755997052998	28037.16828568309	175	704	428	0.06703357971199185	0.002876722188459298	4.281363846814066e-4	0.0661944323980163	0.0678727270259674
HepG2_skew	(-Inf,-1.5)	pELS	CpG transition	1786	1786	3106.37	6735.770852000001	1786	-253.1150024211965	9811.286608787446	163	426	738	1.7392889137737961	0.7467204195633017	0.02044740911482742	1.6992119919087343	1.779365835638858
HepG2_skew	(-Inf,-1.5)	pELS	non-CpG transition	1582	1582	221.329	37.826557	1582	2089.238999491326	13362.51528116549	351	392	868	0.1399045512010114	0.004340052237337981	0.0016563199726102134	0.13665816405469539	0.1431509383473274
HepG2_skew	(-Inf,-1.5)	pELS	non-CpG transversion	1654	1654	98.307	9.404547	1653	1612.950003315928	13166.701643716648	326	434	869	0.059435912938331316	0.0021546162775386954	0.0011413457228076863	0.05719887532162825	0.061672950555034384
HepG2_skew	[-0.05,0.05)	Other cCREs	CpG transition	1287107	1287107	2691714.7970000003	6004568.707237	1277362	-990104.5245890428	3479245.1514642523	14341	55412	53076	2.0912906207487025	0.29167045957395993	4.7603501302416007e-4	2.0903575921231754	2.0922236493742297
HepG2_skew	[-0.05,0.05)	Other cCREs	non-CpG transition	10696534	10696534	1596038.9249999998	323196.491277	10661305	313113.8054985445	15708232.834402312	333917	298257	379757	0.14921084951443148	0.007951190111753968	2.7264311233740655e-5	0.14915741146441333	0.14926428756444962
HepG2_skew	[-0.05,0.05)	Other cCREs	non-CpG transversion	6991855	6991855	422165.097	59793.794001	6956718	242649.92555507252	10622375.296778724	228653	200697	255458	0.06037955549707481	0.004906231322587762	2.6489746597110354e-5	0.060327635593744475	0.06043147540040515
HepG2_skew	[-0.05,0.05)	PLS	CpG transition	102351	102351	90718.512	139575.289362	102256	-26901.25298965337	481571.657178494	8377	35574	45357	0.8863470996863734	0.5780869502973771	0.0023765696013367914	0.8816890232677532	0.8910051761049935
HepG2_skew	[-0.05,0.05)	PLS	non-CpG transition	375131	375131	53976.547	9959.200621	374882	133857.96594931747	1698535.5052231231	44141	115665	110116	0.14388719407353698	0.005845084976918962	1.2482567905629105e-4	0.14364253574258665	0.1441318524044873
HepG2_skew	[-0.05,0.05)	PLS	non-CpG transversion	322971	322971	24155.759	3450.273965	322632	72835.12694189524	1542724.6759552783	36219	106582	112303	0.07479234668128097	0.005089042522595062	1.255267474187237e-4	0.07454631425634027	0.07503837910622167
HepG2_skew	[-0.05,0.05)	dELS	CpG transition	3439486	3439486	6743134.32	14337567.125098003	3433931	-2760015.88084435	11901401.27352788	69064	299216	443783	1.9605064012471631	0.3249350197103827	3.073629295100062e-4	1.9599039699053236	1.9611088325890027
HepG2_skew	[-0.05,0.05)	dELS	non-CpG transition	24623267	24623267	3582360.915999992	711112.064374	24594573	2996638.090270299	52527901.9386195	1283134	1619468	2209880	0.14548682414888292	0.007713264022330669	1.7698899431079487e-5	0.14545213430599802	0.14552151399176783
HepG2_skew	[-0.05,0.05)	dELS	non-CpG transversion	15733244	15733244	920634.2300000006	124150.31297399996	15708997	2105462.8453581273	34676033.81913172	854029	1050429	1492615	0.0585152197474342	0.0044669238693217945	1.684981497756157e-5	0.05848219411007818	0.05854824538479022
HepG2_skew	[-0.05,0.05)	non-cCRE	CpG transition	17148487	17148487	37072944.811	84862732.92111894	16981934	-13731198.207667504	41207578.16639428	89771	546750	106107	2.1618784684036556	0.27498239634105487	1.266308557825907e-4	2.1616302719263216	2.1621266648809896
HepG2_skew	[-0.05,0.05)	non-cCRE	non-CpG transition	169828402	169828402	25920344.789000217	5488061.027434892	168102794	-10239021.320740849	176670998.10087416	2406510	3481673	520357	0.15262667777442915	0.009020428305875954	7.288000906527953e-6	0.15261239329265236	0.15264096225620594
HepG2_skew	[-0.05,0.05)	non-cCRE	non-CpG transversion	111202806	111202806	6833417.852999997	1129100.7375210056	109608125	-5426857.182517866	117281421.67084388	1684084	2288334	374053	0.06145004877844537	0.006377418961065382	7.572941488782687e-6	0.06143520581312736	0.061464891743763385
HepG2_skew	[-0.05,0.05)	pELS	CpG transition	551565	551565	812346.003	1544640.487155	550992	-362374.1378806477	1799682.8987599043	15038	130831	100878	1.4728019417475728	0.6313242281325835	0.0010698622858034484	1.470705011667398	1.4748988718277476
HepG2_skew	[-0.05,0.05)	pELS	non-CpG transition	3316664	3316664	475898.374	91458.76156	3314142	444783.0128972807	7341659.1550667165	179130	668665	382213	0.14348706230115563	0.006986993228085982	4.589806987032412e-5	0.1433971020842098	0.14357702251810145
HepG2_skew	[-0.05,0.05)	pELS	non-CpG transversion	2273647	2273647	140435.27	19295.179772	2271159	254089.93801053544	5317012.917812408	124917	484894	303543	0.06176652312342241	0.00467134348099965	4.5327251101556074e-5	0.06167768171126336	0.06185536453558146
HepG2_skew	[-0.2,-0.05)	Other cCREs	CpG transition	744147	744147	1603627.619	3700803.074647	738416	-637696.4046623487	2142724.444921285	6663	34861	39982	2.1549876825412184	0.32924360047503953	6.651648687640068e-4	2.153683959398441	2.1562914056839957
HepG2_skew	[-0.2,-0.05)	Other cCREs	non-CpG transition	2035369	2035369	289668.414	53316.981322	2027006	105977.17127081088	2784962.3780737915	59748	66602	108628	0.1423173950276338	0.005941002914329907	5.402668303670241e-5	0.14221150272888186	0.14242328732638573
HepG2_skew	[-0.2,-0.05)	Other cCREs	non-CpG transversion	1619484	1619484	103495.97	14122.313488	1609031	-46598.90777532069	2453448.211911303	45236	54939	87716	0.06390675672004169	0.00463618433271931	5.350471026798051e-5	0.06380188748791644	0.06401162595216693
HepG2_skew	[-0.2,-0.05)	PLS	CpG transition	83577	83577	73873.001	116163.195961	83496	740.6230174676778	422589.5366504326	9356	29303	39725	0.8838915132153583	0.6086373758178224	0.0026985838701204666	0.8786022888299222	0.8891807376007944
HepG2_skew	[-0.2,-0.05)	PLS	non-CpG transition	171107	171107	26001.589	4878.573575	170999	134839.1409942531	1013480.6734469738	30783	58992	68576	0.15196098932247074	0.005419718692528188	1.779731487610768e-4	0.15161216195089902	0.15230981669404245
HepG2_skew	[-0.2,-0.05)	PLS	non-CpG transversion	175635	175635	14172.192	2059.466464	175471	94515.8259976993	1009632.2046977116	27857	62427	77606	0.08069116064565718	0.005214798060893123	1.7231108423350477e-4	0.08035343092055951	0.08102889037075485
HepG2_skew	[-0.2,-0.05)	dELS	CpG transition	2282724	2282724	4614225.945	10169934.708803002	2278969	-1947511.427793377	8293575.257932477	45955	217807	378793	2.021368306023856	0.36924525084604093	4.0218952631211694e-4	2.020580014552284	2.0221565974954276
HepG2_skew	[-0.2,-0.05)	dELS	non-CpG transition	5844845	5844845	824312.064	148727.70256	5837138	1190852.9194384925	12857458.004128989	344510	465996	839303	0.1410323223284792	0.00555584680287413	3.083107244391047e-5	0.14097189342648914	0.14109275123046927
HepG2_skew	[-0.2,-0.05)	dELS	non-CpG transversion	4462272	4462272	280025.843	37172.253911	4454580	440629.3187531148	10508712.30949216	246205	357825	662930	0.06275409544734162	0.004392266949195982	3.137374367378859e-5	0.06269260290974099	0.06281558798494224
HepG2_skew	[-0.2,-0.05)	non-cCRE	CpG transition	7378352	7378352	16290735.709	38183014.216301	7326500	-6618876.041429892	19733487.68986256	33846	292592	74682	2.207909802758123	0.30014011941937996	2.0168905927848017e-4	2.207514492201937	2.208305113314309
HepG2_skew	[-0.2,-0.05)	non-cCRE	non-CpG transition	20134030	20134030	2786883.857999996	521584.377074	19909725	-1834.3690599819856	21018700.499730416	348000	560716	157054	0.13841659409467433	0.0067464592065609235	1.830512056424238e-5	0.1383807160583684	0.13845247213098025
HepG2_skew	[-0.2,-0.05)	non-cCRE	non-CpG transversion	16673842	16673842	1030495.8640000008	147407.5606619999	16425802	-1105876.9490460318	19217423.397097524	269220	468451	136125	0.06180314435029435	0.005021019213678873	1.7353141205072457e-5	0.06176913219353241	0.0618371565070563
HepG2_skew	[-0.2,-0.05)	pELS	CpG transition	373279	373279	558984.62	1096030.038916	372824	-228880.82093714105	1283793.3673422164	12795	92499	83857	1.4974981716089037	0.6937231567585073	0.001363252544091262	1.494826196622485	1.5001701465953226
HepG2_skew	[-0.2,-0.05)	pELS	non-CpG transition	879090	879090	126444.618	22932.170856	878270	282754.4499710128	2370068.652280529	68403	205969	173562	0.14383580520765793	0.005397527908772928	7.835753735503225e-5	0.14368222443444206	0.1439893859808738
HepG2_skew	[-0.2,-0.05)	pELS	non-CpG transversion	734905	734905	50674.23	7193.682576	733899	134771.28197255824	2097561.0060535604	53334	180115	159200	0.0689534429620155	0.005034017977927655	8.276405869372377e-5	0.0687912254069758	0.0691156605170552
HepG2_skew	[-0.5,-0.2)	Other cCREs	CpG transition	168338	168338	367762.271	864357.6787769999	167068	-147141.1049206038	481402.9741578401	1319	8645	14566	2.184665797383835	0.3618932483951529	0.0014662200663965663	2.1817920060536977	2.187539588713972
HepG2_skew	[-0.5,-0.2)	Other cCREs	non-CpG transition	335322	335322	51992.468	10727.096374	333825	11001.066060258068	490918.0579579901	9792	11937	32146	0.155052361610631	0.007949223056816722	1.5396830114019537e-4	0.1547505837403962	0.15535413948086577
HepG2_skew	[-0.5,-0.2)	Other cCREs	non-CpG transversion	312346	312346	20920.149	2934.040539	310022	-21487.727943909376	493804.8643514444	8245	11675	29336	0.06697748330377211	0.004907591312939459	1.253476569078966e-4	0.06673180189623264	0.06722316471131158
HepG2_skew	[-0.5,-0.2)	PLS	CpG transition	27250	27250	24014.407	38349.735245	27231	17391.683988584435	205084.52519604628	5418	9894	14841	0.8812626422018348	0.6307290352405507	0.004811031037299081	0.8718330213687286	0.890692263034941
HepG2_skew	[-0.5,-0.2)	PLS	non-CpG transition	53705	53705	8826.979	1849.853609	53674	80288.74196349121	511787.7694340072	15625	19606	27299	0.16436046923005307	0.0074304930484912785	3.719644678937774e-4	0.16363141887298127	0.16508951958712487
HepG2_skew	[-0.5,-0.2)	PLS	non-CpG transversion	64381	64381	5297.119	796.147299	64319	77367.7929747716	546926.4920883557	16506	24097	34861	0.082277675090477	0.005596655219049512	2.9483933127154397e-4	0.08169979000118477	0.08285556017976922
HepG2_skew	[-0.5,-0.2)	dELS	CpG transition	545259	545259	1118299.932	2512972.678906	544259	-469304.1070019145	2003753.107117045	11545	57770	132270	2.0509518082232483	0.402366239898663	8.590320074750316e-4	2.049268105488597	2.0526355109578995
HepG2_skew	[-0.5,-0.2)	dELS	non-CpG transition	1053650	1053650	159575.077	32153.415909	1052168	261010.12581582656	2729013.3355690097	73545	94766	243945	0.15144979547287998	0.007579187314543008	8.481313849622168e-5	0.1512835617214274	0.15161602922433257
HepG2_skew	[-0.5,-0.2)	dELS	non-CpG transversion	950072	950072	62033.144	8534.146342	948247	104371.07196348946	2535283.2225859263	58988	87730	223170	0.06529309778627304	0.004719447498995384	7.048023120862381e-5	0.06515495653310414	0.06543123903944194
HepG2_skew	[-0.5,-0.2)	non-cCRE	CpG transition	1193368	1193368	2647605.631	6268941.434799	1185343	-1080215.7670888854	3218815.5732395253	5286	55051	19190	2.2185994856574	0.33096687241960293	5.266293614804491e-4	2.2175672921088982	2.2196316792059014
HepG2_skew	[-0.5,-0.2)	non-cCRE	non-CpG transition	2020149	2020149	315725.079	68244.253759	2001294	-74277.91564078839	2332548.0413990594	35696	72224	32654	0.1562880158839769	0.009355852936160192	6.805342571133114e-5	0.1561546311695827	0.1564214005983711
HepG2_skew	[-0.5,-0.2)	non-cCRE	non-CpG transversion	1982063	1982063	132291.328	19344.457202	1955306	-231597.84643759803	2521257.184414472	31445	71140	33888	0.06674425989486713	0.005304965447161032	5.173477356097257e-5	0.06664285973868762	0.06684566005104663
HepG2_skew	[-0.5,-0.2)	pELS	CpG transition	89214	89214	134336.28	268593.140222	89109	-43831.62497324555	343241.69444133854	4533	23244	27043	1.5057757751025624	0.7433089805365269	0.0028864775498406627	1.5001182791048748	1.51143327110025
HepG2_skew	[-0.5,-0.2)	pELS	non-CpG transition	171477	171477	26893.273	5487.853229	171288	93697.30198824972	682744.3071967318	20477	44306	53262	0.15683312047679865	0.007406851714383147	2.078327033297849e-4	0.15642576837827227	0.15724047257532503
HepG2_skew	[-0.5,-0.2)	pELS	non-CpG transversion	171285	171285	12597.937	1918.242757	170988	65458.75899821217	671491.7110905701	18545	46434	56503	0.07354956359284234	0.005789624182526556	1.8385079865530663e-4	0.07318921602747794	0.07390991115820675
HepG2_skew	[-1.0,-0.5)	Other cCREs	CpG transition	47935	47935	105868.456	251411.621736	47647	-41889.70298687416	140343.76431508962	455	2294	6447	2.2085836236570358	0.3670105468465926	0.002767023875860788	2.2031602568603486	2.214006990453723
HepG2_skew	[-1.0,-0.5)	Other cCREs	non-CpG transition	78081	78081	12765.449	2872.754189	77681	9723.548004171227	148987.63654468054	3199	2922	12846	0.16348982466925374	0.01006318097035988	3.590004211280278e-4	0.1627861838438428	0.16419346549466468
HepG2_skew	[-1.0,-0.5)	Other cCREs	non-CpG transversion	72325	72325	4768.392	561.930428	71814	-3394.6519786214917	129542.40659030066	2158	2884	11480	0.06593006567576909	0.003422792299543555	2.1754347017967737e-4	0.06550368047421692	0.06635645087732125
HepG2_skew	[-1.0,-0.5)	PLS	CpG transition	8999	8999	8354.64	13794.780434	8996	13571.593005467908	112294.96060656736	2830	3416	5513	0.928396488498722	0.6710782390896908	0.008635539046575146	0.9114708319674347	0.9453221450300093
HepG2_skew	[-1.0,-0.5)	PLS	non-CpG transition	15135	15135	2594.721	601.187157	15129	37875.26899894222	235153.2238099765	6625	5656	9255	0.17143845391476709	0.010331188081130009	8.261975853420948e-4	0.16981910664749658	0.1730578011820376
HepG2_skew	[-1.0,-0.5)	PLS	non-CpG transversion	18404	18404	1390.604	172.763582	18392	37670.472976782825	241406.17859822657	6929	7136	11433	0.07555987828732884	0.0036781890460320264	4.470549531868289e-4	0.07468365057908265	0.07643610599557503
HepG2_skew	[-1.0,-0.5)	dELS	CpG transition	151464	151464	314478.61699999997	715171.248795	151216	-121022.46199176928	581087.0051674132	4220	16261	50663	2.0762598175143925	0.41087217901666745	0.001647019180106246	2.073031659921384	2.079487975107401
HepG2_skew	[-1.0,-0.5)	dELS	non-CpG transition	239321	239321	37250.169	8027.201335	238948	101821.55688981258	868951.0966827724	23581	22684	81384	0.15564939558166646	0.009314871489365995	1.9728680035641124e-4	0.15526271345296788	0.15603607771036504
HepG2_skew	[-1.0,-0.5)	dELS	non-CpG transversion	216193	216193	13560.567	1579.869901	215736	44126.883986490095	705930.4971491552	16966	21120	74188	0.06272435740287613	0.0033733535464140784	1.2491371250210906e-4	0.062479526526371995	0.06296918827938026
HepG2_skew	[-1.0,-0.5)	non-cCRE	CpG transition	261494	261494	595803.256	1446187.322756	260018	-238897.77280167496	728427.7704452331	1260	12463	5659	2.2784586109050307	0.33910760027054515	0.001138774929828241	2.276226612042567	2.280690609767494
HepG2_skew	[-1.0,-0.5)	non-cCRE	non-CpG transition	332542	332542	56254.966	13475.345272	329208	-10647.558912888282	397447.52127173386	5831	12947	7686	0.16916649926926525	0.011904966928193697	1.8920858786741944e-4	0.16879565043704511	0.16953734810148538
HepG2_skew	[-1.0,-0.5)	non-cCRE	non-CpG transversion	317393	317393	20093.921	2300.351129	313638	-45632.98587289825	426439.81618279166	4787	13678	7768	0.06330927588195076	0.0032395887132028412	1.0102904935275186e-4	0.06311125894521936	0.06350729281868216
HepG2_skew	[-1.0,-0.5)	pELS	CpG transition	23429	23429	36496.55	74296.174666	23405	-7669.325997173435	112331.57822214652	1755	6166	9084	1.557751077724188	0.7445635380862765	0.005637337109157647	1.546701896990239	1.568800258458137
HepG2_skew	[-1.0,-0.5)	pELS	non-CpG transition	37061	37061	6000.97	1326.156826	37014	33612.77898899956	233504.3967091975	6622	9848	15416	0.16192142683683658	0.009564792261061756	5.080181214565867e-4	0.16092571131878167	0.1629171423548915
HepG2_skew	[-1.0,-0.5)	pELS	non-CpG transversion	37815	37815	2618.167	326.825361	37728	25592.882000824673	211738.73965055693	5819	10609	16254	0.06923620256511966	0.0038491939556431045	3.190456629016378e-4	0.06861087306583244	0.06986153206440687
HepG2_skew	[-1.5,-1.0)	Other cCREs	CpG transition	10090	10090	23014.041	56120.271379	10021	-8360.393990293027	27679.849677060454	90	460	1242	2.28087621407334	0.3596087493697465	0.005969934163101695	2.2691751431136606	2.2925772850330195
HepG2_skew	[-1.5,-1.0)	Other cCREs	non-CpG transition	13877	13877	2274.651	506.466085	13789	968.7910069543868	20504.441143635064	408	536	2352	0.16391518339698782	0.009629305936210603	8.330090090983843e-4	0.162282485739155	0.16554788105482066
HepG2_skew	[-1.5,-1.0)	Other cCREs	non-CpG transversion	12792	12792	796.5029999999999	83.494801	12675	-1568.1019983948208	20934.959448473768	281	523	2111	0.06226571294559099	0.0026502989478303443	4.5517479648904657e-4	0.06137357034447246	0.06315785554670952
HepG2_skew	[-1.5,-1.0)	PLS	CpG transition	2039	2039	2081.986	3660.690502	2038	4678.838999157773	36541.1753775373	860	778	1350	1.0210819028935751	0.7530972891669366	0.019218386768375752	0.9834138648275587	1.0587499409595915
HepG2_skew	[-1.5,-1.0)	PLS	non-CpG transition	3034	3034	490.161	103.669335	3029	9832.138990485457	63638.60512938555	1623	1149	1986	0.1615560316413975	0.0080715031238447	0.0016310580625399672	0.15835915783881918	0.16475290544397583
HepG2_skew	[-1.5,-1.0)	PLS	non-CpG transversion	3458	3458	247.572	27.846172	3455	9841.21698895155	65195.375537356165	1697	1347	2279	0.07159398496240602	0.002927829318740878	9.201537136689383e-4	0.0697904836836149	0.07339748624119713
HepG2_skew	[-1.5,-1.0)	dELS	CpG transition	32119	32119	69348.79	162760.194644	32078	-23457.30599665015	118946.63928818626	1028	3460	11307	2.1591204582957126	0.40562312089628544	0.0035536965724796005	2.1521552130136525	2.1660857035777727
HepG2_skew	[-1.5,-1.0)	dELS	non-CpG transition	44599	44599	6793.552	1425.142538	44521	22612.39297914761	171440.05205358827	4707	4189	18604	0.1523252090854055	0.008751811945993662	4.4298235546152927e-4	0.1514569636687009	0.1531934545021101
HepG2_skew	[-1.5,-1.0)	dELS	non-CpG transversion	38908	38908	2252.296	218.366512	38832	8328.343005842762	131146.66943238364	3147	3726	15975	0.05788773517014495	0.002261449035577742	2.410870866190778e-4	0.05741520448037156	0.05836026585991834
HepG2_skew	[-1.5,-1.0)	non-cCRE	CpG transition	71843	71843	167940.163	415975.761493	71565	-63165.75992391877	187245.3944081841	328	3498	1262	2.337599529529669	0.3256996669784267	0.002129199853704497	2.333426297816408	2.3417727612429298
HepG2_skew	[-1.5,-1.0)	non-cCRE	non-CpG transition	64642	64642	10880.958	2390.9989020000003	63940	1135.7240338319675	58907.3065919874	888	2738	1420	0.16832644410754619	0.00865466087121862	3.6590440261868683e-4	0.16760927147841356	0.1690436167366788
HepG2_skew	[-1.5,-1.0)	non-cCRE	non-CpG transversion	59924	59924	3482.129	338.060827	59294	-9621.453955661857	74638.72425638439	729	2726	1401	0.058109088178359254	0.0022648646745085876	1.9441095397613087e-4	0.05772804270856604	0.05849013364815247
HepG2_skew	[-1.5,-1.0)	pELS	CpG transition	4806	4806	7999.981	16874.965465	4803	-1023.785991765209	26885.5489668645	438	1209	1852	1.6645819808572617	0.7405496868261279	0.012413241882678994	1.640252026767211	1.6889119349473125
HepG2_skew	[-1.5,-1.0)	pELS	non-CpG transition	6587	6587	1028.215	214.967907	6579	7453.477010156145	48744.81684770235	1356	1780	3116	0.15609761651738271	0.008269966023774576	0.0011204901186231294	0.15390145588488138	0.15829377714988405
HepG2_skew	[-1.5,-1.0)	pELS	non-CpG transversion	6412	6412	401.268	39.160222	6400	5461.2150007321015	43079.96689783286	1154	1781	3135	0.06258078602620087	0.0021913204106751567	5.84596465300565e-4	0.06143497695421177	0.06372659509818998
HepG2_skew	[0.05,0.2)	Other cCREs	CpG transition	175136	175136	349695.038	748872.175778	173215	-139293.9179180214	484941.9630821015	1744	9135	8520	1.9967056344783483	0.28911481459605415	0.0012848352991917267	1.9941873572919324	1.999223911664764
HepG2_skew	[0.05,0.2)	Other cCREs	non-CpG transition	2432787	2432787	398963.324	94558.03586	2423722	-298183.3726938032	3966015.556403638	59592	77298	106347	0.1639943505123959	0.011974051421848628	7.015659718490886e-5	0.16385684358191346	0.1641318574428783
HepG2_skew	[0.05,0.2)	Other cCREs	non-CpG transversion	1651881	1651881	97217.229	10284.931957	1642003	-29397.756853911673	2448688.4937894084	45698	55282	73655	0.058852440944595893	0.0027625861009760062	4.089484178030398e-5	0.058772287054706496	0.05893259483448529
HepG2_skew	[0.05,0.2)	PLS	CpG transition	27571	27571	21285.469	29527.538747	27554	-2229.5919947759257	147539.94282497856	2995	10233	13592	0.772023829385949	0.47496008194936856	0.004150517948852616	0.7638888142061979	0.7801588445657002
HepG2_skew	[0.05,0.2)	PLS	non-CpG transition	146873	146873	21959.854	4487.091954	146779	45365.30197022484	763940.222960041	19015	48694	48060	0.14951593553614348	0.00819587013830327	2.362253773192185e-4	0.14905293379659781	0.14997893727568914
HepG2_skew	[0.05,0.2)	PLS	non-CpG transversion	138561	138561	10127.471	1277.361951	138434	43531.11896559399	726256.1322188275	18174	48910	53067	0.07309034288147458	0.0038765994737861567	1.6726495642615253e-4	0.07276250356687931	0.07341818219606984
HepG2_skew	[0.05,0.2)	dELS	CpG transition	533923	533923	991857.762	2019999.894708	533053	-450224.4849330344	1945353.8619064817	10934	54420	87196	1.8576794069556846	0.3323447162908581	7.889601623445829e-4	1.856133045037489	1.85922576887388
HepG2_skew	[0.05,0.2)	dELS	non-CpG transition	6560393	6560393	1056651.137	251541.129547	6552612	-545749.9383071959	15598185.872033045	288674	493150	740911	0.1610652192635411	0.012400384379626244	4.347630686272586e-5	0.16098000570209015	0.16115043282499203
HepG2_skew	[0.05,0.2)	dELS	non-CpG transversion	4317564	4317564	243349.733	24350.848515	4310530	377605.0386695024	9590514.889811205	221351	335338	515117	0.05636273903525229	0.002463193014119928	2.3885252137374096e-5	0.05631592394106304	0.05640955412944154
HepG2_skew	[0.05,0.2)	non-cCRE	CpG transition	1586824	1586824	3280694.123	7227744.688653	1573317	-1299259.732104852	3993528.8309434415	9094	66011	17276	2.0674593546606306	0.2804616105743974	4.2040931649358455e-4	2.066635352400303	2.068283356920958
HepG2_skew	[0.05,0.2)	non-cCRE	non-CpG transition	26701674	26701674	4409550.552999989	1050721.0308650003	26430596	-4163585.4354501497	33518269.524043266	335485	705527	141607	0.1651413522987356	0.012078714675029712	2.126870837869093e-5	0.16509966563031336	0.16518303896715786
HepG2_skew	[0.05,0.2)	non-cCRE	non-CpG transversion	19016096	19016096	1163659.285000001	137521.98306099986	18751049	-1518786.890914007	20714488.83151599	263131	506515	108455	0.061193385067050625	0.003487242377951204	1.3541924440774682e-5	0.061166842895146706	0.061219927238954544
HepG2_skew	[0.05,0.2)	pELS	CpG transition	96368	96368	126550.7	226697.599906	96254	-56216.23499228933	341189.72697469924	3691	25722	23650	1.313202515357795	0.6279214082176499	0.0025526203201198723	1.3081993795303601	1.31820565118523
HepG2_skew	[0.05,0.2)	pELS	non-CpG transition	941328	941328	145899.157	32585.973903	940537	367.3109726258249	2481048.594038974	52167	209776	141054	0.15499290045552666	0.010594235994031557	1.0608752876230715e-4	0.15478496889915253	0.1552008320119008
HepG2_skew	[0.05,0.2)	pELS	non-CpG transversion	696622	696622	42517.127	4689.0283469999995	695763	91451.02604921302	1781725.3651704332	43371	166989	121002	0.061033282038178524	0.003006037060835008	6.568989571593626e-5	0.060904529842575286	0.06116203423378176
HepG2_skew	[0.2,0.5)	Other cCREs	CpG transition	44061	44061	89338.472	194856.428548	43328	-35318.06299384066	121521.40922337431	394	2563	2311	2.0276088150518596	0.31123366313064615	0.002657762120237678	2.022399601296194	2.0328180288075255
HepG2_skew	[0.2,0.5)	Other cCREs	non-CpG transition	363707	363707	56670.072	12177.043898	362099	-54642.73195717414	558720.1261698776	7502	12897	20239	0.15581243143519372	0.009202878671433821	1.5906917123834034e-4	0.15550065585956657	0.15612420701082086
HepG2_skew	[0.2,0.5)	Other cCREs	non-CpG transversion	282523	282523	16758.067	1715.404581	280423	-13599.501948975836	411424.6608416675	6915	11147	15161	0.05931576190257076	0.0025533836971303892	9.506729480430494e-5	0.059129430004754326	0.0595020938003872
HepG2_skew	[0.2,0.5)	PLS	CpG transition	7826	7826	5965.445	8389.935269	7817	1742.9189984789116	46103.13646591914	1128	2908	3891	0.7622597751086123	0.49108198145395576	0.00792149364197183	0.7467336475703475	0.7777859026468771
HepG2_skew	[0.2,0.5)	PLS	non-CpG transition	34956	34956	5082.483	947.578875	34937	21172.658987898052	216921.67748086675	5951	12114	13138	0.14539658427737728	0.0059677644729555935	4.131854045552239e-4	0.14458674088444903	0.14620642767030553
HepG2_skew	[0.2,0.5)	PLS	non-CpG transversion	38494	38494	2871.426	376.575134	38469	21589.762980733656	238703.94204124855	6388	14078	15785	0.07459411856393204	0.004218523952626266	3.310424890296541e-4	0.07394527528543392	0.07524296184243016
HepG2_skew	[0.2,0.5)	dELS	CpG transition	136930	136930	256855.401	530557.215429	136628	-117023.69699227031	506952.3151103371	2829	14863	25857	1.8758153874242314	0.3559793899771318	0.0016123641123963843	1.8726551537639344	1.8789756210845283
HepG2_skew	[0.2,0.5)	dELS	non-CpG transition	1091432	1091432	166465.895	35509.107037	1089953	-83359.373005484	2561725.557545686	48648	92453	162925	0.15252062886189885	0.00927188621868096	9.216917609406304e-5	0.1523399772767545	0.1527012804470432
HepG2_skew	[0.2,0.5)	dELS	non-CpG transversion	833405	833405	47360.852	4592.917942	831959	65207.969962333824	1905426.6343671584	43746	73067	127396	0.05682813518037449	0.0022815933716256345	5.232281152387232e-5	0.0567255824697877	0.05693068789096128
HepG2_skew	[0.2,0.5)	non-cCRE	CpG transition	304247	304247	629184.958	1391759.504612	301648	-261142.0727959962	811662.2971791343	1804	15141	4459	2.0680071060684244	0.29778712106859795	9.893268668830935e-4	2.0660680254093338	2.069946186727515
HepG2_skew	[0.2,0.5)	non-cCRE	non-CpG transition	2944662	2944662	454346.938	97396.540464	2919354	-493232.9983782113	3736793.920818042	35521	96764	25822	0.15429510687474488	0.009268649636435878	5.610357124009896e-5	0.15418514387511428	0.15440506987437547
HepG2_skew	[0.2,0.5)	non-cCRE	non-CpG transversion	2343839	2343839	142727.174	15628.314006	2315516	-190121.2954326799	2663481.1931765904	34086	80609	22745	0.060894615201812066	0.002959674545095661	3.553514488333427e-5	0.060824966317840734	0.0609642640857834
HepG2_skew	[0.2,0.5)	pELS	CpG transition	25382	25382	32591.45	58455.910904	25342	-11994.390991603372	94764.72341434768	1278	6981	7074	1.2840379008746357	0.6543183428367421	0.005077286001698543	1.2740864203113065	1.2939893814379648
HepG2_skew	[0.2,0.5)	pELS	non-CpG transition	168702	168702	24935.06	4980.695082	168530	17525.09001356502	502927.0077588445	11955	41176	33957	0.14780536093229482	0.00767724873493087	2.133254596743482e-4	0.1473872430313331	0.14822347883325654
HepG2_skew	[0.2,0.5)	pELS	non-CpG transversion	149493	149493	9614.333	1090.703493	149284	32054.69301908649	453643.8690485455	11784	39566	33665	0.06431293104024938	0.003159885196351684	1.453868822725284e-4	0.06402797275099523	0.06459788932950353
HepG2_skew	[0.5,1.0)	Other cCREs	CpG transition	9718	9718	20275.007	45397.406573	9625	-8632.308997724322	29299.45593641061	70	509	665	2.086335357069356	0.3187138627221674	0.00572680017524511	2.0751108287258755	2.0975598854128363
HepG2_skew	[0.5,1.0)	Other cCREs	non-CpG transition	76539	76539	11773.647	2410.821773	76144	-13861.479989845302	118601.1097303672	1446	2781	4813	0.1538254615294164	0.007835782086552712	3.199630168497889e-4	0.1531983340163908	0.154452589042442
HepG2_skew	[0.5,1.0)	Other cCREs	non-CpG transversion	54948	54948	3298.476	343.737154	54440	-3262.2529909363952	78015.18132757259	1229	2197	3361	0.06002904564315353	0.002652242845708655	2.1970032456650895e-4	0.05959843300700317	0.060459658279303885
HepG2_skew	[0.5,1.0)	PLS	CpG transition	1741	1741	1426.815	2096.603357	1741	868.3969995811353	11730.90237385724	297	615	897	0.8195376220562895	0.5329165429803191	0.01749565537240618	0.7852461375263734	0.8538291065862057
HepG2_skew	[0.5,1.0)	PLS	non-CpG transition	7859	7859	1171.711	220.978423	7858	5091.728992925144	49535.18505779878	1381	2724	2890	0.14909161470925053	0.005890320442531089	8.657366762979973e-4	0.14739477082370644	0.15078845859479462
HepG2_skew	[0.5,1.0)	PLS	non-CpG transversion	8216	8216	656.219	93.914423	8211	5981.388000073147	55068.24724218843	1547	2976	3453	0.07987086173320351	0.0050519349950455174	7.841491238737356e-4	0.078333929450411	0.08140779401599603
HepG2_skew	[0.5,1.0)	dELS	CpG transition	33536	33536	64269.501	135579.852109	33489	-28829.37098339155	126745.4553637354	728	3552	7247	1.9164331166507633	0.3701103921866904	0.0033220794089061623	1.9099218410093073	1.9229443922922194
HepG2_skew	[0.5,1.0)	dELS	non-CpG transition	236578	236578	36088.695	7475.404871	236265	-29106.115958430815	560489.9251808267	10083	20609	39233	0.15254459417190103	0.008328237901535172	1.876244288841185e-4	0.15217685029128816	0.1529123380525139
HepG2_skew	[0.5,1.0)	dELS	non-CpG transversion	172093	172093	9930.759	982.807831	171796	14368.965993807422	405191.2265307956	9263	15825	29670	0.057705769554833725	0.0023809691365165664	1.1762382015697758e-4	0.05747522686732605	0.0579363122423414
HepG2_skew	[0.5,1.0)	non-cCRE	CpG transition	54007	54007	113787.834	257032.300316	53563	-47334.30998378747	151869.30266120753	383	2894	1136	2.106908993278649	0.3201808972281222	0.0024348526370975626	2.1021366821099376	2.11168130444736
HepG2_skew	[0.5,1.0)	non-cCRE	non-CpG transition	577087	577087	86675.909	17232.670159	572983	-109007.78686006296	732931.59235877	6074	20874	5736	0.1501955666996484	0.007302781366274429	1.1249248324327814e-4	0.14997508143249158	0.15041605196680521
HepG2_skew	[0.5,1.0)	non-cCRE	non-CpG transversion	401042	401042	25327.647	2927.477523	396936	-32832.95882649464	451051.1332954647	5601	15971	4942	0.06315459976760539	0.003311182930572706	9.086500578367675e-5	0.06297650435626938	0.0633326951789414
HepG2_skew	[0.5,1.0)	pELS	CpG transition	5974	5974	7728.035	14131.488421	5962	-2207.198001886136	24847.75526349908	371	1681	1788	1.2936114830934047	0.692183760798972	0.010764109175121852	1.2725138291101659	1.3147091370766435
HepG2_skew	[0.5,1.0)	pELS	non-CpG transition	37614	37614	5561.022	1076.389818	37578	4161.5260119678	116110.45188361515	2810	9307	8230	0.14784447280267984	0.006758925163265251	4.239006268687303e-4	0.14701362757401712	0.14867531803134257
HepG2_skew	[0.5,1.0)	pELS	non-CpG transversion	32886	32886	2256.73	278.626304	32824	8626.750994901871	110229.91970035496	2932	9092	8176	0.06862281822051937	0.0037635131955969995	3.382915853638688e-4	0.06795976671320618	0.06928586972783256
HepG2_skew	[1.0,1.5)	Other cCREs	CpG transition	1386	1386	2991.662	6880.85731	1378	-1299.4139988957902	4246.820293733064	6	66	149	2.1584862914862915	0.3057010066711475	0.014851380302070573	2.129377586094233	2.18759499687835
HepG2_skew	[1.0,1.5)	Other cCREs	non-CpG transition	13411	13411	1918.756	346.160042	13360	-2467.8199993426674	20566.870842040054	230	512	853	0.14307329803892327	0.0053420800110386074	6.311384122379003e-4	0.141836266750937	0.14431032932690954
HepG2_skew	[1.0,1.5)	Other cCREs	non-CpG transversion	9165	9165	567.198	54.875056	9050	-920.879995111958	12456.409782322178	187	374	540	0.061887397708674304	0.002157643801226032	4.8520318196952064e-4	0.06093639947201404	0.06283839594533457
HepG2_skew	[1.0,1.5)	PLS	CpG transition	181	181	175.181	291.976921	181	52.6409999234601	1262.172530375406	29	68	96	0.9678508287292819	0.680154694290976	0.061300577011469425	0.8477016977868018	1.087999959671762
HepG2_skew	[1.0,1.5)	PLS	non-CpG transition	1332	1332	203.224	37.229608	1331	1045.776002232917	8625.372772112249	256	471	496	0.15257057057057055	0.004675887578036343	0.0018736131163174788	0.1488982888625883	0.1562428522785528
HepG2_skew	[1.0,1.5)	PLS	non-CpG transversion	1175	1175	110.464	18.557746	1173	799.05300150637	7416.07465233557	200	409	459	0.09401191489361702	0.00696151093116822	0.00243406864204478	0.08924114035520925	0.09878268943202478
HepG2_skew	[1.0,1.5)	dELS	CpG transition	5439	5439	10665.088	22884.34925	5436	-4681.742001782869	19782.261568972215	119	610	1417	1.9608545688545689	0.3625712978970146	0.008164642648318461	1.9448518692638648	1.976857268445273
HepG2_skew	[1.0,1.5)	dELS	non-CpG transition	42092	42092	5947.605	1077.512037	42030	-3551.5969944593953	96812.5956043377	1879	3667	6974	0.14130012829041147	0.00563338213583206	3.6583463989334225e-4	0.14058309239622052	0.14201716418460242
HepG2_skew	[1.0,1.5)	dELS	non-CpG transversion	29743	29743	1785.152	172.720362	29676	1821.0840113967415	70851.18481373107	1595	2862	5337	0.060019231415795314	0.0022048588191658316	2.72268881656404e-4	0.05948558440774876	0.06055287842384187
HepG2_skew	[1.0,1.5)	non-cCRE	CpG transition	5850	5850	12561.707	28936.695111	5817	-5651.152997181051	18977.149388067643	50	354	207	2.147300341880342	0.3356022183790932	0.007574160057565642	2.1324549881675132	2.1621456955931704
HepG2_skew	[1.0,1.5)	non-cCRE	non-CpG transition	100785	100785	14136.006	2443.364964	100041	-22774.512979675783	131540.59184525703	922	4046	1066	0.14025902664086917	0.004570790223155597	2.1295983164877212e-4	0.13984162537083758	0.14067642791090076
HepG2_skew	[1.0,1.5)	non-cCRE	non-CpG transversion	62205	62205	3874.413	378.884745	61560	-8607.505972209037	74371.6989272701	764	2769	843	0.06228459127079817	0.0022115702347233796	1.8855485568443033e-4	0.061915023753656685	0.06265415878793965
HepG2_skew	[1.0,1.5)	pELS	CpG transition	881	881	1169.84	2226.176374	881	-270.90599909774045	3901.1336762908936	60	248	302	1.327854710556186	0.7645441129578995	0.029458682525117505	1.2701156928069557	1.3855937283054163
HepG2_skew	[1.0,1.5)	pELS	non-CpG transition	7336	7336	1044.082	185.311524	7332	1024.4289945691128	21997.931283496007	550	1920	1678	0.14232306434023992	0.005005395274371315	8.260180324026365e-4	0.14070406899673074	0.1439420596837491
HepG2_skew	[1.0,1.5)	pELS	non-CpG transversion	5972	5972	458.799	61.920457	5961	1217.9020020011817	18234.703684480293	501	1650	1550	0.0768250167448091	0.00446712713825127	8.648768189542247e-4	0.07512985817965882	0.07852017530995938
HepG2_skew	[1.5,Inf)	Other cCREs	CpG transition	170	170	370.998	851.1082739999999	170	-155.7600001161918	508.0684390599832	0	8	21	2.182341176470588	0.2453494805429858	0.03798989653168526	2.1078809792684847	2.2568013736726913
HepG2_skew	[1.5,Inf)	Other cCREs	non-CpG transition	4488	4488	627.278	104.565358	4473	-932.7879978879356	6619.91994845912	73	145	239	0.13976782531194296	0.0037646703975874854	9.158767943848972e-4	0.13797270679494855	0.14156294382893736
HepG2_skew	[1.5,Inf)	Other cCREs	non-CpG transversion	2103	2103	134.41	13.173954	2087	-245.3839986630485	3254.196199940861	47	89	131	0.06391345696623871	0.0021804691956079235	0.0010182521633623324	0.061917682726048535	0.06590923120642887
HepG2_skew	[1.5,Inf)	PLS	non-CpG transition	372	372	54.851	9.140487	372	184.7360011453276	1977.8437986284775	58	133	142	0.1474489247311828	0.0028376442845549684	0.0027618971801553214	0.14203560625807837	0.1528622432042872
HepG2_skew	[1.5,Inf)	PLS	non-CpG transversion	245	245	27.307	5.002905	245	129.011000697501	1262.8911128942273	37	84	90	0.11145714285714285	0.008030101639344263	0.005725026205926747	0.10023609149352643	0.12267819422075928
HepG2_skew	[1.5,Inf)	dELS	CpG transition	837	837	1651.842	3547.852428	837	-755.7330003888344	3735.152627270063	22	108	268	1.9735268817204301	0.34437540268559935	0.020283987442753386	1.9337702663326335	2.013283497108227
HepG2_skew	[1.5,Inf)	dELS	non-CpG transition	13630	13630	1815.669	286.194331	13615	-1253.2869954894995	29611.076077483045	575	1182	2069	0.13321122523844461	0.003252391142603161	4.884875022039726e-4	0.13225378973412483	0.1341686607427644
HepG2_skew	[1.5,Inf)	dELS	non-CpG transversion	7139	7139	462.128	48.733238	7125	-207.95499750529427	16915.516413790032	321	651	1214	0.06473287575290657	0.0026363636304372086	6.076926238130006e-4	0.06354179821023309	0.06592395329558004
HepG2_skew	[1.5,Inf)	non-cCRE	CpG transition	548	548	1191.387	2772.136513	545	-617.9529980886728	1958.4976844575876	4	33	20	2.1740638686131386	0.33269667781462287	0.024639617000657556	2.1257702192918497	2.2223575179344275
HepG2_skew	[1.5,Inf)	non-cCRE	non-CpG transition	31123	31123	4257.832	690.303494	30819	-8268.59899462527	42727.01683191073	260	1096	326	0.13680660604697492	0.003463914560818606	3.3361291837772885e-4	0.13615272472695458	0.13746048736699526
HepG2_skew	[1.5,Inf)	non-cCRE	non-CpG transversion	14590	14590	918.823	89.150967	14490	-1904.6979937339197	17044.77482175499	179	618	199	0.06297621658670322	0.002144558965464088	3.8339050232953967e-4	0.06222477120213732	0.06372766197126911
HepG2_skew	[1.5,Inf)	pELS	CpG transition	126	126	185.908	372.13938	126	-54.162999887950726	430.7742321574081	6	34	44	1.4754603174603174	0.7827160264126988	0.07881644470322383	1.3209800858419987	1.629940549078636
HepG2_skew	[1.5,Inf)	pELS	non-CpG transition	2261	2261	306.919	48.253289	2259	269.692003693199	6539.11159603349	182	573	500	0.13574480318443166	0.00291620785461833	0.0011356877897078198	0.13351885511660433	0.137970751252259
HepG2_skew	[1.5,Inf)	pELS	non-CpG transversion	1500	1500	139.811	23.037503	1499	209.51399944990416	4473.680144827994	101	431	404	0.09320733333333334	0.006675178465199021	0.0021095305109903833	0.08907265353179218	0.09734201313487449
K562_skew	(-Inf,-1.5)	Other cCREs	CpG transition	6555	6555	14198.315	33404.874403	6535	-5807.527994353325	19330.54019958283	56	290	1227	2.16602822273074	0.4044741223342679	0.007855232116203228	2.1506319677829815	2.1814244776784983
K562_skew	(-Inf,-1.5)	Other cCREs	non-CpG transition	11303	11303	1915.248	396.077814	11208	1764.5380060923044	18446.017549600452	413	475	2445	0.169445987790852	0.006330448130910131	7.483768824227214e-4	0.16797916910130345	0.17091280648040053
K562_skew	(-Inf,-1.5)	Other cCREs	non-CpG transversion	9860	9860	671.57	77.9116	9753	-68.25800124381206	17952.047544960635	315	449	2124	0.0681105476673428	0.0032630692263964493	5.752739206786862e-4	0.06698301078281257	0.06923808455187302
K562_skew	(-Inf,-1.5)	PLS	CpG transition	1733	1733	1617.867	2654.336471	1733	4268.876002929173	31854.2598900494	755	660	1245	0.9335643392960185	0.6604812552402821	0.019522299310370545	0.8953006326476922	0.9718280459443447
K562_skew	(-Inf,-1.5)	PLS	non-CpG transition	2695	2695	462.325	94.929587	2694	8967.249996751083	58541.426279891435	1444	1036	1951	0.17154916512059368	0.005797371653905538	0.001466682758178295	0.16867446691456423	0.17442386332662313
K562_skew	(-Inf,-1.5)	PLS	non-CpG transversion	3059	3059	229.519	26.467973	3055	9387.038989009685	61718.69110430852	1539	1182	2248	0.07503072899640406	0.0030238702130393515	9.942413814049333e-4	0.0730820158888504	0.07697944210395773
K562_skew	(-Inf,-1.5)	dELS	CpG transition	18411	18411	38014.479	87080.828569	18388	-13692.98900264478	71088.55601663658	614	2189	8479	2.064769920156428	0.4665766322314931	0.00503411118186947	2.0549030622399638	2.0746367780728923
K562_skew	(-Inf,-1.5)	dELS	non-CpG transition	32766	32766	5120.15	989.204828	32669	19543.573997444124	140398.14505031786	3719	3392	15957	0.15626411524140876	0.005771680706445932	4.197004504653216e-4	0.15544150235849674	0.15708672812432078
K562_skew	(-Inf,-1.5)	dELS	non-CpG transversion	26329	26329	1668.882	183.80123	26241	9145.884992476436	101676.08979664602	2468	2765	13019	0.06338569638041704	0.002963308350549106	3.3548355788864525e-4	0.06272814860695529	0.06404324415387878
K562_skew	(-Inf,-1.5)	non-cCRE	CpG transition	45337	45337	101843.392	244530.421204	45248	-40297.99593137974	115636.5823768514	114	2332	875	2.2463637205814235	0.3474748595872505	0.0027684412048330827	2.2409375758199506	2.2517898653428965
K562_skew	(-Inf,-1.5)	non-cCRE	non-CpG transition	42837	42837	7433.959	1524.635971	42163	1713.834023897071	31078.412908783903	466	2061	1215	0.1735406074188202	0.005475352755005017	3.575168605167137e-4	0.17283987437220744	0.17424134046543294
K562_skew	(-Inf,-1.5)	non-cCRE	non-CpG transversion	38983	38983	2355.413	231.516957	38343	-6618.434972208458	43103.83715057229	340	1985	1107	0.06042154272375138	0.0022882168638966847	2.42276316436011e-4	0.059946681143536795	0.060896404303965965
K562_skew	(-Inf,-1.5)	pELS	CpG transition	2954	2954	4650.023	9671.085979	2953	-74.38300268934094	18618.364291134876	334	820	1583	1.5741445497630333	0.7962335310793262	0.016417800946158818	1.541965659908562	1.6063234396175046
K562_skew	(-Inf,-1.5)	pELS	non-CpG transition	5303	5303	864.426	169.237798	5296	7122.743008899734	45763.57437806405	1242	1542	3054	0.16300697718272678	0.005343328695179975	0.001003795239637539	0.1610395385130372	0.16497441585241635
K562_skew	(-Inf,-1.5)	pELS	non-CpG transversion	4735	4735	314.396	33.711936	4729	5105.162004673273	35623.96429452467	981	1410	2779	0.06639831045406547	0.00271157008586473	7.567465076535021e-4	0.0649150872990646	0.06788153360906633
K562_skew	[-0.05,0.05)	Other cCREs	CpG transition	1423410	1423410	2989912.531	6688920.901919	1413305	-1102743.053587896	3887026.453374115	16025	60588	57629	2.1005279792891716	0.28700533362244934	4.4903477681081973e-4	2.0996478711266224	2.1014080874517207
K562_skew	[-0.05,0.05)	Other cCREs	non-CpG transition	11009637	11009637	1639636.995	333528.822337	10972532	315474.982564185	16314342.354234263	345017	309349	388226	0.14892743466473965	0.008114881444785954	2.7149047018148e-5	0.1488742225325841	0.1489806467968952
K562_skew	[-0.05,0.05)	Other cCREs	non-CpG transversion	7242939	7242939	436790.065	61199.388365	7205418	232703.3555067076	11092386.269570917	237273	208676	261655	0.06030563905066714	0.004812754763908315	2.5777420284194614e-5	0.06025511530691012	0.060356162794424156
K562_skew	[-0.05,0.05)	PLS	CpG transition	95020	95020	93274.512	150801.302668	94941	-33264.50398257352	436436.2127505836	6888	32128	38243	0.9816303094085456	0.6234565149444731	0.0025615071397579333	0.97660975541462	0.9866508634024711
K562_skew	[-0.05,0.05)	PLS	non-CpG transition	371332	371332	53063.21	9795.56745	371081	130383.62094052271	1634459.4359454855	42487	112375	102848	0.1428996423685543	0.0059592485358682876	1.2668189780837651e-4	0.14265134584884986	0.14314793888825872
K562_skew	[-0.05,0.05)	PLS	non-CpG transversion	303593	303593	22080.595	3119.923373	303282	64413.26696037046	1419096.8456993187	32755	97679	96513	0.07273090947419737	0.004986895626098793	1.2816494706319948e-4	0.0724797061779535	0.07298211277044124
K562_skew	[-0.05,0.05)	dELS	CpG transition	3941086	3941086	7770149.55	16570148.473608006	3935017	-3157170.8188673635	13677384.404411588	80092	342423	493133	1.9715757407983485	0.3173517238153459	2.8376738294211046e-4	1.971019556727782	1.972131924868915
K562_skew	[-0.05,0.05)	dELS	non-CpG transition	25956891	25956891	3770016.108999991	752783.556809	25926479	3126159.743216494	55942972.999465495	1364706	1734179	2343516	0.14524143546312965	0.007906224721787493	1.745252386144776e-5	0.1452072285163612	0.1452756424098981
K562_skew	[-0.05,0.05)	dELS	non-CpG transversion	16694422	16694422	975956.6240000008	129723.194196	16668334	2188926.3482054668	37112313.2093014	910888	1128435	1568907	0.05846004276158832	0.004352875024746566	1.6147392631557993e-5	0.058428393872030464	0.05849169165114617
K562_skew	[-0.05,0.05)	non-cCRE	CpG transition	18458821	18458821	40043731.459000014	91914027.72787692	18280319	-14795423.651662618	44784349.39317847	99759	591403	114476	2.1693547740129238	0.27330932952397474	1.216816945753288e-4	2.1691162778915563	2.1695932701342913
K562_skew	[-0.05,0.05)	non-cCRE	non-CpG transition	172871317	172871317	26334167.67700023	5591245.061036883	171089862	-10269732.32751141	182007112.32451472	2489905	3588867	543514	0.15233393332105075	0.009137766487896465	7.270404221044212e-6	0.1523196833287775	0.152348183313324
K562_skew	[-0.05,0.05)	non-cCRE	non-CpG transversion	113512812	113512812	6956828.354999995	1137492.0344050054	111846417	-5555526.08094475	120833538.1978696	1739705	2361590	383880	0.061286723784095797	0.006264762631935483	7.428991630143053e-6	0.06127216296050072	0.061301284607690874
K562_skew	[-0.05,0.05)	pELS	CpG transition	606648	606648	921297.563	1769002.024025	606056	-411625.58388625487	1973176.7307872393	15429	140658	101504	1.5186690848729412	0.6096723417871005	0.0010024895671101926	1.5167042053214053	1.520633964424477
K562_skew	[-0.05,0.05)	pELS	non-CpG transition	3486553	3486553	499016.763	96288.671573	3483959	471434.8249236938	7779378.37398455	190100	704548	397217	0.14312610850889115	0.007132073235708626	4.5228247631597676e-5	0.14303746114353322	0.1432147558742491
K562_skew	[-0.05,0.05)	pELS	non-CpG transversion	2379535	2379535	145780.608	19712.247256	2376962	257564.550014706	5542459.481387813	130044	504022	301404	0.06126432601327571	0.004530759619771959	4.363545029870814e-5	0.06117880053069024	0.061349851495861175
K562_skew	[-0.2,-0.05)	Other cCREs	CpG transition	617133	617133	1330052.922	3078840.034244	611637	-531610.9647056796	1774237.2141145638	5264	29625	34145	2.155212769370622	0.34399932722803617	7.466024513939275e-4	2.15374942856589	2.156676110175354
K562_skew	[-0.2,-0.05)	Other cCREs	non-CpG transition	1756617	1756617	253052.297	48238.996487	1750059	48764.1081654043	2380139.073219824	49026	55289	90039	0.14405661393462546	0.0067090015306708	6.180027459490443e-5	0.14393548539641945	0.14417774247283147
K562_skew	[-0.2,-0.05)	Other cCREs	non-CpG transversion	1417810	1417810	88846.154	11970.86022	1408840	-41176.67676313375	2110469.6641339967	38889	48257	76138	0.06266435841191696	0.00451638618616727	5.643993665019472e-5	0.06255373613608257	0.06277498068775135
K562_skew	[-0.2,-0.05)	PLS	CpG transition	78939	78939	66100.015	101802.003279	78852	-1094.620978207678	399764.4008916397	8628	28089	38584	0.8373556163620011	0.5884717686936264	0.0027303417262269174	0.8320041465785963	0.8427070861454058
K562_skew	[-0.2,-0.05)	PLS	non-CpG transition	142321	142321	21333.967	3991.957401	142230	103833.35895810112	826518.4430241513	24686	49313	56889	0.14990034499476537	0.005578895359703913	1.9798834006471626e-4	0.14951228784823853	0.15028840214129222
K562_skew	[-0.2,-0.05)	PLS	non-CpG transversion	158597	158597	12941.186	1849.743178	158424	73937.08096455563	896081.9456816746	23908	57005	70781	0.08159792429869417	0.005004976559539201	1.7764522561972775e-4	0.0812497396564795	0.08194610894090884
K562_skew	[-0.2,-0.05)	dELS	CpG transition	1861136	1861136	3763633.207	8330533.801339	1857891	-1613192.8458831026	6851478.85908767	37029	180860	323025	2.0222236349197478	0.38665963348966764	4.558010933276817e-4	2.0213302647768256	2.02311700506267
K562_skew	[-0.2,-0.05)	dELS	non-CpG transition	4751422	4751422	675696.496	126590.260446	4745415	789862.105625334	10294757.636784395	265075	364275	660031	0.1422093209148756	0.006419115587795533	3.6755792905167e-5	0.14213727956078145	0.14228136226896973
K562_skew	[-0.2,-0.05)	dELS	non-CpG transversion	3744591	3744591	230408.288	30258.221648	3738172	343817.0038206175	8735409.044394206	202511	297102	563433	0.0615309623934897	0.004294456253935318	3.386506370970735e-5	0.06146458686861867	0.06159733791836073
K562_skew	[-0.2,-0.05)	non-cCRE	CpG transition	5924508	5924508	13098854.374	30796513.342956003	5882334	-5409868.214157905	15983854.35408638	25435	239638	64441	2.2109607032347665	0.30980823630509075	2.2867586711509245e-4	2.2105124985352207	2.211408907934312
K562_skew	[-0.2,-0.05)	non-cCRE	non-CpG transition	18335070	18335070	2615858.397999996	518443.440776	18151879	-602919.8241629122	18813186.102073777	278488	476922	123664	0.142669670636654	0.007921420132163952	2.0785488594488536e-5	0.14262893107900881	0.1427104101942992
K562_skew	[-0.2,-0.05)	non-cCRE	non-CpG transversion	15184337	15184337	918658.7260000008	130490.44104599992	14973427	-1029478.7950189828	16881981.66099642	228607	413214	118266	0.06050041737087374	0.004933452783289617	1.8025095363690998e-5	0.06046508818396091	0.060535746557786575
K562_skew	[-0.2,-0.05)	pELS	CpG transition	316958	316958	462320.094	904965.511718	316533	-189395.75493370148	1104703.3466906876	11450	80896	75935	1.458616264615501	0.7275999682954872	0.0015151145778447002	1.4556466400429253	1.4615858891880766
K562_skew	[-0.2,-0.05)	pELS	non-CpG transition	703872	703872	101236.943	18858.399121	703203	191417.670960598	1857579.1081562787	51753	162305	136046	0.14382862651163847	0.006105704961666223	9.313674645044217e-5	0.1436460784885956	0.14401117453468135
K562_skew	[-0.2,-0.05)	pELS	non-CpG transversion	628477	628477	43157.913	6090.128967	627574	104403.27098030895	1782668.036645237	44340	155102	139653	0.06867063233817626	0.004974649455021357	8.896855709551363e-5	0.06849625396626906	0.06884501071008346
K562_skew	[-0.5,-0.2)	Other cCREs	CpG transition	179699	179699	384183.337	887273.107715	178193	-157085.02190457145	508130.808029317	1287	9597	14203	2.1379269611962224	0.36682207648591364	0.0014287455880878967	2.1351266198435703	2.1407273025488744
K562_skew	[-0.5,-0.2)	Other cCREs	non-CpG transition	403253	403253	62479.437	12884.482051	401671	-677.478888056705	547900.921632842	10295	14223	32315	0.15493855470387077	0.00794542465631529	1.4036853050262865e-4	0.15466343238408561	0.15521367702365593
K562_skew	[-0.5,-0.2)	Other cCREs	non-CpG transversion	350603	350603	23146.261	3227.188421	348148	-24924.9329012799	524087.305138831	8501	13260	28832	0.0660184339552143	0.004846260197777958	1.175697378930869e-4	0.06578799726894385	0.06624887064148474
K562_skew	[-0.5,-0.2)	PLS	CpG transition	35110	35110	27520.881	40865.865629	35085	17466.81599480216	226933.7348056328	6117	12834	19445	0.7838473654229564	0.5495370293380984	0.003956243976421473	0.7760931272291703	0.7916016036167425
K562_skew	[-0.5,-0.2)	PLS	non-CpG transition	58987	58987	9658.41	2019.648998	58964	76145.412983774	499132.5400394071	15562	21378	29486	0.16373794225846372	0.0074288953160314515	3.548819940419796e-4	0.16304237355014145	0.164433510966786
K562_skew	[-0.5,-0.2)	PLS	non-CpG transversion	75377	75377	6296.718	940.039544	75327	73877.2759930558	557469.8915249313	16913	28044	40372	0.08353633071095957	0.0054929264853315115	2.699494637283767e-4	0.08300722976205195	0.0840654316598672
K562_skew	[-0.5,-0.2)	dELS	CpG transition	553384	553384	1112568.817	2469540.658425	552340	-478471.0888837441	2024471.767700882	11500	58598	134958	2.010482444378587	0.42057776202638497	8.717859264047728e-4	2.0087737439628337	2.01219114479434
K562_skew	[-0.5,-0.2)	dELS	non-CpG transition	1166212	1166212	177942.566	36352.564014	1164660	199870.6168748357	2739147.7079258803	69767	99863	239710	0.15258166268225673	0.007890331536722599	8.225434965730386e-5	0.1524204441569284	0.15274288120758506
K562_skew	[-0.5,-0.2)	dELS	non-CpG transversion	995468	995468	64620.06	8932.976936	993623	88566.93299631604	2474506.1550748553	56500	89593	220114	0.06491425138728718	0.004759790245682095	6.914810063619649e-5	0.06477872111004024	0.06504978166453412
K562_skew	[-0.5,-0.2)	non-cCRE	CpG transition	1413562	1413562	3012790.809	6883927.008529	1405425	-1305081.2747508257	3761190.915331915	5236	65906	21606	2.1313467743190606	0.32727631567985926	4.81171457747337e-4	2.130403678261876	2.1322898703762454
K562_skew	[-0.5,-0.2)	non-cCRE	non-CpG transition	2817693	2817693	437567.951	92631.051623	2793922	-164809.29226478992	2918958.361816181	38693	93436	35405	0.15529298294739705	0.008758877574280491	5.5754174694589586e-5	0.15518370476499566	0.15540226112979844
K562_skew	[-0.5,-0.2)	non-cCRE	non-CpG transversion	2579318	2579318	171483.675	24703.120203	2546649	-305942.2060375804	2983914.5313268285	34520	90531	37324	0.06648411518083462	0.005157248916153845	4.4715346677031925e-5	0.06639647310134764	0.0665717572603216
K562_skew	[-0.5,-0.2)	pELS	CpG transition	99809	99809	139704.319	270877.856135	99672	-46080.54797841224	379187.37056849326	5175	26716	31971	1.3997166487992063	0.754763094356612	0.0027499226363431276	1.3943268004319738	1.4051064971664389
K562_skew	[-0.5,-0.2)	pELS	non-CpG transition	189315	189315	29688.264	6073.13382	189113	82645.18299481063	671226.8651928472	19738	48003	54488	0.15681939624435465	0.007487233823050542	1.9886950153727624e-4	0.1564296120213416	0.1572091804673677
K562_skew	[-0.5,-0.2)	pELS	non-CpG transversion	189194	189194	14054.921	2145.488569	188873	62416.078003254624	687132.5502001961	18734	51337	61349	0.07428840766620506	0.005821414471125747	1.7541251724823554e-4	0.07394459913239852	0.0746322162000116
K562_skew	[-1.0,-0.5)	Other cCREs	CpG transition	57219	57219	121508.478	279859.169796	56820	-49658.9409596004	158731.9032124308	454	3081	7009	2.1235687096943323	0.3814807919294248	0.0025820592636953527	2.1185078735374896	2.128629545851175
K562_skew	[-1.0,-0.5)	Other cCREs	non-CpG transition	110722	110722	17794.493	3786.201175	110257	6530.38602183282	180141.2571086378	3629	4115	14608	0.16071325481837392	0.008366888730477768	2.748938575574135e-4	0.1601744628575614	0.16125204677918645
K562_skew	[-1.0,-0.5)	Other cCREs	non-CpG transversion	97400	97400	6726.341	881.263805	96765	-6478.324980099804	165504.6591929184	2744	3884	13624	0.06905894250513347	0.004278789398362181	2.0959502846810074e-4	0.068648136249336	0.06946974876093095
K562_skew	[-1.0,-0.5)	PLS	CpG transition	14531	14531	11531.691	17173.704839000002	14525	17180.26799530256	145449.05008806387	3942	5626	9068	0.793592388686257	0.5521158040411692	0.006164066821048921	0.7815108177170011	0.8056739596555129
K562_skew	[-1.0,-0.5)	PLS	non-CpG transition	22360	22360	3852.104	859.16677	22350	46617.24300052202	288197.6412270523	8471	8371	13148	0.17227656529516994	0.008745450320685844	6.253961292304527e-4	0.17105078888187825	0.17350234170846163
K562_skew	[-1.0,-0.5)	PLS	non-CpG transversion	29510	29510	2428.694	341.14799	29489	51196.16797755764	324407.7005773508	9836	11261	18323	0.08230071162317858	0.004787174946120028	4.0276807999933573e-4	0.08151128618637987	0.08309013705997728
K562_skew	[-1.0,-0.5)	dELS	CpG transition	174882	174882	349131.326	773827.05396	174540	-145316.15199222564	652583.2944419298	4422	19862	58211	1.996382280623506	0.4393127962615218	0.001584945638504289	1.9932757871720377	1.9994887740749745
K562_skew	[-1.0,-0.5)	dELS	non-CpG transition	327588	327588	51488.515	10785.940535	327118	94844.74591346648	954440.2886681408	25388	29993	94573	0.15717460651794327	0.008221490625946026	1.5842046754597775e-4	0.15686410240155316	0.15748511063433338
K562_skew	[-1.0,-0.5)	dELS	non-CpG transversion	283644	283644	19117.352	2562.812372	283119	42205.22999517782	826965.8449480957	19530	27811	89245	0.06739910592150723	0.004492689541477356	1.2585382045583035e-4	0.0671524324334138	0.06764577940960066
K562_skew	[-1.0,-0.5)	non-cCRE	CpG transition	367477	367477	779273.223	1780829.553135	365480	-323379.50055125024	936188.6989115276	1392	19283	7459	2.12060407318009	0.34913731052102204	9.747271205914915e-4	2.118693608023731	2.1225145383364494
K562_skew	[-1.0,-0.5)	non-cCRE	non-CpG transition	525294	525294	85629.19499999999	18887.027317	521152	-23065.258827743928	563804.4707426757	7777	20529	10830	0.16301194188397353	0.00938227990490748	1.336450791412122e-4	0.16274999752885674	0.1632738862390903
K562_skew	[-1.0,-0.5)	non-cCRE	non-CpG transversion	486938	486938	37967.491	5954.405595	482114	-93669.65475335032	643935.5839383542	6442	20566	11572	0.0779719204498314	0.006148654563256254	1.123707329295786e-4	0.07775167381328942	0.07819216708637337
K562_skew	[-1.0,-0.5)	pELS	CpG transition	31644	31644	44121.065	85444.150267	31607	-8640.824982262335	139737.541383807	2410	8841	12803	1.3942948110226268	0.7561349518284601	0.004888256301815923	1.3847138286710676	1.4038757933741859
K562_skew	[-1.0,-0.5)	pELS	non-CpG transition	55060	55060	9020.357	1929.398121	54989	39231.63999214072	278951.8253000628	8109	14623	20890	0.1638277697057755	0.008202349329630395	3.8596775802734887e-4	0.1630712729000419	0.16458426651150912
K562_skew	[-1.0,-0.5)	pELS	non-CpG transversion	56587	56587	4329.58	633.573972	56485	33692.07099272521	279684.2584911612	8043	16305	24016	0.07651191969887076	0.0053424786114968925	3.0726497710686587e-4	0.0759096803437413	0.07711415905400022
K562_skew	[-1.5,-1.0)	Other cCREs	CpG transition	13230	13230	28454.622	66683.93427	13130	-11302.39099738258	40107.8937498933	174	716	2291	2.150765079365079	0.414598754695492	0.005598015215538518	2.139792969542624	2.1617371891875345
K562_skew	[-1.5,-1.0)	Other cCREs	non-CpG transition	26153	26153	4363.846	955.917458	26036	5563.104003567015	62017.73424777329	1391	1030	5319	0.16685833365197109	0.008709597205803792	5.770829967530051e-4	0.16572725097833518	0.167989416325607
K562_skew	[-1.5,-1.0)	Other cCREs	non-CpG transversion	22807	22807	1536.139	183.249839	22638	419.96200117317545	47243.294955371945	869	937	4648	0.0673538387337221	0.0034984206139357576	3.9165342645168066e-4	0.0665861980178768	0.0681214794495674
K562_skew	[-1.5,-1.0)	PLS	CpG transition	3954	3954	3339.332	5236.109038	3952	7849.011998617791	59626.87708983002	1490	1509	2674	0.8445452706120384	0.6111540577780319	0.01243245847438295	0.8201776520022479	0.868912889221829
K562_skew	[-1.5,-1.0)	PLS	non-CpG transition	6255	6255	1099.527	248.748697	6244	18124.121985691832	112349.2494617767	3090	2401	4235	0.17578369304556354	0.008869488381306466	0.0011907912302355228	0.17344974223430193	0.17811764385682516
K562_skew	[-1.5,-1.0)	PLS	non-CpG transversion	7550	7550	585.95	70.638836	7542	18257.860991220692	116154.17849071824	3275	3074	5252	0.07760927152317881	0.0033333796994295104	6.644601154001277e-4	0.07630692969699457	0.07891161334936306
K562_skew	[-1.5,-1.0)	dELS	CpG transition	40715	40715	82174.974	185202.0984	40638	-30261.302004141387	160172.90161272042	1390	4849	16909	2.018297286012526	0.47523140437319067	0.0034164521814841332	2.011601039736817	2.024993532288235
K562_skew	[-1.5,-1.0)	dELS	non-CpG transition	78796	78796	12568.294	2626.221274	78670	41467.10296523302	329747.4836870103	8862	7619	31330	0.1595042134118483	0.00788787899741287	3.163938506867418e-4	0.1588840814645023	0.16012434535919431
K562_skew	[-1.5,-1.0)	dELS	non-CpG transversion	65270	65270	4190.327	480.492993	65110	19397.225992193344	232289.02450210424	5708	6644	26886	0.06419989275317911	0.0032400442629617315	2.228017846718823e-4	0.06376320125522222	0.064636584251136
K562_skew	[-1.5,-1.0)	non-cCRE	CpG transition	67282	67282	149005.775	355588.327001	66991	-62595.98789952427	186688.4225706607	354	3592	1734	2.2146454475193957	0.38039514488712395	0.0023777601065435193	2.2099850377105703	2.219305857328221
K562_skew	[-1.5,-1.0)	non-cCRE	non-CpG transition	90031	90031	15599.4	3517.214888	89179	42.89904599578553	94078.41928854372	1459	3880	2666	0.1732669858159967	0.009045361206952584	3.169690951518926e-4	0.172645726389499	0.1738882452424944
K562_skew	[-1.5,-1.0)	non-cCRE	non-CpG transversion	82233	82233	5328.2880000000005	602.379958	81272	-9306.122958085269	98685.8585793698	1156	3856	2646	0.06479500930283463	0.0031269273211379733	1.950005455453344e-4	0.06441280823356578	0.06517721037210349
K562_skew	[-1.5,-1.0)	pELS	CpG transition	6936	6936	9849.581	19335.564899	6930	-524.5369993250345	40862.30900948924	754	1977	3270	1.4200664648212227	0.7712336306214446	0.01054480219440479	1.3993986525201894	1.440734277122256
K562_skew	[-1.5,-1.0)	pELS	non-CpG transition	12836	12836	2139.188	454.085786	12816	14124.766994865266	92254.7507294654	2577	3540	6159	0.16665534434403242	0.007602545636414334	7.695992994264297e-4	0.1651469297171566	0.16816375897090824
K562_skew	[-1.5,-1.0)	pELS	non-CpG transversion	12220	12220	865.703	101.879177	12193	10859.754007262649	80090.00533335017	2244	3528	6261	0.07084312602291326	0.003318607928028965	5.211255544852493e-4	0.06982171993612217	0.07186453210970435
K562_skew	[0.05,0.2)	Other cCREs	CpG transition	147837	147837	298229.823	645378.193527	146139	-115401.47993121076	400858.6379596995	1446	7621	7771	2.017288114612715	0.2960220525856106	0.0014150456881565855	2.0145146250639283	2.020061604161502
K562_skew	[0.05,0.2)	Other cCREs	non-CpG transition	2160193	2160193	353805.333	81172.248411	2152065	-227400.7657580054	3441603.3612135486	53943	68918	100728	0.16378413086238128	0.010751150569541788	7.054742960694011e-5	0.1636458579003517	0.16392240382441087
K562_skew	[0.05,0.2)	Other cCREs	non-CpG transversion	1463907	1463907	88070.187	9796.165457	1455713	-18083.64387071994	2145319.14490923	40468	48442	67774	0.06016105326362946	0.003072444710217181	4.581263739203224e-5	0.060071260494341076	0.06025084603291784
K562_skew	[0.05,0.2)	PLS	CpG transition	22857	22857	17748.701	24398.318277	22835	-3014.6530128879253	118510.92162257127	2305	8348	11090	0.7765105219407622	0.46448482672906327	0.004507919495483491	0.7676749997296145	0.7853460441519099
K562_skew	[0.05,0.2)	PLS	non-CpG transition	142785	142785	21536.871	4303.521643	142686	48813.19101400475	755329.4095842037	19026	48220	49235	0.15083426830549426	0.007388947389939919	2.2748354853885947e-4	0.1503884005503581	0.15128013606063043
K562_skew	[0.05,0.2)	PLS	non-CpG transversion	128656	128656	9444.465	1234.279177	128536	37767.502987731954	671259.8486434601	16593	45712	49658	0.07340866341251089	0.004204839490915707	1.807838740762244e-4	0.07305432701932149	0.07376299980570028
K562_skew	[0.05,0.2)	dELS	CpG transition	435384	435384	813079.661	1665128.701257	434614	-364927.2989295248	1552926.853380011	8578	44266	74834	1.8675000941697444	0.336950128443224	8.797242843330563e-4	1.8657758345724516	1.8692243537670372
K562_skew	[0.05,0.2)	dELS	non-CpG transition	5743187	5743187	924549.692	212203.915208	5736233	-271770.59244155744	13598149.38783187	263828	434157	692533	0.1609819934471923	0.011033607957125597	4.3831092501976545e-5	0.16089608450588844	0.16106790238849616
K562_skew	[0.05,0.2)	dELS	non-CpG transversion	3776451	3776451	217275.211	22733.259247	3770586	379054.36179319787	8378491.210420002	196884	291539	472441	0.05753423280217326	0.002709554389753521	2.6785947270309046e-5	0.05748173234552346	0.05758673325882307
K562_skew	[0.05,0.2)	non-cCRE	CpG transition	1409736	1409736	2955090.358	6599384.38512	1398458	-1133532.127067022	3448435.2495155954	7780	56683	14113	2.096201244772071	0.28723149972615813	4.5138501540961895e-4	2.095316530141868	2.0970859594022735
K562_skew	[0.05,0.2)	non-cCRE	non-CpG transition	23631558	23631558	3877066.987999993	888740.413488	23390673	-3321537.002121809	28629592.454932634	304125	622709	133820	0.16406311373968627	0.010691497443836405	2.1270274305649485e-5	0.1640214240020472	0.16410480347732534
K562_skew	[0.05,0.2)	non-cCRE	non-CpG transversion	16935194	16935194	1061823.155000001	132411.00072899996	16717714	-1283665.7852978455	18291532.048283108	237629	443664	99542	0.06269920232387069	0.003887498412417514	1.515095555900914e-5	0.06266950645097503	0.06272889819676634
K562_skew	[0.05,0.2)	pELS	CpG transition	78407	78407	102779.396	183868.424922	78320	-46239.47898559445	274990.4245864429	2955	20759	19777	1.3108446439731145	0.6267454552535299	0.0028272758144623116	1.3053031833767683	1.3163861045694607
K562_skew	[0.05,0.2)	pELS	non-CpG transition	842328	842328	131229.929	28400.611101	841570	39665.20497679711	2253483.9091365985	49620	190631	135847	0.15579433308639865	0.009444944577900924	1.0589100940426448e-4	0.15558678670796627	0.15600187946483102
K562_skew	[0.05,0.2)	pELS	non-CpG transversion	614547	614547	38098.698	4344.274708	613781	91541.13202397832	1602273.5624468392	39379	148440	111677	0.06199476687706554	0.003225722414872568	7.244959207782118e-5	0.06185276567659301	0.06213676807753807
K562_skew	[0.2,0.5)	Other cCREs	CpG transition	36469	36469	74899.819	165226.878577	36043	-30738.849976962894	104189.69403680504	323	2005	2427	2.053794153938962	0.31254985696264104	0.002927505534596731	2.0480562430911524	2.0595320647867714
K562_skew	[0.2,0.5)	Other cCREs	non-CpG transition	445401	445401	70576.954	15437.101364	443313	-58053.35592627992	686784.2693677855	9783	15703	26480	0.15845710719104805	0.009550250109574164	1.4643057872693103e-4	0.15817010325674327	0.15874411112535283
K562_skew	[0.2,0.5)	Other cCREs	non-CpG transversion	317504	317504	19105.925	2013.120663	315202	-12741.45094553184	452865.902633631	7863	12326	18711	0.06017538361721427	0.0027193894128977533	9.254673479192295e-5	0.0599939920170221	0.06035677521740644
K562_skew	[0.2,0.5)	PLS	CpG transition	7687	7687	5717.287	7730.929553	7683	1172.4070054827037	44097.56431144931	1040	2922	3993	0.7437605047482764	0.45259397451070016	0.007673189845015266	0.7287210526520465	0.7587999568445063
K562_skew	[0.2,0.5)	PLS	non-CpG transition	47514	47514	7129.468	1374.563382	47492	27423.99297585174	294367.3438724155	8029	16646	18472	0.15004983794250115	0.006414830972233962	3.67436090892767e-4	0.14932966320435132	0.150770012680651
K562_skew	[0.2,0.5)	PLS	non-CpG transversion	49095	49095	3736.753	499.481405	49057	25752.23196428467	295926.1547746181	7983	18135	21188	0.07611269986760363	0.004380719546821048	2.9871297907937744e-4	0.07552722242860806	0.07669817730659921
K562_skew	[0.2,0.5)	dELS	CpG transition	111795	111795	211237.252	440777.138616	111586	-96640.67800176996	413875.1001161278	2332	12096	24280	1.8895053624938505	0.3724995814045046	0.0018253733446721388	1.885927630738293	1.893083094249408
K562_skew	[0.2,0.5)	dELS	non-CpG transition	1296374	1296374	201342.144	43461.236176	1294589	-60626.4420442693	3078143.6013782974	60251	109166	201248	0.15531177268288318	0.009403490257501248	8.516857547891762e-5	0.15514484227494452	0.15547870309082185
K562_skew	[0.2,0.5)	dELS	non-CpG transversion	903602	903602	52231.638	5265.98113	901957	77265.06988566564	2059654.9328182023	47443	78661	145082	0.057803809641855594	0.002486488471975672	5.24571429499536e-5	0.057700993641673685	0.0579066256420375
K562_skew	[0.2,0.5)	non-cCRE	CpG transition	283235	283235	603070.221	1365495.323977	281323	-249461.99776632403	747450.9519946896	1415	13524	4250	2.129222098257631	0.28748272673014863	0.0010074706852305152	2.127247455714579	2.1311967408006827
K562_skew	[0.2,0.5)	non-cCRE	non-CpG transition	3566909	3566909	559433.767	122340.78976100001	3533971	-569404.9382960969	4455216.594739844	44360	117125	32479	0.1568399325578533	0.009700063885621436	5.2148435348922855e-5	0.15673772162456942	0.1569421434911372
K562_skew	[0.2,0.5)	non-cCRE	non-CpG transversion	2651167	2651167	163457.689	18540.909033	2619144	-223662.50422452012	2972725.676999087	37620	89878	27202	0.06165499532847234	0.003192152427008386	3.469950406987995e-5	0.06158698430049537	0.061723006356449304
K562_skew	[0.2,0.5)	pELS	CpG transition	21964	21964	27606.719	49365.418395	21934	-9857.932996536603	79851.25142493568	1118	6153	6868	1.256907621562557	0.6677741145364544	0.005513902375050441	1.246100372907458	1.267714870217656
K562_skew	[0.2,0.5)	pELS	non-CpG transition	206158	206158	31149.216	6304.614244	205959	29142.301983885347	616847.5946487958	15215	50878	44039	0.15109389885427682	0.007752139157564277	1.939146782021428e-4	0.1507138260850006	0.15147397162355303
K562_skew	[0.2,0.5)	pELS	non-CpG transversion	168318	168318	11047.941	1316.054775	168074	38251.753041991265	509912.6363252487	13495	45133	40531	0.06563731151748477	0.0035106235849985913	1.4441983751392013e-4	0.06535424863595748	0.06592037439901205
K562_skew	[0.5,1.0)	Other cCREs	CpG transition	8886	8886	18613.776	41808.554282	8778	-7867.129996570996	26117.495289524897	58	478	666	2.0947305874409183	0.3171309338240095	0.005974012799166198	2.0830215223545525	2.106439652527284
K562_skew	[0.5,1.0)	Other cCREs	non-CpG transition	104145	104145	15811.896	3211.022004	103662	-16090.088990688564	157759.6166306267	2046	3915	6896	0.15182578136252342	0.007781231170082206	2.7334110563117825e-4	0.1512900327954863	0.15236152992956054
K562_skew	[0.5,1.0)	Other cCREs	non-CpG transversion	72653	72653	4417.1050000000005	480.016009	71983	-6224.8549874470355	101053.9108129032	1491	2934	4770	0.06079728297523847	0.002910697935138183	2.0015746540684153e-4	0.06040497434304106	0.061189591607435874
K562_skew	[0.5,1.0)	PLS	CpG transition	2041	2041	1526.918	2132.0884499999997	2041	809.4440012953714	12725.591681598216	337	770	1125	0.7481224889759921	0.4851797820479196	0.01541806403867222	0.7179030834601945	0.7783418944917897
K562_skew	[0.5,1.0)	PLS	non-CpG transition	12912	12912	1896.628	349.51051	12904	9325.471997237068	89058.81308334108	2435	4685	5029	0.14688878562577448	0.0054927678952953795	6.522271381369996e-4	0.14561042043502595	0.148167150816523
K562_skew	[0.5,1.0)	PLS	non-CpG transversion	13644	13644	1079.025	156.014963	13632	9854.47100237804	91825.74841637096	2561	5066	6163	0.07908421284080916	0.005180760847280356	6.162059920449482e-4	0.07787644909640105	0.08029197658521726
K562_skew	[0.5,1.0)	dELS	CpG transition	29387	29387	56250.295	119114.468205	29340	-25662.598980224	110450.8104264967	634	3251	7068	1.9141217204886514	0.38945609343244486	0.0036404211186906593	1.9069864950960176	1.9212569458812851
K562_skew	[0.5,1.0)	dELS	non-CpG transition	323591	323591	48280.76	9691.009166	323119	-16564.560985602322	774118.9133000225	15229	28791	56967	0.14920303716728833	0.007686804713542047	1.541255739307317e-4	0.1489009510423841	0.14950512329219257
K562_skew	[0.5,1.0)	dELS	non-CpG transversion	223697	223697	13130.476	1373.873572	223284	12914.74301653414	524719.7183459242	11524	21333	41710	0.058697595408074316	0.002696276215205323	1.0978730147160327e-4	0.05848241229718997	0.05891277851895866
K562_skew	[0.5,1.0)	non-cCRE	CpG transition	54852	54852	115252.2	259671.357284	54456	-46767.304973900675	144937.00936047427	349	2970	1199	2.1011485451761103	0.31921687709711594	0.002412385384473266	2.0964202698225427	2.105876820529678
K562_skew	[0.5,1.0)	non-cCRE	non-CpG transition	706489	706489	105684.506	21178.873466	701042	-129462.11186882285	910360.6121453831	8421	26939	8466	0.149591155700938	0.007600137686382902	1.0371893003452736e-4	0.14938786659807032	0.1497944448038057
K562_skew	[0.5,1.0)	non-cCRE	non-CpG transversion	508729	508729	32627.655	4025.483339	503436	-55191.328813168	588361.7528389717	6737	20948	7274	0.064135630168518	0.003799452997778778	8.642060265676781e-5	0.06396624578731074	0.06430501454972527
K562_skew	[0.5,1.0)	pELS	CpG transition	5857	5857	7166.793	12832.881867	5846	-1929.819005299942	22427.00214152592	377	1743	1966	1.2236286494792554	0.6938846699645866	0.01088443861303277	1.2022951497977112	1.2449621491607996
K562_skew	[0.5,1.0)	pELS	non-CpG transition	53951	53951	7896.459	1506.875573	53895	10808.001013020994	179625.06283164982	4503	13888	12687	0.1463635335767641	0.0065082841708240784	3.4732296849009536e-4	0.14568278055852352	0.14704428659500468
K562_skew	[0.5,1.0)	pELS	non-CpG transversion	45561	45561	3169.165	412.216569	45489	12713.43197918544	157880.49409515757	4266	12987	12666	0.06955872346963411	0.004209251473559197	3.039525648610891e-4	0.06896297644250637	0.07015447049676185
K562_skew	[1.0,1.5)	Other cCREs	CpG transition	1873	1873	3987.763	9069.074871	1864	-1689.6630021886672	5646.062712939522	14	104	142	2.129077949813134	0.30919690097186375	0.012848389018032959	2.1038951073377894	2.1542607922884787
K562_skew	[1.0,1.5)	Other cCREs	non-CpG transition	19286	19286	2803.048	527.97396	19195	-3132.606998641277	28092.413808332378	341	766	1379	0.14534107642849733	0.006252317676912286	5.693763668324727e-4	0.14422509874950568	0.146457054107489
K562_skew	[1.0,1.5)	Other cCREs	non-CpG transversion	13347	13347	812.783	83.823263	13224	-1736.7609905243148	18573.04803618973	238	563	992	0.060896306286056794	0.0025721400035890823	4.3899085352142454e-4	0.060035884213154804	0.06175672835895878
K562_skew	[1.0,1.5)	PLS	CpG transition	359	359	312.006	475.40891800000003	359	59.18399992678308	2276.229342351796	51	134	190	0.8690974930362116	0.5705175575076643	0.039864588257716674	0.7909629000510869	0.9472320860213364
K562_skew	[1.0,1.5)	PLS	non-CpG transition	2342	2342	334.257	58.613969	2341	1742.7230004644953	16600.214672509774	455	803	866	0.14272288642186165	0.004659481056509091	0.0014105072729636318	0.13995829216685293	0.14548748067687037
K562_skew	[1.0,1.5)	PLS	non-CpG transversion	2669	2669	235.619	37.616145	2666	2284.75100384152	17771.471875220384	535	968	1162	0.08827988010490821	0.00630274660028547	0.001536705467672473	0.08526793738827017	0.09129182282154626
K562_skew	[1.0,1.5)	dELS	CpG transition	6603	6603	12751.099	27123.801331	6599	-5764.646994001116	25446.754522836763	159	751	1736	1.9311069210964713	0.37868309610931555	0.007572988738232619	1.9162638631695355	1.9459499790234072
K562_skew	[1.0,1.5)	dELS	non-CpG transition	62908	62908	8895.202	1616.914116	62822	-3467.7279993678667	145657.91298763122	2956	5768	11282	0.14140017167927765	0.005708919930661867	3.0124790609420676e-4	0.140809725783333	0.1419906175752223
K562_skew	[1.0,1.5)	dELS	non-CpG transversion	43936	43936	2614.134	272.682312	43842	2329.0940017529065	104391.53586130126	2356	4298	8902	0.0594986798980335	0.0026663204716839447	2.463462274082628e-4	0.059015841292313305	0.059981518503753696
K562_skew	[1.0,1.5)	non-cCRE	CpG transition	7545	7545	15862.278	35863.102096	7502	-6716.114000180504	22406.786680095443	63	501	250	2.1023562624254475	0.33336991070607147	0.006647120890332298	2.0893279054803964	2.1153846193704986
K562_skew	[1.0,1.5)	non-cCRE	non-CpG transition	121589	121589	17391.4	3224.50216	120692	-26474.725992268777	163053.26769585782	1315	4958	1537	0.14303432053886456	0.00606091948037957	2.2326575436446927e-4	0.1425967196603102	0.1434719214174189
K562_skew	[1.0,1.5)	non-cCRE	non-CpG transversion	85391	85391	5355.014	562.2386300000001	84596	-10312.075957515744	99315.78676327328	1099	3967	1521	0.06271169092761532	0.0026515592823392322	1.7621570871167763e-4	0.06236630813854043	0.06305707371669021
K562_skew	[1.0,1.5)	pELS	CpG transition	1250	1250	1510.735	2755.919613	1250	-275.49399813008495	5532.233377723029	92	370	475	1.208588	0.7446464538190554	0.024407317817721066	1.1607496570772666	1.2564263429227334
K562_skew	[1.0,1.5)	pELS	non-CpG transition	10583	10583	1488.609	265.522385	10572	1607.5179993769834	33327.17362868142	854	2761	2509	0.1406603987527166	0.005304672979882562	7.079863912651336e-4	0.13927274542583695	0.14204805207959625
K562_skew	[1.0,1.5)	pELS	non-CpG transversion	9598	9598	726.698	99.431494	9586	2790.525998775616	33266.56241100844	925	2728	2879	0.07571348197541154	0.004627556327543231	6.943612624405243e-4	0.07435253390102811	0.07707443004979497
K562_skew	[1.5,Inf)	Other cCREs	CpG transition	513	513	1123.907	2607.932477	511	-480.3080005410594	1681.9732060573958	4	22	44	2.1908518518518516	0.2844116108217598	0.023545882826793714	2.144701921511336	2.237001782192367
K562_skew	[1.5,Inf)	Other cCREs	non-CpG transition	6663	6663	933.506	162.8669	6645	-1560.5319965068486	10258.156129942874	109	233	415	0.1401029566261444	0.004815363159975151	8.501187917428443e-4	0.13843672379432842	0.14176918945796035
K562_skew	[1.5,Inf)	Other cCREs	non-CpG transversion	4154	4154	247.838	23.94536	4112	-513.8399968720041	5788.25414553278	77	198	238	0.05966249398170438	0.002205327911524766	7.286237796746399e-4	0.05823439137354209	0.06109059658986667
K562_skew	[1.5,Inf)	PLS	CpG transition	67	67	52.342	80.767448	67	47.41999967023733	457.0874357498679	14	24	40	0.7812238805970149	0.6041913279059249	0.09496199773341579	0.5950983650395198	0.9673493961545099
K562_skew	[1.5,Inf)	PLS	non-CpG transition	680	680	92.172	14.848384	680	449.0360025217529	4025.0665521171886	128	224	250	0.1355470588235294	0.0034679535995841646	0.002258302850393268	0.1311207852367586	0.13997333241030022
K562_skew	[1.5,Inf)	PLS	non-CpG transversion	768	768	68.495	10.692011	768	618.7419964484873	5018.733714763726	151	274	347	0.08918619791666667	0.005975492012643959	0.0027893706383573615	0.08371903146548623	0.0946533643678471
K562_skew	[1.5,Inf)	dELS	CpG transition	2160	2160	4274.281	9190.991103	2159	-1952.219000259763	8396.141618775015	39	266	583	1.9788337962962963	0.3394624387831735	0.01253628878391414	1.9542626702798245	2.003404922312768
K562_skew	[1.5,Inf)	dELS	non-CpG transition	21590	21590	2940.85	499.250964	21557	-2053.967994526029	48307.31227772153	901	2043	3792	0.13621352477999074	0.004570263543969812	4.6009159649352003e-4	0.13531174525086345	0.13711530430911803
K562_skew	[1.5,Inf)	dELS	non-CpG transversion	14314	14314	842.856	82.362104	14290	144.33900581300298	34366.9576513404	716	1493	2912	0.05888333100461087	0.002286867544384665	3.997053847593343e-4	0.058099908450482574	0.05966675355873917
K562_skew	[1.5,Inf)	non-cCRE	CpG transition	1560	1560	3365.077	7771.854605	1555	-1514.4119991781197	5740.049367466437	23	109	64	2.1571006410256413	0.32908585708746513	0.014524202989904983	2.1286332031654274	2.185568078885855
K562_skew	[1.5,Inf)	non-cCRE	non-CpG transition	42415	42415	5678.297	950.766097	42173	-14335.775992879524	65923.23409285511	383	1854	558	0.13387473771071554	0.004493459128623971	3.254847626952196e-4	0.1332367875758329	0.13451268784559817
K562_skew	[1.5,Inf)	non-cCRE	non-CpG transversion	24392	24392	1455.001	139.113151	24185	-4013.533988223761	32560.658072315284	346	1316	513	0.05965074614627747	0.0021451049857086684	2.965518041085469e-4	0.05906950461022471	0.06023198768233022
K562_skew	[1.5,Inf)	pELS	CpG transition	383	383	489.449	935.054441	383	-131.3469989523291	1793.913640772676	34	108	158	1.277934725848564	0.8103941554139952	0.04599903947839252	1.1877766084709147	1.3680928432262134
K562_skew	[1.5,Inf)	pELS	non-CpG transition	3743	3743	502.865	83.811029	3739	538.4530035227075	10268.701956012294	292	993	920	0.13434811648410366	0.004343148958904655	0.0010771903368867026	0.13223682342380572	0.1364594095444016
K562_skew	[1.5,Inf)	pELS	non-CpG transversion	3419	3419	266.356	36.803916	3412	1209.1830039698405	11367.029266746596	333	1003	1086	0.07790465048259725	0.004696765627869318	0.001172060133682035	0.07560741262058046	0.08020188834461403
SKNSH_skew	(-Inf,-1.5)	Other cCREs	CpG transition	6190	6190	13650.796	32298.268242	6170	-5759.650002408191	18089.097261117815	34	225	772	2.2052982229402263	0.35453095515922556	0.007568011021220991	2.190464921338633	2.2201315245418196
SKNSH_skew	(-Inf,-1.5)	Other cCREs	non-CpG transition	5413	5413	819.63	157.271476	5367	616.5150044818876	6151.9350445341515	144	228	856	0.15141880657675966	0.006127878707592479	0.0010639863752699612	0.14933339328123052	0.1535042198722888
SKNSH_skew	(-Inf,-1.5)	Other cCREs	non-CpG transversion	5828	5828	396.253	45.549717	5775	-1420.4800005614525	10616.403195369232	113	196	875	0.06799124914207275	0.0031934066507132743	7.402311232115146e-4	0.06654039614057818	0.06944210214356732
SKNSH_skew	(-Inf,-1.5)	PLS	CpG transition	2103	2103	1709.598	2614.319244	2103	5660.628001165112	43685.84762559581	970	830	1336	0.8129329529243937	0.5825550397461285	0.016643660389707444	0.7803113785605671	0.8455545272882203
SKNSH_skew	(-Inf,-1.5)	PLS	non-CpG transition	1539	1539	213.036	36.187756	1534	5473.335000091932	36624.894176307134	860	601	971	0.13842495126705653	0.0043551743055080284	0.0016822225902314886	0.1351277949902028	0.14172210754391026
SKNSH_skew	(-Inf,-1.5)	PLS	non-CpG transversion	2539	2539	185.961	21.177857	2537	8272.028993583637	56996.886635303	1376	1025	1682	0.07324182749113825	0.002977830385311442	0.0010829754908899059	0.07111919552899404	0.07536445945328246
SKNSH_skew	(-Inf,-1.5)	dELS	CpG transition	18426	18426	38582.378	88504.62757	18407	-13832.974996192264	67135.10087046254	538	1912	6490	2.093909584283078	0.41881229261152864	0.004767538147016645	2.0845652095149254	2.1032539590512305
SKNSH_skew	(-Inf,-1.5)	dELS	non-CpG transition	17066	17066	2404.723	429.773083	17041	9456.629988869883	62586.53516949582	1803	1558	7588	0.140907242470409	0.005328461539105224	5.58772529446433e-4	0.139812048312694	0.142002436628124
SKNSH_skew	(-Inf,-1.5)	dELS	non-CpG transversion	17549	17549	1058.734	108.361498	17513	2934.0390037260936	57747.28380450855	1347	1725	7386	0.06033016126275001	0.002535212277504196	3.8008521628662273e-4	0.05958519423882823	0.06107512828667179
SKNSH_skew	(-Inf,-1.5)	non-cCRE	CpG transition	32029	32029	72575.658	174560.302086	31922	-31478.53197855026	95791.90876628854	156	1204	673	2.2659358081738423	0.3156150812420899	0.0031391146943208314	2.2597831433729736	2.272088472974711
SKNSH_skew	(-Inf,-1.5)	non-cCRE	non-CpG transition	23356	23356	3652.227	701.522051	22978	1390.7770093441936	20055.210183822863	302	864	576	0.15637210995033396	0.005584055191283313	4.889625728418779e-4	0.15541374330756388	0.15733047659310403
SKNSH_skew	(-Inf,-1.5)	non-cCRE	non-CpG transversion	22971	22971	1540.511	175.015385	22691	-6702.868997523212	39085.50974845644	291	912	651	0.06706329720081843	0.0031216211565463655	3.686380387229502e-4	0.06634076664492145	0.0677858277567154
SKNSH_skew	(-Inf,-1.5)	pELS	CpG transition	2554	2554	4110.307	8582.216803	2553	177.0729979387256	15828.193630307918	277	661	1105	1.6093606108065779	0.7705642847150204	0.017369766945055324	1.5753158675942696	1.6434053540188862
SKNSH_skew	(-Inf,-1.5)	pELS	non-CpG transition	2312	2312	333.593	60.900937	2311	3195.8419999865587	21198.121972892113	537	585	1204	0.14428762975778547	0.005524705203899207	0.0015458261142149625	0.14125781057392414	0.1473174489416468
SKNSH_skew	(-Inf,-1.5)	pELS	non-CpG transversion	2660	2660	162.165	15.191765	2658	3034.629001355615	23146.073789438244	580	731	1334	0.060964285714285714	0.0019952958281846027	8.660896106080676e-4	0.0592667500774939	0.06266182135107752
SKNSH_skew	[-0.05,0.05)	Other cCREs	CpG transition	1018583	1018583	2125227.778	4732458.901768	1011152	-780300.7166811116	2727476.5085412045	11238	44903	42165	2.0864551813646997	0.2928251164655488	5.361742470155724e-4	2.085404279840549	2.0875060828888503
SKNSH_skew	[-0.05,0.05)	Other cCREs	non-CpG transition	10004643	10004643	1487340.9259999995	298332.42683	9973624	361816.93755773705	14492218.847842086	311706	281703	355190	0.14866506740920185	0.007718096040392585	2.7775014296042212e-5	0.1486106283811816	0.1487195064372221
SKNSH_skew	[-0.05,0.05)	Other cCREs	non-CpG transversion	6612008	6612008	397172.276	57198.053932	6580989	207389.8414763889	9955531.891912822	212388	192464	243243	0.060068329620895804	0.005042429437983142	2.7615520267162328e-5	0.060014203201172164	0.06012245604061944
SKNSH_skew	[-0.05,0.05)	PLS	CpG transition	81305	81305	71822.307	110245.598171	81236	-20153.88198899721	376520.6266197797	6717	28231	36371	0.883368882602546	0.575617523005916	0.0026607763767047456	0.8781537609042047	0.8885840043008872
SKNSH_skew	[-0.05,0.05)	PLS	non-CpG transition	343940	343940	49360.019	9030.182093	343703	135835.2299435852	1543670.485393284	40925	104799	98808	0.14351345874280397	0.0056590123327086485	1.2827114656265189e-4	0.14326204729554118	0.14376487019006676
SKNSH_skew	[-0.05,0.05)	PLS	non-CpG transversion	293546	293546	21765.259	3167.804761	293218	71632.96291340106	1379606.7696432583	33123	95165	99638	0.07414599074761706	0.005293900657706693	1.3429189747845996e-4	0.07388277862855928	0.07440920286667484
SKNSH_skew	[-0.05,0.05)	dELS	CpG transition	2677656	2677656	5242496.32	11137539.171974	2673598	-2145066.4718860616	9158312.973265843	52775	236446	347441	1.9578677470145531	0.3261901601227612	3.4902620638091236e-4	1.9571836556500466	1.9585518383790597
SKNSH_skew	[-0.05,0.05)	dELS	non-CpG transition	23193704	23193704	3356030.627999994	657083.364638	23167881	3193862.7823065897	48873048.1559771	1218787	1542540	2090769	0.14469576002177117	0.007393384414002326	1.7854043502962966e-5	0.14466076609650536	0.144730753947037
SKNSH_skew	[-0.05,0.05)	dELS	non-CpG transversion	15007758	15007758	872928.8550000004	119868.39891699998	14986105	1959555.4603652037	32883479.861419138	805510	1012960	1428703	0.0581651739720217	0.0046039085121598955	1.751481011709265e-5	0.0581308449441922	0.0581995029998512
SKNSH_skew	[-0.05,0.05)	non-cCRE	CpG transition	13569495	13569495	29313188.751	67062498.51821898	13459314	-10740311.73062317	32110745.57075122	71175	431588	81866	2.160226946618131	0.27557094516606867	1.4250656445005634e-4	2.159947633751809	2.1605062594844533
SKNSH_skew	[-0.05,0.05)	non-cCRE	non-CpG transition	156907607	156907607	23883449.7060002	5020777.063379931	155381788	-8739804.014671717	161226862.14764246	2224167	3244999	484873	0.15221345964444033	0.008829365195882535	7.501407193905699e-6	0.15219875688634027	0.1522281624025404
SKNSH_skew	[-0.05,0.05)	non-cCRE	non-CpG transversion	103276656	103276656	6341587.329999997	1085863.779704005	101883252	-5158357.506710383	108692300.23378272	1543976	2146061	349503	0.061403879401362466	0.006743689714577578	8.08067622910072e-6	0.06138804127595343	0.0614197175267715
SKNSH_skew	[-0.05,0.05)	pELS	CpG transition	437963	437963	641474.247	1219141.507137	437504	-284687.816910264	1425563.3540803334	12134	105006	81579	1.4646768037482618	0.6383865663099016	0.0012073221230888807	1.4623104523870076	1.467043155109516
SKNSH_skew	[-0.05,0.05)	pELS	non-CpG transition	3130222	3130222	446917.056	84868.77459	3127839	475717.3518698923	6841666.731922147	170634	633540	363456	0.14277487539222458	0.0067280385662674145	4.6361413267723034e-5	0.14268400702221984	0.14286574376222932
SKNSH_skew	[-0.05,0.05)	pELS	non-CpG transversion	2167780	2167780	133180.405	18733.750299	2165359	239756.3500150369	5038630.861066184	118349	462787	288882	0.061436310418953956	0.0048674876893345645	4.738543025371437e-5	0.061343434975656676	0.061529185862251236
SKNSH_skew	[-0.2,-0.05)	Other cCREs	CpG transition	1021156	1021156	2184611.298	5001791.05082	1013046	-850220.1895864794	2930149.2497242508	10082	45497	51281	2.139351184344018	0.32134228703025286	5.609677487007343e-4	2.1382516875565645	2.140450681131471
SKNSH_skew	[-0.2,-0.05)	Other cCREs	non-CpG transition	2095850	2095850	285673.804	51715.53534	2086665	158736.83131276033	2886573.5057555847	65769	66294	108933	0.13630450843333253	0.006096292201155626	5.3932777783845465e-5	0.1361988001888762	0.13641021667778885
SKNSH_skew	[-0.2,-0.05)	Other cCREs	non-CpG transversion	1744957	1744957	109855.324	14577.145592	1732782	11291.119288206326	2675720.674607618	53694	57074	92510	0.06295589174976804	0.004390429160460382	5.0160415170316624e-5	0.06285757733603421	0.06305420616350187
SKNSH_skew	[-0.2,-0.05)	PLS	CpG transition	97279	97279	90831.049	145793.377399	97177	-12266.177994661031	476262.20948937774	9496	33593	43485	0.9337169275999959	0.6268929192215641	0.002538558251547602	0.9287413534269626	0.9386925017730292
SKNSH_skew	[-0.2,-0.05)	PLS	non-CpG transition	156464	156464	22646.355	4111.055017	156360	114761.53096136912	900065.1451056376	26980	53429	60922	0.14473843823499336	0.005325584723447504	1.8449153092672403e-4	0.14437683483437697	0.14510004163560974
SKNSH_skew	[-0.2,-0.05)	PLS	non-CpG transversion	174794	174794	13982.907	1979.204137	174626	83130.81599674412	978336.9182633816	26202	61723	75690	0.07999649301463437	0.004923656066605745	1.67834250612332e-4	0.0796675378834342	0.08032544814583453
SKNSH_skew	[-0.2,-0.05)	dELS	CpG transition	3115087	3115087	6243325.751	13629238.859025	3109814	-2628274.794793448	11339541.929828528	63202	288394	476587	2.0042219530305254	0.35832985957691266	3.3916139234450767e-4	2.00355719670153	2.004886709359521
SKNSH_skew	[-0.2,-0.05)	dELS	non-CpG transition	5774512	5774512	781989.62	139047.757008	5766458	1258926.7775752037	12604847.749068132	346489	446274	804318	0.13542090136794244	0.00574074892354092	3.153019324008365e-5	0.13535910218919187	0.135482700546693
SKNSH_skew	[-0.2,-0.05)	dELS	non-CpG transversion	4683928	4683928	291164.129	37516.261321	4675304	597252.7208007649	10977041.739606308	268595	367466	678649	0.062162383580618666	0.004145411542320208	2.9749434918455605e-5	0.062104074688178496	0.062220692473058836
SKNSH_skew	[-0.2,-0.05)	non-cCRE	CpG transition	10706861	10706861	23497562.988	54736816.500494	10598379	-9254358.063071445	28108067.216765903	54574	395727	98634	2.194626696657405	0.2959259260549079	1.6624952969366278e-4	2.1943008475792056	2.1949525457356045
SKNSH_skew	[-0.2,-0.05)	non-cCRE	non-CpG transition	23107652	23107652	3044777.568999992	558132.076211	22827553	471753.2467040493	23578410.449621934	412857	590286	151697	0.1317649049327899	0.006791570865001593	1.714380463791465e-5	0.13173130307569958	0.1317985067898802
SKNSH_skew	[-0.2,-0.05)	non-cCRE	non-CpG transversion	19689519	19689519	1180083.173000001	155903.19899499978	19347134	-635860.5120737643	22483469.27319592	352091	518892	143168	0.05993458616231311	0.004325926230603277	1.4822518505124949e-5	0.05990553402604307	0.05996363829858316
SKNSH_skew	[-0.2,-0.05)	pELS	CpG transition	493822	493822	742746.751	1447945.044661	493256	-317957.07489331067	1685063.9085388123	15292	120065	102113	1.5040778883889339	0.6698704182470547	0.0011646895605240942	1.5017950968503067	1.506360679927561
SKNSH_skew	[-0.2,-0.05)	pELS	non-CpG transition	847672	847672	116509.845	20633.434655	846889	273091.7230029689	2223466.975377146	65081	194687	160794	0.137446848545192	0.005449665772759956	8.01809162908706e-5	0.1372896939492619	0.13760400314112212
SKNSH_skew	[-0.2,-0.05)	pELS	non-CpG transversion	768539	768539	52500.529	7154.885303	767464	143340.18699530463	2139916.764926124	54761	187422	161708	0.06831212079022665	0.0046431833226219165	7.772754662706545e-5	0.0681597747988376	0.0684644667816157
SKNSH_skew	[-0.5,-0.2)	Other cCREs	CpG transition	200002	200002	426733.317	977680.881995	198658	-171186.4448982313	562118.8475539427	1760	9951	16254	2.1336452485475146	0.3359151593293517	0.0012959780094803878	2.131105131648933	2.1361853654460963
SKNSH_skew	[-0.5,-0.2)	Other cCREs	non-CpG transition	359410	359410	55555.841	11517.852629	357428	10401.50703792042	515198.1888911552	10155	12721	31981	0.15457511198909324	0.008153113263097875	1.50614456705167e-4	0.1542799076539511	0.15487031632423537
SKNSH_skew	[-0.5,-0.2)	Other cCREs	non-CpG transversion	326613	326613	21728.588	2894.947942	323798	-20346.39996315236	506541.84700988897	8479	12267	29155	0.06652701515248934	0.004437711531976173	1.1656355940321905e-4	0.06629855057605903	0.06675547972891964
SKNSH_skew	[-0.5,-0.2)	PLS	CpG transition	31093	31093	26256.425	40417.384745	31073	14206.123014094312	208975.7269586936	5348	11364	16600	0.8444481072910301	0.5868132107783712	0.004344288191698145	0.8359333024353017	0.8529629121467586
SKNSH_skew	[-0.5,-0.2)	PLS	non-CpG transition	55314	55314	8737.804	1794.242136	55279	72678.4619784509	483176.97327955	14775	20240	27130	0.15796731388075352	0.007483859289922741	3.6782841352994407e-4	0.15724637019023482	0.15868825757127222
SKNSH_skew	[-0.5,-0.2)	PLS	non-CpG transversion	67632	67632	5494.475	786.905807	67582	68492.84098632552	526537.9419696585	15601	25466	35492	0.08124075881239651	0.005035124258465166	2.728531557579409e-4	0.08070596662711094	0.08177555099768208
SKNSH_skew	[-0.5,-0.2)	dELS	CpG transition	627839	627839	1259840.424	2764960.069242	626798	-520500.5579454547	2259383.2904796526	14080	63897	145209	2.0066297633629007	0.3773692853186072	7.752809805777357e-4	2.005110212640968	2.008149314084833
SKNSH_skew	[-0.5,-0.2)	dELS	non-CpG transition	1085352	1085352	163599.978	33028.475134	1083341	252652.21177694167	2746175.488854946	73065	95422	239836	0.15073448798177919	0.0077102395596813	8.428467771851249e-5	0.1505692900134509	0.15089968595010747
SKNSH_skew	[-0.5,-0.2)	dELS	non-CpG transversion	962295	962295	62659.885	8153.394681	959926	108435.3780107656	2519306.3866461404	58989	87043	219494	0.06511504788032776	0.004232898957126583	6.632310288114919e-5	0.06498505459868072	0.06524504116197481
SKNSH_skew	[-0.5,-0.2)	non-cCRE	CpG transition	1764910	1764910	3790687.439	8652615.351609	1754232	-1607322.349675524	4631648.284354036	6946	75333	22272	2.1478077856661244	0.2895035138344339	4.050098986696846e-4	2.1470139662647316	2.148601605067517
SKNSH_skew	[-0.5,-0.2)	non-cCRE	non-CpG transition	2461531	2461531	387202.726	84364.430212	2428762	-121808.00554199833	2671743.3608188475	37957	83885	33821	0.15730158425792728	0.009529369125386192	6.221991596041135e-5	0.1571796332226449	0.15742353529320968
SKNSH_skew	[-0.5,-0.2)	non-cCRE	non-CpG transversion	2340219	2340219	152338.983	19792.110333	2301380	-273281.19420712	2888134.1421029717	34633	81643	35075	0.06509603716575244	0.0042198830339049915	4.246410315639731e-5	0.06501280752356589	0.06517926680793898
SKNSH_skew	[-0.5,-0.2)	pELS	CpG transition	102764	102764	152082.245	296119.786325	102637	-51436.50797409882	381499.58564811904	4960	26050	29709	1.4799175294850335	0.6914026062499381	0.0025938508857075047	1.4748335817490468	1.4850014772210203
SKNSH_skew	[-0.5,-0.2)	pELS	non-CpG transition	174960	174960	26904.338	5430.970124	174768	88947.38998599256	666980.8163407348	19808	44672	51601	0.15377422267946958	0.0073947408326767135	2.0558531695177845e-4	0.15337127545824408	0.15417716990069508
SKNSH_skew	[-0.5,-0.2)	pELS	non-CpG transversion	175112	175112	12743.474	1827.252208	174838	63810.97502668542	666990.9794830044	18285	47152	55874	0.07277327653159121	0.005138842509179077	1.7130683838400846e-4	0.07243751512835855	0.07310903793482387
SKNSH_skew	[-1.0,-0.5)	Other cCREs	CpG transition	61111	61111	131609.814	304225.254968	60700	-51806.00197476162	168488.6571159406	503	2979	6433	2.1536190538528253	0.3401710336045426	0.0023593315189172855	2.148994764075747	2.1582433436299033
SKNSH_skew	[-1.0,-0.5)	Other cCREs	non-CpG transition	86179	86179	14004.507	3154.339313	85700	4727.914010339071	137611.20219170357	2709	3031	11141	0.16250486777521206	0.010194466739863638	3.439390849427927e-4	0.1618307471687242	0.16317898838169992
SKNSH_skew	[-1.0,-0.5)	Other cCREs	non-CpG transversion	80930	80930	5199.235	574.392011	80327	-6519.355968942053	129080.00068821282	1988	3083	10195	0.06424360558507351	0.002970188786663499	1.9157430420769906e-4	0.06386811994882642	0.0646190912213206
SKNSH_skew	[-1.0,-0.5)	PLS	CpG transition	11116	11116	9791.425	15495.890595	11108	12657.332990224357	113285.52783610656	2970	4173	6445	0.8808406801007556	0.6181920952626594	0.007457400279809894	0.8662241755523281	0.895457184649183
SKNSH_skew	[-1.0,-0.5)	PLS	non-CpG transition	18334	18334	3081.55	728.242854	18325	40590.35799698741	258020.2932949662	7301	6894	10359	0.1680784335115087	0.011471158959941651	7.909973626685082e-4	0.16652807868067843	0.16962878834233897
SKNSH_skew	[-1.0,-0.5)	PLS	non-CpG transversion	23272	23272	1698.679	193.321783	23249	40740.22899064036	270577.0582825626	7818	9036	13441	0.07299239429357168	0.0029792933545524456	3.577995416003554e-4	0.07229110719203499	0.07369368139510837
SKNSH_skew	[-1.0,-0.5)	dELS	CpG transition	191801	191801	386869.313	854645.165415	191447	-150665.02897485613	700450.398244193	5037	20399	57193	2.0170349111839876	0.3874674401889191	0.0014213210014391768	2.014249122021167	2.0198207003468083
SKNSH_skew	[-1.0,-0.5)	dELS	non-CpG transition	265766	265766	41203.618	8847.901622	265271	91160.80891995726	849683.8733543165	22809	24208	81579	0.15503720566212384	0.009255574752546092	1.8661733638432597e-4	0.15467143568281055	0.15540297564143712
SKNSH_skew	[-1.0,-0.5)	dELS	non-CpG transversion	244130	244130	15018.148	1622.161128	243584	39187.791967433994	740379.5353039422	17302	23122	75314	0.061517011428337355	0.002860330177289622	1.0824242377587912e-4	0.06130485627773663	0.06172916657893808
SKNSH_skew	[-1.0,-0.5)	non-cCRE	CpG transition	395078	395078	867686.746	2032347.364608	392535	-352347.1396395063	1039307.2412000892	1710	18765	7010	2.196241618110854	0.3206909578629439	9.009525817467717e-4	2.1944757510506303	2.198007485171078
SKNSH_skew	[-1.0,-0.5)	non-cCRE	non-CpG transition	422121	422121	71347.204	17030.110498000002	416963	-22116.95785849774	476252.97158483526	6458	16160	8488	0.1690207404985774	0.011776161388744757	1.6702573644205128e-4	0.16869337005515098	0.16934811094200383
SKNSH_skew	[-1.0,-0.5)	non-cCRE	non-CpG transversion	403304	403304	26193.641	2982.236689	397529	-67673.71884045098	536745.1157776803	5575	16878	8993	0.06494763503461409	0.003176325623921211	8.874548033500707e-5	0.06477369389315749	0.0651215761760707
SKNSH_skew	[-1.0,-0.5)	pELS	CpG transition	30142	30142	45213.282	88787.03402	30103	-11092.76899410738	129731.4734229036	1985	7939	10515	1.5000093557162764	0.6956201857059054	0.0048039674404113586	1.49059357953307	1.5094251318994827
SKNSH_skew	[-1.0,-0.5)	pELS	non-CpG transition	41249	41249	6594.268	1440.32778	41192	32349.740005269185	231109.0239237036	6567	10805	15593	0.15986491793740454	0.009361318544480876	4.7638908190522443e-4	0.1589311953368703	0.16079864053793877
SKNSH_skew	[-1.0,-0.5)	pELS	non-CpG transversion	43565	43565	2942.534	335.99203	43479	25543.235990137768	223495.05676735504	6142	12172	17139	0.06754353265235855	0.0031503739025416583	2.689132437511992e-4	0.06701646269460619	0.0680706026101109
SKNSH_skew	[-1.5,-1.0)	Other cCREs	CpG transition	13325	13325	29503.382	69980.349396	13232	-11114.768993081994	35298.48744693002	98	604	1634	2.2141374859287057	0.34943000211091124	0.005120902257735119	2.204100517503545	2.2241744543538666
SKNSH_skew	[-1.5,-1.0)	Other cCREs	non-CpG transition	17488	17488	2936.344	698.551976	17356	453.65700156474486	22429.01804407072	413	682	2542	0.16790622140896616	0.011752819248762548	8.197868661978789e-4	0.1662994391512183	0.169513003666714
SKNSH_skew	[-1.5,-1.0)	Other cCREs	non-CpG transversion	16513	16513	1012.898	101.151414	16329	-1955.9959983020108	23174.205596301417	313	657	2266	0.06133942954036214	0.002363180020435215	3.782991911029854e-4	0.060597963125800285	0.06208089595492399
SKNSH_skew	[-1.5,-1.0)	PLS	CpG transition	3623	3623	3154.219	5059.438625	3622	7080.350003793836	54372.60844483501	1351	1404	2234	0.8706097157052167	0.6386926886079534	0.013277362277574025	0.8445860856411717	0.8966333457692618
SKNSH_skew	[-1.5,-1.0)	PLS	non-CpG transition	4562	4562	724.151	158.385835	4559	13024.993991442028	83143.01828026383	2218	1762	2854	0.15873542306006136	0.009523661402243694	0.001444855224718163	0.15590350681961376	0.16156733930050896
SKNSH_skew	[-1.5,-1.0)	PLS	non-CpG transversion	6178	6178	435.729	46.227043	6172	15162.594992084783	97490.26859116122	2709	2530	3876	0.07052913564260278	0.0025085726494389407	6.372199871192754e-4	0.069280184467849	0.07177808681735656
SKNSH_skew	[-1.5,-1.0)	dELS	CpG transition	42632	42632	88482.773	201091.130137	42574	-30839.16200040177	150225.5361523827	1272	4582	14837	2.075501337023832	0.40920964725021214	0.003098168815697496	2.069428926145065	2.081573747902599
SKNSH_skew	[-1.5,-1.0)	dELS	non-CpG transition	53346	53346	8302.739	1828.180301	53252	21099.70700133627	178924.72339835291	4964	4917	20344	0.15563939189442508	0.010046809485085262	4.33973442470868e-4	0.15478880394718217	0.156489979841668
SKNSH_skew	[-1.5,-1.0)	dELS	non-CpG transversion	48977	48977	2817.334	261.571288	48854	8054.852010323432	146646.93115382234	3502	4833	18321	0.057523613124527834	0.0020317718258212485	2.0367671274909162e-4	0.05712440676753961	0.05792281948151606
SKNSH_skew	[-1.5,-1.0)	non-cCRE	CpG transition	85446	85446	192274.215	462043.443695	85054	-72708.05290220551	216388.78205586216	394	4303	1670	2.2502424338178497	0.34384511876626445	0.002006021407441377	2.2463106318592647	2.2541742357764347
SKNSH_skew	[-1.5,-1.0)	non-cCRE	non-CpG transition	76184	76184	13197.252	3137.778658	75266	-1358.9069671101156	76307.24375709693	1062	3107	1728	0.17322865693583955	0.011178824918895004	3.8305945948012327e-4	0.1724778603952585	0.1739794534764206
SKNSH_skew	[-1.5,-1.0)	non-cCRE	non-CpG transversion	70120	70120	4222.7	420.294216	69130	-10919.917966546376	87639.15851074677	846	3021	1685	0.060221049629207074	0.002367386724436277	1.837442046707583e-4	0.059860910988052386	0.06058118827036176
SKNSH_skew	[-1.5,-1.0)	pELS	CpG transition	6578	6578	10133.852	20485.071252	6571	-1053.4960004880568	36644.97374841795	633	1750	2564	1.5405673456977806	0.7409441652221156	0.01061318676154092	1.5197654996451604	1.561369191750401
SKNSH_skew	[-1.5,-1.0)	pELS	non-CpG transition	7717	7717	1216.413	267.889273	7704	8459.944008616963	55688.07562669035	1566	1986	3437	0.1576277050667358	0.00986895844954079	0.0011308666851468686	0.15541120636384792	0.15984420376962366
SKNSH_skew	[-1.5,-1.0)	pELS	non-CpG transversion	8222	8222	505.461	47.590627	8205	6688.171006102348	52857.373160562005	1470	2379	3747	0.061476648017513985	0.002009071769422133	4.943209187269834e-4	0.0605077790168091	0.06244551701821887
SKNSH_skew	[0.05,0.2)	Other cCREs	CpG transition	122960	122960	250522.983	548686.0984969999	121355	-102345.4639387459	344944.3502319349	1028	7014	6084	2.037434799934938	0.3111757150699906	0.0015908195549644555	2.0343167936072075	2.0405528062626686
SKNSH_skew	[0.05,0.2)	Other cCREs	non-CpG transition	2945561	2945561	493128.384	117394.92608	2934308	-389913.4908180784	4939915.77511832	73775	90200	128279	0.16741407969483574	0.01182739156603106	6.336661047741531e-5	0.1672898811383	0.16753827825137146
SKNSH_skew	[0.05,0.2)	Other cCREs	non-CpG transversion	1843676	1843676	111886.461	12160.435631	1832678	-45840.94383398236	2814671.9304520553	52359	59235	80438	0.060686617930699314	0.002912891220347898	3.9748416521288224e-5	0.060608711034317586	0.06076452482708104
SKNSH_skew	[0.05,0.2)	PLS	CpG transition	24656	24656	17448.869	23284.455757	24641	157.43500093463868	134265.64091302783	2900	9235	13120	0.7076926103179753	0.443561959330505	0.00424146449508277	0.699379339907613	0.7160058807283375
SKNSH_skew	[0.05,0.2)	PLS	non-CpG transition	169809	169809	26469.102	5497.28199	169711	48994.593989059205	872580.2143851692	21773	56051	57710	0.15587573096832322	0.008076129320614425	2.1808273248730993e-4	0.15544828881264808	0.15630317312399836
SKNSH_skew	[0.05,0.2)	PLS	non-CpG transversion	145162	145162	10938.518	1453.253762	145044	44418.75096741924	766578.0857465079	18954	51419	56850	0.0753538667144294	0.004333079371006078	1.7277139925484555e-4	0.0750152347718899	0.07569249865696889
SKNSH_skew	[0.05,0.2)	dELS	CpG transition	353847	353847	668471.905	1393356.194799	353135	-312053.18097725784	1311702.8059700036	6898	37575	63816	1.8891552139766623	0.36882997143202956	0.0010209520453374917	1.887154147967801	1.8911562799855237
SKNSH_skew	[0.05,0.2)	dELS	non-CpG transition	7788909	7788909	1283013.488	307303.818002	7779602	-806601.3654802906	18986571.67755927	340773	571153	867512	0.16472313234112762	0.012320317228387377	3.9771560379666724e-5	0.16464518008278348	0.16480108459947176
SKNSH_skew	[0.05,0.2)	dELS	non-CpG transversion	4703201	4703201	271823.302	27875.91518	4695735	359193.86753814144	10680474.495553846	242504	355389	551665	0.057795382761655315	0.002586703392875696	2.3451819698832844e-5	0.0577494171950456	0.05784134832826503
SKNSH_skew	[0.05,0.2)	non-cCRE	CpG transition	1135782	1135782	2412134.87	5458681.293956	1126445	-1008245.4791545208	3000768.9583163387	5197	50956	12940	2.1237657138429733	0.2957189457165792	5.102606568532018e-4	2.122765602955541	2.1247658247304058
SKNSH_skew	[0.05,0.2)	non-cCRE	non-CpG transition	35109711	35109711	5949550.042	1434868.440346001	34720214	-5964827.61260711	44865175.02146408	437712	866664	173672	0.16945596738178792	0.012152811358810257	1.8604789086437474e-5	0.1694195019951785	0.16949243276839734
SKNSH_skew	[0.05,0.2)	non-cCRE	non-CpG transversion	22947300	22947300	1447791.632000001	168426.53623599946	22603861	-2117957.0541657037	24969620.93912612	310277	568447	119224	0.063092025292736	0.0033591068809991046	1.2098906334452606e-5	0.06306831143632047	0.06311573914915153
SKNSH_skew	[0.05,0.2)	pELS	CpG transition	70161	70161	89256.111	161241.693399	70084	-37347.55999467569	251101.47283853928	3069	19436	19686	1.2721613289434301	0.6797822208226579	0.003112698208286234	1.2660604404551892	1.2782622174316711
SKNSH_skew	[0.05,0.2)	pELS	non-CpG transition	1111278	1111278	177386.663	40093.766531	1110374	-32561.64506507944	2978239.370715701	60210	244655	165348	0.15962402117201996	0.010599152219162307	9.766168347423845e-5	0.15943260427241046	0.15981543807162946
SKNSH_skew	[0.05,0.2)	pELS	non-CpG transversion	742162	742162	46039.853	5158.776881	741304	88132.28901048105	1929566.0497534457	46007	174916	128240	0.06203477542638939	0.0031027027012750868	6.465777043143904e-5	0.06190804619634377	0.06216150465643501
SKNSH_skew	[0.2,0.5)	Other cCREs	CpG transition	37104	37104	76857.054	171277.477156	36389	-30610.09498794843	102696.51763335807	282	2321	2052	2.071395375161708	0.325475863187515	0.002961754302902779	2.065590336728018	2.0772004135953974
SKNSH_skew	[0.2,0.5)	Other cCREs	non-CpG transition	419720	419720	65709.449	13780.280009	417641	-55588.78892741098	646149.4156893175	9052	14834	22774	0.15655543934051272	0.008322492791562898	1.40814339277983e-4	0.15627944323552787	0.15683143544549757
SKNSH_skew	[0.2,0.5)	Other cCREs	non-CpG transversion	300358	300358	18150.76	1882.180866	297866	-15407.925952964122	448941.64711965277	7624	11601	15926	0.060430419699159	0.002614631326525744	9.330085599326397e-5	0.0602475500214122	0.0606132893769058
SKNSH_skew	[0.2,0.5)	PLS	CpG transition	8405	8405	5685.633	7502.807279	8397	2469.818994711154	51578.60612408043	1295	3220	4621	0.6764584176085663	0.4351157754303848	0.007195045683187222	0.6623561280695194	0.6905607071476132
SKNSH_skew	[0.2,0.5)	PLS	non-CpG transition	44813	44813	6864.085	1313.268283	44792	27858.23799702933	285500.00722190505	7874	16070	17712	0.15317173588021332	0.005844070077672632	0.00036112345613930887	0.15246393390618027	0.15387953785424638
SKNSH_skew	[0.2,0.5)	PLS	non-CpG transversion	44748	44748	3464.976	474.391514	44712	24672.14899046359	273825.1286831471	7408	16623	19153	0.07743309198176455	0.004605620682445603	3.2081692265934283e-4	0.07680429081335224	0.07806189315017686
SKNSH_skew	[0.2,0.5)	dELS	CpG transition	106571	106571	204754.938	434438.074896	106319	-95848.86697950878	405737.9384986224	2116	11761	21955	1.9213007103245723	0.38512026906386637	0.0019009849022977243	1.9175747799160687	1.9250266407330758
SKNSH_skew	[0.2,0.5)	dELS	non-CpG transition	1218747	1218747	187948.297	39289.340381	1217050	-73260.76300019234	2881579.1934089307	55515	101278	179036	0.1542143668866467	0.008455422829466985	8.329345659831732e-5	0.15405111171171398	0.1543776220615794
SKNSH_skew	[0.2,0.5)	dELS	non-CpG transversion	852411	852411	49818.244	4988.737094	850601	68088.23801714834	1975016.5563147056	45015	73960	129369	0.05844392435104662	0.0024368125788787297	5.346708918194369e-5	0.058339128856250005	0.05854871984584323
SKNSH_skew	[0.2,0.5)	non-cCRE	CpG transition	268952	268952	571158.896	1294486.945794	266539	-240208.08276533152	724572.4718833108	1324	13947	3891	2.123646211963473	0.30320586231083313	0.0010617723410152953	2.121565138175083	2.125727285751863
SKNSH_skew	[0.2,0.5)	non-cCRE	non-CpG transition	3747530	3747530	577953.941	119066.213871	3714460	-580264.1752590943	4610346.124552707	45104	120608	30313	0.1542226322404357	0.00798729930475429	4.6166549911008316e-5	0.15413214580261012	0.15431311867826128
SKNSH_skew	[0.2,0.5)	non-cCRE	non-CpG transversion	2739583	2739583	166294.772	17651.442118	2700434	-247407.40723523463	3089046.7735091425	38394	91804	25074	0.060700760663210424	0.002758531397594543	3.173194803662798e-5	0.060638566045058635	0.06076295528136221
SKNSH_skew	[0.2,0.5)	pELS	CpG transition	21322	21322	26894.913	48962.786809	21284	-9076.75399879855	83226.23045949236	1244	5986	6547	1.2613691492355315	0.7053315172565247	0.005751520548111734	1.2500961689612324	1.2726421295098305
SKNSH_skew	[0.2,0.5)	pELS	non-CpG transition	194609	194609	29558.456	5877.593742	194401	26283.807019695163	595763.2305872052	14460	47660	39052	0.15188637730012486	0.0071326304241082624	1.9144472318882141e-4	0.15151114564267476	0.15226160895757496
SKNSH_skew	[0.2,0.5)	pELS	non-CpG transversion	155395	155395	10316.97	1221.175916	155170	35208.69902823201	474704.6075072737	12523	40922	35106	0.06639190450143183	0.0034506649485556897	1.490159911560847e-4	0.0660998331587659	0.06668397584409776
SKNSH_skew	[0.5,1.0)	Other cCREs	CpG transition	9935	9935	21141.229	48437.087405	9818	-8738.12799531501	29408.9804985896	74	503	629	2.127954604932058	0.3472429837454027	0.0059119779274056945	2.116367128194343	2.1395420816697732
SKNSH_skew	[0.5,1.0)	Other cCREs	non-CpG transition	95365	95365	14590.298	2934.862704	94891	-15550.552973280775	146115.3549377575	1869	3498	5671	0.1529942641430294	0.007367883036182269	2.779565130835141e-4	0.15244946937738574	0.1535390589086731
SKNSH_skew	[0.5,1.0)	Other cCREs	non-CpG transversion	66684	66684	4031.729	414.762001	65989	-4565.381980683306	95565.978047374	1477	2715	3916	0.060460215344010554	0.0025644136804179127	1.9610254101503792e-4	0.06007585436362108	0.060844576324400025
SKNSH_skew	[0.5,1.0)	PLS	CpG transition	2269	2269	1696.828	2434.368944	2267	1297.5700033920596	15439.512629089477	420	839	1223	0.7478307624504187	0.5138574810461998	0.0150488770454432	0.7183349634413501	0.7773265614594873
SKNSH_skew	[0.5,1.0)	PLS	non-CpG transition	11807	11807	1818.232	344.841014	11803	9449.319997555813	87058.38985872826	2347	4295	4586	0.15399610400609806	0.0054921539743168135	6.820270043161656e-4	0.15265933107763838	0.15533287693455775
SKNSH_skew	[0.5,1.0)	PLS	non-CpG transversion	11699	11699	900.963	122.877785	11691	8098.996995375261	81595.56407298337	2210	4308	4995	0.0770119668347722	0.004572820338916322	6.251981710898886e-4	0.07578657841943602	0.07823735525010837
SKNSH_skew	[0.5,1.0)	dELS	CpG transition	32366	32366	63252.493	136610.125579	32310	-28318.74698483058	122988.17316891448	676	3481	7331	1.9542882345671384	0.40156102895287266	0.003522339915757396	1.947384448332254	1.9611920208020228
SKNSH_skew	[0.5,1.0)	dELS	non-CpG transition	289869	289869	43793.189	8827.427049	289493	-24069.271973837887	688586.9068692607	13116	25360	47412	0.15107924269238862	0.0076282487883980185	1.622226674261639e-4	0.15076128626423335	0.1513971991205439
SKNSH_skew	[0.5,1.0)	dELS	non-CpG transversion	201675	201675	11779.478	1186.12018	201244	17559.33798329381	484726.6290232741	11061	18453	34561	0.05840822114788645	0.0024698365876084016	1.1066443654735084e-4	0.05819131885225364	0.05862512344351926
SKNSH_skew	[0.5,1.0)	non-cCRE	CpG transition	62375	62375	133256.525	306779.498101	61788	-55608.09595123681	172355.6005435745	359	3403	1171	2.136377154308617	0.3542069200058503	0.002382995605578411	2.1317064829216834	2.1410478256955505
SKNSH_skew	[0.5,1.0)	non-cCRE	non-CpG transition	733412	733412	107581.397	20632.509611	728018	-126793.19480986524	912184.1520200385	8183	26587	7128	0.14668616957453653	0.006615399233979941	9.497384562111809e-5	0.14650002083711913	0.14687231831195394
SKNSH_skew	[0.5,1.0)	non-cCRE	non-CpG transversion	498724	498724	31105.718	3357.995546	491804	-47996.51681707847	564490.5125896025	6798	19565	6032	0.06237060578596579	0.00284308738705169	7.550313251282031e-5	0.06222261964624066	0.06251859192569091
SKNSH_skew	[0.5,1.0)	pELS	CpG transition	6018	6018	7631.098	14064.526724	6011	-1926.0659999504	25206.53857221355	419	1710	1961	1.2680455300764373	0.729258270820136	0.011008156367750179	1.246469543595647	1.2896215165572276
SKNSH_skew	[0.5,1.0)	pELS	non-CpG transition	47038	47038	7004.926	1342.409998	46995	9446.013029138676	160630.48144496253	3984	11834	10317	0.14892057485437307	0.006361638524303334	3.6775625678626495e-4	0.148199772591072	0.14964137711767414
SKNSH_skew	[0.5,1.0)	pELS	non-CpG transversion	38769	38769	2662.203	329.173205	38709	11858.018979851278	136096.0180802285	3669	10632	9533	0.068668343263948	0.0037753852547897193	3.120601681176547e-4	0.06805670533443739	0.0692799811934586
SKNSH_skew	[1.0,1.5)	Other cCREs	CpG transition	2006	2006	4319.073	9945.016499	1986	-1866.9779985339849	6022.574266360463	4	109	189	2.153077268195414	0.3220541660964728	0.01267065297086587	2.128242788372517	2.1779117480183112
SKNSH_skew	[1.0,1.5)	Other cCREs	non-CpG transition	17486	17486	2521.084	461.668254	17427	-3214.86100327794	25966.76773332831	312	626	1104	0.14417728468489077	0.0056153965351716855	5.666892546880643e-4	0.14306657374570217	0.14528799562407937
SKNSH_skew	[1.0,1.5)	Other cCREs	non-CpG transversion	11800	11800	714.503	67.618411	11674	-1037.1339977064638	16398.547691220512	228	475	741	0.06055110169491526	0.002064112821906768	4.1824014084713073e-4	0.059731351018854885	0.061370852370975636
SKNSH_skew	[1.0,1.5)	PLS	CpG transition	376	376	272.783	384.026763	376	338.05100005213166	3296.241890507708	84	132	223	0.7254867021276596	0.49633686382269504	0.036332421479888646	0.6542751560270779	0.7966982482282414
SKNSH_skew	[1.0,1.5)	PLS	non-CpG transition	2674	2674	405.365	73.132247	2673	2243.6119981530364	20370.766132339668	540	956	1005	0.15159498878085265	0.004369975448129315	0.0012783765544070473	0.14908937073421483	0.15410060682749047
SKNSH_skew	[1.0,1.5)	PLS	non-CpG transversion	2320	2320	198.22	30.224424	2319	2137.3590033329097	19805.92851891075	516	880	947	0.0854396551724138	0.005730304248263966	0.001571610234027504	0.08235929911371989	0.0885200112311077
SKNSH_skew	[1.0,1.5)	dELS	CpG transition	6837	6837	13466.98	29254.44695	6829	-5813.131002661774	25414.81716161927	157	758	1740	1.9697206377065963	0.39910159690140723	0.0076402741587343675	1.954745700355477	1.9846955750577158
SKNSH_skew	[1.0,1.5)	dELS	non-CpG transition	54683	54683	7893.263	1469.889647	54595	-4088.308989431824	130305.14423873051	2515	4817	9315	0.14434582959969278	0.0060445859883771665	3.3247356001967816e-4	0.1436941814220542	0.14499747777733135
SKNSH_skew	[1.0,1.5)	dELS	non-CpG transversion	38039	38039	2256.552	217.190122	37957	2851.796008304462	91125.60106325796	2080	3593	7043	0.05932206419727123	0.0021906198904127244	2.399766396359981e-4	0.058851709983584674	0.05979241841095778
SKNSH_skew	[1.0,1.5)	non-cCRE	CpG transition	10987	10987	23222.463	52468.125919	10896	-9784.05700007291	30107.357582561297	72	586	251	2.113630927459725	0.30806571185243525	0.005295196968562442	2.1032523414013427	2.1240095135181076
SKNSH_skew	[1.0,1.5)	non-cCRE	non-CpG transition	122964	122964	17266.453	3035.875199	122029	-26694.067976098733	162769.96903453517	1240	4768	1388	0.14041876484174232	0.004971749189121962	2.0107848973604841e-4	0.14002465100185965	0.14081287868162498
SKNSH_skew	[1.0,1.5)	non-cCRE	non-CpG transversion	75261	75261	4529.483	424.859403	74439	-7908.23896442354	90010.63187613086	1040	3198	1105	0.060183667503753605	0.002023099975605841	1.6395462800317432e-4	0.05986231643286738	0.06050501857463983
SKNSH_skew	[1.0,1.5)	pELS	CpG transition	1198	1198	1542.149	2898.792159	1193	-257.1170009975322	5814.652524786745	96	363	426	1.2872696160267112	0.7632670074469706	0.025241190589519274	1.2377968824712535	1.3367423495821689
SKNSH_skew	[1.0,1.5)	pELS	non-CpG transition	9340	9340	1343.924	241.259098	9336	2173.8429967171983	33294.53203363879	856	2436	2215	0.14388907922912206	0.005127220375423638	7.409135786227308e-4	0.14243688861502152	0.1453412698432226
SKNSH_skew	[1.0,1.5)	pELS	non-CpG transversion	7589	7589	555.361	71.671117	7576	2628.9229985907436	28856.568154579123	779	2182	2078	0.07317973382527342	0.004089344602406738	7.340651026745865e-4	0.07174096622403123	0.0746185014265156
SKNSH_skew	[1.5,Inf)	Other cCREs	CpG transition	452	452	988.569	2292.269335	449	-436.894000340253	1365.4056113021388	2	21	61	2.187099557522124	0.2886264135696494	0.025269626279829174	2.1375710900136586	2.236628025030589
SKNSH_skew	[1.5,Inf)	Other cCREs	non-CpG transition	6258	6258	892.786	153.99535	6236	-1303.377999852646	9155.163895322255	89	199	379	0.14266315116650685	0.004255663404612276	8.246427705638296e-4	0.14104685133620173	0.14427945099681197
SKNSH_skew	[1.5,Inf)	Other cCREs	non-CpG transversion	3617	3617	222.341	20.695485	3589	-412.7689972728258	5000.37475396954	65	159	241	0.06147110865358032	0.0019435667120725384	7.330362835478614e-4	0.06003435753782651	0.06290785976933412
SKNSH_skew	[1.5,Inf)	PLS	CpG transition	73	73	72.416	119.167048	73	32.399999648332575	449.3813784257955	16	23	39	0.992	0.6573663333333334	0.09489477469724128	0.8060062415934071	1.177993758406593
SKNSH_skew	[1.5,Inf)	PLS	non-CpG transition	927	927	139.24	24.257566	927	915.7490017184756	8369.39661420165	220	355	352	0.1502049622437972	0.0036101804073149875	0.001973442992917324	0.14633701397767926	0.15407291050991515
SKNSH_skew	[1.5,Inf)	PLS	non-CpG transversion	628	628	61.332	10.655722	628	587.6620010840711	5380.660095861941	132	225	243	0.0976624203821656	0.007441611536078182	0.003442339306084405	0.09091543534224017	0.10440940542209104
SKNSH_skew	[1.5,Inf)	dELS	CpG transition	1881	1881	3721.666	8030.1492260000005	1881	-1839.7219983292744	7382.479695445735	38	206	617	1.9785571504518873	0.3545852926097481	0.013729855333926956	1.9516466339973904	2.0054676669063842
SKNSH_skew	[1.5,Inf)	dELS	non-CpG transition	19371	19371	2661.235	444.146671	19347	-1874.6109976602029	43531.941458247886	846	1719	3230	0.1373824273398379	0.004054710737133013	4.5751350477152075e-4	0.13648570087048573	0.1382791538091901
SKNSH_skew	[1.5,Inf)	dELS	non-CpG transversion	11761	11761	731.187	71.546331	11735	652.7520001082449	28838.703225109464	623	1130	2146	0.06217047870079075	0.0022183745910038188	4.343054868763954e-4	0.06131923994651302	0.06302171745506849
SKNSH_skew	[1.5,Inf)	non-cCRE	CpG transition	2000	2000	4390.615	10305.059303	1987	-2266.997998550186	7125.021154961764	13	129	89	2.1953074999999997	0.3333212925900453	0.012909711317261229	2.1700044658181676	2.220610534181832
SKNSH_skew	[1.5,Inf)	non-cCRE	non-CpG transition	39134	39134	5533.021	937.756547	38677	-9461.611990748675	52257.60427074164	350	1352	470	0.14138654367046558	0.003972653048677509	3.186127847801735e-4	0.14076206261229643	0.14201102472863472
SKNSH_skew	[1.5,Inf)	non-cCRE	non-CpG transversion	25837	25837	1652.519	155.174421	25643	-3321.586988002294	29113.30259828308	280	1094	337	0.06395939931106552	0.0019151686952267105	2.7225914387261896e-4	0.06342577138907518	0.06449302723305586
SKNSH_skew	[1.5,Inf)	pELS	CpG transition	288	288	410.782	825.432972	288	-117.61499840626504	1200.1044383229917	19	75	105	1.4263263888888889	0.834577579510259	0.05383157825797006	1.3208164955032675	1.5318362822745102
SKNSH_skew	[1.5,Inf)	pELS	non-CpG transition	3305	3305	463.537	77.033823	3302	634.2989984136077	10669.5799981834	300	852	839	0.14025325264750377	0.0036383931681398455	0.0010492260915873801	0.1381967695079925	0.14230973578701503
SKNSH_skew	[1.5,Inf)	pELS	non-CpG transversion	2398	2398	203.024	30.351988	2396	545.4339990529697	8098.228209091068	219	700	660	0.08466388657214345	0.005491525695693428	0.0015132891582915553	0.08169783982189201	0.0876299333223949
mean_skew	(-Inf,-1.5)	Other cCREs	CpG transition	5140	5140	11341.681	26880.908351	5127	-4948.241996007622	15326.580073778096	20	199	726	2.206552723735409	0.3609440063654138	0.008379890770874796	2.190128137824494	2.2229773096463235
mean_skew	(-Inf,-1.5)	Other cCREs	non-CpG transition	4286	4286	703.648	141.078816	4250	467.5970018066	4154.209193794399	92	198	693	0.16417358842743818	0.0059646205017992926	0.0011796830112164474	0.16186140972545393	0.16648576712942242
mean_skew	(-Inf,-1.5)	Other cCREs	non-CpG transversion	4373	4373	304.662	34.613834	4330	-1082.6889999319103	7655.972946206471	69	172	682	0.06966887720100617	0.0030622997562184486	8.368239691908958e-4	0.06802870222139201	0.07130905218062034
mean_skew	(-Inf,-1.5)	PLS	CpG transition	1231	1231	1168.539	1943.267593	1231	3269.3510021776874	25575.623965370447	558	454	797	0.9492599512591389	0.678065299850079	0.023469656505424163	0.9032594245085075	0.9952604780097702
mean_skew	(-Inf,-1.5)	PLS	non-CpG transition	1187	1187	183.159	33.536805	1186	4352.4110050092	28644.33936754447	676	468	834	0.15430412805391744	0.0044473989964355296	0.0019356538129536394	0.1505102465805283	0.15809800952730657
mean_skew	(-Inf,-1.5)	PLS	non-CpG transversion	1664	1664	121.169	13.491667	1662	5633.541996321759	38793.855935553234	909	630	1179	0.07281790865384616	0.002807212162550882	0.0012988558580514316	0.07027215117206535	0.07536366613562696
mean_skew	(-Inf,-1.5)	dELS	CpG transition	14032	14032	29798.38	69178.871986	14021	-11246.956999616115	50430.28346000839	366	1451	5267	2.1236017673888257	0.42042474183423606	0.005473742272309807	2.1128732325350983	2.134330302242553
mean_skew	(-Inf,-1.5)	dELS	non-CpG transition	12557	12557	1850.553	335.435241	12524	7579.218996405953	46150.11605372056	1345	1249	6159	0.14737222266464922	0.004994833723420308	6.30692360553805e-4	0.14613606563796377	0.14860837969133467
mean_skew	(-Inf,-1.5)	dELS	non-CpG transversion	12060	12060	753.141	78.784055	12026	1643.9380019167438	40183.982323197015	906	1201	5547	0.06244950248756219	0.0026329525041060555	4.6724843837053765e-4	0.061533695548355936	0.06336530942676845
mean_skew	(-Inf,-1.5)	non-cCRE	CpG transition	32868	32868	74047.288	177484.32119	32805	-30628.93296364846	89110.5105874666	92	1423	589	2.2528686868686867	0.32450496568754345	0.0031421291685033697	2.24671011369842	2.259027260038953
mean_skew	(-Inf,-1.5)	non-cCRE	non-CpG transition	20702	20702	3439.024	678.360646	20360	1683.9040134887907	13073.297458867348	207	927	489	0.16612037484301034	0.005172150621993682	4.998381837466025e-4	0.165140692002867	0.1671000576831537
mean_skew	(-Inf,-1.5)	non-cCRE	non-CpG transversion	19502	19502	1280.063	137.585869	19253	-5780.657991890447	29286.3216821245	174	897	531	0.06563752435647627	0.002746818248278341	3.7529725327939943e-4	0.06490194174004864	0.0663731069729039
mean_skew	(-Inf,-1.5)	pELS	CpG transition	1976	1976	3309.264	7082.576132	1976	-33.95800479361789	11777.84833663483	205	492	921	1.6747287449392714	0.7799780185353352	0.019867705400530143	1.6357880423542324	1.7136694475243104
mean_skew	(-Inf,-1.5)	pELS	non-CpG transition	1912	1912	295.413	54.684489	1912	2836.0659975432795	18108.815943117897	471	494	1127	0.1545047071129707	0.0047314442478471885	0.001573087642865982	0.15142145533295337	0.15758795889298804
mean_skew	(-Inf,-1.5)	pELS	non-CpG transversion	2053	2053	128.221	12.142301	2050	2353.766004528386	17968.832594825093	449	608	1154	0.06245543107647346	0.0020147188947093066	9.90632917659003e-4	0.06051379055786181	0.0643970715950851
mean_skew	[-0.05,0.05)	Other cCREs	CpG transition	1256490	1256490	2625867.82	5850055.230654	1247429	-966359.6726189224	3398742.46222005	14098	53859	50626	2.089843787057597	0.28842407804009773	4.7911110617577797e-4	2.0889047292894927	2.0907828448257013
mean_skew	[-0.05,0.05)	Other cCREs	non-CpG transition	10853263	10853263	1612910.6359999997	325406.301142	10818338	367411.89354612975	15920076.16319602	340902	303703	382423	0.14861066538238313	0.007897218211788983	2.6974717532292554e-5	0.14855779493601984	0.14866353582874642
mean_skew	[-0.05,0.05)	Other cCREs	non-CpG transversion	7130027	7130027	429216.612	60438.11188	7095087	246725.8775631474	10845429.808982242	233074	205319	257729	0.06019845534946783	0.0048527080865158325	2.608834303658088e-5	0.06014732219711613	0.06024958850181952
mean_skew	[-0.05,0.05)	PLS	CpG transition	93075	93075	85345.007	133311.887025	92999	-27570.07898219302	433959.0769229541	7309	32037	39876	0.9169487724952995	0.5915173691659031	0.0025209673928726197	0.9120076764052691	0.9218898685853298
mean_skew	[-0.05,0.05)	PLS	non-CpG transition	371032	371032	53114.477	9750.584259	370779	134964.29294758264	1650271.324894403	43196	113056	105663	0.14315335873994695	0.0057867630433423006	1.2488554283899192e-4	0.14290858307598253	0.14339813440391136
mean_skew	[-0.05,0.05)	PLS	non-CpG transversion	312292	312292	23041.053	3282.889277	311973	68698.52292564316	1468064.1428659323	34312	101340	104107	0.07378047788608097	0.00506869994864239	1.2739954062556205e-4	0.07353077478645487	0.07403018098570707
mean_skew	[-0.05,0.05)	dELS	CpG transition	3377617	3377617	6618574.917	14051276.320419	3372465	-2707415.4848272596	11651843.57065496	67386	293940	424831	1.959539792996068	0.3203192422205046	3.0795432886601736e-4	1.9589362025114907	1.9601433834806454
mean_skew	[-0.05,0.05)	dELS	non-CpG transition	25226647	25226647	3651882.191999992	720950.214856	25197906	3263210.357167375	53712251.16431491	1324779	1671032	2255260	0.14476288473850654	0.007622623079457353	1.738290904228744e-5	0.14472881423678366	0.14479695524022942
mean_skew	[-0.05,0.05)	dELS	non-CpG transversion	16204272	16204272	944803.8020000004	126622.32316199996	16180196	2158499.0852664458	35772183.708061814	880111	1087000	1516348	0.058305846877909746	0.004414560664464385	1.650551130435181e-5	0.05827349607575322	0.058338197680066275
mean_skew	[-0.05,0.05)	non-cCRE	CpG transition	16738570	16738570	36204416.874	82893206.66627996	16581401	-13331976.822205542	40124971.90241964	89007	530687	100983	2.162933683940743	0.27394539533652834	1.2793012553011894e-4	2.1626829408947037	2.163184426986782
mean_skew	[-0.05,0.05)	non-cCRE	non-CpG transition	171136042	171136042	26044896.523000214	5504380.580336891	169407964	-9806748.995797344	178022984.46743843	2450042	3528482	527897	0.15218826039578626	0.009002505125809392	7.2528875963368285e-6	0.15217404473609744	0.15220247605547507
mean_skew	[-0.05,0.05)	non-cCRE	non-CpG transversion	112250687	112250687	6879695.923999997	1135556.9773360055	110656856	-5386881.365919189	118735098.11984491	1709620	2321111	375889	0.06128867544481039	0.006359956915461388	7.527184876820217e-6	0.061273922162451824	0.06130342872716896
mean_skew	[-0.05,0.05)	pELS	CpG transition	536500	536500	796276.824	1516195.619028	535946	-356485.3278815766	1746143.2130559504	14233	126511	94743	1.484206568499534	0.6232189184010644	0.0010777932292062177	1.4820940937702898	1.4863190432287783
mean_skew	[-0.05,0.05)	pELS	non-CpG transition	3394315	3394315	484677.167	92695.749645	3391737	480052.50191691174	7481674.7785465	184111	684599	387343	0.14279086266301155	0.006919889808663987	4.515163878979337e-5	0.14270236545098355	0.14287935987503955
mean_skew	[-0.05,0.05)	pELS	non-CpG transversion	2326834	2326834	142678.534	19499.769456	2324301	257499.87797505347	5408929.093305122	127210	494625	302537	0.06131874211911981	0.004620400872653917	4.4561225701047196e-5	0.061231402116745756	0.06140608212149386
mean_skew	[-0.2,-0.05)	Other cCREs	CpG transition	805120	805120	1732245.165	3993997.827687	798551	-685456.4836381346	2318619.903944968	7316	37431	42909	2.151536621870032	0.33163907091026784	6.418041741922275e-4	2.1502786856886154	2.1527945580514487
mean_skew	[-0.2,-0.05)	Other cCREs	non-CpG transition	1890337	1890337	267096.599	49547.215991	1882242	87928.16824107335	2554197.729829373	54517	61091	101862	0.14129575784635226	0.00624629675206511	5.748329958968263e-5	0.14118309057915648	0.14140842511354804
mean_skew	[-0.2,-0.05)	Other cCREs	non-CpG transversion	1555824	1555824	98766.959	13445.872351	1545311	-37743.77174379209	2342523.60602652	43661	52751	85738	0.06348208987648989	0.004612310901005068	5.444763917703105e-5	0.06337537250370291	0.06358880724927686
mean_skew	[-0.2,-0.05)	PLS	CpG transition	88635	88635	78795.111	124356.356631	88543	-4691.648983156424	436976.022176385	9284	30984	41579	0.888984159756304	0.6127304542924872	0.0026292513688644646	0.8838308270733296	0.8941374924392783
mean_skew	[-0.2,-0.05)	PLS	non-CpG transition	156146	156146	23292.371	4333.823155	156047	119219.67497298318	919040.6539512672	27642	53823	62346	0.14917046225968003	0.005503150314169741	1.8773284252966417e-4	0.1488025058883219	0.14953841863103817
mean_skew	[-0.2,-0.05)	PLS	non-CpG transversion	170533	170533	13773.983	1967.814461	170352	85176.25399094437	972469.9131515888	26332	60789	75512	0.08077019110670662	0.005015406033996386	1.7149396162678397e-4	0.08043406294191813	0.08110631927149511
mean_skew	[-0.2,-0.05)	dELS	CpG transition	2467825	2467825	4980550.099	10966989.145485	2463529	-2106136.713886077	9018514.497627473	49967	234155	404154	2.0181941989403627	0.3708821326607371	3.8766873405507934e-4	2.0174343682216147	2.0189540296591106
mean_skew	[-0.2,-0.05)	dELS	non-CpG transition	5323394	5323394	744519.073	135585.302665	5315895	1057550.8496238068	11676710.124667056	313387	419663	773966	0.13985796899496825	0.005909459857125616	3.331805095413727e-5	0.13979266561509815	0.13992327237483834
mean_skew	[-0.2,-0.05)	dELS	non-CpG transversion	4241665	4241665	265019.37	35022.769378	4233821	447315.2878087405	10001119.262419043	236746	340045	645362	0.06248003319451206	0.004353091226276132	3.203544060303684e-5	0.062417243730930105	0.06254282265809401
mean_skew	[-0.2,-0.05)	non-cCRE	CpG transition	7966982	7966982	17550716.159	41072384.866033	7902742	-7122122.449169302	21312896.910262648	37154	313475	81124	2.202931569193956	0.30241796452249736	1.9483046856877715e-4	2.202549701475561	2.203313436912351
mean_skew	[-0.2,-0.05)	non-cCRE	non-CpG transition	18896381	18896381	2613223.307999996	497890.05325	18679631	-118226.69005642104	19428955.881929006	314657	513400	142093	0.1382922638996322	0.007223684425873879	1.9551949377875688e-5	0.13825394207885155	0.13833058572041285
mean_skew	[-0.2,-0.05)	non-cCRE	non-CpG transversion	16185281	16185281	990053.9900000008	139720.85710599998	15931159	-986493.4408011042	18415454.623270053	260515	451535	132673	0.061170021700580966	0.004890816411761375	1.7383233287012574e-5	0.06113595056333842	0.061204092837823514
mean_skew	[-0.2,-0.05)	pELS	CpG transition	402642	402642	601021.576	1177301.494106	402158	-250554.96292997315	1388372.8565854435	13497	99651	89366	1.4926946915622314	0.6958053901526018	0.0013145719375459524	1.4901181305646414	1.4952712525598215
mean_skew	[-0.2,-0.05)	pELS	non-CpG transition	791981	791981	112639.901	20522.623493	791241	249867.14598132603	2140823.2950117267	61535	184776	157616	0.14222550919782168	0.00568493676264903	8.472380220650952e-5	0.14205945054549693	0.14239156785014642
mean_skew	[-0.2,-0.05)	pELS	non-CpG transversion	703638	703638	48600.852	6839.63709	702651	126714.66899284636	2007070.9956783704	50807	172970	154683	0.06907081766476512	0.004949621044879341	8.387090553533513e-5	0.06890643068991587	0.06923520463961438
mean_skew	[-0.5,-0.2)	Other cCREs	CpG transition	181273	181273	389910.216	903194.924786	179891	-157286.2188900944	511033.6083577321	1410	9455	15091	2.1509558290534168	0.3559031338172652	0.0014011974714598595	2.1482094820093556	2.153702176097478
mean_skew	[-0.5,-0.2)	Other cCREs	non-CpG transition	323011	323011	50212.076	10401.722	321506	5314.510070143852	456954.1697514875	8758	11694	31237	0.1554500496887103	0.008037683944233005	1.577454372896316e-4	0.1551408686316226	0.15575923074579798
mean_skew	[-0.5,-0.2)	Other cCREs	non-CpG transversion	300575	300575	20300.031	2861.5765850000003	298236	-23543.136933018905	467337.764421752	7570	11578	28847	0.06753732346336189	0.004959067733858307	1.2844688963239463e-4	0.06728556755968239	0.06778907936704139
mean_skew	[-0.5,-0.2)	PLS	CpG transition	31495	31495	26115.403	40198.629287	31471	17028.641997385308	218048.91753046875	5729	11545	17213	0.8291920304810286	0.5888088285578097	0.004323807497272044	0.8207173677863754	0.8376666931756819
mean_skew	[-0.5,-0.2)	PLS	non-CpG transition	54353	54353	8863.303	1858.765703	54326	77441.8519702961	496549.8628061314	15389	19936	27662	0.1630692510073041	0.00760659260632927	3.740962187842535e-4	0.16233602241848696	0.16380247959612124
mean_skew	[-0.5,-0.2)	PLS	non-CpG transversion	68249	68249	5650.2300000000005	841.262428	68203	74515.56998784925	538744.2443876057	16431	25653	36951	0.08278846576506615	0.0054725201482863995	2.8316888999741597e-4	0.08223345474067122	0.0833434767894611
mean_skew	[-0.5,-0.2)	dELS	CpG transition	572120	572120	1157322.603	2570441.928707	571133	-486241.4689125604	2080725.947000776	12378	60610	139728	2.0228668863175554	0.4008473032908569	8.370394329982327e-4	2.021226289028879	2.024507483606232
mean_skew	[-0.5,-0.2)	dELS	non-CpG transition	982580	982580	149588.316	30403.130198	981117	219158.41178114252	2488813.8536387305	65622	87739	233002	0.15224034277107207	0.007765028252804665	8.889709313463249e-5	0.1520661044685282	0.15241458107361594
mean_skew	[-0.5,-0.2)	dELS	non-CpG transversion	893837	893837	59108.985	8204.306203	891989	91462.2140012554	2355139.61479306	54385	82967	218153	0.06612949005243686	0.004805645741984951	7.332409514916264e-5	0.0659857748259445	0.06627320527892921
mean_skew	[-0.5,-0.2)	non-cCRE	CpG transition	1426054	1426054	3072777.908	7071964.711204	1417598	-1302614.6757365463	3773402.5454960247	5558	65411	21104	2.1547416212850283	0.3162030162071551	4.708851759946007e-4	2.153818686340079	2.155664556229978
mean_skew	[-0.5,-0.2)	non-cCRE	non-CpG transition	1985358	1985358	312242.292	67520.98394800001	1967215	-95836.34452367992	2177227.192886167	30953	71042	32030	0.15727253825254692	0.009274828726202434	6.83492154922646e-5	0.1571385737901821	0.15740650271491174
mean_skew	[-0.5,-0.2)	non-cCRE	non-CpG transversion	1967799	1967799	135784.688	20163.119592	1942569	-271817.11829714756	2473190.2525489805	28475	72307	34265	0.0690033321492693	0.005485077058291093	5.279599740568793e-5	0.06889985199435415	0.06910681230418446
mean_skew	[-0.5,-0.2)	pELS	CpG transition	97119	97119	141715.904	277846.998352	96998	-46181.57097074563	367528.3563050807	4965	25525	30043	1.4591985502321896	0.7316394148392251	0.002744709881559954	1.453818918864332	1.4645781816000472
mean_skew	[-0.5,-0.2)	pELS	non-CpG transition	162334	162334	25532.798	5236.720746	162159	84667.59497265378	632885.4097481355	19080	42072	51504	0.157285584042776	0.007520218934682273	2.152338118025085e-4	0.1568637257716431	0.15770744231390893
mean_skew	[-0.5,-0.2)	pELS	non-CpG transversion	167968	167968	12589.527	1930.083939	167672	63963.992996360874	660386.5407905194	18162	46251	57395	0.07495193727376644	0.005873025659740373	1.8698969516449645e-4	0.07458543747124402	0.07531843707628885
mean_skew	[-1.0,-0.5)	Other cCREs	CpG transition	51311	51311	111156.133	259810.996349	50984	-44381.30098886381	146208.43974935508	452	2546	6867	2.166321704897585	0.37051359966122105	0.002687180487675392	2.1610548311417412	2.171588578653429
mean_skew	[-1.0,-0.5)	Other cCREs	non-CpG transition	77139	77139	12820.776	2887.960158	76753	9055.498001509344	146833.2551770344	3119	2930	12961	0.16620355462217556	0.009814898153767567	3.567022891413741e-4	0.16550441813545846	0.16690269110889266
mean_skew	[-1.0,-0.5)	Other cCREs	non-CpG transversion	72648	72648	4931.893	597.873293	72126	-4187.845986313187	131421.54652155924	2158	2876	11870	0.06788752615350732	0.003621061819155647	2.2325754163516595e-4	0.0674499413719024	0.06832511093511225
mean_skew	[-1.0,-0.5)	PLS	CpG transition	11633	11633	9967.101	15525.868479	11628	15283.639991619511	128107.10841617928	3391	4411	7182	0.8567954096105906	0.6005933713097381	0.007185291691095703	0.8427122378960431	0.8708785813251382
mean_skew	[-1.0,-0.5)	PLS	non-CpG transition	17876	17876	3078.054	709.836554	17868	42390.55100091814	261746.6783030247	7544	6771	10958	0.17218919221302306	0.010060359281227158	7.501905210844722e-4	0.1707188187916975	0.17365956563434862
mean_skew	[-1.0,-0.5)	PLS	non-CpG transversion	23485	23485	1835.101	235.413343	23468	45103.97897903192	287358.929251986	8467	9074	14586	0.07813928039173941	0.00391840706071532	4.0846936753703944e-4	0.07733868043136681	0.07893988035211201
mean_skew	[-1.0,-0.5)	dELS	CpG transition	162325	162325	329015.077	735320.538405	162022	-128769.95798579828	615333.5546153107	4517	17812	55394	2.0268909718158015	0.4216434368449474	0.0016116842674688985	2.0237320706515622	2.0300498729800407
mean_skew	[-1.0,-0.5)	dELS	non-CpG transition	237136	237136	37768.097	8177.885565	236794	94598.96790480804	834308.180757893	22404	22539	83107	0.1592676649686256	0.00911990615261959	1.9610850985545003e-4	0.15888329228930892	0.15965203764794228
mean_skew	[-1.0,-0.5)	dELS	non-CpG transversion	216150	216150	14063.288	1705.52454	215701	39281.57397429646	696274.7344776669	16372	21588	77257	0.06506263243118206	0.003657338234653625	1.300783271684899e-4	0.06480767890993182	0.0653175859524323
mean_skew	[-1.0,-0.5)	non-cCRE	CpG transition	280200	280200	625658.98	1494244.392546	278498	-251235.93275860007	760171.5795013733	1373	13990	6388	2.2329014275517487	0.3469304420909032	0.001112723190310363	2.2307204900987405	2.235082365004757
mean_skew	[-1.0,-0.5)	non-cCRE	non-CpG transition	319072	319072	55807.033	13653.397531	316193	-13549.876903305878	375755.67277305	5351	13049	8185	0.17490420030588708	0.012199520021220201	1.955361341738127e-4	0.1745209494829064	0.17528745112886776
mean_skew	[-1.0,-0.5)	non-cCRE	non-CpG transversion	315720	315720	21496.421	2690.584643	312383	-53210.63284171047	426113.87112422165	4456	14038	8658	0.06808697896870644	0.0038862351599699124	1.1094647063408947e-4	0.06786952388626362	0.06830443405114926
mean_skew	[-1.0,-0.5)	pELS	CpG transition	26419	26419	38882.117	76879.352437	26386	-7209.724991910274	123440.03388519325	2053	7161	10634	1.4717482493659866	0.7439876149067505	0.005306701574839501	1.461347114279301	1.482149384452672
mean_skew	[-1.0,-0.5)	pELS	non-CpG transition	39019	39019	6446.466	1421.373182	38964	35523.72899084888	241861.19867038063	6959	10590	16846	0.16521351136625748	0.009132449080855184	4.837885240864073e-4	0.16426528585904812	0.16616173687346683
mean_skew	[-1.0,-0.5)	pELS	non-CpG transversion	41363	41363	3011.094	391.138518	41275	28172.82101436915	228765.0953416079	6424	12030	18679	0.07279679907163407	0.004156968064798536	3.1701683738870166e-4	0.07217544607035221	0.07341815207291592
mean_skew	[-1.5,-1.0)	Other cCREs	CpG transition	10937	10937	24324.267	58178.091943	10851	-8970.591996670815	30114.02055335304	112	523	1514	2.2240346530127093	0.3730869811509244	0.005840579519860686	2.2125871171537823	2.2354821888716363
mean_skew	[-1.5,-1.0)	Other cCREs	non-CpG transition	15863	15863	2731.943	640.261697	15740	1868.8860095610155	26895.11119236836	572	624	2944	0.17222108050179666	0.010702529420670797	8.213921595605878e-4	0.1706111518690579	0.17383100913453542
mean_skew	[-1.5,-1.0)	Other cCREs	non-CpG transversion	14719	14719	961.676	106.582658	14554	-1069.3719966377837	24762.89451086707	372	641	2639	0.06533568856579931	0.002972611384889005	4.4939673802392644e-4	0.06445487095927242	0.0662165061723262
mean_skew	[-1.5,-1.0)	PLS	CpG transition	2998	2998	2633.453	4272.940843	2997	6900.210006385576	51199.14797052119	1266	1179	2005	0.8784032688458973	0.653889596078734	0.014768500412336977	0.8494570080377167	0.9073495296540778
mean_skew	[-1.5,-1.0)	PLS	non-CpG transition	4317	4317	722.844	159.534072	4309	13633.10897966649	87414.59127619192	2267	1659	2918	0.1674412786657401	0.008920330946279368	0.0014374722159468105	0.16462383312248435	0.17025872420899585
mean_skew	[-1.5,-1.0)	PLS	non-CpG transversion	5169	5169	378.103	42.176879	5161	14130.566989765512	91066.71401613232	2452	2162	3542	0.0731481911394854	0.002809467586220424	7.37239756224753e-4	0.07170320121728488	0.07459318106168591
mean_skew	[-1.5,-1.0)	dELS	CpG transition	33981	33981	71431.58	164828.487306	33920	-24255.681999047985	126403.3127396002	1122	3824	13077	2.102103528442365	0.4317807812179788	0.0035646227644301337	2.095116867824082	2.109090189060648
mean_skew	[-1.5,-1.0)	dELS	non-CpG transition	47534	47534	7678.686	1692.580858	47428	25159.84799018049	193464.52592649552	5155	4644	20885	0.16154091807969032	0.009512525443677764	4.47348241798191e-4	0.16066411552576587	0.16241772063361476
mean_skew	[-1.5,-1.0)	dELS	non-CpG transversion	42017	42017	2565.624	261.81333	41911	10000.124007057637	144211.74686345513	3375	4311	18194	0.06106157031677654	0.0025026727845961186	2.4405601464014677e-4	0.06058322052808185	0.06153992010547123
mean_skew	[-1.5,-1.0)	non-cCRE	CpG transition	66265	66265	152833.783	374820.689033	65945	-58843.9839122788	175224.967947058	311	3318	1382	2.3064028220025654	0.33690119257020795	0.0022548059543229682	2.3019834023320924	2.3108222416730384
mean_skew	[-1.5,-1.0)	non-cCRE	non-CpG transition	66184	66184	11673.767	2691.202547	65324	928.1260391813712	59637.15547509148	856	2852	1670	0.1763835216970869	0.009551431818877399	3.7988988864435326e-4	0.17563893751534398	0.17712810587882982
mean_skew	[-1.5,-1.0)	non-cCRE	non-CpG transversion	61867	61867	3744.703	372.660817	61003	-9180.697966132197	73277.90785437541	677	2880	1630	0.06052827840367239	0.0023599455480705525	1.9530864304806358e-4	0.06014547346329819	0.060911083344046595
mean_skew	[-1.5,-1.0)	pELS	CpG transition	5411	5411	8424.368	17263.722506	5407	-637.0069976518863	32134.98722367912	562	1474	2355	1.556896691923859	0.7667008937616971	0.011903487433411223	1.5335658565543728	1.580227527293345
mean_skew	[-1.5,-1.0)	pELS	non-CpG transition	7588	7588	1261.577	278.855377	7573	9313.398017167698	60425.116469647815	1658	2135	3835	0.16625948866631524	0.009108505346884937	0.0010956198642975352	0.16411207373229206	0.16840690360033841
mean_skew	[-1.5,-1.0)	pELS	non-CpG transversion	7486	7486	484.403	49.025121	7472	7067.311997826445	52539.58491068258	1453	2123	3918	0.0647078546620358	0.0023621165101063283	5.617275781390734e-4	0.06360686860888322	0.06580884071518837
mean_skew	[0.05,0.2)	Other cCREs	CpG transition	138087	138087	277990.167	600974.052671	136364	-109488.1539380603	379351.3526510022	1356	7517	7054	2.0131523387429664	0.29936052769579974	0.001472383258116507	2.010266467557058	2.0160382099288747
mean_skew	[0.05,0.2)	Other cCREs	non-CpG transition	2431480	2431480	405355.326	96262.536008	2422015	-326138.3557437507	4014236.5305969487	59026	77178	109505	0.1667113552239788	0.01179742875150567	6.965596781160696e-5	0.16657482952706806	0.16684788092088956
mean_skew	[0.05,0.2)	Other cCREs	non-CpG transversion	1602699	1602699	95777.433	10349.106339	1592851	-36566.19689555177	2384152.7193921283	44168	53184	72886	0.05976008782684709	0.0028860325096119396	4.2435041033578156e-5	0.059676915146421275	0.0598432605072729
mean_skew	[0.05,0.2)	PLS	CpG transition	23592	23592	17646.171	23988.804845	23571	-1586.501008876252	125697.88730596213	2561	8794	11920	0.7479726602238046	0.45737575259064245	0.004403055794584473	0.739342670866419	0.7566026495811902
mean_skew	[0.05,0.2)	PLS	non-CpG transition	152992	152992	23368.608	4785.837694	152894	46428.1979923453	794111.0567111544	19797	51203	51623	0.15274398661367916	0.007950947091447762	2.27968620260364e-4	0.15229716811796884	0.15319080510938948
mean_skew	[0.05,0.2)	PLS	non-CpG transversion	136438	136438	10061.648	1314.60904	136315	41633.19497675625	717377.054733441	17738	48564	52620	0.07374520294932496	0.004196887693479998	1.7538643546875072e-4	0.07340144553580621	0.07408896036284371
mean_skew	[0.05,0.2)	dELS	CpG transition	408332	408332	761509.357	1560245.456279	407591	-347277.1739615416	1479685.867600523	8124	42409	70798	1.8649269638431472	0.34307001719399954	9.166101756500349e-4	1.863130407898873	1.8667235197874212
mean_skew	[0.05,0.2)	dELS	non-CpG transition	6559907	6559907	1075601.147	256529.292603	6551998	-629555.3053942102	15850283.174901674	287462	494023	760741	0.1639659139984759	0.012220810395352609	4.3161960390118834e-5	0.16388131655611127	0.16405051144084054
mean_skew	[0.05,0.2)	dELS	non-CpG transversion	4179877	4179877	238459.3	24199.136616	4172894	351746.29865870945	9304486.345706018	213621	323822	509971	0.05704935815096951	0.002534808833054023	2.4625828740924466e-5	0.0570010915266373	0.05709762477530172
mean_skew	[0.05,0.2)	non-cCRE	CpG transition	1236282	1236282	2587856.944	5774087.299816	1225909	-1023281.5621908708	3110631.4502998213	6709	52762	13839	2.09325780364027	0.2887980621584732	4.833240036777103e-4	2.0923104885930615	2.094205118687478
mean_skew	[0.05,0.2)	non-cCRE	non-CpG transition	26686511	26686511	4462869.476999991	1059913.4586910005	26409717	-4430064.027446364	33937799.634014815	331862	704077	146939	0.1672331567434945	0.01175027037698461	2.0983504922264856e-5	0.16719202907384687	0.16727428441314215
mean_skew	[0.05,0.2)	non-cCRE	non-CpG transversion	18576531	18576531	1157056.8380000012	137770.42244199995	18313971	-1611363.166966969	20252257.12934278	252937	489867	107520	0.06228594768312777	0.00353683065480618	1.3798275906138586e-5	0.06225890306235174	0.0623129923039038
mean_skew	[0.05,0.2)	pELS	CpG transition	75553	75553	97837.83	174919.206188	75468	-42750.08098826	265749.6594074064	3028	20461	19677	1.2949562558733605	0.6382821919793741	0.00290656812869702	1.2892593823411143	1.3006531294056067
mean_skew	[0.05,0.2)	pELS	non-CpG transition	949375	949375	149955.179	33518.394481	948581	-4730.235072828028	2546190.733919812	53246	212975	147159	0.15795147228439763	0.010357091284656643	1.04447970660118e-4	0.1577467542619038	0.15815619030689146
mean_skew	[0.05,0.2)	pELS	non-CpG transversion	674354	674354	41522.877	4634.628729	673522	89075.92306744288	1742021.3544473276	42295	161902	119407	0.06157430222108863	0.003081303933567301	6.759635844328387e-5	0.06144181335853979	0.06170679108363747
mean_skew	[0.2,0.5)	Other cCREs	CpG transition	34522	34522	71235.258	157998.880278	33924	-28562.611996281663	96594.79147628808	278	2070	2036	2.0634742483054285	0.3188424386201662	0.003039065685823288	2.0575176795612147	2.0694308170496423
mean_skew	[0.2,0.5)	Other cCREs	non-CpG transition	365178	365178	57458.931	12291.657781	363442	-56074.83094176767	561116.1275568706	7403	13138	21298	0.15734499613886926	0.008901936607895473	1.561312892000226e-4	0.1570389788120372	0.15765101346570132
mean_skew	[0.2,0.5)	Other cCREs	non-CpG transversion	267274	267274	16119.825	1687.208925	265141	-15042.28895464132	386298.6134841808	6356	10685	14962	0.06031198320824323	0.002675131084247868	1.0004472095507863e-4	0.06011589555517127	0.06050807086131518
mean_skew	[0.2,0.5)	PLS	CpG transition	7467	7467	5426.337	7418.889123	7461	1705.5159989794493	43845.230123287096	1077	2842	3941	0.7267091201285657	0.46551306405155624	0.007895740401810061	0.711233468941018	0.7421847713161134
mean_skew	[0.2,0.5)	PLS	non-CpG transition	40277	40277	6042.093	1146.826647	40258	24457.7249934466	256373.1812097645	6992	14230	15783	0.15001348163964545	0.0059695908153607575	3.8498492521134775e-4	0.14925891118623122	0.15076805209305968
mean_skew	[0.2,0.5)	PLS	non-CpG transversion	42240	42240	3234.27	435.157416	42204	23112.024980744947	255534.63290146543	7006	15565	18049	0.07656889204545454	0.0044393320278450655	3.2418794337375935e-4	0.07593348367644197	0.07720430041446712
mean_skew	[0.2,0.5)	dELS	CpG transition	104305	104305	198348.36	416685.029748	104071	-91361.5399855159	394395.2835678941	2192	11424	21741	1.9016189060927087	0.37872026364777145	0.0019054901483622775	1.8978841454019186	1.9053536667834987
mean_skew	[0.2,0.5)	dELS	non-CpG transition	1082974	1082974	167277.385	35505.088867	1081471	-83262.43398473632	2569764.266988375	48424	92469	167560	0.15446112741395454	0.008926571012427704	9.078901765060438e-5	0.15428318093935936	0.15463907388854972
mean_skew	[0.2,0.5)	dELS	non-CpG transversion	777825	777825	45100.145	4519.252661	776385	54311.71397030808	1790471.4481099711	40527	69114	124017	0.05798238035547841	0.0024481616657788556	5.610209739871378e-5	0.05787242024457693	0.05809234046637989
mean_skew	[0.2,0.5)	non-cCRE	CpG transition	234173	234173	497881.147	1129088.728905	232129	-207187.58584337475	640265.4222256489	1338	11929	3721	2.12612533041811	0.30119318590897937	0.001134107340151435	2.123902480031413	2.1283481808048066
mean_skew	[0.2,0.5)	non-cCRE	non-CpG transition	2976918	2976918	460731.728	97703.7197	2951261	-517192.1924423985	3774896.532534152	34807	100042	27313	0.15476802787312247	0.008867287458422295	5.4577288807253716e-5	0.15466105638706024	0.1548749993591847
mean_skew	[0.2,0.5)	non-cCRE	non-CpG transversion	2254572	2254572	138703.301	15337.380927	2227190	-202583.71539084957	2538581.3388146	31433	79329	23085	0.06152090108455175	0.0030179705434329593	3.6586885709327e-5	0.06144919078856147	0.061592611380542034
mean_skew	[0.2,0.5)	pELS	CpG transition	20737	20737	25989.922	46841.149848	20703	-9141.849002157103	78275.39717226465	1127	5888	6406	1.2533115686936394	0.6880632685163327	0.005760248549439554	1.2420214815367379	1.2646016558505409
mean_skew	[0.2,0.5)	pELS	non-CpG transition	174384	174384	26330.185	5278.7292370000005	174196	22682.42702670734	537114.2246375032	12982	43520	36911	0.15098968368657675	0.007472878276213578	2.070096716411622e-4	0.15058394473016007	0.15139542264299344
mean_skew	[0.2,0.5)	pELS	non-CpG transversion	145905	145905	9684.644	1157.467418	145705	33446.38102005098	456540.2951862703	11928	39276	34796	0.06637636818477777	0.0035272228459637916	1.5548244518550483e-4	0.06607162259221418	0.06668111377734136
mean_skew	[0.5,1.0)	Other cCREs	CpG transition	8418	8418	17789.758	40380.363022	8317	-7486.839993166158	25436.590678579956	59	451	583	2.113299833689713	0.33091011039797513	0.0062697548135054555	2.1010111142552423	2.1255885531241834
mean_skew	[0.5,1.0)	Other cCREs	non-CpG transition	75724	75724	11475.337	2300.045115	75335	-14566.345983146344	117239.0340003886	1364	2830	4861	0.15154161164227986	0.007409295087116403	3.128035494107456e-4	0.1509285166854348	0.15215470659912492
mean_skew	[0.5,1.0)	Other cCREs	non-CpG transversion	53781	53781	3299.269	347.870795	53230	-4834.978986193426	76504.3144491943	1112	2249	3460	0.06134636767631691	0.0027049577140744814	2.242672220316448e-4	0.060906803921134886	0.061785931431498936
mean_skew	[0.5,1.0)	PLS	CpG transition	1913	1913	1437.464	2023.24443	1913	1002.861003728234	12835.1479499652	341	706	1042	0.7514187140616831	0.49325684080022836	0.01605754225439114	0.7199459312430765	0.7828914968802898
mean_skew	[0.5,1.0)	PLS	non-CpG transition	9786	9786	1468.843	275.533707	9783	7259.220988059421	68604.41889802927	1883	3511	3792	0.15009636215001024	0.005627564244301737	7.583289310438156e-4	0.14861003744516435	0.15158268685485612
mean_skew	[0.5,1.0)	PLS	non-CpG transversion	10383	10383	838.629	121.283647	10377	7573.333001829333	72187.90070608405	1989	3885	4605	0.08076943080034672	0.005157778849675981	7.048065499943621e-4	0.07938800996235777	0.08215085163833567
mean_skew	[0.5,1.0)	dELS	CpG transition	28356	28356	54881.431	117307.615567	28312	-24946.92498478317	107221.26489738586	593	3106	6579	1.9354433276907885	0.3910321327429948	0.003713502661261928	1.9281648624747152	1.9427217929068619
mean_skew	[0.5,1.0)	dELS	non-CpG transition	234910	234910	35281.405	7142.077963	234591	-29735.40596504358	552819.5230124618	9970	21079	41128	0.15019115831595078	0.007846114363586844	1.8275807063357618e-4	0.14983295249750897	0.1505493641343926
mean_skew	[0.5,1.0)	dELS	non-CpG transversion	167296	167296	9913.697	1028.508501	166996	8736.029008162095	393431.4300530533	8636	15936	30758	0.05925842219778118	0.0026362919312180482	1.2553186225494443e-4	0.05901237974776149	0.05950446464780087
mean_skew	[0.5,1.0)	non-cCRE	CpG transition	46733	46733	99641.341	228196.078229	46312	-41281.68898374543	131915.7581751577	319	2568	1118	2.132140906853829	0.33695752523171274	0.0026851945022151533	2.126877925629487	2.137403888078171
mean_skew	[0.5,1.0)	non-cCRE	non-CpG transition	546559	546559	80516.501	15545.169779	542615	-108315.87986771614	699038.1409554724	5688	20572	6120	0.1473152962443213	0.0067401036699285466	1.1104902841953692e-4	0.147097640148619	0.1475329523400236
mean_skew	[0.5,1.0)	non-cCRE	non-CpG transversion	386273	386273	24995.193	2957.261435	382332	-39158.67782431736	439485.9213526611	5054	16161	5417	0.06470862058699417	0.003468687802026311	9.476226447943405e-5	0.06452288654861447	0.06489435462537387
mean_skew	[0.5,1.0)	pELS	CpG transition	5405	5405	6722.025	12258.192491	5395	-1491.1110013986474	22872.52924945045	386	1571	1775	1.2436679000925068	0.7213593217765855	0.011552553143785092	1.221024895930688	1.2663109042543257
mean_skew	[0.5,1.0)	pELS	non-CpG transition	39223	39223	5763.171	1098.360019	39183	6284.80501905689	130433.39284326708	3201	9964	9141	0.146933457410193	0.00641368054469024	4.043740319504791e-4	0.14614088430757008	0.14772603051281594
mean_skew	[0.5,1.0)	pELS	non-CpG transversion	34343	34343	2444.327	318.228331	34278	10078.491980072811	120793.14398161114	3299	9808	9316	0.07117395102349824	0.004200568423987701	3.4973163383643087e-4	0.07048847702117884	0.07185942502581764
mean_skew	[1.0,1.5)	Other cCREs	CpG transition	1351	1351	2913.516	6671.725758	1343	-1290.9910002802503	4150.406742068578	4	67	133	2.156562546262028	0.28781205515914027	0.01459576343527227	2.1279548499288943	2.185170242595162
mean_skew	[1.0,1.5)	Other cCREs	non-CpG transition	12800	12800	1805.672	321.02025199999997	12748	-2958.123002348119	19106.519173489796	181	492	846	0.141068125	0.005179895975857487	6.361441449183245e-4	0.13982128247596007	0.1423149675240399
mean_skew	[1.0,1.5)	Other cCREs	non-CpG transversion	8941	8941	558.815	55.112617	8828	-1131.576998663368	11910.52184389329	151	363	586	0.06250027961078179	0.002258000363456484	5.025380570313512e-4	0.06151530501900034	0.06348525420256323
mean_skew	[1.0,1.5)	PLS	CpG transition	233	233	175.704	253.144038	233	135.61699852254236	1761.395963030541	48	84	127	0.7540944206008584	0.5200285858739084	0.047242802021117185	0.6614985286394688	0.846690312562248
mean_skew	[1.0,1.5)	PLS	non-CpG transition	1766	1766	259.498	45.781238	1765	1405.822004129761	13002.92122682714	347	639	643	0.14694110985277462	0.00433445545349841	0.0015666497810686076	0.14387047628188016	0.15001174342366907
mean_skew	[1.0,1.5)	PLS	non-CpG transversion	1725	1725	158.923	26.105675	1723	1510.3470022248798	13208.066104275698	358	627	727	0.09212927536231884	0.006649776201620768	0.0019634008061466353	0.08828100978227144	0.09597754094236624
mean_skew	[1.0,1.5)	dELS	CpG transition	5222	5222	10203.747	21906.860855	5220	-4682.546996070539	20134.52101771	123	578	1396	1.9539921486020682	0.3770962134989642	0.008497822433790443	1.937336416631839	1.9706478805722973
mean_skew	[1.0,1.5)	dELS	non-CpG transition	40737	40737	5659.579	1000.470757	40675	-5293.162993261939	93452.34314484971	1659	3608	7080	0.13892969536293787	0.005257933293586009	3.592634321122761e-4	0.1382255390359978	0.13963385168987794
mean_skew	[1.0,1.5)	dELS	non-CpG transversion	29526	29526	1807.1	179.840292	29456	1091.0750029060298	70042.28129487467	1535	2949	5714	0.06120368488789541	0.002345101203694639	2.818243325242119e-4	0.06065130919614795	0.06175606057964287
mean_skew	[1.0,1.5)	non-cCRE	CpG transition	5255	5255	11163.108	25466.115946	5222	-4907.674997984663	16317.620096862667	52	335	192	2.124283158896289	0.33355797880844373	0.00796708235777769	2.108667677475045	2.1398986403175333
mean_skew	[1.0,1.5)	non-cCRE	non-CpG transition	89242	89242	12271.877	2078.374651	88488	-22978.234983453753	120409.39608514648	766	3788	1096	0.13751234844579907	0.004379601583263443	2.215300546861257e-4	0.13707814953861427	0.13794654735298387
mean_skew	[1.0,1.5)	non-cCRE	non-CpG transversion	57698	57698	3660.093	360.567317	57117	-8515.380978054134	69856.53092997671	699	2697	934	0.0634353530451662	0.00222521145582714	1.9638362118662615e-4	0.06305044114764041	0.063820264942692
mean_skew	[1.0,1.5)	pELS	CpG transition	895	895	1116.655	2082.976689	894	-251.50799950805947	4017.967090831966	60	263	331	1.2476592178770949	0.7715568065564348	0.02936110768000986	1.1901114468242755	1.3052069889299143
mean_skew	[1.0,1.5)	pELS	non-CpG transition	7225	7225	1012.13	177.683958	7221	885.6080008120044	22350.249868075636	564	1977	1805	0.1400871972318339	0.004969200313641187	8.293241767387151e-4	0.13846172184542602	0.1417126726182418
mean_skew	[1.0,1.5)	pELS	non-CpG transversion	6495	6495	509.868	69.45625	6483	1710.8400021810085	21555.79171422879	598	1862	1887	0.07850161662817552	0.004531996879123098	8.353245075821579e-4	0.07686438059331449	0.08013885266303655
mean_skew	[1.5,Inf)	Other cCREs	CpG transition	175	175	391.312	929.654582	174	-154.2240004753694	480.5194377552523	0	9	15	2.2360685714285715	0.3141041217077171	0.04236603233101572	2.153031148059781	2.3191059947973622
mean_skew	[1.5,Inf)	Other cCREs	non-CpG transition	4292	4292	602.109	101.911001	4274	-1126.6069963086627	6676.325475403084	59	138	220	0.14028634669151913	0.004065096499630882	9.732077823425177e-4	0.1383788594381278	0.14219383394491045
mean_skew	[1.5,Inf)	Other cCREs	non-CpG transversion	2123	2123	133.193	13.003725	2102	-349.4459973751803	3245.7384959373953	37	108	107	0.06273810645313237	0.0021901264784109043	0.0010156863146580993	0.06074736127640249	0.06472885162986224
mean_skew	[1.5,Inf)	PLS	non-CpG transition	451	451	65.68900000000001	11.016957	451	272.5660010057036	2820.5550980136572	80	156	187	0.1456518847006652	0.003220511879773337	0.0026722321319685004	0.14041430972200694	0.15088945967932346
mean_skew	[1.5,Inf)	PLS	non-CpG transversion	340	340	33.910000000000004	5.840762	340	259.0559993432835	1925.7564486715612	55	111	129	0.09973529411764707	0.00725291497483949	0.0046186689497272875	0.09068270297618158	0.10878788525911257
mean_skew	[1.5,Inf)	dELS	CpG transition	828	828	1629.39	3487.760056	828	-718.1880007321018	3587.340154034125	21	102	251	1.96786231884058	0.34019936191577693	0.02026989873147549	1.928133317326888	2.0075913203542717
mean_skew	[1.5,Inf)	dELS	non-CpG transition	12949	12949	1734.345	278.59396300000003	12932	-2146.747998983134	27824.115950584997	475	1201	2051	0.13393659742065026	0.0035759727329689834	5.255075789515163e-4	0.13290660256590528	0.13496659227539523
mean_skew	[1.5,Inf)	dELS	non-CpG transversion	7199	7199	461.396	47.399002	7183	-321.10599458508693	17239.169011902355	314	741	1330	0.06409167939991665	0.0024767098487907826	5.865451915018589e-4	0.062942050824573	0.0652413079752603
mean_skew	[1.5,Inf)	non-cCRE	CpG transition	533	533	1145.634	2658.534602	530	-557.2719982229174	1969.7463624233592	7	43	27	2.14940712945591	0.3686103658889252	0.026297845376787015	2.0978633525174075	2.2009509063944126
mean_skew	[1.5,Inf)	non-cCRE	non-CpG transition	28233	28233	3840.008	628.475504	27940	-9684.312000834036	42586.88340104978	203	1049	322	0.13601133425424147	0.003761366264275955	3.650012051977913e-4	0.1352959318920538	0.13672673661642915
mean_skew	[1.5,Inf)	non-cCRE	non-CpG transversion	13564	13564	869.248	85.225562	13464	-2401.6679888713415	17053.576053117853	161	693	245	0.06408493069890887	0.0021764996062696193	4.0057644307854134e-4	0.06329980087047493	0.06487006052734282
mean_skew	[1.5,Inf)	pELS	CpG transition	153	153	199.252	382.604484	153	-38.60299918381495	567.6395903141366	12	44	59	1.3023006535947712	0.8099899616443065	0.07276023664674883	1.1596905897671435	1.444910717422399
mean_skew	[1.5,Inf)	pELS	non-CpG transition	2346	2346	319.032	51.185924	2344	355.2670014118776	6839.724284839617	196	610	569	0.13598976982097186	0.00332658241129028	0.0011907898922448128	0.13365582163217202	0.1383237180097717
mean_skew	[1.5,Inf)	pELS	non-CpG transversion	1752	1752	157.632	24.234186	1749	462.8370000985451	5787.852946718644	159	540	529	0.08997260273972603	0.005740505245534841	0.0018101226726156287	0.0864247623013994	0.09352044317805266
