skew_type	skew_bin	ccre_class	mut_class	n	n_MR	sum_MR	sum_MR_sq	n_phyloP	sum_phyloP	sum_phyloP_sq	n_conserved	n_tf_chip_peak	n_tf_footprint	mutrate_mean	mutrate_var	mutrate_se	mutrate_lci	mutrate_uci
HepG2_skew	(-Inf,-1.5)	Other cCREs	CpG ti (non-CGI)	4702	4702	10442.112	24810.177972	4691	-4505.911999617356	13889.381358963195	19	172	570	2.22078094427903	0.3447212559822618	0.008562344932353031	2.203998748211618	2.237563140346442
HepG2_skew	(-Inf,-1.5)	Other cCREs	non-CpG ti	3258	3258	480.069	85.293783	3239	486.1010002166733	3356.2439263793303	86	129	630	0.14735082872928176	0.00446890328607996	0.0011711834803535906	0.14505530910778872	0.1496463483507748
HepG2_skew	(-Inf,-1.5)	Other cCREs	non-CpG tv	3562	3562	248.877	29.237043	3533	-1000.1860001989412	7298.820053317425	79	119	557	0.0698700168444694	0.0033271560847511904	9.664727867870866e-4	0.06797573018236672	0.07176430350657209
HepG2_skew	(-Inf,-1.5)	PLS	CpG ti (CGI)	339	339	182.785	180.296399	339	1295.887000453193	9299.26351561263	198	142	224	0.539188790560472	0.24183661514024896	0.02670921836270124	0.48683872256957755	0.5915388585513665
HepG2_skew	(-Inf,-1.5)	PLS	CpG ti (non-CGI)	406	406	639.273	1276.726955	406	263.5959999728948	4005.3327887610026	77	109	202	1.5745640394088671	0.6670387107036431	0.04053335033546869	1.4951186727513486	1.6540094060663857
HepG2_skew	(-Inf,-1.5)	PLS	non-CpG ti	679	679	96.819	16.573147	676	2271.9640045268466	14983.504629438992	355	248	451	0.14259057437407954	0.004082109409551611	0.0024519264193202947	0.13778479859221177	0.14739635015594732
HepG2_skew	(-Inf,-1.5)	PLS	non-CpG tv	978	978	70.886	8.134954	977	3085.6210017494177	22138.99635831363	495	354	671	0.07248057259713701	0.0030676521298662707	0.0017710614386562552	0.06900929217737076	0.07595185301690327
HepG2_skew	(-Inf,-1.5)	dELS	CpG ti (CGI)	178	178	220.366	421.297678	178	45.38199931650884	1197.934367630578	25	50	84	1.2380112359550564	0.8388818868786896	0.06864997879974997	1.1034572775075464	1.3725651944025663
HepG2_skew	(-Inf,-1.5)	dELS	CpG ti (non-CGI)	13048	13048	28257.377	66271.596965	13038	-10271.808999389645	45745.17935824718	320	1294	4331	2.165648145309626	0.3890596208810541	0.005460546448004119	2.154945474271538	2.176350816347714
HepG2_skew	(-Inf,-1.5)	dELS	non-CpG ti	11518	11518	1579.999	265.198997	11508	7349.822994963615	44251.935861547565	1346	1082	5711	0.1371765063379059	0.004207715044075285	6.044141502461892e-4	0.13599185460342336	0.13836115807238844
HepG2_skew	(-Inf,-1.5)	dELS	non-CpG tv	11091	11091	661.144	66.680212	11080	2052.6669986118804	38777.753386048375	917	1101	5039	0.05961085564872419	0.002458868571053191	4.7084970786289267e-4	0.05868799022131292	0.06053372107613546
HepG2_skew	(-Inf,-1.5)	non-cCRE	CpG ti (CGI)	109	109	142.44299999999998	281.503895	107	74.3310002749786	1079.1886064601526	19	31	35	1.3068165137614678	0.8829354660210674	0.09000180762818083	1.1304129708102333	1.4832200567127023
HepG2_skew	(-Inf,-1.5)	non-cCRE	CpG ti (non-CGI)	28786	28786	65547.144	158223.918216	28734	-28354.141968605712	82248.55256155733	75	1123	434	2.2770493990134093	0.3116148467519398	0.003290170545346355	2.2706006647445305	2.283498133282288
HepG2_skew	(-Inf,-1.5)	non-cCRE	non-CpG ti	16106	16106	2454.65	443.864196	15954	1530.2490145500046	11500.139186712957	205	675	426	0.15240593567614555	0.0043316340262371505	5.185994249957597e-4	0.15138948080315387	0.15342239054913723
HepG2_skew	(-Inf,-1.5)	non-cCRE	non-CpG tv	15694	15694	1052.025	115.665403	15581	-5546.755997052998	28037.16828568309	175	704	428	0.06703357971199185	0.002876722188459298	4.281363846814066e-4	0.0661944323980163	0.0678727270259674
HepG2_skew	(-Inf,-1.5)	pELS	CpG ti (CGI)	203	203	114.112	111.886408	203	460.4229982371907	3520.941314880735	78	78	126	0.562128078817734	0.2363408349997562	0.034120969600837284	0.4952509784000929	0.629005179235375
HepG2_skew	(-Inf,-1.5)	pELS	CpG ti (non-CGI)	1583	1583	2992.258	6623.884444	1583	-713.5380006583873	6290.34529390671	85	348	612	1.89024510423247	0.6117467818581281	0.019658274236620525	1.8517148867286937	1.9287753217362462
HepG2_skew	(-Inf,-1.5)	pELS	non-CpG ti	1582	1582	221.329	37.826557	1582	2089.238999491326	13362.51528116549	351	392	868	0.1399045512010114	0.004340052237337981	0.0016563199726102134	0.13665816405469539	0.1431509383473274
HepG2_skew	(-Inf,-1.5)	pELS	non-CpG tv	1654	1654	98.307	9.404547	1653	1612.950003315928	13166.701643716648	326	434	869	0.059435912938331316	0.0021546162775386954	0.0011413457228076863	0.05719887532162825	0.061672950555034384
HepG2_skew	[-0.05,0.05)	Other cCREs	CpG ti (CGI)	18634	18634	31269.095	62485.249689	18527	-12359.758994128562	61166.48440132568	462	2700	633	1.6780667060212515	0.5374133227115552	0.005370332415588493	1.667540854486698	1.688592557555805
HepG2_skew	[-0.05,0.05)	Other cCREs	CpG ti (non-CGI)	1268473	1268473	2660445.702	5942083.457548	1258835	-977744.7655949142	3418078.667062927	13879	52712	52443	2.097360922936476	0.28551564762872195	4.744324036150765e-4	2.09643103542539	2.0982908104475615
HepG2_skew	[-0.05,0.05)	Other cCREs	non-CpG ti	10696534	10696534	1596038.9249999998	323196.491277	10661305	313113.8054985445	15708232.834402312	333917	298257	379757	0.14921084951443148	0.007951190111753968	2.7264311233740655e-5	0.14915741146441333	0.14926428756444962
HepG2_skew	[-0.05,0.05)	Other cCREs	non-CpG tv	6991855	6991855	422165.097	59793.794001	6956718	242649.92555507252	10622375.296778724	228653	200697	255458	0.06037955549707481	0.004906231322587762	2.6489746597110354e-5	0.060327635593744475	0.06043147540040515
HepG2_skew	[-0.05,0.05)	PLS	CpG ti (CGI)	59049	59049	28925.83	24705.394164	59030	-885.950990529964	287089.9465984654	6237	23673	33228	0.48986147098172705	0.17842678043003368	0.0017382960605023907	0.4864544107031424	0.4932685312603117
HepG2_skew	[-0.05,0.05)	PLS	CpG ti (non-CGI)	43302	43302	61792.682	114869.895198	43226	-26015.301999123407	194481.71058002856	2140	11901	12129	1.4270168121564824	0.6163991389520044	0.0037729151108401495	1.4196218985392357	1.434411725773729
HepG2_skew	[-0.05,0.05)	PLS	non-CpG ti	375131	375131	53976.547	9959.200621	374882	133857.96594931747	1698535.5052231231	44141	115665	110116	0.14388719407353698	0.005845084976918962	1.2482567905629105e-4	0.14364253574258665	0.1441318524044873
HepG2_skew	[-0.05,0.05)	PLS	non-CpG tv	322971	322971	24155.759	3450.273965	322632	72835.12694189524	1542724.6759552783	36219	106582	112303	0.07479234668128097	0.005089042522595062	1.255267474187237e-4	0.07454631425634027	0.07503837910622167
HepG2_skew	[-0.05,0.05)	dELS	CpG ti (CGI)	65505	65505	83080.845	151967.06317100002	65401	-46271.27101044274	264250.158775907	2458	13866	16023	1.2683130295397298	0.7113236588960874	0.0032953109492561425	1.2618542200791878	1.2747718390002718
HepG2_skew	[-0.05,0.05)	dELS	CpG ti (non-CGI)	3373981	3373981	6660053.475000001	14185600.061927002	3368530	-2713744.6098339087	11637151.114751969	66606	285350	427760	1.9739451629988434	0.3079507642716053	3.02112939721796e-4	1.9733530216369886	1.9745373043606982
HepG2_skew	[-0.05,0.05)	dELS	non-CpG ti	24623267	24623267	3582360.915999992	711112.064374	24594573	2996638.090270299	52527901.9386195	1283134	1619468	2209880	0.14548682414888292	0.007713264022330669	1.7698899431079487e-5	0.14545213430599802	0.14552151399176783
HepG2_skew	[-0.05,0.05)	dELS	non-CpG tv	15733244	15733244	920634.2300000006	124150.31297399996	15708997	2105462.8453581273	34676033.81913172	854029	1050429	1492615	0.0585152197474342	0.0044669238693217945	1.684981497756157e-5	0.05848219411007818	0.05854824538479022
HepG2_skew	[-0.05,0.05)	non-cCRE	CpG ti (CGI)	69714	69714	70906.779	119449.542229	69549	-31327.184002545793	218323.13508172895	2682	20889	15745	1.0171096049573973	0.6789203771392498	0.0031206813165828187	1.010993069576895	1.0232261403378997
HepG2_skew	[-0.05,0.05)	non-cCRE	CpG ti (non-CGI)	17078773	17078773	37002038.032	84743283.37888993	16912385	-13699871.023664957	40989255.03131256	87089	525861	90362	2.1665513109167738	0.2679624374672852	1.252589095787883e-4	2.1663058034539993	2.1667968183795483
HepG2_skew	[-0.05,0.05)	non-cCRE	non-CpG ti	169828402	169828402	25920344.789000217	5488061.027434892	168102794	-10239021.320740849	176670998.10087416	2406510	3481673	520357	0.15262667777442915	0.009020428305875954	7.288000906527953e-6	0.15261239329265236	0.15264096225620594
HepG2_skew	[-0.05,0.05)	non-cCRE	non-CpG tv	111202806	111202806	6833417.852999997	1129100.7375210056	109608125	-5426857.182517866	117281421.67084388	1684084	2288334	374053	0.06145004877844537	0.006377418961065382	7.572941488782687e-6	0.06143520581312736	0.061464891743763385
HepG2_skew	[-0.05,0.05)	pELS	CpG ti (CGI)	89969	89969	47079.026	44354.799526	89919	-12250.058988706787	301598.62614940375	6184	34934	37691	0.5232805299603196	0.21918084041775224	0.0015608272808338628	0.5202213084898852	0.526339751430754
HepG2_skew	[-0.05,0.05)	pELS	CpG ti (non-CGI)	461596	461596	765266.977	1500285.687629	461073	-350124.0788919409	1498084.2726105002	8854	95897	63187	1.657871768819487	0.5016760815235615	0.0010425110799931634	1.6558284471027005	1.6599150905362736
HepG2_skew	[-0.05,0.05)	pELS	non-CpG ti	3316664	3316664	475898.374	91458.76156	3314142	444783.0128972807	7341659.1550667165	179130	668665	382213	0.14348706230115563	0.006986993228085982	4.589806987032412e-5	0.1433971020842098	0.14357702251810145
HepG2_skew	[-0.05,0.05)	pELS	non-CpG tv	2273647	2273647	140435.27	19295.179772	2271159	254089.93801053544	5317012.917812408	124917	484894	303543	0.06176652312342241	0.00467134348099965	4.5327251101556074e-5	0.06167768171126336	0.06185536453558146
HepG2_skew	[-0.2,-0.05)	Other cCREs	CpG ti (CGI)	12199	12199	20411.168	41489.296136	12092	-8249.010996917032	41792.89052633012	308	1807	492	1.673183703582261	0.6015463573799197	0.007022187719569743	1.6594202156519042	1.6869471915126177
HepG2_skew	[-0.2,-0.05)	Other cCREs	CpG ti (non-CGI)	731948	731948	1583216.451	3659313.778511	726324	-629447.3936654318	2100931.554394952	6355	33054	39490	2.1630176610906786	0.3207727248949652	6.620009344578666e-4	2.161720139259141	2.1643151829222163
HepG2_skew	[-0.2,-0.05)	Other cCREs	non-CpG ti	2035369	2035369	289668.414	53316.981322	2027006	105977.17127081088	2784962.3780737915	59748	66602	108628	0.1423173950276338	0.005941002914329907	5.402668303670241e-5	0.14221150272888186	0.14242328732638573
HepG2_skew	[-0.2,-0.05)	Other cCREs	non-CpG tv	1619484	1619484	103495.97	14122.313488	1609031	-46598.90777532069	2453448.211911303	45236	54939	87716	0.06390675672004169	0.00463618433271931	5.350471026798051e-5	0.06380188748791644	0.06401162595216693
HepG2_skew	[-0.2,-0.05)	PLS	CpG ti (CGI)	48041	48041	22769.304	18878.585262	48022	17722.118009693233	264964.8272755497	7240	19268	28160	0.4739556628712974	0.16833773296340376	0.0018719089365185945	0.47028672135572097	0.4776246043868739
HepG2_skew	[-0.2,-0.05)	PLS	CpG ti (non-CGI)	35536	35536	51103.697	97284.610699	35474	-16981.494992225547	157624.70937488292	2116	10035	11565	1.438082423457902	0.6695731608155815	0.004340749740253101	1.429574553967006	1.446590292948798
HepG2_skew	[-0.2,-0.05)	PLS	non-CpG ti	171107	171107	26001.589	4878.573575	170999	134839.1409942531	1013480.6734469738	30783	58992	68576	0.15196098932247074	0.005419718692528188	1.779731487610768e-4	0.15161216195089902	0.15230981669404245
HepG2_skew	[-0.2,-0.05)	PLS	non-CpG tv	175635	175635	14172.192	2059.466464	175471	94515.8259976993	1009632.2046977116	27857	62427	77606	0.08069116064565718	0.005214798060893123	1.7231108423350477e-4	0.08035343092055951	0.08102889037075485
HepG2_skew	[-0.2,-0.05)	dELS	CpG ti (CGI)	46160	46160	58190.207	108233.284093	46075	-25394.544010267004	187133.68342036917	2353	9905	12932	1.2606197357019064	0.7555961074594502	0.00404587029608724	1.2526898299215754	1.2685496414822375
HepG2_skew	[-0.2,-0.05)	dELS	CpG ti (non-CGI)	2236564	2236564	4556035.738	10061701.42471	2232894	-1922116.8837831109	8106441.574512112	43602	207902	365861	2.0370692446091416	0.34908077505086493	3.950684065157974e-4	2.0362949105323707	2.0378435786859126
HepG2_skew	[-0.2,-0.05)	dELS	non-CpG ti	5844845	5844845	824312.064	148727.70256	5837138	1190852.9194384925	12857458.004128989	344510	465996	839303	0.1410323223284792	0.00555584680287413	3.083107244391047e-5	0.14097189342648914	0.14109275123046927
HepG2_skew	[-0.2,-0.05)	dELS	non-CpG tv	4462272	4462272	280025.843	37172.253911	4454580	440629.3187531148	10508712.30949216	246205	357825	662930	0.06275409544734162	0.004392266949195982	3.137374367378859e-5	0.06269260290974099	0.06281558798494224
HepG2_skew	[-0.2,-0.05)	non-cCRE	CpG ti (CGI)	43737	43737	45143.747	78943.74763299999	43593	-13363.345986908766	142655.39852045898	2347	12911	10863	1.0321637743786727	0.7396197032166661	0.004112252191409835	1.0241037600835095	1.040223788673836
HepG2_skew	[-0.2,-0.05)	non-cCRE	CpG ti (non-CGI)	7334615	7334615	16245591.962	38104070.468668	7282907	-6605512.695442984	19590832.291342128	31499	279681	63819	2.214920887054058	0.28922715080530265	1.9857787937106497e-4	2.2145316744104906	2.2153100996976254
HepG2_skew	[-0.2,-0.05)	non-cCRE	non-CpG ti	20134030	20134030	2786883.857999996	521584.377074	19909725	-1834.3690599819856	21018700.499730416	348000	560716	157054	0.13841659409467433	0.0067464592065609235	1.830512056424238e-5	0.1383807160583684	0.13845247213098025
HepG2_skew	[-0.2,-0.05)	non-cCRE	non-CpG tv	16673842	16673842	1030495.8640000008	147407.5606619999	16425802	-1105876.9490460318	19217423.397097524	269220	468451	136125	0.06180314435029435	0.005021019213678873	1.7353141205072457e-5	0.06176913219353241	0.0618371565070563
HepG2_skew	[-0.2,-0.05)	pELS	CpG ti (CGI)	62332	62332	32138.682	30825.704794	62290	7432.349000156627	229909.27399888405	5862	24263	28588	0.5156048578579221	0.22869590139174797	0.0019154625251771985	0.5118505513085748	0.5193591644072694
HepG2_skew	[-0.2,-0.05)	pELS	CpG ti (non-CGI)	310947	310947	526845.938	1065204.334122	310534	-236313.16993729761	1053884.0933433324	6933	68236	55269	1.6943271297037759	0.5549354813837991	0.0013359126467264034	1.6917087409161922	1.6969455184913596
HepG2_skew	[-0.2,-0.05)	pELS	non-CpG ti	879090	879090	126444.618	22932.170856	878270	282754.4499710128	2370068.652280529	68403	205969	173562	0.14383580520765793	0.005397527908772928	7.835753735503225e-5	0.14368222443444206	0.1439893859808738
HepG2_skew	[-0.2,-0.05)	pELS	non-CpG tv	734905	734905	50674.23	7193.682576	733899	134771.28197255824	2097561.0060535604	53334	180115	159200	0.0689534429620155	0.005034017977927655	8.276405869372377e-5	0.0687912254069758	0.0691156605170552
HepG2_skew	[-0.5,-0.2)	Other cCREs	CpG ti (CGI)	3392	3392	6008.286	12680.319	3348	-2130.457994131722	12724.79376777043	111	593	149	1.7713107311320755	0.6009370488025316	0.013310260893307696	1.7452226197811924	1.7973988424829586
HepG2_skew	[-0.5,-0.2)	Other cCREs	CpG ti (non-CGI)	164946	164946	361753.985	851677.359777	163720	-145010.64692647202	468678.1803900697	1208	8052	14417	2.1931661574090913	0.35339514727408516	0.0014637246837732655	2.1902972570288957	2.196035057789287
HepG2_skew	[-0.5,-0.2)	Other cCREs	non-CpG ti	335322	335322	51992.468	10727.096374	333825	11001.066060258068	490918.0579579901	9792	11937	32146	0.155052361610631	0.007949223056816722	1.5396830114019537e-4	0.1547505837403962	0.15535413948086577
HepG2_skew	[-0.5,-0.2)	Other cCREs	non-CpG tv	312346	312346	20920.149	2934.040539	310022	-21487.727943909376	493804.8643514444	8245	11675	29336	0.06697748330377211	0.004907591312939459	1.253476569078966e-4	0.06673180189623264	0.06722316471131158
HepG2_skew	[-0.5,-0.2)	PLS	CpG ti (CGI)	15555	15555	7265.147	6036.4287810000005	15548	18636.09298414912	139700.72601638062	4163	6383	9791	0.4670618450658952	0.16993415317635638	0.00330525771875026	0.4605835399371447	0.47354015019464574
HepG2_skew	[-0.5,-0.2)	PLS	CpG ti (non-CGI)	11695	11695	16749.26	32313.306464	11683	-1244.4089955646782	65383.79917966561	1255	3511	5050	1.4321727233860624	0.7119440016332105	0.007802302866732128	1.4168802097672675	1.4474652370048573
HepG2_skew	[-0.5,-0.2)	PLS	non-CpG ti	53705	53705	8826.979	1849.853609	53674	80288.74196349121	511787.7694340072	15625	19606	27299	0.16436046923005307	0.0074304930484912785	3.719644678937774e-4	0.16363141887298127	0.16508951958712487
HepG2_skew	[-0.5,-0.2)	PLS	non-CpG tv	64381	64381	5297.119	796.147299	64319	77367.7929747716	546926.4920883557	16506	24097	34861	0.082277675090477	0.005596655219049512	2.9483933127154397e-4	0.08169979000118477	0.08285556017976922
HepG2_skew	[-0.5,-0.2)	dELS	CpG ti (CGI)	13189	13189	17572.575	34052.265553	13161	-6256.835998701516	53685.88843335821	748	3052	4120	1.3323659868071878	0.8067306886852956	0.007820929210061608	1.317036965555467	1.3476950080589085
HepG2_skew	[-0.5,-0.2)	dELS	CpG ti (non-CGI)	532070	532070	1100727.357	2478920.413353	531098	-463047.2710032128	1950067.2186836847	10797	54718	128150	2.0687641795252505	0.37922729151274986	8.442389905788412e-4	2.067109471103716	2.070418887946785
HepG2_skew	[-0.5,-0.2)	dELS	non-CpG ti	1053650	1053650	159575.077	32153.415909	1052168	261010.12581582656	2729013.3355690097	73545	94766	243945	0.15144979547287998	0.007579187314543008	8.481313849622168e-5	0.1512835617214274	0.15161602922433257
HepG2_skew	[-0.5,-0.2)	dELS	non-CpG tv	950072	950072	62033.144	8534.146342	948247	104371.07196348946	2535283.2225859263	58988	87730	223170	0.06529309778627304	0.004719447498995384	7.048023120862381e-5	0.06515495653310414	0.06543123903944194
HepG2_skew	[-0.5,-0.2)	non-cCRE	CpG ti (CGI)	10280	10280	11850.034	22106.035356	10240	-1499.8449873907978	39353.16143481056	770	3025	2562	1.1527270428015564	0.8216928403621075	0.008940425613579925	1.1352038085989398	1.170250277004173
HepG2_skew	[-0.5,-0.2)	non-cCRE	CpG ti (non-CGI)	1183088	1183088	2635755.597	6246835.399443	1175103	-1078715.9221014946	3179462.4118047166	4516	52026	16628	2.227860984981675	0.3167462231768378	5.17424749271062e-4	2.226846832473104	2.2288751374902462
HepG2_skew	[-0.5,-0.2)	non-cCRE	non-CpG ti	2020149	2020149	315725.079	68244.253759	2001294	-74277.91564078839	2332548.0413990594	35696	72224	32654	0.1562880158839769	0.009355852936160192	6.805342571133114e-5	0.1561546311695827	0.1564214005983711
HepG2_skew	[-0.5,-0.2)	non-cCRE	non-CpG tv	1982063	1982063	132291.328	19344.457202	1955306	-231597.84643759803	2521257.184414472	31445	71140	33888	0.06674425989486713	0.005304965447161032	5.173477356097257e-5	0.06664285973868762	0.06684566005104663
HepG2_skew	[-0.5,-0.2)	pELS	CpG ti (CGI)	16018	16018	8533.768	8739.900264	16007	7524.298005253426	82523.83115717964	2368	6271	8146	0.5327611437133225	0.2618118414269743	0.004042876714734081	0.5248371053524437	0.5406851820742014
HepG2_skew	[-0.5,-0.2)	pELS	CpG ti (non-CGI)	73196	73196	125802.512	259853.239958	73102	-51355.92297849899	260717.86328415884	2165	16973	18897	1.7187074703535712	0.5961544203067856	0.0028538800135211183	1.71311386552707	1.7243010751800725
HepG2_skew	[-0.5,-0.2)	pELS	non-CpG ti	171477	171477	26893.273	5487.853229	171288	93697.30198824972	682744.3071967318	20477	44306	53262	0.15683312047679865	0.007406851714383147	2.078327033297849e-4	0.15642576837827227	0.15724047257532503
HepG2_skew	[-0.5,-0.2)	pELS	non-CpG tv	171285	171285	12597.937	1918.242757	170988	65458.75899821217	671491.7110905701	18545	46434	56503	0.07354956359284234	0.005789624182526556	1.8385079865530663e-4	0.07318921602747794	0.07390991115820675
HepG2_skew	[-1.0,-0.5)	Other cCREs	CpG ti (CGI)	851	851	1499.956	3139.76136	848	-489.48100092448294	2862.7101383004274	31	201	65	1.762580493537015	0.583491968513168	0.02618500500457283	1.7112578837280523	1.8139031033459778
HepG2_skew	[-1.0,-0.5)	Other cCREs	CpG ti (non-CGI)	47084	47084	104368.5	248271.860376	46799	-41400.22198594969	137481.05417678918	424	2093	6382	2.21664472007476	0.3594498207182511	0.002763010021737058	2.211229220432155	2.2220602197173647
HepG2_skew	[-1.0,-0.5)	Other cCREs	non-CpG ti	78081	78081	12765.449	2872.754189	77681	9723.548004171227	148987.63654468054	3199	2922	12846	0.16348982466925374	0.01006318097035988	3.590004211280278e-4	0.1627861838438428	0.16419346549466468
HepG2_skew	[-1.0,-0.5)	Other cCREs	non-CpG tv	72325	72325	4768.392	561.930428	71814	-3394.6519786214917	129542.40659030066	2158	2884	11480	0.06593006567576909	0.003422792299543555	2.1754347017967737e-4	0.06550368047421692	0.06635645087732125
HepG2_skew	[-1.0,-0.5)	PLS	CpG ti (CGI)	4891	4891	2276.87	1909.76664	4891	11787.540009920716	79389.70835812358	2127	2133	3288	0.4655223880597015	0.17378991417147394	0.005960922191218021	0.4538389805649142	0.4772057955544888
HepG2_skew	[-1.0,-0.5)	PLS	CpG ti (non-CGI)	4108	4108	6077.7699999999995	11885.013794	4105	1784.052995547186	32905.25224844382	703	1283	2225	1.479496105160662	0.7044014489743572	0.013094680392059748	1.453830531592225	1.5051616787290991
HepG2_skew	[-1.0,-0.5)	PLS	non-CpG ti	15135	15135	2594.721	601.187157	15129	37875.26899894222	235153.2238099765	6625	5656	9255	0.17143845391476709	0.010331188081130009	8.261975853420948e-4	0.16981910664749658	0.1730578011820376
HepG2_skew	[-1.0,-0.5)	PLS	non-CpG tv	18404	18404	1390.604	172.763582	18392	37670.472976782825	241406.17859822657	6929	7136	11433	0.07555987828732884	0.0036781890460320264	4.470549531868289e-4	0.07468365057908265	0.07643610599557503
HepG2_skew	[-1.0,-0.5)	dELS	CpG ti (CGI)	3279	3279	4323.605	8272.526509	3272	-511.46099824307015	17705.470608743268	323	784	1216	1.3185742604452575	0.784482075554479	0.015467524198628454	1.2882579130159457	1.3488906078745693
HepG2_skew	[-1.0,-0.5)	dELS	CpG ti (non-CGI)	148185	148185	310155.012	706898.722286	147944	-120511.0009935262	563381.5345586697	3897	15477	49447	2.0930256908593985	0.3896258301921593	0.0016215179031912879	2.0898475157691436	2.0962038659496534
HepG2_skew	[-1.0,-0.5)	dELS	non-CpG ti	239321	239321	37250.169	8027.201335	238948	101821.55688981258	868951.0966827724	23581	22684	81384	0.15564939558166646	0.009314871489365995	1.9728680035641124e-4	0.15526271345296788	0.15603607771036504
HepG2_skew	[-1.0,-0.5)	dELS	non-CpG tv	216193	216193	13560.567	1579.869901	215736	44126.883986490095	705930.4971491552	16966	21120	74188	0.06272435740287613	0.0033733535464140784	1.2491371250210906e-4	0.062479526526371995	0.06296918827938026
HepG2_skew	[-1.0,-0.5)	non-cCRE	CpG ti (CGI)	2267	2267	2875.159	5597.048923	2249	-13.0460052989656	11674.131855877742	231	712	571	1.2682659902955449	0.8608043012391225	0.019486168522048184	1.2300730999923304	1.3064588805987594
HepG2_skew	[-1.0,-0.5)	non-cCRE	CpG ti (non-CGI)	259227	259227	592928.097	1440590.273833	257769	-238884.72679637617	716753.638589355	1029	11751	5088	2.2872929787406404	0.32554605119413543	0.0011206399455896234	2.285096524447285	2.289489433033996
HepG2_skew	[-1.0,-0.5)	non-cCRE	non-CpG ti	332542	332542	56254.966	13475.345272	329208	-10647.558912888282	397447.52127173386	5831	12947	7686	0.16916649926926525	0.011904966928193697	1.8920858786741944e-4	0.16879565043704511	0.16953734810148538
HepG2_skew	[-1.0,-0.5)	non-cCRE	non-CpG tv	317393	317393	20093.921	2300.351129	313638	-45632.98587289825	426439.81618279166	4787	13678	7768	0.06330927588195076	0.0032395887132028412	1.0102904935275186e-4	0.06311125894521936	0.06350729281868216
HepG2_skew	[-1.0,-0.5)	pELS	CpG ti (CGI)	3798	3798	2057.985	2109.407365	3798	3856.908000429976	32753.89605637618	862	1556	2081	0.5418601895734597	0.26185599756667455	0.008303358373942292	0.5255856071605328	0.5581347719863866
HepG2_skew	[-1.0,-0.5)	pELS	CpG ti (non-CGI)	19631	19631	34438.565	72186.767301	19607	-11526.233997603416	79577.6821657703	893	4610	7003	1.7542949926137232	0.599662005537329	0.005526905702603896	1.7434622574366196	1.7651277277908268
HepG2_skew	[-1.0,-0.5)	pELS	non-CpG ti	37061	37061	6000.97	1326.156826	37014	33612.77898899956	233504.3967091975	6622	9848	15416	0.16192142683683658	0.009564792261061756	5.080181214565867e-4	0.16092571131878167	0.1629171423548915
HepG2_skew	[-1.0,-0.5)	pELS	non-CpG tv	37815	37815	2618.167	326.825361	37728	25592.882000824673	211738.73965055693	5819	10609	16254	0.06923620256511966	0.0038491939556431045	3.190456629016378e-4	0.06861087306583244	0.06986153206440687
HepG2_skew	[-1.5,-1.0)	Other cCREs	CpG ti (CGI)	111	111	199.798	432.08619	102	-34.82099963724619	600.893502087628	8	18	15	1.799981981981982	0.6586671814905815	0.07703206197413659	1.6489991405126743	1.9509648234512897
HepG2_skew	[-1.5,-1.0)	Other cCREs	CpG ti (non-CGI)	9979	9979	22814.243	55688.185189	9919	-8325.572990655784	27078.95617497284	82	442	1227	2.286225373283896	0.3537466396207154	0.005953915273746692	2.274555699347353	2.2978950472204396
HepG2_skew	[-1.5,-1.0)	Other cCREs	non-CpG ti	13877	13877	2274.651	506.466085	13789	968.7910069543868	20504.441143635064	408	536	2352	0.16391518339698782	0.009629305936210603	8.330090090983843e-4	0.162282485739155	0.16554788105482066
HepG2_skew	[-1.5,-1.0)	Other cCREs	non-CpG tv	12792	12792	796.5029999999999	83.494801	12675	-1568.1019983948208	20934.959448473768	281	523	2111	0.06226571294559099	0.0026502989478303443	4.5517479648904657e-4	0.06137357034447246	0.06315785554670952
HepG2_skew	[-1.5,-1.0)	PLS	CpG ti (CGI)	1039	1039	497.309	454.998693	1039	3828.31499951333	27015.537768106373	635	494	769	0.47864196342637155	0.2090228678327501	0.014183686620649486	0.45084193764989855	0.5064419892028446
HepG2_skew	[-1.5,-1.0)	PLS	CpG ti (non-CGI)	1000	1000	1584.677	3205.691809	999	850.5239996444428	9525.637609430936	225	284	581	1.584677	0.6951858004714719	0.026366376324240538	1.5329989024044886	1.6363550975955112
HepG2_skew	[-1.5,-1.0)	PLS	non-CpG ti	3034	3034	490.161	103.669335	3029	9832.138990485457	63638.60512938555	1623	1149	1986	0.1615560316413975	0.0080715031238447	0.0016310580625399672	0.15835915783881918	0.16475290544397583
HepG2_skew	[-1.5,-1.0)	PLS	non-CpG tv	3458	3458	247.572	27.846172	3455	9841.21698895155	65195.375537356165	1697	1347	2279	0.07159398496240602	0.002927829318740878	9.201537136689383e-4	0.0697904836836149	0.07339748624119713
HepG2_skew	[-1.5,-1.0)	dELS	CpG ti (CGI)	577	577	772.712	1509.98183	577	-38.66900232108323	3915.4068207012056	75	142	238	1.3391889081455806	0.8249557125156461	0.037811805088004614	1.2650777701730915	1.4133000461180696
HepG2_skew	[-1.5,-1.0)	dELS	CpG ti (non-CGI)	31542	31542	68576.078	161250.212814	31501	-23418.63699432905	115031.23246748504	953	3318	11069	2.1741195231754484	0.38545457694422036	0.0034957630674517176	2.167267827563243	2.1809712187876538
HepG2_skew	[-1.5,-1.0)	dELS	non-CpG ti	44599	44599	6793.552	1425.142538	44521	22612.39297914761	171440.05205358827	4707	4189	18604	0.1523252090854055	0.008751811945993662	4.4298235546152927e-4	0.1514569636687009	0.1531934545021101
HepG2_skew	[-1.5,-1.0)	dELS	non-CpG tv	38908	38908	2252.296	218.366512	38832	8328.343005842762	131146.66943238364	3147	3726	15975	0.05788773517014495	0.002261449035577742	2.410870866190778e-4	0.05741520448037156	0.05836026585991834
HepG2_skew	[-1.5,-1.0)	non-cCRE	CpG ti (CGI)	385	385	490.753	939.659059	382	198.23200092837223	3596.125377977231	75	125	103	1.2746831168831168	0.8179804566152598	0.0460936499166321	1.1843395630465179	1.3650266707197156
HepG2_skew	[-1.5,-1.0)	non-cCRE	CpG ti (non-CGI)	71458	71458	167449.41	415036.102434	71183	-63363.99192484713	183649.26903020675	253	3373	1159	2.3433262895686977	0.3169388276618439	0.002106019049528323	2.3391984922316222	2.347454086905773
HepG2_skew	[-1.5,-1.0)	non-cCRE	non-CpG ti	64642	64642	10880.958	2390.9989020000003	63940	1135.7240338319675	58907.3065919874	888	2738	1420	0.16832644410754619	0.00865466087121862	3.6590440261868683e-4	0.16760927147841356	0.1690436167366788
HepG2_skew	[-1.5,-1.0)	non-cCRE	non-CpG tv	59924	59924	3482.129	338.060827	59294	-9621.453955661857	74638.72425638439	729	2726	1401	0.058109088178359254	0.0022648646745085876	1.9441095397613087e-4	0.05772804270856604	0.05849013364815247
HepG2_skew	[-1.5,-1.0)	pELS	CpG ti (CGI)	645	645	342.578	330.092232	645	1229.1949994103063	9902.767912970949	225	270	382	0.5311286821705425	0.2300298607443787	0.018884793962724102	0.4941144860036033	0.5681428783374818
HepG2_skew	[-1.5,-1.0)	pELS	CpG ti (non-CGI)	4161	4161	7657.403	16544.873233	4158	-2252.980991175515	16982.781053893552	213	939	1470	1.8402795001201635	0.5896902567166727	0.011904553693194209	1.8169465748815028	1.8636124253588242
HepG2_skew	[-1.5,-1.0)	pELS	non-CpG ti	6587	6587	1028.215	214.967907	6579	7453.477010156145	48744.81684770235	1356	1780	3116	0.15609761651738271	0.008269966023774576	0.0011204901186231294	0.15390145588488138	0.15829377714988405
HepG2_skew	[-1.5,-1.0)	pELS	non-CpG tv	6412	6412	401.268	39.160222	6400	5461.2150007321015	43079.96689783286	1154	1781	3135	0.06258078602620087	0.0021913204106751567	5.84596465300565e-4	0.06143497695421177	0.06372659509818998
HepG2_skew	[0.05,0.2)	Other cCREs	CpG ti (CGI)	4600	4600	7548.64	14786.78242	4571	-3453.2010039300667	16329.910992148962	116	715	190	1.6410086956521739	0.521721795966987	0.010649778482764499	1.6201351298259554	1.6618822614783924
HepG2_skew	[0.05,0.2)	Other cCREs	CpG ti (non-CGI)	170536	170536	342146.398	734085.393358	168644	-135840.71691409132	468612.0520899527	1628	8420	8330	2.0063001243139276	0.27933874287998045	0.0012798455155960135	2.0037916271033596	2.0088086215244956
HepG2_skew	[0.05,0.2)	Other cCREs	non-CpG ti	2432787	2432787	398963.324	94558.03586	2423722	-298183.3726938032	3966015.556403638	59592	77298	106347	0.1639943505123959	0.011974051421848628	7.015659718490886e-5	0.16385684358191346	0.1641318574428783
HepG2_skew	[0.05,0.2)	Other cCREs	non-CpG tv	1651881	1651881	97217.229	10284.931957	1642003	-29397.756853911673	2448688.4937894084	45698	55282	73655	0.058852440944595893	0.0027625861009760062	4.089484178030398e-5	0.058772287054706496	0.05893259483448529
HepG2_skew	[0.05,0.2)	PLS	CpG ti (CGI)	18156	18156	8721.053	7329.136469	18151	2750.069995115396	102376.43849119564	2407	7481	10419	0.48033999779687153	0.1729587380993445	0.003086463653059258	0.4742905290368754	0.48638946655686766
HepG2_skew	[0.05,0.2)	PLS	CpG ti (non-CGI)	9415	9415	12564.416	22198.402278	9403	-4979.661989891318	45163.50433378289	588	2752	3173	1.3345104620286776	0.5769128613468764	0.00782789421989617	1.3191677893576812	1.349853134699674
HepG2_skew	[0.05,0.2)	PLS	non-CpG ti	146873	146873	21959.854	4487.091954	146779	45365.30197022484	763940.222960041	19015	48694	48060	0.14951593553614348	0.00819587013830327	2.362253773192185e-4	0.14905293379659781	0.14997893727568914
HepG2_skew	[0.05,0.2)	PLS	non-CpG tv	138561	138561	10127.471	1277.361951	138434	43531.11896559399	726256.1322188275	18174	48910	53067	0.07309034288147458	0.0038765994737861567	1.6726495642615253e-4	0.07276250356687931	0.07341818219606984
HepG2_skew	[0.05,0.2)	dELS	CpG ti (CGI)	17429	17429	21161.838	37319.27865	17396	-11006.609005427112	71898.29391061097	821	3801	4750	1.2141739629353376	0.6670372930080548	0.006186411759565758	1.2020485958865887	1.2262993299840865
HepG2_skew	[0.05,0.2)	dELS	CpG ti (non-CGI)	516494	516494	970695.924	1982680.616058	515657	-439217.8759276073	1873455.567995873	10113	50619	82446	1.8793943859948035	0.3066065677257226	7.704741748000247e-4	1.8778842566121954	1.8809045153774115
HepG2_skew	[0.05,0.2)	dELS	non-CpG ti	6560393	6560393	1056651.137	251541.129547	6552612	-545749.9383071959	15598185.872033045	288674	493150	740911	0.1610652192635411	0.012400384379626244	4.347630686272586e-5	0.16098000570209015	0.16115043282499203
HepG2_skew	[0.05,0.2)	dELS	non-CpG tv	4317564	4317564	243349.733	24350.848515	4310530	377605.0386695024	9590514.889811205	221351	335338	515117	0.05636273903525229	0.002463193014119928	2.3885252137374096e-5	0.05631592394106304	0.05640955412944154
HepG2_skew	[0.05,0.2)	non-cCRE	CpG ti (CGI)	15975	15975	16348.379	27198.656275	15941	-6651.569001054276	51704.58306625563	722	4831	3898	1.0233727073552426	0.6553256164329789	0.006404837844983334	1.0108192251790753	1.0359261895314098
HepG2_skew	[0.05,0.2)	non-cCRE	CpG ti (non-CGI)	1570849	1570849	3264345.744	7200546.032378	1557376	-1292608.1631037972	3941824.2478771857	8372	61180	13378	2.078077360713856	0.26545091837591606	4.110786258965971e-4	2.0772716466070986	2.0788830748206135
HepG2_skew	[0.05,0.2)	non-cCRE	non-CpG ti	26701674	26701674	4409550.552999989	1050721.0308650003	26430596	-4163585.4354501497	33518269.524043266	335485	705527	141607	0.1651413522987356	0.012078714675029712	2.126870837869093e-5	0.16509966563031336	0.16518303896715786
HepG2_skew	[0.05,0.2)	non-cCRE	non-CpG tv	19016096	19016096	1163659.285000001	137521.98306099986	18751049	-1518786.890914007	20714488.83151599	263131	506515	108455	0.061193385067050625	0.003487242377951204	1.3541924440774682e-5	0.061166842895146706	0.061219927238954544
HepG2_skew	[0.05,0.2)	pELS	CpG ti (CGI)	23606	23606	12257.239	11443.437141	23593	-287.5730005989311	90590.0769283627	2091	9205	10776	0.5192425230873506	0.21516447517709492	0.0030190762579310362	0.5133251336218058	0.5251599125528955
HepG2_skew	[0.05,0.2)	pELS	CpG ti (non-CGI)	72762	72762	114293.461	215254.162765	72661	-55928.6619916904	250599.65004633667	1600	16517	12874	1.5707850388939282	0.4909732436716555	0.0025976258569684273	1.5656936922142701	1.5758763855735862
HepG2_skew	[0.05,0.2)	pELS	non-CpG ti	941328	941328	145899.157	32585.973903	940537	367.3109726258249	2481048.594038974	52167	209776	141054	0.15499290045552666	0.010594235994031557	1.0608752876230715e-4	0.15478496889915253	0.1552008320119008
HepG2_skew	[0.05,0.2)	pELS	non-CpG tv	696622	696622	42517.127	4689.0283469999995	695763	91451.02604921302	1781725.3651704332	43371	166989	121002	0.061033282038178524	0.003006037060835008	6.568989571593626e-5	0.060904529842575286	0.06116203423378176
HepG2_skew	[0.2,0.5)	Other cCREs	CpG ti (CGI)	1491	1491	2511.96	5041.690674	1479	-1073.3680016256408	5704.318263748956	37	258	58	1.684748490945674	0.5434025870363123	0.01909070774199013	1.6473307037713734	1.7221662781199747
HepG2_skew	[0.2,0.5)	Other cCREs	CpG ti (non-CGI)	42570	42570	86826.512	189814.737874	41849	-34244.69499221503	115817.09095962536	357	2305	2253	2.0396173831336624	0.2988530311244448	0.0026495798201792617	2.034424206686111	2.044810559581214
HepG2_skew	[0.2,0.5)	Other cCREs	non-CpG ti	363707	363707	56670.072	12177.043898	362099	-54642.73195717414	558720.1261698776	7502	12897	20239	0.15581243143519372	0.009202878671433821	1.5906917123834034e-4	0.15550065585956657	0.15612420701082086
HepG2_skew	[0.2,0.5)	Other cCREs	non-CpG tv	282523	282523	16758.067	1715.404581	280423	-13599.501948975836	411424.6608416675	6915	11147	15161	0.05931576190257076	0.0025533836971303892	9.506729480430494e-5	0.059129430004754326	0.0595020938003872
HepG2_skew	[0.2,0.5)	PLS	CpG ti (CGI)	5128	5128	2393.085	1985.110557	5125	2703.674999074081	32145.94610835502	911	2123	2943	0.46667024180967237	0.16936395579849817	0.005746937660389752	0.45540624399530844	0.4779342396240363
HepG2_skew	[0.2,0.5)	PLS	CpG ti (non-CGI)	2698	2698	3572.36	6404.824712	2692	-960.7560005951668	13957.190357564104	217	785	948	1.3240770941438103	0.620965763427667	0.015170952740434866	1.2943420267725578	1.3538121615150627
HepG2_skew	[0.2,0.5)	PLS	non-CpG ti	34956	34956	5082.483	947.578875	34937	21172.658987898052	216921.67748086675	5951	12114	13138	0.14539658427737728	0.0059677644729555935	4.131854045552239e-4	0.14458674088444903	0.14620642767030553
HepG2_skew	[0.2,0.5)	PLS	non-CpG tv	38494	38494	2871.426	376.575134	38469	21589.762980733656	238703.94204124855	6388	14078	15785	0.07459411856393204	0.004218523952626266	3.310424890296541e-4	0.07394527528543392	0.07524296184243016
HepG2_skew	[0.2,0.5)	dELS	CpG ti (CGI)	5105	5105	6382.85	11519.11564	5102	-2710.7769910783973	20993.584426866797	264	1120	1406	1.250313418217434	0.6932900937560446	0.011653587037624745	1.2274723876236895	1.2731544488111786
HepG2_skew	[0.2,0.5)	dELS	CpG ti (non-CGI)	131825	131825	250472.551	519038.099789	131526	-114312.92000119192	485958.7306834704	2565	13743	24451	1.9000383159491752	0.32718363723954785	0.0015754219715093528	1.8969504888850168	1.9031261430133335
HepG2_skew	[0.2,0.5)	dELS	non-CpG ti	1091432	1091432	166465.895	35509.107037	1089953	-83359.373005484	2561725.557545686	48648	92453	162925	0.15252062886189885	0.00927188621868096	9.216917609406304e-5	0.1523399772767545	0.1527012804470432
HepG2_skew	[0.2,0.5)	dELS	non-CpG tv	833405	833405	47360.852	4592.917942	831959	65207.969962333824	1905426.6343671584	43746	73067	127396	0.05682813518037449	0.0022815933716256345	5.232281152387232e-5	0.0567255824697877	0.05693068789096128
HepG2_skew	[0.2,0.5)	non-cCRE	CpG ti (CGI)	4421	4421	4630.144	7982.67871	4398	-970.9760025391588	16064.794730167792	312	1339	1113	1.0473069441302874	0.7089359154924921	0.012663193172311234	1.0224870855125574	1.0721268027480173
HepG2_skew	[0.2,0.5)	non-cCRE	CpG ti (non-CGI)	299826	299826	624554.814	1383776.825902	297250	-260171.09679345708	795597.5024489663	1492	13802	3346	2.083057553380961	0.2761384244104359	9.596851526125102e-4	2.0811765704818406	2.084938536280082
HepG2_skew	[0.2,0.5)	non-cCRE	non-CpG ti	2944662	2944662	454346.938	97396.540464	2919354	-493232.9983782113	3736793.920818042	35521	96764	25822	0.15429510687474488	0.009268649636435878	5.610357124009896e-5	0.15418514387511428	0.15440506987437547
HepG2_skew	[0.2,0.5)	non-cCRE	non-CpG tv	2343839	2343839	142727.174	15628.314006	2315516	-190121.2954326799	2663481.1931765904	34086	80609	22745	0.060894615201812066	0.002959674545095661	3.553514488333427e-5	0.060824966317840734	0.0609642640857834
HepG2_skew	[0.2,0.5)	pELS	CpG ti (CGI)	6993	6993	3719.502	3692.58194	6987	1409.7779997441685	29931.34571588428	794	2678	3255	0.5318893178893179	0.24516855811385102	0.005921075820272829	0.5202840092815831	0.5434946264970527
HepG2_skew	[0.2,0.5)	pELS	CpG ti (non-CGI)	18389	18389	28871.948	54763.328964	18355	-13404.16899134754	64833.37769846338	484	4303	3819	1.5700662352493338	0.5129681457105428	0.005281607724660048	1.5597142841090001	1.5804181863896674
HepG2_skew	[0.2,0.5)	pELS	non-CpG ti	168702	168702	24935.06	4980.695082	168530	17525.09001356502	502927.0077588445	11955	41176	33957	0.14780536093229482	0.00767724873493087	2.133254596743482e-4	0.1473872430313331	0.14822347883325654
HepG2_skew	[0.2,0.5)	pELS	non-CpG tv	149493	149493	9614.333	1090.703493	149284	32054.69301908649	453643.8690485455	11784	39566	33665	0.06431293104024938	0.003159885196351684	1.453868822725284e-4	0.06402797275099523	0.06459788932950353
HepG2_skew	[0.5,1.0)	Other cCREs	CpG ti (CGI)	342	342	570.341	1158.129989	331	-212.87199916527612	1443.7645293523185	11	61	8	1.6676637426900585	0.6070175434909363	0.042129622570427974	1.5850896824520195	1.7502378029280974
HepG2_skew	[0.5,1.0)	Other cCREs	CpG ti (non-CGI)	9376	9376	19704.666	44239.276584	9294	-8419.436998559047	27855.69140705829	59	448	657	2.101606868600683	0.30163361865788313	0.0056719327484191775	2.0904898804137813	2.1127238567875843
HepG2_skew	[0.5,1.0)	Other cCREs	non-CpG ti	76539	76539	11773.647	2410.821773	76144	-13861.479989845302	118601.1097303672	1446	2781	4813	0.1538254615294164	0.007835782086552712	3.199630168497889e-4	0.1531983340163908	0.154452589042442
HepG2_skew	[0.5,1.0)	Other cCREs	non-CpG tv	54948	54948	3298.476	343.737154	54440	-3262.2529909363952	78015.18132757259	1229	2197	3361	0.06002904564315353	0.002652242845708655	2.1970032456650895e-4	0.05959843300700317	0.060459658279303885
HepG2_skew	[0.5,1.0)	PLS	CpG ti (CGI)	1056	1056	512.083	461.546213	1056	965.0609994479456	8236.486992014186	237	392	617	0.4849270833333333	0.20210739088665092	0.013834362099615144	0.4578117336180876	0.512042433048579
HepG2_skew	[0.5,1.0)	PLS	CpG ti (non-CGI)	685	685	914.732	1635.057144	685	-96.66399986681064	3494.4153818430514	60	223	280	1.3353751824817517	0.6046004862252958	0.02970906338214363	1.2771454182527502	1.3936049467107532
HepG2_skew	[0.5,1.0)	PLS	non-CpG ti	7859	7859	1171.711	220.978423	7858	5091.728992925144	49535.18505779878	1381	2724	2890	0.14909161470925053	0.005890320442531089	8.657366762979973e-4	0.14739477082370644	0.15078845859479462
HepG2_skew	[0.5,1.0)	PLS	non-CpG tv	8216	8216	656.219	93.914423	8211	5981.388000073147	55068.24724218843	1547	2976	3453	0.07987086173320351	0.0050519349950455174	7.841491238737356e-4	0.078333929450411	0.08140779401599603
HepG2_skew	[0.5,1.0)	dELS	CpG ti (CGI)	1255	1255	1553.927	2836.937881	1252	-528.0559989046305	5305.220794721266	79	248	403	1.238188844621514	0.7279767178977868	0.024084458262519284	1.1909833064269761	1.2853943828160517
HepG2_skew	[0.5,1.0)	dELS	CpG ti (non-CGI)	32281	32281	62715.574	132742.914228	32237	-28301.31498448692	121440.23456901404	649	3304	6844	1.942801462160404	0.3376395712692379	0.0032340980323727606	1.9364626300169534	1.9491402943038545
HepG2_skew	[0.5,1.0)	dELS	non-CpG ti	236578	236578	36088.695	7475.404871	236265	-29106.115958430815	560489.9251808267	10083	20609	39233	0.15254459417190103	0.008328237901535172	1.876244288841185e-4	0.15217685029128816	0.1529123380525139
HepG2_skew	[0.5,1.0)	dELS	non-CpG tv	172093	172093	9930.759	982.807831	171796	14368.965993807422	405191.2265307956	9263	15825	29670	0.057705769554833725	0.0023809691365165664	1.1762382015697758e-4	0.05747522686732605	0.0579363122423414
HepG2_skew	[0.5,1.0)	non-cCRE	CpG ti (CGI)	1023	1023	1083.326	1876.454898	1013	0.4249996884027694	3678.461138590675	89	289	268	1.058969696969697	0.7135474482002016	0.0264103168657694	1.0072054759127889	1.110733918026605
HepG2_skew	[0.5,1.0)	non-cCRE	CpG ti (non-CGI)	52984	52984	112704.508	255155.845418	52550	-47334.73498347587	148190.8415226169	294	2605	868	2.1271423071115807	0.2909861323255459	0.0023434936173146	2.122549059621644	2.1317355546015175
HepG2_skew	[0.5,1.0)	non-cCRE	non-CpG ti	577087	577087	86675.909	17232.670159	572983	-109007.78686006296	732931.59235877	6074	20874	5736	0.1501955666996484	0.007302781366274429	1.1249248324327814e-4	0.14997508143249158	0.15041605196680521
HepG2_skew	[0.5,1.0)	non-cCRE	non-CpG tv	401042	401042	25327.647	2927.477523	396936	-32832.95882649464	451051.1332954647	5601	15971	4942	0.06315459976760539	0.003311182930572706	9.086500578367675e-5	0.06297650435626938	0.0633326951789414
HepG2_skew	[0.5,1.0)	pELS	CpG ti (CGI)	1637	1637	815.217	754.539819	1636	918.193002220476	8854.330293843697	260	656	776	0.4979945021380574	0.2130600458132758	0.011408450656132595	0.47563393885203753	0.5203550654240773
HepG2_skew	[0.5,1.0)	pELS	CpG ti (non-CGI)	4337	4337	6912.818	13376.948602	4326	-3125.391004106612	15993.424969655362	111	1025	1012	1.5939169933133503	0.5439323155252748	0.01119896067517524	1.5719670303900068	1.6158669562366939
HepG2_skew	[0.5,1.0)	pELS	non-CpG ti	37614	37614	5561.022	1076.389818	37578	4161.5260119678	116110.45188361515	2810	9307	8230	0.14784447280267984	0.006758925163265251	4.239006268687303e-4	0.14701362757401712	0.14867531803134257
HepG2_skew	[0.5,1.0)	pELS	non-CpG tv	32886	32886	2256.73	278.626304	32824	8626.750994901871	110229.91970035496	2932	9092	8176	0.06862281822051937	0.0037635131955969995	3.382915853638688e-4	0.06795976671320618	0.06928586972783256
HepG2_skew	[1.0,1.5)	Other cCREs	CpG ti (non-CGI)	1345	1345	2924.491	6747.907221	1337	-1267.817999119405	4102.364549816112	5	59	147	2.1743427509293682	0.28948021948796276	0.014670614472043524	2.1455883465641628	2.2030971552945737
HepG2_skew	[1.0,1.5)	Other cCREs	non-CpG ti	13411	13411	1918.756	346.160042	13360	-2467.8199993426674	20566.870842040054	230	512	853	0.14307329803892327	0.0053420800110386074	6.311384122379003e-4	0.141836266750937	0.14431032932690954
HepG2_skew	[1.0,1.5)	Other cCREs	non-CpG tv	9165	9165	567.198	54.875056	9050	-920.879995111958	12456.409782322178	187	374	540	0.061887397708674304	0.002157643801226032	4.8520318196952064e-4	0.06093639947201404	0.06283839594533457
HepG2_skew	[1.0,1.5)	PLS	CpG ti (CGI)	90	90	39.757	30.722061	90	82.6809997670352	636.2510598410781	23	33	57	0.44174444444444444	0.14786097890137329	0.04053269995412117	0.36230035253436693	0.5211885363545219
HepG2_skew	[1.0,1.5)	PLS	CpG ti (non-CGI)	91	91	135.424	261.25486	91	-30.039999843575032	625.9214705343276	6	35	39	1.4881758241758243	0.6635570798534799	0.0853922481396639	1.320807017822083	1.6555446305295656
HepG2_skew	[1.0,1.5)	PLS	non-CpG ti	1332	1332	203.224	37.229608	1331	1045.776002232917	8625.372772112249	256	471	496	0.15257057057057055	0.004675887578036343	0.0018736131163174788	0.1488982888625883	0.1562428522785528
HepG2_skew	[1.0,1.5)	PLS	non-CpG tv	1175	1175	110.464	18.557746	1173	799.05300150637	7416.07465233557	200	409	459	0.09401191489361702	0.00696151093116822	0.00243406864204478	0.08924114035520925	0.09878268943202478
HepG2_skew	[1.0,1.5)	dELS	CpG ti (CGI)	199	199	256.587	483.727959	198	-20.591000045533253	800.4377973173656	20	34	55	1.2893819095477386	0.772168297852901	0.06229159415826823	1.167290384997533	1.4114734340979442
HepG2_skew	[1.0,1.5)	dELS	CpG ti (non-CGI)	5240	5240	10408.501	22400.621291	5238	-4661.151001737336	18981.823771654857	99	576	1362	1.9863551526717558	0.3293837942471612	0.007928398496476063	1.9708154916186627	2.001894813724849
HepG2_skew	[1.0,1.5)	dELS	non-CpG ti	42092	42092	5947.605	1077.512037	42030	-3551.5969944593953	96812.5956043377	1879	3667	6974	0.14130012829041147	0.00563338213583206	3.6583463989334225e-4	0.14058309239622052	0.14201716418460242
HepG2_skew	[1.0,1.5)	dELS	non-CpG tv	29743	29743	1785.152	172.720362	29676	1821.0840113967415	70851.18481373107	1595	2862	5337	0.060019231415795314	0.0022048588191658316	2.72268881656404e-4	0.05948558440774876	0.06055287842384187
HepG2_skew	[1.0,1.5)	non-cCRE	CpG ti (CGI)	137	137	142.62	246.940392	136	-8.679999724263249	548.2351003090491	13	42	31	1.041021897810219	0.7240430068699011	0.07269790541415287	0.8985340031984794	1.1835097924219586
HepG2_skew	[1.0,1.5)	non-cCRE	CpG ti (non-CGI)	5713	5713	12419.087	28689.754719	5681	-5642.472997456789	18428.914287758587	37	312	176	2.1738293366007353	0.29635487825686097	0.007202345124637663	2.1597127401564453	2.1879459330450253
HepG2_skew	[1.0,1.5)	non-cCRE	non-CpG ti	100785	100785	14136.006	2443.364964	100041	-22774.512979675783	131540.59184525703	922	4046	1066	0.14025902664086917	0.004570790223155597	2.1295983164877212e-4	0.13984162537083758	0.14067642791090076
HepG2_skew	[1.0,1.5)	non-cCRE	non-CpG tv	62205	62205	3874.413	378.884745	61560	-8607.505972209037	74371.6989272701	764	2769	843	0.06228459127079817	0.0022115702347233796	1.8855485568443033e-4	0.061915023753656685	0.06265415878793965
HepG2_skew	[1.0,1.5)	pELS	CpG ti (CGI)	238	238	104.779	82.48051099999999	238	167.64600194338715	1529.2425273301724	37	96	125	0.44024789915966384	0.15338302267489273	0.025386344396688555	0.3904906641421543	0.4900051341771734
HepG2_skew	[1.0,1.5)	pELS	CpG ti (non-CGI)	643	643	1065.061	2143.695863	643	-438.55200104112726	2371.8911489607194	23	152	177	1.6563934681181958	0.5911772265616296	0.03032168707276643	1.5969629614555736	1.715823974780818
HepG2_skew	[1.0,1.5)	pELS	non-CpG ti	7336	7336	1044.082	185.311524	7332	1024.4289945691128	21997.931283496007	550	1920	1678	0.14232306434023992	0.005005395274371315	8.260180324026365e-4	0.14070406899673074	0.1439420596837491
HepG2_skew	[1.0,1.5)	pELS	non-CpG tv	5972	5972	458.799	61.920457	5961	1217.9020020011817	18234.703684480293	501	1650	1550	0.0768250167448091	0.00446712713825127	8.648768189542247e-4	0.07512985817965882	0.07852017530995938
HepG2_skew	[1.5,Inf)	Other cCREs	CpG ti (non-CGI)	165	165	362.273	835.463909	165	-155.03800009097915	506.76944706542486	0	7	21	2.1955939393939397	0.2442652792313369	0.03847590975799107	2.120181156268277	2.2710067225196022
HepG2_skew	[1.5,Inf)	Other cCREs	non-CpG ti	4488	4488	627.278	104.565358	4473	-932.7879978879356	6619.91994845912	73	145	239	0.13976782531194296	0.0037646703975874854	9.158767943848972e-4	0.13797270679494855	0.14156294382893736
HepG2_skew	[1.5,Inf)	Other cCREs	non-CpG tv	2103	2103	134.41	13.173954	2087	-245.3839986630485	3254.196199940861	47	89	131	0.06391345696623871	0.0021804691956079235	0.0010182521633623324	0.061917682726048535	0.06590923120642887
HepG2_skew	[1.5,Inf)	PLS	non-CpG ti	372	372	54.851	9.140487	372	184.7360011453276	1977.8437986284775	58	133	142	0.1474489247311828	0.0028376442845549684	0.0027618971801553214	0.14203560625807837	0.1528622432042872
HepG2_skew	[1.5,Inf)	PLS	non-CpG tv	245	245	27.307	5.002905	245	129.011000697501	1262.8911128942273	37	84	90	0.11145714285714285	0.008030101639344263	0.005725026205926747	0.10023609149352643	0.12267819422075928
HepG2_skew	[1.5,Inf)	dELS	CpG ti (non-CGI)	809	809	1620.979	3496.216749	809	-736.9090001792647	3580.338424762879	20	99	259	2.003682323856613	0.30728933088766275	0.019489445366702576	1.965483010937876	2.0418816367753503
HepG2_skew	[1.5,Inf)	dELS	non-CpG ti	13630	13630	1815.669	286.194331	13615	-1253.2869954894995	29611.076077483045	575	1182	2069	0.13321122523844461	0.003252391142603161	4.884875022039726e-4	0.13225378973412483	0.1341686607427644
HepG2_skew	[1.5,Inf)	dELS	non-CpG tv	7139	7139	462.128	48.733238	7125	-207.95499750529427	16915.516413790032	321	651	1214	0.06473287575290657	0.0026363636304372086	6.076926238130006e-4	0.06354179821023309	0.06592395329558004
HepG2_skew	[1.5,Inf)	non-cCRE	CpG ti (non-CGI)	535	535	1183.405	2764.2306830000002	532	-622.6349982861428	1939.025759812525	3	28	17	2.2119719626168224	0.27447940557947453	0.022650510323292055	2.16757696238317	2.2563669628504748
HepG2_skew	[1.5,Inf)	non-cCRE	non-CpG ti	31123	31123	4257.832	690.303494	30819	-8268.59899462527	42727.01683191073	260	1096	326	0.13680660604697492	0.003463914560818606	3.3361291837772885e-4	0.13615272472695458	0.13746048736699526
HepG2_skew	[1.5,Inf)	non-cCRE	non-CpG tv	14590	14590	918.823	89.150967	14490	-1904.6979937339197	17044.77482175499	179	618	199	0.06297621658670322	0.002144558965464088	3.8339050232953967e-4	0.06222477120213732	0.06372766197126911
HepG2_skew	[1.5,Inf)	pELS	CpG ti (non-CGI)	104	104	175.139	362.47303900000003	104	-74.94899970013643	318.61162325942445	2	23	32	1.6840288461538462	0.6556690379947719	0.07940094445734862	1.528402995017443	1.8396546972902494
HepG2_skew	[1.5,Inf)	pELS	non-CpG ti	2261	2261	306.919	48.253289	2259	269.692003693199	6539.11159603349	182	573	500	0.13574480318443166	0.00291620785461833	0.0011356877897078198	0.13351885511660433	0.137970751252259
HepG2_skew	[1.5,Inf)	pELS	non-CpG tv	1500	1500	139.811	23.037503	1499	209.51399944990416	4473.680144827994	101	431	404	0.09320733333333334	0.006675178465199021	0.0021095305109903833	0.08907265353179218	0.09734201313487449
K562_skew	(-Inf,-1.5)	Other cCREs	CpG ti (CGI)	81	81	129.447	257.808873	81	7.646000412292829	550.7903363314797	8	11	18	1.598111111111111	0.6367272999999998	0.08866132676763601	1.4243349106465444	1.7718873115756777
K562_skew	(-Inf,-1.5)	Other cCREs	CpG ti (non-CGI)	6474	6474	14068.868	33147.06553	6454	-5815.173994765616	18779.74986325134	48	279	1209	2.173133765832561	0.39757970526167014	0.00783656528868936	2.1577740978667297	2.188493433798392
K562_skew	(-Inf,-1.5)	Other cCREs	non-CpG ti	11303	11303	1915.248	396.077814	11208	1764.5380060923044	18446.017549600452	413	475	2445	0.169445987790852	0.006330448130910131	7.483768824227214e-4	0.16797916910130345	0.17091280648040053
K562_skew	(-Inf,-1.5)	Other cCREs	non-CpG tv	9860	9860	671.57	77.9116	9753	-68.25800124381206	17952.047544960635	315	449	2124	0.0681105476673428	0.0032630692263964493	5.752739206786862e-4	0.06698301078281257	0.06923808455187302
K562_skew	(-Inf,-1.5)	PLS	CpG ti (CGI)	923	923	438.895	380.418671	923	3414.490002125037	23161.359119442863	556	411	712	0.4755092091007584	0.18624734996933046	0.014205096897414324	0.44766721918182634	0.5033511990196905
K562_skew	(-Inf,-1.5)	PLS	CpG ti (non-CGI)	810	810	1178.972	2273.9178	810	854.3860008041378	8692.900770606551	199	249	533	1.455520987654321	0.6896159581498271	0.029178377715543023	1.3983313673318567	1.5127106079767851
K562_skew	(-Inf,-1.5)	PLS	non-CpG ti	2695	2695	462.325	94.929587	2694	8967.249996751083	58541.426279891435	1444	1036	1951	0.17154916512059368	0.005797371653905538	0.001466682758178295	0.16867446691456423	0.17442386332662313
K562_skew	(-Inf,-1.5)	PLS	non-CpG tv	3059	3059	229.519	26.467973	3055	9387.038989009685	61718.69110430852	1539	1182	2248	0.07503072899640406	0.0030238702130393515	9.942413814049333e-4	0.0730820158888504	0.07697944210395773
K562_skew	(-Inf,-1.5)	dELS	CpG ti (CGI)	433	433	496.794	913.46697	433	167.23800031270366	3335.4329865366326	73	98	258	1.1473302540415704	0.7950930179946112	0.04285140062803457	1.0633415088106226	1.2313189992725182
K562_skew	(-Inf,-1.5)	dELS	CpG ti (non-CGI)	17978	17978	37517.685	86167.361599	17955	-13860.227002957488	67753.12303009995	541	2091	8221	2.086866447880743	0.4379464632775973	0.0049355985013305615	2.077192674818135	2.096540220943351
K562_skew	(-Inf,-1.5)	dELS	non-CpG ti	32766	32766	5120.15	989.204828	32669	19543.573997444124	140398.14505031786	3719	3392	15957	0.15626411524140876	0.005771680706445932	4.197004504653216e-4	0.15544150235849674	0.15708672812432078
K562_skew	(-Inf,-1.5)	dELS	non-CpG tv	26329	26329	1668.882	183.80123	26241	9145.884992476436	101676.08979664602	2468	2765	13019	0.06338569638041704	0.002963308350549106	3.3548355788864525e-4	0.06272814860695529	0.06404324415387878
K562_skew	(-Inf,-1.5)	non-cCRE	CpG ti (CGI)	215	215	234.309	419.826657	212	229.53200020780776	2257.6262990610817	48	62	84	1.0898093023255815	0.7685725662682027	0.059789264271921654	0.9726223443526151	1.206996260298548
K562_skew	(-Inf,-1.5)	non-cCRE	CpG ti (non-CGI)	45122	45122	101609.083	244110.594547	45036	-40527.52793158755	113378.95607779032	66	2270	791	2.251874540135632	0.33908130344566134	0.002741307481667816	2.2465015774715633	2.257247502799701
K562_skew	(-Inf,-1.5)	non-cCRE	non-CpG ti	42837	42837	7433.959	1524.635971	42163	1713.834023897071	31078.412908783903	466	2061	1215	0.1735406074188202	0.005475352755005017	3.575168605167137e-4	0.17283987437220744	0.17424134046543294
K562_skew	(-Inf,-1.5)	non-cCRE	non-CpG tv	38983	38983	2355.413	231.516957	38343	-6618.434972208458	43103.83715057229	340	1985	1107	0.06042154272375138	0.0022882168638966847	2.42276316436011e-4	0.059946681143536795	0.060896404303965965
K562_skew	(-Inf,-1.5)	pELS	CpG ti (CGI)	483	483	248.51	230.099246	483	1117.1039971800058	8394.655805855005	189	205	359	0.5145134575569358	0.2121110096732902	0.020955983134590628	0.47343973061313815	0.5555871845007334
K562_skew	(-Inf,-1.5)	pELS	CpG ti (non-CGI)	2471	2471	4401.513	9440.986733	2470	-1191.486999869347	10223.70848527987	145	615	1224	1.781267907729664	0.6480618949980093	0.016194661337830724	1.7495263715075158	1.8130094439518123
K562_skew	(-Inf,-1.5)	pELS	non-CpG ti	5303	5303	864.426	169.237798	5296	7122.743008899734	45763.57437806405	1242	1542	3054	0.16300697718272678	0.005343328695179975	0.001003795239637539	0.1610395385130372	0.16497441585241635
K562_skew	(-Inf,-1.5)	pELS	non-CpG tv	4735	4735	314.396	33.711936	4729	5105.162004673273	35623.96429452467	981	1410	2779	0.06639831045406547	0.00271157008586473	7.567465076535021e-4	0.0649150872990646	0.06788153360906633
K562_skew	[-0.05,0.05)	Other cCREs	CpG ti (CGI)	19005	19005	32661.924	65875.02950799999	18891	-13481.456997126574	64546.80693370919	419	2699	588	1.7185963693764799	0.512648153270337	0.005193686862833372	1.7084167431253265	1.7287759956276332
K562_skew	[-0.05,0.05)	Other cCREs	CpG ti (non-CGI)	1404405	1404405	2957250.607	6623045.872411	1394414	-1089261.596590769	3822479.646440408	15606	57889	57041	2.105696438705359	0.2819514903772981	4.4806499267119803e-4	2.1048182313197237	2.1065746460909947
K562_skew	[-0.05,0.05)	Other cCREs	non-CpG ti	11009637	11009637	1639636.995	333528.822337	10972532	315474.982564185	16314342.354234263	345017	309349	388226	0.14892743466473965	0.008114881444785954	2.7149047018148e-5	0.1488742225325841	0.1489806467968952
K562_skew	[-0.05,0.05)	Other cCREs	non-CpG tv	7242939	7242939	436790.065	61199.388365	7205418	232703.3555067076	11092386.269570917	237273	208676	261655	0.06030563905066714	0.004812754763908315	2.5777420284194614e-5	0.06025511530691012	0.060356162794424156
K562_skew	[-0.05,0.05)	PLS	CpG ti (CGI)	48734	48734	24612.117	21620.423353	48723	-4283.108993728765	234756.8139280828	4767	19555	26250	0.5050296917962819	0.188590349250733	0.00196717819975119	0.5011740225247695	0.5088853610677943
K562_skew	[-0.05,0.05)	PLS	CpG ti (non-CGI)	46286	46286	68662.395	129180.879315	46218	-28981.394988844753	201679.39882250072	2121	12573	11993	1.4834376485330338	0.5903531929038276	0.003571339462983488	1.4764378231855861	1.4904374738804815
K562_skew	[-0.05,0.05)	PLS	non-CpG ti	371332	371332	53063.21	9795.56745	371081	130383.62094052271	1634459.4359454855	42487	112375	102848	0.1428996423685543	0.0059592485358682876	1.2668189780837651e-4	0.14265134584884986	0.14314793888825872
K562_skew	[-0.05,0.05)	PLS	non-CpG tv	303593	303593	22080.595	3119.923373	303282	64413.26696037046	1419096.8456993187	32755	97679	96513	0.07273090947419737	0.004986895626098793	1.2816494706319948e-4	0.0724797061779535	0.07298211277044124
K562_skew	[-0.05,0.05)	dELS	CpG ti (CGI)	65830	65830	87190.313	161604.730997	65726	-49285.8400107776	263405.6818193036	2247	13921	14413	1.3244768798420172	0.7006513433640362	0.0032624138485415903	1.3180825486988756	1.3308712109851588
K562_skew	[-0.05,0.05)	dELS	CpG ti (non-CGI)	3875256	3875256	7682959.237	16408543.742611006	3869291	-3107884.9788565845	13413978.722592285	77845	328502	478720	1.9825681805279445	0.30360665995955155	2.7990164339661045e-4	1.982019573306887	1.983116787749002
K562_skew	[-0.05,0.05)	dELS	non-CpG ti	25956891	25956891	3770016.108999991	752783.556809	25926479	3126159.743216494	55942972.999465495	1364706	1734179	2343516	0.14524143546312965	0.007906224721787493	1.745252386144776e-5	0.1452072285163612	0.1452756424098981
K562_skew	[-0.05,0.05)	dELS	non-CpG tv	16694422	16694422	975956.6240000008	129723.194196	16668334	2188926.3482054668	37112313.2093014	910888	1128435	1568907	0.05846004276158832	0.004352875024746566	1.6147392631557993e-5	0.058428393872030464	0.05849169165114617
K562_skew	[-0.05,0.05)	non-cCRE	CpG ti (CGI)	70110	70110	74514.948	127863.540964	69948	-34679.184997984084	216779.74973664133	2405	20793	14634	1.0628290971330767	0.6941603226153824	0.003146588199287861	1.0566617842624726	1.0689964100036808
K562_skew	[-0.05,0.05)	non-cCRE	CpG ti (non-CGI)	18388711	18388711	39969216.51100001	91786164.18691292	18210371	-14760744.466664638	44567569.643441856	97354	570610	99842	2.1735735860441774	0.26701878074767105	1.2050227899033614e-4	2.1733374015773563	2.1738097705109984
K562_skew	[-0.05,0.05)	non-cCRE	non-CpG ti	172871317	172871317	26334167.67700023	5591245.061036883	171089862	-10269732.32751141	182007112.32451472	2489905	3588867	543514	0.15233393332105075	0.009137766487896465	7.270404221044212e-6	0.1523196833287775	0.152348183313324
K562_skew	[-0.05,0.05)	non-cCRE	non-CpG tv	113512812	113512812	6956828.354999995	1137492.0344050054	111846417	-5555526.08094475	120833538.1978696	1739705	2361590	383880	0.061286723784095797	0.006264762631935483	7.428991630143053e-6	0.06127216296050072	0.061301284607690874
K562_skew	[-0.05,0.05)	pELS	CpG ti (CGI)	84461	84461	45747.173	44507.195795	84417	-16451.109996698327	273147.4969015621	5251	32826	33208	0.5416366488675247	0.23358809277903259	0.001663019113950771	0.5383771314041812	0.5448961663308682
K562_skew	[-0.05,0.05)	pELS	CpG ti (non-CGI)	522187	522187	875550.39	1724494.82823	521639	-395174.4738895566	1700029.2338856757	10178	107832	68296	1.6766989411839055	0.49112847982106883	9.698052517744114e-4	1.6747981228904276	1.6785997594773834
K562_skew	[-0.05,0.05)	pELS	non-CpG ti	3486553	3486553	499016.763	96288.671573	3483959	471434.8249236938	7779378.37398455	190100	704548	397217	0.14312610850889115	0.007132073235708626	4.5228247631597676e-5	0.14303746114353322	0.1432147558742491
K562_skew	[-0.05,0.05)	pELS	non-CpG tv	2379535	2379535	145780.608	19712.247256	2376962	257564.550014706	5542459.481387813	130044	504022	301404	0.06126432601327571	0.004530759619771959	4.363545029870814e-5	0.06117880053069024	0.061349851495861175
K562_skew	[-0.2,-0.05)	Other cCREs	CpG ti (CGI)	12102	12102	19975.446	40471.045512	11991	-7717.928997983575	40366.11831740751	337	1822	470	1.6505904809122458	0.6197640271401865	0.007156235238446563	1.6365642598448906	1.664616701979601
K562_skew	[-0.2,-0.05)	Other cCREs	CpG ti (non-CGI)	605031	605031	1310077.476	3038368.988732	599646	-523893.0357076957	1733871.095797156	4927	27803	33675	2.1653063661200833	0.3332890763080665	7.42201326589831e-4	2.163851651519967	2.1667610807201996
K562_skew	[-0.2,-0.05)	Other cCREs	non-CpG ti	1756617	1756617	253052.297	48238.996487	1750059	48764.1081654043	2380139.073219824	49026	55289	90039	0.14405661393462546	0.0067090015306708	6.180027459490443e-5	0.14393548539641945	0.14417774247283147
K562_skew	[-0.2,-0.05)	Other cCREs	non-CpG tv	1417810	1417810	88846.154	11970.86022	1408840	-41176.67676313375	2110469.6641339967	38889	48257	76138	0.06266435841191696	0.00451638618616727	5.643993665019472e-5	0.06255373613608257	0.06277498068775135
K562_skew	[-0.2,-0.05)	PLS	CpG ti (CGI)	48186	48186	22505.541	18593.365249	48164	13091.012015601384	256529.2495988914	6654	19359	28292	0.46705559706138716	0.1677290932874436	0.0018657083768995081	0.46339880864266414	0.4707123854801102
K562_skew	[-0.2,-0.05)	PLS	CpG ti (non-CGI)	30753	30753	43594.474	83208.63803	30688	-14185.632993809064	143235.15129274837	1974	8730	10292	1.4175681722108413	0.696231113531704	0.004758093473388519	1.4082423090029998	1.4268940354186828
K562_skew	[-0.2,-0.05)	PLS	non-CpG ti	142321	142321	21333.967	3991.957401	142230	103833.35895810112	826518.4430241513	24686	49313	56889	0.14990034499476537	0.005578895359703913	1.9798834006471626e-4	0.14951228784823853	0.15028840214129222
K562_skew	[-0.2,-0.05)	PLS	non-CpG tv	158597	158597	12941.186	1849.743178	158424	73937.08096455563	896081.9456816746	23908	57005	70781	0.08159792429869417	0.005004976559539201	1.7764522561972775e-4	0.0812497396564795	0.08194610894090884
K562_skew	[-0.2,-0.05)	dELS	CpG ti (CGI)	44539	44539	55182.377	102493.950233	44454	-24526.99801756373	182129.0396200974	2254	9519	12767	1.238967578975729	0.7661945798909702	0.0041476233116011455	1.2308382372849909	1.2470969206664673
K562_skew	[-0.2,-0.05)	dELS	CpG ti (non-CGI)	1816597	1816597	3708450.83	8228039.851106	1813437	-1588665.8478655382	6669349.819467573	34775	171341	310258	2.041427366664153	0.3619444492972615	4.4636657287117196e-4	2.0405524881813255	2.0423022451469803
K562_skew	[-0.2,-0.05)	dELS	non-CpG ti	4751422	4751422	675696.496	126590.260446	4745415	789862.105625334	10294757.636784395	265075	364275	660031	0.1422093209148756	0.006419115587795533	3.6755792905167e-5	0.14213727956078145	0.14228136226896973
K562_skew	[-0.2,-0.05)	dELS	non-CpG tv	3744591	3744591	230408.288	30258.221648	3738172	343817.0038206175	8735409.044394206	202511	297102	563433	0.0615309623934897	0.004294456253935318	3.386506370970735e-5	0.06146458686861867	0.06159733791836073
K562_skew	[-0.2,-0.05)	non-cCRE	CpG ti (CGI)	42507	42507	42728.74	74150.32143	42352	-12664.56299293775	138544.13695230652	2306	12533	10880	1.0052165525678123	0.733983077956844	0.004155399624116558	0.9970719693045438	1.0133611358310808
K562_skew	[-0.2,-0.05)	non-cCRE	CpG ti (non-CGI)	5882001	5882001	13056125.634	30722363.021526005	5839982	-5397203.651164972	15845310.217134072	23129	227105	53561	2.2196741608850457	0.29616088243238997	2.2438886441999124e-4	2.2192343587107826	2.2201139630593087
K562_skew	[-0.2,-0.05)	non-cCRE	non-CpG ti	18335070	18335070	2615858.397999996	518443.440776	18151879	-602919.8241629122	18813186.102073777	278488	476922	123664	0.142669670636654	0.007921420132163952	2.0785488594488536e-5	0.14262893107900881	0.1427104101942992
K562_skew	[-0.2,-0.05)	non-cCRE	non-CpG tv	15184337	15184337	918658.7260000008	130490.44104599992	14973427	-1029478.7950189828	16881981.66099642	228607	413214	118266	0.06050041737087374	0.004933452783289617	1.8025095363690998e-5	0.06046508818396091	0.060535746557786575
K562_skew	[-0.2,-0.05)	pELS	CpG ti (CGI)	61662	61662	31124.319	29503.717799	61616	6250.109015408786	228296.7433658322	5724	24059	28768	0.5047568843047582	0.22369899149304442	0.001904685210622927	0.5010237012919373	0.5084900673175791
K562_skew	[-0.2,-0.05)	pELS	CpG ti (non-CGI)	255296	255296	431195.775	875461.793919	254917	-195645.86394911027	876406.6033248554	5726	56837	47167	1.6890032550451242	0.5764732030877804	0.0015026836358203908	1.6860579951189163	1.691948514971332
K562_skew	[-0.2,-0.05)	pELS	non-CpG ti	703872	703872	101236.943	18858.399121	703203	191417.670960598	1857579.1081562787	51753	162305	136046	0.14382862651163847	0.006105704961666223	9.313674645044217e-5	0.1436460784885956	0.14401117453468135
K562_skew	[-0.2,-0.05)	pELS	non-CpG tv	628477	628477	43157.913	6090.128967	627574	104403.27098030895	1782668.036645237	44340	155102	139653	0.06867063233817626	0.004974649455021357	8.896855709551363e-5	0.06849625396626906	0.06884501071008346
K562_skew	[-0.5,-0.2)	Other cCREs	CpG ti (CGI)	4084	4084	6915.594	14317.918026	4042	-2310.002994848183	14155.30872111055	133	660	210	1.6933383937316357	0.63861797461177106	0.01250482741859311	1.6688289319911933	1.7178478554720782
K562_skew	[-0.5,-0.2)	Other cCREs	CpG ti (non-CGI)	175615	175615	377267.743	872955.189689	174151	-154775.01890972335	493975.4993082064	1154	8937	13993	2.1482660535831224	0.3558013842300635	0.0014233870577696696	2.145476214949894	2.151055892216351
K562_skew	[-0.5,-0.2)	Other cCREs	non-CpG ti	403253	403253	62479.437	12884.482051	401671	-677.478888056705	547900.921632842	10295	14223	32315	0.15493855470387077	0.00794542465631529	1.4036853050262865e-4	0.15466343238408561	0.15521367702365593
K562_skew	[-0.5,-0.2)	Other cCREs	non-CpG tv	350603	350603	23146.261	3227.188421	348148	-24924.9329012799	524087.305138831	8501	13260	28832	0.0660184339552143	0.004846260197777958	1.175697378930869e-4	0.06578799726894385	0.06624887064148474
K562_skew	[-0.5,-0.2)	PLS	CpG ti (CGI)	22566	22566	10310.869	8293.300213	22557	19800.46599485168	163731.54881397722	4967	9078	14126	0.456920544181512	0.15874373315026447	0.002652289968838781	0.451722055842588	0.462119032520436
K562_skew	[-0.5,-0.2)	PLS	CpG ti (non-CGI)	12544	12544	17210.012	32572.565416	12528	-2333.6500000495	63202.18599165576	1150	3756	5319	1.371971619897959	0.7144157995612445	0.007546707238497735	1.3571800737105035	1.3867631660854145
K562_skew	[-0.5,-0.2)	PLS	non-CpG ti	58987	58987	9658.41	2019.648998	58964	76145.412983774	499132.5400394071	15562	21378	29486	0.16373794225846372	0.0074288953160314515	3.548819940419796e-4	0.16304237355014145	0.164433510966786
K562_skew	[-0.5,-0.2)	PLS	non-CpG tv	75377	75377	6296.718	940.039544	75327	73877.2759930558	557469.8915249313	16913	28044	40372	0.08353633071095957	0.0054929264853315115	2.699494637283767e-4	0.08300722976205195	0.0840654316598672
K562_skew	[-0.5,-0.2)	dELS	CpG ti (CGI)	16374	16374	20010.96	37438.16516	16348	-6599.531997203711	67461.5578897452	1038	3713	5525	1.2221179919384388	0.7929158314322099	0.006958828789454173	1.2084786875111087	1.235757296365769
K562_skew	[-0.5,-0.2)	dELS	CpG ti (non-CGI)	537010	537010	1092557.857	2432102.493265	535992	-471871.5568865401	1957010.2098111385	10462	54885	129433	2.0345205061358262	0.389697619702251	8.518687562277459e-4	2.0328508433736197	2.036190168898033
K562_skew	[-0.5,-0.2)	dELS	non-CpG ti	1166212	1166212	177942.566	36352.564014	1164660	199870.6168748357	2739147.7079258803	69767	99863	239710	0.15258166268225673	0.007890331536722599	8.225434965730386e-5	0.1524204441569284	0.15274288120758506
K562_skew	[-0.5,-0.2)	dELS	non-CpG tv	995468	995468	64620.06	8932.976936	993623	88566.93299631604	2474506.1550748553	56500	89593	220114	0.06491425138728718	0.004759790245682095	6.914810063619649e-5	0.06477872111004024	0.06504978166453412
K562_skew	[-0.5,-0.2)	non-cCRE	CpG ti (CGI)	13445	13445	13986.371	24840.239597	13390	-1472.4879963813576	49865.9740700142	1040	4128	3822	1.0402656005950166	0.7654491943276017	0.007545322063197969	1.0254767693511486	1.0550544318388846
K562_skew	[-0.5,-0.2)	non-cCRE	CpG ti (non-CGI)	1400117	1400117	2998804.438	6859086.768932	1392035	-1303608.7867544445	3711324.9412619	4196	61778	17784	2.141824174693972	0.311527708021356	4.7170032510160365e-4	2.1408996420567727	2.142748707331171
K562_skew	[-0.5,-0.2)	non-cCRE	non-CpG ti	2817693	2817693	437567.951	92631.051623	2793922	-164809.29226478992	2918958.361816181	38693	93436	35405	0.15529298294739705	0.008758877574280491	5.5754174694589586e-5	0.15518370476499566	0.15540226112979844
K562_skew	[-0.5,-0.2)	non-cCRE	non-CpG tv	2579318	2579318	171483.675	24703.120203	2546649	-305942.2060375804	2983914.5313268285	34520	90531	37324	0.06648411518083462	0.005157248916153845	4.4715346677031925e-5	0.06639647310134764	0.0665717572603216
K562_skew	[-0.5,-0.2)	pELS	CpG ti (CGI)	22389	22389	11267.796	10775.468918	22375	9431.178998770774	104176.54456100696	2992	8637	11616	0.5032737505024789	0.22800978047092954	0.0031912394351805195	0.49701892120952507	0.5095285797954328
K562_skew	[-0.5,-0.2)	pELS	CpG ti (non-CGI)	77420	77420	128436.523	260102.387217	77297	-55511.72697718304	275010.82600748603	2183	18079	20355	1.6589579307672435	0.6074942686676464	0.0028012025240648454	1.6534675738200764	1.6644482877144107
K562_skew	[-0.5,-0.2)	pELS	non-CpG ti	189315	189315	29688.264	6073.13382	189113	82645.18299481063	671226.8651928472	19738	48003	54488	0.15681939624435465	0.007487233823050542	1.9886950153727624e-4	0.1564296120213416	0.1572091804673677
K562_skew	[-0.5,-0.2)	pELS	non-CpG tv	189194	189194	14054.921	2145.488569	188873	62416.078003254624	687132.5502001961	18734	51337	61349	0.07428840766620506	0.005821414471125747	1.7541251724823554e-4	0.07394459913239852	0.0746322162000116
K562_skew	[-1.0,-0.5)	Other cCREs	CpG ti (CGI)	1220	1220	2056.96	4224.049742	1211	-779.5259989775949	4086.9908011759967	44	272	85	1.6860327868852458	0.6201376051587567	0.02254572049026623	1.641843174724324	1.7302223990461676
K562_skew	[-1.0,-0.5)	Other cCREs	CpG ti (non-CGI)	55999	55999	119451.518	275635.120054	55609	-48879.41496062281	154644.91241125483	410	2809	6924	2.1331009125162947	0.37203075121867496	0.00257750361903439	2.1280490054229872	2.1381528196096022
K562_skew	[-1.0,-0.5)	Other cCREs	non-CpG ti	110722	110722	17794.493	3786.201175	110257	6530.38602183282	180141.2571086378	3629	4115	14608	0.16071325481837392	0.008366888730477768	2.748938575574135e-4	0.1601744628575614	0.16125204677918645
K562_skew	[-1.0,-0.5)	Other cCREs	non-CpG tv	97400	97400	6726.341	881.263805	96765	-6478.324980099804	165504.6591929184	2744	3884	13624	0.06905894250513347	0.004278789398362181	2.0959502846810074e-4	0.068648136249336	0.06946974876093095
K562_skew	[-1.0,-0.5)	PLS	CpG ti (CGI)	8988	8988	4131.931	3397.632743	8987	15541.86999426142	105767.76532457692	3081	3868	6068	0.4597163996439697	0.166698152898931	0.004306593315303253	0.45127547674597535	0.46815732254196407
K562_skew	[-1.0,-0.5)	PLS	CpG ti (non-CGI)	5543	5543	7399.76	13776.072096	5538	1638.3980010411472	39681.284763486925	861	1758	3000	1.3349738408803897	0.7032814989546963	0.01126398742740303	1.3128964255226798	1.3570512562380996
K562_skew	[-1.0,-0.5)	PLS	non-CpG ti	22360	22360	3852.104	859.16677	22350	46617.24300052202	288197.6412270523	8471	8371	13148	0.17227656529516994	0.008745450320685844	6.253961292304527e-4	0.17105078888187825	0.17350234170846163
K562_skew	[-1.0,-0.5)	PLS	non-CpG tv	29510	29510	2428.694	341.14799	29489	51196.16797755764	324407.7005773508	9836	11261	18323	0.08230071162317858	0.004787174946120028	4.0276807999933573e-4	0.08151128618637987	0.08309013705997728
K562_skew	[-1.0,-0.5)	dELS	CpG ti (CGI)	5299	5299	6348.595	11635.876345	5280	-1132.833998291171	24605.37092663571	450	1215	2113	1.1980741649367805	0.7606245171485805	0.01198086570636267	1.1745916681523096	1.2215566617212514
K562_skew	[-1.0,-0.5)	dELS	CpG ti (non-CGI)	169583	169583	342782.73099999997	762191.177615	169260	-144183.3179939345	627977.923515294	3972	18647	56098	2.021327202608752	0.408741015321094	0.0015525048041940483	2.0182842931925316	2.024370112024972
K562_skew	[-1.0,-0.5)	dELS	non-CpG ti	327588	327588	51488.515	10785.940535	327118	94844.74591346648	954440.2886681408	25388	29993	94573	0.15717460651794327	0.008221490625946026	1.5842046754597775e-4	0.15686410240155316	0.15748511063433338
K562_skew	[-1.0,-0.5)	dELS	non-CpG tv	283644	283644	19117.352	2562.812372	283119	42205.22999517782	826965.8449480957	19530	27811	89245	0.06739910592150723	0.004492689541477356	1.2585382045583035e-4	0.0671524324334138	0.06764577940960066
K562_skew	[-1.0,-0.5)	non-cCRE	CpG ti (CGI)	3777	3777	4155.415	7661.815931	3770	200.82900111458696	18212.0871714052	398	1177	1134	1.1001893036801695	0.8183455496948805	0.0147195614201694	1.0713389632966375	1.1290396440637016
K562_skew	[-1.0,-0.5)	non-cCRE	CpG ti (non-CGI)	363700	363700	775117.808	1773167.737204	361710	-323580.32955236477	917976.6117401224	994	18106	6325	2.131201011822931	0.3333412533782813	9.573547171141723e-4	2.129324596577387	2.133077427068475
K562_skew	[-1.0,-0.5)	non-cCRE	non-CpG ti	525294	525294	85629.19499999999	18887.027317	521152	-23065.258827743928	563804.4707426757	7777	20529	10830	0.16301194188397353	0.00938227990490748	1.336450791412122e-4	0.16274999752885674	0.1632738862390903
K562_skew	[-1.0,-0.5)	non-cCRE	non-CpG tv	486938	486938	37967.491	5954.405595	482114	-93669.65475335032	643935.5839383542	6442	20566	11572	0.0779719204498314	0.006148654563256254	1.123707329295786e-4	0.07775167381328942	0.07819216708637337
K562_skew	[-1.0,-0.5)	pELS	CpG ti (CGI)	7051	7051	3565.639	3375.795289	7048	6077.503007104507	48549.45497925152	1425	2774	4041	0.5056926677067083	0.2230748639731802	0.005624707735651614	0.4946682405448311	0.5167170948685854
K562_skew	[-1.0,-0.5)	pELS	CpG ti (non-CGI)	24593	24593	40555.426	82068.354978	24559	-14718.327989366837	91188.08640455554	985	6067	8762	1.64906379864189	0.6176752652447921	0.005011576340811921	1.6392411090138985	1.6588864882698813
K562_skew	[-1.0,-0.5)	pELS	non-CpG ti	55060	55060	9020.357	1929.398121	54989	39231.63999214072	278951.8253000628	8109	14623	20890	0.1638277697057755	0.008202349329630395	3.8596775802734887e-4	0.1630712729000419	0.16458426651150912
K562_skew	[-1.0,-0.5)	pELS	non-CpG tv	56587	56587	4329.58	633.573972	56485	33692.07099272521	279684.2584911612	8043	16305	24016	0.07651191969887076	0.0053424786114968925	3.0726497710686587e-4	0.0759096803437413	0.07711415905400022
K562_skew	[-1.5,-1.0)	Other cCREs	CpG ti (CGI)	240	240	408.868	867.940702	234	-97.16800092160712	1037.7545354554554	15	55	32	1.7036166666666666	0.7170977520223154	0.05466175354023123	1.5964796297278134	1.8107537036055197
K562_skew	[-1.5,-1.0)	Other cCREs	CpG ti (non-CGI)	12990	12990	28045.754	65815.993568	12896	-11205.222996460974	39070.139214437826	159	661	2259	2.159026481909161	0.40530202301102686	0.005585792649531367	2.1480783283160796	2.1699746355022422
K562_skew	[-1.5,-1.0)	Other cCREs	non-CpG ti	26153	26153	4363.846	955.917458	26036	5563.104003567015	62017.73424777329	1391	1030	5319	0.16685833365197109	0.008709597205803792	5.770829967530051e-4	0.16572725097833518	0.167989416325607
K562_skew	[-1.5,-1.0)	Other cCREs	non-CpG tv	22807	22807	1536.139	183.249839	22638	419.96200117317545	47243.294955371945	869	937	4648	0.0673538387337221	0.0034984206139357576	3.9165342645168066e-4	0.0665861980178768	0.0681214794495674
K562_skew	[-1.5,-1.0)	PLS	CpG ti (CGI)	2312	2312	1061.242	880.03234	2312	6583.5710021376135	44658.38909386391	1145	1013	1678	0.45901470588235294	0.17001586131544788	0.00857532927620059	0.4422070605009998	0.4758223512637061
K562_skew	[-1.5,-1.0)	PLS	CpG ti (non-CGI)	1642	1642	2278.09	4356.076698	1640	1265.440996480175	14968.48799596612	345	496	996	1.3873873325213155	0.7285091344646656	0.021063518786496763	1.346102835699782	1.428671829342849
K562_skew	[-1.5,-1.0)	PLS	non-CpG ti	6255	6255	1099.527	248.748697	6244	18124.121985691832	112349.2494617767	3090	2401	4235	0.17578369304556354	0.008869488381306466	0.0011907912302355228	0.17344974223430193	0.17811764385682516
K562_skew	[-1.5,-1.0)	PLS	non-CpG tv	7550	7550	585.95	70.638836	7542	18257.860991220692	116154.17849071824	3275	3074	5252	0.07760927152317881	0.0033333796994295104	6.644601154001277e-4	0.07630692969699457	0.07891161334936306
K562_skew	[-1.5,-1.0)	dELS	CpG ti (CGI)	1188	1188	1435.502	2682.12717	1188	70.68899929802879	7018.641984531218	142	310	582	1.2083350168350169	0.7982812440297389	0.025922073781160754	1.1575277522239418	1.259142281446092
K562_skew	[-1.5,-1.0)	dELS	CpG ti (non-CGI)	39527	39527	80739.472	182519.97123	39450	-30331.991003439427	153154.25962818915	1248	4539	16327	2.0426410301819007	0.4452313152754459	0.0033561852509582	2.0360629070900225	2.049219153273779
K562_skew	[-1.5,-1.0)	dELS	non-CpG ti	78796	78796	12568.294	2626.221274	78670	41467.10296523302	329747.4836870103	8862	7619	31330	0.1595042134118483	0.00788787899741287	3.163938506867418e-4	0.1588840814645023	0.16012434535919431
K562_skew	[-1.5,-1.0)	dELS	non-CpG tv	65270	65270	4190.327	480.492993	65110	19397.225992193344	232289.02450210424	5708	6644	26886	0.06419989275317911	0.0032400442629617315	2.228017846718823e-4	0.06376320125522222	0.064636584251136
K562_skew	[-1.5,-1.0)	non-cCRE	CpG ti (CGI)	652	652	754.302	1394.48915	643	364.1330006523059	4763.88170728374	113	201	223	1.15690490797546	0.8015875024643542	0.0350632098468078	1.0881810166757169	1.2256287992752033
K562_skew	[-1.5,-1.0)	non-cCRE	CpG ti (non-CGI)	66630	66630	148251.473	354193.837851	66348	-62960.12090017661	181924.54086337695	241	3391	1511	2.2249958427134926	0.36523025634256057	0.00234125364984179	2.2204069855598028	2.2295846998671824
K562_skew	[-1.5,-1.0)	non-cCRE	non-CpG ti	90031	90031	15599.4	3517.214888	89179	42.89904599578553	94078.41928854372	1459	3880	2666	0.1732669858159967	0.009045361206952584	3.169690951518926e-4	0.172645726389499	0.1738882452424944
K562_skew	[-1.5,-1.0)	non-cCRE	non-CpG tv	82233	82233	5328.2880000000005	602.379958	81272	-9306.122958085269	98685.8585793698	1156	3856	2646	0.06479500930283463	0.0031269273211379733	1.950005455453344e-4	0.06441280823356578	0.06517721037210349
K562_skew	[-1.5,-1.0)	pELS	CpG ti (CGI)	1469	1469	754.595	719.290625	1469	2042.0029986121233	16663.008512109514	422	615	938	0.5136793737236215	0.22593374522140583	0.012401655207535544	0.48937212951685183	0.5379866179303912
K562_skew	[-1.5,-1.0)	pELS	CpG ti (non-CGI)	5467	5467	9094.986	18616.274274	5461	-2566.5399979371573	24199.300497379743	332	1362	2332	1.6636155112493143	0.6377084686799566	0.010800318308216636	1.6424468873652096	1.684784135133419
K562_skew	[-1.5,-1.0)	pELS	non-CpG ti	12836	12836	2139.188	454.085786	12816	14124.766994865266	92254.7507294654	2577	3540	6159	0.16665534434403242	0.007602545636414334	7.695992994264297e-4	0.1651469297171566	0.16816375897090824
K562_skew	[-1.5,-1.0)	pELS	non-CpG tv	12220	12220	865.703	101.879177	12193	10859.754007262649	80090.00533335017	2244	3528	6261	0.07084312602291326	0.003318607928028965	5.211255544852493e-4	0.06982171993612217	0.07186453210970435
K562_skew	[0.05,0.2)	Other cCREs	CpG ti (CGI)	3460	3460	5588.671	10750.042097	3441	-2566.3919986287356	12758.648721933285	96	582	142	1.6152228323699422	0.4981477580792836	0.011998889135471754	1.5917050096644176	1.6387406550754668
K562_skew	[0.05,0.2)	Other cCREs	CpG ti (non-CGI)	144377	144377	292641.152	634628.15143	142698	-112835.08793258204	388099.98923776625	1350	7039	7629	2.026923623568851	0.2872145454424355	0.0014104386760857642	2.0241591637637226	2.029688083373979
K562_skew	[0.05,0.2)	Other cCREs	non-CpG ti	2160193	2160193	353805.333	81172.248411	2152065	-227400.7657580054	3441603.3612135486	53943	68918	100728	0.16378413086238128	0.010751150569541788	7.054742960694011e-5	0.1636458579003517	0.16392240382441087
K562_skew	[0.05,0.2)	Other cCREs	non-CpG tv	1463907	1463907	88070.187	9796.165457	1455713	-18083.64387071994	2145319.14490923	40468	48442	67774	0.06016105326362946	0.003072444710217181	4.581263739203224e-5	0.060071260494341076	0.06025084603291784
K562_skew	[0.05,0.2)	PLS	CpG ti (CGI)	14822	14822	7224.965999999999	5974.68409	14814	1527.7389887971813	79869.78808822096	1833	6049	8366	0.48744879233571714	0.16550051539257696	0.003341536973066121	0.48089937986850756	0.4939982048029267
K562_skew	[0.05,0.2)	PLS	CpG ti (non-CGI)	8035	8035	10523.735	18423.634187	8021	-4542.392001685104	38641.13353435035	472	2299	2724	1.3097367766023646	0.5775841959525159	0.008478415773755823	1.2931190816858031	1.3263544715189262
K562_skew	[0.05,0.2)	PLS	non-CpG ti	142785	142785	21536.871	4303.521643	142686	48813.19101400475	755329.4095842037	19026	48220	49235	0.15083426830549426	0.007388947389939919	2.2748354853885947e-4	0.1503884005503581	0.15128013606063043
K562_skew	[0.05,0.2)	PLS	non-CpG tv	128656	128656	9444.465	1234.279177	128536	37767.502987731954	671259.8486434601	16593	45712	49658	0.07340866341251089	0.004204839490915707	1.807838740762244e-4	0.07305432701932149	0.07376299980570028
K562_skew	[0.05,0.2)	dELS	CpG ti (CGI)	13291	13291	15917.349	27624.395159	13270	-8687.586003829148	53553.24315120584	589	2909	3663	1.1976035663230757	0.6442228164176792	0.00696208340969009	1.1839578828400832	1.2112492498060683
K562_skew	[0.05,0.2)	dELS	CpG ti (non-CGI)	422093	422093	797162.312	1637504.306098	421344	-356239.71292569593	1499373.6102288046	7989	41357	71171	1.8885940112723973	0.31270040096173674	8.607165309653372e-4	1.8869070068717053	1.8902810156730894
K562_skew	[0.05,0.2)	dELS	non-CpG ti	5743187	5743187	924549.692	212203.915208	5736233	-271770.59244155744	13598149.38783187	263828	434157	692533	0.1609819934471923	0.011033607957125597	4.3831092501976545e-5	0.16089608450588844	0.16106790238849616
K562_skew	[0.05,0.2)	dELS	non-CpG tv	3776451	3776451	217275.211	22733.259247	3770586	379054.36179319787	8378491.210420002	196884	291539	472441	0.05753423280217326	0.002709554389753521	2.6785947270309046e-5	0.05748173234552346	0.05758673325882307
K562_skew	[0.05,0.2)	non-cCRE	CpG ti (CGI)	12273	12273	12276.755	20039.191625	12247	-4821.809997997597	39910.36486843093	573	3721	2935	1.0003059561639371	0.6322262447958445	0.007177296587927568	0.9862384548515991	1.0143734574762753
K562_skew	[0.05,0.2)	non-cCRE	CpG ti (non-CGI)	1397463	1397463	2942813.603	6579345.193495	1386211	-1128710.3170690243	3408524.884647162	7207	52962	11178	2.10582577356252	0.2735619727099678	0.00044244338302477395	2.1049585845317917	2.1066929625932485
K562_skew	[0.05,0.2)	non-cCRE	non-CpG ti	23631558	23631558	3877066.987999993	888740.413488	23390673	-3321537.002121809	28629592.454932634	304125	622709	133820	0.16406311373968627	0.010691497443836405	2.1270274305649485e-5	0.1640214240020472	0.16410480347732534
K562_skew	[0.05,0.2)	non-cCRE	non-CpG tv	16935194	16935194	1061823.155000001	132411.00072899996	16717714	-1283665.7852978455	18291532.048283108	237629	443664	99542	0.06269920232387069	0.003887498412417514	1.515095555900914e-5	0.06266950645097503	0.06272889819676634
K562_skew	[0.05,0.2)	pELS	CpG ti (CGI)	19108	19108	10010.16	9255.54497	19096	-645.2170042098742	73710.53373151163	1673	7407	8611	0.5238727234666108	0.20994898144467844	0.0033147384781923284	0.5173758360493539	0.5303696108838678
K562_skew	[0.05,0.2)	pELS	CpG ti (non-CGI)	59299	59299	92769.236	174612.879952	59224	-45594.26198138463	201279.89085493132	1282	13352	11166	1.5644317104841567	0.497179422513602	0.002895562129727221	1.5587564087098913	1.5701070122584222
K562_skew	[0.05,0.2)	pELS	non-CpG ti	842328	842328	131229.929	28400.611101	841570	39665.20497679711	2253483.9091365985	49620	190631	135847	0.15579433308639865	0.009444944577900924	1.0589100940426448e-4	0.15558678670796627	0.15600187946483102
K562_skew	[0.05,0.2)	pELS	non-CpG tv	614547	614547	38098.698	4344.274708	613781	91541.13202397832	1602273.5624468392	39379	148440	111677	0.06199476687706554	0.003225722414872568	7.244959207782118e-5	0.06185276567659301	0.06213676807753807
K562_skew	[0.2,0.5)	Other cCREs	CpG ti (CGI)	1092	1092	1726.753	3325.089361	1077	-823.6100021358579	3885.177161458605	24	195	60	1.581275641025641	0.545020077022962	0.02234060506424148	1.5374880550997276	1.6250632269515544
K562_skew	[0.2,0.5)	Other cCREs	CpG ti (non-CGI)	35377	35377	73173.066	161901.789216	34966	-29915.239974827044	100304.51687534638	299	1810	2367	2.068379625180202	0.29828444113618846	0.0029037204255205075	2.062688333146182	2.074070917214222
K562_skew	[0.2,0.5)	Other cCREs	non-CpG ti	445401	445401	70576.954	15437.101364	443313	-58053.35592627992	686784.2693677855	9783	15703	26480	0.15845710719104805	0.009550250109574164	1.4643057872693103e-4	0.15817010325674327	0.15874411112535283
K562_skew	[0.2,0.5)	Other cCREs	non-CpG tv	317504	317504	19105.925	2013.120663	315202	-12741.45094553184	452865.902633631	7863	12326	18711	0.06017538361721427	0.0027193894128977533	9.254673479192295e-5	0.0599939920170221	0.06035677521740644
K562_skew	[0.2,0.5)	PLS	CpG ti (CGI)	5230	5230	2546.4	2170.589488	5228	2092.6850027743494	31945.77773460058	849	2160	3029	0.48688336520076486	0.17800529486570515	0.005833989135113667	0.4754487464959421	0.4983179839055876
K562_skew	[0.2,0.5)	PLS	CpG ti (non-CGI)	2457	2457	3170.887	5560.340065	2455	-920.2779972916468	12151.786576848725	191	762	964	1.2905522995522996	0.5977787278214608	0.015597954529986299	1.2599803086735264	1.3211242904310727
K562_skew	[0.2,0.5)	PLS	non-CpG ti	47514	47514	7129.468	1374.563382	47492	27423.99297585174	294367.3438724155	8029	16646	18472	0.15004983794250115	0.006414830972233962	3.67436090892767e-4	0.14932966320435132	0.150770012680651
K562_skew	[0.2,0.5)	PLS	non-CpG tv	49095	49095	3736.753	499.481405	49057	25752.23196428467	295926.1547746181	7983	18135	21188	0.07611269986760363	0.004380719546821048	2.9871297907937744e-4	0.07552722242860806	0.07669817730659921
K562_skew	[0.2,0.5)	dELS	CpG ti (CGI)	4321	4321	5068.957	8892.937993	4315	-2048.742992825574	18832.884124362256	268	995	1330	1.1730981254339274	0.6820726940728737	0.012563863187644223	1.1484729535861449	1.19772329728171
K562_skew	[0.2,0.5)	dELS	CpG ti (non-CGI)	107474	107474	206168.295	431884.200623	107271	-94591.93500894438	395042.2159917656	2064	11101	22950	1.918308567653572	0.33859475352852186	0.0017749593274724094	1.9148296473717261	1.921787487935418
K562_skew	[0.2,0.5)	dELS	non-CpG ti	1296374	1296374	201342.144	43461.236176	1294589	-60626.4420442693	3078143.6013782974	60251	109166	201248	0.15531177268288318	0.009403490257501248	8.516857547891762e-5	0.15514484227494452	0.15547870309082185
K562_skew	[0.2,0.5)	dELS	non-CpG tv	903602	903602	52231.638	5265.98113	901957	77265.06988566564	2059654.9328182023	47443	78661	145082	0.057803809641855594	0.002486488471975672	5.24571429499536e-5	0.057700993641673685	0.0579066256420375
K562_skew	[0.2,0.5)	non-cCRE	CpG ti (CGI)	3745	3745	3702.057	6149.718825	3728	-758.2800024164609	13519.909467781914	261	1190	1066	0.9885332443257676	0.6650941260980454	0.013326485930750665	0.9624133319014964	1.014653156750039
K562_skew	[0.2,0.5)	non-cCRE	CpG ti (non-CGI)	279490	279490	599368.164	1359345.605152	277595	-248703.71776390757	733931.0425269076	1154	12334	3184	2.1445066514007656	0.26475671964240116	9.732857366677608e-4	2.142599011356897	2.1464142914446342
K562_skew	[0.2,0.5)	non-cCRE	non-CpG ti	3566909	3566909	559433.767	122340.78976100001	3533971	-569404.9382960969	4455216.594739844	44360	117125	32479	0.1568399325578533	0.009700063885621436	5.2148435348922855e-5	0.15673772162456942	0.1569421434911372
K562_skew	[0.2,0.5)	non-cCRE	non-CpG tv	2651167	2651167	163457.689	18540.909033	2619144	-223662.50422452012	2972725.676999087	37620	89878	27202	0.06165499532847234	0.003192152427008386	3.469950406987995e-5	0.06158698430049537	0.061723006356449304
K562_skew	[0.2,0.5)	pELS	CpG ti (CGI)	6451	6451	3299.122	3040.817524	6449	1374.944000659395	26860.17285816453	732	2526	3182	0.5114124941869478	0.20986128889193315	0.005703647103330129	0.5002333458644207	0.5225916425094749
K562_skew	[0.2,0.5)	pELS	CpG ti (non-CGI)	15513	15513	24307.597	46324.600871	15485	-11232.876997196005	52991.07856677118	386	3627	3686	1.566917875330368	0.5309819897739282	0.005850486735959055	1.5554509213278884	1.5783848293328477
K562_skew	[0.2,0.5)	pELS	non-CpG ti	206158	206158	31149.216	6304.614244	205959	29142.301983885347	616847.5946487958	15215	50878	44039	0.15109389885427682	0.007752139157564277	1.939146782021428e-4	0.1507138260850006	0.15147397162355303
K562_skew	[0.2,0.5)	pELS	non-CpG tv	168318	168318	11047.941	1316.054775	168074	38251.753041991265	509912.6363252487	13495	45133	40531	0.06563731151748477	0.0035106235849985913	1.4441983751392013e-4	0.06535424863595748	0.06592037439901205
K562_skew	[0.5,1.0)	Other cCREs	CpG ti (CGI)	331	331	556.303	1136.394293	325	-212.70399963110677	1181.1016033187404	9	55	8	1.6806737160120846	0.6103953417009982	0.04294292360702079	1.5965055857423238	1.7648418462818454
K562_skew	[0.5,1.0)	Other cCREs	CpG ti (non-CGI)	8555	8555	18057.473	40672.159989	8453	-7654.425996939886	24936.39368620616	49	423	658	2.1107507890122736	0.29896359675966433	0.005911519791808022	2.09916421022033	2.1223373678042172
K562_skew	[0.5,1.0)	Other cCREs	non-CpG ti	104145	104145	15811.896	3211.022004	103662	-16090.088990688564	157759.6166306267	2046	3915	6896	0.15182578136252342	0.007781231170082206	2.7334110563117825e-4	0.1512900327954863	0.15236152992956054
K562_skew	[0.5,1.0)	Other cCREs	non-CpG tv	72653	72653	4417.1050000000005	480.016009	71983	-6224.8549874470355	101053.9108129032	1491	2934	4770	0.06079728297523847	0.002910697935138183	2.0015746540684153e-4	0.06040497434304106	0.061189591607435874
K562_skew	[0.5,1.0)	PLS	CpG ti (CGI)	1336	1336	632.815	552.659571	1336	942.1429996924712	8899.861504019356	275	532	820	0.47366392215568864	0.1894516375288748	0.011908195409499897	0.45032385915306883	0.49700398515830846
K562_skew	[0.5,1.0)	PLS	CpG ti (non-CGI)	705	705	894.103	1579.428879	705	-132.6989983970997	3825.730177578855	62	238	305	1.2682312056737588	0.6328118655020958	0.029960064802695207	1.209509478660476	1.3269529326870415
K562_skew	[0.5,1.0)	PLS	non-CpG ti	12912	12912	1896.628	349.51051	12904	9325.471997237068	89058.81308334108	2435	4685	5029	0.14688878562577448	0.0054927678952953795	6.522271381369996e-4	0.14561042043502595	0.148167150816523
K562_skew	[0.5,1.0)	PLS	non-CpG tv	13644	13644	1079.025	156.014963	13632	9854.47100237804	91825.74841637096	2561	5066	6163	0.07908421284080916	0.005180760847280356	6.162059920449482e-4	0.07787644909640105	0.08029197658521726
K562_skew	[0.5,1.0)	dELS	CpG ti (CGI)	1243	1243	1436.372	2551.610316	1241	-534.4099965295754	4923.217244202161	75	255	451	1.155568785197104	0.7180222776721943	0.02403440611144119	1.1084613492186792	1.2026762211755286
K562_skew	[0.5,1.0)	dELS	CpG ti (non-CGI)	28144	28144	54813.923	116562.857889	28099	-25128.188983694425	105527.59318229456	559	2996	6617	1.9476237563956795	0.3484333323724008	0.0035185760008932584	1.9407273474339288	1.9545201653574302
K562_skew	[0.5,1.0)	dELS	non-CpG ti	323591	323591	48280.76	9691.009166	323119	-16564.560985602322	774118.9133000225	15229	28791	56967	0.14920303716728833	0.007686804713542047	1.541255739307317e-4	0.1489009510423841	0.14950512329219257
K562_skew	[0.5,1.0)	dELS	non-CpG tv	223697	223697	13130.476	1373.873572	223284	12914.74301653414	524719.7183459242	11524	21333	41710	0.058697595408074316	0.002696276215205323	1.0978730147160327e-4	0.05848241229718997	0.05891277851895866
K562_skew	[0.5,1.0)	non-cCRE	CpG ti (CGI)	1050	1050	1000.09	1670.3365	1044	55.76700156170401	3438.643427506081	88	305	333	0.9524666666666667	0.6842555875436922	0.025527866893590028	0.9024320475552302	1.002501285778103
K562_skew	[0.5,1.0)	non-cCRE	CpG ti (non-CGI)	53802	53802	114252.11	258001.020784	53412	-46823.071975462386	141498.36593296824	261	2665	866	2.123566224303929	0.28585154425647813	0.0023050006983364644	2.11904842293519	2.1280840256726683
K562_skew	[0.5,1.0)	non-cCRE	non-CpG ti	706489	706489	105684.506	21178.873466	701042	-129462.11186882285	910360.6121453831	8421	26939	8466	0.149591155700938	0.007600137686382902	1.0371893003452736e-4	0.14938786659807032	0.1497944448038057
K562_skew	[0.5,1.0)	non-cCRE	non-CpG tv	508729	508729	32627.655	4025.483339	503436	-55191.328813168	588361.7528389717	6737	20948	7274	0.064135630168518	0.003799452997778778	8.642060265676781e-5	0.06396624578731074	0.06430501454972527
K562_skew	[0.5,1.0)	pELS	CpG ti (CGI)	1840	1840	919.895	850.236619	1838	935.2449996456272	8513.893202787636	269	743	928	0.4999429347826087	0.2122575383404852	0.0107404542638448	0.4788916444254729	0.5209942251397445
K562_skew	[0.5,1.0)	pELS	CpG ti (non-CGI)	4017	4017	6246.898	11982.645248	4008	-2865.0640049455706	13913.108938738307	108	1000	1038	1.5551152601443865	0.5647407469209548	0.011856967953560837	1.5318756029554073	1.5783549173333657
K562_skew	[0.5,1.0)	pELS	non-CpG ti	53951	53951	7896.459	1506.875573	53895	10808.001013020994	179625.06283164982	4503	13888	12687	0.1463635335767641	0.0065082841708240784	3.4732296849009536e-4	0.14568278055852352	0.14704428659500468
K562_skew	[0.5,1.0)	pELS	non-CpG tv	45561	45561	3169.165	412.216569	45489	12713.43197918544	157880.49409515757	4266	12987	12666	0.06955872346963411	0.004209251473559197	3.039525648610891e-4	0.06896297644250637	0.07015447049676185
K562_skew	[1.0,1.5)	Other cCREs	CpG ti (CGI)	73	73	126.662	259.615048	73	-47.90799995698033	392.2199035164657	3	8	3	1.735095890410959	0.5533935045662098	0.0870674045740606	1.5644437774458002	1.9057480033761178
K562_skew	[1.0,1.5)	Other cCREs	CpG ti (non-CGI)	1800	1800	3861.101	8809.459823	1791	-1641.7550022316864	5253.842809423057	11	96	139	2.1450561111111113	0.2930414270888136	0.012759341394724049	2.120047801977452	2.1700644202447705
K562_skew	[1.0,1.5)	Other cCREs	non-CpG ti	19286	19286	2803.048	527.97396	19195	-3132.606998641277	28092.413808332378	341	766	1379	0.14534107642849733	0.006252317676912286	5.693763668324727e-4	0.14422509874950568	0.146457054107489
K562_skew	[1.0,1.5)	Other cCREs	non-CpG tv	13347	13347	812.783	83.823263	13224	-1736.7609905243148	18573.04803618973	238	563	992	0.060896306286056794	0.0025721400035890823	4.3899085352142454e-4	0.060035884213154804	0.06175672835895878
K562_skew	[1.0,1.5)	PLS	CpG ti (CGI)	215	215	109.535	106.446203	215	134.1660003820436	1304.479739582158	43	85	133	0.5094651162790698	0.23664458639426214	0.03317638459592957	0.4444394024710478	0.5744908300870917
K562_skew	[1.0,1.5)	PLS	CpG ti (non-CGI)	144	144	202.471	368.962715	144	-74.98200045526033	971.7496027696368	8	49	57	1.4060486111111112	0.5893611654526032	0.06397488469078028	1.280657837117182	1.5314393851050405
K562_skew	[1.0,1.5)	PLS	non-CpG ti	2342	2342	334.257	58.613969	2341	1742.7230004644953	16600.214672509774	455	803	866	0.14272288642186165	0.004659481056509091	0.0014105072729636318	0.13995829216685293	0.14548748067687037
K562_skew	[1.0,1.5)	PLS	non-CpG tv	2669	2669	235.619	37.616145	2666	2284.75100384152	17771.471875220384	535	968	1162	0.08827988010490821	0.00630274660028547	0.001536705467672473	0.08526793738827017	0.09129182282154626
K562_skew	[1.0,1.5)	dELS	CpG ti (CGI)	321	321	388.963	707.414209	321	-73.35799907718315	1548.0866417325606	32	61	109	1.2117227414330218	0.737809051012461	0.047942367107827996	1.117755701901679	1.3056897809643646
K562_skew	[1.0,1.5)	dELS	CpG ti (non-CGI)	6282	6282	12362.136	26416.387122	6278	-5691.288994923934	23898.667881104193	127	690	1627	1.9678662846227317	0.33264710741586984	0.007276841402152702	1.9536036754745125	1.982128893770951
K562_skew	[1.0,1.5)	dELS	non-CpG ti	62908	62908	8895.202	1616.914116	62822	-3467.7279993678667	145657.91298763122	2956	5768	11282	0.14140017167927765	0.005708919930661867	3.0124790609420676e-4	0.140809725783333	0.1419906175752223
K562_skew	[1.0,1.5)	dELS	non-CpG tv	43936	43936	2614.134	272.682312	43842	2329.0940017529065	104391.53586130126	2356	4298	8902	0.0594986798980335	0.0026663204716839447	2.463462274082628e-4	0.059015841292313305	0.059981518503753696
K562_skew	[1.0,1.5)	non-cCRE	CpG ti (CGI)	225	225	206.706	338.876844	225	-1.7800006568431932	1173.8691056485925	24	72	68	0.9186933333333333	0.6650777671428572	0.05436820014771123	0.8121316610438193	1.0252550056228473
K562_skew	[1.0,1.5)	non-cCRE	CpG ti (non-CGI)	7320	7320	15655.572	35524.225252000004	7277	-6714.333999523663	21232.91757444686	39	429	182	2.1387393442622953	0.27886835068572974	0.006172258032467695	2.1266417185186586	2.150836970005932
K562_skew	[1.0,1.5)	non-cCRE	non-CpG ti	121589	121589	17391.4	3224.50216	120692	-26474.725992268777	163053.26769585782	1315	4958	1537	0.14303432053886456	0.00606091948037957	2.2326575436446927e-4	0.1425967196603102	0.1434719214174189
K562_skew	[1.0,1.5)	non-cCRE	non-CpG tv	85391	85391	5355.014	562.2386300000001	84596	-10312.075957515744	99315.78676327328	1099	3967	1521	0.06271169092761532	0.0026515592823392322	1.7621570871167763e-4	0.06236630813854043	0.06305707371669021
K562_skew	[1.0,1.5)	pELS	CpG ti (CGI)	427	427	181.762	143.031832	427	282.63300020340824	2137.0322717810764	64	181	240	0.425672131147541	0.15413336642807668	0.01899915975142408	0.38843377803474977	0.4629104842603322
K562_skew	[1.0,1.5)	pELS	CpG ti (non-CGI)	823	823	1328.973	2612.887781	823	-558.1269983334935	3395.201105941953	28	189	235	1.6147910085054678	0.5679733942256241	0.02627024230748229	1.5633013335828025	1.666280683428133
K562_skew	[1.0,1.5)	pELS	non-CpG ti	10583	10583	1488.609	265.522385	10572	1607.5179993769834	33327.17362868142	854	2761	2509	0.1406603987527166	0.005304672979882562	7.079863912651336e-4	0.13927274542583695	0.14204805207959625
K562_skew	[1.0,1.5)	pELS	non-CpG tv	9598	9598	726.698	99.431494	9586	2790.525998775616	33266.56241100844	925	2728	2879	0.07571348197541154	0.004627556327543231	6.943612624405243e-4	0.07435253390102811	0.07707443004979497
K562_skew	[1.5,Inf)	Other cCREs	CpG ti (non-CGI)	501	501	1110.575	2587.807877	499	-486.24600049830053	1615.9763687363718	3	18	43	2.2167165668662676	0.25195575150499006	0.02242555889218208	2.172762471437591	2.2606706622949444
K562_skew	[1.5,Inf)	Other cCREs	non-CpG ti	6663	6663	933.506	162.8669	6645	-1560.5319965068486	10258.156129942874	109	233	415	0.1401029566261444	0.004815363159975151	8.501187917428443e-4	0.13843672379432842	0.14176918945796035
K562_skew	[1.5,Inf)	Other cCREs	non-CpG tv	4154	4154	247.838	23.94536	4112	-513.8399968720041	5788.25414553278	77	198	238	0.05966249398170438	0.002205327911524766	7.286237796746399e-4	0.05823439137354209	0.06109059658986667
K562_skew	[1.5,Inf)	PLS	non-CpG ti	680	680	92.172	14.848384	680	449.0360025217529	4025.0665521171886	128	224	250	0.1355470588235294	0.0034679535995841646	0.002258302850393268	0.1311207852367586	0.13997333241030022
K562_skew	[1.5,Inf)	PLS	non-CpG tv	768	768	68.495	10.692011	768	618.7419964484873	5018.733714763726	151	274	347	0.08918619791666667	0.005975492012643959	0.0027893706383573615	0.08371903146548623	0.0946533643678471
K562_skew	[1.5,Inf)	dELS	CpG ti (CGI)	65	65	70.193	122.440091	64	-60.881999837234616	227.73717038012495	0	15	25	1.0798923076923077	0.7287376600961539	0.10588365604220468	0.8723603418495866	1.287424273535029
K562_skew	[1.5,Inf)	dELS	CpG ti (non-CGI)	2095	2095	4204.088	9068.551012	2095	-1891.3370004225296	8168.404448394888	39	251	558	2.006724582338902	0.30186450624833333	0.012003669014441946	1.983197391070596	2.0302517736072083
K562_skew	[1.5,Inf)	dELS	non-CpG ti	21590	21590	2940.85	499.250964	21557	-2053.967994526029	48307.31227772153	901	2043	3792	0.13621352477999074	0.004570263543969812	4.6009159649352003e-4	0.13531174525086345	0.13711530430911803
K562_skew	[1.5,Inf)	dELS	non-CpG tv	14314	14314	842.856	82.362104	14290	144.33900581300298	34366.9576513404	716	1493	2912	0.05888333100461087	0.002286867544384665	3.997053847593343e-4	0.058099908450482574	0.05966675355873917
K562_skew	[1.5,Inf)	non-cCRE	CpG ti (CGI)	62	62	61.673	101.815677	62	-9.130999535089355	230.44403120220628	5	17	13	0.9947258064516129	0.6634090547329453	0.1034415102561818	0.7919804463494966	1.1974711665537292
K562_skew	[1.5,Inf)	non-cCRE	CpG ti (non-CGI)	1498	1498	3303.404	7670.038928	1493	-1505.28099964303	5509.605336264231	18	92	51	2.2052096128170895	0.25740859865168697	0.013108579082489216	2.1795167978154106	2.2309024278187684
K562_skew	[1.5,Inf)	non-cCRE	non-CpG ti	42415	42415	5678.297	950.766097	42173	-14335.775992879524	65923.23409285511	383	1854	558	0.13387473771071554	0.004493459128623971	3.254847626952196e-4	0.1332367875758329	0.13451268784559817
K562_skew	[1.5,Inf)	non-cCRE	non-CpG tv	24392	24392	1455.001	139.113151	24185	-4013.533988223761	32560.658072315284	346	1316	513	0.05965074614627747	0.0021451049857086684	2.965518041085469e-4	0.05906950461022471	0.06023198768233022
K562_skew	[1.5,Inf)	pELS	CpG ti (CGI)	120	120	54.686	53.297724	120	67.55100122559821	776.9584741519385	24	45	67	0.45571666666666666	0.23845716274509807	0.04457738241390826	0.36834499713540647	0.5430883361979268
K562_skew	[1.5,Inf)	pELS	CpG ti (non-CGI)	263	263	434.763	881.756717	263	-198.89800017792743	1016.9551666207368	10	63	91	1.6530912547528516	0.6223427626331525	0.04864485883812192	1.5577473314301327	1.7484351780755705
K562_skew	[1.5,Inf)	pELS	non-CpG ti	3743	3743	502.865	83.811029	3739	538.4530035227075	10268.701956012294	292	993	920	0.13434811648410366	0.004343148958904655	0.0010771903368867026	0.13223682342380572	0.1364594095444016
K562_skew	[1.5,Inf)	pELS	non-CpG tv	3419	3419	266.356	36.803916	3412	1209.1830039698405	11367.029266746596	333	1003	1086	0.07790465048259725	0.004696765627869318	0.001172060133682035	0.07560741262058046	0.08020188834461403
SKNSH_skew	(-Inf,-1.5)	Other cCREs	CpG ti (CGI)	76	76	144.074	312.169742	74	-4.147000230848793	448.3515940307815	6	14	10	1.8957105263157896	0.520628581754385	0.08276699871153714	1.7334872088411768	2.0579338437904022
SKNSH_skew	(-Inf,-1.5)	Other cCREs	CpG ti (non-CGI)	6114	6114	13506.722	31986.0985	6096	-5755.503002177341	17640.745667087056	28	211	762	2.209146548904154	0.35134470909409204	0.007580607166995028	2.1942885588568437	2.2240045389514647
SKNSH_skew	(-Inf,-1.5)	Other cCREs	non-CpG ti	5413	5413	819.63	157.271476	5367	616.5150044818876	6151.9350445341515	144	228	856	0.15141880657675966	0.006127878707592479	0.0010639863752699612	0.14933339328123052	0.1535042198722888
SKNSH_skew	(-Inf,-1.5)	Other cCREs	non-CpG tv	5828	5828	396.253	45.549717	5775	-1420.4800005614525	10616.403195369232	113	196	875	0.06799124914207275	0.0031934066507132743	7.402311232115146e-4	0.06654039614057818	0.06944210214356732
SKNSH_skew	(-Inf,-1.5)	PLS	CpG ti (CGI)	1344	1344	608.054	485.215564	1344	5000.84900051402	35988.13387293581	804	621	940	0.45242113095238096	0.15645501536848916	0.010789345748143536	0.4312740132860196	0.4735682486187423
SKNSH_skew	(-Inf,-1.5)	PLS	CpG ti (non-CGI)	759	759	1101.544	2129.10368	759	659.7790006510913	7697.71375266004	166	209	396	1.4513096179183136	0.6997655385749197	0.03036374863754482	1.3917966705887257	1.5108225652479015
SKNSH_skew	(-Inf,-1.5)	PLS	non-CpG ti	1539	1539	213.036	36.187756	1534	5473.335000091932	36624.894176307134	860	601	971	0.13842495126705653	0.0043551743055080284	0.0016822225902314886	0.1351277949902028	0.14172210754391026
SKNSH_skew	(-Inf,-1.5)	PLS	non-CpG tv	2539	2539	185.961	21.177857	2537	8272.028993583637	56996.886635303	1376	1025	1682	0.07324182749113825	0.002977830385311442	0.0010829754908899059	0.07111919552899404	0.07536445945328246
SKNSH_skew	(-Inf,-1.5)	dELS	CpG ti (CGI)	408	408	497.003	921.536053	407	82.93199926509992	2575.2493341319964	59	95	196	1.2181446078431373	0.7766941731403866	0.04363097740218038	1.1326278921348638	1.3036613235514107
SKNSH_skew	(-Inf,-1.5)	dELS	CpG ti (non-CGI)	18018	18018	38085.375	87583.09151700001	18000	-13915.906995457362	64559.85153633053	479	1817	6294	2.1137404262404265	0.3929896614849048	0.004670219269302057	2.1045867964725944	2.1228940560082585
SKNSH_skew	(-Inf,-1.5)	dELS	non-CpG ti	17066	17066	2404.723	429.773083	17041	9456.629988869883	62586.53516949582	1803	1558	7588	0.140907242470409	0.005328461539105224	5.58772529446433e-4	0.139812048312694	0.142002436628124
SKNSH_skew	(-Inf,-1.5)	dELS	non-CpG tv	17549	17549	1058.734	108.361498	17513	2934.0390037260936	57747.28380450855	1347	1725	7386	0.06033016126275001	0.002535212277504196	3.8008521628662273e-4	0.05958519423882823	0.06107512828667179
SKNSH_skew	(-Inf,-1.5)	non-cCRE	CpG ti (CGI)	274	274	354.077	669.508607	271	237.15299817465703	2483.0072044292097	53	87	78	1.2922518248175183	0.7763807971578299	0.053230691888892276	1.1879196687152895	1.3965839809197471
SKNSH_skew	(-Inf,-1.5)	non-cCRE	CpG ti (non-CGI)	31755	31755	72221.581	173890.793479	31651	-31715.68497672492	93308.90156185933	103	1117	595	2.2743373012124075	0.30341241601583174	0.0030910826381372897	2.2682787792416583	2.2803958231831567
SKNSH_skew	(-Inf,-1.5)	non-cCRE	non-CpG ti	23356	23356	3652.227	701.522051	22978	1390.7770093441936	20055.210183822863	302	864	576	0.15637210995033396	0.005584055191283313	4.889625728418779e-4	0.15541374330756388	0.15733047659310403
SKNSH_skew	(-Inf,-1.5)	non-cCRE	non-CpG tv	22971	22971	1540.511	175.015385	22691	-6702.868997523212	39085.50974845644	291	912	651	0.06706329720081843	0.0031216211565463655	3.686380387229502e-4	0.06634076664492145	0.0677858277567154
SKNSH_skew	(-Inf,-1.5)	pELS	CpG ti (CGI)	422	422	218.997	203.726065	422	963.6920004880526	7341.855855003916	156	172	265	0.5189502369668246	0.2139608549999437	0.022517021207870636	0.4748168753993982	0.563083598534251
SKNSH_skew	(-Inf,-1.5)	pELS	CpG ti (non-CGI)	2132	2132	3891.31	8378.490738	2131	-786.6190025493272	8486.337775303993	121	489	840	1.8251923076923076	0.5988276204382202	0.01675935543441413	1.792343971040856	1.8580406443437592
SKNSH_skew	(-Inf,-1.5)	pELS	non-CpG ti	2312	2312	333.593	60.900937	2311	3195.8419999865587	21198.121972892113	537	585	1204	0.14428762975778547	0.005524705203899207	0.0015458261142149625	0.14125781057392414	0.1473174489416468
SKNSH_skew	(-Inf,-1.5)	pELS	non-CpG tv	2660	2660	162.165	15.191765	2658	3034.629001355615	23146.073789438244	580	731	1334	0.060964285714285714	0.0019952958281846027	8.660896106080676e-4	0.0592667500774939	0.06266182135107752
SKNSH_skew	[-0.05,0.05)	Other cCREs	CpG ti (CGI)	16147	16147	27114.808	54298.478456	16055	-11117.533995533016	54737.07789586089	404	2352	557	1.6792474143803804	0.5429212950934932	0.005798591512998567	1.667882175014903	1.6906126537458577
SKNSH_skew	[-0.05,0.05)	Other cCREs	CpG ti (non-CGI)	1002436	1002436	2098112.97	4678160.423312	995097	-769183.1826855789	2672739.4306453443	10834	42551	41608	2.093014386953382	0.28608317910738434	5.342171599665381e-4	2.0919673213198475	2.0940614525869163
SKNSH_skew	[-0.05,0.05)	Other cCREs	non-CpG ti	10004643	10004643	1487340.9259999995	298332.42683	9973624	361816.93755773705	14492218.847842086	311706	281703	355190	0.14866506740920185	0.007718096040392585	2.7775014296042212e-5	0.1486106283811816	0.1487195064372221
SKNSH_skew	[-0.05,0.05)	Other cCREs	non-CpG tv	6612008	6612008	397172.276	57198.053932	6580989	207389.8414763889	9955531.891912822	212388	192464	243243	0.060068329620895804	0.005042429437983142	2.7615520267162328e-5	0.060014203201172164	0.06012245604061944
SKNSH_skew	[-0.05,0.05)	PLS	CpG ti (CGI)	47656	47656	23592.68	20379.924466	47641	46.014015014516005	228368.09134138504	5068	19033	26800	0.49506211180124227	0.182563896383361	0.0019572606034078677	0.49122588101856285	0.4988983425839217
SKNSH_skew	[-0.05,0.05)	PLS	CpG ti (non-CGI)	33649	33649	48229.627	89865.67370500001	33595	-20199.896004011734	148152.53527839438	1649	9198	9571	1.4333153139766412	0.6163044085389535	0.0042796825513833365	1.42492713617593	1.4417034917773526
SKNSH_skew	[-0.05,0.05)	PLS	non-CpG ti	343940	343940	49360.019	9030.182093	343703	135835.2299435852	1543670.485393284	40925	104799	98808	0.14351345874280397	0.0056590123327086485	1.2827114656265189e-4	0.14326204729554118	0.14376487019006676
SKNSH_skew	[-0.05,0.05)	PLS	non-CpG tv	293546	293546	21765.259	3167.804761	293218	71632.96291340106	1379606.7696432583	33123	95165	99638	0.07414599074761706	0.005293900657706693	1.3429189747845996e-4	0.07388277862855928	0.07440920286667484
SKNSH_skew	[-0.05,0.05)	dELS	CpG ti (CGI)	55944	55944	71529.696	131630.682854	55859	-39360.04600688025	223262.90393321056	2085	11809	13707	1.2785945945945945	0.718109507809832	0.0035827671272803977	1.2715723710251248	1.2856168181640641
SKNSH_skew	[-0.05,0.05)	dELS	CpG ti (non-CGI)	2621712	2621712	5170966.624	11005908.489120005	2617739	-2105706.42587918	8935050.069332633	50690	224637	333734	1.9723625722428701	0.3077713209523602	3.4262699973912466e-4	1.9716910233233815	1.9730341211623588
SKNSH_skew	[-0.05,0.05)	dELS	non-CpG ti	23193704	23193704	3356030.627999994	657083.364638	23167881	3193862.7823065897	48873048.1559771	1218787	1542540	2090769	0.14469576002177117	0.007393384414002326	1.7854043502962966e-5	0.14466076609650536	0.144730753947037
SKNSH_skew	[-0.05,0.05)	dELS	non-CpG tv	15007758	15007758	872928.8550000004	119868.39891699998	14986105	1959555.4603652037	32883479.861419138	805510	1012960	1428703	0.0581651739720217	0.0046039085121598955	1.751481011709265e-5	0.0581308449441922	0.0581995029998512
SKNSH_skew	[-0.05,0.05)	non-cCRE	CpG ti (CGI)	58677	58677	60064.014	101862.815334	58558	-26317.58400637936	183011.60778404903	2272	17373	13310	1.0236381205583107	0.6881689435178255	0.0034246294257601296	1.016925846883821	1.0303503942328005
SKNSH_skew	[-0.05,0.05)	non-cCRE	CpG ti (non-CGI)	13510818	13510818	29253124.737	66960635.70288498	13400756	-10713994.14661679	31927733.96296719	68903	414215	68556	2.1651631112934835	0.26814434184592256	1.4087810357255308e-4	2.1648869902104813	2.1654392323764857
SKNSH_skew	[-0.05,0.05)	non-cCRE	non-CpG ti	156907607	156907607	23883449.7060002	5020777.063379931	155381788	-8739804.014671717	161226862.14764246	2224167	3244999	484873	0.15221345964444033	0.008829365195882535	7.501407193905699e-6	0.15219875688634027	0.1522281624025404
SKNSH_skew	[-0.05,0.05)	non-cCRE	non-CpG tv	103276656	103276656	6341587.329999997	1085863.779704005	101883252	-5158357.506710383	108692300.23378272	1543976	2146061	349503	0.061403879401362466	0.006743689714577578	8.08067622910072e-6	0.06138804127595343	0.0614197175267715
SKNSH_skew	[-0.05,0.05)	pELS	CpG ti (CGI)	76553	76553	40224.038	38466.96567	76516	-9612.337987500245	256867.5543973311	5300	29673	32198	0.5254403877052499	0.22640338003199512	0.0017197303102064931	0.5220697162972452	0.5288110591132547
SKNSH_skew	[-0.05,0.05)	pELS	CpG ti (non-CGI)	361410	361410	601250.209	1180674.541467	360988	-275075.47892276384	1168695.7996830023	6834	75333	49381	1.663623610304087	0.4992141813688461	0.0011752854901779539	1.661320050743338	1.6659271698648357
SKNSH_skew	[-0.05,0.05)	pELS	non-CpG ti	3130222	3130222	446917.056	84868.77459	3127839	475717.3518698923	6841666.731922147	170634	633540	363456	0.14277487539222458	0.0067280385662674145	4.6361413267723034e-5	0.14268400702221984	0.14286574376222932
SKNSH_skew	[-0.05,0.05)	pELS	non-CpG tv	2167780	2167780	133180.405	18733.750299	2165359	239756.3500150369	5038630.861066184	118349	462787	288882	0.061436310418953956	0.0048674876893345645	4.738543025371437e-5	0.061343434975656676	0.061529185862251236
SKNSH_skew	[-0.2,-0.05)	Other cCREs	CpG ti (CGI)	15095	15095	25444.352	51622.14211	14974	-10026.258998362233	51965.401384141864	389	2179	547	1.6856145743623716	0.5785591323435564	0.006190950304568547	1.6734803117654173	1.6977488369593259
SKNSH_skew	[-0.2,-0.05)	Other cCREs	CpG ti (non-CGI)	1006061	1006061	2159166.946	4950168.90871	998072	-840193.9305881168	2878183.84834011	9693	43318	50734	2.1461590758413256	0.314348221075783	5.589762380877945e-4	2.1450634824146735	2.1472546692679777
SKNSH_skew	[-0.2,-0.05)	Other cCREs	non-CpG ti	2095850	2095850	285673.804	51715.53534	2086665	158736.83131276033	2886573.5057555847	65769	66294	108933	0.13630450843333253	0.006096292201155626	5.3932777783845465e-5	0.1361988001888762	0.13641021667778885
SKNSH_skew	[-0.2,-0.05)	Other cCREs	non-CpG tv	1744957	1744957	109855.324	14577.145592	1732782	11291.119288206326	2675720.674607618	53694	57074	92510	0.06295589174976804	0.004390429160460382	5.0160415170316624e-5	0.06285757733603421	0.06305420616350187
SKNSH_skew	[-0.2,-0.05)	PLS	CpG ti (CGI)	52243	52243	25384.408	21557.149472	52223	11554.901998334908	272467.6407786846	6951	20910	29819	0.4858910858871045	0.1765455362405478	0.0018382912361130203	0.482288035064323	0.489494136709886
SKNSH_skew	[-0.2,-0.05)	PLS	CpG ti (non-CGI)	45036	45036	65446.641	124236.227927	44954	-23821.07999299595	203794.56871069336	2545	12683	13666	1.4532072342126299	0.6468012827996689	0.00378970610234078	1.445779410252042	1.4606350581732177
SKNSH_skew	[-0.2,-0.05)	PLS	non-CpG ti	156464	156464	22646.355	4111.055017	156360	114761.53096136912	900065.1451056376	26980	53429	60922	0.14473843823499336	0.005325584723447504	1.8449153092672403e-4	0.14437683483437697	0.14510004163560974
SKNSH_skew	[-0.2,-0.05)	PLS	non-CpG tv	174794	174794	13982.907	1979.204137	174626	83130.81599674412	978336.9182633816	26202	61723	75690	0.07999649301463437	0.004923656066605745	1.67834250612332e-4	0.0796675378834342	0.08032544814583453
SKNSH_skew	[-0.2,-0.05)	dELS	CpG ti (CGI)	56778	56778	72971.424	136029.135076	56663	-34678.30102567375	233047.6087339183	2668	12073	14754	1.2852059600549508	0.7440658371788422	0.003620058903888931	1.2781106446033286	1.292301275506573
SKNSH_skew	[-0.2,-0.05)	dELS	CpG ti (non-CGI)	3058309	3058309	6170354.3270000005	13493209.723949	3053151	-2593596.493767775	11106494.32109462	60534	276321	461833	2.017570600943201	0.341392768939926	3.3410769456957833e-4	2.0169157498618446	2.0182254520245575
SKNSH_skew	[-0.2,-0.05)	dELS	non-CpG ti	5774512	5774512	781989.62	139047.757008	5766458	1258926.7775752037	12604847.749068132	346489	446274	804318	0.13542090136794244	0.00574074892354092	3.153019324008365e-5	0.13535910218919187	0.135482700546693
SKNSH_skew	[-0.2,-0.05)	dELS	non-CpG tv	4683928	4683928	291164.129	37516.261321	4675304	597252.7208007649	10977041.739606308	268595	367466	678649	0.062162383580618666	0.004145411542320208	2.9749434918455605e-5	0.062104074688178496	0.062220692473058836
SKNSH_skew	[-0.2,-0.05)	non-cCRE	CpG ti (CGI)	55869	55869	57638.333	99562.281649	55707	-20413.98298145155	179547.67702735163	2628	16530	13216	1.0316693157207038	0.7177379194459786	0.00358424342077285	1.0246441986159889	1.0386944328254186
SKNSH_skew	[-0.2,-0.05)	non-cCRE	CpG ti (non-CGI)	10650992	10650992	23439924.655	54637254.218845	10542672	-9233944.080089992	27928519.539738532	51946	379197	85418	2.200726904592549	0.28658191420538054	1.6403229467452736e-4	2.200405401294987	2.2010484078901107
SKNSH_skew	[-0.2,-0.05)	non-cCRE	non-CpG ti	23107652	23107652	3044777.568999992	558132.076211	22827553	471753.2467040493	23578410.449621934	412857	590286	151697	0.1317649049327899	0.006791570865001593	1.714380463791465e-5	0.13173130307569958	0.1317985067898802
SKNSH_skew	[-0.2,-0.05)	non-cCRE	non-CpG tv	19689519	19689519	1180083.173000001	155903.19899499978	19347134	-635860.5120737643	22483469.27319592	352091	518892	143168	0.05993458616231311	0.004325926230603277	1.4822518505124949e-5	0.05990553402604307	0.05996363829858316
SKNSH_skew	[-0.2,-0.05)	pELS	CpG ti (CGI)	75983	75983	39790.911	38197.720753	75938	944.0350022930623	268378.5032774776	6311	29643	33201	0.5236817577616045	0.2284744615512152	0.0017340459955464235	0.5202830276103335	0.5270804879128755
SKNSH_skew	[-0.2,-0.05)	pELS	CpG ti (non-CGI)	417839	417839	702955.84	1409747.323908	417318	-318901.1098956041	1416685.4052613357	8981	90422	68912	1.6823605264228565	0.5435651302025634	0.00114056832815387	1.680125012499675	1.684596040346038
SKNSH_skew	[-0.2,-0.05)	pELS	non-CpG ti	847672	847672	116509.845	20633.434655	846889	273091.7230029689	2223466.975377146	65081	194687	160794	0.137446848545192	0.005449665772759956	8.01809162908706e-5	0.1372896939492619	0.13760400314112212
SKNSH_skew	[-0.2,-0.05)	pELS	non-CpG tv	768539	768539	52500.529	7154.885303	767464	143340.18699530463	2139916.764926124	54761	187422	161708	0.06831212079022665	0.0046431833226219165	7.772754662706545e-5	0.0681597747988376	0.0684644667816157
SKNSH_skew	[-0.5,-0.2)	Other cCREs	CpG ti (CGI)	3568	3568	6108.315	12505.193527	3528	-2398.848994199417	12632.828941130192	100	628	172	1.711971692825112	0.5741326482032453	0.012685094270398293	1.6871089080551314	1.7368344775950928
SKNSH_skew	[-0.5,-0.2)	Other cCREs	CpG ti (non-CGI)	196434	196434	420625.002	965175.688468	195130	-168787.59590403194	549486.0186128124	1660	9323	16082	2.141304468676502	0.3283027396024979	0.0012927927956919558	2.1387705947969455	2.1438383425560583
SKNSH_skew	[-0.5,-0.2)	Other cCREs	non-CpG ti	359410	359410	55555.841	11517.852629	357428	10401.50703792042	515198.1888911552	10155	12721	31981	0.15457511198909324	0.008153113263097875	1.50614456705167e-4	0.1542799076539511	0.15487031632423537
SKNSH_skew	[-0.5,-0.2)	Other cCREs	non-CpG tv	326613	326613	21728.588	2894.947942	323798	-20346.39996315236	506541.84700988897	8479	12267	29155	0.06652701515248934	0.004437711531976173	1.1656355940321905e-4	0.06629855057605903	0.06675547972891964
SKNSH_skew	[-0.5,-0.2)	PLS	CpG ti (CGI)	18303	18303	8393.493	6703.4012569999995	18295	16510.90099948156	141661.15558365925	4141	7553	11250	0.4585856416980823	0.15595376917859455	0.0029190181669313565	0.45286436609089686	0.46430691730526774
SKNSH_skew	[-0.5,-0.2)	PLS	CpG ti (non-CGI)	12790	12790	17862.932	33713.983488	12778	-2304.777985387249	67314.57137503446	1207	3811	5350	1.3966326817826427	0.6854350507732433	0.007320620307509971	1.382284265979923	1.4109810975853623
SKNSH_skew	[-0.5,-0.2)	PLS	non-CpG ti	55314	55314	8737.804	1794.242136	55279	72678.4619784509	483176.97327955	14775	20240	27130	0.15796731388075352	0.007483859289922741	3.6782841352994407e-4	0.15724637019023482	0.15868825757127222
SKNSH_skew	[-0.5,-0.2)	PLS	non-CpG tv	67632	67632	5494.475	786.905807	67582	68492.84098632552	526537.9419696585	15601	25466	35492	0.08124075881239651	0.005035124258465166	2.728531557579409e-4	0.08070596662711094	0.08177555099768208
SKNSH_skew	[-0.5,-0.2)	dELS	CpG ti (CGI)	13791	13791	17533.41	32638.983458	13773	-6044.5059868549	56700.34110264673	836	3200	4315	1.2713661083315206	0.7503698492037009	0.007376321007744222	1.256908519156342	1.2858236975066992
SKNSH_skew	[-0.5,-0.2)	dELS	CpG ti (non-CGI)	614048	614048	1242307.014	2732321.085784	613025	-514456.0519585996	2202682.9493770027	13244	60697	140894	2.0231431647037366	0.3565787992554165	7.620379473305123e-4	2.021649570326969	2.0246367590805043
SKNSH_skew	[-0.5,-0.2)	dELS	non-CpG ti	1085352	1085352	163599.978	33028.475134	1083341	252652.21177694167	2746175.488854946	73065	95422	239836	0.15073448798177919	0.0077102395596813	8.428467771851249e-5	0.1505692900134509	0.15089968595010747
SKNSH_skew	[-0.5,-0.2)	dELS	non-CpG tv	962295	962295	62659.885	8153.394681	959926	108435.3780107656	2519306.3866461404	58989	87043	219494	0.06511504788032776	0.004232898957126583	6.632310288114919e-5	0.06498505459868072	0.06524504116197481
SKNSH_skew	[-0.5,-0.2)	non-cCRE	CpG ti (CGI)	11081	11081	12615.144	23097.28542	11024	-2156.855989739763	41109.740740786416	789	3354	2720	1.1384481544986915	0.7884113731466388	0.008435036434340123	1.121915483087385	1.154980825909998
SKNSH_skew	[-0.5,-0.2)	non-cCRE	CpG ti (non-CGI)	1753829	1753829	3778072.295	8629518.066189	1743208	-1605165.4936857854	4590538.543613249	6157	71979	19552	2.1541850972928374	0.27987409928741674	3.9947327583532974e-4	2.1534021296722	2.154968064913475
SKNSH_skew	[-0.5,-0.2)	non-cCRE	non-CpG ti	2461531	2461531	387202.726	84364.430212	2428762	-121808.00554199833	2671743.3608188475	37957	83885	33821	0.15730158425792728	0.009529369125386192	6.221991596041135e-5	0.1571796332226449	0.15742353529320968
SKNSH_skew	[-0.5,-0.2)	non-cCRE	non-CpG tv	2340219	2340219	152338.983	19792.110333	2301380	-273281.19420712	2888134.1421029717	34633	81643	35075	0.06509603716575244	0.0042198830339049915	4.246410315639731e-5	0.06501280752356589	0.06517926680793898
SKNSH_skew	[-0.5,-0.2)	pELS	CpG ti (CGI)	17377	17377	9081.315	8894.120855	17358	7661.937010393829	87928.27809259258	2498	6751	8795	0.5226054554871382	0.23873020793064104	0.0037065194855578454	0.5153406772954449	0.5298702336788316
SKNSH_skew	[-0.5,-0.2)	pELS	CpG ti (non-CGI)	85387	85387	143000.93	287225.66547	85279	-59098.44498449263	293571.30755552615	2462	19299	20914	1.6747388946795179	0.5590664280286803	0.002558796978324131	1.6697236526020025	1.6797541367570332
SKNSH_skew	[-0.5,-0.2)	pELS	non-CpG ti	174960	174960	26904.338	5430.970124	174768	88947.38998599256	666980.8163407348	19808	44672	51601	0.15377422267946958	0.0073947408326767135	2.0558531695177845e-4	0.15337127545824408	0.15417716990069508
SKNSH_skew	[-0.5,-0.2)	pELS	non-CpG tv	175112	175112	12743.474	1827.252208	174838	63810.97502668542	666990.9794830044	18285	47152	55874	0.07277327653159121	0.005138842509179077	1.7130683838400846e-4	0.07243751512835855	0.07310903793482387
SKNSH_skew	[-1.0,-0.5)	Other cCREs	CpG ti (CGI)	1121	1121	1949.044	4021.284202	1108	-658.5679997054394	3563.0624233601197	37	244	55	1.7386654772524532	0.5647756121017583	0.022445803735975517	1.6946717019299413	1.7826592525749652
SKNSH_skew	[-1.0,-0.5)	Other cCREs	CpG ti (non-CGI)	59990	59990	129660.77	300203.970766	59592	-51147.43397505616	164925.59469258043	466	2735	6378	2.1613730621770295	0.3327055838048381	0.0023549983863364416	2.15675726533981	2.165988859014249
SKNSH_skew	[-1.0,-0.5)	Other cCREs	non-CpG ti	86179	86179	14004.507	3154.339313	85700	4727.914010339071	137611.20219170357	2709	3031	11141	0.16250486777521206	0.010194466739863638	3.439390849427927e-4	0.1618307471687242	0.16317898838169992
SKNSH_skew	[-1.0,-0.5)	Other cCREs	non-CpG tv	80930	80930	5199.235	574.392011	80327	-6519.355968942053	129080.00068821282	1988	3083	10195	0.06424360558507351	0.002970188786663499	1.9157430420769906e-4	0.06386811994882642	0.0646190912213206
SKNSH_skew	[-1.0,-0.5)	PLS	CpG ti (CGI)	6215	6215	2842.02	2302.704942	6212	11346.442996444875	78642.00751091535	2222	2685	3955	0.45728399034593725	0.16142495908545854	0.005096414891297717	0.4472950171589937	0.4672729635328808
SKNSH_skew	[-1.0,-0.5)	PLS	CpG ti (non-CGI)	4901	4901	6949.405	13193.185653	4896	1310.8899937794786	34643.52032519124	748	1488	2490	1.4179565394817384	0.6814757934169203	0.011791874970794756	1.3948444645389806	1.4410686144244962
SKNSH_skew	[-1.0,-0.5)	PLS	non-CpG ti	18334	18334	3081.55	728.242854	18325	40590.35799698741	258020.2932949662	7301	6894	10359	0.1680784335115087	0.011471158959941651	7.909973626685082e-4	0.16652807868067843	0.16962878834233897
SKNSH_skew	[-1.0,-0.5)	PLS	non-CpG tv	23272	23272	1698.679	193.321783	23249	40740.22899064036	270577.0582825626	7818	9036	13441	0.07299239429357168	0.0029792933545524456	3.577995416003554e-4	0.07229110719203499	0.07369368139510837
SKNSH_skew	[-1.0,-0.5)	dELS	CpG ti (CGI)	4190	4190	5400.85	10015.313572	4182	-1382.5310052023283	21234.056993009075	331	1021	1432	1.288985680190931	0.7289795323802363	0.013190177986573147	1.2631329313372477	1.3148384290446142
SKNSH_skew	[-1.0,-0.5)	dELS	CpG ti (non-CGI)	187611	187611	381468.463	844629.851843	187265	-149282.49796965375	679216.3412511842	4706	19378	55761	2.033294758836102	0.36774172679407513	0.0014000460039980546	2.030550668668266	2.0360388490039383
SKNSH_skew	[-1.0,-0.5)	dELS	non-CpG ti	265766	265766	41203.618	8847.901622	265271	91160.80891995726	849683.8733543165	22809	24208	81579	0.15503720566212384	0.009255574752546092	1.8661733638432597e-4	0.15467143568281055	0.15540297564143712
SKNSH_skew	[-1.0,-0.5)	dELS	non-CpG tv	244130	244130	15018.148	1622.161128	243584	39187.791967433994	740379.5353039422	17302	23122	75314	0.061517011428337355	0.002860330177289622	1.0824242377587912e-4	0.06130485627773663	0.06172916657893808
SKNSH_skew	[-1.0,-0.5)	non-cCRE	CpG ti (CGI)	3220	3220	3941.256	7399.259926	3195	-330.98400105605856	14632.842290297098	270	958	731	1.2239925465838508	0.7999975016530345	0.015762183512597273	1.19309866689916	1.2548864262685415
SKNSH_skew	[-1.0,-0.5)	non-cCRE	CpG ti (non-CGI)	391858	391858	863745.49	2024948.104682	389340	-352016.1556384502	1024674.3989097922	1440	17807	6279	2.20423084382608	0.3089230367412836	8.878933205581801e-4	2.202490572917786	2.205971114734374
SKNSH_skew	[-1.0,-0.5)	non-cCRE	non-CpG ti	422121	422121	71347.204	17030.110498000002	416963	-22116.95785849774	476252.97158483526	6458	16160	8488	0.1690207404985774	0.011776161388744757	1.6702573644205128e-4	0.16869337005515098	0.16934811094200383
SKNSH_skew	[-1.0,-0.5)	non-cCRE	non-CpG tv	403304	403304	26193.641	2982.236689	397529	-67673.71884045098	536745.1157776803	5575	16878	8993	0.06494763503461409	0.003176325623921211	8.874548033500707e-5	0.06477369389315749	0.0651215761760707
SKNSH_skew	[-1.0,-0.5)	pELS	CpG ti (CGI)	4745	4745	2505.641	2488.178697	4742	3955.3140026384535	34578.594530715345	959	1986	2493	0.528059220231823	0.24558428843994823	0.007194194598417866	0.5139585988189239	0.542159841644722
SKNSH_skew	[-1.0,-0.5)	pELS	CpG ti (non-CGI)	25397	25397	42707.641	86298.855323	25361	-15048.08299674583	95152.8788921883	1026	5953	8022	1.6816018033626021	0.5702318947880528	0.004738430805106784	1.6723144789845927	1.6908891277406115
SKNSH_skew	[-1.0,-0.5)	pELS	non-CpG ti	41249	41249	6594.268	1440.32778	41192	32349.740005269185	231109.0239237036	6567	10805	15593	0.15986491793740454	0.009361318544480876	4.7638908190522443e-4	0.1589311953368703	0.16079864053793877
SKNSH_skew	[-1.0,-0.5)	pELS	non-CpG tv	43565	43565	2942.534	335.99203	43479	25543.235990137768	223495.05676735504	6142	12172	17139	0.06754353265235855	0.0031503739025416583	2.689132437511992e-4	0.06701646269460619	0.0680706026101109
SKNSH_skew	[-1.5,-1.0)	Other cCREs	CpG ti (CGI)	221	221	392.523	818.869965	212	-113.95199928712104	1042.8038908985218	10	46	21	1.7761221719457014	0.553187098642534	0.05003108077616729	1.6780612536244135	1.8741830902669894
SKNSH_skew	[-1.5,-1.0)	Other cCREs	CpG ti (non-CGI)	13104	13104	29110.859	69161.479431	13020	-11000.816993794871	34255.68355603149	88	558	1613	2.221524648962149	0.34274506678153005	0.005114270139963724	2.2115006794878203	2.2315486184364777
SKNSH_skew	[-1.5,-1.0)	Other cCREs	non-CpG ti	17488	17488	2936.344	698.551976	17356	453.65700156474486	22429.01804407072	413	682	2542	0.16790622140896616	0.011752819248762548	8.197868661978789e-4	0.1662994391512183	0.169513003666714
SKNSH_skew	[-1.5,-1.0)	Other cCREs	non-CpG tv	16513	16513	1012.898	101.151414	16329	-1955.9959983020108	23174.205596301417	313	657	2266	0.06133942954036214	0.002363180020435215	3.782991911029854e-4	0.060597963125800285	0.06208089595492399
SKNSH_skew	[-1.5,-1.0)	PLS	CpG ti (CGI)	2163	2163	996.415	866.049297	2163	6009.184003890958	40757.63337009151	1056	969	1457	0.46066343042071195	0.18826889221893908	0.009329557031575895	0.4423774986388232	0.4789493622026007
SKNSH_skew	[-1.5,-1.0)	PLS	CpG ti (non-CGI)	1460	1460	2157.804	4193.389328	1459	1071.1659999028782	13614.975074743536	295	435	777	1.4779479452054796	0.6883257985221629	0.021713038165697657	1.4353903904007121	1.520505500010247
SKNSH_skew	[-1.5,-1.0)	PLS	non-CpG ti	4562	4562	724.151	158.385835	4559	13024.993991442028	83143.01828026383	2218	1762	2854	0.15873542306006136	0.009523661402243694	0.001444855224718163	0.15590350681961376	0.16156733930050896
SKNSH_skew	[-1.5,-1.0)	PLS	non-CpG tv	6178	6178	435.729	46.227043	6172	15162.594992084783	97490.26859116122	2709	2530	3876	0.07052913564260278	0.0025085726494389407	6.372199871192754e-4	0.069280184467849	0.07177808681735656
SKNSH_skew	[-1.5,-1.0)	dELS	CpG ti (CGI)	910	910	1179.887	2221.686001	908	31.872999384999375	5397.214934550035	111	226	342	1.2965791208791209	0.7611321802016466	0.028920736318990545	1.2398944776938994	1.3532637640643423
SKNSH_skew	[-1.5,-1.0)	dELS	CpG ti (non-CGI)	41722	41722	87302.886	198869.444136	41666	-30871.03499978679	144828.32121783268	1161	4356	14495	2.092490436700062	0.38802977121076315	0.0030496497546706526	2.0865131231809078	2.0984677502192164
SKNSH_skew	[-1.5,-1.0)	dELS	non-CpG ti	53346	53346	8302.739	1828.180301	53252	21099.70700133627	178924.72339835291	4964	4917	20344	0.15563939189442508	0.010046809485085262	4.33973442470868e-4	0.15478880394718217	0.156489979841668
SKNSH_skew	[-1.5,-1.0)	dELS	non-CpG tv	48977	48977	2817.334	261.571288	48854	8054.852010323432	146646.93115382234	3502	4833	18321	0.057523613124527834	0.0020317718258212485	2.0367671274909162e-4	0.05712440676753961	0.05792281948151606
SKNSH_skew	[-1.5,-1.0)	non-cCRE	CpG ti (CGI)	661	661	838.407	1597.434607	656	186.20800056017464	4663.564292719529	106	212	175	1.268391830559758	0.8091000265392195	0.03498649029389848	1.199818309583717	1.3369653515357989
SKNSH_skew	[-1.5,-1.0)	non-cCRE	CpG ti (non-CGI)	84785	84785	191435.808	460446.009088	84398	-72894.26090276567	211725.2177631426	288	4091	1495	2.257897128029722	0.3326529534198753	0.001980779713972019	2.2540147997903373	2.261779456269107
SKNSH_skew	[-1.5,-1.0)	non-cCRE	non-CpG ti	76184	76184	13197.252	3137.778658	75266	-1358.9069671101156	76307.24375709693	1062	3107	1728	0.17322865693583955	0.011178824918895004	3.8305945948012327e-4	0.1724778603952585	0.1739794534764206
SKNSH_skew	[-1.5,-1.0)	non-cCRE	non-CpG tv	70120	70120	4222.7	420.294216	69130	-10919.917966546376	87639.15851074677	846	3021	1685	0.060221049629207074	0.002367386724436277	1.837442046707583e-4	0.059860910988052386	0.06058118827036176
SKNSH_skew	[-1.5,-1.0)	pELS	CpG ti (CGI)	1112	1112	579.95	546.787308	1112	1716.501993652083	13630.894006169076	335	460	616	0.5215377697841727	0.2199113217044726	0.01406278706196127	0.49397470714272856	0.5491008324256167
SKNSH_skew	[-1.5,-1.0)	pELS	CpG ti (non-CGI)	5466	5466	9553.902	19938.283944	5459	-2769.997994140141	23014.079742248887	298	1290	1948	1.7478781558726675	0.5927222936599835	0.010413358438387412	1.7274679733334282	1.7682883384119068
SKNSH_skew	[-1.5,-1.0)	pELS	non-CpG ti	7717	7717	1216.413	267.889273	7704	8459.944008616963	55688.07562669035	1566	1986	3437	0.1576277050667358	0.00986895844954079	0.0011308666851468686	0.15541120636384792	0.15984420376962366
SKNSH_skew	[-1.5,-1.0)	pELS	non-CpG tv	8222	8222	505.461	47.590627	8205	6688.171006102348	52857.373160562005	1470	2379	3747	0.061476648017513985	0.002009071769422133	4.943209187269834e-4	0.0605077790168091	0.06244551701821887
SKNSH_skew	[0.05,0.2)	Other cCREs	CpG ti (CGI)	3734	3734	6069.757	11904.618813	3710	-2564.2230020774296	11898.27853305891	91	589	188	1.6255374933047668	0.5459419325611943	0.012091663971101577	1.6018378319214077	1.649237154688126
SKNSH_skew	[0.05,0.2)	Other cCREs	CpG ti (non-CGI)	119226	119226	244453.226	536781.479684	117645	-99781.24093666846	333046.0716988761	937	6425	5896	2.0503348766208713	0.29834770151995005	0.0015818884726337779	2.0472343752145092	2.0534353780272334
SKNSH_skew	[0.05,0.2)	Other cCREs	non-CpG ti	2945561	2945561	493128.384	117394.92608	2934308	-389913.4908180784	4939915.77511832	73775	90200	128279	0.16741407969483574	0.01182739156603106	6.336661047741531e-5	0.1672898811383	0.16753827825137146
SKNSH_skew	[0.05,0.2)	Other cCREs	non-CpG tv	1843676	1843676	111886.461	12160.435631	1832678	-45840.94383398236	2814671.9304520553	52359	59235	80438	0.060686617930699314	0.002912891220347898	3.9748416521288224e-5	0.060608711034317586	0.06076452482708104
SKNSH_skew	[0.05,0.2)	PLS	CpG ti (CGI)	17536	17536	8241.215	6839.539971	17533	3518.161994856084	99015.33214324187	2397	7137	10469	0.4699597969890511	0.16917594768502295	0.0031060185175411197	0.4638720006946705	0.4760475932834317
SKNSH_skew	[0.05,0.2)	PLS	CpG ti (non-CGI)	7120	7120	9207.654	16444.915786	7108	-3360.7269939214466	35250.30876978591	503	2098	2651	1.2932098314606741	0.6373770344868377	0.009461461114261934	1.2746653676767208	1.3117542952446275
SKNSH_skew	[0.05,0.2)	PLS	non-CpG ti	169809	169809	26469.102	5497.28199	169711	48994.593989059205	872580.2143851692	21773	56051	57710	0.15587573096832322	0.008076129320614425	2.1808273248730993e-4	0.15544828881264808	0.15630317312399836
SKNSH_skew	[0.05,0.2)	PLS	non-CpG tv	145162	145162	10938.518	1453.253762	145044	44418.75096741924	766578.0857465079	18954	51419	56850	0.0753538667144294	0.004333079371006078	1.7277139925484555e-4	0.0750152347718899	0.07569249865696889
SKNSH_skew	[0.05,0.2)	dELS	CpG ti (CGI)	14594	14594	16867.048	29516.147816	14567	-8646.523001857568	58602.418761181514	689	3213	4498	1.155752226942579	0.6867689664943896	0.006859905927858642	1.142306811323976	1.169197642561182
SKNSH_skew	[0.05,0.2)	dELS	CpG ti (non-CGI)	339253	339253	651604.857	1363840.046983	338568	-303406.6579754001	1253100.3872088226	6209	34362	59318	1.9207047749025064	0.3310208540949948	9.877927380864888e-4	1.9187687011358567	1.922640848669156
SKNSH_skew	[0.05,0.2)	dELS	non-CpG ti	7788909	7788909	1283013.488	307303.818002	7779602	-806601.3654802906	18986571.67755927	340773	571153	867512	0.16472313234112762	0.012320317228387377	3.9771560379666724e-5	0.16464518008278348	0.16480108459947176
SKNSH_skew	[0.05,0.2)	dELS	non-CpG tv	4703201	4703201	271823.302	27875.91518	4695735	359193.86753814144	10680474.495553846	242504	355389	551665	0.057795382761655315	0.002586703392875696	2.3451819698832844e-5	0.0577494171950456	0.05784134832826503
SKNSH_skew	[0.05,0.2)	non-cCRE	CpG ti (CGI)	13070	13070	12852.62	21216.90881	13029	-4394.95699995302	43297.112138583536	707	4081	3506	0.9833680183626626	0.6563664664344383	0.007086558860485432	0.9694783629961112	0.997257673729214
SKNSH_skew	[0.05,0.2)	non-cCRE	CpG ti (non-CGI)	1122712	1122712	2399282.25	5437464.3851459995	1113416	-1003850.5221545674	2957471.846177756	4490	46875	9434	2.137041601051739	0.276205011112371	4.959999063690389e-4	2.136069441235256	2.138013760868222
SKNSH_skew	[0.05,0.2)	non-cCRE	non-CpG ti	35109711	35109711	5949550.042	1434868.440346001	34720214	-5964827.61260711	44865175.02146408	437712	866664	173672	0.16945596738178792	0.012152811358810257	1.8604789086437474e-5	0.1694195019951785	0.16949243276839734
SKNSH_skew	[0.05,0.2)	non-cCRE	non-CpG tv	22947300	22947300	1447791.632000001	168426.53623599946	22603861	-2117957.0541657037	24969620.93912612	310277	568447	119224	0.063092025292736	0.0033591068809991046	1.2098906334452606e-5	0.06306831143632047	0.06311573914915153
SKNSH_skew	[0.05,0.2)	pELS	CpG ti (CGI)	20446	20446	10339.678	9464.575302	20432	1337.0559930246102	78315.62298638099	1967	7897	9973	0.5057066418859435	0.2071768873777467	0.0031832186729650333	0.49946753328693205	0.5119457504849549
SKNSH_skew	[0.05,0.2)	pELS	CpG ti (non-CGI)	49715	49715	78916.433	151777.118097	49652	-38684.6159877003	172785.84985215834	1102	11539	9713	1.587376707231218	0.5331900578313344	0.0032748943916257223	1.5809579142236314	1.5937955002388045
SKNSH_skew	[0.05,0.2)	pELS	non-CpG ti	1111278	1111278	177386.663	40093.766531	1110374	-32561.64506507944	2978239.370715701	60210	244655	165348	0.15962402117201996	0.010599152219162307	9.766168347423845e-5	0.15943260427241046	0.15981543807162946
SKNSH_skew	[0.05,0.2)	pELS	non-CpG tv	742162	742162	46039.853	5158.776881	741304	88132.28901048105	1929566.0497534457	46007	174916	128240	0.06203477542638939	0.0031027027012750868	6.465777043143904e-5	0.06190804619634377	0.06216150465643501
SKNSH_skew	[0.2,0.5)	Other cCREs	CpG ti (CGI)	1293	1293	2155.185	4378.959777	1282	-915.1580015127556	5100.429531054179	36	234	53	1.6668097447795822	0.6088826758492383	0.021700390362358952	1.6242769796693586	1.7093425098898059
SKNSH_skew	[0.2,0.5)	Other cCREs	CpG ti (non-CGI)	35811	35811	74701.869	166898.517379	35107	-29694.93698643569	97596.08810230388	246	2087	1999	2.086003434698836	0.3091360532414836	0.0029381002131598066	2.080244758281043	2.091762111116629
SKNSH_skew	[0.2,0.5)	Other cCREs	non-CpG ti	419720	419720	65709.449	13780.280009	417641	-55588.78892741098	646149.4156893175	9052	14834	22774	0.15655543934051272	0.008322492791562898	1.40814339277983e-4	0.15627944323552787	0.15683143544549757
SKNSH_skew	[0.2,0.5)	Other cCREs	non-CpG tv	300358	300358	18150.76	1882.180866	297866	-15407.925952964122	448941.64711965277	7624	11601	15926	0.060430419699159	0.002614631326525744	9.330085599326397e-5	0.0602475500214122	0.0606132893769058
SKNSH_skew	[0.2,0.5)	PLS	CpG ti (CGI)	6082	6082	2697.719	2141.843431	6080	3163.7459987633656	39911.34628887054	1104	2517	3689	0.4435578756987833	0.15544300643442752	0.005055479874030683	0.43364913514568315	0.45346661625188345
SKNSH_skew	[0.2,0.5)	PLS	CpG ti (non-CGI)	2323	2323	2987.914	5360.963848	2317	-693.9270040522102	11667.25983520986	191	703	932	1.2862307361170902	0.6536679691324037	0.016774670463192073	1.2533523820092336	1.3191090902249467
SKNSH_skew	[0.2,0.5)	PLS	non-CpG ti	44813	44813	6864.085	1313.268283	44792	27858.23799702933	285500.00722190505	7874	16070	17712	0.15317173588021332	0.005844070077672632	0.00036112345613930887	0.15246393390618027	0.15387953785424638
SKNSH_skew	[0.2,0.5)	PLS	non-CpG tv	44748	44748	3464.976	474.391514	44712	24672.14899046359	273825.1286831471	7408	16623	19153	0.07743309198176455	0.004605620682445603	3.2081692265934283e-4	0.07680429081335224	0.07806189315017686
SKNSH_skew	[0.2,0.5)	dELS	CpG ti (CGI)	4628	4628	5557.9259999999995	10000.959194	4624	-2185.2609904074347	18852.974953023087	266	1037	1409	1.2009347450302506	0.7188789172883076	0.012463246895670271	1.1765067811147367	1.2253627089457644
SKNSH_skew	[0.2,0.5)	dELS	CpG ti (non-CGI)	101943	101943	199197.012	424437.115702	101695	-93663.6059891014	386884.96354559925	1850	10724	20546	1.9540038256672845	0.3453472777903904	0.001840557177685651	1.9503963335990206	1.9576113177355483
SKNSH_skew	[0.2,0.5)	dELS	non-CpG ti	1218747	1218747	187948.297	39289.340381	1217050	-73260.76300019234	2881579.1934089307	55515	101278	179036	0.1542143668866467	0.008455422829466985	8.329345659831732e-5	0.15405111171171398	0.1543776220615794
SKNSH_skew	[0.2,0.5)	dELS	non-CpG tv	852411	852411	49818.244	4988.737094	850601	68088.23801714834	1975016.5563147056	45015	73960	129369	0.05844392435104662	0.0024368125788787297	5.346708918194369e-5	0.058339128856250005	0.05854871984584323
SKNSH_skew	[0.2,0.5)	non-cCRE	CpG ti (CGI)	3934	3934	3988.285	6891.274251	3917	-449.9610048240286	15130.641188783844	317	1227	1101	1.0137989323843415	0.7241177665790786	0.01356711242480507	0.9872073920317236	1.0403904727369595
SKNSH_skew	[0.2,0.5)	non-cCRE	CpG ti (non-CGI)	265018	265018	567170.611	1287595.671543	262622	-239758.12176050743	709441.8306945271	1007	12720	2790	2.1401210898882344	0.2784043490685669	0.0010249444345157555	2.1381121987965837	2.142129980979885
SKNSH_skew	[0.2,0.5)	non-cCRE	non-CpG ti	3747530	3747530	577953.941	119066.213871	3714460	-580264.1752590943	4610346.124552707	45104	120608	30313	0.1542226322404357	0.00798729930475429	4.6166549911008316e-5	0.15413214580261012	0.15431311867826128
SKNSH_skew	[0.2,0.5)	non-cCRE	non-CpG tv	2739583	2739583	166294.772	17651.442118	2700434	-247407.40723523463	3089046.7735091425	38394	91804	25074	0.060700760663210424	0.002758531397594543	3.173194803662798e-5	0.060638566045058635	0.06076295528136221
SKNSH_skew	[0.2,0.5)	pELS	CpG ti (CGI)	6610	6610	3391.953	3285.826535	6605	2014.7889985077777	31640.019946597095	853	2527	3273	0.5131547655068078	0.2338068828377798	0.005947410512653227	0.5014978409020076	0.5248116901116081
SKNSH_skew	[0.2,0.5)	pELS	CpG ti (non-CGI)	14712	14712	23502.96	45676.960274	14679	-11091.54299730633	51586.210512895224	391	3459	3274	1.597536704730832	0.5526557680769112	0.0061290264482791405	1.585523812892205	1.609549596569459
SKNSH_skew	[0.2,0.5)	pELS	non-CpG ti	194609	194609	29558.456	5877.593742	194401	26283.807019695163	595763.2305872052	14460	47660	39052	0.15188637730012486	0.0071326304241082624	1.9144472318882141e-4	0.15151114564267476	0.15226160895757496
SKNSH_skew	[0.2,0.5)	pELS	non-CpG tv	155395	155395	10316.97	1221.175916	155170	35208.69902823201	474704.6075072737	12523	40922	35106	0.06639190450143183	0.0034506649485556897	1.490159911560847e-4	0.0660998331587659	0.06668397584409776
SKNSH_skew	[0.5,1.0)	Other cCREs	CpG ti (CGI)	365	365	642.2570000000001	1354.984139	356	-177.8329996524845	1330.2658504004812	14	67	10	1.7596082191780824	0.6177567114707203	0.041139812116922365	1.6789741874289146	1.8402422509272502
SKNSH_skew	[0.5,1.0)	Other cCREs	CpG ti (non-CGI)	9570	9570	20498.972	47082.103266	9462	-8560.294995662523	28078.714648189092	60	436	619	2.1420033437826542	0.3316163337750011	0.005886565596503931	2.1304656752135065	2.153541012351802
SKNSH_skew	[0.5,1.0)	Other cCREs	non-CpG ti	95365	95365	14590.298	2934.862704	94891	-15550.552973280775	146115.3549377575	1869	3498	5671	0.1529942641430294	0.007367883036182269	2.779565130835141e-4	0.15244946937738574	0.1535390589086731
SKNSH_skew	[0.5,1.0)	Other cCREs	non-CpG tv	66684	66684	4031.729	414.762001	65989	-4565.381980683306	95565.978047374	1477	2715	3916	0.060460215344010554	0.0025644136804179127	1.9610254101503792e-4	0.06007585436362108	0.060844576324400025
SKNSH_skew	[0.5,1.0)	PLS	CpG ti (CGI)	1534	1534	712.909	611.264967	1532	1385.0019993332685	11663.876833409266	357	600	945	0.46473859191655803	0.18261490031008382	0.010910770616981093	0.4433534815072751	0.48612370232584096
SKNSH_skew	[0.5,1.0)	PLS	CpG ti (non-CGI)	735	735	983.919	1823.103977	735	-87.43199594120982	3775.635795680212	63	239	278	1.338665306122449	0.6893266316966026	0.030624489593338865	1.2786413065195048	1.398689305725393
SKNSH_skew	[0.5,1.0)	PLS	non-CpG ti	11807	11807	1818.232	344.841014	11803	9449.319997555813	87058.38985872826	2347	4295	4586	0.15399610400609806	0.0054921539743168135	6.820270043161656e-4	0.15265933107763838	0.15533287693455775
SKNSH_skew	[0.5,1.0)	PLS	non-CpG tv	11699	11699	900.963	122.877785	11691	8098.996995375261	81595.56407298337	2210	4308	4995	0.0770119668347722	0.004572820338916322	6.251981710898886e-4	0.07578657841943602	0.07823735525010837
SKNSH_skew	[0.5,1.0)	dELS	CpG ti (CGI)	1298	1298	1560.1	2853.715982	1295	-487.4239991155917	5730.092097445353	85	271	461	1.2019260400616332	0.7545035982265584	0.024109783548018952	1.154670864307516	1.2491812158157503
SKNSH_skew	[0.5,1.0)	dELS	CpG ti (non-CGI)	31068	31068	61692.393	133756.409597	31015	-27831.322985715007	117258.08107146912	591	3210	6870	1.985721417535728	0.3622011625798683	0.0034144304572827845	1.979029133839454	1.9924137012320022
SKNSH_skew	[0.5,1.0)	dELS	non-CpG ti	289869	289869	43793.189	8827.427049	289493	-24069.271973837887	688586.9068692607	13116	25360	47412	0.15107924269238862	0.0076282487883980185	1.622226674261639e-4	0.15076128626423335	0.1513971991205439
SKNSH_skew	[0.5,1.0)	dELS	non-CpG tv	201675	201675	11779.478	1186.12018	201244	17559.33798329381	484726.6290232741	11061	18453	34561	0.05840822114788645	0.0024698365876084016	1.1066443654735084e-4	0.05819131885225364	0.05862512344351926
SKNSH_skew	[0.5,1.0)	non-cCRE	CpG ti (CGI)	1053	1053	1115.002	1976.319708	1044	52.95800003444305	3878.917514456648	94	314	294	1.0588812915479582	0.7563355039557449	0.026800509980047786	1.0063522919870644	1.111410291108852
SKNSH_skew	[0.5,1.0)	non-cCRE	CpG ti (non-CGI)	61322	61322	132141.523	304803.178393	60744	-55661.05395127123	168476.6830291179	265	3089	877	2.1548795375232377	0.327035019375805	0.0023093458310331836	2.150353219694413	2.1594058553520625
SKNSH_skew	[0.5,1.0)	non-cCRE	non-CpG ti	733412	733412	107581.397	20632.509611	728018	-126793.19480986524	912184.1520200385	8183	26587	7128	0.14668616957453653	0.006615399233979941	9.497384562111809e-5	0.14650002083711913	0.14687231831195394
SKNSH_skew	[0.5,1.0)	non-cCRE	non-CpG tv	498724	498724	31105.718	3357.995546	491804	-47996.51681707847	564490.5125896025	6798	19565	6032	0.06237060578596579	0.00284308738705169	7.550313251282031e-5	0.06222261964624066	0.06251859192569091
SKNSH_skew	[0.5,1.0)	pELS	CpG ti (CGI)	1804	1804	861.472	769.538762	1804	1152.3460028243717	9693.932085156166	308	737	908	0.47753436807095345	0.19864463387087058	0.01049349481391083	0.45696711823568825	0.49810161790621865
SKNSH_skew	[0.5,1.0)	pELS	CpG ti (non-CGI)	4214	4214	6769.626	13294.987962	4207	-3078.4120027747713	15512.606487057406	111	973	1053	1.6064608448030375	0.574376657735436	0.011674845054918054	1.5835781484953981	1.629343541110677
SKNSH_skew	[0.5,1.0)	pELS	non-CpG ti	47038	47038	7004.926	1342.409998	46995	9446.013029138676	160630.48144496253	3984	11834	10317	0.14892057485437307	0.006361638524303334	3.6775625678626495e-4	0.148199772591072	0.14964137711767414
SKNSH_skew	[0.5,1.0)	pELS	non-CpG tv	38769	38769	2662.203	329.173205	38709	11858.018979851278	136096.0180802285	3669	10632	9533	0.068668343263948	0.0037753852547897193	3.120601681176547e-4	0.06805670533443739	0.0692799811934586
SKNSH_skew	[1.0,1.5)	Other cCREs	CpG ti (CGI)	66	66	115.09	238.742322	65	-47.379999264143365	300.3842404448759	1	8	4	1.7437878787878789	0.585381154312354	0.09417755268096034	1.5591998755331966	1.9283758820425612
SKNSH_skew	[1.0,1.5)	Other cCREs	CpG ti (non-CGI)	1940	1940	4203.983	9706.274177	1921	-1819.597999269842	5722.190025915589	3	101	185	2.1670015463917527	0.3074969133550079	0.012589819839261229	2.142325499506801	2.1916775932767045
SKNSH_skew	[1.0,1.5)	Other cCREs	non-CpG ti	17486	17486	2521.084	461.668254	17427	-3214.86100327794	25966.76773332831	312	626	1104	0.14417728468489077	0.0056153965351716855	5.666892546880643e-4	0.14306657374570217	0.14528799562407937
SKNSH_skew	[1.0,1.5)	Other cCREs	non-CpG tv	11800	11800	714.503	67.618411	11674	-1037.1339977064638	16398.547691220512	228	475	741	0.06055110169491526	0.002064112821906768	4.1824014084713073e-4	0.059731351018854885	0.061370852370975636
SKNSH_skew	[1.0,1.5)	PLS	CpG ti (CGI)	238	238	100.004	71.23863	238	315.94499968178576	2189.5682103071476	66	86	153	0.4201848739495799	0.12328464922171399	0.022759673280219286	0.3755759143203501	0.46479383357880966
SKNSH_skew	[1.0,1.5)	PLS	CpG ti (non-CGI)	138	138	172.779	312.788133	138	22.106000370345953	1106.6736802005605	18	46	70	1.2520217391304347	0.7041245907648368	0.07143075042999038	1.1120174682876536	1.3920260099732158
SKNSH_skew	[1.0,1.5)	PLS	non-CpG ti	2674	2674	405.365	73.132247	2673	2243.6119981530364	20370.766132339668	540	956	1005	0.15159498878085265	0.004369975448129315	0.0012783765544070473	0.14908937073421483	0.15410060682749047
SKNSH_skew	[1.0,1.5)	PLS	non-CpG tv	2320	2320	198.22	30.224424	2319	2137.3590033329097	19805.92851891075	516	880	947	0.0854396551724138	0.005730304248263966	0.001571610234027504	0.08235929911371989	0.0885200112311077
SKNSH_skew	[1.0,1.5)	dELS	CpG ti (CGI)	284	284	359.849	682.339279	283	-9.355998708750084	1296.290507351162	30	48	91	1.2670739436619718	0.7999434185412831	0.05307261231522587	1.163051623524129	1.3710962637998145
SKNSH_skew	[1.0,1.5)	dELS	CpG ti (non-CGI)	6553	6553	13107.131	28572.107671	6546	-5803.775003953021	24118.526654268106	127	710	1649	2.000172592705631	0.35952128751490414	0.007406997894620442	1.985654876832175	2.014690308579087
SKNSH_skew	[1.0,1.5)	dELS	non-CpG ti	54683	54683	7893.263	1469.889647	54595	-4088.308989431824	130305.14423873051	2515	4817	9315	0.14434582959969278	0.0060445859883771665	3.3247356001967816e-4	0.1436941814220542	0.14499747777733135
SKNSH_skew	[1.0,1.5)	dELS	non-CpG tv	38039	38039	2256.552	217.190122	37957	2851.796008304462	91125.60106325796	2080	3593	7043	0.05932206419727123	0.0021906198904127244	2.399766396359981e-4	0.058851709983584674	0.05979241841095778
SKNSH_skew	[1.0,1.5)	non-cCRE	CpG ti (CGI)	181	181	175.951	297.991197	179	35.810000173514716	707.840538826911	21	54	51	0.9721049723756906	0.7052686389195826	0.062422045923177356	0.849757762366263	1.0944521823851183
SKNSH_skew	[1.0,1.5)	non-cCRE	CpG ti (non-CGI)	10806	10806	23046.512	52170.134722	10717	-9819.86700024642	29399.517043734384	51	532	200	2.1327514343883025	0.2792830352941022	0.005083815680238308	2.1227871556550353	2.1427157131215697
SKNSH_skew	[1.0,1.5)	non-cCRE	non-CpG ti	122964	122964	17266.453	3035.875199	122029	-26694.067976098733	162769.96903453517	1240	4768	1388	0.14041876484174232	0.004971749189121962	2.0107848973604841e-4	0.14002465100185965	0.14081287868162498
SKNSH_skew	[1.0,1.5)	non-cCRE	non-CpG tv	75261	75261	4529.483	424.859403	74439	-7908.23896442354	90010.63187613086	1040	3198	1105	0.060183667503753605	0.002023099975605841	1.6395462800317432e-4	0.05986231643286738	0.06050501857463983
SKNSH_skew	[1.0,1.5)	pELS	CpG ti (CGI)	333	333	146.004	109.950282	333	277.63700034376234	2368.029774219925	64	142	191	0.43845045045045045	0.13835771816997725	0.020383538533657125	0.39849871492448247	0.4784021859764184
SKNSH_skew	[1.0,1.5)	pELS	CpG ti (non-CGI)	865	865	1396.145	2788.841877	860	-534.7540013412944	3446.622750566817	32	221	235	1.6140404624277456	0.6196844393331191	0.02676561592343489	1.5615798552178133	1.6665010696376779
SKNSH_skew	[1.0,1.5)	pELS	non-CpG ti	9340	9340	1343.924	241.259098	9336	2173.8429967171983	33294.53203363879	856	2436	2215	0.14388907922912206	0.005127220375423638	7.409135786227308e-4	0.14243688861502152	0.1453412698432226
SKNSH_skew	[1.0,1.5)	pELS	non-CpG tv	7589	7589	555.361	71.671117	7576	2628.9229985907436	28856.568154579123	779	2182	2078	0.07317973382527342	0.004089344602406738	7.340651026745865e-4	0.07174096622403123	0.0746185014265156
SKNSH_skew	[1.5,Inf)	Other cCREs	CpG ti (non-CGI)	438	438	964.014	2242.654626	435	-437.68400032445794	1357.376022944661	1	19	61	2.200945205479452	0.2766879512240988	0.025133795001880885	2.1516829672757654	2.2502074436831387
SKNSH_skew	[1.5,Inf)	Other cCREs	non-CpG ti	6258	6258	892.786	153.99535	6236	-1303.377999852646	9155.163895322255	89	199	379	0.14266315116650685	0.004255663404612276	8.246427705638296e-4	0.14104685133620173	0.14427945099681197
SKNSH_skew	[1.5,Inf)	Other cCREs	non-CpG tv	3617	3617	222.341	20.695485	3589	-412.7689972728258	5000.37475396954	65	159	241	0.06147110865358032	0.0019435667120725384	7.330362835478614e-4	0.06003435753782651	0.06290785976933412
SKNSH_skew	[1.5,Inf)	PLS	non-CpG ti	927	927	139.24	24.257566	927	915.7490017184756	8369.39661420165	220	355	352	0.1502049622437972	0.0036101804073149875	0.001973442992917324	0.14633701397767926	0.15407291050991515
SKNSH_skew	[1.5,Inf)	PLS	non-CpG tv	628	628	61.332	10.655722	628	587.6620010840711	5380.660095861941	132	225	243	0.0976624203821656	0.007441611536078182	0.003442339306084405	0.09091543534224017	0.10440940542209104
SKNSH_skew	[1.5,Inf)	dELS	CpG ti (CGI)	79	79	89.182	156.615358	79	-33.1130002737045	341.7422082651514	8	18	31	1.128886075949367	0.7171671791626093	0.09527888306975671	0.9421394651326439	1.3156326867660901
SKNSH_skew	[1.5,Inf)	dELS	CpG ti (non-CGI)	1802	1802	3632.484	7873.533868	1802	-1806.6089980555712	7040.737487180586	30	188	586	2.0158068812430634	0.30602311204590393	0.01303165939277721	1.99026482883322	2.0413489336529067
SKNSH_skew	[1.5,Inf)	dELS	non-CpG ti	19371	19371	2661.235	444.146671	19347	-1874.6109976602029	43531.941458247886	846	1719	3230	0.1373824273398379	0.004054710737133013	4.5751350477152075e-4	0.13648570087048573	0.1382791538091901
SKNSH_skew	[1.5,Inf)	dELS	non-CpG tv	11761	11761	731.187	71.546331	11735	652.7520001082449	28838.703225109464	623	1130	2146	0.06217047870079075	0.0022183745910038188	4.343054868763954e-4	0.06131923994651302	0.06302171745506849
SKNSH_skew	[1.5,Inf)	non-cCRE	CpG ti (non-CGI)	1959	1959	4352.338	10245.965612	1946	-2262.2179986384003	6891.285037963755	9	120	79	2.221714139867279	0.29433847595420115	0.0122576241435614	2.1976891965458987	2.2457390831886594
SKNSH_skew	[1.5,Inf)	non-cCRE	non-CpG ti	39134	39134	5533.021	937.756547	38677	-9461.611990748675	52257.60427074164	350	1352	470	0.14138654367046558	0.003972653048677509	3.186127847801735e-4	0.14076206261229643	0.14201102472863472
SKNSH_skew	[1.5,Inf)	non-cCRE	non-CpG tv	25837	25837	1652.519	155.174421	25643	-3321.586988002294	29113.30259828308	280	1094	337	0.06395939931106552	0.0019151686952267105	2.7225914387261896e-4	0.06342577138907518	0.06449302723305586
SKNSH_skew	[1.5,Inf)	pELS	CpG ti (CGI)	76	76	33.698	27.106112	76	70.97400123625998	483.2097123701971	14	30	45	0.4433947368421053	0.16219461543859648	0.04619674963483511	0.3528491075578285	0.5339403661263821
SKNSH_skew	[1.5,Inf)	pELS	CpG ti (non-CGI)	212	212	377.084	798.32686	212	-188.58899964252493	716.8947259527947	5	45	60	1.7786981132075472	0.6047784866314942	0.053410941861438056	1.6740126671591287	1.8833835592559658
SKNSH_skew	[1.5,Inf)	pELS	non-CpG ti	3305	3305	463.537	77.033823	3302	634.2989984136077	10669.5799981834	300	852	839	0.14025325264750377	0.0036383931681398455	0.0010492260915873801	0.1381967695079925	0.14230973578701503
SKNSH_skew	[1.5,Inf)	pELS	non-CpG tv	2398	2398	203.024	30.351988	2396	545.4339990529697	8098.228209091068	219	700	660	0.08466388657214345	0.005491525695693428	0.0015132891582915553	0.08169783982189201	0.0876299333223949
mean_skew	(-Inf,-1.5)	Other cCREs	CpG ti (non-CGI)	5099	5099	11266.195	26716.422061	5086	-4961.236996061751	14981.147859769168	15	197	720	2.209491076681702	0.3577608356892887	0.008376332187054289	2.193073465595076	2.2259086877683285
mean_skew	(-Inf,-1.5)	Other cCREs	non-CpG ti	4286	4286	703.648	141.078816	4250	467.5970018066	4154.209193794399	92	198	693	0.16417358842743818	0.0059646205017992926	0.0011796830112164474	0.16186140972545393	0.16648576712942242
mean_skew	(-Inf,-1.5)	Other cCREs	non-CpG tv	4373	4373	304.662	34.613834	4330	-1082.6889999319103	7655.972946206471	69	172	682	0.06966887720100617	0.0030622997562184486	8.368239691908958e-4	0.06802870222139201	0.07130905218062034
mean_skew	(-Inf,-1.5)	PLS	CpG ti (CGI)	679	679	329.733	292.859729	679	2782.87500332715	19820.210277736485	437	313	497	0.4856156111929308	0.19577616028690467	0.0169802865985944	0.45233424945968576	0.5188969729261758
mean_skew	(-Inf,-1.5)	PLS	CpG ti (non-CGI)	552	552	838.806	1650.407864	552	486.47599885053967	5755.413687633941	121	141	300	1.5195760869565218	0.6819933299534441	0.035149611135247824	1.450682849131436	1.5884693247816075
mean_skew	(-Inf,-1.5)	PLS	non-CpG ti	1187	1187	183.159	33.536805	1186	4352.4110050092	28644.33936754447	676	468	834	0.15430412805391744	0.0044473989964355296	0.0019356538129536394	0.1505102465805283	0.15809800952730657
mean_skew	(-Inf,-1.5)	PLS	non-CpG tv	1664	1664	121.169	13.491667	1662	5633.541996321759	38793.855935553234	909	630	1179	0.07281790865384616	0.002807212162550882	0.0012988558580514316	0.07027215117206535	0.07536366613562696
mean_skew	(-Inf,-1.5)	dELS	CpG ti (CGI)	277	277	333.053	626.225651	277	60.97499968193001	1913.0177060190456	43	67	152	1.2023574007220217	0.8180322884685814	0.054343216291698145	1.0958446967902933	1.30887010465375
mean_skew	(-Inf,-1.5)	dELS	CpG ti (non-CGI)	13755	13755	29465.327	68552.646335	13744	-11307.931999298047	48517.26575398936	323	1384	5115	2.1421539076699383	0.39504005825050575	0.005359080379304891	2.131650110126501	2.1526577052133757
mean_skew	(-Inf,-1.5)	dELS	non-CpG ti	12557	12557	1850.553	335.435241	12524	7579.218996405953	46150.11605372056	1345	1249	6159	0.14737222266464922	0.004994833723420308	6.30692360553805e-4	0.14613606563796377	0.14860837969133467
mean_skew	(-Inf,-1.5)	dELS	non-CpG tv	12060	12060	753.141	78.784055	12026	1643.9380019167438	40183.982323197015	906	1201	5547	0.06244950248756219	0.0026329525041060555	4.6724843837053765e-4	0.061533695548355936	0.06336530942676845
mean_skew	(-Inf,-1.5)	non-cCRE	CpG ti (CGI)	159	159	197.707	376.819801	157	115.18000008270609	1417.3419796509818	28	50	50	1.243440251572327	0.82900607077462	0.07220716487274566	1.1019142084217455	1.3849662947229087
mean_skew	(-Inf,-1.5)	non-cCRE	CpG ti (non-CGI)	32709	32709	73849.581	177107.50138899998	32648	-30744.112963731182	87693.16860781562	64	1373	539	2.2577755663578833	0.3171004592586702	0.0031136142205293546	2.251672882485646	2.2638782502301207
mean_skew	(-Inf,-1.5)	non-cCRE	non-CpG ti	20702	20702	3439.024	678.360646	20360	1683.9040134887907	13073.297458867348	207	927	489	0.16612037484301034	0.005172150621993682	4.998381837466025e-4	0.165140692002867	0.1671000576831537
mean_skew	(-Inf,-1.5)	non-cCRE	non-CpG tv	19502	19502	1280.063	137.585869	19253	-5780.657991890447	29286.3216821245	174	897	531	0.06563752435647627	0.002746818248278341	3.7529725327939943e-4	0.06490194174004864	0.0663731069729039
mean_skew	(-Inf,-1.5)	pELS	CpG ti (CGI)	283	283	146.538	133.971042	283	728.9009979541881	5475.710798581836	118	115	191	0.5178021201413427	0.2060048046763401	0.026980218160741434	0.46492089254628954	0.570683347736396
mean_skew	(-Inf,-1.5)	pELS	CpG ti (non-CGI)	1693	1693	3162.726	6948.60509	1693	-762.8590027478057	6302.137538052989	87	377	730	1.868119314825753	0.6148082517130055	0.01905642214254244	1.83076872742637	1.9054699022251362
mean_skew	(-Inf,-1.5)	pELS	non-CpG ti	1912	1912	295.413	54.684489	1912	2836.0659975432795	18108.815943117897	471	494	1127	0.1545047071129707	0.0047314442478471885	0.001573087642865982	0.15142145533295337	0.15758795889298804
mean_skew	(-Inf,-1.5)	pELS	non-CpG tv	2053	2053	128.221	12.142301	2050	2353.766004528386	17968.832594825093	449	608	1154	0.06245543107647346	0.0020147188947093066	9.90632917659003e-4	0.06051379055786181	0.0643970715950851
mean_skew	[-0.05,0.05)	Other cCREs	CpG ti (CGI)	18146	18146	30713.031	61548.446881	18046	-12531.909999171385	60708.86480749398	441	2578	602	1.6925510305301443	0.5271465754337687	0.0053898321607985895	1.681986959494979	1.7031151015653097
mean_skew	[-0.05,0.05)	Other cCREs	CpG ti (non-CGI)	1238344	1238344	2595154.789	5788506.783773	1229383	-953827.7626197512	3338033.5974125555	13657	51281	50024	2.0956654927871416	0.28257957934466094	4.776939434497553e-4	2.09472921265798	2.096601772916303
mean_skew	[-0.05,0.05)	Other cCREs	non-CpG ti	10853263	10853263	1612910.6359999997	325406.301142	10818338	367411.89354612975	15920076.16319602	340902	303703	382423	0.14861066538238313	0.007897218211788983	2.6974717532292554e-5	0.14855779493601984	0.14866353582874642
mean_skew	[-0.05,0.05)	Other cCREs	non-CpG tv	7130027	7130027	429216.612	60438.11188	7095087	246725.8775631474	10845429.808982242	233074	205319	257729	0.06019845534946783	0.0048527080865158325	2.608834303658088e-5	0.06014732219711613	0.06024958850181952
mean_skew	[-0.05,0.05)	PLS	CpG ti (CGI)	51894	51894	25822.374	22453.107146	51881	-2192.1719818615816	251724.57516458217	5333	20825	28785	0.4975984506879408	0.1850718565223717	0.0018884766397833552	0.49389703647396543	0.5012998649019161
mean_skew	[-0.05,0.05)	PLS	CpG ti (non-CGI)	41181	41181	59522.633	110858.779879	41118	-25377.907000331455	182234.50175837168	1976	11212	11091	1.4453906655982127	0.6028489982751781	0.0038260956912541787	1.4378915180433545	1.452889813153071
mean_skew	[-0.05,0.05)	PLS	non-CpG ti	371032	371032	53114.477	9750.584259	370779	134964.29294758264	1650271.324894403	43196	113056	105663	0.14315335873994695	0.0057867630433423006	1.2488554283899192e-4	0.14290858307598253	0.14339813440391136
mean_skew	[-0.05,0.05)	PLS	non-CpG tv	312292	312292	23041.053	3282.889277	311973	68698.52292564316	1468064.1428659323	34312	101340	104107	0.07378047788608097	0.00506869994864239	1.2739954062556205e-4	0.07353077478645487	0.07403018098570707
mean_skew	[-0.05,0.05)	dELS	CpG ti (CGI)	63260	63260	81661.722	150164.986528	63171	-45885.51600414992	251416.48370864493	2238	13270	14812	1.2908903256402149	0.70738803368816	0.003343984538048517	1.28433611594564	1.2974445353347899
mean_skew	[-0.05,0.05)	dELS	CpG ti (non-CGI)	3314357	3314357	6536913.195	13901111.333891	3309294	-2661529.968823109	11400427.086946312	65148	280670	410019	1.97230207699412	0.30423523069405706	3.029738245552225e-4	1.9717082482979917	1.9728959056902482
mean_skew	[-0.05,0.05)	dELS	non-CpG ti	25226647	25226647	3651882.191999992	720950.214856	25197906	3263210.357167375	53712251.16431491	1324779	1671032	2255260	0.14476288473850654	0.007622623079457353	1.738290904228744e-5	0.14472881423678366	0.14479695524022942
mean_skew	[-0.05,0.05)	dELS	non-CpG tv	16204272	16204272	944803.8020000004	126622.32316199996	16180196	2158499.0852664458	35772183.708061814	880111	1087000	1516348	0.058305846877909746	0.004414560664464385	1.650551130435181e-5	0.05827349607575322	0.058338197680066275
mean_skew	[-0.05,0.05)	non-cCRE	CpG ti (CGI)	66997	66997	69229.798	117328.332624	66847	-31465.225009189948	208742.0395562975	2458	20034	14696	1.033326835529949	0.6834934105361876	0.003194033654551119	1.0270665295670287	1.0395871414928692
mean_skew	[-0.05,0.05)	non-cCRE	CpG ti (non-CGI)	16671573	16671573	36135187.076	82775878.33365595	16514554	-13300511.59719634	39916229.86286335	86549	510653	86287	2.1674731638100373	0.26715117669591415	1.265873348823448e-4	2.167225052633668	2.1677212749864068
mean_skew	[-0.05,0.05)	non-cCRE	non-CpG ti	171136042	171136042	26044896.523000214	5504380.580336891	169407964	-9806748.995797344	178022984.46743843	2450042	3528482	527897	0.15218826039578626	0.009002505125809392	7.2528875963368285e-6	0.15217404473609744	0.15220247605547507
mean_skew	[-0.05,0.05)	non-cCRE	non-CpG tv	112250687	112250687	6879695.923999997	1135556.9773360055	110656856	-5386881.365919189	118735098.11984491	1709620	2321111	375889	0.06128867544481039	0.006359956915461388	7.527184876820217e-6	0.061273922162451824	0.06130342872716896
mean_skew	[-0.05,0.05)	pELS	CpG ti (CGI)	84858	84858	44958.878	42971.225512	84812	-13452.142995501988	280779.5134666759	5608	32894	34811	0.5298130759621956	0.22569056255831474	0.0016308360522168217	0.5266166372998506	0.5330095146245406
mean_skew	[-0.05,0.05)	pELS	CpG ti (non-CGI)	451642	451642	751317.946	1473224.393516	451134	-343033.1848860747	1465363.6995892753	8625	93617	59932	1.663525416148188	0.4946138520124346	0.0010464921537774489	1.6614742915267842	1.665576540769592
mean_skew	[-0.05,0.05)	pELS	non-CpG ti	3394315	3394315	484677.167	92695.749645	3391737	480052.50191691174	7481674.7785465	184111	684599	387343	0.14279086266301155	0.006919889808663987	4.515163878979337e-5	0.14270236545098355	0.14287935987503955
mean_skew	[-0.05,0.05)	pELS	non-CpG tv	2326834	2326834	142678.534	19499.769456	2324301	257499.87797505347	5408929.093305122	127210	494625	302537	0.06131874211911981	0.004620400872653917	4.4561225701047196e-5	0.061231402116745756	0.06140608212149386
mean_skew	[-0.2,-0.05)	Other cCREs	CpG ti (CGI)	13288	13288	22145.705	44930.469003	13170	-8749.624996075294	44811.05689418063	336	1984	518	1.6665942956050572	0.6037904250656735	0.006740828859312581	1.6533822710408046	1.6798063201693099
mean_skew	[-0.2,-0.05)	Other cCREs	CpG ti (non-CGI)	791832	791832	1710099.46	3949067.358684	785381	-676706.858642059	2273808.8470507874	6980	35447	42391	2.1596746026935008	0.32306008080276005	6.387414859757866e-4	2.1584226693809883	2.1609265360060133
mean_skew	[-0.2,-0.05)	Other cCREs	non-CpG ti	1890337	1890337	267096.599	49547.215991	1882242	87928.16824107335	2554197.729829373	54517	61091	101862	0.14129575784635226	0.00624629675206511	5.748329958968263e-5	0.14118309057915648	0.14140842511354804
mean_skew	[-0.2,-0.05)	Other cCREs	non-CpG tv	1555824	1555824	98766.959	13445.872351	1545311	-37743.77174379209	2342523.60602652	43661	52751	85738	0.06348208987648989	0.004612310901005068	5.444763917703105e-5	0.06337537250370291	0.06358880724927686
mean_skew	[-0.2,-0.05)	PLS	CpG ti (CGI)	50725	50725	24121.083	20132.051053	50704	13962.314004782234	266238.78546052804	7041	20264	29449	0.47552652538196155	0.1707640616978176	0.0018347935730884215	0.47193032997870826	0.47912272078521484
mean_skew	[-0.2,-0.05)	PLS	CpG ti (non-CGI)	37910	37910	54674.028	104224.305578	37839	-18653.96298793867	170737.23671585685	2243	10720	12130	1.442205961487734	0.6693159001253715	0.004201831948154529	1.4339703708693512	1.450441552106117
mean_skew	[-0.2,-0.05)	PLS	non-CpG ti	156146	156146	23292.371	4333.823155	156047	119219.67497298318	919040.6539512672	27642	53823	62346	0.14917046225968003	0.005503150314169741	1.8773284252966417e-4	0.1488025058883219	0.14953841863103817
mean_skew	[-0.2,-0.05)	PLS	non-CpG tv	170533	170533	13773.983	1967.814461	170352	85176.25399094437	972469.9131515888	26332	60789	75512	0.08077019110670662	0.005015406033996386	1.7149396162678397e-4	0.08043406294191813	0.08110631927149511
mean_skew	[-0.2,-0.05)	dELS	CpG ti (CGI)	49810	49810	62866.211	117108.796417	49705	-28143.83402207808	204116.9294002719	2489	10674	13722	1.2621202770528006	0.7581777745471736	0.0039014608544465537	1.2544734137780853	1.269767140327516
mean_skew	[-0.2,-0.05)	dELS	CpG ti (non-CGI)	2418015	2418015	4917683.888	10849880.349068	2413824	-2077992.879863999	8814397.568227202	47478	223481	390432	2.0337689749650023	0.3508860697118928	3.809373603948347e-4	2.0330223377386285	2.034515612191376
mean_skew	[-0.2,-0.05)	dELS	non-CpG ti	5323394	5323394	744519.073	135585.302665	5315895	1057550.8496238068	11676710.124667056	313387	419663	773966	0.13985796899496825	0.005909459857125616	3.331805095413727e-5	0.13979266561509815	0.13992327237483834
mean_skew	[-0.2,-0.05)	dELS	non-CpG tv	4241665	4241665	265019.37	35022.769378	4233821	447315.2878087405	10001119.262419043	236746	340045	645362	0.06248003319451206	0.004353091226276132	3.203544060303684e-5	0.062417243730930105	0.06254282265809401
mean_skew	[-0.2,-0.05)	non-cCRE	CpG ti (CGI)	48115	48115	49333.567	85897.705763	47969	-15638.129981124315	155940.22987644238	2467	14140	11889	1.0253261353008418	0.733979926222822	0.0039057266599759233	1.017670911047289	1.0329813595543946
mean_skew	[-0.2,-0.05)	non-cCRE	CpG ti (non-CGI)	7918867	7918867	17501382.592	40986487.16027	7854773	-7106484.3191881785	21156956.680386204	34687	299335	69235	2.210086694472833	0.2913187770587783	1.9180181591883967e-4	2.209710762913632	2.210462626032034
mean_skew	[-0.2,-0.05)	non-cCRE	non-CpG ti	18896381	18896381	2613223.307999996	497890.05325	18679631	-118226.69005642104	19428955.881929006	314657	513400	142093	0.1382922638996322	0.007223684425873879	1.9551949377875688e-5	0.13825394207885155	0.13833058572041285
mean_skew	[-0.2,-0.05)	non-cCRE	non-CpG tv	16185281	16185281	990053.9900000008	139720.85710599998	15931159	-986493.4408011042	18415454.623270053	260515	451535	132673	0.061170021700580966	0.004890816411761375	1.7383233287012574e-5	0.06113595056333842	0.061204092837823514
mean_skew	[-0.2,-0.05)	pELS	CpG ti (CGI)	67635	67635	34783.836	33247.49547	67593	5624.228006651394	245853.58306305387	6130	26363	30683	0.5142875138611666	0.22708405433665693	0.0018323463717166118	0.510696114972602	0.5178789127497311
mean_skew	[-0.2,-0.05)	pELS	CpG ti (non-CGI)	335007	335007	566237.74	1144053.998636	334565	-256179.19093662463	1142519.2735223898	7367	73288	58683	1.6902265922801614	0.5581509374022555	0.0012907700753559707	1.6876966829324636	1.6927565016278592
mean_skew	[-0.2,-0.05)	pELS	non-CpG ti	791981	791981	112639.901	20522.623493	791241	249867.14598132603	2140823.2950117267	61535	184776	157616	0.14222550919782168	0.00568493676264903	8.472380220650952e-5	0.14205945054549693	0.14239156785014642
mean_skew	[-0.2,-0.05)	pELS	non-CpG tv	703638	703638	48600.852	6839.63709	702651	126714.66899284636	2007070.9956783704	50807	172970	154683	0.06907081766476512	0.004949621044879341	8.387090553533513e-5	0.06890643068991587	0.06923520463961438
mean_skew	[-0.5,-0.2)	Other cCREs	CpG ti (CGI)	3715	3715	6449.674	13423.480122	3668	-2278.5249930269797	13665.07109169576	121	637	168	1.7361168236877524	0.5993787246361123	0.012701974970016537	1.71122095274652	1.7610126946289848
mean_skew	[-0.5,-0.2)	Other cCREs	CpG ti (non-CGI)	177558	177558	383460.542	889771.444664	176223	-155007.69389706745	497368.53726603626	1289	8818	14923	2.1596353980107907	0.3471363247880752	0.0013982341607668143	2.156894859055688	2.1623759369658937
mean_skew	[-0.5,-0.2)	Other cCREs	non-CpG ti	323011	323011	50212.076	10401.722	321506	5314.510070143852	456954.1697514875	8758	11694	31237	0.1554500496887103	0.008037683944233005	1.577454372896316e-4	0.1551408686316226	0.15575923074579798
mean_skew	[-0.5,-0.2)	Other cCREs	non-CpG tv	300575	300575	20300.031	2861.5765850000003	298236	-23543.136933018905	467337.764421752	7570	11578	28847	0.06753732346336189	0.004959067733858307	1.2844688963239463e-4	0.06728556755968239	0.06778907936704139
mean_skew	[-0.5,-0.2)	PLS	CpG ti (CGI)	19041	19041	8723.634	7014.907556	19031	18895.14299129392	151519.0324881993	4514	7793	11889	0.4581499921222625	0.15851757918185394	0.002885319023511311	0.45249476683618034	0.46380521740834463
mean_skew	[-0.5,-0.2)	PLS	CpG ti (non-CGI)	12454	12454	17391.769	33183.721731	12440	-1866.5009939086171	66529.88504226957	1215	3752	5324	1.3964805684920507	0.7144024950451755	0.007573856120554597	1.3816358104957638	1.4113253264883376
mean_skew	[-0.5,-0.2)	PLS	non-CpG ti	54353	54353	8863.303	1858.765703	54326	77441.8519702961	496549.8628061314	15389	19936	27662	0.1630692510073041	0.00760659260632927	3.740962187842535e-4	0.16233602241848696	0.16380247959612124
mean_skew	[-0.5,-0.2)	PLS	non-CpG tv	68249	68249	5650.2300000000005	841.262428	68203	74515.56998784925	538744.2443876057	16431	25653	36951	0.08278846576506615	0.0054725201482863995	2.8316888999741597e-4	0.08223345474067122	0.0833434767894611
mean_skew	[-0.5,-0.2)	dELS	CpG ti (CGI)	14602	14602	18580.62	35116.88521	14579	-6274.077996187844	59394.71505810416	880	3398	4744	1.2724708943980276	0.7858083049195346	0.007335878591198404	1.2580925723592788	1.2868492164367764
mean_skew	[-0.5,-0.2)	dELS	CpG ti (non-CGI)	557518	557518	1138741.983	2535325.043497	556554	-479967.3909163725	2021331.2319426716	11498	57212	134984	2.042520569739452	0.3756318096015123	8.208271907516069e-4	2.040911748445579	2.044129391033325
mean_skew	[-0.5,-0.2)	dELS	non-CpG ti	982580	982580	149588.316	30403.130198	981117	219158.41178114252	2488813.8536387305	65622	87739	233002	0.15224034277107207	0.007765028252804665	8.889709313463249e-5	0.1520661044685282	0.15241458107361594
mean_skew	[-0.5,-0.2)	dELS	non-CpG tv	893837	893837	59108.985	8204.306203	891989	91462.2140012554	2355139.61479306	54385	82967	218153	0.06612949005243686	0.004805645741984951	7.332409514916264e-5	0.0659857748259445	0.06627320527892921
mean_skew	[-0.5,-0.2)	non-cCRE	CpG ti (CGI)	11469	11469	12706.934	23145.89167	11414	-1546.4019898097026	42383.70277886962	874	3430	3015	1.1079373964600225	0.7906700642702006	0.008302996822591096	1.091663522687744	1.124211270232301
mean_skew	[-0.5,-0.2)	non-cCRE	CpG ti (non-CGI)	1414585	1414585	3060070.974	7048818.819534	1406184	-1301068.273746736	3731018.842717155	4684	61981	18089	2.1632287731030657	0.30340032181876575	4.6311995489282416e-4	2.1623210579914756	2.164136488214656
mean_skew	[-0.5,-0.2)	non-cCRE	non-CpG ti	1985358	1985358	312242.292	67520.98394800001	1967215	-95836.34452367992	2177227.192886167	30953	71042	32030	0.15727253825254692	0.009274828726202434	6.83492154922646e-5	0.1571385737901821	0.15740650271491174
mean_skew	[-0.5,-0.2)	non-cCRE	non-CpG tv	1967799	1967799	135784.688	20163.119592	1942569	-271817.11829714756	2473190.2525489805	28475	72307	34265	0.0690033321492693	0.005485077058291093	5.279599740568793e-5	0.06889985199435415	0.06910681230418446
mean_skew	[-0.5,-0.2)	pELS	CpG ti (CGI)	18729	18729	9739.333	9618.321847	18715	8384.946001066011	93172.12154496709	2663	7291	9584	0.5200135084628117	0.24315127742323567	0.003603138722132174	0.5129513565674326	0.5270756603581908
mean_skew	[-0.5,-0.2)	pELS	CpG ti (non-CGI)	78390	78390	131976.571	268228.676505	78283	-54566.51697181163	274356.2347601137	2302	18234	20459	1.6835893736445975	0.587254895448956	0.002737051635925716	1.678224752438183	1.688953994851012
mean_skew	[-0.5,-0.2)	pELS	non-CpG ti	162334	162334	25532.798	5236.720746	162159	84667.59497265378	632885.4097481355	19080	42072	51504	0.157285584042776	0.007520218934682273	2.152338118025085e-4	0.1568637257716431	0.15770744231390893
mean_skew	[-0.5,-0.2)	pELS	non-CpG tv	167968	167968	12589.527	1930.083939	167672	63963.992996360874	660386.5407905194	18162	46251	57395	0.07495193727376644	0.005873025659740373	1.8698969516449645e-4	0.07458543747124402	0.07531843707628885
mean_skew	[-1.0,-0.5)	Other cCREs	CpG ti (CGI)	1000	1000	1708.619	3503.792043	998	-620.6690005174606	3230.31368551775	33	232	72	1.7086189999999999	0.5849981539929934	0.024186735083367356	1.6612129992365998	1.7560250007634
mean_skew	[-1.0,-0.5)	Other cCREs	CpG ti (non-CGI)	50311	50311	109447.514	256307.204306	49986	-43760.63198834635	142978.1260638373	419	2314	6795	2.1754191727455225	0.3620151846763266	0.0026824517495694852	2.1701615673163666	2.1806767781746785
mean_skew	[-1.0,-0.5)	Other cCREs	non-CpG ti	77139	77139	12820.776	2887.960158	76753	9055.498001509344	146833.2551770344	3119	2930	12961	0.16620355462217556	0.009814898153767567	3.567022891413741e-4	0.16550441813545846	0.16690269110889266
mean_skew	[-1.0,-0.5)	Other cCREs	non-CpG tv	72648	72648	4931.893	597.873293	72126	-4187.845986313187	131421.54652155924	2158	2876	11870	0.06788752615350732	0.003621061819155647	2.2325754163516595e-4	0.0674499413719024	0.06832511093511225
mean_skew	[-1.0,-0.5)	PLS	CpG ti (CGI)	6740	6740	3135.805	2612.910359	6739	13566.091998102022	91769.4027014596	2578	2912	4509	0.4652529673590504	0.17123724257169506	0.0050404483010858415	0.45537368868892214	0.4751322460291787
mean_skew	[-1.0,-0.5)	PLS	CpG ti (non-CGI)	4893	4893	6831.296	12912.95812	4889	1717.5479935174797	36337.70571471976	813	1499	2673	1.3961365215614143	0.6900115054790668	0.011875189763489143	1.3728611496249756	1.419411893497853
mean_skew	[-1.0,-0.5)	PLS	non-CpG ti	17876	17876	3078.054	709.836554	17868	42390.55100091814	261746.6783030247	7544	6771	10958	0.17218919221302306	0.010060359281227158	7.501905210844722e-4	0.1707188187916975	0.17365956563434862
mean_skew	[-1.0,-0.5)	PLS	non-CpG tv	23485	23485	1835.101	235.413343	23468	45103.97897903192	287358.929251986	8467	9074	14586	0.07813928039173941	0.00391840706071532	4.0846936753703944e-4	0.07733868043136681	0.07893988035211201
mean_skew	[-1.0,-0.5)	dELS	CpG ti (CGI)	4078	4078	5132.73	9562.353258	4066	-819.8359995293432	21487.431294127466	380	988	1571	1.2586390387444826	0.7608778279776875	0.013659470160142857	1.2318664772306025	1.2854116002583627
mean_skew	[-1.0,-0.5)	dELS	CpG ti (non-CGI)	158247	158247	323882.347	725758.185147	157956	-127950.12198626886	593846.1233211833	4137	16824	53823	2.0466887018395292	0.3973044804723659	0.0015845063667424498	2.043583069360714	2.0497943343183445
mean_skew	[-1.0,-0.5)	dELS	non-CpG ti	237136	237136	37768.097	8177.885565	236794	94598.96790480804	834308.180757893	22404	22539	83107	0.1592676649686256	0.00911990615261959	1.9610850985545003e-4	0.15888329228930892	0.15965203764794228
mean_skew	[-1.0,-0.5)	dELS	non-CpG tv	216150	216150	14063.288	1705.52454	215701	39281.57397429646	696274.7344776669	16372	21588	77257	0.06506263243118206	0.003657338234653625	1.300783271684899e-4	0.06480767890993182	0.0653175859524323
mean_skew	[-1.0,-0.5)	non-cCRE	CpG ti (CGI)	2913	2913	3508.548	6659.351234	2896	92.38499532057916	14951.094085866383	307	910	777	1.2044449021627188	0.8356794235600267	0.016937511853248436	1.171247378930352	1.2376424253950857
mean_skew	[-1.0,-0.5)	non-cCRE	CpG ti (non-CGI)	277287	277287	622150.432	1487585.041312	275602	-251328.3177539207	745220.4854155071	1066	13080	5611	2.2437057344917	0.3305704194121286	0.00109186071357561	2.241565687493092	2.2458457814903086
mean_skew	[-1.0,-0.5)	non-cCRE	non-CpG ti	319072	319072	55807.033	13653.397531	316193	-13549.876903305878	375755.67277305	5351	13049	8185	0.17490420030588708	0.012199520021220201	1.955361341738127e-4	0.1745209494829064	0.17528745112886776
mean_skew	[-1.0,-0.5)	non-cCRE	non-CpG tv	315720	315720	21496.421	2690.584643	312383	-53210.63284171047	426113.87112422165	4456	14038	8658	0.06808697896870644	0.0038862351599699124	1.1094647063408947e-4	0.06786952388626362	0.06830443405114926
mean_skew	[-1.0,-0.5)	pELS	CpG ti (CGI)	4909	4909	2549.836	2484.700308	4906	4828.660005625918	38410.74515364245	1081	1993	2826	0.5194206559380729	0.23640236763355502	0.006939519410324693	0.5058191978938364	0.5330221139823093
mean_skew	[-1.0,-0.5)	pELS	CpG ti (non-CGI)	21510	21510	36332.281	74394.652129	21480	-12038.384997536195	85029.28873155074	972	5168	7808	1.6890879125987914	0.6056179020297207	0.005306145407061478	1.678687867600951	1.699487957596632
mean_skew	[-1.0,-0.5)	pELS	non-CpG ti	39019	39019	6446.466	1421.373182	38964	35523.72899084888	241861.19867038063	6959	10590	16846	0.16521351136625748	0.009132449080855184	4.837885240864073e-4	0.16426528585904812	0.16616173687346683
mean_skew	[-1.0,-0.5)	pELS	non-CpG tv	41363	41363	3011.094	391.138518	41275	28172.82101436915	228765.0953416079	6424	12030	18679	0.07279679907163407	0.004156968064798536	3.1701683738870166e-4	0.07217544607035221	0.07341815207291592
mean_skew	[-1.5,-1.0)	Other cCREs	CpG ti (CGI)	183	183	332.002	715.648818	172	-47.793999604880824	832.5584261452155	12	40	23	1.8142185792349728	0.6226627541584099	0.058331198438298364	1.699889430295908	1.9285477281740375
mean_skew	[-1.5,-1.0)	Other cCREs	CpG ti (non-CGI)	10754	10754	23992.265	57462.443125	10679	-8922.79799706594	29281.462127207815	100	483	1491	2.23100846196764	0.36599059687807667	0.005833778662830441	2.2195742557884923	2.2424426681467873
mean_skew	[-1.5,-1.0)	Other cCREs	non-CpG ti	15863	15863	2731.943	640.261697	15740	1868.8860095610155	26895.11119236836	572	624	2944	0.17222108050179666	0.010702529420670797	8.213921595605878e-4	0.1706111518690579	0.17383100913453542
mean_skew	[-1.5,-1.0)	Other cCREs	non-CpG tv	14719	14719	961.676	106.582658	14554	-1069.3719966377837	24762.89451086707	372	641	2639	0.06533568856579931	0.002972611384889005	4.4939673802392644e-4	0.06445487095927242	0.0662165061723262
mean_skew	[-1.5,-1.0)	PLS	CpG ti (CGI)	1735	1735	774.513	634.396645	1735	5652.008004016244	38070.63857002415	971	781	1244	0.44640518731988477	0.16646483515185362	0.009795159515976832	0.42720667466857015	0.4656036999711994
mean_skew	[-1.5,-1.0)	PLS	CpG ti (non-CGI)	1263	1263	1858.94	3638.544198	1262	1248.2020023693333	13128.50940049707	295	398	761	1.4718448139350753	0.7151133118728454	0.023795002567088157	1.4252066089035824	1.5184830189665681
mean_skew	[-1.5,-1.0)	PLS	non-CpG ti	4317	4317	722.844	159.534072	4309	13633.10897966649	87414.59127619192	2267	1659	2918	0.1674412786657401	0.008920330946279368	0.0014374722159468105	0.16462383312248435	0.17025872420899585
mean_skew	[-1.5,-1.0)	PLS	non-CpG tv	5169	5169	378.103	42.176879	5161	14130.566989765512	91066.71401613232	2452	2162	3542	0.0731481911394854	0.002809467586220424	7.37239756224753e-4	0.07170320121728488	0.07459318106168591
mean_skew	[-1.5,-1.0)	dELS	CpG ti (CGI)	779	779	992.342	1878.929954	778	86.66599950520333	4725.347684504623	98	186	344	1.2738664955070602	0.7902554345958003	0.03185040923063504	1.2114396934150156	1.3362932975991049
mean_skew	[-1.5,-1.0)	dELS	CpG ti (non-CGI)	33202	33202	70439.238	162949.557352	33142	-24342.34799855318	121677.96505509553	1024	3638	12733	2.1215359918077223	0.4069208367064193	0.0035008446695031377	2.1146743362554963	2.1283976473599484
mean_skew	[-1.5,-1.0)	dELS	non-CpG ti	47534	47534	7678.686	1692.580858	47428	25159.84799018049	193464.52592649552	5155	4644	20885	0.16154091807969032	0.009512525443677764	4.47348241798191e-4	0.16066411552576587	0.16241772063361476
mean_skew	[-1.5,-1.0)	dELS	non-CpG tv	42017	42017	2565.624	261.81333	41911	10000.124007057637	144211.74686345513	3375	4311	18194	0.06106157031677654	0.0025026727845961186	2.4405601464014677e-4	0.06058322052808185	0.06153992010547123
mean_skew	[-1.5,-1.0)	non-cCRE	CpG ti (CGI)	464	464	573.972	1084.392938	458	317.53300060320163	4127.456541430252	93	149	142	1.2370086206896551	0.8086061035972294	0.04174548560140937	1.1551874689108927	1.3188297724684175
mean_skew	[-1.5,-1.0)	non-cCRE	CpG ti (non-CGI)	65801	65801	152259.81100000002	373736.296095	65487	-59161.516912882	171097.51140562768	218	3169	1240	2.31394372425951	0.32546598745609234	0.002224009089957521	2.309584666443193	2.3183027820758264
mean_skew	[-1.5,-1.0)	non-cCRE	non-CpG ti	66184	66184	11673.767	2691.202547	65324	928.1260391813712	59637.15547509148	856	2852	1670	0.1763835216970869	0.009551431818877399	3.7988988864435326e-4	0.17563893751534398	0.17712810587882982
mean_skew	[-1.5,-1.0)	non-cCRE	non-CpG tv	61867	61867	3744.703	372.660817	61003	-9180.697966132197	73277.90785437541	677	2880	1630	0.06052827840367239	0.0023599455480705525	1.9530864304806358e-4	0.06014547346329819	0.060911083344046595
mean_skew	[-1.5,-1.0)	pELS	CpG ti (CGI)	926	926	491.926	479.737364	926	1619.2289965329687	12978.950252054969	305	411	576	0.5312375809935205	0.2361165251158718	0.015968263784434375	0.4999397839760291	0.5625353780110118
mean_skew	[-1.5,-1.0)	pELS	CpG ti (non-CGI)	4485	4485	7932.442	16783.985142	4481	-2256.2359941848545	19156.03697162416	257	1063	1779	1.7686604236343366	0.6142258951438884	0.011702612835998326	1.74572330247578	1.7915975447928933
mean_skew	[-1.5,-1.0)	pELS	non-CpG ti	7588	7588	1261.577	278.855377	7573	9313.398017167698	60425.116469647815	1658	2135	3835	0.16625948866631524	0.009108505346884937	0.0010956198642975352	0.16411207373229206	0.16840690360033841
mean_skew	[-1.5,-1.0)	pELS	non-CpG tv	7486	7486	484.403	49.025121	7472	7067.311997826445	52539.58491068258	1453	2123	3918	0.0647078546620358	0.0023621165101063283	5.617275781390734e-4	0.06360686860888322	0.06580884071518837
mean_skew	[0.05,0.2)	Other cCREs	CpG ti (CGI)	3717	3717	6032.585	11743.208279	3695	-2703.958000827931	13319.371440086918	101	604	167	1.622971482378262	0.5254291870229101	0.01188942403257823	1.5996682112744085	1.6462747534821154
mean_skew	[0.05,0.2)	Other cCREs	CpG ti (non-CGI)	134370	134370	271957.582	589230.844392	132669	-106784.19593723232	366031.98121091473	1255	6913	6887	2.0239456872813872	0.2887828976893907	0.0014660020457471848	2.021072323271723	2.0268190512910516
mean_skew	[0.05,0.2)	Other cCREs	non-CpG ti	2431480	2431480	405355.326	96262.536008	2422015	-326138.3557437507	4014236.5305969487	59026	77178	109505	0.1667113552239788	0.01179742875150567	6.965596781160696e-5	0.16657482952706806	0.16684788092088956
mean_skew	[0.05,0.2)	Other cCREs	non-CpG tv	1602699	1602699	95777.433	10349.106339	1592851	-36566.19689555177	2384152.7193921283	44168	53184	72886	0.05976008782684709	0.0028860325096119396	4.2435041033578156e-5	0.059676915146421275	0.0598432605072729
mean_skew	[0.05,0.2)	PLS	CpG ti (CGI)	15933	15933	7575.851000000001	6218.825111	15929	2437.7119863332496	88826.69727556033	2079	6549	9201	0.4754817674009917	0.16423839367018767	0.0032106174834451912	0.4691889571334391	0.48177457766854426
mean_skew	[0.05,0.2)	PLS	CpG ti (non-CGI)	7659	7659	10070.32	17769.979734	7642	-4024.2129952095	36871.19003040179	482	2245	2719	1.3148348348348349	0.5914301645424482	0.008787507338577014	1.2976113204512238	1.332058349218446
mean_skew	[0.05,0.2)	PLS	non-CpG ti	152992	152992	23368.608	4785.837694	152894	46428.1979923453	794111.0567111544	19797	51203	51623	0.15274398661367916	0.007950947091447762	2.27968620260364e-4	0.15229716811796884	0.15319080510938948
mean_skew	[0.05,0.2)	PLS	non-CpG tv	136438	136438	10061.648	1314.60904	136315	41633.19497675625	717377.054733441	17738	48564	52620	0.07374520294932496	0.004196887693479998	1.7538643546875072e-4	0.07340144553580621	0.07408896036284371
mean_skew	[0.05,0.2)	dELS	CpG ti (CGI)	14233	14233	16919.703	29543.538911	14206	-9190.791006113524	59492.84381345727	676	3162	4074	1.1887657556383053	0.6625896141813724	0.006822979830035733	1.1753927151714354	1.2021387961051753
mean_skew	[0.05,0.2)	dELS	CpG ti (non-CGI)	394099	394099	744589.654	1530701.917368	393385	-338086.3829554283	1420193.0237870654	7448	39247	66724	1.8893467225240357	0.31442406446567633	8.932133846169317e-4	1.8875960242901866	1.8910974207578848
mean_skew	[0.05,0.2)	dELS	non-CpG ti	6559907	6559907	1075601.147	256529.292603	6551998	-629555.3053942102	15850283.174901674	287462	494023	760741	0.1639659139984759	0.012220810395352609	4.3161960390118834e-5	0.16388131655611127	0.16405051144084054
mean_skew	[0.05,0.2)	dELS	non-CpG tv	4179877	4179877	238459.3	24199.136616	4172894	351746.29865870945	9304486.345706018	213621	323822	509971	0.05704935815096951	0.002534808833054023	2.4625828740924466e-5	0.0570010915266373	0.05709762477530172
mean_skew	[0.05,0.2)	non-cCRE	CpG ti (CGI)	12990	12990	13061.235	21574.708375	12952	-4927.082997097287	42875.74917713926	642	3949	3246	1.0054838337182448	0.6499228373319792	0.007073369139797187	0.9916200302042423	1.0193476372322472
mean_skew	[0.05,0.2)	non-cCRE	CpG ti (non-CGI)	1223292	1223292	2574795.709	5752512.591441	1212957	-1018354.4791937732	3067755.70112268	6067	48813	10593	2.104808752938791	0.2722655902058952	4.7177107580709477e-4	2.103884081630209	2.105733424247373
mean_skew	[0.05,0.2)	non-cCRE	non-CpG ti	26686511	26686511	4462869.476999991	1059913.4586910005	26409717	-4430064.027446364	33937799.634014815	331862	704077	146939	0.1672331567434945	0.01175027037698461	2.0983504922264856e-5	0.16719202907384687	0.16727428441314215
mean_skew	[0.05,0.2)	non-cCRE	non-CpG tv	18576531	18576531	1157056.8380000012	137770.42244199995	18313971	-1611363.166966969	20252257.12934278	252937	489867	107520	0.06228594768312777	0.00353683065480618	1.3798275906138586e-5	0.06225890306235174	0.0623129923039038
mean_skew	[0.05,0.2)	pELS	CpG ti (CGI)	19766	19766	10261.214	9520.133528	19752	-82.18399640382155	75635.43156294995	1771	7684	9185	0.5191345745219063	0.2121519131814709	0.0032761522846847567	0.5127133160439241	0.5255558329998884
mean_skew	[0.05,0.2)	pELS	CpG ti (non-CGI)	55787	55787	87576.616	165399.07266	55716	-42667.89699185615	190114.2278444564	1257	12777	10492	1.569839138150465	0.5004458695089411	0.0029951049909785203	1.563968732368147	1.575709543932783
mean_skew	[0.05,0.2)	pELS	non-CpG ti	949375	949375	149955.179	33518.394481	948581	-4730.235072828028	2546190.733919812	53246	212975	147159	0.15795147228439763	0.010357091284656643	1.04447970660118e-4	0.1577467542619038	0.15815619030689146
mean_skew	[0.05,0.2)	pELS	non-CpG tv	674354	674354	41522.877	4634.628729	673522	89075.92306744288	1742021.3544473276	42295	161902	119407	0.06157430222108863	0.003081303933567301	6.759635844328387e-5	0.06144181335853979	0.06170679108363747
mean_skew	[0.2,0.5)	Other cCREs	CpG ti (CGI)	1215	1215	2022.928	4071.15085	1202	-883.2610013585071	4613.01999424447	26	219	52	1.664961316872428	0.5791218971844257	0.02183216747776787	1.6221702686160029	1.707752365128853
mean_skew	[0.2,0.5)	Other cCREs	CpG ti (non-CGI)	33307	33307	69212.33	153927.729428	32722	-27679.350994923167	91981.7714820436	252	1851	1984	2.0780115291079952	0.3033600471858765	0.0030179457803273008	2.072096355378554	2.0839267028374366
mean_skew	[0.2,0.5)	Other cCREs	non-CpG ti	365178	365178	57458.931	12291.657781	363442	-56074.83094176767	561116.1275568706	7403	13138	21298	0.15734499613886926	0.008901936607895473	1.561312892000226e-4	0.1570389788120372	0.15765101346570132
mean_skew	[0.2,0.5)	Other cCREs	non-CpG tv	267274	267274	16119.825	1687.208925	265141	-15042.28895464132	386298.6134841808	6356	10685	14962	0.06031198320824323	0.002675131084247868	1.0004472095507863e-4	0.06011589555517127	0.06050807086131518
mean_skew	[0.2,0.5)	PLS	CpG ti (CGI)	5203	5203	2453.139	2055.060917	5199	2551.5540012739366	32626.874578876552	902	2157	3075	0.4714854891408803	0.17271077963368506	0.005761463426729766	0.46019302082448993	0.48277795745727065
mean_skew	[0.2,0.5)	PLS	CpG ti (non-CGI)	2264	2264	2973.198	5363.828206	2262	-846.0380022944886	11218.35554441056	175	685	866	1.31325	0.6448413311975255	0.016876726860962796	1.280171615352513	1.3463283846474872
mean_skew	[0.2,0.5)	PLS	non-CpG ti	40277	40277	6042.093	1146.826647	40258	24457.7249934466	256373.1812097645	6992	14230	15783	0.15001348163964545	0.0059695908153607575	3.8498492521134775e-4	0.14925891118623122	0.15076805209305968
mean_skew	[0.2,0.5)	PLS	non-CpG tv	42240	42240	3234.27	435.157416	42204	23112.024980744947	255534.63290146543	7006	15565	18049	0.07656889204545454	0.0044393320278450655	3.2418794337375935e-4	0.07593348367644197	0.07720430041446712
mean_skew	[0.2,0.5)	dELS	CpG ti (CGI)	4381	4381	5255.183	9375.735613	4378	-1962.6219890799853	18032.406442040956	259	965	1308	1.199539602830404	0.7013551334198423	0.012652675310686434	1.1747403592214585	1.2243388464393494
mean_skew	[0.2,0.5)	dELS	CpG ti (non-CGI)	99924	99924	193093.177	407309.294135	99693	-89398.91799643589	376362.877125853	1933	10459	20433	1.9324003942996677	0.3420229853349523	0.0018500895127169855	1.9287742188547423	1.936026569744593
mean_skew	[0.2,0.5)	dELS	non-CpG ti	1082974	1082974	167277.385	35505.088867	1081471	-83262.43398473632	2569764.266988375	48424	92469	167560	0.15446112741395454	0.008926571012427704	9.078901765060438e-5	0.15428318093935936	0.15463907388854972
mean_skew	[0.2,0.5)	dELS	non-CpG tv	777825	777825	45100.145	4519.252661	776385	54311.71397030808	1790471.4481099711	40527	69114	124017	0.05798238035547841	0.0024481616657788556	5.610209739871378e-5	0.05787242024457693	0.05809234046637989
mean_skew	[0.2,0.5)	non-cCRE	CpG ti (CGI)	3765	3765	3834.807	6574.566825	3747	-587.4990028532924	13699.409558027424	281	1187	1037	1.0185410358565736	0.7089953589027526	0.013722688523735288	0.9916445663500525	1.0454375053630949
mean_skew	[0.2,0.5)	non-cCRE	CpG ti (non-CGI)	230408	230408	494046.34	1122514.16208	228382	-206600.08684052143	626566.0126676215	1057	10742	2684	2.1442238984757473	0.27415917440670273	0.0010908188010742756	2.1420858936256417	2.146361903325853
mean_skew	[0.2,0.5)	non-cCRE	non-CpG ti	2976918	2976918	460731.728	97703.7197	2951261	-517192.1924423985	3774896.532534152	34807	100042	27313	0.15476802787312247	0.008867287458422295	5.4577288807253716e-5	0.15466105638706024	0.1548749993591847
mean_skew	[0.2,0.5)	non-cCRE	non-CpG tv	2254572	2254572	138703.301	15337.380927	2227190	-202583.71539084957	2538581.3388146	31433	79329	23085	0.06152090108455175	0.0030179705434329593	3.6586885709327e-5	0.06144919078856147	0.061592611380542034
mean_skew	[0.2,0.5)	pELS	CpG ti (CGI)	6332	6332	3290.351	3171.513365	6330	1573.3459988153777	27795.56210445373	760	2442	3064	0.5196385028427037	0.23088300387506025	0.006038450756240653	0.50780313936047206	0.5314738663249354
mean_skew	[0.2,0.5)	pELS	CpG ti (non-CGI)	14405	14405	22699.571	43669.636483	14373	-10715.19500097248	50479.83506781092	367	3446	3342	1.5758119402985074	0.5484158193242341	0.00617018741420637	1.5637183729666628	1.5879055076303519
mean_skew	[0.2,0.5)	pELS	non-CpG ti	174384	174384	26330.185	5278.7292370000005	174196	22682.42702670734	537114.2246375032	12982	43520	36911	0.15098968368657675	0.007472878276213578	2.070096716411622e-4	0.15058394473016007	0.15139542264299344
mean_skew	[0.2,0.5)	pELS	non-CpG tv	145905	145905	9684.644	1157.467418	145705	33446.38102005098	456540.2951862703	11928	39276	34796	0.06637636818477777	0.0035272228459637916	1.5548244518550483e-4	0.06607162259221418	0.06668111377734136
mean_skew	[0.5,1.0)	Other cCREs	CpG ti (CGI)	349	349	601.98	1245.581474	340	-186.94599939347248	1366.0969653856516	14	58	6	1.7248710601719197	0.5955275666600796	0.041308385498504595	1.6439066245948508	1.8058354957489886
mean_skew	[0.5,1.0)	Other cCREs	CpG ti (non-CGI)	8069	8069	17187.778	39134.781548	7977	-7299.893993772684	24070.493713194293	45	393	577	2.1301001363242036	0.31272846890057776	0.006225494468171033	2.1178981671665884	2.1423021054818188
mean_skew	[0.5,1.0)	Other cCREs	non-CpG ti	75724	75724	11475.337	2300.045115	75335	-14566.345983146344	117239.0340003886	1364	2830	4861	0.15154161164227986	0.007409295087116403	3.128035494107456e-4	0.1509285166854348	0.15215470659912492
mean_skew	[0.5,1.0)	Other cCREs	non-CpG tv	53781	53781	3299.269	347.870795	53230	-4834.978986193426	76504.3144491943	1112	2249	3460	0.06134636767631691	0.0027049577140744814	2.242672220316448e-4	0.060906803921134886	0.061785931431498936
mean_skew	[0.5,1.0)	PLS	CpG ti (CGI)	1245	1245	585.266	512.635758	1245	1080.8680001241155	9211.191216963078	283	475	753	0.470093172690763	0.19092138841798065	0.012383477410869962	0.4458215569654579	0.4943647884160681
mean_skew	[0.5,1.0)	PLS	CpG ti (non-CGI)	668	668	852.198	1510.608672	668	-78.00699639588127	3623.9567330021287	58	231	289	1.275745508982036	0.6348139441327243	0.030827265134095026	1.2153240693192098	1.3361669486448622
mean_skew	[0.5,1.0)	PLS	non-CpG ti	9786	9786	1468.843	275.533707	9783	7259.220988059421	68604.41889802927	1883	3511	3792	0.15009636215001024	0.005627564244301737	7.583289310438156e-4	0.14861003744516435	0.15158268685485612
mean_skew	[0.5,1.0)	PLS	non-CpG tv	10383	10383	838.629	121.283647	10377	7573.333001829333	72187.90070608405	1989	3885	4605	0.08076943080034672	0.005157778849675981	7.048065499943621e-4	0.07938800996235777	0.08215085163833567
mean_skew	[0.5,1.0)	dELS	CpG ti (CGI)	1230	1230	1490.426	2713.78935	1227	-521.9229989936578	5411.788989557577	83	256	436	1.2117284552845529	0.7386474819398415	0.024505640331996467	1.1636974002338398	1.259759510335266
mean_skew	[0.5,1.0)	dELS	CpG ti (non-CGI)	27126	27126	53391.005	114593.826217	27085	-24425.001985789502	101809.4759078283	510	2850	6143	1.9682594190075942	0.3504692252707262	0.0035944468446209915	1.961214303192137	1.9753045348230514
mean_skew	[0.5,1.0)	dELS	non-CpG ti	234910	234910	35281.405	7142.077963	234591	-29735.40596504358	552819.5230124618	9970	21079	41128	0.15019115831595078	0.007846114363586844	1.8275807063357618e-4	0.14983295249750897	0.1505493641343926
mean_skew	[0.5,1.0)	dELS	non-CpG tv	167296	167296	9913.697	1028.508501	166996	8736.029008162095	393431.4300530533	8636	15936	30758	0.05925842219778118	0.0026362919312180482	1.2553186225494443e-4	0.05901237974776149	0.05950446464780087
mean_skew	[0.5,1.0)	non-cCRE	CpG ti (CGI)	991	991	988.034	1683.553326	984	67.2889990586556	3679.7743243555865	89	294	288	0.9970070635721493	0.7055317666167222	0.026682189182918627	0.9447099727736288	1.0493041543706698
mean_skew	[0.5,1.0)	non-cCRE	CpG ti (non-CGI)	45742	45742	98653.307	226512.524903	45328	-41348.97798280407	128235.98385080206	230	2274	830	2.1567335708976434	0.30046622977260085	0.0025629507392656665	2.151710187448683	2.161756954346604
mean_skew	[0.5,1.0)	non-cCRE	non-CpG ti	546559	546559	80516.501	15545.169779	542615	-108315.87986771614	699038.1409554724	5688	20572	6120	0.1473152962443213	0.0067401036699285466	1.1104902841953692e-4	0.147097640148619	0.1475329523400236
mean_skew	[0.5,1.0)	non-cCRE	non-CpG tv	386273	386273	24995.193	2957.261435	382332	-39158.67782431736	439485.9213526611	5054	16161	5417	0.06470862058699417	0.003468687802026311	9.476226447943405e-5	0.06452288654861447	0.06489435462537387
mean_skew	[0.5,1.0)	pELS	CpG ti (CGI)	1706	1706	816.576	720.215466	1704	1041.171001893468	9108.69908952416	278	697	861	0.47864947245017586	0.1931740729528007	0.01064106031770856	0.4577929942274671	0.4995059506728846
mean_skew	[0.5,1.0)	pELS	CpG ti (non-CGI)	3699	3699	5905.449	11537.977025	3691	-2532.2820032921163	13763.830159926294	108	874	914	1.5964987834549877	0.5705610818670973	0.012419637123712506	1.5721562946925112	1.6208412722174643
mean_skew	[0.5,1.0)	pELS	non-CpG ti	39223	39223	5763.171	1098.360019	39183	6284.80501905689	130433.39284326708	3201	9964	9141	0.146933457410193	0.00641368054469024	4.043740319504791e-4	0.14614088430757008	0.14772603051281594
mean_skew	[0.5,1.0)	pELS	non-CpG tv	34343	34343	2444.327	318.228331	34278	10078.491980072811	120793.14398161114	3299	9808	9316	0.07117395102349824	0.004200568423987701	3.4973163383643087e-4	0.07048847702117884	0.07185942502581764
mean_skew	[1.0,1.5)	Other cCREs	CpG ti (non-CGI)	1310	1310	2842.171	6524.446185	1302	-1257.0720003857275	4015.9663790811423	4	59	131	2.1695961832061066	0.27355449303354934	0.01445061326344776	2.141272981209749	2.1979193852024643
mean_skew	[1.0,1.5)	Other cCREs	non-CpG ti	12800	12800	1805.672	321.02025199999997	12748	-2958.123002348119	19106.519173489796	181	492	846	0.141068125	0.005179895975857487	6.361441449183245e-4	0.13982128247596007	0.1423149675240399
mean_skew	[1.0,1.5)	Other cCREs	non-CpG tv	8941	8941	558.815	55.112617	8828	-1131.576998663368	11910.52184389329	151	363	586	0.06250027961078179	0.002258000363456484	5.025380570313512e-4	0.06151530501900034	0.06348525420256323
mean_skew	[1.0,1.5)	PLS	CpG ti (CGI)	145	145	61.535	46.605973	145	147.5669991113245	1035.9570974191845	39	51	90	0.42437931034482756	0.14230411206896554	0.03132742679252705	0.36297755383147456	0.48578106685818057
mean_skew	[1.0,1.5)	PLS	CpG ti (non-CGI)	88	88	114.169	206.538065	88	-11.950000588782116	725.4388656113563	9	33	37	1.297375	0.671471938218391	0.08735194865771397	1.1261651806308806	1.4685848193691193
mean_skew	[1.0,1.5)	PLS	non-CpG ti	1766	1766	259.498	45.781238	1765	1405.822004129761	13002.92122682714	347	639	643	0.14694110985277462	0.00433445545349841	0.0015666497810686076	0.14387047628188016	0.15001174342366907
mean_skew	[1.0,1.5)	PLS	non-CpG tv	1725	1725	158.923	26.105675	1723	1510.3470022248798	13208.066104275698	358	627	727	0.09212927536231884	0.006649776201620768	0.0019634008061466353	0.08828100978227144	0.09597754094236624
mean_skew	[1.0,1.5)	dELS	CpG ti (CGI)	228	228	293.44	545.806742	227	-47.80699897452729	919.7757807571032	20	34	60	1.2870175438596492	0.7407238499111215	0.05699814747340176	1.1753011748117816	1.3987339129075167
mean_skew	[1.0,1.5)	dELS	CpG ti (non-CGI)	4994	4994	9910.307	21361.054113	4993	-4634.739997096012	19214.745236952884	103	544	1336	1.9844427312775332	0.33939864252376134	0.008243863296004132	1.9682847592173651	2.0006007033377013
mean_skew	[1.0,1.5)	dELS	non-CpG ti	40737	40737	5659.579	1000.470757	40675	-5293.162993261939	93452.34314484971	1659	3608	7080	0.13892969536293787	0.005257933293586009	3.592634321122761e-4	0.1382255390359978	0.13963385168987794
mean_skew	[1.0,1.5)	dELS	non-CpG tv	29526	29526	1807.1	179.840292	29456	1091.0750029060298	70042.28129487467	1535	2949	5714	0.06120368488789541	0.002345101203694639	2.818243325242119e-4	0.06065130919614795	0.06175606057964287
mean_skew	[1.0,1.5)	non-cCRE	CpG ti (CGI)	173	173	160.527	260.863567	172	22.68900044239122	766.1674414358283	19	50	48	0.9279017341040462	0.6506411937760451	0.061326436028281445	0.8077019194886146	1.0481015487194778
mean_skew	[1.0,1.5)	non-cCRE	CpG ti (non-CGI)	5082	5082	11002.581	25205.252379	5050	-4930.363998427057	15551.452655426849	33	285	144	2.1650100354191264	0.2724963783680763	0.007322561653092211	2.150657814579066	2.179362256259187
mean_skew	[1.0,1.5)	non-cCRE	non-CpG ti	89242	89242	12271.877	2078.374651	88488	-22978.234983453753	120409.39608514648	766	3788	1096	0.13751234844579907	0.004379601583263443	2.215300546861257e-4	0.13707814953861427	0.13794654735298387
mean_skew	[1.0,1.5)	non-cCRE	non-CpG tv	57698	57698	3660.093	360.567317	57117	-8515.380978054134	69856.53092997671	699	2697	934	0.0634353530451662	0.00222521145582714	1.9638362118662615e-4	0.06305044114764041	0.063820264942692
mean_skew	[1.0,1.5)	pELS	CpG ti (CGI)	270	270	115.329	92.067447	270	172.6810010438786	1813.961928714867	43	106	151	0.42714444444444444	0.15912752924411402	0.024276762951897943	0.37956198905872446	0.4747268998301644
mean_skew	[1.0,1.5)	pELS	CpG ti (non-CGI)	625	625	1001.326	1990.909242	624	-424.1890005519383	2204.005162117099	17	157	180	1.6021216	0.6196526101897433	0.031487206549701885	1.5404066751625844	1.6638365248374156
mean_skew	[1.0,1.5)	pELS	non-CpG ti	7225	7225	1012.13	177.683958	7221	885.6080008120044	22350.249868075636	564	1977	1805	0.1400871972318339	0.004969200313641187	8.293241767387151e-4	0.13846172184542602	0.1417126726182418
mean_skew	[1.0,1.5)	pELS	non-CpG tv	6495	6495	509.868	69.45625	6483	1710.8400021810085	21555.79171422879	598	1862	1887	0.07850161662817552	0.004531996879123098	8.353245075821579e-4	0.07686438059331449	0.08013885266303655
mean_skew	[1.5,Inf)	Other cCREs	CpG ti (non-CGI)	170	170	384.707	918.140153	169	-154.72300045099112	479.8314467636782	0	8	14	2.2629823529411763	0.2813905381482771	0.0406846219067567	2.1832404940039334	2.3427242118784193
mean_skew	[1.5,Inf)	Other cCREs	non-CpG ti	4292	4292	602.109	101.911001	4274	-1126.6069963086627	6676.325475403084	59	138	220	0.14028634669151913	0.004065096499630882	9.732077823425177e-4	0.1383788594381278	0.14219383394491045
mean_skew	[1.5,Inf)	Other cCREs	non-CpG tv	2123	2123	133.193	13.003725	2102	-349.4459973751803	3245.7384959373953	37	108	107	0.06273810645313237	0.0021901264784109043	0.0010156863146580993	0.06074736127640249	0.06472885162986224
mean_skew	[1.5,Inf)	PLS	non-CpG ti	451	451	65.68900000000001	11.016957	451	272.5660010057036	2820.5550980136572	80	156	187	0.1456518847006652	0.003220511879773337	0.0026722321319685004	0.14041430972200694	0.15088945967932346
mean_skew	[1.5,Inf)	PLS	non-CpG tv	340	340	33.910000000000004	5.840762	340	259.0559993432835	1925.7564486715612	55	111	129	0.09973529411764707	0.00725291497483949	0.0046186689497272875	0.09068270297618158	0.10878788525911257
mean_skew	[1.5,Inf)	dELS	CpG ti (non-CGI)	802	802	1608.445	3457.693047	802	-704.6980003276841	3457.1864727864536	19	91	238	2.0055423940149626	0.2894986405226013	0.01899923349689607	1.9683038963610462	2.0427808916688788
mean_skew	[1.5,Inf)	dELS	non-CpG ti	12949	12949	1734.345	278.59396300000003	12932	-2146.747998983134	27824.115950584997	475	1201	2051	0.13393659742065026	0.0035759727329689834	5.255075789515163e-4	0.13290660256590528	0.13496659227539523
mean_skew	[1.5,Inf)	dELS	non-CpG tv	7199	7199	461.396	47.399002	7183	-321.10599458508693	17239.169011902355	314	741	1330	0.06409167939991665	0.0024767098487907826	5.865451915018589e-4	0.062942050824573	0.0652413079752603
mean_skew	[1.5,Inf)	non-cCRE	CpG ti (non-CGI)	508	508	1119.397	2614.547525	505	-549.5589984171096	1856.0248446566557	4	37	23	2.203537401574803	0.2917443161526036	0.023964553718900546	2.156566876285758	2.250507926863848
mean_skew	[1.5,Inf)	non-cCRE	non-CpG ti	28233	28233	3840.008	628.475504	27940	-9684.312000834036	42586.88340104978	203	1049	322	0.13601133425424147	0.003761366264275955	3.650012051977913e-4	0.1352959318920538	0.13672673661642915
mean_skew	[1.5,Inf)	non-cCRE	non-CpG tv	13564	13564	869.248	85.225562	13464	-2401.6679888713415	17053.576053117853	161	693	245	0.06408493069890887	0.0021764996062696193	4.0057644307854134e-4	0.06329980087047493	0.06487006052734282
mean_skew	[1.5,Inf)	pELS	CpG ti (non-CGI)	106	106	179.412	367.489492	106	-81.71199940843509	365.4238909188628	4	22	33	1.6925660377358491	0.6078365146451032	0.0757252054598397	1.5441446350345633	1.840987440437135
mean_skew	[1.5,Inf)	pELS	non-CpG ti	2346	2346	319.032	51.185924	2344	355.2670014118776	6839.724284839617	196	610	569	0.13598976982097186	0.00332658241129028	0.0011907898922448128	0.13365582163217202	0.1383237180097717
mean_skew	[1.5,Inf)	pELS	non-CpG tv	1752	1752	157.632	24.234186	1749	462.8370000985451	5787.852946718644	159	540	529	0.08997260273972603	0.005740505245534841	0.0018101226726156287	0.0864247623013994	0.09352044317805266
