skew_type	skew_bin	ccre_class	cell_line	n	n_MR	sum_MR	sum_MR_sq	n_phyloP	sum_phyloP	sum_phyloP_sq	n_conserved	n_tf_chip_peak	n_tf_footprint	phyloP_mean	phyloP_var	phyloP_se	phyloP_lci	phyloP_uci	frac_conserved	frac_conserved_se	frac_conserved_lci	frac_conserved_uci
HepG2_skew	(-Inf,-1.5)	Inactive cCRE	H1	49351	49349	44132.979	96916.903161	49266	-6006.571003559279	163843.6483151144	2898	4643	17158	-0.12192122363413468	3.3108965762410465	0.008197834682966169	-0.13798897961274836	-0.10585346765552099	0.058823529411764705	0.0010600770165183815	0.05674577845938868	0.060901280364140734
HepG2_skew	(-Inf,-1.5)	Inactive cCRE	HCT116	47392	47391	43415.42	95410.545554	47301	-7620.998000485009	153832.50485815023	2553	4334	15668	-0.16111705884621907	3.226313574520913	0.008258822390669657	-0.1773043507319316	-0.14492976696050655	0.05397348893258071	0.0010389789257723627	0.05193709023806688	0.05600988762709454
HepG2_skew	(-Inf,-1.5)	Inactive cCRE	HepG2	46665	46664	43286.092	95374.038482	46577	-7745.196003582099	152948.66438562964	2490	4198	15310	-0.166287996298218	3.256199142503801	0.008361221383653708	-0.18267599021017927	-0.14990000238625673	0.05345986216372888	0.0010423118578838373	0.05141693092227656	0.0555027934051812
HepG2_skew	(-Inf,-1.5)	Inactive cCRE	K562	45979	45977	41598.719	91942.834965	45895	-6424.996009830271	150891.2267162845	2612	3982	15226	-0.13999337639896003	3.268221768238081	0.008438651895023495	-0.15653313411320607	-0.12345361868471398	0.056912517703453534	0.0010814269848725716	0.054792920813103295	0.059032114593803774
HepG2_skew	(-Inf,-1.5)	Inactive cCRE	MCF-7	49362	49360	43830.46	96038.907126	49280	-5375.514005263337	165053.48834619595	2918	4574	17344	-0.1090810471847268	3.337468732103851	0.008229496279350738	-0.12521085989225425	-0.09295123447719936	0.059212662337662335	0.0010632066305359801	0.057128777341811814	0.061296547333512856
HepG2_skew	(-Inf,-1.5)	Inactive cCRE	SK-N-SH	49639	49637	43886.635	96356.768959	49550	-5908.33600357885	161112.88459422986	2871	4505	17676	-0.11923987898241876	3.237368570993878	0.008083030986532262	-0.135082619716022	-0.10339713824881554	0.057941473259334006	0.0010495711385568208	0.055884313827762634	0.05999863269090538
HepG2_skew	(-Inf,-1.5)	Other cCREs	H1	2805	2805	1502.091	2664.999883	2798	2304.553995432683	20221.447021047148	529	483	1865	0.8236433150224028	6.551060610869091	0.04838736288921725	0.7288040837595371	0.9184825462852686	0.1890636168691923	0.0074024165259533176	0.1745548804783238	0.2035723532600608
HepG2_skew	(-Inf,-1.5)	Other cCREs	HCT116	2275	2274	1039.578	1979.889836	2273	1457.2519984300004	11517.713658486316	325	263	1576	0.6411139456357239	4.658208221825403	0.04526992040770484	0.5523849016366223	0.7298429896348254	0.14298284205895292	0.007342382464982019	0.12859177242758818	0.15737391169031767
HepG2_skew	(-Inf,-1.5)	Other cCREs	HepG2	3274	3273	1474.054	2683.117024	3270	2080.106996647199	17983.611831668906	486	445	2195	0.6361183475985318	5.096487490404878	0.039478587431254944	0.5587403162332721	0.7134963789637915	0.14862385321100918	0.006220583457588208	0.1364315096341363	0.16081619678788206
HepG2_skew	(-Inf,-1.5)	Other cCREs	K562	3584	3584	2374.578	4508.532396	3574	1362.774000875885	18191.421102522167	448	550	2146	0.3813021826737227	4.945925665126557	0.03720030651776709	0.3083895818988992	0.45421478344854616	0.12534974818130945	0.0055386213007170395	0.11449405043190405	0.13620544593071485
HepG2_skew	(-Inf,-1.5)	Other cCREs	MCF-7	1877	1877	1330.384	2656.213424	1867	586.8969998925456	10573.930082129138	252	256	1066	0.31435297262589484	5.567758448868005	0.05460947908199509	0.20731839362518448	0.42138755162660524	0.13497589716122121	0.007908061840369011	0.11947609595409796	0.15047569836834448
HepG2_skew	(-Inf,-1.5)	Other cCREs	SK-N-SH	2448	2448	1727.958	3252.037018	2443	1331.4570019737594	16332.270856570003	409	532	1303	0.5450090061292506	6.390915151195927	0.05114695605678518	0.4447609722579517	0.6452570400005496	0.16741711011051985	0.007553564253513258	0.15261212417363387	0.18222209604740583
HepG2_skew	(-Inf,-1.5)	PLS	H1	1276	1276	238.973	102.319855	1275	5527.221005541738	38474.59325922969	852	560	957	4.335075298464108	11.392208798236851	0.09452547658757048	4.149805364352471	4.520345232575746	0.668235294117647	0.01318635318963076	0.6423900418659707	0.6940805463693234
HepG2_skew	(-Inf,-1.5)	PLS	HCT116	1251	1251	279.526	195.592476	1251	5395.306003473351	37857.7759258884	836	563	922	4.312794567124981	11.671143604905398	0.09658908490541789	4.123479960710362	4.5021091735396	0.6682653876898481	0.01331193604745016	0.6421739930368457	0.6943567823428505
HepG2_skew	(-Inf,-1.5)	PLS	HepG2	1268	1268	273.982	187.919318	1267	5325.213008336724	36961.773275302374	822	569	945	4.203009477771684	11.516471192819955	0.09533917847612249	4.016144687958485	4.389874267584884	0.648776637726914	0.013410685936602685	0.6224916932911727	0.6750615821626552
HepG2_skew	(-Inf,-1.5)	PLS	K562	1329	1329	314.389	234.131225	1328	5261.099003288081	36754.20230557704	820	569	978	3.961670936210904	11.990549579293512	0.09502119920134021	3.7754293857762775	4.147912486645531	0.6174698795180723	0.013336493873197202	0.5913303515266057	0.6436094075095389
HepG2_skew	(-Inf,-1.5)	PLS	MCF-7	1226	1226	255.897	163.426635	1225	5376.201007739758	37488.503448314426	837	558	918	4.388735516522251	11.351126749742019	0.09626123787982757	4.200063490277789	4.577407542766713	0.683265306122449	0.013291514174022495	0.6572139383413649	0.709316673903533
HepG2_skew	(-Inf,-1.5)	PLS	SK-N-SH	1294	1294	243.986	100.02601	1293	5711.628005678415	39736.17718108912	878	572	959	4.417345712048272	11.22750905680399	0.09318423508331151	4.2347046112849815	4.599986812811562	0.6790409899458624	0.012982954019217823	0.6535944000681955	0.7044875798235293
HepG2_skew	(-Inf,-1.5)	dELS	H1	734	734	341.09	538.449856	734	907.2649995018731	6429.841701180151	182	128	493	1.2360558576319798	7.242034766877744	0.09933042021426483	1.0413682340120207	1.4307434812519388	0.24795640326975477	0.015939002655443887	0.21671595806508476	0.2791968484744248
HepG2_skew	(-Inf,-1.5)	dELS	HCT116	2786	2786	1327.508	2434.673898	2784	2899.040997923701	21398.773584974813	630	445	2011	1.041322197530065	6.604361423746731	0.0487058133956278	0.9458588032746346	1.1367855917854954	0.22629310344827586	0.007930293809602374	0.21074972758145522	0.2418364793150965
HepG2_skew	(-Inf,-1.5)	dELS	HepG2	2496	2496	1030.68	1780.675364	2496	2635.4389969548206	18231.20871608076	562	414	1724	1.0558649827543352	6.191799985976335	0.04980651661123921	0.9582442101963063	1.153485755312364	0.22516025641025642	0.00836044744423156	0.20877377941956254	0.2415467334009503
HepG2_skew	(-Inf,-1.5)	dELS	K562	2495	2495	1549.665	2952.526085	2495	1636.2639991182366	15939.028073684987	400	409	1668	0.6558172341155257	5.960680811347416	0.04887791347213735	0.5600165237101365	0.7516179445209149	0.16032064128256512	0.00734541240989693	0.14592363295916713	0.17471764960596312
HepG2_skew	(-Inf,-1.5)	dELS	MCF-7	1421	1421	691.118	1213.289298	1419	1571.668997558183	11604.273253484484	341	292	981	1.1075891455660205	6.95593069913005	0.07001424751376674	0.9703612204390377	1.2448170706930033	0.24031007751937986	0.011342609399646956	0.21807856309607182	0.2625415919426879
HepG2_skew	(-Inf,-1.5)	dELS	SK-N-SH	648	648	323.753	502.943975	648	1009.4379984749254	8013.612868400638	203	133	462	1.5577746890045145	9.955387796378705	0.12394858923033114	1.3148354541130656	1.8007139238959635	0.3132716049382716	0.01822071921637118	0.2775589952741841	0.3489842146023591
HepG2_skew	(-Inf,-1.5)	non-cCRE	H1	60719	60695	69196.262	159064.95171	60400	-32316.409951079768	122939.81600262182	474	2536	1323	-0.535039899852314	1.7491886829055079	0.005381456822417898	-0.5455875552242531	-0.524492244480375	0.007847682119205298	3.590388199731361e-4	0.007143966032057952	0.008551398206352645
HepG2_skew	(-Inf,-1.5)	non-cCRE	HCT116	60719	60695	69196.262	159064.95171	60400	-32316.409951079768	122939.81600262182	474	2536	1323	-0.535039899852314	1.7491886829055079	0.005381456822417898	-0.5455875552242531	-0.524492244480375	0.007847682119205298	3.590388199731361e-4	0.007143966032057952	0.008551398206352645
HepG2_skew	(-Inf,-1.5)	non-cCRE	HepG2	60719	60695	69196.262	159064.95171	60400	-32316.409951079768	122939.81600262182	474	2536	1323	-0.535039899852314	1.7491886829055079	0.005381456822417898	-0.5455875552242531	-0.524492244480375	0.007847682119205298	3.590388199731361e-4	0.007143966032057952	0.008551398206352645
HepG2_skew	(-Inf,-1.5)	non-cCRE	K562	60719	60695	69196.262	159064.95171	60400	-32316.409951079768	122939.81600262182	474	2536	1323	-0.535039899852314	1.7491886829055079	0.005381456822417898	-0.5455875552242531	-0.524492244480375	0.007847682119205298	3.590388199731361e-4	0.007143966032057952	0.008551398206352645
HepG2_skew	(-Inf,-1.5)	non-cCRE	MCF-7	60719	60695	69196.262	159064.95171	60400	-32316.409951079768	122939.81600262182	474	2536	1323	-0.535039899852314	1.7491886829055079	0.005381456822417898	-0.5455875552242531	-0.524492244480375	0.007847682119205298	3.590388199731361e-4	0.007143966032057952	0.008551398206352645
HepG2_skew	(-Inf,-1.5)	non-cCRE	SK-N-SH	60719	60695	69196.262	159064.95171	60400	-32316.409951079768	122939.81600262182	474	2536	1323	-0.535039899852314	1.7491886829055079	0.005381456822417898	-0.5455875552242531	-0.524492244480375	0.007847682119205298	3.590388199731361e-4	0.007143966032057952	0.008551398206352645
HepG2_skew	(-Inf,-1.5)	pELS	H1	651	651	155.4	134.691156	649	1802.308004516643	12571.177162152662	300	240	478	2.777053936081114	11.676034913856821	0.1341298207114798	2.5141594874866136	3.0399483846756143	0.4622496147919877	0.019570697114355134	0.42389104844785164	0.5006081811361237
HepG2_skew	(-Inf,-1.5)	pELS	HCT116	1113	1113	308.501	336.662147	1113	2404.1760020916113	16933.939431224317	417	449	774	2.160086255248528	10.558194149197726	0.09739737220524343	1.9691874057262506	2.350985104770805	0.3746630727762803	0.01450874677085657	0.3462259291054014	0.4031002164471592
HepG2_skew	(-Inf,-1.5)	pELS	HepG2	1114	1114	305.725	331.613723	1112	2239.214003077009	15415.44925004236	401	428	777	2.013681657443353	9.816728249285225	0.09395740008074274	1.8295251532850973	2.197838161601609	0.3606115107913669	0.01439957936398954	0.33238833523794736	0.3888346863447864
HepG2_skew	(-Inf,-1.5)	pELS	K562	1430	1430	533.182	719.33924	1430	2699.636007981724	19764.82926065533	481	544	933	1.887857348238968	10.264731690284478	0.08472386941795083	1.7217985641797844	2.0539161322981516	0.33636363636363636	0.012494002491149847	0.31187539148098264	0.3608518812462901
HepG2_skew	(-Inf,-1.5)	pELS	MCF-7	931	931	262.674	285.527428	931	2375.524001506505	16820.512328600107	413	374	642	2.5515832454420035	11.568994717430929	0.11147384234329889	2.3330945144491375	2.7700719764348696	0.44360902255639095	0.01628228619977752	0.411695741604827	0.4755223035079549
HepG2_skew	(-Inf,-1.5)	pELS	SK-N-SH	788	788	188.201	145.587949	788	2390.5899988854076	16345.76195843439	400	312	551	3.0337436534078774	11.554415147923049	0.12109072378051569	2.7964058347980667	3.271081472017688	0.5076142131979695	0.017809697059095964	0.4727072069621414	0.5425212194337976
HepG2_skew	[-0.05,0.05)	Inactive cCRE	H1	67030757	66994452	16978088.148999963	22817664.780925084	66883376	2173768.904407934	136783533.3482982	2972594	4487226	5041403	0.032500884889661276	2.0440488228256917	1.7481815772743813e-4	0.0321582413005155	0.03284352847880705	0.0444444371348719	2.5198667999179576e-5	0.04439504774559351	0.04449382652415029
HepG2_skew	[-0.05,0.05)	Inactive cCRE	HCT116	66580280	66544709	16899286.608999975	22726388.81269308	66433579	2286686.526248201	137173303.37558177	2989148	4401597	4953958	0.034420643305220704	2.0636340579806034	1.7624731859723785e-4	0.03407519856077012	0.03476608804967129	0.04499453506787584	2.54324961661485e-5	0.04494468737539019	0.04504438276036149
HepG2_skew	[-0.05,0.05)	Inactive cCRE	HepG2	66831476	66795005	16926428.495999973	22731771.75539008	66683191	2270392.9633532455	137493963.89039075	2995506	4426397	5076761	0.03404745527779625	2.0607391876049714	1.757937084650905e-4	0.033702899609204674	0.03439201094638782	0.04492145554342173	2.5365198618356844e-5	0.04487173975412975	0.04497117133271371
HepG2_skew	[-0.05,0.05)	Inactive cCRE	K562	65450763	65414530	16628962.879999977	22436223.950890087	65303992	2286167.929317963	134712087.25242192	2941320	4121152	4796669	0.03500808846904739	2.061620596561966	0.00017767834776352632	0.03465983890743088	0.0353563380306639	0.04504043183148742	2.566397360578575e-5	0.04499013044322008	0.04509073321975476
HepG2_skew	[-0.05,0.05)	Inactive cCRE	MCF-7	66766232	66730062	16829260.72299996	22549968.686291073	66616354	2466045.4692123984	137166926.55618766	2992183	4378675	5052008	0.037018619620227164	2.0576875014006952	1.757515970241771e-4	0.036674146490059775	0.03736309275039455	0.044916643141412395	2.5376624572518157e-5	0.04486690495725026	0.04496638132557453
HepG2_skew	[-0.05,0.05)	Inactive cCRE	SK-N-SH	66314495	66278557	16715816.092999963	22463795.369907074	66165048	1941431.8768749528	133217516.6348869	2871840	4222303	4898661	0.02934225751449546	2.0125512892148145	1.7440509278462266e-4	0.029000423532637598	0.029684091496353322	0.04340418524293975	2.505046122476787e-5	0.043355086338939204	0.043453284146940295
HepG2_skew	[-0.05,0.05)	Other cCREs	H1	1793712	1793038	403276.025	426207.264609	1789936	41189.53172208751	5774566.687480475	115588	281051	475185	0.023011734342505825	3.2256025190405206	0.0013424146201056347	0.02038060168709878	0.02564286699791287	0.06457661056037758	1.837058490880611e-4	0.06421654709616498	0.06493667402459019
HepG2_skew	[-0.05,0.05)	Other cCREs	HCT116	1466548	1465692	309473.13300000003	323809.556173	1462578	-34797.741077250466	3431025.4731380777	66534	175273	355254	-0.02379205832253081	2.3453107516752114	0.0012663118734167157	-0.02627402959442757	-0.021310087050634047	0.04549090715161858	1.7230299059195522e-4	0.045153193290058354	0.04582862101317881
HepG2_skew	[-0.05,0.05)	Other cCREs	HepG2	1402081	1401614	313643.949	340647.712129	1399630	-44406.8330949161	3707324.439603725	67984	203067	337420	-0.03172755163501504	2.6477841767452364	0.0013754178931889784	-0.03442337070566544	-0.029031732564364643	0.04857283710694969	1.8170960624677712e-4	0.04821668627870601	0.048928987935193374
HepG2_skew	[-0.05,0.05)	Other cCREs	K562	2030349	2029865	470291.698	526725.590818	2027473	-64587.12108784297	4777263.083821658	90785	285948	447303	-0.03185597099830329	2.3552510704786154	0.0010778071622168052	-0.03396847303624823	-0.029743468960358354	0.04477741503832604	1.452460266525895e-4	0.04449273282608696	0.04506209725056511
HepG2_skew	[-0.05,0.05)	Other cCREs	MCF-7	1626221	1625512	440273.555	566255.682571	1625143	-235999.73406517613	4295891.064020979	71053	235007	319882	-0.14521782640984587	2.622306048091018	0.001270269579011694	-0.1477075547847088	-0.14272809803498296	0.04372107562226832	1.6039540421700362e-4	0.043406700630002994	0.04403545061453364
HepG2_skew	[-0.05,0.05)	Other cCREs	SK-N-SH	2263302	2262319	622225.872	764753.199964	2261679	141930.27838894198	7927393.344982501	177226	425809	499957	0.06275438662557417	3.5011556010265856	0.001244200075719241	0.06031575447716446	0.06519301877398388	0.07836036855804913	1.7869537943206496e-4	0.07801012561436228	0.07871061150173599
HepG2_skew	[-0.05,0.05)	PLS	H1	366355	366252	58941.888	22932.311188	366217	72839.1580300281	2155849.644724027	47932	151942	182881	0.19889616820089756	5.84726558997115	0.003995831442240721	0.19106433857410574	0.20672799782768939	0.13088414792322584	5.573308846918075e-4	0.1297917793892299	0.13197651645722178
HepG2_skew	[-0.05,0.05)	PLS	HCT116	342539	342429	55777.351	23132.205341	342460	51963.01302766577	1954872.394286846	42347	147094	172317	0.1517345471811767	5.685316519743746	0.004074481947588492	0.14374856256390325	0.15972053179845017	0.12365531740933247	5.62521271858564e-4	0.12255277571648969	0.12475785910217525
HepG2_skew	[-0.05,0.05)	PLS	HepG2	317940	317855	51853.004	22553.22982	317802	37206.59102876753	1864778.8813807508	38589	137794	158551	0.11707475418269088	5.854049952272277	0.004291903009074127	0.10866262428490558	0.12548688408047617	0.12142466063775559	5.793815224761096e-4	0.12028907285370241	0.12256024842180877
HepG2_skew	[-0.05,0.05)	PLS	K562	361353	361244	59471.346	25581.459968	361174	52827.44499663656	1981118.5425238032	43071	154186	177324	0.14626591337315686	5.463840564023888	0.003889473075950099	0.13864254614429466	0.15388928060201906	0.11925277013295531	5.392642641375476e-4	0.11819581217524572	0.1203097280906649
HepG2_skew	[-0.05,0.05)	PLS	MCF-7	366485	366360	60595.634	25130.305224	366347	75663.714054921307	2027482.8024592523	47149	155239	184565	0.20653564531692986	5.491681493587602	0.0038717414753512555	0.1989470320252414	0.21412425860861833	0.12870038515396603	5.532575695841629e-4	0.12761600031758108	0.129784769990351
HepG2_skew	[-0.05,0.05)	PLS	SK-N-SH	409019	408867	67321.96399999999	26985.277006	408809	103196.9430111888	2337187.0703912573	54793	169830	200676	0.25243314851480475	5.65335497629655	0.0037187150701283754	0.24514446697735315	0.25972183005225635	0.13403080656247784	5.32835697199243e-4	0.13298644859596734	0.13507516452898835
HepG2_skew	[-0.05,0.05)	dELS	H1	299504	299475	71263.534	81195.444674	299365	65801.33896598314	1207724.09571224	27556	48700	85800	0.21980304633468556	3.985986160508998	0.0036489455375282786	0.21265111308113013	0.22695497958824098	0.09204816862358658	5.283703864085421e-4	0.09101256266622584	0.09308377458094733
HepG2_skew	[-0.05,0.05)	dELS	HCT116	825545	825188	199305.809	240958.631607	824882	33523.41895039918	2543241.468723529	49077	135650	221002	0.040640260001308284	3.081510021762232	0.0019327953799500653	0.036851981056606156	0.04442853894601041	0.05949578242706229	2.604519122808965e-4	0.05898529667899174	0.06000626817513285
HepG2_skew	[-0.05,0.05)	dELS	HepG2	746153	746088	183684.827	223225.377629	745789	74313.38087220732	2316193.7174151894	49985	127411	164508	0.09964397553759484	3.095770965354019	0.0020374005762310364	0.09565067040818201	0.10363728066700767	0.0670229783491041	2.8956052046649045e-4	0.06645543972898978	0.06759051696921843
HepG2_skew	[-0.05,0.05)	dELS	K562	954233	954122	232042.986	277245.889124	953460	15271.961907144658	2702428.473290775	49073	149234	200352	0.016017412274395	2.83408500625687	0.0017240712000978402	0.012638232722203234	0.01939659182658677	0.05146833637488725	2.2627925634925662e-4	0.05102482903244271	0.05191184371733179
HepG2_skew	[-0.05,0.05)	dELS	MCF-7	505376	505325	138758.942	177655.784148	504965	3803.1989525844	1785349.6587928685	34903	103042	147816	0.007531609027525472	3.5355411763715905	0.0026460455197894273	0.0023453598087381945	0.01271785824631275	0.06911964195538305	3.5695793000328286e-4	0.06842000441257662	0.06981927949818947
HepG2_skew	[-0.05,0.05)	dELS	SK-N-SH	296921	296912	74150.431	81736.361885	296741	92415.99385210728	1632555.2859409738	36725	58013	102043	0.3114365519160051	5.404642338322379	0.004267708044985823	0.3030718441478329	0.31980125968417733	0.12376112502148338	6.045254720717292e-4	0.12257625509622279	0.12494599494674398
HepG2_skew	[-0.05,0.05)	non-cCRE	H1	298342156	298179695	69826707.45299962	91479894.6860742	294785594	-29423331.298912425	335256834.6967356	4180676	6322109	1003583	-0.09981264993197878	1.127327867851278	6.184035777508613e-5	-0.09993385703321794	-0.09969144283073961	0.014182090594291388	6.886766393855695e-6	0.014168592532159432	0.014195588656423345
HepG2_skew	[-0.05,0.05)	non-cCRE	HCT116	298342156	298179695	69826707.45299962	91479894.6860742	294785594	-29423331.298912425	335256834.6967356	4180676	6322109	1003583	-0.09981264993197878	1.127327867851278	6.184035777508613e-5	-0.09993385703321794	-0.09969144283073961	0.014182090594291388	6.886766393855695e-6	0.014168592532159432	0.014195588656423345
HepG2_skew	[-0.05,0.05)	non-cCRE	HepG2	298342156	298179695	69826707.45299962	91479894.6860742	294785594	-29423331.298912425	335256834.6967356	4180676	6322109	1003583	-0.09981264993197878	1.127327867851278	6.184035777508613e-5	-0.09993385703321794	-0.09969144283073961	0.014182090594291388	6.886766393855695e-6	0.014168592532159432	0.014195588656423345
HepG2_skew	[-0.05,0.05)	non-cCRE	K562	298342156	298179695	69826707.45299962	91479894.6860742	294785594	-29423331.298912425	335256834.6967356	4180676	6322109	1003583	-0.09981264993197878	1.127327867851278	6.184035777508613e-5	-0.09993385703321794	-0.09969144283073961	0.014182090594291388	6.886766393855695e-6	0.014168592532159432	0.014195588656423345
HepG2_skew	[-0.05,0.05)	non-cCRE	MCF-7	298342156	298179695	69826707.45299962	91479894.6860742	294785594	-29423331.298912425	335256834.6967356	4180676	6322109	1003583	-0.09981264993197878	1.127327867851278	6.184035777508613e-5	-0.09993385703321794	-0.09969144283073961	0.014182090594291388	6.886766393855695e-6	0.014168592532159432	0.014195588656423345
HepG2_skew	[-0.05,0.05)	non-cCRE	SK-N-SH	298342156	298179695	69826707.45299962	91479894.6860742	294785594	-29423331.298912425	335256834.6967356	4180676	6322109	1003583	-0.09981264993197878	1.127327867851278	6.184035777508613e-5	-0.09993385703321794	-0.09969144283073961	0.014182090594291388	6.886766393855695e-6	0.014168592532159432	0.014195588656423345
HepG2_skew	[-0.05,0.05)	pELS	H1	260682	260605	42009.154	20767.886	260611	63226.41405215525	1215481.0474942478	27643	103179	106051	0.24260838587839825	4.605125625402613	0.004203628904962105	0.23436927322467252	0.25084749853212396	0.10606996634831224	6.031864938231475e-4	0.10488772082041888	0.10725221187620561
HepG2_skew	[-0.05,0.05)	pELS	HCT116	536098	535804	89735.848	54478.481582	536006	79450.13002917432	2034712.1119789905	44207	212484	188789	0.148226195283587	3.7740982294754333	0.0026535163879711655	0.1430253031631635	0.15342708740401048	0.08247482304302564	3.7573778054273533e-4	0.08173837699316187	0.08321126909288941
HepG2_skew	[-0.05,0.05)	pELS	HepG2	453360	453260	77968.474	50569.612428	453093	79319.24501888115	1754893.894918851	39249	177429	154080	0.17506173129772729	3.8425046801987612	0.0029121485599445975	0.16935392012023587	0.1807695424752187	0.08662460024763129	4.178800140298724e-4	0.08580555542013274	0.08744364507512983
HepG2_skew	[-0.05,0.05)	pELS	K562	954312	954061	162809.84	102990.796596	953406	127145.13204428418	2964257.4716510344	67064	361578	269672	0.1333588545113878	3.0913426534210644	0.0018006720882712008	0.12982953721837623	0.13688817180439936	0.0703414914527494	2.6189582192199265e-4	0.0698281756417823	0.0708548072637165
HepG2_skew	[-0.05,0.05)	pELS	MCF-7	486696	486563	84689.896	49757.229162	486696	107312.6990234588	1861504.7422484031	46025	200135	187049	0.22049225599441705	3.776170133541275	0.002785459754905792	0.2150327548748017	0.2259517571140324	0.09456621792659073	4.194377053016764e-4	0.09374412002419945	0.09538831582898201
HepG2_skew	[-0.05,0.05)	pELS	SK-N-SH	467273	467167	74064.39	31497.478634	467228	137850.25505099542	2022502.487507584	50729	196143	189983	0.29503851449612484	4.241688414912722	0.0030130403722167043	0.2891329553665801	0.30094407362566955	0.10857440050681894	4.5513668323286376e-4	0.10768233260768252	0.10946646840595535
HepG2_skew	[-0.2,-0.05)	Inactive cCRE	H1	18099113	18089184	8182614.125999999	14906165.66466001	18052792	-816224.0007111998	41401223.79931517	808020	1510037	2182482	-0.04521317260572214	2.291297767901156	3.562612413720089e-4	-0.04591144463881128	-0.04451490057263301	0.044758727625067635	4.866572706590652e-5	0.044663342800018456	0.04485411245011681
HepG2_skew	[-0.2,-0.05)	Inactive cCRE	HCT116	18037840	18028076	8154783.922999998	14838820.513225012	17991723	-758483.1566467574	41819207.02602807	820374	1494917	2161226	-0.0421573384965274	2.3225809844577077	3.5929324729574064e-4	-0.04286155326122705	-0.041453123731827746	0.04559730049200957	4.918118825024153e-5	0.0455009053630391	0.045693695620980045
HepG2_skew	[-0.2,-0.05)	Inactive cCRE	HepG2	18011882	18001940	8133156.710999999	14799051.69309101	17965251	-763255.6895948228	41712903.11778671	818720	1487362	2204239	-0.04248511137388633	2.320061013056179	3.5936275034502646e-4	-0.04318946236456258	-0.04178076038321008	0.04557242200512534	4.920462206272504e-5	0.0454759809458824	0.04566886306436828
HepG2_skew	[-0.2,-0.05)	Inactive cCRE	K562	17578627	17568838	7981634.386	14597763.68434801	17532796	-763878.216801298	40661471.983255446	796597	1376068	2061525	-0.043568533895067166	2.3172683493575916	3.6354868247693846e-4	-0.04428108931272196	-0.04285597847741237	0.04543468138225073	4.973601431093554e-5	0.0453371987942013	0.04553216397030016
HepG2_skew	[-0.2,-0.05)	Inactive cCRE	MCF-7	17985001	17975218	8083063.205999998	14705744.657842012	17937869	-695992.5976707948	41469399.928714864	814228	1458201	2186462	-0.038800182879627165	2.3103300397038473	3.5888192725222625e-4	-0.03950359145704153	-0.0380967743022128	0.04539156797276198	4.914901307748671e-5	0.04529523590713011	0.045487900038393855
HepG2_skew	[-0.2,-0.05)	Inactive cCRE	SK-N-SH	17781847	17772083	8023999.885999999	14666671.524122013	17734857	-930418.444543865	39760102.523587614	761423	1387372	2108431	-0.052462697869166075	2.239166208163157	3.553279090127589e-4	-0.053159140570831084	-0.051766255167501066	0.04293369830949299	4.813448361720523e-5	0.04283935472160327	0.04302804189738271
HepG2_skew	[-0.2,-0.05)	Other cCREs	H1	803626	803416	265058.504	362454.359366	802210	69475.07293486531	2873310.873104884	63342	140071	285114	0.08660459597220842	3.574248122974462	0.0021108059669029135	0.08246741627707871	0.09074177566733813	0.07895937472731579	3.0109060740899615e-4	0.07836923713679415	0.07954951231783743
HepG2_skew	[-0.2,-0.05)	Other cCREs	HCT116	565313	565096	186087.666	267996.957148	563870	16556.074925247805	1642157.7181917722	35187	74373	193836	0.029361510499313327	2.911441499397958	0.002272294093011387	0.02490781407701101	0.033815206921615645	0.062402681469132956	3.221219427527299e-4	0.061771322461337604	0.0630340404769283
HepG2_skew	[-0.2,-0.05)	Other cCREs	HepG2	625414	625245	215130.246	311856.40856	624480	19875.643915782795	1921482.3663159292	39979	98355	200533	0.03182751075419997	3.0759237284927963	0.0022193638829308268	0.02747755754365555	0.03617746396474439	0.06401966436074814	3.097638916169052e-4	0.063412527133179	0.06462680158831728
HepG2_skew	[-0.2,-0.05)	Other cCREs	K562	828363	828109	302155.165	445921.463125	827087	-1540.028989653108	2350016.000544255	48325	131199	258277	-0.0018619915313057853	2.8413165414761203	0.0018534642449003604	-0.005494781451310491	0.0017707983886989208	0.05842795256121786	2.5790604118974765e-4	0.05792245672048596	0.058933448401949765
HepG2_skew	[-0.2,-0.05)	Other cCREs	MCF-7	690423	690114	283125.341	448943.246655	689916	-76800.08304907735	2127210.7561268406	38663	111612	188523	-0.11131801994601857	3.070902245856559	0.0021097689070315533	-0.11545316700380041	-0.10718287288823673	0.05604015561314711	2.769034188196915e-4	0.055497424912260514	0.05658288631403371
HepG2_skew	[-0.2,-0.05)	Other cCREs	SK-N-SH	1001923	1001559	400338.856	595642.079714	1001189	82367.01085065375	3792974.0751638776	86286	205214	292845	0.08226919278043782	3.781705141960807	0.0019435056044359168	0.07845992179574342	0.08607846376513222	0.08618352778546308	2.80468175971911e-4	0.08563381016055813	0.08673324541036803
HepG2_skew	[-0.2,-0.05)	PLS	H1	233801	233732	41524.765	17530.948739	233688	150690.00502039405	1589200.1175502727	43762	97361	130201	0.6448341593081118	6.384737083563963	0.005227009666327487	0.63458922036211	0.6550790982541137	0.18726678306117558	8.070234868230896e-4	0.18568501702700232	0.18884854909534884
HepG2_skew	[-0.2,-0.05)	PLS	HCT116	217082	217010	39400.68	18262.871732	217017	129127.04802679348	1419073.3064017051	39005	92926	121679	0.5950089072597698	6.184988953153698	0.0053385410478742285	0.5845453668059364	0.6054724477136033	0.17973246335540533	8.242218957696141e-4	0.1781169884396969	0.18134793827111376
HepG2_skew	[-0.2,-0.05)	PLS	HepG2	202187	202130	37262.683	18809.149813	202074	113344.30399768804	1340135.7707440895	35759	87425	112129	0.5609049358041511	6.317322904032207	0.0055912809973800714	0.5499460250492861	0.5718638465590161	0.17695992557182022	8.489707650822554e-4	0.175295942872259	0.17862390827138144
HepG2_skew	[-0.2,-0.05)	PLS	K562	225835	225766	41670.866	20176.701898	225731	129788.35201514726	1431602.87014484	39457	96511	124884	0.574969109316608	6.011511881393791	0.0051605531120165575	0.5648544252170556	0.5850837934161605	0.17479654987573706	7.993764377076767e-4	0.17322977205783002	0.1763633276936441
HepG2_skew	[-0.2,-0.05)	PLS	MCF-7	235339	235264	43080.658	19595.1028	235226	152240.48903801615	1532775.8637028737	43694	99499	131888	0.6472094455460542	6.097329710714929	0.005091282298698412	0.6372305322406053	0.6571883588515031	0.18575327557327848	8.018693039818129e-4	0.18418161173747413	0.18732493940908282
HepG2_skew	[-0.2,-0.05)	PLS	SK-N-SH	260372	260282	47452.778	20646.407316	260245	179056.20904070104	1718117.515816737	49502	108118	143325	0.6880293916912948	6.128562353913689	0.0048527521133574034	0.6785179975491143	0.6975407858334753	0.19021306845472535	7.693329980589011e-4	0.1887051757785299	0.1917209611309208
HepG2_skew	[-0.2,-0.05)	dELS	H1	140446	140423	49178.217	70255.736825	140338	41372.82897022773	640914.3012920935	15312	25684	54309	0.29480845508862696	4.480053310963855	0.00565007157513958	0.28373431480135336	0.30588259537590057	0.10910801065997805	8.322488508989197e-4	0.10747680291221617	0.11073921840773993
HepG2_skew	[-0.2,-0.05)	dELS	HCT116	346031	345882	131859.518	205931.445042	345713	34483.77793121559	1227613.3620289434	26448	64279	129706	0.09974683604960065	3.5410217588202535	0.003200416069006614	0.09347402055434768	0.10601965154485361	0.076502763853254	4.520625258795899e-4	0.07561672130253	0.077388806403978
HepG2_skew	[-0.2,-0.05)	dELS	HepG2	352530	352493	130451.167	200953.199129	352349	59384.09693475789	1259190.5619457508	29403	65026	107124	0.1685377195188801	3.5453077686624552	0.003172053105508691	0.16232049543208307	0.17475494360567714	0.08344851269621881	4.6590912026672277e-4	0.08253533082049604	0.08436169457194158
HepG2_skew	[-0.2,-0.05)	dELS	K562	388911	388826	151751.11	235328.028532	388529	18997.42099667024	1255629.448297768	24975	69405	119811	0.04889576066823902	3.2293697106705332	0.0028830167369459747	0.04324504786382491	0.05454647347265314	0.06428091596766265	3.93461326384233e-4	0.06350973176794955	0.06505210016737575
HepG2_skew	[-0.2,-0.05)	dELS	MCF-7	252550	252506	102334.008	158766.446598	252315	21610.214916469653	977998.7617973386	21355	54806	95137	0.0856477613953576	3.868782133636938	0.0039157558177935585	0.07797287999248222	0.09332264279823298	0.08463626815686741	5.541196720385225e-4	0.0835501935996719	0.08572234271406291
HepG2_skew	[-0.2,-0.05)	dELS	SK-N-SH	137629	137623	49775.436	67159.892696	137512	52559.7489146177	784882.8983627079	18860	30153	60413	0.38221936205289503	5.561689935080847	0.006359648128396037	0.3697544517212388	0.3946842723845513	0.1371516667636279	9.276784710210342e-4	0.13533341696042667	0.1389699165668291
HepG2_skew	[-0.2,-0.05)	non-cCRE	H1	44212274	44186224	20108115.43099999	38852006.15403698	43677507	-7731343.610536332	59986480.17665458	651121	1322863	368472	-0.177009727467649	1.342062826370965	1.7529014591098605e-4	-0.17735329615363454	-0.17666615878166347	0.014907467131766472	1.8336292271404424e-5	0.01487152799891452	0.014943406264618424
HepG2_skew	[-0.2,-0.05)	non-cCRE	HCT116	44212274	44186224	20108115.43099999	38852006.15403698	43677507	-7731343.610536332	59986480.17665458	651121	1322863	368472	-0.177009727467649	1.342062826370965	1.7529014591098605e-4	-0.17735329615363454	-0.17666615878166347	0.014907467131766472	1.8336292271404424e-5	0.01487152799891452	0.014943406264618424
HepG2_skew	[-0.2,-0.05)	non-cCRE	HepG2	44212274	44186224	20108115.43099999	38852006.15403698	43677507	-7731343.610536332	59986480.17665458	651121	1322863	368472	-0.177009727467649	1.342062826370965	1.7529014591098605e-4	-0.17735329615363454	-0.17666615878166347	0.014907467131766472	1.8336292271404424e-5	0.01487152799891452	0.014943406264618424
HepG2_skew	[-0.2,-0.05)	non-cCRE	K562	44212274	44186224	20108115.43099999	38852006.15403698	43677507	-7731343.610536332	59986480.17665458	651121	1322863	368472	-0.177009727467649	1.342062826370965	1.7529014591098605e-4	-0.17735329615363454	-0.17666615878166347	0.014907467131766472	1.8336292271404424e-5	0.01487152799891452	0.014943406264618424
HepG2_skew	[-0.2,-0.05)	non-cCRE	MCF-7	44212274	44186224	20108115.43099999	38852006.15403698	43677507	-7731343.610536332	59986480.17665458	651121	1322863	368472	-0.177009727467649	1.342062826370965	1.7529014591098605e-4	-0.17735329615363454	-0.17666615878166347	0.014907467131766472	1.8336292271404424e-5	0.01487152799891452	0.014943406264618424
HepG2_skew	[-0.2,-0.05)	non-cCRE	SK-N-SH	44212274	44186224	20108115.43099999	38852006.15403698	43677507	-7731343.610536332	59986480.17665458	651121	1322863	368472	-0.177009727467649	1.342062826370965	1.7529014591098605e-4	-0.17735329615363454	-0.17666615878166347	0.014907467131766472	1.8336292271404424e-5	0.01487152799891452	0.014943406264618424
HepG2_skew	[-0.2,-0.05)	pELS	H1	139702	139679	27130.493	16927.453489	139670	76879.3460306572	745084.5211739108	20503	56082	68860	0.5504356413736464	5.0316633543101155	0.006002113750431261	0.5386714984228012	0.5621997843244917	0.1467960191880862	9.469608168801703e-4	0.1449399759870011	0.14865206238917134
HepG2_skew	[-0.2,-0.05)	pELS	HCT116	250422	250370	53374.318	42322.375932	250375	100509.50800844454	1141682.1997858032	29925	102740	114519	0.4014358782164535	4.398755770045331	0.004191499740554533	0.3932205387249666	0.4096512177079404	0.11952071892161757	6.483144293330104e-4	0.11825002264012487	0.12079141520311028
HepG2_skew	[-0.2,-0.05)	pELS	HepG2	224675	224626	49505.298	42663.712486	224544	92844.89699153855	1016021.7956438272	27078	91067	96941	0.4134819767686447	4.353874777227011	0.004403390890077461	0.40485133062409284	0.4221126229131965	0.12059106455750321	6.872302601755015e-4	0.11924409324755922	0.1219380358674472
HepG2_skew	[-0.2,-0.05)	pELS	K562	394952	394895	88294.578	74144.285176	394555	138825.7250240781	1551013.3101939938	41585	156052	156469	0.3518539241020342	3.8072530859602542	0.003106362237056426	0.3457654541174036	0.3579423940866648	0.10539721965251993	4.888503419982059e-4	0.10443907298220344	0.10635536632283642
HepG2_skew	[-0.2,-0.05)	pELS	MCF-7	253375	253332	53902.892	40284.709184	253372	121135.22901033054	1142348.302094404	32999	105117	118956	0.4780924056735967	4.280026005521678	0.004110019611021449	0.47003676723599463	0.4861480441111987	0.13023933189144815	6.686389198560437e-4	0.1289287996085303	0.131549864174366
HepG2_skew	[-0.2,-0.05)	pELS	SK-N-SH	234917	234887	43939.149	23214.259231	234895	138628.72798283788	1193656.5995053845	34868	98378	115952	0.5901731751754523	4.733376088538741	0.004488989815112205	0.5813747551378324	0.5989715952130722	0.14844079269460822	7.335794735330561e-4	0.14700297692648343	0.14987860846273302
HepG2_skew	[-0.5,-0.2)	Inactive cCRE	H1	3542806	3541198	1873632.303	3602210.761591	3532997	-239905.22601046396	9199721.383000812	176026	335389	676967	-0.06790416918283937	2.599332356432317	8.577471271049602e-4	-0.06958535355196509	-0.06622298481371365	0.0498234218710064	1.1575701038098134e-4	0.04959653813065967	0.050050305611353124
HepG2_skew	[-0.5,-0.2)	Inactive cCRE	HCT116	3525267	3523689	1863375.705	3575616.168251	3515484	-239793.33093884704	9222780.52195628	176409	333031	667485	-0.06821061650084229	2.618821957329946	8.630986234383445e-4	-0.06990228980278144	-0.06651894319890313	0.05018057257549743	1.1643827625301558e-4	0.04995235355404152	0.050408791596953335
HepG2_skew	[-0.5,-0.2)	Inactive cCRE	HepG2	3501893	3500293	1853548.128	3558609.655386	3492018	-232816.52395658675	9218680.649259713	176563	327919	678684	-0.06667105494776566	2.6354850294251877	8.687444437296396e-4	-0.06837379405747576	-0.06496831583805557	0.05056188141069147	1.1724834144223962e-4	0.05033207466146468	0.05079168815991826
HepG2_skew	[-0.5,-0.2)	Inactive cCRE	K562	3419850	3418300	1816063.914	3506426.39463	3410252	-238172.9940092072	8921939.011722252	170411	303725	635794	-0.06984029157059572	2.611334162903671	8.750603161118819e-4	-0.07155540979017501	-0.06812517335101644	0.04997020748026832	1.1798612898930698e-4	0.04973895466744928	0.05020146029308736
HepG2_skew	[-0.5,-0.2)	Inactive cCRE	MCF-7	3515969	3514429	1845346.57	3542112.645276	3505986	-213286.8449620139	9179639.219683263	176119	322093	679827	-0.06083505323809448	2.614575904664456	8.635660066797062e-4	-0.0625276426111867	-0.05914246386500226	0.05023380013496916	1.1665444259586358e-4	0.05000515742748127	0.05046244284245706
HepG2_skew	[-0.5,-0.2)	Inactive cCRE	SK-N-SH	3484825	3483280	1839143.739	3548225.781213	3474885	-288601.4639546684	8721380.314830702	161894	306637	664619	-0.08305352952821989	2.5029356216271554	8.487008192943588e-4	-0.08471698313403683	-0.08139007592240294	0.046589743257690545	1.130615279304255e-4	0.046368142662946914	0.04681134385243418
HepG2_skew	[-0.5,-0.2)	Other cCREs	H1	229089	229054	79980.314	112671.704258	228733	70969.2459455525	1035904.5860944916	26025	42268	111305	0.31027112810811075	4.432632417387961	0.004402166312987855	0.30164288213465457	0.31889937408156693	0.11377894750648136	6.639533619473931e-4	0.11247759891706448	0.11508029609589825
HepG2_skew	[-0.5,-0.2)	Other cCREs	HCT116	160741	160699	56311.201	84454.293929	160421	59389.165908865405	730538.6576730389	18581	21692	78971	0.37020817666555755	4.416857641492517	0.0052471815557147035	0.3599237008163567	0.3804926525147584	0.11582648157036797	7.989913435859202e-4	0.11426045853693957	0.11739250460379637
HepG2_skew	[-0.5,-0.2)	Other cCREs	HepG2	189052	189007	68081.729	102914.577439	188786	57381.429935477776	797808.9916203964	20060	30805	83336	0.3039496039721048	4.133633120831395	0.004679301962786502	0.29477817212504326	0.31312103581916634	0.10625787929189665	7.092539981455022e-4	0.10486774145553146	0.10764801712826183
HepG2_skew	[-0.5,-0.2)	Other cCREs	K562	232452	232379	92663.022	142050.778078	232031	51466.31294881973	937911.1420976656	22512	38716	103599	0.22180791768694583	3.9929987777074656	0.004148361382844344	0.2136771293765709	0.22993870599732075	0.09702151867638376	6.144686479011871e-4	0.09581716012649744	0.09822587722627008
HepG2_skew	[-0.5,-0.2)	Other cCREs	MCF-7	187219	187128	81904.336	133597.389858	187043	20123.89693924842	769197.2857193556	17208	32089	74612	0.10758968226155709	4.100855219906745	0.0046823781946451724	0.09841222100005255	0.11676714352306163	0.09200023524002503	6.682925306304077e-4	0.09069038187998943	0.09331008860006063
HepG2_skew	[-0.5,-0.2)	Other cCREs	SK-N-SH	257827	257728	108782.355	165503.60361700002	257593	74293.80993882513	1237427.485996029	31032	56143	104794	0.2884154846553483	4.720643501334011	0.004280885120995572	0.280024949818197	0.2968060194924996	0.12046911212649412	6.413518830339317e-4	0.11921206243574761	0.12172616181724064
HepG2_skew	[-0.5,-0.2)	PLS	H1	86178	86159	15002.778	6200.511482	86133	129559.11896873685	897695.2258359828	26660	36443	54207	1.504175158983628	8.15975035368277	0.00973315521059616	1.4850981747708596	1.5232521431963966	0.30952132167694146	0.001575199752146007	0.3064339301627353	0.31260871319114764
HepG2_skew	[-0.5,-0.2)	PLS	HCT116	79795	79774	14209.979	6552.934299	79775	117080.21798373248	813525.8096646178	24366	34389	50550	1.4676304353962077	8.043915541014234	0.010041540507787126	1.447949016000945	1.4873118547914705	0.3054340332184268	0.0016307299846771456	0.3022378024484596	0.30863026398839405
HepG2_skew	[-0.5,-0.2)	PLS	HepG2	74931	74918	13593.26	6945.118104	74886	107818.86296019614	765747.3224510152	22566	32660	46870	1.4397732948774957	8.15266879718059	0.010433969981652868	1.419322713713456	1.4602238760415354	0.3013380338113933	0.0016767187048924862	0.298051665149804	0.30462440247298256
HepG2_skew	[-0.5,-0.2)	PLS	K562	81770	81755	14763.752	7131.942566	81744	116800.49396498868	810238.047254014	24274	35167	51447	1.4288570900003508	7.870359949311826	0.00981226694828039	1.4096250467817213	1.4480891332189803	0.2969514582110002	0.0015981128529329654	0.2938191570192516	0.30008375940274884
HepG2_skew	[-0.5,-0.2)	PLS	MCF-7	86270	86255	15336.393	6820.220393	86225	129947.75295628984	879158.6840250769	26717	36854	54422	1.507077448028876	7.92490902907108	0.009586951742448953	1.488287022613676	1.525867873444076	0.309852131052479	0.0015748228871673986	0.30676547819363087	0.3129387839113271
HepG2_skew	[-0.5,-0.2)	PLS	SK-N-SH	94139	94118	16589.985	6851.092017	94091	143933.92195999282	967147.4568353652	29342	39525	58743	1.5297310259216377	7.938859291429274	0.009185546714060466	1.511727354362079	1.5477346974811963	0.31184704169367955	0.0015102166803398682	0.3088870170002134	0.3148070663871457
HepG2_skew	[-0.5,-0.2)	dELS	H1	41330	41324	15176.512	22017.306946	41276	20308.47900438436	226769.82991331216	5826	7921	21092	0.49201664416087704	5.252034408856773	0.0112801527185853	0.46990754483244984	0.5141257434893042	0.14114739800368253	0.0017137479734475557	0.1377884519757253	0.14450634403163976
HepG2_skew	[-0.5,-0.2)	dELS	HCT116	103520	103497	42179.209	68410.676793	103380	29100.02295120363	445770.6704746358	11095	20192	50549	0.28148600262336654	4.232768950539793	0.006398733423334948	0.26894448511363006	0.294027520133103	0.10732249951634745	9.626633099007e-4	0.10543567942894208	0.10920931960375282
HepG2_skew	[-0.5,-0.2)	dELS	HepG2	109140	109133	41731.703	66281.489567	109090	37576.90298529297	474407.4668864196	12345	20850	44221	0.3444578145136398	4.230158943687398	0.006227100458771764	0.33225269761444715	0.3566629314128325	0.11316344302869191	9.591408740849745e-4	0.11128352691548536	0.11504335914189846
HepG2_skew	[-0.5,-0.2)	dELS	K562	105678	105659	44842.373	72019.659707	105569	19516.497010413208	419046.4706089672	9523	20376	45398	0.18486958302544504	3.9352688688289517	0.006105468586966582	0.17290286459499055	0.19683630145589953	0.09020640528943155	8.817021948348175e-4	0.08847826898755531	0.09193454159130779
HepG2_skew	[-0.5,-0.2)	dELS	MCF-7	77799	77777	33351.113	53345.056639	77730	20677.932978775927	368130.602617359	9008	17230	37434	0.2660225521520124	4.665309036693085	0.007747219748140337	0.2508380014456574	0.2812071028583675	0.11588833140357649	0.0011480983222133358	0.11363805869203836	0.11813860411511462
HepG2_skew	[-0.5,-0.2)	dELS	SK-N-SH	38930	38926	15088.605	21057.173823	38882	25469.461971125223	271186.4487233929	6945	9110	21345	0.6550450586678983	6.545685643689138	0.01297487774071221	0.6296142982961024	0.6804758190396942	0.17861735507432744	0.0019424967027429285	0.1748100615369513	0.18242464861170357
HepG2_skew	[-0.5,-0.2)	non-cCRE	H1	5198450	5195580	3095622.038	6356530.14576	5143990	-1386773.8141669442	8074681.761407025	72428	198562	85790	-0.26959107894201667	1.497052173439178	5.394713809514335e-4	-0.2706484428486815	-0.26853371503535184	0.014080120684526992	5.194861131781673e-5	0.013978301406344072	0.014181939962709913
HepG2_skew	[-0.5,-0.2)	non-cCRE	HCT116	5198450	5195580	3095622.038	6356530.14576	5143990	-1386773.8141669442	8074681.761407025	72428	198562	85790	-0.26959107894201667	1.497052173439178	5.394713809514335e-4	-0.2706484428486815	-0.26853371503535184	0.014080120684526992	5.194861131781673e-5	0.013978301406344072	0.014181939962709913
HepG2_skew	[-0.5,-0.2)	non-cCRE	HepG2	5198450	5195580	3095622.038	6356530.14576	5143990	-1386773.8141669442	8074681.761407025	72428	198562	85790	-0.26959107894201667	1.497052173439178	5.394713809514335e-4	-0.2706484428486815	-0.26853371503535184	0.014080120684526992	5.194861131781673e-5	0.013978301406344072	0.014181939962709913
HepG2_skew	[-0.5,-0.2)	non-cCRE	K562	5198450	5195580	3095622.038	6356530.14576	5143990	-1386773.8141669442	8074681.761407025	72428	198562	85790	-0.26959107894201667	1.497052173439178	5.394713809514335e-4	-0.2706484428486815	-0.26853371503535184	0.014080120684526992	5.194861131781673e-5	0.013978301406344072	0.014181939962709913
HepG2_skew	[-0.5,-0.2)	non-cCRE	MCF-7	5198450	5195580	3095622.038	6356530.14576	5143990	-1386773.8141669442	8074681.761407025	72428	198562	85790	-0.26959107894201667	1.497052173439178	5.394713809514335e-4	-0.2706484428486815	-0.26853371503535184	0.014080120684526992	5.194861131781673e-5	0.013978301406344072	0.014181939962709913
HepG2_skew	[-0.5,-0.2)	non-cCRE	SK-N-SH	5198450	5195580	3095622.038	6356530.14576	5143990	-1386773.8141669442	8074681.761407025	72428	198562	85790	-0.26959107894201667	1.497052173439178	5.394713809514335e-4	-0.2706484428486815	-0.26853371503535184	0.014080120684526992	5.194861131781673e-5	0.013978301406344072	0.014181939962709913
HepG2_skew	[-0.5,-0.2)	pELS	H1	44568	44564	8757.129	5573.744931	44558	47454.53800541316	337527.9970388444	10019	18430	25924	1.0650060147540994	6.440932482790636	0.012022963502958785	1.0414410062883002	1.0885710232198986	0.22485300058350913	0.0019777825202673916	0.22097654684378504	0.22872945432323322
HepG2_skew	[-0.5,-0.2)	pELS	HCT116	74648	74640	16472.942	13639.955936	74637	62610.08000866873	485003.3621148701	14105	31147	41940	0.838861154771343	5.794552201330083	0.008811155228858182	0.821591290522781	0.8561310190199051	0.18898133633452577	0.001433005293621365	0.18617264595902788	0.19179002671002365
HepG2_skew	[-0.5,-0.2)	pELS	HepG2	68955	68948	15594.216	13923.188712	68917	58425.48398924283	440974.5916659	13022	28217	36384	0.8477659211695638	5.680008378489495	0.009078441640683338	0.8299721755538245	0.8655596667853032	0.18895192768112368	0.001491199603840868	0.18602917645759556	0.1918746789046518
HepG2_skew	[-0.5,-0.2)	pELS	K562	104221	104206	24215.975	21045.254227	104101	78775.84599860862	608484.3502005448	17836	42467	53257	0.756725161128218	5.272552213681422	0.00711677103900549	0.7427762898917672	0.7706740323646687	0.17133360870692885	0.001167840932503484	0.16904464047922202	0.17362257693463568
HepG2_skew	[-0.5,-0.2)	pELS	MCF-7	76714	76710	16610.624	12798.717042	76713	70923.41800132266	501493.2298383867	15504	32185	43200	0.924529323599946	5.682584865030603	0.00860673599808304	0.9076601210437032	0.9413985261561888	0.20210394587618788	0.0014498600108425667	0.19926222025493645	0.2049456714974393
HepG2_skew	[-0.5,-0.2)	pELS	SK-N-SH	68250	68247	12944.352	7036.378538	68246	73290.42599834819	500477.31549795286	15343	29036	39994	1.0739153356731266	6.180227167709141	0.009516201261411578	1.0552635812007598	1.0925670901454934	0.22481903701315828	0.0015980099902650228	0.22168693743223883	0.22795113659407773
HepG2_skew	[-1.0,-0.5)	Inactive cCRE	H1	825610	825360	506656.028	1018991.76356	823276	-29514.842074631124	2530855.3348705787	49118	79603	224677	-0.03585048279632969	3.072845906328439	0.0019319579234432472	-0.03963712032627846	-0.032063845266380925	0.0596616444545936	2.610459488029843e-4	0.05914999439493975	0.060173294514247445
HepG2_skew	[-1.0,-0.5)	Inactive cCRE	HCT116	810599	810366	502599.5	1010829.495994	808272	-50823.94503927674	2408453.613613828	45652	77897	214301	-0.06287975463615805	2.975806154643822	0.0019187727923721267	-0.06664054930920742	-0.05911895996310868	0.05648098659857078	2.567720202813174e-4	0.055977713438819396	0.056984259758322164
HepG2_skew	[-1.0,-0.5)	Inactive cCRE	HepG2	810444	810203	500691.47	1005847.522248	808096	-36004.56905781654	2483416.10785143	47729	77111	220812	-0.04455481657849629	3.0711883267203373	0.0019494932942852748	-0.04837582343529543	-0.04073380972169715	0.05906352710569041	2.6224569171831986e-4	0.05854952554992251	0.059577528661458316
HepG2_skew	[-1.0,-0.5)	Inactive cCRE	K562	786088	785857	485490.983	981242.645573	783864	-44404.321054205866	2339994.505502168	44616	70891	205491	-0.05664799130232523	2.9819995202086385	0.0019504437275063811	-0.06047086100823774	-0.05282512159641272	0.05691803680230244	2.616852932004315e-4	0.05640513362762959	0.057430939976975286
HepG2_skew	[-1.0,-0.5)	Inactive cCRE	MCF-7	821995	821765	499993.192	1003171.97187	819628	-24589.715091045942	2510915.250658498	48704	76767	226810	-0.030001067668559325	3.062585216143564	0.0019330171080008257	-0.03378978120024095	-0.026212354136877707	0.05942207928474869	2.611336980218202e-4	0.05891025723662593	0.05993390133287146
HepG2_skew	[-1.0,-0.5)	Inactive cCRE	SK-N-SH	823052	822824	502810.122	1012239.1332	820645	-45973.82906345351	2397388.486700138	45573	74340	228359	-0.056021579444770285	2.9182117461199737	0.0018857353251653752	-0.05971762068209442	-0.05232553820744615	0.05553314770698658	2.528085987937367e-4	0.05503764285335085	0.056028652560622304
HepG2_skew	[-1.0,-0.5)	Other cCREs	H1	71852	71847	27662.37	40127.56913	71740	61023.1779586022	538181.6653425181	13871	12843	46600	0.8506158065040731	6.778382547956064	0.009720360041186992	0.8315639008233466	0.8696677121847995	0.19335098968497352	0.0014744661821628857	0.19046103596793426	0.19624094340201279
HepG2_skew	[-1.0,-0.5)	Other cCREs	HCT116	58591	58578	20540.814	29942.576668	58485	67056.31795212966	522245.2663346804	13242	7556	40066	1.1465558340109372	7.615099066058645	0.011410785238832367	1.1241906949428258	1.1689209730790486	0.22641703000769428	0.0017305563598736997	0.22302513954234182	0.22980892047304674
HepG2_skew	[-1.0,-0.5)	Other cCREs	HepG2	63653	63639	23965.506	36514.534264	63566	61814.99394798722	510407.479167911	12989	9998	39631	0.9724537323095243	7.084012547636281	0.010556676643746894	0.9517626460877804	0.9931448185312681	0.20433879747034578	0.001599289425671921	0.2012041901960288	0.20747340474466275
HepG2_skew	[-1.0,-0.5)	Other cCREs	K562	79104	79082	34827.248	55244.594764	78943	65231.560938004295	598458.5059968363	14807	12733	49157	0.826312161154305	6.898189479651963	0.009347828725119106	0.8079904168530715	0.8446339054555384	0.18756571196939564	0.0013893575766506544	0.18484257111916036	0.19028885281963093
HepG2_skew	[-1.0,-0.5)	Other cCREs	MCF-7	57061	57050	26138.029	42576.285949	56997	42902.24799052287	439721.70484982926	10663	9660	33404	0.7527106337267377	7.148374036363625	0.01119895850920318	0.7307606750486995	0.774660592404776	0.18708002175553098	0.001633471665666592	0.18387841729082446	0.1902816262202375
HepG2_skew	[-1.0,-0.5)	Other cCREs	SK-N-SH	68617	68597	30693.241	47430.104177	68570	59303.66899586608	558922.7059750638	14149	14930	38643	0.8648631908395228	7.403245571304937	0.010390680786728104	0.8444974564975357	0.8852289251815099	0.20634388216421176	0.0015454142340154593	0.20331487026554146	0.20937289406288206
HepG2_skew	[-1.0,-0.5)	PLS	H1	25785	25781	4566.836	1903.516082	25772	68991.03101606226	438894.7056158463	12264	11361	18274	2.6769762151195975	9.86408585345036	0.01956385162612288	2.6386310659323966	2.7153213643067984	0.4758652801489989	0.003110924082283021	0.4697678689477242	0.48196269135027364
HepG2_skew	[-1.0,-0.5)	PLS	HCT116	24189	24186	4476.557	2264.864909	24180	63343.67201728281	401073.1398112096	11373	10802	17185	2.6196721264384952	9.72469861620711	0.020054411732849865	2.5803654794421096	2.658978773434881	0.47034739454094293	0.003209791181501644	0.4640562038251997	0.4766385852566862
HepG2_skew	[-1.0,-0.5)	PLS	HepG2	22970	22968	4395.473	2536.491191	22957	59400.45502454895	379906.9240840296	10653	10302	16213	2.5874659156052164	9.854080472929457	0.020718126726483835	2.546858387221308	2.6280734439891247	0.46404146883303565	0.003291443643160424	0.45759023929244125	0.47049269837363006
HepG2_skew	[-1.0,-0.5)	PLS	K562	24580	24579	4674.9800000000005	2588.74213	24570	62821.954024870305	398294.4505920761	11282	10906	17344	2.556856085668307	9.673481017949932	0.019842153893709052	2.5179654640366373	2.5957467072999765	0.4591778591778592	0.0031791800368816308	0.4529466663055712	0.4654090520501472
HepG2_skew	[-1.0,-0.5)	PLS	MCF-7	25532	25530	4666.19	2215.250498	25519	67958.77300601536	427691.38686587627	12140	11327	18062	2.6630656767904446	9.668183675709844	0.01946438204547366	2.6249154879813164	2.701215865599573	0.4757239703750147	0.003126264307969262	0.46959649233139494	0.4818514484186344
HepG2_skew	[-1.0,-0.5)	PLS	SK-N-SH	27182	27175	4856.157	2028.943561	27169	72867.36099907767	459701.3540157905	12991	11912	19089	2.6820037910514807	9.727282669771325	0.018921647228575623	2.6449173624834725	2.719090219619489	0.47815525046928486	0.003030527970473197	0.4722154156471574	0.4840950852914123
HepG2_skew	[-1.0,-0.5)	dELS	H1	11346	11343	4773.1269999999995	7363.507921	11333	8995.283992986308	75151.87919665856	2078	2226	6793	0.7937248736421343	6.001773609773243	0.02301268858002127	0.7486200040252926	0.838829743258976	0.18335833406864907	0.0036349098975750165	0.17623391066940203	0.1904827574678961
HepG2_skew	[-1.0,-0.5)	dELS	HCT116	32909	32903	13716.173	22637.745643	32880	21137.799973160385	188241.70851898057	5282	6370	19549	0.6428771281374813	5.311983344295468	0.01271049452441623	0.6179645588696255	0.6677896974053371	0.16064476885644768	0.002025071167349853	0.15667562936844198	0.16461390834445339
HepG2_skew	[-1.0,-0.5)	dELS	HepG2	30892	30889	12697.433	21082.624511	30881	18541.73599138007	167443.8755747084	4701	5914	15948	0.6004253745468109	5.061882992141707	0.012802959548419344	0.5753315738319089	0.6255191752617129	0.15222952624591174	0.0020442919272106084	0.14822271406857895	0.15623633842324453
HepG2_skew	[-1.0,-0.5)	dELS	K562	30888	30883	14582.469	24680.991641	30855	12683.395000681166	150042.38011828065	3892	5956	16614	0.4110644952416518	4.6940003485569175	0.012334137437017884	0.38688958586509675	0.4352394046182068	0.12613838923999351	0.0018900887429334579	0.12243381530384394	0.12984296317614308
HepG2_skew	[-1.0,-0.5)	dELS	MCF-7	22317	22302	10775.093	18175.115999	22291	13115.302982549993	138982.9100221767	3773	4996	13206	0.5883676363801531	5.889021543558733	0.01625387051292885	0.5565100501748126	0.6202252225854936	0.16926113678166077	0.002511574787176462	0.1643384501987949	0.17418382336452665
HepG2_skew	[-1.0,-0.5)	dELS	SK-N-SH	10788	10785	4449.492	6388.166008	10783	13272.078970535078	106464.59502164942	2807	2557	6925	1.2308336242729367	8.359198104313588	0.027842774256536196	1.1762617867301257	1.2854054618157478	0.26031716590930165	0.004225755556073237	0.25203468501939813	0.26859964679920517
HepG2_skew	[-1.0,-0.5)	non-cCRE	H1	911804	911429	672152.143	1461963.019157	903155	-295266.67158789205	1552838.0391167442	11886	39111	21118	-0.32692801522207376	1.6124681861712253	0.0013361783545426744	-0.3295469247969774	-0.32430910564717014	0.01316053169168083	1.1991646780542424e-4	0.012925495414782199	0.013395567968579462
HepG2_skew	[-1.0,-0.5)	non-cCRE	HCT116	911804	911429	672152.143	1461963.019157	903155	-295266.67158789205	1552838.0391167442	11886	39111	21118	-0.32692801522207376	1.6124681861712253	0.0013361783545426744	-0.3295469247969774	-0.32430910564717014	0.01316053169168083	1.1991646780542424e-4	0.012925495414782199	0.013395567968579462
HepG2_skew	[-1.0,-0.5)	non-cCRE	HepG2	911804	911429	672152.143	1461963.019157	903155	-295266.67158789205	1552838.0391167442	11886	39111	21118	-0.32692801522207376	1.6124681861712253	0.0013361783545426744	-0.3295469247969774	-0.32430910564717014	0.01316053169168083	1.1991646780542424e-4	0.012925495414782199	0.013395567968579462
HepG2_skew	[-1.0,-0.5)	non-cCRE	K562	911804	911429	672152.143	1461963.019157	903155	-295266.67158789205	1552838.0391167442	11886	39111	21118	-0.32692801522207376	1.6124681861712253	0.0013361783545426744	-0.3295469247969774	-0.32430910564717014	0.01316053169168083	1.1991646780542424e-4	0.012925495414782199	0.013395567968579462
HepG2_skew	[-1.0,-0.5)	non-cCRE	MCF-7	911804	911429	672152.143	1461963.019157	903155	-295266.67158789205	1552838.0391167442	11886	39111	21118	-0.32692801522207376	1.6124681861712253	0.0013361783545426744	-0.3295469247969774	-0.32430910564717014	0.01316053169168083	1.1991646780542424e-4	0.012925495414782199	0.013395567968579462
HepG2_skew	[-1.0,-0.5)	non-cCRE	SK-N-SH	911804	911429	672152.143	1461963.019157	903155	-295266.67158789205	1552838.0391167442	11886	39111	21118	-0.32692801522207376	1.6124681861712253	0.0013361783545426744	-0.3295469247969774	-0.32430910564717014	0.01316053169168083	1.1991646780542424e-4	0.012925495414782199	0.013395567968579462
HepG2_skew	[-1.0,-0.5)	pELS	H1	11831	11831	2488.9410000000003	1756.157717	11831	20444.541003865088	138807.7031246786	3833	5023	7675	1.7280484324118914	8.747129847131776	0.02719080463893077	1.6747544553195872	1.7813424095041956	0.3239793762150283	0.004302569833978464	0.3155463393404305	0.3324124130896261
HepG2_skew	[-1.0,-0.5)	pELS	HCT116	20136	20129	4814.258	4467.831196	20135	29225.3469935886	201877.55987158115	5615	8431	12918	1.4514699276676732	7.919829521443055	0.01983271174098229	1.412597812655348	1.4903420426799985	0.2788676434070027	0.003160317656733891	0.2726734207998043	0.28506186601420114
HepG2_skew	[-1.0,-0.5)	pELS	HepG2	18465	18463	4397.42	4161.342196	18452	26186.575990785048	180716.9014722014	5092	7731	11415	1.4191727720997749	7.7802626324620645	0.02053408737789412	1.3789259608391025	1.4594195833604473	0.27595924561023194	0.0032906542834328857	0.2695095632147035	0.2824089280057604
HepG2_skew	[-1.0,-0.5)	pELS	K562	25764	25761	6571.622	6385.540302	25720	33606.60298753485	235101.44594091855	6567	10570	15413	1.3066330866071092	7.433801724364718	0.01700082529828742	1.2733114690224658	1.3399547041917526	0.2553265940902022	0.002718913969621497	0.24999752270974407	0.2606556654706603
HepG2_skew	[-1.0,-0.5)	pELS	MCF-7	19519	19515	4574.798	4003.890094	19517	30552.583008842434	204580.0357538995	5884	8306	12537	1.5654343909843949	8.031972308795453	0.020286380647628374	1.5256730849150433	1.6051956970537464	0.30148076036276067	0.003284826655296163	0.2950425001183802	0.30791902060714116
HepG2_skew	[-1.0,-0.5)	pELS	SK-N-SH	16785	16781	3338.29	2056.167464	16785	30469.91199485936	199414.14643763631	5644	7317	11003	1.8153060467595687	8.585672720992386	0.022616557028680102	1.7709775949833557	1.8596344985357818	0.3362526064938934	0.0036464777780589376	0.3291055100488979	0.3433997029388889
HepG2_skew	[-1.5,-1.0)	Inactive cCRE	H1	157056	157034	109379.184	231778.986576	156583	-5276.816976732226	486737.55911692674	9501	15144	50289	-0.03369980762108419	3.1073797205295577	0.0044547656147469515	-0.042431148225988216	-0.024968467016180163	0.060677084996455556	6.03319702339951e-4	0.059494578379869253	0.06185959161304186
HepG2_skew	[-1.5,-1.0)	Inactive cCRE	HCT116	152369	152347	108095.722	229386.070852	151886	-8411.19197379053	469754.9347993152	8869	14606	46841	-0.05537832304353614	3.0897661855549226	0.004510284482721597	-0.06421848062967048	-0.04653816545740181	0.058392478569453406	6.016647139875194e-4	0.05721321573003787	0.05957174140886894
HepG2_skew	[-1.5,-1.0)	Inactive cCRE	HepG2	151880	151858	107268.197	227532.324757	151399	-6079.14797220461	479906.0609671887	9179	14214	47482	-0.0401531580274943	3.1682186288985865	0.004574525662934134	-0.049119228326845205	-0.031187087728143395	0.06062787733076176	6.133290172861977e-4	0.059425752456880816	0.06183000220464271
HepG2_skew	[-1.5,-1.0)	Inactive cCRE	K562	147255	147234	103223.535	219965.832011	146794	-7220.433975092713	449648.2051052431	8645	13178	44915	-0.04918752793092846	3.0607253057531336	0.004566232541475094	-0.058137343712219645	-0.04023771214963728	0.0588920528086979	6.144604215361822e-4	0.05768771038248698	0.06009639523490882
HepG2_skew	[-1.5,-1.0)	Inactive cCRE	MCF-7	156601	156579	108023.96	228508.27678	156124	-2700.8619765334292	491652.6763187078	9678	14673	50591	-0.017299466939954326	3.1488374733142166	0.004490971383660719	-0.026101770851929336	-0.008497163027979315	0.061989188081268735	6.102770824867658e-4	0.060793044999594675	0.0631853311629428
HepG2_skew	[-1.5,-1.0)	Inactive cCRE	SK-N-SH	157496	157474	108605.044	230352.437874	157000	-6445.6499744991315	470624.04836798453	9177	14499	51509	-0.04105509537897536	2.99593896517495	0.004368342224565659	-0.04961704613912405	-0.032493144618826665	0.05845222929936306	5.920684146069142e-4	0.0572917752067335	0.05961268339199261
HepG2_skew	[-1.5,-1.0)	Other cCREs	H1	12018	12018	4875.124	7709.01466	11997	13226.90899276873	107600.9069989494	2704	2107	8050	1.1025180455754546	7.754084790533313	0.02542312562163701	1.052688719357046	1.1523473717938633	0.22538968075352173	0.0038148048308644404	0.21791266328502742	0.23286669822201603
HepG2_skew	[-1.5,-1.0)	Other cCREs	HCT116	9824	9824	3511.946	5564.420228	9810	10408.334986861915	81549.37612975741	1990	1176	6773	1.0609923534008068	7.187910316756328	0.027068663995761334	1.0079377719691145	1.114046934832499	0.20285423037716616	0.004060003459764294	0.19489662359602813	0.21081183715830418
HepG2_skew	[-1.5,-1.0)	Other cCREs	HepG2	11816	11816	4848.238	8208.35213	11805	11005.470000126406	89879.38039323236	2242	1823	7727	0.9322719186892339	6.745110959008617	0.02390350316799927	0.8854210524799553	0.9791227848985125	0.18991952562473527	0.0036100722597421785	0.1828437839956406	0.19699526725382993
HepG2_skew	[-1.5,-1.0)	Other cCREs	K562	14396	14395	7245.679	12788.333725	14371	11413.939000505256	106083.3420843291	2523	2296	9081	0.79423415214705	6.75142671674354	0.02167475934977388	0.7517516238214932	0.8367166804726067	0.17556189548396076	0.0031735888668629384	0.1693416613049094	0.1817821296630121
HepG2_skew	[-1.5,-1.0)	Other cCREs	MCF-7	9016	9016	4609.242	8135.21763	8998	7360.140002232048	74747.33010378153	1704	1484	5412	0.817975105827078	7.638870602039975	0.029136781844245625	0.7608670134123565	0.8750831982417995	0.18937541675927985	0.004130462574696163	0.1812797101128754	0.19747112340568432
HepG2_skew	[-1.5,-1.0)	Other cCREs	SK-N-SH	10816	10816	5584.076	9417.77875	10813	10612.190999412796	100103.04991645856	2358	2224	6201	0.9814289280877458	8.295221853426048	0.02769752106282477	0.9271417868046093	1.0357160693708825	0.21807084065476742	0.003971087000121623	0.21028751013452904	0.2258541711750058
HepG2_skew	[-1.5,-1.0)	PLS	H1	5012	5012	924.365	421.507159	5010	18763.282983741377	125041.6060922772	3111	2279	3807	3.745166264219836	10.934316561301438	0.04671721647989133	3.653600519919249	3.836732008520423	0.6209580838323353	0.006854186213826869	0.6075238788532347	0.634392288811436
HepG2_skew	[-1.5,-1.0)	PLS	HCT116	4778	4778	929.165	521.348737	4777	17669.913990471756	117159.2016288344	2955	2195	3620	3.698956246697039	10.845678998153161	0.04764866667683148	3.6055648600104493	3.792347633383629	0.6185890726397321	0.007027810895948209	0.6048145632836736	0.6323635819957906
HepG2_skew	[-1.5,-1.0)	PLS	HepG2	4652	4652	963.842	650.963984	4650	16969.26798875549	113351.6510243976	2837	2157	3482	3.649304943818385	11.061651421822567	0.048773453518629224	3.553708974921872	3.7449009127148982	0.6101075268817204	0.007152356293054325	0.596088908547334	0.6241261452161069
HepG2_skew	[-1.5,-1.0)	PLS	K562	4900	4900	1001.028	673.817168	4898	17588.95298676206	116992.28479721912	2944	2239	3676	3.59104797606412	10.992344450279818	0.0473735329394864	3.4981958515027265	3.683900100625513	0.6010616578195181	0.006996857214909059	0.5873478176782964	0.6147754979607399
HepG2_skew	[-1.5,-1.0)	PLS	MCF-7	4903	4903	935.546	491.38448	4901	18495.172987157137	122391.26052086584	3088	2284	3712	3.7737549453493444	10.73367550928367	0.04679849424191207	3.6820298966351968	3.865479994063492	0.6300754947969802	0.006896210256771101	0.6165589226937088	0.6435920669002516
HepG2_skew	[-1.5,-1.0)	PLS	SK-N-SH	5206	5206	972.053	455.728113	5204	19712.946981283018	130590.29736891988	3276	2383	3925	3.7880374675793655	10.747052778668897	0.045443947234494464	3.6989673309997566	3.8771076041589745	0.6295157571099155	0.006694521327706608	0.6163944953076105	0.6426370189122205
HepG2_skew	[-1.5,-1.0)	dELS	H1	2252	2252	991.222	1643.52695	2249	2242.05300075491	17299.244275323064	477	408	1446	0.996911071923037	6.70111957964067	0.054585709075120885	0.8899230821358001	1.103899061710274	0.2120942641173855	0.008619992047142064	0.19519907970498704	0.22898944852978395
HepG2_skew	[-1.5,-1.0)	dELS	HCT116	7742	7742	3129.259	5372.700621	7739	7108.693996486255	53265.82711018853	1555	1331	5259	0.9185545931627155	6.039816953777185	0.027936337262201988	0.8637993721287995	0.9733098141966314	0.20093035275875437	0.004554835188527689	0.1920028757892401	0.20985782972826864
HepG2_skew	[-1.5,-1.0)	dELS	HepG2	6764	6764	2710.507	4651.923145	6762	5687.2809819584945	43763.4626326836	1247	1215	4153	0.8410649189527498	5.765432645249396	0.02919969856894439	0.7838335097576188	0.8982963281478809	0.18441289559301982	0.004716211093304369	0.17516912185014327	0.19365666933589637
HepG2_skew	[-1.5,-1.0)	dELS	K562	7273	7273	3750.581	6785.105391	7263	4212.706983648705	42753.6478821072	1076	1263	4457	0.5800229910021624	5.550837369489891	0.027645295064142792	0.5258382126764425	0.6342077693278823	0.14814814814814814	0.004168426300865835	0.1399780325984511	0.15631826369784518
HepG2_skew	[-1.5,-1.0)	dELS	MCF-7	4622	4622	2252.677	4009.901281	4621	3723.4389878589423	33980.18934403274	917	959	3111	0.8057647669030388	6.705621947165128	0.038093558862706337	0.7311013915321344	0.8804281422739432	0.19844189569357282	0.005867001564988912	0.18694257262619454	0.2099412187609511
HepG2_skew	[-1.5,-1.0)	dELS	SK-N-SH	2132	2132	916.857	1358.585187	2132	3184.690989873255	23508.789560199497	650	469	1498	1.4937574999405512	8.799452608673496	0.06424424477867796	1.3678387801743424	1.61967621970676	0.3048780487804878	0.009970110682097234	0.2853366318435772	0.3244194657173984
HepG2_skew	[-1.5,-1.0)	non-cCRE	H1	196483	196409	182303.25	418704.821222	194869	-71677.06684605747	320880.3789169809	1945	8970	4083	-0.3678218025753581	1.5113614907852988	0.002784920473230724	-0.37328024670289034	-0.3623633584478259	0.009981064202105004	2.2518465726884885e-4	0.00953970227385806	0.010422426130351948
HepG2_skew	[-1.5,-1.0)	non-cCRE	HCT116	196483	196409	182303.25	418704.821222	194869	-71677.06684605747	320880.3789169809	1945	8970	4083	-0.3678218025753581	1.5113614907852988	0.002784920473230724	-0.37328024670289034	-0.3623633584478259	0.009981064202105004	2.2518465726884885e-4	0.00953970227385806	0.010422426130351948
HepG2_skew	[-1.5,-1.0)	non-cCRE	HepG2	196483	196409	182303.25	418704.821222	194869	-71677.06684605747	320880.3789169809	1945	8970	4083	-0.3678218025753581	1.5113614907852988	0.002784920473230724	-0.37328024670289034	-0.3623633584478259	0.009981064202105004	2.2518465726884885e-4	0.00953970227385806	0.010422426130351948
HepG2_skew	[-1.5,-1.0)	non-cCRE	K562	196483	196409	182303.25	418704.821222	194869	-71677.06684605747	320880.3789169809	1945	8970	4083	-0.3678218025753581	1.5113614907852988	0.002784920473230724	-0.37328024670289034	-0.3623633584478259	0.009981064202105004	2.2518465726884885e-4	0.00953970227385806	0.010422426130351948
HepG2_skew	[-1.5,-1.0)	non-cCRE	MCF-7	196483	196409	182303.25	418704.821222	194869	-71677.06684605747	320880.3789169809	1945	8970	4083	-0.3678218025753581	1.5113614907852988	0.002784920473230724	-0.37328024670289034	-0.3623633584478259	0.009981064202105004	2.2518465726884885e-4	0.00953970227385806	0.010422426130351948
HepG2_skew	[-1.5,-1.0)	non-cCRE	SK-N-SH	196483	196409	182303.25	418704.821222	194869	-71677.06684605747	320880.3789169809	1945	8970	4083	-0.3678218025753581	1.5113614907852988	0.002784920473230724	-0.37328024670289034	-0.3623633584478259	0.009981064202105004	2.2518465726884885e-4	0.00953970227385806	0.010422426130351948
HepG2_skew	[-1.5,-1.0)	pELS	H1	2405	2405	559.121	482.200217	2403	5809.140003756971	38093.61444521557	997	1000	1720	2.4174531850840495	10.012610508132438	0.06455007865399845	2.2909350309222125	2.5439713392458865	0.41489804411152725	0.01005100718145267	0.39519807003588003	0.4345980181871745
HepG2_skew	[-1.5,-1.0)	pELS	HCT116	4030	4030	1062.924	1190.695124	4030	7988.817004260377	53043.59126059649	1421	1630	2819	1.9823367256229223	9.234814077629748	0.04786979361613181	1.888511930135304	2.0761615211105404	0.35260545905707197	0.007526213071727907	0.33785408143648527	0.36735683667765867
HepG2_skew	[-1.5,-1.0)	pELS	HepG2	3631	3631	938.232	991.671546	3626	7181.697005653987	47872.37591118985	1285	1529	2468	1.9806114190992792	9.282268914008403	0.05059564924538089	1.8814439465783326	2.0797788916202258	0.3543849972421401	0.007943475694850438	0.3388157848802333	0.36995420960404696
HepG2_skew	[-1.5,-1.0)	pELS	K562	4919	4919	1508.193	1822.147267	4916	8769.40300846647	59295.45105979362	1602	1962	3183	1.7838492694195422	8.881415647994949	0.04250452435592167	1.7005404016819359	1.8671581371571486	0.3258746948738812	0.006684819675939229	0.31277244830904033	0.3389769414387221
HepG2_skew	[-1.5,-1.0)	pELS	MCF-7	3601	3601	907.591	890.455391	3598	7886.678003575073	52001.474641304434	1403	1538	2486	2.1919616463521603	9.650869874989894	0.051790803692687466	2.0904516711144927	2.293471621589828	0.38993885491939967	0.008131194681209632	0.37400171334422877	0.40587599649457057
HepG2_skew	[-1.5,-1.0)	pELS	SK-N-SH	3093	3093	650.986	450.705638	3093	7700.3890082198195	49946.74571512968	1329	1363	2179	2.4896181727189846	9.953336773370017	0.05672759729886593	2.3784320820132074	2.6008042634247617	0.4296799224054316	0.008901063532162141	0.4122338378823938	0.44712600692846943
HepG2_skew	[0.05,0.2)	Inactive cCRE	H1	16694870	16686551	3330503.925999998	3326296.630280002	16655923	-1052225.2800312052	36114796.46330481	676815	1297103	1580694	-0.06317424018057752	2.1642946533215057	3.604739131361182e-4	-0.0638807690503243	-0.062467711310830724	0.04063509419441961	4.8379145908980514e-5	0.04054027106843801	0.04072991732040121
HepG2_skew	[0.05,0.2)	Inactive cCRE	HCT116	16583157	16574957	3310660.571999998	3307415.622274002	16544372	-989538.0390471242	36297489.81796796	685155	1275134	1548708	-0.05981115747682198	2.190370634367738	3.63859451810185e-4	-0.06052432200236994	-0.05909799295127402	0.04141317663795277	4.898463276651876e-5	0.041317166757730395	0.041509186518175145
HepG2_skew	[0.05,0.2)	Inactive cCRE	HepG2	16608974	16600614	3308235.605999998	3299026.980198002	16569843	-990685.635049472	36310446.76897805	685911	1275878	1591778	-0.05978847446227897	2.1877827915430186	3.633648421383861e-4	-0.06050066955287021	-0.05907627937168774	0.041395141764469345	4.893677025153987e-5	0.04129922569477633	0.04149105783416236
HepG2_skew	[0.05,0.2)	Inactive cCRE	K562	16228877	16220611	3244148.733999998	3253743.361012002	16190454	-979169.701062349	35424128.732789464	668343	1181315	1493869	-0.060478211485752595	2.1843064119656304	3.6730536070479276e-4	-0.06119812999273399	-0.0597582929787712	0.041280065401501406	4.944092115353779e-5	0.04118316119604047	0.04137696960696234
HepG2_skew	[0.05,0.2)	Inactive cCRE	MCF-7	16601258	16593016	3297003.3609999972	3275005.688775002	16561789	-954151.8410240742	36122688.30275646	681536	1255934	1581151	-0.057611640929858134	2.177767161945245	3.6262028823174595e-4	-0.05832237669479236	-0.05690090516492391	0.04115110994349705	4.881038554413786e-5	0.04105544158783054	0.04124677829916356
HepG2_skew	[0.05,0.2)	Inactive cCRE	SK-N-SH	16468670	16460528	3272561.462999998	3264117.292659002	16429202	-1135209.35685257	34892506.59673882	642027	1203052	1531338	-0.06909704785738041	2.11903591547028	3.591376397313715e-4	-0.0698009576312539	-0.06839313808350693	0.03907840441672091	4.7808393864480425e-5	0.03898469996474653	0.03917210886869529
HepG2_skew	[0.05,0.2)	Other cCREs	H1	654645	654478	117164.4	92090.855104	653579	-16692.29497641663	2165897.9219200807	42897	109370	192580	-0.02553982758995719	3.3132565716476106	0.002251533894783861	-0.029952834023733554	-0.021126821156180822	0.06563399374826914	3.0631896488339993e-4	0.06503360857709768	0.0662343789194406
HepG2_skew	[0.05,0.2)	Other cCREs	HCT116	503199	503022	87951.20599999999	68254.647816	502146	-51129.18193097531	1303798.4113656436	23475	63188	142200	-0.10182134664216247	2.586090410556153	0.0022693780407747085	-0.1062693276020809	-0.09737336568224404	0.046749351782151005	2.979040089037868e-4	0.04616545992469958	0.04733324363960243
HepG2_skew	[0.05,0.2)	Other cCREs	HepG2	521162	521037	96052.61	79562.438324	520449	-49446.499977579115	1467621.0947131568	26010	78741	138594	-0.09500738780856359	2.810892369485541	0.002323983386481162	-0.09956239524606667	-0.09045238037106051	0.04997607834773436	3.020363881408316e-4	0.04938408702697833	0.050568069668490395
HepG2_skew	[0.05,0.2)	Other cCREs	K562	697576	697392	129432.519	108995.074833	696490	-68214.7639383882	1821452.5483188296	32559	105365	177135	-0.09794076575168087	2.6055997181622876	0.001934177855064232	-0.10173175434760677	-0.09414977715575497	0.0467472612672113	2.529441702237714e-4	0.046251490693572705	0.047243031840849894
HepG2_skew	[0.05,0.2)	Other cCREs	MCF-7	572250	572030	115677.617	112416.254617	571802	-110129.21798822796	1647365.477158896	26374	88933	130203	-0.1926002672047806	2.8439169577305914	0.0022301579373525202	-0.19697137676199153	-0.18822915764756967	0.046124357732221996	2.7738834560361614e-4	0.045580676574838906	0.046668038889605086
HepG2_skew	[0.05,0.2)	Other cCREs	SK-N-SH	789471	789142	160843.966	149355.800344	788937	11796.491917241245	2855648.1324708113	61827	158386	195782	0.014952387728349975	3.6193959291372564	0.002141888626061729	0.010754286021268985	0.019150489435430965	0.07836747420896725	3.025698565009516e-4	0.07777443729022539	0.07896051112770912
HepG2_skew	[0.05,0.2)	PLS	H1	161924	161881	22950.983	7579.377287	161843	48745.48294595652	1038863.34963887	24475	67793	79381	0.3011899368273977	6.328281291072505	0.00625310797019506	0.2889338452058154	0.31344602844898	0.15122680622578671	8.905601496839541e-4	0.14948130833240617	0.15297230411916726
HepG2_skew	[0.05,0.2)	PLS	HCT116	149960	149916	21449.866	7451.700942	149915	36370.44692643197	930799.3136791572	21334	64689	74290	0.24260712354622266	6.150029911604286	0.0064049548031279895	0.2300534121320918	0.2551608349603535	0.1423073074742354	9.023123700093367e-4	0.1405387752290171	0.1440758397194537
HepG2_skew	[0.05,0.2)	PLS	HepG2	139467	139435	19908.912	7127.69474	139386	28741.38094218785	878415.0407531807	19357	60969	68370	0.2061999120585127	6.259558564626476	0.006701349613443773	0.1930652668161629	0.21933455730086251	0.13887334452527514	9.262610162071274e-4	0.13705787293350916	0.14068881611704112
HepG2_skew	[0.05,0.2)	PLS	K562	156551	156514	22590.335	8076.105809000001	156474	36740.094924202655	943495.8404814722	21672	67318	76249	0.2347999982374238	5.974636303119558	0.006179234037225424	0.222688699524462	0.24691129695038563	0.13850224318417118	8.732415397938909e-4	0.13679068976617514	0.1402137966021672
HepG2_skew	[0.05,0.2)	PLS	MCF-7	161758	161718	23457.788	8250.614888	161677	48793.24993118936	994169.4056097446	24079	69013	80073	0.30179462713428234	6.058065915411635	0.0061212888897357425	0.2897969009104003	0.3137923533581644	0.1489327486284382	8.854273260534031e-4	0.14719731106937353	0.15066818618750286
HepG2_skew	[0.05,0.2)	PLS	SK-N-SH	179682	179623	25970.212	8767.023532	179587	63776.63193536294	1115450.3524190122	27656	75079	87380	0.35512944664905	6.0851146103296845	0.005820991074621511	0.3437203041427918	0.3665385891553082	0.15399778380395018	8.51737047694519e-4	0.15232837919046893	0.15566718841743143
HepG2_skew	[0.05,0.2)	dELS	H1	108531	108517	20167.328	17003.329944	108469	20396.790983878775	442957.71598411025	10206	18988	34425	0.18804258344668776	4.0484036832381864	0.006109266739758763	0.1760684206367606	0.20001674625661492	0.09409139938599968	8.864706008078945e-4	0.0923539170084162	0.09582888176358316
HepG2_skew	[0.05,0.2)	dELS	HCT116	289671	289583	56385.561	52156.159945	289417	-82.78301213005147	920438.2978921884	18133	51403	89336	-2.8603368886434273e-4	3.1803296093286413	0.0033149275998017457	-0.006783291784475764	0.006211224406747078	0.06265354142983999	4.504648047223593e-4	0.06177063041258417	0.06353645244709581
HepG2_skew	[0.05,0.2)	dELS	HepG2	280792	280779	55282.156	50162.576414	280647	9173.964016929382	894642.1108273703	18827	49857	69117	0.032688623134861164	3.186727145852669	0.0033697077585759616	0.02608399592805228	0.03929325034167005	0.06708427312602665	4.722275977226688e-4	0.06615870703449021	0.06800983921756308
HepG2_skew	[0.05,0.2)	dELS	K562	318152	318117	61416.586	55291.32348	317884	-10937.112979881816	937344.3057764143	17024	54258	78547	-0.034405987655502686	2.9475247295459077	0.0030450497613430457	-0.04037428518773505	-0.028437690123270316	0.05355412666255615	3.993098534808011e-4	0.05277147934973378	0.05433677397537852
HepG2_skew	[0.05,0.2)	dELS	MCF-7	196422	196398	40716.833	40173.755575	196243	-4589.361971966333	705881.5009677574	14116	41212	61928	-0.02338611808811694	3.59644812836565	0.004280946626605027	-0.031776773476262794	-0.014995462699971089	0.07193122812023868	5.832459479344265e-4	0.0707880660622872	0.07307439017819016
HepG2_skew	[0.05,0.2)	dELS	SK-N-SH	106102	106098	20745.52	17547.502974	106033	26833.76796032606	563233.1194739777	12957	22580	39505	0.2530699684091373	5.24787138471367	0.007035112825731713	0.23928114727070315	0.2668587895475715	0.12219780634330822	0.001005795089994331	0.12022644796691934	0.1241691647196971
HepG2_skew	[0.05,0.2)	non-cCRE	H1	47328095	47304594	8853903.960999988	8415987.702578986	46768889	-6985421.927460616	58240695.2197366	607753	1279122	267820	-0.14936044188393308	1.2229786073576385	1.6170777573343674e-4	-0.14967738912437062	-0.14904349464349553	0.012994813710456111	1.6560224486437154e-5	0.012962355670462694	0.013027271750449529
HepG2_skew	[0.05,0.2)	non-cCRE	HCT116	47328095	47304594	8853903.960999988	8415987.702578986	46768889	-6985421.927460616	58240695.2197366	607753	1279122	267820	-0.14936044188393308	1.2229786073576385	1.6170777573343674e-4	-0.14967738912437062	-0.14904349464349553	0.012994813710456111	1.6560224486437154e-5	0.012962355670462694	0.013027271750449529
HepG2_skew	[0.05,0.2)	non-cCRE	HepG2	47328095	47304594	8853903.960999988	8415987.702578986	46768889	-6985421.927460616	58240695.2197366	607753	1279122	267820	-0.14936044188393308	1.2229786073576385	1.6170777573343674e-4	-0.14967738912437062	-0.14904349464349553	0.012994813710456111	1.6560224486437154e-5	0.012962355670462694	0.013027271750449529
HepG2_skew	[0.05,0.2)	non-cCRE	K562	47328095	47304594	8853903.960999988	8415987.702578986	46768889	-6985421.927460616	58240695.2197366	607753	1279122	267820	-0.14936044188393308	1.2229786073576385	1.6170777573343674e-4	-0.14967738912437062	-0.14904349464349553	0.012994813710456111	1.6560224486437154e-5	0.012962355670462694	0.013027271750449529
HepG2_skew	[0.05,0.2)	non-cCRE	MCF-7	47328095	47304594	8853903.960999988	8415987.702578986	46768889	-6985421.927460616	58240695.2197366	607753	1279122	267820	-0.14936044188393308	1.2229786073576385	1.6170777573343674e-4	-0.14967738912437062	-0.14904349464349553	0.012994813710456111	1.6560224486437154e-5	0.012962355670462694	0.013027271750449529
HepG2_skew	[0.05,0.2)	non-cCRE	SK-N-SH	47328095	47304594	8853903.960999988	8415987.702578986	46768889	-6985421.927460616	58240695.2197366	607753	1279122	267820	-0.14936044188393308	1.2229786073576385	1.6170777573343674e-4	-0.14967738912437062	-0.14904349464349553	0.012994813710456111	1.6560224486437154e-5	0.012962355670462694	0.013027271750449529
HepG2_skew	[0.05,0.2)	pELS	H1	107590	107580	15287.364	5901.418558	107567	34812.83500808126	523899.65949480986	13105	43228	45652	0.3236386160075233	4.765752019722739	0.006656197383003434	0.3105924691368366	0.33668476287821003	0.12183104483717125	9.973061475845575e-4	0.11987632478790551	0.12378576488643699
HepG2_skew	[0.05,0.2)	pELS	HCT116	201573	201529	29626.796	13593.480196	201531	39417.09099409264	833889.2694377286	19401	82068	78198	0.19558822709207338	4.099537292180157	0.004510207167145922	0.18674822104446737	0.2044282331396794	0.09626806793991992	6.570372798282043e-4	0.09498027487145663	0.0975558610083832
HepG2_skew	[0.05,0.2)	pELS	HepG2	177165	177142	26594.717	12991.921497	177056	37254.32399822853	735290.0950709397	17393	71037	64873	0.21040983642592473	4.108618332452143	0.0048171766831101685	0.2009681701270288	0.21985150272482065	0.09823445689499367	7.073321825678037e-4	0.09684808581716078	0.09962082797282656
HepG2_skew	[0.05,0.2)	pELS	K562	326404	326373	48485.827	22765.746039	326079	56619.01698671131	1159993.6829765127	27900	128226	106932	0.17363588880826827	3.5272621570255422	0.003288951386271131	0.16718954409117687	0.18008223352535968	0.08556208771494024	4.89842409738851e-4	0.0846019965918521	0.08652217883802839
HepG2_skew	[0.05,0.2)	pELS	MCF-7	195872	195845	29218.402	13025.297318	195870	55114.70498337423	816310.4238498227	21393	81390	79377	0.2813841067206526	4.088457192413825	0.004568732868147611	0.2724293902990833	0.2903388231422219	0.10922040128656763	7.047791592363256e-4	0.10783903413446443	0.11060176843867082
HepG2_skew	[0.05,0.2)	pELS	SK-N-SH	183635	183616	25952.84	9083.991664	183622	67839.99896993433	859576.9092400483	23031	77385	78727	0.36945463490177827	4.544758536272399	0.0049749996018269614	0.35970363568219743	0.3792056341213591	0.12542614719369138	7.729117841787305e-4	0.12391124009670107	0.1269410542906817
HepG2_skew	[0.2,0.5)	Inactive cCRE	H1	2927441	2925976	670875.644	820135.9124	2919363	-219583.32690105587	6470624.794059704	120658	261730	364015	-0.07521617794740013	2.2107941993727507	8.702221002275962e-4	-0.07692181326384621	-0.07351054263095404	0.041330249098861634	1.1649961060806203e-4	0.04110190986206983	0.041558588335653436
HepG2_skew	[0.2,0.5)	Inactive cCRE	HCT116	2908258	2906835	666043.764	813118.69537	2900223	-205453.06291362815	6541285.8629693985	122939	258544	355930	-0.07084043637803995	2.250424787598119	8.808796056524793e-4	-0.07256696040511881	-0.0691139123509611	0.042389499014386135	1.1830630640852285e-4	0.04215761865382543	0.04262137937494684
HepG2_skew	[0.2,0.5)	Inactive cCRE	HepG2	2908028	2906576	664180.694	810235.57631	2899970	-203573.3339144884	6542503.91809481	123343	257438	366280	-0.07019842754045331	2.2511321294002955	8.8105646169517e-4	-0.07192529820537585	-0.06847155687553078	0.042532508956989214	1.185020237288299e-4	0.042300244990480705	0.04276477292349772
HepG2_skew	[0.2,0.5)	Inactive cCRE	K562	2842181	2840755	652197.111	800438.728473	2834262	-206775.29692704696	6362705.640554064	119223	238583	344121	-0.07295560429030448	2.239603277120365	8.889258795406879e-4	-0.07469789901420423	-0.07121330956640473	0.04206491848671718	1.1923618383444606e-4	0.04183121556640167	0.042298621407032694
HepG2_skew	[0.2,0.5)	Inactive cCRE	MCF-7	2902209	2900791	661771.878	805996.158768	2894078	-200515.1728988426	6448367.243214866	120735	250893	362672	-0.06928464709618835	2.2233253020645747	8.764888369971347e-4	-0.07100256521670274	-0.06756672897567396	0.0417179495507723	1.1753116420850207e-4	0.041487588468923635	0.041948310632620965
HepG2_skew	[0.2,0.5)	Inactive cCRE	SK-N-SH	2874038	2872614	656605.142	804583.26147	2865894	-247433.0938755333	6164803.301692547	111364	238260	351273	-0.0863371408277952	2.1436392202434487	8.64859948650129e-4	-0.08803226632714946	-0.08464201532844094	0.03885838066585854	1.1415790216583552e-4	0.0386346311776135	0.03908213015410358
HepG2_skew	[0.2,0.5)	Other cCREs	H1	151931	151918	28384.01	25266.345832	151733	10640.37197904289	529302.76106845	11839	27479	52088	0.07012562843312192	3.4834879807598758	0.0047914519348391275	0.060734382640837234	0.07951687422540661	0.07802521534537642	6.885523858606123e-4	0.07667565266908961	0.07937477802166322
HepG2_skew	[0.2,0.5)	Other cCREs	HCT116	108695	108675	20368.505	18863.421225	108486	-1889.5779929356652	303104.96260524204	6373	14361	36657	-0.01741771281949436	2.7936770104476287	0.005074593381290021	-0.027363915846822802	-0.007471509792165919	0.05874490717696293	7.139239182947006e-4	0.057345616297105315	0.060144198056820544
HepG2_skew	[0.2,0.5)	Other cCREs	HepG2	119860	119837	23818.557	23118.952483	119681	-562.6689964059087	351060.6953724276	7333	19108	37369	-0.004701406208219423	2.933305899372616	0.004950693880972397	-0.014404766214925322	0.0050019537984864765	0.06127121264026871	6.932433325640897e-4	0.0599124557084431	0.06262996957209432
HepG2_skew	[0.2,0.5)	Other cCREs	K562	150057	150022	30222.676	29916.055788	149817	-4833.086994917482	423710.7397986735	8544	24535	45943	-0.03225993708936557	2.8271668227443665	0.00434405354430106	-0.04077428203619565	-0.023745592142535497	0.05702957608282104	5.991265412398691e-4	0.055855288061990895	0.058203864103651186
HepG2_skew	[0.2,0.5)	Other cCREs	MCF-7	129122	129072	27708.277	30141.398265	129013	-16702.608999405158	401570.7130539071	7360	21460	34757	-0.1294645423283325	3.09590051641793	0.004898653950444958	-0.13906590407120462	-0.11986318058546037	0.05704851449078775	6.457287268073674e-4	0.055782886186245315	0.05831414279533019
HepG2_skew	[0.2,0.5)	Other cCREs	SK-N-SH	182310	182267	39004.866	39601.443638	182182	16715.625981669164	693057.4356816323	16275	39580	52208	0.09175234645392609	3.7958060268379685	0.004564563706282297	0.08280580158961279	0.10069889131823939	0.08933374317989702	6.682433653704241e-4	0.08802398618377098	0.09064350017602306
HepG2_skew	[0.2,0.5)	PLS	H1	44024	44017	6126.0869999999995	1955.263727	43995	28006.470981294035	329068.08462374116	8530	18343	22342	0.6365830431024897	7.074592901302619	0.01268087045664409	0.6117285370074673	0.6614375491975121	0.19388566882600294	0.0018848184078919677	0.1901914247465347	0.1975799129054712
HepG2_skew	[0.2,0.5)	PLS	HCT116	40218	40210	5677.489	1981.422905	40203	23145.26097941886	291460.86242251226	7436	17340	20642	0.5757097972643549	6.918459502423273	0.01311823693370489	0.5499980528742933	0.6014215416544165	0.18496132129443077	0.0019364234721462844	0.18116593128902406	0.18875671129983748
HepG2_skew	[0.2,0.5)	PLS	HepG2	37166	37160	5272.563	1915.760301	37137	19481.143990624	270738.3300049463	6655	16196	18858	0.5245750596608235	7.015268411616859	0.01374417693197028	0.4976364728741618	0.5515136464474852	0.17920133559522847	0.0019901487253882067	0.17530064409346757	0.18310202709698936
HepG2_skew	[0.2,0.5)	PLS	K562	41523	41512	5934.2	2117.830318	41501	22944.46298684926	290799.89004273416	7445	17799	20962	0.5528653041336175	6.701558856272945	0.012707456663828774	0.5279586890725131	0.5777719191947218	0.17939326763210525	0.0018833946280429688	0.17570181416114103	0.18308472110306948
HepG2_skew	[0.2,0.5)	PLS	MCF-7	44035	44027	6269.282	2139.472476	44006	28504.669969590028	315975.12332643487	8491	18760	22469	0.6477450795252926	6.7608536214098525	0.012394951146376208	0.6234509752783952	0.67203918377219	0.1929509612325592	0.0018811242771080657	0.18926395764942738	0.196637964815691
HepG2_skew	[0.2,0.5)	PLS	SK-N-SH	49096	49080	6967.005	2273.974405	49065	34447.485976552	355796.2110005138	9741	20500	24677	0.7020785891481097	6.758751195304029	0.011736735789339836	0.6790745870010036	0.7250825912952158	0.19853255885050444	0.0018008308030190172	0.19500293047658718	0.2020621872244217
HepG2_skew	[0.2,0.5)	dELS	H1	26067	26065	5033.263	4727.740949	26048	7818.884999166947	121003.52628287509	2934	4714	9606	0.30017218209332563	4.555477195498075	0.013224514796249044	0.2742521330926775	0.3260922310939738	0.11263820638820639	0.0019588718913396354	0.1087988174811807	0.11647759529523208
HepG2_skew	[0.2,0.5)	dELS	HCT116	70546	70520	14986.605	16111.155961	70487	7155.742986833565	236463.67777432248	5415	12822	25752	0.10151862026804326	3.3444547373848197	0.006888238057239467	0.0880176736758539	0.11501956686023261	0.07682267652191184	0.0010030735244426312	0.07485665241400428	0.0787887006298194
HepG2_skew	[0.2,0.5)	dELS	HepG2	68293	68288	14319.937	14674.843273	68254	9147.39599560562	236683.5316200951	5470	12865	20119	0.1340199255077449	3.449776541546514	0.0071093750916136275	0.1200855503281822	0.1479543006873076	0.08014182318984968	0.0010392642585240644	0.07810486524314252	0.08217878113655684
HepG2_skew	[0.2,0.5)	dELS	K562	69381	69370	14748.81	15347.83198	69323	3704.461980028772	218059.87114019325	4583	12641	21103	0.05343770436981625	3.14275285185158	0.006733121325181937	0.04024078657245965	0.06663462216717285	0.06611081459255946	9.437245499783339e-4	0.06426111447460194	0.06796051471051699
HepG2_skew	[0.2,0.5)	dELS	MCF-7	50990	50985	11036.676	11842.573908	50934	4809.9409859484285	195405.0216868033	4445	11013	18263	0.0944347780647196	3.827593033539961	0.008668800047863523	0.0774439299709071	0.1114256261585321	0.0872698001335061	0.0012505449561544492	0.08481873201944339	0.08972086824756882
HepG2_skew	[0.2,0.5)	dELS	SK-N-SH	25532	25531	5188.258	4754.898052	25512	10499.298966751672	145391.77608072825	3642	5659	10967	0.41154354683096867	5.529805077994298	0.014722537133224078	0.3826873740498495	0.44039971961208785	0.14275634995296332	0.0021901688754356074	0.13846361895710954	0.1470490809488171
HepG2_skew	[0.2,0.5)	non-cCRE	H1	5595775	5592748	1226259.07	1504784.359082	5538647	-945043.7776055206	7214107.896547076	71416	192693	53074	-0.170627190648821	1.2733902350383284	4.794892934520479e-4	-0.17156698966398704	-0.16968739163365498	0.012894123781493927	4.79375619791681e-5	0.012800166160014758	0.012988081402973096
HepG2_skew	[0.2,0.5)	non-cCRE	HCT116	5595775	5592748	1226259.07	1504784.359082	5538647	-945043.7776055206	7214107.896547076	71416	192693	53074	-0.170627190648821	1.2733902350383284	4.794892934520479e-4	-0.17156698966398704	-0.16968739163365498	0.012894123781493927	4.79375619791681e-5	0.012800166160014758	0.012988081402973096
HepG2_skew	[0.2,0.5)	non-cCRE	HepG2	5595775	5592748	1226259.07	1504784.359082	5538647	-945043.7776055206	7214107.896547076	71416	192693	53074	-0.170627190648821	1.2733902350383284	4.794892934520479e-4	-0.17156698966398704	-0.16968739163365498	0.012894123781493927	4.79375619791681e-5	0.012800166160014758	0.012988081402973096
HepG2_skew	[0.2,0.5)	non-cCRE	K562	5595775	5592748	1226259.07	1504784.359082	5538647	-945043.7776055206	7214107.896547076	71416	192693	53074	-0.170627190648821	1.2733902350383284	4.794892934520479e-4	-0.17156698966398704	-0.16968739163365498	0.012894123781493927	4.79375619791681e-5	0.012800166160014758	0.012988081402973096
HepG2_skew	[0.2,0.5)	non-cCRE	MCF-7	5595775	5592748	1226259.07	1504784.359082	5538647	-945043.7776055206	7214107.896547076	71416	192693	53074	-0.170627190648821	1.2733902350383284	4.794892934520479e-4	-0.17156698966398704	-0.16968739163365498	0.012894123781493927	4.79375619791681e-5	0.012800166160014758	0.012988081402973096
HepG2_skew	[0.2,0.5)	non-cCRE	SK-N-SH	5595775	5592748	1226259.07	1504784.359082	5538647	-945043.7776055206	7214107.896547076	71416	192693	53074	-0.170627190648821	1.2733902350383284	4.794892934520479e-4	-0.17156698966398704	-0.16968739163365498	0.012894123781493927	4.79375619791681e-5	0.012800166160014758	0.012988081402973096
HepG2_skew	[0.2,0.5)	pELS	H1	28937	28935	4089.952	1564.253284	28935	16174.656013018091	170508.24811007443	4564	11801	13464	0.5589996894079174	5.58051497969577	0.013887542332133889	0.5317801064369351	0.5862192723788998	0.15773284949023675	0.0021427636120387008	0.1535330328106409	0.1619326661698326
HepG2_skew	[0.2,0.5)	pELS	HCT116	50683	50671	7432.593	3574.820731	50675	20098.694011777647	248192.04837337288	6362	21000	22534	0.39661951675930235	4.740508230392875	0.009671984097214547	0.3776624279287618	0.4155766055898429	0.1255451406018747	0.0014718778602799362	0.12266025999572601	0.12843002120802335
HepG2_skew	[0.2,0.5)	pELS	HepG2	45053	45050	6917.205	3704.383825	45032	18564.519996130846	219520.93905256872	5724	18460	18889	0.41225173201569654	4.704929571409113	0.01022153089339401	0.3922175314646443	0.4322859325667488	0.12710961094332918	0.0015696702702367653	0.12403305721366512	0.13018616467299324
HepG2_skew	[0.2,0.5)	pELS	K562	75258	75252	11406.159	5829.069633	75171	28016.516026552425	325231.2726091815	8730	30509	29386	0.3727037823968342	4.1877000281562315	0.007463845114426098	0.35807464597255906	0.3873329188211094	0.1161352117172846	0.0011685564865412566	0.11384484100366374	0.11842558243090545
HepG2_skew	[0.2,0.5)	pELS	MCF-7	52044	52036	7722.843	3529.912775	52043	26960.22801417532	259189.31286283617	7494	21941	23354	0.5180375461479031	4.712019186402998	0.009515297327930314	0.49938756338515966	0.5366875289106465	0.1439963107430394	0.0015389777437419352	0.14097991436530521	0.14701270712077358
HepG2_skew	[0.2,0.5)	pELS	SK-N-SH	47424	47419	6743.685	2435.938627	47421	28827.74002202659	261458.6896894253	7503	20068	22390	0.6079108416529933	5.144116279833011	0.010415258048449434	0.5874969358780323	0.6283247474279542	0.15822104131081166	0.0016758911135856373	0.15493629472818382	0.1615057878934395
HepG2_skew	[0.5,1.0)	Inactive cCRE	H1	623066	622744	154373.289	201896.644975	621297	-65039.34893950613	1413905.6269032282	25340	58038	88308	-0.10468318523911452	2.2647773375176445	0.0019092514408233171	-0.10842531806312822	-0.10094105241510082	0.0407856468001616	2.50935371425476e-4	0.040293813472167664	0.04127748012815553
HepG2_skew	[0.5,1.0)	Inactive cCRE	HCT116	619514	619202	152951.088	199193.20457	617754	-60960.547955741866	1434680.2391185462	25982	57560	86503	-0.09868094412297106	2.3126793308847065	0.001934861693027771	-0.10247327304130549	-0.09488861520463662	0.04205881305503485	2.553819190876775e-4	0.041558264493623	0.0425593616164467
HepG2_skew	[0.5,1.0)	Inactive cCRE	HepG2	619468	619146	152857.6	199348.939394	617703	-60852.92294637824	1439505.307452914	26073	57434	88343	-0.09851485737705376	2.3207151513640474	0.0019383003025115332	-0.10231392596997636	-0.09471578878413116	0.04220960558715111	2.5582974052778455e-4	0.04170817929571665	0.04271103187858557
HepG2_skew	[0.5,1.0)	Inactive cCRE	K562	604619	604307	149873.539	196616.162527	602892	-61443.00895008296	1391328.7676425043	25065	52941	83362	-0.10191379044685112	2.297375276300263	0.0019520737029218623	-0.10573985490457796	-0.09808772598912427	0.04157461037797815	2.57083076487401e-4	0.04107072754806284	0.042078493207893454
HepG2_skew	[0.5,1.0)	Inactive cCRE	MCF-7	617137	616821	152130.08	198304.282476	615344	-60397.868954642785	1406837.336500947	25374	55628	87812	-0.09815301515029444	2.276631250464207	0.001923478610960399	-0.10192303322777682	-0.09438299707281206	0.04123547154112171	2.534734502674429e-4	0.040738663578597525	0.0417322795036459
HepG2_skew	[0.5,1.0)	Inactive cCRE	SK-N-SH	609891	609581	150797.29	197962.408312	608112	-71397.09392189025	1339071.0513716573	23103	52623	84985	-0.11740780303939118	2.188232864445621	0.0018969460580892995	-0.1211258173132462	-0.11368978876553615	0.03799135685531613	2.451546315551569e-4	0.03751085377746802	0.03847185993316424
HepG2_skew	[0.5,1.0)	Other cCREs	H1	33341	33335	6593.126	6157.614558	33301	3621.700004158543	126594.87785819048	2902	6229	11968	0.10875649392386244	3.789819653564389	0.010667941715155576	0.08784732816215751	0.12966565968556737	0.08714453019428846	0.0015455833832893051	0.08411518676304142	0.0901738736255355
HepG2_skew	[0.5,1.0)	Other cCREs	HCT116	22885	22878	4943.278	5484.4253	22838	-219.03999087738305	66504.31935977744	1458	3052	8267	-0.009591032090261102	2.912038294880934	0.011291964565097724	-0.03172328263785264	0.012541218457330435	0.06384096680970312	0.0016176907772113174	0.06067029288636894	0.06701164073303731
HepG2_skew	[0.5,1.0)	Other cCREs	HepG2	25349	25343	5434.442	5719.068042	25305	378.39299279300013	76561.45914597009	1689	4121	8558	0.014953289578857939	3.0254426543619286	0.010934307720812029	-0.006477953553933637	0.036384532711649514	0.06674570243034973	0.0015689477560928227	0.0636705648284078	0.06982084003229166
HepG2_skew	[0.5,1.0)	Other cCREs	K562	31893	31882	7037.487	7547.214411	31836	-516.0879905871118	97771.664193549	2006	5311	10442	-0.016210830210676964	3.0709375837524684	0.009821464399589079	-0.03546090043387156	0.0030392400125176314	0.06301042844578465	0.0013618031893967149	0.06034129419456709	0.06567956269700222
HepG2_skew	[0.5,1.0)	Other cCREs	MCF-7	27583	27576	6347.139	7353.722339	27564	-3482.164980721892	92243.09263798271	1717	4680	7704	-0.1263301763431248	3.330667566009225	0.01099245061913761	-0.14787537955663452	-0.10478497312961507	0.06229139457263097	0.001455716676082792	0.0594381898875087	0.06514459925775325
HepG2_skew	[0.5,1.0)	Other cCREs	SK-N-SH	40664	40648	9197.063	9778.691733	40634	4615.456981387457	165634.48334486727	3917	8944	12048	0.11358608508607218	4.06345166872907	0.010000063577994808	0.09398596047320236	0.13318620969894202	0.09639710587192991	0.0014641177849503942	0.09352743501342714	0.09926677673043269
HepG2_skew	[0.5,1.0)	PLS	H1	9120	9117	1310.401	411.512637	9118	8232.41099297895	75736.8811164492	2086	3776	4645	0.9028746427921639	7.491943181073276	0.02866470281825432	0.8466918252683855	0.9590574603159423	0.22877824084228998	0.004398931520940786	0.22015633506124604	0.23740014662333392
HepG2_skew	[0.5,1.0)	PLS	HCT116	8232	8229	1181.795	386.308453	8232	6468.352994302753	65025.133018013395	1744	3495	4210	0.78575716646049	7.282538974309785	0.029743270985062947	0.7274603553297666	0.8440539775912134	0.2118561710398445	0.004503712077518304	0.20302889536790864	0.22068344671178036
HepG2_skew	[0.5,1.0)	PLS	HepG2	7503	7501	1106.189	423.781771	7501	5603.954998101224	59517.456453224826	1546	3251	3852	0.7470943871618749	7.377436417098089	0.03136123486098952	0.6856263668343354	0.8085624074894144	0.20610585255299294	0.004670537673176973	0.19695159871356607	0.2152601063924198
HepG2_skew	[0.5,1.0)	PLS	K562	8467	8464	1223.282	393.99242	8467	6354.130996825872	63609.857232162525	1731	3614	4355	0.7504583674059138	6.950312598393724	0.028650841960691835	0.6943027171629578	0.8066140176488698	0.2044407700484233	0.004382836134225978	0.19585041122534036	0.21303112887150621
HepG2_skew	[0.5,1.0)	PLS	MCF-7	9109	9106	1338.378	458.662288	9107	7952.194994997002	72947.00388575521	2021	3816	4647	0.8731958927195567	7.248317579400265	0.028211809225850627	0.8179007466368894	0.928491038802224	0.22191720654441638	0.004354323846159701	0.21338273180594336	0.2304516812828894
HepG2_skew	[0.5,1.0)	PLS	SK-N-SH	10250	10247	1502.099	479.636505	10248	9350.566993737006	80750.29099422791	2304	4248	5183	0.9124284732374127	7.0477766593372015	0.02622445721942914	0.8610285370873316	0.9638284093874938	0.22482435597189696	0.0041238435434926436	0.21674162262665136	0.23290708931714255
HepG2_skew	[0.5,1.0)	dELS	H1	5890	5889	1215.349	1238.614485	5880	1861.4580047049096	27988.546447991863	704	1138	2331	0.31657449059607307	4.660530077970135	0.028153279668936795	0.26139406244495694	0.3717549187471892	0.11972789115646258	0.004233674591922153	0.11142988895629516	0.12802589335663
HepG2_skew	[0.5,1.0)	dELS	HCT116	15785	15777	3620.395	4169.547593	15773	1906.4760070032216	58441.32727258794	1340	2997	6086	0.120869587713385	3.690774302792037	0.015296835360720998	0.09088779040637185	0.15085138502039816	0.0849553033665124	0.002220032079282829	0.08060404049111805	0.08930656624190675
HepG2_skew	[0.5,1.0)	dELS	HepG2	15417	15417	3451.152	3759.347344	15409	2817.7970208165943	57215.48235595615	1402	2882	5069	0.18286696221796317	3.6799195466389274	0.015453680687149692	0.15257774807114977	0.21315617636477657	0.09098578752677007	0.0023167804960245834	0.08644489775456189	0.09552667729897825
HepG2_skew	[0.5,1.0)	dELS	K562	15669	15666	3670.006	4247.34589	15652	908.374005701161	54795.54296875944	1138	2944	5091	0.0580356507603604	3.497720586045925	0.014948844934096239	0.028735914689531773	0.08733538683118902	0.07270636340403783	0.0020754388000898357	0.06863850335586175	0.07677422345221391
HepG2_skew	[0.5,1.0)	dELS	MCF-7	11794	11791	2725.666	3057.25861	11786	1400.3400092070228	48452.44166237166	1110	2552	4505	0.11881384771822695	4.097247507659228	0.018645021199101712	0.08226960616798759	0.1553580892684663	0.09417953504157475	0.0026903954313194775	0.08890635999618858	0.09945271008696092
HepG2_skew	[0.5,1.0)	dELS	SK-N-SH	5909	5909	1319.139	1308.242723	5902	2679.6960086185713	35744.02724545344	896	1302	2672	0.4540318550692259	5.851103185161625	0.03148612939830633	0.39231904144854546	0.5157446686899063	0.15181294476448662	0.004670900540013347	0.14265797970606045	0.16096790982291279
HepG2_skew	[0.5,1.0)	non-cCRE	H1	1032679	1032136	225791.39	277192.447998	1023856	-189273.8086703789	1336241.2488612155	12058	39763	11818	-0.1848637002375128	1.2709332788650367	0.0011141455653614408	-0.18704742554562123	-0.18267997492940438	0.011777046772202341	1.0661694363610741e-4	0.01156807756267557	0.011986015981729112
HepG2_skew	[0.5,1.0)	non-cCRE	HCT116	1032679	1032136	225791.39	277192.447998	1023856	-189273.8086703789	1336241.2488612155	12058	39763	11818	-0.1848637002375128	1.2709332788650367	0.0011141455653614408	-0.18704742554562123	-0.18267997492940438	0.011777046772202341	1.0661694363610741e-4	0.01156807756267557	0.011986015981729112
HepG2_skew	[0.5,1.0)	non-cCRE	HepG2	1032679	1032136	225791.39	277192.447998	1023856	-189273.8086703789	1336241.2488612155	12058	39763	11818	-0.1848637002375128	1.2709332788650367	0.0011141455653614408	-0.18704742554562123	-0.18267997492940438	0.011777046772202341	1.0661694363610741e-4	0.01156807756267557	0.011986015981729112
HepG2_skew	[0.5,1.0)	non-cCRE	K562	1032679	1032136	225791.39	277192.447998	1023856	-189273.8086703789	1336241.2488612155	12058	39763	11818	-0.1848637002375128	1.2709332788650367	0.0011141455653614408	-0.18704742554562123	-0.18267997492940438	0.011777046772202341	1.0661694363610741e-4	0.01156807756267557	0.011986015981729112
HepG2_skew	[0.5,1.0)	non-cCRE	MCF-7	1032679	1032136	225791.39	277192.447998	1023856	-189273.8086703789	1336241.2488612155	12058	39763	11818	-0.1848637002375128	1.2709332788650367	0.0011141455653614408	-0.18704742554562123	-0.18267997492940438	0.011777046772202341	1.0661694363610741e-4	0.01156807756267557	0.011986015981729112
HepG2_skew	[0.5,1.0)	non-cCRE	SK-N-SH	1032679	1032136	225791.39	277192.447998	1023856	-189273.8086703789	1336241.2488612155	12058	39763	11818	-0.1848637002375128	1.2709332788650367	0.0011141455653614408	-0.18704742554562123	-0.18267997492940438	0.011777046772202341	1.0661694363610741e-4	0.01156807756267557	0.011986015981729112
HepG2_skew	[0.5,1.0)	pELS	H1	6618	6617	944.452	383.644402	6617	4467.967008669047	42128.935899485645	1133	2743	3201	0.6752254811348113	5.911736808700517	0.02989007316880724	0.6166409377239491	0.7338100245456735	0.17122563095058183	0.004630970089952003	0.1621489295742759	0.18030233232688775
HepG2_skew	[0.5,1.0)	pELS	HCT116	11619	11616	1740.061	854.545141	11616	5948.94601631863	61703.84945642077	1641	4820	5387	0.5121337823965764	5.050124255859704	0.020850800368834285	0.47126621367366117	0.5530013511194916	0.1412706611570248	0.003231661301402675	0.13493660500627555	0.14760471730777405
HepG2_skew	[0.5,1.0)	pELS	HepG2	10298	10295	1587.234	836.894506	10295	5196.96500567277	53555.16281728058	1455	4236	4631	0.5048047601430568	4.9477083878103825	0.02192243908389571	0.4618367795386212	0.5477727407474924	0.14133074307916466	0.0034333501939269894	0.13460137669906774	0.14806010945926157
HepG2_skew	[0.5,1.0)	pELS	K562	17387	17383	2632.303	1283.315809	17366	7840.779009148361	78849.0361883706	2225	7114	7203	0.45150172804032945	4.33682182070589	0.015802867231363867	0.42052810826685627	0.48247534781380264	0.12812392030404238	0.002536253108677748	0.123152864211034	0.13309497639705076
HepG2_skew	[0.5,1.0)	pELS	MCF-7	12412	12408	1895.354	914.105344	12412	7671.686002166012	65874.99353828975	1943	5248	5785	0.6180862070710612	4.925729613679059	0.019921149782157973	0.5790407534980316	0.6571316606440908	0.15654205607476634	0.0032615673416166563	0.1501493840851977	0.16293472806433498
HepG2_skew	[0.5,1.0)	pELS	SK-N-SH	11321	11317	1621.0259999999998	559.051784	11317	7895.561009152559	65155.01526913998	1945	4807	5565	0.6976726172265229	5.27098785396013	0.021581436551745527	0.6553730015851016	0.7399722328679441	0.17186533533621984	0.003546328554677997	0.16491453136905096	0.17881613930338872
HepG2_skew	[1.0,1.5)	Inactive cCRE	H1	108897	108838	25271.184	32730.001184	108568	-9895.908981681916	242738.99764262908	4489	10585	16239	-0.09114940849681229	2.227536833406196	0.004529617483018149	-0.10002745876352787	-0.08227135823009671	0.041347358337631715	6.04231833317399e-4	0.04016306394432961	0.04253165273093382
HepG2_skew	[1.0,1.5)	Inactive cCRE	HCT116	108438	108380	24843.666	31762.653708	108110	-9204.929981888736	248490.86459332984	4644	10471	15874	-0.08514411231050537	2.2912719477669903	0.004603682724046994	-0.09416733044963747	-0.07612089417137326	0.042956248265655354	6.166605050815052e-4	0.0417475936756956	0.044164902855615105
HepG2_skew	[1.0,1.5)	Inactive cCRE	HepG2	107983	107924	24963.828	32164.28003	107656	-9455.848983247184	246034.1532282465	4608	10379	16104	-0.08783392456757806	2.277679707416558	0.004599675633589846	-0.09684928880941415	-0.07881856032574197	0.04280300215501226	6.169055248839415e-4	0.041593867326239736	0.04401213698378478
HepG2_skew	[1.0,1.5)	Inactive cCRE	K562	105383	105324	24521.734	31923.048098	105066	-9625.712982519995	239505.23664753677	4455	9575	15334	-0.09161586985818433	2.271197530858402	0.004649394039137886	-0.10072868217489458	-0.08250305754147408	0.042401918793900976	6.216605228649885e-4	0.041183464169085596	0.04362037341871636
HepG2_skew	[1.0,1.5)	Inactive cCRE	MCF-7	107904	107845	25010.461	32405.451757	107574	-9170.582981712068	243116.0664144052	4521	10050	16191	-0.08524906558938097	2.2527426285806325	0.004576169790885561	-0.09421835837951667	-0.07627977279924528	0.042026883819510294	6.117677749858999e-4	0.04082781898053793	0.04322594865848266
HepG2_skew	[1.0,1.5)	Inactive cCRE	SK-N-SH	106372	106315	24743.301	32300.031641	106040	-11663.145977306298	228270.78382360295	4059	9523	15570	-0.10998817405984815	2.1406084147697126	0.004492972439975124	-0.11879440004219939	-0.1011819480774969	0.03827800829875519	5.892024990343391e-4	0.037123171400647886	0.03943284519686249
HepG2_skew	[1.0,1.5)	Other cCREs	H1	5824	5824	1180.442	1169.517016	5818	701.2320032007993	22463.35622583199	537	1100	2041	0.12052801705067022	3.8471442535660527	0.02571475418120639	0.07012709885550569	0.17092893524583475	0.09229975936748024	0.0037947629457452383	0.08486202399381956	0.09973749474114091
HepG2_skew	[1.0,1.5)	Other cCREs	HCT116	3554	3554	916.199	1241.240215	3548	-112.77899990824504	10345.866233911922	235	513	1287	-0.031786640334905594	2.9157827370748546	0.028667232889932538	-0.08797441679917337	0.024401136129362178	0.06623449830890643	0.004175122595485985	0.0580512580217539	0.07441773859605896
HepG2_skew	[1.0,1.5)	Other cCREs	HepG2	4383	4383	928.97	1035.777106	4377	59.48400195851013	13812.216611716074	287	713	1403	0.013590130673637223	3.156171895876706	0.026852952947329266	-0.03904165710312814	0.06622191845040258	0.06557002513136852	0.003741431363020669	0.058236819659848005	0.07290323060288903
HepG2_skew	[1.0,1.5)	Other cCREs	K562	5395	5395	1164.692	1260.212226	5384	35.43400205380732	15673.99513522963	355	922	1662	0.006581352535996902	2.9117150160821756	0.023255297915626343	-0.03899903137863073	0.05216173645062454	0.06593610698365528	0.0033821854548312506	0.05930702349218603	0.07256519047512452
HepG2_skew	[1.0,1.5)	Other cCREs	MCF-7	4558	4558	995.287	1101.798673	4551	-620.5600007692126	14943.227722015792	282	821	1218	-0.13635684481854815	3.2656285974264407	0.026787363900519133	-0.18886007806356564	-0.08385361157353065	0.06196440342781806	0.003573776414222885	0.05495980165594121	0.06896900519969491
HepG2_skew	[1.0,1.5)	Other cCREs	SK-N-SH	7094	7092	1516.011	1532.917141	7090	1312.7669998221104	29817.694436182857	729	1582	2032	0.18515754581411994	4.171903755151647	0.024257387327096105	0.1376130666530116	0.2327020249752283	0.10282087447108604	0.003607091085529596	0.09575097594344803	0.10989077299872405
HepG2_skew	[1.0,1.5)	PLS	H1	1247	1247	197.074	61.95495	1247	1093.2120009161297	10303.728484844196	280	520	604	0.8766736174146991	7.500271561316125	0.07755419018240431	0.7246674046571866	1.0286798301722115	0.22453889334402566	0.01181660103074061	0.20137835532377407	0.24769943136427724
HepG2_skew	[1.0,1.5)	PLS	HCT116	1104	1104	172.076	51.781648	1104	822.6200021816189	8302.48174071056	224	459	548	0.745126813570307	6.971464659751379	0.0794652910499852	0.589374843112336	0.9008787840282779	0.2028985507246377	0.012103521198278346	0.17917564917601214	0.22662145227326325
HepG2_skew	[1.0,1.5)	PLS	HepG2	986	986	158.507	61.634423	986	647.8160005476096	7077.911036191613	185	429	470	0.6570141993383465	6.753590584033761	0.08276160553630542	0.4948014524871879	0.8192269461895051	0.1876267748478702	0.012433309649967887	0.16325748793393313	0.21199606176180724
HepG2_skew	[1.0,1.5)	PLS	K562	1165	1165	179.665	50.364163	1165	832.8810014411572	8356.588278519965	219	505	563	0.7149193145417658	6.667650828071128	0.07565253090162094	0.5666403539745888	0.8631982751089429	0.18798283261802576	0.011446658798407046	0.16554738137314795	0.21041828386290357
HepG2_skew	[1.0,1.5)	PLS	MCF-7	1273	1273	197.126	54.160036	1273	1072.792000430986	9355.02226971669	274	532	606	0.8427274158923692	6.643829433493302	0.07224287738911703	0.7011313762096998	0.9843234555750386	0.2152395915161037	0.011519017021868909	0.19266231815324064	0.23781686487896675
HepG2_skew	[1.0,1.5)	PLS	SK-N-SH	1461	1461	227.469	66.456211	1461	1354.277001745417	11613.948733349474	324	589	702	0.926952088805898	7.0949307107943635	0.06968655112573026	0.7903664485994667	1.0635377290123293	0.22176591375770022	0.01086869529779569	0.20046327097402067	0.24306855654137977
HepG2_skew	[1.0,1.5)	dELS	H1	982	982	208.422	216.055988	981	161.57300007611045	4222.40577368905	105	181	373	0.1647023446239658	4.281422777294476	0.06606319201136403	0.0352184882816923	0.29418620096623926	0.10703363914373089	0.009870591790721703	0.08768727923391635	0.1263799990535454
HepG2_skew	[1.0,1.5)	dELS	HCT116	2901	2901	757.481	981.315883	2899	375.58099981362506	9416.756381612417	229	542	1142	0.12955536385430322	3.232607953252174	0.03339276728501881	0.06410553997566636	0.19500518773294007	0.07899275612280096	0.005009576913231029	0.06917398537286815	0.08881152687273378
HepG2_skew	[1.0,1.5)	dELS	HepG2	2838	2838	679.425	822.521179	2835	580.1830008346587	9812.918407863865	260	535	997	0.20465008847783378	3.4206718085425956	0.03473594932994876	0.1365676277911342	0.2727325491645334	0.09171075837742504	0.005420579219434645	0.08108642310733313	0.10233509364751694
HepG2_skew	[1.0,1.5)	dELS	K562	2821	2821	643.284	743.72264	2817	231.69900017289916	8975.658864293564	198	528	905	0.08225026630205863	3.1806113493705337	0.03360174863476072	0.016390838977927633	0.14810969362618964	0.07028753993610223	0.004816372564576676	0.060847449709531945	0.07972763016267252
HepG2_skew	[1.0,1.5)	dELS	MCF-7	2077	2077	472.851	525.338943	2077	180.05800249322786	7305.719162115535	182	455	752	0.08669138300107264	3.5116135283521133	0.04111829598821596	0.006099522864169357	0.16728324313797593	0.08762638420799229	0.006204196670849923	0.07546615873312644	0.09978660968285814
HepG2_skew	[1.0,1.5)	dELS	SK-N-SH	1041	1041	232.713	247.519369	1041	484.3649992636639	5377.634255073248	155	230	472	0.46528818373070496	4.954100907983782	0.06898537975934885	0.3300768394023812	0.6004995280590287	0.148895292987512	0.011033330201047015	0.12726996579345984	0.17052062018156416
HepG2_skew	[1.0,1.5)	non-cCRE	H1	168921	168840	30572.126	31758.94482	167473	-37063.622949160286	224996.98090202425	1736	7177	2116	-0.22131103490807644	1.2945112744202185	0.002780228676894135	-0.22676028311478894	-0.21586178670136394	0.01036585001761478	2.4749555135843984e-4	0.009880758736952239	0.010850941298277322
HepG2_skew	[1.0,1.5)	non-cCRE	HCT116	168921	168840	30572.126	31758.94482	167473	-37063.622949160286	224996.98090202425	1736	7177	2116	-0.22131103490807644	1.2945112744202185	0.002780228676894135	-0.22676028311478894	-0.21586178670136394	0.01036585001761478	2.4749555135843984e-4	0.009880758736952239	0.010850941298277322
HepG2_skew	[1.0,1.5)	non-cCRE	HepG2	168921	168840	30572.126	31758.94482	167473	-37063.622949160286	224996.98090202425	1736	7177	2116	-0.22131103490807644	1.2945112744202185	0.002780228676894135	-0.22676028311478894	-0.21586178670136394	0.01036585001761478	2.4749555135843984e-4	0.009880758736952239	0.010850941298277322
HepG2_skew	[1.0,1.5)	non-cCRE	K562	168921	168840	30572.126	31758.94482	167473	-37063.622949160286	224996.98090202425	1736	7177	2116	-0.22131103490807644	1.2945112744202185	0.002780228676894135	-0.22676028311478894	-0.21586178670136394	0.01036585001761478	2.4749555135843984e-4	0.009880758736952239	0.010850941298277322
HepG2_skew	[1.0,1.5)	non-cCRE	MCF-7	168921	168840	30572.126	31758.94482	167473	-37063.622949160286	224996.98090202425	1736	7177	2116	-0.22131103490807644	1.2945112744202185	0.002780228676894135	-0.22676028311478894	-0.21586178670136394	0.01036585001761478	2.4749555135843984e-4	0.009880758736952239	0.010850941298277322
HepG2_skew	[1.0,1.5)	non-cCRE	SK-N-SH	168921	168840	30572.126	31758.94482	167473	-37063.622949160286	224996.98090202425	1736	7177	2116	-0.22131103490807644	1.2945112744202185	0.002780228676894135	-0.22676028311478894	-0.21586178670136394	0.01036585001761478	2.4749555135843984e-4	0.009880758736952239	0.010850941298277322
HepG2_skew	[1.0,1.5)	pELS	H1	1222	1222	179.929	60.117549	1221	682.1690007841684	6541.5171029800395	201	493	600	0.5586969703392042	5.0495011057234445	0.06430820741657352	0.4326528838027201	0.6847410568756882	0.16461916461916462	0.010612668987868756	0.14381833340294187	0.18541999583538737
HepG2_skew	[1.0,1.5)	pELS	HCT116	2175	2174	347.629	200.655233	2174	861.7850030970296	9714.036280409506	280	894	1006	0.39640524521482506	4.313124797484753	0.044541643980897765	0.30910362301226546	0.48370686741738467	0.12879484820607176	0.007184221162256153	0.1147137747280497	0.14287592168409383
HepG2_skew	[1.0,1.5)	pELS	HepG2	1982	1982	306.321	153.433949	1981	910.643003201694	9532.805945956365	272	823	883	0.45968854275703885	4.603128177193275	0.0482041352565005	0.3652084376542979	0.5541686478597798	0.13730439172135286	0.007732657420324661	0.12214838317751653	0.1524604002651892
HepG2_skew	[1.0,1.5)	pELS	K562	3408	3408	527.676	260.29956	3403	1267.976002147421	13758.526304394369	385	1349	1393	0.3726053488531945	3.9053708594287917	0.03387662729669751	0.3062071593516674	0.4390035383547216	0.11313546870408463	0.005429965357213998	0.10249273660394519	0.12377820080422407
HepG2_skew	[1.0,1.5)	pELS	MCF-7	2360	2360	361.326	150.897278	2360	1280.5700028523572	11549.9696617213	353	1021	1090	0.542614407988287	4.6015743652971635	0.04415676218103358	0.45606715411346116	0.6291616618631128	0.14957627118644068	0.0073416391476799105	0.13518665845698805	0.1639658839158933
HepG2_skew	[1.0,1.5)	pELS	SK-N-SH	2204	2204	317.557	90.722325	2203	1254.0139997703957	11189.943981765782	345	955	1081	0.5692301406129804	4.757548327132531	0.046471250134139344	0.4781464903500673	0.6603137908758935	0.15660463004993191	0.007743024913735754	0.14142830121900984	0.17178095888085398
HepG2_skew	[1.5,Inf)	Inactive cCRE	H1	30458	30444	5354.4800000000005	5004.740684	30394	-3373.2569888978037	65963.09410829947	1177	2833	4267	-0.11098430574777271	2.158020449553444	0.008426240457491392	-0.12749973704445583	-0.09446887445108959	0.03872474830558663	0.0011066855846601528	0.03655564455965273	0.040893852051520525
HepG2_skew	[1.5,Inf)	Inactive cCRE	HCT116	30401	30387	5244.766	4725.103484	30341	-3298.76198899001	66241.44337681627	1193	2798	4203	-0.10872291582314393	2.1714829385223045	0.008459861741635882	-0.12530424483675026	-0.0921415868095376	0.039319732375333705	0.001115783067611599	0.03713279756281497	0.04150666718785244
HepG2_skew	[1.5,Inf)	Inactive cCRE	HepG2	30154	30139	5270.621	4844.197747	30091	-3419.9389864769755	65200.97188519297	1155	2783	4188	-0.11365321812093236	2.1539476508342514	0.008460562960787395	-0.13023592152407565	-0.09707051471778907	0.03838356983815759	0.0011075295155811046	0.03621281198761862	0.04055432768869656
HepG2_skew	[1.5,Inf)	Inactive cCRE	K562	29521	29507	5238.059	4978.698187	29461	-3390.602992122877	63589.6530498924	1126	2573	4078	-0.11508784468018318	2.145262588573075	0.008533289652848738	-0.1318130923997667	-0.09836259696059965	0.03822001968704389	0.0011170164723964908	0.036030667401146764	0.04040937197294101
HepG2_skew	[1.5,Inf)	Inactive cCRE	MCF-7	30326	30312	5343.22	5025.228482	30262	-3213.7099929413516	65805.66675961167	1177	2753	4294	-0.10619621944819746	2.1633251679706027	0.008454970330851084	-0.12276796129666559	-0.08962447759972933	0.038893662018372875	0.0011114151822764237	0.03671528826111108	0.04107203577563467
HepG2_skew	[1.5,Inf)	Inactive cCRE	SK-N-SH	29825	29813	5276.714	5044.74122	29761	-3641.607991375611	62068.66471460767	1061	2579	4057	-0.12236174830736908	2.070667714856615	0.008341255921401333	-0.13871060991331569	-0.10601288670142248	0.03565068378078694	0.0010747992644116956	0.03354407722254001	0.03775729033903386
HepG2_skew	[1.5,Inf)	Other cCREs	H1	1550	1549	305.272	277.782988	1550	109.58700231695558	4821.361635168968	121	318	516	0.0707012918173907	3.1075620997667937	0.04477587267762732	-0.01705941863075884	0.15846200226554025	0.07806451612903226	0.006814143140726112	0.06470879557320908	0.09142023668485544
HepG2_skew	[1.5,Inf)	Other cCREs	HCT116	932	932	237.771	325.828197	929	-7.67999905417675	2764.5239820587612	59	144	304	-0.008266952695561625	2.9789444955494377	0.05662697322295592	-0.11925582021255524	0.10272191482143198	0.06350914962325081	0.008001327765042553	0.04782654720376741	0.07919175204273421
HepG2_skew	[1.5,Inf)	Other cCREs	HepG2	1203	1203	254.029	292.679301	1202	62.30100090836635	3679.13271637018	88	212	377	0.051831115564364684	3.06070240299111	0.05046128648218219	-0.047073005940712405	0.15073523706944178	0.07321131447587355	0.007513239446394532	0.058485365160940266	0.08793726379080682
HepG2_skew	[1.5,Inf)	Other cCREs	K562	1423	1423	239.734	182.76434	1422	80.76000415091391	4041.582722484453	92	235	377	0.05679325186421513	2.8409543273949014	0.04469740682399443	-0.03081366551081395	0.1444001692392442	0.06469760900140648	0.006523344878533947	0.05191185303947994	0.07748336496333301
HepG2_skew	[1.5,Inf)	Other cCREs	MCF-7	1161	1161	220.05	194.935952	1161	-196.90899622766327	3430.133036505664	66	193	288	-0.16960292526069187	2.9282212885649193	0.05022105560401775	-0.26803619424456665	-0.07116965627681708	0.056847545219638244	0.006795645222477714	0.04352808058358193	0.07016700985569456
HepG2_skew	[1.5,Inf)	Other cCREs	SK-N-SH	1890	1887	327.557	218.997725	1890	57.51400288892917	6552.665190996453	160	410	535	0.030430689359221785	3.467927474981861	0.04283552569883046	-0.05352694101048591	0.11438831972892949	0.08465608465608465	0.006403100769463823	0.07210600714793555	0.09720616216423375
HepG2_skew	[1.5,Inf)	PLS	H1	287	287	42.359	8.037819	287	167.81799923372452	1860.5986574308597	49	114	126	0.5847317046471238	6.162483051288302	0.14653349917611153	0.2975260462619452	0.8719373630323024	0.17073170731707318	0.022210772995353324	0.1271985922461807	0.21426482238796568
HepG2_skew	[1.5,Inf)	PLS	HCT116	250	250	35.541	6.355403	250	141.70800042827614	1760.0995153370825	44	113	121	0.5668320017131045	6.746083878697033	0.164269094825497	0.24486457585513044	0.8887994275710787	0.176	0.024085182166635154	0.12879304295339508	0.2232069570466049
HepG2_skew	[1.5,Inf)	PLS	HepG2	211	211	33.673	13.649423	211	101.27700021024796	1481.0935390173142	38	89	90	0.47998578298695715	6.821342946537277	0.17980166728105917	0.1275745151160812	0.8323970508578331	0.18009478672985782	0.026453988896630618	0.1282449684924618	0.23194460496725383
HepG2_skew	[1.5,Inf)	PLS	K562	256	256	38.612	10.731992	256	162.95300104958014	1852.9525321191388	51	109	114	0.6365351603499224	6.859714578300169	0.1636941051824562	0.31569471419230827	0.9573756065075365	0.19921875	0.024963304291033047	0.15029067358957524	0.24814682641042476
HepG2_skew	[1.5,Inf)	PLS	MCF-7	288	288	42.372	7.857318	288	202.0100004216656	1707.599480303642	51	119	136	0.7014236125752278	5.456114620319004	0.13764026457277395	0.4316486940125908	0.9711985311378648	0.17708333333333334	0.022494198819183922	0.13299470364773286	0.22117196301893383
HepG2_skew	[1.5,Inf)	PLS	SK-N-SH	335	335	51.223	9.884049	335	235.65400052187036	2150.720502207082	64	129	157	0.7034447776772249	5.942966844913851	0.13319234038433395	0.4423877905239304	0.9645017648305194	0.191044776119403	0.021478671797848025	0.14894657939562087	0.2331429728431851
HepG2_skew	[1.5,Inf)	dELS	H1	271	271	49.479	49.850119	271	77.35600156057629	1113.9308273236832	31	48	84	0.28544650022352874	4.0438882496553	0.12215603489879932	0.046020671821882075	0.5248723286251754	0.11439114391143912	0.01933448156825466	0.07649556003765999	0.15228672778521823
HepG2_skew	[1.5,Inf)	dELS	HCT116	709	708	188.901	258.454191	708	104.80800162767996	2132.658287728015	50	125	241	0.14803390060406774	2.994544767231332	0.06503524432616539	0.020564821724783577	0.2755029794833519	0.07062146892655367	0.009628265610312445	0.05175006833034128	0.08949286952276607
HepG2_skew	[1.5,Inf)	dELS	HepG2	802	802	162.091	167.993711	802	217.09700016025465	2886.8121751276985	75	129	255	0.2706945139155295	3.5306432062382007	0.0663498173482218	0.14064887191301478	0.40074015591804424	0.09351620947630923	0.010281021910445366	0.07336540653183632	0.11366701242078214
HepG2_skew	[1.5,Inf)	dELS	K562	781	780	150.807	143.029601	778	-12.434999907854932	2421.6608408089896	49	145	209	-0.015983290369993484	3.1164248244462183	0.06329050035369325	-0.14003267106323225	0.1080660903232453	0.06298200514138817	0.008709483659589469	0.045911417168592816	0.08005259311418353
HepG2_skew	[1.5,Inf)	dELS	MCF-7	498	497	98.807	94.491759	498	93.90600173559504	1709.054563382438	48	108	143	0.18856626854537156	3.4031127948513915	0.0826653484176947	0.026542185646689948	0.35059035144405315	0.0963855421686747	0.01322460963731209	0.070465307279543	0.1223057770578064
HepG2_skew	[1.5,Inf)	dELS	SK-N-SH	250	250	51.893	50.905575	250	150.71900149853883	1710.794738782998	44	61	107	0.6028760059941554	6.505742446313782	0.16131636552208561	0.2866959295708676	0.9190560824174432	0.176	0.024085182166635154	0.12879304295339508	0.2232069570466049
HepG2_skew	[1.5,Inf)	non-cCRE	H1	46278	46261	6368.042	3551.5909739999997	45866	-10798.993986487856	61756.16164819518	443	1747	545	-0.2354466050339654	1.2910405576429609	0.005305477896082132	-0.24584534171028638	-0.2250478683576444	0.009658570618758994	4.566710385563103e-4	0.008763495383188626	0.010553645854329361
HepG2_skew	[1.5,Inf)	non-cCRE	HCT116	46278	46261	6368.042	3551.5909739999997	45866	-10798.993986487856	61756.16164819518	443	1747	545	-0.2354466050339654	1.2910405576429609	0.005305477896082132	-0.24584534171028638	-0.2250478683576444	0.009658570618758994	4.566710385563103e-4	0.008763495383188626	0.010553645854329361
HepG2_skew	[1.5,Inf)	non-cCRE	HepG2	46278	46261	6368.042	3551.5909739999997	45866	-10798.993986487856	61756.16164819518	443	1747	545	-0.2354466050339654	1.2910405576429609	0.005305477896082132	-0.24584534171028638	-0.2250478683576444	0.009658570618758994	4.566710385563103e-4	0.008763495383188626	0.010553645854329361
HepG2_skew	[1.5,Inf)	non-cCRE	K562	46278	46261	6368.042	3551.5909739999997	45866	-10798.993986487856	61756.16164819518	443	1747	545	-0.2354466050339654	1.2910405576429609	0.005305477896082132	-0.24584534171028638	-0.2250478683576444	0.009658570618758994	4.566710385563103e-4	0.008763495383188626	0.010553645854329361
HepG2_skew	[1.5,Inf)	non-cCRE	MCF-7	46278	46261	6368.042	3551.5909739999997	45866	-10798.993986487856	61756.16164819518	443	1747	545	-0.2354466050339654	1.2910405576429609	0.005305477896082132	-0.24584534171028638	-0.2250478683576444	0.009658570618758994	4.566710385563103e-4	0.008763495383188626	0.010553645854329361
HepG2_skew	[1.5,Inf)	non-cCRE	SK-N-SH	46278	46261	6368.042	3551.5909739999997	45866	-10798.993986487856	61756.16164819518	443	1747	545	-0.2354466050339654	1.2910405576429609	0.005305477896082132	-0.24584534171028638	-0.2250478683576444	0.009658570618758994	4.566710385563103e-4	0.008763495383188626	0.010553645854329361
HepG2_skew	[1.5,Inf)	pELS	H1	338	338	49.569	12.854955	338	207.30500049749395	1702.2225177180237	47	134	141	0.6133284038387395	4.6738174262762815	0.11759193087928267	0.3828482193153455	0.8438085883621336	0.1390532544378698	0.01882003267232282	0.10216599040011709	0.17594051847562253
HepG2_skew	[1.5,Inf)	pELS	HCT116	612	612	94.18	37.52529	612	248.7350006991764	2562.482584000872	79	267	265	0.4064297397045366	4.028460364011945	0.08113230907094236	0.24741041392548957	0.5654490654835836	0.12908496732026145	0.013553454961465171	0.10252019559578972	0.15564973904473317
HepG2_skew	[1.5,Inf)	pELS	HepG2	534	534	80.745	34.746383	534	228.0729999090545	2213.197430232855	69	234	224	0.4271029960843717	3.9695811794479305	0.08621874866111784	0.25811424870858074	0.5960917434601627	0.12921348314606743	0.014515738515243964	0.10076263565618926	0.1576643306359456
HepG2_skew	[1.5,Inf)	pELS	K562	923	923	133.947	38.042445	923	348.13400154118443	3555.358600636025	107	385	356	0.3771765997195931	3.713720826125755	0.06343132393416445	0.25285120480863077	0.5015019946305554	0.11592632719393282	0.010537423061914223	0.09527297799258094	0.1365796763952847
HepG2_skew	[1.5,Inf)	pELS	MCF-7	631	631	96.71	30.753054	631	303.5120017227018	2808.7539061375696	83	274	273	0.48100158751616773	4.226609764251968	0.08184297287850115	0.3205893606743055	0.6414138143580299	0.13153724247226625	0.01345504908882387	0.10516534625817146	0.15790913868636103
HepG2_skew	[1.5,Inf)	pELS	SK-N-SH	604	604	93.772	28.737996	604	386.5300011772198	2978.3625993468263	96	268	278	0.6399503330748672	4.529025864593757	0.08659322833245116	0.47022760554326287	0.8096730606064715	0.15894039735099338	0.0148768870159809	0.12978169879967083	0.18809909590231594
K562_skew	(-Inf,-1.5)	Inactive cCRE	H1	104162	104149	63042	126509.097808	103749	1965.5969924632225	318400.69606515666	6262	10665	38778	0.018945695789484452	3.068622589953471	0.005438508093903871	0.008286219925432865	0.029605171653536037	0.06035720826224831	7.393566876217862e-4	0.05890806915450961	0.06180634736998701
K562_skew	(-Inf,-1.5)	Inactive cCRE	HCT116	101493	101481	62296.188	124898.879864	101059	-1817.9590047197448	295407.410299816	5620	10293	36656	-0.017989085630371812	2.9228235951592905	0.005377913394141252	-0.02852979588288867	-0.0074483753778549575	0.05561107867681255	7.208893393626405e-4	0.054198135571661775	0.05702402178196333
K562_skew	(-Inf,-1.5)	Inactive cCRE	HepG2	105688	105675	63383.932	126474.244926	105257	4884.794997698982	337941.39752289816	6797	10824	40345	0.046408267361781	3.208507853715109	0.00552110567213238	0.03558690024440153	0.05722963447916046	0.06457527765374274	7.575513370905384e-4	0.06309047703304528	0.0660600782744402
K562_skew	(-Inf,-1.5)	Inactive cCRE	K562	88567	88556	56512.886	115185.48507	88182	-4672.180006079958	248079.8927065375	4510	7989	29892	-0.05298337536095754	2.8104959666994187	0.005645488289914742	-0.06404853240919044	-0.041918218312724645	0.05114422444489805	7.418368951357772e-4	0.04969022413043193	0.052598224759364175
K562_skew	(-Inf,-1.5)	Inactive cCRE	MCF-7	104452	104440	62165.303	124097.649133	104033	3440.414990359567	320048.4085326637	6343	10315	39494	0.03307041987022932	3.07534828287839	0.0054370282825911415	0.022413844436350687	0.04372699530410796	0.060971038036007806	7.418493608826622e-4	0.05951701328867779	0.06242506278333782
K562_skew	(-Inf,-1.5)	Inactive cCRE	SK-N-SH	105860	105848	63386.447	127048.178441	105421	306.41498789645556	305268.6566453918	6018	10248	40802	0.002906583962364762	2.895729140812959	0.005241014998501763	-0.007365805434698693	0.013178973359428216	0.057085400442037165	7.145541407748973e-4	0.055684874326118364	0.05848592655795597
K562_skew	(-Inf,-1.5)	Other cCREs	H1	12999	12999	4714.585	6634.121905	12968	18445.97599856334	134781.8207585768	3424	2271	10475	1.422422578544366	8.370775662445658	0.025406588324556	1.3726256654282363	1.4722194916604958	0.2640345465761875	0.003870994823636649	0.2564473967218597	0.27162169643051537
K562_skew	(-Inf,-1.5)	Other cCREs	HCT116	10111	10110	3378.86	4861.044084	10097	16398.710010300038	116378.21436716024	2851	1266	8320	1.624117065494705	8.889143184165324	0.029671108573524986	1.5659616926905962	1.682272438298814	0.2823610973556502	0.004479806330348362	0.2735806769481674	0.29114151776313296
K562_skew	(-Inf,-1.5)	Other cCREs	HepG2	9849	9848	3490.48	5019.846188	9835	15951.87600501348	114125.7762335987	2827	1633	7946	1.6219497717349751	8.974235772678712	0.030207275428837107	1.5627435118944544	1.6811560315754959	0.28744280630401625	0.004563503673288179	0.27849833910437144	0.29638727350366106
K562_skew	(-Inf,-1.5)	Other cCREs	K562	18542	18539	7502.32	11975.56532	18495	18849.92900451064	152323.81371918655	3727	2808	12957	1.019190538227123	7.197585402375705	0.019727236243771106	0.9805251551893316	1.0578559212649143	0.2015139226818059	0.0029495722230262777	0.1957327611246744	0.20729508423893742
K562_skew	(-Inf,-1.5)	Other cCREs	MCF-7	9760	9758	4350.036	7023.046386	9734	12998.462014284682	104368.95599862497	2521	1633	7410	1.335366962634547	8.93981704096261	0.030305303968609424	1.2759685668560725	1.3947653584130215	0.25898911033490857	0.004440249520775098	0.25028622127418937	0.26769199939562777
K562_skew	(-Inf,-1.5)	Other cCREs	SK-N-SH	10704	10703	4329.37	6265.846592	10696	16244.743012887197	123963.81249080504	3038	2299	7929	1.5187680453335075	9.28394725555654	0.029461552940719348	1.4610234015696977	1.5765126890973173	0.28403141361256545	0.004360331159132001	0.27548516454066674	0.29257766268446417
K562_skew	(-Inf,-1.5)	PLS	H1	4565	4564	843.896	362.35713	4563	17835.21899620258	118438.3520889676	2885	2035	3772	3.9086607486746834	10.680958275864418	0.04838156082165878	3.813832889464232	4.003488607885134	0.6322594784133245	0.007138273501333888	0.6182684623507101	0.646250494475939
K562_skew	(-Inf,-1.5)	PLS	HCT116	4325	4324	868.171	490.742745	4325	16656.939997510643	110844.94789130296	2702	1951	3555	3.851315606360842	10.79875460792648	0.04996820863974495	3.753377917426942	3.949253295294742	0.6247398843930636	0.007362456885126202	0.6103094688982162	0.639170299887911
K562_skew	(-Inf,-1.5)	PLS	HepG2	3975	3975	819.497	503.891043	3973	15223.570001324648	101749.21312215534	2462	1782	3268	3.8317568591302913	10.93056252495707	0.05245199050146079	3.7289509577474282	3.9345627605131543	0.6196828593002769	0.007701909458716836	0.6045871167611919	0.6347786018393619
K562_skew	(-Inf,-1.5)	PLS	K562	4513	4513	922.518	564.371388	4512	16801.84399765485	111445.64060885012	2732	1992	3670	3.723812942742653	10.835450336608298	0.04900483570139414	3.6277634647679204	3.8198624207173855	0.6054964539007093	0.007276067380057961	0.5912353618357957	0.6197575459656228
K562_skew	(-Inf,-1.5)	PLS	MCF-7	4406	4406	834.799	396.782867	4404	17422.96099583537	115512.25850126462	2819	1985	3622	3.9561673469199294	10.580083834404087	0.04901408497078345	3.8600997403771937	4.052234953462665	0.6400999091734787	0.00723254602099866	0.6259241189723214	0.654275699374636
K562_skew	(-Inf,-1.5)	PLS	SK-N-SH	4682	4681	865.835	358.609787	4680	18463.301997721785	122378.78040176346	2979	2070	3824	3.9451499995132018	10.587365790647418	0.047563196355735325	3.8519261346559603	4.038373864370443	0.6365384615384615	0.007031024783982221	0.6227576529618564	0.6503192701150666
K562_skew	(-Inf,-1.5)	dELS	H1	1974	1974	716.261	1005.922375	1971	2233.744999093934	15197.594387381883	439	381	1490	1.133305428256689	6.429481753587561	0.057114275479206986	1.0213614483174434	1.2452494081959347	0.22272957889396244	0.0093719876223643	0.20436048315412841	0.24109867463379647
K562_skew	(-Inf,-1.5)	dELS	HCT116	6343	6343	2382.201	3800.099767	6342	6834.872991780633	48393.28704263904	1401	1190	4879	1.077715703528955	6.470152513447582	0.03194067869915705	1.0151119732786071	1.140319433779303	0.22090823084200567	0.005209393191008056	0.2106978201876299	0.23111864149638145
K562_skew	(-Inf,-1.5)	dELS	HepG2	3535	3535	1428.536	2274.700696	3535	3529.8539857694423	26970.495822546236	739	750	2493	0.9985442675443966	6.63434645155275	0.0433215876671947	0.913633955716695	1.0834545793720982	0.20905233380480906	0.006839221597592968	0.19564745947352685	0.22245720813609127
K562_skew	(-Inf,-1.5)	dELS	K562	9503	9503	3546.479	5698.636343	9490	6146.140993956127	52406.57754510727	1399	1562	6256	0.6476439403536488	5.103389880262665	0.023189760740225426	0.602192009302807	0.6930958714044906	0.14741833508956798	0.00363923951297109	0.14028542564414465	0.1545512445349913
K562_skew	(-Inf,-1.5)	dELS	MCF-7	3937	3937	1618.657	2577.253481	3935	4317.787990606505	32801.817977878076	900	866	3087	1.0972777612723013	7.133707482942792	0.04257800221554	1.0138248769298428	1.1807306456147597	0.22871664548919948	0.0066955074464737805	0.21559345089411086	0.2418398400842881
K562_skew	(-Inf,-1.5)	dELS	SK-N-SH	1916	1916	652.007	839.644901	1916	3584.8249922859263	24189.343733378708	657	438	1505	1.8709942548465168	9.12906358651777	0.06902642222963226	1.7357024672764376	2.0062860424165962	0.342901878914405	0.010844319206664918	0.32164701326934175	0.3641567445594682
K562_skew	(-Inf,-1.5)	non-cCRE	H1	127232	127157	111632.764	246286.574132	125827	-45240.15387980665	190017.2497047872	920	6382	3197	-0.3595424978725285	1.3808870326856448	0.0033127766362952083	-0.3660355400796671	-0.3530494556653899	0.007311626280528027	2.4017430312451077e-4	0.006840884646403986	0.007782367914652068
K562_skew	(-Inf,-1.5)	non-cCRE	HCT116	127232	127157	111632.764	246286.574132	125827	-45240.15387980665	190017.2497047872	920	6382	3197	-0.3595424978725285	1.3808870326856448	0.0033127766362952083	-0.3660355400796671	-0.3530494556653899	0.007311626280528027	2.4017430312451077e-4	0.006840884646403986	0.007782367914652068
K562_skew	(-Inf,-1.5)	non-cCRE	HepG2	127232	127157	111632.764	246286.574132	125827	-45240.15387980665	190017.2497047872	920	6382	3197	-0.3595424978725285	1.3808870326856448	0.0033127766362952083	-0.3660355400796671	-0.3530494556653899	0.007311626280528027	2.4017430312451077e-4	0.006840884646403986	0.007782367914652068
K562_skew	(-Inf,-1.5)	non-cCRE	K562	127232	127157	111632.764	246286.574132	125827	-45240.15387980665	190017.2497047872	920	6382	3197	-0.3595424978725285	1.3808870326856448	0.0033127766362952083	-0.3660355400796671	-0.3530494556653899	0.007311626280528027	2.4017430312451077e-4	0.006840884646403986	0.007782367914652068
K562_skew	(-Inf,-1.5)	non-cCRE	MCF-7	127232	127157	111632.764	246286.574132	125827	-45240.15387980665	190017.2497047872	920	6382	3197	-0.3595424978725285	1.3808870326856448	0.0033127766362952083	-0.3660355400796671	-0.3530494556653899	0.007311626280528027	2.4017430312451077e-4	0.006840884646403986	0.007782367914652068
K562_skew	(-Inf,-1.5)	non-cCRE	SK-N-SH	127232	127157	111632.764	246286.574132	125827	-45240.15387980665	190017.2497047872	920	6382	3197	-0.3595424978725285	1.3808870326856448	0.0033127766362952083	-0.3660355400796671	-0.3530494556653899	0.007311626280528027	2.4017430312451077e-4	0.006840884646403986	0.007782367914652068
K562_skew	(-Inf,-1.5)	pELS	H1	2017	2017	410.458	270.96897	2017	5179.011010990246	34208.85257789678	870	859	1601	2.5676802235945693	10.372424815078675	0.07171123446004246	2.427126204052886	2.7082342431362525	0.43133366385721367	0.011027637662025403	0.40971949403964386	0.4529478336747835
K562_skew	(-Inf,-1.5)	pELS	HCT116	3445	3445	801.78	731.701728	3445	7586.984002441753	50003.45627706137	1306	1511	2706	2.202317562392381	9.667394936961053	0.052973676780347735	2.0984891559028993	2.3061459688818626	0.379100145137881	0.008265956993604641	0.3628988694304159	0.3953014208453461
K562_skew	(-Inf,-1.5)	pELS	HepG2	2670	2670	604.755	509.785335	2668	6069.453007506788	40240.43317678121	1055	1222	2064	2.274907424102994	9.91113215963996	0.06094929984248663	2.15544679641172	2.3943680517942676	0.3954272863568216	0.00946596023306253	0.37687400430001905	0.4139805684136242
K562_skew	(-Inf,-1.5)	pELS	K562	4592	4592	1242.997	1358.410067	4589	8533.814007271663	56771.39129829832	1512	1860	3341	1.8596238847835396	8.91493176592755	0.044075777587648794	1.773235360711748	1.9460124088553312	0.32948354761385923	0.006938451504160119	0.3158841826657054	0.34308291256201306
K562_skew	(-Inf,-1.5)	pELS	MCF-7	3162	3162	758.405	687.736321	3162	7479.922006227192	48295.87486754835	1297	1412	2503	2.3655667318871574	9.680993423760412	0.05533233909252207	2.257115347265814	2.4740181165085007	0.41018342820999365	0.008747150677884919	0.3930390128813392	0.4273278435386481
K562_skew	(-Inf,-1.5)	pELS	SK-N-SH	2555	2555	493.541	270.188467	2555	7060.263006521972	45226.72260664086	1188	1156	2056	2.7633123313197543	10.069307274220053	0.0627775474160732	2.6402683383842507	2.886356324255258	0.4649706457925636	0.009867476957380068	0.44563039095609863	0.48431090062902854
K562_skew	[-0.05,0.05)	Inactive cCRE	H1	70782173	70744454	18713213.068999987	25975931.51529508	70625109	1833316.421231151	146605237.23685047	3154644	4806700	5334143	0.025958422538238504	2.0751493538890142	1.7141353613635415e-4	0.02562245200741125	0.02629439306906576	0.04466745672562431	2.458064831380365e-5	0.044619278654929255	0.04471563479631937
K562_skew	[-0.05,0.05)	Inactive cCRE	HCT116	70323931	70286869	18629615.579999987	25875927.332040083	70167512	1952622.849177456	147004985.3846938	3171928	4714569	5236387	0.02782801888682409	2.0942833180895937	1.7276257873304597e-4	0.02748940423250732	0.028166633541140858	0.04520508009461701	2.4801653317750083e-5	0.04515646885411422	0.0452536913351198
K562_skew	[-0.05,0.05)	Inactive cCRE	HepG2	70328473	70290471	18596210.667999987	25806508.384176083	70170285	1883546.8993122904	146610830.82307243	3159240	4702884	5308547	0.02684251459591892	2.0886372882278135	1.7252613506732508e-4	0.026504363371186963	0.027180665820650877	0.045022476394388306	2.4753387719371577e-5	0.04497395975445834	0.045070993034318274
K562_skew	[-0.05,0.05)	Inactive cCRE	K562	69453243	69415400	18415269.09599999	25648206.08325608	69295987	1992284.8191107376	145198458.8054687	3140490	4462597	5150103	0.028750363554396557	2.0945106386481807	1.7385502302528176e-4	0.028409607709267006	0.02909111939952611	0.04531994038846723	2.498731250105313e-5	0.04527096525596516	0.04536891552096929
K562_skew	[-0.05,0.05)	Inactive cCRE	MCF-7	70461476	70423758	18532225.252999976	25649820.82911508	70301299	2181508.8321276833	146873594.706716	3176541	4684690	5344083	0.031030846700680216	2.088238835086232	1.7234885762832812e-4	0.030693042939728694	0.03136865046163174	0.04518467005851485	2.477271317827848e-5	0.045136115540685424	0.04523322457634427
K562_skew	[-0.05,0.05)	Inactive cCRE	SK-N-SH	70030871	69993324	18416523.809999987	25557800.44624008	69871049	1663580.827772897	143014307.38659704	3058347	4529543	5199961	0.02380930087042055	2.0462652669836343	1.7113243685462474e-4	0.023473881294185487	0.024144720446655613	0.04377130505082298	2.447524241482366e-5	0.04372333357568993	0.04381927652595603
K562_skew	[-0.05,0.05)	Other cCREs	H1	1865862	1865085	432006.129	474465.166629	1861422	51501.41373972828	5918752.412797582	120073	288114	474491	0.027667779654333237	3.1789302275145417	0.0013068269337539995	0.025106398864175396	0.030229160444491077	0.06450606042047424	1.8005215655000954e-4	0.06415315819363622	0.06485896264731227
K562_skew	[-0.05,0.05)	Other cCREs	HCT116	1511021	1510071	328917.72000000003	358128.345224	1506436	-31949.950066475187	3529733.9733387735	68759	180637	358210	-0.021208966107073374	2.342654245241707	0.0012470353216990347	-0.023653155337603482	-0.018764776876543265	0.04564349232227589	1.700471705070711e-4	0.045310199868082025	0.04597678477646975
K562_skew	[-0.05,0.05)	Other cCREs	HepG2	1555302	1554856	361829.953	412708.170705	1552534	-28981.60219524317	4035668.1335558463	76223	220004	357043	-0.0186672898598312	2.5990604551317524	0.0012938610250084555	-0.021203257468847773	-0.016131322250814626	0.04909586521132549	1.7340845424146617e-4	0.04875598464101221	0.049435745781638764
K562_skew	[-0.05,0.05)	Other cCREs	K562	1928045	1927590	459155.267	527642.435669	1925246	-78197.26507374141	4535121.351958165	84740	277941	413571	-0.04061676537634225	2.35395766875883	0.0011057481194944247	-0.04278403169055132	-0.03844949906213318	0.04401515442701868	1.4783712356872532e-4	0.043725393664823975	0.04430491518921338
K562_skew	[-0.05,0.05)	Other cCREs	MCF-7	1724197	1723493	487777.188	650636.6780600001	1723108	-269669.33604783	4514657.562217129	73006	247645	318248	-0.15650170276490505	2.5955752323809045	0.0012273277712719925	-0.15890726519659815	-0.15409614033321195	0.04236878942004796	1.5344965778636824e-4	0.04206802809078668	0.04266955074930924
K562_skew	[-0.05,0.05)	Other cCREs	SK-N-SH	2382195	2381286	686323.84	877534.293676	2380595	104846.5983894757	8199498.045728845	180044	445413	497608	0.044042182055106266	3.442367901773556	0.001202502210010781	0.04168527772348513	0.0463990863867274	0.07562983203778888	1.7136683271195326e-4	0.07529395304567345	0.0759657110299043
K562_skew	[-0.05,0.05)	PLS	H1	322186	322107	51223.119	20009.221093	322071	54645.44499909553	1879843.467735255	40570	133543	154757	0.16966893945464054	5.807966693688427	0.004246550056596627	0.16134570134371115	0.17799217756556993	0.12596601370505262	5.846756972665586e-4	0.12482004933841016	0.12711197807169508
K562_skew	[-0.05,0.05)	PLS	HCT116	301483	301393	48851.463	20883.884531	301409	36247.678015354	1693211.4652649637	35551	129738	146039	0.12026076864112883	5.603209906987808	0.004311618613081668	0.11180999615948876	0.1287115411227689	0.11794936448480305	5.875116098851681e-4	0.11679784172942811	0.11910088724017798
K562_skew	[-0.05,0.05)	PLS	HepG2	283324	283261	46240.081	21270.525335	283209	26950.509999164053	1648650.2294005193	33148	122828	135376	0.09516120603216724	5.8122849155596485	0.004530226563356766	0.08628196196798799	0.10404045009634649	0.11704430297059769	6.04075290041366e-4	0.11586031540211661	0.11822829053907877
K562_skew	[-0.05,0.05)	PLS	K562	317710	317625	51773.051	22405.857389	317547	36127.94498193556	1717285.812833915	36096	136016	150191	0.11377196125907521	5.395046593807071	0.0041218633792433745	0.1056931090357582	0.12185081348239223	0.11367136203459645	5.632729761430706e-4	0.11256734700135602	0.11477537706783687
K562_skew	[-0.05,0.05)	PLS	MCF-7	321387	321286	52773.98	22297.552794	321272	56008.91301709263	1742822.8372721944	39556	136536	155866	0.17433487206196815	5.3943820966941605	0.004097645789429842	0.16630348631468567	0.18236625780925064	0.12312308573420652	5.796990991119969e-4	0.12198687549994701	0.12425929596846604
K562_skew	[-0.05,0.05)	PLS	SK-N-SH	360210	360082	58719.962	23625.932682	360028	79634.75700473679	2034219.913169905	46306	149759	169841	0.22119045464446319	5.601261752764448	0.003944344098746579	0.2134595402109199	0.22892136907800648	0.12861777417311987	5.579389802720178e-4	0.12752421377178672	0.12971133457445302
K562_skew	[-0.05,0.05)	dELS	H1	321066	321043	78699.925	92965.780841	320921	75017.61499156644	1289306.1789384757	30097	51472	89258	0.2337572642225546	3.962888777544392	0.003514041397145115	0.22686974308415017	0.24064478536095904	0.09378320521249778	5.146115397003421e-4	0.09277456659468511	0.09479184383031045
K562_skew	[-0.05,0.05)	dELS	HCT116	872340	872027	217493.712	271073.725178	871670	42267.997868820465	2648907.814246327	52655	142820	229768	0.048490825506006245	3.03654048054615	0.001866437656120553	0.04483260770000996	0.05214904331200253	0.060407034772333563	2.5517468513432324e-4	0.05990689238947029	0.060907177155196834
K562_skew	[-0.05,0.05)	dELS	HepG2	902250	902182	227695.307	284489.443755	901776	111625.79388953611	2785358.61383881	63172	150278	197513	0.1237843920103619	3.0734286078118376	0.001846129781518787	0.12016597763858508	0.12740280638213872	0.0700528734408545	2.6877741269814464e-4	0.06952606971196613	0.07057967716974285
K562_skew	[-0.05,0.05)	dELS	K562	902137	902068	227827.482	281245.057464	901415	3301.023928836318	2525615.727705289	45267	143983	180833	0.0036620468139939074	2.8018242885079747	0.001763023322782669	2.0652110133987647e-4	0.007117572526647938	0.05021771326192708	2.3002662576550193e-4	0.049766861075426695	0.05066856544842747
K562_skew	[-0.05,0.05)	dELS	MCF-7	552471	552434	157250.346	207350.192116	552010	5808.97191382409	1903906.692629305	38207	110853	155682	0.010523309204224724	3.4489393524774	0.0024995930367399154	0.005624106852214489	0.015422511556234957	0.06921432582743066	3.4162478318600385e-4	0.06854474125238609	0.06988391040247523
K562_skew	[-0.05,0.05)	dELS	SK-N-SH	310568	310566	81190.627	93211.883825	310379	94500.28081160312	1649995.606422628	37975	60882	103754	0.30446737959592346	5.223383595334851	0.0041023224679107295	0.29642682755881844	0.3125079316330285	0.1223504167485558	5.881893235317002e-4	0.12119756567443367	0.12350326782267794
K562_skew	[-0.05,0.05)	non-cCRE	H1	305015868	304842950	73334727.49099976	98642764.82331796	301308114	-30646600.691104185	347721360.498521	4329689	6547325	1045603	-0.10171183339292411	1.1436938591659094	6.160975490630136e-5	-0.10183258851254046	-0.10159107827330777	0.014369639577645095	6.8560592229422886e-6	0.014356201701568127	0.014383077453722063
K562_skew	[-0.05,0.05)	non-cCRE	HCT116	305015868	304842950	73334727.49099976	98642764.82331796	301308114	-30646600.691104185	347721360.498521	4329689	6547325	1045603	-0.10171183339292411	1.1436938591659094	6.160975490630136e-5	-0.10183258851254046	-0.10159107827330777	0.014369639577645095	6.8560592229422886e-6	0.014356201701568127	0.014383077453722063
K562_skew	[-0.05,0.05)	non-cCRE	HepG2	305015868	304842950	73334727.49099976	98642764.82331796	301308114	-30646600.691104185	347721360.498521	4329689	6547325	1045603	-0.10171183339292411	1.1436938591659094	6.160975490630136e-5	-0.10183258851254046	-0.10159107827330777	0.014369639577645095	6.8560592229422886e-6	0.014356201701568127	0.014383077453722063
K562_skew	[-0.05,0.05)	non-cCRE	K562	305015868	304842950	73334727.49099976	98642764.82331796	301308114	-30646600.691104185	347721360.498521	4329689	6547325	1045603	-0.10171183339292411	1.1436938591659094	6.160975490630136e-5	-0.10183258851254046	-0.10159107827330777	0.014369639577645095	6.8560592229422886e-6	0.014356201701568127	0.014383077453722063
K562_skew	[-0.05,0.05)	non-cCRE	MCF-7	305015868	304842950	73334727.49099976	98642764.82331796	301308114	-30646600.691104185	347721360.498521	4329689	6547325	1045603	-0.10171183339292411	1.1436938591659094	6.160975490630136e-5	-0.10183258851254046	-0.10159107827330777	0.014369639577645095	6.8560592229422886e-6	0.014356201701568127	0.014383077453722063
K562_skew	[-0.05,0.05)	non-cCRE	SK-N-SH	305015868	304842950	73334727.49099976	98642764.82331796	301308114	-30646600.691104185	347721360.498521	4329689	6547325	1045603	-0.10171183339292411	1.1436938591659094	6.160975490630136e-5	-0.10183258851254046	-0.10159107827330777	0.014369639577645095	6.8560592229422886e-6	0.014356201701568127	0.014383077453722063
K562_skew	[-0.05,0.05)	pELS	H1	258444	258377	41832.883	21652.389721	258365	61004.418050911634	1160868.3352942094	26739	101918	100384	0.2361171909930201	4.437398954443593	0.0041442638547298126	0.22799443383774964	0.24423994814829053	0.10349312019816925	5.992605842266144e-4	0.1023185694530851	0.10466767094325341
K562_skew	[-0.05,0.05)	pELS	HCT116	540956	540706	92096.65	59010.786606	540861	76296.73801729889	1977168.9940721744	43230	213983	182629	0.1410653347482974	3.6357027126863906	0.0025926945138847438	0.13598365350108332	0.1461470159955115	0.07992811461724916	3.6873794505162886e-4	0.07920538824494797	0.08065084098955036
K562_skew	[-0.05,0.05)	pELS	HepG2	480382	480296	84999.116	60047.549608	480084	82343.71200670685	1773499.831748322	40340	185753	154554	0.1715193841217513	3.6647335751914416	0.0027628835929109055	0.16610413227964593	0.17693463596385667	0.0840269619483257	4.003981477989867e-4	0.08324218157863969	0.08481174231801172
K562_skew	[-0.05,0.05)	pELS	K562	948596	948383	162950.229	105524.639801	947693	121968.79006468476	2877525.933649884	65530	361210	258335	0.12870073965375364	3.0197875049635172	0.0017850663181678422	0.12520200967014466	0.13219946963736262	0.06914686507128363	2.606111508394455e-4	0.06863606721563832	0.06965766292692895
K562_skew	[-0.05,0.05)	pELS	MCF-7	490200	490095	86948.358	54918.821494	490199	101827.932001684	1819025.8327813183	44813	202023	179154	0.20772774322608575	3.6676472492120107	0.002735316397774846	0.20236652308644706	0.21308896336572444	0.09141797514886811	4.116343975134875e-4	0.09061117172974167	0.09222477856799455
K562_skew	[-0.05,0.05)	pELS	SK-N-SH	465887	465808	74216.886	32851.517156	465837	132922.8490337399	1955986.679697557	49451	196150	181869	0.28534197376709003	4.117453806909566	0.002973016898142363	0.279514860646731	0.2911690868874491	0.10615515727604291	4.513200507258223e-4	0.10527056997662029	0.10703974457546553
K562_skew	[-0.2,-0.05)	Inactive cCRE	H1	15065458	15057250	6721931.125	12265388.877683	15026632	-951004.5207789004	34017873.83106207	645570	1232885	1803182	-0.0632879357649073	2.259833672500435	3.8779964966032747e-4	-0.06404802307824153	-0.06252784845157305	0.0429617228930608	5.230878990996161e-5	0.04285919766483728	0.04306424812128432
K562_skew	[-0.2,-0.05)	Inactive cCRE	HCT116	14994008	14985976	6695406.584	12206069.492704	14955362	-914613.9527621776	34307601.82592684	653648	1218058	1782638	-0.06115625638230473	2.2902601589183225	3.913307220553737e-4	-0.061923264597533265	-0.06038924816707619	0.04370659834245403	5.286528990921815e-5	0.04360298237423196	0.043810214310676096
K562_skew	[-0.2,-0.05)	Inactive cCRE	HepG2	15042290	15034145	6688611.232	12179804.758888002	15003360	-907239.1216684456	34380363.99478222	656409	1222264	1828135	-0.0604690630411085	2.287854612766427	3.9049901818936347e-4	-0.06123444111675965	-0.05970368496545735	0.04375079982084013	5.280612213315181e-5	0.04364729982145915	0.04385429982022111
K562_skew	[-0.2,-0.05)	Inactive cCRE	K562	14543633	14535617	6539345.899	11994613.772209002	14505625	-919714.2588237209	33199925.64162018	631056	1110857	1690191	-0.06340397320513393	2.284742256065464	3.968719308184066e-4	-0.064181842189538	-0.06262610422072985	0.043504226808565645	5.355981051415647e-5	0.043399249579957895	0.043609204037173395
K562_skew	[-0.2,-0.05)	Inactive cCRE	MCF-7	14987159	14979135	6645360.046	12107027.116304	14947931	-860403.9737404138	34103851.532803506	650099	1192934	1805970	-0.0575600712727677	2.2781968218175788	3.903957477312437e-4	-0.05832524693832094	-0.056794895607214464	0.04349090185123279	5.275373546006924e-5	0.04338750452973106	0.043594299172734524
K562_skew	[-0.2,-0.05)	Inactive cCRE	SK-N-SH	14813642	14805660	6595365.938	12074978.423926	14774569	-1047742.3635879604	32647217.0949633	606376	1132340	1737817	-0.07091525739857185	2.2046611566282053	3.8629004387871584e-4	-0.07167238588457414	-0.07015812891256956	0.04104187404722263	5.161263158602027e-5	0.04094071328931403	0.04114303480513123
K562_skew	[-0.2,-0.05)	Other cCREs	H1	672715	672606	223772.561	307679.635893	671808	24997.90298875574	2433182.8206375027	50699	118237	239342	0.03720989179759059	3.6204633940583	0.002321450858621206	0.03265984811469303	0.041759935480488154	0.0754665023340002	3.2226701097675276e-4	0.07483485899248576	0.07609814567551462
K562_skew	[-0.2,-0.05)	Other cCREs	HCT116	486912	486762	159653.637	229601.842041	485989	-4590.598024561156	1395909.7298379964	28759	63897	164612	-0.009445888743492458	2.87222393877995	0.002431061407438953	-0.014210769102072807	-0.00468100838491211	0.059176236499180024	3.384656424439118e-4	0.058512843839989954	0.05983962915837009
K562_skew	[-0.2,-0.05)	Other cCREs	HepG2	506599	506434	179532.629	264671.266659	505897	-7127.683065552506	1583854.9292821155	31344	80959	167330	-0.014089198128378912	3.1305930585401125	0.0024876097879890334	-0.018964913312837416	-0.009213482943920407	0.061957275888174866	3.389428016200272e-4	0.061292947996999615	0.06262160377935012
K562_skew	[-0.2,-0.05)	Other cCREs	K562	742850	742636	262953.904	384360.184386	741723	-19789.306972551043	2058297.397783437	41191	114268	222381	-0.026680185153421215	2.774313577606369	0.0019340019185239642	-0.030470828913728185	-0.022889541393114245	0.0555342088623381	2.6592094023901637e-4	0.05501300381946963	0.05605541390520657
K562_skew	[-0.2,-0.05)	Other cCREs	MCF-7	564131	563874	232824.908	371044.441198	563686	-83367.5050180262	1755570.7496288044	30635	91536	158392	-0.14789706506463918	3.092579969867704	0.0023422963684068283	-0.15248796594671657	-0.14330616418256178	0.05434763325681319	3.0195168026389064e-4	0.05375580796349596	0.05493945855013042
K562_skew	[-0.2,-0.05)	Other cCREs	SK-N-SH	818179	817859	329985.034	492824.003	817524	36565.96685242384	3139229.8803527653	69455	169063	246059	0.04472769833353374	3.837927946758826	0.0021666968551985427	0.04048097249734459	0.048974424169722884	0.08495775047582702	3.0836978656229334e-4	0.08435334569416492	0.08556215525748911
K562_skew	[-0.2,-0.05)	PLS	H1	213863	213799	38357.471	16396.468066999998	213762	116322.29600353478	1400049.762951231	37279	89148	118798	0.5441673262952946	6.253483891572634	0.00540873577060869	0.5335662041849016	0.5547684484056876	0.17439488777238238	8.207063800549457e-4	0.17278630326747468	0.17600347227729007
K562_skew	[-0.2,-0.05)	PLS	HCT116	199053	198985	36282.968	16682.575648000002	198995	99217.44898235856	1263643.6728233062	33372	85248	111330	0.4985926730940906	6.10156376432262	0.0055373183801548	0.4877395290689872	0.509445817119194	0.16770270609814317	8.375065155415071e-4	0.16606119332768182	0.1693442188686045
K562_skew	[-0.2,-0.05)	PLS	HepG2	185018	184967	34234.487	17177.143631	184917	87095.40897219561	1191760.9846990649	30651	80182	102640	0.4709973067494909	6.223037928805053	0.005801132759622932	0.45962708654062995	0.4823675269583519	0.165755447038401	8.647531941502142e-4	0.1640605307778666	0.16745036329893542
K562_skew	[-0.2,-0.05)	PLS	K562	207090	207023	38349.838	18528.517098	206993	99920.7329953746	1270347.635211299	33694	88557	114008	0.4827251790899914	5.904157559139018	0.005340736358154082	0.4722573358280094	0.49319302235197343	0.16277845144521796	8.11410878076514e-4	0.161188086124188	0.16436881676624793
K562_skew	[-0.2,-0.05)	PLS	MCF-7	215242	215175	39678.016	18103.524678	215141	118273.54300894371	1359220.294111615	37308	91077	120310	0.5497489693221828	6.015615579363974	0.005287841710460449	0.5393847995696803	0.5601131390746852	0.17341185548082422	8.162484829599641e-4	0.17181200845422268	0.17501170250742576
K562_skew	[-0.2,-0.05)	PLS	SK-N-SH	237685	237604	43599.97	19062.294964	237566	139999.82900235886	1514023.0640215315	42167	98827	130417	0.5893091982958794	6.025802946690764	0.005036343231889751	0.5794379655613754	0.5991804310303833	0.17749593797092175	7.839188225406276e-4	0.1759594570787421	0.1790324188631014
K562_skew	[-0.2,-0.05)	dELS	H1	113737	113723	41214.091	59874.360571	113638	28345.202959403858	528071.3607377028	12018	20893	44469	0.24943419419035762	4.584783986539259	0.006351812190712565	0.236984642296561	0.26188374608415427	0.10575687710096975	9.12263549844628e-4	0.10396884054327428	0.10754491365866521
K562_skew	[-0.2,-0.05)	dELS	HCT116	290575	290456	111694.104	175634.94892	290283	20770.6689760025	1052891.4503998556	21761	53906	108147	0.0715531704440236	3.6220132256990762	0.003532353951044759	0.06462975669997587	0.07847658418807132	0.07496477575331659	4.887614639665881e-4	0.07400680328394207	0.0759227482226911
K562_skew	[-0.2,-0.05)	dELS	HepG2	265448	265427	104811.18	166283.63342	265329	34585.18496764102	988892.4738823982	21878	50141	84847	0.13034830330510808	3.7100658569859677	0.0037393700844903684	0.12301913793950696	0.1376774686707092	0.08245612051453102	5.339892450304885e-4	0.08140950159427127	0.08350273943479078
K562_skew	[-0.2,-0.05)	dELS	K562	347917	347854	131266.045	201749.742317	347560	12593.066981001284	1138367.2610371483	21951	60366	103131	0.03623278565140201	3.274008093994205	0.003069198519905906	0.030217156552386437	0.04224841475041759	0.06315744044193808	4.1260137630244175e-4	0.062348741744385296	0.06396613913949087
K562_skew	[-0.2,-0.05)	dELS	MCF-7	203879	203848	85009.7	134007.249924	203693	10138.63095392637	826363.5358406847	17119	44484	78260	0.04977407644801917	4.05444933943653	0.004461469073683846	0.041029597063598836	0.058518555832439506	0.08404314335789644	6.147529202634713e-4	0.08283822763418003	0.08524805908161284
K562_skew	[-0.2,-0.05)	dELS	SK-N-SH	114406	114400	41789.932	56865.279358	114310	40284.632938668845	682919.6515116042	15526	24748	50573	0.35241564988775126	5.850131804267675	0.0071538645506827375	0.3383940753684131	0.3664372244070894	0.13582363747703613	0.001013320334210662	0.13383752962198323	0.13780974533208903
K562_skew	[-0.2,-0.05)	non-cCRE	H1	39462481	39443915	16633371.497999985	31445447.22477799	39022000	-7046441.370340482	51693912.50325221	532575	1130698	306589	-0.1805761204023495	1.2921299459300766	1.8196938760959867e-4	-0.1809327804020643	-0.18021946040263467	0.013648070319307058	1.8573630978280655e-5	0.013611666002589628	0.013684474636024489
K562_skew	[-0.2,-0.05)	non-cCRE	HCT116	39462481	39443915	16633371.497999985	31445447.22477799	39022000	-7046441.370340482	51693912.50325221	532575	1130698	306589	-0.1805761204023495	1.2921299459300766	1.8196938760959867e-4	-0.1809327804020643	-0.18021946040263467	0.013648070319307058	1.8573630978280655e-5	0.013611666002589628	0.013684474636024489
K562_skew	[-0.2,-0.05)	non-cCRE	HepG2	39462481	39443915	16633371.497999985	31445447.22477799	39022000	-7046441.370340482	51693912.50325221	532575	1130698	306589	-0.1805761204023495	1.2921299459300766	1.8196938760959867e-4	-0.1809327804020643	-0.18021946040263467	0.013648070319307058	1.8573630978280655e-5	0.013611666002589628	0.013684474636024489
K562_skew	[-0.2,-0.05)	non-cCRE	K562	39462481	39443915	16633371.497999985	31445447.22477799	39022000	-7046441.370340482	51693912.50325221	532575	1130698	306589	-0.1805761204023495	1.2921299459300766	1.8196938760959867e-4	-0.1809327804020643	-0.18021946040263467	0.013648070319307058	1.8573630978280655e-5	0.013611666002589628	0.013684474636024489
K562_skew	[-0.2,-0.05)	non-cCRE	MCF-7	39462481	39443915	16633371.497999985	31445447.22477799	39022000	-7046441.370340482	51693912.50325221	532575	1130698	306589	-0.1805761204023495	1.2921299459300766	1.8196938760959867e-4	-0.1809327804020643	-0.18021946040263467	0.013648070319307058	1.8573630978280655e-5	0.013611666002589628	0.013684474636024489
K562_skew	[-0.2,-0.05)	non-cCRE	SK-N-SH	39462481	39443915	16633371.497999985	31445447.22477799	39022000	-7046441.370340482	51693912.50325221	532575	1130698	306589	-0.1805761204023495	1.2921299459300766	1.8196938760959867e-4	-0.1809327804020643	-0.18021946040263467	0.013648070319307058	1.8573630978280655e-5	0.013611666002589628	0.013684474636024489
K562_skew	[-0.2,-0.05)	pELS	H1	120521	120495	23504.234	14650.575834	120491	58678.39703269304	644552.8688927661	17040	48563	59787	0.4869940247212907	5.112265251536402	0.006513724488621437	0.4742271247235927	0.49976092471898875	0.1414213509722718	0.0010038532482453922	0.13945379860571083	0.14338890333883275
K562_skew	[-0.2,-0.05)	pELS	HCT116	215746	215694	45742.189	36001.058735	215702	76555.71103386524	1003683.96529328	25066	88617	98851	0.35491423831890867	4.527161456936839	0.004581270188083776	0.3459349487502645	0.36389352788755286	0.11620661839018646	6.900232403158488e-4	0.1148541728391674	0.11755906394120552
K562_skew	[-0.2,-0.05)	pELS	HepG2	186939	186900	41589.954	36053.11545	186828	70025.48899964917	878858.2616354935	22324	76180	82626	0.37481260303406966	4.563643508833313	0.004942365662056229	0.36512556633643944	0.38449963973169987	0.11948958400239792	7.504319069438649e-4	0.11801873746478794	0.12096043054000791
K562_skew	[-0.2,-0.05)	pELS	K562	344804	344743	76863.796	64737.702038	344430	104329.04402538376	1356792.7086292026	34714	135678	135867	0.30290347538072687	3.847501454902941	0.0033422498350923154	0.2963526657039459	0.3094542850575078	0.10078680718868856	5.129590459274729e-4	0.09978140745867072	0.1017922069187064
K562_skew	[-0.2,-0.05)	pELS	MCF-7	215883	215841	45906.812	33807.585944	215880	92698.58300105717	978724.5318966544	27445	89695	102646	0.4293986612982081	4.349287723455082	0.0044885169009432485	0.4206011681723593	0.43819615442405685	0.1271308134148601	7.169581228063175e-4	0.12572557549415972	0.12853605133556048
K562_skew	[-0.2,-0.05)	pELS	SK-N-SH	202382	202350	38038.608	20259.9168	202362	108231.21299999664	1040340.9534320716	29082	84748	100712	0.5348396092151523	4.854960262927499	0.004898108017049557	0.5252393175017351	0.5444399009285694	0.1437127523942242	7.798173799628697e-4	0.142184310329497	0.14524119445895142
K562_skew	[-0.5,-0.2)	Inactive cCRE	H1	3859938	3857367	1924708.079	3590851.175939	3849440	-344379.2826942495	9342144.274862878	172462	355862	678887	-0.089462177016462	2.418881129045994	7.926993202556317e-4	-0.09101586768416305	-0.08790848634876096	0.04480184130678748	1.0543769244245685e-4	0.04459518342960026	0.0450084991839747
K562_skew	[-0.5,-0.2)	Inactive cCRE	HCT116	3844726	3842219	1914588.511	3563453.403011	3834322	-334917.9396436148	9416908.367730511	174425	353925	673477	-0.08734736927248542	2.4483224452987846	7.990795499100646e-4	-0.08891356519030914	-0.08578117335466169	0.04549044133486963	1.064157537106646e-4	0.04528186645759673	0.045699016212142535
K562_skew	[-0.5,-0.2)	Inactive cCRE	HepG2	3883387	3880822	1921157.611	3570137.201999	3872802	-312512.4686993161	9575334.787864286	179662	358748	701471	-0.0806941508239554	2.4659456707382326	7.979562948038555e-4	-0.08225814516177095	-0.07913015648613984	0.04639070109961728	1.0687793637004625e-4	0.04618122034433199	0.04660018185490257
K562_skew	[-0.5,-0.2)	Inactive cCRE	K562	3645510	3643040	1840505.956	3457852.844342	3635350	-346841.831737542	8871739.248662721	162502	310501	617548	-0.09540809873534653	2.431306520759013	8.177993152453008e-4	-0.09701098539322732	-0.09380521207746574	0.044700510267236995	1.0838093626243041e-4	0.04448808363216263	0.04491293690231136
K562_skew	[-0.5,-0.2)	Inactive cCRE	MCF-7	3836725	3834217	1898404.524	3534989.824032	3826113	-320382.049663714	9344851.303665228	172693	342564	681492	-0.08373564755241521	2.435376670958003	7.978186322703944e-4	-0.08529937207166519	-0.08217192303316523	0.0451353632263344	1.0613300958254581e-4	0.04492734252755261	0.04534338392511619
K562_skew	[-0.5,-0.2)	Inactive cCRE	SK-N-SH	3782940	3780462	1886527.645	3535226.020611	3772359	-407993.4406435635	8773059.103585672	154817	322306	657083	-0.10815339702386849	2.3139196298486557	7.831908900088345e-4	-0.10968845116828581	-0.10661834287945117	0.041039837406779155	1.021401733739697e-4	0.04083964266696617	0.04124003214659214
K562_skew	[-0.5,-0.2)	Other cCREs	H1	242125	242077	83113.988	114530.097134	241781	49960.03096454578	1006712.7749651336	24225	45489	113491	0.20663340363612434	4.121057836550432	0.004128509326961213	0.19854152535528036	0.21472528191696832	0.10019397719423775	6.10638484126494e-4	0.09899712576534983	0.10139082862312568
K562_skew	[-0.5,-0.2)	Other cCREs	HCT116	166825	166765	57575.39	85007.56504	166483	34721.80594364356	631849.5393757538	15547	22709	76392	0.20856066951967203	3.7518046172031534	0.00474717410706053	0.1992562082698334	0.21786513076951067	0.09338491017100845	7.131237125515946e-4	0.09198718769440732	0.09478263264760957
K562_skew	[-0.5,-0.2)	Other cCREs	HepG2	170487	170435	62880.289	93566.993247	170246	30841.867999039587	675665.4761833966	15949	29394	76436	0.18116060288664396	3.935963727466536	0.004808250498969435	0.17173643190866386	0.19058477386462405	0.09368208357318233	7.062038728661568e-4	0.09229792398236467	0.095066243164
K562_skew	[-0.5,-0.2)	Other cCREs	K562	289103	289007	109014.683	164416.893525	288623	31672.969995318217	973893.6063299346	22400	45752	112704	0.10973820518572053	3.3622449828833116	0.003413101540682256	0.10304852616598331	0.11642788420545774	0.07760989248951054	4.980241362686486e-4	0.07663376518242399	0.0785860197965971
K562_skew	[-0.5,-0.2)	Other cCREs	MCF-7	194373	194273	82574.018	131758.15926	194182	4927.290960281514	731091.6070207113	15758	33643	75394	0.025374601972796215	3.7643568576420456	0.004402921158696476	0.016744876501751122	0.03400432744384131	0.08115067307989413	6.196746483582117e-4	0.07993611076911203	0.08236523539067622
K562_skew	[-0.5,-0.2)	Other cCREs	SK-N-SH	280182	280038	113623.192	168098.944854	279929	62557.8029592673	1259090.364176038	31228	60886	111324	0.22347739233615416	4.44796558222265	0.0039861786862677535	0.21566448211106937	0.23129030256123895	0.11155685906069039	5.950302050685407e-4	0.11039059985875606	0.11272311826262472
K562_skew	[-0.5,-0.2)	PLS	H1	104913	104878	18764.416	7865.924086	104872	125256.03100842818	923935.0344732509	27838	43776	64745	1.1943705756391427	7.383670572564772	0.00839085818001177	1.1779244936063196	1.210816657671966	0.26544740254786786	0.0013635495179906765	0.26277484549260616	0.26811995960312957
K562_skew	[-0.5,-0.2)	PLS	HCT116	97177	97141	17724.154	8161.4023	97155	113072.92301956004	840896.7170407214	25458	41388	60379	1.163840492198652	7.300758287453902	0.00866864877243551	1.1468499406046784	1.1808310437926257	0.2620348926972364	0.0014107982065131198	0.2592697282124707	0.2648000571820021
K562_skew	[-0.5,-0.2)	PLS	HepG2	89698	89668	16636.411	8302.579529	89657	101519.80299639751	780848.0772635994	23159	38692	55403	1.132313182421869	7.427231485387563	0.009101676145914428	1.1144738971758767	1.1501524676678614	0.2583066575950567	0.0014617997686430676	0.25544153004851633	0.2611717851415971
K562_skew	[-0.5,-0.2)	PLS	K562	100490	100457	18700.745	9191.370031	100458	112760.36100057056	841407.5932428046	25437	42677	61783	1.1224627306991037	7.115863409413853	0.008416306398698973	1.1059667701576537	1.1389586912405538	0.25321029684047064	0.0013719793601995143	0.25052121729447957	0.2558993763864617
K562_skew	[-0.5,-0.2)	PLS	MCF-7	105454	105419	19327.961	8713.523759	105413	126192.7720042808	905730.3683799984	27959	44482	65381	1.1971272234381036	7.159161818507912	0.008241077584952412	1.180974711371597	1.2132797355046103	0.2652329409086166	0.0013596949441299295	0.26256793881812196	0.26789794299911124
K562_skew	[-0.5,-0.2)	PLS	SK-N-SH	115727	115683	21145.851	9134.127409	115681	141458.67300731855	999743.1808473428	30946	47953	70952	1.222834112838915	7.146980376357782	0.007860139931673473	1.207428238572835	1.2382399871049952	0.2675115187455157	0.0013014893725545268	0.2649605995753088	0.2700624379157226
K562_skew	[-0.5,-0.2)	dELS	H1	41979	41960	15317.069	21748.676911	41940	15821.015006495294	216063.5372971527	5303	8303	21249	0.37722973310670704	5.009546723307071	0.010929115174415463	0.3558086673648527	0.39865079884856136	0.12644253695755842	0.0016228490537174194	0.12326175281227228	0.12962332110284455
K562_skew	[-0.5,-0.2)	dELS	HCT116	106582	106522	43546.202	69861.780046	106435	20430.276963535467	443501.8075606547	10267	21070	50678	0.1919507395455956	4.130073104349951	0.006229262569970907	0.17974138490845262	0.2041600941827386	0.09646262977404049	9.049203948647137e-4	0.09468898580010565	0.09823627374797533
K562_skew	[-0.5,-0.2)	dELS	HepG2	84482	84467	35309.695	56124.786383	84452	19056.706995259057	371420.220968458	8663	17382	35811	0.22565134035024698	4.347136795210428	0.00717458332560275	0.2115891570320656	0.23971352366842835	0.10257897977549377	0.0010440524985863011	0.10053263687826462	0.10462532267272291
K562_skew	[-0.5,-0.2)	dELS	K562	139232	139172	54635.823	84998.436493	139104	18918.777038721608	502037.4992400262	11069	25350	54184	0.13600455083046933	3.5906088255940785	0.005080591037562729	0.12604659239684637	0.1459625092640923	0.07957355647573039	7.256197900561793e-4	0.07815134168722028	0.0809957712642405
K562_skew	[-0.5,-0.2)	dELS	MCF-7	76488	76461	32915.701	51967.982091	76409	14118.590973477583	343721.0255941162	8009	17510	36823	0.18477654430077065	4.464352438797521	0.007643758870958815	0.16979477691369138	0.1997583116878499	0.10481749532123179	0.0011081547792730398	0.10264551195385663	0.10698947868860695
K562_skew	[-0.5,-0.2)	dELS	SK-N-SH	41708	41702	15522.603	20869.137977	41667	23193.82896728254	279791.5973001468	6959	9721	22390	0.5566474420352447	6.405241965499593	0.012398571586088909	0.5323462417265105	0.580948642343979	0.16701466388268893	0.0018272579651945212	0.16343323827090767	0.1705960894944702
K562_skew	[-0.5,-0.2)	non-cCRE	H1	6815161	6810573	3621842.435	7001261.180355	6749794	-1777047.1530565007	9667859.623764502	78462	250104	94444	-0.26327427963823796	1.3630060676913158	4.493695445162896e-4	-0.2641550439454899	-0.26239351533098604	0.01162435475808595	4.125724139266882e-5	0.01154349056495632	0.01170521895121558
K562_skew	[-0.5,-0.2)	non-cCRE	HCT116	6815161	6810573	3621842.435	7001261.180355	6749794	-1777047.1530565007	9667859.623764502	78462	250104	94444	-0.26327427963823796	1.3630060676913158	4.493695445162896e-4	-0.2641550439454899	-0.26239351533098604	0.01162435475808595	4.125724139266882e-5	0.01154349056495632	0.01170521895121558
K562_skew	[-0.5,-0.2)	non-cCRE	HepG2	6815161	6810573	3621842.435	7001261.180355	6749794	-1777047.1530565007	9667859.623764502	78462	250104	94444	-0.26327427963823796	1.3630060676913158	4.493695445162896e-4	-0.2641550439454899	-0.26239351533098604	0.01162435475808595	4.125724139266882e-5	0.01154349056495632	0.01170521895121558
K562_skew	[-0.5,-0.2)	non-cCRE	K562	6815161	6810573	3621842.435	7001261.180355	6749794	-1777047.1530565007	9667859.623764502	78462	250104	94444	-0.26327427963823796	1.3630060676913158	4.493695445162896e-4	-0.2641550439454899	-0.26239351533098604	0.01162435475808595	4.125724139266882e-5	0.01154349056495632	0.01170521895121558
K562_skew	[-0.5,-0.2)	non-cCRE	MCF-7	6815161	6810573	3621842.435	7001261.180355	6749794	-1777047.1530565007	9667859.623764502	78462	250104	94444	-0.26327427963823796	1.3630060676913158	4.493695445162896e-4	-0.2641550439454899	-0.26239351533098604	0.01162435475808595	4.125724139266882e-5	0.01154349056495632	0.01170521895121558
K562_skew	[-0.5,-0.2)	non-cCRE	SK-N-SH	6815161	6810573	3621842.435	7001261.180355	6749794	-1777047.1530565007	9667859.623764502	78462	250104	94444	-0.26327427963823796	1.3630060676913158	4.493695445162896e-4	-0.2641550439454899	-0.26239351533098604	0.01162435475808595	4.125724139266882e-5	0.01154349056495632	0.01170521895121558
K562_skew	[-0.5,-0.2)	pELS	H1	50137	50129	9960.439	6137.136187	50134	46329.758999959115	353853.65624832374	10280	20468	29288	0.9241185423058027	6.204285937324763	0.011124480116904336	0.9023145612766702	0.9459225233349352	0.20505046475445804	0.0018031588199967363	0.20151627346726445	0.20858465604165163
K562_skew	[-0.5,-0.2)	pELS	HCT116	83782	83764	18429.734	14648.85986	83772	59680.48700205482	509552.8461390948	14411	34806	46734	0.7124156878438478	5.57514570603992	0.00815790547801248	0.6964261931069433	0.7284051825807523	0.17202645275270972	0.001303936390736752	0.1694707374268657	0.17458216807855376
K562_skew	[-0.5,-0.2)	pELS	HepG2	71038	71019	15879.985	13001.449099	71010	54081.64399379924	439440.7155669957	12675	29682	38539	0.7616060272327734	5.608469483286077	0.008887148237327176	0.7441872166876121	0.7790248377779346	0.17849598648077736	0.0014370084308745765	0.1756794499562632	0.18131252300529152
K562_skew	[-0.5,-0.2)	pELS	K562	124757	124735	29006.784	24673.465866	124632	76477.27698811084	653631.3303712498	18700	49618	61441	0.6136247271014734	4.867994176007225	0.006249715428406446	0.6013752848617968	0.62587416934115	0.15004172283201747	0.0010115562615910655	0.14805907255929898	0.15202437310473596
K562_skew	[-0.5,-0.2)	pELS	MCF-7	86052	86041	18641.787	13703.521115	86050	68130.94901085332	517314.9731866844	15689	35699	48570	0.7917600117472786	5.3849738195388435	0.00791072633596729	0.7762549881287827	0.8072650353657745	0.18232423009877977	0.0013162467780328192	0.17974438641383544	0.1849040737837241
K562_skew	[-0.5,-0.2)	pELS	SK-N-SH	78535	78526	15044.7	7804.779406	78531	73770.68899487423	531025.0319375374	16158	33032	45911	0.9393830333864873	5.879614138985373	0.008652743881808846	0.922423655378142	0.9563424113948327	0.20575314207128395	0.0014425485112184355	0.20292574698929583	0.20858053715327207
K562_skew	[-1.0,-0.5)	Inactive cCRE	H1	1093013	1092355	589773.877	1116828.718419	1090106	-58139.60799899152	3014905.8216051813	58149	107369	269336	-0.05333390330756048	2.7628577149667453	0.0015920067134605924	-0.05645423646594324	-0.05021357014917772	0.053342518984392344	2.1522803013894885e-4	0.05292067204532001	0.05376436592346468
K562_skew	[-1.0,-0.5)	Inactive cCRE	HCT116	1083142	1082510	585780.095	1107043.251981	1080207	-70271.279940109	2958889.465976001	56390	106845	262411	-0.06505353135103642	2.7349580275089562	0.001591189261641657	-0.06817226230385406	-0.061934800398218776	0.05220295739612871	2.1401870636016663e-4	0.05178348073166278	0.052622434060594636
K562_skew	[-1.0,-0.5)	Inactive cCRE	HepG2	1105419	1104767	590360.687	1112292.475759	1102471	-43767.94596840232	3126049.9983775383	61386	109224	278787	-0.039699861464294585	2.833920575603886	0.0016032832301844575	-0.042842296595456124	-0.036557426333133046	0.05568037617316011	2.1838710970352354e-4	0.0552523374381412	0.05610841490817901
K562_skew	[-1.0,-0.5)	Inactive cCRE	K562	1003481	1002870	552962.069	1057271.868497	1000701	-75491.86294228667	2725246.779091926	51156	90434	236179	-0.07543898021715444	2.7176493953601146	0.0016479519585394773	-0.07866896605589181	-0.07220899437841706	0.051120164764500084	2.2016565128609884e-4	0.05068864008797933	0.051551689441020836
K562_skew	[-1.0,-0.5)	Inactive cCRE	MCF-7	1086263	1085636	581365.8369999999	1098472.700351	1083267	-51854.19195837712	2999615.6638400517	57796	103246	270764	-0.04786833897679623	2.766756724389042	0.001598150703995666	-0.05100071435662774	-0.044735963596964724	0.05335342071714545	2.159271799826814e-4	0.052930203444379396	0.05377663798991151
K562_skew	[-1.0,-0.5)	Inactive cCRE	SK-N-SH	1077526	1076897	581889.677	1106030.971923	1074540	-87707.2199403624	2806108.643960969	51819	97942	266788	-0.08162303864012731	2.6047911840880213	0.00155695178326307	-0.08467466413532293	-0.07857141314493168	0.04822435646881456	2.066756063347179e-4	0.04781927228039851	0.048629440657230606
K562_skew	[-1.0,-0.5)	Other cCREs	H1	92552	92530	33730.95	46972.913332	92399	53416.57998525749	541471.3398534338	14382	17434	55735	0.5781077715695786	5.5259940673314185	0.007733419544257435	0.562950269262834	0.5932652738763232	0.15565103518436346	0.0011926234894865965	0.15331349314496973	0.1579885772237572
K562_skew	[-1.0,-0.5)	Other cCREs	HCT116	68729	68703	23873.965	34435.533505	68587	54575.60393183621	463436.66200627247	12318	9078	43173	0.7957135307250093	6.123846200539781	0.009449117160032744	0.7771932610913451	0.8142338003586734	0.17959671657894352	0.0014656895369705655	0.17672396508648122	0.18246946807140582
K562_skew	[-1.0,-0.5)	Other cCREs	HepG2	66400	66372	25259.266	37123.072902	66282	46273.09295482283	425779.4568467768	11298	11611	40523	0.6981245731091824	5.936468574421775	0.009463815922262702	0.6795754939015475	0.7166736523168173	0.1704535167918892	0.0014605806544388963	0.16759077870918895	0.17331625487458943
K562_skew	[-1.0,-0.5)	Other cCREs	K562	120326	120274	47594.394	72363.949954	120100	53838.39191473557	612967.1215441575	15507	18863	61286	0.44827969953984653	4.902892308786179	0.0063893204953962635	0.4357566313688699	0.4608027677108232	0.12911740216486262	9.676107669728892e-4	0.12722088506159576	0.13101391926812947
K562_skew	[-1.0,-0.5)	Other cCREs	MCF-7	73891	73860	31786.755	49933.157771	73814	31993.622942028553	418161.09759715095	10389	12781	39196	0.43343570246875324	5.477272555820146	0.00861415745879451	0.416551953849516	0.4503194510879905	0.14074565800525646	0.0012799971431429495	0.13823686360469628	0.14325445240581663
K562_skew	[-1.0,-0.5)	Other cCREs	SK-N-SH	96810	96762	39677.018	57858.38017	96728	57969.40696905821	604481.2443149993	16070	21342	50501	0.5993032727758065	5.890185666851759	0.007803481196169139	0.584008449631315	0.614598095920298	0.16613596890248947	0.001196749764380849	0.163790339364303	0.16848159844067592
K562_skew	[-1.0,-0.5)	PLS	H1	42456	42448	7760.854	3329.1177860000003	42433	90031.99799823381	574703.9438448516	16879	18273	29356	2.121744821205991	9.04220914284669	0.014597732642097806	2.093133265227479	2.1503563771845027	0.39778002969387033	0.002376004155203167	0.39312306154967214	0.4024369978380685
K562_skew	[-1.0,-0.5)	PLS	HCT116	39318	39311	7412.103	3616.913321	39311	81997.57600541378	523118.8840548681	15486	17185	27324	2.0858684847857796	8.9565689248626	0.015094328256435492	2.056283601403166	2.115453368168393	0.39393553967083006	0.0024644212486176734	0.3891052740235394	0.3987658053181207
K562_skew	[-1.0,-0.5)	PLS	HepG2	36268	36263	6923.786	3577.710658	36245	75214.95501196197	484056.8965249335	14235	16039	25225	2.075181542611725	9.049007012353458	0.01580070301660116	2.0442121646991867	2.1061509205242634	0.392743826734722	0.002565172650505215	0.3877160883397318	0.39777156512971223
K562_skew	[-1.0,-0.5)	PLS	K562	40581	40576	7835.931	4093.254579	40573	82550.73499964621	524097.18804543494	15622	17719	27986	2.0346224089824814	8.777916117942924	0.01470879694980587	2.0057931669608617	2.063451651004101	0.38503438247110144	0.0024157757274877395	0.38029946204522547	0.3897693028969774
K562_skew	[-1.0,-0.5)	PLS	MCF-7	42383	42377	7980.699	3781.996001	42360	89516.85499569858	562905.1293886153	16861	18345	29360	2.1132402029201742	8.823024919680101	0.014432141464919836	2.0849532056489313	2.141527200191417	0.3980406043437205	0.0023783146525094266	0.39337910762480205	0.402702101062639
K562_skew	[-1.0,-0.5)	PLS	SK-N-SH	45717	45709	8476.122	3664.486366	45694	97616.84698046336	610970.4649358857	18305	19489	31387	2.1363165181525665	8.807256741329097	0.013883237068027268	2.109105373499233	2.1635276628059	0.40059964109073404	0.0022923672147193547	0.3961066013498841	0.40509268083158395
K562_skew	[-1.0,-0.5)	dELS	H1	15352	15346	5886.235	8363.123125	15321	9208.55599630962	88778.12923479525	2353	3068	9118	0.6010414461399138	5.4336426515608975	0.018832240004747963	0.5641302557306078	0.6379526365492199	0.15358005352131063	0.002912841112134389	0.14787088494152723	0.15928922210109403
K562_skew	[-1.0,-0.5)	dELS	HCT116	40312	40292	16914.818	27031.22734	40282	18702.058982094757	204174.27716023155	5449	8066	23233	0.4642783124495993	4.853189264831849	0.010976353911350812	0.4427646587833517	0.48579196611584685	0.1352713370736309	0.00170406951092589	0.13193136083221615	0.13861131331504564
K562_skew	[-1.0,-0.5)	dELS	HepG2	28276	28271	12699.83	20399.211808	28267	11966.743982722392	145102.88137138844	3703	6141	15057	0.4233467995444296	4.954248871624403	0.01323881307235954	0.3973987259226049	0.4492948731662543	0.13100081366965013	0.0020068126133653322	0.12706746094745408	0.1349341663918462
K562_skew	[-1.0,-0.5)	dELS	K562	54371	54355	22089.933	34828.904755	54322	16119.142000172174	223911.58025485557	5540	9674	25439	0.2967332204295161	4.03395547465223	0.008617428219512254	0.2798430611192721	0.3136233797397601	0.1019844630168256	0.0012984375200111727	0.0994395254776037	0.1045294005560475
K562_skew	[-1.0,-0.5)	dELS	MCF-7	28525	28499	13009.604	20684.70453	28507	12118.480996590692	154473.6466875895	3989	6617	16551	0.4251054476651591	5.2382661333933935	0.013555577420951108	0.3985365159200949	0.4516743794102233	0.13993054337531133	0.0020546945307493227	0.13590334209504265	0.14395774465558
K562_skew	[-1.0,-0.5)	dELS	SK-N-SH	14908	14903	5703.02	7600.68034	14883	13956.017980838436	119878.349460913	3143	3654	9377	0.9377153786762371	7.175888776723473	0.021957991289972865	0.8946777157478903	0.9807530416045839	0.2111805415574817	0.0033455730443618	0.20462321839053257	0.21773786472443082
K562_skew	[-1.0,-0.5)	non-cCRE	H1	1380720	1379709	902869.909	1805670.986047	1369643	-440393.5741314038	2144717.03171406	15612	60423	29880	-0.3215389514869231	1.46250870201576	0.0010333454660894444	-0.3235643086004584	-0.3195135943733878	0.011398590727656768	9.070526608558867e-5	0.011220808406129015	0.011576373049184522
K562_skew	[-1.0,-0.5)	non-cCRE	HCT116	1380720	1379709	902869.909	1805670.986047	1369643	-440393.5741314038	2144717.03171406	15612	60423	29880	-0.3215389514869231	1.46250870201576	0.0010333454660894444	-0.3235643086004584	-0.3195135943733878	0.011398590727656768	9.070526608558867e-5	0.011220808406129015	0.011576373049184522
K562_skew	[-1.0,-0.5)	non-cCRE	HepG2	1380720	1379709	902869.909	1805670.986047	1369643	-440393.5741314038	2144717.03171406	15612	60423	29880	-0.3215389514869231	1.46250870201576	0.0010333454660894444	-0.3235643086004584	-0.3195135943733878	0.011398590727656768	9.070526608558867e-5	0.011220808406129015	0.011576373049184522
K562_skew	[-1.0,-0.5)	non-cCRE	K562	1380720	1379709	902869.909	1805670.986047	1369643	-440393.5741314038	2144717.03171406	15612	60423	29880	-0.3215389514869231	1.46250870201576	0.0010333454660894444	-0.3235643086004584	-0.3195135943733878	0.011398590727656768	9.070526608558867e-5	0.011220808406129015	0.011576373049184522
K562_skew	[-1.0,-0.5)	non-cCRE	MCF-7	1380720	1379709	902869.909	1805670.986047	1369643	-440393.5741314038	2144717.03171406	15612	60423	29880	-0.3215389514869231	1.46250870201576	0.0010333454660894444	-0.3235643086004584	-0.3195135943733878	0.011398590727656768	9.070526608558867e-5	0.011220808406129015	0.011576373049184522
K562_skew	[-1.0,-0.5)	non-cCRE	SK-N-SH	1380720	1379709	902869.909	1805670.986047	1369643	-440393.5741314038	2144717.03171406	15612	60423	29880	-0.3215389514869231	1.46250870201576	0.0010333454660894444	-0.3235643086004584	-0.3195135943733878	0.011398590727656768	9.070526608558867e-5	0.011220808406129015	0.011576373049184522
K562_skew	[-1.0,-0.5)	pELS	H1	18469	18468	3898.08	2589.71094	18466	26716.75399483939	175925.9696680196	5222	7778	12135	1.4468078628202854	7.434170588640709	0.020064569478864522	1.407481306641711	1.48613441899886	0.28278999241849884	0.003314124146230098	0.27629430909188785	0.2892856757451098
K562_skew	[-1.0,-0.5)	pELS	HCT116	30341	30331	7069.015	5956.657455	30338	36230.32099641301	246165.91500890916	7342	12748	19539	1.1942224601626017	6.688164681283319	0.014847728088109871	1.1651209131099063	1.223324007215297	0.2420067242402268	0.0024589682407954376	0.23718714648826772	0.24682630199218586
K562_skew	[-1.0,-0.5)	pELS	HepG2	25479	25474	5806.427	4691.112475	25460	31547.433994543848	214795.97108564412	6363	10907	16088	1.2390979573662155	6.901512630616258	0.016464287604517954	1.2068279536613604	1.2713679610710706	0.24992144540455616	0.00271347569997775	0.24460303303259978	0.25523985777651254
K562_skew	[-1.0,-0.5)	pELS	K562	43083	43072	10567.669	9525.605817	43029	44217.8740033815	309562.5352699093	9160	17232	24790	1.0276295987213622	6.138396838140341	0.011943919129326633	1.004219517227882	1.0510396802148423	0.2128796857933022	0.0019733632867999047	0.20901189375117438	0.21674747783543
K562_skew	[-1.0,-0.5)	pELS	MCF-7	30780	30775	6907.101	5211.024949	30777	39459.512999708066	260629.66669287533	7950	12933	19809	1.282110439604512	6.824740483956319	0.014891207954353789	1.2529236720139785	1.3112972071950455	0.2583097767813627	0.002494988550200381	0.2534195992229699	0.26319995433975546
K562_skew	[-1.0,-0.5)	pELS	SK-N-SH	26881	26876	5304.159	2929.064803	26880	39399.22798565111	254346.50153351575	7648	11495	17627	1.4657450887519015	7.314158882879987	0.016495578956409573	1.4334137539973386	1.4980764235064643	0.2845238095238095	0.0027519609576212908	0.2791299660468718	0.28991765300074723
K562_skew	[-1.5,-1.0)	Inactive cCRE	H1	246618	246539	135608.161	263002.847963	245857	10750.78800281324	786982.9875289866	16224	24766	78130	0.04372780926641601	3.199079457575719	0.0036072083246109195	0.03665768095017861	0.050797937582653406	0.0659895793082971	5.006938438633213e-4	0.065008219374325	0.06697093924226921
K562_skew	[-1.5,-1.0)	Inactive cCRE	HCT116	240907	240830	134222.089	260305.779301	240137	-879.1359913853254	717397.9347665842	14364	24114	73717	-0.0036609768231689634	2.987451761793714	0.0035271254807410215	-0.010574142765421365	0.0032521891190834384	0.05981585511603793	4.8393282259763434e-4	0.05886734678374657	0.06076436344832929
K562_skew	[-1.5,-1.0)	Inactive cCRE	HepG2	250094	250015	136489.353	263092.726837	249305	12086.636999838183	798987.4985013398	16763	25224	81045	0.048481326085871454	3.2025219102447977	0.0035841036483469355	0.04145648293511146	0.055506169236631445	0.06723892420930186	5.015683122643441e-4	0.06625585031726375	0.06822199810133997
K562_skew	[-1.5,-1.0)	Inactive cCRE	K562	218002	217924	123794.885	243213.523753	217296	-2327.19900357991	649170.9968315649	12812	19668	64791	-0.0107098105974335	2.9873953518075154	0.0037078357247289752	-0.017977168617902294	-0.003442452576964709	0.05896104852367278	5.053130719833785e-4	0.05797063490258536	0.0599514621447602
K562_skew	[-1.5,-1.0)	Inactive cCRE	MCF-7	246393	246317	134308.041	259346.392833	245621	10942.957970513957	778576.9916478142	15962	23812	79467	0.04455220836375537	3.167858719583894	0.0035912873415134714	0.03751328517438897	0.05159113155312177	0.06498630003134911	4.973786568315358e-4	0.06401143786395931	0.06596116219873892
K562_skew	[-1.5,-1.0)	Inactive cCRE	SK-N-SH	247158	247086	135698.045	263362.07387100003	246363	2132.2389994897017	731490.0794967334	14604	23008	80611	0.008654867003120199	2.9690927385383055	0.0034715557135463647	0.001850617804569324	0.015459116201671074	0.05927838189987945	4.7576335755670433e-4	0.058345885719068305	0.06021087808069059
K562_skew	[-1.5,-1.0)	Other cCREs	H1	30334	30333	10998.22	14861.662928	30287	35736.78395534935	276489.69838102895	7170	5236	22470	1.179938057759083	7.736990917592224	0.015982985841763376	1.1486114055092267	1.2112647100089393	0.23673523293822432	0.0024425357446444837	0.23194786287872113	0.24152260299772751
K562_skew	[-1.5,-1.0)	Other cCREs	HCT116	25197	25196	8250.88	11034.265158	25152	39529.32794960088	282691.746045993	7115	3212	19532	1.5716176824745898	8.769701215222584	0.018672657718694568	1.5350192733459485	1.608216091603231	0.2828800890585242	0.0028399508132240093	0.2773137854646051	0.28844639265244326
K562_skew	[-1.5,-1.0)	Other cCREs	HepG2	23169	23167	8219.272	11466.204456	23149	35819.56295314559	263260.74986931955	6604	3817	17540	1.54734817716297	8.978547365949346	0.019694135497624804	1.5087476715876253	1.5859486827383147	0.2852823016113007	0.002967826891459886	0.27946536090403934	0.29109924231856205
K562_skew	[-1.5,-1.0)	Other cCREs	K562	40930	40927	16017.682	24087.012514	40868	40819.16996817	338003.98490901664	8441	6198	26246	0.9988051768662523	7.273193203059314	0.013340461989021791	0.9726578713677696	1.024952482364735	0.20654301654105903	0.002002512606756014	0.20261809183181723	0.21046794125030083
K562_skew	[-1.5,-1.0)	Other cCREs	MCF-7	23751	23747	9528.886	14210.81745	23718	28551.813985895245	231227.4456349183	5791	4025	16456	1.203803608478592	8.300234807525744	0.01870708660586332	1.1671377187310998	1.240469498226084	0.24416055316637153	0.0027894173291814774	0.23869329520117583	0.24962781113156723
K562_skew	[-1.5,-1.0)	Other cCREs	SK-N-SH	27399	27392	10474.807	14541.114997	27382	35780.66897575941	279006.3934950953	7242	5780	18170	1.306722261915105	8.482195566204863	0.017600360267622392	1.2722255557905653	1.341218968039645	0.2644803155357534	0.0026653929469002587	0.2592561453598289	0.26970448571167793
K562_skew	[-1.5,-1.0)	PLS	H1	11273	11271	2073.915	850.780465	11262	34620.46298551595	221433.63906153076	5999	5061	8668	3.0740954524521356	10.21286131213646	0.03011382731642465	3.015072350911943	3.133118553992328	0.5326762564375777	0.004701460930832419	0.5234613930131461	0.5418911198620092
K562_skew	[-1.5,-1.0)	PLS	HCT116	10547	10546	2015.955	981.419083	10538	31649.02198832377	201491.78523444265	5550	4834	8153	3.0033233999168503	10.101502981154688	0.030960923125533963	2.942639990590804	3.0640068092428967	0.5266654014044411	0.004863763201606351	0.5171324255292926	0.5361983772795895
K562_skew	[-1.5,-1.0)	PLS	HepG2	9803	9802	1893.608	965.271946	9792	29609.916988744975	190710.89081571845	5147	4490	7565	3.0238885813669296	10.333347047107534	0.03248514468043597	2.9602176977932753	3.087559464940584	0.5256331699346405	0.005046181139944393	0.5157426549003494	0.5355236849689315
K562_skew	[-1.5,-1.0)	PLS	K562	10913	10913	2200.466	1325.428004	10903	31727.066989147927	201994.3601927751	5552	4900	8359	2.9099391900530063	10.059670205064805	0.03037518037144621	2.8504038365249715	2.969474543581041	0.5092176465193066	0.004787658732982743	0.4998338354026604	0.5186014576359528
K562_skew	[-1.5,-1.0)	PLS	MCF-7	11210	11209	2127.899	985.017471	11199	34179.909989189946	216304.02126730097	5963	5048	8600	3.0520501820867887	10.00046622263652	0.029882745859466864	2.9934800002022337	3.1106203639713437	0.5324582552013573	0.004714800887864193	0.5232172454611435	0.5416992649415711
K562_skew	[-1.5,-1.0)	PLS	SK-N-SH	11907	11905	2200.419	893.460377	11896	36649.299982372555	231966.1195565996	6370	5344	9052	3.08080867370314	10.00896496727683	0.02900641838058267	3.023956093677198	3.1376612537290822	0.5354741089441829	0.004572710671423548	0.5265115960281928	0.544436621860173
K562_skew	[-1.5,-1.0)	dELS	H1	4053	4053	1547.114	2238.20481	4048	3569.2779993137824	28132.582186420008	782	858	2711	0.8817386361941162	6.173810692144159	0.03905317993049777	0.8051944035303406	0.9582828688578918	0.19318181818181818	0.006205127519722227	0.18101976824316263	0.20534386812047373
K562_skew	[-1.5,-1.0)	dELS	HCT116	12321	12320	4837.808	7662.827164	12319	10101.40499641782	82021.16252054009	2327	2422	8294	0.8199857940107005	5.986211554142618	0.022043893431334484	0.7767797628852849	0.863191825136116	0.1888952025326731	0.0035266407504558317	0.18198298666177967	0.19580741840356655
K562_skew	[-1.5,-1.0)	dELS	HepG2	7463	7463	3106.8089999999997	4888.760177	7463	5462.0979991491195	47533.57835355938	1294	1623	4687	0.7318903924894975	5.8343502151093585	0.027960151903748412	0.6770884947581506	0.7866922902208444	0.1733887176738577	0.004382322764796809	0.16479936505485596	0.18197807029285942
K562_skew	[-1.5,-1.0)	dELS	K562	16574	16574	6595.808	10628.226908	16539	8140.033997173654	81490.39603070494	2141	2905	9164	0.49217207794749707	4.68521578085335	0.016831009887046163	0.45918329856888657	0.5251608573261075	0.12945159925025695	0.002610330798189851	0.12433535088580484	0.13456784761470905
K562_skew	[-1.5,-1.0)	dELS	MCF-7	8069	8069	3502.714	5668.011194	8060	6304.21299326874	57263.59895970133	1566	1781	5468	0.7821604210010844	6.493695628589868	0.028384316670082566	0.7265271603277226	0.8377936816744462	0.19429280397022333	0.004407065023464441	0.18565495652423303	0.20293065141621364
K562_skew	[-1.5,-1.0)	dELS	SK-N-SH	4021	4021	1521.097	2027.337547	4018	5885.904984096995	44694.531477482145	1193	949	2851	1.4648842668235427	8.97992578298735	0.04727498584302038	1.3722252945712228	1.5575432390758626	0.296913887506222	0.007207996204650291	0.2827862149451074	0.3110415600673366
K562_skew	[-1.5,-1.0)	non-cCRE	H1	239673	239546	169933.463	359707.921847	237550	-71917.73781182666	379671.6051991246	2969	11340	7047	-0.30274779125163825	1.506630922145661	0.0025184070181890755	-0.30768386900728883	-0.2978117134959877	0.012498421384971585	2.279391704134641e-4	0.012051660610961195	0.012945182158981975
K562_skew	[-1.5,-1.0)	non-cCRE	HCT116	239673	239546	169933.463	359707.921847	237550	-71917.73781182666	379671.6051991246	2969	11340	7047	-0.30274779125163825	1.506630922145661	0.0025184070181890755	-0.30768386900728883	-0.2978117134959877	0.012498421384971585	2.279391704134641e-4	0.012051660610961195	0.012945182158981975
K562_skew	[-1.5,-1.0)	non-cCRE	HepG2	239673	239546	169933.463	359707.921847	237550	-71917.73781182666	379671.6051991246	2969	11340	7047	-0.30274779125163825	1.506630922145661	0.0025184070181890755	-0.30768386900728883	-0.2978117134959877	0.012498421384971585	2.279391704134641e-4	0.012051660610961195	0.012945182158981975
K562_skew	[-1.5,-1.0)	non-cCRE	K562	239673	239546	169933.463	359707.921847	237550	-71917.73781182666	379671.6051991246	2969	11340	7047	-0.30274779125163825	1.506630922145661	0.0025184070181890755	-0.30768386900728883	-0.2978117134959877	0.012498421384971585	2.279391704134641e-4	0.012051660610961195	0.012945182158981975
K562_skew	[-1.5,-1.0)	non-cCRE	MCF-7	239673	239546	169933.463	359707.921847	237550	-71917.73781182666	379671.6051991246	2969	11340	7047	-0.30274779125163825	1.506630922145661	0.0025184070181890755	-0.30768386900728883	-0.2978117134959877	0.012498421384971585	2.279391704134641e-4	0.012051660610961195	0.012945182158981975
K562_skew	[-1.5,-1.0)	non-cCRE	SK-N-SH	239673	239546	169933.463	359707.921847	237550	-71917.73781182666	379671.6051991246	2969	11340	7047	-0.30274779125163825	1.506630922145661	0.0025184070181890755	-0.30768386900728883	-0.2978117134959877	0.012498421384971585	2.279391704134641e-4	0.012051660610961195	0.012945182158981975
K562_skew	[-1.5,-1.0)	pELS	H1	4526	4526	940.073	625.4445010000001	4524	9271.295995742556	59957.878198374194	1650	1921	3266	2.049358089244597	9.05542178901573	0.04473969755058378	1.9616682820454527	2.137047896443741	0.3647214854111406	0.007156512919303213	0.3506947200893063	0.37874825073297486
K562_skew	[-1.5,-1.0)	pELS	HCT116	7832	7830	1840.751	1594.649961	7832	13547.989995777723	89394.15678878063	2469	3260	5549	1.7298250760696787	8.422743450867474	0.03279370208101208	1.6655494199908951	1.7941007321484623	0.3152451481103167	0.005249953118901791	0.30495523999726915	0.3255350562233642
K562_skew	[-1.5,-1.0)	pELS	HepG2	6275	6275	1458.441	1165.977251	6269	10970.393997857003	72504.06781640353	2017	2688	4408	1.7499432122917535	8.50454711290483	0.0368320982776657	1.6777522996675287	1.8221341249159784	0.32174190460998564	0.005900002182218864	0.31017790033283665	0.3333059088871346
K562_skew	[-1.5,-1.0)	pELS	K562	10385	10384	2558.642	2324.749488	10372	15589.536987823203	102337.04739227894	2879	4171	6685	1.5030405888761282	7.608267335627708	0.027083926594835144	1.4499560927502513	1.5561250850020052	0.2775742383339761	0.0043969845194384485	0.26895614867587675	0.28619232799207545
K562_skew	[-1.5,-1.0)	pELS	MCF-7	7381	7380	1699.943	1368.701719	7380	13969.713999866986	89624.72784660572	2543	3176	5254	1.892915176133738	8.562304405747332	0.034061765207006725	1.8261541163280048	1.959676235939471	0.344579945799458	0.005531930064402397	0.3337373628732293	0.3554225287256867
K562_skew	[-1.5,-1.0)	pELS	SK-N-SH	6319	6318	1273.115	754.953875	6319	13500.495997016196	85839.66133043019	2416	2761	4561	2.136492482515619	9.021201823769053	0.037784007766271104	2.0624358272937275	2.2105491377375106	0.3823389776863428	0.006113292947438164	0.370356923509364	0.39432103186332157
K562_skew	[0.05,0.2)	Inactive cCRE	H1	14607930	14601348	2855857.284999998	2776964.299751002	14574556	-550419.0760826353	31271700.73593161	609242	1133305	1458665	-0.037765752595319904	2.1442104918661684	3.835624126591383e-4	-0.03851753492413181	-0.037013970266507996	0.041801753686355865	5.242365177483266e-5	0.041699003328877195	0.041904504043834535
K562_skew	[0.05,0.2)	Inactive cCRE	HCT116	14505720	14499274	2838407.462999998	2760302.709873002	14472530	-489930.5081729795	31464737.9277534	617544	1115080	1429633	-0.0338524437795589	2.1729548845795774	3.874834211201112e-4	-0.03461191128495432	-0.03309297627416348	0.04267007910849036	5.312761391441744e-5	0.0425659489852181	0.042774209231762624
K562_skew	[0.05,0.2)	Inactive cCRE	HepG2	14562412	14555840	2845529.020999998	2763994.364293002	14529004	-500472.0031597033	31522714.869433105	618703	1119522	1470859	-0.03444640824379312	2.168454050597806	3.8632889357799493e-4	-0.03520361287520599	-0.03368920361238025	0.042583992681122534	5.297312696116039e-5	0.04248016535227866	0.04268782000996641
K562_skew	[0.05,0.2)	Inactive cCRE	K562	14146317	14139841	2765807.923999998	2696813.810018002	14113592	-480024.822154199	30601447.76755556	600951	1025116	1372693	-0.034011527480332364	2.1670687063360146	3.9184793379291747e-4	-0.034779549430566485	-0.03324350553009824	0.042579592778365705	5.3744411607684974e-5	0.04247425373161464	0.04268493182511677
K562_skew	[0.05,0.2)	Inactive cCRE	MCF-7	14533656	14527234	2830432.9009999977	2738777.901373002	14499992	-474556.09017496486	31329336.0880414	613407	1097710	1459995	-0.032728024275804075	2.159574085584048	3.859225647783419e-4	-0.033484432502769626	-0.031971616048838525	0.04230395437459552	5.2859183243924005e-5	0.04220035037543743	0.04240755837375361
K562_skew	[0.05,0.2)	Inactive cCRE	SK-N-SH	14401893	14395533	2807379.270999998	2729183.875357002	14368280	-649147.7710381319	30149811.556073505	575548	1047819	1411986	-0.0451792261174011	2.0963181159095092	3.819673154596066e-4	-0.045927882055701925	-0.04443057017910027	0.04005684744450971	5.173193812058526e-5	0.03995545284579337	0.04015824204322606
K562_skew	[0.05,0.2)	Other cCREs	H1	599663	599548	105697.479	79287.061203	598918	-2377.41706504148	2004727.4147156712	40427	101330	182415	-0.003969520143060452	3.34723839448662	0.0023640662307345475	-0.008603089955300165	6.640496691792605e-4	0.06750005843871783	3.2418491191212186e-4	0.06686465601137007	0.06813546086606559
K562_skew	[0.05,0.2)	Other cCREs	HCT116	464077	463977	80141.578	60014.333484	463300	-41763.405987272505	1206175.2997340492	21895	58147	134183	-0.09014333258638572	2.5953231220835753	0.0023668163889225507	-0.09478229270867393	-0.08550437246409752	0.04725879559680553	3.1174367343528585e-4	0.04664777799687237	0.047869813196738685
K562_skew	[0.05,0.2)	Other cCREs	HepG2	466092	465977	82584.007	63411.604161	465511	-36439.48595195962	1337394.7937423885	23949	71264	131245	-0.07827846377842762	2.8668393090614455	0.0024816281192039736	-0.08314245489206741	-0.07341447266478783	0.05144668976672947	3.237759722599476e-4	0.050812088861099974	0.05208129067235896
K562_skew	[0.05,0.2)	Other cCREs	K562	663003	662836	124874.893	105653.764731	662049	-57486.987942445914	1718672.6806294108	30963	98616	170994	-0.08683192322992092	2.588454273565773	0.0019773119074819883	-0.09070745456858562	-0.08295639189125623	0.04676844161081733	2.5949595259285274e-4	0.04625982954373534	0.04727705367789932
K562_skew	[0.05,0.2)	Other cCREs	MCF-7	515594	515374	101166.003	92823.443623	515214	-83584.14099244654	1489326.454748643	24869	80784	123151	-0.16223189003491081	2.864381220152624	0.0023578793610308495	-0.16685333358253127	-0.15761044648729036	0.04826926286940961	2.986060160506645e-4	0.047683995077950306	0.04885453066086891
K562_skew	[0.05,0.2)	Other cCREs	SK-N-SH	718576	718271	141002.884	122781.666	718076	41802.22494439967	2628983.540593127	59029	144967	185007	0.05821420705384899	3.657765633415593	0.002256954125363725	0.05379057696813609	0.06263783713956189	0.08220439062160552	3.2414198635417803e-4	0.08156907232835132	0.08283970891485971
K562_skew	[0.05,0.2)	PLS	H1	156811	156770	22113.919	7086.850549	156718	44021.9810080923	994730.3166590752	23182	65663	77050	0.2808993287822222	6.2683982703997545	0.006324393020635736	0.2685035184617761	0.29329513910266825	0.14792174479000497	8.968014696236148e-4	0.1461640139095427	0.14967947567046724
K562_skew	[0.05,0.2)	PLS	HCT116	145580	145537	20647.435	6908.407781	145537	32387.658988184172	889340.372896166	20294	62793	72205	0.22253900374601765	6.061269071097665	0.006453496406720102	0.20989015078884626	0.23518785670318904	0.13944220370077712	9.080304894859973e-4	0.13766246394138457	0.14122194346016967
K562_skew	[0.05,0.2)	PLS	HepG2	135473	135438	19139.708	6533.1911199999995	135380	25650.33600533463	844745.5874892636	18502	59087	66663	0.18946916830650487	6.203958070746205	0.00676950903344506	0.17620093060095254	0.2027374060120572	0.13666715910769686	9.33563705996305e-4	0.1348373742439441	0.13849694397144963
K562_skew	[0.05,0.2)	PLS	K562	151886	151849	21809.005	7605.166443	151803	32066.949981009144	900224.8842526136	20520	65155	73939	0.2112405550681419	5.885634207317973	0.00622667869896351	0.19903626481817344	0.22344484531811037	0.1351751941661232	8.775510553885934e-4	0.13345519409756154	0.13689519423468485
K562_skew	[0.05,0.2)	PLS	MCF-7	156929	156885	22557.355	7649.410603	156836	43947.51598758438	952844.8689677212	22781	66879	77644	0.2802131907698767	5.996940703837983	0.006183608687349406	0.26809331774267187	0.29233306379708157	0.14525364074574715	8.897321102775509e-4	0.14350976580960315	0.14699751568189115
K562_skew	[0.05,0.2)	PLS	SK-N-SH	173615	173557	24913.602	8196.915142	173511	58176.49598034915	1065653.787415142	26187	72619	84431	0.33528995844845083	6.029322762349226	0.005894822875881187	0.3237361056117237	0.34684381128517794	0.1509241489012224	8.593876452736202e-4	0.1492397491164861	0.15260854868595872
K562_skew	[0.05,0.2)	dELS	H1	97904	97893	17840.833	14317.092441	97852	22002.588959687968	414928.328505851	9658	17313	32318	0.2248557920092381	4.189849045375793	0.00654356370390796	0.2120304071495785	0.23768117686889773	0.09870007766831541	9.534733541286379e-4	0.09683126989422329	0.10056888544240754
K562_skew	[0.05,0.2)	dELS	HCT116	261125	261024	49538.645	44036.735953	260882	6384.526017092052	844788.7180790006	16897	46305	83559	0.02447284985967622	3.2376158882109434	0.003522821220078636	0.017568120268322093	0.03137757945103035	0.06476874602310623	4.818592415593846e-4	0.06382430190964983	0.06571319013656263
K562_skew	[0.05,0.2)	dELS	HepG2	238299	238287	44876.386	38380.111198	238181	19552.409967142736	795615.8323688253	17363	43492	63914	0.08209055284486477	3.333658427345592	0.003741166117532857	0.07475786725450037	0.08942323843522917	0.07289834201720541	5.326831351907913e-4	0.07185428307223146	0.07394240096217936
K562_skew	[0.05,0.2)	dELS	K562	298629	298590	58149.013	52071.451397	298395	-6584.46701672277	873617.4545383427	16075	50458	74895	-0.02206627797624883	2.92724438111633	0.003132086298443189	-0.02820516712119748	-0.015927388831300182	0.053871546104995054	4.1329390530214327e-4	0.05306149005060285	0.054681602159387256
K562_skew	[0.05,0.2)	dELS	MCF-7	174697	174667	34921.279	32768.402335	174550	3243.598014724102	644893.7638814772	13256	37316	57565	0.018582629703374976	3.6942834923182772	0.004600501568260376	0.009565646629584638	0.027599612777165314	0.07594385562875967	6.340676178714818e-4	0.07470108309773157	0.07718662815978777
K562_skew	[0.05,0.2)	dELS	SK-N-SH	96769	96764	18242.349	14641.879785	96711	28011.91497543501	529706.6220285333	12291	20472	37235	0.28964559331859885	5.393372911751455	0.00746779328521257	0.2750087184795822	0.3042824681576155	0.12708998976331545	0.001071032063025617	0.12499076691978524	0.12918921260684565
K562_skew	[0.05,0.2)	non-cCRE	H1	41993362	41976488	7893980.500999992	7620535.799336984	41519348	-5742193.914478938	50382712.80672434	549570	1124016	247622	-0.13830163986387595	1.1943482148680116	1.6960561262202058e-4	-0.1386340668646151	-0.1379692128631368	0.013236479532385721	1.7736483802008303e-5	0.013201716024133786	0.013271243040637657
K562_skew	[0.05,0.2)	non-cCRE	HCT116	41993362	41976488	7893980.500999992	7620535.799336984	41519348	-5742193.914478938	50382712.80672434	549570	1124016	247622	-0.13830163986387595	1.1943482148680116	1.6960561262202058e-4	-0.1386340668646151	-0.1379692128631368	0.013236479532385721	1.7736483802008303e-5	0.013201716024133786	0.013271243040637657
K562_skew	[0.05,0.2)	non-cCRE	HepG2	41993362	41976488	7893980.500999992	7620535.799336984	41519348	-5742193.914478938	50382712.80672434	549570	1124016	247622	-0.13830163986387595	1.1943482148680116	1.6960561262202058e-4	-0.1386340668646151	-0.1379692128631368	0.013236479532385721	1.7736483802008303e-5	0.013201716024133786	0.013271243040637657
K562_skew	[0.05,0.2)	non-cCRE	K562	41993362	41976488	7893980.500999992	7620535.799336984	41519348	-5742193.914478938	50382712.80672434	549570	1124016	247622	-0.13830163986387595	1.1943482148680116	1.6960561262202058e-4	-0.1386340668646151	-0.1379692128631368	0.013236479532385721	1.7736483802008303e-5	0.013201716024133786	0.013271243040637657
K562_skew	[0.05,0.2)	non-cCRE	MCF-7	41993362	41976488	7893980.500999992	7620535.799336984	41519348	-5742193.914478938	50382712.80672434	549570	1124016	247622	-0.13830163986387595	1.1943482148680116	1.6960561262202058e-4	-0.1386340668646151	-0.1379692128631368	0.013236479532385721	1.7736483802008303e-5	0.013201716024133786	0.013271243040637657
K562_skew	[0.05,0.2)	non-cCRE	SK-N-SH	41993362	41976488	7893980.500999992	7620535.799336984	41519348	-5742193.914478938	50382712.80672434	549570	1124016	247622	-0.13830163986387595	1.1943482148680116	1.6960561262202058e-4	-0.1386340668646151	-0.1379692128631368	0.013236479532385721	1.7736483802008303e-5	0.013201716024133786	0.013271243040637657
K562_skew	[0.05,0.2)	pELS	H1	100991	100980	14338.451	5306.608991	100969	35136.63604160771	515647.6533442081	12588	40710	43427	0.3479942956908329	4.985939153315542	0.007027153812337581	0.3342210742186512	0.3617675171630146	0.12467192900791332	0.0010396226676458132	0.12263426857932753	0.12670958943649913
K562_skew	[0.05,0.2)	pELS	HCT116	186797	186727	27112.846	11699.725844	186764	41286.44201668701	796692.1306937844	18467	75996	74295	0.22106209985161493	4.216923390212053	0.004751724712334826	0.21174871941543866	0.2303754802877912	0.09887879891199589	6.907113803220331e-4	0.0975250046065647	0.10023259321742707
K562_skew	[0.05,0.2)	pELS	HepG2	161023	160997	23718.845	10642.642163	160937	40073.45600089653	701263.3661228049	16580	64956	61194	0.24900088855202052	4.295403389988762	0.005166233450200142	0.23887507098962824	0.2591267061144128	0.1030216792906541	7.577524251013601e-4	0.10153648453745544	0.10450687404385277
K562_skew	[0.05,0.2)	pELS	K562	303464	303423	45207.132	20817.720346	303174	60394.03999406973	1107771.6621804994	26588	118976	101354	0.19920586855756012	3.6142427425522086	0.003452730506023561	0.19243851676575394	0.2059732203493663	0.08769881322276976	5.137123436364793e-4	0.08669193702924226	0.08870568941629726
K562_skew	[0.05,0.2)	pELS	MCF-7	182423	182379	26770.429	10942.755001	182421	59313.830026814016	785333.2735171831	20784	75632	75520	0.32514803683136273	4.199361353618109	0.004797933314548709	0.3157440875348473	0.3345519861278782	0.11393425099083987	7.439139612666435e-4	0.11247617962675725	0.11539232235492249
K562_skew	[0.05,0.2)	pELS	SK-N-SH	172446	172414	24309.861	8157.576651	172435	69521.84799965928	827578.9430461173	22042	72444	75216	0.4031771276113276	4.636842641610027	0.005185593486248434	0.3930133643782807	0.41334089084437453	0.12782787717110797	8.040835516551562e-4	0.12625187340986385	0.12940388093235208
K562_skew	[0.2,0.5)	Inactive cCRE	H1	3306390	3304560	666191.229	706582.486521	3297504	-148313.9199708366	7229810.172690472	140572	291648	429460	-0.04497763155733446	2.1904875791904357	8.150377642183888e-4	-0.0465751055752025	-0.04338015753946642	0.04262981940279678	1.1125102705807331e-4	0.04241176738976296	0.0428478714158306
K562_skew	[0.2,0.5)	Inactive cCRE	HCT116	3289604	3287822	662076.915	700230.881315	3280784	-128500.60497602666	7333352.963835426	143940	289399	422385	-0.03916765168814121	2.2337106406909597	8.251342937546627e-4	-0.04078491490390035	-0.03755038847238207	0.043873659466761604	1.1307608205331988e-4	0.0436520303459371	0.04409528858758611
K562_skew	[0.2,0.5)	Inactive cCRE	HepG2	3319204	3317386	666727.555	703993.622857	3310306	-124698.09300771888	7413572.414220108	146081	292320	440278	-0.03766965742977202	2.2381246077851924	8.222579109497048e-4	-0.03928128293523344	-0.0360580319243106	0.04412915301485724	1.1288294561016806e-4	0.04390790244146131	0.044350403588253165
K562_skew	[0.2,0.5)	Inactive cCRE	K562	3165300	3163522	637732.231	679675.658425	3156689	-132797.04196444186	7011831.646739583	137028	259193	396280	-0.04206845906088368	2.2194924173108954	8.385151899215455e-4	-0.04371194883312991	-0.04042496928863745	0.043408774193466636	1.1469277459866675e-4	0.04318397635525325	0.04363357203168002
K562_skew	[0.2,0.5)	Inactive cCRE	MCF-7	3283596	3281816	658761.691	695862.070103	3274653	-130764.00698105224	7239009.077818115	140955	280398	428831	-0.03993217204419895	2.209024771790761	8.213299310175152e-4	-0.04154197870899328	-0.03832236537940462	0.0430442553760658	1.1215557940736551e-4	0.042824430440427365	0.043264080311704235
K562_skew	[0.2,0.5)	Inactive cCRE	SK-N-SH	3241308	3239566	652183.794	694645.27883	3232359	-193836.98594771625	6846167.551130622	128121	263821	412471	-0.059967653948004	2.1144141836501356	8.087890019051326e-4	-0.061552880391738056	-0.05838242750426994	0.039636995766868716	1.0851962421022855e-4	0.03942429730341667	0.03984969423032076
K562_skew	[0.2,0.5)	Other cCREs	H1	181410	181387	31208.371	23732.968607	181174	14861.413984189388	644467.0572992819	14273	33294	64759	0.08202840354680797	3.550462813088654	0.0044268473616666595	0.07335178271794132	0.09070502437567463	0.07878061973572367	6.329119460776877e-4	0.0775401123214114	0.08002112715003594
K562_skew	[0.2,0.5)	Other cCREs	HCT116	128659	128623	22092.094	17763.223326	128403	-1765.5769920274606	354855.0519931755	7482	17072	44866	-0.013750278358196153	2.763436510475478	0.004639136596634169	-0.022842986087599125	-0.004657570628793182	0.05826966659657485	6.537278106355475e-4	0.05698836008772918	0.05955097310542052
K562_skew	[0.2,0.5)	Other cCREs	HepG2	128001	127969	22602.054	18417.859424	127814	-477.7749857867613	390460.2437999728	8028	21468	43582	-0.003738048928808748	3.0549197488025395	0.004888894773116562	-0.013320282684117208	0.005844184826499713	0.0628100208114917	6.786394055013087e-4	0.061479887576709136	0.06414015404627427
K562_skew	[0.2,0.5)	Other cCREs	K562	203111	203057	37972.715	33228.395805	202761	-3397.073022812611	558452.0783467158	11449	32221	62100	-0.016754075107208048	2.7539710176077477	0.003685424091760202	-0.023977506327058043	-0.009530643887358053	0.05646549385729997	5.125995811064483e-4	0.055460798678331334	0.05747018903626861
K562_skew	[0.2,0.5)	Other cCREs	MCF-7	150249	150184	28645.648	26500.26316	150107	-12767.38801342773	460802.24155295454	8929	25372	43338	-0.0850552473464111	3.0626111428424236	0.004516951802199503	-0.09390847287872212	-0.07620202181410007	0.05948423457933341	6.104969604958208e-4	0.058287660536761605	0.06068080862190522
K562_skew	[0.2,0.5)	Other cCREs	SK-N-SH	216332	216231	40588.525	34231.197459	216165	33000.4499698606	834634.3921322143	20425	46870	65353	0.15266324321634214	3.8378103496059324	0.004213558871576374	0.14440466782805245	0.16092181860463184	0.0944880068466218	6.291334242357462e-4	0.09325490533511974	0.09572110835812386
K562_skew	[0.2,0.5)	PLS	H1	59627	59612	8104.522	2464.786992	59603	33624.25494966389	428823.6035641147	11094	24901	30358	0.5641369553489571	6.876529625699376	0.010741145494228464	0.5430843101802694	0.5851896005176449	0.18613157055852894	0.0015942376532209076	0.18300686475821595	0.18925627635884193
K562_skew	[0.2,0.5)	PLS	HCT116	54533	54520	7444.634	2361.708378	54518	27381.9599512074	382171.9044072017	9672	23436	28076	0.5022554009906343	6.75787675646126	0.011133588765106889	0.48043356701102474	0.5240772349702437	0.17740929601232622	0.0016361010647113052	0.17420253792549206	0.18061605409916037
K562_skew	[0.2,0.5)	PLS	HepG2	50043	50033	6815.597	2212.205051	50019	22608.945956874868	351699.2903030779	8571	21869	25587	0.4520071564180585	6.827139928255855	0.011682933364996692	0.42910860702266496	0.47490570581345204	0.1713548851436454	0.0016848646940887755	0.1680525503432314	0.17465721994405942
K562_skew	[0.2,0.5)	PLS	K562	56597	56582	7826.565	2563.352547	56576	27254.062955076577	380725.84938767465	9712	24154	28732	0.481724811847366	6.497514644959153	0.010716612169363959	0.4607202519954126	0.5027293716993193	0.1716628959276018	0.0015853518200276025	0.16855560636034772	0.1747701854948559
K562_skew	[0.2,0.5)	PLS	MCF-7	59801	59789	8243.865	2597.187709	59777	34368.040952274816	414157.39891504653	11077	25386	30700	0.57493753370485	6.597930979183591	0.010505986206746544	0.5543458007396268	0.5955292666700732	0.18530538501430316	0.001589184736540997	0.1821905829306828	0.18842018709792352
K562_skew	[0.2,0.5)	PLS	SK-N-SH	66658	66636	9249.086	2853.68272	66630	42144.09094857308	465500.2818004562	12730	27745	33737	0.6325092443129684	6.586377623592089	0.00994233533287882	0.6130222670605259	0.6519962215654109	0.1910550802941618	0.0015230138912831592	0.1880699730672468	0.1940401875210768
K562_skew	[0.2,0.5)	dELS	H1	30371	30367	5331.286	4273.293132	30345	9499.899006807718	135303.2906358189	3366	5730	11654	0.31306307486596535	4.360968331196663	0.011988032054745858	0.28956653203866345	0.33655961769326725	0.11092436974789915	0.001802765619867337	0.10739094913295917	0.11445779036283914
K562_skew	[0.2,0.5)	dELS	HCT116	79525	79493	15394.383	14649.790897	79456	7458.66498103668	273639.00524996954	5962	14724	30135	0.09387163941095297	3.435137475808729	0.006575196136726017	0.08098425498296997	0.10675902383893597	0.07503523962948047	9.34613137729946e-4	0.07320339787952977	0.07686708137943117
K562_skew	[0.2,0.5)	dELS	HepG2	64208	64200	12155.179	10954.869189	64172	9578.428005943662	230117.01636730507	5336	12781	20868	0.14926179651473637	3.563717613802977	0.007452103093709584	0.13465567445106558	0.16386791857840716	0.08315153026241974	0.0010899613994801625	0.08101520591943862	0.08528785460540086
K562_skew	[0.2,0.5)	dELS	K562	94058	94040	18410.009	17010.872991	93973	3499.524984858342	294916.85042452376	5916	16638	28699	0.03723968570608943	3.136961320541938	0.005777674034599201	0.025915444598275	0.04856392681390387	0.06295425281729859	7.923031601008658e-4	0.061401338623500896	0.0645071670110963
K562_skew	[0.2,0.5)	dELS	MCF-7	56363	56354	10922.926	10055.562892	56298	6262.541006618879	221432.0683060314	4948	12423	21155	0.11123913827522965	3.9209092605474862	0.008345395292589068	0.09488216350175507	0.12759611304870422	0.08788944545099293	0.0011932889509834127	0.08555059910706544	0.09022829179492042
K562_skew	[0.2,0.5)	dELS	SK-N-SH	30442	30439	5579.944	4351.178366	30413	13019.127985406438	179143.82297046366	4351	6906	13424	0.42807772943828093	5.707307122951614	0.013698909317702786	0.40122786717558345	0.4549275917009784	0.14306382139216783	0.0020077494654588504	0.13912863243986848	0.1469990103444672
K562_skew	[0.2,0.5)	non-cCRE	H1	6505091	6501311	1325961.677	1506377.022771	6437460	-1043411.1872843415	8178462.913572784	83401	220740	63971	-0.16208429835437294	1.244177608492217	4.3962655632439127e-4	-0.16294596640476874	-0.16122263030397713	0.012955575646295278	4.456967171918963e-5	0.012868219089725666	0.01304293220286489
K562_skew	[0.2,0.5)	non-cCRE	HCT116	6505091	6501311	1325961.677	1506377.022771	6437460	-1043411.1872843415	8178462.913572784	83401	220740	63971	-0.16208429835437294	1.244177608492217	4.3962655632439127e-4	-0.16294596640476874	-0.16122263030397713	0.012955575646295278	4.456967171918963e-5	0.012868219089725666	0.01304293220286489
K562_skew	[0.2,0.5)	non-cCRE	HepG2	6505091	6501311	1325961.677	1506377.022771	6437460	-1043411.1872843415	8178462.913572784	83401	220740	63971	-0.16208429835437294	1.244177608492217	4.3962655632439127e-4	-0.16294596640476874	-0.16122263030397713	0.012955575646295278	4.456967171918963e-5	0.012868219089725666	0.01304293220286489
K562_skew	[0.2,0.5)	non-cCRE	K562	6505091	6501311	1325961.677	1506377.022771	6437460	-1043411.1872843415	8178462.913572784	83401	220740	63971	-0.16208429835437294	1.244177608492217	4.3962655632439127e-4	-0.16294596640476874	-0.16122263030397713	0.012955575646295278	4.456967171918963e-5	0.012868219089725666	0.01304293220286489
K562_skew	[0.2,0.5)	non-cCRE	MCF-7	6505091	6501311	1325961.677	1506377.022771	6437460	-1043411.1872843415	8178462.913572784	83401	220740	63971	-0.16208429835437294	1.244177608492217	4.3962655632439127e-4	-0.16294596640476874	-0.16122263030397713	0.012955575646295278	4.456967171918963e-5	0.012868219089725666	0.01304293220286489
K562_skew	[0.2,0.5)	non-cCRE	SK-N-SH	6505091	6501311	1325961.677	1506377.022771	6437460	-1043411.1872843415	8178462.913572784	83401	220740	63971	-0.16208429835437294	1.244177608492217	4.3962655632439127e-4	-0.16294596640476874	-0.16122263030397713	0.012955575646295278	4.456967171918963e-5	0.012868219089725666	0.01304293220286489
K562_skew	[0.2,0.5)	pELS	H1	35959	35955	4945.708	1718.983028	35957	20133.415994603303	200313.77559216585	5576	14534	17254	0.5599303611147566	5.257549913890144	0.012092051194299114	0.5362299407739303	0.5836307814555829	0.15507411630558723	0.0019089178533820016	0.1513326373129585	0.15881559529821596
K562_skew	[0.2,0.5)	pELS	HCT116	61436	61423	8773.09	3766.914364	61422	25230.621000237777	294698.9742960792	7825	25476	28023	0.4107749829090192	4.629277712605178	0.008681497423955431	0.39375924795806655	0.42779071785997186	0.12739734948389828	0.0013453227406413889	0.12476051691224116	0.1300341820555554
K562_skew	[0.2,0.5)	pELS	HepG2	52301	52293	7480.731	3193.9617590000003	52272	22793.557995114603	252868.9350913902	6865	21669	23170	0.4360567415655533	4.647503404628858	0.00942920981805311	0.41757549032216923	0.45453799280893736	0.1313322620140802	0.0014773316419768978	0.12843669199580546	0.13422783203235492
K562_skew	[0.2,0.5)	pELS	K562	94691	94680	13839.596	6294.238512	94584	35245.591011747376	392791.4748833551	10776	37901	37674	0.372637983292601	4.0140155094338485	0.006514493945756628	0.35986957515891804	0.38540639142628397	0.11393047449885815	0.0010331063117367777	0.11190558612785406	0.11595536286986224
K562_skew	[0.2,0.5)	pELS	MCF-7	63748	63738	9206.986	3757.434416	63748	32705.87700001397	303317.11318970565	8972	26528	29461	0.5130494603754466	4.494915535534892	0.008397064432817888	0.4965912140871236	0.5295077066637697	0.1407416703269122	0.00137733614260596	0.1380420914874045	0.1434412491664199
K562_skew	[0.2,0.5)	pELS	SK-N-SH	59017	59009	8179.767	2691.180905	59016	35478.38100830383	313271.851748099	9254	24765	28500	0.6011654637437954	4.946936785162467	0.009155525891543661	0.5832206329963698	0.619110294491221	0.15680493425511727	0.0014967835632165789	0.15387123847121278	0.15973863003902175
K562_skew	[0.5,1.0)	Inactive cCRE	H1	811985	811498	165849.44	184343.931156	809683	-49521.99295042967	1812864.2239254431	34580	77829	121826	-0.06116219921923724	2.2352421690575746	0.001661516966957039	-0.06441877247447303	-0.05790562596400144	0.04270807217145475	2.2470858858501425e-4	0.04226764333782813	0.04314850100508138
K562_skew	[0.5,1.0)	Inactive cCRE	HCT116	808831	808351	164808.297	182415.879117	806541	-42821.68595625787	1852838.3538675911	35793	77337	119831	-0.05309300575700165	2.294448907491992	0.0016866538849185772	-0.05639884737144206	-0.049787164142561235	0.044378401098022296	2.2930608490013518e-4	0.043928961171618035	0.04482784102442656
K562_skew	[0.5,1.0)	Inactive cCRE	HepG2	818266	817778	166452.048	184086.467436	815958	-40362.16895168928	1888386.701842807	36705	78531	125447	-0.049465988386276354	2.311874458166543	0.0016832484415462588	-0.05276515533170702	-0.04616682144084569	0.04498393299655129	2.2945638570180167e-4	0.04453419848057576	0.045433667512526824
K562_skew	[0.5,1.0)	Inactive cCRE	K562	773640	773165	158284.544	176964.67585	771401	-47275.52495625803	1755242.0481949348	33319	68770	111348	-0.0612852782875029	2.2716421499764103	0.0017160496950285075	-0.06464873568975878	-0.05792182088524703	0.04319284004039404	2.3146108788034574e-4	0.04273917630814856	0.04364650377263952
K562_skew	[0.5,1.0)	Inactive cCRE	MCF-7	804713	804233	163776.985	181585.362977	802385	-44830.36894629349	1811437.610368024	34475	74254	121176	-0.05587139458775213	2.2544478393576033	0.001676211033990027	-0.05915676821437258	-0.05258602096113168	0.04296565863020869	2.2637741535887275e-4	0.0425219588961053	0.043409358364312076
K562_skew	[0.5,1.0)	Inactive cCRE	SK-N-SH	793117	792639	161738.734	180831.843776	790783	-63338.82092526672	1700854.2895307676	30868	69659	116504	-0.08009633606851276	2.144435611892727	0.0016467506486689978	-0.08332396733990399	-0.07686870479712152	0.03903472886999341	2.1779643550589683e-4	0.03860784785640185	0.039461609883584964
K562_skew	[0.5,1.0)	Other cCREs	H1	49702	49689	8371.922	6502.133084	49622	7481.209005605311	189255.26111956604	4421	9289	18993	0.15076395561656747	3.791285231194186	0.008740898905448383	0.13363179376188863	0.1678961174712463	0.08909354721696022	0.0012788596424283753	0.08658698231780061	0.09160011211611983
K562_skew	[0.5,1.0)	Other cCREs	HCT116	33078	33069	5746.36	4929.787314	32998	1081.0070098688595	101488.29649336288	2173	4452	12758	0.0327597736186696	3.0746092962523677	0.009652752233530666	0.013840379240949496	0.051679167996389705	0.06585247590763077	0.001365368812295594	0.0631763530355314	0.06852859877973014
K562_skew	[0.5,1.0)	Other cCREs	HepG2	33141	33132	5742.5779999999995	4732.959454	33080	1572.8700053539346	104167.033815	2294	5734	12356	0.047547460863178195	3.146777346351993	0.009753270226927364	0.028431051218400564	0.06666387050795583	0.06934703748488513	0.0013967706089863235	0.06660936709127194	0.07208470787849833
K562_skew	[0.5,1.0)	Other cCREs	K562	54735	54718	9971.19	8932.119254000001	54634	2136.9680169746293	161741.69733062282	3530	8808	18249	0.039114251509584315	2.958982875297694	0.007359354556319872	0.024689916579197363	0.05353858643997127	0.06461178021012556	0.001051768845569256	0.06255031327280983	0.0666732471474413
K562_skew	[0.5,1.0)	Other cCREs	MCF-7	40197	40184	7508.819	7020.213675	40151	-1860.5609828414192	137022.78367982229	2700	6882	12315	-0.04633909448933823	3.410624332967253	0.009216557989361312	-0.0644035481484864	-0.028274640830190056	0.06724614579960649	0.0012498820813071874	0.0647963769202444	0.06969591467896857
K562_skew	[0.5,1.0)	Other cCREs	SK-N-SH	59748	59732	11156.058	9558.662376	59697	11790.253986651303	249688.437256764	6101	13441	19215	0.19750161627303386	4.143658587478739	0.00833135670560244	0.18117215713005308	0.21383107541601465	0.10219944050789823	0.0012397609180087833	0.09976950910860101	0.10462937190719544
K562_skew	[0.5,1.0)	PLS	H1	15964	15962	2138.273	616.911017	15951	12956.950999803956	130787.18775213022	3463	6726	8223	0.8122970973483766	7.5399557407212745	0.021741546904702317	0.7696836654151601	0.8549105292815932	0.21710237602658142	0.0032643056615394898	0.21070433692996401	0.22350041512319882
K562_skew	[0.5,1.0)	PLS	HCT116	14382	14380	1934.171	594.611511	14376	10356.17100462492	112156.680200746	2902	6248	7486	0.7203791739444158	7.283221585197022	0.022508301790649558	0.6762629024347426	0.7644954454540889	0.2018642181413467	0.003347719258410666	0.19530268839486178	0.2084257478878316
K562_skew	[0.5,1.0)	PLS	HepG2	13094	13092	1768.343	575.246349	13081	8880.479008160997	103726.55686798388	2600	5757	6780	0.6788838015565322	7.469246446428177	0.023895599006808998	0.6320484275031866	0.7257191756098778	0.19876156257166883	0.003489206043169645	0.19192271872705632	0.20560040641628133
K562_skew	[0.5,1.0)	PLS	K562	14857	14854	2023.914	634.870596	14851	10411.45800101734	112719.71768368346	2959	6449	7682	0.7010610733968985	7.099033653997544	0.021863604794227737	0.6582084080002122	0.7439137387935848	0.19924584203083967	0.003277678751658695	0.19282159167758864	0.2056700923840907
K562_skew	[0.5,1.0)	PLS	MCF-7	16000	15998	2180.377	658.587241	15987	13052.801996178692	124400.5679576804	3421	6859	8300	0.8164635013560201	7.115190262565588	0.021096468981222267	0.7751144221528244	0.8578125805592157	0.21398636392068557	0.0032435799137992684	0.20762894728963902	0.22034378055173212
K562_skew	[0.5,1.0)	PLS	SK-N-SH	17922	17918	2446.237	718.405423	17909	15547.243999854092	142193.76794950382	3955	7508	9215	0.8681246300661172	7.186554752266184	0.020032017969802675	0.8288618748453039	0.9073873852869304	0.2208386844603272	0.003099670988703986	0.2147633293224674	0.226914039598187
K562_skew	[0.5,1.0)	dELS	H1	8566	8565	1441.264	1120.433372	8557	3492.5510005141837	44589.79489120064	1101	1643	3501	0.40815133814586696	5.04491649448318	0.024280980770322515	0.3605606158360348	0.4557420604556991	0.1286665887577422	0.0036196311012001024	0.12157211179939	0.1357610657160944
K562_skew	[0.5,1.0)	dELS	HCT116	22738	22731	4311.024	4155.161214	22713	3669.1660046526263	84806.4325829272	1985	4437	9294	0.1615447543104225	3.7078944197860793	0.012776927462904916	0.13650197648312887	0.18658753213771614	0.08739488398714393	0.0018739034215705282	0.0837220332808657	0.09106773469342216
K562_skew	[0.5,1.0)	dELS	HepG2	17362	17361	3185.16	2839.633478	17348	3607.0400003106342	70278.18643282921	1649	3550	6252	0.20792252711036627	4.008082179084363	0.015200000491267686	0.1781305261474816	0.23771452807325094	0.09505418492045192	0.0022267538011086223	0.09068974747027903	0.09941862237062482
K562_skew	[0.5,1.0)	dELS	K562	26686	26683	5131.641	4912.838309	26660	3144.808995414759	91250.45453047688	2027	4904	9116	0.11795982728487468	3.408961078980226	0.01130787369329992	0.09579639484600684	0.14012325972374254	0.07603150787696925	0.0016232869981704537	0.07284986536055515	0.07921315039338334
K562_skew	[0.5,1.0)	dELS	MCF-7	16794	16791	3128.594	2836.356186	16775	3082.1919964316753	71011.49728165107	1729	3795	6796	0.18373722780516694	4.199665188307109	0.01582253517212558	0.1527250588678008	0.21474939674253307	0.10307004470938898	0.0023475466547343863	0.09846885326610957	0.10767123615266838
K562_skew	[0.5,1.0)	dELS	SK-N-SH	8756	8756	1567.77	1254.302538	8751	4788.11299653945	54151.73533272946	1405	1945	4136	0.5471503824179466	5.889361997212864	0.02594210918660198	0.49630384841220665	0.5979969164236865	0.16055307964804022	0.003924434620993753	0.15286118779089247	0.16824497150518797
K562_skew	[0.5,1.0)	non-cCRE	H1	1270976	1270070	253564.361	284875.714089	1259669	-231647.09965537747	1644524.346431946	15508	50906	16945	-0.18389521346907597	1.2717045710388197	0.0010047659182477492	-0.18586455466884155	-0.1819258722693104	0.012311170632920235	9.824976618190602e-5	0.012118601091203699	0.012503740174636771
K562_skew	[0.5,1.0)	non-cCRE	HCT116	1270976	1270070	253564.361	284875.714089	1259669	-231647.09965537747	1644524.346431946	15508	50906	16945	-0.18389521346907597	1.2717045710388197	0.0010047659182477492	-0.18586455466884155	-0.1819258722693104	0.012311170632920235	9.824976618190602e-5	0.012118601091203699	0.012503740174636771
K562_skew	[0.5,1.0)	non-cCRE	HepG2	1270976	1270070	253564.361	284875.714089	1259669	-231647.09965537747	1644524.346431946	15508	50906	16945	-0.18389521346907597	1.2717045710388197	0.0010047659182477492	-0.18586455466884155	-0.1819258722693104	0.012311170632920235	9.824976618190602e-5	0.012118601091203699	0.012503740174636771
K562_skew	[0.5,1.0)	non-cCRE	K562	1270976	1270070	253564.361	284875.714089	1259669	-231647.09965537747	1644524.346431946	15508	50906	16945	-0.18389521346907597	1.2717045710388197	0.0010047659182477492	-0.18586455466884155	-0.1819258722693104	0.012311170632920235	9.824976618190602e-5	0.012118601091203699	0.012503740174636771
K562_skew	[0.5,1.0)	non-cCRE	MCF-7	1270976	1270070	253564.361	284875.714089	1259669	-231647.09965537747	1644524.346431946	15508	50906	16945	-0.18389521346907597	1.2717045710388197	0.0010047659182477492	-0.18586455466884155	-0.1819258722693104	0.012311170632920235	9.824976618190602e-5	0.012118601091203699	0.012503740174636771
K562_skew	[0.5,1.0)	non-cCRE	SK-N-SH	1270976	1270070	253564.361	284875.714089	1259669	-231647.09965537747	1644524.346431946	15508	50906	16945	-0.18389521346907597	1.2717045710388197	0.0010047659182477492	-0.18586455466884155	-0.1819258722693104	0.012311170632920235	9.824976618190602e-5	0.012118601091203699	0.012503740174636771
K562_skew	[0.5,1.0)	pELS	H1	10611	10611	1438.397	485.122541	10609	7579.104007874612	70972.08252601292	1903	4421	5218	0.7144032432721851	6.1800099963885815	0.02413555912134953	0.66709754739434	0.7617089391500301	0.17937600150815344	0.003724920871283451	0.17207515660043787	0.186676846415869
K562_skew	[0.5,1.0)	pELS	HCT116	17799	17794	2439.444	973.092014	17794	9703.164000479856	97178.78706972626	2615	7434	8392	0.5453053838642158	5.164255578022096	0.01703597799849438	0.5119148669871668	0.5786959007412648	0.1469596493199955	0.002654281913371545	0.14175725676978726	0.15216204187020374
K562_skew	[0.5,1.0)	pELS	HepG2	14965	14962	2091.167	834.224453	14955	8289.602001232095	81910.0712557336	2220	6336	6926	0.5543030425431024	5.170196579174752	0.01859346451614445	0.5178598520914592	0.5907462329947455	0.14844533600802406	0.0029073434298611386	0.14274694288549622	0.1541437291305519
K562_skew	[0.5,1.0)	pELS	K562	26910	26905	3828.007	1624.027161	26876	13570.11200621969	127514.63247463526	3633	10977	11366	0.5049156126737494	4.489781248631198	0.012924991753990417	0.47958262883592817	0.5302485965115706	0.1351763655305849	0.002085603953472813	0.13108858178177818	0.13926414927939162
K562_skew	[0.5,1.0)	pELS	MCF-7	19124	19119	2644.521	968.011091	19124	12543.757999892923	104596.09092717458	3143	8118	9174	0.655917067553489	5.0393989417865495	0.016233045379012	0.6241002986106254	0.6877338364963526	0.1643484626647145	0.0026798227132291833	0.15909601014678532	0.1696009151826437
K562_skew	[0.5,1.0)	pELS	SK-N-SH	17285	17280	2330.497	705.317057	17282	13201.032005590276	101580.32014458811	3139	7355	8691	0.7638602016890566	5.294634406243517	0.017503342392871355	0.7295536505990287	0.7981667527790844	0.1816340701307719	0.0029327525922813184	0.17588587504990053	0.18738226521164328
K562_skew	[1.0,1.5)	Inactive cCRE	H1	158440	158354	33787.989	40444.064223	158012	-11912.511979236157	354397.41657706903	6776	15738	25479	-0.0753899196215234	2.2371817990928733	0.003762752072766317	-0.08276491368414539	-0.06801492555890142	0.042882819026403056	5.09658397873067e-4	0.041883888566571846	0.043881749486234266
K562_skew	[1.0,1.5)	Inactive cCRE	HCT116	157854	157770	33382.183	39552.642545	157422	-10642.280985697054	361499.53431330447	7012	15708	25046	-0.06760351784183313	2.291816712387865	0.0038155506954070844	-0.07508199720483102	-0.06012503847883525	0.04454269415964732	5.199495070775863e-4	0.04352359312577525	0.04556179519351938
K562_skew	[1.0,1.5)	Inactive cCRE	HepG2	159855	159767	33979.398	40452.428122	159420	-9931.34198698402	368898.50113710953	7249	15957	26241	-0.06229671300328704	2.3101375066686463	0.003806690017443147	-0.0697578254374756	-0.054835600569098475	0.045471082674695774	5.21784038739178e-4	0.04444838595876698	0.046493779390624566
K562_skew	[1.0,1.5)	Inactive cCRE	K562	150715	150631	32305.639	39014.580419	150296	-11830.008983623124	341884.4008974188	6526	13966	23478	-0.0787114027227812	2.2685601270574183	0.003885093150505865	-0.0863261852977727	-0.0710966201477897	0.04342098259434715	5.256982575718785e-4	0.04239061400950627	0.04445135117918803
K562_skew	[1.0,1.5)	Inactive cCRE	MCF-7	156744	156657	33171.794	39476.06688	156309	-11158.08598502085	352225.79078032303	6746	15050	25355	-0.07138479540538838	2.2483127741073177	0.003792594157376679	-0.07881827995384667	-0.06395131085693008	0.04315810350011835	5.139954509638285e-4	0.042150672416229246	0.04416553458400746
K562_skew	[1.0,1.5)	Inactive cCRE	SK-N-SH	154153	154069	32872.366	39667.878462	153721	-15000.850979247827	330066.6821736304	5976	14096	24338	-0.09758491669484214	2.137671255402477	0.003729098528352018	-0.10489394981041208	-0.09027588357927219	0.038875625321198794	4.930169936153828e-4	0.03790931201371264	0.039841938628684945
K562_skew	[1.0,1.5)	Other cCREs	H1	9836	9834	1738.886	1502.68152	9824	1871.459000446136	37683.261465370095	948	1936	3905	0.1904986767555106	3.7999339307933333	0.01966725939992356	0.15195084833166042	0.2290465051793608	0.09649837133550489	0.0029790670962493624	0.09065939982685614	0.10233734284415363
K562_skew	[1.0,1.5)	Other cCREs	HCT116	6115	6115	1265.694	1455.43692	6109	380.9090027550702	17940.889948842232	443	848	2451	0.06235210390490591	2.933388911447959	0.021912895135688715	0.019402829438956035	0.10530137837085579	0.07251596005892945	0.0033180655426177787	0.06601255159539861	0.07901936852246029
K562_skew	[1.0,1.5)	Other cCREs	HepG2	6249	6249	1089.808	988.586238	6246	642.1950040092927	20735.797182348393	481	1137	2398	0.10281700352374203	3.3098108272791418	0.023019749652071608	0.05769829420568168	0.14793571284180237	0.07700928594300352	0.00337341074692833	0.07039740087902399	0.08362117100698305
K562_skew	[1.0,1.5)	Other cCREs	K562	10627	10625	1982.875	1888.466445	10612	1025.310002283892	31655.72563612068	771	1767	3550	0.09661797986090198	2.973957426724044	0.01674051263153575	0.06380657510309191	0.12942938461871206	0.07265359969845459	0.002519712224377624	0.06771496373867444	0.07759223565823473
K562_skew	[1.0,1.5)	Other cCREs	MCF-7	7892	7891	1660.191	1859.290323	7886	-182.00199794408425	25978.268729506857	562	1421	2435	-0.023079127307137237	3.2941113864586113	0.02043811101220522	-0.06313782489105947	0.016979570276784997	0.07126553385746894	0.0028970578431878826	0.06558730048482068	0.07694376723011719
K562_skew	[1.0,1.5)	Other cCREs	SK-N-SH	12163	12158	2325.52	2113.236366	12156	2966.4869966264814	49761.86698733559	1326	2734	3889	0.2440347973532808	4.034384280893682	0.018217689083211138	0.20832812675018697	0.2797414679563746	0.10908193484698914	0.0028274826796063145	0.10354006879496076	0.11462380089901751
K562_skew	[1.0,1.5)	PLS	H1	2683	2682	363.603	108.340691	2682	2690.353998329954	23144.019905662833	659	1104	1360	1.0031148390491997	7.625992498188255	0.053323518735462226	0.8986007423276938	1.1076289357707056	0.24571215510812827	0.008312898702604533	0.2294188736510234	0.2620054365652332
K562_skew	[1.0,1.5)	PLS	HCT116	2423	2423	338.257	113.195949	2423	2062.636999518727	19698.618806113413	551	1010	1237	0.8512740402471015	7.408236777031357	0.055294345290850234	0.7428971234770351	0.959650957017168	0.22740404457284358	0.008515273478415006	0.21071410855515016	0.244093980590537
K562_skew	[1.0,1.5)	PLS	HepG2	2078	2078	287.698	94.569772	2077	1525.215001492994	16560.024834269778	430	906	1067	0.7343355808825199	7.43738207619349	0.05984002938743284	0.6170491232831515	0.8516220384818883	0.20702936928261917	0.008890501970906068	0.18960398541964327	0.22445475314559507
K562_skew	[1.0,1.5)	PLS	K562	2477	2477	342.058	104.868702	2477	2012.73600157944	18451.000529649635	512	1047	1247	0.812570045046201	6.791402078424927	0.05236205931514362	0.7099404087885195	0.9151996813038825	0.2067016552280985	0.008136305518013922	0.1907544964127912	0.22264881404340578
K562_skew	[1.0,1.5)	PLS	MCF-7	2733	2733	386.305	126.843465	2732	2632.5780018483056	22346.56198409083	644	1120	1371	0.9636083462109464	7.253675521588599	0.05152745761090448	0.8626145292935736	1.0646021631283191	0.23572474377745242	0.008120581667199431	0.21980840370974153	0.2516410838451633
K562_skew	[1.0,1.5)	PLS	SK-N-SH	3120	3120	437.129	135.933351	3119	3142.993003175011	25616.33347583267	739	1260	1572	1.0076925306748994	7.199859814807486	0.048045678726055585	0.9135230003718304	1.1018620609779683	0.23693491503687078	0.007613557562683102	0.2220123422140119	0.25185748785972967
K562_skew	[1.0,1.5)	dELS	H1	1749	1749	295.056	231.648074	1749	573.4540009507908	8813.69140993378	227	358	739	0.3278753578906751	4.934593806715218	0.053116665056791856	0.22376669437936308	0.43198402140198716	0.1297884505431675	0.008035918816342896	0.11403804966313544	0.14553885142319958
K562_skew	[1.0,1.5)	dELS	HCT116	4749	4745	963.748	1036.592924	4746	873.637001417927	18083.323559488552	419	910	1993	0.18407859279770902	3.7771350241625985	0.02821092901407257	0.12878517193012678	0.23937201366529126	0.08828487147071218	0.004118213503065295	0.08021317300470421	0.09635656993672015
K562_skew	[1.0,1.5)	dELS	HepG2	3575	3575	694.453	679.0869749999999	3573	808.9480011030103	14335.185676383757	361	696	1338	0.22640582174727408	3.9619359292954126	0.033299461923136126	0.1611388763779273	0.2916727671166209	0.10103554436048139	0.005041872337576529	0.09115347457883138	0.11091761414213139
K562_skew	[1.0,1.5)	dELS	K562	5339	5338	1060.561	1088.698113	5334	817.4749988234836	17865.56400428316	414	956	1803	0.1532574051037652	3.326510389504269	0.024972840100581557	0.10431063850662536	0.20220417170090504	0.07761529808773904	0.003663559125363453	0.07043472220202666	0.08479587397345141
K562_skew	[1.0,1.5)	dELS	MCF-7	3484	3483	694.577	695.544187	3484	806.6720004340162	14481.097457090053	362	746	1417	0.23153616545178424	4.104026332280287	0.034321479135462775	0.16426606634627722	0.29880626455729126	0.10390355912743972	0.005169559224351603	0.09377122304771057	0.11403589520716886
K562_skew	[1.0,1.5)	dELS	SK-N-SH	1764	1764	355.246	348.107032	1764	944.7069993524352	9936.906458569969	279	406	868	0.5355481855739429	5.349387600208604	0.055068436088012165	0.42761405084143905	0.6434823203064467	0.15816326530612246	0.008687952889183052	0.14113487764332366	0.17519165296892125
K562_skew	[1.0,1.5)	non-cCRE	H1	214668	214525	38608.692	39649.842886	212901	-43541.4759497327	284953.1032561265	2478	9439	3309	-0.20451513120996473	1.2966097350361268	0.0024678331192640453	-0.20935208412372225	-0.1996781782962072	0.011639212591768006	2.3245061687323106e-4	0.011183609382696472	0.012094815800839539
K562_skew	[1.0,1.5)	non-cCRE	HCT116	214668	214525	38608.692	39649.842886	212901	-43541.4759497327	284953.1032561265	2478	9439	3309	-0.20451513120996473	1.2966097350361268	0.0024678331192640453	-0.20935208412372225	-0.1996781782962072	0.011639212591768006	2.3245061687323106e-4	0.011183609382696472	0.012094815800839539
K562_skew	[1.0,1.5)	non-cCRE	HepG2	214668	214525	38608.692	39649.842886	212901	-43541.4759497327	284953.1032561265	2478	9439	3309	-0.20451513120996473	1.2966097350361268	0.0024678331192640453	-0.20935208412372225	-0.1996781782962072	0.011639212591768006	2.3245061687323106e-4	0.011183609382696472	0.012094815800839539
K562_skew	[1.0,1.5)	non-cCRE	K562	214668	214525	38608.692	39649.842886	212901	-43541.4759497327	284953.1032561265	2478	9439	3309	-0.20451513120996473	1.2966097350361268	0.0024678331192640453	-0.20935208412372225	-0.1996781782962072	0.011639212591768006	2.3245061687323106e-4	0.011183609382696472	0.012094815800839539
K562_skew	[1.0,1.5)	non-cCRE	MCF-7	214668	214525	38608.692	39649.842886	212901	-43541.4759497327	284953.1032561265	2478	9439	3309	-0.20451513120996473	1.2966097350361268	0.0024678331192640453	-0.20935208412372225	-0.1996781782962072	0.011639212591768006	2.3245061687323106e-4	0.011183609382696472	0.012094815800839539
K562_skew	[1.0,1.5)	non-cCRE	SK-N-SH	214668	214525	38608.692	39649.842886	212901	-43541.4759497327	284953.1032561265	2478	9439	3309	-0.20451513120996473	1.2966097350361268	0.0024678331192640453	-0.20935208412372225	-0.1996781782962072	0.011639212591768006	2.3245061687323106e-4	0.011183609382696472	0.012094815800839539
K562_skew	[1.0,1.5)	pELS	H1	2135	2135	286.419	100.047869	2134	1489.9150007050494	12671.979476790197	366	906	1043	0.6981794754943998	5.453235538240369	0.05055101971574811	0.5990994768515335	0.7972594741372662	0.17150890346766634	0.008159997964186748	0.15551530745786032	0.18750249947747236
K562_skew	[1.0,1.5)	pELS	HCT116	3702	3701	522.071	228.914039	3701	2037.768003201112	19488.002207077512	551	1566	1799	0.5505992983520972	4.9637861011650335	0.03662241559866422	0.4788193637787153	0.622379232925479	0.14887868143744934	0.005851301124098693	0.13741013123421592	0.16034723164068276
K562_skew	[1.0,1.5)	pELS	HepG2	3086	3085	420.596	172.11127	3085	1667.6540015744977	16180.860004714716	455	1346	1482	0.5405685580468388	4.954402946096806	0.0400744968598822	0.46202254420146965	0.6191145718922079	0.14748784440842788	0.006384116741360573	0.13497497559536115	0.16000071322149462
K562_skew	[1.0,1.5)	pELS	K562	5685	5683	780.82	290.168698	5682	2687.1580021320847	26853.677767353885	753	2306	2448	0.47292467478565375	4.503230847227232	0.028152144993364638	0.41774647059865905	0.5281028789726484	0.13252375923970433	0.004498058020420071	0.12370756551968098	0.14133995295972768
K562_skew	[1.0,1.5)	pELS	MCF-7	3990	3990	559.086	229.037522	3990	2613.5080018783924	21678.64988381534	662	1705	1948	0.6550145368116271	5.005456041742662	0.03541892518256852	0.5855934434537928	0.7244356301694614	0.16591478696741854	0.00588926789159664	0.15437182189988913	0.17745775203494796
K562_skew	[1.0,1.5)	pELS	SK-N-SH	3643	3643	481.692	121.627166	3641	2659.3340012896815	21328.579739457484	656	1546	1859	0.7303856087035654	5.325890235214129	0.038245977596486395	0.6554234926144521	0.8053477247926787	0.18017028288931614	0.00636932000389168	0.16768641568168843	0.19265415009694384
K562_skew	[1.5,Inf)	Inactive cCRE	H1	53318	53256	10919.038	12945.775238	53187	-5617.56798214966	119626.65183616028	2155	5564	8613	-0.10561919232424577	2.2380575497886492	0.0064868353922730385	-0.11833338969310092	-0.09290499495539062	0.04051741967022017	8.549420726409121e-4	0.03884173320784398	0.04219310613259636
K562_skew	[1.5,Inf)	Inactive cCRE	HCT116	53299	53237	10716.83	12466.634224	53169	-5128.939982819372	121901.0357002668	2254	5561	8516	-0.09646485701855163	2.2834463067666153	0.006553392139728389	-0.10930950561241928	-0.08362020842468398	0.042393123812748026	8.738001030776554e-4	0.04068047561071582	0.044105772014780234
K562_skew	[1.5,Inf)	Inactive cCRE	HepG2	53759	53696	10985.938	12970.28774	53627	-5031.030979395845	122428.62352667308	2282	5615	8826	-0.09381526058507553	2.274207213745748	0.006512133051898684	-0.10657904136679695	-0.0810514798033541	0.0425531914893617	8.716289485504756e-4	0.04084479875020277	0.04426158422852063
K562_skew	[1.5,Inf)	Inactive cCRE	K562	50735	50674	10432.465	12453.038875	50609	-5647.443984797455	114262.98763764671	2063	4892	7881	-0.11158971694357635	2.2453523348468316	0.006660830336284882	-0.12464494440269472	-0.09853448948445798	0.040763500563140945	8.789915613985017e-4	0.03904067710279988	0.04248632402348201
K562_skew	[1.5,Inf)	Inactive cCRE	MCF-7	52817	52755	10804.736	12826.042342	52685	-5292.677984185869	117854.56134236758	2156	5268	8535	-0.10045891589989311	2.2269164195935964	0.006501423646802414	-0.11320170624762585	-0.08771612555216038	0.040922463699345164	8.63106233879568e-4	0.03923077548094121	0.042614151917749116
K562_skew	[1.5,Inf)	Inactive cCRE	SK-N-SH	51682	51622	10679.702	12873.75914	51550	-6512.173981822445	110494.24715118708	1898	4911	8117	-0.12632733233409205	2.1275210301726117	0.006424252408959169	-0.138918867055652	-0.11373579761253208	0.03681862269641125	8.294180320878515e-4	0.03519296335351906	0.03844428203930344
K562_skew	[1.5,Inf)	Other cCREs	H1	3195	3194	628.587	628.585169	3192	673.7350042120091	11342.582756936854	313	689	1236	0.2110698634749402	3.5099898469381188	0.03316053195240659	0.14607522084822328	0.2760645061016571	0.09805764411027569	0.005263791484881308	0.08774061279990833	0.10837467542064305
K562_skew	[1.5,Inf)	Other cCREs	HCT116	1833	1833	485.119	685.880639	1830	93.31300286529566	5092.885531063423	117	273	694	0.050990711948248994	2.7819176788481643	0.03898940362456185	-0.025428519155892233	0.12740994305239023	0.06393442622950819	0.005718669233224004	0.052725834532389146	0.07514301792662724
K562_skew	[1.5,Inf)	Other cCREs	HepG2	1958	1958	401.994	447.053368	1957	166.9019999376032	6508.476981738276	150	367	744	0.08528461928339458	3.3201650348752354	0.04118930110770332	0.004553589112296072	0.1660156494544931	0.07664793050587634	0.006013654419424262	0.06486116784380479	0.0884346931679479
K562_skew	[1.5,Inf)	Other cCREs	K562	3320	3319	614.575	591.826901	3317	427.58600257895864	9444.567629263847	237	568	1084	0.1289074472652875	2.8315586879327577	0.029217297852461382	0.07164154347446319	0.1861733510561118	0.07145010551703346	0.004472304076196777	0.06268438952768778	0.08021582150637914
K562_skew	[1.5,Inf)	Other cCREs	MCF-7	2456	2456	506.805	562.635027	2455	1.6470023164292251	8687.547703954593	182	473	734	6.708767073031467e-4	3.5401575383125925	0.03797393005569456	-0.0737580262018582	0.0750997796164645	0.07413441955193482	0.005287594804305098	0.06377073373549683	0.08449810536837282
K562_skew	[1.5,Inf)	Other cCREs	SK-N-SH	4074	4071	755.573	679.3083310000001	4072	811.669002272771	15525.366486997917	410	959	1293	0.19932932275853904	3.773907407140945	0.030443300574794212	0.13966045363194238	0.2589981918851357	0.1006876227897839	0.004715626985886515	0.09144499389744633	0.10993025168212146
K562_skew	[1.5,Inf)	PLS	H1	668	668	82.521	16.503049	668	610.2189979827963	5099.207562903571	153	262	338	0.9135014939862219	6.809252768497019	0.10096282567563525	0.7156143556619768	1.111388632310467	0.22904191616766467	0.016258655769589184	0.19717495085926987	0.26090888147605945
K562_skew	[1.5,Inf)	PLS	HCT116	577	577	70.714	12.525598	577	497.545000127051	4334.469474998747	126	234	300	0.862296360705461	6.780274708510404	0.10840161148941267	0.6498292021862122	1.0747635192247098	0.21837088388214904	0.017199262456209286	0.18466032946797883	0.25208143829631924
K562_skew	[1.5,Inf)	PLS	HepG2	507	507	62.872	13.058454	507	361.1269983114908	3604.403425558239	102	209	256	0.7122820479516584	6.614978552629043	0.11422475640420378	0.488401525399419	0.9361625705038978	0.20118343195266272	0.01780392099736727	0.16628774679782288	0.23607911710750257
K562_skew	[1.5,Inf)	PLS	K562	615	615	78.364	18.76288	615	488.9279990491923	4415.844195838575	130	257	299	0.7950048765027516	6.558866534748753	0.10327063296861218	0.5925944358842717	0.9974153171212315	0.21138211382113822	0.01646379204250758	0.17911308141782337	0.24365114622445308
K562_skew	[1.5,Inf)	PLS	MCF-7	673	673	84.008	16.030448	673	611.1289978413844	4898.348848688335	152	284	344	0.9080668615770942	6.463397109523444	0.09799928062873495	0.7159882715447736	1.1001454516094147	0.22585438335809807	0.01611825637353736	0.19426260086596484	0.2574461658502313
K562_skew	[1.5,Inf)	PLS	SK-N-SH	793	793	100.718	20.600504	793	810.0939989178441	5975.701684506644	187	311	388	1.021556114650497	6.50018334150309	0.09053702287657356	0.8441035498124129	1.1990086794885813	0.23581336696090793	0.015074653360067332	0.20626704637517596	0.2653596875466399
K562_skew	[1.5,Inf)	dELS	H1	602	602	108.409	111.029005	602	179.40700308210225	2390.829182065486	67	117	245	0.29801827754502036	3.8891224892303553	0.0803762176321315	0.14048089098604263	0.45555566410399806	0.11129568106312292	0.012817978992345226	0.08617244223812627	0.13641891988811955
K562_skew	[1.5,Inf)	dELS	HCT116	1535	1534	379.774	479.617774	1534	219.3050006858539	5217.249648056694	131	306	653	0.1429628426896049	3.3828422581491187	0.046960011409117076	0.05092122032773544	0.23500446505147438	0.08539765319426336	0.007135533409808085	0.0714120077110395	0.09938329867748721
K562_skew	[1.5,Inf)	dELS	HepG2	1219	1219	238.543	248.33418699999999	1218	302.0660023208474	4846.663474739826	119	264	455	0.24800164394158244	3.920912579774358	0.05673746600858931	0.1367962105647474	0.3592070773184175	0.09770114942528736	0.008507488965286436	0.08102647105332594	0.11437582779724878
K562_skew	[1.5,Inf)	dELS	K562	1836	1835	435.883	552.588981	1833	117.70600155438308	5957.122551297075	132	363	635	0.06421494902039449	3.247578638868922	0.042091907331175675	-0.018285189348709832	0.1467150873894988	0.07201309328968904	0.006038032203330474	0.060178550171161305	0.08384763640821677
K562_skew	[1.5,Inf)	dELS	MCF-7	1159	1158	239.686	247.753822	1158	194.962003312423	4451.389254165978	113	274	472	0.16836097004527031	3.818984669115237	0.05742746922887934	0.055803130356666814	0.28091880973387384	0.09758203799654577	0.008720362283565845	0.08049012792075672	0.11467394807233483
K562_skew	[1.5,Inf)	dELS	SK-N-SH	624	624	117.502	102.760598	624	389.9060016828588	3660.815574890344	105	146	296	0.624849361671248	5.485045037924593	0.09375572664496451	0.4410881374471176	0.8086105858953785	0.16826923076923078	0.014976193541407072	0.13891589142807292	0.19762257011038864
K562_skew	[1.5,Inf)	non-cCRE	H1	68402	68367	10498.375	8861.733853	67940	-19876.644980281813	104260.69438760327	752	3280	1135	-0.2925617453677041	1.4490285173481772	0.0046182314558952595	-0.3016134790212588	-0.28351001171414936	0.0110685899322932	4.0138992120275615e-4	0.010281865686735798	0.011855314177850601
K562_skew	[1.5,Inf)	non-cCRE	HCT116	68402	68367	10498.375	8861.733853	67940	-19876.644980281813	104260.69438760327	752	3280	1135	-0.2925617453677041	1.4490285173481772	0.0046182314558952595	-0.3016134790212588	-0.28351001171414936	0.0110685899322932	4.0138992120275615e-4	0.010281865686735798	0.011855314177850601
K562_skew	[1.5,Inf)	non-cCRE	HepG2	68402	68367	10498.375	8861.733853	67940	-19876.644980281813	104260.69438760327	752	3280	1135	-0.2925617453677041	1.4490285173481772	0.0046182314558952595	-0.3016134790212588	-0.28351001171414936	0.0110685899322932	4.0138992120275615e-4	0.010281865686735798	0.011855314177850601
K562_skew	[1.5,Inf)	non-cCRE	K562	68402	68367	10498.375	8861.733853	67940	-19876.644980281813	104260.69438760327	752	3280	1135	-0.2925617453677041	1.4490285173481772	0.0046182314558952595	-0.3016134790212588	-0.28351001171414936	0.0110685899322932	4.0138992120275615e-4	0.010281865686735798	0.011855314177850601
K562_skew	[1.5,Inf)	non-cCRE	MCF-7	68402	68367	10498.375	8861.733853	67940	-19876.644980281813	104260.69438760327	752	3280	1135	-0.2925617453677041	1.4490285173481772	0.0046182314558952595	-0.3016134790212588	-0.28351001171414936	0.0110685899322932	4.0138992120275615e-4	0.010281865686735798	0.011855314177850601
K562_skew	[1.5,Inf)	non-cCRE	SK-N-SH	68402	68367	10498.375	8861.733853	67940	-19876.644980281813	104260.69438760327	752	3280	1135	-0.2925617453677041	1.4490285173481772	0.0046182314558952595	-0.3016134790212588	-0.28351001171414936	0.0110685899322932	4.0138992120275615e-4	0.010281865686735798	0.011855314177850601
K562_skew	[1.5,Inf)	pELS	H1	734	734	96.362	27.433676	734	442.5130014877068	3373.591745350531	111	275	363	0.6028787486208539	4.2384857582062265	0.07599015566357363	0.4539380435202496	0.7518194537214582	0.15122615803814715	0.01322395683153291	0.12530720264834264	0.17714511342795167
K562_skew	[1.5,Inf)	pELS	HCT116	1273	1273	182.48	84.667902	1273	607.0830037561245	5287.222729031025	171	533	632	0.47689159760889593	3.929017252742578	0.055555590248060116	0.3680026407226981	0.5857805544950938	0.13432835820895522	0.009557542699807027	0.11559557451733345	0.15306114190057699
K562_skew	[1.5,Inf)	pELS	HepG2	1074	1074	145.57	50.592388	1074	489.24200344085693	4444.695674707294	146	452	514	0.4555325916581536	3.9346039113996767	0.06052689132111311	0.33689988466877185	0.5741652986475353	0.13594040968342644	0.010457888182200299	0.11544294884631386	0.15643787052053904
K562_skew	[1.5,Inf)	pELS	K562	2011	2011	273.63	113.1085	2009	901.5300062298776	7752.341069370494	237	827	896	0.4487456477002875	3.659254682671127	0.04267822515376342	0.3650963263989112	0.5323949690016638	0.11796913887506222	0.0071967451974903245	0.10386351828798118	0.13207475946214325
K562_skew	[1.5,Inf)	pELS	MCF-7	1412	1412	199.682	76.864498	1412	773.2460053305839	5941.015934240275	196	608	710	0.5476246496675523	3.910395011668518	0.05262510395559782	0.44447944591458055	0.6507698534205241	0.1388101983002833	0.009201164137923112	0.120775916589954	0.1568444800106126
K562_skew	[1.5,Inf)	pELS	SK-N-SH	1344	1344	181.422	52.897564	1344	788.8110035639256	6176.732185834682	199	580	701	0.5869129490803018	4.254481603474301	0.056263104316656314	0.4766372646196554	0.6971886335409482	0.1480654761904762	0.009687916310216186	0.12907716022245247	0.16705379215849991
SKNSH_skew	(-Inf,-1.5)	Inactive cCRE	H1	72849	72838	59654.528	127503.248512	72652	-8154.628998661649	232518.18241115168	4073	6768	23960	-0.11224231953231362	3.1878830014372332	0.00662410792739671	-0.12522557107001117	-0.09925906799461606	0.05606177393602378	8.534565536456212e-4	0.05438899909087837	0.057734548781169195
SKNSH_skew	(-Inf,-1.5)	Inactive cCRE	HCT116	69990	69980	58590.793	125443.230271	69791	-10355.847995353864	218725.05166421147	3597	6390	21973	-0.14838371703162104	3.1120276894346812	0.0066776248345626985	-0.16147186170736394	-0.13529557235587814	0.0515395967961485	8.3691316583616e-4	0.049899246991109626	0.053179946601187376
SKNSH_skew	(-Inf,-1.5)	Inactive cCRE	HepG2	72689	72679	59240.272	126496.324894	72488	-6939.7200054861605	240639.3695583592	4253	6578	23890	-0.09573612191654013	3.310593453693039	0.006758026139799752	-0.10898185315054765	-0.08249039068253261	0.05867178015671559	8.728751168850875e-4	0.05696094492762082	0.06038261538581036
SKNSH_skew	(-Inf,-1.5)	Inactive cCRE	K562	67617	67606	55696.617	119763.424825	67434	-9002.875002737852	212113.646671623	3604	5745	21093	-0.1335064656217613	3.1277224007470075	0.0068104316623830066	-0.14685491168003198	-0.1201580195634906	0.053444849779043214	8.661366801090609e-4	0.051747221886029454	0.055142477672056975
SKNSH_skew	(-Inf,-1.5)	Inactive cCRE	MCF-7	73290	73279	59342.28	126597.11016	73106	-6375.053001839202	239426.68016864624	4266	6727	24513	-0.08720286983064594	3.2675023220239847	0.006685462258000667	-0.10030637585632725	-0.07409936380496464	0.058353623505594615	8.669645172709173e-4	0.05665437305174362	0.06005287395944561
SKNSH_skew	(-Inf,-1.5)	Inactive cCRE	SK-N-SH	73268	73257	59424.315	127153.188161	73069	-8142.241995567458	228310.48613943916	4026	6595	24601	-0.11143223522379474	3.1122129785150823	0.00652631561882058	-0.12422381383668307	-0.0986406566109064	0.055098605427746375	8.441059595692709e-4	0.05344415774699061	0.05675305310850214
SKNSH_skew	(-Inf,-1.5)	Other cCREs	H1	4668	4668	2316.844	3914.83798	4660	3615.200987934254	33533.602262844004	845	832	2903	0.7757942034193678	6.595610708780562	0.037621365005652475	0.702056328008289	0.8495320788304466	0.1813304721030043	0.005644126651933843	0.17026798386521397	0.19239296034079462
SKNSH_skew	(-Inf,-1.5)	Other cCREs	HCT116	3727	3726	1602.501	2858.809235	3723	2228.2819915029686	19786.899087869697	516	420	2324	0.5985178596569886	4.957880848899282	0.0364923242029299	0.5269929042192459	0.6700428150947312	0.1385979049153908	0.005662846328814674	0.12749872611091406	0.14969708371986756
SKNSH_skew	(-Inf,-1.5)	Other cCREs	HepG2	3549	3548	1902.327	3427.112003	3545	2019.6969963215524	20172.887422668697	522	648	2203	0.5697311696252616	5.367438795334591	0.03891127223938603	0.493465076036065	0.6459972632144582	0.1472496473906911	0.005951548345647593	0.13558461263322183	0.15891468214816037
SKNSH_skew	(-Inf,-1.5)	Other cCREs	K562	5950	5950	3817.545	7107.600453	5930	2035.2059978458583	29729.60638072313	706	964	3373	0.34320505865866074	4.896460345226848	0.02873517022094679	0.286884125025605	0.3995259922917165	0.11905564924114671	0.004205541225872754	0.11081278843843612	0.1272985100438573
SKNSH_skew	(-Inf,-1.5)	Other cCREs	MCF-7	3013	3013	1913.094	3570.467956	2997	825.2539991837689	16448.814655170685	378	435	1571	0.27536002642101065	5.414410110864953	0.04250423485099557	0.19205172611305935	0.358668326728962	0.12612612612612611	0.00606433989509252	0.11424001993174478	0.13801223232050747
SKNSH_skew	(-Inf,-1.5)	Other cCREs	SK-N-SH	3868	3868	2417.772	4210.8581460000005	3862	1835.2299914071332	24975.850097522503	593	819	2000	0.4752019656673053	6.242876249198198	0.04020557044322975	0.396399047598575	0.5540048837360356	0.15354738477472812	0.005801180825072731	0.14217707035758556	0.1649176991918707
SKNSH_skew	(-Inf,-1.5)	PLS	H1	4230	4230	816.616	346.645688	4225	17189.243995471854	118203.36217003374	2768	1941	3079	4.068460117271445	11.427464140248304	0.05200697299685357	3.966526450197612	4.170393784345278	0.6551479289940828	0.007312615671528924	0.6408152022778861	0.6694806557102795
SKNSH_skew	(-Inf,-1.5)	PLS	HCT116	4172	4172	862.625	469.068709	4168	16980.324993736223	117130.8909226425	2742	1932	3017	4.073974326712146	11.50791524812396	0.052545372150045205	3.9709853972980573	4.176963256126235	0.6578694817658349	0.007348554552644526	0.6434663148426517	0.6722726486890181
SKNSH_skew	(-Inf,-1.5)	PLS	HepG2	4094	4094	856.098	471.641262	4089	16479.118996738922	113679.92586850536	2655	1897	2958	4.030109806001204	11.562442956332465	0.05317607108149849	3.925884706681467	4.134334905320941	0.6493030080704328	0.007462445502563376	0.6346766148854086	0.6639294012554571
SKNSH_skew	(-Inf,-1.5)	PLS	K562	4364	4364	955.337	600.505431	4359	16985.10999400413	116786.60760045808	2755	1974	3124	3.8965611365001447	11.611539260817203	0.051612092026158296	3.7954014361288744	3.997720836871415	0.6320256939665061	0.00730436858622105	0.6177091315375128	0.6463422563954994
SKNSH_skew	(-Inf,-1.5)	PLS	MCF-7	4174	4174	844.883	433.955401	4169	16978.99799741491	116768.0416799533	2749	1949	3013	4.072678819240804	11.424672784057002	0.0523487043921511	3.9700753586321875	4.17528227984942	0.6593907411849365	0.007339791098607378	0.645004750631666	0.673776731738207
SKNSH_skew	(-Inf,-1.5)	PLS	SK-N-SH	4344	4344	844.978	347.802408	4339	17772.719995427997	121970.83059760612	2860	1983	3134	4.096040561287854	11.335419228197642	0.05111212865227834	3.9958607891293885	4.19622033344632	0.6591380502419912	0.007195858725619405	0.6450341671397772	0.6732419333442052
SKNSH_skew	(-Inf,-1.5)	dELS	H1	1143	1143	532.196	857.170698	1143	1380.0680018988191	9686.111225430664	278	225	738	1.207408575589518	7.022596571840052	0.07838369728368307	1.0537765289134993	1.361040622265537	0.2432195975503062	0.01268998492270122	0.21834722710181181	0.2680919679988006
SKNSH_skew	(-Inf,-1.5)	dELS	HCT116	4295	4295	2000.168	3479.633356	4292	4109.411998094992	31070.314994921657	915	731	2896	0.9574585270491593	6.323869362896175	0.03838500382764251	0.88222391954698	1.0326931345513386	0.21318732525629078	0.006251532703144143	0.20093432115812826	0.2254403293544533
SKNSH_skew	(-Inf,-1.5)	dELS	HepG2	2202	2202	1179.484	2038.853246	2202	2121.8869983695927	17161.64909314639	456	452	1408	0.9636180737373263	6.868223730617539	0.0558487631584576	0.8541544979467495	1.0730816495279032	0.20708446866485014	0.008635322647764421	0.19015923627523187	0.2240097010544684
SKNSH_skew	(-Inf,-1.5)	dELS	K562	3867	3867	2332.359	4348.151423	3865	2574.51999656693	24794.52529173428	631	674	2452	0.6661112539629831	5.972983578796145	0.039311617297431975	0.5890604840600164	0.7431620238659498	0.16326002587322122	0.005945117466312388	0.15160759563924894	0.1749124561071935
SKNSH_skew	(-Inf,-1.5)	dELS	MCF-7	1989	1989	1055.583	1800.467701	1986	1814.3679914044912	15650.89418216168	425	435	1337	0.9135790490455645	7.0495343062748885	0.05957864092372088	0.7968049128350716	1.0303531852560575	0.21399798590130917	0.00920294974198056	0.19596020440702727	0.23203576739559106
SKNSH_skew	(-Inf,-1.5)	dELS	SK-N-SH	1185	1185	587.3629999999999	907.153199	1185	1623.6589988067285	12805.636571059063	337	248	818	1.3701763703010368	8.936602514752911	0.08684144587298437	1.1999671363899873	1.5403856042120863	0.2843881856540084	0.013104949479340192	0.25870248467450163	0.3100738866335152
SKNSH_skew	(-Inf,-1.5)	non-cCRE	H1	78388	78356	77768.396	175436.839522	77620	-36795.51196685621	154960.91288460582	749	2988	1900	-0.47404679163690044	1.7717069079746	0.00477759267355173	-0.48341087327706184	-0.46468270999673905	0.00964957485184231	3.5088250644526225e-4	0.008961845139209595	0.010337304564475024
SKNSH_skew	(-Inf,-1.5)	non-cCRE	HCT116	78388	78356	77768.396	175436.839522	77620	-36795.51196685621	154960.91288460582	749	2988	1900	-0.47404679163690044	1.7717069079746	0.00477759267355173	-0.48341087327706184	-0.46468270999673905	0.00964957485184231	3.5088250644526225e-4	0.008961845139209595	0.010337304564475024
SKNSH_skew	(-Inf,-1.5)	non-cCRE	HepG2	78388	78356	77768.396	175436.839522	77620	-36795.51196685621	154960.91288460582	749	2988	1900	-0.47404679163690044	1.7717069079746	0.00477759267355173	-0.48341087327706184	-0.46468270999673905	0.00964957485184231	3.5088250644526225e-4	0.008961845139209595	0.010337304564475024
SKNSH_skew	(-Inf,-1.5)	non-cCRE	K562	78388	78356	77768.396	175436.839522	77620	-36795.51196685621	154960.91288460582	749	2988	1900	-0.47404679163690044	1.7717069079746	0.00477759267355173	-0.48341087327706184	-0.46468270999673905	0.00964957485184231	3.5088250644526225e-4	0.008961845139209595	0.010337304564475024
SKNSH_skew	(-Inf,-1.5)	non-cCRE	MCF-7	78388	78356	77768.396	175436.839522	77620	-36795.51196685621	154960.91288460582	749	2988	1900	-0.47404679163690044	1.7717069079746	0.00477759267355173	-0.48341087327706184	-0.46468270999673905	0.00964957485184231	3.5088250644526225e-4	0.008961845139209595	0.010337304564475024
SKNSH_skew	(-Inf,-1.5)	non-cCRE	SK-N-SH	78388	78356	77768.396	175436.839522	77620	-36795.51196685621	154960.91288460582	749	2988	1900	-0.47404679163690044	1.7717069079746	0.00477759267355173	-0.48341087327706184	-0.46468270999673905	0.00964957485184231	3.5088250644526225e-4	0.008961845139209595	0.010337304564475024
SKNSH_skew	(-Inf,-1.5)	pELS	H1	1300	1300	306.99	251.94307	1300	3776.11500543484	25887.8971620731	616	511	921	2.904703850334492	11.485297433780344	0.09399385181931334	2.720475900768638	3.0889317999003465	0.47384615384615386	0.013848520507797684	0.4467030536508704	0.5009892540414373
SKNSH_skew	(-Inf,-1.5)	pELS	HCT116	2006	2006	571.087	623.104377	2006	4843.828004097799	33115.998561887965	810	804	1391	2.4146699920726813	10.68316829607566	0.07297675880757963	2.271635544809825	2.5577044393355375	0.4037886340977069	0.010954982956667024	0.3823168675026395	0.42526040069277427
SKNSH_skew	(-Inf,-1.5)	pELS	HepG2	1656	1656	448.993	439.914543	1656	4125.016006134219	28175.323288853364	694	702	1142	2.490951694525495	10.815775032283106	0.08081624289778007	2.332551858445846	2.6493515306051436	0.4190821256038647	0.012124861112885792	0.39531739782260855	0.44284685338512086
SKNSH_skew	(-Inf,-1.5)	pELS	K562	2392	2392	825.316	1054.163816	2392	5214.03800639906	36404.76928699464	884	920	1559	2.179781775250443	10.472314623664918	0.06616689469090395	2.0500946616562716	2.3094688888446147	0.3695652173913043	0.009869270224708631	0.3502214477508754	0.38890898703173327
SKNSH_skew	(-Inf,-1.5)	pELS	MCF-7	1724	1724	471.334	471.84473	1722	4562.432005914162	31534.724545601268	762	731	1167	2.649495938393822	11.299581334534407	0.08100551785214294	2.490725123403622	2.8082667533840224	0.4425087108013937	0.011969151979540541	0.41904917292149424	0.46596824868129316
SKNSH_skew	(-Inf,-1.5)	pELS	SK-N-SH	1525	1525	352.746	254.844034	1525	4716.632002003724	31766.351825906277	764	632	1048	3.092873443936868	11.271919922628722	0.08597338483556645	2.9243656096591577	3.2613812782145786	0.5009836065573771	0.012803663218593886	0.47588842664893305	0.5260787864658211
SKNSH_skew	[-0.05,0.05)	Inactive cCRE	H1	62500642	62467235	14356237.820999978	18011559.722723074	62372121	3110694.705248239	125305841.11308604	2790697	4217370	4705042	0.049873158959084285	2.006516708772734	1.793602224635281e-4	0.04952161292305577	0.0502247049951128	0.044742698424509245	2.617737008901999e-5	0.04469139077913477	0.04479400606988372
SKNSH_skew	[-0.05,0.05)	Inactive cCRE	HCT116	62062461	62029761	14279673.65299998	17925170.193467073	61934429	3219374.242117565	125619648.8866902	2805283	4133475	4618474	0.051980365268525605	2.0255665336515074	1.80845283826436e-4	0.05162590851222579	0.05233482202482542	0.04529440321472892	2.642353610500376e-5	0.045242613083963115	0.04534619334549472
SKNSH_skew	[-0.05,0.05)	Inactive cCRE	HepG2	62065699	62032332	14263635.98999998	17890651.829752073	61936967	3144216.822277146	125329713.6936805	2794434	4124801	4686639	0.05076478514482548	2.020927182681968	1.806343603256382e-4	0.050410741798587226	0.05111882849106373	0.04511738522811425	2.6373756187837682e-5	0.04506569266598609	0.045169077790242415
SKNSH_skew	[-0.05,0.05)	Inactive cCRE	K562	61009664	60976590	14054356.81299998	17704505.998045072	60882472	3190130.015147709	123402925.30727953	2760701	3871668	4473995	0.05239816831267477	2.024158453388111	1.8233754973718551e-4	0.052040786715189885	0.052755549910159655	0.04534475866880044	2.6664944815934854e-5	0.04529249537696121	0.04539702196063967
SKNSH_skew	[-0.05,0.05)	Inactive cCRE	MCF-7	62217619	62184612	14222860.60199998	17782368.505476072	62087620	3370079.7000588463	125627495.75522605	2806814	4108348	4707439	0.05427941512428478	2.0204442016078055	1.8039351640915832e-4	0.05392584383212283	0.05463298641644673	0.04520730541773062	2.636673463799925e-5	0.04515562661784014	0.0452589842176211
SKNSH_skew	[-0.05,0.05)	Inactive cCRE	SK-N-SH	61860816	61828006	14145117.254999978	17741640.78666507	61731220	2874418.7856595237	122174670.2807852	2698757	3972604	4579239	0.04656345339780299	1.9769709620607587	1.789565980120629e-4	0.046212698465699344	0.046914208329906636	0.043717862695731594	2.6023760451459386e-5	0.043666856125246734	0.043768869266216454
SKNSH_skew	[-0.05,0.05)	Other cCREs	H1	1670890	1670517	343243.996	336511.553886	1668268	91607.8537575182	5368697.652317664	110576	260719	441286	0.054911952850212435	3.2151132199890196	0.0013882421484050604	0.05219099823933852	0.057632907461086354	0.06628191633478554	1.9260719361760006e-4	0.06590440623529505	0.06665942643427604
SKNSH_skew	[-0.05,0.05)	Other cCREs	HCT116	1377758	1377210	268859.732	262368.494256	1375090	3905.43892812289	3203668.018038579	64787	164467	333591	0.0028401333208174667	2.3297815094669123	0.0013016434436114775	2.889121713389709e-4	0.005391354470295963	0.04711473430829982	1.8068958360892035e-4	0.04676058272442634	0.0474688858921733
SKNSH_skew	[-0.05,0.05)	Other cCREs	HepG2	1419057	1418699	291262.834	297261.138498	1417134	14191.020829302292	3693956.396506397	71992	200529	332883	0.010013887768765897	2.6065403100601623	0.0013562094429521063	0.007355717260579769	0.012672058276952025	0.050801123958637645	1.8446323011859649e-4	0.050439576027605196	0.051162671889670094
SKNSH_skew	[-0.05,0.05)	Other cCREs	K562	1902097	1901637	402321.058	420705.1234	1899494	-9207.698054391743	4421515.040851164	87097	267794	417644	-0.004847447822626312	2.3277108191582063	0.0011069947202929887	-0.0070171574744005705	-0.002677738170852054	0.045852737623809287	1.5176491267418068e-4	0.04555527839496789	0.046150196852650684
SKNSH_skew	[-0.05,0.05)	Other cCREs	MCF-7	1531085	1530413	376408.393	457464.236575	1530086	-170405.5810549202	3980095.723113385	68792	220801	299616	-0.11136993675840456	2.5888219702356534	0.001300748015800381	-0.11391940286937331	-0.10882047064743582	0.04495956436435599	1.6751897473703638e-4	0.0446312271738714	0.04528790155484058
SKNSH_skew	[-0.05,0.05)	Other cCREs	SK-N-SH	2092455	2091544	518333.436	596017.047954	2090968	203667.0884726786	7251206.194219446	167019	395722	462002	0.09740325460393397	3.45838473631889	0.0012860651199139677	0.09488256696890258	0.09992394223896535	0.07987640174311611	1.8748159414436395e-4	0.07950893781859315	0.08024386566763907
SKNSH_skew	[-0.05,0.05)	PLS	H1	311869	311780	49196.194	18893.521338	311742	72663.27900620984	1835155.8672246032	41564	128610	155188	0.23308787075918494	5.832466496991622	0.004325421829764201	0.22461004397284712	0.24156569754552276	0.13332820088406439	6.088224849073155e-4	0.13213490881364603	0.13452149295448274
SKNSH_skew	[-0.05,0.05)	PLS	HCT116	289983	289885	46372.137	19063.339973	289915	51878.58200980712	1643065.45368026	36220	124158	145595	0.17894411123883594	5.635402522576295	0.004408868320964549	0.1703027293297454	0.18758549314792647	0.12493317006708862	6.140788615427989e-4	0.12372957549846474	0.1261367646357125
SKNSH_skew	[-0.05,0.05)	PLS	HepG2	270061	269985	43168.39	18659.69839	269934	40470.01801157789	1580150.4899883668	33288	116712	133486	0.14992560407943384	5.831384077126085	0.0046479027030899575	0.14081571478137753	0.15903549337749015	0.12331903354153237	6.328591301115565e-4	0.12207862964651371	0.12455943743655103
SKNSH_skew	[-0.05,0.05)	PLS	K562	306851	306757	49404.075	20752.557899	306698	53514.20697410428	1668049.4865451972	36935	130786	149946	0.17448502101123672	5.4083087184319405	0.004199284173013591	0.1662544240321301	0.18271561799034336	0.1204279128002139	5.876839460865849e-4	0.11927605226588418	0.1215797733345436
SKNSH_skew	[-0.05,0.05)	PLS	MCF-7	312797	312688	50894.042	20936.740992	312670	75021.78402076114	1720990.8359872424	40911	132216	157174	0.23993918195145408	5.446623011877616	0.004173693485606095	0.23175874271966615	0.24811962118324202	0.13084402085265615	6.030907882962846e-4	0.12966196290759543	0.13202607879771686
SKNSH_skew	[-0.05,0.05)	PLS	SK-N-SH	351378	351243	56813.346	22456.115994	351191	101007.83399723866	1995448.2359682056	47930	145122	171560	0.28761509832893967	5.5992393230476285	0.003992940387262277	0.2797889351699056	0.2954412614879737	0.1364784405067328	5.792911975321e-4	0.13534302975956988	0.13761385125389572
SKNSH_skew	[-0.05,0.05)	dELS	H1	279535	279510	60064.909	63602.202777	279386	70994.62393523731	1125601.6578364382	26259	44991	79614	0.2541094540715616	3.9642831673362537	0.0037668646391124535	0.2467263993789012	0.26149250876422203	0.09398824565296758	5.520791780144351e-4	0.09290617046405929	0.09507032084187587
SKNSH_skew	[-0.05,0.05)	dELS	HCT116	775164	774819	171758.831	196289.098501	774537	51232.33989961538	2392039.3563013044	47134	127310	206063	0.06614576179009574	3.0839761536589068	0.0019954204608464187	0.06223473768683675	0.07005678589335472	0.06085442012453892	2.7163857224033285e-4	0.06032200852294787	0.06138683172612997
SKNSH_skew	[-0.05,0.05)	dELS	HepG2	808142	808076	176004.824	197017.0035	807717	121669.9388619662	2464009.9702955578	56672	134144	178371	0.15063436681655357	3.027898786324001	0.0019361592045301257	0.1468394947756745	0.15442923885743262	0.07016318834443251	2.8420284036019165e-4	0.06960615077732654	0.07072022591153848
SKNSH_skew	[-0.05,0.05)	dELS	K562	896516	896428	196479.394	217752.586966	895803	38787.09791350115	2517735.8940281863	47021	140023	186565	0.043298691691701356	2.8087194083447167	0.0017707119627972507	0.03982809624461874	0.04676928713878397	0.052490335486708575	2.3562710219094654e-4	0.05202850636641432	0.05295216460700283
SKNSH_skew	[-0.05,0.05)	dELS	MCF-7	486933	486886	120282.598	145480.682304	486570	24353.8449469821	1695841.471840663	34891	98447	140472	0.05005208900462852	3.482799995531511	0.0026754177456459905	0.04480827022316238	0.05529590778609466	0.07170807900199355	3.6987388184072046e-4	0.07098312619358574	0.07243303181040137
SKNSH_skew	[-0.05,0.05)	dELS	SK-N-SH	268710	268705	60219.938	61547.815308	268536	93615.00884041486	1467250.6321418951	33794	52907	91238	0.3486125094602394	5.342377228245464	0.004460319997490716	0.3398702822651576	0.35735473665532125	0.1258453242768195	6.400463521927842e-4	0.12459083342652164	0.12709981512711735
SKNSH_skew	[-0.05,0.05)	non-cCRE	H1	273884378	273753758	59538225.78699942	73169139.36130258	270813641	-24663957.17698816	302122585.7116434	3839602	5827622	917578	-0.09107354077850222	1.1073162777248802	6.394411396643661e-5	-0.09119887124187644	-0.090948210315128	0.014178022886225291	7.184090858803106e-6	0.014163942068142038	0.014192103704308545
SKNSH_skew	[-0.05,0.05)	non-cCRE	HCT116	273884378	273753758	59538225.78699942	73169139.36130258	270813641	-24663957.17698816	302122585.7116434	3839602	5827622	917578	-0.09107354077850222	1.1073162777248802	6.394411396643661e-5	-0.09119887124187644	-0.090948210315128	0.014178022886225291	7.184090858803106e-6	0.014163942068142038	0.014192103704308545
SKNSH_skew	[-0.05,0.05)	non-cCRE	HepG2	273884378	273753758	59538225.78699942	73169139.36130258	270813641	-24663957.17698816	302122585.7116434	3839602	5827622	917578	-0.09107354077850222	1.1073162777248802	6.394411396643661e-5	-0.09119887124187644	-0.090948210315128	0.014178022886225291	7.184090858803106e-6	0.014163942068142038	0.014192103704308545
SKNSH_skew	[-0.05,0.05)	non-cCRE	K562	273884378	273753758	59538225.78699942	73169139.36130258	270813641	-24663957.17698816	302122585.7116434	3839602	5827622	917578	-0.09107354077850222	1.1073162777248802	6.394411396643661e-5	-0.09119887124187644	-0.090948210315128	0.014178022886225291	7.184090858803106e-6	0.014163942068142038	0.014192103704308545
SKNSH_skew	[-0.05,0.05)	non-cCRE	MCF-7	273884378	273753758	59538225.78699942	73169139.36130258	270813641	-24663957.17698816	302122585.7116434	3839602	5827622	917578	-0.09107354077850222	1.1073162777248802	6.394411396643661e-5	-0.09119887124187644	-0.090948210315128	0.014178022886225291	7.184090858803106e-6	0.014163942068142038	0.014192103704308545
SKNSH_skew	[-0.05,0.05)	non-cCRE	SK-N-SH	273884378	273753758	59538225.78699942	73169139.36130258	270813641	-24663957.17698816	302122585.7116434	3839602	5827622	917578	-0.09107354077850222	1.1073162777248802	6.394411396643661e-5	-0.09119887124187644	-0.090948210315128	0.014178022886225291	7.184090858803106e-6	0.014163942068142038	0.014192103704308545
SKNSH_skew	[-0.05,0.05)	pELS	H1	240124	240066	36973.156	17100.934386	240054	62233.73903240254	1101512.7847163235	25550	95057	97034	0.2592489149624774	4.521413002120845	0.004339928913127692	0.2507426542927471	0.26775517563220763	0.1064343855965741	6.294333202002902e-4	0.10520069628898153	0.10766807490416667
SKNSH_skew	[-0.05,0.05)	pELS	HCT116	497694	497433	79051.723	44776.808913	497600	81803.59802449809	1878387.360470722	41222	197337	174441	0.16439629828074376	3.747875602180568	0.002744431515855002	0.15901721250966797	0.16977538405181955	0.08284163987138264	3.9075660021108604e-4	0.08207575693496891	0.08360752280779638
SKNSH_skew	[-0.05,0.05)	pELS	HepG2	440101	440016	71644.038	44078.26497	439819	87646.40099961548	1668978.524710188	38260	170561	146785	0.19927834177153664	3.7549906899143313	0.00292191406453039	0.19355139020505707	0.2050052933380162	0.08699033011306924	4.249483866110062e-4	0.08615743127531167	0.08782322895082681
SKNSH_skew	[-0.05,0.05)	pELS	K562	887932	887696	143154.736	83951.6688	887104	134970.57899868666	2726583.3464769693	62892	336476	250014	0.1521474133795887	3.050432612672907	0.0018543574308507987	0.14851287281512113	0.15578195394405628	0.07089585888464035	2.7249300814120587e-4	0.07036177258868359	0.07142994518059712
SKNSH_skew	[-0.05,0.05)	pELS	MCF-7	454626	454509	75270.441	41417.769763	454625	109144.45300793972	1712385.2890136312	43238	186935	173463	0.2400757833553802	3.7089602593766617	0.002856271147978824	0.23447749190534173	0.2456740748054187	0.09510695628265053	4.3508900583781243e-4	0.09425418183120843	0.09595973073409264
SKNSH_skew	[-0.05,0.05)	pELS	SK-N-SH	429701	429610	65232.101	26006.169189	429656	135485.4840097528	1848233.7320662336	47146	180392	174125	0.31533478878394067	4.202233060438557	0.003127372602007817	0.3092051384840053	0.321464439083876	0.10972964418046065	4.768288249711142e-4	0.10879505968351727	0.11066422867740403
SKNSH_skew	[-0.2,-0.05)	Inactive cCRE	H1	19638161	19627550	10489087.809999997	19910665.43035201	19583520	-1422896.2212830505	45991579.20719604	868976	1601904	2277264	-0.07265783788016916	2.3432047449812137	3.459073109128219e-4	-0.0733358162095583	-0.07197985955078003	0.044372819595251516	4.653260670924752e-5	0.04428161568610139	0.044464023504401644
SKNSH_skew	[-0.2,-0.05)	Inactive cCRE	HCT116	19578232	19567779	10463889.416999998	19844962.18477501	19523858	-1380580.648263223	46391764.33494661	880503	1586974	2256036	-0.07071249177612453	2.371157504237509	3.4849566590604617e-4	-0.07139554328130038	-0.07002944027094868	0.04509882216926593	4.696550475459611e-5	0.04500676977994692	0.04519087455858494
SKNSH_skew	[-0.2,-0.05)	Inactive cCRE	HepG2	19626375	19615695	10437138.666999996	19779343.630139012	19571238	-1358871.9782715729	46442174.78011558	883516	1588684	2308141	-0.06943209102416377	2.368160247470819	3.4785351339523287e-4	-0.07011388391041842	-0.06875029813790912	0.04514359285805016	4.693079858967265e-5	0.0450516084928144	0.045235577223285924
SKNSH_skew	[-0.2,-0.05)	Inactive cCRE	K562	19106333	19095740	10250979.007999998	19528343.843804013	19051978	-1358091.1293541894	45185889.65641087	857392	1464607	2156523	-0.07128347142507667	2.3666352424317383	3.524484687431058e-4	-0.07197427042381316	-0.07059267242634018	0.04500278133850459	4.749530659486843e-5	0.04490969053757865	0.04509587213943053
SKNSH_skew	[-0.2,-0.05)	Inactive cCRE	MCF-7	19518962	19508393	10362022.205999997	19648904.792500008	19463230	-1283116.5072462596	45994562.62357334	875485	1548804	2279756	-0.06592515770744423	2.358805569490864	3.481277272936428e-4	-0.06660748805293977	-0.06524282736194868	0.04498148560131078	4.69802513008866e-5	0.044889404308761045	0.045073566893860516
SKNSH_skew	[-0.2,-0.05)	Inactive cCRE	SK-N-SH	19275638	19265132	10278524.311999995	19575932.623470012	19220015	-1506413.1070810377	44115216.076142445	819939	1470470	2194780	-0.07837731172847875	2.2891319156404824	3.451107989236825e-4	-0.07905372889436917	-0.07770089456258834	0.04266068470810246	4.609671708992628e-5	0.042570335142606205	0.04275103427359872
SKNSH_skew	[-0.2,-0.05)	Other cCREs	H1	835026	834737	316873.677	461632.520727	833272	33922.69192189212	2974899.653834769	63283	144333	293194	0.040710226578946754	3.5684893070327193	0.002069420779013539	0.036654161852080216	0.04476629130581329	0.07594518956595206	2.902054786386226e-4	0.07537638682782036	0.07651399230408376
SKNSH_skew	[-0.2,-0.05)	Other cCREs	HCT116	587871	587558	219622.703	333749.355355	586040	6012.8919276716015	1746265.0426577749	36209	77049	200659	0.010260207370950108	2.9796708907422507	0.002254864863601812	0.0058406722382905564	0.01467974250360966	0.061785884922530884	3.1450821009241153e-4	0.061169448830749755	0.062402321014312014
SKNSH_skew	[-0.2,-0.05)	Other cCREs	HepG2	613353	613141	251774.122	390678.399038	612212	-6672.832012989316	1946719.981626151	38562	97934	203638	-0.010899544623413648	3.1796998923506123	0.0022789885703449887	-0.015366362221289825	-0.00643272702553747	0.06298798455437006	3.104920731591065e-4	0.06237942009097821	0.0635965490177619
SKNSH_skew	[-0.2,-0.05)	Other cCREs	K562	856364	856140	360723.545	560733.761519	854994	-30562.56701959682	2485372.7760059605	49034	134776	265251	-0.035745943269305774	2.90561476903216	0.0018434759817443308	-0.03935915619352466	-0.03213273034508689	0.05735011005925188	2.5145530642157397e-4	0.05685725765866559	0.057842962459838165
SKNSH_skew	[-0.2,-0.05)	Other cCREs	MCF-7	725146	724840	348800.119	581898.762829	724599	-116616.03404812807	2289895.69396784	39372	116602	196554	-0.160938717895178	3.1343278051583274	0.002079808469984951	-0.1650151424963485	-0.1568622932940075	0.05433626046958387	2.662958364501384e-4	0.0538143206301416	0.05485820030902614
SKNSH_skew	[-0.2,-0.05)	Other cCREs	SK-N-SH	1068568	1068174	500366.348	787355.468798	1067813	21071.20880923201	4087785.321934484	88568	215669	305855	0.01973305139498396	3.8277988285279587	0.0018933327652144746	0.01602211917516359	0.02344398361480433	0.08294336180585926	2.668955264728894e-4	0.0824202465739724	0.08346647703774612
SKNSH_skew	[-0.2,-0.05)	PLS	H1	227280	227218	41596.906	18969.420248	227183	117499.91298878402	1481143.163937288	38968	94591	124593	0.5172038092145276	6.252131600906381	0.005245974078885028	0.5069217000199129	0.5274859184091423	0.1715269188275531	7.908924487236093e-4	0.16997676962805483	0.1730770680270514
SKNSH_skew	[-0.2,-0.05)	PLS	HCT116	210547	210485	39404.405	19673.258667	210490	98339.97498667812	1324366.2568136032	34558	90154	116263	0.4671954724057111	6.073582304744364	0.005371637864528676	0.4566670621912349	0.4777238826201873	0.16417882084659605	8.074200280381468e-4	0.16259627759164128	0.16576136410155082
SKNSH_skew	[-0.2,-0.05)	PLS	HepG2	195496	195447	37512.087	20888.325831	195399	83930.0099555137	1246639.0571195025	31493	84600	107070	0.4295314200968976	6.195500878998576	0.005630889995266813	0.41849487570617466	0.44056796448762053	0.1611727797992825	8.318038713499154e-4	0.15954244421143665	0.16280311538712833
SKNSH_skew	[-0.2,-0.05)	PLS	K562	219085	219025	41830.78	21949.944162	218983	98632.2679801677	1332595.8260120838	34948	93515	119179	0.45041061625864887	5.8825419687834994	0.005182953548718835	0.44025202730315993	0.4605692052141378	0.15959229711895445	7.826106876666174e-4	0.1580583801711279	0.16112621406678101
SKNSH_skew	[-0.2,-0.05)	PLS	MCF-7	228426	228364	43213.062	21372.479584	228329	119319.23999588884	1420541.305575867	38874	96511	126067	0.522575932079976	5.948407302301693	0.005104107488882776	0.5125718814017658	0.5325799827581862	0.17025432599450793	7.86576630074005e-4	0.1687126357995629	0.17179601618945298
SKNSH_skew	[-0.2,-0.05)	PLS	SK-N-SH	253254	253177	47511.351	22179.615327	253132	143863.59398544423	1609137.8602526004	44356	105084	137189	0.5683342840314312	6.033932025578434	0.004882324953513726	0.5587649271225442	0.5779036409403181	0.1752287344152458	7.556068700438165e-4	0.17374774494995993	0.1767097238805317
SKNSH_skew	[-0.2,-0.05)	dELS	H1	144363	144340	59079.116	89900.908518	144255	33800.33099146524	654321.8984603918	15141	26515	54944	0.2343095975284409	4.4809998787517396	0.0055734232957919795	0.22338568786868862	0.2452335071881932	0.1049599667255901	8.069890373730941e-4	0.10337826821233884	0.10654166523884137
SKNSH_skew	[-0.2,-0.05)	dELS	HCT116	354258	354125	153995.467	251626.594991	353924	19697.839973222708	1247695.590603656	25979	65521	131126	0.05565556439581014	3.522233073867954	0.0031546707465967697	0.049472409732480474	0.061838719059139804	0.0734027644353025	4.383759311795647e-4	0.07254354761019055	0.07426198126041444
SKNSH_skew	[-0.2,-0.05)	dELS	HepG2	328578	328546	154617.311	257662.415765	328426	32402.06099016043	1213271.5700609589	26712	62475	103967	0.09865863540085264	3.6844784256359726	0.0033494171789970103	0.09209377773001849	0.10522349307168678	0.08133339017008398	4.7697392504344213e-4	0.08039852127699883	0.08226825906316913
SKNSH_skew	[-0.2,-0.05)	dELS	K562	398259	398177	182299.021	297869.745473	397878	1270.797007027306	1296278.74448596	24653	70790	120806	0.0031939363499045087	3.257978434644893	0.00286153550939679	-0.0024146732485131996	0.008802545948322218	0.0619612041882185	3.8220411790611963e-4	0.061212084117122506	0.0627103242593145
SKNSH_skew	[-0.2,-0.05)	dELS	MCF-7	257014	256977	122627.226	200346.679592	256753	4560.640927509636	1006256.5602074	20642	55791	97073	0.0177627561411537	3.9188615888279634	0.003906809175429448	0.010105410157311983	0.025420102124995417	0.08039633422004806	5.366124035895183e-4	0.0793445739090126	0.08144809453108352
SKNSH_skew	[-0.2,-0.05)	dELS	SK-N-SH	147348	147340	61591.399	88129.968795	147230	46221.03992921534	844914.7253495022	19449	31704	63592	0.3139376480962802	5.640221700762486	0.006189419680953624	0.3018063855216111	0.32606891067094934	0.13209943625619777	8.824443185019385e-4	0.13036984539193397	0.13382902712046157
SKNSH_skew	[-0.2,-0.05)	non-cCRE	H1	53541340	53504032	27722423.72999999	55450851.77569992	52789122	-9423160.390443616	74187208.31979115	819597	1506152	394688	-0.17850572302459616	1.3734860305993404	1.6130205632879275e-4	-0.1788218750550006	-0.17818957099419172	0.015525869136448225	1.7016016403724154e-5	0.015492517744296925	0.015559220528599526
SKNSH_skew	[-0.2,-0.05)	non-cCRE	HCT116	53541340	53504032	27722423.72999999	55450851.77569992	52789122	-9423160.390443616	74187208.31979115	819597	1506152	394688	-0.17850572302459616	1.3734860305993404	1.6130205632879275e-4	-0.1788218750550006	-0.17818957099419172	0.015525869136448225	1.7016016403724154e-5	0.015492517744296925	0.015559220528599526
SKNSH_skew	[-0.2,-0.05)	non-cCRE	HepG2	53541340	53504032	27722423.72999999	55450851.77569992	52789122	-9423160.390443616	74187208.31979115	819597	1506152	394688	-0.17850572302459616	1.3734860305993404	1.6130205632879275e-4	-0.1788218750550006	-0.17818957099419172	0.015525869136448225	1.7016016403724154e-5	0.015492517744296925	0.015559220528599526
SKNSH_skew	[-0.2,-0.05)	non-cCRE	K562	53541340	53504032	27722423.72999999	55450851.77569992	52789122	-9423160.390443616	74187208.31979115	819597	1506152	394688	-0.17850572302459616	1.3734860305993404	1.6130205632879275e-4	-0.1788218750550006	-0.17818957099419172	0.015525869136448225	1.7016016403724154e-5	0.015492517744296925	0.015559220528599526
SKNSH_skew	[-0.2,-0.05)	non-cCRE	MCF-7	53541340	53504032	27722423.72999999	55450851.77569992	52789122	-9423160.390443616	74187208.31979115	819597	1506152	394688	-0.17850572302459616	1.3734860305993404	1.6130205632879275e-4	-0.1788218750550006	-0.17818957099419172	0.015525869136448225	1.7016016403724154e-5	0.015492517744296925	0.015559220528599526
SKNSH_skew	[-0.2,-0.05)	non-cCRE	SK-N-SH	53541340	53504032	27722423.72999999	55450851.77569992	52789122	-9423160.390443616	74187208.31979115	819597	1506152	394688	-0.17850572302459616	1.3734860305993404	1.6130205632879275e-4	-0.1788218750550006	-0.17818957099419172	0.015525869136448225	1.7016016403724154e-5	0.015492517744296925	0.015559220528599526
SKNSH_skew	[-0.2,-0.05)	pELS	H1	140246	140215	29199.853	20335.330433	140207	67428.97204501614	725980.951655158	19365	56393	68148	0.4809244334806118	4.9466692686063976	0.005939796811742617	0.46928243172959627	0.49256643523162735	0.1381172124073691	9.214317179072017e-4	0.136311206240271	0.1399232185744672
SKNSH_skew	[-0.2,-0.05)	pELS	HCT116	254168	254113	58925.37	51492.21649	254125	86285.62803975858	1117833.6500620164	28484	104038	114059	0.3395401005007716	4.283484516399965	0.004105583647146713	0.33149315655236405	0.34758704444917915	0.11208657156910969	6.25804106967243e-4	0.11085999551945389	0.11331314761876549
SKNSH_skew	[-0.2,-0.05)	pELS	HepG2	221274	221231	54795.175	52930.839505	221162	78968.4260029964	979119.4861614686	25450	90043	95327	0.35706145722590865	4.299686223601821	0.004409233794209703	0.34841935898925763	0.36570355546255967	0.11507401814054856	6.785578168692098e-4	0.11374404481948491	0.1164039914616122
SKNSH_skew	[-0.2,-0.05)	pELS	K562	405035	404978	100005.008	92606.31532	404604	118506.31805069889	1527787.8721687782	39706	160048	156384	0.2928945785278912	3.690229716760445	0.00302003248812026	0.2869753148511755	0.2988138422046069	0.09813546084566638	4.677012737252959e-4	0.09721876634916479	0.09905215534216796
SKNSH_skew	[-0.2,-0.05)	pELS	MCF-7	255528	255486	59174.749	48980.895773	255526	105608.34703509643	1116668.69175924	31360	106028	118693	0.4132978524106996	4.19927986980918	0.0040538704123589155	0.4053522664024761	0.4212434384189231	0.12272723715003561	6.491129198211113e-4	0.12145497582718623	0.123999498472885
SKNSH_skew	[-0.2,-0.05)	pELS	SK-N-SH	240268	240237	47843.952	27905.933888	240247	125012.95102125242	1170870.8914046038	33421	100809	116727	0.5203517672281128	4.602866151421017	0.004377087076125721	0.5117726765589065	0.5289308578973192	0.13911099826428633	7.060335303644648e-4	0.137727172544772	0.14049482398380067
SKNSH_skew	[-0.5,-0.2)	Inactive cCRE	H1	3750613	3748238	2094478.422	3986900.833248	3738477	-334944.4459102208	9516757.177660262	177300	345823	679732	-0.089593822808117	2.537597733494295	8.238801365753673e-4	-0.09120862787580471	-0.08797901774042928	0.04742572978247559	1.099281902023311e-4	0.04721027052967902	0.04764118903527216
SKNSH_skew	[-0.5,-0.2)	Inactive cCRE	HCT116	3731687	3729344	2082546.947	3958024.949785	3719637	-338193.7008375615	9507257.53907076	177133	343181	668887	-0.09092115731657727	2.5476978329044653	8.276060928585572e-4	-0.09254326525858003	-0.0892990493745745	0.04762104474173152	1.1042161000142014e-4	0.047404618386128736	0.0478374710973343
SKNSH_skew	[-0.5,-0.2)	Inactive cCRE	HepG2	3779410	3776963	2090635.641	3965739.360187	3766935	-306266.37686517276	9730646.59403177	183916	349011	700067	-0.08130386557378154	2.5765638457422817	8.270397643453758e-4	-0.08292486351189847	-0.07968286763566461	0.04882377848303727	1.110330123545399e-4	0.04860615377882237	0.04904140318725217
SKNSH_skew	[-0.5,-0.2)	Inactive cCRE	K562	3625836	3623427	2032328.235	3883415.521215	3613571	-331995.4739341306	9221433.566997653	171388	314021	638192	-0.09187462317306914	2.5434491674257838	8.389638250870888e-4	-0.09351899227023984	-0.09023025407589845	0.04742898368400676	1.1181557328504055e-4	0.047209825160368084	0.04764814220764544
SKNSH_skew	[-0.5,-0.2)	Inactive cCRE	MCF-7	3733433	3731006	2069531.023	3932914.357173	3720740	-308113.52990318945	9524287.649442114	178124	334202	686121	-0.08280974480968556	2.5529264070009803	8.283320894936067e-4	-0.08443327570509303	-0.08118621391427809	0.047873272521057636	1.1068258018561814e-4	0.04765633466389382	0.04809021037822145
SKNSH_skew	[-0.5,-0.2)	Inactive cCRE	SK-N-SH	3687981	3685558	2060553.914	3936076.039872	3675313	-387620.5628874527	9012108.36362204	162517	316727	667519	-0.105466000552185	2.440943128943206	8.149513154952459e-4	-0.10706330513055567	-0.10386869597381432	0.04421854682852862	1.0723445949109994e-4	0.044008367287926065	0.04442872636913117
SKNSH_skew	[-0.5,-0.2)	Other cCREs	H1	237664	237512	86329.995	121859.278185	236891	72465.90291815846	1101344.574722492	27074	43892	114963	0.3059039934744607	4.555603721681349	0.004385293738993545	0.29730881774603335	0.314499169202888	0.1142888501462698	6.536928082004866e-4	0.11300761224219684	0.11557008805034276
SKNSH_skew	[-0.5,-0.2)	Other cCREs	HCT116	168262	168117	61618.163	91971.869067	167459	65370.41489358732	818545.5808055075	20115	22580	83287	0.39036668613563513	4.735677892798112	0.005317859157096465	0.37994368218772606	0.4007896900835442	0.12011895449035287	7.944443964099686e-4	0.11856184347338933	0.12167606550731641
SKNSH_skew	[-0.5,-0.2)	Other cCREs	HepG2	165582	165509	65763.987	99583.514817	165165	55687.11791616319	801981.0752169174	19454	28414	79948	0.3371605238165664	4.741987221007417	0.005358227867968007	0.3266583971953491	0.3476626504377837	0.11778524505797233	7.931833562014491e-4	0.1162306056798175	0.11933988443612717
SKNSH_skew	[-0.5,-0.2)	Other cCREs	K562	240285	240209	100076.731	153339.977447	239812	56642.946946213386	1016111.4561335726	24073	39798	107562	0.23619730016101523	4.181345080049344	0.004175635198565556	0.22801305517182674	0.24438154515020372	0.10038279985989025	6.136532971392464e-4	0.09918003939749732	0.10158556032228318
SKNSH_skew	[-0.5,-0.2)	Other cCREs	MCF-7	190669	190582	85354.683	137212.632175	190489	24126.50994974423	824692.8807856818	18203	32558	76364	0.12665565964304623	4.313327462901141	0.004758513045948284	0.11732897407298759	0.13598234521310487	0.09555932363548551	6.73583787655828e-4	0.09423909941168009	0.09687954785929094
SKNSH_skew	[-0.5,-0.2)	Other cCREs	SK-N-SH	267691	267590	114013.767	171262.600503	267452	78595.89995032556	1307745.1889293054	32273	57123	106972	0.29386918007839	4.803303320060049	0.004237864642995151	0.28556296537811954	0.3021753947786605	0.12066838161614046	6.29868897695592e-4	0.1194338385766571	0.12190292465562383
SKNSH_skew	[-0.5,-0.2)	PLS	H1	94710	94689	16442.777	6856.192597	94661	114518.47901188096	872815.3730392487	25505	40233	56795	1.2097746591720029	7.756959847071141	0.009052326873805831	1.1920320984993436	1.2275172198446622	0.2694351422444301	0.0014420189402424128	0.26660878512155495	0.27226149936730526
SKNSH_skew	[-0.5,-0.2)	PLS	HCT116	88506	88482	15691.15	7204.02237	88480	102577.25301669793	790400.45697972	23286	38247	53327	1.1593270006407994	7.589144067020414	0.009261340286585833	1.1411747736790911	1.1774792276025077	0.2631781193490054	0.0014804153846731097	0.26027650519504614	0.2660797335029647
SKNSH_skew	[-0.5,-0.2)	PLS	HepG2	82434	82417	14846.765	7337.587331	82385	92637.58100511982	737356.8871105614	21350	35988	49310	1.1244471809810017	7.685847012726442	0.009658769337892515	1.1055159930787324	1.143378368883271	0.25914911695090126	0.0015265681428511776	0.25615704339091294	0.2621411905108896
SKNSH_skew	[-0.5,-0.2)	PLS	K562	90585	90566	16337.116	7895.421182	90549	102035.75601311948	790173.9222113516	23218	38963	54191	1.1268567959129254	7.45675483855916	0.009074717269921923	1.1090703500638786	1.1446432417619723	0.25641365448541675	0.0014510903303350186	0.25356951743796013	0.25925779153287337
SKNSH_skew	[-0.5,-0.2)	PLS	MCF-7	94528	94509	16702.879	7350.305861	94479	114502.1330024884	852291.8722528109	25484	40393	56987	1.2119321013398574	7.552266787984602	0.008940689604765139	1.1944083497145177	1.229455852965197	0.2697318980937563	0.0014439085094349077	0.2669018374152639	0.2725619587722487
SKNSH_skew	[-0.5,-0.2)	PLS	SK-N-SH	102957	102932	18091.589	7572.737367	102905	128072.30701683438	939642.0668511054	28091	43341	61435	1.2445683593298127	7.5822837385483535	0.008583843235474658	1.2277440265882824	1.261392692071343	0.27297993294786455	0.0013887380089232639	0.27025800645037495	0.27570185944535414
SKNSH_skew	[-0.5,-0.2)	dELS	H1	41903	41895	15958.333	23198.306125	41860	18927.99300986796	222535.3819325612	5655	8024	21038	0.4521737460551353	5.111843102510423	0.011050683632953395	0.4305144061345466	0.47383308597572393	0.13509316770186336	0.001670712586912636	0.1318185710315146	0.13836776437221213
SKNSH_skew	[-0.5,-0.2)	dELS	HCT116	105275	105240	45128.947	72976.467065	105159	26059.82495367761	443094.36349342664	10885	20488	50786	0.24781354856624357	4.15219370658096	0.006283701976660735	0.23549749269198852	0.2601296044404986	0.10350992306887666	9.393782760518967e-4	0.10166874164781495	0.10535110448993837
SKNSH_skew	[-0.5,-0.2)	dELS	HepG2	78671	78661	36201.601	59109.408063	78642	21475.66097383713	358042.2605643038	8617	16165	34476	0.27308131753817466	4.4782957842673055	0.0075462139200185505	0.2582907382549383	0.287871896821411	0.10957249306986089	0.0011138399240092501	0.10738936681880276	0.11175561932091901
SKNSH_skew	[-0.5,-0.2)	dELS	K562	106513	106477	47967.726	77358.520694	106405	15197.90000095998	413853.26489604975	9136	20504	45079	0.14283069405535437	3.8690513353889773	0.006030054370453411	0.13101178748926567	0.15464960062144306	0.085860626850242	8.588596840205708e-4	0.08417726186956168	0.08754399183092232
SKNSH_skew	[-0.5,-0.2)	dELS	MCF-7	74417	74397	33613.731999999996	53732.439512	74338	17637.83997968412	351548.5973728821	8413	16880	36271	0.23726546288148886	4.6728243957366145	0.007928377018514697	0.22172584392520006	0.25280508183777767	0.11317226721192392	0.001161941343522571	0.11089486217861967	0.11544967224522816
SKNSH_skew	[-0.5,-0.2)	dELS	SK-N-SH	41484	41478	16186.559	22255.077963	41441	26287.73596529467	284015.0862664401	7269	9580	22248	0.6343412554063529	6.451247365647305	0.012476901140898701	0.6098865291701915	0.6587959816425143	0.17540599888998817	0.0018682164561665156	0.1717442946359018	0.17906770314407455
SKNSH_skew	[-0.5,-0.2)	non-cCRE	H1	6578404	6566660	4330229.148	8756771.892154003	6487333	-2003378.07642365	10194804.959266284	79541	241083	91853	-0.30881381862525786	1.4761282643366755	4.770116132305626e-4	-0.30974876138718976	-0.30787887586332596	0.01226097072556627	4.320663454415098e-5	0.012176285721859734	0.012345655729272806
SKNSH_skew	[-0.5,-0.2)	non-cCRE	HCT116	6578404	6566660	4330229.148	8756771.892154003	6487333	-2003378.07642365	10194804.959266284	79541	241083	91853	-0.30881381862525786	1.4761282643366755	4.770116132305626e-4	-0.30974876138718976	-0.30787887586332596	0.01226097072556627	4.320663454415098e-5	0.012176285721859734	0.012345655729272806
SKNSH_skew	[-0.5,-0.2)	non-cCRE	HepG2	6578404	6566660	4330229.148	8756771.892154003	6487333	-2003378.07642365	10194804.959266284	79541	241083	91853	-0.30881381862525786	1.4761282643366755	4.770116132305626e-4	-0.30974876138718976	-0.30787887586332596	0.01226097072556627	4.320663454415098e-5	0.012176285721859734	0.012345655729272806
SKNSH_skew	[-0.5,-0.2)	non-cCRE	K562	6578404	6566660	4330229.148	8756771.892154003	6487333	-2003378.07642365	10194804.959266284	79541	241083	91853	-0.30881381862525786	1.4761282643366755	4.770116132305626e-4	-0.30974876138718976	-0.30787887586332596	0.01226097072556627	4.320663454415098e-5	0.012176285721859734	0.012345655729272806
SKNSH_skew	[-0.5,-0.2)	non-cCRE	MCF-7	6578404	6566660	4330229.148	8756771.892154003	6487333	-2003378.07642365	10194804.959266284	79541	241083	91853	-0.30881381862525786	1.4761282643366755	4.770116132305626e-4	-0.30974876138718976	-0.30787887586332596	0.01226097072556627	4.320663454415098e-5	0.012176285721859734	0.012345655729272806
SKNSH_skew	[-0.5,-0.2)	non-cCRE	SK-N-SH	6578404	6566660	4330229.148	8756771.892154003	6487333	-2003378.07642365	10194804.959266284	79541	241083	91853	-0.30881381862525786	1.4761282643366755	4.770116132305626e-4	-0.30974876138718976	-0.30787887586332596	0.01226097072556627	4.320663454415098e-5	0.012176285721859734	0.012345655729272806
SKNSH_skew	[-0.5,-0.2)	pELS	H1	46057	46052	9127.267	5797.552813	46055	44705.58200714424	331841.8940329029	9789	18670	26198	0.9706998590195254	6.263216916688716	0.011661658871172285	0.9478430076320277	0.9935567104070231	0.2125502117033981	0.0019063551539619862	0.20881375560163262	0.2162866678051636
SKNSH_skew	[-0.5,-0.2)	pELS	HCT116	77217	77203	17351.587	14434.854681	77209	59859.71901042936	485996.4610380556	13904	32146	42439	0.7752945771921584	5.69354918527903	0.008587318571302488	0.7584634327924056	0.7921257215919113	0.18008263285368287	0.0013828879576627574	0.17737217245666387	0.18279309325070187
SKNSH_skew	[-0.5,-0.2)	pELS	HepG2	64850	64836	14888.8	12842.29257	64817	52139.52800688323	417267.5844639162	11986	27064	34925	0.8044113119533954	5.790637471230382	0.009451891443858818	0.7858856047234322	0.8229370191833587	0.18492062267614978	0.0015249238713409947	0.18193177188832144	0.18790947346397813
SKNSH_skew	[-0.5,-0.2)	pELS	K562	107728	107707	25626.986	22602.72243	107607	73792.38201066827	603722.1911488441	17508	43356	53702	0.6857581942686654	5.140219509232057	0.006911472286306713	0.6722117085875042	0.6993046799498265	0.16270316986813124	0.0011251682499459435	0.1604978400982372	0.16490849963802529
SKNSH_skew	[-0.5,-0.2)	pELS	MCF-7	77900	77892	17134.477	13402.428247	77898	67520.55800810353	492473.40153398056	15099	32609	42983	0.8667816633046231	5.570789888653739	0.008456589227731154	0.85020674841827	0.8833565781909762	0.1938303935916198	0.0014163187200194097	0.19105440890038175	0.19660637828285785
SKNSH_skew	[-0.5,-0.2)	pELS	SK-N-SH	70834	70828	13490.965	7445.707263	70833	70338.13099182899	501783.69571857416	15173	29871	40552	0.9930135811250264	6.098048570882325	0.009278496785743736	0.9748277274249686	1.0111994348250841	0.2142080668614911	0.0015415367263096925	0.2111866548779241	0.2172294788450581
SKNSH_skew	[-1.0,-0.5)	Inactive cCRE	H1	964270	963887	620084.687	1225191.543529	961317	-84524.05904049228	2745472.1019928115	50821	91363	235731	-0.08792527235083981	2.848220877506957	0.0017212879224869073	-0.09129899667891415	-0.08455154802276547	0.05286601610082834	2.2822367300089408e-4	0.05241869770174659	0.05331333449991009
SKNSH_skew	[-1.0,-0.5)	Inactive cCRE	HCT116	950238	949861	615006.404	1214584.79749	947287	-94417.81598296578	2688657.861418365	49081	89652	226846	-0.09967181644313264	2.8283401910244104	0.001727925579493711	-0.10305855057894031	-0.09628508230732497	0.051812175190834454	2.2773108286125354e-4	0.0513658222684264	0.05225852811324251
SKNSH_skew	[-1.0,-0.5)	Inactive cCRE	HepG2	972309	971913	618540.475	1217758.374597	969247	-74044.78000414468	2818214.8851661375	53046	92168	240622	-0.07639412864228073	2.9018002640374183	0.0017302805471614145	-0.07978547851471711	-0.07300277876984436	0.054729083505030196	2.3103086439663003e-4	0.0542762630108128	0.05518190399924759
SKNSH_skew	[-1.0,-0.5)	Inactive cCRE	K562	922148	921773	596217.834	1183309.411136	919228	-90196.21399098136	2596871.0019044993	47627	81859	217618	-0.0981216999384063	2.8154316573160885	0.0017500919714432957	-0.10155188020243516	-0.09469151967437744	0.051811955249404934	2.311801845847253e-4	0.05135884208761887	0.052265068411190996
SKNSH_skew	[-1.0,-0.5)	Inactive cCRE	MCF-7	961489	961118	612204.748	1206967.160166	958419	-74174.05302682183	2748679.4280647887	51259	88709	238085	-0.07739209367387523	2.8619443111510487	0.0017280363827943074	-0.08077904498415207	-0.07400514236359838	0.053482871270289924	2.2982321133378593e-4	0.0530324177760757	0.053933324764504145
SKNSH_skew	[-1.0,-0.5)	Inactive cCRE	SK-N-SH	955519	955137	612258.232	1212171.539362	952421	-100130.02801057872	2602116.164419524	46940	84667	236398	-0.10513210860594079	2.721057184267445	0.0016902632656054576	-0.10844502460652748	-0.10181919260535409	0.04928492756879573	2.218031806316786e-4	0.048850193334757645	0.04971966180283382
SKNSH_skew	[-1.0,-0.5)	Other cCREs	H1	73044	73019	29002.859	42201.227129	72839	46467.22800458943	484748.7148497355	12033	13443	41928	0.6379443430660694	6.248183772292573	0.009261789578568318	0.6197912354920755	0.6560974506400633	0.1651999615590549	0.0013759866291946587	0.16250302776583336	0.16789689535227642
SKNSH_skew	[-1.0,-0.5)	Other cCREs	HCT116	55352	55326	20974.025	31423.344141	55160	43997.74497696338	405723.59188734594	9849	7270	32933	0.7976385963916495	6.719289550925926	0.011036962053939161	0.7760061507659287	0.8192710420173702	0.1785532994923858	0.0016306528204897393	0.1753572199642259	0.1817493790205457
SKNSH_skew	[-1.0,-0.5)	Other cCREs	HepG2	52708	52696	22540.797	34863.568729	52627	40675.97297720449	393535.4797586085	9540	9018	31295	0.7729107298003779	6.880564432019476	0.011434251124186626	0.7504995975969722	0.7953218620037836	0.1812757709920763	0.0016793236144774402	0.17798429670770052	0.1845672452764521
SKNSH_skew	[-1.0,-0.5)	Other cCREs	K562	78715	78687	36428.348	57988.803878	78548	44035.30096921419	498514.5388415481	11752	12843	42381	0.5606164506952971	6.0324089361387205	0.0087635046529482	0.5434399815755186	0.5777929198150755	0.14961552171920353	0.0012727069691131519	0.14712101605974176	0.1521100273786653
SKNSH_skew	[-1.0,-0.5)	Other cCREs	MCF-7	56604	56579	28105.858	46409.708082	56532	25841.143018719853	369450.22527461505	8286	9508	28289	0.45710647100261537	6.326406247592544	0.010578677149734608	0.4363722637891355	0.4778406782160952	0.14657185310974316	0.0014875158271127641	0.14365632208860216	0.14948738413088417
SKNSH_skew	[-1.0,-0.5)	Other cCREs	SK-N-SH	74389	74367	35633.498	55510.949988	74323	43626.18001305112	512307.7164142328	12478	16162	36142	0.5869808809258388	6.548531832280386	0.009386644189577254	0.5685830583142674	0.6053787035374102	0.16788880965515385	0.001371007847153369	0.16520163427473325	0.17057598503557445
SKNSH_skew	[-1.0,-0.5)	PLS	H1	33777	33775	5741.416	2292.507134	33755	74463.00699976762	487496.0825958108	13881	14659	21928	2.2059845059922267	9.576104843418047	0.01684323042065711	2.172971774367739	2.2389972376167147	0.41122796622722557	0.0026782175486203463	0.4059786598319297	0.41647727262252143
SKNSH_skew	[-1.0,-0.5)	PLS	HCT116	32007	32005	5641.758	2703.729056	31998	68600.41700514698	449230.91339597135	12926	14121	20873	2.1438970249749043	9.443344171847325	0.017179142893480995	2.1102259049036816	2.177568145046127	0.40396274767172946	0.0027431271824935196	0.3985862183940422	0.40933927694941674
SKNSH_skew	[-1.0,-0.5)	PLS	HepG2	30161	30160	5459.354	2862.67223	30139	63832.120006658355	421445.59810389753	12029	13391	19649	2.117924284371026	9.498108733788248	0.017752280410209494	2.0831298147670156	2.1527187539750368	0.39911742260858024	0.0028208547862840394	0.3935885472274635	0.404646297989697
SKNSH_skew	[-1.0,-0.5)	PLS	K562	32518	32517	5866.67	3052.830218	32507	68195.05000882431	447044.78028796526	12856	14261	21118	2.097857384834784	9.35154405395237	0.016961068824233698	2.0646136899392857	2.131101079730282	0.3954840495893192	0.002711939038436207	0.39016864907398424	0.4007994501046542
SKNSH_skew	[-1.0,-0.5)	PLS	MCF-7	33352	33351	5781.573	2555.128517	33330	73149.0159864051	474813.7740360912	13704	14665	21716	2.1946899485870115	9.429456746427956	0.016819987918907608	2.1617227722659527	2.2276571249080703	0.41116111611161116	0.002695172717449041	0.405878577585411	0.4164436546378113
SKNSH_skew	[-1.0,-0.5)	PLS	SK-N-SH	35502	35497	6092.968	2478.53464	35480	78708.76398528008	510503.9310519509	14686	15450	22928	2.2183980830124037	9.467475405471683	0.016335231259827766	2.186381029743141	2.2504151362816662	0.41392333709131907	0.0026148414759339664	0.4087982477984885	0.41904842638414963
SKNSH_skew	[-1.0,-0.5)	dELS	H1	12848	12847	5472.252	8317.646836	12837	8837.636984874141	86198.62723854865	2212	2490	7232	0.6884503376859189	6.241379952630608	0.02204999727991934	0.645232343017277	0.7316683323545607	0.17231440367687154	0.00333320265338243	0.16578132647624197	0.1788474808775011
SKNSH_skew	[-1.0,-0.5)	dELS	HCT116	37110	37106	16061.261	26263.627031	37071	19415.976970500433	199728.3590814379	5379	7093	20728	0.5237510984462365	5.113547877413851	0.011744756376780198	0.5007313759477473	0.5467708209447256	0.14509994335194626	0.001829254548839811	0.14151460443622024	0.14868528226767228
SKNSH_skew	[-1.0,-0.5)	dELS	HepG2	23397	23396	11930.184	20170.28588	23391	11324.810984933983	139587.98382253858	3452	4972	12216	0.484152493905091	5.733435157810133	0.01565608094858477	0.45346657524586487	0.5148384125643172	0.1475781283399598	0.002319070208201721	0.14303275073188443	0.1521235059480352
SKNSH_skew	[-1.0,-0.5)	dELS	K562	34410	34406	16883.22	28142.725266	34367	10765.54297969024	162931.781411163	3923	6546	17368	0.3132523344979265	4.642945060252496	0.011623206694725786	0.29047084937626394	0.33603381961958906	0.11415020222888236	0.0017153295779113234	0.11078815625617618	0.11751224820158855
SKNSH_skew	[-1.0,-0.5)	dELS	MCF-7	24102	24089	12053.822	19916.203922	24074	11168.049973280871	147817.90917549786	3726	5401	13642	0.4639050416748721	5.925185663906283	0.015688334969415376	0.433155905134818	0.49465417821492624	0.1547727839162582	0.002331094638355816	0.1502038384250808	0.1593417294074356
SKNSH_skew	[-1.0,-0.5)	dELS	SK-N-SH	12625	12624	5304.778	7513.652206	12618	13049.96296983538	116947.2250361029	2939	2914	7601	1.0342338698553954	8.199295500700678	0.02549136008439613	0.984270804089979	1.0841969356208119	0.23292122364875575	0.003762956980721921	0.2255458279665408	0.2402966193309707
SKNSH_skew	[-1.0,-0.5)	non-cCRE	H1	1222286	1220503	965227.591	2052359.711795	1207474	-442305.6943390965	2052872.577895856	13744	51829	24614	-0.36630659901504836	1.565958893720615	0.0011388100334065111	-0.36853866668052515	-0.3640745313495716	0.011382439704705857	9.653681036337349e-5	0.011193227556393645	0.01157165185301807
SKNSH_skew	[-1.0,-0.5)	non-cCRE	HCT116	1222286	1220503	965227.591	2052359.711795	1207474	-442305.6943390965	2052872.577895856	13744	51829	24614	-0.36630659901504836	1.565958893720615	0.0011388100334065111	-0.36853866668052515	-0.3640745313495716	0.011382439704705857	9.653681036337349e-5	0.011193227556393645	0.01157165185301807
SKNSH_skew	[-1.0,-0.5)	non-cCRE	HepG2	1222286	1220503	965227.591	2052359.711795	1207474	-442305.6943390965	2052872.577895856	13744	51829	24614	-0.36630659901504836	1.565958893720615	0.0011388100334065111	-0.36853866668052515	-0.3640745313495716	0.011382439704705857	9.653681036337349e-5	0.011193227556393645	0.01157165185301807
SKNSH_skew	[-1.0,-0.5)	non-cCRE	K562	1222286	1220503	965227.591	2052359.711795	1207474	-442305.6943390965	2052872.577895856	13744	51829	24614	-0.36630659901504836	1.565958893720615	0.0011388100334065111	-0.36853866668052515	-0.3640745313495716	0.011382439704705857	9.653681036337349e-5	0.011193227556393645	0.01157165185301807
SKNSH_skew	[-1.0,-0.5)	non-cCRE	MCF-7	1222286	1220503	965227.591	2052359.711795	1207474	-442305.6943390965	2052872.577895856	13744	51829	24614	-0.36630659901504836	1.565958893720615	0.0011388100334065111	-0.36853866668052515	-0.3640745313495716	0.011382439704705857	9.653681036337349e-5	0.011193227556393645	0.01157165185301807
SKNSH_skew	[-1.0,-0.5)	non-cCRE	SK-N-SH	1222286	1220503	965227.591	2052359.711795	1207474	-442305.6943390965	2052872.577895856	13744	51829	24614	-0.36630659901504836	1.565958893720615	0.0011388100334065111	-0.36853866668052515	-0.3640745313495716	0.011382439704705857	9.653681036337349e-5	0.011193227556393645	0.01157165185301807
SKNSH_skew	[-1.0,-0.5)	pELS	H1	14067	14067	2925.159	2047.098891	14065	21499.257009741148	148667.81259634296	4188	5955	8603	1.5285643092599466	8.234130806004403	0.024195745772211143	1.4811406475464128	1.5759879709734803	0.29776039815143973	0.003855726840213727	0.29020317354462083	0.30531762275825863
SKNSH_skew	[-1.0,-0.5)	pELS	HCT116	23299	23297	5542.925	5074.525801	23297	29146.74698883505	209242.61349013017	5900	9774	14042	1.2510944322803386	7.416607169184191	0.017842373997765254	1.2161233792447186	1.2860654853159585	0.2532514916083616	0.002849136051079843	0.24766718494824508	0.2588357982684781
SKNSH_skew	[-1.0,-0.5)	pELS	HepG2	19431	19430	4755.563	4395.122083	19409	24954.94599382788	179799.39242206587	5068	8361	11640	1.2857409446044556	7.610974679895323	0.019802433273143308	1.2469281753890948	1.3245537138198165	0.26111597712401463	0.0031528497946681465	0.2549363915264651	0.2672955627215642
SKNSH_skew	[-1.0,-0.5)	pELS	K562	30215	30212	7830.301	7556.253021	30163	33943.38999173266	247221.23682807505	6977	12401	16937	1.125332029033341	6.930032918785509	0.015157597893071927	1.0956231371629201	1.155040920903762	0.2313098829692007	0.002427926168951799	0.22655114767805515	0.23606861826034622
SKNSH_skew	[-1.0,-0.5)	pELS	MCF-7	22459	22458	5080.372	4201.822832	22458	30758.914006896084	211822.00272225868	6160	9627	13690	1.3696194677574176	7.5563964595154065	0.018343061796998187	1.3336670666353012	1.405571868879534	0.27428978537714843	0.0029771512338147422	0.26845456895887154	0.2801250017954253
SKNSH_skew	[-1.0,-0.5)	pELS	SK-N-SH	19971	19970	3936.897	2375.347323	19971	31488.191000892188	210708.30235144065	6092	8717	12353	1.5766957588950072	8.065147979221733	0.020095844626922932	1.5373079034262382	1.6160836143637762	0.3050423113514596	0.003258061798605432	0.29865651022619294	0.31142811247672625
SKNSH_skew	[-1.5,-1.0)	Inactive cCRE	H1	199535	199469	139372.591	286789.989527	198844	-12581.331981065809	592336.4089940933	11318	19065	60045	-0.06327237422836901	2.9749116551686305	0.0038679494628102327	-0.07085355517547706	-0.05569119328126095	0.05691899177244473	5.19573333626328e-4	0.055900628038537126	0.05793735550635233
SKNSH_skew	[-1.5,-1.0)	Inactive cCRE	HCT116	193789	193726	137209.029	282818.610241	193084	-15056.49497988146	578698.3390020807	10726	18343	56206	-0.07797898831535217	2.9910673065778672	0.0039358627848764885	-0.08569327937371009	-0.07026469725699426	0.055550951917300244	5.212689730925425e-4	0.054529264730038864	0.056572639104561624
SKNSH_skew	[-1.5,-1.0)	Inactive cCRE	HepG2	200398	200334	138615.864	284592.284482	199692	-8625.822990744027	618715.1100741342	12006	19155	60433	-0.043195636233519755	3.0964966481314193	0.003937811960942053	-0.05091374767696618	-0.03547752479007333	0.060122588786731566	5.319540367091967e-4	0.05907995887478154	0.06116521869868159
SKNSH_skew	[-1.5,-1.0)	Inactive cCRE	K562	187601	187541	131686.93	272484.60551	186931	-13313.85298006412	555874.3374340248	10535	16833	53988	-0.07122335503508846	2.968630397241431	0.0039850832683137084	-0.07903411824098333	-0.063412591829193593	0.056357693480482106	5.333835805651189e-4	0.055312261662574476	0.057403125298389736
SKNSH_skew	[-1.5,-1.0)	Inactive cCRE	MCF-7	199480	199420	137955.602	283452.330392	198769	-9610.45898426056	597493.071258085	11558	18698	60558	-0.04834988848492753	3.0036444832060845	0.0038873168187444954	-0.05596902944966674	-0.04073074752018832	0.05814790032650967	5.24909034125788e-4	0.05711907861962313	0.05917672203339621
SKNSH_skew	[-1.5,-1.0)	Inactive cCRE	SK-N-SH	199329	199266	138157.826	284779.282356	198606	-15112.993972586472	568135.7769556962	10717	18091	60841	-0.07609535448368364	2.8548412593944885	0.0037913580463930082	-0.08352641625461393	-0.06866429271275334	0.05396110892923678	5.069892442403822e-4	0.05296741001052563	0.05495480784794793
SKNSH_skew	[-1.5,-1.0)	Other cCREs	H1	13928	13928	6168.432	9945.03545	13895	8468.142005031115	86118.02546388477	2231	2678	8020	0.6094380716107316	5.82677539443017	0.02047787384811575	0.5693014388684248	0.6495747043530384	0.16056135300467794	0.0031144812020112676	0.15445696984873586	0.16666573616062003
SKNSH_skew	[-1.5,-1.0)	Other cCREs	HCT116	10845	10842	4538.92	7515.422342	10828	4891.795004476792	50168.00605298329	1339	1388	6347	0.4517727192904315	4.42948430050794	0.02022564870605418	0.4121304478265653	0.4914149907542977	0.12366087920206871	0.0031635750457803995	0.11746027211233913	0.1298614862917983
SKNSH_skew	[-1.5,-1.0)	Other cCREs	HepG2	10154	10151	5014.012	8620.459142	10134	5016.852014909499	55481.0000595038	1400	1744	5950	0.49505151124032953	5.230178613229425	0.022717880474927305	0.450524465509472	0.5395785569711871	0.1381488059996053	0.0034276720384204037	0.13143056880430132	0.14486704319490928
SKNSH_skew	[-1.5,-1.0)	Other cCREs	K562	16448	16441	9027.104	15948.822572	16414	5455.864000049188	78160.50530884277	1910	2569	8813	0.3323908858321669	4.651619194594931	0.01683429224981758	0.29939567302252446	0.3653860986418094	0.11636407944437675	0.002502873704273602	0.1114584469840005	0.12126971190475301
SKNSH_skew	[-1.5,-1.0)	Other cCREs	MCF-7	9826	9824	5552.144	9873.348526	9814	2056.2330015648613	49825.22368814035	1099	1716	4897	0.2095203792097882	5.033567815133884	0.02264722189094759	0.1651318243035309	0.2539089341160455	0.11198288159771755	0.0031831965941549784	0.1057438162731738	0.1182219469222613
SKNSH_skew	[-1.5,-1.0)	Other cCREs	SK-N-SH	12629	12626	6995.022	11783.548388	12623	6273.108007184695	80214.34500023218	1956	2832	6124	0.49695856826306706	6.108134228048018	0.021997483216227603	0.453843501159261	0.5400736353668731	0.15495524043412817	0.0032207847368568524	0.14864250234988874	0.1612679785183676
SKNSH_skew	[-1.5,-1.0)	PLS	H1	9613	9612	1697.798	721.228324	9609	29334.646995140934	189596.6888509371	5100	4394	6704	3.052830366858251	10.412467496159836	0.032918325302452124	2.988310449265445	3.117350284451057	0.5307524196066188	0.00509105648604166	0.5207739488939771	0.5407308903192605
SKNSH_skew	[-1.5,-1.0)	PLS	HCT116	9325	9325	1724.403	874.730181	9322	27973.6070015825	179143.7797432586	4899	4263	6478	3.0008160267734927	10.213510516709222	0.033100379337460184	2.9359392832720705	3.065692770274915	0.5255310019309161	0.005171881213076301	0.5153941147532866	0.5356678891085456
SKNSH_skew	[-1.5,-1.0)	PLS	HepG2	8920	8920	1699.86	962.496134	8916	26733.642002843557	172347.16981827695	4677	4126	6214	2.998389636927272	10.340919201304228	0.03405607099231872	2.931639737782327	3.0651395360722167	0.5245625841184388	0.00528883847470832	0.5141964607080105	0.5349287075288671
SKNSH_skew	[-1.5,-1.0)	PLS	K562	9516	9516	1822.228	1067.995244	9512	27833.28800143058	178930.44821695666	4872	4310	6594	2.926123633455696	10.249900788475637	0.032826449347334474	2.8617837927349203	2.9904634741764715	0.5121951219512195	0.0051251297856404416	0.5021498675713643	0.5222403763310748
SKNSH_skew	[-1.5,-1.0)	PLS	MCF-7	9477	9477	1736.025	861.306893	9473	28929.62999990047	185588.33611394628	5042	4329	6588	3.053903726369732	10.26605059699669	0.03291985635711798	2.9893808079097806	3.1184266448296833	0.5322495513564869	0.005126500330733614	0.522201610708249	0.5422974920047248
SKNSH_skew	[-1.5,-1.0)	PLS	SK-N-SH	9987	9986	1795.903	808.150539	9983	30511.762995258192	195866.3527471973	5312	4536	6927	3.056372132150475	10.27960835761471	0.03208911567881005	2.9934774654200074	3.119266798880943	0.5321045777822297	0.00499392896060111	0.5223164770194516	0.5418926785450079
SKNSH_skew	[-1.5,-1.0)	dELS	H1	2879	2879	1275.63	2034.246236	2874	2738.5629999761004	21916.02890367194	603	543	1741	0.9528750869784622	6.7199862328136835	0.04835493565965277	0.8580994130855428	1.0476507608713816	0.20981210855949894	0.007595162628860782	0.1949255898069318	0.22469862731206608
SKNSH_skew	[-1.5,-1.0)	dELS	HCT116	9830	9829	4360.512	7389.974584	9821	7445.824997014251	62699.52889771108	1752	1810	6116	0.758153446391839	5.810025561608373	0.0243226654362986	0.7104810221366937	0.8058258706469843	0.17839323897770085	0.003863165750336824	0.17082143410704068	0.18596504384836102
SKNSH_skew	[-1.5,-1.0)	dELS	HepG2	5358	5358	2773.136	4770.690138	5358	3762.0759962745938	33931.93939829818	927	1119	3229	0.7021418432763333	5.841035733382171	0.033017453655180606	0.6374276341121794	0.7668560524404873	0.17301231802911535	0.005167573687185062	0.16288387360223264	0.18314076245599806
SKNSH_skew	[-1.5,-1.0)	dELS	K562	9130	9130	4768.468	8353.507828	9115	4347.113998862565	49831.44856679393	1196	1696	5291	0.4769187053058217	5.2400953024621	0.023976801968451714	0.4299241734476563	0.5239132371639871	0.13121228743828853	0.0035364355838742477	0.124280873693895	0.13814370118268204
SKNSH_skew	[-1.5,-1.0)	dELS	MCF-7	5502	5497	2753.795	4694.519233	5497	3867.7830017667743	38458.8997976444	1025	1207	3444	0.7036170641744177	6.502449359002465	0.034393440403211066	0.636205920984124	0.7710282073647114	0.186465344733491	0.005253203496877798	0.1761690658796105	0.19676162358737148
SKNSH_skew	[-1.5,-1.0)	dELS	SK-N-SH	2948	2948	1348.607	1988.341481	2947	3564.891993565486	28092.793987418332	774	708	1891	1.209668134905153	8.072117358595946	0.05233637827430073	1.1070888334875235	1.3122474363227825	0.26263997285374957	0.008106439386229312	0.24675135165674011	0.278528594050759
SKNSH_skew	[-1.5,-1.0)	non-cCRE	H1	231877	231750	209694.167	465601.516569	229539	-84996.34983586486	380575.59789972333	2310	10435	5084	-0.370291540155986	1.520890521880316	0.002574072258203293	-0.37533672178206445	-0.3652463585299075	0.010063649314495576	2.0833063645272609e-4	0.009655321267048234	0.010471977361942919
SKNSH_skew	[-1.5,-1.0)	non-cCRE	HCT116	231877	231750	209694.167	465601.516569	229539	-84996.34983586486	380575.59789972333	2310	10435	5084	-0.370291540155986	1.520890521880316	0.002574072258203293	-0.37533672178206445	-0.3652463585299075	0.010063649314495576	2.0833063645272609e-4	0.009655321267048234	0.010471977361942919
SKNSH_skew	[-1.5,-1.0)	non-cCRE	HepG2	231877	231750	209694.167	465601.516569	229539	-84996.34983586486	380575.59789972333	2310	10435	5084	-0.370291540155986	1.520890521880316	0.002574072258203293	-0.37533672178206445	-0.3652463585299075	0.010063649314495576	2.0833063645272609e-4	0.009655321267048234	0.010471977361942919
SKNSH_skew	[-1.5,-1.0)	non-cCRE	K562	231877	231750	209694.167	465601.516569	229539	-84996.34983586486	380575.59789972333	2310	10435	5084	-0.370291540155986	1.520890521880316	0.002574072258203293	-0.37533672178206445	-0.3652463585299075	0.010063649314495576	2.0833063645272609e-4	0.009655321267048234	0.010471977361942919
SKNSH_skew	[-1.5,-1.0)	non-cCRE	MCF-7	231877	231750	209694.167	465601.516569	229539	-84996.34983586486	380575.59789972333	2310	10435	5084	-0.370291540155986	1.520890521880316	0.002574072258203293	-0.37533672178206445	-0.3652463585299075	0.010063649314495576	2.0833063645272609e-4	0.009655321267048234	0.010471977361942919
SKNSH_skew	[-1.5,-1.0)	non-cCRE	SK-N-SH	231877	231750	209694.167	465601.516569	229539	-84996.34983586486	380575.59789972333	2310	10435	5084	-0.370291540155986	1.520890521880316	0.002574072258203293	-0.37533672178206445	-0.3652463585299075	0.010063649314495576	2.0833063645272609e-4	0.009655321267048234	0.010471977361942919
SKNSH_skew	[-1.5,-1.0)	pELS	H1	3273	3273	710.844	535.03763	3272	7096.6780037552835	47003.15920920083	1259	1413	2163	2.1689113703408567	9.664045733784207	0.05434665775916446	2.0623919211328943	2.275430819548819	0.3847799511002445	0.008505793012485809	0.3681085967957723	0.4014513054047167
SKNSH_skew	[-1.5,-1.0)	pELS	HCT116	5439	5439	1392.431	1426.799819	5439	9801.965999645534	66260.65772575403	1795	2289	3526	1.8021632652409512	8.936357976103723	0.04053412004780613	1.722716389947251	1.8816101405346513	0.3300239014524729	0.006375919458946172	0.31752709931293843	0.34252070359200737
SKNSH_skew	[-1.5,-1.0)	pELS	HepG2	4398	4398	1122.423	1079.607271	4394	8169.950999554015	56495.09207157515	1501	1949	2847	1.85934251241557	9.402311598850964	0.04625804706495683	1.7686767401682546	1.9500082846628854	0.3416021847974511	0.007154420860974939	0.3275795199099402	0.35562484968496194
SKNSH_skew	[-1.5,-1.0)	pELS	K562	6533	6533	1920.565	2170.606013	6522	10734.285002559423	74173.5718951699	1998	2685	3987	1.6458578660778018	8.665306622755173	0.03645033886995168	1.5744152018926965	1.7173005302629072	0.3063477460901564	0.005708051047248447	0.29515996603754946	0.31753552614276337
SKNSH_skew	[-1.5,-1.0)	pELS	MCF-7	4943	4943	1227.729	1144.032123	4941	9813.5110038661	65604.78056397184	1787	2143	3186	1.9861386366861162	9.3347747363662	0.04346548141402514	1.900946293114627	2.0713309802576054	0.3616676786075693	0.006835508692470322	0.34827008157032746	0.3750652756448112
SKNSH_skew	[-1.5,-1.0)	pELS	SK-N-SH	4335	4335	927.937	666.214403	4335	9819.928999415715	64661.04273124387	1752	1926	2890	2.2652662051708687	9.786868812111228	0.04751462789905357	2.1721375344887237	2.3583948758530138	0.40415224913494807	0.007453248498764772	0.3895438820773691	0.418760616192527
SKNSH_skew	[0.05,0.2)	Inactive cCRE	H1	18915462	18906400	3271848.530999997	2546702.969321002	18871401	-1274062.8215153716	41492030.63193543	772749	1420595	1754203	-0.06751289008777735	2.194114637424968	0.00034097896313973987	-0.06818120885553124	-0.06684457132002346	0.040948152180116354	4.5617987932966974e-5	0.04085874092376774	0.04103756343646497
SKNSH_skew	[0.05,0.2)	Inactive cCRE	HCT116	18791560	18782662	3250743.287999997	2528232.426046002	18747725	-1207547.5395568835	41695220.440705426	781496	1396833	1720519	-0.06441035056556908	2.2198663624639434	3.4410353007458677e-4	-0.06508479348451528	-0.06373590764662289	0.04168484442779057	4.616033835238514e-5	0.0415943701646199	0.041775318690961245
SKNSH_skew	[0.05,0.2)	Inactive cCRE	HepG2	18841133	18832016	3259724.499999997	2536965.986380002	18796937	-1220919.7295178403	41703914.49375411	781426	1399308	1764910	-0.06495312132598201	2.214436009487581	3.432322004530545e-4	-0.06562585643886999	-0.06428038621309402	0.04157198590387359	4.6040135424834764e-5	0.04148174723844092	0.041662224569306266
SKNSH_skew	[0.05,0.2)	Inactive cCRE	K562	18391853	18382848	3185806.344999997	2489046.828575002	18348352	-1193907.0865704897	40693186.542131945	762437	1292360	1657391	-0.06506890027891822	2.2135776845000183	3.473352432934694e-4	-0.06574967735577342	-0.06438812320206302	0.04155343215565082	4.6589588225129186e-5	0.041462116562729565	0.041644747748572075
SKNSH_skew	[0.05,0.2)	Inactive cCRE	MCF-7	18826293	18817315	3245825.499999997	2510907.398632002	18781672	-1171012.351506152	41534325.68152953	778057	1378175	1756423	-0.06234867436222675	2.2075413105549195	3.4283669028163015e-4	-0.06302063427517875	-0.06167671444927475	0.041426396968278434	4.598161152494219e-5	0.04133627300968955	0.04151652092686732
SKNSH_skew	[0.05,0.2)	Inactive cCRE	SK-N-SH	18670136	18661230	3218266.214999997	2498119.107381002	18625563	-1369057.991311902	40157826.0841885	734536	1319120	1699708	-0.0735042474319784	2.15065695772543	3.3980586239736385e-4	-0.07417026692227724	-0.07283822794167957	0.03943698238812969	4.509828892869205e-5	0.039348589741829455	0.039525375034429926
SKNSH_skew	[0.05,0.2)	Other cCREs	H1	706415	706224	113677.683	70724.628113	705309	-23465.84504803724	2353459.0442595324	46114	117185	208668	-0.03327030428937847	3.335675092944326	0.0021747140397871826	-0.03753274380736135	-0.029007864771395594	0.06538127260534035	2.943433385179138e-4	0.06480435966184524	0.06595818554883547
SKNSH_skew	[0.05,0.2)	Other cCREs	HCT116	544978	544753	86600.561	54122.895057	543820	-58452.0769556933	1422665.6581951715	25374	67967	153633	-0.10748423551118624	2.6045117610630517	0.002188444683952351	-0.11177358709173285	-0.10319488393063964	0.04665882093339708	2.859983110958116e-4	0.04609826424364929	0.04721937762314487
SKNSH_skew	[0.05,0.2)	Other cCREs	HepG2	553742	553604	88698.242	55631.922654	552945	-53063.0729978265	1584811.2006774857	28047	84054	151183	-0.09596446843325557	2.8569240846881674	0.002273046825847978	-0.1004196402119176	-0.09150929665459354	0.05072294712855709	2.95092222478257e-4	0.050144566372499706	0.05130132788461448
SKNSH_skew	[0.05,0.2)	Other cCREs	K562	760958	760755	125367.533	83913.789481	759834	-77269.19698114427	1995410.7811143496	35427	113893	193206	-0.10169220774688191	2.61577623751865	0.0018554144461611947	-0.10532882006135785	-0.09805559543240597	0.04662465749097829	2.4186911944763283e-4	0.04615059401686093	0.04709872096509565
SKNSH_skew	[0.05,0.2)	Other cCREs	MCF-7	611991	611758	107259.342	83238.759346	611549	-122276.10604144566	1777316.7443713336	28370	94729	140834	-0.19994490391030917	2.8662807499956666	0.002164929375349976	-0.2041881654859951	-0.19570164233462323	0.04639039553658006	2.689575349974625e-4	0.04586323876798503	0.04691755230517509
SKNSH_skew	[0.05,0.2)	Other cCREs	SK-N-SH	851731	851405	151697.661	113908.281407	851149	12990.347828618473	3106449.688209429	67115	169793	212488	0.015262131340832772	3.649484493665855	0.002070679885197141	0.011203598765846375	0.01932066391581917	0.07885223386269619	2.92125087606612e-4	0.07827966869098722	0.07942479903440515
SKNSH_skew	[0.05,0.2)	PLS	H1	176282	176225	25389.643	7831.404481	176201	52983.27497179539	1120564.012405003	26504	73596	89540	0.30069792436930204	6.2691943904352785	0.005964879624661245	0.28900676030496597	0.3123890884336381	0.15041912361450843	8.516275584285602e-4	0.14874993359998845	0.15208831362902842
SKNSH_skew	[0.05,0.2)	PLS	HCT116	163486	163429	23687.503	7607.995148999999	163443	40484.655957644325	1007797.5840574752	23260	70358	83675	0.24769892841935306	6.1047318202135346	0.006111532597348831	0.23572032452854935	0.2596775323101568	0.1423126105125334	8.641776744756699e-4	0.1406188222705611	0.14400639875450572
SKNSH_skew	[0.05,0.2)	PLS	HepG2	152194	152152	21886.462	7041.140336	152113	32119.063966701873	954289.5430631066	21136	66302	77192	0.2111526560300689	6.229012289611193	0.006399210966369155	0.19861020253598538	0.22369510952415245	0.13894933371901153	8.868688925874278e-4	0.13721107068954017	0.14068759674848288
SKNSH_skew	[0.05,0.2)	PLS	K562	171266	171216	25020.054	8281.067844	171188	40560.84694594306	1020991.2155512986	23581	73471	86127	0.23693744272929798	5.90804694399103	0.005874694806379867	0.22542304090879345	0.24845184454980251	0.13774914129495058	8.329608868954677e-4	0.13611653795663547	0.1393817446332657
SKNSH_skew	[0.05,0.2)	PLS	MCF-7	176403	176344	25893.623	8394.352055	176322	54517.94996663125	1074175.8605013525	26281	75009	90263	0.3091953923312533	5.996558331522191	0.005831734982135458	0.2977651917662678	0.3206255928962388	0.1490511677499121	8.481372994932133e-4	0.1473888186429054	0.15071351685691878
SKNSH_skew	[0.05,0.2)	PLS	SK-N-SH	195726	195650	28731.83	9139.174338	195631	69999.34095816615	1204510.370884562	30096	81711	98339	0.3578131326740964	6.029053250581191	0.005551440921479911	0.3469323084679958	0.36869395688019707	0.1538406489769004	8.157231606869517e-4	0.15224183158195398	0.1554394663718468
SKNSH_skew	[0.05,0.2)	dELS	H1	117443	117428	19338.129	12876.967973	117375	20781.10699097509	475253.24467453343	10959	20419	37309	0.1770488348538879	4.017703868785313	0.005850610132686035	0.16558163899382328	0.1885160307139525	0.09336741214057508	8.492303775848857e-4	0.0917029206005087	0.09503190368064145
SKNSH_skew	[0.05,0.2)	dELS	HCT116	313275	313178	54352.55	41577.869016	313013	-2319.631023696968	985422.3624723168	19347	54797	96303	-0.007410653946312032	3.1481386416160313	0.0031713614121791998	-0.013626522314183263	-0.0011947855784408008	0.061808934453201625	4.304176651392105e-4	0.06096531582952877	0.06265255307687448
SKNSH_skew	[0.05,0.2)	dELS	HepG2	293996	293983	48927.23	33276.898736	293835	14895.611967692254	966331.9471730744	20799	52510	75153	0.0506937974294834	3.2861303730589246	0.0033441875992626584	0.044139189734928586	0.05724840512403821	0.07078462402368677	4.731249990310442e-4	0.06985729902558592	0.07171194902178761
SKNSH_skew	[0.05,0.2)	dELS	K562	349237	349191	59073.848	42389.573734	348938	-13205.525998756644	1017248.134808976	18585	58753	85733	-0.03784490654143901	2.913845115054358	0.0028897421846254554	-0.0435088012233049	-0.032181011859573116	0.0532616109452109	3.80143885162714e-4	0.052516528930291975	0.05400669296012982
SKNSH_skew	[0.05,0.2)	dELS	MCF-7	207076	207043	37096.779	29619.147845	206879	-5385.43498417968	740968.3282755397	14765	43418	65832	-0.02603181078881704	3.5809904177873726	0.004160479393381733	-0.03418635039984524	-0.01787727117778884	0.07137022124043522	5.660067630862288e-4	0.07026084798478621	0.07247959449608424
SKNSH_skew	[0.05,0.2)	dELS	SK-N-SH	115350	115345	19922.737	13744.103519	115275	28477.903952864817	611825.0570552639	14005	24117	43164	0.24704319195718774	5.246541152059423	0.006746351674476974	0.23382034267521287	0.26026604123916264	0.12149208414660594	9.622308246639037e-4	0.11960611173026468	0.12337805656294719
SKNSH_skew	[0.05,0.2)	non-cCRE	H1	59221030	59192793	9809476.543999985	7061976.270537979	58465408	-9095061.130920842	72851508.39471434	753225	1487219	306376	-0.15556311744067264	1.2218618837610213	1.4456446927956754e-4	-0.15584646380046058	-0.1552797710808847	0.012883259105965703	1.4748492679573372e-5	0.01285435206031374	0.012912166151617666
SKNSH_skew	[0.05,0.2)	non-cCRE	HCT116	59221030	59192793	9809476.543999985	7061976.270537979	58465408	-9095061.130920842	72851508.39471434	753225	1487219	306376	-0.15556311744067264	1.2218618837610213	1.4456446927956754e-4	-0.15584646380046058	-0.1552797710808847	0.012883259105965703	1.4748492679573372e-5	0.01285435206031374	0.012912166151617666
SKNSH_skew	[0.05,0.2)	non-cCRE	HepG2	59221030	59192793	9809476.543999985	7061976.270537979	58465408	-9095061.130920842	72851508.39471434	753225	1487219	306376	-0.15556311744067264	1.2218618837610213	1.4456446927956754e-4	-0.15584646380046058	-0.1552797710808847	0.012883259105965703	1.4748492679573372e-5	0.01285435206031374	0.012912166151617666
SKNSH_skew	[0.05,0.2)	non-cCRE	K562	59221030	59192793	9809476.543999985	7061976.270537979	58465408	-9095061.130920842	72851508.39471434	753225	1487219	306376	-0.15556311744067264	1.2218618837610213	1.4456446927956754e-4	-0.15584646380046058	-0.1552797710808847	0.012883259105965703	1.4748492679573372e-5	0.01285435206031374	0.012912166151617666
SKNSH_skew	[0.05,0.2)	non-cCRE	MCF-7	59221030	59192793	9809476.543999985	7061976.270537979	58465408	-9095061.130920842	72851508.39471434	753225	1487219	306376	-0.15556311744067264	1.2218618837610213	1.4456446927956754e-4	-0.15584646380046058	-0.1552797710808847	0.012883259105965703	1.4748492679573372e-5	0.01285435206031374	0.012912166151617666
SKNSH_skew	[0.05,0.2)	non-cCRE	SK-N-SH	59221030	59192793	9809476.543999985	7061976.270537979	58465408	-9095061.130920842	72851508.39471434	753225	1487219	306376	-0.15556311744067264	1.2218618837610213	1.4456446927956754e-4	-0.15584646380046058	-0.1552797710808847	0.012883259105965703	1.4748492679573372e-5	0.01285435206031374	0.012912166151617666
SKNSH_skew	[0.05,0.2)	pELS	H1	115123	115105	16131.653	5370.646621	115097	35951.991997366196	579602.7534081959	13991	46206	49690	0.3123625463510447	4.9382489195237556	0.006550198884665341	0.2995241565371006	0.3252009361649888	0.12155833774989791	9.63200805113304e-4	0.11967046417187584	0.12344621132791998
SKNSH_skew	[0.05,0.2)	pELS	HCT116	217426	217360	31001.737	11965.431241	217382	40022.29897535708	909803.6412523168	20840	88046	85280	0.18411045521412572	4.151398317098771	0.0043700400022125795	0.17554517680978907	0.19267573361846238	0.09586810315481503	6.314532061519092e-4	0.09463045487075729	0.09710575143887278
SKNSH_skew	[0.05,0.2)	pELS	HepG2	189660	189627	27149.205	10590.668403	189553	39155.833978000075	811562.5020149319	18909	75827	70972	0.20656931822762012	4.23880575296205	0.004728859669942036	0.19730075327453372	0.2158378831807065	0.09975574113836236	6.883095557355197e-4	0.09840665440912073	0.10110482786760398
SKNSH_skew	[0.05,0.2)	pELS	K562	357411	357372	51117.859	19875.356875	357071	56008.67000117448	1294073.0130761606	30287	139524	116953	0.1568558353973705	3.5995399399379133	0.0031750181222679023	0.1506327998777254	0.1630788709170156	0.0848206659179827	4.662583809383032e-4	0.08390679949134362	0.08573453234462176
SKNSH_skew	[0.05,0.2)	pELS	MCF-7	208962	208922	30310.395	11346.958631	208961	56343.64996187392	894123.072004982	22844	86670	86058	0.2696371569904141	4.206215210637439	0.004486556340231751	0.26084350656355987	0.2784308074172683	0.10932183517498481	6.826235084568731e-4	0.10798389309840933	0.11065977725156029
SKNSH_skew	[0.05,0.2)	pELS	SK-N-SH	197782	197752	27767.196	8595.949864	197765	69778.10596897922	940298.4863449666	24565	83260	85711	0.3528334435768676	4.630157343751441	0.004838638291714558	0.34334971252510704	0.3623171746286281	0.12421308118221121	0.00074166567115308685	0.12275941646675116	0.12566674589767127
SKNSH_skew	[0.2,0.5)	Inactive cCRE	H1	3122894	3121056	639826.484	701573.943904	3113312	-175613.16982224086	6904745.772419448	131626	273677	380307	-0.05640718624482251	2.214632565664735	8.43411499499856e-4	-0.05806027278384222	-0.05475409970580279	0.042278448160672624	1.1404278814660842e-4	0.04205492429590527	0.042501972025439975
SKNSH_skew	[0.2,0.5)	Inactive cCRE	HCT116	3106074	3104269	635485.648	694679.293766	3096529	-156461.02382000108	6998110.4182894025	134704	270975	374017	-0.05052787292481391	2.257433091372059	8.538269677194826e-4	-0.052201373781544096	-0.04885437206808372	0.04350161099734574	1.1591969128558211e-4	0.043274408402425996	0.04372881359226548
SKNSH_skew	[0.2,0.5)	Inactive cCRE	HepG2	3137479	3135625	641116.221	699705.961233	3127774	-152200.6928184499	7076273.335872899	136986	274405	391012	-0.04866102628209388	2.2600320080643663	8.500404888469752e-4	-0.05032710564023395	-0.046994946923953805	0.04379664259630012	1.1571185586221873e-4	0.04356984735881017	0.04402343783379006
SKNSH_skew	[0.2,0.5)	Inactive cCRE	K562	3030266	3028423	621467.049	683829.840289	3020696	-162481.42983957168	6777007.9882659735	129828	248540	358326	-0.05378940146230262	2.2406327714006755	8.612551494746347e-4	-0.0554774615552729	-0.05210134136933234	0.042979498764523144	1.1669111338304782e-4	0.04275078418229237	0.04320821334675392
SKNSH_skew	[0.2,0.5)	Inactive cCRE	MCF-7	3104663	3102825	632918.027	690643.164971	3094831	-155517.90482642176	6912171.137229134	132424	263917	381690	-0.05025085532180004	2.230932306295904	8.490333058923997e-4	-0.05191496060134915	-0.04858675004225094	0.04278876617172311	1.1504037958786675e-4	0.042563287027730885	0.04301424531571533
SKNSH_skew	[0.2,0.5)	Inactive cCRE	SK-N-SH	3069292	3067481	626045.0109999999	687351.635543	3059475	-208648.9087846532	6576313.464575716	121464	249342	367413	-0.06819761847527867	2.144840618321691	8.37286441180382e-4	-0.06983869989999221	-0.06655653705056512	0.039700929080969775	1.1162979702587905e-4	0.039482134678799054	0.0399197234831405
SKNSH_skew	[0.2,0.5)	Other cCREs	H1	164631	164567	28461.282	21586.203328	164222	14802.487010925302	583201.2988709128	13150	30035	57191	0.09013705234941301	3.5431951231834384	0.004644958800653337	0.08103293310013246	0.09924117159869356	0.08007453325376625	6.697425022280596e-4	0.07876183794939925	0.08138722855813324
SKNSH_skew	[0.2,0.5)	Other cCREs	HCT116	116647	116592	20231.631	16439.303063	116253	-1692.085996946552	327712.69300918246	6866	15391	39527	-0.014555202850219367	2.8187735639322926	0.004924112996498678	-0.024206464323356776	-0.004903941377081958	0.05906084144065099	6.913986096630258e-4	0.05770570016571146	0.060415982715590524
SKNSH_skew	[0.2,0.5)	Other cCREs	HepG2	113710	113665	19981.124	16242.51857	113456	-842.7709954695289	345524.5301875674	7115	18965	37713	-0.007428174759109513	3.04542126779191	0.005180956598256865	-0.017582849691692968	0.0027265001734739407	0.06271153574954168	7.197747712162466e-4	0.06130077719795783	0.06412229430112552
SKNSH_skew	[0.2,0.5)	Other cCREs	K562	162375	162326	29871.578	25874.892662	162092	-2715.729976532865	465851.0404208176	9525	26572	50484	-0.016754250527680977	2.873728587030898	0.004210581555170264	-0.02500699037581469	-0.00850151067954726	0.058762924758778964	5.841446777293184e-4	0.0576180011904295	0.05990784832712843
SKNSH_skew	[0.2,0.5)	Other cCREs	MCF-7	135075	135020	26175.591	24722.112577	134942	-13701.718984180256	420053.89605879266	7908	22516	37055	-0.10153783836152018	3.1025607719766564	0.00479497753977195	-0.11093599433947321	-0.09213968238356715	0.058602955343777324	6.393999573817544e-4	0.057349731427309085	0.059856179260245564
SKNSH_skew	[0.2,0.5)	Other cCREs	SK-N-SH	192519	192440	37941.49	34098.277438	192357	23709.827995559797	743230.0559821626	17748	41731	56209	0.12325950184063901	3.8486327143146184	0.0044730034791781725	0.11449241502144979	0.13202658865982822	0.09226594301221167	6.598512287792589e-4	0.09097263460380432	0.09355925142061901
SKNSH_skew	[0.2,0.5)	PLS	H1	57760	57748	8161.593	2387.884185	57728	36161.5379827374	421992.0523881684	11146	24264	29934	0.6264124511976407	6.91773372496969	0.010946837339168432	0.6049566500128706	0.6478682523824107	0.1930778824833703	0.001642815597659747	0.1898579639119572	0.1962978010547834
SKNSH_skew	[0.2,0.5)	PLS	HCT116	53401	53388	7659.588	2453.993376	53381	29739.49298205694	376346.658198087	9789	23087	27893	0.5571175695857504	6.739945000884432	0.011236597478240552	0.535093838528399	0.5791413006431019	0.18337985425525935	0.001674913965634582	0.18009702288261556	0.18666268562790314
SKNSH_skew	[0.2,0.5)	PLS	HepG2	49506	49497	7045.839	2259.002391	49474	25871.981990480577	351858.2661661703	8874	21641	25741	0.5229409789077207	6.838654348387716	0.011757008016766886	0.4998972431948576	0.5459847146205838	0.17936694021101993	0.0017248732692608576	0.17598618860326865	0.1827476918187712
SKNSH_skew	[0.2,0.5)	PLS	K562	55294	55279	7986.22	2582.402886	55266	30020.66698695501	378184.72931772703	9900	23819	28535	0.5432031807432238	6.548039582418891	0.010884954842739184	0.521868669251455	0.5645376922349926	0.17913364455542286	0.0016311571062581503	0.1759365766271569	0.18233071248368882
SKNSH_skew	[0.2,0.5)	PLS	MCF-7	57671	57658	8322.467	2600.044111	57639	36099.57098225109	408277.9132782718	11019	24705	30063	0.6263046024783756	6.691220823494797	0.010774433936258467	0.605186711963309	0.6474224929934422	0.1911726435226149	0.0016378818483440624	0.18796239509986054	0.19438289194536926
SKNSH_skew	[0.2,0.5)	PLS	SK-N-SH	63701	63678	9215.344	2799.858858	63666	43668.303975503426	458222.5502385633	12578	26806	32826	0.6858967734034402	6.7269394713227815	0.010279097311410277	0.6657497426730761	0.7060438041338044	0.1975622781390381	0.0015779887345956306	0.19446942021923067	0.20065513605884552
SKNSH_skew	[0.2,0.5)	dELS	H1	27938	27933	4913.813	3873.899427	27922	9006.006008741559	122673.5956629972	3076	5121	10503	0.3225415804291082	4.289559265484175	0.012394615957938969	0.2982481331515478	0.3468350277066686	0.11016402836473033	0.001873706752333239	0.10649156313015717	0.11383649359930348
SKNSH_skew	[0.2,0.5)	dELS	HCT116	73574	73542	14345.846	13813.907322	73502	7713.3700197483395	246679.8116933089	5620	13624	26907	0.10494095425632417	3.345129498685792	0.0067461639159873	0.09171847298098906	0.11816343553165928	0.07646050447606868	9.801594643701202e-4	0.07453939192590325	0.07838161702623411
SKNSH_skew	[0.2,0.5)	dELS	HepG2	57629	57623	10864.929	9819.934009	57606	8634.171010428345	210961.19809610973	4862	11561	18327	0.14988318943214846	3.6397375402649796	0.007948792754715696	0.1343035556329057	0.16546282323139122	0.08440093045863278	0.001158223649664694	0.08213081210528998	0.08667104881197558
SKNSH_skew	[0.2,0.5)	dELS	K562	74374	74365	14224.522	13103.536734	74306	4404.863006076079	235558.30946822616	4948	13647	22977	0.05928004476187763	3.166640051033659	0.006528109170159353	0.0464849507883653	0.07207513873538995	0.06658950824967028	9.145917958590851e-4	0.06479690832978648	0.06838210816955408
SKNSH_skew	[0.2,0.5)	dELS	MCF-7	51009	51003	10053.205	9562.221167	50966	5026.038007136898	198061.44638676927	4446	11122	18506	0.09861550851816697	3.8764995799639723	0.00872126726384186	0.08152182468103693	0.11570919235529702	0.08723462700623945	0.0012499244324944711	0.08478477511855029	0.08968447889392861
SKNSH_skew	[0.2,0.5)	dELS	SK-N-SH	27183	27181	5171.996	4254.631164	27159	11272.936983218411	152983.26034215587	3878	6039	11742	0.41507187242602495	5.460791710758923	0.01417982654299359	0.3872794124017575	0.4428643324502924	0.1427887624728451	0.0021229220853588534	0.13862783518554175	0.14694968976014847
SKNSH_skew	[0.2,0.5)	non-cCRE	H1	6763308	6756065	1315407.609	1431204.601783	6684153	-1068605.6812593325	8426674.723340318	84831	226574	59592	-0.15987151719287881	1.235135752717242	4.2986704841152924e-4	-0.16071405660776542	-0.15902897777799221	0.012691361194155789	4.3296957515766694e-5	0.012606499157424886	0.012776223230886691
SKNSH_skew	[0.2,0.5)	non-cCRE	HCT116	6763308	6756065	1315407.609	1431204.601783	6684153	-1068605.6812593325	8426674.723340318	84831	226574	59592	-0.15987151719287881	1.235135752717242	4.2986704841152924e-4	-0.16071405660776542	-0.15902897777799221	0.012691361194155789	4.3296957515766694e-5	0.012606499157424886	0.012776223230886691
SKNSH_skew	[0.2,0.5)	non-cCRE	HepG2	6763308	6756065	1315407.609	1431204.601783	6684153	-1068605.6812593325	8426674.723340318	84831	226574	59592	-0.15987151719287881	1.235135752717242	4.2986704841152924e-4	-0.16071405660776542	-0.15902897777799221	0.012691361194155789	4.3296957515766694e-5	0.012606499157424886	0.012776223230886691
SKNSH_skew	[0.2,0.5)	non-cCRE	K562	6763308	6756065	1315407.609	1431204.601783	6684153	-1068605.6812593325	8426674.723340318	84831	226574	59592	-0.15987151719287881	1.235135752717242	4.2986704841152924e-4	-0.16071405660776542	-0.15902897777799221	0.012691361194155789	4.3296957515766694e-5	0.012606499157424886	0.012776223230886691
SKNSH_skew	[0.2,0.5)	non-cCRE	MCF-7	6763308	6756065	1315407.609	1431204.601783	6684153	-1068605.6812593325	8426674.723340318	84831	226574	59592	-0.15987151719287881	1.235135752717242	4.2986704841152924e-4	-0.16071405660776542	-0.15902897777799221	0.012691361194155789	4.3296957515766694e-5	0.012606499157424886	0.012776223230886691
SKNSH_skew	[0.2,0.5)	non-cCRE	SK-N-SH	6763308	6756065	1315407.609	1431204.601783	6684153	-1068605.6812593325	8426674.723340318	84831	226574	59592	-0.15987151719287881	1.235135752717242	4.2986704841152924e-4	-0.16071405660776542	-0.15902897777799221	0.012691361194155789	4.3296957515766694e-5	0.012606499157424886	0.012776223230886691
SKNSH_skew	[0.2,0.5)	pELS	H1	32903	32899	4660.603	1586.183101	32901	20172.33501754236	194403.3933532505	5439	13415	15545	0.6131222460576383	5.532987416385039	0.012968068388862539	0.5877048320154677	0.6385396600998089	0.16531412419075409	0.002047915172193386	0.16130021045325504	0.16932803792825313
SKNSH_skew	[0.2,0.5)	pELS	HCT116	56430	56412	8301.062	3621.616418	56420	25229.443012848027	278166.5315047945	7458	23435	25136	0.4471719782496992	4.730403437895056	0.009156564308619126	0.4292251122048057	0.46511884429459266	0.13218716767103864	0.0014259068047306456	0.12939239033376657	0.1349819450083107
SKNSH_skew	[0.2,0.5)	pELS	HepG2	47802	47793	7015.662	2980.697742	47775	23066.507010716123	242398.7823720268	6600	19940	20687	0.4828154267025876	4.840748460399164	0.010065976453130608	0.4630861128544516	0.5025447405507236	0.13814756671899528	0.00157865681255907	0.1350533993663795	0.14124173407161106
SKNSH_skew	[0.2,0.5)	pELS	K562	83817	83810	12474.406	5617.441374	83725	35300.82602077932	370414.045222032	10236	33934	33158	0.4216282594300307	4.246455250471173	0.007121733167851622	0.4076696624210415	0.43558685643901984	0.12225739026575097	0.0011321228947971872	0.12003842939194849	0.12447635113955345
SKNSH_skew	[0.2,0.5)	pELS	MCF-7	57708	57697	8554.485	3480.571119	57707	32623.2110189197	288451.7197418067	8640	24252	26166	0.5653250215557852	4.679045545858611	0.009004599215957535	0.5476760070925084	0.5829740360190621	0.14972187083022856	0.0014852818637310162	0.14681071837731577	0.15263302328314135
SKNSH_skew	[0.2,0.5)	pELS	SK-N-SH	53431	53423	7649.934	2503.710942	53428	34527.036028077244	296266.7815561772	8769	22594	25290	0.6462348586523404	5.127635976358179	0.009796571992092567	0.627033577547839	0.6654361397568419	0.16412742382271467	0.0016024192597262536	0.16098668207365122	0.16726816557177812
SKNSH_skew	[0.5,1.0)	Inactive cCRE	H1	740010	739570	167785.031	208255.183479	737729	-54855.50292887424	1674039.908168882	31377	68192	102283	-0.07435725439676932	2.2636540887461734	0.0017516873891645958	-0.07779056167953192	-0.07092394711400672	0.042531878237130435	2.3494760089407994e-4	0.04207138093937804	0.04299237553488283
SKNSH_skew	[0.5,1.0)	Inactive cCRE	HCT116	735613	735185	166284.962	205473.557924	733351	-48890.73294095067	1708724.6331968422	32396	67652	100409	-0.06666757520062108	2.325581518486245	0.001780778236842853	-0.07015790054483308	-0.06317724985640909	0.04417529941324141	2.3995120284819367e-4	0.043704995055658946	0.04464560377082387
SKNSH_skew	[0.5,1.0)	Inactive cCRE	HepG2	746135	745687	168451.205	207981.197847	743825	-46579.18493816876	1743662.7127946597	33300	69043	105397	-0.06262116080821263	2.340265802346161	0.0017737696014212328	-0.06609774922699825	-0.05914457238942702	0.04476859476355326	2.3977596195231564e-4	0.04429863387812672	0.04523855564897979
SKNSH_skew	[0.5,1.0)	Inactive cCRE	K562	718286	717854	163035.735	203154.519301	716029	-50926.50693419799	1654304.489689398	31112	62266	96829	-0.07112352563122162	2.305332217410709	0.0017943264281405512	-0.0746404054303771	-0.06760664583206615	0.043450754089569	2.4092785817787684e-4	0.04297853548754036	0.04392297269159764
SKNSH_skew	[0.5,1.0)	Inactive cCRE	MCF-7	734768	734335	165838.113	205162.929447	732431	-50347.4729280593	1672556.756196381	31420	65735	102562	-0.06874022662620684	2.2788469334915957	0.0017639010506903176	-0.07219747268555986	-0.06528298056685382	0.04289823887847456	2.3676387027665366e-4	0.042434181692732324	0.0433622960642168
SKNSH_skew	[0.5,1.0)	Inactive cCRE	SK-N-SH	726322	725887	164055.802	204263.72781	723998	-65339.80692234149	1583651.870647973	28494	62007	98991	-0.09024860140821037	2.1792287046174903	0.0017349330573655979	-0.09364907020064694	-0.08684813261577379	0.03935646231066937	2.285180325405168e-4	0.038908566966889956	0.03980435765444878
SKNSH_skew	[0.5,1.0)	Other cCREs	H1	42425	42409	7702.107	6474.517507	42348	6199.616002891678	164636.23266294014	3832	7959	15036	0.14639690192905636	3.86635719382641	0.009555084558676262	0.1276689361940509	0.16512486766406181	0.0904883347501653	0.0013940680778953454	0.08775596131749042	0.09322070818284017
SKNSH_skew	[0.5,1.0)	Other cCREs	HCT116	29533	29516	5682.825	5555.119237	29446	274.44401144271217	88214.00364030992	1880	4030	10195	0.009320247620821577	2.9958038972377388	0.010086570696559168	-0.010449430944434393	0.029089926186077544	0.06384568362426137	0.0014247095613964434	0.06105325288392434	0.06663811436459839
SKNSH_skew	[0.5,1.0)	Other cCREs	HepG2	28049	28041	5267.603	4811.280327	27997	813.5859935883215	90375.08671159178	1943	4826	9794	0.029059756173458635	3.2272983319399904	0.010736526691220563	0.008016163858666332	0.05010334848825094	0.06940029288852377	0.0015188201797980113	0.06642340533611966	0.07237718044092788
SKNSH_skew	[0.5,1.0)	Other cCREs	K562	40704	40687	7986.123	7608.546775	40638	962.4940080191014	125603.45716684531	2658	6841	13000	0.02368458113143121	3.090303440200405	0.008720359709511469	0.00659267610078873	0.04077648616207369	0.0654067621438063	0.0012264687288445438	0.06300288343527098	0.0678106408523416
SKNSH_skew	[0.5,1.0)	Other cCREs	MCF-7	34306	34289	7027.515	7269.601047	34281	-2356.1079934377904	118065.6629831186	2298	5860	9416	-0.06872926674944693	3.4394320130789704	0.010016514488607324	-0.08836163514711728	-0.04909689835177658	0.06703421720486567	0.0013506859679058214	0.06438687270777026	0.06968156170196109
SKNSH_skew	[0.5,1.0)	Other cCREs	SK-N-SH	49549	49532	10289.513	10018.837263	49514	9342.990992529783	211571.49727257705	5140	11078	14619	0.18869392479964825	4.237443330697571	0.009250984332820863	0.17056199550731935	0.20682585409197715	0.10380902371046573	0.0013707360366303544	0.10112238107867023	0.10649566634226122
SKNSH_skew	[0.5,1.0)	PLS	H1	15305	15302	2179.71	647.642626	15298	13206.226996128911	132116.10356636584	3484	6475	7723	0.8632649363399733	7.891457858355323	0.022712309231124685	0.8187488102469689	0.9077810624329776	0.22774218852137534	0.003390670373302918	0.22109647458970164	0.23438790245304905
SKNSH_skew	[0.5,1.0)	PLS	HCT116	14130	14126	2000.566	617.118144	14126	11053.057998282024	116036.85910809402	3035	6124	7157	0.7824619848705949	7.602708772238476	0.023199283732416996	0.7369913887550577	0.8279325809861322	0.21485204587285855	0.003455698921682063	0.2080788759863617	0.2216252157593554
SKNSH_skew	[0.5,1.0)	PLS	HepG2	12979	12977	1861.408	618.779714	12972	9373.872005918183	107317.82554188784	2693	5706	6604	0.7226234972184847	7.75144903018216	0.02444488383764203	0.6747115248967064	0.7705354695402631	0.2076009867406722	0.003561092049328923	0.2006212463239875	0.2145807271573569
SKNSH_skew	[0.5,1.0)	PLS	K562	14378	14373	2087.457	712.909953	14374	10716.380996783611	114628.7306188327	2995	6181	7256	0.7455392372884104	7.419414743198958	0.022719355337311384	0.7010093008272801	0.7900691737495408	0.2083623208571031	0.003387536640031666	0.20172274904264104	0.21500189267156516
SKNSH_skew	[0.5,1.0)	PLS	MCF-7	15230	15226	2189.781	672.233001	15223	13106.394997985344	126998.8779918849	3411	6477	7689	0.8609600603025254	7.601812860601151	0.0223464460506322	0.8171610260432862	0.9047590945617645	0.2240688431977928	0.003379498109089893	0.2174450269039766	0.230692659491609
SKNSH_skew	[0.5,1.0)	PLS	SK-N-SH	16660	16655	2397.995	710.303247	16653	14939.987997698598	138727.74808393477	3793	6990	8358	0.8971349305049299	7.526096744527681	0.021258795650589475	0.8554676910297745	0.9388021699800853	0.2277667687503753	0.00324992383175842	0.2213969180401288	0.2341366194606218
SKNSH_skew	[0.5,1.0)	dELS	H1	7342	7341	1395.511	1260.814355	7335	2782.8199977092436	43299.55254484697	973	1437	2904	0.3793892294082132	5.759991902145391	0.028022758065858546	0.3244646235991304	0.43431383521729594	0.13265167007498296	0.003960527883768159	0.12488903542279738	0.14041430472716857
SKNSH_skew	[0.5,1.0)	dELS	HCT116	19674	19666	4133.35	4436.198962	19657	2870.4259947710684	76701.95810626281	1676	3696	7583	0.14602563945521027	3.8808914486603334	0.014050996605370292	0.1184856861086845	0.17356559280173606	0.08526224754540368	0.0019919024747045958	0.08135811869498268	0.08916637639582468
SKNSH_skew	[0.5,1.0)	dELS	HepG2	14343	14342	2870.395	2807.870171	14340	2826.2010120998593	61248.86142397627	1388	2943	4792	0.19708514728729842	4.232642386585051	0.017180318575184896	0.16341172287993602	0.23075857169466082	0.09679218967921897	0.0024691042325184496	0.09195274538348282	0.10163163397495513
SKNSH_skew	[0.5,1.0)	dELS	K562	18806	18803	3951.094	4123.302322	18787	1419.700997405104	71248.02989987737	1419	3530	6147	0.07556826515170618	3.786902244142942	0.014197547470908178	0.047741072108726156	0.10339545819468621	0.07553095225421834	0.0019278797866855858	0.0717523078723146	0.07930959663612208
SKNSH_skew	[0.5,1.0)	dELS	MCF-7	13938	13935	2898.459	2960.690201	13934	2291.0919972307743	63065.004023525646	1412	3103	5273	0.16442457278819966	4.499267365295522	0.017969376061818722	0.12920459570703496	0.19964454986936436	0.10133486436055691	0.0025564687527007946	0.09632418560526336	0.10634554311585047
SKNSH_skew	[0.5,1.0)	dELS	SK-N-SH	7135	7135	1510.945	1400.416199	7132	3283.899998529582	47830.48838735865	1111	1621	3248	0.460445877527984	6.495362525707692	0.03017838748022921	0.40129623806673476	0.5195955169892332	0.15577678070667414	0.004294121627567973	0.1473603023166409	0.16419325909670737
SKNSH_skew	[0.5,1.0)	non-cCRE	H1	1296258	1294511	271943.64	330770.003258	1282179	-230563.44457727345	1649695.998983668	15342	49616	14416	-0.17982157294517648	1.2542998848179618	9.890684790497767e-4	-0.18176014716411404	-0.17788299872623892	0.011965567990116825	9.602368522282753e-5	0.011777361567080083	0.012153774413153568
SKNSH_skew	[0.5,1.0)	non-cCRE	HCT116	1296258	1294511	271943.64	330770.003258	1282179	-230563.44457727345	1649695.998983668	15342	49616	14416	-0.17982157294517648	1.2542998848179618	9.890684790497767e-4	-0.18176014716411404	-0.17788299872623892	0.011965567990116825	9.602368522282753e-5	0.011777361567080083	0.012153774413153568
SKNSH_skew	[0.5,1.0)	non-cCRE	HepG2	1296258	1294511	271943.64	330770.003258	1282179	-230563.44457727345	1649695.998983668	15342	49616	14416	-0.17982157294517648	1.2542998848179618	9.890684790497767e-4	-0.18176014716411404	-0.17788299872623892	0.011965567990116825	9.602368522282753e-5	0.011777361567080083	0.012153774413153568
SKNSH_skew	[0.5,1.0)	non-cCRE	K562	1296258	1294511	271943.64	330770.003258	1282179	-230563.44457727345	1649695.998983668	15342	49616	14416	-0.17982157294517648	1.2542998848179618	9.890684790497767e-4	-0.18176014716411404	-0.17788299872623892	0.011965567990116825	9.602368522282753e-5	0.011777361567080083	0.012153774413153568
SKNSH_skew	[0.5,1.0)	non-cCRE	MCF-7	1296258	1294511	271943.64	330770.003258	1282179	-230563.44457727345	1649695.998983668	15342	49616	14416	-0.17982157294517648	1.2542998848179618	9.890684790497767e-4	-0.18176014716411404	-0.17788299872623892	0.011965567990116825	9.602368522282753e-5	0.011777361567080083	0.012153774413153568
SKNSH_skew	[0.5,1.0)	non-cCRE	SK-N-SH	1296258	1294511	271943.64	330770.003258	1282179	-230563.44457727345	1649695.998983668	15342	49616	14416	-0.17982157294517648	1.2542998848179618	9.890684790497767e-4	-0.18176014716411404	-0.17788299872623892	0.011965567990116825	9.602368522282753e-5	0.011777361567080083	0.012153774413153568
SKNSH_skew	[0.5,1.0)	pELS	H1	8873	8872	1240.307	410.424621	8872	7083.167012892779	60059.03981019387	1663	3641	4241	0.7983731980266884	6.132795525865575	0.026291688365839446	0.7468414888296431	0.8499049072237337	0.18744364292155094	0.004143347297969124	0.17932268221753145	0.19556460362557043
SKNSH_skew	[0.5,1.0)	pELS	HCT116	15005	15001	2200.963	966.588321	15002	9109.132017203256	84473.3827017202	2342	6202	6843	0.6071945085457443	5.2624736859713455	0.018729250058586312	0.5704851784309152	0.6439038386605734	0.1561125183308892	0.002963374616582032	0.15030430408238843	0.16192073257939
SKNSH_skew	[0.5,1.0)	pELS	HepG2	12449	12447	1852.055	829.454529	12448	7981.8530073107695	71546.3502811132	2005	5186	5600	0.641215697888076	5.336889277302996	0.020705909263941478	0.6006321157307507	0.6817992800454012	0.16107005141388175	0.0032947347615632067	0.15461237128121788	0.16752773154654563
SKNSH_skew	[0.5,1.0)	pELS	K562	21781	21777	3242.257	1449.304237	21754	12244.25801273854	108366.1293782768	3145	8886	8955	0.5628508785850207	4.664847974908529	0.01464364477834786	0.5341493348194589	0.5915524223505825	0.14457111335846282	0.002384312395238037	0.13989786106379626	0.14924436565312937
SKNSH_skew	[0.5,1.0)	pELS	MCF-7	15713	15709	2348.798	983.128892	15713	11722.42100702936	93464.53555831878	2788	6529	7247	0.7460332849888219	5.392007338748898	0.018524465339747914	0.7097253329229161	0.7823412370547278	0.1774326990390123	0.003047705472278235	0.17145919631334694	0.18340620176467765
SKNSH_skew	[0.5,1.0)	pELS	SK-N-SH	14289	14285	2048.411	655.2980689999999	14285	12189.255014331897	92369.2323613864	2791	6008	6971	0.8532905155290093	5.738466582630396	0.020042772922463818	0.8140066806009801	0.8925743504570384	0.19537976898844941	0.003317379431178681	0.1888777053033392	0.20188183267355964
SKNSH_skew	[1.0,1.5)	Inactive cCRE	H1	138940	138858	32791.192	43130.242394	138521	-11537.58498068818	315938.32447843405	5837	13238	20878	-0.08329123368072841	2.273876297947562	0.004051591098740979	-0.09123235223426072	-0.0753501151271961	0.042138015174594465	5.397972867835348e-4	0.041080012492498735	0.043196017856690194
SKNSH_skew	[1.0,1.5)	Inactive cCRE	HCT116	138054	137974	32339.902	42163.281992	137637	-10052.744980680523	324834.39023589133	6091	13153	20423	-0.07303810007977886	2.3547629751076458	0.0041362425726727626	-0.08114513552221747	-0.06493106463734025	0.044254088653487074	5.543452444158243e-4	0.04316757197443206	0.04534060533254209
SKNSH_skew	[1.0,1.5)	Inactive cCRE	HepG2	140609	140528	32980.244	43032.968092	140189	-9157.396980617776	334395.35238970607	6371	13531	21604	-0.06532179401106916	2.3810680999119795	0.004121249803174559	-0.0733994436252913	-0.057244144396847024	0.04544579103923988	5.562757951281978e-4	0.044355490480788615	0.04653609159769115
SKNSH_skew	[1.0,1.5)	Inactive cCRE	K562	134895	134813	31890.114	42062.302014	134496	-9917.025987011144	317137.64703015407	5949	12133	19731	-0.07373472807378022	2.352551528426344	0.004182297171082894	-0.0819320305291027	-0.06553742561845774	0.04423179871520343	5.606462282641983e-4	0.0431329321078056	0.04533066532260126
SKNSH_skew	[1.0,1.5)	Inactive cCRE	MCF-7	138109	138027	32597.585	42886.931271	137685	-10469.12098343856	316796.6240220437	5898	12759	20937	-0.07603675769647064	2.295114799152632	0.004082807390338716	-0.08403906018153452	-0.06803445521140676	0.04283691033881686	5.457059972342004e-4	0.04176732658423783	0.04390649409339589
SKNSH_skew	[1.0,1.5)	Inactive cCRE	SK-N-SH	136435	136357	32256.928	42691.931948	136009	-13761.489977057558	299464.29388203373	5310	12064	20169	-0.10118073051825657	2.191576203408148	0.004014158015723636	-0.1090484802290749	-0.09331298080743824	0.03904153401613129	5.252087122955425e-4	0.038012124940032026	0.04007094309223055
SKNSH_skew	[1.0,1.5)	Other cCREs	H1	8842	8842	1678.773	1523.789517	8832	1968.617996791494	37322.71843939769	932	1661	3132	0.22289605941932678	4.176641517994667	0.021746234676353372	0.18027343945367416	0.26551867938497936	0.10552536231884058	0.0032691354212446397	0.09911785689320109	0.11193286774448007
SKNSH_skew	[1.0,1.5)	Other cCREs	HCT116	5853	5853	1253.391	1437.806863	5842	74.38099975686035	17500.36739442962	399	771	2115	0.012732112248692288	2.995963082895317	0.022645788789452528	-0.03165363377863467	0.05711785827601924	0.06829852790140363	0.003300374979678571	0.061829792941233634	0.07476726286157363
SKNSH_skew	[1.0,1.5)	Other cCREs	HepG2	5594	5594	1105.748	1140.45959	5588	397.80400106462207	19410.869062085836	440	924	1933	0.07118897656847209	3.4692231613343836	0.024916550635791606	0.022352537322320544	0.12002541581462364	0.07874015748031496	0.0036029730297185703	0.07167833034206657	0.08580198461856335
SKNSH_skew	[1.0,1.5)	Other cCREs	K562	8149	8149	1560.625	1506.432393	8128	364.6720011743018	26426.979152442676	597	1313	2644	0.04486614187675957	3.249737630946168	0.019995501557788214	0.005674958823494676	0.08405732493002446	0.0734498031496063	0.0028935963434930036	0.06777835431636	0.07912125198285258
SKNSH_skew	[1.0,1.5)	Other cCREs	MCF-7	6753	6753	1348.569	1359.182739	6746	-333.86599709244996	24422.79787084455	495	1110	1910	-0.04949095717350281	3.6184246883737226	0.023159895769809584	-0.0948843528823296	-0.004097561464676026	0.07337681589089831	0.0031747376588595498	0.0671543300795336	0.07959930170226302
SKNSH_skew	[1.0,1.5)	Other cCREs	SK-N-SH	9954	9950	1967.217	1834.806605	9950	2696.5859944389663	45951.56715456962	1162	2170	3014	0.27101366778281066	4.545256356792135	0.02137310656174511	0.22912237892179024	0.3129049566438311	0.11678391959798995	0.0032196856134378885	0.11047333579565169	0.12309450340032821
SKNSH_skew	[1.0,1.5)	PLS	H1	3254	3253	467.899	128.159123	3254	3575.6539965030943	32175.701183760943	837	1336	1534	1.0988488004004593	8.683245643730837	0.05165736736291831	0.9976003603691395	1.2000972404317791	0.2572218807621389	0.0076625748756171865	0.24220323400592925	0.2722405275183486
SKNSH_skew	[1.0,1.5)	PLS	HCT116	2966	2965	421.405	114.261083	2966	2917.390998481309	27786.55099046044	722	1227	1408	0.9836112604454852	8.403700625036064	0.053229172288770006	0.879282082759496	1.0879404381314743	0.24342548887390425	0.007879947155583121	0.22798079244896133	0.25887018529884714
SKNSH_skew	[1.0,1.5)	PLS	HepG2	2689	2688	375.959	94.083391	2689	2486.468997400022	25217.532136723607	634	1143	1280	0.9246816650799636	8.526168096740346	0.05630948355776616	0.814315077306742	1.0350482528531852	0.23577538118259575	0.008185860488765897	0.2197310946246146	0.2518196677405769
SKNSH_skew	[1.0,1.5)	PLS	K562	2999	2998	427.804	112.34998	2999	2693.294999112142	26552.526013044495	681	1270	1438	0.8980643544888769	8.049957898004912	0.05180940105181124	0.7965179284273268	0.999610780550427	0.2270756918972991	0.007650072889889843	0.212081549033115	0.2420698347614832
SKNSH_skew	[1.0,1.5)	PLS	MCF-7	3209	3208	457.575	117.611141	3209	3435.05599574931	30723.535094085073	805	1335	1515	1.0704443738701497	8.430953469297474	0.051257035845653456	0.9699805836126689	1.1709081641276304	0.25085696478653785	0.007652627889776839	0.23585781412257525	0.2658561154505005
SKNSH_skew	[1.0,1.5)	PLS	SK-N-SH	3506	3505	509.257	139.152101	3506	3872.107996605219	33392.83043859729	886	1439	1660	1.104423273418488	8.30709964335425	0.048676433934504895	1.0090174629068585	1.1998290839301176	0.2527096406160867	0.0073392154826437276	0.23832477827010498	0.2670945029620684
SKNSH_skew	[1.0,1.5)	dELS	H1	1462	1462	274.121	239.084255	1460	512.6650001809462	7647.201758163862	187	276	554	0.3511404110828399	5.118015325053146	0.059207178185305694	0.23509434183964073	0.46718648032603904	0.12808219178082192	0.00874592444926327	0.11094017986026591	0.14522420370137792
SKNSH_skew	[1.0,1.5)	dELS	HCT116	4277	4276	986.15	1172.5576	4274	1146.417997776415	16723.73408881607	443	817	1612	0.2682306967188617	3.8418510626120894	0.02998147557311738	0.20946700459555162	0.32699438884217175	0.10364997660271409	0.004662363845641631	0.0945117434652565	0.11278820974017169
SKNSH_skew	[1.0,1.5)	dELS	HepG2	2847	2846	634.927	688.492255	2843	769.5539982744953	12100.152937757102	301	568	980	0.2706837841275045	4.184323416401727	0.038364027405952676	0.19549029041183724	0.34587727784317174	0.10587407667956385	0.00577039750457634	0.09456409757059422	0.11718405578853347
SKNSH_skew	[1.0,1.5)	dELS	K562	3814	3814	919.798	1120.01423	3808	541.9120010966432	13531.630800498966	314	734	1310	0.1423088238173958	3.5341507593933206	0.030464500794600464	0.08259840225997889	0.2020192453748127	0.08245798319327731	0.004457392364536959	0.07372149415878487	0.09119447222776975
SKNSH_skew	[1.0,1.5)	dELS	MCF-7	2917	2917	588.37	562.908838	2917	827.575001613936	13240.450798152104	347	637	1093	0.2837075768302832	4.460103394992763	0.03910247515938411	0.20706672551789035	0.36034842814267604	0.11895783339046966	0.005994136869782301	0.10720932512569635	0.13070634165524297
SKNSH_skew	[1.0,1.5)	dELS	SK-N-SH	1448	1448	311.77	301.796938	1447	847.4840009083275	8370.828728941284	241	319	654	0.585683483696149	5.445692494407016	0.06134685335299973	0.4654436511242695	0.7059233162680285	0.16655148583275742	0.00979443477651123	0.14735439367079542	0.18574857799471942
SKNSH_skew	[1.0,1.5)	non-cCRE	H1	209357	209212	45018.399	55928.860521	207447	-44414.11794058093	282986.3270714508	2352	8558	2745	-0.2140986273148367	1.318306091160944	0.0025208937993764858	-0.21903957916161462	-0.20915767546805877	0.011337835688151672	2.324531614651348e-4	0.010882227491680007	0.011793443884623337
SKNSH_skew	[1.0,1.5)	non-cCRE	HCT116	209357	209212	45018.399	55928.860521	207447	-44414.11794058093	282986.3270714508	2352	8558	2745	-0.2140986273148367	1.318306091160944	0.0025208937993764858	-0.21903957916161462	-0.20915767546805877	0.011337835688151672	2.324531614651348e-4	0.010882227491680007	0.011793443884623337
SKNSH_skew	[1.0,1.5)	non-cCRE	HepG2	209357	209212	45018.399	55928.860521	207447	-44414.11794058093	282986.3270714508	2352	8558	2745	-0.2140986273148367	1.318306091160944	0.0025208937993764858	-0.21903957916161462	-0.20915767546805877	0.011337835688151672	2.324531614651348e-4	0.010882227491680007	0.011793443884623337
SKNSH_skew	[1.0,1.5)	non-cCRE	K562	209357	209212	45018.399	55928.860521	207447	-44414.11794058093	282986.3270714508	2352	8558	2745	-0.2140986273148367	1.318306091160944	0.0025208937993764858	-0.21903957916161462	-0.20915767546805877	0.011337835688151672	2.324531614651348e-4	0.010882227491680007	0.011793443884623337
SKNSH_skew	[1.0,1.5)	non-cCRE	MCF-7	209357	209212	45018.399	55928.860521	207447	-44414.11794058093	282986.3270714508	2352	8558	2745	-0.2140986273148367	1.318306091160944	0.0025208937993764858	-0.21903957916161462	-0.20915767546805877	0.011337835688151672	2.324531614651348e-4	0.010882227491680007	0.011793443884623337
SKNSH_skew	[1.0,1.5)	non-cCRE	SK-N-SH	209357	209212	45018.399	55928.860521	207447	-44414.11794058093	282986.3270714508	2352	8558	2745	-0.2140986273148367	1.318306091160944	0.0025208937993764858	-0.21903957916161462	-0.20915767546805877	0.011337835688151672	2.324531614651348e-4	0.010882227491680007	0.011793443884623337
SKNSH_skew	[1.0,1.5)	pELS	H1	1933	1933	277.272	93.660402	1933	1549.334000009926	13686.831164866951	374	832	936	0.8015178479099462	6.441517759567954	0.05772689218652533	0.6883731392243565	0.9146625565955359	0.19348163476461458	0.008984855101603278	0.17587131876547216	0.211091950763757
SKNSH_skew	[1.0,1.5)	pELS	HCT116	3281	3280	488.409	227.028153	3281	1983.2409974632296	19925.73431502623	512	1375	1476	0.6044623582637091	5.709432861187297	0.041715107775952234	0.5227007470228427	0.6862239695045754	0.15604998476074367	0.006335590702131097	0.1436322269845667	0.16846774253692062
SKNSH_skew	[1.0,1.5)	pELS	HepG2	2692	2692	392.379	158.932363	2691	1572.2559966759286	15646.870498351016	421	1177	1237	0.5842645844206349	5.475188476524276	0.04510686957482954	0.495855120053969	0.6726740487873007	0.15644741731698253	0.007002988769279085	0.14272155932919553	0.17017327530476953
SKNSH_skew	[1.0,1.5)	pELS	K562	4574	4574	690.916	313.837074	4569	2385.832998425351	23121.994028483372	626	1893	1911	0.5221783756676189	4.789002545698646	0.0323751623496037	0.45872305746239567	0.5856336938728421	0.13701028671481724	0.005087082935489217	0.12703960416125837	0.14698096926837612
SKNSH_skew	[1.0,1.5)	pELS	MCF-7	3443	3443	497.158	188.301702	3443	2609.041995965061	21587.369239498184	622	1502	1579	0.7577815846543888	5.697351906265523	0.04067878859423531	0.6780511590096876	0.8375120102990901	0.18065640429857682	0.006556788897920867	0.16780509805865193	0.19350771053850171
SKNSH_skew	[1.0,1.5)	pELS	SK-N-SH	3088	3088	444.085	147.248099	3088	2413.997997902335	19591.25682048162	568	1351	1537	0.7817351029476474	5.735066357977332	0.04309536643484171	0.6972681847353577	0.866202021159937	0.18393782383419688	0.006972018017209809	0.17027266852046566	0.1976029791479281
SKNSH_skew	[1.5,Inf)	Inactive cCRE	H1	46049	46029	9714.195	11519.683007	45941	-4800.612998574741	102685.22059288585	1862	4336	7054	-0.1044951785676137	2.2242834061899384	0.006958166855140663	-0.1181331856036894	-0.090857171531538	0.04053024531464269	9.200364606151829e-4	0.03872697385183693	0.042333516777448454
SKNSH_skew	[1.5,Inf)	Inactive cCRE	HCT116	45817	45798	9530.692	11114.360218	45717	-4719.130998394685	103878.3096437221	1908	4261	6907	-0.10322486161372542	2.2615972088432006	0.007033455885393898	-0.11701043514909745	-0.08943928807835339	0.041735021983069755	9.353071826126931e-4	0.03990181990514888	0.04356822406099063
SKNSH_skew	[1.5,Inf)	Inactive cCRE	HepG2	46611	46590	9808.364	11539.04543	46503	-4106.9829967774	107159.28284267378	2023	4429	7266	-0.08831651714464443	2.2966016173159463	0.007027524165243475	-0.10209046450852165	-0.07454256978076722	0.0435025697266843	9.45929727603308e-4	0.04164854746058182	0.045356591992786785
SKNSH_skew	[1.5,Inf)	Inactive cCRE	K562	44644	44625	9488.914	11349.046	44541	-4635.776000126033	100546.0315911488	1840	3951	6698	-0.10407884870402624	2.2465995815493023	0.00710203576789318	-0.11799883880909687	-0.09015885859895562	0.04131025347432703	9.429485336652116e-4	0.039462074348343215	0.04315843260031084
SKNSH_skew	[1.5,Inf)	Inactive cCRE	MCF-7	45888	45868	9681.425	11477.275255	45785	-4692.48799786903	102606.32884539408	1868	4167	7078	-0.10248963629723773	2.2305914174638155	0.00697988719995515	-0.11617021520914983	-0.08880905738532563	0.0407993884459976	9.245277281478548e-4	0.0389873140988278	0.042611462793167396
SKNSH_skew	[1.5,Inf)	Inactive cCRE	SK-N-SH	45414	45395	9585.619	11468.888009	45305	-5451.800000135787	97032.42995017066	1692	4006	6819	-0.12033550381052394	2.1273261709888773	0.00685242000192411	-0.13376624701429518	-0.10690476060675268	0.037346871206268624	8.908179468576517e-4	0.035600868030427626	0.03909287438210962
SKNSH_skew	[1.5,Inf)	Other cCREs	H1	2860	2859	526.03	423.435582	2859	517.1920039164836	10904.927065913227	285	582	991	0.18089961661996629	3.782843677636747	0.036374926106603186	0.10960476145102405	0.2521944717889085	0.09968520461699895	0.0056028044930455465	0.08870370781062968	0.11066670142336822
SKNSH_skew	[1.5,Inf)	Other cCREs	HCT116	1731	1731	396.845	474.838119	1723	99.91599964885972	5302.4279032896275	125	258	580	0.05798955290125347	3.075861683590191	0.04225136677029896	-0.0248231259685325	0.14080223177103943	0.07254788160185723	0.006249071270611106	0.06029970191145946	0.08479606129225499
SKNSH_skew	[1.5,Inf)	Other cCREs	HepG2	1749	1749	321.534	293.243434	1748	18.44600051164151	5652.360263530314	132	332	603	0.010552631871648462	3.235355243089531	0.04302196796019359	-0.07377042533033099	0.0948756890736279	0.07551487414187644	0.006319686013349879	0.06312828955571068	0.0879014587280422
SKNSH_skew	[1.5,Inf)	Other cCREs	K562	2547	2547	474.308	412.863924	2544	158.40000217058676	7877.844439762622	177	447	764	0.06226415179661429	3.0939763263794293	0.03487385357090604	-0.006088601202361543	0.13061690479559013	0.0695754716981132	0.00504440679095968	0.05968843438783224	0.07946250900839417
SKNSH_skew	[1.5,Inf)	Other cCREs	MCF-7	2023	2023	383.949	353.33408099999997	2020	-117.821997717838	6627.051743298159	141	360	563	-0.05832772164249406	3.2789397992134273	0.04028942199092812	-0.1372949887447132	0.02063954545972506	0.06980198019801981	0.00566951478525502	0.05868973121891997	0.08091422917711964
SKNSH_skew	[1.5,Inf)	Other cCREs	SK-N-SH	3009	3007	586.097	485.977331	3009	527.8040036564922	12425.91880102631	316	655	923	0.17540844255782392	4.100178697729103	0.03691393121334406	0.10305713737966957	0.24775974773597828	0.10501827849783982	0.005588926991083501	0.09406398159531615	0.11597257540036349
SKNSH_skew	[1.5,Inf)	PLS	H1	929	929	135.957	32.655181	929	1019.9490004637056	9730.128237753332	244	393	407	1.0978998928565185	9.278368900242581	0.09993738028752103	0.9020226274929772	1.2937771582200597	0.26264800861141013	0.0144383188353062	0.23434890369421	0.2909471135286103
SKNSH_skew	[1.5,Inf)	PLS	HCT116	875	875	124.485	25.870137	875	982.8030020695874	9604.114205259792	227	394	398	1.1232034309366712	9.725659612586238	0.10542788794831003	0.9165647705579836	1.3298420913153588	0.25942857142857145	0.01481795774457859	0.23038537424919742	0.2884717686079455
SKNSH_skew	[1.5,Inf)	PLS	HepG2	747	747	109.866	29.965878	747	706.3900010107322	7809.859829146347	178	335	326	0.9456358781937514	9.573555094092866	0.11320779187858605	0.7237486061117228	1.1675231502757801	0.23828647925033467	0.015587814597674641	0.20773436263889236	0.26883859586177694
SKNSH_skew	[1.5,Inf)	PLS	K562	873	873	124.714	27.834858	873	935.9510016170096	9177.253809620088	225	373	388	1.0721088220126114	9.37363816951256	0.10362080713754208	0.8690120400230289	1.2752056040021937	0.25773195876288657	0.01480326100242759	0.2287175671981285	0.2867463503276446
SKNSH_skew	[1.5,Inf)	PLS	MCF-7	951	951	139.35399999999998	32.29948	951	1147.2470012927663	9972.303082711567	261	412	423	1.206358571285769	9.040328241389624	0.09749937712540463	1.015259792119976	1.397457350451562	0.2744479495268139	0.014470183002923931	0.246086390841083	0.3028095082125448
SKNSH_skew	[1.5,Inf)	PLS	SK-N-SH	1021	1021	150.37	33.003906	1021	1226.903002384002	10818.618144142383	283	423	460	1.2016679749108738	9.161066762603458	0.09472402702271508	1.0160088819463522	1.3873270678753955	0.277179236043095	0.014008214574414597	0.24972313547724242	0.30463533660894765
SKNSH_skew	[1.5,Inf)	dELS	H1	497	497	93.533	88.317457	497	181.49800229922408	2442.017169213224	68	95	175	0.36518712736262393	4.789791199861926	0.09817029510380654	0.17277334895916313	0.5576009057660847	0.13682092555331993	0.015415177127863501	0.10660717838270747	0.16703467272393238
SKNSH_skew	[1.5,Inf)	dELS	HCT116	1413	1411	333.337	396.578749	1412	340.77800281252706	4569.148316528197	124	269	513	0.2413441946264356	3.1799458000659127	0.04745615092556401	0.14833013881233015	0.33435825044054107	0.08781869688385269	0.007532111303010005	0.07305575872995308	0.10258163503775229
SKNSH_skew	[1.5,Inf)	dELS	HepG2	954	954	197.057	200.719503	954	193.3010028612334	3823.615691523432	91	189	316	0.20262159629060106	3.971089961971789	0.06451796722084517	0.07616638053774452	0.3290768120434576	0.09538784067085954	0.009510503986793758	0.07674725285674378	0.1140284284849753
SKNSH_skew	[1.5,Inf)	dELS	K562	1356	1354	249.227	223.789401	1353	109.3110013600672	4424.724204591487	105	262	427	0.08079157528460251	3.2661928968902885	0.04913285680484182	-0.015508824052887449	0.17709197462209247	0.07760532150776053	0.007273697696693254	0.06334887402224175	0.09186176899327932
SKNSH_skew	[1.5,Inf)	dELS	MCF-7	969	968	190.215	183.052443	965	234.84400078514588	3890.571809453492	106	224	333	0.24336165884471075	3.976576539266276	0.06419349424905048	0.11754241011657182	0.3691809075728497	0.10984455958549223	0.010066037512706476	0.09011512606058754	0.1295739931103969
SKNSH_skew	[1.5,Inf)	dELS	SK-N-SH	466	466	86.005	69.235495	466	314.73600053833815	3033.248405201686	87	110	213	0.6753991427861333	6.065969849965929	0.11409251808217014	0.4517778073450799	0.8990204782271868	0.18669527896995708	0.01805096217878745	0.15131539309953368	0.22207516484038048
SKNSH_skew	[1.5,Inf)	non-cCRE	H1	67008	66971	11576.155	11397.990271	66330	-15073.42797759792	88578.85303786071	643	2577	896	-0.22724902725158933	1.2838039348189283	0.004399409138299483	-0.23587186916265632	-0.21862618534052233	0.009693954470073873	3.804347714913246e-4	0.008948302317950877	0.01043960662219687
SKNSH_skew	[1.5,Inf)	non-cCRE	HCT116	67008	66971	11576.155	11397.990271	66330	-15073.42797759792	88578.85303786071	643	2577	896	-0.22724902725158933	1.2838039348189283	0.004399409138299483	-0.23587186916265632	-0.21862618534052233	0.009693954470073873	3.804347714913246e-4	0.008948302317950877	0.01043960662219687
SKNSH_skew	[1.5,Inf)	non-cCRE	HepG2	67008	66971	11576.155	11397.990271	66330	-15073.42797759792	88578.85303786071	643	2577	896	-0.22724902725158933	1.2838039348189283	0.004399409138299483	-0.23587186916265632	-0.21862618534052233	0.009693954470073873	3.804347714913246e-4	0.008948302317950877	0.01043960662219687
SKNSH_skew	[1.5,Inf)	non-cCRE	K562	67008	66971	11576.155	11397.990271	66330	-15073.42797759792	88578.85303786071	643	2577	896	-0.22724902725158933	1.2838039348189283	0.004399409138299483	-0.23587186916265632	-0.21862618534052233	0.009693954470073873	3.804347714913246e-4	0.008948302317950877	0.01043960662219687
SKNSH_skew	[1.5,Inf)	non-cCRE	MCF-7	67008	66971	11576.155	11397.990271	66330	-15073.42797759792	88578.85303786071	643	2577	896	-0.22724902725158933	1.2838039348189283	0.004399409138299483	-0.23587186916265632	-0.21862618534052233	0.009693954470073873	3.804347714913246e-4	0.008948302317950877	0.01043960662219687
SKNSH_skew	[1.5,Inf)	non-cCRE	SK-N-SH	67008	66971	11576.155	11397.990271	66330	-15073.42797759792	88578.85303786071	643	2577	896	-0.22724902725158933	1.2838039348189283	0.004399409138299483	-0.23587186916265632	-0.21862618534052233	0.009693954470073873	3.804347714913246e-4	0.008948302317950877	0.01043960662219687
SKNSH_skew	[1.5,Inf)	pELS	H1	645	645	98.4	35.61029	644	464.0480001089165	3700.126455608669	111	260	287	0.7205714287405536	5.234442807412115	0.09015551442754809	0.5438666204625593	0.8972762370185479	0.17236024844720496	0.01488319914446986	0.14318917812404403	0.2015313187703659
SKNSH_skew	[1.5,Inf)	pELS	HCT116	1144	1144	182.756	88.054294	1143	677.7080020772994	6108.419452574587	186	484	516	0.5929203867692908	4.997016253823355	0.06611991184017653	0.46332535956254484	0.7225154139760368	0.16272965879265092	0.010918000136621663	0.14133037852487246	0.18412893906042938
SKNSH_skew	[1.5,Inf)	pELS	HepG2	919	919	131.294	36.727272	918	570.9200006073809	5017.300894500409	146	381	403	0.621917211990611	5.0842267387709805	0.07442024827814689	0.4760535253654431	0.7677808986157789	0.15904139433551198	0.012070383153850155	0.13538344335396568	0.18269934531705828
SKNSH_skew	[1.5,Inf)	pELS	K562	1560	1560	230.952	86.167334	1559	814.1880031919578	7436.5654762513	223	633	637	0.5222501624066439	4.500228279431809	0.05372720083870622	0.4169448487627797	0.6275554760505081	0.14304041051956382	0.008867199667367437	0.12566069917152364	0.160420121867604
SKNSH_skew	[1.5,Inf)	pELS	MCF-7	1149	1149	173.172	53.740258	1149	810.2930017225447	6366.164040516978	194	503	517	0.705215841359917	5.047676463030628	0.06628049465194137	0.5753060718421119	0.8351256108777221	0.16884247171453437	0.011051532564659499	0.14718146788780176	0.19050347554126698
SKNSH_skew	[1.5,Inf)	pELS	SK-N-SH	1070	1070	160.024	42.596776	1069	764.431001770543	6152.204220833282	192	472	499	0.7150898052109851	5.248658618614183	0.07007051518860967	0.5777515954413102	0.85242801498066	0.1796071094480823	0.011740425937798135	0.15659587460999796	0.20261834428616665
mean_skew	(-Inf,-1.5)	Inactive cCRE	H1	53994	53991	46962.243	101581.079177	53830	-8061.078990450478	171124.19880456832	2825	5166	18789	-0.14975067788315954	3.1566079020839823	0.007657696146664613	-0.16475976233062217	-0.13474159343569692	0.052480029723202676	9.611231374645836e-4	0.05059622837377209	0.05436383107263326
mean_skew	(-Inf,-1.5)	Inactive cCRE	HCT116	52302	52300	46351.518	100291.14377	52132	-9692.040995427174	161528.88272849287	2508	4918	17447	-0.18591346956623905	3.063954302811279	0.007666355399927289	-0.20093952615009653	-0.17088741298238158	0.048108647279981584	9.372448662976842e-4	0.046271647342038126	0.04994564721792504
mean_skew	(-Inf,-1.5)	Inactive cCRE	HepG2	53912	53910	46583.377	100591.90332700001	53743	-7016.12399913731	176584.49397374658	2983	5067	18819	-0.13054954131956367	3.2687384578880208	0.007798824251881792	-0.14583523685325198	-0.11526384578587537	0.055504902964106956	9.876534268903501e-4	0.05356910224740187	0.05744070368081204
mean_skew	(-Inf,-1.5)	Inactive cCRE	K562	48929	48926	43424.167	94617.323729	48771	-8854.6119966812	150715.51631299334	2377	4240	15628	-0.18155485835191404	3.0573696634442222	0.007917592498310966	-0.19707333964860355	-0.16603637705522453	0.04873797953701995	9.749963935276231e-4	0.046826986605705806	0.050648972468334094
mean_skew	(-Inf,-1.5)	Inactive cCRE	MCF-7	54194	54191	46635.293	100680.626751	54032	-6954.195994596113	174472.1233926371	2928	5074	19091	-0.12870513759616733	3.2125461797908956	0.007710795193885035	-0.143818296176182	-0.11359197901615267	0.054190109564702396	9.739494540540542e-4	0.05228116863475645	0.05609905049464834
mean_skew	(-Inf,-1.5)	Inactive cCRE	SK-N-SH	54591	54588	46898.793	101494.056307	54421	-8086.387992391597	167601.7377038314	2806	5061	19513	-0.14858947818657497	3.0577027844841553	0.0074957376083550804	-0.16328112389895094	-0.133897832474199	0.05156097829881847	9.479425603743136e-4	0.049703010880484816	0.053418945717152125
mean_skew	(-Inf,-1.5)	Other cCREs	H1	3917	3917	1863.6	3161.48911	3908	3511.6159909692356	28871.887881541967	760	711	2778	0.8985711338201728	6.582147714101789	0.0410399227520448	0.818132885226165	0.9790093824141807	0.19447287615148415	0.006331291733408316	0.18206354435400385	0.20688220794896445
mean_skew	(-Inf,-1.5)	Other cCREs	HCT116	2820	2819	1204.843	2202.348315	2816	2165.273000009125	16273.590442543857	439	317	2042	0.7689179687532405	5.189581927382098	0.042928909949353077	0.6847773052525085	0.8530586322539725	0.15589488636363635	0.006835934224526624	0.14249645528356417	0.16929331744370854
mean_skew	(-Inf,-1.5)	Other cCREs	HepG2	2978	2977	1586.241	2938.349567	2972	2052.877999274409	18519.64871528358	471	503	2094	0.6907395690694512	5.75619140044181	0.0440091733082606	0.6044815893852604	0.776997548753642	0.15847913862718707	0.006698754962742358	0.14534957890021205	0.1716086983541621
mean_skew	(-Inf,-1.5)	Other cCREs	K562	5313	5313	3303.808	6262.86372	5297	2224.708001430148	27952.1706616702	677	847	3437	0.4199939591146212	5.101549611079225	0.03103387958808794	0.3591675551219688	0.48082036310727355	0.12780819331697188	0.004587439637056867	0.11881681162834042	0.13679957500560333
mean_skew	(-Inf,-1.5)	Other cCREs	MCF-7	2664	2664	1664.306	3155.201802	2653	1185.7239966037455	15609.584997669974	373	405	1668	0.4469370511133605	5.686139144492288	0.04629564258775333	0.356197591641364	0.537676510585357	0.14059555220505088	0.006748635380347227	0.1273682268595703	0.15382287755053145
mean_skew	(-Inf,-1.5)	Other cCREs	SK-N-SH	3187	3187	1907.331	3330.205817	3182	2022.4019988236232	21706.74156156879	536	686	1966	0.6355757381595296	6.4197899774634255	0.0449169566091902	0.5475385032055168	0.7236129731135424	0.1684475172847266	0.006634788019941519	0.1554433327656412	0.18145170180381198
mean_skew	(-Inf,-1.5)	PLS	H1	2570	2570	486.623	214.579405	2569	11196.52200324414	76127.16042820984	1758	1155	2029	4.35831919160924	10.642189915185268	0.06436258083748055	4.232168533167778	4.4844698500507025	0.6843129622421176	0.009170092280276135	0.6663395813727764	0.7022863431114588
mean_skew	(-Inf,-1.5)	PLS	HCT116	2498	2498	518.391	301.664313	2498	10866.050001990636	74546.04528411874	1708	1136	1950	4.349899920732841	10.92503614008033	0.06613254317388262	4.220280136112031	4.479519705353651	0.6837469975980784	0.009303981277042616	0.6655111942950749	0.701982800901082
mean_skew	(-Inf,-1.5)	PLS	HepG2	2425	2425	511.765	308.937025	2424	10367.11800594907	70951.95707709041	1624	1105	1895	4.276863863840376	10.983576023639264	0.06731402697487318	4.144928370969624	4.408799356711127	0.66996699669967	0.00955078530873615	0.6512474574945472	0.6886865359047928
mean_skew	(-Inf,-1.5)	PLS	K562	2638	2638	576.504	376.018798	2637	10804.968002769285	73749.74725761774	1706	1163	2044	4.097447100026274	11.18245919908727	0.06511988069704557	3.969812133860065	4.225082066192484	0.6469472885855139	0.00930677381391762	0.6287060119102353	0.6651885652607924
mean_skew	(-Inf,-1.5)	PLS	MCF-7	2504	2504	488.532	241.103044	2503	11000.893006725357	75015.82056702473	1733	1156	1958	4.3950831029665824	10.657866345173007	0.06525363510025052	4.267185978170091	4.522980227763074	0.6923691570115861	0.009224723754034849	0.6742886984536778	0.7104496155694944
mean_skew	(-Inf,-1.5)	PLS	SK-N-SH	2628	2628	500.173	206.630065	2627	11607.136003581458	79055.07084784508	1816	1186	2047	4.418399696833444	10.575058891285684	0.0634470392950877	4.294043499815072	4.542755893851816	0.6912828321279025	0.00901318406102005	0.6736169913683032	0.7089486728875019
mean_skew	(-Inf,-1.5)	dELS	H1	964	964	408.297	631.034077	962	1186.2769978260633	8154.323229286453	240	186	688	1.2331361723763652	6.963040741736832	0.08507695392480578	1.0663853426837457	1.3998870020689846	0.2494802494802495	0.01395120150711854	0.22213589452629715	0.2768246044342018
mean_skew	(-Inf,-1.5)	dELS	HCT116	3255	3255	1455.871	2554.662005	3253	3513.0799968448723	25535.44348603489	751	564	2441	1.0799508136627336	6.685574995381302	0.04533434556956243	0.9910954963463913	1.168806130979076	0.2308638180141408	0.007388180995883601	0.21638298326220895	0.24534465276607265
mean_skew	(-Inf,-1.5)	dELS	HepG2	1838	1838	929.106	1610.60328	1838	2035.1119957480112	15486.169989729562	421	368	1279	1.1072426527464696	7.203487852434062	0.06260350668454945	0.9845397796447527	1.2299455258481866	0.2290533188248096	0.009801842334214725	0.20984170784974873	0.24826492979987044
mean_skew	(-Inf,-1.5)	dELS	K562	3579	3579	1978.141	3678.504961	3578	2339.7609943774305	22046.60531265939	573	588	2522	0.653929847506269	5.735690735925368	0.04003802949018673	0.5754553097055031	0.732404385307035	0.160145332588038	0.006131109107882735	0.14812835873658786	0.17216230643948816
mean_skew	(-Inf,-1.5)	dELS	MCF-7	1715	1715	813.185	1371.653273	1713	1787.878992575571	13614.971689675898	392	369	1304	1.043712196483112	6.862698936500488	0.06329491077953972	0.9196541713552141	1.1677702216110097	0.22883829538820782	0.010149821342942582	0.20894464555604036	0.24873194522037528
mean_skew	(-Inf,-1.5)	dELS	SK-N-SH	869	869	396.654	602.295304	869	1452.466996395727	10660.72373768057	281	172	645	1.6714234711113083	9.485064871993329	0.10447449114658347	1.4666534684640047	1.876193473758612	0.3233601841196778	0.01586763340659478	0.29225962264275207	0.35446074559660357
mean_skew	(-Inf,-1.5)	non-cCRE	H1	73105	73072	78766.375	178300.267705	72451	-34751.47294242855	131579.95150642018	473	3249	1609	-0.4796548417886371	1.58607645618078	0.0046788580246703675	-0.488825403516991	-0.4704842800602832	0.0065285503305682465	2.992015793527087e-4	0.005942115235036937	0.007114985426099556
mean_skew	(-Inf,-1.5)	non-cCRE	HCT116	73105	73072	78766.375	178300.267705	72451	-34751.47294242855	131579.95150642018	473	3249	1609	-0.4796548417886371	1.58607645618078	0.0046788580246703675	-0.488825403516991	-0.4704842800602832	0.0065285503305682465	2.992015793527087e-4	0.005942115235036937	0.007114985426099556
mean_skew	(-Inf,-1.5)	non-cCRE	HepG2	73105	73072	78766.375	178300.267705	72451	-34751.47294242855	131579.95150642018	473	3249	1609	-0.4796548417886371	1.58607645618078	0.0046788580246703675	-0.488825403516991	-0.4704842800602832	0.0065285503305682465	2.992015793527087e-4	0.005942115235036937	0.007114985426099556
mean_skew	(-Inf,-1.5)	non-cCRE	K562	73105	73072	78766.375	178300.267705	72451	-34751.47294242855	131579.95150642018	473	3249	1609	-0.4796548417886371	1.58607645618078	0.0046788580246703675	-0.488825403516991	-0.4704842800602832	0.0065285503305682465	2.992015793527087e-4	0.005942115235036937	0.007114985426099556
mean_skew	(-Inf,-1.5)	non-cCRE	MCF-7	73105	73072	78766.375	178300.267705	72451	-34751.47294242855	131579.95150642018	473	3249	1609	-0.4796548417886371	1.58607645618078	0.0046788580246703675	-0.488825403516991	-0.4704842800602832	0.0065285503305682465	2.992015793527087e-4	0.005942115235036937	0.007114985426099556
mean_skew	(-Inf,-1.5)	non-cCRE	SK-N-SH	73105	73072	78766.375	178300.267705	72451	-34751.47294242855	131579.95150642018	473	3249	1609	-0.4796548417886371	1.58607645618078	0.0046788580246703675	-0.488825403516991	-0.4704842800602832	0.0065285503305682465	2.992015793527087e-4	0.005942115235036937	0.007114985426099556
mean_skew	(-Inf,-1.5)	pELS	H1	1029	1029	237.067	201.209501	1029	2989.446003821562	20496.094180081993	483	398	803	2.905195338990828	11.489464575500811	0.10566768864334651	2.698086669249869	3.112304008731787	0.46938775510204084	0.015557751294059213	0.43889456256568476	0.4998809476383969
mean_skew	(-Inf,-1.5)	pELS	HCT116	1599	1599	427.207	439.572867	1599	3970.4200019930736	26889.70258249814	660	681	1207	2.483064416505987	10.657630761555385	0.08164058406562404	2.323048871737364	2.6430799612746103	0.41275797373358347	0.012312098130835409	0.38862626139714607	0.4368896860700209
mean_skew	(-Inf,-1.5)	pELS	HepG2	1321	1321	347.341	339.598071	1321	3383.798003576347	23231.39476783851	567	573	1000	2.561542773335615	11.03306927678033	0.09138959732211432	2.382419162584271	2.7406663840869587	0.429220287660863	0.013618302472835107	0.4025284148141062	0.45591216050761985
mean_skew	(-Inf,-1.5)	pELS	K562	2015	2015	675.21	854.680062	2015	4307.9570035148645	30309.624978747852	733	778	1456	2.137943922339883	10.476392495224287	0.07210549376351666	1.9966171545633904	2.2792706901163755	0.36377171215880894	0.0107172515455572	0.3427658991295168	0.38477752518810104
mean_skew	(-Inf,-1.5)	pELS	MCF-7	1397	1397	356.514	340.8064	1397	3802.4820041019702	26061.163876680803	640	612	1066	2.721891198355025	11.254456717630568	0.08975611877352681	2.5459692055589125	2.897813191151138	0.4581245526127416	0.013330404182413668	0.4319969604152108	0.4842521448102724
mean_skew	(-Inf,-1.5)	pELS	SK-N-SH	1199	1199	254.879	156.203777	1199	3827.1649990013098	25749.39067276271	627	511	916	3.1919641359477144	11.296508558928346	0.09706497036951238	3.00171679402347	3.3822114778719587	0.5229357798165137	0.01442457446954201	0.4946636138562114	0.5512079457768161
mean_skew	[-0.05,0.05)	Inactive cCRE	H1	68405358	68369393	16907731.14099996	22379362.723063085	68259717	2648137.634185688	139382250.73352882	3054840	4600690	5099244	0.03879502802781453	2.040435037259591	1.7289369045018018e-4	0.038456156394532176	0.039133899661096885	0.044753188765784074	2.5025775783668986e-5	0.04470413824524808	0.044802239286320066
mean_skew	[-0.05,0.05)	Inactive cCRE	HCT116	67942143	67906918	16826547.100999974	22286402.73192709	67797170	2760239.937095091	139765397.0678954	3071075	4511626	5006439	0.04071320288287979	2.0598650492224984	1.7430650759625354e-4	0.04037156212799113	0.04105484363776844	0.04529798220191197	2.5256174277892248e-5	0.045248480100327296	0.04534748430349664
mean_skew	[-0.05,0.05)	Inactive cCRE	HepG2	68049589	68013575	16822104.957999963	22256304.741426084	67903455	2716350.641206303	139694587.03995794	3067333	4515198	5101464	0.04000312857727641	2.0556527877948123	1.7399186555203157e-4	0.03966210452079443	0.040344152633758394	0.045171972471798376	2.52029379730606e-5	0.04512257471337118	0.04522137023022557
mean_skew	[-0.05,0.05)	Inactive cCRE	K562	66924341	66888590	16590363.294999965	22041286.572033085	66779679	2765608.048135075	137596176.4157352	3029989	4243396	4880374	0.04141391647203148	2.058734720988552	1.7558120731642337e-4	0.04106977730569129	0.04175805563837167	0.04537291950744477	2.5467896358965356e-5	0.0453230024305812	0.045422836584308346
mean_skew	[-0.05,0.05)	Inactive cCRE	MCF-7	68113444	68077766	16752579.75699996	22104327.37452308	67965804	2952934.628054323	139724723.91064838	3074573	4486241	5107063	0.043447358145786416	2.0539215390757937	1.7383879193984129e-4	0.04310663411358433	0.043788082177988505	0.045237057741566625	2.5208657797407754e-5	0.045187648772283706	0.04528646671084954
mean_skew	[-0.05,0.05)	Inactive cCRE	SK-N-SH	67691644	67656165	16649099.233999962	22031001.25940608	67544387	2429885.16768715	135896808.54347923	2956707	4333505	4962971	0.03597464238867325	2.010668870297024	1.725343788871895e-4	0.03563647500605436	0.036312809771292136	0.04377428134776025	2.4894023220309856e-5	0.04372548906224844	0.04382307363327206
mean_skew	[-0.05,0.05)	Other cCREs	H1	1811896	1811384	395708.446	410408.959204	1808637	64296.43879576241	5766410.428403489	117239	281827	469426	0.03554966463461845	3.187000983927722	0.0013274415069733582	0.032947879280950665	0.038151449988286235	0.06482174145502939	1.8307618015211922e-4	0.06446291214193124	0.06518057076812754
mean_skew	[-0.05,0.05)	Other cCREs	HCT116	1482544	1481830	305288.104	314121.152752	1479100	-18432.35405995813	3427360.2749078	67624	176765	353346	-0.012461871448825724	2.31703934170803	0.0012516068616497543	-0.014915020897659243	-0.010008721999992205	0.045719694408762085	1.7174767689919445e-4	0.04538306896203966	0.04605631985548451
mean_skew	[-0.05,0.05)	Other cCREs	HepG2	1481049	1480638	323569.517	347719.153547	1478764	-20798.43508646259	3839753.7376945703	72564	210724	344592	-0.014064742640788245	2.5964006490950533	0.001325062672377315	-0.016661865478647783	-0.011467619802928708	0.04907071040409423	1.7763798991107888e-4	0.04872253994386851	0.04941888086431994
mean_skew	[-0.05,0.05)	Other cCREs	K562	1982094	1981612	445965.308	489598.885864	1979349	-48990.98203221548	4618024.102173725	88316	281214	429519	-0.024751058066169975	2.3324910644983734	0.001085547437074768	-0.026878731042836522	-0.02262338508950343	0.04461871049521838	1.4675255974784927e-4	0.044331075478112596	0.04490634551232416
mean_skew	[-0.05,0.05)	Other cCREs	MCF-7	1657397	1656701	438116.647	558051.017335	1656340	-227865.9860212528	4319149.550089418	71956	238172	316035	-0.13757198764822004	2.58872222019469	0.0012501668556168092	-0.140022314685229	-0.1351216606112111	0.043442771411666685	1.5839428050739727e-4	0.04313231862187219	0.04375322420146118
mean_skew	[-0.05,0.05)	Other cCREs	SK-N-SH	2287433	2286499	613098.375	744843.771945	2285849	155548.68444314567	7907629.898510564	177602	430211	492230	0.06804853883311876	3.4547551008714468	0.0012293763786900666	0.06563896113088623	0.07045811653535129	0.07769629577456778	1.770571072190815e-4	0.07734926384441838	0.07804332770471718
mean_skew	[-0.05,0.05)	PLS	H1	338721	338628	53758.134	20781.912986	338601	65880.54000430262	1981076.4959649984	43778	140091	166628	0.1945668796143621	5.812930670020827	0.004143367483193801	0.18644587934730222	0.20268787988142195	0.12929081721554278	5.766021858372915e-4	0.12816067693130168	0.13042095749978388
mean_skew	[-0.05,0.05)	PLS	HCT116	316426	316320	50915.9	21132.640074	316357	45475.60600757389	1788015.2969140818	38407	135706	156860	0.14374774703127763	5.631245435539743	0.004219038649959922	0.13547843127735618	0.15201706278519908	0.12140398347436598	5.806606008477919e-4	0.1202658886967043	0.12254207825202766
mean_skew	[-0.05,0.05)	PLS	HepG2	294877	294799	47569.634	20856.658056	294757	33337.53100712203	1719053.3881118894	35273	127659	144411	0.11310174485125724	5.819331430695052	0.004443288190530373	0.1043928999978177	0.12181058970469677	0.11966806555908766	5.978335720297791e-4	0.11849631175790928	0.12083981936026603
mean_skew	[-0.05,0.05)	PLS	K562	334152	334049	54199.741	23070.944085	333990	46306.311961743624	1816404.56718992	39092	142731	161461	0.13864580365203635	5.4192934238966615	0.004028140416955339	0.13075064843480388	0.14654095886926882	0.1170454205215725	5.562623458482583e-4	0.11595514632370992	0.1181356947194351
mean_skew	[-0.05,0.05)	PLS	MCF-7	338553	338433	55370.713	22965.181587	338433	67995.04502310908	1855987.643841861	42922	143357	168111	0.20091139168789415	5.44371296070817	0.004010617614082451	0.19305058116429255	0.20877220221149576	0.1268256937119016	5.720286030768222e-4	0.12570451764987103	0.1279468697739322
mean_skew	[-0.05,0.05)	PLS	SK-N-SH	379118	378973	61600.772	24483.40832	378929	93823.83699154062	2147349.4155198894	50085	157096	183165	0.24760268280216247	5.60559890472594	0.0038462019874035028	0.2400641269068516	0.25514123869747335	0.1321751568235738	5.501891663626004e-4	0.1310967860575031	0.1332535275896445
mean_skew	[-0.05,0.05)	dELS	H1	305279	305256	70439.475	79065.819881	305138	71684.62096452527	1221251.9006414672	28310	49182	85749	0.23492525009839899	3.947116780767875	0.00359659751772611	0.2278759189636558	0.24197458123314217	0.09277769402696485	5.252069920406068e-4	0.09174828832256526	0.09380709973136445
mean_skew	[-0.05,0.05)	dELS	HCT116	842063	841729	197560.309	235050.311309	841405	45287.816931794296	2553662.018242174	50461	137631	222008	0.05382404066031732	3.0321040129857004	0.0018983203498888618	0.05010333277453515	0.057544748546099485	0.05997230822255632	2.58847015334214e-4	0.05946496807250126	0.06047964837261138
mean_skew	[-0.05,0.05)	dELS	HepG2	827747	827680	196229.375	233321.068927	827337	100211.34585899196	2518269.8683011928	56210	139092	179556	0.12112518340046675	3.0291583475821366	0.0019134616596597318	0.11737479854753367	0.12487556825339984	0.06794087536276028	2.7665981148637577e-4	0.06739862213224698	0.06848312859327357
mean_skew	[-0.05,0.05)	dELS	K562	929360	929275	219425.791	257537.637435	928605	19277.357888915045	2594018.426461935	47388	146117	189350	0.020759481037594073	2.793029362910762	0.0017342920841148623	0.017360268552728944	0.024158693522459203	0.05103138578835996	2.283647651693881e-4	0.050583790848627956	0.05147898072809196
mean_skew	[-0.05,0.05)	dELS	MCF-7	523660	523616	139074.132	175441.790294	523237	11676.0219295394	1806935.1568549073	36324	105784	149845	0.02231497759053622	3.4528866643105656	0.002568868884046614	0.017279994577804856	0.027349960603267585	0.06942169609565073	3.513782277085965e-4	0.06873299476934187	0.07011039742195958
mean_skew	[-0.05,0.05)	dELS	SK-N-SH	297377	297373	72381.265	78906.768267	297218	95715.017835516	1605649.042974201	36807	58147	100289	0.3220364104311179	5.298570815956358	0.004222229325575713	0.3137608409529895	0.3303119799092463	0.12383839471364454	6.042020744661498e-4	0.12265415864769089	0.1250226307795982
mean_skew	[-0.05,0.05)	non-cCRE	H1	300276644	300125299	69129009.32099964	89533144.2239522	296738718	-28551962.123907413	336980404.80875725	4248978	6385630	1006962	-0.09621920023226431	1.126355068280938	6.160990664980157e-5	-0.09633995564929793	-0.0960984448152307	0.014318920121505681	6.896619016557161e-6	0.014305402748233229	0.014332437494778133
mean_skew	[-0.05,0.05)	non-cCRE	HCT116	300276644	300125299	69129009.32099964	89533144.2239522	296738718	-28551962.123907413	336980404.80875725	4248978	6385630	1006962	-0.09621920023226431	1.126355068280938	6.160990664980157e-5	-0.09633995564929793	-0.0960984448152307	0.014318920121505681	6.896619016557161e-6	0.014305402748233229	0.014332437494778133
mean_skew	[-0.05,0.05)	non-cCRE	HepG2	300276644	300125299	69129009.32099964	89533144.2239522	296738718	-28551962.123907413	336980404.80875725	4248978	6385630	1006962	-0.09621920023226431	1.126355068280938	6.160990664980157e-5	-0.09633995564929793	-0.0960984448152307	0.014318920121505681	6.896619016557161e-6	0.014305402748233229	0.014332437494778133
mean_skew	[-0.05,0.05)	non-cCRE	K562	300276644	300125299	69129009.32099964	89533144.2239522	296738718	-28551962.123907413	336980404.80875725	4248978	6385630	1006962	-0.09621920023226431	1.126355068280938	6.160990664980157e-5	-0.09633995564929793	-0.0960984448152307	0.014318920121505681	6.896619016557161e-6	0.014305402748233229	0.014332437494778133
mean_skew	[-0.05,0.05)	non-cCRE	MCF-7	300276644	300125299	69129009.32099964	89533144.2239522	296738718	-28551962.123907413	336980404.80875725	4248978	6385630	1006962	-0.09621920023226431	1.126355068280938	6.160990664980157e-5	-0.09633995564929793	-0.0960984448152307	0.014318920121505681	6.896619016557161e-6	0.014305402748233229	0.014332437494778133
mean_skew	[-0.05,0.05)	non-cCRE	SK-N-SH	300276644	300125299	69129009.32099964	89533144.2239522	296738718	-28551962.123907413	336980404.80875725	4248978	6385630	1006962	-0.09621920023226431	1.126355068280938	6.160990664980157e-5	-0.09633995564929793	-0.0960984448152307	0.014318920121505681	6.896619016557161e-6	0.014305402748233229	0.014332437494778133
mean_skew	[-0.05,0.05)	pELS	H1	257770	257703	40751.845	19865.585669	257690	62246.42804859417	1180627.0070023343	26948	101782	102523	0.24155546605841968	4.523247178050225	0.004189636820592419	0.23334377789005853	0.24976715422678084	0.10457526485311809	6.028097212789208e-4	0.1033937577994114	0.10575677190682478
mean_skew	[-0.05,0.05)	pELS	HCT116	535848	535567	88077.627	52778.164741	535751	79674.65602437107	1997181.907581786	43548	211844	184917	0.14871583258709936	3.705707932384565	0.002629990007428423	0.14356105217253964	0.15387061300165908	0.08128402933452294	3.733462124471329e-4	0.08055227075812657	0.08201578791091932
mean_skew	[-0.05,0.05)	pELS	HepG2	465762	465672	78915.557	51283.378847	465470	83144.57901292095	1759952.5314755398	39735	180899	153547	0.17862500056485048	3.749123638743703	0.002838043407589534	0.173062435485975	0.18418756564372596	0.0853653296667884	4.0956113990472937e-4	0.08456258983257514	0.08616806950100167
mean_skew	[-0.05,0.05)	pELS	K562	949077	948838	158434.906	97990.961386	948160	130044.92604535374	2906993.05398042	66330	360114	262866	0.13715504350041527	3.0471226202479342	0.0017926856855060107	0.13364137955682348	0.14066870744400706	0.06995654741815727	2.619539724082189e-4	0.06944311763223716	0.07046997720407737
mean_skew	[-0.05,0.05)	pELS	MCF-7	485970	485848	83247.792	48699.637064	485969	107505.95301315344	1824820.304106675	45340	200018	182516	0.2212197753625302	3.7060832427875305	0.0027615524850754	0.21580713249178243	0.22663241823327798	0.09329813218538631	4.1721935430237436e-4	0.09248038225095366	0.09411588211981896
mean_skew	[-0.05,0.05)	pELS	SK-N-SH	463452	463354	72209.395	30249.792865	463400	137272.95504152184	1974179.6650573188	49914	194613	184915	0.29622994182460477	4.17246326723035	0.003000670068755357	0.2903486284898443	0.30211125515936527	0.10771255934397929	4.5541522764588167e-4	0.10681994549779336	0.10860517319016522
mean_skew	[-0.2,-0.05)	Inactive cCRE	H1	17342122	17332247	8573779.056999998	16030927.19471302	17294561	-1189469.6555380833	40176074.98970096	761169	1442473	2117753	-0.06877709445981793	2.3183166685272667	3.661268740287159e-4	-0.06949470313291421	-0.06805948578672165	0.04401204517420246	4.9323877893809496e-5	0.04391537037353059	0.044108719974874325
mean_skew	[-0.2,-0.05)	Inactive cCRE	HCT116	17280691	17270961	8546923.424999997	15965172.486599015	17233299	-1143090.601470924	40549863.56297321	771919	1427621	2096876	-0.06633034113032704	2.3485952586344627	3.691644549999331e-4	-0.0670539034621269	-0.06560677879852718	0.0447922942670466	4.982718483994006e-5	0.04469463298476032	0.04488995554933289
mean_skew	[-0.2,-0.05)	Inactive cCRE	HepG2	17275177	17265220	8523902.223999998	15916790.65437402	17227089	-1152049.4974253408	40449451.57419275	769859	1423411	2135758	-0.06687429881074747	2.3435422789885996	3.688335746861594e-4	-0.06759721261713234	-0.0661513850043626	0.04468886182685885	4.978128683840607e-5	0.04459129050465557	0.044786433149062124
mean_skew	[-0.2,-0.05)	Inactive cCRE	K562	16799131	16789282	8360315.912999998	15701044.885201018	16751746	-1140488.042605252	39346308.44199172	747711	1309293	1995374	-0.06808174160503938	2.3441535213060747	3.740787047053692e-4	-0.0688149358662619	-0.06734854734381686	0.0446348100072673	5.04535247638311e-5	0.04453592109873019	0.044733698915804414
mean_skew	[-0.2,-0.05)	Inactive cCRE	MCF-7	17239319	17229478	8471417.341999998	15820420.380170016	17190630	-1072495.3975085327	40230425.49302656	766946	1393824	2121092	-0.062388370729201476	2.3363609471509994	3.6865834803227716e-4	-0.06311094109134474	-0.06166580036705821	0.04461418807804019	4.97943415778454e-5	0.044516591168547615	0.04471178498753277
mean_skew	[-0.2,-0.05)	Inactive cCRE	SK-N-SH	17032795	17022981	8405516.047999999	15769348.94710602	16984240	-1286252.394354036	38540088.163958006	716313	1324564	2043619	-0.07573211367444384	2.2634324417723253	3.6505702406078544e-4	-0.07644762544160298	-0.0750166019072847	0.04217515767558631	4.87695049082105e-5	0.04207956944596621	0.0422707459052064
mean_skew	[-0.2,-0.05)	Other cCREs	H1	771046	770749	273640.527	388067.348375	769320	43032.89893758647	2774780.774218136	59568	134493	274360	0.05593628001038121	3.6036724348852744	0.0021643083871247843	0.051694235571616634	0.06017832444914578	0.07742941818749025	3.0471882677195205e-4	0.07683216928701722	0.07802666708796327
mean_skew	[-0.2,-0.05)	Other cCREs	HCT116	544754	544447	191617.804	284397.9044	543042	4223.902930266466	1598523.4404344412	33487	71803	187264	0.007778225128565499	2.9435909737322383	0.0023282093081277346	0.0032149348846351395	0.012341515372495858	0.061665580194533755	3.264250840466617e-4	0.0610257870298023	0.06230537335926521
mean_skew	[-0.2,-0.05)	Other cCREs	HepG2	593522	593320	221450.307	332975.085453	592470	6898.57691745318	1859168.2544101777	37917	94023	194538	0.011643757350504127	3.1378653213155236	0.0023013568584796377	0.007133097907884037	0.016154416793124217	0.0639981771228923	3.179720647838169e-4	0.06337495187591602	0.06462140236986857
mean_skew	[-0.2,-0.05)	Other cCREs	K562	820363	820122	315840.332	476930.87384	819092	-18055.35301949061	2325443.2400199044	46884	128068	251461	-0.02204313193083391	2.8385676847764634	0.0018615867751661784	-0.02569184201015962	-0.018394421851508202	0.05723899146860182	2.566731559577168e-4	0.056735912082924694	0.057742070854278946
mean_skew	[-0.2,-0.05)	Other cCREs	MCF-7	657920	657618	292904.171	478233.641317	657417	-93358.89003313157	2062160.2506185856	36321	106887	182032	-0.14200863383990917	3.116599660166729	0.0021773088828332104	-0.14627615925026224	-0.13774110842955609	0.0552480389159392	2.817713737784921e-4	0.054695767023333355	0.05580031080854504
mean_skew	[-0.2,-0.05)	Other cCREs	SK-N-SH	962929	962570	418376.828	643052.935574	962221	45871.23181880992	3698026.106891749	81907	196761	283601	0.047672241427707276	3.84095042968749	0.0019979376715875546	0.04375628359139567	0.051588199264018884	0.08512285639161897	2.8449004083652945e-4	0.08456525591157937	0.08568045687165857
mean_skew	[-0.2,-0.05)	PLS	H1	226700	226634	41073.683	18048.400789	226591	128435.42701936228	1499331.385961602	40245	94359	125734	0.5668161004601342	6.295653462454454	0.00527107358812483	0.5564847962274095	0.5771474046928589	0.17761076123941374	8.028825504014196e-4	0.17603711144062698	0.17918441103820051
mean_skew	[-0.2,-0.05)	PLS	HCT116	210352	210284	38915.542	18650.48623	210287	109144.50000074237	1341136.37202096	35813	90029	117485	0.5190263782389894	6.108288224041873	0.00538956293991309	0.5084628348767598	0.5295899216012191	0.17030534460047458	8.197229084687974e-4	0.16869868769987575	0.1719120015010734
mean_skew	[-0.2,-0.05)	PLS	HepG2	195940	195887	36931.146	19474.41086	195831	95419.82998299644	1270615.192048134	32968	84651	108323	0.48725600126127344	6.250938606186941	0.005649784670576256	0.476182423306944	0.4983295792156029	0.16834923990583717	8.455423283738209e-4	0.16669197694222448	0.17000650286944985
mean_skew	[-0.2,-0.05)	PLS	K562	218707	218641	41161.488	20624.129932	218601	109226.80601207218	1349130.251323289	36148	93326	120399	0.4996628835735984	5.922020450447223	0.005204857925023136	0.48946136204055307	0.5098644051066438	0.16536063421484806	7.945832845495895e-4	0.16380325097713086	0.16691801745256526
mean_skew	[-0.2,-0.05)	PLS	MCF-7	228160	228094	42607.405	20160.968405	228051	130237.93702329062	1444054.729428706	40169	96390	127356	0.5710912779303341	6.006038059807343	0.005131898397231738	0.5610327570717599	0.5811497987889083	0.1761404247295561	7.977009806588862e-4	0.17457693080746467	0.17770391865164753
mean_skew	[-0.2,-0.05)	PLS	SK-N-SH	252395	252312	46864.785	21149.425785	252268	154439.0510260662	1621808.6902366383	45601	104763	138263	0.6122023047951631	6.054144011099758	0.004898862970219242	0.6026005333735334	0.6218040762167929	0.1807641080121141	7.661776952416805e-4	0.1792623997294404	0.18226581629478777
mean_skew	[-0.2,-0.05)	dELS	H1	133998	133971	50844.674	75127.311574	133894	35939.53797475561	625347.8830325688	14573	24657	52125	0.26841783780270667	4.598456005599671	0.005860375713830091	0.2569315014035997	0.2799041742018136	0.10883982852106891	8.511208911726946e-4	0.10717163157437043	0.11050802546776739
mean_skew	[-0.2,-0.05)	dELS	HCT116	331880	331739	135543.546	217525.339576	331555	27070.217927757312	1200948.2475644946	25413	61792	124728	0.08164623645475808	3.6155138111761076	0.003302229262879313	0.07517386709951462	0.08811860581000153	0.07664791663524906	4.620149760542726e-4	0.07574236728218268	0.07755346598831543
mean_skew	[-0.2,-0.05)	dELS	HepG2	329578	329543	134315.743	215341.989135	329404	52884.80095174048	1232770.534725445	28490	61217	104312	0.16054693006684945	3.7166633038722985	0.003359016797075989	0.1539632571445805	0.1671306029891184	0.08648953868198322	4.897496323360118e-4	0.08552962940260464	0.08744944796136181
mean_skew	[-0.2,-0.05)	dELS	K562	387584	387504	159542.414	252527.278582	387196	13704.578010097144	1271105.0041109363	24930	68503	117915	0.035394420422982534	3.281602134622419	0.0029112367954685727	0.02968839630386413	0.041100444542100933	0.0643859957230963	3.944378964293534e-4	0.06361289744609477	0.06515909400009784
mean_skew	[-0.2,-0.05)	dELS	MCF-7	240383	240341	105713.52	169030.288976	240153	14815.454925929544	962920.6266352484	20436	52419	91546	0.06169173371113225	4.005823959555401	0.0040841522344177575	0.05368679533167345	0.06969667209059105	0.08509575145844524	5.693741591336825e-4	0.08397977810654322	0.08621172481034725
mean_skew	[-0.2,-0.05)	dELS	SK-N-SH	133836	133827	51886.603	72104.107401	133711	47507.654938315965	782207.388452339	18231	29099	58854	0.3553010218928582	5.723789320955964	0.006542718746981584	0.34247729314877434	0.3681247506369421	0.1363462991077772	9.384430620392587e-4	0.13450695070618027	0.13818564750937415
mean_skew	[-0.2,-0.05)	non-cCRE	H1	43081688	43048644	21153993.456999995	41709995.77638897	42528544	-8231279.698026931	59172960.31490241	612380	1279466	357094	-0.1935471785261901	1.3539099929590672	1.784245621089618e-4	-0.19389689066792368	-0.19319746638445653	0.014399270287738982	1.8267557913546203e-5	0.014363465874228432	0.014435074701249533
mean_skew	[-0.2,-0.05)	non-cCRE	HCT116	43081688	43048644	21153993.456999995	41709995.77638897	42528544	-8231279.698026931	59172960.31490241	612380	1279466	357094	-0.1935471785261901	1.3539099929590672	1.784245621089618e-4	-0.19389689066792368	-0.19319746638445653	0.014399270287738982	1.8267557913546203e-5	0.014363465874228432	0.014435074701249533
mean_skew	[-0.2,-0.05)	non-cCRE	HepG2	43081688	43048644	21153993.456999995	41709995.77638897	42528544	-8231279.698026931	59172960.31490241	612380	1279466	357094	-0.1935471785261901	1.3539099929590672	1.784245621089618e-4	-0.19389689066792368	-0.19319746638445653	0.014399270287738982	1.8267557913546203e-5	0.014363465874228432	0.014435074701249533
mean_skew	[-0.2,-0.05)	non-cCRE	K562	43081688	43048644	21153993.456999995	41709995.77638897	42528544	-8231279.698026931	59172960.31490241	612380	1279466	357094	-0.1935471785261901	1.3539099929590672	1.784245621089618e-4	-0.19389689066792368	-0.19319746638445653	0.014399270287738982	1.8267557913546203e-5	0.014363465874228432	0.014435074701249533
mean_skew	[-0.2,-0.05)	non-cCRE	MCF-7	43081688	43048644	21153993.456999995	41709995.77638897	42528544	-8231279.698026931	59172960.31490241	612380	1279466	357094	-0.1935471785261901	1.3539099929590672	1.784245621089618e-4	-0.19389689066792368	-0.19319746638445653	0.014399270287738982	1.8267557913546203e-5	0.014363465874228432	0.014435074701249533
mean_skew	[-0.2,-0.05)	non-cCRE	SK-N-SH	43081688	43048644	21153993.456999995	41709995.77638897	42528544	-8231279.698026931	59172960.31490241	612380	1279466	357094	-0.1935471785261901	1.3539099929590672	1.784245621089618e-4	-0.19389689066792368	-0.19319746638445653	0.014399270287738982	1.8267557913546203e-5	0.014363465874228432	0.014435074701249533
mean_skew	[-0.2,-0.05)	pELS	H1	134167	134139	26983.118	17739.627042	134134	68996.14203530445	711685.192583565	19205	53938	66289	0.5143822001528654	5.041226284668094	0.0061305389786265214	0.5023663437547574	0.5263980565509734	0.14317771780458347	9.563429395874297e-4	0.1413032856429921	0.14505214996617483
mean_skew	[-0.2,-0.05)	pELS	HCT116	240356	240309	53320.742	44163.665688	240317	89586.3310410819	1096748.6025037628	28128	98675	109908	0.3727839938126803	4.424808386571196	0.004290965150513746	0.36437370211767334	0.38119428550768725	0.11704540253082386	6.557738869405237e-4	0.11576008571242044	0.11833071934922729
mean_skew	[-0.2,-0.05)	pELS	HepG2	213816	213770	49721.639	45327.742671	213706	83780.6400020755	975214.6701203582	25526	86618	93330	0.3920369105316439	4.40967486418933	0.004542499903542962	0.3831336107206997	0.40094021034258814	0.1194444704406989	7.015409736994637e-4	0.11806945013224796	0.12081949074914985
mean_skew	[-0.2,-0.05)	pELS	K562	382248	382191	89460.912	78782.714938	381865	122546.36203149812	1495233.2880510031	39087	150730	151112	0.32091540735992596	3.812630340537961	0.0031597841948724508	0.31472223033797597	0.32710858438187596	0.10235816322522358	4.905212852470109e-4	0.10139674150613943	0.10331958494430772
mean_skew	[-0.2,-0.05)	pELS	MCF-7	242251	242209	53678.621	42064.603625	242249	107735.24602136832	1087659.1257877364	30888	100400	114235	0.44472937358407394	4.292072988473494	0.004209228990425411	0.43647928476284015	0.45297946240530773	0.1275051702999806	6.776638711716412e-4	0.12617694911248417	0.12883339148747702
mean_skew	[-0.2,-0.05)	pELS	SK-N-SH	226078	226050	43676.795	24254.466627	226060	125368.80699976924	1145089.8759581218	32708	94733	111924	0.5545820003528675	4.75788441154892	0.004587700752356677	0.5455901068782485	0.5635738938274866	0.14468725117225514	7.398875916225852e-4	0.14323707149267487	0.14613743085183542
mean_skew	[-0.5,-0.2)	Inactive cCRE	H1	3428904	3426846	1923418.438	3701949.929518	3418967	-332529.0018647931	8812607.665025296	162484	326194	669191	-0.0972600793938032	2.5681056400979667	8.666804254156582e-4	-0.0989587730276179	-0.0955613857599885	0.047524296081243256	1.1506343770823209e-4	0.04729877174333512	0.04774982041915139
mean_skew	[-0.5,-0.2)	Inactive cCRE	HCT116	3413793	3411780	1912489.552	3672968.455494	3403948	-328641.98180784704	8844852.474495158	163242	324145	661107	-0.09654729796337871	2.589089365714061	8.721316790354341e-4	-0.09825667605428816	-0.09483791987246927	0.04795666678809429	1.1581408879673242e-4	0.0477296711740527	0.04818366240213589
mean_skew	[-0.5,-0.2)	Inactive cCRE	HepG2	3435917	3433851	1914701.388	3672782.53553	3425883	-310129.81784554245	8968828.897524435	167135	326221	682461	-0.0905255135232413	2.6097671304805883	8.727997536682592e-4	-0.09223620104043109	-0.0888148260060515	0.048785962626277664	1.163858817625367e-4	0.048557846298023094	0.049014078954532234
mean_skew	[-0.5,-0.2)	Inactive cCRE	K562	3271209	3269209	1853389.335	3587123.794125	3261481	-333497.0958947206	8444994.640055778	154643	290150	618239	-0.10225326957131456	2.57885790242712	8.892139759038157e-4	-0.10399612896408604	-0.10051041017854308	0.047414962711725135	1.1767986405835038e-4	0.04718431017817077	0.0476456152452795
mean_skew	[-0.5,-0.2)	Inactive cCRE	MCF-7	3406772	3404765	1895917.997	3642738.528413	3396627	-306320.4368198956	8805025.522287844	162817	313869	672952	-0.09018371367238603	2.5841527467909855	8.722383181022146e-4	-0.09189330077586637	-0.0884741265689057	0.04793490718880819	1.1591385183503975e-4	0.04770771603921151	0.04816209833840487
mean_skew	[-0.5,-0.2)	Inactive cCRE	SK-N-SH	3364579	3362577	1887230.443	3646931.424817	3354463	-385230.1608129738	8304736.166078757	147334	296493	653457	-0.11484108210851447	2.4625397209895827	8.568013048997211e-4	-0.11652041266611793	-0.11316175155091102	0.04392178420212117	1.1188585768730124e-4	0.043702487921054065	0.04414108048318828
mean_skew	[-0.5,-0.2)	Other cCREs	H1	227384	227316	82109.359	116004.510665	226970	62920.59794686001	1013751.0757989069	25093	42678	111697	0.27721988785680934	4.389622524186981	0.004397738068573692	0.2686003212424049	0.2858394544712138	0.11055646120632683	6.582138675264033e-4	0.10926636202597508	0.11184656038667858
mean_skew	[-0.5,-0.2)	Other cCREs	HCT116	157606	157534	57570.325	87222.673499	157169	49679.52390701825	691589.7425106121	17376	21575	77798	0.31608983900780846	4.300408160674298	0.005230839489113652	0.3058373936091457	0.32634228440647123	0.1105561529309215	7.909832403058603e-4	0.10900582577992202	0.11210648008192098
mean_skew	[-0.5,-0.2)	Other cCREs	HepG2	166984	166926	64559.944	98798.080476	166698	44904.45495193988	723939.8523666995	17831	28482	79234	0.2693760870072819	4.270284804180946	0.005061313352207115	0.25945591283695596	0.2792962611776078	0.10696589041260243	7.569923389134323e-4	0.1054821854283321	0.10844959539687277
mean_skew	[-0.5,-0.2)	Other cCREs	K562	249800	249718	100967.671	155329.33001499998	249349	44775.342950906015	956512.9987033496	22727	40808	107851	0.17956896939994152	3.803811285894118	0.003905761012026822	0.17191367781636896	0.18722426098351408	0.09114534247179656	5.76382310635127e-4	0.09001563314295172	0.09227505180064141
mean_skew	[-0.5,-0.2)	Other cCREs	MCF-7	183748	183642	82994.502	135448.907554	183577	15107.093928010883	748496.8752205581	16568	31854	74469	0.08229295569712373	4.070541180814638	0.004708872616975682	0.0730635653678514	0.09152234602639607	0.09025095736393993	6.687712243804613e-4	0.08894016576415423	0.09156174896372563
mean_skew	[-0.5,-0.2)	Other cCREs	SK-N-SH	258880	258756	111585.139	169078.666077	258651	68133.54994774889	1229248.9156046922	30551	56462	106652	0.2634188537749666	4.683167423057555	0.0042551292966568075	0.25507880035351926	0.27175890719641393	0.11811669005725862	6.346059139388988e-4	0.11687286246593838	0.11936051764857887
mean_skew	[-0.5,-0.2)	PLS	H1	94708	94682	16716.346	6965.955096	94663	125455.19398900928	895654.2285667318	26865	39952	58550	1.3252822537740119	7.705211027966045	0.009021985752030344	1.3075991617000324	1.3429653458479913	0.28379620337407435	0.0014653165951876387	0.2809241828475066	0.2866682239006421
mean_skew	[-0.5,-0.2)	PLS	HCT116	87872	87846	15839.751	7290.374215	87853	113112.92301230624	814021.9392682267	24575	37798	54665	1.2875248769228853	7.60809357770363	0.009305926641301856	1.2692852607059337	1.305764493139837	0.279728637610554	0.0015143917700785692	0.2767604297412	0.282696845479908
mean_skew	[-0.5,-0.2)	PLS	HepG2	81891	81870	15025.367	7592.355121	81846	102879.80098518897	757386.4086248137	22536	35647	50543	1.2569924123987606	7.673862537691203	0.00968296312680044	1.2380138046702318	1.2759710201272894	0.27534638223004176	0.0015613712921930256	0.2722860944973434	0.2784066699627401
mean_skew	[-0.5,-0.2)	PLS	K562	90453	90430	16627.651	8178.903993	90426	113309.72599367854	812915.3175308531	24580	38761	55824	1.2530657774719498	7.419748715880019	0.009058325835118414	1.2353114588351177	1.2708200961087819	0.2718244752615398	0.00147950234473999	0.2689246506658494	0.2747242998572302
mean_skew	[-0.5,-0.2)	PLS	MCF-7	94786	94762	17108.526	7629.34406	94741	125795.35598513194	877074.0373266622	26946	40359	58834	1.3277815938731061	7.494672567604908	0.008894209393838302	1.310348943461183	1.3452142442850292	0.2844175172311882	0.0014656795845512422	0.2815447852454678	0.2872902492169086
mean_skew	[-0.5,-0.2)	PLS	SK-N-SH	103622	103593	18615.74	7877.251838	103574	140472.86099057097	966783.7733788752	29718	43400	63755	1.356256019759505	7.494874243746664	0.008506615452499545	1.3395830534726059	1.3729289860464042	0.28692529013072776	0.0014054861076153425	0.2841705373598017	0.28968004290165383
mean_skew	[-0.5,-0.2)	dELS	H1	40164	40156	15439.417	22610.720103	40124	17679.381012309463	215852.03374358432	5423	7793	20813	0.4406186076241019	5.185608491346224	0.011368358263964077	0.4183366254267323	0.4629005898214715	0.13515601634931712	0.0017068071942584937	0.1318106742485705	0.13850135845006376
mean_skew	[-0.5,-0.2)	dELS	HCT116	101390	101350	43658.737	71427.096295	101262	24787.991969768893	437439.8983234008	10598	19985	50227	0.2447906615489413	4.260001672614839	0.006486070044778361	0.23207796426117572	0.2575033588367069	0.10465920088483341	9.619658268407748e-4	0.1027737478642255	0.10654465390544132
mean_skew	[-0.5,-0.2)	dELS	HepG2	86377	86371	37495.033	61130.319637	86343	26701.889996118392	397434.13788623386	9819	17531	38691	0.30925367425406103	4.507383200474931	0.007225180044209324	0.29509232136741076	0.3234150271407113	0.11372085751016295	0.0010804178736327785	0.1116032384778427	0.11583847654248319
mean_skew	[-0.5,-0.2)	dELS	K562	116732	116691	49704.268	79534.197124	116623	18958.57803084725	449992.2127479549	10057	21879	49537	0.16256294239427257	3.832126447151043	0.005732285478668821	0.15132766285608168	0.17379822193246347	0.0862351337214786	8.219913434376472e-4	0.08462403068834082	0.08784623675461639
mean_skew	[-0.5,-0.2)	dELS	MCF-7	73476	73455	33517.2	54153.909638	73400	16312.792988524316	345608.7567939477	8217	16684	36352	0.22224513608343754	4.659236745681987	0.007967266774711866	0.20662929320500228	0.2378609789618728	0.11194822888283379	0.0011638036795501528	0.1096671736709155	0.11422928409475208
mean_skew	[-0.5,-0.2)	dELS	SK-N-SH	39552	39548	15812.683	22057.268197	39509	24215.984967072276	272361.5675824697	6893	9278	21797	0.6129232571584265	6.518148911642004	0.012844408823602658	0.5877482158641654	0.6380982984526877	0.17446657723556658	0.0019093055377067379	0.17072433838166137	0.17820881608947178
mean_skew	[-0.5,-0.2)	non-cCRE	H1	5383911	5379211	3520804.888	7159648.814744	5330181	-1671147.209556833	8426497.557637658	64992	208949	87573	-0.3135254149074549	1.4826047967216711	5.274019388262282e-4	-0.3145591227075543	-0.31249170710735547	0.012193206947381336	4.753614927138002e-5	0.012100036094809431	0.012286377799953242
mean_skew	[-0.5,-0.2)	non-cCRE	HCT116	5383911	5379211	3520804.888	7159648.814744	5330181	-1671147.209556833	8426497.557637658	64992	208949	87573	-0.3135254149074549	1.4826047967216711	5.274019388262282e-4	-0.3145591227075543	-0.31249170710735547	0.012193206947381336	4.753614927138002e-5	0.012100036094809431	0.012286377799953242
mean_skew	[-0.5,-0.2)	non-cCRE	HepG2	5383911	5379211	3520804.888	7159648.814744	5330181	-1671147.209556833	8426497.557637658	64992	208949	87573	-0.3135254149074549	1.4826047967216711	5.274019388262282e-4	-0.3145591227075543	-0.31249170710735547	0.012193206947381336	4.753614927138002e-5	0.012100036094809431	0.012286377799953242
mean_skew	[-0.5,-0.2)	non-cCRE	K562	5383911	5379211	3520804.888	7159648.814744	5330181	-1671147.209556833	8426497.557637658	64992	208949	87573	-0.3135254149074549	1.4826047967216711	5.274019388262282e-4	-0.3145591227075543	-0.31249170710735547	0.012193206947381336	4.753614927138002e-5	0.012100036094809431	0.012286377799953242
mean_skew	[-0.5,-0.2)	non-cCRE	MCF-7	5383911	5379211	3520804.888	7159648.814744	5330181	-1671147.209556833	8426497.557637658	64992	208949	87573	-0.3135254149074549	1.4826047967216711	5.274019388262282e-4	-0.3145591227075543	-0.31249170710735547	0.012193206947381336	4.753614927138002e-5	0.012100036094809431	0.012286377799953242
mean_skew	[-0.5,-0.2)	non-cCRE	SK-N-SH	5383911	5379211	3520804.888	7159648.814744	5330181	-1671147.209556833	8426497.557637658	64992	208949	87573	-0.3135254149074549	1.4826047967216711	5.274019388262282e-4	-0.3145591227075543	-0.31249170710735547	0.012193206947381336	4.753614927138002e-5	0.012100036094809431	0.012286377799953242
mean_skew	[-0.5,-0.2)	pELS	H1	45920	45914	9225.832	5888.933552	45917	46203.16098818438	338900.97471448604	10031	18804	26924	1.0062321359885094	6.368365479221281	0.011776798299318708	0.9831496113218446	1.029314660655174	0.21845939412418058	0.0019282990320775544	0.21467992802130859	0.22223886022705258
mean_skew	[-0.5,-0.2)	pELS	HCT116	76419	76404	17351.027	14511.449431	76409	60790.87499032371	488861.9232516063	14105	31918	43378	0.7955983587054367	5.765061287889192	0.00868619763120165	0.7785734113482815	0.8126233060625919	0.1845986729311992	0.0014035495080314641	0.18184771589545753	0.18734962996694085
mean_skew	[-0.5,-0.2)	pELS	HepG2	65911	65896	15127.66	13116.75817	65871	55373.00398386549	429176.6814468219	12575	27540	36246	0.8406279543936709	5.808844487311863	0.009390695243717963	0.8222221917159837	0.8590337170713581	0.19090343246648753	0.001531298720503897	0.1879020869742999	0.19390477795867517
mean_skew	[-0.5,-0.2)	pELS	K562	108886	108866	26220.467	23253.823677	108762	76182.78099085913	612350.8088110695	17889	43823	55724	0.7004540279772267	5.139602182800042	0.006874263257063445	0.6869804719933823	0.713927583961071	0.1644784023831853	0.0011240734423562852	0.162275218436167	0.16668158633020363
mean_skew	[-0.5,-0.2)	pELS	MCF-7	78298	78290	17371.167	13449.359269	78296	68834.52598979861	500560.78621999314	15348	32655	44568	0.8791576324435298	5.620338301557305	0.00847249733947025	0.8625515376581682	0.8957637272288915	0.196025339736385	0.0014187553112706424	0.19324457932629455	0.19880610014647546
mean_skew	[-0.5,-0.2)	pELS	SK-N-SH	70447	70440	13665.387	7475.438005	70444	72137.09697915206	503635.5552042111	15400	29788	41514	1.0240346513422303	6.100885371865543	0.009306243856596308	1.0057944133833014	1.042274889301159	0.21861336664584635	0.0015572177338822532	0.21556121988743712	0.22166551340425558
mean_skew	[-1.0,-0.5)	Inactive cCRE	H1	837233	836932	527843.445	1047060.254921	834857	-49623.03206140562	2529495.044548925	47923	82589	234786	-0.05943896027871314	3.026324902878242	0.0019039332979197926	-0.06317066954263593	-0.05570725101479035	0.057402645003874916	2.545792566633777e-4	0.0569036696608147	0.057901620346935134
mean_skew	[-1.0,-0.5)	Inactive cCRE	HCT116	824221	823936	523787.284	1038473.980322	821829	-70124.97000609581	2416680.010392518	44705	81460	225054	-0.08532793319059781	2.9333344588366974	0.0018892527407719463	-0.08903086856251083	-0.08162499781868479	0.054396960924961275	2.501790949380636e-4	0.05390660989888267	0.05488731195103988
mean_skew	[-1.0,-0.5)	Inactive cCRE	HepG2	843847	843554	526973.47	1040853.143976	841428	-44246.75202911418	2573419.94163144	49381	83594	239515	-0.052585309769955575	3.055634312269127	0.0019056459190341843	-0.056320375771262574	-0.04885024376864858	0.05868713662963438	2.562300003316985e-4	0.05818492582898425	0.05918934743028451
mean_skew	[-1.0,-0.5)	Inactive cCRE	K562	784777	784503	501521.889	1001881.360811	782517	-67439.59802383861	2296883.044754094	42377	71778	210562	-0.08618291746228977	2.927826272490167	0.0019343085930358358	-0.08997416230464002	-0.08239167261993953	0.05415473401855806	2.558476134309136e-4	0.05365327269623347	0.05465619534088265
mean_skew	[-1.0,-0.5)	Inactive cCRE	MCF-7	833760	833480	521158.029	1031568.589381	831323	-44975.4650750208	2511713.388692327	47564	79621	236998	-0.05410107151494762	3.01842146345205	0.0019054828402579485	-0.0578358178818532	-0.05036632514804204	0.05721482504393599	2.547274578466016e-4	0.056715559226556654	0.05771409086131533
mean_skew	[-1.0,-0.5)	Inactive cCRE	SK-N-SH	830947	830669	523136.332	1039865.030846	828500	-72337.84703750246	2368696.9656754336	43311	76215	236743	-0.08731182503017798	2.851398753929498	0.0018551657653193454	-0.0909479499302039	-0.08367570013015206	0.05227640313820157	2.445386103277322e-4	0.05179710746195921	0.052755698814443926
mean_skew	[-1.0,-0.5)	Other cCREs	H1	78883	78875	30780.014	44108.387048	78752	60880.82295880688	562358.3400897845	14522	14499	51111	0.7730701818215014	6.543322512927798	0.009115245445086743	0.7552043007491315	0.7909360628938714	0.1844016659894352	0.0013819419143047734	0.18169305983739784	0.18711027214147255
mean_skew	[-1.0,-0.5)	Other cCREs	HCT116	62265	62250	22594.702	32817.61508	62150	67165.20392414347	534255.7306592332	13630	8135	42620	1.0806951556579802	7.428448086849844	0.010932726404090933	1.059267011905962	1.1021232994099985	0.21930812550281578	0.0016597650852558093	0.2160549859357144	0.22256126506991716
mean_skew	[-1.0,-0.5)	Other cCREs	HepG2	59337	59322	23884.268	35915.9775	59242	59216.64492960265	496058.6525749709	12638	10045	39719	0.9995720085345303	7.374408802417446	0.01115703379787687	0.9777042222906916	1.0214397947783689	0.21332838189122583	0.0016830856011285124	0.21002953411301395	0.2166272296694377
mean_skew	[-1.0,-0.5)	Other cCREs	K562	91243	91214	40070.362	62548.366214	91052	65502.73692548076	632484.8371996892	15720	14749	54796	0.7193992106211918	6.428948830457335	0.008402823468087137	0.7029296766237411	0.7358687446186426	0.17264859640644906	0.0012525116819381774	0.17019367350985024	0.17510351930304788
mean_skew	[-1.0,-0.5)	Other cCREs	MCF-7	62291	62281	28625.394	45694.705444	62213	42296.216974602445	452105.04045509	11013	10683	36400	0.6798613951200303	6.804948810107974	0.010458559204256371	0.6593626190796879	0.7003601711603727	0.17702087988041085	0.001530263021981754	0.1740215643573266	0.1800201954034951
mean_skew	[-1.0,-0.5)	Other cCREs	SK-N-SH	77500	77477	34354.076	51800.747584	77429	62409.80498404066	594885.2467816229	15325	16963	43600	0.8060262302760033	7.0333898194203135	0.009530825520561642	0.7873458122557024	0.8247066482963041	0.19792325872735023	0.001431873173775941	0.1951167873067494	0.20072973014795106
mean_skew	[-1.0,-0.5)	PLS	H1	33861	33859	6059.894	2564.964176	33843	80910.78300604169	514582.67219903786	14808	14737	23456	2.390768637710655	9.4895014991898	0.016745081760825235	2.3579482774594376	2.4235889979618723	0.4375498626008333	0.0026966300049377505	0.4322644677911553	0.4428352574105113
mean_skew	[-1.0,-0.5)	PLS	HCT116	31791	31789	5898.707	2915.885173	31782	74336.27900865079	471156.24737110233	13717	13997	22122	2.338942766617922	9.35426655191866	0.017155929736166604	2.3053171443350355	2.3725683889008082	0.43159650116418097	0.0027782845082177823	0.42615106352807414	0.4370419388002878
mean_skew	[-1.0,-0.5)	PLS	HepG2	29712	29711	5619.264	3007.26564	29694	68995.83801469368	441898.0302439853	12728	13154	20686	2.3235615954298403	9.483108840081664	0.01787067741688528	2.288535067692745	2.3585881231669354	0.4286387822455715	0.002871883102555749	0.42300989136456224	0.43426767312658077
mean_skew	[-1.0,-0.5)	PLS	K562	32502	32502	6165.729	3293.102439	32492	74087.4350161329	469072.5754133097	13687	14254	22489	2.280174658873966	9.237643764382497	0.016861351534283274	2.247126409866771	2.3132229078811615	0.42124215191431735	0.002739215091166631	0.41587329033563075	0.42661101349300395
mean_skew	[-1.0,-0.5)	PLS	MCF-7	33729	33728	6186.228	2885.678394	33711	80124.42899877961	503970.31025769113	14712	14747	23402	2.3768036842211626	9.300809024540932	0.016610187913311727	2.3442477159110715	2.4093596525312537	0.4364154133665569	0.002701119362641772	0.4311212194157791	0.4417096073173348
mean_skew	[-1.0,-0.5)	PLS	SK-N-SH	35996	35990	6489.822	2741.322592	35978	86491.14198917885	543968.3671692173	15821	15566	24781	2.404000833542133	9.340511708403158	0.01611264452508424	2.372420050272968	2.435581616811298	0.43974095280449166	0.0026168232332960326	0.43461197926723144	0.4448699263417519
mean_skew	[-1.0,-0.5)	dELS	H1	12616	12613	5274.96	7867.125356	12592	9207.252990670962	81199.38302674353	2187	2532	7733	0.7311986174293966	5.9143080271338455	0.02167228046148706	0.688720947724882	0.7736762871339112	0.17368170266836086	0.0033760071774339355	0.16706472860059035	0.18029867673613137
mean_skew	[-1.0,-0.5)	dELS	HCT116	35079	35074	15124.619	24558.647783	35046	21025.511975335656	200501.8592359471	5494	6933	21336	0.5999404204569896	5.361329854220025	0.012368500063472645	0.5756981603325833	0.6241826805813959	0.15676539405352966	0.0019421379815888677	0.15295880360961547	0.16057198449744384
mean_skew	[-1.0,-0.5)	dELS	HepG2	24059	24056	11706.153	19650.533435	24055	12925.991988132948	139819.59570129903	3644	5077	13678	0.5373515688269777	5.523979114817944	0.015153862186699308	0.507649998941047	0.5670531387129083	0.1514861775098732	0.002311603182167546	0.1469554352728248	0.15601691974692158
mean_skew	[-1.0,-0.5)	dELS	K562	37519	37514	17412.917	28711.951313	37477	14358.422990251096	180696.05508096033	4499	7049	19933	0.383126263848523	4.674857672268884	0.011168678439236163	0.3612356541076201	0.4050168735894259	0.12004696213677722	0.0016788926403631596	0.11675633256166543	0.12333759171188902
mean_skew	[-1.0,-0.5)	dELS	MCF-7	23861	23842	11671.788	19217.208756	23844	13038.759989646387	147686.67703336876	3884	5403	14522	0.546836100891058	5.895089223678908	0.015723732064254748	0.5160175860451187	0.5776546157369974	0.16289213219258514	0.0023913944079744843	0.15820499915295516	0.1675792652322151
mean_skew	[-1.0,-0.5)	dELS	SK-N-SH	12131	12128	4948.127	6862.651645	12116	13854.451966341936	113874.64318385994	2934	2902	7903	1.1434839853369045	8.09181174038205	0.025843019349345155	1.092831667412188	1.194136303261621	0.24215912842522286	0.003891883234721605	0.23453103728516853	0.2497872195652772
mean_skew	[-1.0,-0.5)	non-cCRE	H1	915473	914992	702962.434	1510588.37472	907472	-318128.3105041496	1562767.0047608542	11188	41104	23240	-0.35056542846958316	1.5992160821455037	0.0013275074204592084	-0.3531673430136832	-0.34796351392548314	0.012328755046987676	1.1583750639961772e-4	0.012101713534444426	0.012555796559530926
mean_skew	[-1.0,-0.5)	non-cCRE	HCT116	915473	914992	702962.434	1510588.37472	907472	-318128.3105041496	1562767.0047608542	11188	41104	23240	-0.35056542846958316	1.5992160821455037	0.0013275074204592084	-0.3531673430136832	-0.34796351392548314	0.012328755046987676	1.1583750639961772e-4	0.012101713534444426	0.012555796559530926
mean_skew	[-1.0,-0.5)	non-cCRE	HepG2	915473	914992	702962.434	1510588.37472	907472	-318128.3105041496	1562767.0047608542	11188	41104	23240	-0.35056542846958316	1.5992160821455037	0.0013275074204592084	-0.3531673430136832	-0.34796351392548314	0.012328755046987676	1.1583750639961772e-4	0.012101713534444426	0.012555796559530926
mean_skew	[-1.0,-0.5)	non-cCRE	K562	915473	914992	702962.434	1510588.37472	907472	-318128.3105041496	1562767.0047608542	11188	41104	23240	-0.35056542846958316	1.5992160821455037	0.0013275074204592084	-0.3531673430136832	-0.34796351392548314	0.012328755046987676	1.1583750639961772e-4	0.012101713534444426	0.012555796559530926
mean_skew	[-1.0,-0.5)	non-cCRE	MCF-7	915473	914992	702962.434	1510588.37472	907472	-318128.3105041496	1562767.0047608542	11188	41104	23240	-0.35056542846958316	1.5992160821455037	0.0013275074204592084	-0.3531673430136832	-0.34796351392548314	0.012328755046987676	1.1583750639961772e-4	0.012101713534444426	0.012555796559530926
mean_skew	[-1.0,-0.5)	non-cCRE	SK-N-SH	915473	914992	702962.434	1510588.37472	907472	-318128.3105041496	1562767.0047608542	11188	41104	23240	-0.35056542846958316	1.5992160821455037	0.0013275074204592084	-0.3531673430136832	-0.34796351392548314	0.012328755046987676	1.1583750639961772e-4	0.012101713534444426	0.012555796559530926
mean_skew	[-1.0,-0.5)	pELS	H1	14225	14225	3016.884	2063.029322	14223	23404.99001070009	154633.57051446915	4425	6032	9322	1.6455733678337967	8.16474070302665	0.023959380985664986	1.5986129811018934	1.6925337545657	0.3111157983547775	0.0038818481263212957	0.30350737602718775	0.3187242206823672
mean_skew	[-1.0,-0.5)	pELS	HCT116	23462	23455	5569.885	4897.632465	23460	32378.7920027799	219675.16272015905	6319	9864	15276	1.38017016209633	7.459265958190842	0.017831342510070843	1.345220730776591	1.415119593416069	0.2693520886615516	0.0028963446771990793	0.2636752530942414	0.27502892422886177
mean_skew	[-1.0,-0.5)	pELS	HepG2	19863	19861	4792.042	4236.840272	19848	27889.094001498885	191072.79022726452	5474	8519	12810	1.4051337163189683	7.652788024798172	0.019635929598493824	1.3666472943059205	1.4436201383320162	0.27579604997984686	0.0031722403863342513	0.2695784588226317	0.282013641137062
mean_skew	[-1.0,-0.5)	pELS	K562	30777	30771	7804.3	7228.980046	30729	38271.81999678782	263132.49793090584	7582	12559	18628	1.2454625922349511	7.012053429710916	0.015105962233993459	1.215854906256324	1.2750702782135783	0.2467376094243223	0.002459328851445844	0.24191732487548845	0.25155789397315614
mean_skew	[-1.0,-0.5)	pELS	MCF-7	23177	23173	5333.758	4297.578848	23176	34296.87601680633	226793.5939404822	6692	9935	15086	1.479844495029614	7.596097120616966	0.018104061376998246	1.4443605347306974	1.5153284553285304	0.28874697963410423	0.0029768129462527846	0.2829124262594488	0.29458153300875967
mean_skew	[-1.0,-0.5)	pELS	SK-N-SH	20244	20240	4046.84	2394.008156	20244	34363.26500275497	220843.78756882693	6474	8743	13381	1.6974543075852089	8.028143820936048	0.019914041494715054	1.6584227862555674	1.7364858289148504	0.31979845880260815	0.003277999060079498	0.3133735806448523	0.326223336960364
mean_skew	[-1.5,-1.0)	Inactive cCRE	H1	167439	167389	113699.248	235009.289946	166789	-4685.711985825326	514453.6172252612	9853	16809	55545	-0.028093651174989517	3.0836869467061474	0.004299831518064565	-0.03652132095039606	-0.01966598139958297	0.05907463921481632	5.772905172200907e-4	0.05794314980106494	0.0602061286285677
mean_skew	[-1.5,-1.0)	Inactive cCRE	HCT116	162791	162741	112245.756	232176.601326	162121	-8949.02397843508	489053.89125505026	9078	16239	52119	-0.05519965938055576	3.0135696285446105	0.004311426414886665	-0.06365005515373362	-0.0467492636073779	0.05599521345168115	5.71008947438045e-4	0.05487603591470258	0.057114390988659725
mean_skew	[-1.5,-1.0)	Inactive cCRE	HepG2	168358	168306	113260.115	233327.365075	167681	-1226.2719860774243	536606.0030909033	10464	16831	56343	-0.007313124242325751	3.20012544854195	0.004368592884736471	-0.015875566296409235	0.0012493178117577311	0.062404207990171816	5.907079760132595e-4	0.061246420357185825	0.0635619956231578
mean_skew	[-1.5,-1.0)	Inactive cCRE	K562	154230	154182	106191.164	221146.183208	153601	-9190.355983203748	455495.8141855899	8488	14227	48153	-0.05983265723012056	2.961887570092605	0.004391240902157485	-0.06843948939834923	-0.05122582506189189	0.05526005690067122	5.829949341865595e-4	0.05411738682966556	0.05640272697167688
mean_skew	[-1.5,-1.0)	Inactive cCRE	MCF-7	167517	167468	112425.178	231661.147364	166862	-2491.4859879266005	517378.29906329175	9982	16373	56398	-0.014931416307647041	3.1004314827837622	0.004310546622508793	-0.023380087687764277	-0.006482744927529807	0.05982188874638923	5.805724268594119e-4	0.05868396678974479	0.060959810703033676
mean_skew	[-1.5,-1.0)	Inactive cCRE	SK-N-SH	168428	168381	113400.485	234523.334239	167743	-7314.037979494669	491408.1665672033	9322	15882	57359	-0.043602642014836206	2.927646356830731	0.0041776986006119895	-0.051790931272035705	-0.035414352757636706	0.05557310886296298	5.593637467565745e-4	0.054476755919320094	0.05666946180660587
mean_skew	[-1.5,-1.0)	Other cCREs	H1	16805	16805	6634.197	9889.882471	16769	20221.70600167847	158619.61373976586	4002	2925	12097	1.2058981454874156	8.005385017518492	0.02184930009622466	1.1630735172988151	1.248722773676016	0.23865466038523467	0.0032917149828432853	0.23220289901886182	0.24510642175160752
mean_skew	[-1.5,-1.0)	Other cCREs	HCT116	13407	13407	4787.302	7130.661514	13386	17831.717005630144	134289.49522041486	3261	1648	9931	1.3321169136134876	8.258166858307485	0.024837988204036716	1.2834344567335756	1.3807993704933996	0.2436127297176154	0.003710194560298523	0.2363407483794303	0.2508847110558005
mean_skew	[-1.5,-1.0)	Other cCREs	HepG2	13097	13097	5378.89	8452.462592	13089	17369.013012756706	133726.04155018253	3273	2136	9558	1.3269931249718623	8.456408977285115	0.02541790519087961	1.2771740307977382	1.3768122191459864	0.25005730002292	0.0037851280481523636	0.24263844904854134	0.2574761509972986
mean_skew	[-1.5,-1.0)	Other cCREs	K562	20470	20466	9547.72	15836.447744	20434	19707.538005228977	169684.7796927476	4056	3172	13700	0.9644483706190162	7.374241510042196	0.018996867075872153	0.9272145111503068	1.0016822300877257	0.19849270823137907	0.0027902898736604682	0.19302374007900455	0.2039616763837536
mean_skew	[-1.5,-1.0)	Other cCREs	MCF-7	12384	12381	5872.257	9786.772297	12361	13166.860018947156	117919.47519547734	2759	2024	8208	1.0651937560834202	8.405681077351975	0.026077121525928934	1.0140825978925994	1.116304914274241	0.2232020063101691	0.0037452110098626103	0.21586139273083838	0.2305426198894998
mean_skew	[-1.5,-1.0)	Other cCREs	SK-N-SH	14430	14426	6641.626	10350.583854	14426	17344.363007460022	147076.2177980618	3532	3080	9180	1.2022988359531417	8.750302276869595	0.02462853414405651	1.1540269090307909	1.2505707628754925	0.2448357132954388	0.0035800174303744865	0.2378188791319048	0.2518525474589728
mean_skew	[-1.5,-1.0)	PLS	H1	8051	8049	1452.611	584.396847	8042	27920.4229826606	181569.61970048095	4717	3708	6136	3.4718257874484704	10.52540420256323	0.03617740044186516	3.4009180825824146	3.542733492314526	0.5865456354140761	0.005491394694562259	0.575782501812734	0.5973087690154182
mean_skew	[-1.5,-1.0)	PLS	HCT116	7682	7681	1467.998	760.931412	7675	26165.48298907384	168917.6030480576	4475	3597	5826	3.409183451345126	10.387629846918772	0.03678908960011176	3.3370768357289067	3.481290066961345	0.5830618892508144	0.0056279979783962234	0.5720310132131577	0.594092765288471
mean_skew	[-1.5,-1.0)	PLS	HepG2	7231	7231	1435.301	835.852441	7222	24706.43198937457	160877.19342398836	4203	3401	5484	3.420995844554773	10.5742407221386	0.038264483399829165	3.3459974570911077	3.495994232018438	0.5819717529770146	0.0058039682148296745	0.5705959752759485	0.5933475306780808
mean_skew	[-1.5,-1.0)	PLS	K562	7859	7859	1572.016	968.909238	7851	26228.0459867036	169958.4776773114	4475	3618	5921	3.3407267847030444	10.488884323453185	0.03655124372492539	3.2690863470021907	3.412367222403898	0.5699910839383519	0.00558740655240004	0.5590397670956477	0.580942400781056
mean_skew	[-1.5,-1.0)	PLS	MCF-7	7914	7914	1498.433	746.545933	7905	27508.488985176187	177265.55796289598	4686	3679	6008	3.479884754607993	10.31619262665479	0.03612507723372949	3.4090796032298836	3.550689905986103	0.5927893738140417	0.0055259737692389815	0.5819584652263333	0.6036202824017501
mean_skew	[-1.5,-1.0)	PLS	SK-N-SH	8333	8332	1526.31	649.896176	8324	29008.459980498057	187120.56756598895	4929	3825	6291	3.484918306162669	10.336231448559907	0.03523831041594753	3.4158512177474116	3.5539853945779263	0.5921432003844306	0.005386432118186328	0.5815857934327854	0.6027006073360758
mean_skew	[-1.5,-1.0)	dELS	H1	2706	2706	1142.997	1801.165163	2705	2612.936003057053	19986.968630682117	560	517	1826	0.9659652506680417	6.458196468013891	0.04886208463980118	0.8701955647740314	1.061734936562052	0.20702402957486138	0.00779034619314432	0.19175495103629853	0.22229310811342423
mean_skew	[-1.5,-1.0)	dELS	HCT116	8962	8961	3749.53	6299.57682	8962	7871.890993249486	60673.987079546845	1739	1640	6205	0.8783631994252942	5.999286655639891	0.025873032680558607	0.8276520553713993	0.929074343479189	0.19404150859183217	0.004177353124515041	0.1858538964677827	0.20222912071588164
mean_skew	[-1.5,-1.0)	dELS	HepG2	5140	5140	2434.242	4102.973572	5140	3979.351989827934	34094.6335310015	932	1063	3462	0.7741929941299482	6.034996516695786	0.034265490452247034	0.7070326328435441	0.8413533554163524	0.18132295719844357	0.005374043076364896	0.17078983276876838	0.19185608162811876
mean_skew	[-1.5,-1.0)	dELS	K562	9141	9141	4454.396	7790.567056	9122	5103.615995369735	50324.089337345555	1300	1659	5783	0.5594843231056496	5.204330248523731	0.02388566790751857	0.5126684140069131	0.606300232204386	0.14251260688445516	0.00366012131287126	0.1353387691112275	0.14968644465768283
mean_skew	[-1.5,-1.0)	dELS	MCF-7	5459	5459	2591.8379999999997	4420.495598	5452	4647.524990684935	41375.982089236066	1106	1171	3807	0.8524440555181465	6.8637363856273454	0.03548153288186662	0.782900251069688	0.921987859966605	0.2028613352898019	0.005446138150190574	0.1921869045154284	0.21353576606417543
mean_skew	[-1.5,-1.0)	dELS	SK-N-SH	2739	2739	1150.974	1642.875434	2739	4023.7379934503697	30044.968738709093	829	659	1996	1.4690536668310952	8.81441989958482	0.05672844140380949	1.3578659216796285	1.5802414119825618	0.3026652062796641	0.008778208672301524	0.2854599172819531	0.3198704952773751
mean_skew	[-1.5,-1.0)	non-cCRE	H1	194394	194316	168252.253	377884.552397	192343	-67118.15683932623	308199.29107094585	1844	9057	4682	-0.3489503482805521	1.480583475610705	0.00277445864809671	-0.35438828723082166	-0.34351240933028254	0.009587039819489142	2.2218371814184583e-4	0.009151559731931123	0.01002251990704716
mean_skew	[-1.5,-1.0)	non-cCRE	HCT116	194394	194316	168252.253	377884.552397	192343	-67118.15683932623	308199.29107094585	1844	9057	4682	-0.3489503482805521	1.480583475610705	0.00277445864809671	-0.35438828723082166	-0.34351240933028254	0.009587039819489142	2.2218371814184583e-4	0.009151559731931123	0.01002251990704716
mean_skew	[-1.5,-1.0)	non-cCRE	HepG2	194394	194316	168252.253	377884.552397	192343	-67118.15683932623	308199.29107094585	1844	9057	4682	-0.3489503482805521	1.480583475610705	0.00277445864809671	-0.35438828723082166	-0.34351240933028254	0.009587039819489142	2.2218371814184583e-4	0.009151559731931123	0.01002251990704716
mean_skew	[-1.5,-1.0)	non-cCRE	K562	194394	194316	168252.253	377884.552397	192343	-67118.15683932623	308199.29107094585	1844	9057	4682	-0.3489503482805521	1.480583475610705	0.00277445864809671	-0.35438828723082166	-0.34351240933028254	0.009587039819489142	2.2218371814184583e-4	0.009151559731931123	0.01002251990704716
mean_skew	[-1.5,-1.0)	non-cCRE	MCF-7	194394	194316	168252.253	377884.552397	192343	-67118.15683932623	308199.29107094585	1844	9057	4682	-0.3489503482805521	1.480583475610705	0.00277445864809671	-0.35438828723082166	-0.34351240933028254	0.009587039819489142	2.2218371814184583e-4	0.009151559731931123	0.01002251990704716
mean_skew	[-1.5,-1.0)	non-cCRE	SK-N-SH	194394	194316	168252.253	377884.552397	192343	-67118.15683932623	308199.29107094585	1844	9057	4682	-0.3489503482805521	1.480583475610705	0.00277445864809671	-0.35438828723082166	-0.34351240933028254	0.009587039819489142	2.2218371814184583e-4	0.009151559731931123	0.01002251990704716
mean_skew	[-1.5,-1.0)	pELS	H1	3071	3071	669.471	489.338163	3069	7063.838005827278	46053.54716713662	1235	1346	2231	2.3016741628632382	9.711503826099282	0.05625288472701246	2.191418508798294	2.4119298169281826	0.4024112088628218	0.008851926757110934	0.38506143241888435	0.4197609853067592
mean_skew	[-1.5,-1.0)	pELS	HCT116	5230	5230	1347.938	1406.301518	5230	10213.12399787968	67748.38986025703	1814	2181	3754	1.952796175502807	9.142138148261933	0.041809314349772295	1.8708499193772532	2.0347424316283607	0.3468451242829828	0.00658150232525838	0.3339453797254764	0.35974486884048923
mean_skew	[-1.5,-1.0)	pELS	HepG2	4246	4246	1089.976	1055.41891	4242	8304.66600151628	55379.49486725124	1495	1874	2988	1.9577241870618292	9.224534159540855	0.04663230572957944	1.8663248678318534	2.0491235062918047	0.3524280999528524	0.007334895481837818	0.33805170480845026	0.36680449509725455
mean_skew	[-1.5,-1.0)	pELS	K562	6372	6372	1833.228	2031.965344	6366	11284.34700329952	75220.20557033218	2048	2629	4278	1.7725961362393212	8.675194921021161	0.036915291628958825	1.700242164646562	1.8449501078320805	0.3217090794847628	0.005854722882303019	0.31023382263544885	0.33318433633407674
mean_skew	[-1.5,-1.0)	pELS	MCF-7	4798	4798	1210.818	1159.111398	4794	10301.803000516376	66744.05215242557	1834	2058	3414	2.1488950772875213	9.3066051319487	0.0440602167212996	2.062537052513774	2.2352531020612685	0.38256153525239883	0.007019375518189495	0.3688035592367474	0.39631951126805026
mean_skew	[-1.5,-1.0)	pELS	SK-N-SH	4142	4142	879.129	607.382887	4142	10070.668005484276	65033.445793363506	1755	1859	3009	2.4313539366210226	9.791858849028236	0.04862140730125639	2.33605597831056	2.526651894931485	0.42370835345243846	0.007678026877574262	0.4086594207723929	0.438757286132484
mean_skew	[0.05,0.2)	Inactive cCRE	H1	16311898	16303911	3028345.675999998	2688435.1663260018	16272945	-1058812.0032163216	35424621.38161765	661755	1263545	1578595	-0.06506578884254335	2.1726694901299006	3.6539597121679424e-4	-0.06578196494612827	-0.06434961273895844	0.040665964273829965	4.896292852369572e-5	0.04056999693392352	0.04076193161373641
mean_skew	[0.05,0.2)	Inactive cCRE	HCT116	16200987	16193113	3008953.444999998	2670733.4233870017	16162209	-992285.3222968224	35614396.10776494	670499	1242374	1546986	-0.06139540221864613	2.1997906691515703	3.689268965415446e-4	-0.06211849893586756	-0.0606723055014247	0.041485603855265084	4.9601826480925095e-5	0.04138838427536247	0.0415828234351677
mean_skew	[0.05,0.2)	Inactive cCRE	HepG2	16244947	16236898	3012993.088999998	2671277.987427002	16205752	-996602.9832640596	35656390.285348415	671551	1244828	1591105	-0.0614968674865603	2.1964487991793726	3.6815096885517407e-4	-0.06221844338551644	-0.06077529158760416	0.0414390520106688	4.95085466333174e-5	0.0413420152592675	0.04153608876207011
mean_skew	[0.05,0.2)	Inactive cCRE	K562	15835211	15827239	2943403.713999998	2622941.613468002	15796731	-978764.0462875998	34727385.009416014	653500	1147838	1490065	-0.061959910964338116	2.1945517126805956	3.727256649396087e-4	-0.06269045326761975	-0.06122936866105649	0.04136931875335473	5.010501951039786e-5	0.04127111291511435	0.041467524591595105
mean_skew	[0.05,0.2)	Inactive cCRE	MCF-7	16224568	16216641	3000938.625999998	2649395.790572002	16185017	-966647.591244109	35452702.30529481	666319	1223653	1580053	-0.05972484250366305	2.186897401284695	3.675848674821198e-4	-0.06044530884392801	-0.05900437616339809	0.041168878599262514	4.938544820528392e-5	0.04107208312078016	0.04126567407774487
mean_skew	[0.05,0.2)	Inactive cCRE	SK-N-SH	16087434	16079604	2977454.168999998	2640073.719521002	16047925	-1152679.706084293	34206826.37897332	626180	1170787	1529196	-0.07182733631197137	2.1263829805066634	3.6400831203605447e-4	-0.07254079260356204	-0.0711138800203807	0.03901937477898233	4.833792750082401e-5	0.038924632441080714	0.03911411711688395
mean_skew	[0.05,0.2)	Other cCREs	H1	650315	650123	109913.994	76734.803964	649186	-16460.3260683981	2169991.229199249	42822	108981	193931	-0.02535533124312308	3.3419963064140648	0.002268915960011202	-0.029802406524745036	-0.020908255961501122	0.06596260547824506	3.080679083663834e-4	0.06535879237784695	0.06656641857864318
mean_skew	[0.05,0.2)	Other cCREs	HCT116	501345	501163	83393.899	58030.882347	500213	-53559.37294772499	1307611.3236161252	23319	62839	143358	-0.10707313274090235	2.6026495841102855	0.0022810266668782148	-0.11154394500798366	-0.10260232047382105	0.0466181406720737	2.980804058357923e-4	0.046033903076635546	0.04720237826751185
mean_skew	[0.05,0.2)	Other cCREs	HepG2	511237	511107	87846.909	63815.059665	510501	-50951.35300907212	1461320.981473493	25575	78046	139737	-0.09980656846719618	2.852567486328887	0.0023638486433183656	-0.10443971180810017	-0.09517342512629219	0.05009784505808999	3.053167708764829e-4	0.049499424187172084	0.0506962659290079
mean_skew	[0.05,0.2)	Other cCREs	K562	703247	703077	123833.616	94216.574848	702118	-72038.83095574717	1835182.328344505	32556	105620	179698	-0.10260217079714118	2.6032569897990747	0.0019255440933193453	-0.10637623722004709	-0.09882810437423527	0.0463682742786825	2.509549453034359e-4	0.045876402585887766	0.04686014597147724
mean_skew	[0.05,0.2)	Other cCREs	MCF-7	564807	564590	105460.09	90821.34742	564362	-106318.95304071976	1632433.045370665	26365	88156	131069	-0.18838786637073326	2.8570433546126566	0.0022499845369058683	-0.19279783606306877	-0.18397789667839776	0.04671646921656667	2.809099801215158e-4	0.0461658856555285	0.04726705277760484
mean_skew	[0.05,0.2)	Other cCREs	SK-N-SH	782436	782105	146763.927	120544.262873	781876	21968.330892253096	2843322.526197857	62326	156604	196815	0.028096950017973563	3.6357541590443474	0.002156394987022175	0.023870415843410098	0.03232348419253703	0.07971340724104589	3.063079668900791e-4	0.07911304362594133	0.08031377085615045
mean_skew	[0.05,0.2)	PLS	H1	163687	163638	23032.391	7184.719559	163607	47908.71597814384	1044580.1338587328	24502	68687	80768	0.29282803289678216	6.2989812036248205	0.006204891840780106	0.2806664448888532	0.30498962090471116	0.14976131828100264	8.822045964967548e-4	0.148032197271869	0.15149043929013628
mean_skew	[0.05,0.2)	PLS	HCT116	151721	151674	21495.484	7020.419684	151681	35724.54195997062	935286.2509824384	21424	65617	75645	0.23552417217694122	6.110708450757621	0.006347170872650797	0.22308371726654566	0.24796462708733677	0.14124379454249378	8.942398939915156e-4	0.1394910843502704	0.14299650473471714
mean_skew	[0.05,0.2)	PLS	HepG2	141207	141171	19889.707	6551.800331	141127	28086.699973651102	885267.5953016708	19406	61895	69703	0.19901719708950877	6.2332798987955504	0.006645891696617702	0.18599124936413808	0.21204314481487946	0.13750735153443353	9.1671767486928e-4	0.13571058489168975	0.1393041181771773
mean_skew	[0.05,0.2)	PLS	K562	158301	158262	22625.24	7593.862316	158225	35498.66194888147	944974.844450052	21661	68137	77534	0.2243555819174054	5.922050520093168	0.0061178454533914696	0.21236460482875813	0.23634655900605267	0.1368999841997156	8.641610927497037e-4	0.13520622845792618	0.13859373994150503
mean_skew	[0.05,0.2)	PLS	MCF-7	163703	163657	23469.13	7712.3314	163623	48176.68895991182	998086.6474807096	24142	69974	81413	0.2944371448996279	6.013260079528644	0.006062235709152318	0.28255516290968935	0.3063191268895665	0.1475464940747939	8.767537302285909e-4	0.14582805676354585	0.14926493138604194
mean_skew	[0.05,0.2)	PLS	SK-N-SH	181573	181510	26020.403	8306.071357	181480	63263.74195385365	1121551.535113956	27759	76144	88736	0.34859897483939634	6.0585404345645415	0.005777894664518203	0.33727430129694064	0.35992364838185203	0.15295900374696936	8.449389935359685e-4	0.15130292331963885	0.15461508417429987
mean_skew	[0.05,0.2)	dELS	H1	107668	107655	18765.72	14078.155124	107599	20958.18297459919	440015.1631161057	10225	18921	34646	0.19478046240763566	4.0514964826956765	0.006136258059869297	0.18275339661029183	0.2068075282049795	0.0950287642078458	8.940067770273059e-4	0.09327651092487228	0.09678101749081931
mean_skew	[0.05,0.2)	dELS	HCT116	286355	286259	52421.979	43876.588743	286098	-1028.8110171961555	916422.5035305278	17804	50890	89381	-0.003596009119938467	3.2031751605809475	0.003346053904375063	-0.01015427477251359	0.002962256532636656	0.06223042453984299	4.5163962722186444e-4	0.06134521087048814	0.06311563820919784
mean_skew	[0.05,0.2)	dELS	HepG2	268553	268539	48801.76	38826.720098	268411	10645.177996355696	872131.8730557531	18550	48207	68269	0.0396599915664995	3.247679614717014	0.0034784553624347255	0.032842219056127435	0.04647776407687156	0.0691104313906658	4.895766865981181e-4	0.0681508610849335	0.07007000169639811
mean_skew	[0.05,0.2)	dELS	K562	318491	318449	57804.875	46595.111317	318232	-12489.50800281344	934177.5887692232	16856	53985	79028	-0.03924654969586164	2.9339926615342753	0.0030363902450771738	-0.045197874576212896	-0.03329522481551038	0.05296764624550642	3.9702314123021354e-4	0.052189480888695204	0.05374581160231764
mean_skew	[0.05,0.2)	dELS	MCF-7	192747	192719	36870.657	32535.489213	192573	-3112.313983834224	700186.1024149325	14005	40596	61545	-0.016161735984973096	3.6357092516981875	0.004345070972385294	-0.024678075090848274	-0.00764539687909792	0.07272566766888401	5.917663686420445e-4	0.07156580558634561	0.07388552975142242
mean_skew	[0.05,0.2)	dELS	SK-N-SH	105865	105860	19188.222	14436.816668	105788	27447.753951119033	569761.2667702814	13049	22504	39865	0.25945999500055805	5.3186088334799875	0.007090564663503516	0.24556248826009117	0.27335750174102497	0.1233504745339736	0.0010110327180730553	0.12136885040655042	0.1253320986613968
mean_skew	[0.05,0.2)	non-cCRE	H1	46523755	46499324	8207783.258999991	6971771.180948983	45962942	-7068293.57159667	57314339.16248618	591546	1247765	268865	-0.15378244437870556	1.2233194498902877	1.631420933911197e-4	-0.15410220288175216	-0.15346268587565895	0.012870063887555327	1.6625457424569062e-5	0.012837477991003172	0.012902649784107482
mean_skew	[0.05,0.2)	non-cCRE	HCT116	46523755	46499324	8207783.258999991	6971771.180948983	45962942	-7068293.57159667	57314339.16248618	591546	1247765	268865	-0.15378244437870556	1.2233194498902877	1.631420933911197e-4	-0.15410220288175216	-0.15346268587565895	0.012870063887555327	1.6625457424569062e-5	0.012837477991003172	0.012902649784107482
mean_skew	[0.05,0.2)	non-cCRE	HepG2	46523755	46499324	8207783.258999991	6971771.180948983	45962942	-7068293.57159667	57314339.16248618	591546	1247765	268865	-0.15378244437870556	1.2233194498902877	1.631420933911197e-4	-0.15410220288175216	-0.15346268587565895	0.012870063887555327	1.6625457424569062e-5	0.012837477991003172	0.012902649784107482
mean_skew	[0.05,0.2)	non-cCRE	K562	46523755	46499324	8207783.258999991	6971771.180948983	45962942	-7068293.57159667	57314339.16248618	591546	1247765	268865	-0.15378244437870556	1.2233194498902877	1.631420933911197e-4	-0.15410220288175216	-0.15346268587565895	0.012870063887555327	1.6625457424569062e-5	0.012837477991003172	0.012902649784107482
mean_skew	[0.05,0.2)	non-cCRE	MCF-7	46523755	46499324	8207783.258999991	6971771.180948983	45962942	-7068293.57159667	57314339.16248618	591546	1247765	268865	-0.15378244437870556	1.2233194498902877	1.631420933911197e-4	-0.15410220288175216	-0.15346268587565895	0.012870063887555327	1.6625457424569062e-5	0.012837477991003172	0.012902649784107482
mean_skew	[0.05,0.2)	non-cCRE	SK-N-SH	46523755	46499324	8207783.258999991	6971771.180948983	45962942	-7068293.57159667	57314339.16248618	591546	1247765	268865	-0.15378244437870556	1.2233194498902877	1.631420933911197e-4	-0.15410220288175216	-0.15346268587565895	0.012870063887555327	1.6625457424569062e-5	0.012837477991003172	0.012902649784107482
mean_skew	[0.05,0.2)	pELS	H1	107372	107359	15027.262	5288.21652	107352	35277.71901983908	534074.4350385158	13195	43335	46009	0.32861724997987074	4.867039599339119	0.006733290778184447	0.3154200000546292	0.34181449990511226	0.12291340636411059	0.001002110918018603	0.12094926896479413	0.12487754376342705
mean_skew	[0.05,0.2)	pELS	HCT116	200532	200477	28820.236	12059.747332	200488	40021.25298963522	839566.1569362141	19453	81749	78579	0.19961919411453663	4.147785874729878	0.004548455733183622	0.19070422087749672	0.20853416735157654	0.09702825106739556	6.610616927040787e-4	0.09573257014969556	0.09832393198509555
mean_skew	[0.05,0.2)	pELS	HepG2	174996	174971	25553.578	11249.493972	174898	37694.74699098734	738171.6076509171	17417	70493	65135	0.2155241740385101	4.174156666152615	0.004885308016060644	0.20594897032703124	0.22509937774998895	0.09958375739002161	7.160172627112839e-4	0.0981803635551075	0.10098715122493572
mean_skew	[0.05,0.2)	pELS	K562	325690	325659	47417.598	20373.899544	325383	56666.011985141435	1171562.571850469	27926	127889	107624	0.17415172883998684	3.570246934055324	0.003312468049323776	0.16765929146331224	0.18064416621666143	0.08582501237003777	4.910482584698187e-4	0.08486255778343693	0.08678746695663861
mean_skew	[0.05,0.2)	pELS	MCF-7	195115	195079	28346.54	11256.102888	195114	56774.45799661348	829874.2422691418	21668	81090	79869	0.2909809547065484	4.168630261839756	0.0046222397947080895	0.28192136470892054	0.30004054470417624	0.11105302541078549	7.113099915696489e-4	0.10965885782730897	0.11244719299426201
mean_skew	[0.05,0.2)	pELS	SK-N-SH	183632	183607	25658.322	8360.191074	183620	68872.16797492959	871820.635774835	23185	77430	79337	0.3750798822292212	4.607301374704836	0.005009141721699123	0.3652619644546909	0.38489780000375146	0.12626620193878663	7.751274817298803e-4	0.12474695207459606	0.12778545180297718
mean_skew	[0.2,0.5)	Inactive cCRE	H1	2800782	2799164	589143.583	662433.286913	2792708	-194672.3038436195	6195629.937990488	116166	253034	361403	-0.06970736068490493	2.2136442689802758	8.903097943847714e-4	-0.07145236788189908	-0.06796235348791078	0.041596185494509275	1.1947808561943496e-4	0.04136200844669518	0.04183036254232337
mean_skew	[0.2,0.5)	Inactive cCRE	HCT116	2786951	2785385	585575.878	656873.308936	2778914	-177236.13186705348	6285521.988006996	119078	250883	354872	-0.06377891934297121	2.2577957852757486	9.013734787942563e-4	-0.06554561136140795	-0.062012227324534465	0.042850552410042195	1.2148720362927533e-4	0.042612437490928814	0.043088667329155575
mean_skew	[0.2,0.5)	Inactive cCRE	HepG2	2809091	2807482	588889.997	659463.450801	2800993	-174274.0008711903	6348474.8750482965	120812	253143	369975	-0.06221864919733477	2.262638301760189	8.987761833505335e-4	-0.06398025051670181	-0.06045704787796772	0.043131846455881896	1.2138612951312644e-4	0.04289392964203617	0.04336976326972762
mean_skew	[0.2,0.5)	Inactive cCRE	K562	2704968	2703388	569859.691	644072.873997	2697030	-181886.2528750856	6058449.939934493	114145	228055	337691	-0.06743946225110051	2.241794073719537	9.117063291714734e-4	-0.06922640665627659	-0.06565251784592442	0.042322480654646034	1.2258922948258727e-4	0.042082205764860166	0.0425627555444319
mean_skew	[0.2,0.5)	Inactive cCRE	MCF-7	2779302	2777722	581965.4619999999	651819.259536	2771128	-176977.78486485634	6192283.849347434	116496	242786	360561	-0.06386488998879025	2.230493652072453	8.97164751841509e-4	-0.0656233329023996	-0.06210644707518089	0.042039198478020505	1.2055154747964175e-4	0.041802917444960404	0.042275479511080606
mean_skew	[0.2,0.5)	Inactive cCRE	SK-N-SH	2745373	2743805	575724.034	649371.905026	2737206	-228421.93481842236	5872775.504146315	106009	228659	347049	-0.08345076505693118	2.138573296092157	8.839105716608637e-4	-0.08518322977738647	-0.08171830033647588	0.03872890823708555	1.1662370291554513e-4	0.038500325779371083	0.03895749069480002
mean_skew	[0.2,0.5)	Other cCREs	H1	154933	154908	26999.715	21150.179729	154687	12243.739985509184	549887.5064694785	12257	28468	54968	0.07915170625527151	3.548597762943508	0.004789624633913348	0.06976404197280135	0.08853937053774168	0.07923742783815059	6.867712480294694e-4	0.07789135619201283	0.08058349948428835
mean_skew	[0.2,0.5)	Other cCREs	HCT116	108542	108504	18916.769	15508.512763	108293	-2141.8789900065167	308426.79536602105	6424	14471	37918	-0.019778554384923465	2.847712038709519	0.005127997952733285	-0.029829430372280703	-0.009727678397566226	0.05932054703443436	7.178326535896472e-4	0.05791359503339865	0.06072749903547007
mean_skew	[0.2,0.5)	Other cCREs	HepG2	109761	109732	19706.035	16460.627967	109575	-750.7459956174733	332371.76718340034	6879	18349	37008	-0.006851435050125241	3.0332617545765626	0.005261374371253561	-0.01716372881778222	0.0034608587175317387	0.06277891854893908	7.32777624893934e-4	0.061342674404146966	0.06421516269373119
mean_skew	[0.2,0.5)	Other cCREs	K562	158386	158343	29482.15	25965.563514	158133	-3797.1250049712858	450585.440823805	9121	25982	50026	-0.024012223918924488	2.84884946378935	0.0042444702660233815	-0.032331385640330314	-0.015693062197518662	0.0576792952767607	5.862705575029409e-4	0.05653020498405494	0.058828385569466464
mean_skew	[0.2,0.5)	Other cCREs	MCF-7	129153	129099	25151.005	24122.004881	129033	-14243.115993199872	405066.87225753686	7557	21738	36615	-0.11038351424209211	3.127089923898333	0.0049228861006597145	-0.12003237099938516	-0.10073465748479907	0.05856641324312385	6.536853629551087e-4	0.05728518993173184	0.059847636554515866
mean_skew	[0.2,0.5)	Other cCREs	SK-N-SH	185284	185220	36340.403	32650.515139	185135	22425.25096257754	715893.8298569039	17120	40756	55448	0.12112918120602555	3.852223133349181	0.004561539629505929	0.11218856353219392	0.13006979887985717	0.09247306019931402	6.732759675358453e-4	0.09115343930294376	0.09379268109568428
mean_skew	[0.2,0.5)	PLS	H1	51788	51782	7143.088	2139.044548	51750	31510.28097049158	379617.3651522524	9891	21550	26540	0.6088943182703688	6.964983557213031	0.01160125227058107	0.5861558638200298	0.6316327727207077	0.1911304347826087	0.0017284188506643235	0.18774273383530662	0.19451813572991075
mean_skew	[0.2,0.5)	PLS	HCT116	47515	47508	6638.2080000000005	2159.741172	47491	25800.76597284352	336691.55577838514	8616	20365	24610	0.5432769571675374	6.794579788335797	0.011961224568865478	0.519832957012561	0.5667209573225138	0.1814238487292329	0.001768361595352528	0.17795786000234193	0.18488983745612386
mean_skew	[0.2,0.5)	PLS	HepG2	43748	43743	6097.208	2018.921142	43710	21732.843980292444	310990.6670310167	7709	18952	22494	0.49720530725903556	6.86780712581351	0.012534835582658096	0.4726370295170257	0.5217735850010454	0.1763669640814459	0.0018229933955460527	0.17279389702617562	0.17994003113671617
mean_skew	[0.2,0.5)	PLS	K562	49228	49219	6955.024	2305.441238	49198	26011.609982650945	337794.78687368723	8723	20934	25118	0.5287127521982793	6.586623513032332	0.011570648379391521	0.5060342813746719	0.5513912230218867	0.1773039554453433	0.0017218891628951866	0.17392905268606873	0.18067885820461788
mean_skew	[0.2,0.5)	PLS	MCF-7	51905	51898	7315.997	2336.426589	51867	32033.186969550938	366415.2246538355	9847	21992	26808	0.6176024634073869	6.683211534929462	0.01135133757447053	0.5953538417614247	0.6398510850533491	0.18985096496809145	0.001722040255045739	0.1864757660682018	0.1932261638679811
mean_skew	[0.2,0.5)	PLS	SK-N-SH	57699	57683	8154.524	2545.922226	57659	39094.61297465547	413485.7977876378	11335	23983	29342	0.678031408360455	6.711617161419495	0.01078897122813993	0.6568850247533007	0.6991777919676092	0.19658682946287656	0.0016550576641524684	0.1933429164411377	0.1998307424846154
mean_skew	[0.2,0.5)	dELS	H1	26075	26072	4588.825	3690.281433	26054	8131.890002617961	119924.08376192974	2915	4795	9924	0.3121167576041284	4.505660945807362	0.01315049345372962	0.28634179043481833	0.33789172477343843	0.11188301220541952	0.0019528997929586778	0.10805532861122051	0.11571069579961853
mean_skew	[0.2,0.5)	dELS	HCT116	68728	68696	13444.587	13067.089609	68666	6589.169998956841	234819.4799270394	5254	12730	26066	0.09595971804032331	3.4105757668655032	0.007047628065739984	0.08214636703147295	0.10977306904917368	0.0765153059738444	0.0010144207775671505	0.07452704124981278	0.07850357069787602
mean_skew	[0.2,0.5)	dELS	HepG2	56800	56795	10939.816	10147.996552	56769	8214.025007252585	207001.1482838418	4732	11273	18232	0.14469208559693822	3.625504577832529	0.007991505577045538	0.12902873466592896	0.16035543652794748	0.0833553523930314	0.0011601432761620414	0.0810814715717538	0.08562923321430901
mean_skew	[0.2,0.5)	dELS	K562	72888	72875	14286.697	13426.773019	72823	3518.053996150265	232339.8947267856	4786	13372	22896	0.0483096548638516	3.1881840481233583	0.006616638524301023	0.035341043356221596	0.06127826637148161	0.06572099474067258	9.182397219760571e-4	0.06392124488559951	0.06752074459574565
mean_skew	[0.2,0.5)	dELS	MCF-7	49238	49231	9738.034	9358.83332	49190	4988.643008227459	192314.569835656	4318	10815	18281	0.10141579606073306	3.8994214688998317	0.0089035187564918	0.08396489929800913	0.11886669282345699	0.08778206952632649	0.0012758916600864429	0.08528132187255706	0.09028281718009591
mean_skew	[0.2,0.5)	dELS	SK-N-SH	25734	25732	4871.626	4014.30043	25711	10622.836981569531	146751.98413521415	3650	5720	11396	0.41316312012638684	5.537262530661802	0.014675336664939257	0.3843994602631059	0.4419267799896678	0.14196258410796936	0.002176609783895564	0.13769642893153405	0.14622873928440466
mean_skew	[0.2,0.5)	non-cCRE	H1	5469817	5465663	1097316.176	1242129.829532	5413034	-927647.2686759564	6956406.747256499	67586	191483	54242	-0.17137288786214097	1.2557531343160244	4.8165021438323303e-4	-0.1723169222823321	-0.17042885344194983	0.012485788930939655	4.772646784009427e-5	0.01239224505397307	0.012579332807906239
mean_skew	[0.2,0.5)	non-cCRE	HCT116	5469817	5465663	1097316.176	1242129.829532	5413034	-927647.2686759564	6956406.747256499	67586	191483	54242	-0.17137288786214097	1.2557531343160244	4.8165021438323303e-4	-0.1723169222823321	-0.17042885344194983	0.012485788930939655	4.772646784009427e-5	0.01239224505397307	0.012579332807906239
mean_skew	[0.2,0.5)	non-cCRE	HepG2	5469817	5465663	1097316.176	1242129.829532	5413034	-927647.2686759564	6956406.747256499	67586	191483	54242	-0.17137288786214097	1.2557531343160244	4.8165021438323303e-4	-0.1723169222823321	-0.17042885344194983	0.012485788930939655	4.772646784009427e-5	0.01239224505397307	0.012579332807906239
mean_skew	[0.2,0.5)	non-cCRE	K562	5469817	5465663	1097316.176	1242129.829532	5413034	-927647.2686759564	6956406.747256499	67586	191483	54242	-0.17137288786214097	1.2557531343160244	4.8165021438323303e-4	-0.1723169222823321	-0.17042885344194983	0.012485788930939655	4.772646784009427e-5	0.01239224505397307	0.012579332807906239
mean_skew	[0.2,0.5)	non-cCRE	MCF-7	5469817	5465663	1097316.176	1242129.829532	5413034	-927647.2686759564	6956406.747256499	67586	191483	54242	-0.17137288786214097	1.2557531343160244	4.8165021438323303e-4	-0.1723169222823321	-0.17042885344194983	0.012485788930939655	4.772646784009427e-5	0.01239224505397307	0.012579332807906239
mean_skew	[0.2,0.5)	non-cCRE	SK-N-SH	5469817	5465663	1097316.176	1242129.829532	5413034	-927647.2686759564	6956406.747256499	67586	191483	54242	-0.17137288786214097	1.2557531343160244	4.8165021438323303e-4	-0.1723169222823321	-0.17042885344194983	0.012485788930939655	4.772646784009427e-5	0.01239224505397307	0.012579332807906239
mean_skew	[0.2,0.5)	pELS	H1	31164	31162	4372.144	1552.545326	31162	18700.35200856161	183078.2791102868	5071	12631	14810	0.6001011491098649	5.515104662276243	0.013303448039654919	0.5740263909521413	0.6261759072675885	0.1627302483794365	0.0020910007222234486	0.15863188696387853	0.16682860979499448
mean_skew	[0.2,0.5)	pELS	HCT116	53006	52995	7671.913	3356.685469	52997	22902.034008820665	262677.35340599343	6928	22029	24179	0.43213830988208135	4.769803516049508	0.0094869060907017	0.41354397394430603	0.45073264581985667	0.1307243806253184	0.0014643045196915635	0.12785434376672294	0.13359441748391387
mean_skew	[0.2,0.5)	pELS	HepG2	45342	45336	6614.299	2874.341487	45314	20991.837002823817	229298.714937878	6168	18761	19936	0.46325279169404193	4.845721709962562	0.010341011814884256	0.44298440853686877	0.4835211748512151	0.13611687337246767	0.0016108951646767737	0.1329595188497012	0.13927422789523414
mean_skew	[0.2,0.5)	pELS	K562	79272	79263	11663.793	5194.686181	79177	32067.67302481667	348967.11012566497	9525	32135	31914	0.405012478684677	4.243448802518873	0.0073208239338425456	0.3906636637743456	0.4193612935950084	0.12030008714651982	0.0011561141701733712	0.11803410337298001	0.12256607092005964
mean_skew	[0.2,0.5)	pELS	MCF-7	55144	55138	8076.857	3328.813623	55143	30113.030003838827	272056.6563899714	8082	23147	25380	0.5460898029457742	4.635527143902558	0.009168628358037147	0.5281192913640215	0.564060314527527	0.14656438713889341	0.0015061020998588647	0.14361242702317004	0.1495163472546168
mean_skew	[0.2,0.5)	pELS	SK-N-SH	50652	50648	7156.768	2382.695128	50650	32193.193023180946	279230.05655836686	8186	21360	24410	0.6356010468545102	5.109045180975809	0.01004338582524168	0.6159160106370365	0.655286083071984	0.16161895360315892	0.001635600166914107	0.15841317727600726	0.16482472993031058
mean_skew	[0.5,1.0)	Inactive cCRE	H1	606157	605806	140530.763	176827.304021	604328	-66111.16492289933	1365981.1007069102	24397	58265	90189	-0.10939616387607282	2.248366849197482	0.0019288445501804293	-0.11317669919442645	-0.10561562855771918	0.040370461074118694	2.5319043815657367e-4	0.03987420781533181	0.040866714332905577
mean_skew	[0.5,1.0)	Inactive cCRE	HCT116	604140	603794	139396.005	174406.949797	602328	-60894.77993672386	1398404.2297837331	25329	58090	89047	-0.10109903563627104	2.3114484760883167	0.0019589600638173135	-0.10493859736135297	-0.09725947391118911	0.042051838865203015	2.586109881139066e-4	0.04154496132849976	0.04255871640190627
mean_skew	[0.5,1.0)	Inactive cCRE	HepG2	611177	610822	140861.606	176219.009632	609345	-58741.003926289486	1426683.3931148243	26121	59036	92881	-0.09640023948057255	2.3320501166319856	0.0019563083731142005	-0.10023460389187638	-0.09256587506926872	0.04286734116141103	2.594882608809041e-4	0.04235874417008446	0.043375938152737596
mean_skew	[0.5,1.0)	Inactive cCRE	K562	585669	585328	135935.787	171710.060123	583887	-63002.80493392352	1344655.854219233	24031	52782	84556	-0.10790239367193227	2.291299501544508	0.0019809637451934413	-0.11178508261251142	-0.10401970473135312	0.04115693618799528	2.5997457758306634e-4	0.040647386015932464	0.04166648636005809
mean_skew	[0.5,1.0)	Inactive cCRE	MCF-7	600611	600267	138526.546	173685.876664	598766	-62909.70392660867	1360681.7865118503	24308	55843	89982	-0.10506559144408445	2.261441702940601	0.0019434086549348863	-0.10887467240775682	-0.10125651048041208	0.040596827475173944	2.5504573023470194e-4	0.04009693784391393	0.04109671710643396
mean_skew	[0.5,1.0)	Inactive cCRE	SK-N-SH	592383	592043	137012.59	173242.958074	590539	-74982.88291890865	1284699.8434851477	21825	52419	86644	-0.12697363411884507	2.1593512938104342	0.0019122178085091404	-0.130721581023523	-0.12322568721416716	0.03695776231544402	2.454998377515707e-4	0.036476582633450945	0.0374389419974371
mean_skew	[0.5,1.0)	Other cCREs	H1	36834	36826	6711.845	5756.3905350000005	36795	4757.458007458715	141943.93438701113	3311	7033	13835	0.12929631763714403	3.8410831272852475	0.010217213050217147	0.10927058005871843	0.14932205521556963	0.08998505231689088	0.0014918152627819762	0.08706109440183821	0.09290901023194356
mean_skew	[0.5,1.0)	Other cCREs	HCT116	24381	24377	4809.864	4898.085204	24332	-9.676989404250229	72635.38552491882	1593	3303	9078	-3.977062881904582e-4	2.985301947158739	0.011076568260239821	-0.022107780078260506	0.02131236750187959	0.06546934078579648	0.0015857212898221236	0.06236132705774512	0.06857735451384785
mean_skew	[0.5,1.0)	Other cCREs	HepG2	24036	24032	4619.988	4408.972854	23999	367.1580036742374	75570.86870367866	1636	4143	8818	0.015298887606743507	3.1488145509895213	0.011454521954710601	-0.0071519754244892715	0.03774975063797628	0.06816950706279429	0.0016269228655094593	0.06498073824639575	0.07135827587919283
mean_skew	[0.5,1.0)	Other cCREs	K562	35855	35843	7163.553	7063.015059	35794	376.7980158558358	111409.55320001829	2371	6010	12157	0.010526848518071067	3.1124964854687636	0.00932501025261322	-0.007750171577050845	0.02880386861319298	0.0662401519807789	0.0013145379873967325	0.06366365752548131	0.06881664643607649
mean_skew	[0.5,1.0)	Other cCREs	MCF-7	29754	29745	6242.669	6690.179455	29732	-2200.614982312201	102289.74256019478	2011	5096	8721	-0.07401503371156333	3.435029564027203	0.010748631586908813	-0.0950823516219046	-0.05294771580122205	0.0676375622225212	0.0014563786225732307	0.06478306012227766	0.07049206432276472
mean_skew	[0.5,1.0)	Other cCREs	SK-N-SH	44165	44150	9188.897	9009.672769	44140	6925.6520036127195	184793.5957943775	4437	9950	13735	0.1569019484280181	4.162009730643564	0.009710361119132921	0.1378696406345176	0.17593425622151862	0.1005210693248754	0.0014312248988438755	0.0977158685231414	0.10332627012660939
mean_skew	[0.5,1.0)	PLS	H1	12559	12555	1758.826	525.416192	12555	11002.514990635102	106888.30633737112	2860	5294	6451	0.8763452800187257	7.746240581248429	0.024839172986141834	0.8276605009658877	0.9250300590715637	0.22779769016328155	0.0037431036017509947	0.22046120710384962	0.2351341732227135
mean_skew	[0.5,1.0)	PLS	HCT116	11412	11408	1596.485	497.841283	11411	8941.503996770129	92459.2034569077	2438	4944	5883	0.7835863637516545	7.489286840806986	0.025618776184155753	0.7333735624307092	0.8337991650725998	0.21365349224432564	0.003837073572244806	0.2061328280427258	0.22117415644592547
mean_skew	[0.5,1.0)	PLS	HepG2	10402	10399	1480.043	509.602119	10398	7636.079000862545	85502.38408209341	2164	4589	5418	0.7343795923122278	7.684390064304703	0.027185028607152092	0.6810969362422097	0.787662248382246	0.20811694556645507	0.003981157323058572	0.20031387721326027	0.21592001391964988
mean_skew	[0.5,1.0)	PLS	K562	11678	11673	1663.047	543.356839	11677	8752.199995897012	90811.27057131416	2412	5074	6048	0.7495247063369882	7.2157657108245	0.024858537354519768	0.7008019731221294	0.798247439551847	0.20655990408495334	0.0037464025747691245	0.19921695503840586	0.21390285313150081
mean_skew	[0.5,1.0)	PLS	MCF-7	12566	12562	1785.458	563.345952	12562	10942.35899495264	102721.22956605205	2812	5361	6463	0.8710682212189651	7.418970494417587	0.02430202299148924	0.8234362561556462	0.918700186282284	0.22384970546091387	0.00371896235639419	0.21656053924238125	0.2311388716794465
mean_skew	[0.5,1.0)	PLS	SK-N-SH	13971	13966	1989.231	602.311549	13967	12605.77999243338	113385.73580580846	3150	5834	7139	0.9025402729600759	7.304060696732277	0.022868128303338797	0.8577187414855318	0.9473618044346199	0.22553161022409968	0.003536339825833131	0.21860038416546673	0.23246283628273262
mean_skew	[0.5,1.0)	dELS	H1	6444	6443	1212.667	1097.853743	6437	2240.6120009379224	33489.824472229535	818	1272	2676	0.3480832687490947	5.0823345125768515	0.028098935577855796	0.29300935501649733	0.403157182481692	0.127077831287867	0.004151269266211269	0.11894134352609292	0.1352143190496411
mean_skew	[0.5,1.0)	dELS	HCT116	16614	16607	3581.782	3942.826376	16599	2121.4930044024945	63413.69759518067	1438	3242	6711	0.1278084827039276	3.804226581107422	0.015138826977026362	0.09813638182895594	0.15748058357889927	0.08663172480269896	0.0021833355163076037	0.08235238719073605	0.09091106241466186
mean_skew	[0.5,1.0)	dELS	HepG2	13079	13079	2708.739	2720.213073	13074	2093.435009376147	52209.267796436	1220	2684	4703	0.16012199857550458	3.9680305055340597	0.017421408361346664	0.1259760381872651	0.19426795896374405	0.0933149762888175	0.002543897777221231	0.08832893664546389	0.09830101593217112
mean_skew	[0.5,1.0)	dELS	K562	17018	17015	3655.998	3987.858688	17006	1309.5179988347236	60008.08469666036	1276	3235	5862	0.07700329288690601	3.522919582396672	0.014392965270455223	0.04879308095681377	0.10521350481699825	0.07503234152652005	0.0020201631107355407	0.0710728218294784	0.07899186122356171
mean_skew	[0.5,1.0)	dELS	MCF-7	12561	12558	2662.025	2784.699741	12552	1931.1279983907016	53308.645220096056	1252	2799	5008	0.15385022294380987	4.223690602104264	0.018343811686539566	0.11789635203819232	0.18980409384942742	0.09974506054811982	0.0026746809856708674	0.09450268581620493	0.10498743528003472
mean_skew	[0.5,1.0)	dELS	SK-N-SH	6313	6313	1285.132	1153.920782	6309	3019.0860018550875	38729.92359954034	995	1442	2968	0.4785363768988885	5.910776969351056	0.03060849826969711	0.4185437202902822	0.5385290335074948	0.157711206213346	0.004588613983831082	0.14871752280503708	0.16670488962165492
mean_skew	[0.5,1.0)	non-cCRE	H1	980225	979565	205153.035	246698.509443	971731	-188892.2386758631	1270950.02350537	11061	39341	12659	-0.1943873753907852	1.2701385744985532	0.0011432797837535034	-0.19662820376694207	-0.19214654701462835	0.011382779802229218	1.0761312022830374e-4	0.011171858086581743	0.011593701517876693
mean_skew	[0.5,1.0)	non-cCRE	HCT116	980225	979565	205153.035	246698.509443	971731	-188892.2386758631	1270950.02350537	11061	39341	12659	-0.1943873753907852	1.2701385744985532	0.0011432797837535034	-0.19662820376694207	-0.19214654701462835	0.011382779802229218	1.0761312022830374e-4	0.011171858086581743	0.011593701517876693
mean_skew	[0.5,1.0)	non-cCRE	HepG2	980225	979565	205153.035	246698.509443	971731	-188892.2386758631	1270950.02350537	11061	39341	12659	-0.1943873753907852	1.2701385744985532	0.0011432797837535034	-0.19662820376694207	-0.19214654701462835	0.011382779802229218	1.0761312022830374e-4	0.011171858086581743	0.011593701517876693
mean_skew	[0.5,1.0)	non-cCRE	K562	980225	979565	205153.035	246698.509443	971731	-188892.2386758631	1270950.02350537	11061	39341	12659	-0.1943873753907852	1.2701385744985532	0.0011432797837535034	-0.19662820376694207	-0.19214654701462835	0.011382779802229218	1.0761312022830374e-4	0.011171858086581743	0.011593701517876693
mean_skew	[0.5,1.0)	non-cCRE	MCF-7	980225	979565	205153.035	246698.509443	971731	-188892.2386758631	1270950.02350537	11061	39341	12659	-0.1943873753907852	1.2701385744985532	0.0011432797837535034	-0.19662820376694207	-0.19214654701462835	0.011382779802229218	1.0761312022830374e-4	0.011171858086581743	0.011593701517876693
mean_skew	[0.5,1.0)	non-cCRE	SK-N-SH	980225	979565	205153.035	246698.509443	971731	-188892.2386758631	1270950.02350537	11061	39341	12659	-0.1943873753907852	1.2701385744985532	0.0011432797837535034	-0.19662820376694207	-0.19214654701462835	0.011382779802229218	1.0761312022830374e-4	0.011171858086581743	0.011593701517876693
mean_skew	[0.5,1.0)	pELS	H1	7909	7908	1101.255	394.359097	7908	5904.965010536719	52699.293988681144	1454	3290	3923	0.7467077656217399	6.107248104159443	0.02779005788348335	0.6922392521701125	0.8011762790733673	0.18386444107233182	0.004356088483578956	0.17532650764451707	0.19240237450014658
mean_skew	[0.5,1.0)	pELS	HCT116	13356	13352	1931.22	855.620928	13353	7635.845011624626	74089.9435314634	2042	5575	6355	0.5718449046375066	5.221946110617446	0.01977546791678013	0.5330849875206175	0.6106048217543957	0.15292443645622705	0.0031146560633204083	0.14681971057211907	0.15902916234033504
mean_skew	[0.5,1.0)	pELS	HepG2	11209	11206	1644.98	743.52591	11207	6438.716999045691	61036.54619517148	1699	4702	5254	0.574526367363763	5.116663707587583	0.021367255886675512	0.5326465458258789	0.616406188901647	0.1516016775229767	0.003387717737795336	0.14496175075689785	0.15824160428905557
mean_skew	[0.5,1.0)	pELS	K562	19683	19679	2896.971	1297.032879	19659	10358.674010005085	94117.69720497805	2750	8053	8451	0.5269176463708777	4.510099149257452	0.015146501541290148	0.497230503349949	0.5566047893918064	0.1398850399308205	0.0024739058921905027	0.1350361843821271	0.14473389547951387
mean_skew	[0.5,1.0)	pELS	MCF-7	14411	14406	2098.658	877.221776	14411	10031.217002246647	82001.05603401086	2457	6055	6900	0.6960805636143673	5.2060042227167935	0.01900663343534595	0.6588275620810893	0.7333335651476454	0.1704947609464992	0.003132694371043006	0.1643546799792549	0.1766348419137435
mean_skew	[0.5,1.0)	pELS	SK-N-SH	13071	13066	1839.506	592.460414	13068	10226.750007676548	79393.36120732994	2433	5509	6588	0.7825795843033784	5.463389870478906	0.020446855775819155	0.7425037469827729	0.8226554216239839	0.1861799816345271	0.0034050705370358546	0.17950604338193682	0.19285391988711736
mean_skew	[1.0,1.5)	Inactive cCRE	H1	105828	105766	24186.271	31198.303173	105503	-12975.13898270461	236701.74826845297	4161	10586	16680	-0.12298360219808545	2.228450824982836	0.004595884681416607	-0.131991536173662	-0.1139756682225089	0.0394396367875795	5.992339073940724e-4	0.03826513832908712	0.04061413524607188
mean_skew	[1.0,1.5)	Inactive cCRE	HCT116	105681	105621	23859.382	30369.643106	105356	-11923.78698243585	243628.2954286048	4371	10558	16417	-0.11317615496446191	2.2996422292754723	0.004671974898894138	-0.12233322576629442	-0.10401908416262941	0.04148790766543908	6.14369896733221e-4	0.040283742667841974	0.04269207266303619
mean_skew	[1.0,1.5)	Inactive cCRE	HepG2	106816	106754	24324.912	31178.085488	106490	-11558.144982062748	247767.3880543439	4488	10727	17180	-0.10853737423291152	2.3149141915783558	0.004662437629206682	-0.11767575198615661	-0.09939899647966642	0.04214480232885717	6.15697694265009e-4	0.04093803484809776	0.04335156980961659
mean_skew	[1.0,1.5)	Inactive cCRE	K562	102008	101948	23461.551	30525.944091	101692	-12545.79998700833	233667.84728223793	4114	9539	15665	-0.12337056982858366	2.2826018505952863	0.0047377450673007125	-0.13265655016049305	-0.11408458949667426	0.04045549305746765	6.178426956877674e-4	0.03924452137391963	0.04166646474101567
mean_skew	[1.0,1.5)	Inactive cCRE	MCF-7	104862	104800	23966.477	30938.447629	104534	-12299.335985433778	235720.41359355443	4149	10060	16623	-0.11765871377191897	2.2411419316508625	0.004630265520357844	-0.12673403419182033	-0.1085833933520176	0.039690435647731837	6.038370761008301e-4	0.03850691497857421	0.04087395631688946
mean_skew	[1.0,1.5)	Inactive cCRE	SK-N-SH	102993	102933	23631.973	30785.991953	102667	-14915.461981037282	220720.2091190433	3659	9431	15847	-0.14528000215295356	2.1287796424359176	0.004553547993194544	-0.15420495621961486	-0.13635504808629226	0.03563949467696533	5.785888243591572e-4	0.034505460581221385	0.03677352877270928
mean_skew	[1.0,1.5)	Other cCREs	H1	6570	6570	1272.922	1201.186392	6561	916.4300021644452	26353.31506160326	622	1301	2464	0.13967840301241355	3.99776060707748	0.02468444535049281	0.09129689012544764	0.18805991589937945	0.09480262155159275	0.0036165693580291654	0.08771414560985558	0.10189109749332992
mean_skew	[1.0,1.5)	Other cCREs	HCT116	3933	3933	957.858	1277.763384	3926	-213.03700158454012	11983.554237568556	251	577	1513	-0.05426311808062662	3.0501896014257404	0.02787329238320453	-0.10889477115170751	3.6853499045425703e-4	0.06393275598573611	0.0039042722102914534	0.05628038245356486	0.07158512951790735
mean_skew	[1.0,1.5)	Other cCREs	HepG2	4161	4161	821.295	858.072227	4156	-54.83200206409611	13817.318750761106	283	731	1491	-0.013193455742082798	3.3252937008829417	0.028286371140891258	-0.06863474317822967	0.04224783169406407	0.06809432146294514	0.0039075420289793675	0.06043553908614558	0.0757531038397447
mean_skew	[1.0,1.5)	Other cCREs	K562	6235	6234	1200.857	1152.205589	6225	199.9800025250293	18690.47793398497	431	1068	2006	0.03212530161044647	3.0019366189087076	0.0219599365728256	-0.010916174072291701	0.07516677729318465	0.06923694779116465	0.003217502158013854	0.0629306435614575	0.07554325202087181
mean_skew	[1.0,1.5)	Other cCREs	MCF-7	5102	5102	1060.268	1150.420112	5096	-587.8549973038034	17813.809214909954	343	956	1492	-0.11535616116636645	3.48302188794868	0.026143479725775468	-0.16659738142888636	-0.06411494090384653	0.0673076923076923	0.003509836113208518	0.06042841352580361	0.074186971089581
mean_skew	[1.0,1.5)	Other cCREs	SK-N-SH	7982	7980	1604.584	1532.128126	7975	1377.7049983626937	33532.89264682956	825	1796	2473	0.17275297785112145	4.175431402779287	0.02288154422628029	0.12790515116761209	0.21760080453463082	0.10344827586206896	0.0034102322535241028	0.09676422064516173	0.1101323310789762
mean_skew	[1.0,1.5)	PLS	H1	1969	1969	287.96	85.36689	1969	2114.2880016182335	18837.2396980317	500	805	945	1.0737877103190623	8.418162208241357	0.065386153074141945	0.945630850293744	1.2019445703443805	0.25393600812595224	0.00980905852792045	0.23471025341122817	0.27316176284067634
mean_skew	[1.0,1.5)	PLS	HCT116	1780	1780	254.676	68.47613799999999	1780	1702.7180009539006	15989.481279326845	421	723	864	0.956583146603315	8.072338356490308	0.06734256862186103	0.8245917121044674	1.0885745811021625	0.23651685393258426	0.010072117251127437	0.2167755041203745	0.256258203744794
mean_skew	[1.0,1.5)	PLS	HepG2	1569	1569	223.205	62.313755	1569	1345.8339995369315	13671.6573956762	351	670	745	0.8577654554091342	7.982938445254023	0.07132962132989114	0.7179593976025476	0.9975715132157208	0.2237093690248566	0.010520655189599923	0.20308888485324075	0.24432985319647246
mean_skew	[1.0,1.5)	PLS	K562	1854	1854	263.68	67.729798	1854	1622.7070006699066	15521.734284799995	409	771	895	0.8752464944282129	7.6100732169344525	0.06406776186613967	0.7496736811705791	1.0008193076858467	0.22060409924487595	0.00963010412280071	0.20172909516418655	0.23947910332556535
mean_skew	[1.0,1.5)	PLS	MCF-7	1996	1996	288.025	75.006239	1996	2057.592000347446	17878.986878883075	492	820	953	1.030857715604933	7.898697889602969	0.06290678398825499	0.9075604189879533	1.1541550122219129	0.24649298597194388	0.009646408830541103	0.22758602466408331	0.2653999472798044
mean_skew	[1.0,1.5)	PLS	SK-N-SH	2233	2233	325.614	89.290786	2233	2426.859003516731	20401.72050560954	559	906	1075	1.0868154964248682	7.958858661715655	0.059700921497394	0.969801690289976	1.2038293025597604	0.2503358710255262	0.009167492137596153	0.23236758643583771	0.26830415561521465
mean_skew	[1.0,1.5)	dELS	H1	1147	1147	234.099	244.252375	1147	201.1120003917022	5060.0266887699445	123	223	463	0.17533740225954855	4.384611023610857	0.06182780474786177	0.05415490495373948	0.2965198995653576	0.10723626852659111	0.009136027689982229	0.08932965425422594	0.12514288279895627
mean_skew	[1.0,1.5)	dELS	HCT116	3037	3036	730.818	891.545256	3035	373.57100160105585	10687.860092193036	243	591	1247	0.12308764467909583	3.50754057926353	0.033995544718578345	0.05645637703068228	0.18971891232750937	0.0800658978583196	0.004926322060855215	0.07041030661904338	0.08972148909759584
mean_skew	[1.0,1.5)	dELS	HepG2	2292	2292	516.0120000000001	589.937188	2289	346.02700278733414	8887.273208394117	211	458	834	0.15116950755235217	3.8614355230694666	0.04107253396539809	0.07066734098017192	0.23167167412453243	0.09217999126256007	0.006046378220953702	0.08032908994949081	0.10403089257562934
mean_skew	[1.0,1.5)	dELS	K562	3057	3057	707.437	825.570191	3051	146.61700184177602	10064.47693674683	206	581	1040	0.04805539227852377	3.2975184259700403	0.03287551097526305	-0.016380609232991804	0.11249139379003933	0.06751884627990823	0.0045426725651029724	0.058615208052306404	0.07642248450751006
mean_skew	[1.0,1.5)	dELS	MCF-7	2224	2224	460.215	456.970957	2223	280.66500121902203	9092.552340791362	220	495	880	0.12625506127711292	4.076110244763327	0.04282064744252366	0.04232659228976654	0.2101835302644593	0.09896536212325686	0.006333483172567623	0.08655173510502433	0.1113789891414894
mean_skew	[1.0,1.5)	dELS	SK-N-SH	1179	1179	269.898	291.578902	1179	534.7380001629934	6206.285651178276	164	266	559	0.45355216298811996	5.0626095709443195	0.06552851337595228	0.3251162767712535	0.5819880492049865	0.13910093299406276	0.010078229353377207	0.11934760346144344	0.15885426252668208
mean_skew	[1.0,1.5)	non-cCRE	H1	152273	152195	27095.078	27905.057914	150883	-36441.56995941722	206713.93752476756	1517	6824	2222	-0.24152203998738903	1.3117038162791186	0.0029484769417529983	-0.2473010547932249	-0.23574302518155316	0.010054147915934864	2.568373616465138e-4	0.009550746687107696	0.010557549144762032
mean_skew	[1.0,1.5)	non-cCRE	HCT116	152273	152195	27095.078	27905.057914	150883	-36441.56995941722	206713.93752476756	1517	6824	2222	-0.24152203998738903	1.3117038162791186	0.0029484769417529983	-0.2473010547932249	-0.23574302518155316	0.010054147915934864	2.568373616465138e-4	0.009550746687107696	0.010557549144762032
mean_skew	[1.0,1.5)	non-cCRE	HepG2	152273	152195	27095.078	27905.057914	150883	-36441.56995941722	206713.93752476756	1517	6824	2222	-0.24152203998738903	1.3117038162791186	0.0029484769417529983	-0.2473010547932249	-0.23574302518155316	0.010054147915934864	2.568373616465138e-4	0.009550746687107696	0.010557549144762032
mean_skew	[1.0,1.5)	non-cCRE	K562	152273	152195	27095.078	27905.057914	150883	-36441.56995941722	206713.93752476756	1517	6824	2222	-0.24152203998738903	1.3117038162791186	0.0029484769417529983	-0.2473010547932249	-0.23574302518155316	0.010054147915934864	2.568373616465138e-4	0.009550746687107696	0.010557549144762032
mean_skew	[1.0,1.5)	non-cCRE	MCF-7	152273	152195	27095.078	27905.057914	150883	-36441.56995941722	206713.93752476756	1517	6824	2222	-0.24152203998738903	1.3117038162791186	0.0029484769417529983	-0.2473010547932249	-0.23574302518155316	0.010054147915934864	2.568373616465138e-4	0.009550746687107696	0.010557549144762032
mean_skew	[1.0,1.5)	non-cCRE	SK-N-SH	152273	152195	27095.078	27905.057914	150883	-36441.56995941722	206713.93752476756	1517	6824	2222	-0.24152203998738903	1.3117038162791186	0.0029484769417529983	-0.2473010547932249	-0.23574302518155316	0.010054147915934864	2.568373616465138e-4	0.009550746687107696	0.010557549144762032
mean_skew	[1.0,1.5)	pELS	H1	1464	1464	199.955	61.069549	1463	841.2469994225537	7850.738011031095	222	614	732	0.5750150371992848	5.038993390126094	0.058688056975235006	0.4599864455278242	0.6900436288707454	0.151742993848257	0.009379849902180742	0.13335848803998276	0.17012749965653126
mean_skew	[1.0,1.5)	pELS	HCT116	2547	2546	378.473	182.750495	2546	1158.4730023577565	12513.876690195872	342	1080	1243	0.4550168901640835	4.7099221639779945	0.04301081434727992	0.3707156940434148	0.5393180862847521	0.13432835820895522	0.006758203254513533	0.1210822798301087	0.14757443658780175
mean_skew	[1.0,1.5)	pELS	HepG2	2140	2140	295.783	101.769721	2139	1019.0540026949018	10659.430318713828	295	943	1034	0.4764160835413286	4.758623293654261	0.0471666759688607	0.3839693986423616	0.5688627684402956	0.13791491351098645	0.0074554745062437745	0.12330218347874865	0.15252764354322423
mean_skew	[1.0,1.5)	pELS	K562	3824	3823	547.682	218.72871	3821	1674.434002863941	16858.531290119274	468	1570	1678	0.4382187916419631	4.221142105942414	0.03323735591622961	0.37307357404615304	0.5033640092377731	0.12248102590944779	0.005303641335068641	0.11208588889271326	0.13287616292618232
mean_skew	[1.0,1.5)	pELS	MCF-7	2794	2794	406.222	169.333442	2794	1646.8720020634353	14297.305699750552	424	1198	1336	0.5894316399654386	4.771424000988592	0.04132480419813902	0.508435023737086	0.6704282561937911	0.15175375805297064	0.006787619655701787	0.13845002352779515	0.16505749257814614
mean_skew	[1.0,1.5)	pELS	SK-N-SH	2591	2591	349.138	91.188612	2589	1674.0979998871926	13941.959805228407	421	1130	1330	0.646619544181998	4.968877635094805	0.04380897838939107	0.5607539465387914	0.7324851418252045	0.1626110467361916	0.007252247403177262	0.14839664182596415	0.17682545164641902
mean_skew	[1.5,Inf)	Inactive cCRE	H1	29710	29685	5241.427	5008.258225	29630	-4474.21699058474	65003.6315180492	1063	2980	4324	-0.1510029358955363	2.1711165282877323	0.008560038954430915	-0.16778061224622087	-0.1342252595448517	0.035875801552480595	0.0010804420355039674	0.03375813516289282	0.03799346794206837
mean_skew	[1.5,Inf)	Inactive cCRE	HCT116	29815	29790	5171.389	4798.161311	29739	-4302.735991659341	66193.69413944345	1114	2975	4333	-0.14468327757017188	2.2049620079914938	0.008610678517113775	-0.16156020746371488	-0.12780634767662888	0.03745922862234776	0.00110109756378052	0.03530107739733794	0.03961737984735758
mean_skew	[1.5,Inf)	Inactive cCRE	HepG2	30016	29990	5292.307	5018.085977	29936	-4001.8879893142744	66715.71834342771	1150	3057	4480	-0.13368145341108614	2.2108147700226426	0.008593682288052842	-0.15052507069566973	-0.11683783612650257	0.038415285943345805	0.0011108333898732737	0.036238052499194186	0.040592519387497424
mean_skew	[1.5,Inf)	Inactive cCRE	K562	28670	28645	5087.088	4914.729928	28593	-4276.794993553193	62557.69151946108	1038	2685	4077	-0.14957489572808705	2.1655704516735432	0.008702745761069821	-0.1666322774197839	-0.1325175140363902	0.03630259154338474	0.0011061379638496207	0.03413456113423949	0.038470621952529996
mean_skew	[1.5,Inf)	Inactive cCRE	MCF-7	29645	29620	5246.4039999999995	5045.93444	29565	-4212.4709928103275	65274.64369687145	1091	2897	4349	-0.1424816841809683	2.187608027846447	0.008601928187255031	-0.15934146342798816	-0.12562190493394843	0.036901741924572976	0.0010964019281928235	0.03475279414531504	0.03905068970383091
mean_skew	[1.5,Inf)	Inactive cCRE	SK-N-SH	28983	28960	5141.3279999999995	5010.1232820000005	28903	-4924.498991875793	60483.61212253575	926	2677	4080	-0.17038020246603441	2.0636833086726236	0.008449870717725174	-0.18694194907277575	-0.15381845585929307	0.03203819672698336	0.0010358376213532852	0.030007954989130923	0.0340684384648358
mean_skew	[1.5,Inf)	Other cCREs	H1	1810	1809	347.05899999999997	313.889911	1810	247.7050032134866	5898.339501118395	159	403	645	0.13685359293562796	3.241813256738805	0.04232088193695863	0.05390466433918904	0.21980252153206686	0.08784530386740332	0.006653562434480394	0.07480432149582174	0.10088628623898489
mean_skew	[1.5,Inf)	Other cCREs	HCT116	960	960	239.827	309.65747700000003	957	1.8450021445751217	2602.9557527655093	55	158	323	0.0019279019274557176	2.722753342868534	0.05333940674864428	-0.10261733529988706	0.1064731391547985	0.05747126436781609	0.007523444245304508	0.04272531364701926	0.07221721508861292
mean_skew	[1.5,Inf)	Other cCREs	HepG2	1085	1085	208.936	211.774954	1085	-11.538998704520084	3373.744069284468	80	206	354	-0.010635021847483949	3.1121968189862983	0.05355729796175616	-0.11560732585252602	0.09433728215755811	0.07373271889400922	0.007933839619870736	0.058182393239062574	0.08928304454895586
mean_skew	[1.5,Inf)	Other cCREs	K562	1586	1586	279.121	236.488097	1585	-5.1209959811530545	4604.0970626309645	97	272	471	-0.0032309122909482996	2.9066164880947647	0.04282321143122925	-0.08716440669615762	0.08070258211426103	0.061198738170347	0.006020650719764713	0.049398262759608166	0.07299921358108584
mean_skew	[1.5,Inf)	Other cCREs	MCF-7	1271	1271	237.948	217.948316	1271	-138.57599795376888	3850.4685321135	76	224	360	-0.10902910932633271	3.019968279120152	0.048744813754030766	-0.204568944284233	-0.013489274368432405	0.05979543666404406	0.006650777562498855	0.04675991264154631	0.07283096068654182
mean_skew	[1.5,Inf)	Other cCREs	SK-N-SH	2136	2133	380.635	293.164063	2136	309.2970018479975	7747.372370758855	207	485	648	0.1448019671573022	3.6077684105177563	0.04109781204318275	0.064250255552664	0.2253536787619404	0.09691011235955056	0.006401023387937741	0.08436410651919259	0.10945611819990854
mean_skew	[1.5,Inf)	PLS	H1	395	395	56.953	12.504437	395	280.52299937442893	2723.927731522074	77	154	188	0.710184808542858	6.407879591166185	0.12736749969138875	0.4605445091477361	0.95982510793798	0.1949367088607595	0.019932569137050007	0.1558688733521415	0.2340045443693775
mean_skew	[1.5,Inf)	PLS	HCT116	349	349	48.883	8.927151	349	257.1890013071244	2689.5226912279504	70	153	174	0.7369312358370326	7.183885294974136	0.14347194343471648	0.4557262267049883	1.0181362449690767	0.20057306590257878	0.02143448144140521	0.15856148227742456	0.242584649527733
mean_skew	[1.5,Inf)	PLS	HepG2	279	279	39.448	7.276398	279	132.2600002959372	1897.6814057849276	45	118	128	0.4740501802721764	6.600660175546189	0.15381248388570506	0.17257771185619447	0.7755226486881583	0.16129032258064516	0.022019521676176036	0.11813206009534014	0.20444858506595018
mean_skew	[1.5,Inf)	PLS	K562	357	357	52.335	13.420981	357	274.3480008619373	2781.9536123832745	73	154	163	0.768481795131477	7.222253281433037	0.14223361539577037	0.48970390895576704	1.0472596813071868	0.20448179271708683	0.02134608703797382	0.16264346212265815	0.2463201233115155
mean_skew	[1.5,Inf)	PLS	MCF-7	402	402	56.817	10.525433	402	335.04399979300814	2672.467629894687	80	166	192	0.8334427855547466	5.968148691829921	0.12184474147230376	0.5946270922690312	1.0722584788404619	0.19900497512437812	0.019912869597880623	0.1599757507125321	0.23803419953622415
mean_skew	[1.5,Inf)	PLS	SK-N-SH	468	468	67.557	12.918031	468	410.1449999457691	3330.72132700485	98	182	222	0.8763782050123271	6.362482201622261	0.11659780203487459	0.6478465130239729	1.1049098970006812	0.2094017094017094	0.01880810844766044	0.17253781684429495	0.24626560195912386
mean_skew	[1.5,Inf)	dELS	H1	292	292	46.412	35.845828	292	101.50900153443216	1293.727063430096	37	58	109	0.34763356689874025	4.324533083004645	0.12169652749692748	0.1091083730047624	0.5861587607927181	0.1267123287671233	0.019466894492531202	0.08855721556176213	0.16486744197248446
mean_skew	[1.5,Inf)	dELS	HCT116	782	781	184.641	228.823405	781	100.64700102200732	2319.532973151601	59	158	283	0.12886939951601448	2.957131608418983	0.061533243759811104	0.008264241746784709	0.24947455728524426	0.07554417413572344	0.009456230586975574	0.05700996218525131	0.09407838608619556
mean_skew	[1.5,Inf)	dELS	HepG2	654	654	125.099	120.216369	654	38.11600056663156	2366.6460779175213	48	128	219	0.058281346432158355	3.6208646647532756	0.07440759580229966	-0.08755754134034899	0.20412023420466568	0.07339449541284404	0.010197420032287088	0.053407552149561346	0.09338143867612674
mean_skew	[1.5,Inf)	dELS	K562	913	912	175.743	170.00438499999998	912	-13.762000081595048	2664.049680848481	60	191	289	-0.015089912370170008	2.9240856349870596	0.056623619178654765	-0.12607220596033333	0.09589238121999333	0.06578947368421052	0.008209244016399747	0.04969935541206702	0.08187959195635403
mean_skew	[1.5,Inf)	dELS	MCF-7	542	541	101.19	87.672992	542	30.08500231197104	1756.0929618298123	44	130	186	0.05550738433942996	3.24292610359266	0.0773515254776103	-0.09610160559668622	0.20711637427554613	0.08118081180811808	0.011731190299133712	0.058187678821816004	0.10417394479442016
mean_skew	[1.5,Inf)	dELS	SK-N-SH	287	287	50.913	39.609237	287	165.53000139305374	1821.1874458658433	51	78	137	0.5767595867353789	6.033973533811465	0.14499757938399402	0.2925643311427506	0.8609548423280071	0.17770034843205576	0.02256411188025986	0.13347468914674643	0.2219260077173651
mean_skew	[1.5,Inf)	non-cCRE	H1	42349	42330	5854.89	3372.235668	41947	-12649.381987916076	61633.57712050998	371	1785	594	-0.3015562969441456	1.3784169248462792	0.0057324443251031785	-0.3127918878213478	-0.2903207060669434	0.00884449424273488	4.571481300567546e-4	0.007948483907823642	0.009740504577646119
mean_skew	[1.5,Inf)	non-cCRE	HCT116	42349	42330	5854.89	3372.235668	41947	-12649.381987916076	61633.57712050998	371	1785	594	-0.3015562969441456	1.3784169248462792	0.0057324443251031785	-0.3127918878213478	-0.2903207060669434	0.00884449424273488	4.571481300567546e-4	0.007948483907823642	0.009740504577646119
mean_skew	[1.5,Inf)	non-cCRE	HepG2	42349	42330	5854.89	3372.235668	41947	-12649.381987916076	61633.57712050998	371	1785	594	-0.3015562969441456	1.3784169248462792	0.0057324443251031785	-0.3127918878213478	-0.2903207060669434	0.00884449424273488	4.571481300567546e-4	0.007948483907823642	0.009740504577646119
mean_skew	[1.5,Inf)	non-cCRE	K562	42349	42330	5854.89	3372.235668	41947	-12649.381987916076	61633.57712050998	371	1785	594	-0.3015562969441456	1.3784169248462792	0.0057324443251031785	-0.3127918878213478	-0.2903207060669434	0.00884449424273488	4.571481300567546e-4	0.007948483907823642	0.009740504577646119
mean_skew	[1.5,Inf)	non-cCRE	MCF-7	42349	42330	5854.89	3372.235668	41947	-12649.381987916076	61633.57712050998	371	1785	594	-0.3015562969441456	1.3784169248462792	0.0057324443251031785	-0.3127918878213478	-0.2903207060669434	0.00884449424273488	4.571481300567546e-4	0.007948483907823642	0.009740504577646119
mean_skew	[1.5,Inf)	non-cCRE	SK-N-SH	42349	42330	5854.89	3372.235668	41947	-12649.381987916076	61633.57712050998	371	1785	594	-0.3015562969441456	1.3784169248462792	0.0057324443251031785	-0.3127918878213478	-0.2903207060669434	0.00884449424273488	4.571481300567546e-4	0.007948483907823642	0.009740504577646119
mean_skew	[1.5,Inf)	pELS	H1	453	453	66.671	20.508517	453	332.93100062245514	2247.511253529898	76	183	200	0.7349470212416228	4.431027890140336	0.09890155975150794	0.5410999641286672	0.9287940783545784	0.16777041942604856	0.017556185792598294	0.1333602952725559	0.2021805435795412
mean_skew	[1.5,Inf)	pELS	HCT116	754	754	113.782	45.437574	754	431.5060013456969	3361.4315110611265	114	334	353	0.572289126453179	4.136102680599858	0.074064480837649	0.42712274401138695	0.717455508894971	0.15119363395225463	0.01304624090927421	0.12562300177007718	0.17676426613443208
mean_skew	[1.5,Inf)	pELS	HepG2	626	626	92.732	33.65322	626	331.5020013162868	2813.347171235064	89	269	285	0.5295559126458256	4.22047732221456	0.08210953996374844	0.36862121431687866	0.6904906109747725	0.14217252396166133	0.013957918120623584	0.11481500444523911	0.16953004347808356
mean_skew	[1.5,Inf)	pELS	K562	1134	1134	164.235	56.363527	1133	509.78100291406753	4559.345192325849	144	476	466	0.44993910230720874	3.825066064930587	0.0581037971980788	0.3360556597989743	0.5638225448154432	0.12709620476610767	0.009895426721032018	0.1077011683928849	0.14649124113933043
mean_skew	[1.5,Inf)	pELS	MCF-7	800	800	116.163	28.925737	800	474.3690028191775	3613.4642469401942	121	361	379	0.5929612535239719	4.1704403108831265	0.07220145697009105	0.45144639786259344	0.7344761091853503	0.15125	0.012667548968723191	0.12642160402130254	0.17607839597869746
mean_skew	[1.5,Inf)	pELS	SK-N-SH	786	786	118.089	35.192305	786	527.9780028490352	3784.243801484368	130	356	379	0.6717277389936834	4.3688997852129745	0.07455465561116187	0.5256006139958062	0.8178548639915607	0.16539440203562342	0.013252254780107149	0.1394199826666134	0.19136882140463343
