skew_type	skew_bin	ccre_class	pleio_bin	n	n_MR	sum_MR	sum_MR_sq	n_phyloP	sum_phyloP	sum_phyloP_sq	n_conserved	n_tf_chip_peak	n_tf_footprint	pleio_set	phyloP_mean	phyloP_var	phyloP_se	phyloP_lci	phyloP_uci	frac_conserved	frac_conserved_se	frac_conserved_lci	frac_conserved_uci	mutrate_mean	mutrate_var	mutrate_se	mutrate_lci	mutrate_uci
HepG2_skew	(-Inf,-1.5)	Other cCREs	0	10849	10849	10655.718	23870.399752000005	10793	-4868.894997574043	23148.188081065546	163	373	1449	trained	-0.45111600088706044	1.9414150890493818	0.013411832219936507	-0.47740319203813597	-0.4248288097359849	0.01510238117298249	0.001173943427957934	0.01280145205418494	0.01740331029178004	0.9821843487879068	1.2356674324578196	0.010672248906144554	0.9612667409318635	1.00310195664395
HepG2_skew	(-Inf,-1.5)	Other cCREs	1	641	641	533.9400000000004	1117.0278499999997	639	-128.31400135718286	1452.5619261141971	23	42	281	trained	-0.2008043839705522	2.2363572290233096	0.059158909483200295	-0.3167558465576248	-0.08485292138347962	0.03599374021909233	0.007368905495850835	0.021550685447224695	0.05043679499095997	0.8329797191887681	1.0504166542755446	0.04048105148450348	0.7536368582791413	0.912322580098395
HepG2_skew	(-Inf,-1.5)	PLS	0	581	581	493.437	988.320439	580	392.27200273261394	4432.855506228294	88	93	225	trained	0.6763310391941619	7.19784071670703	0.11140049461837688	0.4579860697421433	0.8946760086461806	0.15172413793103448	0.014896419605702928	0.12252715550385675	0.18092112035821223	0.8492891566265061	0.981465078313253	0.04110071334383636	0.7687317584725868	0.9298465547804253
HepG2_skew	(-Inf,-1.5)	PLS	1	449	449	198.061	300.2629449999999	447	852.671998822363	6376.17978000854	154	141	308	trained	1.9075436215265391	10.64948598071896	0.1543513959263965	1.605014885510802	2.210072357542276	0.34451901565995524	0.022476717434742933	0.3004646494878591	0.38857338183205137	0.44111581291759466	0.4752122901288575	0.03253274143567362	0.37735163970367436	0.504879986131515
HepG2_skew	(-Inf,-1.5)	PLS	2	300	300	93.05	103.73706800000005	300	821.3229972814444	5974.694526903047	139	129	213	trained	2.7377433242714813	12.46194974590344	0.20381322941935048	2.3382693946095543	3.1372172539334082	0.4633333333333333	0.028789787283893777	0.4069053502569015	0.5197613164097651	0.31016666666666665	0.2504216042363435	0.02889184453765131	0.25353865137287007	0.3667946819604632
HepG2_skew	(-Inf,-1.5)	PLS	3	1072	1072	205.215	89.41100300000002	1071	4850.801007865928	33643.367478986394	744	490	802	trained	4.529225964393957	10.909339818739864	0.10092633426152724	4.331410349241364	4.72704157954655	0.6946778711484594	0.014072658145105513	0.6670954611840526	0.7222602811128661	0.19143190298507462	0.04680327266939116	0.006607553955977089	0.17848109723135952	0.20438270873878972
HepG2_skew	(-Inf,-1.5)	dELS	0	26190	26189	24980.310999999983	56025.241789000014	26168	-5742.770999362809	78740.19057682568	1242	2134	9062	trained	-0.2194577728279887	2.960977370101439	0.010637321330770399	-0.2403069226362987	-0.19860862301967872	0.04746254967899725	0.0013144113378710804	0.04488630345676993	0.050038795901224564	0.9538474550383742	1.2294881516565956	0.006851769052747317	0.9404179876949894	0.967276922381759
HepG2_skew	(-Inf,-1.5)	dELS	1	7188	7187	4567.580000000001	9063.563054	7185	2311.915993080824	31044.96905044516	806	938	4376	trained	0.3217697972276721	4.217854163438771	0.024228827253254058	0.2742812958112942	0.3692582986440501	0.11217814892136395	0.0037230911017934196	0.10488089036184885	0.11947540748087905	0.6355336023375541	0.8573215255545553	0.010921896121171865	0.6141266859400573	0.6569405187350509
HepG2_skew	(-Inf,-1.5)	dELS	2	1874	1874	920.1790000000003	1599.0273669999997	1868	1882.934997456497	14867.85124032277	401	335	1320	trained	1.0079951806512297	6.946899752226613	0.060982760544543164	0.8884689699839251	1.1275213913185342	0.21466809421841543	0.009499963471783964	0.19604816581371887	0.233288022623112	0.4910240128068305	0.6124919284140006	0.01807862480151577	0.4555899081958596	0.5264581174178014
HepG2_skew	(-Inf,-1.5)	dELS	3	585	585	250.816	336.94164199999994	585	724.3760023494256	5320.257410912415	159	120	408	trained	1.2382495766656847	7.57414235043914	0.11378599158548713	1.01522903315813	1.4612701201732394	0.2717948717948718	0.018393719638924375	0.23574318130257998	0.30784656228716356	0.42874529914529913	0.392817570290364	0.025912989525281992	0.3779558396757464	0.47953475861485184
HepG2_skew	(-Inf,-1.5)	non-cCRE	0	60719	60695	69196.26200000002	159064.95170999996	60400	-32316.409951079757	122939.81600262182	474	2536	1323	trained	-0.5350398998523138	1.749188682905508	0.005381456822417899	-0.545587555224253	-0.5244922444803747	0.007847682119205298	3.590388199731361e-4	0.007143966032057952	0.008551398206352645	1.140065277205701	1.320998716370179	0.004665248048989379	1.1309213910296818	1.14920916338172
HepG2_skew	(-Inf,-1.5)	pELS	0	2563	2563	2395.7329999999997	5208.151117	2562	-270.67200181609974	8242.23476780636	142	402	924	trained	-0.10564871265265408	3.207199773238334	0.03538127210522388	-0.17499600597889287	-0.036301419326415285	0.05542544886807182	0.004520465583204048	0.046565336324991886	0.06428556141115176	0.9347378072571204	1.1587700647175947	0.021262989784499486	0.8930623472795014	0.9764132672347394
HepG2_skew	(-Inf,-1.5)	pELS	1	1170	1170	676.5669999999996	1210.8407590000006	1170	761.67400072224	6976.851377298636	176	367	679	trained	0.6510034194207179	5.5440538907994865	0.06883681862908773	0.516083254907706	0.7859235839337299	0.15042735042735042	0.010451310091303342	0.12994278264839587	0.17091191820630497	0.5782623931623928	0.7011184828445682	0.02447951320050746	0.5302825472893982	0.6262422390353874
HepG2_skew	(-Inf,-1.5)	pELS	2	615	615	196.46699999999998	252.05556499999994	615	1108.9539940627294	8542.17419035801	208	234	390	trained	1.8031772261182593	10.655592188031292	0.1316288956095905	1.5451845907234618	2.0611698615130565	0.3382113821138211	0.019077268775665762	0.30081993531351625	0.375602828914126	0.3194585365853658	0.3082939815841741	0.02238952940474937	0.2755750589520571	0.36334201421867457
HepG2_skew	(-Inf,-1.5)	pELS	3	674	674	157.23899999999992	111.95451499999999	674	1849.1180074171857	12579.243198206568	314	249	482	trained	2.7434985273252015	11.153329372967324	0.1286388993607101	2.4913662845782096	2.9956307700721934	0.4658753709198813	0.01921437354887182	0.42821519876409253	0.5035355430756701	0.23329228486646872	0.11184527402656957	0.01288186877227551	0.20804382207280872	0.2585407476601287
HepG2_skew	[-0.05,0.05)	Other cCREs	0	18494847	18480725	4588253.141999999	6236176.127355999	18410644	-386385.5335546406	28864227.041469935	561717	522713	625611	trained	-0.02098707321452963	1.5673606804492481	2.917762804901309e-4	-0.021558954724290286	-0.02041519170476897	0.030510448195076718	4.0083106265940094e-5	0.030431885306795477	0.03058901108335796	0.2482723563063678	0.27580303176767124	1.221630917893493e-4	0.24803291664646065	0.24851179596627493
HepG2_skew	[-0.05,0.05)	Other cCREs	1	368856	368742	96939.34399999998	129410.40938200003	368098	-25534.837983896963	702749.255425985	12222	21586	35003	trained	-0.0693696732497785	1.9043293263964551	0.0022745175851588417	-0.07382772771668983	-0.06491161878286716	0.033203114388016236	2.95308061843882e-4	0.03262431058680223	0.033781918189230244	0.26289206003113286	0.28183962602415624	8.742582182935825e-4	0.26117851392327746	0.26460560613898826
HepG2_skew	[-0.05,0.05)	Other cCREs	2	70601	70578	14528.859	14369.663907000002	70229	-10931.534993520123	131527.74760205016	1677	5101	13476	trained	-0.15565556954420715	1.8486386241476527	0.005130595419365296	-0.16571153656616314	-0.14559960252225115	0.02387902433467656	5.761052984899962e-4	0.022749857949636167	0.025008190719716952	0.20585535152597126	0.16122561925675122	0.0015114102151497077	0.20289298750427784	0.20881771554766468
HepG2_skew	[-0.05,0.05)	Other cCREs	3	55464	55451	10197.474	7602.791870000002	55418	-13739.656005701285	118396.6102773078	1302	5610	14489	trained	-0.24792767703095175	2.0749980922931575	0.006119041895706471	-0.25992099914653644	-0.23593435491536707	0.02349417156880436	6.4341630707596e-4	0.02223307560693548	0.02475526753067324	0.18390063299128961	0.1032907113884181	0.0013648217754742352	0.1812255823113601	0.18657568367121913
HepG2_skew	[-0.05,0.05)	PLS	0	284428	280111	74951.09400000001	97560.75044399999	283975	57057.40690759803	951762.4369749202	23821	53889	36545	trained	0.20092404932687044	3.31121240583629	0.0034147071675855616	0.19423122327840275	0.20761687537533813	0.08388414473105027	5.202056755434801e-4	0.08286454160698505	0.0849037478551155	0.26757640363998564	0.27669703424582304	9.938873662526902e-4	0.2656283844021304	0.2695244228778409
HepG2_skew	[-0.05,0.05)	PLS	1	135173	134955	29747.547	27247.386501000005	135151	56528.22099934565	618213.3503617689	17484	42839	40504	trained	0.4182597317026559	4.399333124772135	0.005705369716969646	0.4070772070573954	0.4294422563479164	0.12936641238318622	9.128908291824133e-4	0.1275771463579887	0.13115567840838374	0.220425675225075	0.15331345026627852	0.0010658488941274256	0.21833661139258526	0.22251473905756475
HepG2_skew	[-0.05,0.05)	PLS	2	97433	97383	18482.984	11137.151880000005	97330	36519.5599943332	463717.2388620296	12711	38691	43390	trained	0.37521380863385595	4.623643473855925	0.006892373557229634	0.3617047564616859	0.388722860806026	0.13059693825130997	0.0010800745146821748	0.1284799922025329	0.13271388430008704	0.18979682285409158	0.07834240660426975	8.969265495514352e-4	0.18803884681697078	0.19155479889121238
HepG2_skew	[-0.05,0.05)	PLS	3	288080	288004	45669.193	17039.475122999993	287973	29187.904002211653	1700457.1927639465	34919	124620	147676	trained	0.10135639105822995	5.894666190295335	0.004524324253972494	0.09248871552044387	0.11022406659601604	0.12125789570550016	6.082888364088771e-4	0.12006564958613876	0.12245014182486157	0.15857138442521632	0.03401925661679772	3.4368703531259504e-4	0.15789775783600363	0.159245011014429
HepG2_skew	[-0.05,0.05)	dELS	0	39226804	39215740	10036175.242999999	13636420.325670993	39172180	2120835.4105621586	85852172.05463682	1924832	2346040	3221789	trained	0.05414136794434618	2.188730607105726	2.3637812576786856e-4	0.05367806681784116	0.0546046690708512	0.049137729888916064	3.453643303962569e-5	0.049070038480158396	0.04920542129767373	0.2559221180831982	0.2822321185896376	8.483459886314195e-5	0.25575584226942644	0.25608839389696997
HepG2_skew	[-0.05,0.05)	dELS	1	3595514	3594780	985500.5980000001	1308264.390274	3591340	233028.3804092217	9780395.07449616	217864	443568	622989	trained	0.06488619301130544	2.7191180643286015	8.701332635085028e-4	0.06318073181482878	0.0665916542077821	0.06066370769684853	1.259640932926694e-4	0.0604168180739949	0.06091059731970216	0.27414768024747	0.2887776098196316	2.8342985874935605e-4	0.27359215772432127	0.2747032027706187
HepG2_skew	[-0.05,0.05)	dELS	2	591408	591252	145734.363	164148.23641499993	590755	29045.516902917294	1953102.8596239337	40037	105990	166136	trained	0.04916677286339903	3.303701346570092	0.002364812362839578	0.04453174063223346	0.0538018050945646	0.06777259608467132	3.270275122524588e-4	0.06713162216065649	0.06841357000868614	0.246484346775994	0.21687404697519214	6.056440855281099e-4	0.2452972843683589	0.24767140918362912
HepG2_skew	[-0.05,0.05)	dELS	3	394297	394225	78719.26199999999	63996.55008600002	394123	-43695.66309366375	1530616.4331956762	23527	74495	136543	trained	-0.11086808710393393	3.871318978929732	0.003134105332687034	-0.11701093355600052	-0.10472524065186735	0.059694562357436635	3.773861608825582e-4	0.05895488548210682	0.06043423923276645	0.19968105016170964	0.12246287689710737	5.573527495036758e-4	0.19858863877268243	0.20077346155073686
HepG2_skew	[-0.05,0.05)	non-cCRE	0	298342156	298179695	69826707.45300005	91479894.68607503	294785594	-29423331.29891241	335256834.69673455	4180676	6322109	1003583	trained	-0.09981264993197873	1.1273278678512744	6.184035777508604e-5	-0.0999338570332179	-0.09969144283073957	0.014182090594291388	6.886766393855695e-6	0.014168592532159432	0.014195588656423345	0.23417660096875495	0.2519558346514765	2.9068537155120582e-5	0.23411962663593092	0.23423357530157898
HepG2_skew	[-0.05,0.05)	pELS	0	4362424	4356789	1082616.3320000002	1375114.5831080002	4357913	76419.7120424398	8975370.579572743	186905	680484	327687	trained	0.017535850771330175	2.0592500479372644	6.874090800000426e-4	0.016188528974530093	0.018883172568130258	0.042888648763754575	9.705393255713599e-5	0.04269842305594259	0.04307887447156656	0.24848950270485906	0.2538787265180591	2.4139590128698435e-4	0.24801636673833657	0.24896263867138155
HepG2_skew	[-0.05,0.05)	pELS	1	1051924	1051531	223752.68300000005	216162.893347	1050993	112393.83895071287	2710622.031584201	65956	313538	187960	trained	0.10694061611324993	2.5676718426015404	0.0015630391193203537	0.10387705943938204	0.11000417278711781	0.06275588895454108	2.3656674338336196e-4	0.062292218137509694	0.06321955977157247	0.21278752885079	0.16029130206241937	3.9043068083969505e-4	0.21202228471634418	0.2135527729852358
HepG2_skew	[-0.05,0.05)	pELS	2	428849	428768	74593.48599999999	44150.50524	428617	86747.03501900112	1320664.169911479	35364	167630	141281	trained	0.20238822776278384	3.0402681916454526	0.002663307130190128	0.1971681457876112	0.2076083097379565	0.08250722673155754	4.202547441724778e-4	0.08168352743297948	0.0833309260301356	0.173971672326293	0.07270464316501055	4.1178440103141283e-4	0.17316457490027143	0.17477876975231454
HepG2_skew	[-0.05,0.05)	pELS	3	304908	304788	47717.14599999999	19966.446792000006	304766	59349.587019669954	1463160.746950071	30975	125304	130241	trained	0.19473821561351973	4.763024344253642	0.003953285168325496	0.18698977668360175	0.2024866545434377	0.10163535302494373	5.473504367482161e-4	0.10056254616891722	0.10270815988097023	0.1565584799926506	0.040998871161344215	3.667642677023728e-4	0.15583962202795396	0.15727733795734725
HepG2_skew	[-0.2,-0.05)	Other cCREs	0	4226258	4222681	1925238.784000001	3649849.8171759997	4200889	-549588.432207415	7009468.436722131	106301	144265	204849	trained	-0.13082669696995444	1.65145264464169	6.269926636502613e-4	-0.13205560259070895	-0.12959779134919994	0.025304405805533066	7.662349725214468e-5	0.02515422375091886	0.02545458786014727	0.45592806655297924	0.6564739503666085	3.9428895506746973e-4	0.455155260201047	0.45670087290491146
HepG2_skew	[-0.2,-0.05)	Other cCREs	1	133735	133687	58392.856999999996	101457.96740099991	133401	-21486.770964928088	268888.24046921555	3833	8487	17929	trained	-0.16106903969931324	1.989710546504164	0.0038620279134843043	-0.16863861440974248	-0.153499464988884	0.02873291804409262	4.5738262162327493e-4	0.027836448105711002	0.02962938798247424	0.43678784773388585	0.5681423415236999	0.0020615030876141457	0.43274730168216213	0.44082839378560956
HepG2_skew	[-0.2,-0.05)	Other cCREs	2	23456	23446	7943.191999999999	11466.840818	23375	-3765.9129961295985	52102.64155100165	747	1860	6560	trained	-0.16110857737452827	2.2031282906511067	0.009708320023305456	-0.18013688462020697	-0.14208027012884958	0.0319572192513369	0.0011504187638213537	0.029702398474247046	0.03421204002842675	0.3387866587051096	0.374314068708332	0.003995615552743631	0.33095525222173205	0.34661806518848715
HepG2_skew	[-0.2,-0.05)	Other cCREs	3	19186	19186	5217.170000000001	5467.744062000002	19169	-4042.138996885624	52219.7033781467	767	2028	7077	trained	-0.21086853758076185	2.679848885599711	0.011823755048732792	-0.23404309747627813	-0.18769397768524557	0.040012520214930354	0.0014155688884132061	0.03723800519364047	0.04278703523622024	0.2719258834566872	0.211053453250262	0.0033166833544038617	0.2654251840820557	0.27842658283131877
HepG2_skew	[-0.2,-0.05)	PLS	0	110874	109874	46383.50000000002	75748.637748	110662	28873.98597235512	438584.2178998097	11119	22962	21005	trained	0.2609205144706866	3.895233213373125	0.005932906100156359	0.24929201851438013	0.27254901042699303	0.10047712855361371	9.037336541489507e-4	0.09870581059148177	0.10224844651574565	0.4221517374447096	0.5112062347822786	0.002157002275451096	0.4179240129848254	0.42637946190459375
HepG2_skew	[-0.2,-0.05)	PLS	1	77057	76987	22106.826	24659.917288000015	77041	54712.08001393756	436024.86864999676	13347	24972	29667	trained	0.7101683520974229	5.155374882485415	0.008180298849544725	0.6941349663523152	0.7262017378425306	0.17324541477914357	0.0013635096784705074	0.17057293580934138	0.17591789374894576	0.28715011625339343	0.2378606452096027	0.001757731752215435	0.28370496201905115	0.2905952704877357
HepG2_skew	[-0.2,-0.05)	PLS	2	60310	60280	13454.315000000002	9584.757108999998	60273	44468.163026447175	355080.24724721425	11052	24264	31572	trained	0.737779155284243	5.346969795137379	0.00941873246676343	0.7193184396493867	0.7562398709190993	0.18336568612811707	0.0015762004311513957	0.18027633328306034	0.1864550389731738	0.22319699734572002	0.10918884519744053	0.001345868146701322	0.22055909577818542	0.22583489891325462
HepG2_skew	[-0.2,-0.05)	PLS	3	183228	183178	32102.140999999992	13107.923855000006	183138	101887.8899943377	1219446.37695442	32539	79125	103778	trained	0.5563448874309957	6.349135184397137	0.005888003418904698	0.5448044007299425	0.567885374132049	0.17767475892496368	8.931932747316433e-4	0.17592410010648965	0.1794254177434377	0.17525107272707416	0.040845680450680044	4.722113388297277e-4	0.1743255385029679	0.17617660695118043
HepG2_skew	[-0.2,-0.05)	dELS	0	10646575	10643505	4912510.091999999	9064946.624973994	10629366	-406080.33435864234	25405869.61111389	502072	750942	1337472	trained	-0.03820362704216247	2.3886992185771114	4.74053167838554e-4	-0.03913277125112604	-0.0372744828331989	0.047234425834993356	6.506818127790788e-5	0.04710689219968866	0.04736195947029805	0.46155003375297887	0.6386597333171055	2.449584545560427e-4	0.46106991518204904	0.4620301523239087
HepG2_skew	[-0.2,-0.05)	dELS	1	1481984	1481665	649448.9750000001	1086513.620449	1480193	52034.77789087349	4423995.12105963	96203	198099	358159	trained	0.03515404943198184	2.9875623486044187	0.001420689974435659	0.032369497082087945	0.03793860178187573	0.06499355151659277	2.0262044491808144e-4	0.06459641544455333	0.0653906875886322	0.43832376076913476	0.5411785015356655	6.043593659096402e-4	0.43713921641195186	0.43950830512631767
HepG2_skew	[-0.2,-0.05)	dELS	2	287317	287223	106440.78300000001	151464.23702700002	286973	32518.132954602814	1059972.1359704712	23622	56203	106407	trained	0.11331425937144893	3.680802893029906	0.003581382951321995	0.10629474878685782	0.12033376995604003	0.0823143640690936	5.130553985027786e-4	0.08130877548802816	0.08331995265015905	0.37058586185646697	0.390007686466454	0.001165271101553799	0.36830193049742155	0.3728697932155124
HepG2_skew	[-0.2,-0.05)	dELS	3	177464	177448	50164.00199999998	52910.182823999974	177365	4588.035910163433	773399.9067698634	14790	36675	79539	trained	0.025867763708530053	4.359854449274109	0.00495794875736577	0.016150184144093145	0.03558534327296696	0.08338736503819806	6.564612320158907e-4	0.08210070102344691	0.08467402905294921	0.2826969140255172	0.21825657386955039	0.0011090423036694023	0.2805231911103252	0.28487063694070924
HepG2_skew	[-0.2,-0.05)	non-cCRE	0	44212274	44186224	20108115.430999998	38852006.154037006	43677507	-7731343.6105363285	59986480.17665451	651121	1322863	368472	trained	-0.17700972746764893	1.3420628263709637	1.7529014591098597e-4	-0.17735329615363446	-0.1766661587816634	0.014907467131766472	1.8336292271404424e-5	0.01487152799891452	0.014943406264618424	0.4550765738887305	0.672184039725197	1.2333906540869626e-4	0.4548348293205295	0.45531831845693155
HepG2_skew	[-0.2,-0.05)	pELS	0	1215160	1213433	531320.5719999998	907561.7470779999	1213377	-53499.68501054204	2849692.5561921243	55521	208029	144776	trained	-0.04409156017506681	2.34662105696102	0.0013906684516399876	-0.046817270340281186	-0.041365850009852434	0.0457574191698046	1.8969779263698094e-4	0.04538561149623612	0.04612922684337308	0.4378656027980118	0.5562031861202239	6.770314375120828e-4	0.4365386211804881	0.4391925844155355
HepG2_skew	[-0.2,-0.05)	pELS	1	408261	408099	129890.28199999998	168096.95731599996	407834	78192.59300123659	1265474.859020212	33287	123568	104713	trained	0.191726518635613	3.0661649875831367	0.0027419279944252955	0.18635233976653942	0.19710069750468656	0.08161899204087937	4.287117099415474e-4	0.08077871708939394	0.0824592669923648	0.31828130429136064	0.3106001718858395	8.7240486861372e-4	0.31657139074887775	0.31999121783384354
HepG2_skew	[-0.2,-0.05)	pELS	2	202598	202557	44915.969000000005	35193.66077100001	202463	83205.30300558952	767711.9556791607	22940	79629	84414	trained	0.41096547520084914	3.6229882584891877	0.004230197355561189	0.4026742883839492	0.4192566620177491	0.11330465319589259	7.044306658129514e-4	0.1119239690908992	0.11468533730088597	0.22174483725568608	0.12457679128198408	7.842326912493013e-4	0.22020774118083744	0.22328193333053473
HepG2_skew	[-0.2,-0.05)	pELS	3	163225	163185	29976.645000000004	15303.527183000002	163179	80175.56500994472	871802.7337590393	22799	68127	83049	trained	0.491335067686067	5.101237097513816	0.005591207641207605	0.4803763007093001	0.502293834662834	0.1397177332867587	8.582506031709396e-4	0.13803556210454368	0.14139990446897374	0.18369730673775167	0.06003589954570492	6.065483047095609e-4	0.18250847206052093	0.1848861414149824
HepG2_skew	[-0.5,-0.2)	Other cCREs	0	770171	769640	420715.975	844245.0804870002	765113	-157451.64681942726	1331910.330747747	16731	28872	62296	trained	-0.2057887486154689	1.6984553286072266	0.0014899245419838017	-0.20870900071775714	-0.20286849651318065	0.021867358154939204	1.6719921905348367e-4	0.021539647685594375	0.022195068624284033	0.5466399550439166	0.7981208317493561	0.0010183346180918824	0.5446440191924565	0.5486358908953767
HepG2_skew	[-0.5,-0.2)	Other cCREs	1	35674	35659	16374.556	28965.804812	35553	-4348.003992159737	81964.05711027853	1322	2359	8174	trained	-0.12229640233341033	2.2905128224771065	0.008026537466484046	-0.13802841576771907	-0.1065643888991016	0.037183922594436473	0.0010034855926205459	0.03521709083290021	0.03915075435597274	0.4591984071342438	0.601453664795264	0.004106922502303202	0.4511488390297295	0.4672479752387581
HepG2_skew	[-0.5,-0.2)	Other cCREs	2	6206	6206	2320.1469999999995	3514.2852829999983	6179	1492.3139991840585	25527.143223454827	587	555	2992	trained	0.24151383705843316	4.073604523052099	0.02567617544108019	0.191188533193916	0.2918391409229503	0.09499919080757405	0.0037301417785241455	0.08768811292166673	0.10231026869348137	0.37385546245568796	0.426573030354524	0.00829069257442366	0.3576057050098176	0.39010521990155833
HepG2_skew	[-0.5,-0.2)	Other cCREs	3	4501	4501	1264.2099999999998	1293.6451079999997	4497	2556.80300744297	27080.227987812934	716	510	2605	trained	0.5685574844213853	5.699852869604121	0.03560167070510129	0.4987782098393868	0.6383367590033838	0.15921725594841005	0.0054560145332249585	0.14852346746328912	0.16991104443353097	0.28087313930237723	0.2085694392361203	0.006807236358289491	0.26753095604012983	0.2942153225646246
HepG2_skew	[-0.5,-0.2)	PLS	0	29712	29597	13612.673	23040.536965000007	29654	14151.036992113577	156212.2239687018	4124	6598	8145	trained	0.47720499737349353	5.04027512892618	0.01303723458787449	0.45165201758125956	0.5027579771657276	0.13907061441963986	0.0020093695231696114	0.13513225015422742	0.1430089786850523	0.4599342163057067	0.5669550911244478	0.004376737333092813	0.4513558111328448	0.4685126214785686
HepG2_skew	[-0.5,-0.2)	PLS	1	26630	26606	8165.176	9856.401868000004	26624	31798.83698552405	216312.72324996785	6674	8983	12755	trained	1.1943673747567627	6.698464853669731	0.015861745931233236	1.1632783527315456	1.2254563967819798	0.2506760817307692	0.0026561622141806	0.24547000379097525	0.2558821596705632	0.30689227993685636	0.27628537452637864	0.003222472014793945	0.3005762347878602	0.3132083250858525
HepG2_skew	[-0.5,-0.2)	PLS	2	21856	21849	4859.778000000001	3493.313158	21831	30570.844975400367	188512.6018669449	6171	8823	13167	trained	1.4003410276854182	6.674438543146182	0.01748519799497204	1.366070039615273	1.4346120157555635	0.28267143053456095	0.0030476367901652447	0.27669806242583705	0.28864479864328485	0.22242564877111085	0.11041623413888814	0.0022480226525640134	0.21801952437208538	0.2268317731701363
HepG2_skew	[-0.5,-0.2)	PLS	3	67296	67284	11500.877999999999	4605.484162000001	67273	98511.11197410787	703211.0886867746	20589	29270	42967	trained	1.4643484306349928	8.308902611300121	0.011113514915417904	1.4425659414007737	1.4861309198692119	0.3060514619535326	0.0017768078495587344	0.3025689185683975	0.3095340053386677	0.17093035491350098	0.039231826815735414	7.635955074769172e-4	0.16943370771884622	0.17242700210815573
HepG2_skew	[-0.5,-0.2)	dELS	0	2015956	2015474	1103609.9030000004	2161503.9374769987	2012282	-194052.64810092573	5205324.329621352	95440	156621	390870	trained	-0.0964341221066062	2.5774785096411867	0.0011317567809394382	-0.09865236539724749	-0.0942158788159649	0.0474287401070029	1.4983908420564436e-4	0.04713505550195984	0.047722424712045956	0.5475684146756546	0.7726236037252474	6.191492994283553e-4	0.546354882048775	0.5487819473025343
HepG2_skew	[-0.5,-0.2)	dELS	1	392289	392217	185449.96499999997	322888.7422869998	391786	33730.3009471501	1314765.9793995214	30019	54257	134080	trained	0.0860936862142856	3.3484232766794646	0.002923450331212049	0.08036372356510998	0.09182364886346123	0.07662091039496051	4.2495135191748774e-4	0.07578800574520224	0.07745381504471878	0.472824903051117	0.59967818896996	0.001236505122581462	0.47040135301085734	0.4752484530913767
HepG2_skew	[-0.5,-0.2)	dELS	2	90072	90050	35643.08300000001	52775.67192900001	89945	28561.697967186105	414293.9857495587	10360	18435	44304	trained	0.3175462556805393	4.505295800767147	0.007077390228868886	0.30367457083195626	0.3314179405291223	0.11518149980543665	0.0010644614768404888	0.1130951553108293	0.11726784430004401	0.395814358689617	0.42940652188957357	0.0021836974128249	0.3915343117604802	0.4000944056187538
HepG2_skew	[-0.5,-0.2)	dELS	3	51245	51240	15205.202000000005	16491.889464	51211	27652.228962917343	334376.58995123603	8261	11011	30268	trained	0.5399665884852345	6.237947865926907	0.011036700114068486	0.5183346562616603	0.5615985207088087	0.16131299916033665	0.0016253728854328162	0.15812726830488832	0.16449873001578497	0.29674476971116326	0.23380287082297235	0.0021360939953674178	0.2925580254802431	0.3009315139420834
HepG2_skew	[-0.5,-0.2)	non-cCRE	0	5198450	5195580	3095622.038	6356530.145760002	5143990	-1386773.8141669438	8074681.761407028	72428	198562	85790	trained	-0.26959107894201656	1.4970521734391784	5.394713809514336e-4	-0.2706484428486814	-0.26853371503535173	0.014080120684526992	5.194861131781673e-5	0.013978301406344072	0.014181939962709913	0.595818376004219	0.8684502055220352	4.088419424201525e-4	0.5950170457970756	0.5966197062113625
HepG2_skew	[-0.5,-0.2)	pELS	0	226643	226337	116941.53899999996	212814.56090699998	226201	-12443.78001006064	619471.9423327913	12092	40448	42181	trained	-0.05501204685240401	2.7355764125723114	0.003477580283570917	-0.061828104208203005	-0.048195989496605016	0.053456881269313576	4.7296036766778936e-4	0.05252987894868471	0.05438388358994244	0.5166700053460104	0.6733103674479505	0.0017247647720751295	0.5132894663927431	0.5200505442992777
HepG2_skew	[-0.5,-0.2)	pELS	1	98224	98157	34154.91900000001	47132.563294999985	98111	33481.32903815829	387724.79514553456	10716	29969	34844	trained	0.3412596858472372	3.835480249885075	0.006252461471554469	0.32900486136299045	0.35351451033148396	0.10922322675337118	9.958251545776483e-4	0.10727140945039898	0.11117504405634338	0.3479621320945018	0.3591012761139918	0.001912704307839235	0.3442132316511369	0.3517110325378667
HepG2_skew	[-0.5,-0.2)	pELS	2	55354	55346	13003.271000000004	10979.188826999998	55302	39850.34899532178	293374.65515032393	9127	21715	28452	trained	0.7205950778511044	4.7857848829794465	0.009302638997130715	0.7023619054167283	0.7388282502854806	0.16503923908719395	0.0015785422868857953	0.16194529620489778	0.16813318196949012	0.23494509088281004	0.14317705556294497	0.0016083982580533222	0.23179263029702554	0.23809755146859454
HepG2_skew	[-0.5,-0.2)	pELS	3	52142	52136	9727.760999999999	5072.923179000004	52135	54325.38099168976	397556.3476914417	11627	22025	31395	trained	1.0420136375120315	6.539850382381251	0.011200030811433706	1.0200615771216215	1.0639656979024414	0.2230171669703654	0.001823098652510291	0.21944389361144523	0.22659044032928555	0.18658433711830594	0.062489217246949176	0.0010947972260051337	0.18443853455533588	0.188730139681276
HepG2_skew	[-1.0,-0.5)	Other cCREs	0	182084	182015	116017.69199999998	242297.67680000002	180912	-44078.9069518532	324771.90505000635	3625	6855	22541	trained	-0.2436483315194857	1.7358378037597748	0.0030975682473594114	-0.24971956528431014	-0.23757709775466127	0.020037366233306802	3.2945142376962716e-4	0.019391641442718332	0.020683091023895272	0.6374073125841275	0.9249132018969255	0.0022542231173990684	0.6329890352740254	0.6418255898942297
HepG2_skew	[-1.0,-0.5)	Other cCREs	1	11345	11339	5765.287	10601.774708999998	11315	407.0720023399916	35948.2066727205	676	818	4273	trained	0.03597631483340624	3.1760263144957093	0.016753855557724993	0.0031387579402652604	0.06881387172654722	0.05974370304904993	0.002228137125577972	0.05537655428291711	0.06411085181518275	0.5084475703324809	0.676523949689589	0.007724212448497153	0.4933081139334265	0.5235870267315353
HepG2_skew	[-1.0,-0.5)	Other cCREs	2	2854	2854	1003.2899999999997	1340.6037300000005	2848	3450.378991624807	27346.317729444494	679	221	2167	trained	1.2115094773963508	8.137039297675368	0.05345190824442364	1.1067437372372806	1.316275217555421	0.2384129213483146	0.007984627969232473	0.22276305052861894	0.25406279216801025	0.3515381920112122	0.3462702339071404	0.011014900939839862	0.3299489861691261	0.37312739785329835
HepG2_skew	[-1.0,-0.5)	Other cCREs	3	2133	2133	616.028	606.2511139999999	2133	4638.968996422715	30920.232634461787	832	213	1809	trained	2.1748565384072736	9.770703837299822	0.06768111378583434	2.042201555387038	2.307511521427509	0.39006094702297234	0.010561218511226468	0.36936095874096847	0.4107609353049762	0.28880825128926396	0.20090860439717503	0.009705185500361405	0.2697860877085556	0.3078304148699723
HepG2_skew	[-1.0,-0.5)	PLS	0	8284	8270	4565.884	8289.650084000003	8276	6652.927982353257	59258.90175410235	1532	1766	2959	trained	0.8038820664999102	6.51489211593633	0.02805713831853603	0.7488900753955796	0.8588740576042408	0.18511358144030932	0.004269307540869173	0.17674573866020574	0.1934814242204129	0.5521020556227327	0.6976437467487069	0.009184681445021289	0.534100079990491	0.5701040312549744
HepG2_skew	[-1.0,-0.5)	PLS	1	7598	7593	2656.753999999999	3497.4693899999984	7598	13538.979985939106	92599.02323791897	2493	2606	4352	trained	1.781913659639261	9.013259163273858	0.03444223176095241	1.7144068853877943	1.8494204338907279	0.32811266122663857	0.005386542349205629	0.31755503822219555	0.3386702842310816	0.34989516660081643	0.33823551192737267	0.006674256629593137	0.3368136236068139	0.362976709594819
HepG2_skew	[-1.0,-0.5)	PLS	2	6144	6142	1506.4119999999998	1261.7526599999994	6141	13714.198990987032	86862.68739489294	2473	2667	4093	trained	2.2332191810758886	9.158937321682265	0.03861917525308941	2.1575255975798333	2.308912764571944	0.40270314281061714	0.006258468570836843	0.39043654441177694	0.41496974120945734	0.24526408336046887	0.145299446614035	0.004863815294681809	0.23573100538289252	0.2547971613380452
HepG2_skew	[-1.0,-0.5)	PLS	3	20534	20533	3610.9149999999995	1519.8590389999997	20524	55201.7180219976	350292.9517365358	9886	9185	14803	trained	2.6896179118104464	9.833914251418484	0.021889316738185133	2.6467148510036034	2.7325209726172894	0.48167998440849735	0.003487765577400016	0.47484396387679334	0.48851600494020136	0.17585910485559827	0.04309598477451525	0.0014487458368554278	0.17301956301536164	0.1786986466958349
HepG2_skew	[-1.0,-0.5)	dELS	0	451918	451858	290918.0619999999	597154.7959480006	451047	-51890.99903527365	1276903.8937301135	22951	35732	124091	trained	-0.11504565829120612	2.8177482110177503	0.0024994254754545997	-0.11994453222309714	-0.1101467843593151	0.050883832505259984	3.2721913598898576e-4	0.05024248299872157	0.0515251820117984	0.6438262949864779	0.9070438168400494	0.0014168149986285748	0.6410493375891659	0.6466032523837899
HepG2_skew	[-1.0,-0.5)	dELS	1	107615	107592	56134.747999999985	102135.52204600003	107451	21975.413974256713	434981.3588755009	10414	14977	49407	trained	0.204515676673616	4.006394064368292	0.006106208100917978	0.19254750879581678	0.21648384455141523	0.09691859545281105	9.025302664072498e-4	0.09514963613065285	0.09868755477496925	0.5217371923563089	0.6770820629128004	0.0025085956455215288	0.5168203448910866	0.5266540398215311
HepG2_skew	[-1.0,-0.5)	dELS	2	28471	28467	12436.849000000002	19259.750347	28432	21137.73596441804	197837.34714275895	5022	5490	17984	trained	0.7434487888441911	6.40577267563941	0.015010047136527531	0.7140290964565971	0.7728684812317851	0.1766319639842431	0.0022616632716203366	0.17219910397186725	0.18106482399661897	0.43688653528647214	0.4857113214891089	0.004130648715161128	0.42879046380475633	0.44498260676818796
HepG2_skew	[-1.0,-0.5)	dELS	3	19064	19061	5799.693999999999	6228.251690000001	19055	33662.03898082976	246384.8526252874	6380	3880	14779	trained	1.7665724996499481	9.809930737882281	0.02268968642939105	1.7221007142483415	1.8110442850515547	0.33482025715035424	0.003418777945766967	0.32811945237665097	0.3415210619240575	0.3042701851949005	0.23418560978731626	0.003505155277457326	0.29740008085108416	0.31114028953871686
HepG2_skew	[-1.0,-0.5)	non-cCRE	0	911804	911429	672152.143	1461963.0191570001	903155	-295266.67158789217	1552838.0391167433	11886	39111	21118	trained	-0.32692801522207393	1.6124681861712242	0.001336178354542674	-0.32954692479697756	-0.3243091056471703	0.01316053169168083	1.1991646780542424e-4	0.012925495414782199	0.013395567968579462	0.7374706565185001	1.060172100241021	0.001078516426461095	0.7353567643226363	0.7395845487143639
HepG2_skew	[-1.0,-0.5)	pELS	0	48007	47952	29533.687999999995	56826.63642799999	47912	-2243.9870146827357	152162.75497617718	2943	8580	12417	trained	-0.04683559472956119	3.1737525100661457	0.008138875003215184	-0.06278778973586295	-0.03088339972325943	0.06142511270662882	0.001096946119013985	0.05927509831336141	0.06357512709989624	0.615901067734401	0.8057560103994772	0.004099193449561271	0.6078666485732609	0.6239354868955411
HepG2_skew	[-1.0,-0.5)	pELS	1	22364	22350	9109.849999999999	13815.154658000001	22321	11469.657005251272	118669.41944554131	3155	6607	10108	trained	0.5138504997648525	5.052676095934655	0.015045405786857001	0.48436150442261283	0.5433394951070922	0.14134671385690606	0.002331819621867272	0.1367763473980462	0.14591708031576592	0.40759955257270686	0.45201055411855245	0.004497130848285593	0.3987851761100671	0.41641392903534663
HepG2_skew	[-1.0,-0.5)	pELS	2	13392	13388	3606.768	3661.074898	13373	15215.616000289097	105064.36479207667	3115	5149	8114	trained	1.1377862858213637	6.562387494512685	0.022152182117121437	1.0943680088718057	1.1812045627709216	0.2329320272190234	0.003655250169760471	0.22576773688629287	0.24009631755175392	0.2694030475052286	0.20089643737623525	0.0038737203557690347	0.26181055560792127	0.2769955394025359
HepG2_skew	[-1.0,-0.5)	pELS	3	14617	14615	2865.381	1646.2908690000004	14614	27088.378001984907	181887.0703527398	4988	6310	10122	trained	1.8535909403301565	9.010901135976312	0.02483130594688493	1.804921580674262	1.902260299986051	0.34131654577802106	0.003922224937122046	0.33362898490126186	0.34900410665478027	0.19605754361956892	0.07421043578799894	0.0022533729731843604	0.19164093259212758	0.20047415464701027
HepG2_skew	[-1.5,-1.0)	Other cCREs	0	34120	34116	24609.683000000008	53827.314975	33856	-9448.796981090914	58268.09112946373	559	1353	4483	trained	-0.2790878125322222	1.6432150952281792	0.00696673650357785	-0.2927426160792348	-0.2654330089852096	0.016511105860113423	6.925561464111591e-4	0.015153695813147551	0.017868515907079295	0.7213531187712513	1.0574540053049437	0.005567390581376032	0.7104410332317542	0.7322652043107484
HepG2_skew	[-1.5,-1.0)	Other cCREs	1	2092	2092	1255.3749999999993	2566.162838999999	2085	-345.15999812900554	4610.927443215756	77	122	792	trained	-0.16554436361103383	2.1851190743673246	0.0323731175623194	-0.22899567403317986	-0.10209305318888781	0.036930455635491605	0.004130171902406439	0.028835318706774984	0.045025592564208225	0.6000836520076479	0.8669693086374455	0.020357339601217894	0.5601832663892609	0.639984037626035
HepG2_skew	[-1.5,-1.0)	Other cCREs	2	317	317	159.54100000000005	262.4420609999999	314	194.1300001007039	1967.8460552692181	44	23	222	trained	0.6182484079640251	5.903595820347929	0.1371176887726615	0.3494977379696086	0.8869990779584417	0.14012738853503184	0.019589066845163414	0.10173281751851156	0.17852195955155215	0.5032839116719244	0.5764165900251562	0.04264210201705199	0.4197053917185025	0.5868624316253463
HepG2_skew	[-1.5,-1.0)	Other cCREs	3	234	234	60.596	54.31238999999999	234	634.9639973933811	4281.32318320615	99	21	209	trained	2.7135213563819702	10.979977749980879	0.21661713191140983	2.288951777835607	3.1380909349283335	0.4230769230769231	0.0322968893369089	0.3597750199765816	0.4863788261772645	0.25895726495726495	0.1657537149040754	0.026614830621136315	0.20679219693983777	0.31112233297469216
HepG2_skew	[-1.5,-1.0)	PLS	0	1770	1768	1121.8949999999998	2158.307409	1765	1864.1649995569608	15188.379820559152	394	346	681	trained	1.0561841357263233	7.494035329734026	0.0651606658047726	0.928469230748969	1.1838990407036776	0.22322946175637393	0.009911737088027102	0.20380245706384081	0.24265646644890704	0.634555995475113	0.8185637863364167	0.021517169119853158	0.5923823440002008	0.6767296469500251
HepG2_skew	[-1.5,-1.0)	PLS	1	1476	1476	601.8079999999999	905.3063799999999	1474	3294.422992684995	23315.541696168868	583	508	953	trained	2.2350223830970113	10.829893121607917	0.08571628567147188	2.0670184631809265	2.403026303013096	0.39552238805970147	0.012735819757160278	0.3705601813356673	0.4204845947837356	0.4077289972899728	0.4474113949823159	0.01741046384629176	0.373604488151241	0.44185350642870463
HepG2_skew	[-1.5,-1.0)	PLS	2	1169	1169	338.68999999999994	378.68153800000016	1169	3465.4179985602386	21947.82135209108	583	515	859	trained	2.9644294256289467	9.995577281725117	0.09246911158249758	2.7831899669272513	3.145668884330642	0.49871685201026517	0.01462383635873569	0.4700541327471432	0.5273795712733871	0.28972626176218985	0.2402004712360994	0.014334405040553222	0.26163082788270553	0.3178216956416742
HepG2_skew	[-1.5,-1.0)	PLS	3	4118	4118	757.3260000000002	349.9106820000003	4116	15733.584987820246	104939.12374561933	2621	1905	3122	trained	3.822542514047679	10.88622751671789	0.05142816401179772	3.7217433125845556	3.9233417155108024	0.6367832847424684	0.0074961981458050615	0.6220907363766904	0.6514758331082463	0.18390626517727057	0.05116193485993652	0.003524766149812446	0.17699772352363818	0.19081480683090296
HepG2_skew	[-1.5,-1.0)	dELS	0	84521	84515	62338.261000000006	134937.99830900002	84358	-10464.99399138114	238469.44163246994	4278	6687	27510	trained	-0.12405455311151449	2.8115178524550952	0.005773076140427955	-0.1353697823467533	-0.1127393238762757	0.05071243983973067	7.554278822619369e-4	0.049231801190497276	0.05219307848896407	0.7375999645033426	1.0525747119790791	0.0035290642733837112	0.7306829985275106	0.7445169304791747
HepG2_skew	[-1.5,-1.0)	dELS	1	22155	22154	12380.567999999994	23859.18816599999	22126	6776.764993707186	95024.23943797477	2402	3000	12000	trained	0.30628061980055976	4.201068820585736	0.013779340878434609	0.27927311167882796	0.33328812792229157	0.10856006508180421	0.0020913640405673065	0.1044609915622923	0.11265913860131613	0.558841202491649	0.7647007925495581	0.005875159947035322	0.5473258889954598	0.5703565159878383
HepG2_skew	[-1.5,-1.0)	dELS	2	5879	5879	2622.3980000000006	4338.881141999999	5876	5127.078995580785	42862.55450242376	1124	1051	3980	trained	0.8725457786897184	6.534288232820599	0.03334711369775247	0.8071854358421235	0.9379061215373132	0.191286589516678	0.005130960731733536	0.18122990648248027	0.20134327255087575	0.4460619152917164	0.539150947169587	0.009576425979535291	0.42729212037182723	0.4648317102116056
HepG2_skew	[-1.5,-1.0)	dELS	3	3078	3078	1053.4110000000003	1267.6360770000006	3078	6046.627990463633	45178.255955322165	1078	637	2398	trained	1.9644665336139158	10.822183174144683	0.05929569072848703	1.8482469797860812	2.0806860874417503	0.350227420402859	0.008598475437966652	0.33337440854444433	0.3670804322612736	0.34223879142300206	0.2948059699344506	0.009786644868517125	0.3230569674807085	0.36142061536529563
HepG2_skew	[-1.5,-1.0)	non-cCRE	0	196483	196409	182303.25	418704.82122199994	194869	-71677.06684605744	320880.37891698105	1945	8970	4083	trained	-0.367821802575358	1.5113614907852997	0.0027849204732307243	-0.37328024670289023	-0.3623633584478258	0.009981064202105004	2.2518465726884885e-4	0.00953970227385806	0.010422426130351948	0.9281817533819733	1.27028568586701	0.0025431384841823777	0.9231972019529758	0.9331663048109707
HepG2_skew	[-1.5,-1.0)	pELS	0	8758	8749	6260.587999999998	12719.243183999995	8740	-565.7209907033243	27263.660710719094	513	1577	2649	trained	-0.06472780213996845	3.1155787658046026	0.018880506958189398	-0.10173359577801967	-0.027722008501917236	0.058695652173913045	0.0025142721351399944	0.05376767878903865	0.06362362555878744	0.7155775517201963	0.941850360154453	0.010375564769474967	0.6952414447720254	0.7359136586683672
HepG2_skew	[-1.5,-1.0)	pELS	1	3973	3973	1908.099	3244.1558990000003	3971	2142.096996763838	23011.582010605423	603	1110	1952	trained	0.5394351540578791	5.5053046819015625	0.0372340893090428	0.4664563390121552	0.612413969103603	0.15185091916393856	0.005695014929068064	0.14068868990296515	0.16301314842491196	0.48026654920714823	0.5860422398601184	0.012145214160205703	0.45646192945314507	0.5040711689611515
HepG2_skew	[-1.5,-1.0)	pELS	2	2367	2367	693.1660000000002	792.3717020000001	2365	3577.9320047630463	23906.791475066846	688	933	1482	trained	1.5128676552909286	7.8231192352921335	0.05751410980587287	1.4001400000714177	1.6255953105104395	0.2909090909090909	0.009339293691361467	0.2726040752740224	0.3092141065441594	0.292845796366709	0.24910437561947332	0.010258681560890456	0.2727387805073637	0.31295281222605426
HepG2_skew	[-1.5,-1.0)	pELS	3	2716	2716	567.611	373.3228090000001	2715	6732.054008199135	44537.35077851687	1144	1150	2020	trained	2.4795779035724252	10.259653063423034	0.06147257713607472	2.3590916523857186	2.600064154759132	0.42136279926335174	0.009476464801914098	0.4027889282516001	0.43993667027510336	0.20898784977908688	0.09381178880259404	0.005877110087102187	0.1974687140083666	0.22050698554980716
HepG2_skew	[0.05,0.2)	Other cCREs	0	4105656	4102299	815388.7419999999	825395.6471460002	4083846	-436782.5534888591	6584991.201924353	102807	131045	165097	trained	-0.10695372780679269	1.6010097541869854	6.261268250636115e-4	-0.10818093638391736	-0.10572651922966801	0.025174063860390426	7.751852922785994e-5	0.02502212754310382	0.02532600017767703	0.19876384973401495	0.16169616194540345	1.9853459770520813e-4	0.19837472192251274	0.19915297754551717
HepG2_skew	[0.05,0.2)	Other cCREs	1	117102	117054	23881.109999999997	24116.89043199999	116800	-18802.12699182867	222795.38663632577	3213	7345	12766	trained	-0.1609771146560674	1.881597226720984	0.0040136722956998746	-0.16884391235563914	-0.15311031695649566	0.027508561643835618	4.785809564225967e-4	0.026570542969247327	0.028446580318423908	0.2040178891793531	0.16441028233825744	0.0011851446436142313	0.20169500567786922	0.20634077268083698
HepG2_skew	[0.05,0.2)	Other cCREs	2	22224	22222	3809.8790000000004	2687.7687990000004	22151	-5278.504995855969	47868.46357024661	568	1673	5109	trained	-0.23829646498379167	2.104316681234079	0.009746728761904034	-0.25740005335712357	-0.21919287661045977	0.025642183197146857	0.0010620380278538026	0.023560588662553405	0.02772377773174031	0.17144626946269464	0.09156110244119252	0.0020298499483365246	0.16746776356395507	0.17542477536143422
HepG2_skew	[0.05,0.2)	Other cCREs	3	18229	18229	2795.86	1514.8372180000008	18217	-6535.177988519659	45653.47623576067	448	1839	5616	trained	-0.3587406262567744	2.3775275796804807	0.01142416199001461	-0.38113198375720303	-0.33634926875634574	0.02459241367953011	0.0011475066557067584	0.022343300634344865	0.026841526724715355	0.15337429370782818	0.059579995896095694	0.0018078767184133593	0.149830855339738	0.15691773207591836
HepG2_skew	[0.05,0.2)	PLS	0	89156	88244	18551.941000000006	18965.80489300001	89025	14249.482016351307	321550.9618958711	7857	18301	13633	trained	0.16006157839203938	3.586338148286585	0.006347016491736978	0.14762142606823492	0.17250173071584385	0.08825610783487785	9.507204277881686e-4	0.08639269579641304	0.09011951987334266	0.21023458818729893	0.17072793555058127	0.0013909441793148534	0.2075083375958418	0.21296083877875605
HepG2_skew	[0.05,0.2)	PLS	1	56142	56042	10270.081999999999	7373.477147999998	56130	27936.425997915212	289041.2724720435	8354	18066	18282	trained	0.49770935324987015	4.9018698347825245	0.009345087373702642	0.479392981997413	0.5160257245023273	0.14883306609656155	0.001502310024414952	0.14588853844870825	0.15177759374441485	0.18325687876949429	0.09798922174788519	0.0013223071349323181	0.18066515678502695	0.18584860075396162
HepG2_skew	[0.05,0.2)	PLS	2	42840	42821	7024.475	3488.1621229999996	42808	20404.78198411246	236315.74543782594	6580	17175	19757	trained	0.47665814763858294	5.293284739746064	0.011119881501954186	0.4548631798947527	0.49845311538241316	0.1537095869930854	0.0017432020155835812	0.15029291104254158	0.15712626294362922	0.1640427593937554	0.05455039375776622	0.0011286792536254152	0.1618305480566496	0.1662549707308612
HepG2_skew	[0.05,0.2)	PLS	3	125924	125898	17526.296	5464.5484879999985	125861	24021.293942691642	794416.673414846	17461	54849	63107	trained	0.1908557372235374	6.2754812621194205	0.007061190521574864	0.17701580380125068	0.20469567064582414	0.13873241115198512	9.743442582998744e-4	0.13682269640571737	0.14064212589825287	0.1392102813388616	0.02402525787756526	4.368422280034682e-4	0.1383540705719748	0.1400664921057484
HepG2_skew	[0.05,0.2)	dELS	0	9830066	9827746	1968879.496	1984414.4323959996	9815852	-570706.8204760302	22412207.532061428	426819	654638	980300	trained	-0.058141343255382234	2.279886468418677	4.8193959645218665e-4	-0.05908594486442852	-0.057196741646335945	0.043482623821141556	6.509390148131468e-5	0.04335503977423818	0.04361020786804493	0.20033886671470752	0.16178394387212275	1.2830416283981375e-4	0.20008739055554148	0.20059034287387356
HepG2_skew	[0.05,0.2)	dELS	1	1213904	1213688	254229.07400000002	256785.35071600004	1212585	-24941.351111924312	3385916.096999069	69549	157512	238959	trained	-0.020568744551453556	2.791891600680266	0.001517375893914954	-0.023542801303526865	-0.017594687799380247	0.05735597916847066	2.1115779193004006e-4	0.056942109896287785	0.05776984844065354	0.2094682274192379	0.16769763310209782	3.71714872249559e-4	0.20873966626962875	0.21019678856884705
HepG2_skew	[0.05,0.2)	dELS	2	226258	226209	44942.35300000001	39937.28912300001	225965	364.3940045372632	765941.7310562015	15585	42536	69809	trained	0.001612612592823062	3.389660049520459	0.0038730890681745642	-0.005978641980799084	0.009203867166445208	0.06897085831876618	5.33081811405281e-4	0.06792601796841183	0.07001569866912052	0.19867623746181634	0.1370787572777233	7.784489538797387e-4	0.19715047751221204	0.20020199741142064
HepG2_skew	[0.05,0.2)	dELS	3	144256	144237	23807.709000000003	14754.800535	144192	-23880.37498904066	572959.3485926711	9015	28433	54440	trained	-0.16561511726753678	3.9461852507331825	0.005231402693575232	-0.17586866654694422	-0.15536156798812933	0.06252080559254328	6.375621388466974e-4	0.06127118380040375	0.0637704273846828	0.16505965182304128	0.07505136288274573	7.213415540324111e-4	0.16364582237713776	0.1664734812689448
HepG2_skew	[0.05,0.2)	non-cCRE	0	47328095	47304594	8853903.961000001	8415987.702579001	46768889	-6985421.927460619	58240695.2197365	607753	1279122	267820	trained	-0.14936044188393313	1.2229786073576363	1.617077757334366e-4	-0.14967738912437067	-0.1490434946434956	0.012994813710456111	1.6560224486437154e-5	0.012962355670462694	0.013027271750449529	0.1871679516158621	0.14287873979583893	5.495815515313965e-5	0.18706023363176197	0.18727566959996225
HepG2_skew	[0.05,0.2)	pELS	0	1107301	1105984	213812.03900000002	203562.111197	1105935	-72710.23495978923	2425401.556626969	45019	183418	102313	trained	-0.06574548681413395	2.188757364212663	0.0014068053422782564	-0.06850282528499933	-0.06298814834326856	0.04070673231247768	1.8790745807192047e-4	0.040338433694656714	0.04107503093029864	0.19332290430964644	0.14668159170724376	3.6417773033397367e-4	0.19260911595819186	0.19403669266110102
HepG2_skew	[0.05,0.2)	pELS	1	341317	341205	58955.662000000004	42810.853928000004	340975	34676.54698780191	988563.8325489666	24113	103546	70287	trained	0.10169820951038025	2.888892671606353	0.0029107468394887373	0.09599314570498232	0.10740327331577817	0.07071779455971845	4.390125095643723e-4	0.06985733004097228	0.07157825907846463	0.17278662973872014	0.0956146580550195	5.293641724648011e-4	0.17174907596068914	0.17382418351675114
HepG2_skew	[0.05,0.2)	pELS	2	161732	161704	24600.585999999992	11587.28248	161621	39556.02700386883	571869.2236033895	15584	63717	57693	trained	0.24474559001533733	3.478456010615425	0.004639213536986585	0.23565273148284363	0.25383844854783105	0.0964231133330446	7.342166634317826e-4	0.0949840486727183	0.0978621779933709	0.15213344134962642	0.048513080602107315	5.477331740041732e-4	0.15105988432857825	0.15320699837067459
HepG2_skew	[0.05,0.2)	pELS	3	125453	125425	17598.697	6012.3545509999985	125418	33465.726994863944	620922.6072667195	14526	52389	55564	trained	0.2668335246524737	4.879664075664563	0.006237564180465381	0.2546078988587615	0.27905915044618584	0.11582069559393389	9.036147712398843e-4	0.11404961064230372	0.11759178054556406	0.14031251345425552	0.028248478292911498	4.745756749991186e-4	0.13938234513125725	0.1412426817772538
HepG2_skew	[0.2,0.5)	Other cCREs	0	659652	659149	156093.605	201285.57563500007	655142	-96901.46390372094	1029519.3358441251	14029	24367	32373	trained	-0.1479091004755014	1.549569829217476	0.0015379345546161162	-0.150923452202549	-0.14489474874845382	0.021413678256011672	1.788452812491951e-4	0.02106314150476325	0.021764215007260095	0.2368108045373656	0.24929291062373296	6.149830773546785e-4	0.23560543770575043	0.2380161713689808
HepG2_skew	[0.2,0.5)	Other cCREs	1	24018	24007	5451.5960000000005	6535.162954	23955	-4736.128993632622	45573.91774507603	583	1547	3123	trained	-0.1977094132178093	1.8634691684403888	0.008819886943475842	-0.21499639162702194	-0.18042243480859665	0.024337299102483823	9.956070274747826e-4	0.022385909328633248	0.0262886888763344	0.22708360061648689	0.22066128906163301	0.003031755186666146	0.22114136045062124	0.23302584078235253
HepG2_skew	[0.2,0.5)	Other cCREs	2	3934	3934	713.6769999999999	610.6950470000002	3925	-836.4440015509025	8704.280847980173	111	361	1073	trained	-0.21310675198749107	2.172790260853782	0.023528220003290867	-0.25922206319394114	-0.16699144078104097	0.028280254777070062	0.0026460152455046577	0.023094064895880933	0.03346644465825919	0.18141255719369595	0.12235572779549321	0.005576927189532742	0.17048177990221178	0.19234333448518012
HepG2_skew	[0.2,0.5)	Other cCREs	3	3201	3201	507.73300000000006	317.4433909999999	3199	-1156.9430010248907	8095.147400907332	88	360	1153	trained	-0.3616577058533575	2.400478439447646	0.02739313796062218	-0.415348256256177	-0.307967155450538	0.02750859643638637	0.0028918115068822855	0.02184064588289709	0.03317654698987565	0.15861699468915966	0.07403384638609024	0.004809194255430938	0.14919097394851502	0.1680430154298043
HepG2_skew	[0.2,0.5)	PLS	0	20269	20126	4577.526000000002	5327.434882	20247	5125.610985012609	81841.24426014985	2079	4439	3916	trained	0.25315409616301715	3.97825125180064	0.01401734500438751	0.22568009995441762	0.2806280923716167	0.10268187879685879	0.00213324030707162	0.09850072779499841	0.10686302979871917	0.2274434065388056	0.2129841875796296	0.003253081520786395	0.22106736675806427	0.23381944631954693
HepG2_skew	[0.2,0.5)	PLS	1	15955	15945	2865.4859999999994	2089.4111900000003	15955	12640.044994144468	98651.93231704495	3073	5440	5962	trained	0.7922309617138494	5.5558541629201175	0.018660660616620913	0.7556560669052724	0.8288058565224264	0.19260419931056094	0.0031219627342790996	0.18648515235137392	0.19872324626974797	0.17971063029162743	0.09874892717311629	0.0024885933211934983	0.17483298738208816	0.1845882732011667
HepG2_skew	[0.2,0.5)	PLS	2	12207	12200	1928.9969999999998	911.8438129999997	12196	10028.993998396094	82024.14533410827	2429	5046	5861	trained	0.8223183009508113	6.04978434022971	0.022272103639836022	0.7786649778167327	0.8659716240848898	0.19916366021646442	0.003616331445146888	0.19207565058397652	0.20625166984895232	0.1581145081967213	0.049745175918685866	0.0020192754730243858	0.1541567282695935	0.16207228812384908
HepG2_skew	[0.2,0.5)	PLS	3	33010	33005	4547.345	1385.3993929999997	32990	16677.763988693478	239604.33990707085	5889	14259	17093	trained	0.5055399814699447	7.007580205803954	0.014574473698736042	0.4769740130204221	0.5341059499194674	0.17850863898150954	0.0021083366675660542	0.17437629911308006	0.18264097884993902	0.13777745796091503	0.02299350861800759	8.346660606211583e-4	0.13614151248209758	0.1394134034397325
HepG2_skew	[0.2,0.5)	dELS	0	1705147	1704697	391463.787	483271.529213	1702295	-142857.08298466832	3867458.4784386726	71314	125836	217497	trained	-0.08392028584039095	2.2648672151815576	0.0011534637775991602	-0.0861810748444853	-0.0816594968362966	0.041892856408554335	1.5355346252795494e-4	0.04159189162199954	0.04219382119510913	0.2296383386607708	0.23076046140805523	3.6792313820314303e-4	0.22891720930989265	0.23035946801164894
HepG2_skew	[0.2,0.5)	dELS	1	270873	270827	62245.65699999999	72155.93119300001	270562	2445.8579677887024	778478.4842557136	16865	37027	65445	trained	0.009039916794630076	2.8771935863010314	0.0032610025729816606	0.002648351751586021	0.01543148183767413	0.06233321752500351	4.647834311825132e-4	0.06142224199988578	0.06324419305012123	0.22983549276844625	0.21360456508499673	8.8809471482908e-4	0.22809482712738124	0.23157615840951126
HepG2_skew	[0.2,0.5)	dELS	2	54711	54704	11558.052000000001	11460.729535999999	54649	5771.121983959459	191705.1372655872	4483	10918	19860	trained	0.10560343252318356	3.4968468557782733	0.00799921181291994	0.08992497736986048	0.12128188767650665	0.0820326080989588	0.0011738585762453135	0.07973184528951799	0.08433337090839962	0.2112834893243639	0.1648667162614035	0.001736028906257868	0.20788087266809846	0.21468610598062932
HepG2_skew	[0.2,0.5)	dELS	3	31540	31539	5414.652000000002	3771.0504659999992	31521	-656.0360030896252	136934.4937570062	2562	6646	13427	trained	-0.02081266467084246	4.343935276004502	0.011739285893353515	-0.04382166502181535	0.0021963356801304283	0.08127914723517655	0.001539151474413012	0.07826241034532705	0.08429588412502606	0.17168115666317899	0.09009628853165716	0.0016901665051991656	0.16836843031298862	0.17499388301336935
HepG2_skew	[0.2,0.5)	non-cCRE	0	5595775	5592748	1226259.07	1504784.3590819996	5538647	-945043.7776055201	7214107.896547075	71416	192693	53074	trained	-0.17062719064882093	1.2733902350383282	4.7948929345204786e-4	-0.17156698966398695	-0.1696873916336549	0.012894123781493927	4.79375619791681e-5	0.012800166160014758	0.012988081402973096	0.21925877404095448	0.2209855548154062	1.9877845806492146e-4	0.21886916826314723	0.21964837981876173
HepG2_skew	[0.2,0.5)	pELS	0	195243	194977	42453.77899999999	48371.21681100001	194940	-13474.186986012623	445066.33316488145	8394	34434	23398	trained	-0.06911966238849196	2.278328102172725	0.0034186737134189655	-0.07582026286679314	-0.06241906191019079	0.04305940289319791	4.5975452295686216e-4	0.04215828402820246	0.04396052175819336	0.2177373690230129	0.20067825099733086	0.0010145149745060097	0.21574891967298113	0.2197258183730447
HepG2_skew	[0.2,0.5)	pELS	1	75227	75194	13830.435999999998	11412.113985999997	75127	16656.874008200717	249436.44726372603	6664	23300	18973	trained	0.2217162139869916	3.2710825575935023	0.006598538108840399	0.2087830792936644	0.23464934868031878	0.08870312936760419	0.0010372928560851656	0.08667003536967727	0.09073622336553111	0.18393004761018164	0.11794025021013163	0.001252389530352272	0.18147536413069118	0.1863847310896721
HepG2_skew	[0.2,0.5)	pELS	2	40316	40314	6229.78	3121.789588	40286	17562.67601729208	171641.55860714128	5089	16100	16322	trained	0.43594985894087473	4.070624611512437	0.010052022518741308	0.41624789480414176	0.4556518230776077	0.12632179913617633	0.001655151785736743	0.12307770163613231	0.12956589663622034	0.15453142828793967	0.05355822654429984	0.001152617338402699	0.15227229830467037	0.15679055827120897
HepG2_skew	[0.2,0.5)	pELS	3	33097	33092	4626.847999999999	1622.189094	33085	16766.399001678452	185772.13773565722	4873	13987	16039	trained	0.5067673870841304	5.35834462346653	0.012726229517856716	0.48182397722913123	0.5317107969391296	0.14728729031283058	0.001948356545218919	0.1434685114842015	0.15110606914145966	0.1398177202949353	0.029472477546427105	9.43727944275431e-4	0.13796801352415547	0.14166742706571514
HepG2_skew	[0.5,1.0)	Other cCREs	0	135093	134976	33956.336	46522.887177999975	134070	-24379.454978247293	213330.73628465366	2588	5051	7679	trained	-0.18184123948867975	1.5581345872151706	0.0034090759693549038	-0.18852302838861537	-0.17515945058874413	0.01930334899679272	3.757663382653875e-4	0.01856684697379256	0.02003985101979288	0.2515731389284021	0.28138829519520264	0.001443858843710803	0.24874317559472894	0.2544031022620753
HepG2_skew	[0.5,1.0)	Other cCREs	1	4999	4999	1185.711	1477.2912929999998	4987	-1008.8280007769353	9656.751355073908	120	338	732	trained	-0.20229155820672454	1.8958431541985894	0.019497616242543234	-0.2405068860421093	-0.16407623037133978	0.0240625626629236	0.0021700125413740283	0.019809338081830503	0.028315787244016698	0.23718963792758552	0.2393063085680761	0.0069188753335199926	0.22362864227388635	0.2507506335812847
HepG2_skew	[0.5,1.0)	Other cCREs	2	718	718	129.98899999999995	114.82578900000004	715	-135.37199876166417	1575.7011536539212	24	51	218	trained	-0.1893314667995303	2.1709677514913044	0.05510279968889305	-0.2973329541897607	-0.08132997940929994	0.033566433566433566	0.00673574413829628	0.020364375055372856	0.04676849207749428	0.1810431754874651	0.12732519897009756	0.013316649210590007	0.15494254303470867	0.20714380794022152
HepG2_skew	[0.5,1.0)	Other cCREs	3	512	512	75.09400000000001	36.961240000000025	511	-239.96600070141716	1381.2112594488783	13	51	211	trained	-0.4696007841515013	2.4873000732348887	0.06976757714311517	-0.606345235352007	-0.3328563329509956	0.025440313111545987	0.006965543316876352	0.011787848210468337	0.03909277801262363	0.14666796875000002	0.0507776038252202	0.009958664944214822	0.12714898545933898	0.16618695204066106
HepG2_skew	[0.5,1.0)	PLS	0	4748	4715	1166.2309999999995	1386.047610999999	4744	1307.3839996915776	19710.90126960331	521	1056	994	trained	0.27558684647798853	4.079823621335131	0.029325697732517357	0.21810847892225452	0.3330652140337226	0.10982293423271501	0.0045395455880658485	0.10092542488010595	0.11872044358532408	0.24734485683987265	0.232835462720148	0.007027222671669926	0.23357150040339958	0.2611182132763457
HepG2_skew	[0.5,1.0)	PLS	1	3772	3766	716.6750000000001	557.7535549999999	3772	3237.5989987872313	25484.97332620353	751	1302	1433	trained	0.8583242308555756	6.021231412291355	0.03995368279520859	0.7800150125769668	0.9366334491341844	0.19909862142099682	0.006501862861560085	0.18635497021233904	0.2118422726296546	0.1903013807753585	0.11191748019464007	0.005451409465500856	0.1796166182229768	0.20098614332774017
HepG2_skew	[0.5,1.0)	PLS	2	2857	2856	452.824	185.62085199999996	2855	2603.0009921116293	19936.804223329647	610	1203	1404	trained	0.9117341478499578	6.154015182878121	0.04642759907074614	0.8207360536712953	1.0027322420286202	0.2136602451838879	0.00767121087517255	0.1986246718685497	0.2286958184992261	0.15855182072829133	0.039868575247121604	0.003736252824764511	0.15122876519175288	0.16587487626482977
HepG2_skew	[0.5,1.0)	PLS	3	6481	6479	919.0150000000002	282.07418499999994	6481	4789.75700222829	51334.3634316796	1346	2775	3414	trained	0.7390459809023746	7.375696415074658	0.03373498377866707	0.6729254126961871	0.8051665491085621	0.2076839993828113	0.005038830178109635	0.19780789223371642	0.21756010653190616	0.14184519215928387	0.023420241699249094	0.0019012608102272036	0.13811872097123856	0.14557166334732918
HepG2_skew	[0.5,1.0)	dELS	0	363028	362948	91112.29900000003	121291.20188499997	362466	-45067.437959612354	834361.360692892	14507	27791	52463	trained	-0.12433562860961402	2.286449374324028	0.002511580817003281	-0.12925832701094045	-0.11941293020828758	0.04002306423223144	3.2557566013002815e-4	0.03938493593837659	0.04066119252608629	0.2510340296681619	0.27116607745676236	8.643616217092613e-4	0.24933988088961176	0.2527281784467121
HepG2_skew	[0.5,1.0)	dELS	1	60609	60599	15210.874000000005	18919.634702000007	60537	31.331004701555596	180695.7069354994	3887	8372	16094	trained	5.175513273131407e-4	2.9849294753551	0.007021931519530797	-0.013245434450967222	0.014280537105593502	0.06420866577465022	9.962673204679346e-4	0.062255981826533066	0.06616134972276737	0.2510086635092989	0.24920910836086443	0.002027912568622654	0.2470339548747985	0.2549833721437993
HepG2_skew	[0.5,1.0)	dELS	2	12336	12331	2827.9699999999993	2992.8535679999995	12312	1037.885002775817	46317.20159578779	1048	2495	4722	trained	0.08429865194735355	3.755154681924897	0.017464236830093027	0.050068747760371214	0.11852855613433588	0.08512020792722547	0.0025149771985896563	0.08019085261798974	0.0900495632364612	0.22933825318303458	0.1901291052835339	0.003926676771754314	0.22164196671039613	0.23703453965567303
HepG2_skew	[0.5,1.0)	dELS	3	6329	6329	1137.8120000000004	834.3746560000001	6326	406.8100040056748	31125.159982598867	632	1332	2884	trained	0.06430761998192773	4.916837786475324	0.027879074118552886	0.0096646347095640725	0.11895060525429138	0.09990515333544103	0.003770279000563522	0.09251540649433652	0.10729490017654554	0.17977753199557597	0.09952933355958433	0.003965591729986102	0.1720049722048032	0.18755009178634874
HepG2_skew	[0.5,1.0)	non-cCRE	0	1032679	1032136	225791.39	277192.44799799996	1023856	-189273.80867037913	1336241.2488612162	12058	39763	11818	trained	-0.18486370023751303	1.2709332788650374	0.001114145565361441	-0.18704742554562145	-0.1826799749294046	0.011777046772202341	1.0661694363610741e-4	0.01156807756267557	0.011986015981729112	0.21876127758357428	0.22070565871153375	4.624217693130528e-4	0.2178549309157207	0.21966762425142786
HepG2_skew	[0.5,1.0)	pELS	0	42131	42068	9688.070999999998	11538.566063	42049	-4129.281995382508	98461.22645046448	1777	7610	5637	trained	-0.09820166937103161	2.3319949596940206	0.0074470791163112355	-0.11279794443900164	-0.08360539430306159	0.042260220219267994	9.810966777082561e-4	0.040337270730959815	0.04418316970757617	0.23029549776552244	0.22125292817807968	0.002293340712479549	0.22580054996906251	0.23479044556198236
HepG2_skew	[0.5,1.0)	pELS	1	17417	17405	3313.989	2896.327467	17389	4842.881989937159	63201.63997192979	1735	5426	4739	trained	0.278502616018009	3.5572167396288124	0.014302694419763094	0.25046933495527335	0.3065358970807447	0.09977572028293749	0.002272743859633425	0.09532114231805598	0.104230298247819	0.19040442401608734	0.1301614169305534	0.002734664922731507	0.18504448076753358	0.1957643672646411
HepG2_skew	[0.5,1.0)	pELS	2	9473	9470	1494.3370000000004	716.0877789999998	9468	5401.865000876483	46404.60222405108	1394	3849	4031	trained	0.5705391847144574	4.576172659819737	0.021984777590251678	0.5274490206375642	0.6136293487913507	0.1472327841149134	0.0036415676768946584	0.14009531146819987	0.1543702567616269	0.15779693769799372	0.05072193225379585	0.002314317318764214	0.15326087575321587	0.16233299964277156
HepG2_skew	[0.5,1.0)	pELS	3	7532	7531	1049.39	335.52323400000006	7531	4446.014009372098	43376.52806847607	1212	3222	3798	trained	0.5903617061973309	5.4119218661521815	0.02680707535506333	0.5378198385014067	0.642903573893255	0.1609348028150312	0.004234445193864608	0.15263529023505656	0.16923431539500583	0.1393427167706812	0.025139227151130795	0.0018270466539339967	0.13576170532897056	0.14292372821239183
HepG2_skew	[1.0,1.5)	Other cCREs	0	22956	22938	5244.065999999999	6994.034009999999	22775	-4413.540993208531	34720.03048997552	393	869	1366	trained	-0.19378884712221872	1.4869911069278556	0.008080253625824166	-0.20962614422883408	-0.17795155001560337	0.01725576289791438	8.62895377354734e-4	0.0155644879582991	0.018947037837529657	0.22861914726654456	0.2526546676928334	0.003318836737570229	0.2221142272609069	0.2351240672721822
HepG2_skew	[1.0,1.5)	Other cCREs	1	836	836	191.424	240.92547800000003	832	-215.77500032773236	2024.1627353017282	25	66	114	trained	-0.259344952316986	2.3684748232617747	0.05335470501454987	-0.36392017414550376	-0.15476973048846826	0.030048076923076924	0.005918638055994192	0.018447546333328305	0.04164860751282554	0.22897607655502394	0.2360406724808756	0.016803133696147773	0.1960419345105743	0.26191021859947355
HepG2_skew	[1.0,1.5)	Other cCREs	2	106	106	28.49200000000001	36.726378	105	-17.193999608978636	253.9780751929633	4	12	32	trained	-0.16375237722836797	2.415024200797398	0.1516582687616628	-0.46100258400122707	0.1334978295444911	0.0380952380952381	0.0186812844795725	0.001479920515275998	0.0747105556752002	0.26879245283018877	0.2768375565139263	0.05110455030085026	0.16862753424052226	0.3689573714198553
HepG2_skew	[1.0,1.5)	Other cCREs	3	82	82	13.634000000000002	10.206541999999997	82	-45.8310001436621	282.44994235385707	1	6	30	trained	-0.5589146358983184	3.170794143156869	0.1966423689290042	-0.9443336789991665	-0.17349559279747018	0.012195121951219513	0.01212053334967828	-0.011561123414149915	0.03595136731658894	0.16626829268292687	0.09802024811803668	0.034574107067113856	0.09850304283138371	0.23403354253447
HepG2_skew	[1.0,1.5)	PLS	0	795	792	162.68599999999998	175.43185999999997	792	328.7300005943983	3535.45656674292	103	201	192	trained	0.4150631320636342	4.297108550054272	0.07365895810187913	0.2706915741839511	0.5594346899433174	0.13005050505050506	0.011951996324661172	0.10662459225416916	0.15347641784684096	0.20541161616161613	0.17953763061078545	0.015056192332023079	0.1759014791908509	0.23492175313238137
HepG2_skew	[1.0,1.5)	PLS	1	626	625	126.43300000000002	104.435085	626	589.3990017501636	4490.522607608415	132	206	246	trained	0.9415319516775776	6.296935384278027	0.10029457717796487	0.7449545804087665	1.1381093229463888	0.2108626198083067	0.01630380379458545	0.17890716437091922	0.24281807524569418	0.20229280000000002	0.12637596060512818	0.014219758681785183	0.17442207298370108	0.23016352701629897
HepG2_skew	[1.0,1.5)	PLS	2	450	450	74.91899999999998	39.481417	450	426.5540015203879	3049.474088327577	92	191	214	trained	0.9478977811564175	5.891190415908709	0.11441824267823252	0.7236380255070818	1.1721575368057533	0.20444444444444446	0.019011511926563918	0.16718188106837917	0.24170700782050974	0.16648666666666662	0.060152343919821834	0.011561655390876424	0.14382582210054884	0.1891475112327844
HepG2_skew	[1.0,1.5)	PLS	3	821	821	124.83099999999999	28.415912999999993	821	549.907999849296	6235.203973102147	158	354	399	trained	0.669802679475391	7.154724538217239	0.09335226944089368	0.4868322313712393	0.8527731275795426	0.19244823386114496	0.013758483647686004	0.1654816059116804	0.2194148618106095	0.15204750304506698	0.011506916033391755	0.0037437590834316255	0.144709735241541	0.15938527084859297
HepG2_skew	[1.0,1.5)	dELS	0	63211	63198	15079.860000000002	20168.043954000004	63097	-7384.973983691305	141982.7087448288	2568	4886	9562	trained	-0.11704160235338137	2.2365658608539296	0.005953693735893031	-0.12871084207573172	-0.10537236263103103	0.04069924085138755	7.866221892395529e-4	0.03915746136047803	0.04224102034229707	0.23861293078894905	0.2621927364196554	0.0020368481869595468	0.23462070834250834	0.24260515323538975
HepG2_skew	[1.0,1.5)	dELS	1	10897	10897	2640.146	3270.762316	10880	537.9929966300259	33082.13745405269	736	1610	2962	trained	0.0494478857196715	3.038471811548612	0.01671141245402411	0.016693517309784245	0.082202254129558755	0.06764705882352941	0.0024076878678771334	0.06292799060249023	0.07236612704456859	0.24228191245296873	0.24147418263261236	0.0047074083884036085	0.23305539201169767	0.2515084328942398
HepG2_skew	[1.0,1.5)	dELS	2	2177	2177	492.76599999999985	538.9650460000003	2175	402.21800044598046	8190.0409554755015	186	443	784	trained	0.1849278162970025	3.733054120964894	0.04142881512042928	0.10372733866096112	0.2661282939330439	0.08551724137931034	0.005996322352072914	0.07376444956924744	0.09727003318937325	0.2263509416628387	0.1964278482907031	0.009498878116932617	0.20773314055365077	0.24496874277202663
HepG2_skew	[1.0,1.5)	dELS	3	1002	1002	185.07299999999998	156.81033299999996	1002	30.409001740510732	4201.4316918895975	103	201	422	trained	0.03034830513025023	4.196312517708361	0.06471426924890308	-0.0964916625975998	0.15718827285810025	0.1027944111776447	0.009593937301358667	0.08399029406698172	0.1215985282883077	0.18470359281437124	0.12250418078627956	0.011057109091591385	0.1630316589948521	0.20637552663389036
HepG2_skew	[1.0,1.5)	non-cCRE	0	168921	168840	30572.125999999997	31758.944820000004	167473	-37063.62294916029	224996.9809020243	1736	7177	2116	trained	-0.2213110349080765	1.294511274420219	0.0027802286768941354	-0.226760283114789	-0.215861786701364	0.01036585001761478	2.4749555135843984e-4	0.009880758736952239	0.010850941298277322	0.18107158256337358	0.15531483592566375	9.59110839773609e-4	0.1791917253174173	0.18295143980932985
HepG2_skew	[1.0,1.5)	pELS	0	7670	7647	1599.742	1823.1759980000002	7661	-580.4710061744555	17202.550656114945	313	1493	1102	trained	-0.07576961312811063	2.2400220094706293	0.01709950000250146	-0.1092846331330135	-0.04225459312320777	0.04085628508027673	0.0022616664156799586	0.036423418905544014	0.045289151255009444	0.2091986399895384	0.19467854397931678	0.00504560791931394	0.19930924846768305	0.21908803151139372
HepG2_skew	[1.0,1.5)	pELS	1	3254	3253	584.3150000000002	465.4370169999999	3249	909.0170029343569	11614.35619671678	336	994	921	trained	0.2797836266341511	3.497545604360745	0.0328100458512305	0.21547593676573928	0.34409131650256286	0.10341643582640812	0.0053421405992946066	0.0929458402517907	0.11388703140102555	0.17962342453120203	0.11084881786440669	0.005837454404174273	0.16818201389902046	0.1910648351633836
HepG2_skew	[1.0,1.5)	pELS	2	1883	1883	288.988	127.00966999999999	1883	953.2140000351942	7572.0832200445375	251	732	826	trained	0.5062209240760458	3.767027815145854	0.04472746180104593	0.4185550989459958	0.5938867492060959	0.1332979288369623	0.007832879724732369	0.11794548457648685	0.14865037309743773	0.1534721189591078	0.0439203343710124	0.004829561034172774	0.14400617933212917	0.16293805858608645
HepG2_skew	[1.0,1.5)	pELS	3	1406	1406	199.676	57.78567	1405	672.6210009496425	7833.417832246418	211	615	685	trained	0.4787338085050836	5.35000813303511	0.061707657305489653	0.3577868001863239	0.5996808168238433	0.1501779359430605	0.009530790092417533	0.13149758736192213	0.16885828452419888	0.14201706970128022	0.02094538760877379	0.003859682141923246	0.13445209270311065	0.1495820466994498
HepG2_skew	[1.5,Inf)	Other cCREs	0	6495	6494	1086.9479999999999	931.674572	6463	-1299.4289976063883	10056.07979989426	115	231	358	trained	-0.2010566296776092	1.5157568841117557	0.015314319261932819	-0.23107269543099754	-0.17104056392422087	0.017793594306049824	0.0016444328555240621	0.014570505909222662	0.021016682702876984	0.1673772713273791	0.11546961060915571	0.004216748591058078	0.15911244408890526	0.17564209856585292
HepG2_skew	[1.5,Inf)	Other cCREs	1	233	233	41.867000000000004	36.61949900000001	233	-18.593999168835587	272.54504098483676	5	9	24	trained	-0.0798025715400669	1.1683672070515079	0.07081279215233575	-0.21859564415864496	0.05899050107851117	0.02145922746781116	0.00949332926498701	0.0028523021084366183	0.0400661528271857	0.17968669527896997	0.12541619021015246	0.023200579966310895	0.1342135585450006	0.22515983201293932
HepG2_skew	[1.5,Inf)	PLS	0	195	192	33.881	28.043479000000005	195	28.747000947594632	555.5410095008538	12	47	54	trained	0.14742051767997247	2.8417686172134675	0.12071939527667665	-0.08918949706231374	0.3840305324222587	0.06153846153846154	0.017209341424241277	0.02780815234694864	0.09526877072997444	0.17646354166666667	0.11552208243346425	0.024529115611336114	0.1283864750684479	0.22454060826488545
HepG2_skew	[1.5,Inf)	PLS	1	164	163	31.874	22.842948000000003	164	109.67000027745966	919.9329384217059	29	61	63	trained	0.6687195138869492	5.193831099068598	0.17795983205091256	0.31991824306716055	1.0175207847067378	0.17682926829268292	0.029792030994529525	0.11843688754340505	0.2352216490419608	0.19554601226993865	0.10253157040066653	0.025080431401152032	0.14638836672368066	0.24470365781619663
HepG2_skew	[1.5,Inf)	PLS	2	116	116	17.109	3.1916830000000003	116	91.83700051554479	629.6383259727422	27	51	50	trained	0.7916982803064205	4.8428793964877	0.2043256232452238	0.3912200587457819	1.1921765018670591	0.23275862068965517	0.03923646759737509	0.15585514419879998	0.30966209718051035	0.14749137931034484	0.005810895577211396	0.007077706365041814	0.13361907483486288	0.1613636837858268
HepG2_skew	[1.5,Inf)	PLS	3	164	164	23.332	4.130700000000001	164	87.11299986857918	1246.5551534536953	29	64	75	trained	0.5311768284669462	7.363697831075227	0.2118976086012924	0.11585751560841318	0.9464961413254793	0.17682926829268292	0.029792030994529525	0.11843688754340505	0.2352216490419608	0.14226829268292684	0.0049772772706868215	0.005509015488318162	0.13147062232582324	0.15306596304003045
HepG2_skew	[1.5,Inf)	dELS	0	17777	17774	3151.427999999999	3068.1715499999996	17753	-2333.511997485534	38196.29339364389	642	1365	2489	trained	-0.13144324888669712	2.134383111501707	0.010964789823240426	-0.15293423694024835	-0.10995226083314588	0.03616290204472484	0.001401191777350553	0.03341656616111775	0.038909237928331925	0.17730550241926404	0.1411920342723155	0.0028184641158904107	0.17178131275211883	0.18282969208640926
HepG2_skew	[1.5,Inf)	dELS	1	3020	3019	631.2980000000005	694.5081339999997	3015	-31.591996763250847	8500.395754661828	192	405	780	trained	-0.010478274216666947	2.820194003004874	0.030584109093174112	-0.07042312803928821	0.04946657960595431	0.06368159203980099	0.004447081397976054	0.054965312499767924	0.07239787157983406	0.20910831401126215	0.1863812039699529	0.007857230610199703	0.19370814201527073	0.22450848600725357
HepG2_skew	[1.5,Inf)	dELS	2	592	591	112.745	103.04689500000002	592	171.6999995212536	2639.6671402938246	66	119	205	trained	0.2900337829750905	4.382179932141885	0.08603680007099222	0.12140165483594578	0.45866591111423527	0.11148648648648649	0.012935471986067591	0.086132961393794	0.13684001157917897	0.1907698815566836	0.13820092322693514	0.015291909942523385	0.16079773806933775	0.22074202504402943
HepG2_skew	[1.5,Inf)	dELS	3	222	222	34.168000000000006	17.053417999999994	222	-27.08399857068433	935.7368943301021	18	53	78	trained	-0.12199999356164112	4.219152247415634	0.13785931344553412	-0.39220424791488795	0.14820426079160573	0.08108108108108109	0.01831984836228554	0.04517417829100143	0.11698798387116074	0.15390990990990994	0.053369340263340226	0.01550491643378479	0.12352027369969175	0.1842995461201281
HepG2_skew	[1.5,Inf)	non-cCRE	0	46278	46261	6368.0419999999995	3551.5909739999997	45866	-10798.993986487856	61756.16164819517	443	1747	545	trained	-0.2354466050339654	1.2910405576429609	0.005305477896082132	-0.24584534171028638	-0.2250478683576444	0.009658570618758994	4.566710385563103e-4	0.008763495383188626	0.010553645854329361	0.13765465510905514	0.057825342602032474	0.0011180252167324383	0.13546332568425956	0.13984598453385072
HepG2_skew	[1.5,Inf)	pELS	0	2034	2029	344.892	324.14558600000004	2031	-238.72600018105013	4672.904081043794	84	366	288	trained	-0.1175411128414821	2.2881004735558212	0.03356468562200308	-0.18332789666060811	-0.05175432902235606	0.0413589364844904	0.004418325767590987	0.03269901798001206	0.050018854988968735	0.169981271562346	0.1309272215425638	0.008032929441849026	0.1542367298563219	0.1857258132683701
HepG2_skew	[1.5,Inf)	pELS	1	937	937	153.63600000000008	86.93394000000004	937	246.69600108172747	2835.201406683141	86	278	265	trained	0.26328281865712644	2.9596694318022463	0.05620200484658066	0.15312688915782835	0.3734387481564245	0.09178228388473852	0.009432017966117827	0.07329552867114758	0.11026903909832947	0.16396584845250808	0.0659646184905454	0.008390459241698352	0.1475205483387793	0.18041114856623686
HepG2_skew	[1.5,Inf)	pELS	2	555	555	83.74600000000001	23.043841999999998	555	212.94900200865237	2044.6458622446603	66	232	232	trained	0.38369189551108535	3.543211292449037	0.07990096677074167	0.2270860006404317	0.540297790381739	0.11891891891891893	0.013740006008763423	0.09198850714174261	0.14584933069609524	0.1508936936936937	0.018785376765212858	0.005817862640445049	0.13949068291842143	0.162296704468966
HepG2_skew	[1.5,Inf)	pELS	3	366	366	50.364000000000004	9.306804	366	204.9430001578293	1902.511198230796	54	164	164	trained	0.5599535523437958	4.897952430861437	0.11568225313710935	0.3332163361950615	0.7866907684925302	0.14754098360655737	0.018537559108820784	0.11120736775326864	0.1838745994598461	0.1376065573770492	0.006510650258252859	0.004217660715111482	0.12933994237543067	0.1458731723786677
K562_skew	(-Inf,-1.5)	Other cCREs	0	24445	24443	15334.133000000002	31399.854851	24233	-5890.961990016514	37982.35160217374	384	991	3809	trained	-0.2430966859248345	1.508347567905726	0.007889457164475247	-0.25856002196720596	-0.227633349882463	0.015846160194775718	8.022134248324691e-4	0.014273821882104078	0.017418498507447356	0.6273425111483861	0.8910932554004034	0.006037877873062296	0.615508270517184	0.6391767517795882
K562_skew	(-Inf,-1.5)	Other cCREs	1	2347	2347	1158.6040000000003	2146.187455999999	2341	82.95100300945327	6032.7060118489535	113	144	1157	trained	0.03543400384854903	2.5768233870466135	0.033177344311832876	-0.029593591002643402	0.10046159869974146	0.04826997009824861	0.004429907872766347	0.03958735066762657	0.056952589528870654	0.4936531742650193	0.6710310800016414	0.016908877315901558	0.46051177472585225	0.5267945738041864
K562_skew	(-Inf,-1.5)	Other cCREs	2	517	517	189.64300000000006	254.95056299999996	513	519.5510005422403	4032.9745900768853	100	39	436	trained	1.0127699815638214	6.849197134445812	0.11554765887137049	0.7862965701759352	1.2392433929517075	0.1949317738791423	0.017490369247006594	0.16065065015500937	0.2292128976032752	0.3668143133462283	0.3592767367714751	0.026361448933751707	0.315145873436075	0.4184827532563817
K562_skew	(-Inf,-1.5)	Other cCREs	3	411	411	102.75300000000001	77.87094700000002	411	1173.9829969876446	7685.789590952641	187	40	395	trained	2.8564063187047313	10.566871073915161	0.16034384490317588	2.5421323826945064	3.170680254714956	0.45498783454987834	0.024563037972860406	0.40684428012307194	0.5031313889766847	0.25000729927007304	0.12727304141000537	0.01759735114785568	0.2155164910202759	0.28449810751987015
K562_skew	(-Inf,-1.5)	PLS	0	1347	1347	825.2590000000001	1510.7266590000006	1344	1328.2219980075026	10371.144835307545	258	269	526	trained	0.9882604151841538	6.744985563737844	0.07084201048254986	0.849410074638356	1.1271107557299516	0.19196428571428573	0.010743007094473692	0.17090799180911728	0.21302057961945417	0.6126644394951746	0.7467457773600685	0.02354521117099846	0.5665158256000176	0.6588130533903316
K562_skew	(-Inf,-1.5)	PLS	1	1327	1327	497.364	670.5392739999994	1327	3068.0739973592576	21034.64630621832	523	462	977	trained	2.3120376769851227	10.51368297778685	0.08901065098789729	2.1375768010488443	2.486498552921401	0.39412207987942727	0.013414438060480916	0.36782978128088467	0.42041437847796986	0.37480331574981157	0.3651022606828131	0.016587151051859133	0.34229249968816766	0.4073141318114555
K562_skew	(-Inf,-1.5)	PLS	2	1177	1176	301.2349999999999	266.927761	1176	3794.5619919000897	24521.474213664525	630	518	934	trained	3.22666836045926	10.449090291573821	0.09426176775438609	3.041915295660663	3.4114214252578567	0.5357142857142857	0.014543053891570637	0.5072099000868072	0.5642186713417642	0.25615221088435364	0.16150276574829933	0.011718885774661953	0.2331831947660162	0.27912122700269104
K562_skew	(-Inf,-1.5)	PLS	3	3637	3637	685.8530000000001	327.540337	3636	14430.387001466006	96190.79831889417	2327	1630	3008	trained	3.968753300733225	10.707057022274592	0.054265413982028894	3.862393089328448	4.075113512138001	0.63998899889989	0.007960350731582359	0.6243867114659886	0.6555912863337915	0.1885765740995326	0.05451169634876603	0.0038714459287886535	0.18098854007910684	0.19616460811995837
K562_skew	(-Inf,-1.5)	dELS	0	48639	48631	32546.792999999987	67791.94275699995	48484	-6635.647002981976	122928.92492238036	2058	3978	18070	trained	-0.13686261453225756	2.516773981074585	0.007204815873682641	-0.15098405364467554	-0.12274117541983959	0.042446992822374394	9.155997278388122e-4	0.04065241735581032	0.044241568288938465	0.6692602043963725	0.9461169940648476	0.004410784315952676	0.6606150671371052	0.6779053416556398
K562_skew	(-Inf,-1.5)	dELS	1	18811	18809	8720.494999999999	15662.663397	18767	5156.623988558421	71744.81077958249	1748	2496	11283	trained	0.2747708205125178	3.747624479120311	0.014131250873340532	0.24707356880077033	0.3024680722242652	0.09314221772259818	0.0021215118029770047	0.08898405458876324	0.09730038085643311	0.4636341644957201	0.6177979574482081	0.005731131598111775	0.452401146563421	0.4748671824280192
K562_skew	(-Inf,-1.5)	dELS	2	6126	6126	2392.107000000001	3636.3096910000004	6117	6143.935999035719	48176.510328434	1259	1104	4629	trained	1.0044034655935457	6.868135990617655	0.033508130842157896	0.9387275291429162	1.070079402044175	0.20581984632990027	0.0051693257384558995	0.1956879678825267	0.21595172477727384	0.39048432908912845	0.4411803092237702	0.008486323129129775	0.37385113575603407	0.4071175224222228
K562_skew	(-Inf,-1.5)	dELS	3	3940	3940	1144.1159999999998	1162.9187820000004	3940	10335.090002566576	70318.7263897154	1736	768	3476	trained	2.6231192899915166	10.969421792379931	0.05276473449367295	2.519700410383918	2.7265381695991153	0.44060913705583754	0.007909268568522771	0.4251069706615329	0.45611130345014217	0.290384771573604	0.2108872603925603	0.00731605668231339	0.27604530047626974	0.30472424267093823
K562_skew	(-Inf,-1.5)	non-cCRE	0	127232	127157	111632.76400000001	246286.57413199995	125827	-45240.15387980662	190017.24970478722	920	6382	3197	trained	-0.3595424978725283	1.380887032685645	0.0033127766362952087	-0.3660355400796669	-0.3530494556653897	0.007311626280528027	2.4017430312451077e-4	0.006840884646403986	0.007782367914652068	0.8779128478966948	1.166148167370634	0.0030283546260048626	0.8719772728297253	0.8838484229636643
K562_skew	(-Inf,-1.5)	pELS	0	5138	5138	3413.7619999999993	6853.883869999999	5129	-170.0990002922481	14175.738234792625	277	921	1858	trained	-0.0331641646114736	2.7632794546697905	0.023211117734454417	-0.07865795537100426	0.012329626148057063	0.05400662897250926	0.0031561034649709558	0.04782066618116619	0.06019259176385233	0.6644145581938496	0.89268652890618	0.013181123846899344	0.638579555453927	0.6902495609337723
K562_skew	(-Inf,-1.5)	pELS	1	3267	3267	1367.4210000000003	2174.8561809999997	3266	2000.5229982453168	18546.993264936875	487	937	1938	trained	0.6125300055864411	5.305241317502563	0.040303659532090606	0.5335348329035435	0.6915251782693387	0.14911206368646662	0.006232818543009952	0.13689573934216712	0.16132838803076613	0.4185555555555556	0.4906658066952438	0.012255141493253534	0.3945354782287787	0.44257563288233254
K562_skew	(-Inf,-1.5)	pELS	2	2084	2083	552.6709999999998	572.0033950000001	2082	3550.0949995422275	23466.196233515955	663	845	1541	trained	1.7051368873881976	8.367514798685303	0.06339541978793896	1.5808818646038372	1.829391910172558	0.3184438040345821	0.01021002661460652	0.2984321518699533	0.3384554561992109	0.2653245319251079	0.204306542082814	0.009903677774094996	0.24591332348788172	0.2847357403623341
K562_skew	(-Inf,-1.5)	pELS	3	2504	2504	494.991	273.292267	2502	6772.258013383601	43817.530255485224	1130	1069	2079	trained	2.7067378151013592	10.19064510077434	0.06382005672668474	2.581650503917057	2.8318251262856613	0.451638689048761	0.00994913489772154	0.43213838464922677	0.4711389934482952	0.19768011182108625	0.07009284489395473	0.005290779734336544	0.18731018354178663	0.20805004010038586
K562_skew	[-0.05,0.05)	Other cCREs	0	19196843	19181435	4939669.998999998	6920393.572898999	19106906	-501476.8685318179	30352551.311396047	583482	547041	648137	trained	-0.026245843703413724	1.5878756725845282	2.8827903792564663e-4	-0.026810870617747992	-0.025680816789079457	0.03053775425492751	3.936305661412652e-5	0.03046060266396382	0.0306149058458912	0.2575234855473534	0.29446768877148743	1.2390198855289887e-4	0.2572806376497897	0.25776633344491706
K562_skew	[-0.05,0.05)	Other cCREs	1	369541	369444	101496.31	140029.109892	368778	-30026.63397910574	704302.3030330603	12023	21563	33027	trained	-0.08142197739318978	1.9032029522449068	0.0022717474488565684	-0.08587460239294865	-0.0769693523934309	0.03260227020050003	2.924448318564941e-4	0.0320290783300613	0.03317546207093876	0.2747271846342071	0.30355241375513753	9.064472514514978e-4	0.27295054802136215	0.27650382124705203
K562_skew	[-0.05,0.05)	Other cCREs	2	69733	69699	14732.368	15111.870787999998	69342	-11417.396006096156	129368.52648916566	1587	5042	12805	trained	-0.16465339918225833	1.8385747743319534	0.005149232085965263	-0.17474589407075025	-0.1545609042937664	0.022886562256640996	5.678904857200582e-4	0.02177349690462968	0.02399962760865231	0.21137129657527368	0.17214082272397954	0.0015715516667612795	0.20829105530842157	0.21445153784212578
K562_skew	[-0.05,0.05)	Other cCREs	3	55421	55408	10440.913999999999	8114.559042000001	55387	-13959.377000998822	114801.79939220833	1228	5556	13904	trained	-0.25203345552203266	2.0092364382643955	0.006022982503568652	-0.2638385012290272	-0.2402284098150381	0.022171267625977216	6.256374511947996e-4	0.020945018221635407	0.023397517030319025	0.18843694051400517	0.11094455847943685	0.0014150336445191772	0.18566347457074758	0.19121040645726275
K562_skew	[-0.05,0.05)	PLS	0	300057	295108	81478.60099999998	108721.58975700002	299623	60311.012943221496	1008166.272766695	25282	57607	37813	trained	0.20128966382160748	3.3242762188578054	0.0033308952661970847	0.1947611090998612	0.20781821854335378	0.084379370075061	5.077949178281148e-4	0.0833840920361179	0.0853746481140041	0.27609756767014104	0.2921840085248202	9.950335632041233e-4	0.27414730188626096	0.2780478334540211
K562_skew	[-0.05,0.05)	PLS	1	134349	134066	30476.680999999997	29498.223991	134324	53542.15499787592	604094.6766964131	16846	42811	37603	trained	0.39860453082007624	4.338441898441733	0.0056831626397648655	0.3874655320461371	0.4097435295940154	0.12541318007206456	9.036416631522509e-4	0.12364204241228614	0.12718431773184297	0.22732595139707307	0.16835179567560438	0.0011205972453266512	0.22512958079623283	0.2295223219979133
K562_skew	[-0.05,0.05)	PLS	2	89627	89580	17099.783000000003	10786.719169	89541	30689.066991436066	420909.674838475	11161	35516	37845	trained	0.3427375949725385	4.583330107503675	0.00715450511881847	0.3287147649396543	0.35676042500542265	0.12464680984130175	0.001103878495968397	0.12248320798920369	0.1268104116933998	0.1908884014288904	0.08397692458443479	9.682209017030644e-4	0.1889906884615524	0.19278611439622842
K562_skew	[-0.05,0.05)	PLS	3	251245	251191	39363.25200000001	14710.260573999994	251149	16624.10498781828	1470662.3849864542	29093	108969	124645	trained	0.06619220059732779	5.851378465663073	0.0048268451662342405	0.056731584071508676	0.0756528171231469	0.11583960119291735	6.385991406366297e-4	0.11458794687726956	0.11709125550856514	0.15670645843202985	0.034005273938900744	3.6793499930243186e-4	0.1559853058333971	0.1574276110306626
K562_skew	[-0.05,0.05)	dELS	0	41766374	41755606	11186264.060999999	15709704.416844998	41707535	1923750.258427283	92704262.46985725	2055773	2541346	3454026	trained	0.046124765187568216	2.2205947237472192	2.3074239193568785e-4	0.045672510099374265	0.04657702027576217	0.04929020619415652	3.3519462039023505e-5	0.04922450804856003	0.04935590433975301	0.26789849633603685	0.3044602298370542	8.539017231475014e-5	0.2677311315982999	0.2680658610737738
K562_skew	[-0.05,0.05)	dELS	1	3839583	3838913	1096167.163	1497459.669785	3835228	250127.42736241786	10585797.620111234	236966	480812	657533	trained	0.06521839832271194	2.7558954684878048	8.476874952449296e-4	0.06355693083203187	0.066879865813392	0.061786678653785385	1.2294266670018713e-4	0.061545711027053016	0.062027646280517754	0.28554102762943573	0.30854027693480257	2.834991737666723e-4	0.28498536924885304	0.2860966860100184
K562_skew	[-0.05,0.05)	dELS	2	605936	605816	153918.04499999998	178545.6817750001	605250	29915.427869047493	2000028.2631442163	40901	110067	164459	trained	0.04942656401329615	3.302028828356035	0.0023357321103445413	0.044848529077020846	0.05400459894957145	0.06757703428335399	3.2265518305991e-4	0.06694463012455656	0.06820943844215141	0.2540673158186644	0.23016950261349373	6.163870701752669e-4	0.2528591971611209	0.2552754344762079
K562_skew	[-0.05,0.05)	dELS	3	392123	392064	79773.01400000001	66945.456208	391928	-48468.639107787516	1452905.0293036345	22088	73739	130677	trained	-0.12366720190388927	3.691787114245982	0.0030691292565271943	-0.12968269524668258	-0.11765170856109597	0.05635729011451083	3.6836274451228056e-4	0.05563529913526676	0.057079281093754895	0.2034693672461639	0.1293518937673298	5.743913782905717e-4	0.20234356014471439	0.20459517434761343
K562_skew	[-0.05,0.05)	non-cCRE	0	305015868	304842950	73334727.49100004	98642764.823319	301308114	-30646600.691104185	347721360.49852	4329689	6547325	1045603	trained	-0.10171183339292411	1.143693859165906	6.160975490630126e-5	-0.10183258851254046	-0.10159107827330777	0.014369639577645095	6.8560592229422886e-6	0.014356201701568127	0.014383077453722063	0.24056560104473482	0.26571371354564194	2.9523572400132503e-5	0.24050773484283056	0.24062346724663908
K562_skew	[-0.05,0.05)	pELS	0	4646084	4640452	1201351.405	1574542.788483	4641405	57927.16802284218	9738590.652512621	201486	729205	349212	trained	0.012480524328913806	2.098043542661403	6.72330039375484e-4	0.011162757451737858	0.013798291206089754	0.043410562103500985	9.458793896546844e-5	0.04322516974312867	0.0435959544638733	0.2588867215952239	0.2722857889801517	2.4223246314421072e-4	0.25841194596746125	0.25936149722298657
K562_skew	[-0.05,0.05)	pELS	1	1097396	1097014	241452.731	243487.97314900003	1096433	117752.31997653063	2865257.8286420032	69549	328462	190623	trained	0.10739581896616632	2.6017224249228024	0.0015404210014942495	0.10437659380323759	0.11041504412909504	0.06343205649592816	2.3277320755639994e-4	0.06297582100911761	0.06388829198273871	0.2200999540571041	0.1735113787611794	3.977021102294616e-4	0.21932045792105437	0.22087945019315386
K562_skew	[-0.05,0.05)	pELS	2	437479	437423	76775.41	47033.584354000006	437255	85900.19804152031	1343673.5741025778	35591	171506	138366	trained	0.19645332367044474	3.0343877807712945	0.0026343176899404283	0.1912900609981615	0.20161658634272797	0.08139643914878046	4.1352271755725796e-4	0.08058593462236824	0.08220694367519268	0.17551754251605425	0.07671802759151919	4.1879154675930874e-4	0.17469671108440601	0.1763383739477025
K562_skew	[-0.05,0.05)	pELS	3	297940	297847	46515.388000000006	19938.59686800001	297804	54295.088018268245	1358635.2443437367	29067	122505	122358	trained	0.18231819592170773	4.528954583563079	0.0038997226366459274	0.1746747395538817	0.18996165228953374	0.09760446468146834	5.438361184431968e-4	0.09653854588931968	0.09867038347361701	0.15617208835408786	0.04255283463078011	3.7797896611474165e-4	0.15543124958050297	0.15691292712767274
K562_skew	[-0.2,-0.05)	Other cCREs	0	3640765	3637967	1611533.6589999995	3040041.845785001	3619344	-497496.7773300758	5944754.638282543	88633	122604	173115	trained	-0.13745495795096455	1.6236016425284634	6.697686410122249e-4	-0.13876770448734851	-0.13614221141458058	0.02448869187344447	8.124263788831267e-5	0.024329456303183377	0.024647927443705562	0.4429764368395864	0.6394151038448737	4.1923937774168463e-4	0.44215472765921265	0.4437981460199601
K562_skew	[-0.2,-0.05)	Other cCREs	1	115667	115617	48813.40699999999	84124.50728899997	115380	-18518.272984454878	228810.4848628817	3308	7343	15345	trained	-0.16049811912337386	1.9573608445164503	0.004118795037958532	-0.16857095739777259	-0.15242528084897514	0.028670480152539434	4.912872684119518e-4	0.027707557106452008	0.02963340319862686	0.4221992181080636	0.549366221114805	0.002179817466096351	0.41792677587451477	0.42647166034161244
K562_skew	[-0.2,-0.05)	Other cCREs	2	20951	20951	7004.747000000001	10046.473575000002	20885	-4060.7069849396357	46149.99302364227	632	1667	5681	trained	-0.19443174455061699	2.172019856370982	0.01019799173846364	-0.21441980835800573	-0.17444368074322825	0.03026095283696433	0.001185363365947464	0.0279376406397073	0.032584265034221356	0.3343395064674718	0.3677570367584963	0.004189653602151782	0.3261277854072543	0.3425512275276893
K562_skew	[-0.2,-0.05)	Other cCREs	3	17025	17025	4599.560000000002	4837.064302	17005	-4384.941004300956	46408.41023086051	609	1814	6216	trained	-0.2578618644105237	2.662767652797066	0.012513486174608143	-0.28238829731275567	-0.23333543150829175	0.03581299617759483	0.0014249927236360423	0.03302001043926819	0.03860598191592147	0.27016505139500746	0.21113862418970739	0.0035216020932751896	0.2632627112921881	0.27706739149782683
K562_skew	[-0.2,-0.05)	PLS	0	92408	91838	39692.060999999994	65804.879737	92191	20617.03795473709	364288.4422739906	9037	19072	17531	trained	0.2236339551012256	3.9014835940308132	0.006505349434119712	0.21088347021035098	0.23638443999210024	0.09802475295853175	9.793116591167565e-4	0.0961053021066629	0.09994420381040059	0.43219648729284166	0.5297441161992095	0.0024017171663693613	0.42748912164675773	0.4369038529389256
K562_skew	[-0.2,-0.05)	PLS	1	65677	65632	18977.397	21326.059322999994	65659	42814.474999901606	369772.9467599705	11067	21053	25571	trained	0.6520732115917331	5.2065974373902755	0.0089049168405701	0.6346195745842158	0.6695268485992505	0.16855267366240728	0.0014609591120343067	0.16568919380282005	0.17141615352199452	0.2891485403461726	0.24133066204811995	0.0019175576642975472	0.2853901273241494	0.2929069533681958
K562_skew	[-0.2,-0.05)	PLS	2	53257	53231	11864.333999999999	8277.803841999998	53217	34854.51401698077	302026.5206466143	9168	21403	27802	trained	0.654950749139951	5.246514780898298	0.009929108492807624	0.6354896964940481	0.6744118017858539	0.1722757765375726	0.0016369286367866674	0.16906739640947072	0.17548415666567446	0.22288392102346374	0.10583194739334965	0.0014100226249681822	0.2201202766785261	0.2256475653684014
K562_skew	[-0.2,-0.05)	PLS	3	169205	169156	29841.37600000002	12234.960956000003	169126	78114.80297012278	1088418.7732347886	27978	73214	95440	trained	0.4618734137277697	6.2222594088650744	0.006065531574255954	0.449984971842228	0.47376185561331136	0.1654269597814647	9.035041070638151e-4	0.16365609173161963	0.1671978278313098	0.17641334626025693	0.04120802789648239	4.935682467313712e-4	0.17544595249666345	0.1773807400238504
K562_skew	[-0.2,-0.05)	dELS	0	8752904	8750127	3998498.3850000007	7403848.528181002	8739027	-505851.62724772724	20680198.688779052	396636	604559	1095873	trained	-0.05788420464288842	2.3630685925031583	5.200039270751487e-4	-0.05890341233995571	-0.056864996945821124	0.04538674614462228	7.041200539892495e-5	0.045248738614040385	0.04552475367520417	0.4569646114850677	0.6373252530484482	2.6988166779680996e-4	0.4564356434161859	0.4574935795539494
K562_skew	[-0.2,-0.05)	dELS	1	1210032	1209760	536324.8770000001	906353.371083	1208545	9331.538873006104	3620346.8491523173	76075	159425	293068	trained	0.0077213003016073905	2.9955672259664543	0.0015743747730129893	0.004635525746501931	0.01080707485671285	0.06294759400767037	2.209225740116725e-4	0.0625145857626075	0.06338060225273325	0.44333163354714994	0.552658494171662	6.758943472942033e-4	0.4420068806264533	0.44465638646784655
K562_skew	[-0.2,-0.05)	dELS	2	242298	242218	90869.73799999997	130580.596694	242011	19972.90999520988	896901.5889495122	19567	46739	89334	trained	0.08252893461540955	3.6992407171870503	0.003909657769430455	0.07486600538732587	0.09019186384349324	0.0808516968236981	5.541403966156852e-4	0.07976558164633135	0.08193781200106484	0.3751568339264628	0.3983625983568157	0.0012824370939232962	0.3726432572223732	0.37767041063055246
K562_skew	[-0.2,-0.05)	dELS	3	155059	155044	44044.990999999995	46599.787475	154989	-3873.8590596350828	687626.6690417612	12346	31792	68646	trained	-0.0249944128914638	4.436019848045921	0.00534990785853784	-0.035480232294197965	-0.014508593488729633	0.07965726599952255	6.877602223222735e-4	0.07830925596377089	0.08100527603527422	0.28408059002605707	0.2198581067447587	0.0011908135281637777	0.28174659551085607	0.28641458454125807
K562_skew	[-0.2,-0.05)	non-cCRE	0	39462481	39443915	16633371.498	31445447.224778004	39022000	-7046441.370340481	51693912.50325215	532575	1130698	306589	trained	-0.18057612040234947	1.2921299459300752	1.8196938760959858e-4	-0.18093278040206429	-0.18021946040263465	0.013648070319307058	1.8573630978280655e-5	0.013611666002589628	0.013684474636024489	0.42169676863972555	0.619391072916529	1.253119429516133e-4	0.42145115723154036	0.42194238004791074
K562_skew	[-0.2,-0.05)	pELS	0	996193	994683	433832.616	745628.6905340002	994657	-69889.38099546378	2289035.8028982063	42966	169114	118810	trained	-0.07026480585313709	2.2963969845970507	0.0015194513952647556	-0.07324293058785601	-0.06728668111841817	0.04319680050509874	2.038451712188224e-4	0.04279726396950985	0.04359633704068763	0.4361516342392501	0.5593867045742369	7.499179037410422e-4	0.4346817951479176	0.43762147333058254
K562_skew	[-0.2,-0.05)	pELS	1	340584	340436	108074.97399999997	140189.71420999992	340209	50974.487986033666	1036420.6155706395	26500	103125	88397	trained	0.14983286152345665	3.0239822760517066	0.002981375796856856	0.1439893649616172	0.1556763580852961	0.07789329500395345	4.594811808847491e-4	0.07699271188941934	0.07879387811848756	0.3174604742154178	0.3110143836948051	9.558120419942441e-4	0.3155870826131091	0.3193338658177265
K562_skew	[-0.2,-0.05)	pELS	2	172329	172287	38532.77700000002	30532.944391	172198	63195.32399923587	636894.1193529477	18758	67713	72577	trained	0.3669922066414004	3.5639524959729254	0.004549376729548011	0.3580754282514863	0.37590898503131454	0.10893274021765642	7.507933307372665e-4	0.10746118528941138	0.11040429514590146	0.22365458217973508	0.12720077226727702	8.592481774403413e-4	0.221970455751952	0.22533870860751815
K562_skew	[-0.2,-0.05)	pELS	3	141940	141901	26274.583000000006	13562.690670999995	141888	61539.7530168565	785676.101221552	19326	59089	72172	trained	0.4337206318847013	5.349221850183967	0.0061400579693512225	0.42168611826477287	0.4457551455046297	0.13620602165087956	9.106057883099553e-4	0.13442123430579203	0.13799080899596708	0.18516136602279057	0.06129424236110502	6.572295967541539e-4	0.18387319601315244	0.1864495360324287
K562_skew	[-0.5,-0.2)	Other cCREs	0	880977	880188	447597.12699999975	866092.162471	875480	-178208.0507196288	1446503.8442260623	17777	33227	61886	trained	-0.20355467939830585	1.6108082108144584	0.0013564344234283936	-0.2062132908682255	-0.20089606792838618	0.020305432448485403	1.507399465359529e-4	0.020009982153274937	0.02060088274369587	0.5085244595472782	0.7253891222756195	9.078159266521859e-4	0.5067451403310399	0.5103037787635165
K562_skew	[-0.5,-0.2)	Other cCREs	1	41490	41475	18420.954999999998	32285.07745100001	41368	-6215.675983732567	90119.93402162433	1335	2766	8122	trained	-0.15025323882548267	2.155969941585775	0.007219200246189976	-0.164402871308015	-0.13610360634295032	0.0322713208276929	8.688662220887058e-4	0.030568343032399036	0.03397429862298676	0.4441459915611814	0.5811709535376648	0.003743335499786008	0.4368090539816008	0.451482929140762
K562_skew	[-0.5,-0.2)	Other cCREs	2	6795	6795	2393.1319999999996	3582.1890459999995	6772	476.74600282090233	21970.164351917214	447	558	2770	trained	0.07039958694933585	3.2397875690797333	0.021872568868633892	0.027529351966813415	0.11326982193185828	0.06600708800945068	0.0030172312861423294	0.06009331468861172	0.07192086133028965	0.3521901398086828	0.4032015826228094	0.007703115035768101	0.3370920343385773	0.3672882452787883
K562_skew	[-0.5,-0.2)	Other cCREs	3	5097	5097	1397.8210000000001	1425.3492190000002	5090	1050.1230070472234	22158.30737701697	525	592	2601	trained	0.2063110033491598	4.311584878324429	0.02910446221273333	0.14926625741220248	0.26335574928611716	0.1031434184675835	0.004263078886234253	0.09478778385056437	0.11149905308460263	0.27424386894251523	0.20447515303589178	0.006333779705610994	0.2618296607195177	0.2866580771655128
K562_skew	[-0.5,-0.2)	PLS	0	31659	31514	14299.523000000003	23712.723751000005	31607	12479.988989592417	152299.15024767065	3996	6729	8386	trained	0.39484889390300937	4.662767841524025	0.012145915574699226	0.3710428993765989	0.41865488842941984	0.12642769006865567	0.0018692995141672585	0.12276386302088785	0.1300915171164235	0.4537514438027544	0.5465774297610291	0.004164607545971632	0.44558881301265	0.46191407459285877
K562_skew	[-0.5,-0.2)	PLS	1	29914	29891	8871.049	10053.258059	29914	30882.147983076058	212572.91151161134	6748	9859	14155	trained	1.0323643773175122	6.040560359670904	0.014210238580445012	1.00451230969984	1.0602164449351843	0.22557999598850037	0.002416580846397278	0.2208434975295617	0.23031649444743904	0.2967799337593256	0.24826057960536194	0.002881931541582787	0.29113134793782336	0.30242851958082784
K562_skew	[-0.5,-0.2)	PLS	2	25659	25646	5782.891000000001	4168.476236999999	25640	29423.832992148476	191883.27272770705	6338	10328	15363	trained	1.147575389709379	6.1670582360855954	0.015508864955341714	1.1171780143969092	1.1779727650218488	0.247191887675507	0.00269401644099614	0.24191161545115458	0.25247215989985944	0.22548900413319822	0.11169810506528227	0.002086954995586203	0.22139857234184926	0.2295794359245472
K562_skew	[-0.5,-0.2)	PLS	3	82449	82423	14522.546	5891.096124000001	82422	94700.63300714773	727307.3022023521	21519	35406	51457	trained	1.1489727622133379	7.504141593923611	0.00954176982051571	1.130270893365127	1.1676746310615487	0.2610832059401616	0.0015299092230950408	0.25808458386289534	0.26408182801742786	0.1761953095616515	0.04042963815372931	7.003670702872913e-4	0.1748225901038884	0.1775680290194146
K562_skew	[-0.5,-0.2)	dELS	0	2152427	2151524	1110207.8629999994	2115601.0764729986	2148637	-241419.71196896845	5224691.165526897	92719	161287	385516	trained	-0.11235946880230045	2.419006930411507	0.001061052886721233	-0.11443913246027407	-0.11027980514432684	0.04315247293982185	1.38625360573154e-4	0.042880767233098464	0.043424178646545235	0.5160099831561253	0.7170375291300958	5.772950663340955e-4	0.5148784848261105	0.5171414814861401
K562_skew	[-0.5,-0.2)	dELS	1	411133	411003	190786.18500000003	326697.22960900003	410593	10449.084981508902	1285921.1932588888	27658	55314	132624	trained	0.025448765520865925	3.131223396815541	0.0027615394784576805	0.02003614814308887	0.03086138289864298	0.0673611094197904	3.911610523064245e-4	0.06659443375726981	0.06812778508231099	0.4641965752074803	0.5794009175991827	0.00118731811354006	0.46186943170494177	0.46652371871001885
K562_skew	[-0.5,-0.2)	dELS	2	95824	95777	37451.51800000001	54570.81913799999	95704	20866.391006021408	397400.94141694595	9643	19151	44817	trained	0.21803050035548574	4.104901954434969	0.006549171290797222	0.2051941246255232	0.23086687608544829	0.10075858898269664	9.730029183426989e-4	0.09885150326274496	0.10266567470264833	0.3910283053342662	0.4168707768362034	0.0020862680685241834	0.3869392199199588	0.3951173907485736
K562_skew	[-0.5,-0.2)	dELS	3	56768	56760	16685.876999999993	17957.074155000006	56737	19680.3429679143	331442.91270297	7750	12401	32032	trained	0.3468696435820417	5.721524237734722	0.010042057106752354	0.32718721165280706	0.36655207551127633	0.13659516717485945	0.0014417558437266058	0.1337693257211553	0.1394210086285636	0.29397246300211405	0.22995270875032475	0.0020127881711240396	0.2900273981867109	0.2979175278175172
K562_skew	[-0.5,-0.2)	non-cCRE	0	6815161	6810573	3621842.435	7001261.180355	6749794	-1777047.153056501	9667859.623764502	78462	250104	94444	trained	-0.26327427963823796	1.3630060676913158	4.493695445162896e-4	-0.2641550439454899	-0.26239351533098604	0.01162435475808595	4.125724139266882e-5	0.01154349056495632	0.01170521895121558	0.5317970213372649	0.7451908828904671	3.307820544707062e-4	0.5311486885105023	0.5324453541640275
K562_skew	[-0.5,-0.2)	pELS	0	246523	246035	120347.11300000004	212007.626703	246020	-22085.468001734684	619848.8392972179	11466	43729	42795	trained	-0.08977102675284401	2.5114572620748197	0.0031950502210873594	-0.09603332518617524	-0.08350872831951278	0.046605966994553286	4.249832068443779e-4	0.04577299990913831	0.04743893407996826	0.489146312516512	0.6224354363910759	0.0015905550638008375	0.4860288245914624	0.49226380044156165
K562_skew	[-0.5,-0.2)	pELS	1	110516	110454	37123.384	49219.389748000016	110388	30261.743035888998	399842.7118576207	10883	33204	37758	trained	0.2741397890702703	3.5470369156228845	0.005668549217099663	0.263029432604755	0.28525014553578565	0.09858861470449687	8.972510376316959e-4	0.09683000267073874	0.100347226738255	0.33609814040233943	0.3326508960386595	0.0017354161101185552	0.3326967248265071	0.3394995559781718
K562_skew	[-0.5,-0.2)	pELS	2	62695	62677	14805.647000000003	12143.904603000004	62637	38830.41398732364	301936.26242308464	9431	24316	32085	trained	0.6199277421863059	4.436174269617529	0.008415672469113152	0.6034330241468441	0.63642246022576765	0.15056595941695802	0.0014289359216081564	0.14776524501060603	0.15336667382331	0.23622137307146165	0.1379554269488901	0.0014835947721052473	0.23331352731813537	0.23912921882478794
K562_skew	[-0.5,-0.2)	pELS	3	59166	59152	11171.36	5725.557470000002	59158	51815.01199875376	416810.36469715287	11873	25031	35293	trained	0.8758749788490781	6.278663423748325	0.010302126062561576	0.8556828117664573	0.8960671459316988	0.20069982081882418	0.0016467273780267288	0.19747223515789178	0.20392740647975657	0.18885853394644306	0.061127466961033036	0.001016561091399106	0.1868660742073008	0.1908509936855853
K562_skew	[-1.0,-0.5)	Other cCREs	0	243451	243285	136576.89199999996	268759.73580799997	242021	-54616.9729224647	416484.693462723	4806	9417	26216	trained	-0.22567038778645118	1.6699415750912663	0.002626782492308768	-0.23081888147137636	-0.220521894101526	0.019857780936365026	2.835850816270181e-4	0.01930195417637607	0.02041360769635398	0.5613864068890394	0.7895600415319034	0.0018015026868098407	0.5578554616228921	0.5649173521551867
K562_skew	[-1.0,-0.5)	Other cCREs	1	16631	16619	7733.9169999999995	13671.017974999999	16559	-705.6369895340172	44609.089285770526	797	1147	5211	trained	-0.04261350259882947	2.692294940335982	0.01275100054886046	-0.06760546367459597	-0.017621541523062965	0.0481309257805423	0.001663350078651703	0.04487075962638497	0.05139109193469964	0.4653659666646609	0.6060847402931006	0.0060389888941789855	0.4535295484320701	0.4772023848972517
K562_skew	[-1.0,-0.5)	Other cCREs	2	3230	3230	1125.4630000000002	1535.3084550000005	3219	2439.0579939462477	21537.337826002957	564	285	2107	trained	0.7577067393433513	6.11847332080193	0.043597445855464996	0.6722557454666399	0.8431577332200627	0.17520969245107176	0.006700239852394278	0.16207722234037897	0.18834216256176456	0.34844055727554185	0.3540264788129443	0.010469275094041592	0.32792077809122033	0.36896033645986337
K562_skew	[-1.0,-0.5)	Other cCREs	3	2207	2207	593.0400000000002	560.572538	2205	3227.937000085134	21934.52527403643	660	238	1723	trained	1.4639170068413307	7.808118603720244	0.05950711614954538	1.3472830591882219	1.5805509544944396	0.29931972789115646	0.009752665276415272	0.2802045039493825	0.3184349518329304	0.2687086542818306	0.18187559277638402	0.009077913586152644	0.25091594365297143	0.2865013649106898
K562_skew	[-1.0,-0.5)	PLS	0	11022	10998	5488.0509999999995	9362.281085	11010	7502.826993722936	71111.94996202108	1840	2427	3770	trained	0.6814556760874602	5.99501370882427	0.02333465749873981	0.6357197473899301	0.7271916047849902	0.16712079927338783	0.003555597571342691	0.16015182803355615	0.1740897705132195	0.4990044553555191	0.6023205587689087	0.007400430525024265	0.4844996115264716	0.5135092991845667
K562_skew	[-1.0,-0.5)	PLS	1	11717	11715	3815.494	4577.859660000001	11715	17891.888984685535	118967.72893669995	3461	3857	6498	trained	1.5272632509334643	7.823297285351587	0.025841860064066042	1.4766132052078949	1.5779132966590337	0.2954332052923602	0.004215213655711717	0.2871713865271653	0.30369502405755516	0.3256930431071276	0.2847174157574709	0.004929874574154896	0.316030488941784	0.3353555972724712
K562_skew	[-1.0,-0.5)	PLS	2	10394	10391	2480.7859999999987	1868.756322	10379	18523.498990003023	112800.52176142253	3534	4283	6849	trained	1.7847094122750768	7.683701943119699	0.027208681629561828	1.7313803962811356	1.838038428269018	0.34049523075440796	0.00465143258447948	0.3313784228888282	0.34961203861998774	0.23874372052737933	0.12285700120575216	0.0034385178472180157	0.232004225546832	0.24548321550792665
K562_skew	[-1.0,-0.5)	PLS	3	33301	33297	6028.158000000001	2565.122532	33293	71071.2540050369	455319.5485961155	13415	14698	23441	trained	2.1347206321159673	9.119376316268433	0.01655030887578696	2.1022820267194247	2.16715923751251	0.4029375544408735	0.0026881424893436165	0.39766879516176	0.40820631371998695	0.18104207586269036	0.044262743093816545	0.001152966289139513	0.1787822619359769	0.18330188978940382
K562_skew	[-1.0,-0.5)	dELS	0	579029	578823	327074.292	635830.7002840003	577961	-69139.53898979955	1504212.745843372	26743	45398	143325	trained	-0.11962665126158953	2.5883137489173165	0.0021162120974433595	-0.12377442697257851	-0.11547887555060055	0.04627128820110699	2.763242226372099e-4	0.045729692724738064	0.04681288367747592	0.5650678912206323	0.7791886276455956	0.0011602415462621033	0.5627938177899585	0.567341964651306
K562_skew	[-1.0,-0.5)	dELS	1	145342	145292	69625.997	120205.92004900005	145147	14512.245973195884	502548.1682047376	11360	19667	59565	trained	0.09998309281759792	3.4523665066113276	0.00487701863841779	0.09042413628629904	0.10954204934889679	0.07826548257972951	7.049917380476337e-4	0.07688369877315615	0.07964726638630287	0.4792142513008287	0.5976980681912253	0.002028243416926968	0.47523889420365184	0.4831896083980055
K562_skew	[-1.0,-0.5)	dELS	2	38725	38710	16034.753	23772.88981499999	38653	19314.473951690252	213008.50775362263	5443	7620	22467	trained	0.4996888715414134	5.261235642664973	0.011666813981842748	0.4768219161370016	0.5225558269458251	0.14081701290973533	0.0017692075940811056	0.13734936602533637	0.1442846597941343	0.41422766726943944	0.44255474139265666	0.003381208198445681	0.4076004992004859	0.42085483533839296
K562_skew	[-1.0,-0.5)	dELS	3	23295	23289	7002.151000000004	7366.296718999999	23280	26970.048981502885	214474.92349370496	5794	5011	16757	trained	1.1585072586556222	7.8710393909676615	0.018387579139797664	1.1224676035416188	1.1945469137696256	0.2488831615120275	0.0028337401170577684	0.24332903088259428	0.2544372921414607	0.30066344626218405	0.2259105920685245	0.003114532567197771	0.2945589624304764	0.3067679300938917
K562_skew	[-1.0,-0.5)	non-cCRE	0	1380720	1379709	902869.9090000001	1805670.9860469997	1369643	-440393.5741314038	2144717.0317140594	15612	60423	29880	trained	-0.3215389514869231	1.4625087020157599	0.0010333454660894441	-0.3235643086004584	-0.3195135943733878	0.011398590727656768	9.070526608558867e-5	0.011220808406129015	0.011576373049184522	0.6543915485076927	0.8805055476923307	7.988629866902856e-4	0.6528257770537796	0.6559573199616057
K562_skew	[-1.0,-0.5)	pELS	0	65188	65026	34988.80399999998	63105.556157999985	65041	-3391.991996495405	185688.3941501007	3597	11848	15476	trained	-0.05215159663128496	2.8522677790855306	0.006622188565082925	-0.0651310862188475	-0.039172107043722426	0.05530357774326963	8.962499497624134e-4	0.0535469278417353	0.057060227644803965	0.538074062682619	0.6809532985976797	0.0032360494105460533	0.5317314058379488	0.5444167195272893
K562_skew	[-1.0,-0.5)	pELS	1	34908	34875	12767.719000000001	17792.281587000012	34867	14310.034011201697	154412.0760989337	4195	10373	14574	trained	0.4104177018728797	4.260281788169952	0.011053806858267578	0.38875224043067524	0.4320831633150841	0.12031433733903117	0.0017422687929613276	0.11689949050482697	0.12372918417323538	0.3660994695340502	0.3761549129420255	0.0032841747753928835	0.35966248697428016	0.37253645209382025
K562_skew	[-1.0,-0.5)	pELS	2	20811	20805	5301.0599999999995	4749.383039999999	20786	19675.90699932119	136491.57878245274	4236	8054	12274	trained	0.9465941979852395	5.670747143459136	0.016517133533297923	0.9142206162599755	0.9789677797105034	0.2037910131819494	0.0027939626128646116	0.19831484646073474	0.20926717990316404	0.25479740447007926	0.1633669828427149	0.0028021945501149306	0.249305103151854	0.2602897057883045
K562_skew	[-1.0,-0.5)	pELS	3	22591	22585	4413.419000000002	2359.9015750000003	22589	33649.24698955077	222183.4147745668	6540	9599	15427	trained	1.4896297750918928	7.61725228216357	0.018363297368792643	1.4536377122490591	1.5256218379347264	0.2895214484926292	0.0030176394908364803	0.2836068750905897	0.29543602189466867	0.1954137259242861	0.06630618686437137	0.0017134324168414348	0.1920553983872769	0.1987720534612953
K562_skew	[-1.5,-1.0)	Other cCREs	0	54429	54411	31234.30499999999	62904.88363499998	54052	-11146.815982401371	95110.80553545017	1148	2123	7817	trained	-0.20622393218384835	1.7171202255689921	0.005636304760604932	-0.21727108951463403	-0.19517677485306267	0.02123880707466884	6.20151140508356e-4	0.02002331083927246	0.02245430331006522	0.5740439433202843	0.826594744089901	0.0038976511487327672	0.5664045470687681	0.5816833395718005
K562_skew	[-1.5,-1.0)	Other cCREs	1	5227	5225	2336.682000000001	4050.5711380000007	5218	624.9289954527045	18563.8513350457	378	354	2232	trained	0.11976408498518676	3.5439921958452354	0.02606119591483752	0.06868414099210522	0.17084402897826828	0.07244154848600996	0.003588496017536116	0.06540809629163917	0.07947500068038076	0.4472118660287083	0.5753405858469192	0.010493475629366056	0.4266446537951509	0.4677790782622658
K562_skew	[-1.5,-1.0)	Other cCREs	2	1438	1438	502.5429999999999	641.311223	1436	2229.082994528581	16358.286212390898	411	91	1176	trained	1.5522862078889839	8.988230957313107	0.07911519296933167	1.3972204296690938	1.707351986108874	0.2862116991643454	0.011927548296884615	0.2628337045024516	0.30958969382623924	0.3494735744089012	0.3240680059121974	0.01501200275255425	0.3200500490138949	0.3788970998039075
K562_skew	[-1.5,-1.0)	Other cCREs	3	1116	1116	281.077	226.33557099999996	1116	2968.0459997123107	19348.224233391033	497	118	1036	trained	2.6595394262655114	10.27317388178162	0.09594453054064382	2.4714881464058496	2.8475907061251733	0.4453405017921147	0.014877406412249846	0.416180785224105	0.4745002183601244	0.2518611111111111	0.13950063271051316	0.011180365242017109	0.22994759523675756	0.2737746269854646
K562_skew	[-1.5,-1.0)	PLS	0	2922	2921	1618.0199999999995	2924.2295000000013	2914	3073.6119934287854	24946.163303083566	639	575	1218	trained	1.0547741912933375	7.450805595044701	0.050565795307980534	0.9556652324896957	1.1538831500969793	0.21928620452985587	0.007664905563235857	0.20426298962591358	0.23430941943379816	0.553926737418692	0.6945085480554142	0.01541959685444188	0.523704327583986	0.5841491472533981
K562_skew	[-1.5,-1.0)	PLS	1	3103	3101	1072.6989999999998	1374.7846110000007	3101	6292.899995009764	41419.173495979354	1137	1096	1942	trained	2.0293131231892176	9.24158353328667	0.054591158857223494	1.9223144518290596	2.1363117945493757	0.3666559174459852	0.00865363004820701	0.34969480255149943	0.38361703234047095	0.34592034827475004	0.3237794191374273	0.01021818442058512	0.3258927068104032	0.36594798973909687
K562_skew	[-1.5,-1.0)	PLS	2	2742	2741	675.3019999999999	548.50982	2741	7103.643997844309	43292.07210695671	1252	1212	1972	trained	2.591624953609744	9.08105513159975	0.05755905278333511	2.4788092101544072	2.7044406970650807	0.456767603064575	0.009514499771081706	0.43811918351325485	0.4754160226158951	0.24637066763954757	0.13946540708090446	0.007133106884107639	0.2323897781466966	0.26035155713239855
K562_skew	[-1.5,-1.0)	PLS	3	8996	8996	1658.7880000000002	707.9726399999998	8986	27765.66398925044	178485.60659339448	4828	4102	7031	trained	3.089880256983134	10.316419544906175	0.03388295590988821	3.023469663399753	3.156290850566515	0.5372802136657022	0.005259885033988972	0.5269708389990838	0.5475895883323206	0.18439172965762562	0.04470326309557379	0.0022291787238728294	0.1800225393588349	0.18876091995641636
K562_skew	[-1.5,-1.0)	dELS	0	123373	123341	72401.32399999998	145091.52576000008	123095	-11351.586989863667	322145.4597413342	5962	9713	38870	trained	-0.09221809975924015	2.6085644951003077	0.004603419818454818	-0.1012408026034116	-0.0831953969150687	0.0484341362362403	6.118923169224715e-4	0.04723482729507226	0.04963344517740834	0.587001272893847	0.8317809016766683	0.0025968731711341606	0.581911401478424	0.5920911443092699
K562_skew	[-1.5,-1.0)	dELS	1	39813	39811	18934.730000000003	33261.51186599998	39748	9268.45598386403	157972.92441217843	3781	5349	19851	trained	0.23318043634557792	3.9200870959219873	0.009930936787765292	0.21371580024155795	0.2526450724495979	0.09512428298279159	0.0014715754176278441	0.09223999516424101	0.09800857080134216	0.47561553339529283	0.6092906344474787	0.00391210684947318	0.4679478039703254	0.48328326282026024
K562_skew	[-1.5,-1.0)	dELS	2	12517	12517	4990.080999999999	7397.685657000001	12503	12216.2579821347	102733.33658093536	2569	2268	8651	trained	0.9770661426965289	7.262617542484828	0.024101244669105414	0.9298277031450823	1.0243045822479755	0.20547068703511157	0.003613456103061495	0.19838831307311103	0.2125530609971121	0.39866429655668284	0.43211237818585274	0.005875545955916548	0.3871482264830864	0.4101803666302793
K562_skew	[-1.5,-1.0)	dELS	3	9112	9112	2607.4599999999996	2558.089384	9106	20451.675977150444	139399.6330913084	3648	1791	7758	trained	2.245956070409669	10.26535609888806	0.03357555395359879	2.180147984660615	2.3117641561587225	0.4006149791346365	0.0051351450041299445	0.3905500949265418	0.4106798633427312	0.2861567164179104	0.19887467810437442	0.004671785445375964	0.2770000169449735	0.2953134158908473
K562_skew	[-1.5,-1.0)	non-cCRE	0	239673	239546	169933.463	359707.92184699996	237550	-71917.73781182664	379671.6051991243	2969	11340	7047	trained	-0.30274779125163814	1.50663092214566	0.0025184070181890747	-0.3076838690072887	-0.29781171349598756	0.012498421384971585	2.279391704134641e-4	0.012051660610961195	0.012945182158981975	0.7093980404598699	0.9983821669675433	0.0020415214430846993	0.7053966584314239	0.7133994224883159
K562_skew	[-1.5,-1.0)	pELS	0	13101	13084	7403.262000000002	13791.029651999994	13070	132.11200362781582	41545.979425567006	857	2379	3933	trained	0.010108033942449565	3.178869388090147	0.015595472897968126	-0.020459092937567962	0.040675160822467096	0.06557000765110942	0.002165151090846324	0.061326311513050624	0.06981370378916821	0.5658255885050445	0.7339352269351799	0.007489599570227127	0.5511459733473993	0.5805052036626897
K562_skew	[-1.5,-1.0)	pELS	1	7912	7907	2933.480000000001	4181.9595679999975	7895	4558.530002797022	42602.56264764613	1123	2251	3921	trained	0.5773945538691604	5.063401602531285	0.025324747281920367	0.5277580491965965	0.6270310585417243	0.1422419252691577	0.003931154851050282	0.13453686176109914	0.14994698877721624	0.3709978500063236	0.3913034144906965	0.007034786951678589	0.3572096675810336	0.38478603243161363
K562_skew	[-1.5,-1.0)	pELS	2	4972	4970	1288.442	1208.1577539999994	4967	6731.098992618616	44902.63213135119	1291	1859	3242	trained	1.3551638801325983	7.205173158066355	0.038086856639720945	1.2805136411187452	1.4298141191464513	0.2599154419166499	0.006223140877216036	0.24771808579730648	0.2721127980359933	0.25924386317907444	0.17591810674941163	0.005949453532374687	0.24758293425562006	0.2709047921025288
K562_skew	[-1.5,-1.0)	pELS	3	6031	6031	1229.2880000000005	710.382888	6030	13031.003003580383	84170.07451032808	2304	2561	4595	trained	2.1610286904776754	9.29004862396585	0.03925096490657466	2.0840967992607893	2.2379605816945616	0.382089552238806	0.006257295924759279	0.36982525222627777	0.3943538522513342	0.2038282208588958	0.07625527396962017	0.0035558241781723835	0.19685880546967793	0.21079763624811365
K562_skew	[0.05,0.2)	Other cCREs	0	3627593	3625275	712062.2650000002	711085.842823	3609181	-335378.14758961863	5694359.610253918	91827	115159	153586	trained	-0.09292361552097793	1.569108512241884	6.5935933321315e-4	-0.0942159598140757	-0.09163127122788016	0.025442614266228267	8.288582111473612e-5	0.025280158056843385	0.02560507047561315	0.19641606912579052	0.15756750296912536	2.0847925587972173e-4	0.19600744978426626	0.19682468846731477
K562_skew	[0.05,0.2)	Other cCREs	1	108135	108094	21820.354	21524.197426000002	107891	-14835.64298444509	208400.519273702	3125	6662	12291	trained	-0.13750584371676128	1.9126937776257784	0.004210465501423643	-0.14575835609955162	-0.12925333133397093	0.028964417792030846	5.105724353975825e-4	0.027963695818651584	0.02996513976541011	0.20186461783262716	0.15837695322377365	0.0012104453821019413	0.19949214488370734	0.20423709078154698
K562_skew	[0.05,0.2)	Other cCREs	2	21227	21226	3625.6900000000005	2469.2926380000004	21175	-4747.27399299352	43689.297235755024	510	1628	4968	trained	-0.22419239636333033	2.0130818221910123	0.009750323028441756	-0.24330302949907617	-0.20508176322758448	0.024085005903187722	0.0010535803553759228	0.02201998840665091	0.026150023399724533	0.17081362479977388	0.08716020667607575	0.002026399388584068	0.16684188199814912	0.17478536760139865
K562_skew	[0.05,0.2)	Other cCREs	3	17342	17342	2597.034	1267.2745079999997	17329	-6301.510992776137	42461.560333664485	396	1705	5459	trained	-0.36363962102695696	2.318217986170023	0.011566191661621003	-0.3863093566837341	-0.3409698853701798	0.02285186681285706	0.0011351527211736969	0.020626967479356616	0.025076766146357506	0.14975400761157884	0.05065211110065571	0.0017090280250741177	0.14640431268243356	0.1531037025407241
K562_skew	[0.05,0.2)	PLS	0	79973	79312	15934.930000000004	15341.992324	79846	15513.757992488569	292221.9035018703	7207	16173	12616	trained	0.1942959946958967	3.6221133754305006	0.006735261123148491	0.18109488289452566	0.20749710649726774	0.09026125291185533	0.0010141038763492717	0.08827360931421076	0.0922488965094999	0.20091448961065164	0.15307377281926263	0.0013892517176965589	0.1981915562439664	0.2036374229773369
K562_skew	[0.05,0.2)	PLS	1	51564	51507	9107.298999999999	6140.897579000001	51553	27961.744009477552	271353.6884064015	7947	16794	17086	trained	0.5423882996038553	4.969498091618999	0.009818141627741205	0.5231447420134825	0.561631857194228	0.15415203770876573	0.0015903540425395548	0.1510349437853882	0.15726913163214326	0.17681672394043527	0.08796207831852598	0.001306816512274161	0.17425536357637791	0.17937808430449262
K562_skew	[0.05,0.2)	PLS	2	40493	40477	6634.784999999998	3233.3750550000013	40461	19530.48199052713	217919.14554398428	6191	16245	18657	trained	0.48269894442863814	5.153035158254432	0.011285303589960737	0.4605797493923151	0.5048181394649612	0.15301154197869554	0.0017897094690725454	0.14950371141931335	0.15651937253807774	0.1639149393482718	0.05301498849036906	0.0011444456620862866	0.16167182585058268	0.16615805284596094
K562_skew	[0.05,0.2)	PLS	3	123030	123002	17053.023000000005	5219.854138999999	122958	20495.76999559591	765922.9028885296	16627	53427	61700	trained	0.16668919464854592	6.201407642462502	0.007101772319505589	0.15276972090231497	0.18060866839477688	0.13522503619121976	9.752180072514164e-4	0.13331360889700697	0.13713646348543254	0.13864020910229105	0.023216229660359022	4.344499575140574e-4	0.1377886871855635	0.1394917310190186
K562_skew	[0.05,0.2)	dELS	0	8529343	8527312	1669580.8190000006	1634419.4616589998	8517178	-255315.5755076994	19242080.94181372	381250	564447	898088	trained	-0.029976545694794614	2.2583101728187542	5.14924947768991e-4	-0.030985798592421836	-0.028967292797167393	0.044762478839822296	7.085408418891907e-5	0.044623604834812015	0.04490135284483258	0.19579215806809938	0.15333422576447428	1.3409527511407018e-4	0.19552933132887582	0.19605498480732295
K562_skew	[0.05,0.2)	dELS	1	1081828	1081628	222306.6260000001	217604.37598199988	1080669	12461.256942445818	3028139.6515333685	64543	139652	222911	trained	0.011531058022804224	2.801966894602716	0.0016102197648082456	0.008375027283780062	0.014687088761828386	0.05972504069238592	2.279603502831794e-4	0.05927823840583089	0.06017184297894095	0.20552965159925604	0.15893997893175166	3.8333424183740236e-4	0.20477831648525474	0.20628098671325734
K562_skew	[0.05,0.2)	dELS	2	209422	209373	40716.070999999996	34830.374419000014	209176	6027.343983129137	708577.4802552818	14866	39075	66579	trained	0.028814701414737527	3.3866561689402848	0.0040237373707142764	0.020928176168137545	0.03670122666133751	0.07106933873866983	5.617936930448294e-4	0.06996822310030196	0.0721704543770377	0.19446667430853068	0.12853894265097532	7.835325151999415e-4	0.1929309505787388	0.19600239803832256
K562_skew	[0.05,0.2)	dELS	3	136732	136709	22301.048	13211.663651999997	136669	-21523.753996871066	553431.6294410293	8639	26970	52492	trained	-0.15748819408110887	4.0246575079332105	0.005426620559644191	-0.16812437037801148	-0.14685201778420626	0.06321111590777719	6.582374456014143e-4	0.06192097051439841	0.06450126130115595	0.16312787014753966	0.07003058482094646	7.157235762442553e-4	0.1617250519381009	0.1645306883569784
K562_skew	[0.05,0.2)	non-cCRE	0	41993362	41976488	7893980.500999999	7620535.799337001	41519348	-5742193.914478935	50382712.80672431	549570	1124016	247622	trained	-0.1383016398638759	1.194348214868011	1.6960561262202055e-4	-0.13863406686461505	-0.13796921286313674	0.013236479532385721	1.7736483802008303e-5	0.013201716024133786	0.013271243040637657	0.1880571928980814	0.14617745371418886	5.901156688082709e-5	0.18794153022699497	0.18817285556916782
K562_skew	[0.05,0.2)	pELS	0	960042	958886	180378.12500000003	164484.16998300006	958797	-35348.40997008861	2088212.804204778	40385	159058	94030	trained	-0.03686745992122275	2.1765939763170965	0.0015066951081223235	-0.03982058233314251	-0.03391433750930299	0.04212049057308273	2.051345526649219e-4	0.041718426849859484	0.04252255429630598	0.1881121687041004	0.1361506851212301	3.76813476452008e-4	0.18737361429025448	0.18885072311794635
K562_skew	[0.05,0.2)	pELS	1	308081	307973	52395.97100000001	36338.48736900002	307754	43836.44497378484	899925.0263343162	22741	93005	65614	trained	0.14243988696746376	2.903890353846087	0.0030717668827187294	0.13641922387733504	0.14846055005759248	0.07389343436640954	4.7155413158127973e-4	0.07296918826851023	0.07481768046430884	0.17013170310384357	0.08904793808200233	5.37719284525483e-4	0.16907777330617363	0.1711856329015135
K562_skew	[0.05,0.2)	pELS	2	149411	149379	22610.753000000004	10248.690477000002	149324	42282.371009531205	537524.7196087389	14916	58772	54570	trained	0.2831585747068871	3.519565664354803	0.004854893737084199	0.2736429829822021	0.2926741664315721	0.09989017170716027	7.75968915475944e-4	0.09836927263282742	0.10141107078149313	0.15136500445176365	0.045697584306238354	5.530976935989336e-4	0.15028093297230974	0.15244907593121756
K562_skew	[0.05,0.2)	pELS	3	119083	119044	16723.174	5541.962902000001	119052	33705.85699922347	607513.5685273639	13927	49549	53228	trained	0.28311878002237234	5.022812134414118	0.006495388312836045	0.2703878189292137	0.295849741115531	0.11698249504418237	9.314868938219486e-4	0.11515678073229135	0.11880820935607339	0.14047893215953763	0.026819798527942487	4.746505625685868e-4	0.1395486170569032	0.14140924726217208
K562_skew	[0.2,0.5)	Other cCREs	0	760125	759514	156793.12199999997	175081.11303000012	755288	-94362.95284468544	1165128.6207761657	16897	27083	40436	trained	-0.12493638564982555	1.5270211912935159	0.0014218907850836885	-0.12772329158858958	-0.12214947971106152	0.022371598648462575	1.7016848104872657e-4	0.02203806842560707	0.022705128871318078	0.2064387516227482	0.18790058453415132	4.97388997005364e-4	0.20546386918861767	0.2074136340568787
K562_skew	[0.2,0.5)	Other cCREs	1	30665	30644	6306.89	6616.124032	30569	-4912.105001913151	57287.784325105575	798	2077	4290	trained	-0.1606890968599938	1.8482878372371987	0.007775783979027962	-0.1759296334588886	-0.145448560261099	0.02610487749026792	9.11961090311752e-4	0.024317433753256883	0.027892321227278954	0.20581157812296047	0.17355001298998407	0.002379795277796151	0.20114717937848	0.21047597686744093
K562_skew	[0.2,0.5)	Other cCREs	2	5200	5200	867.519	629.512953	5176	-1064.7140043018153	10629.510249183322	135	424	1451	trained	-0.20570208738443108	2.01169011710744	0.0197143928874779	-0.24434229744388775	-0.1670618773249744	0.026081916537867077	0.0022153065494667505	0.021739915700912247	0.030423917374821908	0.16683057692307693	0.09324567373307738	0.004234602736182476	0.15853075556015928	0.17513039828599458
K562_skew	[0.2,0.5)	Other cCREs	3	4016	4016	615.167	350.350589	4012	-1335.176997586852	11189.770743893403	139	492	1449	trained	-0.3327958618112791	2.678990118252528	0.025840748763786097	-0.38344372938829985	-0.2821479942342584	0.03464606181455633	0.0028872857145478817	0.02898698181404248	0.04030514181507018	0.15317903386454185	0.06379076021784592	0.003985492872995595	0.1453674678334705	0.1609905998956132
K562_skew	[0.2,0.5)	PLS	0	23195	23053	4633.020999999998	4598.920665000001	23160	6490.630996129593	94089.64165255468	2421	4958	4631	trained	0.28025177012649366	3.984223447759035	0.01311603497220153	0.25454434158097866	0.30595919867200866	0.10453367875647668	0.0020104045937294644	0.10059328575276692	0.10847407176018643	0.20097258491302641	0.1591102923249031	0.002627153276713076	0.19582336449066878	0.20612180533538405
K562_skew	[0.2,0.5)	PLS	1	19806	19789	3402.594000000001	2171.5833300000004	19805	15588.812997897508	119483.9816232787	3739	6555	7577	trained	0.7871150213530679	5.4137443318304195	0.016533372387872128	0.7547096114728385	0.8195204312332972	0.18879070941681395	0.0027807973684317966	0.18334034657468762	0.19424107225894027	0.17194370609934817	0.08017630418883136	0.002012848518533976	0.16799852300302157	0.17588888919567477
K562_skew	[0.2,0.5)	PLS	2	16274	16268	2510.078999999999	1101.617905	16263	12927.184995377671	106609.46104959307	3216	6695	8067	trained	0.7948831701025438	5.92386294797474	0.019085439711357982	0.7574757082682821	0.8322906319368055	0.1977494927135215	0.0031232903418502342	0.19162784364349503	0.20387114178354795	0.1542954880747479	0.04391246330539283	0.0016429593492377265	0.15107528775024195	0.15751568839925387
K562_skew	[0.2,0.5)	PLS	3	45196	45186	6037.813999999999	1732.8524399999994	45179	19289.708956200164	314574.8806275381	7677	19556	23395	trained	0.42696183970871787	6.780709881007418	0.01225093609855576	0.40295000495554856	0.4509736744618872	0.16992407977157528	0.0017669247907634842	0.16646090718167886	0.1733872523614717	0.13362134289381666	0.020495111766668423	6.734776634803354e-4	0.1323013266733952	0.13494135911423813
K562_skew	[0.2,0.5)	dELS	0	1895742	1895116	382356.91099999996	410773.8293309999	1892585	-98115.7171071501	4248956.968073785	81744	136831	250424	trained	-0.051842172006620633	2.242368336724269	0.0010884933480151118	-0.05397561896873025	-0.049708725044511015	0.04319171926227884	1.477695707008641e-4	0.04290209090370515	0.04348134762085253	0.2017591065665637	0.17604727975773968	3.047872253263306e-4	0.2011617236049241	0.20235648952820331
K562_skew	[0.2,0.5)	dELS	1	310702	310625	63320.21599999999	63650.656548000006	310305	11199.579965245213	893105.8323044211	19600	41685	77997	trained	0.036092167271701114	2.876861449388157	0.0030448442785546465	0.03012427248573401	0.04206006205766822	0.06316366155878893	4.366878675922275e-4	0.06230775333830816	0.06401956977926969	0.2038477778672032	0.1633581797360432	7.251907229572908e-4	0.20242640405020693	0.20526915168419949
K562_skew	[0.2,0.5)	dELS	2	66264	66245	12833.101000000002	11290.836982999997	66175	7275.368982152666	239411.0651933064	5459	13104	24743	trained	0.10994135220480039	3.6058149921361813	0.007381672023381008	0.09547327503897361	0.12440942937062717	0.08249338874197204	0.001069466532192915	0.08039723433887393	0.08458954314507015	0.19372180541927697	0.13291445999867263	0.0014164771184017	0.19094551026720963	0.19649810057134431
K562_skew	[0.2,0.5)	dELS	3	39790	39785	6300.806000000003	3789.033059999998	39775	-577.7200013410766	170824.46829371678	3223	8371	17534	trained	-0.014524701479348248	4.294666794467709	0.010391054987115591	-0.03489116925409481	0.00584176629539831	0.08103079824010057	0.0013682657085039526	0.07834899745143283	0.0837125990287683	0.15837139625487	0.07015799357150952	0.0013279413639986758	0.1557686311814326	0.1609741613283074
K562_skew	[0.2,0.5)	non-cCRE	0	6505091	6501311	1325961.6770000001	1506377.0227710004	6437460	-1043411.1872843417	8178462.913572785	83401	220740	63971	trained	-0.16208429835437294	1.2441776084922171	4.396265563243913e-4	-0.16294596640476874	-0.16122263030397713	0.012955575646295278	4.456967171918963e-5	0.012868219089725666	0.01304293220286489	0.20395296840898708	0.1901067942845814	1.7100088121161993e-4	0.2036178066818123	0.20428813013616184
K562_skew	[0.2,0.5)	pELS	0	217119	216833	42018.25300000001	41835.798015000015	216777	-7460.698988345338	485930.25583629	9582	37864	27176	trained	-0.034416469405634996	2.2404393702153973	0.003214844690760593	-0.04071756499952576	-0.028115373811744233	0.044202106312016494	4.414666653614623e-4	0.043336831647908025	0.04506738097612496	0.1937816337919044	0.1553895748763025	8.465414933820648e-4	0.19212241246487557	0.19544085511893325
K562_skew	[0.2,0.5)	pELS	1	89232	89192	14902.018999999997	10241.639722999997	89136	21903.04800378508	294046.6507688169	8014	27456	23373	trained	0.24572617128640595	3.238508987977163	0.006027621631795807	0.23391203288808615	0.25754030968472574	0.08990755699156346	9.581075931558848e-4	0.08802966610897792	0.091785447874149	0.16707797784554665	0.08691281096370802	9.871404467398214e-4	0.1651431825699366	0.1690127731211567
K562_skew	[0.2,0.5)	pELS	2	48721	48713	7165.521999999997	3063.601882	48680	22317.58100901905	204756.6185385936	6186	19357	20293	trained	0.45845482762980794	3.996076661065131	0.009060280029928982	0.44069667877114715	0.4762129764884687	0.1270747740345111	0.0015095340381377313	0.12411608731976113	0.13003346074926103	0.14709670929731278	0.04125425306705742	9.202629253009606e-4	0.1452929939637229	0.14890042463090267
K562_skew	[0.2,0.5)	pELS	3	41710	41702	5718.082	1845.0477940000003	41698	20642.233003944508	222692.38972560962	6051	17599	20649	trained	0.4950413210212602	5.095657515660798	0.011054586516726946	0.4733743314484754	0.516708310594045	0.1451148736150415	0.0017248535704743769	0.14173416061691171	0.14849558661317128	0.13711769219701694	0.02544297705970354	7.810979917393438e-4	0.13558674013320782	0.13864864426082607
K562_skew	[0.5,1.0)	Other cCREs	0	176025	175862	36996.55999999999	43647.62947	174761	-28293.473975554574	266037.9401304209	3353	6623	10355	trained	-0.1618981006949753	1.4960933876843439	0.002925883913417932	-0.16763283316527444	-0.15616336822467614	0.019186202871350016	3.2814480928412414e-4	0.018543039045153132	0.0198293666975469	0.21037267857752096	0.20393699594933518	0.001076866842480692	0.2082620195662588	0.2124833375887831
K562_skew	[0.5,1.0)	Other cCREs	1	7883	7879	1547.8349999999998	1651.5270789999997	7852	-1403.8320000098322	14222.663138797456	178	538	1224	trained	-0.17878655119839942	1.779604745516972	0.015054683586870433	-0.20829373102866547	-0.14927937136813338	0.022669383596535916	0.0016797724812844196	0.019377029533218453	0.02596173765985338	0.19645069171214619	0.17104008918427646	0.004659222031722735	0.18731861652996962	0.20558276689432275
K562_skew	[0.5,1.0)	Other cCREs	2	1158	1158	191.78200000000004	155.655686	1155	-191.0709992648335	2751.6963201057542	46	108	394	trained	-0.16542943659292944	2.3570949327106803	0.04517493589940931	-0.25397231095577166	-0.07688656223008719	0.03982683982683983	0.005754024577335202	0.028548951655262833	0.051104727998416824	0.1656148531951641	0.10708188264868197	0.009616205137736025	0.1467670911252015	0.18446261526512672
K562_skew	[0.5,1.0)	Other cCREs	3	785	785	106.6	44.78006	783	-327.5789999883855	2003.0329595291769	18	69	363	trained	-0.41836398465949615	2.386170976730515	0.05520391754023126	-0.5265636630383494	-0.31016430628064284	0.022988505747126436	0.005355799705565104	0.012491138324218833	0.03348587317003404	0.13579617834394903	0.038653300240478354	0.007017112861982969	0.12204263713446241	0.14954971955343566
K562_skew	[0.5,1.0)	PLS	0	6393	6356	1297.7279999999998	1331.3532380000006	6387	2087.020996082691	26902.18367157722	737	1463	1412	trained	0.32676076343865523	4.105892123016714	0.025354515104831825	0.27706591383318485	0.3764556130441256	0.11539063723187724	0.003997722031627955	0.10755510204988646	0.12322617241386803	0.2041736941472624	0.16780351191843623	0.0051381712959562235	0.1941028784071882	0.21424450988733662
K562_skew	[0.5,1.0)	PLS	1	5957	5954	998.2560000000001	636.2618540000001	5956	5546.4710027996925	40747.33503507664	1246	2066	2449	trained	0.931240933982487	5.975186263328745	0.03167366940643851	0.8691605419458674	0.9933213260191065	0.20920080591000673	0.005270325532167043	0.19887096786695932	0.21953064395305413	0.16766140409808533	0.07876580738966266	0.0036371771111491707	0.16053253696023295	0.1747902712359377
K562_skew	[0.5,1.0)	PLS	2	4776	4773	691.161	248.63299300000003	4769	4951.233992804658	35417.248874564146	1089	2013	2452	trained	1.03821220230754	6.350003633966961	0.03648995482453285	0.9666918908514556	1.1097325137636243	0.22834975885929965	0.0060785062217677	0.21643588666463495	0.24026363105396434	0.144806411062225	0.03112918045344123	0.0025538073134326925	0.13980094872789692	0.14981187339655308
K562_skew	[0.5,1.0)	PLS	3	11515	11514	1515.4260000000004	421.365838	11509	7404.889009560693	90665.94954092498	2264	4995	6014	trained	0.6433998618090793	7.46451555226469	0.025467248064487927	0.5934840556026829	0.6933156680154756	0.19671561386740813	0.003705401593202935	0.18945302674473039	0.20397820099008587	0.13161594580510685	0.019274872901272482	0.0012938461829834398	0.12908000728645933	0.13415188432375438
K562_skew	[0.5,1.0)	dELS	0	462640	462480	95346.48000000004	108255.45901599994	461848	-37868.18795116456	1036398.156608872	19026	35441	69498	trained	-0.08199275075601618	2.2373063800622504	0.002200965306622176	-0.08630664275699565	-0.07767885875503672	0.04119537163742184	2.924419962686505e-4	0.040622185324735285	0.04176855795010839	0.20616346652828238	0.19157301883529929	6.436069027432976e-4	0.20490199699890552	0.20742493605765924
K562_skew	[0.5,1.0)	dELS	1	85305	85288	17196.874000000003	17893.464030000006	85192	4073.6729922029194	250749.5832543682	5586	11962	23785	trained	0.04781755319986524	2.9410946012999575	0.005875638798904468	0.036301301154012484	0.059333805245718	0.065569537045732	8.480572002246119e-4	0.06390734493329175	0.06723172915817224	0.20163298471062757	0.16914661082799742	0.0014082756981945949	0.19887276434216616	0.20439320507908898
K562_skew	[0.5,1.0)	dELS	2	18933	18927	3569.712	3102.9817860000003	18904	3091.543009547866	72952.65986924473	1747	3862	7786	trained	0.1635390927606785	3.8325700539719967	0.014238629733996942	0.13563137848204448	0.1914468070393125	0.09241430385103681	0.0021063792369821937	0.08828580054655172	0.09654280715552191	0.1886042161990807	0.12837995626035864	0.002604400203613524	0.18349959179999817	0.1937088405981632
K562_skew	[0.5,1.0)	dELS	3	9980	9980	1548.4650000000004	927.4461110000001	9973	1354.316000056454	49310.75041734336	1028	2116	4696	trained	0.13579825529494174	4.926477804594632	0.022225695278034877	0.09223589254999338	0.17936061803989012	0.1030783114408904	0.0030447244953724245	0.09711065142996045	0.10904597145182035	0.15515681362725456	0.06886373540301366	0.0026268182061340906	0.15000824994323175	0.16030537731127736
K562_skew	[0.5,1.0)	non-cCRE	0	1270976	1270070	253564.36100000003	284875.71408899996	1259669	-231647.09965537762	1644524.3464319466	15508	50906	16945	trained	-0.18389521346907609	1.2717045710388204	0.0010047659182477497	-0.18586455466884166	-0.1819258722693105	0.012311170632920235	9.824976618190602e-5	0.012118601091203699	0.012503740174636771	0.1996459730566032	0.18444085361085039	3.810787507633388e-4	0.19889905870510705	0.20039288740809935
K562_skew	[0.5,1.0)	pELS	0	54033	53940	10397.17	10551.507130000004	53938	-2405.9090084941136	126524.37886643506	2448	9974	7813	trained	-0.044605083771999586	2.3437911469596635	0.006591921626850613	-0.05752525016062679	-0.03168491738337238	0.04538544254514443	8.962411789087437e-4	0.04362880983448329	0.04714207525580556	0.19275435669262142	0.1584643266509609	0.0017139978930450915	0.18939492082225304	0.1961137925629898
K562_skew	[0.5,1.0)	pELS	1	25118	25106	4174.392	2908.267528	25084	7873.3629938012455	92186.62993400033	2581	7781	7098	trained	0.31387988334401395	3.576738814176172	0.011941124262796648	0.2904752797889325	0.3372844868990954	0.10289427523520969	0.0019183110312269835	0.09913438561400481	0.10665416485641457	0.16627069226479727	0.08819711134735583	0.001874297035938429	0.16259707007435795	0.16994431445523658
K562_skew	[0.5,1.0)	pELS	2	14357	14356	2074.143	838.829053	14344	8434.079003501916	69961.03394819316	2136	5780	6321	trained	0.587986545140959	4.531960466672117	0.017774930777847954	0.5531476808163771	0.622825409465541	0.14891243725599554	0.0029724699281842154	0.14308639619675448	0.1547384783152366	0.14447917247144051	0.037558940353366	0.0016174838038648966	0.1413089042158653	0.14764944072701572
K562_skew	[0.5,1.0)	pELS	3	11970	11967	1586.712	453.370298	11967	7661.285997486558	71637.3076448999	1985	5117	6101	trained	0.6402010526854314	5.576846421894105	0.021587467507708003	0.5978896163703237	0.6825124890005391	0.1658728169131779	0.0034002519767922187	0.15920832303866514	0.17253731078769066	0.13259062421659565	0.020306465273945938	0.0013026403329574035	0.13003744916399915	0.13514379926919215
K562_skew	[1.0,1.5)	Other cCREs	0	32752	32731	7262.139	9313.647919000003	32526	-6282.268992471045	48788.23563804277	546	1305	2129	trained	-0.1931460675297007	1.462716067240068	0.006706017572704607	-0.20628986197220173	-0.18000227308719968	0.016786570743405275	7.123436619901447e-4	0.015390377165904592	0.01818276432090596	0.22187342274907582	0.2353306533024886	0.0026813877019221913	0.21661790285330831	0.22712894264484332
K562_skew	[1.0,1.5)	Other cCREs	1	1453	1453	288.15999999999997	329.0081660000001	1450	-203.65900028240873	2735.4694777786053	33	98	247	trained	-0.14045448295338533	1.8680915515494383	0.035893439526863094	-0.210805624426037	-0.07010334148073367	0.022758620689655173	0.003916425699270082	0.015082426319085813	0.030434815060224534	0.1983207157604955	0.1872314521669805	0.011351587358551683	0.1760716045377342	0.2205698269832568
K562_skew	[1.0,1.5)	Other cCREs	2	196	196	31.473	23.964974999999995	196	-44.8789991820231	535.2388355428621	8	17	79	trained	-0.22897448562256684	2.6921163578969374	0.11719764306627714	-0.45868186603247	7.328947873363467e-4	0.04081632653061224	0.014133177426869764	0.013115298773947504	0.06851735428727698	0.1605765306122449	0.09698025565149133	0.022244037913825145	0.1169782163011476	0.20417484492334217
K562_skew	[1.0,1.5)	Other cCREs	3	126	126	21.822000000000003	14.251033999999997	126	-28.35799944819884	254.82486815750303	6	15	60	trained	-0.22506348768411777	1.9875401431835769	0.1255950959253767	-0.4712298756978561	0.02110290032962059	0.047619047619047616	0.018971882687847517	0.010434157550866484	0.08480393768722874	0.1731904761904762	0.0837733714285714	0.025785034946861796	0.12265180769462708	0.22372914468632532
K562_skew	[1.0,1.5)	PLS	0	1376	1367	282.69399999999996	306.249354	1373	492.13700131280353	6172.783867377612	173	321	308	trained	0.3584391852241832	4.37054131312564	0.056419904446189426	0.24785617250965195	0.46902219793871447	0.1260014566642389	0.008955871811276722	0.10844794791413652	0.14355496541434126	0.20679882955376735	0.18139719302937574	0.011519430899305485	0.18422074499112862	0.2293769141164061
K562_skew	[1.0,1.5)	PLS	1	1257	1255	212.5549999999999	134.61894699999996	1257	1251.3750020093287	9415.313820690546	275	434	521	trained	0.9955250612643824	6.50440974932364	0.0719343472736071	0.8545337406081125	1.1365163819206523	0.21877486077963404	0.011660553725383983	0.19592017547788143	0.24162954608138665	0.16936653386454176	0.07864373476429211	0.007916080500441855	0.1538510160836757	0.1848820516454078
K562_skew	[1.0,1.5)	PLS	2	997	997	155.287	73.35429500000002	996	1046.981000026106	6808.25918723819	226	417	486	trained	1.0511857429980982	5.736369534493322	0.07589075808783245	0.9024398571459467	1.1999316288502497	0.22690763052208834	0.013271211623841999	0.20089605573935804	0.25291920530481865	0.1557542627883651	0.04936514336785459	0.007036596081992908	0.141962534467659	0.1695459911090712
K562_skew	[1.0,1.5)	PLS	3	1751	1751	231.346	57.416436	1751	1291.6370009619282	14270.374814321069	367	740	904	trained	0.7376567681107528	7.610051450639559	0.06592508880022728	0.6084435940623073	0.8668699421591982	0.20959451741861793	0.009726841925688413	0.19052990724426863	0.22865912759296722	0.1321222158766419	0.015343137054744226	0.002960151980171531	0.12632031799550572	0.1379241137577781
K562_skew	[1.0,1.5)	dELS	0	90363	90337	19561.012000000006	24047.023028000003	90205	-9520.40099235054	199357.36711420753	3653	7168	14593	trained	-0.10554183240785478	2.1989331576007416	0.004937313551196599	-0.11521896696820011	-0.09586469784750945	0.04049664652735436	6.563227731752642e-4	0.03921025389193084	0.041783039162777875	0.21653377907169827	0.21930795228007843	0.001558096521231971	0.2134799098900836	0.21958764825331292
K562_skew	[1.0,1.5)	dELS	1	17532	17530	3701.358000000001	4115.05863	17506	1346.8460010031706	53291.3769397358	1246	2490	4931	trained	0.07693625048572893	3.0384321998535797	0.013174414183168311	0.051114398686719034	0.10275810228473882	0.07117559693819261	0.0019432957711499083	0.06736673722673879	0.07498445664964644	0.2111442099258415	0.1901727605361006	0.0032936936105931436	0.20468857044907893	0.21759984940260405
K562_skew	[1.0,1.5)	dELS	2	3786	3785	711.595	654.7652009999999	3786	893.1289974513927	13732.371504004279	360	755	1519	trained	0.23590306324653795	3.572438477577592	0.03071793905201271	0.17569590270459304	0.29611022378848284	0.09508716323296355	0.004767316826647831	0.0857432222527338	0.10443110421319331	0.18800396301188904	0.13768037022741933	0.00603119083928481	0.1761828289668908	0.19982509705688728
K562_skew	[1.0,1.5)	dELS	3	1795	1795	286.47	196.55089999999993	1795	367.3470021677203	9137.337216104526	212	408	882	trained	0.20465014048340963	5.051371014774104	0.053048414397313885	0.10067524826467442	0.3086250327021448	0.1181058495821727	0.007617486768393831	0.10317557551612079	0.13303612364822462	0.15959331476323121	0.08407592147144766	0.006843898995893171	0.1461792727312806	0.17300735679518184
K562_skew	[1.0,1.5)	non-cCRE	0	214668	214525	38608.692	39649.842886000006	212901	-43541.47594973271	284953.10325612634	2478	9439	3309	trained	-0.20451513120996478	1.2966097350361259	0.0024678331192640444	-0.2093520841237223	-0.19967817829620726	0.011639212591768006	2.3245061687323106e-4	0.011183609382696472	0.012094815800839539	0.17997292623237388	0.15243666726685856	8.429576712696234e-4	0.1783207291966854	0.18162512326806235
K562_skew	[1.0,1.5)	pELS	0	10769	10745	2135.687	2288.9356390000007	10751	-826.0999992158036	24989.985066925245	462	2023	1652	trained	-0.07683936370717176	2.318744936616466	0.01468595044307234	-0.10562382657559355	-0.04805490083874997	0.04297274672123524	0.001955844299541909	0.039139291894133094	0.04680620154833738	0.19876100511865982	0.17353353911589217	0.004018726975900497	0.19088430024589484	0.2066377099914248
K562_skew	[1.0,1.5)	pELS	1	5190	5187	845.579	597.711763	5184	1573.9319981840677	18275.93048207494	540	1556	1564	trained	0.3036134255756303	3.433930850180046	0.02573731727318396	0.25316828372018974	0.3540585674310709	0.10416666666666667	0.0042427309891826335	0.09585091392786871	0.11248241940546463	0.16301889338731443	0.08867458737918396	0.004134675818675696	0.15491492878271007	0.1711228579919188
K562_skew	[1.0,1.5)	pELS	2	3100	3099	439.14799999999997	162.43970000000004	3100	1815.4779981949837	14412.41818115406	467	1223	1401	trained	0.5856380639338657	4.307584756752701	0.037276580716587	0.5125759657293553	0.6587001621383762	0.15064516129032257	0.006424529521374416	0.1380530834284287	0.16323723915221644	0.14170635688931912	0.03234655803252722	0.003230749227650992	0.13537408840312318	0.14803862537551507
K562_skew	[1.0,1.5)	pELS	3	2400	2400	305.628	71.78639000000003	2399	1539.4740028342928	14533.081821470583	402	1072	1250	trained	0.6417148823819478	5.648531460722147	0.048523559555101875	0.5466087056539481	0.7368210591099476	0.16756982075864943	0.007625295651736504	0.15262424128124588	0.18251540023605298	0.12734499999999999	0.013699955122967917	0.002389207951303102	0.12266215241544591	0.13202784758455408
K562_skew	[1.5,Inf)	Other cCREs	0	10776	10771	2200.4900000000002	2675.946395999999	10711	-2445.3629949082388	16709.326239824964	175	421	616	trained	-0.22830389271853596	1.5080336460296504	0.011865621917021481	-0.25156051167589805	-0.20504727376117385	0.016338343758752684	0.0012249317069431972	0.013937477613144018	0.01873920990436135	0.20429765110017642	0.2067215838189946	0.004380915726133017	0.1957110562769557	0.21288424592339714
K562_skew	[1.5,Inf)	Other cCREs	1	492	492	89.95300000000002	98.70874500000004	492	-103.88899885024875	851.2077946764584	11	27	65	trained	-0.21115650172814787	1.688942886173524	0.05859019324302601	-0.32599328048447884	-0.0963197229718169	0.022357723577235773	0.006665323407409818	0.00929368969871253	0.03542175745575901	0.18283130081300816	0.16754077596327396	0.018453455840185568	0.14666252736624447	0.21900007425977186
K562_skew	[1.5,Inf)	PLS	0	460	456	70.86	54.019743999999996	460	135.50100058317184	2063.4848440411665	60	104	138	trained	0.29456739257211273	4.408650691957449	0.09789802471646586	0.10268726412783966	0.4864475210163858	0.13043478260869565	0.015702502576404678	0.09965787755894248	0.16121168765844882	0.15539473684210525	0.09452411636784268	0.014397559823694013	0.127175519587665	0.18361395409654552
K562_skew	[1.5,Inf)	PLS	1	371	370	55.334	30.577670000000005	371	398.30799903604196	2567.9180448119714	85	137	146	trained	1.0736064664044258	5.7845729768277545	0.1248672931871734	0.828866571757566	1.3183463610512858	0.22911051212938005	0.021818837861116373	0.18634558992159195	0.27187543433716815	0.14955135135135136	0.06044009627188164	0.012780908087676167	0.12450077149950607	0.17460193120319664
K562_skew	[1.5,Inf)	PLS	2	286	286	37.90999999999999	13.519902	286	269.6750006172806	1863.4477094202157	62	125	153	trained	0.9429195825779042	5.646196036513942	0.14050602899383066	0.6675277657499961	1.2183113994058123	0.21678321678321677	0.02436524620730189	0.16902733421690508	0.26453909934952846	0.13255244755244752	0.029806451625567425	0.010208739507263314	0.11254331811821143	0.15256157698668363
K562_skew	[1.5,Inf)	PLS	3	403	403	48.905	8.190527000000001	403	309.994998511509	3008.715443124525	86	159	201	trained	0.7692183585893523	6.8911980079566995	0.13076600061945268	0.512916997375225	1.0255197198034796	0.21339950372208435	0.02040897940929831	0.17339790407985967	0.25340110336430904	0.12135235732009926	0.005611417824031212	0.003731502875152782	0.11403861168479981	0.1286661029553987
K562_skew	[1.5,Inf)	dELS	0	30359	30347	6380.8020000000015	7838.339832000001	30309	-4278.427994492347	66453.0063620526	1101	2504	4822	trained	-0.14116031523614594	2.1726627331937083	0.00846662556730475	-0.15775490134806325	-0.12456572912422864	0.03632584380876967	0.0010746997748530389	0.03421943225005772	0.03843225536748163	0.2102613767423469	0.21408764314109535	0.0026560602248291067	0.20505549870168185	0.21546725478301196
K562_skew	[1.5,Inf)	dELS	1	5967	5966	1354.9620000000004	1647.2923580000001	5960	-26.93999472551549	17261.55376738457	374	913	1703	trained	-0.004520133343207297	2.89669944537945	0.02204593833058023	-0.04773017247114455	0.03868990578472995	0.06275167785234899	0.003141353980165561	0.05659462405122449	0.06890873165347348	0.22711397921555487	0.2245702508791506	0.0061352814106982664	0.21508882765058626	0.23913913078052348
K562_skew	[1.5,Inf)	dELS	2	1264	1263	244.82	235.7472359999999	1263	303.63499798078567	4807.787247311217	120	270	527	trained	0.2404077577045017	3.7518154027623174	0.054502830327128056	0.13358221026333073	0.3472333051456727	0.09501187648456057	0.008251040377379055	0.07883983734489762	0.11118391562422351	0.19384006334125098	0.14920072241901333	0.010868854819269332	0.1725371078954831	0.21514301878701886
K562_skew	[1.5,Inf)	dELS	3	488	488	77.403	51.22474500000001	488	136.52000238141045	2560.3874355058724	61	116	236	trained	0.2797541032405952	5.179046005472808	0.10301844102655912	0.0778379588285393	0.4816702476526511	0.125	0.014970941799387764	0.09565695407319999	0.1543430459268	0.1586127049180328	0.07997463203537888	0.012801657810434106	0.13352145560958195	0.18370395422648367
K562_skew	[1.5,Inf)	non-cCRE	0	68402	68367	10498.374999999996	8861.733853000002	67940	-19876.644980281824	104260.69438760329	752	3280	1135	trained	-0.29256174536770424	1.4490285173481774	0.0046182314558952595	-0.30161347902125896	-0.2835100117141495	0.0110685899322932	4.0138992120275615e-4	0.010281865686735798	0.011855314177850601	0.15355910015065743	0.10604120227826469	0.0012454149077418555	0.1511180869314834	0.15600011336983147
K562_skew	[1.5,Inf)	pELS	0	3744	3706	700.778	774.1513100000004	3736	-218.2559992447497	8465.469038901305	177	726	617	trained	-0.058419700011977965	2.2631107333064557	0.02461214519150763	-0.10665950458733292	-0.01017989543662301	0.04737687366167023	0.003475684329568868	0.04056453237571525	0.054189214947625214	0.18909282245008097	0.17318197572714647	0.006835946221750623	0.17569436785544976	0.20249127704471218
K562_skew	[1.5,Inf)	pELS	1	1864	1863	292.768	201.95078599999997	1861	728.7790025483118	6613.990370426034	214	553	581	trained	0.391606127108174	3.402470993398028	0.042758654351796106	0.30779916457865364	0.47541308963769435	0.11499193981730252	0.007394931008342056	0.10049787504095209	0.12948600459365295	0.15714868491680084	0.08375009657050377	0.006704806223936586	0.14400726471788514	0.17029010511571654
K562_skew	[1.5,Inf)	pELS	2	1175	1175	160.991	50.53171299999999	1175	659.3740032995117	4777.071412726245	151	495	567	trained	0.5611693645102228	3.753876424463456	0.05652245966296829	0.45038534357080495	0.6719533854496407	0.12851063829787235	0.00976296319432482	0.10937523043699571	0.147646046158749	0.1370136170212766	0.024253623323788453	0.0045432787227024036	0.12810879072477988	0.14591844331777332
K562_skew	[1.5,Inf)	pELS	3	801	801	104.133	29.035577000000004	801	424.57600204553455	3661.6173091794594	118	351	407	trained	0.5300574307684576	4.295709555461575	0.07323205089118975	0.3865226110217257	0.6735922505151895	0.14731585518102372	0.012522832779192361	0.12277110293380669	0.17186060742824075	0.13000374531835204	0.01937237123595506	0.004917848361256519	0.12036476253028927	0.13964272810641482
SKNSH_skew	(-Inf,-1.5)	Other cCREs	0	16455	16448	14058.338	30866.841372000003	16343	-6294.53799624229	32506.164891283497	262	590	2124	trained	-0.3851519302601903	1.840766823640599	0.010612885990960485	-0.40595318680247283	-0.36435067371790775	0.016031328397479044	9.824478364205789e-4	0.01410573063809471	0.017956926156863378	0.8547141293774319	1.1461653339719304	0.008347704860206686	0.8383526278514267	0.871075630903437
SKNSH_skew	(-Inf,-1.5)	Other cCREs	1	847	847	723.6810000000002	1488.2724930000002	840	-252.2810015669092	1924.5521993151353	23	43	311	trained	-0.3003345256748919	2.2035560242821823	0.0512179751775518	-0.4007217570228934	-0.19994729432689035	0.02738095238095238	0.00563061738850998	0.01634494229947282	0.03841696246243194	0.8544049586776862	1.028316617138503	0.03484349588652744	0.7861117067400925	0.9226982106152799
SKNSH_skew	(-Inf,-1.5)	Other cCREs	2	92	92	63.778999999999996	114.11699500000002	92	-38.933000763878276	313.9484951483938	3	11	41	trained	-0.4231847909117204	3.268930124841386	0.18849893682209068	-0.7926427070830182	-0.05372687474042265	0.03260869565217391	0.018517139128983992	-0.0036848970406347104	0.06890228834498253	0.6932499999999999	0.7681560796703298	0.09137572218654297	0.51415358451437565	0.8723464154856242
SKNSH_skew	(-Inf,-1.5)	PLS	0	1034	1033	811.774	1588.764326	1032	655.5960010294804	7187.295230182774	150	187	354	trained	0.6352674428580236	6.567232235752502	0.0797721575969157	0.4789140139680689	0.7916208717479783	0.14534883720930233	0.010971357738721932	0.12384497604140735	0.16685269837719732	0.7858412391093901	0.9213554650806336	0.029865063834389704	0.7273057139939862	0.8443767642247939
SKNSH_skew	(-Inf,-1.5)	PLS	1	696	696	356.48199999999997	554.6689880000001	696	1162.3069984721951	9345.896206148616	208	219	429	trained	1.6699813196439586	10.65448234677498	0.12372616655883008	1.4274780331886516	1.9124846060992655	0.2988505747126437	0.017351128218086244	0.2648423634051947	0.3328587860200927	0.5121867816091954	0.5353721147027208	0.02773468601734876	0.4578267970151918	0.566546766203199
SKNSH_skew	(-Inf,-1.5)	PLS	2	614	614	191.37199999999999	208.68929399999996	614	1618.6849988970205	10940.570978771146	281	263	421	trained	2.636294786477232	10.886199274437239	0.13315391937532964	2.3753131045015863	2.897276468452878	0.4576547231270358	0.020105863047146368	0.41824723155462895	0.4970622146994427	0.31168078175895764	0.2431359207719816	0.019899418123356737	0.27267792223717846	0.3506836412807368
SKNSH_skew	(-Inf,-1.5)	PLS	3	3838	3838	748.9669999999999	319.5622490000001	3833	15972.860996459141	109845.81687122212	2568	1787	2785	trained	4.167195668264842	11.295349612990899	0.05428507338131103	4.060796924437472	4.273594412092212	0.669971301852335	0.007595118314687009	0.6550848699555485	0.6848577337491215	0.19514512767066178	0.04519285591969967	0.0034314873981030726	0.18841941237037976	0.2018708429709438
SKNSH_skew	(-Inf,-1.5)	dELS	0	40617	40615	33996.47099999998	73803.45725899997	40554	-6735.290997572245	121562.92394047252	2052	3204	14187	trained	-0.1660820387032659	2.970046928225679	0.00855785270561763	-0.18285543000627646	-0.14930864740025535	0.05059920106524634	0.0010883780582917864	0.04846598007099444	0.05273242205949824	0.837042250400098	1.116535546055506	0.005243159243155123	0.826765658283514	0.8473188425166821
SKNSH_skew	(-Inf,-1.5)	dELS	1	8839	8838	6327.055000000002	12515.121166999996	8830	2026.0159977810697	37792.53061623463	895	1284	4892	trained	0.22944688536591956	4.227847724073195	0.021881612183833	0.18655892548560687	0.27233484524623225	0.10135900339750849	0.0032117662331030664	0.09506394158062648	0.1076540652143905	0.7158921701742478	0.9036587113543249	0.010111724329927812	0.6960731904875893	0.7357111498609062
SKNSH_skew	(-Inf,-1.5)	dELS	2	2426	2426	1261.8819999999998	2139.401322	2418	2106.065999402665	18541.214742498505	467	445	1600	trained	0.8709950369738069	6.912222469788789	0.0534663707366343	0.7662009503300037	0.97578912361761	0.19313482216708022	0.008027912498744499	0.177400113669541	0.20886953066461944	0.520149216817807	0.6115605723643349	0.01587721555466529	0.48902987433066303	0.551268559304951
SKNSH_skew	(-Inf,-1.5)	dELS	3	1162	1162	460.4269999999999	584.7824029999999	1162	1161.4889968174978	9572.753099295045	274	262	786	trained	0.9995602382250411	7.245284135176902	0.07896318307644139	0.844792399395216	1.1543280770548663	0.23580034423407917	0.012452959400988116	0.21139254380814246	0.26020814466001585	0.39623666092943194	0.34654982421898745	0.01726950054488249	0.36238843986146224	0.43008488199740164
SKNSH_skew	(-Inf,-1.5)	non-cCRE	0	78388	78356	77768.39600000001	175436.839522	77620	-36795.5119668562	154960.91288460593	749	2988	1900	trained	-0.4740467916369002	1.7717069079746013	0.0047775926735517315	-0.4834108732770616	-0.46468270999673883	0.00964957485184231	3.5088250644526225e-4	0.008961845139209595	0.010337304564475024	0.9925008423094595	1.2539294363722084	0.004000372379758477	0.9846601124451329	1.000341572173786
SKNSH_skew	(-Inf,-1.5)	pELS	0	3810	3810	3106.918	6500.003137999999	3806	-18.932001531590256	13177.806650602219	245	615	1374	trained	-0.004974251584758344	3.4632621492939806	0.03016534462101447	-0.0640983270419467	0.05414982387243002	0.06437204414083027	0.003978009840301134	0.05657514485384005	0.07216894342782049	0.8154640419947506	1.0413292800141118	0.016532234321387028	0.7830608627248321	0.8478672212646692
SKNSH_skew	(-Inf,-1.5)	pELS	1	1518	1518	902.5080000000002	1587.4302180000004	1518	979.684998773504	9365.95783298162	230	480	797	trained	0.6453787870708195	5.757211546975411	0.061584328181656	0.5246735038347737	0.7660840703068653	0.15151515151515152	0.009202677274724033	0.1334779040566924	0.16955239897361063	0.5945375494071147	0.6927193957545709	0.021362043157171575	0.5526679448190583	0.636407153995171
SKNSH_skew	(-Inf,-1.5)	pELS	2	894	894	304.21599999999995	382.546252	894	1577.3859947029268	11107.32230602045	293	359	547	trained	1.7644138643209473	9.321568407145483	0.10211175396995417	1.5642748265398372	1.9645529021020574	0.3277404921700224	0.01569873895825359	0.29697096381184535	0.3585100205281994	0.3402863534675615	0.3124587891304729	0.018695092284806775	0.30364397258934017	0.3769287343457828
SKNSH_skew	(-Inf,-1.5)	pELS	3	1304	1304	292.423	188.3298969999999	1304	3869.4050073360563	26521.302603033982	626	523	925	trained	2.9673351283251965	11.542195854987174	0.09408175800550998	2.782934882634397	3.151735374015996	0.48006134969325154	0.013835205887549279	0.452944346153655	0.5071783532328481	0.22425076687116566	0.0942086070600407	0.008499756720627194	0.20759124369873636	0.24091029004359496
SKNSH_skew	[-0.05,0.05)	Other cCREs	0	17170207	17158042	3902903.8329999996	4963853.249283001	17097914	-176105.4926644949	26285618.273636796	520397	489133	579812	trained	-0.010299823280459528	1.537252202545634	2.9984789050349327e-4	-0.010887525145846375	-0.009712121415072682	0.03043628597032363	4.154439517215077e-5	0.030354858955786216	0.030517712984861046	0.22746790298100444	0.23756021441223776	1.1766654212679399e-4	0.22723727655843592	0.22769852940357296
SKNSH_skew	[-0.05,0.05)	Other cCREs	1	360138	360033	85385.35100000001	106399.00440499999	359395	-17535.94797865313	663630.711939961	11947	20770	34841	trained	-0.048792965897280514	1.8441462045227857	0.0022652266331312384	-0.053232810098217745	-0.044353121696343284	0.03324197609872146	2.9903105545201673e-4	0.032655875230035505	0.03382807696740742	0.23715979090805567	0.23928159834467225	8.152362748999743e-4	0.23556192780925173	0.2387576540068596
SKNSH_skew	[-0.05,0.05)	Other cCREs	2	66274	66263	12697.586000000003	11676.984339999999	66032	-8733.453999232152	123560.43713403313	1659	4816	12794	trained	-0.13226093408093276	1.8537556958147208	0.005298452233607903	-0.14264590045880424	-0.12187596770306126	0.02512418221468379	6.090365972019992e-4	0.02393047048416787	0.02631789394519971	0.19162407376665716	0.13950410768883412	0.0014509683879807614	0.18878017572621486	0.19446797180709946
SKNSH_skew	[-0.05,0.05)	Other cCREs	3	50909	50896	8754.210000000003	6060.144502000001	50876	-10954.827005910805	109331.91577012636	1336	4983	13331	trained	-0.215324062542472	2.102664922157517	0.006428779874297599	-0.2279244710960953	-0.2027236539888487	0.026259926094818774	7.089437729604962e-4	0.024870396299816203	0.027649455889821345	0.17200192549512738	0.08948626634858634	0.001325978151912092	0.16940300831737967	0.1746008426728751
SKNSH_skew	[-0.05,0.05)	PLS	0	265105	260803	62885.205	76691.38470699999	264683	61115.79689839529	878778.1427840356	22595	50640	34171	trained	0.23090185957691006	3.266812218551588	0.0035131691578483763	0.22401604802752725	0.23778767112629287	0.08536626832852884	5.431299244354996e-4	0.08430173367663527	0.08643080298042241	0.24112147866397243	0.23592001246659516	9.51099820852371e-4	0.23925732301510177	0.2429856343128431
SKNSH_skew	[-0.05,0.05)	PLS	1	129010	128789	26371.596	22513.903099999996	128983	59563.57199351758	594995.063064312	17131	40813	38235	trained	0.46179397279887724	4.3997531788880115	0.005840471646388054	0.45034664837195665	0.47324129722579783	0.132815952489863	9.449623899274562e-4	0.13096382620560518	0.13466807877412082	0.2047659039203659	0.13288427032982336	0.0010157747254128785	0.20277498545855666	0.20675682238217513
SKNSH_skew	[-0.05,0.05)	PLS	2	89480	89433	16290.459999999997	9348.190953999996	89386	36204.897991284146	431690.5640657339	11977	35490	39969	trained	0.40503991666798095	4.665504673047731	0.007224612576736454	0.3908796760175775	0.4192001573183844	0.13399190029758576	0.001139371884873122	0.13175873140323444	0.13622506919193708	0.1821526729507005	0.07134851195772798	8.931893998418766e-4	0.18040202172701042	0.1839033241743906
SKNSH_skew	[-0.05,0.05)	PLS	3	239831	239766	37400.32399999999	13890.106263999998	239738	29886.57398562609	1406575.4463095183	29268	103587	122730	trained	0.12466348257525336	5.851619407576749	0.0049404851341734515	0.11498013171227339	0.13434683343823334	0.12208327424104648	6.686306901221472e-4	0.12077275808840707	0.12339379039368589	0.15598677043450696	0.03360019398175638	3.7434935857234375e-4	0.15525304569170517	0.15672049517730874
SKNSH_skew	[-0.05,0.05)	dELS	0	36435070	36424742	8422154.478999997	10673619.656166995	36387492	2631523.093597332	78258177.47546503	1797192	2189257	2971198	trained	0.07231944135081725	2.1454589214583195	2.428197682782603e-4	0.07184351460499186	0.07279536809664264	0.049390378430038545	3.592081801945794e-5	0.04931997362672041	0.04946078323335668	0.2312207037458219	0.23956912062810795	8.109931336240295e-5	0.2310617490916316	0.2313796584000122
SKNSH_skew	[-0.05,0.05)	dELS	1	3524488	3523874	855498.152	1056542.7492940002	3520937	350421.1623826404	9384346.694906952	217542	433057	613331	trained	0.0995249737165534	2.655393633377913	8.684310195635771e-4	0.09782284891820879	0.10122709851489801	0.06178525773110965	1.2831115979347832e-4	0.06153376785791443	0.062036747604304866	0.24277206052202774	0.24088600813938904	2.614541873414428e-4	0.2422596103148385	0.24328451072921697
SKNSH_skew	[-0.05,0.05)	dELS	2	571229	571083	127196.33	133866.26258	570562	51225.67886865755	1896284.2493836128	40162	102492	159497	trained	0.08978109104472004	3.3154827477610254	0.0024105823049881095	0.08505634972694334	0.09450583236249674	0.07039024680928628	3.3865317984467616e-4	0.06972648657679072	0.07105400704178184	0.22272827242274765	0.18480015784175705	5.68854964719891e-4	0.22161331669189666	0.22384322815359864
SKNSH_skew	[-0.05,0.05)	dELS	3	359479	359419	66606.84200000003	50462.267488	359310	-27736.736066915793	1387084.252156227	22208	68058	123848	trained	-0.0771944450945306	3.854462677547203	0.0032752712290858095	-0.08361397670353879	-0.07077491348552242	0.06180735298210459	4.017273801699463e-4	0.06101996731697149	0.06259473864723768	0.1853180883592688	0.10605705573152188	5.432118901140619e-4	0.18425339305464525	0.18638278366389235
SKNSH_skew	[-0.05,0.05)	non-cCRE	0	273884378	273753758	59538225.78700004	73169139.36130302	270813641	-24663957.176988177	302122585.7116424	3839602	5827622	917578	trained	-0.09107354077850228	1.1073162777248764	6.39441139664365e-5	-0.0911988712418765	-0.09094821031512806	0.014178022886225291	7.184090858803106e-6	0.014163942068142038	0.014192103704308545	0.21748825010467998	0.21997972002463165	2.834727243797249e-5	0.21743268945070154	0.21754381075865842
SKNSH_skew	[-0.05,0.05)	pELS	0	4055964	4050671	916874.9109999997	1093342.306153	4051628	147212.77800041257	8195619.300346822	175109	633202	302988	trained	0.0363342286114156	2.02147691226671	7.063494492364483e-4	0.034949783690912166	0.03771867353191904	0.04321941698497493	1.010254623544893e-4	0.043021407078760135	0.04341742689118973	0.22635136524294364	0.21868145721353446	2.32349902319753e-4	0.22589595943439691	0.22680677105149036
SKNSH_skew	[-0.05,0.05)	pELS	1	997825	997404	195405.2990000001	175680.7294209999	996941	131458.59895945634	2532827.699369898	63502	295743	178291	trained	0.1318619647095027	2.52321434613231	0.0015908980301059161	0.1287438045704951	0.1349801248485103	0.0636968486600511	2.4458650276275155e-4	0.06321745911463611	0.06417623820546609	0.19591389146223606	0.13775586887303137	3.716374764356976e-4	0.1951854820084221	0.19664230091605003
SKNSH_skew	[-0.05,0.05)	pELS	2	407236	407175	67149.602	37114.615218000006	407016	91015.20201481122	1249594.1159010825	33971	158813	133710	trained	0.22361578418246758	3.020138521012776	0.0027240036827392146	0.21827673696429872	0.22895483140063644	0.08346354934449751	4.335284016079878e-4	0.08261383367734586	0.08431326501164917	0.16491582734696383	0.06395443483167067	3.963188966597783e-4	0.16413904230951068	0.165692612384417
SKNSH_skew	[-0.05,0.05)	pELS	3	280815	280715	42141.89599999998	16606.381233999997	280678	59633.304002681856	1338694.7329467142	28650	115893	119418	trained	0.21246162507457605	4.724380495265868	0.004102685696579382	0.20442036110928047	0.22050288903987164	0.1020742630345093	5.714446219524043e-4	0.10095423157548258	0.10319429449353601	0.15012342055109268	0.03662053071087153	3.6118483472659336e-4	0.14941549827502856	0.1508313428271568
SKNSH_skew	[-0.2,-0.05)	Other cCREs	0	4684457	4680129	2493089.4240000006	4916376.034258002	4653658	-645959.7620302793	8085693.730674232	123818	156066	219932	trained	-0.13880688310792913	1.718225058162574	6.076350153539844e-4	-0.13999784773802293	-0.13761591847783533	0.026606596359251153	7.460048108983226e-5	0.026460379416315082	0.026752813302187223	0.532696732077257	0.7667130995812148	4.0475062661434467e-4	0.5319034208490929	0.533490043305421
SKNSH_skew	[-0.2,-0.05)	Other cCREs	1	136221	136163	71237.86999999998	130249.574038	135875	-26702.052966947675	291057.2308873019	3994	8813	18492	trained	-0.1965192490667722	2.1034912013313525	0.003934599852432112	-0.20423106477753913	-0.18880743335600528	0.029394664213431464	4.5823241797262476e-4	0.02849652867420512	0.03029279975265781	0.5231808200465617	0.6828578222487159	0.0022394201862462105	0.5187915564815192	0.5275700836116043
SKNSH_skew	[-0.2,-0.05)	Other cCREs	2	24952	24947	9605.254999999996	14547.854146999998	24830	-4041.570995067479	58941.2330478125	864	2015	6968	trained	-0.162769673583064	2.3473916732926248	0.009723092559901825	-0.18182693500047156	-0.14371241216565642	0.03479661699556987	0.001163026390183096	0.03251708527081101	0.03707614872032874	0.38502645608690406	0.43492250679623923	0.004175387413781687	0.37684269675589194	0.3932102154179162
SKNSH_skew	[-0.2,-0.05)	Other cCREs	3	20724	20724	6207.877	6910.269308999999	20699	-4034.44699259114	58296.13479163715	870	2228	7445	trained	-0.19491023685159378	2.7785186864791775	0.011585958770172843	-0.21761871604113256	-0.172201757662055	0.042031015991110685	0.0013947166512297512	0.03929737135470037	0.044764660627521	0.2995501351090523	0.24372431187133237	0.003429356499454936	0.29282859637012065	0.306271673847984
SKNSH_skew	[-0.2,-0.05)	PLS	0	116184	115242	56629.28200000003	96741.85836800004	115952	23158.499989607837	453064.4885707784	11116	23887	21401	trained	0.19972488607016556	3.867488506341455	0.0057753112387371195	0.1884052760422408	0.2110444960980903	0.09586725541603422	8.645938145049571e-4	0.09417265153960451	0.09756185929246393	0.49139447423682364	0.5980036802284014	0.0022779623141720756	0.4869296681010464	0.4958592803726009
SKNSH_skew	[-0.2,-0.05)	PLS	1	76323	76255	24737.356999999996	30164.133504999998	76302	48523.08499981708	427699.7632907247	12684	24776	29088	trained	0.6359346412914089	5.201009850945774	0.008256117731707412	0.6197526505372624	0.6521166320455554	0.16623417472674373	0.0013477652049502288	0.1635925549250413	0.16887579452844617	0.3244030817651301	0.29033570251364893	0.001951264122765127	0.32057860408451044	0.3282275594457498
SKNSH_skew	[-0.2,-0.05)	PLS	2	60065	60040	14382.321000000004	11219.454695	60020	39743.60601568956	346343.18325170083	10436	24079	30935	trained	0.6621727093583732	5.332079041247271	0.009425410931645247	0.6436989039323485	0.680646514784398	0.17387537487504165	0.0015470125184392294	0.17084323033890075	0.17690751941118255	0.239545652898068	0.12948637087335574	0.0014685599757203439	0.23666727534565613	0.2424240304504799
SKNSH_skew	[-0.2,-0.05)	PLS	3	177044	177000	31711.351	13758.189984999999	176967	74156.84595756816	1130026.8950903155	28500	76476	98792	trained	0.4190433581264765	6.209961016987378	0.005923771427240983	0.40743276612908413	0.4306539501238688	0.1610469748597196	8.737736898285131e-4	0.15933437842765572	0.1627595712917835	0.17916017514124294	0.045631776370909274	5.077466357971555e-4	0.17816499173508052	0.18015535854740536
SKNSH_skew	[-0.2,-0.05)	dELS	0	11597318	11594233	6331357.360000001	12141711.445894007	11577285	-756497.1812051369	28382658.82106068	544406	805750	1405002	trained	-0.06534322867625154	2.447312068422633	4.5977072361880666e-4	-0.06624437929454441	-0.06444207805795868	0.04702363291566201	6.221509839556084e-5	0.04690169132280671	0.04714557450851731	0.5460781545445914	0.7490186070955704	2.541705866878905e-4	0.5455799801946831	0.5465763288944997
SKNSH_skew	[-0.2,-0.05)	dELS	1	1501876	1501513	799093.6300000004	1405926.089022	1499853	-31104.20910121886	4628749.103635001	95625	201727	363961	trained	-0.020738171741643253	3.0857071625765555	0.0014343429602705494	-0.02354948394377353	-0.017926859539512976	0.063756248112315	1.9949476061357975e-4	0.0633652383815124	0.06414725784311762	0.5321922820515043	0.6531114146936418	6.595216988047852e-4	0.5308996195218468	0.5334849445811617
SKNSH_skew	[-0.2,-0.05)	dELS	2	291698	291603	126966.043	191292.12515899996	291363	17612.430954117674	1089592.9256135798	23276	56999	108640	trained	0.06044841299038544	3.735999485566068	0.003580850616603397	0.053429945781842784	0.0674668801989281	0.07988660193641609	5.022737152095827e-4	0.0789021454546053	0.08087105841822687	0.4354071905981763	0.4664240885693607	0.0012647203072128875	0.43292833879603904	0.43788604240031354
SKNSH_skew	[-0.2,-0.05)	dELS	3	186198	186178	59062.467000000004	66873.21727899999	186108	-2992.840066214442	823983.138224847	14995	37936	82523	trained	-0.01608120051913105	4.427211280411917	0.004877335191114901	-0.02564077749371626	-0.006521623544545845	0.08057149612053216	6.309096567143086e-4	0.07933491319337212	0.0818080790476922	0.3172365531910323	0.2585520436195712	0.0011784463269352093	0.3149267983902393	0.31954630799182526
SKNSH_skew	[-0.2,-0.05)	non-cCRE	0	53541340	53504032	27722423.73	55450851.77570001	52789122	-9423160.390443616	74187208.31979106	819597	1506152	394688	trained	-0.17850572302459616	1.3734860305993386	1.6130205632879267e-4	-0.1788218750550006	-0.17818957099419172	0.015525869136448225	1.7016016403724154e-5	0.015492517744296925	0.015559220528599526	0.5181370953501224	0.7679203772174196	1.1980221298677076e-4	0.5179022830126684	0.5183719076875765
SKNSH_skew	[-0.2,-0.05)	pELS	0	1318777	1317018	673372.2950000002	1197878.201671	1316914	-102963.5019372129	3137764.5173329487	58606	224437	150911	trained	-0.07818544106692836	2.3765535540466165	0.0013433682983181251	-0.08081844293163189	-0.07555243920222483	0.044502526360870945	1.7969185717677305e-4	0.04415033032080447	0.04485472240093742	0.5112855670917179	0.6481257766286035	7.015098796645497e-4	0.5099106077275753	0.5126605264558605
SKNSH_skew	[-0.2,-0.05)	pELS	1	423193	423046	155923.00400000013	216212.205408	422729	58046.119000279934	1311339.2714382298	32897	129153	106478	trained	0.13731283872239647	3.0832327029709017	0.0027006737969903875	0.1320195180802953	0.14260615936449764	0.07782054223864461	4.120252456917984e-4	0.07701297275708868	0.07862811172020054	0.3685722214605507	0.375239791149683	9.418042507515287e-4	0.3667262851290777	0.3704181577920237
SKNSH_skew	[-0.2,-0.05)	pELS	2	206197	206157	50359.56299999998	43334.038893000004	206073	72569.271003661	753167.7593374464	22033	81310	85125	trained	0.3521532224195358	3.530864245044793	0.004139329163141985	0.3440401372597775	0.36026630757929407	0.10691842211255234	6.807086810103993e-4	0.10558423309777196	0.10825261112733273	0.24427772522883034	0.1505283348524517	8.54496101921791e-4	0.24260291286906363	0.24595253758859706
SKNSH_skew	[-0.2,-0.05)	pELS	3	163849	163812	32102.263000000006	18308.918647000002	163809	70241.39403803425	849546.6788364415	21613	68084	82450	trained	0.42880057895496737	5.002363305860082	0.005526099946770793	0.41796942305929663	0.4396317348506381	0.1319402474833495	8.361699923675806e-4	0.13030135429830905	0.13357914066838997	0.19597015481161334	0.07336401827158662	6.692196721166651e-4	0.19465848425426469	0.197281825368962
SKNSH_skew	[-0.5,-0.2)	Other cCREs	0	841993	841091	482950.358	956381.4176960003	835646	-181906.3248137357	1435493.3879683067	17528	31478	63082	trained	-0.2176834745977791	1.670440662161014	0.0014138533240425552	-0.2204546271129025	-0.21491232208265568	0.02097538910016921	1.5676194679595945e-4	0.02066813568444913	0.02128264251588929	0.574195132274629	0.8073733762167078	9.79751008324557e-4	0.5722748202983129	0.5761154442509452
SKNSH_skew	[-0.5,-0.2)	Other cCREs	1	32765	32751	16923.418	30331.751031999996	32637	-4804.476004834052	81310.39887134	1235	2314	7770	trained	-0.14720948631412362	2.469761442169992	0.008699061222396012	-0.1642596463100198	-0.13015932631822744	0.037840487789931675	0.001056201515285203	0.035770332819972675	0.039910642759890674	0.5167298097768007	0.6591424875751667	0.004486186982253558	0.5079368832915837	0.5255227362620177
SKNSH_skew	[-0.5,-0.2)	Other cCREs	2	6791	6782	2568.7759999999994	3775.8430540000004	6734	2339.9110012757596	32091.091431675	751	575	3437	trained	0.34747713116658147	4.645481341120834	0.02626508459935191	0.29599756535185173	0.3989566969813112	0.11152361152361152	0.0038359223024400156	0.10400520381082909	0.11904201923639396	0.3787637864936596	0.41334371473027043	0.007806866922694955	0.36346232732517747	0.39406524566214174
SKNSH_skew	[-0.5,-0.2)	Other cCREs	3	5401	5401	1575.1940000000009	1604.6707840000006	5397	3074.1269939752533	35449.76549235269	880	619	3160	trained	0.5695992206735693	6.245134387014975	0.03401689622302891	0.5029261040764326	0.636272337270706	0.16305354826755605	0.005028491892632434	0.1531977041579965	0.1729093923771156	0.2916485835956306	0.21208660833549342	0.006266420508012739	0.27936639939992564	0.3039307677913356
SKNSH_skew	[-0.5,-0.2)	PLS	0	30582	30489	14577.550999999996	24575.926442999997	30530	13197.253985550953	155054.9162738381	4071	6623	8168	trained	0.43227166673930406	4.892073677392712	0.012658524672519796	0.40746095838116525	0.4570823750974429	0.1333442515558467	0.001945570882135697	0.12953093262686075	0.13715757048483265	0.478124930302732	0.5774742812628076	0.004352058588897077	0.46959489546849376	0.48665496513697026
SKNSH_skew	[-0.5,-0.2)	PLS	1	25987	25965	8062.290000000001	9600.500581999995	25986	28992.842988804336	199111.70889073738	6157	8722	12425	trained	1.115710112707009	6.417706398768593	0.015715210599175102	1.0849082999326258	1.1465119254813922	0.2369352728392211	0.0026377026278414637	0.23176537568865185	0.24210516998979037	0.31050606585788565	0.27334427023165236	0.0032445974603677505	0.30414665483556486	0.31686547688020644
SKNSH_skew	[-0.5,-0.2)	PLS	2	21897	21889	4914.947000000001	3613.6859329999993	21878	27629.725988366874	176785.93079891385	5700	8863	12880	trained	1.2628999903266693	6.48591443595908	0.017217964122019015	1.229152780647512	1.2966472000058267	0.26053569796142245	0.002967484207485136	0.2547194289147516	0.2663519670080933	0.22453958609347166	0.11467862609414514	0.0022889076992264066	0.2200533270029879	0.2290258451839554
SKNSH_skew	[-0.5,-0.2)	PLS	3	75712	75696	12933.916000000003	5208.41973	75679	85600.49701652233	688072.0594639642	19805	32907	45783	trained	1.1310997372655867	7.812698007066414	0.010160447269309023	1.111185260617741	1.1510142139134323	0.26169743257706896	0.001597825058677054	0.25856569546206193	0.264829169692076	0.17086657154935536	0.03961220485332779	7.23399231091996e-4	0.16944870905641504	0.17228443404229568
SKNSH_skew	[-0.5,-0.2)	dELS	0	2179998	2179074	1246880.1650000005	2408142.3504609996	2175014	-230794.22604769963	5544877.918368047	101095	167406	407167	trained	-0.10611160482079639	2.538094242498207	0.00108024643962364	-0.10822888784245872	-0.10399432179913405	0.04648016058747208	1.4274721646658783e-4	0.046200376043197565	0.04675994513174659	0.5722064349352066	0.7777020303839877	5.974074400516483e-4	0.5710355163527054	0.5733773535177078
SKNSH_skew	[-0.5,-0.2)	dELS	1	355517	355430	186625.098	326899.8380399998	354898	13349.359988300017	1195949.1062300105	25987	50187	122131	trained	0.03761463853924231	3.368433587433313	0.003080790870300356	0.031576288433453614	0.043652988645031005	0.07322385586844671	4.372823460746102e-4	0.07236678247014047	0.07408092926675294	0.5250685029401008	0.644035453556379	0.0013461016202147998	0.5224301437644797	0.5277068621157218
SKNSH_skew	[-0.5,-0.2)	dELS	2	84889	84858	35704.257	52958.95729700001	84772	25277.02795520984	398512.79126777814	9654	17098	42369	trained	0.29817661439166043	4.612140621795311	0.0073760704383205485	0.28371951633255216	0.3126337124507687	0.11388194215071014	0.0010910559229364092	0.11174347254175478	0.1160204117596655	0.42075298734356215	0.4470613444190546	0.0022952878830519627	0.4162542230927803	0.425251751594344
SKNSH_skew	[-0.5,-0.2)	dELS	3	56133	56124	16890.767	18140.793258999995	56099	32509.479945802013	386296.03530415735	9400	11773	33099	trained	0.5795019509403379	6.550264327632167	0.010805673800296012	0.5583228302917577	0.600681071588918	0.16756091908946683	0.0015768305937970731	0.16447033112562456	0.1706515070533091	0.300954440168199	0.23265759015917725	0.0020360306182577296	0.29696382015641387	0.30494506017998413
SKNSH_skew	[-0.5,-0.2)	non-cCRE	0	6578404	6566660	4330229.148000001	8756771.892153999	6487333	-2003378.0764236492	10194804.959266283	79541	241083	91853	trained	-0.30881381862525775	1.476128264336675	4.770116132305625e-4	-0.30974876138718965	-0.30787887586332585	0.01226097072556627	4.320663454415098e-5	0.012176285721859734	0.012345655729272806	0.6594264280471352	0.8986768389317564	3.6993848122712623e-4	0.65870134862393	0.6601515074703405
SKNSH_skew	[-0.5,-0.2)	pELS	0	248764	248400	133714.24700000003	239007.78553100003	248337	-18198.945007115726	654572.5950446678	12548	44582	44007	trained	-0.07328326027581765	2.6304640367122207	0.0032545838803816965	-0.07966224468136578	-0.06690427587026952	0.0505281130077274	4.3952833684686167e-4	0.04966663746750755	0.05138958854794725	0.5383021215781	0.6724226856214474	0.0016453010796199034	0.535077331462045	0.541526911694155
SKNSH_skew	[-0.5,-0.2)	pELS	1	96354	96291	34827.850999999995	47785.89238499999	96234	29718.95503125364	373880.2341882325	10220	29540	33725	trained	0.30881970022293204	3.78978557672048	0.006275423654591346	0.296519869859933	0.32111953058593107	0.10619947212004073	9.931554119852364e-4	0.10425288751254967	0.10814605672753179	0.36169373046286774	0.36544684840383296	0.0019481359557400664	0.3578753839896172	0.36551207693611826
SKNSH_skew	[-0.5,-0.2)	pELS	2	54393	54383	13085.532999999996	11324.030519000007	54344	37464.28301034379	286299.3618278803	8792	21430	27718	trained	0.6893913405406997	4.793106923448894	0.009391452317270968	0.6709840939988486	0.7077985870825508	0.16178418960694832	0.0015796837921765656	0.15868800937428226	0.16488036983961438	0.24061807917915518	0.1503331010905182	0.0016626304397643443	0.23735932351721706	0.2438768348410933
SKNSH_skew	[-0.5,-0.2)	pELS	3	53771	53762	10102.425999999998	5260.300222	53759	52224.01900481095	401537.0999655686	11500	22525	31805	trained	0.9714469950112716	6.5256191382851565	0.011017556103806073	0.9498525850478118	0.9930414049747315	0.21391766959950892	0.0017686086947664504	0.21045119655776667	0.21738414264125117	0.18791015959227703	0.06253514146073978	0.001078510456380707	0.18579627909777083	0.19002404008678322
SKNSH_skew	[-1.0,-0.5)	Other cCREs	0	214613	214476	143650.87200000006	295406.713902	213115	-57114.68093588914	368635.8673615563	3811	8076	22205	trained	-0.2679993474691558	1.6579350495032186	0.0027891813153229994	-0.2734661428471889	-0.26253255209112275	0.017882363981887712	2.870696044414691e-4	0.017319707557182432	0.01844502040659299	0.6697759749342587	0.9287460592518642	0.0020809380018332077	0.6656973364506655	0.6738546134178518
SKNSH_skew	[-1.0,-0.5)	Other cCREs	1	9840	9839	5717.447999999999	10646.183802	9813	-1048.0449960639246	27251.55564652736	454	706	2920	trained	-0.10680169123243907	2.765962359198944	0.0167888996558994	-0.1397079345580019	-0.07389544790687624	0.04626515846326302	0.002120508178443275	0.0421089624335142	0.05042135449301184	0.5811005183453603	0.7444370609460619	0.008698382727495816	0.5640516881994685	0.598149348491252
SKNSH_skew	[-1.0,-0.5)	Other cCREs	2	2124	2117	865.4	1279.4060520000005	2110	1661.5339954404633	16843.296942934136	385	147	1350	trained	0.7874568698769968	7.366007863295575	0.05908467641735778	0.6716509040989755	0.9032628356550181	0.18246445497630331	0.008408165114384953	0.16598445135210882	0.1989444586004978	0.40878601794992914	0.43744925901045933	0.014374853046184992	0.38061130597940657	0.4369607299204517
SKNSH_skew	[-1.0,-0.5)	Other cCREs	3	1788	1788	579.8360000000002	621.6825360000003	1787	2866.2170030032285	22601.19094292194	550	172	1321	trained	1.6039266944617954	10.080620929274792	0.07510716436115968	1.4567166523139223	1.7511367366096684	0.30777839955232233	0.010918911998898705	0.2863773320344809	0.32917946707016377	0.32429306487695764	0.24266689559821183	0.011649881555941086	0.3014592970273131	0.34712683272660216
SKNSH_skew	[-1.0,-0.5)	PLS	0	9679	9669	5238.062999999998	9237.509912999996	9663	6571.953990463051	64185.89748395001	1604	1989	3127	trained	0.6801152841211892	6.180522782911908	0.025290453443614226	0.6305459953717053	0.729684572870673	0.16599399772327433	0.0037850776253520887	0.15857524557758423	0.17341274986896443	0.5417378219050573	0.6619624609410972	0.00827419783876185	0.525520394141084	0.5579552496690305
SKNSH_skew	[-1.0,-0.5)	PLS	1	8279	8273	3007.3189999999995	3973.9671290000006	8277	13272.870990976344	92794.87856307514	2543	2865	4444	trained	1.603584751839597	8.640732845433948	0.03231013787834657	1.5402568815980375	1.6669126220811563	0.30723692158994803	0.005070988102301297	0.2972977849094375	0.3171760582704586	0.3635100930738546	0.3482563248799842	0.0064881068600432315	0.3507934036281699	0.37622678251953934
SKNSH_skew	[-1.0,-0.5)	PLS	2	6923	6921	1632.4989999999998	1315.1899069999997	6912	14179.9619870733	90039.59029458617	2641	2870	4363	trained	2.051499130074262	8.819188339403732	0.035720081731686504	1.9814877698801567	2.121510490268368	0.38208912037037035	0.005844446562577596	0.37063400510771827	0.39354423563302243	0.23587617396330007	0.13441073538744022	0.0044068934878746585	0.22723866272706575	0.2445136851995344
SKNSH_skew	[-1.0,-0.5)	PLS	3	27859	27859	4693.773	1890.7882829999996	27848	59959.800009432016	395010.65486804047	11302	12382	18319	trained	2.153109738919564	9.54898644464621	0.018517469298677307	2.1168154990941566	2.1894039787449713	0.40584602125825914	0.0029426129781701597	0.4000784998210456	0.4116135426954727	0.1684831831724039	0.039484760818124624	0.0011905071118009617	0.16614978923327403	0.17081657711153378
SKNSH_skew	[-1.0,-0.5)	dELS	0	551161	551048	362986.34000000014	727705.8621540002	549957	-70409.82401784488	1502637.8814929733	26851	43578	140538	trained	-0.1280278713023834	2.7158962928037753	0.0022222464649808244	-0.1323834743737458	-0.123672268231021	0.048823817134794174	2.9059088100178847e-4	0.04825425900803067	0.04939337526155768	0.6587200026132027	0.8866748196082063	0.0012684912399605135	0.6562337597828801	0.6612062454435254
SKNSH_skew	[-1.0,-0.5)	dELS	1	104312	104285	61093.83000000001	110701.18034800002	104130	9813.799958200663	405379.84825164377	8943	14762	44590	trained	0.09424565406895864	3.884171943029139	0.0061074692523724675	0.0822750143343086	0.10621629380360868	0.08588303082685105	8.682936650812205e-4	0.08418117524329186	0.08758488641041023	0.5858352591456106	0.7183293757216077	0.0026245260683027934	0.5806911880517371	0.5909793302394841
SKNSH_skew	[-1.0,-0.5)	dELS	2	27645	27644	12979.898000000005	20086.189698	27615	15554.507984851025	171210.34105789653	4247	5544	16024	trained	0.5632630086855341	5.882851527910703	0.014595582097436765	0.5346556677745581	0.5918703495965102	0.15379322831794315	0.0021708725698902104	0.14953831808095833	0.15804813855492797	0.46953762118362047	0.5061548771071868	0.004278989992704028	0.4611508007979206	0.47792444156932035
SKNSH_skew	[-1.0,-0.5)	dELS	3	18722	18720	6031.010999999997	6621.995964999999	18711	24677.783986719674	211431.3141273959	5107	3857	12969	trained	1.3188917741820145	9.560875885744023	0.0226047829251264	1.2745863996487667	1.3631971487152623	0.2729410507188285	0.003256647420447423	0.2665580217747516	0.27932407966290546	0.32216939102564085	0.24995933670928247	0.003654111201149693	0.31500733307138745	0.32933144897989425
SKNSH_skew	[-1.0,-0.5)	non-cCRE	0	1222286	1220503	965227.591	2052359.711795	1207474	-442305.6943390966	2052872.577895855	13744	51829	24614	trained	-0.3663065990150484	1.565958893720614	0.0011388100334065107	-0.36853866668052515	-0.3640745313495717	0.011382439704705857	9.653681036337349e-5	0.011193227556393645	0.01157165185301807	0.79084409542623	1.0561352383774592	9.302299990881436e-4	0.7890208446280172	0.7926673462244428
SKNSH_skew	[-1.0,-0.5)	pELS	0	59375	59285	36991.212000000014	69003.62207200001	59259	-4034.4779978791457	179410.86790968443	3443	10635	14279	trained	-0.06808211407345965	3.0229874804820605	0.007142348137385126	-0.0820811164227345	-0.05408311172418481	0.05810087919134646	9.60984512820443e-4	0.05621734954621839	0.05998440883647453	0.6239556717550816	0.7746229259075867	0.0036147041778625266	0.616870851566471	0.6310404919436922
SKNSH_skew	[-1.0,-0.5)	pELS	1	24810	24799	10705.015999999996	16003.216744	24775	10630.155002843821	122151.08318544534	3184	7505	10251	trained	0.42906781040741965	4.746509479861293	0.013841410367557195	0.4019386460870075	0.45619697472783177	0.12851664984863773	0.002126191675693637	0.1243493141642782	0.13268398553299726	0.43167127706762354	0.45899543577105645	0.004302165360633614	0.42323903296078164	0.44010352117446544
SKNSH_skew	[-1.0,-0.5)	pELS	2	14318	14315	3892.0569999999993	3848.3192689999996	14287	13856.498998466996	99342.54915686995	2965	5623	8044	trained	0.9698676418049272	6.013130277863253	0.02051539032382312	0.9296574767702339	1.0100778068396206	0.2075313221810037	0.00339283201128813	0.20088137143887896	0.21418127292312844	0.27188662242403067	0.19492252598771792	0.0036900762404977285	0.26465407299265514	0.2791191718554062
SKNSH_skew	[-1.0,-0.5)	pELS	3	16558	16557	3161.7989999999995	1708.1957449999995	16554	26305.01399868657	183656.52198774973	5105	7199	10678	trained	1.5890427690399038	8.569850160311931	0.0227528151678339	1.5444472513109493	1.6336382867688584	0.30838468043977285	0.0035894443507653484	0.30134936951227276	0.31541999136727294	0.19096448631998547	0.06670720120306571	0.002007222587040504	0.18703033004938607	0.19489864259058487
SKNSH_skew	[-1.5,-1.0)	Other cCREs	0	44746	44734	31747.301999999992	67430.362252	44346	-12226.692990025505	74688.3258852575	726	1763	5520	trained	-0.2757112927891017	1.6082374237105	0.006022098512448101	-0.28751460587350003	-0.2639079797047034	0.016371262346096604	6.026004643269012e-4	0.015190165436015878	0.01755235925617733	0.7096906603478337	1.0037242870220624	0.004736836010852224	0.7004064617665633	0.7189748589291041
SKNSH_skew	[-1.5,-1.0)	Other cCREs	1	2183	2183	1540.906	3104.9691300000004	2177	-482.81999959447427	4887.731153775645	65	142	696	trained	-0.22178226899149026	2.196989999426062	0.0317676307077452	-0.28404682517867086	-0.15951771280430965	0.029857602204869087	0.003647673782260922	0.02270816159163768	0.037007042818100494	0.7058662391204764	0.9245167767836039	0.020579296784723602	0.6655308174224182	0.7462016608185347
SKNSH_skew	[-1.5,-1.0)	Other cCREs	2	280	280	115.97800000000002	185.810858	276	30.924999677576164	851.5194738901106	20	25	141	trained	0.11204710028107305	3.0838342449092546	0.10570389056962506	-0.09513252523539208	0.3192267257975382	0.07246376811594203	0.015605272523425088	0.04187743397002886	0.10305010226185521	0.41420714285714294	0.49380624367639514	0.04199516314310134	0.33189662309666434	0.49651766261762154
SKNSH_skew	[-1.5,-1.0)	Other cCREs	3	129	129	48.43800000000001	58.91054600000001	129	61.34200011915527	475.5077364007815	13	15	88	trained	0.47551938076864553	3.4870189569453953	0.16441154066854025	0.15327276105830667	0.7977660004789844	0.10077519379844961	0.026504285760405994	0.048826793708053866	0.15272359388884535	0.3754883720930233	0.3181456268168605	0.04966130454511791	0.2781522151845922	0.47282452900145444
SKNSH_skew	[-1.5,-1.0)	PLS	0	2430	2427	1566.7220000000002	2959.7262539999997	2425	2090.793998027221	18371.28456092	466	467	878	trained	0.862183091969988	6.835246422041501	0.05309103802307532	0.7581246574447603	0.9662415264952157	0.19216494845360824	0.008000968524862947	0.17648305014487686	0.2078468467623396	0.6455385249278947	0.8031108182802633	0.018190844016942376	0.6098844706546875	0.6811925792011018
SKNSH_skew	[-1.5,-1.0)	PLS	1	2025	2023	846.5470000000004	1237.9768569999997	2024	3758.8729878194877	27834.50345202863	679	693	1199	trained	1.8571506856815652	10.308309394616785	0.07136552555994405	1.7172742555840748	1.9970271157790556	0.33547430830039526	0.010494947419088395	0.314904211358982	0.3560444052418085	0.4184611962432033	0.4370572634539587	0.014698439519131187	0.3896522547857062	0.44727013770070045
SKNSH_skew	[-1.5,-1.0)	PLS	2	1608	1608	457.834	458.124688	1608	3993.237997036893	26104.287589495885	680	719	1068	trained	2.483356963331401	10.073212323157922	0.07914818711980674	2.3282265165765796	2.6384874100862223	0.4228855721393035	0.012319678596910213	0.3987390020893595	0.44703214218924753	0.2847226368159204	0.20396327585315488	0.011262452363584573	0.26264823018329464	0.3067970434485462
SKNSH_skew	[-1.5,-1.0)	PLS	3	8305	8305	1442.9959999999994	608.2237040000001	8301	25429.203004451705	162703.26374282982	4453	3818	5821	trained	3.063390314956235	10.217311993004396	0.03508351677611756	2.9946266220750446	3.1321540078374253	0.5364413926033008	0.00547328746423945	0.5257137491733915	0.5471690360332101	0.17375027092113177	0.04305187356236642	0.0022768069565078323	0.16928772928637642	0.1782128125558871
SKNSH_skew	[-1.5,-1.0)	dELS	0	111593	111581	80177.64300000001	167875.26903700005	111368	-12503.108990103829	314549.5940569125	5797	8989	35537	trained	-0.11226841633237401	2.811837346892369	0.005024754956277015	-0.12211693604667696	-0.10241989661807106	0.05205265426334315	6.65630689318999e-4	0.050748018112277915	0.053357290414408384	0.7185599967736443	0.9881952154651518	0.0029759542387493656	0.7127271264656956	0.7243928670815931
SKNSH_skew	[-1.5,-1.0)	dELS	1	24003	23996	15076.059999999994	28563.488498000006	23960	4234.043003023952	97931.12355034064	2305	3418	12093	trained	0.17671298009281938	4.056217421154268	0.01301119561122204	0.1512110366948242	0.20221492349081457	0.09620200333889817	0.0019049533215932393	0.09246829482857542	0.09993571184922091	0.6282738789798297	0.7956488352601524	0.0057582602461753556	0.616987688897326	0.6395600690623333
SKNSH_skew	[-1.5,-1.0)	dELS	2	6375	6373	3209.7189999999982	5333.723794999999	6366	3794.455000090879	37627.52162276113	992	1223	3996	trained	0.5960501099734337	5.556297926577804	0.029543329964012523	0.5381451832439691	0.6539550367028982	0.155827835375432	0.004545741294587373	0.14691818243804075	0.16473748831282323	0.5036433390867721	0.5833600439908576	0.009567453951408735	0.48489112934201095	0.5223955488315332
SKNSH_skew	[-1.5,-1.0)	dELS	3	3005	3005	1139.424	1408.4003959999998	3005	2790.431998241926	25701.860757812752	644	704	1887	trained	0.9285963388492267	7.693300872316102	0.050598089683695585	0.8294240830691832	1.02776859462927	0.21430948419301166	0.00748555856839316	0.19963778939896107	0.22898117898706224	0.37917603993344423	0.3250193461634071	0.010399976740077137	0.35879208552289305	0.3995599943439954
SKNSH_skew	[-1.5,-1.0)	non-cCRE	0	231877	231750	209694.16700000002	465601.5165689999	229539	-84996.34983586486	380575.59789972333	2310	10435	5084	trained	-0.370291540155986	1.520890521880316	0.002574072258203293	-0.37533672178206445	-0.3652463585299075	0.010063649314495576	2.0833063645272609e-4	0.009655321267048234	0.010471977361942919	0.9048291995685006	1.1903572886537004	0.002266359477236371	0.9003871349931173	0.9092712641438839
SKNSH_skew	[-1.5,-1.0)	pELS	0	11334	11306	7962.530000000003	15665.993526	11309	-406.3049917707697	36769.255878153854	745	2013	3343	trained	-0.035927579076025264	3.250323516398393	0.016953180773820724	-0.06915581339271389	-0.0026993447593366415	0.0658767353435317	0.0023326846231280346	0.06130467348220075	0.07044879720486265	0.7042747213868745	0.889711183433469	0.00887094801491402	0.6868876632776431	0.721661779496106
SKNSH_skew	[-1.5,-1.0)	pELS	1	4756	4755	2262.3610000000003	3653.136209	4747	2554.3049976764014	27427.794902018686	733	1396	2278	trained	0.5380882657839481	5.489539265810308	0.03400621780408099	0.47143607888794936	0.6047404526799468	0.1544133136717927	0.005244593396760461	0.14413391061414219	0.16469271672944322	0.47578569926393277	0.5420145558745371	0.010676532200410442	0.4548596961511283	0.49671170237673723
SKNSH_skew	[-1.5,-1.0)	pELS	2	2822	2822	862.7499999999997	965.3184120000001	2819	4135.849003567942	28844.208517649247	800	1118	1691	trained	1.4671333818971062	8.082457907036492	0.053545649125540065	1.3621839096110477	1.5720828541831646	0.2837885775097552	0.008491228719068905	0.2671457692203802	0.30043138579913026	0.3057228915662649	0.24869053076965794	0.009387525287905346	0.28732334200197046	0.3241224411305594
SKNSH_skew	[-1.5,-1.0)	pELS	3	3634	3634	768.0849999999999	516.103005	3634	7802.166004599072	52202.52854154092	1393	1590	2437	trained	2.146991195541847	9.758146662127938	0.05181926027369685	2.0454254454054013	2.248556945678293	0.3833241607044579	0.008065273551382826	0.36751622454374755	0.39913209686516826	0.21136075949367086	0.09737406442177371	0.005176416197622727	0.20121498374633032	0.2215065352410114
SKNSH_skew	[0.05,0.2)	Other cCREs	0	4745041	4741287	826728.2310000003	657502.767133	4719936	-505923.9216177816	7753995.315044004	122478	144858	189076	trained	-0.10718872493563082	1.631328815962796	5.87898969466601e-4	-0.10834100691578535	-0.10603644295547629	0.02594908066550055	7.317854385411082e-5	0.02580565071954649	0.02609251061145461	0.1743678944134789	0.1082718710158699	1.5111573869882287e-4	0.17407170756562923	0.1746640812613286
SKNSH_skew	[0.05,0.2)	Other cCREs	1	126763	126709	22104.551999999996	17274.894331999996	126471	-19336.98799028108	245698.00192364393	3621	7873	14079	trained	-0.1528966165388198	1.9193598630970046	0.0038956750878472463	-0.16053213971100042	-0.1452610933666392	0.028631069573261853	4.689379861624761e-4	0.0277119511203834	0.029550188026140307	0.17445131758596466	0.10590275366158827	9.142182668884337e-4	0.17265944978286332	0.176243185389066
SKNSH_skew	[0.05,0.2)	Other cCREs	2	24348	24345	3829.425	2205.296877	24244	-5907.261992257438	51341.416890478955	590	1783	5586	trained	-0.24365871936386066	2.0584111289237597	0.009214333416584447	-0.2617188128603662	-0.22559862586735513	0.024335918165319253	9.896278053150688e-4	0.02239624766690172	0.026275588663736787	0.15729821318545903	0.06584518431532507	0.0016445880089729313	0.1540748206878721	0.16052160568304596
SKNSH_skew	[0.05,0.2)	Other cCREs	3	19856	19856	2875.620000000001	1258.5018660000005	19842	-7383.913990293515	49985.756055861755	475	2096	6132	trained	-0.37213557052179796	2.380824505337432	0.010953955425720616	-0.3936053231562104	-0.35066581788738554	0.023939119040419312	0.001085175082733131	0.021812175878262376	0.02606606220257625	0.14482373086220793	0.0424096625060699	0.0014614586298821	0.14195927194763902	0.14768818977677683
SKNSH_skew	[0.05,0.2)	PLS	0	96853	95836	17829.092999999997	15393.186786999999	96724	14525.69900313928	354168.1959761267	8486	19539	14604	trained	0.15017678138972002	3.6391217523484527	0.006133821998083178	0.13815449027347698	0.16219907250596305	0.087734171456929	9.096576351058208e-4	0.08595124249212159	0.0895171004217364	0.18603753286865057	0.12601143957838234	0.0011466758001503785	0.18379004830035583	0.1882850174369453
SKNSH_skew	[0.05,0.2)	PLS	1	59796	59710	10064.018999999998	5904.925708999997	59788	29491.400005350937	306302.2239196379	8966	19320	19935	trained	0.49326620735517057	4.87990889138783	0.009034390198120024	0.47555880256685534	0.5109736121434858	0.14996320331839166	0.0014601726327262317	0.14710126495824824	0.1528251416785351	0.16854830011723326	0.07048606431530356	0.0010864959087946715	0.1664187681359957	0.17067783209847082
SKNSH_skew	[0.05,0.2)	PLS	2	46210	46187	7341.445	3122.3485429999996	46179	22290.18299198279	251424.03518616807	7146	18647	21616	trained	0.4826908982867275	5.211675835566554	0.010623470968574161	0.46186889518832214	0.5035129013851328	0.15474566361333073	0.0016829867064287547	0.15144700966873037	0.15804431755793108	0.15895046225128281	0.042337991310302484	9.57426067258219e-4	0.1570739071594567	0.16082701734310892
SKNSH_skew	[0.05,0.2)	PLS	3	137930	137894	19621.931999999993	5814.530469999999	137866	26968.05095634004	864791.6109792313	19070	59817	71624	trained	0.19561059983128576	6.2344784706443335	0.006724677743264758	0.18243023145448684	0.20879096820808468	0.1383227191620849	9.298020351486382e-4	0.13650030717319359	0.14014513115097624	0.14229721380190577	0.021918329552548306	3.9868605127762433e-4	0.14151578914140162	0.14307863846240992
SKNSH_skew	[0.05,0.2)	dELS	0	11143863	11141506	1925386.0109999995	1501550.9857469997	11128021	-708528.8347359037	25826234.23461197	487705	719999	1089280	trained	-0.06367069533171295	2.3167752853644914	4.562816333649321e-4	-0.06456500733310822	-0.06277638333031768	0.043826750506671404	6.136616199466965e-5	0.04370647282916185	0.043947028184180954	0.1728120068328285	0.10490693719189961	9.703538976487959e-5	0.17262181746888933	0.17300219619676765
SKNSH_skew	[0.05,0.2)	dELS	1	1304490	1304240	232093.82800000004	185120.10409599997	1303014	-27654.00916980637	3711251.5311788544	75652	167933	258453	trained	-0.02122310978224821	2.8477571805548556	0.0014783488807292907	-0.02412067358847762	-0.018325545976018803	0.05805923804348994	2.0486743056778386e-4	0.057657697879577086	0.058460778207402794	0.17795331227381467	0.11026984980903878	2.907700249729042e-4	0.17738340302486777	0.17852322152276157
SKNSH_skew	[0.05,0.2)	dELS	2	242647	242604	41854.07300000002	29859.183177000003	242354	2082.1540187931373	819531.105256516	16967	45338	75773	trained	0.00859137467833474	3.3814857529768667	0.0037353274980383984	0.0012701327821794794	0.01591261657449	0.07000916015415466	5.18312488766406e-4	0.0689932676761725	0.07102505263213682	0.17252012745049553	0.09331505862960332	6.201930398892151e-4	0.17130454909231266	0.1737357058086784
SKNSH_skew	[0.05,0.2)	dELS	3	157625	157607	23974.783	12005.654961	157558	-26018.98803367314	624352.9736563028	9862	31080	59815	trained	-0.16513911089042219	3.93544064120384	0.004997772159585985	-0.1749347443232107	-0.15534347745763366	0.06259282296043361	6.102477360117064e-4	0.06139673739785067	0.06378890852301655	0.152117501126219	0.05303523267513067	5.800888101200588e-4	0.1509805270583837	0.1532544751940543
SKNSH_skew	[0.05,0.2)	non-cCRE	0	59221030	59192793	9809476.543999998	7061976.270538	58465408	-9095061.130920844	72851508.39471419	753225	1487219	306376	trained	-0.1555631174406727	1.2218618837610187	1.4456446927956737e-4	-0.15584646380046063	-0.15527977108088475	0.012883259105965703	1.4748492679573372e-5	0.01285435206031374	0.012912166151617666	0.16572079212413576	0.09184128444799818	3.9389870970192065e-5	0.16564358797703418	0.16579799627123734
SKNSH_skew	[0.05,0.2)	pELS	0	1244232	1242718	210037.69800000003	157326.87680800006	1242810	-91792.15901527053	2772504.59170679	50824	202742	112974	trained	-0.07385856165887829	2.225382142284421	0.0013381349989337672	-0.07648130625678848	-0.0712358170609681	0.040894424731053015	1.7764905020267765e-4	0.040546232592655766	0.041242616869450265	0.1690147708490583	0.09803310279884023	2.808665888960676e-4	0.168464272334822	0.1695652693632946
SKNSH_skew	[0.05,0.2)	pELS	1	372061	371955	58483.661000000015	33573.694832999994	371720	32831.00799120113	1080646.6845541918	25926	112560	76818	trained	0.08832187665770237	2.8993594309568382	0.0027928207636964786	0.08284794796085727	0.09379580535454747	0.06974604541052405	4.1778475869180717e-4	0.06892718728348811	0.07056490353756	0.15723316261375708	0.06554069549659138	4.197689609213629e-4	0.1564104154503512	0.15805590977716297
SKNSH_skew	[0.05,0.2)	pELS	2	173730	173689	25336.897999999994	9876.406374000004	173616	42144.94500577287	624126.6675720286	16887	68234	62662	trained	0.24274804744823558	3.5359621257498715	0.004512933449737025	0.23390269788675103	0.25159339700972017	0.09726638097871164	7.11158350257327e-4	0.09587251061220728	0.098660251345216	0.14587508708093197	0.03558325371867552	4.5262305465610617e-4	0.144987945893806	0.14676222826805793
SKNSH_skew	[0.05,0.2)	pELS	3	135280	135239	18824.370000000003	5717.258796000001	135240	34400.343969415175	684555.3421709018	15662	56182	60983	trained	0.2543651580110557	4.997116905933102	0.0060786505007429615	0.2424510030295995	0.2662793129925119	0.1158089322685596	8.701447602786565e-4	0.11410344853841342	0.11751441599870577	0.13919335398812474	0.02290060189433861	4.115024953415267e-4	0.13838680909725534	0.13999989887899414
SKNSH_skew	[0.2,0.5)	Other cCREs	0	725985	725210	154541.07600000003	180819.342966	720479	-95059.02588046226	1131496.5074540053	16109	26397	35055	trained	-0.1319386489827771	1.5530724713394695	0.0014681999247289656	-0.13481632083524586	-0.12906097713030834	0.02235873634068446	1.7418178055928887e-4	0.022017340050788255	0.022700132630580665	0.21309837977965007	0.20392313120906694	5.302752452798752e-4	0.21205904029890152	0.21413771926039862
SKNSH_skew	[0.2,0.5)	Other cCREs	1	23814	23804	4887.262	5278.827100000001	23750	-4542.988986348035	47057.40524199087	612	1602	3141	trained	-0.19128374679360147	1.9448568481637185	0.009049238056122023	-0.20902025338360064	-0.1735472402036023	0.02576842105263158	0.001028118558166188	0.02375330867862585	0.027783533426637308	0.20531263653167534	0.17961645394945733	0.002746933136197732	0.19992864758472778	0.2106966254786229
SKNSH_skew	[0.2,0.5)	Other cCREs	2	4463	4463	729.8530000000002	524.832963	4438	-935.1080029801236	10383.159299088795	129	393	1241	trained	-0.21070482266338972	2.295724032713489	0.02274396568156431	-0.25528299539925575	-0.16612664992752368	0.029067147363677333	0.002521750730750994	0.024124515931405383	0.03400977879594928	0.16353416984091423	0.09087338828756145	0.004512372224152556	0.15468992028157522	0.17237841940025325
SKNSH_skew	[0.2,0.5)	Other cCREs	3	3705	3705	559.072	316.935002	3701	-1170.2109993677586	9164.660862123423	108	399	1344	trained	-0.3161877869137419	2.376933631354382	0.025342472577367176	-0.36585903316538154	-0.26651654066210223	0.02918130235071602	0.002766698653356517	0.02375857299013725	0.034604031711294794	0.1508966261808367	0.06278966614682162	0.004116707217210444	0.14282788003510424	0.15896537232656918
SKNSH_skew	[0.2,0.5)	PLS	0	21661	21521	4445.429	4621.785793	21631	5989.943990831846	89323.62925477343	2299	4739	4114	trained	0.2769147977824348	4.052932275812489	0.013688201028121766	0.2500859237673161	0.30374367179755346	0.10628264990060561	0.0020955256585445015	0.10217541960985839	0.11038988019135283	0.20656238093025417	0.17209699788585506	0.002827843842676272	0.20101980699860866	0.21210495486189967
SKNSH_skew	[0.2,0.5)	PLS	1	17039	17015	2946.194999999999	1862.3294369999996	17039	14506.450005957393	108280.11520447725	3392	5719	6493	trained	0.8513674514911317	5.630343692494529	0.01817797080859545	0.8157386287062847	0.8869962742759787	0.19907271553494923	0.0030590062420961283	0.19307706330044083	0.20506836776945764	0.1731528063473405	0.07947499146017967	0.0021612214450624184	0.16891681231501818	0.17738880037966284
SKNSH_skew	[0.2,0.5)	PLS	2	14152	14144	2276.307999999999	988.7531799999997	14142	12194.79399349692	93157.62987158583	2870	5895	7053	trained	0.8623104223940687	5.844136334915837	0.02032847279840874	0.8224666157091877	0.9021542290789498	0.2029415924197426	0.003382012349143792	0.19631284821542078	0.20957033662406443	0.16093806561085966	0.04400824250480627	0.0017639281404823472	0.15748076645551426	0.16439536476620506
SKNSH_skew	[0.2,0.5)	PLS	3	45294	45286	6346.762	1817.5986659999999	45269	22386.29299139046	321021.31912576524	8040	19644	23847	trained	0.49451706446774746	6.847020306427231	0.012298449366523495	0.47041210370936143	0.5186220252261335	0.1776049835428218	0.0017962523874480308	0.17408432886342368	0.18112563822221994	0.14014843439473568	0.02049486382298771	6.727296006228689e-4	0.13882988437751487	0.1414669844119565
SKNSH_skew	[0.2,0.5)	dELS	0	1827184	1826614	372311.19500000007	409679.261821	1823759	-110874.89496725673	4157101.7505253986	78768	132713	230454	trained	-0.06079470750645054	2.275719225750377	0.0011170577223119289	-0.06298414064218191	-0.058605274370719156	0.04318991708882588	1.505290541561727e-4	0.04289488014267978	0.043484954034971976	0.20382587399417723	0.18273854784911117	3.1629453906399196e-4	0.2032059366976118	0.20444581129074266
SKNSH_skew	[0.2,0.5)	dELS	1	259537	259481	53603.58699999999	56002.554075	259159	4151.547007161545	752440.8449740167	16385	35634	63905	trained	0.01601930477877112	2.9031491988563176	0.0033469677685551954	0.009459247952402935	0.022579361605139302	0.06322373523589765	4.7805169961501957e-4	0.062286753904652215	0.06416071656714309	0.20658000778477034	0.1731506268508108	8.168818610135257e-4	0.20497891933718382	0.20818109623235687
SKNSH_skew	[0.2,0.5)	dELS	2	55944	55930	10800.486999999996	9491.581041000001	55880	5772.776991969207	197258.73920657724	4554	11226	20678	trained	0.10330667487418052	3.5194325741467587	0.007936118170767031	0.08775188325947714	0.1188614664888839	0.08149606299212599	0.00115739240142763	0.07922757388532783	0.08376455209892414	0.19310722331485777	0.13241661724654086	0.0015386818638623157	0.19009140686168763	0.19612303976802792
SKNSH_skew	[0.2,0.5)	dELS	3	35709	35704	5806.21	3542.755434	35680	-214.53299530339388	155974.27730409402	2939	7469	15404	trained	-0.006012696056709469	4.3715627507048715	0.011068937507375172	-0.027707813571164804	0.015682421457745867	0.08237107623318386	0.0014554875482728922	0.07951832063856899	0.08522383182779873	0.16262071476585258	0.07278227078170908	0.0014277572157758503	0.1598223106229319	0.16541911890877325
SKNSH_skew	[0.2,0.5)	non-cCRE	0	6763308	6756065	1315407.6089999997	1431204.6017829997	6684153	-1068605.6812593325	8426674.723340318	84831	226574	59592	trained	-0.15987151719287881	1.235135752717242	4.2986704841152924e-4	-0.16071405660776542	-0.15902897777799221	0.012691361194155789	4.3296957515766694e-5	0.012606499157424886	0.012776223230886691	0.19470025954457212	0.17393180391775367	1.6045106015888394e-4	0.19438577546666072	0.19501474362248353
SKNSH_skew	[0.2,0.5)	pELS	0	212601	212342	41646.73499999998	42240.66636699999	212275	-10114.600971743463	483040.62147709046	9344	37099	24859	trained	-0.047648573650893714	2.2732820560583913	0.003272481779490183	-0.05406263793869447	-0.041234509363092954	0.04401837239429985	4.4523811795452986e-4	0.04314570568310897	0.04489103910549073	0.19613046406269122	0.16046111163060392	8.692945292828424e-4	0.19442664678529684	0.1978342813400856
SKNSH_skew	[0.2,0.5)	pELS	1	78278	78245	13315.702	9346.071474000006	78172	20389.15200107219	270492.01364117133	7346	24432	19846	trained	0.2608242337546972	3.3922302221230844	0.006587445692195246	0.24791284019799453	0.2737356273113999	0.09397226628460319	0.0010436262266447366	0.0919267588803795	0.09601777368882687	0.17017958975014377	0.09048630911513773	0.0010753829326578131	0.16807183920213445	0.1722873402981531
SKNSH_skew	[0.2,0.5)	pELS	2	42849	42841	6482.836000000002	2819.534868	42813	20803.919005044736	189366.97608022625	5695	17155	17563	trained	0.4859252798225944	4.187093009350026	0.009889366533928733	0.4665421214160941	0.5053084382290948	0.13302034428794993	0.0016412534674795675	0.12980348749168996	0.1362372010842099	0.1513231717280176	0.04291623629055614	0.0010008777022887812	0.1493614514315316	0.1532848920245036
SKNSH_skew	[0.2,0.5)	pELS	3	37911	37898	5325.065999999999	1655.283758	37898	21245.68301424315	211456.46317239202	5847	15996	18483	trained	0.5606016943966212	5.265485322743061	0.01178721099297246	0.5374987608503952	0.5837046279428473	0.15428254789170934	0.0018555083020120402	0.15064575161976573	0.15791934416365294	0.14051047548683304	0.023934775901555058	7.947060825905039e-4	0.13895285156495565	0.14206809940871043
SKNSH_skew	[0.5,1.0)	Other cCREs	0	164787	164606	38284.407999999996	50193.32852999999	163446	-27233.063948096944	256091.54774007027	3240	6174	8891	trained	-0.166618112086542	1.5390744656533162	0.0030686168693602797	-0.17263260115048815	-0.16060362302259587	0.019823060827429243	3.4478665557120076e-4	0.01914727898250969	0.020498842672348798	0.2325820929978251	0.25083722115474816	0.0012344490213044275	0.23016257291606843	0.23500161307958176
SKNSH_skew	[0.5,1.0)	Other cCREs	1	5601	5601	1211.5729999999996	1433.4949950000005	5585	-1207.9469990172654	10581.343116239945	114	359	778	trained	-0.21628415380792576	1.848152457326768	0.0181910307634713	-0.2519385741043295	-0.180629733511522	0.020411817367949867	0.0018921301974015817	0.016703242181042768	0.024120392554856967	0.21631369398321723	0.2091812792570843	0.0061112298874160965	0.2043356834038817	0.22829170456255277
SKNSH_skew	[0.5,1.0)	Other cCREs	2	949	949	153.02200000000005	110.97347199999997	942	-146.23000102152588	2072.5937080527387	36	80	257	trained	-0.15523354673198075	2.1784207293895284	0.0480889648983995	-0.24948791793284375	-0.060979175531117744	0.03821656050955414	0.006246532372428902	0.025973357059593492	0.050459763959514785	0.16124552160168604	0.09103307995091431	0.009794144610540281	0.14204899816502708	0.180442045038345
SKNSH_skew	[0.5,1.0)	Other cCREs	3	828	828	114.25299999999999	48.915113000000005	827	-292.1600007070229	2420.0744405036444	30	108	297	trained	-0.3532769053289273	2.804916537037494	0.0582381025317825	-0.467423586291221	-0.23913022436663361	0.036275695284159616	0.006501768824141325	0.02353222838884262	0.04901916217947661	0.1379867149758454	0.04008430091156559	0.006957800761669515	0.12434942548297313	0.15162400446871763
SKNSH_skew	[0.5,1.0)	PLS	0	5716	5688	1307.101	1507.4865370000002	5709	2132.209999407176	24903.30235931392	669	1255	1166	trained	0.3734822209506351	4.223363670848314	0.02719876711104547	0.32017263741298596	0.42679180448828424	0.11718339464004204	0.004256849171996388	0.10883997026292913	0.12552681901715496	0.22979975386779186	0.21225866870400134	0.0061087580470695815	0.21782658809553548	0.24177291964004824
SKNSH_skew	[0.5,1.0)	PLS	1	4597	4593	874.029	676.6556749999996	4597	4455.797994859168	34046.31319591884	1004	1551	1782	trained	0.9692838796735194	6.468098352571857	0.037510344748399184	0.895763603966657	1.0428041553803817	0.2184033065042419	0.006093737039773702	0.20645958190628544	0.23034703110219834	0.1902958850424559	0.11113492005492746	0.0049190025534914805	0.18065464003761258	0.1999371300472992
SKNSH_skew	[0.5,1.0)	PLS	2	3670	3667	578.754	245.90021599999997	3667	3890.5589969636644	28138.4834695422	860	1483	1800	trained	1.06096509325434	6.549573426218531	0.04226209799220368	0.9781313811896207	1.143798805319059	0.23452413416962095	0.006996874222471493	0.22081026069357682	0.2482380076456651	0.1578276520316335	0.04215952838954827	0.003390723818685731	0.15118183334700946	0.1644734707162575
SKNSH_skew	[0.5,1.0)	PLS	3	11829	11827	1656.139	472.045315	11825	8360.527005147538	97142.56340086988	2447	5168	6060	trained	0.7070213112175507	7.715789295942213	0.025544041139017433	0.6569549905850766	0.7570876318500249	0.20693446088794926	0.0037253782506987284	0.19963271951657974	0.21423620225931878	0.14003035427411853	0.020305731786133575	0.001310303871722284	0.13746215868554285	0.1425985498626942
SKNSH_skew	[0.5,1.0)	dELS	0	435217	435086	99437.738	125500.86428599998	434435	-38991.546981637024	996557.8648995479	18357	33224	62758	trained	-0.08975231503363455	2.285866859617809	0.002293839686350388	-0.09424824081888131	-0.0852563892483878	0.04225488277878164	3.0521158944691966e-4	0.04165666806346567	0.0428530974940976	0.22854731708214007	0.23621737373015206	7.3683180525092e-4	0.22710312674384828	0.22999150742043187
SKNSH_skew	[0.5,1.0)	dELS	1	65770	65756	14991.431	17397.317726999998	65694	2025.3270071643653	199967.43936162975	4425	9341	17226	trained	0.03082971058489916	3.043018268554627	0.0068059605391668975	0.01749002792813204	0.04416939324166628	0.06735774956617042	9.77886553388018e-4	0.06544109192152991	0.06927440721081093	0.22798575034977797	0.21259957541857008	0.0017980986005907656	0.22446147709262007	0.23151002360693587
SKNSH_skew	[0.5,1.0)	dELS	2	14263	14258	2961.277999999999	2834.1180120000013	14239	1725.5199994763825	53164.187788605195	1225	2862	5453	trained	0.12118266728536993	3.7192783166606542	0.01616179501160364	0.0895055490626268	0.15285978550811308	0.08603132242432755	0.0023499261304889465	0.08142546720856922	0.09063717764008589	0.20769238322345343	0.15564867270763974	0.0033040256150563938	0.2012164930179429	0.21416827342896397
SKNSH_skew	[0.5,1.0)	dELS	3	8812	8810	1434.7129999999997	891.3727830000001	8810	372.22199953754915	46800.87003298198	847	1882	3896	trained	0.042249943193819424	5.311061831609266	0.02455289601642408	-0.005873732998371767	0.09037361938601061	0.09614074914869467	0.003140625845902788	0.0899851224907252	0.10229637580666413	0.16285051078320087	0.07466557363181993	0.002911201382297058	0.15714455607389863	0.1685564654925031
SKNSH_skew	[0.5,1.0)	non-cCRE	0	1296258	1294511	271943.64	330770.00325800007	1282179	-230563.44457727333	1649695.9989836684	15342	49616	14416	trained	-0.1798215729451764	1.254299884817962	9.890684790497767e-4	-0.18176014716411396	-0.17788299872623883	0.011965567990116825	9.602368522282753e-5	0.011777361567080083	0.012153774413153568	0.2100744141996476	0.2113862406545181	4.0409686857810316e-4	0.2092823843372345	0.21086644406206068
SKNSH_skew	[0.5,1.0)	pELS	0	50508	50433	10571.226999999995	11743.116957	50435	-2692.221002769772	120766.3255819965	2270	9117	6738	trained	-0.05338001393416818	2.3916924056659155	0.006886311273217254	-0.06687718402967399	-0.03988284383866236	0.045008426687816	9.231678536376563e-4	0.0431990176946862	0.04681783568094581	0.20960932326056342	0.18891357113531496	0.0019354153334988553	0.20581590920690565	0.21340273731422119
SKNSH_skew	[0.5,1.0)	pELS	1	19926	19915	3574.2339999999995	2803.5669120000002	19898	6987.970997765311	77723.82949530332	2120	6247	5363	trained	0.3511896169346322	3.782968620266764	0.013788329593592694	0.3241644909311905	0.3782147429380739	0.10654337119308473	0.0021872339663959184	0.10225639261894873	0.11083034976722073	0.1794744664825508	0.10857101394828797	0.0023348919695737776	0.1748980782221862	0.1840508547429154
SKNSH_skew	[0.5,1.0)	pELS	2	11389	11385	1745.7320000000009	751.9937100000001	11381	7516.220007619822	58648.836084860224	1851	4585	4750	trained	0.6604182415973836	4.717485701578987	0.02035940513674447	0.6205138075293645	0.7003226756654027	0.1626394868640717	0.003459226702385378	0.15585940252739636	0.16941957120074705	0.1533361440491876	0.04254303378221395	0.001933070578260664	0.1495473257157967	0.1571249623825785
SKNSH_skew	[0.5,1.0)	pELS	3	10093	10092	1407.034000000001	437.432348	10092	7513.142006056967	65125.26207779308	1834	4268	4972	trained	0.744465121488007	5.899513418045509	0.024177950031823017	0.697076339425634	0.7918539035503801	0.1817281014665081	0.0038385857096185643	0.17420447347565574	0.1892517294573605	0.13942072929052726	0.023908695033538017	0.0015391796588924238	0.1364039371590981	0.14243752142195643
SKNSH_skew	[1.0,1.5)	Other cCREs	0	29972	29936	7274.129999999998	10156.725922000001	29747	-5695.733998850221	45327.644142360026	513	1103	1789	trained	-0.19147255181531653	1.4871602036959228	0.007070616638519103	-0.20533096042681398	-0.17761414320381907	0.017245436514606517	7.548106925351824e-4	0.01576600755723756	0.018724865471975473	0.24298937733832168	0.28024685493976936	0.00305966225291994	0.2369924393225986	0.24898631535404475
SKNSH_skew	[1.0,1.5)	Other cCREs	1	1039	1039	228.57499999999993	280.7705509999999	1036	-251.89100083650555	2052.2516108079194	25	81	144	trained	-0.2431380316954687	1.9236785784180965	0.043090980548725885	-0.3275963535709714	-0.15867970981996596	0.02413127413127413	0.004767667381305041	0.014786646063916251	0.033475902198632015	0.21999518768046192	0.22204735161458414	0.014618911098572739	0.19134212192725936	0.24864825343366448
SKNSH_skew	[1.0,1.5)	Other cCREs	2	158	158	29.117999999999995	23.457940000000008	158	-76.73399979621173	625.5231560273418	5	14	44	trained	-0.4856582265583021	3.7468576927999266	0.15399444533792847	-0.7874873394206419	-0.18382911369596228	0.03164556962025317	0.01392659952490127	0.004349434551446679	0.058941704689059654	0.1842911392405063	0.11523408030315252	0.027006103424445583	0.13135917652859297	0.23722310195241963
SKNSH_skew	[1.0,1.5)	Other cCREs	3	159	159	22.836999999999996	13.348751	159	-97.72700000368054	393.324416422054	1	13	58	trained	-0.6146352201489342	2.109227596584158	0.1151763099272321	-0.8403807876063092	-0.3888896526915593	0.006289308176100629	0.00626949928224773	-0.0059989104171049214	0.018577526769306178	0.14362893081761005	0.06372593105644456	0.020019790688788973	0.10439014106758367	0.18286772056763645
SKNSH_skew	[1.0,1.5)	PLS	0	1179	1175	250.94	268.876508	1177	417.98300268617453	5694.763106277433	146	275	272	trained	0.3551257456976844	4.71626409928533	0.0633010373121671	0.2310557125658369	0.4791957788295319	0.12404418011894647	0.009608178577645149	0.10521215010676198	0.14287621013113097	0.2135659574468085	0.18337671774982783	0.012492609483289755	0.18908044285956058	0.23805147203405644
SKNSH_skew	[1.0,1.5)	PLS	1	972	970	158.52200000000002	80.454986	972	1169.5690022379863	8390.937218578847	235	341	361	trained	1.2032602903682987	7.192215531761283	0.08601975758642695	1.034661565498902	1.3718590152376955	0.2417695473251029	0.013733090362202435	0.2148526902151861	0.2686864044350197	0.16342474226804127	0.05629367286500058	0.0076180518699871715	0.14849336060286641	0.17835612393321612
SKNSH_skew	[1.0,1.5)	PLS	2	803	803	130.45399999999998	59.65718000000002	803	981.6089983459096	6847.522459076562	194	324	362	trained	1.2224271461343832	7.041866549387458	0.09364532960934657	1.038882300100064	1.4059719921687024	0.24159402241594022	0.01510553784741903	0.2119871682349989	0.2712008765968815	0.1624582814445828	0.04795990941699304	0.007728254304273578	0.1473109030082066	0.177605659880959
SKNSH_skew	[1.0,1.5)	PLS	3	2423	2422	336.452	78.39476	2423	2147.5409982826095	22547.277395759662	565	1031	1181	trained	0.8863148981768921	8.523484646794431	0.05931054087331593	0.7700662380651929	1.0025635582885914	0.2331820057779612	0.008590470633405123	0.21634468333648715	0.25001932821943523	0.13891494632535095	0.01307581515032756	0.0023235248243883583	0.13436083766954976	0.14346905498115214
SKNSH_skew	[1.0,1.5)	dELS	0	81864	81845	19593.97299999999	26257.427649	81718	-8549.953979825717	186844.96427409985	3368	6433	12669	trained	-0.10462754815127288	2.275541240529932	0.005276956217785228	-0.11497038233813194	-0.09428471396441383	0.041214909811791774	6.953908122517055e-4	0.03985194381977843	0.042577875803805114	0.23940342110086127	0.26350817995017467	0.0017943244465032336	0.23588654518571492	0.24292029701600762
SKNSH_skew	[1.0,1.5)	dELS	1	12980	12978	3127.7049999999995	3910.764825	12953	489.3409962337468	40196.514750043505	894	1808	3549	trained	0.03777819781006306	3.1020713657420638	0.015475358181892777	0.007446495773553215	0.0681098998465729	0.06901876013278777	0.002227249441420671	0.06465335122760325	0.07338416903797228	0.24100053937432575	0.24327550535533826	0.004329575394561283	0.23251457160098563	0.24948650714766588
SKNSH_skew	[1.0,1.5)	dELS	2	3010	3010	612.1819999999999	590.6193299999999	3004	689.1509991997153	12001.267581341586	293	579	1131	trained	0.22941111824224877	3.9437791142115937	0.036233169628055874	0.15839410577125926	0.30042813071323826	0.09753661784287616	0.005413132734336951	0.08692687768357574	0.10814635800217659	0.20338272425249165	0.15490597776725193	0.007173826035604728	0.18932202522270639	0.21744342328227692
SKNSH_skew	[1.0,1.5)	dELS	3	1726	1726	282.935	182.71491499999996	1726	311.53100047598167	7831.6918075496405	197	348	750	trained	0.18049304778446215	4.507514566837326	0.05110320917260374	0.08033075780615882	0.28065533776276547	0.11413673232908458	0.00765377460715636	0.09913533409905811	0.12913813055911105	0.16392526071842412	0.0790346210774682	0.006766877148912577	0.15066218150655547	0.17718833993029276
SKNSH_skew	[1.0,1.5)	non-cCRE	0	209357	209212	45018.399000000005	55928.86052099999	207447	-44414.11794058094	282986.3270714511	2352	8558	2745	trained	-0.21409862731483675	1.3183060911609452	0.002520893799376487	-0.21903957916161468	-0.20915767546805883	0.011337835688151672	2.324531614651348e-4	0.010882227491680007	0.011793443884623337	0.2151807687895532	0.22102932835513017	0.0010278545350387623	0.21316617390087722	0.21719536367822917
SKNSH_skew	[1.0,1.5)	pELS	0	9470	9452	2064.291	2433.2231850000003	9453	-370.06800389557606	22217.279362753405	427	1814	1412	trained	-0.03914820733053804	2.349004640690912	0.015763661788198127	-0.07004498443540637	-0.008251430225669713	0.04517084523431715	0.0021360288555340307	0.04098422867747045	0.04935746179116385	0.21839727041895896	0.20975427629346918	0.00471078794841693	0.20916412604006177	0.22763041479785615
SKNSH_skew	[1.0,1.5)	pELS	1	4035	4034	704.8600000000001	531.850204	4031	1774.540001786664	17934.419416604756	531	1259	1190	trained	0.4402232701033649	4.2563835270692305	0.0324948081919514	0.3765334460471402	0.5039130941595896	0.13172909947903746	0.005326747190474484	0.12128867498570747	0.14216952397236746	0.1747297967278136	0.10133651363214313	0.005012045817842697	0.16490618692484194	0.18455340653078528
SKNSH_skew	[1.0,1.5)	pELS	2	2461	2461	366.206	157.02667999999997	2460	1800.2619983763434	14120.781456906401	406	958	1053	trained	0.7318138204781883	5.206720148846243	0.04600600945566848	0.6416420419450781	0.8219855990112985	0.16504065040650406	0.007484461793704584	0.15037110529084308	0.17971019552216505	0.148803738317757	0.04168043016488107	0.004115383285614805	0.14073758707795198	0.15686988955756204
SKNSH_skew	[1.0,1.5)	pELS	3	2180	2180	306.07699999999994	89.62230500000001	2180	1329.2669983800733	13744.614870014664	367	962	1069	trained	0.6097555038440703	5.9357902715347075	0.05218083531430375	0.5074810666280349	0.7120299410601056	0.168348623853211	0.008013960430958204	0.15264126140853293	0.18405598629788908	0.14040229357798162	0.021408165299922965	0.0031337292978001895	0.13426018415429325	0.14654440300167
SKNSH_skew	[1.5,Inf)	Other cCREs	0	9925	9923	2032.719	2409.4517730000002	9873	-2079.416997786262	14864.612745495577	146	356	616	trained	-0.21061652970589104	1.461370862399756	0.012166219662704042	-0.23446232024479097	-0.1867707391669911	0.014787805125088626	0.0012147647478226063	0.012406866219356319	0.017168744030820936	0.2048492391413887	0.2008718839409147	0.0044992288178921005	0.19603075065832018	0.2136677276244572
SKNSH_skew	[1.5,Inf)	Other cCREs	1	320	320	52.431	38.294771	319	-52.029999722726686	484.82996938828757	9	16	39	trained	-0.1631034474066667	1.4979361542922733	0.0685253575080486	-0.29741314812244196	-0.028793746690891464	0.02821316614420063	0.009270775770483514	0.010042445634052943	0.04638388665434831	0.163846875	0.09311634951998432	0.0170583877388794	0.1304124350317964	0.1972813149682036
SKNSH_skew	[1.5,Inf)	Other cCREs	2	60	60	15.728	18.80914400000001	59	-10.891999959014377	73.15809163290841	1	3	16	trained	-0.18461016879685385	1.2266778910679215	0.14419136831331641	-0.467225250690954	0.09800491309724632	0.01694915254237288	0.016804901812363878	-0.015988455009860316	0.049886760094606075	0.26213333333333333	0.2489205242937855	0.0644102119612754	0.13588931788923356	0.38837734877743313
SKNSH_skew	[1.5,Inf)	PLS	0	389	387	79.58799999999998	82.460178	389	176.01800016872588	1901.2053259930676	48	97	94	trained	0.4524884323103493	4.694740250098758	0.10985782176442682	0.23716710165207272	0.6678097629686259	0.12339331619537275	0.016675290411802348	0.09070974698824015	0.15607688540250536	0.2056537467700258	0.1712243720260808	0.02103426342407764	0.16442659045883362	0.24688090308121796
SKNSH_skew	[1.5,Inf)	PLS	1	318	318	62.366000000000014	45.14833000000001	318	341.58400131575763	2628.9176315125	75	105	134	trained	1.0741635261501812	7.13564844221665	0.1497970161408646	0.7805613745140866	1.367765677786276	0.2358490566037736	0.023806365032209426	0.18918858114064313	0.28250953206690405	0.19611949685534596	0.10383956296252207	0.018070404150750282	0.1607015047198754	0.23153748899081653
SKNSH_skew	[1.5,Inf)	PLS	2	260	260	37.159000000000006	7.698710999999999	260	387.416000528494	2579.300694065497	82	122	113	trained	1.4900615404942077	7.729834021258318	0.1724242757009393	1.1521099601203666	1.8280131208680488	0.3153846153846154	0.028817540048975087	0.2589022368886242	0.37186699388060657	0.1429192307692308	0.00921998186813186	0.005954953293148829	0.13124752231465908	0.15459093922380251
SKNSH_skew	[1.5,Inf)	PLS	3	663	663	93.875	18.773117	663	630.6530004522068	7090.329998920425	163	279	294	trained	0.9512111620696936	9.80429883005671	0.12160502062336702	0.7128653216478942	1.189557002491493	0.2458521870286576	0.016722781363569906	0.2130755355560606	0.27862883850125464	0.14159125188536953	0.0082798160562854	0.003533894500590712	0.13466481866421173	0.14851768510652733
SKNSH_skew	[1.5,Inf)	dELS	0	27308	27300	5937.366999999999	7355.722691000002	27261	-3384.3949992670673	60482.465947786644	1074	2119	4315	trained	-0.1241478668892215	2.2033125652207297	0.008990154683338646	-0.14176857006856525	-0.10652716370987775	0.039396940684494335	0.001178236142508133	0.03708759784517839	0.04170628352381028	0.21748597069597067	0.22214838146550345	0.00285259589679028	0.21189488273826174	0.2230770586536796
SKNSH_skew	[1.5,Inf)	dELS	1	4236	4234	909.1069999999999	972.0062449999996	4232	147.4149992422904	12874.826263490706	284	614	1120	trained	0.03483341191925577	3.04176111938053	0.026809562239112864	-0.01771333006940544	0.08738015390791698	0.0671077504725898	0.0038461768849367473	0.05956924377811377	0.07464625716706581	0.21471587151629662	0.18351205839674786	0.006583500554094304	0.20181221043027178	0.22761953260232146
SKNSH_skew	[1.5,Inf)	dELS	2	969	968	185.392	166.526984	969	180.6480016332353	4006.1687216480154	97	209	350	trained	0.1864272462675287	4.103813029090702	0.06507765488408662	0.05887504269471894	0.3139794498403385	0.1001031991744066	0.009641807223334535	0.08120525701667092	0.11900114133214229	0.1915206611570248	0.13549181549821807	0.011830929117324255	0.16833204008706926	0.21470928222698032
SKNSH_skew	[1.5,Inf)	dELS	3	511	511	82.22199999999998	51.58630800000002	511	-8.471997382817671	2403.300356131406	52	114	209	trained	-0.016579251238390744	4.712078228937853	0.09602753833797968	-0.20479322638083092	0.17163472390404944	0.10176125244618395	0.013374472570156873	0.07554728620867648	0.1279752186836914	0.16090410958904106	0.07520872608111744	0.01213175597735807	0.13712586787341924	0.18468235130466287
SKNSH_skew	[1.5,Inf)	non-cCRE	0	67008	66971	11576.155000000002	11397.990270999999	66330	-15073.427977597923	88578.85303786065	643	2577	896	trained	-0.22724902725158938	1.2838039348189274	0.004399409138299481	-0.23587186916265637	-0.2186261853405224	0.009693954470073873	3.804347714913246e-4	0.008948302317950877	0.01043960662219687	0.17285324991414197	0.14031677255099528	0.0014474760997470896	0.1700161967586377	0.17569030306964625
SKNSH_skew	[1.5,Inf)	pELS	0	3099	3093	624.911	722.3420689999998	3095	-358.6010041278786	7165.138240331411	142	585	487	trained	-0.11586462168913686	2.3023881934876504	0.027274635044254987	-0.16932290637587663	-0.06240633700239709	0.04588045234248788	0.003760840504970188	0.03850920495274631	0.05325169973222945	0.202040413837698	0.19278292106994505	0.007894857912880998	0.18656649232845124	0.21751433534694475
SKNSH_skew	[1.5,Inf)	pELS	1	1312	1312	225.94200000000004	156.43780400000003	1312	402.71600069198746	4342.027947338442	138	388	404	trained	0.30694817125913676	3.217707862234357	0.04952293646845988	0.2098832157809554	0.40401312673731815	0.10518292682926829	0.008469793832839481	0.08858213091690291	0.12178372274163367	0.17221189024390246	0.08964752486232815	0.0082661300585623	0.15601027532912035	0.18841350515868457
SKNSH_skew	[1.5,Inf)	pELS	2	845	845	121.17099999999996	30.24016699999999	845	508.0840007408988	4177.646474366834	133	335	374	trained	0.6012828411134896	4.587848676394595	0.07368450798931034	0.45686120545444137	0.7457044767725378	0.15739644970414202	0.012527971417585942	0.13284162572567357	0.18195127368261046	0.14339763313609463	0.015242336961215963	0.004247148289517919	0.1350732224886395	0.15172204378354975
SKNSH_skew	[1.5,Inf)	pELS	3	741	741	105.31899999999999	23.798743	740	512.0490016834812	4290.1476591954115	126	320	339	trained	0.6919581103830826	5.325887956112268	0.08483599405109957	0.5256795620429275	0.8582366587232377	0.17027027027027028	0.013817258368703709	0.143188443867611	0.19735209667292955	0.14213090418353574	0.011931970678775949	0.004012795102264887	0.13426582578309657	0.14999598258397492
mean_skew	(-Inf,-1.5)	Other cCREs	0	12866	12865	11614.939	25532.666805	12780	-5356.654993550387	25123.949209917882	155	498	1660	trained	-0.4191435832199051	1.7903389656348991	0.011835925014197154	-0.4423419962477315	-0.39594517019207864	0.012128325508607199	9.682449972622395e-4	0.010230565313973209	0.014026085703241188	0.902832413525068	1.1696457862782619	0.00953503485690366	0.8841437452055368	0.9215210818445992
mean_skew	(-Inf,-1.5)	Other cCREs	1	830	830	677.019	1423.3189970000003	826	-191.1410000715404	1790.1690401073895	23	59	373	trained	-0.23140556909387455	2.116288422071106	0.05061711687430644	-0.3306151181675152	-0.13219602002023392	0.02784503631961259	0.0057246853294335345	0.016624653073922864	0.039065419565302316	0.8156855421686747	1.0507652435784154	0.03558064391180707	0.7459474801015329	0.8854236042358166
mean_skew	(-Inf,-1.5)	Other cCREs	2	75	75	44.32399999999999	78.93234199999999	73	-30.43800053186716	166.268317731715	1	9	45	trained	-0.41695891139544056	2.1330128078457475	0.1709366945162259	-0.7519948326472433	-0.0819229901436378	0.0136986301369863	0.01360448036058687	-0.012966151369763965	0.040363411643736566	0.5909866666666665	0.7126682295495496	0.09747944942735705	0.39992694578904675	0.7820463875442863
mean_skew	(-Inf,-1.5)	PLS	0	794	794	647.2139999999999	1285.14901	792	613.0520025112203	5925.9988789757535	133	147	291	trained	0.7740555587262883	6.891861654416765	0.09328368304936019	0.5912195399495423	0.9568915775030342	0.16792929292929293	0.013282528468142691	0.14189553713173325	0.1939630487268526	0.8151309823677582	0.9553402602494754	0.03468716362306733	0.7471441416665462	0.8831178230689701
mean_skew	(-Inf,-1.5)	PLS	1	575	575	251.64100000000008	359.36294499999997	575	1266.605997628998	9631.850187809983	214	173	409	trained	2.202793039354779	11.919476154403851	0.14397751125363054	1.9205971172976635	2.484988961411895	0.37217391304347824	0.020158523561074768	0.3326632068637717	0.4116846192231848	0.4376365217391306	0.43420845476139963	0.027479904270493332	0.38377590936896366	0.4914971341092975
mean_skew	(-Inf,-1.5)	PLS	2	496	496	146.105	154.80927299999993	496	1474.0869986797916	9941.683477597508	247	212	371	trained	2.971949594112483	11.23388125289821	0.15049569475206817	2.67697803239843	3.2669211558265365	0.49798387096774194	0.022450480238762355	0.4539809296997677	0.5419868122357161	0.2945665322580645	0.2258012723321928	0.021336459422072435	0.2527470717908025	0.3363859927253265
mean_skew	(-Inf,-1.5)	PLS	3	2217	2217	427.907	190.97483699999984	2216	9901.559004688637	67514.2867240849	1549	1020	1739	trained	4.468212547242165	10.506553743601124	0.06885655098491655	4.333253707311728	4.603171387172601	0.6990072202166066	0.009743926329598	0.6799091246105945	0.7181053158226186	0.19301172755976545	0.04890964246168018	0.004696933349276079	0.18380573819518434	0.20221771692434656
mean_skew	(-Inf,-1.5)	dELS	0	27994	27993	25806.65499999999	56991.190730999995	27929	-6942.835997112212	79089.31880634095	1190	2264	9955	trained	-0.24858877858542058	2.7701019652642485	0.009959102098441978	-0.2681086186983669	-0.2290689384724743	0.04260804182033012	0.0012085454350380144	0.040239292767655616	0.04497679087300463	0.921896724181045	1.186057445857017	0.006509207858228901	0.9091386767789164	0.9346547715831736
mean_skew	(-Inf,-1.5)	dELS	1	7496	7495	5097.732000000003	10168.587500000001	7490	1628.7479973981385	31553.028930235127	728	1055	4675	trained	0.21745634144167403	4.165956382639935	0.023583944841587594	0.17123180955216233	0.26368087333118573	0.09719626168224299	0.0034227923000289553	0.09048758877418624	0.10390493459029974	0.6801510340226822	0.8942300252241104	0.010922921320324281	0.6587421082348466	0.7015599598105178
mean_skew	(-Inf,-1.5)	dELS	2	2294	2294	1171.7430000000006	2031.763503	2287	2021.081999982009	17554.733072914365	448	398	1690	trained	0.8837262789602138	6.897922046192825	0.05491943475703949	0.7760841868364164	0.9913683710840112	0.19588981198076083	0.008299092873311676	0.17962358994906996	0.2121560340124517	0.5107859633827379	0.6250560950318449	0.01650679624150632	0.47843264274938546	0.5431392840160902
mean_skew	(-Inf,-1.5)	dELS	3	867	867	325.94399999999996	401.549548	867	1269.5989984602204	8567.766332467876	251	184	654	trained	1.4643587064131722	7.746672038590311	0.0945252938973409	1.279089130374384	1.6496282824519604	0.2895040369088812	0.015402760785591564	0.25931462576912173	0.3196934480486407	0.37594463667820066	0.322185507323973	0.019277177741789647	0.33816136830429294	0.4137279050521084
mean_skew	(-Inf,-1.5)	non-cCRE	0	73105	73072	78766.37500000004	178300.267705	72451	-34751.47294242854	131579.9515064202	473	3249	1609	trained	-0.479654841788637	1.5860764561807805	0.004678858024670368	-0.4888254035169909	-0.4704842800602831	0.0065285503305682465	2.992015793527087e-4	0.005942115235036937	0.007114985426099556	1.0779282762207145	1.2781509063389798	0.004182303727918506	1.0697309609139942	1.0861255915274348
mean_skew	(-Inf,-1.5)	pELS	0	2808	2808	2514.069	5382.224372999999	2805	-331.2290015580369	7988.3571220379645	140	457	1033	trained	-0.11808520554653722	2.8349657194386624	0.03179124039624417	-0.18039603672317578	-0.05577437436989865	0.049910873440285206	0.004111623372435812	0.04185209163031101	0.0579696552502594	0.8953237179487179	1.1155392834842834	0.01993167892082012	0.8562576272639104	0.9343898086335254
mean_skew	(-Inf,-1.5)	pELS	1	1288	1288	749.5469999999999	1331.035361	1288	850.6489986823871	8180.405652601921	204	378	778	trained	0.660441769163344	5.919659303010954	0.06779386974962871	0.5275657844540717	0.7933177538726163	0.15838509316770186	0.01017316129517009	0.13844569702916848	0.17832448930623523	0.5819464285714285	0.6952907236235987	0.023234069604591286	0.5364076521464296	0.6274852049964275
mean_skew	(-Inf,-1.5)	pELS	2	803	803	243.65600000000003	299.4758819999998	803	1521.4249955122364	10545.283449000992	278	321	567	trained	1.8946762086080153	9.554458487309727	0.10908003441045461	1.6808793411635243	2.1084730760525066	0.34620174346201743	0.01678915086913114	0.31329500775852037	0.3791084791655145	0.30343212951432136	0.2812254651509455	0.018714126001996782	0.26675244255040764	0.3401118164782351
mean_skew	(-Inf,-1.5)	pELS	3	1042	1042	225.62599999999998	136.66730600000002	1042	3115.0290046414593	21141.45065093691	503	438	824	trained	2.9894712136674273	11.363267158330613	0.10442818964735347	2.7847919619586143	3.1941504653762403	0.48272552783109407	0.015480208174194463	0.4523843198096729	0.5130667358525152	0.21653166986564298	0.08435363252151246	0.008997420856800473	0.19889672498631406	0.2341666147449719
mean_skew	[-0.05,0.05)	Other cCREs	0	18757863	18744030	4549179.121	6090492.241157002	18675084	-307479.96653175715	29228995.670898564	572858	531281	629661	trained	-0.016464716653041944	1.5648622873790243	2.894721456172069e-4	-0.01703208205845167	-0.015897351247632217	0.030674989199513104	3.990208933495379e-5	0.030596781104416593	0.030753197294609614	0.24270016218497303	0.2660263559495031	1.1913266234898439e-4	0.24246666216676901	0.24293366220317705
mean_skew	[-0.05,0.05)	Other cCREs	1	370404	370290	94752.54199999997	124382.52573999994	369623	-23461.19398093852	697006.1387526102	12266	21582	34073	trained	-0.06347330653378853	1.8816980028120875	0.002256292855291318	-0.06789564053015952	-0.05905097253741755	0.033185164343128	2.9462130276590833e-4	0.03260770658970682	0.033762622096549184	0.25588739096383906	0.27042808449732064	8.545842886147879e-4	0.25421240575815407	0.25756237616952404
mean_skew	[-0.05,0.05)	Other cCREs	2	70397	70381	14159.766999999998	13765.314073000001	70069	-10532.242999858458	130036.7024505529	1659	5128	13180	trained	-0.15031244915523923	1.8332701833953595	0.005115054646122136	-0.1603379562616386	-0.14028694204883985	0.023676661576446073	5.743731224270338e-4	0.022550890256489087	0.02480243289640306	0.20118735170003266	0.15510866793947833	0.001484534577330441	0.198277663928465	0.20409703947160032
mean_skew	[-0.05,0.05)	Other cCREs	3	55092	55079	9903.637999999999	7259.562706000001	55059	-13032.331999715998	115373.4315212341	1297	5517	14118	trained	-0.23669757895559304	2.0394622051065388	0.006086164283566803	-0.24862646095138397	-0.22476869695980212	0.023556548429866143	6.463462260028822e-4	0.022289709826900494	0.02482338703283179	0.17980787595998474	0.09947366630856984	0.001343881697210112	0.17717386783345293	0.18244188408651654
mean_skew	[-0.05,0.05)	PLS	0	289380	284706	73764.995	94385.55098700004	288950	61100.18893076434	963511.2240824918	24393	55040	36574	trained	0.21145592293048743	3.289823557932057	0.003374232107977329	0.20484242799885186	0.218069417862123	0.08441944973178751	5.171996094572545e-4	0.08340573849725129	0.08543316096632374	0.2590918175240423	0.26439171901722186	9.636639539356788e-4	0.2572030361743284	0.26098059887375624
mean_skew	[-0.05,0.05)	PLS	1	134431	134188	28944.466999999993	26199.367549	134401	56208.80898674717	608581.8956405987	17176	42669	38893	trained	0.4182171932258478	4.353232182377928	0.005691210715521885	0.4070624202234249	0.42937196622827073	0.12779666817955224	9.10683328759236e-4	0.12601172885518414	0.12958160750392034	0.2157008599874802	0.148717991498586	0.0010527491894809218	0.2136374715760976	0.2177642483988628
mean_skew	[-0.05,0.05)	PLS	2	93829	93781	17528.232999999993	10479.163728999994	93733	33900.64599242167	448635.8979926844	12064	37172	40969	trained	0.3616724738610913	4.655560187461232	0.007047575128184667	0.34785922660984936	0.37548572111233325	0.1287060053556378	0.0010937939261786986	0.12656216926032757	0.13084984145094805	0.1869060150776809	0.07680775802534541	9.049927802611074e-4	0.18513222922836914	0.18867980092699266
mean_skew	[-0.05,0.05)	PLS	3	263794	263724	41262.842	15281.278296	263701	24464.703983193493	1544514.9430782003	31417	114061	133535	trained	0.09277440731431998	5.848484052582629	0.004709402029836865	0.08354397933583972	0.10200483529280023	0.11913872150655477	6.308474312512752e-4	0.11790226054130228	0.12037518247180727	0.15646221807647387	0.0334639091491486	3.5621607099769933e-4	0.15576403457731838	0.15716040157562935
mean_skew	[-0.05,0.05)	dELS	0	40129514	40118961	10014157.974	13398134.377894003	40075527	2431702.3314103796	87701726.2532214	1982697	2413102	3269225	trained	0.06067798762597382	2.184729289622949	2.3348511262630001e-4	0.06022035680522627	0.061135618446721364	0.049474009412277975	3.4255548894824805e-5	0.04940686853644412	0.04954115028811183	0.24961159821661383	0.2716542104085005	8.228740784662298e-5	0.24945031489723446	0.2497728815359932
mean_skew	[-0.05,0.05)	dELS	1	3702539	3701868	982480.565	1282195.1781630001	3698642	283694.1313916844	10013246.58589628	226114	458944	631585	trained	0.07670224136093312	2.701394001244672	8.54619537586208e-4	0.07502718706726415	0.0783772956546021	0.06113432984322354	1.2457278076166708e-4	0.06089016719293067	0.06137849249351641	0.2654012960483734	0.27592659673339476	2.730148799946665e-4	0.2648661868835839	0.265936405213163
mean_skew	[-0.05,0.05)	dELS	2	598773	598632	142998.34499999997	158209.78444500003	598099	36472.09087394854	1963406.745110137	40610	107505	164557	trained	0.060980023163303296	3.2790323260800562	0.0023414576706789884	0.05639076612877248	0.06556928019783412	0.0678984582819901	3.252932350697696e-4	0.06726088354125336	0.06853603302272686	0.2388752104798941	0.20722452509951628	5.883565765679081e-4	0.237722031589821	0.2400283893699672
mean_skew	[-0.05,0.05)	dELS	3	389138	389075	75624.02700000003	60309.51793499997	388958	-40357.302073650186	1468607.5550493277	22888	73353	132098	trained	-0.10375748043143523	3.764992487779254	0.0031112198628940823	-0.10985547136270764	-0.09765948950016283	0.05884439965240463	3.7733920440943537e-4	0.058104814811762134	0.059583984493047124	0.1943687643770482	0.11722852015244768	5.489085281365172e-4	0.19329290366190063	0.19544462509219576
mean_skew	[-0.05,0.05)	non-cCRE	0	300276644	300125299	69129009.32100005	89533144.22395302	296738718	-28551962.123907387	336980404.80875605	4248978	6385630	1006962	trained	-0.09621920023226423	1.126355068280934	6.160990664980146e-5	-0.09633995564929784	-0.09609844481523061	0.014318920121505681	6.896619016557161e-6	0.014305402748233229	0.014332437494778133	0.23033382907516922	0.2452655450820211	2.8586893816562295e-5	0.23027779876328877	0.23038985938704967
mean_skew	[-0.05,0.05)	pELS	0	4462176	4456529	1081686.107	1355244.0469529997	4457582	109455.25099891721	9172115.454238731	192929	696991	331759	trained	0.02455484857012551	2.0570412062338854	6.793159711052259e-4	0.023223389266759268	0.025886307873491752	0.04328108826713676	9.638103706479895e-5	0.04309218143448976	0.04346999509978376	0.24271941392056465	0.2451903879019592	2.3455967535869883e-4	0.2422596769568616	0.2431791508842677
mean_skew	[-0.05,0.05)	pELS	1	1069317	1068917	222244.187	211510.50075899996	1068348	123350.30895096634	2741211.4366166797	67292	318873	187794	trained	0.11545892251491681	2.552512940882802	0.001545708537247461	0.11242933378191179	0.11848851124792183	0.0629869667935916	2.3504000767803347e-4	0.06252628837854265	0.06344764520864055	0.2079152890261826	0.15464502017418205	3.803609975450119e-4	0.20716978147099435	0.20866079658137082
mean_skew	[-0.05,0.05)	pELS	2	432394	432332	73673.02900000002	42794.515222999995	432163	88085.83804017967	1326354.732482524	35369	168916	139756	trained	0.20382549649132312	3.0275697372978883	0.0026468131699433502	0.19863774267823414	0.2090132503044121	0.08184180505966498	4.1698704865380696e-4	0.08102451044430352	0.08265909967502645	0.17040845692662127	0.06994642538702932	4.022296410377962e-4	0.16962008683018717	0.17119682702305536
mean_skew	[-0.05,0.05)	pELS	3	299983	299871	46029.202000000005	18842.075194	299844	58674.40002558951	1408291.8985089709	30086	123438	125793	trained	0.19568308862471653	4.6584723028010036	0.003941613869429936	0.18795752544063385	0.20340865180879922	0.10033884286495644	5.486891190172359e-4	0.09926341219168265	0.10141427353823022	0.15349667690440225	0.03927283705085049	3.6189193430937236e-4	0.15278736871315587	0.15420598509564862
mean_skew	[-0.2,-0.05)	Other cCREs	0	4081879	4078153	2023175.3899999997	3930082.31953	4055673	-604329.774169215	6844165.4108681055	100309	139339	199789	trained	-0.1490085059049916	1.6653504361657574	6.407983012981025e-4	-0.15026447057553588	-0.1477525412344473	0.02473300978653851	7.712031261809079e-5	0.024581853973807053	0.02488416559926997	0.4961009040121839	0.7175757989343696	4.1947118605810646e-4	0.49527874048750997	0.4969230675368578
mean_skew	[-0.2,-0.05)	Other cCREs	1	131827	131782	61260.24999999999	108790.58544000004	131508	-22976.50097658683	269948.7756862466	3767	8361	17724	trained	-0.17471561408117248	2.022207351765956	0.00392136037467217	-0.18240148041552992	-0.16702974774681503	0.028644645192687897	4.599755066610112e-4	0.027743093199632314	0.02954619718574348	0.4648605272343719	0.6094437993829961	0.002150496718626751	0.46064555366586346	0.4690755008028803
mean_skew	[-0.2,-0.05)	Other cCREs	2	22632	22621	8229.1	12174.042428000004	22526	-4017.560991168139	51141.68897784669	715	1803	6311	trained	-0.17835217043275056	2.2386303331953785	0.009968943903252023	-0.19789130048312453	-0.1588130403823766	0.03174109917428749	0.001168058758123872	0.0294517040083647	0.03403049434021028	0.3637814420228991	0.4058553741577969	0.004235744451945828	0.35547938289708525	0.3720835011487129
mean_skew	[-0.2,-0.05)	Other cCREs	3	18725	18725	5443.983000000002	5943.968631	18702	-4476.350002163439	51549.935345836515	705	2029	6788	trained	-0.239351406382389	2.699241467159985	0.012013701645408667	-0.26289826160739	-0.215804551157388	0.03769650304780237	0.0013927159130516908	0.03496677985822106	0.040426226237383685	0.29073340453938595	0.23292143340928537	0.0035269054232165494	0.28382066990988153	0.2976461391688904
mean_skew	[-0.2,-0.05)	PLS	0	106121	105333	48351.831	81234.17216300002	105893	25052.022970532187	426112.3153352198	10605	21977	20265	trained	0.23657864986856722	3.9680574695385387	0.006121464716261217	0.22458057902469525	0.2485767207124392	0.10014826286912261	9.225152706045037e-4	0.09834013293873778	0.10195639279950744	0.45903782290450285	0.5605025341521435	0.0023067820506996184	0.4545165300851316	0.4635591157238741
mean_skew	[-0.2,-0.05)	PLS	1	74160	74098	22489.503	26239.681703000002	74141	49902.71800067555	417875.0391853785	12634	23833	28684	trained	0.6730785665242652	5.18325585767223	0.008361267229319916	0.6566904827547982	0.6894666502937322	0.17040503904722085	0.001380845374769852	0.16769858211267194	0.17311149598176975	0.3035102566870901	0.262006381833339	0.0018804106053794737	0.2998246519005463	0.30719586147363387
mean_skew	[-0.2,-0.05)	PLS	2	58176	58149	13337.624	9828.683078000004	58137	40128.29902098153	333965.687080932	10238	23491	30360	trained	0.6902368374869968	5.268124000119671	0.009519227050862129	0.671579152467307	0.7088945225066866	0.17610127801572148	0.0015797627157829565	0.17300494309278688	0.17919761293865608	0.2293697913979604	0.11641733238246497	0.0014149389325631774	0.22659651109013657	0.23214307170578424
mean_skew	[-0.2,-0.05)	PLS	3	177783	177734	31682.507	13355.457303	177695	84421.16498701251	1153003.215490904	29822	76752	100230	trained	0.47509026695749745	6.262988855450162	0.005936810894913137	0.4634541176034677	0.4867264163115272	0.16782689439770393	8.865434249332244e-4	0.1660892692848348	0.16956451951057305	0.1782579979069846	0.043367281464364936	4.939646176539502e-4	0.17728982725638287	0.17922616855758633
mean_skew	[-0.2,-0.05)	dELS	0	10152844	10149553	5147015.598000001	9749751.678644005	10134975	-649909.7661942055	24529348.04234786	469685	713872	1292606	trained	-0.0641254434465014	2.4161554129680494	4.882599383841626e-4	-0.06508243292573436	-0.06316845396726843	0.046342985552505066	6.603539307500698e-5	0.04621355618207805	0.04647241492293208	0.5071174659613089	0.703440917522558	2.632633209517271e-4	0.5066014698522435	0.5076334620703743
mean_skew	[-0.2,-0.05)	dELS	1	1432600	1432262	680747.9520000002	1169266.719528	1430666	21755.98083885309	4363926.181588762	93291	190382	350729	trained	0.015206890244720354	3.050046894818829	0.0014601051415203496	0.012345084167340469	0.018068696322100238	0.06520809189566258	2.0641397159297287e-4	0.06480352051134035	0.06561266327998481	0.4752956875208587	0.5904720952771482	6.420789828420175e-4	0.47403721271448834	0.4765541623272291
mean_skew	[-0.2,-0.05)	dELS	2	278122	278033	110420.88400000006	161786.70744399985	277807	26592.307972105344	1038688.7445905579	22945	54216	103443	trained	0.09572223872006588	3.729736828357683	0.003664101554916037	0.08854059967243046	0.10290387776770131	0.08259331118366348	5.222540271265433e-4	0.08156969329049545	0.0836169290768315	0.3971502807220728	0.42417067951106485	0.0012351569589646786	0.39472937308250206	0.39957118836164357
mean_skew	[-0.2,-0.05)	dELS	3	173055	173036	51904.108000000015	56792.11191199999	172969	-621.8120718636769	767937.0870752494	14196	35711	77320	trained	-0.0035949336115932737	4.439751004244323	0.005066349776009039	-0.01352497917257099	0.006335111949384442	0.08207251010296643	6.599619678660893e-4	0.08077898464594889	0.08336603555998397	0.29996132596685093	0.23823438525843532	0.0011733673216863887	0.2976615260163456	0.30226112591735627
mean_skew	[-0.2,-0.05)	non-cCRE	0	43081688	43048644	21153993.457	41709995.77638901	42528544	-8231279.698026929	59172960.31490233	612380	1279466	357094	trained	-0.19354717852619005	1.3539099929590652	1.7842456210896167e-4	-0.19389689066792362	-0.19319746638445648	0.014399270287738982	1.8267557913546203e-5	0.014363465874228432	0.014435074701249533	0.4913974399983423	0.7274323965537666	1.2999198672065913e-4	0.4911426557043698	0.49165222429231475
mean_skew	[-0.2,-0.05)	pELS	0	1156491	1154880	553406.0250000003	971707.5515629998	1154773	-84510.63597952863	2744544.4635805995	51499	197732	139415	trained	-0.07318376510320958	2.371342271070264	0.0014330086470162235	-0.07599246205136137	-0.07037506815505779	0.044596643669361856	1.9208619702501097e-4	0.04422015472319284	0.044973132615530875	0.47918920147547817	0.6117708957834814	7.278233355647293e-4	0.4777626677377713	0.480615735213185
mean_skew	[-0.2,-0.05)	pELS	1	392238	392085	133797.71399999992	179527.30411199993	391818	63673.50800698034	1224384.0920149577	31329	118610	101402	trained	0.16250786846694215	3.098478743778168	0.0028121084722566	0.15699613586131922	0.16801960107256508	0.07995804174387088	4.333040015259844e-4	0.07910876590087995	0.0808073175868618	0.34124670415853686	0.341430089433778	9.33170029153967e-4	0.33941769090139506	0.34307571741567866
mean_skew	[-0.2,-0.05)	pELS	2	194518	194469	45309.20700000001	37419.30646500001	194397	74890.06799085753	727273.1861471288	21649	76626	81334	trained	0.38524292036840857	3.5927813208488972	0.004299031356745308	0.3768168189091878	0.39366902182762936	0.11136488731821993	7.134952669596392e-4	0.10996643659497904	0.11276333804146083	0.23298935562994622	0.13813451838845547	8.428027003731643e-4	0.2313374623372148	0.23464124892267763
mean_skew	[-0.2,-0.05)	pELS	3	156862	156827	29749.382999999994	16009.592548999994	156820	71360.68102565767	843356.3601812841	21371	65186	79861	trained	0.4550483422118204	5.170826242875239	0.005742212329886013	0.4437936060452438	0.46630307837839696	0.13627726055350084	8.663595148009868e-4	0.1345791959044909	0.13797532520251077	0.18969554349697434	0.06610043724966107	6.492197884113462e-4	0.1884230727116881	0.1909680142822606
mean_skew	[-0.5,-0.2)	Other cCREs	0	758589	757932	439465.46900000004	880633.8497749995	753401	-173359.12476853805	1303464.792230506	15284	29246	61089	trained	-0.23010206353394547	1.6771628615460932	0.001492019579485798	-0.23302642190973763	-0.2271777051581533	0.02028667336518003	1.6242086908925792e-4	0.019968328461765085	0.020605018268594975	0.5798217636938406	0.825698126157762	0.0010437476911236481	0.5777760182192383	0.581867509168443
mean_skew	[-0.5,-0.2)	Other cCREs	1	35986	35967	17256.090999999993	30824.721789000003	35858	-5434.873991218397	82165.59766180969	1253	2451	8430	trained	-0.1515665678849461	2.26850691536028	0.007953843147806507	-0.16715610045464685	-0.13597703531524535	0.03494338780746277	9.697635756225131e-4	0.03304265119924264	0.0368441244156829	0.47977565546195106	0.6268606300051139	0.004174778036247449	0.47159309051090603	0.4879582204129961
mean_skew	[-0.5,-0.2)	Other cCREs	2	6321	6315	2394.9030000000007	3671.7348810000003	6289	1085.1200001989494	24505.39012462937	543	556	2984	trained	0.17254253461582914	3.8673919798716154	0.024798093820432774	0.12393827072778091	0.22114679850387736	0.08634123072030529	0.003541688273594792	0.0793995217040595	0.09328293973655108	0.37924038004750604	0.437676743285253	0.008325111478050729	0.3629231615505266	0.39555759854448547
mean_skew	[-0.5,-0.2)	Other cCREs	3	4645	4645	1305.8600000000001	1327.9169259999996	4640	2032.0880060326313	25683.664167595114	658	513	2703	trained	0.43795000130013606	5.344624104917252	0.03393904305223015	0.37142947691776496	0.5044705256825072	0.1418103448275862	0.005121375314666784	0.1317724492108393	0.1518482404443331	0.28113240043057053	0.2068900451278499	0.006673857632605794	0.2680516394706632	0.2942131613904779
mean_skew	[-0.5,-0.2)	PLS	0	29241	29133	14015.434	23826.76056	29192	12943.799990760861	150200.28626972815	3947	6428	8105	trained	0.44340230168405254	4.9488190045317655	0.01302023611631741	0.4178826388960704	0.46892196447203466	0.13520827624006576	0.0020013611964552758	0.13128560829501343	0.1391309441851181	0.48108447465073967	0.586439408798156	0.004486616706952169	0.4722907059051134	0.48987824339636593
mean_skew	[-0.5,-0.2)	PLS	1	27218	27195	8380.967999999997	9933.343732000001	27218	31111.64098756388	214037.42464067877	6632	9113	13169	trained	1.1430538976987243	6.557487678511242	0.015521748303074068	1.1126312710246993	1.1734765243727494	0.2436622823131751	0.002602099674543229	0.23856216695107038	0.24876239767527983	0.3081804743519028	0.27029833927454155	0.0031526601489655663	0.3020012604599303	0.31435968824387533
mean_skew	[-0.5,-0.2)	PLS	2	23099	23090	5262.496	3882.3779799999993	23075	30116.906978992163	188361.33133604756	6208	9232	13927	trained	1.305174733650798	6.459803471065078	0.016731651027070252	1.2723806976377403	1.3379687696638556	0.26903575297941495	0.0029193234244759532	0.2633138790674421	0.27475762689138783	0.22791234300563015	0.11620209565517098	0.0022433395538920932	0.22351539748000165	0.23230928853125865
mean_skew	[-0.5,-0.2)	PLS	3	74697	74679	12970.037999999999	5256.175146	74673	94837.54799827562	701119.4790855501	20771	32414	46673	trained	1.2700380056817808	7.776304220619107	0.010204807611311206	1.2500365827636108	1.2900394285999508	0.2781594418330588	0.0016397805977052566	0.2749454718615565	0.2813734118045611	0.17367717832322338	0.04022035329568302	7.338777041374059e-4	0.17223877802311408	0.17511557862333268
mean_skew	[-0.5,-0.2)	dELS	0	1934722	1934032	1126428.2250000003	2209444.582023001	1931023	-244352.2220600885	4948133.540635246	87001	150340	384580	trained	-0.1265402960296633	2.5464304073802664	0.0011483444678214894	-0.12879105118659342	-0.12428954087273318	0.0450543571982312	1.4926706771480256e-4	0.04476179374551018	0.045346920650952215	0.5824248125160288	0.8031850752467837	6.444303521524394e-4	0.5811617290258101	0.5836878960062476
mean_skew	[-0.5,-0.2)	dELS	1	373318	373227	186779.73999999993	327150.8966719999	372801	18539.87497573172	1239732.315908431	27354	51534	131544	trained	0.04973129089174042	3.322989012856535	0.0029855607894818145	0.043879591744356065	0.05558299003912478	0.07337426669992839	4.2705669140490987e-4	0.07253723558477476	0.07421129781508201	0.5004454125773321	0.626102770510664	0.0012951983598794197	0.49790682379196843	0.5029840013626957
mean_skew	[-0.5,-0.2)	dELS	2	88615	88581	36649.23700000001	54699.499976999985	88494	24974.90199342638	401645.02322532015	9903	18134	43816	trained	0.2822214160669241	4.459071011476644	0.0070984786639951515	0.2683083978854936	0.29613443424835456	0.11190589192487627	0.0010597393430836605	0.10982880281243229	0.11398298103732024	0.4137369977760469	0.4463350044009614	0.002244709707668493	0.40933736674901666	0.4181366288030771
mean_skew	[-0.5,-0.2)	dELS	3	52703	52697	16162.701999999996	17754.38643599999	52674	24930.435960565697	336067.36082485295	8128	11379	31116	trained	0.473296806025092	6.156244472726143	0.010810848448655073	0.45210754306572803	0.49448606898445596	0.15430762805179027	0.0015739892239927601	0.15122260917276445	0.1573926469308161	0.3067100973489951	0.242848082058547	0.002146715010461233	0.30250253592849113	0.3109176587694991
mean_skew	[-0.5,-0.2)	non-cCRE	0	5383911	5379211	3520804.8880000003	7159648.814744	5330181	-1671147.2095568338	8426497.55763766	64992	208949	87573	trained	-0.31352541490745506	1.4826047967216711	5.274019388262282e-4	-0.3145591227075545	-0.31249170710735563	0.012193206947381336	4.753614927138002e-5	0.012100036094809431	0.012286377799953242	0.6545206886288715	0.9025877730972287	4.096240367244818e-4	0.6537178255168915	0.6553235517408514
mean_skew	[-0.5,-0.2)	pELS	0	220549	220137	120826.982	219406.543304	220112	-19581.868002226816	591905.878771165	11146	39831	41823	trained	-0.08896320056256277	2.6812099945967867	0.0034901456791087398	-0.0958038860936159	-0.08212251503150964	0.050637857090935524	4.673387087234304e-4	0.049721873221837604	0.051553840960033445	0.548871757133058	0.6954247618952629	0.0017773728971821926	0.5453881062545809	0.5523554080115352
mean_skew	[-0.5,-0.2)	pELS	1	97763	97692	35248.57700000001	48696.48565700001	97646	30585.54902951863	380159.55680607783	10415	29688	35619	trained	0.3132288985674644	3.795169020139081	0.006234309120153682	0.30100965269196317	0.3254481444429656	0.10666079511705549	9.878326503845332e-4	0.10472464312230181	0.10859694711180917	0.3608133419317857	0.36828703556407577	0.001941617667516123	0.3570077713034541	0.3646189125601173
mean_skew	[-0.5,-0.2)	pELS	2	55797	55787	13475.448000000002	11438.038947999996	55739	38409.85899123178	290744.67521904723	9016	21835	29115	trained	0.6891020468833631	4.741403759870969	0.009223035567433827	0.6710248971711927	0.7071791965955334	0.16175388865964585	0.0015596729940206395	0.1586969295913654	0.1648108477279263	0.2415517593704627	0.1466859207560107	0.0016215401704403574	0.2383735406363996	0.2447299781045258
mean_skew	[-0.5,-0.2)	pELS	3	53817	53805	10287.222000000005	5472.735127999995	53806	52889.69598134386	398839.66094232147	11637	22727	32482	trained	0.9829702260220767	6.446439262694935	0.010945726542240304	0.9615166019992858	1.0044238500448677	0.21627699513065457	0.0017748886300995798	0.21279821341565938	0.21975577684564976	0.1911945358238083	0.06516010877989602	0.0011004734835182075	0.18903760779611262	0.19335146385150398
mean_skew	[-1.0,-0.5)	Other cCREs	0	184179	184092	120938.95700000001	249859.45727099993	182979	-47797.338963892085	328463.86534859746	3479	7018	23155	trained	-0.26121762040393753	1.7268652963897801	0.0030720523070195153	-0.2672388429256958	-0.2551963978821793	0.019013110794134844	3.192695985201095e-4	0.01838734238103543	0.01963887920723426	0.6569484659843992	0.9256769477709216	0.0022423957740800513	0.6525533702672023	0.661343561701596
mean_skew	[-1.0,-0.5)	Other cCREs	1	11756	11751	6231.5390000000025	11336.658527	11718	82.51000415941174	37177.693814425045	694	858	4446	trained	0.0070413043317470335	3.1729207848745706	0.016455188739819944	-0.025210865598300058	0.03929347426179412	0.05922512374125277	0.002180565301293253	0.054951215750718	0.06349903173178754	0.53029861288401	0.6835814501419053	0.007627069808774407	0.5153495560588122	0.5452476697092079
mean_skew	[-1.0,-0.5)	Other cCREs	2	2999	2999	1087.3690000000004	1467.158235	2991	3556.458989458974	27908.438494991144	708	233	2219	trained	1.1890534902905296	7.919604856354455	0.051456891867011606	1.088197982231187	1.2899089983498724	0.23671013039117353	0.007772217849366835	0.22147658340641452	0.25194367737593254	0.36257719239746594	0.3578729272448165	0.010923861618760439	0.34116642362469546	0.3839879611702364
mean_skew	[-1.0,-0.5)	Other cCREs	3	2256	2256	650.9369999999999	633.5557670000001	2256	4619.968996601994	31037.031297921912	848	249	1896	trained	2.047858597784572	9.56806566152211	0.06512421866754083	1.9202151291961918	2.175502066372952	0.375886524822695	0.010197427129951043	0.35589956764799097	0.3958734819973991	0.2885359042553191	0.19766610691430395	0.00936044631374544	0.27018942948037805	0.30688237903026017
mean_skew	[-1.0,-0.5)	PLS	0	9130	9123	5052.472000000001	8961.853984000005	9120	6816.401983838762	63626.279377638784	1637	1886	3291	trained	0.7474124982279344	6.4186440774177	0.026529204524435128	0.6954152573600416	0.7994097390958272	0.1794956140350877	0.004018555352946996	0.1716192455433116	0.18737198252686382	0.5538169461799848	0.6756971464920111	0.00860611618743528	0.5369489584526116	0.570684933907358
mean_skew	[-1.0,-0.5)	PLS	1	8918	8914	3117.573	3967.7025009999998	8916	15200.38998056145	101274.44448012764	2858	3067	5140	trained	1.7048440983133075	8.453185566988976	0.03079109768442162	1.6444935468518411	1.765194649774774	0.3205473306415433	0.004942431478640323	0.31086016494340823	0.33023449633967833	0.3497389499663451	0.32282798087474157	0.006017959629788128	0.33794374909196034	0.3615341508407298
mean_skew	[-1.0,-0.5)	PLS	2	7711	7709	1888.4880000000005	1509.1328839999994	7703	15759.351992337733	98074.93719167556	2927	3267	5106	trained	2.045871996928175	8.547561706156523	0.033311268683985755	1.980581910307563	2.111162083548787	0.3799818252628846	0.00553036344797027	0.3691423129048629	0.3908213376209063	0.24497185108314964	0.13576887427240325	0.004196633911587323	0.23674644861643848	0.2531972535498608
mean_skew	[-1.0,-0.5)	PLS	3	27248	27248	4821.723	2032.4290070000004	27238	64998.212014947785	414362.58595905197	11980	12037	19194	trained	2.3863063372842275	9.518557136088345	0.0186938155312851	2.3496664588429086	2.4229462157255464	0.4398267126808136	0.003007560629049906	0.4339318938478758	0.4457215315137514	0.17695695096887845	0.04327785101124847	0.0012602756011450326	0.1744868107906342	0.1794270911471227
mean_skew	[-1.0,-0.5)	dELS	0	456178	456096	300788.333	609474.6635910005	455320	-64384.3410084043	1259496.6319776364	21913	36565	129567	trained	-0.14140459678556686	2.746189792646559	0.0024558786900462913	-0.1462181190180576	-0.13659107455307612	0.04812659228674339	3.17193142273635e-4	0.04750489372788706	0.048748290845599715	0.6594846983968287	0.9013678302134656	0.001405797916420531	0.6567293344806444	0.6622400623130129
mean_skew	[-1.0,-0.5)	dELS	1	107508	107477	59679.835999999996	107719.30687599999	107341	14292.259980563664	425214.6246722533	9549	15029	50317	trained	0.13314819109719178	3.9436522834837944	0.00606130990559162	0.1212680236822322	0.14502835851215135	0.08895948426044102	8.689247256127787e-4	0.08725639179823998	0.09066257672264207	0.555280069224113	0.6939250010294045	0.00254096392710457	0.5502997799269881	0.5602603585212379
mean_skew	[-1.0,-0.5)	dELS	2	30817	30810	13841.045	21099.43558699999	30760	21017.255943914883	207233.45600302692	5181	6000	19617	trained	0.6832657979166087	6.270460153141856	0.014277643724025452	0.6552816162175188	0.7112499796156986	0.1684330299089727	0.0021338755161950987	0.1642506338972303	0.17261542592071508	0.4492387211944174	0.4830245133307022	0.003959485315542353	0.44147812997595437	0.4569993124128804
mean_skew	[-1.0,-0.5)	dELS	3	21231	21228	6537.248000000001	6910.542455999999	21214	34137.44797712472	254122.05613242812	6650	4364	16293	trained	1.6091943045689037	9.389915112201093	0.021038731485145637	1.5679583908580181	1.6504302182797892	0.31347223531630053	0.003185057748817539	0.30722952212861815	0.3197149485039829	0.3079540229885058	0.23071421468537406	0.0032967243585702364	0.3014924432457082	0.3144156027313035
mean_skew	[-1.0,-0.5)	non-cCRE	0	915473	914992	702962.434	1510588.37472	907472	-318128.31050414976	1562767.0047608537	11188	41104	23240	trained	-0.3505654284695834	1.599216082145503	0.0013275074204592082	-0.3531673430136834	-0.34796351392548336	0.012328755046987676	1.1583750639961772e-4	0.012101713534444426	0.012555796559530926	0.7682716723206323	1.0606904876356575	0.0010766776267929284	0.7661613841721182	0.7703819604691464
mean_skew	[-1.0,-0.5)	pELS	0	49720	49657	30723.774999999998	57939.86342299999	49608	-2532.048002269584	154840.02400834142	2979	9050	13428	trained	-0.051041122445363324	3.1187289180200386	0.007928900254187148	-0.06658176694357014	-0.035500477947156515	0.06005079825834543	0.001066683862786227	0.05796009788728443	0.06214149862940643	0.6187199186418832	0.784002977578308	0.0039734579089706085	0.6109319411403008	0.6265078961434657
mean_skew	[-1.0,-0.5)	pELS	1	24387	24369	10048.123000000003	14853.777411	24350	11821.249010855216	122945.26070564747	3287	7359	11183	trained	0.4854722386388179	4.813601071290019	0.014060007902898545	0.4579146231491367	0.513029854128499	0.13498973305954826	0.0021898356292854248	0.13069765522614882	0.1392818108929477	0.4123321843325538	0.4395359859638798	0.004246961899697578	0.40400813900914656	0.42065622965596106
mean_skew	[-1.0,-0.5)	pELS	2	15285	15282	4150.036	4061.4034899999992	15260	16541.89600373525	113278.67088972231	3453	5904	9383	trained	1.0840036699695448	6.2485873853737965	0.020235486822847967	1.0443421157967627	1.1236652241423268	0.2262778505897772	0.0033871643549021604	0.21963900845416898	0.23291669272538543	0.2715636696767439	0.19202961092529308	0.0035448184980094817	0.2646158254206453	0.27851151393284246
mean_skew	[-1.0,-0.5)	pELS	3	17495	17493	3417.7429999999995	1836.8198129999994	17493	30651.142001280095	203213.0100254735	5722	7503	12173	trained	1.7521947065271877	8.54712104172292	0.022104351553776155	1.7088701774817865	1.7955192355725889	0.3271022694792203	0.003547187639016002	0.3201497817067489	0.33405475725169165	0.19537775110044014	0.06683448844161491	0.0019546462293693794	0.19154664449087616	0.19920885771000413
mean_skew	[-1.5,-1.0)	Other cCREs	0	37976	37964	26186.749000000007	55620.71699099999	37610	-9899.746983975987	61640.791661072	607	1569	5175	trained	-0.26322113756915677	1.5697032358824488	0.0064603658100317336	-0.27588345455681895	-0.2505588205814946	0.01613932464770008	6.497672429604012e-4	0.014865780851497694	0.01741286844390247	0.6897784480033718	0.989322811883311	0.005104850515465865	0.6797729409930587	0.699783955013685
mean_skew	[-1.5,-1.0)	Other cCREs	1	2501	2501	1476.8099999999993	2876.4044180000005	2494	-104.81899968557966	7215.345315738014	130	142	1043	trained	-0.042028468197906836	2.89247490322631	0.03405544622365865	-0.10877714279627779	0.02472020640046412	0.052125100240577385	0.004450929737421247	0.04340127795523174	0.06084892252592303	0.5904878048780485	0.8017464491512201	0.017904478532475614	0.5553950269543964	0.6255805828017007
mean_skew	[-1.5,-1.0)	Other cCREs	2	591	591	234.906	335.521284	589	564.8110015180428	4618.545000376459	113	38	450	trained	0.9589320908625514	6.933553751273114	0.1084976410693403	0.7462767143666444	1.1715874673584583	0.19185059422750425	0.01622444150270822	0.16005068888219615	0.22365049957281236	0.3974720812182741	0.41042831743955943	0.026352687872476337	0.3458208129882205	0.4491233494483277
mean_skew	[-1.5,-1.0)	Other cCREs	3	463	463	119.42099999999999	92.29360500000003	463	1262.726998363156	8307.791871545276	206	41	431	trained	2.7272721346936417	10.528120595636572	0.15079430152650056	2.4317153037017007	3.0228289656855827	0.4449244060475162	0.023095570010401537	0.3996570888271292	0.4901917232679032	0.2579287257019438	0.1330984819219658	0.016954932125301365	0.22469705873635312	0.29116039266753446
mean_skew	[-1.5,-1.0)	PLS	0	2172	2170	1273.8729999999998	2354.318711000001	2166	2243.2989965134766	17843.553723696852	453	428	854	trained	1.0356874406802754	7.168682275897081	0.05752947887765034	0.9229296620800808	1.1484452192804702	0.20914127423822715	0.00873856465919731	0.19201368750620043	0.22626886097025387	0.5870382488479262	0.7406669137046319	0.018474879117039746	0.5508274857785284	0.6232490119173241
mean_skew	[-1.5,-1.0)	PLS	1	1975	1974	808.8839999999997	1176.6153499999998	1973	4074.5769956532167	28774.60458322928	724	698	1287	trained	2.0651682694643774	10.324501754724524	0.07233875143595574	1.923384316649904	2.2069522222788507	0.366953877344146	0.010850752920831453	0.3456864016193163	0.38822135306897565	0.40976899696048613	0.42836277985940907	0.01473100205037012	0.38089623294176067	0.4386417609792116
mean_skew	[-1.5,-1.0)	PLS	2	1685	1684	447.7089999999999	423.587387	1684	5017.805994975847	31641.97311395748	843	768	1239	trained	2.9796947713633295	9.91707832858727	0.07673982918127677	2.829284706168027	3.130104836558632	0.50059382422802845	0.012184245877712042	0.47671270230771284	0.524474946148344	0.2658604513064132	0.18096213321809687	0.010366277010606441	0.2455425483656246	0.28617835424720184
mean_skew	[-1.5,-1.0)	PLS	3	6656	6656	1203.9340000000002	520.1303460000001	6648	23331.86598875001	151439.75340795808	3966	3108	5087	trained	3.509606797345068	10.463980433142298	0.039673722751297186	3.4318463007525253	3.5873672939376107	0.5965703971119134	0.006016850566060549	0.5847773700024347	0.6083634242213921	0.1808795072115385	0.04543401312769102	0.002612665996051683	0.1757586818592772	0.1860003325637998
mean_skew	[-1.5,-1.0)	dELS	0	88757	88740	63617.867000000006	134820.95450299996	88532	-11235.634989381415	242252.05632022885	4205	7298	30237	trained	-0.12691043904329977	2.720246432896908	0.005543116254726313	-0.13777494690256334	-0.1160459311840362	0.04749695025527493	7.148516306128486e-4	0.046095841059273744	0.048898059451276114	0.7169018142889341	1.005343650813147	0.003365871700058174	0.71030470575682	0.7234989228210481
mean_skew	[-1.5,-1.0)	dELS	1	23061	23060	13468.708	25423.810734000002	23015	5194.1989907145025	92956.33232416416	2237	3262	13000	trained	0.22568755119333056	3.9881839868575186	0.013163825089158164	0.19988645401858057	0.25148864836808055	0.09719747990441016	0.0019526229712166336	0.09337033888082556	0.10102462092799476	0.5840723330442325	0.7613994982153814	0.005746145803623848	0.5728098872691297	0.5953347788193352
mean_skew	[-1.5,-1.0)	dELS	2	7052	7052	3109.824	4912.218812	7050	6450.944999613218	53412.84532173239	1386	1272	5068	trained	0.9150276595196054	6.739970523059527	0.03091964080755173	0.854425163536804	0.9756301555024068	0.19659574468085106	0.004733251290681937	0.18731857215111447	0.20587291721058765	0.4409846851956892	0.5021747346966389	0.008438617027142358	0.4244449958224902	0.45752437456888817
mean_skew	[-1.5,-1.0)	dELS	3	4680	4680	1479.4910000000002	1625.897445	4680	10497.157997136117	75468.40367608862	1824	948	3855	trained	2.242982478020538	11.097128065718989	0.048694776009585626	2.14754071704175	2.3384242389993255	0.38974358974358975	0.007128903549032199	0.37577093878748663	0.40371624069969286	0.3161305555555556	0.24752834649082187	0.0072725973576913145	0.3018762647344806	0.33038484637663057
mean_skew	[-1.5,-1.0)	non-cCRE	0	194394	194316	168252.253	377884.5523970001	192343	-67118.15683932626	308199.291070946	1844	9057	4682	trained	-0.3489503482805522	1.480583475610706	0.002774458648096711	-0.3543882872308218	-0.34351240933028265	0.009587039819489142	2.2218371814184583e-4	0.009151559731931123	0.01002251990704716	0.8658692696432615	1.1949674341973437	0.0024798405312611784	0.8610087822019896	0.8707297570845334
mean_skew	[-1.5,-1.0)	pELS	0	9304	9289	6392.602999999999	12702.674323	9279	-361.5679936578967	28967.64631014876	572	1674	2987	trained	-0.038966267233311425	3.1206679623932825	0.018338896262068936	-0.07491050390696655	-0.0030220305596563093	0.06164457376872508	0.0024967814240821943	0.05675088217752398	0.06653826535992619	0.6881906556141673	0.8939862912735689	0.00981026972647035	0.6689625269502854	0.7074187842780492
mean_skew	[-1.5,-1.0)	pELS	1	4558	4557	2154.7210000000005	3503.640973	4554	2558.419996038313	26606.562860528942	697	1319	2393	trained	0.5617962222306353	5.528058900038502	0.03484093631381354	0.49350798705556076	0.6300844574057098	0.15305226174791392	0.005335211850532864	0.1425952465208695	0.16350927697495835	0.4728376124643407	0.5453924143619893	0.010939942322565697	0.4513953255121119	0.49427989941656947
mean_skew	[-1.5,-1.0)	pELS	2	2871	2869	827.8030000000001	868.6185049999996	2869	4551.971001181635	30618.78619487015	845	1113	1893	trained	1.5866054378465093	8.157811803164487	0.05332385845476189	1.4820906752751761	1.6911202004178425	0.29452771000348554	0.008510161192049772	0.277847794067068	0.3112076259399031	0.28853363541303595	0.21958490097774833	0.008748547675672394	0.27138648196871806	0.30568078885735384
mean_skew	[-1.5,-1.0)	pELS	3	3770	3770	795.2209999999999	516.669203	3768	8987.181013641415	58918.374777991565	1559	1627	2836	trained	2.3851329654037725	9.950292826202425	0.0513880909166508	2.2844123072071367	2.4858536236004083	0.41374734607218683	0.008023328507699608	0.3980216221970956	0.4294730699472781	0.21093395225464187	0.09257895849140661	0.004955477062351562	0.2012212172124328	0.22064668729685094
mean_skew	[0.05,0.2)	Other cCREs	0	4018484	4015245	750598.0640000002	683872.9691500003	3996482	-442229.170608049	6463386.634383911	100333	127295	165721	trained	-0.11065461338448392	1.6050250048687675	6.337266498603262e-4	-0.11189671761821016	-0.10941250915075768	0.025105330137856246	7.825694425072677e-5	0.024951946527124822	0.02525871374858767	0.18693705215995543	0.1353736858105935	1.8361624504126408e-4	0.18657716431967455	0.1872969400002363
mean_skew	[0.05,0.2)	Other cCREs	1	116368	116322	22142.817999999996	20070.836936	116099	-18142.70598299895	223417.10501428158	3240	7237	12882	trained	-0.15626927004538324	1.8999634584029899	0.00404537125930307	-0.16419819771361727	-0.14834034237714921	0.0279072171164265	4.8339024894665484e-4	0.026959772228491056	0.02885466200436194	0.19035795464314573	0.13631051479513218	0.0010825145655962395	0.1882362260945771	0.19247968319171435
mean_skew	[0.05,0.2)	Other cCREs	2	22419	22417	3667.4689999999987	2316.5215749999998	22341	-5423.662995588617	47390.18824430931	556	1679	5219	trained	-0.2427672438829335	2.062376926012552	0.009607993847231199	-0.26159891182350664	-0.22393557594236035	0.02488697909672799	0.0010422268685980208	0.02284421443427587	0.02692974375918011	0.16360213231030016	0.07657547405505334	0.0018482303651525104	0.15997960079460125	0.16722466382599907
mean_skew	[0.05,0.2)	Other cCREs	3	18282	18282	2714.5750000000003	1325.367357	18265	-6838.306990046754	44927.33809608593	423	1836	5690	trained	-0.3743940317572819	2.319706349742024	0.011269552403435386	-0.3964823544680153	-0.35230570904654857	0.023159047358335613	0.0011129161287097484	0.020977731746064508	0.025340362970606718	0.14848348101958211	0.05045116850890366	0.0016612070380819233	0.14522751522494154	0.1517394468142227
mean_skew	[0.05,0.2)	PLS	0	87652	86844	16889.278000000002	15514.487043999994	87509	14173.080990117276	317040.7986912844	7656	17969	13628	trained	0.1619614095706416	3.596760370665152	0.006411053362273831	0.1493957449805849	0.1745270741606983	0.08748814407660926	9.551410251789322e-4	0.08561606766725856	0.08936022048595997	0.19447835198747182	0.14082756344554806	0.0012734266173936195	0.19198243581738034	0.1969742681575633
mean_skew	[0.05,0.2)	PLS	1	55598	55514	9624.893	6185.086425000003	55591	28387.07002029953	288755.11477784935	8390	18039	18314	trained	0.5106414711068253	4.933612152946054	0.009420636776543673	0.49217702302479976	0.529105919188851	0.1509237106725909	0.0015182729361683208	0.14794789571770098	0.1538995256274808	0.17337776056490256	0.08135651164561808	0.0012105839143382582	0.17100501609279958	0.17575050503700554
mean_skew	[0.05,0.2)	PLS	2	42731	42710	6832.401999999998	3112.43563	42701	20739.422987084607	231971.43448063036	6597	17163	19741	trained	0.4856893980722842	5.196686571748636	0.011031745624793157	0.4640671766476896	0.5073116194968788	0.1544928690194609	0.0017490162064685406	0.15106479725478256	0.15792094078413926	0.15997195036291262	0.047283779915159224	0.0010521830659578394	0.15790967155363525	0.16203422917219
mean_skew	[0.05,0.2)	PLS	3	127982	127954	17729.854000000003	5277.242479999999	127919	23025.03196137341	802414.2780072651	17505	55856	64551	trained	0.17999696652861116	6.240480949514482	0.006984599411640131	0.1663071516817965	0.19368678137542583	0.13684440935279357	9.609273307177648e-4	0.13496099178458676	0.13872782692100039	0.1385642809134533	0.022043391009116512	4.1506132548298333e-4	0.13775076071550665	0.13937780111139994
mean_skew	[0.05,0.2)	dELS	0	9588753	9586481	1781184.686000001	1588698.523426	9574673	-581147.5865793859	21947417.739101466	415600	635600	977634	trained	-0.06069633778400431	2.2885529873904904	4.888982816064889e-4	-0.061654578415953024	-0.059738097152055594	0.04340618212235551	6.585330922270669e-5	0.043277109636279	0.043535254608432015	0.18580172286368699	0.13120053867830367	1.1698716082308694e-4	0.18557242802847373	0.18603101769890024
mean_skew	[0.05,0.2)	dELS	1	1191602	1191377	229808.383	206219.42207500004	1190186	-20814.769096294385	3344973.1476103794	69008	153976	238606	trained	-0.017488669078861947	2.810159029900143	0.0015365900979367997	-0.020500385670818074	-0.014476952486905819	0.05798085341282791	2.1422233460428742e-4	0.057560977637003505	0.058400729188652314	0.19289308338166677	0.1358857107169987	3.3772428374048924e-4	0.1922311437855354	0.19355502297779814
mean_skew	[0.05,0.2)	dELS	2	224791	224744	41634.482	33340.590886	224504	1191.4879958825168	762713.9161137773	15617	42238	70344	trained	0.0053072016350823	3.397315816032469	0.0038900565868468682	-0.002317309275137561	0.012931712545302163	0.06956223497131454	5.369308858735206e-4	0.06850985043500245	0.07061461950762664	0.18525291887658848	0.1140310557818718	7.123075040359407e-4	0.18385679616867803	0.18664904158449894
mean_skew	[0.05,0.2)	dELS	3	145535	145514	22942.252999999997	12715.349111	145466	-25051.840018931427	582220.151403665	8992	28650	55228	trained	-0.17221783797541299	3.972816675339763	0.0052259892752045895	-0.18246077695481397	-0.161974898996012	0.0618151320583504	0.00063140913994577305	0.06057757014405669	0.06305269397264412	0.15766354440122599	0.06252494407008542	6.555023702546743e-4	0.15637875975552681	0.15894832904692516
mean_skew	[0.05,0.2)	non-cCRE	0	46523755	46499324	8207783.258999999	6971771.180949	45962942	-7068293.571596672	57314339.1624861	591546	1247765	268865	trained	-0.1537824443787056	1.223319449890286	1.631420933911196e-4	-0.15410220288175222	-0.153462685875659	0.012870063887555327	1.6625457424569062e-5	0.012837477991003172	0.012902649784107482	0.1765140340319786	0.11877554104266787	5.054057622147974e-5	0.1764149745025845	0.1766130935613727
mean_skew	[0.05,0.2)	pELS	0	1077164	1075873	192767.21099999998	161673.46919700011	1075832	-70205.51796058027	2371328.414570736	44089	178060	102089	trained	-0.06525695272178209	2.1999245387094946	0.0014299855963441483	-0.06805972449061662	-0.06245418095294755	0.04098130563136252	1.9113235143894422e-4	0.04060668622254219	0.04135592504018285	0.17917283080809723	0.11816909661664989	3.314144600941007e-4	0.17852325846631278	0.17982240314988168
mean_skew	[0.05,0.2)	pELS	1	336909	336805	55230.43199999999	35561.61502399999	336595	36548.99298241059	981266.4078444856	24205	101995	70138	trained	0.10858447981226874	2.903491311353822	0.002937016830059179	0.10282792682535274	0.11434103279918473	0.07191134746505444	4.452865880405963e-4	0.07103858575249487	0.072784109177614	0.16398340879737533	0.07869485075975449	4.833746748841906e-4	0.16303599443460232	0.16493082316014834
mean_skew	[0.05,0.2)	pELS	2	160538	160505	23785.850000000002	10171.504953999998	160432	41716.42300352932	574181.8241628538	15741	63107	57966	trained	0.2600255747203134	3.5113817609818883	0.004678358792936802	0.2508559914861573	0.2691951579544695	0.09811633589308866	7.426777656315013e-4	0.09666068747245092	0.0995719843137264	0.14819382573751597	0.041410736455672774	5.079397420645769e-4	0.1471982638430694	0.14918938763196254
mean_skew	[0.05,0.2)	pELS	3	126132	126099	17532.393	5665.640223	126094	32944.33897904051	629877.8503272749	14547	52769	56198	trained	0.26126809347820285	4.927081960864769	0.00625097385523687	0.2490161847219386	0.2735200022344671	0.11536631401969959	8.996509316894958e-4	0.11360299819358817	0.117129629845811	0.1390367330430852	0.025599086249207318	4.505639189063419e-4	0.13815362776202877	0.13991983832414162
mean_skew	[0.2,0.5)	Other cCREs	0	636400	635804	138729.01900000003	165960.79412099993	631836	-93161.56089670784	980720.7916976009	13226	23594	32516	trained	-0.14744579431483462	1.5304383444278584	0.0015563445012605728	-0.15049622953730535	-0.1443953590923639	0.02093264707930539	1.8010102180794426e-4	0.02057964907656182	0.02128564508204896	0.21819463073525808	0.2134165253199974	5.793651853802658e-4	0.21705907497191276	0.2193301864986034
mean_skew	[0.2,0.5)	Other cCREs	1	23683	23670	4887.161999999999	5245.864001999999	23614	-4615.974997259212	45278.901858078854	587	1615	3330	trained	-0.1954762004429242	1.87932870047326	0.008921062739353279	-0.21296148341205662	-0.17799091747379175	0.024858135004658253	0.0010131724983551626	0.022872316907882134	0.02684395310143437	0.20647072243346004	0.1790024138413387	0.0027499849355606797	0.2010807519597611	0.21186069290715898
mean_skew	[0.2,0.5)	Other cCREs	2	4113	4113	686.2010000000002	496.9801929999999	4096	-832.1599987696391	8994.953404881177	118	339	1183	trained	-0.2031640621996189	2.1552841023519185	0.022938884188224182	-0.2481242752085383	-0.15820384919069952	0.02880859375	0.002613565996078215	0.0236860043976867	0.0339311831023133	0.16683710187211287	0.09301955419704623	0.0047556268691735385	0.15751607320853273	0.17615813053569301
mean_skew	[0.2,0.5)	Other cCREs	3	3387	3387	511.6319999999999	274.10866799999997	3384	-1171.024000250036	9304.844608905798	106	386	1282	trained	-0.34604728139776475	2.630687241255613	0.02788171168896812	-0.40069543630814225	-0.29139912648738725	0.031323877068557916	0.0029944142144289936	0.02545482520827709	0.03719292892883874	0.15105757307351636	0.05812840513090687	0.004142729771410783	0.14293782272155123	0.1591773234254815
mean_skew	[0.2,0.5)	PLS	0	20143	20022	4274.9169999999995	4619.943072999999	20122	5077.6799945286475	81729.58170523989	2095	4411	3955	trained	0.25234469707427926	3.998223551770808	0.014096067288405125	0.2247164051890052	0.2799729889595533	0.10411489911539608	0.002153014853600509	0.09989499000233908	0.10833480822845308	0.21351098791329534	0.1851656421298965	0.003041070401419506	0.20755048992651312	0.21947148590007756
mean_skew	[0.2,0.5)	PLS	1	16806	16795	2908.5200000000004	1896.234358	16806	14033.10699637502	104144.17196389896	3326	5693	6516	trained	0.8350057715324896	5.499937318023973	0.018090338377630168	0.7995487083123345	0.8704628347526446	0.1979055099369273	0.003073332366644405	0.19188177849830426	0.20392924137555032	0.17317773146769874	0.0829191057801339	0.0022219654458162804	0.16882267919389884	0.17753278374149864
mean_skew	[0.2,0.5)	PLS	2	13687	13681	2125.4959999999996	927.4723140000001	13675	11580.522000939702	89001.2138077059	2758	5664	6734	trained	0.8468389031765778	5.791602841759389	0.020579542639858856	0.8065029996024545	0.8871748067507012	0.2016819012797075	0.0034312928362940564	0.19495656732057115	0.20840723523884386	0.15536115781010157	0.043658830008717876	0.001786393480502565	0.15185982658831654	0.1588624890318866
mean_skew	[0.2,0.5)	PLS	3	39490	39486	5393.766999999999	1557.223441	39462	18561.75498118414	281325.1072264128	6900	16938	20585	trained	0.4703703558153196	6.907939685546652	0.01323075789117956	0.44443807034860766	0.49630264128203155	0.17485175611981146	0.0019121037049070137	0.17110403285819373	0.1785994793814292	0.13659947829610491	0.02077846480307087	7.254127054649889e-4	0.13517766939339354	0.1380212871988163
mean_skew	[0.2,0.5)	dELS	0	1622525	1622005	341196.7269999999	387579.21259500005	1619704	-129256.96096327456	3674731.9212290924	67911	119903	213577	trained	-0.07980282876579582	2.262400483364267	0.0011818623971488844	-0.08211927906420763	-0.07748637846738402	0.04192803129460691	1.574829258714247e-4	0.04161936475989892	0.042236697829314905	0.21035491690839417	0.19470161814489917	3.464644555539161e-4	0.2096758465755085	0.21103398724127984
mean_skew	[0.2,0.5)	dELS	1	255272	255219	53582.912000000004	56547.82336999998	254957	3913.809979993848	741132.2669570391	16062	35143	64617	trained	0.015350863008247855	2.9066669801698954	0.0033764798972867292	0.008732962409565866	0.021968763606929842	0.06299885863106328	4.811748620229034e-4	0.06205575590149839	0.06394196136062817	0.20994875773355434	0.17748809864450632	8.339271574155192e-4	0.20831426050501992	0.21158325496208877
mean_skew	[0.2,0.5)	dELS	2	54728	54714	10597.274000000001	9304.122419999998	54655	5540.392990568653	194278.3099583997	4475	10970	20605	trained	0.10137028616903582	3.5444190495747216	0.008052997823039441	0.08558641043587852	0.11715416190219312	0.08187722989662428	0.0011727812131313877	0.07957857871888677	0.0841758810743618	0.1936848704170779	0.13253871618327873	0.0015564033135156369	0.19063431992258725	0.19673542091156856
mean_skew	[0.2,0.5)	dELS	3	33170	33166	5348.976999999998	3278.2128909999988	33152	-659.5400075117353	145000.1961214584	2696	7036	14590	trained	-0.019894425902260357	4.37353548766702	0.011485805575565245	-0.04240660483036823	0.0026177530258475225	0.08132239382239383	0.0015011765624306608	0.07838008776002973	0.08426469988475792	0.16127893022975331	0.0728338791682932	0.001481904348583442	0.15837439770652978	0.16418346275297685
mean_skew	[0.2,0.5)	non-cCRE	0	5469817	5465663	1097316.1760000002	1242129.8295319998	5413034	-927647.2686759561	6956406.747256502	67586	191483	54242	trained	-0.17137288786214092	1.2557531343160249	4.8165021438323314e-4	-0.17231692228233206	-0.17042885344194977	0.012485788930939655	4.772646784009427e-5	0.01239224505397307	0.012579332807906239	0.20076542882354806	0.18695387254139456	1.8494636819145897e-4	0.2004029339418928	0.20112792370520333
mean_skew	[0.2,0.5)	pELS	0	188804	188539	37888.999	39653.00709500003	188509	-11142.684982104229	432015.37995599135	8181	33506	23529	trained	-0.05910956496562089	2.2882675573140143	0.0034840738893883	-0.06593834978882196	-0.052280780142419825	0.043398458429040526	4.692849698376548e-4	0.04247865988815872	0.04431825696992233	0.20096106906263428	0.1699328164627128	9.493755178299123e-4	0.19910029304768764	0.20282184507758091
mean_skew	[0.2,0.5)	pELS	1	75099	75063	12906.119999999999	9327.988560000003	75002	19256.68100852461	259175.86614343477	7011	23510	19609	trained	0.256748900142991	3.3897112635043753	0.006722718570751382	0.2435723717443183	0.26992542854166374	0.0934775072664729	0.0010629343237344834	0.09139415599195332	0.09556085854099249	0.17193717277486908	0.09470766533941023	0.001123258223028984	0.16973558665773228	0.1741387588920059
mean_skew	[0.2,0.5)	pELS	2	41568	41563	6226.337000000001	2704.9636649999993	41532	19404.391009968356	180370.40434943722	5404	16720	17318	trained	0.4672154244911961	4.124735103097005	0.009965672448456404	0.4476827064922215	0.4867481424901706	0.1301165366464413	0.0016508414404956997	0.12688088742306972	0.13335218586981287	0.14980480234824245	0.042640596731664746	0.0010128804606204973	0.1478195566454263	0.1517900480510586
mean_skew	[0.2,0.5)	pELS	3	35867	35861	4983.294999999999	1591.3871829999998	35855	19385.526007355307	200933.2614968572	5444	15050	17699	trained	0.5406645100364051	5.311881396114588	0.01217164623791593	0.5168080834100899	0.5645209366627204	0.15183377492678846	0.0018951771810871835	0.1481192276518576	0.15554832220171932	0.13896140654192574	0.025066968783788456	8.360643630001824e-4	0.13732272039044538	0.1406000926934061
mean_skew	[0.5,1.0)	Other cCREs	0	131561	131430	31227.870000000014	41531.42503600002	130492	-25291.93496192817	205822.38074544648	2383	5080	7655	trained	-0.19381981241706903	1.5397253653927157	0.0034350233096342156	-0.20055245810395209	-0.18708716673018597	0.018261655886950924	3.706602468162117e-4	0.01753516180319115	0.0189881499707107	0.23760077607852098	0.2595443843346663	0.0014052660828867912	0.23484645455606287	0.2403550976009791
mean_skew	[0.5,1.0)	Other cCREs	1	5098	5098	1117.033	1341.5548870000002	5083	-1142.426999125746	9693.531816802686	109	333	763	trained	-0.22475447553132916	1.8569000857499705	0.019113235604688715	-0.262216417316519	-0.18729253374613927	0.021444029116663387	0.002031823480495681	0.01746165509489185	0.025426403138434923	0.2191120047077285	0.21518531431142088	0.006496903241422592	0.20637807435454023	0.2318459350609168
mean_skew	[0.5,1.0)	Other cCREs	2	801	801	137.69500000000002	120.43498100000001	799	-190.56900087429676	1921.490262156945	23	63	244	trained	-0.23850938782765552	2.350924519322667	0.05424328129926297	-0.34482621917421097	-0.1321925564811001	0.028785982478097622	0.005915270504805052	0.01719205228867972	0.040379912667515526	0.17190387016229716	0.12095584699750311	0.012288451944118114	0.14781850435182567	0.19598923597276866
mean_skew	[0.5,1.0)	Other cCREs	3	594	594	81.76599999999996	34.86402800000001	593	-282.2460003971356	1799.530469564648	20	59	243	trained	-0.47596290117560813	2.8128240614365128	0.06887219707724641	-0.6109524074470111	-0.3409733949042052	0.03372681281618887	0.007413277695775944	0.01919678853246802	0.048256837099909716	0.13765319865319858	0.039812270757036396	0.008186820191227826	0.12160703107839205	0.15369936622800512
mean_skew	[0.5,1.0)	PLS	0	5013	4984	1138.9610000000002	1288.2478090000004	5008	1570.6029983399205	21139.88978242694	588	1125	1097	trained	0.31361880957266786	4.12369066102982	0.028695307267065845	0.2573760073292188	0.36986161181611693	0.11741214057507987	0.0045488678203061605	0.1084963596472798	0.12632792150287994	0.2285234751203853	0.20629509999065046	0.006433620497884894	0.2159135789445309	0.24113337129623968
mean_skew	[0.5,1.0)	PLS	1	4372	4367	793.6109999999999	556.2976289999999	4372	4029.385000705952	30753.984574897106	904	1505	1713	trained	0.9216342636564391	6.1863109807328245	0.03761627591006805	0.8479063628727057	0.9953621644401724	0.20677035681610248	0.006124963848843855	0.1947654276723685	0.21877528595983645	0.1817291046485001	0.09438282467494255	0.004648950150609192	0.17261716235330607	0.1908410469436941
mean_skew	[0.5,1.0)	PLS	2	3470	3468	538.8960000000001	215.54974599999997	3467	3604.5859913752647	26888.82677862876	810	1443	1759	trained	1.0396844509302754	6.676628612624007	0.04388354351672911	0.9536727056374863	1.1256961962230645	0.23363138159792327	0.007186336086130639	0.21954616286910722	0.2477166003267393	0.15539100346020762	0.03801850470127138	0.0033109907804860297	0.148901461530455	0.16188054538996025
mean_skew	[0.5,1.0)	PLS	3	9266	9263	1273.468	359.96659999999997	9265	6634.082003326623	74953.02462190772	1914	4045	4876	trained	0.7160369134729221	7.578019971990443	0.028599284032397122	0.6599823167694238	0.7720915101764204	0.20658391797085807	0.00420606560702849	0.19834002938108222	0.2148278065606339	0.13747900248299688	0.019962372021807697	0.0014680141456676608	0.13460169475748826	0.1403563102085055
mean_skew	[0.5,1.0)	dELS	0	351447	351343	82509.926	105934.44764000001	350866	-47873.07595687872	795850.4815706233	13586	27430	53427	trained	-0.13644261899665033	2.2496360529196164	0.0025321270274232363	-0.14140558797039987	-0.1314796500229008	0.03872133521059322	3.2570855893616934e-4	0.03808294643507833	0.03935972398610811	0.23484152523317672	0.2463630615505219	8.373791508380165e-4	0.23320026209753422	0.23648278836881922
mean_skew	[0.5,1.0)	dELS	1	59034	59023	13643.145000000002	16059.429577	58966	-80.55999370419822	173141.90975618645	3738	8463	16433	trained	-0.0013662109300986707	2.9363486762357756	0.007056721504414462	-0.015197385078751017	0.012464963218553674	0.06339246345351558	0.001003452465695744	0.061425696620751924	0.06535923028627924	0.2311496365823493	0.21866120376147377	0.0019247539845866394	0.22737711877255948	0.23492215439213912
mean_skew	[0.5,1.0)	dELS	2	12955	12950	2724.3439999999996	2683.2268480000002	12940	1303.6220039320183	47639.86719465779	1118	2696	5243	trained	0.10074358608439091	3.6717316360679466	0.016844895750157966	0.0677275904140813	0.1337595817547005	0.08639876352395673	0.002469818075909696	0.08155792009517372	0.09123960695273974	0.21037405405405402	0.1629543251279761	0.003547301167046278	0.2034213437666433	0.21732676434146472
mean_skew	[0.5,1.0)	dELS	3	7246	7246	1199.1180000000004	801.0979660000002	7243	670.0340047111962	36941.50333745854	757	1539	3378	trained	0.09250780128554414	5.092449594710875	0.026515762896773532	0.04053690600786802	0.14447869656322027	0.10451470385199503	0.0035946671603570074	0.0974691562176953	0.11156025148629477	0.1654868893182446	0.08318283757825884	0.003388189566255648	0.15884603776838352	0.17212774086810567
mean_skew	[0.5,1.0)	non-cCRE	0	980225	979565	205153.035	246698.509443	971731	-188892.23867586316	1270950.0235053704	11061	39341	12659	trained	-0.19438737539078527	1.2701385744985536	0.0011432797837535038	-0.19662820376694212	-0.1921465470146284	0.011382779802229218	1.0761312022830374e-4	0.011171858086581743	0.011593701517876693	0.20943279414842303	0.20798307828270615	4.607839795554804e-4	0.20852965754849428	0.21033593074835177
mean_skew	[0.5,1.0)	pELS	0	41416	41354	8872.127000000002	10063.589746999998	41334	-3491.2070077566896	98339.95660056158	1793	7701	5832	trained	-0.08446332335986571	2.3720774599992547	0.007575489765870022	-0.09931128330097096	-0.06961536341876047	0.04337833260753859	0.00100196561146406	0.04141448000906903	0.04534218520600815	0.21454096338927317	0.19732921609334308	0.002184423970684336	0.21025949240673186	0.21882243437181448
mean_skew	[0.5,1.0)	pELS	1	18039	18031	3218.5750000000003	2538.660130999999	18012	5757.579995076522	67949.72656109986	1897	5584	5173	trained	0.3196524536462648	3.6704959185280663	0.014275173771064803	0.2916731130549778	0.34763179423755186	0.10531867643793028	0.0022872093247418663	0.10083574616143622	0.10980160671442434	0.1785023015917032	0.10893716503907283	0.0024579787720594975	0.17368466319846657	0.1833199399849398
mean_skew	[0.5,1.0)	pELS	2	10606	10603	1617.6680000000003	707.80111	10599	6684.558005211294	53052.47506861393	1680	4257	4638	trained	0.6306781776782049	4.6081024917251385	0.020851083088901982	0.589810054823957	0.6715463005324528	0.15850551938862156	0.0035474426619404513	0.15155253177121827	0.16545850700602485	0.15256700933698014	0.043482205351807766	0.0020250763449200303	0.1485978597009369	0.1565361589730234
mean_skew	[0.5,1.0)	pELS	3	8985	8983	1221.1529999999998	364.729853	8984	5891.955004655291	55113.880751171	1520	3831	4600	trained	0.6558275828868312	5.705195830122448	0.025199992204222636	0.6064355981665548	0.7052195676071076	0.16918967052537845	0.0039555146237445216	0.16143686186283918	0.17694247918791772	0.13594044305911163	0.02212489124215505	0.0015693863553846274	0.13286444580255777	0.13901644031566548
mean_skew	[1.0,1.5)	Other cCREs	0	22068	22053	5059.099	6791.761158999999	21892	-5110.443001055741	32588.436212721943	303	833	1367	trained	-0.23343883615273803	1.434172049989977	0.008093901362447363	-0.24930288282313487	-0.21757478948234119	0.013840672391741275	7.896041426884871e-4	0.01229304827207184	0.01538829651141071	0.22940638461887272	0.2553587678206532	0.003402840149341221	0.22273681792616393	0.23607595131158152
mean_skew	[1.0,1.5)	Other cCREs	1	845	845	180.221	218.84773500000003	842	-204.52300080447458	1952.3159967783092	25	70	130	trained	-0.24290142613358026	2.2623508539902293	0.051835099100906015	-0.344498220371356	-0.14130463189580447	0.029691211401425176	0.005849421207632473	0.01822634583446553	0.041156076968384823	0.2132792899408284	0.2137563128999692	0.015904906499857027	0.18210567320110863	0.24445290668054817
mean_skew	[1.0,1.5)	Other cCREs	2	114	114	26.644000000000005	29.947496	113	-24.76199920475481	360.64706552365885	7	14	34	trained	-0.2191327363252638	3.1716151864378297	0.167533253506351	-0.5474979131977118	0.10923244054718417	0.061946902654867256	0.022676931459305733	0.017500116994628022	0.10639368831510648	0.23371929824561408	0.20991397360658282	0.04291096183578013	0.14961381304748503	0.3178247834437431
mean_skew	[1.0,1.5)	Other cCREs	3	80	80	12.039	7.302236999999999	80	-44.881000179797425	276.664290147534	1	6	35	trained	-0.5610125022474678	3.1833606067505924	0.19947934124711364	-0.9519920110918105	-0.17003299340312505	0.0125	0.01242162932146987	-0.011846393470080943	0.036846393470080945	0.1504875	0.0695002276898734	0.029474613587346953	0.09271725736879996	0.20825774263120003
mean_skew	[1.0,1.5)	PLS	0	927	925	169.93599999999992	156.9935819999998	924	369.2290007336995	4635.449717938714	121	239	218	trained	0.3995984856425319	4.862303757735885	0.07254125380804474	0.25741762817876424	0.5417793431062996	0.13095238095238096	0.0110979432825691	0.10920041211854552	0.1527043497862164	0.18371459459459452	0.13611889464607446	0.012130769216316827	0.15993828693061354	0.2074909022585755
mean_skew	[1.0,1.5)	PLS	1	787	786	133.13300000000004	83.331097	787	865.9410042036325	6363.50084671995	180	267	315	trained	1.1003062315166867	6.8838429563217245	0.09352508484193363	0.9169970652264968	1.2836153978068765	0.22871664548919948	0.01497160979417141	0.19937229029262352	0.2580610006857754	0.16938040712468197	0.07742799395957925	0.009925164893713536	0.14992708393300344	0.1888337303163605
mean_skew	[1.0,1.5)	PLS	2	655	655	105.00099999999998	45.37308099999999	655	624.6480009844528	4522.120846196322	137	276	307	trained	0.9536610702052715	6.003697805926461	0.09573897246546303	0.766012684172964	1.141309456237579	0.20916030534351146	0.015891438571313574	0.17801308574373687	0.24030752494328605	0.1603068702290076	0.043640213026122275	0.008162492231493658	0.14430838545528005	0.17630535500273517
mean_skew	[1.0,1.5)	PLS	3	1358	1358	186.05499999999998	39.333191	1358	1188.853998992592	12458.298069228065	315	570	657	trained	0.8754447709812903	8.413796648747093	0.07871293759903222	0.721167413287187	1.0297221286753935	0.23195876288659795	0.011453752020671802	0.20950940892608122	0.2544081168471147	0.1370066273932253	0.010200753824873595	0.0027407299674892032	0.13163479665694647	0.14237845812950414
mean_skew	[1.0,1.5)	dELS	0	61309	61294	14455.13	19352.748722	61196	-9310.7859879029	137158.26233973462	2323	4897	9800	trained	-0.15214697019254364	2.218182113923752	0.006020562671334399	-0.16394727302835907	-0.1403466673567282	0.03795999738545003	7.724993707831912e-4	0.03644589861871497	0.039474096152185084	0.23583270793226088	0.26012360743620216	0.002060064898012029	0.23179498073215732	0.23987043513236445
mean_skew	[1.0,1.5)	dELS	1	10701	10701	2541.0060000000003	3127.40662	10681	-11.424999832292034	32409.553121107863	681	1545	2966	trained	-0.001069656383512034	3.0346012078917473	0.016855624806636778	-0.03410668100452012	0.03196736823749605	0.06375807508660238	0.00236404469625515	0.059124547481942284	0.06839160269126247	0.23745500420521448	0.2358908438864042	0.004695083927999994	0.2282526397063345	0.24665736870409447
mean_skew	[1.0,1.5)	dELS	2	2305	2305	465.48600000000005	447.3449480000001	2303	347.66600152954925	8569.71916020524	189	431	878	trained	0.1509622238513023	3.699928204803149	0.04008202729656827	0.07240145035002851	0.2295229973525761	0.08206686930091185	0.0057192948510048636	0.07085705139294232	0.09327668720888138	0.20194620390455534	0.15336016377139072	0.008156818841322137	0.18595883897556395	0.21793356883354673
mean_skew	[1.0,1.5)	dELS	3	1185	1185	208.8040000000001	159.67161400000003	1185	87.54299972835003	5501.815347633702	124	262	547	trained	0.07387594913784812	4.641341237701348	0.06258389297980325	-0.048788481102566256	0.1965403793782625	0.10464135021097046	0.008891827093503094	0.08721336910770439	0.12206933131423653	0.17620590717299586	0.10378303695831907	0.009358451896855295	0.15786334145515948	0.19454847289083224
mean_skew	[1.0,1.5)	non-cCRE	0	152273	152195	27095.078	27905.057913999997	150883	-36441.56995941722	206713.93752476765	1517	6824	2222	trained	-0.24152203998738903	1.3117038162791193	0.002948476941752999	-0.2473010547932249	-0.23574302518155316	0.010054147915934864	2.568373616465138e-4	0.009550746687107696	0.010557549144762032	0.1780287000229968	0.15165746613295067	9.982324999743615e-4	0.17607216432304706	0.17998523572294656
mean_skew	[1.0,1.5)	pELS	0	7378	7352	1536.5589999999997	1766.9552470000008	7367	-792.5450000992279	16113.500549848097	286	1430	1142	trained	-0.10758042623852693	2.1759758649096126	0.01718627283797456	-0.14126552100095707	-0.07389533147609678	0.03882177277046288	0.0022505792424967743	0.0344106374551692	0.043232908085756555	0.20899877584330792	0.19668294068684308	0.005172262969760131	0.19886114042257808	0.21913641126403777
mean_skew	[1.0,1.5)	pELS	1	3461	3458	573.3030000000001	394.9681970000001	3456	1019.1970021737504	13079.09572013337	377	1084	1046	trained	0.29490653998083055	3.6985608852860996	0.03271368889844674	0.23078770973987495	0.35902537022178616	0.10908564814814815	0.005302918088519147	0.09869192869465063	0.11947936760164568	0.1657903412377097	0.08675733207908516	0.0050088796824774426	0.1559729370600539	0.17560774541536547
mean_skew	[1.0,1.5)	pELS	2	2109	2109	303.80699999999996	112.87257899999997	2109	1228.296000073664	9607.079553491047	303	847	978	trained	0.5824068279154404	4.21807949542074	0.0447217809732465	0.49475213720787725	0.6700615186230036	0.14366998577524892	0.007637747867700196	0.12869999995455653	0.15863997159594131	0.14405263157894735	0.032783862029361815	0.003942682151268073	0.13632497456246193	0.15178028859543277
mean_skew	[1.0,1.5)	pELS	3	1696	1696	224.98400000000004	55.32087399999999	1695	865.9290015518201	9206.608890480744	256	758	864	trained	0.5108725672872095	5.173689208010339	0.0552478417363545	0.4025867974839547	0.6191583370904643	0.15103244837758112	0.008697527805080596	0.13398529387962316	0.16807960287553908	0.13265566037735851	0.015029777525463337	0.0029768938721195315	0.12682094838800423	0.1384903723667128
mean_skew	[1.5,Inf)	Other cCREs	0	6316	6314	1086.014	1018.0340919999999	6274	-1582.9379949744325	10038.654286922081	91	241	314	trained	-0.2523012424249972	1.536629533573776	0.015649927529613188	-0.282975100383039	-0.22162738446695535	0.014504303474657317	0.0015093972272729047	0.011545884909202424	0.01746272204011221	0.17200095026924295	0.13167094123147446	0.004566596939422048	0.16305042026797573	0.18095148027051017
mean_skew	[1.5,Inf)	Other cCREs	1	233	233	31.58199999999999	14.718178000000004	233	-25.817999335937188	290.4376034135266	5	11	17	trained	-0.11080686410273471	1.2395551373694176	0.07293818705137144	-0.2537657107234227	0.03215198251795329	0.02145922746781116	0.00949332926498701	0.0028523021084366183	0.0400661528271857	0.13554506437768235	0.04498876627941397	0.013895496889900244	0.10830989047347787	0.1627802382818868
mean_skew	[1.5,Inf)	PLS	0	239	236	41.83699999999999	41.48889100000001	239	72.39100066665564	867.7433615482761	22	48	71	trained	0.3028912161784755	3.553851946705781	0.12194127036069044	0.06388632627152221	0.5418961060854287	0.09205020920502092	0.018700118383973247	0.05539797717243336	0.1287024412376085	0.17727542372881352	0.14498816637216017	0.024786218694471535	0.12869443508764933	0.22585641236997772
mean_skew	[1.5,Inf)	PLS	1	202	201	33.529	17.641008999999993	202	158.10799871385103	1238.2897559636488	36	67	85	trained	0.7827128649200547	5.5449581657888265	0.16568128424613818	0.45797754779762384	1.1074481820424855	0.1782178217821782	0.02692639672332617	0.1254420842044589	0.23099355935989752	0.16681094527363186	0.060240024079601946	0.017311892222871772	0.13287963651680318	0.20074225403046053
mean_skew	[1.5,Inf)	PLS	2	143	143	21.102999999999998	9.108198999999997	143	168.40000089281241	1045.9925535842108	38	67	67	trained	1.177622383865821	5.9695841062662724	0.204316772195685	0.7771615103622784	1.5780832573693637	0.26573426573426573	0.03693876673299746	0.1933342829375907	0.33813424853094076	0.14757342657342656	0.0422109646409928	0.01718084895795413	0.11389896261583646	0.18124789053101667
mean_skew	[1.5,Inf)	PLS	3	237	237	34.391999999999996	6.421895999999999	237	134.06899992749086	1722.265575873214	42	95	109	trained	0.5656919828164172	6.976372107923804	0.17156972119737796	0.22941532926955643	0.901968636363278	0.17721518987341772	0.02480386916458701	0.12859960631082717	0.22583077343600827	0.1451139240506329	0.006064143745977262	0.0050583697387010145	0.1351995193627789	0.15502832873848688
mean_skew	[1.5,Inf)	dELS	0	17150	17146	3057.6210000000005	3019.9233970000005	17119	-3035.2849986617225	36481.647093280175	554	1401	2497	trained	-0.17730504110413708	2.0997473864838	0.011075015143246707	-0.19901207078490063	-0.15559801142337354	0.03236170337052398	0.0013524867358569457	0.029710829368244367	0.03501257737280359	0.17832853143590344	0.1443372606813894	0.002901401422739502	0.172641784647334	0.18401527822447286
mean_skew	[1.5,Inf)	dELS	1	2917	2916	609.504	672.6322219999998	2915	-212.4569963858231	8593.61695337923	175	432	779	trained	-0.07288404678758939	2.94376534924993	0.03177842104856059	-0.13516975204276815	-0.01059834153241064	0.060034305317324184	0.004399835779813581	0.051410627188889564	0.0686579834457588	0.20902057613168726	0.18704402907905043	0.008008997621054099	0.19332294079442122	0.2247182114689533
mean_skew	[1.5,Inf)	dELS	2	643	642	118.877	103.993525	643	108.66399849823213	2587.152492085448	62	155	250	trained	0.16899533203457565	4.001228634858309	0.07888441289973243	0.014381882751100084	0.3236087813180512	0.09642301710730948	0.01164038786605554	0.07360785688984062	0.11923817732477834	0.18516666666666665	0.12789620462818513	0.014114364031245576	0.15750251316542532	0.21283082016790797
mean_skew	[1.5,Inf)	dELS	3	272	272	39.129000000000005	17.203876999999995	272	-50.35499766422437	998.5715261634431	19	57	107	trained	-0.18512866788317783	3.6503666882826744	0.11584673394509284	-0.41218826641555983	0.04193093064920414	0.06985294117647059	0.015455522973608716	0.03956011614819751	0.10014576620474366	0.14385661764705884	0.042711850214347716	0.0125311157157757	0.11929563084413847	0.16841760444997922
mean_skew	[1.5,Inf)	non-cCRE	0	42349	42330	5854.89	3372.2356679999994	41947	-12649.381987916073	61633.577120509966	371	1785	594	trained	-0.30155629694414554	1.3784169248462792	0.0057324443251031785	-0.31279188782134776	-0.2903207060669433	0.00884449424273488	4.571481300567546e-4	0.007948483907823642	0.009740504577646119	0.1383153791637137	0.06053566910836929	0.0011958633036710656	0.13597148708851842	0.14065927123890898
mean_skew	[1.5,Inf)	pELS	0	2124	2110	352.518	324.21225200000015	2120	-242.981002040673	4849.223823677219	89	409	335	trained	-0.11461368020786462	2.2753066903316386	0.03276061465842701	-0.17882448493838154	-0.05040287547734769	0.041981132075471696	0.004355581792103608	0.033444191762948626	0.050518072387994765	0.16707014218009478	0.12580228526266357	0.007721524211154327	0.1519359547262323	0.18220432963395725
mean_skew	[1.5,Inf)	pELS	1	1009	1009	159.13899999999998	88.25542700000004	1008	351.0700015742332	3172.605045768749	113	303	306	trained	0.3482837317204694	3.029129171326081	0.05481868717524293	0.24083910485699325	0.45572835858394556	0.11210317460317461	0.009937106428617707	0.0926264460030839	0.13157990320326532	0.1577195242814668	0.06265486073945606	0.007880101317149368	0.14227452569985402	0.17316452286307957
mean_skew	[1.5,Inf)	pELS	2	645	645	93.72300000000003	25.569540999999997	645	357.1950016277842	2769.107198646616	88	274	289	trained	0.553790700198115	3.9926955412855563	0.07867798704468718	0.39958184559052823	0.7079995548057019	0.13643410852713178	0.013515414258165648	0.1099438965811271	0.16292432047313646	0.14530697674418608	0.01855735282392025	0.0053638689068142556	0.13479379368683014	0.155820159801542
mean_skew	[1.5,Inf)	pELS	3	487	487	70.536	19.987374	487	309.90900117065763	2438.3382785837075	78	215	229	trained	0.6363634520958062	4.611365260829597	0.0973083886766036	0.4456390102896632	0.8270878939019493	0.1601642710472279	0.016619406615051666	0.12759023408172665	0.19273830801272918	0.14483778234086242	0.020105136182726187	0.006425235185769952	0.13224432137675332	0.15743124330497152
HepG2_skew	(-Inf,-1.5)	Other cCREs	0	10555	10555	10393.007000000003	23267.335721000003	10501	-4797.8899975071	22410.068748669277	153	357	1354	all	-0.4568983903920674	1.925516241098103	0.013541234648858869	-0.4834392103038308	-0.43035757048030404	0.014570040948481097	0.0011693053526095063	0.012278202457366464	0.01686187943959573	0.9846524869729989	1.234966413807297	0.010816791400482124	0.963451575828054	1.0058533981179438
HepG2_skew	(-Inf,-1.5)	Other cCREs	1	802	802	709.245	1547.4910349999996	800	-206.90700046624997	1871.528943618523	24	38	309	all	-0.25863375058281246	2.275363967542049	0.05333108811404059	-0.363162683286332	-0.15410481787929292	0.03	0.006031169040907409	0.018178908679821477	0.04182109132017852	0.8843453865336658	1.1489057319949185	0.03784905267009452	0.8101612433002805	0.9585295297670511
HepG2_skew	(-Inf,-1.5)	Other cCREs	2	114	114	78.36999999999996	149.26777399999997	112	-44.09400073066354	217.81726936571567	2	19	42	all	-0.3936964350952102	1.805924490711422	0.12698159634342063	-0.6425803639283146	-0.14481250626210576	0.017857142857142856	0.012513658718334555	-0.006669628230792871	0.04238391394507858	0.6874561403508769	0.8441755423070955	0.0860525921557794	0.5187930597255492	0.8561192209762045
HepG2_skew	(-Inf,-1.5)	PLS	0	483	483	445.235	902.9836169999999	482	266.41200234112324	3367.0324200214473	67	72	164	all	0.552721996558347	6.693930657339615	0.11784660767514107	0.3217426455150705	0.7837013476016235	0.13900414937759337	0.015757629768462247	0.10811919503140736	0.16988910372377936	0.9218115942028986	1.021910439533345	0.045997354310750374	0.8316567797538279	1.0119664086519693
HepG2_skew	(-Inf,-1.5)	PLS	1	295	295	155.21499999999997	263.9654870000001	295	344.36399937118404	2740.4599608185385	72	73	199	all	1.1673355910887595	7.953985061438395	0.1642031096697468	0.8454974961360557	1.4891736860414633	0.2440677966101695	0.02500838552708423	0.19505136097708442	0.2930842322432546	0.5261525423728812	0.6200636739305897	0.04584660030020486	0.4362932057844797	0.6160118789612827
HepG2_skew	(-Inf,-1.5)	PLS	2	190	190	71.43899999999998	83.02075100000002	190	474.13599964370957	3272.2228348338103	76	56	124	all	2.4954526297037347	11.053115913680987	0.2411934789386552	2.0227134109839704	2.968191848423499	0.4	0.03554093266554554	0.33033977197553077	0.4696602280244693	0.37599473684210516	0.29714319044834325	0.03954632130395305	0.29848394708635717	0.45350552659785315
HepG2_skew	(-Inf,-1.5)	PLS	3	177	177	54.25300000000002	72.04539500000003	175	404.95499967411155	3027.560305998596	66	86	124	all	2.314028569566352	12.014269352666492	0.2620171134287278	1.8004750272460455	2.827582111886658	0.37714285714285717	0.03663769506544393	0.30533297481458704	0.4489527394711273	0.30651412429378544	0.3148641148561891	0.04217692857798271	0.22384734428093933	0.38918090430663155
HepG2_skew	(-Inf,-1.5)	PLS	4	152	152	56.096999999999994	73.96332900000002	152	366.9570000787499	3098.380032416163	65	69	103	all	2.4141907899917756	14.652157764920753	0.3104766895746209	1.8056564784255187	3.0227251015580325	0.4276315789473684	0.040128314884743645	0.3489800817732709	0.506283076121466	0.36905921052631574	0.352716652100035	0.04817161290772616	0.27464284922717247	0.463475571825459
HepG2_skew	(-Inf,-1.5)	PLS	5	164	164	37.99499999999999	24.725199	164	621.0219994052316	4130.365419523712	97	66	111	all	3.7867195085684853	10.912449687887827	0.2579521803846009	3.281133235014668	4.292305782122303	0.5914634146341463	0.038384642173364195	0.5162295159743525	0.6666973132939401	0.2316768292682926	0.09768489491994616	0.024405728900616826	0.18384160062308363	0.2795120579135016
HepG2_skew	(-Inf,-1.5)	PLS	6	941	941	169.52900000000002	61.027677	940	4439.22200618824	30791.076318514002	682	431	723	all	4.722576602327915	10.464867241267555	0.10551226227652483	4.515772568265926	4.9293806363899035	0.725531914893617	0.014554934652141333	0.69700424297542	0.7540595868118141	0.1801583421891605	0.032431503624482765	0.005870684353317209	0.16865180085665876	0.19166488352166222
HepG2_skew	(-Inf,-1.5)	dELS	0	23391	23390	23065.882999999994	51990.01887500001	23370	-6364.078995717806	67393.35852970858	959	1823	7398	all	-0.27231831389464295	2.809718142329684	0.010964833003146594	-0.2938093865808103	-0.2508272412084756	0.041035515618314075	0.0012976329141884309	0.03849215510650475	0.0435788761301234	0.9861429243266351	1.2503211578607036	0.007311318095247775	0.9718127408599494	1.0004731077933207
HepG2_skew	(-Inf,-1.5)	dELS	1	7198	7198	5024.365	10379.646175	7196	1267.2749948467826	27123.340940501083	649	896	4096	all	0.17610825386975856	3.738730139539376	0.022793786819150726	0.13143243170422314	0.22078407603529399	0.09018899388549194	0.003376811256456418	0.08357044382283736	0.09680754394814652	0.6980223673242567	0.9549155236069002	0.011517986246285267	0.6754471142815376	0.7205976203669758
HepG2_skew	(-Inf,-1.5)	dELS	2	2557	2556	1463.2020000000002	2756.147386000001	2557	1118.3279938832861	12773.730201218623	348	333	1727	all	0.4373594031612382	4.80618894259598	0.04335458725054622	0.35238441215016764	0.5223343941723089	0.13609698865858427	0.00678096320599339	0.12280630077483723	0.14938767654233132	0.5724577464788734	0.7508908283509278	0.01713988781879552	0.5388635663540342	0.6060519266037125
HepG2_skew	(-Inf,-1.5)	dELS	3	1197	1197	560.6960000000001	990.7137	1191	1142.906998227234	8855.802610449991	240	175	848	all	0.9596196458666952	6.520207228195467	0.0739903051958058	0.8145986476829159	1.1046406440504746	0.20151133501259447	0.011623267613721268	0.17872973048970078	0.22429293953548815	0.46841771094402684	0.6087573270439196	0.02255147878799555	0.42421681251955556	0.5126186093684981
HepG2_skew	(-Inf,-1.5)	dELS	4	758	758	303.567	485.196833	756	904.8370012142694	6368.019158230069	186	162	565	all	1.196874340230515	7.000056913093486	0.0962254360402121	1.0082724855916994	1.3854761948693308	0.24603174603174602	0.015664307741030548	0.21532970285932615	0.2767337892041659	0.40048416886543536	0.4803474971070362	0.025173474572274382	0.3511441587037776	0.44982417902709315
HepG2_skew	(-Inf,-1.5)	dELS	5	415	415	178.60900000000004	283.97350100000006	415	682.8489979812875	4225.874253603333	133	69	310	all	1.6454192722440664	7.493481527276263	0.1343747818358667	1.3820446998457676	1.9087938446423651	0.3204819277108434	0.02290752818446137	0.2755831724692991	0.3653806829523877	0.43038313253012056	0.5002492755602119	0.034719158127883	0.3623335825994699	0.4984326824607712
HepG2_skew	(-Inf,-1.5)	dELS	6	321	321	122.56400000000001	139.077382	321	424.33900308888445	3233.1425847943274	93	69	222	all	1.3219283585323502	8.350615071811827	0.16128973051857132	1.0058004867159505	1.63805623034875	0.2897196261682243	0.02531927986044658	0.240093837641749	0.3393454146946996	0.38181931464174457	0.2883752485007788	0.029972741952097686	0.3230727404156331	0.440565888867856
HepG2_skew	(-Inf,-1.5)	non-cCRE	0	60719	60695	69196.26200000002	159064.95170999996	60400	-32316.409951079757	122939.81600262182	474	2536	1323	all	-0.5350398998523138	1.749188682905508	0.005381456822417899	-0.545587555224253	-0.5244922444803747	0.007847682119205298	3.590388199731361e-4	0.007143966032057952	0.008551398206352645	1.140065277205701	1.320998716370179	0.004665248048989379	1.1309213910296818	1.14920916338172
HepG2_skew	(-Inf,-1.5)	pELS	0	2263	2263	2155.766	4722.814092000001	2262	-278.1540021768308	7149.7214775249	120	340	741	all	-0.12296817072362103	3.147066514240496	0.03729981353046987	-0.19607580524334198	-0.049860536203900074	0.05305039787798409	0.004712609510765778	0.04381368323688316	0.06228711251908502	0.9526142288996907	1.180018004518935	0.022835053839112045	0.9078575233750311	0.9973709344243503
HepG2_skew	(-Inf,-1.5)	pELS	1	981	981	711.2349999999999	1372.1165050000002	981	337.179002219229	4754.318492231093	114	265	536	all	0.3437094823845352	4.733088644803457	0.06946048565247682	0.20756693050568062	0.47985203426338974	0.1162079510703364	0.010231951274769968	0.09615332657178725	0.13626257556888555	0.7250101936799184	0.8739427345898607	0.029847432893742188	0.6665092252081837	0.7835111621516531
HepG2_skew	(-Inf,-1.5)	pELS	2	503	503	234.82700000000003	394.8157589999999	503	362.36999975238024	3085.1056571788354	79	158	325	all	0.7204174945375352	5.625593565461471	0.1057548232238713	0.5131380410187475	0.927696948056323	0.15705765407554673	0.016223497879403418	0.12525959823191601	0.18885570991917744	0.4668528827037774	0.5680997950464541	0.033606889945102254	0.400983378411377	0.5327223869961778
HepG2_skew	(-Inf,-1.5)	pELS	3	334	334	109.95899999999997	130.50214899999995	334	491.2659975737334	3730.553233285152	93	117	212	all	1.4708562801608784	9.032947614187169	0.16445289093199222	1.1485286139341737	1.7931839463875832	0.27844311377245506	0.024526201690370866	0.23037175845932817	0.32651446908558196	0.32921856287425144	0.2831880031378683	0.029118177705135827	0.2721469345721852	0.3862901911763177
HepG2_skew	(-Inf,-1.5)	pELS	4	231	231	59.64900000000001	60.69333099999999	231	428.99099866859603	3163.526307467453	79	98	137	all	1.8571038903402426	10.290632412691554	0.21106442680549936	1.4434176138014638	2.2707901668790216	0.341991341991342	0.031211696109011946	0.2808164176176786	0.4031662663650054	0.25822077922077924	0.19691617278373796	0.029196762910154373	0.20099512391687668	0.3154464345246818
HepG2_skew	(-Inf,-1.5)	pELS	5	243	243	58.82699999999998	47.98664899999999	243	696.8449999131261	4782.374364011786	121	118	173	all	2.867674896761836	11.504336573664922	0.21758434884618566	2.441209573023312	3.29414022050036	0.49794238683127573	0.03207474335723196	0.43507588985110107	0.5608088838114503	0.2420864197530863	0.13944393051729417	0.023955027352564554	0.1951345661420598	0.2890382733641128
HepG2_skew	(-Inf,-1.5)	pELS	6	467	467	95.743	54.073471	467	1410.5770044358214	9674.90400197036	234	156	351	all	3.020507504145228	11.618552735831042	0.15773118878010492	2.7113543741362225	3.3296606341542336	0.5010706638115632	0.023137187623666965	0.4557217760691759	0.5464195515539504	0.205017130620985	0.07391527009217817	0.012580811166980658	0.18035874073370292	0.2296755205082671
HepG2_skew	[-0.05,0.05)	Other cCREs	0	18197653	18183764	4510526.098	6129029.142024	18114480	-340602.5905901495	28377128.153467864	555379	512320	603538	all	-0.01880278046017051	1.5661904423380233	2.940419870368788e-4	-0.019379102754762793	-0.01822645816557823	0.03065939513582504	4.0504852798165754e-5	0.030580005624340635	0.030738784647309447	0.24805238882334812	0.2755305581449255	1.230957313276911e-4	0.24781112118994586	0.2482936564567504
HepG2_skew	[-0.05,0.05)	Other cCREs	1	547464	547254	146325.485	202567.003751	546230	-51240.77495842381	989473.8413512175	15998	24847	41077	all	-0.09380805696945209	1.8026634320308126	0.0018166428341639107	-0.09736867692441335	-0.090247437014490825	0.02928802885231496	2.281405531704459e-4	0.028840873368100886	0.02973518433652903	0.2673812982636947	0.2986594968006301	7.387435332488785e-4	0.26593336093852693	0.2688292355888625
HepG2_skew	[-0.05,0.05)	Other cCREs	2	88922	88783	21872.221999999998	27063.487582	88386	-13477.562984779244	148121.54658282164	1988	5425	10984	all	-0.1524852689880665	1.6526154524612091	0.004324084424767882	-0.16096047446061154	-0.14401006351552145	0.022492249903830922	4.987521890145681e-4	0.021514695613362368	0.023469804194299476	0.24635596904812856	0.24413884724329488	0.001658263482000799	0.243105772623407	0.24960616547285014
HepG2_skew	[-0.05,0.05)	Other cCREs	3	51836	51831	10833.965999999997	11172.295322	51814	-7845.979997837685	89236.80493800608	1207	3342	8400	all	-0.15142586941439928	1.6993557716292342	0.005726886751165876	-0.1626505674466844	-0.14020117138211416	0.0232948623924036	6.626561765884027e-4	0.021996056286290328	0.02459366849851687	0.2090248306997742	0.1718643143554484	0.0018209501672992912	0.2054557683718676	0.2125938930276808
HepG2_skew	[-0.05,0.05)	Other cCREs	4	38618	38602	7908.946999999999	7686.201056999998	38326	-6800.010006647091	74773.6157838551	865	2881	7533	all	-0.17742550766182463	1.9195595709411677	0.007077079097733769	-0.19129658269338282	-0.16355443263026645	0.022569535041486198	7.5867800593595e-4	0.021082526149851736	0.02405654393312066	0.2048843842287964	0.15714052281046634	0.0020176191609570064	0.20092985067332067	0.20883891778427213
HepG2_skew	[-0.05,0.05)	Other cCREs	5	28451	28451	5646.336999999999	5091.397934999999	28375	-6160.289006261506	55713.170256006844	647	2106	6474	all	-0.2171026962559121	1.9163937020875386	0.00821815697333212	-0.23321028392364307	-0.20099510858818115	0.022801762114537445	8.861507465956142e-4	0.021064906651210042	0.02453861757786485	0.1984582967206776	0.1395724257036576	0.0022148843034618336	0.1941171234858924	0.2027994699554628
HepG2_skew	[-0.05,0.05)	Other cCREs	6	36824	36811	6805.764000000001	4949.464844	36778	-10464.354993660121	82453.52239550944	834	4089	10573	all	-0.2845275706580054	2.1610279492797226	0.007665423215306669	-0.29955180016000643	-0.26950334115600433	0.022676600141388874	7.762722572072945e-4	0.021155106517262576	0.024198093765515172	0.18488397489880745	0.10027677651336028	0.0016504842128265132	0.18164902584166748	0.18811892395594743
HepG2_skew	[-0.05,0.05)	PLS	0	246241	241983	66190.769	88177.27695299998	245788	44392.362922483946	783940.231010565	19401	43489	26910	all	0.18061240956630895	3.156889580721491	0.0035838461528356234	0.17358807110675112	0.18763674802586677	0.07893387797614204	5.438721073811605e-4	0.07786788864567497	0.07999986730660912	0.27353478963398253	0.2895744265229374	0.001093925318807864	0.27139069600911914	0.27567888325884593
HepG2_skew	[-0.05,0.05)	PLS	1	97439	97182	23341.537000000004	25450.878719000004	97439	30279.573980835034	395676.3114007269	10493	27627	21246	all	0.3107541536842028	3.9642316962006023	0.006378419895049495	0.29825245068990575	0.3232558566784998	0.10768788678044726	9.930598249749704e-4	0.10574148952349632	0.1096342840373982	0.24018374801918055	0.2042026823948264	0.0014495653694801866	0.2373425998949994	0.2430248961433617
HepG2_skew	[-0.05,0.05)	PLS	2	59740	59723	12394.232999999997	9896.316794999997	59668	29100.492986705627	283939.6700856127	8349	19923	20067	all	0.4877068610763831	4.520876866530766	0.008704435243576267	0.47064616799897363	0.5047675541537926	0.1399242475028491	0.0014201823191626866	0.13714069015729022	0.14270780484840798	0.20752864055723919	0.12263752837748777	0.0014329825012810086	0.20471999485472842	0.21033728625974996
HepG2_skew	[-0.05,0.05)	PLS	3	48250	48233	9487.265000000001	6336.091621	48228	22073.368980453004	230273.17055331517	6724	18439	20217	all	0.4576878365358921	4.565294504314869	0.009729371203687089	0.43861826897666545	0.4767574040951188	0.13942108318818944	0.0015772841938571298	0.13632960616822945	0.14251256020814942	0.1966965562996289	0.09267663100841765	0.0013861587840424117	0.19397968508290578	0.19941342751635202
HepG2_skew	[-0.05,0.05)	PLS	4	44315	44296	8052.452	4408.96127	44284	16975.165019688666	239158.1415875472	6081	17464	20476	all	0.3833250162516635	5.253734755560833	0.010892075683677652	0.3619765479116553	0.4046734845916717	0.13731821876975883	0.0016355580872010312	0.13411252491884482	0.14052391262067285	0.18178733971464692	0.06648893651066964	0.0012251589528651991	0.17938602816703111	0.18418865126226272
HepG2_skew	[-0.05,0.05)	PLS	5	52846	52828	9205.576000000001	4366.9479	52846	14108.745999452427	328195.6281263757	7140	22619	26015	all	0.26697850356606795	6.139254352015294	0.010778336872493743	0.24585296329598022	0.2881040438361557	0.13510956363773985	0.0014870224762068458	0.13219499958437442	0.13802412769110528	0.17425562201862652	0.052299478071445665	9.949851357926682e-4	0.1723054511524729	0.17620579288478014
HepG2_skew	[-0.05,0.05)	PLS	6	256283	256208	40178.986	14348.290689999996	256176	22363.382013869836	1472967.066198522	30747	110478	133184	all	0.08729694434244362	5.742226256596266	0.004734465217077438	0.07801739251697185	0.09657649616791539	0.12002295296983324	6.420939914406694e-4	0.11876444874660953	0.12128145719305695	0.15682174639355523	0.031409570921785084	3.501343010401174e-4	0.1561354831635166	0.15750800962359385
HepG2_skew	[-0.05,0.05)	dELS	0	37245228	37234917	9508845.044000002	12919124.67179	37193461	2086492.574706816	81005065.14066318	1821831	2154966	2881762	all	0.05609837102029349	2.1747913828419345	2.4181069497197888e-4	0.05562442205814841	0.05657231998243857	0.04898256174653926	3.539009194695704e-5	0.048913197166323225	0.0490519263267553	0.2553744122485892	0.2817465455680252	8.698695027475828e-5	0.2552039178260507	0.2555449066711277
HepG2_skew	[-0.05,0.05)	dELS	1	4567404	4566336	1240108.8140000005	1674730.2817100002	4562370	236280.26032752113	11795035.915528849	259270	484449	715034	all	0.05178892994814562	2.5826054871227244	7.523740072249919e-4	0.05031427689398464	0.0532635830023066	0.05682792057636711	1.0838797411249727e-4	0.056615480147106614	0.05704036100562761	0.27157633910426227	0.2930021713065186	2.533095054854933e-4	0.2710798524735107	0.27207282573501385
HepG2_skew	[-0.05,0.05)	dELS	2	968675	968347	264535.59800000006	341282.40177199995	967212	53127.31390388745	2770593.72807529	61601	148343	224924	all	0.05492830310613128	2.861501301033552	0.001720030451747432	0.051557043420706314	0.05829956279155625	0.06368924289607655	2.483031399714778e-4	0.06320256874173245	0.06417591705042065	0.2731826483688183	0.27780965328769974	5.356216962529436e-4	0.27213282984416254	0.274232466893474
HepG2_skew	[-0.05,0.05)	dELS	3	369082	368900	93453.00000000001	110287.658274	368220	24031.169967230868	1090533.9998730929	24576	63010	103760	all	0.06526307633271107	2.957385826894205	0.0028340030073586357	0.05970843043828814	0.07081772222713399	0.06674270816359786	4.112907302954558e-4	0.06593657833221876	0.06754883799497695	0.25332881539712665	0.23478871042939212	7.977820814418895e-4	0.25176516251750053	0.25489246827675277
HepG2_skew	[-0.05,0.05)	dELS	4	214152	214088	50030.30599999998	53410.762698000006	213865	-2793.741044222613	777870.9820616908	13901	38157	65775	all	-0.01306310543671294	3.637051991582815	0.0041238693391563745	-0.021145889341459435	-0.004980321531966446	0.06499894793444462	5.330762762773641e-4	0.06395411843294099	0.06604377743594825	0.2336903796569634	0.19487012987479835	9.540617284982416e-4	0.23182041866910685	0.23556034064481995
HepG2_skew	[-0.05,0.05)	dELS	5	170677	170638	35986.293	33215.608071	170604	-8785.198062055162	611893.073330819	10347	29622	55687	all	-0.0514946780969682	3.5839972473203603	0.004583415498838512	-0.060478172474691685	-0.04251118371924471	0.060649222761482734	5.778723496464742e-4	0.059516592956175646	0.06178185256678982	0.21089260891477865	0.15018058718248894	9.381429578534733e-4	0.20905384871738583	0.21273136911217147
HepG2_skew	[-0.05,0.05)	dELS	6	272805	272771	53170.41099999999	40778.118131	272666	-49138.735018542975	1065293.582419685	14734	51546	100515	all	-0.18021585022900902	3.874490688240663	0.0037695700409258468	-0.18760420750922369	-0.17282749294879435	0.054036806935958276	4.329786329863135e-4	0.0531881688153051	0.05488544505661145	0.1949269203837651	0.11149970179723187	6.393486537058299e-4	0.19367379702250168	0.19618004374502854
HepG2_skew	[-0.05,0.05)	non-cCRE	0	298342156	298179695	69826707.45300005	91479894.68607503	294785594	-29423331.29891241	335256834.69673455	4180676	6322109	1003583	all	-0.09981264993197873	1.1273278678512744	6.184035777508604e-5	-0.0999338570332179	-0.09969144283073957	0.014182090594291388	6.886766393855695e-6	0.014168592532159432	0.014195588656423345	0.23417660096875495	0.2519558346514765	2.9068537155120582e-5	0.23411962663593092	0.23423357530157898
HepG2_skew	[-0.05,0.05)	pELS	0	4072336	4066997	1014940.5490000001	1296755.7081290006	4067910	63304.06703002199	8222887.323425686	170056	609270	277349	all	0.015561816025925351	2.0211617804579385	7.048794846357324e-4	0.014180252236039316	0.016943379815811385	0.041804268039361735	9.923200351540767e-5	0.04160977331247154	0.04199876276625193	0.2495552735839245	0.2565706830672779	2.51169319637099e-4	0.24906298171743577	0.2500475654504132
HepG2_skew	[-0.05,0.05)	pELS	1	973986	973507	219441.637	235398.53646699997	973088	63863.432993706156	2372471.0471640034	54215	262570	143912	all	0.06562965835947639	2.4337800339280693	0.0015814832754504613	0.06252995113959348	0.0687293655793593	0.05571438554375349	2.3251945744263617e-4	0.05525864740716593	0.05617012368034106	0.22541351731420523	0.19099360992705022	4.429348780602707e-4	0.2245453649532071	0.22628166967520336
HepG2_skew	[-0.05,0.05)	pELS	2	393882	393663	76833.954	62515.883152	393576	63298.124990071854	1106858.955744332	29022	135001	93123	all	0.16082821358536054	2.7864545039163455	0.002660796584774484	0.15561305227920255	0.16604337489151852	0.07373925239343862	4.1658314217587e-4	0.07292274943477392	0.07455575535210332	0.1951769762461801	0.12071183994706602	5.537485932562111e-4	0.19409162900339794	0.19626232348896228
HepG2_skew	[-0.05,0.05)	pELS	3	248526	248492	43801.314	26775.742212000005	248500	53857.62497196034	748088.0504787121	20882	96937	80156	all	0.21673088519903555	2.9634543388255943	0.003453312840264955	0.20996239203211625	0.22349937836595485	0.08403219315895372	5.565443236549586e-4	0.08294136628458999	0.08512302003331744	0.17626850763807284	0.07668265635630014	5.555106233790751e-4	0.17517970681624984	0.17735730845989583
HepG2_skew	[-0.05,0.05)	pELS	4	153116	153106	25521.516000000003	13619.663987999998	153098	31478.81003656238	528212.9771538136	13529	59074	57583	all	0.2056121571579144	3.4079083921790225	0.004718013696767294	0.19636485031225048	0.2148594640035783	0.08836823472546997	7.2539249136482e-4	0.08694646544239491	0.08979000400854502	0.1666918082896817	0.06117002276650635	6.320816985928661e-4	0.16545292816043966	0.16793068841892372
HepG2_skew	[-0.05,0.05)	pELS	5	123456	123421	19605.514000000003	8886.208062000003	123446	25636.988990613263	501635.40476987424	11816	50164	50860	all	0.20767776186035403	4.020504453606587	0.005706919711974446	0.19649219922488412	0.21886332449582394	0.09571796575020657	8.373560651107678e-4	0.09407674786258946	0.09735918363782367	0.158850714222053	0.04676598736355164	6.15560187888527e-4	0.1576442162537915	0.1600572121903145
HepG2_skew	[-0.05,0.05)	pELS	6	182803	182690	28535.162999999997	11442.686476999997	182671	33471.12401888777	989663.7692820736	19680	73940	84186	all	0.1832317336571638	5.3841944336817145	0.005429071536881877	0.17259075344487532	0.1938727138694523	0.10773467052788893	7.254207095779299e-4	0.1063128459371162	0.10915649511866167	0.15619444414034703	0.03823794839186158	4.5749874121064525e-4	0.15529774660757417	0.15709114167311988
HepG2_skew	[-0.2,-0.05)	Other cCREs	0	4125549	4122038	1881012.1740000006	3569763.2490780004	4100528	-527050.9022358664	6821116.831590144	104135	140042	193007	all	-0.12853244807397154	1.6469526206914802	6.337539248235274e-4	-0.12977460576662567	-0.12729029038131742	0.02539551004163366	7.769137053856313e-5	0.02524323495537808	0.025547785127889244	0.4563306243173888	0.6577815263104071	3.994706171816744e-4	0.45554766190771273	0.45711358672706487
HepG2_skew	[-0.2,-0.05)	Other cCREs	1	191570	191505	85845.606	154416.444112	191051	-34986.643953423605	369897.34174284467	4852	9992	21176	all	-0.1831272485013091	1.9025926924959917	0.003155718490866617	-0.18931245674340766	-0.17694204025921054	0.025396360134205005	3.5993584202739033e-4	0.02469088588383132	0.02610183438457869	0.4482682227618078	0.6053898972265311	0.0017779826793049962	0.44478337671037	0.45175306881324556
HepG2_skew	[-0.2,-0.05)	Other cCREs	2	32436	32387	12975.967000000004	21329.860914999997	32285	-6423.718989788555	64892.206303952815	875	2096	5874	all	-0.19896914944365973	1.9704523727013228	0.0078123658995114635	-0.2142813866067022	-0.18365691228061726	0.02710236952144959	9.037260657142728e-4	0.025331066432649613	0.028873672610249566	0.4006535647018867	0.49808539124918016	0.003921629324657573	0.39296717122555785	0.4083399581782155
HepG2_skew	[-0.2,-0.05)	Other cCREs	3	16867	16867	5950.537	9027.489987000004	16855	-2824.563990109833	36918.91320403107	530	1184	4198	all	-0.16758018333490554	2.1624286372806036	0.011326781260960504	-0.18978067460638814	-0.14537969206342294	0.031444675170572534	0.0013442232243090658	0.028809997650926764	0.0340793526902183	0.35279166419635977	0.410778497326455	0.004934974676669945	0.3431191138300867	0.36246421456263284
HepG2_skew	[-0.2,-0.05)	Other cCREs	4	12900	12890	4353.776	6215.446532000001	12833	-2315.5619982683565	28243.00048278453	409	1103	3792	all	-0.18043808916608403	2.1684215165579324	0.012998934543724257	-0.20591600087178358	-0.15496017746038449	0.03187095768721265	0.0015506010865808284	0.02883177955751423	0.034910135816911075	0.3377638479441427	0.3681354951627856	0.00534413460198432	0.3272893441242534	0.348238351764032
HepG2_skew	[-0.2,-0.05)	Other cCREs	5	9785	9785	3000.97	3864.8573819999997	9771	-1978.682001365233	25011.557944907516	341	709	3096	all	-0.20250557786974036	2.5190239306858335	0.016056343107789844	-0.23397601036100846	-0.17103514537847225	0.03489919148500665	0.0018566263760447614	0.031260203787958914	0.038538179182054384	0.3066908533469596	0.300949236695766	0.005545825598899122	0.2958210351731173	0.3175606715208019
HepG2_skew	[-0.2,-0.05)	Other cCREs	6	13528	13528	3652.9729999999995	3625.0214509999996	13511	-3303.1819965363247	36599.170851832125	506	1514	5272	all	-0.244480941198751	2.649267639405489	0.014002938142384883	-0.27192669995782537	-0.21703518243967662	0.03745096587965362	0.0016334249902887365	0.03424945289868769	0.04065247886061954	0.2700305292726197	0.19506226202346494	0.0037972555959365113	0.26258790830458417	0.2774731502406553
HepG2_skew	[-0.2,-0.05)	PLS	0	91944	90963	40266.49000000001	67529.89580599999	91732	19032.39098471065	339026.5906306599	8366	17593	14499	all	0.20747820809216688	3.652830387256681	0.00631036270647015	0.1951098971874854	0.21984651899684837	0.09120045349496358	9.505437673915422e-4	0.08933738771087617	0.093063519279051	0.4426688873498017	0.5464388808537418	0.002450972333793308	0.4378649815755668	0.4474727931240366
HepG2_skew	[-0.2,-0.05)	PLS	1	48849	48766	16630.907999999996	22418.89293000001	48849	23235.127981849255	237908.71404397118	6709	14252	14697	all	0.47565207029518014	4.644138497294282	0.009750451863246051	0.45654118464321786	0.4947629559471424	0.13734160371757867	0.0015573730145930938	0.1342891526089762	0.14039405482618114	0.3410349013657055	0.3434260814231085	0.0026537381634341817	0.33583357456537455	0.3462362281660365
HepG2_skew	[-0.2,-0.05)	PLS	2	34881	34876	9229.618999999997	9082.063274999997	34867	28330.721998418456	204575.99865972213	6490	11798	14440	all	0.8125368399466102	5.207257595758656	0.012220732564253007	0.7885842041206743	0.8364894757725461	0.18613588780221987	0.0020844127253550958	0.18205043886052388	0.19022133674391586	0.26464098520472523	0.19038072572833684	0.002336405148124194	0.26006163111440184	0.2692203392950486
HepG2_skew	[-0.2,-0.05)	PLS	3	30599	30589	7189.473000000001	5774.843851000001	30583	25009.989021210586	185939.3635766856	5836	11707	15073	all	0.8177742216659774	5.411249730919838	0.013301748928988765	0.7917027937651594	0.8438456495667953	0.19082496811954353	0.002246977862338293	0.18642089150936048	0.19522904472972658	0.23503458759684856	0.1335513609718296	0.002089495880778809	0.2309391756705221	0.239129999523175
HepG2_skew	[-0.2,-0.05)	PLS	4	27855	27847	5929.345000000001	3889.1978109999995	27832	21334.244009916212	168892.24415279858	5215	11152	15021	all	0.7665365050990304	5.480894229833908	0.0140330962096554	0.7390316365281058	0.794041373669955	0.18737424547283701	0.0023389882051305117	0.18278982859078122	0.1919586623548928	0.21292580888426046	0.09432906811467191	0.0018404904343059135	0.20931844763302088	0.21653317013550005
HepG2_skew	[-0.2,-0.05)	PLS	5	33431	33418	6620.103999999998	3618.461776	33431	23863.903007779387	218994.339075626	6360	14235	18881	all	0.7138255812802305	6.041270554576214	0.01344279138873863	0.6874777101583028	0.7401734524021583	0.19024258921360415	0.0021466273378788862	0.18603519963136153	0.19444997879584677	0.19809994613681245	0.06903730227668264	0.0014373140763400338	0.195282810547186	0.2009170817264389
HepG2_skew	[-0.2,-0.05)	PLS	6	163910	163860	28180.843	10787.880551000002	163820	89135.74200319302	1093798.4606119778	29081	70586	93411	all	0.5441078134732817	6.380816675283708	0.006241007045112892	0.5318754396648605	0.556340187281703	0.17751800756928335	9.440629320481822e-4	0.17566764422246892	0.17936837091609778	0.17198122177468572	0.03625864152240282	4.7040214027729653e-4	0.17105923357974223	0.1729032099696292
HepG2_skew	[-0.2,-0.05)	dELS	0	9895775	9892902	4583645.882999999	8490352.237851001	9879887	-396657.0433433462	23324662.31034263	459139	671125	1153945	all	-0.04014793320443303	2.359211163960942	4.886607065733989e-4	-0.04110570818931689	-0.039190158219549166	0.04647209021722617	6.697100546874546e-5	0.046340827046507424	0.04660335338794491	0.4633267248578829	0.6435550707494488	2.5505333395262964e-4	0.4628268203233357	0.4638266293924301
HepG2_skew	[-0.2,-0.05)	dELS	1	1759404	1759047	784000.8100000003	1351623.1634	1757061	13280.807913784905	4975222.078975338	104477	204046	387126	all	0.007558535482709425	2.831503588675106	0.0012694486515312461	0.005070416125708183	0.010046654839710668	0.0594612253074879	1.7840698744801727e-4	0.05911154761208979	0.059810903002886016	0.44569634012053133	0.5697388651186313	5.69113911000565e-4	0.4445808768549702	0.44681180338609244
HepG2_skew	[-0.2,-0.05)	dELS	2	452428	452286	188548.90800000002	300464.6423059998	451821	34123.37297314111	1474563.6918508362	33584	72712	139509	all	0.0755240968727463	3.2579048181240045	0.0026852578184230285	0.07026099154863717	0.08078720219685544	0.0743303210784802	3.9023643663577275e-4	0.07356545766267408	0.07509518449428632	0.4168798238282857	0.4905367340414654	0.0010414278685611138	0.4148386252059059	0.4189210224506655
HepG2_skew	[-0.2,-0.05)	dELS	3	180439	180363	68701.37199999999	101763.46175199997	180070	22842.121997456306	629459.2719815563	14980	33513	67379	all	0.12685134668438	3.479564600486758	0.0043958389178488004	0.11823550240539635	0.13546719096336365	0.08318987060587549	6.508100391689548e-4	0.08191428292910434	0.08446545828264664	0.38090612819702485	0.41912757754769014	0.0015244015912826503	0.37791830107811086	0.38389395531593884
HepG2_skew	[-0.2,-0.05)	dELS	4	102374	102349	35938.598	49369.59187199998	102246	9304.785948903418	404378.1635811546	8447	20167	41480	all	0.09100391163374037	3.9467102710439605	0.006212901374374595	0.07882662493996617	0.10318119832751457	0.08261447880601686	8.609558097713251e-4	0.08092700541886506	0.08430195219316865	0.35113775415490134	0.359070946992654	0.0018730455184898245	0.3474665849386613	0.3548089233711414
HepG2_skew	[-0.2,-0.05)	dELS	5	78778	78763	24379.207000000006	29458.023449000008	78744	6343.2589555368795	333295.0779597507	6699	14967	34254	all	0.08055545762898607	4.226205425647083	0.007325994116872856	0.06619650915991528	0.09491440609805686	0.0850731484303566	9.942158983572255e-4	0.08312448526957644	0.08702181159113676	0.3095261353681298	0.27820550167530467	0.001879410860975957	0.3058424900806169	0.31320978065564264
HepG2_skew	[-0.2,-0.05)	dELS	6	124142	124131	33349.07400000001	32803.544644	124068	-6176.692048479099	521656.18022258644	9361	25389	57884	all	-0.049784731344739167	4.2021542817054796	0.005819773813317116	-0.061191488018840716	-0.03837797467063762	0.0754505593706677	7.498362141895237e-4	0.07398088039085624	0.07692023835047918	0.26866031853445155	0.1920887118370338	0.0012439725439404564	0.26622213234832826	0.27109850472057484
HepG2_skew	[-0.2,-0.05)	non-cCRE	0	44212274	44186224	20108115.430999998	38852006.154037006	43677507	-7731343.6105363285	59986480.17665451	651121	1322863	368472	all	-0.17700972746764893	1.3420628263709637	1.7529014591098597e-4	-0.17735329615363446	-0.1766661587816634	0.014907467131766472	1.8336292271404424e-5	0.01487152799891452	0.014943406264618424	0.4550765738887305	0.672184039725197	1.2333906540869626e-4	0.4548348293205295	0.45531831845693155
HepG2_skew	[-0.2,-0.05)	pELS	0	1103364	1101766	489987.26	844739.9323560001	1101649	-60615.8509867104	2514527.2435220797	47849	179852	117447	all	-0.05502283484731561	2.2794867213158	0.001438457089591898	-0.057842210742915734	-0.05220345895171549	0.043433979425388666	1.9420064285207336e-4	0.043053346165398604	0.04381461268537873	0.44472897148759355	0.5689311261241516	7.185966102709732e-4	0.44332052213146245	0.44613742084372465
HepG2_skew	[-0.2,-0.05)	pELS	1	356233	356005	127159.22499999998	182944.17186700003	355796	33993.8929522933	1010919.3751795776	24198	97258	76094	all	0.09554321283064819	2.8321687753630442	0.0028213634414441524	0.09001334048541765	0.10107308517587874	0.06801088264061428	4.2207934075267744e-4	0.06718360713273903	0.06883815814848952	0.35718381764301055	0.38630171130934904	0.0010416822578904277	0.35514212041754534	0.35922551486847576
HepG2_skew	[-0.2,-0.05)	pELS	2	169407	169331	45969.07800000001	50189.181364	169239	49505.36102883739	580624.4952625644	16279	57873	53734	all	0.2925174518216096	3.34524937190761	0.004445944363723854	0.28380340086871086	0.30123150277450833	0.09618941260584145	7.167242903345388e-4	0.09478463299678576	0.09759419221489714	0.2714746738636163	0.22269970416428783	0.0011468102963123666	0.26922692568284406	0.2737224220443885
HepG2_skew	[-0.2,-0.05)	pELS	3	115829	115816	26209.625999999997	21272.966260000012	115810	48305.01700416347	426776.5440827307	13194	45144	47555	all	0.41710575083467294	3.5111972618374003	0.005506232985537683	0.4063135341830191	0.4278979674863268	0.1139279854934807	9.336340631159305e-4	0.11209806272977348	0.11575790825718792	0.22630401671617045	0.13246662884403088	0.0010694708736290659	0.2242078538038575	0.2284001796284834
HepG2_skew	[-0.2,-0.05)	pELS	4	77041	77033	15914.817999999997	11062.181871999997	77035	34475.38300632569	321987.2995101282	9458	30404	35127	all	0.4475288246423793	3.9795229622531796	0.0071873941867051155	0.43344153203643726	0.46161611724832136	0.12277536184851041	0.0011824069626703386	0.12045784420167654	0.12509287949534428	0.20659740630638815	0.10092197724792006	0.001144601918553876	0.20435398654602255	0.20884082606675375
HepG2_skew	[-0.2,-0.05)	pELS	5	64094	64081	12277.983999999999	7099.029425999997	64087	29913.581009722086	298362.73518889607	8258	26422	31598	all	0.4667651943408505	4.4377885456334045	0.008321437034370762	0.4504551777534838	0.4830752109282172	0.1288560862577434	0.0013234649693925316	0.12626209491773402	0.13145007759775276	0.1916010049780746	0.07407233696153678	0.0010751359482326457	0.18949373851953863	0.1937082714366106
HepG2_skew	[-0.2,-0.05)	pELS	6	103276	103242	18585.476999999995	8848.429202999998	103237	52496.391991597244	601484.4119045598	15311	42400	55397	all	0.5085036565533408	5.567726419281793	0.00734380701609183	0.49410979480180084	0.5228975183048808	0.14830923021784825	0.0011061330603334837	0.14614120941959463	0.15047725101610188	0.18001856802464108	0.0532995442450683	7.185112016147958e-4	0.1786102860694761	0.18142684997980607
HepG2_skew	[-0.5,-0.2)	Other cCREs	0	743887	743366	408257.306	821048.132062	738923	-153474.4408120229	1268110.7996282047	15752	27679	56224	all	-0.20770018095528614	1.6730238516372988	0.0015047053804140835	-0.21064940350089775	-0.20475095840967453	0.021317512108839486	1.6803106323294055e-4	0.020988171224902923	0.02164685299277605	0.5492009400483745	0.802879925507904	0.0010392593798383778	0.5471639916638913	0.5512378884328577
HepG2_skew	[-0.5,-0.2)	Other cCREs	1	49614	49604	23749.738	43783.71253800001	49454	-8209.924001964166	108066.21505505271	1567	2754	9683	all	-0.16601132369402202	2.1576704083485194	0.006605289250762001	-0.17895769062551553	-0.15306495676252851	0.03168601124277106	7.876643266550136e-4	0.030142189162527235	0.033229833323014886	0.47878675106846225	0.653441377381465	0.0036294846695702036	0.4716729611161046	0.48590054102081986
HepG2_skew	[-0.5,-0.2)	Other cCREs	2	9448	9433	4037.7079999999996	6809.442545999999	9397	-139.8689959025948	28569.713839815944	539	647	3153	all	-0.014884430765413941	3.0404035727362926	0.017987508147897565	-0.050139946735293164	0.020371085204465286	0.0573587315100564	0.0023987135051286262	0.05265725304000429	0.06206020998010851	0.4280407081522315	0.5387128026259616	0.007557074978808926	0.413228841193766	0.442852575110697
HepG2_skew	[-0.5,-0.2)	Other cCREs	3	4706	4706	1834.6640000000004	2927.7774059999997	4702	898.8109996622667	19135.121536619175	412	347	2174	all	0.1911550403365093	4.0338883819876274	0.029290084604584012	0.13374647451152463	0.24856360616149395	0.08762228838792004	0.004123379590101182	0.07954046439132172	0.09570411238451836	0.38985635359116033	0.470249094345383	0.009996271025364087	0.3702636623814467	0.40944904480087396
HepG2_skew	[-0.5,-0.2)	Other cCREs	4	3282	3282	1139.2800000000004	1595.0372559999994	3261	833.9329989815596	13055.2575063262	323	280	1654	all	0.25572922385205754	3.939262720169333	0.034756182871953624	0.18760710542302844	0.32385134228108664	0.099049371358479	0.00523119559539145	0.08879622799151175	0.10930251472544623	0.34712979890310797	0.3656078082004469	0.010554518920954522	0.3264429418180371	0.3678166559881788
HepG2_skew	[-0.5,-0.2)	Other cCREs	5	2373	2373	785.7899999999997	1043.9578	2367	658.8599983883328	11018.403459817393	271	199	1293	all	0.27835234405928716	4.579462483034278	0.043985357258546	0.192141043832537	0.3645636442860373	0.1144909167722856	0.006544596830663472	0.10166350698418519	0.127318326560386	0.3311378002528444	0.33041864584288255	0.01180003795952101	0.3080097258521832	0.35426587465350556
HepG2_skew	[-0.5,-0.2)	Other cCREs	6	3242	3242	870.4020000000003	810.7560819999999	3238	1682.0960078975186	18526.248043457374	492	390	1886	all	0.5194861049714388	5.453327939489244	0.04103858569191591	0.4390504770152836	0.599921732927594	0.1519456454601606	0.006308375715259204	0.13958122905825254	0.16431006186206865	0.2684768661320174	0.17805408230945996	0.007410874562814299	0.25395155198890135	0.2830021802751334
HepG2_skew	[-0.5,-0.2)	PLS	0	23385	23270	11492.051999999998	20154.435200000004	23327	8851.256995241743	111875.48372259425	2847	4758	5332	all	0.3794425770669929	4.652188114466153	0.01412209696196907	0.35176326702153354	0.4071218871124523	0.12204741286920735	0.002143237876094081	0.11784666663206296	0.12624815910635176	0.49385698324022337	0.6222444053478976	0.0051710925256888375	0.48372164188987327	0.5039923245905735
HepG2_skew	[-0.5,-0.2)	PLS	1	15759	15738	5853.229	8398.058817000001	15759	12800.949981323214	103575.96228421759	3004	4660	6298	all	0.8122945606525296	5.913048625663386	0.019370525261741232	0.7743283311395168	0.8502607901655423	0.1906212323116949	0.003128939834890603	0.18448851023530932	0.19675395438808047	0.3719169525988055	0.39531954784628887	0.005011865117769736	0.3620936969679768	0.38174020822963417
HepG2_skew	[-0.5,-0.2)	PLS	2	12182	12180	3285.993	3361.549683	12179	16232.927000303867	102508.91940875138	3304	4238	6013	all	1.3328620576651504	6.640882486877827	0.02335108595150048	1.2870939292002095	1.3786301861300914	0.2712866409393218	0.004028902471719348	0.2633899920947519	0.27918328978389173	0.269785960591133	0.20322152106078176	0.004084709774987323	0.2617799294321579	0.27779199175010816
HepG2_skew	[-0.5,-0.2)	PLS	3	11223	11221	2795.640000000001	2520.783105999998	11217	15143.312989089754	97029.44304105353	3104	4455	6458	all	1.3500323606213565	6.828234705667318	0.024672653544004906	1.3016739596751068	1.3983907615676061	0.2767228314165998	0.004224122598983773	0.2684435511225916	0.285002111710608	0.24914357009179225	0.16259067519684314	0.003806554359388045	0.24168272354739168	0.2566044166361928
HepG2_skew	[-0.5,-0.2)	PLS	4	10311	10308	2244.353	1514.3757890000009	10289	14914.863987277844	91910.8177340109	2961	4080	6452	all	1.4495931565047957	6.832264090965504	0.02576889161748055	1.3990861289345338	1.5001001840750576	0.2877830692973078	0.0044632599639278245	0.27903507976800923	0.29653105882660635	0.21772923942568878	0.09951630128138526	0.0031071334626646416	0.21163925783886609	0.22381922101251148
HepG2_skew	[-0.5,-0.2)	PLS	5	12229	12226	2365.7849999999994	1276.6721630000004	12229	17377.335993573186	119941.81852960942	3606	5215	7773	all	1.4209940300575015	7.789395471413034	0.02523808533018342	1.371527382810342	1.470460677304661	0.29487284324147517	0.004123401615554807	0.28679097607498777	0.30295471040796257	0.19350441681662026	0.06698423854899735	0.0023406911693807297	0.18891666212463404	0.19809217150860647
HepG2_skew	[-0.5,-0.2)	PLS	6	60405	60393	10101.453	3769.8613950000004	60382	89711.18398033625	637406.1930521522	18732	26268	38708	all	1.4857272693904848	8.348981312718568	0.01175879983390358	1.4626800217160338	1.5087745170649358	0.3102249014607002	0.0018825145288988707	0.3065351729840584	0.313914629937342	0.16726198400476874	0.03444615718785728	7.552262692703804e-4	0.1657817405169988	0.1687422274925387
HepG2_skew	[-0.5,-0.2)	dELS	0	1825381	1824913	1012340.5000000002	1995063.2102260005	1822038	-197064.95306531945	4612621.07333323	82894	135581	324058	all	-0.10815633541414583	2.519875968584131	0.0011760096007391964	-0.11046131423159467	-0.105851356596697	0.04549520921078485	1.543807599213047e-4	0.04519262292133909	0.04579779550023061	0.5547335681207818	0.7855085354843544	6.560763334430195e-4	0.5534476585072334	0.5560194777343301
HepG2_skew	[-0.5,-0.2)	dELS	1	439374	439325	214122.62499999997	385731.183059	438728	11367.77696845364	1363471.873262651	29355	52781	137388	all	0.025910762405074762	3.10711974757548	0.0026612233135819684	0.020694764710454103	0.031126760099695422	0.06690933790412283	3.7723120565244154e-4	0.06616996474104404	0.06764871106720162	0.48739003015990434	0.6404611412131641	0.0012074062888791834	0.4850235138337011	0.48975654648610756
HepG2_skew	[-0.5,-0.2)	dELS	2	133491	133456	59258.334	98341.098252	133346	22919.959967918345	505820.5568166031	12137	21615	55853	all	0.17188337083915786	3.7637781456958925	0.005312782195378136	0.16147031773621673	0.182296423942099	0.09101885320894515	7.876859901605705e-4	0.08947498866823043	0.09256271774965986	0.4440289983215442	0.539722599855955	0.0020110193524654485	0.4400874003907119	0.44797059625237645
HepG2_skew	[-0.5,-0.2)	dELS	3	58203	58196	23985.261999999988	37201.751452000004	58080	17160.75195110263	255105.93593732803	6450	11099	28693	all	0.2954674922710508	4.305092918143394	0.008609500604375313	0.2785928710864752	0.3123421134556264	0.11105371900826447	0.0013037400540330032	0.10849838850235978	0.11360904951416916	0.4121462299814418	0.46939283690321976	0.002840021718966963	0.4065797874122665	0.41771267255061706
HepG2_skew	[-0.5,-0.2)	dELS	4	33119	33115	12309.030000000004	17391.501818000004	33081	12401.058994632796	162397.70287896693	4176	6740	17904	all	0.3748695321977206	4.768709906133391	0.0120063538116327	0.35133707872692055	0.3984019856685207	0.12623560351863608	0.0018259916528411714	0.12265665987906739	0.12981454715820478	0.3717055714932811	0.38703167202156374	0.0034186990665031913	0.36500492132293483	0.37840622166362736
HepG2_skew	[-0.5,-0.2)	dELS	5	24834	24820	8075.285	10105.416566999998	24815	11889.778982728953	135407.98594903963	3496	4921	14232	all	0.4791367714176487	5.227337617247742	0.014513866884683502	0.45068959232366906	0.5075839505116284	0.14088253072738263	0.0022085015453219246	0.13655386769855166	0.1452111937562136	0.32535394842868653	0.3013050770604397	0.0034841940620326086	0.31852492806710264	0.3321829687902704
HepG2_skew	[-0.5,-0.2)	dELS	6	35160	35156	9817.117	9826.079783	35136	17217.20597681089	233935.7565438507	5572	7587	21394	all	0.49001610817426255	6.418074520491224	0.01351531644005491	0.46352608795175493	0.5165061283967701	0.15858378870673953	0.0019487614191057486	0.15476421632529228	0.1624033610881868	0.2792444248492434	0.20152765161875325	0.002394239514772987	0.27455171540028833	0.28393713429819845
HepG2_skew	[-0.5,-0.2)	non-cCRE	0	5198450	5195580	3095622.038	6356530.145760002	5143990	-1386773.8141669438	8074681.761407028	72428	198562	85790	all	-0.26959107894201656	1.4970521734391784	5.394713809514336e-4	-0.2706484428486814	-0.26853371503535173	0.014080120684526992	5.194861131781673e-5	0.013978301406344072	0.014181939962709913	0.595818376004219	0.8684502055220352	4.088419424201525e-4	0.5950170457970756	0.5966197062113625
HepG2_skew	[-0.5,-0.2)	pELS	0	199176	198911	105830.13	195015.1505	198748	-16928.766002698918	519735.17389872373	9595	33681	32719	all	-0.0851770382730841	2.607804051125279	0.0036223139992476697	-0.09227677371160953	-0.07807730283455866	0.048277215368204965	4.8081162097388027e-4	0.04733482459109616	0.04921960614531377	0.5320476494512622	0.6973429118313734	0.0018723791443204113	0.5283777863283942	0.5357175125741301
HepG2_skew	[-0.5,-0.2)	pELS	1	81241	81153	32220.953999999994	49537.041089999984	81133	15305.144027861304	283091.4899079869	7116	21962	24657	all	0.18864264883415263	3.453683959446124	0.006524429298929514	0.1758547674082508	0.20143053026005447	0.08770783774789544	9.930872512803044e-4	0.08576138673538604	0.08965428876040483	0.3970395918820006	0.45278054347140273	0.002362063608567134	0.392409947209209	0.4016692365547922
HepG2_skew	[-0.5,-0.2)	pELS	2	43832	43810	13068.685	15510.711347000002	43771	20899.24598464603	192700.42364748687	5653	14843	17977	all	0.4774678665017027	4.174587737164808	0.009765928991186836	0.4583266456789765	0.4966090873244289	0.12914943684174454	0.0016029679627713564	0.1260076196347127	0.1322912540487764	0.2983036977858936	0.2650659518889032	0.002459746471148201	0.29348259470244314	0.30312480086934407
HepG2_skew	[-0.5,-0.2)	pELS	3	31403	31401	7721.124000000001	7036.994922000001	31393	21528.593017340405	159420.6180870045	5014	12076	15887	all	0.6857768616360465	4.608078718531252	0.0121155611712075	0.6620303617404798	0.7095233615316131	0.15971713439301755	0.002067626542703895	0.1556645863693179	0.1637696824167172	0.24588783796694375	0.16364536417087006	0.0022828643917769784	0.24141342375906086	0.2503622521748266
HepG2_skew	[-0.5,-0.2)	pELS	4	22245	22242	4844.141999999998	3630.7397659999997	22245	17266.117981950058	126946.79470862997	3946	8813	12339	all	0.7761797249696587	5.104530839871709	0.015148223737282607	0.7464892064445848	0.8058702434947326	0.1773881771184536	0.0025612006531433172	0.1723682238382927	0.18240813039861448	0.21779255462638242	0.11580961759125248	0.0022818410857741857	0.21332014609826502	0.2222649631544998
HepG2_skew	[-0.5,-0.2)	pELS	5	19929	19928	3944.281000000001	2423.377141000001	19925	18203.91299881682	133597.05015599082	4027	8351	11632	all	0.9136217314337175	5.870586209754218	0.01716491155512659	0.8799785047856694	0.9472649580817656	0.20210790464240905	0.002844884021411154	0.1965319319604432	0.2076838773243749	0.19792658570855082	0.08243584431148152	0.002033884037741188	0.19394017299457808	0.20191299842252355
HepG2_skew	[-0.5,-0.2)	pELS	6	34537	34531	6198.174	2845.2214419999996	34534	38939.031007193495	282636.18991426844	8211	14431	21661	all	1.1275563504718102	6.913104515127231	0.014148588610000727	1.0998251167962088	1.1552875841474117	0.23776568019922395	0.002290843340499082	0.23327562725184575	0.24225573314660215	0.17949593119226204	0.05017881344275506	0.0012054678051741947	0.17713321429412063	0.18185864809040345
HepG2_skew	[-1.0,-0.5)	Other cCREs	0	174006	173940	111964.61600000001	234796.46727800005	172861	-43832.19594626979	299799.2421879503	3208	6505	19428	all	-0.25356902914057994	1.670049489857428	0.0031082515581333926	-0.2596612021945214	-0.2474768560866385	0.018558263575936734	3.246029183815545e-4	0.01792204185590889	0.01919448529596458	0.643696769000805	0.9355303049711924	0.0023191519121044412	0.6391512312530803	0.6482423067485297
HepG2_skew	[-1.0,-0.5)	Other cCREs	1	14733	14731	7852.6150000000025	14963.166887	14690	-1634.6780030899677	38059.79340976666	571	863	4625	all	-0.11127828475765607	2.5786567666588422	0.01324908455077367	-0.13724649047717247	-0.08531007903813967	0.03886997957794418	0.0015947306070378919	0.03574430758814991	0.04199565156773845	0.5330673409816036	0.7316493068022908	0.007047504599370921	0.5192542319668366	0.5468804499963705
HepG2_skew	[-1.0,-0.5)	Other cCREs	2	3365	3358	1469.0620000000001	2424.390652000001	3352	1037.6920008166924	15316.423340355805	347	216	1786	all	0.3095739859238342	4.474837628021994	0.03653731552838661	0.23796084748819646	0.381187124359472	0.10352028639618138	0.005261759097574225	0.0932072385649359	0.11383333422742686	0.4374812388326385	0.5307428025969757	0.012571922953674177	0.41284026984343714	0.4621222078218399
HepG2_skew	[-1.0,-0.5)	Other cCREs	3	2121	2121	758.339	1076.688883	2120	2236.542993068113	19106.190734938365	438	145	1512	all	1.0549731099377893	7.903113741402419	0.06105639884798447	0.9353025681957396	1.1746436516798389	0.20660377358490567	0.008793185996258874	0.18936912903223826	0.22383841813757308	0.3575384252710986	0.3799780901501606	0.013384709307936908	0.3313043950275422	0.38377245551465494
HepG2_skew	[-1.0,-0.5)	Other cCREs	4	1586	1586	560.3049999999998	737.331491	1582	1804.2099979904015	13962.405511896195	360	127	1261	all	1.1404614399433637	7.529901062383206	0.06899083406379948	1.0052394051783167	1.2756834747084107	0.22756005056890014	0.01054088644040046	0.20689991314571524	0.24822018799208503	0.35328184110970984	0.3403065672031698	0.014648176814432102	0.3245714145534229	0.38199226766599675
HepG2_skew	[-1.0,-0.5)	Other cCREs	5	1171	1171	387.169	479.72453700000005	1169	1942.3059997172097	13852.5095545294	362	92	957	all	1.6615106926580065	9.097043979097139	0.08821509203572711	1.4886091122679814	1.8344122730480317	0.30966638152266895	0.013522882855230066	0.283161531126418	0.3361712319189199	0.3306310845431255	0.3006106244688228	0.01602225780166586	0.29922745925186045	0.36203470983439057
HepG2_skew	[-1.0,-0.5)	Other cCREs	6	1434	1434	410.19100000000003	368.53662499999996	1434	2863.635996301658	18890.097347196373	526	159	1221	all	1.9969567617166373	9.191584146047884	0.08006092583290352	1.8400373470841465	2.153876176349128	0.3668061366806137	0.01272659047594048	0.34186201934777033	0.39175025401345703	0.2860467224546723	0.1752985581783639	0.011056421743499488	0.26437613583741326	0.3077173090719313
HepG2_skew	[-1.0,-0.5)	PLS	0	6392	6378	3799.541	7121.214189	6384	4020.600985658123	39553.81194767113	1010	1232	1937	all	0.6297933874777761	5.800041365066115	0.03014179461724951	0.5707154700279671	0.6888713049275852	0.15820802005012533	0.004567412124534218	0.14925589228603825	0.1671601478142124	0.5957260896832863	0.7617576425401721	0.010928640817270692	0.5743059536814358	0.6171462256851369
HepG2_skew	[-1.0,-0.5)	PLS	1	4552	4548	2016.3030000000003	3149.6045509999994	4552	5982.094999183902	45836.55088428592	1178	1336	2312	all	1.3141684971845127	8.34433533051932	0.042814881623413556	1.230251329202622	1.3980856651664033	0.2587873462214411	0.006491451314668953	0.24606410164468998	0.2715105907981923	0.44333839050131935	0.4960853363133973	0.0104440265454602	0.42286809847221735	0.46380868253042135
HepG2_skew	[-1.0,-0.5)	PLS	2	3325	3325	1049.1290000000004	1237.2682089999998	3325	6251.36998775555	41140.24928887038	1141	1167	1898	all	1.8801112745129474	8.840847801967298	0.051564538149552266	1.779044779739825	1.9811777692860697	0.3431578947368421	0.008233446441542601	0.3270203397114186	0.35929544976226563	0.3155275187969926	0.2726351199554843	0.009055138033108158	0.2977794482521006	0.33327558934188456
HepG2_skew	[-1.0,-0.5)	PLS	3	3246	3245	898.4839999999998	902.7784319999996	3246	6532.002996248077	43287.342319293486	1179	1317	2090	all	2.0123237819618227	9.289009967980771	0.05349466309512902	1.9074742422953699	2.1171733216282758	0.3632162661737523	0.00844120344725072	0.34667150741714087	0.37976102493036373	0.27688258859784276	0.20160414804755103	0.007882107999575042	0.2614336569186757	0.2923315202770098
HepG2_skew	[-1.0,-0.5)	PLS	4	3010	3009	723.4100000000001	577.4506420000001	3007	6851.918988658815	42093.77138181064	1267	1331	2098	all	2.2786561319118106	8.809249555203014	0.05412560235044172	2.172569951304945	2.3847423125186764	0.4213501829065514	0.009004566078742164	0.40370123339221675	0.43899913242088606	0.24041542040545033	0.13415283335255762	0.006677114611784232	0.22732827576635323	0.25350256504454743
HepG2_skew	[-1.0,-0.5)	PLS	5	3448	3447	703.1709999999999	444.47627700000004	3448	8429.855993727455	54497.01513222705	1492	1584	2405	all	2.4448538264870807	9.830939787997513	0.05339663504913062	2.3401964217907847	2.5495112311833767	0.43271461716937354	0.0084375809226563	0.4161769585609672	0.4492522757777799	0.2039950681752248	0.08735718540805544	0.005034179244304048	0.1941280768563889	0.21386205949406073
HepG2_skew	[-1.0,-0.5)	PLS	6	18587	18586	3149.927	1135.9388729999998	18577	51039.98103004508	322604.8231692915	9117	8257	13467	all	2.7474824261207447	9.817687998476876	0.022988827558659174	2.7024243241057726	2.7925405281357167	0.4907681541691339	0.003667821348234719	0.48357922432659384	0.49795708401167393	0.1694784784246207	0.03239677362880654	0.0013202552837416083	0.16689077806848712	0.17206617878075425
HepG2_skew	[-1.0,-0.5)	dELS	0	401244	401186	264269.904	546905.4985360001	400441	-57466.78802371523	1090625.2254541751	18748	30320	100434	all	-0.14350875166058227	2.7029723265481684	0.0025980740854619857	-0.14860097686808776	-0.13841652645307678	0.046818382733036824	3.3383107751246594e-4	0.04616407382111239	0.047472691644961255	0.6587216503068402	0.9293098975452471	0.0015219745721591937	0.6557385801454081	0.6617047204682722
HepG2_skew	[-1.0,-0.5)	dELS	1	113600	113588	62039.317	117004.82543500002	113460	9191.02897692402	396885.53438558377	8888	13461	47692	all	0.08100677751563565	3.491490307036994	0.005547330367184572	0.07013400999595389	0.09187954503531741	0.0783359774369822	7.977109641133537e-4	0.07677246394732003	0.07989949092664438	0.5461784431454028	0.731776416862281	0.0025381832760674344	0.54120360392431055	0.551153282366495
HepG2_skew	[-1.0,-0.5)	dELS	2	39524	39512	19033.359000000008	32857.21725499999	39460	14028.058982031067	190621.18635873077	4721	6212	21156	all	0.3555007344660686	4.704483161952543	0.010918863047366703	0.33409976289322985	0.3769017060389074	0.11964014191586417	0.001633766682295801	0.1164379592185644	0.12284232461316394	0.4817108473375179	0.5995454876725674	0.003895350693782307	0.4740759599777046	0.4893457346973312
HepG2_skew	[-1.0,-0.5)	dELS	3	18903	18900	8344.336000000001	13412.004625999996	18855	12434.004990762096	120704.07569432334	3091	3443	11801	all	0.6594539904938794	5.9671380866311905	0.01778974716058997	0.6245860860591231	0.6943218949286357	0.16393529567753912	0.0026961429231074094	0.1586508555482486	0.16921973580682964	0.4414992592592593	0.5147355131482949	0.005218685968264379	0.4312706347614611	0.4517278837570575
HepG2_skew	[-1.0,-0.5)	dELS	4	11617	11615	4663.191000000002	6835.6024990000005	11598	10773.411984651351	92188.31386214805	2394	2242	7990	all	0.9289025680851312	7.086389911405215	0.024718434963046303	0.8804544355575604	0.9773507006127019	0.20641489912053804	0.0037581639424659383	0.19904889779330479	0.2137809004477713	0.401480068876453	0.4273656152174913	0.006065829256133981	0.3895910435344304	0.41336909421847556
HepG2_skew	[-1.0,-0.5)	dELS	5	8948	8948	3138.4019999999996	4031.2768419999993	8947	11846.68997203419	91233.83031956469	2358	1636	6628	all	1.3240963420179044	8.444854847146662	0.030722558221536817	1.2638801279036922	1.3843125561321166	0.2635520286129429	0.004657635498765339	0.25442306303536283	0.272680994190523	0.35073781850692887	0.32754225672540704	0.006050213227560684	0.33887940058090993	0.3625962364329478
HepG2_skew	[-1.0,-0.5)	dELS	6	13232	13229	3800.844	3731.8948379999997	13224	24077.783001543372	173849.2862991354	4567	2765	10560	all	1.8207639898323784	9.832059748538686	0.027267218246565403	1.7673202420691103	1.8742077375956465	0.345356926799758	0.00413480424734747	0.337252710474957	0.353461143124559	0.28731151258598536	0.19956672204843007	0.003884011916974755	0.27969884922871485	0.2949241759432559
HepG2_skew	[-1.0,-0.5)	non-cCRE	0	911804	911429	672152.143	1461963.0191570001	903155	-295266.67158789217	1552838.0391167433	11886	39111	21118	all	-0.32692801522207393	1.6124681861712242	0.001336178354542674	-0.32954692479697756	-0.3243091056471703	0.01316053169168083	1.1991646780542424e-4	0.012925495414782199	0.013395567968579462	0.7374706565185001	1.060172100241021	0.001078516426461095	0.7353567643226363	0.7395845487143639
HepG2_skew	[-1.0,-0.5)	pELS	0	41510	41459	26495.409999999996	51637.529912000005	41421	-3853.753011349361	122250.59757383297	2241	7005	9480	all	-0.0930386280232095	2.942830750384276	0.008428928171458565	-0.10955932723926828	-0.07651792880715072	0.0541029912363294	0.0011115327795446243	0.05192438698842193	0.05628159548423686	0.6390749897489084	0.8371116802030217	0.0044934745835507155	0.630267779565149	0.6478821999326678
HepG2_skew	[-1.0,-0.5)	pELS	1	18205	18191	8540.59	14170.723412000001	18164	4642.420998328018	79624.36295052039	1912	4741	7195	all	0.25558362686236613	4.318550688451561	0.015419250503354543	0.22536189587579122	0.285805357848941	0.10526315789473684	0.002277089553742034	0.10080006236940245	0.10972625342007122	0.4694953548458029	0.5586012138184434	0.005541440195697859	0.4586341320622351	0.48035657762937073
HepG2_skew	[-1.0,-0.5)	pELS	2	10211	10207	3548.0919999999996	4814.536034000001	10185	7546.9129960483415	62720.70570891588	1773	3391	5300	all	0.7409831120322378	5.6096396927403225	0.023468588335527906	0.694984678894603	0.7869815451698725	0.17407952871870397	0.0037571838752629445	0.1667154483231886	0.18144360911421933	0.34761359851082585	0.35088879149838603	0.005863213254497645	0.33612170053201046	0.35910549648964124
HepG2_skew	[-1.0,-0.5)	pELS	3	7344	7342	2101.741	2337.664702999999	7343	7498.2750084101	54005.41191658697	1594	2697	4418	all	1.0211459905229607	6.312800116577292	0.02932069464546066	0.9636774290178578	1.0786145520280637	0.21707748876481003	0.004810940885557324	0.20764804462911768	0.2265069329005024	0.286262734949605	0.2364820291764448	0.005675339961598063	0.2751390686248728	0.29738640127433724
HepG2_skew	[-1.0,-0.5)	pELS	4	5748	5748	1411.5339999999997	1262.9676039999997	5748	6846.237999556818	47737.63835548525	1371	2258	3679	all	1.1910643701386252	6.887650635935964	0.03461602336712938	1.1232169643390517	1.2589117759381987	0.238517745302714	0.005621236550937058	0.22750012166287736	0.24953536894255063	0.24556958942240772	0.15944628139276681	0.005266824144395092	0.23524661409939335	0.2558925647454221
HepG2_skew	[-1.0,-0.5)	pELS	5	5395	5393	1167.4540000000002	813.43087	5395	8248.235997632728	53567.89405215848	1575	2254	3587	all	1.5288667280134807	7.593148029398354	0.037515886111510875	1.4553355912349193	1.602397864792042	0.2919369786839666	0.006189916449042337	0.2798047424438436	0.3040692149240896	0.2164758019655109	0.10398837705715068	0.004391139052691927	0.2078691694222347	0.22508243450878707
HepG2_skew	[-1.0,-0.5)	pELS	6	9967	9965	1850.866	912.304318	9964	20601.334004215896	137876.999009035	3735	4300	7102	all	2.0675766764568344	9.56360145719373	0.030980888971309434	2.006854134073068	2.128299218840601	0.3748494580489763	0.004849577345137595	0.3653442864525066	0.384354629645446	0.18573667837431007	0.05705847200361845	0.002392882740062445	0.18104662820378767	0.19042672854483247
HepG2_skew	[-1.5,-1.0)	Other cCREs	0	32859	32855	23921.411000000004	52440.35869100001	32603	-9197.119981216152	55640.1151474439	530	1308	4051	all	-0.28209428522578145	1.6270676694744794	0.007064379568228256	-0.29594046917950884	-0.26824810127205406	0.016256172744839432	7.003600756592151e-4	0.01488346699654737	0.017628878493131495	0.7280904276365852	1.0660317868856	0.005696188354324136	0.7169258984621099	0.7392549568110605
HepG2_skew	[-1.5,-1.0)	Other cCREs	1	2701	2701	1621.9729999999997	3381.4828629999997	2693	-632.8639985360205	5290.675087701386	63	140	867	all	-0.23500334145414797	1.9100854135807532	0.02663227197826688	-0.28720259453155106	-0.1828040883767449	0.023393984404010398	0.0029126856680492925	0.017685120494633784	0.02910284831338701	0.6005083302480562	0.8916572463194702	0.018169236568095215	0.5648966265745895	0.6361200339215228
HepG2_skew	[-1.5,-1.0)	Other cCREs	2	499	499	279.394	521.0952000000004	492	-41.70799909811471	1312.503509506628	24	24	248	all	-0.08477235589047706	2.6659222488057086	0.07361074076593146	-0.22904940779170274	0.059504696010748606	0.04878048780487805	0.009711378772941408	0.02974618540991289	0.06781479019984321	0.5599078156312626	0.7322496300391956	0.038307102844447286	0.4848258940561459	0.6349897372063793
HepG2_skew	[-1.5,-1.0)	Other cCREs	3	227	227	96.365	159.19134499999998	227	79.38899900764227	834.3819711606156	22	9	142	all	0.34973127316141966	3.5691024577993904	0.12539106154864818	0.10396479252606924	0.5954977537967701	0.09691629955947137	0.019635840022479683	0.05843005311541119	0.13540254600353155	0.42451541850220265	0.5233757375930762	0.04801687192432272	0.3304023495305301	0.5186284874738751
HepG2_skew	[-1.5,-1.0)	Other cCREs	4	171	171	75.09900000000003	114.639937	171	150.6270003577229	1411.905017409019	32	15	130	all	0.8808596512147537	7.524845708296414	0.20977355806333678	0.46970347741061363	1.2920158250188938	0.1871345029239766	0.02982553369956971	0.12867645687281998	0.24559254897513322	0.43917543859649144	0.4803429455108358	0.05300021767090001	0.33529501196152744	0.5430558652314554
HepG2_skew	[-1.5,-1.0)	Other cCREs	5	133	133	44.98700000000001	54.108259000000004	130	148.59099781443373	1172.8211095953438	25	5	108	all	1.1430076754956442	7.7750423146037955	0.24455677828398986	0.6636763900590241	1.6223389609322643	0.19230769230769232	0.03456603977972758	0.12455825433942626	0.2600571302759584	0.33824812030075196	0.29463250615174297	0.047066782353810045	0.24599722688728426	0.43049901371421967
HepG2_skew	[-1.5,-1.0)	Other cCREs	6	173	173	45.965999999999994	39.35596999999999	173	528.2219999446535	3465.785968337976	83	18	160	all	3.053306358061581	10.773037078133497	0.24954336421762274	2.5642013641950405	3.5424113519281213	0.4797687861271676	0.03798316466018196	0.405321783393211	0.5542157888611242	0.2656994219653179	0.1578071533136174	0.030202319065881778	0.2065028765961896	0.32489596733444615
HepG2_skew	[-1.5,-1.0)	PLS	0	1393	1391	960.5839999999998	1895.2510300000001	1388	1163.2770011222458	10043.31690809494	262	252	458	all	0.8380958221341829	6.538124955637782	0.06863282498517081	0.7035754851632481	0.9726161591051177	0.18876080691642652	0.010503538743898958	0.16817387097838457	0.20934774285446847	0.6905708123652048	0.8862588178237284	0.02524159066355091	0.641097294664645	0.7400443300657645
HepG2_skew	[-1.5,-1.0)	PLS	1	1002	1002	494.0470000000001	837.8390889999998	1002	1719.9209938329877	12724.766075731408	319	295	587	all	1.716488017797393	9.76277951874016	0.09870811989332191	1.523020102806482	1.9099559327883038	0.3183632734530938	0.014716485642638477	0.28951896159352236	0.3472075853126652	0.4930608782435131	0.5936501910953316	0.024340609289296423	0.4453532840364921	0.540768472450534
HepG2_skew	[-1.5,-1.0)	PLS	2	605	605	216.51799999999997	294.159832	605	1470.819997689687	10477.455433454295	249	216	396	all	2.4311074341978296	11.426711925006726	0.13743044476669444	2.1617437624551084	2.700471105940551	0.4115702479338843	0.020007444025799407	0.37235565764331746	0.45078483822445115	0.35788099173553717	0.35872873415795525	0.024350360499578443	0.31015428515636345	0.4056076983147109
HepG2_skew	[-1.5,-1.0)	PLS	3	566	566	189.6390000000001	242.59100699999993	564	1480.99100067839	10143.823999604994	265	214	393	all	2.625870568578706	11.110005894482564	0.14035167263518417	2.350781290213745	2.9009598469436666	0.4698581560283688	0.021015507160408998	0.42866776199396717	0.5110485500627704	0.3350512367491168	0.3169065938303259	0.023662325388891157	0.28867307898689015	0.38142939451134344
HepG2_skew	[-1.5,-1.0)	PLS	4	578	578	151.06300000000005	151.11738899999992	578	1815.942995470483	10970.436197048362	310	253	428	all	3.141769888357237	9.125062694811016	0.12564754554055196	2.8955006990977554	3.388039077616719	0.5363321799307958	0.020742279703629303	0.4956773117116824	0.5769870481499093	0.2613546712802769	0.19347724140795047	0.018295783989172504	0.22549493466149878	0.297214407899055
HepG2_skew	[-1.5,-1.0)	PLS	5	691	691	160.28200000000004	124.219618	691	2206.772999177571	14024.596308585982	370	340	513	all	3.193593341790985	10.111682248649808	0.12096860800432209	2.9564948701025138	3.4306918134794566	0.5354558610709117	0.01897301312614785	0.4982687553436619	0.5726429667981615	0.23195658465991323	0.12614659811237647	0.013511350114928778	0.20547433843465282	0.2584388308851736
HepG2_skew	[-1.5,-1.0)	PLS	6	3698	3698	647.586	247.02804400000005	3696	14499.865990651075	97006.47169191844	2406	1704	2840	all	3.923123915219447	10.858376361709905	0.054202143797432295	3.8168877133764796	4.0293601170624145	0.650974025974026	0.00784051739766539	0.6356066118746018	0.6663414400734502	0.17511790156841536	0.036143939030272174	0.003126326177454931	0.1689903022606037	0.18124550087622704
HepG2_skew	[-1.5,-1.0)	dELS	0	74710	74704	57033.812999999995	124451.81382699998	74561	-12343.775991691276	202077.4059187773	3394	5693	22224	all	-0.16555271511502362	2.682857568248138	0.0059985039110701166	-0.17730978278072104	-0.1537956474493262	0.04551977575408055	7.633569470010346e-4	0.044023596137958525	0.04701595537020258	0.7634639778325123	1.083069650255871	0.0038076433692807044	0.7560009968287221	0.7709269588363025
HepG2_skew	[-1.5,-1.0)	dELS	1	23002	23001	13470.283	26668.812699	22969	3675.0649943227204	83263.07492597195	1971	2688	11587	all	0.16000108817635597	3.599575954709225	0.012518567262487406	0.13546469634188066	0.18453748001083128	0.08581131089729635	0.0018480731024895188	0.0821890876164169	0.0894335341781758	0.5856390156949698	0.8165256270324919	0.005958151622710332	0.5739610385144576	0.597316992875482
HepG2_skew	[-1.5,-1.0)	dELS	2	8149	8149	4129.362000000001	7618.268848	8141	3436.5349967106013	39478.70863236847	1030	1166	4926	all	0.42212688818457206	4.671751204922561	0.023955264793530488	0.3751745691892523	0.4690792071798918	0.12652008352782212	0.0036844046314515014	0.11929865045017718	0.13374151660546707	0.5067323597987484	0.6781771597050466	0.009122616551233139	0.48885203135833144	0.5246126882391654
HepG2_skew	[-1.5,-1.0)	dELS	3	3885	3885	1644.5659999999998	2773.8158900000003	3880	3188.75800349284	24913.06642355693	693	685	2670	all	0.8218448462610413	5.746945628361097	0.038485991655423324	0.7464123026164116	0.897277389905671	0.17860824742268042	0.006149078829999347	0.16655605291588169	0.19066044192947915	0.42331171171171167	0.5349258088355092	0.011734139972077244	0.40031279736644027	0.4463106260569831
HepG2_skew	[-1.5,-1.0)	dELS	4	2236	2236	912.1120000000001	1441.6819380000006	2236	2628.293998105452	20678.770230773036	536	437	1574	all	1.1754445429809715	7.869958117830131	0.05932671628850683	1.059164179055498	1.291724906906445	0.23971377459749552	0.009028158119328734	0.2220185846836112	0.25740896451137985	0.4079212880143113	0.4785736179627253	0.014629802973585855	0.37924687418608305	0.4365957018425396
HepG2_skew	[-1.5,-1.0)	dELS	5	1520	1520	573.055	815.8553810000002	1520	2294.2079927786253	17430.688886417232	446	272	1175	all	1.5093473636701482	9.195478670708251	0.07777954114163182	1.35689946303255	1.6617952643077465	0.29342105263157897	0.01167896046045812	0.27053029012908103	0.3163118151340769	0.3770098684210526	0.39487030339168794	0.016117788134127984	0.34541900367816175	0.40860073316394346
HepG2_skew	[-1.5,-1.0)	dELS	6	2131	2131	631.447	633.455111	2131	4606.393994651504	33692.77651032578	812	434	1732	all	2.1616114475136103	11.143447192361098	0.07231327900328535	2.019877420667171	2.3033454743600497	0.38104176442984516	0.010520230074538645	0.3604221134837494	0.4016614153759409	0.29631487564523695	0.20955303836546577	0.009916427846358516	0.27687867706637426	0.31575107422409965
HepG2_skew	[-1.5,-1.0)	non-cCRE	0	196483	196409	182303.25	418704.82122199994	194869	-71677.06684605744	320880.37891698105	1945	8970	4083	all	-0.367821802575358	1.5113614907852997	0.0027849204732307243	-0.37328024670289023	-0.3623633584478258	0.009981064202105004	2.2518465726884885e-4	0.00953970227385806	0.010422426130351948	0.9281817533819733	1.27028568586701	0.0025431384841823777	0.9231972019529758	0.9331663048109707
HepG2_skew	[-1.5,-1.0)	pELS	0	7585	7576	5673.0419999999995	11670.256932	7570	-858.7269909672902	22669.05112942677	402	1305	2066	all	-0.11343817582130651	2.982116356988099	0.019847890380954487	-0.15234004096797732	-0.07453631067463572	0.05310435931307794	0.002577319179414789	0.048052813721424954	0.05815590490473093	0.7488175818373811	0.9798261834848978	0.011372463126633753	0.7265275541091789	0.7711076095655833
HepG2_skew	[-1.5,-1.0)	pELS	1	3313	3313	1810.2050000000004	3237.6506270000014	3309	785.5939991286724	14521.610814959753	344	799	1489	all	0.23741130224499016	4.333464909489349	0.036188389706625274	0.16648205842000463	0.3083405460699757	0.10395889996977939	0.0053057455610454295	0.09355963867013034	0.11435816126942844	0.5463945064895865	0.6789144201026628	0.014315179518790378	0.5183367546327574	0.5744522583464157
HepG2_skew	[-1.5,-1.0)	pELS	2	1810	1810	704.5099999999999	1077.217354	1807	1472.2020037823825	11842.933915651254	329	582	985	all	0.8147216401673395	5.893410345776316	0.057108961698146395	0.7027880752389726	0.9266552050957064	0.18206972883231876	0.009078162181700529	0.16427653095618572	0.1998629267084518	0.38923204419889496	0.4438913690112971	0.015660263416765522	0.35853792790203454	0.4199261604957554
HepG2_skew	[-1.5,-1.0)	pELS	3	1240	1240	379.2909999999999	452.88002100000017	1240	1688.5540009632243	11258.89919243517	340	473	759	all	1.3617370975509873	7.231261152627443	0.07636532079328182	1.2120610687961548	1.5114131263058197	0.27419354838709675	0.012668587211822003	0.24936311745192563	0.2990239793222679	0.30587983870967733	0.27188260782564005	0.0148074362264817	0.2768572637057732	0.3349024137135815
HepG2_skew	[-1.5,-1.0)	pELS	4	989	989	272.8819999999999	306.99246400000004	989	1590.8659979392542	10985.643443946657	305	405	655	all	1.6085601596959092	8.5289876318286435	0.09286468640784039	1.426545374336542	1.7905749450552764	0.3083923154701719	0.014685324013597578	0.2796090804035206	0.33717555053682313	0.27591708796764397	0.23451382307815125	0.01539877160406659	0.24573549562367344	0.30609868031161447
HepG2_skew	[-1.5,-1.0)	pELS	5	987	987	230.647	197.47314099999994	987	1859.889001639444	12124.978723938206	341	424	701	all	1.8843860198981195	8.74262666398232	0.0941157679406489	1.6999191147344477	2.0688529250617913	0.3454913880445795	0.015136230039515386	0.31582437716712936	0.3751583989220297	0.23368490374873352	0.14561300101933652	0.01214622998115685	0.2098782929856661	0.25749151451180097
HepG2_skew	[-1.5,-1.0)	pELS	6	1890	1890	358.88700000000006	186.623055	1889	5347.984006537009	35316.26775455042	887	782	1448	all	2.8311191141011163	10.68616949774175	0.07521337038076945	2.683700908154808	2.9785373200474243	0.4695606140815246	0.011482798232980792	0.4470543295448823	0.49206689861816694	0.1898873015873016	0.06271835415311702	0.005760582814848562	0.17859655927019844	0.20117804390440477
HepG2_skew	[0.05,0.2)	Other cCREs	0	4014778	4011477	797085.0909999999	806565.8856629999	3993258	-415620.24250420055	6424992.201768455	101065	127583	156733	all	-0.10408048828906136	1.5981276046059145	6.326187233409021e-4	-0.10532042098680952	-0.10284055559131319	0.02530890816471162	7.859709928537152e-5	0.025154857850112292	0.02546295847931095	0.1987011494768635	0.16158246038376636	2.0069888287337122e-4	0.19830777966643168	0.1990945192872953
HepG2_skew	[0.05,0.2)	Other cCREs	1	168351	168300	34642.502	36090.045498	167902	-30283.37498259917	308227.30037359503	4148	8342	14613	all	-0.18036339640146734	1.8032369551535383	0.003277166184134462	-0.1867866421223709	-0.1739401506805638	0.024704887374778144	3.788188038701439e-4	0.023962402519192662	0.025447372230363627	0.20583780154486037	0.17207059487166632	0.0010111399556602726	0.20385596723176624	0.2078196358579545
HepG2_skew	[0.05,0.2)	Other cCREs	2	29416	29364	5769.225999999999	5436.133430000002	29281	-6431.997993305559	53871.40302087105	637	1848	4418	all	-0.2196645604079628	1.7916161546832883	0.007822211106948137	-0.23499609417758116	-0.20433302663834446	0.02175472149175233	8.52526115808144e-4	0.020083770304768368	0.023425672678736294	0.19647275575534665	0.1465326328782688	0.0022338786056515683	0.19209435368826958	0.20085115782242371
HepG2_skew	[0.05,0.2)	Other cCREs	3	16343	16341	2868.154	2211.698042	16335	-4328.81800221256	33155.768514517375	359	1099	3189	all	-0.2650026325198996	1.959631464933973	0.010952862424140697	-0.28647024287121536	-0.2435350221685838	0.021977349250076522	0.0011471033339549384	0.019729026715524844	0.0242256717846282	0.17551887889358056	0.10454607511786176	0.002529382745066437	0.17056128871325035	0.18047646907391077
HepG2_skew	[0.05,0.2)	Other cCREs	4	12407	12406	2095.448	1471.4538980000007	12351	-2922.3259939423297	25584.622048976005	279	981	3021	all	-0.23660642813880087	2.0156421808657603	0.012774845552159473	-0.2616451254210334	-0.2115677308565683	0.022589264027204275	0.0013370219354562987	0.01996870103370993	0.02520982702069862	0.16890601321940996	0.09008626605493064	0.0026947185053777145	0.16362436494886964	0.17418766148995027
HepG2_skew	[0.05,0.2)	Other cCREs	5	9280	9280	1495.1919999999998	901.285016	9263	-3012.556997527485	22581.966483084703	237	674	2495	all	-0.32522476492793745	2.3323481258617806	0.015867951149285377	-0.3563259491805368	-0.2941235806753381	0.025585663391989637	0.0016405683978787582	0.02237014933214727	0.028801177451832003	0.16111982758620688	0.07116930043665527	0.0027693150146745034	0.15569197015744485	0.16654768501496892
HepG2_skew	[0.05,0.2)	Other cCREs	6	12636	12636	1919.9779999999998	1038.642048	12624	-4799.04699127574	32895.26615718893	311	1375	4119	all	-0.38015264506303387	2.4614509823079826	0.013963590460474126	-0.4075212823655632	-0.35278400776050456	0.024635614702154626	0.0013796427893150915	0.021931514835097046	0.027339714569212206	0.15194507755618866	0.05911443149060736	0.0021629274383853274	0.14770573977695342	0.1561844153354239
HepG2_skew	[0.05,0.2)	PLS	0	74596	73703	15803.24	16660.044122	74465	9016.082002428595	254006.21853879647	6016	14338	9576	all	0.12107811726889942	3.3964676663193005	0.006753635930767927	0.10784099084459428	0.13431524369320455	0.08078963271335526	9.986405044725157e-4	0.07883229732458913	0.0827469681021214	0.21441786630123605	0.1800703796444283	0.0015630704660723066	0.21135424818773432	0.21748148441473777
HepG2_skew	[0.05,0.2)	PLS	1	36998	36886	7220.812999999999	6178.270328999999	36998	12158.802020357805	160534.3373886978	4311	10596	9054	all	0.32863403482236353	4.231114447715797	0.01069395278595941	0.30767388736188306	0.349594182282844	0.11651981188172333	0.0016680504084117882	0.11325043308123622	0.11978919068221044	0.19576026134576802	0.12917777115334364	0.0018713848638687947	0.19209234701258518	0.19942817567895085
HepG2_skew	[0.05,0.2)	PLS	2	25454	25452	4481.295000000001	2846.423859	25440	14705.735989620443	138800.8324444678	4129	8493	9038	all	0.578055659969357	5.122060557476812	0.014189392460263552	0.5502444507472405	0.6058668691914736	0.16230345911949687	0.002311791675280354	0.15777234743594737	0.16683457080304637	0.17606848184818485	0.08083804375608575	0.0017821610197195075	0.1725754462495346	0.1795615174468351
HepG2_skew	[0.05,0.2)	PLS	3	21525	21517	3647.9259999999995	1982.6370419999996	21513	12242.538002135465	115014.28248809051	3536	8267	9355	all	0.5690762795581957	5.022654542092108	0.015279747080840872	0.5391279752797477	0.5990245838366438	0.16436573234788268	0.0025267558016405724	0.15941329097666715	0.16931817371909821	0.16953692429241993	0.06340299720736425	0.0017165799450060523	0.16617242760020806	0.1729014209846318
HepG2_skew	[0.05,0.2)	PLS	4	19688	19682	3157.9450000000006	1528.9641969999989	19670	10046.912985981098	117422.06093009392	3144	7774	9389	all	0.510773410573518	5.709002232879607	0.017036403847911122	0.4773820590316122	0.5441647621154238	0.15983731570920184	0.0026128748161915235	0.15471608106946647	0.16495855034893722	0.1604483792297531	0.05194233220127514	0.0016245239147086058	0.15726431235692423	0.16363244610258199
HepG2_skew	[0.05,0.2)	PLS	5	23435	23425	3607.4509999999996	1498.3693429999998	23435	9873.704998348607	147421.43352067703	3684	10124	11693	all	0.4213230210517861	6.113399944601804	0.01615135360788179	0.38966636798033777	0.4529796741232344	0.15720076808192873	0.0023776992373236855	0.1525404775767743	0.16186105858708316	0.15400004268943435	0.0402502448343561	0.0013108242388021403	0.15143082718138215	0.15656925819748654
HepG2_skew	[0.05,0.2)	PLS	6	112366	112340	15454.124000000003	4597.283759999999	112303	18568.207942198613	708125.4879097631	15432	48799	56674	all	0.16534026644166774	6.27820889620181	0.007476910843250779	0.15068552118889622	0.17999501169443927	0.13741396044629262	0.0010273560006589476	0.1354003426850011	0.13942757820758414	0.13756564002136376	0.021998836565845174	4.425197382751269e-4	0.13669830133434452	0.138432978708383
HepG2_skew	[0.05,0.2)	dELS	0	9187097	9184912	1837501.988	1849218.636428	9173807	-527274.5074959071	20771985.417675015	395210	588762	852951	all	-0.057476084628323564	2.2609677753660606	4.964464239792034e-4	-0.0584491196193228	-0.056503049637324325	0.04308026100832511	6.703507813761763e-5	0.04294887225517538	0.043211649761474846	0.20005656973088037	0.1613095969939226	1.3252341027973836e-4	0.19979682384673209	0.20031631561502866
HepG2_skew	[0.05,0.2)	dELS	1	1474499	1474256	306164.081	312607.2221589999	1472818	-59894.98607825896	3908919.211909739	77759	165128	261974	all	-0.040666929707716064	2.6523889028447183	0.0013419738695735052	-0.043297198492080136	-0.03803666092335199	0.05279606848911406	1.842671828206377e-4	0.05243490481078562	0.05315723216744251	0.20767362045669138	0.16891583817177772	3.384922535868982e-4	0.20701017563966106	0.2083370652737217
HepG2_skew	[0.05,0.2)	dELS	2	360989	360893	75940.63300000003	76261.26896100004	360562	-2449.5210348996247	1069927.12148965	22606	56767	92782	all	-0.006793619502054084	2.9673494370599616	0.0028687610059065075	-0.01241639107363084	-0.001170847930477329	0.06269656813529989	4.037123276944527e-4	0.061905291973018764	0.06348784429758102	0.21042423377566213	0.16703479004670724	6.803215665694e-4	0.2090908035051861	0.21175766404613816
HepG2_skew	[0.05,0.2)	dELS	3	143318	143280	29167.282999999996	27491.650341	143017	2414.75100056489	453566.28075700055	9818	25350	44201	all	0.016884363401308167	3.1711522432705666	0.004708848461339154	0.007655020417083425	0.026113706385532908	0.06864918156582783	6.686217506612555e-4	0.06733868293453177	0.0699596801971239	0.20356841848129534	0.15043455544283274	0.0010246629119927768	0.20156007917378949	0.2055767577888012
HepG2_skew	[0.05,0.2)	dELS	4	82720	82706	15647.827000000001	13042.483521	82608	-2697.862982438761	292465.5847619722	5646	15530	28058	all	-0.03265861638629141	3.539378942338615	0.00654564544689936	-0.045488081462214155	-0.019829151310368665	0.06834689134224288	8.779614516598106e-4	0.06662608689698965	0.07006769578749611	0.18919820811065705	0.12190245682575954	0.0012140532075428337	0.1868186638238731	0.191577752397441
HepG2_skew	[0.05,0.2)	dELS	5	64685	64668	11378.591999999997	8094.6514799999995	64654	-5606.828994539447	238206.492966913	4234	11728	23561	all	-0.08672052764777813	3.676863653628999	0.007541210496300496	-0.1015013002205271	-0.07193975507502916	0.06548705416524886	9.729100485979637e-4	0.06358015046999685	0.06739395786050087	0.17595398033030243	0.09421409570639527	0.0012070165561504239	0.1735882278802476	0.17831973278035726
HepG2_skew	[0.05,0.2)	dELS	6	101176	101165	16058.228000000001	9175.959880000002	101128	-23655.196986978757	401954.59914908645	5695	19854	39981	all	-0.23391342641977253	3.920034520644611	0.006226001723981302	-0.24611638979877587	-0.2217104630407692	0.05631476940115497	7.249182359015943e-4	0.054893929658787845	0.0577356091435221	0.15873304008303268	0.06550737941573608	8.046925306321649e-4	0.15715584272299363	0.16031023744307174
HepG2_skew	[0.05,0.2)	non-cCRE	0	47328095	47304594	8853903.961000001	8415987.702579001	46768889	-6985421.927460619	58240695.2197365	607753	1279122	267820	all	-0.14936044188393313	1.2229786073576363	1.617077757334366e-4	-0.14967738912437067	-0.1490434946434956	0.012994813710456111	1.6560224486437154e-5	0.012962355670462694	0.013027271750449529	0.1871679516158621	0.14287873979583893	5.495815515313965e-5	0.18706023363176197	0.18727566959996225
HepG2_skew	[0.05,0.2)	pELS	0	1012912	1011674	196614.27299999996	188696.065559	1011576	-70978.99294966136	2164239.2515696543	39497	159801	83637	all	-0.0701667427357523	2.1345514537545043	0.0014526268105734795	-0.07301389128447631	-0.06731959418702828	0.03904501490743157	1.9259058840589922e-4	0.038667537354156005	0.039422492460707136	0.19434548382186353	0.1487486268255959	3.834477451169163e-4	0.19359392624143437	0.1950970414022927
HepG2_skew	[0.05,0.2)	pELS	1	302644	302490	54538.789000000004	44208.653073	302329	9224.771006054823	808537.3249935036	17984	82854	51405	all	0.030512359072582595	2.6734402882571393	0.0029736875902957715	0.024683931395602883	0.03634078674956231	0.05948486582497875	4.301760560548032e-4	0.058641720755111336	0.060328010894846164	0.1802994776686833	0.11364161309540999	6.129332536623426e-4	0.1790981284915051	0.18150082684586147
HepG2_skew	[0.05,0.2)	pELS	2	137856	137816	22568.451000000005	14173.763108999996	137710	22886.46698558459	438376.84138710785	11516	47315	35975	all	0.16619321026493783	3.15573612448824	0.004787046008473602	0.15681060008832956	0.1755758204415461	0.08362500907704597	7.459710335565671e-4	0.0821629058512751	0.08508711230281683	0.16375784379172234	0.07602947600421474	7.42747465143595e-4	0.1623020587600409	0.1652136288234038
HepG2_skew	[0.05,0.2)	pELS	3	93091	93082	14243.000999999998	6806.148558999998	93072	24403.134996266686	321331.0491190221	9117	36493	32312	all	0.26219631034324703	3.383789119727872	0.0060296502498599	0.2503781958535216	0.27401442483297245	0.09795642083548221	9.743627908806836e-4	0.09604666976535607	0.09986617190560836	0.15301563137878427	0.049706672341899454	7.307595368353002e-4	0.15158334268658707	0.15444792007098146
HepG2_skew	[0.05,0.2)	pELS	4	60962	60958	8997.575	3874.686064999999	60959	14966.994998038746	233538.75111685658	6120	23812	24205	all	0.24552559914104147	3.770858143354804	0.007865044432289948	0.23011011205375317	0.2609410862283298	0.1003953476927115	0.0012172049880682582	0.09800962591609771	0.10278106946932528	0.1476028577053053	0.04177729026333623	8.278559585433181e-4	0.1459802600265604	0.1492254553840502
HepG2_skew	[0.05,0.2)	pELS	5	50403	50384	7158.848	2664.588681999999	50401	13060.741989653907	220288.405205692	5474	20873	21808	all	0.25913656454542383	4.30364859912855	0.009240571353969926	0.24102504469164276	0.2772480843992049	0.10860895617150454	0.0013859494049485127	0.10589249533780545	0.11132541700520363	0.14208574150523975	0.03269790317362397	8.055891903357076e-4	0.14050678669218178	0.14366469631829773
HepG2_skew	[0.05,0.2)	pELS	6	77935	77914	10846.046999999999	3548.697109	77902	21424.949000808065	420445.596654209	9534	31922	36515	all	0.27502437679145675	5.321539048375157	0.008265027879013244	0.25882492214859076	0.29122383143432273	0.12238453441503427	0.0011741973615205503	0.12008310758645399	0.12468596124361456	0.1392053674564263	0.026168536071199032	5.795380610332176e-4	0.1380694728568012	0.1403412620560514
HepG2_skew	[0.2,0.5)	Other cCREs	0	641038	640536	151936.749	196235.638785	636581	-92270.25190807506	994105.6345155296	13643	23595	30134	all	-0.1449466005238533	1.5406254911746748	0.0015556851411749383	-0.14799574340055618	-0.14189745764715042	0.021431679550599218	1.8150844806484557e-4	0.02107592299239212	0.021787436108806315	0.23720251320768856	0.2500969659325318	6.24859590473566e-4	0.23597778841036038	0.23842723800501675
HepG2_skew	[0.2,0.5)	Other cCREs	1	34652	34647	8045.986999999996	9972.375086999999	34565	-7600.17299415404	64916.60887048269	768	1803	3737	all	-0.2198806015956615	1.8298078422722197	0.007275862140716043	-0.23414129139146495	-0.20561991179985806	0.022219007666714884	7.928021952829109e-4	0.020665115363960377	0.02377289996946939	0.23222752330649107	0.2339050814937879	0.002598286341522123	0.22713488207710772	0.23732016453587443
HepG2_skew	[0.2,0.5)	Other cCREs	2	5979	5973	1245.669	1381.352157	5951	-1182.4509951524672	12068.383351505845	153	408	1081	all	-0.19869786509031542	1.988812245915148	0.01828108287951549	-0.23452878753416578	-0.16286694264646506	0.02570996471181314	0.0020516340371857615	0.021688761998929048	0.029731167424697235	0.20854997488699148	0.1878044069545372	0.00560733666749955	0.19755959501869236	0.2195403547552906
HepG2_skew	[0.2,0.5)	Other cCREs	3	2934	2933	517.0669999999999	428.0943830000002	2933	-618.7009995555272	6288.8986630190675	82	213	728	all	-0.210944766299191	2.1004048176189465	0.026760576883755	-0.2633954969913508	-0.1584940356070312	0.027957722468462325	0.003043949480992788	0.021991581485716463	0.03392386345120819	0.17629287419024886	0.1149178565556176	0.006259472373397252	0.16402430833839024	0.18856144004210748
HepG2_skew	[0.2,0.5)	Other cCREs	4	2268	2268	393.882	325.396982	2261	-566.3320016091457	4948.790013885312	60	193	676	all	-0.2504785500261591	2.1269628297738232	0.030671122390347732	-0.3105939499112407	-0.19036315014107755	0.026536930561698365	0.003380140891288893	0.019911854414772133	0.0331620067086246	0.17366931216931217	0.11336204939749756	0.007069884506136826	0.159812338537284	0.18752628580134034
HepG2_skew	[0.2,0.5)	Other cCREs	5	1615	1615	270.5079999999999	199.77639200000004	1613	-571.6420007596025	3770.3374830674966	36	137	494	all	-0.3543967766643537	2.2132440450324635	0.03704225938278221	-0.4269996050546068	-0.2817939482741006	0.022318660880347178	0.0036780323603698233	0.015109717454022325	0.02952760430667203	0.16749721362229097	0.09570449550028585	0.00769803543352333	0.15240906417258526	0.1825853630719967
HepG2_skew	[0.2,0.5)	Other cCREs	6	2319	2319	356.749	206.24324100000004	2317	-821.4290006235242	5794.028940598394	69	286	872	all	-0.35452265887938034	2.3759990272956433	0.03202285968191901	-0.4172874638559416	-0.29175785390281905	0.029779887785930083	0.0035312921429883734	0.022858555185672872	0.0367012203861873	0.15383742992669255	0.06529848650176118	0.005306414650107861	0.14343685721248114	0.16423800264090396
HepG2_skew	[0.2,0.5)	PLS	0	16329	16191	3853.801	4703.2617230000005	16307	3060.335995212663	60294.34624908233	1492	3286	2622	all	0.18767008004002347	3.66245631963151	0.014986464569531784	0.1582966094837412	0.21704355059630576	0.09149445023609493	0.0022577410672910622	0.08706927774420445	0.0959196227279854	0.23802118460873326	0.23384653759936255	0.003800394103649314	0.2305724121655806	0.2454699570518859
HepG2_skew	[0.2,0.5)	PLS	1	9795	9781	1913.1069999999997	1702.905051	9795	5131.604999055504	50513.60167557681	1455	2972	2867	all	0.5239004593216441	4.883107153309616	0.022327798648248662	0.4801379739710767	0.5676629446722115	0.14854517611026033	0.003593419014084537	0.14150207484265465	0.155588277377866	0.1955942132706267	0.13586016282540606	0.0037269574620149553	0.1882893766450774	0.20289904989617602
HepG2_skew	[0.2,0.5)	PLS	2	7232	7231	1243.027	796.4323549999999	7230	6579.188989231014	46976.73968130119	1472	2527	2869	all	0.9099846458134182	5.670186570645492	0.02800460980291925	0.8550956105996965	0.9648736810271399	0.20359612724757953	0.004735679354773337	0.19431419571222378	0.21287805878293528	0.17190250311160282	0.08060206117077366	0.0033386730626431735	0.1653587039088222	0.17844630231438344
HepG2_skew	[0.2,0.5)	PLS	3	6488	6483	1042.4990000000003	533.0311869999999	6488	5653.67000149528	40212.35164495613	1335	2643	2957	all	0.8714041309333046	5.439451248762053	0.028954903626395995	0.8146525198255684	0.9281557420410408	0.20576448828606658	0.005018852615202575	0.19592753716026953	0.21560143941186363	0.16080502853617157	0.05637027237828904	0.0029487439025544294	0.15502549048716488	0.16658456658517826
HepG2_skew	[0.2,0.5)	PLS	4	5709	5708	896.0079999999999	426.041248	5700	4942.395998378401	41302.02879465242	1210	2292	2854	all	0.8670870172593685	6.495269589454966	0.03375679162192602	0.8009237056803935	0.9332503288383436	0.21228070175438596	0.0054163107373000185	0.20166473270927793	0.222896670799494	0.15697407147862646	0.05000722343833518	0.0029598819390156184	0.15117270287815585	0.16277544007909708
HepG2_skew	[0.2,0.5)	PLS	5	6627	6626	992.3679999999999	394.7989119999998	6627	4575.301994133043	49323.81506572026	1239	2831	3428	all	0.6904031981489427	6.967252027840864	0.03242442438644119	0.626851326351518	0.7539550699463674	0.18696242643730196	0.004789321491902156	0.17757535631317373	0.1963494965614302	0.14976878961666162	0.037158212495953594	0.002368109015709746	0.1451272959458705	0.15441028328745274
HepG2_skew	[0.2,0.5)	PLS	6	29261	29256	3978.544	1157.618802	29241	14529.915988740746	213498.7787070847	5267	12633	15235	all	0.49690215754388517	7.054679620497539	0.015532542028104916	0.4664583751687995	0.5273459399189708	0.18012379877569168	0.0022473130747385646	0.1757190651492041	0.18452853240217926	0.13599070276182662	0.02107584370094518	8.487602087065294e-4	0.1343271327527618	0.13765427277089143
HepG2_skew	[0.2,0.5)	dELS	0	1563602	1563184	359892.69999999995	445559.166614	1560955	-135402.7889686114	3495742.678482789	63773	110769	183045	all	-0.08674355696904228	2.231966706862677	0.0011957727837553082	-0.08908727162520268	-0.08439984231288188	0.04085511754022377	1.5844193860165362e-4	0.04054457134056453	0.041165663739883014	0.23023054227781242	0.232027136382096	3.852692428960615e-4	0.22947541456173615	0.2309856699938887
HepG2_skew	[0.2,0.5)	dELS	1	316018	315959	72668.74900000003	86397.68781499998	315624	-9309.75803035044	850044.7811896343	17549	37034	68788	all	-0.029496356520259677	2.692358216123837	0.002920662746649539	-0.03522085550369278	-0.02377185753682658	0.055600968240691453	4.078814307955243e-4	0.05480152063633223	0.05640041584505068	0.22999423659398854	0.2205492323805848	8.354826007377192e-4	0.2283566906965426	0.23163178249143448
HepG2_skew	[0.2,0.5)	dELS	2	88620	88599	19790.325	22042.165405	88519	4466.598974825118	273948.25088823476	6257	14322	26931	all	0.05045921186214392	3.092284844034669	0.005910462910900525	0.0388747045567789	0.06204371916750895	0.07068538957737887	8.614458060215046e-4	0.06899695579757673	0.07237382335718101	0.22336962042460975	0.19889397076311355	0.0014982917874622776	0.2204329685211837	0.22630627232803582
HepG2_skew	[0.2,0.5)	dELS	3	36522	36520	7856.4349999999995	8290.112412999997	36472	4275.966991700465	124031.271428473	3004	6766	13334	all	0.11723971791238388	3.387073517714441	0.009636792815318089	0.09835160399436044	0.13612783183040733	0.08236455363018205	0.0014395457627518035	0.07954304393518852	0.08518606332517559	0.21512691675794085	0.1807273412399251	0.0022245724033784753	0.21076675484731905	0.21948707866856265
HepG2_skew	[0.2,0.5)	dELS	4	20713	20711	4126.195	3865.594729	20681	2257.0259937531087	76250.80215612965	1792	4081	8213	all	0.10913524460872824	3.6752650421766515	0.013330872187870187	0.08300673512050268	0.1352637540969538	0.08664958174169528	0.001956213195322068	0.08281540387886402	0.09048375960452654	0.19922722224904638	0.14696013330237065	0.002663785400163137	0.19400620286472664	0.2044482416333661
HepG2_skew	[0.2,0.5)	dELS	5	14891	14890	2741.653999999999	2176.8804520000003	14884	828.4650087258783	60914.3476836075	1267	2841	6282	all	0.05566144912159892	4.089782578826532	0.016576402352259746	0.023171700511169818	0.08815119773202802	0.08512496640687987	0.0022874390671590128	0.0806415858352482	0.08960834697851154	0.1841271994627266	0.11230219484748595	0.002746292388593356	0.17874446638108363	0.18950993254436957
HepG2_skew	[0.2,0.5)	dELS	6	21905	21904	3606.0899999999992	2327.6329800000003	21892	-2411.6490060525243	93644.46188811136	1582	4614	9636	all	-0.11016120071498832	4.265624765332854	0.013958816715701306	-0.13752048147776288	-0.08280191995221375	0.07226384067239174	0.001749967737475923	0.06883390390693893	0.07569377743784454	0.16463157414170923	0.07916526077721428	0.0019011028283335062	0.16090541259817556	0.1683577356852429
HepG2_skew	[0.2,0.5)	non-cCRE	0	5595775	5592748	1226259.07	1504784.3590819996	5538647	-945043.7776055201	7214107.896547075	71416	192693	53074	all	-0.17062719064882093	1.2733902350383282	4.7948929345204786e-4	-0.17156698966398695	-0.1696873916336549	0.012894123781493927	4.79375619791681e-5	0.012800166160014758	0.012988081402973096	0.21925877404095448	0.2209855548154062	1.9877845806492146e-4	0.21886916826314723	0.21964837981876173
HepG2_skew	[0.2,0.5)	pELS	0	174407	174165	38416.88199999999	44392.19344400001	174109	-14371.418987546005	381726.95934210723	6954	29302	18298	all	-0.08254265424272154	2.185658925917482	0.003543076951889788	-0.08948708506842552	-0.07559822341701757	0.039940497044954594	4.692942114553322e-4	0.03902068039050214	0.04086031369940705	0.22057750983262991	0.20623259271092778	0.0010881736586908337	0.21844468946159587	0.22271033020366396
HepG2_skew	[0.2,0.5)	pELS	1	63268	63222	12426.696000000002	11671.652246000001	63174	6167.161001151896	185618.93352780916	4461	17407	13257	all	0.09762182228688852	2.928733541743151	0.0068088025866376795	0.08427656921707867	0.11096707535669838	0.07061449330420742	0.0010192381792028843	0.06861678647296977	0.07261220013544507	0.19655651513713585	0.14598162296659994	0.001519549943062505	0.19357819724873335	0.19953483302553834
HepG2_skew	[0.2,0.5)	pELS	2	32631	32623	5508.981000000003	3803.401395	32592	9943.05900178524	119989.8907919176	3370	11294	10031	all	0.3050766753125073	3.5886132800226096	0.010493196945224935	0.2845100092998665	0.32564334132514816	0.10339960726558664	0.0016865662336160978	0.1000939374476991	0.10670527708347419	0.16886800723416004	0.0880727960161593	0.001643080887520554	0.16564756869461975	0.17208844577370033
HepG2_skew	[0.2,0.5)	pELS	3	23365	23362	3651.0510000000004	1901.8097989999999	23363	10717.309015291277	97108.10386118517	2986	9143	9203	all	0.45873000108253553	3.94622689345941	0.012996509287827869	0.4332568428783929	0.4842031592866782	0.127808928647862	0.0021843494166650613	0.12352760379119848	0.13209025350452552	0.1562816111634278	0.05698461822182936	0.001561794221688955	0.15322049448891747	0.15934272783793815
HepG2_skew	[0.2,0.5)	pELS	4	15696	15695	2352.2360000000003	1079.876354	15696	7106.174007309952	71081.13652506298	2029	6217	7026	all	0.4527378954708175	4.323918589368846	0.016597560455806504	0.42020667697743674	0.48526911396419825	0.12926860346585117	0.0026778986460472155	0.12401992211959863	0.1345172848121037	0.1498716788786238	0.04634527816753291	0.001718391384355404	0.1465036317652872	0.1532397259919604
HepG2_skew	[0.2,0.5)	pELS	5	13554	13553	1906.4100000000003	725.8454239999998	13552	7006.3089976948695	67574.4718742375	1972	5782	6396	all	0.516994465591416	4.719374872570726	0.018661241853203208	0.48041843155913777	0.5535704996236943	0.14551357733175915	0.0030290235195010898	0.13957669123353703	0.15145046342998128	0.14066332177377705	0.033772392321225905	0.001578567632624124	0.13756932921383377	0.14375731433372033
HepG2_skew	[0.2,0.5)	pELS	6	20962	20957	2878.587	952.5308169999998	20952	10943.1690054714	128816.98084908629	3248	8676	10521	all	0.5222971079358247	5.875681128627542	0.016746203584955013	0.4894745489093129	0.5551196669623366	0.15502100038182512	0.0025003769267441167	0.15012026160540665	0.1599217391582436	0.13735682588156703	0.026586049038750597	0.001126321421526266	0.13514923589537556	0.1395644158677585
HepG2_skew	[0.5,1.0)	Other cCREs	0	131148	131031	32991.08700000001	45234.117782999994	130134	-23319.63298004575	205470.80818459793	2520	4914	7145	all	-0.17919708131653334	1.5468174714884078	0.003447657734899458	-0.18595449047693627	-0.1724396721561304	0.019364654894185995	3.8199991167998297e-4	0.018615935067293227	0.020113374721078763	0.2517807770680221	0.28182550760758046	0.0014665710952788697	0.2489062977212755	0.25465525641476866
HepG2_skew	[0.5,1.0)	Other cCREs	1	7387	7387	1826.4080000000004	2403.679334	7372	-1593.2140001094667	14156.82010392059	159	386	907	all	-0.21611692893508772	1.8738976512115788	0.01594337533054061	-0.2473659445829473	-0.18486791328722812	0.021568095496473143	0.0016919149909380977	0.018251942114234473	0.024884248878711813	0.2472462434005686	0.26429824222627324	0.005981541054488114	0.2355224229337719	0.2589700638673653
HepG2_skew	[0.5,1.0)	Other cCREs	2	1192	1192	263.84099999999995	314.150577	1188	-334.6899997644359	2450.657347899373	23	67	247	all	-0.281725589027303	1.9851445750414398	0.04087783160881028	-0.36184613898057116	-0.20160503907403482	0.01936026936026936	0.00399762654021394	0.011524921341450035	0.027195617379088682	0.22134312080536908	0.21473651273181413	0.013421925389110564	0.19503614704271238	0.24765009456802578
HepG2_skew	[0.5,1.0)	Other cCREs	3	575	575	97.01099999999998	79.70550300000005	573	-183.2979986405699	1516.7233500956524	17	39	152	all	-0.31989179518424066	2.5491045878616116	0.0666985689967613	-0.45062099041789283	-0.1891625999505885	0.029668411867364748	0.007088101428309172	0.015775733067878772	0.043561090666850724	0.16871478260869563	0.11034549342220885	0.013852985452662094	0.14156293112147794	0.19586663409591332
HepG2_skew	[0.5,1.0)	Other cCREs	4	386	386	70.20900000000002	58.831189	385	-106.70199885289183	730.296626318284	6	29	132	all	-0.2771480489685502	1.8248030612373973	0.0688458292927482	-0.4120858743823367	-0.14221022355476376	0.015584415584415584	0.0063125398957839815	0.00321183738867898	0.02795699378015219	0.18188860103626947	0.11963888885673911	0.017605263642417095	0.14738228429713196	0.21639491777540698
HepG2_skew	[0.5,1.0)	Other cCREs	5	235	235	42.72699999999999	38.10911500000002	233	-27.82200038572773	432.29555331312577	9	15	86	all	-0.11940772697737223	1.849023239168545	0.08908266978777275	-0.29400975976140686	0.055194305806662375	0.03862660944206009	0.012624418481498914	0.013882749218322218	0.06337046966579796	0.18181702127659571	0.1296607655210039	0.02348931540908016	0.1357779630747986	0.22785607947839281
HepG2_skew	[0.5,1.0)	Other cCREs	6	399	399	55.846999999999994	23.371999	398	-198.2620006884681	1186.7988866854212	11	41	171	all	-0.49814573037303544	2.7406436210258063	0.08298216223266636	-0.6607907683490615	-0.3355006923970094	0.02763819095477387	0.008217263564670396	0.011532354368019894	0.04374402754152785	0.1399674185463659	0.039083514011158546	0.009897154601242653	0.12056899552793031	0.1593658415648015
HepG2_skew	[0.5,1.0)	PLS	0	3768	3736	962.152	1196.7272240000002	3764	599.6339998672485	13739.370630564184	329	775	658	all	0.15930765139937525	3.6257890901796754	0.031036765975805142	0.09847559008679717	0.22013971271195332	0.08740701381509033	0.004603486750636823	0.07838417978384216	0.09642984784633851	0.2575353319057816	0.25406669058532494	0.008246514586983467	0.24137216331529399	0.2736985004962692
HepG2_skew	[0.5,1.0)	PLS	1	2320	2313	502.99	486.50198800000004	2320	1098.482000370743	11173.282387300891	333	697	745	all	0.47348362084945816	4.593863368834582	0.044498466502222174	0.3862666265051027	0.5607006151938136	0.14353448275862069	0.007279290860978312	0.12926707267110318	0.1578018928461382	0.21746217034154777	0.16311448570065093	0.008397663132539545	0.20100275060177025	0.2339215900813253
HepG2_skew	[0.5,1.0)	PLS	2	1686	1686	306.36400000000003	205.10544599999997	1686	1807.6439998929854	12532.121882657384	392	600	676	all	1.0721494661286983	6.287274381733754	0.061066414566271106	0.952459293578807	1.1918396386785897	0.232502965599051	0.010287830877676474	0.21233881707880511	0.2526671141192969	0.1817105575326216	0.08868597789440705	0.007252682977786868	0.16749529889615936	0.19592581616908386
HepG2_skew	[0.5,1.0)	PLS	3	1578	1578	255.41099999999994	125.097059	1578	1544.8479988035979	11996.03782802607	361	666	745	all	0.9789911272519631	6.647841055323016	0.06490629423450907	0.8517747905523254	1.1062074639516009	0.22877059569074779	0.01057397773879645	0.20804559932270675	0.24949559205878882	0.16185741444866916	0.053111537678028516	0.0058015085708032	0.15048645764989488	0.17322837124744345
HepG2_skew	[0.5,1.0)	PLS	4	1371	1370	214.39099999999996	89.09095900000003	1369	1374.9639955944149	9634.701894906646	293	574	659	all	1.0043564613545763	6.033441463305183	0.06638666128941108	0.8742386052273307	1.1344743174818221	0.21402483564645727	0.01108497642057384	0.19229828186213255	0.235751389430782	0.15648978102189778	0.0405704589897256	0.005441826321661522	0.1458238014314412	0.16715576061235438
HepG2_skew	[0.5,1.0)	PLS	5	1557	1557	229.706	78.28983400000001	1557	1490.2529954806676	11993.086035380202	355	649	815	all	0.9571310182920151	6.79095030096598	0.0660421144947696	0.8276884738822666	1.0865735627017634	0.22800256904303148	0.010632453486856477	0.2071629602087928	0.24884217787727017	0.14753114964675657	0.028535375153754594	0.0042810222695390645	0.13914034599846	0.15592195329505312
HepG2_skew	[0.5,1.0)	PLS	6	5578	5576	783.7310000000001	230.68369299999995	5578	4021.916002809071	45398.441591980736	1165	2375	2947	all	0.7210319115828381	7.620317699166166	0.036961303932313685	0.6485877558755032	0.793476067290173	0.2088562208676945	0.005442671986855391	0.19818858377345794	0.21952385796193108	0.14055434002869444	0.021619174804479144	0.0019690564821214854	0.13669498932373633	0.14441369073365254
HepG2_skew	[0.5,1.0)	dELS	0	331718	331644	83313.98300000001	110986.15655299998	331189	-42426.540965497385	750653.1695763239	12897	24313	44228	all	-0.12810371408922816	2.250136394140745	0.0026065524604170715	-0.13321255691164563	-0.1229948712668107	0.03894151073858129	3.361579260988997e-4	0.03828264120342745	0.039600380273735136	0.25121510716310264	0.2715462873797127	9.048693177286758e-4	0.24944156330035444	0.25298865102585083
HepG2_skew	[0.5,1.0)	dELS	1	70160	70147	17841.039	23165.023115000007	70084	-3735.317992096883	193827.52156464924	3863	8345	16867	all	-0.05329772832739117	2.762844592855472	0.006278686342439778	-0.06560395355857314	-0.040991503096209206	0.05511957080075338	8.620488960143409e-4	0.05342995496456527	0.05680918663694149	0.25433787617431963	0.26555143767280814	0.0019456726647373035	0.2505243577514345	0.25815139459720476
HepG2_skew	[0.5,1.0)	dELS	2	19999	19997	4854.589	5743.388035	19972	756.4229955755878	64625.25309100633	1451	3272	6537	all	0.03787417362184998	3.23452026414002	0.012726065654901952	0.012931084938242153	0.06281726230545781	0.0726517123973563	0.0018366803768985077	0.06905181885863522	0.07625160593607737	0.24276586487973195	0.22828863461589155	0.003378778500052562	0.23614345901962894	0.24938827073983497
HepG2_skew	[0.5,1.0)	dELS	3	8319	8318	1934.02	2138.7524479999993	8297	1205.6140076509912	28324.05649384277	732	1584	3235	all	0.14530722039905883	3.3930655826322127	0.02022253435703962	0.10567105305926117	0.1849433877388565	0.08822465951548752	0.0031137115064516887	0.08212178496284221	0.09432753406813284	0.23251021880259679	0.2030868143118193	0.004941188313209693	0.22282548970870578	0.2421949478964878
HepG2_skew	[0.5,1.0)	dELS	4	4583	4582	964.1629999999999	946.3369330000002	4580	528.6990008233117	19013.923195399926	432	940	1871	all	0.11543646306185845	4.139089769102543	0.030062125517563508	0.056514697047433976	0.17435822907628293	0.0943231441048035	0.004318799379067628	0.08585829732183095	0.10278799088777604	0.21042405063291136	0.1622907332612138	0.005951402441580719	0.19875930184741317	0.22208879941840956
HepG2_skew	[0.5,1.0)	dELS	5	3135	3131	625.6440000000001	555.6213379999998	3132	137.431999085122	15271.480217120888	309	621	1383	all	0.04387994862232503	4.875582787627585	0.039455031177202136	-0.03345191248499116	0.12121180972964121	0.09865900383141762	0.0053284641564351745	0.08821521408480468	0.10910279357803057	0.19982242095177263	0.13757304768883352	0.006628650870026408	0.18683026524652088	0.21281457665702438
HepG2_skew	[0.5,1.0)	dELS	6	4388	4388	755.517	502.78638899999993	4387	-57.720993670052415	20784.025068434556	390	915	2042	all	-0.0131572814383525	4.738546652320095	0.03286538795100161	-0.07757344182231565	0.05125887894561065	0.08889901983131981	0.0042968275706827316	0.08047723779278165	0.09732080186985798	0.17217798541476756	0.0849562329595147	0.004400117906752732	0.16355375431753222	0.1808022165120029
HepG2_skew	[0.5,1.0)	non-cCRE	0	1032679	1032136	225791.39	277192.44799799996	1023856	-189273.80867037913	1336241.2488612162	12058	39763	11818	all	-0.18486370023751303	1.2709332788650374	0.001114145565361441	-0.18704742554562145	-0.1826799749294046	0.011777046772202341	1.0661694363610741e-4	0.01156807756267557	0.011986015981729112	0.21876127758357428	0.22070565871153375	4.624217693130528e-4	0.2178549309157207	0.21966762425142786
HepG2_skew	[0.5,1.0)	pELS	0	37380	37321	8664.336999999998	10405.314838999999	37301	-4142.298001401591	84257.82061223546	1449	6426	4403	all	-0.11105058849364872	2.2465902407899128	0.00776071431322929	-0.12626158854757813	-0.09583958843971932	0.03884614353502587	0.0010004840611148782	0.03688519477524071	0.04080709229481103	0.23215715012995358	0.2249149799923496	0.0024548929283655144	0.22734555999035716	0.23696874026955
HepG2_skew	[0.5,1.0)	pELS	1	14355	14342	2966.9270000000006	2983.2522810000005	14329	1536.4379995584027	42828.54596522277	1080	3982	3269	all	0.10722576589841598	2.9776521652683345	0.014415477771847516	0.07897142946559485	0.1354801023312371	0.07537162397934259	0.002205360561312323	0.07104911727917043	0.07969413067951475	0.20686982289778277	0.16522450442502967	0.0033941604600184077	0.2002172683961467	0.21352237739941884
HepG2_skew	[0.5,1.0)	pELS	2	7661	7657	1381.7069999999999	1053.9004469999998	7653	2948.9509932614164	31797.693716340935	904	2684	2495	all	0.385332679114258	4.006974193613547	0.022881917532323128	0.3404841207509047	0.43018123747761133	0.11812361165555992	0.0036894052320514434	0.11089237740073908	0.12535484591038074	0.1804501763092595	0.10509027889789209	0.0037046906456797484	0.1731889826437272	0.1877113699747918
HepG2_skew	[0.5,1.0)	pELS	3	5581	5581	894.1329999999997	466.2821350000001	5579	3057.56300003198	25202.27223201533	807	2172	2317	all	0.5480485750191755	4.217744565582009	0.027495521203439514	0.49415735346043405	0.601939796577917	0.1446495787775587	0.004709257550240765	0.13541943397908682	0.1538797235760306	0.1602101773875649	0.05789120581754921	0.0032207000983285926	0.15389760519484086	0.16652274958028895
HepG2_skew	[0.5,1.0)	pELS	4	3744	3744	553.192	249.968288	3744	2074.9069997448246	19686.579748121578	550	1480	1734	all	0.5541952456583399	4.95235804266091	0.03636956424955028	0.4829108997292213	0.6254795915874585	0.1469017094017094	0.005785555186715188	0.13556202123574765	0.15824139756767117	0.1477542735042735	0.04494571358044988	0.0034647844364923304	0.14096329600874855	0.15454525099979846
HepG2_skew	[0.5,1.0)	pELS	5	3095	3093	436.996	139.29579	3094	2179.2040074090473	18102.426263136294	526	1400	1526	all	0.7043322583739648	5.3564638160815665	0.041608200456287346	0.6227801854796416	0.785884331268288	0.1700064641241112	0.006753204757195489	0.15677018280000804	0.18324274544821434	0.14128548334949886	0.025082341176650196	0.0028476989523468954	0.13570399340289896	0.14686697329609877
HepG2_skew	[0.5,1.0)	pELS	6	4737	4736	648.4949999999999	188.49076300000002	4737	2906.714006199152	29568.658177849036	802	1963	2461	all	0.6136191695586135	5.866774227875997	0.03519232789335645	0.5446422068876349	0.6825961322295921	0.1693054675955246	0.0054488452688759145	0.1586257308685278	0.17998520432252138	0.13692884290540538	0.021054507501596445	0.0021084664585724207	0.13279624864660344	0.14106143716420733
HepG2_skew	[1.0,1.5)	Other cCREs	0	22345	22327	5108.131	6819.836593000001	22166	-4252.345993020805	33412.37907180745	377	844	1291	all	-0.19184092723183274	1.470634111148016	0.00814532942070678	-0.20780577289641802	-0.17587608156724746	0.017008030316701256	8.684770194821258e-4	0.01530581535851629	0.018710245274886222	0.22878716352398443	0.2531202092000836	0.0033670396000090356	0.2221877659079667	0.23538656114000214
HepG2_skew	[1.0,1.5)	Other cCREs	1	1241	1241	285.4819999999999	370.3340159999999	1236	-281.14600026304834	2678.9572406493617	37	75	143	all	-0.22746440150732067	2.117414197541174	0.04138983308495339	-0.3085884743538293	-0.14634032866081204	0.029935275080906147	0.004847108568821442	0.020434942286016118	0.039435607875796176	0.23004190169218366	0.24569451114605803	0.014070574708939694	0.20246357526266187	0.2576202281217055
HepG2_skew	[1.0,1.5)	Other cCREs	2	159	159	35.88699999999999	42.43866899999999	158	-51.4959998074919	472.3811004441363	3	13	33	all	-0.3259240494145057	2.9018937303071968	0.13552275091143373	-0.5915486412009159	-0.060299457628095576	0.0189873417721519	0.01085777520646135	-0.0022938976325123477	0.04026858117681614	0.22570440251572324	0.2173342728285964	0.0369713702619713	0.15324051680225947	0.298168288229187
HepG2_skew	[1.0,1.5)	Other cCREs	3	82	82	18.547	19.586795000000002	82	-41.57500052079559	220.94759886823107	2	8	24	all	-0.507012201473117	2.467513164542426	0.17346937469719104	-0.8470121758796114	-0.16701222706662255	0.024390243902439025	0.01703488526267264	-0.008998131212399348	0.0577786190172774	0.2261829268292683	0.19002197847034027	0.048138770246629776	0.13183093714587393	0.32053491651266264
HepG2_skew	[1.0,1.5)	Other cCREs	6	70	70	12.715000000000002	10.121170999999999	70	-42.22500016726553	251.84614927993485	1	5	28	all	-0.6032142881037933	3.280803273389206	0.2164916122885004	-1.027537848189254	-0.17889072801833256	0.014285714285714285	0.014183306411342085	-0.0135135662805162	0.04208499485194477	0.18164285714285716	0.11321133436853	0.04021572797666711	0.10282003030858963	0.26046568397712466
HepG2_skew	[1.0,1.5)	PLS	0	627	624	136.23	161.79416200000003	624	174.70700135617543	2450.554061405832	67	146	126	all	0.2799791688400247	3.8549594548564956	0.07859910711447747	0.12592491889564889	0.43403341878440055	0.10737179487179487	0.012393332868111557	0.08308086245029622	0.1316627272932935	0.21831730769230767	0.2119627530868009	0.01843051543439753	0.18219349744088853	0.2544411179437268
HepG2_skew	[1.0,1.5)	PLS	1	377	376	72.188	60.45703000000001	377	253.35799963213506	2124.6826600817194	59	118	136	all	0.6720371343027455	5.197916691638998	0.11742051537701229	0.44189292416380144	0.9021813444416895	0.15649867374005305	0.01871231589624018	0.11982253458342229	0.1931748128966838	0.19198936170212766	0.12426053855319151	0.01817911317217023	0.156358299884674	0.2276204235195813
HepG2_skew	[1.0,1.5)	PLS	2	305	305	58.23199999999999	46.15908199999999	305	375.4040013542399	2544.7378179143748	75	110	128	all	1.2308327913253767	6.85091533898954	0.14987333820557858	0.9370810484424428	1.5245845342083106	0.2459016393442623	0.024657258640127053	0.19757341240961326	0.29422986627891135	0.1909245901639344	0.11526697784728211	0.01944028079869405	0.15282163979849406	0.22902754052937474
HepG2_skew	[1.0,1.5)	PLS	3	252	252	43.00999999999999	21.854786	252	260.7440004162491	1742.3694289499085	58	92	110	all	1.0346984143501947	5.866844721784418	0.1525815514678982	0.7356385734731142	1.3337582552272753	0.23015873015873015	0.026516368790824207	0.1781866473287147	0.2821308129887456	0.17067460317460315	0.05782498532852717	0.015148076692905785	0.1409843728565078	0.20036483349269849
HepG2_skew	[1.0,1.5)	PLS	4	217	217	38.65	20.532892	217	205.65600153710693	1514.0740244529836	46	97	106	all	0.9477235093875895	6.107263874766746	0.1677619538381904	0.6189100798647363	1.2765369389104428	0.2119815668202765	0.027745168728663637	0.15760103611209578	0.26636209752845724	0.178110599078341	0.06318943215565796	0.01706445252235842	0.1446642721345185	0.21155692602216353
HepG2_skew	[1.0,1.5)	PLS	5	219	219	34.71000000000001	12.983605999999996	219	182.96099954470998	1662.4506290412392	47	87	95	all	0.8354383540854337	6.924761434494408	0.17781989547292468	0.4869113589585013	1.183965349212366	0.2146118721461187	0.027742588502227255	0.1602363986817533	0.26898734561048415	0.15849315068493156	0.03432251715470652	0.012518938558209744	0.13395603111084045	0.18303027025902266
HepG2_skew	[1.0,1.5)	PLS	6	695	695	105.84899999999999	23.982717	695	441.7609998736295	5271.788613935001	133	302	350	all	0.6356273379476683	7.1916329186977315	0.10172351382209172	0.43624925085636856	0.8350054250389681	0.19136690647482013	0.014921647332297602	0.16212047770351684	0.22061333524612342	0.1523007194244604	0.011328297045591199	0.0040372896823572015	0.1443876316470403	0.16021380720188053
HepG2_skew	[1.0,1.5)	dELS	0	57743	57730	13600.376	18074.839634000004	57637	-6983.945986931676	127118.96431522317	2268	4251	8110	all	-0.12117122658937272	2.1908652754103812	0.006165341710405452	-0.13325529634176742	-0.10908715683697803	0.03934972326803963	8.098466936869467e-4	0.03776242374841321	0.04093702278766605	0.23558593452277846	0.2575963959912494	0.002112365727265061	0.23144569769733894	0.23972617134821797
HepG2_skew	[1.0,1.5)	dELS	1	12553	12553	3141.199999999999	4104.958678	12534	-187.87700424343362	35202.95300278841	730	1560	3112	all	-0.014989389200848382	2.8085962531915674	0.014969242049310362	-0.04432910361749669	0.014350325215799927	0.05824158289452689	0.0020919027696667683	0.054141453465980025	0.062341712323073756	0.2502350035848004	0.26441367787917663	0.004589529800216676	0.2412395251763757	0.25923048199322507
HepG2_skew	[1.0,1.5)	dELS	2	3641	3641	927.6090000000002	1199.3006129999994	3635	535.5050056820036	12365.191207970454	305	671	1168	all	0.14731912123301336	3.3809304020686572	0.03049761711695785	0.08754379168377596	0.20709445078225075	0.08390646492434663	0.004598491770812468	0.07489342105355419	0.09291950879513906	0.25476764625103	0.26455380533756256	0.008524063315531245	0.23806048215258874	0.27147481034947124
HepG2_skew	[1.0,1.5)	dELS	3	1390	1390	342.853	411.052941	1388	179.4889986278722	4939.856213487394	116	269	507	all	0.1293148405099944	3.5448057838907947	0.050536072829038076	0.030264137765079774	0.22836554325490901	0.08357348703170028	0.007428281462612816	0.06901405536497916	0.0981329186984214	0.2466568345323741	0.23505104773943264	0.01300390222947852	0.2211691861625962	0.272144482902152
HepG2_skew	[1.0,1.5)	dELS	4	795	795	163.37499999999997	155.65917300000007	795	24.50700183049784	3348.2271567092407	63	166	334	all	0.030826417396852625	4.21595931189127	0.07282234186070281	-0.11190537265012487	0.17355820744383013	0.07924528301886792	0.009580212057508277	0.060468067386151694	0.09802249865158415	0.205503144654088	0.1537595676853129	0.013907129870659413	0.17824517010759555	0.23276111920058046
HepG2_skew	[1.0,1.5)	dELS	5	492	492	117.024	129.836116	492	94.93499968433747	1785.891598075822	47	96	213	all	0.19295731643158023	3.59994540794562	0.08553924369125311	0.025300398796724133	0.36061423406643633	0.09552845528455285	0.013251995517434563	0.06955454407038111	0.12150236649872459	0.23785365853658536	0.2077424225324127	0.020548496202985045	0.19757860597873467	0.27812871109443604
HepG2_skew	[1.0,1.5)	dELS	6	673	673	105.408	58.934493999999994	673	-76.96699952438932	2695.235351992092	64	127	286	all	-0.11436404089805248	3.997668295998042	0.07707186102758667	-0.26542488851212237	0.0366968067160174	0.0950965824665676	0.011307745801487813	0.07293340069565149	0.11725976423748372	0.15662407132243686	0.06313253555066156	0.009685433951717295	0.13764062077707095	0.17560752186780276
HepG2_skew	[1.0,1.5)	non-cCRE	0	168921	168840	30572.125999999997	31758.944820000004	167473	-37063.62294916029	224996.9809020243	1736	7177	2116	all	-0.2213110349080765	1.294511274420219	0.0027802286768941354	-0.226760283114789	-0.215861786701364	0.01036585001761478	2.4749555135843984e-4	0.009880758736952239	0.010850941298277322	0.18107158256337358	0.15531483592566375	9.59110839773609e-4	0.1791917253174173	0.18295143980932985
HepG2_skew	[1.0,1.5)	pELS	0	6792	6769	1418.3109999999997	1635.1600569999998	6783	-632.4540056607223	14556.377352885542	247	1257	860	all	-0.09324104462048094	2.1376300030556368	0.01775232988741517	-0.12803561119981466	-0.05844647804114721	0.036414565826330535	0.002274425798193057	0.031956691261872144	0.040872440390788925	0.20953035898951097	0.19769220508440125	0.005404213720745048	0.19893810009685067	0.22012261788217127
HepG2_skew	[1.0,1.5)	pELS	1	2678	2678	511.37200000000007	463.75623599999994	2673	475.41300007665996	8658.271822896982	230	724	652	all	0.17785746355280957	3.2087260750611213	0.03464709623638882	0.10994915492948748	0.24576577217613166	0.08604564160119715	0.005424094075898374	0.07541441721243634	0.09667686598995796	0.1909529499626587	0.13676064403126456	0.007146201904137034	0.17694639423055014	0.20495950569476729
HepG2_skew	[1.0,1.5)	pELS	2	1475	1474	247.78300000000002	165.44640099999998	1475	485.6290022173197	5164.397360025569	159	540	477	all	0.3292400015032676	3.395189190370087	0.047977319432330974	0.2352044554158989	0.4232755475906363	0.10779661016949152	0.008074924610256594	0.0919697579333886	0.12362346240559444	0.16810244233378563	0.08404173355818573	0.0075509007054900025	0.15330267695102523	0.18290220771654603
HepG2_skew	[1.0,1.5)	pELS	3	1070	1070	175.408	104.928082	1070	514.0130007348489	4576.493751997665	145	394	456	all	0.4803859819951859	4.050111423649543	0.061523579733496266	0.35979976571753325	0.6009721982728385	0.13551401869158877	0.010463553542558356	0.11500545374817439	0.15602258363500315	0.16393271028037382	0.07125628920031823	0.008160555299980249	0.14793802189241254	0.1799273986683351
HepG2_skew	[1.0,1.5)	pELS	4	737	737	115.989	49.81011300000001	737	361.0319994089662	3152.2735963351547	103	289	354	all	0.48986702769194873	4.042684679188863	0.07406298136863977	0.34470358420941477	0.6350304711744827	0.13975576662143827	0.012772091156375837	0.11472246795494162	0.1647890652879349	0.15737991858887382	0.042874692422275984	0.0076272286306246825	0.14243055047284944	0.1723292867048982
HepG2_skew	[1.0,1.5)	pELS	5	648	648	91.646	25.39006	647	301.9100002907217	3183.8671075326592	88	285	330	all	0.46663060323140915	4.710505668692577	0.0853260468076519	0.2993915514884114	0.633869654974407	0.13601236476043277	0.013476925233321032	0.10959759130312355	0.162427138217742	0.141429012345679	0.019209670378002933	0.005444681170874348	0.13075743725076527	0.15210058744059274
HepG2_skew	[1.0,1.5)	pELS	6	813	813	112.21200000000002	28.917406	813	448.83800067694386	4930.726913449121	139	345	405	all	0.5520762615952569	5.767160231494463	0.08422397533670804	0.38699726993530914	0.7171552532552047	0.17097170971709716	0.013203878823367658	0.14509210722329655	0.19685131221089777	0.13802214022140225	0.01653899704615272	0.004510340319584081	0.12918187319501745	0.14686240724778704
HepG2_skew	[1.5,Inf)	Other cCREs	0	6330	6329	1058.4489999999998	904.6328650000002	6299	-1233.2619978733128	9649.794815404064	111	225	333	all	-0.19578694997194995	1.4938612591813487	0.015399950616599559	-0.2259708531804851	-0.1656030467634148	0.017621844737259883	0.0016577889074927386	0.014372578478574115	0.02087111099594565	0.16723795228314106	0.11498420063904265	0.004262373836481466	0.15888369956363738	0.17559220500264475
HepG2_skew	[1.5,Inf)	Other cCREs	1	339	339	57.781	46.998161	338	-68.23399937991053	579.301664620147	8	14	39	all	-0.20187573781038617	1.6781212927346412	0.07046173355563017	-0.3399807355794213	-0.06377074004135105	0.023668639053254437	0.008268503470452868	0.007462372251166818	0.039874905855342056	0.17044542772861357	0.10991021816690233	0.01800608043538986	0.13515351007524945	0.2057373453819777
HepG2_skew	[1.5,Inf)	PLS	0	144	141	27.496000000000002	27.056926	144	9.609001267701377	420.9827089788413	7	34	29	all	0.06672917547014845	2.9394511066234683	0.1428735626598127	-0.21330300734308438	0.3467613582833813	0.04861111111111111	0.017921137230557896	0.013485682139217636	0.08373654008300459	0.1950070921985816	0.15496436423505572	0.03315174270261299	0.13002967650146013	0.25998450789570304
HepG2_skew	[1.5,Inf)	PLS	1	105	104	20.311999999999998	17.733007999999995	105	69.69999982416631	503.4917889218598	20	32	33	all	0.6638095221349173	4.396387166786309	0.20462246692236272	0.2627494869670864	1.0648695573027482	0.19047619047619047	0.0383213245791884	0.1153663943009812	0.26558598665139976	0.1953076923076923	0.1336496908140403	0.0358481963410188	0.12504522747929545	0.2655701571360891
HepG2_skew	[1.5,Inf)	PLS	2	84	84	11.768000000000002	2.1896120000000003	84	38.79700043983759	399.32038211201126	14	24	37	all	0.4618690528552094	4.595195762231811	0.23389038341740476	0.003443901357096102	0.9202942043533227	0.16666666666666666	0.040662503039522215	0.08696816070920312	0.2463651726241302	0.14009523809523813	0.006517725760183586	0.008808630616362504	0.12283032208716763	0.15736015410330864
HepG2_skew	[1.5,Inf)	PLS	3	57	57	9.144	1.8028880000000003	57	62.99699963629245	347.2991516526057	12	28	28	all	1.1052105199349553	4.958467945182798	0.29494180053861707	0.5271245908792659	1.6832964489906448	0.21052631578947367	0.05399886063606074	0.10468854894279463	0.31636408263615273	0.16042105263157894	0.005999962406015045	0.010259751378622249	0.14031193992947932	0.18053016533367855
HepG2_skew	[1.5,Inf)	PLS	4	54	54	9.843	4.443847	54	31.553000496933237	309.63500951058	10	22	27	all	0.5843148240172822	5.494304218452778	0.31897707506307127	-0.04088024310633753	1.209509891140902	0.18518518518518517	0.05286103941837502	0.08157754792517014	0.2887928224452002	0.1822777777777778	0.049994091194968546	0.030427232927273038	0.12264040124032263	0.24191515431523294
HepG2_skew	[1.5,Inf)	PLS	5	57	57	7.926	1.460602	57	23.413000043481567	396.4457809721066	8	31	27	all	0.4107543867277468	6.907656937460529	0.3481191804757345	-0.2715592070046928	1.0930679804601864	0.14035087719298245	0.046007724077697244	0.05017573800069586	0.23052601638526904	0.13905263157894737	0.006401265037593985	0.010597306044291903	0.11828191173213524	0.15982335142575949
HepG2_skew	[1.5,Inf)	PLS	6	138	138	19.707000000000004	3.5219270000000003	138	81.29799990076569	974.4926052009927	26	52	61	all	0.5891159413098963	6.763493850093732	0.22138388604566325	0.15520352466039633	1.0230283579593964	0.18840579710144928	0.03328718392885113	0.12316291660090106	0.2536486776019975	0.14280434782608697	0.005165559980958418	0.006118136486293524	0.13081280031295167	0.15479589533922228
HepG2_skew	[1.5,Inf)	dELS	0	16353	16350	2815.0929999999994	2620.2459729999996	16331	-2304.3579980456275	34681.79758353733	569	1208	2146	all	-0.14110330035182336	2.103897432015981	0.011350262152150443	-0.16334981417003824	-0.1188567865336085	0.03484171208131774	0.0014349693554364135	0.032029172144662374	0.03765425201797311	0.17217694189602442	0.13062278237856106	0.0028265103930017405	0.16663698152574102	0.17771690226630782
HepG2_skew	[1.5,Inf)	dELS	1	3429	3428	713.3480000000002	831.997038	3422	-34.79099948424854	9043.849883364886	204	395	799	all	-0.010166861333795598	2.6435241648925656	0.027794037539772675	-0.06464317491175003	0.044309452244158845	0.05961426066627703	0.004047511541189693	0.05168113804554523	0.06754738328700882	0.2080945157526255	0.1994611121613353	0.0076279653483928575	0.19314370366977548	0.2230453278354755
HepG2_skew	[1.5,Inf)	dELS	2	959	959	216.22	240.89465999999993	959	7.8780005060835725	2989.5500271488527	62	160	310	all	0.008214807618439596	3.1205483412215838	0.05704349858836515	-0.10359044961475611	0.1200200648516353	0.06465067778936393	0.007940798128813308	0.04908671345688984	0.08021464212183801	0.22546402502606883	0.20056871451864647	0.014461798028226804	0.1971189008907443	0.25380914916139335
HepG2_skew	[1.5,Inf)	dELS	3	404	404	98.569	120.25695500000005	404	40.360001173336016	1607.0669439661438	33	78	127	all	0.09990099300330697	3.977754192980925	0.09922664067804479	-0.09458322272566082	0.29438520873227475	0.08168316831683169	0.013626109576997615	0.05497599354591636	0.108390343087747	0.24398267326732673	0.23872909895462263	0.024308714718672776	0.19633759241872809	0.29162775411592534
HepG2_skew	[1.5,Inf)	dELS	4	204	204	48.042000000000016	54.830062000000005	204	94.09000089997423	1049.3942253637397	29	44	66	all	0.4612254946077168	4.955652798822702	0.15586024406661064	0.15573941623715992	0.7667115729782736	0.14215686274509803	0.02444965707281559	0.09423553488237948	0.19007819060781658	0.23550000000000007	0.21436537438423645	0.0324162098146322	0.17196422876332096	0.2990357712366792
HepG2_skew	[1.5,Inf)	dELS	5	117	116	19.227	8.843383	117	44.23800094611945	398.33761380408583	13	18	54	all	0.37810257218905513	3.289750964291864	0.16768282443152063	0.04944423630327471	0.7067609080748356	0.1111111111111111	0.02905424224269393	0.05416479631543101	0.1680574259067912	0.16575	0.04918702391304347	0.020591893264483768	0.12538988920161181	0.2061101107983882
HepG2_skew	[1.5,Inf)	dELS	6	145	145	19.14	5.711926000000001	145	-67.90499929385258	502.0969057446161	8	39	50	all	-0.468310339957604	3.265946475281188	0.1500792084035716	-0.7624655884286043	-0.17415509148660369	0.05517241379310345	0.018960652278417953	0.018009535327404257	0.09233529225880263	0.132	0.02212115277777778	0.012351504941888738	0.10779105031389807	0.15620894968610194
HepG2_skew	[1.5,Inf)	non-cCRE	0	46278	46261	6368.0419999999995	3551.5909739999997	45866	-10798.993986487856	61756.16164819517	443	1747	545	all	-0.2354466050339654	1.2910405576429609	0.005305477896082132	-0.24584534171028638	-0.2250478683576444	0.009658570618758994	4.566710385563103e-4	0.008763495383188626	0.010553645854329361	0.13765465510905514	0.057825342602032474	0.0011180252167324383	0.13546332568425956	0.13984598453385072
HepG2_skew	[1.5,Inf)	pELS	0	1776	1771	287.13200000000006	250.805664	1774	-241.05200029117995	4056.5287380719965	69	299	226	all	-0.13588049621825252	2.2694723478048666	0.03576725738898831	-0.2059843207006696	-0.06577667173583543	0.03889515219842165	0.00459046112429278	0.029897848394807802	0.0478924560020355	0.16212987012987015	0.11539716956489837	0.008072132792364095	0.14630848985683653	0.17795125040290377
HepG2_skew	[1.5,Inf)	pELS	1	787	787	134.17700000000005	99.74669700000003	786	166.12800035800325	2170.9861729792297	63	214	186	all	0.21135877908142908	2.72085804032143	0.05883580075762225	0.09604060959648947	0.3266769485663687	0.08015267175572519	0.009685133341620399	0.0611698104061492	0.09913553310530117	0.17049174078780185	0.09779977951185131	0.011147604999264782	0.14864243498924287	0.19234104658636084
HepG2_skew	[1.5,Inf)	pELS	2	424	424	73.99199999999999	50.255208	424	95.13700184074695	1353.4568266270821	41	145	146	all	0.22437972132251638	3.1491962474387605	0.08618207261481796	0.05546285899747319	0.3932965836475596	0.09669811320754718	0.014352994897329049	0.06856624320878224	0.12482998320631211	0.17450943396226412	0.0882811015656363	0.01442948873667991	0.1462276360383715	0.20279123188615675
HepG2_skew	[1.5,Inf)	pELS	3	325	325	51.553999999999995	20.608483999999997	325	43.59400074498263	1040.5600499499287	31	122	133	all	0.13413538690763885	3.193557258620829	0.0991278468772808	-0.0601551929718315	0.3284259667871092	0.09538461538461539	0.016294065982865747	0.06344824605819852	0.12732098471103226	0.1586276923076923	0.0383660245394112	0.010865049759440193	0.13733219477918954	0.17992318983619507
HepG2_skew	[1.5,Inf)	pELS	4	204	204	31.078000000000003	9.983876000000004	204	144.41500066127634	924.8192312548475	27	96	88	all	0.7079166699082173	4.05214504877795	0.14093777393396187	0.4316786329976521	0.9841547068187826	0.1323529411764706	0.023725931058654805	0.08585011630150717	0.178855766051434	0.15234313725490198	0.02585889645513379	0.011258743106967804	0.1302760007652451	0.17441027374455886
HepG2_skew	[1.5,Inf)	pELS	5	158	158	23.724	6.131117999999999	158	90.99599916208535	697.5337117123188	26	71	69	all	0.5759240453296541	4.109088711885839	0.1612665203368509	0.2598416654694264	0.8920064251898818	0.16455696202531644	0.029497690134231837	0.10674148936222205	0.22237243468841084	0.15015189873417722	0.016362511811658462	0.010176453278997084	0.13020605030734295	0.1700977471610115
HepG2_skew	[1.5,Inf)	pELS	6	218	218	30.981	5.899125	218	126.64400059124443	1211.3778176069882	33	93	101	all	0.5809357825286442	5.24334463604127	0.15508720003555487	0.2769648704589566	0.8849066945983317	0.15137614678899083	0.02427493600859948	0.10379727221213586	0.1989550213658458	0.14211467889908258	0.006895254069251255	0.005624020432240042	0.1310915988518921	0.15313775894627307
K562_skew	(-Inf,-1.5)	Other cCREs	0	23302	23300	14724.793000000001	30209.073185	23096	-5769.462990549395	35324.05473517656	345	947	3257	all	-0.24980355864865755	1.4671064017599307	0.007970075228062392	-0.26542490609565983	-0.23418221120165528	0.01493765154139245	7.981869747431694e-4	0.013373205070895837	0.016502098011889062	0.631965364806867	0.8971850296171251	0.006205303800986504	0.6198029693569335	0.6441277602568006
K562_skew	(-Inf,-1.5)	Other cCREs	1	2712	2712	1445.611	2821.531343	2703	-395.60999896074657	5344.47571685179	70	143	1144	all	-0.14635960005946969	1.9565412271000622	0.02690428649040059	-0.19909200158065485	-0.09362719853828452	0.02589715131335553	0.0030549589646502438	0.01990943174264105	0.03188487088407001	0.5330424041297935	0.7565324161281908	0.016702017260745525	0.5003064502987323	0.5657783579608547
K562_skew	(-Inf,-1.5)	Other cCREs	2	580	580	271.30000000000007	463.4912120000001	577	151.9659999385476	2210.580432752118	51	32	381	all	0.2633726168778988	3.7683276904024936	0.08081396667905205	0.10497724218695678	0.4217679915688408	0.08838821490467938	0.011817190601405828	0.06522652132592396	0.1115499084834348	0.4677586206896553	0.5813269399082842	0.03165892966333632	0.40570711854951613	0.5298101228297944
K562_skew	(-Inf,-1.5)	Other cCREs	3	331	331	106.327	137.14697099999995	331	299.2200011983514	2157.3311651218087	53	14	258	all	0.9039879190282519	5.717696663354182	0.13143062065739194	0.6463839025397637	1.1615919355167401	0.16012084592145015	0.020156649410973202	0.12061381307594268	0.19962787876695762	0.3212296072507553	0.31209572893893606	0.0307064716079047	0.26104492289926207	0.3814142916022485
K562_skew	(-Inf,-1.5)	Other cCREs	4	272	272	94.23400000000004	120.139798	272	317.76500105648313	2398.8100337670135	55	32	259	all	1.1682536803547174	7.481844656069581	0.16585168622532973	0.8431843753530712	1.4933229853563637	0.20220588235294118	0.024353302069167016	0.15447341029737383	0.24993835440850853	0.34644852941176485	0.32285080176904696	0.03445216215409542	0.2789222915897378	0.4139747672337919
K562_skew	(-Inf,-1.5)	Other cCREs	5	208	208	69.878	84.57246600000003	204	354.05299866781576	2235.42140239587	62	12	193	all	1.7355539150383126	7.9849425341226	0.19784305690942922	1.3477815234958312	2.1233263065807937	0.30392156862745096	0.03220288386416693	0.24080391625368378	0.3670392210012181	0.33595192307692306	0.29515370782237105	0.037669725386369306	0.26211926131963925	0.4097845848342069
K562_skew	(-Inf,-1.5)	Other cCREs	6	315	315	72.98999999999998	42.908842	315	927.5919991717675	6063.148308987048	148	34	305	all	2.9447365053071985	10.61030027705433	0.18353063216539528	2.5850164662630237	3.3044565443513734	0.46984126984126984	0.028120514513300415	0.41472506139520104	0.5249574782873386	0.23171428571428565	0.0827898607825296	0.016211876969221464	0.19993900685461158	0.2634895645739597
K562_skew	(-Inf,-1.5)	PLS	0	1073	1073	696.574	1290.108114	1070	772.4550011609682	6500.97856586866	162	193	347	all	0.7219205618326806	5.559707593489307	0.0720832047368192	0.5806374805485149	0.8632036431168463	0.15140186915887852	0.010957835210439002	0.12992451214641806	0.17287922617133897	0.6491835973904939	0.7816265847307033	0.026989808313100622	0.5962835730968167	0.7020836216841712
K562_skew	(-Inf,-1.5)	PLS	1	742	742	368.6909999999999	605.8738489999998	742	1179.4449958065525	8527.359091557071	219	216	505	all	1.5895485118686692	8.977832730960618	0.10999775010539448	1.373952921662096	1.8051441020752423	0.29514824797843664	0.01674430183053456	0.26232941639058893	0.32796707956628435	0.49688814016172494	0.5704125016405308	0.027726341305894617	0.4425445112021715	0.5512317691212784
K562_skew	(-Inf,-1.5)	PLS	2	616	616	186.36200000000008	192.91698999999997	616	1580.8499977670147	10450.254687224688	258	209	431	all	2.5663149314399587	10.395602818842884	0.12990757715398155	2.3116960802181548	2.8209337826617626	0.41883116883116883	0.019878348400727955	0.37986960596574204	0.4577927316965956	0.3025357142857144	0.2220094783972124	0.018984335579579077	0.26532641654973943	0.3397450120216894
K562_skew	(-Inf,-1.5)	PLS	3	529	529	162.64800000000005	187.17285999999999	529	1594.0270016281866	11013.265071369915	261	231	410	all	3.013283556953094	11.76138204171299	0.14910813651088448	2.72103160939176	3.3055355045144275	0.4933837429111531	0.021737227096770794	0.45077877780148234	0.5359887080208239	0.3074631379962194	0.2597814309302858	0.022160329638750476	0.2640288919042685	0.3508973840881703
K562_skew	(-Inf,-1.5)	PLS	4	568	567	154.48300000000006	158.11157899999992	567	1810.3699936141493	11505.934908654548	308	245	455	all	3.192892404963226	10.115933402598243	0.1335707766898689	2.931093682651083	3.4546911272753693	0.5432098765432098	0.02091946877535962	0.502207717743505	0.5842120353429147	0.2724567901234569	0.2049852238363214	0.01901383622432079	0.23518967112378816	0.30972390912312564
K562_skew	(-Inf,-1.5)	PLS	5	722	722	160.97399999999996	120.111624	722	2447.7909968555914	15544.481124184596	387	324	582	all	3.3902922394121764	10.049589880502205	0.11797923358575559	3.1590529415840956	3.6215315372402572	0.53601108033241	0.01855974861972207	0.4996339730377547	0.5723881876270652	0.22295567867036006	0.11681214505092577	0.01271965701525673	0.19802515092045686	0.24788620642026327
K562_skew	(-Inf,-1.5)	PLS	6	3238	3238	579.979	221.43901499999998	3237	13236.307001900394	88575.7902252251	2143	1461	2715	all	4.089066111183316	10.646370774578418	0.05734947463702301	3.9766611408947505	4.2014710814718805	0.6620327463700958	0.00831391724693034	0.6457374685661124	0.6783280241740792	0.17911642989499693	0.036316109702171626	0.00334896984807113	0.17255244899277752	0.18568041079721634
K562_skew	(-Inf,-1.5)	dELS	0	42040	42033	29097.184999999994	61131.78985300002	41896	-7981.655000818078	99419.3300682508	1470	3316	13927	all	-0.19051114666837116	2.336764191949722	0.007468289835265611	-0.20514899474549175	-0.17587329859125056	0.035086881802558714	8.989389780351904e-4	0.03332496140560974	0.03684880219950769	0.692246211310161	0.9751944655728773	0.004816709118886715	0.682805461437143	0.7016869611831789
K562_skew	(-Inf,-1.5)	dELS	1	17770	17768	8791.801000000001	16513.550149000002	17739	2300.9199913413017	55499.36353120931	1282	2073	9779	all	0.12970967874972106	3.11201442881405	0.013245130270785393	0.10374922341898168	0.15567013408046043	0.07227013924121992	0.0019441315427773324	0.06845964141737634	0.07608063706506349	0.49481095227375066	0.6845990163780429	0.006207244647073664	0.4826447527654863	0.5069771517820151
K562_skew	(-Inf,-1.5)	dELS	2	6867	6866	3127.5640000000003	5443.107642	6845	2942.3669960390544	32760.832145650227	824	993	4731	all	0.42985639094799916	4.601992531836408	0.025929027512862995	0.3790354970227877	0.4806772848732106	0.12037983929875821	0.00393312492442977	0.11267091444687587	0.12808876415064058	0.45551471016603556	0.5853541490188308	0.00923331072514654	0.43741742114474835	0.4736119991873228
K562_skew	(-Inf,-1.5)	dELS	3	3654	3654	1484.8830000000005	2372.0425890000015	3646	2968.8169996712822	23613.380801194307	646	601	2805	all	0.8142668677101706	5.815081339387453	0.03993645988488447	0.7359914063357971	0.8925423290845442	0.17718047174986287	0.006323417981592581	0.16478657250594142	0.18957437099378432	0.40637192118226617	0.4841576325100231	0.011510895727357312	0.38381056555664583	0.4289332768078865
K562_skew	(-Inf,-1.5)	dELS	4	2527	2527	922.7469999999998	1328.7297849999998	2524	3348.8219981775624	24682.95996943885	650	502	2022	all	1.326791599911871	8.022105062487823	0.05637668007654564	1.2162933069618413	1.4372898928619005	0.25752773375594296	0.00870377079380483	0.2404683430000855	0.27458712451180045	0.36515512465373956	0.39263024116830386	0.012464913022377764	0.34072389512987916	0.38958635417759996
K562_skew	(-Inf,-1.5)	dELS	5	1882	1882	644.8650000000001	843.3388329999999	1882	3399.1509962002747	23181.96092024442	596	318	1643	all	1.8061376175346837	9.060407463225205	0.06938475434570492	1.670143499017102	1.9421317360522654	0.31668437832093516	0.01072294764462564	0.2956674009374689	0.3377013557044014	0.3426487778958555	0.330875400766714	0.013259355984738803	0.31666044016576744	0.3686371156259436
K562_skew	(-Inf,-1.5)	dELS	6	2776	2776	734.4659999999999	621.2757760000001	2776	8021.581006567344	54011.14498412432	1333	543	2551	all	2.889618518215902	11.110571517902116	0.06326426528058408	2.765620558265957	3.013616478165847	0.48018731988472624	0.009482416947294495	0.46160178266802904	0.49877285710142344	0.2645770893371758	0.15385690072175925	0.007444726696891689	0.24998542501126805	0.27916875366308347
K562_skew	(-Inf,-1.5)	non-cCRE	0	127232	127157	111632.76400000001	246286.57413199995	125827	-45240.15387980662	190017.24970478722	920	6382	3197	all	-0.3595424978725283	1.380887032685645	0.0033127766362952087	-0.3660355400796669	-0.3530494556653897	0.007311626280528027	2.4017430312451077e-4	0.006840884646403986	0.007782367914652068	0.8779128478966948	1.166148167370634	0.0030283546260048626	0.8719772728297253	0.8838484229636643
K562_skew	(-Inf,-1.5)	pELS	0	4331	4331	2979.6239999999993	6067.600126	4322	-368.9040006647118	11139.917885037934	198	739	1357	all	-0.08535492842774452	2.5708007661338788	0.024388878439083654	-0.1331571301683485	-0.037552726687140554	0.045812124016658955	0.003180275764083683	0.03957878351905494	0.05204546451426297	0.6879759870699605	0.9278730631645858	0.014636936598589556	0.659287591336725	0.7166643828031961
K562_skew	(-Inf,-1.5)	pELS	1	2587	2587	1265.6979999999999	2161.0439479999995	2586	832.11300132575	10806.266742106018	275	661	1398	all	0.3217761026008314	4.076794067162838	0.03970499328240243	0.24395431576732263	0.39959788943434016	0.10634184068058777	0.006062106178795456	0.09446011257014868	0.11822356879102687	0.4892531890220332	0.5962092672703752	0.015181026793831407	0.45949837650612363	0.5190080015379428
K562_skew	(-Inf,-1.5)	pELS	2	1410	1410	508.1869999999998	763.1271729999999	1408	1269.3829996739514	9428.981946116173	263	449	952	all	0.9015504259047951	5.888108857230858	0.0646675768464566	0.7748019752857401	1.0282988765238499	0.18678977272727273	0.010386677215929181	0.16643188538405154	0.20714766007049393	0.3604163120567374	0.41161695431144263	0.017085868955115446	0.32692800890471113	0.3939046152087637
K562_skew	(-Inf,-1.5)	pELS	3	1028	1027	317.8879999999999	385.7509220000001	1028	1445.9649991199842	10133.305496126883	286	371	729	all	1.4065807384435645	7.886503388413971	0.08758821783280232	1.234907831491272	1.5782536453958569	0.2782101167315175	0.01397639921786137	0.25081637426450926	0.3056038591985258	0.3095306718597857	0.2800729393604645	0.01651392671123425	0.2771633755057666	0.34189796821380486
K562_skew	(-Inf,-1.5)	pELS	4	843	843	216.86700000000008	214.76853299999993	843	1255.3169983760456	8642.808430829693	239	347	637	all	1.4891067596394372	8.044545609332108	0.0976870448418383	1.297640151749434	1.6805733675294403	0.2835112692763938	0.015523014310166826	0.25308616122846683	0.3139363773243208	0.2572562277580072	0.1888101504213826	0.014965763634514443	0.2279233310343589	0.2865891244816555
K562_skew	(-Inf,-1.5)	pELS	5	941	941	197.42599999999996	123.676722	941	2240.2510025816737	14376.114257222467	399	410	759	all	2.380713073944393	9.619914262190685	0.10110922673167384	2.182538989550312	2.578887158338474	0.42401700318809776	0.016110226855850066	0.39244095855063166	0.45559304782556387	0.2098044633368756	0.08750624044814256	0.009643278313378157	0.1909036378426544	0.2287052888310968
K562_skew	(-Inf,-1.5)	pELS	6	1853	1853	343.15500000000003	158.068289	1851	5478.652010466204	35479.063231291526	897	795	1584	all	2.9598336091119415	10.412521555721591	0.07500232863563645	2.812829044986094	3.1068381732377888	0.4846029173419773	0.011616111732436759	0.4618353383464012	0.5073704963375534	0.1851888828926066	0.051036607932498694	0.005248113167093887	0.1749025810851026	0.1954751847001106
K562_skew	[-0.05,0.05)	Other cCREs	0	18882908	18867817	4854367.788999999	6799351.184777001	18794114	-450349.05558439065	29832099.321560767	576878	535868	625913	all	-0.023962239219384892	1.5867366525761886	2.905637945639297e-4	-0.024531744256730194	-0.02339273418203959	0.030694610025245136	3.978784756950595e-5	0.030616625844008906	0.030772594206481367	0.2572829590725837	0.2941731610906342	1.2486499266179765e-4	0.25703822368696655	0.25752769445820084
K562_skew	[-0.05,0.05)	Other cCREs	1	562341	562080	156638.60400000002	223312.31530399993	560980	-59248.63693737193	1020887.2033326279	16098	25455	39825	all	-0.10561630884768071	1.8086765832500795	0.001795588308200022	-0.10913566193175275	-0.10209695576360867	0.02869621020357232	2.2290310852975817e-4	0.028259320110853994	0.029133100296290643	0.27867670794193	0.31963618068751953	7.540999293674284e-4	0.27719867208036986	0.28015474380349015
K562_skew	[-0.05,0.05)	Other cCREs	2	90809	90652	23226.65399999999	29842.56046799999	90277	-14988.94899480336	150433.5381033926	1947	5557	10624	all	-0.166032865456355	1.6388063267269954	0.004260644084521142	-0.17438372786201645	-0.15768200305069358	0.02156695503838187	4.8347209559526053e-4	0.02061934973101516	0.02251456034574858	0.2562177778758328	0.26355449793856844	0.0017050869133839175	0.2528758075256003	0.25955974822606526
K562_skew	[-0.05,0.05)	Other cCREs	3	51515	51512	11172.495	12121.540285	51498	-8193.463994039921	87503.84175349446	1151	3352	7920	all	-0.1591025669742499	1.6738885876775662	0.005701223843379103	-0.17027696570727294	-0.14792816824122687	0.022350382539127734	6.513867440078767e-4	0.021073664520872296	0.023627100557383172	0.2168911127504271	0.18827678383746027	0.0019118075813052966	0.21314396989106874	0.22063825560978548
K562_skew	[-0.05,0.05)	Other cCREs	4	38290	38263	8103.821	8298.731021	37975	-6879.829002232756	73078.10190436352	830	2812	7137	all	-0.18116732066445704	1.8916021940643435	0.007057745816634912	-0.19500050246506145	-0.16733413886385262	0.02185648452929559	7.503131426737067e-4	0.020385870769655125	0.023327098288936053	0.21179261950186865	0.17203495748878123	0.002120405115791842	0.20763662547491663	0.21594861352882067
K562_skew	[-0.05,0.05)	Other cCREs	5	28734	28734	5828.595000000001	5371.349277000001	28662	-6631.273010836334	56500.41562997649	634	2132	6296	all	-0.23136114056368481	1.9178045686752105	0.00817991759550223	-0.24739377905086918	-0.21532850207650045	0.022119879980461936	8.687222518054534e-4	0.020417184366923247	0.023822575594000625	0.20284662768845274	0.14579189214799096	0.002252519931366918	0.19843168862297358	0.2072615667539319
K562_skew	[-0.05,0.05)	Other cCREs	6	36941	36928	7001.632999999999	5351.431488999998	36907	-10589.067994344048	80521.51802584728	782	4026	10158	all	-0.28691218452716416	2.0994793636667035	0.007542258839416481	-0.3016950118524205	-0.27212935720190784	0.021188392445877474	7.49625216307219e-4	0.019719127021915327	0.02265765786983962	0.18960228011265162	0.10896920702163762	0.001717805550515376	0.18623538123364147	0.19296917899166177
K562_skew	[-0.05,0.05)	PLS	0	260369	255476	71988.627	98054.21988300001	259935	47111.73295329	835755.7060078615	20681	46852	28102	all	0.18124428396826128	3.1824115879501664	0.003499014910710648	0.1743862147432684	0.18810235319325416	0.07956219824186817	5.30784497210899e-4	0.07852186062733481	0.08060253585640152	0.2817823474612096	0.3044098075210122	0.0010915767236165837	0.27964285708292114	0.2839218378394981
K562_skew	[-0.05,0.05)	PLS	1	101224	100902	25041.487	28360.184308999993	101224	31199.689993604792	408937.4213180872	10853	29058	21311	all	0.3082242352960246	3.9449623181325917	0.0062428037430925796	0.29598833995956314	0.3204601306324861	0.10721765589188335	9.724431085838798e-4	0.10531166739905895	0.10912364438470776	0.24817631959723296	0.21947731170254048	0.0014748400709389082	0.2452856330581927	0.2510670061362732
K562_skew	[-0.05,0.05)	PLS	2	58323	58308	12464.015000000001	10584.137972999999	58256	27275.634980401494	275175.2866303114	7965	19445	18419	all	0.46820301737849307	4.50441596483689	0.00879323973503003	0.4509682674978342	0.48543776725915194	0.13672411425432573	0.001423400235525708	0.13393424979269536	0.1395139787159561	0.21376166220758733	0.13582947860153494	0.0015262755398090283	0.21077016214956162	0.21675316226561303
K562_skew	[-0.05,0.05)	PLS	3	45178	45166	8917.577000000001	6272.252680999998	45153	19627.780988832357	212821.74095826183	6117	17053	17910	all	0.4346949480396066	4.524487148325402	0.010010168183585088	0.41507501839977984	0.4543148776794334	0.1354727260647133	0.0016105417192774326	0.13231606429492954	0.13862938783449708	0.1974400433954745	0.09989075370613333	0.0014871570351386297	0.19452521560660277	0.20035487118434622
K562_skew	[-0.05,0.05)	PLS	4	40695	40675	7440.656000000001	4264.750866	40676	14730.613020940447	218457.61040280285	5368	16073	18007	all	0.3621450737766852	5.239655598366529	0.011349644318528581	0.33989977091236917	0.38439037664100123	0.131969711869407	0.0016781680734844298	0.12868050244537751	0.1352589212934365	0.18292946527350956	0.07138800321177828	0.0013247954762008434	0.1803328661401559	0.18552606440686323
K562_skew	[-0.05,0.05)	PLS	5	47612	47594	8247.253	4003.3623050000015	47612	9527.273993661629	298244.22931918333	5966	20474	22348	all	0.2001023690175088	6.224145664295492	0.011433564905940805	0.1776925818018648	0.2225121562331528	0.12530454507267075	0.0015172377317752073	0.12233075911839134	0.12827833102695016	0.1732834601000126	0.05408883173659555	0.0010660503018788438	0.17119400150833008	0.17537291869169513
K562_skew	[-0.05,0.05)	PLS	6	221877	221824	34318.702	12177.885474	221781	11693.613989621048	1254441.0146515286	25432	95948	111809	all	0.05272595032767031	5.653460446123009	0.005048879554404557	0.042830146401037376	0.06262175425430325	0.11467168062187473	6.765783526860012e-4	0.11334558705061017	0.1159977741931393	0.1547114018320831	0.030963385124727766	3.7361125524319326e-4	0.15397912377180645	0.15544367989235974
K562_skew	[-0.05,0.05)	dELS	0	39605867	39595913	10588429.889999999	14874322.762324004	39550626	1886825.3725667633	87310680.55346039	1940971	2329988	3084058	all	0.04770658680767185	2.2052917382477046	2.361328149115824e-4	0.04724376649044515	0.04816940712489855	0.04907560755169842	3.435019093219094e-5	0.04900828117747133	0.04914293392592552	0.26741219201082694	0.30414370845874555	8.764239517101242e-5	0.26724041291629175	0.26758397110536214
K562_skew	[-0.05,0.05)	dELS	1	4904781	4903745	1388885.5350000004	1931039.7360830002	4899180	239874.01433614275	12857279.540471088	282612	528267	762759	all	0.04896207412998558	2.621977031498401	7.315647033987917e-4	0.04752820731132395	0.05039594094864721	0.0576855718712111	1.0533430244200508e-4	0.05747911663842477	0.057892027103997434	0.2832295592450261	0.31356985563747986	2.5287343841877343e-4	0.2827339273057253	0.2837251911843269
K562_skew	[-0.05,0.05)	dELS	2	1042507	1042166	294193.62499999994	388713.20278100006	1040757	62679.8078516823	3010357.811797824	67598	161510	237682	all	0.06022520900813764	2.8888451349493702	0.0016660478103025754	0.05695975529994459	0.06349066271633069	0.06495080023482908	2.415654472308127e-4	0.06447733195825668	0.06542426851140147	0.28229056119658474	0.2932982006489303	5.30501051538561e-4	0.2812507791355692	0.2833303432576003
K562_skew	[-0.05,0.05)	dELS	3	389129	388950	101325.75299999998	122749.330755	388173	30212.590931090053	1167130.8727861913	26588	66690	107195	all	0.0778327986003407	3.0006784164778946	0.0027803346055993005	0.07238334277336607	0.08328225442731534	0.06849523279568646	4.0542455801719234e-4	0.06770060066197277	0.06928986492940016	0.2605109988430389	0.24772619966228723	7.980665021309908e-4	0.25894678849886216	0.26207520918721566
K562_skew	[-0.05,0.05)	dELS	4	219786	219732	52878.22	58401.48220200001	219493	-1375.6780502749698	796273.2960436846	14328	39264	65401	all	-0.006267525844901522	3.627761713164718	0.0040654538862236024	-0.014235815461899785	0.001700763772096739	0.06527770817292579	5.272461438118024e-4	0.06424430573105466	0.06631111061479691	0.24064869932463184	0.20787420680922708	9.726434090174598e-4	0.23874231824295764	0.24255508040630605
K562_skew	[-0.05,0.05)	dELS	5	170859	170830	36680.295999999995	34842.59774200001	170789	-9795.605048155065	605831.7628747354	10123	29523	53805	all	-0.057355011436070615	3.543983979174036	0.004555288917488524	-0.06628337771434813	-0.04842664515779311	0.059271967164161624	5.713822773197072e-4	0.058152057900615	0.06039187642770825	0.21471811742668145	0.15785770354112347	9.612820212607993e-4	0.2128340046650103	0.21660223018835262
K562_skew	[-0.05,0.05)	dELS	6	271087	271063	53728.964000000014	42586.112726	270923	-53096.02803628775	995439.5449824197	13508	50722	95795	all	-0.19598198763592517	3.635857109693178	0.003663367308345175	-0.2031621875602817	-0.18880178771156864	0.0498591850821082	4.1816110732841326e-4	0.049039589311744514	0.05067878085247189	0.19821578009540222	0.11781874336137936	6.592832967886922e-4	0.19692358483369637	0.19950797535710807
K562_skew	[-0.05,0.05)	non-cCRE	0	305015868	304842950	73334727.49100004	98642764.823319	301308114	-30646600.691104185	347721360.49852	4329689	6547325	1045603	all	-0.10171183339292411	1.143693859165906	6.160975490630126e-5	-0.10183258851254046	-0.10159107827330777	0.014369639577645095	6.8560592229422886e-6	0.014356201701568127	0.014383077453722063	0.24056560104473482	0.26571371354564194	2.9523572400132503e-5	0.24050773484283056	0.24062346724663908
K562_skew	[-0.05,0.05)	pELS	0	4331697	4326413	1124672.91	1482115.81088	4327107	45229.053018986284	8909005.099342521	183061	651227	295829	all	0.010452492397111114	2.058773772357255	6.897718970862917e-4	0.009100539478821982	0.011804445315400246	0.04230563283967787	9.676398539680774e-5	0.04211597542830013	0.04249529025105561	0.25995505052337814	0.2749972512416005	2.5211587277822845e-4	0.2594609034127328	0.26044919763402347
K562_skew	[-0.05,0.05)	pELS	1	1026684	1026141	240762.16000000003	269272.858446	1025760	65039.3289964362	2539486.1412852495	57939	277927	148764	all	0.06340599067660681	2.4716938951520664	0.001552295729433537	0.06036349104691707	0.06644849030629654	0.056483972859148336	2.279367643183438e-4	0.05603721680108438	0.05693072891721229	0.23462873035966794	0.20736267812047945	4.4953320474650405e-4	0.2337476452783648	0.23550981544097108
K562_skew	[-0.05,0.05)	pELS	2	413199	413015	82700.31999999999	70311.46361	412891	66722.30101198959	1173194.6343798467	30473	142167	94433	all	0.16159785757497644	2.815307838610372	0.002611230660802462	0.15647984547980362	0.16671586967014926	0.07380398216478441	4.06886840446859e-4	0.07300648395750857	0.07460148037206026	0.2002356330883866	0.13014549792062216	5.613473312407465e-4	0.19913539231915472	0.20133587385761847
K562_skew	[-0.05,0.05)	pELS	3	254862	254834	45299.34799999999	28669.581040000005	254839	54504.25498110977	771103.7440510346	21347	99662	79395	all	0.21387721259740375	2.9801149197567733	0.0034196649711072786	0.2071746692540335	0.220579755940774	0.0837666134304404	5.487892420757974e-4	0.08269098651597183	0.08484224034490896	0.17776022037875633	0.08090458832453423	5.634532530425624e-4	0.1766558520027929	0.17886458875471975
K562_skew	[-0.05,0.05)	pELS	4	155491	155484	26009.028999999995	14312.420865000002	155470	32069.374039652175	538376.7550016443	13715	60089	56150	all	0.20627371222520213	3.4203711747663306	0.004690437135225016	0.1970804554401611	0.21546696901024318	0.0882163761497395	7.192787025827412e-4	0.08680658989267732	0.08962616240680167	0.167277848524607	0.06406929665407723	6.419218014483449e-4	0.16601968179376825	0.16853601525544576
K562_skew	[-0.05,0.05)	pELS	5	122838	122806	19559.679	9189.599385	122825	24238.024991373648	483945.1123114673	11388	50246	48786	all	0.19733787902604233	3.901208492378439	0.005635808063176198	0.18629169522221697	0.20838406282986768	0.09271728068389985	8.275767403179405e-4	0.09109523027287669	0.09433933109492301	0.15927299154764427	0.04946273194868584	6.346426533108829e-4	0.15802909194715495	0.16051689114813358
K562_skew	[-0.05,0.05)	pELS	6	174128	174043	27091.488	11131.208628000002	174005	28072.437019613702	891045.8132291804	17770	70360	77202	all	0.16133120898602743	5.094807320668616	0.005411068330133085	0.15072551505896659	0.17193690291308827	0.1021235021982127	7.259225508831232e-4	0.10070069399848178	0.10354631039794363	0.1556597392598381	0.039726931831161265	4.777648912109103e-4	0.1547233200730647	0.15659615844661148
K562_skew	[-0.2,-0.05)	Other cCREs	0	3557797	3555023	1574913.248	2973094.6498780004	3536642	-477427.6903465477	5790483.082192131	86950	119218	163410	all	-0.13499463342530788	1.6190596970816964	6.766060565162831e-4	-0.1363207812960798	-0.13366848555453595	0.02458546836236181	8.234520284407686e-5	0.02442407176478742	0.0247468649599362	0.4430107056972627	0.6400498282344109	4.2431236248088107e-4	0.44217905346680014	0.44384235792772525
K562_skew	[-0.2,-0.05)	Other cCREs	1	161948	161908	71215.993	128130.94103699998	161530	-30609.94198140886	310081.84931124677	4049	8375	17826	all	-0.18950004322050926	1.8837562541883657	0.0034149610692858897	-0.1961933669163096	-0.18280671952470892	0.025066551105057885	3.889629010985175e-4	0.02430418381890479	0.02582891839121098	0.43985468908268893	0.5979127065430774	0.00192169622676627	0.43608816447822707	0.4436212136871508
K562_skew	[-0.2,-0.05)	Other cCREs	2	27654	27622	11045.876999999997	18180.706253	27531	-5509.218982680236	54877.44286294521	737	1759	4927	all	-0.2001096575743793	1.9533234630882237	0.008423180168600736	-0.21661909070483673	-0.18360022444392185	0.026769823108495877	9.727909929203723e-4	0.024863152762371946	0.028676493454619808	0.39989417855332693	0.49829927749480163	0.004247345286701061	0.39156938179139283	0.408218975315261
K562_skew	[-0.2,-0.05)	Other cCREs	3	15087	15085	5190.717999999999	7786.244838000001	15075	-3010.5169973042794	32184.166493490964	434	1079	3610	all	-0.19970262005335188	2.095194265716741	0.01178917699600923	-0.22280940696552998	-0.17659583314117377	0.0287893864013267	0.0013618969706518796	0.026120068338849018	0.03145870446380439	0.34409797812396414	0.397781044098935	0.0051351056641737855	0.33403317102218355	0.35416278522574474
K562_skew	[-0.2,-0.05)	Other cCREs	4	11505	11505	3793.9680000000003	5302.189302000001	11454	-2491.2589987685205	24628.63073257188	343	1002	3280	all	-0.21750122217291082	2.103097778362915	0.013550369653804678	-0.24405994669436798	-0.19094249765145366	0.02994587043827484	0.0015925308923507263	0.026824509889267417	0.033067230987282266	0.3297668839634942	0.3521439757286849	0.0055324413684094175	0.31892329888141174	0.3406104690455766
K562_skew	[-0.2,-0.05)	Other cCREs	5	8464	8464	2601.164999999999	3390.1071390000006	8449	-1857.6759966315003	21019.01303670824	273	622	2621	all	-0.21986933325026634	2.4396978046796693	0.01699281630497524	-0.2531752532080178	-0.18656341329251486	0.03231151615575808	0.0019237285914674492	0.02854100811648188	0.03608202419503428	0.307321006616257	0.3061224734520885	0.006013949535741172	0.2955336655262043	0.3191083477063097
K562_skew	[-0.2,-0.05)	Other cCREs	6	11953	11953	3190.4040000000005	3165.0525039999993	11933	-3554.3950004301732	32849.34177083596	396	1373	4683	all	-0.29786264983073607	2.6643161462841696	0.014942320865371781	-0.3271495987268648	-0.26857570093460736	0.033185284505153775	0.001639719563778895	0.02997143416014714	0.03639913485016041	0.2669124069271313	0.19356543618557998	0.004024161905504263	0.25902504959234296	0.27479976426191965
K562_skew	[-0.2,-0.05)	PLS	0	76681	76129	34535.205	58818.109337	76464	13285.324958195682	283005.6966595992	6851	14565	12145	all	0.17374614142858968	3.6710228831001626	0.006928911897735373	0.16016547410902834	0.18732680874815102	0.08959771918811467	0.0010328485380428115	0.08757333605355076	0.09162210232267858	0.45364059688160885	0.5668287401136413	0.0027286690731307232	0.44829240549827265	0.45898878826494505
K562_skew	[-0.2,-0.05)	PLS	1	40786	40729	14097.058000000003	19188.157224000002	40786	17669.482987738906	198499.62858564663	5448	11775	12310	all	0.4332242187941673	4.679288479141513	0.01071110687567677	0.4122304493178408	0.45421798827049376	0.13357524640808122	0.0016845071561791861	0.13027361238197002	0.1368768804341924	0.3461184414053869	0.35132845906105525	0.0029370057166295616	0.3403619102007929	0.35187497260998085
K562_skew	[-0.2,-0.05)	PLS	2	30087	30081	7916.313000000003	7795.950828999999	30069	22188.054998861167	171864.5420553945	5311	10202	12456	all	0.7379046525944051	5.171340729004732	0.013114208501907589	0.7122008039306662	0.763608501258144	0.1766270910239782	0.0021992138018505176	0.17231663197235117	0.18093755007560522	0.26316655031415187	0.18991496162177277	0.002512658432666046	0.2582417397861264	0.26809136084217733
K562_skew	[-0.2,-0.05)	PLS	3	26559	26550	6330.326	5114.245221999997	26541	19671.148003505896	156333.3791311975	4856	10207	13142	all	0.7411607702613277	5.341141519404465	0.014185949242999702	0.7133563097450483	0.768965230777607	0.18296220941185337	0.002373248031341345	0.17831064327042434	0.1876137755532824	0.23843035781544256	0.13578301739167567	0.0022614680946653415	0.2339978803498985	0.24286283528098662
K562_skew	[-0.2,-0.05)	PLS	4	24487	24478	5206.671000000001	3369.3182510000006	24465	16753.967008481617	146959.37183445945	4373	9709	13196	all	0.6848136933775442	5.538179603035302	0.015045648373192996	0.6553242225660859	0.7143031641890024	0.17874514612712036	0.0024495341204063973	0.17394405925112383	0.1835462330031169	0.21270818694337779	0.09240579738445628	0.0019429500880650112	0.20890000477077036	0.2165163691159852
K562_skew	[-0.2,-0.05)	PLS	5	29851	29843	5913.623999999999	3149.6729860000005	29851	19067.461997352075	187951.00501770625	5414	12712	16788	all	0.6387545474976408	5.8884950404575935	0.01404503140333331	0.6112262859471075	0.6662828090481742	0.18136745837660379	0.0022302047859131236	0.17699625699621407	0.1857386597569935	0.1981578259558355	0.06627712990549389	0.0014902550671099478	0.1952369260243	0.201078725887371
K562_skew	[-0.2,-0.05)	PLS	6	152096	152047	26375.97100000001	10208.250009000001	152017	67765.3899876069	979893.05963136	24997	65572	86307	all	0.4457750777058283	6.247269614013451	0.006410605411288085	0.43321029109970366	0.45833986431195295	0.16443555654959643	9.506962105961948e-4	0.1625721919768279	0.16629892112236497	0.17347248548146302	0.03704631994687799	4.93609612791693e-4	0.1725050106403913	0.17443996032253473
K562_skew	[-0.2,-0.05)	dELS	0	8151176	8148522	3730108.816	6928730.3363040015	8138081	-476214.2832470536	19032102.235728066	363953	541571	948342	all	-0.05851677849446984	2.3352235060357476	5.356772749696594e-4	-0.05956670595341037	-0.05746685103552931	0.04472221399614971	7.245451989068833e-5	0.04458020313716396	0.04486422485513546	0.4577650788695177	0.6407563752926302	2.804187485180658e-4	0.4572154581224223	0.45831469961661314
K562_skew	[-0.2,-0.05)	dELS	1	1428098	1427798	643079.3260000001	1119893.81961	1426314	-27691.76409816037	4029082.5366481603	81921	163061	314752	all	-0.0194149143163149	2.8244466000246278	0.0014072106445399734	-0.02217304717961325	-0.01665678145301655	0.057435459513122636	1.948220129197039e-4	0.05705360836780002	0.05781731065844525	0.4503993744213118	0.5814911317759605	6.381726138962249e-4	0.4491485560980752	0.4516501927445484
K562_skew	[-0.2,-0.05)	dELS	2	367193	367105	156831.03699999998	254003.04619499997	366803	13539.145959444117	1195108.6343647987	26231	58357	113707	all	0.0369112192633215	3.2568221764866374	0.002979755182532504	0.03107089910555779	0.042751539421085206	0.07151250126089481	4.254637612314766e-4	0.07067859228888111	0.07234641023290851	0.427210299505591	0.5094011830610877	0.0011779716128195892	0.4249014751444646	0.42951912386671737
K562_skew	[-0.2,-0.05)	dELS	3	149613	149560	58386.00199999999	87703.5161	149350	12624.068028740583	521305.7732276909	11933	27371	55449	all	0.08452673604781107	3.483375864328358	0.00482944868337913	0.07506101662838797	0.09399245546723416	0.07989956478071644	7.015961730325004e-4	0.07852443628157274	0.08127469327986014	0.39038514308638667	0.43401258603619935	0.001703505082754704	0.38704627312418743	0.3937240130485859
K562_skew	[-0.2,-0.05)	dELS	4	87055	87033	30619.63799999999	42163.506167999985	86943	4846.582981335349	342399.90591937193	6994	17020	35098	all	0.055744372535285754	3.935149136115309	0.006727648414579728	0.04255818164270948	0.06893056342786202	0.08044350896564416	9.223959758070659e-4	0.07863561285306231	0.08225140507822601	0.3518164144634793	0.3606835981555094	0.002035734889503328	0.34782637408005274	0.3558064548469058
K562_skew	[-0.2,-0.05)	dELS	5	68512	68495	21368.040999999997	25958.559216999998	68482	3522.7799644892766	286071.3347474061	5720	12952	29342	all	0.05144096207016846	4.1747363437577025	0.007807757365715573	0.036137757633365936	0.06674416650697099	0.08352559796734908	0.0010572598712605377	0.08145336861967843	0.08559782731501973	0.3119649755456602	0.2816666982359964	0.002027861623541141	0.3079903667635196	0.31593958432780084
K562_skew	[-0.2,-0.05)	dELS	6	108646	108636	29345.130999999998	28929.499839	108599	-11047.567027941344	479003.37528714427	7872	22183	50231	all	-0.10172807325980299	4.40044501352864	0.006365541973726585	-0.11420453552830709	-0.08925161099129889	0.0724868553117432	7.868224683891601e-4	0.07094468327370045	0.07402902734978596	0.2701234489487831	0.19333264457519353	0.0013340303575535932	0.26750874944797803	0.27273814844958816
K562_skew	[-0.2,-0.05)	non-cCRE	0	39462481	39443915	16633371.498	31445447.224778004	39022000	-7046441.370340481	51693912.50325215	532575	1130698	306589	all	-0.18057612040234947	1.2921299459300752	1.8196938760959858e-4	-0.18093278040206429	-0.18021946040263465	0.013648070319307058	1.8573630978280655e-5	0.013611666002589628	0.013684474636024489	0.42169676863972555	0.619391072916529	1.253119429516133e-4	0.42145115723154036	0.42194238004791074
K562_skew	[-0.2,-0.05)	pELS	0	906240	904835	400440.4820000001	694453.595086	904759	-72741.89897866172	2023050.874964597	37028	146749	96393	all	-0.08039919910016007	2.2295492104470895	0.0015697918691816265	-0.08347599116375605	-0.07732240703656408	0.04092581560393431	2.0828515423103346e-4	0.04051757670164148	0.04133405450622714	0.4425563577889892	0.571636470182169	7.948318632453071e-4	0.4409984873370284	0.44411422824095004
K562_skew	[-0.2,-0.05)	pELS	1	293741	293553	104573.20599999998	151201.329428	293370	18196.708953826113	822187.2486853524	19019	79862	63342	all	0.062026481759641795	2.7987230104385343	0.003088674259834489	0.055972680210366194	0.0680802833089174	0.06482939632545932	4.545938559201213e-4	0.06393839236785588	0.06572040028306277	0.35623279612199493	0.38817287518115573	0.0011499245096074882	0.35397894408316427	0.3584866481608256
K562_skew	[-0.2,-0.05)	pELS	2	141205	141123	38456.11400000001	42190.60607399999	141040	34761.746016902725	473393.7407281985	13059	48128	45661	all	0.2464672859961906	3.29572747630743	0.004833976076108763	0.23699269288701744	0.2559418791053638	0.09259075439591605	7.718168605836985e-4	0.09107799334917199	0.0941035154426601	0.27250068380065623	0.22470832834486473	0.001261858578118403	0.27002744098754417	0.2749739266137683
K562_skew	[-0.2,-0.05)	pELS	3	98007	97993	22436.927000000007	18417.263281	97983	36055.24499504792	349217.35915232706	10649	38409	40579	all	0.36797449552522293	3.428690459107142	0.005915463422368034	0.35638018721738157	0.3795688038330643	0.1086821183266485	9.943058415065183e-4	0.10673327887729572	0.11063095777600127	0.22896458930739957	0.13552128240187863	0.0011759970289466984	0.22665963513066403	0.23126954348413511
K562_skew	[-0.2,-0.05)	pELS	4	65630	65625	13688.307999999999	9547.368483999997	65629	26305.001000309712	270611.78178998485	7769	25892	30204	all	0.4008136799327997	3.9627655503506847	0.007770541710676314	0.3855834181798741	0.4160439416857253	0.11837754651145073	0.0012610377714419247	0.11590591247942456	0.1208491805434769	0.20858374095238094	0.1019780871944958	0.001246576032526098	0.2061404519286298	0.2110270299761321
K562_skew	[-0.2,-0.05)	pELS	5	55426	55417	10677.119999999997	6222.91211	55420	22550.771004797425	263386.06032567704	6948	22841	27392	all	0.4069067305087951	4.587054977997841	0.009097743996826396	0.3890751522750154	0.42473830874257484	0.1253699025622519	0.0014066161274054127	0.12261293495253728	0.1281268701719665	0.19266867567713875	0.07517261331662534	0.0011646845607604162	0.19038589393804833	0.19495145741622916
K562_skew	[-0.2,-0.05)	pELS	6	90797	90761	16442.793	7880.965343000001	90751	40692.611014440074	546179.5733972077	13078	37160	48385	all	0.4483984861262143	5.8174442779262785	0.008006457569056814	0.43270582929086293	0.4640911429615657	0.14410860486385824	0.0011658121502617226	0.14182361304934527	0.1463935966783712	0.18116584215687356	0.054011600944731765	7.714253194206414e-4	0.1796538485308091	0.18267783578293803
K562_skew	[-0.5,-0.2)	Other cCREs	0	854249	853472	435263.59599999996	843457.4205180001	848837	-172689.01271762175	1387744.5188740634	16976	32061	56432	all	-0.2034419007625984	1.5934907778251324	0.0013701326837243415	-0.2061273608226981	-0.2007564407024987	0.019999128218963123	1.5195206712238882e-4	0.01970130216740324	0.020296954270523006	0.5099916529189006	0.7281754385779194	9.23683900688913e-4	0.5081812324735503	0.5118020733642509
K562_skew	[-0.5,-0.2)	Other cCREs	1	55266	55256	25630.412	46632.011006	55124	-10094.730992663302	115467.19041296867	1564	3049	9441	all	-0.183127693793326	2.061182548243351	0.006114878980249593	-0.1951128565946152	-0.1711425309920368	0.028372396778172847	7.071760964099575e-4	0.02698633162920933	0.029758461927136364	0.46384848704213116	0.628782611121772	0.0033733432922630957	0.4572367341892955	0.4704602398949668
K562_skew	[-0.5,-0.2)	Other cCREs	2	9996	9979	4079.027999999999	6756.551724000003	9938	-1132.0219921090172	24874.753016465784	426	701	2837	all	-0.11390843148611564	2.4902693133679037	0.015829735646140014	-0.14493471335255007	-0.08288214961968121	0.0428657677601127	0.0020318527530872638	0.03888333636406166	0.04684819915616374	0.40876119851688536	0.510042428335946	0.007149236123223261	0.39474869571536775	0.422773701318403
K562_skew	[-0.5,-0.2)	Other cCREs	3	4991	4991	1794.6699999999998	2748.8863859999997	4984	-37.558996896492246	16630.155060231704	320	368	1987	all	-0.007535914305074688	3.3373212961769427	0.025876765671942824	-0.05825437502208262	0.04318254641193325	0.06420545746388442	0.0034720599043047353	0.05740022005144714	0.07101069487632171	0.3595812462432378	0.4215544510630557	0.009190371237053806	0.3415681186186123	0.37759437386786326
K562_skew	[-0.5,-0.2)	Other cCREs	4	3666	3666	1251.9759999999999	1795.262788	3648	340.25499954714866	11474.411746858597	244	312	1585	all	0.0932716555776175	3.1375584315141958	0.029327057889059267	0.035790622115061344	0.15075268904017367	0.0668859649122807	0.004136256326111133	0.05877890251310288	0.07499302731145852	0.34151009274413524	0.373178812585694	0.010089328416486193	0.3217350090478223	0.36128517644044816
K562_skew	[-0.5,-0.2)	Other cCREs	5	2606	2606	838.7479999999999	1130.4308340000002	2601	142.4160011189527	9973.809266248581	207	197	1233	all	0.054754325689716526	3.8330812977461104	0.0383887383452009	-0.02048760146687724	0.12999625284631028	0.07958477508650519	0.005306848841041094	0.06918335135806464	0.08998619881494574	0.3218526477359938	0.3303176849968257	0.011258452695543212	0.29978608045272914	0.3439192150192585
K562_skew	[-0.5,-0.2)	Other cCREs	6	3585	3585	950.605	864.2149310000001	3578	573.7960051312114	14587.411599783814	347	455	1864	all	0.1603678046761351	4.052388368495663	0.03365389705770183	0.09440616644303951	0.22632944290923068	0.09698155394074902	0.004947350871092077	0.08728474623340855	0.10667836164808948	0.2651617852161785	0.17080100785841928	0.006902408122992385	0.2516330652951134	0.2786905051372436
K562_skew	[-0.5,-0.2)	PLS	0	24963	24818	12147.285000000003	20909.098627	24911	7489.575998115473	108732.08385714052	2726	4803	5470	all	0.3006533659072487	4.27460126953388	0.013099424747966056	0.27497849340123526	0.3263282384132622	0.10942956926658906	0.001977907146671084	0.10555287125911374	0.11330626727406438	0.4894546297042471	0.6029557861712956	0.004929005961976585	0.479793778018773	0.49911548138972117
K562_skew	[-0.5,-0.2)	PLS	1	16840	16820	6054.208999999998	8369.510999	16840	11863.118976736208	100165.52898333118	2941	4828	6541	all	0.704460746837067	5.452130609250111	0.01799335224506129	0.6691937764367469	0.7397277172373872	0.1746437054631829	0.0029256755275448064	0.16890938142919507	0.18037802949717072	0.3599410820451842	0.36805710569072525	0.004677831861126539	0.3507725315973762	0.3691096324929922
K562_skew	[-0.5,-0.2)	PLS	2	13863	13861	3759.8699999999994	3701.9327760000006	13858	15818.146991451507	101835.75781442296	3386	4735	6798	all	1.1414451574145985	6.046056904940343	0.02088746988280511	1.1005057164443004	1.1823845983848966	0.244335401933901	0.00365012265391654	0.23718116153222457	0.2514896423355774	0.2712553206839333	0.19350995912121935	0.003736408736101575	0.2639319595611742	0.27857868180669243
K562_skew	[-0.5,-0.2)	PLS	3	13085	13079	3162.9650000000015	2612.808719	13085	15144.100996108378	98859.75093558292	3199	5191	7470	all	1.1573634693242933	6.216181723244378	0.021795909077658174	1.1146434875320834	1.2000834511165033	0.24447841039358043	0.003757135280179009	0.23711442524442958	0.2518423955427313	0.24183538496826987	0.14129774128948128	0.0032868534432987265	0.23539315221940438	0.24827761771713536
K562_skew	[-0.5,-0.2)	PLS	4	12107	12105	2615.3079999999995	1734.8059019999998	12093	13950.684992306054	91371.10142298341	2971	4781	7386	all	1.1536165543956052	6.225385401149588	0.022689038654834875	1.1091460386321288	1.1980870701590816	0.24567931861407427	0.003914671107730512	0.23800656324292246	0.2533520739852261	0.2160518793886823	0.09664273739422868	0.002825544910132604	0.21051381136482242	0.2215899474125422
K562_skew	[-0.5,-0.2)	PLS	5	14527	14521	2895.692	1594.804676	14527	17216.03400593088	121263.3931819593	3790	6146	9147	all	1.1851059410704812	6.943450984431997	0.021862494778497627	1.142255451304626	1.2279564308363364	0.26089350863908584	0.003643318816164594	0.25375260375940323	0.26803441351876844	0.19941408993870946	0.07006631481247923	0.0021966272926648056	0.19510870044508644	0.20371947943233248
K562_skew	[-0.5,-0.2)	PLS	6	74296	74270	12840.68	4902.592472	74269	86004.94101131617	661835.0204939208	19588	31838	46549	all	1.158019375665704	7.570415689123589	0.010096156533738023	1.1382309088595775	1.1778078424718306	0.2637439577751148	0.0016169697946668078	0.26057469697756785	0.2669132185726617	0.1728918809748216	0.036119284678725015	6.973693541733083e-4	0.17152503704064193	0.1742587249090013
K562_skew	[-0.5,-0.2)	dELS	0	1963820	1962959	1019675.996	1951763.8443999998	1960361	-233064.58893624955	4675361.713854605	81862	140729	322394	all	-0.11888860721889975	2.370816069234186	0.0010997169125607244	-0.12104405236751878	-0.11673316207028073	0.041758635271768825	1.4287050460161697e-4	0.041478609082749654	0.042038661460787996	0.519458631586294	0.7244598951462274	6.075073826545227e-4	0.5182679171162912	0.5206493460562969
K562_skew	[-0.5,-0.2)	dELS	1	458689	458584	219367.82500000004	388620.30445500003	458005	-10808.060032082492	1341648.3588365482	27140	53646	135307	all	-0.023598126728054263	2.928780772364928	0.0025287641315519128	-0.028554504425896014	-0.018641749030212512	0.059256995010971494	3.488752826525697e-4	0.05857319945697246	0.05994079056497053	0.478359090155784	0.6186093057931645	0.001161445338756141	0.4760826572918219	0.48063552301974605
K562_skew	[-0.5,-0.2)	dELS	2	134707	134642	59833.48599999999	98240.47699000002	134586	13519.413017907526	478688.04658064136	10922	21580	54391	all	0.10045185248025446	3.5466805104472776	0.00513347074455896	0.0903902498209189	0.11051345513959002	0.08115257158991276	7.443426468456726e-4	0.07969366000209524	0.08261148317773029	0.4443894624262859	0.53216409794467745	0.0019880738316104675	0.4404928377163294	0.4482860871362424
K562_skew	[-0.5,-0.2)	dELS	3	58829	58799	24104.129000000004	37107.455359	58704	11545.165988458553	230921.7747225344	5713	11268	27665	all	0.19666745006232206	3.895051639048056	0.008145594053921373	0.18070208571663615	0.21263281440800796	0.09731875170346144	0.001223296203834423	0.09492109114394597	0.09971641226297691	0.4099411384547357	0.46304604366271285	0.0028062549144824865	0.40444087882235	0.4154413980871213
K562_skew	[-0.5,-0.2)	dELS	4	34219	34214	12732.567999999996	17757.493150000002	34167	8718.65297912434	149884.23571884877	3729	6995	17731	all	0.255177597656345	4.3218237662247985	0.011246829280010993	0.23313381226752347	0.2772213830451666	0.10914039863025726	0.0016869180163081462	0.1058340393182933	0.11244675794222123	0.37214496989536433	0.38053172814279146	0.0033349821302092243	0.36560840492015423	0.37868153487057443
K562_skew	[-0.5,-0.2)	dELS	5	26530	26516	8536.904000000002	10563.643862	26511	8302.669985580493	137659.0871120837	3217	5329	14436	all	0.3131783028018744	5.094638665306509	0.01386256638154547	0.2860076726940453	0.34034893290970353	0.1213458564369507	0.002005434128280026	0.11741520554552184	0.12527650732837955	0.32195293407753817	0.2947449583730616	0.003334027574758655	0.3154182400310112	0.3284876281240651
K562_skew	[-0.5,-0.2)	dELS	6	39358	39350	10880.535000000002	10772.981159	39337	11362.853983737294	225292.9960804395	5187	8606	23065	all	0.2888591906789357	5.643957984413622	0.011978191944054464	0.26538193446858893	0.3123364468892824	0.13186058926710223	0.001705892360642205	0.12851704024024352	0.13520413829396094	0.27650660736975863	0.19732245647366095	0.002239318604802817	0.2721175429043451	0.28089567183517217
K562_skew	[-0.5,-0.2)	non-cCRE	0	6815161	6810573	3621842.435	7001261.180355	6749794	-1777047.153056501	9667859.623764502	78462	250104	94444	all	-0.26327427963823796	1.3630060676913158	4.493695445162896e-4	-0.2641550439454899	-0.26239351533098604	0.01162435475808595	4.125724139266882e-5	0.01154349056495632	0.01170521895121558	0.5317970213372649	0.7451908828904671	3.307820544707062e-4	0.5311486885105023	0.5324453541640275
K562_skew	[-0.5,-0.2)	pELS	0	218603	218136	109283.86000000002	194772.358038	218119	-24379.370994600336	527739.9615317439	9294	36954	33324	all	-0.11177096444876575	2.4070230596421345	0.0033219521804561283	-0.11828199072245976	-0.10525993817507173	0.04260976806238796	4.3246636129867935e-4	0.04176213399424255	0.043457402130533375	0.5009895661422232	0.6419065460850049	0.0017154269539620428	0.4976273293124576	0.5043518029719888
K562_skew	[-0.5,-0.2)	pELS	1	90556	90494	34408.32100000001	50705.35129500001	90429	11558.691019632384	290386.08319952275	7084	24419	26251	all	0.12782062192031743	3.194902509452919	0.005943947174800507	0.11617048545770843	0.1394707583829264	0.0783377014010992	8.935471198848221e-4	0.07658634904612495	0.08008905375607346	0.3802276504519638	0.4157488009588923	0.0021434117643685767	0.37602656339380136	0.3844287375101262
K562_skew	[-0.5,-0.2)	pELS	2	47590	47563	13904.679	15937.602216999998	47518	19651.107995888688	193032.9035489302	5666	15889	19357	all	0.41355082275955823	3.89136880840738	0.009049448652040484	0.39581390340155886	0.4312877421175576	0.1192390252114988	0.001486651466545338	0.11632518833706994	0.12215286208592767	0.29234234594117275	0.2496252415495782	0.0022909184468830114	0.28785214578528207	0.29683254609706344
K562_skew	[-0.5,-0.2)	pELS	3	35148	35144	8645.287	7589.493840999999	35142	20886.31501156208	161603.68373244023	5098	13318	17627	all	0.5943405330249297	4.245471105988499	0.010991316342623137	0.5727975529933884	0.615883513056471	0.14506857890842867	0.0018786206014005423	0.1413864825296836	0.14875067528717373	0.24599610175278855	0.15544452495421388	0.002103110636637501	0.24187400490497904	0.25011819860059803
K562_skew	[-0.5,-0.2)	pELS	4	25045	25038	5514.068000000002	4114.435162	25045	16511.96698875342	128952.14741041319	4008	9926	13857	all	0.6592919540328775	4.714340378113383	0.013719868530639747	0.6324010117128236	0.6861828963529315	0.1600319425034937	0.002316723509874219	0.15549116442414024	0.16457272058284717	0.22022797348031	0.11583189442534542	0.0021508704950104806	0.21601226731008946	0.22444367965053055
K562_skew	[-0.5,-0.2)	pELS	5	22141	22139	4435.48	2643.1905420000007	22138	17493.37899967935	138199.59115142722	4060	9159	12825	all	0.7901969012412752	5.618483862928192	0.015930902415493747	0.7589723325069074	0.8214214699756429	0.18339506730508628	0.0026009417930656547	0.1782972213906776	0.18849291321949496	0.20034689913726905	0.07925539243900201	0.0018920622037724385	0.19663845721787507	0.20405534105666304
K562_skew	[-0.5,-0.2)	pELS	6	39817	39804	7255.808999999999	3334.0474289999993	39812	37099.61199931614	298523.80770059867	8443	16615	24690	all	0.9318700894030981	6.63012205043771	0.012904873861336838	0.9065765366348779	0.9571636421713183	0.21207173716467398	0.0020486970338087006	0.20805629097840891	0.21608718335093904	0.1822884383479047	0.05053381246236031	0.0011267502766228947	0.18008000780572384	0.18449686889008557
K562_skew	[-1.0,-0.5)	Other cCREs	0	232759	232598	131581.70700000002	259721.23553700003	231361	-54623.32191231135	383498.89085574506	4201	8919	22401	all	-0.23609563371662187	1.6018437199738542	0.0026312674605964113	-0.24125291793939083	-0.23093834949385292	0.018157770756523355	2.7759206119621244e-4	0.01761369031657878	0.01870185119646793	0.5657043783695476	0.7965919069195263	0.001850610222656066	0.5620771823331416	0.5693315744059535
K562_skew	[-1.0,-0.5)	Other cCREs	1	21526	21518	10375.453999999996	18954.613358	21465	-2197.139998404077	52494.72437870996	829	1273	5967	all	-0.10235918930370728	2.4352323383193517	0.010651352428855133	-0.12323584006426334	-0.08148253854315123	0.03862101094805497	0.001315205709853614	0.036043207756741885	0.04119881413936806	0.4821755739380982	0.6484092982609874	0.005489384673727236	0.4714163799775928	0.4929347678986036
K562_skew	[-1.0,-0.5)	Other cCREs	2	4355	4346	1868.0519999999995	3098.9203679999996	4314	877.2389998212458	17944.003552528266	401	295	2074	all	0.20334700969430825	4.1190863958097355	0.03090013524016348	0.1427827446235878	0.2639112747650287	0.09295317570700046	0.0044208613970712725	0.08428828736874076	0.10161806404526015	0.4298324896456511	0.5284167839016024	0.011026646217532661	0.40822026305928705	0.4514447162320151
K562_skew	[-1.0,-0.5)	Other cCREs	3	2476	2476	868.2	1243.6629999999998	2474	1804.9699956109982	16866.640797829103	401	170	1573	all	0.7295755843213413	6.287819958996653	0.05041388905629457	0.6307643617710039	0.8283868068716786	0.16208569118835894	0.007409216657072688	0.14756362654049648	0.1766077558362214	0.3506462035541196	0.37948766306032855	0.01238008169939989	0.3263812434232958	0.37491116368494337
K562_skew	[-1.0,-0.5)	Other cCREs	4	1655	1655	552.215	686.8984569999999	1646	1175.6299999153707	10336.897081043217	286	150	1149	all	0.7142345078465193	5.7733869706042915	0.059224365750462256	0.5981547509756133	0.8303142647174253	0.17375455650060753	0.009339158033784569	0.15544980675438977	0.1920593062468253	0.33366465256797584	0.3038959074257407	0.01355075292332375	0.3071051768382613	0.3602241282976904
K562_skew	[-1.0,-0.5)	Other cCREs	5	1231	1231	370.294	435.269928	1229	1329.9129937111868	9815.84748789776	289	100	911	all	1.08210984028575	6.8214458881750835	0.07450103012145483	0.9360878212476986	1.2281318593238015	0.23515052888527258	0.012097204541961932	0.2114400079830272	0.25886104978751795	0.30080747359870025	0.2633192889197097	0.014625553484210579	0.2721413887696475	0.329473558427753
K562_skew	[-1.0,-0.5)	Other cCREs	6	1517	1517	413.39	386.034128	1515	1977.0950036892905	13608.64169477946	420	180	1182	all	1.3050132037553073	7.2843504688813	0.0693408402362859	1.1691051568921869	1.4409212506184277	0.27722772277227725	0.011500394956592013	0.2546869486573569	0.2997684968871976	0.2725049439683586	0.1803319981615569	0.010902939621675753	0.25113518230987414	0.2938747056268431
K562_skew	[-1.0,-0.5)	PLS	0	8308	8284	4464.320000000001	7874.9669380000005	8296	4458.216998309481	46858.456502659945	1209	1655	2331	all	0.5373935629591949	5.36017352447175	0.02541880052280776	0.48757271393449175	0.5872144119838981	0.14573288331726134	0.0038738361869022145	0.138140164390933	0.15332560224358968	0.5389087397392565	0.6602808007976871	0.008927796646950507	0.5214102583112334	0.5564072211672795
K562_skew	[-1.0,-0.5)	PLS	1	6525	6524	2683.6430000000005	3941.523600999999	6525	7082.5529886691365	54754.0693699844	1448	1859	3126	all	1.085448733895653	7.214334947223269	0.0332512436254583	1.020276296389755	1.1506211714015513	0.22191570881226053	0.005144191039912207	0.2118330943740326	0.23199832325048844	0.4113493255671368	0.43501592256431565	0.008165740992720473	0.3953444732214047	0.42735417791286895
K562_skew	[-1.0,-0.5)	PLS	2	5316	5316	1570.8039999999999	1683.2745980000004	5316	8650.525990329104	55195.126061498806	1668	1795	3019	all	1.6272622254193199	7.736303271388184	0.038148218105901285	1.5524917179317534	1.7020327329068863	0.31376975169300225	0.006364260966346689	0.30129580019896274	0.32624370318704177	0.2954860797592174	0.22937420168765807	0.0065687056160414195	0.28261141675177626	0.3083607427666586
K562_skew	[-1.0,-0.5)	PLS	3	5252	5251	1393.6070000000004	1255.3266090000006	5250	8819.23299771233	55395.14369832514	1695	2062	3334	all	1.679853904326158	7.731019377777862	0.03837414649965176	1.6046405771868406	1.7550672314654754	0.32285714285714284	0.006453059933650751	0.31020914538718736	0.33550514032709833	0.26539840030470396	0.1686601029612501	0.005667417037355685	0.2542902629114868	0.2765065376979211
K562_skew	[-1.0,-0.5)	PLS	4	5102	5101	1202.985	860.0681669999997	5087	9348.8629909819	56408.56947995808	1810	2050	3483	all	1.837794965791606	7.712795151249724	0.0389381245187274	1.7614762417349001	1.9141136898483118	0.3558089247100452	0.006712509319590115	0.3426524064436486	0.36896544297644185	0.2358331699666732	0.1130126276524787	0.004706909244800895	0.22660762784686345	0.24505871208648294
K562_skew	[-1.0,-0.5)	PLS	5	5935	5933	1227.9299999999998	725.4711060000002	5935	11352.495997151249	72015.86347952395	2148	2659	4093	all	1.912804717295914	8.47670299681329	0.037792282449912076	1.8387318436940863	1.9868775908977416	0.36192080876158383	0.006237832462021849	0.349694657136021	0.3741469603871467	0.20696612169222986	0.07945569726744106	0.003659530300526113	0.19979344230319868	0.21413880108126104
K562_skew	[-1.0,-0.5)	PLS	6	29996	29992	5269.200000000001	2033.3885799999998	29988	65277.5810102952	417572.5206643088	12272	13185	21172	all	2.1767900830430573	9.186545158770748	0.017502591472188394	2.1424850037575682	2.2110951623285464	0.40923035881019076	0.0028393521284757143	0.40366522863837834	0.4147954889820032	0.17568684982662044	0.036933060948070126	0.0011096983432653292	0.1735118410738204	0.1778618585794205
K562_skew	[-1.0,-0.5)	dELS	0	515069	514875	295306.488	578247.0493520001	514098	-73005.91499632921	1286064.2206392002	21956	38511	115034	all	-0.14200777866540856	2.4814321282192577	0.0021969908253227826	-0.14631388068304121	-0.1377016766477759	0.042707810573081394	2.820024974331848e-4	0.04215508567811235	0.043260535468050434	0.5735498674435543	0.7941244893010302	0.001241919345096627	0.571115705527165	0.5759840293599436
K562_skew	[-1.0,-0.5)	dELS	1	154987	154955	76468.08100000002	136487.77037499996	154777	4656.859991646841	487598.923016779	10436	18142	58628	all	0.030087545253150282	3.1494470042580422	0.00451090769245653	0.021246166175935485	0.03892892433036508	0.06742603875252783	6.373856083222217e-4	0.06617676296021627	0.06867531454483938	0.49348572811461405	0.6372979319358498	0.00202800236630222	0.4895108434766617	0.4974606127525664
K562_skew	[-1.0,-0.5)	dELS	2	50910	50882	23772.965	39437.907544999995	50842	11975.178987034364	214818.87042203153	5172	8070	25522	all	0.23553713439743448	4.169828899500975	0.009056237519735555	0.2177869088587528	0.2532873599361162	0.10172691868927265	0.0013406358368978327	0.0990992724489529	0.1043545649295924	0.4672175818560591	0.5568043144622014	0.003308028245324447	0.4607338464952232	0.473701317216895
K562_skew	[-1.0,-0.5)	dELS	3	24082	24073	10335.236999999996	16000.464814999998	24011	10832.848965087325	124707.49337121053	3205	4482	14233	all	0.4511619243299873	4.990425838656627	0.014416627564498454	0.42290533430357036	0.47941851435640426	0.13348048810961644	0.002194789846398232	0.1291787000106759	0.13778227620855696	0.42932899929381446	0.48036091127972724	0.004467028487538854	0.4205736234582383	0.43808437512939064
K562_skew	[-1.0,-0.5)	dELS	4	14263	14259	5597.303	8044.247119000001	14250	9004.799991189968	89249.80515603906	2322	2836	9221	all	0.6319157888554363	5.864238182758146	0.02028609096177338	0.5921550505703604	0.6716765271405122	0.16294736842105262	0.0030938027874151887	0.15688351495771885	0.1690112218843864	0.39254526965425346	0.4100892343616523	0.0053628376496994866	0.38203410786084246	0.40305643144766445
K562_skew	[-1.0,-0.5)	dELS	5	11126	11121	3775.1569999999983	4691.3297809999995	11119	9749.725984810968	84344.90141303063	2206	2140	7689	all	0.8768527731640406	6.817397656562298	0.024761471411437176	0.8283202891976238	0.9253852571304575	0.19839913661300476	0.003781952865844482	0.19098650899594957	0.20581176423005995	0.33946200881215705	0.30663735631283484	0.005250982980009266	0.32917008217133886	0.34975393545297523
K562_skew	[-1.0,-0.5)	dELS	6	15954	15949	4481.962	4267.03788	15944	18443.730993149224	147460.13127714634	4043	3515	11787	all	1.1567819238051444	7.910980157859036	0.022274938044657192	1.1131230452376164	1.2004408023726725	0.2535750125439037	0.0034454636285970093	0.24682190383185354	0.26032812125595384	0.2810183710577466	0.1885831589928066	0.0034386242704509263	0.2742786674876628	0.2877580746278304
K562_skew	[-1.0,-0.5)	non-cCRE	0	1380720	1379709	902869.9090000001	1805670.9860469997	1369643	-440393.5741314038	2144717.0317140594	15612	60423	29880	all	-0.3215389514869231	1.4625087020157599	0.0010333454660894441	-0.3235643086004584	-0.3195135943733878	0.011398590727656768	9.070526608558867e-5	0.011220808406129015	0.011576373049184522	0.6543915485076927	0.8805055476923307	7.988629866902856e-4	0.6528257770537796	0.6559573199616057
K562_skew	[-1.0,-0.5)	pELS	0	56410	56248	31203.982	57041.369849999995	56272	-5568.487990929282	148853.43686349434	2697	9675	11634	all	-0.09895663901992612	2.635503154511012	0.006843615396601337	-0.11237012519726473	-0.0855431528425875	0.04792792152402616	9.004985889341493e-4	0.04616294428971523	0.049692898758337094	0.5547571824775992	0.7063618808753939	0.0035437255897211514	0.5478114803217458	0.5617028846334526
K562_skew	[-1.0,-0.5)	pELS	1	27911	27892	11513.826000000001	17649.971876	27871	6249.166004595578	105032.7004481065	2552	7309	10191	all	0.22421750222796374	3.718389955347979	0.011550510811289754	0.2015785010378358	0.24685650341809168	0.09156470883714254	0.0017275665342107456	0.08817867843008949	0.0949507392441956	0.4128003011616234	0.46240941650272377	0.004071678759774585	0.4048198107924652	0.42078079153078163
K562_skew	[-1.0,-0.5)	pELS	2	15285	15271	4944.3989999999985	6142.354769000001	15252	9226.694997309936	80287.05880857722	2341	5194	7471	all	0.6049498424672133	4.898391654544722	0.017921046015219568	0.5698245922773829	0.6400750926570437	0.1534880671387359	0.0029187066829007985	0.14776740204025032	0.15920873223722146	0.32377702835439715	0.2974113918651964	0.004413113134455338	0.3151273266108647	0.3324267300979296
K562_skew	[-1.0,-0.5)	pELS	3	11448	11446	3076.992999999999	3001.2635269999996	11446	10125.59901031398	71895.7218180447	2228	4302	6676	all	0.884640836127379	5.499187718940147	0.021919084033869093	0.8416794314209955	0.9276022408337624	0.19465315394024113	0.0037007975915103073	0.18739959066088094	0.20190671721960132	0.2688269264371832	0.18995936707219505	0.004073835479270245	0.2608422088978135	0.2768116439765529
K562_skew	[-1.0,-0.5)	pELS	4	8468	8466	2055.298	1672.291994	8468	8473.90699199622	57662.82100547555	1783	3352	5332	all	1.0006975663670548	5.808787398247804	0.026191014205485204	0.9493631785243037	1.0520319542098058	0.2105573925366084	0.004430524101074532	0.2018735652985023	0.2192412197747145	0.24277084809827543	0.13860904376199773	0.0040462867013124244	0.2348401261637031	0.25070157003284776
K562_skew	[-1.0,-0.5)	pELS	5	8317	8315	1752.2659999999998	1131.795556	8316	10142.699998503202	66696.22535691973	2033	3446	5450	all	1.2196608944809044	6.53344206906721	0.02802939875296162	1.1647232729250996	1.2745985160367093	0.24446849446849447	0.004712816152233455	0.2352313748101169	0.25370561412687204	0.21073553818400478	0.09171648273375833	0.003321181185342939	0.20422602306073262	0.21724505330727695
K562_skew	[-1.0,-0.5)	pELS	6	15659	15653	2924.238	1368.0747879999997	15658	25593.616991788618	168347.499505436	4934	6596	10997	all	1.634539340387573	8.080329927160097	0.022716760666340687	1.5900144894815453	1.6790641912936006	0.31511048665219055	0.0037125605212009207	0.3078338680306367	0.32238710527374437	0.18681645690921866	0.05250313095327753	0.001831444695620247	0.18322682530580298	0.19040608851263435
K562_skew	[-1.5,-1.0)	Other cCREs	0	51293	51275	29815.759000000002	60473.153187	50934	-11281.533978615887	84168.68655846818	960	1997	6414	all	-0.2214931868421072	1.603477188562956	0.005610835045987278	-0.23249042353224225	-0.21049595015197214	0.018847920838732476	6.025540318891299e-4	0.01766691493622978	0.020028926741235173	0.5814872549975622	0.8412776325315198	0.004050576479985894	0.5735481250967898	0.5894263848983345
K562_skew	[-1.5,-1.0)	Other cCREs	1	6243	6243	2947.353	5317.9251970000005	6224	-397.1660041559961	17178.723618541855	287	338	2186	all	-0.06381201866259578	2.7564486026148973	0.021044574902118522	-0.10505938547074808	-0.02256465185444348	0.046111825192802054	0.0026583985834764475	0.04090136396918822	0.05132228641641589	0.4721052378664104	0.6290394757864022	0.01003788655007535	0.4524309802282627	0.4917794955045581
K562_skew	[-1.5,-1.0)	Other cCREs	2	1513	1511	596.814	890.589528	1505	713.8939983977472	8864.131023817066	192	91	936	all	0.47434817169285526	5.668548345009703	0.061371632743917506	0.35405977151477697	0.5946365718709336	0.12757475083056477	0.008599599534100394	0.110719535743728	0.14442996591740154	0.39497948378557246	0.43368227971125656	0.01694156812254594	0.3617740102653824	0.4281849573057625
K562_skew	[-1.5,-1.0)	Other cCREs	3	1036	1036	372.719	517.7847330000002	1036	1330.1499931205765	10252.552947114162	246	75	812	all	1.2839285647882013	8.255782971491618	0.08926870942348593	1.108961894318169	1.4588952352582336	0.23745173745173745	0.013220304738078208	0.21153994016510416	0.2633635347383707	0.3597673745173745	0.3707174849635351	0.01891653800769217	0.32269096002229786	0.39684378901245115
K562_skew	[-1.5,-1.0)	Other cCREs	4	794	794	260.83199999999994	311.98812400000014	793	1191.1969977584672	8248.552240174422	218	57	689	all	1.5021399719526698	8.155565170923502	0.10141225448908663	1.30337195315406	1.7009079907512796	0.27490542244640603	0.015854494080298043	0.24383061404902187	0.3059802308437902	0.3285037783375314	0.2853768303766269	0.0189582874475216	0.29134553494038906	0.36566202173467377
K562_skew	[-1.5,-1.0)	Other cCREs	5	561	561	163.745	168.21176699999998	560	1178.1940028602257	8425.8579561635	198	46	513	all	2.103917862250403	10.638702233183484	0.13783208102345484	1.8337669834444317	2.3740687410563748	0.3535714285714286	0.020202487181983125	0.3139745536947417	0.3931683034481155	0.29188057040998217	0.2150317553539597	0.01957806966180879	0.25350755387283697	0.33025358694712736
K562_skew	[-1.5,-1.0)	Other cCREs	6	770	770	197.385	143.44903099999996	770	1940.5069979270918	12242.662971998612	333	82	711	all	2.5201389583468723	9.560878657448393	0.1114303617922591	2.3017354492340445	2.7385424674597	0.43246753246753245	0.0178536389331283	0.39747440015860097	0.4674606647764639	0.2563441558441558	0.12074192431560632	0.012522287886659204	0.2318004715863038	0.28088784010200785
K562_skew	[-1.5,-1.0)	PLS	0	2213	2212	1349.9719999999995	2544.013020000001	2205	1906.0949953478996	16430.50638929484	407	395	775	all	0.8644421747609522	6.707258387575015	0.05515288332066397	0.7563425234524508	0.9725418260694536	0.18458049886621314	0.008261885228589864	0.168387203818177	0.20077379391424927	0.6102947558770342	0.777988325562718	0.018754002894749537	0.5735369102033251	0.6470526015507433
K562_skew	[-1.5,-1.0)	PLS	1	1794	1793	757.9689999999999	1131.6644130000002	1794	2629.30999529257	19140.639443712178	511	512	1026	all	1.4656131523369955	8.525983342465288	0.06893837157974946	1.3304939440406867	1.6007323606333044	0.2848383500557414	0.010655899606734213	0.26395278682654233	0.3057239132849404	0.42273786949247066	0.45270212767782464	0.01588971556108805	0.3915940269927381	0.45388171199220323
K562_skew	[-1.5,-1.0)	PLS	2	1364	1364	412.823	460.08101100000016	1364	3014.338998523541	19268.79084947489	540	497	846	all	2.209925951996731	9.249688091358681	0.082348626307072	2.0485226444348696	2.371329259558592	0.39589442815249265	0.013241553217270033	0.36994098384664337	0.42184787245834193	0.30265615835777127	0.24588230941912692	0.013426303390780926	0.27634060371184066	0.32897171300370187
K562_skew	[-1.5,-1.0)	PLS	3	1349	1348	390.8780000000001	415.90165200000007	1347	3213.6109994248263	20201.595834233172	563	568	936	all	2.385754268318357	9.312562909094037	0.08314780941291432	2.222784561869045	2.5487239747676687	0.4179658500371195	0.013438810659890582	0.391625781143734	0.44430591893050503	0.2899688427299704	0.22461708291863006	0.012908519801696623	0.264668143918645	0.31526954154129583
K562_skew	[-1.5,-1.0)	PLS	4	1307	1307	321.71599999999984	254.97186600000006	1306	3464.4449975825846	21039.43800163576	616	584	974	all	2.6527143932485333	9.079888806077056	0.08338130281159102	2.489287039737815	2.8161417467592518	0.47166921898928027	0.013813385623900495	0.4445949831664353	0.49874345481212523	0.24614843152257065	0.13459569464340335	0.010147937652291711	0.2262584737240789	0.2660383893210624
K562_skew	[-1.5,-1.0)	PLS	5	1608	1607	351.56899999999996	222.557687	1608	4349.417997131474	27624.32199014363	759	730	1203	all	2.7048619385145987	9.869164153710212	0.07834245270979173	2.5513107312034067	2.8584131458257906	0.47201492537313433	0.012449321036805312	0.4476142561409959	0.49641559460527274	0.2187734909769757	0.09068724131426877	0.007512165669886167	0.20404964626399882	0.2334973356899526
K562_skew	[-1.5,-1.0)	PLS	6	8128	8128	1439.8819999999998	526.3069220000001	8118	25658.601992230404	164437.72299091954	4460	3699	6403	all	3.160704852455088	10.26714982959999	0.03556316677327233	3.091001045579474	3.2304086593307018	0.5493964030549396	0.005522245493467753	0.5385728018877428	0.5602200042221365	0.17715083661417322	0.03337401514387981	0.0020263403003396266	0.17317920962550756	0.18112246360283887
K562_skew	[-1.5,-1.0)	dELS	0	106948	106918	64380.853	130346.045781	106699	-14123.040978097131	262452.23317928176	4564	8033	29967	all	-0.1323633865181223	2.442246899168556	0.004784258188398824	-0.141740532567384	-0.1229862404688606	0.04277453396939053	6.194690182890702e-4	0.041560374693543956	0.043988693245237104	0.6021516769861015	0.8565429929875913	0.00283040882841169	0.5966040756824146	0.6076992782897884
K562_skew	[-1.5,-1.0)	dELS	1	39949	39945	19698.171	35860.384616999996	39882	3849.9319844648735	130103.39010874748	2942	4591	18308	all	0.09653307217453672	3.2529711979795914	0.009031328606237935	0.07883166810631037	0.11423447624276306	0.07376761446266486	0.001308893726090127	0.07120218275952821	0.07633304616580151	0.4931323319564401	0.6545809036774803	0.004048092735137918	0.48519807019556976	0.5010665937173104
K562_skew	[-1.5,-1.0)	dELS	2	14602	14602	6629.174000000001	11249.790032000003	14583	6334.575977220667	73615.90638484752	1844	2196	8667	all	0.43438085285748246	4.859709770221635	0.018254995437193666	0.39860106180058286	0.47016064391438206	0.12644860453953233	0.002752186203740113	0.1210543195802017	0.13184288949886294	0.45399082317490763	0.5643590076549762	0.006216866743702654	0.44180576435725044	0.4661758819925648
K562_skew	[-1.5,-1.0)	dELS	3	7624	7624	3154.9829999999993	4896.066595000001	7608	6311.172001816217	57008.262413529505	1392	1339	5275	all	0.8295441642765795	6.805950638842792	0.029909499488952534	0.7709215452782325	0.8881667832749265	0.1829652996845426	0.0044327104607567395	0.17427718718145938	0.1916534121876258	0.41382253410283304	0.4710040056262158	0.007859969421752782	0.39841699403619757	0.4292280741694685
K562_skew	[-1.5,-1.0)	dELS	4	5097	5097	1954.8619999999999	2767.6530520000006	5091	6198.940000931732	47266.3292942361	1238	931	3860	all	1.2176271854118508	7.803208532095218	0.039150296730154764	1.1408926038207474	1.2943617670029541	0.24317422903162444	0.006012501272438154	0.23138972653764567	0.2549587315256032	0.3835318814989209	0.3959774629256784	0.008814098865577774	0.36625624772238846	0.4008075152754534
K562_skew	[-1.5,-1.0)	dELS	5	4126	4126	1356.8439999999998	1630.5919020000008	4126	6672.496974233188	49276.24252424693	1261	756	3346	all	1.6171829796978157	9.329840966165294	0.04755240741371427	1.5239802611669357	1.7103856982286956	0.3056228793019874	0.007171764513751504	0.2915662208550345	0.3196795377489403	0.32885215705283566	0.2871250486826189	0.008342014283028982	0.3125018090580989	0.34520250504757244
K562_skew	[-1.5,-1.0)	dELS	6	6469	6469	1758.7080000000003	1558.2806879999998	6463	15340.726992715965	102528.9899208671	2719	1275	5707	all	2.3736232388543965	10.231489295889132	0.039788021977096764	2.295638715779287	2.4516077619295062	0.4207024601578214	0.0061407482048519086	0.4086665936763117	0.43273832663933115	0.271867058277941	0.1669984411982249	0.005080864735280792	0.26190856339679064	0.28182555315909136
K562_skew	[-1.5,-1.0)	non-cCRE	0	239673	239546	169933.463	359707.92184699996	237550	-71917.73781182664	379671.6051991243	2969	11340	7047	all	-0.30274779125163814	1.50663092214566	0.0025184070181890747	-0.3076838690072887	-0.29781171349598756	0.012498421384971585	2.279391704134641e-4	0.012051660610961195	0.012945182158981975	0.7093980404598699	0.9983821669675433	0.0020415214430846993	0.7053966584314239	0.7133994224883159
K562_skew	[-1.5,-1.0)	pELS	0	11077	11060	6529.977000000001	12340.232385	11049	-717.5329923196695	32130.661177678696	617	1913	2861	all	-0.06494098943973839	2.9040608141927766	0.016212178118888414	-0.09671685855275969	-0.0331651203267171	0.055842157661326816	0.0021844490054938087	0.05156063761055895	0.06012367771209468	0.5904138336347198	0.7672342554375126	0.008328876625587614	0.574089235448568	0.6067384318208715
K562_skew	[-1.5,-1.0)	pELS	1	6168	6164	2567.2929999999988	4042.3806770000006	6148	2069.6649978540363	26408.978238675	667	1523	2637	all	0.336640370503259	4.182893353990531	0.026083836340074024	0.2855160512767139	0.3877646897298041	0.10849056603773585	0.003966359087495026	0.1007165022262456	0.1162646298492261	0.416497890979883	0.4824125518371871	0.008846632459803156	0.3991584913586688	0.43383729060109716
K562_skew	[-1.5,-1.0)	pELS	2	3455	3454	1175.9970000000005	1535.9696250000002	3450	2689.8499973140424	21751.523056309088	579	1117	1945	all	0.7796666658881283	5.698560938580475	0.04064181090689048	0.7000087165106229	0.8593246152656336	0.16782608695652174	0.006362491798198267	0.15535560303205315	0.18029657088099033	0.34047394325419816	0.3288657078351847	0.009757714982996745	0.32134882188752456	0.35959906462087177
K562_skew	[-1.5,-1.0)	pELS	3	2736	2735	748.6890000000001	743.9435749999999	2736	3332.1290038613374	22450.806431190365	656	966	1817	all	1.2178834078440561	6.724922049210859	0.04957760931581721	1.1207112935850545	1.3150555221030578	0.23976608187134502	0.008162241637175627	0.2237680882624808	0.25576407548020924	0.2737436928702011	0.19714509265863273	0.008490129609685733	0.25710303883521707	0.29038434690518516
K562_skew	[-1.5,-1.0)	pELS	4	2193	2193	555.7690000000001	519.3439750000001	2193	3032.179996626801	20799.874905657238	578	855	1552	all	1.382663017157684	7.5763648553631615	0.0587775019517478	1.2674591133322581	1.4978669209831097	0.26356589147286824	0.009407890090398776	0.24512642689568664	0.28200535605004984	0.2534286365709075	0.1726716218438063	0.00887342265756221	0.23603672816208554	0.2708205449797294
K562_skew	[-1.5,-1.0)	pELS	5	2168	2167	487.72299999999996	344.817961	2168	3698.204992004206	23579.43840634318	697	910	1566	all	1.7058141107030471	7.9699991447669385	0.06063166555119878	1.5869760462226976	1.8246521751833966	0.32149446494464945	0.010030759288203442	0.3018341767397707	0.3411547531495282	0.22506829718504842	0.10851660936842875	0.007076502300088034	0.21119835267687587	0.23893824169322098
K562_skew	[-1.5,-1.0)	pELS	6	4219	4219	789.024	364.841664	4218	10348.248007283084	66099.96649903883	1781	1766	3313	all	2.4533541980282325	9.65426815464396	0.04784167660671477	2.3595845118790715	2.5471238841773935	0.4222380275011854	0.007605011256702967	0.40733220543804755	0.43714384956432323	0.18701682863237734	0.05151277804769252	0.0034942399373023673	0.1801681183552647	0.19386553890949
K562_skew	[0.05,0.2)	Other cCREs	0	3546835	3544526	696111.0130000002	695363.897495	3528634	-318358.10459998675	5554530.754205912	90206	112077	145775	all	-0.09022134474700033	1.5659911523521417	6.661796235666236e-4	-0.09152705680919092	-0.08891563268480975	0.025564000120159813	8.402098302940141e-5	0.025399318993422185	0.02572868124689744	0.19639043781876622	0.15761049812921762	2.1086936374041371e-4	0.195977133865835	0.19680374177169743
K562_skew	[0.05,0.2)	Other cCREs	1	152355	152338	31035.005999999998	31563.072911999996	152011	-23670.07998542814	280154.85573555133	3977	7545	13923	all	-0.15571294173071779	1.8187561209790077	0.0034589933411580697	-0.1624925686793876	-0.14893331478204797	0.026162580339580688	4.09398275177077e-4	0.025360159720233616	0.02696500095892776	0.20372465176121518	0.165688421868901	0.0010428982913739343	0.20168057111012228	0.2057687324123081
K562_skew	[0.05,0.2)	Other cCREs	2	27043	27011	5062.546999999999	4348.945771000002	26941	-5414.666989255464	49150.082980001345	599	1705	4173	all	-0.20098240559947528	1.7840323007787942	0.008137565563719994	-0.21693203410436646	-0.1850327770945841	0.022233770090197096	8.982913465972862e-4	0.020473119050866417	0.023994421129527776	0.18742538225167518	0.12588285688107853	0.0021588027559733313	0.18319412884996744	0.19165663565338292
K562_skew	[0.05,0.2)	Other cCREs	3	15466	15464	2695.7759999999994	2011.1207440000014	15457	-3773.981996741146	30100.45110315694	328	972	3074	all	-0.24416005672130076	1.8878749640765693	0.011051570795987137	-0.26582113548143554	-0.22249897796116597	0.021220159151193633	0.0011591889242375008	0.01894814885968813	0.023492169442699135	0.17432591826176924	0.09966870059962248	0.002538741472527581	0.16934998497561518	0.1793018515479233
K562_skew	[0.05,0.2)	Other cCREs	4	11872	11872	2009.4109999999998	1362.3484469999996	11830	-2719.1659987329035	24638.56096583745	264	952	2972	all	-0.2298534233924686	2.030057600156927	0.013099713818497583	-0.25552886247672385	-0.20417798430821332	0.02231614539306847	0.0013580521282639795	0.019654363221671068	0.02497792756446587	0.16925631738544472	0.08611262244345007	0.0026932177226828666	0.1639776106489863	0.17453502412190314
K562_skew	[0.05,0.2)	Other cCREs	5	8746	8746	1424.5130000000001	864.8459769999998	8736	-2680.2619971742392	19559.041370327726	196	627	2391	all	-0.306806547295586	2.145016535904651	0.015669639661841067	-0.33751904103279445	-0.2760940535583775	0.022435897435897436	0.0015844846381296309	0.01933030754516336	0.02554148732663151	0.16287594328836041	0.07236444578598829	0.0028764569834651833	0.15723808760076866	0.16851379897595217
K562_skew	[0.05,0.2)	Other cCREs	6	11980	11980	1767.0769999999998	832.376049	11967	-4646.313992514741	30777.240736250926	288	1276	3996	all	-0.3882605492199165	2.4212987058055297	0.014224320835609526	-0.4161402180577112	-0.3603808803821218	0.02406618200050138	0.0014009451644960878	0.021320329478089046	0.02681203452291371	0.14750225375626042	0.047727540607659116	0.0019959796948387544	0.14359013355437647	0.15141437395814436
K562_skew	[0.05,0.2)	PLS	0	66693	66054	13574.544999999996	13563.227669000002	66566	10093.20398620784	228089.1501707737	5472	12507	8876	all	0.15162701658816574	3.403571663224356	0.007150579167440522	0.13761188141998232	0.16564215175634917	0.08220412823363278	0.0010646175806458295	0.08011747777556695	0.08429077869169861	0.20550678232960906	0.16310487948255975	0.0015713897493714617	0.202426858420841	0.20858670623837713
K562_skew	[0.05,0.2)	PLS	1	33714	33641	6341.509000000001	5154.283953	33714	12797.896017317424	153209.58849940027	4185	9709	8375	all	0.379601827647785	4.400423687633265	0.011424628996262346	0.3572095548151108	0.4019941004804592	0.12413240790176187	0.0017957946664417562	0.12061265035553603	0.12765216544798771	0.18850536547665053	0.11768357554344623	0.001870352562388157	0.18483947445436974	0.19217125649893133
K562_skew	[0.05,0.2)	PLS	2	23358	23355	3931.309000000001	2234.0133329999994	23347	14675.087996957942	127266.45724397317	3860	7885	8481	all	0.6285641837048846	5.056207596006509	0.014716241518267274	0.5997203503290808	0.6574080170806885	0.16533173426992762	0.0024311934663898403	0.16056659507580354	0.1700968734640517	0.16832836651680588	0.06732305004526769	0.0016978212144596447	0.16500063693646497	0.1716560960971468
K562_skew	[0.05,0.2)	PLS	3	20371	20366	3403.25	1765.4891499999994	20360	11803.145999174216	110026.05812682216	3332	7941	8865	all	0.5797222985841953	5.068201345727002	0.015777494705468624	0.5487984089614768	0.6106461882069139	0.16365422396856583	0.002592791872252738	0.15857235189895047	0.16873609603818118	0.16710448787194343	0.05876704157376911	0.0016986896645183333	0.1637750561294875	0.17043391961439935
K562_skew	[0.05,0.2)	PLS	4	18480	18476	2943.0979999999995	1362.98541	18459	9208.742986253814	104323.15552830894	2896	7328	8704	all	0.49887550713764633	5.403030620919998	0.017108606181946012	0.4653426390210321	0.5324083752542605	0.1568882387995016	0.0026769094618743733	0.15164149625422782	0.16213498134477536	0.15929302879411125	0.04839893994815203	0.0016185046372101347	0.15612075970517938	0.16246529788304312
K562_skew	[0.05,0.2)	PLS	5	22428	22418	3446.0010000000007	1420.607437	22428	9621.034010385281	140619.6140294987	3536	9652	11236	all	0.4289742291058178	6.086076531934402	0.016473027783931532	0.39668709464931196	0.4612613635623236	0.15766006777242733	0.002433376308854991	0.15289065020707154	0.16242948533778312	0.15371580872513163	0.03974227623756022	0.0013314594255446615	0.15110614825106408	0.15632546919919918
K562_skew	[0.05,0.2)	PLS	6	110016	109988	15090.325	4435.512145000001	109944	15302.642991792645	683883.6167420085	14691	47617	55522	all	0.13918579451168453	6.200974197712153	0.007510073637970189	0.12446605018126296	0.1539055388421061	0.13362257149094084	0.0010261425832201554	0.13161133202782935	0.13563381095405233	0.1371997399716333	0.02150366387766339	4.4216420220057577e-4	0.13633309813532016	0.13806638180794642
K562_skew	[0.05,0.2)	dELS	0	7966971	7965037	1557714.5740000003	1523926.380068	7955444	-235454.36049665313	17808403.852106825	352528	506987	781479	all	-0.029596633512429114	2.237642227552922	5.303506593339372e-4	-0.03063612080472363	-0.028557146220134597	0.04431280014038186	7.296091472457285e-5	0.044169796747521695	0.04445580353324202	0.19556903175716575	0.15307974114326586	1.3863246990767852e-4	0.1952973121161467	0.1958407513981848
K562_skew	[0.05,0.2)	dELS	1	1301128	1300916	264636.20300000004	261249.886949	1299736	-10963.277071699704	3447815.7399638966	71195	144885	242604	all	-0.008435003009610954	2.652635548545512	0.0014286018843148423	-0.011235062702868046	-0.005634943316353863	0.054776508460179604	1.995891149263289e-4	0.054385313794924	0.05516770312543521	0.20342297504220105	0.15943916645658487	3.50084497789256e-4	0.2027368094265341	0.204109140657868
K562_skew	[0.05,0.2)	dELS	2	324734	324654	66569.05099999999	64387.952013	324426	9328.108003992009	970221.2277602032	21368	50600	86570	all	0.02875265238911804	2.9897604066065075	0.003035710600327528	0.022802659612476087	0.03470264516575999	0.06586401829693057	4.354831302580213e-4	0.06501047136162486	0.06671756523223629	0.20504614451077144	0.15628447838679788	6.938211664274612e-4	0.2036862550245736	0.20640603399696927
K562_skew	[0.05,0.2)	dELS	3	131047	131020	25998.004000000008	23416.849286000004	130808	6144.751990408524	421349.64078232844	9396	23380	41725	all	0.04697535311608253	3.2189484422681374	0.004960664520266622	0.03725245065635995	0.05669825557580511	0.07183046908445967	7.139221432216633e-4	0.07043118168374521	0.07322975648517413	0.19842775148832245	0.13935477914726557	0.001031316903843702	0.1964063703567888	0.2004491326198561
K562_skew	[0.05,0.2)	dELS	4	77021	77001	14318.856	11516.103699999998	76928	-1413.6080079204405	274605.45979476086	5379	14472	26669	all	-0.018375728056370118	3.569351251425754	0.0068116515441075135	-0.031726565082820846	-0.005024891029919392	0.06992252495840266	9.194452929384029e-4	0.06812041218424339	0.07172463773256194	0.1859567538083921	0.1149794249349374	0.0012219737691142073	0.18356168522092825	0.18835182239585596
K562_skew	[0.05,0.2)	dELS	5	60661	60644	10583.396000000002	7272.959333999998	60633	-4196.137005753814	221630.8833653718	4009	10927	22416	all	-0.06920549875074324	3.650555607782395	0.00775934309956309	-0.0844138112258869	-0.05399718627559958	0.0661191100555803	0.0010091476555320249	0.06414118065073753	0.06809703946042307	0.17451678649165625	0.089474120243249	0.0012146601928108226	0.17213605251374703	0.17689752046956547
K562_skew	[0.05,0.2)	dELS	6	95763	95750	15084.480000000001	8295.744362000001	95717	-21796.205991368977	388202.8992700141	5423	18893	38607	all	-0.22771509754138738	4.00392383819484	0.006467677624344676	-0.24039174568510294	-0.21503844939767183	0.05665660227545786	7.472494963910976e-4	0.055191993262531304	0.05812121128838441	0.15754026109660577	0.06182133958885705	8.035257787826224e-4	0.1559653505701918	0.15911517162301972
K562_skew	[0.05,0.2)	non-cCRE	0	41993362	41976488	7893980.500999999	7620535.799337001	41519348	-5742193.914478935	50382712.80672431	549570	1124016	247622	all	-0.1383016398638759	1.194348214868011	1.6960561262202055e-4	-0.13863406686461505	-0.13796921286313674	0.013236479532385721	1.7736483802008303e-5	0.013201716024133786	0.013271243040637657	0.1880571928980814	0.14617745371418886	5.901156688082709e-5	0.18794153022699497	0.18817285556916782
K562_skew	[0.05,0.2)	pELS	0	877161	876089	165721.153	152537.20921100004	875945	-37414.07096876854	1857806.080926993	35206	138567	76955	all	-0.0427128084169309	2.1190943951686485	0.0015553807957325802	-0.04576135477656675	-0.03966426205729504	0.040192021188544945	2.0985710734721535e-4	0.0397807012581444	0.040603341118945487	0.1891601800730291	0.1383301290139918	3.9736011919946473e-4	0.18838135423939814	0.18993900590666005
K562_skew	[0.05,0.2)	pELS	1	269748	269600	47798.612	37136.919817999995	269438	18059.728003231452	719830.9362218382	16697	73362	47372	all	0.0670273977806822	2.6671186201195627	0.0031462392351552138	0.06086076887977798	0.07319402668158642	0.061969729585284926	4.6448190977101583e-4	0.061059345042133735	0.06288011412843612	0.17729455489614243	0.10631525405808843	6.279684818221764e-4	0.17606373667177097	0.1785253731205139
K562_skew	[0.05,0.2)	pELS	2	125164	125117	20166.938000000002	11951.688212000006	125052	26671.343966848333	407641.43179830967	11012	42921	33749	all	0.21328202641179936	3.2143118688369876	0.005069891731486344	0.20334503861808612	0.2232190142055126	0.08805936730320187	8.013564609092995e-4	0.08648870863981964	0.08963002596658409	0.16118463518147016	0.06954416435741774	7.455421216267729e-4	0.1597233726230817	0.16264589773985863
K562_skew	[0.05,0.2)	pELS	3	86201	86190	13085.896999999999	5947.129051000001	86185	26054.77900758794	301436.891416473	8763	33665	30629	all	0.3023122237928635	3.4062031610769687	0.006286652150014956	0.28999038557883416	0.3146340620068928	0.10167662586296919	0.0010294637767528478	0.09965887686053361	0.10369437486540477	0.15182616312797306	0.04594957034426838	7.301503320666005e-4	0.15039506847712253	0.1532572577788236
K562_skew	[0.05,0.2)	pELS	4	56524	56521	8243.688999999998	3328.9460029999987	56519	16279.456993391854	220919.606676345	5893	21937	22865	all	0.28803512081586463	3.8258705423836066	0.008227500183748552	0.27190922045571747	0.3041610211760118	0.10426582211291778	0.0012854740802653627	0.10174629291559767	0.10678535131023789	0.14585178960032552	0.037625428334067255	8.158978859573959e-4	0.14425262974384903	0.147450949456802
K562_skew	[0.05,0.2)	pELS	5	47163	47143	6677.326000000001	2360.51397	47162	13947.3230065828	205075.29011017364	5235	19317	20717	all	0.2957322209953522	4.26094903204973	0.009505108150676699	0.27710220902002586	0.3143622329706785	0.11100038166320343	0.0014464949318119494	0.10816525159685202	0.11383551172955485	0.14163981927327496	0.030010154896509694	7.978578283364388e-4	0.14007601792973554	0.14320362061681438
K562_skew	[0.05,0.2)	pELS	6	74656	74622	10414.408	3350.9044659999995	74626	20877.703003577077	420465.8815250647	9163	30615	35155	all	0.2797644655157328	5.556114467042851	0.008628603450780741	0.26285240275220256	0.29667652827926305	0.12278562431324204	0.0012013831863807835	0.1204309132679357	0.12514033535854838	0.1395621666532658	0.025427790047156902	5.837418983010148e-4	0.1384180325325958	0.14070630077393578
K562_skew	[0.2,0.5)	Other cCREs	0	738414	737805	152423.46099999998	170405.84949300002	733646	-89919.54485288114	1126600.7945943393	16420	26229	37651	all	-0.12256530377441047	1.5205988976469398	0.0014396736589859511	-0.12538706414602294	-0.119743543402798	0.02238136649010558	1.7269698584901306e-4	0.022042880397841514	0.022719852582369648	0.2065904419189352	0.18828390646594007	5.051679661467383e-4	0.20560031270528759	0.2075805711325828
K562_skew	[0.2,0.5)	Other cCREs	1	42557	42551	8852.267	9604.481120999999	42437	-7235.845994822797	75904.25876171932	1035	2302	4957	all	-0.17050795284357512	1.7596024477813814	0.006439244880616564	-0.1831288728095836	-0.15788703287756664	0.024389094422320144	7.487965302668306e-4	0.022921453222997157	0.02585673562164313	0.20803898850790814	0.18244099761029528	0.0020706482691251653	0.20398051790042282	0.21209745911539346
K562_skew	[0.2,0.5)	Other cCREs	2	7409	7392	1458.9999999999995	1442.0122559999995	7366	-1390.3659971136365	14575.910222711153	185	478	1411	all	-0.18875454753103943	1.9434449854750069	0.016243150503956753	-0.22059112251879465	-0.1569179725432842	0.025115395058376323	0.0018231850700943934	0.021541952320991313	0.028688837795761334	0.19737554112554107	0.15614143437935804	0.0045959797152143825	0.18836742088372088	0.20638366136736125
K562_skew	[0.2,0.5)	Other cCREs	3	3780	3780	637.5649999999999	479.7395650000001	3778	-780.5700033814645	8115.1749868871	106	274	980	all	-0.20660931799403506	2.105878197204621	0.023609437895821435	-0.2528838162698451	-0.16033481971822505	0.028057173107464268	0.0026866515191906874	0.02279133612985052	0.033323010085078014	0.1686679894179894	0.09849239437065882	0.005104526323464967	0.15866311782399808	0.17867286101198074
K562_skew	[0.2,0.5)	Other cCREs	4	2894	2894	437.836	280.013968	2882	-706.7150009664474	6258.03983469459	70	246	864	all	-0.2452168636247215	2.112024088400228	0.027070884464761233	-0.2982757971756535	-0.19215793007378948	0.024288688410825817	0.0028675811273435954	0.018668229401232368	0.029909147420419266	0.15129094678645474	0.07389330972098368	0.005053046516897444	0.14138697561333574	0.16119491795957375
K562_skew	[0.2,0.5)	Other cCREs	5	2050	2050	331.69	227.08295800000002	2038	-735.2510018276515	5148.843028186421	54	159	668	all	-0.36077085467500075	2.397440302335007	0.03429823811151205	-0.4279954013735644	-0.2935463079764371	0.02649656526005888	0.003557635452721982	0.019523599772723797	0.033469530747393963	0.1618	0.08463421961932652	0.0064253393046717205	0.14920633496284344	0.17439366503715656
K562_skew	[0.2,0.5)	Other cCREs	6	2902	2902	440.87899999999996	237.92124299999998	2898	-906.6559974941191	7632.664665810543	99	388	1095	all	-0.31285576173019986	2.536766349011828	0.02958632635261463	-0.37084496138132456	-0.25486656207907515	0.034161490683229816	0.003374205079175205	0.027548048728046413	0.04077493263841322	0.1519224672639559	0.05892513531717834	0.004506107935241334	0.14309049571088286	0.16075443881702892
K562_skew	[0.2,0.5)	PLS	0	18621	18484	3836.7129999999997	4005.4850529999994	18586	4130.686001996161	69675.77998210253	1742	3686	3097	all	0.2222471754006328	3.699636625541671	0.014108686022507543	0.194594150796518	0.24990020000474758	0.09372646077692887	0.0021378035429695445	0.08953636583270856	0.09791655572114917	0.20756941138281756	0.1736244545769191	0.0030648376020585406	0.20156232968278281	0.21357649308285231
K562_skew	[0.2,0.5)	PLS	1	11585	11567	2111.503	1621.0669730000004	11585	6125.62500003609	57013.40309043445	1657	3378	3479	all	0.528754855419602	4.642131312947658	0.020017539380784457	0.48952047823326444	0.5679892326059395	0.14302977988778592	0.0032527304947364824	0.1366544281181024	0.14940513165746944	0.1825454309674073	0.1068322451907338	0.0030390707457591724	0.17658885230571933	0.18850200962909527
K562_skew	[0.2,0.5)	PLS	2	9139	9138	1523.373	869.5365290000002	9135	8091.9949909987645	58748.08748664383	1860	3106	3726	all	0.8858232064585402	5.647034216889738	0.024863137616539813	0.8370914567301222	0.9345549561869582	0.20361247947454844	0.004213181256177196	0.19535464421244114	0.21187031473665574	0.1667074852265266	0.06737209665185627	0.002715278961605313	0.16138553846178016	0.17202943199127302
K562_skew	[0.2,0.5)	PLS	3	8349	8342	1357.709	676.6834389999997	8348	6912.228003445431	50485.522243328436	1668	3293	3887	all	0.8280100627030942	5.362660584734336	0.02534538747219613	0.7783331032575898	0.8776870221485986	0.1998083373263057	0.0043763555044513906	0.191230680537581	0.20838599411503042	0.16275581395348837	0.054634744706033196	0.002559171356586018	0.15773983809457978	0.16777178981239696
K562_skew	[0.2,0.5)	PLS	4	7635	7633	1172.1860000000001	521.5755939999999	7628	6486.641994987848	54928.40243107864	1611	3129	3924	all	0.8503725740676256	6.478607575815611	0.02914308312713613	0.7932521311384387	0.9074930169968124	0.21119559517566858	0.004673279427501317	0.202035967497766	0.22035522285357115	0.1535681907506878	0.04475433841151915	0.002421418964921992	0.1488222095794407	0.15831417192193492
K562_skew	[0.2,0.5)	PLS	5	8808	8808	1283.409	467.28150899999997	8808	6202.848989181105	60187.47461603651	1668	3747	4638	all	0.7042289951386359	6.338054786577585	0.026824975963502837	0.6516520422501704	0.7568059480271014	0.1893732970027248	0.004174756697281763	0.18119077387605254	0.19755582012939704	0.14570946866485016	0.031824306293892726	0.0019008192427436522	0.1419838629490726	0.14943507438062772
K562_skew	[0.2,0.5)	PLS	6	40334	40324	5298.615	1443.3452429999998	40317	16346.312964959536	283719.29510334024	6847	17425	20919	all	0.4054446750740267	6.872997558155666	0.013056566663353445	0.37985380441385397	0.43103554573419944	0.16982910434804177	0.0018700176565412602	0.1661638697412209	0.17349433895486263	0.13140102668386072	0.018527931751047666	6.778469840989119e-4	0.13007244659502684	0.1327296067726946
K562_skew	[0.2,0.5)	dELS	0	1741359	1740770	351624.4930000001	378706.1649349999	1738397	-95214.60609930857	3852440.354381492	73534	120580	211483	all	-0.05477149701668179	2.213089139567497	0.0011283009961012623	-0.05698296696904026	-0.05256002706432332	0.04229988892065506	1.5265460170185935e-4	0.04200068590131942	0.0425990919399907	0.2019936539577314	0.17674961397686606	3.186460507009585e-4	0.2013691076983575	0.20261820021710528
K562_skew	[0.2,0.5)	dELS	1	357548	357461	72652.56899999999	74923.66558100001	357113	1504.1429794859132	953679.1868041711	20157	41182	81014	all	0.004211952461786362	2.6705147164627503	0.0027346053412593994	-0.0011478740070820607	0.009571778930654785	0.05644431874504709	3.8618113510725864e-4	0.05568740372023686	0.057201233769857314	0.2032461415371187	0.16829102909134092	6.861453904437316e-4	0.201901296571849	0.2045909865023884
K562_skew	[0.2,0.5)	dELS	2	100603	100573	20367.316000000006	19889.916466000006	100480	7709.883968683891	318523.955786463	7223	16189	31716	all	0.07673053312782535	3.1641673611320993	0.00561164139263613	0.06573171599825854	0.08772935025739216	0.07188495222929936	8.14854537155337e-4	0.0702878373364749	0.07348206712212382	0.2025127618744594	0.15675610558475656	0.0012484510824793836	0.2000657977527998	0.204959725996119
K562_skew	[0.2,0.5)	dELS	3	42243	42234	8302.785	7764.591274999999	42159	5391.964995638352	140911.4053104978	3483	7797	15854	all	0.12789594145113384	3.3261016858273416	0.008882242187764688	0.11048674676311505	0.14530513613915264	0.08261581157048317	0.0013407940114212049	0.07998785530809761	0.08524376783286873	0.19659006961216083	0.14520271337284102	0.0018541986400572856	0.19295584027764856	0.2002242989466731
K562_skew	[0.2,0.5)	dELS	4	24395	24390	4478.280000000001	3683.8628419999995	24359	2117.9769956939867	93544.59200224702	2054	4787	9847	all	0.08694843777223969	3.8328449466801007	0.01254385131710345	0.062362489190716935	0.11153438635376245	0.08432201650314053	0.0017803777179542493	0.0808324761759502	0.08781155683033086	0.18361131611316117	0.11733158215903695	0.0021933178007188707	0.1793124132237522	0.18791021900257016
K562_skew	[0.2,0.5)	dELS	5	18609	18606	3192.036	2265.0421119999996	18602	1157.1970014402173	75056.14858665709	1579	3661	8222	all	0.06220820349640992	4.031189798403638	0.014720982727354549	0.033355077350795	0.09106132964202483	0.08488334587678745	0.0020434765321545425	0.08087813187376454	0.08888855987981036	0.1715594969364721	0.09230948786008551	0.002227392035547805	0.1671938085467984	0.1759251853261458
K562_skew	[0.2,0.5)	dELS	6	27741	27737	4193.555	2271.1127109999993	27730	-2885.048002727097	118142.69099370246	1996	5795	12562	all	-0.10404067806444633	4.249793668839492	0.012379667713442778	-0.12830482678279417	-0.0797765293460985	0.0719798052650559	0.0015520621660067861	0.06893776341968261	0.0750218471104292	0.15118992681256085	0.059023991832475864	0.001458762349306365	0.1483307526079204	0.15404910101720132
K562_skew	[0.2,0.5)	non-cCRE	0	6505091	6501311	1325961.6770000001	1506377.0227710004	6437460	-1043411.1872843417	8178462.913572785	83401	220740	63971	all	-0.16208429835437294	1.2441776084922171	4.396265563243913e-4	-0.16294596640476874	-0.16122263030397713	0.012955575646295278	4.456967171918963e-5	0.012868219089725666	0.01304293220286489	0.20395296840898708	0.1901067942845814	1.7100088121161993e-4	0.2036178066818123	0.20428813013616184
K562_skew	[0.2,0.5)	pELS	0	193757	193486	37909.108	38349.775021999994	193422	-9299.563995390554	415111.5597440302	7924	32078	21126	all	-0.04807914298989026	2.1438439708043706	0.0033292288718194956	-0.05460443157865647	-0.041553854401124045	0.040967418390875907	4.506953162202854e-4	0.040084055571084146	0.04185078121066767	0.19592687843048076	0.15981787646316784	9.088409870791265e-4	0.19414555009580567	0.19770820676515585
K562_skew	[0.2,0.5)	pELS	1	74337	74295	13036.152000000002	10233.382245999997	74246	9821.909009313444	217557.4954456343	5355	20589	16403	all	0.13228872948459774	2.912764059285863	0.006263486173698198	0.12001229658414928	0.14456516238504621	0.07212509764835816	9.494047287230025e-4	0.07026426438006107	0.07398593091665524	0.17546472844740563	0.10695341986325804	0.0011998239987093253	0.17311307340993534	0.1778163834848759
K562_skew	[0.2,0.5)	pELS	2	38224	38210	6038.369999999999	3555.792964	38177	12896.093004069873	140153.0856234568	4073	13071	12128	all	0.3377974435935216	3.557125376528125	0.009652697302995308	0.3188781568796508	0.35671673030739237	0.10668727244152239	0.0015800002946013577	0.10359047186410372	0.10978407301894105	0.15803114367966498	0.06808716393883697	0.0013348857701452287	0.15541476757018033	0.16064751978914962
K562_skew	[0.2,0.5)	pELS	3	27901	27899	4144.236	1849.8977320000001	27895	13519.70600476908	115466.3431913839	3613	10877	11347	all	0.48466413352819787	3.904561073887808	0.011831040125275524	0.4614752948826578	0.5078529721737379	0.12952141960924896	0.0020104193681687427	0.12558099764763822	0.1334618415708597	0.14854424889780996	0.044243146753342025	0.0012592984988387234	0.14607602384008606	0.15101247395553385
K562_skew	[0.2,0.5)	pELS	4	19039	19037	2748.3639999999996	1117.840254	19039	8352.04301241727	82594.20883633745	2427	7532	8689	all	0.4386807611963481	4.145935930775586	0.014756699253014888	0.4097576306604389	0.46760389173225725	0.12747518252009035	0.0024170166859691236	0.12273782981559087	0.13221253522458984	0.14436959604979774	0.03787875885281539	0.0014105829015413772	0.14160485356277663	0.14713433853681884
K562_skew	[0.2,0.5)	pELS	5	16649	16643	2288.7219999999998	765.61064	16648	8343.265994620044	82018.72759976146	2358	7032	7994	all	0.5011572558037027	4.675763759804009	0.01675888985655588	0.4683098316848532	0.5340046799225523	0.14163863527150408	0.0027023706407755276	0.13634198881558404	0.14693528172742412	0.1375185964068978	0.027092224672179553	0.0012758702991525204	0.13501789062055886	0.14001930219323672
K562_skew	[0.2,0.5)	pELS	6	26875	26870	3638.924	1113.788556	26864	13768.709998604145	154524.49442870615	4083	11097	13804	all	0.5125338742779982	5.489616355184133	0.014295049314400303	0.48451557762177366	0.5405521709342228	0.15198779035139964	0.0021903830183565213	0.14769463963542087	0.15628094106737841	0.1354270189802754	0.02311138957103801	9.274258481396072e-4	0.13360926431792178	0.13724477364262902
K562_skew	[0.5,1.0)	Other cCREs	0	170423	170260	35896.071	42431.70288700001	169187	-26883.860975885065	254344.879425842	3239	6377	9463	all	-0.15890027588340158	1.4780952708850783	0.0029557501406439384	-0.1646935461590637	-0.15310700560773946	0.019144496917611872	3.331509076986928e-4	0.018491521138522433	0.01979747269670131	0.21083091154704572	0.20476862613496222	0.0010966685617387474	0.2086814411660378	0.21298038192805366
K562_skew	[0.5,1.0)	Other cCREs	1	11111	11110	2239.864	2501.9082660000004	11070	-2352.1049998838	20758.769104781542	227	631	1515	all	-0.2124756097456007	1.830247010637416	0.012858225640962789	-0.23767773200188777	-0.18727348748931363	0.02050587172538392	0.0013469957522107838	0.017865760051050786	0.023145983399717057	0.2016079207920792	0.18456512216247822	0.004075846200097316	0.19361926223988846	0.20959657934426995
K562_skew	[0.5,1.0)	Other cCREs	2	1822	1820	339.90999999999997	350.088542	1805	-297.3859999974957	3600.3227108654823	47	124	410	all	-0.16475678670221366	1.9685844507182209	0.03302466509373003	-0.22948513028592454	-0.1000284431185028	0.0260387811634349	0.0037483708770757332	0.018691974244366465	0.03338558808250334	0.18676373626373624	0.15756222122407554	0.009304442434891912	0.1685270290913481	0.2050004434361244
K562_skew	[0.5,1.0)	Other cCREs	3	869	868	126.731	71.83235499999999	868	-201.37299926159903	2330.7112198551504	30	67	261	all	-0.23199654292810948	2.6343637603084136	0.05509066427878589	-0.3399742449145298	-0.12401884094168913	0.03456221198156682	0.006200162169399491	0.02240989412954382	0.04671452983358983	0.14600345622119815	0.06151002420949404	0.008418080730823466	0.12950401798878416	0.16250289445361213
K562_skew	[0.5,1.0)	Other cCREs	4	633	633	107.13899999999998	85.753335	633	-153.07799982279536	1596.5050678207633	23	47	254	all	-0.2418293836063118	2.4675416289239394	0.062435326778160126	-0.3642026240915056	-0.11945614312111794	0.036334913112164295	0.007437436494748807	0.021757537582456632	0.05091228864187196	0.16925592417061608	0.10699276034855122	0.013000957574925389	0.1437740473237623	0.19473780101746985
K562_skew	[0.5,1.0)	Other cCREs	5	434	434	54.922999999999995	24.840265000000006	431	-92.28400005807632	889.1221024446379	15	41	168	all	-0.2141160094154903	2.021773536323962	0.06849007136411547	-0.3483565492891566	-0.07987546954182398	0.03480278422273782	0.00882828590924201	0.017499343840623478	0.05210622460485216	0.12655069124423962	0.04131575377550262	0.009756925199286713	0.10742711785363766	0.14567426463484157
K562_skew	[0.5,1.0)	Other cCREs	6	559	559	78.139	33.46664500000001	557	-235.86899990879468	1495.0229172437255	14	51	265	all	-0.42346319552745904	2.5092465410368368	0.06711878241883935	-0.5550160090683842	-0.2919103819865339	0.025134649910233394	0.0066325592738299645	0.012134833733526664	0.03813446608694013	0.13978354203935597	0.04040161076807665	0.00850145844249744	0.12312068349206098	0.15644640058665096
K562_skew	[0.5,1.0)	PLS	0	4976	4940	1067.264	1172.729762	4970	1049.9039979203374	18480.780678761235	478	1016	905	all	0.2112482893199874	3.674580449839072	0.02719103166830814	0.15795386725010346	0.26454271138987134	0.09617706237424548	0.004182146470902915	0.08798005529127575	0.1043740694572152	0.21604534412955465	0.19075771286554263	0.0062140905716525354	0.20386572660911567	0.22822496164999362
K562_skew	[0.5,1.0)	PLS	1	3350	3346	598.763	462.7843910000001	3350	1918.0739992507738	17575.600331629277	523	1046	1170	all	0.572559402761425	4.920092274758446	0.03832341661597938	0.49744550619410544	0.6476732993287446	0.15611940298507462	0.006271140604117761	0.14382796740100381	0.16841083856914543	0.17894889420203228	0.10631880844870213	0.0056369227351902845	0.1679005256410593	0.18999726276300524
K562_skew	[0.5,1.0)	PLS	2	2819	2819	453.598	246.07058199999997	2819	3161.686004899559	21183.653443139476	660	997	1156	all	1.1215629673286835	6.258915367538239	0.04711964411086452	1.029208464871389	1.213917469785978	0.23412557644554807	0.00797545878629744	0.2184936772244051	0.24975747566669104	0.16090741397658745	0.06142061775551733	0.004667771114596435	0.15175858259197844	0.17005624536119646
K562_skew	[0.5,1.0)	PLS	3	2579	2577	382.7899999999999	163.209732	2578	2865.414999417379	18842.028747913606	617	1059	1258	all	1.1114875870509615	6.07572974168085	0.04854648241510482	1.0163364815173561	1.206638692584567	0.23933281613653995	0.008403438176096588	0.22286207731139063	0.2558035549616893	0.14854093907644544	0.04128483925890041	0.004002562201261968	0.140695917161972	0.1563859609909189
K562_skew	[0.5,1.0)	PLS	4	2269	2269	323.08099999999996	119.602301	2262	2425.637996034813	16725.76680019198	510	949	1185	all	1.072342173313357	6.247082211345668	0.05255237045782397	0.9693395272160219	1.175344819410692	0.22546419098143236	0.008786445874646885	0.20824275706712447	0.24268562489574025	0.14238915821947992	0.03245108878892954	0.003781789819553887	0.1349768501731543	0.14980146626580554
K562_skew	[0.5,1.0)	PLS	5	2575	2574	354.791	113.41063699999998	2575	2337.657994484064	22080.598155135718	574	1081	1391	all	0.9078283473724521	7.753848469806235	0.05487443201751741	0.800274460618118	1.0153822341267862	0.2229126213592233	0.008201884334711952	0.20683692806318787	0.23898831465525872	0.13783644133644132	0.025070932041120333	0.003120908014992125	0.13171946162705675	0.1439534210458259
K562_skew	[0.5,1.0)	PLS	6	10073	10072	1322.2839999999999	359.8065179999999	10067	6231.240009240808	78844.28896537167	1974	4389	5262	all	0.6189768559889548	7.44956244938796	0.027202908973480128	0.5656591544009337	0.6722945575769759	0.19608622231051953	0.003957111079413319	0.18833028459486942	0.20384216002616964	0.13128316123907863	0.018490010368796158	0.0013549108444563256	0.12862753598394422	0.13393878649421304
K562_skew	[0.5,1.0)	dELS	0	419927	419774	86841.41699999999	98986.44500899996	419204	-36328.349949859556	921158.031718237	16720	30821	57578	all	-0.0866603132361799	2.1898932152971913	0.0022855922777346876	-0.09114007410053988	-0.08218055237181991	0.03988511560004199	3.022416557922458e-4	0.039292721954689185	0.04047750924539479	0.20687659788362306	0.19301143261869377	6.780843940089327e-4	0.20554755247136555	0.20820564329588057
K562_skew	[0.5,1.0)	dELS	1	97169	97151	19782.290000000005	21434.81421000001	97034	-621.5180130212085	262779.81214418577	5489	11616	24469	all	-0.006405157089486247	2.708107872823456	0.00528288324485492	-0.01675960824940189	0.003949294070429395	0.05656780097697714	7.416141850978651e-4	0.05511423717418532	0.05802136477976896	0.20362415209313342	0.17917305385784393	0.0013580404640686449	0.20096239278355887	0.20628591140270797
K562_skew	[0.5,1.0)	dELS	2	28818	28814	5598.581	5414.442955000001	28781	3058.231996439515	96499.79108525362	2253	4677	10040	all	0.10625871222124023	3.3417243673258565	0.010775374498102931	0.08513897820495848	0.12737844623752198	0.07828081025676661	0.0015833394442253553	0.07517746494608492	0.08138415556744831	0.19430072187131256	0.15016258720872477	0.0022828590366074956	0.18982631815956186	0.19877512558306326
K562_skew	[0.5,1.0)	dELS	3	12116	12114	2305.4770000000008	2118.1679649999996	12092	2190.034007479553	43071.18968054312	1079	2379	4981	all	0.18111429105851415	3.5294469625245575	0.01708457819160778	0.1476285178029629	0.2146000643140654	0.08923255044657624	0.0025924854891002684	0.08415127888793972	0.09431382200521277	0.1903150899785373	0.13864450609275583	0.0033830432330454728	0.18368432524176817	0.19694585471530643
K562_skew	[0.5,1.0)	dELS	4	7024	7022	1247.0909999999997	1006.971027	7011	1479.0200064139215	30215.377294126607	715	1473	3144	all	0.21095706838024839	4.265815630456175	0.024666700292729903	0.16261033580649778	0.25930380095399896	0.10198259877335615	0.003614227032818586	0.09489871378903172	0.10906648375768058	0.1775976929649672	0.11187730273217864	0.003991540876183769	0.169774272847647	0.18542111308228737
K562_skew	[0.5,1.0)	dELS	5	5017	5013	881.0240000000001	666.0173220000003	5010	616.8730004156247	22111.42421753622	495	966	2297	all	0.12312834339633227	4.399175417630089	0.02963239655638181	0.06504884614582393	0.18120784064684062	0.09880239520958084	0.004215750381548589	0.09053952446174561	0.10706526595741607	0.1757478555755037	0.10199107008967431	0.004510578255149301	0.16690712219541107	0.18458858895559635
K562_skew	[0.5,1.0)	dELS	6	6787	6787	1005.651	552.492455	6785	257.0530027748321	33575.52400994607	636	1449	3256	all	0.0378854830913533	4.947786767800098	0.02700415309034454	-0.015042656965722004	0.0908136231484286	0.09373618275607959	0.003538392667216738	0.08680093312833478	0.1006714323838244	0.1481731250920878	0.05945800229561107	0.002959826349533304	0.14237186544700253	0.15397438473717306
K562_skew	[0.5,1.0)	non-cCRE	0	1270976	1270070	253564.36100000003	284875.71408899996	1259669	-231647.09965537762	1644524.3464319466	15508	50906	16945	all	-0.18389521346907609	1.2717045710388204	0.0010047659182477497	-0.18586455466884166	-0.1819258722693105	0.012311170632920235	9.824976618190602e-5	0.012118601091203699	0.012503740174636771	0.1996459730566032	0.18444085361085039	3.810787507633388e-4	0.19889905870510705	0.20039288740809935
K562_skew	[0.5,1.0)	pELS	0	47561	47471	9284.573	9601.261477	47468	-3154.4240063889893	105404.24073082095	1959	8378	6029	all	-0.06645369525551928	2.2161631786123763	0.0068328266158972206	-0.07984603542267783	-0.053061355088360726	0.04126990814864751	9.129867268589473e-4	0.039480454164003975	0.04305936213329105	0.19558410397927156	0.16400561588297582	0.0018587251250399334	0.1919410027341933	0.19922720522434983
K562_skew	[0.5,1.0)	pELS	1	20286	20274	3541.017	2836.784293	20252	3595.5229959895373	63597.344871686015	1637	5590	4818	all	0.17753915642847803	3.1089328305791732	0.012390011520253374	0.1532547338487814	0.20182357900817466	0.08083152281256173	0.001915375737937071	0.07707738636620506	0.0845856592589184	0.17465803492157442	0.10942224743038088	0.0023231812514476944	0.17010459966873695	0.17921147017441189
K562_skew	[0.5,1.0)	pELS	2	10988	10985	1758.2089999999998	1059.4339570000002	10975	4331.993992146803	43758.47157164904	1287	3789	3727	all	0.3947147145464057	3.831653890980688	0.018684904047634576	0.3580923026130419	0.4313371264797695	0.11726651480637813	0.003071139509556118	0.11124708136764815	0.12328594824510812	0.16005543923532087	0.07083239650742042	0.0025393112529332818	0.15507838917957165	0.1650324892910701
K562_skew	[0.5,1.0)	pELS	3	8304	8304	1211.1500000000003	518.58505	8302	4969.503000550438	39142.111275073934	1236	3247	3510	all	0.5985910624609055	4.356994481878303	0.022908789433898614	0.5536898351704642	0.6434922897513469	0.14887978800289087	0.003906807010523854	0.1412224462622641	0.15653712974351763	0.1458513969171484	0.041182359463301906	0.002226957568621373	0.1414865600826505	0.1502162337516463
K562_skew	[0.5,1.0)	pELS	4	5748	5748	802.7230000000001	291.7836970000001	5748	3349.2970040058717	30668.82713370175	843	2313	2803	all	0.5826891099523089	4.996907646332283	0.029484399134684473	0.5248996876483274	0.6404785322562905	0.14665970772442588	0.004666144179692008	0.13751406513222955	0.1558053503166222	0.1396525748086291	0.03126524503078004	0.0023322362354241343	0.1350813917871978	0.14422375783006042
K562_skew	[0.5,1.0)	pELS	5	4884	4883	633.9860000000001	185.85130800000005	4883	3497.1110007920065	27916.82506560072	844	2157	2432	all	0.7161808316182688	5.205297255385519	0.032649715823442164	0.6521873886043222	0.7801742746322154	0.17284456276878968	0.005411006597683579	0.16223898983732987	0.18345013570024948	0.1298353471226705	0.021208012212021024	0.002084042734886131	0.12575062336229367	0.13392007088304733
K562_skew	[0.5,1.0)	pELS	6	7707	7704	1000.7590000000001	258.274227	7705	4973.814999199939	49821.52974499598	1344	3178	4014	all	0.6455308240363321	6.050204938987303	0.028021973715289288	0.5906077555543651	0.7004538925182991	0.17443218689162882	0.004323180491379296	0.1659587531285254	0.18290562065473223	0.12990122014537905	0.01665252652583806	0.001470218658277117	0.1270195915751559	0.1327828487156022
K562_skew	[1.0,1.5)	Other cCREs	0	31693	31672	7025.004999999999	9012.849897	31471	-6027.437991682558	46975.78537586309	528	1272	1950	all	-0.19152356110967425	1.4560339684565715	0.006801903747048428	-0.20485529245388917	-0.17819182976545933	0.016777350576721427	7.239896463694629e-4	0.01535833086983728	0.018196370283605573	0.22180490654205606	0.23537840041418093	0.00272612370502661	0.2164617040802039	0.22714810900390822
K562_skew	[1.0,1.5)	Other cCREs	1	2114	2114	441.09400000000005	530.4589679999998	2108	-345.54800096445246	3770.295966243326	46	106	305	all	-0.16392220159604007	1.7625310760171438	0.028915658581529467	-0.22059689241583783	-0.10724751077624231	0.021821631878557873	0.003182125739556872	0.015584665429026406	0.02805859832808934	0.20865373699148537	0.20748843186723973	0.00990705223305865	0.18923591461469041	0.22807155936828033
K562_skew	[1.0,1.5)	Other cCREs	2	314	314	74.778	97.321522	313	-86.38099983567378	624.1533427751689	5	19	86	all	-0.2759776352577437	1.9240837138119231	0.0784042875900174	-0.4296500389341778	-0.12230523158130963	0.01597444089456869	0.007086696832049173	0.002084515103752311	0.029864366685385068	0.23814649681528663	0.254036432144238	0.02844350933674136	0.18239721851527357	0.2938957751152997
K562_skew	[1.0,1.5)	Other cCREs	3	160	160	24.744000000000003	17.544499999999992	160	-33.102999876253314	390.07943786901836	7	16	65	all	-0.2068937492265832	2.4102555604652403	0.12273588412892031	-0.447456082119267	0.03366858366610059	0.04375	0.01617017654124407	0.012056453979161622	0.07544354602083837	0.15465	0.08627572578616347	0.023221181842523038	0.10913648358865485	0.20016351641134517
K562_skew	[1.0,1.5)	Other cCREs	4	90	90	14.084	9.363225999999997	90	-14.236999788321526	109.73751786690183	1	5	32	all	-0.15818888653690585	1.2077009294692256	0.11583997244614973	-0.38523523253135933	0.06885745945754762	0.011111111111111112	0.01104921028901948	-0.01054534105536707	0.03276756327758929	0.15648888888888887	0.08044085942571783	0.02989627613854977	0.09789218765733132	0.21508559012044642
K562_skew	[1.0,1.5)	Other cCREs	5	56	56	7.547000000000001	3.7855610000000004	56	-23.56199987139553	223.33185552567784	1	4	33	all	-0.4207499977034916	3.880329893343609	0.2632329866074515	-0.9366866514540966	0.09518665604711335	0.017857142857142856	0.017696985874377052	-0.016828949456636162	0.052543235170921875	0.13476785714285716	0.0503357814935065	0.02998088125715242	0.07600532987883843	0.1935303844068759
K562_skew	[1.0,1.5)	Other cCREs	6	100	100	16.341999999999995	9.54842	100	-28.895999365020565	220.3853233785561	5	13	44	all	-0.28895999365020564	2.1417730867224587	0.14634797869196756	-0.5758020318864621	-0.002117955413949213	0.05	0.021794494717703367	0.007282790353301406	0.0927172096466986	0.16341999999999995	0.06947283191919193	0.026357699429045763	0.11175890911907026	0.21508109088092964
K562_skew	[1.0,1.5)	PLS	0	1072	1064	220.309	246.560457	1069	244.50500026671222	3893.2264967784663	103	234	186	all	0.22872310595576448	3.592979919190776	0.057974704325413004	0.115092685477955	0.342353526433574	0.09635173058933583	0.009024862996546378	0.07866299911610493	0.11404046206256672	0.20705733082706768	0.1890346787420692	0.013329072426469331	0.18093234887118778	0.23318231278294757
K562_skew	[1.0,1.5)	PLS	1	679	676	129.08500000000004	106.72605099999996	679	396.17400110792374	3962.8799771502054	115	202	242	all	0.5834668646655725	5.5040200219199855	0.09003370357243476	0.4070008056636004	0.7599329236675446	0.16936671575846834	0.014394076640900644	0.1411543255423031	0.1975791059746336	0.19095414201183436	0.12159516381985527	0.013411730040978814	0.1646671511315159	0.21724113289215283
K562_skew	[1.0,1.5)	PLS	2	615	615	105.429	74.63176299999999	615	727.5630008231385	5012.984393481298	141	216	268	all	1.1830292696311195	6.762632032584486	0.10486252737026149	0.977498715985407	1.3885598232768321	0.22926829268292684	0.016950638170742095	0.19604504186827232	0.26249154349758136	0.17142926829268293	0.09211424539604353	0.012238433756268603	0.14744193813039647	0.1954165984549694
K562_skew	[1.0,1.5)	PLS	3	543	543	89.691	45.71559100000001	543	568.8000015900468	3734.668115168934	128	228	255	all	1.047513815082959	5.791221873586994	0.10327261811833145	0.8450994835710294	1.2499281465948886	0.23572744014732966	0.01821500474857579	0.2000260308401211	0.2714288494545382	0.1651767955801105	0.05701239672993417	0.010246716828533486	0.14509323059618487	0.18526036056403614
K562_skew	[1.0,1.5)	PLS	4	480	480	76.087	34.43908499999999	479	551.2620022828922	3621.1198865974316	111	208	230	all	1.150860130026915	6.248314700776663	0.1142125139005148	0.927003602781906	1.374716657271924	0.23173277661795408	0.019278894582505396	0.1939461432362435	0.26951940999966467	0.15851458333333335	0.04671855093510785	0.009865612725428734	0.13917798239149304	0.17785118427517366
K562_skew	[1.0,1.5)	PLS	5	508	508	66.02600000000001	15.536802000000002	508	506.5369986412116	4189.168485212976	128	198	263	all	0.9971200760653771	7.266450245755272	0.11959948125657187	0.7627050928024963	1.231535059328258	0.25196850393700787	0.019261992734293416	0.21421499817779277	0.28972200969622297	0.12997244094488192	0.013718425274503405	0.00519661179639275	0.11978708182395213	0.14015780006581172
K562_skew	[1.0,1.5)	PLS	6	1484	1484	195.255	48.02928299999999	1484	1087.288999598241	12252.684335238104	315	626	775	all	0.7326745280311596	7.724919339598106	0.07214895185031071	0.5912625824045507	0.8740864736577686	0.21226415094339623	0.010614796707551133	0.19145914939659603	0.23306915249019644	0.1315734501347709	0.015063323664150575	0.0031859829949807197	0.1253289234646087	0.1378179768049331
K562_skew	[1.0,1.5)	dELS	0	81603	81581	17501.698	21361.938452	81454	-9142.123992353449	175504.73742313267	3170	6113	12014	all	-0.11223664881225537	2.1420777143040133	0.00512815806938228	-0.12228783862824463	-0.1021854589962661	0.0389176713236919	6.776376237091144e-4	0.03758950158122203	0.04024584106616177	0.2145315453353109	0.21582829289124883	0.0016265210028455436	0.21134356416973366	0.21771952650088816
K562_skew	[1.0,1.5)	dELS	1	19811	19805	4391.9800000000005	5280.118099999997	19786	144.7639979943636	54541.927449344155	1178	2472	5154	all	0.007316486303162013	2.7566776995469113	0.011803586693323018	-0.015818543615751104	0.03045151622207513	0.05953704639644193	0.001682230438163959	0.05623987473764057	0.0628342180552433	0.22176117142135826	0.21743826854881945	0.003313451111843831	0.21526680724214436	0.22825553560057216
K562_skew	[1.0,1.5)	dELS	2	6085	6085	1279.8360000000002	1402.6035680000005	6077	858.4560002736979	21113.129409079553	528	1021	2063	all	0.14126312329664273	3.454881703961183	0.023843607968066963	0.09452965167923148	0.18799659491405396	0.08688497613954253	0.0036131872508521974	0.07980312912787223	0.09396682315121284	0.21032637633525064	0.1862952498054896	0.0055331265009199975	0.19948144839344745	0.22117130427705384
K562_skew	[1.0,1.5)	dELS	3	2448	2448	490.43499999999983	510.424665	2446	505.26100083463825	8520.784207708679	210	480	1029	all	0.20656623092176543	3.4422962564967317	0.037514217836170614	0.13303836396287103	0.28009409788065986	0.08585445625511039	0.0056644906976313966	0.07475205448775285	0.09695685802246792	0.20034109477124176	0.16843906014951618	0.00829498677615778	0.1840829206899725	0.21659926885251102
K562_skew	[1.0,1.5)	dELS	4	1440	1440	278.261	255.71527499999996	1440	315.4170018460136	5842.755371366043	143	289	632	all	0.21903958461528722	4.012276971717228	0.0527854473560792	0.11558010779737199	0.32249906143320245	0.09930555555555555	0.007881234841881538	0.08385833526546774	0.11475277584564336	0.19323680555555559	0.14033704534350627	0.009871994807967943	0.1738876957319384	0.21258591537917276
K562_skew	[1.0,1.5)	dELS	5	886	885	142.045	104.412373	886	283.0429984917863	3916.295391348208	113	165	436	all	0.31946162357989427	4.323021486448701	0.06985167683537818	0.18255233698255302	0.4563709101772355	0.1275395033860045	0.011206716507441726	0.10557433903141872	0.1495046677405903	0.16050282485875705	0.0923232457499297	0.010213718798500172	0.14048393601369671	0.1805217137038174
K562_skew	[1.0,1.5)	dELS	6	1203	1203	176.17999999999998	98.18532600000002	1203	122.10400118469263	6078.823522072841	129	281	597	all	0.10149958535718423	5.046946769203113	0.06477114112418897	-0.025451851246226148	0.2284510219605946	0.10723192019950124	0.008920692202295959	0.08974736348300116	0.12471647691600132	0.14645054031587695	0.06021935924055642	0.007075143477630522	0.13258325909972113	0.16031782153203278
K562_skew	[1.0,1.5)	non-cCRE	0	214668	214525	38608.692	39649.842886000006	212901	-43541.47594973271	284953.10325612634	2478	9439	3309	all	-0.20451513120996478	1.2966097350361259	0.0024678331192640444	-0.2093520841237223	-0.19967817829620726	0.011639212591768006	2.3245061687323106e-4	0.011183609382696472	0.012094815800839539	0.17997292623237388	0.15243666726685856	8.429576712696234e-4	0.1783207291966854	0.18162512326806235
K562_skew	[1.0,1.5)	pELS	0	9420	9397	1848.838	1962.441234	9403	-818.6159989726732	21155.532966375504	370	1669	1261	all	-0.08705902360658016	2.242529786938547	0.015443150083399752	-0.11732759777004367	-0.05679044944311665	0.039349143890247795	0.0020050130930978527	0.035419318227776005	0.043278969552719586	0.19674768543152069	0.1701454487826903	0.00425515666958537	0.18840757835913335	0.20508779250390802
K562_skew	[1.0,1.5)	pELS	1	4161	4158	755.2959999999998	670.6382939999999	4154	571.5699976105245	12677.864073313454	332	1126	1056	all	0.13759508849555235	3.0337632672551966	0.027024495687754595	0.08462707694755335	0.19056310004355137	0.07992296581608088	0.004207408160128152	0.0716764458222297	0.08816948580993206	0.18164886964886962	0.1283232209164511	0.005555336667761188	0.1707604097800577	0.19253732951768154
K562_skew	[1.0,1.5)	pELS	2	2301	2299	359.19599999999997	220.38707599999998	2301	819.804002207704	8638.662713289163	268	792	816	all	0.3562816176478505	3.6289485292297474	0.039712945054231084	0.27844424534155754	0.43411898995414344	0.11647109952194698	0.006687459398816527	0.10336367910026659	0.12957851994362737	0.15624010439321442	0.07148226956587247	0.005576088793352334	0.14531097035824386	0.16716923842818499
K562_skew	[1.0,1.5)	pELS	3	1793	1793	264.66799999999995	122.788786	1793	963.5489970396741	7622.176277575878	251	671	795	all	0.5373948672837	3.964492183141964	0.04702227512127174	0.4452312080460074	0.6295585265213927	0.1399888455103179	0.008194238744495317	0.12392813757110707	0.15604955344952873	0.14761182375906298	0.046719118208335006	0.005104546610677313	0.13760691240213546	0.1576167351159905
K562_skew	[1.0,1.5)	pELS	4	1295	1295	177.803	62.995617	1295	796.4299990574367	6044.992536716994	193	522	619	all	0.615003860276013	4.293033240229559	0.05757676252785362	0.5021534057214199	0.727854314830606	0.14903474903474903	0.009896116496401316	0.12963836070180246	0.1684311373676956	0.1372996138996139	0.029817104907115113	0.0047984155128610656	0.1278947194944062	0.1467045083048216
K562_skew	[1.0,1.5)	pELS	5	1056	1056	143.336	47.255862	1055	797.1060012035305	7106.945069051459	210	465	564	all	0.7555507120412611	6.171433645417238	0.07648333241848347	0.6056433805010335	0.9054580435814887	0.1990521327014218	0.012293040498974178	0.1749577733234324	0.2231464920794112	0.13573484848484849	0.026350873703863274	0.0049953457223934124	0.1259439708689574	0.14552572610073958
K562_skew	[1.0,1.5)	pELS	6	1433	1433	176.905	34.366623	1433	972.9410018513445	8965.241915302377	247	629	756	all	0.6789539440693262	5.799343425103802	0.06361599416781433	0.5542665955004101	0.8036412926382422	0.17236566643405443	0.009977495384329262	0.15280977548076907	0.1919215573873398	0.12345080251221215	0.008748295238531498	0.0024708058471308463	0.11860802305183568	0.1282935819725886
K562_skew	[1.5,Inf)	Other cCREs	0	10475	10470	2131.677	2583.7796889999995	10412	-2321.848995775217	16065.260747766499	170	407	572	all	-0.2229974064325026	1.4933718608760653	0.011976141046583368	-0.246470642883806	-0.1995241699811992	0.016327314636957357	0.0012419828739758236	0.013893028203964743	0.018761601069949972	0.20359856733524356	0.20534657615612853	0.004428640141292008	0.1949184326583112	0.2122787020121759
K562_skew	[1.5,Inf)	Other cCREs	1	681	681	141.16400000000002	173.47476999999998	679	-191.12899834534613	1176.0375042263931	13	37	87	all	-0.2814860063996261	1.6552173536504438	0.049373353758286054	-0.3782577797658668	-0.18471423303338547	0.01914580265095729	0.005259011606824854	0.008838139901580578	0.029453465400334007	0.20728928046989722	0.2120779206055109	0.017647133548399658	0.1727008987150339	0.24187766222476054
K562_skew	[1.5,Inf)	Other cCREs	2	79	79	14.496999999999998	16.911487000000008	79	-34.54799950495361	240.43497998919182	1	3	14	all	-0.43731644942979253	2.888802198856196	0.19122530282684264	-0.812118042970404	-0.06251485588918099	0.012658227848101266	0.0125778573349081	-0.011994372528318612	0.03731082822452114	0.18350632911392403	0.1827076377799417	0.04809111049463151	0.08924775254444628	0.2777649056834018
K562_skew	[1.5,Inf)	PLS	0	333	329	56.77600000000001	51.42209199999999	333	44.96900087967508	1295.5735175934376	33	69	77	all	0.13504204468370895	3.88403858966043	0.1079989793865193	-0.07663595491386888	0.3467200442812868	0.0990990990990991	0.01637386657075888	0.0670063206204117	0.1311918775777865	0.1725714285714286	0.12690297735191636	0.019639840514020453	0.1340773411639485	0.21106551597890869
K562_skew	[1.5,Inf)	PLS	1	252	251	36.732000000000006	23.331236000000008	252	212.61000007553957	1526.0418593975876	53	75	89	all	0.8436904764902364	5.365198514451261	0.14591254331085285	0.5577018916009648	1.129679061379508	0.21031746031746032	0.025672233951176585	0.15999988177315422	0.2606350388617664	0.14634262948207175	0.07182311413545818	0.016915905683158282	0.11318745434308151	0.17949780462106196
K562_skew	[1.5,Inf)	PLS	2	184	184	23.721	8.142515	184	183.35400004219264	1167.3272541321878	42	65	86	all	0.9964891306640904	5.380420688668632	0.17100121866888132	0.6613267420730831	1.3316515192550977	0.22826086956521738	0.030941551227111026	0.16761542916007977	0.288906309970355	0.12891847826086958	0.02778382391898313	0.012288166789149298	0.10483367135413696	0.1530032851676022
K562_skew	[1.5,Inf)	PLS	3	167	167	21.303	4.750719000000001	167	189.92699900176376	1299.8914754229409	40	81	83	all	1.1372874191722382	6.5294571620307025	0.19773352239927192	0.7497297152696653	1.5248451230748112	0.23952095808383234	0.03302608919021766	0.17478982327100573	0.30425209289665894	0.127562874251497	0.012248476444700965	0.008564121106543898	0.11077719688267097	0.14434855162032306
K562_skew	[1.5,Inf)	PLS	4	130	130	17.286	3.5103519999999997	130	129.3459996125894	965.8210425774241	28	52	69	all	0.9949692277891492	6.489346924226903	0.22342348413558472	0.5570591988834032	1.4328792566948954	0.2153846153846154	0.03605488154725288	0.14471704755199977	0.286052183217231	0.13296923076923078	0.00939415408467501	0.008500748421654962	0.11630776386278706	0.1496306976756745
K562_skew	[1.5,Inf)	PLS	5	130	130	17.805	8.588461000000002	130	124.71699989121402	860.8442251536827	28	58	67	all	0.9593615376247232	5.745701801318645	0.21023250501287752	0.5473058277994833	1.371417247449963	0.2153846153846154	0.03605488154725288	0.14471704755199977	0.286052183217231	0.13696153846153847	0.04767333959451403	0.01914988242472724	0.09942776890907308	0.17449530801400387
K562_skew	[1.5,Inf)	PLS	6	324	324	39.385999999999996	6.562468	324	228.55599924502891	2388.0666671206177	69	125	167	all	0.7054197507562621	6.894237619502604	0.1458715571018022	0.4195114988367298	0.9913280026757944	0.21296296296296297	0.022744538034397268	0.1683836684155443	0.2575422575103816	0.12156172839506171	0.005494234567901239	0.004117950230206845	0.1134905459438563	0.12963291084626713
K562_skew	[1.5,Inf)	dELS	0	27462	27450	5643.7570000000005	6823.739829	27417	-4092.6549980088603	59039.27931505947	954	2162	4025	all	-0.14927435525436264	2.131177081957731	0.008816572895178424	-0.16655483812891236	-0.13199387237981292	0.034795929532771636	0.001106786434952642	0.032626628120264456	0.036965230945278815	0.20560134790528234	0.20632357399359275	0.0027415946989647025	0.20022782229531152	0.21097487351525315
K562_skew	[1.5,Inf)	dELS	1	6711	6710	1540.8500000000001	1940.7511539999998	6700	-346.5299946931196	18011.356594937086	363	848	1689	all	-0.05172089473031636	2.685988021131611	0.020022330895708807	-0.09096466328590562	-0.012477126174727099	0.05417910447761194	0.0027655592162255617	0.04875860841380984	0.05959960054141404	0.22963487332339794	0.23653573698608468	0.005937274422554178	0.21799781545519176	0.24127193119160412
K562_skew	[1.5,Inf)	dELS	2	2006	2006	495.50399999999996	624.3473060000002	2004	125.28400054387751	5998.76290226486	139	380	734	all	0.06251696633926024	2.990978795117329	0.03863294434522306	-0.01320360457737696	0.13823753725589744	0.06936127744510978	0.005675449221903526	0.05823739697017887	0.08048515792004068	0.24701096709870388	0.2503503160891392	0.011171425861421535	0.22511497241031767	0.26890696178709006
K562_skew	[1.5,Inf)	dELS	3	877	877	200.70399999999998	242.32138799999998	877	189.2199987644563	3500.1070536485145	88	185	344	all	0.21575826540987036	3.9489512270938785	0.06710286889388602	0.08423664237785378	0.34727988844188695	0.10034207525655645	0.010145663350564715	0.0804565750894496	0.12022757542366329	0.22885290763968072	0.2241891484304629	0.015988491743180046	0.19751546382304783	0.2601903514563136
K562_skew	[1.5,Inf)	dELS	4	444	444	78.58	73.47775599999999	444	184.18000163533725	2045.1667044183348	50	97	205	all	0.41481982350301183	4.444165211393182	0.10004689453821844	0.2187279102081037	0.61091173679792	0.11261261261261261	0.015002328054562026	0.08320804962567105	0.14201717559955418	0.17698198198198198	0.13447068139019377	0.01740292777158369	0.14287224354967795	0.211091720414286
K562_skew	[1.5,Inf)	dELS	5	284	283	52.38399999999999	37.494102	284	57.63300115382299	983.0396260555116	30	54	147	all	0.2029331026543063	3.4323108915762792	0.10993453384129298	-0.012538583674627929	0.4184047889832405	0.1056338028169014	0.018238955998443933	0.0698854490599513	0.1413821565738515	0.1851024734982332	0.0985733830789665	0.0186632216208358	0.14852255912139503	0.22168238787507136
K562_skew	[1.5,Inf)	dELS	6	294	294	46.208000000000006	30.47263599999999	294	17.655001748818922	1505.0226158704675	32	77	144	all	0.06005102635652695	5.132977525239333	0.1321329150087336	-0.19892948706059085	0.31903153977364473	0.10884353741496598	0.018163713338355928	0.07324265927178836	0.1444444155581436	0.1571700680272109	0.07921543172900555	0.01641463505461542	0.12499738332016468	0.1893427527342571
K562_skew	[1.5,Inf)	non-cCRE	0	68402	68367	10498.374999999996	8861.733853000002	67940	-19876.644980281824	104260.69438760329	752	3280	1135	all	-0.29256174536770424	1.4490285173481774	0.0046182314558952595	-0.30161347902125896	-0.2835100117141495	0.0110685899322932	4.0138992120275615e-4	0.010281865686735798	0.011855314177850601	0.15355910015065743	0.10604120227826469	0.0012454149077418555	0.1511180869314834	0.15600011336983147
K562_skew	[1.5,Inf)	pELS	0	3244	3206	608.5849999999999	679.2781750000001	3237	-363.58300073130533	6658.682508937083	125	589	457	all	-0.11232097643846319	2.0450693792578853	0.025135218989084836	-0.16158600565706946	-0.06305594721985691	0.03861600247142416	0.0033865754172473536	0.03197831465361935	0.04525369028922897	0.1898268870867124	0.17589777813489338	0.00740710358022546	0.1753089640694705	0.20434481010395428
K562_skew	[1.5,Inf)	pELS	1	1512	1511	240.226	176.64018000000002	1508	503.17200092133135	5225.207780208153	160	408	420	all	0.33366843562422505	3.355882658135913	0.04717400108189057	0.24120739350371953	0.42612947774473053	0.10610079575596817	0.00793054301611497	0.09055693144438283	0.12164466006755352	0.1589847782925215	0.09168735274827865	0.007789731432027013	0.14371690468574855	0.17425265189929445
K562_skew	[1.5,Inf)	pELS	2	871	871	127.651	80.68589300000002	871	403.14200347603764	3234.4058434650783	104	309	329	all	0.4628496021538894	3.503231870741003	0.06341987242963217	0.33854665219181035	0.5871525521159684	0.11940298507462686	0.010987202253182936	0.0978680686583883	0.1409379014908654	0.14655683122847302	0.0712388125710968	0.009043764784773844	0.12883105225031627	0.16428261020662976
K562_skew	[1.5,Inf)	pELS	3	680	680	107.119	60.83052100000001	680	247.89900251885402	2466.413163254491	76	280	304	all	0.36455735664537353	3.499322176997338	0.07173605805308851	0.22395468286132006	0.505160030429427	0.11176470588235295	0.012082641681438518	0.08808272818673345	0.13544668357797243	0.1575279411764706	0.06473679745083602	0.009757108830069371	0.13840400786953463	0.17665187448340655
K562_skew	[1.5,Inf)	pELS	4	437	437	62.69300000000001	25.369137	437	314.9560015797615	2143.6159699967293	69	181	219	all	0.7207231157431614	4.395917200037054	0.10029609710206226	0.5241427654231193	0.9173034660632035	0.15789473684210525	0.01744320557892971	0.12370605390740302	0.19208341977680748	0.14346224256292908	0.03755747391514285	0.009270592011086716	0.1252918822211991	0.16163260290465906
K562_skew	[1.5,Inf)	pELS	5	379	379	49.26699999999999	13.532307000000003	379	250.47700041020278	1616.8117635360534	52	161	195	all	0.6608891831403767	3.8393497971944517	0.10064894707192525	0.4636172468794032	0.8581611194013502	0.13720316622691292	0.017673262709156683	0.10256357131696582	0.17184276113686003	0.12999208443271765	0.018857108402786517	0.007053715576731985	0.11616680190232295	0.14381736696311234
K562_skew	[1.5,Inf)	pELS	6	461	461	63.129000000000005	19.333173000000002	461	238.41000047372663	2173.0111018354573	74	197	248	all	0.5171583524375849	4.4559029973604805	0.09831446070133597	0.32446200946296644	0.7098546954122034	0.16052060737527116	0.017097001676928004	0.12701048408849228	0.19403073066205004	0.13693926247288504	0.023235509346411394	0.007099465218687103	0.12302431064425833	0.15085421430151177
SKNSH_skew	(-Inf,-1.5)	Other cCREs	0	15965	15958	13726.753000000002	30159.182437	15853	-6237.979995129632	31132.897549528967	241	564	1984	all	-0.39348892923292955	1.8091295407941568	0.010682652536297493	-0.4144269282040726	-0.3725509302617865	0.015202169936289662	9.717859217551107e-4	0.013297469529649645	0.017106870342929677	0.8601800350921169	1.1500722917690778	0.008489328511096258	0.8435409512103683	0.8768191189738656
SKNSH_skew	(-Inf,-1.5)	Other cCREs	1	1120	1120	903.8720000000001	1895.20787	1120	-295.2170016183518	2747.2758291044033	33	52	353	all	-0.2635866085878141	2.3855769265865585	0.04615169984667952	-0.35404394028730596	-0.1731292768883222	0.029464285714285714	0.005052946592762966	0.019560510392470302	0.039368061036101125	0.8070285714285715	1.0417849339461254	0.030498608486204004	0.7472512987956117	0.8668058440615314
SKNSH_skew	(-Inf,-1.5)	Other cCREs	2	199	199	142.33400000000006	270.81248800000014	192	-53.06600075028836	475.63477309152427	6	24	75	all	-0.27638542057441856	2.4134455714971383	0.11211614075686989	-0.4961330564578835	-0.05663778469095357	0.03125	0.012556836928376244	0.006638599620382563	0.05586140037961744	0.7152462311557792	0.8535789441145122	0.06549306396643172	0.586879825781573	0.8436126365299854
SKNSH_skew	(-Inf,-1.5)	Other cCREs	3	55	55	32.733	70.73563300000002	55	12.736999638378624	169.88579780606088	5	1	31	all	0.23158181160688407	3.0914100065809063	0.2370811141046612	-0.23309717203825187	0.69626079525202	0.09090909090909091	0.03876376661011099	0.014932108353273382	0.16688607346490844	0.5951454545454545	0.9491617932659937	0.13136775536748277	0.3376646540251883	0.8526262550657208
SKNSH_skew	(-Inf,-1.5)	PLS	0	871	870	728.2589999999999	1443.4782309999998	869	419.11000171443453	5221.359954354843	112	146	261	all	0.4822899904654022	5.782520041041513	0.0815734227082434	0.3224060819572452	0.6421738989735593	0.12888377445339472	0.011366513875016098	0.10660540725836316	0.15116214164842626	0.8370793103448275	0.959571564473632	0.033210778690570625	0.7719861841113091	0.9021724365783459
SKNSH_skew	(-Inf,-1.5)	PLS	1	449	449	276.83699999999993	472.2474230000001	449	480.5099972113968	4358.545056840026	93	103	257	all	1.0701781675086788	8.581057474452528	0.13824430035293478	0.7992193388169266	1.341136996200431	0.2071269487750557	0.01912480262449303	0.16964233563104936	0.24461156191906203	0.6165634743875277	0.6731246438414734	0.03871903946980485	0.5406741570267102	0.6924527917483452
SKNSH_skew	(-Inf,-1.5)	PLS	2	326	326	142.48	188.55815600000003	326	686.1960010048931	5102.316878925293	109	107	202	all	2.1048957086039666	11.25521803430428	0.18580960334219787	1.7407088860532587	2.4690825311546742	0.3343558282208589	0.026128634619954308	0.2831437043657485	0.38556795207596933	0.43705521472392633	0.3885739354034923	0.03452455049855504	0.36938709574675843	0.5047233337010942
SKNSH_skew	(-Inf,-1.5)	PLS	3	297	297	105.50300000000001	142.05337099999994	297	679.8049987051636	4764.911168061388	117	131	191	all	2.288905719546005	10.840883845774236	0.19105311410708348	1.9144416158961217	2.6633698231958887	0.3939393939393939	0.02835270566736311	0.3383680908313622	0.44951069704742563	0.3552289562289563	0.3532961163208661	0.03448984217420499	0.2876288655675145	0.4228290468903981
SKNSH_skew	(-Inf,-1.5)	PLS	4	276	276	84.254	92.85091000000001	276	694.7579993029357	4933.590297109175	127	129	190	all	2.5172391279091872	11.580793733948804	0.20483993162167144	2.1157528619307113	2.918725393887663	0.4601449275362319	0.030000698856528337	0.40134355777743635	0.5189462972950274	0.305268115942029	0.244112182397892	0.02973994668754249	0.24697782043444574	0.3635584114496123
SKNSH_skew	(-Inf,-1.5)	PLS	5	399	399	97.64999999999999	82.58239	399	1304.5200015907176	8487.620887529787	214	176	277	all	3.2694736881972872	10.60936448894938	0.16306405470616905	2.9498681409731957	3.5890792354213787	0.5363408521303258	0.024965105595803685	0.4874092451625506	0.585272459098101	0.24473684210526314	0.1474468275588469	0.01922344717266176	0.2070588856468461	0.2824147985636802
SKNSH_skew	(-Inf,-1.5)	PLS	6	3564	3564	673.6119999999999	249.91437599999998	3559	15144.549995328296	104451.23504350416	2435	1664	2611	all	4.255282381379122	11.24420974549421	0.0562083031943625	4.145114107118172	4.365450655640073	0.6841809497049733	0.007791851309501677	0.6689089211383501	0.6994529782715966	0.18900448933782263	0.034408836353682463	0.003107178085464858	0.18291442029031152	0.19509455838533374
SKNSH_skew	(-Inf,-1.5)	dELS	0	35956	35954	31283.201	68415.017911	35896	-8241.739991626704	101204.86952634953	1522	2701	11579	all	-0.22960051235866683	2.7667519654978445	0.008779344384899558	-0.24680802735306995	-0.2123929973642637	0.042400267439269	0.0010635386513439375	0.04031573168263489	0.044484803195903116	0.8700895866941092	1.1458245621350447	0.005645279602605708	0.859024838673002	0.8811543347152164
SKNSH_skew	(-Inf,-1.5)	dELS	1	9538	9538	6888.400999999999	13963.945729000001	9533	1224.2789967948343	35611.42229453809	817	1277	4941	all	0.12842536418701714	3.719491588177528	0.01975272392885655	0.0897100252864583	0.16714070308757598	0.08570229728312179	0.0028669838697379857	0.08008300889843534	0.09132158566780824	0.7222060180331306	0.9425501805782286	0.00994085139092287	0.7027219493069218	0.7416900867593393
SKNSH_skew	(-Inf,-1.5)	dELS	2	3479	3478	2066.9829999999997	3829.149502999999	3477	1581.2159935105597	18928.22982128946	467	441	2195	all	0.4547644502475006	5.238535385292886	0.038815268579018514	0.37868652383262436	0.5308423766623769	0.13431118780557952	0.005782753126109123	0.12297699167840564	0.1456453839327534	0.5943021851638872	0.7479830283012344	0.01466496676540292	0.5655588503036975	0.623045520024077
SKNSH_skew	(-Inf,-1.5)	dELS	3	1647	1647	796.5569999999999	1375.335079	1637	1303.749001957942	10733.932627288814	293	251	1072	all	0.7964257800598302	5.926401779585719	0.0601687800186647	0.6784949712232474	0.914356588896413	0.17898594990836897	0.009474589997262656	0.16041575351373416	0.19755614630300378	0.4836411657559198	0.6015111317915929	0.019110631350010086	0.44618432830990007	0.5210980032019396
SKNSH_skew	(-Inf,-1.5)	dELS	4	1072	1072	485.70400000000006	772.303044	1069	1145.814001865569	8737.579861556607	245	252	741	all	1.0718559418761169	7.031303666078788	0.08110153509888968	0.9128969330822931	1.2308149506699406	0.2291861552853134	0.012855237073502345	0.20398989062124878	0.254382419949378	0.4530820895522389	0.5156295618824644	0.021931660348378262	0.4100960352694175	0.49606814383506026
SKNSH_skew	(-Inf,-1.5)	dELS	5	621	621	271.853	413.621949	621	782.5259958870012	5705.007783298919	161	101	439	all	1.2601062735700501	7.611196559112996	0.11070842410428294	1.0431177623256556	1.4770947848144447	0.25925925925925924	0.017585489175602955	0.22479170047507746	0.29372681804344103	0.4377665056360709	0.47518356636018905	0.027662084666854853	0.38354881968903537	0.4919841915831064
SKNSH_skew	(-Inf,-1.5)	dELS	6	731	731	253.136	273.388936	731	762.435998039786	6548.380484179272	183	172	498	all	1.043004101285617	7.881036453775318	0.10383242084913401	0.8394925564213144	1.2465156461499196	0.2503419972640219	0.016022849692570323	0.21893721186658407	0.28174678266145975	0.34628727770177836	0.25442624612559267	0.018656160384206835	0.309721203348733	0.38285335205482374
SKNSH_skew	(-Inf,-1.5)	non-cCRE	0	78388	78356	77768.39600000001	175436.839522	77620	-36795.5119668562	154960.91288460593	749	2988	1900	all	-0.4740467916369002	1.7717069079746013	0.0047775926735517315	-0.4834108732770616	-0.46468270999673883	0.00964957485184231	3.5088250644526225e-4	0.008961845139209595	0.010337304564475024	0.9925008423094595	1.2539294363722084	0.004000372379758477	0.9846601124451329	1.000341572173786
SKNSH_skew	(-Inf,-1.5)	pELS	0	3261	3261	2761.864	5841.816398	3259	-207.42000025836808	10959.506965213499	189	495	1059	all	-0.06364529004552565	3.3598237136696785	0.032108207819975934	-0.1265773773726785	-7.132027183728157e-4	0.05799324946302547	0.0040942423773258855	0.049968534403466734	0.06601796452258421	0.8469377491567004	1.0744446375346868	0.018151671443247037	0.8113604731279362	0.8825150251854645
SKNSH_skew	(-Inf,-1.5)	pELS	1	1335	1335	938.8670000000001	1763.0138589999997	1333	442.7669982472433	6406.144859708368	147	370	647	all	0.3321582882574968	4.69900610470995	0.05937285459280265	0.21578749325560365	0.44852908325939	0.11027756939234809	0.008579377701289487	0.09346198909782069	0.1270931496868755	0.7032711610486891	0.8266385111242128	0.024883827624515513	0.6544988589046388	0.7520434631927395
SKNSH_skew	(-Inf,-1.5)	pELS	2	717	717	334.26499999999993	539.6177110000001	717	634.3209975002101	4626.814274596584	127	222	459	all	0.8846875836823014	5.678265871563095	0.0889914501680744	0.7102643413528755	1.0591108260117272	0.17712691771269176	0.014257688852008508	0.1491818475627551	0.20507198786262842	0.46619944211994413	0.5360105509494093	0.02734179932203695	0.4126095154487517	0.5197893687911366
SKNSH_skew	(-Inf,-1.5)	pELS	3	427	427	140.74399999999997	164.90894200000005	427	609.3249982194975	4403.368696370021	117	156	255	all	1.4269906281487061	8.295463930549463	0.13938190699155667	1.153802090445255	1.7001791658521572	0.27400468384074944	0.021584001636332187	0.23170004063353836	0.31630932704796055	0.3296112412177985	0.2782115902958738	0.0255254655548849	0.2795813287302241	0.3796411537053729
SKNSH_skew	(-Inf,-1.5)	pELS	4	390	390	113.76400000000002	126.074882	390	779.4539987388997	5245.231559259078	137	164	226	all	1.9985999967664094	9.479215423907322	0.15590279206647115	1.6930305243161259	2.304169469216693	0.35128205128205126	0.024172614921145023	0.303903726036607	0.39866037652749553	0.2917025641025642	0.23879082647155755	0.024744376541749668	0.24320358608073483	0.3402015421243935
SKNSH_skew	(-Inf,-1.5)	pELS	5	397	397	110.17200000000001	109.74046600000001	397	859.7220025849529	5868.514484576902	154	191	274	all	2.165546606007438	10.118046514568535	0.15964417703404632	1.8526440190207072	2.4784491929941685	0.3879093198992443	0.02445556704067568	0.33997640849952	0.43584223129896865	0.2775113350125945	0.19991537171462742	0.022440257753575835	0.23352842981558586	0.32149424020960315
SKNSH_skew	(-Inf,-1.5)	pELS	6	999	999	206.389	113.13724700000002	999	3289.375004248461	22662.80855291382	523	379	723	all	3.292667671920382	11.85570121803802	0.10893837150804507	3.0791484637646134	3.50618688007615	0.5235235235235235	0.015801782816543816	0.4925520292030976	0.5544950178439494	0.2065955955955956	0.0706394675557321	0.008408934399403148	0.19011408417276543	0.22307710701842576
SKNSH_skew	[-0.05,0.05)	Other cCREs	0	16886996	16874966	3835963.3040000005	4877829.084783999	16815466	-137265.6907010473	25831460.942894116	514315	479076	558103	all	-0.00816306195148248	1.536106223322228	3.022429438986634e-4	-0.008755458121523861	-0.0075706657814411	0.030585830924935414	4.199140148457616e-5	0.030503527778025646	0.030668134071845182	0.227316801942001	0.23738420637624122	1.1860539858112654e-4	0.22708433536078199	0.22754926852322
SKNSH_skew	[-0.05,0.05)	Other cCREs	1	530578	530423	127477.64199999998	164366.473224	529482	-39723.82496020035	930235.388565947	15461	24137	40819	all	-0.07502393841565974	1.7512529264855554	0.0018186487845856221	-0.07858849003344756	-0.07145938679787192	0.02920023721297419	2.3138351817457128e-4	0.02874672551735203	0.02965374890859635	0.24033204065434563	0.2521190889222843	6.894324023337444e-4	0.2389807531457715	0.24168332816291976
SKNSH_skew	[-0.05,0.05)	Other cCREs	2	84992	84902	19175.048	22316.852014000007	84599	-10899.008975402105	140106.62153676242	1995	5144	10891	all	-0.12883141615624422	1.63954805995132	0.004402298239485237	-0.13745992070563529	-0.12020291160685315	0.02358183902883013	5.217039738306532e-4	0.02255929924012205	0.02460437881753821	0.2258491908317825	0.2118488938768615	0.0015796255145182204	0.2227531248233268	0.22894525684023823
SKNSH_skew	[-0.05,0.05)	Other cCREs	3	48861	48859	9625.024000000001	9355.544722000002	48841	-6516.353001522715	82775.86191383706	1192	3117	8061	all	-0.13341972935694837	1.6770362788693602	0.00585974821162214	-0.14490483585172775	-0.12193462286216898	0.024405724698511495	6.98213436153485e-4	0.023037226363650666	0.025774223033372325	0.19699592705540436	0.1526762085265358	0.0017677196769600519	0.19353119648856265	0.20046065762224607
SKNSH_skew	[-0.05,0.05)	Other cCREs	4	36213	36209	6844.576999999999	6125.439391	36036	-5570.557003999013	71329.16308989444	877	2744	7221	all	-0.15458311144408407	1.955544583203542	0.007366574268295592	-0.16902159700994343	-0.1401446258782247	0.024336774336774336	8.117329708831897e-4	0.022745777713843285	0.025927770959705387	0.18902971636885854	0.13344042592866734	0.0019197091916783684	0.18526708635316894	0.19279234638454815
SKNSH_skew	[-0.05,0.05)	Other cCREs	5	26361	26361	4853.116000000001	4065.01962	26299	-5095.456009859801	51794.79840170118	662	1905	6059	all	-0.1937509414753337	1.9319928892898584	0.008571032547548322	-0.2105501652685284	-0.176951717682139	0.025172059774135898	9.659479915068034e-4	0.023278801710782563	0.027065317837489233	0.1841021205568833	0.12031679336462295	0.0021363981037377426	0.1799147802735573	0.18828946084020928
SKNSH_skew	[-0.05,0.05)	Other cCREs	6	33527	33514	5802.269	3930.9687750000007	33494	-8258.8309962597	74438.56207865293	837	3579	9624	all	-0.24657643148801875	2.16170928263615	0.008033691227601145	-0.262322466294117	-0.2308303966819205	0.02498955036722995	8.529043867785042e-4	0.023317857769144083	0.02666124296531582	0.17312970698812438	0.08732204348055152	0.001614168294048287	0.16996593713178973	0.17629347684445903
SKNSH_skew	[-0.05,0.05)	PLS	0	229403	225166	55346.64599999999	69096.54936200002	228981	47863.12891504413	721895.3541990983	18373	40984	25082	all	0.2090266393938542	3.1089644738016937	0.0036847510887610705	0.20180452725988252	0.2162487515278259	0.08023809835750564	5.677122925055282e-4	0.07912538226419481	0.08135081445081647	0.24580374479273068	0.24645098711381616	0.0010461979738304091	0.24375319676402307	0.24785429282143828
SKNSH_skew	[-0.05,0.05)	PLS	1	93369	93101	20460.977	20900.955595000003	93369	32857.20597145754	381131.00099458784	10357	26499	20367	all	0.35190701379962874	3.958190383850708	0.006510989364809013	0.3391454746446031	0.3646685529546544	0.1109254677676745	0.0010277402505917044	0.10891109687651475	0.11293983865883424	0.2197718284443776	0.1761998847255816	0.001375706017973945	0.21707544464914866	0.22246821223960653
SKNSH_skew	[-0.05,0.05)	PLS	2	56269	56255	10912.743999999999	8037.279540000002	56209	30220.00698518975	270178.80593443377	8143	18714	18710	all	0.5376364458572426	4.517709735004542	0.008965122588588594	0.5200648055836089	0.5552080861308762	0.1448700386059172	0.0014845759476295071	0.14196026974856338	0.14777980746327105	0.1939870944804906	0.10524314784069747	0.0013677803184605317	0.19130624505630794	0.19666794390467324
SKNSH_skew	[-0.05,0.05)	PLS	3	44844	44827	8381.158	5267.70442	44817	22144.03998718714	215877.2597343689	6358	17143	18719	all	0.4940991138895317	4.572829105648996	0.010101156381075043	0.4743008473826246	0.5138973803964388	0.14186580984894126	0.001648143730072689	0.1386354481379988	0.14509617155988372	0.18696673879581502	0.08255714633042308	0.0013570864017053929	0.18430684944847245	0.1896266281431576
SKNSH_skew	[-0.05,0.05)	PLS	4	41004	40984	7215.172000000001	3831.9883640000016	40970	16854.11501712259	223091.86301191864	5723	16035	19123	all	0.4113769835763385	5.276147038378435	0.011348160332983092	0.38913458932369166	0.43361937782898535	0.1396875762753234	0.0017126712454418583	0.13633074063425737	0.14304441191638945	0.1760485067343354	0.06250806694406494	0.0012349826685772332	0.173627940703924	0.17846907276474677
SKNSH_skew	[-0.05,0.05)	PLS	5	47560	47545	8041.822000000002	3691.1053100000004	47560	14202.145998207036	295770.5252558745	6585	20314	23432	all	0.29861534899510167	6.129850217038637	0.011352826697946775	0.276363808667126	0.32086688932307733	0.13845668629100083	0.001583706145012164	0.135352622246777	0.14156075033522467	0.1691412766852456	0.04902619194944693	0.0010154572736414738	0.1671509804289083	0.17113157294158288
SKNSH_skew	[-0.05,0.05)	PLS	6	210977	210913	32589.065999999995	11618.002433999998	210884	22630.19799461494	1204094.4070933184	25432	90841	109672	all	0.107311118883438	5.698258917152936	0.005198155584510779	0.09712273393779687	0.11749950382907913	0.12059710551772539	7.091540250496067e-4	0.11920716362862815	0.12198704740682262	0.1545142594339846	0.031209827014891292	3.8467503876633786e-4	0.1537602963580026	0.15526822250996664
SKNSH_skew	[-0.05,0.05)	dELS	0	34567346	34557581	7973714.3950000005	10099969.566274999	34521784	2549961.9527380364	73759660.10255486	1698364	2009187	2651093	all	0.0738653006095524	2.131156041284801	2.4846259073141205e-4	0.07337831393171884	0.07435228728738597	0.04919687812194179	3.681013891632417e-5	0.04912473024966579	0.049269025994217786	0.2307370528915204	0.23902536595947996	8.3166864548821215e-05	0.23057404583700472	0.2309000599460361
SKNSH_skew	[-0.05,0.05)	dELS	1	4422459	4421549	1068085.7100000002	1344744.4049120003	4418123	364630.53934292006	11171769.903463665	254900	469194	695099	all	0.08253064465224713	2.5218128222787413	7.55505313485882e-4	0.0810498542378148	0.08401143506667946	0.057694183706519714	1.1092847721851883e-4	0.057476763891171415	0.05791160352186801	0.24156369408096579	0.2457812682819024	2.3576925399908984e-4	0.24110158634312756	0.242025801818804
SKNSH_skew	[-0.05,0.05)	dELS	2	938850	938620	229318.72399999996	277311.87559999985	937888	90637.13888417452	2672240.738551771	62045	143583	218242	all	0.09663961889284704	2.839874739699416	0.001740099582264758	0.09322902371160811	0.10005021407408597	0.06615395441673207	2.566492841545938e-4	0.06565092181978906	0.06665698701367508	0.24431476422833517	0.23575692119251496	5.01172605087776e-4	0.24333246592236313	0.24529706253430722
SKNSH_skew	[-0.05,0.05)	dELS	3	355214	355092	81775.67699999998	91071.54663500004	354581	36214.89492797642	1045688.2083483705	24451	60670	99859	all	0.10213433581600938	2.9386581987372526	0.002878835221121766	0.09649181878261072	0.10777685284940804	0.06895744554840784	4.2551768839571905e-4	0.06812343087915224	0.06979146021766344	0.23029433780541375	0.2034381926089246	7.569127142973613e-4	0.22881078888539091	0.2317778867254366
SKNSH_skew	[-0.05,0.05)	dELS	4	202336	202279	43125.458999999995	43086.748032999996	202070	3768.4039452209895	754030.9068598489	13672	36138	61933	all	0.018649002549715393	3.7312038456421623	0.004297081269448563	0.01022672326159621	0.027071281837834575	0.06765972187855694	5.587292487463212e-4	0.06656461255101415	0.06875483120609974	0.21319790487396117	0.16755401243571758	9.101270393947105e-4	0.21141405587674755	0.2149817538711748
SKNSH_skew	[-0.05,0.05)	dELS	5	158194	158157	30851.383	26495.171705000004	158126	-2921.804041956551	568733.811250309	9982	27459	51554	all	-0.018477695268055545	3.5963941378377156	0.004769051343082949	-0.027825035900498125	-0.009130354635612965	0.0631268735059383	6.115695989979589e-4	0.0619281970919023	0.0643255499199743	0.19506808424540173	0.1294737570934321	9.047876543090372e-4	0.19329470044295602	0.19684146804784744
SKNSH_skew	[-0.05,0.05)	dELS	6	245867	245840	44584.455	31811.622369	245729	-36857.927014657645	953769.0008830309	13690	46633	90094	all	-0.14999420912736244	3.858903036163536	0.003962814344636605	-0.1577613252428502	-0.1422270930118747	0.0557117800503807	4.626979727693366e-4	0.0548048920237528	0.056618668077008605	0.18135557679791736	0.09651024782989766	6.265567914486444e-4	0.18012752548667801	0.1825836281091567
SKNSH_skew	[-0.05,0.05)	non-cCRE	0	273884378	273753758	59538225.78700004	73169139.36130302	270813641	-24663957.176988177	302122585.7116424	3839602	5827622	917578	all	-0.09107354077850228	1.1073162777248764	6.39441139664365e-5	-0.0911988712418765	-0.09094821031512806	0.014178022886225291	7.184090858803106e-6	0.014163942068142038	0.014192103704308545	0.21748825010467998	0.21997972002463165	2.834727243797249e-5	0.21743268945070154	0.21754381075865842
SKNSH_skew	[-0.05,0.05)	pELS	0	3783089	3778066	858445.0249999999	1029581.980187	3778844	128510.58599440948	7496226.232755316	159106	566110	255914	all	0.034007909824911926	1.9825792858648195	7.243288782014664e-4	0.03258822522363705	0.0354275944261868	0.042104410766890615	1.0331024749443988e-4	0.04190192268180151	0.04230689885197972	0.2272181123887195	0.2208876030499774	2.4179699599150966e-4	0.22674419027657614	0.22769203450086287
SKNSH_skew	[-0.05,0.05)	pELS	1	924338	923860	191034.87599999993	192068.96400399995	923492	82129.64197647083	2214306.2968649864	52098	248167	136665	all	0.088933788247728	2.3898470008658332	0.0016086756209543974	0.08578078403065739	0.09208679246479862	0.05641413244511052	2.4008669982120604e-4	0.05594356251346095	0.056884702376760084	0.20677903145498228	0.16514095481085025	4.2278961737730067e-4	0.20595036380492276	0.2076076991050418
SKNSH_skew	[-0.05,0.05)	pELS	2	373027	372811	67442.817	50549.70905499999	372722	69462.91502421524	1035178.1893724814	27850	127519	87969	all	0.18636655476257166	2.7426214922573537	0.002712629144931924	0.1810498016385051	0.19168330788663823	0.07472056921780845	4.306892439483168e-4	0.07387641829966975	0.07556472013594716	0.18090350606607636	0.10286490974149624	5.252780651670975e-4	0.17987396105834885	0.18193305107380386
SKNSH_skew	[-0.05,0.05)	pELS	3	235469	235435	39118.853	21996.668990999984	235444	57850.02995692508	708222.5631327082	20185	91717	75960	all	0.24570611252325428	2.94767080423983	0.003538308341045278	0.23877102817480553	0.252641196871703	0.08573163894599141	5.769837671334338e-4	0.08460075076240987	0.08686252712957294	0.16615563956081297	0.06582248507819413	5.287515145666595e-4	0.16511928659226233	0.16719199252936362
SKNSH_skew	[-0.05,0.05)	pELS	4	144640	144631	22917.698999999993	11314.398248999998	144621	32604.74800775502	502432.1995572522	12970	55739	54287	all	0.22544960972303482	3.423326454458484	0.004865287155788388	0.21591364689768958	0.23498557254838007	0.08968268785307805	7.513374367649569e-4	0.08821006647701873	0.09115530922913737	0.15845634061853955	0.053121368527019534	6.06043688823407e-4	0.15726849498844567	0.15964418624863344
SKNSH_skew	[-0.05,0.05)	pELS	5	115960	115937	17718.286	7724.259956	115949	26766.248014135057	471049.7919650189	11255	47368	47708	all	0.23084500956571471	4.009305354004878	0.005880321391322051	0.2193195796387235	0.24237043949270592	0.09706853875410741	8.694270240097675e-4	0.09536446178704827	0.09877261572116655	0.15282684561442852	0.04326896043442684	6.109099538989622e-4	0.15162946210478656	0.1540242291240705
SKNSH_skew	[-0.05,0.05)	pELS	6	165317	165225	24894.152000000002	9508.051584	165191	31995.714003451285	889320.5749167487	17768	67031	75904	all	0.19368920827073682	5.346106606957826	0.0056888648486659935	0.18253903316735148	0.20483938337412216	0.1075603392436634	7.622936845889503e-4	0.10606624362186906	0.10905443486545774	0.15066819185958544	0.03484538998137267	4.5923479336694586e-4	0.1497680916645862	0.15156829205458466
SKNSH_skew	[-0.2,-0.05)	Other cCREs	0	4578286	4574047	2437740.044	4811355.246946	4547942	-620462.0820534602	7876305.081295011	121384	151694	207411	all	-0.1364269997404233	1.7132274365449685	6.137620781735325e-4	-0.13762997341364341	-0.13522402606720318	0.02668987423322461	7.557730922616986e-5	0.026541742707141314	0.026838005759307903	0.5329503706455138	0.7678455325894817	4.097194862739815e-4	0.53214732045241675	0.5337534208386108
SKNSH_skew	[-0.2,-0.05)	Other cCREs	1	197253	197177	106297.69100000002	200955.35772300002	196683	-42030.82095033187	403724.61214523605	5166	10298	21919	all	-0.21369829090634102	2.0070097799633912	0.0031944149698664853	-0.21995934424727934	-0.2074372375654027	0.026265615228565763	3.606040749322012e-4	0.025558831241698648	0.026972399215432877	0.5390978207397416	0.7285394984949161	0.001922199340475103	0.5353303100324104	0.5428653314470727
SKNSH_skew	[-0.2,-0.05)	Other cCREs	2	34066	33995	15853.685000000001	27276.974291000002	33846	-7384.523993915647	71495.3994791707	967	2203	6189	all	-0.2181801097298247	2.0648321236187224	0.007810677368542795	-0.23348903737216858	-0.20287118208748084	0.028570584411747327	9.055480755901061e-4	0.02679571018359072	0.030345458639903934	0.4663534343285778	0.5849136272426471	0.004147996173221022	0.4582233618290646	0.474483506828091
SKNSH_skew	[-0.2,-0.05)	Other cCREs	3	17995	17995	7067.101000000002	11196.922817	17983	-2933.220994835138	42914.56564394152	614	1281	4538	all	-0.1631107709967824	2.3599224616822383	0.011455598787208782	-0.18556374461971162	-0.14065779737385317	0.034143357615525775	0.0013541861781106938	0.03148915270642882	0.03679756252462273	0.3927258127257573	0.4680165518039339	0.0050998180388240845	0.3827301693696621	0.4027214560818525
SKNSH_skew	[-0.2,-0.05)	Other cCREs	4	13711	13706	5249.032	7828.10687	13609	-2480.5840016213488	30826.16967859027	446	1154	3956	all	-0.1822752591389043	2.2320708838094445	0.012806807573133044	-0.20737660198224506	-0.15717391629556354	0.0327724300095525	0.0015261792651739175	0.029781118649811623	0.03576374136929338	0.3829732963665548	0.4245069523696804	0.0055652802626371435	0.372065347051786	0.3938812456813236
SKNSH_skew	[-0.2,-0.05)	Other cCREs	5	10367	10367	3606.1230000000005	4910.226559000001	10348	-1953.70299509482	26431.344678519414	378	817	3266	all	-0.18880005750819676	2.518844635226788	0.01560172002954929	-0.21937942876611335	-0.15822068625028016	0.0365287978353305	0.0018442035301490533	0.032914158916238355	0.04014343675442265	0.3478463393460018	0.3526770088962549	0.00583259773877744	0.336414447777998	0.35927823091400557
SKNSH_skew	[-0.2,-0.05)	Other cCREs	6	14676	14676	4326.749999999999	4560.896546	14651	-3492.897995626438	42291.15648051695	591	1675	5558	all	-0.23840679787225705	2.829926679459742	0.013898052810277332	-0.2656469813804006	-0.2111666143641135	0.040338543444133505	0.001625494477135357	0.037152574268948205	0.043524512619318806	0.2948180703188879	0.22387001432693368	0.0039056571050353644	0.2871629823930186	0.30247315824475723
SKNSH_skew	[-0.2,-0.05)	PLS	0	96792	95870	49493.25500000001	86576.28648299999	96560	14798.514000892408	355266.99900221534	8439	18377	14906	all	0.15325718725033563	3.655785792841204	0.006153068384735944	0.1411971732162532	0.16531720128441807	0.08739643744821872	9.088439410205967e-4	0.08561510332381835	0.0891777715726191	0.5162538333159488	0.6365478294961482	0.002576761109359764	0.5112033815416036	0.5213042850902939
SKNSH_skew	[-0.2,-0.05)	PLS	1	48853	48770	19273.491000000005	27852.557789000002	48853	19826.282985780857	237686.41162873642	6435	14227	14483	all	0.4058355266980709	4.700732859058729	0.009809280790309205	0.38660933634906486	0.4250617170470769	0.13172169569934292	0.0015300742698413972	0.12872275013045378	0.13472064126823205	0.39519153167931115	0.4149323824540708	0.0029168378508350077	0.38947452949167455	0.40090853386694775
SKNSH_skew	[-0.2,-0.05)	PLS	2	34893	34890	10259.440000000004	11083.424415999996	34868	25703.118985220095	199632.52867897355	6228	11820	14245	all	0.7371549554095473	5.182130586214396	0.012191037234134417	0.7132605224306439	0.7610493883884508	0.17861649650108982	0.002051257834512051	0.1745960311454462	0.18263696185673345	0.29405101748351975	0.23120827897586269	0.0025742528710215743	0.28900548185631747	0.29909655311072203
SKNSH_skew	[-0.2,-0.05)	PLS	3	30606	30596	7715.720999999999	6694.836357	30585	22622.83701347048	179105.25900888204	5547	11733	14985	all	0.7396709829481929	5.309044039957219	0.013175100040390278	0.713847786869028	0.7654941790273578	0.18136341343795978	0.0022032621474472997	0.17704501962896307	0.1856818072469565	0.2521807098967185	0.1552240679148548	0.0022524087418523933	0.2477659887626878	0.25659543103074917
SKNSH_skew	[-0.2,-0.05)	PLS	4	27540	27534	6195.758000000001	4377.5919	27520	19038.598995083365	167354.85415910638	4937	11025	14554	all	0.6918095565073897	5.602811491398515	0.01426851547444312	0.6638432661774812	0.7197758468372982	0.1793968023255814	0.00231286208385399	0.17486359264122758	0.1839300120099352	0.2250220817897872	0.10835759040330774	0.001983786887831658	0.22113385948963715	0.22891030408993723
SKNSH_skew	[-0.2,-0.05)	PLS	5	32929	32918	6869.466999999997	4095.8365650000014	32929	20490.99201075139	218011.09338728135	5956	13902	18292	all	0.6222779923699897	6.233600583611561	0.013758789132965313	0.5953107656693777	0.6492452190706017	0.1808740016398919	0.0021211635596558214	0.17671652106296648	0.1850314822168173	0.20868421532292353	0.08087879315910576	0.001567474955902307	0.205611964409355	0.21175646623649205
SKNSH_skew	[-0.2,-0.05)	PLS	6	158003	157959	27653.179	11203.103043000003	157926	63101.69297148404	1000077.1843383241	25194	68134	88751	all	0.3995649416276233	6.172955264015	0.006252011195227707	0.387310999684977	0.4118188835702696	0.1595304129782303	9.214163798401412e-4	0.15772443687374363	0.161336389082717	0.17506554865503074	0.040276428476615486	5.049557109773638e-4	0.17407583546151512	0.17605526184854636
SKNSH_skew	[-0.2,-0.05)	dELS	0	10815794	10812942	5927559.1790000005	11405276.013763001	10797299	-708002.7581787903	26187122.470288735	501608	722662	1217082	all	-0.06557221006649815	2.4210406311562185	4.735256130337875e-4	-0.06650032026804437	-0.06464409986495193	0.046456803687663	6.405267695723035e-5	0.04633126044082683	0.04658234693449917	0.5481911563938844	0.7542666230060635	2.6411344399043275e-4	0.5476734940436632	0.5487088187441056
SKNSH_skew	[-0.2,-0.05)	dELS	1	1798411	1798025	969291.3250000002	1752144.2893049999	1795876	-83746.5900999248	5250479.19102791	104349	208677	393738	all	-0.046632724141268546	2.921458263739965	0.0012754448068841768	-0.04913259596276153	-0.04413285231977556	0.05810479119939239	1.745697914227279e-4	0.05776263440820384	0.058446947990580936	0.5390866784388427	0.6838686516259878	6.167206425563109e-4	0.5378779059794323	0.5402954508982531
SKNSH_skew	[-0.2,-0.05)	dELS	2	460533	460363	228253.40200000006	382297.12252400006	459784	6118.108967735077	1514976.8296059915	32689	74614	142251	all	0.013306485148972294	3.2948051995830046	0.0026769357288416854	0.00805969112044259	0.018553279177501998	0.07109642788787779	3.789939522727506e-4	0.0703535997414232	0.07183925603433237	0.49581178765452494	0.5845973282767759	0.0011268813915542163	0.4936031001270787	0.4980204751819712
SKNSH_skew	[-0.2,-0.05)	dELS	3	184195	184101	81553.45199999998	126987.04787400005	183723	14893.719013405382	648389.168136582	14874	34337	68821	all	0.08106616489718425	3.522614555987355	0.00437875653502909	0.07248380208852724	0.08964852770584127	0.08095883476755768	6.363819344944768e-4	0.0797115261759485	0.08220614335916686	0.4429821239428356	0.49353789512313945	0.001637314766090003	0.4397729870012992	0.446191260884372
SKNSH_skew	[-0.2,-0.05)	dELS	4	105699	105671	42260.77000000001	61043.953590000005	105569	5031.915944088718	410712.0935679494	8367	20483	42887	all	0.04766471164914623	3.888226060410652	0.006068866015327369	0.03576973425910458	0.059559689039187874	0.07925622104973998	8.314150340523596e-4	0.07762664758299735	0.0808857945164826	0.3999277947592056	0.4177410527025079	0.001988271419409617	0.39603078277716275	0.40382480674124843
SKNSH_skew	[-0.2,-0.05)	dELS	5	82006	81986	28505.541000000005	36637.266247	81974	3557.4769621561245	351090.7932761117	6794	15397	35159	all	0.043397625614903804	4.281121920910231	0.007226711781649655	0.02923327052287048	0.057561980706937126	0.0828799375411716	9.629411383175692e-4	0.08099257291006916	0.08476730217227403	0.34768791013099803	0.3259893184064953	0.001994030679068313	0.34377961000002416	0.3515962102619719
SKNSH_skew	[-0.2,-0.05)	dELS	6	130452	130439	39055.83099999999	41417.18405100001	130384	-10833.672027122808	562213.4426308215	9621	26242	60188	all	-0.08309050211009639	4.305110845604041	0.005746190485775435	-0.09435303546221624	-0.07182796875797653	0.07378972880107988	7.240033959349279e-4	0.07237068214504742	0.07520877545711234	0.29941835647314063	0.22787187263134423	0.0013217265999799937	0.29682777233717983	0.30200894060910144
SKNSH_skew	[-0.2,-0.05)	non-cCRE	0	53541340	53504032	27722423.73	55450851.77570001	52789122	-9423160.390443616	74187208.31979106	819597	1506152	394688	all	-0.17850572302459616	1.3734860305993386	1.6130205632879267e-4	-0.1788218750550006	-0.17818957099419172	0.015525869136448225	1.7016016403724154e-5	0.015492517744296925	0.015559220528599526	0.5181370953501224	0.7679203772174196	1.1980221298677076e-4	0.5179022830126684	0.5183719076875765
SKNSH_skew	[-0.2,-0.05)	pELS	0	1202099	1200472	623599.8609999999	1118299.050773	1200295	-103880.26292175813	2790608.4581750976	51011	195024	122810	all	-0.0865456099723469	2.3174472899609984	0.0013895076238807087	-0.0892690449151531	-0.08382217502954072	0.042498719064896544	1.8412535768074317e-4	0.04213783336384229	0.0428596047659508	0.5194622290232508	0.6617090100130288	7.424334089869097e-4	0.5180070595416364	0.5209173985048652
SKNSH_skew	[-0.2,-0.05)	pELS	1	370154	369933	154015.80099999995	234577.374127	369682	16016.782998921695	1056276.0485892384	23964	101915	77578	all	0.04332583950238771	2.8553864224011583	0.0027791903459687193	0.03787862642428902	0.048773052580486406	0.0648232805492288	4.049470073742958e-4	0.06402958441477517	0.06561697668368242	0.41633431188890946	0.46077471426544825	0.00111604776484113	0.41414685826982084	0.4185217655079981
SKNSH_skew	[-0.2,-0.05)	pELS	2	174903	174831	54153.85899999999	64361.486069	174751	41444.622970633565	590801.4279083968	15992	60066	54586	all	0.23716386727763256	3.3245909061334364	0.004361734952549248	0.22861486677063603	0.24571286778462909	0.0915130671641364	6.89748974464705e-4	0.09016115917418559	0.09286497515408722	0.3097497526182427	0.27219208168178693	0.0012477527125799356	0.30730415730158606	0.3121953479348994
SKNSH_skew	[-0.2,-0.05)	pELS	3	118696	118685	29702.617000000002	26473.55577899999	118676	41193.556014979506	423509.157326663	12674	46264	48208	all	0.34710940725150413	3.448160830130371	0.005390292185123064	0.3365444345686629	0.35767437993434537	0.10679497118204186	8.965397119237726e-4	0.10503775334667126	0.10855218901741245	0.25026428782070187	0.16042643902365877	0.001162626063728861	0.2479855407357933	0.2525430349056104
SKNSH_skew	[-0.2,-0.05)	pELS	4	78179	78174	17552.673999999995	13477.833234000002	78176	31067.96901428397	314811.16195368505	9188	30759	35330	all	0.3974105737602841	3.869068405016332	0.007035038547049862	0.38362189820806636	0.41119924931250185	0.11752967662709783	0.001151826596999616	0.11527209649697859	0.11978725675721708	0.224533399851613	0.12199444391660792	0.0012492197985569467	0.2220849290464414	0.2269818706567846
SKNSH_skew	[-0.2,-0.05)	pELS	5	64904	64890	13200.029999999999	8233.60429	64897	26715.122005896184	292216.32576409925	7954	26701	31745	all	0.41165419057731767	4.3333785416449055	0.008171485297957963	0.3956380793933201	0.42767030176131526	0.12256344669245112	0.0012872889272473478	0.12004036039504631	0.12508653298985592	0.20342163661581136	0.0855065201193144	0.0011479176381521473	0.20117171804503314	0.20567155518658958
SKNSH_skew	[-0.2,-0.05)	pELS	6	103081	103048	19532.283	10310.460347000002	103048	45335.49202180549	583595.6472278859	14366	42255	54707	all	0.43994538488670804	5.4698390709222435	0.0072856363590224765	0.425665537623024	0.45422523215039207	0.13941076003415884	0.0010790121120019896	0.13729589629463493	0.14152562377368275	0.18954548365810106	0.06412806116449869	7.888678760457099e-4	0.18799930262105147	0.19109166469515065
SKNSH_skew	[-0.5,-0.2)	Other cCREs	0	816142	815290	469842.0529999999	931900.8294890003	809943	-177702.73981184853	1369997.6760431712	16566	30326	57129	all	-0.21940153790062822	1.6433391793971623	0.001424414469229691	-0.22219339026031842	-0.216609685540938	0.0204532911575259	1.5727762669134882e-4	0.020145027009210857	0.020761555305840944	0.5762882569392485	0.8109227178692126	9.973180423975263e-4	0.5743335135761493	0.5782430003023477
SKNSH_skew	[-0.5,-0.2)	Other cCREs	1	46065	46031	24490.626999999997	45608.083449	45877	-9081.50700618932	105829.42815992364	1404	2619	9031	all	-0.19795337546459707	2.2676718369897784	0.007030603368237167	-0.21173335806634191	-0.18417339286285223	0.030603570416548598	8.041540455520053e-4	0.02902742848726667	0.03217971234583053	0.5320463817861875	0.7077543768406449	0.003921173662895468	0.5243608814069124	0.5397318821654625
SKNSH_skew	[-0.5,-0.2)	Other cCREs	2	9462	9432	4261.917	7206.547547000001	9380	-60.7579995094556	30136.31598408545	558	650	3190	all	-0.006477398668385459	3.2131274581832105	0.018508130692354886	-0.042753334825401036	0.029798537488630115	0.05948827292110874	0.0024422851490023788	0.05470139402906408	0.06427515181315341	0.4518571882951654	0.5599374100978299	0.0077049148949736	0.43675555510101716	0.46695882148931367
SKNSH_skew	[-0.5,-0.2)	Other cCREs	3	4907	4907	2004.4259999999997	3159.981864000001	4901	1357.0499980730237	22790.00730791692	507	375	2322	all	0.2768924705311209	4.574336812513516	0.030550738876357016	0.21701302233346118	0.33677191872878065	0.10344827586206896	0.004350177243426	0.09492192846495401	0.11197462325918392	0.4084829834929692	0.4772131983956631	0.009861618422566422	0.389154211384739	0.4278117556011994
SKNSH_skew	[-0.5,-0.2)	Other cCREs	4	3671	3662	1361.4239999999998	1924.0754539999998	3621	1207.336002123775	16585.49138918052	404	317	1955	all	0.3334261259662455	4.4704237633295065	0.03513662827588169	0.26455833454551736	0.4022939173869736	0.11157138911902789	0.0052320685541881505	0.10131653475281911	0.12182624348523667	0.37177061714909876	0.38730893562371077	0.010284178083281015	0.351613628105868	0.3919276061923295
SKNSH_skew	[-0.5,-0.2)	Other cCREs	5	2826	2826	957.3289999999997	1245.541669	2819	1142.643995186198	16059.946431865032	381	228	1553	all	0.40533664249244344	5.534702253829704	0.044309779952545016	0.3184894737854552	0.49218381119943166	0.13515431003902093	0.006439271321602262	0.12253333824868048	0.14777528182936137	0.33875760792639764	0.3261023670659928	0.010742142194149082	0.3177030092258654	0.35981220662692986
SKNSH_skew	[-0.5,-0.2)	Other cCREs	6	3877	3877	1099.97	1048.623094	3873	1841.211998845567	22945.77844753152	574	471	2269	all	0.4753968496890181	5.700018611485206	0.03836316134769138	0.400205053447543	0.5505886459304932	0.14820552543248128	0.005709207905595267	0.13701547793751456	0.159395572927448	0.2837167913335053	0.1900266086266471	0.007000987598017904	0.2699948556413902	0.2974387270256204
SKNSH_skew	[-0.5,-0.2)	PLS	0	24246	24153	12416.329	21653.352607	24194	7908.229987573694	111049.32839528017	2822	4755	5390	all	0.32686740462815966	4.48329623378826	0.01361271900156984	0.30018647538508275	0.3535483338712366	0.11664048937753162	0.002063666779298856	0.11259570249010586	0.12068527626495737	0.5140698463958928	0.6322661587102157	0.005116399266362089	0.5040417038338231	0.5240979889579626
SKNSH_skew	[-0.5,-0.2)	PLS	1	15256	15236	5773.122	8130.455671999998	15256	11667.36798958527	95105.73006243225	2782	4487	6069	all	0.7647724167268792	5.649482061500839	0.019243496135509255	0.7270551643012811	0.8024896691524773	0.18235448348190875	0.003126226301979337	0.17622707993002926	0.18848188703378824	0.3789132318193752	0.3900848938163743	0.005059925053537091	0.3689957787144425	0.3888306849243079
SKNSH_skew	[-0.5,-0.2)	PLS	2	11938	11936	3313.583000000001	3443.494366999999	11935	14691.924004570354	95739.04428338529	3007	4088	5883	all	1.2309948893649227	6.506901367422604	0.023349409409389562	1.1852300469225192	1.2767597318073263	0.2519480519480519	0.003973838104516555	0.24415932926319947	0.25973677463290434	0.27761251675603227	0.21144551746041015	0.004208911909926001	0.2693630494125773	0.2858619840994872
SKNSH_skew	[-0.5,-0.2)	PLS	3	11105	11102	2819.0319999999992	2605.346767999999	11104	13992.100986943115	92788.91356600112	2928	4398	6333	all	1.2600955499768656	6.76911910092112	0.024690299107943715	1.2117025637252958	1.3084885362284353	0.26368876080691644	0.004181545222268677	0.25549293217126984	0.27188458944256305	0.2539210952981444	0.17021305061521308	0.003915577427094372	0.2462465635410394	0.26159562705524936
SKNSH_skew	[-0.5,-0.2)	PLS	4	10325	10322	2244.6479999999997	1531.527206	10309	13702.937000462554	86399.1220694103	2780	4116	6231	all	1.329220778005874	6.614754898010282	0.025330782649137334	1.2795724440135647	1.3788691119981833	0.26966728101658743	0.004370853367315242	0.26110040841664955	0.2782341536165253	0.2174625072660337	0.1010948962300467	0.0031295557179061447	0.21132857805893765	0.22359643647312974
SKNSH_skew	[-0.5,-0.2)	PLS	5	12741	12739	2444.9909999999995	1315.8745270000004	12741	16065.164989490066	112409.36923504139	3386	5556	7902	all	1.2609029895212358	7.23334024118065	0.023826908063193344	1.2142022497173768	1.3076037293250948	0.265756220076917	0.003913452791530524	0.2580858526055172	0.27342658754831684	0.1919295863097574	0.06646321367867172	0.002284141474339882	0.18745266902005123	0.19640650359946357
SKNSH_skew	[-0.5,-0.2)	PLS	6	68567	68551	11476.999000000002	4318.481540999999	68534	77392.59502061945	625533.1078159028	18028	29715	41448	all	1.1292583975927197	7.852229874328801	0.01070393498195633	1.1082786850280852	1.1502381101573542	0.26305191583739457	0.0016818456704086864	0.25975549832339356	0.26634833335139557	0.16742278011991074	0.034966746330949136	7.142014279990873e-4	0.16602294532103254	0.16882261491878894
SKNSH_skew	[-0.5,-0.2)	dELS	0	1985819	1985001	1149778.938	2232934.269488001	1981513	-230825.8980247486	4947409.453388867	88717	145855	340838	all	-0.11648972175542054	2.4832151451790447	0.0011194603377237965	-0.11868386401735918	-0.11429557949348189	0.044772353247240874	1.4691290271095508e-4	0.0444844039579274	0.045060302536554346	0.5792334301091032	0.7893923785204325	6.306176177123466e-4	0.577997419578387	0.5804694406398194
SKNSH_skew	[-0.5,-0.2)	dELS	1	410926	410806	219339.31600000005	395244.4901759999	410110	-6881.971013376735	1271151.318469696	26112	49800	127037	all	-0.016780792990604313	3.0992634483484958	0.002749027394158095	-0.022168886683154178	-0.011392699298054448	0.0636707224890883	3.8127120856167593e-4	0.06292343092030742	0.06441801405786918	0.5339243243769567	0.6770460293117075	0.001283780304948669	0.5314081149792573	0.5364405337746561
SKNSH_skew	[-0.5,-0.2)	dELS	2	125387	125331	59781.19399999999	99565.50799799999	125030	16885.762980785457	472915.6905011516	10886	20316	52476	all	0.13505369096045314	3.7642083507499313	0.005486933684681912	0.12429930093847659	0.1458080809824297	0.08706710389506518	7.973323078873203e-4	0.08550433257160603	0.08862987521852433	0.4769864917697935	0.5669088486246754	0.0021268034955879635	0.4728179569184411	0.48115502662114595
SKNSH_skew	[-0.5,-0.2)	dELS	3	55848	55814	24370.458999999988	38038.72957899999	55648	15596.152987438489	244918.08827187217	6046	10465	27636	all	0.280264393822572	4.322731538247949	0.008813620613630752	0.26298969741985573	0.2975390902252883	0.10864721104082806	0.0013191959974186312	0.10606158688588754	0.11123283519576857	0.43663702655247766	0.49088357238494484	0.0029656348408739156	0.43082438226436476	0.44244967084059056
SKNSH_skew	[-0.5,-0.2)	dELS	4	32923	32919	12915.944000000001	18375.685018	32886	12008.570985248778	168422.7760161272	4113	6609	17879	all	0.36515754379519483	4.988224288601597	0.01231593704083242	0.3410183071951633	0.38929678039522636	0.12506841817186645	0.0018241281646377147	0.12149312696917654	0.12864370937455638	0.39235529633342453	0.4042786919756389	0.003504427736494194	0.3854866179698959	0.39922397469695314
SKNSH_skew	[-0.5,-0.2)	dELS	5	25878	25867	8681.837	10820.623205000004	25866	12738.692957292893	147936.66295773044	3771	5061	14941	all	0.4924879361823588	5.477015671893776	0.014551486314415593	0.46396702300610426	0.5210088493586134	0.14578983994432845	0.002194226012460352	0.14148915695990616	0.15009052292875075	0.33563370317392816	0.3056795060054735	0.0034376379085026714	0.3288959328732629	0.3423714734745934
SKNSH_skew	[-0.5,-0.2)	dELS	6	39756	39748	11232.599	11162.633592999999	39730	20820.33096897195	272881.86156454985	6491	8358	23959	all	0.5240455819021382	6.593950492247975	0.01288289771040516	0.4987951023897441	0.5492960614145324	0.16337780015101938	0.0018548206902076478	0.1597423515982124	0.16701324870382636	0.2825953255509711	0.20098003929382055	0.002248634257789589	0.2781880024057035	0.2870026486962387
SKNSH_skew	[-0.5,-0.2)	non-cCRE	0	6578404	6566660	4330229.148000001	8756771.892153999	6487333	-2003378.0764236492	10194804.959266283	79541	241083	91853	all	-0.30881381862525775	1.476128264336675	4.770116132305625e-4	-0.30974876138718965	-0.30787887586332585	0.01226097072556627	4.320663454415098e-5	0.012176285721859734	0.012345655729272806	0.6594264280471352	0.8986768389317564	3.6993848122712623e-4	0.65870134862393	0.6601515074703405
SKNSH_skew	[-0.5,-0.2)	pELS	0	220320	219990	121755.355	220068.954727	219912	-22400.81900354592	555184.8691115394	10052	37431	34477	all	-0.10186264962142093	2.5142128512632307	0.003381244350584268	-0.10848988854856609	-0.09523541069427577	0.0457091927680163	4.4536663849967077e-4	0.04483627415655694	0.046582111379475655	0.5534585890267739	0.6940456465652649	0.0017762027877785418	0.5499772315627279	0.5569399464908199
SKNSH_skew	[-0.5,-0.2)	pELS	1	80424	80348	33498.054000000004	51057.847502	80303	12766.794019332972	275986.1494266176	6880	21900	23886	all	0.1589827779701004	3.41157691025942	0.006517960108093921	0.14620757615823632	0.1717579797819645	0.08567550402849208	9.876717376812714e-4	0.08373966742263679	0.08761134063434738	0.4169121073331011	0.46164888816386396	0.002397001807509677	0.4122139837903821	0.42161023087582006
SKNSH_skew	[-0.5,-0.2)	pELS	2	42818	42795	13114.111	15604.141369000003	42760	18979.391009198043	183537.29486445038	5315	14508	17455	all	0.4438585362300759	4.095351391580006	0.00978648505816734	0.4246770255160679	0.46304004694408385	0.12429840972871843	0.0015954823606759237	0.12117126430179362	0.12742555515564324	0.30644026171281696	0.27072603079938945	0.002515176650525421	0.3015105154777871	0.3113700079478468
SKNSH_skew	[-0.5,-0.2)	pELS	3	30761	30759	7700.424999999999	7126.231601000001	30753	20039.473004564992	151772.524055092	4803	11826	15269	all	0.6516266056828599	4.510739798434379	0.01211100389142725	0.6278890380556625	0.6753641733100573	0.15617988488927909	0.002070111519403932	0.15212246631124737	0.1602373034673108	0.2503470528950876	0.16901140829086245	0.002344077165209595	0.24575266165127677	0.25494144413889835
SKNSH_skew	[-0.5,-0.2)	pELS	4	22405	22401	5040.040999999998	3929.8281149999993	22404	16475.619001651416	125862.31355177131	3823	8977	12335	all	0.7353873862547499	5.077282112092925	0.015054033062556114	0.7058814814521399	0.7648932910573598	0.17063917157650418	0.0025133232262359475	0.16571305805308173	0.17556528509992664	0.22499178608097845	0.12481519145038568	0.0023604783450640755	0.22036524852465286	0.22961832363730403
SKNSH_skew	[-0.5,-0.2)	pELS	5	20067	20065	4038.0200000000004	2548.334072	20067	16964.81199874822	133212.43178556673	3852	8410	11507	all	0.8454084815243046	5.92396271475928	0.017181652568025	0.8117324424909755	0.8790845205576336	0.1919569442368067	0.0027802121677699392	0.18650772838797763	0.19740616008563577	0.20124694742088214	0.08650791833012009	0.002076387227558964	0.19717722845486657	0.20531666638689772
SKNSH_skew	[-0.5,-0.2)	pELS	6	36487	36478	6584.051000000001	3042.6712709999997	36475	38383.04200934293	290733.7082313118	8335	15025	22326	all	1.0523109529634798	6.863596334836401	0.013717602580536569	1.0254244519056281	1.0791974540213314	0.2285126799177519	0.0021984768547174066	0.2242036652825058	0.232821694552998	0.18049374965732773	0.050834531844036544	0.001180494327789327	0.17817998077486064	0.18280751853979482
SKNSH_skew	[-1.0,-0.5)	Other cCREs	0	207221	207095	139473.07300000003	287503.26593900006	205761	-55629.280932352536	351220.7714997447	3589	7750	20114	all	-0.2703587216836647	1.633849680300799	0.0028178931269062105	-0.2758817922124009	-0.2648356511549285	0.017442566861552967	2.8860419533201015e-4	0.01687690263870223	0.018008231084403706	0.673473879137594	0.9347049862885897	0.00212447914865055	0.669309900006239	0.6776378582689491
SKNSH_skew	[-1.0,-0.5)	Other cCREs	1	13397	13389	8073.954999999999	15517.725179	13351	-2992.121001847206	30116.950719453296	387	790	3254	all	-0.2241121265708341	2.2057213572113907	0.012853411931395328	-0.24930481395636894	-0.19891943918529925	0.028986592764586924	0.0014519588220671831	0.026140753473335245	0.031832432055838605	0.6030289790126222	0.7954060605584212	0.0077076214572187	0.5879220409564736	0.6181359170687708
SKNSH_skew	[-1.0,-0.5)	Other cCREs	2	2797	2793	1412.784	2432.1720379999997	2779	94.14700107544198	9716.101860449957	194	178	1133	all	0.03387801406097228	3.4963687354297064	0.03547025744934401	-0.03564369053974198	0.10339971866168654	0.06980928391507736	0.004833907309373822	0.06033482558870467	0.07928374224145004	0.5058302900107412	0.6151658658873441	0.014840913946812964	0.4767420986749878	0.5349184813464946
SKNSH_skew	[-1.0,-0.5)	Other cCREs	3	1598	1598	649.2269999999995	981.3678370000001	1597	1055.2909979909896	11454.459970155362	243	103	946	all	0.6607958659931056	6.740055163698733	0.06496497377024425	0.5334645174034268	0.7881272145827843	0.15216030056355667	0.008987835078390466	0.13454414380991137	0.16977645731720198	0.40627471839799717	0.4493445963673286	0.016768776418026977	0.3734079166186643	0.43914152017733005
SKNSH_skew	[-1.0,-0.5)	Other cCREs	4	1223	1216	495.9239999999999	714.1240640000002	1212	947.4329989438412	8931.164877873509	209	82	805	all	0.7817103951681859	6.7634571873441285	0.0747021433466334	0.6352941942087844	0.9281265961275873	0.17244224422442245	0.010850997909702082	0.15117428832140636	0.19371020012743853	0.4078322368421052	0.42129240310807903	0.0186133706873704	0.3713500302948592	0.44431444338935117
SKNSH_skew	[-1.0,-0.5)	Other cCREs	5	858	858	313.4609999999999	420.0781329999999	855	1002.267000919441	8985.094509015486	199	68	600	all	1.1722421063385275	9.14542731703054	0.10342343167169213	0.9695321802620109	1.3749520324150442	0.2327485380116959	0.01445204435507548	0.20442253107574795	0.2610745449476438	0.36533916083916074	0.3565444040889099	0.020385115121542556	0.32538433520093735	0.4052939864773841
SKNSH_skew	[-1.0,-0.5)	Other cCREs	6	1271	1271	395.132	385.25310199999996	1270	1887.289001760655	14907.367457247348	379	130	944	all	1.486054332095004	9.53723676931889	0.08665815167329728	1.3162043548153413	1.6559043093746666	0.2984251968503937	0.012839640842206155	0.27325950079966965	0.32359089290111775	0.31088276947285604	0.2066247019942137	0.012750239564994964	0.2858922999254659	0.3358732390202462
SKNSH_skew	[-1.0,-0.5)	PLS	0	7500	7490	4371.366	7932.050732000001	7484	3969.3039930968075	44266.66809224637	1065	1415	2035	all	0.530371992663924	5.63429913456351	0.027438038486401098	0.47659343723057784	0.5841505480972702	0.14230358097274184	0.0040383859613107205	0.13438834448857284	0.15021881745691085	0.5836269692923899	0.7184942771734816	0.009794240134361807	0.5644302586290407	0.602823679955739
SKNSH_skew	[-1.0,-0.5)	PLS	1	5005	4999	2306.1550000000007	3614.1165809999993	5005	5633.767997146352	45146.48805008604	1171	1453	2375	all	1.1256279714578126	7.7547884108301846	0.03936252372361489	1.0484774249595274	1.2027785179560977	0.23396603396603396	0.005984093616149473	0.222237210478381	0.24569485745368694	0.4613232646529307	0.5102508258512044	0.010102998529451446	0.44152138753520587	0.4811251417706556
SKNSH_skew	[-1.0,-0.5)	PLS	2	3650	3650	1159.669	1336.1262790000003	3650	6261.189993667767	41157.324744419	1188	1280	1968	all	1.715394518813087	8.33568477611235	0.04778858915818096	1.6217288840630524	1.8090601535631217	0.3254794520547945	0.007755556176145196	0.31027856194954995	0.34068034216003906	0.3177175342465754	0.26519021753297023	0.008523781679432081	0.3010109221548885	0.3344241463382623
SKNSH_skew	[-1.0,-0.5)	PLS	3	3655	3655	989.8990000000002	953.5674569999996	3653	6779.124001779244	45057.99141790292	1272	1443	2193	all	1.85576895750869	8.89307325747506	0.049340221956641506	1.7590621224736727	1.9524757925437073	0.3482069531891596	0.007882223498932832	0.33275779513125125	0.363656111247068	0.27083419972640227	0.1875941306855593	0.007164170821024622	0.256792424917194	0.28487597453561053
SKNSH_skew	[-1.0,-0.5)	PLS	4	3327	3326	780.1389999999998	619.945051	3316	6852.977982320474	43070.250761438	1275	1414	2210	all	2.066639922292061	8.720245211639822	0.05128107111220381	1.9661290229121413	2.16715082167198	0.38449939686369117	0.008448017638062336	0.367941282293089	0.40105751143429336	0.2345577269993986	0.1314157655387718	0.006285829722741366	0.22223750074282553	0.2468779532559717
SKNSH_skew	[-1.0,-0.5)	PLS	5	3949	3948	784.8439999999999	473.1818699999999	3949	8552.436993258074	56317.56036448827	1594	1789	2599	all	2.165722206446714	9.573292210980975	0.049236490643464983	2.0692186847855227	2.2622257281079055	0.40364649278298304	0.00780744464328334	0.3883439012821477	0.4189490842838184	0.19879533941236066	0.08035433003147838	0.004511449186995072	0.18995289900585033	0.207637779818871
SKNSH_skew	[-1.0,-0.5)	PLS	6	25654	25654	4179.582	1488.4672619999997	25643	55935.78601667599	367014.7377790712	10525	11312	16873	all	2.1813276924180474	9.554654814122365	0.01930292328460971	2.1434939627802123	2.2191614220558824	0.4104433958585189	0.0030718851480316233	0.40442250096837695	0.41646429074866087	0.1629212598425197	0.03147875480235768	0.0011077231376629244	0.16075012249270038	0.16509239719233904
SKNSH_skew	[-1.0,-0.5)	dELS	0	492876	492776	331378.605	668985.6335310001	491847	-73840.44002019336	1305796.5158135775	22420	37273	115381	all	-0.15012888158348706	2.6323502338897	0.0023134324467056922	-0.1546632091790302	-0.1455945539879439	0.045583280979654243	2.9741084206046775e-4	0.04500035572921573	0.04616620623009276	0.6724731013685731	0.9053674299618666	0.001355462976117219	0.6698163939353833	0.6751298088017629
SKNSH_skew	[-1.0,-0.5)	dELS	1	117359	117338	70373.395	131565.013905	117144	851.5369713285477	392963.6303803308	8275	14033	45921	all	0.007269147129418047	3.3545106445353117	0.005351241641358363	-0.003219286487644344	0.01775758074648044	0.07063955473605135	7.486107238070251e-4	0.06917227771738958	0.07210683175471312	0.5997493991716238	0.7615552855116683	0.002547600805814483	0.5947561015922275	0.6047426967510202
SKNSH_skew	[-1.0,-0.5)	dELS	2	39716	39698	20651.832999999995	35459.562965	39600	8693.321993977534	174337.68545237448	4091	6314	19888	all	0.21952833318125084	4.354384074477353	0.010486142941994122	0.19897549301494236	0.24008117334755932	0.10330808080808081	0.0015294707710811976	0.10031031809676166	0.10630584351939995	0.5202235125195223	0.6226161639865334	0.003960279903919624	0.5124613639078398	0.5279856611312047
SKNSH_skew	[-1.0,-0.5)	dELS	3	18455	18454	8693.782	13888.378346000003	18421	9020.22299389378	106609.96981454678	2665	3379	10704	all	0.48967064729894033	5.547938728683281	0.017354384955942034	0.455656052785294	0.5236852418125867	0.14467184191954835	0.0025918018105802894	0.13959191037081098	0.14975177346828572	0.4711055597702395	0.5306827784300423	0.005362560920957132	0.4605949403651635	0.48161617917531546
SKNSH_skew	[-1.0,-0.5)	dELS	4	11473	11472	4833.343000000001	7112.548190999999	11456	8566.316986667925	81148.25541702533	2124	2311	7129	all	0.7477581168529963	6.524899376578673	0.023865492814044643	0.7009817509374688	0.7945344827685238	0.1854050279329609	0.0036309069041721405	0.1782884504007835	0.1925216054651383	0.421316509762901	0.44252296990262824	0.006210811379370454	0.4091433194593349	0.43348970006646714
SKNSH_skew	[-1.0,-0.5)	dELS	5	8666	8665	3192.903	4129.676813	8659	8580.706984231367	74808.36527508705	1870	1622	5717	all	0.9909581919657428	7.6582632705249845	0.029739336588490383	0.9326690922523015	1.049247291679184	0.21596027254879316	0.0044220342107156516	0.20729308549579048	0.22462745960179584	0.3684827466820542	0.34085262530824434	0.006271898741743776	0.35618982514823644	0.380775668215872
SKNSH_skew	[-1.0,-0.5)	dELS	6	13295	13294	3967.218	3974.414414	13286	17764.60200202069	154994.96277696764	3703	2809	9381	all	1.3370918261343285	9.878965648892454	0.0272683345478217	1.283645890420598	1.390537761848059	0.2787144362486828	0.0038898802156843533	0.27109027102594146	0.28633860147142415	0.298421693997292	0.20992330534743484	0.003973767840736449	0.29063310902944856	0.3062102789651355
SKNSH_skew	[-1.0,-0.5)	non-cCRE	0	1222286	1220503	965227.591	2052359.711795	1207474	-442305.6943390966	2052872.577895855	13744	51829	24614	all	-0.3663065990150484	1.565958893720614	0.0011388100334065107	-0.36853866668052515	-0.3640745313495717	0.011382439704705857	9.653681036337349e-5	0.011193227556393645	0.01157165185301807	0.79084409542623	1.0561352383774592	9.302299990881436e-4	0.7890208446280172	0.7926673462244428
SKNSH_skew	[-1.0,-0.5)	pELS	0	51843	51770	33488.412	63159.084206	51730	-5749.135996241818	146971.11634170538	2667	8839	11172	all	-0.11113736702574557	2.8288227590792423	0.007394888490005128	-0.12563134846615562	-0.09664338558533553	0.05155615696887686	9.722430341462566e-4	0.049650560621950196	0.05346175331580352	0.6468690747537184	0.801569783472516	0.003934880849411259	0.6391567082888723	0.6545814412185644
SKNSH_skew	[-1.0,-0.5)	pELS	1	20328	20303	10046.993	16362.472647000006	20296	4123.921002133633	82408.2806642299	1960	5332	7332	all	0.20318885505191334	4.019233598299179	0.014072342510180955	0.17560706373195867	0.230770646371868	0.09657075285770596	0.0020733119674324154	0.09250706140153843	0.10063444431387349	0.4948526326158696	0.5610625411819916	0.005256849333548358	0.4845492079221148	0.5051560573096243
SKNSH_skew	[-1.0,-0.5)	pELS	2	11397	11394	4164.523000000001	5584.110526999998	11362	7080.552987725823	64311.07679943052	1787	3810	5435	all	0.6231784006095602	5.272302536141916	0.02154134265593352	0.5809573690039305	0.6653994322151899	0.15727864812533005	0.003415462254564799	0.15058434210638305	0.16397295414427704	0.3655014042478498	0.35653221473514696	0.0055938559817156975	0.35453744652368707	0.3764653619720126
SKNSH_skew	[-1.0,-0.5)	pELS	3	8004	8002	2262.3439999999996	2378.372169999999	8002	7270.837015080033	53461.56277498208	1576	3054	4462	all	0.9086274700174998	5.856153047501602	0.027052470717010797	0.8556046274121586	0.961650312622841	0.19695076230942266	0.00444580742284062	0.18823697976065504	0.20566454485819027	0.2827223194201449	0.21731746369125746	0.005211323583125037	0.27250812519721984	0.29293651364307
SKNSH_skew	[-1.0,-0.5)	pELS	4	6098	6098	1482.6920000000007	1303.7184039999995	6098	6344.171996160529	45956.73742289197	1334	2444	3630	all	1.0403693007806705	6.455052589669367	0.03253540239388984	0.9765999120886464	1.1041386894726946	0.21876024926205312	0.005293984447999491	0.20838403974397413	0.2291364587801321	0.24314398163332251	0.15470079835724537	0.005036775194017962	0.2332719022530473	0.2530160610135977
SKNSH_skew	[-1.0,-0.5)	pELS	5	5797	5796	1224.7580000000005	829.4253699999998	5797	7474.35899574135	51139.71894547755	1508	2470	3603	all	1.2893494903814644	7.160569010246777	0.035145693486024074	1.2204639311488572	1.3582350496140716	0.2601345523546662	0.005762006492928293	0.24884101962852676	0.2714280850808057	0.21131090407177372	0.09846775664380711	0.0041217612637173195	0.20323225199488779	0.21938955614865965
SKNSH_skew	[-1.0,-0.5)	pELS	6	11594	11593	2080.362	946.170506	11590	20212.484001518693	140312.52929103206	3865	5013	7618	all	1.7439589302432004	9.065733653825673	0.027967893668590912	1.6891418586527622	1.7987760018336385	0.33347713546160485	0.004379240930694556	0.32489382323744354	0.34206044768576616	0.17944984042094367	0.0494176912596795	0.00206463510774983	0.175403155609754	0.18349652523213333
SKNSH_skew	[-1.5,-1.0)	Other cCREs	0	43174	43163	30806.142	65536.349834	42787	-11797.385991178337	71516.099765078965	700	1693	5074	all	-0.2757236074316577	1.595458372863263	0.006106422086589478	-0.2876921947213731	-0.2637550201419423	0.016360109379016993	6.132749833138966e-4	0.015158090411721755	0.01756212834631223	0.7137164237888932	1.0089778123123854	0.004834872178173233	0.7042400743196737	0.7231927732581127
SKNSH_skew	[-1.5,-1.0)	Other cCREs	1	3091	3091	2146.6449999999995	4414.628534999999	3074	-783.6459982938834	6514.443989810438	69	165	872	all	-0.25492713021922037	2.0548881758404174	0.025854858482883776	-0.30560265284567256	-0.20425160759276817	0.022446324007807418	0.002671720290825477	0.017209752237789484	0.027682895777825352	0.694482368165642	0.9462205280870759	0.01749631867816648	0.6601895835564358	0.7287751527748483
SKNSH_skew	[-1.5,-1.0)	Other cCREs	2	536	535	278.264	498.5000840000002	534	-122.3939992953092	1074.7346138576731	10	37	202	all	-0.22920224587136553	1.9637554115159659	0.060641937558540034	-0.348060443486104	-0.11034404825662707	0.018726591760299626	0.005866158024214933	0.0072289220328383575	0.030224261487760896	0.5201196261682243	0.6624897309811336	0.035189466642470704	0.4511482715489817	0.5890909807874668
SKNSH_skew	[-1.5,-1.0)	Other cCREs	3	226	226	104.65200000000002	186.46259599999993	226	16.38599882740524	612.2947602887527	17	17	103	all	0.07250441959028867	2.716029790908287	0.10962586799301755	-0.14236228167602571	0.28737112085660305	0.0752212389380531	0.017544255564759127	0.04083449803112522	0.109607979844981	0.46306194690265495	0.6133432761455258	0.0520951850129057	0.3609553842773598	0.5651685095279502
SKNSH_skew	[-1.5,-1.0)	Other cCREs	4	128	128	49.062999999999995	60.471357000000005	128	-8.561999902129177	587.1734298090668	11	16	68	all	-0.0668906242353842	4.618903246385118	0.1899610002405329	-0.4392141847068286	0.30543293623606027	0.0859375	0.024772755652276997	0.03738289892153709	0.1344921010784629	0.38330468749999996	0.3280730639148623	0.05062677959178188	0.2840761995001075	0.48253317549989244
SKNSH_skew	[-1.5,-1.0)	Other cCREs	5	92	92	32.178000000000004	42.24685399999999	88	19.16099979146386	212.5500459394878	7	3	64	all	0.21773863399390747	2.3951489197578955	0.1649775783580459	-0.10561741958786253	0.5410946875756775	0.07954545454545454	0.028844799280453953	0.023009647955764795	0.1360812611351443	0.34976086956521746	0.3405741619684662	0.06084318421051476	0.23050822851260855	0.46901351061782637
SKNSH_skew	[-1.5,-1.0)	Other cCREs	6	91	91	35.68	41.393526	91	59.195000227540724	385.7876445396737	10	14	62	all	0.650494507994953	3.8586846887877604	0.2059201992234301	0.24689091751703002	1.054098098472876	0.10989010989010989	0.03278539503948441	0.04563073561272045	0.1741494841674993	0.3920879120879121	0.3044869921855922	0.05784471370089384	0.27871227323416015	0.5054635509416641
SKNSH_skew	[-1.5,-1.0)	PLS	0	1957	1954	1366.352	2641.743396	1952	1374.3499997640033	12903.098705757511	328	343	616	all	0.7040727457807394	6.1176095990568475	0.05598233034621047	0.5943473783021669	0.813798113259312	0.1680327868852459	0.008462724723292441	0.1514458464275927	0.18461972734289908	0.6992589559877176	0.8634457362868766	0.021021090645777934	0.6580576183219928	0.7404602936534423
SKNSH_skew	[-1.5,-1.0)	PLS	1	1231	1230	628.9760000000001	1040.3595259999997	1231	1623.3419939406451	12930.930266172307	314	364	672	all	1.3187181104310683	8.772520145804469	0.08441763103988073	1.153259553592902	1.4841766672692347	0.2550771730300569	0.012424027742095299	0.23072607865555012	0.27942826740456367	0.5113626016260163	0.5848044933113705	0.021804834499950233	0.4686251260061139	0.5541000772459188
SKNSH_skew	[-1.5,-1.0)	PLS	2	882	882	322.74499999999995	424.67450500000007	882	1783.9289909601216	13325.77328520584	321	299	516	all	2.022595227845943	11.030200932206437	0.11182976682678622	1.803408884865442	2.241781570826444	0.36394557823129253	0.01620059887744078	0.3321924044315086	0.39569875203107646	0.3659240362811791	0.34798450841138584	0.019863037506127435	0.3269924827691693	0.40485558979318886
SKNSH_skew	[-1.5,-1.0)	PLS	3	757	756	239.19300000000004	292.567451	756	1686.7580023570922	11652.362420744581	281	300	494	all	2.2311613787792224	10.448918027203502	0.11756411077281866	2.0007357216644976	2.461587035893947	0.3716931216931217	0.017575887800705677	0.33724438160373854	0.40614186178250483	0.3163928571428572	0.28726952890255436	0.019493233424498952	0.2781861196308393	0.3545995946548751
SKNSH_skew	[-1.5,-1.0)	PLS	4	838	838	242.21899999999997	239.640105	838	2160.1509986380115	13623.627343061915	380	375	569	all	2.577745821763737	9.624022857758682	0.10716582547654838	2.367700803829702	2.7877908396977715	0.45346062052505964	0.017197230384150407	0.41975404897212487	0.4871671920779944	0.28904415274463	0.20266203030627059	0.015551209973194835	0.25856378119716816	0.3195245242920919
SKNSH_skew	[-1.5,-1.0)	PLS	5	1005	1005	227.60500000000005	159.560673	1005	2633.3289977879035	16954.170810184085	458	512	663	all	2.620227858495426	10.014192041430656	0.09982169198364785	2.4245773422074763	2.815878374783376	0.4557213930348259	0.015710040677059032	0.42492971330779017	0.4865130727618616	0.22647263681592045	0.10758403236804026	0.01034643844160447	0.20619361747037568	0.24675165616146522
SKNSH_skew	[-1.5,-1.0)	PLS	6	7698	7698	1287.0089999999998	465.505847	7694	24010.24900388753	153623.37651414803	4196	3504	5436	all	3.1206458284231258	10.229545446609373	0.03646297310162171	3.0491784011439473	3.192113255702304	0.545360020795425	0.005676744781286051	0.5342336010241043	0.5564864405667457	0.16718745128604828	0.032523592634506215	0.002055466026586631	0.16315873787393848	0.1712161646981581
SKNSH_skew	[-1.5,-1.0)	dELS	0	98454	98443	72931.33700000001	153999.352895	98245	-15066.69498728298	264536.7467956117	4565	7598	28859	all	-0.15335838961049397	2.6691313740850275	0.005212304110859118	-0.16357450566777784	-0.1431422735532101	0.0464654689806097	6.715496799948026e-4	0.04514923160781989	0.04778170635339951	0.7408483792651587	1.0155044603005718	0.0032118000280493626	0.7345532512101819	0.7471435073201355
SKNSH_skew	[-1.5,-1.0)	dELS	1	26418	26415	16798.8	32591.688063999998	26378	2412.680997684366	94237.63565222817	2131	3136	12483	all	0.09146565310805846	3.5643537251785107	0.011624371109185832	0.06868188573405423	0.11424942048206269	0.08078701948593525	0.001677868555820194	0.07749839711652767	0.08407564185534283	0.6359568427030097	0.8294228914515287	0.005603542900025469	0.6249738986189598	0.6469397867870595
SKNSH_skew	[-1.5,-1.0)	dELS	2	9489	9484	5302.213000000002	9580.612705000001	9473	2961.2919986733473	43241.85352876157	1085	1447	5361	all	0.31260339899433626	4.467498266951177	0.021716429765304825	0.2700391966543388	0.3551676013343337	0.11453604982582076	0.0032719960749979277	0.10812293751882482	0.1209491621328167	0.5590692745676932	0.6977020277851532	0.008577075242520224	0.5422582070923535	0.5758803420430328
SKNSH_skew	[-1.5,-1.0)	dELS	3	4428	4426	2095.926	3511.047608	4420	2704.2330014365725	25819.713100870908	698	805	2810	all	0.611817421139496	5.4684807059904195	0.03517403629681412	0.5428763099977403	0.6807585322812517	0.1579185520361991	0.005485074007572699	0.1471678069813566	0.1686692970910416	0.47354857659286037	0.5691581545889339	0.011339940516768334	0.45132229317999445	0.4957748600057263
SKNSH_skew	[-1.5,-1.0)	dELS	4	2494	2494	1089.6800000000003	1717.394132	2490	1898.2760040205908	17372.85724482266	468	529	1613	all	0.7623598409721248	6.3984282251009725	0.0506917142104978	0.6630040811195491	0.8617156008247006	0.18795180722891566	0.007829147614190141	0.17260667790510298	0.20329693655272835	0.4369206094627106	0.49791034186950395	0.014129518060475122	0.40922675406417935	0.46461446486124186
SKNSH_skew	[-1.5,-1.0)	dELS	5	1684	1684	705.7379999999999	1045.9494859999998	1684	1565.3309969846161	13791.915067718726	360	334	1109	all	0.9295314708934775	7.330297470978291	0.06597657339482686	0.8002173870396169	1.058845554747338	0.21377672209026127	0.009990382405456124	0.19419557257556727	0.23335787160495527	0.41908432304038	0.4457431693559881	0.016269391305202482	0.38719631608218313	0.4509723299985769
SKNSH_skew	[-1.5,-1.0)	dELS	6	2009	2009	679.152	734.8368359999998	2009	1840.7029997364154	16809.378597813313	431	485	1278	all	0.9162284717453536	7.531311803499865	0.061227333464033126	0.7962228981558487	1.0362340453348584	0.2145345943255351	0.009158455285531492	0.19658402196589336	0.23248516668517683	0.3380547536087606	0.25161667030732215	0.011191279366155153	0.3161198460510965	0.35998966116642467
SKNSH_skew	[-1.5,-1.0)	non-cCRE	0	231877	231750	209694.16700000002	465601.5165689999	229539	-84996.34983586486	380575.59789972333	2310	10435	5084	all	-0.370291540155986	1.520890521880316	0.002574072258203293	-0.37533672178206445	-0.3652463585299075	0.010063649314495576	2.0833063645272609e-4	0.009655321267048234	0.010471977361942919	0.9048291995685006	1.1903572886537004	0.002266359477236371	0.9003871349931173	0.9092712641438839
SKNSH_skew	[-1.5,-1.0)	pELS	0	9782	9754	7188.956000000001	14311.125442	9759	-887.2869923759729	30382.907317577683	563	1651	2569	all	-0.09091986805779002	3.1053735705371452	0.017838333012307278	-0.12588300076191228	-0.05595673535366776	0.0576903371247054	0.0023601831295201933	0.05306437819084582	0.06231629605856498	0.7370264506868978	0.9240925578976441	0.009733440103766143	0.7179489080835161	0.7561039932902794
SKNSH_skew	[-1.5,-1.0)	pELS	1	3954	3953	2141.191	3675.836279	3944	1059.3609987192322	17809.365473143913	459	971	1759	all	0.2686006589044706	4.444539794793363	0.03356950569603017	0.20280442774025148	0.3343968900686897	0.11637931034482758	0.005106253535567482	0.10637105341511532	0.12638756727453984	0.5416622818112825	0.636648248012707	0.012690723061038222	0.5167884646116476	0.5665360990109174
SKNSH_skew	[-1.5,-1.0)	pELS	2	2159	2159	861.8020000000002	1279.5975620000002	2155	1768.3710033615348	14643.885100910184	402	696	1134	all	0.8205897927431716	6.124780829047682	0.05331159043521496	0.7160990754901503	0.9250805099961928	0.1865429234338747	0.008391373903382317	0.17009583058324537	0.20299001628450405	0.39916720704029657	0.433547017904661	0.014170715550228708	0.3713926045618483	0.42694180951874483
SKNSH_skew	[-1.5,-1.0)	pELS	3	1568	1568	538.768	695.4264040000004	1568	1893.3729990452994	13798.56275593116	396	607	926	all	1.2075082902074614	7.346712931160815	0.06845000843737749	1.0733462736702015	1.3416703067447213	0.25255102040816324	0.010972164528973604	0.23104557793137498	0.2740564628849515	0.34360204081632656	0.32565706424599217	0.014411434843155466	0.3153556285237418	0.3718484531089113
SKNSH_skew	[-1.5,-1.0)	pELS	4	1140	1140	312.464	318.4333759999999	1140	1688.8289991605561	11912.196795482449	325	477	710	all	1.4814289466320667	8.261911001066144	0.08513101874060011	1.3145721499004905	1.6482857433636429	0.2850877192982456	0.013370979034985025	0.258880600389675	0.31129483820681625	0.27409122807017544	0.20438080290806024	0.013389600668418083	0.247847610760076	0.3003348453802749
SKNSH_skew	[-1.5,-1.0)	pELS	5	1278	1278	314.97400000000005	263.424532	1278	2240.2109993895283	15013.92052854388	418	549	826	all	1.7529037553908673	8.682103566833241	0.0824227412081012	1.591355182622989	1.9144523281587456	0.3270735524256651	0.013123240435875953	0.30135200117134825	0.35279510367998196	0.24645852895148673	0.14549452098828067	0.010669839646480014	0.22554564324438592	0.26737141465858755
SKNSH_skew	[-1.5,-1.0)	pELS	6	2665	2665	497.5710000000001	256.70755699999995	2665	6323.157006772468	41682.94986777345	1108	1166	1825	all	2.372666794286104	10.015092043073162	0.061302595959078374	2.2525137062063108	2.4928198823658976	0.41575984990619136	0.009547031740361603	0.3970476676950826	0.4344720321173001	0.18670581613508447	0.06148954855850218	0.0048034364089964655	0.1772910807734514	0.19612055149671753
SKNSH_skew	[0.05,0.2)	Other cCREs	0	4647002	4643304	809639.471	643740.513939	4622226	-482448.7106236898	7579321.866739081	120577	141245	180106	all	-0.10437583766429634	1.6288618313556076	5.936309496170442e-4	-0.10553935432554575	-0.10321232100304693	0.026086348871734097	7.413807197441256e-5	0.02594103825066425	0.026231659492803944	0.17436710389843094	0.1082345959716332	1.5267554926646172e-4	0.17406785982186868	0.1746663479749932
SKNSH_skew	[0.05,0.2)	Other cCREs	1	182208	182160	32097.559	26056.443251	181748	-32491.225992841297	339607.22931629955	4645	8835	16008	all	-0.17877074846953636	1.8366121505547075	0.003178878333829552	-0.1850013500038423	-0.17254014693523043	0.02555736514294518	3.701701180107653e-4	0.02483183171164408	0.026282898574246278	0.17620530851998245	0.11199382388279834	7.8409832814614e-4	0.17466847579681602	0.17774214124314888
SKNSH_skew	[0.05,0.2)	Other cCREs	2	31350	31293	5336.711000000001	3910.2574489999984	31195	-6907.421994956095	58206.157617519435	685	1987	4734	all	-0.22142721573829444	1.816909226044972	0.007631749732298461	-0.23638544521359942	-0.20646898626298946	0.021958647219105627	8.297340345466307e-4	0.020332368511394232	0.023584925926817022	0.17054008883775928	0.09587544039877767	0.0017503709053487573	0.1671093618632757	0.17397081581224286
SKNSH_skew	[0.05,0.2)	Other cCREs	3	17945	17939	2851.79	1743.5250940000005	17939	-4542.7319955537105	36225.60640487243	383	1186	3510	all	-0.2532321754587051	1.9553595996829356	0.01044032946725077	-0.27369522121451656	-0.23276912970289357	0.0213501309994983	0.0010792320354660507	0.01923483620998484	0.023465425789011757	0.1589715145771782	0.07192394461165957	0.002002339127851028	0.1550469298865902	0.16289609926776621
SKNSH_skew	[0.05,0.2)	Other cCREs	4	13494	13492	2081.7250000000004	1170.6829830000004	13409	-3298.652998587117	26925.86237307159	308	1022	3252	all	-0.24600290838892663	1.9476718482736655	0.012052015959672336	-0.2696248596698844	-0.22238095710796885	0.022969647251845776	0.0012936982640945522	0.020433998654220454	0.0255052958494711	0.15429328490957608	0.0629669256890974	0.0021603199616893583	0.15005905778466494	0.15852751203448723
SKNSH_skew	[0.05,0.2)	Other cCREs	5	10281	10281	1556.221	762.6721810000001	10262	-3505.2249965213705	24833.192033381383	229	733	2716	all	-0.34157327972338436	2.303469528813097	0.014982187594580006	-0.3709383674087612	-0.31220819203800754	0.02231533814071331	0.0014580926871060227	0.019457476473985505	0.025173199807441114	0.15136864118276433	0.05127520650291025	0.00223324324727707	0.14699148441810128	0.15574579794742738
SKNSH_skew	[0.05,0.2)	Other cCREs	6	13728	13728	1974.351	857.365311	13714	-5358.11698846426	35900.57542976438	337	1602	4547	all	-0.39070417007906233	2.4653348485816324	0.013407749421028443	-0.41698335894427807	-0.3644249812138466	0.024573428613096106	0.0013220506568511394	0.021982209325667874	0.02716464790052434	0.14381927447552448	0.041772826008594284	0.0017443888148735297	0.14040027239837236	0.1472382765526766
SKNSH_skew	[0.05,0.2)	PLS	0	81327	80325	15144.834999999997	13471.032738999998	81198	9303.402992430378	280268.851058743	6548	15263	10291	all	0.11457675056565898	3.43858636864253	0.006507546836159166	0.10182195876678701	0.12733154236453095	0.08064238035419592	9.555452172946609e-4	0.07876951172829838	0.08251524898009346	0.18854447556800494	0.1321592272093152	0.0012826949299581602	0.18603039350528694	0.19105855763072294
SKNSH_skew	[0.05,0.2)	PLS	1	39709	39619	6921.387000000001	4863.022719	39709	13265.470020377776	175182.46689637963	4695	11488	9822	all	0.3340670885788556	4.300163945503222	0.01040634048899242	0.31367066122043047	0.3544635159372807	0.11823516079478204	0.0016203365801649287	0.11505930109765877	0.1214110204919053	0.174698679926298	0.09222741044073299	0.0015257319913770638	0.17170824522319897	0.17768911462939704
SKNSH_skew	[0.05,0.2)	PLS	2	27163	27156	4470.911999999999	2334.983649999999	27149	15099.84799284744	146519.2538508588	4360	9166	9870	all	0.5561843159176191	5.087702785637871	0.013689385309880005	0.5293531207102543	0.5830155111249838	0.16059523371026557	0.002228307502759863	0.15622775100485625	0.1649627164156749	0.1646380910296067	0.05888054624042123	0.001472492241441533	0.16175200623638128	0.1675241758228321
SKNSH_skew	[0.05,0.2)	PLS	3	22855	22848	3757.6769999999997	1798.6096049999994	22847	12627.780996938589	122176.58425758546	3773	8800	10023	all	0.5527106839820803	5.042330157821571	0.014855971189270437	0.5235929804511102	0.5818283875130504	0.16514203177660086	0.0024565212153969886	0.16032725019442276	0.16995681335877896	0.16446415441176468	0.05167446205814605	0.0015038824355633282	0.16151654483806055	0.1674117639854688
SKNSH_skew	[0.05,0.2)	PLS	4	21161	21155	3321.837999999999	1394.835294	21144	10777.189993006295	123361.41542235595	3418	8429	10325	all	0.5097044075390794	5.574811246371592	0.016237587660870002	0.4778787357237742	0.5415300793543846	0.16165342413923572	0.002531690876258247	0.15669131002176956	0.1666155382567019	0.15702377688489713	0.04127955682330657	0.001396886107599225	0.15428588011400265	0.1597616736557916
SKNSH_skew	[0.05,0.2)	PLS	5	25392	25378	3855.5609999999997	1405.4704870000003	25392	11103.983001333663	160747.21502115479	4016	10892	12982	all	0.437302418136959	6.139632799169781	0.015549726117329259	0.40682495494699367	0.4677798813269244	0.1581600504095778	0.0022898904630361486	0.15367186510202696	0.16264823571712866	0.15192532902513986	0.032301419139319186	0.001128189634057501	0.14971407734238715	0.15413658070789257
SKNSH_skew	[0.05,0.2)	PLS	6	123182	123146	17384.279	4967.037015000001	123118	21097.65795987891	768430.2795540864	16858	53285	64466	all	0.17136127909711749	6.212098718293396	0.007103271235273268	0.15743886747598188	0.1852836907182531	0.13692555109732127	9.7972818617397e-4	0.13500528385242028	0.13884581834222226	0.1411680363146184	0.02040628921860037	4.0707259331981284e-4	0.1403701740317116	0.14196589859752523
SKNSH_skew	[0.05,0.2)	dELS	0	10449210	10447011	1802801.9500000002	1400838.807304	10434263	-655584.1057206087	24029618.689869095	453491	649761	953031	all	-0.0628299388007192	2.2990057543722733	4.693957354166185e-4	-0.06374995444213577	-0.06190992315930263	0.04346171837915146	6.312098028148258e-5	0.04333800125779975	0.043585435500503165	0.17256629192790168	0.10431079894746052	9.992372371676683e-5	0.17237044142941682	0.17276214242638654
SKNSH_skew	[0.05,0.2)	dELS	1	1593199	1592934	281932.55	226883.04726599998	1591419	-69854.95914838577	4309297.95897165	85035	176841	283968	all	-0.04389476256622911	2.705908624965759	0.0013039600744394497	-0.04645052431213043	-0.041339000820327786	0.05343344524603514	1.7827477496040262e-4	0.05308402668711275	0.05378286380495753	0.17698947351239913	0.11110571108483022	2.641005469247916e-4	0.17647183644042655	0.1775071105843717
SKNSH_skew	[0.05,0.2)	dELS	2	384908	384781	68980.59800000003	55574.44849399998	384466	-2698.1980354089765	1154930.6795244443	24330	59986	99057	all	-0.007018040699070858	3.0039450755226556	0.0027952266238937904	-0.012496684881902687	-0.0015393965162390291	0.0632825789536656	3.926606795310847e-4	0.06251296402178468	0.06405219388554652	0.17927236012173164	0.1122930866675284	5.402188080756722e-4	0.17821353125790332	0.18033118898555997
SKNSH_skew	[0.05,0.2)	dELS	3	152450	152416	26930.632999999987	20598.880648999995	152157	3104.641981866909	487314.39133151935	10575	26827	47446	all	0.020404200804872003	3.2023123872413453	0.004587603540034461	0.011412497866404461	0.029395903743339544	0.06950058163607327	6.519380124225883e-4	0.068222783131725	0.07077838014042154	0.1766916399853033	0.10392981621485857	8.257618215413261e-4	0.1750731468150823	0.1783101331555243
SKNSH_skew	[0.05,0.2)	dELS	4	88518	88499	15010.456999999995	10333.841411000001	88384	-2661.337984589976	306427.64839748736	6054	16615	30209	all	-0.03011108327966573	3.4661361645089896	0.006262330491053941	-0.04238525104213145	-0.017836915517200003	0.06849656046343229	8.496494628240653e-4	0.06683124751629713	0.07016187341056745	0.16961160013107487	0.08800078849839893	9.971812412477225e-4	0.16765712489822934	0.1715660753639204
SKNSH_skew	[0.05,0.2)	dELS	5	69966	69953	11216.640000000001	6567.566372000002	69931	-6055.84100097639	261037.75371696684	4563	12693	25732	all	-0.08659737456888061	3.7253443984767007	0.007298747590127289	-0.1009029198455301	-0.07229182929223113	0.06525003217457208	9.339061282061808e-4	0.06341957616328796	0.0670804881858562	0.16034537475161897	0.06817574948173037	9.872150972971678e-4	0.15841043316091652	0.16228031634232143
SKNSH_skew	[0.05,0.2)	dELS	6	110374	110363	16435.867	7739.336485	110327	-26369.87801248708	432742.72289249254	6138	21627	43878	all	-0.23901563545176682	3.8652711939393467	0.005919010093389037	-0.25061689523480934	-0.2274143756687243	0.0556346134672383	6.900835315371491e-4	0.05428204974542549	0.056987177189051115	0.14892551851616936	0.0479478123789185	6.591323844977913e-4	0.1476336190425537	0.15021741798978502
SKNSH_skew	[0.05,0.2)	non-cCRE	0	59221030	59192793	9809476.543999998	7061976.270538	58465408	-9095061.130920844	72851508.39471419	753225	1487219	306376	all	-0.1555631174406727	1.2218618837610187	1.4456446927956737e-4	-0.15584646380046063	-0.15527977108088475	0.012883259105965703	1.4748492679573372e-5	0.01285435206031374	0.012912166151617666	0.16572079212413576	0.09184128444799818	3.9389870970192065e-5	0.16564358797703418	0.16579799627123734
SKNSH_skew	[0.05,0.2)	pELS	0	1142845	1141423	193730.317	146396.429205	1141449	-88925.48599870631	2487352.2352266475	44875	177761	92836	all	-0.07790578992027354	2.173050743438049	0.0013797699362770076	-0.08061013899537647	-0.07520144084517061	0.03931406484214363	1.8190156480128698e-4	0.038957537775133104	0.03967059190915415	0.16972701356114256	0.09945065108639621	2.951756346175629e-4	0.16914846931729213	0.17030555780499299
SKNSH_skew	[0.05,0.2)	pELS	1	330490	330334	53076.281	33527.580191	330184	6841.480980925376	890329.4937725606	19524	89951	56287	all	0.02072020746288547	2.69604351788942	0.002857494721271041	0.01511951780919423	0.02632089711657671	0.05913066653744579	4.1048097361295384e-4	0.0583261238291644	0.05993520924572718	0.16067459298770337	0.07567990586476078	4.786451398700645e-4	0.15973644851355803	0.1616127374618487
SKNSH_skew	[0.05,0.2)	pELS	2	149185	149137	22651.090999999997	11233.150994999998	149033	23248.199997811458	480647.0806788756	12465	51257	39315	all	0.15599363897802138	3.2007925100752064	0.004634336226437256	0.14691033997420436	0.1650769379818384	0.08363919400401254	7.171284469974744e-4	0.08223362224789749	0.0850447657601276	0.15188109590510737	0.05225350331558902	5.919227133212232e-4	0.15072092738699777	0.15304126442321697
SKNSH_skew	[0.05,0.2)	pELS	3	100083	100072	14768.517999999998	6097.015662	100064	25547.225012088547	349035.01517372706	9840	39195	35187	all	0.2553088524553141	3.4229693540316903	0.005848743501639152	0.24384531519210137	0.26677238971852685	0.09833706427886153	9.413297804463696e-4	0.09649205790918665	0.10018207064853642	0.14757892317531376	0.03914714231560354	6.254516500291113e-4	0.1463530379412567	0.14880480840937083
SKNSH_skew	[0.05,0.2)	pELS	4	65018	65013	9282.695000000002	3410.296063	65014	15119.936997478944	251346.70694118162	6439	25299	26096	all	0.2325643245682306	3.8120121976504504	0.007657265354070968	0.21755608447425148	0.2475725646622097	0.09904020672470545	0.0011715343606242944	0.09674399937788183	0.10133641407152907	0.14278213588051622	0.03206935710595906	7.02336151350024e-4	0.14140555702387017	0.14415871473716227
SKNSH_skew	[0.05,0.2)	pELS	5	53659	53635	7471.102	2363.0741539999995	53654	14020.397978782537	236839.3668695153	5941	21980	23549	all	0.2613113277441111	4.345995155129793	0.009000021904863724	0.2436712848105782	0.278951370677644	0.1107279979125508	0.001354705770869714	0.10807277460164616	0.11338322122345543	0.13929527360865107	0.02465572131021105	6.78007836852518e-4	0.13796637824842015	0.140624168968882
SKNSH_skew	[0.05,0.2)	pELS	6	84023	83987	11702.623000000003	3466.690541	83988	21732.382982738087	466283.38734140364	10215	34275	40167	all	0.25875581014833177	5.484896555136526	0.00808119526736514	0.2429166674242961	0.27459495287236746	0.12162451778825546	0.001127825860181356	0.1194139791023	0.12383505647421092	0.1393385047685952	0.021861554905691753	5.101929929572236e-4	0.13833852650239903	0.14033848303479135
SKNSH_skew	[0.2,0.5)	Other cCREs	0	706718	705966	150724.324	176774.08641399996	701310	-90739.41088738095	1096651.052946859	15718	25631	32759	all	-0.12938559394188154	1.5469795487798659	0.0014852079675605895	-0.13229660155830028	-0.1264745863254628	0.022412342615961558	1.767528664150144e-4	0.02206590699778813	0.022758778234134986	0.21350082581880714	0.20481797081869288	5.38631982201481e-4	0.21244510713369225	0.21455654450392203
SKNSH_skew	[0.2,0.5)	Other cCREs	1	34597	34576	7175.123	7952.914979000001	34473	-6906.496984468773	64458.999416737155	804	1817	3748	all	-0.2003451102157855	1.8297550625777086	0.007285459344853246	-0.21462461053169785	-0.18606560989987314	0.023322600295883737	8.128763984047044e-4	0.021729362555010515	0.024915838036756958	0.2075174398426654	0.1869544995946139	0.0023253085383554	0.20295983510748883	0.212075044577842
SKNSH_skew	[0.2,0.5)	Other cCREs	2	6318	6306	1221.9220000000003	1210.5462520000003	6283	-1311.1069955121498	12352.631280361715	144	414	1122	all	-0.2086753136259987	1.9228009577962393	0.01749377897108567	-0.2429631204093266	-0.1743875068426708	0.022918987744707943	0.0018879021156963406	0.019218699597943114	0.026619275891472772	0.1937713288931177	0.15444453644032738	0.004948906987840716	0.18407147119694992	0.2034711865892855
SKNSH_skew	[0.2,0.5)	Other cCREs	3	3263	3263	519.71	346.1288039999999	3260	-784.9790005160032	7323.649340601963	92	250	808	all	-0.24079110445276172	2.1892093832756947	0.025914023628852315	-0.29158259076531223	-0.18999961814021119	0.02822085889570552	0.002900414716427318	0.02253604605150798	0.03390567173990307	0.1592736745326387	0.08073350171938756	0.0049741440485831356	0.14952435219741575	0.16902299686786162
SKNSH_skew	[0.2,0.5)	Other cCREs	4	2559	2559	401.71500000000015	278.25755899999996	2541	-540.215999256936	6258.196875235344	65	222	749	all	-0.2125997635800614	2.4186405832721074	0.030852000900620114	-0.2730696853452768	-0.15212984181484598	0.02558048012593467	0.0031320234203172422	0.019441714222112876	0.03171924602975647	0.15698124267291916	0.08412659855341995	0.005733654530615174	0.1457432797929134	0.1682192055529249
SKNSH_skew	[0.2,0.5)	Other cCREs	5	1826	1826	286.622	177.239476	1819	-497.3650031941943	4259.438843764756	57	149	588	all	-0.27342770928762744	2.268121820825926	0.03531155467834925	-0.342638356457192	-0.2042170621180629	0.031335898845519516	0.004084993137444022	0.023329312296129234	0.039342485394909796	0.1569671412924425	0.07246533700190551	0.006299626069063538	0.14461987419707795	0.16931440838780704
SKNSH_skew	[0.2,0.5)	Other cCREs	6	2686	2686	387.847	200.764547	2682	-927.7589988291729	6797.7641536484025	78	308	1007	all	-0.345920581218931	2.4158273858792696	0.030012596074758893	-0.4047452695254584	-0.28709589291240356	0.029082774049217	0.003244737970575659	0.02272308762688871	0.03544246047154529	0.1443957557706627	0.05391474350525727	0.004480234722256664	0.13561449571503964	0.15317701582628573
SKNSH_skew	[0.2,0.5)	PLS	0	17458	17319	3698.4349999999995	4042.870782999999	17428	3599.1689979333905	65600.47238298197	1633	3507	2728	all	0.20651646763446124	3.721649435652109	0.014613153805822827	0.1778746861750485	0.23515824909387398	0.09369979343585036	0.002207402756763577	0.08937328403259374	0.09802630283910697	0.21354783763496735	0.18784374558935898	0.003293342992412295	0.20709288536983925	0.22000278990009545
SKNSH_skew	[0.2,0.5)	PLS	1	10225	10201	1899.0000000000005	1486.449786	10225	5692.515998114949	53755.13913892022	1575	3047	3022	all	0.5567252809892371	4.947767172372256	0.021997481901616753	0.5136102164620683	0.599840345516406	0.15403422982885084	0.0035698778631677057	0.14703726921704213	0.16103119044065956	0.18615821978237432	0.11107209084639912	0.003299750473234176	0.17969070885483535	0.1926257307099133
SKNSH_skew	[0.2,0.5)	PLS	2	7876	7875	1295.938	711.3216039999999	7873	7724.1119992280155	52931.85454286764	1663	2736	3217	all	0.9810887843551398	5.761409412007377	0.027051680108139454	0.9280674913431864	1.034110077367093	0.21122824844404928	0.004600251202603565	0.2022117560869463	0.22024474080115225	0.16456355555555557	0.06325342125227892	0.002834110173666483	0.15900869961516928	0.17011841149594187
SKNSH_skew	[0.2,0.5)	PLS	3	7272	7268	1185.1320000000003	563.3928219999999	7272	6725.414001671483	46487.39107489798	1544	2947	3453	all	0.9248369089207209	5.538093794303395	0.02759645000941297	0.8707478669022715	0.9789259509391703	0.21232123212321233	0.004795615412878899	0.20292182591396968	0.22172063833245498	0.16306164006604296	0.050934808639775724	0.0026472800092566667	0.1578729712478999	0.16825030888418602
SKNSH_skew	[0.2,0.5)	PLS	4	6529	6528	1040.8419999999996	450.5992139999999	6522	6091.2760017002	45429.238801356616	1397	2653	3306	all	0.9339582952622202	6.094194303149367	0.030568051135996432	0.8740449150356672	0.9938716754887732	0.21419809874271695	0.0050801197090685835	0.20424106411294252	0.22415513337249138	0.15944270833333327	0.04361031815120526	0.0025846667421101726	0.15437676151879734	0.1645086551478692
SKNSH_skew	[0.2,0.5)	PLS	5	8015	8012	1246.9670000000003	485.08620899999994	8015	5599.99799042882	57952.091115815034	1537	3513	4254	all	0.6986897056055921	6.743128296542353	0.02900540594641499	0.6418391099506187	0.7555403012605655	0.1917654398003743	0.00439746220550573	0.18314641387758307	0.20038446572316554	0.1556374188716925	0.03632648654373014	0.0021293214419766163	0.15146394884541833	0.15981088889796666
SKNSH_skew	[0.2,0.5)	PLS	6	40771	40763	5648.379999999999	1550.746658	40746	19644.995992599754	289626.50639976223	7252	17594	21527	all	0.4821331171795944	6.875813062826592	0.012990310740762687	0.45667210812769954	0.5075941262314893	0.1779806606783488	0.0018948940601809558	0.17426666832039414	0.18169465303630347	0.138566346932267	0.018842826046678817	6.798920295993585e-4	0.13723375855425224	0.13989893531028175
SKNSH_skew	[0.2,0.5)	dELS	0	1680788	1680268	342962.4849999999	378590.70893500006	1677716	-106514.00797512385	3776146.7953735455	70930	117345	195261	all	-0.06348750800202409	2.2467370718148776	0.0011572225890617441	-0.06575566427658511	-0.06121935172746307	0.04227771565628509	1.553518144340561e-4	0.04197322609999434	0.04258220521257584	0.20411177562150795	0.1836541616005583	3.306062874459033e-4	0.20346378729811399	0.20475976394490192
SKNSH_skew	[0.2,0.5)	dELS	1	309751	309677	63724.085999999996	68049.33718199999	309239	-4630.0769890910005	837565.3681044132	17379	36024	67768	all	-0.014972487264190482	2.70825721397649	0.002959360169172019	-0.02077283319576764	-0.009172141332613324	0.05619925041796151	4.14150595701752e-4	0.05538751525038608	0.057010985585536945	0.20577597302996348	0.17739977066322515	7.568713244931816e-4	0.20429250523395684	0.20725944082597011
SKNSH_skew	[0.2,0.5)	dELS	2	87450	87427	17800.999	17873.775805000005	87300	4879.451979120148	269486.66475370666	6240	14085	26988	all	0.055892920723025756	3.0838146820818784	0.005943428110946338	0.044243801625570935	0.06754203982048057	0.07147766323024055	8.719151603469781e-4	0.06976870951596047	0.07318661694452062	0.20360985736671738	0.16298717701398813	0.0013653812379238008	0.20093371014038675	0.20628600459304802
SKNSH_skew	[0.2,0.5)	dELS	3	37005	36985	7229.931999999999	6669.223194	36898	3940.2220044004507	127372.33383867535	3016	6872	13605	all	0.10678687203643696	3.440701679152676	0.009656552288004853	0.08786002955194744	0.12571371452092647	0.0817388476340181	0.0014262509538417922	0.0789433957644882	0.08453429950354802	0.19548281735838852	0.1421126897396288	0.0019602145935918203	0.19164079675494855	0.19932483796182848
SKNSH_skew	[0.2,0.5)	dELS	4	21458	21456	3959.712	3280.221498	21433	2513.9660125306114	78871.34246331007	1856	4261	8497	all	0.11729417312231659	3.66631527149182	0.013078966335372299	0.09165939910498688	0.1429289471396463	0.08659543694303178	0.001921045319328436	0.08283018811714804	0.09036068576891551	0.1845503355704698	0.11882802701643363	0.002353342093088992	0.17993778506801536	0.18916288607292422
SKNSH_skew	[0.2,0.5)	dELS	5	16324	16322	2847.362	2038.2502419999996	16311	837.6709994336123	63992.555445418824	1341	3140	6884	all	0.05135620130179709	3.9208789604504743	0.015504273610230459	0.02096782502574539	0.0817445775778488	0.08221445650174729	0.002150821690186164	0.07799884598898241	0.08643006701451217	0.17444933218968264	0.09445069803306909	0.002405558369037536	0.16973443778636907	0.17916422659299622
SKNSH_skew	[0.2,0.5)	dELS	6	25598	25594	3996.9030000000002	2214.635515	25581	-2192.3299946993357	109340.55203101612	1884	5315	11438	all	-0.08570149699774582	4.267109697754392	0.01291540844163272	-0.11101569754334595	-0.06038729645214569	0.0736484109299871	0.0016330927731414502	0.07044754909462986	0.07684927276534434	0.15616562475580215	0.062144205873350525	0.0015582288415067094	0.15311149622644898	0.1592197532851553
SKNSH_skew	[0.2,0.5)	non-cCRE	0	6763308	6756065	1315407.6089999997	1431204.6017829997	6684153	-1068605.6812593325	8426674.723340318	84831	226574	59592	all	-0.15987151719287881	1.235135752717242	4.2986704841152924e-4	-0.16071405660776542	-0.15902897777799221	0.012691361194155789	4.3296957515766694e-5	0.012606499157424886	0.012776223230886691	0.19470025954457212	0.17393180391775367	1.6045106015888394e-4	0.19438577546666072	0.19501474362248353
SKNSH_skew	[0.2,0.5)	pELS	0	190479	190245	37677.676	38792.590524	190163	-11953.486979266045	413919.08085409756	7746	31530	19624	all	-0.06285916281961289	2.172714289236576	0.0033801681107322365	-0.06948429231664807	-0.0562340333225777	0.0407334760179425	4.5329650503626314e-4	0.039845014868071425	0.04162193716781357	0.19804817997844884	0.16468637836873865	9.304053816427551e-4	0.19622458543042903	0.19987177452646865
SKNSH_skew	[0.2,0.5)	pELS	1	66044	65996	11765.735999999997	9472.957436000002	65938	9269.756006342945	202115.2608995528	4942	18489	13771	all	0.14058291131582615	3.045514530733788	0.00679614213058459	0.12726247273988034	0.15390334989177196	0.07494919469804968	0.0010254119943412555	0.07293938718914082	0.07695900220695855	0.17827953209285408	0.1117564592346686	0.00130130023999266	0.17572898362246847	0.18083008056323968
SKNSH_skew	[0.2,0.5)	pELS	2	34034	34025	5497.629999999998	3332.3410600000007	33991	11621.488995873835	130609.1818319732	3756	11756	10505	all	0.3418990025557893	3.7256783270394482	0.010469373818474766	0.3213790298715788	0.36241897523999983	0.11049983819246272	0.001700481321848022	0.10716689480164059	0.11383278158328484	0.16157619397501832	0.07183326265921469	0.0014529936934843711	0.15872832633578896	0.1644240616142477
SKNSH_skew	[0.2,0.5)	pELS	3	24589	24586	3775.322	1722.0904719999999	24586	12120.322009834814	105149.75058602927	3239	9654	9662	all	0.49297657243288107	4.033952238553512	0.012809183207008678	0.46787057334714405	0.518082571518618	0.13174164158464166	0.002156959959118717	0.12751400006476898	0.13596928310451434	0.15355576344260963	0.046466057354009355	0.0013747507757837982	0.1508612519220734	0.15625027496314586
SKNSH_skew	[0.2,0.5)	pELS	4	16929	16926	2488.707	949.747979	16929	8937.362012570375	78643.74620558601	2375	6747	7629	all	0.5279320699728498	4.3670502231919315	0.016061216666111884	0.49645208530727053	0.5594120546384291	0.14029180695847362	0.002669168769653418	0.1350602361699529	0.14552337774699434	0.14703456221198155	0.03449465493536815	0.0014275743434813278	0.14423651649875815	0.14983260792520495
SKNSH_skew	[0.2,0.5)	pELS	5	14711	14705	2102.0480000000002	741.3296680000001	14709	7990.999994427084	76114.03125732995	2164	6192	6988	all	0.5432728257819759	4.879843493985164	0.018214253338464343	0.5075728892385858	0.578972762325366	0.14712081038819771	0.002920715390110395	0.14139620822358134	0.15284541255281409	0.14294784087045223	0.029981395878260854	0.0014278855875583336	0.1401491851188379	0.14574649662206657
SKNSH_skew	[0.2,0.5)	pELS	6	24853	24843	3463.2200000000003	1050.499328	24842	14337.711008833609	147805.02273631128	4010	10314	12572	all	0.5771560666948559	5.616920649130282	0.015036815311567975	0.5476839086841826	0.6066282247055291	0.16142017550921825	0.0023343062539984724	0.15684493525138124	0.16599541576705526	0.1394042587449181	0.022852898761348717	9.591104616914928e-4	0.13752440224000279	0.14128411524983342
SKNSH_skew	[0.5,1.0)	Other cCREs	0	159894	159717	37275.927999999985	49028.64484200001	158569	-25967.748953047096	246441.38286796305	3146	5983	8313	all	-0.1637630870664953	1.5273499327433298	0.0031035598965059225	-0.16984606446364692	-0.1576801096693437	0.0198399434946301	3.5019470231138083e-4	0.019153561878099794	0.020526325111160405	0.23338735388217902	0.25250391095805924	0.001257356648396841	0.2309229348513212	0.23585177291303683
SKNSH_skew	[0.5,1.0)	Other cCREs	1	8501	8500	1865.668	2266.4731	8484	-1951.4299968379783	16022.542129747484	175	421	932	all	-0.2300129652095684	1.835870320614863	0.014710270896583775	-0.2588450961668726	-0.2011808342522642	0.020627062706270627	0.001543094111780048	0.017602598247181734	0.02365152716535952	0.21949035294117647	0.2184935842109591	0.005070022441195944	0.20955310895643242	0.22942759692592052
SKNSH_skew	[0.5,1.0)	Other cCREs	2	1509	1506	279.462	274.3517380000002	1496	-320.15499894041585	3081.4750136508314	28	104	274	all	-0.2140073522328983	2.0153575184103456	0.036703734368378045	-0.28594667159491927	-0.14206803287087733	0.01871657754010695	0.003503843121657214	0.011849045021658813	0.025584110058555088	0.18556573705179283	0.1478359906923801	0.00990780845870749	0.16614643247272615	0.2049850416308595
SKNSH_skew	[0.5,1.0)	Other cCREs	3	735	735	110.36700000000002	73.853661	733	-191.95799928787164	1931.1853537953225	22	47	178	all	-0.26187994445821505	2.5695565622998697	0.059207551810601035	-0.37792674600699305	-0.14583314290943702	0.030013642564802184	0.0063021709402736	0.01766138752186593	0.04236589760773844	0.15015918367346942	0.07803956726908746	0.010304187595281757	0.1299629759867172	0.17035539136022165
SKNSH_skew	[0.5,1.0)	Other cCREs	4	531	531	87.25200000000002	66.34117200000001	526	-126.58199905604124	990.4403524309054	12	51	163	all	-0.24065018831947005	1.8285302295623125	0.0589600984742703	-0.35621198132903986	-0.12508839530990026	0.022813688212927757	0.006510188540641343	0.010053718673270725	0.03557365775258479	0.164316384180791	0.09812120537256158	0.013593590309411123	0.1376729471743452	0.1909598211872368
SKNSH_skew	[0.5,1.0)	Other cCREs	5	382	382	59.726	43.967107999999996	380	-94.31800103257417	790.097845667687	12	31	139	all	-0.2482052658751952	2.0229224832310817	0.07296218348589331	-0.3912111455075461	-0.1051993862428443	0.031578947368421054	0.008970964486597793	0.013995856974689379	0.04916203776215273	0.15635078534031413	0.09088950392326613	0.015425000438981566	0.12611778447991026	0.186583786200718
SKNSH_skew	[0.5,1.0)	Other cCREs	6	613	613	84.85299999999998	33.08048899999999	612	-227.20900064078157	1908.4354416112735	25	84	224	all	-0.37125653699474115	2.9854052616355826	0.06984349055285798	-0.5081497784783428	-0.23436329551113952	0.04084967320261438	0.008001325196802725	0.02516707581688104	0.05653227058834772	0.13842251223491026	0.03486098622439732	0.0075411850406908966	0.1236417895551561	0.15320323491466442
SKNSH_skew	[0.5,1.0)	PLS	0	4539	4513	1097.867	1350.8895590000004	4532	1122.005000838311	17334.96982006974	431	919	763	all	0.2475739189846229	3.764553221119367	0.02882118081582661	0.19108440458560272	0.30406343338364306	0.09510150044130626	0.004357613100799265	0.0865605787637397	0.10364242211887283	0.24326767117216927	0.24020700590718624	0.007295585780650128	0.22896832304209502	0.2575670193022435
SKNSH_skew	[0.5,1.0)	PLS	1	2695	2689	557.131	520.2494749999998	2695	1527.6800005774717	13994.876216524382	412	785	870	all	0.5668571430714181	4.873385262015477	0.0425241839389281	0.483509742551119	0.6502045435917172	0.1528756957328386	0.006932077500566117	0.13928882383172903	0.16646256763394818	0.2071889178133135	0.1506019739694013	0.007483761370986241	0.19252074552618048	0.22185709010044652
SKNSH_skew	[0.5,1.0)	PLS	2	2061	2061	372.77900000000005	245.665351	2061	2405.5609953855164	17145.250126673345	512	716	824	all	1.1671814630691493	6.959963070183107	0.05811181925569658	1.053282297327984	1.2810806288103145	0.24842309558466763	0.009517956195178286	0.2297679014421182	0.2670782897272171	0.18087287724405632	0.08652414596788248	0.006479323511925412	0.16817340316068252	0.19357235132743011
SKNSH_skew	[0.5,1.0)	PLS	3	2011	2010	330.88300000000015	162.30050699999995	2011	2320.8550012406195	15500.540302318896	498	789	928	all	1.1540800602887218	6.3791481704307165	0.056321642239906836	1.0436896414985044	1.2644704790789392	0.24763799104922923	0.009625338897940913	0.22877232680926504	0.2665036552891934	0.16461840796019908	0.053674004140819	0.005167541450939086	0.15449002671635848	0.1747467892040397
SKNSH_skew	[0.5,1.0)	PLS	4	1739	1737	256.55100000000004	99.60751300000004	1736	2071.8429948588605	14265.640933687679	435	715	861	all	1.1934579463472699	6.797108615498239	0.06257303850043087	1.0708147908864254	1.3161011018081143	0.25057603686635943	0.010400607219697629	0.23019084671575207	0.2709612270169668	0.14769775474956826	0.03555040686707577	0.004523997731987759	0.13883071919487225	0.15656479030426426
SKNSH_skew	[0.5,1.0)	PLS	5	2089	2089	310.83000000000004	109.44608000000001	2089	2036.6389997336087	18117.65890109503	489	864	1083	all	0.9749348969524215	7.726086430919762	0.06081497900267749	0.8557375381071737	1.0941322557976694	0.2340832934418382	0.009264175227141725	0.21592550999664042	0.252241076887036	0.14879368118717093	0.030266542182275702	0.003806380359602831	0.14133317568234938	0.15625418669199248
SKNSH_skew	[0.5,1.0)	PLS	6	10678	10676	1489.982	413.929258	10674	7354.511003743158	87871.72612527577	2203	4669	5479	all	0.6890117110495745	7.758304311313949	0.026959994914209702	0.6361701210177235	0.7418533010814254	0.20638935731684466	0.003917272572261832	0.19871150307521146	0.21406721155847785	0.13956369426751591	0.01929572512298811	0.0013443930829983182	0.13692868382483922	0.1421987047101926
SKNSH_skew	[0.5,1.0)	dELS	0	397011	396893	90862.906	114986.92126399999	396302	-37962.08998765937	892418.5118591869	16231	29059	52785	all	-0.09579081101700058	2.242694549020489	0.002378876694961407	-0.10045340933912494	-0.09112821269487623	0.0409561395097678	3.1482238851573676e-4	0.040339087628276954	0.041573191391258646	0.22893552166452924	0.23730681011190677	7.732472446201884e-4	0.22741995706507367	0.2304510862639848
SKNSH_skew	[0.5,1.0)	dELS	1	78221	78203	17986.609000000004	21836.727945	78119	-1472.3069830598547	217250.05326454277	4530	9334	18592	all	-0.01884697683098676	2.780694650771204	0.005966206941926541	-0.03054074243716278	-0.007153211224810739	0.057988453513229815	8.362199776076494e-4	0.056349462357118824	0.05962744466934081	0.2299989642341087	0.2263347037788816	0.001701233271611121	0.2266645470217509	0.2333333814464665
SKNSH_skew	[0.5,1.0)	dELS	2	22919	22912	5058.098000000001	5556.54539	22879	2136.6279980188715	75640.40223255035	1758	3750	7356	all	0.09338817247339794	3.2975289119923015	0.012005376565516045	0.06985763440498649	0.11691871054180938	0.07683902268455789	0.0017608044057020197	0.07338784604938194	0.08029019931973384	0.22076195879888272	0.1937894359793675	0.0029082621359385963	0.21506176501244306	0.22646215258532237
SKNSH_skew	[0.5,1.0)	dELS	3	9776	9774	2071.935	2135.379643	9749	1654.4299958281917	35605.1805230853	870	1869	3644	all	0.1697025331652674	3.6237607264924754	0.019279675580797982	0.13191436902690334	0.20749069730363146	0.08923992204328648	0.0028873640756694814	0.0835806884549743	0.09489915563159868	0.2119843462246777	0.17355590469712193	0.0042138932505102105	0.2037251154536777	0.22024357699567773
SKNSH_skew	[0.5,1.0)	dELS	4	5677	5676	1107.0690000000002	985.9938090000002	5674	699.3729995274917	22776.48659262306	526	1152	2308	all	0.12325925264848286	3.9996972323953415	0.02655026700903125	0.0712207293107816	0.17529777598618412	0.0927035600986958	0.0038501543817662407	0.08515725751043397	0.10024986268695764	0.19504386892177594	0.13569458820733718	0.004889450686322305	0.18546054557658423	0.20462719226696766
SKNSH_skew	[0.5,1.0)	dELS	5	4106	4100	751.7320000000002	580.966946	4105	341.09000037598855	18021.95578115892	371	787	1780	all	0.08309135210133704	4.384408906393624	0.03268127150278339	0.019036059955881604	0.14714664424679247	0.09037758830694276	0.004475116744338638	0.08160635948803903	0.09914881712584649	0.18334926829268297	0.10810866890651495	0.005134974978125917	0.17328471733555617	0.19341381924980977
SKNSH_skew	[0.5,1.0)	dELS	6	6352	6352	986.8109999999999	541.1378109999999	6350	-265.6019984900486	34777.77182961727	568	1358	2868	all	-0.0418270863763856	5.475927306959314	0.0293658093197083	-0.09938407264301388	0.01572989989024267	0.0894488188976378	0.0035813983037785587	0.08242927822223182	0.09646835957304377	0.15535437657430728	0.06106635227496948	0.003100600013918486	0.14927720054702706	0.1614315526015875
SKNSH_skew	[0.5,1.0)	non-cCRE	0	1296258	1294511	271943.64	330770.00325800007	1282179	-230563.44457727333	1649695.9989836684	15342	49616	14416	all	-0.1798215729451764	1.254299884817962	9.890684790497767e-4	-0.18176014716411396	-0.17788299872623883	0.011965567990116825	9.602368522282753e-5	0.011777361567080083	0.012153774413153568	0.2100744141996476	0.2113862406545181	4.0409686857810316e-4	0.2092823843372345	0.21086644406206068
SKNSH_skew	[0.5,1.0)	pELS	0	44819	44751	9456.198999999999	10623.955461	44748	-3235.10100310482	102167.08140891934	1827	7721	5312	all	-0.07229599095165862	2.277989509376521	0.007134918968136535	-0.08628043212920622	-0.05831154977411101	0.04082864038616251	9.354999001878838e-4	0.03899506058179426	0.042662220190530765	0.21130698755335073	0.19275518517553053	0.002075399283887497	0.20723920495693124	0.21537477014977022
SKNSH_skew	[0.5,1.0)	pELS	1	16333	16316	3152.906	2904.152336	16304	2942.4349989127363	53081.42702227913	1347	4520	3649	all	0.180473196694844	3.2233574416953052	0.0140607067424825	0.1529142114795783	0.2080321819101097	0.08261776251226693	0.0021560796209902384	0.07839184645512606	0.0868436785694078	0.19324013238538856	0.14066100908129417	0.0029361620155894876	0.18748525483483316	0.19899500993594396
SKNSH_skew	[0.5,1.0)	pELS	2	8958	8956	1513.2380000000003	995.2694399999999	8951	4031.8849996174686	39133.928978843156	1095	3114	2847	all	0.4504396156426621	4.169587513888273	0.021582948189260553	0.4081370371917114	0.4927421940936128	0.12233270025695453	0.00346338252470529	0.11554447050853216	0.1291209300053769	0.16896359982134884	0.08258931324774334	0.0030367209455116648	0.16301162676814598	0.1749155728745517
SKNSH_skew	[0.5,1.0)	pELS	3	6644	6644	1040.879	508.8864450000002	6642	4455.523000325076	33914.39450713436	1086	2578	2681	all	0.6708104487089847	4.656766017776404	0.026478463059411483	0.6189126611125382	0.7227082363054311	0.16350496838301717	0.004537824799840208	0.15461083177533036	0.172399104990704	0.15666450933172785	0.05205745102985108	0.0027991530022633514	0.15117816944729168	0.16215084921616402
SKNSH_skew	[0.5,1.0)	pELS	4	4540	4540	677.4129999999998	293.63281500000005	4540	2768.8770011921883	23474.424056519994	702	1821	2082	all	0.6098848020247111	4.799675711570196	0.03251457047690158	0.546156243889984	0.6736133601594382	0.15462555066079295	0.005365834358012726	0.144108515319088	0.1651425860024979	0.14920991189427307	0.04242257787044831	0.0030568251745358025	0.1432185345521829	0.15520128923636325
SKNSH_skew	[0.5,1.0)	pELS	5	3969	3966	546.52	156.51557599999998	3968	3243.8530045177326	24222.377927514422	747	1758	1891	all	0.8175032773482189	5.437488647614144	0.03701803399194188	0.7449479307240129	0.890058623972425	0.18825604838709678	0.0062058056161108195	0.17609266937951956	0.200419427394674	0.1378013111447302	0.020480303514043386	0.0022724369342807414	0.13334733475353996	0.14225528753592045
SKNSH_skew	[0.5,1.0)	pELS	6	6653	6652	911.072	253.697854	6653	5117.640007211945	46270.6193387427	1271	2705	3361	all	0.7692229080432804	6.364103038195504	0.030928569922097093	0.7086029109959702	0.8298429050905907	0.19104163535247257	0.004819681468992224	0.1815950596732478	0.20048821103169734	0.13696211665664462	0.01938287542525898	0.0017069978809809135	0.13361640080992204	0.1403078325033672
SKNSH_skew	[1.0,1.5)	Other cCREs	0	29098	29062	7071.389000000001	9896.157840999998	28875	-5398.121998963412	43548.59984648399	497	1069	1669	all	-0.1869479480160489	1.4732781054110093	0.00714301185559792	-0.20094825125302082	-0.17294764477907695	0.017212121212121213	7.653958395406674e-4	0.015711945366621505	0.01871229705762092	0.24332079691693623	0.28132348626029186	0.003111288230610615	0.23722267198493943	0.24941892184893302
SKNSH_skew	[1.0,1.5)	Other cCREs	1	1558	1558	355.9340000000001	450.3451599999999	1556	-376.1820002355381	3072.2150335903134	39	93	187	all	-0.24176221094828929	1.9172144318292088	0.035101893838467596	-0.31056192287168577	-0.1729624990248928	0.02506426735218509	0.003962878022343913	0.017297026428391024	0.03283150827597916	0.22845571245186141	0.23701349033022417	0.012333967685903387	0.20428113578749077	0.25263028911623203
SKNSH_skew	[1.0,1.5)	Other cCREs	2	270	270	64.05499999999999	84.45065100000001	267	-121.00100021809345	554.0279016251797	2	19	48	all	-0.4531872667344324	1.8766608611436446	0.08383729697356586	-0.6175083688026215	-0.28886616466624326	0.00749063670411985	0.005276804966904865	-0.0028519010310136842	0.017833174439253384	0.23724074074074072	0.25745054034145676	0.030879127574838853	0.17671765069405657	0.29776383078742485
SKNSH_skew	[1.0,1.5)	Other cCREs	3	117	117	22.938999999999997	21.232443000000004	117	-71.17500008363275	353.137773312322	1	10	33	all	-0.6083333340481432	2.6710314500911108	0.151093774303435	-0.9044771316828758	-0.3121895364134105	0.008547008547008548	0.008510404487813981	-0.008133384249106854	0.02522740134312395	0.19605982905982902	0.14426747052755678	0.035114887208338455	0.12723465013148566	0.2648850079881724
SKNSH_skew	[1.0,1.5)	Other cCREs	4	92	92	14.848	11.299233999999998	92	-51.286000176565715	243.6393211574218	2	5	28	all	-0.557456523658323	2.363182481172015	0.1602709147028737	-0.8715875164759554	-0.24332553084069058	0.021739130434782608	0.015203882743048593	-0.008060479741592633	0.051538740611157846	0.1613913043478261	0.09783402102245578	0.03261001796968556	0.0974756691272424	0.22530693956840978
SKNSH_skew	[1.0,1.5)	Other cCREs	5	67	67	7.617000000000001	1.2905569999999997	67	-27.0149996979162	310.37867706562616	3	6	20	all	-0.40320895071516716	4.537666475513012	0.26024289674487633	-0.9132850283351247	0.10686712690479039	0.04477611940298507	0.02526611161284531	-0.004745459358191734	0.09429769816416188	0.11368656716417912	0.006433430574400717	0.009799048517929029	0.09448043206903822	0.13289270225932
SKNSH_skew	[1.0,1.5)	Other cCREs	6	126	126	17.877999999999997	9.527277999999999	126	-77.30500011146067	316.74477238249597	0	9	50	all	-0.6135317469163545	2.1545256049499404	0.13076471069480008	-0.8698305798781627	-0.3572329139545463	0	0	0	0	0.14188888888888887	0.05592470755555556	0.021067673942833653	0.10059624796093491	0.18318152981684283
SKNSH_skew	[1.0,1.5)	PLS	0	925	921	210.48	244.66408600000003	923	151.06700187339442	3681.5590081141527	85	202	187	all	0.16366955782599613	3.9661973304939644	0.06555205461329032	0.035187530783947096	0.29215158486804516	0.09209100758396534	0.009517632260282323	0.07343644835381198	0.11074556681411869	0.2285342019543974	0.21365457301373747	0.015230925060245407	0.1986815888363164	0.2583868150724784
SKNSH_skew	[1.0,1.5)	PLS	1	523	521	90.34700000000001	57.422471	523	352.56500192452233	2796.6797560288646	84	151	174	all	0.6741204625707884	4.9023150839947025	0.09681658640662535	0.4843599532138027	0.863880971927774	0.16061185468451242	0.016055334931705467	0.1291433982183697	0.19208031115065513	0.17341074856046068	0.08029871173040012	0.012414677070959189	0.14907798150138069	0.19774351561954068
SKNSH_skew	[1.0,1.5)	PLS	2	457	457	69.085	31.907820999999995	457	644.8070026946953	4296.420934479303	124	178	181	all	1.4109562422203397	7.426812432017181	0.12748031496914644	1.1610948248808126	1.6608176595598667	0.2713347921225383	0.020799776062712487	0.23056723103962184	0.31210235320545476	0.15117067833698028	0.047070602383968665	0.010148848700371813	0.13127893488425152	0.17106242178970904
SKNSH_skew	[1.0,1.5)	PLS	3	428	428	66.899	26.10766500000001	428	616.0019991649317	4312.595244879389	116	178	168	all	1.4392570073947002	8.023442742417135	0.1369173529823871	1.1708989955492215	1.7076150192401789	0.27102803738317754	0.02148526121278903	0.22891692540611103	0.31313914936024406	0.15630607476635514	0.0366532667545799	0.00925410577666227	0.1381680274440971	0.17444412208861318
SKNSH_skew	[1.0,1.5)	PLS	4	393	393	69.86500000000001	36.532095000000005	393	416.31599845201714	3326.9351117294805	90	154	182	all	1.0593282403359214	7.362040351187788	0.13686828377041557	0.7910664041459069	1.327590076525936	0.22900763358778625	0.021195991828255694	0.1874634896044051	0.27055177757116744	0.17777353689567432	0.061510068481591115	0.012510562304083457	0.15325283477967075	0.2022942390116779
SKNSH_skew	[1.0,1.5)	PLS	5	478	478	64.739	18.930331	478	580.112998422701	4461.79803911296	123	189	212	all	1.2136255197127637	7.877899580524277	0.12837819700218553	0.9620042535884801	1.4652467858370473	0.25732217573221755	0.019995160167991414	0.21813166180295437	0.2965126896614807	0.13543723849372385	0.02130452749927633	0.006676087268144055	0.12235210744816151	0.14852236953928621
SKNSH_skew	[1.0,1.5)	PLS	6	2173	2172	304.953	71.81896499999999	2173	1955.8319990204184	20604.512085348357	518	919	1072	all	0.9000607450623186	8.675941288716997	0.06318710223584544	0.7762140246800615	1.0239074654445757	0.2383801196502531	0.009140591268968006	0.2204645607630758	0.2562956785374304	0.14040193370165743	0.013359269512610987	0.00248005575969245	0.13554102441266022	0.14526284299065464
SKNSH_skew	[1.0,1.5)	dELS	0	74114	74096	17724.896	23816.776154	73979	-8236.236978503412	164847.48853637825	2912	5537	10696	all	-0.11133209395238394	2.2159362381690966	0.005472986811711659	-0.12205914810333879	-0.1006050398014291	0.0393625217967261	7.149357131284546e-4	0.037961247798994326	0.04076379579445787	0.2392152882746707	0.26421094605197976	0.0018883305582396745	0.23551416038052095	0.24291641616882045
SKNSH_skew	[1.0,1.5)	dELS	1	15431	15428	3754.026999999999	4868.516773	15402	-615.6470029460031	43881.30111260037	889	1858	3732	all	-0.03997188695922628	2.847652265449765	0.013597370086874483	-0.06662273232950026	-0.013321041588952295	0.05771977665238281	0.001879160173527137	0.05403662271226962	0.061402930592496	0.24332557687321746	0.2563729816313844	0.00407644241791563	0.23533574973410282	0.2513154040123321
SKNSH_skew	[1.0,1.5)	dELS	2	4747	4747	1135.8709999999994	1375.8583550000003	4738	679.2639976521025	15987.798219218163	396	771	1511	all	0.1433651324719507	3.354531443152067	0.026608378232024388	0.0912127111371829	0.1955175538067185	0.08357956943858168	0.004020683780227332	0.0756990292293361	0.09146010964782725	0.23928186222877595	0.23263064198658628	0.0070004159193085575	0.2255610470269312	0.2530026774306207
SKNSH_skew	[1.0,1.5)	dELS	3	1995	1995	431.5549999999999	461.34276900000003	1991	387.87799819454074	7223.20099026077	184	377	757	all	0.1948156696105177	3.5917770242790517	0.04247359817082396	0.11156741719570273	0.27806392202533264	0.09241587142139629	0.006490543990392532	0.07969440520022693	0.10513733764256565	0.21631829573934833	0.18454840866710412	0.009617976294603817	0.19746706220192484	0.23516952927677182
SKNSH_skew	[1.0,1.5)	dELS	4	1222	1222	234.45900000000003	209.640111	1220	319.3000014186839	5380.950946441821	128	225	482	all	0.2617213126382655	4.345679516772045	0.05968276460416992	0.14474309401409244	0.3786995312624385	0.10491803278688525	0.008773574293736703	0.08772182717116131	0.12211423840260918	0.19186497545008185	0.13485310460356204	0.01050497133515869	0.17127523163317082	0.2124547192669929
SKNSH_skew	[1.0,1.5)	dELS	5	800	800	142.676	111.904356	800	253.4619987220505	4014.3124604003087	107	141	348	all	0.31682749840256313	4.923665493623389	0.07845114318497363	0.16306325776001482	0.4705917390451114	0.13375	0.012034374594261224	0.110162625795248	0.157337374204752	0.17834499999999998	0.1082087669336671	0.011630174489967202	0.15554985799966425	0.2011401420003357
SKNSH_skew	[1.0,1.5)	dELS	6	1271	1271	193.31100000000004	97.48820099999999	1271	152.04900154576208	5539.386147734876	136	259	573	all	0.11962942686527307	4.347398907735843	0.0584846601616334	0.004999492948471601	0.23425936078207454	0.10700236034618411	0.008670598157268191	0.09000798795793846	0.12399673273442977	0.15209362706530294	0.05361167705384191	0.006494667488476288	0.13936407878788942	0.16482317534271645
SKNSH_skew	[1.0,1.5)	non-cCRE	0	209357	209212	45018.399000000005	55928.86052099999	207447	-44414.11794058094	282986.3270714511	2352	8558	2745	all	-0.21409862731483675	1.3183060911609452	0.002520893799376487	-0.21903957916161468	-0.20915767546805883	0.011337835688151672	2.324531614651348e-4	0.010882227491680007	0.011793443884623337	0.2151807687895532	0.22102932835513017	0.0010278545350387623	0.21316617390087722	0.21719536367822917
SKNSH_skew	[1.0,1.5)	pELS	0	8293	8275	1841.8109999999997	2219.5804390000003	8276	-476.0930049372836	18290.579051474084	337	1507	1083	all	-0.057526945980822086	2.2070321298969438	0.016330297130971245	-0.08953432835752573	-0.025519563604118445	0.04072015466408893	0.002172536734168705	0.03646198266511827	0.04497832666305959	0.22257534743202415	0.21871388878062323	0.0051410778464870835	0.21249883485290946	0.23265186001113883
SKNSH_skew	[1.0,1.5)	pELS	1	3204	3204	591.0550000000002	508.200563	3200	691.5130014272872	11075.193358438164	298	877	796	all	0.21609781294602726	3.4153669619274725	0.03266959099227193	0.1520654146011743	0.2801302112908802	0.093125	0.005137263813761904	0.08305596292502666	0.10319403707497334	0.18447409488139832	0.1246226121916563	0.006236661476857746	0.17225023838675713	0.19669795137603951
SKNSH_skew	[1.0,1.5)	pELS	2	1871	1870	309.3699999999999	210.0239079999999	1870	957.5290009517927	8996.84325544675	269	671	645	all	0.5120475940918677	4.551387284235525	0.04933454107865459	0.41535189357770474	0.6087432946060307	0.14385026737967915	0.008115390012554445	0.12794410295507244	0.15975643180428586	0.16543850267379673	0.08498780012188734	0.006741514774555844	0.15222513371566726	0.1786518716319262
SKNSH_skew	[1.0,1.5)	pELS	3	1396	1396	211.6739999999999	104.10904200000003	1396	942.5690019609174	7401.698309562624	226	547	588	all	0.6751926948144107	4.84966494987821	0.058940410815784	0.559669489615474	0.7907159000133474	0.16189111747851004	0.009858685738911499	0.14256809343024351	0.18121414152677656	0.15162893982808015	0.05162232099701148	0.006081014715424222	0.13971015098584869	0.16354772867031162
SKNSH_skew	[1.0,1.5)	pELS	4	1013	1013	155.302	70.58637399999999	1013	738.7719972487538	6012.308755253624	166	355	452	all	0.7292912114992633	5.408625326441057	0.07306993584656404	0.5860741372399978	0.8725082857585289	0.16386969397828233	0.011630049980995802	0.14107479601553055	0.1866645919410341	0.15330898321816386	0.046222512142542194	0.006754948618724007	0.1400692839254648	0.1665486825108629
SKNSH_skew	[1.0,1.5)	pELS	5	909	909	130.989	46.582187	909	678.7189994743094	6303.911437405361	170	387	441	all	0.7466655659783381	6.384510277007295	0.08380730082203539	0.5824032563671487	0.9109278755895275	0.18701870187018702	0.012933046976388982	0.1616699297964646	0.21236747394390942	0.1441023102310231	0.030513622781000567	0.005793819283796307	0.13274642443478235	0.15545819602726385
SKNSH_skew	[1.0,1.5)	pELS	6	1460	1460	201.233	52.639860999999996	1460	1000.9919985217275	9936.560938698622	265	649	719	all	0.6856109578915942	6.340143835332638	0.06589813556373032	0.5564506121866828	0.8147713035965056	0.1815068493150685	0.01008736198889772	0.16173561981682896	0.20127807881330803	0.1378308219178082	0.017069054978076554	0.0034192299639871806	0.13112913118839334	0.14453251264722308
SKNSH_skew	[1.5,Inf)	Other cCREs	0	9652	9650	1991.6380000000001	2381.4340779999998	9602	-2001.722998150275	14239.657679040942	140	341	576	all	-0.20846938118623987	1.4396791713686374	0.012244808851955878	-0.2324692065360734	-0.18446955583640634	0.014580295771714226	0.001223243557842902	0.012182738398342137	0.016977853145086312	0.2063873575129534	0.20420615338974155	0.0046001368912920474	0.19737108920602098	0.2154036258198858
SKNSH_skew	[1.5,Inf)	Other cCREs	1	486	486	78.10600000000002	59.08081200000002	483	-105.4619995448739	889.2985376198371	12	27	53	all	-0.21834782514466647	1.7972430277672327	0.06100000047122209	-0.33790782606826175	-0.09878782422107119	0.024844720496894408	0.007082398846211867	0.010963218758319149	0.03872622223546967	0.16071193415637866	0.09593452715625135	0.014049773891847505	0.13317437732835755	0.18824949098439978
SKNSH_skew	[1.5,Inf)	Other cCREs	2	75	75	12.275	6.634578999999999	75	-25.149999718181782	196.25316766846896	2	4	15	all	-0.33533332957575707	2.538101817893807	0.1839602064902011	-0.6958953342965513	0.02522867514503707	0.02666666666666667	0.01860306625462787	-0.009795343192403955	0.0631286765257373	0.16366666666666668	0.06250771171171168	0.028869294348081245	0.10708284974442744	0.22025048358890592
SKNSH_skew	[1.5,Inf)	Other cCREs	3	56	56	9.344000000000001	6.363804	56	-1.3270001383498342	74.10042711049593	2	2	18	all	-0.023696431041961324	1.3467087626040883	0.15507537122569556	-0.3276441586443246	0.28025129656040193	0.03571428571428571	0.024798752672479055	-0.012891269523773237	0.08431984095234465	0.16685714285714287	0.08735801558441558	0.03949638672090677	0.08944422488416559	0.24427006083012015
SKNSH_skew	[1.5,Inf)	PLS	0	284	282	63.766	77.022974	284	78.38800052925941	1229.278209573042	28	64	52	all	0.27601408637063174	4.267286279945363	0.122579182226431	0.03575888920682699	0.5162692835344365	0.09859154929577464	0.01768974156683829	0.0639196558247716	0.13326344276677768	0.2261205673758865	0.22279064021604705	0.028107609846135587	0.17102965207746076	0.2812114826743123
SKNSH_skew	[1.5,Inf)	PLS	1	176	176	33.226000000000006	27.269962000000003	176	147.27099951915446	1223.8924836226076	35	54	63	all	0.8367670427224685	6.289491227863902	0.18903900553288752	0.46625059187800894	1.207283493566928	0.19886363636363635	0.030086701465766526	0.13989370149073396	0.2578335712365387	0.18878409090909096	0.1199852674025974	0.02611004545914071	0.13760840180917516	0.23995978000900675
SKNSH_skew	[1.5,Inf)	PLS	2	169	169	28.242000000000004	13.25321	169	146.54500028677282	1139.694659475435	36	48	70	all	0.8671301792116735	6.0275063518701835	0.18885369484975256	0.49697693730615844	1.2372834211171884	0.21301775147928995	0.03149539170142229	0.15128678374450225	0.2747487192140776	0.167112426035503	0.05079536228515073	0.017336789606978324	0.13313231840582548	0.2010925336651805
SKNSH_skew	[1.5,Inf)	PLS	3	131	131	21.647	7.069951000000002	131	214.70000038295987	1289.236141983857	42	52	63	all	1.6389313006332815	7.210443008540357	0.2346093554901726	1.1790969638725433	2.0987656373940196	0.32061068702290074	0.040776759058438625	0.24068823926836103	0.40053313477744046	0.1652442748091603	0.026868524486200845	0.014321425918974626	0.13717428000797002	0.19331426961035056
SKNSH_skew	[1.5,Inf)	PLS	4	128	128	22.271000000000004	9.021721	128	200.41100213141186	1449.7538280743183	40	63	62	all	1.5657109541516552	8.9446309189343	0.2643481209582815	1.0475886370734235	2.083833271229887	0.3125	0.040969095631646545	0.23220057256197277	0.3927994274380272	0.17399218750000003	0.040525519623523604	0.017793415131974473	0.13911709384133006	0.20886728115867
SKNSH_skew	[1.5,Inf)	PLS	5	147	147	20.598	4.330788	147	183.9479996617884	1351.8906061615712	40	74	60	all	1.251346936474751	7.682930413110506	0.2286150317504261	0.8032614742439157	1.6994323987055862	0.272108843537415	0.03670674564098554	0.20016362208108335	0.34405406499374663	0.14012244897959183	0.009894149287112108	0.008204092759566128	0.12404242717084223	0.15620247078834146
SKNSH_skew	[1.5,Inf)	PLS	6	595	595	83.23800000000001	16.111729999999998	595	564.4079999538374	6516.007721600657	147	248	265	all	0.9485848738719955	10.06838186894293	0.13008324334788124	0.6936217169101483	1.2035480308338427	0.24705882352941178	0.01768162704240422	0.2124028345262995	0.28171481253252406	0.13989579831932775	0.007520342659083826	0.0035551696668098347	0.13292766577238047	0.14686393086627503
SKNSH_skew	[1.5,Inf)	dELS	0	24874	24867	5327.2750000000005	6533.428787	24833	-3484.187001468031	53864.897868377666	922	1833	3696	all	-0.14030471555865304	2.1494865497013347	0.009303637310481458	-0.1585398446871967	-0.12206958643010937	0.037128015141142834	0.0011998322953059293	0.03477634384234321	0.03947968643994246	0.2142307073631721	0.21684882552207257	0.002953023070965349	0.20844278214408002	0.22001863258226417
SKNSH_skew	[1.5,Inf)	dELS	1	4928	4925	1120.4120000000003	1353.340026	4923	-18.00100052438178	13832.352827489147	298	609	1184	all	-0.003656510364489494	2.8102980509232345	0.023892482314237327	-0.050485775700394656	0.043172754971415664	0.06053219581555962	0.0033987502059855245	0.05387064541182799	0.06719374621929125	0.22749482233502544	0.22308125449187033	0.006730206994680231	0.2143036166254522	0.24068602804459868
SKNSH_skew	[1.5,Inf)	dELS	2	1554	1554	348.224	382.3341539999999	1549	196.46600102237437	5020.396447799914	115	266	498	all	0.12683408716744635	3.22705288236486	0.04564333111051754	0.037373158190831965	0.21629501614406071	0.07424144609425436	0.006661106374935821	0.06118567759938015	0.08729721458912856	0.2240823680823681	0.19594545747384762	0.011229026136555605	0.2020734768547191	0.24609125931001707
SKNSH_skew	[1.5,Inf)	dELS	3	649	649	138.48399999999998	144.319416	649	95.7510015908629	2366.4973740052233	61	120	201	all	0.14753621200441125	3.630201595578517	0.07478991218012913	9.479841313581594e-4	0.29412443987746434	0.09399075500770417	0.011454774270641462	0.07153939743724691	0.11644211257816142	0.2133805855161787	0.17711360956076774	0.016519755627115412	0.18100186448703248	0.2457593065453249
SKNSH_skew	[1.5,Inf)	dELS	4	399	399	83.80899999999998	80.91323899999999	399	134.50700215343403	2128.9859013461864	49	91	152	all	0.3371102810863008	5.235281929754188	0.11454696566361908	0.11259822838560743	0.5616223337869942	0.12280701754385964	0.016431330027749016	0.09060161068947156	0.15501242439824772	0.210047619047619	0.15906873893275902	0.019966685218845634	0.17091291601868158	0.24918232207655644
SKNSH_skew	[1.5,Inf)	dELS	5	247	246	45.327000000000005	34.989259	247	90.5160007560625	929.9477645148083	29	56	116	all	0.36646154152252025	3.645435493273529	0.12148599981440238	0.1283489818862916	0.6045741011587489	0.11740890688259109	0.020482445872896583	0.0772633129717138	0.1575545007934684	0.18425609756097563	0.10872441986062717	0.02102306320271415	0.1430508936836559	0.22546130143829538
SKNSH_skew	[1.5,Inf)	dELS	6	373	373	50.556999999999995	16.517347	373	-79.85599930468007	1623.6831055238276	33	81	147	all	-0.2140911509508849	4.318781297640741	0.10760344854346922	-0.42499391009608456	-0.0031883918056852534	0.08847184986595175	0.014703921678491322	0.059652163376108756	0.11729153635579473	0.1355415549597855	0.02598057152123152	0.008345837690689523	0.11918371308603404	0.15189939683353698
SKNSH_skew	[1.5,Inf)	non-cCRE	0	67008	66971	11576.155000000002	11397.990270999999	66330	-15073.427977597923	88578.85303786065	643	2577	896	all	-0.22724902725158938	1.2838039348189274	0.004399409138299481	-0.23587186916265637	-0.2186261853405224	0.009693954470073873	3.804347714913246e-4	0.008948302317950877	0.01043960662219687	0.17285324991414197	0.14031677255099528	0.0014474760997470896	0.1700161967586377	0.17569030306964625
SKNSH_skew	[1.5,Inf)	pELS	0	2671	2665	537.6160000000001	626.3641219999998	2668	-392.89400265633583	5993.981434640247	106	469	370	all	-0.14726162018603292	2.2257679892192352	0.028883314785888112	-0.20387291716637362	-0.09065032320569222	0.03973013493253373	0.0037814969763111305	0.03231840085896392	0.047141869006103544	0.20173208255159478	0.1944105580731763	0.008541051032976478	0.18499162252696089	0.21847254257622867
SKNSH_skew	[1.5,Inf)	pELS	1	1087	1087	200.04699999999997	168.90155700000003	1086	213.1219993024132	3402.606060936652	98	284	282	all	0.19624493490093298	3.09749488300239	0.05340604116546376	0.091569094216624	0.30092077558524194	0.09023941068139964	0.008694543251859001	0.073198105907756	0.10728071545504328	0.18403587856485737	0.12162590386808105	0.010577871047824245	0.16330325131112183	0.2047685058185929
SKNSH_skew	[1.5,Inf)	pELS	2	623	623	97.353999999999985	59.66387400000001	623	214.18300093873404	2029.1769527427807	67	207	218	all	0.34379293890647517	3.1439587610711333	0.07103860051094747	0.20455728190501812	0.48302859590793223	0.10754414125200643	0.012412027443404179	0.08321656746293424	0.1318717150410786	0.1562664526484751	0.07146416361553114	0.010710262972038854	0.13527433722327895	0.17725856807367127
SKNSH_skew	[1.5,Inf)	pELS	3	471	471	78.058	39.26181799999999	471	182.7110004572896	1869.9586867247285	61	170	210	all	0.38792144470762124	3.8278322797092805	0.09015005513584753	0.2112273366413601	0.5646155527738824	0.12951167728237792	0.01547125289345275	0.09918802161121053	0.1598353329535453	0.16572823779193208	0.05601149620093055	0.010905061856754423	0.1443543165526934	0.18710215903117075
SKNSH_skew	[1.5,Inf)	pELS	4	361	361	51.15999999999999	13.014230000000003	361	214.18999992590403	1720.412898219222	58	164	150	all	0.5933240995177397	4.425913359409667	0.1107255517484518	0.3763020180907741	0.8103461809447052	0.16066481994459833	0.01932744776360188	0.12278302232793864	0.19854661756125802	0.14171745152354567	0.016011014389042802	0.006659717742732116	0.12866440474779073	0.15477049829930062
SKNSH_skew	[1.5,Inf)	pELS	5	311	311	45.432	12.466092000000003	310	244.16999885113907	1936.75045213201	61	138	148	all	0.7876451575843196	5.645408203590749	0.13494811671576395	0.5231468488214223	1.052143466347217	0.1967741935483871	0.022579901875681034	0.15251758587205227	0.24103080122472192	0.14608360128617365	0.018803941375376006	0.007775785105339811	0.13084306247970762	0.16132414009263968
SKNSH_skew	[1.5,Inf)	pELS	6	473	473	67.67599999999999	13.14709	473	388.7660021693447	3022.073835836457	88	196	226	all	0.8219154379901579	5.725722578152029	0.11002327812653241	0.6062698128621543	1.0375610631181613	0.18604651162790697	0.017892869304950692	0.15097648779020362	0.22111653546561033	0.14307822410147988	0.007339254461246292	0.003939085453480672	0.13535761661265777	0.150798831590302
mean_skew	(-Inf,-1.5)	Other cCREs	0	12450	12449	11298.899999999998	24833.026938	12364	-5263.469993314707	24020.519695602125	141	475	1521	all	-0.4257093168323121	1.7616930745434558	0.011936737002784883	-0.4491053213577705	-0.40231331230685374	0.011404076350695567	9.549045608117414e-4	0.009532463411504554	0.01327568928988658	0.9076150694834925	1.1711098192009133	0.009699103141590877	0.8886048273259743	0.9266253116410106
mean_skew	(-Inf,-1.5)	Other cCREs	1	1051	1051	877.663	1905.4352410000001	1051	-297.0200002347119	2371.242794230637	25	60	407	all	-0.2826070411367383	2.1783836674341637	0.045526663985180876	-0.3718393025476928	-0.19337477972578376	0.023786869647954328	0.004700451876196901	0.014573983970608401	0.03299975532530025	0.8350742150333016	1.1166871430583118	0.03259600681646425	0.7711860416730316	0.8989623883935716
mean_skew	(-Inf,-1.5)	Other cCREs	2	173	173	111.147	205.68786299999996	169	-39.334000419825315	385.1379485739156	5	21	77	all	-0.23274556461435097	2.2379948478432277	0.11507637926247555	-0.45829526796880304	-0.007195861259898906	0.029585798816568046	0.01303397456829891	0.004039208662702184	0.055132388970433904	0.6424682080924856	0.780694471367119	0.06717651974901857	0.5108022293844092	0.774134186800562
mean_skew	(-Inf,-1.5)	Other cCREs	3	60	60	24.059	43.460510999999975	60	20.855999968945966	252.92587259539434	8	4	40	all	0.34759999948243275	4.16400554266073	0.2634389727767682	-0.16874038716003287	0.8639403861248984	0.13333333333333333	0.043885372573625556	0.04731800308902724	0.21934866357763944	0.40098333333333336	0.5731059827683611	0.09773313859419785	0.20942638168870556	0.5925402849779612
mean_skew	(-Inf,-1.5)	PLS	0	664	664	579.0519999999999	1159.025636	662	396.6090029741174	4335.781427918839	97	113	212	all	0.5991072552479115	6.199954760575499	0.09677546473609652	0.40942734436516237	0.7887871661306607	0.14652567975830816	0.013744315217576743	0.11958682193185774	0.17346453758475858	0.8720662650602409	0.9865066683021684	0.03854481565279674	0.7965184263807592	0.9476141037397225
mean_skew	(-Inf,-1.5)	PLS	1	342	342	200.13200000000003	338.94682	342	417.82799748890096	3525.207689261056	79	79	227	all	1.2217192909032193	8.840877315100892	0.16078096425014773	0.9065886009729298	1.5368499808335088	0.2309941520467836	0.022790416433009157	0.18632493583808568	0.27566336825548154	0.5851812865497077	0.6505375916722401	0.04361372147382087	0.49969839246101877	0.6706641806383966
mean_skew	(-Inf,-1.5)	PLS	2	272	272	101.47499999999998	119.49475500000001	272	702.8679993129336	4920.194738913638	111	81	181	all	2.5840735268857853	11.453624166029186	0.20520456226679587	2.1818725848428655	2.986274468928705	0.40808823529411764	0.029800329863246044	0.3496795887621554	0.4664968818260799	0.3730698529411764	0.30124535672617764	0.033279418472176484	0.3078421927357105	0.4382975131466423
mean_skew	(-Inf,-1.5)	PLS	3	245	245	76.69399999999997	95.72412000000003	245	681.5540001746267	4822.685413934741	110	108	178	all	2.7818530619372517	11.994681687185954	0.22126428640314663	2.348175060587084	3.2155310632874192	0.4489795918367347	0.03177708826458008	0.3866964988381577	0.5112626848353117	0.31303673469387744	0.2939183633991303	0.034636206336494266	0.2451497702743487	0.3809236991134062
mean_skew	(-Inf,-1.5)	PLS	4	245	245	73.318	82.62047000000004	245	709.5499998807209	5124.9040910815775	122	115	183	all	2.896122448492738	12.581804951225418	0.22661488460242205	2.451957274671991	3.340287622313485	0.49795918367346936	0.031943562161189876	0.43534980183753724	0.5605685655094015	0.29925714285714283	0.24868661803278705	0.03185980885915651	0.23681191749319608	0.3617023682210896
mean_skew	(-Inf,-1.5)	PLS	5	315	315	73.82799999999999	59.40427000000001	315	1132.9149995301852	7190.25438614761	183	132	238	all	3.5965555540640803	9.922492523263749	0.17748232662529911	3.248690193878494	3.9444209142496667	0.580952380952381	0.02780012059001712	0.5264641445959475	0.6354406173088145	0.23437460317460315	0.13407917769689623	0.02063124288948075	0.1939373671112209	0.2748118392379854
mean_skew	(-Inf,-1.5)	PLS	6	1999	1999	368.36799999999994	135.07999399999997	1998	9213.980004147163	63094.79152121069	1441	924	1591	all	4.611601603677259	10.317269182691755	0.07185957409931966	4.470756838442592	4.752446368911925	0.7212212212212212	0.010031511195106813	0.7015594592788119	0.7408829831636305	0.18427613806903448	0.03363291369959254	0.0041018129265531465	0.1762365847329903	0.19231569140507865
mean_skew	(-Inf,-1.5)	dELS	0	24680	24679	23738.349	52786.29344100001	24620	-7727.181993848877	66385.23899625991	852	1887	7905	all	-0.31385792014008435	2.597993489870693	0.010272472917086632	-0.33399196705757417	-0.2937238732225945	0.03460601137286759	0.0011648876578762098	0.032322831563430215	0.036889191182304965	0.9618845577211393	1.2137426903357225	0.007012930496323699	0.9481392139483449	0.9756299014939338
mean_skew	(-Inf,-1.5)	dELS	1	7502	7502	5508.883000000001	11342.791895000004	7494	436.0569979007124	25960.630683065712	569	978	4289	all	0.05818748303986021	3.4612648637256043	0.02149119538353535	0.016064740088130927	0.1003102259915895	0.0759274085935415	0.0030598172517869297	0.06993016678003912	0.08192465040704387	0.734321914156225	0.9728700687344775	0.01138777535125321	0.7120018744677687	0.7566419538446814
mean_skew	(-Inf,-1.5)	dELS	2	2915	2914	1662.286	3101.298698	2914	1200.2989961429266	15058.030316339651	372	392	2068	all	0.4119076857045047	4.999525552586673	0.041420908717619505	0.3307227046179705	0.4930926667910389	0.1276595744680851	0.006181941939860646	0.11554296826595822	0.13977618067021197	0.5704481811942348	0.7391179789479437	0.015926197957524986	0.5392328331974858	0.6016635291909838
mean_skew	(-Inf,-1.5)	dELS	3	1504	1504	695.4049999999999	1214.4343569999996	1497	1234.8220007878265	9694.016550638597	258	226	1118	all	0.824864395983852	5.799101501879127	0.06223998151121553	0.7028740322218695	0.9468547597458344	0.17234468937875752	0.009761415646238784	0.1532123147121295	0.19147706404538553	0.4623703457446808	0.5940783145159149	0.019874578720878344	0.42341617145175925	0.5013245200376023
mean_skew	(-Inf,-1.5)	dELS	4	978	978	397.78200000000004	616.5653100000001	976	1144.2170019784244	8324.935070798196	234	211	760	all	1.1723534856336315	7.162572595084642	0.08566622105234946	1.0044476923710266	1.3402592788962364	0.23975409836065573	0.013665802968673719	0.21296912454205524	0.2665390721792562	0.4067300613496933	0.4654814869357179	0.021816334261959967	0.3639700461962518	0.44949007650313483
mean_skew	(-Inf,-1.5)	dELS	5	554	554	234.48200000000003	363.6893660000001	554	801.4779971988175	5420.478582331974	160	93	436	all	1.4467111862794542	7.705192401858213	0.11793341144069434	1.2155616998556933	1.677860672703215	0.2888086642599278	0.01925499699352876	0.2510688701526114	0.32654845836724417	0.42325270758122746	0.47819932119518754	0.029379851429634805	0.36566819877914325	0.48083721638331167
mean_skew	(-Inf,-1.5)	dELS	6	518	518	164.88700000000003	168.01821499999994	518	886.9019985683263	5921.516942524296	172	114	398	all	1.7121660204021745	8.516428389069302	0.12822239058011567	1.4608501348651477	1.9634819059392012	0.33204633204633205	0.020692246016663106	0.2914895298536724	0.3726031342389917	0.3183146718146719	0.22346666094486292	0.02077023881318841	0.2776050037408226	0.35902433988852117
mean_skew	(-Inf,-1.5)	non-cCRE	0	73105	73072	78766.37500000004	178300.267705	72451	-34751.47294242854	131579.9515064202	473	3249	1609	all	-0.479654841788637	1.5860764561807805	0.004678858024670368	-0.4888254035169909	-0.4704842800602831	0.0065285503305682465	2.992015793527087e-4	0.005942115235036937	0.007114985426099556	1.0779282762207145	1.2781509063389798	0.004182303727918506	1.0697309609139942	1.0861255915274348
mean_skew	(-Inf,-1.5)	pELS	0	2437	2437	2258.9590000000003	4892.824775	2434	-400.57700075407075	6751.698988402194	109	386	797	all	-0.16457559603700525	2.7479547019089097	0.03360040388587194	-0.23043238765331425	-0.09871880442069625	0.0447822514379622	0.004192218080921736	0.0365655039993556	0.05299899887656881	0.9269425523184244	1.1489735443174567	0.021713370849854193	0.8843843454527102	0.9695007591841386
mean_skew	(-Inf,-1.5)	pELS	1	1045	1045	747.5080000000003	1406.84243	1045	272.126000617165	4751.774189264994	110	270	586	all	0.2604076560929809	4.483630742607587	0.06550233380996981	0.13202308182544006	0.3887922303605217	0.10526315789473684	0.00949352967694563	0.0866558397279234	0.12387047606155027	0.7153186602870816	0.8353793188564406	0.02827376958865893	0.6599020718933101	0.7707352486808531
mean_skew	(-Inf,-1.5)	pELS	2	594	594	265.7870000000001	447.11551700000007	594	519.5319988401606	3973.146644297101	107	168	409	all	0.874632994680405	5.933805761077967	0.09994784634171336	0.6787352158506468	1.0705307735101632	0.18013468013468015	0.0157680032933048	0.14922939367980273	0.21103996658955756	0.4474528619528621	0.5534373746713906	0.03052397012139866	0.38762588051492075	0.5072798433908035
mean_skew	(-Inf,-1.5)	pELS	3	396	396	137.81299999999996	174.09876899999998	396	650.3199954694139	4669.0785247404865	123	132	275	all	1.6422222107813482	9.116730592570605	0.151730178115416	1.3448310616751329	1.9396133598875636	0.3106060606060606	0.02325364833550263	0.26502890986847544	0.3561832113436458	0.34801262626262613	0.31933697452371823	0.028397297429905557	0.29235392330001125	0.403671329225241
mean_skew	(-Inf,-1.5)	pELS	4	325	325	88.368	91.033886	325	619.0199969750828	4189.804698771414	110	153	223	all	1.9046769137694854	9.292504942504065	0.16909264590753942	1.5732553277907082	2.2360984997482625	0.3384615384615385	0.026247656331641497	0.28701613205152116	0.3899069448715558	0.27190153846153847	0.20681015694207028	0.025225759541332732	0.22245904976052633	0.3213440271625506
mean_skew	(-Inf,-1.5)	pELS	5	365	365	82.36999999999999	62.24235400000001	365	989.925003506127	6359.297548407423	165	172	287	all	2.7121232972770604	10.094777153410385	0.16630370924298007	2.3861680271608194	3.0380785673933013	0.4520547945205479	0.02605059656832918	0.40099562524662274	0.5031139637944732	0.2256712328767123	0.11992806194490446	0.018126500840641185	0.1901432912290556	0.261199174524369
mean_skew	(-Inf,-1.5)	pELS	6	779	779	152.093	75.245191	779	2505.528002624167	17160.696280694177	401	313	625	all	3.2163388993891746	11.699317612268901	0.12254949806750247	2.9761418831768696	3.4565359156014797	0.5147625160462131	0.01790654917518357	0.47966567966285334	0.549859352429573	0.19524133504492938	0.05854800852058041	0.00866936593267847	0.17824937781687958	0.21223329227297918
mean_skew	[-0.05,0.05)	Other cCREs	0	18453876	18440237	4471830.993	5985774.894041002	18372046	-262330.4565756136	28731391.228523675	566316	520547	607508	all	-0.014278782917025876	1.5636607393941016	2.917376658595192e-4	-0.014850588742110534	-0.013706977091941217	0.030824873832778342	4.0324874227586734e-5	0.030745837079292272	0.030903910586264412	0.24250398696068817	0.2657958417248092	1.2005792745661974e-4	0.2422686734228732	0.24273930049850315
mean_skew	[-0.05,0.05)	Other cCREs	1	554409	554222	144027.29599999997	195885.89296400003	553192	-48869.89694923779	995331.9304023206	16227	25134	40348	all	-0.08834165524670962	1.791451203678456	0.0017995526030691598	-0.09186877834872517	-0.08481453214469406	0.029333395999942155	2.2687062689396065e-4	0.028888729571229992	0.029778062428654318	0.2598729317854578	0.28590958714185877	7.182447803921146e-4	0.25846517201588926	0.2612806915550263
mean_skew	[-0.05,0.05)	Other cCREs	2	90013	89890	21567.405	26272.86992099999	89517	-13191.222989294445	148454.38206658434	2003	5500	10917	all	-0.14735997619775512	1.6366964985126975	0.004275937189117423	-0.15574081308842527	-0.13897913930708497	0.022375638146944155	4.943345476948192e-4	0.021406742433462307	0.023344533860426002	0.2399310824340861	0.23471369237677214	0.0016158964341064185	0.23676392542323751	0.24309823944493467
mean_skew	[-0.05,0.05)	Other cCREs	3	51933	51928	10720.089999999998	10949.714806000004	51912	-7643.842996013119	87051.32404969848	1198	3344	8237	all	-0.14724616651281244	1.6552522099576146	0.005646745411376385	-0.15831378751911016	-0.13617854550651473	0.023077515795962397	6.59008020829896e-4	0.0217858600751358	0.024369171516788992	0.2064414188876906	0.16824858389270053	0.001800009970469466	0.20291339934557046	0.20996943842981075
mean_skew	[-0.05,0.05)	Other cCREs	4	38507	38498	7702.721000000001	7336.988809	38255	-6560.088005876519	73406.54653869665	858	2900	7376	all	-0.17148315268269557	1.8895174874672716	0.007027993557048174	-0.18525802005450998	-0.15770828531088116	0.02242844072670239	7.570589823726014e-4	0.02094460512125209	0.02391227633215269	0.20008106914644921	0.15055251463706767	0.0019775383881753196	0.1962050939056256	0.20395704438727283
mean_skew	[-0.05,0.05)	Other cCREs	5	28519	28519	5543.679	4919.497837000002	28447	-6054.730004719808	56002.35201227248	665	2073	6376	all	-0.21284247916194354	1.9234215097873764	0.008222786190765066	-0.22895914009584306	-0.19672581822804402	0.02337680599008683	8.958552992060951e-4	0.021620929603642883	0.025132682376530775	0.19438546232336337	0.1347179757210422	0.002173429851252528	0.19012553981490843	0.19864538483181832
mean_skew	[-0.05,0.05)	Other cCREs	6	36499	36486	6602.883999999999	4759.785298	36466	-9855.49799151474	79774.18002970872	813	4010	10270	all	-0.2702653976722081	2.114646371747548	0.007615085993140533	-0.28519096621876355	-0.2553398291256526	0.0222947403060385	7.731453014311895e-4	0.02077937551523337	0.023810105096843632	0.18097034478978236	0.09770752648795566	0.0016364429996697106	0.17776291651042972	0.184177773069135
mean_skew	[-0.05,0.05)	PLS	0	250849	246233	65149.37	85248.789774	250419	47870.026939337506	795234.5891734739	19908	44582	26975	all	0.19115972405982576	3.1390865194714985	0.0035405277648000205	0.1842202896408177	0.1980991584788338	0.07949876007810909	5.405784491603027e-4	0.07843922631775489	0.08055829383846329	0.2645842352568502	0.27620818388789603	0.0010591199361361585	0.26250836018202334	0.2666601103316771
mean_skew	[-0.05,0.05)	PLS	1	98580	98298	22995.685999999994	24738.707978000002	98580	31347.083982087788	396565.9821565874	10595	28113	20954	all	0.3179862444926739	3.9217078753621655	0.00630729600628964	0.3056239443203462	0.3303485446650016	0.10747616149320349	9.864420543532067e-4	0.10554273506667121	0.10940958791973578	0.23393849315347204	0.1969452968669401	0.0014154693385448152	0.2311641732499242	0.23671281305701988
mean_skew	[-0.05,0.05)	PLS	2	59069	59052	12016.897	9455.587536999998	59000	28793.56498553569	280741.89137558383	8236	19659	19271	all	0.48802652517857104	4.520243866984008	0.008752959661179607	0.470870724242659	0.5051823261144831	0.13959322033898305	0.0014267834701706219	0.13679672473744864	0.14238971594051747	0.20349686716791981	0.11871410550914334	0.001417861652442425	0.20071785832913266	0.20627587600670697
mean_skew	[-0.05,0.05)	PLS	3	46705	46692	8951.347000000002	5853.923183000003	46675	21308.457982303695	222362.52486218786	6433	17723	19123	all	0.45652829099740105	4.555740047044111	0.009879553200512623	0.4371643667243963	0.4758922152704058	0.13782538832351365	0.001595585438122277	0.13469804086479398	0.14095273578223333	0.19171050715325968	0.08862213081590012	0.001377684764078082	0.18901024501566666	0.19441076929085271
mean_skew	[-0.05,0.05)	PLS	4	42731	42709	7637.332	4163.288840000002	42704	15746.218009657692	230619.1560051022	5730	16866	19425	all	0.36872934642323185	5.264573058795949	0.011103177949354271	0.3469671176424975	0.3904915752039662	0.13417946796553015	0.0016493874842504357	0.1309466684963993	0.137412267434661	0.17882254325786134	0.06550439514974601	0.0012384415634741506	0.176395197793452	0.18124988872227069
mean_skew	[-0.05,0.05)	PLS	5	50377	50361	8666.407000000001	4090.784023	50377	12443.8110036134	314756.5399836702	6696	21572	24380	all	0.24701373649906505	6.187127753918126	0.011082261435675323	0.22529250408514143	0.2687349689129887	0.1329177997895865	0.0015125354308296696	0.12995323034516035	0.13588236923401267	0.1720856813804333	0.051616748794377346	0.0010123907079682508	0.1701013955928155	0.17406996716805107
mean_skew	[-0.05,0.05)	PLS	6	233123	233054	36083.498	12794.279226000002	233030	18165.1849905909	1324963.2772373701	27452	100427	119843	all	0.0779521305865807	5.679753431396325	0.004936951078551171	0.0682757064726204	0.08762855470054098	0.11780457451830237	6.67817138976899e-4	0.11649565292590765	0.11911349611069709	0.1548289151870382	0.030926486140518857	3.642814096935858e-4	0.15411492362403878	0.15554290675003762
mean_skew	[-0.05,0.05)	dELS	0	38083469	38073563	9485654.696999999	12690998.067191	38031996	2373411.7795625017	82702269.44695783	1874805	2215296	2921600	all	0.062405659160316006	2.1706501360340256	2.3890231356624744e-4	0.061937410625726164	0.06287390769490585	0.04929546690107982	3.5103604686381126e-5	0.04922666383589451	0.049364269966265126	0.24914018940123883	0.2712575266634014	8.440713090050533e-5	0.24897475142467385	0.24930562737780382
mean_skew	[-0.05,0.05)	dELS	1	4705568	4704595	1238441.4810000004	1644626.133793	4700781	293494.8663135102	12098991.019820862	269410	501500	726541	all	0.062435341342962	2.5699280901595416	7.393932411267547e-4	0.06098613059035356	0.06388455209557044	0.0573117530895398	1.0720644217062499e-4	0.05710162846288538	0.05752187771619422	0.2632408275313816	0.2802830113470727	2.4408285025891518e-4	0.26276242514487413	0.2637192299178891
mean_skew	[-0.05,0.05)	dELS	2	999291	999010	263934.70999999996	334656.991044	998073	69135.29587693248	2838504.351734688	64243	153397	228684	all	0.06926877680984504	2.839189391501722	0.0016866152710854764	0.06596301087851751	0.07257454274117257	0.06436703527697873	2.4564241409731944e-4	0.06388557614534798	0.06484849440860949	0.2641962643016586	0.26518922916856447	5.152203671003046e-4	0.263186432382142	0.2652060962211752
mean_skew	[-0.05,0.05)	dELS	3	377620	377472	92673.28700000001	107686.51958099997	376856	29726.285950475492	1111908.7291912632	25385	64452	104429	all	0.0788796939692495	2.9442728074528595	0.0027951254651945915	0.0734012480574681	0.0843581398810309	0.06735994650476575	4.082913519168386e-4	0.06655969545500874	0.06816019755452275	0.24551036103340118	0.22500872234285008	7.720711166665595e-4	0.24399710164473473	0.24702362042206763
mean_skew	[-0.05,0.05)	dELS	4	215943	215885	48824.32300000001	51077.169919	215662	-482.87704737730155	782139.9145521466	14006	38405	64969	all	-0.0022390455776970515	3.626705029506629	0.004100806744081939	-0.010276626796097652	0.005798535640703548	0.0649442182674741	5.30642698137013e-4	0.06390415857912556	0.06598427795582264	0.22615894110290205	0.18544733620487822	9.268278295477482e-4	0.22434235855698847	0.22797552364881563
mean_skew	[-0.05,0.05)	dELS	5	170027	169991	34838.10500000001	31489.894357	169960	-7238.017049125276	601016.0430224807	10291	29396	54497	all	-0.04258659125161965	3.5344277181493022	0.004560224158528345	-0.051524630602335204	-0.03364855190090409	0.0605495410684867	5.785208400302208e-4	0.05941564022202747	0.06168344191494593	0.20494087922301776	0.14324455843188533	9.179649562990641e-4	0.2031416679086716	0.20674009053736392
mean_skew	[-0.05,0.05)	dELS	6	268046	268020	50894.308	38314.08255199999	267898	-46536.08200455482	1012157.633997877	14169	50458	96745	all	-0.17370820985806096	3.7479849886301744	0.0037403667329806564	-0.18103932865470304	-0.16637709106141887	0.05288953258329663	4.3241469755983633e-4	0.05204199977607935	0.053737065390513906	0.1898899634355645	0.10689452712979913	6.315302149492516e-4	0.18865216421426395	0.19112776265686504
mean_skew	[-0.05,0.05)	non-cCRE	0	300276644	300125299	69129009.32100005	89533144.22395302	296738718	-28551962.123907387	336980404.80875605	4248978	6385630	1006962	all	-0.09621920023226423	1.126355068280934	6.160990664980146e-5	-0.09633995564929784	-0.09609844481523061	0.014318920121505681	6.896619016557161e-6	0.014305402748233229	0.014332437494778133	0.23033382907516922	0.2452655450820211	2.8586893816562295e-5	0.23027779876328877	0.23038985938704967
mean_skew	[-0.05,0.05)	pELS	0	4163243	4157889	1013503.1309999999	1277317.8403110004	4158742	93521.70900087064	8399264.45918206	175517	623453	280649	all	0.022487980500081668	2.019159487165398	6.967938722118824e-4	0.021122264510546378	0.02385369648961696	0.04220434929601307	9.859026760938161e-5	0.04201111237149868	0.04239758622052746	0.2437542539014389	0.24778737204737672	2.441198752196185e-4	0.24327577894600844	0.24423272885686936
mean_skew	[-0.05,0.05)	pELS	1	993755	993268	218909.496	231857.73610600003	992827	72791.63798022432	2410257.4139428036	55633	268185	144342	all	0.07331754472856229	2.422298076167751	0.0015619855161365282	0.0702560531169347	0.07637903634018989	0.05603493861468312	2.3081850335701803e-4	0.05558253434810337	0.05648734288126288	0.22039318290733217	0.18485621239195513	4.3140363796030076e-4	0.21954763177692999	0.22123873403773436
mean_skew	[-0.05,0.05)	pELS	2	401456	401250	76483.72	61014.38644999998	401136	67665.42200553953	1121822.5965876044	29513	137414	93418	all	0.16868449105924058	2.768166550698122	0.00262694081651518	0.16353568705887084	0.17383329505961032	0.07357355111483387	4.122118876130875e-4	0.07276561581511222	0.07438148641455551	0.1906136323987539	0.11572750776059443	5.370451236385183e-4	0.1895610239564224	0.19166624084108538
mean_skew	[-0.05,0.05)	pELS	3	251319	251286	43328.35	25910.20360199999	251294	56137.312967629405	752925.1286800375	21063	98039	79789	all	0.22339296985852986	2.9462995292997456	0.0034241074812080756	0.21668171919536203	0.23010422052169768	0.0838181572182384	5.528010188708837e-4	0.08273466722125147	0.08490164721522533	0.17242643840086594	0.07337982979371563	5.403861422969765e-4	0.17136728156196387	0.173485595239768
mean_skew	[-0.05,0.05)	pELS	4	153929	153923	25065.138999999996	13031.349099000001	153909	32052.77903028938	534739.7232084345	13602	59314	56793	all	0.20825799030784023	3.4310398151090595	0.004721509530834907	0.19900383162740382	0.21751214898827664	0.08837689803715182	7.235108194827316e-4	0.08695881683096567	0.08979497924333797	0.16284206388908737	0.058144320711614614	6.146132107275225e-4	0.16163742199606143	0.1640467057821133
mean_skew	[-0.05,0.05)	pELS	5	123147	123117	19189.173999999995	8587.307396000002	123135	25639.237016929546	490832.013574067	11655	50163	49965	all	0.20822054669208223	3.9428053797134344	0.00565863801508446	0.19712961618251668	0.2193114772016478	0.09465221098794006	8.342233600614416e-4	0.09301713320221963	0.0962872887736605	0.1558612864186099	0.045456789134226745	6.076316200586712e-4	0.15467032844329492	0.1570522443939249
mean_skew	[-0.05,0.05)	pELS	6	177021	176916	27153.515	10672.315165	176894	31757.70001416991	938132.1866718992	18693	71650	80146	all	0.17952954884942343	5.271156807312104	0.005458790369564142	0.16883031972507773	0.19022877797376914	0.10567345415898786	7.309277686101815e-4	0.1042408357325119	0.10710607258546383	0.15348252843157204	0.03676751562612205	4.558779503963882e-4	0.15258900764879513	0.15437604921434894
mean_skew	[-0.2,-0.05)	Other cCREs	0	3986532	3982897	1977167.851	3843991.808907	3960712	-580905.2281970727	6664251.713221567	98328	135376	188449	all	-0.1466668690369491	1.6610785695282255	6.47602408859814e-4	-0.14793616975831433	-0.14539756831558384	0.024825839394533103	7.818193792336379e-5	0.02467260279620331	0.024979075992862896	0.4964145070786415	0.7186974012731183	4.247892322556162e-4	0.49558192018342045	0.4972470939738625
mean_skew	[-0.2,-0.05)	Other cCREs	1	185915	185837	89889.388	165930.357076	185394	-37128.95896082232	364813.3613433767	4649	9672	20806	all	-0.2002705533125253	1.9276753932908726	0.0032245499921242722	-0.20659067129708888	-0.19395043532796172	0.025076323937128494	3.6313608494761005e-4	0.024364577210631178	0.02578807066362581	0.4837001673509581	0.6589188588719342	0.0018829980741610752	0.48000949112560243	0.4873908435763138
mean_skew	[-0.2,-0.05)	Other cCREs	2	31277	31219	13528.343999999997	22841.522170000007	31102	-6557.630987095645	63488.03945414404	849	2022	5655	all	-0.21084274281704216	1.9968943297785526	0.008012783035506642	-0.22654779756663518	-0.19513768806744913	0.02729727991769018	9.239651550961356e-4	0.025486308213701757	0.029108251621678606	0.4333368781831576	0.5438910825181678	0.00417394262817161	0.4251559506319412	0.44151780573437394
mean_skew	[-0.2,-0.05)	Other cCREs	3	16289	16289	6132.700000000001	9580.658164000006	16280	-3060.7789938538335	36162.40127694606	499	1167	4063	all	-0.18800853770600942	2.1860647886277	0.011587888673982865	-0.21072079950701583	-0.165296275905003	0.03065110565110565	0.0013509395987064778	0.028003264037640953	0.03329894726457035	0.3764933390631715	0.44644753582559515	0.005235256967437993	0.366232235406993	0.38675444271935
mean_skew	[-0.2,-0.05)	Other cCREs	4	12508	12497	4507.889	6613.799141000001	12417	-2506.0339997629635	27632.894112737802	388	1055	3644	all	-0.20182282352927144	2.184851744124137	0.013264859238895031	-0.2278219476375057	-0.17582369942103718	0.03124748328903922	0.0015613691836728807	0.028187199689040373	0.03430776688903807	0.3607176922461391	0.39914563252386726	0.0056514879490058584	0.3496407758660876	0.37179460862619057
mean_skew	[-0.2,-0.05)	Other cCREs	5	9328	9328	3081.1940000000004	4110.6701	9313	-1928.4469985135363	23510.267733250814	308	730	2926	all	-0.20707043901143954	2.481845292811246	0.016324600110096513	-0.2390666552272287	-0.17507422279565038	0.033072049822828305	0.0018530315442363053	0.029440107996125148	0.03670399164953146	0.33031668096054895	0.3316071967968739	0.005962353277309091	0.31863046853702315	0.34200289338407475
mean_skew	[-0.2,-0.05)	Other cCREs	6	13214	13214	3801.3570000000004	3922.1004709999997	13191	-3713.108002012479	36947.13373601112	475	1510	5069	all	-0.28148798438423767	2.721905871775864	0.014364737398322685	-0.30964286968495014	-0.2533330990835252	0.03600940034872262	0.001622204059702226	0.032829880391706256	0.03918892030573898	0.2876764794914485	0.21407246438733257	0.004024975610560532	0.2797875272947498	0.29556543168814714
mean_skew	[-0.2,-0.05)	PLS	0	88063	87298	42131.42	72625.02147	87835	16305.702982241291	332266.8433233916	8034	16854	14035	all	0.18564015463358902	3.7484328403620344	0.006532675174892019	0.17283611129080065	0.19844419797637738	0.09146695508624125	9.726770569244172e-4	0.08956050805466939	0.09337340211781311	0.4826160965886962	0.5990093589225413	0.0026194774061634816	0.47748192087261576	0.48775027230477663
mean_skew	[-0.2,-0.05)	PLS	1	46912	46832	17069.875	23832.505421	46912	20919.324979089673	230726.90139162325	6399	13537	14225	all	0.4459269478830507	4.719541486046431	0.010030161588926001	0.4262678311687558	0.46558606459734564	0.13640433151432468	0.0015846280314338584	0.13329846057271433	0.13951020245593504	0.36449169371370005	0.37604744230891624	0.0028336745327946734	0.35893769162942246	0.37004569579797764
mean_skew	[-0.2,-0.05)	PLS	2	33434	33429	9251.057	9508.040138999999	33416	25745.364989840662	191427.98856350794	6030	11310	13862	all	0.7704502331170895	5.135192760897819	0.012396558782428775	0.7461529779035291	0.7947474883306499	0.1804524778549198	0.0021037361247635716	0.1763291550503832	0.1845758006594564	0.2767374734511951	0.20784749306171493	0.0024935076371020615	0.27185019848247505	0.28162474841991514
mean_skew	[-0.2,-0.05)	PLS	3	29592	29582	7218.4310000000005	6062.382080999997	29573	23024.447015912163	176327.1845339053	5502	11399	14581	all	0.7785631155416144	5.356458789786755	0.01345833059814571	0.7521847875692488	0.80494144351398	0.18604808440131201	0.0022628943836400387	0.18161281140937754	0.19048335739324648	0.24401429923602191	0.1453967647798053	0.0022169893416335933	0.23966900012642006	0.24835959834562377
mean_skew	[-0.2,-0.05)	PLS	4	26773	26766	5855.310000000001	3963.9267999999997	26752	19139.685013607028	161177.01841448582	4856	10653	14385	all	0.7154487520038513	5.513197811586626	0.014355676386435434	0.6873116262864378	0.7435858777212647	0.18151913875598086	0.0023566079997004033	0.17690018707656807	0.18613809043539364	0.218759246805649	0.10024373602041527	0.0019352491495236719	0.2149661584725826	0.22255233513871542
mean_skew	[-0.2,-0.05)	PLS	5	32188	32178	6498.825999999998	3643.3284119999994	32188	21213.63599770737	208099.57152085594	5897	13730	18086	all	0.6590541816113884	6.0309639298283475	0.013688200853538817	0.6322253079384523	0.6858830552843245	0.18320492108860445	0.002156145813432152	0.17897887529427745	0.18743096688293145	0.20196488283920686	0.07243664046734029	0.0015003743340001208	0.19902414914456662	0.2049056165338471
mean_skew	[-0.2,-0.05)	PLS	6	159278	159229	27836.546	11022.789924	159190	73156.04400080361	1030930.7493446638	26581	68570	90365	all	0.4595517557686011	6.264953991035872	0.006273372150170134	0.44725594635426763	0.4718475651829345	0.16697656887995477	9.347564781821867e-4	0.16514444618271767	0.16880869157719186	0.17482083037637616	0.03866393999466054	4.92767401981935e-4	0.17385500626849157	0.17578665448426076
mean_skew	[-0.2,-0.05)	dELS	0	9443077	9440042	4806810.700000001	9138443.08118	9426764	-618568.216172944	22539454.88905606	430046	638207	1117398	all	-0.06561829872615291	2.386701086583456	5.031734275952357e-4	-0.06660451864423957	-0.06463207880806625	0.04561968454922601	6.796034239597464e-5	0.0454864822781299	0.04575288682032212	0.5091937832479984	0.7087728703180464	2.7401010529998785e-4	0.5086567234416104	0.5097308430543863
mean_skew	[-0.2,-0.05)	dELS	1	1690572	1690172	819727.22	1450617.7713160003	1688083	-27141.751131033503	4868377.029158429	99945	195671	377341	all	-0.016078445864944734	2.8837109998105475	0.001307010175966666	-0.0186401858098394	-0.013516705920050068	0.05920621201682619	1.8164939695929663e-4	0.05885017919878597	0.059562244834866405	0.484996331734285	0.6230452874846729	6.071477030999016e-4	0.48380632223620923	0.4861863412323608
mean_skew	[-0.2,-0.05)	dELS	2	433011	432849	195995.16999999993	321668.2907419999	432243	22103.456976507565	1439769.972453461	32062	69496	134531	all	0.051136645304857606	3.3283199592220147	0.002774907752785297	0.045697826109398425	0.05657546450031679	0.0741758686664677	3.9859475926484614e-4	0.0733946229383086	0.07495711439462681	0.4528026401816798	0.5381130565536696	0.00111498379535664	0.4506172719427808	0.45498800842057885
mean_skew	[-0.2,-0.05)	dELS	3	173596	173513	70998.39799999996	107992.631546	173181	18805.044002182553	612635.401782335	14389	32160	65086	all	0.10858606892316451	3.525773391720816	0.004512082963706637	0.0997423863142995	0.11742975153202952	0.0830864817734047	6.632530427913124e-4	0.08178650580953373	0.08438645773727568	0.4091820094171616	0.45496198756835626	0.0016192784901119992	0.4060082235765421	0.4123557952577811
mean_skew	[-0.2,-0.05)	dELS	4	99133	99107	37097.58700000001	52429.790589000004	99009	7780.530943195803	390294.11917558213	8258	19440	40373	all	0.07858407764138414	3.935870771330103	0.006304970780234318	0.06622633491212487	0.09094182037064341	0.0834065589996869	8.787212676505793e-4	0.08168426531509176	0.08512885268428202	0.37431853451320296	0.38891163188085437	0.001980949029936728	0.37043587441452697	0.37820119461187895
mean_skew	[-0.2,-0.05)	dELS	5	76194	76178	25015.565	31204.187223000004	76160	4699.938959985271	326775.18264960527	6464	14453	32977	all	0.06171138340316795	4.286888521572948	0.007502528041697113	0.04700642844144161	0.0764163383648943	0.08487394957983194	0.0010098670394021701	0.08289461018260369	0.08685328897706018	0.3283830633516238	0.3017905582633648	0.0019903893582314445	0.3244819002094902	0.33228422649375744
mean_skew	[-0.2,-0.05)	dELS	6	121038	121023	34443.902	35241.464931999995	120977	-9862.293033004855	522593.4613269524	8953	24754	56392	all	-0.0815220499186197	4.313165148310439	0.005970994049070948	-0.09322519825479875	-0.06981890158244064	0.07400580275589574	7.526370859112274e-4	0.07253063406750974	0.07548097144428174	0.2846062483990647	0.21019744512200222	0.0013178918108226018	0.28202318044985236	0.287189316348277
mean_skew	[-0.2,-0.05)	non-cCRE	0	43081688	43048644	21153993.457	41709995.77638901	42528544	-8231279.698026929	59172960.31490233	612380	1279466	357094	all	-0.19354717852619005	1.3539099929590652	1.7842456210896167e-4	-0.19389689066792362	-0.19319746638445648	0.014399270287738982	1.8267557913546203e-5	0.014363465874228432	0.014435074701249533	0.4913974399983423	0.7274323965537666	1.2999198672065913e-4	0.4911426557043698	0.49165222429231475
mean_skew	[-0.2,-0.05)	pELS	0	1050743	1049270	511184.118	905527.8254420001	1049080	-87868.26997142573	2425364.3840786535	44374	171183	113342	all	-0.08375745412306566	2.3048833896090275	0.0014822456185887897	-0.08666265553549969	-0.08085225271063164	0.042298013497540705	1.9650376509909142e-4	0.041912866117946486	0.042683160877134925	0.48718072374126775	0.6256629871555516	7.721943220319893e-4	0.48566722287008507	0.48869422461245043
mean_skew	[-0.2,-0.05)	pELS	1	341577	341349	131183.868	194732.25609600006	341160	23538.37497860406	979858.4142417654	22743	92940	73856	all	0.06899511952926504	2.867385533568195	0.0028991053143648075	0.06331287311311001	0.07467736594542007	0.06666373549067886	4.270560120642566e-4	0.06582670570703292	0.0675007652743248	0.3843100990481882	0.4227854588027339	0.0011129116880045256	0.3821287921396993	0.3864914059566771
mean_skew	[-0.2,-0.05)	pELS	2	162228	162148	46935.50000000002	53545.169954000005	162071	42460.82500424517	555743.04672873	15285	55541	51717	all	0.2619890356957455	3.3603922757513547	0.004553468462573501	0.25306423750910145	0.27091383388238954	0.09431051822966478	7.259673212799546e-4	0.09288762227995608	0.09573341417937349	0.2894608629153614	0.2464379829576622	0.0012328153256032897	0.28704454487717895	0.2918771809535438
mean_skew	[-0.2,-0.05)	pELS	3	110568	110554	26364.638999999996	22496.691890999995	110548	42408.46000830387	403560.60207491793	12375	43194	45607	all	0.38362032789651435	3.5034135231254235	0.005629505607575827	0.3725864969056657	0.394654158887363	0.11194232369649383	9.482924661458329e-4	0.110083670462848	0.11380097693013966	0.2384774770700291	0.14662034769221913	0.0011516218393179218	0.23622029826496596	0.2407346558750922
mean_skew	[-0.2,-0.05)	pELS	4	73947	73937	16018.928999999996	11805.615322999995	73945	31541.88000674278	305004.4620755586	8922	29297	33897	all	0.4265586585535571	3.942848642913896	0.0073021482568561835	0.412246447970119	0.44087086913699525	0.12065724524984786	0.0011978471143510754	0.11830946490571975	0.12300502559397597	0.21665646428716334	0.11273277975807307	0.0012347931041310155	0.21423626980306656	0.21907665877126012
mean_skew	[-0.2,-0.05)	pELS	5	61498	61485	12199.917	7380.044116999999	61493	26998.698005474525	290931.7498251299	7829	25327	30330	all	0.4390531931353898	4.5384421592293025	0.008590937547561172	0.4222149555421699	0.4558914307286097	0.12731530418096368	0.0013441760263078707	0.12468071916940025	0.12994988919252712	0.19842102951939497	0.08066039987328134	0.0011453694539464935	0.19617610538965985	0.2006659536491301
mean_skew	[-0.2,-0.05)	pELS	6	99548	99518	18375.358000000004	9176.151866	99511	46333.65301202226	579095.4428992136	14320	40672	53263	all	0.4656133795462035	5.602671833318911	0.007503468217147079	0.45090658184059523	0.4803201772518118	0.14390368903940268	0.0011126580932529857	0.14172287917662682	0.14608449890217853	0.1846435619686891	0.05811329031653036	7.641645963149317e-4	0.18314579935991185	0.18614132457746638
mean_skew	[-0.5,-0.2)	Other cCREs	0	733434	732792	427049.95	857468.4277700001	728340	-169004.88275949284	1241119.6761716907	14365	28071	55290	all	-0.23204119334307172	1.6501980279723756	0.0015052233646739763	-0.23499143113783272	-0.22909095554831072	0.019722931597880113	1.629270053134803e-4	0.01940359466746569	0.020042268528294535	0.5827710318889945	0.8305179617931396	0.0010645943452444434	0.5806844269723154	0.5848576368056736
mean_skew	[-0.5,-0.2)	Other cCREs	1	49078	49065	24522.303999999996	45438.87786199999	48927	-9295.423006961704	108618.3327060732	1480	2812	9842	all	-0.1899855500431603	2.183958154216812	0.0066810983159627645	-0.20308050274244732	-0.1768905973438733	0.030249146687922824	7.743055202052344e-4	0.028731507868320565	0.03176678550752508	0.4997921940283297	0.6763170908040581	0.0037126950550199394	0.4925153117204906	0.5070690763361688
mean_skew	[-0.5,-0.2)	Other cCREs	2	9257	9236	4088.7999999999997	6979.455458000001	9195	-444.83399203570974	27370.57931116634	514	643	3019	all	-0.04837781316320933	2.9746638259093965	0.017986351619480735	-0.08363106233739157	-0.013124563989027088	0.05589994562262099	0.002395735328726488	0.05120430437831707	0.06059558686692491	0.442702468601126	0.55975458628952	0.007784968653144175	0.4274439300409634	0.45796100716128857
mean_skew	[-0.5,-0.2)	Other cCREs	3	4670	4670	1848.6539999999995	2953.6468560000008	4661	649.6499987682329	18473.69398985204	391	368	2121	all	0.13937996111740675	3.9448810725930903	0.029092256366904913	0.08235913863827313	0.19640078359654037	0.08388757777301008	0.0040605387730335745	0.07592892177786427	0.09184623376815589	0.3958573875802997	0.475871388524337	0.010094535894743496	0.37607209722660245	0.41564267793399695
mean_skew	[-0.5,-0.2)	Other cCREs	4	3322	3316	1209.771	1717.1739090000003	3295	627.0050005302764	11956.452020880588	281	289	1642	all	0.19028983324135856	3.593545641738975	0.03302431918426037	0.12556216764020825	0.2550174988425089	0.08528072837632777	0.004865658849283596	0.07574403703173192	0.09481741972092363	0.36482840772014474	0.38486126134660426	0.010773202879620605	0.3437129300760884	0.3859438853642011
mean_skew	[-0.5,-0.2)	Other cCREs	5	2402	2402	797.024	1071.9191899999994	2397	499.5009981530021	11155.73418116983	260	185	1312	all	0.20838589826992163	4.612539739976207	0.043866808973132256	0.1224069526825824	0.29436484385726086	0.1084689194826867	0.006351654756287737	0.09601967616036272	0.12091816280501066	0.3318168193172356	0.33629871778446435	0.011832488858352707	0.3086251411548643	0.35500849747960694
mean_skew	[-0.5,-0.2)	Other cCREs	6	3378	3378	905.8199999999998	828.7223260000001	3373	1292.1930075138812	17124.97580370758	447	398	1980	all	0.38309902387011	4.931772812537732	0.03823784077846536	0.3081528559443179	0.45804519179590214	0.13252297657871331	0.005838031186997811	0.1210804354521976	0.14396551770522903	0.2681527531083481	0.173474740651287	0.007166189706641253	0.25410702128333124	0.2821984849333649
mean_skew	[-0.5,-0.2)	PLS	0	22958	22850	11872.873999999998	20915.401403999997	22909	7655.622994558071	105950.73091605214	2677	4568	5334	all	0.334175345696367	4.51337569649575	0.014036139533173191	0.3066645122113475	0.36168617918138646	0.11685363830808852	0.0021224349836500315	0.11269366574013447	0.12101361087604258	0.519600612691466	0.6453783009843503	0.005314520388307832	0.5091841527303826	0.5300170726525493
mean_skew	[-0.5,-0.2)	PLS	1	15657	15637	5910.282	8446.6608	15657	12596.145980071276	102330.1946923572	2943	4601	6296	all	0.8045057150202003	5.888893923362362	0.019393785590955597	0.7664938952619273	0.8425175347784732	0.1879670434949224	0.0031222912159038	0.18184735271175095	0.19408673427809386	0.3779677687535972	0.39733721538471806	0.0050408398956204355	0.3680877225581812	0.38784781494901327
mean_skew	[-0.5,-0.2)	PLS	2	12643	12642	3479.133	3524.787057000001	12640	15966.228004125995	103208.33746595342	3338	4367	6320	all	1.2631509496935123	6.5701860431615255	0.022798973652715365	1.2184649613341902	1.3078369380528343	0.2640822784810127	0.003921125321568261	0.25639687285073887	0.2717676841112865	0.2752043189368771	0.20309426700768823	0.004008122063768049	0.2673483996918917	0.28306023818186243
mean_skew	[-0.5,-0.2)	PLS	3	11744	11739	2957.1170000000016	2636.7266789999994	11744	15008.522992300681	96730.52108916634	3134	4625	6806	all	1.277973688036502	6.603936269157387	0.02371337752408783	1.2314954680892898	1.3244519079837143	0.2668596730245232	0.004081567732892433	0.258859800268054	0.27485954578099236	0.2519053582076839	0.16116996608050496	0.003705326700340652	0.2446429178750162	0.25916779854035155
mean_skew	[-0.5,-0.2)	PLS	4	10895	10894	2407.524999999999	1656.261077	10874	14440.235984789326	90041.4972762916	2935	4308	6742	all	1.3279599029602103	6.5175611973887815	0.02448205642417261	1.279975072368832	1.3759447335515886	0.2699098767702777	0.004256993242320017	0.2615661700153305	0.27825358352522495	0.22099550211125382	0.10320470768196124	0.003077911076764819	0.21496279640079477	0.22702820782171287
mean_skew	[-0.5,-0.2)	PLS	5	13031	13026	2576.993000000001	1428.2558210000004	13031	17455.92599666899	116770.17188810321	3652	5531	8218	all	1.3395691809277102	7.1670568993408	0.02345209008715373	1.2936030843568889	1.3855352774985314	0.2802547770700637	0.0039343866265914365	0.2725433792819445	0.2879661748581829	0.19783456164593896	0.07051343880847194	0.002326646537262601	0.19327433443290426	0.20239478885897366
mean_skew	[-0.5,-0.2)	PLS	6	67327	67309	11425.011999999999	4290.56458	67303	85887.21400307819	638687.0680040808	18879	29187	42158	all	1.276127572367921	7.861341804120063	0.01080764642395403	1.2549445853769712	1.297310559358871	0.2805075553838611	0.0017316821846147519	0.27711345830201617	0.283901652465706	0.16973973762795463	0.0349332329102598	7.204151222877417e-4	0.16832772398827067	0.1711517512676386
mean_skew	[-0.5,-0.2)	dELS	0	1754095	1753445	1034102.825	2039629.786161	1750779	-241565.4430187456	4389925.069490765	75594	130358	320195	all	-0.1379759769900973	2.4883765054639757	0.0011921815095013203	-0.1403126527487199	-0.13563930123147472	0.04317735133903251	1.5361303076428197e-4	0.04287626979873452	0.04347843287933051	0.5897549253041868	0.8154024604414378	6.819302168547602e-4	0.5884183420791514	0.5910915085292222
mean_skew	[-0.5,-0.2)	dELS	1	417724	417649	216463.69600000003	392385.6598279999	417060	-3203.573027127417	1289401.5065212452	26697	49941	134654	all	-0.00768132409515997	3.0915935127609315	0.0027226506794299703	-0.013017719426842711	-0.002344928763477228	0.06401237232052942	3.790249035362518e-4	0.06326948350959836	0.06475526113146048	0.5182909476617926	0.6708866933249668	0.0012674150679810794	0.5158068141285497	0.5207750811950356
mean_skew	[-0.5,-0.2)	dELS	2	127550	127500	59611.695	99502.83175899998	127374	18058.412973662722	480287.32996448374	11270	20778	54303	all	0.1417747183386148	3.750615150396868	0.005426388180336366	0.1311389975051555	0.15241043917207409	0.08847959552184904	7.957275012061737e-4	0.08691996961948495	0.09003922142421314	0.4675427058823529	0.5618225913651593	0.002099154995940424	0.4634283620903097	0.47165704967439614
mean_skew	[-0.5,-0.2)	dELS	3	56003	55980	24208.306	38040.303021999986	55874	14268.074980934158	239719.58223579937	5999	10778	27837	all	0.25536161686892217	4.225226201189502	0.008696011399513573	0.23831743452587556	0.2724057992119688	0.10736657479328489	0.001309683150235803	0.10479959581882271	0.10993355376774706	0.43244562343694176	0.49253339719319256	0.002966206586653249	0.4266318585271014	0.43825938834678213
mean_skew	[-0.5,-0.2)	dELS	4	32255	32251	12587.877000000002	17999.09849099999	32210	10515.490001813972	156791.57933182697	3896	6570	17480	all	0.3264666253279718	4.761359334262621	0.012158223337736866	0.3026365075860076	0.3502967430699361	0.12095622477491462	0.001816870614108472	0.11739515837126202	0.12451729117856722	0.3903096648165949	0.40576522289542527	0.003547037813905661	0.3833574707013398	0.39726185893185
mean_skew	[-0.5,-0.2)	dELS	5	25156	25141	8520.742999999997	10838.165934999999	25143	10890.389985821557	136304.1060253807	3441	5059	14362	all	0.4331380497880745	5.233754822428222	0.014427734418134084	0.4048596903285317	0.46141640924761734	0.13685717694785826	0.0021675372653846025	0.13260880390770444	0.14110554998801209	0.33891822123224996	0.31624227819661316	0.0035466529284402465	0.3319667814925071	0.34586966097199284
mean_skew	[-0.5,-0.2)	dELS	6	36575	36571	10524.762	10653.519911999998	36552	15129.6389732759	233149.06702434694	5489	7903	22225	all	0.413920961186143	6.207397672242326	0.013031644139056853	0.3883789386735916	0.43946298369869446	0.1501696213613482	0.0018685365446550295	0.14650728973382435	0.15383195298887206	0.28778983347461107	0.2084933116942872	0.0023876883801887405	0.2831099642494411	0.292469702699781
mean_skew	[-0.5,-0.2)	non-cCRE	0	5383911	5379211	3520804.8880000003	7159648.814744	5330181	-1671147.2095568338	8426497.55763766	64992	208949	87573	all	-0.31352541490745506	1.4826047967216711	5.274019388262282e-4	-0.3145591227075545	-0.31249170710735563	0.012193206947381336	4.753614927138002e-5	0.012100036094809431	0.012286377799953242	0.6545206886288715	0.9025877730972287	4.096240367244818e-4	0.6537178255168915	0.6553235517408514
mean_skew	[-0.5,-0.2)	pELS	0	194155	193780	109529.14600000001	201255.39695400003	193740	-22889.385996990146	499349.3140855582	8879	33250	32464	all	-0.11814486423552259	2.563474833071861	0.0036375157409025216	-0.12527439508769153	-0.11101533338335365	0.0458294621657892	4.750898301033341e-4	0.04489828609878667	0.04676063823279174	0.5652242027040975	0.719102032383743	0.0019263747731586137	0.5614485081487066	0.5689998972594883
mean_skew	[-0.5,-0.2)	pELS	1	80001	79916	33162.732	50864.482466	79881	12524.814024367606	275011.83849639527	6795	21682	25001	all	0.1567934054952693	3.4182277197335975	0.00654152114199833	0.14397202405695256	0.16961478693358603	0.08506403274871371	9.870668981098712e-4	0.08312938162841836	0.08699868386900907	0.4149698683617799	0.46428014682403823	0.0024103115809607804	0.4102456576630968	0.419694079060463
mean_skew	[-0.5,-0.2)	pELS	2	43123	43097	13283.246000000001	15907.390568	43053	19597.989999132937	186333.71128778593	5482	14611	18177	all	0.45520614124760034	4.120890687635222	0.009783490725094598	0.4360304994264149	0.47438178306878576	0.12733142870415534	0.0016065371180954133	0.12418261595268833	0.13048024145562234	0.30821741652551227	0.2741150641082039	0.002521987511129441	0.30327432100369855	0.313160512047326
mean_skew	[-0.5,-0.2)	pELS	3	31534	31533	8036.907000000005	7457.992062999998	31527	20702.596004200284	156188.4305085153	4910	12007	16148	all	0.6566624164747766	4.523054424573243	0.011977731773766416	0.6331860621981945	0.6801387707513588	0.1557395248517144	0.0020421908604109328	0.15173683076530897	0.15974221893811985	0.2548728950623158	0.17155912433602072	0.002332514031803441	0.25030116755998105	0.25944462256465056
mean_skew	[-0.5,-0.2)	pELS	4	22519	22515	5045.489	3816.9008389999995	22519	16638.799985655354	125251.41822982965	3880	8941	12616	all	0.7388782799260781	5.016314518003134	0.014925119903667993	0.7096250449148889	0.7681315149372674	0.17229894755539765	0.002516538132765375	0.16736653281517752	0.17723136229561778	0.22409455918276702	0.11931394712994135	0.0023020228543282305	0.2195825943882837	0.22860652397725034
mean_skew	[-0.5,-0.2)	pELS	5	20306	20304	4122.781000000001	2561.1145770000007	20303	17479.61899212771	131718.8380026443	3935	8489	11880	all	0.8609377428029212	5.746723193897488	0.016824029920209937	0.8279626441593098	0.8939128414465327	0.193813722110033	0.002774149454850444	0.18837638917852614	0.19925105504153987	0.20305264972419232	0.08491222827746861	0.002045004728578114	0.19904444045617922	0.20706085899220542
mean_skew	[-0.5,-0.2)	pELS	6	36288	36276	6657.928	3150.5255700000002	36280	38248.802991373705	287796.2211278825	8333	15101	22753	all	1.0542668961238617	6.821350486995613	0.013712023316574335	1.027391330423376	1.0811424618243475	0.22968577728776185	0.0022083472807110237	0.22535741661756825	0.23401413795795545	0.18353534016980924	0.05316500316178918	0.0012106071244250135	0.18116255020593622	0.18590813013368226
mean_skew	[-1.0,-0.5)	Other cCREs	0	175581	175500	116528.15400000004	241727.96130599995	174405	-47655.20895633719	301373.190065209	3017	6644	19833	all	-0.27324451108819814	1.6533546581106437	0.0030789564483842497	-0.27927926572703127	-0.267209756449365	0.017298815974312664	3.12204719038376e-4	0.016686894724997448	0.01791073722362788	0.6639780854700857	0.936505739119406	0.002310024899804635	0.6594504366664686	0.6685057342737029
mean_skew	[-1.0,-0.5)	Other cCREs	1	15296	15291	8488.8020000000015	16057.958795999997	15255	-1790.8560011569655	39690.07848254462	610	891	4835	all	-0.11739469034132845	2.5881632028873005	0.013025359635497261	-0.1429243952269031	-0.09186498545575382	0.039986889544411666	0.0015863217816956053	0.03687769885228828	0.04309608023653505	0.5551502190831209	0.7420142907748045	0.006966075716904759	0.5414967106779875	0.5688037274882543
mean_skew	[-1.0,-0.5)	Other cCREs	2	3641	3635	1639.349	2688.2880529999993	3620	1041.1799978555646	16888.302816810527	372	244	1916	all	0.2876187839380013	4.583818704605344	0.03558438226161447	0.21787339470523692	0.35736417317076563	0.10276243093922652	0.00504680615941281	0.0928706908667774	0.11265417101167563	0.45099009628610726	0.5363120224665563	0.01214665114768642	0.42718266003664185	0.47479753253557266
mean_skew	[-1.0,-0.5)	Other cCREs	3	2285	2285	818.2099999999999	1146.2445800000003	2285	2293.761992319487	19909.48862257475	460	155	1592	all	1.0038345699428828	7.708813940220397	0.058083219329780035	0.889991460056514	1.1176776798292516	0.2013129102844639	0.008388436931394024	0.1848715738989316	0.2177542466699962	0.3580787746170678	0.3735818501841372	0.01278644403519868	0.3330173443080784	0.38314020492605716
mean_skew	[-1.0,-0.5)	Other cCREs	4	1642	1642	589.8909999999997	787.0921810000002	1637	1798.8229976907603	13893.83032200513	368	137	1287	all	1.0988533889375445	7.284344483431446	0.06670692144005325	0.9681078229150402	1.2295989549600488	0.22480146609651802	0.010317671614700331	0.20457882973170538	0.24502410246133066	0.35925152253349557	0.3505014875814711	0.01461027385298993	0.3306153857816353	0.38788765928535585
mean_skew	[-1.0,-0.5)	Other cCREs	5	1223	1223	401.38699999999994	482.011395	1220	1931.9119982046545	13826.36799531573	362	107	975	all	1.5835344247579135	8.832747203081059	0.08508793524252974	1.4167620716825553	1.7503067778332717	0.2967213114754098	0.013078507421975106	0.2710874369283386	0.32235518602248103	0.3281986917416189	0.2866421495236553	0.015309351604306458	0.29819236259717824	0.3582050208860596
mean_skew	[-1.0,-0.5)	Other cCREs	6	1522	1522	443.00899999999996	407.2734889999999	1522	2841.9869977519843	19005.770651475817	540	180	1278	all	1.867271352005246	9.006581030770638	0.07692591206238542	1.7164965643629706	2.0180461396475216	0.354796320630749	0.012263957735098127	0.3307589634699567	0.3788336777915413	0.29107030223390273	0.18298930011680536	0.010964921373807241	0.2695790563412405	0.31256154812656495
mean_skew	[-1.0,-0.5)	PLS	0	6923	6916	4152.1359999999995	7615.408644	6913	4082.160990358331	42802.7864840393	1071	1305	2090	all	0.5905049892027096	5.8437861765775505	0.02907460879690099	0.5335187559607836	0.6474912224446355	0.15492550267611746	0.004351867623783896	0.14639584213350101	0.1634551632187339	0.6003666859456332	0.7407960251749013	0.010349558636192283	0.5800815510186964	0.6206518208725701
mean_skew	[-1.0,-0.5)	PLS	1	5146	5142	2289.6330000000003	3466.7485290000004	5146	6307.622991621727	47774.461834543785	1290	1477	2652	all	1.2257331891997139	7.7828958189997755	0.03888980070797558	1.1495091798120818	1.301957198587346	0.25068013991449667	0.0060416935774581584	0.23883842050267867	0.26252185932631467	0.44528063010501756	0.47602009415498125	0.009621584687618128	0.42642232411728603	0.4641389360927491
mean_skew	[-1.0,-0.5)	PLS	2	3984	3984	1291.1300000000003	1536.7265619999998	3984	7077.499987538323	45252.710603002706	1316	1371	2278	all	1.7764809205668481	8.204787072515384	0.04538099278501363	1.6875341747082215	1.8654276664254748	0.33032128514056225	0.0074514683757452346	0.3157164071241016	0.3449261631570229	0.32407881526104426	0.2807679340326406	0.008394872186296655	0.3076248657759028	0.3405327647461857
mean_skew	[-1.0,-0.5)	PLS	3	3950	3950	1078.601	1020.1135509999999	3948	7447.644992296351	48220.12352600358	1373	1605	2537	all	1.8864349017974547	8.657366626890983	0.04682786232243256	1.7946522916454868	1.9782175119494225	0.3477710233029382	0.007579807378962183	0.3329146008401723	0.36262744576570405	0.2730635443037975	0.183739412269025	0.006820286423864516	0.25969578291302303	0.2864313056945719
mean_skew	[-1.0,-0.5)	PLS	4	3787	3786	897.8739999999997	671.5991940000002	3779	7989.515996152187	48345.0236144739	1508	1590	2610	all	2.1141878793734286	8.325485900833463	0.04693711033108796	2.022191143124496	2.206184615622361	0.3990473670283144	0.00796606599488062	0.38343387767834836	0.41466085637828043	0.23715636555731634	0.12117903815894067	0.005657485449932856	0.22606769407544794	0.24824503703918474
mean_skew	[-1.0,-0.5)	PLS	5	4422	4421	911.981	546.044723	4422	9591.736992768598	62758.70373640108	1764	2018	3083	all	2.1690947518698773	9.489553803227903	0.0463247972393249	2.0782981492808004	2.2598913544589543	0.3989145183175034	0.007363743821243835	0.3844815804278655	0.4133474562071413	0.2062838724270527	0.08097686668328145	0.004279767994652608	0.19789552715753359	0.21467221769657183
mean_skew	[-1.0,-0.5)	PLS	6	24795	24795	4258.901000000001	1614.4771729999995	24785	60278.17402095022	382184.4372100296	11080	10891	17481	all	2.4320425265664802	9.505542066143633	0.019583665495823688	2.393658542194666	2.4704265109382946	0.44704458341738956	0.00315810100072611	0.4408547054559664	0.45323446137881274	0.17176450897358342	0.03561140332208986	0.001198429491249555	0.1694155871707343	0.17411343077643254
mean_skew	[-1.0,-0.5)	dELS	0	402550	402471	271928.1280000001	555744.7126920002	401777	-68994.87100679058	1066944.0293771503	17585	30823	103929	all	-0.17172429234821948	2.6260800395689454	0.0025565921055055525	-0.17673521287501037	-0.1667133718214286	0.04376806039170983	3.227511047829567e-4	0.04313546822633523	0.044400652557084426	0.6756465136618541	0.924335779169145	0.001515470844631604	0.6726761908063762	0.6786168365173321
mean_skew	[-1.0,-0.5)	dELS	1	114812	114795	65985.33000000002	123281.77307799998	114644	3179.20298676216	391503.48640046414	8329	13599	49140	all	0.027731089169622133	3.4142104065573116	0.005457195038874008	0.017034986893429076	0.03842719144581519	0.072650989149017825	7.665962794024806e-4	0.07114846044138896	0.07415351785664669	0.574810139814452	0.7435295948829836	0.002544999161412623	0.5698219414580832	0.5797983381708207
mean_skew	[-1.0,-0.5)	dELS	2	41063	41047	20775.869999999995	35572.47043400001	41001	12139.244991663962	193530.52843020248	4616	6434	22427	all	0.2960719248716851	4.632596068269063	0.01062955277594069	0.2752380014308413	0.3169058483125289	0.11258261993609912	0.0015609982493145652	0.10952306336744258	0.11564217650475567	0.5061483177820546	0.6104565312829838	0.003856440735271714	0.49858969394092206	0.5137069416231872
mean_skew	[-1.0,-0.5)	dELS	3	19983	19978	9167.535999999996	14501.571486000003	19922	11959.01297681057	125047.05528116022	3116	3625	12705	all	0.600291786809084	5.9167791783965455	0.017233608101258412	0.5665139149306175	0.6340696586875505	0.15640999899608474	0.002573543423168749	0.15136585388667398	0.1614541441054955	0.4588815697266992	0.5153305389094448	0.005078868115726463	0.4489269882198753	0.46883615123352307
mean_skew	[-1.0,-0.5)	dELS	4	12604	12601	5187.143999999998	7530.678402	12589	10709.580976757808	95385.83565549561	2465	2501	8692	all	0.8507094270202405	6.853757082867105	0.023332900931013065	0.8049769411954549	0.8964419128450262	0.1958058622607038	0.0035366955806117478	0.18887393892270476	0.2027377855987028	0.4116454249662724	0.42820748458402774	0.00582941026285675	0.4002197808510731	0.42307106908147163
mean_skew	[-1.0,-0.5)	dELS	5	9810	9810	3480.7729999999992	4401.641927	9802	11578.36596767721	92474.21842269725	2383	1810	7215	all	1.181224848773435	8.039747457757805	0.028639395992790268	1.125091632627566	1.237358064919304	0.24311365027545398	0.0043327403079726785	0.23462147927182753	0.25160582127908043	0.35481885830784904	0.3228257748099922	0.005736534335152942	0.34357525101094927	0.3660624656047488
mean_skew	[-1.0,-0.5)	dELS	6	14912	14909	4321.681	4171.100491	14900	24492.086000317828	181181.61521817528	4799	3166	11686	all	1.6437641610951563	9.458514129833707	0.025195229826876116	1.5943815106344792	1.6931468115558335	0.3220805369127517	0.003828054902851401	0.31457754930316295	0.3295835245223404	0.289870615064726	0.19575879805583982	0.0036235677648820902	0.2827684222455571	0.2969728078838949
mean_skew	[-1.0,-0.5)	non-cCRE	0	915473	914992	702962.434	1510588.37472	907472	-318128.31050414976	1562767.0047608537	11188	41104	23240	all	-0.3505654284695834	1.599216082145503	0.0013275074204592082	-0.3531673430136834	-0.34796351392548336	0.012328755046987676	1.1583750639961772e-4	0.012101713534444426	0.012555796559530926	0.7682716723206323	1.0606904876356575	0.0010766776267929284	0.7661613841721182	0.7703819604691464
mean_skew	[-1.0,-0.5)	pELS	0	42728	42665	27436.720999999998	52421.986897	42621	-4420.447998934308	122363.27021186275	2210	7369	10170	all	-0.1037152577117925	2.8602722268524565	0.00819203627976939	-0.1197716488201405	-0.0876588666034445	0.0518523732432369	0.0010740153361842434	0.049747303184315785	0.05395744330215802	0.6430732684870503	0.8151641910501294	0.0043710590320879495	0.6345059927841579	0.6516405441899427
mean_skew	[-1.0,-0.5)	pELS	1	19469	19457	9271.655	15082.143514999998	19433	4885.568004187546	82426.46678700477	2000	5138	7906	all	0.25140575331588255	4.178582075058462	0.014663732960149735	0.22266483671398907	0.28014666991777604	0.10291771728503062	0.00217967271070915	0.09864555877204068	0.10718987579802056	0.476520275479262	0.5481091653089699	0.005307568313795954	0.46611744158422197	0.48692310937430205
mean_skew	[-1.0,-0.5)	pELS	2	11248	11242	4029.9219999999996	5371.558914	11219	7823.57599061262	66253.37370605959	1866	3761	5844	all	0.6973505651673607	5.419646868191842	0.021979024893516	0.6542716763760693	0.7404294539586521	0.16632498440146182	0.0035156049302009417	0.15943439873826798	0.17321557006465566	0.35847020103184485	0.3493418703422601	0.00557446932608058	0.3475442411527269	0.3693961609109628
mean_skew	[-1.0,-0.5)	pELS	3	8424	8423	2371.944	2464.7250160000003	8422	8377.870016453091	59363.58192732433	1781	3123	5121	all	0.9947601539364868	6.05980413966246	0.026823884794999843	0.9421853397382871	1.0473349681346864	0.21146995962954168	0.004449649923977577	0.20274864577854562	0.22019127348053774	0.28160322925323517	0.21334337758159164	0.0050327595644086105	0.2717390205069943	0.29146743799947605
mean_skew	[-1.0,-0.5)	pELS	4	6473	6473	1600.6499999999992	1392.5739600000002	6473	7387.224994784221	50753.419723072846	1515	2536	4209	all	1.141236674615205	6.539376952316283	0.03178449990419519	1.0789390548029825	1.2035342944274274	0.23404912714351922	0.005262609763342037	0.22373441200736882	0.24436384227966962	0.24728101344044479	0.15401168198957857	0.004877800438909512	0.23772052458018214	0.2568415023007074
mean_skew	[-1.0,-0.5)	pELS	5	6341	6339	1373.2990000000004	931.0981630000001	6341	8841.668996431748	57880.35226238291	1727	2659	4267	all	1.3943650838088233	7.184832449710329	0.03366118849738772	1.3283891543539434	1.4603410132637031	0.2723545182147926	0.005590470165073733	0.2613971966912481	0.2833118397383371	0.21664284587474372	0.09996572410903447	0.00397113985457606	0.20885941175977465	0.2244262799897128
mean_skew	[-1.0,-0.5)	pELS	6	12204	12202	2255.486	1027.7776720000002	12202	23586.779010066064	155236.50101147755	4342	5230	8650	all	1.9330256523574876	8.98636604610546	0.027137919017324125	1.8798353310835323	1.9862159736314429	0.35584330437633177	0.004334207023789565	0.3473482586097042	0.36433835014295934	0.18484559908211767	0.050066470871950736	0.0020256200143527322	0.18087538385398633	0.18881581431024902
mean_skew	[-1.5,-1.0)	Other cCREs	0	36277	36265	25290.042000000005	53904.53917999999	35930	-9616.049985255115	57945.34161005429	563	1506	4535	all	-0.26763289688992803	1.5411442092978407	0.006549272047764662	-0.2804694701035468	-0.2547963236763093	0.01566935708321737	6.551903357494284e-4	0.01438518402514849	0.016953530141286248	0.6973677650627328	1.0001124837888085	0.005251466305088136	0.68707489110476	0.7076606390207055
mean_skew	[-1.5,-1.0)	Other cCREs	1	3243	3243	1943.4360000000004	3871.1580580000004	3221	-637.6089983152924	6941.144077942521	90	164	1096	all	-0.19795374055116188	2.116436953949357	0.025633464391775454	-0.24819533075904177	-0.147712150343282	0.027941633033219497	0.0029038668658355332	0.022250053976181853	0.033633212090257145	0.5992710453283997	0.8348282340379877	0.01604445944906337	0.5678239048082355	0.6307181858485639
mean_skew	[-1.5,-1.0)	Other cCREs	2	707	707	342.211	598.2617010000001	703	69.38700031489124	2533.1712737224484	46	32	388	all	0.09870128067552096	3.598750267705322	0.07154811437759263	-0.041533023504560604	0.2389355848556025	0.06543385490753911	0.009326713003375705	0.04715349742092273	0.0837142123941555	0.48403253182461103	0.612776833217802	0.029440247860447532	0.4263296460181339	0.5417354176310882
mean_skew	[-1.5,-1.0)	Other cCREs	3	390	390	158.39399999999995	254.50402799999992	390	282.53400014620286	2215.739346812951	56	16	276	all	0.724446154221033	5.169816650309382	0.11513444371255031	0.49878264454443433	0.9501096638976316	0.14358974358974358	0.017757030325001238	0.10878596415274115	0.178393523026746	0.4061384615384614	0.4888795180541822	0.03540532764683805	0.3367440193506588	0.475532903726264
mean_skew	[-1.5,-1.0)	Other cCREs	4	333	333	116.12100000000004	139.0857029999999	333	395.5520008157473	3007.905668273865	75	26	270	all	1.1878438462935355	7.644733910288507	0.1515162000901398	0.8908720941168615	1.4848155984702094	0.22522522522522523	0.022891493833569438	0.18035789731142912	0.2700925531390213	0.34871171171171184	0.29696671784435	0.029862885752695245	0.29018045563642914	0.40724296778699454
mean_skew	[-1.5,-1.0)	Other cCREs	5	239	239	82.33300000000001	100.41946900000002	237	340.4679990981241	2639.7377248956614	66	12	210	all	1.4365738358570637	9.112840277308008	0.196088762701588	1.0522398609619512	1.8209078107521761	0.27848101265822783	0.02911705883097681	0.22141157734951328	0.3355504479669424	0.344489539748954	0.30275887278928315	0.03559176205690008	0.27472968611742987	0.41424939338047817
mean_skew	[-1.5,-1.0)	Other cCREs	6	342	342	85.34900000000002	56.968159000000014	342	988.6899994150738	6499.434147030007	160	34	324	all	2.8909064310382275	10.678075863395275	0.17669873809683934	2.5445769043684225	3.2372359577080325	0.4678362573099415	0.026980905835356915	0.4149536818726419	0.5207188327472411	0.24955847953216378	0.10459997750853187	0.017488507296274533	0.2152810052314657	0.28383595383286186
mean_skew	[-1.5,-1.0)	PLS	0	1690	1688	1078.2479999999998	2054.121438	1684	1355.426998710027	11382.234758332183	294	295	554	all	0.8048853911579733	6.11483741431336	0.060258929687428416	0.6867778889706136	0.922992893345333	0.17458432304038005	0.009250558087706568	0.15645322918847518	0.1927154168922849	0.6387725118483412	0.8093457348219029	0.021896808490072025	0.5958547672078	0.6816902564888824
mean_skew	[-1.5,-1.0)	PLS	1	1197	1197	602.6789999999997	1002.887139	1197	1903.0599974106299	14284.304726832986	344	362	713	all	1.5898579761158145	9.413636798430398	0.0886812168815602	1.4160427910279565	1.7636731612036725	0.28738512949039263	0.01308014358058456	0.2617480480724469	0.31302221090833837	0.5034912280701752	0.5848190210350294	0.02210363342807387	0.4601681065511504	0.5468143495891999
mean_skew	[-1.5,-1.0)	PLS	2	846	846	279.80799999999994	332.3681600000001	846	1961.230994985439	13765.295748945302	337	305	553	all	2.3182399467912993	10.90969433311812	0.11355888243153607	2.0956645372254887	2.54081535635711	0.3983451536643026	0.016831324654274	0.3653557573419256	0.43133454998667964	0.3307423167848699	0.2838151642900109	0.01831608357702284	0.29484279297390514	0.3666418405958347
mean_skew	[-1.5,-1.0)	PLS	3	809	808	266.038	328.4365500000001	807	2021.3980023660697	13721.557057605256	353	325	568	all	2.5048302383718335	10.742305480762166	0.11537507113479203	2.278695098947641	2.730965377796026	0.43742255266418834	0.017462442015541195	0.40319616631372757	0.4716489390146491	0.3292549504950495	0.2984414144736036	0.019218693666056167	0.2915863109095794	0.36692359008051956
mean_skew	[-1.5,-1.0)	PLS	4	830	829	218.61600000000007	200.96600200000003	829	2540.143991714344	15586.619635606337	437	385	625	all	3.0641061419955897	9.424334334590847	0.10662230745502366	2.8551264193837436	3.273085864607436	0.5271411338962606	0.01734011431206956	0.4931545098446043	0.5611277579479169	0.2637104945717733	0.17308534845253284	0.014449502287208694	0.23538947008884428	0.29203151905470237
mean_skew	[-1.5,-1.0)	PLS	5	1029	1029	236.293	174.29458499999993	1029	3165.1369988842634	20160.99698435491	526	496	761	all	3.0759348871567185	10.141285668148143	0.09927475429228778	2.8813563687438344	3.2705134055696026	0.511175898931001	0.015583098020281547	0.4806330268112492	0.5417187710507528	0.22963362487852285	0.116764364665933	0.010652400171461698	0.20875492054245792	0.25051232921458777
mean_skew	[-1.5,-1.0)	PLS	6	6087	6087	1052.718	381.5779199999999	6079	21721.150991821778	140798.87591716467	3695	2834	4693	all	3.5731454173090604	10.395861268848064	0.04135368029929671	3.492092203922439	3.654198630695682	0.6078302352360586	0.006261986569518582	0.5955567415598022	0.620103728912315	0.1729452932479054	0.03278266460444486	0.0023207078664820445	0.1683967058296006	0.1774938806662102
mean_skew	[-1.5,-1.0)	dELS	0	77511	77495	57610.050999999985	123188.95787099998	77299	-13438.88998629758	200046.3066696347	3207	6198	23927	all	-0.17385593586330456	2.5577618550816705	0.005752321028011204	-0.1851304850782065	-0.1625813866484026	0.04148824693721782	7.172562241423642e-4	0.04008242473789878	0.04289406913653685	0.7434034582876312	1.0370021772714428	0.0036580782632491668	0.7362336248916629	0.7505732916835995
mean_skew	[-1.5,-1.0)	dELS	1	23908	23906	14329.229999999998	27832.923344	23876	2295.837988594662	81046.55020605882	1804	2833	12459	all	0.09615672594214533	3.385373400702909	0.011907552464382848	0.07281792311195495	0.11949552877233571	0.07555704473111075	0.001710396326099857	0.07220466793195503	0.07890942153026646	0.5993988956747259	0.8050198161945555	0.0058029633531076225	0.5880250875026349	0.6107727038468169
mean_skew	[-1.5,-1.0)	dELS	2	9028	9028	4750.024	8607.507136000002	9006	3265.960993971327	42380.201443592174	1060	1311	5700	all	0.3626427930236872	4.574772262835313	0.022538176122939152	0.31846796782272646	0.4068176182246479	0.1176993115700644	0.003395699878114213	0.11104373980896054	0.12435488333116826	0.5261435533894551	0.6766713891608297	0.008657512591713568	0.5091748287096964	0.5431122780692137
mean_skew	[-1.5,-1.0)	dELS	3	4630	4630	2048.0969999999998	3396.2892849999985	4626	3607.8480052567324	30427.062704386084	814	826	3262	all	0.7799066159223373	5.970438524506844	0.03592529154406877	0.7094930444959626	0.8503201873487121	0.17596195417207092	0.005598609874245434	0.16498867881854987	0.18693522952559197	0.44235356371490275	0.537979321282393	0.010779343108834057	0.421226051221588	0.4634810762082175
mean_skew	[-1.5,-1.0)	dELS	4	2893	2893	1198.7459999999994	1834.8222099999998	2890	3484.77600279369	26584.79875148107	710	545	2153	all	1.2058048452573322	7.747607809856684	0.05177676266627284	1.1043223904314374	1.307287300083227	0.24567474048442905	0.008007752782591781	0.22997954503054915	0.26136993593830893	0.4143608710680952	0.46269321343381925	0.012646558227149338	0.3895736169428825	0.4391481251933079
mean_skew	[-1.5,-1.0)	dELS	5	2218	2218	792.7759999999998	1048.2817959999998	2218	3606.071991983219	26287.912602863387	669	390	1802	all	1.6258214571610545	9.212937926129708	0.06444931437644	1.499500800983232	1.752142113338877	0.30162308385933273	0.009745327870482833	0.28252224123318637	0.3207239264854791	0.35742831379621276	0.345025352774873	0.012472247872214784	0.3329827079666718	0.38187391962575373
mean_skew	[-1.5,-1.0)	dELS	6	3362	3362	946.9659999999999	874.099852	3362	8085.06200178037	57316.80526419771	1388	677	2857	all	2.404837002314209	11.268535851327487	0.0578941778358032	2.2913644137560345	2.5183095908723834	0.412849494348602	0.008491252267469817	0.39620663990436117	0.42949234879284287	0.28166745984533015	0.180711200303513	0.007331514210971231	0.2672976919918265	0.2960372276988338
mean_skew	[-1.5,-1.0)	non-cCRE	0	194394	194316	168252.253	377884.5523970001	192343	-67118.15683932626	308199.291070946	1844	9057	4682	all	-0.3489503482805522	1.480583475610706	0.002774458648096711	-0.3543882872308218	-0.34351240933028265	0.009587039819489142	2.2218371814184583e-4	0.009151559731931123	0.01002251990704716	0.8658692696432615	1.1949674341973437	0.0024798405312611784	0.8610087822019896	0.8707297570845334
mean_skew	[-1.5,-1.0)	pELS	0	7910	7895	5706.8859999999995	11491.484952	7889	-795.8609944772907	23530.518968197808	420	1349	2232	all	-0.100882367153922	2.9728994202775687	0.019412395466974243	-0.1389306622691915	-0.06283407203865249	0.05323868677905945	0.0025276849395031178	0.04828442429763334	0.05819294926048556	0.7228481317289424	0.9331483492411888	0.010871745539494325	0.7015395104715335	0.7441567529863512
mean_skew	[-1.5,-1.0)	pELS	1	3714	3713	1984.2570000000003	3450.448449000001	3706	970.243998123216	16100.966293225598	395	918	1758	all	0.26180356128527144	4.2771802858842864	0.033972387623683854	0.19521768154285107	0.3283894410276918	0.10658391797085807	0.005068973440781258	0.09664873002692681	0.11651910591478934	0.5344080258551037	0.6438700384808271	0.01316850986873209	0.5085977465123889	0.5602183051978186
mean_skew	[-1.5,-1.0)	pELS	2	2057	2057	817.265	1189.0042609999998	2055	1748.954001693521	14013.500971603526	389	658	1210	all	0.8510725069068228	6.097864802783593	0.054473211804282794	0.7443050117704285	0.9578400020432171	0.18929440389294405	0.008641607958076974	0.1723568522951132	0.20623195549077492	0.39730918813806515	0.42037809696320233	0.014295616663563073	0.36928977947748154	0.42532859679864876
mean_skew	[-1.5,-1.0)	pELS	3	1546	1544	480.27199999999993	564.2215759999998	1546	2027.914002225501	13873.155489177714	404	599	1006	all	1.3117166896672063	7.257674334788805	0.06851631440357414	1.177424713436201	1.4460086658982116	0.2613195342820181	0.011174021435246467	0.23941845226893502	0.28322061629510115	0.3110569948186528	0.26884615099446263	0.013195573302784527	0.2851936711451951	0.33692031849211046
mean_skew	[-1.5,-1.0)	pELS	4	1275	1275	355.54999999999995	381.754182	1275	1965.0710011229385	13541.60825384891	363	499	877	all	1.541232157743481	8.251944768186075	0.08044944713094897	1.3835512413668212	1.698913074120141	0.2847058823529412	0.012638206714021293	0.25993499719345947	0.3094767675124229	0.27886274509803916	0.22182459417613204	0.013190150638398068	0.25301004984677894	0.30471544034929937
mean_skew	[-1.5,-1.0)	pELS	5	1300	1300	307.471	247.04416899999993	1300	2573.7139971875586	17092.819353751802	478	558	936	all	1.9797799978365835	9.235898277111495	0.08428841638232155	1.8145747017272333	2.144985293945934	0.3676923076923077	0.013373184263702235	0.34148086653545134	0.39390374884916407	0.23651615384615385	0.13419731382661212	0.010160152702767208	0.2166022545487301	0.2564300531435776
mean_skew	[-1.5,-1.0)	pELS	6	2701	2701	518.6469999999999	267.645415	2699	7245.96801132802	46958.80081373406	1224	1152	2090	all	2.684686184263809	10.194829726502673	0.061459432535104934	2.564225696495003	2.8051466720326146	0.4535012967765839	0.00958257864491264	0.43471944263255513	0.4722831509206127	0.19202036282858198	0.06224245551112757	0.004800440229994568	0.18261149997779264	0.20142922567937133
mean_skew	[0.05,0.2)	Other cCREs	0	3928907	3925726	733795.6650000002	668536.1699570002	3907220	-421319.76961428963	6306789.760298647	98631	123970	157255	all	-0.10783108440637836	1.6025102234247153	6.404223380242622e-4	-0.10908631218890591	-0.1065758566238508	0.025243267591791605	7.935731669153893e-5	0.025087727251076188	0.025398807932507022	0.18691973535595713	0.135357234256055	1.8568667679319043e-4	0.18655578946944248	0.18728368124247177
mean_skew	[0.05,0.2)	Other cCREs	1	166864	166809	32032.934999999998	29930.664458999996	166407	-29566.51398385944	305046.61411774793	4133	8192	14798	all	-0.17767590295996827	1.8015778099845388	0.0032903395400367226	-0.18412496845844023	-0.1712268374614963	0.02483669557170071	3.8150460685373785e-4	0.024088946542267384	0.025584444601134036	0.1920336132942467	0.14255469885455288	9.244448962067174e-4	0.19022170129768154	0.19384552529081187
mean_skew	[0.05,0.2)	Other cCREs	2	28944	28896	5294.861000000001	4409.566415	28824	-6381.879990944989	52666.75328723403	622	1779	4463	all	-0.22140854811771402	1.7782240052797216	0.00785445597564326	-0.23680328182997482	-0.20601381440545322	0.021579239522620038	8.558620562289491e-4	0.019901749892411297	0.023256729152828778	0.1832385451273533	0.1190290288530347	0.0020295865716669333	0.1792605554468861	0.1872165348078205
mean_skew	[0.05,0.2)	Other cCREs	3	16307	16305	2669.043	1756.326739	16300	-4241.361999660848	33952.945200497896	356	1065	3205	all	-0.2602062576479048	2.0154191218624526	0.011119592838748051	-0.28200065961185095	-0.2384118556839586	0.021840490797546012	0.0011448332522316228	0.01959661762317203	0.024084363971919993	0.16369475620975163	0.08092605469833514	0.002227838898466012	0.15932819196875825	0.168061320450745
mean_skew	[0.05,0.2)	Other cCREs	4	12490	12489	2011.938	1269.102712	12427	-2940.64199668693	26486.769470274416	298	972	3072	all	-0.23663329819642148	2.0755605710432543	0.012923631219896457	-0.2619636153874185	-0.21130298100542444	0.023980043453770018	0.0013723698949220642	0.02129019845972277	0.026669888447817265	0.16109680518856595	0.0756715188951415	0.0024615144685076608	0.15627223683029093	0.16592137354684097
mean_skew	[0.05,0.2)	Other cCREs	5	9378	9378	1468.4390000000003	807.5387990000002	9363	-3154.156001641881	21633.196977409047	211	680	2528	all	-0.3368745062097491	2.1972486895799426	0.015319059231301738	-0.3668998623031005	-0.30684915011639774	0.02253551212218306	0.0015338281298017803	0.01952920898777157	0.02554181525659455	0.1565833866496055	0.06159812811044471	0.0025628821903490844	0.15156013755652128	0.1616066357426897
mean_skew	[0.05,0.2)	Other cCREs	6	12663	12663	1850.045	876.325937	12646	-5029.522989599617	32545.226386776445	301	1389	4191	all	-0.39771651032734595	2.4155715345782305	0.01382080574366982	-0.4248052895849388	-0.3706277310697531	0.023801992724972323	0.0013554984606432858	0.021145215742111482	0.026458769707833164	0.1460984758745953	0.04786267431689972	0.0019441518238590882	0.14228793829983147	0.1499090134493591
mean_skew	[0.05,0.2)	PLS	0	73212	72420	14301.564	13553.103788	73069	9094.047980812957	249195.6809339134	5850	14014	9614	all	0.12445836101237127	3.3949724999624125	0.006816344763857035	0.11109832527521149	0.13781839674953106	0.0800613119106598	0.0010039780340962716	0.0780935149638311	0.08202910885748849	0.19748086164043083	0.14814922335953593	0.0014302779037901573	0.19467751694900212	0.20028420633185953
mean_skew	[0.05,0.2)	PLS	1	36687	36596	6712.073000000001	5149.570473	36687	12392.748026760644	161328.10440891565	4326	10603	9067	all	0.3377967134614617	4.2834289607675915	0.010805371039719555	0.3166181862236113	0.358975240699312	0.1179164281625644	0.0016837822411438926	0.11461621496992237	0.12121664135520642	0.18341001748825012	0.1070777168107006	0.00171053805944237	0.18005736289174307	0.18676267208475716
mean_skew	[0.05,0.2)	PLS	2	25231	25228	4207.205	2367.301543	25218	15197.226991549489	138965.81015590005	4140	8470	9035	all	0.6026341102208537	5.147616401238184	0.014287221170105458	0.574631156727447	0.6306370637142603	0.16416845110635261	0.002332646399407471	0.15959646416351397	0.16874043804919125	0.16676728238465197	0.06602756565247078	0.001617786591912312	0.16359642066450383	0.1699381441048001
mean_skew	[0.05,0.2)	PLS	3	21404	21395	3555.345	1813.2151630000005	21397	11659.608003612844	113580.3044821229	3477	8315	9324	all	0.5449178858537572	5.011533723074904	0.015304138425455445	0.5149217745398645	0.5749139971676499	0.16249941580595412	0.0025219822056059744	0.1575563306829664	0.16744250092894183	0.16617644309418086	0.05713754215795643	0.0016341978393318705	0.1629734153290904	0.16937947085927132
mean_skew	[0.05,0.2)	PLS	4	19566	19561	3085.395	1383.902245	19549	10293.410992399562	115398.59952159761	3183	7739	9345	all	0.5265441195150423	5.626082693564464	0.016964488993958908	0.49329372108688285	0.5597945179432018	0.16282162770474193	0.0026406009355349177	0.15764604987109349	0.16799720553839037	0.15773196666837075	0.04587100325670972	0.0015313469322983087	0.15473052668106607	0.16073340665567543
mean_skew	[0.05,0.2)	PLS	5	23456	23443	3537.8200000000006	1365.1009379999996	23456	10080.578002547263	146017.96213084375	3682	10107	11819	all	0.42976543326002997	6.040745178344382	0.016047902661741793	0.39831154404301605	0.4612193224770439	0.15697476125511597	0.002375243988185486	0.1523192830382724	0.16163023947195954	0.1509115727509278	0.03545785162060882	0.0012298428352171397	0.14850108079390223	0.1533220647079534
mean_skew	[0.05,0.2)	PLS	6	114407	114379	15677.025000000001	4457.057429	114344	17606.985961192066	715695.164323736	15490	49779	58030	all	0.15398259603645198	6.235484418959222	0.007384624364219407	0.13950873228258195	0.168456459790322	0.13546841111033373	0.0010120518460927793	0.13348478949199188	0.13745203272867557	0.13706209181755394	0.02018160475811705	4.200535898992718e-4	0.13623878678135137	0.1378853968537565
mean_skew	[0.05,0.2)	dELS	0	8959434	8957305	1662141.309	1479457.7359270002	8946288	-540175.953598226	20334923.261662908	384494	571173	850738	all	-0.060379897628851875	2.269355710685682	5.036511732163317e-4	-0.06136705392835588	-0.05939274132934787	0.042978048549297765	6.780517767390518e-5	0.04284515040105691	0.04311094669753862	0.18556265629003366	0.13073424542692386	1.2081086701084087e-4	0.1853258669906924	0.18579944558937492
mean_skew	[0.05,0.2)	dELS	1	1444306	1444057	276545.413	250807.06897900003	1442587	-55799.41605191512	3849682.2951375204	76815	161042	261436	all	-0.038680104598138705	2.667101973738909	0.00135971786381703	-0.041345151611220085	-0.036015057585057325	0.053248088330201226	1.8693864851895058e-4	0.05288168857910408	0.05361448808129837	0.19150588446300942	0.13700784115591555	3.0802115394529766e-4	0.19090216300127663	0.19210960592474222
mean_skew	[0.05,0.2)	dELS	2	355599	355498	68725.722	61515.76392800001	355132	-164.47703540965315	1057516.2205700213	22472	55709	92567	all	-4.6314338164303175e-4	2.9778198591324636	0.0028957049422650106	-0.006138725068482453	0.00521243830519639	0.0632778797742811	4.085417490895018e-4	0.062477137946065686	0.06407862160249653	0.19332238718642578	0.13566793331546917	6.177603406306584e-4	0.1921115769187897	0.19453319745406186
mean_skew	[0.05,0.2)	dELS	3	141842	141802	26942.963999999993	22992.535137999996	141523	3747.857990128454	453857.4785140577	9925	25149	44387	all	0.02648232435807928	3.206273417017249	0.004759778731580349	0.017153158044181795	0.03581149067197677	0.0701299435427457	6.788117684151115e-4	0.06879947247665208	0.07146041460883931	0.19000411841864	0.12604467539435435	9.428032565305635e-4	0.18815622403584012	0.1918520128014399
mean_skew	[0.05,0.2)	dELS	4	82529	82513	14783.514000000001	11235.294312	82412	-2730.703989720557	293532.77673427487	5663	15620	28320	all	-0.03313478607145266	3.5607175673362903	0.006573149903740501	-0.04601815988278404	-0.020251412260121282	0.06871572101150318	8.811989333730466e-4	0.06698857110209201	0.07044287092091435	0.1791658768921261	0.10406477921566532	0.0011230282854193146	0.17696474145270424	0.18136701233154795
mean_skew	[0.05,0.2)	dELS	5	64761	64745	10844.024000000001	6963.234438000002	64727	-5902.570000156761	239962.4093575045	4193	11756	23785	all	-0.09119177468686578	3.699041243456675	0.007559652762657595	-0.10600869410167466	-0.0763748552720569	0.06477976733048033	9.674619637835308e-4	0.06288354188146461	0.06667599277949604	0.1674882075835972	0.07949753328874479	0.0011080866152984384	0.16531635781761225	0.16966005734958214
mean_skew	[0.05,0.2)	dELS	6	102210	102196	15586.858	8002.252776000001	102160	-24797.445013429624	407850.51225300186	5655	20015	40579	all	-0.24273145079707933	3.9333919913941138	0.006205019811676187	-0.25489328962796465	-0.23056961196619402	0.055354346123727485	7.154345110723556e-4	0.05395209448202567	0.0567565977654293	0.15251925711378136	0.05504140880769119	7.338846800595331e-4	0.15108084314086467	0.15395767108669806
mean_skew	[0.05,0.2)	non-cCRE	0	46523755	46499324	8207783.258999999	6971771.180949	45962942	-7068293.571596672	57314339.1624861	591546	1247765	268865	all	-0.1537824443787056	1.223319449890286	1.631420933911196e-4	-0.15410220288175222	-0.153462685875659	0.012870063887555327	1.6625457424569062e-5	0.012837477991003172	0.012902649784107482	0.1765140340319786	0.11877554104266787	5.054057622147974e-5	0.1764149745025845	0.1766130935613727
mean_skew	[0.05,0.2)	pELS	0	985209	984003	177138.01200000002	149729.43020400003	983901	-69428.72495174929	2113406.735905853	38534	155157	83566	all	-0.07056474681065401	2.1430099761238406	0.0014758302078379984	-0.0734573740180165	-0.06767211960329153	0.039164509437433236	1.9556681491247178e-4	0.03878119848020479	0.03954782039466168	0.1800177560434267	0.11975732038529031	3.4886132321888347e-4	0.1793339878499177	0.18070152423693572
mean_skew	[0.05,0.2)	pELS	1	297487	297337	50479.69	36301.58998	297195	10635.20798688848	797333.84647964	17920	81139	51269	all	0.03578528571102636	2.681592705516373	0.0030038321310586783	0.029897774734151353	0.04167279668790137	0.06029711132421474	4.3663926273115633e-4	0.05944129836926167	0.061152924279167804	0.16977264854357177	0.09326660515726835	5.60065223888426e-4	0.16867492070475046	0.17087037638239308
mean_skew	[0.05,0.2)	pELS	2	136003	135960	21282.839	11842.865223	135877	24438.943988989806	438555.16458973865	11683	46750	35925	all	0.17986078577676726	3.1952630112773743	0.004849314278920837	0.1703561297900824	0.1893654417634521	0.08598217505538097	7.605163783817941e-4	0.08449156295375265	0.08747278715700929	0.15653750367755223	0.0626019809999246	6.785603205027443e-4	0.15520752544936686	0.1578674819057376
mean_skew	[0.05,0.2)	pELS	3	92722	92712	13795.623999999998	5969.848644000001	92701	25447.235010793553	324771.4046613342	9235	36300	32478	all	0.27450874327993824	3.428111285421489	0.006081143423819139	0.2625897021692527	0.2864277843906238	0.09962136330783918	9.836636474800946e-4	0.09769338255877819	0.10154934405690016	0.1488008456294762	0.04225009035404325	6.750653953266337e-4	0.147477717454636	0.1501239738043164
mean_skew	[0.05,0.2)	pELS	4	60472	60468	8716.122000000003	3409.056865999999	60467	15286.663999386836	230949.70245872604	6104	23532	24267	all	0.25281002860050666	3.755582980449091	0.007880966293723694	0.23736333466480822	0.2682567225362051	0.10094762432401144	0.0012251276365437078	0.09854637415638577	0.10334887449163711	0.14414437388370713	0.03560085530315698	7.673039144099376e-4	0.14264045821146365	0.1456482895559506
mean_skew	[0.05,0.2)	pELS	5	50111	50089	7003.207	2386.2400569999995	50108	13840.035975266484	219823.077066994	5551	20673	21830	all	0.27620411860913396	4.310782967029095	0.009275226945859812	0.25802467379524874	0.2943835634230192	0.11078071365849765	0.001402112889320518	0.10803257239542943	0.11352885492156586	0.13981526882149775	0.02809225338768577	7.488970293171083e-4	0.1383474306440362	0.1412831069989593
mean_skew	[0.05,0.2)	pELS	6	78739	78713	10900.392	3433.198424	78704	20784.874994824295	431814.5657430639	9555	32380	37056	all	0.26408918218672867	5.416890145278165	0.008296150299666129	0.24782872759938304	0.28034963677407426	0.12140424883106322	0.001164161117239365	0.11912249304127406	0.12368600462085239	0.1384827410974045	0.02443950427893817	5.572152114998749e-4	0.13739059928286473	0.13957488291194425
mean_skew	[0.2,0.5)	Other cCREs	0	618098	617507	135021.23500000002	161911.494247	613596	-89024.2829020104	946781.7909814036	12817	22823	30243	all	-0.14508615261835214	1.521957643536116	0.001574925530149904	-0.14817300665744595	-0.14199929857925833	0.020888336951349097	1.8256889385790252e-4	0.020530501919387607	0.021246171983310587	0.2186553917607412	0.21439204349764357	5.892280177957752e-4	0.21750050484586148	0.21981027867562092
mean_skew	[0.2,0.5)	Other cCREs	1	33884	33879	7145.677999999999	7991.4188060000015	33792	-6938.744996073774	62564.698893478984	796	1842	3884	all	-0.20533691394631196	1.8093551066652298	0.007317369013751942	-0.21967895721326577	-0.19099487067935814	0.023555871212121212	8.250235330012677e-4	0.02193882508743873	0.025172917336803696	0.21091761858378344	0.1914005968201626	0.0023768750527502765	0.2062589434803929	0.215576293687174
mean_skew	[0.2,0.5)	Other cCREs	2	6002	5990	1135.476	1099.8445659999998	5965	-1167.5809961603957	12386.114340574642	153	422	1111	all	-0.19573864143510405	2.0384932298156877	0.01848627514636755	-0.23197174072198445	-0.15950554214822366	0.02564962279966471	0.0020468821853297328	0.021637733716418434	0.029661511882910985	0.18956193656093492	0.14770438078502848	0.004965731999210662	0.17982910184248202	0.19929477127938783
mean_skew	[0.2,0.5)	Other cCREs	3	3093	3092	504.202	358.35805999999997	3091	-686.0129998419434	6640.77878960025	90	217	806	all	-0.22193885468843202	2.0998465534349364	0.026064192670746316	-0.2730246723230948	-0.17085303705376925	0.029116790682626983	0.0030241668246258516	0.023189423706360315	0.035044157658893654	0.1630666235446313	0.0893366361292623	0.005375205285927925	0.15253122118421258	0.17360202590505003
mean_skew	[0.2,0.5)	Other cCREs	4	2357	2357	379.0069999999999	271.9036749999998	2347	-567.8429990876467	5269.0117861149965	57	193	738	all	-0.24194418367603185	2.187393638211674	0.03052860273730718	-0.3017802450411539	-0.18210812231090978	0.024286322965487855	0.0031774998198851575	0.018058423318512946	0.030514222612462765	0.1608005939753924	0.08954122422715122	0.006163561343006107	0.14872001374310043	0.17288117420768437
mean_skew	[0.2,0.5)	Other cCREs	5	1686	1686	264.035	161.17316899999997	1679	-565.6260001194896	4181.612919580363	46	133	566	all	-0.33688266832608077	2.3784644358674027	0.037637691908697826	-0.4106525444671285	-0.26311279218503303	0.0273972602739726	0.003983785660085014	0.019589040380205973	0.03520548016773923	0.15660438908659552	0.07111224280565029	0.006494465332566008	0.14387523703476615	0.1693335411384249
mean_skew	[0.2,0.5)	Other cCREs	6	2463	2463	364.381	183.55446100000006	2460	-830.6289996930865	6475.48385871389	78	304	963	all	-0.33765406491588884	2.5193243597114687	0.032001806095572884	-0.4003776048632117	-0.27493052496856596	0.03170731707317073	0.003532771265149603	0.02478308539347751	0.03863154875286395	0.1479419407226959	0.052659313037174416	0.004623867586385325	0.13887916025338065	0.15700472119201114
mean_skew	[0.2,0.5)	PLS	0	16137	16021	3574.8279999999995	4073.1522619999996	16116	2859.5790012314683	59396.45995131013	1483	3236	2617	all	0.17743726738840085	3.65430121423831	0.015058216667097182	0.14792316272089037	0.20695137205591133	0.09202035244477538	0.002276938883974457	0.08755755223218545	0.09648315265736532	0.2231338867736096	0.2044623592891929	0.0035724147488018026	0.21613195386595807	0.23013581968126112
mean_skew	[0.2,0.5)	PLS	1	9886	9871	1826.1050000000002	1457.605063	9886	5551.4139991203565	51306.67149115606	1508	2964	2989	all	0.561542989998013	4.874993816426221	0.022206327039683685	0.518018589000233	0.605067390995793	0.1525389439611572	0.0036160959000841385	0.14545139599699228	0.1596264919253221	0.1849969607942458	0.11345300789349785	0.0033902164848505396	0.17835213648393874	0.19164178510455285
mean_skew	[0.2,0.5)	PLS	2	7715	7714	1302.401	769.0783729999999	7713	7117.164998215507	49183.31780463111	1596	2718	3170	all	0.9227492542740188	5.525928307829694	0.026766461236873283	0.8702869902497471	0.9752115182982904	0.20692337611824194	0.004612651958274327	0.19788257828002426	0.21596417395645962	0.16883601244490537	0.07120266842418549	0.0030381437424973658	0.16288125070961054	0.1747907741802002
mean_skew	[0.2,0.5)	PLS	3	7167	7163	1135.2069999999999	527.1654169999999	7167	6643.093001194998	44782.43482299533	1520	2838	3324	all	0.926900097836612	5.390029482312305	0.02742375170234014	0.8731495445000254	0.9806506511731986	0.2120831589228408	0.004828637258451483	0.2026190298962759	0.2215472879494057	0.1584820605891386	0.048485824133591975	0.002601716165255166	0.15338269690523848	0.16358142427303873
mean_skew	[0.2,0.5)	PLS	4	6398	6397	984.1419999999999	432.323872	6388	5780.200996401022	44533.26024211436	1365	2602	3274	all	0.90485300507217	6.153597620259863	0.031037168469279872	0.8440201548723815	0.9656858552719586	0.21368190356919223	0.0051286203770467866	0.20362980763018051	0.22373399950820394	0.15384430201657026	0.043921080820013836	0.0026202838134029662	0.14870854574230044	0.15898005829084008
mean_skew	[0.2,0.5)	PLS	5	7537	7536	1125.9560000000004	426.811258	7537	5403.842992878867	54671.25300923098	1451	3210	3950	all	0.7169753208012296	6.7405561233880285	0.02990533053486229	0.6583608729528996	0.7755897686495596	0.19251691654504444	0.00454152707163226	0.18361552348464522	0.20141830960544366	0.1494102972399151	0.034317430306693306	0.0021339632467223136	0.14522772927633937	0.15359286520349086
mean_skew	[0.2,0.5)	PLS	6	35286	35282	4754.061000000001	1314.736941	35258	15897.768983985296	252326.6773818195	6156	15138	18466	all	0.45089820704479255	6.9534674490435435	0.014043387394408505	0.4233731677517519	0.47842324633783323	0.17459867264166998	0.002021734925603751	0.17063607218748664	0.17856127309585332	0.1347446573323508	0.019108092758649328	7.359224854668112e-4	0.13330224926083586	0.13618706540386574
mean_skew	[0.2,0.5)	dELS	0	1486833	1486355	313514.314	357505.5147	1484234	-123606.9059640347	3319373.339162721	60708	105572	179716	all	-0.08327993157685021	2.2294877990798008	0.0012256073648455371	-0.08568212201194746	-0.08087774114175296	0.040901906303184	1.6257437784395092e-4	0.040583260522609854	0.04122055208375815	0.21092828698393049	0.19603437505670782	3.6316571521004406e-4	0.2102164821821188	0.21164009178574217
mean_skew	[0.2,0.5)	dELS	1	298129	298058	62518.11500000001	67805.57987700001	297722	-6026.032016953694	804482.3427949024	16599	34961	67454	all	-0.020240465994967434	2.701725350575803	0.0030124173137555756	-0.02614480392992836	-0.014336128060006507	0.05575335379985356	4.205065453676944e-4	0.054929160970932873	0.05657754662877424	0.2097515080957398	0.18349614661775135	7.846267003489325e-4	0.2082136397630559	0.21128937642842371
mean_skew	[0.2,0.5)	dELS	2	85312	85288	17526.692000000003	17677.523059999996	85214	4687.346988265868	268425.90828675474	6131	13827	26991	all	0.05500677105013106	3.1470324066062534	0.006077082492001965	0.04309568936580721	0.06691785273445491	0.07194827141080104	8.85198762698223e-4	0.07021328183591252	0.07368326098568956	0.2055000937998312	0.16504023133653717	0.0013910762844837395	0.20277358428224307	0.20822660331741932
mean_skew	[0.2,0.5)	dELS	3	35852	35843	7073.947999999999	6656.957151999998	35782	4088.7459970153877	121191.87369746476	2928	6665	13489	all	0.11426823534222201	3.373987868075885	0.009710452152384136	0.0952357491235491	0.13330072156089492	0.08182885249566821	0.001449047912354017	0.07898871858745433	0.08466898640388208	0.1973592612225539	0.1467788628088063	0.0020236228897422015	0.1933929603586592	0.2013255620864486
mean_skew	[0.2,0.5)	dELS	4	20728	20724	3820.0000000000014	3187.474943999999	20697	2194.500001930167	77946.75194706372	1790	4074	8434	all	0.10602985949317133	3.7550284799092237	0.013469544759561174	0.07962955176443143	0.13243016722191123	0.08648596414939363	0.0019537848068520466	0.08265654592796362	0.09031538237082365	0.18432734993244554	0.11983518154987487	0.002404669402001441	0.1796141979045227	0.18904050196036837
mean_skew	[0.2,0.5)	dELS	5	15546	15543	2679.48	1881.3263280000003	15536	819.1509987808531	63170.51349355384	1312	3025	6761	all	0.052725991167665624	4.0635547438189334	0.016172734282733407	0.02102743197350815	0.0844245503618231	0.08444902162718847	0.0022308428123206355	0.08007656971504003	0.0888214735393369	0.17239143022582512	0.09132717401483119	0.002423999836061509	0.16764039054714455	0.1771424699045057
mean_skew	[0.2,0.5)	dELS	6	23295	23293	3593.3409999999994	1994.9952150000001	23283	-2619.10400522768	100551.96488352986	1676	4928	10544	all	-0.11248997144816733	4.306216903563354	0.013599673488548132	-0.13914533148572167	-0.085834611410613	0.07198385087832324	0.001693853461130512	0.06866389809450743	0.07530380366213904	0.1542669900828575	0.06185219451265134	0.0016295393158899665	0.15107309302371316	0.15746088714200182
mean_skew	[0.2,0.5)	non-cCRE	0	5469817	5465663	1097316.1760000002	1242129.8295319998	5413034	-927647.2686759561	6956406.747256502	67586	191483	54242	all	-0.17137288786214092	1.2557531343160249	4.8165021438323314e-4	-0.17231692228233206	-0.17042885344194977	0.012485788930939655	4.772646784009427e-5	0.01239224505397307	0.012579332807906239	0.20076542882354806	0.18695387254139456	1.8494636819145897e-4	0.2004029339418928	0.20112792370520333
mean_skew	[0.2,0.5)	pELS	0	168289	168044	34187.925	36405.852003	168002	-12545.948981209078	367901.71954764024	6709	28421	18359	all	-0.0746773787288787	2.184301408706242	0.00360577860080475	-0.08174470478645601	-0.06761005267130138	0.039934048404185664	4.777107099739001e-4	0.03899773541263682	0.04087036139573451	0.2034462700245174	0.17525541785062188	0.001021231544218845	0.20144465619784846	0.20544788385118634
mean_skew	[0.2,0.5)	pELS	1	62567	62521	11296.901999999998	9314.645126000001	62475	8202.451004593053	191134.02101116514	4664	17511	13559	all	0.13129173276659548	3.042179258665029	0.006978133409228521	0.11761459128450757	0.14496887424868338	0.07465386154461785	0.0010515383460315596	0.072592846386396	0.0767148767028397	0.18068972025399463	0.11633734907042881	0.0013641013032806674	0.1780160816995645	0.18336335880842475
mean_skew	[0.2,0.5)	pELS	2	32760	32750	5332.739000000001	3280.3806449999993	32713	11169.624000351296	126030.5090040203	3586	11350	10387	all	0.3414429737520648	3.7361432920533115	0.010686895810353972	0.320496657963771	0.36238928954035854	0.10962002873475377	0.0017273186415862267	0.10623448419724477	0.11300557327226277	0.16283172519083974	0.0736523727026024	0.0014996424276361633	0.15989242603267287	0.16577102434900662
mean_skew	[0.2,0.5)	pELS	3	23871	23869	3625.7370000000005	1682.3035110000003	23869	11698.694004285848	100385.78159708386	3123	9385	9668	all	0.49012082635576887	3.965644713609016	0.012889610355549704	0.4648571900588915	0.5153844626526463	0.13083916376890528	0.0021827391705598964	0.12656099499460788	0.13511733254320268	0.15190150404290084	0.04740860597603507	0.0014093260529715469	0.1491392249790766	0.15466378310672507
mean_skew	[0.2,0.5)	pELS	4	16424	16422	2402.4059999999995	950.6820540000001	16424	8029.309010295897	76377.91699582805	2212	6541	7479	all	0.4888765836760775	4.411652915885956	0.01638933002202187	0.45675349683291466	0.5209996705192403	0.1346809547004384	0.0026638008685075216	0.12945990499816365	0.13990200440271314	0.14629192546583847	0.03649165425426692	0.001490677690351338	0.14337019719274985	0.1492136537389271
mean_skew	[0.2,0.5)	pELS	5	14307	14305	1987.7379999999996	676.0227359999998	14305	7502.022001208041	71594.29983209619	2065	6087	6887	all	0.5244335547856023	4.730144558579619	0.018184161324471988	0.4887925985896372	0.5600745109815674	0.14435512058720726	0.0029384543196564164	0.13859575012068068	0.15011449105373384	0.1389540720027962	0.02795151334069531	0.001397844081771925	0.1362142976025232	0.14169384640306917
mean_skew	[0.2,0.5)	pELS	6	23120	23115	3171.304	967.4604279999999	23110	12847.762004218994	139070.66395788683	3681	9491	11816	all	0.5559395068896146	5.708948266243723	0.015717305004381857	0.5251335890810261	0.586745424698203	0.15928169623539593	0.002407178050183762	0.15456362725703576	0.1639997652137561	0.13719679861561757	0.023032260611019182	9.982086618531769e-4	0.13524030963838535	0.13915328759284978
mean_skew	[0.5,1.0)	Other cCREs	0	127414	127283	30292.880000000005	40335.95827000001	126357	-24130.021966993227	197133.25660708177	2315	4921	7040	all	-0.19096703757602054	1.5236729383282215	0.0034725317397753205	-0.19777319978598018	-0.1841608753660609	0.018321106072477188	3.772775110609179e-4	0.01758164215079779	0.019060569994156586	0.23799627601486456	0.260259625400566	0.001429941263700874	0.23519359113801086	0.24079896089171826
mean_skew	[0.5,1.0)	Other cCREs	1	7543	7543	1711.7669999999998	2159.9847649999992	7526	-1827.2389955455437	14799.982677771573	146	393	973	all	-0.24279019340227792	1.907820195169553	0.015921596515608608	-0.27399652257287077	-0.21158386423168504	0.019399415360085038	0.0015898578216746422	0.01628329402960274	0.022515536690567335	0.22693450881612087	0.23488806174056676	0.0055803111884943956	0.21599709888667185	0.2378719187455699
mean_skew	[0.5,1.0)	Other cCREs	2	1327	1327	279.956	332.23840799999994	1319	-350.10499963921023	2621.527477545689	23	84	278	all	-0.26543214529128906	1.918511651300643	0.03813816758329583	-0.3401829537545489	-0.19068133682802924	0.017437452615617893	0.003604119858710088	0.01037337769254612	0.024501527538689664	0.21096910324039186	0.20601534067362956	0.012459893176128545	0.1865477126151799	0.23539049386560382
mean_skew	[0.5,1.0)	Other cCREs	3	604	604	102.68599999999998	86.44004800000002	602	-156.9929992823163	1659.6147875979016	17	41	168	all	-0.2607857130935487	2.693299927336718	0.06688736909968582	-0.3918849565289329	-0.1296864696581645	0.02823920265780731	0.006751614805129327	0.015006037639753828	0.041472367675860794	0.1700099337748344	0.1143986864683207	0.013762332607105906	0.14303576186490682	0.19698410568476196
mean_skew	[0.5,1.0)	Other cCREs	4	438	438	74.72399999999996	60.114538	438	-156.5019996964839	961.6098979250513	8	33	157	all	-0.3573105015901459	2.072517368223432	0.068787897287935093	-0.49213478027449864	-0.2224862229057931	0.0182648401826484	0.006398350921201992	0.005724072377092496	0.030805607988204305	0.1706027397260273	0.1083899745462525	0.01573104241018626	0.13976989660206224	0.20143558284999236
mean_skew	[0.5,1.0)	Other cCREs	5	266	266	39.267	29.182015000000003	264	-79.83000054117291	654.2994238122134	9	18	103	all	-0.30238636568626104	2.396045323482266	0.09526767161852254	-0.48911100205856517	-0.11566172931395688	0.03409090909090909	0.01116825842481387	0.012201122578273903	0.055980695603544274	0.1476203007518797	0.08824682509575828	0.018214142350464955	0.1119205817449684	0.18332001975879103
mean_skew	[0.5,1.0)	Other cCREs	6	462	462	63.083999999999996	24.360888	461	-206.4860006273958	1406.642422236485	17	45	186	all	-0.44790889507027293	2.8568597953217134	0.07872161603714994	-0.6022032625030869	-0.29361452763745904	0.0368763557483731	0.008777373066601942	0.01967270453783329	0.05408000695891291	0.13654545454545453	0.03415846972983633	0.008598609286757505	0.11969218034340981	0.15339872874749924
mean_skew	[0.5,1.0)	PLS	0	3919	3891	927.3990000000001	1104.7802009999998	3914	793.3950004582296	14697.38487097217	368	805	701	all	0.20270694952944035	3.714939481384455	0.030808138708393922	0.14232299766098827	0.26309090139789243	0.09402146142054164	0.004665111658812614	0.08487784256926892	0.10316508027181437	0.23834464148033926	0.2271824212945436	0.007641115186871259	0.2233680557140716	0.25332122724660694
mean_skew	[0.5,1.0)	PLS	1	2509	2503	522.482	473.38525599999997	2509	1223.7990014237585	12006.917512733642	369	748	853	all	0.4877636514243756	4.549438932691261	0.042582248422387975	0.40430244451649516	0.571224858332256	0.1470705460342766	0.007070808539983934	0.1332117612959081	0.16092933077264512	0.20874230922892528	0.14561197313727123	0.007627252406979382	0.1937928945112457	0.22369172394660486
mean_skew	[0.5,1.0)	PLS	2	1998	1998	338.416	193.30555199999995	1998	2257.846997853485	15797.002018660094	476	701	806	all	1.1300535524792217	6.632706057977575	0.057616600921006074	1.0171250146740498	1.2429820902843935	0.23823823823823823	0.009530541498831547	0.2195583769005284	0.2569180995759481	0.16937737737737737	0.06809491109537176	0.005837939455387547	0.15793501604481777	0.18081973870993698
mean_skew	[0.5,1.0)	PLS	3	1919	1918	306.153	148.51161699999997	1919	2108.361998829176	15152.311319990476	467	798	914	all	1.0986774355545472	6.692336582844723	0.05905428289917825	0.9829310410721579	1.2144238300369365	0.2433559145388223	0.00979556038896814	0.22415661617644475	0.2625552129011999	0.15962095933263817	0.05197870706178132	0.005205811456500972	0.14941756887789626	0.1698243497873801
mean_skew	[0.5,1.0)	PLS	4	1657	1656	248.4219999999999	96.24999399999999	1654	1820.9789952554272	12465.433689623647	383	686	841	all	1.1009546525123501	6.32826279048392	0.061854955698213906	0.9797189393438509	1.2221903656808495	0.23155985489721886	0.010372152761136977	0.2112304354853904	0.25188927430904734	0.15001328502415454	0.035639512814338054	0.004639121138340157	0.14092060759300784	0.15910596245530123
mean_skew	[0.5,1.0)	PLS	5	1943	1943	279.34499999999997	90.63788499999998	1943	1875.779997433419	16944.990612176665	455	810	1035	all	0.965404013089768	7.79305101698297	0.06333114783131596	0.8412749633403886	1.0895330628391473	0.2341739577972208	0.009607225024133489	0.21534379674991916	0.25300411884452245	0.1437699433865157	0.025992003174404615	0.0036574927623217145	0.13660125757236513	0.15093862920066625
mean_skew	[0.5,1.0)	PLS	6	8176	8173	1122.719	313.19127899999995	8175	5758.494002494263	66671.68573370381	1698	3570	4295	all	0.7044029360849252	7.660311432703623	0.03061112794144538	0.6444051253196923	0.7644007468501581	0.20770642201834863	0.004486670223753891	0.198912548379791	0.21650029565690626	0.1373692646519026	0.01945229999501719	0.0015427470686027148	0.1343454803974413	0.14039304890636392
mean_skew	[0.5,1.0)	dELS	0	319245	319147	75155.931	96806.982589	318704	-45472.23696082715	709162.3197918631	11889	23857	44519	all	-0.14267858878717288	2.204793821185544	0.0026302088482620545	-0.1478337981297665	-0.13752337944457926	0.03730420703850595	3.3568326156535545e-4	0.03664626784583785	0.03796214623117405	0.23549001243940879	0.24787561637280323	8.812954346699438e-4	0.23376267338745568	0.2372173514913619
mean_skew	[0.5,1.0)	dELS	1	68524	68510	16044.018999999997	19736.935688999998	68450	-4116.013985097641	185138.6100727015	3707	8307	17283	all	-0.060131687145327115	2.7011513273745975	0.006281852452256041	-0.07244411795174896	-0.047819256338905276	0.054156318480642805	8.650625757903901e-4	0.05246079583209364	0.05585184112919197	0.23418506787330312	0.2332491499003698	0.0018451558354056151	0.23056856243590812	0.23780157331069812
mean_skew	[0.5,1.0)	dELS	2	20518	20516	4566.334000000002	5093.337384	20489	1189.3929911125451	66276.34673511026	1505	3413	6965	all	0.0580503192499656	3.231516111492703	0.012558644922003464	0.03343537520283881	0.0826652632970924	0.07345404851383669	0.0018225563673520471	0.06988183803382668	0.0770262589938467	0.22257428348605973	0.19873209192259161	0.003112344461106359	0.21647408834229126	0.2286744786298282
mean_skew	[0.5,1.0)	dELS	3	8701	8700	1841.655999999999	1890.510288	8684	1303.0630023020785	30802.199704004965	765	1723	3517	all	0.15005331670912928	3.5248958630229854	0.020147132290890327	0.11056493741898424	0.1895416959992743	0.08809304467987103	0.0030414884171527747	0.0821317273822516	0.09405436197749047	0.2116845977011493	0.172509492876893	0.004452940303010092	0.20295683470724954	0.22041236069504908
mean_skew	[0.5,1.0)	dELS	4	5085	5084	992.264	893.2299599999999	5082	692.7230040559085	20409.055655612534	487	1062	2187	all	0.1363091310617687	3.9981561080226675	0.028048687458891927	0.08133370364234052	0.19128455848119688	0.09582841401023219	0.004129098540562726	0.08773538087072924	0.10392144714973514	0.19517387883556256	0.13762855524121761	0.0052029721889493745	0.1849760533452218	0.20537170432590332
mean_skew	[0.5,1.0)	dELS	5	3504	3500	673.523	578.5892650000001	3502	384.9650017356033	15823.196781787969	364	656	1594	all	0.10992718496162288	4.507534608065818	0.03587661532455577	0.039609018925493567	0.18024535099775219	0.10394060536836093	0.005157069079042241	0.09383274997343814	0.11404846076328372	0.19243514285714286	0.12831659624962236	0.0060549058326904845	0.1805675274250695	0.2043027582892162
mean_skew	[0.5,1.0)	dELS	6	5105	5105	802.806	478.61685600000004	5104	38.12700477894345	25962.033117846026	482	1110	2416	all	0.007470024447285159	5.087546209717465	0.03157176420486097	-0.05441063339424234	0.06935068228881267	0.09443573667711598	0.00409328977983024	0.08641288870864872	0.10245858464558324	0.15725876591576887	0.06903773024495011	0.0036774381664629917	0.1500509871095014	0.16446654472203634
mean_skew	[0.5,1.0)	non-cCRE	0	980225	979565	205153.035	246698.509443	971731	-188892.23867586316	1270950.0235053704	11061	39341	12659	all	-0.19438737539078527	1.2701385744985536	0.0011432797837535038	-0.19662820376694212	-0.1921465470146284	0.011382779802229218	1.0761312022830374e-4	0.011171858086581743	0.011593701517876693	0.20943279414842303	0.20798307828270615	4.607839795554804e-4	0.20852965754849428	0.21033593074835177
mean_skew	[0.5,1.0)	pELS	0	36509	36451	7899.029999999999	9058.911643999998	36430	-3661.970010961988	82766.65202961827	1443	6466	4524	all	-0.10052072497836914	2.2618943190663297	0.007879643503841696	-0.11596482624589886	-0.08507662371083942	0.039610211364260225	0.0010218749690508806	0.0376073364249205	0.04161308630359995	0.21670269677100762	0.2015684647770893	0.002351562740642066	0.21209363379934917	0.22131175974266606
mean_skew	[0.5,1.0)	pELS	1	14487	14476	2795.178	2569.7946359999996	14458	1993.668002569117	44699.062384450954	1133	3991	3452	all	0.1378937614171474	3.0728469256802713	0.014578617885053165	0.1093196703624432	0.1664678524718516	0.07836491907594412	0.002235044802381286	0.0739842312632768	0.08274560688861143	0.1930904946117712	0.1402467933300213	0.0031125918993216797	0.1869898144891007	0.19919117473444167
mean_skew	[0.5,1.0)	pELS	2	8168	8166	1385.3340000000003	958.3588980000001	8162	3262.717994106585	34271.26720979797	971	2837	2751	all	0.39974491473984136	4.039579988166118	0.022246915785473595	0.35614095980031313	0.4433488696793696	0.11896593972065671	0.0035835162127889784	0.11194224794359031	0.1259896314977231	0.16964658339456284	0.08859053497117902	0.003293737423867696	0.16319085804378217	0.17610230874534352
mean_skew	[0.5,1.0)	pELS	3	6142	6142	949.6299999999999	457.048708	6140	3979.6110010349657	30121.802865039353	986	2381	2611	all	0.6481451141750758	4.486469691871829	0.027031377870091498	0.5951636135496965	0.7011266148004551	0.16058631921824104	0.004685523364754219	0.15140269342332277	0.1697699450131593	0.1546125040703354	0.0505168597556892	0.00286789513295024	0.14899142960975292	0.16023357853091785
mean_skew	[0.5,1.0)	pELS	4	4233	4233	618.9019999999999	268.841188	4233	2528.3180009518983	21362.956717095636	648	1672	2029	all	0.5972875031778639	4.691120976150148	0.03329002966594497	0.5320390450326118	0.6625359613231161	0.15308291991495393	0.0055342615514821815	0.14223576727404885	0.163930072555859	0.14620883534136545	0.04214372575367633	0.0031553121469276376	0.1400244235333873	0.1523932471493436
mean_skew	[0.5,1.0)	pELS	5	3619	3617	503.333	160.086881	3618	2718.10100569611	22432.706253554577	661	1587	1800	all	0.7512716986445854	5.637454767464115	0.03947364707701982	0.6739033503736266	0.8286400469155443	0.18269762299613046	0.006424266493969791	0.17010606066794967	0.19528918532431125	0.1391575891622892	0.024901624495071207	0.0026238535153198946	0.1340148362722622	0.1443003420523162
mean_skew	[0.5,1.0)	pELS	6	5888	5886	778.1160000000001	201.73888599999995	5888	4022.4400037897294	38801.59152188958	1048	2439	3076	all	0.6831589680349405	6.124278165435388	0.03225102734038229	0.6199469544477911	0.7463709816220898	0.17798913043478262	0.0049848445564203234	0.1682188351041988	0.18775942576536644	0.13219775739041795	0.016800967852234065	0.001689495430623454	0.12888634634639598	0.13550916843443991
mean_skew	[1.0,1.5)	Other cCREs	0	21434	21419	4920.25	6623.225607999999	21260	-4884.452000527759	31400.014257164738	293	806	1278	all	-0.22974844781409967	1.4242353352284214	0.008184822171595465	-0.2457906992704268	-0.21370619635777255	0.013781749764816557	7.995710614606627e-4	0.012214590484353657	0.015348909045279456	0.22971427237499417	0.2564653076546332	0.003460307687133075	0.22293206930821335	0.236496475441775
mean_skew	[1.0,1.5)	Other cCREs	1	1232	1232	275.16	345.30575600000003	1228	-308.7730008910875	2440.8871325784303	31	77	154	all	-0.25144381180055986	1.9260375486986778	0.03960346557955472	-0.3290666043364871	-0.17382101926463261	0.025244299674267102	0.004476415304754189	0.016470525676948893	0.03401807367158531	0.22334415584415587	0.23058519746378722	0.013680764219505336	0.19652985797392541	0.25015845371438633
mean_skew	[1.0,1.5)	Other cCREs	2	186	186	41.485	50.758945000000004	185	-69.43400001665576	501.68818298421183	4	15	42	all	-0.37531891900895004	2.5849363541059414	0.11820587523940253	-0.607002434478179	-0.1436354035397211	0.021621621621621623	0.010693298507634013	6.627565466589581e-4	0.04258048669658429	0.22303763440860214	0.22435799317058996	0.034730761145335624	0.15496534256374433	0.29110992625345994
mean_skew	[1.0,1.5)	Other cCREs	3	97	97	16.27	12.368956	97	-55.550000075250885	269.2282958774676	2	12	32	all	-0.5726804131469163	2.473082280042309	0.15967370982313775	-0.8856408844002663	-0.25971994189356634	0.020618556701030927	0.01442843406231923	-0.007661174061114762	0.04889828746317662	0.1677319587628866	0.10041621907216496	0.03217481551339942	0.10466932035662374	0.23079459716914946
mean_skew	[1.0,1.5)	Other cCREs	4	58	58	10.322000000000003	8.497062	58	-13.193999818526198	144.5915566183447	3	6	14	all	-0.227482755491831	2.4840377049766253	0.20694984004028716	-0.6331044419707939	0.17813893098713185	0.05172413793103448	0.029080373606172646	-0.005273394337063905	0.10872167019913287	0.17796551724137935	0.11684389352692073	0.04488373746018913	0.08999339181940866	0.26593764266335007
mean_skew	[1.0,1.5)	Other cCREs	6	68	68	11.02	7.19429	68	-44.34800002537669	250.65138765866072	1	5	31	all	-0.652176470961422	3.309383067282291	0.22060688576803078	-1.0845659670667622	-0.21978697485608162	0.014705882352941176	0.014597350372565921	-0.01390492437728803	0.04331668908317038	0.16205882352941176	0.08072241439859526	0.03445423528959984	0.09452852236179608	0.2295891246970274
mean_skew	[1.0,1.5)	PLS	0	717	715	136.286	140.67092599999995	714	154.22699988121155	2920.9148202108763	72	169	145	all	0.21600420151430189	4.049931473000826	0.07531382961564036	0.0683890954676468	0.36361930756095695	0.10084033613445378	0.011269027652532192	0.07875304193549068	0.12292763033341689	0.19060979020979021	0.16063512623454967	0.014988812902166514	0.16123171692154384	0.2199878634980366
mean_skew	[1.0,1.5)	PLS	1	452	451	72.07000000000001	45.205673999999995	452	303.89700163435197	2633.9612333192445	75	143	152	all	0.6723384991910442	5.387227448629148	0.10917254598960353	0.4583603090514212	0.8863166893306671	0.16592920353982302	0.017498211220365604	0.13163270954790643	0.2002256975317396	0.15980044345898006	0.07486412453313622	0.012883937346047885	0.1345479262607262	0.18505296065723392
mean_skew	[1.0,1.5)	PLS	2	384	384	66.039	39.772593	384	500.88100209459674	3489.0048272538083	96	136	163	all	1.3043776096213457	7.403829929600298	0.13885534598399196	1.0322211314927214	1.57653408774997	0.25	0.02209708691207961	0.20668970965232397	0.29331029034767603	0.1719765625	0.07419173051974542	0.013899914804121536	0.1447327294839218	0.19922039551607823
mean_skew	[1.0,1.5)	PLS	3	349	349	56.19	25.132252000000005	349	415.3120015310124	2816.168767131893	89	145	155	all	1.1900057350458808	6.672256044473002	0.13826862320068772	0.9189992335725329	1.4610122365192288	0.25501432664756446	0.023331547064035427	0.20928449440205502	0.3007441588930739	0.16100286532951288	0.04622270401475482	0.011508400322340207	0.13844640069772607	0.1835593299612997
mean_skew	[1.0,1.5)	PLS	4	309	309	55.497	31.058547000000004	309	294.58400256291503	2276.651070159941	62	138	145	all	0.9533462866113755	6.479904237732046	0.14481216756942591	0.6695144381753008	1.2371781350474502	0.20064724919093851	0.0227827740086869	0.1559930121339122	0.24530148624796483	0.17960194174757282	0.06847785077543816	0.014886610344804901	0.1504241854717552	0.20877969802339044
mean_skew	[1.0,1.5)	PLS	5	330	330	45.165000000000006	9.135815	330	331.23399859014916	2770.536976394966	77	137	148	all	1.0037393896671187	7.410529984234318	0.14985376694423375	0.7100260064564206	1.297452772877817	0.23333333333333334	0.0232827735050518	0.1876990972634318	0.27896756940323486	0.13686363636363638	0.008979844570323286	0.0052164787177847154	0.12663933807677835	0.1470879346504944
mean_skew	[1.0,1.5)	PLS	6	1186	1186	162.878	34.055144	1186	1048.5369986201404	11072.131785612317	282	484	589	all	0.884095277082749	8.561287069439436	0.08496248090431475	0.7175688145102921	1.050621739655206	0.23777403035413153	0.012361800652906343	0.2135449010744351	0.262003159633828	0.13733389544688027	0.009862003187681889	0.0028836345794136476	0.13168197167122953	0.142985819222531
mean_skew	[1.0,1.5)	dELS	0	55638	55624	12957.697000000002	17219.947366999997	55535	-8689.472989613078	121192.82997401159	2019	4227	8246	all	-0.15646840712367116	2.157834875510186	0.006233410323310915	-0.16868589135736056	-0.14425092288998176	0.036355451517061314	7.942547443601088e-4	0.0347987122181155	0.03791219081600713	0.232951549690781	0.25531581846406004	0.0021424354869214236	0.228752376136415	0.237150723245147
mean_skew	[1.0,1.5)	dELS	1	12299	12298	3027.399	3980.127734999999	12276	-930.8800033819861	34407.3949091575	661	1521	3071	all	-0.07582926062088514	2.797295883240267	0.015095265753284688	-0.10541598149732313	-0.046242539744447156	0.053844900619094166	0.002037159423194729	0.0498520681496325	0.05783773308855583	0.24617002764677182	0.2630619532790266	0.00462500041341835	0.23710502683647186	0.2552350284570718
mean_skew	[1.0,1.5)	dELS	2	3750	3750	925.6169999999997	1159.874115	3743	463.6630054778653	13154.23896075316	313	630	1249	all	0.12387470090244865	3.499947312835398	0.030578828257466398	0.06394019751781452	0.18380920428708278	0.0836227624899813	0.0045246968592441445	0.07475435664586277	0.09249116833409982	0.24683119999999992	0.24844037347281947	0.00813945736885565	0.23087786355704285	0.26278453644295696
mean_skew	[1.0,1.5)	dELS	3	1498	1498	337.534	386.5441839999999	1496	151.11200064397423	4980.730785213078	114	276	576	all	0.10101069561762983	3.321382512984521	0.04711873806240922	0.00865796901530777	0.1933634222199519	0.07620320855614973	0.006859762139137667	0.0627580747634399	0.08964834234885956	0.22532309746328438	0.20740813468325162	0.011766762457042366	0.20226024304748136	0.2483859518790874
mean_skew	[1.0,1.5)	dELS	4	897	897	178.2920000000001	165.987328	897	22.934001859743027	3481.0701367699144	65	181	376	all	0.02556744911900003	3.88446849647798	0.06580661930494207	-0.10341352471868642	0.15454842295668647	0.07246376811594203	0.008656247730892073	0.05549752256339357	0.08943001366849049	0.19876477146042373	0.14570218679327912	0.012744911188255522	0.1737847455314429	0.22374479738940456
mean_skew	[1.0,1.5)	dELS	5	585	585	110.87200000000001	96.125136	585	94.2959985821508	2428.9338726839496	59	126	284	all	0.16118974116606974	4.133106721026535	0.08405438533510583	-0.0035568540907376933	0.32593633642287717	0.10085470085470086	0.012450450866803305	0.07645181715576638	0.12525758455363534	0.18952478632478634	0.12861668474417512	0.014827595245328007	0.16046269964394344	0.21858687300562923
mean_skew	[1.0,1.5)	dELS	6	833	833	133.01500000000001	78.566039	833	1.3459999540356122	3994.1513300922115	86	174	389	all	0.001615846283356077	4.800660042263448	0.07591506628879402	-0.14717768364268022	0.15040937620939235	0.10324129651860744	0.010542461517693964	0.08257807194392727	0.12390452109328762	0.15968187274909965	0.06890138785610397	0.009094765050723186	0.14185613324968221	0.17750761224851708
mean_skew	[1.0,1.5)	non-cCRE	0	152273	152195	27095.078	27905.057913999997	150883	-36441.56995941722	206713.93752476765	1517	6824	2222	all	-0.24152203998738903	1.3117038162791193	0.002948476941752999	-0.2473010547932249	-0.23574302518155316	0.010054147915934864	2.568373616465138e-4	0.009550746687107696	0.010557549144762032	0.1780287000229968	0.15165746613295067	9.982324999743615e-4	0.17607216432304706	0.17998523572294656
mean_skew	[1.0,1.5)	pELS	0	6448	6422	1336.901	1541.2956290000002	6437	-804.6070008093956	13349.519836754373	221	1173	876	all	-0.12499720379204529	2.0585683983066647	0.01788302139730629	-0.16004792573076562	-0.08994648185332496	0.034332763709802705	0.002269480084706182	0.029884582743778587	0.03878094467582682	0.20817517907194022	0.19669615697298617	0.005534301138875839	0.19732794883974358	0.21902240930413686
mean_skew	[1.0,1.5)	pELS	1	2760	2758	506.48899999999986	437.76450500000016	2755	414.77500045730255	9024.588783399708	238	783	703	all	0.15055353918595374	3.2542276467374744	0.03436870461997341	0.08319087813080585	0.21791620024110164	0.08638838475499093	0.005352389148321412	0.07589770202428096	0.0968790674857009	0.1836435823060188	0.1250457202181382	0.006733444506040811	0.1704460310741788	0.1968411335378588
mean_skew	[1.0,1.5)	pELS	2	1586	1585	251.227	151.373073	1586	588.6580026408193	5983.827582129435	189	570	568	all	0.37115889195511936	3.6374397035512644	0.047890162421063094	0.2772941736098357	0.465023610300403	0.11916771752837327	0.008135314197479369	0.10322250170131371	0.13511293335543284	0.15850283911671925	0.0704247981295606	0.006665736965489875	0.14543799466435908	0.17156768356907942
mean_skew	[1.0,1.5)	pELS	3	1213	1213	185.49	97.55273600000002	1213	596.6110017140163	5498.947658516353	167	463	539	all	0.4918474869859986	4.29497197740521	0.05950449405188091	0.375218678644312	0.6084762953276852	0.13767518549051938	0.00989311087885043	0.11828468816797254	0.1570656828130662	0.15291838417147569	0.05708573013204042	0.006860146331774248	0.13947249736119816	0.16636427098175322
mean_skew	[1.0,1.5)	pELS	4	865	865	123.12400000000001	43.374498	865	499.02299920073716	3941.1087234090214	122	347	418	all	0.5769052013881354	4.228263610599315	0.06991542050087546	0.4398709772064195	0.7139394255698512	0.14104046242774568	0.011834506731549505	0.11784482923390865	0.1642360956215827	0.14233988439306358	0.02991787277081995	0.0058810829063393535	0.13081296189663844	0.15386680688948873
mean_skew	[1.0,1.5)	pELS	5	751	751	100.245	28.046791000000006	750	452.1729995189234	4224.486817131858	121	330	395	all	0.6028973326918978	5.276198827512155	0.08387450011783204	0.43850331246094704	0.7672913529228487	0.16133333333333333	0.013431549371480512	0.13500749656523153	0.18765917010143512	0.13348202396804262	0.019554514009764767	0.005102741229536553	0.12348065115815098	0.14348339677793426
mean_skew	[1.0,1.5)	pELS	6	1021	1021	135.177	30.709665	1021	574.2440009776038	5983.8053126125105	164	453	531	all	0.562432909870327	5.5498348903599	0.07372710149575679	0.41792779093864374	0.7069380288020103	0.16062683643486778	0.011491420631968724	0.13810365199620908	0.18315002087352647	0.13239666993143975	0.012561451322233108	0.0035075755880116383	0.12552182177893695	0.13927151808394256
mean_skew	[1.5,Inf)	Other cCREs	0	6145	6143	1058.1989999999998	997.2903189999998	6104	-1517.0519953407347	9629.537693976381	87	233	286	all	-0.24853407525241394	1.5160574437497203	0.015759795076403002	-0.27942327360216385	-0.21764487690266407	0.014252948885976408	0.0015171476357175204	0.011279339519970068	0.01722655825198275	0.17226094741982742	0.13269357810180493	0.004647663693990532	0.16315152657960597	0.18137036826004888
mean_skew	[1.5,Inf)	Other cCREs	1	339	339	48.392999999999994	25.679499	338	-76.8989993107971	600.1112154036956	8	17	33	all	-0.2275118322804648	1.728830217121549	0.07151840531762563	-0.367687906703011	-0.08733575785791856	0.023668639053254437	0.008268503470452868	0.007462372251166818	0.039874905855342056	0.14275221238938052	0.05553636445515003	0.012799378263747644	0.11766543099243514	0.16783899378632589
mean_skew	[1.5,Inf)	PLS	0	170	167	34.413	40.46540900000001	170	19.870001127012063	534.5321688196997	10	34	34	all	0.11688235957065919	3.149169918362739	0.13610484536395287	-0.14988313734268843	0.3836478564840068	0.058823529411764705	0.018046235031702836	0.023452908749627147	0.09419415007390226	0.20606586826347303	0.20104857997258502	0.034697027429027534	0.13805969450257907	0.27407204202436697
mean_skew	[1.5,Inf)	PLS	1	123	122	19.63200000000001	12.883846	123	111.05499892681848	829.4534130003497	25	31	46	all	0.9028861701367357	5.976913035612912	0.22043772115366747	0.4708282366755474	1.334944103597924	0.2032520325203252	0.03628485358897047	0.1321337194859431	0.2743703455547073	0.16091803278688532	0.08036944777130468	0.025666436553182893	0.11061181714264685	0.2112242484311238
mean_skew	[1.5,Inf)	PLS	2	108	108	14.056	4.226628	108	47.36100000329318	416.71461734543203	15	34	47	all	0.4385277778082702	3.70042526410477	0.18510320604964944	0.07572549395095729	0.8013300616655831	0.1388888888888889	0.03327755964945652	0.07366487197595412	0.20411290580182367	0.13014814814814815	0.022404351678781586	0.014403044842305363	0.10191818025722964	0.15837811603906665
mean_skew	[1.5,Inf)	PLS	3	77	77	11.621000000000002	2.2257610000000003	77	91.01699931919575	497.22846258298745	18	33	40	all	1.1820389521973473	5.12687926415235	0.25803652374498104	0.6762873656571845	1.6877905387375103	0.23376623376623376	0.048230989353182555	0.13923349463399595	0.32829897289847154	0.15092207792207796	0.006209151742993842	0.0089798849839291	0.13332150335357693	0.168522652490579
mean_skew	[1.5,Inf)	PLS	4	69	69	10.126	1.942332	69	106.05000065849163	738.1281787114651	21	26	38	all	1.5369565312824873	8.457852022895358	0.3501107903924243	0.8507393821133357	2.223173680451639	0.30434782608695654	0.055393222371357055	0.19577711023909672	0.41291854193481636	0.1467536231884058	0.006710364876385338	0.009861625873817656	0.1274248364757232	0.16608240990108838
mean_skew	[1.5,Inf)	PLS	5	76	76	12.459999999999999	7.6075	76	58.67300004325805	440.0123955593019	15	38	38	all	0.7720131584639217	5.262880899724699	0.26315096977042374	0.25623725771389116	1.2877890592139523	0.19736842105263158	0.04565519043297653	0.1078842478039976	0.2868525943012656	0.16394736842105262	0.0741962105263158	0.031245254487327182	0.10270666962589134	0.2251880672162139
mean_skew	[1.5,Inf)	PLS	6	198	198	28.552999999999997	5.308519	198	98.94200012274081	1418.2220109501138	34	81	89	all	0.4997070713269738	6.9481217961296755	0.18732731841052214	0.13254552724235041	0.8668686154115972	0.1717171717171717	0.026801777478993254	0.11918568785834494	0.2242486555759985	0.1442070707070707	0.0060455558888376235	0.005525677383786079	0.13337674303484998	0.15503739837929142
mean_skew	[1.5,Inf)	dELS	0	15710	15706	2711.166	2565.4171880000004	15681	-2968.813999143779	32949.81073532352	483	1213	2128	all	-0.18932555316266683	2.065544539712918	0.01147705346260377	-0.21182057794937023	-0.16683052837596343	0.030801607040367322	0.0013797682694103883	0.02809726123232296	0.03350595284841168	0.1726197631478416	0.13355086629898244	0.0029160204018521076	0.16690436316021148	0.17833516313547174
mean_skew	[1.5,Inf)	dELS	1	3297	3296	703.845	828.035749	3293	-288.81399983935984	9049.269864662552	179	430	795	all	-0.08770543572406919	2.741172328968235	0.028851759555472114	-0.14425488445279452	-0.031155986995343853	0.054357728515031886	0.003950919886802793	0.046613925536898415	0.06210153149316536	0.2135452063106796	0.20568528778884967	0.007899652962391998	0.1980618865043913	0.22902852611696792
mean_skew	[1.5,Inf)	dELS	2	995	995	224.019	250.90519300000003	995	-8.143999066553032	2803.8397436516216	58	186	338	all	-0.008184923684977922	2.820697269256309	0.05324351253808557	-0.11254220825962563	0.0961723608896698	0.05829145728643216	0.007427611348582002	0.04373333904321144	0.07284957552965288	0.22514472361809046	0.20167856857122637	0.014236995073216832	0.19724021327458546	0.25304923396159545
mean_skew	[1.5,Inf)	dELS	3	433	433	101.261	122.93475300000007	433	24.028001452330454	1776.5539107542354	40	92	149	all	0.055491920213234305	4.109306830589721	0.09741825294050843	-0.1354478555501622	0.24643169597663084	0.09237875288683603	0.013915359359405933	0.0651046485424004	0.11965285723127166	0.23385912240184756	0.2297545009408949	0.023034992005130622	0.18871053807179156	0.27900770673190356
mean_skew	[1.5,Inf)	dELS	4	226	226	38.87700000000001	29.130611000000002	226	93.93500086513814	1119.0462574867497	28	57	86	all	0.41564159674839884	4.800013172162673	0.14573605023124162	0.1299989382951653	0.7012842552016324	0.12389380530973451	0.021915377305865465	0.0809396657902382	0.16684794482923082	0.17202212389380536	0.09974625284169125	0.021008453086065863	0.13084555584511626	0.21319869194249447
mean_skew	[1.5,Inf)	dELS	5	137	136	22.649	10.850808999999996	137	35.758000424131765	400.08596782642684	13	27	66	all	0.2610073023659253	2.8731828573362104	0.1448176012948352	-0.022835196171951677	0.5448498009038023	0.0948905109489051	0.025038117201544013	0.04581580123387884	0.14396522066393136	0.16653676470588236	0.052436428267973824	0.019635732035211496	0.12805072991686783	0.20502279949489688
mean_skew	[1.5,Inf)	dELS	6	184	184	23.314	6.478718	184	-77.3819989054464	562.3815852031825	9	40	71	all	-0.4205543418774261	2.8952909813133485	0.12544033271781113	-0.6664173940043359	-0.17469128975051626	0.04891304347826087	0.015900601174025013	0.017747865177171845	0.0800782217793499	0.12670652173913044	0.019260558208600616	0.01023117523972065	0.10665341826927796	0.14675962520898292
mean_skew	[1.5,Inf)	non-cCRE	0	42349	42330	5854.89	3372.2356679999994	41947	-12649.381987916073	61633.577120509966	371	1785	594	all	-0.30155629694414554	1.3784169248462792	0.0057324443251031785	-0.31279188782134776	-0.2903207060669433	0.00884449424273488	4.571481300567546e-4	0.007948483907823642	0.009740504577646119	0.1383153791637137	0.06053566910836929	0.0011958633036710656	0.13597148708851842	0.14065927123890898
mean_skew	[1.5,Inf)	pELS	0	1830	1816	302.26300000000003	278.08267300000006	1827	-303.3160020009381	4007.77580762901	63	331	247	all	-0.16601861083795189	2.1672616135443006	0.03444184403367843	-0.2335246251439616	-0.09851259653194216	0.034482758620689655	0.004268858348897744	0.026115796256850076	0.04284972098452923	0.16644438325991193	0.12549459745603816	0.008312938983673376	0.15015102285191212	0.18273774366791173
mean_skew	[1.5,Inf)	pELS	1	829	829	124.03200000000002	69.59719199999999	827	268.7080001045251	2597.8743825767083	86	219	220	all	0.32491898440692274	3.0394262131727974	0.06062378497689488	0.20609636585220878	0.44374160296163667	0.10399032648125756	0.010614512804613195	0.08318588138421569	0.12479477157829942	0.14961640530759954	0.06164247586580653	0.008623087075908784	0.13271515463881833	0.16651765597638074
mean_skew	[1.5,Inf)	pELS	2	469	469	72.48100000000001	41.50806700000001	469	167.21700167527894	1534.7557063809245	54	166	162	all	0.3565394492010212	3.1520005314243043	0.08197977455368316	0.1958590910758022	0.5172198073262402	0.11513859275053305	0.014738784338401244	0.08625057544726661	0.1440266100537995	0.15454371002132197	0.06475765887594995	0.011750575803697596	0.1315125814460747	0.17757483859656925
mean_skew	[1.5,Inf)	pELS	3	373	373	61.796	31.840810000000005	373	78.32000137108844	1180.642018237917	36	145	166	all	0.2099731940243658	3.129561605897948	0.09159828378424838	0.030440557807238977	0.3895058302414926	0.09651474530831099	0.015289840434081905	0.06654665805751045	0.12648283255911152	0.16567292225201072	0.05807227445299665	0.012477569628810496	0.14121688577954214	0.1901289587244793
mean_skew	[1.5,Inf)	pELS	4	251	251	39.931999999999995	16.381825999999997	251	191.84000076144002	1305.3186125278048	39	114	119	all	0.7643027918782471	4.634779057407644	0.1358869206686037	0.4979644273677839	1.0306411563887103	0.1553784860557769	0.022865971178923174	0.11056118254508748	0.2001957895664663	0.15909163346613545	0.04011591556972111	0.012642166144281052	0.13431298782334458	0.1838702791089263
mean_skew	[1.5,Inf)	pELS	5	217	217	32.79600000000001	9.509122	217	163.41999920131636	1027.5008810201462	37	99	103	all	0.7530875539231169	4.18718200721995	0.1389092135839992	0.4808254952984784	1.0253496125477555	0.17050691244239632	0.025529805951937476	0.12046849277659888	0.22054533210819377	0.1511336405529954	0.02107658853899982	0.009855310047097613	0.13181723286068409	0.17045004824530674
mean_skew	[1.5,Inf)	pELS	6	296	296	42.616	11.104904000000001	296	209.00400121929133	1575.40693830378	53	127	142	all	0.7060945987138221	4.840102854011055	0.12787376130824663	0.45546202654965867	0.9567271708779854	0.17905405405405406	0.022284531341213047	0.1353763726252765	0.22273173548283162	0.14397297297297298	0.01684526028401283	0.007543849357036829	0.1291870282331808	0.15875891771276518
