skew_type	skew_bin	ccre_class	pleio_bin	pleio_set	COMMON	SINGLETON	gw_SINGLETON	gw_COMMON	odds	lci	uci	pval	log2odds	log2lci	log2uci
HepG2_skew	(-Inf,-1.5)	Other cCREs	0	trained	297	4219	271223115	11777645	0.6149330151704255	0.5466257147114277	0.693909026986668	3.0277164983263285e-14	-0.7014988290609977	-0.8713747652603518	-0.5271815602079679
HepG2_skew	(-Inf,-1.5)	Other cCREs	1	trained	10	285	271223115	11777645	1.1290303023887098	0.6215502891984422	2.2873008271290654	0.8838942849065364	0.1750842075628581	-0.6860569714421701	1.1936461223153625
HepG2_skew	(-Inf,-1.5)	PLS	0	trained	11	261	271223115	11777645	0.948071376013151	0.5336082216945713	1.8585774841257157	0.7630249503240553	-0.07693241767954836	-0.9061471995293946	0.8941988354333031
HepG2_skew	(-Inf,-1.5)	PLS	1	trained	9	246	271223115	11777645	1.072578149874121	0.5734930516893304	2.2646351071165767	1.0000000000000002	0.10108276877684118	-0.8021520879035792	1.179278612495813
HepG2_skew	(-Inf,-1.5)	PLS	2	trained	4	166	271223115	11777645	1.4503757977342313	0.6092471608569963	4.52521144796498	0.5646940068074775	0.5364267562977664	-0.7149004720032942	2.1779852060750198
HepG2_skew	(-Inf,-1.5)	PLS	3	trained	3	632	271223115	11777645	6.873184637810085	2.6706996053000824	25.298675427331037	8.620537260960671e-8	2.7809787157256007	1.4172177137807023	4.66098994603437
HepG2_skew	(-Inf,-1.5)	dELS	0	trained	656	10316	271223115	11777645	0.6818977062500431	0.6301058217886523	0.7389476318808347	2.0109008124407033e-19	-0.5523727629027368	-0.6663339555618099	-0.43645596854416174
HepG2_skew	(-Inf,-1.5)	dELS	1	trained	162	3310	271223115	11777645	0.8820700091226176	0.7535416520436673	1.0387247951250635	0.11608434578177342	-0.18103492912078117	-0.40824083583660614	0.0548134701226949
HepG2_skew	(-Inf,-1.5)	dELS	2	trained	25	884	271223115	11777645	1.4781023905257131	1.0019470348490205	2.275538081630033	0.04632180994360528	0.5637462107474064	0.002806246476942178	1.1862077303267913
HepG2_skew	(-Inf,-1.5)	dELS	3	trained	6	282	271223115	11777645	1.7555932716776281	0.8409889819425593	4.406274036047022	0.18246424701041827	0.8119586461828752	-0.24984119547823488	2.1395592222634767
HepG2_skew	(-Inf,-1.5)	non-cCRE	0	trained	1890	21338	271223115	11777645	0.4899804385647775	0.46746954619668024	0.5138416327032279	2.0954599303384964e-160	-1.029203941065468	-1.0970557127365186	-0.9606043092395578
HepG2_skew	(-Inf,-1.5)	pELS	0	trained	67	1041	271223115	11777645	0.6654220450917316	0.5203803206483303	0.8634936820629531	0.001971477649121608	-0.5876584321266366	-0.9423616905562803	-0.21174247288277664
HepG2_skew	(-Inf,-1.5)	pELS	1	trained	20	550	271223115	11777645	1.1393696849790618	0.737924161772504	1.855478318990725	0.6745992058233387	0.18823592628329291	-0.43845554019622063	0.8917911434405545
HepG2_skew	(-Inf,-1.5)	pELS	2	trained	7	315	271223115	11777645	1.7152699589960876	0.8599236711070339	4.007660664690376	0.1616033840427305	0.778435653864502	-0.2177194864708148	2.0027603583101605
HepG2_skew	(-Inf,-1.5)	pELS	3	trained	6	373	271223115	11777645	2.320094819629894	1.1149337419439425	5.810974501001577	0.01999829075532509	1.2141837678590734	0.15695797650504778	2.5387801240205596
HepG2_skew	[-0.05,0.05)	Other cCREs	0	trained	413137	9774641	271223115	11777645	1.0284197008526361	1.025147763920952	1.0317006818087	8.481401280573129e-68	0.040429152439168246	0.03583187354689166	0.045024475116841454
HepG2_skew	[-0.05,0.05)	Other cCREs	1	trained	8291	193157	271223115	11777645	1.011553306503511	0.9895473359853074	1.034169766020165	0.3098321150273656	0.016572348568335102	-0.015159373205439955	0.048473033323650605
HepG2_skew	[-0.05,0.05)	Other cCREs	2	trained	1585	37432	271223115	11777645	1.0249077021768227	0.9746449026884549	1.0783957528937436	0.34179366844776304	0.035493994016241794	-0.037051404684571354	0.10888671979709752
HepG2_skew	[-0.05,0.05)	Other cCREs	3	trained	1280	29431	271223115	11777645	0.9977054421931336	0.9433860196604202	1.055928238328633	0.931687254603737	-0.003314150880139894	-0.08407987362132488	0.07851179139587167
HepG2_skew	[-0.05,0.05)	PLS	0	trained	6094	146963	271223115	11777645	1.047079671070832	1.0205593487861695	1.0744426763017803	4.1004867088709283e-4	0.06637121942804834	0.02936008213529557	0.10358851410936265
HepG2_skew	[-0.05,0.05)	PLS	1	trained	2461	71812	271223115	11777645	1.2666954225589349	1.216775596665439	1.3191450253006145	5.650763414174518e-33	0.3410696695552809	0.28306312414908014	0.3996031815572166
HepG2_skew	[-0.05,0.05)	PLS	2	trained	1657	51919	271223115	11777645	1.359895923057578	1.2949918869240047	1.4288851443658313	3.452060292816385e-38	0.4434962418915542	0.3729430595093817	0.5148899554027206
HepG2_skew	[-0.05,0.05)	PLS	3	trained	4568	151737	271223115	11777645	1.442386770846826	1.4005171077286067	1.4858106400188154	2.175864941676802e-147	0.5284580699630345	0.48595960646452707	0.5712502625027519
HepG2_skew	[-0.05,0.05)	dELS	0	trained	827459	20780025	271223115	11777645	1.0980328118797307	1.0955528220494848	1.100515389196208	0	0.13492116620912484	0.131659045507208	0.13817931947919332
HepG2_skew	[-0.05,0.05)	dELS	1	trained	74539	1884286	271223115	11777645	1.0983991465231375	1.0903653854501538	1.1064973193727778	1.9419240718955456e-142	0.13540240959681787	0.12481166843692057	0.1459999560351881
HepG2_skew	[-0.05,0.05)	dELS	2	trained	12082	308965	271223115	11777645	1.110496699706929	1.0905095955250528	1.1309593757359448	1.7733420324850928e-30	0.1512051053355716	0.12500246448164676	0.17754710839325766
HepG2_skew	[-0.05,0.05)	dELS	3	trained	7973	207214	271223115	11777645	1.1285348095247394	1.1035474243296464	1.1542080406523083	4.086459813993686e-27	0.1744509189765381	0.14214862995739697	0.20690328651928055
HepG2_skew	[-0.05,0.05)	non-cCRE	0	trained	6730454	157618909	271223115	11777645	1.0404706504788397	1.0391938577744049	1.0416729136885778	0	0.057236270209412334	0.055464808776998005	0.05890234107325516
HepG2_skew	[-0.05,0.05)	pELS	0	trained	90777	2314507	271223115	11777645	1.1080821174089095	1.1007635806311988	1.1154778334990623	7.990470587141257e-207	0.1480648001494774	0.13850464358293255	0.15766184498616018
HepG2_skew	[-0.05,0.05)	pELS	1	trained	19335	566198	271223115	11777645	1.2721242862173898	1.2539851842175498	1.290563106473108	1.4849784622673995e-255	0.34723962844464606	0.32652030285914035	0.3680006886382574
HepG2_skew	[-0.05,0.05)	pELS	2	trained	7150	233241	271223115	11777645	1.4167190763519153	1.3837499426596085	1.4506453464519242	1.91532952037521e-206	0.5025537121487713	0.46858325722384636	0.5366948526542455
HepG2_skew	[-0.05,0.05)	pELS	3	trained	5015	164601	271223115	11777645	1.425247028605006	1.3857386519071329	1.4661916985396006	9.625701133963477e-151	0.5112119937030103	0.4706551931530571	0.5520737422520332
HepG2_skew	[-0.2,-0.05)	Other cCREs	0	trained	105358	2053754	271223115	11777645	0.8452941892046872	0.8400253354391155	0.8505665961062315	0	-0.24247456243765586	-0.25149525418505325	-0.2335038970811948
HepG2_skew	[-0.2,-0.05)	Other cCREs	1	trained	3181	64817	271223115	11777645	0.8845330740879065	0.8536055326114855	0.9168582613884044	3.207477155053394e-11	-0.17701200631814246	-0.22835856792220557	-0.12522937240521947
HepG2_skew	[-0.2,-0.05)	Other cCREs	2	trained	535	11916	271223115	11777645	0.9654462571863711	0.8853442659642974	1.0546792414341506	0.4192765601313666	-0.05073214296021413	-0.1756895388761988	0.076804300208265
HepG2_skew	[-0.2,-0.05)	Other cCREs	3	trained	427	9896	271223115	11777645	1.0041340583239027	0.9114262523946702	1.108773632075659	0.9606942372235813	0.0059518911692510446	-0.1338021688575467	0.14896485403256063
HepG2_skew	[-0.2,-0.05)	PLS	0	trained	2278	54302	271223115	11777645	1.0346995950711442	0.9921952320947475	1.079454085126847	0.11194983597936473	0.04921197003512483	-0.011304070381817098	0.11030187923946062
HepG2_skew	[-0.2,-0.05)	PLS	1	trained	1378	39624	271223115	11777645	1.2478157464507322	1.182559046799244	1.3175826383947702	6.734804485994634e-17	0.31940492033272677	0.24191222111027225	0.39789345010799987
HepG2_skew	[-0.2,-0.05)	PLS	2	trained	899	31834	271223115	11777645	1.5360826111881796	1.437532693892844	1.6431574638564208	4.5326862567070466e-42	0.6192558069097209	0.5235947677305467	0.7164707404459074
HepG2_skew	[-0.2,-0.05)	PLS	3	trained	2549	96723	271223115	11777645	1.6473652448642109	1.5837554125668827	1.7140854408591921	2.7229971804491496e-160	0.7201604570285614	0.6633495498602011	0.7774390242880083
HepG2_skew	[-0.2,-0.05)	dELS	0	trained	243797	5189754	271223115	11777645	0.9229208738523614	0.9191179531837098	0.9267236723988947	7.2285266166e-314	-0.1157211304336139	-0.12167807607872978	-0.10978887026411234
HepG2_skew	[-0.2,-0.05)	dELS	1	trained	31566	721562	271223115	11777645	0.9925762264861795	0.9814070347824172	1.0038627640215765	0.1956108979815589	-0.010750194293464044	-0.027076482122619643	0.005562054947785562
HepG2_skew	[-0.2,-0.05)	dELS	2	trained	5882	141877	271223115	11777645	1.0472692618479262	1.0202803895918433	1.0751381046673312	4.911658543005443e-4	0.06663241914540197	0.0289656826719736	0.10452199016028298
HepG2_skew	[-0.2,-0.05)	dELS	3	trained	3560	89206	271223115	11777645	1.0878537663538106	1.0520126876766944	1.1252017914527583	6.275816709447336e-7	0.12148463679479148	0.07315210419092602	0.17018375470619693
HepG2_skew	[-0.2,-0.05)	non-cCRE	0	trained	1130833	21390793	271223115	11777645	0.8061194178025113	0.8045191936871938	0.8077358778525497	0	-0.31093452076205047	-0.31380125466329484	-0.3080444727086359
HepG2_skew	[-0.2,-0.05)	pELS	0	trained	27156	595901	271223115	11777645	0.952727031200258	0.9412210995439765	0.9644344788238278	1.0321679776141209e-14	-0.06986517261393957	-0.08739443277578383	-0.052244866241626615
HepG2_skew	[-0.2,-0.05)	pELS	1	trained	7597	210051	271223115	11777645	1.200649777960824	1.1734626055240573	1.2285800136538152	2.4721341586445015e-58	0.26381538727744985	0.23077186854657306	0.29699181906963995
HepG2_skew	[-0.2,-0.05)	pELS	2	trained	3221	107511	271223115	11777645	1.4491681949002349	1.3991923674186146	1.5012939590539898	2.327467961531369e-107	0.5352250482187529	0.48459432450560264	0.5862064897814991
HepG2_skew	[-0.2,-0.05)	pELS	3	trained	2446	86851	271223115	11777645	1.5414491227564175	1.4806635899877978	1.6052697903556261	2.5359644962775774e-113	0.6242872724756899	0.5662438943830364	0.6828157848856833
HepG2_skew	[-0.5,-0.2)	Other cCREs	0	trained	19777	359922	271223115	11777645	0.7899625910133243	0.7786933211462301	0.8013783664559458	4.039549396613848e-213	-0.3401437593665091	-0.3608728425640104	-0.3194445307487883
HepG2_skew	[-0.5,-0.2)	Other cCREs	1	trained	827	17080	271223115	11777645	0.8958017062137078	0.8353705891757301	0.9616548784958692	0.002286696753121679	-0.15874868082178192	-0.2595117433393063	-0.056408866605808836
HepG2_skew	[-0.5,-0.2)	Other cCREs	2	trained	125	3064	271223115	11777645	1.0563117503135124	0.8837475731668681	1.2726077123405475	0.594647113205261	0.07903568152934337	-0.17829374670216505	0.3477877698436625
HepG2_skew	[-0.5,-0.2)	Other cCREs	3	trained	88	2294	271223115	11777645	1.1197607257049562	0.9059127493284489	1.3998890398877304	0.3295483839820447	0.16319048521324975	-0.14255598741130937	0.4853124786360598
HepG2_skew	[-0.5,-0.2)	PLS	0	trained	614	14498	271223115	11777645	1.0237533125666891	0.9443132787786628	1.1115730834519997	0.582425397678786	0.03386812001358867	-0.08266253745956595	0.1526028054657278
HepG2_skew	[-0.5,-0.2)	PLS	1	trained	415	13758	271223115	11777645	1.4362636075849082	1.3027050727386555	1.5871472143560315	1.506766339652984e-14	0.5223205614543425	0.381510500438384	0.6664359502091907
HepG2_skew	[-0.5,-0.2)	PLS	2	trained	281	11506	271223115	11777645	1.7719701889648505	1.5744075798878772	2.0011631815894937	2.7345476733696142e-25	0.8253543326771581	0.6548090715725183	1.00083881425572
HepG2_skew	[-0.5,-0.2)	PLS	3	trained	789	36176	271223115	11777645	1.9887045040141276	1.8532842079287404	2.1365836810479704	8.71426035127356e-102	0.9918289261143438	0.890084140905557	1.0953058224572279
HepG2_skew	[-0.5,-0.2)	dELS	0	trained	47510	948264	271223115	11777645	0.8662303451882286	0.8582694893567466	0.8742800371305665	1.0717774481727187e-195	-0.20717738209196196	-0.22049738199514549	-0.19383263727876077
HepG2_skew	[-0.5,-0.2)	dELS	1	trained	8076	187835	271223115	11777645	1.0098654646690923	0.987615179048143	1.03274120647476	0.3928793325801517	0.01416310843962742	-0.017979084885813665	0.04647877606983476
HepG2_skew	[-0.5,-0.2)	dELS	2	trained	1704	43894	271223115	11777645	1.1179702213052056	1.06513521645541	1.174055849905314	4.7905627901601615e-6	0.16088176050000322	0.09103658888013871	0.23150103916767228
HepG2_skew	[-0.5,-0.2)	dELS	3	trained	862	25704	271223115	11777645	1.29344887740048	1.2085550854392404	1.3858354162890503	1.182550524692281e-14	0.37122303370697723	0.27328323204338056	0.47075593121060033
HepG2_skew	[-0.5,-0.2)	non-cCRE	0	trained	141384	2358975	271223115	11777645	0.7221137295044983	0.7182105292192917	0.7260373807175807	0	-0.46970202221980795	-0.47752129131237775	-0.46188426624269624
HepG2_skew	[-0.5,-0.2)	pELS	0	trained	5023	108032	271223115	11777645	0.9337666610869851	0.9076842061777628	0.9607281830136165	2.605355176319805e-6	-0.09886601492056171	-0.13973764035061614	-0.05779978510377829
HepG2_skew	[-0.5,-0.2)	pELS	1	trained	1724	50117	271223115	11777645	1.2616945093400647	1.202534003479467	1.3245125123392398	8.599641940586266e-23	0.33536263677673617	0.266077688970467	0.40546147255201004
HepG2_skew	[-0.5,-0.2)	pELS	2	trained	823	29449	271223115	11777645	1.5520630980357717	1.4481914771227107	1.6653266648679268	1.3412468013914778e-40	0.6341872104714757	0.534252365426923	0.7358051992543974
HepG2_skew	[-0.5,-0.2)	pELS	3	trained	643	28020	271223115	11777645	1.8895336513027756	1.747474554199095	2.0461856802526173	3.076661449017344e-70	0.9180302122392203	0.8052714479909518	1.0329370677738314
HepG2_skew	[-1.0,-0.5)	Other cCREs	0	trained	4844	82190	271223115	11777645	0.7365730047785342	0.7155007116271908	0.7583879619071152	4.7787794348674135e-87	-0.44109957110315445	-0.4829748930500126	-0.3989920307497448
HepG2_skew	[-1.0,-0.5)	Other cCREs	1	trained	251	5371	271223115	11777645	0.9257110283456315	0.8156934542369231	1.054538919675201	0.22934313781339782	-0.11136618545775086	-0.2939010200719174	0.07661234139642027
HepG2_skew	[-1.0,-0.5)	Other cCREs	2	trained	46	1388	271223115	11777645	1.2833287739763657	0.9597274962525651	1.755090645786876	0.0981908927682633	0.3598908195486908	-0.05930326781769612	0.8115455438347214
HepG2_skew	[-1.0,-0.5)	Other cCREs	3	trained	28	1117	271223115	11777645	1.674092869632668	1.1591103123182038	2.5112963520357177	0.003863738509218095	0.7433795630388638	0.21301787390364632	1.328432287623543
HepG2_skew	[-1.0,-0.5)	PLS	0	trained	165	3958	271223115	11777645	1.035641627561206	0.8865242522609391	1.2170038136108998	0.6966157305555365	0.05052486056805124	-0.17376799603863968	0.2833336888970914
HepG2_skew	[-1.0,-0.5)	PLS	1	trained	99	4017	271223115	11777645	1.7448092745094421	1.4307084813687523	2.149638250880077	2.65006123191199e-9	0.8030693437371158	0.516729741017571	1.1040938981533408
HepG2_skew	[-1.0,-0.5)	PLS	2	trained	66	3338	271223115	11777645	2.1640950117839157	1.6994641381637319	2.799183926221141	1.5191007582171541e-12	1.1137638402092893	0.7650799186673354	1.4850062853135677
HepG2_skew	[-1.0,-0.5)	PLS	3	trained	153	11530	271223115	11777645	3.251553225475061	2.7736014595946337	3.8370450136583245	3.131571905261539e-71	1.7011290398016774	1.4717605008650172	1.9399956897780044
HepG2_skew	[-1.0,-0.5)	dELS	0	trained	10813	205132	271223115	11777645	0.8235904028220421	0.8078107817235485	0.8397535253136436	2.1833887329047427e-81	-0.28000107633258814	-0.30791069329388465	-0.25196214793239874
HepG2_skew	[-1.0,-0.5)	dELS	1	trained	2242	50969	271223115	11777645	0.9867684638552162	0.9458927599697142	1.029819982937662	0.5361105577197635	-0.019216485620121602	-0.08025146674540645	0.042392170009475365
HepG2_skew	[-1.0,-0.5)	dELS	2	trained	485	13787	271223115	11777645	1.231975064369076	1.1253602190801504	1.3513887486883733	3.581070868001315e-6	0.3009730556471472	0.1703868708626824	0.4344427487783111
HepG2_skew	[-1.0,-0.5)	dELS	3	trained	242	9736	271223115	11777645	1.740046268268655	1.5319131629202412	1.9844793424569196	1.3526814706766213e-20	0.7991256682086406	0.6153345198640305	0.9887605446052823
HepG2_skew	[-1.0,-0.5)	non-cCRE	0	trained	26360	389979	271223115	11777645	0.6419049632996842	0.6339498486592728	0.649982156057121	0	-0.6395683787321895	-0.6575593806305463	-0.6215279824712922
HepG2_skew	[-1.0,-0.5)	pELS	0	trained	1163	21981	271223115	11777645	0.8200474358104047	0.7730488654162363	0.8705592406302257	1.4898196202798295e-10	-0.28622072975534435	-0.37136848323983124	-0.19998561980772453
HepG2_skew	[-1.0,-0.5)	pELS	1	trained	376	11341	271223115	11777645	1.3064287920620652	1.178895353862168	1.451442131863054	1.1541647572631277e-7	0.3856284915629424	0.23743566135030408	0.5374870537155594
HepG2_skew	[-1.0,-0.5)	pELS	2	trained	184	7164	271223115	11777645	1.6818380394482062	1.453304834144642	1.9567734928048537	4.1141267925226034e-14	0.7500387811369252	0.5393373434269201	0.9684767658166519
HepG2_skew	[-1.0,-0.5)	pELS	3	trained	175	8028	271223115	11777645	1.9810302965107187	1.7060827028932846	2.313396584751443	1.5356461788551122e-23	0.9862509439788096	0.7706875834452095	1.2100126078718931
HepG2_skew	[-1.5,-1.0)	Other cCREs	0	trained	885	15093	271223115	11777645	0.7397662556426098	0.6912426558894262	0.7924843924282339	6.687520228614572e-17	-0.43485860130214876	-0.5327358473782662	-0.33554557249098416
HepG2_skew	[-1.5,-1.0)	Other cCREs	1	trained	43	971	271223115	11777645	0.9592644144042042	0.7091070961066035	1.3290040445810327	0.7533195792577245	-0.05999955621309183	-0.49592456142292773	0.4103454951995798
HepG2_skew	[-1.5,-1.0)	Other cCREs	2	trained	3	152	271223115	11777645	1.6609880391504028	0.6356485229857705	6.174413523620015	0.42266698314002255	0.7320416844257986	-0.6536988361559998	2.626302108883967
HepG2_skew	[-1.5,-1.0)	Other cCREs	3	trained	2	121	271223115	11777645	1.7659321480881922	0.5901400658694005	8.68337412100879	0.4970690769544997	0.820429911787484	-0.7608706855772672	3.118255743334739
HepG2_skew	[-1.5,-1.0)	PLS	0	trained	37	821	271223115	11777645	0.9393642530878872	0.6785237254474189	1.3370708295737355	0.6694341878293889	-0.09024340109375636	-0.5595288326892107	0.4190758923334033
HepG2_skew	[-1.5,-1.0)	PLS	1	trained	18	752	271223115	11777645	1.7209849650956512	1.0942722089457777	2.8746164106832897	0.014751236888334537	0.7832344937309975	0.1299716646813614	1.5233694554217536
HepG2_skew	[-1.5,-1.0)	PLS	2	trained	7	657	271223115	11777645	3.571646722706447	1.8019935042764093	8.308119242388283	1.568211920773502e-5	1.8365893882405346	0.8495938106158789	3.0545219226302858
HepG2_skew	[-1.5,-1.0)	PLS	3	trained	24	2405	271223115	11777645	4.179173247032455	2.8240406890328256	6.470345255419431	7.716112454602187e-20	2.063217566617688	1.4977608752390448	2.6938426959878043
HepG2_skew	[-1.5,-1.0)	dELS	0	trained	2081	37324	271223115	11777645	0.778456927463116	0.744787787200389	0.8139824556846962	8.162591084089655e-27	-0.36131087864595024	-0.42509867866344264	-0.29693039544431205
HepG2_skew	[-1.5,-1.0)	dELS	1	trained	450	10355	271223115	11777645	0.9971195731747344	0.907323301909468	1.0981248082342978	0.9423994011266189	-0.004161573932533596	-0.1403113843187782	0.13504203429561912
HepG2_skew	[-1.5,-1.0)	dELS	2	trained	95	2904	271223115	11777645	1.3140420058031665	1.0721663917148798	1.6276185248044888	0.006973902923246125	0.3940113948347369	0.10052881799141009	0.7027626057082617
HepG2_skew	[-1.5,-1.0)	dELS	3	trained	44	1543	271223115	11777645	1.4899434789925377	1.1080423300672873	2.0513524713601	0.006781486701162447	0.5752576030875636	0.14801299710157537	1.0365754025899732
HepG2_skew	[-1.5,-1.0)	non-cCRE	0	trained	5770	77070	271223115	11777645	0.5798073463941558	0.5644905374839183	0.5956397725598878	1.388647524880932e-299	-0.786354481841153	-0.8249786974842049	-0.747488004904272
HepG2_skew	[-1.5,-1.0)	pELS	0	trained	209	3934	271223115	11777645	0.8136853380836593	0.7080675584559935	0.939353776461118	0.004492542643058304	-0.2974571000900377	-0.4980410769526243	-0.0902594914034757
HepG2_skew	[-1.5,-1.0)	pELS	1	trained	63	1960	271223115	11777645	1.3305516217167674	1.0372884038664054	1.734526570516546	0.02242666908818692	0.41202448401670105	0.05281707156672066	0.7945419408600105
HepG2_skew	[-1.5,-1.0)	pELS	2	trained	35	1241	271223115	11777645	1.4981455060009545	1.0761573626684748	2.149107379542705	0.01405525435397078	0.583177751027295	0.10588905349118473	1.1037375684164754
HepG2_skew	[-1.5,-1.0)	pELS	3	trained	29	1517	271223115	11777645	2.1972712481591894	1.5327161889838652	3.268319992218653	1.6180101614307882e-6	1.1357129781903283	0.6160905798068029	1.7085492407010803
HepG2_skew	[0.05,0.2)	Other cCREs	0	trained	93496	2193258	271223115	11777645	1.018799916089509	1.0121173206063305	1.025522535302577	2.564558836776988e-8	0.026870745901370407	0.017376531185108412	0.03635919460865528
HepG2_skew	[0.05,0.2)	Other cCREs	1	trained	2707	62196	271223115	11777645	0.997360834913093	0.9596963710423795	1.0368909146520615	0.8905582337628818	-0.003812543564752162	-0.05935005705185179	0.05226412446109586
HepG2_skew	[0.05,0.2)	Other cCREs	2	trained	483	11890	271223115	11777645	1.0668568687885311	0.9740806238525402	1.1707703151874205	0.16971937190316763	0.09336663488755738	-0.03788690695507371	0.22745807187499928
HepG2_skew	[0.05,0.2)	Other cCREs	3	trained	422	9799	271223115	11777645	1.0060455270234108	0.9126422506617613	1.1115437072334815	0.9407734182230906	0.00869559353779316	-0.13187865016666356	0.15256467798186704
HepG2_skew	[0.05,0.2)	PLS	0	trained	1983	47120	271223115	11777645	1.0313521621886566	0.9860185908451081	1.0792755678852215	0.18241939749103103	0.04453703483266714	-0.02031324679614824	0.11006327044522456
HepG2_skew	[0.05,0.2)	PLS	1	trained	1028	30174	271223115	11777645	1.2734305936610688	1.1966597797383558	1.3563788245337256	2.7694070085454327e-15	0.3487203299225069	0.2590130404587206	0.43976016663710726
HepG2_skew	[0.05,0.2)	PLS	2	trained	702	23046	271223115	11777645	1.4236522481853997	1.3206345514595423	1.5367701314170634	2.232572621762959e-22	0.5095967859898112	0.401231296457222	0.6199013842441113
HepG2_skew	[0.05,0.2)	PLS	3	trained	2070	67294	271223115	11777645	1.411132843321858	1.3507331329312091	1.474954842311036	9.96767437006165e-60	0.4968538088992786	0.43374266664908967	0.5606707851380558
HepG2_skew	[0.05,0.2)	dELS	0	trained	213352	5284141	271223115	11777645	1.0769938297868078	1.0722823174587963	1.0816962163755768	3.097995747629843e-248	0.10700998455113342	0.10068479793656537	0.11329538949358173
HepG2_skew	[0.05,0.2)	dELS	1	trained	25903	649261	271223115	11777645	1.0886037453926785	1.0751521122813241	1.102301633762392	7.398698873020496e-42	0.12247890484471301	0.10454078642795263	0.1405190569293965
HepG2_skew	[0.05,0.2)	dELS	2	trained	4728	119998	271223115	11777645	1.1019405638553288	1.070367774645982	1.1346704907217324	3.1885614510292516e-11	0.1400464103485837	0.09810658680737154	0.18227339846721669
HepG2_skew	[0.05,0.2)	dELS	3	trained	2982	77069	271223115	11777645	1.1219608162186305	1.0816381507210289	1.164171881175588	3.6841015027859404e-10	0.1660222916025032	0.11321794327615323	0.21930407698600576
HepG2_skew	[0.05,0.2)	non-cCRE	0	trained	1063108	25273917	271223115	11777645	1.0356754697804047	1.0335964834020794	1.0377927766179291	4.0681271580870913e-252	0.050572003520598444	0.047673066681809734	0.05351839938806658
HepG2_skew	[0.05,0.2)	pELS	0	trained	23876	594879	271223115	11777645	1.0820663058404463	1.0681614436431526	1.0962479821385713	1.3447989669751311e-33	0.11378890598199216	0.09512971476046495	0.13257418710662808
HepG2_skew	[0.05,0.2)	pELS	1	trained	6422	185773	271223115	11777645	1.256147388443368	1.2252536713364037	1.2880037937020041	2.515033477366226e-77	0.3290057509342561	0.2930804696294386	0.36513684279026876
HepG2_skew	[0.05,0.2)	pELS	2	trained	2738	88256	271223115	11777645	1.3993656500547054	1.3471075351563884	1.4541039152292086	1.6539971988811026e-74	0.4847729836568647	0.4298650209891567	0.5401303728537239
HepG2_skew	[0.05,0.2)	pELS	3	trained	2028	68329	271223115	11777645	1.4625073572917853	1.3993248175240576	1.5292596581346176	8.280301054239733e-72	0.548443882338213	0.4847308861900965	0.6128333875348236
HepG2_skew	[0.2,0.5)	Other cCREs	0	trained	16269	346580	271223115	11777645	0.9249380173546097	0.9104804359107341	0.9396396875116775	7.104798795313937e-22	-0.11257140498951315	-0.13530007748514541	-0.0898204452163869
HepG2_skew	[0.2,0.5)	Other cCREs	1	trained	595	12697	271223115	11777645	0.9251834942531179	0.8521276685423824	1.0060493957698142	0.06489869525564543	-0.11218856710131304	-0.23085849897315908	0.0087011414085099
HepG2_skew	[0.2,0.5)	Other cCREs	2	trained	90	2094	271223115	11777645	0.9997371422900816	0.8102621712094227	1.2471437678187567	1.0000000000000002	-3.792733642067752e-4	-0.3035393079939315	0.3186277852667414
HepG2_skew	[0.2,0.5)	Other cCREs	3	trained	92	1722	271223115	11777645	0.804515035677109	0.652783121219571	1.0021957575014608	0.045468655920163796	-0.31380871098761637	-0.6153243403470027	0.0031643356714289995
HepG2_skew	[0.2,0.5)	PLS	0	trained	492	10606	271223115	11777645	0.9343045514856173	0.8535207431089522	1.0246416835260563	0.14061620073029144	-0.0980351988072661	-0.22850187940028968	0.035119488485341285
HepG2_skew	[0.2,0.5)	PLS	1	trained	291	8644	271223115	11777645	1.2856367839427056	1.1439803285262318	1.4496856015230328	1.3771154122400952e-5	0.3624831123245725	0.19406224426520394	0.5357400517540686
HepG2_skew	[0.2,0.5)	PLS	2	trained	184	6644	271223115	11777645	1.5597737706232506	1.347587056395904	1.814993471207573	1.828811272945239e-10	0.6413367959671064	0.4303784765204226	0.8599643586489057
HepG2_skew	[0.2,0.5)	PLS	3	trained	502	17757	271223115	11777645	1.5330996039585036	1.40294224880186	1.678531549439857	5.496596337998874e-24	0.6164514305054462	0.48845562258433317	0.7471996539807497
HepG2_skew	[0.2,0.5)	dELS	0	trained	38771	907935	271223115	11777645	1.0169347402237225	1.0066351504969102	1.02736495818693	0.0012068657368586896	0.02422710006416031	0.00954088101438602	0.03894877156361826
HepG2_skew	[0.2,0.5)	dELS	1	trained	6120	143728	271223115	11777645	1.0196668629583725	0.9938680598778973	1.0462293138696661	0.13676870516703166	0.028097883902036706	-0.008873754160291566	0.06519909797496651
HepG2_skew	[0.2,0.5)	dELS	2	trained	1254	29056	271223115	11777645	1.0054005747185633	0.9501142199124812	1.0646957104660866	0.8629946808819148	0.007770418835975386	-0.07382713450066253	0.09044116779556025
HepG2_skew	[0.2,0.5)	dELS	3	trained	692	16719	271223115	11777645	1.0476980859658844	0.9709757981777385	1.1320237001693925	0.2394010931589593	0.06722303688240672	-0.04249275834083177	0.1789041629038265
HepG2_skew	[0.2,0.5)	non-cCRE	0	trained	130270	2948947	271223115	11777645	0.9828048383121143	0.977331692225624	0.9883112641093195	1.2257055185005885e-9	-0.02502313483511539	-0.03307981978006742	-0.01696261131128675
HepG2_skew	[0.2,0.5)	pELS	0	trained	4312	104379	271223115	11777645	1.0509397965598688	1.0194232746053422	1.0836630579692546	0.0013138574373730346	0.07168002639596287	0.02775319711832576	0.11591625100825458
HepG2_skew	[0.2,0.5)	pELS	1	trained	1401	40948	271223115	11777645	1.2683588189616606	1.2025619484384202	1.338687974570243	1.18234395464605e-19	0.3429629419329227	0.26611121449668934	0.42081973213488616
HepG2_skew	[0.2,0.5)	pELS	2	trained	658	22135	271223115	11777645	1.4586762881260351	1.3498894599256026	1.5785545421028595	4.646681084332306e-24	0.5446597534874242	0.43284127235272596	0.6586041094072458
HepG2_skew	[0.2,0.5)	pELS	3	trained	509	17991	271223115	11777645	1.5319820703168803	1.4027771712724995	1.676185146271468	3.462322174278535e-24	0.6153994126569369	0.4882858575454334	0.7451815135092745
HepG2_skew	[0.5,1.0)	Other cCREs	0	trained	3497	70440	271223115	11777645	0.8744233387539345	0.84518576928763	0.904882984504745	2.983168714706048e-14	-0.19359618718127908	-0.2426596186119107	-0.14419685361927773
HepG2_skew	[0.5,1.0)	Other cCREs	1	trained	153	2648	271223115	11777645	0.7469511924471337	0.6347509997877551	0.8845161368165408	6.52664937354838e-4	-0.4209141178901859	-0.6557373326432537	-0.17703963168577558
HepG2_skew	[0.5,1.0)	Other cCREs	2	trained	24	362	271223115	11777645	0.6305269971812181	0.4202740528891093	0.9873375703571656	0.03013252332591109	-0.6653699513511249	-1.2505977055488835	-0.018384668953117664
HepG2_skew	[0.5,1.0)	Other cCREs	3	trained	9	287	271223115	11777645	1.2506202066415695	0.6702614681305619	2.6359354687757013	0.6616561579781901	0.3226437326016296	-0.577204096049094	1.3983150516749248
HepG2_skew	[0.5,1.0)	PLS	0	trained	114	2505	271223115	11777645	0.9462444361914333	0.7847278822153991	1.1509496462488236	0.557100177476936	-0.07971518264513697	-0.34973563328811486	0.20282471731359117
HepG2_skew	[0.5,1.0)	PLS	1	trained	62	1996	271223115	11777645	1.3764865801339792	1.0711292341591068	1.7981892570574818	0.011033988488790258	0.4609905446457626	0.09913255500177337	0.8465448706016461
HepG2_skew	[0.5,1.0)	PLS	2	trained	33	1575	271223115	11777645	2.012864743387535	1.4343021734905068	2.9170057915769068	8.581007666422716e-6	1.0092502320704675	0.5203489977298175	1.54448825064164
HepG2_skew	[0.5,1.0)	PLS	3	trained	107	3465	271223115	11777645	1.3936061631249954	1.1505502962333616	1.7038183541586682	4.2698391515925434e-4	0.47882290928061944	0.20232405226291403	0.7687715365477821
HepG2_skew	[0.5,1.0)	dELS	0	trained	8511	191174	271223115	11777645	0.9752608234350414	0.9542768592673717	0.9968102443316966	0.0242542444415127	-0.036139990533282734	-0.06752020649184708	-0.004609199709044377
HepG2_skew	[0.5,1.0)	dELS	1	trained	1342	31579	271223115	11777645	1.0211017063222283	0.9667918188603846	1.079208636374409	0.46455728312582956	0.030126572287133776	-0.048722830037374	0.10997379862183207
HepG2_skew	[0.5,1.0)	dELS	2	trained	265	6456	271223115	11777645	1.0540994576921987	0.932313517718061	1.1961177550947963	0.42713077170459274	0.07601099633932452	-0.10111290996785627	0.25835942660010275
HepG2_skew	[0.5,1.0)	dELS	3	trained	119	3368	271223115	11777645	1.2191395321947434	1.016035542656303	1.47504167834528	0.03389732821088032	0.28586325383777444	0.022950870926117917	0.5607557194185767
HepG2_skew	[0.5,1.0)	non-cCRE	0	trained	24196	543327	271223115	11777645	0.9750059977485392	0.9624929592936983	0.9876725054261587	1.2522343020818282e-4	-0.03651700126053986	-0.05515210757346622	-0.017895345710048385
HepG2_skew	[0.5,1.0)	pELS	0	trained	979	22408	271223115	11777645	0.9929508082743157	0.9313622889556707	1.0595916136021966	0.8187221265465376	-0.010205847845290047	-0.10258562655569556	0.08350833030148448
HepG2_skew	[0.5,1.0)	pELS	1	trained	313	9358	271223115	11777645	1.2943040969114408	1.1565236532217797	1.452973499677511	3.5240280371685007e-6	0.37217661853868456	0.20979477227484217	0.5390083903537657
HepG2_skew	[0.5,1.0)	pELS	2	trained	154	5158	271223115	11777645	1.4453410734115328	1.2317595338018992	1.7068391751832845	2.061590628561469e-6	0.531409981899504	0.3007206381331423	0.7713271286081009
HepG2_skew	[0.5,1.0)	pELS	3	trained	100	4161	271223115	11777645	1.789447965222495	1.4688556442481704	2.202073723838989	2.7845627391775405e-10	0.8395145927026502	0.55469261811293	1.1388627700995753
HepG2_skew	[1.0,1.5)	Other cCREs	0	trained	621	11888	271223115	11777645	0.8300103132806099	0.7656188936854914	0.9011320064976126	1.0214612715510103e-5	-0.2687988321309904	-0.3853016622812529	-0.15018963349930126
HepG2_skew	[1.0,1.5)	Other cCREs	1	trained	26	408	271223115	11777645	0.6578069662285937	0.44545683817496035	1.010484036889995	0.040611696771148904	-0.6042638083768174	-1.1666424439877237	0.01504653093927349
HepG2_skew	[1.0,1.5)	Other cCREs	2	trained	2	52	271223115	11777645	0.7671619870612661	0.24865163967981607	3.8382971800626864	0.5063961230781717	-0.38239685841670495	-2.00780215017283	1.9404664164850025
HepG2_skew	[1.0,1.5)	PLS	0	trained	26	413	271223115	11777645	0.6658485480638073	0.4509945053061661	1.022658508534223	0.05472360319968929	-0.5867340314120814	-1.1488182383819512	0.03232447324338815
HepG2_skew	[1.0,1.5)	PLS	1	trained	10	348	271223115	11777645	1.3777375437066957	0.7605228317516848	2.7857565171822123	0.35503997725927594	0.46230108364741723	-0.39493653495798653	1.478069167916063
HepG2_skew	[1.0,1.5)	PLS	2	trained	1	233	271223115	11777645	5.080721436102726	1.3908879338040223	42.238503743593185	0.005061555644795461	2.3450333667591043	0.47600618418042373	5.400486824471717
HepG2_skew	[1.0,1.5)	PLS	3	trained	10	451	271223115	11777645	1.7843558991958635	0.9877476109088369	3.5998401895533836	0.06110311996200916	0.8354033970945233	-0.017785643164691455	1.8479328613170605
HepG2_skew	[1.0,1.5)	dELS	0	trained	1497	33589	271223115	11777645	0.9737006237521699	0.9245567183032558	1.0260873730486357	0.309712315769562	-0.03844982875953319	-0.11316626827587112	0.03715358406097543
HepG2_skew	[1.0,1.5)	dELS	1	trained	228	5825	271223115	11777645	1.1047600760111471	0.9679637448672856	1.266264496184996	0.14751095309451162	0.14373308931625606	-0.04697508259380107	0.34057878508129674
HepG2_skew	[1.0,1.5)	dELS	2	trained	47	1151	271223115	11777645	1.0421811085718953	0.78077056553144	1.4217604094338812	0.8849099249432718	0.05960600864753823	-0.35702942948945937	0.5076783670358194
HepG2_skew	[1.0,1.5)	dELS	3	trained	21	521	271223115	11777645	1.0303379681129612	0.6732464818569557	1.6585042243603358	1.0000000000000004	0.0431176431791654	-0.5707933091441283	0.7298826868054322
HepG2_skew	[1.0,1.5)	non-cCRE	0	trained	4348	88705	271223115	11777645	0.8856811917663774	0.8590947064158613	0.9132368218154542	1.629620709473274e-14	-0.17514061261706373	-0.2191109123652309	-0.13093906451924828
HepG2_skew	[1.0,1.5)	pELS	0	trained	177	4139	271223115	11777645	1.0099787541294771	0.8691303670716917	1.180164338564583	0.9392476894440472	0.014324944824168746	-0.20235550148244685	0.23898776969211213
HepG2_skew	[1.0,1.5)	pELS	1	trained	63	1737	271223115	11777645	1.1792412892162547	0.9187929164570473	1.5381341460507862	0.21511324014247882	0.23785894405095168	-0.12218836075716279	0.6211813312598727
HepG2_skew	[1.0,1.5)	pELS	2	trained	37	1035	271223115	11777645	1.1838833084821683	0.8566667633653885	1.6826647855780534	0.3584893384172271	0.24352688622810778	-0.22319397845364647	0.7507477967791409
HepG2_skew	[1.0,1.5)	pELS	3	trained	15	772	271223115	11777645	2.097934818249009	1.2835952076630281	3.688951253711505	0.0016829128683339242	1.068969854821881	0.3601903084019669	1.8832107251961039
HepG2_skew	[1.5,Inf)	Other cCREs	0	trained	197	3513	271223115	11777645	0.7706681058905628	0.6676966391246635	0.8938288318245138	5.4804751255947e-4	-0.3758184086447977	-0.5827353164961947	-0.16192951305511658
HepG2_skew	[1.5,Inf)	Other cCREs	1	trained	8	121	271223115	11777645	0.5886415784621134	0.3000920462761284	1.3180305481604717	0.12261294969567554	-0.7645386448235648	-1.7365230130389666	0.3983838082586274
HepG2_skew	[1.5,Inf)	PLS	0	trained	7	103	271223115	11777645	0.564515374126129	0.2761139819987407	1.342175605572263	0.1461502941601375	-0.8249152227048668	-1.856664149194258	0.4245734410717229
HepG2_skew	[1.5,Inf)	PLS	1	trained	3	90	271223115	11777645	0.9878989584013627	0.3728804819122405	3.703453367307332	0.8002012846975658	-0.017564603348423843	-1.4232148123517663	1.8888711713646653
HepG2_skew	[1.5,Inf)	PLS	2	trained	2	75	271223115	11777645	1.1000803758885027	0.3624615266882722	5.4529173685198575	1.0000000000000002	0.13760893616765593	-1.464100225833506	2.447028293559173
HepG2_skew	[1.5,Inf)	PLS	3	trained	1	89	271223115	11777645	1.9541076086146194	0.5254722127237486	16.3812609490483	0.5951092169098767	0.9665099156891244	-0.9283136192357457	4.033974507722316
HepG2_skew	[1.5,Inf)	dELS	0	trained	457	9724	271223115	11777645	0.9220660341906936	0.839478753933498	1.0148506779359783	0.09152200247331521	-0.11705802125220816	-0.2524342819140416	0.02126746923403523
HepG2_skew	[1.5,Inf)	dELS	1	trained	85	1640	271223115	11777645	0.8285944815592452	0.6668310282759348	1.0415985112794197	0.09140187979538972	-0.27126188288984393	-0.5846068590418286	0.058799291623738606
HepG2_skew	[1.5,Inf)	dELS	2	trained	22	321	271223115	11777645	0.607943089553905	0.39810532664559917	0.9728847521788505	0.029400074490575814	-0.7179918177007282	-1.3287779200826175	-0.039659181255764134
HepG2_skew	[1.5,Inf)	dELS	3	trained	2	119	271223115	11777645	1.736982029837306	0.580256135664847	8.54318097458434	0.49526846001877983	0.7965828285453065	-0.7852382220889154	3.094773344059261
HepG2_skew	[1.5,Inf)	non-cCRE	0	trained	1303	24515	271223115	11777645	0.816386241666892	0.7720995744325908	0.8638052720161686	3.966787578901348e-12	-0.2926762256551433	-0.37314117708782185	-0.21122197319265712
HepG2_skew	[1.5,Inf)	pELS	0	trained	49	1123	271223115	11777645	0.9761701027637187	0.7352448819668856	1.3232724839690186	0.8265446176980832	-0.03479552801032917	-0.44370325832747765	0.40411016728095023
HepG2_skew	[1.5,Inf)	pELS	1	trained	16	500	271223115	11777645	1.2797407868230144	0.7912299138133887	2.2146042962341834	0.3779756085715107	0.3558516200408835	-0.3378311241816221	1.1470489421844692
HepG2_skew	[1.5,Inf)	pELS	2	trained	4	326	271223115	11777645	2.8399449286995555	1.2046249932512303	8.804591459810934	0.012348516027285563	1.5058629537220747	0.26858409701174835	3.1382560633888117
HepG2_skew	[1.5,Inf)	pELS	3	trained	3	192	271223115	11777645	2.095218455906232	0.8052177564594621	7.767558296092907	0.1538329868753516	1.0671006729565142	-0.312549108329108	2.957461163919506
K562_skew	(-Inf,-1.5)	Other cCREs	0	trained	565	11055	271223115	11777645	0.8482244779107931	0.7794426821142557	0.924605314045706	1.8346141522149407e-4	-0.23748197831594473	-0.35948515954597354	-0.11309044059237894
K562_skew	(-Inf,-1.5)	Other cCREs	1	trained	40	1126	271223115	11777645	1.193638689160528	0.8742171478890108	1.6725536751554326	0.3044147971792276	0.2553662032354744	-0.19393641782554577	0.742052510201867
K562_skew	(-Inf,-1.5)	Other cCREs	2	trained	4	245	271223115	11777645	2.1364716976023583	0.9031910568781085	6.6386249285129235	0.11046032879607103	1.0952302053882377	-0.146896893831231	2.730884444244458
K562_skew	(-Inf,-1.5)	Other cCREs	3	trained	3	214	271223115	11777645	2.334051835455286	0.8984794499696631	8.644456862860189	0.08961922313590598	1.2228366012868532	-0.15444258810918768	3.1117753211984898
K562_skew	(-Inf,-1.5)	PLS	0	trained	21	644	271223115	11777645	1.2731226608135255	0.8335976347967139	2.045845223349969	0.33089910877663614	0.34837142444137303	-0.26257691068731887	1.0326970033667968
K562_skew	(-Inf,-1.5)	PLS	1	trained	15	713	271223115	11777645	1.9378253573418724	1.1850236778861394	3.4088300065662565	0.0052576176826729685	0.9544385565889133	0.24491588581352228	1.76927665615171
K562_skew	(-Inf,-1.5)	PLS	2	trained	11	648	271223115	11777645	2.348528738201842	1.3352806303649154	4.568692187023113	0.0012170851400749687	1.2317572475056904	0.4171429789828757	2.1917812450819785
K562_skew	(-Inf,-1.5)	PLS	3	trained	14	2114	271223115	11777645	6.123584310918911	3.70377037267116	10.961045228218769	2.312351478641061e-22	2.614376351268365	1.8889946567844835	3.4543134729000227
K562_skew	(-Inf,-1.5)	dELS	0	trained	1097	21956	271223115	11777645	0.868355575908063	0.8172397630510122	0.9234458769627304	7.80918608105755e-6	-0.20364217369766552	-0.29116869433934467	-0.11490068736198793
K562_skew	(-Inf,-1.5)	dELS	1	trained	355	9206	271223115	11777645	1.1230573408740008	1.0101248233441267	1.2519885147022576	0.03146508328735427	0.16743159050132403	0.014533580989480887	0.32422132755959
K562_skew	(-Inf,-1.5)	dELS	2	trained	88	3032	271223115	11777645	1.4798514640113973	1.1984851217741506	1.8483082659357486	1.355848780205173e-4	0.565452376605387	0.26121199920324667	0.8862053934681261
K562_skew	(-Inf,-1.5)	dELS	3	trained	41	2048	271223115	11777645	2.1184890908096135	1.5616205328979522	2.948460251975716	6.959364526410662e-8	1.0830356995418344	0.6430439273495687	1.5599617454014616
K562_skew	(-Inf,-1.5)	non-cCRE	0	trained	3562	50423	271223115	11777645	0.6144783997431547	0.5939580701643399	0.6359072411188954	1.625071593027575e-151	-0.7025657972774526	-0.751567005782373	-0.6531117578959112
K562_skew	(-Inf,-1.5)	pELS	0	trained	105	2347	271223115	11777645	0.9618728928363834	0.7916078686413917	1.1798941631207782	0.6858283566250464	-0.056081833938085406	-0.33714214193410763	0.23865745518984743
K562_skew	(-Inf,-1.5)	pELS	1	trained	57	1585	271223115	11777645	1.1874302019794263	0.9136837056875887	1.571082478294283	0.21655566216071867	0.24784271326032906	-0.1302332679075898	0.6517589208629863
K562_skew	(-Inf,-1.5)	pELS	2	trained	26	1133	271223115	11777645	1.8238354318722125	1.2467818445004266	2.7800928640403293	9.131747702194051e-4	0.8669755582674427	0.3182090518629677	1.4751330744066409
K562_skew	(-Inf,-1.5)	pELS	3	trained	21	1401	271223115	11777645	2.767315001967604	1.8204041325589608	4.429973277708626	2.8239360720250437e-8	1.46848687449017	0.8642587665316559	2.14729799624451
K562_skew	[-0.05,0.05)	Other cCREs	0	trained	431407	10112407	271223115	11777645	1.0185765684789168	1.0154050910935197	1.021773271381604	2.307604544547931e-31	0.02655443471006423	0.022055398661520755	0.0310751018117209
K562_skew	[-0.05,0.05)	Other cCREs	1	trained	8263	192652	271223115	11777645	1.0123275585319051	0.9902583123551101	1.0349966817991874	0.2783795697350951	0.017676177983941256	-0.0141231885396807	0.049626142449691484
K562_skew	[-0.05,0.05)	Other cCREs	2	trained	1578	36974	271223115	11777645	1.0168546366667985	0.9668669945645906	1.0700767622693617	0.5237530194880053	0.024113455056762077	-0.048610653457974363	0.0977142924891272
K562_skew	[-0.05,0.05)	Other cCREs	3	trained	1264	29593	271223115	11777645	1.015887749828811	0.9602771299741593	1.075564465805811	0.5979326765533999	0.02274100081884935	-0.05847727619738629	0.10509399776060427
K562_skew	[-0.05,0.05)	PLS	0	trained	6340	154862	271223115	11777645	1.060561861248235	1.034250491999164	1.0877282572861946	3.7984981705100325e-6	0.08482877392190573	0.048585643871899065	0.12131817898472545
K562_skew	[-0.05,0.05)	PLS	1	trained	2496	71093	271223115	11777645	1.2364283831822385	1.1879955824248163	1.2872751051579074	5.332099997898248e-27	0.30617867788387637	0.24852947147061502	0.36432040665401755
K562_skew	[-0.05,0.05)	PLS	2	trained	1514	47929	271223115	11777645	1.373881491211306	1.3053340647010239	1.4468674494851375	1.9818865366216043e-37	0.45825756498903775	0.3844190725505677	0.5329327596514771
K562_skew	[-0.05,0.05)	PLS	3	trained	3952	132926	271223115	11777645	1.4604530444473716	1.4149644022523231	1.5077766214233619	4.04230571259255e-137	0.5464159743040893	0.5007657581171915	0.5924227077606388
K562_skew	[-0.05,0.05)	dELS	0	trained	886135	22028307	271223115	11777645	1.0865089187790031	1.084084610481183	1.0888704200516905	0	0.11970001715649702	0.11647736034302744	0.12283227777204002
K562_skew	[-0.05,0.05)	dELS	1	trained	79855	2004188	271223115	11777645	1.090510038849334	1.082804367779115	1.0982801081517923	7.478161313644153e-130	0.12500305097956912	0.1147726121710184	0.13524604988447678
K562_skew	[-0.05,0.05)	dELS	2	trained	12498	316022	271223115	11777645	1.098046375556424	1.0785626525016008	1.1179755646293708	2.628645195905071e-25	0.134938987286993	0.10910998347845564	0.16088865582575163
K562_skew	[-0.05,0.05)	dELS	3	trained	7920	206221	271223115	11777645	1.130642630734028	1.1055364938176755	1.1564148986866751	9.369765237594232e-28	0.1771429997612594	0.1447466493791894	0.20965910102801566
K562_skew	[-0.05,0.05)	non-cCRE	0	trained	6907228	160814974	271223115	11777645	1.0270537404053472	1.0257936511263894	1.0282286496775548	0	0.03851167239403998	0.03674054728298789	0.04016111577303849
K562_skew	[-0.05,0.05)	pELS	0	trained	97223	2456305	271223115	11777645	1.0979745213947665	1.0909416762441335	1.1051003312061312	2.878795727703562e-183	0.13484457685322027	0.12557397458311037	0.14417735673216717
K562_skew	[-0.05,0.05)	pELS	1	trained	20074	589521	271223115	11777645	1.2757973763692712	1.2579105384971123	1.2939731658359823	7.291847078619866e-272	0.35139921678333186	0.3310293226496531	0.3718076993112794
K562_skew	[-0.05,0.05)	pELS	2	trained	7335	237818	271223115	11777645	1.4080933609165014	1.3757154690686884	1.4413725021607438	5.331253569912839e-204	0.49374299226066914	0.46018211698013967	0.5274432276510739
K562_skew	[-0.05,0.05)	pELS	3	trained	4899	161214	271223115	11777645	1.4289624077386993	1.3888947489865866	1.4705019547591758	1.3439344173142832e-149	0.5149679634020097	0.47393727543996983	0.5563087020213011
K562_skew	[-0.2,-0.05)	Other cCREs	0	trained	90870	1778707	271223115	11777645	0.8489955282859795	0.8433195996356385	0.8547044334874249	0	-0.23617113985655316	-0.24584861030618463	-0.2265024889970913
K562_skew	[-0.2,-0.05)	Other cCREs	1	trained	2837	56463	271223115	11777645	0.8639275012307459	0.831960157689902	0.8974390673633327	9.577884696291359e-14	-0.211017845002526	-0.2654136550781233	-0.156114106031852
K562_skew	[-0.2,-0.05)	Other cCREs	2	trained	490	10602	271223115	11777645	0.9377594455640739	0.8565107039815859	1.0286158200950246	0.16790827115943582	-0.09271020540923545	-0.22345681882367258	0.04070424760052329
K562_skew	[-0.2,-0.05)	Other cCREs	3	trained	411	8599	271223115	11777645	0.9064265929444033	0.8210054148986994	1.0030115631606413	0.054126383563300476	-0.14173790700097713	-0.28453635763246926	0.00433823807208214
K562_skew	[-0.2,-0.05)	PLS	0	trained	1972	44998	271223115	11777645	0.9903904910088598	0.9467073640820196	1.0366127794884288	0.6690551240450204	-0.013930631950915151	-0.07900955053632597	0.05187708466482219
K562_skew	[-0.2,-0.05)	PLS	1	trained	1188	33809	271223115	11777645	1.2348277660821523	1.1653850853571328	1.309429015500685	1.7653974067383637e-13	0.3043098285731703	0.220806752249743	0.38893785292187993
K562_skew	[-0.2,-0.05)	PLS	2	trained	837	28070	271223115	11777645	1.4546614901417778	1.3580170975953028	1.5599611805854405	9.453124286689576e-30	0.5406834670081407	0.44150164339757547	0.6415101282710478
K562_skew	[-0.2,-0.05)	PLS	3	trained	2422	89162	271223115	11777645	1.5981570250015105	1.534869488652077	1.664718222516688	3.29471102139762e-133	0.6764091655008346	0.6181159871398493	0.7352780010920589
K562_skew	[-0.2,-0.05)	dELS	0	trained	202582	4275092	271223115	11777645	0.915051635542577	0.9109575056274478	0.9191929036248156	1.57637e-319	-0.1280749392072446	-0.13454433817116293	-0.12156043478933058
K562_skew	[-0.2,-0.05)	dELS	1	trained	26180	587469	271223115	11777645	0.97432435315140975	0.9623380749020416	0.9865063071477822	4.157700034642246e-5	-0.03752596859083984	-0.055384284777871925	-0.019599820155720767
K562_skew	[-0.2,-0.05)	dELS	2	trained	5027	118875	271223115	11777645	1.0266814443492671	0.9981085835273731	1.056306090125415	0.0675013163084461	0.03798861598080828	-0.0027313210131287855	0.07902795090703939
K562_skew	[-0.2,-0.05)	dELS	3	trained	3176	77494	271223115	11777645	1.0592423421183716	1.0222977565028135	1.0978618638366022	0.0014150561827959306	0.0830326986543309	0.03181545974417312	0.13469654168838013
K562_skew	[-0.2,-0.05)	non-cCRE	0	trained	992172	19351498	271223115	11777645	0.8351943082920313	0.8334215170696523	0.8369789767800818	0	-0.25981621466878924	-0.26288174722396607	-0.2567367092396186
K562_skew	[-0.2,-0.05)	pELS	0	trained	22414	488519	271223115	11777645	0.9462800262720363	0.9337097290039861	0.9591121448790326	1.1716854716499493e-15	-0.07966092111899523	-0.09895397922819257	-0.06022858162339704
K562_skew	[-0.2,-0.05)	pELS	1	trained	6464	175743	271223115	11777645	1.1805584683206192	1.1516016094169403	1.2104131115254855	3.4975780958699627e-41	0.23946949422844885	0.20364171024897648	0.2754995204187292
K562_skew	[-0.2,-0.05)	pELS	2	trained	2756	91850	271223115	11777645	1.4468601601743285	1.393091496043628	1.5032002676268856	2.6897283093702426e-91	0.5329254913429324	0.4782900149768569	0.5880372287252804
K562_skew	[-0.2,-0.05)	pELS	3	trained	2194	75444	271223115	11777645	1.4926914891489034	1.4306051152293506	1.558046675973066	1.5178117324848542e-86	0.577916018742868	0.5166255051051196	0.6397384543149781
K562_skew	[-0.5,-0.2)	Other cCREs	0	trained	22351	416727	271223115	11777645	0.8093037997986094	0.798473369803138	0.820319099386986	1.1276359940757278e-195	-0.3052467257439258	-0.32468380233364885	-0.28574287594657966
K562_skew	[-0.5,-0.2)	Other cCREs	1	trained	947	20099	271223115	11777645	0.9207115996143055	0.8625627406263665	0.9836797917694947	0.013586779957795597	-0.11917877240805803	-0.21329869631382617	-0.023739330143272397
K562_skew	[-0.5,-0.2)	Other cCREs	2	trained	127	3425	271223115	11777645	1.1622793452247142	0.9741009290289988	1.397582034317002	0.10121907885873932	0.21695685147590252	-0.03785683360042267	0.48293296788336704
K562_skew	[-0.5,-0.2)	Other cCREs	3	trained	98	2579	271223115	11777645	1.1316632238647233	0.9257024185187336	1.397631710600261	0.24545143492848837	0.17844468471717573	-0.1113796036973014	0.48298424677225005
K562_skew	[-0.5,-0.2)	PLS	0	trained	593	15415	271223115	11777645	1.1269904278272012	1.0382373986323135	1.2252900168588425	0.00385939917724194	0.17247526192994397	0.05413636148965552	0.2931232646265141
K562_skew	[-0.5,-0.2)	PLS	1	trained	477	15377	271223115	11777645	1.3970523143208746	1.2753953361302	1.5334399139668573	3.846819507931126e-14	0.48238604522710055	0.35094451066794863	0.6167716374100448
K562_skew	[-0.5,-0.2)	PLS	2	trained	337	13508	271223115	11777645	1.7356051295491919	1.557835772239018	1.939138530767479	8.30508072126253e-28	0.7954387551323802	0.6395431518433746	0.9554158723009374
K562_skew	[-0.5,-0.2)	PLS	3	trained	1047	44019	271223115	11777645	1.824131606201689	1.7155955291731635	1.9411389189028867	6.648388741304037e-100	0.8672098198344215	0.7787094614404377	0.9569033691801697
K562_skew	[-0.5,-0.2)	dELS	0	trained	50256	1021359	271223115	11777645	0.882055335808513	0.8741757460785091	0.8900430665750646	2.0169212814684317e-159	-0.18105892868243742	-0.1940047436428285	-0.16805294933522757
K562_skew	[-0.5,-0.2)	dELS	1	trained	8809	196980	271223115	11777645	0.9708833129741755	0.9503825172004555	0.991966221736796	0.006938603902811734	-0.04263018122992865	-0.07341979765881786	-0.01163709984225524
K562_skew	[-0.5,-0.2)	dELS	2	trained	1789	46830	271223115	11777645	1.136113236713935	1.083685551871626	1.1916958751068263	7.297112855110284e-8	0.18410663581442702	0.11594619712883278	0.25301610202751124
K562_skew	[-0.5,-0.2)	dELS	3	trained	1007	28443	271223115	11777645	1.2253812593308975	1.1507251941181489	1.3061050378662702	6.794849652886707e-11	0.293230692385832	0.20254334309757363	0.38527092407824176
K562_skew	[-0.5,-0.2)	non-cCRE	0	trained	175655	3162420	271223115	11777645	0.7792139044518386	0.775478192979467	0.7830239257812496	0	-0.3599086734928562	-0.36684188270752693	-0.3528717042566155
K562_skew	[-0.5,-0.2)	pELS	0	trained	5604	118094	271223115	11777645	0.9149021555920686	0.8906794959554633	0.9398847473315322	1.3363776414350632e-10	-0.12831063257265654	-0.167021712275181	-0.08944423665822744
K562_skew	[-0.5,-0.2)	pELS	1	trained	1962	56313	271223115	11777645	1.245795365110787	1.1909382695717288	1.3037783381199473	4.5562846288271707e-23	0.31706711010710953	0.2520986352920395	0.38269861061334864
K562_skew	[-0.5,-0.2)	pELS	2	trained	991	33030	271223115	11777645	1.4459735399230316	1.3574241614297315	1.5418158193948308	7.570847827302509e-34	0.5320411524473324	0.44087159767194195	0.6246304356057937
K562_skew	[-0.5,-0.2)	pELS	3	trained	818	31648	271223115	11777645	1.6781532674661448	1.565584354687169	1.8008550448458045	6.204146010961188e-57	0.7468744846189473	0.6467012439030985	0.8486820599235815
K562_skew	[-1.0,-0.5)	Other cCREs	0	trained	6159	112597	271223115	11777645	0.7936620319780181	0.7735381592935252	0.8144437531366112	2.474475304006206e-65	-0.3334033048863478	-0.3704556320874872	-0.296113027656384
K562_skew	[-1.0,-0.5)	Other cCREs	1	trained	367	7974	271223115	11777645	0.9410234045728659	0.8475724801345135	1.0475456990770908	0.24966436547813733	-0.08769748963673346	-0.23859134934105014	0.06701318272537157
K562_skew	[-1.0,-0.5)	Other cCREs	2	trained	55	1624	271223115	11777645	1.2600819545890287	0.9653805395474611	1.6756136323415642	0.09867893883686138	0.3335175683554475	-0.05083035012405862	0.7446895267434085
K562_skew	[-1.0,-0.5)	Other cCREs	3	trained	32	1156	271223115	11777645	1.5224898775587312	1.0778987695278586	2.2224492920965337	0.013535484725523347	0.6064326362469661	0.10822169427056857	1.1521505025756613
K562_skew	[-1.0,-0.5)	PLS	0	trained	242	5278	271223115	11777645	0.9433310368207093	0.8293629243107745	1.0772981341384371	0.3630711558312042	-0.08416395985983631	-0.2699245401785067	0.10741756011590184
K562_skew	[-1.0,-0.5)	PLS	1	trained	157	6193	271223115	11777645	1.702367567466903	1.4535682350788677	2.006428852968954	8.434015790764195e-13	0.7675425708128949	0.5395987977206327	1.0046299997318193
K562_skew	[-1.0,-0.5)	PLS	2	trained	122	5583	271223115	11777645	1.9714267297327617	1.6487720812527173	2.3765181193046865	1.1271670874636765e-16	0.9792400920762049	0.72139198096308	1.2488494012326592
K562_skew	[-1.0,-0.5)	PLS	3	trained	315	18377	271223115	11777645	2.525577919398865	2.2596844542207517	2.8315964126694446	1.8420156570907904e-81	1.3366135526367497	1.1761213265721608	1.5016156528034432
K562_skew	[-1.0,-0.5)	dELS	0	trained	13704	269436	271223115	11777645	0.8535648541993139	0.8390161157482507	0.8683799551859979	1.0045417400075573e-69	-0.2284273209230492	-0.2532295727958191	-0.2036016702787515
K562_skew	[-1.0,-0.5)	dELS	1	trained	2899	69228	271223115	11777645	1.0366349502713776	0.998799819394659	1.0762489411681668	0.05839964218080314	0.051907940291147044	-0.001732534492736319	0.10601181827514017
K562_skew	[-1.0,-0.5)	dELS	2	trained	681	18734	271223115	11777645	1.1929073294862171	1.105080051397903	1.2895473533231427	3.8386622052269695e-6	0.2544819722170735	0.14415088144626573	0.36686475114196443
K562_skew	[-1.0,-0.5)	dELS	3	trained	347	11661	271223115	11777645	1.4552367672004087	1.307954536252337	1.623629086020112	2.8921296345117266e-13	0.5412538988906592	0.3873123944573859	0.6992220901107422
K562_skew	[-1.0,-0.5)	non-cCRE	0	trained	37355	603387	271223115	11777645	0.7007480433854575	0.6934165690308065	0.7081487290352529	0	-0.5130322838879425	-0.5282057850657051	-0.4978757005290846
K562_skew	[-1.0,-0.5)	pELS	0	trained	1453	30548	271223115	11777645	0.9123535342005028	0.8655506643192465	0.9622853491230763	7.420322163533848e-4	-0.1323351222460081	-0.20830982581785135	-0.05546333111900001
K562_skew	[-1.0,-0.5)	pELS	1	trained	621	17612	271223115	11777645	1.2296484300366906	1.1350886067696266	1.334152947652497	1.8609053670322444e-7	0.29824589219550657	0.1828049209149539	0.4159240669506921
K562_skew	[-1.0,-0.5)	pELS	2	trained	287	10959	271223115	11777645	1.6525702744557296	1.4699622051478471	1.8640824465797647	9.759558006739241e-20	0.7247116226879413	0.5557790617645357	0.8984656704220797
K562_skew	[-1.0,-0.5)	pELS	3	trained	258	12154	271223115	11777645	2.0379860174283904	1.8017712364576954	2.313842285799063	3.628051966380267e-37	1.027144153242725	0.8494158496759819	1.2102905320124433
K562_skew	[-1.5,-1.0)	Other cCREs	0	trained	1342	25328	271223115	11777645	0.8189653821630034	0.7751918541068947	0.8658367995800356	4.090193654035884e-12	-0.2881256247515992	-0.3673746842238071	-0.20783297596866473
K562_skew	[-1.5,-1.0)	Other cCREs	1	trained	98	2579	271223115	11777645	1.1316632238647233	0.9257024185187336	1.397631710600261	0.24545143492848837	0.17844468471717573	-0.1113796036973014	0.48298424677225005
K562_skew	[-1.5,-1.0)	Other cCREs	2	trained	21	735	271223115	11777645	1.4527453959219088	0.9521992547356782	2.332475760597411	0.08395154583407563	0.5387818824433206	-0.07066459515669238	1.2218620884735547
K562_skew	[-1.5,-1.0)	Other cCREs	3	trained	15	597	271223115	11777645	1.6229920104008353	0.99114289628548	2.857996169457879	0.054244331951718766	0.6986558978628007	-0.012835024457801852	1.5150039828060788
K562_skew	[-1.5,-1.0)	PLS	0	trained	55	1429	271223115	11777645	1.1088692530099338	0.8489692281119182	1.475439208698808	0.5155285694458669	0.14908926707371956	-0.23621583233977786	0.5611444798241271
K562_skew	[-1.5,-1.0)	PLS	1	trained	34	1646	271223115	11777645	2.043445187384212	1.4631615571582506	2.9439270806377347	4.139449146051274e-6	1.031003545560899	0.5490890755890065	1.557741937120065
K562_skew	[-1.5,-1.0)	PLS	2	trained	20	1522	271223115	11777645	3.149300510283438	2.0527025078461194	5.102579751784863	4.1121827465848506e-10	1.65503142784814	1.0375245570352818	2.3512268263232294
K562_skew	[-1.5,-1.0)	PLS	3	trained	59	5063	271223115	11777645	3.665052273357077	2.8425838143971744	4.810475903205595	4.527432614240255e-36	1.8738337751599652	1.5072028880207708	2.266179627723279
K562_skew	[-1.5,-1.0)	dELS	0	trained	2816	57301	271223115	11777645	0.8832893432621974	0.85048026714671	0.9176567435992897	2.742563363410401e-10	-0.17904198916357347	-0.23365033203790797	-0.12397349126443201
K562_skew	[-1.5,-1.0)	dELS	1	trained	764	19224	271223115	11777645	1.0912883591142895	1.0151785911986726	1.1745859063085207	0.01762986171244813	0.1260323659109162	0.021733550043054366	0.23215223235646565
K562_skew	[-1.5,-1.0)	dELS	2	trained	203	6196	271223115	11777645	1.3191281640564352	1.14725846160268	1.5240910759586872	6.065003646433682e-5	0.39958474098520974	0.19819044738405422	0.6079491173377618
K562_skew	[-1.5,-1.0)	dELS	3	trained	105	4716	271223115	11777645	1.93241098129955	1.593979234392967	2.365400793631179	1.1333248898912005e-13	0.950401956299823	0.6726328347026452	1.2420846545981965
K562_skew	[-1.5,-1.0)	non-cCRE	0	trained	6426	103200	271223115	11777645	0.6971755244306714	0.6797834656814079	0.7150858335450554	3.308233465816068e-156	-0.5204061728740075	-0.5568528231365422	-0.4838116723004115
K562_skew	[-1.5,-1.0)	pELS	0	trained	317	6153	271223115	11777645	0.8403513560494307	0.7506547716475078	0.9435910864799512	0.0030917922353329835	-0.2509354412264311	-0.41377853434357986	-0.08376630449132315
K562_skew	[-1.5,-1.0)	pELS	1	trained	116	4110	271223115	11777645	1.525802280731556	1.2695129605140263	1.8496729455653438	1.729595991239482e-6	0.6095680243683319	0.34427512359815443	0.8872701996479255
K562_skew	[-1.5,-1.0)	pELS	2	trained	58	2644	271223115	11777645	1.9467563499547196	1.5043679356107869	2.564555228816529	2.6327117606366782e-8	0.9610723320765711	0.5891574619373529	1.3587086407173599
K562_skew	[-1.5,-1.0)	pELS	3	trained	73	3284	271223115	11777645	1.9277113929359078	1.531120838674528	2.4612611298291562	7.201930806373829e-10	0.9468890748318192	0.6145881472903233	1.2993977300122632
K562_skew	[0.05,0.2)	Other cCREs	0	trained	81770	1939436	271223115	11777645	1.0301468179520743	1.0229320764024692	1.0374089402123186	8.364295276299246e-17	0.04284996695866352	0.03271035203274567	0.052984707765983866
K562_skew	[0.05,0.2)	Other cCREs	1	trained	2508	57419	271223115	11777645	0.9937876454780965	0.9548224411358736	1.0347463508356536	0.7589582990519315	-0.00899048811533149	-0.06669562049221048	0.0492771607299923
K562_skew	[0.05,0.2)	Other cCREs	2	trained	458	11324	271223115	11777645	1.0714174014730025	0.9758621309534018	1.1787665352247523	0.1526710239959748	0.09952063295564044	-0.0352507555414015	0.23727800854146075
K562_skew	[0.05,0.2)	Other cCREs	3	trained	394	9306	271223115	11777645	1.0231629422666086	0.9250524134139663	1.1344108166185582	0.6841939519716286	0.033035917596103165	-0.11239298392852119	0.1819431938673901
K562_skew	[0.05,0.2)	PLS	0	trained	1842	42347	271223115	11777645	0.9977901799732847	0.9522761309405902	1.0459886759433876	0.9240864589178953	-0.0031916241515263497	-0.07054812327106635	0.06486723280019699
K562_skew	[0.05,0.2)	PLS	1	trained	932	27905	271223115	11777645	1.2988511326756957	1.2167678495284093	1.3878753415511473	3.3318657998130663e-16	0.3772360863223967	0.28305393856729705	0.4728779914014122
K562_skew	[0.05,0.2)	PLS	2	trained	676	21620	271223115	11777645	1.3868529707446524	1.2846002165242099	1.4992572171954022	1.393648433771274e-18	0.4718148463340615	0.36131944472892535	0.5842479177341315
K562_skew	[0.05,0.2)	PLS	3	trained	2044	65113	271223115	11777645	1.3827496912989907	1.3231675800700025	1.4456872984435891	4.832216016709949e-52	0.46754001996997274	0.40399579149211873	0.531755531700419
K562_skew	[0.05,0.2)	dELS	0	trained	182556	4594112	271223115	11777645	1.0943856119323205	1.0892565166306463	1.099532376611313	4.57689134e-316	0.13012116811208782	0.12334374440533565	0.13689008612910186
K562_skew	[0.05,0.2)	dELS	1	trained	22770	579657	271223115	11777645	1.1056318364452322	1.091051651892685	1.1204387262457278	2.3510633428273788e-51	0.14487106354898743	0.1257194024548386	0.16406375392769837
K562_skew	[0.05,0.2)	dELS	2	trained	4333	111391	271223115	11777645	1.1161326116136017	1.0827516777364734	1.1507628419176446	5.691777083289899e-13	0.15850844898723532	0.11470240788016597	0.202590542381504
K562_skew	[0.05,0.2)	dELS	3	trained	2789	72990	271223115	11777645	1.1360863645909804	1.0939280419769881	1.1802821555026644	1.667525658495369e-11	0.18407251180656758	0.12951784151504422	0.23913178813342909
K562_skew	[0.05,0.2)	non-cCRE	0	trained	943564	22409451	271223115	11777645	1.0341366439590143	1.0319353124287949	1.0363736350924817	8.139554403664499e-208	0.04842682640465673	0.0453525372697167	0.05154421954501916
K562_skew	[0.05,0.2)	pELS	0	trained	20426	516891	271223115	11777645	1.0990105933013716	1.0837516666676807	1.1145245709924847	5.057228180148807e-41	0.1362052924106197	0.11603421212424887	0.15642842284105105
K562_skew	[0.05,0.2)	pELS	1	trained	5807	167529	271223115	11777645	1.252717094458496	1.2203425601592126	1.2861224775768914	2.0453726042343096e-68	0.3250606425090349	0.28728618096195996	0.3630280372063421
K562_skew	[0.05,0.2)	pELS	2	trained	2447	81693	271223115	11777645	1.449283407075561	1.3921755233684916	1.5094067076412556	4.771256265362905e-82	0.535339741204461	0.47734111544626356	0.5939815905165762
K562_skew	[0.05,0.2)	pELS	3	trained	1851	64908	271223115	11777645	1.522067705474767	1.453341159414631	1.594794506176369	5.201938692981533e-81	0.6060325350439312	0.5393734030550902	0.6733705405922508
K562_skew	[0.2,0.5)	Other cCREs	0	trained	18088	403562	271223115	11777645	0.9687316194456325	0.9543906900617821	0.9833410905677131	3.2440774123178125e-5	-0.045831062811785866	-0.06734812505959475	-0.02423616528454669
K562_skew	[0.2,0.5)	Other cCREs	1	trained	739	16223	271223115	11777645	0.9520227603613922	0.8843761990908018	1.0262109134451827	0.19113218731235923	-0.07093202989616881	-0.17726789596085893	0.037327273352474565
K562_skew	[0.2,0.5)	Other cCREs	2	trained	119	2719	271223115	11777645	0.9842790729691407	0.8196515370353812	1.1918111050602123	0.8508906876072051	-0.02286067352392597	-0.2869173956921755	0.2531555953739328
K562_skew	[0.2,0.5)	Other cCREs	3	trained	117	2161	271223115	11777645	0.7956192947780615	0.6608363224643293	0.9658881746781155	0.01815947286422065	-0.3298498311049882	-0.5976351091000315	-0.05007192360676657
K562_skew	[0.2,0.5)	PLS	0	trained	555	12254	271223115	11777645	0.9571098228261384	0.8790395499587165	1.0438866691379571	0.30889005916104795	-0.06324361975159706	-0.18600001797637034	0.061965092417643794
K562_skew	[0.2,0.5)	PLS	1	trained	354	10600	271223115	11777645	1.296747739636134	1.1664956593192144	1.4454439185810497	6.359156686580132e-7	0.37489785493861155	0.22218093887779602	0.5315126351348811
K562_skew	[0.2,0.5)	PLS	2	trained	239	8781	271223115	11777645	1.5889933287502118	1.3976266985567223	1.813952670824741	3.339068006214711e-14	0.66811306766995	0.48297907311794014	0.8591368139385303
K562_skew	[0.2,0.5)	PLS	3	trained	733	24118	271223115	11777645	1.4269497208264517	1.3258533320647419	1.537770214546619	1.2315810562657953e-23	0.5129345017427107	0.40692119113223424	0.6208399408151883
K562_skew	[0.2,0.5)	dELS	0	trained	42181	1017717	271223115	11777645	1.0478681562618752	1.0376972159788262	1.0581551852299151	3.2007763952638688e-21	0.0674572070729957	0.05338554896650147	0.08155122342900292
K562_skew	[0.2,0.5)	dELS	1	trained	6587	166290	271223115	11777645	1.0961514703158117	1.069478496973048	1.1236693415219334	1.3276418828598355e-13	0.13244716907803253	0.09690747584357029	0.1682175608897555
K562_skew	[0.2,0.5)	dELS	2	trained	1408	35380	271223115	11777645	1.0904251000832366	1.033868092066796	1.150874512099065	0.0013201538586324806	0.12489067648983532	0.048052128534237785	0.20273053491055806
K562_skew	[0.2,0.5)	dELS	3	trained	852	21308	271223115	11777645	1.0847975976296125	1.012978743945381	1.1630192798027172	0.019387872328982647	0.11742588862774793	0.018603901358864798	0.21787501310108787
K562_skew	[0.2,0.5)	non-cCRE	0	trained	155011	3428063	271223115	11777645	0.9597965799519932	0.9548953144732152	0.9647387337166138	7.511486421065774e-55	-0.059199422586631134	-0.0665855162612182	-0.051789803911531505
K562_skew	[0.2,0.5)	pELS	0	trained	4723	116598	271223115	11777645	1.0718386564573843	1.0410848845919347	1.103713681311145	2.399751678553968e-6	0.10008775369932825	0.05808770320718472	0.1423659654801966
K562_skew	[0.2,0.5)	pELS	1	trained	1634	48673	271223115	11777645	1.2927961544741235	1.2305897274386928	1.3589097715019942	2.2861914041158978e-26	0.3704948117965881	0.29934985455460444	0.442449667637245
K562_skew	[0.2,0.5)	pELS	2	trained	809	26441	271223115	11777645	1.4176061303317866	1.321784607116564	1.5221198932221993	5.257896260279638e-25	0.5034567478459643	0.40248710002079296	0.6060820004608819
K562_skew	[0.2,0.5)	pELS	3	trained	642	22524	271223115	11777645	1.5212498470033688	1.4064602773589556	1.6479094492000337	4.430003262165175e-29	0.6052571178428708	0.4920688072089527	0.7206369702036686
K562_skew	[0.5,1.0)	Other cCREs	0	trained	4555	92978	271223115	11777645	0.886164187570213	0.8601761973346903	0.9130866229607731	5.3069479052804475e-15	-0.174354070319017	-0.21729588509087672	-0.13117636218292758
K562_skew	[0.5,1.0)	Other cCREs	1	trained	222	4195	271223115	11777645	0.817074385317348	0.7139538058353666	0.9391200268002279	0.004168808235651284	-0.2914606695844753	-0.48609736271728377	-0.0906185376438126
K562_skew	[0.5,1.0)	Other cCREs	2	trained	31	615	271223115	11777645	0.8359166270777209	0.5859035472035033	1.2330040101213617	0.32405437085365	-0.25856903738941567	-0.7712649104861135	0.30217749185169607
K562_skew	[0.5,1.0)	Other cCREs	3	trained	12	439	271223115	11777645	1.4697505948802536	0.8505441803977977	2.7824077700019645	0.19493848312805878	0.5555713618258323	-0.23354191815759276	1.4763338665551717
K562_skew	[0.5,1.0)	PLS	0	trained	158	3366	271223115	11777645	0.9195677202347643	0.7841461818026333	1.0849982332434123	0.2919197628676723	-0.12097227114813806	-0.3508054659260361	0.1176926934595769
K562_skew	[0.5,1.0)	PLS	1	trained	96	3222	271223115	11777645	1.4428597247771724	1.1788711113501824	1.7845576071548057	2.151942767285301e-4	0.5289310474344747	0.23740599382187189	0.8355664736565446
K562_skew	[0.5,1.0)	PLS	2	trained	68	2626	271223115	11777645	1.6532844570355516	1.3018292837283925	2.1314353461673976	1.0777100358617726e-5	0.7253349699103179	0.3805402721083529	1.0918252940171465
K562_skew	[0.5,1.0)	PLS	3	trained	162	6169	271223115	11777645	1.6437521381945208	1.406848611677215	1.9322992925761637	1.4715420739046768e-11	0.7169927710653965	0.4924670912373446	0.95031856957431
K562_skew	[0.5,1.0)	dELS	0	trained	10596	248004	271223115	11777645	1.016285443109823	0.9966869152940907	1.0363444534285458	0.10407442076289573	0.02330566738725886	-0.004787706300156922	0.051503596324638905
K562_skew	[0.5,1.0)	dELS	1	trained	1906	45569	271223115	11777645	1.0376785895616556	0.9911684220914153	1.086904614238609	0.11540915718678564	0.0533596527026917	-0.012797869896559955	0.12022533631450412
K562_skew	[0.5,1.0)	dELS	2	trained	409	10125	271223115	11777645	1.0724748765629935	0.9715418761762838	1.1866967072303871	0.1718891181159835	0.10094385203016999	-0.041651913539100506	0.24695126195120035
K562_skew	[0.5,1.0)	dELS	3	trained	213	5341	271223115	11777645	1.0839837678243966	0.9453951723787347	1.2485629202676352	0.2675013415570586	0.11634315313589652	-0.08101059723442293	0.32026852648902615
K562_skew	[0.5,1.0)	non-cCRE	0	trained	31449	665155	271223115	11777645	0.9182182421293283	0.9078573683963628	0.9286654516806658	3.7653042593144946e-48	-0.12309100070673157	-0.13946243841825648	-0.10676913027885833
K562_skew	[0.5,1.0)	pELS	0	trained	1173	29096	271223115	11777645	1.0762555324326606	1.015213281114439	1.1418788198957186	0.013307604337708879	0.1060206537360788	0.02178284788563573	0.19140955506876137
K562_skew	[0.5,1.0)	pELS	1	trained	464	13710	271223115	11777645	1.2804246451578263	1.1672816289618533	1.407368882561198	5.666996560254858e-8	0.3566223507440202	0.22315268074390132	0.493000519967945
K562_skew	[0.5,1.0)	pELS	2	trained	234	7895	271223115	11777645	1.459073931329012	1.2813674200013163	1.66841536175812	1.5968184520661962e-9	0.5450529865179314	0.35768421417257795	0.7384785008630501
K562_skew	[0.5,1.0)	pELS	3	trained	173	6478	271223115	11777645	1.6169533130965466	1.3908023747879552	1.89062175096589	1.945322853959374e-11	0.6932780239343576	0.47591743557469934	0.9188607580048156
K562_skew	[1.0,1.5)	Other cCREs	0	trained	928	17002	271223115	11777645	0.7947587602817547	0.743915848798029	0.8499346669163097	3.962072932511758e-11	-0.3314110812335917	-0.4267886609036574	-0.23457614697631035
K562_skew	[1.0,1.5)	Other cCREs	1	trained	42	769	271223115	11777645	0.7775967235656137	0.571787309429958	1.0833721615670753	0.1131957307844976	-0.36290595478317383	-0.8064494945504606	0.11552892477047699
K562_skew	[1.0,1.5)	Other cCREs	2	trained	9	95	271223115	11777645	0.41687372777521053	0.21716053021323253	0.8970602396253244	0.013135336242980192	-1.2623176414331871	-2.203166183458332	-0.15672322625270246
K562_skew	[1.0,1.5)	Other cCREs	3	trained	3	63	271223115	11777645	0.6947976893559895	0.2585043572600658	2.6274926581533466	0.36943097620347815	-0.5253351387092327	-1.9517394965734212	1.3936867329560336
K562_skew	[1.0,1.5)	PLS	0	trained	30	717	271223115	11777645	1.005760531305535	0.7022389634025552	1.4914458411660578	1	0.008286844483775773	-0.5099660491839937	0.5767115900768915
K562_skew	[1.0,1.5)	PLS	1	trained	20	697	271223115	11777645	1.4433459187361286	0.9367789029171814	2.3466142486288364	0.1112696563286087	0.5294171040130886	-0.09421950944051356	1.2305807019676165
K562_skew	[1.0,1.5)	PLS	2	trained	10	530	271223115	11777645	2.0962067363531904	1.1620435950718493	4.224826166667789	0.009505595312241892	1.0677810082891785	0.21666419371161616	2.078891981952057
K562_skew	[1.0,1.5)	PLS	3	trained	26	971	271223115	11777645	1.5632830264888065	1.0677199649811464	2.3844614271522704	0.021135184629656273	0.6445789964739375	0.09453331546335672	1.2536634447971733
K562_skew	[1.0,1.5)	dELS	0	trained	2190	47867	271223115	11777645	0.9486805634821109	0.9089299293063589	0.9906852714545105	0.01662077898657699	-0.0760057052799359	-0.13775901558210304	-0.013501291187388633
K562_skew	[1.0,1.5)	dELS	1	trained	432	9383	271223115	11777645	0.9410604655711715	0.8545590074509739	1.0386726499695622	0.21561283328330247	-0.08764067206412585	-0.2267479811981004	0.05474104338755897
K562_skew	[1.0,1.5)	dELS	2	trained	102	2025	271223115	11777645	0.8541497215077933	0.7005324635713398	1.0515470966235736	0.12823502649693178	-0.22743911690990154	-0.5134761863466623	0.07251346684921445
K562_skew	[1.0,1.5)	dELS	3	trained	38	985	271223115	11777645	1.0978537972589246	0.7973265630078232	1.5533742339771006	0.6386509887669441	0.13468594139817072	-0.32675736146503936	0.635405441097728
K562_skew	[1.0,1.5)	non-cCRE	0	trained	5327	113097	271223115	11777645	0.9217527774767379	0.8967448513811097	0.9476249499988715	9.358501346291609e-9	-0.11754823635277824	-0.1572305378473156	-0.07761191111949786
K562_skew	[1.0,1.5)	pELS	0	trained	256	5776	271223115	11777645	0.976108837478386	0.8612954947962785	1.110367809175433	0.6988669960260253	-0.0348860756483079	-0.2154198099488324	0.15103764826642407
K562_skew	[1.0,1.5)	pELS	1	trained	96	2747	271223115	11777645	1.230208038794653	1.0045582147157637	1.5223102706261848	0.043493855995224276	0.2989023083759693	0.0065611714860098185	0.6062624326089053
K562_skew	[1.0,1.5)	pELS	2	trained	50	1703	271223115	11777645	1.450889239590279	1.0983209366757072	1.9566279332552785	0.0070541749354037725	0.5369373887409995	0.1352996810243911	0.968369443302266
K562_skew	[1.0,1.5)	pELS	3	trained	34	1319	271223115	11777645	1.6377272851152183	1.1715141197584038	2.3614538362610245	0.0026728984509076406	0.711695138927469	0.2283743424918455	1.2396753327155525
K562_skew	[1.5,Inf)	Other cCREs	0	trained	343	5699	271223115	11777645	0.7195320175273103	0.6452372848737701	0.8045772784943098	1.617747461513381e-8	-0.47486920986737874	-0.6320982882160057	-0.31369709849284466
K562_skew	[1.5,Inf)	Other cCREs	1	trained	29	252	271223115	11777645	0.36621107594309144	0.2502506347910401	0.5541052576911124	3.3980602169871104e-6	-1.449252669217635	-1.9985543662507728	-0.8517680386040078
K562_skew	[1.5,Inf)	PLS	0	trained	13	240	271223115	11777645	0.7475173947714286	0.4369177555982184	1.388001062230538	0.2710474227769573	-0.4198209435920175	-1.194566359228837	0.4730086720041733
K562_skew	[1.5,Inf)	PLS	1	trained	5	206	271223115	11777645	1.4981436035720463	0.6767043273587942	4.129508985103197	0.39335404990395856	0.5831759190113238	-0.5634024806281769	2.0459702497149816
K562_skew	[1.5,Inf)	PLS	2	trained	2	176	271223115	11777645	2.5620288484613942	0.8625262855746724	12.542703898019736	0.13022333787317772	1.357286720526504	-0.21335967116382348	3.6487764860707688
K562_skew	[1.5,Inf)	PLS	3	trained	2	227	271223115	11777645	3.3002411661482554	1.1150956589035088	16.120070700325407	0.029704487267167314	1.7225714537114825	0.1571674775949652	4.010786166221306
K562_skew	[1.5,Inf)	dELS	0	trained	791	16227	271223115	11777645	0.8897515277879016	0.8284217053665576	0.9567149678645134	0.0015393161345771415	-0.16852558990573038	-0.2715627409734815	-0.06383892534682253
K562_skew	[1.5,Inf)	dELS	1	trained	156	3156	271223115	11777645	0.8731853371767953	0.7437255031628911	1.0315809916895369	0.09831412441269746	-0.19564019057782273	-0.4271578502986751	0.044857094827691714
K562_skew	[1.5,Inf)	dELS	2	trained	51	683	271223115	11777645	0.5711954598155168	0.4305268735324001	0.7726153099544332	2.8277694458542365e-4	-0.8079435828306973	-1.2158248012794681	-0.3721778289451465
K562_skew	[1.5,Inf)	dELS	3	trained	15	274	271223115	11777645	0.7463542045636236	0.45140445447190003	1.3242509653282712	0.23941934965315925	-0.4220676280919411	-1.1475074397319782	0.4051765603051511
K562_skew	[1.5,Inf)	non-cCRE	0	trained	2167	34807	271223115	11777645	0.6971623134195415	0.6675078012400162	0.7283879023499165	5.674471444944435e-54	-0.5204335112416906	-0.5831433970466977	-0.457221133809184
K562_skew	[1.5,Inf)	pELS	0	trained	94	1997	271223115	11777645	0.9132868626962696	0.7431817202901082	1.1341715653033029	0.38100182060828514	-0.13086001410098727	-0.42821307805799386	0.18163889221180518
K562_skew	[1.5,Inf)	pELS	1	trained	35	990	271223115	11777645	1.1953744190135454	0.857461869223764	1.716832239267346	0.3476105012735284	0.2574625745641387	-0.22185557789336013	0.7797490728860191
K562_skew	[1.5,Inf)	pELS	2	trained	18	665	271223115	11777645	1.5221426367093625	0.9669894433242472	2.5444249832132835	0.06896048363675984	0.6061035570223288	-0.04842795507861737	1.3473396572449319
K562_skew	[1.5,Inf)	pELS	3	trained	6	461	271223115	11777645	2.8660004090251276	1.3798978882551691	7.169416535951298	0.0016626434912449712	1.5190388154962489	0.4645615122509746	2.8418557137750313
SKNSH_skew	(-Inf,-1.5)	Other cCREs	0	trained	439	6880	271223115	11777645	0.6790982780614472	0.6165952657078385	0.7494942325938321	9.000913717889343e-14	-0.5583077206943663	-0.6976042825847405	-0.4160107183023408
SKNSH_skew	(-Inf,-1.5)	Other cCREs	1	trained	18	355	271223115	11777645	0.813633380565473	0.5133389002973879	1.3675691761548137	0.36408896436440136	-0.2975492256865674	-0.9620165042401639	0.4516138111321617
SKNSH_skew	(-Inf,-1.5)	PLS	0	trained	15	461	271223115	11777645	1.2538772507248181	0.7638733681237656	2.21227732418689	0.42362457267456904	0.3263961213150203	-0.3885946010267732	1.1455322486606916
SKNSH_skew	(-Inf,-1.5)	PLS	1	trained	11	357	271223115	11777645	1.295492894879057	0.7324791237108027	2.5306901639656876	0.4359258974442892	0.3735011030897102	-0.449140452824271	1.3395308870327796
SKNSH_skew	(-Inf,-1.5)	PLS	2	trained	5	358	271223115	11777645	2.5982167780411936	1.1820456059618913	7.127198938191364	0.012040729889655466	1.3775218047496005	0.24128569898902463	2.8333351942050755
SKNSH_skew	(-Inf,-1.5)	PLS	3	trained	16	2246	271223115	11777645	5.7401731414120745	3.5766948552429643	9.870608646909325	6.597875689133149e-23	2.5210942537109475	1.8386270404448852	3.3031390476811144
SKNSH_skew	(-Inf,-1.5)	dELS	0	trained	1023	16904	271223115	11777645	0.7168725146343684	0.6730012277416505	0.764271853029273	6.426547274924049e-23	-0.480211515510791	-0.5713189581718665	-0.38784219582062224
SKNSH_skew	(-Inf,-1.5)	dELS	1	trained	215	3858	271223115	11777645	0.7758035171370743	0.676293132454202	0.8939098047875677	4.7233862797268816e-4	-0.3662367784860548	-0.5642793911702562	-0.16179882360204847
SKNSH_skew	(-Inf,-1.5)	dELS	2	trained	36	1129	271223115	11777645	1.3262044105941229	0.9562363126005818	1.8934549730391304	0.09183507292709966	0.40730315812195106	-0.06456090253153493	0.921021113883788
SKNSH_skew	(-Inf,-1.5)	dELS	3	trained	18	600	271223115	11777645	1.3735823688332391	0.8718741319393829	2.2977721038617434	0.19092080110589807	0.4579434262813832	-0.1978082194422561	1.2002357166382416
SKNSH_skew	(-Inf,-1.5)	non-cCRE	0	trained	2386	29860	271223115	11777645	0.5432072119642244	0.5209782680760314	0.566567268294119	3.264228736455095e-153	-0.8804254610411834	-0.9407049012566006	-0.8196808380950683
SKNSH_skew	(-Inf,-1.5)	pELS	0	trained	95	1634	271223115	11777645	0.7395678047325489	0.6017400121391079	0.9183275490698716	0.005535443156805915	-0.43524567296255456	-0.7327878042731133	-0.12291926898950638
SKNSH_skew	(-Inf,-1.5)	pELS	1	trained	25	696	271223115	11777645	1.164104483655015	0.7876671179823045	1.7947978706679037	0.5141677802498353	0.21922055247818126	-0.34434204477717545	0.843821377527454
SKNSH_skew	(-Inf,-1.5)	pELS	2	trained	11	462	271223115	11777645	1.6754638773601422	0.94994953863593	3.2662535455103336	0.08346451437112049	0.7445605826837356	-0.07407721543666664	1.707636785588128
SKNSH_skew	(-Inf,-1.5)	pELS	3	trained	10	729	271223115	11777645	2.881792913610778	1.601055766761425	5.798178407807999	6.414987447183099e-5	1.5269666667961148	0.6790235595899438	2.53559972527581
SKNSH_skew	[-0.05,0.05)	Other cCREs	0	trained	378803	9150459	271223115	11777645	1.0506733654140363	1.04719850896844	1.0541333672303117	1.0013034416608515e-191	0.07131423225092709	0.0665349482462794	0.0760574059406744
SKNSH_skew	[-0.05,0.05)	Other cCREs	1	trained	7932	190434	271223115	11777645	1.0424461138326846	1.0193001562763508	1.0662891349571852	2.685456961406006e-4	0.05997280974607587	0.027578948664412135	0.0925986923267304
SKNSH_skew	[-0.05,0.05)	Other cCREs	2	trained	1468	35441	271223115	11777645	1.0476854239788431	0.9943432988372576	1.1045675069880398	0.08074858323220167	0.06720560104230794	-0.008184064002393021	0.14348159345162553
SKNSH_skew	[-0.05,0.05)	Other cCREs	3	trained	1156	27236	271223115	11777645	1.0222537364630142	0.9637909615455431	1.0851074525144415	0.47569795568949563	0.03175333610155859	-0.0532078233742719	0.1178379122863378
SKNSH_skew	[-0.05,0.05)	PLS	0	trained	5564	138293	271223115	11777645	1.0791614065558326	1.0506097251507103	1.108702338848769	1.8461655191038212e-8	0.10991066002770991	0.07122684422335317	0.1488720869529915
SKNSH_skew	[-0.05,0.05)	PLS	1	trained	2331	68871	271223115	11777645	1.2825417347525199	1.2306570602805615	1.3371598115601127	1.24346038321441e-34	0.359005772842729	0.29942879077307877	0.41917190041030405
SKNSH_skew	[-0.05,0.05)	PLS	2	trained	1510	47951	271223115	11777645	1.3781514454169732	1.3092886565265645	1.4515539528832457	4.1285483250645436e-38	0.4627344348830289	0.3887832007436289	0.5375981965670605
SKNSH_skew	[-0.05,0.05)	PLS	3	trained	3768	126831	271223115	11777645	1.4615071315241177	1.4149060932339583	1.5100896709212444	2.458029348064876e-131	0.5474568688903745	0.5007063051268302	0.5946342210419492
SKNSH_skew	[-0.05,0.05)	dELS	0	trained	759471	19495544	271223115	11777645	1.1235888940042231	1.1209035516618044	1.1262081816989413	0	0.16811426948063546	0.16466214654169306	0.17147353695943843
SKNSH_skew	[-0.05,0.05)	dELS	1	trained	71523	1872933	271223115	11777645	1.1380649538071603	1.1295400311208972	1.1466207732720857	4.2960927546683785e-261	0.18658290022909094	0.1757354010330814	0.19738832162094203
SKNSH_skew	[-0.05,0.05)	dELS	2	trained	11401	302123	271223115	11777645	1.150800169042796	1.1294419402997966	1.1726222121582743	4.281942338818611e-51	0.20263733810953313	0.17561010995680207	0.2297382900638764
SKNSH_skew	[-0.05,0.05)	dELS	3	trained	7305	190454	271223115	11777645	1.1320888665138327	1.1059262751550882	1.1589792955848077	3.1183953025173605e-26	0.17898721103788673	0.145255213770351	0.21285479376118685
SKNSH_skew	[-0.05,0.05)	non-cCRE	0	trained	6124800	145622289	271223115	11777645	1.0700445860458403	1.068840718111447	1.0713472056640665	0	0.09767091132464431	0.09604687428173672	0.09942610913800595
SKNSH_skew	[-0.05,0.05)	pELS	0	trained	83819	2169692	271223115	11777645	1.1250433929417465	1.1172881451583598	1.1328921686078939	1.0514930903808302e-252	0.16998064728636264	0.1600013003976108	0.18001054852112275
SKNSH_skew	[-0.05,0.05)	pELS	1	trained	18197	540992	271223115	11777645	1.2915070289342594	1.272528451300962	1.3107844490243141	4.784631986184712e-273	0.3690554952414369	0.3476979125618273	0.3904304621491029
SKNSH_skew	[-0.05,0.05)	pELS	2	trained	6870	222240	271223115	11777645	1.4048845188931371	1.3714978323948084	1.4392586175844608	1.5385850048262193e-188	0.4904515461989407	0.4557523420580592	0.5253258504404115
SKNSH_skew	[-0.05,0.05)	pELS	3	trained	4621	152015	271223115	11777645	1.4284541548723706	1.387229963830334	1.4711923378826028	6.27518560361766e-141	0.5144547348394699	0.47220696587146377	0.5569858711814408
SKNSH_skew	[-0.2,-0.05)	Other cCREs	0	trained	120592	2208793	271223115	11777645	0.7936831466875706	0.7890448426771504	0.7983246209021424	0	-0.3333649237110718	-0.34182080165804574	-0.32495258937330435
SKNSH_skew	[-0.2,-0.05)	Other cCREs	1	trained	3411	63622	271223115	11777645	0.8096804861991315	0.7822589751260504	0.838288872561663	2.4840918263872976e-31	-0.3045753867859014	-0.35428178879021166	-0.25448061564356445
SKNSH_skew	[-0.2,-0.05)	Other cCREs	2	trained	596	12249	271223115	11777645	0.8910282965330469	0.8206519160735165	0.9689269990468474	0.006575773855323688	-0.16645684650752907	-0.2851576700102864	-0.04554012076448314
SKNSH_skew	[-0.2,-0.05)	Other cCREs	3	trained	480	10491	271223115	11777645	0.9471809557741391	0.8644120784679779	1.0400312133767653	0.24154327833135142	-0.07828802076848793	-0.2102088637078636	0.05662682712417694
SKNSH_skew	[-0.2,-0.05)	PLS	0	trained	2508	55407	271223115	11777645	0.9589428678327322	0.9213428367316941	0.9984930568822413	0.0414174630830302	-0.0604832303735627	-0.11819000391505367	-0.0021756991023258528
SKNSH_skew	[-0.2,-0.05)	PLS	1	trained	1363	38780	271223115	11777645	1.2346652085605319	1.1697230440182813	1.3041007595892633	3.0228185263029288e-15	0.3041198940942729	0.22616698252661344	0.3830553417652161
SKNSH_skew	[-0.2,-0.05)	PLS	2	trained	907	31409	271223115	11777645	1.502218738082783	1.406215901713971	1.606412219177613	5.780016574196982e-38	0.5870948989846236	0.491818113912196	0.6838421483056427
SKNSH_skew	[-0.2,-0.05)	PLS	3	trained	2599	93240	271223115	11777645	1.5574767954517705	1.497969695412584	1.6199353556095488	1.7377088831512012e-126	0.6392106689725261	0.583008437735103	0.6959362427380862
SKNSH_skew	[-0.2,-0.05)	dELS	0	trained	275360	5458019	271223115	11777645	0.857865747408958	0.8545445389644047	0.861194161588196	0	-0.22117620555653053	-0.22677240758685466	-0.21558955600960542
SKNSH_skew	[-0.2,-0.05)	dELS	1	trained	33617	700620	271223115	11777645	0.9047439155873356	0.8948735042910446	0.9147282518743768	1.2541880089215568e-69	-0.14441859439675309	-0.16024433164985993	-0.1285848847176119
SKNSH_skew	[-0.2,-0.05)	dELS	2	trained	6215	138997	271223115	11777645	0.9709994593209897	0.9466265671894271	0.9961907117967468	0.023778800532941905	-0.042457602574659956	-0.07913268283159414	-0.0055061350987463875
SKNSH_skew	[-0.2,-0.05)	dELS	3	trained	3766	91875	271223115	11777645	1.0591234802257499	1.0251418190344295	1.0944702582497692	5.133081798799081e-4	0.08287079889045884	0.035823507257196636	0.13023275044524837
SKNSH_skew	[-0.2,-0.05)	non-cCRE	0	trained	1406341	25317651	271223115	11777645	0.7592742348085151	0.7579081376448636	0.760621737378751	0	-0.397307042261743	-0.3999050979362389	-0.39474892536349915
SKNSH_skew	[-0.2,-0.05)	pELS	0	trained	30272	629321	271223115	11777645	0.9024863761886731	0.8921119326550623	0.912970605074267	6.263010364102935e-66	-0.14802294145087028	-0.16470335945561268	-0.13135968439996698
SKNSH_skew	[-0.2,-0.05)	pELS	1	trained	7940	213968	271223115	11777645	1.1701941476782842	1.1442523229953785	1.1968548700421722	4.799604015786753e-45	0.22674790814708073	0.19440522081819947	0.259248222486531
SKNSH_skew	[-0.2,-0.05)	pELS	2	trained	3352	108889	271223115	11777645	1.41038927590894	1.3626718274353324	1.4600879746392783	3.174142119008949e-95	0.4960934100799989	0.44643815940070575	0.5460552983875275
SKNSH_skew	[-0.2,-0.05)	pELS	3	trained	2514	87218	271223115	11777645	1.5061019161219245	1.447535193723124	1.5676149168716003	1.2349109178037684e-103	0.5908193987673251	0.5335984246860753	0.6485712062961209
SKNSH_skew	[-0.5,-0.2)	Other cCREs	0	trained	21750	387281	271223115	11777645	0.7728555892364554	0.7623620428256291	0.7835351413947685	3.225208923809009e-277	-0.3717292281574172	-0.39145180406349006	-0.3519301141537176
SKNSH_skew	[-0.5,-0.2)	Other cCREs	1	trained	782	15317	271223115	11777645	0.8495096602313572	0.7905870784808033	0.9139442921759167	1.4041620099463355e-5	-0.23529774172315038	-0.33900371924413847	-0.129821863795352
SKNSH_skew	[-0.5,-0.2)	Other cCREs	2	trained	132	3361	271223115	11777645	1.0976872161019942	0.9228709533543579	1.3153770938485576	0.30937579659741954	0.13446701967636476	-0.11579916746234535	0.3954764523206401
SKNSH_skew	[-0.5,-0.2)	Other cCREs	3	trained	100	2719	271223115	11777645	1.1694470545498554	0.9586495355801293	1.4408751739330257	0.13118142634096783	0.22582654671176872	-0.060924605703075445	0.5269453572002485
SKNSH_skew	[-0.5,-0.2)	PLS	0	trained	619	14829	271223115	11777645	1.0386810747631143	0.9584292011410125	1.1273638860152269	0.3647045766673389	0.05475274520582277	-0.06125623047983787	0.17295325802617825
SKNSH_skew	[-0.5,-0.2)	PLS	1	trained	407	13442	271223115	11777645	1.4307916974211725	1.2964974715584876	1.582762038269425	5.4289752212562246e-14	0.5168136518186764	0.3746193926365697	0.6624443685422682
SKNSH_skew	[-0.5,-0.2)	PLS	2	trained	298	11537	271223115	11777645	1.6757214484240643	1.4938535694060076	1.8859938904056925	1.2309610650577378e-21	0.7447823528702243	0.5790387391276465	0.9153250024734093
SKNSH_skew	[-0.5,-0.2)	PLS	3	trained	927	40516	271223115	11777645	1.8960759870486117	1.7765729359670674	2.025784430333577	1.1880640211067689e-101	0.9230167827707125	0.8290969187271169	1.018480660893539
SKNSH_skew	[-0.5,-0.2)	dELS	0	trained	50890	1014149	271223115	11777645	0.864847994979907	0.8571671733330353	0.8725958808508727	6.3806827516700316e-214	-0.20948150683080446	-0.22235149426215914	-0.19661443149846533
SKNSH_skew	[-0.5,-0.2)	dELS	1	trained	7446	166030	271223115	11777645	0.9681138701892517	0.9458844119475857	0.9910059029345581	0.0064526920645444725	-0.04675134666889604	-0.08026419937618874	-0.013034444025497487
SKNSH_skew	[-0.5,-0.2)	dELS	2	trained	1644	40845	271223115	11777645	1.0782522258456928	1.0263626858397465	1.1334081129702356	0.0025899077203366703	0.10869469424373578	0.03754062626849812	0.18066743445264305
SKNSH_skew	[-0.5,-0.2)	dELS	3	trained	951	28187	271223115	11777645	1.2857911133124404	1.2053038896573247	1.3730114839532694	2.526279216205154e-15	0.3626562847607002	0.2693969346943914	0.4573436923263422
SKNSH_skew	[-0.5,-0.2)	non-cCRE	0	trained	178692	2892329	271223115	11777645	0.6996716368757934	0.6962881862685099	0.7030226470063418	0	-0.5152500856814782	-0.522243549088897	-0.5083569302019574
SKNSH_skew	[-0.5,-0.2)	pELS	0	trained	5516	117112	271223115	11777645	0.9217758767919106	0.8971729783797299	0.9471916885209595	5.12872489724789e-9	-0.11751208256979012	-0.15654192580582788	-0.07827167331894076
SKNSH_skew	[-0.5,-0.2)	pELS	1	trained	1746	48760	271223115	11777645	1.2120652627915591	1.1555407783303522	1.2720716659592928	4.445171143700685e-16	0.2774673817901177	0.208568172533292	0.3471799514489707
SKNSH_skew	[-0.5,-0.2)	pELS	2	trained	816	28854	271223115	11777645	1.533732167277959	1.430621783197317	1.6461641037036205	5.020647484495148e-38	0.6170465697534003	0.5166423138347874	0.7191081630975104
SKNSH_skew	[-0.5,-0.2)	pELS	3	trained	735	28670	271223115	11777645	1.6916826718588693	1.5722403980780535	1.8225605181955202	5.665290315015587e-53	0.758458971134601	0.6528218248477555	0.8659667200945939
SKNSH_skew	[-1.0,-0.5)	Other cCREs	0	trained	5857	95039	271223115	11777645	0.7044192124759702	0.6860560429783288	0.7233463841366605	4.039129473274887e-135	-0.5054938368173152	-0.5436016618938823	-0.4672414283379648
SKNSH_skew	[-1.0,-0.5)	Other cCREs	1	trained	242	4524	271223115	11777645	0.8086174248927106	0.7105530230151617	0.923832274271113	0.0015996076360749018	-0.30647080231480434	-0.4929857843541342	-0.11429714697108995
SKNSH_skew	[-1.0,-0.5)	Other cCREs	2	trained	35	1043	271223115	11777645	1.2593059469068841	0.9036561369756207	1.8081327455121015	0.19467045598870514	0.33262882671351	-0.14615419819277567	0.8545005982519168
SKNSH_skew	[-1.0,-0.5)	Other cCREs	3	trained	26	911	271223115	11777645	1.4667821596700972	1.0014010811960183	2.2381920641645627	0.04938727288818804	0.5526546239083282	0.0020199181888809433	1.1623338424486038
SKNSH_skew	[-1.0,-0.5)	PLS	0	trained	201	4617	271223115	11777645	0.9927367005760631	0.8620967618274651	1.148644577579363	0.9138233994006656	-0.010516966401765315	-0.21407828824804453	0.19993245726382314
SKNSH_skew	[-1.0,-0.5)	PLS	1	trained	113	4290	271223115	11777645	1.6345235924696244	1.3569826292921379	1.9863481207594897	2.7022293773868173e-8	0.7088702009003993	0.44040225296421803	0.990118486955417
SKNSH_skew	[-1.0,-0.5)	PLS	2	trained	73	3786	271223115	11777645	2.222279869312712	1.7657712329266948	2.8364852293528866	1.3119145879542323e-14	1.1520405181868378	0.8202984446280931	1.5041043513718397
SKNSH_skew	[-1.0,-0.5)	PLS	3	trained	251	15449	271223115	11777645	2.6624117513125944	2.350562132452466	3.027467774916288	3.885627054175349e-74	1.412733706351179	1.2330058158204547	1.5981116036137766
SKNSH_skew	[-1.0,-0.5)	dELS	0	trained	13136	247700	271223115	11777645	0.8186083229170105	0.8043290933542716	0.8331578828684927	2.439095286639056e-104	-0.28875475992892036	-0.31414219023946266	-0.2633381836323464
SKNSH_skew	[-1.0,-0.5)	dELS	1	trained	2184	47712	271223115	11777645	0.9482048697445623	0.908399950057918	0.9902482127620835	0.015948499100361516	-0.07672929248083754	-0.13860046815915786	-0.014137902586405364
SKNSH_skew	[-1.0,-0.5)	dELS	2	trained	478	13139	271223115	11777645	1.191230357275972	1.087333820877652	1.3076364047950695	1.2221754627690808e-4	0.2524524250949769	0.12079492821179226	0.386961447624828
SKNSH_skew	[-1.0,-0.5)	dELS	3	trained	267	9414	271223115	11777645	1.525545275161864	1.3509820387660676	1.7289438304308578	3.698780996764702e-13	0.6093249968829597	0.43400849423770926	0.7898909997637867
SKNSH_skew	[-1.0,-0.5)	non-cCRE	0	trained	35702	504786	271223115	11777645	0.6132387290897874	0.6066808338384632	0.6198711461117732	0	-0.7054792816131642	-0.72099036018205	-0.6899597442033125
SKNSH_skew	[-1.0,-0.5)	pELS	0	trained	1345	27007	271223115	11777645	0.8713110602864493	0.82486082578089015	0.9209731124475407	1.3371194224073494e-6	-0.1987402382698916	-0.27777737297561245	-0.11876905703419197
SKNSH_skew	[-1.0,-0.5)	pELS	1	trained	410	12437	271223115	11777645	1.3141554113664171	1.1910573927926424	1.4534280959636499	1.5152856514836258e-8	0.39413589814848615	0.25224293318722507	0.5394597001892344
SKNSH_skew	[-1.0,-0.5)	pELS	2	trained	197	7636	271223115	11777645	1.6749334464731573	1.4543967730397722	1.9385606320082882	9.508204508279165e-15	0.7441037711819252	0.5404209036513391	0.954985858705145
SKNSH_skew	[-1.0,-0.5)	pELS	3	trained	188	9074	271223115	11777645	2.0850872060506096	1.8052819810954237	2.42093507905832	1.820355964954171e-29	1.0601077237686236	0.8522242005222573	1.2755643918620743
SKNSH_skew	[-1.5,-1.0)	Other cCREs	0	trained	1149	19690	271223115	11777645	0.7435179644680585	0.7005529598396671	0.7897444025934116	7.75145745423338e-21	-0.4275604945923468	-0.5134339764083092	-0.34054228815021786
SKNSH_skew	[-1.5,-1.0)	Other cCREs	1	trained	47	941	271223115	11777645	0.8522004413530865	0.6374966537897071	1.1640936433803888	0.26538233572858416	-0.2307352962018517	-0.6495103255804396	0.21920711787374314
SKNSH_skew	[-1.5,-1.0)	Other cCREs	2	trained	5	145	271223115	11777645	1.0566557832631975	0.4739249921740003	2.9263942447158917	1.0000000000000002	0.07950548016743121	-1.0772693521806687	1.549124142881058
SKNSH_skew	[-1.5,-1.0)	Other cCREs	3	trained	1	65	271223115	11777645	1.4330055545502676	0.3812902694475543	12.079831936448173	0.9999999999999999	0.5190442017191058	-1.3910383810247116	3.5945284778500692
SKNSH_skew	[-1.5,-1.0)	PLS	0	trained	51	1130	271223115	11777645	0.9444496761396767	0.7151347018244644	1.2724927066220886	0.6621386388692712	-0.08245416848858975	-0.48371308327495144	0.3476573874205791
SKNSH_skew	[-1.5,-1.0)	PLS	1	trained	25	1044	271223115	11777645	1.7453355686237253	1.1842743842819161	2.684590490865682	0.0034954148815905814	0.8035044442550638	0.2440033774041478	1.4247020353781936
SKNSH_skew	[-1.5,-1.0)	PLS	2	trained	15	861	271223115	11777645	2.339483060114446	1.4323172031444047	4.111988226901269	1.8051067553899946e-4	1.2261897823732133	0.5183510294221525	2.0398361339346436
SKNSH_skew	[-1.5,-1.0)	PLS	3	trained	51	4706	271223115	11777645	3.9307760791069186	2.99242485964614	5.270877955874087	1.05099648064431e-35	1.9748141814258944	1.5813150212784168	2.3980432876861824
SKNSH_skew	[-1.5,-1.0)	dELS	0	trained	2673	49175	271223115	11777645	0.7985542857946675	0.7680649213529881	0.83054714064349	5.840424154461185e-28	-0.32453760937399795	-0.38069983373849153	-0.26786603911092244
SKNSH_skew	[-1.5,-1.0)	dELS	1	trained	499	10897	271223115	11777645	0.9464468488233532	0.8652448021338015	1.0373273393328344	0.23161402772626674	-0.07940660648830734	-0.20881972530774864	0.05287122328568114
SKNSH_skew	[-1.5,-1.0)	dELS	2	trained	118	3014	271223115	11777645	1.100203099793342	0.9158875418493299	1.332753768124189	0.32514586477395396	0.13776987285699685	-0.12675762841715557	0.41441026105709333
SKNSH_skew	[-1.5,-1.0)	dELS	3	trained	39	1499	271223115	11777645	1.6284222616379898	1.1901582112963844	2.288766056134461	0.001378166299640643	0.7034748493461492	0.25115336805507815	1.1945700068415364
SKNSH_skew	[-1.5,-1.0)	non-cCRE	0	trained	6771	91236	271223115	11777645	0.5849030529965322	0.5706204052364614	0.5996254257912704	0	-0.7737305754079343	-0.8093967566479127	-0.7378665360090897
SKNSH_skew	[-1.5,-1.0)	pELS	0	trained	286	5097	271223115	11777645	0.7713438289774981	0.6847312410714314	0.8717824817490993	3.568277488002185e-5	-0.3745540054493463	-0.5463902575550006	-0.1979598815001434
SKNSH_skew	[-1.5,-1.0)	pELS	1	trained	75	2391	271223115	11777645	1.3667281746079463	1.087639237220777	1.740912319380907	0.006407294102261833	0.4507263372084001	0.12120010348041318	0.7998435438392302
SKNSH_skew	[-1.5,-1.0)	pELS	2	trained	37	1459	271223115	11777645	1.668419257233883	1.2096743930939204	2.3672694951462674	9.444042519728e-4	0.7384818693150154	0.27461877090128584	1.2432239549864867
SKNSH_skew	[-1.5,-1.0)	pELS	3	trained	49	2003	271223115	11777645	1.7404611916153487	1.3149784742359116	2.353119103529813	3.220538254176536e-5	0.7994696455535303	0.3950391832686946	1.2345743446689406
SKNSH_skew	[0.05,0.2)	Other cCREs	0	trained	106865	2555576	271223115	11777645	1.0388054088208845	1.0324252941898107	1.0452439466205523	2.9132527838011e-34	0.054925430929836025	0.04603739268475584	0.06383968824615163
SKNSH_skew	[0.05,0.2)	Other cCREs	1	trained	2855	68249	271223115	11777645	1.0377202610324459	0.9995749804755714	1.077680326972916	0.0530617571246225	0.05341758780682508	-6.13303902474974e-4	0.10792929396633008
SKNSH_skew	[0.05,0.2)	Other cCREs	2	trained	523	13151	271223115	11777645	1.0899191398588919	0.9987036504825054	1.1916115957314304	0.053961960443942074	0.12422110669780013	-0.0018714503092554149	0.2529140678263254
SKNSH_skew	[0.05,0.2)	Other cCREs	3	trained	468	10740	271223115	11777645	0.9944969607429345	0.9066029563907446	1.0931535190443429	0.9058690913870994	-0.00796113280551398	-0.14145722909329875	0.12849602279496686
SKNSH_skew	[0.05,0.2)	PLS	0	trained	2149	51550	271223115	11777645	1.0411990879174529	0.9972086976218112	1.0876001920497465	0.06783502244396014	0.05824595306524293	-0.004032628863872605	0.12114831122815392
SKNSH_skew	[0.05,0.2)	PLS	1	trained	1144	32312	271223115	11777645	1.2255020302104913	1.1553053407271583	1.3010423544879248	3.4608495249409053e-12	0.29337287422693265	0.20827419825180205	0.3796679287083368
SKNSH_skew	[0.05,0.2)	PLS	2	trained	776	24878	271223115	11777645	1.3904544462365447	1.2945537683666368	1.495316778021495	1.7921687565654587e-21	0.475556480200476	0.37245488779109165	0.5804511470780811
SKNSH_skew	[0.05,0.2)	PLS	3	trained	2277	72977	271223115	11777645	1.3912487825425943	1.3344150317592962	1.4511672340597928	4.9390408745568526e-60	0.4763804250906632	0.41620744548577754	0.5372137867004674
SKNSH_skew	[0.05,0.2)	dELS	0	trained	238564	6043694	271223115	11777645	1.1023713375294286	1.0978550193359815	1.1069066088860608	0	0.1406102825037813	0.13468754733471042	0.14653350524443332
SKNSH_skew	[0.05,0.2)	dELS	1	trained	27626	705555	271223115	11777645	1.109280085528325	1.0960239498873436	1.1227817552001067	5.405310612896138e-66	0.14962368198744835	0.13227932385152832	0.1670775258777652
SKNSH_skew	[0.05,0.2)	dELS	2	trained	5112	130529	271223115	11777645	1.1086313029944683	1.0780857115052376	1.1403032948547964	2.1727152398509355e-13	0.14877964883468053	0.10847188184543027	0.18941759964176486
SKNSH_skew	[0.05,0.2)	dELS	3	trained	3180	84585	271223115	11777645	1.1547429037294392	1.11453580414406	1.196712646688695	4.1758460772331107e-16	0.20757168038413185	0.15644296350782907	0.2590767755350101
SKNSH_skew	[0.05,0.2)	non-cCRE	0	trained	1310014	31853486	271223115	11777645	1.0633211294661724	1.0613913488270716	1.065303630770212	0	0.08857736537588372	0.08595669481265844	0.09126468319751567
SKNSH_skew	[0.05,0.2)	pELS	0	trained	26382	674093	271223115	11777645	1.1097756969642865	1.0961974642559495	1.123534272455394	1.2242343613791994e-63	0.15026811479386956	0.1325077025344647	0.1680441333716646
SKNSH_skew	[0.05,0.2)	pELS	1	trained	7008	202831	271223115	11777645	1.2568392149144163	1.2272405722683106	1.2873289092022127	1.2443373447085338e-84	0.32980010028957596	0.295418083881392	0.3643807055019004
SKNSH_skew	[0.05,0.2)	pELS	2	trained	2810	94741	271223115	11777645	1.4637397549310087	1.4098019141084641	1.5202142460023529	2.9866563812835245e-99	0.5496590729898869	0.49549246928420754	0.604274659105528
SKNSH_skew	[0.05,0.2)	pELS	3	trained	2117	73380	271223115	11777645	1.5046357684586094	1.4409809696197629	1.571828286354139	3.91077568195383e-87	0.5894142918786645	0.5270512826212749	0.6524436196598521
SKNSH_skew	[0.2,0.5)	Other cCREs	0	trained	17559	384492	271223115	11777645	0.9507231335751927	0.9364507583324159	0.9653041367176416	8.462466202058477e-11	-0.07290282948323375	-0.09472496008521711	-0.05094453343436613
SKNSH_skew	[0.2,0.5)	Other cCREs	1	trained	619	12634	271223115	11777645	0.8849385171678966	0.8163191570251698	0.9607736348730295	0.0033229802360404087	-0.17635087026601065	-0.2927947806376459	-0.05773153310258205
SKNSH_skew	[0.2,0.5)	Other cCREs	2	trained	111	2330	271223115	11777645	0.903765837621946	0.7474529427882748	1.1024558196522016	0.2874104244942113	-0.14597907076724434	-0.41994534011573836	0.14072084168229201
SKNSH_skew	[0.2,0.5)	Other cCREs	3	trained	93	2003	271223115	11777645	0.9257853404501347	0.7525825258970241	1.1510114025635176	0.4442583750160116	-0.11125037674593342	-0.4100783028166417	0.20290212568591792
SKNSH_skew	[0.2,0.5)	PLS	0	trained	518	11420	271223115	11777645	0.9555634860513529	0.8750292854653673	1.0454475812883173	0.3133051954009327	-0.06557636823742202	-0.19259679304109698	0.06412072705301997
SKNSH_skew	[0.2,0.5)	PLS	1	trained	295	9196	271223115	11777645	1.3492478230050282	1.2016579947178836	1.5199268104459598	1.3318578747039176e-7	0.43215535954150663	0.26502634735300173	0.6040018547551249
SKNSH_skew	[0.2,0.5)	PLS	2	trained	201	7630	271223115	11777645	1.640475482025634	1.4263779235475844	1.8958576171319483	6.96312536676842e-14	0.7141140320005829	0.5123562792513086	0.9228506188928163
SKNSH_skew	[0.2,0.5)	PLS	3	trained	674	24277	271223115	11777645	1.5619160064404174	1.4467986473697172	1.688553788982618	1.4162148889687232e-34	0.6433168732301955	0.5328641543131859	0.7557881372147829
SKNSH_skew	[0.2,0.5)	dELS	0	trained	41091	982640	271223115	11777645	1.038551151449539	1.02833730533767	1.0489040133897674	4.754201660727654e-14	0.05457227456024907	0.04031356114613869	0.06888266100135879
SKNSH_skew	[0.2,0.5)	dELS	1	trained	5731	138936	271223115	11777645	1.0525791321415987	1.0251341421698366	1.0809321571097492	1.3405081137630887e-4	0.07392869814372377	0.0358127034681581	0.11227597758432054
SKNSH_skew	[0.2,0.5)	dELS	2	trained	1178	29929	271223115	11777645	1.1023752194765022	1.0400058628973212	1.1694104554087907	9.392774699418308e-4	0.14061536287528636	0.05659166139429923	0.22578139526573637
SKNSH_skew	[0.2,0.5)	dELS	3	trained	770	18996	271223115	11777645	1.069952728479558	0.9955546533163375	1.1513461943417664	0.06660213028830678	0.09754705840714255	-0.006427576627035449	0.20332169773003783
SKNSH_skew	[0.2,0.5)	non-cCRE	0	trained	157321	3597790	271223115	11777645	0.9929727039039783	0.9879588381671653	0.9980344470053584	0.0065872487209639825	-0.010174035223969102	-0.017477159564413067	-0.002838484068152967
SKNSH_skew	[0.2,0.5)	pELS	0	trained	4650	114440	271223115	11777645	1.068511027456316	1.037598134571845	1.1005070437356301	8.083734115379885e-6	0.09560179725785094	0.05324779097984497	0.13816837915036284
SKNSH_skew	[0.2,0.5)	pELS	1	trained	1496	42741	271223115	11777645	1.239878378023091	1.177558664611601	1.3063052064598033	3.041680385404849e-17	0.3101986109117997	0.23579893502785454	0.3854920089851198
SKNSH_skew	[0.2,0.5)	pELS	2	trained	694	23524	271223115	11777645	1.4699107800827118	1.3630103400596	1.5873495296094497	2.3766706073586574e-26	0.5557285897292957	0.446796506747762	0.6666198402785397
SKNSH_skew	[0.2,0.5)	pELS	3	trained	577	20638	271223115	11777645	1.5506259563064497	1.4274561616510302	1.6871471830915863	7.531102532236514e-29	0.6328507198609692	0.513446439921002	0.7545858367280327
SKNSH_skew	[0.5,1.0)	Other cCREs	0	trained	4291	86497	271223115	11777645	0.8751022736516815	0.8486446057315096	0.9025697359179955	6.129760054055958e-17	-0.1924764595793621	-0.23676758456369226	-0.1478896905592419
SKNSH_skew	[0.5,1.0)	Other cCREs	1	trained	148	2969	271223115	11777645	0.8655690589230496	0.7340570364602044	1.0273799023027403	0.08829766390310073	-0.20827916612016498	-0.4460359296099213	0.03896975694451402
SKNSH_skew	[0.5,1.0)	Other cCREs	2	trained	21	517	271223115	11777645	1.0224426155398962	0.6680468456930941	1.6459042965351194	1.0000000000000002	0.03201987436583783	-0.5819788220092204	0.7188804506269342
SKNSH_skew	[0.5,1.0)	Other cCREs	3	trained	22	431	271223115	11777645	0.8156207039935024	0.5364435970491366	1.3005500969286554	0.34576574893993783	-0.2940296972061732	-0.8985016043066616	0.37912197267461095
SKNSH_skew	[0.5,1.0)	PLS	0	trained	145	3024	271223115	11777645	0.8997131595601028	0.7618631481679063	1.0696512679785717	0.21295938644334847	-0.15246297037762885	-0.39239622209119157	0.0971405200258395
SKNSH_skew	[0.5,1.0)	PLS	1	trained	69	2440	271223115	11777645	1.514277210850971	1.1939949866372155	1.9489956066613565	3.1477472987121444e-4	0.5986293361764348	0.25579677900739817	0.9627308385408939
SKNSH_skew	[0.5,1.0)	PLS	2	trained	42	2018	271223115	11777645	2.0389453857019593	1.508147195807937	2.8261700792443363	3.3797472296092535e-7	1.02782313247458	0.5927772431282387	1.4988482898399138
SKNSH_skew	[0.5,1.0)	PLS	3	trained	167	6356	271223115	11777645	1.643167413482203	1.4096081943826768	1.9267687797878295	8.002931699586583e-12	0.7164794762077754	0.49529421611960844	0.9461834526569058
SKNSH_skew	[0.5,1.0)	dELS	0	trained	10052	231672	271223115	11777645	1.0006878079561334	0.9809176953829513	1.0210184397107673	0.9512535838641001	9.919560288660385e-4	-0.027796003747865526	0.030008921689810897
SKNSH_skew	[0.5,1.0)	dELS	1	trained	1492	34727	271223115	11777645	1.0100720492191313	0.9590468049263123	1.0644594052857157	0.722425143513017	0.014458205198666196	-0.06032686922965356	0.09012093155656097
SKNSH_skew	[0.5,1.0)	dELS	2	trained	319	7495	271223115	11777645	1.017212391961463	0.9094135864480419	1.1411977540669833	0.7987887627327264	0.0246209425559665	-0.13699153708290115	0.19054881274063531
SKNSH_skew	[0.5,1.0)	dELS	3	trained	171	4678	271223115	11777645	1.1812945910135935	1.01439079263477	1.3835178065675064	0.030961810261958378	0.2403687886098923	0.020613555676272953	0.4683412122755279
SKNSH_skew	[0.5,1.0)	non-cCRE	0	trained	30869	682214	271223115	11777645	0.9595410837142699	0.9486627613015359	0.9705991488354205	1.9009079022004953e-12	-0.05958351670856094	-0.07603277799502953	-0.043052499952628484
SKNSH_skew	[0.5,1.0)	pELS	0	trained	1130	27156	271223115	11777645	1.0426843352971744	0.9824464923789153	1.1075722439851599	0.17082770142100936	0.06030245907529792	-0.025549259813030214	0.14740080500138336
SKNSH_skew	[0.5,1.0)	pELS	1	trained	343	10842	271223115	11777645	1.3687661090491348	1.229350871885651	1.5282630214570423	2.0228886736231763e-9	0.45287594393466285	0.29789673742296097	0.61189285953624
SKNSH_skew	[0.5,1.0)	pELS	2	trained	168	6194	271223115	11777645	1.5918164033422586	1.3660538706154304	1.8657431439467607	1.6957931601091265e-10	0.6706739481541395	0.45001437772557373	0.8997503846565426
SKNSH_skew	[0.5,1.0)	pELS	3	trained	133	5500	271223115	11777645	1.7826912170494218	1.5018870122582375	2.132002905988609	4.861955737599433e-13	0.8340568329626713	0.5867762822355979	1.092209404538223
SKNSH_skew	[1.0,1.5)	Other cCREs	0	trained	788	15481	271223115	11777645	0.8520755577542564	0.7931910828238633	0.9164143938682391	1.859657360064914e-5	-0.23094672785862258	-0.33425963622895344	-0.12592797605354317
SKNSH_skew	[1.0,1.5)	Other cCREs	1	trained	32	536	271223115	11777645	0.7066394803474061	0.4970041506006252	1.0372472792882985	0.05826831169449398	-0.5009537392191635	-1.0086701947578798	0.052759873008621117
SKNSH_skew	[1.0,1.5)	Other cCREs	2	trained	2	79	271223115	11777645	1.1579800894617014	0.3822593649399066	5.7338319950226415	1	0.21161044755701686	-1.3873762484043282	2.519499633302087
SKNSH_skew	[1.0,1.5)	Other cCREs	3	trained	4	93	271223115	11777645	0.8163761354024089	0.33770338990307674	2.57252798831543	0.6099306080333866	-0.2926940852749588	-1.5661714335407537	1.3631867732841494
SKNSH_skew	[1.0,1.5)	PLS	0	trained	41	611	271223115	11777645	0.6327602783619541	0.4625744934684387	0.8869743398449109	0.005941618382710472	-0.6602690576697214	-1.1122423774673162	-0.17303572690440663
SKNSH_skew	[1.0,1.5)	PLS	1	trained	12	539	271223115	11777645	1.803791218602487	1.045896275229971	3.4097085242531873	0.032374046861898986	0.8510323622529752	0.06473978214758559	1.7696484170830453
SKNSH_skew	[1.0,1.5)	PLS	2	trained	6	420	271223115	11777645	2.611657988120888	1.2564600956283112	6.536431138634588	0.0051300280919637535	1.3849659799055725	0.3293648528713131	2.7085031458238964
SKNSH_skew	[1.0,1.5)	PLS	3	trained	36	1297	271223115	11777645	1.5233792852948964	1.0992836282094456	2.1734933812761006	0.009080069586896666	0.6072751833809089	0.13656366674107914	1.120015702326518
SKNSH_skew	[1.0,1.5)	dELS	0	trained	1958	43181	271223115	11777645	0.9571706574791856	0.9148090455544716	1.0020568359155755	0.05934439673187769	-0.06315192383430816	-0.12845746382070253	0.0029643394394086647
SKNSH_skew	[1.0,1.5)	dELS	1	trained	294	6778	271223115	11777645	0.9978733012674945	0.88797434240494455	1.1250413485594408	0.952531585585324	-0.0030714448927030144	-0.17141010369477785	0.16997802567824305
SKNSH_skew	[1.0,1.5)	dELS	2	trained	63	1573	271223115	11777645	1.0679646183890286	0.8316675778716427	1.393615857629633	0.6648312054010044	0.09486385140726951	-0.26592110448906525	0.47883294523301956
SKNSH_skew	[1.0,1.5)	dELS	3	trained	32	914	271223115	11777645	1.2040374511500402	0.8511489653175783	1.759892945207508	0.3289814483697201	0.2678802673037022	-0.23251644509447908	0.8154876719786653
SKNSH_skew	[1.0,1.5)	non-cCRE	0	trained	5341	109054	271223115	11777645	0.8864443815638956	0.8624333326061705	0.9112959422478955	2.923541535019629e-17	-0.17389798035580878	-0.2135151562956607	-0.13400845131068448
SKNSH_skew	[1.0,1.5)	pELS	0	trained	217	5102	271223115	11777645	1.0164851681547578	0.8874680988988749	1.169442914453624	0.8637015229783914	0.023589164532681218	-0.17223283384754576	0.22582143924935622
SKNSH_skew	[1.0,1.5)	pELS	1	trained	64	2185	271223115	11777645	1.460400429399668	1.1411428484230208	1.8989938991357458	0.0018123310162595078	0.5463639980792728	0.1904793997001887	0.925235270573907
SKNSH_skew	[1.0,1.5)	pELS	2	trained	49	1354	271223115	11777645	1.1767983730660878	0.8874288685067735	1.5936096093678256	0.28491236526346847	0.23486715716840803	-0.17229660937163013	0.6722982519071294
SKNSH_skew	[1.0,1.5)	pELS	3	trained	18	1228	271223115	11777645	2.80886832153788	1.7908737475249175	4.681923985773941	1.7787922019689742e-7	1.4899889931659418	0.8406636342306801	2.2271015115030623
SKNSH_skew	[1.5,Inf)	Other cCREs	0	trained	285	5310	271223115	11777645	0.8063818244907052	0.7157703099662268	0.911480706317054	5.60493873490533e-4	-0.3104649734263141	-0.4824313926430439	-0.13371597641264107
SKNSH_skew	[1.5,Inf)	Other cCREs	1	trained	6	170	271223115	11777645	1.0607914590267562	0.5038738988893023	2.678335855306569	1.0000000000000002	0.0851410647360753	-0.9888653695149097	1.4213368816496175
SKNSH_skew	[1.5,Inf)	PLS	0	trained	10	208	271223115	11777645	0.8250608725898467	0.45171406391223334	1.6783528364762417	0.497613876401571	-0.2774275302637716	-1.1465182627577775	0.7470460423117415
SKNSH_skew	[1.5,Inf)	PLS	1	trained	4	190	271223115	11777645	1.6588168716130947	0.6985502384180331	5.167147903992648	0.3674277836934417	0.730154625896879	-0.5175642196102052	2.3693681799313047
SKNSH_skew	[1.5,Inf)	PLS	2	trained	3	145	271223115	11777645	1.5849939149708698	0.6059763623072115	5.894047625585744	0.5357342025364278	0.6644773016528835	-0.7226665761846375	2.559258717896385
SKNSH_skew	[1.5,Inf)	PLS	3	trained	10	364	271223115	11777645	1.4409015295278123	0.7958132747131086	2.9120804033759136	0.29931824914691435	0.5269717458415708	-0.32949813050883936	1.5420501893107588
SKNSH_skew	[1.5,Inf)	dELS	0	trained	686	14700	271223115	11777645	0.9292453759661734	0.8607080356529794	1.004556732111664	0.06051420477555033	-0.10586849080196345	-0.21640415685713454	0.006559042244389637
SKNSH_skew	[1.5,Inf)	dELS	1	trained	86	2304	271223115	11777645	1.150494280235748	0.9286151409160217	1.4420180516774124	0.21888155068444534	0.20225381111868776	-0.10684729088739803	0.5280892248439739
SKNSH_skew	[1.5,Inf)	dELS	2	trained	25	520	271223115	11777645	0.8701547731488132	0.5870738005846634	1.3447573164275575	0.45368036243501964	-0.20065606105828857	-0.7683862200954947	0.4273458382265998
SKNSH_skew	[1.5,Inf)	dELS	3	trained	4	279	271223115	11777645	2.431756706536537	1.0297132023559297	7.547729668230068	0.03718136888643205	1.2819988966141267	0.04224257123926229	2.9160427518615055
SKNSH_skew	[1.5,Inf)	non-cCRE	0	trained	1679	35780	271223115	11777645	0.9248661323625588	0.8806566726250495	0.9718220877816319	0.0019870061254465736	-0.11268353374824067	-0.18334840631971433	-0.041235872176047274
SKNSH_skew	[1.5,Inf)	pELS	0	trained	76	1670	271223115	11777645	0.9423330422788099	0.7497121520633608	1.2001962323792776	0.5898447225496146	-0.08569106315127105	-0.41559130794839094	0.2632703061133271
SKNSH_skew	[1.5,Inf)	pELS	1	trained	26	690	271223115	11777645	1.1113388867666762	0.7571258926505547	1.6987638686138657	0.7079491646905008	0.15229881286297473	-0.40139488767266457	0.7644853291229241
SKNSH_skew	[1.5,Inf)	pELS	2	trained	7	478	271223115	11777645	2.600026830028752	1.3089185425584584	6.056587650660292	0.00294843901369345	1.378526510695927	0.38837531737206554	2.5985051920413462
SKNSH_skew	[1.5,Inf)	pELS	3	trained	7	380	271223115	11777645	2.0680790517619947	1.0389725919375032	4.825056401739632	0.04060951663249964	1.0482913333343062	0.05515759649680108	2.2705458066365685
mean_skew	(-Inf,-1.5)	Other cCREs	0	trained	335	5149	271223115	11777645	0.6655842283601684	0.5959341812390366	0.7454718139857051	9.20293168736584e-12	-0.5873068470095506	-0.7467750958167721	-0.4237742891147656
mean_skew	(-Inf,-1.5)	Other cCREs	1	trained	17	358	271223115	11777645	0.8660722691300915	0.5401505981342157	1.4781492912958218	0.5182616340997697	-0.20744067967508134	-0.8885663970729122	0.5637919873021371
mean_skew	(-Inf,-1.5)	PLS	0	trained	9	366	271223115	11777645	1.5936794409523953	0.8567698466404612	3.3515987989394436	0.15636974009645913	0.6723614690670304	-0.2230203884543936	1.74484946245547
mean_skew	(-Inf,-1.5)	PLS	1	trained	8	300	271223115	11777645	1.4523060305680824	0.7548856104292176	3.2070417626657988	0.3196489689037223	0.5383454907043264	-0.4056700488198441	1.6812431409322077
mean_skew	(-Inf,-1.5)	PLS	2	trained	4	282	271223115	11777645	2.4578112696888144	1.04088447512006	7.6279709719004964	0.037417422749046816	1.2973741383559494	0.05780995680254629	2.931299353512378
mean_skew	(-Inf,-1.5)	PLS	3	trained	8	1295	271223115	11777645	6.253933921441593	3.283985845268048	13.702505591915774	2.5676116773675383e-14	2.644763975944733	1.7154479087827086	3.776367818329805
mean_skew	(-Inf,-1.5)	dELS	0	trained	693	11296	271223115	11777645	0.7068610513356104	0.6546300467356334	0.7642570304237537	3.3380037461840634e-17	-0.5005014445629672	-0.6112482730093285	-0.3878701763183517
mean_skew	(-Inf,-1.5)	dELS	1	trained	180	3382	271223115	11777645	0.8116235892835401	0.6987440848214296	0.94782667223987	0.007248214994216475	-0.3011172982405281	-0.5171639299331956	-0.07730483530241039
mean_skew	(-Inf,-1.5)	dELS	2	trained	36	1071	271223115	11777645	1.2581323192002105	0.9068546386171437	1.796821533042048	0.20031214368526803	0.33128366006713744	-0.1410567778191839	0.8454471221581602
mean_skew	(-Inf,-1.5)	dELS	3	trained	10	437	271223115	11777645	1.7290873991579727	0.9568724868870787	3.4893652949560328	0.07514011865520764	0.7900107938761026	-0.063601411338618	1.8029646384135645
mean_skew	(-Inf,-1.5)	non-cCRE	0	trained	2191	26299	271223115	11777645	0.5209565016193112	0.4987237583225763	0.5444121193035696	1.9025874961261997e-158	-0.9407651782721795	-1.003687162793252	-0.8772289114684079
mean_skew	(-Inf,-1.5)	pELS	0	trained	64	1145	271223115	11777645	0.7656022159108974	0.5960678317962093	0.9987989758448282	0.043409779695256466	-0.38533308941160005	-0.7464515779120297	-0.00173375294076551
mean_skew	(-Inf,-1.5)	pELS	1	trained	19	587	271223115	11777645	1.2766755709632192	0.8190880759927566	2.105603821058144	0.31079519858531096	0.3523919536794785	-0.28790950264742454	1.074234012259801
mean_skew	(-Inf,-1.5)	pELS	2	trained	8	429	271223115	11777645	2.074713508064769	1.0827040470956115	4.568357438716191	0.022636390655690553	1.0529121321077122	0.11463894180363632	2.1916755348708405
mean_skew	(-Inf,-1.5)	pELS	3	trained	8	570	271223115	11777645	2.7550279692491846	1.4411322459005442	6.056665039802277	5.575045237072515e-4	1.46206696521831	0.5272027308982632	2.59852362621988
mean_skew	[-0.05,0.05)	Other cCREs	0	trained	417128	9938182	271223115	11777645	1.0359064587371016	1.032665047881118	1.0391842890771015	1.499719478289623e-107	0.05089373506219994	0.0463723818675448	0.05545152465719681
mean_skew	[-0.05,0.05)	Other cCREs	1	trained	8257	194514	271223115	11777645	1.022861958940528	1.000569662122949	1.0457820013413337	0.04466006867907495	0.03261145828986203	8.216147205802782e-4	0.06458214569416852
mean_skew	[-0.05,0.05)	Other cCREs	2	trained	1597	37494	271223115	11777645	1.0188952503379014	0.9691116378147132	1.0718824406702	0.47042085403886974	0.0270057398393736	-0.045265226930588154	0.10014668605465378
mean_skew	[-0.05,0.05)	Other cCREs	3	trained	1239	29463	271223115	11777645	1.0318185595789935	0.9747691236777091	1.0930419620663867	0.28388915779449414	0.045189301953836754	-0.03686754122304914	0.1283487873803809
mean_skew	[-0.05,0.05)	PLS	0	trained	6123	150053	271223115	11777645	1.0640420648681075	1.0371762499290564	1.0917666863658544	1.6081969072424067e-6	0.08955518615586072	0.05266107572548889	0.12666458117843946
mean_skew	[-0.05,0.05)	PLS	1	trained	2474	71330	271223115	11777645	1.2515809611074284	1.2023971854862172	1.303248989527496	7.128766503865386e-30	0.3237516177624132	0.26591353737936596	0.38211274134253026
mean_skew	[-0.05,0.05)	PLS	2	trained	1608	50087	271223115	11777645	1.35186083784526	1.2863577153886474	1.421511442463083	1.0989201770966363e-35	0.4349466465284963	0.36329188874255525	0.5074257120427388
mean_skew	[-0.05,0.05)	PLS	3	trained	4193	139404	271223115	11777645	1.443618816526289	1.3999109217179864	1.488994615218615	3.7262722738963845e-136	0.5296898529558781	0.4853350293957065	0.5743385365852597
mean_skew	[-0.05,0.05)	dELS	0	trained	842753	21320203	271223115	11777645	1.1069764151585262	1.1044962307098694	1.1094650213281962	0	0.14662448490510036	0.1433884952477752	0.14986418366666385
mean_skew	[-0.05,0.05)	dELS	1	trained	76223	1949218	271223115	11777645	1.1112549754354508	1.103242583503871	1.1193774932652154	3.8446294175315955e-184	0.15218987846560272	0.14175004889726642	0.16269664562707653
mean_skew	[-0.05,0.05)	dELS	2	trained	12138	314310	271223115	11777645	1.1245132961485798	1.1042611682763448	1.1452179892722334	4.178025571710896e-38	0.16930071951876544	0.1430814235806187	0.19562223771850465
mean_skew	[-0.05,0.05)	dELS	3	trained	7867	205266	271223115	11777645	1.1329887460526893	1.1077284861316907	1.1589799824590792	1.7639559299360515e-28	0.18013353097783613	0.14760430763855337	0.2128556487806124
mean_skew	[-0.05,0.05)	non-cCRE	0	trained	6756585	158920606	271223115	11777645	1.0515944262222843	1.0503547890833662	1.0528990056332648	0	0.0725784003561772	0.07087672407671164	0.07436705928878572
mean_skew	[-0.05,0.05)	pELS	0	trained	92755	2373037	271223115	11777645	1.1119304083916632	1.1045937908007626	1.1192986261178335	6.776871618576455e-226	0.15306649794452745	0.14351592279309144	0.16259499515474704
mean_skew	[-0.05,0.05)	pELS	1	trained	19540	577370	271223115	11777645	1.2836472570509025	1.2654362848526861	1.302114718943455	1.042252528295532e-278	0.360248808052709	0.3396348690912992	0.3808565584574392
mean_skew	[-0.05,0.05)	pELS	2	trained	7217	235473	271223115	11777645	1.4170036011586322	1.384177215322208	1.4507750863299764	1.3830993745968013e-208	0.5028434247111879	0.46902866212155725	0.5368238757194183
mean_skew	[-0.05,0.05)	pELS	3	trained	4957	162109	271223115	11777645	1.420083773124818	1.3804438992550556	1.4610678757762956	7.599327900230502e-146	0.5059760392418058	0.46513225850830053	0.5470232019410208
mean_skew	[-0.2,-0.05)	Other cCREs	0	trained	103670	1951782	271223115	11777645	0.8162130514312302	0.8111201758283054	0.8213624243716138	0	-0.29298231508702427	-0.30201241444346383	-0.28390914636843806
mean_skew	[-0.2,-0.05)	Other cCREs	1	trained	3166	63129	271223115	11777645	0.865574208984186	0.8352043404347821	0.8973110888052207	8.302706832708649e-15	-0.20827058223482217	-0.25979888548499563	-0.15631985503909582
mean_skew	[-0.2,-0.05)	Other cCREs	2	trained	512	11329	271223115	11777645	0.9590395393364624	0.8777599171057096	1.0498148535559524	0.3573650467204358	-0.060337798904928186	-0.18810170383441874	0.07013491512076192
mean_skew	[-0.2,-0.05)	Other cCREs	3	trained	446	9436	271223115	11777645	0.9167736536190282	0.8336997698063475	1.0102571812766012	0.07374488193785968	-0.12536251058675676	-0.2624001579716041	0.01472260676048838
mean_skew	[-0.2,-0.05)	PLS	0	trained	2220	51328	271223115	11777645	1.003566990697738	0.9617992274463669	1.0475801304020775	0.8795972870461493	0.005136923548180049	-0.05619232750067685	0.06706060126330862
mean_skew	[-0.2,-0.05)	PLS	1	trained	1298	38053	271223115	11777645	1.2721466916935311	1.2036418728614584	1.3455015676234716	9.41966110468029e-19	0.34726503789953456	0.267406201812784	0.4281440718414229
mean_skew	[-0.2,-0.05)	PLS	2	trained	887	30607	271223115	11777645	1.4968300722996177	1.4001346979500733	1.6018836218084664	1.5792138870969677e-36	0.5819104486737675	0.4855656262536436	0.679769338546486
mean_skew	[-0.2,-0.05)	PLS	3	trained	2512	93580	271223115	11777645	1.6172874858944069	1.5543475273806007	1.6832823296146777	1.213053562868823e-145	0.6935761522865439	0.6363091034718366	0.751277173919467
mean_skew	[-0.2,-0.05)	dELS	0	trained	237918	4854148	271223115	11777645	0.8838859339140729	0.8802225824941357	0.8875764846248375	0	-0.17806789404271497	-0.18405970970980645	-0.17205664948463434
mean_skew	[-0.2,-0.05)	dELS	1	trained	31193	685800	271223115	11777645	0.9545488716790971	0.9437903589581742	0.9655234389678051	1.6278835862900567e-15	-0.06710903122974685	-0.0834616608085306	-0.05061681253985291
mean_skew	[-0.2,-0.05)	dELS	2	trained	5776	135333	271223115	11777645	1.0172789812986225	0.9908061944584801	1.0446265586593135	0.20528413153948272	0.024715381989618496	-0.013325206635550787	0.06298728846956764
mean_skew	[-0.2,-0.05)	dELS	3	trained	3507	86098	271223115	11777645	1.0658080111922679	1.0304286504088294	1.1027069743067248	1.9712730532320868e-4	0.09194758233135758	0.04324461233467678	0.14104947009660787
mean_skew	[-0.2,-0.05)	non-cCRE	0	trained	1119489	20536190	271223115	11777645	0.7799207205056109	0.7783430539658227	0.78151190993448	0	-0.3586006144335147	-0.3615219330294118	-0.3556602353892499
mean_skew	[-0.2,-0.05)	pELS	0	trained	26281	557929	271223115	11777645	0.921689531957364	0.9103451352111972	0.9331860113578865	3.0008360784930845e-37	-0.11764722941236895	-0.1355144831390486	-0.09976341368598134
mean_skew	[-0.2,-0.05)	pELS	1	trained	7339	200004	271223115	11777645	1.1833873579111844	1.1561244217089175	1.2114631092967545	7.633127482997825e-48	0.2429223880184943	0.20929666853330187	0.2767504734273438
mean_skew	[-0.2,-0.05)	pELS	2	trained	3105	103220	271223115	11777645	1.4432825857612528	1.3925895960204968	1.4961614115534778	3.6626794959952875e-101	0.5293537982093452	0.4777701502412335	0.5812658270209851
mean_skew	[-0.2,-0.05)	pELS	3	trained	2345	83580	271223115	11777645	1.547253264525256	1.485018963704764	1.612738903897676	9.290139307761736e-111	0.6297093658682742	0.5704813543715851	0.6895128907303528
mean_skew	[-0.5,-0.2)	Other cCREs	0	trained	19836	348162	271223115	11777645	0.7618418840997204	0.7510141138944166	0.7728452402677821	2.095186375154112e-280	-0.39243648915741935	-0.41308807415960197	-0.37174854678039837
mean_skew	[-0.5,-0.2)	Other cCREs	1	trained	851	17138	271223115	11777645	0.8735226033875737	0.8153949829188661	0.9368104042336691	1.5058197301387577e-4	-0.19508305989272473	-0.2944290148579824	-0.09417099636146341
mean_skew	[-0.5,-0.2)	Other cCREs	2	trained	129	3121	271223115	11777645	1.0428494909466026	0.8748608531481463	1.2525849930654889	0.6926056750046116	0.060530956195703874	-0.1928745207271597	0.3249084995593191
mean_skew	[-0.5,-0.2)	Other cCREs	3	trained	89	2374	271223115	11777645	1.1459188660670274	0.9282333810095134	1.4305919218660232	0.22582155551400435	0.19650490127944223	-0.10744051443276172	0.5166122001844179
mean_skew	[-0.5,-0.2)	PLS	0	trained	593	14107	271223115	11777645	1.031363011443063	0.950002183913839	1.1214606475672315	0.4825940542698303	0.04455221110686119	-0.07399726489846774	0.16537899665629222
mean_skew	[-0.5,-0.2)	PLS	1	trained	434	14051	271223115	11777645	1.4027784546648958	1.2750107550499232	1.5466932456496278	2.6435590833607434e-13	0.4882871774578448	0.35050941664628754	0.6291870966817584
mean_skew	[-0.5,-0.2)	PLS	2	trained	295	12173	271223115	11777645	1.786017011831753	1.5913712138030383	2.011021985757901	2.712160423524445e-27	0.8367458222107711	0.6702704075389292	1.0079288541795695
mean_skew	[-0.5,-0.2)	PLS	3	trained	914	40051	271223115	11777645	1.900943871673929	1.7802981260922346	2.0318347787182343	3.441772427374999e-101	0.9267159347991235	0.8321188530009087	1.0227830922601644
mean_skew	[-0.5,-0.2)	dELS	0	trained	46132	893956	271223115	11777645	0.840943188872225	0.8330643514905328	0.8488943314883666	6.5559209927109134e-273	-0.24991975445539363	-0.26350015152895634	-0.2363431134594372
mean_skew	[-0.5,-0.2)	dELS	1	trained	7847	176075	271223115	11777645	0.9742323569365976	0.9524300440678646	0.9966706955934574	0.024187094006727024	-0.03766219504224517	-0.07031496425804552	-0.0048111843570203885
mean_skew	[-0.5,-0.2)	dELS	2	trained	1700	42708	271223115	11777645	1.0903170042967236	1.0387041357793019	1.1451584924591303	4.169901719253595e-4	0.12474765246607963	0.054784775869682466	0.19554728431419183
mean_skew	[-0.5,-0.2)	dELS	3	trained	896	26197	271223115	11777645	1.2682869917254445	1.1865632333845884	1.3570699322842152	4.3061370226680086e-13	0.34288123971254897	0.24678898553779122	0.4404950673743377
mean_skew	[-0.5,-0.2)	non-cCRE	0	trained	147341	2367818	271223115	11777645	0.6951849885172563	0.6914829191268382	0.6988577049468305	0	-0.5245311652458867	-0.5322344802366239	-0.516929357835446
mean_skew	[-0.5,-0.2)	pELS	0	trained	4959	103257	271223115	11777645	0.9039752396814908	0.8785671792015262	0.9303186956859237	7.686626931399897e-12	-0.14564483781983661	-0.18677548947856826	-0.10420307552261483
mean_skew	[-0.5,-0.2)	pELS	1	trained	1806	49386	271223115	11777645	1.1868598726841895	1.132398447355718	1.2445766154255873	2.321854238576665e-13	0.24714961238734148	0.179381676262213	0.31565504453535354
mean_skew	[-0.5,-0.2)	pELS	2	trained	870	29435	271223115	11777645	1.4676069258522286	1.3719213136406918	1.5716406004531949	2.332736079772281e-32	0.5534656180045496	0.45619773830681026	0.6522713427717333
mean_skew	[-0.5,-0.2)	pELS	3	trained	722	28704	271223115	11777645	1.724144982207802	1.6013655765921624	1.8587413157168342	3.1575240828529888e-56	0.7858810947969003	0.6793026990659191	0.8943260018330269
mean_skew	[-1.0,-0.5)	Other cCREs	0	trained	4969	82145	271223115	11777645	0.7176548602250404	0.6973762205135873	0.7386448237453335	6.955774864088165e-104	-0.4786379154030414	-0.519990923677845	-0.43704728152749583
mean_skew	[-1.0,-0.5)	Other cCREs	1	trained	260	5470	271223115	11777645	0.9102480030713241	0.8037834872214776	1.0345695593868494	0.1367136890973961	-0.1356684242406513	-0.3151211556449596	0.049030648203005
mean_skew	[-1.0,-0.5)	Other cCREs	2	trained	47	1480	271223115	11777645	1.339824160469273	1.0052456078243848	1.8254053756792699	0.046793947970969973	0.4220436727240882	0.007548032647776725	0.8682168851099807
mean_skew	[-1.0,-0.5)	Other cCREs	3	trained	28	1162	271223115	11777645	1.7414771429392255	1.2060360371275414	2.61188177570244	0.001757613157890875	0.8003115375329429	0.27027301653188507	1.3850895961692222
mean_skew	[-1.0,-0.5)	PLS	0	trained	186	4326	271223115	11777645	1.0047942778910781	0.8677839716085504	1.1695294930944622	1	0.006900153496565517	-0.204592155764757	0.22592824390890506
mean_skew	[-1.0,-0.5)	PLS	1	trained	117	4675	271223115	11777645	1.720801710003692	1.4333518293983858	2.083700862816284	2.7503723543423436e-10	0.7830808635164641	0.5193927758441556	1.059148178428433
mean_skew	[-1.0,-0.5)	PLS	2	trained	81	4172	271223115	11777645	2.2098867716839954	1.776170792613527	2.7846368088563245	7.014880501075668e-16	1.1439724519176968	0.828770314688841	1.4774891738021083
mean_skew	[-1.0,-0.5)	PLS	3	trained	226	15155	271223115	11777645	2.8993888790272266	2.5429626892810613	3.3199627636055924	1.3242546523123953e-81	1.5357488470999712	1.346510294751547	1.7311670605291836
mean_skew	[-1.0,-0.5)	dELS	0	trained	11001	204748	271223115	11777645	0.8079876837180368	0.7926330206269642	0.823710519946182	7.2060284918075096e-99	-0.30759479296763753	-0.335275024499893	-0.27979068079740144
mean_skew	[-1.0,-0.5)	dELS	1	trained	2165	49766	271223115	11777645	0.9977336822310741	0.9556936778664247	1.0420867096953557	0.9125112896710494	-0.0032733159960332023	-0.06537982002841608	0.059475326026093234
mean_skew	[-1.0,-0.5)	dELS	2	trained	518	14756	271223115	11777645	1.2347185771484026	1.1311581773632924	1.350269937760032	1.2682692229578612e-6	0.30418225345495065	0.17780068506723765	0.43324785093397783
mean_skew	[-1.0,-0.5)	dELS	3	trained	280	10743	271223115	11777645	1.6603570606035662	1.4747446938902777	1.8757178549698033	1.0275824706204251e-19	0.7314935272159698	0.5604652183803094	0.9074428343306532
mean_skew	[-1.0,-0.5)	non-cCRE	0	trained	26728	383870	271223115	11777645	0.6231140324154877	0.6154374009859158	0.6309297291234234	0	-0.6824318883860162	-0.7003159739697006	-0.6644487633571939
mean_skew	[-1.0,-0.5)	pELS	0	trained	1163	22640	271223115	11777645	0.8446335769110771	0.7962769666997622	0.8966555647714142	4.0757847656250026e-8	-0.24360249482340346	-0.3286577684098085	-0.15737419048391788
mean_skew	[-1.0,-0.5)	pELS	1	trained	397	12297	271223115	11777645	1.3418063090262857	1.214236199500037	1.4863824635176797	1.8946571687741057e-9	0.42417643221263707	0.2800490893873696	0.5718053858796767
mean_skew	[-1.0,-0.5)	pELS	2	trained	210	8071	271223115	11777645	1.6612646210577617	1.4488930144402028	1.9136621720459388	3.739442915036046e-15	0.7322818969489745	0.5349510709232069	0.9363361664323662
mean_skew	[-1.0,-0.5)	pELS	3	trained	207	9569	271223115	11777645	1.9979851554224497	1.7414110090357486	2.303186594491137	2.3792808727939284e-28	0.99854586427248615	0.8002567490640464	1.203631296950143
mean_skew	[-1.5,-1.0)	Other cCREs	0	trained	968	16891	271223115	11777645	0.7569741876254859	0.709455463086821	0.8084195896387025	5.315789781921667e-16	-0.401683988889854	-0.4952159746614692	-0.3068238133327707
mean_skew	[-1.5,-1.0)	Other cCREs	1	trained	51	1156	271223115	11777645	0.9661772046577067	0.7316948332670694	1.3015397836830365	0.7733358160340531	-0.04964027970299928	-0.4506860233305842	0.3802194107393507
mean_skew	[-1.5,-1.0)	Other cCREs	2	trained	7	287	271223115	11777645	1.5632816047839793	0.7828042972892476	3.6556849128232853	0.24468670103983256	0.6445776844354891	-0.3532764190697203	1.8701417284110653
mean_skew	[-1.5,-1.0)	Other cCREs	3	trained	5	249	271223115	11777645	1.8093576881503661	0.8196584155324717	4.977143305015839	0.20661628486138048	0.8554776395293157	-0.2869052886789463	2.3153179265888295
mean_skew	[-1.5,-1.0)	PLS	0	trained	49	1031	271223115	11777645	0.8962756754965394	0.6746489435688369	1.215618957814639	0.4459225252081705	-0.1579855517774702	-0.5677911099397174	0.2816910792587101
mean_skew	[-1.5,-1.0)	PLS	1	trained	24	1035	271223115	11777645	1.7995169680310266	1.212061407748359	2.7937972519142806	0.002030388659886594	0.8476097058074047	0.27746279320836165	1.4822273270211157
mean_skew	[-1.5,-1.0)	PLS	2	trained	14	928	271223115	11777645	2.6894112696278816	1.62208096498734	4.824898557914812	1.3118231569588494e-5	1.427290391612141	0.697845832422316	2.2704986104570475
mean_skew	[-1.5,-1.0)	PLS	3	trained	35	3827	271223115	11777645	4.617491029192551	3.3292831157672813	6.603140517093016	4.045386026528779e-33	2.2071091583594207	1.735211559677959	2.723152347322159
mean_skew	[-1.5,-1.0)	dELS	0	trained	2095	39157	271223115	11777645	0.8112358401728095	0.7763331647713033	0.8480901621895057	1.3687280622034304e-19	-0.3018067032742006	-0.3652521744187891	-0.2377104461023317
mean_skew	[-1.5,-1.0)	dELS	1	trained	468	10642	271223115	11777645	0.9854209456930849	0.8982973946472065	1.0832048452837275	0.7574681398293658	-0.021187957592465313	-0.1547349452959595	0.11530609735934655
mean_skew	[-1.5,-1.0)	dELS	2	trained	107	3474	271223115	11777645	1.3972249860420658	1.1535332387511703	1.70822562939656	3.7143764430377154e-4	0.4825643472418283	0.20605957549084813	0.7724985445795479
mean_skew	[-1.5,-1.0)	dELS	3	trained	59	2407	271223115	11777645	1.7427783242645936	1.3491017911993006	2.2909607097429805	4.2576958997482684e-6	0.8013890750156801	0.43199920530483404	1.1959527164579429
mean_skew	[-1.5,-1.0)	non-cCRE	0	trained	5463	78209	271223115	11777645	0.6214580059123412	0.6046027979434031	0.6388632621078832	1.6735305817872058e-221	-0.6862711882579117	-0.7259404394914871	-0.6464209151839876
mean_skew	[-1.5,-1.0)	pELS	0	trained	227	4278	271223115	11777645	0.8149639015624517	0.7131641479225229	0.935218180984303	0.0032005531710664215	-0.29519193761754386	-0.48769391704290754	-0.09662511822466424
mean_skew	[-1.5,-1.0)	pELS	1	trained	72	2249	271223115	11777645	1.338424702196188	1.0600826470228053	1.7138212935763324	0.012552165203854694	0.42053597736208714	0.08417674573366149	0.7772166821968585
mean_skew	[-1.5,-1.0)	pELS	2	trained	40	1518	271223115	11777645	1.6088279065340314	1.1802424397326878	2.251130777912396	0.0015010986324992361	0.686010011786407	0.2390832415141638	1.1706498716144413
mean_skew	[-1.5,-1.0)	pELS	3	trained	40	2083	271223115	11777645	2.2072296154481954	1.6212858774704648	3.0847783189858333	1.794785238993556e-8	1.1422367192583387	0.6971385002601749	1.6251668168978552
mean_skew	[0.05,0.2)	Other cCREs	0	trained	91402	2153726	271223115	11777645	1.023389321111966	1.0166005476995759	1.0302458828542649	7.859916790224197e-12	0.03335508426947423	0.02375291315971622	0.04298869822399047
mean_skew	[0.05,0.2)	Other cCREs	1	trained	2688	62235	271223115	11777645	1.0050396630229481	0.9669591165515947	1.0449837937938418	0.8059420892189901	0.007252437242410495	-0.04847320166420213	0.06348056834007659
mean_skew	[0.05,0.2)	Other cCREs	2	trained	476	11963	271223115	11777645	1.0891598392265172	0.99382134981501	1.1960198036532705	0.06898539368868617	0.12321569173880141	-0.00894155990073657	0.2582412778268439
mean_skew	[0.05,0.2)	Other cCREs	3	trained	430	9806	271223115	11777645	0.9880748926534328	0.897127419924036	1.0906595111649504	0.8045417587557784	-0.01730769764745073	-0.15661518773919908	0.12520078248450972
mean_skew	[0.05,0.2)	PLS	0	trained	1983	46491	271223115	11777645	1.017582636140841	0.9728677285186392	1.0648625995261505	0.4529259561484814	0.025145958039122805	-0.039684425936584396	0.09066728982161229
mean_skew	[0.05,0.2)	PLS	1	trained	1036	30111	271223115	11777645	1.2609670881910229	1.1852261399847333	1.3427444546498188	3.0765442193787983e-14	0.3345306211671324	0.2451623501854357	0.42518476337337524
mean_skew	[0.05,0.2)	PLS	2	trained	707	22982	271223115	11777645	1.4096715585657624	1.3080139485217108	1.5212649527726263	2.5174067513181646e-21	0.4953590661527614	0.38737792566459056	0.6052714435042601
mean_skew	[0.05,0.2)	PLS	3	trained	2132	67988	271223115	11777645	1.3842408897075584	1.3257870682413073	1.4458975358243356	1.4422868034389997e-54	0.46909502689487376	0.40684908596332203	0.5319653186819748
mean_skew	[0.05,0.2)	dELS	0	trained	207251	5176968	271223115	11777645	1.0863467604756496	1.081518879570981	1.09119931154289	3.178273678833001e-301	0.1194846830385848	0.1130588499745944	0.1259146392529747
mean_skew	[0.05,0.2)	dELS	1	trained	25269	640797	271223115	11777645	1.1013934181511644	1.0876318087071133	1.1153709534610887	1.3457978031096787e-52	0.1393298921840988	0.12119024992230697	0.15752360585334782
mean_skew	[0.05,0.2)	dELS	2	trained	4704	120047	271223115	11777645	1.1080162990129145	1.0761708844000357	1.1410078072733605	2.5822037837993993e-12	0.14797910370853826	0.10590718059154124	0.19030866320943862
mean_skew	[0.05,0.2)	dELS	3	trained	2994	77966	271223115	11777645	1.1304740977562107	1.0899446500725973	1.1728673949927717	2.1078445290172533e-11	0.1769279363912794	0.12425487344871049	0.23003991072307728
mean_skew	[0.05,0.2)	non-cCRE	0	trained	1044025	24914884	271223115	11777645	1.0399583732577478	1.0378138207529335	1.0420728978715752	9.48849554682775e-310	0.056525782312027324	0.05354765374604568	0.059456204410261455
mean_skew	[0.05,0.2)	pELS	0	trained	22980	581508	271223115	11777645	1.0990147062721791	1.084628233602678	1.1136230434440628	6.488922589485177e-46	0.13621069158649676	0.11720063027713547	0.15526096931518898
mean_skew	[0.05,0.2)	pELS	1	trained	6332	183625	271223115	11777645	1.2592680149994415	1.228065950488478	1.291426551654723	6.165060536994577e-78	0.33258537023727325	0.2963880394440974	0.3689655942288816
mean_skew	[0.05,0.2)	pELS	2	trained	2667	87739	271223115	11777645	1.428196075797646	1.3742030813923989	1.4848798041922808	5.0433398670666077e-82	0.5141940593123943	0.45859522312824097	0.5703461546530835
mean_skew	[0.05,0.2)	pELS	3	trained	2007	68645	271223115	11777645	1.48464154379925	1.4201000023409789	1.5527054824455258	4.424006593848678e-77	0.5701146445557165	0.5059925267732645	0.6347842049279048
mean_skew	[0.2,0.5)	Other cCREs	0	trained	15740	335989	271223115	11777645	0.9268143617955947	0.9120979535513773	0.9418189288936136	3.1573561207451496e-20	-0.10964769469547446	-0.1327393258545204	-0.08647837634153709
mean_skew	[0.2,0.5)	Other cCREs	1	trained	616	12483	271223115	11777645	0.8786138446922508	0.810290732539246	0.9541092944817623	0.0020335352019756354	-0.18669886211787015	-0.30348845462307733	-0.06777355656502033
mean_skew	[0.2,0.5)	Other cCREs	2	trained	101	2194	271223115	11777645	0.9344975925444192	0.766037943608349	1.1512022610550723	0.49683193987712765	-0.09773714758755651	-0.3845122409879767	0.2031413307642819
mean_skew	[0.2,0.5)	Other cCREs	3	trained	99	1839	271223115	11777645	0.7990051779756611	0.6531378684311873	0.9871946317555181	0.03074121702274929	-0.3237232422777868	-0.6145405378664355	-0.018593545579072935
mean_skew	[0.2,0.5)	PLS	0	trained	504	10554	271223115	11777645	0.9076082805654576	0.8300110417300688	0.9943264139384628	0.036117314471802296	-0.13985832338678023	-0.26879756596604776	-0.00820856254994094
mean_skew	[0.2,0.5)	PLS	1	trained	310	9027	271223115	11777645	1.2605702998746515	1.1257121618810257	1.4159570139715418	3.7459343086229736e-5	0.33407657710358135	0.17083798575523837	0.5017774683365741
mean_skew	[0.2,0.5)	PLS	2	trained	192	7403	271223115	11777645	1.6658996290643746	1.4439188849461937	1.9318910581020055	3.589706162816876e-14	0.7363014805274404	0.5299896981995689	0.9500137409814454
mean_skew	[0.2,0.5)	PLS	3	trained	604	21123	271223115	11777645	1.5162354199105583	1.3984102796382551	1.6464954151632591	4.604666663615915e-27	0.6004937724858567	0.4837876951632657	0.7193984946053293
mean_skew	[0.2,0.5)	dELS	0	trained	36771	869357	271223115	11777645	1.0267139890002077	1.0160572865341093	1.0375268916846643	7.032962512798704e-7	0.038034347071625806	0.022981745287989002	0.05314873019191734
mean_skew	[0.2,0.5)	dELS	1	trained	5661	136505	271223115	11777645	1.0469442821598967	1.01945285525223	1.0753596875224656	6.887916820591689e-4	0.0661846648183279	0.02779505925202704	0.10481929480159974
mean_skew	[0.2,0.5)	dELS	2	trained	1228	29239	271223115	11777645	1.033139222010365	0.9757879413233778	1.0947032821270153	0.2693717971058865	0.04703467953704531	-0.03536044017482327	0.1305398822346482
mean_skew	[0.2,0.5)	dELS	3	trained	726	17727	271223115	11777645	1.058909475347934	0.9831443915663799	1.1419906781656333	0.13543291568521978	0.08257926067223689	-0.02452477832267572	0.1915508743267613
mean_skew	[0.2,0.5)	non-cCRE	0	trained	129310	2891549	271223115	11777645	0.9706970768745786	0.9653122501594571	0.976166308444425	3.8612121541532e-25	-0.0429069474143748	-0.05093240754301723	-0.03480113569719833
mean_skew	[0.2,0.5)	pELS	0	trained	4196	101325	271223115	11777645	1.0483862427074724	1.016490332917676	1.0815149191903204	0.0026429419182428496	0.06817032735209998	0.02359649485008601	0.11305356700440479
mean_skew	[0.2,0.5)	pELS	1	trained	1435	40918	271223115	11777645	1.2374165892368525	1.1739712155270807	1.3051646587696981	2.8219847144086155e-16	0.3073312804649554	0.231397035598364	0.3842318277952521
mean_skew	[0.2,0.5)	pELS	2	trained	677	22667	271223115	11777645	1.4518736305972755	1.3450319407878877	1.5694876537071298	4.161843915408422e-24	0.5379158882892175	0.4276404332050499	0.6502936800792793
mean_skew	[0.2,0.5)	pELS	3	trained	543	19434	271223115	11777645	1.5514265202210937	1.424649734525727	1.6924996207317795	3.012859007765664e-27	0.6335953685243637	0.5106072607667906	0.7591555105102028
mean_skew	[0.5,1.0)	Other cCREs	0	trained	3518	68699	271223115	11777645	0.8477154148816413	0.8194667919202546	0.8771759481928384	1.0494411935017595e-20	-0.23834807355061147	-0.28724260816505415	-0.18906184044383822
mean_skew	[0.5,1.0)	Other cCREs	1	trained	148	2723	271223115	11777645	0.7938751660380029	0.6729973676239837	0.9425691509231057	0.00767546340561777	-0.3330159281954378	-0.5713272330283699	-0.08532963031592639
mean_skew	[0.5,1.0)	Other cCREs	2	trained	21	406	271223115	11777645	0.803348666007551	0.5233623921046897	1.2962517380573997	0.33125764316650924	-0.31590181879459756	-0.9341178362893623	0.3743459234532437
mean_skew	[0.5,1.0)	Other cCREs	3	trained	10	332	271223115	11777645	1.3145736159174084	0.7252280230788556	2.659018661378504	0.49750215964910577	0.3945949349153954	-0.4634934224586363	1.4108939022740876
mean_skew	[0.5,1.0)	PLS	0	trained	118	2694	271223115	11777645	0.9834273296251077	0.8183160535376457	1.1917882907598285	0.8501896634721364	-0.02410964641304515	-0.2892699402203975	0.253127978251623
mean_skew	[0.5,1.0)	PLS	1	trained	59	2326	271223115	11777645	1.6841536320002675	1.3035679037933399	2.214014768435694	1.9873087184284793e-5	0.7520237500522788	0.38246573585723975	1.1466648455512067
mean_skew	[0.5,1.0)	PLS	2	trained	43	1927	271223115	11777645	1.9027931566510146	1.4118911801937244	2.6276038534825674	4.456964498726684e-6	0.9281187418049548	0.4976288989173352	1.3937477864303915
mean_skew	[0.5,1.0)	PLS	3	trained	130	4955	271223115	11777645	1.6428503510842165	1.3810534860798558	1.9693177922973233	1.740169504384424e-9	0.7162010697088335	0.4657691940405125	0.9776959402779322
mean_skew	[0.5,1.0)	dELS	0	trained	8314	185859	271223115	11777645	0.9706053132131055	0.9494938074590387	0.9923115471497215	0.008083133095810432	-0.04304333727317851	-0.07476950365136648	-0.011134953143278096
mean_skew	[0.5,1.0)	dELS	1	trained	1400	30927	271223115	11777645	0.9585972287919683	0.9086219512705513	1.012042505786689	0.12217175827174875	-0.0610033256105029	-0.1382479352041098	0.01726988449849454
mean_skew	[0.5,1.0)	dELS	2	trained	298	6796	271223115	11777645	0.9871359745553128	0.87905726364687	1.1120796479134183	0.8120602019403055	-0.018679270281514483	-0.18597094625533878	0.15326011857825925
mean_skew	[0.5,1.0)	dELS	3	trained	139	3872	271223115	11777645	1.2013044303414024	1.0147395043341012	1.4322774104201468	0.03271665962049281	0.2646018000767348	0.021109418012002976	0.5183109478233935
mean_skew	[0.5,1.0)	non-cCRE	0	trained	23406	515326	271223115	11777645	0.9559230294957843	0.9435090735566332	0.968621507260313	2.2001687287953542e-11	-0.0650336371784647	-0.08389170285685757	-0.045995058008823524
mean_skew	[0.5,1.0)	pELS	0	trained	937	22058	271223115	11777645	1.021211178298152	0.9565318201020959	1.0913238865114794	0.5412785208336298	0.030281234854384727	-0.06411513265166005	0.12607933275062752
mean_skew	[0.5,1.0)	pELS	1	trained	310	9741	271223115	11777645	1.360270781774609	1.2148892517726457	1.5277350907221858	2.4737257458493942e-8	0.44389386959176624	0.2808248050239076	0.6113944017278719
mean_skew	[0.5,1.0)	pELS	2	trained	171	5751	271223115	11777645	1.4522029158080718	1.2476930013542813	1.6999156386313194	3.7355785455874106e-7	0.5382430546948538	0.31926299837613836	0.7654631518052297
mean_skew	[0.5,1.0)	pELS	3	trained	122	4933	271223115	11777645	1.7419379127156427	1.4564562297880022	2.1006061928681397	3.943337310544675e-11	0.8006932033779168	0.5424623454764465	1.070805720864509
mean_skew	[1.0,1.5)	Other cCREs	0	trained	611	11363	271223115	11777645	0.8063209355032674	0.7432616194098073	0.8760660394100261	4.720717655586732e-7	-0.3105739138243118	-0.4280579829248076	-0.1908884680537575
mean_skew	[1.0,1.5)	Other cCREs	1	trained	29	428	271223115	11777645	0.620972053626759	0.4286347636827409	0.9317859505267951	0.018415047957801772	-0.6873997523696483	-1.2221792328364198	-0.10192951724001308
mean_skew	[1.0,1.5)	Other cCREs	2	trained	2	57	271223115	11777645	0.8395356253791595	0.2733976960972693	4.18942047274618	0.741893130061851	-0.2523365482035192	-1.87092700937956	2.0667506880963455
mean_skew	[1.0,1.5)	PLS	0	trained	27	474	271223115	11777645	0.7366610180374722	0.5031310536820546	1.1206123522559484	0.11729989346822786	-0.44092719347626425	-0.9909938581351553	0.16428730026880467
mean_skew	[1.0,1.5)	PLS	1	trained	11	438	271223115	11777645	1.5886133188244684	0.9002442377445095	3.098177678009755	0.12436671196721356	0.6677680039167693	-0.15161163480007742	1.6314198839057577
mean_skew	[1.0,1.5)	PLS	2	trained	3	340	271223115	11777645	3.7019164814360415	1.4327070203944368	13.659660898632804	0.002627859300212537	1.8882723470784932	0.5187436176678811	3.77184976402538
mean_skew	[1.0,1.5)	PLS	3	trained	20	754	271223115	11777645	1.5612147035829977	1.0138882286662398	2.537164203156625	0.047111663702752764	0.6426689553135237	0.019898617985401736	1.3432168924463022
mean_skew	[1.0,1.5)	dELS	0	trained	1517	32356	271223115	11777645	0.9256204720136434	0.8791275741491572	0.9751270452164577	0.0035963147975575965	-0.11150732190053177	-0.1858555583725114	-0.036337901088341534
mean_skew	[1.0,1.5)	dELS	1	trained	233	5661	271223115	11777645	1.0507184198751873	0.9217974407502644	1.2026705617565658	0.493388133778114	0.071376095867352607	-0.11747833266086677	0.2662415103370337
mean_skew	[1.0,1.5)	dELS	2	trained	58	1207	271223115	11777645	0.8890922609465629	0.6844582642284318	1.17516905067821	0.3605205589484069	-0.16959495985512407	-0.5469655210103025	0.23286830660501087
mean_skew	[1.0,1.5)	dELS	3	trained	20	628	271223115	11777645	1.3006628560039613	0.8434490579165075	2.1161274361310634	0.2789797930189832	0.37924705044548507	-0.24562715869295695	1.081426511165695
mean_skew	[1.0,1.5)	non-cCRE	0	trained	4049	79793	271223115	11777645	0.8555117281120161	0.8288776218649083	0.8831634569804588	2.9519218763579593e-21	-0.22514046229650023	-0.2707689815396667	-0.17924761652555307
mean_skew	[1.0,1.5)	pELS	0	trained	174	3983	271223115	11777645	0.9885813452408982	0.8495673544151285	1.1568325367877927	0.8765521902318795	-0.016568412142603867	-0.23519976486615154	0.21018003485867748
mean_skew	[1.0,1.5)	pELS	1	trained	62	1816	271223115	11777645	1.25241377657577	0.9742038007610253	1.6368556244905856	0.0829076139420662	0.3247112833498628	-0.0377044831641578	0.7109270774522145
mean_skew	[1.0,1.5)	pELS	2	trained	40	1165	271223115	11777645	1.2349455773014233	0.9046560808651964	1.7301537598517456	0.19475810239977018	0.30444746522099275	-0.1445586615111512	0.7909002567743044
mean_skew	[1.0,1.5)	pELS	3	trained	12	947	271223115	11777645	3.1666338817735893	1.842830074976412	5.969237036609246	9.593158652202437e-7	1.66295007624427	0.8819230480218053	2.5775465439118217
mean_skew	[1.5,Inf)	Other cCREs	0	trained	201	3410	271223115	11777645	0.7332716716342998	0.6360890683958719	0.8493048943756654	4.295494582377235e-5	-0.4475802898361842	-0.6526993018052499	-0.23564553093319635
mean_skew	[1.5,Inf)	Other cCREs	1	trained	9	117	271223115	11777645	0.5124016279780229	0.2690363529208183	1.0963012776012409	0.04605699044791634	-0.96465303553862	-1.894126968071664	0.13264432382019908
mean_skew	[1.5,Inf)	PLS	0	trained	9	126	271223115	11777645	0.5514989897909984	0.29026216664672266	1.1778759354156292	0.08136542651780397	-0.8585698517268271	-1.7845715544355745	0.2361875894344369
mean_skew	[1.5,Inf)	PLS	1	trained	3	115	271223115	11777645	1.2593050591830102	0.4788526614907075	4.699524921992933	0.8207647448329094	0.33262780971260947	-1.0623462744904162	2.2325149211887734
mean_skew	[1.5,Inf)	PLS	2	trained	2	92	271223115	11777645	1.3461552539385084	0.4465909902877093	6.644810495982186	0.800439357365102	0.4288448075488775	-1.1629739489628848	2.7322280557233904
mean_skew	[1.5,Inf)	PLS	3	trained	2	127	271223115	11777645	1.852782467783937	0.6198781865974407	9.103773741592303	0.38175709243937556	0.889693506798573	-0.6899433581912534	3.1864647024227204
mean_skew	[1.5,Inf)	dELS	0	trained	459	9330	271223115	11777645	0.8808471065490228	0.8020356081041135	0.9693844740983295	0.00912727883001178	-0.18303647048165175	-0.3182618052210998	-0.044859118758868895
mean_skew	[1.5,Inf)	dELS	1	trained	74	1577	271223115	11777645	0.9136529948529865	0.724523138959344	1.167801189555898	0.42352778117276724	-0.13028176074284376	-0.4648963292889721	0.22379468581446668
mean_skew	[1.5,Inf)	dELS	2	trained	26	352	271223115	11777645	0.5677317467534152	0.3836025534822048	0.8737973707561922	0.006777794962525941	-0.8167186775600535	-1.3823157710801905	-0.1946293301474722
mean_skew	[1.5,Inf)	dELS	3	trained	5	140	271223115	11777645	1.020468750279065	0.4573273703896312	2.827731619087108	1.0000000000000002	0.029232003529168327	-1.1287008299219292	1.4996451999967577
mean_skew	[1.5,Inf)	non-cCRE	0	trained	1329	21931	271223115	11777645	0.7160611517059282	0.6774613468125424	0.7573758139199659	1.8685448386302236e-29	-0.4818452958117429	-0.561789460380535	-0.4009187440305667
mean_skew	[1.5,Inf)	pELS	0	trained	52	1164	271223115	11777645	0.9544940626517853	0.7246761022161657	1.2820050648632346	0.7196240236211191	-0.06719187139064467	-0.4645917758133637	0.3584019616747798
mean_skew	[1.5,Inf)	pELS	1	trained	18	540	271223115	11777645	1.2364501416865983	0.7840503718534417	2.0698434044038216	0.457488325123604	0.30620406601841044	-0.35098175063781695	1.0495216236492961
mean_skew	[1.5,Inf)	pELS	2	trained	6	363	271223115	11777645	2.258060115936541	1.0848372305074496	5.655953251765546	0.025984428510947465	1.1750838952380311	0.11747859625907524	2.4997701958678324
mean_skew	[1.5,Inf)	pELS	3	trained	6	261	271223115	11777645	1.625317589192978	0.7777943971933863	4.082650209360895	0.28164648662223274	0.7007216501939666	-0.3625392524660123	2.0295059665741024
HepG2_skew	(-Inf,-1.5)	Other cCREs	0	all	294	4094	271223115	11777645	0.6027848887828525	0.5355083105235994	0.6806931574667566	4.928633673361637e-15	-0.7302848444269097	-0.9010191306342383	-0.5549234874894269
HepG2_skew	(-Inf,-1.5)	Other cCREs	1	all	12	337	271223115	11777645	1.1290303271354338	0.6513569864138331	2.1425264934465655	0.78914153725927	0.1750842391846627	-0.6184796430939579	1.0993130441173122
HepG2_skew	(-Inf,-1.5)	Other cCREs	2	all	1	58	271223115	11777645	1.281017538941043	0.33927781555257275	10.824720782011548	1	0.35729022834938395	-1.5594609956331613	3.4362579067582937
HepG2_skew	(-Inf,-1.5)	PLS	0	all	11	202	271223115	11777645	0.7346003793130588	0.4114408381785918	1.4452814385602526	0.30146283973095644	-0.44496845387778694	-1.2812430970534727	0.5313504549956194
HepG2_skew	(-Inf,-1.5)	PLS	1	all	4	164	271223115	11777645	1.433005712719462	0.6018063506979544	4.472216820874749	0.5638166205758908	0.5190443609577766	-0.7326287637692828	2.160990134249515
HepG2_skew	(-Inf,-1.5)	PLS	2	all	6	102	271223115	11777645	0.6389654854726546	0.29925563827235346	1.6289802138366105	0.22885347225581948	-0.6461900906043834	-1.7405496656603265	0.7039690804913247
HepG2_skew	(-Inf,-1.5)	PLS	3	all	3	99	271223115	11777645	1.0856054952204175	0.4110256746952992	4.062003543583458	1.0000000000000002	0.11849992865789011	-1.2826995803023358	2.0221914982032563
HepG2_skew	(-Inf,-1.5)	PLS	4	all	1	87	271223115	11777645	1.910682501109056	0.5134609430823871	16.022753479328433	0.5921685760863266	0.9340880650077499	-0.9616735542043631	4.00205018830349
HepG2_skew	(-Inf,-1.5)	PLS	6	all	2	556	271223115	11777645	8.060807068015942	2.7447862381246724	39.230645830559304	2.2214448757847673e-7	3.0109242921941055	1.4566937976072065	5.293909180719802
HepG2_skew	(-Inf,-1.5)	PLS	5	all	0	95	271223115	11777645	4.168724358342805	0.7305541707682682	166.26109843643505	0.1944823452241855	2.059605982364882	-0.4529368417063929	7.377306837906032
HepG2_skew	(-Inf,-1.5)	dELS	0	all	598	9074	271223115	11777645	0.657887321066011	0.6055923689967552	0.7157947920718253	8.728258533541237e-21	-0.6040875857896754	-0.7235810686916916	-0.48238204775151144
HepG2_skew	(-Inf,-1.5)	dELS	1	all	165	3198	271223115	11777645	0.8368306398686992	0.7157777957702847	0.9841146641174078	0.02762590484836552	-0.25699241923777383	-0.48241630445655803	-0.023101673920499114
HepG2_skew	(-Inf,-1.5)	dELS	2	all	38	1194	271223115	11777645	1.3305680855128026	0.9675317002701881	1.88067068865034	0.08653809722072316	0.4120423353270573	-0.04761916430382956	0.9112472505389263
HepG2_skew	(-Inf,-1.5)	dELS	3	all	25	588	271223115	11777645	0.9837222921321545	0.6645869607109167	1.518634973493753	0.9193971915157887	-0.02367699915058266	-0.5894701074581404	0.6027751382955642
HepG2_skew	(-Inf,-1.5)	dELS	4	all	17	377	271223115	11777645	0.9119148939296507	0.5691454185569035	1.5554599306072425	0.7046397414362343	-0.13302890628121902	-0.8131307818511111	0.6373412308357818
HepG2_skew	(-Inf,-1.5)	dELS	5	all	4	199	271223115	11777645	1.7369822474070689	0.7320339772140988	5.407824120321859	0.2911974665207191	0.7965830092534502	-0.45001748241538353	2.435048231341689
HepG2_skew	(-Inf,-1.5)	dELS	6	all	2	162	271223115	11777645	2.359382378374717	0.7931997781566541	11.559783140624095	0.16984053154433432	1.2384092509978608	-0.33424382081573484	3.5310424282899
HepG2_skew	(-Inf,-1.5)	non-cCRE	0	all	1890	21338	271223115	11777645	0.4899804385647775	0.46746954619668024	0.5138416327032279	2.0954599303384964e-160	-1.029203941065468	-1.0970557127365186	-0.9606043092395578
HepG2_skew	(-Inf,-1.5)	pELS	0	all	66	913	271223115	11777645	0.5923854561582862	0.46192386807070523	0.7710071188871823	1.1099642651706642e-4	-0.755391873885662	-1.114273001271103	-0.3751839139483238
HepG2_skew	(-Inf,-1.5)	pELS	1	all	16	435	271223115	11777645	1.1137039667766795	0.6875354154248273	1.9294931095286953	0.8133762061574666	0.15536580142127301	-0.5404940652291581	0.9482218918363943
HepG2_skew	(-Inf,-1.5)	pELS	2	all	7	247	271223115	11777645	1.3461554518922687	0.6726284879950493	3.152790252373094	0.5297164230344601	0.42884501969891475	-0.572118211921139	1.6566291941485412
HepG2_skew	(-Inf,-1.5)	pELS	3	all	3	163	271223115	11777645	1.7804073232022233	0.6822790533181675	6.612432399549227	0.3322651132060823	0.8322073400332414	-0.5515661701580464	2.7251810682915236
HepG2_skew	(-Inf,-1.5)	pELS	4	all	4	131	271223115	11777645	1.146400157135532	0.4790449695743642	3.5890422394851957	0.9999999999999999	0.19711071246098416	-1.0617670018973033	1.8435989023507655
HepG2_skew	(-Inf,-1.5)	pELS	5	all	3	134	271223115	11777645	1.465574565722005	0.5593497790562111	5.456368575160581	0.6678585975964131	0.5514663715489057	-0.8381773669206958	2.4479411010330003
HepG2_skew	(-Inf,-1.5)	pELS	6	all	1	256	271223115	11777645	5.580390542446109	1.529152016770966	46.3211283473563	0.0026210566278984716	2.4803660922935142	0.6127318356980496	5.533598491593365
HepG2_skew	[-0.05,0.05)	Other cCREs	0	all	406385	9618411	271223115	11777645	1.0287925763253478	1.0255251952683353	1.0321126393802242	1.8402133374970793e-68	0.040952137458467465	0.03636293661753326	0.04560042755138219
HepG2_skew	[-0.05,0.05)	Other cCREs	1	all	12315	286700	271223115	11777645	1.0108723080581932	0.9927896110149268	1.0293568659540577	0.24275571247117073	0.015600769579252917	-0.010440076332535459	0.04174323440472429
HepG2_skew	[-0.05,0.05)	Other cCREs	2	all	2013	46819	271223115	11777645	1.0094957196807295	0.9654055398529877	1.0560570284827455	0.6916821722093623	0.013634793573322264	-0.050792989364945175	0.07868774424914536
HepG2_skew	[-0.05,0.05)	Other cCREs	3	all	1198	27635	271223115	11777645	1.000917376491509	0.9446339663605192	1.0613392727613644	0.9882363670714108	0.0013228878145707871	-0.08217268324086886	0.08588590874023283
HepG2_skew	[-0.05,0.05)	Other cCREs	4	all	870	20479	271223115	11777645	1.0210436694060154	0.9540185129400354	1.0939185453104474	0.560173853989652	0.030044570709551206	-0.06791083256890548	0.12950531705944213
HepG2_skew	[-0.05,0.05)	Other cCREs	5	all	653	15135	271223115	11777645	1.0049982899603032	0.9292531874433937	1.0884890993866825	0.9206424901978737	0.007193046610284264	-0.105856363184897	0.12232695980951837
HepG2_skew	[-0.05,0.05)	Other cCREs	6	all	859	19482	271223115	11777645	0.9837561298549236	0.9187716604367611	1.0544815978900508	0.6355105845772431	-0.023627374703073377	-0.122221737494441	0.07653391839910677
HepG2_skew	[-0.05,0.05)	PLS	0	all	5268	126677	271223115	11777645	1.0440311094526284	1.0156332275887952	1.0733733891886543	0.002106508212699297	0.06216470116483674	0.022379500268798532	0.10215202672328688
HepG2_skew	[-0.05,0.05)	PLS	1	all	1967	51242	271223115	11777645	1.1307097778827582	1.0808643545240781	1.183403630752769	5.355353188145957e-8	0.17722867668462802	0.11218548020992589	0.2429422264816017
HepG2_skew	[-0.05,0.05)	PLS	2	all	1046	32211	271223115	11777645	1.336033507384603	1.2562229430775682	1.4221839079483358	5.712835511455907e-22	0.4179561906947538	0.32909252340942985	0.5081080373408317
HepG2_skew	[-0.05,0.05)	PLS	3	all	793	25773	271223115	11777645	1.4096363774278768	1.3134166124066498	1.5147025820180382	9.664583069859978e-24	0.49532306039935287	0.3933246080191081	0.5990345424962287
HepG2_skew	[-0.05,0.05)	PLS	4	all	776	23635	271223115	11777645	1.320977551561767	1.229841192058883	1.420646238247491	1.7772530247742186e-15	0.4016059499112389	0.2984720340840999	0.5065473470750099
HepG2_skew	[-0.05,0.05)	PLS	5	all	815	27897	271223115	11777645	1.4846759615784606	1.3847747392373517	1.593670775924189	2.37329380813806e-32	0.5701480895202903	0.4696513127249033	0.6723536249379753
HepG2_skew	[-0.05,0.05)	PLS	6	all	4115	134996	271223115	11777645	1.4244495406567388	1.3809694666839014	1.4696839168949403	1.1947329098523218e-123	0.5104045168996346	0.46568142187641953	0.5555059097816523
HepG2_skew	[-0.05,0.05)	dELS	0	all	785445	19736115	271223115	11777645	1.0982921596917465	1.095724050896256	1.100876365787187	0	0.13526188063785713	0.13188451314358632	0.13865245574961946
HepG2_skew	[-0.05,0.05)	dELS	1	all	95517	2399190	271223115	11777645	1.0915257495235473	1.0844811978572848	1.0986739902787341	4.543316333595715e-158	0.12634616447597577	0.11700504056832643	0.13576335864184058
HepG2_skew	[-0.05,0.05)	dELS	2	all	20074	506894	271223115	11777645	1.0966450019805112	1.0812962691210457	1.1123249121013814	1.4279182094138354e-38	0.13309658246974657	0.11276186759632696	0.15357826342967387
HepG2_skew	[-0.05,0.05)	dELS	3	all	7503	193721	271223115	11777645	1.1211192339771847	1.0955405919975023	1.1474139267205115	5.163822101788722e-23	0.16493972071244598	0.13164294009131655	0.19838593389969908
HepG2_skew	[-0.05,0.05)	dELS	4	all	4433	111537	271223115	11777645	1.0923814328740087	1.0600350308443978	1.1259191239804602	5.248013849797588e-9	0.1274766980438892	0.08411194213791458	0.17110320075488938
HepG2_skew	[-0.05,0.05)	dELS	5	all	3557	89694	271223115	11777645	1.0947293680919674	1.058645617474407	1.1323205963972593	8.54671724685384e-8	0.13057426017477006	0.08221972674662868	0.17928248939658314
HepG2_skew	[-0.05,0.05)	dELS	6	all	5524	143339	271223115	11777645	1.1266606256829084	1.0967812534375152	1.157563704738852	8.872256009563614e-19	0.1720530102945799	0.13327581740057762	0.21109159217390033
HepG2_skew	[-0.05,0.05)	non-cCRE	0	all	6730454	157618909	271223115	11777645	1.0404706504788397	1.0391938577744049	1.0416729136885778	0	0.057236270209412334	0.055464808776998005	0.05890234107325516
HepG2_skew	[-0.05,0.05)	pELS	0	all	84906	2159234	271223115	11777645	1.1051409611857077	1.0975724162549196	1.1127566726618185	1.0002780246504063e-183	0.144230397701273	0.134316129851964	0.15413815195823613
HepG2_skew	[-0.05,0.05)	pELS	1	all	18566	521994	271223115	11777645	1.2212619729629368	1.2034943150010913	1.2393008953258364	1.5054763999925244e-167	0.2883727061032463	0.2672293269066313	0.30952650829497597
HepG2_skew	[-0.05,0.05)	pELS	2	all	7004	213456	271223115	11777645	1.323485390908103	1.2922966483186762	1.3555742090872611	1.8099709458436614e-128	0.404342269951743	0.3699372805067656	0.4389040937375351
HepG2_skew	[-0.05,0.05)	pELS	3	all	4146	135601	271223115	11777645	1.4201367948744879	1.3769014426382438	1.465066640195805	2.466665705862802e-122	0.5060299042241095	0.4614252963604737	0.5509662887385998
HepG2_skew	[-0.05,0.05)	pELS	4	all	2578	82899	271223115	11777645	1.3959651253535585	1.3423203893738926	1.452287295875451	3.4188611351931535e-69	0.4812628999229621	0.4247290597600786	0.5383268798730569
HepG2_skew	[-0.05,0.05)	pELS	5	all	2043	67402	271223115	11777645	1.4320718903869316	1.3704005666922512	1.4972316669248393	2.7242709847222028e-64	0.518103918091965	0.4545976531223571	0.5822974671310953
HepG2_skew	[-0.05,0.05)	pELS	6	all	3034	97961	271223115	11777645	1.4017729422539111	1.3520134849232839	1.4537461051971206	3.387477689192439e-83	0.4872526820068928	0.43510954106900873	0.5397753265082433
HepG2_skew	[-0.2,-0.05)	Other cCREs	0	all	102996	2004335	271223115	11777645	0.8438883561692974	0.8386066332484857	0.8492033700591843	0	-0.24487594744166846	-0.2539338531637708	-0.2358179983048991
HepG2_skew	[-0.2,-0.05)	Other cCREs	1	all	4494	92971	271223115	11777645	0.8981268682687101	0.8716398195119958	0.925651011636372	4.414748729893343e-12	-0.1550088422438186	-0.19819598964479884	-0.11145972287180554
HepG2_skew	[-0.2,-0.05)	Other cCREs	2	all	767	16030	271223115	11777645	0.906420188512347	0.8430371607987622	0.9757323263584866	0.008597354925563818	-0.14174810051811487	-0.24633186879891414	-0.0354426688202523
HepG2_skew	[-0.2,-0.05)	Other cCREs	3	all	397	8486	271223115	11777645	0.925999654024373	0.8373277956912838	1.0264754442951591	0.13680737011496436	-0.11091644042713637	-0.2561355776800807	0.03769911520361446
HepG2_skew	[-0.2,-0.05)	Other cCREs	4	all	311	6549	271223115	11777645	0.9116342846394342	0.8136234700905275	1.0245608347461177	0.11589971146820134	-0.13347291255138263	-0.2975667985645689	0.03500564894737482
HepG2_skew	[-0.2,-0.05)	Other cCREs	5	all	242	5015	271223115	11777645	0.8963599286609873	0.787928345618743	1.023719717718434	0.09740356778705701	-0.1578499395846343	-0.34386365825247084	0.033820776658863676
HepG2_skew	[-0.2,-0.05)	Other cCREs	6	all	294	6997	271223115	11777645	1.030111193840228	0.9167095520348925	1.1613651656929977	0.6390369118290072	0.04280007541186933	-0.12546338856294792	0.21582166720934226
HepG2_skew	[-0.2,-0.05)	PLS	0	all	1913	44644	271223115	11777645	1.0128931628759823	0.9675618759799594	1.0608412628916644	0.5934915275287727	0.018482010745669356	-0.04757416973883266	0.08520879727827359
HepG2_skew	[-0.2,-0.05)	PLS	1	all	946	24495	271223115	11777645	1.1232635621011782	1.0525833206086088	1.1998530784352923	3.878277277949563e-4	0.16769648083130015	0.07393443896489083	0.26285775917573556
HepG2_skew	[-0.2,-0.05)	PLS	2	all	589	18106	271223115	11777645	1.3327082116062325	1.2277518642490095	1.4490325961560535	7.708531848806275e-13	0.4143609456565795	0.2960190131589681	0.5350900488518853
HepG2_skew	[-0.2,-0.05)	PLS	3	all	484	16226	271223115	11777645	1.4529096584172883	1.327344854908979	1.593581958539732	9.892480598134427e-18	0.5389449993194182	0.40854324322618885	0.6722732193907475
HepG2_skew	[-0.2,-0.05)	PLS	4	all	436	14822	271223115	11777645	1.4729785094102366	1.339203621583845	1.6237264998766852	2.529970252618781e-17	0.5587363817699255	0.4213753344599659	0.6993086457614043
HepG2_skew	[-0.2,-0.05)	PLS	5	all	465	17588	271223115	11777645	1.6390835903013896	1.4949539337649407	1.8008905061482268	5.2995945346750246e-30	0.7128894311537582	0.5801010292041027	0.8487104682852635
HepG2_skew	[-0.2,-0.05)	PLS	6	all	2271	86602	271223115	11777645	1.6554440605832512	1.5878087172750528	1.7266070906329885	4.930959538866084e-146	0.7272182611833253	0.6670371220145107	0.7879398183116193
HepG2_skew	[-0.2,-0.05)	dELS	0	all	227027	4820918	271223115	11777645	0.920717768910072	0.9167826277769324	0.9246394805997766	3.75532734266e-310	-0.11916910555625233	-0.12534838833347656	-0.11303713026994863
HepG2_skew	[-0.2,-0.05)	dELS	1	all	38345	857973	271223115	11777645	0.9714982444712339	0.9616218488083869	0.9815270793067414	3.658560669499883e-8	-0.04171670607101251	-0.056458419294364806	-0.02690002419782096
HepG2_skew	[-0.2,-0.05)	dELS	2	all	9585	220854	271223115	11777645	1.0004450783140963	0.9802149910799445	1.0212639807336836	0.9708656154406045	6.419694238147991e-4	-0.028829883875960735	0.03035582847827152
HepG2_skew	[-0.2,-0.05)	dELS	3	all	3667	89431	271223115	11777645	1.0587745399942197	1.0243574458676983	1.0945977265150206	6.593728106920758e-4	0.08239540834630216	0.03471922646775932	0.13040076517629987
HepG2_skew	[-0.2,-0.05)	dELS	4	all	2058	51005	271223115	11777645	1.075728430811223	1.0293298559069326	1.1247179781804624	0.001068359195068883	0.10531391342249964	0.04170537797845987	0.16956329256453578
HepG2_skew	[-0.2,-0.05)	dELS	5	all	1652	39472	271223115	11777645	1.0369585653244853	0.9871324397043658	1.0899209857986742	0.15207053281928248	0.05235824825416331	-0.018684436460433843	0.1242235501138456
HepG2_skew	[-0.2,-0.05)	dELS	6	all	2471	62746	271223115	11777645	1.102264707517449	1.0588186018555656	1.147918658832246	1.547861699434533e-6	0.1404707269613066	0.08245544615772975	0.19902041670266793
HepG2_skew	[-0.2,-0.05)	non-cCRE	0	all	1130833	21390793	271223115	11777645	0.8061194178025113	0.8045191936871938	0.8077358778525497	0	-0.31093452076205047	-0.31380125466329484	-0.3080444727086359
HepG2_skew	[-0.2,-0.05)	pELS	0	all	24833	539530	271223115	11777645	0.9432724255599513	0.9313677431958132	0.9554284970913733	5.222243049683137e-19	-0.08425360050446476	-0.10257717787545795	-0.06578018688781834
HepG2_skew	[-0.2,-0.05)	pELS	1	all	7049	180350	271223115	11777645	1.110939480066367	1.0848008446000617	1.1378816863901835	1.4300011769523552e-18	0.15178022610027353	0.11743020683527773	0.18635055823167265
HepG2_skew	[-0.2,-0.05)	pELS	2	all	2965	88611	271223115	11777645	1.2974393828138304	1.2507564272692162	1.3461841479954784	8.312212035589143e-48	0.3756671365355595	0.3228008659349332	0.42887577341645966
HepG2_skew	[-0.2,-0.05)	pELS	3	all	1825	61538	271223115	11777645	1.4635749257437909	1.3969976887932662	1.5340800920255449	4.241437661354819e-65	0.5494966044634835	0.48232963394046735	0.6173738057559129
HepG2_skew	[-0.2,-0.05)	pELS	4	all	1197	41200	271223115	11777645	1.4935060000104492	1.4100333054124672	1.5831553048642117	3.610129138654096e-48	0.5787030335428666	0.4957292399190506	0.6628027883665853
HepG2_skew	[-0.2,-0.05)	pELS	5	all	1048	34380	271223115	11777645	1.4232895165045376	1.3383699089091	1.5148933595930352	1.2324549158636287e-32	0.5092291555686517	0.4204769141801463	0.5992162392419528
HepG2_skew	[-0.2,-0.05)	pELS	6	all	1503	54705	271223115	11777645	1.5796247124872225	1.5006964790147541	1.6637496225106745	4.935784083758816e-79	0.6595818433742308	0.5856322164659775	0.7344383388031086
HepG2_skew	[-0.5,-0.2)	Other cCREs	0	all	19152	347154	271223115	11777645	0.786807564581254	0.7754249163182467	0.7983743219213844	3.416590742001989e-213	-0.34591726674295875	-0.3669410016976263	-0.32486277480389797
HepG2_skew	[-0.5,-0.2)	Other cCREs	1	all	1136	23750	271223115	11777645	0.9070905537118398	0.8546443205234275	0.9635387069870782	0.0015004588489527081	-0.14068151450853125	-0.2266039600104048	-0.05358547169106876
HepG2_skew	[-0.5,-0.2)	Other cCREs	2	all	226	4620	271223115	11777645	0.8839777174255133	0.7735451657549289	1.0144841114968213	0.07209235838977508	-0.17791809106802384	-0.37044256467611025	0.020746270275210157
HepG2_skew	[-0.5,-0.2)	Other cCREs	3	all	115	2346	271223115	11777645	0.8785910793931426	0.728934895541038	1.067988367723041	0.1729974902194973	-0.18673624351110363	-0.4561381281738758	0.09489593361753204
HepG2_skew	[-0.5,-0.2)	Other cCREs	4	all	69	1651	271223115	11777645	1.0248113241077044	0.806679501600583	1.3211370091416403	0.9039231847827326	0.03535832257963325	-0.3099324985747563	0.40178008971835877
HepG2_skew	[-0.5,-0.2)	Other cCREs	5	all	56	1198	271223115	11777645	0.9134396166314697	0.700135682852991	1.213422542964793	0.4799281006369958	-0.1306187329373352	-0.514293558529296	0.27908201912184616
HepG2_skew	[-0.5,-0.2)	Other cCREs	6	all	63	1641	271223115	11777645	1.1141035992629647	0.867785369924413	1.4535743412618307	0.4306409955784498	0.1558833935339085	-0.20458983105975978	0.5396048582145013
HepG2_skew	[-0.5,-0.2)	PLS	0	all	498	11165	271223115	11777645	0.9716834384541233	0.8882670146857616	1.064985393486098	0.5313273641407015	-0.041441715375213316	-0.17093467635459567	0.0908336437002411
HepG2_skew	[-0.5,-0.2)	PLS	1	all	288	8015	271223115	11777645	1.204466266595775	1.070961009041954	1.3592019973331928	0.0015722865744874027	0.26839398868100117	0.09890595619853558	0.4427598776616804
HepG2_skew	[-0.5,-0.2)	PLS	2	all	179	6344	271223115	11777645	1.5307245402361436	1.3197971410070033	1.785144506822591	2.0458195307777405e-9	0.6142146876774375	0.4003161976489328	0.8360408646397738
HepG2_skew	[-0.5,-0.2)	PLS	3	all	143	5914	271223115	11777645	1.7837411564622254	1.5117823340734107	2.119231252898735	6.875065339570802e-14	0.8349062770396688	0.596250435750504	1.083541024806182
HepG2_skew	[-0.5,-0.2)	PLS	4	all	147	5435	271223115	11777645	1.594981590786069	1.354547112729755	1.8907879985551834	2.2308264810560345e-9	0.673539772557596	0.4378105730301753	0.9189876125848135
HepG2_skew	[-0.5,-0.2)	PLS	5	all	136	6536	271223115	11777645	2.0720258307378203	1.7494159385181702	2.472201190964912	2.3331702913355162e-21	1.0510419883744035	0.8068733430592578	1.3057961564284826
HepG2_skew	[-0.5,-0.2)	PLS	6	all	708	32529	271223115	11777645	1.9925066492881325	1.8495586066788878	2.149363746839658	4.2757289033030176e-92	0.9945845387096028	0.8871810156418997	1.103909657430231
HepG2_skew	[-0.5,-0.2)	dELS	0	all	43356	856177	271223115	11777645	0.8570547299604236	0.8488228719299158	0.8653891243684476	3.024816557522547e-205	-0.22254075971952916	-0.23646456401722665	-0.20857910483971304
HepG2_skew	[-0.5,-0.2)	dELS	1	all	9409	210046	271223115	11777645	0.9692679758988945	0.9494405435148483	0.9896395440177347	0.003220017070851122	-0.045032508656372164	-0.0748504370739699	-0.015024946211654521
HepG2_skew	[-0.5,-0.2)	dELS	2	all	2635	64721	271223115	11777645	1.0662152878465474	1.0254448642598528	1.1089960085780173	0.0011874506227372206	0.09249877332144767	0.0362499236097732	0.14925417306043157
HepG2_skew	[-0.5,-0.2)	dELS	3	all	1097	28194	271223115	11777645	1.1150813523393575	1.0497621450881323	1.185458176865001	3.3763214258905844e-4	0.15714896784524615	0.07006247934422022	0.24544476522918937
HepG2_skew	[-0.5,-0.2)	dELS	4	all	661	16284	271223115	11777645	1.0682266054927356	0.9883118764527813	1.1562917755451456	0.09809455789238873	0.09521772187819415	-0.016961717438441118	0.20950548954943926
HepG2_skew	[-0.5,-0.2)	dELS	5	all	441	12434	271223115	11777645	1.221686651737763	1.1110149377585434	1.3463009878957826	2.2500605963211688e-5	0.28887429828769856	0.15187821410350924	0.42900098439170753
HepG2_skew	[-0.5,-0.2)	dELS	6	all	553	17841	271223115	11777645	1.3985423810273987	1.285081609897589	1.5246694218387362	3.0606810943818594e-16	0.48392397349348837	0.3618599815638552	0.6084964720700713
HepG2_skew	[-0.5,-0.2)	non-cCRE	0	all	141384	2358975	271223115	11777645	0.7221137295044983	0.7182105292192917	0.7260373807175807	0	-0.46970202221980795	-0.47752129131237775	-0.46188426624269624
HepG2_skew	[-0.5,-0.2)	pELS	0	all	4484	94515	271223115	11777645	0.9150930514078514	0.8880630885626059	0.9431398681039167	9.997243113399992e-9	-0.12800964331683579	-0.1712659247045944	-0.08445635574032816
HepG2_skew	[-0.5,-0.2)	pELS	1	all	1490	40412	271223115	11777645	1.1770248384203061	1.117692754900202	1.2402830244186942	2.520460801582857e-10	0.23514476548060217	0.16052365696398038	0.31066937168797765
HepG2_skew	[-0.5,-0.2)	pELS	2	all	767	22736	271223115	11777645	1.2856214244656894	1.1963766345974107	1.383265055809398	1.3054776708221123e-12	0.362465876372734	0.25867163980961017	0.4680776265266953
HepG2_skew	[-0.5,-0.2)	pELS	3	all	467	16792	271223115	11777645	1.5582122088754287	1.421355066459656	1.7117491596468475	3.588651407588023e-24	0.6398917236718523	0.5072669969682337	0.7754713041644591
HepG2_skew	[-0.5,-0.2)	pELS	4	all	339	11782	271223115	11777645	1.504934397089323	1.3509518343037759	1.681140171231726	2.6591522219671606e-15	0.589700598575178	0.43397623894945286	0.7494400195830356
HepG2_skew	[-0.5,-0.2)	pELS	5	all	264	10840	271223115	11777645	1.7765050727422622	1.5725678925148998	2.014415543421741	4.005681755112901e-24	0.8290418082355053	0.6531223039599979	1.010361320184534
HepG2_skew	[-0.5,-0.2)	pELS	6	all	402	18541	271223115	11777645	1.9980316709139292	1.8101165165842688	2.2108395595141968	1.453011320629638e-53	0.9985794515529214	0.8560825660863743	1.1445943326657695
HepG2_skew	[-1.0,-0.5)	Other cCREs	0	all	4688	78238	271223115	11777645	0.7244900271182466	0.7034194325686548	0.7463076909092784	5.3617366969305605e-93	-0.464962264216373	-0.5075429036785111	-0.4221575413116496
HepG2_skew	[-1.0,-0.5)	Other cCREs	1	all	333	7014	271223115	11777645	0.9120428717567403	0.8171062517284752	1.0208971938793439	0.10187453067933112	-0.1328264531540006	-0.29140440467438183	0.029837591633807416
HepG2_skew	[-1.0,-0.5)	Other cCREs	2	all	61	1658	271223115	11777645	1.161949972553664	0.90166247176497	1.522542557952941	0.27684052830526096	0.21654795522915546	-0.14934061865940143	0.6064825547585719
HepG2_skew	[-1.0,-0.5)	Other cCREs	3	all	29	1052	271223115	11777645	1.5242003729651237	1.061239079339675	2.2706915683755575	0.022026274992637263	0.6080525734881199	0.08574970782914264	1.1831317558051064
HepG2_skew	[-1.0,-0.5)	Other cCREs	4	all	25	763	271223115	11777645	1.2760076707715697	0.8640319578848998	1.9661001846003174	0.24664187457025638	0.351637001948268	-0.2108434206590331	0.975336837519544
HepG2_skew	[-1.0,-0.5)	Other cCREs	5	all	13	610	271223115	11777645	1.8951752604008083	1.1208248611117368	3.4869652892458682	0.012129039930700657	0.9223312708868424	0.16456086177789464	1.8019720029783701
HepG2_skew	[-1.0,-0.5)	Other cCREs	6	all	20	731	271223115	11777645	1.5136536062680663	0.9827905546673593	2.4602567894475356	0.06701297606090613	0.5980350879546024	-0.025044102470192058	1.2988089048035334
HepG2_skew	[-1.0,-0.5)	PLS	0	all	136	3022	271223115	11777645	0.9581683809596259	0.8072187555380718	1.1455805076251475	0.6240144145135216	-0.061648888790677064	-0.3089683993734518	0.19607885006136644
HepG2_skew	[-1.0,-0.5)	PLS	1	all	70	2287	271223115	11777645	1.3993696046683737	1.104918987741588	1.7981056527817965	0.004500557858215882	0.484777060713827	0.14394059561850786	0.846477792969264
HepG2_skew	[-1.0,-0.5)	PLS	2	all	34	1743	271223115	11777645	2.163773361634436	1.5497590214676256	3.1167886653805903	3.9535100943087895e-7	1.113549396036606	0.6320439022339268	1.6400603359886978
HepG2_skew	[-1.0,-0.5)	PLS	3	all	38	1718	271223115	11777645	1.9140283954811865	1.3943661886464114	2.701246594283923	1.1992467970587213e-5	0.9366122330193487	0.47960949174235806	1.433625348144369
HepG2_skew	[-1.0,-0.5)	PLS	4	all	36	1684	271223115	11777645	1.977586383293286	1.4288127048975752	2.818615813696099	7.186605097663148e-6	0.9837407146863969	0.5148168139670948	1.4949868473841592
HepG2_skew	[-1.0,-0.5)	PLS	5	all	39	1891	271223115	11777645	2.0539720385953233	1.5026633546915322	2.884445259593747	6.263592132777655e-7	1.0384165419022418	0.5875218349917056	1.5282938844903144
HepG2_skew	[-1.0,-0.5)	PLS	6	all	130	10498	271223115	11777645	3.4803302129193465	2.929699689652379	4.166800503287562	7.664945003465826e-70	1.799224195137299	1.5507527880420429	2.058940028812359
HepG2_skew	[-1.0,-0.5)	dELS	0	all	9721	180812	271223115	11777645	0.8074906731926537	0.791169537094255	0.8242310961983692	4.913988123312101e-88	-0.3084824986305396	-0.33794121672907806	-0.27887920093056756
HepG2_skew	[-1.0,-0.5)	dELS	1	all	2433	53617	271223115	11777645	0.9565553231886091	0.918475244723333	0.9966573670702076	0.032651904875102084	-0.06407968441138638	-0.12268725737890901	-0.004830477713448179
HepG2_skew	[-1.0,-0.5)	dELS	2	all	806	18951	271223115	11777645	1.0197975035263502	0.9503937293639845	1.0955777287222097	0.6054544555375401	0.028282711352729598	-0.07340277752533263	0.13169184385709562
HepG2_skew	[-1.0,-0.5)	dELS	3	all	354	9158	271223115	11777645	1.1203492796179995	1.0075432992710507	1.2491287131775874	0.03527440853946659	0.16394857640445315	0.010841840044878584	0.320922143315371
HepG2_skew	[-1.0,-0.5)	dELS	4	all	178	5708	271223115	11777645	1.384979016407656	1.1933718352699356	1.6162050160909105	7.610478957357336e-6	0.4698641184015802	0.25504363340826747	0.6926102159964205
HepG2_skew	[-1.0,-0.5)	dELS	5	all	115	4516	271223115	11777645	1.6909475762625683	1.4062220733042172	2.05110964735261	1.792819989667108e-9	0.7578319331728574	0.4918244455879319	1.0364046168609713
HepG2_skew	[-1.0,-0.5)	dELS	6	all	175	6862	271223115	11777645	1.6933273684497414	1.457869616786945	1.9779570142194265	7.295030553658652e-14	0.759860914274434	0.543861699345195	0.9840110731919028
HepG2_skew	[-1.0,-0.5)	non-cCRE	0	all	26360	389979	271223115	11777645	0.6419049632996842	0.6339498486592728	0.649982156057121	0	-0.6395683787321895	-0.6575593806305463	-0.6215279824712922
HepG2_skew	[-1.0,-0.5)	pELS	0	all	1011	18823	271223115	11777645	0.8077123582457608	0.7581628654983187	0.8612888138842082	1.340890540240814e-10	-0.30808648163138835	-0.39942029925114814	-0.21543100071454874
HepG2_skew	[-1.0,-0.5)	pELS	1	all	372	8919	271223115	11777645	1.0384567743743642	0.9361620917424318	1.1549264128606187	0.49944059967104504	0.054441165442436906	-0.09516974808410583	0.20780093200224525
HepG2_skew	[-1.0,-0.5)	pELS	2	all	150	5292	271223115	11777645	1.522166687868806	1.2947518770883903	1.801477777505111	6.454193321584634e-8	0.6061263526615087	0.3726756500417669	0.8491808552168737
HepG2_skew	[-1.0,-0.5)	pELS	3	all	96	3904	271223115	11777645	1.748184534635838	1.4291336521628402	2.160973917872659	4.12736268883343e-9	0.8058574806922373	0.5151408431629453	1.1116816595260408
HepG2_skew	[-1.0,-0.5)	pELS	4	all	87	3115	271223115	11777645	1.5376268489485108	1.2440046184417008	1.9227829449733833	2.5500734798656406e-5	0.6207054327609084	0.3149918415702599	0.9431959119837835
HepG2_skew	[-1.0,-0.5)	pELS	5	all	74	2982	271223115	11777645	1.7271466725929352	1.373521678454984	2.201962297545003	4.5943583725276567e-7	0.7883906044865867	0.45787968081980224	1.138789766990149
HepG2_skew	[-1.0,-0.5)	pELS	6	all	108	5479	271223115	11777645	2.1831855477863233	1.8060958893194672	2.663829578169666	5.113487233319623e-20	1.1264347494287894	0.8528744904783798	1.4135017871411082
HepG2_skew	[-1.5,-1.0)	Other cCREs	0	all	851	14503	271223115	11777645	0.7392177667920998	0.6898236518604092	0.7930033682970806	2.10307778594574e-16	-0.43592866314039336	-0.5357004998132425	-0.334601101070121
HepG2_skew	[-1.5,-1.0)	Other cCREs	1	all	69	1242	271223115	11777645	0.7710898601806957	0.6058793108420623	0.9956153590887907	0.037923611358548014	-0.375029098193461	-0.7228976526583191	-0.006339608330653843
HepG2_skew	[-1.5,-1.0)	Other cCREs	2	all	7	235	271223115	11777645	1.281017722441192	0.6395522905218465	3.0020213173163977	0.6295001030434167	0.3572904350091119	-0.6448657745725237	1.58593422155469
HepG2_skew	[-1.5,-1.0)	Other cCREs	3	all	1	121	271223115	11777645	2.648876971179766	0.7177495742156099	22.118090595357206	0.2529846219703409	1.4053808383505457	-0.4784475252921888	4.467154941241682
HepG2_skew	[-1.5,-1.0)	Other cCREs	4	all	3	84	271223115	11777645	0.9227805145680648	0.3474307254035082	3.4643167773234285	0.7884487214116784	-0.11594055449111129	-1.5252027489359388	1.7925708562131046
HepG2_skew	[-1.5,-1.0)	Other cCREs	5	all	1	58	271223115	11777645	1.281017538941043	0.33927781555257275	10.824720782011548	1	0.35729022834938395	-1.5594609956331613	3.4362579067582937
HepG2_skew	[-1.5,-1.0)	Other cCREs	6	all	1	94	271223115	11777645	2.0626498985526047	0.5555116040382665	17.277545451467308	0.4439188171843942	1.0444989678628194	-0.8481110466148339	4.110826369302918
HepG2_skew	[-1.5,-1.0)	PLS	0	all	31	610	271223115	11777645	0.829131621874191	0.5810801601366399	1.2230645508997309	0.27803771370851366	-0.2703269519695322	-0.7831908974288124	0.29050054843222367
HepG2_skew	[-1.5,-1.0)	PLS	1	all	13	514	271223115	11777645	1.5974019309704037	0.9433591361209445	2.942620979774817	0.08160560008953623	0.675727362755608	-0.08412098648595	1.5571017299054408
HepG2_skew	[-1.5,-1.0)	PLS	2	all	7	322	271223115	11777645	1.753267033180706	0.8792049964741113	4.095767251858357	0.12873970814139277	0.8100457440189052	-0.18572850981957695	2.034133734349076
HepG2_skew	[-1.5,-1.0)	PLS	3	all	11	301	271223115	11777645	1.0928430069155508	0.6164705455405153	2.138675115288707	0.8877329950311555	0.1280861645851873	-0.6978961294040559	1.0967173403053327
HepG2_skew	[-1.5,-1.0)	PLS	4	all	1	328	271223115	11777645	7.144800898121146	1.9618584988946255	59.258125764980726	1.6011694150468422e-4	2.8368938087604936	0.9722209894140124	5.888941091886389
HepG2_skew	[-1.5,-1.0)	PLS	5	all	4	406	271223115	11777645	3.5347337172383306	1.5023237967513208	10.945153374289802	0.0011481172148265434	1.8216015363106142	0.5871957912957868	3.4522202660144394
HepG2_skew	[-1.5,-1.0)	PLS	6	all	19	2154	271223115	11777645	4.678986820844849	3.021955645127263	7.675171424339778	2.26814228017563e-19	2.2261961651101587	1.5954824854449834	2.9401989733209937
HepG2_skew	[-1.5,-1.0)	dELS	0	all	1846	32642	271223115	11777645	0.7674318438270026	0.7322658474218522	0.8046900086414235	1.7332022988552576e-26	-0.3818894654976732	-0.4495605841818065	-0.31349497517154723
HepG2_skew	[-1.5,-1.0)	dELS	1	all	530	10738	271223115	11777645	0.8782115551118888	0.8048433260384054	0.9599594935907485	0.004001010055089895	-0.1873595779668081	-0.31322012500944013	-0.058954563666762286
HepG2_skew	[-1.5,-1.0)	dELS	2	all	163	3801	271223115	11777645	1.006700158809719	0.8608653737699287	1.184325294135377	0.9682915545070007	0.00963404698639771	-0.21614045515210692	0.24406539496988588
HepG2_skew	[-1.5,-1.0)	dELS	3	all	48	1966	271223115	11777645	1.7431906913496074	1.31330028454069	2.364566792522753	3.497173652845047e-5	0.8017303975854939	0.39319682444590154	1.2415758945469804
HepG2_skew	[-1.5,-1.0)	dELS	4	all	35	1126	271223115	11777645	1.359425421595376	0.9759902675991338	1.9510764615498335	0.07737068661390134	0.44299700693768745	-0.03506133332509424	0.9642703174329614
HepG2_skew	[-1.5,-1.0)	dELS	5	all	15	771	271223115	11777645	2.0952207939582586	1.2819241749072618	3.6842061834703532	0.0016742869872762587	1.0671022828574641	0.35831092988141494	1.8813538028913799
HepG2_skew	[-1.5,-1.0)	dELS	6	all	33	1082	271223115	11777645	1.3831957602247005	0.9837147363986156	2.0077937898139306	0.060958554986251565	0.4680053519469579	-0.02368808018560308	1.0056111051006535
HepG2_skew	[-1.5,-1.0)	non-cCRE	0	all	5770	77070	271223115	11777645	0.5798073463941558	0.5644905374839183	0.5956397725598878	1.388647524880932e-299	-0.786354481841153	-0.8249786974842049	-0.747488004904272
HepG2_skew	[-1.5,-1.0)	pELS	0	all	182	3353	271223115	11777645	0.7958717780502186	0.6856662935404026	0.9286924149688226	0.003629457951234537	-0.3293920762687552	-0.5444214919446835	-0.10672724303374413
HepG2_skew	[-1.5,-1.0)	pELS	1	all	54	1629	271223115	11777645	1.2869408045047064	0.9837290203557281	1.7158804731118948	0.0670222606856302	0.3639456953522654	-0.023667131790997116	0.7789490593324295
HepG2_skew	[-1.5,-1.0)	pELS	2	all	40	879	271223115	11777645	0.9320556850202967	0.6813943385008775	1.3079994822022978	0.6207337374102239	-0.1015119446185775	-0.5534381343193194	0.38736196971648096
HepG2_skew	[-1.5,-1.0)	pELS	3	all	13	676	271223115	11777645	2.09987301483994	1.2428309659375778	3.8618342931522296	0.002997858497619895	1.0703020867485855	0.3136300927005129	1.949286261239253
HepG2_skew	[-1.5,-1.0)	pELS	4	all	14	505	271223115	11777645	1.4648514486510915	0.8796800015449633	2.636849072968328	0.15412607146485147	0.5507543676093781	-0.18494928039008388	1.398814997098749
HepG2_skew	[-1.5,-1.0)	pELS	5	all	11	537	271223115	11777645	1.946871658394569	1.105316071471459	3.791892526507765	0.018141863450795985	0.9611577819007635	0.14445897553622575	1.9229180745548526
HepG2_skew	[-1.5,-1.0)	pELS	6	all	22	1073	271223115	11777645	2.0277451690171633	1.3442352210390354	3.2125330772695455	2.639329233997343e-4	1.0198763572251324	0.4267856102401982	1.683711308833229
HepG2_skew	[0.05,0.2)	Other cCREs	0	all	91385	2144419	271223115	11777645	1.0191226680618917	1.0123811863146606	1.025899310447863	2.1499900715644428e-8	0.02732771387209497	0.017752602345173583	0.036889140841676646
HepG2_skew	[0.05,0.2)	Other cCREs	1	all	3878	89828	271223115	11777645	1.0056096205283358	0.9737967634010681	1.0387379582463434	0.7435150941822869	0.008070357001258273	-0.03830738934397776	0.05483175239491615
HepG2_skew	[0.05,0.2)	Other cCREs	2	all	689	15657	271223115	11777645	0.9854115482755109	0.9130087625645475	1.0649893072599026	0.6953406313239441	-0.02120171584718535	-0.13129938840431205	0.09083894553040564
HepG2_skew	[0.05,0.2)	Other cCREs	3	all	371	8809	271223115	11777645	1.0284074456201766	0.9269551844045089	1.1438978628677443	0.6195657387174852	0.04041196036435067	-0.10942850447268467	0.1939582415284826
HepG2_skew	[0.05,0.2)	Other cCREs	4	all	274	6667	271223115	11777645	1.0529199156086626	0.9331572609847866	1.192189645446919	0.4172292089350971	0.07439571010724713	-0.09980786212300029	0.2536137482022416
HepG2_skew	[0.05,0.2)	Other cCREs	5	all	214	4969	271223115	11777645	1.003806006811778	0.8755504547937133	1.1560660860566112	1	0.005480484375664963	-0.19173777655599714	0.2092238712823621
HepG2_skew	[0.05,0.2)	Other cCREs	6	all	297	6794	271223115	11777645	0.9901578858178768	0.881585925937379	1.1157029222046453	0.8584177756723048	-0.014269506134434756	-0.18182690267341853	0.15795293243801836
HepG2_skew	[0.05,0.2)	PLS	0	all	1659	39309	271223115	11777645	1.0283206174965094	0.9789969100465001	1.0807271414304551	0.27091649369209697	0.04029014892437936	-0.03062378854932755	0.11200232196716695
HepG2_skew	[0.05,0.2)	PLS	1	all	770	19805	271223115	11777645	1.1155211720417926	1.0380202827219551	1.2003168883217328	0.0026759880282211518	0.1577178954823988	0.0538346339621653	0.2634153332148074
HepG2_skew	[0.05,0.2)	PLS	2	all	431	13752	271223115	11777645	1.382462683784528	1.2560611977663327	1.5248740313105968	3.7448147991572964e-12	0.4672405389441888	0.32890675687535426	0.6086900676527218
HepG2_skew	[0.05,0.2)	PLS	3	all	349	11592	271223115	11777645	1.4383592930260078	1.29312292492619	1.6043165507964132	1.5740670182820846e-12	0.5244240968628521	0.37085942499502117	0.6819588308242466
HepG2_skew	[0.05,0.2)	PLS	4	all	357	10536	271223115	11777645	1.2781171110221474	1.1502273124791003	1.4240617727449911	2.532625013907663e-6	0.3540200332724986	0.20191900045620584	0.5100117286778586
HepG2_skew	[0.05,0.2)	PLS	5	all	384	12630	271223115	11777645	1.4246785842272065	1.2871891933013426	1.5807445209790776	5.630719066092018e-13	0.5106364755968144	0.3642241189645438	0.6606042189931596
HepG2_skew	[0.05,0.2)	PLS	6	all	1833	60010	271223115	11777645	1.4209992873754993	1.3563973974079961	1.4893722191613588	2.832181954967538e-55	0.506905831076055	0.4397799213027438	0.574704352731375
HepG2_skew	[0.05,0.2)	dELS	0	all	199255	4938867	271223115	11777645	1.0777526203601042	1.072908494510709	1.082611335349693	1.0400323322869754e-236	0.10802607017210683	0.10152703774864152	0.1145153988064036
HepG2_skew	[0.05,0.2)	dELS	1	all	31760	790034	271223115	11777645	1.080384419403787	1.0682853874804323	1.0926475880418727	2.0137948418218393e-42	0.11154473950693376	0.09529710779546861	0.1278281631631236
HepG2_skew	[0.05,0.2)	dELS	2	all	7761	192669	271223115	11777645	1.0779404152048317	1.0537356335738288	1.10283390787219	5.919570369768905e-11	0.10827743313279599	0.07551296187854954	0.14121553042865695
HepG2_skew	[0.05,0.2)	dELS	3	all	3049	76123	271223115	11777645	1.0838350640591357	1.0452868626364094	1.1241865080256253	1.0999299798052014e-5	0.11614522683146117	0.06389892174128714	0.16888140556067144
HepG2_skew	[0.05,0.2)	dELS	4	all	1716	44219	271223115	11777645	1.1183766433923426	1.0657030705049775	1.1742603308972024	3.9284070270005715e-6	0.1614061363428845	0.09180552591836151	0.231752286181265
HepG2_skew	[0.05,0.2)	dELS	5	all	1363	34415	271223115	11777645	1.095677862526433	1.0379224497752202	1.157438152109153	8.496551003886501e-4	0.1318236975244229	0.05369865419260321	0.2109351049072667
HepG2_skew	[0.05,0.2)	dELS	6	all	2061	54142	271223115	11777645	1.1402407927181037	1.091153616973722	1.1920787771493337	2.554326322273805e-9	0.18933852068585655	0.12585422434255164	0.2534795777860943
HepG2_skew	[0.05,0.2)	non-cCRE	0	all	1063108	25273917	271223115	11777645	1.0356754697804047	1.0335964834020794	1.0377927766179291	4.0681271580870913e-252	0.050572003520598444	0.047673066681809734	0.05351839938806658
HepG2_skew	[0.05,0.2)	pELS	0	all	21922	543732	271223115	11777645	1.0771596445682103	1.0626804831672758	1.0918979156473803	1.1490814309609886e-27	0.10723208586949898	0.08770788601061377	0.12683798128185292
HepG2_skew	[0.05,0.2)	pELS	1	all	5893	164174	271223115	11777645	1.2096928458511982	1.1786462267745892	1.2417536338031465	1.9106338324747008e-49	0.2746407780616601	0.2371307552412531	0.3123789686089408
HepG2_skew	[0.05,0.2)	pELS	2	all	2556	75376	271223115	11777645	1.2801698236050851	1.2306653237774978	1.3321850880336967	2.897226358166618e-37	0.35633520664826457	0.29943847800960466	0.4137945381432539
HepG2_skew	[0.05,0.2)	pELS	3	all	1583	50767	271223115	11777645	1.3918468697795854	1.323907920529562	1.4641266573520686	2.230404063311246e-42	0.4770004954094026	0.4048027843694912	0.5500403623855221
HepG2_skew	[0.05,0.2)	pELS	4	all	993	33473	271223115	11777645	1.4624204313955973	1.3729631035194403	1.559186543739414	4.7149518633927224e-36	0.5483581314626684	0.45729285557622296	0.6407935448591668
HepG2_skew	[0.05,0.2)	pELS	5	all	864	27454	271223115	11777645	1.3783230437538585	1.2880545916304136	1.4765345384531328	1.7111445157131762e-22	0.4629140585805756	0.3651937405064312	0.562215103760907
HepG2_skew	[0.05,0.2)	pELS	6	all	1253	42261	271223115	11777645	1.4635515447261782	1.3835712161480649	1.5492995607263194	3.056742956361618e-45	0.5494735568237578	0.4683969052701404	0.6316161195894612
HepG2_skew	[0.2,0.5)	Other cCREs	0	all	15808	336691	271223115	11777645	0.924751237193017	0.9100614472248889	0.9396654584926014	2.1212516870752424e-21	-0.11286276940450296	-0.13596413571476296	-0.08978087775555257
HepG2_skew	[0.2,0.5)	Other cCREs	1	all	850	18282	271223115	11777645	0.9329519801168682	0.8708974177898279	1.0004786757663278	0.0484990783805787	-0.10012526871936331	-0.19942529978497367	6.904179242901188e-4
HepG2_skew	[0.2,0.5)	Other cCREs	2	all	146	3207	271223115	11777645	0.9476273613000413	0.8030706386481837	1.125761027825768	0.5166100423544114	-0.07760824008085136	-0.3164012011108247	0.17090061022394737
HepG2_skew	[0.2,0.5)	Other cCREs	3	all	80	1606	271223115	11777645	0.861514809419286	0.6889562094752721	1.0907065706080807	0.20005272741041294	-0.21505249833020287	-0.5375158077206214	0.1252630301061345
HepG2_skew	[0.2,0.5)	Other cCREs	4	all	51	1213	271223115	11777645	1.0137881394393102	0.7680023078821405	1.3652957031890376	0.9999999999999997	0.01975619068908724	-0.38081744856968563	0.4492134517475858
HepG2_skew	[0.2,0.5)	Other cCREs	5	all	43	836	271223115	11777645	0.8260473797587297	0.6098573982039415	1.145648595409489	0.20592666702478535	-0.27570356193197826	-0.7134561554166812	0.19616459435355743
HepG2_skew	[0.2,0.5)	Other cCREs	6	all	68	1258	271223115	11777645	0.7923346076852631	0.6215779830347313	1.0248778335616573	0.06329216517219179	-0.3358182770793475	-0.685992692057369	0.035451949322073455
HepG2_skew	[0.2,0.5)	PLS	0	all	410	8472	271223115	11777645	0.8952120318600146	0.810733432039471	0.9907750761357413	0.029389628563133454	-0.15969866828247745	-0.3027004584865449	-0.01337051817595121
HepG2_skew	[0.2,0.5)	PLS	1	all	188	5331	271223115	11777645	1.2250748354332535	1.0594844944252741	1.4239401059501378	0.005150872596127499	0.2928698809917493	0.0833624739965823	0.5098884646568651
HepG2_skew	[0.2,0.5)	PLS	2	all	119	3909	271223115	11777645	1.4149176131076193	1.1797580255598812	1.71122117000094	9.242693121948531e-5	0.500718051204556	0.2384909857541018	0.7750262357142684
HepG2_skew	[0.2,0.5)	PLS	3	all	107	3550	271223115	11777645	1.427783949642284	1.1788884173863343	1.7454939618887022	1.3752401043178763e-4	0.5137776891981832	0.2374271726844573	0.8036353662471301
HepG2_skew	[0.2,0.5)	PLS	4	all	84	3097	271223115	11777645	1.582701280628088	1.2758609869533661	1.9871181215257128	8.716380778535036e-6	0.6623889866034913	0.35147114700374066	0.9906776341750383
HepG2_skew	[0.2,0.5)	PLS	5	all	96	3570	271223115	11777645	1.598655799306429	1.3065660178311105	1.9766691510901302	1.2344411598677885e-6	0.6768593508958607	0.38578002262294775	0.9830714173367119
HepG2_skew	[0.2,0.5)	PLS	6	all	465	15722	271223115	11777645	1.4651819793316394	1.336090759472224	1.6100923954711792	7.05142282632637e-18	0.5510798621727895	0.4180180121481409	0.6871434800562386
HepG2_skew	[0.2,0.5)	dELS	0	all	35476	832529	271223115	11777645	1.0190835977169816	1.0083256642799148	1.030012910699025	4.8662329504775814e-4	0.02727240387349395	0.011961668957900308	0.0426624209858939
HepG2_skew	[0.2,0.5)	dELS	1	all	7214	167884	271223115	11777645	1.0104391644429291	0.9869155568178125	1.0346899398758012	0.39208272539607397	0.014982463925918002	-0.019001445840848456	0.04919850760844773
HepG2_skew	[0.2,0.5)	dELS	2	all	2081	47025	271223115	11777645	0.9808124267579387	0.9386585497254907	1.0252948201664607	0.3843016864130314	-0.027950836996025973	-0.09132764223040611	0.036038811617859566
HepG2_skew	[0.2,0.5)	dELS	3	all	799	19453	271223115	11777645	1.05597221352967	0.9838161220584826	1.134735307425809	0.1347838436386866	0.07857187264109475	-0.023539397802088684	0.18235580835410417
HepG2_skew	[0.2,0.5)	dELS	4	all	439	11058	271223115	11777645	1.0914320416993943	0.9921568009546434	1.2032709868257483	0.07219396243806202	0.12622230334240314	-0.01135995201403489	0.26696158625760474
HepG2_skew	[0.2,0.5)	dELS	5	all	325	7876	271223115	11777645	1.0492421633516247	0.939118905178542	1.1757614565200813	0.406987905337316	0.06934768796914602	-0.09062026070259536	0.2335953897627089
HepG2_skew	[0.2,0.5)	dELS	6	all	503	11613	271223115	11777645	1.0006249723018126	0.9151914529229718	1.096151928741622	1.0000000000000007	9.01362806453478e-4	-0.12785451620115398	0.13244777243306383
HepG2_skew	[0.2,0.5)	non-cCRE	0	all	130270	2948947	271223115	11777645	0.9828048383121143	0.977331692225624	0.9883112641093195	1.2257055185005885e-9	-0.02502313483511539	-0.03307981978006742	-0.01696261131128675
HepG2_skew	[0.2,0.5)	pELS	0	all	3808	93091	271223115	11777645	1.0613092040288963	1.027452853384952	1.0965192019374153	2.945472121359366e-4	0.08584503526382369	0.03907219463856696	0.13293107630455114
HepG2_skew	[0.2,0.5)	pELS	1	all	1329	34187	271223115	11777645	1.116245948994727	1.0566952541208103	1.1799454864401024	6.713486921134607e-5	0.15865493962347643	0.07955937032532447	0.23872020851997006
HepG2_skew	[0.2,0.5)	pELS	2	all	556	18014	271223115	11777645	1.4044980224858925	1.290867209165835	1.5308243051244654	9.151306618042425e-17	0.4900545931707516	0.3683405989942255	0.6143087121839587
HepG2_skew	[0.2,0.5)	pELS	3	all	388	12774	271223115	11777645	1.4261042979174665	1.2891736367726963	1.5815778046704216	3.969244138493719e-13	0.5120794969191549	0.3664465911162209	0.6613645300261172
HepG2_skew	[0.2,0.5)	pELS	4	all	261	8651	271223115	11777645	1.4340137739961696	1.2680149605108582	1.6277772704083657	1.4001428741896579e-9	0.5200588814878867	0.3425717670289755	0.7029033084123657
HepG2_skew	[0.2,0.5)	pELS	5	all	223	7381	271223115	11777645	1.4310785667022414	1.2528482254515023	1.641881829069296	2.8584280554216658e-8	0.517102878689479	0.32521165196944407	0.7153502959642626
HepG2_skew	[0.2,0.5)	pELS	6	all	315	11355	271223115	11777645	1.5605560658566098	1.395404581840415	1.7507269149107472	6.230390022323522e-17	0.6420601896699963	0.4806834758822119	0.8079540642229006
HepG2_skew	[0.5,1.0)	Other cCREs	0	all	3377	68394	271223115	11777645	0.8791882271667562	0.8493134508999776	0.910358027461978	7.470544561660503e-13	-0.18575602698267324	-0.23563099623182931	-0.1354940519269224
HepG2_skew	[0.5,1.0)	Other cCREs	1	all	219	3884	271223115	11777645	0.7668297194255501	0.6692830566300794	0.8824066499570276	2.0263632553065163e-4	-0.38302184338339684	-0.5793116029585256	-0.18048443153753727
HepG2_skew	[0.5,1.0)	Other cCREs	2	all	35	611	271223115	11777645	0.7382117661857659	0.5273079253500473	1.0640652654415124	0.07674285752997144	-0.4378933623396394	-0.9232824145411594	0.08958664260706654
HepG2_skew	[0.5,1.0)	Other cCREs	3	all	27	289	271223115	11777645	0.4497467682276406	0.3046853539627447	0.6887747138299154	2.0922909699212208e-4	-1.1528151802337463	-1.7146079426580283	-0.5378959151343181
HepG2_skew	[0.5,1.0)	Other cCREs	4	all	9	204	271223115	11777645	0.8901966650420815	0.4743508018467148	1.8842799722493366	0.7306737841181085	-0.16780399887842365	-1.0759737089757069	0.9140133410477072
HepG2_skew	[0.5,1.0)	Other cCREs	5	all	7	136	271223115	11777645	0.7436402979078413	0.3669494538531073	1.7571014002674088	0.4004330794013088	-0.4273231427895527	-1.446346744891527	0.8131974499927043
HepG2_skew	[0.5,1.0)	Other cCREs	6	all	9	219	271223115	11777645	0.9553141326155196	0.5097323179134653	2.0200088989620046	0.8680114561430826	-0.06595288734448888	-0.9721882693752725	1.014361648650374
HepG2_skew	[0.5,1.0)	PLS	0	all	90	1978	271223115	11777645	0.9443301097459148	0.7651876662652799	1.1783742568559845	0.5819290762047814	-0.0826368238143791	-0.386114475204018	0.23679781824956525
HepG2_skew	[0.5,1.0)	PLS	1	all	46	1224	271223115	11777645	1.131802556116131	0.8457889816021732	1.5487519054983088	0.4401687214449754	0.17862230078733982	-0.24163032890637187	0.631106057378803
HepG2_skew	[0.5,1.0)	PLS	2	all	29	929	271223115	11777645	1.3461563228915197	0.9365308044308593	2.006670190097123	0.12381018064818965	0.42884595316160784	-0.09460164642144901	1.0048035194355074
HepG2_skew	[0.5,1.0)	PLS	3	all	20	869	271223115	11777645	1.799020189415092	1.1694386944115667	2.9211698414130733	0.00541927671201957	0.8472113772539821	0.2258162331425354	1.546546241166422
HepG2_skew	[0.5,1.0)	PLS	4	all	17	717	271223115	11777645	1.732158626197533	1.0880607717726418	2.939495437250938	0.01621320286568183	0.7925710540539755	0.12175913810157817	1.5555685385151368
HepG2_skew	[0.5,1.0)	PLS	5	all	15	860	271223115	11777645	2.336769034045859	1.4306500152909902	4.107264635993082	1.7984446883015462e-4	1.2245151453729857	0.5166707839029293	2.0381779048857616
HepG2_skew	[0.5,1.0)	PLS	6	all	99	2964	271223115	11777645	1.287534384382222	1.0547851322256467	1.5876128877658195	0.011276703790615782	0.3646109608514509	0.07694914088137916	0.6668591788640703
HepG2_skew	[0.5,1.0)	dELS	0	all	7740	174636	271223115	11777645	0.9796327538056121	0.9575801760146091	1.0023345203581278	0.07753150050993014	-0.02968708398775934	-0.06253480921147449	0.003364075717966475
HepG2_skew	[0.5,1.0)	dELS	1	all	1624	36753	271223115	11777645	0.9821560980517542	0.934510805458218	1.0327880707703898	0.4741670593176735	-0.025975758750565497	-0.09771674938577869	0.04654424198954473
HepG2_skew	[0.5,1.0)	dELS	2	all	456	10444	271223115	11777645	0.9924843613607057	0.9036663625071705	1.092324394244081	0.8666916595132311	-0.010883725090314949	-0.1461378731332895	0.12740136584352332
HepG2_skew	[0.5,1.0)	dELS	3	all	190	4343	271223115	11777645	0.9876145009055924	0.8542326167675752	1.147659044490939	0.8525104581191124	-0.017980075507719195	-0.22729911010040113	0.1986940985616596
HepG2_skew	[0.5,1.0)	dELS	4	all	89	2410	271223115	11777645	1.1632889779101938	0.9423979668490223	1.4522136959197893	0.17608821054356155	0.21820952777483907	-0.08559166821898546	0.5382537641871851
HepG2_skew	[0.5,1.0)	dELS	5	all	57	1659	271223115	11777645	1.24283487076978	0.9565314100906691	1.6440845597354945	0.11577038847968002	0.313634625475571	-0.06411575105406603	0.7172845026532721
HepG2_skew	[0.5,1.0)	dELS	6	all	81	2332	271223115	11777645	1.235476166603897	0.9911555687646721	1.55933408472416	0.05933492899791971	0.30506718010901634	-0.012816578675586075	0.640930056155733
HepG2_skew	[0.5,1.0)	non-cCRE	0	all	24196	543327	271223115	11777645	0.9750059977485392	0.9624929592936983	0.9876725054261587	1.2522343020818282e-4	-0.03651700126053986	-0.05515210757346622	-0.017895345710048385
HepG2_skew	[0.5,1.0)	pELS	0	all	891	19871	271223115	11777645	0.9673927244987527	0.9045768452859105	1.035696315894217	0.33053565804426144	-0.047826407185289695	-0.1446850275259617	0.050601041847013584
HepG2_skew	[0.5,1.0)	pELS	1	all	269	7593	271223115	11777645	1.2213544672340801	1.081616274760884	1.3841451872072514	0.0010478654282868119	0.2884819668321572	0.11318876470256978	0.46899527959170684
HepG2_skew	[0.5,1.0)	pELS	2	all	119	4214	271223115	11777645	1.5252921358126401	1.2720064974214815	1.844376797454439	1.3111243046455068e-6	0.6090855853146452	0.34710603994130074	0.8831334216497415
HepG2_skew	[0.5,1.0)	pELS	3	all	104	3044	271223115	11777645	1.259307861082394	1.0365359173917774	1.5447204321619539	0.02021471182936298	0.33263101964321345	0.05177010867618333	0.627345758757909
HepG2_skew	[0.5,1.0)	pELS	4	all	57	2102	271223115	11777645	1.574516116477211	1.2130895125653127	2.08087736368757	3.635520104907704e-4	0.6549085247281663	0.27868600929554666	1.0571919424815823
HepG2_skew	[0.5,1.0)	pELS	5	all	48	1690	271223115	11777645	1.4985894482360211	1.128281095909664	2.0337466696641022	0.003883231790236275	0.5836051984161617	0.17412654039081849	1.0241399834328895
HepG2_skew	[0.5,1.0)	pELS	6	all	58	2571	271223115	11777645	1.8930262348955238	1.4627133765905054	2.4939360594363444	1.1832180860783694e-7	0.9206944050677145	0.5486470964188733	1.3184244772298856
HepG2_skew	[1.0,1.5)	Other cCREs	0	all	606	11568	271223115	11777645	0.8276290482048534	0.7627080724477376	0.8994797572801453	9.537809851551185e-6	-0.2729438129499041	-0.3907971256675478	-0.15283728078154832
HepG2_skew	[1.0,1.5)	Other cCREs	1	all	31	626	271223115	11777645	0.8508436149987281	0.5964723459609912	1.2548546125486706	0.3787213365445419	-0.23303410586522544	-0.7454728425825747	0.3275202232155898
HepG2_skew	[1.0,1.5)	Other cCREs	2	all	8	75	271223115	11777645	0.3666939273499566	0.1833167820794441	0.8325450212072614	0.0089123170112554	-1.4473517204512156	-2.4475892287339724	-0.26439980454582795
HepG2_skew	[1.0,1.5)	PLS	0	all	23	322	271223115	11777645	0.5844190995224723	0.38582807601895336	0.9255273658781235	0.014956274484070655	-0.7749247669579851	-1.3739699653429247	-0.11165244673319472
HepG2_skew	[1.0,1.5)	PLS	1	all	8	209	271223115	11777645	1.0132313664049506	0.5236428785618087	2.2467427563233793	1	0.018963644082153872	-0.9333448575055118	1.1678349507652979
HepG2_skew	[1.0,1.5)	PLS	2	all	3	167	271223115	11777645	1.8238324950593918	0.6992211249188075	6.771988081703102	0.33507645901913424	0.8669732351802663	-0.5161793225842998	2.7595794341781854
HepG2_skew	[1.0,1.5)	PLS	3	all	2	132	271223115	11777645	1.9251576900637726	0.6446365577905547	9.453886463784603	0.3852692191312255	0.9449766220961188	-0.6334420879239714	3.2409075387902293
HepG2_skew	[1.0,1.5)	PLS	4	all	1	112	271223115	11777645	2.4534679341153804	0.6636679146914375	20.504450411285	0.24575547156584396	1.2948224160586652	-0.5914665666781276	4.357865169957533
HepG2_skew	[1.0,1.5)	PLS	5	all	2	121	271223115	11777645	1.7659321480881922	0.5901400658694005	8.68337412100879	0.4970690769544997	0.820429911787484	-0.7608706855772672	3.118255743334739
HepG2_skew	[1.0,1.5)	PLS	6	all	8	382	271223115	11777645	1.8479582504842231	0.9632803979244963	4.072262406002734	0.0747281400032869	0.8859321634099491	-0.053972286628585435	2.025830527926744
HepG2_skew	[1.0,1.5)	dELS	0	all	1376	30749	271223115	11777645	0.9697000156933824	0.9186804608995259	1.0242369071001678	0.2637648673890189	-0.04438958759527937	-0.12236495006436945	0.034549450853470574
HepG2_skew	[1.0,1.5)	dELS	1	all	274	6663	271223115	11777645	1.0522882704265677	0.93259523093787	1.1915569047022545	0.4344241665993576	0.07352997967241423	-0.10067704277751185	0.25284785137828775
HepG2_skew	[1.0,1.5)	dELS	2	all	67	1891	271223115	11777645	1.208218158318559	0.9485095320469804	1.562512485304611	0.1409772016996981	0.27288097412319484	-0.07626582281328045	0.6438677177203769
HepG2_skew	[1.0,1.5)	dELS	3	all	39	733	271223115	11777645	0.7968347807404381	0.5795041530716425	1.1247054878334197	0.17573890329359107	-0.3276474744559766	-0.7871090944073094	0.16954727089319657
HepG2_skew	[1.0,1.5)	dELS	4	all	15	417	271223115	11777645	1.1344584712997339	0.6903408187520461	2.003230661400554	0.7185076208083798	0.18200379777488132	-0.5346193038243815	1.0023285494079264
HepG2_skew	[1.0,1.5)	dELS	5	all	12	262	271223115	11777645	0.8785056254759487	0.504880983530031	1.6720029372962624	0.6491648305189522	-0.1868765703836267	-0.9859847559487017	0.7415773818799375
HepG2_skew	[1.0,1.5)	dELS	6	all	10	371	271223115	11777645	1.4685357848906044	0.8112643293669155	2.967431596078647	0.24846601358621084	0.5543784213013041	-0.30175603921902017	1.5692147738821651
HepG2_skew	[1.0,1.5)	non-cCRE	0	all	4348	88705	271223115	11777645	0.8856811917663774	0.8590947064158613	0.9132368218154542	1.629620709473274e-14	-0.17514061261706373	-0.2191109123652309	-0.13093906451924828
HepG2_skew	[1.0,1.5)	pELS	0	all	156	3666	271223115	11777645	1.0142457040046882	0.8643301670295482	1.1976593703552474	0.9033160678965574	0.02040719179806017	-0.2103455795501596	0.26021764554207816
HepG2_skew	[1.0,1.5)	pELS	1	all	58	1419	271223115	11777645	1.0451251956798524	0.8053776896377837	1.380109953628811	0.7945931216310693	0.06367577328016202	-0.3122625872110264	0.46478321137722833
HepG2_skew	[1.0,1.5)	pELS	2	all	30	793	271223115	11777645	1.112220915189035	0.7772490413327978	1.6481377517574696	0.6623423669018863	0.1534433722280824	-0.3635511627552737	0.7208368283658126
HepG2_skew	[1.0,1.5)	pELS	3	all	18	594	271223115	11777645	1.359869126431508	0.8630723579943904	2.2747563969970854	0.22396183559737934	0.44346781343627095	-0.21244657819040513	1.185712055789733
HepG2_skew	[1.0,1.5)	pELS	4	all	12	414	271223115	11777645	1.3862404761917375	0.8017330967091088	2.625585684019861	0.276792615766398	0.47117754875621953	-0.31880606287278224	1.3926392777051764
HepG2_skew	[1.0,1.5)	pELS	5	all	10	347	271223115	11777645	1.3737897962159782	0.7583163724876413	2.777388132951404	0.3548844142739661	0.45816127405664847	-0.39912822301634515	1.473728804220516
HepG2_skew	[1.0,1.5)	pELS	6	all	8	450	271223115	11777645	2.176036893730702	1.136131020582994	4.790074614196452	0.013771797564274579	1.121703017043724	0.1841292185095904	2.260048128757449
HepG2_skew	[1.5,Inf)	Other cCREs	0	all	196	3434	271223115	11777645	0.7571661859353873	0.655708184888373	0.8785758598264194	2.5044189518366397e-4	-0.4013181113056151	-0.6088741914480738	-0.18676123509607664
HepG2_skew	[1.5,Inf)	Other cCREs	1	all	7	173	271223115	11777645	0.9444498717627791	0.4688179999729647	2.222339411340426	0.8515469631448391	-0.08245386966435633	-1.092900132692892	1.152079172110915
HepG2_skew	[1.5,Inf)	PLS	0	all	7	75	271223115	11777645	0.412532382216515	0.1991093859971881	0.9899782859437684	0.023775629036154662	-1.277420725033025	-2.328366863721321	-0.014531213235316127
HepG2_skew	[1.5,Inf)	PLS	1	all	1	54	271223115	11777645	1.1941674959488044	0.31522575160465427	10.107516063440748	1.0000000000000002	0.25600520563714735	-1.6655426977999934	3.337356591311998
HepG2_skew	[1.5,Inf)	PLS	2	all	3	49	271223115	11777645	0.5428304996404948	0.1992523937562458	2.069660298414991	0.28748178858734474	-0.8814263121484257	-2.327331038478288	1.0493939918744846
HepG2_skew	[1.5,Inf)	PLS	6	all	1	75	271223115	11777645	1.6501315545906923	0.4413658349725821	13.872833086391555	0.7737999957684942	0.7225810460407218	-1.179953136369236	3.7941905373657807
HepG2_skew	[1.5,Inf)	dELS	0	all	418	8946	271223115	11777645	0.927264367998669	0.840631429643158	1.025123739505307	0.13340706373309252	-0.108947377368211	-0.2504546977090884	0.03579806348295126
HepG2_skew	[1.5,Inf)	dELS	1	all	89	1859	271223115	11777645	0.8974333329604364	0.7261160039351974	1.121551718190234	0.3073578558162159	-0.15612332450846292	-0.46172804400410367	0.16549614905210977
HepG2_skew	[1.5,Inf)	dELS	2	all	35	538	271223115	11777645	0.6501676009290185	0.46371185759127126	0.9383144034159627	0.01591540191288707	-0.6211164292676375	-1.1086994765005618	-0.09185668360932311
HepG2_skew	[1.5,Inf)	dELS	3	all	12	207	271223115	11777645	0.6947975272520169	0.3974482546818668	1.32688256356762	0.23373839131470892	-0.5253354753059545	-1.331161052284863	0.40804068988224707
HepG2_skew	[1.5,Inf)	dELS	4	all	7	119	271223115	11777645	0.6513745878997095	0.3201439329472323	1.5433514709192313	0.2603288099040462	-0.6184406579693346	-1.6432074252016204	0.6260666475277269
HepG2_skew	[1.5,Inf)	dELS	5	all	3	54	271223115	11777645	0.597086126041205	0.22040674206659533	2.2688448039247935	0.3118537321076043	-0.7439890484044962	-2.181759739411712	1.1819579275357497
HepG2_skew	[1.5,Inf)	dELS	6	all	2	81	271223115	11777645	1.186930024979427	0.39216544617515237	5.8743174831608345	1.0000000000000002	0.24723488393439394	-1.350465670086175	2.554421239616476
HepG2_skew	[1.5,Inf)	non-cCRE	0	all	1303	24515	271223115	11777645	0.816386241666892	0.7720995744325908	0.8638052720161686	3.966787578901348e-12	-0.2926762256551433	-0.37314117708782185	-0.21122197319265712
HepG2_skew	[1.5,Inf)	pELS	0	all	41	981	271223115	11777645	1.0152992347033651	0.7455619146997463	1.4178064824666021	1.000000000000001	0.02190498928156256	-0.42359992974115074	0.5036606314222073
HepG2_skew	[1.5,Inf)	pELS	1	all	18	415	271223115	11777645	0.950739778746196	0.6011297803179677	1.5953040431193546	0.8096650009750508	-0.07287757113556237	-0.7342516011083136	0.6738314081270224
HepG2_skew	[1.5,Inf)	pELS	2	all	5	237	271223115	11777645	1.7225072860032107	0.7797744770478877	4.740919351570189	0.25793822191063004	0.7845100853727995	-0.3588711605147862	2.2451668513896887
HepG2_skew	[1.5,Inf)	pELS	3	all	5	189	271223115	11777645	1.3751054928923965	0.6201767327113391	3.7939163120609454	0.5899220087589628	0.4595423009897942	-0.6892486937862936	1.9236878554741452
HepG2_skew	[1.5,Inf)	pELS	5	all	1	88	271223115	11777645	1.9323950568444423	0.519465554705642	16.202006839345103	0.5935600104149363	0.9503900674069855	-0.9449000063986834	4.018100616506837
HepG2_skew	[1.5,Inf)	pELS	6	all	2	114	271223115	11777645	1.6646067124361954	0.5555166699056246	8.190312399122444	0.493387240232186	0.7351813598549677	-0.8480978903308998	3.0339184809345703
HepG2_skew	[1.5,Inf)	pELS	4	all	0	117	271223115	11777645	5.124167680746939	0.9019975865578341	203.94433041202583	0.06638776884048457	2.3573176864960916	-0.1488045215682386	7.672031590996131
K562_skew	(-Inf,-1.5)	Other cCREs	0	all	551	10490	271223115	11777645	0.8252902492216204	0.7575125413165928	0.9006582827539271	1.7794968650552668e-5	-0.277026499807994	-0.40065832096120835	-0.1509482555382713
K562_skew	(-Inf,-1.5)	Other cCREs	1	all	50	1296	271223115	11777645	1.1043381691355934	0.8347788233710264	1.4911386352493452	0.5392050804042138	0.14318202014962544	-0.26053409214370293	0.5764143951725091
K562_skew	(-Inf,-1.5)	Other cCREs	2	all	5	285	271223115	11777645	2.069888021237104	0.9393279288479072	5.6874126079756	0.0771668832152714	1.0495527215527591	-0.09029918969115795	2.507772472109224
K562_skew	(-Inf,-1.5)	Other cCREs	3	all	2	171	271223115	11777645	2.4896551067528905	0.8377652290578333	12.191655402684264	0.12724875642257988	1.3159458988233288	-0.25538208763067854	3.607822125611385
K562_skew	(-Inf,-1.5)	Other cCREs	4	all	1	134	271223115	11777645	2.9311344919986206	0.7958738472155212	24.449077612740847	0.13331104262338997	1.5514591660786072	-0.32938832545019037	4.611708132718194
K562_skew	(-Inf,-1.5)	Other cCREs	5	all	1	99	271223115	11777645	2.171210458856738	0.5855538908450723	18.173859339720487	0.4497632016193879	1.118499575438494	-0.7721261411086183	4.183792912866051
K562_skew	(-Inf,-1.5)	Other cCREs	6	all	2	165	271223115	11777645	2.4028066202115235	0.8080533354493213	11.770404651617325	0.17208732855679285	1.2647205438951066	-0.307477573879658	3.557092014146177
K562_skew	(-Inf,-1.5)	PLS	0	all	18	482	271223115	11777645	1.103889715856221	0.6991745505430285	1.849611341358756	0.8225901982138626	0.14259604681280422	-0.5162754221678051	0.8872221492271106
K562_skew	(-Inf,-1.5)	PLS	1	all	10	401	271223115	11777645	1.5869683426121048	0.877436766848975	3.2046821873690066	0.13922512353958694	0.66627334908547	-0.18863293464448405	1.6801812899356616
K562_skew	(-Inf,-1.5)	PLS	2	all	8	344	271223115	11777645	1.664607276510147	0.8667078177467554	3.671263852469096	0.1427200021272877	0.7351818487311381	-0.20638237702540846	1.8762768041594597
K562_skew	(-Inf,-1.5)	PLS	3	all	5	272	271223115	11777645	1.9758208117791307	0.896110192080571	5.4311793456955995	0.0987398783526913	0.9824521140887533	-0.15825194765635325	2.441265504004811
K562_skew	(-Inf,-1.5)	PLS	4	all	3	332	271223115	11777645	3.6150678946861943	1.3987772864351897	13.34163553509918	0.003649447903106238	1.854022742724735	0.4841662746302777	3.737863630505957
K562_skew	(-Inf,-1.5)	PLS	5	all	4	407	271223115	11777645	3.543418579690146	1.506043335878655	10.971916782145279	0.0011594820262847605	1.825141899318438	0.5907632836603837	3.4557436799293897
K562_skew	(-Inf,-1.5)	PLS	6	all	13	1881	271223115	11777645	5.838026519300714	3.4704022377238926	10.698816098010491	1.8550995420584818e-19	2.545480764313413	1.7951028883764328	3.4193792556233613
K562_skew	(-Inf,-1.5)	dELS	0	all	957	18787	271223115	11777645	0.851612748353791	0.7980350915822199	0.9096894900036518	2.1199564385712735e-6	-0.23173054828041972	-0.32547590816587674	-0.1365539096612922
K562_skew	(-Inf,-1.5)	dELS	1	all	356	8596	271223115	11777645	1.0457098543049974	0.940572377599725	1.1657345668729908	0.42727384450155304	0.06448261274949318	-0.0883891306321962	0.22123933000533422
K562_skew	(-Inf,-1.5)	dELS	2	all	127	3336	271223115	11777645	1.13208509668272	0.948713025988717	1.3614660482963696	0.173559387108079	0.1789824068870224	-0.07595633914150281	0.44516100547006854
K562_skew	(-Inf,-1.5)	dELS	3	all	56	1827	271223115	11777645	1.392630309252538	1.0699478520917742	1.8460561571496916	0.012961487183751907	0.4778123277209057	0.09754048320403544	0.8844464405292327
K562_skew	(-Inf,-1.5)	dELS	4	all	39	1276	271223115	11777645	1.3863252149140368	1.0123531893287925	1.9498970567087393	0.03845024041855149	0.4712657357628342	0.017712704654730647	0.9633979600281615
K562_skew	(-Inf,-1.5)	dELS	5	all	18	955	271223115	11777645	2.184927108978159	1.3913511748802725	3.6455548701814546	2.0567514487843493e-4	1.1275851509982668	0.47648659983379577	1.866138416070868
K562_skew	(-Inf,-1.5)	dELS	6	all	28	1465	271223115	11777645	2.195174666579054	1.5219475787362804	3.2897071978849755	2.7410100740458054e-6	1.1343357372922493	0.6059186681715263	1.7179591818456863
K562_skew	(-Inf,-1.5)	non-cCRE	0	all	3562	50423	271223115	11777645	0.6144783997431547	0.5939580701643399	0.6359072411188954	1.625071593027575e-151	-0.7025657972774526	-0.751567005782373	-0.6531117578959112
K562_skew	(-Inf,-1.5)	pELS	0	all	92	1937	271223115	11777645	0.9049043911053324	0.7347191998921864	1.1265762103329544	0.3446034535670788	-0.14416272453104634	-0.44473511885242867	0.17194491193149278
K562_skew	(-Inf,-1.5)	pELS	1	all	49	1243	271223115	11777645	1.0803948786487896	0.8142969012193008	1.4637021213632027	0.6758555720443731	0.111558706228024	-0.2963731826821167	0.5496219800166071
K562_skew	(-Inf,-1.5)	pELS	2	all	27	704	271223115	11777645	1.0933601064114	0.7499000066875152	1.65745399425454	0.7117040568756523	0.12876864178748595	-0.4152298585769495	0.7289688261858497
K562_skew	(-Inf,-1.5)	pELS	3	all	10	565	271223115	11777645	2.2343750760751133	1.2392483831421826	4.501525480162406	0.00457911797114134	1.1598713858986969	0.30946537651307987	2.1704139858241698
K562_skew	(-Inf,-1.5)	pELS	4	all	10	456	271223115	11777645	1.8040946451773865	0.9987973673588046	3.6396196782598014	0.048509852695820206	0.8512750262575703	-0.0017360762878395849	1.8637877040077364
K562_skew	(-Inf,-1.5)	pELS	5	all	9	522	271223115	11777645	2.271088138647863	1.2250992615880956	4.764531247381625	0.006259559683428633	1.1833836966756812	0.2928986458803364	2.2523342833180715
K562_skew	(-Inf,-1.5)	pELS	6	all	12	1039	271223115	11777645	3.4739455196011577	2.0225382334716135	6.545788578313158	6.977329935360906e-8	1.7965751290576477	1.0161669751984086	2.710567005690812
K562_skew	[-0.05,0.05)	Other cCREs	0	all	424261	9947806	271223115	11777645	1.018873481077256	1.015673970156435	1.0220731669525105	7.921652820179872e-32	0.02697491553247946	0.022437373445598416	0.0314984779009629
K562_skew	[-0.05,0.05)	Other cCREs	1	all	12653	293377	271223115	11777645	1.0067803010795444	0.9890134701850767	1.024952721861476	0.4604634102505794	0.009748893748118966	-0.015937924522925785	0.035557363868199035
K562_skew	[-0.05,0.05)	Other cCREs	2	all	2001	47652	271223115	11777645	1.0336190827891614	0.9883573011889807	1.0814200297097334	0.15034794361053044	0.047704610584830553	-0.016895409891987363	0.11292698290789016
K562_skew	[-0.05,0.05)	Other cCREs	3	all	1208	27418	271223115	11777645	0.9848166296844939	0.9296267305408148	1.0440637961741992	0.5942486743382307	-0.02207297140700248	-0.10527654221179611	0.0622098686244094
K562_skew	[-0.05,0.05)	Other cCREs	4	all	861	20370	271223115	11777645	1.0262136024297785	0.9585432099154184	1.099845949878997	0.4704856362836481	0.037331053647156776	-0.0610846266605043	0.1373014665595258
K562_skew	[-0.05,0.05)	Other cCREs	5	all	682	15328	271223115	11777645	0.9745887317021004	0.9025864614749517	1.0537635608282698	0.501155099824934	-0.03713455285321391	-0.14786295616571699	0.07555119725400977
K562_skew	[-0.05,0.05)	Other cCREs	6	all	846	19675	271223115	11777645	1.0087545580053927	0.9416345310368067	1.0818570186875078	0.8202683689976789	0.012575192260845124	-0.086760867924234	0.11350984106764417
K562_skew	[-0.05,0.05)	PLS	0	all	5496	133908	271223115	11777645	1.0578587420981835	1.029685336406334	1.0869952544603168	3.928608333133136e-5	0.0811469944838818	0.04220352870666165	0.12034564194616777
K562_skew	[-0.05,0.05)	PLS	1	all	2047	53068	271223115	11777645	1.125259256932422	1.0766237409117747	1.1766204752046006	1.0210112305788612e-7	0.17025743308655422	0.10651414406652875	0.23464904693849306
K562_skew	[-0.05,0.05)	PLS	2	all	1031	31262	271223115	11777645	1.3155162233449056	1.2363876413970618	1.4010134789741457	1.6172413562971987e-19	0.39562904036615143	0.3061311385838618	0.4864708358227011
K562_skew	[-0.05,0.05)	PLS	3	all	756	24181	271223115	11777645	1.387205506787938	1.2903059988358117	1.493248422796812	1.1746444261417362e-20	0.4721815307484241	0.36771324444841746	0.5784541979728284
K562_skew	[-0.05,0.05)	PLS	4	all	712	21768	271223115	11777645	1.3258391001706522	1.2304906502255246	1.4305077551976828	1.1394953404465092e-14	0.40690570495987416	0.2992336956469335	0.5165273189507921
K562_skew	[-0.05,0.05)	PLS	5	all	742	25109	271223115	11777645	1.4675902002312742	1.3642321569131977	1.5807477817190472	7.817807813114481e-28	0.5534491761988579	0.44808917451415703	0.6606071949633239
K562_skew	[-0.05,0.05)	PLS	6	all	3518	117514	271223115	11777645	1.4503289173004865	1.4024722274480084	1.5001989762242305	1.4595439837960935e-117	0.5363801233751295	0.4879722020499352	0.5851538627039099
K562_skew	[-0.05,0.05)	dELS	0	all	840191	20894429	271223115	11777645	1.0865774639918928	1.0840955209889647	1.0890428690368363	0	0.11979103041720258	0.11649187992582583	0.12306074535836915
K562_skew	[-0.05,0.05)	dELS	1	all	102693	2566172	271223115	11777645	1.0859209480114427	1.0791189990683854	1.092741701294857	2.728989166055317e-150	0.11891908282648553	0.10985396575231816	0.12795242177838168
K562_skew	[-0.05,0.05)	dELS	2	all	21886	542981	271223115	11777645	1.0774414703907382	1.0629516631904772	1.0921289877149956	8.477565532542691e-28	0.10760950024662091	0.08807599304875172	0.12714325822397046
K562_skew	[-0.05,0.05)	dELS	3	all	8049	204022	271223115	11777645	1.1006397691414018	1.0763791209624267	1.1255721874331104	1.1689268810841396e-17	0.13834236326066265	0.10618631172074336	0.17065858554559324
K562_skew	[-0.05,0.05)	dELS	4	all	4614	114601	271223115	11777645	1.0783650786684726	1.0470914262793165	1.1108028705743722	3.97872397018415e-7	0.10884568274557392	0.06638741598525104	0.15160281053556526
K562_skew	[-0.05,0.05)	dELS	5	all	3519	89987	271223115	11777645	1.1101670962721955	1.0733901253858997	1.1484747365662584	6.955547259453671e-10	0.15077683947641457	0.10217452126318925	0.199719121555675
K562_skew	[-0.05,0.05)	dELS	6	all	5456	142546	271223115	11777645	1.1343926477227035	1.1040793170737317	1.165655224243409	1.271398781698608e-20	0.18192008725955866	0.14284381907123894	0.22114113345432498
K562_skew	[-0.05,0.05)	non-cCRE	0	all	6907228	160814974	271223115	11777645	1.0270537404053472	1.0257936511263894	1.0282286496775548	0	0.03851167239403998	0.03674054728298789	0.04016111577303849
K562_skew	[-0.05,0.05)	pELS	0	all	90871	2288637	271223115	11777645	1.094449006469522	1.0871912855672272	1.1017882969686819	6.819654994351076e-160	0.13020473676884856	0.12060579727447966	0.1398470440050086
K562_skew	[-0.05,0.05)	pELS	1	all	19511	548742	271223115	11777645	1.2216855965629758	1.2043047016831603	1.2393713033731055	1.467576828605739e-176	0.2888730522266993	0.26820045521382635	0.3096084693874629
K562_skew	[-0.05,0.05)	pELS	2	all	7351	223606	271223115	11777645	1.3209921493972883	1.2906361148441412	1.3522798573777115	7.164188771526495e-133	0.40162189273216287	0.36808230094775385	0.4353937515237429
K562_skew	[-0.05,0.05)	pELS	3	all	4245	138816	271223115	11777645	1.4199147922808648	1.3771871741888018	1.464253177208539	4.797108489794379e-125	0.5058043575875728	0.4617246501938804	0.5501650248814615
K562_skew	[-0.05,0.05)	pELS	4	all	2580	84541	271223115	11777645	1.4225207101497233	1.3679046001820667	1.479846364534266	1.2873026433142894e-77	0.5084496565478883	0.4519676179113196	0.565447405158439
K562_skew	[-0.05,0.05)	pELS	5	all	2070	67057	271223115	11777645	1.4061617872382526	1.3459328315113024	1.4696593986164879	1.9206256291950024e-58	0.4917625945656476	0.4286064143587162	0.5554818415494396
K562_skew	[-0.05,0.05)	pELS	6	all	2903	93459	271223115	11777645	1.3976727102752795	1.3469543654612113	1.4506872332339091	2.721644187678914e-78	0.4830265677641176	0.42970097341487196	0.5367365092730528
K562_skew	[-0.2,-0.05)	Other cCREs	0	all	88829	1737895	271223115	11777645	0.8485945508099367	0.8428849864699332	0.8543875235554362	0	-0.2368526803934318	-0.24659230923562614	-0.2270375150858215
K562_skew	[-0.2,-0.05)	Other cCREs	1	all	3945	79078	271223115	11777645	0.8701967457411058	0.8428250508812968	0.8986936360663373	6.614168198196682e-17	-0.20058647321915563	-0.2466948995680308	-0.15409870890983482
K562_skew	[-0.2,-0.05)	Other cCREs	2	all	709	13622	271223115	11777645	0.833186979247534	0.7725606060165073	0.8997397102124706	3.756172837225467e-6	-0.26328780126227475	-0.37227998055025496	-0.15242039688748682
K562_skew	[-0.2,-0.05)	Other cCREs	3	all	349	7635	271223115	11777645	0.9473663446203939	0.8510253847837318	1.0575244356723106	0.32668744131299365	-0.07800567408870222	-0.23272592895097527	0.0806909993414152
K562_skew	[-0.2,-0.05)	Other cCREs	4	all	283	5804	271223115	11777645	0.8875950344241305	0.787779460396238	1.0034445710376534	0.05409845804426935	-0.1720264983660937	-0.3441362925213231	0.0049609263191678354
K562_skew	[-0.2,-0.05)	Other cCREs	5	all	219	4258	271223115	11777645	0.8406516518052433	0.7339615893918626	0.9670439617625667	0.01350327599066934	-0.2504199927706044	-0.4462235307887253	-0.0483466188613478
K562_skew	[-0.2,-0.05)	Other cCREs	6	all	274	6079	271223115	11777645	0.9600537256375541	0.8506645017207438	1.0873424187360923	0.5094421009647195	-0.058812952030585085	-0.23333784328066362	0.12080633596758433
K562_skew	[-0.2,-0.05)	PLS	0	all	1665	36961	271223115	11777645	0.9633947502136336	0.9172183526181439	1.0124829343924937	0.1360970016047705	-0.05380103255827065	-0.12466287280087314	0.017897591281401205
K562_skew	[-0.2,-0.05)	PLS	1	all	827	20426	271223115	11777645	1.0712933040126513	0.9992989065204089	1.1497593263016839	0.05228991614732898	0.09935352239761941	-0.0010118188174530849	0.20133190022240738
K562_skew	[-0.2,-0.05)	PLS	2	all	532	15704	271223115	11777645	1.279526423901525	1.1736521237974513	1.3974570914217248	7.404200660734782e-9	0.3556099412328164	0.23100484997723075	0.4828039861500733
K562_skew	[-0.2,-0.05)	PLS	3	all	415	14008	271223115	11777645	1.4623622222403578	1.3263970052461111	1.6160218274063818	6.368953069039248e-16	0.5483007063001492	0.40751265461709296	0.692446684524283
K562_skew	[-0.2,-0.05)	PLS	4	all	403	12990	271223115	11777645	1.396371025551795	1.2646189395578809	1.5454658844112963	4.1339464778863544e-12	0.48168232665066907	0.33870273129987566	0.628041807587353
K562_skew	[-0.2,-0.05)	PLS	5	all	405	15798	271223115	11777645	1.6898532136997155	1.5311396787872085	1.8694068491939104	7.967628818956888e-30	0.7568979346348815	0.6146058992333595	0.902580584833865
K562_skew	[-0.2,-0.05)	PLS	6	all	2172	80152	271223115	11777645	1.6019281986566654	1.534996675463295	1.672414551357239	5.936455731957796e-121	0.6798094849729575	0.6182355309714733	0.7419325011612738
K562_skew	[-0.2,-0.05)	dELS	0	all	188889	3980314	271223115	11777645	0.9137871778369537	0.9095385742187514	0.9180657452568769	1.4524519061648008e-307	-0.1300698959400642	-0.13679326992540536	-0.12333062212003564
K562_skew	[-0.2,-0.05)	dELS	1	all	31710	694503	271223115	11777645	0.9508883983098797	0.940263497385574	0.9617022586202574	3.6258327695227915e-18	-0.07265206679088645	-0.08886298373455041	-0.05633778768948455
K562_skew	[-0.2,-0.05)	dELS	2	all	7903	178910	271223115	11777645	0.9829141706884984	0.9610005175973996	1.0054518532956849	0.13492636048675571	-0.02486265078153664	-0.05739088684879402	0.007843998923606472
K562_skew	[-0.2,-0.05)	dELS	3	all	2998	73505	271223115	11777645	1.0643522466734425	1.0261669114966185	1.1043028331470148	7.576618872690259e-4	0.08997568883534292	0.03726541203998016	0.14313585687054223
K562_skew	[-0.2,-0.05)	dELS	4	all	1749	43041	271223115	11777645	1.0680479161989276	1.0181869796306844	1.1209885438686922	0.006740731096763403	0.09497637259838913	0.0260025219397214	0.16477153435361705
K562_skew	[-0.2,-0.05)	dELS	5	all	1455	34067	271223115	11777645	1.0160567471875492	0.9640959448685139	1.0715082834888017	0.5678342011010897	0.022980979472100094	-0.05275136720994983	0.09964300307281085
K562_skew	[-0.2,-0.05)	dELS	6	all	2261	54590	271223115	11777645	1.048007396519016	1.0048104404985685	1.0935273315333596	0.02893782895446734	0.06764889901624876	0.006923359765401699	0.12898927943938088
K562_skew	[-0.2,-0.05)	non-cCRE	0	all	992172	19351498	271223115	11777645	0.8351943082920313	0.8334215170696523	0.8369789767800818	0	-0.25981621466878924	-0.26288174722396607	-0.2567367092396186
K562_skew	[-0.2,-0.05)	pELS	0	all	20528	443163	271223115	11777645	0.9373342332478533	0.9242444298299701	0.9505578427304477	2.8272010153099224e-19	-0.09336452120943639	-0.11365365117962566	-0.07315367539774133
K562_skew	[-0.2,-0.05)	pELS	1	all	5859	148974	271223115	11777645	1.1040032261142045	1.075518502067004	1.1333942187896413	5.071610450663519e-14	0.14274438796043332	0.1050323435528976	0.18064974868872796
K562_skew	[-0.2,-0.05)	pELS	2	all	2521	74010	271223115	11777645	1.2744116228945408	1.2247875394798686	1.3265248764737394	1.8499416036964508e-35	0.3498313297095778	0.29253151059726507	0.407651730846503
K562_skew	[-0.2,-0.05)	pELS	3	all	1601	52402	271223115	11777645	1.4205362887614978	1.3516053130743828	1.4938621388278743	2.0497238851224055e-48	0.5064356868231523	0.4346739267677987	0.5790470150572448
K562_skew	[-0.2,-0.05)	pELS	4	all	1041	35089	271223115	11777645	1.462404403581242	1.3749577543378781	1.5568041833981214	1.1757723197290377e-37	0.548342319747717	0.45938729242381204	0.6385874920042821
K562_skew	[-0.2,-0.05)	pELS	5	all	906	29825	271223115	11777645	1.4280253828289469	1.3366715738657897	1.527209559129185	5.623752501761123e-29	0.5140216231737285	0.41864503240206496	0.6108980380176039
K562_skew	[-0.2,-0.05)	pELS	6	all	1372	48093	271223115	11777645	1.5211817985362124	1.4416733687879972	1.606150391820086	2.6471528069227684e-60	0.6051925818416976	0.5277443389147253	0.6836069858656539
K562_skew	[-0.5,-0.2)	Other cCREs	0	all	21723	403767	271223115	11777645	0.8068072834936534	0.7958271258185255	0.8179190345664171	1.421455481305366e-195	-0.3097039868750801	-0.3294730206648197	-0.2899700563789316
K562_skew	[-0.5,-0.2)	Other cCREs	1	all	1269	26581	271223115	11777645	0.9088945768706824	0.8590881412481823	0.962276505296658	0.0010160583202066303	-0.13781512967173803	-0.21912193742564975	-0.055476590183120976
K562_skew	[-0.5,-0.2)	Other cCREs	2	all	244	4934	271223115	11777645	0.8746859911945305	0.7692339408859952	0.9985018575038016	0.04353350187842968	-0.19316290680264828	-0.3785056748153473	-0.002162983383331906
K562_skew	[-0.5,-0.2)	Other cCREs	3	all	94	2573	271223115	11777645	1.176570613762858	0.9585657288923023	1.4596146373780476	0.13265678008196885	0.23458790880561334	-0.06105073394254748	0.5455875238117078
K562_skew	[-0.5,-0.2)	Other cCREs	4	all	71	1863	271223115	11777645	1.1242060461376833	0.8882655639471537	1.4432352109510953	0.362330617162858	0.16890647906246983	-0.17093703260003743	0.5293064419077411
K562_skew	[-0.5,-0.2)	Other cCREs	5	all	52	1333	271223115	11777645	1.0929799164606033	0.8305419122871494	1.4668862074352491	0.5903648910966774	0.12826689168786665	-0.26787512101264394	0.5527569593982877
K562_skew	[-0.5,-0.2)	Other cCREs	6	all	70	1779	271223115	11777645	1.0886641183104167	0.8586436103992966	1.4003509330645285	0.5220614975127036	0.12255891310690183	-0.2198686459439168	0.485788417132808
K562_skew	[-0.5,-0.2)	PLS	0	all	494	11966	271223115	11777645	1.0498153044370688	0.9594933238860106	1.1509017406744169	0.3021620261959071	0.07013553473841053	-0.0596553266428954	0.20276466727297596
K562_skew	[-0.5,-0.2)	PLS	1	all	275	8403	271223115	11777645	1.3222498412047614	1.1727026440249377	1.496097239916708	2.1953844479529483e-6	0.40299480211918876	0.22983724322586954	0.5812039472753273
K562_skew	[-0.5,-0.2)	PLS	2	all	185	7183	271223115	11777645	1.6772316916975487	1.4498875820226553	1.9506537859977782	5.5319795606130456e-14	0.7460819956254219	0.5359410442775796	0.9639577423001091
K562_skew	[-0.5,-0.2)	PLS	3	all	193	6906	271223115	11777645	1.5460591526468586	1.3403339768396967	1.7924601254698223	1.8541998390923495e-10	0.6285955182263478	0.4225925280681118	0.8419410255231062
K562_skew	[-0.5,-0.2)	PLS	4	all	172	6428	271223115	11777645	1.6137491058995	1.3874255918170761	1.8877676159200996	2.5116740105454033e-11	0.6904162962049897	0.4724104012320981	0.9166811799571638
K562_skew	[-0.5,-0.2)	PLS	5	all	190	7767	271223115	11777645	1.7661053354388911	1.529817778458203	2.0495267450898766	2.2948489083936842e-17	0.8205713919010805	0.6133598190807259	1.0352908163970764
K562_skew	[-0.5,-0.2)	PLS	6	all	945	39666	271223115	11777645	1.8209684035677187	1.7071625574963898	1.9443649565592938	8.60739060386193e-90	0.8647058896889226	0.7716004395770777	0.9592990376686137
K562_skew	[-0.5,-0.2)	dELS	0	all	46083	930630	271223115	11777645	0.8764953788108165	0.8683143010785497	0.8847725016416321	5.557209155792943e-161	-0.1901816102736765	-0.20371074976114506	-0.17662154697493013
K562_skew	[-0.5,-0.2)	dELS	1	all	10039	219532	271223115	11777645	0.9494430903101571	0.930654261399579	0.9687617401884533	4.6698839691743756e-7	-0.0748465671696781	-0.10368278962121422	-0.04578620583606213
K562_skew	[-0.5,-0.2)	dELS	2	all	2746	64880	271223115	11777645	1.025636156150945	0.9872070881586159	1.065964898241404	0.19696892335094168	0.036519026449392804	-0.018575341795318646	0.09215993156159266
K562_skew	[-0.5,-0.2)	dELS	3	all	1189	28479	271223115	11777645	1.0392657637382194	0.9806815923305376	1.1022598847357854	0.1957836549773156	0.055564631141958365	-0.028143296598790047	0.14046441466775014
K562_skew	[-0.5,-0.2)	dELS	4	all	636	16885	271223115	11777645	1.1511269210984487	1.0635099274825632	1.2478281668602011	4.0329276828149515e-4	0.2030469110933826	0.08883350040062135	0.3194192804448014
K562_skew	[-0.5,-0.2)	dELS	5	all	501	13316	271223115	11777645	1.1519610841563923	1.0536691202803847	1.2618254381093708	0.0016159565844400144	0.2040919801110374	0.07542189403933988	0.33551234059544227
K562_skew	[-0.5,-0.2)	dELS	6	all	667	19890	271223115	11777645	1.2930653903107812	1.197067194921855	1.3987758339851983	1.1943586409879346e-11	0.3707952340744649	0.2595041372936687	0.48416477657657897
K562_skew	[-0.5,-0.2)	non-cCRE	0	all	175655	3162420	271223115	11777645	0.7792139044518386	0.775478192979467	0.7830239257812496	0	-0.3599086734928562	-0.36684188270752693	-0.3528717042566155
K562_skew	[-0.5,-0.2)	pELS	0	all	5026	104280	271223115	11777645	0.9007618596148979	0.8756051696076296	0.9268018686525871	1.0158888384673966e-12	-0.1507823532922339	-0.19164762261465013	-0.10966714186600143
K562_skew	[-0.5,-0.2)	pELS	1	all	1730	45261	271223115	11777645	1.1354749342069976	1.0822115865146702	1.1920072776593427	1.2960227452123516e-7	0.18329585866972214	0.1139825924852781	0.25339304403077195
K562_skew	[-0.5,-0.2)	pELS	2	all	826	24642	271223115	11777645	1.2939877145776035	1.207290789740559	1.3885028911400834	3.777798846747955e-14	0.371823920110865	0.2717732074843121	0.47353018113883916
K562_skew	[-0.5,-0.2)	pELS	3	all	533	18564	271223115	11777645	1.5097256627748346	1.3851806698776759	1.6484994611746087	1.4864526935183713e-23	0.5942864164961862	0.4700741600559511	0.7211534154518264
K562_skew	[-0.5,-0.2)	pELS	4	all	418	13137	271223115	11777645	1.3616150157464235	1.2353109816878638	1.5042189526063832	7.935866337168089e-11	0.445318852112608	0.30487427683953766	0.5890145795478514
K562_skew	[-0.5,-0.2)	pELS	5	all	310	11917	271223115	11777645	1.6641236584474755	1.4867993536268305	1.8683234605296182	7.657185954827642e-22	0.7347626418927107	0.5722099661132439	0.9017442486792553
K562_skew	[-0.5,-0.2)	pELS	6	all	532	21284	271223115	11777645	1.7341878131874657	1.5912548892032945	1.8933791231372228	9.087631437926514e-43	0.794260151432447	0.6701649468798213	0.9209633198138238
K562_skew	[-1.0,-0.5)	Other cCREs	0	all	5937	107321	271223115	11777645	0.7847547282733421	0.7645019617107509	0.8056733818420332	6.956847960534746e-69	-0.3496862785843332	-0.3874078913434787	-0.3117330029054231
K562_skew	[-1.0,-0.5)	Other cCREs	1	all	478	10373	271223115	11777645	0.9404328700266831	0.8580543454650637	1.0328178654690952	0.18626117234136275	-0.08860312991201431	-0.2208590701811824	0.04658586141299412
K562_skew	[-1.0,-0.5)	Other cCREs	2	all	74	2181	271223115	11777645	1.2633600726311685	1.003506758867338	1.6123996000447403	0.045127174341905	0.33726588296080895	0.005050333642785122	0.6892093304415822
K562_skew	[-1.0,-0.5)	Other cCREs	3	all	50	1235	271223115	11777645	1.0523986882333658	0.7952681107345777	1.4214074655959423	0.7801587228369155	0.07368135536444687	-0.330486773083971	0.5073201818355755
K562_skew	[-1.0,-0.5)	Other cCREs	4	all	34	814	271223115	11777645	1.0111635671309211	0.7210364123747242	1.4619813991832042	1.0000000000000004	0.016016388340423904	-0.47185597741018814	0.5479249559710205
K562_skew	[-1.0,-0.5)	Other cCREs	5	all	15	633	271223115	11777645	1.7206989559845194	1.0513303580919873	3.0290500367406894	0.029959339990742427	0.7829947134741869	0.07221607661841885	1.5988654101443183
K562_skew	[-1.0,-0.5)	Other cCREs	6	all	25	794	271223115	11777645	1.3277839279905714	0.8993673878851911	2.045437590284009	0.1624349813887179	0.40902039414049113	-0.15301752374381966	1.0324095188630371
K562_skew	[-1.0,-0.5)	PLS	0	all	195	3904	271223115	11777645	0.8651596888126476	0.7493666574267339	1.0038057817682595	0.05049858381214283	-0.20896164884884416	-0.41625630755292836	0.0054801609374684436
K562_skew	[-1.0,-0.5)	PLS	1	all	115	3346	271223115	11777645	1.2529440567683696	1.041077286802095	1.5210879216535012	0.015263588270049828	0.32532200059383304	0.05807717444638585	0.6051035458747116
K562_skew	[-1.0,-0.5)	PLS	2	all	74	2779	271223115	11777645	1.6096074581113655	1.279727385407982	2.0525935960096287	1.5417083222389224e-5	0.6867088949947417	0.35583651209367945	1.0374480088095455
K562_skew	[-1.0,-0.5)	PLS	3	all	52	2784	271223115	11777645	2.281832001226822	1.739348331290229	3.054140571815284	1.3376151128111193e-11	1.190192577814612	0.7985468834791011	1.6107664660619334
K562_skew	[-1.0,-0.5)	PLS	4	all	62	2753	271223115	11777645	1.8982841641780497	1.478958280486772	2.4772675459915594	3.8463975737765996e-8	0.9246959731620954	0.5645813564371464	1.3087496887017906
K562_skew	[-1.0,-0.5)	PLS	5	all	59	3209	271223115	11777645	2.3232103884546103	1.800027116663869	3.051781279939561	1.3339412501702133e-13	1.2161198096078198	0.8480186403226259	1.6096515684457677
K562_skew	[-1.0,-0.5)	PLS	6	all	279	16656	271223115	11777645	2.583371911750433	2.2954422519407394	2.9176589489125324	2.0008392248356204e-76	1.369255354107833	1.198772137610424	1.5448112535543608
K562_skew	[-1.0,-0.5)	dELS	0	all	12294	238850	271223115	11777645	0.8434511559451046	0.8282857057975339	0.858975636162468	5.587688595114936e-72	-0.24562357008062793	-0.2717996034428735	-0.2193108832978589
K562_skew	[-1.0,-0.5)	dELS	1	all	3271	73643	271223115	11777645	0.9773515887056676	0.9437172831165632	1.0125101835717225	0.1998196177773691	-0.033050449750281916	-0.08357337018867142	0.01793641833260974
K562_skew	[-1.0,-0.5)	dELS	2	all	991	24264	271223115	11777645	1.0621915233100887	0.9968035278363375	1.1329323023649314	0.06301100459938165	0.0870439213374868	-0.004618920603514556	0.1800616564273159
K562_skew	[-1.0,-0.5)	dELS	3	all	417	11684	271223115	11777645	1.2139152933097366	1.1009684959635526	1.3415227246986605	6.758331800009577e-5	0.27966775422487794	0.13877318700634467	0.42387149331060914
K562_skew	[-1.0,-0.5)	dELS	4	all	255	6994	271223115	11777645	1.1865389815013527	1.0472710552220688	1.3493878611438146	0.006797967336163097	0.2467594983362219	0.0666348896559582	0.43230508877671275
K562_skew	[-1.0,-0.5)	dELS	5	all	178	5549	271223115	11777645	1.3464048268023576	1.160085948923488	1.5712831759639798	4.6619918713257395e-5	0.42911225378832984	0.2142316962943664	0.6519432059303787
K562_skew	[-1.0,-0.5)	dELS	6	all	225	8075	271223115	11777645	1.55176863793816	1.3594649586716245	1.7789861943716079	3.891032449110053e-12	0.6339134739032752	0.44303896518966623	0.8310553147709522
K562_skew	[-1.0,-0.5)	non-cCRE	0	all	37355	603387	271223115	11777645	0.7007480433854575	0.6934165690308065	0.7081487290352529	0	-0.5130322838879425	-0.5282057850657051	-0.4978757005290846
K562_skew	[-1.0,-0.5)	pELS	0	all	1264	26216	271223115	11777645	0.8999531255613287	0.8505490956605083	0.9529544309037525	3.0576546195411076e-4	-0.15207823486875766	-0.23353358090150325	-0.06952086698615008
K562_skew	[-1.0,-0.5)	pELS	1	all	542	13781	271223115	11777645	1.10216480731255	1.0115006934853306	1.2030311745561355	0.026562081977203104	0.1403399670260757	0.016497309008904098	0.26667402804582857
K562_skew	[-1.0,-0.5)	pELS	2	all	261	7799	271223115	11777645	1.292793768131078	1.1429128736021898	1.4677865569374553	2.5034594788023333e-5	0.3704921487561364	0.19271542838792743	0.553642189137305
K562_skew	[-1.0,-0.5)	pELS	3	all	167	6003	271223115	11777645	1.5519199701184219	1.331181304579792	1.81997035127024	2.3158808331513934e-9	0.6340541621060782	0.4127070771888336	0.8639149479933107
K562_skew	[-1.0,-0.5)	pELS	4	all	123	4501	271223115	11777645	1.576598303691776	1.3188013918637673	1.9000799127931551	1.0677758321141785e-7	0.65681512741236725	0.39922731474293904	0.9260600961172488
K562_skew	[-1.0,-0.5)	pELS	5	all	101	4529	271223115	11777645	1.9285786484496197	1.5848868810874734	2.370478669686708	4.3516531743348013e-13	0.9475379810274019	0.6643798738549463	1.2451784112985798
K562_skew	[-1.0,-0.5)	pELS	6	all	161	8444	271223115	11777645	2.263726838868856	1.9377165694612881	2.661114107885198	4.570808564653862e-32	1.1786998804377375	0.9543575626330572	1.4120303740769906
K562_skew	[-1.5,-1.0)	Other cCREs	0	all	1275	23834	271223115	11777645	0.8111255670013309	0.7666680702941503	0.8587861659146839	1.5704446846991228e-12	-0.3020028254910837	-0.383325998241215	-0.21962914370818126
K562_skew	[-1.5,-1.0)	Other cCREs	1	all	133	3001	271223115	11777645	0.9728239744899161	0.8180822504820069	1.165426292638958	0.7541919173150398	-0.03974931157100513	-0.2896821950001555	0.22085776413487895
K562_skew	[-1.5,-1.0)	Other cCREs	2	all	28	776	271223115	11777645	1.1634710109659498	0.8036008084002779	1.7490225088455553	0.4802879442415892	0.21843526501340982	-0.3154490795039557	0.8065488559782057
K562_skew	[-1.5,-1.0)	Other cCREs	3	all	10	528	271223115	11777645	2.088311403728317	1.1576274012356473	4.209010577339652	0.009485536245161784	1.0623368589942856	0.21117097622114772	2.073481135209091
K562_skew	[-1.5,-1.0)	Other cCREs	4	all	13	390	271223115	11777645	1.2127784582207437	0.7141532063625381	2.2390580022779583	0.6172698330576565	0.2783160332142262	-0.48569448793113223	1.1628919013548298
K562_skew	[-1.5,-1.0)	Other cCREs	5	all	6	307	271223115	11777645	1.9106832404639862	0.916235810641872	4.791959434958889	0.0898220567667902	0.934088623270823	-0.12620914387842017	2.2606156954323438
K562_skew	[-1.5,-1.0)	Other cCREs	6	all	11	403	271223115	11777645	1.4619562571949598	0.8277428792141647	2.8530414866122373	0.21957703436878992	0.5479001454408233	-0.27274540021839466	1.5125007255717786
K562_skew	[-1.5,-1.0)	PLS	0	all	44	1043	271223115	11777645	1.007441483056077	0.7474941045046557	1.389827883800118	0.999999999999999	0.010696042667312222	-0.41986589408556657	0.4749062307453201
K562_skew	[-1.5,-1.0)	PLS	1	all	17	942	271223115	11777645	2.274950049318007	1.431545355151644	3.855835940481485	1.317986759608925e-4	1.185834868655361	0.5175733794646069	1.947043668557231
K562_skew	[-1.5,-1.0)	PLS	2	all	16	719	271223115	11777645	1.8391607280982258	1.1405870706077055	3.1750162222768714	0.009474822776752044	0.8790475653929375	0.18977658390489122	1.6667639631410571
K562_skew	[-1.5,-1.0)	PLS	3	all	16	734	271223115	11777645	1.8774771554103882	1.1645071005591323	3.240773686493057	0.007741872867631012	0.9087953535575745	0.2197194363802231	1.6963382762021277
K562_skew	[-1.5,-1.0)	PLS	4	all	9	729	271223115	11777645	3.16997247238388	1.7138582714705428	6.637305282116178	1.8843079050743137e-5	1.6644703122486892	0.7772478098583505	2.7305976323543115
K562_skew	[-1.5,-1.0)	PLS	5	all	15	913	271223115	11777645	2.4806124432357994	1.5192303189432572	4.35847064718376	4.994549561579759e-5	1.3106963543771195	0.6033406024329961	2.1238219935387095
K562_skew	[-1.5,-1.0)	PLS	6	all	51	4580	271223115	11777645	3.8255527628893793	2.9121471187109322	5.130387752755575	3.8753453682827174e-34	1.935668221181109	1.5420832408639895	2.3590678682956954
K562_skew	[-1.5,-1.0)	dELS	0	all	2475	49344	271223115	11777645	0.8653912592287942	0.8311265532304238	0.9014028374861452	6.126819419934773e-12	-0.20857554580649978	-0.2668599261745999	-0.14975610343099832
K562_skew	[-1.5,-1.0)	dELS	1	all	830	19254	271223115	11777645	1.0061773121502193	0.9386403374017092	1.0798330152174507	0.8876027539559019	0.00888456440670502	-0.09135563439444952	0.11080823207052436
K562_skew	[-1.5,-1.0)	dELS	2	all	255	7056	271223115	11777645	1.1970562735670578	1.0565733535566422	1.3613703893816773	0.004099760704444456	0.25949097491118245	0.07939293115241183	0.4450596357072796
K562_skew	[-1.5,-1.0)	dELS	3	all	129	3779	271223115	11777645	1.2626489990580416	1.0599248039647136	1.515699309115416	0.008163243768403466	0.3364536433245763	0.08396191686835498	0.5999835739079157
K562_skew	[-1.5,-1.0)	dELS	4	all	79	2502	271223115	11777645	1.3586431740261218	1.0874301527749481	1.719363614396086	0.0057386803896347415	0.4421666049957451	0.12092273753021324	0.7818746810649666
K562_skew	[-1.5,-1.0)	dELS	5	all	47	2071	271223115	11777645	1.8745013076306667	1.4084971954134093	2.5506030755628855	2.658910170774187e-6	0.9065068320339096	0.49415669103467935	1.3508384044394581
K562_skew	[-1.5,-1.0)	dELS	6	all	73	3431	271223115	11777645	2.013976306732782	1.5998541395229007	2.571101427274107	3.3678215558268775e-11	1.01004671097122	0.6779403790005443	1.3623865241113087
K562_skew	[-1.5,-1.0)	non-cCRE	0	all	6426	103200	271223115	11777645	0.6971755244306714	0.6797834656814079	0.7150858335450554	3.308233465816068e-156	-0.5204061728740075	-0.5568528231365422	-0.4838116723004115
K562_skew	[-1.5,-1.0)	pELS	0	all	279	5211	271223115	11777645	0.808308038172139	0.7165754731010828	0.914847080070927	7.22007013743658e-4	-0.30702290035906016	-0.48080943096612627	-0.1283974829231862
K562_skew	[-1.5,-1.0)	pELS	1	all	108	3091	271223115	11777645	1.2318183560441107	1.0174782262382451	1.5051759372653832	0.03347975520452146	0.30078953188113255	0.024997921534061256	0.5899321308289618
K562_skew	[-1.5,-1.0)	pELS	2	all	54	1777	271223115	11777645	1.4037948016085422	1.0734759869172366	1.870955757739893	0.011754758561484615	0.48933206645636934	0.1022899192424288	0.903775443750308
K562_skew	[-1.5,-1.0)	pELS	3	all	20	1440	271223115	11777645	2.9797377969146237	1.9418399478198565	4.8290725199261235	3.931197862308869e-9	1.575185385810292	0.9574242944737312	2.271746129145729
K562_skew	[-1.5,-1.0)	pELS	4	all	33	1161	271223115	11777645	1.484095973510448	1.0559117425451034	2.1535030711625325	0.020304908038353085	0.5695843911706446	0.07848925333871798	1.1066853810433406
K562_skew	[-1.5,-1.0)	pELS	5	all	20	1163	271223115	11777645	2.4069474379072058	1.567137352957194	3.9035131474443325	5.731686884413764e-6	1.2672046370768082	0.6481316314672051	1.9647731288314185
K562_skew	[-1.5,-1.0)	pELS	6	all	50	2348	271223115	11777645	2.0000954461892904	1.5160289902633417	2.694220102863914	6.856465078784061e-8	1.0000688482291682	0.6002973417077275	1.4298677158110615
K562_skew	[0.05,0.2)	Other cCREs	0	all	79967	1896073	271223115	11777645	1.0298140677734668	1.0225533838122332	1.0371818441118692	3.803627583672187e-16	0.042383883315975195	0.03217616302106768	0.052668857120441864
K562_skew	[0.05,0.2)	Other cCREs	1	all	3423	81283	271223115	11777645	1.0308775173736853	0.996193110628145	1.067043082780653	0.08222411906727081	0.04387293059673189	-0.0055026610872400275	0.09361842738932173
K562_skew	[0.05,0.2)	Other cCREs	2	all	644	14432	271223115	11777645	0.971682692735333	0.89793132863921	1.0530607142669821	0.4754071459795952	-0.04144282257244533	-0.15532297911909068	0.07458861741469565
K562_skew	[0.05,0.2)	Other cCREs	3	all	364	8275	271223115	11777645	0.984596116771144	0.8864806348144398	1.0964147231981636	0.7669912435696761	-0.02239604526589154	-0.17383897911853097	0.13279360662761916
K562_skew	[0.05,0.2)	Other cCREs	4	all	258	6318	271223115	11777645	1.0594515081475373	0.9355195428137455	1.20424726666676	0.3872708650160984	0.08331755603846143	-0.09616030349935027	0.2681316493799158
K562_skew	[0.05,0.2)	Other cCREs	5	all	190	4660	271223115	11777645	1.0596881581537305	0.9167535051399123	1.2311682668223467	0.450429951890335	0.08363977528357275	-0.12539421790100547	0.3000279520094057
K562_skew	[0.05,0.2)	Other cCREs	6	all	284	6444	271223115	11777645	0.9819925344417879	0.8720232113912142	1.1095995201414917	0.7601748367661268	-0.026216038335938968	-0.19756155792034724	0.15003906886496082
K562_skew	[0.05,0.2)	PLS	0	all	1523	35084	271223115	11777645	0.9997246284245441	0.9496732424900013	1.05299670663438	0.9895589255054158	-3.973319157809199e-4	-0.07449688937016487	0.07450092417970008
K562_skew	[0.05,0.2)	PLS	1	all	711	18202	271223115	11777645	1.1101917128580145	1.0300315227468642	1.1981408878838231	0.005968698451026466	0.15080882910452356	0.04268848984992723	0.2607975628014925
K562_skew	[0.05,0.2)	PLS	2	all	395	12709	271223115	11777645	1.3937658078880288	1.2609635970788278	1.5442018535660726	8.347200123491065e-12	0.47898816796197174	0.33452662691758345	0.6268613498240393
K562_skew	[0.05,0.2)	PLS	3	all	339	11016	271223115	11777645	1.4070946154976454	1.2630367290784594	1.5721275655177507	7.167055674348222e-11	0.4927193411685098	0.3368965932734343	0.6527182854546857
K562_skew	[0.05,0.2)	PLS	4	all	332	9897	271223115	11777645	1.2907433146592417	1.1571003141631542	1.443996423430563	2.2231961956032006e-6	0.36820212575146233	0.21051394350521574	0.5300671688834078
K562_skew	[0.05,0.2)	PLS	5	all	362	11898	271223115	11777645	1.4234537540198828	1.2821586774086373	1.584507615682089	3.0600913529940563e-12	0.509395622739494	0.35857481807554886	0.6640345938194706
K562_skew	[0.05,0.2)	PLS	6	all	1832	58179	271223115	11777645	1.3783847053682963	1.3157691159493217	1.4447848867128377	6.4069397841032e-46	0.4629785985416257	0.39590635495605436	0.5308547065841769
K562_skew	[0.05,0.2)	dELS	0	all	170417	4291145	271223115	11777645	1.0949296776987711	1.0896004161575004	1.1002842785358777	8.193372835240035e-299	0.13083821512952873	0.12379915947973572	0.13787631852034243
K562_skew	[0.05,0.2)	dELS	1	all	27749	698784	271223115	11777645	1.0937260381316778	1.0806497959785213	1.1069790411155425	1.1132495403582938e-49	0.12925141004459575	0.11189906751112408	0.1466279072460099
K562_skew	[0.05,0.2)	dELS	2	all	6752	174003	271223115	11777645	1.118985014498824	1.0920748838633378	1.146728759426547	3.129530999747566e-20	0.16219071580224623	0.12707178562975777	0.19752418498360858
K562_skew	[0.05,0.2)	dELS	3	all	2724	69766	271223115	11777645	1.1118005847460093	1.0700186286280886	1.1555701610510054	3.663960757723739e-8	0.15289804597748122	0.09763591363148301	0.20860485645413213
K562_skew	[0.05,0.2)	dELS	4	all	1599	41050	271223115	11777645	1.1141473308758139	1.0598212049281281	1.1719258992095065	1.7658283689295145e-5	0.15594002214798636	0.08382089825969657	0.2288813511401161
K562_skew	[0.05,0.2)	dELS	5	all	1279	32162	271223115	11777645	1.0911461309925305	1.031803174229502	1.154728276200904	0.0020635688580202087	0.12584432653822744	0.04516778990339598	0.20755340515033632
K562_skew	[0.05,0.2)	dELS	6	all	1928	51240	271223115	11777645	1.1535292543946787	1.102210426147269	1.2077882803823703	3.4259300762604636e-10	0.20605459234767912	0.14039967924351535	0.2723675791559156
K562_skew	[0.05,0.2)	non-cCRE	0	all	943564	22409451	271223115	11777645	1.0341366439590143	1.0319353124287949	1.0363736350924817	8.139554403664499e-208	0.04842682640465673	0.0453525372697167	0.05154421954501916
K562_skew	[0.05,0.2)	pELS	0	all	18683	471928	271223115	11777645	1.0969976667420878	1.081063430989845	1.1132031416039574	2.983871202360659e-36	0.13356045720582876	0.1124511751444707	0.15471688526082694
K562_skew	[0.05,0.2)	pELS	1	all	5319	146206	271223115	11777645	1.1935127013584936	1.1612896694151742	1.2268863430128087	9.411559793622025e-39	0.255213919657568	0.21572787961420448	0.29500160599622866
K562_skew	[0.05,0.2)	pELS	2	all	2272	68562	271223115	11777645	1.3099344901842371	1.2562905691385655	1.366390456619207	8.518508987787952e-40	0.38949466439667163	0.3291701857044861	0.4503698037857481
K562_skew	[0.05,0.2)	pELS	3	all	1431	47136	271223115	11777645	1.4294714874426881	1.3562185749645397	1.5077088477872362	4.5554857483161134e-45	0.5154818439387365	0.4395897091567006	0.5923578580442291
K562_skew	[0.05,0.2)	pELS	4	all	891	30993	271223115	11777645	1.5089116728884937	1.4116591286962268	1.6145870454687588	3.2359869209067776e-38	0.5935083573454912	0.4973917651610353	0.6911652214913294
K562_skew	[0.05,0.2)	pELS	5	all	780	25791	271223115	11777645	1.434103199032285	1.3355314846821327	1.5418845523170919	9.419867061886905e-26	0.5201488450823915	0.41741398739897523	0.6246947483691334
K562_skew	[0.05,0.2)	pELS	6	all	1155	40405	271223115	11777645	1.517904522021323	1.4316390628941273	1.6107430408356747	1.7893332408053615e-50	0.602081046393405	0.5176678139652768	0.6877263616545485
K562_skew	[0.2,0.5)	Other cCREs	0	all	17566	391994	271223115	11777645	0.9689255189991377	0.9543706158290648	0.9837547794446326	4.670081327763076e-5	-0.04554232450028988	-0.06737847038973385	-0.023629355104016186
K562_skew	[0.2,0.5)	Other cCREs	1	all	1019	22493	271223115	11777645	0.9576111992797002	0.8993408063795627	1.0206401139534846	0.17535365464340244	-0.062488070163585735	-0.15306016435275724	0.02947424981812118
K562_skew	[0.2,0.5)	Other cCREs	2	all	171	3956	271223115	11777645	0.9990090513668437	0.8574336260045625	1.1706565961459994	0.9689212702978554	-0.001430345495392576	-0.22190309840105027	0.2273179334863545
K562_skew	[0.2,0.5)	Other cCREs	3	all	98	2010	271223115	11777645	0.8820813382506486	0.7206941996018376	1.0905333384236062	0.2300213015861925	-0.18101639955771104	-0.4725408608073264	0.12503387492430018
K562_skew	[0.2,0.5)	Other cCREs	4	all	69	1571	271223115	11777645	0.9751770426484682	0.7673799178079771	1.257462788203023	0.8048207612659658	-0.03626393206198985	-0.3819870845178584	0.33051570733155683
K562_skew	[0.2,0.5)	Other cCREs	5	all	53	1087	271223115	11777645	0.8749175249184191	0.6655421329291937	1.1722992481355563	0.33486596575362326	-0.19278106879863616	-0.5873980943490934	0.22934088775868477
K562_skew	[0.2,0.5)	Other cCREs	6	all	87	1554	271223115	11777645	0.76732518501326	0.6187712493309447	0.962326590330821	0.01871029154293413	-0.3820899873249198	-0.6925219301160623	-0.055401502046153676
K562_skew	[0.2,0.5)	PLS	0	all	450	9783	271223115	11777645	0.9420146909069547	0.857077501677396	1.0376116114378262	0.21587818127756475	-0.08617853575700812	-0.22250242820397373	0.05326652933412983
K562_skew	[0.2,0.5)	PLS	1	all	218	6244	271223115	11777645	1.2382919300451136	1.0820459244231286	1.423420128671365	0.0014830119624996655	0.30835147317823697	0.11376173163374892	0.5093615424636856
K562_skew	[0.2,0.5)	PLS	2	all	161	4934	271223115	11777645	1.3228401133029866	1.1310450678970052	1.5566368373127528	2.9953678240498584e-4	0.4036386990434271	0.17765641645073027	0.6384324035564202
K562_skew	[0.2,0.5)	PLS	3	all	126	4496	271223115	11777645	1.5376451312065442	1.2888995558899672	1.848992126360403	4.272144923674988e-7	0.6207225861854976	0.3661398386679733	0.8867390812672651
K562_skew	[0.2,0.5)	PLS	4	all	118	4037	271223115	11777645	1.4735183448777707	1.2277962986237358	1.7833959430057866	1.112166982427537e-5	0.5592650217102588	0.29607122573865924	0.8346270403692971
K562_skew	[0.2,0.5)	PLS	5	all	142	4775	271223115	11777645	1.4503227214248808	1.2279246312964962	1.7249329841469685	4.0026606685545904e-6	0.5363739600986499	0.2962220123435117	0.7865403124317094
K562_skew	[0.2,0.5)	PLS	6	all	666	21484	271223115	11777645	1.3987917259202913	1.2949497259637723	1.513128011308458	2.734596976231508e-19	0.48418116739857564	0.37289608902329124	0.597534045365364
K562_skew	[0.2,0.5)	dELS	0	all	38715	934971	271223115	11777645	1.0488412322751735	1.0382041728025773	1.0595997221706075	2.3742168295945707e-20	0.06879630732910014	0.054090191406708475	0.08351937054238935
K562_skew	[0.2,0.5)	dELS	1	all	7772	191307	271223115	11777645	1.068799248560553	1.044788498093377	1.0934719810370008	6.681470350251954e-9	0.09599089861103183	0.06321091968937773	0.12891625345700808
K562_skew	[0.2,0.5)	dELS	2	all	2200	53835	271223115	11777645	1.0621594564778618	1.0178040015409286	1.1089127979743845	0.0054023504691964154	0.08700036670807344	0.025459768457524325	0.14914592016481015
K562_skew	[0.2,0.5)	dELS	3	all	845	22664	271223115	11777645	1.1633833120712327	1.0861689910328056	1.2474820085121472	1.112605189364968e-5	0.21832651496463612	0.11924858155669044	0.31901900881506
K562_skew	[0.2,0.5)	dELS	4	all	496	13093	271223115	11777645	1.1440654235081835	1.0459636415940237	1.2538231590888664	0.0028301214814459128	0.19416955515128545	0.06483270339780267	0.3263338828317886
K562_skew	[0.2,0.5)	dELS	5	all	402	9975	271223115	11777645	1.0749406379673903	0.9729468979650674	1.1904844768248015	0.16120591726878963	0.10425699128010489	-0.03956702794166721	0.2515488088872165
K562_skew	[0.2,0.5)	dELS	6	all	598	14850	271223115	11777645	1.076620258706052	0.9920930310116577	1.1701575484525586	0.0763097250417604	0.10650947784112343	-0.011452682857755109	0.22670278542339237
K562_skew	[0.2,0.5)	non-cCRE	0	all	155011	3428063	271223115	11777645	0.9597965799519932	0.9548953144732152	0.9647387337166138	7.511486421065774e-55	-0.059199422586631134	-0.0665855162612182	-0.051789803911531505
K562_skew	[0.2,0.5)	pELS	0	all	4204	103947	271223115	11777645	1.073478873350213	1.0408609836443847	1.1073387185495058	5.465572494090628e-6	0.10229379845071399	0.057777396591768566	0.14709658871920622
K562_skew	[0.2,0.5)	pELS	1	all	1479	40298	271223115	11777645	1.1824287672735991	1.1226150590228203	1.246235512247296	9.021470405591056e-11	0.24175327430754553	0.16686331719338063	0.3175767330844774
K562_skew	[0.2,0.5)	pELS	2	all	659	20965	271223115	11777645	1.3794770997339996	1.276515892174312	1.4928524243202725	1.332643675505543e-17	0.46412150716279166	0.35221149890315817	0.5780715551413221
K562_skew	[0.2,0.5)	pELS	3	all	451	15209	271223115	11777645	1.4612769178749316	1.330671564525709	1.6081824185883018	3.857919621772476e-17	0.547229600583788	0.4121545301523743	0.6854310629011748
K562_skew	[0.2,0.5)	pELS	4	all	331	10375	271223115	11777645	1.3571558905483696	1.2165029470467583	1.518415625523852	1.0858638652746972e-8	0.4405864463306627	0.28273981529039355	0.602566743855868
K562_skew	[0.2,0.5)	pELS	5	all	296	8937	271223115	11777645	1.306834086382404	1.1640720151205994	1.471967013520739	2.6768954832553584e-6	0.38607599044685825	0.2191803130946003	0.5577453412568301
K562_skew	[0.2,0.5)	pELS	6	all	388	14505	271223115	11777645	1.6193538585195697	1.4640868389561705	1.7955169223180443	4.523657487994873e-24	0.6954182754177516	0.550001126310438	0.8443992501227469
K562_skew	[0.5,1.0)	Other cCREs	0	all	4397	90036	271223115	11777645	0.8889553142981926	0.8624497739524605	0.9164594691561762	6.881099084438851e-14	-0.16981719491071154	-0.2134876531580062	-0.12585701656669745
K562_skew	[0.5,1.0)	Other cCREs	1	all	289	5893	271223115	11777645	0.8825576087678966	0.7842622078120343	0.9964071198795335	0.041485510689778446	-0.1802376418053671	-0.3505920136775138	-0.0051927644184124626
K562_skew	[0.5,1.0)	Other cCREs	2	all	59	955	271223115	11777645	0.6919018642011259	0.5327304770534967	0.9138157456169247	0.007445976108389117	-0.531360666953666	-0.9085222762818992	-0.1300247935888174
K562_skew	[0.5,1.0)	Other cCREs	3	all	37	475	271223115	11777645	0.5439706143273733	0.39053801358252194	0.7783253505890129	8.045962628656553e-4	-0.8783993767007976	-1.3564651128764684	-0.3615547474346595
K562_skew	[0.5,1.0)	Other cCREs	4	all	20	322	271223115	11777645	0.6679164759145925	0.42956058994336693	1.093861684250646	0.07798421691631312	-0.5822603923644557	-1.219066455617449	0.12943032491177997
K562_skew	[0.5,1.0)	Other cCREs	5	all	8	238	271223115	11777645	1.153155194796599	0.5973415976250872	2.5526589673389175	0.8729605988437174	0.20558668792142257	-0.7433719033307971	1.3520008080179569
K562_skew	[0.5,1.0)	Other cCREs	6	all	10	308	271223115	11777645	1.2198279113685249	0.6722881709511268	2.4691361258347624	0.6730823343521344	0.2866776322742375	-0.5728483296110491	1.3040063758298719
K562_skew	[0.5,1.0)	PLS	0	all	127	2617	271223115	11777645	0.8881601811708956	0.7435453805449578	1.0690420783726682	0.19669613085033108	-0.17110820238779684	-0.42750729842108703	0.0963186398356134
K562_skew	[0.5,1.0)	PLS	1	all	67	1802	271223115	11777645	1.1513821760305891	0.90368114799009025	1.4893521751863807	0.2714444252651978	0.20336678390233626	-0.14611426843882747	0.5746849368073266
K562_skew	[0.5,1.0)	PLS	2	all	32	1558	271223115	11777645	2.0514705489497533	1.4545131970628575	2.99073959088462	7.416961985054159e-6	1.036658442951323	0.5405363863321794	1.5805022978544794
K562_skew	[0.5,1.0)	PLS	3	all	39	1399	271223115	11777645	1.5198585028178366	1.1104043091832747	2.1367971109036623	0.006737599044672055	0.6039370165733398	0.1510850717547461	1.0954499304642749
K562_skew	[0.5,1.0)	PLS	4	all	39	1228	271223115	11777645	1.3342147403234168	0.9740864128508808	1.8769209859460676	0.07833143197029026	0.4159908853133316	-0.037878332988837395	0.9083679173061552
K562_skew	[0.5,1.0)	PLS	5	all	29	1412	271223115	11777645	2.0452852918868727	1.4262403426324965	3.042951508842592	2.20590521837131e-5	1.0323020952370843	0.5122171177613711	1.605471343872316
K562_skew	[0.5,1.0)	PLS	6	all	151	5367	271223115	11777645	1.5335796038409082	1.3050812210471432	1.8138986986940513	3.674421930163839e-8	0.6169030548252421	0.3841395949603879	0.8590938875243158
K562_skew	[0.5,1.0)	dELS	0	all	9551	225057	271223115	11777645	1.0231519657953425	1.002424609109054	1.0444019571992669	0.02834354038897813	0.03302044030998276	0.003493737773001782	0.06267706636261751
K562_skew	[0.5,1.0)	dELS	1	all	2278	52103	271223115	11777645	0.9927907240857118	0.9519520017961243	1.0357995271668434	0.7311616737557194	-0.010438458849048872	-0.07103926139239285	0.05074480500425481
K562_skew	[0.5,1.0)	dELS	2	all	622	15390	271223115	11777645	1.0727843517689213	0.9901285948122918	1.164131500977908	0.08879950670481328	0.10136009855373308	-0.014312184796251196	0.21925403513029645
K562_skew	[0.5,1.0)	dELS	3	all	276	6416	271223115	11777645	1.005967993195248	0.8918368421070996	1.1386854168506089	0.9511998345007256	0.00858440375867614	-0.16514829574313566	0.18736923059673638
K562_skew	[0.5,1.0)	dELS	4	all	142	3793	271223115	11777645	1.152111213251684	0.9747835215502937	1.3711117431052382	0.10166227918774842	0.2042799867997343	-0.03684623198636	0.45534615292194697
K562_skew	[0.5,1.0)	dELS	5	all	109	2644	271223115	11777645	1.04415519824344	0.862665546150124	1.275317355288683	0.702690783950062	0.06233616314855413	-0.21312675730655004	0.3508562980097732
K562_skew	[0.5,1.0)	dELS	6	all	146	3636	271223115	11777645	1.0743810536421143	0.9108593670532267	1.2757792417107965	0.41563190704182285	0.10350576864793469	-0.13469976985763904	0.35137870963362317
K562_skew	[0.5,1.0)	non-cCRE	0	all	31449	665155	271223115	11777645	0.9182182421293283	0.9078573683963628	0.9286654516806658	3.7653042593144946e-48	-0.12309100070673157	-0.13946243841825648	-0.10676913027885833
K562_skew	[0.5,1.0)	pELS	0	all	1041	25610	271223115	11777645	1.0673168171753464	1.003142596494284	1.1365975352807838	0.03985310032390093	0.09398848237013205	0.00452669930273721	0.18472149201160573
K562_skew	[0.5,1.0)	pELS	1	all	395	10995	271223115	11777645	1.2057996538321643	1.0906774931938052	1.3363584589406705	1.901699946232741e-4	0.26999022031126374	0.12522456843212143	0.41830704192218277
K562_skew	[0.5,1.0)	pELS	2	all	188	6031	271223115	11777645	1.3859126664126011	1.1989810007839845	1.6104394007018077	4.0465336430661595e-6	0.47083634859837037	0.26180879779142174	0.6874543745041198
K562_skew	[0.5,1.0)	pELS	3	all	143	4531	271223115	11777645	1.3666675820648466	1.1575757874416601	1.6247138912174526	1.3706487489348825e-4	0.45066237533149617	0.21110665101202283	0.7001856848713216
K562_skew	[0.5,1.0)	pELS	4	all	88	3180	271223115	11777645	1.5520652465061135	1.2571920941810468	1.938219110410645	1.4098512042009482e-5	0.6341892075457998	0.3302051049285412	0.9547316727315857
K562_skew	[0.5,1.0)	pELS	5	all	81	2695	271223115	11777645	1.4277139507685979	1.1460079890582715	1.8010866268856287	0.0010241054010647881	0.5137069575559429	0.1966171014548312	0.8488675722340644
K562_skew	[0.5,1.0)	pELS	6	all	108	4137	271223115	11777645	1.6485476909642551	1.3629722117063652	2.0126850516703705	2.928448331349422e-8	0.7211956234489465	0.4467561487593389	1.0091214345831117
K562_skew	[1.0,1.5)	Other cCREs	0	all	893	16483	271223115	11777645	0.8006653350761381	0.748492348224445	0.8573842092811536	3.539647374538829e-10	-0.32072874902896154	-0.4179405270807222	-0.22198624806319145
K562_skew	[1.0,1.5)	Other cCREs	1	all	57	1082	271223115	11777645	0.810835127853135	0.6223804115268727	1.0751377736591767	0.11939605722988363	-0.3025195027750524	-0.6841314404722514	0.10452154599046484
K562_skew	[1.0,1.5)	Other cCREs	2	all	14	157	271223115	11777645	0.4574238631082602	0.2690557257347128	0.8366396417773521	0.006742272967043245	-1.1283964639652264	-1.8940230859903087	-0.25732173730625035
K562_skew	[1.0,1.5)	Other cCREs	3	all	10	82	271223115	11777645	0.3276578514737706	0.17396423525666582	0.6816740963200644	0.0018529292044264603	-1.6097379922862523	-2.5231373573270193	-0.5528459333501715
K562_skew	[1.0,1.5)	Other cCREs	6	all	3	49	271223115	11777645	0.5428304996404948	0.1992523937562458	2.069660298414991	0.28748178858734474	-0.8814263121484257	-2.327331038478288	1.0493939918744846
K562_skew	[1.0,1.5)	PLS	0	all	24	555	271223115	11777645	0.9657427767563086	0.6473283534740647	1.5054053486232533	0.8351421059352238	-0.05028911298342962	-0.627430398490167	0.5901520024069289
K562_skew	[1.0,1.5)	PLS	1	all	9	380	271223115	11777645	1.6544748099626063	0.8898263993835122	3.478227114054022	0.12752953377385076	0.7263733262115376	-0.1684041938397247	1.798352137826188
K562_skew	[1.0,1.5)	PLS	2	all	9	334	271223115	11777645	1.4547186003353083	0.7811931573726948	3.0616305804085817	0.28112531661793577	0.5407401062855393	-0.3562487824620873	1.6143002162260087
K562_skew	[1.0,1.5)	PLS	3	all	8	309	271223115	11777645	1.4957312797157714	0.7777677366763933	3.3016866900707575	0.26349471021930165	0.5808510066129713	-0.36258870467987064	1.7232032237862922
K562_skew	[1.0,1.5)	PLS	4	all	6	253	271223115	11777645	1.5756887422250838	0.7536975049171851	3.9590890819945113	0.27821103646413875	0.6559825764202255	-0.40794247818381374	1.9851685292790562
K562_skew	[1.0,1.5)	PLS	5	all	8	259	271223115	11777645	1.2544801876473024	0.6507064500136089	2.7743649526007954	0.6457142009840539	0.32708968604505684	-0.6199212406234726	1.4721575788207435
K562_skew	[1.0,1.5)	PLS	6	all	22	825	271223115	11777645	1.5595066081865305	1.032170000744842	2.4741322137062594	0.03145514108397187	0.6410896659392136	0.045680605483110516	1.3069225977119128
K562_skew	[1.0,1.5)	dELS	0	all	1981	43252	271223115	11777645	0.947609945085583	0.9058678413746303	0.991749155842007	0.019753352972457023	-0.07763475526831212	-0.14262750653742906	-0.011952830510825702
K562_skew	[1.0,1.5)	dELS	1	all	479	10525	271223115	11777645	0.952234205129196	0.8688950897832964	1.0456382106330888	0.29363553941197723	-0.07061164212843125	-0.20274609803894286	0.06438376744301656
K562_skew	[1.0,1.5)	dELS	2	all	152	3259	271223115	11777645	0.9252652131388243	0.7865833205021208	1.095318607076688	0.34557914273500834	-0.11206114348696342	-0.3463285006279035	0.13135058306021008
K562_skew	[1.0,1.5)	dELS	3	all	72	1307	271223115	11777645	0.7780666346256407	0.6144344903023617	0.9989535190316214	0.04281625450194643	-0.36203438012917266	-0.7026688931649158	-0.0015105434188589764
K562_skew	[1.0,1.5)	dELS	4	all	27	761	271223115	11777645	1.181760846518363	0.8110531577491319	1.7905054123719586	0.4233486512847252	0.24093810619979206	-0.30213162075579464	0.8403668796695418
K562_skew	[1.0,1.5)	dELS	5	all	24	478	271223115	11777645	0.8320085480373262	0.5567145559389827	1.2986814563964462	0.37064562098101067	-0.26532974422807526	-0.8449902902780982	0.37704760658742986
K562_skew	[1.0,1.5)	dELS	6	all	27	678	271223115	11777645	1.0530371775862022	0.7220129282925233	1.5967760035491247	0.9248081766996356	0.07455637176004404	-0.46990342478804237	0.6751619450383073
K562_skew	[1.0,1.5)	non-cCRE	0	all	5327	113097	271223115	11777645	0.9217527774767379	0.8967448513811097	0.9476249499988715	9.358501346291609e-9	-0.11754823635277824	-0.1572305378473156	-0.07761191111949786
K562_skew	[1.0,1.5)	pELS	0	all	226	5059	271223115	11777645	0.9679472745065586	0.8472855316597014	1.1105415069869458	0.629665255040269	-0.04699963094081221	-0.23907986123134023	0.15126331526684597
K562_skew	[1.0,1.5)	pELS	1	all	89	2143	271223115	11777645	1.0344613056511491	0.8375915210836268	1.2919884779161832	0.7912313482207841	0.04887968174771042	-0.25568125690770277	0.36959320398903206
K562_skew	[1.0,1.5)	pELS	2	all	27	1281	271223115	11777645	1.9882316660944168	1.3690161641737064	3.0039032500139493	9.788063902651019e-5	0.9914858675909244	0.45313948080733524	1.586838347148832
K562_skew	[1.0,1.5)	pELS	3	all	34	995	271223115	11777645	1.2357322274639813	0.8825113166382276	1.7844254051312411	0.24184597287605944	0.30536615751231294	-0.18031331638663664	0.8354595932353026
K562_skew	[1.0,1.5)	pELS	4	all	25	713	271223115	11777645	1.1924977737563922	0.8070308356631519	1.8382626755544549	0.460473547012817	0.25398657290281135	-0.3093042967146483	0.8783429329180232
K562_skew	[1.0,1.5)	pELS	5	all	13	570	271223115	11777645	1.7711030881183696	1.0469027994828952	3.260364888933859	0.02926727005957622	0.8246481874646192	0.0661275003263024	1.7050334350074248
K562_skew	[1.0,1.5)	pELS	6	all	22	784	271223115	11777645	1.4820961808823683	0.9805600246439595	2.3519042997411352	0.06377578155702208	0.5676390746204723	-0.028322147687065206	1.2338293573265589
K562_skew	[1.5,Inf)	Other cCREs	0	all	339	5542	271223115	11777645	0.7079460222249333	0.6343940558111816	0.7921706172592278	3.863672979605909e-9	-0.4982887295467259	-0.6565488416448194	-0.3361169042741521
K562_skew	[1.5,Inf)	Other cCREs	1	all	28	350	271223115	11777645	0.52557022714341	0.35952795093065265	0.7964683758221489	0.0018415702872961969	-0.9280445436737563	-1.475824159823592	-0.32831101493251963
K562_skew	[1.5,Inf)	PLS	0	all	10	173	271223115	11777645	0.6869025940813063	0.37450072362707076	1.40155345980217	0.1993899694666838	-0.5418225620726169	-1.4169595885606716	0.48702677449565623
K562_skew	[1.5,Inf)	PLS	1	all	5	126	271223115	11777645	0.9191586589801585	0.4107884286429559	2.551687474444264	0.8260567700729973	-0.12161418357170127	-1.2835325514360854	1.3514516415323805
K562_skew	[1.5,Inf)	PLS	2	all	3	108	271223115	11777645	1.1833112990390344	0.449163518096033	4.420614418971107	1	0.24282965989919447	-1.1546873407893714	2.1442469030099898
K562_skew	[1.5,Inf)	PLS	3	all	1	103	271223115	11777645	2.2580589099333106	0.609574625606344	18.89093595196935	0.3313029159960032	1.1750831247114486	-0.7141252449987157	4.239622276752024
K562_skew	[1.5,Inf)	PLS	4	all	1	71	271223115	11777645	1.5632811558260948	0.4173323802698979	13.155636768040544	0.7715325225128984	0.6445772701087265	-1.2607312331346392	3.717609175383645
K562_skew	[1.5,Inf)	PLS	6	all	2	184	271223115	11777645	2.6778268407307046	0.9021455393899541	13.104388009544538	0.09633924040526515	1.4210626730983749	-0.1485678986367277	3.7119780745581608
K562_skew	[1.5,Inf)	PLS	5	all	0	84	271223115	11777645	3.6910578777150915	0.6448578670670613	147.41494111070432	0.27119191108753077	1.8840343599725424	-0.6329468833031545	7.203738944695591
K562_skew	[1.5,Inf)	dELS	0	all	705	14686	271223115	11777645	0.9033539490616156	0.8375800579053205	0.9755801087723457	0.009219015394160389	-0.14663672456314253	-0.2557010015961907	-0.03566775174716177
K562_skew	[1.5,Inf)	dELS	1	all	183	3536	271223115	11777645	0.8347348461885143	0.7195821190366749	0.9734038000884226	0.01921357218992091	-0.2606100971076561	-0.4747687575164581	-0.03888968809710198
K562_skew	[1.5,Inf)	dELS	2	all	67	1068	271223115	11777645	0.6826637661707585	0.5339633294392854	0.8856753239603639	0.0036428867494318526	-0.5507529150804391	-0.9051874283540935	-0.1751501707772212
K562_skew	[1.5,Inf)	dELS	3	all	28	468	271223115	11777645	0.7022837764863288	0.4825065668347565	1.0602946697210254	0.07146314201203226	-0.5098739871448214	-1.0513795175315812	0.08446526428541358
K562_skew	[1.5,Inf)	dELS	4	all	12	264	271223115	11777645	0.8851862055663633	0.5087797078384801	1.6845505715509865	0.6505923138452393	-0.17594712603048154	-0.9748869635429943	0.752363739964959
K562_skew	[1.5,Inf)	dELS	5	all	12	148	271223115	11777645	0.4977074012309498	0.2823150150375788	0.9566818106889035	0.02665553553683728	-1.0066302539045877	-1.8246222337434364	-0.06388892615518939
K562_skew	[1.5,Inf)	dELS	6	all	6	170	271223115	11777645	1.0607914590267562	0.5038738988893023	2.678335855306569	1.0000000000000002	0.0851410647360753	-0.9888653695149097	1.4213368816496175
K562_skew	[1.5,Inf)	non-cCRE	0	all	2167	34807	271223115	11777645	0.6971623134195415	0.6675078012400162	0.7283879023499165	5.674471444944435e-54	-0.5204335112416906	-0.5831433970466977	-0.457221133809184
K562_skew	[1.5,Inf)	pELS	0	all	86	1721	271223115	11777645	0.8594997555884027	0.6927170955362136	1.078745793905774	0.175247863218447	-0.2184308654358578	-0.5296618164042896	0.10935493426113765
K562_skew	[1.5,Inf)	pELS	1	all	33	793	271223115	11777645	1.014082853910365	0.719596619770151	1.4748512865333343	1	0.020175530095052213	-0.4747396851910939	0.560569490747522
K562_skew	[1.5,Inf)	pELS	2	all	13	478	271223115	11777645	1.4857368853021253	0.87680598968763	2.7383368596562416	0.17422470008984026	0.5711786462400968	-0.18967044113371648	1.4532999323015325
K562_skew	[1.5,Inf)	pELS	3	all	13	381	271223115	11777645	1.1848623756411503	0.6975131000289505	2.1879986120427946	0.6154112183183483	0.24471949666734957	-0.5197077823622733	1.129611822956972
K562_skew	[1.5,Inf)	pELS	4	all	2	243	271223115	11777645	3.5318372446242874	1.1943378284728952	17.242691083461807	0.01552243707285949	1.820418861733958	0.25621097272145044	4.107913049696233
K562_skew	[1.5,Inf)	pELS	5	all	3	229	271223115	11777645	2.496892798149615	0.9620843329728707	9.242539628156177	0.06889392186700509	1.3201338817795565	-0.05576473370998157	3.208289324100572
K562_skew	[1.5,Inf)	pELS	6	all	3	268	271223115	11777645	2.920279385276232	1.1274105696671526	10.792285057800939	0.021669204377724204	1.546106399403583	0.17301299816822546	3.4319284548507207
SKNSH_skew	(-Inf,-1.5)	Other cCREs	0	all	433	6640	271223115	11777645	0.6644734097292369	0.6028623327096139	0.7339202087368301	6.449335643755817e-15	-0.589716626641467	-0.7300995033632096	-0.4463048720328175
SKNSH_skew	(-Inf,-1.5)	Other cCREs	1	all	24	481	271223115	11777645	0.8372194282710211	0.5602434612917389	1.3067763609870746	0.3726625787474731	-0.2563223041429573	-0.835874189022343	0.38601226240225056
SKNSH_skew	(-Inf,-1.5)	Other cCREs	2	all	0	100	271223115	11777645	4.3858454987556215	0.7695325754646771	174.82653635115253	0.13402085862545474	2.1328549907381196	-0.37794569560273317	7.449780373220631
SKNSH_skew	(-Inf,-1.5)	PLS	0	all	14	376	271223115	11777645	1.0913955422474564	0.6532905356737176	1.9695440910414148	0.899014924608887	0.12617405621679578	-0.6142033555546987	0.9778617140907182
SKNSH_skew	(-Inf,-1.5)	PLS	1	all	5	229	271223115	11777645	1.6646069944730606	0.7531652853373862	4.583160925442765	0.2545493023530077	0.7351816042929777	-0.4089615896587724	2.196342942980878
SKNSH_skew	(-Inf,-1.5)	PLS	2	all	8	168	271223115	11777645	0.8154111044890893	0.4194723041944157	1.8140225969820563	0.5695676283912028	-0.2944004909156295	-1.253352535522419	0.8591924273939442
SKNSH_skew	(-Inf,-1.5)	PLS	3	all	3	164	271223115	11777645	1.7912636174032863	0.6865182345712348	6.652315711891401	0.33278728041236244	0.8409776720717984	-0.5426300546663021	2.73385663903584
SKNSH_skew	(-Inf,-1.5)	PLS	5	all	3	238	271223115	11777645	2.594597384385734	1.000244200244202	9.601548942358319	0.05170029537075381	1.3755106863232491	3.5226347163158227e-4	3.263267163250451
SKNSH_skew	(-Inf,-1.5)	PLS	6	all	14	2082	271223115	11777645	6.030880982081996	3.647555646368451	10.795148607883583	9.342761556203041e-22	2.5923687642554163	1.8669299877737162	3.43231119877404
SKNSH_skew	(-Inf,-1.5)	PLS	4	all	0	165	271223115	11777645	7.209988135424461	1.2760506780311183	286.11986034393	0.011237180278159706	2.8499968854052966	0.35168562651056134	8.160475832228741
SKNSH_skew	(-Inf,-1.5)	dELS	0	all	926	14734	271223115	11777645	0.6902372856210234	0.6458563414743376	0.7383797680182205	2.7537218310681184e-25	-0.534835686707032	-0.6307147945051158	-0.43756507194114536
SKNSH_skew	(-Inf,-1.5)	dELS	1	all	243	4178	271223115	11777645	0.7437254633007643	0.6535218940524335	0.8496764355859905	1.4586826521453867e-5	-0.4271579276241049	-0.6136925254133008	-0.23501454027930993
SKNSH_skew	(-Inf,-1.5)	dELS	2	all	56	1585	271223115	11777645	1.2082627377524955	0.9276658214961173	1.6026248888763264	0.1738689836164979	0.2729342040315113	-0.10832290645039513	0.6804367871354254
SKNSH_skew	(-Inf,-1.5)	dELS	3	all	30	780	271223115	11777645	1.0940105037224122	0.7643988731553194	1.62140801647935	0.724791832232061	0.12962658968027627	-0.3876024433307982	0.697247181096704
SKNSH_skew	(-Inf,-1.5)	dELS	4	all	19	506	271223115	11777645	1.1008042809954923	0.7052020411591926	1.8177433039194402	0.8267937510169495	0.1385579857621665	-0.5038914444408629	0.8621484809897041
SKNSH_skew	(-Inf,-1.5)	dELS	5	all	7	311	271223115	11777645	1.693557341889817	0.8489068581336484	3.9575273013704186	0.1603941959119349	0.7600568356419553	-0.23632182459577297	1.9845993029627982
SKNSH_skew	(-Inf,-1.5)	dELS	6	all	11	397	271223115	11777645	1.4402436250108828	0.8153296523611776	2.8111233849966624	0.26391655794432245	0.5263128719913903	-0.29454461018242534	1.4911467774522418
SKNSH_skew	(-Inf,-1.5)	non-cCRE	0	all	2386	29860	271223115	11777645	0.5432072119642244	0.5209782680760314	0.566567268294119	3.264228736455095e-153	-0.8804254610411834	-0.9407049012566006	-0.8196808380950683
SKNSH_skew	(-Inf,-1.5)	pELS	0	all	86	1385	271223115	11777645	0.6918015537651058	0.55679779699616	0.8693512725744443	0.0013563858707151411	-0.5315698409239982	-0.8447745917987858	-0.2019888605381036
SKNSH_skew	(-Inf,-1.5)	pELS	1	all	22	590	271223115	11777645	1.1158141894487943	0.736473198993454	1.7741417813107525	0.6861544603629964	0.15809680290232436	-0.44129506980650646	0.8271213078466751
SKNSH_skew	(-Inf,-1.5)	pELS	2	all	14	336	271223115	11777645	0.9755909141693544	0.5830823557883591	1.762589379371167	0.8934734857955152	-0.03565177273507501	-0.7782284277630175	0.8176964171744586
SKNSH_skew	(-Inf,-1.5)	pELS	3	all	5	228	271223115	11777645	1.6573694569634188	0.7498403161419025	4.563439547160637	0.2545114443812969	0.7288952406495506	-0.4153446987967903	2.190121619807742
SKNSH_skew	(-Inf,-1.5)	pELS	4	all	5	211	271223115	11777645	1.5343312983064346	0.6933256300770125	4.228133538123124	0.39446764829970266	0.6176100283547674	-0.5283950014578142	2.0800209424125633
SKNSH_skew	(-Inf,-1.5)	pELS	5	all	3	192	271223115	11777645	2.095218455906232	0.8052177564594621	7.767558296092907	0.1538329868753516	1.0671006729565142	-0.312549108329108	2.957461163919506
SKNSH_skew	(-Inf,-1.5)	pELS	6	all	6	579	271223115	11777645	3.598010732499583	1.7351627954209787	8.988845942453558	4.6988811894560376e-5	1.8471994900081923	0.7950710248372758	3.168135903284288
SKNSH_skew	[-0.05,0.05)	Other cCREs	0	all	372512	8999852	271223115	11777645	1.0508081762114059	1.0473074649107363	1.0543133876360866	1.14570918701938e-189	0.07149933106358636	0.06668504588240798	0.07630376221853813
SKNSH_skew	[-0.05,0.05)	Other cCREs	1	all	11687	280979	271223115	11777645	1.0439652434320683	1.0247809832094044	1.0635497125844817	4.66255576949643e-6	0.06207368129200465	0.035315609047424465	0.08888746952134045
SKNSH_skew	[-0.05,0.05)	Other cCREs	2	all	1875	45201	271223115	11777645	1.0463088782108159	0.9990421400608785	1.0963449484979162	0.05540430440983625	0.06530880883319418	-0.0013825620401910956	0.13270179208418356
SKNSH_skew	[-0.05,0.05)	Other cCREs	3	all	1098	26149	271223115	11777645	1.033254274859503	0.972687358022029	1.0985183602969815	0.29528661620590496	0.047195332554309015	-0.03995192761107102	0.1355589827225408
SKNSH_skew	[-0.05,0.05)	Other cCREs	4	all	823	19297	271223115	11777645	1.0169917878213746	0.948465165959598	1.0917545305563028	0.6590042238086705	0.02430802952263773	-0.07633330577373243	0.12664851801768576
SKNSH_skew	[-0.05,0.05)	Other cCREs	5	all	601	14193	271223115	11777645	1.0238602600863564	0.9436182944922309	1.1126907840924476	0.5925069034716726	0.034018824871634545	-0.0837247056472448	0.1540527245427094
SKNSH_skew	[-0.05,0.05)	Other cCREs	6	all	763	17899	271223115	11777645	1.0174006303914604	0.9462743875887748	1.095222344458648	0.6600356323215076	0.024887893221526212	-0.0796695178603296	0.13122378552039557
SKNSH_skew	[-0.05,0.05)	PLS	0	all	4800	119254	271223115	11777645	1.0786754841550916	1.047988932478632	1.110466443788252	2.019218620784155e-7	0.1092609002125231	0.06762348105236315	0.1511657980071603
SKNSH_skew	[-0.05,0.05)	PLS	1	all	1862	49387	271223115	11777645	1.1512013304496855	1.0991273701575877	1.206339464742791	1.1678024744301805e-9	0.20314016452237588	0.13635857977866722	0.2706359397316593
SKNSH_skew	[-0.05,0.05)	PLS	2	all	973	30443	271223115	11777645	1.3573413550022755	1.2733886096967364	1.4482793257427198	8.444503127146854e-23	0.44078358681313407	0.3486727646637992	0.5343398779738124
SKNSH_skew	[-0.05,0.05)	PLS	3	all	765	24163	271223115	11777645	1.3698848595233029	1.2747348029140786	1.4740037207159498	2.5476430219288143e-19	0.4540546380211866	0.35019713860096124	0.5597401661233995
SKNSH_skew	[-0.05,0.05)	PLS	4	all	697	21969	271223115	11777645	1.3668398081941129	1.267512061593614	1.475893222201567	1.5386687783187205e-17	0.4508441709131128	0.34199947592171026	0.5615883491946094
SKNSH_skew	[-0.05,0.05)	PLS	5	all	701	25131	271223115	11777645	1.554672150724713	1.4422856093172234	1.6781185306380435	4.0473485492789493e-35	0.6366103768884751	0.5283568832645726	0.7468446213345327
SKNSH_skew	[-0.05,0.05)	PLS	6	all	3375	111599	271223115	11777645	1.4356545193888068	1.3872992647170899	1.4861015977798129	1.5426996671300643e-106	0.5217086160615395	0.47227903578851055	0.5715327495256872
SKNSH_skew	[-0.05,0.05)	dELS	0	all	720362	18500291	271223115	11777645	1.1236618897975013	1.1209117516809357	1.1263630300113148	0	0.16820799348310483	0.16467270060198363	0.17167188708621064
SKNSH_skew	[-0.05,0.05)	dELS	1	all	90708	2353742	271223115	11777645	1.1278948215211775	1.1204196064375993	1.1354664235985188	3.8126077072082104e-285	0.17363253977160117	0.16403913474319382	0.18328504534545445
SKNSH_skew	[-0.05,0.05)	dELS	2	all	19189	497673	271223115	11777645	1.126397364452383	1.1102245960985047	1.1428512037968084	6.864750819642253e-61	0.17171586347001644	0.15085156026966187	0.19263758070163492
SKNSH_skew	[-0.05,0.05)	dELS	3	all	7099	188703	271223115	11777645	1.1542382838856453	1.1271846358937083	1.1820918042970259	8.154532825770356e-34	0.20694108836227293	0.17272385221882888	0.24134208328269147
SKNSH_skew	[-0.05,0.05)	dELS	4	all	4087	106598	271223115	11777645	1.1323858137023792	1.0975426061689024	1.1686403235866933	1.984317083346918e-15	0.1793655806814252	0.1342769456973035	0.2248309750176091
SKNSH_skew	[-0.05,0.05)	dELS	5	all	3253	83781	271223115	11777645	1.118097036644874	1.0795952691408994	1.1582952879960187	2.2767537411108817e-10	0.16104540125024788	0.11049055994452546	0.2120030911689012
SKNSH_skew	[-0.05,0.05)	dELS	6	all	5002	130266	271223115	11777645	1.1307334510667444	1.0992144481436041	1.1633580867897355	3.855871238868247e-18	0.177258881453603	0.13647287226732066	0.2182952331139412
SKNSH_skew	[-0.05,0.05)	non-cCRE	0	all	6124800	145622289	271223115	11777645	1.0700445860458403	1.068840718111447	1.0713472056640665	0	0.09767091132464431	0.09604687428173672	0.09942610913800595
SKNSH_skew	[-0.05,0.05)	pELS	0	all	78258	2022596	271223115	11777645	1.1232147325000954	1.115194226083092	1.1312933098366602	1.1401819681419459e-229	0.16763376380126155	0.15729499678628553	0.17797302462945644
SKNSH_skew	[-0.05,0.05)	pELS	1	all	17492	499170	271223115	11777645	1.2395739443091442	1.2210306919236034	1.2585088837643614	5.229683994587468e-183	0.3098443350843182	0.28809946447721785	0.33171540046198555
SKNSH_skew	[-0.05,0.05)	pELS	2	all	6666	203342	271223115	11777645	1.324682897805441	1.2927057464856702	1.35754890714365	3.3362775745169673e-123	0.40564704909840266	0.37039391753183964	0.4410041735895833
SKNSH_skew	[-0.05,0.05)	pELS	3	all	3938	128856	271223115	11777645	1.4207479018977474	1.376332285124436	1.4668446518766296	1.396824895892668e-116	0.5066505848779279	0.4608288190428584	0.5527160885746023
SKNSH_skew	[-0.05,0.05)	pELS	4	all	2415	78764	271223115	11777645	1.4158173357026438	1.3596434329229115	1.47495401345834	1.0320292537420683e-70	0.501635145452658	0.44322835368070523	0.5606699744135674
SKNSH_skew	[-0.05,0.05)	pELS	5	all	1987	63407	271223115	11777645	1.3851269045315107	1.3246321975575481	1.4490998827117585	3.472055526261095e-51	0.4700181612210127	0.40559183105631785	0.5351570395646698
SKNSH_skew	[-0.05,0.05)	pELS	6	all	2751	88804	271223115	11777645	1.4014044086281463	1.349248026032258	1.4561026748219295	1.6138739110765966e-75	0.4868733398741607	0.43215557663013215	0.5421120885268392
SKNSH_skew	[-0.2,-0.05)	Other cCREs	0	all	117941	2158346	271223115	11777645	0.7930200093984509	0.7883580242211807	0.7977072018548826	0	-0.3345708265675376	-0.34307713212862995	-0.3260687919820052
SKNSH_skew	[-0.2,-0.05)	Other cCREs	1	all	4901	92302	271223115	11777645	0.817602138637318	0.7944269065984516	0.8415774920118085	1.4752027717125185e-40	-0.29052912488700217	-0.33201360827638965	-0.24883197461690737
SKNSH_skew	[-0.2,-0.05)	Other cCREs	2	all	864	16203	271223115	11777645	0.8134533804638147	0.7596221072340628	0.8720660837671345	8.772471394505622e-9	-0.2978684284006464	-0.396646202126596	-0.19749063062973723
SKNSH_skew	[-0.2,-0.05)	Other cCREs	3	all	442	8953	271223115	11777645	0.8776949090592894	0.7977660153376762	0.9677244025965432	0.00840213435063808	-0.18820855567114306	-0.3259624286547017	-0.04733185277838612
SKNSH_skew	[-0.2,-0.05)	Other cCREs	4	all	326	6740	271223115	11777645	0.8951739280493309	0.8009915850429791	1.003292047217111	0.05283152345283253	-0.15976007647037838	-0.3201410086585377	0.0047416196518792345
SKNSH_skew	[-0.2,-0.05)	Other cCREs	5	all	273	5159	271223115	11777645	0.8177673735377052	0.7240749798781455	0.9268163730071577	0.0015700611311029687	-0.2902375900743413	-0.46578899495820697	-0.10964456401265443
SKNSH_skew	[-0.2,-0.05)	Other cCREs	6	all	332	7452	271223115	11777645	0.9718848978678475	0.8707097773963575	1.0879311642153102	0.6094701155566831	-0.041142631990565046	-0.199736171107653	0.12158727700471224
SKNSH_skew	[-0.2,-0.05)	PLS	0	all	2124	45625	271223115	11777645	0.932376770879189	0.8926101909702555	0.9742529096667754	0.001758046335818751	-0.10101503310061143	-0.16389781689011074	-0.03763175978834461
SKNSH_skew	[-0.2,-0.05)	PLS	1	all	956	24047	271223115	11777645	1.0911947743384502	1.0228913311360748	1.165220150266442	0.0078054285704346315	0.1259086405175611	0.03265288569077491	0.2206025554735853
SKNSH_skew	[-0.2,-0.05)	PLS	2	all	589	18020	271223115	11777645	1.326377921774398	1.2218238927390324	1.4421419552585277	1.9765477164610715e-12	0.4074918977637893	0.28903635767605995	0.5282131812692094
SKNSH_skew	[-0.2,-0.05)	PLS	3	all	480	16035	271223115	11777645	1.4477477504479606	1.3221542301626252	1.5884894543857964	2.915529049796477e-17	0.5338102551284144	0.4028904779896824	0.6676555123643951
SKNSH_skew	[-0.2,-0.05)	PLS	4	all	449	14524	271223115	11777645	1.4016643522721122	1.2760663082444692	1.5430021452973366	1.199654845539807e-13	0.4871409176177868	0.3517032978253255	0.6257400677464167
SKNSH_skew	[-0.2,-0.05)	PLS	5	all	465	17282	271223115	11777645	1.6105658021152323	1.4688624620040387	1.7694818609153968	6.907770154250089e-28	0.6875676054248542	0.5546993144277059	0.8233269726693124
SKNSH_skew	[-0.2,-0.05)	PLS	6	all	2314	83303	271223115	11777645	1.5627787060573604	1.4995159050854368	1.6294127125862707	1.0408468227416249e-114	0.6441135030486456	0.58449682468494	0.7043520691726037
SKNSH_skew	[-0.2,-0.05)	dELS	0	all	257377	5086832	271223115	11777645	0.8555295648347204	0.8521143765053902	0.8589602379266426	0	-0.22511038359355112	-0.23088100323645672	-0.21933674568166428
SKNSH_skew	[-0.2,-0.05)	dELS	1	all	41048	841391	271223115	11777645	0.8897356624581139	0.8809491526571186	0.8986152656671568	7.810023913706596e-114	-0.16855131510648805	-0.18286934398959886	-0.1542245243288904
SKNSH_skew	[-0.2,-0.05)	dELS	2	all	10104	216580	271223115	11777645	0.9306810720925062	0.9122684548138057	0.9495060096936876	2.818976384672813e-12	-0.10364122843335563	-0.1324696636579803	-0.07475096325630481
SKNSH_skew	[-0.2,-0.05)	dELS	3	all	3841	88192	271223115	11777645	0.9968001209211161	0.965086129930829	1.0297742996486998	0.8429705629901323	-0.004623851513124082	-0.05127039221741716	0.042328169973152446
SKNSH_skew	[-0.2,-0.05)	dELS	4	all	2203	51342	271223115	11777645	1.0115851081402318	0.9693617221743857	1.056116643194304	0.6035055759268001	0.01661770390661654	-0.04489297990883179	0.078769182484936
SKNSH_skew	[-0.2,-0.05)	dELS	5	all	1745	40296	271223115	11777645	1.0022139636735468	0.9552962315442267	1.0520109894162464	0.9415933523821237	0.003190543840253141	-0.06597992141408884	0.07314977525142481
SKNSH_skew	[-0.2,-0.05)	dELS	6	all	2640	64878	271223115	11777645	1.0667783595733835	1.0260439970972344	1.1095336961059088	0.0010511108801169314	0.09326046411018825	0.037092595499618894	0.149953482286346
SKNSH_skew	[-0.2,-0.05)	non-cCRE	0	all	1406341	25317651	271223115	11777645	0.7592742348085151	0.7579081376448636	0.760621737378751	0	-0.397307042261743	-0.3999050979362389	-0.39474892536349915
SKNSH_skew	[-0.2,-0.05)	pELS	0	all	27829	571725	271223115	11777645	0.8918583297885616	0.8811793480175257	0.902691983059495	7.174684581726479e-75	-0.16511353624837957	-0.18249241153926166	-0.14769430022528662
SKNSH_skew	[-0.2,-0.05)	pELS	1	all	7413	183311	271223115	11777645	1.073718511794144	1.0490600231181337	1.099125691585304	1.3448398263572065e-9	0.10261582305682879	0.06909722565350994	0.13635637651285448
SKNSH_skew	[-0.2,-0.05)	pELS	2	all	3081	90454	271223115	11777645	1.2745713900009041	1.2296007243246023	1.3216347458495554	5.1659379737897415e-43	0.3500121823956752	0.29818991999428546	0.4023235208998914
SKNSH_skew	[-0.2,-0.05)	pELS	3	all	1899	62847	271223115	11777645	1.4364892604509691	1.3723879438189028	1.5043035626364987	6.110352954391253e-61	0.5225472069657753	0.4566883572475818	0.5890957266692513
SKNSH_skew	[-0.2,-0.05)	pELS	4	all	1250	41637	271223115	11777645	1.4453967692520544	1.3662793034776464	1.5302113868569553	4.0254184693548275e-42	0.5314655747047335	0.450252438644494	0.6137309638361423
SKNSH_skew	[-0.2,-0.05)	pELS	5	all	1060	34851	271223115	11777645	1.4264707965968453	1.3418729283546869	1.517752862726041	2.143326113958096e-33	0.5124502116681956	0.42424805878662747	0.6019368943461487
SKNSH_skew	[-0.2,-0.05)	pELS	6	all	1546	54571	271223115	11777645	1.5319490730966514	1.4564252123869765	1.6123841243718866	3.527967209733128e-70	0.6153683382471274	0.5424316208132353	0.6891954835120585
SKNSH_skew	[-0.5,-0.2)	Other cCREs	0	all	21120	374906	271223115	11777645	0.7704824780809411	0.7598414420349673	0.7812719250208487	2.1280245141310048e-275	-0.37616594680813187	-0.39622969561426885	-0.3561033229612626
SKNSH_skew	[-0.5,-0.2)	Other cCREs	1	all	1118	21549	271223115	11777645	0.8362629449464871	0.7874392970651537	0.8888505076993464	1.269803313330288e-8	-0.25797145673798	-0.34475938306814585	-0.16998729668303356
SKNSH_skew	[-0.5,-0.2)	Other cCREs	2	all	211	4661	271223115	11777645	0.954903440179355	0.8320084631593535	1.1010589510715876	0.4957056959341457	-0.06657323966304451	-0.2653298914056935	0.13889171335444647
SKNSH_skew	[-0.5,-0.2)	Other cCREs	3	all	113	2377	271223115	11777645	0.9058143023637084	0.7504362051940726	1.1029180695202254	0.2922722042266679	-0.14271277587216366	-0.4141986617649937	0.1413256240326134
SKNSH_skew	[-0.5,-0.2)	Other cCREs	4	all	71	1826	271223115	11777645	1.1018903961384778	0.8705482485210562	1.4146480047370726	0.4550431576921824	0.1399807277099059	-0.20000383609992572	0.5004431237330785
SKNSH_skew	[-0.5,-0.2)	Other cCREs	5	all	52	1425	271223115	11777645	1.1683591983997343	0.8881677575603543	1.5675494542645678	0.297154493023976	0.2244838821652269	-0.17109589562927366	0.6485109590061143
SKNSH_skew	[-0.5,-0.2)	Other cCREs	6	all	79	1934	271223115	11777645	1.050323373804975	0.8396947842153766	1.3305602913561732	0.7376913641200719	0.07083357356736937	-0.2520630685629652	0.4120338843321974
SKNSH_skew	[-0.5,-0.2)	PLS	0	all	512	11555	271223115	11777645	0.9781813879706552	0.8953211607582982	1.0707245283413047	0.6161030739956975	-0.03182608036284445	-0.15952281036348961	0.09858735710494884
SKNSH_skew	[-0.5,-0.2)	PLS	1	all	254	7689	271223115	11777645	1.3095505823792137	1.1558192204020068	1.4894063457221802	1.1558082554682086e-5	0.3890717859491229	0.20891576615619323	0.5747374093812665
SKNSH_skew	[-0.5,-0.2)	PLS	2	all	180	6199	271223115	11777645	1.4874780170008597	1.2829644534363522	1.73405551160998	2.7144589341727022e-8	0.5728683474133919	0.3594811988285892	0.7941500837053829
SKNSH_skew	[-0.5,-0.2)	PLS	3	all	143	5923	271223115	11777645	1.7864553130277958	1.514110778075993	2.122447662008082	5.6197866525212896e-14	0.837099826333193	0.598470762215488	1.0857289784226645
SKNSH_skew	[-0.5,-0.2)	PLS	4	all	164	5441	271223115	11777645	1.4322245792871324	1.226570113154137	1.6824088752987665	1.9719192514574484e-6	0.5182577314431034	0.29462970353163326	0.7505283659263522
SKNSH_skew	[-0.5,-0.2)	PLS	5	all	171	6777	271223115	11777645	1.7112473648837598	1.4707287388739485	2.0026787529117858	4.003964792593179e-14	0.7750483199070995	0.5565311805362245	1.0019310188786719
SKNSH_skew	[-0.5,-0.2)	PLS	6	all	827	36740	271223115	11777645	1.9270136363182206	1.7986563467086272	2.06693247326363	4.438014384069054e-96	0.9463667807561382	0.8469195699918232	1.0474912566496517
SKNSH_skew	[-0.5,-0.2)	dELS	0	all	46579	921154	271223115	11777645	0.8582662265399398	0.850300652227924	0.8663126140722706	2.0320719388272087e-216	-0.22050286658784343	-0.2339550503594904	-0.2070403708733003
SKNSH_skew	[-0.5,-0.2)	dELS	1	all	8986	192178	271223115	11777645	0.9285586834154804	0.9090844601301166	0.9485055688716553	1.115635589357262e-11	-0.10693500583901953	-0.137513758058365	-0.07627185086586158
SKNSH_skew	[-0.5,-0.2)	dELS	2	all	2521	59914	271223115	11777645	1.0316331351144281	0.9913027379827828	1.0740071447748338	0.12771398378563623	0.04493001703149428	-0.012602379667408087	0.1030035908065054
SKNSH_skew	[-0.5,-0.2)	dELS	3	all	1094	26868	271223115	11777645	1.0655454376084197	1.0029982416084409	1.1329410269029203	0.04022464372250102	0.09159211467355	0.004319076712799507	0.1800727663578916
SKNSH_skew	[-0.5,-0.2)	dELS	4	all	634	16061	271223115	11777645	1.0983993389025344	1.0145750609910504	1.1908941386957865	0.020045493099848374	0.13540266227798425	0.020875603501330685	0.25204517443924546
SKNSH_skew	[-0.5,-0.2)	dELS	5	all	486	12901	271223115	11777645	1.150437639677615	1.0508378469363986	1.2619546522453857	0.002116222248052825	0.2021827833306502	0.07154006657026822	0.3356600686753307
SKNSH_skew	[-0.5,-0.2)	dELS	6	all	631	20135	271223115	11777645	1.3835622367835239	1.2781509473869537	1.4998650379698237	3.245541475934543e-17	0.4683875421621342	0.35405822610251103	0.5848326888467482
SKNSH_skew	[-0.5,-0.2)	non-cCRE	0	all	178692	2892329	271223115	11777645	0.6996716368757934	0.6962881862685099	0.7030226470063418	0	-0.5152500856814782	-0.522243549088897	-0.5083569302019574
SKNSH_skew	[-0.5,-0.2)	pELS	0	all	4926	103207	271223115	11777645	0.9095960064464278	0.8839309761377533	0.9361569854106561	1.5022017106880814e-10	-0.13670217475194857	-0.17799437716166366	-0.09517761734060161
SKNSH_skew	[-0.5,-0.2)	pELS	1	all	1566	39656	271223115	11777645	1.0989771071865544	1.044838391297821	1.156609074445713	2.1556361100851692e-4	0.1361613337917626	0.06327981302053118	0.20990132627819616
SKNSH_skew	[-0.5,-0.2)	pELS	2	all	750	22088	271223115	11777645	1.2772526648163418	1.1875723072997202	1.3754068905181398	8.437447757857163e-12	0.353043945730417	0.248015356986233	0.4598584783423185
SKNSH_skew	[-0.5,-0.2)	pELS	3	all	459	16277	271223115	11777645	1.5366917138486542	1.40052724647924	1.689581130853349	2.577103343831589e-22	0.6198277652159386	0.4859700505156807	0.7566656279622309
SKNSH_skew	[-0.5,-0.2)	pELS	4	all	360	11772	271223115	11777645	1.416182740285878	1.2752554765929185	1.5768897027008941	7.297189441727951e-12	0.5020074387922981	0.3507862964113732	0.6570817527527645
SKNSH_skew	[-0.5,-0.2)	pELS	5	all	262	10948	271223115	11777645	1.8078485130593476	1.5995810682316758	2.0509401352516394	2.0097606652861955e-25	0.8542737935637452	0.6776941114107765	1.0362853817075526
SKNSH_skew	[-0.5,-0.2)	pELS	6	all	490	19448	271223115	11777645	1.720140914235186	1.5727033315847867	1.8851364396950823	2.369071073123043e-38	0.7825267555907649	0.6532465522430025	0.9146689445803963
SKNSH_skew	[-1.0,-0.5)	Other cCREs	0	all	5698	91578	271223115	11777645	0.697705247913813	0.6792514750975919	0.716741857727019	2.907398083560784e-138	-0.5193104097176693	-0.5579823014056331	-0.4804744845161899
SKNSH_skew	[-1.0,-0.5)	Other cCREs	1	all	324	6166	271223115	11777645	0.8239881062796766	0.7369103253336645	0.9240677979101605	8.788124408994194e-4	-0.27930458167203276	-0.44043902654098305	-0.11392939030175371
SKNSH_skew	[-1.0,-0.5)	Other cCREs	2	all	58	1326	271223115	11777645	0.9766707968865884	0.7523377831358143	1.2902212523057943	0.839996974198878	-0.03405573508196097	-0.4105475491533206	0.3676184859849458
SKNSH_skew	[-1.0,-0.5)	Other cCREs	3	all	25	780	271223115	11777645	1.3044010930564442	0.8834227260325899	2.0095751838839697	0.21612032472879864	0.38338755514293715	-0.17882414872981495	1.0068905537029513
SKNSH_skew	[-1.0,-0.5)	Other cCREs	4	all	25	591	271223115	11777645	0.9887342256414753	0.6679926981115614	1.5263000321713418	0.9196736698341049	-0.016345322010255712	-0.5820957623314713	0.61003858758445
SKNSH_skew	[-1.0,-0.5)	Other cCREs	5	all	14	425	271223115	11777645	1.233250298807545	0.7392930655637956	2.2230240588104824	0.5495068405773548	0.302465636886925	-0.4357817137069133	1.1525235621025318
SKNSH_skew	[-1.0,-0.5)	Other cCREs	6	all	16	651	271223115	11777645	1.6654595054522685	1.0321246971655142	2.8766238814247904	0.03289778541256062	0.7359202762617826	0.04561728191859493	1.52437660103001
SKNSH_skew	[-1.0,-0.5)	PLS	0	all	161	3522	271223115	11777645	0.9443150534778297	0.8065800514907323	1.1123458334824066	0.45799146358908516	-0.08265982612706764	-0.31011036974273326	0.15360539838680348
SKNSH_skew	[-1.0,-0.5)	PLS	1	all	93	2480	271223115	11777645	1.1461242433055365	0.9326089312750292	1.423683966937616	0.21701815259611693	0.1967634450416341	-0.10065584894910544	0.5096289286544424
SKNSH_skew	[-1.0,-0.5)	PLS	2	all	36	1887	271223115	11777645	2.2158163176944643	1.6016366101922075	3.156976106033808	6.817729885498392e-8	1.1478382926981978	0.6795468567709909	1.6585433414754203
SKNSH_skew	[-1.0,-0.5)	PLS	3	all	46	1924	271223115	11777645	1.7785645032677817	1.3321540899082034	2.428922447806515	2.802929483053237e-5	0.8307132976255437	0.41376096821169384	1.280316427416723
SKNSH_skew	[-1.0,-0.5)	PLS	4	all	34	1878	271223115	11777645	2.3312684450834036	1.6702648055033864	3.3572915554108387	1.6584523204310934e-8	1.2211151400703237	0.7400768471909059	1.7472978296421824
SKNSH_skew	[-1.0,-0.5)	PLS	5	all	34	2207	271223115	11777645	2.7394608649769774	1.9636732441548002	3.943295741097099	4.053121374877883e-12	1.4538919939315649	0.9735548847154462	1.9794019144057073
SKNSH_skew	[-1.0,-0.5)	PLS	6	all	234	14244	271223115	11777645	2.6323314169957754	2.313858058362601	3.007243118967795	1.9834204749777072e-67	1.396341139360353	1.210300366270285	1.5884415065387345
SKNSH_skew	[-1.0,-0.5)	dELS	0	all	11915	220090	271223115	11777645	0.8018945061083834	0.7872255288452576	0.8168898255318544	3.4553971132648016e-114	-0.3185156406572209	-0.3451510884616539	-0.29178658062541923
SKNSH_skew	[-1.0,-0.5)	dELS	1	all	2542	53667	271223115	11777645	0.9164275886086913	0.8806561036221686	0.9539725859262017	2.1755172412211763e-5	-0.12590720395556787	-0.1833493384626541	-0.06798028643077395
SKNSH_skew	[-1.0,-0.5)	dELS	2	all	784	18705	271223115	11777645	1.0347707521482103	0.9633872069848212	1.1127701799958016	0.3603599092731201	0.049311181857498526	-0.05381232867692013	0.15415566418346946
SKNSH_skew	[-1.0,-0.5)	dELS	3	all	314	8837	271223115	11777645	1.2183684819356388	1.0887358585921567	1.367624219601748	4.498299587386463e-4	0.2849505262358624	0.12265398002141796	0.4516718771600043
SKNSH_skew	[-1.0,-0.5)	dELS	4	all	192	5549	271223115	11777645	1.2487350316058208	1.0816182750274794	1.449018332870196	0.0018911491983039012	0.3204673847584513	0.11319143272088339	0.535075847878695
SKNSH_skew	[-1.0,-0.5)	dELS	5	all	128	4300	271223115	11777645	1.4478242443466534	1.2151164476466445	1.738617213685277	1.465454448938379e-5	0.5338864800459965	0.2810945775283605	0.7979403336183463
SKNSH_skew	[-1.0,-0.5)	dELS	6	all	190	6817	271223115	11777645	1.5501081394831695	1.3423713224170624	1.799299710277787	2.0807110612455574e-10	0.6323688650827769	0.42478380038335717	0.8474355170606073
SKNSH_skew	[-1.0,-0.5)	non-cCRE	0	all	35702	504786	271223115	11777645	0.6132387290897874	0.6066808338384632	0.6198711461117732	0	-0.7054792816131642	-0.72099036018205	-0.6899597442033125
SKNSH_skew	[-1.0,-0.5)	pELS	0	all	1192	23358	271223115	11777645	0.8502361668791572	0.8021327013366084	0.9018985090193865	9.321056481274809e-8	-0.2340644660356171	-0.3180871652854135	-0.14896299929195678
SKNSH_skew	[-1.0,-0.5)	pELS	1	all	378	9859	271223115	11777645	1.1297223472620892	1.0194540164765753	1.2550850682137487	0.018738635620214487	0.17596824392539825	0.027796702576327548	0.3277851516906727
SKNSH_skew	[-1.0,-0.5)	pELS	2	all	182	5863	271223115	11777645	1.3914871192689247	1.2009366258738476	1.6209666351851055	4.671477872482125e-6	0.4766275539782845	0.26416002119352766	0.6968543957608365
SKNSH_skew	[-1.0,-0.5)	pELS	3	all	107	4235	271223115	11777645	1.7032175723957153	1.4070012369930645	2.081278690584146	3.4936066612129796e-9	0.7682627395184951	0.49262359694898383	1.0574701599812197
SKNSH_skew	[-1.0,-0.5)	pELS	4	all	88	3291	271223115	11777645	1.6062256331283058	1.301255083195205	2.005662778127915	2.5373138165455523e-6	0.6836745684035733	0.3799037992489501	1.0040790589811237
SKNSH_skew	[-1.0,-0.5)	pELS	5	all	74	3178	271223115	11777645	1.840632893725432	1.4640090759838413	2.346326586099185	1.0327975042408586e-8	0.8802019160882881	0.5499244974992039	1.2304038366202308
SKNSH_skew	[-1.0,-0.5)	pELS	6	all	119	6370	271223115	11777645	2.3054938453789124	1.9245623178646778	2.7854152574283506	2.85744769364975e-25	1.205075814414697	0.9445303867729284	1.477892424575493
SKNSH_skew	[-1.5,-1.0)	Other cCREs	0	all	1114	19002	271223115	11777645	0.740063542443234	0.6966415067507956	0.7868217517177902	8.456452151624628e-21	-0.4342789478861858	-0.5215116618714377	-0.34589125335935716
SKNSH_skew	[-1.5,-1.0)	Other cCREs	1	all	66	1314	271223115	11777645	0.8522812530851174	0.6665718299290049	1.106412480060818	0.20033024070209757	-0.23059849604082397	-0.585167746056779	0.14588933493827008
SKNSH_skew	[-1.5,-1.0)	Other cCREs	2	all	13	247	271223115	11777645	0.7692296516883452	0.4498568736893673	1.4276901702034177	0.3497834149900617	-0.37851371921003935	-1.1524620278075008	0.513682927259703
SKNSH_skew	[-1.5,-1.0)	Other cCREs	3	all	4	124	271223115	11777645	1.085605503113043	0.4530020441221775	3.401954470556428	1	0.11849993914664646	-1.1424105345975852	1.7663638330818399
SKNSH_skew	[-1.5,-1.0)	Other cCREs	4	all	4	58	271223115	11777645	0.5124017339941627	0.20758383080629386	1.6361779093025548	0.19334196219106348	-0.9646527370443629	-2.268234021731344	0.7103296278112099
SKNSH_skew	[-1.5,-1.0)	PLS	0	all	45	866	271223115	11777645	0.8184524218822992	0.6082297928419678	1.1264071864304213	0.18437184356040462	-0.2890295422191218	-0.7173116094416159	0.1717284434508248
SKNSH_skew	[-1.5,-1.0)	PLS	1	all	16	635	271223115	11777645	1.6245886155096831	1.0065860931357014	2.8064752980254073	0.0491086405246712	0.700074439678202	0.009470570995581108	1.4887593610732075
SKNSH_skew	[-1.5,-1.0)	PLS	2	all	10	471	271223115	11777645	1.8633108690511146	1.0318766118994922	3.7580547891355347	0.03916230680300137	0.8978683891609494	0.04527046878125893	1.9099861001368752
SKNSH_skew	[-1.5,-1.0)	PLS	3	all	10	402	271223115	11777645	1.5909160948160475	0.8796431881126031	3.212590106730864	0.1392886332765798	0.6698577496948406	-0.18500965651270204	1.683736919586105
SKNSH_skew	[-1.5,-1.0)	PLS	4	all	7	452	271223115	11777645	2.458897790251259	1.2372995206921673	5.73026520465019	0.0067807226498613135	1.2980117672388745	0.307194784639588	2.518601910462052
SKNSH_skew	[-1.5,-1.0)	PLS	5	all	10	533	271223115	11777645	2.1080497355079517	1.1686819646062958	4.248549179035212	0.009578564819670494	1.0759089050796011	0.2248823802455384	2.0869702648852786
SKNSH_skew	[-1.5,-1.0)	PLS	6	all	44	4382	271223115	11777645	4.229569307340566	3.155414232762159	5.808020233787779	1.6032129087575078e-35	2.0805107626835304	1.6578294100647974	2.5380464793554336
SKNSH_skew	[-1.5,-1.0)	dELS	0	all	2373	42929	271223115	11777645	0.7852245757314463	0.7534146491884921	0.8187098593255997	1.7703711371323128e-28	-0.3488227683249449	-0.4084840099613289	-0.2885758257731554
SKNSH_skew	[-1.5,-1.0)	dELS	1	all	596	12061	271223115	11777645	0.8773532886672654	0.8080534719117733	0.9540759660311905	0.002127811951510708	-0.18877019728566113	-0.3074773302401883	-0.06782395291946279
SKNSH_skew	[-1.5,-1.0)	dELS	2	all	182	4352	271223115	11777645	1.032927074998776	0.8907530820365935	1.204208349848086	0.710006159092635	0.046738403039938134	-0.16690252474521547	0.26808502605754425
SKNSH_skew	[-1.5,-1.0)	dELS	3	all	79	2151	271223115	11777645	1.1681138460967804	0.9343151292195071	1.4790879974415738	0.1849921224716106	0.2241808882549165	-0.09801886542023781	0.5647078872550907
SKNSH_skew	[-1.5,-1.0)	dELS	4	all	46	1253	271223115	11777645	1.1585967317944263	0.8659311299471135	1.585251576567368	0.3663143044804651	0.21237850052920687	-0.2076758071579912	0.6647118116359787
SKNSH_skew	[-1.5,-1.0)	dELS	5	all	20	840	271223115	11777645	1.7390518615704023	1.1302474732672771	2.824330403299094	0.010150680778086002	0.7983009569773252	0.17663869243340843	1.4979088716538533
SKNSH_skew	[-1.5,-1.0)	dELS	6	all	33	999	271223115	11777645	1.277186876526003	0.9078320068280061	1.8547476944518728	0.1847761656175369	0.3529696339773258	-0.13950274157737494	0.8912229471049353
SKNSH_skew	[-1.5,-1.0)	non-cCRE	0	all	6771	91236	271223115	11777645	0.5849030529965322	0.5706204052364614	0.5996254257912704	0	-0.7737305754079343	-0.8093967566479127	-0.7378665360090897
SKNSH_skew	[-1.5,-1.0)	pELS	0	all	246	4310	271223115	11777645	0.7578989863401119	0.6665493211591587	0.8651094207326366	4.399351077294128e-5	-0.3999225177540697	-0.5852164637455055	-0.20904547570487153
SKNSH_skew	[-1.5,-1.0)	pELS	1	all	75	1955	271223115	11777645	1.1176034472743144	0.8885805618996923	1.424635065683589	0.373953456081893	0.16040837589391466	-0.1704255127985558	0.510592406045489
SKNSH_skew	[-1.5,-1.0)	pELS	2	all	39	1063	271223115	11777645	1.1550856614796372	0.8425523264743779	1.6261691808460395	0.40726386179545854	0.207999846281389	-0.2471618076422839	0.7014773580714502
SKNSH_skew	[-1.5,-1.0)	pELS	3	all	19	835	271223115	11777645	1.8151494735894385	1.1676883038390122	2.987369908901298	0.005924593456902868	0.8600883558943284	0.22365522069203678	1.5788758893714132
SKNSH_skew	[-1.5,-1.0)	pELS	4	all	11	596	271223115	11777645	2.1603565310743056	1.227535853689919	4.204652321123662	0.004292602028097337	1.1112694249659312	0.2957651631837439	2.0719865102715387
SKNSH_skew	[-1.5,-1.0)	pELS	5	all	24	707	271223115	11777645	1.2297765320466674	0.8261197885864869	1.9133817290156492	0.3546617589548308	0.29839618109436533	-0.27557710516804984	0.936124727117723
SKNSH_skew	[-1.5,-1.0)	pELS	6	all	33	1484	271223115	11777645	1.8966378228791514	1.35116056101201	2.7490327956308693	6.312860819751993e-5	0.923444211684711	0.4341991230811356	1.4589241181319834
SKNSH_skew	[0.05,0.2)	Other cCREs	0	all	104629	2502587	271223115	11777645	1.0389998126932862	1.032550018270156	1.0454689071257706	6.648706116921045e-34	0.05519539415887984	0.0462116696471259	0.06415015594710369
SKNSH_skew	[0.05,0.2)	Other cCREs	1	all	4090	98148	271223115	11777645	1.0418245547279823	1.0097269050096318	1.075182552428474	0.010206145011824179	0.059112345432988433	0.013965148359280706	0.10458163202288316
SKNSH_skew	[0.05,0.2)	Other cCREs	2	all	730	16881	271223115	11777645	1.0028556530724295	0.9312080601839441	1.0814026206564835	0.9548697263891113	0.0041139652889982045	-0.10282454916577981	0.11290375774443401
SKNSH_skew	[0.05,0.2)	Other cCREs	3	all	417	9795	271223115	11777645	1.0176644579068375	0.9226559728584653	1.1250001432849281	0.7474169875684878	0.025261957572003658	-0.11613527883770339	0.1699251851902609
SKNSH_skew	[0.05,0.2)	Other cCREs	4	all	285	7391	271223115	11777645	1.1223527691669972	0.9971673761600038	1.2675226969734694	0.055530621063635405	0.16652620387599434	-0.004092411237742784	0.3420115811677813
SKNSH_skew	[0.05,0.2)	Other cCREs	5	all	225	5515	271223115	11777645	1.0598593679481012	0.9276782472659091	1.2160491468516583	0.4088042409789556	0.08387284721877178	-0.1083035821678969	0.28220153674724346
SKNSH_skew	[0.05,0.2)	Other cCREs	6	all	335	7399	271223115	11777645	0.9563476205259326	0.8572103656857972	1.0700391333250776	0.4253291690840688	-0.06439297955642768	-0.22227879919735696	0.09766355963729442
SKNSH_skew	[0.05,0.2)	PLS	0	all	1800	43139	271223115	11777645	1.0401619700127276	0.9922153111208877	1.0909744024754764	0.10311077558811438	0.05680819677005492	-0.011274874899522992	0.12561725211530272
SKNSH_skew	[0.05,0.2)	PLS	1	all	850	21504	271223115	11777645	1.0973495757284648	1.0246351561374303	1.1765242003126528	0.00737564318645922	0.13402318921470743	0.03511029789574545	0.23453099613549933
SKNSH_skew	[0.05,0.2)	PLS	2	all	496	14698	271223115	11777645	1.2843094349588884	1.174387737395325	1.4071638220108633	1.4146511890273126e-8	0.36099283991912157	0.2319088091833107	0.4927902969074044
SKNSH_skew	[0.05,0.2)	PLS	3	all	371	12228	271223115	11777645	1.4275382262391656	1.2875106737904436	1.5869508125800718	1.0321919060122057e-12	0.5135293782096869	0.3645843926536886	0.6662574126428296
SKNSH_skew	[0.05,0.2)	PLS	4	all	374	11389	271223115	11777645	1.3189554616139298	1.1899109109636428	1.4658022584150745	4.3455845466680216e-8	0.39939584859735416	0.2508535625060681	0.551690492253616
SKNSH_skew	[0.05,0.2)	PLS	5	all	426	13655	271223115	11777645	1.3887862844404222	1.261187033254166	1.5327185537626644	2.320299946849923e-12	0.4738246050065687	0.3347822423111147	0.6160928056931341
SKNSH_skew	[0.05,0.2)	PLS	6	all	2029	65104	271223115	11777645	1.39277642833874	1.3325528980008428	1.4564321148853745	4.524482391056643e-54	0.477963691813188	0.4141928044056346	0.5424384582234408
SKNSH_skew	[0.05,0.2)	dELS	0	all	223413	5667687	271223115	11777645	1.1037789997423284	1.0990455800073105	1.108496461881501	0	0.14245134250326286	0.13625121948725422	0.1486041653931688
SKNSH_skew	[0.05,0.2)	dELS	1	all	33999	862323	271223115	11777645	1.1016689669403428	1.089759709746669	1.113728854267765	1.8658789642427725e-70	0.13969078334762983	0.12401005814564829	0.1553980403823151
SKNSH_skew	[0.05,0.2)	dELS	2	all	8258	207941	271223115	11777645	1.0933903596071648	1.069624518147587	1.1178712137298108	7.691098274452332e-16	0.12880856050357353	0.09710444066780763	0.16075398959828568
SKNSH_skew	[0.05,0.2)	dELS	3	all	3253	81971	271223115	11777645	1.0939344532279263	1.0562601660201785	1.1332686909630165	3.807356446657248e-7	0.12952629678127295	0.07896522674044831	0.1804899557416858
SKNSH_skew	[0.05,0.2)	dELS	4	all	1883	47747	271223115	11777645	1.1005590397835592	1.0510096323647595	1.153031953162286	3.703744868513567e-5	0.1382365410661442	0.07177589147058644	0.20543249393505753
SKNSH_skew	[0.05,0.2)	dELS	5	all	1474	37553	271223115	11777645	1.1056101558680524	1.049521202997967	1.1654462881146364	1.2924385032193103e-4	0.14484277314812619	0.0697313130340925	0.22088251655922014
SKNSH_skew	[0.05,0.2)	dELS	6	all	2202	59141	271223115	11777645	1.1658089036189712	1.1172449432278013	1.2170020729859734	4.817174085382924e-13	0.2213313250774187	0.15994551495294201	0.2833316254748431
SKNSH_skew	[0.05,0.2)	non-cCRE	0	all	1310014	31853486	271223115	11777645	1.0633211294661724	1.0613913488270716	1.065303630770212	0	0.08857736537588372	0.08595669481265844	0.09126468319751567
SKNSH_skew	[0.05,0.2)	pELS	0	all	24310	618854	271223115	11777645	1.1056378306819266	1.0915433379430592	1.1199405733930268	1.0125040142007236e-54	0.1448788851690109	0.1263694113129661	0.16342218161701297
SKNSH_skew	[0.05,0.2)	pELS	1	all	6481	179974	271223115	11777645	1.2058269223103326	1.1762866499475366	1.2362696910144175	2.1717128316883233e-52	0.2700228456759176	0.23423967417492514	0.30599350007648723
SKNSH_skew	[0.05,0.2)	pELS	2	all	2665	81602	271223115	11777645	1.3292653659215532	1.2789354333533176	1.382003742764844	1.2144782268463743e-51	0.41062914365279696	0.35494343205984746	0.46676152286145933
SKNSH_skew	[0.05,0.2)	pELS	3	all	1654	54640	271223115	11777645	1.4337751109455896	1.365337934210519	1.5065544505345654	9.84065370574651e-53	0.5198187536304157	0.4492580761779255	0.5912528163751777
SKNSH_skew	[0.05,0.2)	pELS	4	all	1063	35468	271223115	11777645	1.4476343217836591	1.3619249350694937	1.540138351342424	2.2091478979526447e-36	0.5336972179074304	0.4456471888217978	0.6230599547060993
SKNSH_skew	[0.05,0.2)	pELS	5	all	842	29137	271223115	11777645	1.5010045300154666	1.4015764150700085	1.6092936902379456	3.0451595662306847e-35	0.5859283310032296	0.4870504034051624	0.6864276366798419
SKNSH_skew	[0.05,0.2)	pELS	6	all	1302	45370	271223115	11777645	1.5121430203954762	1.4310503001117671	1.598890710559846	1.240890574808113e-55	0.596594597930208	0.5170743823695724	0.6770713292360773
SKNSH_skew	[0.2,0.5)	Other cCREs	0	all	17084	374203	271223115	11777645	0.9510092022059243	0.936538035879687	0.9658029089247543	1.9602000876254396e-10	-0.07246879385134358	-0.09459050665430581	-0.05019928608274004
SKNSH_skew	[0.2,0.5)	Other cCREs	1	all	865	18343	271223115	11777645	0.9198391770245047	0.859169565683588	0.9858187423679883	0.017092316314617786	-0.12054644979474337	-0.21898520516624415	-0.020605685125619787
SKNSH_skew	[0.2,0.5)	Other cCREs	2	all	159	3374	271223115	11777645	0.9159885395605505	0.781474268779337	1.0802119155927472	0.27350066914466115	-0.1265985468081478	-0.35572972379370066	0.11131436755894948
SKNSH_skew	[0.2,0.5)	Other cCREs	3	all	93	1744	271223115	11777645	0.8061194689925802	0.6548317071862414	1.0029099902701453	0.04681489707311396	-0.310934429148259	-0.610803915572444	0.004192131954141448
SKNSH_skew	[0.2,0.5)	Other cCREs	4	all	63	1375	271223115	11777645	0.933645610309637	0.7264666347124681	1.2191727835216897	0.5971811789974483	-0.09905305380757719	-0.4610315558595845	0.2859026019755681
SKNSH_skew	[0.2,0.5)	Other cCREs	5	all	53	957	271223115	11777645	0.7703778458703382	0.5854402940453175	1.033142785709006	0.06955633485518078	-0.37636187939103977	-0.7724060494844169	0.04703965594427094
SKNSH_skew	[0.2,0.5)	Other cCREs	6	all	65	1463	271223115	11777645	0.9632145930096376	0.7525209921213544	1.2521925164793042	0.7487797260672808	-0.05407084533215472	-0.4101962674243815	0.32445638432989854
SKNSH_skew	[0.2,0.5)	PLS	0	all	428	9134	271223115	11777645	0.9246775691577844	0.8392452837765317	1.0210139878106255	0.11245461245046295	-0.11297770273829046	-0.2528355703119631	0.030002631158700176
SKNSH_skew	[0.2,0.5)	PLS	1	all	203	5534	271223115	11777645	1.1782060510063455	1.0244073597622247	1.3616133198063858	0.020644264352739715	0.23659186749564842	0.03478952299757197	0.4453170551833897
SKNSH_skew	[0.2,0.5)	PLS	2	all	117	4266	271223115	11777645	1.5702821766943764	1.30767268498496	1.9017988072628556	2.557457745741976e-7	0.6510238319438784	0.3870014744424959	0.927364630469244
SKNSH_skew	[0.2,0.5)	PLS	3	all	98	3963	271223115	11777645	1.7387470615494875	1.4243026013962024	2.144548858418141	4.257755079224264e-9	0.7980480766415249	0.5102556878459964	1.1006741847049235
SKNSH_skew	[0.2,0.5)	PLS	4	all	110	3465	271223115	11777645	1.355940122873512	1.1223016115995899	1.6532007878387365	0.0010833021688157465	0.43929347173329125	0.1664604434012881	0.725261956346726
SKNSH_skew	[0.2,0.5)	PLS	5	all	118	4323	271223115	11777645	1.5778869284508958	1.315020456163304	1.9093741669668076	1.6649698399839996e-7	0.6579938253717167	0.39508524193264394	0.9330998455038751
SKNSH_skew	[0.2,0.5)	PLS	6	all	614	21838	271223115	11777645	1.5420710601375267	1.4232339106310485	1.673431925764316	8.64271809442526e-30	0.6248692475784409	0.5091727904481875	0.7428098642244565
SKNSH_skew	[0.2,0.5)	dELS	0	all	37754	904082	271223115	11777645	1.0399713022144508	1.0292896339277944	1.0507939146880982	6.818427014906793e-14	0.056543718054701236	0.04164900228578682	0.0714797507357585
SKNSH_skew	[0.2,0.5)	dELS	1	all	6949	166022	271223115	11777645	1.0373490063706035	1.01273676467066	1.0626999563418846	0.0026575775378561693	0.052901357073060616	0.018259230747603192	0.08773432255055463
SKNSH_skew	[0.2,0.5)	dELS	2	all	1958	46886	271223115	11777645	1.0393282337097358	0.9933636647606843	1.0879505304004784	0.0958284087598803	0.055651348527122516	-0.009606118021894991	0.12161295808780875
SKNSH_skew	[0.2,0.5)	dELS	3	all	778	19854	271223115	11777645	1.1067960472484073	1.0302389740710975	1.1904217526908896	0.005281138047319048	0.14638939670659878	0.04297902354263513	0.2514727943043338
SKNSH_skew	[0.2,0.5)	dELS	4	all	437	11333	271223115	11777645	1.123681598238953	1.021284988460766	1.2390523629249477	0.016370175180491494	0.16823329737714518	0.03038550487197393	0.3092371577253825
SKNSH_skew	[0.2,0.5)	dELS	5	all	339	8663	271223115	11777645	1.106554882971259	0.9928014066894684	1.2368094253358113	0.06860580759257677	0.14607500778317242	-0.010422935278800297	0.30662321874265297
SKNSH_skew	[0.2,0.5)	dELS	6	all	555	13661	271223115	11777645	1.0670206172502765	0.9802047872565107	1.16353742009218	0.1360063875781246	0.09358805256099234	-0.0288449020936188	0.21851760946547905
SKNSH_skew	[0.2,0.5)	non-cCRE	0	all	157321	3597790	271223115	11777645	0.9929727039039783	0.9879588381671653	0.9980344470053584	0.0065872487209639825	-0.010174035223969102	-0.017477159564413067	-0.002838484068152967
SKNSH_skew	[0.2,0.5)	pELS	0	all	4200	102320	271223115	11777645	1.0576767305505992	1.0255304533443208	1.0910478039101812	3.3949172989842613e-4	0.08089874796556311	0.03637033358909183	0.12571431426762436
SKNSH_skew	[0.2,0.5)	pELS	1	all	1280	35965	271223115	11777645	1.2192311511282585	1.1530971954118323	1.290097072540043	7.088403660426872e-13	0.28597166900368837	0.20551412394260532	0.3674796244106652
SKNSH_skew	[0.2,0.5)	pELS	2	all	624	18722	271223115	11777645	1.3008748385306883	1.2011787357902843	1.4110526748449896	1.8194067051519063e-11	0.37948216227291204	0.2644508405126582	0.4967718450005199
SKNSH_skew	[0.2,0.5)	pELS	3	all	422	13486	271223115	11777645	1.3845690808348394	1.2567045866988211	1.5288098290071028	4.896569446240821e-12	0.4694370364361907	0.3296455555714263	0.6124089588166912
SKNSH_skew	[0.2,0.5)	pELS	4	all	266	9351	271223115	11777645	1.5210122845635374	1.3466559467789125	1.724317207517487	6.541397037932059e-13	0.6050318051382313	0.42938130790656437	0.7860251987984723
SKNSH_skew	[0.2,0.5)	pELS	5	all	264	8004	271223115	11777645	1.3117519835378577	1.1605227300950924	1.488139880702975	7.045544995101033e-6	0.39149497152298757	0.21477477970465078	0.5735101418435642
SKNSH_skew	[0.2,0.5)	pELS	6	all	361	13495	271223115	11777645	1.6189728429555492	1.4583381885797742	1.8020672228999857	1.9206800305735313e-22	0.6950787857257449	0.5443253193975032	0.8496528293176825
SKNSH_skew	[0.5,1.0)	Other cCREs	0	all	4159	83926	271223115	11777645	0.8760352349497132	0.8491566113012194	0.9039752358807147	3.102822203413183e-16	-0.1909391973612303	-0.23589743803380403	-0.14564484388566748
SKNSH_skew	[0.5,1.0)	Other cCREs	1	all	225	4455	271223115	11777645	0.8561855135737262	0.7489313592620753	0.982977050426912	0.025516318467787118	-0.22400466915415476	-0.417094595415737	-0.02477036054102057
SKNSH_skew	[0.5,1.0)	Other cCREs	2	all	35	830	271223115	11777645	1.002375301456171	0.718087246137957	1.4412726755631176	0.9999999999999997	0.0034227721809426117	-0.47776895568052674	0.5273433059968137
SKNSH_skew	[0.5,1.0)	Other cCREs	3	all	23	385	271223115	11777645	0.6984158300835221	0.46240096666567093	1.1034858878586031	0.10564949101652775	-0.5178418358567607	-1.1127836810403104	0.1420681795526472
SKNSH_skew	[0.5,1.0)	Other cCREs	4	all	11	295	271223115	11777645	1.0711306757357442	0.6040432248376386	2.0965190253179666	1.0000000000000002	0.09913449664802854	-0.7272763035694142	1.0679959222936952
SKNSH_skew	[0.5,1.0)	Other cCREs	5	all	11	203	271223115	11777645	0.7382121600098954	0.4135391477243261	1.4522853387357306	0.3029967745197859	-0.4378925926851945	-1.273904186157307	0.5383249356587962
SKNSH_skew	[0.5,1.0)	Other cCREs	6	all	18	320	271223115	11777645	0.7336480532968075	0.46213302965077224	1.2346420563349738	0.17508159233659157	-0.4468399576139521	-1.1136198891516986	0.30409284067611475
SKNSH_skew	[0.5,1.0)	PLS	0	all	122	2388	271223115	11777645	0.8434177181568383	0.7034216382012606	1.01942628691141	0.07181106865710647	-0.24568076543476242	-0.5075383799902444	0.027757460148916672
SKNSH_skew	[0.5,1.0)	PLS	1	all	51	1439	271223115	11777645	1.2025194831806234	0.9118779960270833	1.6179740140554062	0.21751049267216266	0.2660602686816874	-0.13308728179233506	0.694188437128549
SKNSH_skew	[0.5,1.0)	PLS	2	all	26	1127	271223115	11777645	1.8141853450752676	1.240155383833556	2.765357011213105	0.0011333041593104068	0.8593218554040788	0.3105208927426872	1.4674657463037097
SKNSH_skew	[0.5,1.0)	PLS	3	all	27	1106	271223115	11777645	1.716822951743637	1.1812107690755385	2.595821841795596	0.002866956136787917	0.7797412683374249	0.24026641466700666	1.376191370710686
SKNSH_skew	[0.5,1.0)	PLS	4	all	18	930	271223115	11777645	2.127789698016757	1.3548026448177428	3.550137763810489	3.3041757035760447e-4	1.0893555678403695	0.4380827083469199	1.8278750097750287
SKNSH_skew	[0.5,1.0)	PLS	5	all	20	1141	271223115	11777645	2.3614551129549426	1.5373797861608232	3.8302262977212203	1.2697597582097554e-5	1.2396761126924711	0.62047360479977	1.9374296320863844
SKNSH_skew	[0.5,1.0)	PLS	6	all	159	5707	271223115	11777645	1.5491793869273427	1.323794953091203	1.8242790139923926	6.665300589052159e-9	0.631504210393469	0.4046796757194797	0.8673263990854384
SKNSH_skew	[0.5,1.0)	dELS	0	all	9142	211239	271223115	11777645	1.0032758873705623	0.9824542402590242	1.024633381811634	0.7651166886043121	0.004718382232327225	-0.02553788231387742	0.03510779962772462
SKNSH_skew	[0.5,1.0)	dELS	1	all	1819	41587	271223115	11777645	0.9922649866711756	0.9467383207023182	1.0405268868623003	0.745571399989134	-0.011202647757587156	-0.07896237626251355	0.05731424430606562
SKNSH_skew	[0.5,1.0)	dELS	2	all	522	12044	271223115	11777645	1.0000815348486474	0.9161705061511031	1.0936649418334974	1.0000000000000009	1.1762512659490517e-4	-0.12631197529103488	0.12917081784390388
SKNSH_skew	[0.5,1.0)	dELS	3	all	229	5173	271223115	11777645	0.9768497509290416	0.8558456890286471	1.1196444436555504	0.707983204187618	-0.03379141627496908	-0.22457739609003227	0.16304066012713467
SKNSH_skew	[0.5,1.0)	dELS	4	all	124	2978	271223115	11777645	1.034886010531271	0.86513819229597	1.2477891414787268	0.7530311236131455	0.0494718681131451	-0.20899749576092486	0.3193741599656812
SKNSH_skew	[0.5,1.0)	dELS	5	all	73	2174	271223115	11777645	1.276325092861828	1.0122831359372313	1.6317762809581688	0.039265061000692714	0.3519958448737439	0.017612868768767442	0.7064432751546752
SKNSH_skew	[0.5,1.0)	dELS	6	all	125	3377	271223115	11777645	1.164185640209954	0.9743456366358055	1.4020671769240856	0.09884315551619498	0.21932112770993048	-0.03749445419635255	0.4875554745221814
SKNSH_skew	[0.5,1.0)	non-cCRE	0	all	30869	682214	271223115	11777645	0.9595410837142699	0.9486627613015359	0.9705991488354205	1.9009079022004953e-12	-0.05958351670856094	-0.07603277799502953	-0.043052499952628484
SKNSH_skew	[0.5,1.0)	pELS	0	all	1004	24026	271223115	11777645	1.0381659311562546	0.9746189267024261	1.1068996372534294	0.24802376324447717	0.05403704959600117	-0.03708985553525986	0.14652441868607544
SKNSH_skew	[0.5,1.0)	pELS	1	all	313	8791	271223115	11777645	1.2158869369538694	1.086319684190318	1.3651029215188932	5.292866131016579e-4	0.28200908151206805	0.11944872462198429	0.44900972679882784
SKNSH_skew	[0.5,1.0)	pELS	2	all	132	5040	271223115	11777645	1.645898821091258	1.3854365197551781	1.9701454778079053	1.0126924863320918e-9	0.7188756511930535	0.470340608522318	0.978302163876037
SKNSH_skew	[0.5,1.0)	pELS	3	all	119	3590	271223115	11777645	1.2994771054066205	1.083234337351523	1.5719936048938818	0.003976704537629956	0.37793121618233694	0.11534537661564669	0.6525953485083201
SKNSH_skew	[0.5,1.0)	pELS	4	all	69	2515	271223115	11777645	1.560804773373829	1.2308450563902096	2.008732846099509	1.1763009300839453e-4	0.6422900952278375	0.2996491611345634	1.0062857038242823
SKNSH_skew	[0.5,1.0)	pELS	5	all	56	2126	271223115	11777645	1.6204242774191762	1.245744992574287	2.146997794661065	1.368494040521601e-4	0.6963716049542396	0.31700877494236596	1.1023207092995373
SKNSH_skew	[0.5,1.0)	pELS	6	all	81	3604	271223115	11777645	1.9091055767313863	1.5337888982737107	2.406324993722742	1.7909705458054803e-10	0.9328968883966902	0.6170999324032379	1.2668315033488018
SKNSH_skew	[1.0,1.5)	Other cCREs	0	all	766	15025	271223115	11777645	0.8506994577304285	0.7911036432990785	0.9159038287675456	1.9926893638795154e-5	-0.2332785604193471	-0.3380613788512191	-0.12673197368756273
SKNSH_skew	[1.0,1.5)	Other cCREs	1	all	37	820	271223115	11777645	0.9382205631118608	0.6776861066986168	1.3354577765792794	0.6691250476603846	-0.09200097395710895	-0.5613108999476265	0.4173343627325425
SKNSH_skew	[1.0,1.5)	Other cCREs	2	all	8	133	271223115	11777645	0.6465487883167144	0.33055464360248266	1.4447329373050328	0.20369398803740105	-0.6291688555450494	-1.5970393132059046	0.5308028313872826
SKNSH_skew	[1.0,1.5)	Other cCREs	3	all	7	56	271223115	11777645	0.30940015457147085	0.14686510345156642	0.7509745911973208	0.005475875213280974	-1.6924541773523893	-2.7674364563664215	-0.41316399909688356
SKNSH_skew	[1.0,1.5)	Other cCREs	6	all	4	71	271223115	11777645	0.6253156467900176	0.25594453665511874	1.9839522098176003	0.25500336308405996	-0.6773434777439579	-1.966096883731694	0.9883772739659419
SKNSH_skew	[1.0,1.5)	PLS	0	all	30	465	271223115	11777645	0.6527751795518308	0.4536017562845253	0.9718511964080743	0.03166602345888929	-0.6153418920789453	-1.1405018686767314	-0.04119266031388897
SKNSH_skew	[1.0,1.5)	PLS	1	all	10	296	271223115	11777645	1.172455188955121	0.6458330296714354	2.3742873104072766	0.7743534794864922	0.22953278422667384	-0.6307668686696883	1.2474945247942866
SKNSH_skew	[1.0,1.5)	PLS	2	all	8	254	271223115	11777645	1.230355148639907	0.6380165989705574	2.7216030388168075	0.6448007541382282	0.2990748173735439	-0.6483341365069477	1.4444566569617792
SKNSH_skew	[1.0,1.5)	PLS	3	all	7	224	271223115	11777645	1.2213082417254724	0.6093056792094345	2.8634054415098484	0.7419136318883588	0.2884273630493309	-0.7147619074139673	1.5177319620042045
SKNSH_skew	[1.0,1.5)	PLS	4	all	1	206	271223115	11777645	4.4944074054567755	1.2285760291923926	37.32684227362591	0.013984816588568046	2.16813090671449	0.2969871401948475	5.222141561501268
SKNSH_skew	[1.0,1.5)	PLS	5	all	8	257	271223115	11777645	1.2448301695296253	0.6455862252848723	2.7532602406773847	0.6451889968171732	0.31594893081538494	-0.6313182983739188	1.4611409812339828
SKNSH_skew	[1.0,1.5)	PLS	6	all	31	1165	271223115	11777645	1.582282030970096	1.1145437706765378	2.3244000893083236	0.007380891800846587	0.6620067732731394	0.15645327563578407	1.216858415206329
SKNSH_skew	[1.0,1.5)	dELS	0	all	1787	39031	271223115	11777645	0.947918113622469	0.9040209200983381	0.9945134613203341	0.02825989953242381	-0.0771656583095011	-0.1455719362149202	-0.007937195976503155
SKNSH_skew	[1.0,1.5)	dELS	1	all	370	8145	271223115	11777645	0.9534386816353373	0.8591174161674614	1.0608808922832396	0.3705544243587269	-0.06878793720431767	-0.21907277592609792	0.08526269041085571
SKNSH_skew	[1.0,1.5)	dELS	2	all	81	2442	271223115	11777645	1.2937299044788244	1.0380920911175395	1.632538893901491	0.021723100993082833	0.37153645338768676	0.053934433585297974	0.7071173632083891
SKNSH_skew	[1.0,1.5)	dELS	3	all	52	1059	271223115	11777645	0.8684843639175331	0.6589353297595056	1.167202778887125	0.32838843371178555	-0.20342821981663292	-0.6017912138929922	0.22305522315416987
SKNSH_skew	[1.0,1.5)	dELS	4	all	19	672	271223115	11777645	1.4612329608736423	0.9385495870847493	2.407758198927641	0.10487594764024692	0.5471862018953946	-0.09149512484305167	1.2676905155511369
SKNSH_skew	[1.0,1.5)	dELS	5	all	16	408	271223115	11777645	1.0447353757757898	0.6445002544019209	1.810995476039473	1.0000000000000002	0.0631375639310458	-0.6337471668290361	0.856782942365624
SKNSH_skew	[1.0,1.5)	dELS	6	all	22	689	271223115	11777645	1.3027307905858538	0.8610323007541499	2.0690452496548093	0.2591611115429581	0.38153898166959666	-0.21586073500770567	1.0489651970291178
SKNSH_skew	[1.0,1.5)	non-cCRE	0	all	5341	109054	271223115	11777645	0.8864443815638956	0.8624333326061705	0.9112959422478955	2.923541535019629e-17	-0.17389798035580878	-0.2135151562956607	-0.13400845131068448
SKNSH_skew	[1.0,1.5)	pELS	0	all	184	4477	271223115	11777645	1.0511013914158522	0.9072053077457736	1.2243161702190868	0.5330659778960867	0.07190184136243764	-0.14049901387077302	0.29197617102494616
SKNSH_skew	[1.0,1.5)	pELS	1	all	70	1704	271223115	11777645	1.0427928102195998	0.8222783495790141	1.3415821976040976	0.8119926401429522	0.06045254101997085	-0.28230125136818857	0.4239354500087182
SKNSH_skew	[1.0,1.5)	pELS	2	all	37	995	271223115	11777645	1.1381727343331607	0.8233914080683229	1.6180200124038988	0.48334827973956596	0.1867195243007259	-0.28034970039613555	0.6942294517835337
SKNSH_skew	[1.0,1.5)	pELS	3	all	17	790	271223115	11777645	1.908272351365988	1.1995228449243724	3.236939407352568	0.0035935614476488727	0.9322670895429559	0.26246063403422737	1.6946303598226062
SKNSH_skew	[1.0,1.5)	pELS	4	all	13	584	271223115	11777645	1.814528358222581	1.0727920058331366	3.3397699435581476	0.023733568836068256	0.8595946040464493	0.10137039180705591	1.7397487276338026
SKNSH_skew	[1.0,1.5)	pELS	5	all	14	520	271223115	11777645	1.508276744096248	0.9059984712112973	2.7144017422091458	0.12902385627256704	0.5929011638217089	-0.14241947902836943	1.4406342611398975
SKNSH_skew	[1.0,1.5)	pELS	6	all	13	799	271223115	11777645	2.481387255339171	1.4702028605874309	4.559365969413044	1.4446506190065822e-4	1.311146905629092	0.5560152338176438	2.1888332155345074
SKNSH_skew	[1.5,Inf)	Other cCREs	0	all	282	5176	271223115	11777645	0.79436865259686	0.70465867023745	0.8984990346955032	2.4934071668059174e-4	-0.33211940257919903	-0.5050034955344761	-0.15441114111403567
SKNSH_skew	[1.5,Inf)	Other cCREs	1	all	7	250	271223115	11777645	1.3624398976257421	0.6808902266038195	3.1907473438167973	0.5311947867001743	0.44619258856127114	-0.5545058697774831	1.673894374755209
SKNSH_skew	[1.5,Inf)	PLS	0	all	10	152	271223115	11777645	0.6039951793602967	0.3282039576549826	1.235424117667598	0.11342410438369767	-0.7273910598084444	-1.6073354591594673	0.3050064000421143
SKNSH_skew	[1.5,Inf)	PLS	1	all	1	100	271223115	11777645	2.19292257138927	0.5915613066215191	18.353126248251602	0.45147806913048155	1.1328548736417945	-0.7574004044700947	4.1979539257321195
SKNSH_skew	[1.5,Inf)	PLS	2	all	3	101	271223115	11777645	1.107317836820227	0.4194961317972676	4.141695509351047	1	0.14706938272448564	-1.2532705873512957	2.0502214928880527
SKNSH_skew	[1.5,Inf)	PLS	4	all	3	67	271223115	11777645	0.7382122912843366	0.27545842397805803	2.786886279504882	0.5452915184560533	-0.43789233613432915	-1.8600935112890096	1.4786541336431316
SKNSH_skew	[1.5,Inf)	PLS	6	all	10	324	271223115	11777645	1.2829916840549704	0.7075505545688935	2.5957903104723803	0.4949692635983521	0.3595118193663827	-0.49909486253270247	1.3761738462568933
SKNSH_skew	[1.5,Inf)	PLS	3	all	0	76	271223115	11777645	3.34366409804909	0.5825306275228028	133.7067662646207	0.3840056598595312	1.741429922652209	-0.779594191019739	7.062928664999663
SKNSH_skew	[1.5,Inf)	PLS	5	all	0	87	271223115	11777645	3.821330550392953	0.6682270751255673	152.55510017752258	0.1885068114983549	1.9340750582153259	-0.5815896561264219	7.253186602256505
SKNSH_skew	[1.5,Inf)	dELS	0	all	630	13396	271223115	11777645	0.9219673736932144	0.8511311547200008	1.0001298525363072	0.04690842778936248	-0.11721239699179307	-0.2325466343218558	1.8732544809810733e-4
SKNSH_skew	[1.5,Inf)	dELS	1	all	100	2661	271223115	11777645	1.1445097303526208	0.9381173753600264	1.4103079411047483	0.19816713858147306	0.1947297283997581	-0.09215965375028443	0.49601020985703004
SKNSH_skew	[1.5,Inf)	dELS	2	all	46	860	271223115	11777645	0.7954949975255164	0.5929116100169064	1.0910416947522041	0.1338470544636565	-0.33007523669788	-0.7541110479491165	0.1257062360912499
SKNSH_skew	[1.5,Inf)	dELS	3	all	14	329	271223115	11777645	0.9553141145219185	0.5707982884694598	1.7263371355388624	0.7877140663205812	-0.06595291466905981	-0.8089470859677375	0.7877142352434655
SKNSH_skew	[1.5,Inf)	dELS	4	all	4	221	271223115	11777645	1.92805300219766	0.8138981074015358	5.997241975940914	0.18056413287410725	0.9471447118151178	-0.2970799013143265	2.584299183650321
SKNSH_skew	[1.5,Inf)	dELS	5	all	3	125	271223115	11777645	1.367867876139957	0.5212061791594375	5.0979267177073835	0.8240142043862956	0.45192888545538995	-0.9400739070100307	2.349910634882275
SKNSH_skew	[1.5,Inf)	dELS	6	all	4	211	271223115	11777645	1.8412026916275048	0.7767039535607858	5.728461299417832	0.2305794414279053	0.8806484567309298	-0.36456328533603205	2.5181476740940694
SKNSH_skew	[1.5,Inf)	non-cCRE	0	all	1679	35780	271223115	11777645	0.9248661323625588	0.8806566726250495	0.9718220877816319	0.0019870061254465736	-0.11268353374824067	-0.18334840631971433	-0.041235872176047274
SKNSH_skew	[1.5,Inf)	pELS	0	all	65	1451	271223115	11777645	0.9553139299664143	0.7463397941127652	1.2419836039503478	0.6996376604426503	-0.06595319338088074	-0.42209548361492094	0.3126461279419208
SKNSH_skew	[1.5,Inf)	pELS	1	all	24	552	271223115	11777645	0.9605285720504846	0.6437514259329516	1.4973548176654996	0.8345756897302209	-0.0580995656998851	-0.6354243720783271	0.5824161272291402
SKNSH_skew	[1.5,Inf)	pELS	2	all	9	350	271223115	11777645	1.5241990151119091	0.8189986259858214	3.2062353393723972	0.23357033843884575	0.6080512882443906	-0.2880670633936112	1.6808803239592722
SKNSH_skew	[1.5,Inf)	pELS	3	all	9	258	271223115	11777645	1.124687808677864	0.6017956834396678	2.373297688544209	0.8783221440179863	0.1695245931070687	-0.7326543363425982	1.2468930726559062
SKNSH_skew	[1.5,Inf)	pELS	4	all	2	200	271223115	11777645	2.9094228457360165	0.9813828783643973	14.227746559128377	0.052404688230085414	1.5407329881239769	-0.02711199315133573	3.8306352756968387
SKNSH_skew	[1.5,Inf)	pELS	5	all	3	165	271223115	11777645	1.8021199107904236	0.6907545483730362	6.692202604506273	0.33343093684778985	0.8496950094573009	-0.5337549381845653	2.742481123214254
SKNSH_skew	[1.5,Inf)	pELS	6	all	4	242	271223115	11777645	2.1104171415247155	0.8920353723438035	6.558295518852746	0.10912453015735432	1.0775281878087422	-0.1648271756687026	2.7133209114866332
mean_skew	(-Inf,-1.5)	Other cCREs	0	all	332	4964	271223115	11777645	0.6474554901757914	0.5793649081545096	0.7255922297932942	5.258426327550153e-13	-0.6271470778562478	-0.7874557909567381	-0.46276908844030934
mean_skew	(-Inf,-1.5)	Other cCREs	1	all	19	438	271223115	11777645	0.9531413158704852	0.6096221486774409	1.5760206901348834	0.8146441097550791	-0.06923796617590255	-0.7140127753785852	0.6562864747429294
mean_skew	(-Inf,-1.5)	Other cCREs	2	all	2	87	271223115	11777645	1.273780055306041	0.42184272296977054	6.29592884132834	1	0.34911618770957287	-1.2452228805159553	2.6544192351206743
mean_skew	(-Inf,-1.5)	PLS	0	all	9	289	271223115	11777645	1.259305225630774	0.6749821570131036	2.6540483598775797	0.5637755082316737	0.332628000399803	-0.5670787295075215	1.4081946585453051
mean_skew	(-Inf,-1.5)	PLS	1	all	4	181	271223115	11777645	1.5806514711166106	0.6650603519511169	4.926424248754818	0.45974806151685826	0.6605192928557754	-0.5884428286948328	2.300540873719837
mean_skew	(-Inf,-1.5)	PLS	2	all	7	154	271223115	11777645	0.8413448982481827	0.4165094229708777	1.9834135693901314	0.5561441103873256	-0.24923075934210132	-1.2635789598737877	0.9879855309699322
mean_skew	(-Inf,-1.5)	PLS	3	all	1	130	271223115	11777645	2.844286021175173	0.7718426784319941	23.731834315539874	0.18587140668105673	1.5080665495504106	-0.37362127611849194	4.568751710617583
mean_skew	(-Inf,-1.5)	PLS	4	all	1	138	271223115	11777645	3.017982965383845	0.819909363074118	25.166330460037567	0.13506416117503875	1.5935846627812271	-0.28646365914534905	4.653422965218104
mean_skew	(-Inf,-1.5)	PLS	6	all	7	1165	271223115	11777645	6.329978656647947	3.2014123508595147	14.694990177504277	5.133364532573832e-13	2.6622006351986287	1.6787085120057417	3.8772524895438005
mean_skew	(-Inf,-1.5)	PLS	5	all	0	186	271223115	11777645	8.118694739413396	1.439720059443511	322.05324501892926	0.005483791320066542	3.021247800767376	0.5257883199214971	8.33115541840777
mean_skew	(-Inf,-1.5)	dELS	0	all	628	9792	271223115	11777645	0.676077721174083	0.6236310975221679	0.7340096766761665	2.1834323825196904e-19	-0.56473898816227	-0.6812352247053951	-0.4461290121993995
mean_skew	(-Inf,-1.5)	dELS	1	all	182	3301	271223115	11777645	0.7835325262525026	0.6749987516278527	0.9143312924251731	0.0019311048217262768	-0.3519349293290367	-0.5670432609045923	-0.1292110988171765
mean_skew	(-Inf,-1.5)	dELS	2	all	49	1343	271223115	11777645	1.1672448431979114	0.8802073195503679	1.5807196486800605	0.31414945410275824	0.2231072148733263	-0.18408472606888793	0.6605815186615901
mean_skew	(-Inf,-1.5)	dELS	3	all	29	721	271223115	11777645	1.0450760122272345	0.7256486762443379	1.5604859659258616	0.9271272151613739	0.06360787864597046	-0.4626568603261501	0.641995382582207
mean_skew	(-Inf,-1.5)	dELS	4	all	19	480	271223115	11777645	1.0443522300887111	0.6686581788984214	1.7253099350989127	0.9999999999999999	0.06260837368805901	-0.5806592078401668	0.7868555512620877
mean_skew	(-Inf,-1.5)	dELS	5	all	6	276	271223115	11777645	1.7183716563523594	0.8229373098526189	4.313486402255634	0.18019046753889081	0.7810421021271121	-0.2811455624294648	2.1088544080631273
mean_skew	(-Inf,-1.5)	dELS	6	all	6	273	271223115	11777645	1.6997608459271711	0.813905836854822	4.267095542922325	0.17994170437756443	0.7653317753829089	-0.2970662003474942	2.093254413739649
mean_skew	(-Inf,-1.5)	non-cCRE	0	all	2191	26299	271223115	11777645	0.5209565016193112	0.4987237583225763	0.5444121193035696	1.9025874961261997e-158	-0.9407651782721795	-1.003687162793252	-0.8772289114684079
mean_skew	(-Inf,-1.5)	pELS	0	all	62	982	271223115	11777645	0.6775653918131074	0.5249353577619686	0.8886486736746941	0.004059300778465328	-0.5615679072519354	-0.9297883193050093	-0.17031493109294066
mean_skew	(-Inf,-1.5)	pELS	1	all	14	453	271223115	11777645	1.3143105734385774	0.7884106509018014	2.3676925579342254	0.3542474845615922	0.39430622681440286	-0.34298082852699713	1.2434817608911397
mean_skew	(-Inf,-1.5)	pELS	2	all	9	279	271223115	11777645	1.2158801582180827	0.6513833904580449	2.563286014587736	0.6590948641049141	0.2820010382676945	-0.6184211617812952	1.3579944652879026
mean_skew	(-Inf,-1.5)	pELS	3	all	5	214	271223115	11777645	1.5560439159178225	0.7032987999162577	4.287308595299335	0.3962521798064455	0.6378827777937645	-0.5077903393422997	2.1000722643405183
mean_skew	(-Inf,-1.5)	pELS	4	all	3	174	271223115	11777645	1.8998265123253195	0.7289080554167015	7.050382781535465	0.2592266328310973	0.9258676810638513	-0.45619125065082855	2.8177015868776123
mean_skew	(-Inf,-1.5)	pELS	5	all	3	186	271223115	11777645	2.030101863512746	0.779792487603417	7.5285043177217315	0.20139702029937148	1.0215521186901075	-0.3588378387790276	2.91236327422828
mean_skew	(-Inf,-1.5)	pELS	6	all	3	443	271223115	11777645	4.8200924938774445	1.8693763182097172	17.774005269722533	7.467627737492117e-5	2.269060830931997	0.9025570226760624	4.151696915908122
mean_skew	[-0.05,0.05)	Other cCREs	0	all	410257	9777929	271223115	11777645	1.0362632716637201	1.0329885083949129	1.0395877372692468	6.233641788887495e-108	0.05139057876886458	0.0468242048574859	0.056011521334076074
mean_skew	[-0.05,0.05)	Other cCREs	1	all	12410	291158	271223115	11777645	1.018741180440111	1.0005932865161322	1.0372865681515853	0.04305542683473556	0.02678756953719535	8.556777087185177e-4	0.05281451839153707
mean_skew	[-0.05,0.05)	Other cCREs	2	all	1994	47640	271223115	11777645	1.0369852026429467	0.9915271894138723	1.085047416674339	0.11304743931290122	0.05239530762659427	-0.012275760663466072	0.11775808995656452
mean_skew	[-0.05,0.05)	Other cCREs	3	all	1203	27696	271223115	11777645	0.998936822287255	0.9428531069138931	1.0591372286629406	0.9647582737407535	-0.0015346571650429767	-0.08489507312203065	0.08288952633233797
mean_skew	[-0.05,0.05)	Other cCREs	4	all	862	20497	271223115	11777645	1.0314152582584946	0.9634269035061106	1.105384410647551	0.3822979748839769	0.04462529334032142	-0.05375288342571391	0.14454817132848735
mean_skew	[-0.05,0.05)	Other cCREs	5	all	674	15261	271223115	11777645	0.9818327450740704	0.9089320898327872	1.0620552106021435	0.6340824321046407	-0.026450812102532348	-0.1377555863000882	0.08685876613409808
mean_skew	[-0.05,0.05)	Other cCREs	6	all	821	19472	271223115	11777645	1.028711917626377	0.9593046632548973	1.1044243224327845	0.4393295018135312	0.04083902382453725	-0.05993902483271978	0.14329456546416378
mean_skew	[-0.05,0.05)	PLS	0	all	5299	129611	271223115	11777645	1.0619727865526627	1.0331854110831946	1.091770556324555	1.5415572826189284e-5	0.08674679701913832	0.04709917738531019	0.12666969505524142
mean_skew	[-0.05,0.05)	PLS	1	all	1971	51813	271223115	11777645	1.1409923225224232	1.0907891418955298	1.1940296377577924	4.8277208758280204e-9	0.1902890840927723	0.1253722443358913	0.255838647084729
mean_skew	[-0.05,0.05)	PLS	2	all	1059	31802	271223115	11777645	1.3028884591036365	1.2254776658971092	1.3863533070578045	1.1502239426717817e-18	0.3817135793887485	0.2933441915951278	0.47129496987431285
mean_skew	[-0.05,0.05)	PLS	3	all	787	24919	271223115	11777645	1.3733026173492526	1.2792070382200873	1.4760164159903126	3.7929567644195e-20	0.45764956899791176	0.35524978168673227	0.5617087668834813
mean_skew	[-0.05,0.05)	PLS	4	all	753	22807	271223115	11777645	1.3135838855577806	1.2215489414202496	1.4142891580689871	1.675725635091867e-14	0.393508334018493	0.2887116664130464	0.5000771160903003
mean_skew	[-0.05,0.05)	PLS	5	all	783	26701	271223115	11777645	1.4790257326378766	1.3775203149755282	1.5898945770155346	1.6022433301132506e-30	0.5646471531983736	0.4620735950928664	0.6689311062270626
mean_skew	[-0.05,0.05)	PLS	6	all	3746	123221	271223115	11777645	1.4282283282543433	1.3824641662153494	1.4758348779983697	1.7284937578589476e-114	0.5142266388263276	0.4672420859620382	0.5615313162364433
mean_skew	[-0.05,0.05)	dELS	0	all	799440	20237885	271223115	11777645	1.1073020724823064	1.104717904157326	1.1098739424669364	0	0.14704884364051388	0.14367801646653663	0.15039582711119867
mean_skew	[-0.05,0.05)	dELS	1	all	97841	2482418	271223115	11777645	1.1026870977969236	1.0956223683296598	1.1097593519708986	8.268916995321055e-202	0.14102346500075327	0.13175062565469683	0.15024686634283402
mean_skew	[-0.05,0.05)	dELS	2	all	20730	525230	271223115	11777645	1.1003704313366884	1.085203251083282	1.1158055866045915	1.1608991241204616e-42	0.13798927783012802	0.11796527480641494	0.15808567978825075
mean_skew	[-0.05,0.05)	dELS	3	all	7650	199206	271223115	11777645	1.1307210831331562	1.1051797067058544	1.157020737791682	6.986780230482033e-27	0.17724310120581643	0.14428097676031187	0.21041472273502895
mean_skew	[-0.05,0.05)	dELS	4	all	4414	113144	271223115	11777645	1.1128975017851563	1.079915748018182	1.1471025156416461	1.4607707455444495e-12	0.15432072612492923	0.11091876177974251	0.19799432962646676
mean_skew	[-0.05,0.05)	dELS	5	all	3498	89793	271223115	11777645	1.1144235316263111	1.0774050517458529	1.1530000729791872	1.7796506735721263e-10	0.15629762662157717	0.107560734826126	0.20539260430512982
mean_skew	[-0.05,0.05)	dELS	6	all	5408	141321	271223115	11777645	1.134623770872216	1.104171740837294	1.166045300522807	1.610214146629253e-20	0.1822139945403142	0.1429645836962137	0.22162383791240484
mean_skew	[-0.05,0.05)	non-cCRE	0	all	6756585	158920606	271223115	11777645	1.0515944262222843	1.0503547890833662	1.0528990056332648	0	0.0725784003561772	0.07087672407671164	0.07436705928878572
mean_skew	[-0.05,0.05)	pELS	0	all	86724	2212549	271223115	11777645	1.1087371670965862	1.1012189825844774	1.116351558289206	4.7232515628785446e-200	0.14891740637683898	0.13910138413841983	0.15879142817999714
mean_skew	[-0.05,0.05)	pELS	1	all	18817	534347	271223115	11777645	1.233518254043328	1.2157289087357743	1.2516541651202848	1.3040897626873123e-187	0.302779065312075	0.28182156297184185	0.32383599742395164
mean_skew	[-0.05,0.05)	pELS	2	all	7152	218017	271223115	11777645	1.323801496506308	1.2929475410508673	1.355562094614113	2.2661330110339307e-131	0.40468680683081204	0.3706637416593219	0.4388912006267681
mean_skew	[-0.05,0.05)	pELS	3	all	4179	137334	271223115	11777645	1.4269365676808	1.3836841990997575	1.4718366553269693	8.136407847638147e-127	0.5129212034006706	0.4685147114858618	0.5576175697469268
mean_skew	[-0.05,0.05)	pELS	4	all	2551	83539	271223115	11777645	1.4216325057159136	1.3667222772933965	1.4792631565658394	1.9102064025939582e-76	0.507548574168457	0.4507201120899242	0.5648787264740234
mean_skew	[-0.05,0.05)	pELS	5	all	2082	67265	271223115	11777645	1.4023970734465383	1.3425353962462045	1.4655821083060696	8.525893123560627e-58	0.4878948905650719	0.4249601256897764	0.5514737963643186
mean_skew	[-0.05,0.05)	pELS	6	all	2964	94938	271223115	11777645	1.3905812068996	1.3406382006453832	1.442835545571477	2.079196406323816e-77	0.47568799737817924	0.42291994823409046	0.52890687078595
mean_skew	[-0.2,-0.05)	Other cCREs	0	all	101367	1905729	271223115	11777645	0.8150817797684988	0.8099130109764904	0.8202608934983564	0	-0.2949832780621249	-0.3041611317940539	-0.2858452462635113
mean_skew	[-0.2,-0.05)	Other cCREs	1	all	4422	89039	271223115	11777645	0.874137831542759	0.848109920189161	0.9011411243424342	1.1120806764144008e-17	-0.19406731721477002	-0.23767683595407388	-0.150175036078652
mean_skew	[-0.2,-0.05)	Other cCREs	2	all	780	15081	271223115	11777645	0.8385629418765415	0.7803172645165034	0.9022372380880193	2.9485736580783035e-6	-0.25400901947561283	-0.35786727490990494	-0.1484212631681124
mean_skew	[-0.2,-0.05)	Other cCREs	3	all	381	8156	271223115	11777645	0.9272724543576559	0.8367316933272412	1.0301340741720721	0.1509252342167459	-0.10893479616748337	-0.2571630130447799	0.042832119500793284
mean_skew	[-0.2,-0.05)	Other cCREs	4	all	305	6303	271223115	11777645	0.8945934339505519	0.7975007283565383	1.0066363786138837	0.060217237814699454	-0.1606959254580419	-0.32644225839745916	0.00954264113292106
mean_skew	[-0.2,-0.05)	Other cCREs	5	all	229	4683	271223115	11777645	0.8843419870222046	0.7745402895265373	1.0139049707995804	0.07397092339217827	-0.17732370765782393	-0.36858780876039215	0.01992244072309635
mean_skew	[-0.2,-0.05)	Other cCREs	6	all	310	6685	271223115	11777645	0.933574438188294	0.833128201866958	1.0493359169231493	0.23124578005105384	-0.09916303513157101	-0.26338958012916586	0.06947659221537401
mean_skew	[-0.2,-0.05)	PLS	0	all	1872	42142	271223115	11777645	0.977047111266234	0.932847475582373	1.0239051215910213	0.3277529626967322	-0.0334999671343178	-0.10028688112991872	0.034082036674018046
mean_skew	[-0.2,-0.05)	PLS	1	all	922	23424	271223115	11777645	1.102080837020768	1.0318919860422895	1.178259107368661	0.0034929145336910794	0.14023004867472855	0.04529196363256551	0.2366568327259139
mean_skew	[-0.2,-0.05)	PLS	2	all	552	17354	271223115	11777645	1.3628259791947581	1.2520980610812822	1.4859312464870413	6.719435444214445e-14	0.4466013545267953	0.32434755483894634	0.5713673644317548
mean_skew	[-0.2,-0.05)	PLS	3	all	454	15626	271223115	11777645	1.4914430423866754	1.3585841900625875	1.6407245271940434	3.882526559821525e-19	0.5767088827785019	0.44210397065544593	0.7143330349440804
mean_skew	[-0.2,-0.05)	PLS	4	all	439	14226	271223115	11777645	1.4041094460188024	1.2768678646603262	1.5472759475670337	1.7006734289438786e-13	0.4896553936728222	0.3526092369728541	0.6297305159105862
mean_skew	[-0.2,-0.05)	PLS	5	all	440	16894	271223115	11777645	1.6636631086647038	1.5134775138944976	1.8327858836040367	2.5780125345428158e-30	0.7343633176941198	0.5978672408516603	0.8740382519411265
mean_skew	[-0.2,-0.05)	PLS	6	all	2238	83902	271223115	11777645	1.627459055453495	1.5605911966138053	1.697890192774666	1.1770440293555924e-133	0.7026212476998185	0.6420926668105659	0.7637431588544334
mean_skew	[-0.2,-0.05)	dELS	0	all	221769	4511785	271223115	11777645	0.8814698374492607	0.8776575596124137	0.8852458307016796	0	-0.1820168913168099	-0.18826994945131809	-0.17584995100731934
mean_skew	[-0.2,-0.05)	dELS	1	all	37693	809988	271223115	11777645	0.9329478736784516	0.9233313666945863	0.9426713900691469	9.268853152735367e-39	-0.10013161883330685	-0.1150795972946953	-0.08517315170652265
mean_skew	[-0.2,-0.05)	dELS	2	all	9256	207878	271223115	11777645	0.975126360961631	0.9550237249384618	0.9957574477254271	0.018032775447500995	-0.03633891343990779	-0.06639152150241867	-0.0061337296814241785
mean_skew	[-0.2,-0.05)	dELS	3	all	3578	84704	271223115	11777645	1.0277390599219172	0.9939021324845142	1.0629838819730055	0.10933243979904833	0.03947401478153784	-0.008824295343784429	0.08811972144671415
mean_skew	[-0.2,-0.05)	dELS	4	all	2026	48675	271223115	11777645	1.0427884537987115	0.997440461103738	1.0906940904179827	0.06490637240345865	0.06044651393589607	-0.00369736787215688	0.12524652226446592
mean_skew	[-0.2,-0.05)	dELS	5	all	1623	37711	271223115	11777645	1.0083838354107644	0.9595049175348629	1.0603725757598033	0.7523060061233039	0.01204489681202186	-0.059637894527175675	0.08457126361754853
mean_skew	[-0.2,-0.05)	dELS	6	all	2449	60638	271223115	11777645	1.0747926246231332	1.0322158921856188	1.119532180210881	0.00041697851822905893	0.1040583265231339	0.045744747903639166	0.16289599809975647
mean_skew	[-0.2,-0.05)	non-cCRE	0	all	1119489	20536190	271223115	11777645	0.7799207205056109	0.7783430539658227	0.78151190993448	0	-0.3586006144335147	-0.3615219330294118	-0.3556602353892499
mean_skew	[-0.2,-0.05)	pELS	0	all	24055	505346	271223115	11777645	0.9120604447584226	0.9003167308013919	0.9239482009020688	5.286270986511364e-43	-0.13279865595397147	-0.15149546503349176	-0.11411612246298053
mean_skew	[-0.2,-0.05)	pELS	1	all	6823	170823	271223115	11777645	1.0870857539281251	1.0610713952268782	1.1138702927805242	7.93065816422273e-12	0.120465750748905	0.08552173266587561	0.15558124447582802
mean_skew	[-0.2,-0.05)	pELS	2	all	2862	84434	271223115	11777645	1.2807484894905334	1.2339286864035801	1.3298244052809234	1.0691283383977463e-41	0.3569871902849212	0.30325901787073867	0.41123575974529775
mean_skew	[-0.2,-0.05)	pELS	3	all	1755	58795	271223115	11777645	1.4540746592470999	1.3866312584248601	1.5256100972883657	1.915632305718343e-60	0.5401013461215443	0.4715841882603032	0.6093862973079086
mean_skew	[-0.2,-0.05)	pELS	4	all	1139	39539	271223115	11777645	1.506216456119956	1.4200293036101475	1.59890772020823	6.65384976180648e-48	0.5909291124607687	0.5059207013756144	0.6770866771298877
mean_skew	[-0.2,-0.05)	pELS	5	all	980	32997	271223115	11777645	1.4607279439087173	1.370780790563923	1.5580527171220597	2.3342426516264436e-35	0.5466875056418449	0.4549978799049847	0.6397440481902658
mean_skew	[-0.2,-0.05)	pELS	6	all	1456	52799	271223115	11777645	1.5737647682514833	1.4938559009069878	1.6589778368411963	2.72211429441169e-75	0.6542199162974031	0.5790409907822571	0.7302946126995152
mean_skew	[-0.5,-0.2)	Other cCREs	0	all	19231	336071	271223115	11777645	0.7585235256203652	0.7475598550866959	0.7696973364732768	2.9289140678276006e-280	-0.3987341685093188	-0.4197389982794353	-0.3776368400001973
mean_skew	[-0.5,-0.2)	Other cCREs	1	all	1169	23278	271223115	11777645	0.8639823685445606	0.8146878656184	0.9170125380191917	1.8090510890633832e-6	-0.21092622355518256	-0.2956806747814202	-0.12498663542422954
mean_skew	[-0.5,-0.2)	Other cCREs	2	all	215	4537	271223115	11777645	0.9123159778939799	0.7957550124071243	1.0506453253103902	0.19095518812491283	-0.13239451086057444	-0.3296037555588382	0.07127572945869742
mean_skew	[-0.5,-0.2)	Other cCREs	3	all	106	2329	271223115	11777645	0.9455663668676877	0.7787893452300453	1.1587971347961792	0.5766543949434059	-0.08074937410979695	-0.36069494848827877	0.2126280225648841
mean_skew	[-0.5,-0.2)	Other cCREs	4	all	67	1642	271223115	11777645	1.049205771287712	0.8230933573491721	1.3577545475329167	0.7620383299344341	0.06929764846206747	-0.28087202080647966	0.4412226952946678
mean_skew	[-0.5,-0.2)	Other cCREs	5	all	52	1217	271223115	11777645	0.9979372277520907	0.757865596112357	1.339978906239075	0.9440459582481475	-0.002979024874871732	-0.3999860789647768	0.42221029015781936
mean_skew	[-0.5,-0.2)	Other cCREs	6	all	65	1721	271223115	11777645	1.1329787180974884	0.8859650706532718	1.471723162709289	0.34349742871903016	0.18012076179075154	-0.17467827352090423	0.5575063199358765
mean_skew	[-0.5,-0.2)	PLS	0	all	486	10869	271223115	11777645	0.9692318384480034	0.8850397355700483	1.0635585337891231	0.4956414863294799	-0.04508629800503349	-0.17618586565449718	0.08889943535167616
mean_skew	[-0.5,-0.2)	PLS	1	all	272	7851	271223115	11777645	1.2489728652391454	1.1068633588741563	1.4143321851053343	2.1822232391208128e-4	0.32074213378320676	0.14647713391533435	0.5001210066535365
mean_skew	[-0.5,-0.2)	PLS	2	all	176	6583	271223115	11777645	1.61530804207783	1.3911700557520705	1.8860919741859234	1.49885103459336e-11	0.691809315631534	0.4762987847935657	0.9154000299189354
mean_skew	[-0.5,-0.2)	PLS	3	all	173	6227	271223115	11777645	1.5543092231399729	1.33679421675968	1.8175291774780633	9.605234742701767e-10	0.6362735502780064	0.4187773971366805	0.8619785244557521
mean_skew	[-0.5,-0.2)	PLS	4	all	148	5741	271223115	11777645	1.6734611714950198	1.4221193901671605	1.9824796802830738	1.9966016195936822e-11	0.7428350772619983	0.5080425875816386	0.9873060788901232
mean_skew	[-0.5,-0.2)	PLS	5	all	161	6963	271223115	11777645	1.8667432648581221	1.5973962952404204	2.195076133169672	4.479419243893036e-18	0.9005235258582028	0.6757222728318487	1.1342709785039318
mean_skew	[-0.5,-0.2)	PLS	6	all	820	36148	271223115	11777645	1.9121262074712395	1.7842395933696609	2.0515254781973904	9.151101354545651e-93	0.935177749722325	0.8353093579471343	1.0366970713841297
mean_skew	[-0.5,-0.2)	dELS	0	all	42128	808018	271223115	11777645	0.8323621865919812	0.8242303849662209	0.8406024677685868	1.0946822735555916e-278	-0.2647166685639452	-0.2788804458381435	-0.25050440305096505
mean_skew	[-0.5,-0.2)	dELS	1	all	9112	196567	271223115	11777645	0.9366451533090082	0.9171386194917716	0.9565766235036375	1.4226309850909587e-9	-0.09442550647158486	-0.12478829068608668	-0.06404755922638265
mean_skew	[-0.5,-0.2)	dELS	2	all	2567	61013	271223115	11777645	1.031737803135178	0.9917527394445066	1.0737297139406572	0.12136786698030502	0.04507638337969264	-0.011947617462562897	0.10263087467113874
mean_skew	[-0.5,-0.2)	dELS	3	all	1094	26777	271223115	11777645	1.0619362621349935	0.9996081607648878	1.1291166282542018	0.05121765227400989	0.08669717757212811	-5.654153045081447e-4	0.17519451207530268
mean_skew	[-0.5,-0.2)	dELS	4	all	609	15672	271223115	11777645	1.1157246772610911	1.028953024786369	1.2116585710799335	0.007607660890436363	0.15798106322931735	0.04117711978803972	0.27698322421998534
mean_skew	[-0.5,-0.2)	dELS	5	all	474	12510	271223115	11777645	1.1437555199763845	1.0435327873986204	1.2561320621262941	0.003719533332868403	0.193778706127468	0.06147593013289588	0.3289881484325655
mean_skew	[-0.5,-0.2)	dELS	6	all	591	18379	271223115	11777645	1.3482326410146612	1.2421867008959517	1.4656465660877573	7.477931645826168e-14	0.43106945874497893	0.31288202719272795	0.5515372461543776
mean_skew	[-0.5,-0.2)	non-cCRE	0	all	147341	2367818	271223115	11777645	0.6951849885172563	0.6914829191268382	0.6988577049468305	0	-0.5245311652458867	-0.5322344802366239	-0.516929357835446
mean_skew	[-0.5,-0.2)	pELS	0	all	4427	90379	271223115	11777645	0.8862950467302431	0.8599339396053471	0.9136682220802483	1.3268096225425024e-14	-0.1741410444192729	-0.21770225910094215	-0.1302577165353403
mean_skew	[-0.5,-0.2)	pELS	1	all	1548	39466	271223115	11777645	1.1064221812477228	1.0516166680980226	1.1648013553652805	7.997744857320953e-5	0.1459019846445344	0.07260891393031682	0.22008393937317472
mean_skew	[-0.5,-0.2)	pELS	2	all	750	22135	271223115	11777645	1.279970615706405	1.1901191220873972	1.3783032179288148	5.564180419685913e-12	0.35611069064617445	0.2511059838220123	0.46289330667824474
mean_skew	[-0.5,-0.2)	pELS	3	all	491	16626	271223115	11777645	1.4675447943809523	1.341543824775699	1.6084214375133241	5.878980743431884e-19	0.553404539890673	0.42389418449321314	0.6856454700422897
mean_skew	[-0.5,-0.2)	pELS	4	all	391	11851	271223115	11777645	1.3129353085602584	1.1871187173187903	1.4556182231814447	3.719320748506822e-8	0.39279583297218507	0.24746421831828938	0.5416320177987648
mean_skew	[-0.5,-0.2)	pELS	5	all	277	10988	271223115	11777645	1.7165478269540284	1.5237176053557375	1.9404955784981026	3.7053417718671085e-22	0.7795100546433453	0.6075955490886829	0.9564251458849545
mean_skew	[-0.5,-0.2)	pELS	6	all	473	19337	271223115	11777645	1.7716669530800346	1.6172554677555169	1.944753860295929	1.6923959773312383e-41	0.8251074242659551	0.6935475903469694	0.9595875706348297
mean_skew	[-1.0,-0.5)	Other cCREs	0	all	4786	77977	271223115	11777645	0.7072856540167102	0.6869188507083464	0.7283945179576432	1.9333791789748778e-108	-0.49963509569200415	-0.5417884188361689	-0.4572080305422488
mean_skew	[-1.0,-0.5)	Other cCREs	1	all	349	7163	271223115	11777645	0.8888290657273599	0.7982878501414311	0.9923341123958227	0.03255336780105191	-0.17002209961053041	-0.3250190413083849	-0.011102146512541267
mean_skew	[-1.0,-0.5)	Other cCREs	2	all	69	1803	271223115	11777645	1.119105299662219	0.8812813379951606	1.4421235907604986	0.38556627111661135	0.1623457898024254	-0.18232543994518727	0.5281948096111129
mean_skew	[-1.0,-0.5)	Other cCREs	3	all	36	1129	271223115	11777645	1.3262044105941229	0.9562363126005818	1.8934549730391304	0.09183507292709966	0.40730315812195106	-0.06456090253153493	0.921021113883788
mean_skew	[-1.0,-0.5)	Other cCREs	4	all	29	784	271223115	11777645	1.136268024893799	0.7895313059707303	1.6955904462825764	0.539855486104879	0.18430318042038407	-0.3409316228825527	0.7617877427373169
mean_skew	[-1.0,-0.5)	Other cCREs	5	all	15	639	271223115	11777645	1.7369834440430543	1.0613628127412662	3.0575534510873394	0.024164351572379544	0.7965840031497378	0.08591790664752305	1.6123777196666746
mean_skew	[-1.0,-0.5)	Other cCREs	6	all	20	762	271223115	11777645	1.5777576953729016	1.0247184429333047	2.5637835032564156	0.03899851927684222	0.6578756600248092	0.03522756164905793	1.3582744398171955
mean_skew	[-1.0,-0.5)	PLS	0	all	151	3209	271223115	11777645	0.917060859523153	0.7791713148813549	1.0862863542346688	0.2997962208632021	-0.1249106153541028	-0.35998752917164906	0.11940445984421834
mean_skew	[-1.0,-0.5)	PLS	1	all	82	2615	271223115	11777645	1.368656055129725	1.0999274802664802	1.724133040729882	0.003791596442294201	0.4527599411887759	0.13740840801462825	0.7858711026147956
mean_skew	[-1.0,-0.5)	PLS	2	all	47	2064	271223115	11777645	1.8681684083580852	1.4036589192008542	2.5420158458404054	3.311006251615266e-6	0.9016245144435457	0.4891924118829631	1.345973023515224
mean_skew	[-1.0,-0.5)	PLS	3	all	44	2085	271223115	11777645	2.0129801801146003	1.4989499288014672	2.7685659955266066	2.975843396193374e-7	1.0093329674946496	0.5839521920407305	1.4691389124350955
mean_skew	[-1.0,-0.5)	PLS	4	all	43	2093	271223115	11777645	2.0666054157346383	1.5339208594833644	2.8530637979013673	1.2778311892353403e-7	1.0472629562015527	0.6172240509137281	1.512512007658098
mean_skew	[-1.0,-0.5)	PLS	5	all	40	2433	271223115	11777645	2.5779288921918204	1.8945372477475864	3.6015781936316014	2.579915245930115e-12	1.366212469945856	0.9218455043821038	1.8486292268883835
mean_skew	[-1.0,-0.5)	PLS	6	all	203	13829	271223115	11777645	2.9440044815847775	2.5637611383282124	3.397177746381098	6.380218968197435e-76	1.557779867575365	1.3582618545455833	1.7643367045620924
mean_skew	[-1.0,-0.5)	dELS	0	all	9850	179366	271223115	11777645	0.7905305158760926	0.7746460689985566	0.8068101632868242	1.2310123364320235e-106	-0.3391069406485957	-0.3683907924116392	-0.3096988373728426
mean_skew	[-1.0,-0.5)	dELS	1	all	2421	52985	271223115	11777645	0.9499576199224222	0.9120421925987909	0.9898461965266585	0.01400037742733091	-0.07406494238227672	-0.13282752746552765	-0.014723719943853499
mean_skew	[-1.0,-0.5)	dELS	2	all	819	19360	271223115	11777645	1.025289587071349	0.9560530116133528	1.1008124314955332	0.5029979446352921	0.03603144809715834	-0.06483747932640258	0.13856866762692804
mean_skew	[-1.0,-0.5)	dELS	3	all	343	9586	271223115	11777645	1.2102067767940856	1.0866834638664695	1.3515615605341464	3.9348689567533535e-4	0.2752535684657513	0.11993176408755724	0.4346272248246467
mean_skew	[-1.0,-0.5)	dELS	4	all	204	6137	271223115	11777645	1.3001948610240384	1.131102272711163	1.501712316980819	1.4038649606141522e-4	0.3787278570735738	0.17772938172601238	0.5866084622416132
mean_skew	[-1.0,-0.5)	dELS	5	all	127	4925	271223115	11777645	1.6711776412190422	1.4020856582812	2.0076224659620943	6.335513657782442e-10	0.7408650957475592	0.4875744912904	1.005487995536994
mean_skew	[-1.0,-0.5)	dELS	6	all	200	7654	271223115	11777645	1.6538226174497104	1.4375165984395482	1.9119787329055622	3.1321023727003593e-14	0.7258045049753012	0.5235786143861758	0.9350664761940184
mean_skew	[-1.0,-0.5)	non-cCRE	0	all	26728	383870	271223115	11777645	0.6231140324154877	0.6154374009859158	0.6309297291234234	0	-0.6824318883860162	-0.7003159739697006	-0.6644487633571939
mean_skew	[-1.0,-0.5)	pELS	0	all	1009	19253	271223115	11777645	0.8278004020420244	0.7769981834587057	0.8827527059132344	1.1837834052662237e-8	-0.27264514563796277	-0.36401686912204784	-0.179918756584026
mean_skew	[-1.0,-0.5)	pELS	1	all	369	9488	271223115	11777645	1.1136594352492366	1.0036625506986805	1.2388921462324174	0.04360790610340796	0.15530811401044892	0.005274290936142346	0.30905059678566094
mean_skew	[-1.0,-0.5)	pELS	2	all	178	5740	271223115	11777645	1.3927423831114782	1.2001146174864814	1.6252839854865466	5.083211871200994e-6	0.47792842593716006	0.26317219765279015	0.7006918219301748
mean_skew	[-1.0,-0.5)	pELS	3	all	114	4470	271223115	11777645	1.6882813571284407	1.4028733553070056	2.0496821436696	2.3449178917919914e-9	0.7555553535171202	0.48838477523196244	1.0354001998252058
mean_skew	[-1.0,-0.5)	pELS	4	all	98	3450	271223115	11777645	1.513721423155259	1.239520084860985	1.8677096432969216	1.7532681041015873e-5	0.5980997242060788	0.3097816486691502	0.90127018912947
mean_skew	[-1.0,-0.5)	pELS	5	all	81	3477	271223115	11777645	1.8418483280367028	1.4796217318535887	2.321700343193696	2.197716864704843e-9	0.8811542637101628	0.5652283952252333	1.2151817787124817
mean_skew	[-1.0,-0.5)	pELS	6	all	128	6699	271223115	11777645	2.2553964658388597	1.8947507123940912	2.7059075833216566	1.3671853592173098e-25	1.1733810605422283	0.922008049108439	1.436112566823558
mean_skew	[-1.5,-1.0)	Other cCREs	0	all	932	16097	271223115	11777645	0.7492281464999783	0.7013230919058285	0.8011879334163272	1.9663524338532971e-16	-0.4165229960896626	-0.5118488636259512	-0.3197874018090299
mean_skew	[-1.5,-1.0)	Other cCREs	1	all	77	1485	271223115	11777645	0.8272869328975446	0.658621891186779	1.05263533892631	0.1128926841949413	-0.273540300106876	-0.602477630051376	0.07400573471239724
mean_skew	[-1.5,-1.0)	Other cCREs	2	all	9	342	271223115	11777645	1.4894588051102315	0.8000968991033729	3.1341066493377694	0.2836690979084394	0.5747882226240052	-0.32175336064951476	1.6480542735733585
mean_skew	[-1.5,-1.0)	Other cCREs	3	all	3	192	271223115	11777645	2.095218455906232	0.8052177564594621	7.767558296092907	0.1538329868753516	1.0671006729565142	-0.312549108329108	2.957461163919506
mean_skew	[-1.5,-1.0)	Other cCREs	4	all	5	164	271223115	11777645	1.1941675747339615	0.5370989632061404	3.3013022424140637	0.8480057581169247	0.256005300818897	-0.8967401583106971	1.7230352269187854
mean_skew	[-1.5,-1.0)	Other cCREs	5	all	1	114	271223115	11777645	2.4968921634587167	0.6756858219166633	20.86302671548984	0.2461796427571136	1.3201335150575535	-0.565575511878179	4.382876567733851
mean_skew	[-1.5,-1.0)	Other cCREs	6	all	4	189	271223115	11777645	1.6501318280843846	0.6948295290194902	5.140402106331798	0.3667110309427374	0.7225812851537549	-0.5252690275622477	2.3618812181974564
mean_skew	[-1.5,-1.0)	PLS	0	all	42	766	271223115	11777645	0.7745671094109028	0.5695341245886482	1.0792024675158753	0.11225210467984653	-0.36853785365179	-0.8121458088804097	0.10996555201709741
mean_skew	[-1.5,-1.0)	PLS	1	all	14	620	271223115	11777645	1.7977787342365263	1.0815390147685822	3.231746296242338	0.021719756002527967	0.8462154687593767	0.11308570912598696	1.6923139457631322
mean_skew	[-1.5,-1.0)	PLS	2	all	9	443	271223115	11777645	1.9280537625062455	1.0385782801128942	4.0481387391406924	0.03377327612840009	0.9471452807274913	0.054609959634174796	2.0172587353979026
mean_skew	[-1.5,-1.0)	PLS	3	all	12	434	271223115	11777645	1.4530485661721408	0.8407863336055602	2.7510408356174025	0.23468014517528096	0.5390829238962574	-0.25018887539664625	1.4599775547415355
mean_skew	[-1.5,-1.0)	PLS	4	all	4	478	271223115	11777645	4.160043977591887	1.7701853929421536	12.87166659736016	9.049930555248536e-5	2.0565987797890517	0.8239004628347328	3.686126957776362
mean_skew	[-1.5,-1.0)	PLS	5	all	11	568	271223115	11777645	2.059033064736623	1.1695673937479385	4.0086032260918625	0.008968464856512624	1.0419669975022416	0.2259749962132915	2.003099625750567
mean_skew	[-1.5,-1.0)	PLS	6	all	30	3512	271223115	11777645	4.920994037575152	3.4604225738434082	7.255061766328191	6.50617195188394e-32	2.298949768456272	1.7909482251345392	2.8589878968000906
mean_skew	[-1.5,-1.0)	dELS	0	all	1846	33722	271223115	11777645	0.7928256833089119	0.7564974406233896	0.8312843493458821	5.744066169400715e-21	-0.3349243960079764	-0.40259289335240817	-0.2665860448212304
mean_skew	[-1.5,-1.0)	dELS	1	all	537	11079	271223115	11777645	0.8943088059790832	0.8200903128823844	0.9769702359063653	0.01291038348199903	-0.1611550130003744	-0.2861452988481826	-0.03361348475550656
mean_skew	[-1.5,-1.0)	dELS	2	all	164	4223	271223115	11777645	1.1116620071428056	0.9513746162556125	1.3067242871419302	0.1986003520793658	0.1527182136547712	-0.07191456179919531	0.38595477117628624
mean_skew	[-1.5,-1.0)	dELS	3	all	69	2331	271223115	11777645	1.446657205231597	1.1405191679753839	1.8623352616390765	0.001519117597706618	0.5327231064577518	0.1896906933055972	0.8971128133719449
mean_skew	[-1.5,-1.0)	dELS	4	all	49	1462	271223115	11777645	1.270596922357272	0.9585647908919658	1.7199376685379502	0.10699954321761808	0.34550642975639256	-0.061052145686213206	0.7823562818339771
mean_skew	[-1.5,-1.0)	dELS	5	all	22	1113	271223115	11777645	2.1032462449541884	1.394510025658662	3.331588093619046	1.034792176260859e-4	1.0726177685561378	0.47975830648242423	1.7362100417516404
mean_skew	[-1.5,-1.0)	dELS	6	all	42	1750	271223115	11777645	1.7682931708745453	1.3072063923295683	2.4524389117872567	7.079450833771322e-5	0.8223574834981717	0.3864869434919036	1.2942172005590031
mean_skew	[-1.5,-1.0)	non-cCRE	0	all	5463	78209	271223115	11777645	0.6214580059123412	0.6046027979434031	0.6388632621078832	1.6735305817872058e-221	-0.6862711882579117	-0.7259404394914871	-0.6464209151839876
mean_skew	[-1.5,-1.0)	pELS	0	all	191	3592	271223115	11777645	0.8126193421583168	0.7026484129751573	0.9445534015218686	0.0063449358611119035	-0.2993483905401405	-0.5091251121885522	-0.08229573137811316
mean_skew	[-1.5,-1.0)	pELS	1	all	74	1794	271223115	11777645	1.0392862275445205	0.824766556881162	1.327509430530104	0.8167190141595012	0.05559303844857664	-0.2779422602413372	0.4087221098661055
mean_skew	[-1.5,-1.0)	pELS	2	all	41	1029	271223115	11777645	1.0649273369906038	0.7822262402434339	1.4866843774461485	0.7596376560630042	0.0907549946392133	-0.35434216194344803	0.5720983962640199
mean_skew	[-1.5,-1.0)	pELS	3	all	12	816	271223115	11777645	2.729049192091256	1.5868892513082833	5.146910191513192	3.773024781319148e-5	1.4483983999423868	0.6662014462804777	2.363706609164043
mean_skew	[-1.5,-1.0)	pELS	4	all	15	676	271223115	11777645	1.83740442756831	1.1231617857836742	3.233256034846173	0.012917166173761456	0.8776692102433478	0.1675657556426963	1.6929877560186708
mean_skew	[-1.5,-1.0)	pELS	5	all	16	717	271223115	11777645	1.8340518705318427	1.1373964404272792	3.16624628559818	0.009436885815522853	0.8750344417142278	0.18573519438084843	1.6627734794775382
mean_skew	[-1.5,-1.0)	pELS	6	all	30	1504	271223115	11777645	2.1081810468402202	1.4788169714003836	3.114003754495107	5.105015913238829e-6	1.0759987683806	0.564443505585774	1.6387706838479734
mean_skew	[0.05,0.2)	Other cCREs	0	all	89358	2105331	271223115	11777645	1.023271358863353	1.0163918512276666	1.0301731155525724	1.693078422890819e-11	0.0331887806384527	0.023456713954750203	0.04288679562513516
mean_skew	[0.05,0.2)	Other cCREs	1	all	3788	89596	271223115	11777645	1.026843989849769	0.9939657775663735	1.0610371009673913	0.11190772685240799	0.03821700719922442	-0.00873191451350642	0.08547510342124867
mean_skew	[0.05,0.2)	Other cCREs	2	all	687	15492	271223115	11777645	0.977858688240406	0.9058721360833298	1.0569724937886202	0.5549097705708487	-0.03230210057369031	-0.14262066675355276	0.0799378331150192
mean_skew	[0.05,0.2)	Other cCREs	3	all	376	8827	271223115	11777645	1.0168409965730343	0.9171419379992789	1.130233801278981	0.7740748220562187	0.024094102607644705	-0.12478307055298933	0.1766212408314542
mean_skew	[0.05,0.2)	Other cCREs	4	all	272	6699	271223115	11777645	1.0657240355546067	0.9441099111661975	1.207261370620966	0.3223341631460394	0.09183390706547845	-0.08297327019010813	0.2717380516333491
mean_skew	[0.05,0.2)	Other cCREs	5	all	207	4991	271223115	11777645	1.042181705864136	0.9070511804442527	1.2030644132309258	0.6023926717584149	0.05960683548108925	-0.14074413763971322	0.2667138878681333
mean_skew	[0.05,0.2)	Other cCREs	6	all	308	6794	271223115	11777645	0.9548911453489625	0.8518994407037729	1.0737108007049836	0.422486424180519	-0.06659181515903823	-0.23124495194815814	0.10260546206377842
mean_skew	[0.05,0.2)	PLS	0	all	1643	38649	271223115	11777645	1.020894338478064	0.971713646337496	1.0731861676454513	0.4175130939805045	0.02983355647820908	-0.04139686528885461	0.10190036485650887
mean_skew	[0.05,0.2)	PLS	1	all	784	19827	271223115	11777645	1.0968421035907943	1.0212423178710246	1.1794067442992524	0.010880461068871632	0.13335585686050977	0.030325225973346893	0.23806134917857594
mean_skew	[0.05,0.2)	PLS	2	all	439	13732	271223115	11777645	1.3553516345975758	1.2325214519140433	1.49367981279777	5.8049431884870635e-11	0.4386671952521214	0.30161275678629257	0.5788709232305577
mean_skew	[0.05,0.2)	PLS	3	all	346	11602	271223115	11777645	1.452046782291448	1.3048844770165327	1.62034104348214	4.927477122901611e-13	0.538087935077891	0.38392208893106766	0.6962974982687306
mean_skew	[0.05,0.2)	PLS	4	all	346	10495	271223115	11777645	1.3135045767742837	1.1801946795963425	1.4659973383048006	2.2799780046282737e-7	0.39342122740573493	0.23902485969047294	0.5518824840870382
mean_skew	[0.05,0.2)	PLS	5	all	389	12535	271223115	11777645	1.3958339976101055	1.261902456958032	1.5477448205082975	9.516679795441418e-12	0.48112737631470126	0.3356003966107283	0.6301676313440724
mean_skew	[0.05,0.2)	PLS	6	all	1911	60732	271223115	11777645	1.379422234321244	1.3179654827941434	1.4444348583199151	4.738883173267117e-48	0.4640641262660461	0.3983125869970987	0.5305051421524797
mean_skew	[0.05,0.2)	dELS	0	all	193647	4837519	271223115	11777645	1.0863204020924655	1.0813332774235298	1.0913413206184845	9.171479516237853e-282	0.1194496780370249	0.1128112442401965	0.12610237989467607
mean_skew	[0.05,0.2)	dELS	1	all	30802	777745	271223115	11777645	1.0966970485429262	1.0842338392964104	1.1092748496330538	2.9875447906716868e-58	0.13316505087620198	0.11667593972794046	0.14961687232948356
mean_skew	[0.05,0.2)	dELS	2	all	7555	190997	271223115	11777645	1.0977316000822417	1.0727533227370054	1.1234232534800799	7.932412088895022e-16	0.1345253525536588	0.10131836968455156	0.16790157035174816
mean_skew	[0.05,0.2)	dELS	3	all	2995	75860	271223115	11777645	1.0995622542472343	1.060122054473436	1.1408611497251906	2.541444363573446e-7	0.1369292880047965	0.08423037539834943	0.19012321687423517
mean_skew	[0.05,0.2)	dELS	4	all	1753	44316	271223115	11777645	1.0971830978217552	1.046025054341186	1.1514578511265485	1.1814740130299618e-4	0.13380430265741616	0.06491740736009084	0.2034616025474972
mean_skew	[0.05,0.2)	dELS	5	all	1382	34545	271223115	11777645	1.0847056883852053	1.0278722246809877	1.1454015538845774	0.002830850683666553	0.1173036514206857	0.039660933523656065	0.19585346577841492
mean_skew	[0.05,0.2)	dELS	6	all	2084	54796	271223115	11777645	1.1412843102471097	1.0923973937858524	1.1928798894518169	1.663570583343943e-9	0.19065823237099203	0.12749777727450462	0.25444878602071996
mean_skew	[0.05,0.2)	non-cCRE	0	all	1044025	24914884	271223115	11777645	1.0399583732577478	1.0378138207529335	1.0420728978715752	9.48849554682775e-310	0.056525782312027324	0.05354765374604568	0.059456204410261455
mean_skew	[0.05,0.2)	pELS	0	all	21086	531490	271223115	11777645	1.094679025235223	1.0797029846055428	1.109946518743059	6.498227044408113e-39	0.13050791404217685	0.11063449612057463	0.1504901639600703
mean_skew	[0.05,0.2)	pELS	1	all	5805	161656	271223115	11777645	1.2091910143078648	1.17791885661181	1.2414770113929168	1.5753931388895392e-48	0.27404216322012875	0.23624015954546307	0.31205754717202355
mean_skew	[0.05,0.2)	pELS	2	all	2486	74612	271223115	11777645	1.3028657719177736	1.2518323344558933	1.3565448085753131	1.1800958513955902e-41	0.3816884575333201	0.32404134625838577	0.4399367026450076
mean_skew	[0.05,0.2)	pELS	3	all	1543	50569	271223115	11777645	1.4223404598112497	1.352069063797514	1.497200315598592	4.3560696761826213e-47	0.508266838298247	0.4351688464820621	0.5822672574598335
mean_skew	[0.05,0.2)	pELS	4	all	996	33206	271223115	11777645	1.44638823169822	1.3580474007463905	1.5420059446454533	4.856473117563614e-34	0.5324548446607554	0.4415338357154134	0.6248083270518991
mean_skew	[0.05,0.2)	pELS	5	all	844	27343	271223115	11777645	1.405243946628201	1.3121508884571298	1.506599114014135	1.0698358413442388e-24	0.49082060022627394	0.3919336296451277	0.5912955860376647
mean_skew	[0.05,0.2)	pELS	6	all	1226	42641	271223115	11777645	1.5092123597059721	1.425876914930073	1.5985541298861443	5.1120958672257834e-52	0.5937958202709291	0.5118494503062861	0.6767675971657319
mean_skew	[0.2,0.5)	Other cCREs	0	all	15290	326242	271223115	11777645	0.9264134759741971	0.9114880301134257	0.9416326810200504	6.772063947468906e-20	-0.11027185539900687	-0.13370438432716553	-0.08676370237065016
mean_skew	[0.2,0.5)	Other cCREs	1	all	853	17857	271223115	11777645	0.9080411786208068	0.8477460419939495	0.973677971685448	0.006382331420453207	-0.1391703713304653	-0.23829595135948817	-0.03848339185240444
mean_skew	[0.2,0.5)	Other cCREs	2	all	150	3200	271223115	11777645	0.9205489326569871	0.7817230976469137	1.0910302730556753	0.3197081992780352	-0.1194336834422513	-0.3552704290379327	0.12569113299182524
mean_skew	[0.2,0.5)	Other cCREs	3	all	88	1688	271223115	11777645	0.8240840913444608	0.6656338925554085	1.0317467511295828	0.08460286924169091	-0.27913653420746193	-0.5871992008062874	0.04508889544538953
mean_skew	[0.2,0.5)	Other cCREs	4	all	60	1286	271223115	11777645	0.9161895748654751	0.7084893828432068	1.2048162458549287	0.4948891830499606	-0.12628194807100676	-0.497181861270142	0.2688131286884824
mean_skew	[0.2,0.5)	Other cCREs	5	all	44	899	271223115	11777645	0.8684844415053538	0.6436533096809939	1.1993181026994704	0.3693216297692072	-0.203428090930537	-0.6356442746877993	0.262214364606872
mean_skew	[0.2,0.5)	Other cCREs	6	all	71	1333	271223115	11777645	0.8045542268045068	0.6344683072900209	1.0346259583889288	0.08194988033831854	-0.31373843328550227	-0.6563799939533163	0.04910929380215911
mean_skew	[0.2,0.5)	PLS	0	all	420	8392	271223115	11777645	0.8656958244428531	0.7848678946260991	0.9569881534141871	0.004680238668677824	-0.20806789401632897	-0.3494782482796996	-0.06342702923184873
mean_skew	[0.2,0.5)	PLS	1	all	199	5357	271223115	11777645	1.1633390037110054	1.0100250675148388	1.3464852812463517	0.034351460075716087	0.21827156775314985	0.01439109924495133	0.4291984594801665
mean_skew	[0.2,0.5)	PLS	2	all	124	4118	271223115	11777645	1.4309275899059575	1.1974912224058063	1.7235490021388233	3.800182681785556e-5	0.516950668342211	0.260015081065401	0.7853823164816249
mean_skew	[0.2,0.5)	PLS	3	all	105	3908	271223115	11777645	1.6013891368928175	1.3202870752282783	1.9610142910265278	3.2262137645093506e-7	0.6793239247494062	0.4008516545674375	0.9716000493077135
mean_skew	[0.2,0.5)	PLS	4	all	100	3419	271223115	11777645	1.4704172336046673	1.2063196078227032	1.8104391247686655	5.964956477450126e-5	0.5562255805333084	0.27061219209117054	0.8563396676338247
mean_skew	[0.2,0.5)	PLS	5	all	107	4052	271223115	11777645	1.6296344550232242	1.3460512088613268	1.991579433030381	7.86005098946665e-8	0.704548388340869	0.4287332965492363	0.993913021933408
mean_skew	[0.2,0.5)	PLS	6	all	555	18861	271223115	11777645	1.4731832424710412	1.3539841023715138	1.6057335791448144	1.2041532256850193e-21	0.5589368917193983	0.43721079979590444	0.6832325429602404
mean_skew	[0.2,0.5)	dELS	0	all	33641	796770	271223115	11777645	1.0285347433422183	1.0173497199644426	1.0398314830433215	4.075033612313314e-7	0.0405905281369657	0.024815699381539193	0.05634974156179229
mean_skew	[0.2,0.5)	dELS	1	all	6748	159361	271223115	11777645	1.0253768514548023	1.0006883568808522	1.0508515802625853	0.04385721163504943	0.03615423344241497	9.9274741529657e-4	0.07155892092746138
mean_skew	[0.2,0.5)	dELS	2	all	1961	45733	271223115	11777645	1.0122153136855123	0.9674584739252298	1.059536273621614	0.6059239551856932	0.017516205986662845	-0.047728356883919174	0.08343297976124692
mean_skew	[0.2,0.5)	dELS	3	all	749	19136	271223115	11777645	1.1080202157067687	1.029993870736217	1.1934593717597621	0.005601889521901424	0.1479842034393076	0.04263575227764491	0.2551494544310982
mean_skew	[0.2,0.5)	dELS	4	all	439	11093	271223115	11777645	1.0948864286988031	0.995296362035515	1.2070327702947792	0.0621660489292385	0.13078122850165338	-0.006801924631145101	0.2714648450241528
mean_skew	[0.2,0.5)	dELS	5	all	328	8248	271223115	11777645	1.088775918639066	0.9750588723396663	1.2192856275931154	0.13697280451353006	0.12270706302342475	-0.036438766006321656	0.28603612861815
mean_skew	[0.2,0.5)	dELS	6	all	520	12487	271223115	11777645	1.0408492386478871	0.9534338727227231	1.1383864191062802	0.37994244796451593	0.05776111723835899	-0.06879521382525888	0.18699035579915865
mean_skew	[0.2,0.5)	non-cCRE	0	all	129310	2891549	271223115	11777645	0.9706970768745786	0.9653122501594571	0.976166308444425	3.8612121541532e-25	-0.0429069474143748	-0.05093240754301723	-0.03480113569719833
mean_skew	[0.2,0.5)	pELS	0	all	3711	90204	271223115	11777645	1.0552664279133432	1.021148895036652	1.0907509685412233	0.0012482629932449418	0.07760728869823855	0.030193242777280208	0.12532175476781585
mean_skew	[0.2,0.5)	pELS	1	all	1319	33942	271223115	11777645	1.116642395359154	1.0568518659089214	1.1806855548141875	6.687562530762603e-5	0.1591672368114604	0.07977317492738414	0.23962479122648514
mean_skew	[0.2,0.5)	pELS	2	all	566	17967	271223115	11777645	1.3761258031475758	1.265662078949426	1.498703774774121	4.343763004952727e-15	0.46061236486622464	0.33989226882664836	0.5837152566035771
mean_skew	[0.2,0.5)	pELS	3	all	408	13029	271223115	11777645	1.3834406247761937	1.2536417138895704	1.5302027514477816	1.2942428033215861e-11	0.4682607269409154	0.3261250902042264	0.6137228222831185
mean_skew	[0.2,0.5)	pELS	4	all	268	8957	271223115	11777645	1.4460961765658449	1.2807713276330417	1.6386538843994298	3.144474188332996e-10	0.5321635058439433	0.35701291600815815	0.7125111613367673
mean_skew	[0.2,0.5)	pELS	5	all	238	7770	271223115	11777645	1.4119406079326218	1.2412726544517152	1.6126660283092342	3.423104806537278e-8	0.4976794041592527	0.3118200486031066	0.6894476975206476
mean_skew	[0.2,0.5)	pELS	6	all	341	12475	271223115	11777645	1.5841316718061569	1.422670736251285	1.768962804846271	2.2359081706021256e-19	0.6636922561036275	0.5086018023117183	0.8229037134732662
mean_skew	[0.5,1.0)	Other cCREs	0	all	3390	66540	271223115	11777645	0.8520702187458188	0.8231752476779945	0.8822411507412696	6.386968789728918e-19	-0.23095576764982165	-0.2807284928657468	-0.18075504066242953
mean_skew	[0.5,1.0)	Other cCREs	1	all	217	3993	271223115	11777645	0.7955773995905346	0.6940329731305381	0.915997062292354	0.0013528373523673033	-0.3299258015736424	-0.5269238887958211	-0.12658512344620063
mean_skew	[0.5,1.0)	Other cCREs	2	all	38	695	271223115	11777645	0.7749555807919722	0.5611675953337973	1.0993101225998887	0.1381803454515639	-0.36781447509104803	-0.8334963920610522	0.13659843744457217
mean_skew	[0.5,1.0)	Other cCREs	3	all	25	302	271223115	11777645	0.5060566336703338	0.33867759709362566	0.7873526770234609	0.002038832910372586	-0.9826292464434938	-1.562015536549173	-0.34491809140140384
mean_skew	[0.5,1.0)	Other cCREs	4	all	11	224	271223115	11777645	0.8142048407225682	0.45700136166708805	1.5993943276889955	0.5121191090973968	-0.296536296075021	-1.1297296309881997	0.6775256764453139
mean_skew	[0.5,1.0)	Other cCREs	5	all	6	149	271223115	11777645	0.930541534450015	0.44063943491763863	2.354217747451079	0.8400043549552618	-0.1038575488933682	-1.1823294804335722	1.2352477649980431
mean_skew	[0.5,1.0)	Other cCREs	6	all	10	257	271223115	11777645	1.0184949246950676	0.5598186155337777	2.065882240396621	0.9999999999999999	0.02643879116732526	-0.8369686335361414	1.0467580199155588
mean_skew	[0.5,1.0)	PLS	0	all	93	2092	271223115	11777645	0.9668704426455504	0.786201070241151	1.2018763608608758	0.7478656095159385	-0.04860550846858163	-0.3470297672096212	0.2652884911012102
mean_skew	[0.5,1.0)	PLS	1	all	45	1339	271223115	11777645	1.2649703948909181	0.9429699196891944	1.7363986392093267	0.12180901732838947	0.33910362077424555	-0.08471634456746553	0.7960981970844926
mean_skew	[0.5,1.0)	PLS	2	all	26	1119	271223115	11777645	1.801318562206664	1.2313083452106162	2.745775326618887	0.001405545188113446	0.8490533436397576	0.3001920879003397	1.4572135816271883
mean_skew	[0.5,1.0)	PLS	3	all	23	1038	271223115	11777645	1.8799261331417962	1.2563701687670297	2.947522044838556	0.001185667305003272	0.9106759760286393	0.3292615931814668	1.5595026033188053
mean_skew	[0.5,1.0)	PLS	4	all	20	892	271223115	11777645	1.846581266672711	1.2005633878913293	2.997776096289712	0.0035712853787243214	0.8848567558799915	0.2637115776476608	1.583892632506747
mean_skew	[0.5,1.0)	PLS	5	all	21	1069	271223115	11777645	2.111999595426944	1.3876695562237371	3.3843043916304265	1.3876607332182018e-4	1.0786095583348148	0.47266406189724564	1.7588593333947184
mean_skew	[0.5,1.0)	PLS	6	all	122	4353	271223115	11777645	1.5371639129661074	1.284841239726316	1.854172234214308	6.117715456182125e-7	0.6202710126635272	0.36159010509255557	0.890775262251343
mean_skew	[0.5,1.0)	dELS	0	all	7511	168681	271223115	11777645	0.9750688314182802	0.9527763555810529	0.9980066634383327	0.032683550344275863	-0.0364240306499647	-0.06979048364715294	-0.0028786467823967363
mean_skew	[0.5,1.0)	dELS	1	all	1655	36227	271223115	11777645	0.9499542049072822	0.9042587275163871	0.9985335414780938	0.04209481533549821	-0.07407012875497325	-0.14519247766697232	-0.002117205213736956
mean_skew	[0.5,1.0)	dELS	2	all	481	10712	271223115	11777645	0.9651392952541986	0.8808876978094186	1.0595794661974136	0.44885309420859504	-0.05119091823744441	-0.18296998963567887	0.08349179081507183
mean_skew	[0.5,1.0)	dELS	3	all	219	4590	271223115	11777645	0.9061843851535223	0.7913828993232749	1.0422072271577816	0.15900919277355877	-0.14212346351042202	-0.33755220386037094	0.05964216424646312
mean_skew	[0.5,1.0)	dELS	4	all	117	2669	271223115	11777645	0.9825611369565503	0.8169627451042515	1.1917602620173942	0.8494876724287218	-0.02538091729737045	-0.29165780437296956	0.2530940482293735
mean_skew	[0.5,1.0)	dELS	5	all	67	1856	271223115	11777645	1.1858669053243636	0.9308697967087417	1.5337288249543193	0.18885672563462028	0.24594209942572023	-0.10334870667267464	0.6170434258153016
mean_skew	[0.5,1.0)	dELS	6	all	101	2719	271223115	11777645	1.1579816278207713	0.9501216508154053	1.4253011282462003	0.15712344917154722	0.21161236415432907	-0.07381585113635696	0.5112667545979536
mean_skew	[0.5,1.0)	non-cCRE	0	all	23406	515326	271223115	11777645	0.9559230294957843	0.9435090735566332	0.968621507260313	2.2001687287953542e-11	-0.0650336371784647	-0.08389170285685757	-0.045995058008823524
mean_skew	[0.5,1.0)	pELS	0	all	838	19431	271223115	11777645	1.0057442317637038	0.9385444043680875	1.0789996596924618	0.8881211861435895	0.008263463710733514	-0.09150309149752973	0.10969440981195847
mean_skew	[0.5,1.0)	pELS	1	all	266	7693	271223115	11777645	1.2513426928726419	1.1074731610559667	1.4190530602227116	2.3418570359224174e-4	0.3234769402657826	0.1472717363598524	0.5049285346338487
mean_skew	[0.5,1.0)	pELS	2	all	124	4524	271223115	11777645	1.5719755941936138	1.3158735731349247	1.8930395004296783	1.1527226606296337e-7	0.652578819117404	0.39602088407838465	0.9207045148342519
mean_skew	[0.5,1.0)	pELS	3	all	115	3299	271223115	11777645	1.2353491770146912	1.0263973337973524	1.499784144913523	0.025761898429772893	0.3049188837098183	0.03758932795417156	0.5847548770733837
mean_skew	[0.5,1.0)	pELS	4	all	68	2376	271223115	11777645	1.495944846026057	1.1775037635202736	1.929193502199813	5.62702049838368e-4	0.5810569854986015	0.23573167096617573	0.9479978560169798
mean_skew	[0.5,1.0)	pELS	5	all	55	1957	271223115	11777645	1.5183086623888211	1.164215912302737	2.017499917329442	0.0014298506012431769	0.6024651111952113	0.219358641340765	1.0125686143861257
mean_skew	[0.5,1.0)	pELS	6	all	74	3203	271223115	11777645	1.85510818165262	1.4755410609375463	2.364738184403498	6.8492008247953734e-9	0.8915033208530416	0.5612440682363585	1.2416804622235051
mean_skew	[1.0,1.5)	Other cCREs	0	all	596	11035	271223115	11777645	0.8027226662661384	0.7392121937871974	0.8730834036548228	4.0776001912542515e-7	-0.31702645971199667	-0.4359395397415852	-0.1958086171016199
mean_skew	[1.0,1.5)	Other cCREs	1	all	31	631	271223115	11777645	0.8576286003149919	0.6012772532781199	1.2648174679877928	0.38123449927817726	-0.22157507709937121	-0.7338977134423254	0.33892919754432693
mean_skew	[1.0,1.5)	Other cCREs	2	all	9	92	271223115	11777645	0.40385147203935173	0.2100557682327513	0.8698826142593962	0.010869783760118976	-1.3081032968393518	-2.2511556914170208	-0.20110736433043544
mean_skew	[1.0,1.5)	Other cCREs	3	all	4	50	271223115	11777645	0.44291830375370034	0.1779147727985676	1.4221316085020987	0.08308958191538222	-1.1748874765554136	-2.4907417880013307	0.5080549826418719
mean_skew	[1.0,1.5)	PLS	0	all	23	371	271223115	11777645	0.6730859205874866	0.44540115759887505	1.0639607875196766	0.07598757002179049	-0.5711374157672764	-1.1668227871882737	0.08944498101450643
mean_skew	[1.0,1.5)	PLS	1	all	6	248	271223115	11777645	1.5446707114948792	0.7386414869419862	3.881958990094519	0.34471096920771455	0.627299321284317	-0.43705379886893025	1.9567848771706444
mean_skew	[1.0,1.5)	PLS	2	all	4	199	271223115	11777645	1.7369822474070689	0.7320339772140988	5.407824120321859	0.2911974665207191	0.7965830092534502	-0.45001748241538353	2.435048231341689
mean_skew	[1.0,1.5)	PLS	3	all	5	193	271223115	11777645	1.4040556246829528	0.6334756346917578	3.8731030082032722	0.5922900714687178	0.4896000922411906	-0.658638964685256	1.9534898714793045
mean_skew	[1.0,1.5)	PLS	4	all	2	157	271223115	11777645	2.287008644101403	0.7684529147906335	11.208753942343606	0.1682939137572273	1.1934618186479937	-0.3799712301295796	3.4865540000494013
mean_skew	[1.0,1.5)	PLS	5	all	4	179	271223115	11777645	1.5632813803049408	0.65761825460242	4.8726407910182745	0.4580127763594204	0.6445774772720337	-0.604677748028871	2.284703871592835
mean_skew	[1.0,1.5)	PLS	6	all	17	659	271223115	11777645	1.5922325731257907	0.9995485684226783	2.7033445977418467	0.05350651431755175	0.6710510818544853	-6.514251459086817e-4	1.434745425215514
mean_skew	[1.0,1.5)	dELS	0	all	1376	29369	271223115	11777645	0.9262050137574891	0.8774136461454562	0.9783241932579136	0.0058497891002084	-0.11059652818964734	-0.18867095056203834	-0.03161547582168395
mean_skew	[1.0,1.5)	dELS	1	all	290	6523	271223115	11777645	0.973530023800452	0.8655237372101822	1.0986307251731358	0.6491100261814594	-0.038702622341288385	-0.2083547084718626	0.1357065450803355
mean_skew	[1.0,1.5)	dELS	2	all	85	1926	271223115	11777645	0.9729975061122254	0.7838010449760486	1.222182450048391	0.7802020258505966	-0.03949198764473288	-0.35144059852192944	0.28945966988007626
mean_skew	[1.0,1.5)	dELS	3	all	42	785	271223115	11777645	0.7937546413434703	0.5837804334602991	1.1056909128023644	0.13900201457253172	-0.3332349721799138	-0.7765022379746501	0.1449481478800899
mean_skew	[1.0,1.5)	dELS	4	all	11	482	271223115	11777645	1.747839324515586	0.9913859839896858	3.406323525559293	0.05475715313731908	0.8055725667727472	-0.012481232459505597	1.7682154657134246
mean_skew	[1.0,1.5)	dELS	5	all	13	313	271223115	11777645	0.9739358666265553	0.5718370527836679	1.8021485777724624	0.889642482735298	-0.038101320471043865	-0.8063239909460763	0.849717958753646
mean_skew	[1.0,1.5)	dELS	6	all	11	454	271223115	11777645	1.646513693068513	0.9333857675841751	3.210230739063801	0.10293413297461627	0.7194145100139729	-0.09945462586286655	1.6826769964564603
mean_skew	[1.0,1.5)	non-cCRE	0	all	4049	79793	271223115	11777645	0.8555117281120161	0.8288776218649083	0.8831634569804588	2.9519218763579593e-21	-0.22514046229650023	-0.2707689815396667	-0.17924761652555307
mean_skew	[1.0,1.5)	pELS	0	all	153	3477	271223115	11777645	0.9807060304590062	0.8343595106553312	1.160109916686559	0.8031001144588831	-0.028107345758331664	-0.26125894565153845	0.21426150254774123
mean_skew	[1.0,1.5)	pELS	1	all	61	1427	271223115	11777645	1.0001508409241362	0.7754620509604532	1.311523353831888	1.0000000000000002	2.1760104205582035e-4	-0.3668719135367261	0.39124349739128755
mean_skew	[1.0,1.5)	pELS	2	all	24	863	271223115	11777645	1.5007503307738999	1.0096884387966034	2.332154307719187	0.04345306765867181	0.5856839859430295	0.013910186892384107	1.2216632480651042
mean_skew	[1.0,1.5)	pELS	3	all	19	678	271223115	11777645	1.4742605588147057	0.9469975450025557	2.4289297253073143	0.08804679639063111	0.559991526935859	-0.07856740923301476	1.2803207499913667
mean_skew	[1.0,1.5)	pELS	4	all	13	482	271223115	11777645	1.498144110884957	0.8842207501241214	2.761030699142437	0.14436145604849968	0.5831764075477329	-0.17752150428469798	1.4652069289452982
mean_skew	[1.0,1.5)	pELS	5	all	10	419	271223115	11777645	1.6580278784952451	0.9171526216247494	3.347058813440779	0.11492350340386434	0.7294682648726861	-0.12476626494954429	1.7428939018203398
mean_skew	[1.0,1.5)	pELS	6	all	8	565	271223115	11777645	2.7309033308844386	1.4283866479720506	6.0035066936213	7.462271205392705e-4	1.4493782461713105	0.5143865533221529	2.5858054360017233
mean_skew	[1.5,Inf)	Other cCREs	0	all	199	3326	271223115	11777645	0.7223669693581188	0.6261587274319566	0.8373873367824993	1.971931342446408e-5	-0.4691961686144194	-0.6753996769434812	-0.25603299350275255
mean_skew	[1.5,Inf)	Other cCREs	1	all	9	169	271223115	11777645	0.7382121928285174	0.39171385495716304	1.567311272025036	0.3461899888906394	-0.43789252854745114	-1.3521279374322759	0.6482917311893377
mean_skew	[1.5,Inf)	PLS	0	all	8	86	271223115	11777645	0.4197682233383423	0.21122899535575618	0.9486680767239256	0.018764173321244533	-1.2523351368503244	-2.243120208179965	-0.07602469449860585
mean_skew	[1.5,Inf)	PLS	1	all	2	65	271223115	11777645	0.955314157946527	0.3129627412507935	4.750830106864303	0.7645009109026278	-0.06595284909014194	-1.6759371828166156	2.2481796158485574
mean_skew	[1.5,Inf)	PLS	2	all	3	66	271223115	11777645	0.7273637121412856	0.2712379465432396	2.7470387886963468	0.542041911208018	-0.45925114272554424	-1.8823690673714266	1.4578772816787038
mean_skew	[1.5,Inf)	PLS	6	all	2	106	271223115	11777645	1.5488061600130842	0.5159030096320689	7.628738228486996	0.6326511765411246	0.6311565957175621	-0.9548282320978887	2.931444459151979
mean_skew	[1.5,Inf)	PLS	5	all	0	51	271223115	11777645	2.2580586687329243	0.3877694423468415	90.85881145053425	0.7269231161827576	1.1750829706062487	-1.3667289766197375	6.505554528109055
mean_skew	[1.5,Inf)	dELS	0	all	422	8558	271223115	11777645	0.8786440533796885	0.7968222137658124	0.9710358964204983	0.010371054073647292	-0.18664925992389472	-0.32767022754780795	-0.04240346594669789
mean_skew	[1.5,Inf)	dELS	1	all	79	1761	271223115	11777645	0.9564002586040189	0.7642243341267044	1.2121232757552902	0.6828462565836644	-0.06431357474300214	-0.38793189873997835	0.2775364317124049
mean_skew	[1.5,Inf)	dELS	2	all	34	567	271223115	11777645	0.7047221286676862	0.5007260944194181	1.0219775749936537	0.05172497453453971	-0.5048735786763248	-0.9979064541081176	0.03136353991506851
mean_skew	[1.5,Inf)	dELS	3	all	15	221	271223115	11777645	0.6025145278251469	0.36289960792056186	1.0725584196321443	0.07064642487882894	-0.7309320668748742	-1.462357596767736	0.10105622993296456
mean_skew	[1.5,Inf)	dELS	4	all	7	130	271223115	11777645	0.7110807459729087	0.35042850336464987	1.6817186424357653	0.2917181253071282	-0.4919147021307331	-1.5128079683775157	0.7499363577237891
mean_skew	[1.5,Inf)	dELS	5	all	4	62	271223115	11777645	0.5471652741728152	0.2224789328103818	1.7432069737720917	0.20858300776949454	-0.8699514223543324	-2.1682593654104347	0.8017438731395921
mean_skew	[1.5,Inf)	dELS	6	all	3	100	271223115	11777645	1.0964616610575402	0.4152605181045862	4.10184956456406	0.9999999999999999	0.132855367534389	-1.2679113843152472	2.0362745819110875
mean_skew	[1.5,Inf)	non-cCRE	0	all	1329	21931	271223115	11777645	0.7160611517059282	0.6774613468125424	0.7573758139199659	1.8685448386302236e-29	-0.4818452958117429	-0.561789460380535	-0.4009187440305667
mean_skew	[1.5,Inf)	pELS	0	all	44	1006	271223115	11777645	0.9717289995026122	0.7208028156798949	1.3408589516090461	0.8168168080278781	-0.041374070754400125	-0.4723234481095414	0.42315748443359724
mean_skew	[1.5,Inf)	pELS	1	all	18	438	271223115	11777645	1.0033275850470742	0.634788319504642	1.6826213806250667	1.0000000000000002	0.004792720767639205	-0.6556525129457816	0.7507105814534095
mean_skew	[1.5,Inf)	pELS	2	all	7	255	271223115	11777645	1.3895806495035483	0.6946607787894855	3.2532727851803176	0.4409970317565644	0.47464956916407686	-0.5256194511957274	1.7018917966572826
mean_skew	[1.5,Inf)	pELS	3	all	7	212	271223115	11777645	1.1561707967305583	0.576208148955026	2.712547615355506	0.86577777343595	0.20935453745351396	-0.7953380311027481	1.4396484624730002
mean_skew	[1.5,Inf)	pELS	5	all	3	116	271223115	11777645	1.2701613279068407	0.48304627530984234	4.739368041021004	0.8208198423609521	0.34501175068996215	-1.0497666905838716	2.2446946994467187
mean_skew	[1.5,Inf)	pELS	6	all	3	162	271223115	11777645	1.7695510282044795	0.6780398721148317	6.572552438267073	0.3318659508719514	0.8233833650839016	-0.5605579813915598	2.7164537472466788
mean_skew	[1.5,Inf)	pELS	4	all	0	139	271223115	11777645	6.08009328663546	1.0734152617767325	241.61535954516796	0.032921521482759834	2.604093459052725	0.10220830555180603	7.916568359815607
