skew_type	skew_bin	ccre_class	cell_line	n	n_MR	sum_MR	sum_MR_sq	n_phyloP	sum_phyloP	sum_phyloP_sq	n_conserved	n_tf_chip_peak	n_tf_footprint	phyloP_mean	phyloP_var	phyloP_se	phyloP_lci	phyloP_uci	frac_conserved	frac_conserved_se	frac_conserved_lci	frac_conserved_uci	skew_cell	matched
HepG2_skew	(-Inf,-1.5)	Inactive cCRE	HepG2	46665	46664	43286.092	95374.038482	46577	-7745.196003582099	152948.66438562964	2490	4198	15310	-0.166287996298218	3.256199142503801	0.008361221383653708	-0.18267599021017927	-0.14990000238625673	0.05345986216372888	0.0010423118578838373	0.05141693092227656	0.0555027934051812	HepG2	Matched
HepG2_skew	(-Inf,-1.5)	Inactive cCRE	K562	45979	45977	41598.719	91942.834965	45895	-6424.996009830271	150891.2267162845	2612	3982	15226	-0.13999337639896003	3.268221768238081	0.008438651895023495	-0.15653313411320607	-0.12345361868471398	0.056912517703453534	0.0010814269848725716	0.054792920813103295	0.059032114593803774	HepG2	Mismatched
HepG2_skew	(-Inf,-1.5)	Inactive cCRE	SK-N-SH	49639	49637	43886.635	96356.768959	49550	-5908.33600357885	161112.88459422986	2871	4505	17676	-0.11923987898241876	3.237368570993878	0.008083030986532262	-0.135082619716022	-0.10339713824881554	0.057941473259334006	0.0010495711385568208	0.055884313827762634	0.05999863269090538	HepG2	Mismatched
HepG2_skew	(-Inf,-1.5)	Other cCREs	HepG2	3274	3273	1474.054	2683.117024	3270	2080.106996647199	17983.611831668906	486	445	2195	0.6361183475985318	5.096487490404878	0.039478587431254944	0.5587403162332721	0.7134963789637915	0.14862385321100918	0.006220583457588208	0.1364315096341363	0.16081619678788206	HepG2	Matched
HepG2_skew	(-Inf,-1.5)	Other cCREs	K562	3584	3584	2374.578	4508.532396	3574	1362.774000875885	18191.421102522167	448	550	2146	0.3813021826737227	4.945925665126557	0.03720030651776709	0.3083895818988992	0.45421478344854616	0.12534974818130945	0.0055386213007170395	0.11449405043190405	0.13620544593071485	HepG2	Mismatched
HepG2_skew	(-Inf,-1.5)	Other cCREs	SK-N-SH	2448	2448	1727.958	3252.037018	2443	1331.4570019737594	16332.270856570003	409	532	1303	0.5450090061292506	6.390915151195927	0.05114695605678518	0.4447609722579517	0.6452570400005496	0.16741711011051985	0.007553564253513258	0.15261212417363387	0.18222209604740583	HepG2	Mismatched
HepG2_skew	(-Inf,-1.5)	PLS	HepG2	1268	1268	273.982	187.919318	1267	5325.213008336724	36961.773275302374	822	569	945	4.203009477771684	11.516471192819955	0.09533917847612249	4.016144687958485	4.389874267584884	0.648776637726914	0.013410685936602685	0.6224916932911727	0.6750615821626552	HepG2	Matched
HepG2_skew	(-Inf,-1.5)	PLS	K562	1329	1329	314.389	234.131225	1328	5261.099003288081	36754.20230557704	820	569	978	3.961670936210904	11.990549579293512	0.09502119920134021	3.7754293857762775	4.147912486645531	0.6174698795180723	0.013336493873197202	0.5913303515266057	0.6436094075095389	HepG2	Mismatched
HepG2_skew	(-Inf,-1.5)	PLS	SK-N-SH	1294	1294	243.986	100.02601	1293	5711.628005678415	39736.17718108912	878	572	959	4.417345712048272	11.22750905680399	0.09318423508331151	4.2347046112849815	4.599986812811562	0.6790409899458624	0.012982954019217823	0.6535944000681955	0.7044875798235293	HepG2	Mismatched
HepG2_skew	(-Inf,-1.5)	dELS	HepG2	2496	2496	1030.68	1780.675364	2496	2635.4389969548206	18231.20871608076	562	414	1724	1.0558649827543352	6.191799985976335	0.04980651661123921	0.9582442101963063	1.153485755312364	0.22516025641025642	0.00836044744423156	0.20877377941956254	0.2415467334009503	HepG2	Matched
HepG2_skew	(-Inf,-1.5)	dELS	K562	2495	2495	1549.665	2952.526085	2495	1636.2639991182366	15939.028073684987	400	409	1668	0.6558172341155257	5.960680811347416	0.04887791347213735	0.5600165237101365	0.7516179445209149	0.16032064128256512	0.00734541240989693	0.14592363295916713	0.17471764960596312	HepG2	Mismatched
HepG2_skew	(-Inf,-1.5)	dELS	SK-N-SH	648	648	323.753	502.943975	648	1009.4379984749254	8013.612868400638	203	133	462	1.5577746890045145	9.955387796378705	0.12394858923033114	1.3148354541130656	1.8007139238959635	0.3132716049382716	0.01822071921637118	0.2775589952741841	0.3489842146023591	HepG2	Mismatched
HepG2_skew	(-Inf,-1.5)	non-cCRE	HepG2	60719	60695	69196.262	159064.95171	60400	-32316.409951079768	122939.81600262182	474	2536	1323	-0.535039899852314	1.7491886829055079	0.005381456822417898	-0.5455875552242531	-0.524492244480375	0.007847682119205298	3.590388199731361e-4	0.007143966032057952	0.008551398206352645	HepG2	Matched
HepG2_skew	(-Inf,-1.5)	non-cCRE	K562	60719	60695	69196.262	159064.95171	60400	-32316.409951079768	122939.81600262182	474	2536	1323	-0.535039899852314	1.7491886829055079	0.005381456822417898	-0.5455875552242531	-0.524492244480375	0.007847682119205298	3.590388199731361e-4	0.007143966032057952	0.008551398206352645	HepG2	Mismatched
HepG2_skew	(-Inf,-1.5)	non-cCRE	SK-N-SH	60719	60695	69196.262	159064.95171	60400	-32316.409951079768	122939.81600262182	474	2536	1323	-0.535039899852314	1.7491886829055079	0.005381456822417898	-0.5455875552242531	-0.524492244480375	0.007847682119205298	3.590388199731361e-4	0.007143966032057952	0.008551398206352645	HepG2	Mismatched
HepG2_skew	(-Inf,-1.5)	pELS	HepG2	1114	1114	305.725	331.613723	1112	2239.214003077009	15415.44925004236	401	428	777	2.013681657443353	9.816728249285225	0.09395740008074274	1.8295251532850973	2.197838161601609	0.3606115107913669	0.01439957936398954	0.33238833523794736	0.3888346863447864	HepG2	Matched
HepG2_skew	(-Inf,-1.5)	pELS	K562	1430	1430	533.182	719.33924	1430	2699.636007981724	19764.82926065533	481	544	933	1.887857348238968	10.264731690284478	0.08472386941795083	1.7217985641797844	2.0539161322981516	0.33636363636363636	0.012494002491149847	0.31187539148098264	0.3608518812462901	HepG2	Mismatched
HepG2_skew	(-Inf,-1.5)	pELS	SK-N-SH	788	788	188.201	145.587949	788	2390.5899988854076	16345.76195843439	400	312	551	3.0337436534078774	11.554415147923049	0.12109072378051569	2.7964058347980667	3.271081472017688	0.5076142131979695	0.017809697059095964	0.4727072069621414	0.5425212194337976	HepG2	Mismatched
HepG2_skew	[-0.05,0.05)	Inactive cCRE	HepG2	66831476	66795005	16926428.495999973	22731771.75539008	66683191	2270392.9633532455	137493963.89039075	2995506	4426397	5076761	0.03404745527779625	2.0607391876049714	1.757937084650905e-4	0.033702899609204674	0.03439201094638782	0.04492145554342173	2.5365198618356844e-5	0.04487173975412975	0.04497117133271371	HepG2	Matched
HepG2_skew	[-0.05,0.05)	Inactive cCRE	K562	65450763	65414530	16628962.879999977	22436223.950890087	65303992	2286167.929317963	134712087.25242192	2941320	4121152	4796669	0.03500808846904739	2.061620596561966	0.00017767834776352632	0.03465983890743088	0.0353563380306639	0.04504043183148742	2.566397360578575e-5	0.04499013044322008	0.04509073321975476	HepG2	Mismatched
HepG2_skew	[-0.05,0.05)	Inactive cCRE	SK-N-SH	66314495	66278557	16715816.092999963	22463795.369907074	66165048	1941431.8768749528	133217516.6348869	2871840	4222303	4898661	0.02934225751449546	2.0125512892148145	1.7440509278462266e-4	0.029000423532637598	0.029684091496353322	0.04340418524293975	2.505046122476787e-5	0.043355086338939204	0.043453284146940295	HepG2	Mismatched
HepG2_skew	[-0.05,0.05)	Other cCREs	HepG2	1402081	1401614	313643.949	340647.712129	1399630	-44406.8330949161	3707324.439603725	67984	203067	337420	-0.03172755163501504	2.6477841767452364	0.0013754178931889784	-0.03442337070566544	-0.029031732564364643	0.04857283710694969	1.8170960624677712e-4	0.04821668627870601	0.048928987935193374	HepG2	Matched
HepG2_skew	[-0.05,0.05)	Other cCREs	K562	2030349	2029865	470291.698	526725.590818	2027473	-64587.12108784297	4777263.083821658	90785	285948	447303	-0.03185597099830329	2.3552510704786154	0.0010778071622168052	-0.03396847303624823	-0.029743468960358354	0.04477741503832604	1.452460266525895e-4	0.04449273282608696	0.04506209725056511	HepG2	Mismatched
HepG2_skew	[-0.05,0.05)	Other cCREs	SK-N-SH	2263302	2262319	622225.872	764753.199964	2261679	141930.27838894198	7927393.344982501	177226	425809	499957	0.06275438662557417	3.5011556010265856	0.001244200075719241	0.06031575447716446	0.06519301877398388	0.07836036855804913	1.7869537943206496e-4	0.07801012561436228	0.07871061150173599	HepG2	Mismatched
HepG2_skew	[-0.05,0.05)	PLS	HepG2	317940	317855	51853.004	22553.22982	317802	37206.59102876753	1864778.8813807508	38589	137794	158551	0.11707475418269088	5.854049952272277	0.004291903009074127	0.10866262428490558	0.12548688408047617	0.12142466063775559	5.793815224761096e-4	0.12028907285370241	0.12256024842180877	HepG2	Matched
HepG2_skew	[-0.05,0.05)	PLS	K562	361353	361244	59471.346	25581.459968	361174	52827.44499663656	1981118.5425238032	43071	154186	177324	0.14626591337315686	5.463840564023888	0.003889473075950099	0.13864254614429466	0.15388928060201906	0.11925277013295531	5.392642641375476e-4	0.11819581217524572	0.1203097280906649	HepG2	Mismatched
HepG2_skew	[-0.05,0.05)	PLS	SK-N-SH	409019	408867	67321.96399999999	26985.277006	408809	103196.9430111888	2337187.0703912573	54793	169830	200676	0.25243314851480475	5.65335497629655	0.0037187150701283754	0.24514446697735315	0.25972183005225635	0.13403080656247784	5.32835697199243e-4	0.13298644859596734	0.13507516452898835	HepG2	Mismatched
HepG2_skew	[-0.05,0.05)	dELS	HepG2	746153	746088	183684.827	223225.377629	745789	74313.38087220732	2316193.7174151894	49985	127411	164508	0.09964397553759484	3.095770965354019	0.0020374005762310364	0.09565067040818201	0.10363728066700767	0.0670229783491041	2.8956052046649045e-4	0.06645543972898978	0.06759051696921843	HepG2	Matched
HepG2_skew	[-0.05,0.05)	dELS	K562	954233	954122	232042.986	277245.889124	953460	15271.961907144658	2702428.473290775	49073	149234	200352	0.016017412274395	2.83408500625687	0.0017240712000978402	0.012638232722203234	0.01939659182658677	0.05146833637488725	2.2627925634925662e-4	0.05102482903244271	0.05191184371733179	HepG2	Mismatched
HepG2_skew	[-0.05,0.05)	dELS	SK-N-SH	296921	296912	74150.431	81736.361885	296741	92415.99385210728	1632555.2859409738	36725	58013	102043	0.3114365519160051	5.404642338322379	0.004267708044985823	0.3030718441478329	0.31980125968417733	0.12376112502148338	6.045254720717292e-4	0.12257625509622279	0.12494599494674398	HepG2	Mismatched
HepG2_skew	[-0.05,0.05)	non-cCRE	HepG2	298342156	298179695	69826707.45299962	91479894.6860742	294785594	-29423331.298912425	335256834.6967356	4180676	6322109	1003583	-0.09981264993197878	1.127327867851278	6.184035777508613e-5	-0.09993385703321794	-0.09969144283073961	0.014182090594291388	6.886766393855695e-6	0.014168592532159432	0.014195588656423345	HepG2	Matched
HepG2_skew	[-0.05,0.05)	non-cCRE	K562	298342156	298179695	69826707.45299962	91479894.6860742	294785594	-29423331.298912425	335256834.6967356	4180676	6322109	1003583	-0.09981264993197878	1.127327867851278	6.184035777508613e-5	-0.09993385703321794	-0.09969144283073961	0.014182090594291388	6.886766393855695e-6	0.014168592532159432	0.014195588656423345	HepG2	Mismatched
HepG2_skew	[-0.05,0.05)	non-cCRE	SK-N-SH	298342156	298179695	69826707.45299962	91479894.6860742	294785594	-29423331.298912425	335256834.6967356	4180676	6322109	1003583	-0.09981264993197878	1.127327867851278	6.184035777508613e-5	-0.09993385703321794	-0.09969144283073961	0.014182090594291388	6.886766393855695e-6	0.014168592532159432	0.014195588656423345	HepG2	Mismatched
HepG2_skew	[-0.05,0.05)	pELS	HepG2	453360	453260	77968.474	50569.612428	453093	79319.24501888115	1754893.894918851	39249	177429	154080	0.17506173129772729	3.8425046801987612	0.0029121485599445975	0.16935392012023587	0.1807695424752187	0.08662460024763129	4.178800140298724e-4	0.08580555542013274	0.08744364507512983	HepG2	Matched
HepG2_skew	[-0.05,0.05)	pELS	K562	954312	954061	162809.84	102990.796596	953406	127145.13204428418	2964257.4716510344	67064	361578	269672	0.1333588545113878	3.0913426534210644	0.0018006720882712008	0.12982953721837623	0.13688817180439936	0.0703414914527494	2.6189582192199265e-4	0.0698281756417823	0.0708548072637165	HepG2	Mismatched
HepG2_skew	[-0.05,0.05)	pELS	SK-N-SH	467273	467167	74064.39	31497.478634	467228	137850.25505099542	2022502.487507584	50729	196143	189983	0.29503851449612484	4.241688414912722	0.0030130403722167043	0.2891329553665801	0.30094407362566955	0.10857440050681894	4.5513668323286376e-4	0.10768233260768252	0.10946646840595535	HepG2	Mismatched
HepG2_skew	[-0.2,-0.05)	Inactive cCRE	HepG2	18011882	18001940	8133156.710999999	14799051.69309101	17965251	-763255.6895948228	41712903.11778671	818720	1487362	2204239	-0.04248511137388633	2.320061013056179	3.5936275034502646e-4	-0.04318946236456258	-0.04178076038321008	0.04557242200512534	4.920462206272504e-5	0.0454759809458824	0.04566886306436828	HepG2	Matched
HepG2_skew	[-0.2,-0.05)	Inactive cCRE	K562	17578627	17568838	7981634.386	14597763.68434801	17532796	-763878.216801298	40661471.983255446	796597	1376068	2061525	-0.043568533895067166	2.3172683493575916	3.6354868247693846e-4	-0.04428108931272196	-0.04285597847741237	0.04543468138225073	4.973601431093554e-5	0.0453371987942013	0.04553216397030016	HepG2	Mismatched
HepG2_skew	[-0.2,-0.05)	Inactive cCRE	SK-N-SH	17781847	17772083	8023999.885999999	14666671.524122013	17734857	-930418.444543865	39760102.523587614	761423	1387372	2108431	-0.052462697869166075	2.239166208163157	3.553279090127589e-4	-0.053159140570831084	-0.051766255167501066	0.04293369830949299	4.813448361720523e-5	0.04283935472160327	0.04302804189738271	HepG2	Mismatched
HepG2_skew	[-0.2,-0.05)	Other cCREs	HepG2	625414	625245	215130.246	311856.40856	624480	19875.643915782795	1921482.3663159292	39979	98355	200533	0.03182751075419997	3.0759237284927963	0.0022193638829308268	0.02747755754365555	0.03617746396474439	0.06401966436074814	3.097638916169052e-4	0.063412527133179	0.06462680158831728	HepG2	Matched
HepG2_skew	[-0.2,-0.05)	Other cCREs	K562	828363	828109	302155.165	445921.463125	827087	-1540.028989653108	2350016.000544255	48325	131199	258277	-0.0018619915313057853	2.8413165414761203	0.0018534642449003604	-0.005494781451310491	0.0017707983886989208	0.05842795256121786	2.5790604118974765e-4	0.05792245672048596	0.058933448401949765	HepG2	Mismatched
HepG2_skew	[-0.2,-0.05)	Other cCREs	SK-N-SH	1001923	1001559	400338.856	595642.079714	1001189	82367.01085065375	3792974.0751638776	86286	205214	292845	0.08226919278043782	3.781705141960807	0.0019435056044359168	0.07845992179574342	0.08607846376513222	0.08618352778546308	2.80468175971911e-4	0.08563381016055813	0.08673324541036803	HepG2	Mismatched
HepG2_skew	[-0.2,-0.05)	PLS	HepG2	202187	202130	37262.683	18809.149813	202074	113344.30399768804	1340135.7707440895	35759	87425	112129	0.5609049358041511	6.317322904032207	0.0055912809973800714	0.5499460250492861	0.5718638465590161	0.17695992557182022	8.489707650822554e-4	0.175295942872259	0.17862390827138144	HepG2	Matched
HepG2_skew	[-0.2,-0.05)	PLS	K562	225835	225766	41670.866	20176.701898	225731	129788.35201514726	1431602.87014484	39457	96511	124884	0.574969109316608	6.011511881393791	0.0051605531120165575	0.5648544252170556	0.5850837934161605	0.17479654987573706	7.993764377076767e-4	0.17322977205783002	0.1763633276936441	HepG2	Mismatched
HepG2_skew	[-0.2,-0.05)	PLS	SK-N-SH	260372	260282	47452.778	20646.407316	260245	179056.20904070104	1718117.515816737	49502	108118	143325	0.6880293916912948	6.128562353913689	0.0048527521133574034	0.6785179975491143	0.6975407858334753	0.19021306845472535	7.693329980589011e-4	0.1887051757785299	0.1917209611309208	HepG2	Mismatched
HepG2_skew	[-0.2,-0.05)	dELS	HepG2	352530	352493	130451.167	200953.199129	352349	59384.09693475789	1259190.5619457508	29403	65026	107124	0.1685377195188801	3.5453077686624552	0.003172053105508691	0.16232049543208307	0.17475494360567714	0.08344851269621881	4.6590912026672277e-4	0.08253533082049604	0.08436169457194158	HepG2	Matched
HepG2_skew	[-0.2,-0.05)	dELS	K562	388911	388826	151751.11	235328.028532	388529	18997.42099667024	1255629.448297768	24975	69405	119811	0.04889576066823902	3.2293697106705332	0.0028830167369459747	0.04324504786382491	0.05454647347265314	0.06428091596766265	3.93461326384233e-4	0.06350973176794955	0.06505210016737575	HepG2	Mismatched
HepG2_skew	[-0.2,-0.05)	dELS	SK-N-SH	137629	137623	49775.436	67159.892696	137512	52559.7489146177	784882.8983627079	18860	30153	60413	0.38221936205289503	5.561689935080847	0.006359648128396037	0.3697544517212388	0.3946842723845513	0.1371516667636279	9.276784710210342e-4	0.13533341696042667	0.1389699165668291	HepG2	Mismatched
HepG2_skew	[-0.2,-0.05)	non-cCRE	HepG2	44212274	44186224	20108115.43099999	38852006.15403698	43677507	-7731343.610536332	59986480.17665458	651121	1322863	368472	-0.177009727467649	1.342062826370965	1.7529014591098605e-4	-0.17735329615363454	-0.17666615878166347	0.014907467131766472	1.8336292271404424e-5	0.01487152799891452	0.014943406264618424	HepG2	Matched
HepG2_skew	[-0.2,-0.05)	non-cCRE	K562	44212274	44186224	20108115.43099999	38852006.15403698	43677507	-7731343.610536332	59986480.17665458	651121	1322863	368472	-0.177009727467649	1.342062826370965	1.7529014591098605e-4	-0.17735329615363454	-0.17666615878166347	0.014907467131766472	1.8336292271404424e-5	0.01487152799891452	0.014943406264618424	HepG2	Mismatched
HepG2_skew	[-0.2,-0.05)	non-cCRE	SK-N-SH	44212274	44186224	20108115.43099999	38852006.15403698	43677507	-7731343.610536332	59986480.17665458	651121	1322863	368472	-0.177009727467649	1.342062826370965	1.7529014591098605e-4	-0.17735329615363454	-0.17666615878166347	0.014907467131766472	1.8336292271404424e-5	0.01487152799891452	0.014943406264618424	HepG2	Mismatched
HepG2_skew	[-0.2,-0.05)	pELS	HepG2	224675	224626	49505.298	42663.712486	224544	92844.89699153855	1016021.7956438272	27078	91067	96941	0.4134819767686447	4.353874777227011	0.004403390890077461	0.40485133062409284	0.4221126229131965	0.12059106455750321	6.872302601755015e-4	0.11924409324755922	0.1219380358674472	HepG2	Matched
HepG2_skew	[-0.2,-0.05)	pELS	K562	394952	394895	88294.578	74144.285176	394555	138825.7250240781	1551013.3101939938	41585	156052	156469	0.3518539241020342	3.8072530859602542	0.003106362237056426	0.3457654541174036	0.3579423940866648	0.10539721965251993	4.888503419982059e-4	0.10443907298220344	0.10635536632283642	HepG2	Mismatched
HepG2_skew	[-0.2,-0.05)	pELS	SK-N-SH	234917	234887	43939.149	23214.259231	234895	138628.72798283788	1193656.5995053845	34868	98378	115952	0.5901731751754523	4.733376088538741	0.004488989815112205	0.5813747551378324	0.5989715952130722	0.14844079269460822	7.335794735330561e-4	0.14700297692648343	0.14987860846273302	HepG2	Mismatched
HepG2_skew	[-0.5,-0.2)	Inactive cCRE	HepG2	3501893	3500293	1853548.128	3558609.655386	3492018	-232816.52395658675	9218680.649259713	176563	327919	678684	-0.06667105494776566	2.6354850294251877	8.687444437296396e-4	-0.06837379405747576	-0.06496831583805557	0.05056188141069147	1.1724834144223962e-4	0.05033207466146468	0.05079168815991826	HepG2	Matched
HepG2_skew	[-0.5,-0.2)	Inactive cCRE	K562	3419850	3418300	1816063.914	3506426.39463	3410252	-238172.9940092072	8921939.011722252	170411	303725	635794	-0.06984029157059572	2.611334162903671	8.750603161118819e-4	-0.07155540979017501	-0.06812517335101644	0.04997020748026832	1.1798612898930698e-4	0.04973895466744928	0.05020146029308736	HepG2	Mismatched
HepG2_skew	[-0.5,-0.2)	Inactive cCRE	SK-N-SH	3484825	3483280	1839143.739	3548225.781213	3474885	-288601.4639546684	8721380.314830702	161894	306637	664619	-0.08305352952821989	2.5029356216271554	8.487008192943588e-4	-0.08471698313403683	-0.08139007592240294	0.046589743257690545	1.130615279304255e-4	0.046368142662946914	0.04681134385243418	HepG2	Mismatched
HepG2_skew	[-0.5,-0.2)	Other cCREs	HepG2	189052	189007	68081.729	102914.577439	188786	57381.429935477776	797808.9916203964	20060	30805	83336	0.3039496039721048	4.133633120831395	0.004679301962786502	0.29477817212504326	0.31312103581916634	0.10625787929189665	7.092539981455022e-4	0.10486774145553146	0.10764801712826183	HepG2	Matched
HepG2_skew	[-0.5,-0.2)	Other cCREs	K562	232452	232379	92663.022	142050.778078	232031	51466.31294881973	937911.1420976656	22512	38716	103599	0.22180791768694583	3.9929987777074656	0.004148361382844344	0.2136771293765709	0.22993870599732075	0.09702151867638376	6.144686479011871e-4	0.09581716012649744	0.09822587722627008	HepG2	Mismatched
HepG2_skew	[-0.5,-0.2)	Other cCREs	SK-N-SH	257827	257728	108782.355	165503.60361700002	257593	74293.80993882513	1237427.485996029	31032	56143	104794	0.2884154846553483	4.720643501334011	0.004280885120995572	0.280024949818197	0.2968060194924996	0.12046911212649412	6.413518830339317e-4	0.11921206243574761	0.12172616181724064	HepG2	Mismatched
HepG2_skew	[-0.5,-0.2)	PLS	HepG2	74931	74918	13593.26	6945.118104	74886	107818.86296019614	765747.3224510152	22566	32660	46870	1.4397732948774957	8.15266879718059	0.010433969981652868	1.419322713713456	1.4602238760415354	0.3013380338113933	0.0016767187048924862	0.298051665149804	0.30462440247298256	HepG2	Matched
HepG2_skew	[-0.5,-0.2)	PLS	K562	81770	81755	14763.752	7131.942566	81744	116800.49396498868	810238.047254014	24274	35167	51447	1.4288570900003508	7.870359949311826	0.00981226694828039	1.4096250467817213	1.4480891332189803	0.2969514582110002	0.0015981128529329654	0.2938191570192516	0.30008375940274884	HepG2	Mismatched
HepG2_skew	[-0.5,-0.2)	PLS	SK-N-SH	94139	94118	16589.985	6851.092017	94091	143933.92195999282	967147.4568353652	29342	39525	58743	1.5297310259216377	7.938859291429274	0.009185546714060466	1.511727354362079	1.5477346974811963	0.31184704169367955	0.0015102166803398682	0.3088870170002134	0.3148070663871457	HepG2	Mismatched
HepG2_skew	[-0.5,-0.2)	dELS	HepG2	109140	109133	41731.703	66281.489567	109090	37576.90298529297	474407.4668864196	12345	20850	44221	0.3444578145136398	4.230158943687398	0.006227100458771764	0.33225269761444715	0.3566629314128325	0.11316344302869191	9.591408740849745e-4	0.11128352691548536	0.11504335914189846	HepG2	Matched
HepG2_skew	[-0.5,-0.2)	dELS	K562	105678	105659	44842.373	72019.659707	105569	19516.497010413208	419046.4706089672	9523	20376	45398	0.18486958302544504	3.9352688688289517	0.006105468586966582	0.17290286459499055	0.19683630145589953	0.09020640528943155	8.817021948348175e-4	0.08847826898755531	0.09193454159130779	HepG2	Mismatched
HepG2_skew	[-0.5,-0.2)	dELS	SK-N-SH	38930	38926	15088.605	21057.173823	38882	25469.461971125223	271186.4487233929	6945	9110	21345	0.6550450586678983	6.545685643689138	0.01297487774071221	0.6296142982961024	0.6804758190396942	0.17861735507432744	0.0019424967027429285	0.1748100615369513	0.18242464861170357	HepG2	Mismatched
HepG2_skew	[-0.5,-0.2)	non-cCRE	HepG2	5198450	5195580	3095622.038	6356530.14576	5143990	-1386773.8141669442	8074681.761407025	72428	198562	85790	-0.26959107894201667	1.497052173439178	5.394713809514335e-4	-0.2706484428486815	-0.26853371503535184	0.014080120684526992	5.194861131781673e-5	0.013978301406344072	0.014181939962709913	HepG2	Matched
HepG2_skew	[-0.5,-0.2)	non-cCRE	K562	5198450	5195580	3095622.038	6356530.14576	5143990	-1386773.8141669442	8074681.761407025	72428	198562	85790	-0.26959107894201667	1.497052173439178	5.394713809514335e-4	-0.2706484428486815	-0.26853371503535184	0.014080120684526992	5.194861131781673e-5	0.013978301406344072	0.014181939962709913	HepG2	Mismatched
HepG2_skew	[-0.5,-0.2)	non-cCRE	SK-N-SH	5198450	5195580	3095622.038	6356530.14576	5143990	-1386773.8141669442	8074681.761407025	72428	198562	85790	-0.26959107894201667	1.497052173439178	5.394713809514335e-4	-0.2706484428486815	-0.26853371503535184	0.014080120684526992	5.194861131781673e-5	0.013978301406344072	0.014181939962709913	HepG2	Mismatched
HepG2_skew	[-0.5,-0.2)	pELS	HepG2	68955	68948	15594.216	13923.188712	68917	58425.48398924283	440974.5916659	13022	28217	36384	0.8477659211695638	5.680008378489495	0.009078441640683338	0.8299721755538245	0.8655596667853032	0.18895192768112368	0.001491199603840868	0.18602917645759556	0.1918746789046518	HepG2	Matched
HepG2_skew	[-0.5,-0.2)	pELS	K562	104221	104206	24215.975	21045.254227	104101	78775.84599860862	608484.3502005448	17836	42467	53257	0.756725161128218	5.272552213681422	0.00711677103900549	0.7427762898917672	0.7706740323646687	0.17133360870692885	0.001167840932503484	0.16904464047922202	0.17362257693463568	HepG2	Mismatched
HepG2_skew	[-0.5,-0.2)	pELS	SK-N-SH	68250	68247	12944.352	7036.378538	68246	73290.42599834819	500477.31549795286	15343	29036	39994	1.0739153356731266	6.180227167709141	0.009516201261411578	1.0552635812007598	1.0925670901454934	0.22481903701315828	0.0015980099902650228	0.22168693743223883	0.22795113659407773	HepG2	Mismatched
HepG2_skew	[-1.0,-0.5)	Inactive cCRE	HepG2	810444	810203	500691.47	1005847.522248	808096	-36004.56905781654	2483416.10785143	47729	77111	220812	-0.04455481657849629	3.0711883267203373	0.0019494932942852748	-0.04837582343529543	-0.04073380972169715	0.05906352710569041	2.6224569171831986e-4	0.05854952554992251	0.059577528661458316	HepG2	Matched
HepG2_skew	[-1.0,-0.5)	Inactive cCRE	K562	786088	785857	485490.983	981242.645573	783864	-44404.321054205866	2339994.505502168	44616	70891	205491	-0.05664799130232523	2.9819995202086385	0.0019504437275063811	-0.06047086100823774	-0.05282512159641272	0.05691803680230244	2.616852932004315e-4	0.05640513362762959	0.057430939976975286	HepG2	Mismatched
HepG2_skew	[-1.0,-0.5)	Inactive cCRE	SK-N-SH	823052	822824	502810.122	1012239.1332	820645	-45973.82906345351	2397388.486700138	45573	74340	228359	-0.056021579444770285	2.9182117461199737	0.0018857353251653752	-0.05971762068209442	-0.05232553820744615	0.05553314770698658	2.528085987937367e-4	0.05503764285335085	0.056028652560622304	HepG2	Mismatched
HepG2_skew	[-1.0,-0.5)	Other cCREs	HepG2	63653	63639	23965.506	36514.534264	63566	61814.99394798722	510407.479167911	12989	9998	39631	0.9724537323095243	7.084012547636281	0.010556676643746894	0.9517626460877804	0.9931448185312681	0.20433879747034578	0.001599289425671921	0.2012041901960288	0.20747340474466275	HepG2	Matched
HepG2_skew	[-1.0,-0.5)	Other cCREs	K562	79104	79082	34827.248	55244.594764	78943	65231.560938004295	598458.5059968363	14807	12733	49157	0.826312161154305	6.898189479651963	0.009347828725119106	0.8079904168530715	0.8446339054555384	0.18756571196939564	0.0013893575766506544	0.18484257111916036	0.19028885281963093	HepG2	Mismatched
HepG2_skew	[-1.0,-0.5)	Other cCREs	SK-N-SH	68617	68597	30693.241	47430.104177	68570	59303.66899586608	558922.7059750638	14149	14930	38643	0.8648631908395228	7.403245571304937	0.010390680786728104	0.8444974564975357	0.8852289251815099	0.20634388216421176	0.0015454142340154593	0.20331487026554146	0.20937289406288206	HepG2	Mismatched
HepG2_skew	[-1.0,-0.5)	PLS	HepG2	22970	22968	4395.473	2536.491191	22957	59400.45502454895	379906.9240840296	10653	10302	16213	2.5874659156052164	9.854080472929457	0.020718126726483835	2.546858387221308	2.6280734439891247	0.46404146883303565	0.003291443643160424	0.45759023929244125	0.47049269837363006	HepG2	Matched
HepG2_skew	[-1.0,-0.5)	PLS	K562	24580	24579	4674.9800000000005	2588.74213	24570	62821.954024870305	398294.4505920761	11282	10906	17344	2.556856085668307	9.673481017949932	0.019842153893709052	2.5179654640366373	2.5957467072999765	0.4591778591778592	0.0031791800368816308	0.4529466663055712	0.4654090520501472	HepG2	Mismatched
HepG2_skew	[-1.0,-0.5)	PLS	SK-N-SH	27182	27175	4856.157	2028.943561	27169	72867.36099907767	459701.3540157905	12991	11912	19089	2.6820037910514807	9.727282669771325	0.018921647228575623	2.6449173624834725	2.719090219619489	0.47815525046928486	0.003030527970473197	0.4722154156471574	0.4840950852914123	HepG2	Mismatched
HepG2_skew	[-1.0,-0.5)	dELS	HepG2	30892	30889	12697.433	21082.624511	30881	18541.73599138007	167443.8755747084	4701	5914	15948	0.6004253745468109	5.061882992141707	0.012802959548419344	0.5753315738319089	0.6255191752617129	0.15222952624591174	0.0020442919272106084	0.14822271406857895	0.15623633842324453	HepG2	Matched
HepG2_skew	[-1.0,-0.5)	dELS	K562	30888	30883	14582.469	24680.991641	30855	12683.395000681166	150042.38011828065	3892	5956	16614	0.4110644952416518	4.6940003485569175	0.012334137437017884	0.38688958586509675	0.4352394046182068	0.12613838923999351	0.0018900887429334579	0.12243381530384394	0.12984296317614308	HepG2	Mismatched
HepG2_skew	[-1.0,-0.5)	dELS	SK-N-SH	10788	10785	4449.492	6388.166008	10783	13272.078970535078	106464.59502164942	2807	2557	6925	1.2308336242729367	8.359198104313588	0.027842774256536196	1.1762617867301257	1.2854054618157478	0.26031716590930165	0.004225755556073237	0.25203468501939813	0.26859964679920517	HepG2	Mismatched
HepG2_skew	[-1.0,-0.5)	non-cCRE	HepG2	911804	911429	672152.143	1461963.019157	903155	-295266.67158789205	1552838.0391167442	11886	39111	21118	-0.32692801522207376	1.6124681861712253	0.0013361783545426744	-0.3295469247969774	-0.32430910564717014	0.01316053169168083	1.1991646780542424e-4	0.012925495414782199	0.013395567968579462	HepG2	Matched
HepG2_skew	[-1.0,-0.5)	non-cCRE	K562	911804	911429	672152.143	1461963.019157	903155	-295266.67158789205	1552838.0391167442	11886	39111	21118	-0.32692801522207376	1.6124681861712253	0.0013361783545426744	-0.3295469247969774	-0.32430910564717014	0.01316053169168083	1.1991646780542424e-4	0.012925495414782199	0.013395567968579462	HepG2	Mismatched
HepG2_skew	[-1.0,-0.5)	non-cCRE	SK-N-SH	911804	911429	672152.143	1461963.019157	903155	-295266.67158789205	1552838.0391167442	11886	39111	21118	-0.32692801522207376	1.6124681861712253	0.0013361783545426744	-0.3295469247969774	-0.32430910564717014	0.01316053169168083	1.1991646780542424e-4	0.012925495414782199	0.013395567968579462	HepG2	Mismatched
HepG2_skew	[-1.0,-0.5)	pELS	HepG2	18465	18463	4397.42	4161.342196	18452	26186.575990785048	180716.9014722014	5092	7731	11415	1.4191727720997749	7.7802626324620645	0.02053408737789412	1.3789259608391025	1.4594195833604473	0.27595924561023194	0.0032906542834328857	0.2695095632147035	0.2824089280057604	HepG2	Matched
HepG2_skew	[-1.0,-0.5)	pELS	K562	25764	25761	6571.622	6385.540302	25720	33606.60298753485	235101.44594091855	6567	10570	15413	1.3066330866071092	7.433801724364718	0.01700082529828742	1.2733114690224658	1.3399547041917526	0.2553265940902022	0.002718913969621497	0.24999752270974407	0.2606556654706603	HepG2	Mismatched
HepG2_skew	[-1.0,-0.5)	pELS	SK-N-SH	16785	16781	3338.29	2056.167464	16785	30469.91199485936	199414.14643763631	5644	7317	11003	1.8153060467595687	8.585672720992386	0.022616557028680102	1.7709775949833557	1.8596344985357818	0.3362526064938934	0.0036464777780589376	0.3291055100488979	0.3433997029388889	HepG2	Mismatched
HepG2_skew	[-1.5,-1.0)	Inactive cCRE	HepG2	151880	151858	107268.197	227532.324757	151399	-6079.14797220461	479906.0609671887	9179	14214	47482	-0.0401531580274943	3.1682186288985865	0.004574525662934134	-0.049119228326845205	-0.031187087728143395	0.06062787733076176	6.133290172861977e-4	0.059425752456880816	0.06183000220464271	HepG2	Matched
HepG2_skew	[-1.5,-1.0)	Inactive cCRE	K562	147255	147234	103223.535	219965.832011	146794	-7220.433975092713	449648.2051052431	8645	13178	44915	-0.04918752793092846	3.0607253057531336	0.004566232541475094	-0.058137343712219645	-0.04023771214963728	0.0588920528086979	6.144604215361822e-4	0.05768771038248698	0.06009639523490882	HepG2	Mismatched
HepG2_skew	[-1.5,-1.0)	Inactive cCRE	SK-N-SH	157496	157474	108605.044	230352.437874	157000	-6445.6499744991315	470624.04836798453	9177	14499	51509	-0.04105509537897536	2.99593896517495	0.004368342224565659	-0.04961704613912405	-0.032493144618826665	0.05845222929936306	5.920684146069142e-4	0.0572917752067335	0.05961268339199261	HepG2	Mismatched
HepG2_skew	[-1.5,-1.0)	Other cCREs	HepG2	11816	11816	4848.238	8208.35213	11805	11005.470000126406	89879.38039323236	2242	1823	7727	0.9322719186892339	6.745110959008617	0.02390350316799927	0.8854210524799553	0.9791227848985125	0.18991952562473527	0.0036100722597421785	0.1828437839956406	0.19699526725382993	HepG2	Matched
HepG2_skew	[-1.5,-1.0)	Other cCREs	K562	14396	14395	7245.679	12788.333725	14371	11413.939000505256	106083.3420843291	2523	2296	9081	0.79423415214705	6.75142671674354	0.02167475934977388	0.7517516238214932	0.8367166804726067	0.17556189548396076	0.0031735888668629384	0.1693416613049094	0.1817821296630121	HepG2	Mismatched
HepG2_skew	[-1.5,-1.0)	Other cCREs	SK-N-SH	10816	10816	5584.076	9417.77875	10813	10612.190999412796	100103.04991645856	2358	2224	6201	0.9814289280877458	8.295221853426048	0.02769752106282477	0.9271417868046093	1.0357160693708825	0.21807084065476742	0.003971087000121623	0.21028751013452904	0.2258541711750058	HepG2	Mismatched
HepG2_skew	[-1.5,-1.0)	PLS	HepG2	4652	4652	963.842	650.963984	4650	16969.26798875549	113351.6510243976	2837	2157	3482	3.649304943818385	11.061651421822567	0.048773453518629224	3.553708974921872	3.7449009127148982	0.6101075268817204	0.007152356293054325	0.596088908547334	0.6241261452161069	HepG2	Matched
HepG2_skew	[-1.5,-1.0)	PLS	K562	4900	4900	1001.028	673.817168	4898	17588.95298676206	116992.28479721912	2944	2239	3676	3.59104797606412	10.992344450279818	0.0473735329394864	3.4981958515027265	3.683900100625513	0.6010616578195181	0.006996857214909059	0.5873478176782964	0.6147754979607399	HepG2	Mismatched
HepG2_skew	[-1.5,-1.0)	PLS	SK-N-SH	5206	5206	972.053	455.728113	5204	19712.946981283018	130590.29736891988	3276	2383	3925	3.7880374675793655	10.747052778668897	0.045443947234494464	3.6989673309997566	3.8771076041589745	0.6295157571099155	0.006694521327706608	0.6163944953076105	0.6426370189122205	HepG2	Mismatched
HepG2_skew	[-1.5,-1.0)	dELS	HepG2	6764	6764	2710.507	4651.923145	6762	5687.2809819584945	43763.4626326836	1247	1215	4153	0.8410649189527498	5.765432645249396	0.02919969856894439	0.7838335097576188	0.8982963281478809	0.18441289559301982	0.004716211093304369	0.17516912185014327	0.19365666933589637	HepG2	Matched
HepG2_skew	[-1.5,-1.0)	dELS	K562	7273	7273	3750.581	6785.105391	7263	4212.706983648705	42753.6478821072	1076	1263	4457	0.5800229910021624	5.550837369489891	0.027645295064142792	0.5258382126764425	0.6342077693278823	0.14814814814814814	0.004168426300865835	0.1399780325984511	0.15631826369784518	HepG2	Mismatched
HepG2_skew	[-1.5,-1.0)	dELS	SK-N-SH	2132	2132	916.857	1358.585187	2132	3184.690989873255	23508.789560199497	650	469	1498	1.4937574999405512	8.799452608673496	0.06424424477867796	1.3678387801743424	1.61967621970676	0.3048780487804878	0.009970110682097234	0.2853366318435772	0.3244194657173984	HepG2	Mismatched
HepG2_skew	[-1.5,-1.0)	non-cCRE	HepG2	196483	196409	182303.25	418704.821222	194869	-71677.06684605747	320880.3789169809	1945	8970	4083	-0.3678218025753581	1.5113614907852988	0.002784920473230724	-0.37328024670289034	-0.3623633584478259	0.009981064202105004	2.2518465726884885e-4	0.00953970227385806	0.010422426130351948	HepG2	Matched
HepG2_skew	[-1.5,-1.0)	non-cCRE	K562	196483	196409	182303.25	418704.821222	194869	-71677.06684605747	320880.3789169809	1945	8970	4083	-0.3678218025753581	1.5113614907852988	0.002784920473230724	-0.37328024670289034	-0.3623633584478259	0.009981064202105004	2.2518465726884885e-4	0.00953970227385806	0.010422426130351948	HepG2	Mismatched
HepG2_skew	[-1.5,-1.0)	non-cCRE	SK-N-SH	196483	196409	182303.25	418704.821222	194869	-71677.06684605747	320880.3789169809	1945	8970	4083	-0.3678218025753581	1.5113614907852988	0.002784920473230724	-0.37328024670289034	-0.3623633584478259	0.009981064202105004	2.2518465726884885e-4	0.00953970227385806	0.010422426130351948	HepG2	Mismatched
HepG2_skew	[-1.5,-1.0)	pELS	HepG2	3631	3631	938.232	991.671546	3626	7181.697005653987	47872.37591118985	1285	1529	2468	1.9806114190992792	9.282268914008403	0.05059564924538089	1.8814439465783326	2.0797788916202258	0.3543849972421401	0.007943475694850438	0.3388157848802333	0.36995420960404696	HepG2	Matched
HepG2_skew	[-1.5,-1.0)	pELS	K562	4919	4919	1508.193	1822.147267	4916	8769.40300846647	59295.45105979362	1602	1962	3183	1.7838492694195422	8.881415647994949	0.04250452435592167	1.7005404016819359	1.8671581371571486	0.3258746948738812	0.006684819675939229	0.31277244830904033	0.3389769414387221	HepG2	Mismatched
HepG2_skew	[-1.5,-1.0)	pELS	SK-N-SH	3093	3093	650.986	450.705638	3093	7700.3890082198195	49946.74571512968	1329	1363	2179	2.4896181727189846	9.953336773370017	0.05672759729886593	2.3784320820132074	2.6008042634247617	0.4296799224054316	0.008901063532162141	0.4122338378823938	0.44712600692846943	HepG2	Mismatched
HepG2_skew	[0.05,0.2)	Inactive cCRE	HepG2	16608974	16600614	3308235.605999998	3299026.980198002	16569843	-990685.635049472	36310446.76897805	685911	1275878	1591778	-0.05978847446227897	2.1877827915430186	3.633648421383861e-4	-0.06050066955287021	-0.05907627937168774	0.041395141764469345	4.893677025153987e-5	0.04129922569477633	0.04149105783416236	HepG2	Matched
HepG2_skew	[0.05,0.2)	Inactive cCRE	K562	16228877	16220611	3244148.733999998	3253743.361012002	16190454	-979169.701062349	35424128.732789464	668343	1181315	1493869	-0.060478211485752595	2.1843064119656304	3.6730536070479276e-4	-0.06119812999273399	-0.0597582929787712	0.041280065401501406	4.944092115353779e-5	0.04118316119604047	0.04137696960696234	HepG2	Mismatched
HepG2_skew	[0.05,0.2)	Inactive cCRE	SK-N-SH	16468670	16460528	3272561.462999998	3264117.292659002	16429202	-1135209.35685257	34892506.59673882	642027	1203052	1531338	-0.06909704785738041	2.11903591547028	3.591376397313715e-4	-0.0698009576312539	-0.06839313808350693	0.03907840441672091	4.7808393864480425e-5	0.03898469996474653	0.03917210886869529	HepG2	Mismatched
HepG2_skew	[0.05,0.2)	Other cCREs	HepG2	521162	521037	96052.61	79562.438324	520449	-49446.499977579115	1467621.0947131568	26010	78741	138594	-0.09500738780856359	2.810892369485541	0.002323983386481162	-0.09956239524606667	-0.09045238037106051	0.04997607834773436	3.020363881408316e-4	0.04938408702697833	0.050568069668490395	HepG2	Matched
HepG2_skew	[0.05,0.2)	Other cCREs	K562	697576	697392	129432.519	108995.074833	696490	-68214.7639383882	1821452.5483188296	32559	105365	177135	-0.09794076575168087	2.6055997181622876	0.001934177855064232	-0.10173175434760677	-0.09414977715575497	0.0467472612672113	2.529441702237714e-4	0.046251490693572705	0.047243031840849894	HepG2	Mismatched
HepG2_skew	[0.05,0.2)	Other cCREs	SK-N-SH	789471	789142	160843.966	149355.800344	788937	11796.491917241245	2855648.1324708113	61827	158386	195782	0.014952387728349975	3.6193959291372564	0.002141888626061729	0.010754286021268985	0.019150489435430965	0.07836747420896725	3.025698565009516e-4	0.07777443729022539	0.07896051112770912	HepG2	Mismatched
HepG2_skew	[0.05,0.2)	PLS	HepG2	139467	139435	19908.912	7127.69474	139386	28741.38094218785	878415.0407531807	19357	60969	68370	0.2061999120585127	6.259558564626476	0.006701349613443773	0.1930652668161629	0.21933455730086251	0.13887334452527514	9.262610162071274e-4	0.13705787293350916	0.14068881611704112	HepG2	Matched
HepG2_skew	[0.05,0.2)	PLS	K562	156551	156514	22590.335	8076.105809000001	156474	36740.094924202655	943495.8404814722	21672	67318	76249	0.2347999982374238	5.974636303119558	0.006179234037225424	0.222688699524462	0.24691129695038563	0.13850224318417118	8.732415397938909e-4	0.13679068976617514	0.1402137966021672	HepG2	Mismatched
HepG2_skew	[0.05,0.2)	PLS	SK-N-SH	179682	179623	25970.212	8767.023532	179587	63776.63193536294	1115450.3524190122	27656	75079	87380	0.35512944664905	6.0851146103296845	0.005820991074621511	0.3437203041427918	0.3665385891553082	0.15399778380395018	8.51737047694519e-4	0.15232837919046893	0.15566718841743143	HepG2	Mismatched
HepG2_skew	[0.05,0.2)	dELS	HepG2	280792	280779	55282.156	50162.576414	280647	9173.964016929382	894642.1108273703	18827	49857	69117	0.032688623134861164	3.186727145852669	0.0033697077585759616	0.02608399592805228	0.03929325034167005	0.06708427312602665	4.722275977226688e-4	0.06615870703449021	0.06800983921756308	HepG2	Matched
HepG2_skew	[0.05,0.2)	dELS	K562	318152	318117	61416.586	55291.32348	317884	-10937.112979881816	937344.3057764143	17024	54258	78547	-0.034405987655502686	2.9475247295459077	0.0030450497613430457	-0.04037428518773505	-0.028437690123270316	0.05355412666255615	3.993098534808011e-4	0.05277147934973378	0.05433677397537852	HepG2	Mismatched
HepG2_skew	[0.05,0.2)	dELS	SK-N-SH	106102	106098	20745.52	17547.502974	106033	26833.76796032606	563233.1194739777	12957	22580	39505	0.2530699684091373	5.24787138471367	0.007035112825731713	0.23928114727070315	0.2668587895475715	0.12219780634330822	0.001005795089994331	0.12022644796691934	0.1241691647196971	HepG2	Mismatched
HepG2_skew	[0.05,0.2)	non-cCRE	HepG2	47328095	47304594	8853903.960999988	8415987.702578986	46768889	-6985421.927460616	58240695.2197366	607753	1279122	267820	-0.14936044188393308	1.2229786073576385	1.6170777573343674e-4	-0.14967738912437062	-0.14904349464349553	0.012994813710456111	1.6560224486437154e-5	0.012962355670462694	0.013027271750449529	HepG2	Matched
HepG2_skew	[0.05,0.2)	non-cCRE	K562	47328095	47304594	8853903.960999988	8415987.702578986	46768889	-6985421.927460616	58240695.2197366	607753	1279122	267820	-0.14936044188393308	1.2229786073576385	1.6170777573343674e-4	-0.14967738912437062	-0.14904349464349553	0.012994813710456111	1.6560224486437154e-5	0.012962355670462694	0.013027271750449529	HepG2	Mismatched
HepG2_skew	[0.05,0.2)	non-cCRE	SK-N-SH	47328095	47304594	8853903.960999988	8415987.702578986	46768889	-6985421.927460616	58240695.2197366	607753	1279122	267820	-0.14936044188393308	1.2229786073576385	1.6170777573343674e-4	-0.14967738912437062	-0.14904349464349553	0.012994813710456111	1.6560224486437154e-5	0.012962355670462694	0.013027271750449529	HepG2	Mismatched
HepG2_skew	[0.05,0.2)	pELS	HepG2	177165	177142	26594.717	12991.921497	177056	37254.32399822853	735290.0950709397	17393	71037	64873	0.21040983642592473	4.108618332452143	0.0048171766831101685	0.2009681701270288	0.21985150272482065	0.09823445689499367	7.073321825678037e-4	0.09684808581716078	0.09962082797282656	HepG2	Matched
HepG2_skew	[0.05,0.2)	pELS	K562	326404	326373	48485.827	22765.746039	326079	56619.01698671131	1159993.6829765127	27900	128226	106932	0.17363588880826827	3.5272621570255422	0.003288951386271131	0.16718954409117687	0.18008223352535968	0.08556208771494024	4.89842409738851e-4	0.0846019965918521	0.08652217883802839	HepG2	Mismatched
HepG2_skew	[0.05,0.2)	pELS	SK-N-SH	183635	183616	25952.84	9083.991664	183622	67839.99896993433	859576.9092400483	23031	77385	78727	0.36945463490177827	4.544758536272399	0.0049749996018269614	0.35970363568219743	0.3792056341213591	0.12542614719369138	7.729117841787305e-4	0.12391124009670107	0.1269410542906817	HepG2	Mismatched
HepG2_skew	[0.2,0.5)	Inactive cCRE	HepG2	2908028	2906576	664180.694	810235.57631	2899970	-203573.3339144884	6542503.91809481	123343	257438	366280	-0.07019842754045331	2.2511321294002955	8.8105646169517e-4	-0.07192529820537585	-0.06847155687553078	0.042532508956989214	1.185020237288299e-4	0.042300244990480705	0.04276477292349772	HepG2	Matched
HepG2_skew	[0.2,0.5)	Inactive cCRE	K562	2842181	2840755	652197.111	800438.728473	2834262	-206775.29692704696	6362705.640554064	119223	238583	344121	-0.07295560429030448	2.239603277120365	8.889258795406879e-4	-0.07469789901420423	-0.07121330956640473	0.04206491848671718	1.1923618383444606e-4	0.04183121556640167	0.042298621407032694	HepG2	Mismatched
HepG2_skew	[0.2,0.5)	Inactive cCRE	SK-N-SH	2874038	2872614	656605.142	804583.26147	2865894	-247433.0938755333	6164803.301692547	111364	238260	351273	-0.0863371408277952	2.1436392202434487	8.64859948650129e-4	-0.08803226632714946	-0.08464201532844094	0.03885838066585854	1.1415790216583552e-4	0.0386346311776135	0.03908213015410358	HepG2	Mismatched
HepG2_skew	[0.2,0.5)	Other cCREs	HepG2	119860	119837	23818.557	23118.952483	119681	-562.6689964059087	351060.6953724276	7333	19108	37369	-0.004701406208219423	2.933305899372616	0.004950693880972397	-0.014404766214925322	0.0050019537984864765	0.06127121264026871	6.932433325640897e-4	0.0599124557084431	0.06262996957209432	HepG2	Matched
HepG2_skew	[0.2,0.5)	Other cCREs	K562	150057	150022	30222.676	29916.055788	149817	-4833.086994917482	423710.7397986735	8544	24535	45943	-0.03225993708936557	2.8271668227443665	0.00434405354430106	-0.04077428203619565	-0.023745592142535497	0.05702957608282104	5.991265412398691e-4	0.055855288061990895	0.058203864103651186	HepG2	Mismatched
HepG2_skew	[0.2,0.5)	Other cCREs	SK-N-SH	182310	182267	39004.866	39601.443638	182182	16715.625981669164	693057.4356816323	16275	39580	52208	0.09175234645392609	3.7958060268379685	0.004564563706282297	0.08280580158961279	0.10069889131823939	0.08933374317989702	6.682433653704241e-4	0.08802398618377098	0.09064350017602306	HepG2	Mismatched
HepG2_skew	[0.2,0.5)	PLS	HepG2	37166	37160	5272.563	1915.760301	37137	19481.143990624	270738.3300049463	6655	16196	18858	0.5245750596608235	7.015268411616859	0.01374417693197028	0.4976364728741618	0.5515136464474852	0.17920133559522847	0.0019901487253882067	0.17530064409346757	0.18310202709698936	HepG2	Matched
HepG2_skew	[0.2,0.5)	PLS	K562	41523	41512	5934.2	2117.830318	41501	22944.46298684926	290799.89004273416	7445	17799	20962	0.5528653041336175	6.701558856272945	0.012707456663828774	0.5279586890725131	0.5777719191947218	0.17939326763210525	0.0018833946280429688	0.17570181416114103	0.18308472110306948	HepG2	Mismatched
HepG2_skew	[0.2,0.5)	PLS	SK-N-SH	49096	49080	6967.005	2273.974405	49065	34447.485976552	355796.2110005138	9741	20500	24677	0.7020785891481097	6.758751195304029	0.011736735789339836	0.6790745870010036	0.7250825912952158	0.19853255885050444	0.0018008308030190172	0.19500293047658718	0.2020621872244217	HepG2	Mismatched
HepG2_skew	[0.2,0.5)	dELS	HepG2	68293	68288	14319.937	14674.843273	68254	9147.39599560562	236683.5316200951	5470	12865	20119	0.1340199255077449	3.449776541546514	0.0071093750916136275	0.1200855503281822	0.1479543006873076	0.08014182318984968	0.0010392642585240644	0.07810486524314252	0.08217878113655684	HepG2	Matched
HepG2_skew	[0.2,0.5)	dELS	K562	69381	69370	14748.81	15347.83198	69323	3704.461980028772	218059.87114019325	4583	12641	21103	0.05343770436981625	3.14275285185158	0.006733121325181937	0.04024078657245965	0.06663462216717285	0.06611081459255946	9.437245499783339e-4	0.06426111447460194	0.06796051471051699	HepG2	Mismatched
HepG2_skew	[0.2,0.5)	dELS	SK-N-SH	25532	25531	5188.258	4754.898052	25512	10499.298966751672	145391.77608072825	3642	5659	10967	0.41154354683096867	5.529805077994298	0.014722537133224078	0.3826873740498495	0.44039971961208785	0.14275634995296332	0.0021901688754356074	0.13846361895710954	0.1470490809488171	HepG2	Mismatched
HepG2_skew	[0.2,0.5)	non-cCRE	HepG2	5595775	5592748	1226259.07	1504784.359082	5538647	-945043.7776055206	7214107.896547076	71416	192693	53074	-0.170627190648821	1.2733902350383284	4.794892934520479e-4	-0.17156698966398704	-0.16968739163365498	0.012894123781493927	4.79375619791681e-5	0.012800166160014758	0.012988081402973096	HepG2	Matched
HepG2_skew	[0.2,0.5)	non-cCRE	K562	5595775	5592748	1226259.07	1504784.359082	5538647	-945043.7776055206	7214107.896547076	71416	192693	53074	-0.170627190648821	1.2733902350383284	4.794892934520479e-4	-0.17156698966398704	-0.16968739163365498	0.012894123781493927	4.79375619791681e-5	0.012800166160014758	0.012988081402973096	HepG2	Mismatched
HepG2_skew	[0.2,0.5)	non-cCRE	SK-N-SH	5595775	5592748	1226259.07	1504784.359082	5538647	-945043.7776055206	7214107.896547076	71416	192693	53074	-0.170627190648821	1.2733902350383284	4.794892934520479e-4	-0.17156698966398704	-0.16968739163365498	0.012894123781493927	4.79375619791681e-5	0.012800166160014758	0.012988081402973096	HepG2	Mismatched
HepG2_skew	[0.2,0.5)	pELS	HepG2	45053	45050	6917.205	3704.383825	45032	18564.519996130846	219520.93905256872	5724	18460	18889	0.41225173201569654	4.704929571409113	0.01022153089339401	0.3922175314646443	0.4322859325667488	0.12710961094332918	0.0015696702702367653	0.12403305721366512	0.13018616467299324	HepG2	Matched
HepG2_skew	[0.2,0.5)	pELS	K562	75258	75252	11406.159	5829.069633	75171	28016.516026552425	325231.2726091815	8730	30509	29386	0.3727037823968342	4.1877000281562315	0.007463845114426098	0.35807464597255906	0.3873329188211094	0.1161352117172846	0.0011685564865412566	0.11384484100366374	0.11842558243090545	HepG2	Mismatched
HepG2_skew	[0.2,0.5)	pELS	SK-N-SH	47424	47419	6743.685	2435.938627	47421	28827.74002202659	261458.6896894253	7503	20068	22390	0.6079108416529933	5.144116279833011	0.010415258048449434	0.5874969358780323	0.6283247474279542	0.15822104131081166	0.0016758911135856373	0.15493629472818382	0.1615057878934395	HepG2	Mismatched
HepG2_skew	[0.5,1.0)	Inactive cCRE	HepG2	619468	619146	152857.6	199348.939394	617703	-60852.92294637824	1439505.307452914	26073	57434	88343	-0.09851485737705376	2.3207151513640474	0.0019383003025115332	-0.10231392596997636	-0.09471578878413116	0.04220960558715111	2.5582974052778455e-4	0.04170817929571665	0.04271103187858557	HepG2	Matched
HepG2_skew	[0.5,1.0)	Inactive cCRE	K562	604619	604307	149873.539	196616.162527	602892	-61443.00895008296	1391328.7676425043	25065	52941	83362	-0.10191379044685112	2.297375276300263	0.0019520737029218623	-0.10573985490457796	-0.09808772598912427	0.04157461037797815	2.57083076487401e-4	0.04107072754806284	0.042078493207893454	HepG2	Mismatched
HepG2_skew	[0.5,1.0)	Inactive cCRE	SK-N-SH	609891	609581	150797.29	197962.408312	608112	-71397.09392189025	1339071.0513716573	23103	52623	84985	-0.11740780303939118	2.188232864445621	0.0018969460580892995	-0.1211258173132462	-0.11368978876553615	0.03799135685531613	2.451546315551569e-4	0.03751085377746802	0.03847185993316424	HepG2	Mismatched
HepG2_skew	[0.5,1.0)	Other cCREs	HepG2	25349	25343	5434.442	5719.068042	25305	378.39299279300013	76561.45914597009	1689	4121	8558	0.014953289578857939	3.0254426543619286	0.010934307720812029	-0.006477953553933637	0.036384532711649514	0.06674570243034973	0.0015689477560928227	0.0636705648284078	0.06982084003229166	HepG2	Matched
HepG2_skew	[0.5,1.0)	Other cCREs	K562	31893	31882	7037.487	7547.214411	31836	-516.0879905871118	97771.664193549	2006	5311	10442	-0.016210830210676964	3.0709375837524684	0.009821464399589079	-0.03546090043387156	0.0030392400125176314	0.06301042844578465	0.0013618031893967149	0.06034129419456709	0.06567956269700222	HepG2	Mismatched
HepG2_skew	[0.5,1.0)	Other cCREs	SK-N-SH	40664	40648	9197.063	9778.691733	40634	4615.456981387457	165634.48334486727	3917	8944	12048	0.11358608508607218	4.06345166872907	0.010000063577994808	0.09398596047320236	0.13318620969894202	0.09639710587192991	0.0014641177849503942	0.09352743501342714	0.09926677673043269	HepG2	Mismatched
HepG2_skew	[0.5,1.0)	PLS	HepG2	7503	7501	1106.189	423.781771	7501	5603.954998101224	59517.456453224826	1546	3251	3852	0.7470943871618749	7.377436417098089	0.03136123486098952	0.6856263668343354	0.8085624074894144	0.20610585255299294	0.004670537673176973	0.19695159871356607	0.2152601063924198	HepG2	Matched
HepG2_skew	[0.5,1.0)	PLS	K562	8467	8464	1223.282	393.99242	8467	6354.130996825872	63609.857232162525	1731	3614	4355	0.7504583674059138	6.950312598393724	0.028650841960691835	0.6943027171629578	0.8066140176488698	0.2044407700484233	0.004382836134225978	0.19585041122534036	0.21303112887150621	HepG2	Mismatched
HepG2_skew	[0.5,1.0)	PLS	SK-N-SH	10250	10247	1502.099	479.636505	10248	9350.566993737006	80750.29099422791	2304	4248	5183	0.9124284732374127	7.0477766593372015	0.02622445721942914	0.8610285370873316	0.9638284093874938	0.22482435597189696	0.0041238435434926436	0.21674162262665136	0.23290708931714255	HepG2	Mismatched
HepG2_skew	[0.5,1.0)	dELS	HepG2	15417	15417	3451.152	3759.347344	15409	2817.7970208165943	57215.48235595615	1402	2882	5069	0.18286696221796317	3.6799195466389274	0.015453680687149692	0.15257774807114977	0.21315617636477657	0.09098578752677007	0.0023167804960245834	0.08644489775456189	0.09552667729897825	HepG2	Matched
HepG2_skew	[0.5,1.0)	dELS	K562	15669	15666	3670.006	4247.34589	15652	908.374005701161	54795.54296875944	1138	2944	5091	0.0580356507603604	3.497720586045925	0.014948844934096239	0.028735914689531773	0.08733538683118902	0.07270636340403783	0.0020754388000898357	0.06863850335586175	0.07677422345221391	HepG2	Mismatched
HepG2_skew	[0.5,1.0)	dELS	SK-N-SH	5909	5909	1319.139	1308.242723	5902	2679.6960086185713	35744.02724545344	896	1302	2672	0.4540318550692259	5.851103185161625	0.03148612939830633	0.39231904144854546	0.5157446686899063	0.15181294476448662	0.004670900540013347	0.14265797970606045	0.16096790982291279	HepG2	Mismatched
HepG2_skew	[0.5,1.0)	non-cCRE	HepG2	1032679	1032136	225791.39	277192.447998	1023856	-189273.8086703789	1336241.2488612155	12058	39763	11818	-0.1848637002375128	1.2709332788650367	0.0011141455653614408	-0.18704742554562123	-0.18267997492940438	0.011777046772202341	1.0661694363610741e-4	0.01156807756267557	0.011986015981729112	HepG2	Matched
HepG2_skew	[0.5,1.0)	non-cCRE	K562	1032679	1032136	225791.39	277192.447998	1023856	-189273.8086703789	1336241.2488612155	12058	39763	11818	-0.1848637002375128	1.2709332788650367	0.0011141455653614408	-0.18704742554562123	-0.18267997492940438	0.011777046772202341	1.0661694363610741e-4	0.01156807756267557	0.011986015981729112	HepG2	Mismatched
HepG2_skew	[0.5,1.0)	non-cCRE	SK-N-SH	1032679	1032136	225791.39	277192.447998	1023856	-189273.8086703789	1336241.2488612155	12058	39763	11818	-0.1848637002375128	1.2709332788650367	0.0011141455653614408	-0.18704742554562123	-0.18267997492940438	0.011777046772202341	1.0661694363610741e-4	0.01156807756267557	0.011986015981729112	HepG2	Mismatched
HepG2_skew	[0.5,1.0)	pELS	HepG2	10298	10295	1587.234	836.894506	10295	5196.96500567277	53555.16281728058	1455	4236	4631	0.5048047601430568	4.9477083878103825	0.02192243908389571	0.4618367795386212	0.5477727407474924	0.14133074307916466	0.0034333501939269894	0.13460137669906774	0.14806010945926157	HepG2	Matched
HepG2_skew	[0.5,1.0)	pELS	K562	17387	17383	2632.303	1283.315809	17366	7840.779009148361	78849.0361883706	2225	7114	7203	0.45150172804032945	4.33682182070589	0.015802867231363867	0.42052810826685627	0.48247534781380264	0.12812392030404238	0.002536253108677748	0.123152864211034	0.13309497639705076	HepG2	Mismatched
HepG2_skew	[0.5,1.0)	pELS	SK-N-SH	11321	11317	1621.0259999999998	559.051784	11317	7895.561009152559	65155.01526913998	1945	4807	5565	0.6976726172265229	5.27098785396013	0.021581436551745527	0.6553730015851016	0.7399722328679441	0.17186533533621984	0.003546328554677997	0.16491453136905096	0.17881613930338872	HepG2	Mismatched
HepG2_skew	[1.0,1.5)	Inactive cCRE	HepG2	107983	107924	24963.828	32164.28003	107656	-9455.848983247184	246034.1532282465	4608	10379	16104	-0.08783392456757806	2.277679707416558	0.004599675633589846	-0.09684928880941415	-0.07881856032574197	0.04280300215501226	6.169055248839415e-4	0.041593867326239736	0.04401213698378478	HepG2	Matched
HepG2_skew	[1.0,1.5)	Inactive cCRE	K562	105383	105324	24521.734	31923.048098	105066	-9625.712982519995	239505.23664753677	4455	9575	15334	-0.09161586985818433	2.271197530858402	0.004649394039137886	-0.10072868217489458	-0.08250305754147408	0.042401918793900976	6.216605228649885e-4	0.041183464169085596	0.04362037341871636	HepG2	Mismatched
HepG2_skew	[1.0,1.5)	Inactive cCRE	SK-N-SH	106372	106315	24743.301	32300.031641	106040	-11663.145977306298	228270.78382360295	4059	9523	15570	-0.10998817405984815	2.1406084147697126	0.004492972439975124	-0.11879440004219939	-0.1011819480774969	0.03827800829875519	5.892024990343391e-4	0.037123171400647886	0.03943284519686249	HepG2	Mismatched
HepG2_skew	[1.0,1.5)	Other cCREs	HepG2	4383	4383	928.97	1035.777106	4377	59.48400195851013	13812.216611716074	287	713	1403	0.013590130673637223	3.156171895876706	0.026852952947329266	-0.03904165710312814	0.06622191845040258	0.06557002513136852	0.003741431363020669	0.058236819659848005	0.07290323060288903	HepG2	Matched
HepG2_skew	[1.0,1.5)	Other cCREs	K562	5395	5395	1164.692	1260.212226	5384	35.43400205380732	15673.99513522963	355	922	1662	0.006581352535996902	2.9117150160821756	0.023255297915626343	-0.03899903137863073	0.05216173645062454	0.06593610698365528	0.0033821854548312506	0.05930702349218603	0.07256519047512452	HepG2	Mismatched
HepG2_skew	[1.0,1.5)	Other cCREs	SK-N-SH	7094	7092	1516.011	1532.917141	7090	1312.7669998221104	29817.694436182857	729	1582	2032	0.18515754581411994	4.171903755151647	0.024257387327096105	0.1376130666530116	0.2327020249752283	0.10282087447108604	0.003607091085529596	0.09575097594344803	0.10989077299872405	HepG2	Mismatched
HepG2_skew	[1.0,1.5)	PLS	HepG2	986	986	158.507	61.634423	986	647.8160005476096	7077.911036191613	185	429	470	0.6570141993383465	6.753590584033761	0.08276160553630542	0.4948014524871879	0.8192269461895051	0.1876267748478702	0.012433309649967887	0.16325748793393313	0.21199606176180724	HepG2	Matched
HepG2_skew	[1.0,1.5)	PLS	K562	1165	1165	179.665	50.364163	1165	832.8810014411572	8356.588278519965	219	505	563	0.7149193145417658	6.667650828071128	0.07565253090162094	0.5666403539745888	0.8631982751089429	0.18798283261802576	0.011446658798407046	0.16554738137314795	0.21041828386290357	HepG2	Mismatched
HepG2_skew	[1.0,1.5)	PLS	SK-N-SH	1461	1461	227.469	66.456211	1461	1354.277001745417	11613.948733349474	324	589	702	0.926952088805898	7.0949307107943635	0.06968655112573026	0.7903664485994667	1.0635377290123293	0.22176591375770022	0.01086869529779569	0.20046327097402067	0.24306855654137977	HepG2	Mismatched
HepG2_skew	[1.0,1.5)	dELS	HepG2	2838	2838	679.425	822.521179	2835	580.1830008346587	9812.918407863865	260	535	997	0.20465008847783378	3.4206718085425956	0.03473594932994876	0.1365676277911342	0.2727325491645334	0.09171075837742504	0.005420579219434645	0.08108642310733313	0.10233509364751694	HepG2	Matched
HepG2_skew	[1.0,1.5)	dELS	K562	2821	2821	643.284	743.72264	2817	231.69900017289916	8975.658864293564	198	528	905	0.08225026630205863	3.1806113493705337	0.03360174863476072	0.016390838977927633	0.14810969362618964	0.07028753993610223	0.004816372564576676	0.060847449709531945	0.07972763016267252	HepG2	Mismatched
HepG2_skew	[1.0,1.5)	dELS	SK-N-SH	1041	1041	232.713	247.519369	1041	484.3649992636639	5377.634255073248	155	230	472	0.46528818373070496	4.954100907983782	0.06898537975934885	0.3300768394023812	0.6004995280590287	0.148895292987512	0.011033330201047015	0.12726996579345984	0.17052062018156416	HepG2	Mismatched
HepG2_skew	[1.0,1.5)	non-cCRE	HepG2	168921	168840	30572.126	31758.94482	167473	-37063.622949160286	224996.98090202425	1736	7177	2116	-0.22131103490807644	1.2945112744202185	0.002780228676894135	-0.22676028311478894	-0.21586178670136394	0.01036585001761478	2.4749555135843984e-4	0.009880758736952239	0.010850941298277322	HepG2	Matched
HepG2_skew	[1.0,1.5)	non-cCRE	K562	168921	168840	30572.126	31758.94482	167473	-37063.622949160286	224996.98090202425	1736	7177	2116	-0.22131103490807644	1.2945112744202185	0.002780228676894135	-0.22676028311478894	-0.21586178670136394	0.01036585001761478	2.4749555135843984e-4	0.009880758736952239	0.010850941298277322	HepG2	Mismatched
HepG2_skew	[1.0,1.5)	non-cCRE	SK-N-SH	168921	168840	30572.126	31758.94482	167473	-37063.622949160286	224996.98090202425	1736	7177	2116	-0.22131103490807644	1.2945112744202185	0.002780228676894135	-0.22676028311478894	-0.21586178670136394	0.01036585001761478	2.4749555135843984e-4	0.009880758736952239	0.010850941298277322	HepG2	Mismatched
HepG2_skew	[1.0,1.5)	pELS	HepG2	1982	1982	306.321	153.433949	1981	910.643003201694	9532.805945956365	272	823	883	0.45968854275703885	4.603128177193275	0.0482041352565005	0.3652084376542979	0.5541686478597798	0.13730439172135286	0.007732657420324661	0.12214838317751653	0.1524604002651892	HepG2	Matched
HepG2_skew	[1.0,1.5)	pELS	K562	3408	3408	527.676	260.29956	3403	1267.976002147421	13758.526304394369	385	1349	1393	0.3726053488531945	3.9053708594287917	0.03387662729669751	0.3062071593516674	0.4390035383547216	0.11313546870408463	0.005429965357213998	0.10249273660394519	0.12377820080422407	HepG2	Mismatched
HepG2_skew	[1.0,1.5)	pELS	SK-N-SH	2204	2204	317.557	90.722325	2203	1254.0139997703957	11189.943981765782	345	955	1081	0.5692301406129804	4.757548327132531	0.046471250134139344	0.4781464903500673	0.6603137908758935	0.15660463004993191	0.007743024913735754	0.14142830121900984	0.17178095888085398	HepG2	Mismatched
HepG2_skew	[1.5,Inf)	Inactive cCRE	HepG2	30154	30139	5270.621	4844.197747	30091	-3419.9389864769755	65200.97188519297	1155	2783	4188	-0.11365321812093236	2.1539476508342514	0.008460562960787395	-0.13023592152407565	-0.09707051471778907	0.03838356983815759	0.0011075295155811046	0.03621281198761862	0.04055432768869656	HepG2	Matched
HepG2_skew	[1.5,Inf)	Inactive cCRE	K562	29521	29507	5238.059	4978.698187	29461	-3390.602992122877	63589.6530498924	1126	2573	4078	-0.11508784468018318	2.145262588573075	0.008533289652848738	-0.1318130923997667	-0.09836259696059965	0.03822001968704389	0.0011170164723964908	0.036030667401146764	0.04040937197294101	HepG2	Mismatched
HepG2_skew	[1.5,Inf)	Inactive cCRE	SK-N-SH	29825	29813	5276.714	5044.74122	29761	-3641.607991375611	62068.66471460767	1061	2579	4057	-0.12236174830736908	2.070667714856615	0.008341255921401333	-0.13871060991331569	-0.10601288670142248	0.03565068378078694	0.0010747992644116956	0.03354407722254001	0.03775729033903386	HepG2	Mismatched
HepG2_skew	[1.5,Inf)	Other cCREs	HepG2	1203	1203	254.029	292.679301	1202	62.30100090836635	3679.13271637018	88	212	377	0.051831115564364684	3.06070240299111	0.05046128648218219	-0.047073005940712405	0.15073523706944178	0.07321131447587355	0.007513239446394532	0.058485365160940266	0.08793726379080682	HepG2	Matched
HepG2_skew	[1.5,Inf)	Other cCREs	K562	1423	1423	239.734	182.76434	1422	80.76000415091391	4041.582722484453	92	235	377	0.05679325186421513	2.8409543273949014	0.04469740682399443	-0.03081366551081395	0.1444001692392442	0.06469760900140648	0.006523344878533947	0.05191185303947994	0.07748336496333301	HepG2	Mismatched
HepG2_skew	[1.5,Inf)	Other cCREs	SK-N-SH	1890	1887	327.557	218.997725	1890	57.51400288892917	6552.665190996453	160	410	535	0.030430689359221785	3.467927474981861	0.04283552569883046	-0.05352694101048591	0.11438831972892949	0.08465608465608465	0.006403100769463823	0.07210600714793555	0.09720616216423375	HepG2	Mismatched
HepG2_skew	[1.5,Inf)	PLS	HepG2	211	211	33.673	13.649423	211	101.27700021024796	1481.0935390173142	38	89	90	0.47998578298695715	6.821342946537277	0.17980166728105917	0.1275745151160812	0.8323970508578331	0.18009478672985782	0.026453988896630618	0.1282449684924618	0.23194460496725383	HepG2	Matched
HepG2_skew	[1.5,Inf)	PLS	K562	256	256	38.612	10.731992	256	162.95300104958014	1852.9525321191388	51	109	114	0.6365351603499224	6.859714578300169	0.1636941051824562	0.31569471419230827	0.9573756065075365	0.19921875	0.024963304291033047	0.15029067358957524	0.24814682641042476	HepG2	Mismatched
HepG2_skew	[1.5,Inf)	PLS	SK-N-SH	335	335	51.223	9.884049	335	235.65400052187036	2150.720502207082	64	129	157	0.7034447776772249	5.942966844913851	0.13319234038433395	0.4423877905239304	0.9645017648305194	0.191044776119403	0.021478671797848025	0.14894657939562087	0.2331429728431851	HepG2	Mismatched
HepG2_skew	[1.5,Inf)	dELS	HepG2	802	802	162.091	167.993711	802	217.09700016025465	2886.8121751276985	75	129	255	0.2706945139155295	3.5306432062382007	0.0663498173482218	0.14064887191301478	0.40074015591804424	0.09351620947630923	0.010281021910445366	0.07336540653183632	0.11366701242078214	HepG2	Matched
HepG2_skew	[1.5,Inf)	dELS	K562	781	780	150.807	143.029601	778	-12.434999907854932	2421.6608408089896	49	145	209	-0.015983290369993484	3.1164248244462183	0.06329050035369325	-0.14003267106323225	0.1080660903232453	0.06298200514138817	0.008709483659589469	0.045911417168592816	0.08005259311418353	HepG2	Mismatched
HepG2_skew	[1.5,Inf)	dELS	SK-N-SH	250	250	51.893	50.905575	250	150.71900149853883	1710.794738782998	44	61	107	0.6028760059941554	6.505742446313782	0.16131636552208561	0.2866959295708676	0.9190560824174432	0.176	0.024085182166635154	0.12879304295339508	0.2232069570466049	HepG2	Mismatched
HepG2_skew	[1.5,Inf)	non-cCRE	HepG2	46278	46261	6368.042	3551.5909739999997	45866	-10798.993986487856	61756.16164819518	443	1747	545	-0.2354466050339654	1.2910405576429609	0.005305477896082132	-0.24584534171028638	-0.2250478683576444	0.009658570618758994	4.566710385563103e-4	0.008763495383188626	0.010553645854329361	HepG2	Matched
HepG2_skew	[1.5,Inf)	non-cCRE	K562	46278	46261	6368.042	3551.5909739999997	45866	-10798.993986487856	61756.16164819518	443	1747	545	-0.2354466050339654	1.2910405576429609	0.005305477896082132	-0.24584534171028638	-0.2250478683576444	0.009658570618758994	4.566710385563103e-4	0.008763495383188626	0.010553645854329361	HepG2	Mismatched
HepG2_skew	[1.5,Inf)	non-cCRE	SK-N-SH	46278	46261	6368.042	3551.5909739999997	45866	-10798.993986487856	61756.16164819518	443	1747	545	-0.2354466050339654	1.2910405576429609	0.005305477896082132	-0.24584534171028638	-0.2250478683576444	0.009658570618758994	4.566710385563103e-4	0.008763495383188626	0.010553645854329361	HepG2	Mismatched
HepG2_skew	[1.5,Inf)	pELS	HepG2	534	534	80.745	34.746383	534	228.0729999090545	2213.197430232855	69	234	224	0.4271029960843717	3.9695811794479305	0.08621874866111784	0.25811424870858074	0.5960917434601627	0.12921348314606743	0.014515738515243964	0.10076263565618926	0.1576643306359456	HepG2	Matched
HepG2_skew	[1.5,Inf)	pELS	K562	923	923	133.947	38.042445	923	348.13400154118443	3555.358600636025	107	385	356	0.3771765997195931	3.713720826125755	0.06343132393416445	0.25285120480863077	0.5015019946305554	0.11592632719393282	0.010537423061914223	0.09527297799258094	0.1365796763952847	HepG2	Mismatched
HepG2_skew	[1.5,Inf)	pELS	SK-N-SH	604	604	93.772	28.737996	604	386.5300011772198	2978.3625993468263	96	268	278	0.6399503330748672	4.529025864593757	0.08659322833245116	0.47022760554326287	0.8096730606064715	0.15894039735099338	0.0148768870159809	0.12978169879967083	0.18809909590231594	HepG2	Mismatched
K562_skew	(-Inf,-1.5)	Inactive cCRE	HepG2	105688	105675	63383.932	126474.244926	105257	4884.794997698982	337941.39752289816	6797	10824	40345	0.046408267361781	3.208507853715109	0.00552110567213238	0.03558690024440153	0.05722963447916046	0.06457527765374274	7.575513370905384e-4	0.06309047703304528	0.0660600782744402	K562	Mismatched
K562_skew	(-Inf,-1.5)	Inactive cCRE	K562	88567	88556	56512.886	115185.48507	88182	-4672.180006079958	248079.8927065375	4510	7989	29892	-0.05298337536095754	2.8104959666994187	0.005645488289914742	-0.06404853240919044	-0.041918218312724645	0.05114422444489805	7.418368951357772e-4	0.04969022413043193	0.052598224759364175	K562	Matched
K562_skew	(-Inf,-1.5)	Inactive cCRE	SK-N-SH	105860	105848	63386.447	127048.178441	105421	306.41498789645556	305268.6566453918	6018	10248	40802	0.002906583962364762	2.895729140812959	0.005241014998501763	-0.007365805434698693	0.013178973359428216	0.057085400442037165	7.145541407748973e-4	0.055684874326118364	0.05848592655795597	K562	Mismatched
K562_skew	(-Inf,-1.5)	Other cCREs	HepG2	9849	9848	3490.48	5019.846188	9835	15951.87600501348	114125.7762335987	2827	1633	7946	1.6219497717349751	8.974235772678712	0.030207275428837107	1.5627435118944544	1.6811560315754959	0.28744280630401625	0.004563503673288179	0.27849833910437144	0.29638727350366106	K562	Mismatched
K562_skew	(-Inf,-1.5)	Other cCREs	K562	18542	18539	7502.32	11975.56532	18495	18849.92900451064	152323.81371918655	3727	2808	12957	1.019190538227123	7.197585402375705	0.019727236243771106	0.9805251551893316	1.0578559212649143	0.2015139226818059	0.0029495722230262777	0.1957327611246744	0.20729508423893742	K562	Matched
K562_skew	(-Inf,-1.5)	Other cCREs	SK-N-SH	10704	10703	4329.37	6265.846592	10696	16244.743012887197	123963.81249080504	3038	2299	7929	1.5187680453335075	9.28394725555654	0.029461552940719348	1.4610234015696977	1.5765126890973173	0.28403141361256545	0.004360331159132001	0.27548516454066674	0.29257766268446417	K562	Mismatched
K562_skew	(-Inf,-1.5)	PLS	HepG2	3975	3975	819.497	503.891043	3973	15223.570001324648	101749.21312215534	2462	1782	3268	3.8317568591302913	10.93056252495707	0.05245199050146079	3.7289509577474282	3.9345627605131543	0.6196828593002769	0.007701909458716836	0.6045871167611919	0.6347786018393619	K562	Mismatched
K562_skew	(-Inf,-1.5)	PLS	K562	4513	4513	922.518	564.371388	4512	16801.84399765485	111445.64060885012	2732	1992	3670	3.723812942742653	10.835450336608298	0.04900483570139414	3.6277634647679204	3.8198624207173855	0.6054964539007093	0.007276067380057961	0.5912353618357957	0.6197575459656228	K562	Matched
K562_skew	(-Inf,-1.5)	PLS	SK-N-SH	4682	4681	865.835	358.609787	4680	18463.301997721785	122378.78040176346	2979	2070	3824	3.9451499995132018	10.587365790647418	0.047563196355735325	3.8519261346559603	4.038373864370443	0.6365384615384615	0.007031024783982221	0.6227576529618564	0.6503192701150666	K562	Mismatched
K562_skew	(-Inf,-1.5)	dELS	HepG2	3535	3535	1428.536	2274.700696	3535	3529.8539857694423	26970.495822546236	739	750	2493	0.9985442675443966	6.63434645155275	0.0433215876671947	0.913633955716695	1.0834545793720982	0.20905233380480906	0.006839221597592968	0.19564745947352685	0.22245720813609127	K562	Mismatched
K562_skew	(-Inf,-1.5)	dELS	K562	9503	9503	3546.479	5698.636343	9490	6146.140993956127	52406.57754510727	1399	1562	6256	0.6476439403536488	5.103389880262665	0.023189760740225426	0.602192009302807	0.6930958714044906	0.14741833508956798	0.00363923951297109	0.14028542564414465	0.1545512445349913	K562	Matched
K562_skew	(-Inf,-1.5)	dELS	SK-N-SH	1916	1916	652.007	839.644901	1916	3584.8249922859263	24189.343733378708	657	438	1505	1.8709942548465168	9.12906358651777	0.06902642222963226	1.7357024672764376	2.0062860424165962	0.342901878914405	0.010844319206664918	0.32164701326934175	0.3641567445594682	K562	Mismatched
K562_skew	(-Inf,-1.5)	non-cCRE	HepG2	127232	127157	111632.764	246286.574132	125827	-45240.15387980665	190017.2497047872	920	6382	3197	-0.3595424978725285	1.3808870326856448	0.0033127766362952083	-0.3660355400796671	-0.3530494556653899	0.007311626280528027	2.4017430312451077e-4	0.006840884646403986	0.007782367914652068	K562	Mismatched
K562_skew	(-Inf,-1.5)	non-cCRE	K562	127232	127157	111632.764	246286.574132	125827	-45240.15387980665	190017.2497047872	920	6382	3197	-0.3595424978725285	1.3808870326856448	0.0033127766362952083	-0.3660355400796671	-0.3530494556653899	0.007311626280528027	2.4017430312451077e-4	0.006840884646403986	0.007782367914652068	K562	Matched
K562_skew	(-Inf,-1.5)	non-cCRE	SK-N-SH	127232	127157	111632.764	246286.574132	125827	-45240.15387980665	190017.2497047872	920	6382	3197	-0.3595424978725285	1.3808870326856448	0.0033127766362952083	-0.3660355400796671	-0.3530494556653899	0.007311626280528027	2.4017430312451077e-4	0.006840884646403986	0.007782367914652068	K562	Mismatched
K562_skew	(-Inf,-1.5)	pELS	HepG2	2670	2670	604.755	509.785335	2668	6069.453007506788	40240.43317678121	1055	1222	2064	2.274907424102994	9.91113215963996	0.06094929984248663	2.15544679641172	2.3943680517942676	0.3954272863568216	0.00946596023306253	0.37687400430001905	0.4139805684136242	K562	Mismatched
K562_skew	(-Inf,-1.5)	pELS	K562	4592	4592	1242.997	1358.410067	4589	8533.814007271663	56771.39129829832	1512	1860	3341	1.8596238847835396	8.91493176592755	0.044075777587648794	1.773235360711748	1.9460124088553312	0.32948354761385923	0.006938451504160119	0.3158841826657054	0.34308291256201306	K562	Matched
K562_skew	(-Inf,-1.5)	pELS	SK-N-SH	2555	2555	493.541	270.188467	2555	7060.263006521972	45226.72260664086	1188	1156	2056	2.7633123313197543	10.069307274220053	0.0627775474160732	2.6402683383842507	2.886356324255258	0.4649706457925636	0.009867476957380068	0.44563039095609863	0.48431090062902854	K562	Mismatched
K562_skew	[-0.05,0.05)	Inactive cCRE	HepG2	70328473	70290471	18596210.667999987	25806508.384176083	70170285	1883546.8993122904	146610830.82307243	3159240	4702884	5308547	0.02684251459591892	2.0886372882278135	1.7252613506732508e-4	0.026504363371186963	0.027180665820650877	0.045022476394388306	2.4753387719371577e-5	0.04497395975445834	0.045070993034318274	K562	Mismatched
K562_skew	[-0.05,0.05)	Inactive cCRE	K562	69453243	69415400	18415269.09599999	25648206.08325608	69295987	1992284.8191107376	145198458.8054687	3140490	4462597	5150103	0.028750363554396557	2.0945106386481807	1.7385502302528176e-4	0.028409607709267006	0.02909111939952611	0.04531994038846723	2.498731250105313e-5	0.04527096525596516	0.04536891552096929	K562	Matched
K562_skew	[-0.05,0.05)	Inactive cCRE	SK-N-SH	70030871	69993324	18416523.809999987	25557800.44624008	69871049	1663580.827772897	143014307.38659704	3058347	4529543	5199961	0.02380930087042055	2.0462652669836343	1.7113243685462474e-4	0.023473881294185487	0.024144720446655613	0.04377130505082298	2.447524241482366e-5	0.04372333357568993	0.04381927652595603	K562	Mismatched
K562_skew	[-0.05,0.05)	Other cCREs	HepG2	1555302	1554856	361829.953	412708.170705	1552534	-28981.60219524317	4035668.1335558463	76223	220004	357043	-0.0186672898598312	2.5990604551317524	0.0012938610250084555	-0.021203257468847773	-0.016131322250814626	0.04909586521132549	1.7340845424146617e-4	0.04875598464101221	0.049435745781638764	K562	Mismatched
K562_skew	[-0.05,0.05)	Other cCREs	K562	1928045	1927590	459155.267	527642.435669	1925246	-78197.26507374141	4535121.351958165	84740	277941	413571	-0.04061676537634225	2.35395766875883	0.0011057481194944247	-0.04278403169055132	-0.03844949906213318	0.04401515442701868	1.4783712356872532e-4	0.043725393664823975	0.04430491518921338	K562	Matched
K562_skew	[-0.05,0.05)	Other cCREs	SK-N-SH	2382195	2381286	686323.84	877534.293676	2380595	104846.5983894757	8199498.045728845	180044	445413	497608	0.044042182055106266	3.442367901773556	0.001202502210010781	0.04168527772348513	0.0463990863867274	0.07562983203778888	1.7136683271195326e-4	0.07529395304567345	0.0759657110299043	K562	Mismatched
K562_skew	[-0.05,0.05)	PLS	HepG2	283324	283261	46240.081	21270.525335	283209	26950.509999164053	1648650.2294005193	33148	122828	135376	0.09516120603216724	5.8122849155596485	0.004530226563356766	0.08628196196798799	0.10404045009634649	0.11704430297059769	6.04075290041366e-4	0.11586031540211661	0.11822829053907877	K562	Mismatched
K562_skew	[-0.05,0.05)	PLS	K562	317710	317625	51773.051	22405.857389	317547	36127.94498193556	1717285.812833915	36096	136016	150191	0.11377196125907521	5.395046593807071	0.0041218633792433745	0.1056931090357582	0.12185081348239223	0.11367136203459645	5.632729761430706e-4	0.11256734700135602	0.11477537706783687	K562	Matched
K562_skew	[-0.05,0.05)	PLS	SK-N-SH	360210	360082	58719.962	23625.932682	360028	79634.75700473679	2034219.913169905	46306	149759	169841	0.22119045464446319	5.601261752764448	0.003944344098746579	0.2134595402109199	0.22892136907800648	0.12861777417311987	5.579389802720178e-4	0.12752421377178672	0.12971133457445302	K562	Mismatched
K562_skew	[-0.05,0.05)	dELS	HepG2	902250	902182	227695.307	284489.443755	901776	111625.79388953611	2785358.61383881	63172	150278	197513	0.1237843920103619	3.0734286078118376	0.001846129781518787	0.12016597763858508	0.12740280638213872	0.0700528734408545	2.6877741269814464e-4	0.06952606971196613	0.07057967716974285	K562	Mismatched
K562_skew	[-0.05,0.05)	dELS	K562	902137	902068	227827.482	281245.057464	901415	3301.023928836318	2525615.727705289	45267	143983	180833	0.0036620468139939074	2.8018242885079747	0.001763023322782669	2.0652110133987647e-4	0.007117572526647938	0.05021771326192708	2.3002662576550193e-4	0.049766861075426695	0.05066856544842747	K562	Matched
K562_skew	[-0.05,0.05)	dELS	SK-N-SH	310568	310566	81190.627	93211.883825	310379	94500.28081160312	1649995.606422628	37975	60882	103754	0.30446737959592346	5.223383595334851	0.0041023224679107295	0.29642682755881844	0.3125079316330285	0.1223504167485558	5.881893235317002e-4	0.12119756567443367	0.12350326782267794	K562	Mismatched
K562_skew	[-0.05,0.05)	non-cCRE	HepG2	305015868	304842950	73334727.49099976	98642764.82331796	301308114	-30646600.691104185	347721360.498521	4329689	6547325	1045603	-0.10171183339292411	1.1436938591659094	6.160975490630136e-5	-0.10183258851254046	-0.10159107827330777	0.014369639577645095	6.8560592229422886e-6	0.014356201701568127	0.014383077453722063	K562	Mismatched
K562_skew	[-0.05,0.05)	non-cCRE	K562	305015868	304842950	73334727.49099976	98642764.82331796	301308114	-30646600.691104185	347721360.498521	4329689	6547325	1045603	-0.10171183339292411	1.1436938591659094	6.160975490630136e-5	-0.10183258851254046	-0.10159107827330777	0.014369639577645095	6.8560592229422886e-6	0.014356201701568127	0.014383077453722063	K562	Matched
K562_skew	[-0.05,0.05)	non-cCRE	SK-N-SH	305015868	304842950	73334727.49099976	98642764.82331796	301308114	-30646600.691104185	347721360.498521	4329689	6547325	1045603	-0.10171183339292411	1.1436938591659094	6.160975490630136e-5	-0.10183258851254046	-0.10159107827330777	0.014369639577645095	6.8560592229422886e-6	0.014356201701568127	0.014383077453722063	K562	Mismatched
K562_skew	[-0.05,0.05)	pELS	HepG2	480382	480296	84999.116	60047.549608	480084	82343.71200670685	1773499.831748322	40340	185753	154554	0.1715193841217513	3.6647335751914416	0.0027628835929109055	0.16610413227964593	0.17693463596385667	0.0840269619483257	4.003981477989867e-4	0.08324218157863969	0.08481174231801172	K562	Mismatched
K562_skew	[-0.05,0.05)	pELS	K562	948596	948383	162950.229	105524.639801	947693	121968.79006468476	2877525.933649884	65530	361210	258335	0.12870073965375364	3.0197875049635172	0.0017850663181678422	0.12520200967014466	0.13219946963736262	0.06914686507128363	2.606111508394455e-4	0.06863606721563832	0.06965766292692895	K562	Matched
K562_skew	[-0.05,0.05)	pELS	SK-N-SH	465887	465808	74216.886	32851.517156	465837	132922.8490337399	1955986.679697557	49451	196150	181869	0.28534197376709003	4.117453806909566	0.002973016898142363	0.279514860646731	0.2911690868874491	0.10615515727604291	4.513200507258223e-4	0.10527056997662029	0.10703974457546553	K562	Mismatched
K562_skew	[-0.2,-0.05)	Inactive cCRE	HepG2	15042290	15034145	6688611.232	12179804.758888002	15003360	-907239.1216684456	34380363.99478222	656409	1222264	1828135	-0.0604690630411085	2.287854612766427	3.9049901818936347e-4	-0.06123444111675965	-0.05970368496545735	0.04375079982084013	5.280612213315181e-5	0.04364729982145915	0.04385429982022111	K562	Mismatched
K562_skew	[-0.2,-0.05)	Inactive cCRE	K562	14543633	14535617	6539345.899	11994613.772209002	14505625	-919714.2588237209	33199925.64162018	631056	1110857	1690191	-0.06340397320513393	2.284742256065464	3.968719308184066e-4	-0.064181842189538	-0.06262610422072985	0.043504226808565645	5.355981051415647e-5	0.043399249579957895	0.043609204037173395	K562	Matched
K562_skew	[-0.2,-0.05)	Inactive cCRE	SK-N-SH	14813642	14805660	6595365.938	12074978.423926	14774569	-1047742.3635879604	32647217.0949633	606376	1132340	1737817	-0.07091525739857185	2.2046611566282053	3.8629004387871584e-4	-0.07167238588457414	-0.07015812891256956	0.04104187404722263	5.161263158602027e-5	0.04094071328931403	0.04114303480513123	K562	Mismatched
K562_skew	[-0.2,-0.05)	Other cCREs	HepG2	506599	506434	179532.629	264671.266659	505897	-7127.683065552506	1583854.9292821155	31344	80959	167330	-0.014089198128378912	3.1305930585401125	0.0024876097879890334	-0.018964913312837416	-0.009213482943920407	0.061957275888174866	3.389428016200272e-4	0.061292947996999615	0.06262160377935012	K562	Mismatched
K562_skew	[-0.2,-0.05)	Other cCREs	K562	742850	742636	262953.904	384360.184386	741723	-19789.306972551043	2058297.397783437	41191	114268	222381	-0.026680185153421215	2.774313577606369	0.0019340019185239642	-0.030470828913728185	-0.022889541393114245	0.0555342088623381	2.6592094023901637e-4	0.05501300381946963	0.05605541390520657	K562	Matched
K562_skew	[-0.2,-0.05)	Other cCREs	SK-N-SH	818179	817859	329985.034	492824.003	817524	36565.96685242384	3139229.8803527653	69455	169063	246059	0.04472769833353374	3.837927946758826	0.0021666968551985427	0.04048097249734459	0.048974424169722884	0.08495775047582702	3.0836978656229334e-4	0.08435334569416492	0.08556215525748911	K562	Mismatched
K562_skew	[-0.2,-0.05)	PLS	HepG2	185018	184967	34234.487	17177.143631	184917	87095.40897219561	1191760.9846990649	30651	80182	102640	0.4709973067494909	6.223037928805053	0.005801132759622932	0.45962708654062995	0.4823675269583519	0.165755447038401	8.647531941502142e-4	0.1640605307778666	0.16745036329893542	K562	Mismatched
K562_skew	[-0.2,-0.05)	PLS	K562	207090	207023	38349.838	18528.517098	206993	99920.7329953746	1270347.635211299	33694	88557	114008	0.4827251790899914	5.904157559139018	0.005340736358154082	0.4722573358280094	0.49319302235197343	0.16277845144521796	8.11410878076514e-4	0.161188086124188	0.16436881676624793	K562	Matched
K562_skew	[-0.2,-0.05)	PLS	SK-N-SH	237685	237604	43599.97	19062.294964	237566	139999.82900235886	1514023.0640215315	42167	98827	130417	0.5893091982958794	6.025802946690764	0.005036343231889751	0.5794379655613754	0.5991804310303833	0.17749593797092175	7.839188225406276e-4	0.1759594570787421	0.1790324188631014	K562	Mismatched
K562_skew	[-0.2,-0.05)	dELS	HepG2	265448	265427	104811.18	166283.63342	265329	34585.18496764102	988892.4738823982	21878	50141	84847	0.13034830330510808	3.7100658569859677	0.0037393700844903684	0.12301913793950696	0.1376774686707092	0.08245612051453102	5.339892450304885e-4	0.08140950159427127	0.08350273943479078	K562	Mismatched
K562_skew	[-0.2,-0.05)	dELS	K562	347917	347854	131266.045	201749.742317	347560	12593.066981001284	1138367.2610371483	21951	60366	103131	0.03623278565140201	3.274008093994205	0.003069198519905906	0.030217156552386437	0.04224841475041759	0.06315744044193808	4.1260137630244175e-4	0.062348741744385296	0.06396613913949087	K562	Matched
K562_skew	[-0.2,-0.05)	dELS	SK-N-SH	114406	114400	41789.932	56865.279358	114310	40284.632938668845	682919.6515116042	15526	24748	50573	0.35241564988775126	5.850131804267675	0.0071538645506827375	0.3383940753684131	0.3664372244070894	0.13582363747703613	0.001013320334210662	0.13383752962198323	0.13780974533208903	K562	Mismatched
K562_skew	[-0.2,-0.05)	non-cCRE	HepG2	39462481	39443915	16633371.497999985	31445447.22477799	39022000	-7046441.370340482	51693912.50325221	532575	1130698	306589	-0.1805761204023495	1.2921299459300766	1.8196938760959867e-4	-0.1809327804020643	-0.18021946040263467	0.013648070319307058	1.8573630978280655e-5	0.013611666002589628	0.013684474636024489	K562	Mismatched
K562_skew	[-0.2,-0.05)	non-cCRE	K562	39462481	39443915	16633371.497999985	31445447.22477799	39022000	-7046441.370340482	51693912.50325221	532575	1130698	306589	-0.1805761204023495	1.2921299459300766	1.8196938760959867e-4	-0.1809327804020643	-0.18021946040263467	0.013648070319307058	1.8573630978280655e-5	0.013611666002589628	0.013684474636024489	K562	Matched
K562_skew	[-0.2,-0.05)	non-cCRE	SK-N-SH	39462481	39443915	16633371.497999985	31445447.22477799	39022000	-7046441.370340482	51693912.50325221	532575	1130698	306589	-0.1805761204023495	1.2921299459300766	1.8196938760959867e-4	-0.1809327804020643	-0.18021946040263467	0.013648070319307058	1.8573630978280655e-5	0.013611666002589628	0.013684474636024489	K562	Mismatched
K562_skew	[-0.2,-0.05)	pELS	HepG2	186939	186900	41589.954	36053.11545	186828	70025.48899964917	878858.2616354935	22324	76180	82626	0.37481260303406966	4.563643508833313	0.004942365662056229	0.36512556633643944	0.38449963973169987	0.11948958400239792	7.504319069438649e-4	0.11801873746478794	0.12096043054000791	K562	Mismatched
K562_skew	[-0.2,-0.05)	pELS	K562	344804	344743	76863.796	64737.702038	344430	104329.04402538376	1356792.7086292026	34714	135678	135867	0.30290347538072687	3.847501454902941	0.0033422498350923154	0.2963526657039459	0.3094542850575078	0.10078680718868856	5.129590459274729e-4	0.09978140745867072	0.1017922069187064	K562	Matched
K562_skew	[-0.2,-0.05)	pELS	SK-N-SH	202382	202350	38038.608	20259.9168	202362	108231.21299999664	1040340.9534320716	29082	84748	100712	0.5348396092151523	4.854960262927499	0.004898108017049557	0.5252393175017351	0.5444399009285694	0.1437127523942242	7.798173799628697e-4	0.142184310329497	0.14524119445895142	K562	Mismatched
K562_skew	[-0.5,-0.2)	Inactive cCRE	HepG2	3883387	3880822	1921157.611	3570137.201999	3872802	-312512.4686993161	9575334.787864286	179662	358748	701471	-0.0806941508239554	2.4659456707382326	7.979562948038555e-4	-0.08225814516177095	-0.07913015648613984	0.04639070109961728	1.0687793637004625e-4	0.04618122034433199	0.04660018185490257	K562	Mismatched
K562_skew	[-0.5,-0.2)	Inactive cCRE	K562	3645510	3643040	1840505.956	3457852.844342	3635350	-346841.831737542	8871739.248662721	162502	310501	617548	-0.09540809873534653	2.431306520759013	8.177993152453008e-4	-0.09701098539322732	-0.09380521207746574	0.044700510267236995	1.0838093626243041e-4	0.04448808363216263	0.04491293690231136	K562	Matched
K562_skew	[-0.5,-0.2)	Inactive cCRE	SK-N-SH	3782940	3780462	1886527.645	3535226.020611	3772359	-407993.4406435635	8773059.103585672	154817	322306	657083	-0.10815339702386849	2.3139196298486557	7.831908900088345e-4	-0.10968845116828581	-0.10661834287945117	0.041039837406779155	1.021401733739697e-4	0.04083964266696617	0.04124003214659214	K562	Mismatched
K562_skew	[-0.5,-0.2)	Other cCREs	HepG2	170487	170435	62880.289	93566.993247	170246	30841.867999039587	675665.4761833966	15949	29394	76436	0.18116060288664396	3.935963727466536	0.004808250498969435	0.17173643190866386	0.19058477386462405	0.09368208357318233	7.062038728661568e-4	0.09229792398236467	0.095066243164	K562	Mismatched
K562_skew	[-0.5,-0.2)	Other cCREs	K562	289103	289007	109014.683	164416.893525	288623	31672.969995318217	973893.6063299346	22400	45752	112704	0.10973820518572053	3.3622449828833116	0.003413101540682256	0.10304852616598331	0.11642788420545774	0.07760989248951054	4.980241362686486e-4	0.07663376518242399	0.0785860197965971	K562	Matched
K562_skew	[-0.5,-0.2)	Other cCREs	SK-N-SH	280182	280038	113623.192	168098.944854	279929	62557.8029592673	1259090.364176038	31228	60886	111324	0.22347739233615416	4.44796558222265	0.0039861786862677535	0.21566448211106937	0.23129030256123895	0.11155685906069039	5.950302050685407e-4	0.11039059985875606	0.11272311826262472	K562	Mismatched
K562_skew	[-0.5,-0.2)	PLS	HepG2	89698	89668	16636.411	8302.579529	89657	101519.80299639751	780848.0772635994	23159	38692	55403	1.132313182421869	7.427231485387563	0.009101676145914428	1.1144738971758767	1.1501524676678614	0.2583066575950567	0.0014617997686430676	0.25544153004851633	0.2611717851415971	K562	Mismatched
K562_skew	[-0.5,-0.2)	PLS	K562	100490	100457	18700.745	9191.370031	100458	112760.36100057056	841407.5932428046	25437	42677	61783	1.1224627306991037	7.115863409413853	0.008416306398698973	1.1059667701576537	1.1389586912405538	0.25321029684047064	0.0013719793601995143	0.25052121729447957	0.2558993763864617	K562	Matched
K562_skew	[-0.5,-0.2)	PLS	SK-N-SH	115727	115683	21145.851	9134.127409	115681	141458.67300731855	999743.1808473428	30946	47953	70952	1.222834112838915	7.146980376357782	0.007860139931673473	1.207428238572835	1.2382399871049952	0.2675115187455157	0.0013014893725545268	0.2649605995753088	0.2700624379157226	K562	Mismatched
K562_skew	[-0.5,-0.2)	dELS	HepG2	84482	84467	35309.695	56124.786383	84452	19056.706995259057	371420.220968458	8663	17382	35811	0.22565134035024698	4.347136795210428	0.00717458332560275	0.2115891570320656	0.23971352366842835	0.10257897977549377	0.0010440524985863011	0.10053263687826462	0.10462532267272291	K562	Mismatched
K562_skew	[-0.5,-0.2)	dELS	K562	139232	139172	54635.823	84998.436493	139104	18918.777038721608	502037.4992400262	11069	25350	54184	0.13600455083046933	3.5906088255940785	0.005080591037562729	0.12604659239684637	0.1459625092640923	0.07957355647573039	7.256197900561793e-4	0.07815134168722028	0.0809957712642405	K562	Matched
K562_skew	[-0.5,-0.2)	dELS	SK-N-SH	41708	41702	15522.603	20869.137977	41667	23193.82896728254	279791.5973001468	6959	9721	22390	0.5566474420352447	6.405241965499593	0.012398571586088909	0.5323462417265105	0.580948642343979	0.16701466388268893	0.0018272579651945212	0.16343323827090767	0.1705960894944702	K562	Mismatched
K562_skew	[-0.5,-0.2)	non-cCRE	HepG2	6815161	6810573	3621842.435	7001261.180355	6749794	-1777047.1530565007	9667859.623764502	78462	250104	94444	-0.26327427963823796	1.3630060676913158	4.493695445162896e-4	-0.2641550439454899	-0.26239351533098604	0.01162435475808595	4.125724139266882e-5	0.01154349056495632	0.01170521895121558	K562	Mismatched
K562_skew	[-0.5,-0.2)	non-cCRE	K562	6815161	6810573	3621842.435	7001261.180355	6749794	-1777047.1530565007	9667859.623764502	78462	250104	94444	-0.26327427963823796	1.3630060676913158	4.493695445162896e-4	-0.2641550439454899	-0.26239351533098604	0.01162435475808595	4.125724139266882e-5	0.01154349056495632	0.01170521895121558	K562	Matched
K562_skew	[-0.5,-0.2)	non-cCRE	SK-N-SH	6815161	6810573	3621842.435	7001261.180355	6749794	-1777047.1530565007	9667859.623764502	78462	250104	94444	-0.26327427963823796	1.3630060676913158	4.493695445162896e-4	-0.2641550439454899	-0.26239351533098604	0.01162435475808595	4.125724139266882e-5	0.01154349056495632	0.01170521895121558	K562	Mismatched
K562_skew	[-0.5,-0.2)	pELS	HepG2	71038	71019	15879.985	13001.449099	71010	54081.64399379924	439440.7155669957	12675	29682	38539	0.7616060272327734	5.608469483286077	0.008887148237327176	0.7441872166876121	0.7790248377779346	0.17849598648077736	0.0014370084308745765	0.1756794499562632	0.18131252300529152	K562	Mismatched
K562_skew	[-0.5,-0.2)	pELS	K562	124757	124735	29006.784	24673.465866	124632	76477.27698811084	653631.3303712498	18700	49618	61441	0.6136247271014734	4.867994176007225	0.006249715428406446	0.6013752848617968	0.62587416934115	0.15004172283201747	0.0010115562615910655	0.14805907255929898	0.15202437310473596	K562	Matched
K562_skew	[-0.5,-0.2)	pELS	SK-N-SH	78535	78526	15044.7	7804.779406	78531	73770.68899487423	531025.0319375374	16158	33032	45911	0.9393830333864873	5.879614138985373	0.008652743881808846	0.922423655378142	0.9563424113948327	0.20575314207128395	0.0014425485112184355	0.20292574698929583	0.20858053715327207	K562	Mismatched
K562_skew	[-1.0,-0.5)	Inactive cCRE	HepG2	1105419	1104767	590360.687	1112292.475759	1102471	-43767.94596840232	3126049.9983775383	61386	109224	278787	-0.039699861464294585	2.833920575603886	0.0016032832301844575	-0.042842296595456124	-0.036557426333133046	0.05568037617316011	2.1838710970352354e-4	0.0552523374381412	0.05610841490817901	K562	Mismatched
K562_skew	[-1.0,-0.5)	Inactive cCRE	K562	1003481	1002870	552962.069	1057271.868497	1000701	-75491.86294228667	2725246.779091926	51156	90434	236179	-0.07543898021715444	2.7176493953601146	0.0016479519585394773	-0.07866896605589181	-0.07220899437841706	0.051120164764500084	2.2016565128609884e-4	0.05068864008797933	0.051551689441020836	K562	Matched
K562_skew	[-1.0,-0.5)	Inactive cCRE	SK-N-SH	1077526	1076897	581889.677	1106030.971923	1074540	-87707.2199403624	2806108.643960969	51819	97942	266788	-0.08162303864012731	2.6047911840880213	0.00155695178326307	-0.08467466413532293	-0.07857141314493168	0.04822435646881456	2.066756063347179e-4	0.04781927228039851	0.048629440657230606	K562	Mismatched
K562_skew	[-1.0,-0.5)	Other cCREs	HepG2	66400	66372	25259.266	37123.072902	66282	46273.09295482283	425779.4568467768	11298	11611	40523	0.6981245731091824	5.936468574421775	0.009463815922262702	0.6795754939015475	0.7166736523168173	0.1704535167918892	0.0014605806544388963	0.16759077870918895	0.17331625487458943	K562	Mismatched
K562_skew	[-1.0,-0.5)	Other cCREs	K562	120326	120274	47594.394	72363.949954	120100	53838.39191473557	612967.1215441575	15507	18863	61286	0.44827969953984653	4.902892308786179	0.0063893204953962635	0.4357566313688699	0.4608027677108232	0.12911740216486262	9.676107669728892e-4	0.12722088506159576	0.13101391926812947	K562	Matched
K562_skew	[-1.0,-0.5)	Other cCREs	SK-N-SH	96810	96762	39677.018	57858.38017	96728	57969.40696905821	604481.2443149993	16070	21342	50501	0.5993032727758065	5.890185666851759	0.007803481196169139	0.584008449631315	0.614598095920298	0.16613596890248947	0.001196749764380849	0.163790339364303	0.16848159844067592	K562	Mismatched
K562_skew	[-1.0,-0.5)	PLS	HepG2	36268	36263	6923.786	3577.710658	36245	75214.95501196197	484056.8965249335	14235	16039	25225	2.075181542611725	9.049007012353458	0.01580070301660116	2.0442121646991867	2.1061509205242634	0.392743826734722	0.002565172650505215	0.3877160883397318	0.39777156512971223	K562	Mismatched
K562_skew	[-1.0,-0.5)	PLS	K562	40581	40576	7835.931	4093.254579	40573	82550.73499964621	524097.18804543494	15622	17719	27986	2.0346224089824814	8.777916117942924	0.01470879694980587	2.0057931669608617	2.063451651004101	0.38503438247110144	0.0024157757274877395	0.38029946204522547	0.3897693028969774	K562	Matched
K562_skew	[-1.0,-0.5)	PLS	SK-N-SH	45717	45709	8476.122	3664.486366	45694	97616.84698046336	610970.4649358857	18305	19489	31387	2.1363165181525665	8.807256741329097	0.013883237068027268	2.109105373499233	2.1635276628059	0.40059964109073404	0.0022923672147193547	0.3961066013498841	0.40509268083158395	K562	Mismatched
K562_skew	[-1.0,-0.5)	dELS	HepG2	28276	28271	12699.83	20399.211808	28267	11966.743982722392	145102.88137138844	3703	6141	15057	0.4233467995444296	4.954248871624403	0.01323881307235954	0.3973987259226049	0.4492948731662543	0.13100081366965013	0.0020068126133653322	0.12706746094745408	0.1349341663918462	K562	Mismatched
K562_skew	[-1.0,-0.5)	dELS	K562	54371	54355	22089.933	34828.904755	54322	16119.142000172174	223911.58025485557	5540	9674	25439	0.2967332204295161	4.03395547465223	0.008617428219512254	0.2798430611192721	0.3136233797397601	0.1019844630168256	0.0012984375200111727	0.0994395254776037	0.1045294005560475	K562	Matched
K562_skew	[-1.0,-0.5)	dELS	SK-N-SH	14908	14903	5703.02	7600.68034	14883	13956.017980838436	119878.349460913	3143	3654	9377	0.9377153786762371	7.175888776723473	0.021957991289972865	0.8946777157478903	0.9807530416045839	0.2111805415574817	0.0033455730443618	0.20462321839053257	0.21773786472443082	K562	Mismatched
K562_skew	[-1.0,-0.5)	non-cCRE	HepG2	1380720	1379709	902869.909	1805670.986047	1369643	-440393.5741314038	2144717.03171406	15612	60423	29880	-0.3215389514869231	1.46250870201576	0.0010333454660894444	-0.3235643086004584	-0.3195135943733878	0.011398590727656768	9.070526608558867e-5	0.011220808406129015	0.011576373049184522	K562	Mismatched
K562_skew	[-1.0,-0.5)	non-cCRE	K562	1380720	1379709	902869.909	1805670.986047	1369643	-440393.5741314038	2144717.03171406	15612	60423	29880	-0.3215389514869231	1.46250870201576	0.0010333454660894444	-0.3235643086004584	-0.3195135943733878	0.011398590727656768	9.070526608558867e-5	0.011220808406129015	0.011576373049184522	K562	Matched
K562_skew	[-1.0,-0.5)	non-cCRE	SK-N-SH	1380720	1379709	902869.909	1805670.986047	1369643	-440393.5741314038	2144717.03171406	15612	60423	29880	-0.3215389514869231	1.46250870201576	0.0010333454660894444	-0.3235643086004584	-0.3195135943733878	0.011398590727656768	9.070526608558867e-5	0.011220808406129015	0.011576373049184522	K562	Mismatched
K562_skew	[-1.0,-0.5)	pELS	HepG2	25479	25474	5806.427	4691.112475	25460	31547.433994543848	214795.97108564412	6363	10907	16088	1.2390979573662155	6.901512630616258	0.016464287604517954	1.2068279536613604	1.2713679610710706	0.24992144540455616	0.00271347569997775	0.24460303303259978	0.25523985777651254	K562	Mismatched
K562_skew	[-1.0,-0.5)	pELS	K562	43083	43072	10567.669	9525.605817	43029	44217.8740033815	309562.5352699093	9160	17232	24790	1.0276295987213622	6.138396838140341	0.011943919129326633	1.004219517227882	1.0510396802148423	0.2128796857933022	0.0019733632867999047	0.20901189375117438	0.21674747783543	K562	Matched
K562_skew	[-1.0,-0.5)	pELS	SK-N-SH	26881	26876	5304.159	2929.064803	26880	39399.22798565111	254346.50153351575	7648	11495	17627	1.4657450887519015	7.314158882879987	0.016495578956409573	1.4334137539973386	1.4980764235064643	0.2845238095238095	0.0027519609576212908	0.2791299660468718	0.28991765300074723	K562	Mismatched
K562_skew	[-1.5,-1.0)	Inactive cCRE	HepG2	250094	250015	136489.353	263092.726837	249305	12086.636999838183	798987.4985013398	16763	25224	81045	0.048481326085871454	3.2025219102447977	0.0035841036483469355	0.04145648293511146	0.055506169236631445	0.06723892420930186	5.015683122643441e-4	0.06625585031726375	0.06822199810133997	K562	Mismatched
K562_skew	[-1.5,-1.0)	Inactive cCRE	K562	218002	217924	123794.885	243213.523753	217296	-2327.19900357991	649170.9968315649	12812	19668	64791	-0.0107098105974335	2.9873953518075154	0.0037078357247289752	-0.017977168617902294	-0.003442452576964709	0.05896104852367278	5.053130719833785e-4	0.05797063490258536	0.0599514621447602	K562	Matched
K562_skew	[-1.5,-1.0)	Inactive cCRE	SK-N-SH	247158	247086	135698.045	263362.07387100003	246363	2132.2389994897017	731490.0794967334	14604	23008	80611	0.008654867003120199	2.9690927385383055	0.0034715557135463647	0.001850617804569324	0.015459116201671074	0.05927838189987945	4.7576335755670433e-4	0.058345885719068305	0.06021087808069059	K562	Mismatched
K562_skew	[-1.5,-1.0)	Other cCREs	HepG2	23169	23167	8219.272	11466.204456	23149	35819.56295314559	263260.74986931955	6604	3817	17540	1.54734817716297	8.978547365949346	0.019694135497624804	1.5087476715876253	1.5859486827383147	0.2852823016113007	0.002967826891459886	0.27946536090403934	0.29109924231856205	K562	Mismatched
K562_skew	[-1.5,-1.0)	Other cCREs	K562	40930	40927	16017.682	24087.012514	40868	40819.16996817	338003.98490901664	8441	6198	26246	0.9988051768662523	7.273193203059314	0.013340461989021791	0.9726578713677696	1.024952482364735	0.20654301654105903	0.002002512606756014	0.20261809183181723	0.21046794125030083	K562	Matched
K562_skew	[-1.5,-1.0)	Other cCREs	SK-N-SH	27399	27392	10474.807	14541.114997	27382	35780.66897575941	279006.3934950953	7242	5780	18170	1.306722261915105	8.482195566204863	0.017600360267622392	1.2722255557905653	1.341218968039645	0.2644803155357534	0.0026653929469002587	0.2592561453598289	0.26970448571167793	K562	Mismatched
K562_skew	[-1.5,-1.0)	PLS	HepG2	9803	9802	1893.608	965.271946	9792	29609.916988744975	190710.89081571845	5147	4490	7565	3.0238885813669296	10.333347047107534	0.03248514468043597	2.9602176977932753	3.087559464940584	0.5256331699346405	0.005046181139944393	0.5157426549003494	0.5355236849689315	K562	Mismatched
K562_skew	[-1.5,-1.0)	PLS	K562	10913	10913	2200.466	1325.428004	10903	31727.066989147927	201994.3601927751	5552	4900	8359	2.9099391900530063	10.059670205064805	0.03037518037144621	2.8504038365249715	2.969474543581041	0.5092176465193066	0.004787658732982743	0.4998338354026604	0.5186014576359528	K562	Matched
K562_skew	[-1.5,-1.0)	PLS	SK-N-SH	11907	11905	2200.419	893.460377	11896	36649.299982372555	231966.1195565996	6370	5344	9052	3.08080867370314	10.00896496727683	0.02900641838058267	3.023956093677198	3.1376612537290822	0.5354741089441829	0.004572710671423548	0.5265115960281928	0.544436621860173	K562	Mismatched
K562_skew	[-1.5,-1.0)	dELS	HepG2	7463	7463	3106.8089999999997	4888.760177	7463	5462.0979991491195	47533.57835355938	1294	1623	4687	0.7318903924894975	5.8343502151093585	0.027960151903748412	0.6770884947581506	0.7866922902208444	0.1733887176738577	0.004382322764796809	0.16479936505485596	0.18197807029285942	K562	Mismatched
K562_skew	[-1.5,-1.0)	dELS	K562	16574	16574	6595.808	10628.226908	16539	8140.033997173654	81490.39603070494	2141	2905	9164	0.49217207794749707	4.68521578085335	0.016831009887046163	0.45918329856888657	0.5251608573261075	0.12945159925025695	0.002610330798189851	0.12433535088580484	0.13456784761470905	K562	Matched
K562_skew	[-1.5,-1.0)	dELS	SK-N-SH	4021	4021	1521.097	2027.337547	4018	5885.904984096995	44694.531477482145	1193	949	2851	1.4648842668235427	8.97992578298735	0.04727498584302038	1.3722252945712228	1.5575432390758626	0.296913887506222	0.007207996204650291	0.2827862149451074	0.3110415600673366	K562	Mismatched
K562_skew	[-1.5,-1.0)	non-cCRE	HepG2	239673	239546	169933.463	359707.921847	237550	-71917.73781182666	379671.6051991246	2969	11340	7047	-0.30274779125163825	1.506630922145661	0.0025184070181890755	-0.30768386900728883	-0.2978117134959877	0.012498421384971585	2.279391704134641e-4	0.012051660610961195	0.012945182158981975	K562	Mismatched
K562_skew	[-1.5,-1.0)	non-cCRE	K562	239673	239546	169933.463	359707.921847	237550	-71917.73781182666	379671.6051991246	2969	11340	7047	-0.30274779125163825	1.506630922145661	0.0025184070181890755	-0.30768386900728883	-0.2978117134959877	0.012498421384971585	2.279391704134641e-4	0.012051660610961195	0.012945182158981975	K562	Matched
K562_skew	[-1.5,-1.0)	non-cCRE	SK-N-SH	239673	239546	169933.463	359707.921847	237550	-71917.73781182666	379671.6051991246	2969	11340	7047	-0.30274779125163825	1.506630922145661	0.0025184070181890755	-0.30768386900728883	-0.2978117134959877	0.012498421384971585	2.279391704134641e-4	0.012051660610961195	0.012945182158981975	K562	Mismatched
K562_skew	[-1.5,-1.0)	pELS	HepG2	6275	6275	1458.441	1165.977251	6269	10970.393997857003	72504.06781640353	2017	2688	4408	1.7499432122917535	8.50454711290483	0.0368320982776657	1.6777522996675287	1.8221341249159784	0.32174190460998564	0.005900002182218864	0.31017790033283665	0.3333059088871346	K562	Mismatched
K562_skew	[-1.5,-1.0)	pELS	K562	10385	10384	2558.642	2324.749488	10372	15589.536987823203	102337.04739227894	2879	4171	6685	1.5030405888761282	7.608267335627708	0.027083926594835144	1.4499560927502513	1.5561250850020052	0.2775742383339761	0.0043969845194384485	0.26895614867587675	0.28619232799207545	K562	Matched
K562_skew	[-1.5,-1.0)	pELS	SK-N-SH	6319	6318	1273.115	754.953875	6319	13500.495997016196	85839.66133043019	2416	2761	4561	2.136492482515619	9.021201823769053	0.037784007766271104	2.0624358272937275	2.2105491377375106	0.3823389776863428	0.006113292947438164	0.370356923509364	0.39432103186332157	K562	Mismatched
K562_skew	[0.05,0.2)	Inactive cCRE	HepG2	14562412	14555840	2845529.020999998	2763994.364293002	14529004	-500472.0031597033	31522714.869433105	618703	1119522	1470859	-0.03444640824379312	2.168454050597806	3.8632889357799493e-4	-0.03520361287520599	-0.03368920361238025	0.042583992681122534	5.297312696116039e-5	0.04248016535227866	0.04268782000996641	K562	Mismatched
K562_skew	[0.05,0.2)	Inactive cCRE	K562	14146317	14139841	2765807.923999998	2696813.810018002	14113592	-480024.822154199	30601447.76755556	600951	1025116	1372693	-0.034011527480332364	2.1670687063360146	3.9184793379291747e-4	-0.034779549430566485	-0.03324350553009824	0.042579592778365705	5.3744411607684974e-5	0.04247425373161464	0.04268493182511677	K562	Matched
K562_skew	[0.05,0.2)	Inactive cCRE	SK-N-SH	14401893	14395533	2807379.270999998	2729183.875357002	14368280	-649147.7710381319	30149811.556073505	575548	1047819	1411986	-0.0451792261174011	2.0963181159095092	3.819673154596066e-4	-0.045927882055701925	-0.04443057017910027	0.04005684744450971	5.173193812058526e-5	0.03995545284579337	0.04015824204322606	K562	Mismatched
K562_skew	[0.05,0.2)	Other cCREs	HepG2	466092	465977	82584.007	63411.604161	465511	-36439.48595195962	1337394.7937423885	23949	71264	131245	-0.07827846377842762	2.8668393090614455	0.0024816281192039736	-0.08314245489206741	-0.07341447266478783	0.05144668976672947	3.237759722599476e-4	0.050812088861099974	0.05208129067235896	K562	Mismatched
K562_skew	[0.05,0.2)	Other cCREs	K562	663003	662836	124874.893	105653.764731	662049	-57486.987942445914	1718672.6806294108	30963	98616	170994	-0.08683192322992092	2.588454273565773	0.0019773119074819883	-0.09070745456858562	-0.08295639189125623	0.04676844161081733	2.5949595259285274e-4	0.04625982954373534	0.04727705367789932	K562	Matched
K562_skew	[0.05,0.2)	Other cCREs	SK-N-SH	718576	718271	141002.884	122781.666	718076	41802.22494439967	2628983.540593127	59029	144967	185007	0.05821420705384899	3.657765633415593	0.002256954125363725	0.05379057696813609	0.06263783713956189	0.08220439062160552	3.2414198635417803e-4	0.08156907232835132	0.08283970891485971	K562	Mismatched
K562_skew	[0.05,0.2)	PLS	HepG2	135473	135438	19139.708	6533.1911199999995	135380	25650.33600533463	844745.5874892636	18502	59087	66663	0.18946916830650487	6.203958070746205	0.00676950903344506	0.17620093060095254	0.2027374060120572	0.13666715910769686	9.33563705996305e-4	0.1348373742439441	0.13849694397144963	K562	Mismatched
K562_skew	[0.05,0.2)	PLS	K562	151886	151849	21809.005	7605.166443	151803	32066.949981009144	900224.8842526136	20520	65155	73939	0.2112405550681419	5.885634207317973	0.00622667869896351	0.19903626481817344	0.22344484531811037	0.1351751941661232	8.775510553885934e-4	0.13345519409756154	0.13689519423468485	K562	Matched
K562_skew	[0.05,0.2)	PLS	SK-N-SH	173615	173557	24913.602	8196.915142	173511	58176.49598034915	1065653.787415142	26187	72619	84431	0.33528995844845083	6.029322762349226	0.005894822875881187	0.3237361056117237	0.34684381128517794	0.1509241489012224	8.593876452736202e-4	0.1492397491164861	0.15260854868595872	K562	Mismatched
K562_skew	[0.05,0.2)	dELS	HepG2	238299	238287	44876.386	38380.111198	238181	19552.409967142736	795615.8323688253	17363	43492	63914	0.08209055284486477	3.333658427345592	0.003741166117532857	0.07475786725450037	0.08942323843522917	0.07289834201720541	5.326831351907913e-4	0.07185428307223146	0.07394240096217936	K562	Mismatched
K562_skew	[0.05,0.2)	dELS	K562	298629	298590	58149.013	52071.451397	298395	-6584.46701672277	873617.4545383427	16075	50458	74895	-0.02206627797624883	2.92724438111633	0.003132086298443189	-0.02820516712119748	-0.015927388831300182	0.053871546104995054	4.1329390530214327e-4	0.05306149005060285	0.054681602159387256	K562	Matched
K562_skew	[0.05,0.2)	dELS	SK-N-SH	96769	96764	18242.349	14641.879785	96711	28011.91497543501	529706.6220285333	12291	20472	37235	0.28964559331859885	5.393372911751455	0.00746779328521257	0.2750087184795822	0.3042824681576155	0.12708998976331545	0.001071032063025617	0.12499076691978524	0.12918921260684565	K562	Mismatched
K562_skew	[0.05,0.2)	non-cCRE	HepG2	41993362	41976488	7893980.500999992	7620535.799336984	41519348	-5742193.914478938	50382712.80672434	549570	1124016	247622	-0.13830163986387595	1.1943482148680116	1.6960561262202058e-4	-0.1386340668646151	-0.1379692128631368	0.013236479532385721	1.7736483802008303e-5	0.013201716024133786	0.013271243040637657	K562	Mismatched
K562_skew	[0.05,0.2)	non-cCRE	K562	41993362	41976488	7893980.500999992	7620535.799336984	41519348	-5742193.914478938	50382712.80672434	549570	1124016	247622	-0.13830163986387595	1.1943482148680116	1.6960561262202058e-4	-0.1386340668646151	-0.1379692128631368	0.013236479532385721	1.7736483802008303e-5	0.013201716024133786	0.013271243040637657	K562	Matched
K562_skew	[0.05,0.2)	non-cCRE	SK-N-SH	41993362	41976488	7893980.500999992	7620535.799336984	41519348	-5742193.914478938	50382712.80672434	549570	1124016	247622	-0.13830163986387595	1.1943482148680116	1.6960561262202058e-4	-0.1386340668646151	-0.1379692128631368	0.013236479532385721	1.7736483802008303e-5	0.013201716024133786	0.013271243040637657	K562	Mismatched
K562_skew	[0.05,0.2)	pELS	HepG2	161023	160997	23718.845	10642.642163	160937	40073.45600089653	701263.3661228049	16580	64956	61194	0.24900088855202052	4.295403389988762	0.005166233450200142	0.23887507098962824	0.2591267061144128	0.1030216792906541	7.577524251013601e-4	0.10153648453745544	0.10450687404385277	K562	Mismatched
K562_skew	[0.05,0.2)	pELS	K562	303464	303423	45207.132	20817.720346	303174	60394.03999406973	1107771.6621804994	26588	118976	101354	0.19920586855756012	3.6142427425522086	0.003452730506023561	0.19243851676575394	0.2059732203493663	0.08769881322276976	5.137123436364793e-4	0.08669193702924226	0.08870568941629726	K562	Matched
K562_skew	[0.05,0.2)	pELS	SK-N-SH	172446	172414	24309.861	8157.576651	172435	69521.84799965928	827578.9430461173	22042	72444	75216	0.4031771276113276	4.636842641610027	0.005185593486248434	0.3930133643782807	0.41334089084437453	0.12782787717110797	8.040835516551562e-4	0.12625187340986385	0.12940388093235208	K562	Mismatched
K562_skew	[0.2,0.5)	Inactive cCRE	HepG2	3319204	3317386	666727.555	703993.622857	3310306	-124698.09300771888	7413572.414220108	146081	292320	440278	-0.03766965742977202	2.2381246077851924	8.222579109497048e-4	-0.03928128293523344	-0.0360580319243106	0.04412915301485724	1.1288294561016806e-4	0.04390790244146131	0.044350403588253165	K562	Mismatched
K562_skew	[0.2,0.5)	Inactive cCRE	K562	3165300	3163522	637732.231	679675.658425	3156689	-132797.04196444186	7011831.646739583	137028	259193	396280	-0.04206845906088368	2.2194924173108954	8.385151899215455e-4	-0.04371194883312991	-0.04042496928863745	0.043408774193466636	1.1469277459866675e-4	0.04318397635525325	0.04363357203168002	K562	Matched
K562_skew	[0.2,0.5)	Inactive cCRE	SK-N-SH	3241308	3239566	652183.794	694645.27883	3232359	-193836.98594771625	6846167.551130622	128121	263821	412471	-0.059967653948004	2.1144141836501356	8.087890019051326e-4	-0.061552880391738056	-0.05838242750426994	0.039636995766868716	1.0851962421022855e-4	0.03942429730341667	0.03984969423032076	K562	Mismatched
K562_skew	[0.2,0.5)	Other cCREs	HepG2	128001	127969	22602.054	18417.859424	127814	-477.7749857867613	390460.2437999728	8028	21468	43582	-0.003738048928808748	3.0549197488025395	0.004888894773116562	-0.013320282684117208	0.005844184826499713	0.0628100208114917	6.786394055013087e-4	0.061479887576709136	0.06414015404627427	K562	Mismatched
K562_skew	[0.2,0.5)	Other cCREs	K562	203111	203057	37972.715	33228.395805	202761	-3397.073022812611	558452.0783467158	11449	32221	62100	-0.016754075107208048	2.7539710176077477	0.003685424091760202	-0.023977506327058043	-0.009530643887358053	0.05646549385729997	5.125995811064483e-4	0.055460798678331334	0.05747018903626861	K562	Matched
K562_skew	[0.2,0.5)	Other cCREs	SK-N-SH	216332	216231	40588.525	34231.197459	216165	33000.4499698606	834634.3921322143	20425	46870	65353	0.15266324321634214	3.8378103496059324	0.004213558871576374	0.14440466782805245	0.16092181860463184	0.0944880068466218	6.291334242357462e-4	0.09325490533511974	0.09572110835812386	K562	Mismatched
K562_skew	[0.2,0.5)	PLS	HepG2	50043	50033	6815.597	2212.205051	50019	22608.945956874868	351699.2903030779	8571	21869	25587	0.4520071564180585	6.827139928255855	0.011682933364996692	0.42910860702266496	0.47490570581345204	0.1713548851436454	0.0016848646940887755	0.1680525503432314	0.17465721994405942	K562	Mismatched
K562_skew	[0.2,0.5)	PLS	K562	56597	56582	7826.565	2563.352547	56576	27254.062955076577	380725.84938767465	9712	24154	28732	0.481724811847366	6.497514644959153	0.010716612169363959	0.4607202519954126	0.5027293716993193	0.1716628959276018	0.0015853518200276025	0.16855560636034772	0.1747701854948559	K562	Matched
K562_skew	[0.2,0.5)	PLS	SK-N-SH	66658	66636	9249.086	2853.68272	66630	42144.09094857308	465500.2818004562	12730	27745	33737	0.6325092443129684	6.586377623592089	0.00994233533287882	0.6130222670605259	0.6519962215654109	0.1910550802941618	0.0015230138912831592	0.1880699730672468	0.1940401875210768	K562	Mismatched
K562_skew	[0.2,0.5)	dELS	HepG2	64208	64200	12155.179	10954.869189	64172	9578.428005943662	230117.01636730507	5336	12781	20868	0.14926179651473637	3.563717613802977	0.007452103093709584	0.13465567445106558	0.16386791857840716	0.08315153026241974	0.0010899613994801625	0.08101520591943862	0.08528785460540086	K562	Mismatched
K562_skew	[0.2,0.5)	dELS	K562	94058	94040	18410.009	17010.872991	93973	3499.524984858342	294916.85042452376	5916	16638	28699	0.03723968570608943	3.136961320541938	0.005777674034599201	0.025915444598275	0.04856392681390387	0.06295425281729859	7.923031601008658e-4	0.061401338623500896	0.0645071670110963	K562	Matched
K562_skew	[0.2,0.5)	dELS	SK-N-SH	30442	30439	5579.944	4351.178366	30413	13019.127985406438	179143.82297046366	4351	6906	13424	0.42807772943828093	5.707307122951614	0.013698909317702786	0.40122786717558345	0.4549275917009784	0.14306382139216783	0.0020077494654588504	0.13912863243986848	0.1469990103444672	K562	Mismatched
K562_skew	[0.2,0.5)	non-cCRE	HepG2	6505091	6501311	1325961.677	1506377.022771	6437460	-1043411.1872843415	8178462.913572784	83401	220740	63971	-0.16208429835437294	1.244177608492217	4.3962655632439127e-4	-0.16294596640476874	-0.16122263030397713	0.012955575646295278	4.456967171918963e-5	0.012868219089725666	0.01304293220286489	K562	Mismatched
K562_skew	[0.2,0.5)	non-cCRE	K562	6505091	6501311	1325961.677	1506377.022771	6437460	-1043411.1872843415	8178462.913572784	83401	220740	63971	-0.16208429835437294	1.244177608492217	4.3962655632439127e-4	-0.16294596640476874	-0.16122263030397713	0.012955575646295278	4.456967171918963e-5	0.012868219089725666	0.01304293220286489	K562	Matched
K562_skew	[0.2,0.5)	non-cCRE	SK-N-SH	6505091	6501311	1325961.677	1506377.022771	6437460	-1043411.1872843415	8178462.913572784	83401	220740	63971	-0.16208429835437294	1.244177608492217	4.3962655632439127e-4	-0.16294596640476874	-0.16122263030397713	0.012955575646295278	4.456967171918963e-5	0.012868219089725666	0.01304293220286489	K562	Mismatched
K562_skew	[0.2,0.5)	pELS	HepG2	52301	52293	7480.731	3193.9617590000003	52272	22793.557995114603	252868.9350913902	6865	21669	23170	0.4360567415655533	4.647503404628858	0.00942920981805311	0.41757549032216923	0.45453799280893736	0.1313322620140802	0.0014773316419768978	0.12843669199580546	0.13422783203235492	K562	Mismatched
K562_skew	[0.2,0.5)	pELS	K562	94691	94680	13839.596	6294.238512	94584	35245.591011747376	392791.4748833551	10776	37901	37674	0.372637983292601	4.0140155094338485	0.006514493945756628	0.35986957515891804	0.38540639142628397	0.11393047449885815	0.0010331063117367777	0.11190558612785406	0.11595536286986224	K562	Matched
K562_skew	[0.2,0.5)	pELS	SK-N-SH	59017	59009	8179.767	2691.180905	59016	35478.38100830383	313271.851748099	9254	24765	28500	0.6011654637437954	4.946936785162467	0.009155525891543661	0.5832206329963698	0.619110294491221	0.15680493425511727	0.0014967835632165789	0.15387123847121278	0.15973863003902175	K562	Mismatched
K562_skew	[0.5,1.0)	Inactive cCRE	HepG2	818266	817778	166452.048	184086.467436	815958	-40362.16895168928	1888386.701842807	36705	78531	125447	-0.049465988386276354	2.311874458166543	0.0016832484415462588	-0.05276515533170702	-0.04616682144084569	0.04498393299655129	2.2945638570180167e-4	0.04453419848057576	0.045433667512526824	K562	Mismatched
K562_skew	[0.5,1.0)	Inactive cCRE	K562	773640	773165	158284.544	176964.67585	771401	-47275.52495625803	1755242.0481949348	33319	68770	111348	-0.0612852782875029	2.2716421499764103	0.0017160496950285075	-0.06464873568975878	-0.05792182088524703	0.04319284004039404	2.3146108788034574e-4	0.04273917630814856	0.04364650377263952	K562	Matched
K562_skew	[0.5,1.0)	Inactive cCRE	SK-N-SH	793117	792639	161738.734	180831.843776	790783	-63338.82092526672	1700854.2895307676	30868	69659	116504	-0.08009633606851276	2.144435611892727	0.0016467506486689978	-0.08332396733990399	-0.07686870479712152	0.03903472886999341	2.1779643550589683e-4	0.03860784785640185	0.039461609883584964	K562	Mismatched
K562_skew	[0.5,1.0)	Other cCREs	HepG2	33141	33132	5742.5779999999995	4732.959454	33080	1572.8700053539346	104167.033815	2294	5734	12356	0.047547460863178195	3.146777346351993	0.009753270226927364	0.028431051218400564	0.06666387050795583	0.06934703748488513	0.0013967706089863235	0.06660936709127194	0.07208470787849833	K562	Mismatched
K562_skew	[0.5,1.0)	Other cCREs	K562	54735	54718	9971.19	8932.119254000001	54634	2136.9680169746293	161741.69733062282	3530	8808	18249	0.039114251509584315	2.958982875297694	0.007359354556319872	0.024689916579197363	0.05353858643997127	0.06461178021012556	0.001051768845569256	0.06255031327280983	0.0666732471474413	K562	Matched
K562_skew	[0.5,1.0)	Other cCREs	SK-N-SH	59748	59732	11156.058	9558.662376	59697	11790.253986651303	249688.437256764	6101	13441	19215	0.19750161627303386	4.143658587478739	0.00833135670560244	0.18117215713005308	0.21383107541601465	0.10219944050789823	0.0012397609180087833	0.09976950910860101	0.10462937190719544	K562	Mismatched
K562_skew	[0.5,1.0)	PLS	HepG2	13094	13092	1768.343	575.246349	13081	8880.479008160997	103726.55686798388	2600	5757	6780	0.6788838015565322	7.469246446428177	0.023895599006808998	0.6320484275031866	0.7257191756098778	0.19876156257166883	0.003489206043169645	0.19192271872705632	0.20560040641628133	K562	Mismatched
K562_skew	[0.5,1.0)	PLS	K562	14857	14854	2023.914	634.870596	14851	10411.45800101734	112719.71768368346	2959	6449	7682	0.7010610733968985	7.099033653997544	0.021863604794227737	0.6582084080002122	0.7439137387935848	0.19924584203083967	0.003277678751658695	0.19282159167758864	0.2056700923840907	K562	Matched
K562_skew	[0.5,1.0)	PLS	SK-N-SH	17922	17918	2446.237	718.405423	17909	15547.243999854092	142193.76794950382	3955	7508	9215	0.8681246300661172	7.186554752266184	0.020032017969802675	0.8288618748453039	0.9073873852869304	0.2208386844603272	0.003099670988703986	0.2147633293224674	0.226914039598187	K562	Mismatched
K562_skew	[0.5,1.0)	dELS	HepG2	17362	17361	3185.16	2839.633478	17348	3607.0400003106342	70278.18643282921	1649	3550	6252	0.20792252711036627	4.008082179084363	0.015200000491267686	0.1781305261474816	0.23771452807325094	0.09505418492045192	0.0022267538011086223	0.09068974747027903	0.09941862237062482	K562	Mismatched
K562_skew	[0.5,1.0)	dELS	K562	26686	26683	5131.641	4912.838309	26660	3144.808995414759	91250.45453047688	2027	4904	9116	0.11795982728487468	3.408961078980226	0.01130787369329992	0.09579639484600684	0.14012325972374254	0.07603150787696925	0.0016232869981704537	0.07284986536055515	0.07921315039338334	K562	Matched
K562_skew	[0.5,1.0)	dELS	SK-N-SH	8756	8756	1567.77	1254.302538	8751	4788.11299653945	54151.73533272946	1405	1945	4136	0.5471503824179466	5.889361997212864	0.02594210918660198	0.49630384841220665	0.5979969164236865	0.16055307964804022	0.003924434620993753	0.15286118779089247	0.16824497150518797	K562	Mismatched
K562_skew	[0.5,1.0)	non-cCRE	HepG2	1270976	1270070	253564.361	284875.714089	1259669	-231647.09965537747	1644524.346431946	15508	50906	16945	-0.18389521346907597	1.2717045710388197	0.0010047659182477492	-0.18586455466884155	-0.1819258722693104	0.012311170632920235	9.824976618190602e-5	0.012118601091203699	0.012503740174636771	K562	Mismatched
K562_skew	[0.5,1.0)	non-cCRE	K562	1270976	1270070	253564.361	284875.714089	1259669	-231647.09965537747	1644524.346431946	15508	50906	16945	-0.18389521346907597	1.2717045710388197	0.0010047659182477492	-0.18586455466884155	-0.1819258722693104	0.012311170632920235	9.824976618190602e-5	0.012118601091203699	0.012503740174636771	K562	Matched
K562_skew	[0.5,1.0)	non-cCRE	SK-N-SH	1270976	1270070	253564.361	284875.714089	1259669	-231647.09965537747	1644524.346431946	15508	50906	16945	-0.18389521346907597	1.2717045710388197	0.0010047659182477492	-0.18586455466884155	-0.1819258722693104	0.012311170632920235	9.824976618190602e-5	0.012118601091203699	0.012503740174636771	K562	Mismatched
K562_skew	[0.5,1.0)	pELS	HepG2	14965	14962	2091.167	834.224453	14955	8289.602001232095	81910.0712557336	2220	6336	6926	0.5543030425431024	5.170196579174752	0.01859346451614445	0.5178598520914592	0.5907462329947455	0.14844533600802406	0.0029073434298611386	0.14274694288549622	0.1541437291305519	K562	Mismatched
K562_skew	[0.5,1.0)	pELS	K562	26910	26905	3828.007	1624.027161	26876	13570.11200621969	127514.63247463526	3633	10977	11366	0.5049156126737494	4.489781248631198	0.012924991753990417	0.47958262883592817	0.5302485965115706	0.1351763655305849	0.002085603953472813	0.13108858178177818	0.13926414927939162	K562	Matched
K562_skew	[0.5,1.0)	pELS	SK-N-SH	17285	17280	2330.497	705.317057	17282	13201.032005590276	101580.32014458811	3139	7355	8691	0.7638602016890566	5.294634406243517	0.017503342392871355	0.7295536505990287	0.7981667527790844	0.1816340701307719	0.0029327525922813184	0.17588587504990053	0.18738226521164328	K562	Mismatched
K562_skew	[1.0,1.5)	Inactive cCRE	HepG2	159855	159767	33979.398	40452.428122	159420	-9931.34198698402	368898.50113710953	7249	15957	26241	-0.06229671300328704	2.3101375066686463	0.003806690017443147	-0.0697578254374756	-0.054835600569098475	0.045471082674695774	5.21784038739178e-4	0.04444838595876698	0.046493779390624566	K562	Mismatched
K562_skew	[1.0,1.5)	Inactive cCRE	K562	150715	150631	32305.639	39014.580419	150296	-11830.008983623124	341884.4008974188	6526	13966	23478	-0.0787114027227812	2.2685601270574183	0.003885093150505865	-0.0863261852977727	-0.0710966201477897	0.04342098259434715	5.256982575718785e-4	0.04239061400950627	0.04445135117918803	K562	Matched
K562_skew	[1.0,1.5)	Inactive cCRE	SK-N-SH	154153	154069	32872.366	39667.878462	153721	-15000.850979247827	330066.6821736304	5976	14096	24338	-0.09758491669484214	2.137671255402477	0.003729098528352018	-0.10489394981041208	-0.09027588357927219	0.038875625321198794	4.930169936153828e-4	0.03790931201371264	0.039841938628684945	K562	Mismatched
K562_skew	[1.0,1.5)	Other cCREs	HepG2	6249	6249	1089.808	988.586238	6246	642.1950040092927	20735.797182348393	481	1137	2398	0.10281700352374203	3.3098108272791418	0.023019749652071608	0.05769829420568168	0.14793571284180237	0.07700928594300352	0.00337341074692833	0.07039740087902399	0.08362117100698305	K562	Mismatched
K562_skew	[1.0,1.5)	Other cCREs	K562	10627	10625	1982.875	1888.466445	10612	1025.310002283892	31655.72563612068	771	1767	3550	0.09661797986090198	2.973957426724044	0.01674051263153575	0.06380657510309191	0.12942938461871206	0.07265359969845459	0.002519712224377624	0.06771496373867444	0.07759223565823473	K562	Matched
K562_skew	[1.0,1.5)	Other cCREs	SK-N-SH	12163	12158	2325.52	2113.236366	12156	2966.4869966264814	49761.86698733559	1326	2734	3889	0.2440347973532808	4.034384280893682	0.018217689083211138	0.20832812675018697	0.2797414679563746	0.10908193484698914	0.0028274826796063145	0.10354006879496076	0.11462380089901751	K562	Mismatched
K562_skew	[1.0,1.5)	PLS	HepG2	2078	2078	287.698	94.569772	2077	1525.215001492994	16560.024834269778	430	906	1067	0.7343355808825199	7.43738207619349	0.05984002938743284	0.6170491232831515	0.8516220384818883	0.20702936928261917	0.008890501970906068	0.18960398541964327	0.22445475314559507	K562	Mismatched
K562_skew	[1.0,1.5)	PLS	K562	2477	2477	342.058	104.868702	2477	2012.73600157944	18451.000529649635	512	1047	1247	0.812570045046201	6.791402078424927	0.05236205931514362	0.7099404087885195	0.9151996813038825	0.2067016552280985	0.008136305518013922	0.1907544964127912	0.22264881404340578	K562	Matched
K562_skew	[1.0,1.5)	PLS	SK-N-SH	3120	3120	437.129	135.933351	3119	3142.993003175011	25616.33347583267	739	1260	1572	1.0076925306748994	7.199859814807486	0.048045678726055585	0.9135230003718304	1.1018620609779683	0.23693491503687078	0.007613557562683102	0.2220123422140119	0.25185748785972967	K562	Mismatched
K562_skew	[1.0,1.5)	dELS	HepG2	3575	3575	694.453	679.0869749999999	3573	808.9480011030103	14335.185676383757	361	696	1338	0.22640582174727408	3.9619359292954126	0.033299461923136126	0.1611388763779273	0.2916727671166209	0.10103554436048139	0.005041872337576529	0.09115347457883138	0.11091761414213139	K562	Mismatched
K562_skew	[1.0,1.5)	dELS	K562	5339	5338	1060.561	1088.698113	5334	817.4749988234836	17865.56400428316	414	956	1803	0.1532574051037652	3.326510389504269	0.024972840100581557	0.10431063850662536	0.20220417170090504	0.07761529808773904	0.003663559125363453	0.07043472220202666	0.08479587397345141	K562	Matched
K562_skew	[1.0,1.5)	dELS	SK-N-SH	1764	1764	355.246	348.107032	1764	944.7069993524352	9936.906458569969	279	406	868	0.5355481855739429	5.349387600208604	0.055068436088012165	0.42761405084143905	0.6434823203064467	0.15816326530612246	0.008687952889183052	0.14113487764332366	0.17519165296892125	K562	Mismatched
K562_skew	[1.0,1.5)	non-cCRE	HepG2	214668	214525	38608.692	39649.842886	212901	-43541.4759497327	284953.1032561265	2478	9439	3309	-0.20451513120996473	1.2966097350361268	0.0024678331192640453	-0.20935208412372225	-0.1996781782962072	0.011639212591768006	2.3245061687323106e-4	0.011183609382696472	0.012094815800839539	K562	Mismatched
K562_skew	[1.0,1.5)	non-cCRE	K562	214668	214525	38608.692	39649.842886	212901	-43541.4759497327	284953.1032561265	2478	9439	3309	-0.20451513120996473	1.2966097350361268	0.0024678331192640453	-0.20935208412372225	-0.1996781782962072	0.011639212591768006	2.3245061687323106e-4	0.011183609382696472	0.012094815800839539	K562	Matched
K562_skew	[1.0,1.5)	non-cCRE	SK-N-SH	214668	214525	38608.692	39649.842886	212901	-43541.4759497327	284953.1032561265	2478	9439	3309	-0.20451513120996473	1.2966097350361268	0.0024678331192640453	-0.20935208412372225	-0.1996781782962072	0.011639212591768006	2.3245061687323106e-4	0.011183609382696472	0.012094815800839539	K562	Mismatched
K562_skew	[1.0,1.5)	pELS	HepG2	3086	3085	420.596	172.11127	3085	1667.6540015744977	16180.860004714716	455	1346	1482	0.5405685580468388	4.954402946096806	0.0400744968598822	0.46202254420146965	0.6191145718922079	0.14748784440842788	0.006384116741360573	0.13497497559536115	0.16000071322149462	K562	Mismatched
K562_skew	[1.0,1.5)	pELS	K562	5685	5683	780.82	290.168698	5682	2687.1580021320847	26853.677767353885	753	2306	2448	0.47292467478565375	4.503230847227232	0.028152144993364638	0.41774647059865905	0.5281028789726484	0.13252375923970433	0.004498058020420071	0.12370756551968098	0.14133995295972768	K562	Matched
K562_skew	[1.0,1.5)	pELS	SK-N-SH	3643	3643	481.692	121.627166	3641	2659.3340012896815	21328.579739457484	656	1546	1859	0.7303856087035654	5.325890235214129	0.038245977596486395	0.6554234926144521	0.8053477247926787	0.18017028288931614	0.00636932000389168	0.16768641568168843	0.19265415009694384	K562	Mismatched
K562_skew	[1.5,Inf)	Inactive cCRE	HepG2	53759	53696	10985.938	12970.28774	53627	-5031.030979395845	122428.62352667308	2282	5615	8826	-0.09381526058507553	2.274207213745748	0.006512133051898684	-0.10657904136679695	-0.0810514798033541	0.0425531914893617	8.716289485504756e-4	0.04084479875020277	0.04426158422852063	K562	Mismatched
K562_skew	[1.5,Inf)	Inactive cCRE	K562	50735	50674	10432.465	12453.038875	50609	-5647.443984797455	114262.98763764671	2063	4892	7881	-0.11158971694357635	2.2453523348468316	0.006660830336284882	-0.12464494440269472	-0.09853448948445798	0.040763500563140945	8.789915613985017e-4	0.03904067710279988	0.04248632402348201	K562	Matched
K562_skew	[1.5,Inf)	Inactive cCRE	SK-N-SH	51682	51622	10679.702	12873.75914	51550	-6512.173981822445	110494.24715118708	1898	4911	8117	-0.12632733233409205	2.1275210301726117	0.006424252408959169	-0.138918867055652	-0.11373579761253208	0.03681862269641125	8.294180320878515e-4	0.03519296335351906	0.03844428203930344	K562	Mismatched
K562_skew	[1.5,Inf)	Other cCREs	HepG2	1958	1958	401.994	447.053368	1957	166.9019999376032	6508.476981738276	150	367	744	0.08528461928339458	3.3201650348752354	0.04118930110770332	0.004553589112296072	0.1660156494544931	0.07664793050587634	0.006013654419424262	0.06486116784380479	0.0884346931679479	K562	Mismatched
K562_skew	[1.5,Inf)	Other cCREs	K562	3320	3319	614.575	591.826901	3317	427.58600257895864	9444.567629263847	237	568	1084	0.1289074472652875	2.8315586879327577	0.029217297852461382	0.07164154347446319	0.1861733510561118	0.07145010551703346	0.004472304076196777	0.06268438952768778	0.08021582150637914	K562	Matched
K562_skew	[1.5,Inf)	Other cCREs	SK-N-SH	4074	4071	755.573	679.3083310000001	4072	811.669002272771	15525.366486997917	410	959	1293	0.19932932275853904	3.773907407140945	0.030443300574794212	0.13966045363194238	0.2589981918851357	0.1006876227897839	0.004715626985886515	0.09144499389744633	0.10993025168212146	K562	Mismatched
K562_skew	[1.5,Inf)	PLS	HepG2	507	507	62.872	13.058454	507	361.1269983114908	3604.403425558239	102	209	256	0.7122820479516584	6.614978552629043	0.11422475640420378	0.488401525399419	0.9361625705038978	0.20118343195266272	0.01780392099736727	0.16628774679782288	0.23607911710750257	K562	Mismatched
K562_skew	[1.5,Inf)	PLS	K562	615	615	78.364	18.76288	615	488.9279990491923	4415.844195838575	130	257	299	0.7950048765027516	6.558866534748753	0.10327063296861218	0.5925944358842717	0.9974153171212315	0.21138211382113822	0.01646379204250758	0.17911308141782337	0.24365114622445308	K562	Matched
K562_skew	[1.5,Inf)	PLS	SK-N-SH	793	793	100.718	20.600504	793	810.0939989178441	5975.701684506644	187	311	388	1.021556114650497	6.50018334150309	0.09053702287657356	0.8441035498124129	1.1990086794885813	0.23581336696090793	0.015074653360067332	0.20626704637517596	0.2653596875466399	K562	Mismatched
K562_skew	[1.5,Inf)	dELS	HepG2	1219	1219	238.543	248.33418699999999	1218	302.0660023208474	4846.663474739826	119	264	455	0.24800164394158244	3.920912579774358	0.05673746600858931	0.1367962105647474	0.3592070773184175	0.09770114942528736	0.008507488965286436	0.08102647105332594	0.11437582779724878	K562	Mismatched
K562_skew	[1.5,Inf)	dELS	K562	1836	1835	435.883	552.588981	1833	117.70600155438308	5957.122551297075	132	363	635	0.06421494902039449	3.247578638868922	0.042091907331175675	-0.018285189348709832	0.1467150873894988	0.07201309328968904	0.006038032203330474	0.060178550171161305	0.08384763640821677	K562	Matched
K562_skew	[1.5,Inf)	dELS	SK-N-SH	624	624	117.502	102.760598	624	389.9060016828588	3660.815574890344	105	146	296	0.624849361671248	5.485045037924593	0.09375572664496451	0.4410881374471176	0.8086105858953785	0.16826923076923078	0.014976193541407072	0.13891589142807292	0.19762257011038864	K562	Mismatched
K562_skew	[1.5,Inf)	non-cCRE	HepG2	68402	68367	10498.375	8861.733853	67940	-19876.644980281813	104260.69438760327	752	3280	1135	-0.2925617453677041	1.4490285173481772	0.0046182314558952595	-0.3016134790212588	-0.28351001171414936	0.0110685899322932	4.0138992120275615e-4	0.010281865686735798	0.011855314177850601	K562	Mismatched
K562_skew	[1.5,Inf)	non-cCRE	K562	68402	68367	10498.375	8861.733853	67940	-19876.644980281813	104260.69438760327	752	3280	1135	-0.2925617453677041	1.4490285173481772	0.0046182314558952595	-0.3016134790212588	-0.28351001171414936	0.0110685899322932	4.0138992120275615e-4	0.010281865686735798	0.011855314177850601	K562	Matched
K562_skew	[1.5,Inf)	non-cCRE	SK-N-SH	68402	68367	10498.375	8861.733853	67940	-19876.644980281813	104260.69438760327	752	3280	1135	-0.2925617453677041	1.4490285173481772	0.0046182314558952595	-0.3016134790212588	-0.28351001171414936	0.0110685899322932	4.0138992120275615e-4	0.010281865686735798	0.011855314177850601	K562	Mismatched
K562_skew	[1.5,Inf)	pELS	HepG2	1074	1074	145.57	50.592388	1074	489.24200344085693	4444.695674707294	146	452	514	0.4555325916581536	3.9346039113996767	0.06052689132111311	0.33689988466877185	0.5741652986475353	0.13594040968342644	0.010457888182200299	0.11544294884631386	0.15643787052053904	K562	Mismatched
K562_skew	[1.5,Inf)	pELS	K562	2011	2011	273.63	113.1085	2009	901.5300062298776	7752.341069370494	237	827	896	0.4487456477002875	3.659254682671127	0.04267822515376342	0.3650963263989112	0.5323949690016638	0.11796913887506222	0.0071967451974903245	0.10386351828798118	0.13207475946214325	K562	Matched
K562_skew	[1.5,Inf)	pELS	SK-N-SH	1344	1344	181.422	52.897564	1344	788.8110035639256	6176.732185834682	199	580	701	0.5869129490803018	4.254481603474301	0.056263104316656314	0.4766372646196554	0.6971886335409482	0.1480654761904762	0.009687916310216186	0.12907716022245247	0.16705379215849991	K562	Mismatched
SKNSH_skew	(-Inf,-1.5)	Inactive cCRE	HepG2	72689	72679	59240.272	126496.324894	72488	-6939.7200054861605	240639.3695583592	4253	6578	23890	-0.09573612191654013	3.310593453693039	0.006758026139799752	-0.10898185315054765	-0.08249039068253261	0.05867178015671559	8.728751168850875e-4	0.05696094492762082	0.06038261538581036	SK-N-SH	Mismatched
SKNSH_skew	(-Inf,-1.5)	Inactive cCRE	K562	67617	67606	55696.617	119763.424825	67434	-9002.875002737852	212113.646671623	3604	5745	21093	-0.1335064656217613	3.1277224007470075	0.0068104316623830066	-0.14685491168003198	-0.1201580195634906	0.053444849779043214	8.661366801090609e-4	0.051747221886029454	0.055142477672056975	SK-N-SH	Mismatched
SKNSH_skew	(-Inf,-1.5)	Inactive cCRE	SK-N-SH	73268	73257	59424.315	127153.188161	73069	-8142.241995567458	228310.48613943916	4026	6595	24601	-0.11143223522379474	3.1122129785150823	0.00652631561882058	-0.12422381383668307	-0.0986406566109064	0.055098605427746375	8.441059595692709e-4	0.05344415774699061	0.05675305310850214	SK-N-SH	Matched
SKNSH_skew	(-Inf,-1.5)	Other cCREs	HepG2	3549	3548	1902.327	3427.112003	3545	2019.6969963215524	20172.887422668697	522	648	2203	0.5697311696252616	5.367438795334591	0.03891127223938603	0.493465076036065	0.6459972632144582	0.1472496473906911	0.005951548345647593	0.13558461263322183	0.15891468214816037	SK-N-SH	Mismatched
SKNSH_skew	(-Inf,-1.5)	Other cCREs	K562	5950	5950	3817.545	7107.600453	5930	2035.2059978458583	29729.60638072313	706	964	3373	0.34320505865866074	4.896460345226848	0.02873517022094679	0.286884125025605	0.3995259922917165	0.11905564924114671	0.004205541225872754	0.11081278843843612	0.1272985100438573	SK-N-SH	Mismatched
SKNSH_skew	(-Inf,-1.5)	Other cCREs	SK-N-SH	3868	3868	2417.772	4210.8581460000005	3862	1835.2299914071332	24975.850097522503	593	819	2000	0.4752019656673053	6.242876249198198	0.04020557044322975	0.396399047598575	0.5540048837360356	0.15354738477472812	0.005801180825072731	0.14217707035758556	0.1649176991918707	SK-N-SH	Matched
SKNSH_skew	(-Inf,-1.5)	PLS	HepG2	4094	4094	856.098	471.641262	4089	16479.118996738922	113679.92586850536	2655	1897	2958	4.030109806001204	11.562442956332465	0.05317607108149849	3.925884706681467	4.134334905320941	0.6493030080704328	0.007462445502563376	0.6346766148854086	0.6639294012554571	SK-N-SH	Mismatched
SKNSH_skew	(-Inf,-1.5)	PLS	K562	4364	4364	955.337	600.505431	4359	16985.10999400413	116786.60760045808	2755	1974	3124	3.8965611365001447	11.611539260817203	0.051612092026158296	3.7954014361288744	3.997720836871415	0.6320256939665061	0.00730436858622105	0.6177091315375128	0.6463422563954994	SK-N-SH	Mismatched
SKNSH_skew	(-Inf,-1.5)	PLS	SK-N-SH	4344	4344	844.978	347.802408	4339	17772.719995427997	121970.83059760612	2860	1983	3134	4.096040561287854	11.335419228197642	0.05111212865227834	3.9958607891293885	4.19622033344632	0.6591380502419912	0.007195858725619405	0.6450341671397772	0.6732419333442052	SK-N-SH	Matched
SKNSH_skew	(-Inf,-1.5)	dELS	HepG2	2202	2202	1179.484	2038.853246	2202	2121.8869983695927	17161.64909314639	456	452	1408	0.9636180737373263	6.868223730617539	0.0558487631584576	0.8541544979467495	1.0730816495279032	0.20708446866485014	0.008635322647764421	0.19015923627523187	0.2240097010544684	SK-N-SH	Mismatched
SKNSH_skew	(-Inf,-1.5)	dELS	K562	3867	3867	2332.359	4348.151423	3865	2574.51999656693	24794.52529173428	631	674	2452	0.6661112539629831	5.972983578796145	0.039311617297431975	0.5890604840600164	0.7431620238659498	0.16326002587322122	0.005945117466312388	0.15160759563924894	0.1749124561071935	SK-N-SH	Mismatched
SKNSH_skew	(-Inf,-1.5)	dELS	SK-N-SH	1185	1185	587.3629999999999	907.153199	1185	1623.6589988067285	12805.636571059063	337	248	818	1.3701763703010368	8.936602514752911	0.08684144587298437	1.1999671363899873	1.5403856042120863	0.2843881856540084	0.013104949479340192	0.25870248467450163	0.3100738866335152	SK-N-SH	Matched
SKNSH_skew	(-Inf,-1.5)	non-cCRE	HepG2	78388	78356	77768.396	175436.839522	77620	-36795.51196685621	154960.91288460582	749	2988	1900	-0.47404679163690044	1.7717069079746	0.00477759267355173	-0.48341087327706184	-0.46468270999673905	0.00964957485184231	3.5088250644526225e-4	0.008961845139209595	0.010337304564475024	SK-N-SH	Mismatched
SKNSH_skew	(-Inf,-1.5)	non-cCRE	K562	78388	78356	77768.396	175436.839522	77620	-36795.51196685621	154960.91288460582	749	2988	1900	-0.47404679163690044	1.7717069079746	0.00477759267355173	-0.48341087327706184	-0.46468270999673905	0.00964957485184231	3.5088250644526225e-4	0.008961845139209595	0.010337304564475024	SK-N-SH	Mismatched
SKNSH_skew	(-Inf,-1.5)	non-cCRE	SK-N-SH	78388	78356	77768.396	175436.839522	77620	-36795.51196685621	154960.91288460582	749	2988	1900	-0.47404679163690044	1.7717069079746	0.00477759267355173	-0.48341087327706184	-0.46468270999673905	0.00964957485184231	3.5088250644526225e-4	0.008961845139209595	0.010337304564475024	SK-N-SH	Matched
SKNSH_skew	(-Inf,-1.5)	pELS	HepG2	1656	1656	448.993	439.914543	1656	4125.016006134219	28175.323288853364	694	702	1142	2.490951694525495	10.815775032283106	0.08081624289778007	2.332551858445846	2.6493515306051436	0.4190821256038647	0.012124861112885792	0.39531739782260855	0.44284685338512086	SK-N-SH	Mismatched
SKNSH_skew	(-Inf,-1.5)	pELS	K562	2392	2392	825.316	1054.163816	2392	5214.03800639906	36404.76928699464	884	920	1559	2.179781775250443	10.472314623664918	0.06616689469090395	2.0500946616562716	2.3094688888446147	0.3695652173913043	0.009869270224708631	0.3502214477508754	0.38890898703173327	SK-N-SH	Mismatched
SKNSH_skew	(-Inf,-1.5)	pELS	SK-N-SH	1525	1525	352.746	254.844034	1525	4716.632002003724	31766.351825906277	764	632	1048	3.092873443936868	11.271919922628722	0.08597338483556645	2.9243656096591577	3.2613812782145786	0.5009836065573771	0.012803663218593886	0.47588842664893305	0.5260787864658211	SK-N-SH	Matched
SKNSH_skew	[-0.05,0.05)	Inactive cCRE	HepG2	62065699	62032332	14263635.98999998	17890651.829752073	61936967	3144216.822277146	125329713.6936805	2794434	4124801	4686639	0.05076478514482548	2.020927182681968	1.806343603256382e-4	0.050410741798587226	0.05111882849106373	0.04511738522811425	2.6373756187837682e-5	0.04506569266598609	0.045169077790242415	SK-N-SH	Mismatched
SKNSH_skew	[-0.05,0.05)	Inactive cCRE	K562	61009664	60976590	14054356.81299998	17704505.998045072	60882472	3190130.015147709	123402925.30727953	2760701	3871668	4473995	0.05239816831267477	2.024158453388111	1.8233754973718551e-4	0.052040786715189885	0.052755549910159655	0.04534475866880044	2.6664944815934854e-5	0.04529249537696121	0.04539702196063967	SK-N-SH	Mismatched
SKNSH_skew	[-0.05,0.05)	Inactive cCRE	SK-N-SH	61860816	61828006	14145117.254999978	17741640.78666507	61731220	2874418.7856595237	122174670.2807852	2698757	3972604	4579239	0.04656345339780299	1.9769709620607587	1.789565980120629e-4	0.046212698465699344	0.046914208329906636	0.043717862695731594	2.6023760451459386e-5	0.043666856125246734	0.043768869266216454	SK-N-SH	Matched
SKNSH_skew	[-0.05,0.05)	Other cCREs	HepG2	1419057	1418699	291262.834	297261.138498	1417134	14191.020829302292	3693956.396506397	71992	200529	332883	0.010013887768765897	2.6065403100601623	0.0013562094429521063	0.007355717260579769	0.012672058276952025	0.050801123958637645	1.8446323011859649e-4	0.050439576027605196	0.051162671889670094	SK-N-SH	Mismatched
SKNSH_skew	[-0.05,0.05)	Other cCREs	K562	1902097	1901637	402321.058	420705.1234	1899494	-9207.698054391743	4421515.040851164	87097	267794	417644	-0.004847447822626312	2.3277108191582063	0.0011069947202929887	-0.0070171574744005705	-0.002677738170852054	0.045852737623809287	1.5176491267418068e-4	0.04555527839496789	0.046150196852650684	SK-N-SH	Mismatched
SKNSH_skew	[-0.05,0.05)	Other cCREs	SK-N-SH	2092455	2091544	518333.436	596017.047954	2090968	203667.0884726786	7251206.194219446	167019	395722	462002	0.09740325460393397	3.45838473631889	0.0012860651199139677	0.09488256696890258	0.09992394223896535	0.07987640174311611	1.8748159414436395e-4	0.07950893781859315	0.08024386566763907	SK-N-SH	Matched
SKNSH_skew	[-0.05,0.05)	PLS	HepG2	270061	269985	43168.39	18659.69839	269934	40470.01801157789	1580150.4899883668	33288	116712	133486	0.14992560407943384	5.831384077126085	0.0046479027030899575	0.14081571478137753	0.15903549337749015	0.12331903354153237	6.328591301115565e-4	0.12207862964651371	0.12455943743655103	SK-N-SH	Mismatched
SKNSH_skew	[-0.05,0.05)	PLS	K562	306851	306757	49404.075	20752.557899	306698	53514.20697410428	1668049.4865451972	36935	130786	149946	0.17448502101123672	5.4083087184319405	0.004199284173013591	0.1662544240321301	0.18271561799034336	0.1204279128002139	5.876839460865849e-4	0.11927605226588418	0.1215797733345436	SK-N-SH	Mismatched
SKNSH_skew	[-0.05,0.05)	PLS	SK-N-SH	351378	351243	56813.346	22456.115994	351191	101007.83399723866	1995448.2359682056	47930	145122	171560	0.28761509832893967	5.5992393230476285	0.003992940387262277	0.2797889351699056	0.2954412614879737	0.1364784405067328	5.792911975321e-4	0.13534302975956988	0.13761385125389572	SK-N-SH	Matched
SKNSH_skew	[-0.05,0.05)	dELS	HepG2	808142	808076	176004.824	197017.0035	807717	121669.9388619662	2464009.9702955578	56672	134144	178371	0.15063436681655357	3.027898786324001	0.0019361592045301257	0.1468394947756745	0.15442923885743262	0.07016318834443251	2.8420284036019165e-4	0.06960615077732654	0.07072022591153848	SK-N-SH	Mismatched
SKNSH_skew	[-0.05,0.05)	dELS	K562	896516	896428	196479.394	217752.586966	895803	38787.09791350115	2517735.8940281863	47021	140023	186565	0.043298691691701356	2.8087194083447167	0.0017707119627972507	0.03982809624461874	0.04676928713878397	0.052490335486708575	2.3562710219094654e-4	0.05202850636641432	0.05295216460700283	SK-N-SH	Mismatched
SKNSH_skew	[-0.05,0.05)	dELS	SK-N-SH	268710	268705	60219.938	61547.815308	268536	93615.00884041486	1467250.6321418951	33794	52907	91238	0.3486125094602394	5.342377228245464	0.004460319997490716	0.3398702822651576	0.35735473665532125	0.1258453242768195	6.400463521927842e-4	0.12459083342652164	0.12709981512711735	SK-N-SH	Matched
SKNSH_skew	[-0.05,0.05)	non-cCRE	HepG2	273884378	273753758	59538225.78699942	73169139.36130258	270813641	-24663957.17698816	302122585.7116434	3839602	5827622	917578	-0.09107354077850222	1.1073162777248802	6.394411396643661e-5	-0.09119887124187644	-0.090948210315128	0.014178022886225291	7.184090858803106e-6	0.014163942068142038	0.014192103704308545	SK-N-SH	Mismatched
SKNSH_skew	[-0.05,0.05)	non-cCRE	K562	273884378	273753758	59538225.78699942	73169139.36130258	270813641	-24663957.17698816	302122585.7116434	3839602	5827622	917578	-0.09107354077850222	1.1073162777248802	6.394411396643661e-5	-0.09119887124187644	-0.090948210315128	0.014178022886225291	7.184090858803106e-6	0.014163942068142038	0.014192103704308545	SK-N-SH	Mismatched
SKNSH_skew	[-0.05,0.05)	non-cCRE	SK-N-SH	273884378	273753758	59538225.78699942	73169139.36130258	270813641	-24663957.17698816	302122585.7116434	3839602	5827622	917578	-0.09107354077850222	1.1073162777248802	6.394411396643661e-5	-0.09119887124187644	-0.090948210315128	0.014178022886225291	7.184090858803106e-6	0.014163942068142038	0.014192103704308545	SK-N-SH	Matched
SKNSH_skew	[-0.05,0.05)	pELS	HepG2	440101	440016	71644.038	44078.26497	439819	87646.40099961548	1668978.524710188	38260	170561	146785	0.19927834177153664	3.7549906899143313	0.00292191406453039	0.19355139020505707	0.2050052933380162	0.08699033011306924	4.249483866110062e-4	0.08615743127531167	0.08782322895082681	SK-N-SH	Mismatched
SKNSH_skew	[-0.05,0.05)	pELS	K562	887932	887696	143154.736	83951.6688	887104	134970.57899868666	2726583.3464769693	62892	336476	250014	0.1521474133795887	3.050432612672907	0.0018543574308507987	0.14851287281512113	0.15578195394405628	0.07089585888464035	2.7249300814120587e-4	0.07036177258868359	0.07142994518059712	SK-N-SH	Mismatched
SKNSH_skew	[-0.05,0.05)	pELS	SK-N-SH	429701	429610	65232.101	26006.169189	429656	135485.4840097528	1848233.7320662336	47146	180392	174125	0.31533478878394067	4.202233060438557	0.003127372602007817	0.3092051384840053	0.321464439083876	0.10972964418046065	4.768288249711142e-4	0.10879505968351727	0.11066422867740403	SK-N-SH	Matched
SKNSH_skew	[-0.2,-0.05)	Inactive cCRE	HepG2	19626375	19615695	10437138.666999996	19779343.630139012	19571238	-1358871.9782715729	46442174.78011558	883516	1588684	2308141	-0.06943209102416377	2.368160247470819	3.4785351339523287e-4	-0.07011388391041842	-0.06875029813790912	0.04514359285805016	4.693079858967265e-5	0.0450516084928144	0.045235577223285924	SK-N-SH	Mismatched
SKNSH_skew	[-0.2,-0.05)	Inactive cCRE	K562	19106333	19095740	10250979.007999998	19528343.843804013	19051978	-1358091.1293541894	45185889.65641087	857392	1464607	2156523	-0.07128347142507667	2.3666352424317383	3.524484687431058e-4	-0.07197427042381316	-0.07059267242634018	0.04500278133850459	4.749530659486843e-5	0.04490969053757865	0.04509587213943053	SK-N-SH	Mismatched
SKNSH_skew	[-0.2,-0.05)	Inactive cCRE	SK-N-SH	19275638	19265132	10278524.311999995	19575932.623470012	19220015	-1506413.1070810377	44115216.076142445	819939	1470470	2194780	-0.07837731172847875	2.2891319156404824	3.451107989236825e-4	-0.07905372889436917	-0.07770089456258834	0.04266068470810246	4.609671708992628e-5	0.042570335142606205	0.04275103427359872	SK-N-SH	Matched
SKNSH_skew	[-0.2,-0.05)	Other cCREs	HepG2	613353	613141	251774.122	390678.399038	612212	-6672.832012989316	1946719.981626151	38562	97934	203638	-0.010899544623413648	3.1796998923506123	0.0022789885703449887	-0.015366362221289825	-0.00643272702553747	0.06298798455437006	3.104920731591065e-4	0.06237942009097821	0.0635965490177619	SK-N-SH	Mismatched
SKNSH_skew	[-0.2,-0.05)	Other cCREs	K562	856364	856140	360723.545	560733.761519	854994	-30562.56701959682	2485372.7760059605	49034	134776	265251	-0.035745943269305774	2.90561476903216	0.0018434759817443308	-0.03935915619352466	-0.03213273034508689	0.05735011005925188	2.5145530642157397e-4	0.05685725765866559	0.057842962459838165	SK-N-SH	Mismatched
SKNSH_skew	[-0.2,-0.05)	Other cCREs	SK-N-SH	1068568	1068174	500366.348	787355.468798	1067813	21071.20880923201	4087785.321934484	88568	215669	305855	0.01973305139498396	3.8277988285279587	0.0018933327652144746	0.01602211917516359	0.02344398361480433	0.08294336180585926	2.668955264728894e-4	0.0824202465739724	0.08346647703774612	SK-N-SH	Matched
SKNSH_skew	[-0.2,-0.05)	PLS	HepG2	195496	195447	37512.087	20888.325831	195399	83930.0099555137	1246639.0571195025	31493	84600	107070	0.4295314200968976	6.195500878998576	0.005630889995266813	0.41849487570617466	0.44056796448762053	0.1611727797992825	8.318038713499154e-4	0.15954244421143665	0.16280311538712833	SK-N-SH	Mismatched
SKNSH_skew	[-0.2,-0.05)	PLS	K562	219085	219025	41830.78	21949.944162	218983	98632.2679801677	1332595.8260120838	34948	93515	119179	0.45041061625864887	5.8825419687834994	0.005182953548718835	0.44025202730315993	0.4605692052141378	0.15959229711895445	7.826106876666174e-4	0.1580583801711279	0.16112621406678101	SK-N-SH	Mismatched
SKNSH_skew	[-0.2,-0.05)	PLS	SK-N-SH	253254	253177	47511.351	22179.615327	253132	143863.59398544423	1609137.8602526004	44356	105084	137189	0.5683342840314312	6.033932025578434	0.004882324953513726	0.5587649271225442	0.5779036409403181	0.1752287344152458	7.556068700438165e-4	0.17374774494995993	0.1767097238805317	SK-N-SH	Matched
SKNSH_skew	[-0.2,-0.05)	dELS	HepG2	328578	328546	154617.311	257662.415765	328426	32402.06099016043	1213271.5700609589	26712	62475	103967	0.09865863540085264	3.6844784256359726	0.0033494171789970103	0.09209377773001849	0.10522349307168678	0.08133339017008398	4.7697392504344213e-4	0.08039852127699883	0.08226825906316913	SK-N-SH	Mismatched
SKNSH_skew	[-0.2,-0.05)	dELS	K562	398259	398177	182299.021	297869.745473	397878	1270.797007027306	1296278.74448596	24653	70790	120806	0.0031939363499045087	3.257978434644893	0.00286153550939679	-0.0024146732485131996	0.008802545948322218	0.0619612041882185	3.8220411790611963e-4	0.061212084117122506	0.0627103242593145	SK-N-SH	Mismatched
SKNSH_skew	[-0.2,-0.05)	dELS	SK-N-SH	147348	147340	61591.399	88129.968795	147230	46221.03992921534	844914.7253495022	19449	31704	63592	0.3139376480962802	5.640221700762486	0.006189419680953624	0.3018063855216111	0.32606891067094934	0.13209943625619777	8.824443185019385e-4	0.13036984539193397	0.13382902712046157	SK-N-SH	Matched
SKNSH_skew	[-0.2,-0.05)	non-cCRE	HepG2	53541340	53504032	27722423.72999999	55450851.77569992	52789122	-9423160.390443616	74187208.31979115	819597	1506152	394688	-0.17850572302459616	1.3734860305993404	1.6130205632879275e-4	-0.1788218750550006	-0.17818957099419172	0.015525869136448225	1.7016016403724154e-5	0.015492517744296925	0.015559220528599526	SK-N-SH	Mismatched
SKNSH_skew	[-0.2,-0.05)	non-cCRE	K562	53541340	53504032	27722423.72999999	55450851.77569992	52789122	-9423160.390443616	74187208.31979115	819597	1506152	394688	-0.17850572302459616	1.3734860305993404	1.6130205632879275e-4	-0.1788218750550006	-0.17818957099419172	0.015525869136448225	1.7016016403724154e-5	0.015492517744296925	0.015559220528599526	SK-N-SH	Mismatched
SKNSH_skew	[-0.2,-0.05)	non-cCRE	SK-N-SH	53541340	53504032	27722423.72999999	55450851.77569992	52789122	-9423160.390443616	74187208.31979115	819597	1506152	394688	-0.17850572302459616	1.3734860305993404	1.6130205632879275e-4	-0.1788218750550006	-0.17818957099419172	0.015525869136448225	1.7016016403724154e-5	0.015492517744296925	0.015559220528599526	SK-N-SH	Matched
SKNSH_skew	[-0.2,-0.05)	pELS	HepG2	221274	221231	54795.175	52930.839505	221162	78968.4260029964	979119.4861614686	25450	90043	95327	0.35706145722590865	4.299686223601821	0.004409233794209703	0.34841935898925763	0.36570355546255967	0.11507401814054856	6.785578168692098e-4	0.11374404481948491	0.1164039914616122	SK-N-SH	Mismatched
SKNSH_skew	[-0.2,-0.05)	pELS	K562	405035	404978	100005.008	92606.31532	404604	118506.31805069889	1527787.8721687782	39706	160048	156384	0.2928945785278912	3.690229716760445	0.00302003248812026	0.2869753148511755	0.2988138422046069	0.09813546084566638	4.677012737252959e-4	0.09721876634916479	0.09905215534216796	SK-N-SH	Mismatched
SKNSH_skew	[-0.2,-0.05)	pELS	SK-N-SH	240268	240237	47843.952	27905.933888	240247	125012.95102125242	1170870.8914046038	33421	100809	116727	0.5203517672281128	4.602866151421017	0.004377087076125721	0.5117726765589065	0.5289308578973192	0.13911099826428633	7.060335303644648e-4	0.137727172544772	0.14049482398380067	SK-N-SH	Matched
SKNSH_skew	[-0.5,-0.2)	Inactive cCRE	HepG2	3779410	3776963	2090635.641	3965739.360187	3766935	-306266.37686517276	9730646.59403177	183916	349011	700067	-0.08130386557378154	2.5765638457422817	8.270397643453758e-4	-0.08292486351189847	-0.07968286763566461	0.04882377848303727	1.110330123545399e-4	0.04860615377882237	0.04904140318725217	SK-N-SH	Mismatched
SKNSH_skew	[-0.5,-0.2)	Inactive cCRE	K562	3625836	3623427	2032328.235	3883415.521215	3613571	-331995.4739341306	9221433.566997653	171388	314021	638192	-0.09187462317306914	2.5434491674257838	8.389638250870888e-4	-0.09351899227023984	-0.09023025407589845	0.04742898368400676	1.1181557328504055e-4	0.047209825160368084	0.04764814220764544	SK-N-SH	Mismatched
SKNSH_skew	[-0.5,-0.2)	Inactive cCRE	SK-N-SH	3687981	3685558	2060553.914	3936076.039872	3675313	-387620.5628874527	9012108.36362204	162517	316727	667519	-0.105466000552185	2.440943128943206	8.149513154952459e-4	-0.10706330513055567	-0.10386869597381432	0.04421854682852862	1.0723445949109994e-4	0.044008367287926065	0.04442872636913117	SK-N-SH	Matched
SKNSH_skew	[-0.5,-0.2)	Other cCREs	HepG2	165582	165509	65763.987	99583.514817	165165	55687.11791616319	801981.0752169174	19454	28414	79948	0.3371605238165664	4.741987221007417	0.005358227867968007	0.3266583971953491	0.3476626504377837	0.11778524505797233	7.931833562014491e-4	0.1162306056798175	0.11933988443612717	SK-N-SH	Mismatched
SKNSH_skew	[-0.5,-0.2)	Other cCREs	K562	240285	240209	100076.731	153339.977447	239812	56642.946946213386	1016111.4561335726	24073	39798	107562	0.23619730016101523	4.181345080049344	0.004175635198565556	0.22801305517182674	0.24438154515020372	0.10038279985989025	6.136532971392464e-4	0.09918003939749732	0.10158556032228318	SK-N-SH	Mismatched
SKNSH_skew	[-0.5,-0.2)	Other cCREs	SK-N-SH	267691	267590	114013.767	171262.600503	267452	78595.89995032556	1307745.1889293054	32273	57123	106972	0.29386918007839	4.803303320060049	0.004237864642995151	0.28556296537811954	0.3021753947786605	0.12066838161614046	6.29868897695592e-4	0.1194338385766571	0.12190292465562383	SK-N-SH	Matched
SKNSH_skew	[-0.5,-0.2)	PLS	HepG2	82434	82417	14846.765	7337.587331	82385	92637.58100511982	737356.8871105614	21350	35988	49310	1.1244471809810017	7.685847012726442	0.009658769337892515	1.1055159930787324	1.143378368883271	0.25914911695090126	0.0015265681428511776	0.25615704339091294	0.2621411905108896	SK-N-SH	Mismatched
SKNSH_skew	[-0.5,-0.2)	PLS	K562	90585	90566	16337.116	7895.421182	90549	102035.75601311948	790173.9222113516	23218	38963	54191	1.1268567959129254	7.45675483855916	0.009074717269921923	1.1090703500638786	1.1446432417619723	0.25641365448541675	0.0014510903303350186	0.25356951743796013	0.25925779153287337	SK-N-SH	Mismatched
SKNSH_skew	[-0.5,-0.2)	PLS	SK-N-SH	102957	102932	18091.589	7572.737367	102905	128072.30701683438	939642.0668511054	28091	43341	61435	1.2445683593298127	7.5822837385483535	0.008583843235474658	1.2277440265882824	1.261392692071343	0.27297993294786455	0.0013887380089232639	0.27025800645037495	0.27570185944535414	SK-N-SH	Matched
SKNSH_skew	[-0.5,-0.2)	dELS	HepG2	78671	78661	36201.601	59109.408063	78642	21475.66097383713	358042.2605643038	8617	16165	34476	0.27308131753817466	4.4782957842673055	0.0075462139200185505	0.2582907382549383	0.287871896821411	0.10957249306986089	0.0011138399240092501	0.10738936681880276	0.11175561932091901	SK-N-SH	Mismatched
SKNSH_skew	[-0.5,-0.2)	dELS	K562	106513	106477	47967.726	77358.520694	106405	15197.90000095998	413853.26489604975	9136	20504	45079	0.14283069405535437	3.8690513353889773	0.006030054370453411	0.13101178748926567	0.15464960062144306	0.085860626850242	8.588596840205708e-4	0.08417726186956168	0.08754399183092232	SK-N-SH	Mismatched
SKNSH_skew	[-0.5,-0.2)	dELS	SK-N-SH	41484	41478	16186.559	22255.077963	41441	26287.73596529467	284015.0862664401	7269	9580	22248	0.6343412554063529	6.451247365647305	0.012476901140898701	0.6098865291701915	0.6587959816425143	0.17540599888998817	0.0018682164561665156	0.1717442946359018	0.17906770314407455	SK-N-SH	Matched
SKNSH_skew	[-0.5,-0.2)	non-cCRE	HepG2	6578404	6566660	4330229.148	8756771.892154003	6487333	-2003378.07642365	10194804.959266284	79541	241083	91853	-0.30881381862525786	1.4761282643366755	4.770116132305626e-4	-0.30974876138718976	-0.30787887586332596	0.01226097072556627	4.320663454415098e-5	0.012176285721859734	0.012345655729272806	SK-N-SH	Mismatched
SKNSH_skew	[-0.5,-0.2)	non-cCRE	K562	6578404	6566660	4330229.148	8756771.892154003	6487333	-2003378.07642365	10194804.959266284	79541	241083	91853	-0.30881381862525786	1.4761282643366755	4.770116132305626e-4	-0.30974876138718976	-0.30787887586332596	0.01226097072556627	4.320663454415098e-5	0.012176285721859734	0.012345655729272806	SK-N-SH	Mismatched
SKNSH_skew	[-0.5,-0.2)	non-cCRE	SK-N-SH	6578404	6566660	4330229.148	8756771.892154003	6487333	-2003378.07642365	10194804.959266284	79541	241083	91853	-0.30881381862525786	1.4761282643366755	4.770116132305626e-4	-0.30974876138718976	-0.30787887586332596	0.01226097072556627	4.320663454415098e-5	0.012176285721859734	0.012345655729272806	SK-N-SH	Matched
SKNSH_skew	[-0.5,-0.2)	pELS	HepG2	64850	64836	14888.8	12842.29257	64817	52139.52800688323	417267.5844639162	11986	27064	34925	0.8044113119533954	5.790637471230382	0.009451891443858818	0.7858856047234322	0.8229370191833587	0.18492062267614978	0.0015249238713409947	0.18193177188832144	0.18790947346397813	SK-N-SH	Mismatched
SKNSH_skew	[-0.5,-0.2)	pELS	K562	107728	107707	25626.986	22602.72243	107607	73792.38201066827	603722.1911488441	17508	43356	53702	0.6857581942686654	5.140219509232057	0.006911472286306713	0.6722117085875042	0.6993046799498265	0.16270316986813124	0.0011251682499459435	0.1604978400982372	0.16490849963802529	SK-N-SH	Mismatched
SKNSH_skew	[-0.5,-0.2)	pELS	SK-N-SH	70834	70828	13490.965	7445.707263	70833	70338.13099182899	501783.69571857416	15173	29871	40552	0.9930135811250264	6.098048570882325	0.009278496785743736	0.9748277274249686	1.0111994348250841	0.2142080668614911	0.0015415367263096925	0.2111866548779241	0.2172294788450581	SK-N-SH	Matched
SKNSH_skew	[-1.0,-0.5)	Inactive cCRE	HepG2	972309	971913	618540.475	1217758.374597	969247	-74044.78000414468	2818214.8851661375	53046	92168	240622	-0.07639412864228073	2.9018002640374183	0.0017302805471614145	-0.07978547851471711	-0.07300277876984436	0.054729083505030196	2.3103086439663003e-4	0.0542762630108128	0.05518190399924759	SK-N-SH	Mismatched
SKNSH_skew	[-1.0,-0.5)	Inactive cCRE	K562	922148	921773	596217.834	1183309.411136	919228	-90196.21399098136	2596871.0019044993	47627	81859	217618	-0.0981216999384063	2.8154316573160885	0.0017500919714432957	-0.10155188020243516	-0.09469151967437744	0.051811955249404934	2.311801845847253e-4	0.05135884208761887	0.052265068411190996	SK-N-SH	Mismatched
SKNSH_skew	[-1.0,-0.5)	Inactive cCRE	SK-N-SH	955519	955137	612258.232	1212171.539362	952421	-100130.02801057872	2602116.164419524	46940	84667	236398	-0.10513210860594079	2.721057184267445	0.0016902632656054576	-0.10844502460652748	-0.10181919260535409	0.04928492756879573	2.218031806316786e-4	0.048850193334757645	0.04971966180283382	SK-N-SH	Matched
SKNSH_skew	[-1.0,-0.5)	Other cCREs	HepG2	52708	52696	22540.797	34863.568729	52627	40675.97297720449	393535.4797586085	9540	9018	31295	0.7729107298003779	6.880564432019476	0.011434251124186626	0.7504995975969722	0.7953218620037836	0.1812757709920763	0.0016793236144774402	0.17798429670770052	0.1845672452764521	SK-N-SH	Mismatched
SKNSH_skew	[-1.0,-0.5)	Other cCREs	K562	78715	78687	36428.348	57988.803878	78548	44035.30096921419	498514.5388415481	11752	12843	42381	0.5606164506952971	6.0324089361387205	0.0087635046529482	0.5434399815755186	0.5777929198150755	0.14961552171920353	0.0012727069691131519	0.14712101605974176	0.1521100273786653	SK-N-SH	Mismatched
SKNSH_skew	[-1.0,-0.5)	Other cCREs	SK-N-SH	74389	74367	35633.498	55510.949988	74323	43626.18001305112	512307.7164142328	12478	16162	36142	0.5869808809258388	6.548531832280386	0.009386644189577254	0.5685830583142674	0.6053787035374102	0.16788880965515385	0.001371007847153369	0.16520163427473325	0.17057598503557445	SK-N-SH	Matched
SKNSH_skew	[-1.0,-0.5)	PLS	HepG2	30161	30160	5459.354	2862.67223	30139	63832.120006658355	421445.59810389753	12029	13391	19649	2.117924284371026	9.498108733788248	0.017752280410209494	2.0831298147670156	2.1527187539750368	0.39911742260858024	0.0028208547862840394	0.3935885472274635	0.404646297989697	SK-N-SH	Mismatched
SKNSH_skew	[-1.0,-0.5)	PLS	K562	32518	32517	5866.67	3052.830218	32507	68195.05000882431	447044.78028796526	12856	14261	21118	2.097857384834784	9.35154405395237	0.016961068824233698	2.0646136899392857	2.131101079730282	0.3954840495893192	0.002711939038436207	0.39016864907398424	0.4007994501046542	SK-N-SH	Mismatched
SKNSH_skew	[-1.0,-0.5)	PLS	SK-N-SH	35502	35497	6092.968	2478.53464	35480	78708.76398528008	510503.9310519509	14686	15450	22928	2.2183980830124037	9.467475405471683	0.016335231259827766	2.186381029743141	2.2504151362816662	0.41392333709131907	0.0026148414759339664	0.4087982477984885	0.41904842638414963	SK-N-SH	Matched
SKNSH_skew	[-1.0,-0.5)	dELS	HepG2	23397	23396	11930.184	20170.28588	23391	11324.810984933983	139587.98382253858	3452	4972	12216	0.484152493905091	5.733435157810133	0.01565608094858477	0.45346657524586487	0.5148384125643172	0.1475781283399598	0.002319070208201721	0.14303275073188443	0.1521235059480352	SK-N-SH	Mismatched
SKNSH_skew	[-1.0,-0.5)	dELS	K562	34410	34406	16883.22	28142.725266	34367	10765.54297969024	162931.781411163	3923	6546	17368	0.3132523344979265	4.642945060252496	0.011623206694725786	0.29047084937626394	0.33603381961958906	0.11415020222888236	0.0017153295779113234	0.11078815625617618	0.11751224820158855	SK-N-SH	Mismatched
SKNSH_skew	[-1.0,-0.5)	dELS	SK-N-SH	12625	12624	5304.778	7513.652206	12618	13049.96296983538	116947.2250361029	2939	2914	7601	1.0342338698553954	8.199295500700678	0.02549136008439613	0.984270804089979	1.0841969356208119	0.23292122364875575	0.003762956980721921	0.2255458279665408	0.2402966193309707	SK-N-SH	Matched
SKNSH_skew	[-1.0,-0.5)	non-cCRE	HepG2	1222286	1220503	965227.591	2052359.711795	1207474	-442305.6943390965	2052872.577895856	13744	51829	24614	-0.36630659901504836	1.565958893720615	0.0011388100334065111	-0.36853866668052515	-0.3640745313495716	0.011382439704705857	9.653681036337349e-5	0.011193227556393645	0.01157165185301807	SK-N-SH	Mismatched
SKNSH_skew	[-1.0,-0.5)	non-cCRE	K562	1222286	1220503	965227.591	2052359.711795	1207474	-442305.6943390965	2052872.577895856	13744	51829	24614	-0.36630659901504836	1.565958893720615	0.0011388100334065111	-0.36853866668052515	-0.3640745313495716	0.011382439704705857	9.653681036337349e-5	0.011193227556393645	0.01157165185301807	SK-N-SH	Mismatched
SKNSH_skew	[-1.0,-0.5)	non-cCRE	SK-N-SH	1222286	1220503	965227.591	2052359.711795	1207474	-442305.6943390965	2052872.577895856	13744	51829	24614	-0.36630659901504836	1.565958893720615	0.0011388100334065111	-0.36853866668052515	-0.3640745313495716	0.011382439704705857	9.653681036337349e-5	0.011193227556393645	0.01157165185301807	SK-N-SH	Matched
SKNSH_skew	[-1.0,-0.5)	pELS	HepG2	19431	19430	4755.563	4395.122083	19409	24954.94599382788	179799.39242206587	5068	8361	11640	1.2857409446044556	7.610974679895323	0.019802433273143308	1.2469281753890948	1.3245537138198165	0.26111597712401463	0.0031528497946681465	0.2549363915264651	0.2672955627215642	SK-N-SH	Mismatched
SKNSH_skew	[-1.0,-0.5)	pELS	K562	30215	30212	7830.301	7556.253021	30163	33943.38999173266	247221.23682807505	6977	12401	16937	1.125332029033341	6.930032918785509	0.015157597893071927	1.0956231371629201	1.155040920903762	0.2313098829692007	0.002427926168951799	0.22655114767805515	0.23606861826034622	SK-N-SH	Mismatched
SKNSH_skew	[-1.0,-0.5)	pELS	SK-N-SH	19971	19970	3936.897	2375.347323	19971	31488.191000892188	210708.30235144065	6092	8717	12353	1.5766957588950072	8.065147979221733	0.020095844626922932	1.5373079034262382	1.6160836143637762	0.3050423113514596	0.003258061798605432	0.29865651022619294	0.31142811247672625	SK-N-SH	Matched
SKNSH_skew	[-1.5,-1.0)	Inactive cCRE	HepG2	200398	200334	138615.864	284592.284482	199692	-8625.822990744027	618715.1100741342	12006	19155	60433	-0.043195636233519755	3.0964966481314193	0.003937811960942053	-0.05091374767696618	-0.03547752479007333	0.060122588786731566	5.319540367091967e-4	0.05907995887478154	0.06116521869868159	SK-N-SH	Mismatched
SKNSH_skew	[-1.5,-1.0)	Inactive cCRE	K562	187601	187541	131686.93	272484.60551	186931	-13313.85298006412	555874.3374340248	10535	16833	53988	-0.07122335503508846	2.968630397241431	0.0039850832683137084	-0.07903411824098333	-0.063412591829193593	0.056357693480482106	5.333835805651189e-4	0.055312261662574476	0.057403125298389736	SK-N-SH	Mismatched
SKNSH_skew	[-1.5,-1.0)	Inactive cCRE	SK-N-SH	199329	199266	138157.826	284779.282356	198606	-15112.993972586472	568135.7769556962	10717	18091	60841	-0.07609535448368364	2.8548412593944885	0.0037913580463930082	-0.08352641625461393	-0.06866429271275334	0.05396110892923678	5.069892442403822e-4	0.05296741001052563	0.05495480784794793	SK-N-SH	Matched
SKNSH_skew	[-1.5,-1.0)	Other cCREs	HepG2	10154	10151	5014.012	8620.459142	10134	5016.852014909499	55481.0000595038	1400	1744	5950	0.49505151124032953	5.230178613229425	0.022717880474927305	0.450524465509472	0.5395785569711871	0.1381488059996053	0.0034276720384204037	0.13143056880430132	0.14486704319490928	SK-N-SH	Mismatched
SKNSH_skew	[-1.5,-1.0)	Other cCREs	K562	16448	16441	9027.104	15948.822572	16414	5455.864000049188	78160.50530884277	1910	2569	8813	0.3323908858321669	4.651619194594931	0.01683429224981758	0.29939567302252446	0.3653860986418094	0.11636407944437675	0.002502873704273602	0.1114584469840005	0.12126971190475301	SK-N-SH	Mismatched
SKNSH_skew	[-1.5,-1.0)	Other cCREs	SK-N-SH	12629	12626	6995.022	11783.548388	12623	6273.108007184695	80214.34500023218	1956	2832	6124	0.49695856826306706	6.108134228048018	0.021997483216227603	0.453843501159261	0.5400736353668731	0.15495524043412817	0.0032207847368568524	0.14864250234988874	0.1612679785183676	SK-N-SH	Matched
SKNSH_skew	[-1.5,-1.0)	PLS	HepG2	8920	8920	1699.86	962.496134	8916	26733.642002843557	172347.16981827695	4677	4126	6214	2.998389636927272	10.340919201304228	0.03405607099231872	2.931639737782327	3.0651395360722167	0.5245625841184388	0.00528883847470832	0.5141964607080105	0.5349287075288671	SK-N-SH	Mismatched
SKNSH_skew	[-1.5,-1.0)	PLS	K562	9516	9516	1822.228	1067.995244	9512	27833.28800143058	178930.44821695666	4872	4310	6594	2.926123633455696	10.249900788475637	0.032826449347334474	2.8617837927349203	2.9904634741764715	0.5121951219512195	0.0051251297856404416	0.5021498675713643	0.5222403763310748	SK-N-SH	Mismatched
SKNSH_skew	[-1.5,-1.0)	PLS	SK-N-SH	9987	9986	1795.903	808.150539	9983	30511.762995258192	195866.3527471973	5312	4536	6927	3.056372132150475	10.27960835761471	0.03208911567881005	2.9934774654200074	3.119266798880943	0.5321045777822297	0.00499392896060111	0.5223164770194516	0.5418926785450079	SK-N-SH	Matched
SKNSH_skew	[-1.5,-1.0)	dELS	HepG2	5358	5358	2773.136	4770.690138	5358	3762.0759962745938	33931.93939829818	927	1119	3229	0.7021418432763333	5.841035733382171	0.033017453655180606	0.6374276341121794	0.7668560524404873	0.17301231802911535	0.005167573687185062	0.16288387360223264	0.18314076245599806	SK-N-SH	Mismatched
SKNSH_skew	[-1.5,-1.0)	dELS	K562	9130	9130	4768.468	8353.507828	9115	4347.113998862565	49831.44856679393	1196	1696	5291	0.4769187053058217	5.2400953024621	0.023976801968451714	0.4299241734476563	0.5239132371639871	0.13121228743828853	0.0035364355838742477	0.124280873693895	0.13814370118268204	SK-N-SH	Mismatched
SKNSH_skew	[-1.5,-1.0)	dELS	SK-N-SH	2948	2948	1348.607	1988.341481	2947	3564.891993565486	28092.793987418332	774	708	1891	1.209668134905153	8.072117358595946	0.05233637827430073	1.1070888334875235	1.3122474363227825	0.26263997285374957	0.008106439386229312	0.24675135165674011	0.278528594050759	SK-N-SH	Matched
SKNSH_skew	[-1.5,-1.0)	non-cCRE	HepG2	231877	231750	209694.167	465601.516569	229539	-84996.34983586486	380575.59789972333	2310	10435	5084	-0.370291540155986	1.520890521880316	0.002574072258203293	-0.37533672178206445	-0.3652463585299075	0.010063649314495576	2.0833063645272609e-4	0.009655321267048234	0.010471977361942919	SK-N-SH	Mismatched
SKNSH_skew	[-1.5,-1.0)	non-cCRE	K562	231877	231750	209694.167	465601.516569	229539	-84996.34983586486	380575.59789972333	2310	10435	5084	-0.370291540155986	1.520890521880316	0.002574072258203293	-0.37533672178206445	-0.3652463585299075	0.010063649314495576	2.0833063645272609e-4	0.009655321267048234	0.010471977361942919	SK-N-SH	Mismatched
SKNSH_skew	[-1.5,-1.0)	non-cCRE	SK-N-SH	231877	231750	209694.167	465601.516569	229539	-84996.34983586486	380575.59789972333	2310	10435	5084	-0.370291540155986	1.520890521880316	0.002574072258203293	-0.37533672178206445	-0.3652463585299075	0.010063649314495576	2.0833063645272609e-4	0.009655321267048234	0.010471977361942919	SK-N-SH	Matched
SKNSH_skew	[-1.5,-1.0)	pELS	HepG2	4398	4398	1122.423	1079.607271	4394	8169.950999554015	56495.09207157515	1501	1949	2847	1.85934251241557	9.402311598850964	0.04625804706495683	1.7686767401682546	1.9500082846628854	0.3416021847974511	0.007154420860974939	0.3275795199099402	0.35562484968496194	SK-N-SH	Mismatched
SKNSH_skew	[-1.5,-1.0)	pELS	K562	6533	6533	1920.565	2170.606013	6522	10734.285002559423	74173.5718951699	1998	2685	3987	1.6458578660778018	8.665306622755173	0.03645033886995168	1.5744152018926965	1.7173005302629072	0.3063477460901564	0.005708051047248447	0.29515996603754946	0.31753552614276337	SK-N-SH	Mismatched
SKNSH_skew	[-1.5,-1.0)	pELS	SK-N-SH	4335	4335	927.937	666.214403	4335	9819.928999415715	64661.04273124387	1752	1926	2890	2.2652662051708687	9.786868812111228	0.04751462789905357	2.1721375344887237	2.3583948758530138	0.40415224913494807	0.007453248498764772	0.3895438820773691	0.418760616192527	SK-N-SH	Matched
SKNSH_skew	[0.05,0.2)	Inactive cCRE	HepG2	18841133	18832016	3259724.499999997	2536965.986380002	18796937	-1220919.7295178403	41703914.49375411	781426	1399308	1764910	-0.06495312132598201	2.214436009487581	3.432322004530545e-4	-0.06562585643886999	-0.06428038621309402	0.04157198590387359	4.6040135424834764e-5	0.04148174723844092	0.041662224569306266	SK-N-SH	Mismatched
SKNSH_skew	[0.05,0.2)	Inactive cCRE	K562	18391853	18382848	3185806.344999997	2489046.828575002	18348352	-1193907.0865704897	40693186.542131945	762437	1292360	1657391	-0.06506890027891822	2.2135776845000183	3.473352432934694e-4	-0.06574967735577342	-0.06438812320206302	0.04155343215565082	4.6589588225129186e-5	0.041462116562729565	0.041644747748572075	SK-N-SH	Mismatched
SKNSH_skew	[0.05,0.2)	Inactive cCRE	SK-N-SH	18670136	18661230	3218266.214999997	2498119.107381002	18625563	-1369057.991311902	40157826.0841885	734536	1319120	1699708	-0.0735042474319784	2.15065695772543	3.3980586239736385e-4	-0.07417026692227724	-0.07283822794167957	0.03943698238812969	4.509828892869205e-5	0.039348589741829455	0.039525375034429926	SK-N-SH	Matched
SKNSH_skew	[0.05,0.2)	Other cCREs	HepG2	553742	553604	88698.242	55631.922654	552945	-53063.0729978265	1584811.2006774857	28047	84054	151183	-0.09596446843325557	2.8569240846881674	0.002273046825847978	-0.1004196402119176	-0.09150929665459354	0.05072294712855709	2.95092222478257e-4	0.050144566372499706	0.05130132788461448	SK-N-SH	Mismatched
SKNSH_skew	[0.05,0.2)	Other cCREs	K562	760958	760755	125367.533	83913.789481	759834	-77269.19698114427	1995410.7811143496	35427	113893	193206	-0.10169220774688191	2.61577623751865	0.0018554144461611947	-0.10532882006135785	-0.09805559543240597	0.04662465749097829	2.4186911944763283e-4	0.04615059401686093	0.04709872096509565	SK-N-SH	Mismatched
SKNSH_skew	[0.05,0.2)	Other cCREs	SK-N-SH	851731	851405	151697.661	113908.281407	851149	12990.347828618473	3106449.688209429	67115	169793	212488	0.015262131340832772	3.649484493665855	0.002070679885197141	0.011203598765846375	0.01932066391581917	0.07885223386269619	2.92125087606612e-4	0.07827966869098722	0.07942479903440515	SK-N-SH	Matched
SKNSH_skew	[0.05,0.2)	PLS	HepG2	152194	152152	21886.462	7041.140336	152113	32119.063966701873	954289.5430631066	21136	66302	77192	0.2111526560300689	6.229012289611193	0.006399210966369155	0.19861020253598538	0.22369510952415245	0.13894933371901153	8.868688925874278e-4	0.13721107068954017	0.14068759674848288	SK-N-SH	Mismatched
SKNSH_skew	[0.05,0.2)	PLS	K562	171266	171216	25020.054	8281.067844	171188	40560.84694594306	1020991.2155512986	23581	73471	86127	0.23693744272929798	5.90804694399103	0.005874694806379867	0.22542304090879345	0.24845184454980251	0.13774914129495058	8.329608868954677e-4	0.13611653795663547	0.1393817446332657	SK-N-SH	Mismatched
SKNSH_skew	[0.05,0.2)	PLS	SK-N-SH	195726	195650	28731.83	9139.174338	195631	69999.34095816615	1204510.370884562	30096	81711	98339	0.3578131326740964	6.029053250581191	0.005551440921479911	0.3469323084679958	0.36869395688019707	0.1538406489769004	8.157231606869517e-4	0.15224183158195398	0.1554394663718468	SK-N-SH	Matched
SKNSH_skew	[0.05,0.2)	dELS	HepG2	293996	293983	48927.23	33276.898736	293835	14895.611967692254	966331.9471730744	20799	52510	75153	0.0506937974294834	3.2861303730589246	0.0033441875992626584	0.044139189734928586	0.05724840512403821	0.07078462402368677	4.731249990310442e-4	0.06985729902558592	0.07171194902178761	SK-N-SH	Mismatched
SKNSH_skew	[0.05,0.2)	dELS	K562	349237	349191	59073.848	42389.573734	348938	-13205.525998756644	1017248.134808976	18585	58753	85733	-0.03784490654143901	2.913845115054358	0.0028897421846254554	-0.0435088012233049	-0.032181011859573116	0.0532616109452109	3.80143885162714e-4	0.052516528930291975	0.05400669296012982	SK-N-SH	Mismatched
SKNSH_skew	[0.05,0.2)	dELS	SK-N-SH	115350	115345	19922.737	13744.103519	115275	28477.903952864817	611825.0570552639	14005	24117	43164	0.24704319195718774	5.246541152059423	0.006746351674476974	0.23382034267521287	0.26026604123916264	0.12149208414660594	9.622308246639037e-4	0.11960611173026468	0.12337805656294719	SK-N-SH	Matched
SKNSH_skew	[0.05,0.2)	non-cCRE	HepG2	59221030	59192793	9809476.543999985	7061976.270537979	58465408	-9095061.130920842	72851508.39471434	753225	1487219	306376	-0.15556311744067264	1.2218618837610213	1.4456446927956754e-4	-0.15584646380046058	-0.1552797710808847	0.012883259105965703	1.4748492679573372e-5	0.01285435206031374	0.012912166151617666	SK-N-SH	Mismatched
SKNSH_skew	[0.05,0.2)	non-cCRE	K562	59221030	59192793	9809476.543999985	7061976.270537979	58465408	-9095061.130920842	72851508.39471434	753225	1487219	306376	-0.15556311744067264	1.2218618837610213	1.4456446927956754e-4	-0.15584646380046058	-0.1552797710808847	0.012883259105965703	1.4748492679573372e-5	0.01285435206031374	0.012912166151617666	SK-N-SH	Mismatched
SKNSH_skew	[0.05,0.2)	non-cCRE	SK-N-SH	59221030	59192793	9809476.543999985	7061976.270537979	58465408	-9095061.130920842	72851508.39471434	753225	1487219	306376	-0.15556311744067264	1.2218618837610213	1.4456446927956754e-4	-0.15584646380046058	-0.1552797710808847	0.012883259105965703	1.4748492679573372e-5	0.01285435206031374	0.012912166151617666	SK-N-SH	Matched
SKNSH_skew	[0.05,0.2)	pELS	HepG2	189660	189627	27149.205	10590.668403	189553	39155.833978000075	811562.5020149319	18909	75827	70972	0.20656931822762012	4.23880575296205	0.004728859669942036	0.19730075327453372	0.2158378831807065	0.09975574113836236	6.883095557355197e-4	0.09840665440912073	0.10110482786760398	SK-N-SH	Mismatched
SKNSH_skew	[0.05,0.2)	pELS	K562	357411	357372	51117.859	19875.356875	357071	56008.67000117448	1294073.0130761606	30287	139524	116953	0.1568558353973705	3.5995399399379133	0.0031750181222679023	0.1506327998777254	0.1630788709170156	0.0848206659179827	4.662583809383032e-4	0.08390679949134362	0.08573453234462176	SK-N-SH	Mismatched
SKNSH_skew	[0.05,0.2)	pELS	SK-N-SH	197782	197752	27767.196	8595.949864	197765	69778.10596897922	940298.4863449666	24565	83260	85711	0.3528334435768676	4.630157343751441	0.004838638291714558	0.34334971252510704	0.3623171746286281	0.12421308118221121	0.00074166567115308685	0.12275941646675116	0.12566674589767127	SK-N-SH	Matched
SKNSH_skew	[0.2,0.5)	Inactive cCRE	HepG2	3137479	3135625	641116.221	699705.961233	3127774	-152200.6928184499	7076273.335872899	136986	274405	391012	-0.04866102628209388	2.2600320080643663	8.500404888469752e-4	-0.05032710564023395	-0.046994946923953805	0.04379664259630012	1.1571185586221873e-4	0.04356984735881017	0.04402343783379006	SK-N-SH	Mismatched
SKNSH_skew	[0.2,0.5)	Inactive cCRE	K562	3030266	3028423	621467.049	683829.840289	3020696	-162481.42983957168	6777007.9882659735	129828	248540	358326	-0.05378940146230262	2.2406327714006755	8.612551494746347e-4	-0.0554774615552729	-0.05210134136933234	0.042979498764523144	1.1669111338304782e-4	0.04275078418229237	0.04320821334675392	SK-N-SH	Mismatched
SKNSH_skew	[0.2,0.5)	Inactive cCRE	SK-N-SH	3069292	3067481	626045.0109999999	687351.635543	3059475	-208648.9087846532	6576313.464575716	121464	249342	367413	-0.06819761847527867	2.144840618321691	8.37286441180382e-4	-0.06983869989999221	-0.06655653705056512	0.039700929080969775	1.1162979702587905e-4	0.039482134678799054	0.0399197234831405	SK-N-SH	Matched
SKNSH_skew	[0.2,0.5)	Other cCREs	HepG2	113710	113665	19981.124	16242.51857	113456	-842.7709954695289	345524.5301875674	7115	18965	37713	-0.007428174759109513	3.04542126779191	0.005180956598256865	-0.017582849691692968	0.0027265001734739407	0.06271153574954168	7.197747712162466e-4	0.06130077719795783	0.06412229430112552	SK-N-SH	Mismatched
SKNSH_skew	[0.2,0.5)	Other cCREs	K562	162375	162326	29871.578	25874.892662	162092	-2715.729976532865	465851.0404208176	9525	26572	50484	-0.016754250527680977	2.873728587030898	0.004210581555170264	-0.02500699037581469	-0.00850151067954726	0.058762924758778964	5.841446777293184e-4	0.0576180011904295	0.05990784832712843	SK-N-SH	Mismatched
SKNSH_skew	[0.2,0.5)	Other cCREs	SK-N-SH	192519	192440	37941.49	34098.277438	192357	23709.827995559797	743230.0559821626	17748	41731	56209	0.12325950184063901	3.8486327143146184	0.0044730034791781725	0.11449241502144979	0.13202658865982822	0.09226594301221167	6.598512287792589e-4	0.09097263460380432	0.09355925142061901	SK-N-SH	Matched
SKNSH_skew	[0.2,0.5)	PLS	HepG2	49506	49497	7045.839	2259.002391	49474	25871.981990480577	351858.2661661703	8874	21641	25741	0.5229409789077207	6.838654348387716	0.011757008016766886	0.4998972431948576	0.5459847146205838	0.17936694021101993	0.0017248732692608576	0.17598618860326865	0.1827476918187712	SK-N-SH	Mismatched
SKNSH_skew	[0.2,0.5)	PLS	K562	55294	55279	7986.22	2582.402886	55266	30020.66698695501	378184.72931772703	9900	23819	28535	0.5432031807432238	6.548039582418891	0.010884954842739184	0.521868669251455	0.5645376922349926	0.17913364455542286	0.0016311571062581503	0.1759365766271569	0.18233071248368882	SK-N-SH	Mismatched
SKNSH_skew	[0.2,0.5)	PLS	SK-N-SH	63701	63678	9215.344	2799.858858	63666	43668.303975503426	458222.5502385633	12578	26806	32826	0.6858967734034402	6.7269394713227815	0.010279097311410277	0.6657497426730761	0.7060438041338044	0.1975622781390381	0.0015779887345956306	0.19446942021923067	0.20065513605884552	SK-N-SH	Matched
SKNSH_skew	[0.2,0.5)	dELS	HepG2	57629	57623	10864.929	9819.934009	57606	8634.171010428345	210961.19809610973	4862	11561	18327	0.14988318943214846	3.6397375402649796	0.007948792754715696	0.1343035556329057	0.16546282323139122	0.08440093045863278	0.001158223649664694	0.08213081210528998	0.08667104881197558	SK-N-SH	Mismatched
SKNSH_skew	[0.2,0.5)	dELS	K562	74374	74365	14224.522	13103.536734	74306	4404.863006076079	235558.30946822616	4948	13647	22977	0.05928004476187763	3.166640051033659	0.006528109170159353	0.0464849507883653	0.07207513873538995	0.06658950824967028	9.145917958590851e-4	0.06479690832978648	0.06838210816955408	SK-N-SH	Mismatched
SKNSH_skew	[0.2,0.5)	dELS	SK-N-SH	27183	27181	5171.996	4254.631164	27159	11272.936983218411	152983.26034215587	3878	6039	11742	0.41507187242602495	5.460791710758923	0.01417982654299359	0.3872794124017575	0.4428643324502924	0.1427887624728451	0.0021229220853588534	0.13862783518554175	0.14694968976014847	SK-N-SH	Matched
SKNSH_skew	[0.2,0.5)	non-cCRE	HepG2	6763308	6756065	1315407.609	1431204.601783	6684153	-1068605.6812593325	8426674.723340318	84831	226574	59592	-0.15987151719287881	1.235135752717242	4.2986704841152924e-4	-0.16071405660776542	-0.15902897777799221	0.012691361194155789	4.3296957515766694e-5	0.012606499157424886	0.012776223230886691	SK-N-SH	Mismatched
SKNSH_skew	[0.2,0.5)	non-cCRE	K562	6763308	6756065	1315407.609	1431204.601783	6684153	-1068605.6812593325	8426674.723340318	84831	226574	59592	-0.15987151719287881	1.235135752717242	4.2986704841152924e-4	-0.16071405660776542	-0.15902897777799221	0.012691361194155789	4.3296957515766694e-5	0.012606499157424886	0.012776223230886691	SK-N-SH	Mismatched
SKNSH_skew	[0.2,0.5)	non-cCRE	SK-N-SH	6763308	6756065	1315407.609	1431204.601783	6684153	-1068605.6812593325	8426674.723340318	84831	226574	59592	-0.15987151719287881	1.235135752717242	4.2986704841152924e-4	-0.16071405660776542	-0.15902897777799221	0.012691361194155789	4.3296957515766694e-5	0.012606499157424886	0.012776223230886691	SK-N-SH	Matched
SKNSH_skew	[0.2,0.5)	pELS	HepG2	47802	47793	7015.662	2980.697742	47775	23066.507010716123	242398.7823720268	6600	19940	20687	0.4828154267025876	4.840748460399164	0.010065976453130608	0.4630861128544516	0.5025447405507236	0.13814756671899528	0.00157865681255907	0.1350533993663795	0.14124173407161106	SK-N-SH	Mismatched
SKNSH_skew	[0.2,0.5)	pELS	K562	83817	83810	12474.406	5617.441374	83725	35300.82602077932	370414.045222032	10236	33934	33158	0.4216282594300307	4.246455250471173	0.007121733167851622	0.4076696624210415	0.43558685643901984	0.12225739026575097	0.0011321228947971872	0.12003842939194849	0.12447635113955345	SK-N-SH	Mismatched
SKNSH_skew	[0.2,0.5)	pELS	SK-N-SH	53431	53423	7649.934	2503.710942	53428	34527.036028077244	296266.7815561772	8769	22594	25290	0.6462348586523404	5.127635976358179	0.009796571992092567	0.627033577547839	0.6654361397568419	0.16412742382271467	0.0016024192597262536	0.16098668207365122	0.16726816557177812	SK-N-SH	Matched
SKNSH_skew	[0.5,1.0)	Inactive cCRE	HepG2	746135	745687	168451.205	207981.197847	743825	-46579.18493816876	1743662.7127946597	33300	69043	105397	-0.06262116080821263	2.340265802346161	0.0017737696014212328	-0.06609774922699825	-0.05914457238942702	0.04476859476355326	2.3977596195231564e-4	0.04429863387812672	0.04523855564897979	SK-N-SH	Mismatched
SKNSH_skew	[0.5,1.0)	Inactive cCRE	K562	718286	717854	163035.735	203154.519301	716029	-50926.50693419799	1654304.489689398	31112	62266	96829	-0.07112352563122162	2.305332217410709	0.0017943264281405512	-0.0746404054303771	-0.06760664583206615	0.043450754089569	2.4092785817787684e-4	0.04297853548754036	0.04392297269159764	SK-N-SH	Mismatched
SKNSH_skew	[0.5,1.0)	Inactive cCRE	SK-N-SH	726322	725887	164055.802	204263.72781	723998	-65339.80692234149	1583651.870647973	28494	62007	98991	-0.09024860140821037	2.1792287046174903	0.0017349330573655979	-0.09364907020064694	-0.08684813261577379	0.03935646231066937	2.285180325405168e-4	0.038908566966889956	0.03980435765444878	SK-N-SH	Matched
SKNSH_skew	[0.5,1.0)	Other cCREs	HepG2	28049	28041	5267.603	4811.280327	27997	813.5859935883215	90375.08671159178	1943	4826	9794	0.029059756173458635	3.2272983319399904	0.010736526691220563	0.008016163858666332	0.05010334848825094	0.06940029288852377	0.0015188201797980113	0.06642340533611966	0.07237718044092788	SK-N-SH	Mismatched
SKNSH_skew	[0.5,1.0)	Other cCREs	K562	40704	40687	7986.123	7608.546775	40638	962.4940080191014	125603.45716684531	2658	6841	13000	0.02368458113143121	3.090303440200405	0.008720359709511469	0.00659267610078873	0.04077648616207369	0.0654067621438063	0.0012264687288445438	0.06300288343527098	0.0678106408523416	SK-N-SH	Mismatched
SKNSH_skew	[0.5,1.0)	Other cCREs	SK-N-SH	49549	49532	10289.513	10018.837263	49514	9342.990992529783	211571.49727257705	5140	11078	14619	0.18869392479964825	4.237443330697571	0.009250984332820863	0.17056199550731935	0.20682585409197715	0.10380902371046573	0.0013707360366303544	0.10112238107867023	0.10649566634226122	SK-N-SH	Matched
SKNSH_skew	[0.5,1.0)	PLS	HepG2	12979	12977	1861.408	618.779714	12972	9373.872005918183	107317.82554188784	2693	5706	6604	0.7226234972184847	7.75144903018216	0.02444488383764203	0.6747115248967064	0.7705354695402631	0.2076009867406722	0.003561092049328923	0.2006212463239875	0.2145807271573569	SK-N-SH	Mismatched
SKNSH_skew	[0.5,1.0)	PLS	K562	14378	14373	2087.457	712.909953	14374	10716.380996783611	114628.7306188327	2995	6181	7256	0.7455392372884104	7.419414743198958	0.022719355337311384	0.7010093008272801	0.7900691737495408	0.2083623208571031	0.003387536640031666	0.20172274904264104	0.21500189267156516	SK-N-SH	Mismatched
SKNSH_skew	[0.5,1.0)	PLS	SK-N-SH	16660	16655	2397.995	710.303247	16653	14939.987997698598	138727.74808393477	3793	6990	8358	0.8971349305049299	7.526096744527681	0.021258795650589475	0.8554676910297745	0.9388021699800853	0.2277667687503753	0.00324992383175842	0.2213969180401288	0.2341366194606218	SK-N-SH	Matched
SKNSH_skew	[0.5,1.0)	dELS	HepG2	14343	14342	2870.395	2807.870171	14340	2826.2010120998593	61248.86142397627	1388	2943	4792	0.19708514728729842	4.232642386585051	0.017180318575184896	0.16341172287993602	0.23075857169466082	0.09679218967921897	0.0024691042325184496	0.09195274538348282	0.10163163397495513	SK-N-SH	Mismatched
SKNSH_skew	[0.5,1.0)	dELS	K562	18806	18803	3951.094	4123.302322	18787	1419.700997405104	71248.02989987737	1419	3530	6147	0.07556826515170618	3.786902244142942	0.014197547470908178	0.047741072108726156	0.10339545819468621	0.07553095225421834	0.0019278797866855858	0.0717523078723146	0.07930959663612208	SK-N-SH	Mismatched
SKNSH_skew	[0.5,1.0)	dELS	SK-N-SH	7135	7135	1510.945	1400.416199	7132	3283.899998529582	47830.48838735865	1111	1621	3248	0.460445877527984	6.495362525707692	0.03017838748022921	0.40129623806673476	0.5195955169892332	0.15577678070667414	0.004294121627567973	0.1473603023166409	0.16419325909670737	SK-N-SH	Matched
SKNSH_skew	[0.5,1.0)	non-cCRE	HepG2	1296258	1294511	271943.64	330770.003258	1282179	-230563.44457727345	1649695.998983668	15342	49616	14416	-0.17982157294517648	1.2542998848179618	9.890684790497767e-4	-0.18176014716411404	-0.17788299872623892	0.011965567990116825	9.602368522282753e-5	0.011777361567080083	0.012153774413153568	SK-N-SH	Mismatched
SKNSH_skew	[0.5,1.0)	non-cCRE	K562	1296258	1294511	271943.64	330770.003258	1282179	-230563.44457727345	1649695.998983668	15342	49616	14416	-0.17982157294517648	1.2542998848179618	9.890684790497767e-4	-0.18176014716411404	-0.17788299872623892	0.011965567990116825	9.602368522282753e-5	0.011777361567080083	0.012153774413153568	SK-N-SH	Mismatched
SKNSH_skew	[0.5,1.0)	non-cCRE	SK-N-SH	1296258	1294511	271943.64	330770.003258	1282179	-230563.44457727345	1649695.998983668	15342	49616	14416	-0.17982157294517648	1.2542998848179618	9.890684790497767e-4	-0.18176014716411404	-0.17788299872623892	0.011965567990116825	9.602368522282753e-5	0.011777361567080083	0.012153774413153568	SK-N-SH	Matched
SKNSH_skew	[0.5,1.0)	pELS	HepG2	12449	12447	1852.055	829.454529	12448	7981.8530073107695	71546.3502811132	2005	5186	5600	0.641215697888076	5.336889277302996	0.020705909263941478	0.6006321157307507	0.6817992800454012	0.16107005141388175	0.0032947347615632067	0.15461237128121788	0.16752773154654563	SK-N-SH	Mismatched
SKNSH_skew	[0.5,1.0)	pELS	K562	21781	21777	3242.257	1449.304237	21754	12244.25801273854	108366.1293782768	3145	8886	8955	0.5628508785850207	4.664847974908529	0.01464364477834786	0.5341493348194589	0.5915524223505825	0.14457111335846282	0.002384312395238037	0.13989786106379626	0.14924436565312937	SK-N-SH	Mismatched
SKNSH_skew	[0.5,1.0)	pELS	SK-N-SH	14289	14285	2048.411	655.2980689999999	14285	12189.255014331897	92369.2323613864	2791	6008	6971	0.8532905155290093	5.738466582630396	0.020042772922463818	0.8140066806009801	0.8925743504570384	0.19537976898844941	0.003317379431178681	0.1888777053033392	0.20188183267355964	SK-N-SH	Matched
SKNSH_skew	[1.0,1.5)	Inactive cCRE	HepG2	140609	140528	32980.244	43032.968092	140189	-9157.396980617776	334395.35238970607	6371	13531	21604	-0.06532179401106916	2.3810680999119795	0.004121249803174559	-0.0733994436252913	-0.057244144396847024	0.04544579103923988	5.562757951281978e-4	0.044355490480788615	0.04653609159769115	SK-N-SH	Mismatched
SKNSH_skew	[1.0,1.5)	Inactive cCRE	K562	134895	134813	31890.114	42062.302014	134496	-9917.025987011144	317137.64703015407	5949	12133	19731	-0.07373472807378022	2.352551528426344	0.004182297171082894	-0.0819320305291027	-0.06553742561845774	0.04423179871520343	5.606462282641983e-4	0.0431329321078056	0.04533066532260126	SK-N-SH	Mismatched
SKNSH_skew	[1.0,1.5)	Inactive cCRE	SK-N-SH	136435	136357	32256.928	42691.931948	136009	-13761.489977057558	299464.29388203373	5310	12064	20169	-0.10118073051825657	2.191576203408148	0.004014158015723636	-0.1090484802290749	-0.09331298080743824	0.03904153401613129	5.252087122955425e-4	0.038012124940032026	0.04007094309223055	SK-N-SH	Matched
SKNSH_skew	[1.0,1.5)	Other cCREs	HepG2	5594	5594	1105.748	1140.45959	5588	397.80400106462207	19410.869062085836	440	924	1933	0.07118897656847209	3.4692231613343836	0.024916550635791606	0.022352537322320544	0.12002541581462364	0.07874015748031496	0.0036029730297185703	0.07167833034206657	0.08580198461856335	SK-N-SH	Mismatched
SKNSH_skew	[1.0,1.5)	Other cCREs	K562	8149	8149	1560.625	1506.432393	8128	364.6720011743018	26426.979152442676	597	1313	2644	0.04486614187675957	3.249737630946168	0.019995501557788214	0.005674958823494676	0.08405732493002446	0.0734498031496063	0.0028935963434930036	0.06777835431636	0.07912125198285258	SK-N-SH	Mismatched
SKNSH_skew	[1.0,1.5)	Other cCREs	SK-N-SH	9954	9950	1967.217	1834.806605	9950	2696.5859944389663	45951.56715456962	1162	2170	3014	0.27101366778281066	4.545256356792135	0.02137310656174511	0.22912237892179024	0.3129049566438311	0.11678391959798995	0.0032196856134378885	0.11047333579565169	0.12309450340032821	SK-N-SH	Matched
SKNSH_skew	[1.0,1.5)	PLS	HepG2	2689	2688	375.959	94.083391	2689	2486.468997400022	25217.532136723607	634	1143	1280	0.9246816650799636	8.526168096740346	0.05630948355776616	0.814315077306742	1.0350482528531852	0.23577538118259575	0.008185860488765897	0.2197310946246146	0.2518196677405769	SK-N-SH	Mismatched
SKNSH_skew	[1.0,1.5)	PLS	K562	2999	2998	427.804	112.34998	2999	2693.294999112142	26552.526013044495	681	1270	1438	0.8980643544888769	8.049957898004912	0.05180940105181124	0.7965179284273268	0.999610780550427	0.2270756918972991	0.007650072889889843	0.212081549033115	0.2420698347614832	SK-N-SH	Mismatched
SKNSH_skew	[1.0,1.5)	PLS	SK-N-SH	3506	3505	509.257	139.152101	3506	3872.107996605219	33392.83043859729	886	1439	1660	1.104423273418488	8.30709964335425	0.048676433934504895	1.0090174629068585	1.1998290839301176	0.2527096406160867	0.0073392154826437276	0.23832477827010498	0.2670945029620684	SK-N-SH	Matched
SKNSH_skew	[1.0,1.5)	dELS	HepG2	2847	2846	634.927	688.492255	2843	769.5539982744953	12100.152937757102	301	568	980	0.2706837841275045	4.184323416401727	0.038364027405952676	0.19549029041183724	0.34587727784317174	0.10587407667956385	0.00577039750457634	0.09456409757059422	0.11718405578853347	SK-N-SH	Mismatched
SKNSH_skew	[1.0,1.5)	dELS	K562	3814	3814	919.798	1120.01423	3808	541.9120010966432	13531.630800498966	314	734	1310	0.1423088238173958	3.5341507593933206	0.030464500794600464	0.08259840225997889	0.2020192453748127	0.08245798319327731	0.004457392364536959	0.07372149415878487	0.09119447222776975	SK-N-SH	Mismatched
SKNSH_skew	[1.0,1.5)	dELS	SK-N-SH	1448	1448	311.77	301.796938	1447	847.4840009083275	8370.828728941284	241	319	654	0.585683483696149	5.445692494407016	0.06134685335299973	0.4654436511242695	0.7059233162680285	0.16655148583275742	0.00979443477651123	0.14735439367079542	0.18574857799471942	SK-N-SH	Matched
SKNSH_skew	[1.0,1.5)	non-cCRE	HepG2	209357	209212	45018.399	55928.860521	207447	-44414.11794058093	282986.3270714508	2352	8558	2745	-0.2140986273148367	1.318306091160944	0.0025208937993764858	-0.21903957916161462	-0.20915767546805877	0.011337835688151672	2.324531614651348e-4	0.010882227491680007	0.011793443884623337	SK-N-SH	Mismatched
SKNSH_skew	[1.0,1.5)	non-cCRE	K562	209357	209212	45018.399	55928.860521	207447	-44414.11794058093	282986.3270714508	2352	8558	2745	-0.2140986273148367	1.318306091160944	0.0025208937993764858	-0.21903957916161462	-0.20915767546805877	0.011337835688151672	2.324531614651348e-4	0.010882227491680007	0.011793443884623337	SK-N-SH	Mismatched
SKNSH_skew	[1.0,1.5)	non-cCRE	SK-N-SH	209357	209212	45018.399	55928.860521	207447	-44414.11794058093	282986.3270714508	2352	8558	2745	-0.2140986273148367	1.318306091160944	0.0025208937993764858	-0.21903957916161462	-0.20915767546805877	0.011337835688151672	2.324531614651348e-4	0.010882227491680007	0.011793443884623337	SK-N-SH	Matched
SKNSH_skew	[1.0,1.5)	pELS	HepG2	2692	2692	392.379	158.932363	2691	1572.2559966759286	15646.870498351016	421	1177	1237	0.5842645844206349	5.475188476524276	0.04510686957482954	0.495855120053969	0.6726740487873007	0.15644741731698253	0.007002988769279085	0.14272155932919553	0.17017327530476953	SK-N-SH	Mismatched
SKNSH_skew	[1.0,1.5)	pELS	K562	4574	4574	690.916	313.837074	4569	2385.832998425351	23121.994028483372	626	1893	1911	0.5221783756676189	4.789002545698646	0.0323751623496037	0.45872305746239567	0.5856336938728421	0.13701028671481724	0.005087082935489217	0.12703960416125837	0.14698096926837612	SK-N-SH	Mismatched
SKNSH_skew	[1.0,1.5)	pELS	SK-N-SH	3088	3088	444.085	147.248099	3088	2413.997997902335	19591.25682048162	568	1351	1537	0.7817351029476474	5.735066357977332	0.04309536643484171	0.6972681847353577	0.866202021159937	0.18393782383419688	0.006972018017209809	0.17027266852046566	0.1976029791479281	SK-N-SH	Matched
SKNSH_skew	[1.5,Inf)	Inactive cCRE	HepG2	46611	46590	9808.364	11539.04543	46503	-4106.9829967774	107159.28284267378	2023	4429	7266	-0.08831651714464443	2.2966016173159463	0.007027524165243475	-0.10209046450852165	-0.07454256978076722	0.0435025697266843	9.45929727603308e-4	0.04164854746058182	0.045356591992786785	SK-N-SH	Mismatched
SKNSH_skew	[1.5,Inf)	Inactive cCRE	K562	44644	44625	9488.914	11349.046	44541	-4635.776000126033	100546.0315911488	1840	3951	6698	-0.10407884870402624	2.2465995815493023	0.00710203576789318	-0.11799883880909687	-0.09015885859895562	0.04131025347432703	9.429485336652116e-4	0.039462074348343215	0.04315843260031084	SK-N-SH	Mismatched
SKNSH_skew	[1.5,Inf)	Inactive cCRE	SK-N-SH	45414	45395	9585.619	11468.888009	45305	-5451.800000135787	97032.42995017066	1692	4006	6819	-0.12033550381052394	2.1273261709888773	0.00685242000192411	-0.13376624701429518	-0.10690476060675268	0.037346871206268624	8.908179468576517e-4	0.035600868030427626	0.03909287438210962	SK-N-SH	Matched
SKNSH_skew	[1.5,Inf)	Other cCREs	HepG2	1749	1749	321.534	293.243434	1748	18.44600051164151	5652.360263530314	132	332	603	0.010552631871648462	3.235355243089531	0.04302196796019359	-0.07377042533033099	0.0948756890736279	0.07551487414187644	0.006319686013349879	0.06312828955571068	0.0879014587280422	SK-N-SH	Mismatched
SKNSH_skew	[1.5,Inf)	Other cCREs	K562	2547	2547	474.308	412.863924	2544	158.40000217058676	7877.844439762622	177	447	764	0.06226415179661429	3.0939763263794293	0.03487385357090604	-0.006088601202361543	0.13061690479559013	0.0695754716981132	0.00504440679095968	0.05968843438783224	0.07946250900839417	SK-N-SH	Mismatched
SKNSH_skew	[1.5,Inf)	Other cCREs	SK-N-SH	3009	3007	586.097	485.977331	3009	527.8040036564922	12425.91880102631	316	655	923	0.17540844255782392	4.100178697729103	0.03691393121334406	0.10305713737966957	0.24775974773597828	0.10501827849783982	0.005588926991083501	0.09406398159531615	0.11597257540036349	SK-N-SH	Matched
SKNSH_skew	[1.5,Inf)	PLS	HepG2	747	747	109.866	29.965878	747	706.3900010107322	7809.859829146347	178	335	326	0.9456358781937514	9.573555094092866	0.11320779187858605	0.7237486061117228	1.1675231502757801	0.23828647925033467	0.015587814597674641	0.20773436263889236	0.26883859586177694	SK-N-SH	Mismatched
SKNSH_skew	[1.5,Inf)	PLS	K562	873	873	124.714	27.834858	873	935.9510016170096	9177.253809620088	225	373	388	1.0721088220126114	9.37363816951256	0.10362080713754208	0.8690120400230289	1.2752056040021937	0.25773195876288657	0.01480326100242759	0.2287175671981285	0.2867463503276446	SK-N-SH	Mismatched
SKNSH_skew	[1.5,Inf)	PLS	SK-N-SH	1021	1021	150.37	33.003906	1021	1226.903002384002	10818.618144142383	283	423	460	1.2016679749108738	9.161066762603458	0.09472402702271508	1.0160088819463522	1.3873270678753955	0.277179236043095	0.014008214574414597	0.24972313547724242	0.30463533660894765	SK-N-SH	Matched
SKNSH_skew	[1.5,Inf)	dELS	HepG2	954	954	197.057	200.719503	954	193.3010028612334	3823.615691523432	91	189	316	0.20262159629060106	3.971089961971789	0.06451796722084517	0.07616638053774452	0.3290768120434576	0.09538784067085954	0.009510503986793758	0.07674725285674378	0.1140284284849753	SK-N-SH	Mismatched
SKNSH_skew	[1.5,Inf)	dELS	K562	1356	1354	249.227	223.789401	1353	109.3110013600672	4424.724204591487	105	262	427	0.08079157528460251	3.2661928968902885	0.04913285680484182	-0.015508824052887449	0.17709197462209247	0.07760532150776053	0.007273697696693254	0.06334887402224175	0.09186176899327932	SK-N-SH	Mismatched
SKNSH_skew	[1.5,Inf)	dELS	SK-N-SH	466	466	86.005	69.235495	466	314.73600053833815	3033.248405201686	87	110	213	0.6753991427861333	6.065969849965929	0.11409251808217014	0.4517778073450799	0.8990204782271868	0.18669527896995708	0.01805096217878745	0.15131539309953368	0.22207516484038048	SK-N-SH	Matched
SKNSH_skew	[1.5,Inf)	non-cCRE	HepG2	67008	66971	11576.155	11397.990271	66330	-15073.42797759792	88578.85303786071	643	2577	896	-0.22724902725158933	1.2838039348189283	0.004399409138299483	-0.23587186916265632	-0.21862618534052233	0.009693954470073873	3.804347714913246e-4	0.008948302317950877	0.01043960662219687	SK-N-SH	Mismatched
SKNSH_skew	[1.5,Inf)	non-cCRE	K562	67008	66971	11576.155	11397.990271	66330	-15073.42797759792	88578.85303786071	643	2577	896	-0.22724902725158933	1.2838039348189283	0.004399409138299483	-0.23587186916265632	-0.21862618534052233	0.009693954470073873	3.804347714913246e-4	0.008948302317950877	0.01043960662219687	SK-N-SH	Mismatched
SKNSH_skew	[1.5,Inf)	non-cCRE	SK-N-SH	67008	66971	11576.155	11397.990271	66330	-15073.42797759792	88578.85303786071	643	2577	896	-0.22724902725158933	1.2838039348189283	0.004399409138299483	-0.23587186916265632	-0.21862618534052233	0.009693954470073873	3.804347714913246e-4	0.008948302317950877	0.01043960662219687	SK-N-SH	Matched
SKNSH_skew	[1.5,Inf)	pELS	HepG2	919	919	131.294	36.727272	918	570.9200006073809	5017.300894500409	146	381	403	0.621917211990611	5.0842267387709805	0.07442024827814689	0.4760535253654431	0.7677808986157789	0.15904139433551198	0.012070383153850155	0.13538344335396568	0.18269934531705828	SK-N-SH	Mismatched
SKNSH_skew	[1.5,Inf)	pELS	K562	1560	1560	230.952	86.167334	1559	814.1880031919578	7436.5654762513	223	633	637	0.5222501624066439	4.500228279431809	0.05372720083870622	0.4169448487627797	0.6275554760505081	0.14304041051956382	0.008867199667367437	0.12566069917152364	0.160420121867604	SK-N-SH	Mismatched
SKNSH_skew	[1.5,Inf)	pELS	SK-N-SH	1070	1070	160.024	42.596776	1069	764.431001770543	6152.204220833282	192	472	499	0.7150898052109851	5.248658618614183	0.07007051518860967	0.5777515954413102	0.85242801498066	0.1796071094480823	0.011740425937798135	0.15659587460999796	0.20261834428616665	SK-N-SH	Matched
