skew_type	skew_bin	ccre_class	af_class	indel_class	n
HepG2_skew	(-Inf,-1.5)	Other cCREs	COMMON	del_1	8
HepG2_skew	(-Inf,-1.5)	Other cCREs	COMMON	del_10plus	7
HepG2_skew	(-Inf,-1.5)	Other cCREs	COMMON	del_2	1
HepG2_skew	(-Inf,-1.5)	Other cCREs	COMMON	del_4	1
HepG2_skew	(-Inf,-1.5)	Other cCREs	COMMON	del_8	1
HepG2_skew	(-Inf,-1.5)	Other cCREs	COMMON	ins_1	4
HepG2_skew	(-Inf,-1.5)	Other cCREs	COMMON	ins_10plus	1
HepG2_skew	(-Inf,-1.5)	Other cCREs	LOW_FREQ	del_1	6
HepG2_skew	(-Inf,-1.5)	Other cCREs	LOW_FREQ	del_10plus	11
HepG2_skew	(-Inf,-1.5)	Other cCREs	LOW_FREQ	del_2	3
HepG2_skew	(-Inf,-1.5)	Other cCREs	LOW_FREQ	del_3	2
HepG2_skew	(-Inf,-1.5)	Other cCREs	LOW_FREQ	del_4	1
HepG2_skew	(-Inf,-1.5)	Other cCREs	LOW_FREQ	del_6	1
HepG2_skew	(-Inf,-1.5)	Other cCREs	LOW_FREQ	del_7	1
HepG2_skew	(-Inf,-1.5)	Other cCREs	LOW_FREQ	del_8	1
HepG2_skew	(-Inf,-1.5)	Other cCREs	LOW_FREQ	ins_1	1
HepG2_skew	(-Inf,-1.5)	Other cCREs	LOW_FREQ	ins_2	1
HepG2_skew	(-Inf,-1.5)	Other cCREs	RARE	del_1	12
HepG2_skew	(-Inf,-1.5)	Other cCREs	RARE	del_10plus	19
HepG2_skew	(-Inf,-1.5)	Other cCREs	RARE	del_2	5
HepG2_skew	(-Inf,-1.5)	Other cCREs	RARE	del_3	3
HepG2_skew	(-Inf,-1.5)	Other cCREs	RARE	del_4	3
HepG2_skew	(-Inf,-1.5)	Other cCREs	RARE	del_5	1
HepG2_skew	(-Inf,-1.5)	Other cCREs	RARE	del_6	1
HepG2_skew	(-Inf,-1.5)	Other cCREs	RARE	del_8	1
HepG2_skew	(-Inf,-1.5)	Other cCREs	RARE	ins_1	6
HepG2_skew	(-Inf,-1.5)	Other cCREs	RARE	ins_10plus	1
HepG2_skew	(-Inf,-1.5)	Other cCREs	SINGLETON	del_1	154
HepG2_skew	(-Inf,-1.5)	Other cCREs	SINGLETON	del_10plus	78
HepG2_skew	(-Inf,-1.5)	Other cCREs	SINGLETON	del_2	31
HepG2_skew	(-Inf,-1.5)	Other cCREs	SINGLETON	del_3	14
HepG2_skew	(-Inf,-1.5)	Other cCREs	SINGLETON	del_4	28
HepG2_skew	(-Inf,-1.5)	Other cCREs	SINGLETON	del_5	7
HepG2_skew	(-Inf,-1.5)	Other cCREs	SINGLETON	del_6	16
HepG2_skew	(-Inf,-1.5)	Other cCREs	SINGLETON	del_7	7
HepG2_skew	(-Inf,-1.5)	Other cCREs	SINGLETON	del_8	13
HepG2_skew	(-Inf,-1.5)	Other cCREs	SINGLETON	del_9	10
HepG2_skew	(-Inf,-1.5)	Other cCREs	SINGLETON	ins_1	32
HepG2_skew	(-Inf,-1.5)	Other cCREs	SINGLETON	ins_10plus	3
HepG2_skew	(-Inf,-1.5)	Other cCREs	SINGLETON	ins_2	8
HepG2_skew	(-Inf,-1.5)	Other cCREs	SINGLETON	ins_3	2
HepG2_skew	(-Inf,-1.5)	Other cCREs	SINGLETON	ins_4	7
HepG2_skew	(-Inf,-1.5)	Other cCREs	SINGLETON	ins_5	3
HepG2_skew	(-Inf,-1.5)	Other cCREs	SINGLETON	ins_7	1
HepG2_skew	(-Inf,-1.5)	Other cCREs	SINGLETON	ins_8	1
HepG2_skew	(-Inf,-1.5)	Other cCREs	SINGLETON	ins_9	2
HepG2_skew	(-Inf,-1.5)	Other cCREs	ULTRARARE	del_1	100
HepG2_skew	(-Inf,-1.5)	Other cCREs	ULTRARARE	del_10plus	56
HepG2_skew	(-Inf,-1.5)	Other cCREs	ULTRARARE	del_2	20
HepG2_skew	(-Inf,-1.5)	Other cCREs	ULTRARARE	del_3	15
HepG2_skew	(-Inf,-1.5)	Other cCREs	ULTRARARE	del_4	19
HepG2_skew	(-Inf,-1.5)	Other cCREs	ULTRARARE	del_5	7
HepG2_skew	(-Inf,-1.5)	Other cCREs	ULTRARARE	del_6	9
HepG2_skew	(-Inf,-1.5)	Other cCREs	ULTRARARE	del_7	14
HepG2_skew	(-Inf,-1.5)	Other cCREs	ULTRARARE	del_8	3
HepG2_skew	(-Inf,-1.5)	Other cCREs	ULTRARARE	del_9	4
HepG2_skew	(-Inf,-1.5)	Other cCREs	ULTRARARE	ins_1	18
HepG2_skew	(-Inf,-1.5)	Other cCREs	ULTRARARE	ins_10plus	7
HepG2_skew	(-Inf,-1.5)	Other cCREs	ULTRARARE	ins_2	12
HepG2_skew	(-Inf,-1.5)	Other cCREs	ULTRARARE	ins_3	5
HepG2_skew	(-Inf,-1.5)	Other cCREs	ULTRARARE	ins_4	2
HepG2_skew	(-Inf,-1.5)	Other cCREs	ULTRARARE	ins_5	1
HepG2_skew	(-Inf,-1.5)	Other cCREs	ULTRARARE	ins_6	2
HepG2_skew	(-Inf,-1.5)	Other cCREs	ULTRARARE	ins_7	1
HepG2_skew	(-Inf,-1.5)	Other cCREs	ULTRARARE	ins_9	1
HepG2_skew	(-Inf,-1.5)	PLS	COMMON	del_1	4
HepG2_skew	(-Inf,-1.5)	PLS	COMMON	del_4	1
HepG2_skew	(-Inf,-1.5)	PLS	LOW_FREQ	del_10plus	1
HepG2_skew	(-Inf,-1.5)	PLS	LOW_FREQ	del_2	2
HepG2_skew	(-Inf,-1.5)	PLS	RARE	del_1	2
HepG2_skew	(-Inf,-1.5)	PLS	RARE	del_10plus	4
HepG2_skew	(-Inf,-1.5)	PLS	RARE	del_4	1
HepG2_skew	(-Inf,-1.5)	PLS	RARE	del_5	1
HepG2_skew	(-Inf,-1.5)	PLS	RARE	del_7	2
HepG2_skew	(-Inf,-1.5)	PLS	RARE	ins_1	1
HepG2_skew	(-Inf,-1.5)	PLS	SINGLETON	del_1	66
HepG2_skew	(-Inf,-1.5)	PLS	SINGLETON	del_10plus	36
HepG2_skew	(-Inf,-1.5)	PLS	SINGLETON	del_2	12
HepG2_skew	(-Inf,-1.5)	PLS	SINGLETON	del_3	7
HepG2_skew	(-Inf,-1.5)	PLS	SINGLETON	del_4	3
HepG2_skew	(-Inf,-1.5)	PLS	SINGLETON	del_5	6
HepG2_skew	(-Inf,-1.5)	PLS	SINGLETON	del_6	2
HepG2_skew	(-Inf,-1.5)	PLS	SINGLETON	del_7	5
HepG2_skew	(-Inf,-1.5)	PLS	SINGLETON	del_8	4
HepG2_skew	(-Inf,-1.5)	PLS	SINGLETON	del_9	6
HepG2_skew	(-Inf,-1.5)	PLS	SINGLETON	ins_1	9
HepG2_skew	(-Inf,-1.5)	PLS	SINGLETON	ins_10plus	2
HepG2_skew	(-Inf,-1.5)	PLS	SINGLETON	ins_2	5
HepG2_skew	(-Inf,-1.5)	PLS	SINGLETON	ins_3	3
HepG2_skew	(-Inf,-1.5)	PLS	SINGLETON	ins_4	2
HepG2_skew	(-Inf,-1.5)	PLS	SINGLETON	ins_5	3
HepG2_skew	(-Inf,-1.5)	PLS	SINGLETON	ins_6	1
HepG2_skew	(-Inf,-1.5)	PLS	SINGLETON	ins_7	2
HepG2_skew	(-Inf,-1.5)	PLS	ULTRARARE	del_1	21
HepG2_skew	(-Inf,-1.5)	PLS	ULTRARARE	del_10plus	14
HepG2_skew	(-Inf,-1.5)	PLS	ULTRARARE	del_2	2
HepG2_skew	(-Inf,-1.5)	PLS	ULTRARARE	del_3	3
HepG2_skew	(-Inf,-1.5)	PLS	ULTRARARE	del_4	8
HepG2_skew	(-Inf,-1.5)	PLS	ULTRARARE	del_5	3
HepG2_skew	(-Inf,-1.5)	PLS	ULTRARARE	del_6	2
HepG2_skew	(-Inf,-1.5)	PLS	ULTRARARE	del_7	3
HepG2_skew	(-Inf,-1.5)	PLS	ULTRARARE	del_8	3
HepG2_skew	(-Inf,-1.5)	PLS	ULTRARARE	del_9	1
HepG2_skew	(-Inf,-1.5)	PLS	ULTRARARE	ins_1	6
HepG2_skew	(-Inf,-1.5)	PLS	ULTRARARE	ins_2	7
HepG2_skew	(-Inf,-1.5)	PLS	ULTRARARE	ins_4	2
HepG2_skew	(-Inf,-1.5)	PLS	ULTRARARE	ins_7	2
HepG2_skew	(-Inf,-1.5)	dELS	COMMON	del_1	13
HepG2_skew	(-Inf,-1.5)	dELS	COMMON	del_10plus	21
HepG2_skew	(-Inf,-1.5)	dELS	COMMON	del_2	3
HepG2_skew	(-Inf,-1.5)	dELS	COMMON	del_3	1
HepG2_skew	(-Inf,-1.5)	dELS	COMMON	del_4	4
HepG2_skew	(-Inf,-1.5)	dELS	COMMON	del_5	2
HepG2_skew	(-Inf,-1.5)	dELS	COMMON	del_6	3
HepG2_skew	(-Inf,-1.5)	dELS	COMMON	del_7	2
HepG2_skew	(-Inf,-1.5)	dELS	COMMON	del_8	1
HepG2_skew	(-Inf,-1.5)	dELS	COMMON	del_9	1
HepG2_skew	(-Inf,-1.5)	dELS	COMMON	ins_1	5
HepG2_skew	(-Inf,-1.5)	dELS	COMMON	ins_2	1
HepG2_skew	(-Inf,-1.5)	dELS	LOW_FREQ	del_1	20
HepG2_skew	(-Inf,-1.5)	dELS	LOW_FREQ	del_10plus	16
HepG2_skew	(-Inf,-1.5)	dELS	LOW_FREQ	del_2	6
HepG2_skew	(-Inf,-1.5)	dELS	LOW_FREQ	del_3	4
HepG2_skew	(-Inf,-1.5)	dELS	LOW_FREQ	del_4	6
HepG2_skew	(-Inf,-1.5)	dELS	LOW_FREQ	del_5	1
HepG2_skew	(-Inf,-1.5)	dELS	LOW_FREQ	del_6	2
HepG2_skew	(-Inf,-1.5)	dELS	LOW_FREQ	del_7	2
HepG2_skew	(-Inf,-1.5)	dELS	LOW_FREQ	del_8	4
HepG2_skew	(-Inf,-1.5)	dELS	LOW_FREQ	del_9	2
HepG2_skew	(-Inf,-1.5)	dELS	LOW_FREQ	ins_1	2
HepG2_skew	(-Inf,-1.5)	dELS	LOW_FREQ	ins_10plus	1
HepG2_skew	(-Inf,-1.5)	dELS	LOW_FREQ	ins_2	3
HepG2_skew	(-Inf,-1.5)	dELS	LOW_FREQ	ins_4	1
HepG2_skew	(-Inf,-1.5)	dELS	LOW_FREQ	ins_5	1
HepG2_skew	(-Inf,-1.5)	dELS	LOW_FREQ	ins_8	1
HepG2_skew	(-Inf,-1.5)	dELS	RARE	del_1	54
HepG2_skew	(-Inf,-1.5)	dELS	RARE	del_10plus	36
HepG2_skew	(-Inf,-1.5)	dELS	RARE	del_2	16
HepG2_skew	(-Inf,-1.5)	dELS	RARE	del_3	7
HepG2_skew	(-Inf,-1.5)	dELS	RARE	del_4	16
HepG2_skew	(-Inf,-1.5)	dELS	RARE	del_5	2
HepG2_skew	(-Inf,-1.5)	dELS	RARE	del_6	7
HepG2_skew	(-Inf,-1.5)	dELS	RARE	del_7	6
HepG2_skew	(-Inf,-1.5)	dELS	RARE	del_8	2
HepG2_skew	(-Inf,-1.5)	dELS	RARE	del_9	2
HepG2_skew	(-Inf,-1.5)	dELS	RARE	ins_1	9
HepG2_skew	(-Inf,-1.5)	dELS	RARE	ins_2	3
HepG2_skew	(-Inf,-1.5)	dELS	RARE	ins_3	2
HepG2_skew	(-Inf,-1.5)	dELS	RARE	ins_4	2
HepG2_skew	(-Inf,-1.5)	dELS	RARE	ins_5	1
HepG2_skew	(-Inf,-1.5)	dELS	RARE	ins_6	1
HepG2_skew	(-Inf,-1.5)	dELS	RARE	ins_7	2
HepG2_skew	(-Inf,-1.5)	dELS	SINGLETON	del_1	610
HepG2_skew	(-Inf,-1.5)	dELS	SINGLETON	del_10plus	257
HepG2_skew	(-Inf,-1.5)	dELS	SINGLETON	del_2	144
HepG2_skew	(-Inf,-1.5)	dELS	SINGLETON	del_3	82
HepG2_skew	(-Inf,-1.5)	dELS	SINGLETON	del_4	107
HepG2_skew	(-Inf,-1.5)	dELS	SINGLETON	del_5	36
HepG2_skew	(-Inf,-1.5)	dELS	SINGLETON	del_6	58
HepG2_skew	(-Inf,-1.5)	dELS	SINGLETON	del_7	46
HepG2_skew	(-Inf,-1.5)	dELS	SINGLETON	del_8	43
HepG2_skew	(-Inf,-1.5)	dELS	SINGLETON	del_9	18
HepG2_skew	(-Inf,-1.5)	dELS	SINGLETON	ins_1	130
HepG2_skew	(-Inf,-1.5)	dELS	SINGLETON	ins_10plus	8
HepG2_skew	(-Inf,-1.5)	dELS	SINGLETON	ins_2	45
HepG2_skew	(-Inf,-1.5)	dELS	SINGLETON	ins_3	25
HepG2_skew	(-Inf,-1.5)	dELS	SINGLETON	ins_4	18
HepG2_skew	(-Inf,-1.5)	dELS	SINGLETON	ins_5	8
HepG2_skew	(-Inf,-1.5)	dELS	SINGLETON	ins_6	8
HepG2_skew	(-Inf,-1.5)	dELS	SINGLETON	ins_7	1
HepG2_skew	(-Inf,-1.5)	dELS	SINGLETON	ins_8	4
HepG2_skew	(-Inf,-1.5)	dELS	SINGLETON	ins_9	1
HepG2_skew	(-Inf,-1.5)	dELS	ULTRARARE	del_1	356
HepG2_skew	(-Inf,-1.5)	dELS	ULTRARARE	del_10plus	160
HepG2_skew	(-Inf,-1.5)	dELS	ULTRARARE	del_2	69
HepG2_skew	(-Inf,-1.5)	dELS	ULTRARARE	del_3	61
HepG2_skew	(-Inf,-1.5)	dELS	ULTRARARE	del_4	78
HepG2_skew	(-Inf,-1.5)	dELS	ULTRARARE	del_5	24
HepG2_skew	(-Inf,-1.5)	dELS	ULTRARARE	del_6	32
HepG2_skew	(-Inf,-1.5)	dELS	ULTRARARE	del_7	31
HepG2_skew	(-Inf,-1.5)	dELS	ULTRARARE	del_8	21
HepG2_skew	(-Inf,-1.5)	dELS	ULTRARARE	del_9	7
HepG2_skew	(-Inf,-1.5)	dELS	ULTRARARE	ins_1	68
HepG2_skew	(-Inf,-1.5)	dELS	ULTRARARE	ins_10plus	6
HepG2_skew	(-Inf,-1.5)	dELS	ULTRARARE	ins_2	28
HepG2_skew	(-Inf,-1.5)	dELS	ULTRARARE	ins_3	10
HepG2_skew	(-Inf,-1.5)	dELS	ULTRARARE	ins_4	14
HepG2_skew	(-Inf,-1.5)	dELS	ULTRARARE	ins_5	6
HepG2_skew	(-Inf,-1.5)	dELS	ULTRARARE	ins_6	2
HepG2_skew	(-Inf,-1.5)	dELS	ULTRARARE	ins_7	1
HepG2_skew	(-Inf,-1.5)	dELS	ULTRARARE	ins_8	3
HepG2_skew	(-Inf,-1.5)	dELS	ULTRARARE	ins_9	4
HepG2_skew	(-Inf,-1.5)	non-cCRE	COMMON	del_1	18
HepG2_skew	(-Inf,-1.5)	non-cCRE	COMMON	del_10plus	17
HepG2_skew	(-Inf,-1.5)	non-cCRE	COMMON	del_2	9
HepG2_skew	(-Inf,-1.5)	non-cCRE	COMMON	del_3	3
HepG2_skew	(-Inf,-1.5)	non-cCRE	COMMON	del_4	4
HepG2_skew	(-Inf,-1.5)	non-cCRE	COMMON	del_6	6
HepG2_skew	(-Inf,-1.5)	non-cCRE	COMMON	del_7	1
HepG2_skew	(-Inf,-1.5)	non-cCRE	COMMON	del_8	2
HepG2_skew	(-Inf,-1.5)	non-cCRE	COMMON	del_9	2
HepG2_skew	(-Inf,-1.5)	non-cCRE	COMMON	ins_1	10
HepG2_skew	(-Inf,-1.5)	non-cCRE	COMMON	ins_10plus	1
HepG2_skew	(-Inf,-1.5)	non-cCRE	COMMON	ins_2	3
HepG2_skew	(-Inf,-1.5)	non-cCRE	COMMON	ins_4	1
HepG2_skew	(-Inf,-1.5)	non-cCRE	COMMON	ins_5	1
HepG2_skew	(-Inf,-1.5)	non-cCRE	COMMON	ins_6	1
HepG2_skew	(-Inf,-1.5)	non-cCRE	COMMON	ins_9	1
HepG2_skew	(-Inf,-1.5)	non-cCRE	LOW_FREQ	del_1	28
HepG2_skew	(-Inf,-1.5)	non-cCRE	LOW_FREQ	del_10plus	15
HepG2_skew	(-Inf,-1.5)	non-cCRE	LOW_FREQ	del_2	5
HepG2_skew	(-Inf,-1.5)	non-cCRE	LOW_FREQ	del_3	4
HepG2_skew	(-Inf,-1.5)	non-cCRE	LOW_FREQ	del_4	5
HepG2_skew	(-Inf,-1.5)	non-cCRE	LOW_FREQ	del_6	1
HepG2_skew	(-Inf,-1.5)	non-cCRE	LOW_FREQ	del_7	3
HepG2_skew	(-Inf,-1.5)	non-cCRE	LOW_FREQ	ins_1	5
HepG2_skew	(-Inf,-1.5)	non-cCRE	LOW_FREQ	ins_10plus	2
HepG2_skew	(-Inf,-1.5)	non-cCRE	LOW_FREQ	ins_2	6
HepG2_skew	(-Inf,-1.5)	non-cCRE	LOW_FREQ	ins_3	1
HepG2_skew	(-Inf,-1.5)	non-cCRE	LOW_FREQ	ins_4	1
HepG2_skew	(-Inf,-1.5)	non-cCRE	LOW_FREQ	ins_5	1
HepG2_skew	(-Inf,-1.5)	non-cCRE	RARE	del_1	55
HepG2_skew	(-Inf,-1.5)	non-cCRE	RARE	del_10plus	32
HepG2_skew	(-Inf,-1.5)	non-cCRE	RARE	del_2	25
HepG2_skew	(-Inf,-1.5)	non-cCRE	RARE	del_3	11
HepG2_skew	(-Inf,-1.5)	non-cCRE	RARE	del_4	13
HepG2_skew	(-Inf,-1.5)	non-cCRE	RARE	del_6	2
HepG2_skew	(-Inf,-1.5)	non-cCRE	RARE	del_7	5
HepG2_skew	(-Inf,-1.5)	non-cCRE	RARE	del_8	5
HepG2_skew	(-Inf,-1.5)	non-cCRE	RARE	del_9	2
HepG2_skew	(-Inf,-1.5)	non-cCRE	RARE	ins_1	13
HepG2_skew	(-Inf,-1.5)	non-cCRE	RARE	ins_10plus	5
HepG2_skew	(-Inf,-1.5)	non-cCRE	RARE	ins_2	10
HepG2_skew	(-Inf,-1.5)	non-cCRE	RARE	ins_3	1
HepG2_skew	(-Inf,-1.5)	non-cCRE	RARE	ins_4	5
HepG2_skew	(-Inf,-1.5)	non-cCRE	RARE	ins_5	1
HepG2_skew	(-Inf,-1.5)	non-cCRE	RARE	ins_7	1
HepG2_skew	(-Inf,-1.5)	non-cCRE	RARE	ins_8	1
HepG2_skew	(-Inf,-1.5)	non-cCRE	RARE	ins_9	2
HepG2_skew	(-Inf,-1.5)	non-cCRE	SINGLETON	del_1	713
HepG2_skew	(-Inf,-1.5)	non-cCRE	SINGLETON	del_10plus	246
HepG2_skew	(-Inf,-1.5)	non-cCRE	SINGLETON	del_2	139
HepG2_skew	(-Inf,-1.5)	non-cCRE	SINGLETON	del_3	78
HepG2_skew	(-Inf,-1.5)	non-cCRE	SINGLETON	del_4	101
HepG2_skew	(-Inf,-1.5)	non-cCRE	SINGLETON	del_5	40
HepG2_skew	(-Inf,-1.5)	non-cCRE	SINGLETON	del_6	48
HepG2_skew	(-Inf,-1.5)	non-cCRE	SINGLETON	del_7	55
HepG2_skew	(-Inf,-1.5)	non-cCRE	SINGLETON	del_8	43
HepG2_skew	(-Inf,-1.5)	non-cCRE	SINGLETON	del_9	37
HepG2_skew	(-Inf,-1.5)	non-cCRE	SINGLETON	ins_1	123
HepG2_skew	(-Inf,-1.5)	non-cCRE	SINGLETON	ins_10plus	19
HepG2_skew	(-Inf,-1.5)	non-cCRE	SINGLETON	ins_2	79
HepG2_skew	(-Inf,-1.5)	non-cCRE	SINGLETON	ins_3	30
HepG2_skew	(-Inf,-1.5)	non-cCRE	SINGLETON	ins_4	34
HepG2_skew	(-Inf,-1.5)	non-cCRE	SINGLETON	ins_5	13
HepG2_skew	(-Inf,-1.5)	non-cCRE	SINGLETON	ins_6	15
HepG2_skew	(-Inf,-1.5)	non-cCRE	SINGLETON	ins_7	8
HepG2_skew	(-Inf,-1.5)	non-cCRE	SINGLETON	ins_8	1
HepG2_skew	(-Inf,-1.5)	non-cCRE	SINGLETON	ins_9	5
HepG2_skew	(-Inf,-1.5)	non-cCRE	ULTRARARE	del_1	372
HepG2_skew	(-Inf,-1.5)	non-cCRE	ULTRARARE	del_10plus	146
HepG2_skew	(-Inf,-1.5)	non-cCRE	ULTRARARE	del_2	91
HepG2_skew	(-Inf,-1.5)	non-cCRE	ULTRARARE	del_3	50
HepG2_skew	(-Inf,-1.5)	non-cCRE	ULTRARARE	del_4	83
HepG2_skew	(-Inf,-1.5)	non-cCRE	ULTRARARE	del_5	25
HepG2_skew	(-Inf,-1.5)	non-cCRE	ULTRARARE	del_6	37
HepG2_skew	(-Inf,-1.5)	non-cCRE	ULTRARARE	del_7	48
HepG2_skew	(-Inf,-1.5)	non-cCRE	ULTRARARE	del_8	30
HepG2_skew	(-Inf,-1.5)	non-cCRE	ULTRARARE	del_9	12
HepG2_skew	(-Inf,-1.5)	non-cCRE	ULTRARARE	ins_1	72
HepG2_skew	(-Inf,-1.5)	non-cCRE	ULTRARARE	ins_10plus	16
HepG2_skew	(-Inf,-1.5)	non-cCRE	ULTRARARE	ins_2	43
HepG2_skew	(-Inf,-1.5)	non-cCRE	ULTRARARE	ins_3	16
HepG2_skew	(-Inf,-1.5)	non-cCRE	ULTRARARE	ins_4	19
HepG2_skew	(-Inf,-1.5)	non-cCRE	ULTRARARE	ins_5	4
HepG2_skew	(-Inf,-1.5)	non-cCRE	ULTRARARE	ins_6	5
HepG2_skew	(-Inf,-1.5)	non-cCRE	ULTRARARE	ins_7	1
HepG2_skew	(-Inf,-1.5)	non-cCRE	ULTRARARE	ins_8	3
HepG2_skew	(-Inf,-1.5)	non-cCRE	ULTRARARE	ins_9	1
HepG2_skew	(-Inf,-1.5)	pELS	COMMON	del_2	1
HepG2_skew	(-Inf,-1.5)	pELS	COMMON	del_7	1
HepG2_skew	(-Inf,-1.5)	pELS	COMMON	ins_2	1
HepG2_skew	(-Inf,-1.5)	pELS	LOW_FREQ	del_1	3
HepG2_skew	(-Inf,-1.5)	pELS	LOW_FREQ	del_10plus	4
HepG2_skew	(-Inf,-1.5)	pELS	LOW_FREQ	del_3	1
HepG2_skew	(-Inf,-1.5)	pELS	LOW_FREQ	del_6	2
HepG2_skew	(-Inf,-1.5)	pELS	LOW_FREQ	del_8	1
HepG2_skew	(-Inf,-1.5)	pELS	RARE	del_1	12
HepG2_skew	(-Inf,-1.5)	pELS	RARE	del_10plus	3
HepG2_skew	(-Inf,-1.5)	pELS	RARE	del_3	5
HepG2_skew	(-Inf,-1.5)	pELS	RARE	del_5	1
HepG2_skew	(-Inf,-1.5)	pELS	RARE	del_6	1
HepG2_skew	(-Inf,-1.5)	pELS	RARE	del_9	1
HepG2_skew	(-Inf,-1.5)	pELS	RARE	ins_1	1
HepG2_skew	(-Inf,-1.5)	pELS	RARE	ins_2	2
HepG2_skew	(-Inf,-1.5)	pELS	RARE	ins_3	2
HepG2_skew	(-Inf,-1.5)	pELS	RARE	ins_5	1
HepG2_skew	(-Inf,-1.5)	pELS	SINGLETON	del_1	97
HepG2_skew	(-Inf,-1.5)	pELS	SINGLETON	del_10plus	37
HepG2_skew	(-Inf,-1.5)	pELS	SINGLETON	del_2	27
HepG2_skew	(-Inf,-1.5)	pELS	SINGLETON	del_3	11
HepG2_skew	(-Inf,-1.5)	pELS	SINGLETON	del_4	15
HepG2_skew	(-Inf,-1.5)	pELS	SINGLETON	del_5	7
HepG2_skew	(-Inf,-1.5)	pELS	SINGLETON	del_6	7
HepG2_skew	(-Inf,-1.5)	pELS	SINGLETON	del_7	11
HepG2_skew	(-Inf,-1.5)	pELS	SINGLETON	del_8	9
HepG2_skew	(-Inf,-1.5)	pELS	SINGLETON	del_9	2
HepG2_skew	(-Inf,-1.5)	pELS	SINGLETON	ins_1	19
HepG2_skew	(-Inf,-1.5)	pELS	SINGLETON	ins_10plus	2
HepG2_skew	(-Inf,-1.5)	pELS	SINGLETON	ins_2	10
HepG2_skew	(-Inf,-1.5)	pELS	SINGLETON	ins_3	3
HepG2_skew	(-Inf,-1.5)	pELS	SINGLETON	ins_4	2
HepG2_skew	(-Inf,-1.5)	pELS	SINGLETON	ins_5	2
HepG2_skew	(-Inf,-1.5)	pELS	SINGLETON	ins_7	1
HepG2_skew	(-Inf,-1.5)	pELS	SINGLETON	ins_9	2
HepG2_skew	(-Inf,-1.5)	pELS	ULTRARARE	del_1	50
HepG2_skew	(-Inf,-1.5)	pELS	ULTRARARE	del_10plus	36
HepG2_skew	(-Inf,-1.5)	pELS	ULTRARARE	del_2	13
HepG2_skew	(-Inf,-1.5)	pELS	ULTRARARE	del_3	5
HepG2_skew	(-Inf,-1.5)	pELS	ULTRARARE	del_4	10
HepG2_skew	(-Inf,-1.5)	pELS	ULTRARARE	del_5	1
HepG2_skew	(-Inf,-1.5)	pELS	ULTRARARE	del_6	4
HepG2_skew	(-Inf,-1.5)	pELS	ULTRARARE	del_7	3
HepG2_skew	(-Inf,-1.5)	pELS	ULTRARARE	del_8	3
HepG2_skew	(-Inf,-1.5)	pELS	ULTRARARE	del_9	6
HepG2_skew	(-Inf,-1.5)	pELS	ULTRARARE	ins_1	8
HepG2_skew	(-Inf,-1.5)	pELS	ULTRARARE	ins_10plus	4
HepG2_skew	(-Inf,-1.5)	pELS	ULTRARARE	ins_2	3
HepG2_skew	(-Inf,-1.5)	pELS	ULTRARARE	ins_3	1
HepG2_skew	(-Inf,-1.5)	pELS	ULTRARARE	ins_6	1
HepG2_skew	[-0.05,0.05)	Other cCREs	COMMON	del_1	20787
HepG2_skew	[-0.05,0.05)	Other cCREs	COMMON	del_10plus	3707
HepG2_skew	[-0.05,0.05)	Other cCREs	COMMON	del_2	12760
HepG2_skew	[-0.05,0.05)	Other cCREs	COMMON	del_3	3984
HepG2_skew	[-0.05,0.05)	Other cCREs	COMMON	del_4	10685
HepG2_skew	[-0.05,0.05)	Other cCREs	COMMON	del_5	1446
HepG2_skew	[-0.05,0.05)	Other cCREs	COMMON	del_6	2445
HepG2_skew	[-0.05,0.05)	Other cCREs	COMMON	del_7	513
HepG2_skew	[-0.05,0.05)	Other cCREs	COMMON	del_8	3801
HepG2_skew	[-0.05,0.05)	Other cCREs	COMMON	del_9	284
HepG2_skew	[-0.05,0.05)	Other cCREs	COMMON	ins_1	22794
HepG2_skew	[-0.05,0.05)	Other cCREs	COMMON	ins_10plus	2980
HepG2_skew	[-0.05,0.05)	Other cCREs	COMMON	ins_2	13406
HepG2_skew	[-0.05,0.05)	Other cCREs	COMMON	ins_3	3358
HepG2_skew	[-0.05,0.05)	Other cCREs	COMMON	ins_4	10061
HepG2_skew	[-0.05,0.05)	Other cCREs	COMMON	ins_5	1231
HepG2_skew	[-0.05,0.05)	Other cCREs	COMMON	ins_6	2747
HepG2_skew	[-0.05,0.05)	Other cCREs	COMMON	ins_7	499
HepG2_skew	[-0.05,0.05)	Other cCREs	COMMON	ins_8	4066
HepG2_skew	[-0.05,0.05)	Other cCREs	COMMON	ins_9	237
HepG2_skew	[-0.05,0.05)	Other cCREs	LOW_FREQ	del_1	18191
HepG2_skew	[-0.05,0.05)	Other cCREs	LOW_FREQ	del_10plus	3876
HepG2_skew	[-0.05,0.05)	Other cCREs	LOW_FREQ	del_2	10916
HepG2_skew	[-0.05,0.05)	Other cCREs	LOW_FREQ	del_3	4811
HepG2_skew	[-0.05,0.05)	Other cCREs	LOW_FREQ	del_4	7527
HepG2_skew	[-0.05,0.05)	Other cCREs	LOW_FREQ	del_5	1686
HepG2_skew	[-0.05,0.05)	Other cCREs	LOW_FREQ	del_6	1990
HepG2_skew	[-0.05,0.05)	Other cCREs	LOW_FREQ	del_7	685
HepG2_skew	[-0.05,0.05)	Other cCREs	LOW_FREQ	del_8	2433
HepG2_skew	[-0.05,0.05)	Other cCREs	LOW_FREQ	del_9	366
HepG2_skew	[-0.05,0.05)	Other cCREs	LOW_FREQ	ins_1	16706
HepG2_skew	[-0.05,0.05)	Other cCREs	LOW_FREQ	ins_10plus	4669
HepG2_skew	[-0.05,0.05)	Other cCREs	LOW_FREQ	ins_2	9319
HepG2_skew	[-0.05,0.05)	Other cCREs	LOW_FREQ	ins_3	3464
HepG2_skew	[-0.05,0.05)	Other cCREs	LOW_FREQ	ins_4	5653
HepG2_skew	[-0.05,0.05)	Other cCREs	LOW_FREQ	ins_5	1436
HepG2_skew	[-0.05,0.05)	Other cCREs	LOW_FREQ	ins_6	2585
HepG2_skew	[-0.05,0.05)	Other cCREs	LOW_FREQ	ins_7	780
HepG2_skew	[-0.05,0.05)	Other cCREs	LOW_FREQ	ins_8	3230
HepG2_skew	[-0.05,0.05)	Other cCREs	LOW_FREQ	ins_9	445
HepG2_skew	[-0.05,0.05)	Other cCREs	RARE	del_1	34330
HepG2_skew	[-0.05,0.05)	Other cCREs	RARE	del_10plus	6463
HepG2_skew	[-0.05,0.05)	Other cCREs	RARE	del_2	23398
HepG2_skew	[-0.05,0.05)	Other cCREs	RARE	del_3	11417
HepG2_skew	[-0.05,0.05)	Other cCREs	RARE	del_4	15488
HepG2_skew	[-0.05,0.05)	Other cCREs	RARE	del_5	3911
HepG2_skew	[-0.05,0.05)	Other cCREs	RARE	del_6	3552
HepG2_skew	[-0.05,0.05)	Other cCREs	RARE	del_7	1613
HepG2_skew	[-0.05,0.05)	Other cCREs	RARE	del_8	3150
HepG2_skew	[-0.05,0.05)	Other cCREs	RARE	del_9	769
HepG2_skew	[-0.05,0.05)	Other cCREs	RARE	ins_1	28469
HepG2_skew	[-0.05,0.05)	Other cCREs	RARE	ins_10plus	7634
HepG2_skew	[-0.05,0.05)	Other cCREs	RARE	ins_2	13778
HepG2_skew	[-0.05,0.05)	Other cCREs	RARE	ins_3	5758
HepG2_skew	[-0.05,0.05)	Other cCREs	RARE	ins_4	8487
HepG2_skew	[-0.05,0.05)	Other cCREs	RARE	ins_5	2772
HepG2_skew	[-0.05,0.05)	Other cCREs	RARE	ins_6	3598
HepG2_skew	[-0.05,0.05)	Other cCREs	RARE	ins_7	1685
HepG2_skew	[-0.05,0.05)	Other cCREs	RARE	ins_8	4068
HepG2_skew	[-0.05,0.05)	Other cCREs	RARE	ins_9	904
HepG2_skew	[-0.05,0.05)	Other cCREs	SINGLETON	del_1	272170
HepG2_skew	[-0.05,0.05)	Other cCREs	SINGLETON	del_10plus	19456
HepG2_skew	[-0.05,0.05)	Other cCREs	SINGLETON	del_2	112438
HepG2_skew	[-0.05,0.05)	Other cCREs	SINGLETON	del_3	62470
HepG2_skew	[-0.05,0.05)	Other cCREs	SINGLETON	del_4	56826
HepG2_skew	[-0.05,0.05)	Other cCREs	SINGLETON	del_5	21199
HepG2_skew	[-0.05,0.05)	Other cCREs	SINGLETON	del_6	12880
HepG2_skew	[-0.05,0.05)	Other cCREs	SINGLETON	del_7	7690
HepG2_skew	[-0.05,0.05)	Other cCREs	SINGLETON	del_8	8117
HepG2_skew	[-0.05,0.05)	Other cCREs	SINGLETON	del_9	3965
HepG2_skew	[-0.05,0.05)	Other cCREs	SINGLETON	ins_1	139382
HepG2_skew	[-0.05,0.05)	Other cCREs	SINGLETON	ins_10plus	17529
HepG2_skew	[-0.05,0.05)	Other cCREs	SINGLETON	ins_2	42291
HepG2_skew	[-0.05,0.05)	Other cCREs	SINGLETON	ins_3	20720
HepG2_skew	[-0.05,0.05)	Other cCREs	SINGLETON	ins_4	28403
HepG2_skew	[-0.05,0.05)	Other cCREs	SINGLETON	ins_5	9421
HepG2_skew	[-0.05,0.05)	Other cCREs	SINGLETON	ins_6	8901
HepG2_skew	[-0.05,0.05)	Other cCREs	SINGLETON	ins_7	5450
HepG2_skew	[-0.05,0.05)	Other cCREs	SINGLETON	ins_8	9592
HepG2_skew	[-0.05,0.05)	Other cCREs	SINGLETON	ins_9	2895
HepG2_skew	[-0.05,0.05)	Other cCREs	ULTRARARE	del_1	166603
HepG2_skew	[-0.05,0.05)	Other cCREs	ULTRARARE	del_10plus	16608
HepG2_skew	[-0.05,0.05)	Other cCREs	ULTRARARE	del_2	88181
HepG2_skew	[-0.05,0.05)	Other cCREs	ULTRARARE	del_3	50258
HepG2_skew	[-0.05,0.05)	Other cCREs	ULTRARARE	del_4	55259
HepG2_skew	[-0.05,0.05)	Other cCREs	ULTRARARE	del_5	16930
HepG2_skew	[-0.05,0.05)	Other cCREs	ULTRARARE	del_6	10709
HepG2_skew	[-0.05,0.05)	Other cCREs	ULTRARARE	del_7	5378
HepG2_skew	[-0.05,0.05)	Other cCREs	ULTRARARE	del_8	7384
HepG2_skew	[-0.05,0.05)	Other cCREs	ULTRARARE	del_9	2762
HepG2_skew	[-0.05,0.05)	Other cCREs	ULTRARARE	ins_1	104533
HepG2_skew	[-0.05,0.05)	Other cCREs	ULTRARARE	ins_10plus	15465
HepG2_skew	[-0.05,0.05)	Other cCREs	ULTRARARE	ins_2	35364
HepG2_skew	[-0.05,0.05)	Other cCREs	ULTRARARE	ins_3	15746
HepG2_skew	[-0.05,0.05)	Other cCREs	ULTRARARE	ins_4	22251
HepG2_skew	[-0.05,0.05)	Other cCREs	ULTRARARE	ins_5	7531
HepG2_skew	[-0.05,0.05)	Other cCREs	ULTRARARE	ins_6	7716
HepG2_skew	[-0.05,0.05)	Other cCREs	ULTRARARE	ins_7	4403
HepG2_skew	[-0.05,0.05)	Other cCREs	ULTRARARE	ins_8	8357
HepG2_skew	[-0.05,0.05)	Other cCREs	ULTRARARE	ins_9	2256
HepG2_skew	[-0.05,0.05)	PLS	COMMON	del_1	795
HepG2_skew	[-0.05,0.05)	PLS	COMMON	del_10plus	114
HepG2_skew	[-0.05,0.05)	PLS	COMMON	del_2	395
HepG2_skew	[-0.05,0.05)	PLS	COMMON	del_3	115
HepG2_skew	[-0.05,0.05)	PLS	COMMON	del_4	164
HepG2_skew	[-0.05,0.05)	PLS	COMMON	del_5	39
HepG2_skew	[-0.05,0.05)	PLS	COMMON	del_6	87
HepG2_skew	[-0.05,0.05)	PLS	COMMON	del_7	18
HepG2_skew	[-0.05,0.05)	PLS	COMMON	del_8	58
HepG2_skew	[-0.05,0.05)	PLS	COMMON	del_9	16
HepG2_skew	[-0.05,0.05)	PLS	COMMON	ins_1	947
HepG2_skew	[-0.05,0.05)	PLS	COMMON	ins_10plus	117
HepG2_skew	[-0.05,0.05)	PLS	COMMON	ins_2	493
HepG2_skew	[-0.05,0.05)	PLS	COMMON	ins_3	159
HepG2_skew	[-0.05,0.05)	PLS	COMMON	ins_4	173
HepG2_skew	[-0.05,0.05)	PLS	COMMON	ins_5	55
HepG2_skew	[-0.05,0.05)	PLS	COMMON	ins_6	145
HepG2_skew	[-0.05,0.05)	PLS	COMMON	ins_7	30
HepG2_skew	[-0.05,0.05)	PLS	COMMON	ins_8	65
HepG2_skew	[-0.05,0.05)	PLS	COMMON	ins_9	14
HepG2_skew	[-0.05,0.05)	PLS	LOW_FREQ	del_1	672
HepG2_skew	[-0.05,0.05)	PLS	LOW_FREQ	del_10plus	155
HepG2_skew	[-0.05,0.05)	PLS	LOW_FREQ	del_2	349
HepG2_skew	[-0.05,0.05)	PLS	LOW_FREQ	del_3	136
HepG2_skew	[-0.05,0.05)	PLS	LOW_FREQ	del_4	142
HepG2_skew	[-0.05,0.05)	PLS	LOW_FREQ	del_5	41
HepG2_skew	[-0.05,0.05)	PLS	LOW_FREQ	del_6	64
HepG2_skew	[-0.05,0.05)	PLS	LOW_FREQ	del_7	25
HepG2_skew	[-0.05,0.05)	PLS	LOW_FREQ	del_8	55
HepG2_skew	[-0.05,0.05)	PLS	LOW_FREQ	del_9	30
HepG2_skew	[-0.05,0.05)	PLS	LOW_FREQ	ins_1	759
HepG2_skew	[-0.05,0.05)	PLS	LOW_FREQ	ins_10plus	217
HepG2_skew	[-0.05,0.05)	PLS	LOW_FREQ	ins_2	338
HepG2_skew	[-0.05,0.05)	PLS	LOW_FREQ	ins_3	181
HepG2_skew	[-0.05,0.05)	PLS	LOW_FREQ	ins_4	162
HepG2_skew	[-0.05,0.05)	PLS	LOW_FREQ	ins_5	98
HepG2_skew	[-0.05,0.05)	PLS	LOW_FREQ	ins_6	145
HepG2_skew	[-0.05,0.05)	PLS	LOW_FREQ	ins_7	51
HepG2_skew	[-0.05,0.05)	PLS	LOW_FREQ	ins_8	67
HepG2_skew	[-0.05,0.05)	PLS	LOW_FREQ	ins_9	37
HepG2_skew	[-0.05,0.05)	PLS	RARE	del_1	1476
HepG2_skew	[-0.05,0.05)	PLS	RARE	del_10plus	295
HepG2_skew	[-0.05,0.05)	PLS	RARE	del_2	739
HepG2_skew	[-0.05,0.05)	PLS	RARE	del_3	317
HepG2_skew	[-0.05,0.05)	PLS	RARE	del_4	326
HepG2_skew	[-0.05,0.05)	PLS	RARE	del_5	111
HepG2_skew	[-0.05,0.05)	PLS	RARE	del_6	142
HepG2_skew	[-0.05,0.05)	PLS	RARE	del_7	59
HepG2_skew	[-0.05,0.05)	PLS	RARE	del_8	80
HepG2_skew	[-0.05,0.05)	PLS	RARE	del_9	52
HepG2_skew	[-0.05,0.05)	PLS	RARE	ins_1	1496
HepG2_skew	[-0.05,0.05)	PLS	RARE	ins_10plus	453
HepG2_skew	[-0.05,0.05)	PLS	RARE	ins_2	524
HepG2_skew	[-0.05,0.05)	PLS	RARE	ins_3	321
HepG2_skew	[-0.05,0.05)	PLS	RARE	ins_4	266
HepG2_skew	[-0.05,0.05)	PLS	RARE	ins_5	197
HepG2_skew	[-0.05,0.05)	PLS	RARE	ins_6	235
HepG2_skew	[-0.05,0.05)	PLS	RARE	ins_7	98
HepG2_skew	[-0.05,0.05)	PLS	RARE	ins_8	130
HepG2_skew	[-0.05,0.05)	PLS	RARE	ins_9	80
HepG2_skew	[-0.05,0.05)	PLS	SINGLETON	del_1	11821
HepG2_skew	[-0.05,0.05)	PLS	SINGLETON	del_10plus	1166
HepG2_skew	[-0.05,0.05)	PLS	SINGLETON	del_2	4052
HepG2_skew	[-0.05,0.05)	PLS	SINGLETON	del_3	1994
HepG2_skew	[-0.05,0.05)	PLS	SINGLETON	del_4	1511
HepG2_skew	[-0.05,0.05)	PLS	SINGLETON	del_5	617
HepG2_skew	[-0.05,0.05)	PLS	SINGLETON	del_6	517
HepG2_skew	[-0.05,0.05)	PLS	SINGLETON	del_7	351
HepG2_skew	[-0.05,0.05)	PLS	SINGLETON	del_8	318
HepG2_skew	[-0.05,0.05)	PLS	SINGLETON	del_9	207
HepG2_skew	[-0.05,0.05)	PLS	SINGLETON	ins_1	7906
HepG2_skew	[-0.05,0.05)	PLS	SINGLETON	ins_10plus	1430
HepG2_skew	[-0.05,0.05)	PLS	SINGLETON	ins_2	2057
HepG2_skew	[-0.05,0.05)	PLS	SINGLETON	ins_3	1049
HepG2_skew	[-0.05,0.05)	PLS	SINGLETON	ins_4	1021
HepG2_skew	[-0.05,0.05)	PLS	SINGLETON	ins_5	624
HepG2_skew	[-0.05,0.05)	PLS	SINGLETON	ins_6	681
HepG2_skew	[-0.05,0.05)	PLS	SINGLETON	ins_7	390
HepG2_skew	[-0.05,0.05)	PLS	SINGLETON	ins_8	380
HepG2_skew	[-0.05,0.05)	PLS	SINGLETON	ins_9	192
HepG2_skew	[-0.05,0.05)	PLS	ULTRARARE	del_1	7483
HepG2_skew	[-0.05,0.05)	PLS	ULTRARARE	del_10plus	892
HepG2_skew	[-0.05,0.05)	PLS	ULTRARARE	del_2	3177
HepG2_skew	[-0.05,0.05)	PLS	ULTRARARE	del_3	1483
HepG2_skew	[-0.05,0.05)	PLS	ULTRARARE	del_4	1304
HepG2_skew	[-0.05,0.05)	PLS	ULTRARARE	del_5	463
HepG2_skew	[-0.05,0.05)	PLS	ULTRARARE	del_6	417
HepG2_skew	[-0.05,0.05)	PLS	ULTRARARE	del_7	223
HepG2_skew	[-0.05,0.05)	PLS	ULTRARARE	del_8	237
HepG2_skew	[-0.05,0.05)	PLS	ULTRARARE	del_9	159
HepG2_skew	[-0.05,0.05)	PLS	ULTRARARE	ins_1	5907
HepG2_skew	[-0.05,0.05)	PLS	ULTRARARE	ins_10plus	1300
HepG2_skew	[-0.05,0.05)	PLS	ULTRARARE	ins_2	1542
HepG2_skew	[-0.05,0.05)	PLS	ULTRARARE	ins_3	861
HepG2_skew	[-0.05,0.05)	PLS	ULTRARARE	ins_4	750
HepG2_skew	[-0.05,0.05)	PLS	ULTRARARE	ins_5	584
HepG2_skew	[-0.05,0.05)	PLS	ULTRARARE	ins_6	660
HepG2_skew	[-0.05,0.05)	PLS	ULTRARARE	ins_7	298
HepG2_skew	[-0.05,0.05)	PLS	ULTRARARE	ins_8	327
HepG2_skew	[-0.05,0.05)	PLS	ULTRARARE	ins_9	203
HepG2_skew	[-0.05,0.05)	dELS	COMMON	del_1	44515
HepG2_skew	[-0.05,0.05)	dELS	COMMON	del_10plus	4061
HepG2_skew	[-0.05,0.05)	dELS	COMMON	del_2	26263
HepG2_skew	[-0.05,0.05)	dELS	COMMON	del_3	6957
HepG2_skew	[-0.05,0.05)	dELS	COMMON	del_4	12746
HepG2_skew	[-0.05,0.05)	dELS	COMMON	del_5	2305
HepG2_skew	[-0.05,0.05)	dELS	COMMON	del_6	5198
HepG2_skew	[-0.05,0.05)	dELS	COMMON	del_7	908
HepG2_skew	[-0.05,0.05)	dELS	COMMON	del_8	3543
HepG2_skew	[-0.05,0.05)	dELS	COMMON	del_9	461
HepG2_skew	[-0.05,0.05)	dELS	COMMON	ins_1	50316
HepG2_skew	[-0.05,0.05)	dELS	COMMON	ins_10plus	4043
HepG2_skew	[-0.05,0.05)	dELS	COMMON	ins_2	28957
HepG2_skew	[-0.05,0.05)	dELS	COMMON	ins_3	6280
HepG2_skew	[-0.05,0.05)	dELS	COMMON	ins_4	12608
HepG2_skew	[-0.05,0.05)	dELS	COMMON	ins_5	2072
HepG2_skew	[-0.05,0.05)	dELS	COMMON	ins_6	6196
HepG2_skew	[-0.05,0.05)	dELS	COMMON	ins_7	834
HepG2_skew	[-0.05,0.05)	dELS	COMMON	ins_8	4264
HepG2_skew	[-0.05,0.05)	dELS	COMMON	ins_9	418
HepG2_skew	[-0.05,0.05)	dELS	LOW_FREQ	del_1	39147
HepG2_skew	[-0.05,0.05)	dELS	LOW_FREQ	del_10plus	4736
HepG2_skew	[-0.05,0.05)	dELS	LOW_FREQ	del_2	22273
HepG2_skew	[-0.05,0.05)	dELS	LOW_FREQ	del_3	8645
HepG2_skew	[-0.05,0.05)	dELS	LOW_FREQ	del_4	11226
HepG2_skew	[-0.05,0.05)	dELS	LOW_FREQ	del_5	2892
HepG2_skew	[-0.05,0.05)	dELS	LOW_FREQ	del_6	3995
HepG2_skew	[-0.05,0.05)	dELS	LOW_FREQ	del_7	1136
HepG2_skew	[-0.05,0.05)	dELS	LOW_FREQ	del_8	2688
HepG2_skew	[-0.05,0.05)	dELS	LOW_FREQ	del_9	608
HepG2_skew	[-0.05,0.05)	dELS	LOW_FREQ	ins_1	36866
HepG2_skew	[-0.05,0.05)	dELS	LOW_FREQ	ins_10plus	6458
HepG2_skew	[-0.05,0.05)	dELS	LOW_FREQ	ins_2	19713
HepG2_skew	[-0.05,0.05)	dELS	LOW_FREQ	ins_3	6526
HepG2_skew	[-0.05,0.05)	dELS	LOW_FREQ	ins_4	9290
HepG2_skew	[-0.05,0.05)	dELS	LOW_FREQ	ins_5	2704
HepG2_skew	[-0.05,0.05)	dELS	LOW_FREQ	ins_6	5466
HepG2_skew	[-0.05,0.05)	dELS	LOW_FREQ	ins_7	1326
HepG2_skew	[-0.05,0.05)	dELS	LOW_FREQ	ins_8	4063
HepG2_skew	[-0.05,0.05)	dELS	LOW_FREQ	ins_9	674
HepG2_skew	[-0.05,0.05)	dELS	RARE	del_1	72962
HepG2_skew	[-0.05,0.05)	dELS	RARE	del_10plus	9266
HepG2_skew	[-0.05,0.05)	dELS	RARE	del_2	48209
HepG2_skew	[-0.05,0.05)	dELS	RARE	del_3	21081
HepG2_skew	[-0.05,0.05)	dELS	RARE	del_4	23774
HepG2_skew	[-0.05,0.05)	dELS	RARE	del_5	6853
HepG2_skew	[-0.05,0.05)	dELS	RARE	del_6	6682
HepG2_skew	[-0.05,0.05)	dELS	RARE	del_7	2946
HepG2_skew	[-0.05,0.05)	dELS	RARE	del_8	4439
HepG2_skew	[-0.05,0.05)	dELS	RARE	del_9	1382
HepG2_skew	[-0.05,0.05)	dELS	RARE	ins_1	62709
HepG2_skew	[-0.05,0.05)	dELS	RARE	ins_10plus	11526
HepG2_skew	[-0.05,0.05)	dELS	RARE	ins_2	28562
HepG2_skew	[-0.05,0.05)	dELS	RARE	ins_3	11003
HepG2_skew	[-0.05,0.05)	dELS	RARE	ins_4	13630
HepG2_skew	[-0.05,0.05)	dELS	RARE	ins_5	5405
HepG2_skew	[-0.05,0.05)	dELS	RARE	ins_6	7386
HepG2_skew	[-0.05,0.05)	dELS	RARE	ins_7	3009
HepG2_skew	[-0.05,0.05)	dELS	RARE	ins_8	5502
HepG2_skew	[-0.05,0.05)	dELS	RARE	ins_9	1584
HepG2_skew	[-0.05,0.05)	dELS	SINGLETON	del_1	619103
HepG2_skew	[-0.05,0.05)	dELS	SINGLETON	del_10plus	39367
HepG2_skew	[-0.05,0.05)	dELS	SINGLETON	del_2	267805
HepG2_skew	[-0.05,0.05)	dELS	SINGLETON	del_3	134965
HepG2_skew	[-0.05,0.05)	dELS	SINGLETON	del_4	115916
HepG2_skew	[-0.05,0.05)	dELS	SINGLETON	del_5	43072
HepG2_skew	[-0.05,0.05)	dELS	SINGLETON	del_6	26401
HepG2_skew	[-0.05,0.05)	dELS	SINGLETON	del_7	16490
HepG2_skew	[-0.05,0.05)	dELS	SINGLETON	del_8	15669
HepG2_skew	[-0.05,0.05)	dELS	SINGLETON	del_9	7931
HepG2_skew	[-0.05,0.05)	dELS	SINGLETON	ins_1	340446
HepG2_skew	[-0.05,0.05)	dELS	SINGLETON	ins_10plus	29756
HepG2_skew	[-0.05,0.05)	dELS	SINGLETON	ins_2	95372
HepG2_skew	[-0.05,0.05)	dELS	SINGLETON	ins_3	44327
HepG2_skew	[-0.05,0.05)	dELS	SINGLETON	ins_4	51659
HepG2_skew	[-0.05,0.05)	dELS	SINGLETON	ins_5	19295
HepG2_skew	[-0.05,0.05)	dELS	SINGLETON	ins_6	18076
HepG2_skew	[-0.05,0.05)	dELS	SINGLETON	ins_7	11038
HepG2_skew	[-0.05,0.05)	dELS	SINGLETON	ins_8	14755
HepG2_skew	[-0.05,0.05)	dELS	SINGLETON	ins_9	5162
HepG2_skew	[-0.05,0.05)	dELS	ULTRARARE	del_1	368816
HepG2_skew	[-0.05,0.05)	dELS	ULTRARARE	del_10plus	29776
HepG2_skew	[-0.05,0.05)	dELS	ULTRARARE	del_2	198712
HepG2_skew	[-0.05,0.05)	dELS	ULTRARARE	del_3	103800
HepG2_skew	[-0.05,0.05)	dELS	ULTRARARE	del_4	101565
HepG2_skew	[-0.05,0.05)	dELS	ULTRARARE	del_5	31949
HepG2_skew	[-0.05,0.05)	dELS	ULTRARARE	del_6	20774
HepG2_skew	[-0.05,0.05)	dELS	ULTRARARE	del_7	10820
HepG2_skew	[-0.05,0.05)	dELS	ULTRARARE	del_8	12187
HepG2_skew	[-0.05,0.05)	dELS	ULTRARARE	del_9	5364
HepG2_skew	[-0.05,0.05)	dELS	ULTRARARE	ins_1	244043
HepG2_skew	[-0.05,0.05)	dELS	ULTRARARE	ins_10plus	24232
HepG2_skew	[-0.05,0.05)	dELS	ULTRARARE	ins_2	75845
HepG2_skew	[-0.05,0.05)	dELS	ULTRARARE	ins_3	32024
HepG2_skew	[-0.05,0.05)	dELS	ULTRARARE	ins_4	37994
HepG2_skew	[-0.05,0.05)	dELS	ULTRARARE	ins_5	15109
HepG2_skew	[-0.05,0.05)	dELS	ULTRARARE	ins_6	15952
HepG2_skew	[-0.05,0.05)	dELS	ULTRARARE	ins_7	8501
HepG2_skew	[-0.05,0.05)	dELS	ULTRARARE	ins_8	11970
HepG2_skew	[-0.05,0.05)	dELS	ULTRARARE	ins_9	4006
HepG2_skew	[-0.05,0.05)	non-cCRE	COMMON	del_1	409401
HepG2_skew	[-0.05,0.05)	non-cCRE	COMMON	del_10plus	36573
HepG2_skew	[-0.05,0.05)	non-cCRE	COMMON	del_2	205748
HepG2_skew	[-0.05,0.05)	non-cCRE	COMMON	del_3	69730
HepG2_skew	[-0.05,0.05)	non-cCRE	COMMON	del_4	116405
HepG2_skew	[-0.05,0.05)	non-cCRE	COMMON	del_5	28374
HepG2_skew	[-0.05,0.05)	non-cCRE	COMMON	del_6	39801
HepG2_skew	[-0.05,0.05)	non-cCRE	COMMON	del_7	7937
HepG2_skew	[-0.05,0.05)	non-cCRE	COMMON	del_8	28731
HepG2_skew	[-0.05,0.05)	non-cCRE	COMMON	del_9	5363
HepG2_skew	[-0.05,0.05)	non-cCRE	COMMON	ins_1	459481
HepG2_skew	[-0.05,0.05)	non-cCRE	COMMON	ins_10plus	37969
HepG2_skew	[-0.05,0.05)	non-cCRE	COMMON	ins_2	236768
HepG2_skew	[-0.05,0.05)	non-cCRE	COMMON	ins_3	63986
HepG2_skew	[-0.05,0.05)	non-cCRE	COMMON	ins_4	111295
HepG2_skew	[-0.05,0.05)	non-cCRE	COMMON	ins_5	24171
HepG2_skew	[-0.05,0.05)	non-cCRE	COMMON	ins_6	46832
HepG2_skew	[-0.05,0.05)	non-cCRE	COMMON	ins_7	7526
HepG2_skew	[-0.05,0.05)	non-cCRE	COMMON	ins_8	34915
HepG2_skew	[-0.05,0.05)	non-cCRE	COMMON	ins_9	5674
HepG2_skew	[-0.05,0.05)	non-cCRE	LOW_FREQ	del_1	345580
HepG2_skew	[-0.05,0.05)	non-cCRE	LOW_FREQ	del_10plus	40817
HepG2_skew	[-0.05,0.05)	non-cCRE	LOW_FREQ	del_2	174862
HepG2_skew	[-0.05,0.05)	non-cCRE	LOW_FREQ	del_3	80308
HepG2_skew	[-0.05,0.05)	non-cCRE	LOW_FREQ	del_4	107634
HepG2_skew	[-0.05,0.05)	non-cCRE	LOW_FREQ	del_5	33641
HepG2_skew	[-0.05,0.05)	non-cCRE	LOW_FREQ	del_6	33703
HepG2_skew	[-0.05,0.05)	non-cCRE	LOW_FREQ	del_7	10926
HepG2_skew	[-0.05,0.05)	non-cCRE	LOW_FREQ	del_8	23825
HepG2_skew	[-0.05,0.05)	non-cCRE	LOW_FREQ	del_9	5910
HepG2_skew	[-0.05,0.05)	non-cCRE	LOW_FREQ	ins_1	329379
HepG2_skew	[-0.05,0.05)	non-cCRE	LOW_FREQ	ins_10plus	65149
HepG2_skew	[-0.05,0.05)	non-cCRE	LOW_FREQ	ins_2	179611
HepG2_skew	[-0.05,0.05)	non-cCRE	LOW_FREQ	ins_3	63687
HepG2_skew	[-0.05,0.05)	non-cCRE	LOW_FREQ	ins_4	88099
HepG2_skew	[-0.05,0.05)	non-cCRE	LOW_FREQ	ins_5	27219
HepG2_skew	[-0.05,0.05)	non-cCRE	LOW_FREQ	ins_6	47957
HepG2_skew	[-0.05,0.05)	non-cCRE	LOW_FREQ	ins_7	12959
HepG2_skew	[-0.05,0.05)	non-cCRE	LOW_FREQ	ins_8	38335
HepG2_skew	[-0.05,0.05)	non-cCRE	LOW_FREQ	ins_9	8710
HepG2_skew	[-0.05,0.05)	non-cCRE	RARE	del_1	633640
HepG2_skew	[-0.05,0.05)	non-cCRE	RARE	del_10plus	75808
HepG2_skew	[-0.05,0.05)	non-cCRE	RARE	del_2	367721
HepG2_skew	[-0.05,0.05)	non-cCRE	RARE	del_3	186806
HepG2_skew	[-0.05,0.05)	non-cCRE	RARE	del_4	231859
HepG2_skew	[-0.05,0.05)	non-cCRE	RARE	del_5	79598
HepG2_skew	[-0.05,0.05)	non-cCRE	RARE	del_6	59969
HepG2_skew	[-0.05,0.05)	non-cCRE	RARE	del_7	24990
HepG2_skew	[-0.05,0.05)	non-cCRE	RARE	del_8	38637
HepG2_skew	[-0.05,0.05)	non-cCRE	RARE	del_9	13018
HepG2_skew	[-0.05,0.05)	non-cCRE	RARE	ins_1	547193
HepG2_skew	[-0.05,0.05)	non-cCRE	RARE	ins_10plus	121832
HepG2_skew	[-0.05,0.05)	non-cCRE	RARE	ins_2	263316
HepG2_skew	[-0.05,0.05)	non-cCRE	RARE	ins_3	102844
HepG2_skew	[-0.05,0.05)	non-cCRE	RARE	ins_4	132611
HepG2_skew	[-0.05,0.05)	non-cCRE	RARE	ins_5	52514
HepG2_skew	[-0.05,0.05)	non-cCRE	RARE	ins_6	70223
HepG2_skew	[-0.05,0.05)	non-cCRE	RARE	ins_7	29545
HepG2_skew	[-0.05,0.05)	non-cCRE	RARE	ins_8	56173
HepG2_skew	[-0.05,0.05)	non-cCRE	RARE	ins_9	18045
HepG2_skew	[-0.05,0.05)	non-cCRE	SINGLETON	del_1	4618533
HepG2_skew	[-0.05,0.05)	non-cCRE	SINGLETON	del_10plus	263767
HepG2_skew	[-0.05,0.05)	non-cCRE	SINGLETON	del_2	1761778
HepG2_skew	[-0.05,0.05)	non-cCRE	SINGLETON	del_3	1063106
HepG2_skew	[-0.05,0.05)	non-cCRE	SINGLETON	del_4	989193
HepG2_skew	[-0.05,0.05)	non-cCRE	SINGLETON	del_5	417754
HepG2_skew	[-0.05,0.05)	non-cCRE	SINGLETON	del_6	226811
HepG2_skew	[-0.05,0.05)	non-cCRE	SINGLETON	del_7	119216
HepG2_skew	[-0.05,0.05)	non-cCRE	SINGLETON	del_8	113947
HepG2_skew	[-0.05,0.05)	non-cCRE	SINGLETON	del_9	60515
HepG2_skew	[-0.05,0.05)	non-cCRE	SINGLETON	ins_1	2384725
HepG2_skew	[-0.05,0.05)	non-cCRE	SINGLETON	ins_10plus	274087
HepG2_skew	[-0.05,0.05)	non-cCRE	SINGLETON	ins_2	705306
HepG2_skew	[-0.05,0.05)	non-cCRE	SINGLETON	ins_3	334406
HepG2_skew	[-0.05,0.05)	non-cCRE	SINGLETON	ins_4	398326
HepG2_skew	[-0.05,0.05)	non-cCRE	SINGLETON	ins_5	156320
HepG2_skew	[-0.05,0.05)	non-cCRE	SINGLETON	ins_6	154059
HepG2_skew	[-0.05,0.05)	non-cCRE	SINGLETON	ins_7	88845
HepG2_skew	[-0.05,0.05)	non-cCRE	SINGLETON	ins_8	130259
HepG2_skew	[-0.05,0.05)	non-cCRE	SINGLETON	ins_9	52344
HepG2_skew	[-0.05,0.05)	non-cCRE	ULTRARARE	del_1	2914966
HepG2_skew	[-0.05,0.05)	non-cCRE	ULTRARARE	del_10plus	213142
HepG2_skew	[-0.05,0.05)	non-cCRE	ULTRARARE	del_2	1366521
HepG2_skew	[-0.05,0.05)	non-cCRE	ULTRARARE	del_3	857378
HepG2_skew	[-0.05,0.05)	non-cCRE	ULTRARARE	del_4	934391
HepG2_skew	[-0.05,0.05)	non-cCRE	ULTRARARE	del_5	345524
HepG2_skew	[-0.05,0.05)	non-cCRE	ULTRARARE	del_6	189056
HepG2_skew	[-0.05,0.05)	non-cCRE	ULTRARARE	del_7	85931
HepG2_skew	[-0.05,0.05)	non-cCRE	ULTRARARE	del_8	99064
HepG2_skew	[-0.05,0.05)	non-cCRE	ULTRARARE	del_9	43898
HepG2_skew	[-0.05,0.05)	non-cCRE	ULTRARARE	ins_1	1913563
HepG2_skew	[-0.05,0.05)	non-cCRE	ULTRARARE	ins_10plus	238868
HepG2_skew	[-0.05,0.05)	non-cCRE	ULTRARARE	ins_2	616463
HepG2_skew	[-0.05,0.05)	non-cCRE	ULTRARARE	ins_3	266217
HepG2_skew	[-0.05,0.05)	non-cCRE	ULTRARARE	ins_4	325645
HepG2_skew	[-0.05,0.05)	non-cCRE	ULTRARARE	ins_5	130522
HepG2_skew	[-0.05,0.05)	non-cCRE	ULTRARARE	ins_6	140870
HepG2_skew	[-0.05,0.05)	non-cCRE	ULTRARARE	ins_7	71778
HepG2_skew	[-0.05,0.05)	non-cCRE	ULTRARARE	ins_8	111632
HepG2_skew	[-0.05,0.05)	non-cCRE	ULTRARARE	ins_9	42677
HepG2_skew	[-0.05,0.05)	pELS	COMMON	del_1	6630
HepG2_skew	[-0.05,0.05)	pELS	COMMON	del_10plus	664
HepG2_skew	[-0.05,0.05)	pELS	COMMON	del_2	4288
HepG2_skew	[-0.05,0.05)	pELS	COMMON	del_3	1059
HepG2_skew	[-0.05,0.05)	pELS	COMMON	del_4	1937
HepG2_skew	[-0.05,0.05)	pELS	COMMON	del_5	373
HepG2_skew	[-0.05,0.05)	pELS	COMMON	del_6	788
HepG2_skew	[-0.05,0.05)	pELS	COMMON	del_7	166
HepG2_skew	[-0.05,0.05)	pELS	COMMON	del_8	534
HepG2_skew	[-0.05,0.05)	pELS	COMMON	del_9	87
HepG2_skew	[-0.05,0.05)	pELS	COMMON	ins_1	8009
HepG2_skew	[-0.05,0.05)	pELS	COMMON	ins_10plus	659
HepG2_skew	[-0.05,0.05)	pELS	COMMON	ins_2	4719
HepG2_skew	[-0.05,0.05)	pELS	COMMON	ins_3	1139
HepG2_skew	[-0.05,0.05)	pELS	COMMON	ins_4	1969
HepG2_skew	[-0.05,0.05)	pELS	COMMON	ins_5	354
HepG2_skew	[-0.05,0.05)	pELS	COMMON	ins_6	995
HepG2_skew	[-0.05,0.05)	pELS	COMMON	ins_7	174
HepG2_skew	[-0.05,0.05)	pELS	COMMON	ins_8	637
HepG2_skew	[-0.05,0.05)	pELS	COMMON	ins_9	85
HepG2_skew	[-0.05,0.05)	pELS	LOW_FREQ	del_1	5857
HepG2_skew	[-0.05,0.05)	pELS	LOW_FREQ	del_10plus	802
HepG2_skew	[-0.05,0.05)	pELS	LOW_FREQ	del_2	3556
HepG2_skew	[-0.05,0.05)	pELS	LOW_FREQ	del_3	1343
HepG2_skew	[-0.05,0.05)	pELS	LOW_FREQ	del_4	1818
HepG2_skew	[-0.05,0.05)	pELS	LOW_FREQ	del_5	449
HepG2_skew	[-0.05,0.05)	pELS	LOW_FREQ	del_6	651
HepG2_skew	[-0.05,0.05)	pELS	LOW_FREQ	del_7	196
HepG2_skew	[-0.05,0.05)	pELS	LOW_FREQ	del_8	418
HepG2_skew	[-0.05,0.05)	pELS	LOW_FREQ	del_9	111
HepG2_skew	[-0.05,0.05)	pELS	LOW_FREQ	ins_1	5788
HepG2_skew	[-0.05,0.05)	pELS	LOW_FREQ	ins_10plus	1082
HepG2_skew	[-0.05,0.05)	pELS	LOW_FREQ	ins_2	3145
HepG2_skew	[-0.05,0.05)	pELS	LOW_FREQ	ins_3	1183
HepG2_skew	[-0.05,0.05)	pELS	LOW_FREQ	ins_4	1418
HepG2_skew	[-0.05,0.05)	pELS	LOW_FREQ	ins_5	486
HepG2_skew	[-0.05,0.05)	pELS	LOW_FREQ	ins_6	889
HepG2_skew	[-0.05,0.05)	pELS	LOW_FREQ	ins_7	237
HepG2_skew	[-0.05,0.05)	pELS	LOW_FREQ	ins_8	638
HepG2_skew	[-0.05,0.05)	pELS	LOW_FREQ	ins_9	117
HepG2_skew	[-0.05,0.05)	pELS	RARE	del_1	10880
HepG2_skew	[-0.05,0.05)	pELS	RARE	del_10plus	1545
HepG2_skew	[-0.05,0.05)	pELS	RARE	del_2	7889
HepG2_skew	[-0.05,0.05)	pELS	RARE	del_3	3461
HepG2_skew	[-0.05,0.05)	pELS	RARE	del_4	3937
HepG2_skew	[-0.05,0.05)	pELS	RARE	del_5	1107
HepG2_skew	[-0.05,0.05)	pELS	RARE	del_6	1133
HepG2_skew	[-0.05,0.05)	pELS	RARE	del_7	522
HepG2_skew	[-0.05,0.05)	pELS	RARE	del_8	720
HepG2_skew	[-0.05,0.05)	pELS	RARE	del_9	254
HepG2_skew	[-0.05,0.05)	pELS	RARE	ins_1	10083
HepG2_skew	[-0.05,0.05)	pELS	RARE	ins_10plus	1893
HepG2_skew	[-0.05,0.05)	pELS	RARE	ins_2	4588
HepG2_skew	[-0.05,0.05)	pELS	RARE	ins_3	1931
HepG2_skew	[-0.05,0.05)	pELS	RARE	ins_4	2280
HepG2_skew	[-0.05,0.05)	pELS	RARE	ins_5	941
HepG2_skew	[-0.05,0.05)	pELS	RARE	ins_6	1252
HepG2_skew	[-0.05,0.05)	pELS	RARE	ins_7	513
HepG2_skew	[-0.05,0.05)	pELS	RARE	ins_8	838
HepG2_skew	[-0.05,0.05)	pELS	RARE	ins_9	274
HepG2_skew	[-0.05,0.05)	pELS	SINGLETON	del_1	88416
HepG2_skew	[-0.05,0.05)	pELS	SINGLETON	del_10plus	6743
HepG2_skew	[-0.05,0.05)	pELS	SINGLETON	del_2	41981
HepG2_skew	[-0.05,0.05)	pELS	SINGLETON	del_3	20310
HepG2_skew	[-0.05,0.05)	pELS	SINGLETON	del_4	17471
HepG2_skew	[-0.05,0.05)	pELS	SINGLETON	del_5	6594
HepG2_skew	[-0.05,0.05)	pELS	SINGLETON	del_6	4172
HepG2_skew	[-0.05,0.05)	pELS	SINGLETON	del_7	2664
HepG2_skew	[-0.05,0.05)	pELS	SINGLETON	del_8	2497
HepG2_skew	[-0.05,0.05)	pELS	SINGLETON	del_9	1300
HepG2_skew	[-0.05,0.05)	pELS	SINGLETON	ins_1	56799
HepG2_skew	[-0.05,0.05)	pELS	SINGLETON	ins_10plus	5256
HepG2_skew	[-0.05,0.05)	pELS	SINGLETON	ins_2	15053
HepG2_skew	[-0.05,0.05)	pELS	SINGLETON	ins_3	6997
HepG2_skew	[-0.05,0.05)	pELS	SINGLETON	ins_4	7943
HepG2_skew	[-0.05,0.05)	pELS	SINGLETON	ins_5	3031
HepG2_skew	[-0.05,0.05)	pELS	SINGLETON	ins_6	2912
HepG2_skew	[-0.05,0.05)	pELS	SINGLETON	ins_7	1892
HepG2_skew	[-0.05,0.05)	pELS	SINGLETON	ins_8	2283
HepG2_skew	[-0.05,0.05)	pELS	SINGLETON	ins_9	884
HepG2_skew	[-0.05,0.05)	pELS	ULTRARARE	del_1	53226
HepG2_skew	[-0.05,0.05)	pELS	ULTRARARE	del_10plus	4998
HepG2_skew	[-0.05,0.05)	pELS	ULTRARARE	del_2	32744
HepG2_skew	[-0.05,0.05)	pELS	ULTRARARE	del_3	16503
HepG2_skew	[-0.05,0.05)	pELS	ULTRARARE	del_4	16315
HepG2_skew	[-0.05,0.05)	pELS	ULTRARARE	del_5	5061
HepG2_skew	[-0.05,0.05)	pELS	ULTRARARE	del_6	3322
HepG2_skew	[-0.05,0.05)	pELS	ULTRARARE	del_7	1830
HepG2_skew	[-0.05,0.05)	pELS	ULTRARARE	del_8	2048
HepG2_skew	[-0.05,0.05)	pELS	ULTRARARE	del_9	893
HepG2_skew	[-0.05,0.05)	pELS	ULTRARARE	ins_1	40639
HepG2_skew	[-0.05,0.05)	pELS	ULTRARARE	ins_10plus	4252
HepG2_skew	[-0.05,0.05)	pELS	ULTRARARE	ins_2	12118
HepG2_skew	[-0.05,0.05)	pELS	ULTRARARE	ins_3	5307
HepG2_skew	[-0.05,0.05)	pELS	ULTRARARE	ins_4	5989
HepG2_skew	[-0.05,0.05)	pELS	ULTRARARE	ins_5	2441
HepG2_skew	[-0.05,0.05)	pELS	ULTRARARE	ins_6	2825
HepG2_skew	[-0.05,0.05)	pELS	ULTRARARE	ins_7	1504
HepG2_skew	[-0.05,0.05)	pELS	ULTRARARE	ins_8	1843
HepG2_skew	[-0.05,0.05)	pELS	ULTRARARE	ins_9	726
HepG2_skew	[-0.2,-0.05)	Other cCREs	COMMON	del_1	7040
HepG2_skew	[-0.2,-0.05)	Other cCREs	COMMON	del_10plus	2143
HepG2_skew	[-0.2,-0.05)	Other cCREs	COMMON	del_2	1316
HepG2_skew	[-0.2,-0.05)	Other cCREs	COMMON	del_3	861
HepG2_skew	[-0.2,-0.05)	Other cCREs	COMMON	del_4	819
HepG2_skew	[-0.2,-0.05)	Other cCREs	COMMON	del_5	280
HepG2_skew	[-0.2,-0.05)	Other cCREs	COMMON	del_6	322
HepG2_skew	[-0.2,-0.05)	Other cCREs	COMMON	del_7	135
HepG2_skew	[-0.2,-0.05)	Other cCREs	COMMON	del_8	699
HepG2_skew	[-0.2,-0.05)	Other cCREs	COMMON	del_9	48
HepG2_skew	[-0.2,-0.05)	Other cCREs	COMMON	ins_1	1103
HepG2_skew	[-0.2,-0.05)	Other cCREs	COMMON	ins_10plus	2592
HepG2_skew	[-0.2,-0.05)	Other cCREs	COMMON	ins_2	686
HepG2_skew	[-0.2,-0.05)	Other cCREs	COMMON	ins_3	637
HepG2_skew	[-0.2,-0.05)	Other cCREs	COMMON	ins_4	1505
HepG2_skew	[-0.2,-0.05)	Other cCREs	COMMON	ins_5	445
HepG2_skew	[-0.2,-0.05)	Other cCREs	COMMON	ins_6	536
HepG2_skew	[-0.2,-0.05)	Other cCREs	COMMON	ins_7	176
HepG2_skew	[-0.2,-0.05)	Other cCREs	COMMON	ins_8	729
HepG2_skew	[-0.2,-0.05)	Other cCREs	COMMON	ins_9	293
HepG2_skew	[-0.2,-0.05)	Other cCREs	LOW_FREQ	del_1	6351
HepG2_skew	[-0.2,-0.05)	Other cCREs	LOW_FREQ	del_10plus	2298
HepG2_skew	[-0.2,-0.05)	Other cCREs	LOW_FREQ	del_2	1413
HepG2_skew	[-0.2,-0.05)	Other cCREs	LOW_FREQ	del_3	1030
HepG2_skew	[-0.2,-0.05)	Other cCREs	LOW_FREQ	del_4	988
HepG2_skew	[-0.2,-0.05)	Other cCREs	LOW_FREQ	del_5	299
HepG2_skew	[-0.2,-0.05)	Other cCREs	LOW_FREQ	del_6	325
HepG2_skew	[-0.2,-0.05)	Other cCREs	LOW_FREQ	del_7	216
HepG2_skew	[-0.2,-0.05)	Other cCREs	LOW_FREQ	del_8	607
HepG2_skew	[-0.2,-0.05)	Other cCREs	LOW_FREQ	del_9	81
HepG2_skew	[-0.2,-0.05)	Other cCREs	LOW_FREQ	ins_1	1107
HepG2_skew	[-0.2,-0.05)	Other cCREs	LOW_FREQ	ins_10plus	3563
HepG2_skew	[-0.2,-0.05)	Other cCREs	LOW_FREQ	ins_2	670
HepG2_skew	[-0.2,-0.05)	Other cCREs	LOW_FREQ	ins_3	619
HepG2_skew	[-0.2,-0.05)	Other cCREs	LOW_FREQ	ins_4	1169
HepG2_skew	[-0.2,-0.05)	Other cCREs	LOW_FREQ	ins_5	529
HepG2_skew	[-0.2,-0.05)	Other cCREs	LOW_FREQ	ins_6	620
HepG2_skew	[-0.2,-0.05)	Other cCREs	LOW_FREQ	ins_7	281
HepG2_skew	[-0.2,-0.05)	Other cCREs	LOW_FREQ	ins_8	639
HepG2_skew	[-0.2,-0.05)	Other cCREs	LOW_FREQ	ins_9	483
HepG2_skew	[-0.2,-0.05)	Other cCREs	RARE	del_1	11395
HepG2_skew	[-0.2,-0.05)	Other cCREs	RARE	del_10plus	4008
HepG2_skew	[-0.2,-0.05)	Other cCREs	RARE	del_2	3493
HepG2_skew	[-0.2,-0.05)	Other cCREs	RARE	del_3	2361
HepG2_skew	[-0.2,-0.05)	Other cCREs	RARE	del_4	2409
HepG2_skew	[-0.2,-0.05)	Other cCREs	RARE	del_5	790
HepG2_skew	[-0.2,-0.05)	Other cCREs	RARE	del_6	689
HepG2_skew	[-0.2,-0.05)	Other cCREs	RARE	del_7	507
HepG2_skew	[-0.2,-0.05)	Other cCREs	RARE	del_8	996
HepG2_skew	[-0.2,-0.05)	Other cCREs	RARE	del_9	185
HepG2_skew	[-0.2,-0.05)	Other cCREs	RARE	ins_1	2598
HepG2_skew	[-0.2,-0.05)	Other cCREs	RARE	ins_10plus	6192
HepG2_skew	[-0.2,-0.05)	Other cCREs	RARE	ins_2	1391
HepG2_skew	[-0.2,-0.05)	Other cCREs	RARE	ins_3	1108
HepG2_skew	[-0.2,-0.05)	Other cCREs	RARE	ins_4	2074
HepG2_skew	[-0.2,-0.05)	Other cCREs	RARE	ins_5	1005
HepG2_skew	[-0.2,-0.05)	Other cCREs	RARE	ins_6	1125
HepG2_skew	[-0.2,-0.05)	Other cCREs	RARE	ins_7	614
HepG2_skew	[-0.2,-0.05)	Other cCREs	RARE	ins_8	1036
HepG2_skew	[-0.2,-0.05)	Other cCREs	RARE	ins_9	896
HepG2_skew	[-0.2,-0.05)	Other cCREs	SINGLETON	del_1	87356
HepG2_skew	[-0.2,-0.05)	Other cCREs	SINGLETON	del_10plus	9515
HepG2_skew	[-0.2,-0.05)	Other cCREs	SINGLETON	del_2	17781
HepG2_skew	[-0.2,-0.05)	Other cCREs	SINGLETON	del_3	13985
HepG2_skew	[-0.2,-0.05)	Other cCREs	SINGLETON	del_4	12766
HepG2_skew	[-0.2,-0.05)	Other cCREs	SINGLETON	del_5	5267
HepG2_skew	[-0.2,-0.05)	Other cCREs	SINGLETON	del_6	3233
HepG2_skew	[-0.2,-0.05)	Other cCREs	SINGLETON	del_7	2434
HepG2_skew	[-0.2,-0.05)	Other cCREs	SINGLETON	del_8	2750
HepG2_skew	[-0.2,-0.05)	Other cCREs	SINGLETON	del_9	1045
HepG2_skew	[-0.2,-0.05)	Other cCREs	SINGLETON	ins_1	18767
HepG2_skew	[-0.2,-0.05)	Other cCREs	SINGLETON	ins_10plus	17213
HepG2_skew	[-0.2,-0.05)	Other cCREs	SINGLETON	ins_2	7968
HepG2_skew	[-0.2,-0.05)	Other cCREs	SINGLETON	ins_3	5807
HepG2_skew	[-0.2,-0.05)	Other cCREs	SINGLETON	ins_4	8363
HepG2_skew	[-0.2,-0.05)	Other cCREs	SINGLETON	ins_5	3878
HepG2_skew	[-0.2,-0.05)	Other cCREs	SINGLETON	ins_6	4076
HepG2_skew	[-0.2,-0.05)	Other cCREs	SINGLETON	ins_7	2439
HepG2_skew	[-0.2,-0.05)	Other cCREs	SINGLETON	ins_8	3482
HepG2_skew	[-0.2,-0.05)	Other cCREs	SINGLETON	ins_9	3795
HepG2_skew	[-0.2,-0.05)	Other cCREs	ULTRARARE	del_1	53376
HepG2_skew	[-0.2,-0.05)	Other cCREs	ULTRARARE	del_10plus	9010
HepG2_skew	[-0.2,-0.05)	Other cCREs	ULTRARARE	del_2	13294
HepG2_skew	[-0.2,-0.05)	Other cCREs	ULTRARARE	del_3	10950
HepG2_skew	[-0.2,-0.05)	Other cCREs	ULTRARARE	del_4	11292
HepG2_skew	[-0.2,-0.05)	Other cCREs	ULTRARARE	del_5	3888
HepG2_skew	[-0.2,-0.05)	Other cCREs	ULTRARARE	del_6	2354
HepG2_skew	[-0.2,-0.05)	Other cCREs	ULTRARARE	del_7	1906
HepG2_skew	[-0.2,-0.05)	Other cCREs	ULTRARARE	del_8	2529
HepG2_skew	[-0.2,-0.05)	Other cCREs	ULTRARARE	del_9	676
HepG2_skew	[-0.2,-0.05)	Other cCREs	ULTRARARE	ins_1	11825
HepG2_skew	[-0.2,-0.05)	Other cCREs	ULTRARARE	ins_10plus	14195
HepG2_skew	[-0.2,-0.05)	Other cCREs	ULTRARARE	ins_2	5350
HepG2_skew	[-0.2,-0.05)	Other cCREs	ULTRARARE	ins_3	3951
HepG2_skew	[-0.2,-0.05)	Other cCREs	ULTRARARE	ins_4	6360
HepG2_skew	[-0.2,-0.05)	Other cCREs	ULTRARARE	ins_5	2961
HepG2_skew	[-0.2,-0.05)	Other cCREs	ULTRARARE	ins_6	3312
HepG2_skew	[-0.2,-0.05)	Other cCREs	ULTRARARE	ins_7	1835
HepG2_skew	[-0.2,-0.05)	Other cCREs	ULTRARARE	ins_8	2711
HepG2_skew	[-0.2,-0.05)	Other cCREs	ULTRARARE	ins_9	2761
HepG2_skew	[-0.2,-0.05)	PLS	COMMON	del_1	376
HepG2_skew	[-0.2,-0.05)	PLS	COMMON	del_10plus	87
HepG2_skew	[-0.2,-0.05)	PLS	COMMON	del_2	77
HepG2_skew	[-0.2,-0.05)	PLS	COMMON	del_3	31
HepG2_skew	[-0.2,-0.05)	PLS	COMMON	del_4	24
HepG2_skew	[-0.2,-0.05)	PLS	COMMON	del_5	16
HepG2_skew	[-0.2,-0.05)	PLS	COMMON	del_6	22
HepG2_skew	[-0.2,-0.05)	PLS	COMMON	del_7	10
HepG2_skew	[-0.2,-0.05)	PLS	COMMON	del_8	19
HepG2_skew	[-0.2,-0.05)	PLS	COMMON	del_9	5
HepG2_skew	[-0.2,-0.05)	PLS	COMMON	ins_1	127
HepG2_skew	[-0.2,-0.05)	PLS	COMMON	ins_10plus	139
HepG2_skew	[-0.2,-0.05)	PLS	COMMON	ins_2	73
HepG2_skew	[-0.2,-0.05)	PLS	COMMON	ins_3	88
HepG2_skew	[-0.2,-0.05)	PLS	COMMON	ins_4	89
HepG2_skew	[-0.2,-0.05)	PLS	COMMON	ins_5	43
HepG2_skew	[-0.2,-0.05)	PLS	COMMON	ins_6	71
HepG2_skew	[-0.2,-0.05)	PLS	COMMON	ins_7	20
HepG2_skew	[-0.2,-0.05)	PLS	COMMON	ins_8	29
HepG2_skew	[-0.2,-0.05)	PLS	COMMON	ins_9	42
HepG2_skew	[-0.2,-0.05)	PLS	LOW_FREQ	del_1	356
HepG2_skew	[-0.2,-0.05)	PLS	LOW_FREQ	del_10plus	126
HepG2_skew	[-0.2,-0.05)	PLS	LOW_FREQ	del_2	76
HepG2_skew	[-0.2,-0.05)	PLS	LOW_FREQ	del_3	38
HepG2_skew	[-0.2,-0.05)	PLS	LOW_FREQ	del_4	37
HepG2_skew	[-0.2,-0.05)	PLS	LOW_FREQ	del_5	15
HepG2_skew	[-0.2,-0.05)	PLS	LOW_FREQ	del_6	24
HepG2_skew	[-0.2,-0.05)	PLS	LOW_FREQ	del_7	19
HepG2_skew	[-0.2,-0.05)	PLS	LOW_FREQ	del_8	20
HepG2_skew	[-0.2,-0.05)	PLS	LOW_FREQ	del_9	8
HepG2_skew	[-0.2,-0.05)	PLS	LOW_FREQ	ins_1	172
HepG2_skew	[-0.2,-0.05)	PLS	LOW_FREQ	ins_10plus	241
HepG2_skew	[-0.2,-0.05)	PLS	LOW_FREQ	ins_2	82
HepG2_skew	[-0.2,-0.05)	PLS	LOW_FREQ	ins_3	88
HepG2_skew	[-0.2,-0.05)	PLS	LOW_FREQ	ins_4	98
HepG2_skew	[-0.2,-0.05)	PLS	LOW_FREQ	ins_5	58
HepG2_skew	[-0.2,-0.05)	PLS	LOW_FREQ	ins_6	83
HepG2_skew	[-0.2,-0.05)	PLS	LOW_FREQ	ins_7	31
HepG2_skew	[-0.2,-0.05)	PLS	LOW_FREQ	ins_8	32
HepG2_skew	[-0.2,-0.05)	PLS	LOW_FREQ	ins_9	61
HepG2_skew	[-0.2,-0.05)	PLS	RARE	del_1	834
HepG2_skew	[-0.2,-0.05)	PLS	RARE	del_10plus	258
HepG2_skew	[-0.2,-0.05)	PLS	RARE	del_2	153
HepG2_skew	[-0.2,-0.05)	PLS	RARE	del_3	104
HepG2_skew	[-0.2,-0.05)	PLS	RARE	del_4	75
HepG2_skew	[-0.2,-0.05)	PLS	RARE	del_5	47
HepG2_skew	[-0.2,-0.05)	PLS	RARE	del_6	50
HepG2_skew	[-0.2,-0.05)	PLS	RARE	del_7	34
HepG2_skew	[-0.2,-0.05)	PLS	RARE	del_8	45
HepG2_skew	[-0.2,-0.05)	PLS	RARE	del_9	24
HepG2_skew	[-0.2,-0.05)	PLS	RARE	ins_1	387
HepG2_skew	[-0.2,-0.05)	PLS	RARE	ins_10plus	522
HepG2_skew	[-0.2,-0.05)	PLS	RARE	ins_2	183
HepG2_skew	[-0.2,-0.05)	PLS	RARE	ins_3	177
HepG2_skew	[-0.2,-0.05)	PLS	RARE	ins_4	182
HepG2_skew	[-0.2,-0.05)	PLS	RARE	ins_5	151
HepG2_skew	[-0.2,-0.05)	PLS	RARE	ins_6	162
HepG2_skew	[-0.2,-0.05)	PLS	RARE	ins_7	82
HepG2_skew	[-0.2,-0.05)	PLS	RARE	ins_8	80
HepG2_skew	[-0.2,-0.05)	PLS	RARE	ins_9	109
HepG2_skew	[-0.2,-0.05)	PLS	SINGLETON	del_1	6466
HepG2_skew	[-0.2,-0.05)	PLS	SINGLETON	del_10plus	969
HepG2_skew	[-0.2,-0.05)	PLS	SINGLETON	del_2	1051
HepG2_skew	[-0.2,-0.05)	PLS	SINGLETON	del_3	661
HepG2_skew	[-0.2,-0.05)	PLS	SINGLETON	del_4	477
HepG2_skew	[-0.2,-0.05)	PLS	SINGLETON	del_5	260
HepG2_skew	[-0.2,-0.05)	PLS	SINGLETON	del_6	229
HepG2_skew	[-0.2,-0.05)	PLS	SINGLETON	del_7	186
HepG2_skew	[-0.2,-0.05)	PLS	SINGLETON	del_8	196
HepG2_skew	[-0.2,-0.05)	PLS	SINGLETON	del_9	100
HepG2_skew	[-0.2,-0.05)	PLS	SINGLETON	ins_1	2871
HepG2_skew	[-0.2,-0.05)	PLS	SINGLETON	ins_10plus	1962
HepG2_skew	[-0.2,-0.05)	PLS	SINGLETON	ins_2	988
HepG2_skew	[-0.2,-0.05)	PLS	SINGLETON	ins_3	851
HepG2_skew	[-0.2,-0.05)	PLS	SINGLETON	ins_4	884
HepG2_skew	[-0.2,-0.05)	PLS	SINGLETON	ins_5	602
HepG2_skew	[-0.2,-0.05)	PLS	SINGLETON	ins_6	647
HepG2_skew	[-0.2,-0.05)	PLS	SINGLETON	ins_7	361
HepG2_skew	[-0.2,-0.05)	PLS	SINGLETON	ins_8	318
HepG2_skew	[-0.2,-0.05)	PLS	SINGLETON	ins_9	404
HepG2_skew	[-0.2,-0.05)	PLS	ULTRARARE	del_1	4219
HepG2_skew	[-0.2,-0.05)	PLS	ULTRARARE	del_10plus	768
HepG2_skew	[-0.2,-0.05)	PLS	ULTRARARE	del_2	748
HepG2_skew	[-0.2,-0.05)	PLS	ULTRARARE	del_3	516
HepG2_skew	[-0.2,-0.05)	PLS	ULTRARARE	del_4	389
HepG2_skew	[-0.2,-0.05)	PLS	ULTRARARE	del_5	173
HepG2_skew	[-0.2,-0.05)	PLS	ULTRARARE	del_6	149
HepG2_skew	[-0.2,-0.05)	PLS	ULTRARARE	del_7	125
HepG2_skew	[-0.2,-0.05)	PLS	ULTRARARE	del_8	162
HepG2_skew	[-0.2,-0.05)	PLS	ULTRARARE	del_9	77
HepG2_skew	[-0.2,-0.05)	PLS	ULTRARARE	ins_1	1966
HepG2_skew	[-0.2,-0.05)	PLS	ULTRARARE	ins_10plus	1587
HepG2_skew	[-0.2,-0.05)	PLS	ULTRARARE	ins_2	701
HepG2_skew	[-0.2,-0.05)	PLS	ULTRARARE	ins_3	613
HepG2_skew	[-0.2,-0.05)	PLS	ULTRARARE	ins_4	668
HepG2_skew	[-0.2,-0.05)	PLS	ULTRARARE	ins_5	494
HepG2_skew	[-0.2,-0.05)	PLS	ULTRARARE	ins_6	533
HepG2_skew	[-0.2,-0.05)	PLS	ULTRARARE	ins_7	253
HepG2_skew	[-0.2,-0.05)	PLS	ULTRARARE	ins_8	238
HepG2_skew	[-0.2,-0.05)	PLS	ULTRARARE	ins_9	376
HepG2_skew	[-0.2,-0.05)	dELS	COMMON	del_1	17405
HepG2_skew	[-0.2,-0.05)	dELS	COMMON	del_10plus	3698
HepG2_skew	[-0.2,-0.05)	dELS	COMMON	del_2	3162
HepG2_skew	[-0.2,-0.05)	dELS	COMMON	del_3	1884
HepG2_skew	[-0.2,-0.05)	dELS	COMMON	del_4	1706
HepG2_skew	[-0.2,-0.05)	dELS	COMMON	del_5	544
HepG2_skew	[-0.2,-0.05)	dELS	COMMON	del_6	748
HepG2_skew	[-0.2,-0.05)	dELS	COMMON	del_7	347
HepG2_skew	[-0.2,-0.05)	dELS	COMMON	del_8	1334
HepG2_skew	[-0.2,-0.05)	dELS	COMMON	del_9	171
HepG2_skew	[-0.2,-0.05)	dELS	COMMON	ins_1	2910
HepG2_skew	[-0.2,-0.05)	dELS	COMMON	ins_10plus	5089
HepG2_skew	[-0.2,-0.05)	dELS	COMMON	ins_2	1754
HepG2_skew	[-0.2,-0.05)	dELS	COMMON	ins_3	1406
HepG2_skew	[-0.2,-0.05)	dELS	COMMON	ins_4	2752
HepG2_skew	[-0.2,-0.05)	dELS	COMMON	ins_5	959
HepG2_skew	[-0.2,-0.05)	dELS	COMMON	ins_6	1241
HepG2_skew	[-0.2,-0.05)	dELS	COMMON	ins_7	434
HepG2_skew	[-0.2,-0.05)	dELS	COMMON	ins_8	990
HepG2_skew	[-0.2,-0.05)	dELS	COMMON	ins_9	588
HepG2_skew	[-0.2,-0.05)	dELS	LOW_FREQ	del_1	16144
HepG2_skew	[-0.2,-0.05)	dELS	LOW_FREQ	del_10plus	4626
HepG2_skew	[-0.2,-0.05)	dELS	LOW_FREQ	del_2	3546
HepG2_skew	[-0.2,-0.05)	dELS	LOW_FREQ	del_3	2223
HepG2_skew	[-0.2,-0.05)	dELS	LOW_FREQ	del_4	2093
HepG2_skew	[-0.2,-0.05)	dELS	LOW_FREQ	del_5	693
HepG2_skew	[-0.2,-0.05)	dELS	LOW_FREQ	del_6	728
HepG2_skew	[-0.2,-0.05)	dELS	LOW_FREQ	del_7	490
HepG2_skew	[-0.2,-0.05)	dELS	LOW_FREQ	del_8	1266
HepG2_skew	[-0.2,-0.05)	dELS	LOW_FREQ	del_9	184
HepG2_skew	[-0.2,-0.05)	dELS	LOW_FREQ	ins_1	2995
HepG2_skew	[-0.2,-0.05)	dELS	LOW_FREQ	ins_10plus	6607
HepG2_skew	[-0.2,-0.05)	dELS	LOW_FREQ	ins_2	1793
HepG2_skew	[-0.2,-0.05)	dELS	LOW_FREQ	ins_3	1408
HepG2_skew	[-0.2,-0.05)	dELS	LOW_FREQ	ins_4	2546
HepG2_skew	[-0.2,-0.05)	dELS	LOW_FREQ	ins_5	1134
HepG2_skew	[-0.2,-0.05)	dELS	LOW_FREQ	ins_6	1519
HepG2_skew	[-0.2,-0.05)	dELS	LOW_FREQ	ins_7	539
HepG2_skew	[-0.2,-0.05)	dELS	LOW_FREQ	ins_8	985
HepG2_skew	[-0.2,-0.05)	dELS	LOW_FREQ	ins_9	814
HepG2_skew	[-0.2,-0.05)	dELS	RARE	del_1	29440
HepG2_skew	[-0.2,-0.05)	dELS	RARE	del_10plus	8558
HepG2_skew	[-0.2,-0.05)	dELS	RARE	del_2	8875
HepG2_skew	[-0.2,-0.05)	dELS	RARE	del_3	5657
HepG2_skew	[-0.2,-0.05)	dELS	RARE	del_4	5247
HepG2_skew	[-0.2,-0.05)	dELS	RARE	del_5	1747
HepG2_skew	[-0.2,-0.05)	dELS	RARE	del_6	1611
HepG2_skew	[-0.2,-0.05)	dELS	RARE	del_7	1252
HepG2_skew	[-0.2,-0.05)	dELS	RARE	del_8	2198
HepG2_skew	[-0.2,-0.05)	dELS	RARE	del_9	463
HepG2_skew	[-0.2,-0.05)	dELS	RARE	ins_1	7132
HepG2_skew	[-0.2,-0.05)	dELS	RARE	ins_10plus	11341
HepG2_skew	[-0.2,-0.05)	dELS	RARE	ins_2	3585
HepG2_skew	[-0.2,-0.05)	dELS	RARE	ins_3	2758
HepG2_skew	[-0.2,-0.05)	dELS	RARE	ins_4	4659
HepG2_skew	[-0.2,-0.05)	dELS	RARE	ins_5	2422
HepG2_skew	[-0.2,-0.05)	dELS	RARE	ins_6	2689
HepG2_skew	[-0.2,-0.05)	dELS	RARE	ins_7	1228
HepG2_skew	[-0.2,-0.05)	dELS	RARE	ins_8	1795
HepG2_skew	[-0.2,-0.05)	dELS	RARE	ins_9	1837
HepG2_skew	[-0.2,-0.05)	dELS	SINGLETON	del_1	240690
HepG2_skew	[-0.2,-0.05)	dELS	SINGLETON	del_10plus	22728
HepG2_skew	[-0.2,-0.05)	dELS	SINGLETON	del_2	49524
HepG2_skew	[-0.2,-0.05)	dELS	SINGLETON	del_3	34609
HepG2_skew	[-0.2,-0.05)	dELS	SINGLETON	del_4	30545
HepG2_skew	[-0.2,-0.05)	dELS	SINGLETON	del_5	12318
HepG2_skew	[-0.2,-0.05)	dELS	SINGLETON	del_6	7794
HepG2_skew	[-0.2,-0.05)	dELS	SINGLETON	del_7	6392
HepG2_skew	[-0.2,-0.05)	dELS	SINGLETON	del_8	6634
HepG2_skew	[-0.2,-0.05)	dELS	SINGLETON	del_9	2704
HepG2_skew	[-0.2,-0.05)	dELS	SINGLETON	ins_1	58312
HepG2_skew	[-0.2,-0.05)	dELS	SINGLETON	ins_10plus	34308
HepG2_skew	[-0.2,-0.05)	dELS	SINGLETON	ins_2	22843
HepG2_skew	[-0.2,-0.05)	dELS	SINGLETON	ins_3	16237
HepG2_skew	[-0.2,-0.05)	dELS	SINGLETON	ins_4	22118
HepG2_skew	[-0.2,-0.05)	dELS	SINGLETON	ins_5	10572
HepG2_skew	[-0.2,-0.05)	dELS	SINGLETON	ins_6	10418
HepG2_skew	[-0.2,-0.05)	dELS	SINGLETON	ins_7	6241
HepG2_skew	[-0.2,-0.05)	dELS	SINGLETON	ins_8	7550
HepG2_skew	[-0.2,-0.05)	dELS	SINGLETON	ins_9	8325
HepG2_skew	[-0.2,-0.05)	dELS	ULTRARARE	del_1	144825
HepG2_skew	[-0.2,-0.05)	dELS	ULTRARARE	del_10plus	21188
HepG2_skew	[-0.2,-0.05)	dELS	ULTRARARE	del_2	36533
HepG2_skew	[-0.2,-0.05)	dELS	ULTRARARE	del_3	27126
HepG2_skew	[-0.2,-0.05)	dELS	ULTRARARE	del_4	26284
HepG2_skew	[-0.2,-0.05)	dELS	ULTRARARE	del_5	8866
HepG2_skew	[-0.2,-0.05)	dELS	ULTRARARE	del_6	5927
HepG2_skew	[-0.2,-0.05)	dELS	ULTRARARE	del_7	4740
HepG2_skew	[-0.2,-0.05)	dELS	ULTRARARE	del_8	5903
HepG2_skew	[-0.2,-0.05)	dELS	ULTRARARE	del_9	1948
HepG2_skew	[-0.2,-0.05)	dELS	ULTRARARE	ins_1	36252
HepG2_skew	[-0.2,-0.05)	dELS	ULTRARARE	ins_10plus	26796
HepG2_skew	[-0.2,-0.05)	dELS	ULTRARARE	ins_2	14811
HepG2_skew	[-0.2,-0.05)	dELS	ULTRARARE	ins_3	10545
HepG2_skew	[-0.2,-0.05)	dELS	ULTRARARE	ins_4	15484
HepG2_skew	[-0.2,-0.05)	dELS	ULTRARARE	ins_5	7746
HepG2_skew	[-0.2,-0.05)	dELS	ULTRARARE	ins_6	8122
HepG2_skew	[-0.2,-0.05)	dELS	ULTRARARE	ins_7	4437
HepG2_skew	[-0.2,-0.05)	dELS	ULTRARARE	ins_8	5250
HepG2_skew	[-0.2,-0.05)	dELS	ULTRARARE	ins_9	5791
HepG2_skew	[-0.2,-0.05)	non-cCRE	COMMON	del_1	103541
HepG2_skew	[-0.2,-0.05)	non-cCRE	COMMON	del_10plus	22731
HepG2_skew	[-0.2,-0.05)	non-cCRE	COMMON	del_2	20600
HepG2_skew	[-0.2,-0.05)	non-cCRE	COMMON	del_3	13674
HepG2_skew	[-0.2,-0.05)	non-cCRE	COMMON	del_4	13101
HepG2_skew	[-0.2,-0.05)	non-cCRE	COMMON	del_5	5130
HepG2_skew	[-0.2,-0.05)	non-cCRE	COMMON	del_6	4293
HepG2_skew	[-0.2,-0.05)	non-cCRE	COMMON	del_7	2339
HepG2_skew	[-0.2,-0.05)	non-cCRE	COMMON	del_8	7216
HepG2_skew	[-0.2,-0.05)	non-cCRE	COMMON	del_9	895
HepG2_skew	[-0.2,-0.05)	non-cCRE	COMMON	ins_1	13151
HepG2_skew	[-0.2,-0.05)	non-cCRE	COMMON	ins_10plus	36127
HepG2_skew	[-0.2,-0.05)	non-cCRE	COMMON	ins_2	7680
HepG2_skew	[-0.2,-0.05)	non-cCRE	COMMON	ins_3	7877
HepG2_skew	[-0.2,-0.05)	non-cCRE	COMMON	ins_4	15680
HepG2_skew	[-0.2,-0.05)	non-cCRE	COMMON	ins_5	6110
HepG2_skew	[-0.2,-0.05)	non-cCRE	COMMON	ins_6	6603
HepG2_skew	[-0.2,-0.05)	non-cCRE	COMMON	ins_7	2613
HepG2_skew	[-0.2,-0.05)	non-cCRE	COMMON	ins_8	6750
HepG2_skew	[-0.2,-0.05)	non-cCRE	COMMON	ins_9	4520
HepG2_skew	[-0.2,-0.05)	non-cCRE	LOW_FREQ	del_1	86800
HepG2_skew	[-0.2,-0.05)	non-cCRE	LOW_FREQ	del_10plus	26080
HepG2_skew	[-0.2,-0.05)	non-cCRE	LOW_FREQ	del_2	20915
HepG2_skew	[-0.2,-0.05)	non-cCRE	LOW_FREQ	del_3	15116
HepG2_skew	[-0.2,-0.05)	non-cCRE	LOW_FREQ	del_4	15854
HepG2_skew	[-0.2,-0.05)	non-cCRE	LOW_FREQ	del_5	6566
HepG2_skew	[-0.2,-0.05)	non-cCRE	LOW_FREQ	del_6	4483
HepG2_skew	[-0.2,-0.05)	non-cCRE	LOW_FREQ	del_7	3227
HepG2_skew	[-0.2,-0.05)	non-cCRE	LOW_FREQ	del_8	6692
HepG2_skew	[-0.2,-0.05)	non-cCRE	LOW_FREQ	del_9	1117
HepG2_skew	[-0.2,-0.05)	non-cCRE	LOW_FREQ	ins_1	13315
HepG2_skew	[-0.2,-0.05)	non-cCRE	LOW_FREQ	ins_10plus	53822
HepG2_skew	[-0.2,-0.05)	non-cCRE	LOW_FREQ	ins_2	7797
HepG2_skew	[-0.2,-0.05)	non-cCRE	LOW_FREQ	ins_3	8434
HepG2_skew	[-0.2,-0.05)	non-cCRE	LOW_FREQ	ins_4	15088
HepG2_skew	[-0.2,-0.05)	non-cCRE	LOW_FREQ	ins_5	8475
HepG2_skew	[-0.2,-0.05)	non-cCRE	LOW_FREQ	ins_6	9184
HepG2_skew	[-0.2,-0.05)	non-cCRE	LOW_FREQ	ins_7	4349
HepG2_skew	[-0.2,-0.05)	non-cCRE	LOW_FREQ	ins_8	7489
HepG2_skew	[-0.2,-0.05)	non-cCRE	LOW_FREQ	ins_9	7235
HepG2_skew	[-0.2,-0.05)	non-cCRE	RARE	del_1	147113
HepG2_skew	[-0.2,-0.05)	non-cCRE	RARE	del_10plus	49334
HepG2_skew	[-0.2,-0.05)	non-cCRE	RARE	del_2	51031
HepG2_skew	[-0.2,-0.05)	non-cCRE	RARE	del_3	36949
HepG2_skew	[-0.2,-0.05)	non-cCRE	RARE	del_4	39084
HepG2_skew	[-0.2,-0.05)	non-cCRE	RARE	del_5	15957
HepG2_skew	[-0.2,-0.05)	non-cCRE	RARE	del_6	9633
HepG2_skew	[-0.2,-0.05)	non-cCRE	RARE	del_7	8063
HepG2_skew	[-0.2,-0.05)	non-cCRE	RARE	del_8	12586
HepG2_skew	[-0.2,-0.05)	non-cCRE	RARE	del_9	2848
HepG2_skew	[-0.2,-0.05)	non-cCRE	RARE	ins_1	27997
HepG2_skew	[-0.2,-0.05)	non-cCRE	RARE	ins_10plus	98262
HepG2_skew	[-0.2,-0.05)	non-cCRE	RARE	ins_2	15519
HepG2_skew	[-0.2,-0.05)	non-cCRE	RARE	ins_3	15032
HepG2_skew	[-0.2,-0.05)	non-cCRE	RARE	ins_4	27314
HepG2_skew	[-0.2,-0.05)	non-cCRE	RARE	ins_5	17233
HepG2_skew	[-0.2,-0.05)	non-cCRE	RARE	ins_6	18127
HepG2_skew	[-0.2,-0.05)	non-cCRE	RARE	ins_7	9919
HepG2_skew	[-0.2,-0.05)	non-cCRE	RARE	ins_8	13089
HepG2_skew	[-0.2,-0.05)	non-cCRE	RARE	ins_9	15258
HepG2_skew	[-0.2,-0.05)	non-cCRE	SINGLETON	del_1	993387
HepG2_skew	[-0.2,-0.05)	non-cCRE	SINGLETON	del_10plus	124082
HepG2_skew	[-0.2,-0.05)	non-cCRE	SINGLETON	del_2	223749
HepG2_skew	[-0.2,-0.05)	non-cCRE	SINGLETON	del_3	196679
HepG2_skew	[-0.2,-0.05)	non-cCRE	SINGLETON	del_4	208175
HepG2_skew	[-0.2,-0.05)	non-cCRE	SINGLETON	del_5	96361
HepG2_skew	[-0.2,-0.05)	non-cCRE	SINGLETON	del_6	48891
HepG2_skew	[-0.2,-0.05)	non-cCRE	SINGLETON	del_7	35526
HepG2_skew	[-0.2,-0.05)	non-cCRE	SINGLETON	del_8	35974
HepG2_skew	[-0.2,-0.05)	non-cCRE	SINGLETON	del_9	14305
HepG2_skew	[-0.2,-0.05)	non-cCRE	SINGLETON	ins_1	185758
HepG2_skew	[-0.2,-0.05)	non-cCRE	SINGLETON	ins_10plus	240543
HepG2_skew	[-0.2,-0.05)	non-cCRE	SINGLETON	ins_2	80890
HepG2_skew	[-0.2,-0.05)	non-cCRE	SINGLETON	ins_3	62498
HepG2_skew	[-0.2,-0.05)	non-cCRE	SINGLETON	ins_4	86707
HepG2_skew	[-0.2,-0.05)	non-cCRE	SINGLETON	ins_5	48695
HepG2_skew	[-0.2,-0.05)	non-cCRE	SINGLETON	ins_6	49207
HepG2_skew	[-0.2,-0.05)	non-cCRE	SINGLETON	ins_7	31488
HepG2_skew	[-0.2,-0.05)	non-cCRE	SINGLETON	ins_8	39471
HepG2_skew	[-0.2,-0.05)	non-cCRE	SINGLETON	ins_9	49376
HepG2_skew	[-0.2,-0.05)	non-cCRE	ULTRARARE	del_1	631129
HepG2_skew	[-0.2,-0.05)	non-cCRE	ULTRARARE	del_10plus	119131
HepG2_skew	[-0.2,-0.05)	non-cCRE	ULTRARARE	del_2	177031
HepG2_skew	[-0.2,-0.05)	non-cCRE	ULTRARARE	del_3	166298
HepG2_skew	[-0.2,-0.05)	non-cCRE	ULTRARARE	del_4	190853
HepG2_skew	[-0.2,-0.05)	non-cCRE	ULTRARARE	del_5	76913
HepG2_skew	[-0.2,-0.05)	non-cCRE	ULTRARARE	del_6	37708
HepG2_skew	[-0.2,-0.05)	non-cCRE	ULTRARARE	del_7	28144
HepG2_skew	[-0.2,-0.05)	non-cCRE	ULTRARARE	del_8	32486
HepG2_skew	[-0.2,-0.05)	non-cCRE	ULTRARARE	del_9	10724
HepG2_skew	[-0.2,-0.05)	non-cCRE	ULTRARARE	ins_1	122962
HepG2_skew	[-0.2,-0.05)	non-cCRE	ULTRARARE	ins_10plus	203558
HepG2_skew	[-0.2,-0.05)	non-cCRE	ULTRARARE	ins_2	55976
HepG2_skew	[-0.2,-0.05)	non-cCRE	ULTRARARE	ins_3	45588
HepG2_skew	[-0.2,-0.05)	non-cCRE	ULTRARARE	ins_4	71006
HepG2_skew	[-0.2,-0.05)	non-cCRE	ULTRARARE	ins_5	41863
HepG2_skew	[-0.2,-0.05)	non-cCRE	ULTRARARE	ins_6	43102
HepG2_skew	[-0.2,-0.05)	non-cCRE	ULTRARARE	ins_7	25290
HepG2_skew	[-0.2,-0.05)	non-cCRE	ULTRARARE	ins_8	31801
HepG2_skew	[-0.2,-0.05)	non-cCRE	ULTRARARE	ins_9	37972
HepG2_skew	[-0.2,-0.05)	pELS	COMMON	del_1	2754
HepG2_skew	[-0.2,-0.05)	pELS	COMMON	del_10plus	548
HepG2_skew	[-0.2,-0.05)	pELS	COMMON	del_2	520
HepG2_skew	[-0.2,-0.05)	pELS	COMMON	del_3	293
HepG2_skew	[-0.2,-0.05)	pELS	COMMON	del_4	264
HepG2_skew	[-0.2,-0.05)	pELS	COMMON	del_5	81
HepG2_skew	[-0.2,-0.05)	pELS	COMMON	del_6	132
HepG2_skew	[-0.2,-0.05)	pELS	COMMON	del_7	70
HepG2_skew	[-0.2,-0.05)	pELS	COMMON	del_8	225
HepG2_skew	[-0.2,-0.05)	pELS	COMMON	del_9	22
HepG2_skew	[-0.2,-0.05)	pELS	COMMON	ins_1	557
HepG2_skew	[-0.2,-0.05)	pELS	COMMON	ins_10plus	826
HepG2_skew	[-0.2,-0.05)	pELS	COMMON	ins_2	297
HepG2_skew	[-0.2,-0.05)	pELS	COMMON	ins_3	271
HepG2_skew	[-0.2,-0.05)	pELS	COMMON	ins_4	534
HepG2_skew	[-0.2,-0.05)	pELS	COMMON	ins_5	183
HepG2_skew	[-0.2,-0.05)	pELS	COMMON	ins_6	274
HepG2_skew	[-0.2,-0.05)	pELS	COMMON	ins_7	76
HepG2_skew	[-0.2,-0.05)	pELS	COMMON	ins_8	182
HepG2_skew	[-0.2,-0.05)	pELS	COMMON	ins_9	108
HepG2_skew	[-0.2,-0.05)	pELS	LOW_FREQ	del_1	2521
HepG2_skew	[-0.2,-0.05)	pELS	LOW_FREQ	del_10plus	678
HepG2_skew	[-0.2,-0.05)	pELS	LOW_FREQ	del_2	562
HepG2_skew	[-0.2,-0.05)	pELS	LOW_FREQ	del_3	345
HepG2_skew	[-0.2,-0.05)	pELS	LOW_FREQ	del_4	361
HepG2_skew	[-0.2,-0.05)	pELS	LOW_FREQ	del_5	124
HepG2_skew	[-0.2,-0.05)	pELS	LOW_FREQ	del_6	117
HepG2_skew	[-0.2,-0.05)	pELS	LOW_FREQ	del_7	96
HepG2_skew	[-0.2,-0.05)	pELS	LOW_FREQ	del_8	212
HepG2_skew	[-0.2,-0.05)	pELS	LOW_FREQ	del_9	39
HepG2_skew	[-0.2,-0.05)	pELS	LOW_FREQ	ins_1	607
HepG2_skew	[-0.2,-0.05)	pELS	LOW_FREQ	ins_10plus	1111
HepG2_skew	[-0.2,-0.05)	pELS	LOW_FREQ	ins_2	334
HepG2_skew	[-0.2,-0.05)	pELS	LOW_FREQ	ins_3	269
HepG2_skew	[-0.2,-0.05)	pELS	LOW_FREQ	ins_4	480
HepG2_skew	[-0.2,-0.05)	pELS	LOW_FREQ	ins_5	190
HepG2_skew	[-0.2,-0.05)	pELS	LOW_FREQ	ins_6	299
HepG2_skew	[-0.2,-0.05)	pELS	LOW_FREQ	ins_7	106
HepG2_skew	[-0.2,-0.05)	pELS	LOW_FREQ	ins_8	189
HepG2_skew	[-0.2,-0.05)	pELS	LOW_FREQ	ins_9	150
HepG2_skew	[-0.2,-0.05)	pELS	RARE	del_1	4611
HepG2_skew	[-0.2,-0.05)	pELS	RARE	del_10plus	1369
HepG2_skew	[-0.2,-0.05)	pELS	RARE	del_2	1360
HepG2_skew	[-0.2,-0.05)	pELS	RARE	del_3	923
HepG2_skew	[-0.2,-0.05)	pELS	RARE	del_4	842
HepG2_skew	[-0.2,-0.05)	pELS	RARE	del_5	283
HepG2_skew	[-0.2,-0.05)	pELS	RARE	del_6	292
HepG2_skew	[-0.2,-0.05)	pELS	RARE	del_7	203
HepG2_skew	[-0.2,-0.05)	pELS	RARE	del_8	347
HepG2_skew	[-0.2,-0.05)	pELS	RARE	del_9	86
HepG2_skew	[-0.2,-0.05)	pELS	RARE	ins_1	1437
HepG2_skew	[-0.2,-0.05)	pELS	RARE	ins_10plus	1947
HepG2_skew	[-0.2,-0.05)	pELS	RARE	ins_2	679
HepG2_skew	[-0.2,-0.05)	pELS	RARE	ins_3	568
HepG2_skew	[-0.2,-0.05)	pELS	RARE	ins_4	905
HepG2_skew	[-0.2,-0.05)	pELS	RARE	ins_5	477
HepG2_skew	[-0.2,-0.05)	pELS	RARE	ins_6	566
HepG2_skew	[-0.2,-0.05)	pELS	RARE	ins_7	260
HepG2_skew	[-0.2,-0.05)	pELS	RARE	ins_8	307
HepG2_skew	[-0.2,-0.05)	pELS	RARE	ins_9	349
HepG2_skew	[-0.2,-0.05)	pELS	SINGLETON	del_1	35903
HepG2_skew	[-0.2,-0.05)	pELS	SINGLETON	del_10plus	4070
HepG2_skew	[-0.2,-0.05)	pELS	SINGLETON	del_2	7616
HepG2_skew	[-0.2,-0.05)	pELS	SINGLETON	del_3	5298
HepG2_skew	[-0.2,-0.05)	pELS	SINGLETON	del_4	4487
HepG2_skew	[-0.2,-0.05)	pELS	SINGLETON	del_5	1941
HepG2_skew	[-0.2,-0.05)	pELS	SINGLETON	del_6	1328
HepG2_skew	[-0.2,-0.05)	pELS	SINGLETON	del_7	1066
HepG2_skew	[-0.2,-0.05)	pELS	SINGLETON	del_8	1199
HepG2_skew	[-0.2,-0.05)	pELS	SINGLETON	del_9	481
HepG2_skew	[-0.2,-0.05)	pELS	SINGLETON	ins_1	11406
HepG2_skew	[-0.2,-0.05)	pELS	SINGLETON	ins_10plus	6340
HepG2_skew	[-0.2,-0.05)	pELS	SINGLETON	ins_2	4111
HepG2_skew	[-0.2,-0.05)	pELS	SINGLETON	ins_3	3115
HepG2_skew	[-0.2,-0.05)	pELS	SINGLETON	ins_4	3990
HepG2_skew	[-0.2,-0.05)	pELS	SINGLETON	ins_5	1910
HepG2_skew	[-0.2,-0.05)	pELS	SINGLETON	ins_6	2022
HepG2_skew	[-0.2,-0.05)	pELS	SINGLETON	ins_7	1149
HepG2_skew	[-0.2,-0.05)	pELS	SINGLETON	ins_8	1258
HepG2_skew	[-0.2,-0.05)	pELS	SINGLETON	ins_9	1393
HepG2_skew	[-0.2,-0.05)	pELS	ULTRARARE	del_1	21822
HepG2_skew	[-0.2,-0.05)	pELS	ULTRARARE	del_10plus	3693
HepG2_skew	[-0.2,-0.05)	pELS	ULTRARARE	del_2	5621
HepG2_skew	[-0.2,-0.05)	pELS	ULTRARARE	del_3	4213
HepG2_skew	[-0.2,-0.05)	pELS	ULTRARARE	del_4	3991
HepG2_skew	[-0.2,-0.05)	pELS	ULTRARARE	del_5	1445
HepG2_skew	[-0.2,-0.05)	pELS	ULTRARARE	del_6	974
HepG2_skew	[-0.2,-0.05)	pELS	ULTRARARE	del_7	802
HepG2_skew	[-0.2,-0.05)	pELS	ULTRARARE	del_8	957
HepG2_skew	[-0.2,-0.05)	pELS	ULTRARARE	del_9	389
HepG2_skew	[-0.2,-0.05)	pELS	ULTRARARE	ins_1	7339
HepG2_skew	[-0.2,-0.05)	pELS	ULTRARARE	ins_10plus	4831
HepG2_skew	[-0.2,-0.05)	pELS	ULTRARARE	ins_2	2806
HepG2_skew	[-0.2,-0.05)	pELS	ULTRARARE	ins_3	2102
HepG2_skew	[-0.2,-0.05)	pELS	ULTRARARE	ins_4	2914
HepG2_skew	[-0.2,-0.05)	pELS	ULTRARARE	ins_5	1461
HepG2_skew	[-0.2,-0.05)	pELS	ULTRARARE	ins_6	1635
HepG2_skew	[-0.2,-0.05)	pELS	ULTRARARE	ins_7	838
HepG2_skew	[-0.2,-0.05)	pELS	ULTRARARE	ins_8	943
HepG2_skew	[-0.2,-0.05)	pELS	ULTRARARE	ins_9	1011
HepG2_skew	[-0.5,-0.2)	Other cCREs	COMMON	del_1	320
HepG2_skew	[-0.5,-0.2)	Other cCREs	COMMON	del_10plus	173
HepG2_skew	[-0.5,-0.2)	Other cCREs	COMMON	del_2	143
HepG2_skew	[-0.5,-0.2)	Other cCREs	COMMON	del_3	77
HepG2_skew	[-0.5,-0.2)	Other cCREs	COMMON	del_4	105
HepG2_skew	[-0.5,-0.2)	Other cCREs	COMMON	del_5	33
HepG2_skew	[-0.5,-0.2)	Other cCREs	COMMON	del_6	38
HepG2_skew	[-0.5,-0.2)	Other cCREs	COMMON	del_7	28
HepG2_skew	[-0.5,-0.2)	Other cCREs	COMMON	del_8	54
HepG2_skew	[-0.5,-0.2)	Other cCREs	COMMON	del_9	15
HepG2_skew	[-0.5,-0.2)	Other cCREs	COMMON	ins_1	159
HepG2_skew	[-0.5,-0.2)	Other cCREs	COMMON	ins_10plus	562
HepG2_skew	[-0.5,-0.2)	Other cCREs	COMMON	ins_2	78
HepG2_skew	[-0.5,-0.2)	Other cCREs	COMMON	ins_3	48
HepG2_skew	[-0.5,-0.2)	Other cCREs	COMMON	ins_4	69
HepG2_skew	[-0.5,-0.2)	Other cCREs	COMMON	ins_5	22
HepG2_skew	[-0.5,-0.2)	Other cCREs	COMMON	ins_6	28
HepG2_skew	[-0.5,-0.2)	Other cCREs	COMMON	ins_7	13
HepG2_skew	[-0.5,-0.2)	Other cCREs	COMMON	ins_8	29
HepG2_skew	[-0.5,-0.2)	Other cCREs	COMMON	ins_9	35
HepG2_skew	[-0.5,-0.2)	Other cCREs	LOW_FREQ	del_1	386
HepG2_skew	[-0.5,-0.2)	Other cCREs	LOW_FREQ	del_10plus	235
HepG2_skew	[-0.5,-0.2)	Other cCREs	LOW_FREQ	del_2	151
HepG2_skew	[-0.5,-0.2)	Other cCREs	LOW_FREQ	del_3	85
HepG2_skew	[-0.5,-0.2)	Other cCREs	LOW_FREQ	del_4	135
HepG2_skew	[-0.5,-0.2)	Other cCREs	LOW_FREQ	del_5	42
HepG2_skew	[-0.5,-0.2)	Other cCREs	LOW_FREQ	del_6	62
HepG2_skew	[-0.5,-0.2)	Other cCREs	LOW_FREQ	del_7	36
HepG2_skew	[-0.5,-0.2)	Other cCREs	LOW_FREQ	del_8	70
HepG2_skew	[-0.5,-0.2)	Other cCREs	LOW_FREQ	del_9	14
HepG2_skew	[-0.5,-0.2)	Other cCREs	LOW_FREQ	ins_1	152
HepG2_skew	[-0.5,-0.2)	Other cCREs	LOW_FREQ	ins_10plus	814
HepG2_skew	[-0.5,-0.2)	Other cCREs	LOW_FREQ	ins_2	65
HepG2_skew	[-0.5,-0.2)	Other cCREs	LOW_FREQ	ins_3	39
HepG2_skew	[-0.5,-0.2)	Other cCREs	LOW_FREQ	ins_4	73
HepG2_skew	[-0.5,-0.2)	Other cCREs	LOW_FREQ	ins_5	35
HepG2_skew	[-0.5,-0.2)	Other cCREs	LOW_FREQ	ins_6	38
HepG2_skew	[-0.5,-0.2)	Other cCREs	LOW_FREQ	ins_7	20
HepG2_skew	[-0.5,-0.2)	Other cCREs	LOW_FREQ	ins_8	50
HepG2_skew	[-0.5,-0.2)	Other cCREs	LOW_FREQ	ins_9	43
HepG2_skew	[-0.5,-0.2)	Other cCREs	RARE	del_1	995
HepG2_skew	[-0.5,-0.2)	Other cCREs	RARE	del_10plus	576
HepG2_skew	[-0.5,-0.2)	Other cCREs	RARE	del_2	365
HepG2_skew	[-0.5,-0.2)	Other cCREs	RARE	del_3	252
HepG2_skew	[-0.5,-0.2)	Other cCREs	RARE	del_4	341
HepG2_skew	[-0.5,-0.2)	Other cCREs	RARE	del_5	88
HepG2_skew	[-0.5,-0.2)	Other cCREs	RARE	del_6	129
HepG2_skew	[-0.5,-0.2)	Other cCREs	RARE	del_7	97
HepG2_skew	[-0.5,-0.2)	Other cCREs	RARE	del_8	128
HepG2_skew	[-0.5,-0.2)	Other cCREs	RARE	del_9	42
HepG2_skew	[-0.5,-0.2)	Other cCREs	RARE	ins_1	343
HepG2_skew	[-0.5,-0.2)	Other cCREs	RARE	ins_10plus	1416
HepG2_skew	[-0.5,-0.2)	Other cCREs	RARE	ins_2	160
HepG2_skew	[-0.5,-0.2)	Other cCREs	RARE	ins_3	84
HepG2_skew	[-0.5,-0.2)	Other cCREs	RARE	ins_4	146
HepG2_skew	[-0.5,-0.2)	Other cCREs	RARE	ins_5	52
HepG2_skew	[-0.5,-0.2)	Other cCREs	RARE	ins_6	75
HepG2_skew	[-0.5,-0.2)	Other cCREs	RARE	ins_7	49
HepG2_skew	[-0.5,-0.2)	Other cCREs	RARE	ins_8	66
HepG2_skew	[-0.5,-0.2)	Other cCREs	RARE	ins_9	132
HepG2_skew	[-0.5,-0.2)	Other cCREs	SINGLETON	del_1	10705
HepG2_skew	[-0.5,-0.2)	Other cCREs	SINGLETON	del_10plus	2677
HepG2_skew	[-0.5,-0.2)	Other cCREs	SINGLETON	del_2	2661
HepG2_skew	[-0.5,-0.2)	Other cCREs	SINGLETON	del_3	1859
HepG2_skew	[-0.5,-0.2)	Other cCREs	SINGLETON	del_4	2067
HepG2_skew	[-0.5,-0.2)	Other cCREs	SINGLETON	del_5	848
HepG2_skew	[-0.5,-0.2)	Other cCREs	SINGLETON	del_6	675
HepG2_skew	[-0.5,-0.2)	Other cCREs	SINGLETON	del_7	597
HepG2_skew	[-0.5,-0.2)	Other cCREs	SINGLETON	del_8	585
HepG2_skew	[-0.5,-0.2)	Other cCREs	SINGLETON	del_9	315
HepG2_skew	[-0.5,-0.2)	Other cCREs	SINGLETON	ins_1	3087
HepG2_skew	[-0.5,-0.2)	Other cCREs	SINGLETON	ins_10plus	4878
HepG2_skew	[-0.5,-0.2)	Other cCREs	SINGLETON	ins_2	1106
HepG2_skew	[-0.5,-0.2)	Other cCREs	SINGLETON	ins_3	720
HepG2_skew	[-0.5,-0.2)	Other cCREs	SINGLETON	ins_4	830
HepG2_skew	[-0.5,-0.2)	Other cCREs	SINGLETON	ins_5	378
HepG2_skew	[-0.5,-0.2)	Other cCREs	SINGLETON	ins_6	404
HepG2_skew	[-0.5,-0.2)	Other cCREs	SINGLETON	ins_7	266
HepG2_skew	[-0.5,-0.2)	Other cCREs	SINGLETON	ins_8	304
HepG2_skew	[-0.5,-0.2)	Other cCREs	SINGLETON	ins_9	585
HepG2_skew	[-0.5,-0.2)	Other cCREs	ULTRARARE	del_1	6179
HepG2_skew	[-0.5,-0.2)	Other cCREs	ULTRARARE	del_10plus	1902
HepG2_skew	[-0.5,-0.2)	Other cCREs	ULTRARARE	del_2	1754
HepG2_skew	[-0.5,-0.2)	Other cCREs	ULTRARARE	del_3	1294
HepG2_skew	[-0.5,-0.2)	Other cCREs	ULTRARARE	del_4	1706
HepG2_skew	[-0.5,-0.2)	Other cCREs	ULTRARARE	del_5	595
HepG2_skew	[-0.5,-0.2)	Other cCREs	ULTRARARE	del_6	475
HepG2_skew	[-0.5,-0.2)	Other cCREs	ULTRARARE	del_7	418
HepG2_skew	[-0.5,-0.2)	Other cCREs	ULTRARARE	del_8	432
HepG2_skew	[-0.5,-0.2)	Other cCREs	ULTRARARE	del_9	223
HepG2_skew	[-0.5,-0.2)	Other cCREs	ULTRARARE	ins_1	1863
HepG2_skew	[-0.5,-0.2)	Other cCREs	ULTRARARE	ins_10plus	3681
HepG2_skew	[-0.5,-0.2)	Other cCREs	ULTRARARE	ins_2	723
HepG2_skew	[-0.5,-0.2)	Other cCREs	ULTRARARE	ins_3	437
HepG2_skew	[-0.5,-0.2)	Other cCREs	ULTRARARE	ins_4	581
HepG2_skew	[-0.5,-0.2)	Other cCREs	ULTRARARE	ins_5	277
HepG2_skew	[-0.5,-0.2)	Other cCREs	ULTRARARE	ins_6	272
HepG2_skew	[-0.5,-0.2)	Other cCREs	ULTRARARE	ins_7	163
HepG2_skew	[-0.5,-0.2)	Other cCREs	ULTRARARE	ins_8	245
HepG2_skew	[-0.5,-0.2)	Other cCREs	ULTRARARE	ins_9	388
HepG2_skew	[-0.5,-0.2)	PLS	COMMON	del_1	39
HepG2_skew	[-0.5,-0.2)	PLS	COMMON	del_10plus	31
HepG2_skew	[-0.5,-0.2)	PLS	COMMON	del_2	9
HepG2_skew	[-0.5,-0.2)	PLS	COMMON	del_3	5
HepG2_skew	[-0.5,-0.2)	PLS	COMMON	del_4	3
HepG2_skew	[-0.5,-0.2)	PLS	COMMON	del_5	4
HepG2_skew	[-0.5,-0.2)	PLS	COMMON	del_6	6
HepG2_skew	[-0.5,-0.2)	PLS	COMMON	del_7	4
HepG2_skew	[-0.5,-0.2)	PLS	COMMON	del_8	4
HepG2_skew	[-0.5,-0.2)	PLS	COMMON	del_9	3
HepG2_skew	[-0.5,-0.2)	PLS	COMMON	ins_1	26
HepG2_skew	[-0.5,-0.2)	PLS	COMMON	ins_10plus	56
HepG2_skew	[-0.5,-0.2)	PLS	COMMON	ins_2	11
HepG2_skew	[-0.5,-0.2)	PLS	COMMON	ins_3	6
HepG2_skew	[-0.5,-0.2)	PLS	COMMON	ins_4	11
HepG2_skew	[-0.5,-0.2)	PLS	COMMON	ins_5	5
HepG2_skew	[-0.5,-0.2)	PLS	COMMON	ins_6	3
HepG2_skew	[-0.5,-0.2)	PLS	COMMON	ins_7	5
HepG2_skew	[-0.5,-0.2)	PLS	COMMON	ins_8	6
HepG2_skew	[-0.5,-0.2)	PLS	COMMON	ins_9	10
HepG2_skew	[-0.5,-0.2)	PLS	LOW_FREQ	del_1	68
HepG2_skew	[-0.5,-0.2)	PLS	LOW_FREQ	del_10plus	46
HepG2_skew	[-0.5,-0.2)	PLS	LOW_FREQ	del_2	14
HepG2_skew	[-0.5,-0.2)	PLS	LOW_FREQ	del_3	11
HepG2_skew	[-0.5,-0.2)	PLS	LOW_FREQ	del_4	10
HepG2_skew	[-0.5,-0.2)	PLS	LOW_FREQ	del_5	5
HepG2_skew	[-0.5,-0.2)	PLS	LOW_FREQ	del_6	6
HepG2_skew	[-0.5,-0.2)	PLS	LOW_FREQ	del_7	5
HepG2_skew	[-0.5,-0.2)	PLS	LOW_FREQ	del_8	8
HepG2_skew	[-0.5,-0.2)	PLS	LOW_FREQ	del_9	2
HepG2_skew	[-0.5,-0.2)	PLS	LOW_FREQ	ins_1	30
HepG2_skew	[-0.5,-0.2)	PLS	LOW_FREQ	ins_10plus	92
HepG2_skew	[-0.5,-0.2)	PLS	LOW_FREQ	ins_2	10
HepG2_skew	[-0.5,-0.2)	PLS	LOW_FREQ	ins_3	7
HepG2_skew	[-0.5,-0.2)	PLS	LOW_FREQ	ins_4	12
HepG2_skew	[-0.5,-0.2)	PLS	LOW_FREQ	ins_5	10
HepG2_skew	[-0.5,-0.2)	PLS	LOW_FREQ	ins_6	13
HepG2_skew	[-0.5,-0.2)	PLS	LOW_FREQ	ins_7	5
HepG2_skew	[-0.5,-0.2)	PLS	LOW_FREQ	ins_8	11
HepG2_skew	[-0.5,-0.2)	PLS	LOW_FREQ	ins_9	10
HepG2_skew	[-0.5,-0.2)	PLS	RARE	del_1	159
HepG2_skew	[-0.5,-0.2)	PLS	RARE	del_10plus	146
HepG2_skew	[-0.5,-0.2)	PLS	RARE	del_2	29
HepG2_skew	[-0.5,-0.2)	PLS	RARE	del_3	19
HepG2_skew	[-0.5,-0.2)	PLS	RARE	del_4	27
HepG2_skew	[-0.5,-0.2)	PLS	RARE	del_5	12
HepG2_skew	[-0.5,-0.2)	PLS	RARE	del_6	19
HepG2_skew	[-0.5,-0.2)	PLS	RARE	del_7	9
HepG2_skew	[-0.5,-0.2)	PLS	RARE	del_8	16
HepG2_skew	[-0.5,-0.2)	PLS	RARE	del_9	7
HepG2_skew	[-0.5,-0.2)	PLS	RARE	ins_1	101
HepG2_skew	[-0.5,-0.2)	PLS	RARE	ins_10plus	202
HepG2_skew	[-0.5,-0.2)	PLS	RARE	ins_2	32
HepG2_skew	[-0.5,-0.2)	PLS	RARE	ins_3	17
HepG2_skew	[-0.5,-0.2)	PLS	RARE	ins_4	25
HepG2_skew	[-0.5,-0.2)	PLS	RARE	ins_5	14
HepG2_skew	[-0.5,-0.2)	PLS	RARE	ins_6	14
HepG2_skew	[-0.5,-0.2)	PLS	RARE	ins_7	12
HepG2_skew	[-0.5,-0.2)	PLS	RARE	ins_8	10
HepG2_skew	[-0.5,-0.2)	PLS	RARE	ins_9	36
HepG2_skew	[-0.5,-0.2)	PLS	SINGLETON	del_1	1820
HepG2_skew	[-0.5,-0.2)	PLS	SINGLETON	del_10plus	642
HepG2_skew	[-0.5,-0.2)	PLS	SINGLETON	del_2	293
HepG2_skew	[-0.5,-0.2)	PLS	SINGLETON	del_3	248
HepG2_skew	[-0.5,-0.2)	PLS	SINGLETON	del_4	179
HepG2_skew	[-0.5,-0.2)	PLS	SINGLETON	del_5	122
HepG2_skew	[-0.5,-0.2)	PLS	SINGLETON	del_6	95
HepG2_skew	[-0.5,-0.2)	PLS	SINGLETON	del_7	82
HepG2_skew	[-0.5,-0.2)	PLS	SINGLETON	del_8	93
HepG2_skew	[-0.5,-0.2)	PLS	SINGLETON	del_9	67
HepG2_skew	[-0.5,-0.2)	PLS	SINGLETON	ins_1	788
HepG2_skew	[-0.5,-0.2)	PLS	SINGLETON	ins_10plus	920
HepG2_skew	[-0.5,-0.2)	PLS	SINGLETON	ins_2	250
HepG2_skew	[-0.5,-0.2)	PLS	SINGLETON	ins_3	155
HepG2_skew	[-0.5,-0.2)	PLS	SINGLETON	ins_4	183
HepG2_skew	[-0.5,-0.2)	PLS	SINGLETON	ins_5	113
HepG2_skew	[-0.5,-0.2)	PLS	SINGLETON	ins_6	114
HepG2_skew	[-0.5,-0.2)	PLS	SINGLETON	ins_7	97
HepG2_skew	[-0.5,-0.2)	PLS	SINGLETON	ins_8	87
HepG2_skew	[-0.5,-0.2)	PLS	SINGLETON	ins_9	139
HepG2_skew	[-0.5,-0.2)	PLS	ULTRARARE	del_1	1100
HepG2_skew	[-0.5,-0.2)	PLS	ULTRARARE	del_10plus	552
HepG2_skew	[-0.5,-0.2)	PLS	ULTRARARE	del_2	213
HepG2_skew	[-0.5,-0.2)	PLS	ULTRARARE	del_3	136
HepG2_skew	[-0.5,-0.2)	PLS	ULTRARARE	del_4	130
HepG2_skew	[-0.5,-0.2)	PLS	ULTRARARE	del_5	71
HepG2_skew	[-0.5,-0.2)	PLS	ULTRARARE	del_6	77
HepG2_skew	[-0.5,-0.2)	PLS	ULTRARARE	del_7	61
HepG2_skew	[-0.5,-0.2)	PLS	ULTRARARE	del_8	75
HepG2_skew	[-0.5,-0.2)	PLS	ULTRARARE	del_9	38
HepG2_skew	[-0.5,-0.2)	PLS	ULTRARARE	ins_1	509
HepG2_skew	[-0.5,-0.2)	PLS	ULTRARARE	ins_10plus	762
HepG2_skew	[-0.5,-0.2)	PLS	ULTRARARE	ins_2	163
HepG2_skew	[-0.5,-0.2)	PLS	ULTRARARE	ins_3	90
HepG2_skew	[-0.5,-0.2)	PLS	ULTRARARE	ins_4	88
HepG2_skew	[-0.5,-0.2)	PLS	ULTRARARE	ins_5	66
HepG2_skew	[-0.5,-0.2)	PLS	ULTRARARE	ins_6	101
HepG2_skew	[-0.5,-0.2)	PLS	ULTRARARE	ins_7	49
HepG2_skew	[-0.5,-0.2)	PLS	ULTRARARE	ins_8	51
HepG2_skew	[-0.5,-0.2)	PLS	ULTRARARE	ins_9	89
HepG2_skew	[-0.5,-0.2)	dELS	COMMON	del_1	939
HepG2_skew	[-0.5,-0.2)	dELS	COMMON	del_10plus	471
HepG2_skew	[-0.5,-0.2)	dELS	COMMON	del_2	330
HepG2_skew	[-0.5,-0.2)	dELS	COMMON	del_3	198
HepG2_skew	[-0.5,-0.2)	dELS	COMMON	del_4	260
HepG2_skew	[-0.5,-0.2)	dELS	COMMON	del_5	86
HepG2_skew	[-0.5,-0.2)	dELS	COMMON	del_6	127
HepG2_skew	[-0.5,-0.2)	dELS	COMMON	del_7	76
HepG2_skew	[-0.5,-0.2)	dELS	COMMON	del_8	112
HepG2_skew	[-0.5,-0.2)	dELS	COMMON	del_9	40
HepG2_skew	[-0.5,-0.2)	dELS	COMMON	ins_1	497
HepG2_skew	[-0.5,-0.2)	dELS	COMMON	ins_10plus	1519
HepG2_skew	[-0.5,-0.2)	dELS	COMMON	ins_2	214
HepG2_skew	[-0.5,-0.2)	dELS	COMMON	ins_3	129
HepG2_skew	[-0.5,-0.2)	dELS	COMMON	ins_4	155
HepG2_skew	[-0.5,-0.2)	dELS	COMMON	ins_5	72
HepG2_skew	[-0.5,-0.2)	dELS	COMMON	ins_6	81
HepG2_skew	[-0.5,-0.2)	dELS	COMMON	ins_7	57
HepG2_skew	[-0.5,-0.2)	dELS	COMMON	ins_8	74
HepG2_skew	[-0.5,-0.2)	dELS	COMMON	ins_9	107
HepG2_skew	[-0.5,-0.2)	dELS	LOW_FREQ	del_1	1220
HepG2_skew	[-0.5,-0.2)	dELS	LOW_FREQ	del_10plus	629
HepG2_skew	[-0.5,-0.2)	dELS	LOW_FREQ	del_2	405
HepG2_skew	[-0.5,-0.2)	dELS	LOW_FREQ	del_3	235
HepG2_skew	[-0.5,-0.2)	dELS	LOW_FREQ	del_4	371
HepG2_skew	[-0.5,-0.2)	dELS	LOW_FREQ	del_5	107
HepG2_skew	[-0.5,-0.2)	dELS	LOW_FREQ	del_6	131
HepG2_skew	[-0.5,-0.2)	dELS	LOW_FREQ	del_7	81
HepG2_skew	[-0.5,-0.2)	dELS	LOW_FREQ	del_8	128
HepG2_skew	[-0.5,-0.2)	dELS	LOW_FREQ	del_9	48
HepG2_skew	[-0.5,-0.2)	dELS	LOW_FREQ	ins_1	483
HepG2_skew	[-0.5,-0.2)	dELS	LOW_FREQ	ins_10plus	1966
HepG2_skew	[-0.5,-0.2)	dELS	LOW_FREQ	ins_2	196
HepG2_skew	[-0.5,-0.2)	dELS	LOW_FREQ	ins_3	118
HepG2_skew	[-0.5,-0.2)	dELS	LOW_FREQ	ins_4	165
HepG2_skew	[-0.5,-0.2)	dELS	LOW_FREQ	ins_5	77
HepG2_skew	[-0.5,-0.2)	dELS	LOW_FREQ	ins_6	103
HepG2_skew	[-0.5,-0.2)	dELS	LOW_FREQ	ins_7	61
HepG2_skew	[-0.5,-0.2)	dELS	LOW_FREQ	ins_8	83
HepG2_skew	[-0.5,-0.2)	dELS	LOW_FREQ	ins_9	110
HepG2_skew	[-0.5,-0.2)	dELS	RARE	del_1	3181
HepG2_skew	[-0.5,-0.2)	dELS	RARE	del_10plus	1456
HepG2_skew	[-0.5,-0.2)	dELS	RARE	del_2	1053
HepG2_skew	[-0.5,-0.2)	dELS	RARE	del_3	666
HepG2_skew	[-0.5,-0.2)	dELS	RARE	del_4	948
HepG2_skew	[-0.5,-0.2)	dELS	RARE	del_5	328
HepG2_skew	[-0.5,-0.2)	dELS	RARE	del_6	301
HepG2_skew	[-0.5,-0.2)	dELS	RARE	del_7	234
HepG2_skew	[-0.5,-0.2)	dELS	RARE	del_8	297
HepG2_skew	[-0.5,-0.2)	dELS	RARE	del_9	113
HepG2_skew	[-0.5,-0.2)	dELS	RARE	ins_1	1111
HepG2_skew	[-0.5,-0.2)	dELS	RARE	ins_10plus	3456
HepG2_skew	[-0.5,-0.2)	dELS	RARE	ins_2	519
HepG2_skew	[-0.5,-0.2)	dELS	RARE	ins_3	245
HepG2_skew	[-0.5,-0.2)	dELS	RARE	ins_4	403
HepG2_skew	[-0.5,-0.2)	dELS	RARE	ins_5	190
HepG2_skew	[-0.5,-0.2)	dELS	RARE	ins_6	217
HepG2_skew	[-0.5,-0.2)	dELS	RARE	ins_7	145
HepG2_skew	[-0.5,-0.2)	dELS	RARE	ins_8	172
HepG2_skew	[-0.5,-0.2)	dELS	RARE	ins_9	297
HepG2_skew	[-0.5,-0.2)	dELS	SINGLETON	del_1	34789
HepG2_skew	[-0.5,-0.2)	dELS	SINGLETON	del_10plus	7859
HepG2_skew	[-0.5,-0.2)	dELS	SINGLETON	del_2	8435
HepG2_skew	[-0.5,-0.2)	dELS	SINGLETON	del_3	5688
HepG2_skew	[-0.5,-0.2)	dELS	SINGLETON	del_4	6342
HepG2_skew	[-0.5,-0.2)	dELS	SINGLETON	del_5	2545
HepG2_skew	[-0.5,-0.2)	dELS	SINGLETON	del_6	1966
HepG2_skew	[-0.5,-0.2)	dELS	SINGLETON	del_7	1714
HepG2_skew	[-0.5,-0.2)	dELS	SINGLETON	del_8	1677
HepG2_skew	[-0.5,-0.2)	dELS	SINGLETON	del_9	952
HepG2_skew	[-0.5,-0.2)	dELS	SINGLETON	ins_1	10322
HepG2_skew	[-0.5,-0.2)	dELS	SINGLETON	ins_10plus	13114
HepG2_skew	[-0.5,-0.2)	dELS	SINGLETON	ins_2	3547
HepG2_skew	[-0.5,-0.2)	dELS	SINGLETON	ins_3	2339
HepG2_skew	[-0.5,-0.2)	dELS	SINGLETON	ins_4	2668
HepG2_skew	[-0.5,-0.2)	dELS	SINGLETON	ins_5	1226
HepG2_skew	[-0.5,-0.2)	dELS	SINGLETON	ins_6	1194
HepG2_skew	[-0.5,-0.2)	dELS	SINGLETON	ins_7	865
HepG2_skew	[-0.5,-0.2)	dELS	SINGLETON	ins_8	985
HepG2_skew	[-0.5,-0.2)	dELS	SINGLETON	ins_9	1689
HepG2_skew	[-0.5,-0.2)	dELS	ULTRARARE	del_1	18778
HepG2_skew	[-0.5,-0.2)	dELS	ULTRARARE	del_10plus	5496
HepG2_skew	[-0.5,-0.2)	dELS	ULTRARARE	del_2	5624
HepG2_skew	[-0.5,-0.2)	dELS	ULTRARARE	del_3	3907
HepG2_skew	[-0.5,-0.2)	dELS	ULTRARARE	del_4	5050
HepG2_skew	[-0.5,-0.2)	dELS	ULTRARARE	del_5	1571
HepG2_skew	[-0.5,-0.2)	dELS	ULTRARARE	del_6	1325
HepG2_skew	[-0.5,-0.2)	dELS	ULTRARARE	del_7	1141
HepG2_skew	[-0.5,-0.2)	dELS	ULTRARARE	del_8	1215
HepG2_skew	[-0.5,-0.2)	dELS	ULTRARARE	del_9	597
HepG2_skew	[-0.5,-0.2)	dELS	ULTRARARE	ins_1	6127
HepG2_skew	[-0.5,-0.2)	dELS	ULTRARARE	ins_10plus	9414
HepG2_skew	[-0.5,-0.2)	dELS	ULTRARARE	ins_2	2155
HepG2_skew	[-0.5,-0.2)	dELS	ULTRARARE	ins_3	1300
HepG2_skew	[-0.5,-0.2)	dELS	ULTRARARE	ins_4	1682
HepG2_skew	[-0.5,-0.2)	dELS	ULTRARARE	ins_5	805
HepG2_skew	[-0.5,-0.2)	dELS	ULTRARARE	ins_6	783
HepG2_skew	[-0.5,-0.2)	dELS	ULTRARARE	ins_7	535
HepG2_skew	[-0.5,-0.2)	dELS	ULTRARARE	ins_8	653
HepG2_skew	[-0.5,-0.2)	dELS	ULTRARARE	ins_9	1131
HepG2_skew	[-0.5,-0.2)	non-cCRE	COMMON	del_1	2095
HepG2_skew	[-0.5,-0.2)	non-cCRE	COMMON	del_10plus	1654
HepG2_skew	[-0.5,-0.2)	non-cCRE	COMMON	del_2	900
HepG2_skew	[-0.5,-0.2)	non-cCRE	COMMON	del_3	658
HepG2_skew	[-0.5,-0.2)	non-cCRE	COMMON	del_4	934
HepG2_skew	[-0.5,-0.2)	non-cCRE	COMMON	del_5	457
HepG2_skew	[-0.5,-0.2)	non-cCRE	COMMON	del_6	410
HepG2_skew	[-0.5,-0.2)	non-cCRE	COMMON	del_7	305
HepG2_skew	[-0.5,-0.2)	non-cCRE	COMMON	del_8	380
HepG2_skew	[-0.5,-0.2)	non-cCRE	COMMON	del_9	163
HepG2_skew	[-0.5,-0.2)	non-cCRE	COMMON	ins_1	992
HepG2_skew	[-0.5,-0.2)	non-cCRE	COMMON	ins_10plus	6336
HepG2_skew	[-0.5,-0.2)	non-cCRE	COMMON	ins_2	458
HepG2_skew	[-0.5,-0.2)	non-cCRE	COMMON	ins_3	298
HepG2_skew	[-0.5,-0.2)	non-cCRE	COMMON	ins_4	454
HepG2_skew	[-0.5,-0.2)	non-cCRE	COMMON	ins_5	199
HepG2_skew	[-0.5,-0.2)	non-cCRE	COMMON	ins_6	245
HepG2_skew	[-0.5,-0.2)	non-cCRE	COMMON	ins_7	175
HepG2_skew	[-0.5,-0.2)	non-cCRE	COMMON	ins_8	351
HepG2_skew	[-0.5,-0.2)	non-cCRE	COMMON	ins_9	393
HepG2_skew	[-0.5,-0.2)	non-cCRE	LOW_FREQ	del_1	2525
HepG2_skew	[-0.5,-0.2)	non-cCRE	LOW_FREQ	del_10plus	2060
HepG2_skew	[-0.5,-0.2)	non-cCRE	LOW_FREQ	del_2	1045
HepG2_skew	[-0.5,-0.2)	non-cCRE	LOW_FREQ	del_3	859
HepG2_skew	[-0.5,-0.2)	non-cCRE	LOW_FREQ	del_4	1174
HepG2_skew	[-0.5,-0.2)	non-cCRE	LOW_FREQ	del_5	532
HepG2_skew	[-0.5,-0.2)	non-cCRE	LOW_FREQ	del_6	490
HepG2_skew	[-0.5,-0.2)	non-cCRE	LOW_FREQ	del_7	465
HepG2_skew	[-0.5,-0.2)	non-cCRE	LOW_FREQ	del_8	513
HepG2_skew	[-0.5,-0.2)	non-cCRE	LOW_FREQ	del_9	211
HepG2_skew	[-0.5,-0.2)	non-cCRE	LOW_FREQ	ins_1	924
HepG2_skew	[-0.5,-0.2)	non-cCRE	LOW_FREQ	ins_10plus	9480
HepG2_skew	[-0.5,-0.2)	non-cCRE	LOW_FREQ	ins_2	465
HepG2_skew	[-0.5,-0.2)	non-cCRE	LOW_FREQ	ins_3	285
HepG2_skew	[-0.5,-0.2)	non-cCRE	LOW_FREQ	ins_4	459
HepG2_skew	[-0.5,-0.2)	non-cCRE	LOW_FREQ	ins_5	212
HepG2_skew	[-0.5,-0.2)	non-cCRE	LOW_FREQ	ins_6	280
HepG2_skew	[-0.5,-0.2)	non-cCRE	LOW_FREQ	ins_7	190
HepG2_skew	[-0.5,-0.2)	non-cCRE	LOW_FREQ	ins_8	336
HepG2_skew	[-0.5,-0.2)	non-cCRE	LOW_FREQ	ins_9	558
HepG2_skew	[-0.5,-0.2)	non-cCRE	RARE	del_1	6215
HepG2_skew	[-0.5,-0.2)	non-cCRE	RARE	del_10plus	5012
HepG2_skew	[-0.5,-0.2)	non-cCRE	RARE	del_2	2532
HepG2_skew	[-0.5,-0.2)	non-cCRE	RARE	del_3	2066
HepG2_skew	[-0.5,-0.2)	non-cCRE	RARE	del_4	3016
HepG2_skew	[-0.5,-0.2)	non-cCRE	RARE	del_5	1402
HepG2_skew	[-0.5,-0.2)	non-cCRE	RARE	del_6	1209
HepG2_skew	[-0.5,-0.2)	non-cCRE	RARE	del_7	1245
HepG2_skew	[-0.5,-0.2)	non-cCRE	RARE	del_8	1164
HepG2_skew	[-0.5,-0.2)	non-cCRE	RARE	del_9	581
HepG2_skew	[-0.5,-0.2)	non-cCRE	RARE	ins_1	2080
HepG2_skew	[-0.5,-0.2)	non-cCRE	RARE	ins_10plus	18398
HepG2_skew	[-0.5,-0.2)	non-cCRE	RARE	ins_2	1107
HepG2_skew	[-0.5,-0.2)	non-cCRE	RARE	ins_3	577
HepG2_skew	[-0.5,-0.2)	non-cCRE	RARE	ins_4	964
HepG2_skew	[-0.5,-0.2)	non-cCRE	RARE	ins_5	555
HepG2_skew	[-0.5,-0.2)	non-cCRE	RARE	ins_6	596
HepG2_skew	[-0.5,-0.2)	non-cCRE	RARE	ins_7	450
HepG2_skew	[-0.5,-0.2)	non-cCRE	RARE	ins_8	644
HepG2_skew	[-0.5,-0.2)	non-cCRE	RARE	ins_9	1227
HepG2_skew	[-0.5,-0.2)	non-cCRE	SINGLETON	del_1	66309
HepG2_skew	[-0.5,-0.2)	non-cCRE	SINGLETON	del_10plus	24703
HepG2_skew	[-0.5,-0.2)	non-cCRE	SINGLETON	del_2	17746
HepG2_skew	[-0.5,-0.2)	non-cCRE	SINGLETON	del_3	14203
HepG2_skew	[-0.5,-0.2)	non-cCRE	SINGLETON	del_4	19186
HepG2_skew	[-0.5,-0.2)	non-cCRE	SINGLETON	del_5	10343
HepG2_skew	[-0.5,-0.2)	non-cCRE	SINGLETON	del_6	7358
HepG2_skew	[-0.5,-0.2)	non-cCRE	SINGLETON	del_7	6548
HepG2_skew	[-0.5,-0.2)	non-cCRE	SINGLETON	del_8	6134
HepG2_skew	[-0.5,-0.2)	non-cCRE	SINGLETON	del_9	3589
HepG2_skew	[-0.5,-0.2)	non-cCRE	SINGLETON	ins_1	17526
HepG2_skew	[-0.5,-0.2)	non-cCRE	SINGLETON	ins_10plus	52558
HepG2_skew	[-0.5,-0.2)	non-cCRE	SINGLETON	ins_2	7333
HepG2_skew	[-0.5,-0.2)	non-cCRE	SINGLETON	ins_3	4496
HepG2_skew	[-0.5,-0.2)	non-cCRE	SINGLETON	ins_4	5326
HepG2_skew	[-0.5,-0.2)	non-cCRE	SINGLETON	ins_5	2906
HepG2_skew	[-0.5,-0.2)	non-cCRE	SINGLETON	ins_6	2798
HepG2_skew	[-0.5,-0.2)	non-cCRE	SINGLETON	ins_7	2129
HepG2_skew	[-0.5,-0.2)	non-cCRE	SINGLETON	ins_8	2719
HepG2_skew	[-0.5,-0.2)	non-cCRE	SINGLETON	ins_9	4644
HepG2_skew	[-0.5,-0.2)	non-cCRE	ULTRARARE	del_1	37243
HepG2_skew	[-0.5,-0.2)	non-cCRE	ULTRARARE	del_10plus	18423
HepG2_skew	[-0.5,-0.2)	non-cCRE	ULTRARARE	del_2	12132
HepG2_skew	[-0.5,-0.2)	non-cCRE	ULTRARARE	del_3	10644
HepG2_skew	[-0.5,-0.2)	non-cCRE	ULTRARARE	del_4	16234
HepG2_skew	[-0.5,-0.2)	non-cCRE	ULTRARARE	del_5	7273
HepG2_skew	[-0.5,-0.2)	non-cCRE	ULTRARARE	del_6	5010
HepG2_skew	[-0.5,-0.2)	non-cCRE	ULTRARARE	del_7	4857
HepG2_skew	[-0.5,-0.2)	non-cCRE	ULTRARARE	del_8	4677
HepG2_skew	[-0.5,-0.2)	non-cCRE	ULTRARARE	del_9	2463
HepG2_skew	[-0.5,-0.2)	non-cCRE	ULTRARARE	ins_1	11035
HepG2_skew	[-0.5,-0.2)	non-cCRE	ULTRARARE	ins_10plus	42320
HepG2_skew	[-0.5,-0.2)	non-cCRE	ULTRARARE	ins_2	4668
HepG2_skew	[-0.5,-0.2)	non-cCRE	ULTRARARE	ins_3	2620
HepG2_skew	[-0.5,-0.2)	non-cCRE	ULTRARARE	ins_4	3573
HepG2_skew	[-0.5,-0.2)	non-cCRE	ULTRARARE	ins_5	1937
HepG2_skew	[-0.5,-0.2)	non-cCRE	ULTRARARE	ins_6	2034
HepG2_skew	[-0.5,-0.2)	non-cCRE	ULTRARARE	ins_7	1393
HepG2_skew	[-0.5,-0.2)	non-cCRE	ULTRARARE	ins_8	2034
HepG2_skew	[-0.5,-0.2)	non-cCRE	ULTRARARE	ins_9	3453
HepG2_skew	[-0.5,-0.2)	pELS	COMMON	del_1	149
HepG2_skew	[-0.5,-0.2)	pELS	COMMON	del_10plus	99
HepG2_skew	[-0.5,-0.2)	pELS	COMMON	del_2	54
HepG2_skew	[-0.5,-0.2)	pELS	COMMON	del_3	39
HepG2_skew	[-0.5,-0.2)	pELS	COMMON	del_4	41
HepG2_skew	[-0.5,-0.2)	pELS	COMMON	del_5	17
HepG2_skew	[-0.5,-0.2)	pELS	COMMON	del_6	19
HepG2_skew	[-0.5,-0.2)	pELS	COMMON	del_7	17
HepG2_skew	[-0.5,-0.2)	pELS	COMMON	del_8	20
HepG2_skew	[-0.5,-0.2)	pELS	COMMON	del_9	4
HepG2_skew	[-0.5,-0.2)	pELS	COMMON	ins_1	74
HepG2_skew	[-0.5,-0.2)	pELS	COMMON	ins_10plus	262
HepG2_skew	[-0.5,-0.2)	pELS	COMMON	ins_2	26
HepG2_skew	[-0.5,-0.2)	pELS	COMMON	ins_3	30
HepG2_skew	[-0.5,-0.2)	pELS	COMMON	ins_4	38
HepG2_skew	[-0.5,-0.2)	pELS	COMMON	ins_5	16
HepG2_skew	[-0.5,-0.2)	pELS	COMMON	ins_6	20
HepG2_skew	[-0.5,-0.2)	pELS	COMMON	ins_7	12
HepG2_skew	[-0.5,-0.2)	pELS	COMMON	ins_8	17
HepG2_skew	[-0.5,-0.2)	pELS	COMMON	ins_9	20
HepG2_skew	[-0.5,-0.2)	pELS	LOW_FREQ	del_1	214
HepG2_skew	[-0.5,-0.2)	pELS	LOW_FREQ	del_10plus	137
HepG2_skew	[-0.5,-0.2)	pELS	LOW_FREQ	del_2	75
HepG2_skew	[-0.5,-0.2)	pELS	LOW_FREQ	del_3	59
HepG2_skew	[-0.5,-0.2)	pELS	LOW_FREQ	del_4	57
HepG2_skew	[-0.5,-0.2)	pELS	LOW_FREQ	del_5	18
HepG2_skew	[-0.5,-0.2)	pELS	LOW_FREQ	del_6	36
HepG2_skew	[-0.5,-0.2)	pELS	LOW_FREQ	del_7	17
HepG2_skew	[-0.5,-0.2)	pELS	LOW_FREQ	del_8	24
HepG2_skew	[-0.5,-0.2)	pELS	LOW_FREQ	del_9	9
HepG2_skew	[-0.5,-0.2)	pELS	LOW_FREQ	ins_1	108
HepG2_skew	[-0.5,-0.2)	pELS	LOW_FREQ	ins_10plus	414
HepG2_skew	[-0.5,-0.2)	pELS	LOW_FREQ	ins_2	28
HepG2_skew	[-0.5,-0.2)	pELS	LOW_FREQ	ins_3	22
HepG2_skew	[-0.5,-0.2)	pELS	LOW_FREQ	ins_4	33
HepG2_skew	[-0.5,-0.2)	pELS	LOW_FREQ	ins_5	21
HepG2_skew	[-0.5,-0.2)	pELS	LOW_FREQ	ins_6	15
HepG2_skew	[-0.5,-0.2)	pELS	LOW_FREQ	ins_7	16
HepG2_skew	[-0.5,-0.2)	pELS	LOW_FREQ	ins_8	29
HepG2_skew	[-0.5,-0.2)	pELS	LOW_FREQ	ins_9	28
HepG2_skew	[-0.5,-0.2)	pELS	RARE	del_1	510
HepG2_skew	[-0.5,-0.2)	pELS	RARE	del_10plus	299
HepG2_skew	[-0.5,-0.2)	pELS	RARE	del_2	150
HepG2_skew	[-0.5,-0.2)	pELS	RARE	del_3	108
HepG2_skew	[-0.5,-0.2)	pELS	RARE	del_4	186
HepG2_skew	[-0.5,-0.2)	pELS	RARE	del_5	38
HepG2_skew	[-0.5,-0.2)	pELS	RARE	del_6	69
HepG2_skew	[-0.5,-0.2)	pELS	RARE	del_7	37
HepG2_skew	[-0.5,-0.2)	pELS	RARE	del_8	67
HepG2_skew	[-0.5,-0.2)	pELS	RARE	del_9	31
HepG2_skew	[-0.5,-0.2)	pELS	RARE	ins_1	224
HepG2_skew	[-0.5,-0.2)	pELS	RARE	ins_10plus	669
HepG2_skew	[-0.5,-0.2)	pELS	RARE	ins_2	83
HepG2_skew	[-0.5,-0.2)	pELS	RARE	ins_3	68
HepG2_skew	[-0.5,-0.2)	pELS	RARE	ins_4	66
HepG2_skew	[-0.5,-0.2)	pELS	RARE	ins_5	48
HepG2_skew	[-0.5,-0.2)	pELS	RARE	ins_6	41
HepG2_skew	[-0.5,-0.2)	pELS	RARE	ins_7	30
HepG2_skew	[-0.5,-0.2)	pELS	RARE	ins_8	26
HepG2_skew	[-0.5,-0.2)	pELS	RARE	ins_9	56
HepG2_skew	[-0.5,-0.2)	pELS	SINGLETON	del_1	5863
HepG2_skew	[-0.5,-0.2)	pELS	SINGLETON	del_10plus	1632
HepG2_skew	[-0.5,-0.2)	pELS	SINGLETON	del_2	1369
HepG2_skew	[-0.5,-0.2)	pELS	SINGLETON	del_3	944
HepG2_skew	[-0.5,-0.2)	pELS	SINGLETON	del_4	938
HepG2_skew	[-0.5,-0.2)	pELS	SINGLETON	del_5	448
HepG2_skew	[-0.5,-0.2)	pELS	SINGLETON	del_6	387
HepG2_skew	[-0.5,-0.2)	pELS	SINGLETON	del_7	295
HepG2_skew	[-0.5,-0.2)	pELS	SINGLETON	del_8	324
HepG2_skew	[-0.5,-0.2)	pELS	SINGLETON	del_9	182
HepG2_skew	[-0.5,-0.2)	pELS	SINGLETON	ins_1	2153
HepG2_skew	[-0.5,-0.2)	pELS	SINGLETON	ins_10plus	2583
HepG2_skew	[-0.5,-0.2)	pELS	SINGLETON	ins_2	656
HepG2_skew	[-0.5,-0.2)	pELS	SINGLETON	ins_3	482
HepG2_skew	[-0.5,-0.2)	pELS	SINGLETON	ins_4	485
HepG2_skew	[-0.5,-0.2)	pELS	SINGLETON	ins_5	276
HepG2_skew	[-0.5,-0.2)	pELS	SINGLETON	ins_6	252
HepG2_skew	[-0.5,-0.2)	pELS	SINGLETON	ins_7	186
HepG2_skew	[-0.5,-0.2)	pELS	SINGLETON	ins_8	194
HepG2_skew	[-0.5,-0.2)	pELS	SINGLETON	ins_9	343
HepG2_skew	[-0.5,-0.2)	pELS	ULTRARARE	del_1	3226
HepG2_skew	[-0.5,-0.2)	pELS	ULTRARARE	del_10plus	1141
HepG2_skew	[-0.5,-0.2)	pELS	ULTRARARE	del_2	966
HepG2_skew	[-0.5,-0.2)	pELS	ULTRARARE	del_3	669
HepG2_skew	[-0.5,-0.2)	pELS	ULTRARARE	del_4	792
HepG2_skew	[-0.5,-0.2)	pELS	ULTRARARE	del_5	260
HepG2_skew	[-0.5,-0.2)	pELS	ULTRARARE	del_6	256
HepG2_skew	[-0.5,-0.2)	pELS	ULTRARARE	del_7	207
HepG2_skew	[-0.5,-0.2)	pELS	ULTRARARE	del_8	228
HepG2_skew	[-0.5,-0.2)	pELS	ULTRARARE	del_9	103
HepG2_skew	[-0.5,-0.2)	pELS	ULTRARARE	ins_1	1251
HepG2_skew	[-0.5,-0.2)	pELS	ULTRARARE	ins_10plus	1936
HepG2_skew	[-0.5,-0.2)	pELS	ULTRARARE	ins_2	451
HepG2_skew	[-0.5,-0.2)	pELS	ULTRARARE	ins_3	307
HepG2_skew	[-0.5,-0.2)	pELS	ULTRARARE	ins_4	343
HepG2_skew	[-0.5,-0.2)	pELS	ULTRARARE	ins_5	147
HepG2_skew	[-0.5,-0.2)	pELS	ULTRARARE	ins_6	177
HepG2_skew	[-0.5,-0.2)	pELS	ULTRARARE	ins_7	126
HepG2_skew	[-0.5,-0.2)	pELS	ULTRARARE	ins_8	147
HepG2_skew	[-0.5,-0.2)	pELS	ULTRARARE	ins_9	227
HepG2_skew	[-1.0,-0.5)	Other cCREs	COMMON	del_1	79
HepG2_skew	[-1.0,-0.5)	Other cCREs	COMMON	del_10plus	43
HepG2_skew	[-1.0,-0.5)	Other cCREs	COMMON	del_2	30
HepG2_skew	[-1.0,-0.5)	Other cCREs	COMMON	del_3	21
HepG2_skew	[-1.0,-0.5)	Other cCREs	COMMON	del_4	17
HepG2_skew	[-1.0,-0.5)	Other cCREs	COMMON	del_5	5
HepG2_skew	[-1.0,-0.5)	Other cCREs	COMMON	del_6	13
HepG2_skew	[-1.0,-0.5)	Other cCREs	COMMON	del_7	7
HepG2_skew	[-1.0,-0.5)	Other cCREs	COMMON	del_8	9
HepG2_skew	[-1.0,-0.5)	Other cCREs	COMMON	del_9	2
HepG2_skew	[-1.0,-0.5)	Other cCREs	COMMON	ins_1	31
HepG2_skew	[-1.0,-0.5)	Other cCREs	COMMON	ins_10plus	11
HepG2_skew	[-1.0,-0.5)	Other cCREs	COMMON	ins_2	10
HepG2_skew	[-1.0,-0.5)	Other cCREs	COMMON	ins_3	1
HepG2_skew	[-1.0,-0.5)	Other cCREs	COMMON	ins_4	8
HepG2_skew	[-1.0,-0.5)	Other cCREs	COMMON	ins_5	2
HepG2_skew	[-1.0,-0.5)	Other cCREs	COMMON	ins_6	5
HepG2_skew	[-1.0,-0.5)	Other cCREs	COMMON	ins_7	2
HepG2_skew	[-1.0,-0.5)	Other cCREs	COMMON	ins_8	1
HepG2_skew	[-1.0,-0.5)	Other cCREs	COMMON	ins_9	2
HepG2_skew	[-1.0,-0.5)	Other cCREs	LOW_FREQ	del_1	71
HepG2_skew	[-1.0,-0.5)	Other cCREs	LOW_FREQ	del_10plus	65
HepG2_skew	[-1.0,-0.5)	Other cCREs	LOW_FREQ	del_2	25
HepG2_skew	[-1.0,-0.5)	Other cCREs	LOW_FREQ	del_3	20
HepG2_skew	[-1.0,-0.5)	Other cCREs	LOW_FREQ	del_4	24
HepG2_skew	[-1.0,-0.5)	Other cCREs	LOW_FREQ	del_5	11
HepG2_skew	[-1.0,-0.5)	Other cCREs	LOW_FREQ	del_6	7
HepG2_skew	[-1.0,-0.5)	Other cCREs	LOW_FREQ	del_7	10
HepG2_skew	[-1.0,-0.5)	Other cCREs	LOW_FREQ	del_8	14
HepG2_skew	[-1.0,-0.5)	Other cCREs	LOW_FREQ	del_9	7
HepG2_skew	[-1.0,-0.5)	Other cCREs	LOW_FREQ	ins_1	34
HepG2_skew	[-1.0,-0.5)	Other cCREs	LOW_FREQ	ins_10plus	20
HepG2_skew	[-1.0,-0.5)	Other cCREs	LOW_FREQ	ins_2	13
HepG2_skew	[-1.0,-0.5)	Other cCREs	LOW_FREQ	ins_3	2
HepG2_skew	[-1.0,-0.5)	Other cCREs	LOW_FREQ	ins_4	3
HepG2_skew	[-1.0,-0.5)	Other cCREs	LOW_FREQ	ins_5	4
HepG2_skew	[-1.0,-0.5)	Other cCREs	LOW_FREQ	ins_6	4
HepG2_skew	[-1.0,-0.5)	Other cCREs	LOW_FREQ	ins_7	2
HepG2_skew	[-1.0,-0.5)	Other cCREs	LOW_FREQ	ins_8	2
HepG2_skew	[-1.0,-0.5)	Other cCREs	LOW_FREQ	ins_9	1
HepG2_skew	[-1.0,-0.5)	Other cCREs	RARE	del_1	230
HepG2_skew	[-1.0,-0.5)	Other cCREs	RARE	del_10plus	161
HepG2_skew	[-1.0,-0.5)	Other cCREs	RARE	del_2	63
HepG2_skew	[-1.0,-0.5)	Other cCREs	RARE	del_3	37
HepG2_skew	[-1.0,-0.5)	Other cCREs	RARE	del_4	72
HepG2_skew	[-1.0,-0.5)	Other cCREs	RARE	del_5	14
HepG2_skew	[-1.0,-0.5)	Other cCREs	RARE	del_6	29
HepG2_skew	[-1.0,-0.5)	Other cCREs	RARE	del_7	12
HepG2_skew	[-1.0,-0.5)	Other cCREs	RARE	del_8	22
HepG2_skew	[-1.0,-0.5)	Other cCREs	RARE	del_9	11
HepG2_skew	[-1.0,-0.5)	Other cCREs	RARE	ins_1	71
HepG2_skew	[-1.0,-0.5)	Other cCREs	RARE	ins_10plus	42
HepG2_skew	[-1.0,-0.5)	Other cCREs	RARE	ins_2	35
HepG2_skew	[-1.0,-0.5)	Other cCREs	RARE	ins_3	13
HepG2_skew	[-1.0,-0.5)	Other cCREs	RARE	ins_4	17
HepG2_skew	[-1.0,-0.5)	Other cCREs	RARE	ins_5	6
HepG2_skew	[-1.0,-0.5)	Other cCREs	RARE	ins_6	3
HepG2_skew	[-1.0,-0.5)	Other cCREs	RARE	ins_7	5
HepG2_skew	[-1.0,-0.5)	Other cCREs	RARE	ins_8	5
HepG2_skew	[-1.0,-0.5)	Other cCREs	RARE	ins_9	4
HepG2_skew	[-1.0,-0.5)	Other cCREs	SINGLETON	del_1	2518
HepG2_skew	[-1.0,-0.5)	Other cCREs	SINGLETON	del_10plus	787
HepG2_skew	[-1.0,-0.5)	Other cCREs	SINGLETON	del_2	545
HepG2_skew	[-1.0,-0.5)	Other cCREs	SINGLETON	del_3	395
HepG2_skew	[-1.0,-0.5)	Other cCREs	SINGLETON	del_4	375
HepG2_skew	[-1.0,-0.5)	Other cCREs	SINGLETON	del_5	159
HepG2_skew	[-1.0,-0.5)	Other cCREs	SINGLETON	del_6	158
HepG2_skew	[-1.0,-0.5)	Other cCREs	SINGLETON	del_7	139
HepG2_skew	[-1.0,-0.5)	Other cCREs	SINGLETON	del_8	121
HepG2_skew	[-1.0,-0.5)	Other cCREs	SINGLETON	del_9	88
HepG2_skew	[-1.0,-0.5)	Other cCREs	SINGLETON	ins_1	671
HepG2_skew	[-1.0,-0.5)	Other cCREs	SINGLETON	ins_10plus	211
HepG2_skew	[-1.0,-0.5)	Other cCREs	SINGLETON	ins_2	233
HepG2_skew	[-1.0,-0.5)	Other cCREs	SINGLETON	ins_3	93
HepG2_skew	[-1.0,-0.5)	Other cCREs	SINGLETON	ins_4	135
HepG2_skew	[-1.0,-0.5)	Other cCREs	SINGLETON	ins_5	50
HepG2_skew	[-1.0,-0.5)	Other cCREs	SINGLETON	ins_6	40
HepG2_skew	[-1.0,-0.5)	Other cCREs	SINGLETON	ins_7	30
HepG2_skew	[-1.0,-0.5)	Other cCREs	SINGLETON	ins_8	45
HepG2_skew	[-1.0,-0.5)	Other cCREs	SINGLETON	ins_9	34
HepG2_skew	[-1.0,-0.5)	Other cCREs	ULTRARARE	del_1	1372
HepG2_skew	[-1.0,-0.5)	Other cCREs	ULTRARARE	del_10plus	477
HepG2_skew	[-1.0,-0.5)	Other cCREs	ULTRARARE	del_2	393
HepG2_skew	[-1.0,-0.5)	Other cCREs	ULTRARARE	del_3	238
HepG2_skew	[-1.0,-0.5)	Other cCREs	ULTRARARE	del_4	299
HepG2_skew	[-1.0,-0.5)	Other cCREs	ULTRARARE	del_5	89
HepG2_skew	[-1.0,-0.5)	Other cCREs	ULTRARARE	del_6	101
HepG2_skew	[-1.0,-0.5)	Other cCREs	ULTRARARE	del_7	85
HepG2_skew	[-1.0,-0.5)	Other cCREs	ULTRARARE	del_8	101
HepG2_skew	[-1.0,-0.5)	Other cCREs	ULTRARARE	del_9	41
HepG2_skew	[-1.0,-0.5)	Other cCREs	ULTRARARE	ins_1	404
HepG2_skew	[-1.0,-0.5)	Other cCREs	ULTRARARE	ins_10plus	168
HepG2_skew	[-1.0,-0.5)	Other cCREs	ULTRARARE	ins_2	139
HepG2_skew	[-1.0,-0.5)	Other cCREs	ULTRARARE	ins_3	69
HepG2_skew	[-1.0,-0.5)	Other cCREs	ULTRARARE	ins_4	84
HepG2_skew	[-1.0,-0.5)	Other cCREs	ULTRARARE	ins_5	30
HepG2_skew	[-1.0,-0.5)	Other cCREs	ULTRARARE	ins_6	32
HepG2_skew	[-1.0,-0.5)	Other cCREs	ULTRARARE	ins_7	14
HepG2_skew	[-1.0,-0.5)	Other cCREs	ULTRARARE	ins_8	27
HepG2_skew	[-1.0,-0.5)	Other cCREs	ULTRARARE	ins_9	19
HepG2_skew	[-1.0,-0.5)	PLS	COMMON	del_1	6
HepG2_skew	[-1.0,-0.5)	PLS	COMMON	del_10plus	14
HepG2_skew	[-1.0,-0.5)	PLS	COMMON	del_2	1
HepG2_skew	[-1.0,-0.5)	PLS	COMMON	del_3	1
HepG2_skew	[-1.0,-0.5)	PLS	COMMON	del_5	1
HepG2_skew	[-1.0,-0.5)	PLS	COMMON	del_6	1
HepG2_skew	[-1.0,-0.5)	PLS	COMMON	ins_1	3
HepG2_skew	[-1.0,-0.5)	PLS	COMMON	ins_10plus	2
HepG2_skew	[-1.0,-0.5)	PLS	COMMON	ins_2	2
HepG2_skew	[-1.0,-0.5)	PLS	COMMON	ins_6	1
HepG2_skew	[-1.0,-0.5)	PLS	COMMON	ins_8	1
HepG2_skew	[-1.0,-0.5)	PLS	COMMON	ins_9	1
HepG2_skew	[-1.0,-0.5)	PLS	LOW_FREQ	del_1	18
HepG2_skew	[-1.0,-0.5)	PLS	LOW_FREQ	del_10plus	23
HepG2_skew	[-1.0,-0.5)	PLS	LOW_FREQ	del_2	3
HepG2_skew	[-1.0,-0.5)	PLS	LOW_FREQ	del_3	2
HepG2_skew	[-1.0,-0.5)	PLS	LOW_FREQ	del_4	2
HepG2_skew	[-1.0,-0.5)	PLS	LOW_FREQ	del_5	1
HepG2_skew	[-1.0,-0.5)	PLS	LOW_FREQ	del_6	2
HepG2_skew	[-1.0,-0.5)	PLS	LOW_FREQ	del_8	2
HepG2_skew	[-1.0,-0.5)	PLS	LOW_FREQ	del_9	1
HepG2_skew	[-1.0,-0.5)	PLS	LOW_FREQ	ins_1	7
HepG2_skew	[-1.0,-0.5)	PLS	LOW_FREQ	ins_10plus	5
HepG2_skew	[-1.0,-0.5)	PLS	LOW_FREQ	ins_2	3
HepG2_skew	[-1.0,-0.5)	PLS	LOW_FREQ	ins_3	1
HepG2_skew	[-1.0,-0.5)	PLS	LOW_FREQ	ins_4	2
HepG2_skew	[-1.0,-0.5)	PLS	LOW_FREQ	ins_7	1
HepG2_skew	[-1.0,-0.5)	PLS	LOW_FREQ	ins_8	1
HepG2_skew	[-1.0,-0.5)	PLS	RARE	del_1	46
HepG2_skew	[-1.0,-0.5)	PLS	RARE	del_10plus	47
HepG2_skew	[-1.0,-0.5)	PLS	RARE	del_2	9
HepG2_skew	[-1.0,-0.5)	PLS	RARE	del_3	5
HepG2_skew	[-1.0,-0.5)	PLS	RARE	del_4	9
HepG2_skew	[-1.0,-0.5)	PLS	RARE	del_6	9
HepG2_skew	[-1.0,-0.5)	PLS	RARE	del_7	1
HepG2_skew	[-1.0,-0.5)	PLS	RARE	del_8	4
HepG2_skew	[-1.0,-0.5)	PLS	RARE	del_9	3
HepG2_skew	[-1.0,-0.5)	PLS	RARE	ins_1	26
HepG2_skew	[-1.0,-0.5)	PLS	RARE	ins_10plus	18
HepG2_skew	[-1.0,-0.5)	PLS	RARE	ins_2	7
HepG2_skew	[-1.0,-0.5)	PLS	RARE	ins_3	6
HepG2_skew	[-1.0,-0.5)	PLS	RARE	ins_4	6
HepG2_skew	[-1.0,-0.5)	PLS	RARE	ins_6	2
HepG2_skew	[-1.0,-0.5)	PLS	RARE	ins_7	3
HepG2_skew	[-1.0,-0.5)	PLS	RARE	ins_8	1
HepG2_skew	[-1.0,-0.5)	PLS	RARE	ins_9	1
HepG2_skew	[-1.0,-0.5)	PLS	SINGLETON	del_1	543
HepG2_skew	[-1.0,-0.5)	PLS	SINGLETON	del_10plus	337
HepG2_skew	[-1.0,-0.5)	PLS	SINGLETON	del_2	89
HepG2_skew	[-1.0,-0.5)	PLS	SINGLETON	del_3	74
HepG2_skew	[-1.0,-0.5)	PLS	SINGLETON	del_4	64
HepG2_skew	[-1.0,-0.5)	PLS	SINGLETON	del_5	46
HepG2_skew	[-1.0,-0.5)	PLS	SINGLETON	del_6	51
HepG2_skew	[-1.0,-0.5)	PLS	SINGLETON	del_7	37
HepG2_skew	[-1.0,-0.5)	PLS	SINGLETON	del_8	24
HepG2_skew	[-1.0,-0.5)	PLS	SINGLETON	del_9	30
HepG2_skew	[-1.0,-0.5)	PLS	SINGLETON	ins_1	214
HepG2_skew	[-1.0,-0.5)	PLS	SINGLETON	ins_10plus	89
HepG2_skew	[-1.0,-0.5)	PLS	SINGLETON	ins_2	61
HepG2_skew	[-1.0,-0.5)	PLS	SINGLETON	ins_3	28
HepG2_skew	[-1.0,-0.5)	PLS	SINGLETON	ins_4	29
HepG2_skew	[-1.0,-0.5)	PLS	SINGLETON	ins_5	24
HepG2_skew	[-1.0,-0.5)	PLS	SINGLETON	ins_6	13
HepG2_skew	[-1.0,-0.5)	PLS	SINGLETON	ins_7	7
HepG2_skew	[-1.0,-0.5)	PLS	SINGLETON	ins_8	11
HepG2_skew	[-1.0,-0.5)	PLS	SINGLETON	ins_9	11
HepG2_skew	[-1.0,-0.5)	PLS	ULTRARARE	del_1	305
HepG2_skew	[-1.0,-0.5)	PLS	ULTRARARE	del_10plus	234
HepG2_skew	[-1.0,-0.5)	PLS	ULTRARARE	del_2	68
HepG2_skew	[-1.0,-0.5)	PLS	ULTRARARE	del_3	53
HepG2_skew	[-1.0,-0.5)	PLS	ULTRARARE	del_4	40
HepG2_skew	[-1.0,-0.5)	PLS	ULTRARARE	del_5	19
HepG2_skew	[-1.0,-0.5)	PLS	ULTRARARE	del_6	27
HepG2_skew	[-1.0,-0.5)	PLS	ULTRARARE	del_7	20
HepG2_skew	[-1.0,-0.5)	PLS	ULTRARARE	del_8	16
HepG2_skew	[-1.0,-0.5)	PLS	ULTRARARE	del_9	21
HepG2_skew	[-1.0,-0.5)	PLS	ULTRARARE	ins_1	122
HepG2_skew	[-1.0,-0.5)	PLS	ULTRARARE	ins_10plus	68
HepG2_skew	[-1.0,-0.5)	PLS	ULTRARARE	ins_2	31
HepG2_skew	[-1.0,-0.5)	PLS	ULTRARARE	ins_3	20
HepG2_skew	[-1.0,-0.5)	PLS	ULTRARARE	ins_4	18
HepG2_skew	[-1.0,-0.5)	PLS	ULTRARARE	ins_5	12
HepG2_skew	[-1.0,-0.5)	PLS	ULTRARARE	ins_6	7
HepG2_skew	[-1.0,-0.5)	PLS	ULTRARARE	ins_7	5
HepG2_skew	[-1.0,-0.5)	PLS	ULTRARARE	ins_8	5
HepG2_skew	[-1.0,-0.5)	PLS	ULTRARARE	ins_9	7
HepG2_skew	[-1.0,-0.5)	dELS	COMMON	del_1	160
HepG2_skew	[-1.0,-0.5)	dELS	COMMON	del_10plus	102
HepG2_skew	[-1.0,-0.5)	dELS	COMMON	del_2	81
HepG2_skew	[-1.0,-0.5)	dELS	COMMON	del_3	39
HepG2_skew	[-1.0,-0.5)	dELS	COMMON	del_4	33
HepG2_skew	[-1.0,-0.5)	dELS	COMMON	del_5	15
HepG2_skew	[-1.0,-0.5)	dELS	COMMON	del_6	24
HepG2_skew	[-1.0,-0.5)	dELS	COMMON	del_7	14
HepG2_skew	[-1.0,-0.5)	dELS	COMMON	del_8	22
HepG2_skew	[-1.0,-0.5)	dELS	COMMON	del_9	5
HepG2_skew	[-1.0,-0.5)	dELS	COMMON	ins_1	80
HepG2_skew	[-1.0,-0.5)	dELS	COMMON	ins_10plus	40
HepG2_skew	[-1.0,-0.5)	dELS	COMMON	ins_2	40
HepG2_skew	[-1.0,-0.5)	dELS	COMMON	ins_3	17
HepG2_skew	[-1.0,-0.5)	dELS	COMMON	ins_4	19
HepG2_skew	[-1.0,-0.5)	dELS	COMMON	ins_5	6
HepG2_skew	[-1.0,-0.5)	dELS	COMMON	ins_6	6
HepG2_skew	[-1.0,-0.5)	dELS	COMMON	ins_7	5
HepG2_skew	[-1.0,-0.5)	dELS	COMMON	ins_8	3
HepG2_skew	[-1.0,-0.5)	dELS	COMMON	ins_9	2
HepG2_skew	[-1.0,-0.5)	dELS	LOW_FREQ	del_1	266
HepG2_skew	[-1.0,-0.5)	dELS	LOW_FREQ	del_10plus	160
HepG2_skew	[-1.0,-0.5)	dELS	LOW_FREQ	del_2	92
HepG2_skew	[-1.0,-0.5)	dELS	LOW_FREQ	del_3	50
HepG2_skew	[-1.0,-0.5)	dELS	LOW_FREQ	del_4	64
HepG2_skew	[-1.0,-0.5)	dELS	LOW_FREQ	del_5	20
HepG2_skew	[-1.0,-0.5)	dELS	LOW_FREQ	del_6	28
HepG2_skew	[-1.0,-0.5)	dELS	LOW_FREQ	del_7	20
HepG2_skew	[-1.0,-0.5)	dELS	LOW_FREQ	del_8	27
HepG2_skew	[-1.0,-0.5)	dELS	LOW_FREQ	del_9	10
HepG2_skew	[-1.0,-0.5)	dELS	LOW_FREQ	ins_1	95
HepG2_skew	[-1.0,-0.5)	dELS	LOW_FREQ	ins_10plus	66
HepG2_skew	[-1.0,-0.5)	dELS	LOW_FREQ	ins_2	39
HepG2_skew	[-1.0,-0.5)	dELS	LOW_FREQ	ins_3	23
HepG2_skew	[-1.0,-0.5)	dELS	LOW_FREQ	ins_4	27
HepG2_skew	[-1.0,-0.5)	dELS	LOW_FREQ	ins_5	8
HepG2_skew	[-1.0,-0.5)	dELS	LOW_FREQ	ins_6	9
HepG2_skew	[-1.0,-0.5)	dELS	LOW_FREQ	ins_7	4
HepG2_skew	[-1.0,-0.5)	dELS	LOW_FREQ	ins_8	5
HepG2_skew	[-1.0,-0.5)	dELS	LOW_FREQ	ins_9	5
HepG2_skew	[-1.0,-0.5)	dELS	RARE	del_1	673
HepG2_skew	[-1.0,-0.5)	dELS	RARE	del_10plus	364
HepG2_skew	[-1.0,-0.5)	dELS	RARE	del_2	234
HepG2_skew	[-1.0,-0.5)	dELS	RARE	del_3	123
HepG2_skew	[-1.0,-0.5)	dELS	RARE	del_4	200
HepG2_skew	[-1.0,-0.5)	dELS	RARE	del_5	47
HepG2_skew	[-1.0,-0.5)	dELS	RARE	del_6	71
HepG2_skew	[-1.0,-0.5)	dELS	RARE	del_7	52
HepG2_skew	[-1.0,-0.5)	dELS	RARE	del_8	60
HepG2_skew	[-1.0,-0.5)	dELS	RARE	del_9	20
HepG2_skew	[-1.0,-0.5)	dELS	RARE	ins_1	222
HepG2_skew	[-1.0,-0.5)	dELS	RARE	ins_10plus	128
HepG2_skew	[-1.0,-0.5)	dELS	RARE	ins_2	85
HepG2_skew	[-1.0,-0.5)	dELS	RARE	ins_3	36
HepG2_skew	[-1.0,-0.5)	dELS	RARE	ins_4	38
HepG2_skew	[-1.0,-0.5)	dELS	RARE	ins_5	23
HepG2_skew	[-1.0,-0.5)	dELS	RARE	ins_6	19
HepG2_skew	[-1.0,-0.5)	dELS	RARE	ins_7	11
HepG2_skew	[-1.0,-0.5)	dELS	RARE	ins_8	17
HepG2_skew	[-1.0,-0.5)	dELS	RARE	ins_9	15
HepG2_skew	[-1.0,-0.5)	dELS	SINGLETON	del_1	8136
HepG2_skew	[-1.0,-0.5)	dELS	SINGLETON	del_10plus	2367
HepG2_skew	[-1.0,-0.5)	dELS	SINGLETON	del_2	2055
HepG2_skew	[-1.0,-0.5)	dELS	SINGLETON	del_3	1355
HepG2_skew	[-1.0,-0.5)	dELS	SINGLETON	del_4	1341
HepG2_skew	[-1.0,-0.5)	dELS	SINGLETON	del_5	527
HepG2_skew	[-1.0,-0.5)	dELS	SINGLETON	del_6	493
HepG2_skew	[-1.0,-0.5)	dELS	SINGLETON	del_7	428
HepG2_skew	[-1.0,-0.5)	dELS	SINGLETON	del_8	381
HepG2_skew	[-1.0,-0.5)	dELS	SINGLETON	del_9	256
HepG2_skew	[-1.0,-0.5)	dELS	SINGLETON	ins_1	2402
HepG2_skew	[-1.0,-0.5)	dELS	SINGLETON	ins_10plus	744
HepG2_skew	[-1.0,-0.5)	dELS	SINGLETON	ins_2	696
HepG2_skew	[-1.0,-0.5)	dELS	SINGLETON	ins_3	389
HepG2_skew	[-1.0,-0.5)	dELS	SINGLETON	ins_4	412
HepG2_skew	[-1.0,-0.5)	dELS	SINGLETON	ins_5	159
HepG2_skew	[-1.0,-0.5)	dELS	SINGLETON	ins_6	124
HepG2_skew	[-1.0,-0.5)	dELS	SINGLETON	ins_7	101
HepG2_skew	[-1.0,-0.5)	dELS	SINGLETON	ins_8	104
HepG2_skew	[-1.0,-0.5)	dELS	SINGLETON	ins_9	139
HepG2_skew	[-1.0,-0.5)	dELS	ULTRARARE	del_1	4571
HepG2_skew	[-1.0,-0.5)	dELS	ULTRARARE	del_10plus	1614
HepG2_skew	[-1.0,-0.5)	dELS	ULTRARARE	del_2	1263
HepG2_skew	[-1.0,-0.5)	dELS	ULTRARARE	del_3	760
HepG2_skew	[-1.0,-0.5)	dELS	ULTRARARE	del_4	954
HepG2_skew	[-1.0,-0.5)	dELS	ULTRARARE	del_5	314
HepG2_skew	[-1.0,-0.5)	dELS	ULTRARARE	del_6	297
HepG2_skew	[-1.0,-0.5)	dELS	ULTRARARE	del_7	269
HepG2_skew	[-1.0,-0.5)	dELS	ULTRARARE	del_8	243
HepG2_skew	[-1.0,-0.5)	dELS	ULTRARARE	del_9	148
HepG2_skew	[-1.0,-0.5)	dELS	ULTRARARE	ins_1	1350
HepG2_skew	[-1.0,-0.5)	dELS	ULTRARARE	ins_10plus	468
HepG2_skew	[-1.0,-0.5)	dELS	ULTRARARE	ins_2	404
HepG2_skew	[-1.0,-0.5)	dELS	ULTRARARE	ins_3	229
HepG2_skew	[-1.0,-0.5)	dELS	ULTRARARE	ins_4	239
HepG2_skew	[-1.0,-0.5)	dELS	ULTRARARE	ins_5	109
HepG2_skew	[-1.0,-0.5)	dELS	ULTRARARE	ins_6	95
HepG2_skew	[-1.0,-0.5)	dELS	ULTRARARE	ins_7	69
HepG2_skew	[-1.0,-0.5)	dELS	ULTRARARE	ins_8	66
HepG2_skew	[-1.0,-0.5)	dELS	ULTRARARE	ins_9	67
HepG2_skew	[-1.0,-0.5)	non-cCRE	COMMON	del_1	298
HepG2_skew	[-1.0,-0.5)	non-cCRE	COMMON	del_10plus	223
HepG2_skew	[-1.0,-0.5)	non-cCRE	COMMON	del_2	113
HepG2_skew	[-1.0,-0.5)	non-cCRE	COMMON	del_3	50
HepG2_skew	[-1.0,-0.5)	non-cCRE	COMMON	del_4	75
HepG2_skew	[-1.0,-0.5)	non-cCRE	COMMON	del_5	24
HepG2_skew	[-1.0,-0.5)	non-cCRE	COMMON	del_6	46
HepG2_skew	[-1.0,-0.5)	non-cCRE	COMMON	del_7	27
HepG2_skew	[-1.0,-0.5)	non-cCRE	COMMON	del_8	49
HepG2_skew	[-1.0,-0.5)	non-cCRE	COMMON	del_9	11
HepG2_skew	[-1.0,-0.5)	non-cCRE	COMMON	ins_1	124
HepG2_skew	[-1.0,-0.5)	non-cCRE	COMMON	ins_10plus	96
HepG2_skew	[-1.0,-0.5)	non-cCRE	COMMON	ins_2	74
HepG2_skew	[-1.0,-0.5)	non-cCRE	COMMON	ins_3	29
HepG2_skew	[-1.0,-0.5)	non-cCRE	COMMON	ins_4	27
HepG2_skew	[-1.0,-0.5)	non-cCRE	COMMON	ins_5	8
HepG2_skew	[-1.0,-0.5)	non-cCRE	COMMON	ins_6	10
HepG2_skew	[-1.0,-0.5)	non-cCRE	COMMON	ins_7	9
HepG2_skew	[-1.0,-0.5)	non-cCRE	COMMON	ins_8	14
HepG2_skew	[-1.0,-0.5)	non-cCRE	COMMON	ins_9	7
HepG2_skew	[-1.0,-0.5)	non-cCRE	LOW_FREQ	del_1	357
HepG2_skew	[-1.0,-0.5)	non-cCRE	LOW_FREQ	del_10plus	333
HepG2_skew	[-1.0,-0.5)	non-cCRE	LOW_FREQ	del_2	115
HepG2_skew	[-1.0,-0.5)	non-cCRE	LOW_FREQ	del_3	81
HepG2_skew	[-1.0,-0.5)	non-cCRE	LOW_FREQ	del_4	112
HepG2_skew	[-1.0,-0.5)	non-cCRE	LOW_FREQ	del_5	30
HepG2_skew	[-1.0,-0.5)	non-cCRE	LOW_FREQ	del_6	52
HepG2_skew	[-1.0,-0.5)	non-cCRE	LOW_FREQ	del_7	36
HepG2_skew	[-1.0,-0.5)	non-cCRE	LOW_FREQ	del_8	75
HepG2_skew	[-1.0,-0.5)	non-cCRE	LOW_FREQ	del_9	20
HepG2_skew	[-1.0,-0.5)	non-cCRE	LOW_FREQ	ins_1	114
HepG2_skew	[-1.0,-0.5)	non-cCRE	LOW_FREQ	ins_10plus	119
HepG2_skew	[-1.0,-0.5)	non-cCRE	LOW_FREQ	ins_2	63
HepG2_skew	[-1.0,-0.5)	non-cCRE	LOW_FREQ	ins_3	21
HepG2_skew	[-1.0,-0.5)	non-cCRE	LOW_FREQ	ins_4	25
HepG2_skew	[-1.0,-0.5)	non-cCRE	LOW_FREQ	ins_5	18
HepG2_skew	[-1.0,-0.5)	non-cCRE	LOW_FREQ	ins_6	24
HepG2_skew	[-1.0,-0.5)	non-cCRE	LOW_FREQ	ins_7	10
HepG2_skew	[-1.0,-0.5)	non-cCRE	LOW_FREQ	ins_8	10
HepG2_skew	[-1.0,-0.5)	non-cCRE	LOW_FREQ	ins_9	4
HepG2_skew	[-1.0,-0.5)	non-cCRE	RARE	del_1	906
HepG2_skew	[-1.0,-0.5)	non-cCRE	RARE	del_10plus	664
HepG2_skew	[-1.0,-0.5)	non-cCRE	RARE	del_2	255
HepG2_skew	[-1.0,-0.5)	non-cCRE	RARE	del_3	157
HepG2_skew	[-1.0,-0.5)	non-cCRE	RARE	del_4	272
HepG2_skew	[-1.0,-0.5)	non-cCRE	RARE	del_5	86
HepG2_skew	[-1.0,-0.5)	non-cCRE	RARE	del_6	115
HepG2_skew	[-1.0,-0.5)	non-cCRE	RARE	del_7	92
HepG2_skew	[-1.0,-0.5)	non-cCRE	RARE	del_8	117
HepG2_skew	[-1.0,-0.5)	non-cCRE	RARE	del_9	60
HepG2_skew	[-1.0,-0.5)	non-cCRE	RARE	ins_1	226
HepG2_skew	[-1.0,-0.5)	non-cCRE	RARE	ins_10plus	268
HepG2_skew	[-1.0,-0.5)	non-cCRE	RARE	ins_2	150
HepG2_skew	[-1.0,-0.5)	non-cCRE	RARE	ins_3	72
HepG2_skew	[-1.0,-0.5)	non-cCRE	RARE	ins_4	70
HepG2_skew	[-1.0,-0.5)	non-cCRE	RARE	ins_5	25
HepG2_skew	[-1.0,-0.5)	non-cCRE	RARE	ins_6	32
HepG2_skew	[-1.0,-0.5)	non-cCRE	RARE	ins_7	21
HepG2_skew	[-1.0,-0.5)	non-cCRE	RARE	ins_8	29
HepG2_skew	[-1.0,-0.5)	non-cCRE	RARE	ins_9	29
HepG2_skew	[-1.0,-0.5)	non-cCRE	SINGLETON	del_1	10733
HepG2_skew	[-1.0,-0.5)	non-cCRE	SINGLETON	del_10plus	3829
HepG2_skew	[-1.0,-0.5)	non-cCRE	SINGLETON	del_2	2249
HepG2_skew	[-1.0,-0.5)	non-cCRE	SINGLETON	del_3	1713
HepG2_skew	[-1.0,-0.5)	non-cCRE	SINGLETON	del_4	1769
HepG2_skew	[-1.0,-0.5)	non-cCRE	SINGLETON	del_5	779
HepG2_skew	[-1.0,-0.5)	non-cCRE	SINGLETON	del_6	806
HepG2_skew	[-1.0,-0.5)	non-cCRE	SINGLETON	del_7	802
HepG2_skew	[-1.0,-0.5)	non-cCRE	SINGLETON	del_8	751
HepG2_skew	[-1.0,-0.5)	non-cCRE	SINGLETON	del_9	474
HepG2_skew	[-1.0,-0.5)	non-cCRE	SINGLETON	ins_1	2448
HepG2_skew	[-1.0,-0.5)	non-cCRE	SINGLETON	ins_10plus	1265
HepG2_skew	[-1.0,-0.5)	non-cCRE	SINGLETON	ins_2	993
HepG2_skew	[-1.0,-0.5)	non-cCRE	SINGLETON	ins_3	534
HepG2_skew	[-1.0,-0.5)	non-cCRE	SINGLETON	ins_4	557
HepG2_skew	[-1.0,-0.5)	non-cCRE	SINGLETON	ins_5	234
HepG2_skew	[-1.0,-0.5)	non-cCRE	SINGLETON	ins_6	194
HepG2_skew	[-1.0,-0.5)	non-cCRE	SINGLETON	ins_7	155
HepG2_skew	[-1.0,-0.5)	non-cCRE	SINGLETON	ins_8	134
HepG2_skew	[-1.0,-0.5)	non-cCRE	SINGLETON	ins_9	166
HepG2_skew	[-1.0,-0.5)	non-cCRE	ULTRARARE	del_1	5888
HepG2_skew	[-1.0,-0.5)	non-cCRE	ULTRARARE	del_10plus	2548
HepG2_skew	[-1.0,-0.5)	non-cCRE	ULTRARARE	del_2	1384
HepG2_skew	[-1.0,-0.5)	non-cCRE	ULTRARARE	del_3	1047
HepG2_skew	[-1.0,-0.5)	non-cCRE	ULTRARARE	del_4	1297
HepG2_skew	[-1.0,-0.5)	non-cCRE	ULTRARARE	del_5	504
HepG2_skew	[-1.0,-0.5)	non-cCRE	ULTRARARE	del_6	544
HepG2_skew	[-1.0,-0.5)	non-cCRE	ULTRARARE	del_7	515
HepG2_skew	[-1.0,-0.5)	non-cCRE	ULTRARARE	del_8	519
HepG2_skew	[-1.0,-0.5)	non-cCRE	ULTRARARE	del_9	254
HepG2_skew	[-1.0,-0.5)	non-cCRE	ULTRARARE	ins_1	1443
HepG2_skew	[-1.0,-0.5)	non-cCRE	ULTRARARE	ins_10plus	917
HepG2_skew	[-1.0,-0.5)	non-cCRE	ULTRARARE	ins_2	706
HepG2_skew	[-1.0,-0.5)	non-cCRE	ULTRARARE	ins_3	296
HepG2_skew	[-1.0,-0.5)	non-cCRE	ULTRARARE	ins_4	299
HepG2_skew	[-1.0,-0.5)	non-cCRE	ULTRARARE	ins_5	150
HepG2_skew	[-1.0,-0.5)	non-cCRE	ULTRARARE	ins_6	135
HepG2_skew	[-1.0,-0.5)	non-cCRE	ULTRARARE	ins_7	76
HepG2_skew	[-1.0,-0.5)	non-cCRE	ULTRARARE	ins_8	89
HepG2_skew	[-1.0,-0.5)	non-cCRE	ULTRARARE	ins_9	114
HepG2_skew	[-1.0,-0.5)	pELS	COMMON	del_1	28
HepG2_skew	[-1.0,-0.5)	pELS	COMMON	del_10plus	28
HepG2_skew	[-1.0,-0.5)	pELS	COMMON	del_2	13
HepG2_skew	[-1.0,-0.5)	pELS	COMMON	del_3	9
HepG2_skew	[-1.0,-0.5)	pELS	COMMON	del_4	4
HepG2_skew	[-1.0,-0.5)	pELS	COMMON	del_5	2
HepG2_skew	[-1.0,-0.5)	pELS	COMMON	del_6	3
HepG2_skew	[-1.0,-0.5)	pELS	COMMON	del_7	1
HepG2_skew	[-1.0,-0.5)	pELS	COMMON	del_8	6
HepG2_skew	[-1.0,-0.5)	pELS	COMMON	del_9	1
HepG2_skew	[-1.0,-0.5)	pELS	COMMON	ins_1	17
HepG2_skew	[-1.0,-0.5)	pELS	COMMON	ins_10plus	6
HepG2_skew	[-1.0,-0.5)	pELS	COMMON	ins_2	3
HepG2_skew	[-1.0,-0.5)	pELS	COMMON	ins_3	5
HepG2_skew	[-1.0,-0.5)	pELS	COMMON	ins_4	3
HepG2_skew	[-1.0,-0.5)	pELS	COMMON	ins_6	1
HepG2_skew	[-1.0,-0.5)	pELS	COMMON	ins_8	2
HepG2_skew	[-1.0,-0.5)	pELS	LOW_FREQ	del_1	42
HepG2_skew	[-1.0,-0.5)	pELS	LOW_FREQ	del_10plus	37
HepG2_skew	[-1.0,-0.5)	pELS	LOW_FREQ	del_2	15
HepG2_skew	[-1.0,-0.5)	pELS	LOW_FREQ	del_3	7
HepG2_skew	[-1.0,-0.5)	pELS	LOW_FREQ	del_4	11
HepG2_skew	[-1.0,-0.5)	pELS	LOW_FREQ	del_5	3
HepG2_skew	[-1.0,-0.5)	pELS	LOW_FREQ	del_6	8
HepG2_skew	[-1.0,-0.5)	pELS	LOW_FREQ	del_7	1
HepG2_skew	[-1.0,-0.5)	pELS	LOW_FREQ	del_8	8
HepG2_skew	[-1.0,-0.5)	pELS	LOW_FREQ	del_9	5
HepG2_skew	[-1.0,-0.5)	pELS	LOW_FREQ	ins_1	16
HepG2_skew	[-1.0,-0.5)	pELS	LOW_FREQ	ins_10plus	17
HepG2_skew	[-1.0,-0.5)	pELS	LOW_FREQ	ins_2	8
HepG2_skew	[-1.0,-0.5)	pELS	LOW_FREQ	ins_3	2
HepG2_skew	[-1.0,-0.5)	pELS	LOW_FREQ	ins_4	4
HepG2_skew	[-1.0,-0.5)	pELS	LOW_FREQ	ins_5	1
HepG2_skew	[-1.0,-0.5)	pELS	LOW_FREQ	ins_6	1
HepG2_skew	[-1.0,-0.5)	pELS	LOW_FREQ	ins_7	2
HepG2_skew	[-1.0,-0.5)	pELS	LOW_FREQ	ins_8	1
HepG2_skew	[-1.0,-0.5)	pELS	LOW_FREQ	ins_9	2
HepG2_skew	[-1.0,-0.5)	pELS	RARE	del_1	94
HepG2_skew	[-1.0,-0.5)	pELS	RARE	del_10plus	91
HepG2_skew	[-1.0,-0.5)	pELS	RARE	del_2	32
HepG2_skew	[-1.0,-0.5)	pELS	RARE	del_3	22
HepG2_skew	[-1.0,-0.5)	pELS	RARE	del_4	34
HepG2_skew	[-1.0,-0.5)	pELS	RARE	del_5	3
HepG2_skew	[-1.0,-0.5)	pELS	RARE	del_6	10
HepG2_skew	[-1.0,-0.5)	pELS	RARE	del_7	8
HepG2_skew	[-1.0,-0.5)	pELS	RARE	del_8	20
HepG2_skew	[-1.0,-0.5)	pELS	RARE	del_9	3
HepG2_skew	[-1.0,-0.5)	pELS	RARE	ins_1	42
HepG2_skew	[-1.0,-0.5)	pELS	RARE	ins_10plus	27
HepG2_skew	[-1.0,-0.5)	pELS	RARE	ins_2	14
HepG2_skew	[-1.0,-0.5)	pELS	RARE	ins_3	4
HepG2_skew	[-1.0,-0.5)	pELS	RARE	ins_4	16
HepG2_skew	[-1.0,-0.5)	pELS	RARE	ins_5	2
HepG2_skew	[-1.0,-0.5)	pELS	RARE	ins_6	4
HepG2_skew	[-1.0,-0.5)	pELS	RARE	ins_7	2
HepG2_skew	[-1.0,-0.5)	pELS	RARE	ins_8	2
HepG2_skew	[-1.0,-0.5)	pELS	RARE	ins_9	2
HepG2_skew	[-1.0,-0.5)	pELS	SINGLETON	del_1	1312
HepG2_skew	[-1.0,-0.5)	pELS	SINGLETON	del_10plus	539
HepG2_skew	[-1.0,-0.5)	pELS	SINGLETON	del_2	326
HepG2_skew	[-1.0,-0.5)	pELS	SINGLETON	del_3	216
HepG2_skew	[-1.0,-0.5)	pELS	SINGLETON	del_4	179
HepG2_skew	[-1.0,-0.5)	pELS	SINGLETON	del_5	98
HepG2_skew	[-1.0,-0.5)	pELS	SINGLETON	del_6	91
HepG2_skew	[-1.0,-0.5)	pELS	SINGLETON	del_7	73
HepG2_skew	[-1.0,-0.5)	pELS	SINGLETON	del_8	71
HepG2_skew	[-1.0,-0.5)	pELS	SINGLETON	del_9	42
HepG2_skew	[-1.0,-0.5)	pELS	SINGLETON	ins_1	450
HepG2_skew	[-1.0,-0.5)	pELS	SINGLETON	ins_10plus	172
HepG2_skew	[-1.0,-0.5)	pELS	SINGLETON	ins_2	131
HepG2_skew	[-1.0,-0.5)	pELS	SINGLETON	ins_3	69
HepG2_skew	[-1.0,-0.5)	pELS	SINGLETON	ins_4	74
HepG2_skew	[-1.0,-0.5)	pELS	SINGLETON	ins_5	39
HepG2_skew	[-1.0,-0.5)	pELS	SINGLETON	ins_6	30
HepG2_skew	[-1.0,-0.5)	pELS	SINGLETON	ins_7	20
HepG2_skew	[-1.0,-0.5)	pELS	SINGLETON	ins_8	19
HepG2_skew	[-1.0,-0.5)	pELS	SINGLETON	ins_9	28
HepG2_skew	[-1.0,-0.5)	pELS	ULTRARARE	del_1	715
HepG2_skew	[-1.0,-0.5)	pELS	ULTRARARE	del_10plus	356
HepG2_skew	[-1.0,-0.5)	pELS	ULTRARARE	del_2	210
HepG2_skew	[-1.0,-0.5)	pELS	ULTRARARE	del_3	158
HepG2_skew	[-1.0,-0.5)	pELS	ULTRARARE	del_4	170
HepG2_skew	[-1.0,-0.5)	pELS	ULTRARARE	del_5	58
HepG2_skew	[-1.0,-0.5)	pELS	ULTRARARE	del_6	47
HepG2_skew	[-1.0,-0.5)	pELS	ULTRARARE	del_7	39
HepG2_skew	[-1.0,-0.5)	pELS	ULTRARARE	del_8	47
HepG2_skew	[-1.0,-0.5)	pELS	ULTRARARE	del_9	25
HepG2_skew	[-1.0,-0.5)	pELS	ULTRARARE	ins_1	276
HepG2_skew	[-1.0,-0.5)	pELS	ULTRARARE	ins_10plus	103
HepG2_skew	[-1.0,-0.5)	pELS	ULTRARARE	ins_2	70
HepG2_skew	[-1.0,-0.5)	pELS	ULTRARARE	ins_3	47
HepG2_skew	[-1.0,-0.5)	pELS	ULTRARARE	ins_4	36
HepG2_skew	[-1.0,-0.5)	pELS	ULTRARARE	ins_5	15
HepG2_skew	[-1.0,-0.5)	pELS	ULTRARARE	ins_6	19
HepG2_skew	[-1.0,-0.5)	pELS	ULTRARARE	ins_7	8
HepG2_skew	[-1.0,-0.5)	pELS	ULTRARARE	ins_8	7
HepG2_skew	[-1.0,-0.5)	pELS	ULTRARARE	ins_9	17
HepG2_skew	[-1.5,-1.0)	Other cCREs	COMMON	del_1	14
HepG2_skew	[-1.5,-1.0)	Other cCREs	COMMON	del_10plus	14
HepG2_skew	[-1.5,-1.0)	Other cCREs	COMMON	del_2	6
HepG2_skew	[-1.5,-1.0)	Other cCREs	COMMON	del_3	1
HepG2_skew	[-1.5,-1.0)	Other cCREs	COMMON	del_4	7
HepG2_skew	[-1.5,-1.0)	Other cCREs	COMMON	del_5	2
HepG2_skew	[-1.5,-1.0)	Other cCREs	COMMON	del_6	3
HepG2_skew	[-1.5,-1.0)	Other cCREs	COMMON	del_7	6
HepG2_skew	[-1.5,-1.0)	Other cCREs	COMMON	del_8	2
HepG2_skew	[-1.5,-1.0)	Other cCREs	COMMON	del_9	1
HepG2_skew	[-1.5,-1.0)	Other cCREs	COMMON	ins_1	6
HepG2_skew	[-1.5,-1.0)	Other cCREs	COMMON	ins_10plus	1
HepG2_skew	[-1.5,-1.0)	Other cCREs	COMMON	ins_2	1
HepG2_skew	[-1.5,-1.0)	Other cCREs	COMMON	ins_4	1
HepG2_skew	[-1.5,-1.0)	Other cCREs	COMMON	ins_8	1
HepG2_skew	[-1.5,-1.0)	Other cCREs	LOW_FREQ	del_1	11
HepG2_skew	[-1.5,-1.0)	Other cCREs	LOW_FREQ	del_10plus	14
HepG2_skew	[-1.5,-1.0)	Other cCREs	LOW_FREQ	del_2	6
HepG2_skew	[-1.5,-1.0)	Other cCREs	LOW_FREQ	del_3	5
HepG2_skew	[-1.5,-1.0)	Other cCREs	LOW_FREQ	del_4	1
HepG2_skew	[-1.5,-1.0)	Other cCREs	LOW_FREQ	del_6	1
HepG2_skew	[-1.5,-1.0)	Other cCREs	LOW_FREQ	del_7	1
HepG2_skew	[-1.5,-1.0)	Other cCREs	LOW_FREQ	del_8	3
HepG2_skew	[-1.5,-1.0)	Other cCREs	LOW_FREQ	ins_1	5
HepG2_skew	[-1.5,-1.0)	Other cCREs	LOW_FREQ	ins_2	2
HepG2_skew	[-1.5,-1.0)	Other cCREs	RARE	del_1	38
HepG2_skew	[-1.5,-1.0)	Other cCREs	RARE	del_10plus	39
HepG2_skew	[-1.5,-1.0)	Other cCREs	RARE	del_2	15
HepG2_skew	[-1.5,-1.0)	Other cCREs	RARE	del_3	8
HepG2_skew	[-1.5,-1.0)	Other cCREs	RARE	del_4	3
HepG2_skew	[-1.5,-1.0)	Other cCREs	RARE	del_5	5
HepG2_skew	[-1.5,-1.0)	Other cCREs	RARE	del_6	8
HepG2_skew	[-1.5,-1.0)	Other cCREs	RARE	del_7	3
HepG2_skew	[-1.5,-1.0)	Other cCREs	RARE	del_8	6
HepG2_skew	[-1.5,-1.0)	Other cCREs	RARE	del_9	3
HepG2_skew	[-1.5,-1.0)	Other cCREs	RARE	ins_1	5
HepG2_skew	[-1.5,-1.0)	Other cCREs	RARE	ins_10plus	2
HepG2_skew	[-1.5,-1.0)	Other cCREs	RARE	ins_2	8
HepG2_skew	[-1.5,-1.0)	Other cCREs	RARE	ins_4	1
HepG2_skew	[-1.5,-1.0)	Other cCREs	SINGLETON	del_1	505
HepG2_skew	[-1.5,-1.0)	Other cCREs	SINGLETON	del_10plus	187
HepG2_skew	[-1.5,-1.0)	Other cCREs	SINGLETON	del_2	114
HepG2_skew	[-1.5,-1.0)	Other cCREs	SINGLETON	del_3	70
HepG2_skew	[-1.5,-1.0)	Other cCREs	SINGLETON	del_4	67
HepG2_skew	[-1.5,-1.0)	Other cCREs	SINGLETON	del_5	31
HepG2_skew	[-1.5,-1.0)	Other cCREs	SINGLETON	del_6	31
HepG2_skew	[-1.5,-1.0)	Other cCREs	SINGLETON	del_7	28
HepG2_skew	[-1.5,-1.0)	Other cCREs	SINGLETON	del_8	32
HepG2_skew	[-1.5,-1.0)	Other cCREs	SINGLETON	del_9	21
HepG2_skew	[-1.5,-1.0)	Other cCREs	SINGLETON	ins_1	103
HepG2_skew	[-1.5,-1.0)	Other cCREs	SINGLETON	ins_10plus	18
HepG2_skew	[-1.5,-1.0)	Other cCREs	SINGLETON	ins_2	31
HepG2_skew	[-1.5,-1.0)	Other cCREs	SINGLETON	ins_3	24
HepG2_skew	[-1.5,-1.0)	Other cCREs	SINGLETON	ins_4	20
HepG2_skew	[-1.5,-1.0)	Other cCREs	SINGLETON	ins_5	8
HepG2_skew	[-1.5,-1.0)	Other cCREs	SINGLETON	ins_6	7
HepG2_skew	[-1.5,-1.0)	Other cCREs	SINGLETON	ins_7	4
HepG2_skew	[-1.5,-1.0)	Other cCREs	SINGLETON	ins_8	5
HepG2_skew	[-1.5,-1.0)	Other cCREs	SINGLETON	ins_9	2
HepG2_skew	[-1.5,-1.0)	Other cCREs	ULTRARARE	del_1	241
HepG2_skew	[-1.5,-1.0)	Other cCREs	ULTRARARE	del_10plus	147
HepG2_skew	[-1.5,-1.0)	Other cCREs	ULTRARARE	del_2	65
HepG2_skew	[-1.5,-1.0)	Other cCREs	ULTRARARE	del_3	52
HepG2_skew	[-1.5,-1.0)	Other cCREs	ULTRARARE	del_4	73
HepG2_skew	[-1.5,-1.0)	Other cCREs	ULTRARARE	del_5	17
HepG2_skew	[-1.5,-1.0)	Other cCREs	ULTRARARE	del_6	21
HepG2_skew	[-1.5,-1.0)	Other cCREs	ULTRARARE	del_7	16
HepG2_skew	[-1.5,-1.0)	Other cCREs	ULTRARARE	del_8	22
HepG2_skew	[-1.5,-1.0)	Other cCREs	ULTRARARE	del_9	15
HepG2_skew	[-1.5,-1.0)	Other cCREs	ULTRARARE	ins_1	61
HepG2_skew	[-1.5,-1.0)	Other cCREs	ULTRARARE	ins_10plus	10
HepG2_skew	[-1.5,-1.0)	Other cCREs	ULTRARARE	ins_2	28
HepG2_skew	[-1.5,-1.0)	Other cCREs	ULTRARARE	ins_3	20
HepG2_skew	[-1.5,-1.0)	Other cCREs	ULTRARARE	ins_4	15
HepG2_skew	[-1.5,-1.0)	Other cCREs	ULTRARARE	ins_5	5
HepG2_skew	[-1.5,-1.0)	Other cCREs	ULTRARARE	ins_6	3
HepG2_skew	[-1.5,-1.0)	Other cCREs	ULTRARARE	ins_7	1
HepG2_skew	[-1.5,-1.0)	Other cCREs	ULTRARARE	ins_8	3
HepG2_skew	[-1.5,-1.0)	Other cCREs	ULTRARARE	ins_9	2
HepG2_skew	[-1.5,-1.0)	PLS	COMMON	del_10plus	1
HepG2_skew	[-1.5,-1.0)	PLS	COMMON	del_2	1
HepG2_skew	[-1.5,-1.0)	PLS	COMMON	ins_7	1
HepG2_skew	[-1.5,-1.0)	PLS	LOW_FREQ	del_1	4
HepG2_skew	[-1.5,-1.0)	PLS	LOW_FREQ	del_10plus	3
HepG2_skew	[-1.5,-1.0)	PLS	LOW_FREQ	del_2	1
HepG2_skew	[-1.5,-1.0)	PLS	LOW_FREQ	ins_4	1
HepG2_skew	[-1.5,-1.0)	PLS	RARE	del_1	16
HepG2_skew	[-1.5,-1.0)	PLS	RARE	del_10plus	6
HepG2_skew	[-1.5,-1.0)	PLS	RARE	del_3	2
HepG2_skew	[-1.5,-1.0)	PLS	RARE	del_4	4
HepG2_skew	[-1.5,-1.0)	PLS	RARE	del_5	1
HepG2_skew	[-1.5,-1.0)	PLS	RARE	del_6	4
HepG2_skew	[-1.5,-1.0)	PLS	RARE	del_7	1
HepG2_skew	[-1.5,-1.0)	PLS	RARE	del_9	1
HepG2_skew	[-1.5,-1.0)	PLS	RARE	ins_1	2
HepG2_skew	[-1.5,-1.0)	PLS	RARE	ins_3	1
HepG2_skew	[-1.5,-1.0)	PLS	RARE	ins_6	1
HepG2_skew	[-1.5,-1.0)	PLS	SINGLETON	del_1	129
HepG2_skew	[-1.5,-1.0)	PLS	SINGLETON	del_10plus	78
HepG2_skew	[-1.5,-1.0)	PLS	SINGLETON	del_2	29
HepG2_skew	[-1.5,-1.0)	PLS	SINGLETON	del_3	16
HepG2_skew	[-1.5,-1.0)	PLS	SINGLETON	del_4	15
HepG2_skew	[-1.5,-1.0)	PLS	SINGLETON	del_5	9
HepG2_skew	[-1.5,-1.0)	PLS	SINGLETON	del_6	9
HepG2_skew	[-1.5,-1.0)	PLS	SINGLETON	del_7	13
HepG2_skew	[-1.5,-1.0)	PLS	SINGLETON	del_8	9
HepG2_skew	[-1.5,-1.0)	PLS	SINGLETON	del_9	3
HepG2_skew	[-1.5,-1.0)	PLS	SINGLETON	ins_1	34
HepG2_skew	[-1.5,-1.0)	PLS	SINGLETON	ins_10plus	4
HepG2_skew	[-1.5,-1.0)	PLS	SINGLETON	ins_2	12
HepG2_skew	[-1.5,-1.0)	PLS	SINGLETON	ins_3	3
HepG2_skew	[-1.5,-1.0)	PLS	SINGLETON	ins_4	2
HepG2_skew	[-1.5,-1.0)	PLS	SINGLETON	ins_5	2
HepG2_skew	[-1.5,-1.0)	PLS	SINGLETON	ins_6	2
HepG2_skew	[-1.5,-1.0)	PLS	SINGLETON	ins_7	2
HepG2_skew	[-1.5,-1.0)	PLS	SINGLETON	ins_8	2
HepG2_skew	[-1.5,-1.0)	PLS	ULTRARARE	del_1	60
HepG2_skew	[-1.5,-1.0)	PLS	ULTRARARE	del_10plus	52
HepG2_skew	[-1.5,-1.0)	PLS	ULTRARARE	del_2	10
HepG2_skew	[-1.5,-1.0)	PLS	ULTRARARE	del_3	8
HepG2_skew	[-1.5,-1.0)	PLS	ULTRARARE	del_4	13
HepG2_skew	[-1.5,-1.0)	PLS	ULTRARARE	del_5	6
HepG2_skew	[-1.5,-1.0)	PLS	ULTRARARE	del_6	12
HepG2_skew	[-1.5,-1.0)	PLS	ULTRARARE	del_7	1
HepG2_skew	[-1.5,-1.0)	PLS	ULTRARARE	del_8	4
HepG2_skew	[-1.5,-1.0)	PLS	ULTRARARE	del_9	1
HepG2_skew	[-1.5,-1.0)	PLS	ULTRARARE	ins_1	22
HepG2_skew	[-1.5,-1.0)	PLS	ULTRARARE	ins_10plus	3
HepG2_skew	[-1.5,-1.0)	PLS	ULTRARARE	ins_2	6
HepG2_skew	[-1.5,-1.0)	PLS	ULTRARARE	ins_3	2
HepG2_skew	[-1.5,-1.0)	PLS	ULTRARARE	ins_4	4
HepG2_skew	[-1.5,-1.0)	PLS	ULTRARARE	ins_5	1
HepG2_skew	[-1.5,-1.0)	PLS	ULTRARARE	ins_7	1
HepG2_skew	[-1.5,-1.0)	PLS	ULTRARARE	ins_8	1
HepG2_skew	[-1.5,-1.0)	dELS	COMMON	del_1	40
HepG2_skew	[-1.5,-1.0)	dELS	COMMON	del_10plus	30
HepG2_skew	[-1.5,-1.0)	dELS	COMMON	del_2	15
HepG2_skew	[-1.5,-1.0)	dELS	COMMON	del_3	6
HepG2_skew	[-1.5,-1.0)	dELS	COMMON	del_4	13
HepG2_skew	[-1.5,-1.0)	dELS	COMMON	del_5	1
HepG2_skew	[-1.5,-1.0)	dELS	COMMON	del_6	7
HepG2_skew	[-1.5,-1.0)	dELS	COMMON	del_7	6
HepG2_skew	[-1.5,-1.0)	dELS	COMMON	del_8	5
HepG2_skew	[-1.5,-1.0)	dELS	COMMON	ins_1	19
HepG2_skew	[-1.5,-1.0)	dELS	COMMON	ins_10plus	5
HepG2_skew	[-1.5,-1.0)	dELS	COMMON	ins_2	6
HepG2_skew	[-1.5,-1.0)	dELS	COMMON	ins_3	2
HepG2_skew	[-1.5,-1.0)	dELS	COMMON	ins_6	3
HepG2_skew	[-1.5,-1.0)	dELS	COMMON	ins_9	1
HepG2_skew	[-1.5,-1.0)	dELS	LOW_FREQ	del_1	43
HepG2_skew	[-1.5,-1.0)	dELS	LOW_FREQ	del_10plus	37
HepG2_skew	[-1.5,-1.0)	dELS	LOW_FREQ	del_2	15
HepG2_skew	[-1.5,-1.0)	dELS	LOW_FREQ	del_3	5
HepG2_skew	[-1.5,-1.0)	dELS	LOW_FREQ	del_4	13
HepG2_skew	[-1.5,-1.0)	dELS	LOW_FREQ	del_5	6
HepG2_skew	[-1.5,-1.0)	dELS	LOW_FREQ	del_6	9
HepG2_skew	[-1.5,-1.0)	dELS	LOW_FREQ	del_7	7
HepG2_skew	[-1.5,-1.0)	dELS	LOW_FREQ	del_8	14
HepG2_skew	[-1.5,-1.0)	dELS	LOW_FREQ	del_9	3
HepG2_skew	[-1.5,-1.0)	dELS	LOW_FREQ	ins_1	17
HepG2_skew	[-1.5,-1.0)	dELS	LOW_FREQ	ins_10plus	3
HepG2_skew	[-1.5,-1.0)	dELS	LOW_FREQ	ins_2	8
HepG2_skew	[-1.5,-1.0)	dELS	LOW_FREQ	ins_3	3
HepG2_skew	[-1.5,-1.0)	dELS	LOW_FREQ	ins_4	3
HepG2_skew	[-1.5,-1.0)	dELS	LOW_FREQ	ins_5	2
HepG2_skew	[-1.5,-1.0)	dELS	LOW_FREQ	ins_6	1
HepG2_skew	[-1.5,-1.0)	dELS	LOW_FREQ	ins_7	2
HepG2_skew	[-1.5,-1.0)	dELS	RARE	del_1	102
HepG2_skew	[-1.5,-1.0)	dELS	RARE	del_10plus	94
HepG2_skew	[-1.5,-1.0)	dELS	RARE	del_2	39
HepG2_skew	[-1.5,-1.0)	dELS	RARE	del_3	24
HepG2_skew	[-1.5,-1.0)	dELS	RARE	del_4	29
HepG2_skew	[-1.5,-1.0)	dELS	RARE	del_5	10
HepG2_skew	[-1.5,-1.0)	dELS	RARE	del_6	20
HepG2_skew	[-1.5,-1.0)	dELS	RARE	del_7	10
HepG2_skew	[-1.5,-1.0)	dELS	RARE	del_8	15
HepG2_skew	[-1.5,-1.0)	dELS	RARE	del_9	9
HepG2_skew	[-1.5,-1.0)	dELS	RARE	ins_1	34
HepG2_skew	[-1.5,-1.0)	dELS	RARE	ins_10plus	12
HepG2_skew	[-1.5,-1.0)	dELS	RARE	ins_2	16
HepG2_skew	[-1.5,-1.0)	dELS	RARE	ins_3	4
HepG2_skew	[-1.5,-1.0)	dELS	RARE	ins_4	6
HepG2_skew	[-1.5,-1.0)	dELS	RARE	ins_5	1
HepG2_skew	[-1.5,-1.0)	dELS	RARE	ins_6	2
HepG2_skew	[-1.5,-1.0)	dELS	RARE	ins_8	2
HepG2_skew	[-1.5,-1.0)	dELS	SINGLETON	del_1	1663
HepG2_skew	[-1.5,-1.0)	dELS	SINGLETON	del_10plus	549
HepG2_skew	[-1.5,-1.0)	dELS	SINGLETON	del_2	404
HepG2_skew	[-1.5,-1.0)	dELS	SINGLETON	del_3	247
HepG2_skew	[-1.5,-1.0)	dELS	SINGLETON	del_4	289
HepG2_skew	[-1.5,-1.0)	dELS	SINGLETON	del_5	113
HepG2_skew	[-1.5,-1.0)	dELS	SINGLETON	del_6	136
HepG2_skew	[-1.5,-1.0)	dELS	SINGLETON	del_7	91
HepG2_skew	[-1.5,-1.0)	dELS	SINGLETON	del_8	98
HepG2_skew	[-1.5,-1.0)	dELS	SINGLETON	del_9	61
HepG2_skew	[-1.5,-1.0)	dELS	SINGLETON	ins_1	416
HepG2_skew	[-1.5,-1.0)	dELS	SINGLETON	ins_10plus	55
HepG2_skew	[-1.5,-1.0)	dELS	SINGLETON	ins_2	130
HepG2_skew	[-1.5,-1.0)	dELS	SINGLETON	ins_3	59
HepG2_skew	[-1.5,-1.0)	dELS	SINGLETON	ins_4	63
HepG2_skew	[-1.5,-1.0)	dELS	SINGLETON	ins_5	22
HepG2_skew	[-1.5,-1.0)	dELS	SINGLETON	ins_6	23
HepG2_skew	[-1.5,-1.0)	dELS	SINGLETON	ins_7	12
HepG2_skew	[-1.5,-1.0)	dELS	SINGLETON	ins_8	10
HepG2_skew	[-1.5,-1.0)	dELS	SINGLETON	ins_9	13
HepG2_skew	[-1.5,-1.0)	dELS	ULTRARARE	del_1	936
HepG2_skew	[-1.5,-1.0)	dELS	ULTRARARE	del_10plus	399
HepG2_skew	[-1.5,-1.0)	dELS	ULTRARARE	del_2	273
HepG2_skew	[-1.5,-1.0)	dELS	ULTRARARE	del_3	179
HepG2_skew	[-1.5,-1.0)	dELS	ULTRARARE	del_4	198
HepG2_skew	[-1.5,-1.0)	dELS	ULTRARARE	del_5	59
HepG2_skew	[-1.5,-1.0)	dELS	ULTRARARE	del_6	73
HepG2_skew	[-1.5,-1.0)	dELS	ULTRARARE	del_7	50
HepG2_skew	[-1.5,-1.0)	dELS	ULTRARARE	del_8	57
HepG2_skew	[-1.5,-1.0)	dELS	ULTRARARE	del_9	31
HepG2_skew	[-1.5,-1.0)	dELS	ULTRARARE	ins_1	255
HepG2_skew	[-1.5,-1.0)	dELS	ULTRARARE	ins_10plus	47
HepG2_skew	[-1.5,-1.0)	dELS	ULTRARARE	ins_2	73
HepG2_skew	[-1.5,-1.0)	dELS	ULTRARARE	ins_3	38
HepG2_skew	[-1.5,-1.0)	dELS	ULTRARARE	ins_4	52
HepG2_skew	[-1.5,-1.0)	dELS	ULTRARARE	ins_5	26
HepG2_skew	[-1.5,-1.0)	dELS	ULTRARARE	ins_6	10
HepG2_skew	[-1.5,-1.0)	dELS	ULTRARARE	ins_7	6
HepG2_skew	[-1.5,-1.0)	dELS	ULTRARARE	ins_8	12
HepG2_skew	[-1.5,-1.0)	dELS	ULTRARARE	ins_9	2
HepG2_skew	[-1.5,-1.0)	non-cCRE	COMMON	del_1	59
HepG2_skew	[-1.5,-1.0)	non-cCRE	COMMON	del_10plus	48
HepG2_skew	[-1.5,-1.0)	non-cCRE	COMMON	del_2	16
HepG2_skew	[-1.5,-1.0)	non-cCRE	COMMON	del_3	3
HepG2_skew	[-1.5,-1.0)	non-cCRE	COMMON	del_4	15
HepG2_skew	[-1.5,-1.0)	non-cCRE	COMMON	del_5	3
HepG2_skew	[-1.5,-1.0)	non-cCRE	COMMON	del_6	16
HepG2_skew	[-1.5,-1.0)	non-cCRE	COMMON	del_7	6
HepG2_skew	[-1.5,-1.0)	non-cCRE	COMMON	del_8	4
HepG2_skew	[-1.5,-1.0)	non-cCRE	COMMON	del_9	3
HepG2_skew	[-1.5,-1.0)	non-cCRE	COMMON	ins_1	17
HepG2_skew	[-1.5,-1.0)	non-cCRE	COMMON	ins_10plus	6
HepG2_skew	[-1.5,-1.0)	non-cCRE	COMMON	ins_2	4
HepG2_skew	[-1.5,-1.0)	non-cCRE	COMMON	ins_3	14
HepG2_skew	[-1.5,-1.0)	non-cCRE	COMMON	ins_4	6
HepG2_skew	[-1.5,-1.0)	non-cCRE	COMMON	ins_5	2
HepG2_skew	[-1.5,-1.0)	non-cCRE	COMMON	ins_6	1
HepG2_skew	[-1.5,-1.0)	non-cCRE	LOW_FREQ	del_1	60
HepG2_skew	[-1.5,-1.0)	non-cCRE	LOW_FREQ	del_10plus	58
HepG2_skew	[-1.5,-1.0)	non-cCRE	LOW_FREQ	del_2	14
HepG2_skew	[-1.5,-1.0)	non-cCRE	LOW_FREQ	del_3	15
HepG2_skew	[-1.5,-1.0)	non-cCRE	LOW_FREQ	del_4	12
HepG2_skew	[-1.5,-1.0)	non-cCRE	LOW_FREQ	del_5	7
HepG2_skew	[-1.5,-1.0)	non-cCRE	LOW_FREQ	del_6	8
HepG2_skew	[-1.5,-1.0)	non-cCRE	LOW_FREQ	del_7	6
HepG2_skew	[-1.5,-1.0)	non-cCRE	LOW_FREQ	del_8	8
HepG2_skew	[-1.5,-1.0)	non-cCRE	LOW_FREQ	del_9	2
HepG2_skew	[-1.5,-1.0)	non-cCRE	LOW_FREQ	ins_1	27
HepG2_skew	[-1.5,-1.0)	non-cCRE	LOW_FREQ	ins_10plus	7
HepG2_skew	[-1.5,-1.0)	non-cCRE	LOW_FREQ	ins_2	15
HepG2_skew	[-1.5,-1.0)	non-cCRE	LOW_FREQ	ins_3	8
HepG2_skew	[-1.5,-1.0)	non-cCRE	LOW_FREQ	ins_4	2
HepG2_skew	[-1.5,-1.0)	non-cCRE	LOW_FREQ	ins_5	4
HepG2_skew	[-1.5,-1.0)	non-cCRE	LOW_FREQ	ins_6	4
HepG2_skew	[-1.5,-1.0)	non-cCRE	LOW_FREQ	ins_7	1
HepG2_skew	[-1.5,-1.0)	non-cCRE	RARE	del_1	202
HepG2_skew	[-1.5,-1.0)	non-cCRE	RARE	del_10plus	98
HepG2_skew	[-1.5,-1.0)	non-cCRE	RARE	del_2	43
HepG2_skew	[-1.5,-1.0)	non-cCRE	RARE	del_3	42
HepG2_skew	[-1.5,-1.0)	non-cCRE	RARE	del_4	39
HepG2_skew	[-1.5,-1.0)	non-cCRE	RARE	del_5	8
HepG2_skew	[-1.5,-1.0)	non-cCRE	RARE	del_6	25
HepG2_skew	[-1.5,-1.0)	non-cCRE	RARE	del_7	15
HepG2_skew	[-1.5,-1.0)	non-cCRE	RARE	del_8	11
HepG2_skew	[-1.5,-1.0)	non-cCRE	RARE	del_9	4
HepG2_skew	[-1.5,-1.0)	non-cCRE	RARE	ins_1	42
HepG2_skew	[-1.5,-1.0)	non-cCRE	RARE	ins_10plus	5
HepG2_skew	[-1.5,-1.0)	non-cCRE	RARE	ins_2	20
HepG2_skew	[-1.5,-1.0)	non-cCRE	RARE	ins_3	5
HepG2_skew	[-1.5,-1.0)	non-cCRE	RARE	ins_4	12
HepG2_skew	[-1.5,-1.0)	non-cCRE	RARE	ins_5	1
HepG2_skew	[-1.5,-1.0)	non-cCRE	RARE	ins_6	4
HepG2_skew	[-1.5,-1.0)	non-cCRE	RARE	ins_7	1
HepG2_skew	[-1.5,-1.0)	non-cCRE	RARE	ins_8	2
HepG2_skew	[-1.5,-1.0)	non-cCRE	SINGLETON	del_1	2118
HepG2_skew	[-1.5,-1.0)	non-cCRE	SINGLETON	del_10plus	762
HepG2_skew	[-1.5,-1.0)	non-cCRE	SINGLETON	del_2	372
HepG2_skew	[-1.5,-1.0)	non-cCRE	SINGLETON	del_3	283
HepG2_skew	[-1.5,-1.0)	non-cCRE	SINGLETON	del_4	301
HepG2_skew	[-1.5,-1.0)	non-cCRE	SINGLETON	del_5	112
HepG2_skew	[-1.5,-1.0)	non-cCRE	SINGLETON	del_6	161
HepG2_skew	[-1.5,-1.0)	non-cCRE	SINGLETON	del_7	119
HepG2_skew	[-1.5,-1.0)	non-cCRE	SINGLETON	del_8	100
HepG2_skew	[-1.5,-1.0)	non-cCRE	SINGLETON	del_9	100
HepG2_skew	[-1.5,-1.0)	non-cCRE	SINGLETON	ins_1	418
HepG2_skew	[-1.5,-1.0)	non-cCRE	SINGLETON	ins_10plus	55
HepG2_skew	[-1.5,-1.0)	non-cCRE	SINGLETON	ins_2	199
HepG2_skew	[-1.5,-1.0)	non-cCRE	SINGLETON	ins_3	105
HepG2_skew	[-1.5,-1.0)	non-cCRE	SINGLETON	ins_4	96
HepG2_skew	[-1.5,-1.0)	non-cCRE	SINGLETON	ins_5	28
HepG2_skew	[-1.5,-1.0)	non-cCRE	SINGLETON	ins_6	26
HepG2_skew	[-1.5,-1.0)	non-cCRE	SINGLETON	ins_7	12
HepG2_skew	[-1.5,-1.0)	non-cCRE	SINGLETON	ins_8	14
HepG2_skew	[-1.5,-1.0)	non-cCRE	SINGLETON	ins_9	20
HepG2_skew	[-1.5,-1.0)	non-cCRE	ULTRARARE	del_1	1138
HepG2_skew	[-1.5,-1.0)	non-cCRE	ULTRARARE	del_10plus	468
HepG2_skew	[-1.5,-1.0)	non-cCRE	ULTRARARE	del_2	212
HepG2_skew	[-1.5,-1.0)	non-cCRE	ULTRARARE	del_3	196
HepG2_skew	[-1.5,-1.0)	non-cCRE	ULTRARARE	del_4	229
HepG2_skew	[-1.5,-1.0)	non-cCRE	ULTRARARE	del_5	79
HepG2_skew	[-1.5,-1.0)	non-cCRE	ULTRARARE	del_6	101
HepG2_skew	[-1.5,-1.0)	non-cCRE	ULTRARARE	del_7	78
HepG2_skew	[-1.5,-1.0)	non-cCRE	ULTRARARE	del_8	79
HepG2_skew	[-1.5,-1.0)	non-cCRE	ULTRARARE	del_9	48
HepG2_skew	[-1.5,-1.0)	non-cCRE	ULTRARARE	ins_1	273
HepG2_skew	[-1.5,-1.0)	non-cCRE	ULTRARARE	ins_10plus	40
HepG2_skew	[-1.5,-1.0)	non-cCRE	ULTRARARE	ins_2	107
HepG2_skew	[-1.5,-1.0)	non-cCRE	ULTRARARE	ins_3	51
HepG2_skew	[-1.5,-1.0)	non-cCRE	ULTRARARE	ins_4	51
HepG2_skew	[-1.5,-1.0)	non-cCRE	ULTRARARE	ins_5	16
HepG2_skew	[-1.5,-1.0)	non-cCRE	ULTRARARE	ins_6	20
HepG2_skew	[-1.5,-1.0)	non-cCRE	ULTRARARE	ins_7	9
HepG2_skew	[-1.5,-1.0)	non-cCRE	ULTRARARE	ins_8	7
HepG2_skew	[-1.5,-1.0)	non-cCRE	ULTRARARE	ins_9	7
HepG2_skew	[-1.5,-1.0)	pELS	COMMON	del_1	7
HepG2_skew	[-1.5,-1.0)	pELS	COMMON	del_10plus	5
HepG2_skew	[-1.5,-1.0)	pELS	COMMON	del_2	3
HepG2_skew	[-1.5,-1.0)	pELS	COMMON	del_3	1
HepG2_skew	[-1.5,-1.0)	pELS	COMMON	del_4	1
HepG2_skew	[-1.5,-1.0)	pELS	COMMON	del_5	2
HepG2_skew	[-1.5,-1.0)	pELS	COMMON	del_6	2
HepG2_skew	[-1.5,-1.0)	pELS	COMMON	del_7	1
HepG2_skew	[-1.5,-1.0)	pELS	COMMON	del_9	2
HepG2_skew	[-1.5,-1.0)	pELS	COMMON	ins_1	4
HepG2_skew	[-1.5,-1.0)	pELS	COMMON	ins_10plus	2
HepG2_skew	[-1.5,-1.0)	pELS	COMMON	ins_2	1
HepG2_skew	[-1.5,-1.0)	pELS	LOW_FREQ	del_1	5
HepG2_skew	[-1.5,-1.0)	pELS	LOW_FREQ	del_10plus	7
HepG2_skew	[-1.5,-1.0)	pELS	LOW_FREQ	del_2	4
HepG2_skew	[-1.5,-1.0)	pELS	LOW_FREQ	del_3	3
HepG2_skew	[-1.5,-1.0)	pELS	LOW_FREQ	del_4	2
HepG2_skew	[-1.5,-1.0)	pELS	LOW_FREQ	del_5	1
HepG2_skew	[-1.5,-1.0)	pELS	LOW_FREQ	del_6	3
HepG2_skew	[-1.5,-1.0)	pELS	LOW_FREQ	del_8	2
HepG2_skew	[-1.5,-1.0)	pELS	LOW_FREQ	del_9	1
HepG2_skew	[-1.5,-1.0)	pELS	LOW_FREQ	ins_1	2
HepG2_skew	[-1.5,-1.0)	pELS	LOW_FREQ	ins_10plus	3
HepG2_skew	[-1.5,-1.0)	pELS	LOW_FREQ	ins_2	2
HepG2_skew	[-1.5,-1.0)	pELS	LOW_FREQ	ins_3	1
HepG2_skew	[-1.5,-1.0)	pELS	LOW_FREQ	ins_4	1
HepG2_skew	[-1.5,-1.0)	pELS	RARE	del_1	15
HepG2_skew	[-1.5,-1.0)	pELS	RARE	del_10plus	18
HepG2_skew	[-1.5,-1.0)	pELS	RARE	del_2	10
HepG2_skew	[-1.5,-1.0)	pELS	RARE	del_3	5
HepG2_skew	[-1.5,-1.0)	pELS	RARE	del_4	11
HepG2_skew	[-1.5,-1.0)	pELS	RARE	del_5	2
HepG2_skew	[-1.5,-1.0)	pELS	RARE	del_6	4
HepG2_skew	[-1.5,-1.0)	pELS	RARE	del_7	2
HepG2_skew	[-1.5,-1.0)	pELS	RARE	del_8	4
HepG2_skew	[-1.5,-1.0)	pELS	RARE	ins_1	6
HepG2_skew	[-1.5,-1.0)	pELS	RARE	ins_10plus	7
HepG2_skew	[-1.5,-1.0)	pELS	RARE	ins_2	4
HepG2_skew	[-1.5,-1.0)	pELS	RARE	ins_3	2
HepG2_skew	[-1.5,-1.0)	pELS	RARE	ins_4	1
HepG2_skew	[-1.5,-1.0)	pELS	SINGLETON	del_1	251
HepG2_skew	[-1.5,-1.0)	pELS	SINGLETON	del_10plus	124
HepG2_skew	[-1.5,-1.0)	pELS	SINGLETON	del_2	78
HepG2_skew	[-1.5,-1.0)	pELS	SINGLETON	del_3	51
HepG2_skew	[-1.5,-1.0)	pELS	SINGLETON	del_4	35
HepG2_skew	[-1.5,-1.0)	pELS	SINGLETON	del_5	13
HepG2_skew	[-1.5,-1.0)	pELS	SINGLETON	del_6	16
HepG2_skew	[-1.5,-1.0)	pELS	SINGLETON	del_7	16
HepG2_skew	[-1.5,-1.0)	pELS	SINGLETON	del_8	16
HepG2_skew	[-1.5,-1.0)	pELS	SINGLETON	del_9	10
HepG2_skew	[-1.5,-1.0)	pELS	SINGLETON	ins_1	81
HepG2_skew	[-1.5,-1.0)	pELS	SINGLETON	ins_10plus	8
HepG2_skew	[-1.5,-1.0)	pELS	SINGLETON	ins_2	25
HepG2_skew	[-1.5,-1.0)	pELS	SINGLETON	ins_3	15
HepG2_skew	[-1.5,-1.0)	pELS	SINGLETON	ins_4	16
HepG2_skew	[-1.5,-1.0)	pELS	SINGLETON	ins_5	5
HepG2_skew	[-1.5,-1.0)	pELS	SINGLETON	ins_6	5
HepG2_skew	[-1.5,-1.0)	pELS	SINGLETON	ins_7	5
HepG2_skew	[-1.5,-1.0)	pELS	SINGLETON	ins_8	3
HepG2_skew	[-1.5,-1.0)	pELS	SINGLETON	ins_9	3
HepG2_skew	[-1.5,-1.0)	pELS	ULTRARARE	del_1	174
HepG2_skew	[-1.5,-1.0)	pELS	ULTRARARE	del_10plus	80
HepG2_skew	[-1.5,-1.0)	pELS	ULTRARARE	del_2	44
HepG2_skew	[-1.5,-1.0)	pELS	ULTRARARE	del_3	19
HepG2_skew	[-1.5,-1.0)	pELS	ULTRARARE	del_4	21
HepG2_skew	[-1.5,-1.0)	pELS	ULTRARARE	del_5	11
HepG2_skew	[-1.5,-1.0)	pELS	ULTRARARE	del_6	24
HepG2_skew	[-1.5,-1.0)	pELS	ULTRARARE	del_7	8
HepG2_skew	[-1.5,-1.0)	pELS	ULTRARARE	del_8	11
HepG2_skew	[-1.5,-1.0)	pELS	ULTRARARE	del_9	5
HepG2_skew	[-1.5,-1.0)	pELS	ULTRARARE	ins_1	50
HepG2_skew	[-1.5,-1.0)	pELS	ULTRARARE	ins_10plus	4
HepG2_skew	[-1.5,-1.0)	pELS	ULTRARARE	ins_2	14
HepG2_skew	[-1.5,-1.0)	pELS	ULTRARARE	ins_3	8
HepG2_skew	[-1.5,-1.0)	pELS	ULTRARARE	ins_4	4
HepG2_skew	[-1.5,-1.0)	pELS	ULTRARARE	ins_6	3
HepG2_skew	[-1.5,-1.0)	pELS	ULTRARARE	ins_7	1
HepG2_skew	[-1.5,-1.0)	pELS	ULTRARARE	ins_8	1
HepG2_skew	[0.05,0.2)	Other cCREs	COMMON	del_1	1373
HepG2_skew	[0.05,0.2)	Other cCREs	COMMON	del_10plus	2929
HepG2_skew	[0.05,0.2)	Other cCREs	COMMON	del_2	891
HepG2_skew	[0.05,0.2)	Other cCREs	COMMON	del_3	839
HepG2_skew	[0.05,0.2)	Other cCREs	COMMON	del_4	1640
HepG2_skew	[0.05,0.2)	Other cCREs	COMMON	del_5	401
HepG2_skew	[0.05,0.2)	Other cCREs	COMMON	del_6	522
HepG2_skew	[0.05,0.2)	Other cCREs	COMMON	del_7	202
HepG2_skew	[0.05,0.2)	Other cCREs	COMMON	del_8	727
HepG2_skew	[0.05,0.2)	Other cCREs	COMMON	del_9	344
HepG2_skew	[0.05,0.2)	Other cCREs	COMMON	ins_1	7687
HepG2_skew	[0.05,0.2)	Other cCREs	COMMON	ins_10plus	2007
HepG2_skew	[0.05,0.2)	Other cCREs	COMMON	ins_2	1412
HepG2_skew	[0.05,0.2)	Other cCREs	COMMON	ins_3	695
HepG2_skew	[0.05,0.2)	Other cCREs	COMMON	ins_4	679
HepG2_skew	[0.05,0.2)	Other cCREs	COMMON	ins_5	187
HepG2_skew	[0.05,0.2)	Other cCREs	COMMON	ins_6	321
HepG2_skew	[0.05,0.2)	Other cCREs	COMMON	ins_7	116
HepG2_skew	[0.05,0.2)	Other cCREs	COMMON	ins_8	721
HepG2_skew	[0.05,0.2)	Other cCREs	COMMON	ins_9	39
HepG2_skew	[0.05,0.2)	Other cCREs	LOW_FREQ	del_1	1532
HepG2_skew	[0.05,0.2)	Other cCREs	LOW_FREQ	del_10plus	3288
HepG2_skew	[0.05,0.2)	Other cCREs	LOW_FREQ	del_2	1052
HepG2_skew	[0.05,0.2)	Other cCREs	LOW_FREQ	del_3	1110
HepG2_skew	[0.05,0.2)	Other cCREs	LOW_FREQ	del_4	1579
HepG2_skew	[0.05,0.2)	Other cCREs	LOW_FREQ	del_5	565
HepG2_skew	[0.05,0.2)	Other cCREs	LOW_FREQ	del_6	627
HepG2_skew	[0.05,0.2)	Other cCREs	LOW_FREQ	del_7	280
HepG2_skew	[0.05,0.2)	Other cCREs	LOW_FREQ	del_8	634
HepG2_skew	[0.05,0.2)	Other cCREs	LOW_FREQ	del_9	409
HepG2_skew	[0.05,0.2)	Other cCREs	LOW_FREQ	ins_1	5769
HepG2_skew	[0.05,0.2)	Other cCREs	LOW_FREQ	ins_10plus	3113
HepG2_skew	[0.05,0.2)	Other cCREs	LOW_FREQ	ins_2	1330
HepG2_skew	[0.05,0.2)	Other cCREs	LOW_FREQ	ins_3	838
HepG2_skew	[0.05,0.2)	Other cCREs	LOW_FREQ	ins_4	634
HepG2_skew	[0.05,0.2)	Other cCREs	LOW_FREQ	ins_5	210
HepG2_skew	[0.05,0.2)	Other cCREs	LOW_FREQ	ins_6	374
HepG2_skew	[0.05,0.2)	Other cCREs	LOW_FREQ	ins_7	152
HepG2_skew	[0.05,0.2)	Other cCREs	LOW_FREQ	ins_8	819
HepG2_skew	[0.05,0.2)	Other cCREs	LOW_FREQ	ins_9	52
HepG2_skew	[0.05,0.2)	Other cCREs	RARE	del_1	3653
HepG2_skew	[0.05,0.2)	Other cCREs	RARE	del_10plus	6426
HepG2_skew	[0.05,0.2)	Other cCREs	RARE	del_2	2659
HepG2_skew	[0.05,0.2)	Other cCREs	RARE	del_3	2691
HepG2_skew	[0.05,0.2)	Other cCREs	RARE	del_4	3576
HepG2_skew	[0.05,0.2)	Other cCREs	RARE	del_5	1287
HepG2_skew	[0.05,0.2)	Other cCREs	RARE	del_6	1268
HepG2_skew	[0.05,0.2)	Other cCREs	RARE	del_7	633
HepG2_skew	[0.05,0.2)	Other cCREs	RARE	del_8	1099
HepG2_skew	[0.05,0.2)	Other cCREs	RARE	del_9	996
HepG2_skew	[0.05,0.2)	Other cCREs	RARE	ins_1	9841
HepG2_skew	[0.05,0.2)	Other cCREs	RARE	ins_10plus	5058
HepG2_skew	[0.05,0.2)	Other cCREs	RARE	ins_2	2176
HepG2_skew	[0.05,0.2)	Other cCREs	RARE	ins_3	1322
HepG2_skew	[0.05,0.2)	Other cCREs	RARE	ins_4	1165
HepG2_skew	[0.05,0.2)	Other cCREs	RARE	ins_5	439
HepG2_skew	[0.05,0.2)	Other cCREs	RARE	ins_6	584
HepG2_skew	[0.05,0.2)	Other cCREs	RARE	ins_7	345
HepG2_skew	[0.05,0.2)	Other cCREs	RARE	ins_8	1115
HepG2_skew	[0.05,0.2)	Other cCREs	RARE	ins_9	110
HepG2_skew	[0.05,0.2)	Other cCREs	SINGLETON	del_1	36499
HepG2_skew	[0.05,0.2)	Other cCREs	SINGLETON	del_10plus	25059
HepG2_skew	[0.05,0.2)	Other cCREs	SINGLETON	del_2	18219
HepG2_skew	[0.05,0.2)	Other cCREs	SINGLETON	del_3	17205
HepG2_skew	[0.05,0.2)	Other cCREs	SINGLETON	del_4	15683
HepG2_skew	[0.05,0.2)	Other cCREs	SINGLETON	del_5	7544
HepG2_skew	[0.05,0.2)	Other cCREs	SINGLETON	del_6	6053
HepG2_skew	[0.05,0.2)	Other cCREs	SINGLETON	del_7	3787
HepG2_skew	[0.05,0.2)	Other cCREs	SINGLETON	del_8	3927
HepG2_skew	[0.05,0.2)	Other cCREs	SINGLETON	del_9	5315
HepG2_skew	[0.05,0.2)	Other cCREs	SINGLETON	ins_1	41064
HepG2_skew	[0.05,0.2)	Other cCREs	SINGLETON	ins_10plus	9312
HepG2_skew	[0.05,0.2)	Other cCREs	SINGLETON	ins_2	6954
HepG2_skew	[0.05,0.2)	Other cCREs	SINGLETON	ins_3	5121
HepG2_skew	[0.05,0.2)	Other cCREs	SINGLETON	ins_4	5222
HepG2_skew	[0.05,0.2)	Other cCREs	SINGLETON	ins_5	1913
HepG2_skew	[0.05,0.2)	Other cCREs	SINGLETON	ins_6	1732
HepG2_skew	[0.05,0.2)	Other cCREs	SINGLETON	ins_7	1304
HepG2_skew	[0.05,0.2)	Other cCREs	SINGLETON	ins_8	2743
HepG2_skew	[0.05,0.2)	Other cCREs	SINGLETON	ins_9	499
HepG2_skew	[0.05,0.2)	Other cCREs	ULTRARARE	del_1	20455
HepG2_skew	[0.05,0.2)	Other cCREs	ULTRARARE	del_10plus	20160
HepG2_skew	[0.05,0.2)	Other cCREs	ULTRARARE	del_2	12509
HepG2_skew	[0.05,0.2)	Other cCREs	ULTRARARE	del_3	12679
HepG2_skew	[0.05,0.2)	Other cCREs	ULTRARARE	del_4	13960
HepG2_skew	[0.05,0.2)	Other cCREs	ULTRARARE	del_5	5363
HepG2_skew	[0.05,0.2)	Other cCREs	ULTRARARE	del_6	4574
HepG2_skew	[0.05,0.2)	Other cCREs	ULTRARARE	del_7	2389
HepG2_skew	[0.05,0.2)	Other cCREs	ULTRARARE	del_8	3169
HepG2_skew	[0.05,0.2)	Other cCREs	ULTRARARE	del_9	3813
HepG2_skew	[0.05,0.2)	Other cCREs	ULTRARARE	ins_1	33692
HepG2_skew	[0.05,0.2)	Other cCREs	ULTRARARE	ins_10plus	8665
HepG2_skew	[0.05,0.2)	Other cCREs	ULTRARARE	ins_2	6044
HepG2_skew	[0.05,0.2)	Other cCREs	ULTRARARE	ins_3	3861
HepG2_skew	[0.05,0.2)	Other cCREs	ULTRARARE	ins_4	3741
HepG2_skew	[0.05,0.2)	Other cCREs	ULTRARARE	ins_5	1439
HepG2_skew	[0.05,0.2)	Other cCREs	ULTRARARE	ins_6	1433
HepG2_skew	[0.05,0.2)	Other cCREs	ULTRARARE	ins_7	1034
HepG2_skew	[0.05,0.2)	Other cCREs	ULTRARARE	ins_8	2311
HepG2_skew	[0.05,0.2)	Other cCREs	ULTRARARE	ins_9	374
HepG2_skew	[0.05,0.2)	PLS	COMMON	del_1	105
HepG2_skew	[0.05,0.2)	PLS	COMMON	del_10plus	144
HepG2_skew	[0.05,0.2)	PLS	COMMON	del_2	84
HepG2_skew	[0.05,0.2)	PLS	COMMON	del_3	83
HepG2_skew	[0.05,0.2)	PLS	COMMON	del_4	97
HepG2_skew	[0.05,0.2)	PLS	COMMON	del_5	29
HepG2_skew	[0.05,0.2)	PLS	COMMON	del_6	43
HepG2_skew	[0.05,0.2)	PLS	COMMON	del_7	11
HepG2_skew	[0.05,0.2)	PLS	COMMON	del_8	24
HepG2_skew	[0.05,0.2)	PLS	COMMON	del_9	27
HepG2_skew	[0.05,0.2)	PLS	COMMON	ins_1	430
HepG2_skew	[0.05,0.2)	PLS	COMMON	ins_10plus	122
HepG2_skew	[0.05,0.2)	PLS	COMMON	ins_2	78
HepG2_skew	[0.05,0.2)	PLS	COMMON	ins_3	32
HepG2_skew	[0.05,0.2)	PLS	COMMON	ins_4	25
HepG2_skew	[0.05,0.2)	PLS	COMMON	ins_5	28
HepG2_skew	[0.05,0.2)	PLS	COMMON	ins_6	30
HepG2_skew	[0.05,0.2)	PLS	COMMON	ins_7	11
HepG2_skew	[0.05,0.2)	PLS	COMMON	ins_8	27
HepG2_skew	[0.05,0.2)	PLS	COMMON	ins_9	3
HepG2_skew	[0.05,0.2)	PLS	LOW_FREQ	del_1	159
HepG2_skew	[0.05,0.2)	PLS	LOW_FREQ	del_10plus	152
HepG2_skew	[0.05,0.2)	PLS	LOW_FREQ	del_2	100
HepG2_skew	[0.05,0.2)	PLS	LOW_FREQ	del_3	82
HepG2_skew	[0.05,0.2)	PLS	LOW_FREQ	del_4	86
HepG2_skew	[0.05,0.2)	PLS	LOW_FREQ	del_5	33
HepG2_skew	[0.05,0.2)	PLS	LOW_FREQ	del_6	64
HepG2_skew	[0.05,0.2)	PLS	LOW_FREQ	del_7	20
HepG2_skew	[0.05,0.2)	PLS	LOW_FREQ	del_8	24
HepG2_skew	[0.05,0.2)	PLS	LOW_FREQ	del_9	25
HepG2_skew	[0.05,0.2)	PLS	LOW_FREQ	ins_1	370
HepG2_skew	[0.05,0.2)	PLS	LOW_FREQ	ins_10plus	189
HepG2_skew	[0.05,0.2)	PLS	LOW_FREQ	ins_2	84
HepG2_skew	[0.05,0.2)	PLS	LOW_FREQ	ins_3	42
HepG2_skew	[0.05,0.2)	PLS	LOW_FREQ	ins_4	36
HepG2_skew	[0.05,0.2)	PLS	LOW_FREQ	ins_5	29
HepG2_skew	[0.05,0.2)	PLS	LOW_FREQ	ins_6	43
HepG2_skew	[0.05,0.2)	PLS	LOW_FREQ	ins_7	8
HepG2_skew	[0.05,0.2)	PLS	LOW_FREQ	ins_8	39
HepG2_skew	[0.05,0.2)	PLS	LOW_FREQ	ins_9	5
HepG2_skew	[0.05,0.2)	PLS	RARE	del_1	425
HepG2_skew	[0.05,0.2)	PLS	RARE	del_10plus	339
HepG2_skew	[0.05,0.2)	PLS	RARE	del_2	231
HepG2_skew	[0.05,0.2)	PLS	RARE	del_3	232
HepG2_skew	[0.05,0.2)	PLS	RARE	del_4	216
HepG2_skew	[0.05,0.2)	PLS	RARE	del_5	104
HepG2_skew	[0.05,0.2)	PLS	RARE	del_6	112
HepG2_skew	[0.05,0.2)	PLS	RARE	del_7	47
HepG2_skew	[0.05,0.2)	PLS	RARE	del_8	62
HepG2_skew	[0.05,0.2)	PLS	RARE	del_9	83
HepG2_skew	[0.05,0.2)	PLS	RARE	ins_1	783
HepG2_skew	[0.05,0.2)	PLS	RARE	ins_10plus	345
HepG2_skew	[0.05,0.2)	PLS	RARE	ins_2	139
HepG2_skew	[0.05,0.2)	PLS	RARE	ins_3	73
HepG2_skew	[0.05,0.2)	PLS	RARE	ins_4	69
HepG2_skew	[0.05,0.2)	PLS	RARE	ins_5	72
HepG2_skew	[0.05,0.2)	PLS	RARE	ins_6	124
HepG2_skew	[0.05,0.2)	PLS	RARE	ins_7	33
HepG2_skew	[0.05,0.2)	PLS	RARE	ins_8	56
HepG2_skew	[0.05,0.2)	PLS	RARE	ins_9	15
HepG2_skew	[0.05,0.2)	PLS	SINGLETON	del_1	3851
HepG2_skew	[0.05,0.2)	PLS	SINGLETON	del_10plus	1742
HepG2_skew	[0.05,0.2)	PLS	SINGLETON	del_2	1727
HepG2_skew	[0.05,0.2)	PLS	SINGLETON	del_3	1469
HepG2_skew	[0.05,0.2)	PLS	SINGLETON	del_4	1071
HepG2_skew	[0.05,0.2)	PLS	SINGLETON	del_5	576
HepG2_skew	[0.05,0.2)	PLS	SINGLETON	del_6	444
HepG2_skew	[0.05,0.2)	PLS	SINGLETON	del_7	293
HepG2_skew	[0.05,0.2)	PLS	SINGLETON	del_8	289
HepG2_skew	[0.05,0.2)	PLS	SINGLETON	del_9	401
HepG2_skew	[0.05,0.2)	PLS	SINGLETON	ins_1	3400
HepG2_skew	[0.05,0.2)	PLS	SINGLETON	ins_10plus	1155
HepG2_skew	[0.05,0.2)	PLS	SINGLETON	ins_2	579
HepG2_skew	[0.05,0.2)	PLS	SINGLETON	ins_3	319
HepG2_skew	[0.05,0.2)	PLS	SINGLETON	ins_4	275
HepG2_skew	[0.05,0.2)	PLS	SINGLETON	ins_5	248
HepG2_skew	[0.05,0.2)	PLS	SINGLETON	ins_6	292
HepG2_skew	[0.05,0.2)	PLS	SINGLETON	ins_7	157
HepG2_skew	[0.05,0.2)	PLS	SINGLETON	ins_8	171
HepG2_skew	[0.05,0.2)	PLS	SINGLETON	ins_9	74
HepG2_skew	[0.05,0.2)	PLS	ULTRARARE	del_1	2449
HepG2_skew	[0.05,0.2)	PLS	ULTRARARE	del_10plus	1209
HepG2_skew	[0.05,0.2)	PLS	ULTRARARE	del_2	1131
HepG2_skew	[0.05,0.2)	PLS	ULTRARARE	del_3	1167
HepG2_skew	[0.05,0.2)	PLS	ULTRARARE	del_4	883
HepG2_skew	[0.05,0.2)	PLS	ULTRARARE	del_5	414
HepG2_skew	[0.05,0.2)	PLS	ULTRARARE	del_6	362
HepG2_skew	[0.05,0.2)	PLS	ULTRARARE	del_7	194
HepG2_skew	[0.05,0.2)	PLS	ULTRARARE	del_8	169
HepG2_skew	[0.05,0.2)	PLS	ULTRARARE	del_9	265
HepG2_skew	[0.05,0.2)	PLS	ULTRARARE	ins_1	2897
HepG2_skew	[0.05,0.2)	PLS	ULTRARARE	ins_10plus	1046
HepG2_skew	[0.05,0.2)	PLS	ULTRARARE	ins_2	481
HepG2_skew	[0.05,0.2)	PLS	ULTRARARE	ins_3	247
HepG2_skew	[0.05,0.2)	PLS	ULTRARARE	ins_4	217
HepG2_skew	[0.05,0.2)	PLS	ULTRARARE	ins_5	224
HepG2_skew	[0.05,0.2)	PLS	ULTRARARE	ins_6	292
HepG2_skew	[0.05,0.2)	PLS	ULTRARARE	ins_7	109
HepG2_skew	[0.05,0.2)	PLS	ULTRARARE	ins_8	171
HepG2_skew	[0.05,0.2)	PLS	ULTRARARE	ins_9	45
HepG2_skew	[0.05,0.2)	dELS	COMMON	del_1	3351
HepG2_skew	[0.05,0.2)	dELS	COMMON	del_10plus	5095
HepG2_skew	[0.05,0.2)	dELS	COMMON	del_2	2334
HepG2_skew	[0.05,0.2)	dELS	COMMON	del_3	1939
HepG2_skew	[0.05,0.2)	dELS	COMMON	del_4	2944
HepG2_skew	[0.05,0.2)	dELS	COMMON	del_5	947
HepG2_skew	[0.05,0.2)	dELS	COMMON	del_6	1203
HepG2_skew	[0.05,0.2)	dELS	COMMON	del_7	428
HepG2_skew	[0.05,0.2)	dELS	COMMON	del_8	861
HepG2_skew	[0.05,0.2)	dELS	COMMON	del_9	631
HepG2_skew	[0.05,0.2)	dELS	COMMON	ins_1	18917
HepG2_skew	[0.05,0.2)	dELS	COMMON	ins_10plus	4390
HepG2_skew	[0.05,0.2)	dELS	COMMON	ins_2	3129
HepG2_skew	[0.05,0.2)	dELS	COMMON	ins_3	1551
HepG2_skew	[0.05,0.2)	dELS	COMMON	ins_4	1355
HepG2_skew	[0.05,0.2)	dELS	COMMON	ins_5	394
HepG2_skew	[0.05,0.2)	dELS	COMMON	ins_6	755
HepG2_skew	[0.05,0.2)	dELS	COMMON	ins_7	237
HepG2_skew	[0.05,0.2)	dELS	COMMON	ins_8	1535
HepG2_skew	[0.05,0.2)	dELS	COMMON	ins_9	58
HepG2_skew	[0.05,0.2)	dELS	LOW_FREQ	del_1	4055
HepG2_skew	[0.05,0.2)	dELS	LOW_FREQ	del_10plus	5644
HepG2_skew	[0.05,0.2)	dELS	LOW_FREQ	del_2	2891
HepG2_skew	[0.05,0.2)	dELS	LOW_FREQ	del_3	2676
HepG2_skew	[0.05,0.2)	dELS	LOW_FREQ	del_4	3231
HepG2_skew	[0.05,0.2)	dELS	LOW_FREQ	del_5	1287
HepG2_skew	[0.05,0.2)	dELS	LOW_FREQ	del_6	1212
HepG2_skew	[0.05,0.2)	dELS	LOW_FREQ	del_7	606
HepG2_skew	[0.05,0.2)	dELS	LOW_FREQ	del_8	849
HepG2_skew	[0.05,0.2)	dELS	LOW_FREQ	del_9	771
HepG2_skew	[0.05,0.2)	dELS	LOW_FREQ	ins_1	14567
HepG2_skew	[0.05,0.2)	dELS	LOW_FREQ	ins_10plus	6973
HepG2_skew	[0.05,0.2)	dELS	LOW_FREQ	ins_2	2969
HepG2_skew	[0.05,0.2)	dELS	LOW_FREQ	ins_3	1737
HepG2_skew	[0.05,0.2)	dELS	LOW_FREQ	ins_4	1352
HepG2_skew	[0.05,0.2)	dELS	LOW_FREQ	ins_5	474
HepG2_skew	[0.05,0.2)	dELS	LOW_FREQ	ins_6	858
HepG2_skew	[0.05,0.2)	dELS	LOW_FREQ	ins_7	350
HepG2_skew	[0.05,0.2)	dELS	LOW_FREQ	ins_8	1674
HepG2_skew	[0.05,0.2)	dELS	LOW_FREQ	ins_9	110
HepG2_skew	[0.05,0.2)	dELS	RARE	del_1	9413
HepG2_skew	[0.05,0.2)	dELS	RARE	del_10plus	11192
HepG2_skew	[0.05,0.2)	dELS	RARE	del_2	7031
HepG2_skew	[0.05,0.2)	dELS	RARE	del_3	6562
HepG2_skew	[0.05,0.2)	dELS	RARE	del_4	7668
HepG2_skew	[0.05,0.2)	dELS	RARE	del_5	3015
HepG2_skew	[0.05,0.2)	dELS	RARE	del_6	2613
HepG2_skew	[0.05,0.2)	dELS	RARE	del_7	1425
HepG2_skew	[0.05,0.2)	dELS	RARE	del_8	1681
HepG2_skew	[0.05,0.2)	dELS	RARE	del_9	1789
HepG2_skew	[0.05,0.2)	dELS	RARE	ins_1	24779
HepG2_skew	[0.05,0.2)	dELS	RARE	ins_10plus	10839
HepG2_skew	[0.05,0.2)	dELS	RARE	ins_2	5102
HepG2_skew	[0.05,0.2)	dELS	RARE	ins_3	2936
HepG2_skew	[0.05,0.2)	dELS	RARE	ins_4	2371
HepG2_skew	[0.05,0.2)	dELS	RARE	ins_5	965
HepG2_skew	[0.05,0.2)	dELS	RARE	ins_6	1406
HepG2_skew	[0.05,0.2)	dELS	RARE	ins_7	802
HepG2_skew	[0.05,0.2)	dELS	RARE	ins_8	2330
HepG2_skew	[0.05,0.2)	dELS	RARE	ins_9	258
HepG2_skew	[0.05,0.2)	dELS	SINGLETON	del_1	101009
HepG2_skew	[0.05,0.2)	dELS	SINGLETON	del_10plus	54323
HepG2_skew	[0.05,0.2)	dELS	SINGLETON	del_2	53421
HepG2_skew	[0.05,0.2)	dELS	SINGLETON	del_3	48581
HepG2_skew	[0.05,0.2)	dELS	SINGLETON	del_4	41239
HepG2_skew	[0.05,0.2)	dELS	SINGLETON	del_5	19981
HepG2_skew	[0.05,0.2)	dELS	SINGLETON	del_6	14593
HepG2_skew	[0.05,0.2)	dELS	SINGLETON	del_7	9850
HepG2_skew	[0.05,0.2)	dELS	SINGLETON	del_8	8441
HepG2_skew	[0.05,0.2)	dELS	SINGLETON	del_9	12771
HepG2_skew	[0.05,0.2)	dELS	SINGLETON	ins_1	114969
HepG2_skew	[0.05,0.2)	dELS	SINGLETON	ins_10plus	19493
HepG2_skew	[0.05,0.2)	dELS	SINGLETON	ins_2	17960
HepG2_skew	[0.05,0.2)	dELS	SINGLETON	ins_3	12287
HepG2_skew	[0.05,0.2)	dELS	SINGLETON	ins_4	11662
HepG2_skew	[0.05,0.2)	dELS	SINGLETON	ins_5	4498
HepG2_skew	[0.05,0.2)	dELS	SINGLETON	ins_6	4467
HepG2_skew	[0.05,0.2)	dELS	SINGLETON	ins_7	3236
HepG2_skew	[0.05,0.2)	dELS	SINGLETON	ins_8	5173
HepG2_skew	[0.05,0.2)	dELS	SINGLETON	ins_9	1105
HepG2_skew	[0.05,0.2)	dELS	ULTRARARE	del_1	56369
HepG2_skew	[0.05,0.2)	dELS	ULTRARARE	del_10plus	38763
HepG2_skew	[0.05,0.2)	dELS	ULTRARARE	del_2	35975
HepG2_skew	[0.05,0.2)	dELS	ULTRARARE	del_3	35703
HepG2_skew	[0.05,0.2)	dELS	ULTRARARE	del_4	33836
HepG2_skew	[0.05,0.2)	dELS	ULTRARARE	del_5	13795
HepG2_skew	[0.05,0.2)	dELS	ULTRARARE	del_6	10208
HepG2_skew	[0.05,0.2)	dELS	ULTRARARE	del_7	5969
HepG2_skew	[0.05,0.2)	dELS	ULTRARARE	del_8	6093
HepG2_skew	[0.05,0.2)	dELS	ULTRARARE	del_9	7941
HepG2_skew	[0.05,0.2)	dELS	ULTRARARE	ins_1	89523
HepG2_skew	[0.05,0.2)	dELS	ULTRARARE	ins_10plus	18647
HepG2_skew	[0.05,0.2)	dELS	ULTRARARE	ins_2	14571
HepG2_skew	[0.05,0.2)	dELS	ULTRARARE	ins_3	8857
HepG2_skew	[0.05,0.2)	dELS	ULTRARARE	ins_4	7967
HepG2_skew	[0.05,0.2)	dELS	ULTRARARE	ins_5	3218
HepG2_skew	[0.05,0.2)	dELS	ULTRARARE	ins_6	3589
HepG2_skew	[0.05,0.2)	dELS	ULTRARARE	ins_7	2332
HepG2_skew	[0.05,0.2)	dELS	ULTRARARE	ins_8	4553
HepG2_skew	[0.05,0.2)	dELS	ULTRARARE	ins_9	752
HepG2_skew	[0.05,0.2)	non-cCRE	COMMON	del_1	15689
HepG2_skew	[0.05,0.2)	non-cCRE	COMMON	del_10plus	34582
HepG2_skew	[0.05,0.2)	non-cCRE	COMMON	del_2	9391
HepG2_skew	[0.05,0.2)	non-cCRE	COMMON	del_3	9190
HepG2_skew	[0.05,0.2)	non-cCRE	COMMON	del_4	16496
HepG2_skew	[0.05,0.2)	non-cCRE	COMMON	del_5	6271
HepG2_skew	[0.05,0.2)	non-cCRE	COMMON	del_6	6163
HepG2_skew	[0.05,0.2)	non-cCRE	COMMON	del_7	2731
HepG2_skew	[0.05,0.2)	non-cCRE	COMMON	del_8	6096
HepG2_skew	[0.05,0.2)	non-cCRE	COMMON	del_9	4428
HepG2_skew	[0.05,0.2)	non-cCRE	COMMON	ins_1	118331
HepG2_skew	[0.05,0.2)	non-cCRE	COMMON	ins_10plus	25540
HepG2_skew	[0.05,0.2)	non-cCRE	COMMON	ins_2	21915
HepG2_skew	[0.05,0.2)	non-cCRE	COMMON	ins_3	12866
HepG2_skew	[0.05,0.2)	non-cCRE	COMMON	ins_4	9128
HepG2_skew	[0.05,0.2)	non-cCRE	COMMON	ins_5	3400
HepG2_skew	[0.05,0.2)	non-cCRE	COMMON	ins_6	4151
HepG2_skew	[0.05,0.2)	non-cCRE	COMMON	ins_7	1669
HepG2_skew	[0.05,0.2)	non-cCRE	COMMON	ins_8	8227
HepG2_skew	[0.05,0.2)	non-cCRE	COMMON	ins_9	611
HepG2_skew	[0.05,0.2)	non-cCRE	LOW_FREQ	del_1	17964
HepG2_skew	[0.05,0.2)	non-cCRE	LOW_FREQ	del_10plus	38485
HepG2_skew	[0.05,0.2)	non-cCRE	LOW_FREQ	del_2	11336
HepG2_skew	[0.05,0.2)	non-cCRE	LOW_FREQ	del_3	11711
HepG2_skew	[0.05,0.2)	non-cCRE	LOW_FREQ	del_4	18053
HepG2_skew	[0.05,0.2)	non-cCRE	LOW_FREQ	del_5	7532
HepG2_skew	[0.05,0.2)	non-cCRE	LOW_FREQ	del_6	7569
HepG2_skew	[0.05,0.2)	non-cCRE	LOW_FREQ	del_7	3920
HepG2_skew	[0.05,0.2)	non-cCRE	LOW_FREQ	del_8	6049
HepG2_skew	[0.05,0.2)	non-cCRE	LOW_FREQ	del_9	5247
HepG2_skew	[0.05,0.2)	non-cCRE	LOW_FREQ	ins_1	86911
HepG2_skew	[0.05,0.2)	non-cCRE	LOW_FREQ	ins_10plus	42687
HepG2_skew	[0.05,0.2)	non-cCRE	LOW_FREQ	ins_2	20304
HepG2_skew	[0.05,0.2)	non-cCRE	LOW_FREQ	ins_3	13105
HepG2_skew	[0.05,0.2)	non-cCRE	LOW_FREQ	ins_4	8207
HepG2_skew	[0.05,0.2)	non-cCRE	LOW_FREQ	ins_5	3601
HepG2_skew	[0.05,0.2)	non-cCRE	LOW_FREQ	ins_6	4319
HepG2_skew	[0.05,0.2)	non-cCRE	LOW_FREQ	ins_7	2380
HepG2_skew	[0.05,0.2)	non-cCRE	LOW_FREQ	ins_8	9193
HepG2_skew	[0.05,0.2)	non-cCRE	LOW_FREQ	ins_9	865
HepG2_skew	[0.05,0.2)	non-cCRE	RARE	del_1	40612
HepG2_skew	[0.05,0.2)	non-cCRE	RARE	del_10plus	74580
HepG2_skew	[0.05,0.2)	non-cCRE	RARE	del_2	25898
HepG2_skew	[0.05,0.2)	non-cCRE	RARE	del_3	27920
HepG2_skew	[0.05,0.2)	non-cCRE	RARE	del_4	40936
HepG2_skew	[0.05,0.2)	non-cCRE	RARE	del_5	17289
HepG2_skew	[0.05,0.2)	non-cCRE	RARE	del_6	16003
HepG2_skew	[0.05,0.2)	non-cCRE	RARE	del_7	9037
HepG2_skew	[0.05,0.2)	non-cCRE	RARE	del_8	11510
HepG2_skew	[0.05,0.2)	non-cCRE	RARE	del_9	11710
HepG2_skew	[0.05,0.2)	non-cCRE	RARE	ins_1	139321
HepG2_skew	[0.05,0.2)	non-cCRE	RARE	ins_10plus	74439
HepG2_skew	[0.05,0.2)	non-cCRE	RARE	ins_2	33944
HepG2_skew	[0.05,0.2)	non-cCRE	RARE	ins_3	20691
HepG2_skew	[0.05,0.2)	non-cCRE	RARE	ins_4	14447
HepG2_skew	[0.05,0.2)	non-cCRE	RARE	ins_5	6798
HepG2_skew	[0.05,0.2)	non-cCRE	RARE	ins_6	7345
HepG2_skew	[0.05,0.2)	non-cCRE	RARE	ins_7	5192
HepG2_skew	[0.05,0.2)	non-cCRE	RARE	ins_8	13752
HepG2_skew	[0.05,0.2)	non-cCRE	RARE	ins_9	1926
HepG2_skew	[0.05,0.2)	non-cCRE	SINGLETON	del_1	395533
HepG2_skew	[0.05,0.2)	non-cCRE	SINGLETON	del_10plus	296653
HepG2_skew	[0.05,0.2)	non-cCRE	SINGLETON	del_2	186032
HepG2_skew	[0.05,0.2)	non-cCRE	SINGLETON	del_3	176982
HepG2_skew	[0.05,0.2)	non-cCRE	SINGLETON	del_4	170655
HepG2_skew	[0.05,0.2)	non-cCRE	SINGLETON	del_5	92211
HepG2_skew	[0.05,0.2)	non-cCRE	SINGLETON	del_6	72229
HepG2_skew	[0.05,0.2)	non-cCRE	SINGLETON	del_7	43826
HepG2_skew	[0.05,0.2)	non-cCRE	SINGLETON	del_8	43223
HepG2_skew	[0.05,0.2)	non-cCRE	SINGLETON	del_9	64051
HepG2_skew	[0.05,0.2)	non-cCRE	SINGLETON	ins_1	530984
HepG2_skew	[0.05,0.2)	non-cCRE	SINGLETON	ins_10plus	139076
HepG2_skew	[0.05,0.2)	non-cCRE	SINGLETON	ins_2	95189
HepG2_skew	[0.05,0.2)	non-cCRE	SINGLETON	ins_3	72707
HepG2_skew	[0.05,0.2)	non-cCRE	SINGLETON	ins_4	63786
HepG2_skew	[0.05,0.2)	non-cCRE	SINGLETON	ins_5	28267
HepG2_skew	[0.05,0.2)	non-cCRE	SINGLETON	ins_6	24527
HepG2_skew	[0.05,0.2)	non-cCRE	SINGLETON	ins_7	19853
HepG2_skew	[0.05,0.2)	non-cCRE	SINGLETON	ins_8	31485
HepG2_skew	[0.05,0.2)	non-cCRE	SINGLETON	ins_9	7286
HepG2_skew	[0.05,0.2)	non-cCRE	ULTRARARE	del_1	225150
HepG2_skew	[0.05,0.2)	non-cCRE	ULTRARARE	del_10plus	228857
HepG2_skew	[0.05,0.2)	non-cCRE	ULTRARARE	del_2	123554
HepG2_skew	[0.05,0.2)	non-cCRE	ULTRARARE	del_3	132245
HepG2_skew	[0.05,0.2)	non-cCRE	ULTRARARE	del_4	153179
HepG2_skew	[0.05,0.2)	non-cCRE	ULTRARARE	del_5	70538
HepG2_skew	[0.05,0.2)	non-cCRE	ULTRARARE	del_6	55283
HepG2_skew	[0.05,0.2)	non-cCRE	ULTRARARE	del_7	30393
HepG2_skew	[0.05,0.2)	non-cCRE	ULTRARARE	del_8	35133
HepG2_skew	[0.05,0.2)	non-cCRE	ULTRARARE	del_9	44156
HepG2_skew	[0.05,0.2)	non-cCRE	ULTRARARE	ins_1	450007
HepG2_skew	[0.05,0.2)	non-cCRE	ULTRARARE	ins_10plus	130883
HepG2_skew	[0.05,0.2)	non-cCRE	ULTRARARE	ins_2	83921
HepG2_skew	[0.05,0.2)	non-cCRE	ULTRARARE	ins_3	56468
HepG2_skew	[0.05,0.2)	non-cCRE	ULTRARARE	ins_4	45295
HepG2_skew	[0.05,0.2)	non-cCRE	ULTRARARE	ins_5	20263
HepG2_skew	[0.05,0.2)	non-cCRE	ULTRARARE	ins_6	18663
HepG2_skew	[0.05,0.2)	non-cCRE	ULTRARARE	ins_7	14350
HepG2_skew	[0.05,0.2)	non-cCRE	ULTRARARE	ins_8	26864
HepG2_skew	[0.05,0.2)	non-cCRE	ULTRARARE	ins_9	5040
HepG2_skew	[0.05,0.2)	pELS	COMMON	del_1	563
HepG2_skew	[0.05,0.2)	pELS	COMMON	del_10plus	846
HepG2_skew	[0.05,0.2)	pELS	COMMON	del_2	427
HepG2_skew	[0.05,0.2)	pELS	COMMON	del_3	369
HepG2_skew	[0.05,0.2)	pELS	COMMON	del_4	604
HepG2_skew	[0.05,0.2)	pELS	COMMON	del_5	171
HepG2_skew	[0.05,0.2)	pELS	COMMON	del_6	257
HepG2_skew	[0.05,0.2)	pELS	COMMON	del_7	80
HepG2_skew	[0.05,0.2)	pELS	COMMON	del_8	162
HepG2_skew	[0.05,0.2)	pELS	COMMON	del_9	104
HepG2_skew	[0.05,0.2)	pELS	COMMON	ins_1	3157
HepG2_skew	[0.05,0.2)	pELS	COMMON	ins_10plus	697
HepG2_skew	[0.05,0.2)	pELS	COMMON	ins_2	571
HepG2_skew	[0.05,0.2)	pELS	COMMON	ins_3	286
HepG2_skew	[0.05,0.2)	pELS	COMMON	ins_4	215
HepG2_skew	[0.05,0.2)	pELS	COMMON	ins_5	73
HepG2_skew	[0.05,0.2)	pELS	COMMON	ins_6	122
HepG2_skew	[0.05,0.2)	pELS	COMMON	ins_7	31
HepG2_skew	[0.05,0.2)	pELS	COMMON	ins_8	228
HepG2_skew	[0.05,0.2)	pELS	COMMON	ins_9	5
HepG2_skew	[0.05,0.2)	pELS	LOW_FREQ	del_1	758
HepG2_skew	[0.05,0.2)	pELS	LOW_FREQ	del_10plus	941
HepG2_skew	[0.05,0.2)	pELS	LOW_FREQ	del_2	511
HepG2_skew	[0.05,0.2)	pELS	LOW_FREQ	del_3	541
HepG2_skew	[0.05,0.2)	pELS	LOW_FREQ	del_4	662
HepG2_skew	[0.05,0.2)	pELS	LOW_FREQ	del_5	225
HepG2_skew	[0.05,0.2)	pELS	LOW_FREQ	del_6	252
HepG2_skew	[0.05,0.2)	pELS	LOW_FREQ	del_7	111
HepG2_skew	[0.05,0.2)	pELS	LOW_FREQ	del_8	125
HepG2_skew	[0.05,0.2)	pELS	LOW_FREQ	del_9	128
HepG2_skew	[0.05,0.2)	pELS	LOW_FREQ	ins_1	2489
HepG2_skew	[0.05,0.2)	pELS	LOW_FREQ	ins_10plus	1079
HepG2_skew	[0.05,0.2)	pELS	LOW_FREQ	ins_2	541
HepG2_skew	[0.05,0.2)	pELS	LOW_FREQ	ins_3	280
HepG2_skew	[0.05,0.2)	pELS	LOW_FREQ	ins_4	211
HepG2_skew	[0.05,0.2)	pELS	LOW_FREQ	ins_5	91
HepG2_skew	[0.05,0.2)	pELS	LOW_FREQ	ins_6	145
HepG2_skew	[0.05,0.2)	pELS	LOW_FREQ	ins_7	75
HepG2_skew	[0.05,0.2)	pELS	LOW_FREQ	ins_8	268
HepG2_skew	[0.05,0.2)	pELS	LOW_FREQ	ins_9	27
HepG2_skew	[0.05,0.2)	pELS	RARE	del_1	1657
HepG2_skew	[0.05,0.2)	pELS	RARE	del_10plus	1835
HepG2_skew	[0.05,0.2)	pELS	RARE	del_2	1274
HepG2_skew	[0.05,0.2)	pELS	RARE	del_3	1364
HepG2_skew	[0.05,0.2)	pELS	RARE	del_4	1531
HepG2_skew	[0.05,0.2)	pELS	RARE	del_5	555
HepG2_skew	[0.05,0.2)	pELS	RARE	del_6	524
HepG2_skew	[0.05,0.2)	pELS	RARE	del_7	247
HepG2_skew	[0.05,0.2)	pELS	RARE	del_8	303
HepG2_skew	[0.05,0.2)	pELS	RARE	del_9	353
HepG2_skew	[0.05,0.2)	pELS	RARE	ins_1	4322
HepG2_skew	[0.05,0.2)	pELS	RARE	ins_10plus	1879
HepG2_skew	[0.05,0.2)	pELS	RARE	ins_2	890
HepG2_skew	[0.05,0.2)	pELS	RARE	ins_3	483
HepG2_skew	[0.05,0.2)	pELS	RARE	ins_4	373
HepG2_skew	[0.05,0.2)	pELS	RARE	ins_5	217
HepG2_skew	[0.05,0.2)	pELS	RARE	ins_6	274
HepG2_skew	[0.05,0.2)	pELS	RARE	ins_7	157
HepG2_skew	[0.05,0.2)	pELS	RARE	ins_8	384
HepG2_skew	[0.05,0.2)	pELS	RARE	ins_9	59
HepG2_skew	[0.05,0.2)	pELS	SINGLETON	del_1	17423
HepG2_skew	[0.05,0.2)	pELS	SINGLETON	del_10plus	9340
HepG2_skew	[0.05,0.2)	pELS	SINGLETON	del_2	9531
HepG2_skew	[0.05,0.2)	pELS	SINGLETON	del_3	9005
HepG2_skew	[0.05,0.2)	pELS	SINGLETON	del_4	7507
HepG2_skew	[0.05,0.2)	pELS	SINGLETON	del_5	3668
HepG2_skew	[0.05,0.2)	pELS	SINGLETON	del_6	2794
HepG2_skew	[0.05,0.2)	pELS	SINGLETON	del_7	1769
HepG2_skew	[0.05,0.2)	pELS	SINGLETON	del_8	1540
HepG2_skew	[0.05,0.2)	pELS	SINGLETON	del_9	2196
HepG2_skew	[0.05,0.2)	pELS	SINGLETON	ins_1	20201
HepG2_skew	[0.05,0.2)	pELS	SINGLETON	ins_10plus	3552
HepG2_skew	[0.05,0.2)	pELS	SINGLETON	ins_2	3101
HepG2_skew	[0.05,0.2)	pELS	SINGLETON	ins_3	2048
HepG2_skew	[0.05,0.2)	pELS	SINGLETON	ins_4	1822
HepG2_skew	[0.05,0.2)	pELS	SINGLETON	ins_5	791
HepG2_skew	[0.05,0.2)	pELS	SINGLETON	ins_6	864
HepG2_skew	[0.05,0.2)	pELS	SINGLETON	ins_7	594
HepG2_skew	[0.05,0.2)	pELS	SINGLETON	ins_8	900
HepG2_skew	[0.05,0.2)	pELS	SINGLETON	ins_9	219
HepG2_skew	[0.05,0.2)	pELS	ULTRARARE	del_1	9890
HepG2_skew	[0.05,0.2)	pELS	ULTRARARE	del_10plus	6707
HepG2_skew	[0.05,0.2)	pELS	ULTRARARE	del_2	6491
HepG2_skew	[0.05,0.2)	pELS	ULTRARARE	del_3	6870
HepG2_skew	[0.05,0.2)	pELS	ULTRARARE	del_4	6500
HepG2_skew	[0.05,0.2)	pELS	ULTRARARE	del_5	2572
HepG2_skew	[0.05,0.2)	pELS	ULTRARARE	del_6	1933
HepG2_skew	[0.05,0.2)	pELS	ULTRARARE	del_7	1119
HepG2_skew	[0.05,0.2)	pELS	ULTRARARE	del_8	1079
HepG2_skew	[0.05,0.2)	pELS	ULTRARARE	del_9	1370
HepG2_skew	[0.05,0.2)	pELS	ULTRARARE	ins_1	15874
HepG2_skew	[0.05,0.2)	pELS	ULTRARARE	ins_10plus	3241
HepG2_skew	[0.05,0.2)	pELS	ULTRARARE	ins_2	2500
HepG2_skew	[0.05,0.2)	pELS	ULTRARARE	ins_3	1499
HepG2_skew	[0.05,0.2)	pELS	ULTRARARE	ins_4	1332
HepG2_skew	[0.05,0.2)	pELS	ULTRARARE	ins_5	650
HepG2_skew	[0.05,0.2)	pELS	ULTRARARE	ins_6	756
HepG2_skew	[0.05,0.2)	pELS	ULTRARARE	ins_7	486
HepG2_skew	[0.05,0.2)	pELS	ULTRARARE	ins_8	795
HepG2_skew	[0.05,0.2)	pELS	ULTRARARE	ins_9	170
HepG2_skew	[0.2,0.5)	Other cCREs	COMMON	del_1	217
HepG2_skew	[0.2,0.5)	Other cCREs	COMMON	del_10plus	716
HepG2_skew	[0.2,0.5)	Other cCREs	COMMON	del_2	112
HepG2_skew	[0.2,0.5)	Other cCREs	COMMON	del_3	78
HepG2_skew	[0.2,0.5)	Other cCREs	COMMON	del_4	80
HepG2_skew	[0.2,0.5)	Other cCREs	COMMON	del_5	33
HepG2_skew	[0.2,0.5)	Other cCREs	COMMON	del_6	37
HepG2_skew	[0.2,0.5)	Other cCREs	COMMON	del_7	19
HepG2_skew	[0.2,0.5)	Other cCREs	COMMON	del_8	46
HepG2_skew	[0.2,0.5)	Other cCREs	COMMON	del_9	47
HepG2_skew	[0.2,0.5)	Other cCREs	COMMON	ins_1	205
HepG2_skew	[0.2,0.5)	Other cCREs	COMMON	ins_10plus	132
HepG2_skew	[0.2,0.5)	Other cCREs	COMMON	ins_2	113
HepG2_skew	[0.2,0.5)	Other cCREs	COMMON	ins_3	47
HepG2_skew	[0.2,0.5)	Other cCREs	COMMON	ins_4	81
HepG2_skew	[0.2,0.5)	Other cCREs	COMMON	ins_5	18
HepG2_skew	[0.2,0.5)	Other cCREs	COMMON	ins_6	43
HepG2_skew	[0.2,0.5)	Other cCREs	COMMON	ins_7	21
HepG2_skew	[0.2,0.5)	Other cCREs	COMMON	ins_8	43
HepG2_skew	[0.2,0.5)	Other cCREs	COMMON	ins_9	7
HepG2_skew	[0.2,0.5)	Other cCREs	LOW_FREQ	del_1	226
HepG2_skew	[0.2,0.5)	Other cCREs	LOW_FREQ	del_10plus	748
HepG2_skew	[0.2,0.5)	Other cCREs	LOW_FREQ	del_2	141
HepG2_skew	[0.2,0.5)	Other cCREs	LOW_FREQ	del_3	84
HepG2_skew	[0.2,0.5)	Other cCREs	LOW_FREQ	del_4	115
HepG2_skew	[0.2,0.5)	Other cCREs	LOW_FREQ	del_5	49
HepG2_skew	[0.2,0.5)	Other cCREs	LOW_FREQ	del_6	49
HepG2_skew	[0.2,0.5)	Other cCREs	LOW_FREQ	del_7	32
HepG2_skew	[0.2,0.5)	Other cCREs	LOW_FREQ	del_8	54
HepG2_skew	[0.2,0.5)	Other cCREs	LOW_FREQ	del_9	67
HepG2_skew	[0.2,0.5)	Other cCREs	LOW_FREQ	ins_1	175
HepG2_skew	[0.2,0.5)	Other cCREs	LOW_FREQ	ins_10plus	265
HepG2_skew	[0.2,0.5)	Other cCREs	LOW_FREQ	ins_2	128
HepG2_skew	[0.2,0.5)	Other cCREs	LOW_FREQ	ins_3	76
HepG2_skew	[0.2,0.5)	Other cCREs	LOW_FREQ	ins_4	103
HepG2_skew	[0.2,0.5)	Other cCREs	LOW_FREQ	ins_5	30
HepG2_skew	[0.2,0.5)	Other cCREs	LOW_FREQ	ins_6	72
HepG2_skew	[0.2,0.5)	Other cCREs	LOW_FREQ	ins_7	21
HepG2_skew	[0.2,0.5)	Other cCREs	LOW_FREQ	ins_8	75
HepG2_skew	[0.2,0.5)	Other cCREs	LOW_FREQ	ins_9	7
HepG2_skew	[0.2,0.5)	Other cCREs	RARE	del_1	568
HepG2_skew	[0.2,0.5)	Other cCREs	RARE	del_10plus	1688
HepG2_skew	[0.2,0.5)	Other cCREs	RARE	del_2	306
HepG2_skew	[0.2,0.5)	Other cCREs	RARE	del_3	215
HepG2_skew	[0.2,0.5)	Other cCREs	RARE	del_4	294
HepG2_skew	[0.2,0.5)	Other cCREs	RARE	del_5	105
HepG2_skew	[0.2,0.5)	Other cCREs	RARE	del_6	104
HepG2_skew	[0.2,0.5)	Other cCREs	RARE	del_7	76
HepG2_skew	[0.2,0.5)	Other cCREs	RARE	del_8	125
HepG2_skew	[0.2,0.5)	Other cCREs	RARE	del_9	142
HepG2_skew	[0.2,0.5)	Other cCREs	RARE	ins_1	401
HepG2_skew	[0.2,0.5)	Other cCREs	RARE	ins_10plus	585
HepG2_skew	[0.2,0.5)	Other cCREs	RARE	ins_2	214
HepG2_skew	[0.2,0.5)	Other cCREs	RARE	ins_3	129
HepG2_skew	[0.2,0.5)	Other cCREs	RARE	ins_4	172
HepG2_skew	[0.2,0.5)	Other cCREs	RARE	ins_5	51
HepG2_skew	[0.2,0.5)	Other cCREs	RARE	ins_6	143
HepG2_skew	[0.2,0.5)	Other cCREs	RARE	ins_7	52
HepG2_skew	[0.2,0.5)	Other cCREs	RARE	ins_8	154
HepG2_skew	[0.2,0.5)	Other cCREs	RARE	ins_9	28
HepG2_skew	[0.2,0.5)	Other cCREs	SINGLETON	del_1	6309
HepG2_skew	[0.2,0.5)	Other cCREs	SINGLETON	del_10plus	8790
HepG2_skew	[0.2,0.5)	Other cCREs	SINGLETON	del_2	2637
HepG2_skew	[0.2,0.5)	Other cCREs	SINGLETON	del_3	1831
HepG2_skew	[0.2,0.5)	Other cCREs	SINGLETON	del_4	1760
HepG2_skew	[0.2,0.5)	Other cCREs	SINGLETON	del_5	953
HepG2_skew	[0.2,0.5)	Other cCREs	SINGLETON	del_6	785
HepG2_skew	[0.2,0.5)	Other cCREs	SINGLETON	del_7	556
HepG2_skew	[0.2,0.5)	Other cCREs	SINGLETON	del_8	605
HepG2_skew	[0.2,0.5)	Other cCREs	SINGLETON	del_9	977
HepG2_skew	[0.2,0.5)	Other cCREs	SINGLETON	ins_1	3414
HepG2_skew	[0.2,0.5)	Other cCREs	SINGLETON	ins_10plus	1541
HepG2_skew	[0.2,0.5)	Other cCREs	SINGLETON	ins_2	997
HepG2_skew	[0.2,0.5)	Other cCREs	SINGLETON	ins_3	734
HepG2_skew	[0.2,0.5)	Other cCREs	SINGLETON	ins_4	823
HepG2_skew	[0.2,0.5)	Other cCREs	SINGLETON	ins_5	345
HepG2_skew	[0.2,0.5)	Other cCREs	SINGLETON	ins_6	432
HepG2_skew	[0.2,0.5)	Other cCREs	SINGLETON	ins_7	251
HepG2_skew	[0.2,0.5)	Other cCREs	SINGLETON	ins_8	415
HepG2_skew	[0.2,0.5)	Other cCREs	SINGLETON	ins_9	90
HepG2_skew	[0.2,0.5)	Other cCREs	ULTRARARE	del_1	3495
HepG2_skew	[0.2,0.5)	Other cCREs	ULTRARARE	del_10plus	6259
HepG2_skew	[0.2,0.5)	Other cCREs	ULTRARARE	del_2	1783
HepG2_skew	[0.2,0.5)	Other cCREs	ULTRARARE	del_3	1238
HepG2_skew	[0.2,0.5)	Other cCREs	ULTRARARE	del_4	1303
HepG2_skew	[0.2,0.5)	Other cCREs	ULTRARARE	del_5	581
HepG2_skew	[0.2,0.5)	Other cCREs	ULTRARARE	del_6	412
HepG2_skew	[0.2,0.5)	Other cCREs	ULTRARARE	del_7	325
HepG2_skew	[0.2,0.5)	Other cCREs	ULTRARARE	del_8	418
HepG2_skew	[0.2,0.5)	Other cCREs	ULTRARARE	del_9	682
HepG2_skew	[0.2,0.5)	Other cCREs	ULTRARARE	ins_1	2182
HepG2_skew	[0.2,0.5)	Other cCREs	ULTRARARE	ins_10plus	1332
HepG2_skew	[0.2,0.5)	Other cCREs	ULTRARARE	ins_2	790
HepG2_skew	[0.2,0.5)	Other cCREs	ULTRARARE	ins_3	543
HepG2_skew	[0.2,0.5)	Other cCREs	ULTRARARE	ins_4	560
HepG2_skew	[0.2,0.5)	Other cCREs	ULTRARARE	ins_5	216
HepG2_skew	[0.2,0.5)	Other cCREs	ULTRARARE	ins_6	352
HepG2_skew	[0.2,0.5)	Other cCREs	ULTRARARE	ins_7	181
HepG2_skew	[0.2,0.5)	Other cCREs	ULTRARARE	ins_8	336
HepG2_skew	[0.2,0.5)	Other cCREs	ULTRARARE	ins_9	75
HepG2_skew	[0.2,0.5)	PLS	COMMON	del_1	43
HepG2_skew	[0.2,0.5)	PLS	COMMON	del_10plus	63
HepG2_skew	[0.2,0.5)	PLS	COMMON	del_2	10
HepG2_skew	[0.2,0.5)	PLS	COMMON	del_3	7
HepG2_skew	[0.2,0.5)	PLS	COMMON	del_4	9
HepG2_skew	[0.2,0.5)	PLS	COMMON	del_5	1
HepG2_skew	[0.2,0.5)	PLS	COMMON	del_6	7
HepG2_skew	[0.2,0.5)	PLS	COMMON	del_7	3
HepG2_skew	[0.2,0.5)	PLS	COMMON	del_8	3
HepG2_skew	[0.2,0.5)	PLS	COMMON	del_9	5
HepG2_skew	[0.2,0.5)	PLS	COMMON	ins_1	29
HepG2_skew	[0.2,0.5)	PLS	COMMON	ins_10plus	29
HepG2_skew	[0.2,0.5)	PLS	COMMON	ins_2	10
HepG2_skew	[0.2,0.5)	PLS	COMMON	ins_3	4
HepG2_skew	[0.2,0.5)	PLS	COMMON	ins_4	7
HepG2_skew	[0.2,0.5)	PLS	COMMON	ins_5	7
HepG2_skew	[0.2,0.5)	PLS	COMMON	ins_6	6
HepG2_skew	[0.2,0.5)	PLS	COMMON	ins_7	2
HepG2_skew	[0.2,0.5)	PLS	COMMON	ins_8	7
HepG2_skew	[0.2,0.5)	PLS	COMMON	ins_9	2
HepG2_skew	[0.2,0.5)	PLS	LOW_FREQ	del_1	41
HepG2_skew	[0.2,0.5)	PLS	LOW_FREQ	del_10plus	62
HepG2_skew	[0.2,0.5)	PLS	LOW_FREQ	del_2	16
HepG2_skew	[0.2,0.5)	PLS	LOW_FREQ	del_3	10
HepG2_skew	[0.2,0.5)	PLS	LOW_FREQ	del_4	15
HepG2_skew	[0.2,0.5)	PLS	LOW_FREQ	del_5	5
HepG2_skew	[0.2,0.5)	PLS	LOW_FREQ	del_6	3
HepG2_skew	[0.2,0.5)	PLS	LOW_FREQ	del_7	5
HepG2_skew	[0.2,0.5)	PLS	LOW_FREQ	del_8	5
HepG2_skew	[0.2,0.5)	PLS	LOW_FREQ	del_9	8
HepG2_skew	[0.2,0.5)	PLS	LOW_FREQ	ins_1	32
HepG2_skew	[0.2,0.5)	PLS	LOW_FREQ	ins_10plus	55
HepG2_skew	[0.2,0.5)	PLS	LOW_FREQ	ins_2	11
HepG2_skew	[0.2,0.5)	PLS	LOW_FREQ	ins_3	5
HepG2_skew	[0.2,0.5)	PLS	LOW_FREQ	ins_4	11
HepG2_skew	[0.2,0.5)	PLS	LOW_FREQ	ins_5	7
HepG2_skew	[0.2,0.5)	PLS	LOW_FREQ	ins_6	7
HepG2_skew	[0.2,0.5)	PLS	LOW_FREQ	ins_7	2
HepG2_skew	[0.2,0.5)	PLS	LOW_FREQ	ins_8	5
HepG2_skew	[0.2,0.5)	PLS	RARE	del_1	98
HepG2_skew	[0.2,0.5)	PLS	RARE	del_10plus	160
HepG2_skew	[0.2,0.5)	PLS	RARE	del_2	42
HepG2_skew	[0.2,0.5)	PLS	RARE	del_3	47
HepG2_skew	[0.2,0.5)	PLS	RARE	del_4	33
HepG2_skew	[0.2,0.5)	PLS	RARE	del_5	10
HepG2_skew	[0.2,0.5)	PLS	RARE	del_6	20
HepG2_skew	[0.2,0.5)	PLS	RARE	del_7	10
HepG2_skew	[0.2,0.5)	PLS	RARE	del_8	6
HepG2_skew	[0.2,0.5)	PLS	RARE	del_9	24
HepG2_skew	[0.2,0.5)	PLS	RARE	ins_1	88
HepG2_skew	[0.2,0.5)	PLS	RARE	ins_10plus	163
HepG2_skew	[0.2,0.5)	PLS	RARE	ins_2	38
HepG2_skew	[0.2,0.5)	PLS	RARE	ins_3	20
HepG2_skew	[0.2,0.5)	PLS	RARE	ins_4	17
HepG2_skew	[0.2,0.5)	PLS	RARE	ins_5	18
HepG2_skew	[0.2,0.5)	PLS	RARE	ins_6	28
HepG2_skew	[0.2,0.5)	PLS	RARE	ins_7	6
HepG2_skew	[0.2,0.5)	PLS	RARE	ins_8	22
HepG2_skew	[0.2,0.5)	PLS	RARE	ins_9	5
HepG2_skew	[0.2,0.5)	PLS	SINGLETON	del_1	955
HepG2_skew	[0.2,0.5)	PLS	SINGLETON	del_10plus	927
HepG2_skew	[0.2,0.5)	PLS	SINGLETON	del_2	318
HepG2_skew	[0.2,0.5)	PLS	SINGLETON	del_3	262
HepG2_skew	[0.2,0.5)	PLS	SINGLETON	del_4	212
HepG2_skew	[0.2,0.5)	PLS	SINGLETON	del_5	132
HepG2_skew	[0.2,0.5)	PLS	SINGLETON	del_6	126
HepG2_skew	[0.2,0.5)	PLS	SINGLETON	del_7	82
HepG2_skew	[0.2,0.5)	PLS	SINGLETON	del_8	83
HepG2_skew	[0.2,0.5)	PLS	SINGLETON	del_9	129
HepG2_skew	[0.2,0.5)	PLS	SINGLETON	ins_1	557
HepG2_skew	[0.2,0.5)	PLS	SINGLETON	ins_10plus	652
HepG2_skew	[0.2,0.5)	PLS	SINGLETON	ins_2	142
HepG2_skew	[0.2,0.5)	PLS	SINGLETON	ins_3	91
HepG2_skew	[0.2,0.5)	PLS	SINGLETON	ins_4	117
HepG2_skew	[0.2,0.5)	PLS	SINGLETON	ins_5	76
HepG2_skew	[0.2,0.5)	PLS	SINGLETON	ins_6	106
HepG2_skew	[0.2,0.5)	PLS	SINGLETON	ins_7	44
HepG2_skew	[0.2,0.5)	PLS	SINGLETON	ins_8	61
HepG2_skew	[0.2,0.5)	PLS	SINGLETON	ins_9	25
HepG2_skew	[0.2,0.5)	PLS	ULTRARARE	del_1	581
HepG2_skew	[0.2,0.5)	PLS	ULTRARARE	del_10plus	593
HepG2_skew	[0.2,0.5)	PLS	ULTRARARE	del_2	215
HepG2_skew	[0.2,0.5)	PLS	ULTRARARE	del_3	199
HepG2_skew	[0.2,0.5)	PLS	ULTRARARE	del_4	147
HepG2_skew	[0.2,0.5)	PLS	ULTRARARE	del_5	70
HepG2_skew	[0.2,0.5)	PLS	ULTRARARE	del_6	62
HepG2_skew	[0.2,0.5)	PLS	ULTRARARE	del_7	50
HepG2_skew	[0.2,0.5)	PLS	ULTRARARE	del_8	56
HepG2_skew	[0.2,0.5)	PLS	ULTRARARE	del_9	89
HepG2_skew	[0.2,0.5)	PLS	ULTRARARE	ins_1	407
HepG2_skew	[0.2,0.5)	PLS	ULTRARARE	ins_10plus	538
HepG2_skew	[0.2,0.5)	PLS	ULTRARARE	ins_2	95
HepG2_skew	[0.2,0.5)	PLS	ULTRARARE	ins_3	65
HepG2_skew	[0.2,0.5)	PLS	ULTRARARE	ins_4	72
HepG2_skew	[0.2,0.5)	PLS	ULTRARARE	ins_5	68
HepG2_skew	[0.2,0.5)	PLS	ULTRARARE	ins_6	107
HepG2_skew	[0.2,0.5)	PLS	ULTRARARE	ins_7	23
HepG2_skew	[0.2,0.5)	PLS	ULTRARARE	ins_8	49
HepG2_skew	[0.2,0.5)	PLS	ULTRARARE	ins_9	14
HepG2_skew	[0.2,0.5)	dELS	COMMON	del_1	588
HepG2_skew	[0.2,0.5)	dELS	COMMON	del_10plus	1576
HepG2_skew	[0.2,0.5)	dELS	COMMON	del_2	267
HepG2_skew	[0.2,0.5)	dELS	COMMON	del_3	178
HepG2_skew	[0.2,0.5)	dELS	COMMON	del_4	205
HepG2_skew	[0.2,0.5)	dELS	COMMON	del_5	84
HepG2_skew	[0.2,0.5)	dELS	COMMON	del_6	108
HepG2_skew	[0.2,0.5)	dELS	COMMON	del_7	71
HepG2_skew	[0.2,0.5)	dELS	COMMON	del_8	84
HepG2_skew	[0.2,0.5)	dELS	COMMON	del_9	118
HepG2_skew	[0.2,0.5)	dELS	COMMON	ins_1	689
HepG2_skew	[0.2,0.5)	dELS	COMMON	ins_10plus	372
HepG2_skew	[0.2,0.5)	dELS	COMMON	ins_2	300
HepG2_skew	[0.2,0.5)	dELS	COMMON	ins_3	145
HepG2_skew	[0.2,0.5)	dELS	COMMON	ins_4	215
HepG2_skew	[0.2,0.5)	dELS	COMMON	ins_5	62
HepG2_skew	[0.2,0.5)	dELS	COMMON	ins_6	123
HepG2_skew	[0.2,0.5)	dELS	COMMON	ins_7	40
HepG2_skew	[0.2,0.5)	dELS	COMMON	ins_8	113
HepG2_skew	[0.2,0.5)	dELS	COMMON	ins_9	20
HepG2_skew	[0.2,0.5)	dELS	LOW_FREQ	del_1	705
HepG2_skew	[0.2,0.5)	dELS	LOW_FREQ	del_10plus	1904
HepG2_skew	[0.2,0.5)	dELS	LOW_FREQ	del_2	438
HepG2_skew	[0.2,0.5)	dELS	LOW_FREQ	del_3	278
HepG2_skew	[0.2,0.5)	dELS	LOW_FREQ	del_4	296
HepG2_skew	[0.2,0.5)	dELS	LOW_FREQ	del_5	135
HepG2_skew	[0.2,0.5)	dELS	LOW_FREQ	del_6	107
HepG2_skew	[0.2,0.5)	dELS	LOW_FREQ	del_7	74
HepG2_skew	[0.2,0.5)	dELS	LOW_FREQ	del_8	87
HepG2_skew	[0.2,0.5)	dELS	LOW_FREQ	del_9	143
HepG2_skew	[0.2,0.5)	dELS	LOW_FREQ	ins_1	622
HepG2_skew	[0.2,0.5)	dELS	LOW_FREQ	ins_10plus	730
HepG2_skew	[0.2,0.5)	dELS	LOW_FREQ	ins_2	320
HepG2_skew	[0.2,0.5)	dELS	LOW_FREQ	ins_3	171
HepG2_skew	[0.2,0.5)	dELS	LOW_FREQ	ins_4	207
HepG2_skew	[0.2,0.5)	dELS	LOW_FREQ	ins_5	67
HepG2_skew	[0.2,0.5)	dELS	LOW_FREQ	ins_6	203
HepG2_skew	[0.2,0.5)	dELS	LOW_FREQ	ins_7	33
HepG2_skew	[0.2,0.5)	dELS	LOW_FREQ	ins_8	214
HepG2_skew	[0.2,0.5)	dELS	LOW_FREQ	ins_9	24
HepG2_skew	[0.2,0.5)	dELS	RARE	del_1	1802
HepG2_skew	[0.2,0.5)	dELS	RARE	del_10plus	4017
HepG2_skew	[0.2,0.5)	dELS	RARE	del_2	1057
HepG2_skew	[0.2,0.5)	dELS	RARE	del_3	657
HepG2_skew	[0.2,0.5)	dELS	RARE	del_4	793
HepG2_skew	[0.2,0.5)	dELS	RARE	del_5	293
HepG2_skew	[0.2,0.5)	dELS	RARE	del_6	300
HepG2_skew	[0.2,0.5)	dELS	RARE	del_7	220
HepG2_skew	[0.2,0.5)	dELS	RARE	del_8	251
HepG2_skew	[0.2,0.5)	dELS	RARE	del_9	385
HepG2_skew	[0.2,0.5)	dELS	RARE	ins_1	1434
HepG2_skew	[0.2,0.5)	dELS	RARE	ins_10plus	1564
HepG2_skew	[0.2,0.5)	dELS	RARE	ins_2	637
HepG2_skew	[0.2,0.5)	dELS	RARE	ins_3	319
HepG2_skew	[0.2,0.5)	dELS	RARE	ins_4	447
HepG2_skew	[0.2,0.5)	dELS	RARE	ins_5	161
HepG2_skew	[0.2,0.5)	dELS	RARE	ins_6	363
HepG2_skew	[0.2,0.5)	dELS	RARE	ins_7	132
HepG2_skew	[0.2,0.5)	dELS	RARE	ins_8	357
HepG2_skew	[0.2,0.5)	dELS	RARE	ins_9	55
HepG2_skew	[0.2,0.5)	dELS	SINGLETON	del_1	19406
HepG2_skew	[0.2,0.5)	dELS	SINGLETON	del_10plus	24012
HepG2_skew	[0.2,0.5)	dELS	SINGLETON	del_2	8582
HepG2_skew	[0.2,0.5)	dELS	SINGLETON	del_3	5995
HepG2_skew	[0.2,0.5)	dELS	SINGLETON	del_4	5117
HepG2_skew	[0.2,0.5)	dELS	SINGLETON	del_5	2804
HepG2_skew	[0.2,0.5)	dELS	SINGLETON	del_6	2390
HepG2_skew	[0.2,0.5)	dELS	SINGLETON	del_7	1737
HepG2_skew	[0.2,0.5)	dELS	SINGLETON	del_8	1639
HepG2_skew	[0.2,0.5)	dELS	SINGLETON	del_9	3065
HepG2_skew	[0.2,0.5)	dELS	SINGLETON	ins_1	11204
HepG2_skew	[0.2,0.5)	dELS	SINGLETON	ins_10plus	4290
HepG2_skew	[0.2,0.5)	dELS	SINGLETON	ins_2	2824
HepG2_skew	[0.2,0.5)	dELS	SINGLETON	ins_3	2147
HepG2_skew	[0.2,0.5)	dELS	SINGLETON	ins_4	2398
HepG2_skew	[0.2,0.5)	dELS	SINGLETON	ins_5	978
HepG2_skew	[0.2,0.5)	dELS	SINGLETON	ins_6	996
HepG2_skew	[0.2,0.5)	dELS	SINGLETON	ins_7	734
HepG2_skew	[0.2,0.5)	dELS	SINGLETON	ins_8	952
HepG2_skew	[0.2,0.5)	dELS	SINGLETON	ins_9	302
HepG2_skew	[0.2,0.5)	dELS	ULTRARARE	del_1	10882
HepG2_skew	[0.2,0.5)	dELS	ULTRARARE	del_10plus	16121
HepG2_skew	[0.2,0.5)	dELS	ULTRARARE	del_2	5756
HepG2_skew	[0.2,0.5)	dELS	ULTRARARE	del_3	4194
HepG2_skew	[0.2,0.5)	dELS	ULTRARARE	del_4	3843
HepG2_skew	[0.2,0.5)	dELS	ULTRARARE	del_5	1716
HepG2_skew	[0.2,0.5)	dELS	ULTRARARE	del_6	1361
HepG2_skew	[0.2,0.5)	dELS	ULTRARARE	del_7	992
HepG2_skew	[0.2,0.5)	dELS	ULTRARARE	del_8	1048
HepG2_skew	[0.2,0.5)	dELS	ULTRARARE	del_9	1829
HepG2_skew	[0.2,0.5)	dELS	ULTRARARE	ins_1	7232
HepG2_skew	[0.2,0.5)	dELS	ULTRARARE	ins_10plus	3518
HepG2_skew	[0.2,0.5)	dELS	ULTRARARE	ins_2	2100
HepG2_skew	[0.2,0.5)	dELS	ULTRARARE	ins_3	1221
HepG2_skew	[0.2,0.5)	dELS	ULTRARARE	ins_4	1611
HepG2_skew	[0.2,0.5)	dELS	ULTRARARE	ins_5	634
HepG2_skew	[0.2,0.5)	dELS	ULTRARARE	ins_6	896
HepG2_skew	[0.2,0.5)	dELS	ULTRARARE	ins_7	468
HepG2_skew	[0.2,0.5)	dELS	ULTRARARE	ins_8	816
HepG2_skew	[0.2,0.5)	dELS	ULTRARARE	ins_9	209
HepG2_skew	[0.2,0.5)	non-cCRE	COMMON	del_1	1607
HepG2_skew	[0.2,0.5)	non-cCRE	COMMON	del_10plus	6276
HepG2_skew	[0.2,0.5)	non-cCRE	COMMON	del_2	770
HepG2_skew	[0.2,0.5)	non-cCRE	COMMON	del_3	462
HepG2_skew	[0.2,0.5)	non-cCRE	COMMON	del_4	698
HepG2_skew	[0.2,0.5)	non-cCRE	COMMON	del_5	272
HepG2_skew	[0.2,0.5)	non-cCRE	COMMON	del_6	315
HepG2_skew	[0.2,0.5)	non-cCRE	COMMON	del_7	161
HepG2_skew	[0.2,0.5)	non-cCRE	COMMON	del_8	382
HepG2_skew	[0.2,0.5)	non-cCRE	COMMON	del_9	418
HepG2_skew	[0.2,0.5)	non-cCRE	COMMON	ins_1	1588
HepG2_skew	[0.2,0.5)	non-cCRE	COMMON	ins_10plus	1029
HepG2_skew	[0.2,0.5)	non-cCRE	COMMON	ins_2	927
HepG2_skew	[0.2,0.5)	non-cCRE	COMMON	ins_3	677
HepG2_skew	[0.2,0.5)	non-cCRE	COMMON	ins_4	710
HepG2_skew	[0.2,0.5)	non-cCRE	COMMON	ins_5	289
HepG2_skew	[0.2,0.5)	non-cCRE	COMMON	ins_6	356
HepG2_skew	[0.2,0.5)	non-cCRE	COMMON	ins_7	208
HepG2_skew	[0.2,0.5)	non-cCRE	COMMON	ins_8	340
HepG2_skew	[0.2,0.5)	non-cCRE	COMMON	ins_9	107
HepG2_skew	[0.2,0.5)	non-cCRE	LOW_FREQ	del_1	1868
HepG2_skew	[0.2,0.5)	non-cCRE	LOW_FREQ	del_10plus	7528
HepG2_skew	[0.2,0.5)	non-cCRE	LOW_FREQ	del_2	1039
HepG2_skew	[0.2,0.5)	non-cCRE	LOW_FREQ	del_3	556
HepG2_skew	[0.2,0.5)	non-cCRE	LOW_FREQ	del_4	861
HepG2_skew	[0.2,0.5)	non-cCRE	LOW_FREQ	del_5	365
HepG2_skew	[0.2,0.5)	non-cCRE	LOW_FREQ	del_6	373
HepG2_skew	[0.2,0.5)	non-cCRE	LOW_FREQ	del_7	245
HepG2_skew	[0.2,0.5)	non-cCRE	LOW_FREQ	del_8	505
HepG2_skew	[0.2,0.5)	non-cCRE	LOW_FREQ	del_9	588
HepG2_skew	[0.2,0.5)	non-cCRE	LOW_FREQ	ins_1	1512
HepG2_skew	[0.2,0.5)	non-cCRE	LOW_FREQ	ins_10plus	1896
HepG2_skew	[0.2,0.5)	non-cCRE	LOW_FREQ	ins_2	981
HepG2_skew	[0.2,0.5)	non-cCRE	LOW_FREQ	ins_3	721
HepG2_skew	[0.2,0.5)	non-cCRE	LOW_FREQ	ins_4	715
HepG2_skew	[0.2,0.5)	non-cCRE	LOW_FREQ	ins_5	326
HepG2_skew	[0.2,0.5)	non-cCRE	LOW_FREQ	ins_6	444
HepG2_skew	[0.2,0.5)	non-cCRE	LOW_FREQ	ins_7	222
HepG2_skew	[0.2,0.5)	non-cCRE	LOW_FREQ	ins_8	480
HepG2_skew	[0.2,0.5)	non-cCRE	LOW_FREQ	ins_9	109
HepG2_skew	[0.2,0.5)	non-cCRE	RARE	del_1	4739
HepG2_skew	[0.2,0.5)	non-cCRE	RARE	del_10plus	16078
HepG2_skew	[0.2,0.5)	non-cCRE	RARE	del_2	2588
HepG2_skew	[0.2,0.5)	non-cCRE	RARE	del_3	1510
HepG2_skew	[0.2,0.5)	non-cCRE	RARE	del_4	2144
HepG2_skew	[0.2,0.5)	non-cCRE	RARE	del_5	938
HepG2_skew	[0.2,0.5)	non-cCRE	RARE	del_6	884
HepG2_skew	[0.2,0.5)	non-cCRE	RARE	del_7	602
HepG2_skew	[0.2,0.5)	non-cCRE	RARE	del_8	1075
HepG2_skew	[0.2,0.5)	non-cCRE	RARE	del_9	1241
HepG2_skew	[0.2,0.5)	non-cCRE	RARE	ins_1	3450
HepG2_skew	[0.2,0.5)	non-cCRE	RARE	ins_10plus	4312
HepG2_skew	[0.2,0.5)	non-cCRE	RARE	ins_2	2033
HepG2_skew	[0.2,0.5)	non-cCRE	RARE	ins_3	1329
HepG2_skew	[0.2,0.5)	non-cCRE	RARE	ins_4	1333
HepG2_skew	[0.2,0.5)	non-cCRE	RARE	ins_5	657
HepG2_skew	[0.2,0.5)	non-cCRE	RARE	ins_6	916
HepG2_skew	[0.2,0.5)	non-cCRE	RARE	ins_7	515
HepG2_skew	[0.2,0.5)	non-cCRE	RARE	ins_8	942
HepG2_skew	[0.2,0.5)	non-cCRE	RARE	ins_9	284
HepG2_skew	[0.2,0.5)	non-cCRE	SINGLETON	del_1	50513
HepG2_skew	[0.2,0.5)	non-cCRE	SINGLETON	del_10plus	80395
HepG2_skew	[0.2,0.5)	non-cCRE	SINGLETON	del_2	20957
HepG2_skew	[0.2,0.5)	non-cCRE	SINGLETON	del_3	13635
HepG2_skew	[0.2,0.5)	non-cCRE	SINGLETON	del_4	12878
HepG2_skew	[0.2,0.5)	non-cCRE	SINGLETON	del_5	7547
HepG2_skew	[0.2,0.5)	non-cCRE	SINGLETON	del_6	6252
HepG2_skew	[0.2,0.5)	non-cCRE	SINGLETON	del_7	4497
HepG2_skew	[0.2,0.5)	non-cCRE	SINGLETON	del_8	4871
HepG2_skew	[0.2,0.5)	non-cCRE	SINGLETON	del_9	8139
HepG2_skew	[0.2,0.5)	non-cCRE	SINGLETON	ins_1	27555
HepG2_skew	[0.2,0.5)	non-cCRE	SINGLETON	ins_10plus	14520
HepG2_skew	[0.2,0.5)	non-cCRE	SINGLETON	ins_2	8952
HepG2_skew	[0.2,0.5)	non-cCRE	SINGLETON	ins_3	7129
HepG2_skew	[0.2,0.5)	non-cCRE	SINGLETON	ins_4	7833
HepG2_skew	[0.2,0.5)	non-cCRE	SINGLETON	ins_5	3922
HepG2_skew	[0.2,0.5)	non-cCRE	SINGLETON	ins_6	3874
HepG2_skew	[0.2,0.5)	non-cCRE	SINGLETON	ins_7	3108
HepG2_skew	[0.2,0.5)	non-cCRE	SINGLETON	ins_8	3666
HepG2_skew	[0.2,0.5)	non-cCRE	SINGLETON	ins_9	1406
HepG2_skew	[0.2,0.5)	non-cCRE	ULTRARARE	del_1	27787
HepG2_skew	[0.2,0.5)	non-cCRE	ULTRARARE	del_10plus	56964
HepG2_skew	[0.2,0.5)	non-cCRE	ULTRARARE	del_2	13713
HepG2_skew	[0.2,0.5)	non-cCRE	ULTRARARE	del_3	8578
HepG2_skew	[0.2,0.5)	non-cCRE	ULTRARARE	del_4	9751
HepG2_skew	[0.2,0.5)	non-cCRE	ULTRARARE	del_5	4559
HepG2_skew	[0.2,0.5)	non-cCRE	ULTRARARE	del_6	3897
HepG2_skew	[0.2,0.5)	non-cCRE	ULTRARARE	del_7	2624
HepG2_skew	[0.2,0.5)	non-cCRE	ULTRARARE	del_8	3817
HepG2_skew	[0.2,0.5)	non-cCRE	ULTRARARE	del_9	5405
HepG2_skew	[0.2,0.5)	non-cCRE	ULTRARARE	ins_1	17637
HepG2_skew	[0.2,0.5)	non-cCRE	ULTRARARE	ins_10plus	10691
HepG2_skew	[0.2,0.5)	non-cCRE	ULTRARARE	ins_2	6693
HepG2_skew	[0.2,0.5)	non-cCRE	ULTRARARE	ins_3	4630
HepG2_skew	[0.2,0.5)	non-cCRE	ULTRARARE	ins_4	5100
HepG2_skew	[0.2,0.5)	non-cCRE	ULTRARARE	ins_5	2401
HepG2_skew	[0.2,0.5)	non-cCRE	ULTRARARE	ins_6	2825
HepG2_skew	[0.2,0.5)	non-cCRE	ULTRARARE	ins_7	1798
HepG2_skew	[0.2,0.5)	non-cCRE	ULTRARARE	ins_8	2497
HepG2_skew	[0.2,0.5)	non-cCRE	ULTRARARE	ins_9	897
HepG2_skew	[0.2,0.5)	pELS	COMMON	del_1	108
HepG2_skew	[0.2,0.5)	pELS	COMMON	del_10plus	263
HepG2_skew	[0.2,0.5)	pELS	COMMON	del_2	57
HepG2_skew	[0.2,0.5)	pELS	COMMON	del_3	33
HepG2_skew	[0.2,0.5)	pELS	COMMON	del_4	40
HepG2_skew	[0.2,0.5)	pELS	COMMON	del_5	11
HepG2_skew	[0.2,0.5)	pELS	COMMON	del_6	17
HepG2_skew	[0.2,0.5)	pELS	COMMON	del_7	14
HepG2_skew	[0.2,0.5)	pELS	COMMON	del_8	20
HepG2_skew	[0.2,0.5)	pELS	COMMON	del_9	16
HepG2_skew	[0.2,0.5)	pELS	COMMON	ins_1	119
HepG2_skew	[0.2,0.5)	pELS	COMMON	ins_10plus	80
HepG2_skew	[0.2,0.5)	pELS	COMMON	ins_2	60
HepG2_skew	[0.2,0.5)	pELS	COMMON	ins_3	23
HepG2_skew	[0.2,0.5)	pELS	COMMON	ins_4	40
HepG2_skew	[0.2,0.5)	pELS	COMMON	ins_5	16
HepG2_skew	[0.2,0.5)	pELS	COMMON	ins_6	33
HepG2_skew	[0.2,0.5)	pELS	COMMON	ins_7	7
HepG2_skew	[0.2,0.5)	pELS	COMMON	ins_8	19
HepG2_skew	[0.2,0.5)	pELS	COMMON	ins_9	4
HepG2_skew	[0.2,0.5)	pELS	LOW_FREQ	del_1	123
HepG2_skew	[0.2,0.5)	pELS	LOW_FREQ	del_10plus	366
HepG2_skew	[0.2,0.5)	pELS	LOW_FREQ	del_2	79
HepG2_skew	[0.2,0.5)	pELS	LOW_FREQ	del_3	63
HepG2_skew	[0.2,0.5)	pELS	LOW_FREQ	del_4	72
HepG2_skew	[0.2,0.5)	pELS	LOW_FREQ	del_5	19
HepG2_skew	[0.2,0.5)	pELS	LOW_FREQ	del_6	24
HepG2_skew	[0.2,0.5)	pELS	LOW_FREQ	del_7	14
HepG2_skew	[0.2,0.5)	pELS	LOW_FREQ	del_8	26
HepG2_skew	[0.2,0.5)	pELS	LOW_FREQ	del_9	25
HepG2_skew	[0.2,0.5)	pELS	LOW_FREQ	ins_1	125
HepG2_skew	[0.2,0.5)	pELS	LOW_FREQ	ins_10plus	153
HepG2_skew	[0.2,0.5)	pELS	LOW_FREQ	ins_2	56
HepG2_skew	[0.2,0.5)	pELS	LOW_FREQ	ins_3	38
HepG2_skew	[0.2,0.5)	pELS	LOW_FREQ	ins_4	53
HepG2_skew	[0.2,0.5)	pELS	LOW_FREQ	ins_5	22
HepG2_skew	[0.2,0.5)	pELS	LOW_FREQ	ins_6	39
HepG2_skew	[0.2,0.5)	pELS	LOW_FREQ	ins_7	12
HepG2_skew	[0.2,0.5)	pELS	LOW_FREQ	ins_8	42
HepG2_skew	[0.2,0.5)	pELS	LOW_FREQ	ins_9	9
HepG2_skew	[0.2,0.5)	pELS	RARE	del_1	326
HepG2_skew	[0.2,0.5)	pELS	RARE	del_10plus	717
HepG2_skew	[0.2,0.5)	pELS	RARE	del_2	172
HepG2_skew	[0.2,0.5)	pELS	RARE	del_3	146
HepG2_skew	[0.2,0.5)	pELS	RARE	del_4	156
HepG2_skew	[0.2,0.5)	pELS	RARE	del_5	55
HepG2_skew	[0.2,0.5)	pELS	RARE	del_6	77
HepG2_skew	[0.2,0.5)	pELS	RARE	del_7	39
HepG2_skew	[0.2,0.5)	pELS	RARE	del_8	57
HepG2_skew	[0.2,0.5)	pELS	RARE	del_9	86
HepG2_skew	[0.2,0.5)	pELS	RARE	ins_1	333
HepG2_skew	[0.2,0.5)	pELS	RARE	ins_10plus	331
HepG2_skew	[0.2,0.5)	pELS	RARE	ins_2	140
HepG2_skew	[0.2,0.5)	pELS	RARE	ins_3	68
HepG2_skew	[0.2,0.5)	pELS	RARE	ins_4	79
HepG2_skew	[0.2,0.5)	pELS	RARE	ins_5	47
HepG2_skew	[0.2,0.5)	pELS	RARE	ins_6	78
HepG2_skew	[0.2,0.5)	pELS	RARE	ins_7	34
HepG2_skew	[0.2,0.5)	pELS	RARE	ins_8	75
HepG2_skew	[0.2,0.5)	pELS	RARE	ins_9	14
HepG2_skew	[0.2,0.5)	pELS	SINGLETON	del_1	3631
HepG2_skew	[0.2,0.5)	pELS	SINGLETON	del_10plus	4511
HepG2_skew	[0.2,0.5)	pELS	SINGLETON	del_2	1658
HepG2_skew	[0.2,0.5)	pELS	SINGLETON	del_3	1179
HepG2_skew	[0.2,0.5)	pELS	SINGLETON	del_4	979
HepG2_skew	[0.2,0.5)	pELS	SINGLETON	del_5	587
HepG2_skew	[0.2,0.5)	pELS	SINGLETON	del_6	465
HepG2_skew	[0.2,0.5)	pELS	SINGLETON	del_7	344
HepG2_skew	[0.2,0.5)	pELS	SINGLETON	del_8	353
HepG2_skew	[0.2,0.5)	pELS	SINGLETON	del_9	592
HepG2_skew	[0.2,0.5)	pELS	SINGLETON	ins_1	2347
HepG2_skew	[0.2,0.5)	pELS	SINGLETON	ins_10plus	1085
HepG2_skew	[0.2,0.5)	pELS	SINGLETON	ins_2	638
HepG2_skew	[0.2,0.5)	pELS	SINGLETON	ins_3	407
HepG2_skew	[0.2,0.5)	pELS	SINGLETON	ins_4	448
HepG2_skew	[0.2,0.5)	pELS	SINGLETON	ins_5	231
HepG2_skew	[0.2,0.5)	pELS	SINGLETON	ins_6	250
HepG2_skew	[0.2,0.5)	pELS	SINGLETON	ins_7	160
HepG2_skew	[0.2,0.5)	pELS	SINGLETON	ins_8	174
HepG2_skew	[0.2,0.5)	pELS	SINGLETON	ins_9	77
HepG2_skew	[0.2,0.5)	pELS	ULTRARARE	del_1	2111
HepG2_skew	[0.2,0.5)	pELS	ULTRARARE	del_10plus	3117
HepG2_skew	[0.2,0.5)	pELS	ULTRARARE	del_2	1049
HepG2_skew	[0.2,0.5)	pELS	ULTRARARE	del_3	804
HepG2_skew	[0.2,0.5)	pELS	ULTRARARE	del_4	712
HepG2_skew	[0.2,0.5)	pELS	ULTRARARE	del_5	346
HepG2_skew	[0.2,0.5)	pELS	ULTRARARE	del_6	279
HepG2_skew	[0.2,0.5)	pELS	ULTRARARE	del_7	173
HepG2_skew	[0.2,0.5)	pELS	ULTRARARE	del_8	235
HepG2_skew	[0.2,0.5)	pELS	ULTRARARE	del_9	359
HepG2_skew	[0.2,0.5)	pELS	ULTRARARE	ins_1	1660
HepG2_skew	[0.2,0.5)	pELS	ULTRARARE	ins_10plus	839
HepG2_skew	[0.2,0.5)	pELS	ULTRARARE	ins_2	451
HepG2_skew	[0.2,0.5)	pELS	ULTRARARE	ins_3	254
HepG2_skew	[0.2,0.5)	pELS	ULTRARARE	ins_4	318
HepG2_skew	[0.2,0.5)	pELS	ULTRARARE	ins_5	147
HepG2_skew	[0.2,0.5)	pELS	ULTRARARE	ins_6	189
HepG2_skew	[0.2,0.5)	pELS	ULTRARARE	ins_7	110
HepG2_skew	[0.2,0.5)	pELS	ULTRARARE	ins_8	158
HepG2_skew	[0.2,0.5)	pELS	ULTRARARE	ins_9	43
HepG2_skew	[0.5,1.0)	Other cCREs	COMMON	del_1	32
HepG2_skew	[0.5,1.0)	Other cCREs	COMMON	del_10plus	22
HepG2_skew	[0.5,1.0)	Other cCREs	COMMON	del_2	21
HepG2_skew	[0.5,1.0)	Other cCREs	COMMON	del_3	4
HepG2_skew	[0.5,1.0)	Other cCREs	COMMON	del_4	10
HepG2_skew	[0.5,1.0)	Other cCREs	COMMON	del_5	2
HepG2_skew	[0.5,1.0)	Other cCREs	COMMON	del_6	1
HepG2_skew	[0.5,1.0)	Other cCREs	COMMON	del_7	1
HepG2_skew	[0.5,1.0)	Other cCREs	COMMON	del_8	6
HepG2_skew	[0.5,1.0)	Other cCREs	COMMON	del_9	5
HepG2_skew	[0.5,1.0)	Other cCREs	COMMON	ins_1	31
HepG2_skew	[0.5,1.0)	Other cCREs	COMMON	ins_10plus	38
HepG2_skew	[0.5,1.0)	Other cCREs	COMMON	ins_2	38
HepG2_skew	[0.5,1.0)	Other cCREs	COMMON	ins_3	8
HepG2_skew	[0.5,1.0)	Other cCREs	COMMON	ins_4	9
HepG2_skew	[0.5,1.0)	Other cCREs	COMMON	ins_5	4
HepG2_skew	[0.5,1.0)	Other cCREs	COMMON	ins_6	13
HepG2_skew	[0.5,1.0)	Other cCREs	COMMON	ins_7	3
HepG2_skew	[0.5,1.0)	Other cCREs	COMMON	ins_8	5
HepG2_skew	[0.5,1.0)	Other cCREs	COMMON	ins_9	2
HepG2_skew	[0.5,1.0)	Other cCREs	LOW_FREQ	del_1	49
HepG2_skew	[0.5,1.0)	Other cCREs	LOW_FREQ	del_10plus	38
HepG2_skew	[0.5,1.0)	Other cCREs	LOW_FREQ	del_2	19
HepG2_skew	[0.5,1.0)	Other cCREs	LOW_FREQ	del_3	6
HepG2_skew	[0.5,1.0)	Other cCREs	LOW_FREQ	del_4	10
HepG2_skew	[0.5,1.0)	Other cCREs	LOW_FREQ	del_5	3
HepG2_skew	[0.5,1.0)	Other cCREs	LOW_FREQ	del_6	3
HepG2_skew	[0.5,1.0)	Other cCREs	LOW_FREQ	del_7	3
HepG2_skew	[0.5,1.0)	Other cCREs	LOW_FREQ	del_8	1
HepG2_skew	[0.5,1.0)	Other cCREs	LOW_FREQ	del_9	1
HepG2_skew	[0.5,1.0)	Other cCREs	LOW_FREQ	ins_1	26
HepG2_skew	[0.5,1.0)	Other cCREs	LOW_FREQ	ins_10plus	80
HepG2_skew	[0.5,1.0)	Other cCREs	LOW_FREQ	ins_2	35
HepG2_skew	[0.5,1.0)	Other cCREs	LOW_FREQ	ins_3	2
HepG2_skew	[0.5,1.0)	Other cCREs	LOW_FREQ	ins_4	17
HepG2_skew	[0.5,1.0)	Other cCREs	LOW_FREQ	ins_5	2
HepG2_skew	[0.5,1.0)	Other cCREs	LOW_FREQ	ins_6	15
HepG2_skew	[0.5,1.0)	Other cCREs	LOW_FREQ	ins_7	3
HepG2_skew	[0.5,1.0)	Other cCREs	LOW_FREQ	ins_8	22
HepG2_skew	[0.5,1.0)	Other cCREs	LOW_FREQ	ins_9	4
HepG2_skew	[0.5,1.0)	Other cCREs	RARE	del_1	110
HepG2_skew	[0.5,1.0)	Other cCREs	RARE	del_10plus	87
HepG2_skew	[0.5,1.0)	Other cCREs	RARE	del_2	63
HepG2_skew	[0.5,1.0)	Other cCREs	RARE	del_3	15
HepG2_skew	[0.5,1.0)	Other cCREs	RARE	del_4	26
HepG2_skew	[0.5,1.0)	Other cCREs	RARE	del_5	10
HepG2_skew	[0.5,1.0)	Other cCREs	RARE	del_6	12
HepG2_skew	[0.5,1.0)	Other cCREs	RARE	del_7	8
HepG2_skew	[0.5,1.0)	Other cCREs	RARE	del_8	5
HepG2_skew	[0.5,1.0)	Other cCREs	RARE	del_9	8
HepG2_skew	[0.5,1.0)	Other cCREs	RARE	ins_1	77
HepG2_skew	[0.5,1.0)	Other cCREs	RARE	ins_10plus	200
HepG2_skew	[0.5,1.0)	Other cCREs	RARE	ins_2	90
HepG2_skew	[0.5,1.0)	Other cCREs	RARE	ins_3	19
HepG2_skew	[0.5,1.0)	Other cCREs	RARE	ins_4	41
HepG2_skew	[0.5,1.0)	Other cCREs	RARE	ins_5	12
HepG2_skew	[0.5,1.0)	Other cCREs	RARE	ins_6	29
HepG2_skew	[0.5,1.0)	Other cCREs	RARE	ins_7	15
HepG2_skew	[0.5,1.0)	Other cCREs	RARE	ins_8	38
HepG2_skew	[0.5,1.0)	Other cCREs	RARE	ins_9	5
HepG2_skew	[0.5,1.0)	Other cCREs	SINGLETON	del_1	1247
HepG2_skew	[0.5,1.0)	Other cCREs	SINGLETON	del_10plus	650
HepG2_skew	[0.5,1.0)	Other cCREs	SINGLETON	del_2	460
HepG2_skew	[0.5,1.0)	Other cCREs	SINGLETON	del_3	239
HepG2_skew	[0.5,1.0)	Other cCREs	SINGLETON	del_4	188
HepG2_skew	[0.5,1.0)	Other cCREs	SINGLETON	del_5	120
HepG2_skew	[0.5,1.0)	Other cCREs	SINGLETON	del_6	81
HepG2_skew	[0.5,1.0)	Other cCREs	SINGLETON	del_7	58
HepG2_skew	[0.5,1.0)	Other cCREs	SINGLETON	del_8	62
HepG2_skew	[0.5,1.0)	Other cCREs	SINGLETON	del_9	90
HepG2_skew	[0.5,1.0)	Other cCREs	SINGLETON	ins_1	515
HepG2_skew	[0.5,1.0)	Other cCREs	SINGLETON	ins_10plus	526
HepG2_skew	[0.5,1.0)	Other cCREs	SINGLETON	ins_2	228
HepG2_skew	[0.5,1.0)	Other cCREs	SINGLETON	ins_3	151
HepG2_skew	[0.5,1.0)	Other cCREs	SINGLETON	ins_4	169
HepG2_skew	[0.5,1.0)	Other cCREs	SINGLETON	ins_5	69
HepG2_skew	[0.5,1.0)	Other cCREs	SINGLETON	ins_6	91
HepG2_skew	[0.5,1.0)	Other cCREs	SINGLETON	ins_7	72
HepG2_skew	[0.5,1.0)	Other cCREs	SINGLETON	ins_8	88
HepG2_skew	[0.5,1.0)	Other cCREs	SINGLETON	ins_9	32
HepG2_skew	[0.5,1.0)	Other cCREs	ULTRARARE	del_1	685
HepG2_skew	[0.5,1.0)	Other cCREs	ULTRARARE	del_10plus	409
HepG2_skew	[0.5,1.0)	Other cCREs	ULTRARARE	del_2	342
HepG2_skew	[0.5,1.0)	Other cCREs	ULTRARARE	del_3	147
HepG2_skew	[0.5,1.0)	Other cCREs	ULTRARARE	del_4	157
HepG2_skew	[0.5,1.0)	Other cCREs	ULTRARARE	del_5	72
HepG2_skew	[0.5,1.0)	Other cCREs	ULTRARARE	del_6	51
HepG2_skew	[0.5,1.0)	Other cCREs	ULTRARARE	del_7	25
HepG2_skew	[0.5,1.0)	Other cCREs	ULTRARARE	del_8	47
HepG2_skew	[0.5,1.0)	Other cCREs	ULTRARARE	del_9	48
HepG2_skew	[0.5,1.0)	Other cCREs	ULTRARARE	ins_1	324
HepG2_skew	[0.5,1.0)	Other cCREs	ULTRARARE	ins_10plus	494
HepG2_skew	[0.5,1.0)	Other cCREs	ULTRARARE	ins_2	251
HepG2_skew	[0.5,1.0)	Other cCREs	ULTRARARE	ins_3	95
HepG2_skew	[0.5,1.0)	Other cCREs	ULTRARARE	ins_4	147
HepG2_skew	[0.5,1.0)	Other cCREs	ULTRARARE	ins_5	40
HepG2_skew	[0.5,1.0)	Other cCREs	ULTRARARE	ins_6	97
HepG2_skew	[0.5,1.0)	Other cCREs	ULTRARARE	ins_7	46
HepG2_skew	[0.5,1.0)	Other cCREs	ULTRARARE	ins_8	96
HepG2_skew	[0.5,1.0)	Other cCREs	ULTRARARE	ins_9	11
HepG2_skew	[0.5,1.0)	PLS	COMMON	del_1	7
HepG2_skew	[0.5,1.0)	PLS	COMMON	del_10plus	3
HepG2_skew	[0.5,1.0)	PLS	COMMON	del_2	2
HepG2_skew	[0.5,1.0)	PLS	COMMON	del_4	2
HepG2_skew	[0.5,1.0)	PLS	COMMON	ins_1	4
HepG2_skew	[0.5,1.0)	PLS	COMMON	ins_10plus	5
HepG2_skew	[0.5,1.0)	PLS	COMMON	ins_2	7
HepG2_skew	[0.5,1.0)	PLS	LOW_FREQ	del_1	5
HepG2_skew	[0.5,1.0)	PLS	LOW_FREQ	del_10plus	9
HepG2_skew	[0.5,1.0)	PLS	LOW_FREQ	del_2	3
HepG2_skew	[0.5,1.0)	PLS	LOW_FREQ	del_4	2
HepG2_skew	[0.5,1.0)	PLS	LOW_FREQ	del_8	1
HepG2_skew	[0.5,1.0)	PLS	LOW_FREQ	ins_1	5
HepG2_skew	[0.5,1.0)	PLS	LOW_FREQ	ins_10plus	7
HepG2_skew	[0.5,1.0)	PLS	LOW_FREQ	ins_2	1
HepG2_skew	[0.5,1.0)	PLS	LOW_FREQ	ins_5	1
HepG2_skew	[0.5,1.0)	PLS	LOW_FREQ	ins_7	1
HepG2_skew	[0.5,1.0)	PLS	LOW_FREQ	ins_8	5
HepG2_skew	[0.5,1.0)	PLS	RARE	del_1	16
HepG2_skew	[0.5,1.0)	PLS	RARE	del_10plus	19
HepG2_skew	[0.5,1.0)	PLS	RARE	del_2	10
HepG2_skew	[0.5,1.0)	PLS	RARE	del_3	1
HepG2_skew	[0.5,1.0)	PLS	RARE	del_4	4
HepG2_skew	[0.5,1.0)	PLS	RARE	del_6	1
HepG2_skew	[0.5,1.0)	PLS	RARE	del_8	2
HepG2_skew	[0.5,1.0)	PLS	RARE	del_9	1
HepG2_skew	[0.5,1.0)	PLS	RARE	ins_1	9
HepG2_skew	[0.5,1.0)	PLS	RARE	ins_10plus	29
HepG2_skew	[0.5,1.0)	PLS	RARE	ins_2	8
HepG2_skew	[0.5,1.0)	PLS	RARE	ins_3	2
HepG2_skew	[0.5,1.0)	PLS	RARE	ins_4	4
HepG2_skew	[0.5,1.0)	PLS	RARE	ins_5	2
HepG2_skew	[0.5,1.0)	PLS	RARE	ins_6	2
HepG2_skew	[0.5,1.0)	PLS	RARE	ins_7	3
HepG2_skew	[0.5,1.0)	PLS	RARE	ins_8	2
HepG2_skew	[0.5,1.0)	PLS	SINGLETON	del_1	205
HepG2_skew	[0.5,1.0)	PLS	SINGLETON	del_10plus	137
HepG2_skew	[0.5,1.0)	PLS	SINGLETON	del_2	73
HepG2_skew	[0.5,1.0)	PLS	SINGLETON	del_3	34
HepG2_skew	[0.5,1.0)	PLS	SINGLETON	del_4	36
HepG2_skew	[0.5,1.0)	PLS	SINGLETON	del_5	12
HepG2_skew	[0.5,1.0)	PLS	SINGLETON	del_6	9
HepG2_skew	[0.5,1.0)	PLS	SINGLETON	del_7	10
HepG2_skew	[0.5,1.0)	PLS	SINGLETON	del_8	15
HepG2_skew	[0.5,1.0)	PLS	SINGLETON	del_9	9
HepG2_skew	[0.5,1.0)	PLS	SINGLETON	ins_1	91
HepG2_skew	[0.5,1.0)	PLS	SINGLETON	ins_10plus	163
HepG2_skew	[0.5,1.0)	PLS	SINGLETON	ins_2	34
HepG2_skew	[0.5,1.0)	PLS	SINGLETON	ins_3	15
HepG2_skew	[0.5,1.0)	PLS	SINGLETON	ins_4	21
HepG2_skew	[0.5,1.0)	PLS	SINGLETON	ins_5	16
HepG2_skew	[0.5,1.0)	PLS	SINGLETON	ins_6	24
HepG2_skew	[0.5,1.0)	PLS	SINGLETON	ins_7	6
HepG2_skew	[0.5,1.0)	PLS	SINGLETON	ins_8	15
HepG2_skew	[0.5,1.0)	PLS	SINGLETON	ins_9	6
HepG2_skew	[0.5,1.0)	PLS	ULTRARARE	del_1	133
HepG2_skew	[0.5,1.0)	PLS	ULTRARARE	del_10plus	79
HepG2_skew	[0.5,1.0)	PLS	ULTRARARE	del_2	33
HepG2_skew	[0.5,1.0)	PLS	ULTRARARE	del_3	28
HepG2_skew	[0.5,1.0)	PLS	ULTRARARE	del_4	15
HepG2_skew	[0.5,1.0)	PLS	ULTRARARE	del_5	14
HepG2_skew	[0.5,1.0)	PLS	ULTRARARE	del_6	6
HepG2_skew	[0.5,1.0)	PLS	ULTRARARE	del_7	9
HepG2_skew	[0.5,1.0)	PLS	ULTRARARE	del_8	8
HepG2_skew	[0.5,1.0)	PLS	ULTRARARE	del_9	13
HepG2_skew	[0.5,1.0)	PLS	ULTRARARE	ins_1	57
HepG2_skew	[0.5,1.0)	PLS	ULTRARARE	ins_10plus	114
HepG2_skew	[0.5,1.0)	PLS	ULTRARARE	ins_2	17
HepG2_skew	[0.5,1.0)	PLS	ULTRARARE	ins_3	10
HepG2_skew	[0.5,1.0)	PLS	ULTRARARE	ins_4	12
HepG2_skew	[0.5,1.0)	PLS	ULTRARARE	ins_5	10
HepG2_skew	[0.5,1.0)	PLS	ULTRARARE	ins_6	12
HepG2_skew	[0.5,1.0)	PLS	ULTRARARE	ins_7	7
HepG2_skew	[0.5,1.0)	PLS	ULTRARARE	ins_8	8
HepG2_skew	[0.5,1.0)	dELS	COMMON	del_1	129
HepG2_skew	[0.5,1.0)	dELS	COMMON	del_10plus	80
HepG2_skew	[0.5,1.0)	dELS	COMMON	del_2	50
HepG2_skew	[0.5,1.0)	dELS	COMMON	del_3	23
HepG2_skew	[0.5,1.0)	dELS	COMMON	del_4	27
HepG2_skew	[0.5,1.0)	dELS	COMMON	del_5	7
HepG2_skew	[0.5,1.0)	dELS	COMMON	del_6	6
HepG2_skew	[0.5,1.0)	dELS	COMMON	del_7	5
HepG2_skew	[0.5,1.0)	dELS	COMMON	del_8	5
HepG2_skew	[0.5,1.0)	dELS	COMMON	del_9	7
HepG2_skew	[0.5,1.0)	dELS	COMMON	ins_1	101
HepG2_skew	[0.5,1.0)	dELS	COMMON	ins_10plus	101
HepG2_skew	[0.5,1.0)	dELS	COMMON	ins_2	71
HepG2_skew	[0.5,1.0)	dELS	COMMON	ins_3	20
HepG2_skew	[0.5,1.0)	dELS	COMMON	ins_4	43
HepG2_skew	[0.5,1.0)	dELS	COMMON	ins_5	8
HepG2_skew	[0.5,1.0)	dELS	COMMON	ins_6	21
HepG2_skew	[0.5,1.0)	dELS	COMMON	ins_7	12
HepG2_skew	[0.5,1.0)	dELS	COMMON	ins_8	15
HepG2_skew	[0.5,1.0)	dELS	COMMON	ins_9	3
HepG2_skew	[0.5,1.0)	dELS	LOW_FREQ	del_1	144
HepG2_skew	[0.5,1.0)	dELS	LOW_FREQ	del_10plus	107
HepG2_skew	[0.5,1.0)	dELS	LOW_FREQ	del_2	70
HepG2_skew	[0.5,1.0)	dELS	LOW_FREQ	del_3	28
HepG2_skew	[0.5,1.0)	dELS	LOW_FREQ	del_4	32
HepG2_skew	[0.5,1.0)	dELS	LOW_FREQ	del_5	14
HepG2_skew	[0.5,1.0)	dELS	LOW_FREQ	del_6	13
HepG2_skew	[0.5,1.0)	dELS	LOW_FREQ	del_7	10
HepG2_skew	[0.5,1.0)	dELS	LOW_FREQ	del_8	11
HepG2_skew	[0.5,1.0)	dELS	LOW_FREQ	del_9	6
HepG2_skew	[0.5,1.0)	dELS	LOW_FREQ	ins_1	84
HepG2_skew	[0.5,1.0)	dELS	LOW_FREQ	ins_10plus	215
HepG2_skew	[0.5,1.0)	dELS	LOW_FREQ	ins_2	92
HepG2_skew	[0.5,1.0)	dELS	LOW_FREQ	ins_3	27
HepG2_skew	[0.5,1.0)	dELS	LOW_FREQ	ins_4	62
HepG2_skew	[0.5,1.0)	dELS	LOW_FREQ	ins_5	18
HepG2_skew	[0.5,1.0)	dELS	LOW_FREQ	ins_6	43
HepG2_skew	[0.5,1.0)	dELS	LOW_FREQ	ins_7	9
HepG2_skew	[0.5,1.0)	dELS	LOW_FREQ	ins_8	44
HepG2_skew	[0.5,1.0)	dELS	LOW_FREQ	ins_9	1
HepG2_skew	[0.5,1.0)	dELS	RARE	del_1	364
HepG2_skew	[0.5,1.0)	dELS	RARE	del_10plus	234
HepG2_skew	[0.5,1.0)	dELS	RARE	del_2	236
HepG2_skew	[0.5,1.0)	dELS	RARE	del_3	75
HepG2_skew	[0.5,1.0)	dELS	RARE	del_4	91
HepG2_skew	[0.5,1.0)	dELS	RARE	del_5	29
HepG2_skew	[0.5,1.0)	dELS	RARE	del_6	22
HepG2_skew	[0.5,1.0)	dELS	RARE	del_7	19
HepG2_skew	[0.5,1.0)	dELS	RARE	del_8	24
HepG2_skew	[0.5,1.0)	dELS	RARE	del_9	31
HepG2_skew	[0.5,1.0)	dELS	RARE	ins_1	193
HepG2_skew	[0.5,1.0)	dELS	RARE	ins_10plus	497
HepG2_skew	[0.5,1.0)	dELS	RARE	ins_2	209
HepG2_skew	[0.5,1.0)	dELS	RARE	ins_3	54
HepG2_skew	[0.5,1.0)	dELS	RARE	ins_4	108
HepG2_skew	[0.5,1.0)	dELS	RARE	ins_5	30
HepG2_skew	[0.5,1.0)	dELS	RARE	ins_6	89
HepG2_skew	[0.5,1.0)	dELS	RARE	ins_7	33
HepG2_skew	[0.5,1.0)	dELS	RARE	ins_8	73
HepG2_skew	[0.5,1.0)	dELS	RARE	ins_9	13
HepG2_skew	[0.5,1.0)	dELS	SINGLETON	del_1	4360
HepG2_skew	[0.5,1.0)	dELS	SINGLETON	del_10plus	2145
HepG2_skew	[0.5,1.0)	dELS	SINGLETON	del_2	1730
HepG2_skew	[0.5,1.0)	dELS	SINGLETON	del_3	867
HepG2_skew	[0.5,1.0)	dELS	SINGLETON	del_4	665
HepG2_skew	[0.5,1.0)	dELS	SINGLETON	del_5	348
HepG2_skew	[0.5,1.0)	dELS	SINGLETON	del_6	265
HepG2_skew	[0.5,1.0)	dELS	SINGLETON	del_7	212
HepG2_skew	[0.5,1.0)	dELS	SINGLETON	del_8	203
HepG2_skew	[0.5,1.0)	dELS	SINGLETON	del_9	292
HepG2_skew	[0.5,1.0)	dELS	SINGLETON	ins_1	1906
HepG2_skew	[0.5,1.0)	dELS	SINGLETON	ins_10plus	1314
HepG2_skew	[0.5,1.0)	dELS	SINGLETON	ins_2	683
HepG2_skew	[0.5,1.0)	dELS	SINGLETON	ins_3	421
HepG2_skew	[0.5,1.0)	dELS	SINGLETON	ins_4	569
HepG2_skew	[0.5,1.0)	dELS	SINGLETON	ins_5	248
HepG2_skew	[0.5,1.0)	dELS	SINGLETON	ins_6	306
HepG2_skew	[0.5,1.0)	dELS	SINGLETON	ins_7	201
HepG2_skew	[0.5,1.0)	dELS	SINGLETON	ins_8	261
HepG2_skew	[0.5,1.0)	dELS	SINGLETON	ins_9	73
HepG2_skew	[0.5,1.0)	dELS	ULTRARARE	del_1	2387
HepG2_skew	[0.5,1.0)	dELS	ULTRARARE	del_10plus	1244
HepG2_skew	[0.5,1.0)	dELS	ULTRARARE	del_2	1165
HepG2_skew	[0.5,1.0)	dELS	ULTRARARE	del_3	477
HepG2_skew	[0.5,1.0)	dELS	ULTRARARE	del_4	439
HepG2_skew	[0.5,1.0)	dELS	ULTRARARE	del_5	178
HepG2_skew	[0.5,1.0)	dELS	ULTRARARE	del_6	170
HepG2_skew	[0.5,1.0)	dELS	ULTRARARE	del_7	125
HepG2_skew	[0.5,1.0)	dELS	ULTRARARE	del_8	128
HepG2_skew	[0.5,1.0)	dELS	ULTRARARE	del_9	176
HepG2_skew	[0.5,1.0)	dELS	ULTRARARE	ins_1	1157
HepG2_skew	[0.5,1.0)	dELS	ULTRARARE	ins_10plus	1175
HepG2_skew	[0.5,1.0)	dELS	ULTRARARE	ins_2	676
HepG2_skew	[0.5,1.0)	dELS	ULTRARARE	ins_3	255
HepG2_skew	[0.5,1.0)	dELS	ULTRARARE	ins_4	412
HepG2_skew	[0.5,1.0)	dELS	ULTRARARE	ins_5	146
HepG2_skew	[0.5,1.0)	dELS	ULTRARARE	ins_6	265
HepG2_skew	[0.5,1.0)	dELS	ULTRARARE	ins_7	128
HepG2_skew	[0.5,1.0)	dELS	ULTRARARE	ins_8	230
HepG2_skew	[0.5,1.0)	dELS	ULTRARARE	ins_9	42
HepG2_skew	[0.5,1.0)	non-cCRE	COMMON	del_1	248
HepG2_skew	[0.5,1.0)	non-cCRE	COMMON	del_10plus	162
HepG2_skew	[0.5,1.0)	non-cCRE	COMMON	del_2	129
HepG2_skew	[0.5,1.0)	non-cCRE	COMMON	del_3	48
HepG2_skew	[0.5,1.0)	non-cCRE	COMMON	del_4	50
HepG2_skew	[0.5,1.0)	non-cCRE	COMMON	del_5	20
HepG2_skew	[0.5,1.0)	non-cCRE	COMMON	del_6	19
HepG2_skew	[0.5,1.0)	non-cCRE	COMMON	del_7	13
HepG2_skew	[0.5,1.0)	non-cCRE	COMMON	del_8	20
HepG2_skew	[0.5,1.0)	non-cCRE	COMMON	del_9	21
HepG2_skew	[0.5,1.0)	non-cCRE	COMMON	ins_1	203
HepG2_skew	[0.5,1.0)	non-cCRE	COMMON	ins_10plus	204
HepG2_skew	[0.5,1.0)	non-cCRE	COMMON	ins_2	147
HepG2_skew	[0.5,1.0)	non-cCRE	COMMON	ins_3	59
HepG2_skew	[0.5,1.0)	non-cCRE	COMMON	ins_4	98
HepG2_skew	[0.5,1.0)	non-cCRE	COMMON	ins_5	22
HepG2_skew	[0.5,1.0)	non-cCRE	COMMON	ins_6	61
HepG2_skew	[0.5,1.0)	non-cCRE	COMMON	ins_7	32
HepG2_skew	[0.5,1.0)	non-cCRE	COMMON	ins_8	61
HepG2_skew	[0.5,1.0)	non-cCRE	COMMON	ins_9	10
HepG2_skew	[0.5,1.0)	non-cCRE	LOW_FREQ	del_1	299
HepG2_skew	[0.5,1.0)	non-cCRE	LOW_FREQ	del_10plus	222
HepG2_skew	[0.5,1.0)	non-cCRE	LOW_FREQ	del_2	170
HepG2_skew	[0.5,1.0)	non-cCRE	LOW_FREQ	del_3	69
HepG2_skew	[0.5,1.0)	non-cCRE	LOW_FREQ	del_4	67
HepG2_skew	[0.5,1.0)	non-cCRE	LOW_FREQ	del_5	26
HepG2_skew	[0.5,1.0)	non-cCRE	LOW_FREQ	del_6	21
HepG2_skew	[0.5,1.0)	non-cCRE	LOW_FREQ	del_7	17
HepG2_skew	[0.5,1.0)	non-cCRE	LOW_FREQ	del_8	17
HepG2_skew	[0.5,1.0)	non-cCRE	LOW_FREQ	del_9	30
HepG2_skew	[0.5,1.0)	non-cCRE	LOW_FREQ	ins_1	161
HepG2_skew	[0.5,1.0)	non-cCRE	LOW_FREQ	ins_10plus	443
HepG2_skew	[0.5,1.0)	non-cCRE	LOW_FREQ	ins_2	185
HepG2_skew	[0.5,1.0)	non-cCRE	LOW_FREQ	ins_3	52
HepG2_skew	[0.5,1.0)	non-cCRE	LOW_FREQ	ins_4	108
HepG2_skew	[0.5,1.0)	non-cCRE	LOW_FREQ	ins_5	22
HepG2_skew	[0.5,1.0)	non-cCRE	LOW_FREQ	ins_6	102
HepG2_skew	[0.5,1.0)	non-cCRE	LOW_FREQ	ins_7	26
HepG2_skew	[0.5,1.0)	non-cCRE	LOW_FREQ	ins_8	91
HepG2_skew	[0.5,1.0)	non-cCRE	LOW_FREQ	ins_9	12
HepG2_skew	[0.5,1.0)	non-cCRE	RARE	del_1	809
HepG2_skew	[0.5,1.0)	non-cCRE	RARE	del_10plus	509
HepG2_skew	[0.5,1.0)	non-cCRE	RARE	del_2	413
HepG2_skew	[0.5,1.0)	non-cCRE	RARE	del_3	182
HepG2_skew	[0.5,1.0)	non-cCRE	RARE	del_4	157
HepG2_skew	[0.5,1.0)	non-cCRE	RARE	del_5	78
HepG2_skew	[0.5,1.0)	non-cCRE	RARE	del_6	64
HepG2_skew	[0.5,1.0)	non-cCRE	RARE	del_7	54
HepG2_skew	[0.5,1.0)	non-cCRE	RARE	del_8	44
HepG2_skew	[0.5,1.0)	non-cCRE	RARE	del_9	53
HepG2_skew	[0.5,1.0)	non-cCRE	RARE	ins_1	436
HepG2_skew	[0.5,1.0)	non-cCRE	RARE	ins_10plus	935
HepG2_skew	[0.5,1.0)	non-cCRE	RARE	ins_2	459
HepG2_skew	[0.5,1.0)	non-cCRE	RARE	ins_3	140
HepG2_skew	[0.5,1.0)	non-cCRE	RARE	ins_4	264
HepG2_skew	[0.5,1.0)	non-cCRE	RARE	ins_5	68
HepG2_skew	[0.5,1.0)	non-cCRE	RARE	ins_6	174
HepG2_skew	[0.5,1.0)	non-cCRE	RARE	ins_7	55
HepG2_skew	[0.5,1.0)	non-cCRE	RARE	ins_8	206
HepG2_skew	[0.5,1.0)	non-cCRE	RARE	ins_9	18
HepG2_skew	[0.5,1.0)	non-cCRE	SINGLETON	del_1	8973
HepG2_skew	[0.5,1.0)	non-cCRE	SINGLETON	del_10plus	4104
HepG2_skew	[0.5,1.0)	non-cCRE	SINGLETON	del_2	3401
HepG2_skew	[0.5,1.0)	non-cCRE	SINGLETON	del_3	1722
HepG2_skew	[0.5,1.0)	non-cCRE	SINGLETON	del_4	1328
HepG2_skew	[0.5,1.0)	non-cCRE	SINGLETON	del_5	691
HepG2_skew	[0.5,1.0)	non-cCRE	SINGLETON	del_6	593
HepG2_skew	[0.5,1.0)	non-cCRE	SINGLETON	del_7	407
HepG2_skew	[0.5,1.0)	non-cCRE	SINGLETON	del_8	476
HepG2_skew	[0.5,1.0)	non-cCRE	SINGLETON	del_9	532
HepG2_skew	[0.5,1.0)	non-cCRE	SINGLETON	ins_1	3849
HepG2_skew	[0.5,1.0)	non-cCRE	SINGLETON	ins_10plus	2952
HepG2_skew	[0.5,1.0)	non-cCRE	SINGLETON	ins_2	1608
HepG2_skew	[0.5,1.0)	non-cCRE	SINGLETON	ins_3	1040
HepG2_skew	[0.5,1.0)	non-cCRE	SINGLETON	ins_4	1273
HepG2_skew	[0.5,1.0)	non-cCRE	SINGLETON	ins_5	571
HepG2_skew	[0.5,1.0)	non-cCRE	SINGLETON	ins_6	727
HepG2_skew	[0.5,1.0)	non-cCRE	SINGLETON	ins_7	586
HepG2_skew	[0.5,1.0)	non-cCRE	SINGLETON	ins_8	588
HepG2_skew	[0.5,1.0)	non-cCRE	SINGLETON	ins_9	168
HepG2_skew	[0.5,1.0)	non-cCRE	ULTRARARE	del_1	4755
HepG2_skew	[0.5,1.0)	non-cCRE	ULTRARARE	del_10plus	2441
HepG2_skew	[0.5,1.0)	non-cCRE	ULTRARARE	del_2	2345
HepG2_skew	[0.5,1.0)	non-cCRE	ULTRARARE	del_3	992
HepG2_skew	[0.5,1.0)	non-cCRE	ULTRARARE	del_4	911
HepG2_skew	[0.5,1.0)	non-cCRE	ULTRARARE	del_5	393
HepG2_skew	[0.5,1.0)	non-cCRE	ULTRARARE	del_6	322
HepG2_skew	[0.5,1.0)	non-cCRE	ULTRARARE	del_7	261
HepG2_skew	[0.5,1.0)	non-cCRE	ULTRARARE	del_8	304
HepG2_skew	[0.5,1.0)	non-cCRE	ULTRARARE	del_9	342
HepG2_skew	[0.5,1.0)	non-cCRE	ULTRARARE	ins_1	2335
HepG2_skew	[0.5,1.0)	non-cCRE	ULTRARARE	ins_10plus	2408
HepG2_skew	[0.5,1.0)	non-cCRE	ULTRARARE	ins_2	1355
HepG2_skew	[0.5,1.0)	non-cCRE	ULTRARARE	ins_3	617
HepG2_skew	[0.5,1.0)	non-cCRE	ULTRARARE	ins_4	844
HepG2_skew	[0.5,1.0)	non-cCRE	ULTRARARE	ins_5	306
HepG2_skew	[0.5,1.0)	non-cCRE	ULTRARARE	ins_6	558
HepG2_skew	[0.5,1.0)	non-cCRE	ULTRARARE	ins_7	329
HepG2_skew	[0.5,1.0)	non-cCRE	ULTRARARE	ins_8	518
HepG2_skew	[0.5,1.0)	non-cCRE	ULTRARARE	ins_9	127
HepG2_skew	[0.5,1.0)	pELS	COMMON	del_1	17
HepG2_skew	[0.5,1.0)	pELS	COMMON	del_10plus	19
HepG2_skew	[0.5,1.0)	pELS	COMMON	del_2	6
HepG2_skew	[0.5,1.0)	pELS	COMMON	del_3	7
HepG2_skew	[0.5,1.0)	pELS	COMMON	del_4	8
HepG2_skew	[0.5,1.0)	pELS	COMMON	del_5	1
HepG2_skew	[0.5,1.0)	pELS	COMMON	del_6	1
HepG2_skew	[0.5,1.0)	pELS	COMMON	del_7	2
HepG2_skew	[0.5,1.0)	pELS	COMMON	del_9	1
HepG2_skew	[0.5,1.0)	pELS	COMMON	ins_1	18
HepG2_skew	[0.5,1.0)	pELS	COMMON	ins_10plus	10
HepG2_skew	[0.5,1.0)	pELS	COMMON	ins_2	14
HepG2_skew	[0.5,1.0)	pELS	COMMON	ins_3	5
HepG2_skew	[0.5,1.0)	pELS	COMMON	ins_4	8
HepG2_skew	[0.5,1.0)	pELS	COMMON	ins_5	3
HepG2_skew	[0.5,1.0)	pELS	COMMON	ins_6	5
HepG2_skew	[0.5,1.0)	pELS	COMMON	ins_7	1
HepG2_skew	[0.5,1.0)	pELS	COMMON	ins_8	2
HepG2_skew	[0.5,1.0)	pELS	COMMON	ins_9	1
HepG2_skew	[0.5,1.0)	pELS	LOW_FREQ	del_1	27
HepG2_skew	[0.5,1.0)	pELS	LOW_FREQ	del_10plus	16
HepG2_skew	[0.5,1.0)	pELS	LOW_FREQ	del_2	14
HepG2_skew	[0.5,1.0)	pELS	LOW_FREQ	del_3	7
HepG2_skew	[0.5,1.0)	pELS	LOW_FREQ	del_4	7
HepG2_skew	[0.5,1.0)	pELS	LOW_FREQ	del_5	4
HepG2_skew	[0.5,1.0)	pELS	LOW_FREQ	del_6	1
HepG2_skew	[0.5,1.0)	pELS	LOW_FREQ	del_7	2
HepG2_skew	[0.5,1.0)	pELS	LOW_FREQ	del_8	2
HepG2_skew	[0.5,1.0)	pELS	LOW_FREQ	del_9	4
HepG2_skew	[0.5,1.0)	pELS	LOW_FREQ	ins_1	10
HepG2_skew	[0.5,1.0)	pELS	LOW_FREQ	ins_10plus	25
HepG2_skew	[0.5,1.0)	pELS	LOW_FREQ	ins_2	9
HepG2_skew	[0.5,1.0)	pELS	LOW_FREQ	ins_3	8
HepG2_skew	[0.5,1.0)	pELS	LOW_FREQ	ins_4	16
HepG2_skew	[0.5,1.0)	pELS	LOW_FREQ	ins_6	8
HepG2_skew	[0.5,1.0)	pELS	LOW_FREQ	ins_7	2
HepG2_skew	[0.5,1.0)	pELS	LOW_FREQ	ins_8	6
HepG2_skew	[0.5,1.0)	pELS	LOW_FREQ	ins_9	1
HepG2_skew	[0.5,1.0)	pELS	RARE	del_1	98
HepG2_skew	[0.5,1.0)	pELS	RARE	del_10plus	51
HepG2_skew	[0.5,1.0)	pELS	RARE	del_2	39
HepG2_skew	[0.5,1.0)	pELS	RARE	del_3	22
HepG2_skew	[0.5,1.0)	pELS	RARE	del_4	13
HepG2_skew	[0.5,1.0)	pELS	RARE	del_5	10
HepG2_skew	[0.5,1.0)	pELS	RARE	del_6	3
HepG2_skew	[0.5,1.0)	pELS	RARE	del_7	2
HepG2_skew	[0.5,1.0)	pELS	RARE	del_8	4
HepG2_skew	[0.5,1.0)	pELS	RARE	del_9	4
HepG2_skew	[0.5,1.0)	pELS	RARE	ins_1	44
HepG2_skew	[0.5,1.0)	pELS	RARE	ins_10plus	99
HepG2_skew	[0.5,1.0)	pELS	RARE	ins_2	45
HepG2_skew	[0.5,1.0)	pELS	RARE	ins_3	11
HepG2_skew	[0.5,1.0)	pELS	RARE	ins_4	26
HepG2_skew	[0.5,1.0)	pELS	RARE	ins_5	11
HepG2_skew	[0.5,1.0)	pELS	RARE	ins_6	22
HepG2_skew	[0.5,1.0)	pELS	RARE	ins_7	3
HepG2_skew	[0.5,1.0)	pELS	RARE	ins_8	17
HepG2_skew	[0.5,1.0)	pELS	RARE	ins_9	2
HepG2_skew	[0.5,1.0)	pELS	SINGLETON	del_1	852
HepG2_skew	[0.5,1.0)	pELS	SINGLETON	del_10plus	504
HepG2_skew	[0.5,1.0)	pELS	SINGLETON	del_2	333
HepG2_skew	[0.5,1.0)	pELS	SINGLETON	del_3	145
HepG2_skew	[0.5,1.0)	pELS	SINGLETON	del_4	139
HepG2_skew	[0.5,1.0)	pELS	SINGLETON	del_5	69
HepG2_skew	[0.5,1.0)	pELS	SINGLETON	del_6	64
HepG2_skew	[0.5,1.0)	pELS	SINGLETON	del_7	38
HepG2_skew	[0.5,1.0)	pELS	SINGLETON	del_8	44
HepG2_skew	[0.5,1.0)	pELS	SINGLETON	del_9	69
HepG2_skew	[0.5,1.0)	pELS	SINGLETON	ins_1	398
HepG2_skew	[0.5,1.0)	pELS	SINGLETON	ins_10plus	358
HepG2_skew	[0.5,1.0)	pELS	SINGLETON	ins_2	155
HepG2_skew	[0.5,1.0)	pELS	SINGLETON	ins_3	75
HepG2_skew	[0.5,1.0)	pELS	SINGLETON	ins_4	112
HepG2_skew	[0.5,1.0)	pELS	SINGLETON	ins_5	68
HepG2_skew	[0.5,1.0)	pELS	SINGLETON	ins_6	76
HepG2_skew	[0.5,1.0)	pELS	SINGLETON	ins_7	43
HepG2_skew	[0.5,1.0)	pELS	SINGLETON	ins_8	45
HepG2_skew	[0.5,1.0)	pELS	SINGLETON	ins_9	14
HepG2_skew	[0.5,1.0)	pELS	ULTRARARE	del_1	471
HepG2_skew	[0.5,1.0)	pELS	ULTRARARE	del_10plus	265
HepG2_skew	[0.5,1.0)	pELS	ULTRARARE	del_2	230
HepG2_skew	[0.5,1.0)	pELS	ULTRARARE	del_3	96
HepG2_skew	[0.5,1.0)	pELS	ULTRARARE	del_4	83
HepG2_skew	[0.5,1.0)	pELS	ULTRARARE	del_5	42
HepG2_skew	[0.5,1.0)	pELS	ULTRARARE	del_6	41
HepG2_skew	[0.5,1.0)	pELS	ULTRARARE	del_7	30
HepG2_skew	[0.5,1.0)	pELS	ULTRARARE	del_8	34
HepG2_skew	[0.5,1.0)	pELS	ULTRARARE	del_9	44
HepG2_skew	[0.5,1.0)	pELS	ULTRARARE	ins_1	256
HepG2_skew	[0.5,1.0)	pELS	ULTRARARE	ins_10plus	266
HepG2_skew	[0.5,1.0)	pELS	ULTRARARE	ins_2	122
HepG2_skew	[0.5,1.0)	pELS	ULTRARARE	ins_3	64
HepG2_skew	[0.5,1.0)	pELS	ULTRARARE	ins_4	98
HepG2_skew	[0.5,1.0)	pELS	ULTRARARE	ins_5	43
HepG2_skew	[0.5,1.0)	pELS	ULTRARARE	ins_6	47
HepG2_skew	[0.5,1.0)	pELS	ULTRARARE	ins_7	22
HepG2_skew	[0.5,1.0)	pELS	ULTRARARE	ins_8	34
HepG2_skew	[0.5,1.0)	pELS	ULTRARARE	ins_9	10
HepG2_skew	[1.0,1.5)	Other cCREs	COMMON	del_1	8
HepG2_skew	[1.0,1.5)	Other cCREs	COMMON	del_10plus	1
HepG2_skew	[1.0,1.5)	Other cCREs	COMMON	del_4	1
HepG2_skew	[1.0,1.5)	Other cCREs	COMMON	ins_1	4
HepG2_skew	[1.0,1.5)	Other cCREs	COMMON	ins_10plus	6
HepG2_skew	[1.0,1.5)	Other cCREs	COMMON	ins_2	11
HepG2_skew	[1.0,1.5)	Other cCREs	COMMON	ins_3	1
HepG2_skew	[1.0,1.5)	Other cCREs	COMMON	ins_4	4
HepG2_skew	[1.0,1.5)	Other cCREs	COMMON	ins_5	1
HepG2_skew	[1.0,1.5)	Other cCREs	COMMON	ins_6	2
HepG2_skew	[1.0,1.5)	Other cCREs	COMMON	ins_7	1
HepG2_skew	[1.0,1.5)	Other cCREs	LOW_FREQ	del_1	9
HepG2_skew	[1.0,1.5)	Other cCREs	LOW_FREQ	del_10plus	2
HepG2_skew	[1.0,1.5)	Other cCREs	LOW_FREQ	del_2	3
HepG2_skew	[1.0,1.5)	Other cCREs	LOW_FREQ	del_3	1
HepG2_skew	[1.0,1.5)	Other cCREs	LOW_FREQ	del_4	2
HepG2_skew	[1.0,1.5)	Other cCREs	LOW_FREQ	del_5	1
HepG2_skew	[1.0,1.5)	Other cCREs	LOW_FREQ	del_6	1
HepG2_skew	[1.0,1.5)	Other cCREs	LOW_FREQ	ins_1	4
HepG2_skew	[1.0,1.5)	Other cCREs	LOW_FREQ	ins_10plus	17
HepG2_skew	[1.0,1.5)	Other cCREs	LOW_FREQ	ins_2	6
HepG2_skew	[1.0,1.5)	Other cCREs	LOW_FREQ	ins_3	1
HepG2_skew	[1.0,1.5)	Other cCREs	LOW_FREQ	ins_4	9
HepG2_skew	[1.0,1.5)	Other cCREs	LOW_FREQ	ins_6	6
HepG2_skew	[1.0,1.5)	Other cCREs	LOW_FREQ	ins_7	1
HepG2_skew	[1.0,1.5)	Other cCREs	LOW_FREQ	ins_8	6
HepG2_skew	[1.0,1.5)	Other cCREs	RARE	del_1	18
HepG2_skew	[1.0,1.5)	Other cCREs	RARE	del_10plus	8
HepG2_skew	[1.0,1.5)	Other cCREs	RARE	del_2	4
HepG2_skew	[1.0,1.5)	Other cCREs	RARE	del_3	5
HepG2_skew	[1.0,1.5)	Other cCREs	RARE	del_4	5
HepG2_skew	[1.0,1.5)	Other cCREs	RARE	del_5	2
HepG2_skew	[1.0,1.5)	Other cCREs	RARE	del_6	1
HepG2_skew	[1.0,1.5)	Other cCREs	RARE	del_7	1
HepG2_skew	[1.0,1.5)	Other cCREs	RARE	del_8	2
HepG2_skew	[1.0,1.5)	Other cCREs	RARE	del_9	1
HepG2_skew	[1.0,1.5)	Other cCREs	RARE	ins_1	5
HepG2_skew	[1.0,1.5)	Other cCREs	RARE	ins_10plus	38
HepG2_skew	[1.0,1.5)	Other cCREs	RARE	ins_2	13
HepG2_skew	[1.0,1.5)	Other cCREs	RARE	ins_3	1
HepG2_skew	[1.0,1.5)	Other cCREs	RARE	ins_4	20
HepG2_skew	[1.0,1.5)	Other cCREs	RARE	ins_5	1
HepG2_skew	[1.0,1.5)	Other cCREs	RARE	ins_6	13
HepG2_skew	[1.0,1.5)	Other cCREs	RARE	ins_7	3
HepG2_skew	[1.0,1.5)	Other cCREs	RARE	ins_8	10
HepG2_skew	[1.0,1.5)	Other cCREs	SINGLETON	del_1	233
HepG2_skew	[1.0,1.5)	Other cCREs	SINGLETON	del_10plus	45
HepG2_skew	[1.0,1.5)	Other cCREs	SINGLETON	del_2	77
HepG2_skew	[1.0,1.5)	Other cCREs	SINGLETON	del_3	33
HepG2_skew	[1.0,1.5)	Other cCREs	SINGLETON	del_4	38
HepG2_skew	[1.0,1.5)	Other cCREs	SINGLETON	del_5	15
HepG2_skew	[1.0,1.5)	Other cCREs	SINGLETON	del_6	18
HepG2_skew	[1.0,1.5)	Other cCREs	SINGLETON	del_7	10
HepG2_skew	[1.0,1.5)	Other cCREs	SINGLETON	del_8	6
HepG2_skew	[1.0,1.5)	Other cCREs	SINGLETON	del_9	11
HepG2_skew	[1.0,1.5)	Other cCREs	SINGLETON	ins_1	58
HepG2_skew	[1.0,1.5)	Other cCREs	SINGLETON	ins_10plus	112
HepG2_skew	[1.0,1.5)	Other cCREs	SINGLETON	ins_2	52
HepG2_skew	[1.0,1.5)	Other cCREs	SINGLETON	ins_3	25
HepG2_skew	[1.0,1.5)	Other cCREs	SINGLETON	ins_4	27
HepG2_skew	[1.0,1.5)	Other cCREs	SINGLETON	ins_5	9
HepG2_skew	[1.0,1.5)	Other cCREs	SINGLETON	ins_6	38
HepG2_skew	[1.0,1.5)	Other cCREs	SINGLETON	ins_7	16
HepG2_skew	[1.0,1.5)	Other cCREs	SINGLETON	ins_8	20
HepG2_skew	[1.0,1.5)	Other cCREs	SINGLETON	ins_9	1
HepG2_skew	[1.0,1.5)	Other cCREs	ULTRARARE	del_1	119
HepG2_skew	[1.0,1.5)	Other cCREs	ULTRARARE	del_10plus	31
HepG2_skew	[1.0,1.5)	Other cCREs	ULTRARARE	del_2	45
HepG2_skew	[1.0,1.5)	Other cCREs	ULTRARARE	del_3	21
HepG2_skew	[1.0,1.5)	Other cCREs	ULTRARARE	del_4	19
HepG2_skew	[1.0,1.5)	Other cCREs	ULTRARARE	del_5	7
HepG2_skew	[1.0,1.5)	Other cCREs	ULTRARARE	del_6	9
HepG2_skew	[1.0,1.5)	Other cCREs	ULTRARARE	del_7	5
HepG2_skew	[1.0,1.5)	Other cCREs	ULTRARARE	del_8	5
HepG2_skew	[1.0,1.5)	Other cCREs	ULTRARARE	del_9	4
HepG2_skew	[1.0,1.5)	Other cCREs	ULTRARARE	ins_1	38
HepG2_skew	[1.0,1.5)	Other cCREs	ULTRARARE	ins_10plus	125
HepG2_skew	[1.0,1.5)	Other cCREs	ULTRARARE	ins_2	45
HepG2_skew	[1.0,1.5)	Other cCREs	ULTRARARE	ins_3	6
HepG2_skew	[1.0,1.5)	Other cCREs	ULTRARARE	ins_4	24
HepG2_skew	[1.0,1.5)	Other cCREs	ULTRARARE	ins_5	8
HepG2_skew	[1.0,1.5)	Other cCREs	ULTRARARE	ins_6	32
HepG2_skew	[1.0,1.5)	Other cCREs	ULTRARARE	ins_7	15
HepG2_skew	[1.0,1.5)	Other cCREs	ULTRARARE	ins_8	21
HepG2_skew	[1.0,1.5)	Other cCREs	ULTRARARE	ins_9	3
HepG2_skew	[1.0,1.5)	PLS	COMMON	ins_1	1
HepG2_skew	[1.0,1.5)	PLS	COMMON	ins_10plus	3
HepG2_skew	[1.0,1.5)	PLS	COMMON	ins_2	1
HepG2_skew	[1.0,1.5)	PLS	LOW_FREQ	del_1	1
HepG2_skew	[1.0,1.5)	PLS	LOW_FREQ	del_8	1
HepG2_skew	[1.0,1.5)	PLS	LOW_FREQ	ins_2	1
HepG2_skew	[1.0,1.5)	PLS	LOW_FREQ	ins_4	1
HepG2_skew	[1.0,1.5)	PLS	LOW_FREQ	ins_6	1
HepG2_skew	[1.0,1.5)	PLS	RARE	del_1	4
HepG2_skew	[1.0,1.5)	PLS	RARE	del_2	2
HepG2_skew	[1.0,1.5)	PLS	RARE	del_4	1
HepG2_skew	[1.0,1.5)	PLS	RARE	ins_1	2
HepG2_skew	[1.0,1.5)	PLS	RARE	ins_10plus	3
HepG2_skew	[1.0,1.5)	PLS	RARE	ins_2	1
HepG2_skew	[1.0,1.5)	PLS	RARE	ins_4	3
HepG2_skew	[1.0,1.5)	PLS	RARE	ins_6	1
HepG2_skew	[1.0,1.5)	PLS	RARE	ins_8	4
HepG2_skew	[1.0,1.5)	PLS	SINGLETON	del_1	31
HepG2_skew	[1.0,1.5)	PLS	SINGLETON	del_10plus	6
HepG2_skew	[1.0,1.5)	PLS	SINGLETON	del_2	10
HepG2_skew	[1.0,1.5)	PLS	SINGLETON	del_3	3
HepG2_skew	[1.0,1.5)	PLS	SINGLETON	del_4	2
HepG2_skew	[1.0,1.5)	PLS	SINGLETON	del_5	3
HepG2_skew	[1.0,1.5)	PLS	SINGLETON	del_6	1
HepG2_skew	[1.0,1.5)	PLS	SINGLETON	del_7	3
HepG2_skew	[1.0,1.5)	PLS	SINGLETON	del_8	2
HepG2_skew	[1.0,1.5)	PLS	SINGLETON	del_9	1
HepG2_skew	[1.0,1.5)	PLS	SINGLETON	ins_1	11
HepG2_skew	[1.0,1.5)	PLS	SINGLETON	ins_10plus	12
HepG2_skew	[1.0,1.5)	PLS	SINGLETON	ins_2	5
HepG2_skew	[1.0,1.5)	PLS	SINGLETON	ins_3	2
HepG2_skew	[1.0,1.5)	PLS	SINGLETON	ins_4	2
HepG2_skew	[1.0,1.5)	PLS	SINGLETON	ins_5	5
HepG2_skew	[1.0,1.5)	PLS	SINGLETON	ins_6	20
HepG2_skew	[1.0,1.5)	PLS	SINGLETON	ins_7	2
HepG2_skew	[1.0,1.5)	PLS	SINGLETON	ins_8	1
HepG2_skew	[1.0,1.5)	PLS	ULTRARARE	del_1	23
HepG2_skew	[1.0,1.5)	PLS	ULTRARARE	del_10plus	3
HepG2_skew	[1.0,1.5)	PLS	ULTRARARE	del_2	3
HepG2_skew	[1.0,1.5)	PLS	ULTRARARE	del_3	3
HepG2_skew	[1.0,1.5)	PLS	ULTRARARE	del_4	2
HepG2_skew	[1.0,1.5)	PLS	ULTRARARE	del_5	1
HepG2_skew	[1.0,1.5)	PLS	ULTRARARE	del_6	1
HepG2_skew	[1.0,1.5)	PLS	ULTRARARE	del_7	1
HepG2_skew	[1.0,1.5)	PLS	ULTRARARE	del_9	1
HepG2_skew	[1.0,1.5)	PLS	ULTRARARE	ins_1	7
HepG2_skew	[1.0,1.5)	PLS	ULTRARARE	ins_10plus	12
HepG2_skew	[1.0,1.5)	PLS	ULTRARARE	ins_2	5
HepG2_skew	[1.0,1.5)	PLS	ULTRARARE	ins_3	1
HepG2_skew	[1.0,1.5)	PLS	ULTRARARE	ins_4	3
HepG2_skew	[1.0,1.5)	PLS	ULTRARARE	ins_5	1
HepG2_skew	[1.0,1.5)	PLS	ULTRARARE	ins_6	5
HepG2_skew	[1.0,1.5)	PLS	ULTRARARE	ins_9	2
HepG2_skew	[1.0,1.5)	dELS	COMMON	del_1	21
HepG2_skew	[1.0,1.5)	dELS	COMMON	del_10plus	6
HepG2_skew	[1.0,1.5)	dELS	COMMON	del_2	11
HepG2_skew	[1.0,1.5)	dELS	COMMON	del_3	5
HepG2_skew	[1.0,1.5)	dELS	COMMON	del_4	1
HepG2_skew	[1.0,1.5)	dELS	COMMON	del_5	4
HepG2_skew	[1.0,1.5)	dELS	COMMON	del_8	1
HepG2_skew	[1.0,1.5)	dELS	COMMON	ins_1	12
HepG2_skew	[1.0,1.5)	dELS	COMMON	ins_10plus	32
HepG2_skew	[1.0,1.5)	dELS	COMMON	ins_2	21
HepG2_skew	[1.0,1.5)	dELS	COMMON	ins_3	3
HepG2_skew	[1.0,1.5)	dELS	COMMON	ins_4	26
HepG2_skew	[1.0,1.5)	dELS	COMMON	ins_5	1
HepG2_skew	[1.0,1.5)	dELS	COMMON	ins_6	9
HepG2_skew	[1.0,1.5)	dELS	COMMON	ins_7	3
HepG2_skew	[1.0,1.5)	dELS	COMMON	ins_8	4
HepG2_skew	[1.0,1.5)	dELS	COMMON	ins_9	1
HepG2_skew	[1.0,1.5)	dELS	LOW_FREQ	del_1	20
HepG2_skew	[1.0,1.5)	dELS	LOW_FREQ	del_10plus	7
HepG2_skew	[1.0,1.5)	dELS	LOW_FREQ	del_2	13
HepG2_skew	[1.0,1.5)	dELS	LOW_FREQ	del_3	9
HepG2_skew	[1.0,1.5)	dELS	LOW_FREQ	del_4	8
HepG2_skew	[1.0,1.5)	dELS	LOW_FREQ	del_5	1
HepG2_skew	[1.0,1.5)	dELS	LOW_FREQ	del_6	3
HepG2_skew	[1.0,1.5)	dELS	LOW_FREQ	del_7	2
HepG2_skew	[1.0,1.5)	dELS	LOW_FREQ	del_8	2
HepG2_skew	[1.0,1.5)	dELS	LOW_FREQ	ins_1	20
HepG2_skew	[1.0,1.5)	dELS	LOW_FREQ	ins_10plus	44
HepG2_skew	[1.0,1.5)	dELS	LOW_FREQ	ins_2	16
HepG2_skew	[1.0,1.5)	dELS	LOW_FREQ	ins_3	4
HepG2_skew	[1.0,1.5)	dELS	LOW_FREQ	ins_4	16
HepG2_skew	[1.0,1.5)	dELS	LOW_FREQ	ins_5	2
HepG2_skew	[1.0,1.5)	dELS	LOW_FREQ	ins_6	24
HepG2_skew	[1.0,1.5)	dELS	LOW_FREQ	ins_7	4
HepG2_skew	[1.0,1.5)	dELS	LOW_FREQ	ins_8	13
HepG2_skew	[1.0,1.5)	dELS	LOW_FREQ	ins_9	2
HepG2_skew	[1.0,1.5)	dELS	RARE	del_1	76
HepG2_skew	[1.0,1.5)	dELS	RARE	del_10plus	16
HepG2_skew	[1.0,1.5)	dELS	RARE	del_2	44
HepG2_skew	[1.0,1.5)	dELS	RARE	del_3	12
HepG2_skew	[1.0,1.5)	dELS	RARE	del_4	6
HepG2_skew	[1.0,1.5)	dELS	RARE	del_5	4
HepG2_skew	[1.0,1.5)	dELS	RARE	del_6	4
HepG2_skew	[1.0,1.5)	dELS	RARE	del_7	4
HepG2_skew	[1.0,1.5)	dELS	RARE	del_8	4
HepG2_skew	[1.0,1.5)	dELS	RARE	del_9	4
HepG2_skew	[1.0,1.5)	dELS	RARE	ins_1	32
HepG2_skew	[1.0,1.5)	dELS	RARE	ins_10plus	127
HepG2_skew	[1.0,1.5)	dELS	RARE	ins_2	57
HepG2_skew	[1.0,1.5)	dELS	RARE	ins_3	10
HepG2_skew	[1.0,1.5)	dELS	RARE	ins_4	42
HepG2_skew	[1.0,1.5)	dELS	RARE	ins_5	4
HepG2_skew	[1.0,1.5)	dELS	RARE	ins_6	28
HepG2_skew	[1.0,1.5)	dELS	RARE	ins_7	6
HepG2_skew	[1.0,1.5)	dELS	RARE	ins_8	28
HepG2_skew	[1.0,1.5)	dELS	SINGLETON	del_1	721
HepG2_skew	[1.0,1.5)	dELS	SINGLETON	del_10plus	176
HepG2_skew	[1.0,1.5)	dELS	SINGLETON	del_2	284
HepG2_skew	[1.0,1.5)	dELS	SINGLETON	del_3	116
HepG2_skew	[1.0,1.5)	dELS	SINGLETON	del_4	99
HepG2_skew	[1.0,1.5)	dELS	SINGLETON	del_5	53
HepG2_skew	[1.0,1.5)	dELS	SINGLETON	del_6	27
HepG2_skew	[1.0,1.5)	dELS	SINGLETON	del_7	32
HepG2_skew	[1.0,1.5)	dELS	SINGLETON	del_8	32
HepG2_skew	[1.0,1.5)	dELS	SINGLETON	del_9	39
HepG2_skew	[1.0,1.5)	dELS	SINGLETON	ins_1	300
HepG2_skew	[1.0,1.5)	dELS	SINGLETON	ins_10plus	359
HepG2_skew	[1.0,1.5)	dELS	SINGLETON	ins_2	146
HepG2_skew	[1.0,1.5)	dELS	SINGLETON	ins_3	68
HepG2_skew	[1.0,1.5)	dELS	SINGLETON	ins_4	115
HepG2_skew	[1.0,1.5)	dELS	SINGLETON	ins_5	45
HepG2_skew	[1.0,1.5)	dELS	SINGLETON	ins_6	102
HepG2_skew	[1.0,1.5)	dELS	SINGLETON	ins_7	49
HepG2_skew	[1.0,1.5)	dELS	SINGLETON	ins_8	61
HepG2_skew	[1.0,1.5)	dELS	SINGLETON	ins_9	11
HepG2_skew	[1.0,1.5)	dELS	ULTRARARE	del_1	399
HepG2_skew	[1.0,1.5)	dELS	ULTRARARE	del_10plus	98
HepG2_skew	[1.0,1.5)	dELS	ULTRARARE	del_2	179
HepG2_skew	[1.0,1.5)	dELS	ULTRARARE	del_3	66
HepG2_skew	[1.0,1.5)	dELS	ULTRARARE	del_4	66
HepG2_skew	[1.0,1.5)	dELS	ULTRARARE	del_5	25
HepG2_skew	[1.0,1.5)	dELS	ULTRARARE	del_6	21
HepG2_skew	[1.0,1.5)	dELS	ULTRARARE	del_7	14
HepG2_skew	[1.0,1.5)	dELS	ULTRARARE	del_8	12
HepG2_skew	[1.0,1.5)	dELS	ULTRARARE	del_9	19
HepG2_skew	[1.0,1.5)	dELS	ULTRARARE	ins_1	156
HepG2_skew	[1.0,1.5)	dELS	ULTRARARE	ins_10plus	336
HepG2_skew	[1.0,1.5)	dELS	ULTRARARE	ins_2	152
HepG2_skew	[1.0,1.5)	dELS	ULTRARARE	ins_3	42
HepG2_skew	[1.0,1.5)	dELS	ULTRARARE	ins_4	112
HepG2_skew	[1.0,1.5)	dELS	ULTRARARE	ins_5	30
HepG2_skew	[1.0,1.5)	dELS	ULTRARARE	ins_6	92
HepG2_skew	[1.0,1.5)	dELS	ULTRARARE	ins_7	46
HepG2_skew	[1.0,1.5)	dELS	ULTRARARE	ins_8	64
HepG2_skew	[1.0,1.5)	dELS	ULTRARARE	ins_9	5
HepG2_skew	[1.0,1.5)	non-cCRE	COMMON	del_1	32
HepG2_skew	[1.0,1.5)	non-cCRE	COMMON	del_10plus	4
HepG2_skew	[1.0,1.5)	non-cCRE	COMMON	del_2	11
HepG2_skew	[1.0,1.5)	non-cCRE	COMMON	del_3	9
HepG2_skew	[1.0,1.5)	non-cCRE	COMMON	del_4	4
HepG2_skew	[1.0,1.5)	non-cCRE	COMMON	del_5	2
HepG2_skew	[1.0,1.5)	non-cCRE	COMMON	del_6	2
HepG2_skew	[1.0,1.5)	non-cCRE	COMMON	del_7	2
HepG2_skew	[1.0,1.5)	non-cCRE	COMMON	del_9	1
HepG2_skew	[1.0,1.5)	non-cCRE	COMMON	ins_1	29
HepG2_skew	[1.0,1.5)	non-cCRE	COMMON	ins_10plus	65
HepG2_skew	[1.0,1.5)	non-cCRE	COMMON	ins_2	31
HepG2_skew	[1.0,1.5)	non-cCRE	COMMON	ins_3	10
HepG2_skew	[1.0,1.5)	non-cCRE	COMMON	ins_4	26
HepG2_skew	[1.0,1.5)	non-cCRE	COMMON	ins_5	4
HepG2_skew	[1.0,1.5)	non-cCRE	COMMON	ins_6	17
HepG2_skew	[1.0,1.5)	non-cCRE	COMMON	ins_7	5
HepG2_skew	[1.0,1.5)	non-cCRE	COMMON	ins_8	20
HepG2_skew	[1.0,1.5)	non-cCRE	COMMON	ins_9	1
HepG2_skew	[1.0,1.5)	non-cCRE	LOW_FREQ	del_1	42
HepG2_skew	[1.0,1.5)	non-cCRE	LOW_FREQ	del_10plus	13
HepG2_skew	[1.0,1.5)	non-cCRE	LOW_FREQ	del_2	18
HepG2_skew	[1.0,1.5)	non-cCRE	LOW_FREQ	del_3	9
HepG2_skew	[1.0,1.5)	non-cCRE	LOW_FREQ	del_4	11
HepG2_skew	[1.0,1.5)	non-cCRE	LOW_FREQ	del_5	4
HepG2_skew	[1.0,1.5)	non-cCRE	LOW_FREQ	del_6	3
HepG2_skew	[1.0,1.5)	non-cCRE	LOW_FREQ	del_9	2
HepG2_skew	[1.0,1.5)	non-cCRE	LOW_FREQ	ins_1	27
HepG2_skew	[1.0,1.5)	non-cCRE	LOW_FREQ	ins_10plus	112
HepG2_skew	[1.0,1.5)	non-cCRE	LOW_FREQ	ins_2	37
HepG2_skew	[1.0,1.5)	non-cCRE	LOW_FREQ	ins_3	7
HepG2_skew	[1.0,1.5)	non-cCRE	LOW_FREQ	ins_4	24
HepG2_skew	[1.0,1.5)	non-cCRE	LOW_FREQ	ins_5	6
HepG2_skew	[1.0,1.5)	non-cCRE	LOW_FREQ	ins_6	24
HepG2_skew	[1.0,1.5)	non-cCRE	LOW_FREQ	ins_7	5
HepG2_skew	[1.0,1.5)	non-cCRE	LOW_FREQ	ins_8	29
HepG2_skew	[1.0,1.5)	non-cCRE	LOW_FREQ	ins_9	3
HepG2_skew	[1.0,1.5)	non-cCRE	RARE	del_1	105
HepG2_skew	[1.0,1.5)	non-cCRE	RARE	del_10plus	35
HepG2_skew	[1.0,1.5)	non-cCRE	RARE	del_2	58
HepG2_skew	[1.0,1.5)	non-cCRE	RARE	del_3	22
HepG2_skew	[1.0,1.5)	non-cCRE	RARE	del_4	22
HepG2_skew	[1.0,1.5)	non-cCRE	RARE	del_5	11
HepG2_skew	[1.0,1.5)	non-cCRE	RARE	del_6	11
HepG2_skew	[1.0,1.5)	non-cCRE	RARE	del_7	6
HepG2_skew	[1.0,1.5)	non-cCRE	RARE	del_8	4
HepG2_skew	[1.0,1.5)	non-cCRE	RARE	del_9	2
HepG2_skew	[1.0,1.5)	non-cCRE	RARE	ins_1	61
HepG2_skew	[1.0,1.5)	non-cCRE	RARE	ins_10plus	239
HepG2_skew	[1.0,1.5)	non-cCRE	RARE	ins_2	106
HepG2_skew	[1.0,1.5)	non-cCRE	RARE	ins_3	13
HepG2_skew	[1.0,1.5)	non-cCRE	RARE	ins_4	61
HepG2_skew	[1.0,1.5)	non-cCRE	RARE	ins_5	10
HepG2_skew	[1.0,1.5)	non-cCRE	RARE	ins_6	68
HepG2_skew	[1.0,1.5)	non-cCRE	RARE	ins_7	13
HepG2_skew	[1.0,1.5)	non-cCRE	RARE	ins_8	44
HepG2_skew	[1.0,1.5)	non-cCRE	RARE	ins_9	1
HepG2_skew	[1.0,1.5)	non-cCRE	SINGLETON	del_1	1404
HepG2_skew	[1.0,1.5)	non-cCRE	SINGLETON	del_10plus	264
HepG2_skew	[1.0,1.5)	non-cCRE	SINGLETON	del_2	472
HepG2_skew	[1.0,1.5)	non-cCRE	SINGLETON	del_3	220
HepG2_skew	[1.0,1.5)	non-cCRE	SINGLETON	del_4	162
HepG2_skew	[1.0,1.5)	non-cCRE	SINGLETON	del_5	83
HepG2_skew	[1.0,1.5)	non-cCRE	SINGLETON	del_6	64
HepG2_skew	[1.0,1.5)	non-cCRE	SINGLETON	del_7	40
HepG2_skew	[1.0,1.5)	non-cCRE	SINGLETON	del_8	45
HepG2_skew	[1.0,1.5)	non-cCRE	SINGLETON	del_9	42
HepG2_skew	[1.0,1.5)	non-cCRE	SINGLETON	ins_1	556
HepG2_skew	[1.0,1.5)	non-cCRE	SINGLETON	ins_10plus	746
HepG2_skew	[1.0,1.5)	non-cCRE	SINGLETON	ins_2	313
HepG2_skew	[1.0,1.5)	non-cCRE	SINGLETON	ins_3	127
HepG2_skew	[1.0,1.5)	non-cCRE	SINGLETON	ins_4	229
HepG2_skew	[1.0,1.5)	non-cCRE	SINGLETON	ins_5	82
HepG2_skew	[1.0,1.5)	non-cCRE	SINGLETON	ins_6	197
HepG2_skew	[1.0,1.5)	non-cCRE	SINGLETON	ins_7	113
HepG2_skew	[1.0,1.5)	non-cCRE	SINGLETON	ins_8	119
HepG2_skew	[1.0,1.5)	non-cCRE	SINGLETON	ins_9	28
HepG2_skew	[1.0,1.5)	non-cCRE	ULTRARARE	del_1	782
HepG2_skew	[1.0,1.5)	non-cCRE	ULTRARARE	del_10plus	153
HepG2_skew	[1.0,1.5)	non-cCRE	ULTRARARE	del_2	292
HepG2_skew	[1.0,1.5)	non-cCRE	ULTRARARE	del_3	117
HepG2_skew	[1.0,1.5)	non-cCRE	ULTRARARE	del_4	113
HepG2_skew	[1.0,1.5)	non-cCRE	ULTRARARE	del_5	40
HepG2_skew	[1.0,1.5)	non-cCRE	ULTRARARE	del_6	38
HepG2_skew	[1.0,1.5)	non-cCRE	ULTRARARE	del_7	25
HepG2_skew	[1.0,1.5)	non-cCRE	ULTRARARE	del_8	24
HepG2_skew	[1.0,1.5)	non-cCRE	ULTRARARE	del_9	20
HepG2_skew	[1.0,1.5)	non-cCRE	ULTRARARE	ins_1	311
HepG2_skew	[1.0,1.5)	non-cCRE	ULTRARARE	ins_10plus	599
HepG2_skew	[1.0,1.5)	non-cCRE	ULTRARARE	ins_2	299
HepG2_skew	[1.0,1.5)	non-cCRE	ULTRARARE	ins_3	84
HepG2_skew	[1.0,1.5)	non-cCRE	ULTRARARE	ins_4	185
HepG2_skew	[1.0,1.5)	non-cCRE	ULTRARARE	ins_5	40
HepG2_skew	[1.0,1.5)	non-cCRE	ULTRARARE	ins_6	164
HepG2_skew	[1.0,1.5)	non-cCRE	ULTRARARE	ins_7	78
HepG2_skew	[1.0,1.5)	non-cCRE	ULTRARARE	ins_8	130
HepG2_skew	[1.0,1.5)	non-cCRE	ULTRARARE	ins_9	21
HepG2_skew	[1.0,1.5)	pELS	COMMON	del_1	3
HepG2_skew	[1.0,1.5)	pELS	COMMON	del_2	1
HepG2_skew	[1.0,1.5)	pELS	COMMON	del_3	1
HepG2_skew	[1.0,1.5)	pELS	COMMON	ins_1	2
HepG2_skew	[1.0,1.5)	pELS	COMMON	ins_10plus	5
HepG2_skew	[1.0,1.5)	pELS	COMMON	ins_2	3
HepG2_skew	[1.0,1.5)	pELS	COMMON	ins_4	2
HepG2_skew	[1.0,1.5)	pELS	COMMON	ins_6	1
HepG2_skew	[1.0,1.5)	pELS	COMMON	ins_8	1
HepG2_skew	[1.0,1.5)	pELS	COMMON	ins_9	2
HepG2_skew	[1.0,1.5)	pELS	LOW_FREQ	del_1	8
HepG2_skew	[1.0,1.5)	pELS	LOW_FREQ	del_10plus	1
HepG2_skew	[1.0,1.5)	pELS	LOW_FREQ	del_2	3
HepG2_skew	[1.0,1.5)	pELS	LOW_FREQ	del_3	1
HepG2_skew	[1.0,1.5)	pELS	LOW_FREQ	del_7	1
HepG2_skew	[1.0,1.5)	pELS	LOW_FREQ	ins_10plus	17
HepG2_skew	[1.0,1.5)	pELS	LOW_FREQ	ins_2	2
HepG2_skew	[1.0,1.5)	pELS	LOW_FREQ	ins_4	4
HepG2_skew	[1.0,1.5)	pELS	LOW_FREQ	ins_6	2
HepG2_skew	[1.0,1.5)	pELS	LOW_FREQ	ins_8	2
HepG2_skew	[1.0,1.5)	pELS	RARE	del_1	5
HepG2_skew	[1.0,1.5)	pELS	RARE	del_10plus	5
HepG2_skew	[1.0,1.5)	pELS	RARE	del_2	5
HepG2_skew	[1.0,1.5)	pELS	RARE	del_3	1
HepG2_skew	[1.0,1.5)	pELS	RARE	del_4	1
HepG2_skew	[1.0,1.5)	pELS	RARE	del_5	1
HepG2_skew	[1.0,1.5)	pELS	RARE	del_6	3
HepG2_skew	[1.0,1.5)	pELS	RARE	del_7	1
HepG2_skew	[1.0,1.5)	pELS	RARE	del_9	1
HepG2_skew	[1.0,1.5)	pELS	RARE	ins_1	14
HepG2_skew	[1.0,1.5)	pELS	RARE	ins_10plus	34
HepG2_skew	[1.0,1.5)	pELS	RARE	ins_2	8
HepG2_skew	[1.0,1.5)	pELS	RARE	ins_3	2
HepG2_skew	[1.0,1.5)	pELS	RARE	ins_4	4
HepG2_skew	[1.0,1.5)	pELS	RARE	ins_5	1
HepG2_skew	[1.0,1.5)	pELS	RARE	ins_6	4
HepG2_skew	[1.0,1.5)	pELS	RARE	ins_7	2
HepG2_skew	[1.0,1.5)	pELS	RARE	ins_8	1
HepG2_skew	[1.0,1.5)	pELS	RARE	ins_9	1
HepG2_skew	[1.0,1.5)	pELS	SINGLETON	del_1	164
HepG2_skew	[1.0,1.5)	pELS	SINGLETON	del_10plus	39
HepG2_skew	[1.0,1.5)	pELS	SINGLETON	del_2	52
HepG2_skew	[1.0,1.5)	pELS	SINGLETON	del_3	34
HepG2_skew	[1.0,1.5)	pELS	SINGLETON	del_4	22
HepG2_skew	[1.0,1.5)	pELS	SINGLETON	del_5	14
HepG2_skew	[1.0,1.5)	pELS	SINGLETON	del_6	9
HepG2_skew	[1.0,1.5)	pELS	SINGLETON	del_7	5
HepG2_skew	[1.0,1.5)	pELS	SINGLETON	del_8	5
HepG2_skew	[1.0,1.5)	pELS	SINGLETON	del_9	5
HepG2_skew	[1.0,1.5)	pELS	SINGLETON	ins_1	74
HepG2_skew	[1.0,1.5)	pELS	SINGLETON	ins_10plus	80
HepG2_skew	[1.0,1.5)	pELS	SINGLETON	ins_2	24
HepG2_skew	[1.0,1.5)	pELS	SINGLETON	ins_3	22
HepG2_skew	[1.0,1.5)	pELS	SINGLETON	ins_4	25
HepG2_skew	[1.0,1.5)	pELS	SINGLETON	ins_5	21
HepG2_skew	[1.0,1.5)	pELS	SINGLETON	ins_6	31
HepG2_skew	[1.0,1.5)	pELS	SINGLETON	ins_7	8
HepG2_skew	[1.0,1.5)	pELS	SINGLETON	ins_8	14
HepG2_skew	[1.0,1.5)	pELS	SINGLETON	ins_9	7
HepG2_skew	[1.0,1.5)	pELS	ULTRARARE	del_1	88
HepG2_skew	[1.0,1.5)	pELS	ULTRARARE	del_10plus	17
HepG2_skew	[1.0,1.5)	pELS	ULTRARARE	del_2	35
HepG2_skew	[1.0,1.5)	pELS	ULTRARARE	del_3	11
HepG2_skew	[1.0,1.5)	pELS	ULTRARARE	del_4	16
HepG2_skew	[1.0,1.5)	pELS	ULTRARARE	del_5	7
HepG2_skew	[1.0,1.5)	pELS	ULTRARARE	del_6	5
HepG2_skew	[1.0,1.5)	pELS	ULTRARARE	del_7	4
HepG2_skew	[1.0,1.5)	pELS	ULTRARARE	del_8	3
HepG2_skew	[1.0,1.5)	pELS	ULTRARARE	del_9	2
HepG2_skew	[1.0,1.5)	pELS	ULTRARARE	ins_1	35
HepG2_skew	[1.0,1.5)	pELS	ULTRARARE	ins_10plus	64
HepG2_skew	[1.0,1.5)	pELS	ULTRARARE	ins_2	27
HepG2_skew	[1.0,1.5)	pELS	ULTRARARE	ins_3	8
HepG2_skew	[1.0,1.5)	pELS	ULTRARARE	ins_4	16
HepG2_skew	[1.0,1.5)	pELS	ULTRARARE	ins_5	6
HepG2_skew	[1.0,1.5)	pELS	ULTRARARE	ins_6	19
HepG2_skew	[1.0,1.5)	pELS	ULTRARARE	ins_7	8
HepG2_skew	[1.0,1.5)	pELS	ULTRARARE	ins_8	12
HepG2_skew	[1.0,1.5)	pELS	ULTRARARE	ins_9	4
HepG2_skew	[1.5,Inf)	Other cCREs	COMMON	del_1	1
HepG2_skew	[1.5,Inf)	Other cCREs	COMMON	del_2	1
HepG2_skew	[1.5,Inf)	Other cCREs	COMMON	del_3	1
HepG2_skew	[1.5,Inf)	Other cCREs	COMMON	del_7	1
HepG2_skew	[1.5,Inf)	Other cCREs	COMMON	ins_1	1
HepG2_skew	[1.5,Inf)	Other cCREs	COMMON	ins_10plus	1
HepG2_skew	[1.5,Inf)	Other cCREs	COMMON	ins_2	1
HepG2_skew	[1.5,Inf)	Other cCREs	COMMON	ins_8	1
HepG2_skew	[1.5,Inf)	Other cCREs	LOW_FREQ	del_1	1
HepG2_skew	[1.5,Inf)	Other cCREs	LOW_FREQ	del_10plus	1
HepG2_skew	[1.5,Inf)	Other cCREs	LOW_FREQ	del_4	1
HepG2_skew	[1.5,Inf)	Other cCREs	LOW_FREQ	del_7	1
HepG2_skew	[1.5,Inf)	Other cCREs	LOW_FREQ	ins_1	1
HepG2_skew	[1.5,Inf)	Other cCREs	LOW_FREQ	ins_10plus	6
HepG2_skew	[1.5,Inf)	Other cCREs	LOW_FREQ	ins_5	1
HepG2_skew	[1.5,Inf)	Other cCREs	LOW_FREQ	ins_6	1
HepG2_skew	[1.5,Inf)	Other cCREs	LOW_FREQ	ins_7	1
HepG2_skew	[1.5,Inf)	Other cCREs	LOW_FREQ	ins_8	1
HepG2_skew	[1.5,Inf)	Other cCREs	RARE	del_1	8
HepG2_skew	[1.5,Inf)	Other cCREs	RARE	del_10plus	2
HepG2_skew	[1.5,Inf)	Other cCREs	RARE	del_2	1
HepG2_skew	[1.5,Inf)	Other cCREs	RARE	del_3	2
HepG2_skew	[1.5,Inf)	Other cCREs	RARE	del_5	1
HepG2_skew	[1.5,Inf)	Other cCREs	RARE	del_7	1
HepG2_skew	[1.5,Inf)	Other cCREs	RARE	ins_10plus	15
HepG2_skew	[1.5,Inf)	Other cCREs	RARE	ins_2	6
HepG2_skew	[1.5,Inf)	Other cCREs	RARE	ins_5	1
HepG2_skew	[1.5,Inf)	Other cCREs	RARE	ins_6	2
HepG2_skew	[1.5,Inf)	Other cCREs	RARE	ins_7	1
HepG2_skew	[1.5,Inf)	Other cCREs	SINGLETON	del_1	56
HepG2_skew	[1.5,Inf)	Other cCREs	SINGLETON	del_10plus	12
HepG2_skew	[1.5,Inf)	Other cCREs	SINGLETON	del_2	16
HepG2_skew	[1.5,Inf)	Other cCREs	SINGLETON	del_3	10
HepG2_skew	[1.5,Inf)	Other cCREs	SINGLETON	del_4	9
HepG2_skew	[1.5,Inf)	Other cCREs	SINGLETON	del_5	1
HepG2_skew	[1.5,Inf)	Other cCREs	SINGLETON	del_6	1
HepG2_skew	[1.5,Inf)	Other cCREs	SINGLETON	del_7	1
HepG2_skew	[1.5,Inf)	Other cCREs	SINGLETON	del_8	7
HepG2_skew	[1.5,Inf)	Other cCREs	SINGLETON	del_9	3
HepG2_skew	[1.5,Inf)	Other cCREs	SINGLETON	ins_1	14
HepG2_skew	[1.5,Inf)	Other cCREs	SINGLETON	ins_10plus	28
HepG2_skew	[1.5,Inf)	Other cCREs	SINGLETON	ins_2	22
HepG2_skew	[1.5,Inf)	Other cCREs	SINGLETON	ins_3	11
HepG2_skew	[1.5,Inf)	Other cCREs	SINGLETON	ins_4	8
HepG2_skew	[1.5,Inf)	Other cCREs	SINGLETON	ins_6	13
HepG2_skew	[1.5,Inf)	Other cCREs	SINGLETON	ins_7	5
HepG2_skew	[1.5,Inf)	Other cCREs	SINGLETON	ins_8	2
HepG2_skew	[1.5,Inf)	Other cCREs	SINGLETON	ins_9	2
HepG2_skew	[1.5,Inf)	Other cCREs	ULTRARARE	del_1	21
HepG2_skew	[1.5,Inf)	Other cCREs	ULTRARARE	del_10plus	7
HepG2_skew	[1.5,Inf)	Other cCREs	ULTRARARE	del_2	10
HepG2_skew	[1.5,Inf)	Other cCREs	ULTRARARE	del_3	6
HepG2_skew	[1.5,Inf)	Other cCREs	ULTRARARE	del_4	8
HepG2_skew	[1.5,Inf)	Other cCREs	ULTRARARE	del_5	4
HepG2_skew	[1.5,Inf)	Other cCREs	ULTRARARE	del_6	1
HepG2_skew	[1.5,Inf)	Other cCREs	ULTRARARE	del_7	2
HepG2_skew	[1.5,Inf)	Other cCREs	ULTRARARE	del_9	1
HepG2_skew	[1.5,Inf)	Other cCREs	ULTRARARE	ins_1	9
HepG2_skew	[1.5,Inf)	Other cCREs	ULTRARARE	ins_10plus	27
HepG2_skew	[1.5,Inf)	Other cCREs	ULTRARARE	ins_2	18
HepG2_skew	[1.5,Inf)	Other cCREs	ULTRARARE	ins_3	7
HepG2_skew	[1.5,Inf)	Other cCREs	ULTRARARE	ins_4	9
HepG2_skew	[1.5,Inf)	Other cCREs	ULTRARARE	ins_5	3
HepG2_skew	[1.5,Inf)	Other cCREs	ULTRARARE	ins_6	6
HepG2_skew	[1.5,Inf)	Other cCREs	ULTRARARE	ins_7	4
HepG2_skew	[1.5,Inf)	Other cCREs	ULTRARARE	ins_8	2
HepG2_skew	[1.5,Inf)	PLS	LOW_FREQ	ins_3	1
HepG2_skew	[1.5,Inf)	PLS	RARE	del_2	1
HepG2_skew	[1.5,Inf)	PLS	RARE	ins_6	1
HepG2_skew	[1.5,Inf)	PLS	SINGLETON	del_1	7
HepG2_skew	[1.5,Inf)	PLS	SINGLETON	del_10plus	3
HepG2_skew	[1.5,Inf)	PLS	SINGLETON	del_2	1
HepG2_skew	[1.5,Inf)	PLS	SINGLETON	del_3	4
HepG2_skew	[1.5,Inf)	PLS	SINGLETON	del_5	1
HepG2_skew	[1.5,Inf)	PLS	SINGLETON	del_7	1
HepG2_skew	[1.5,Inf)	PLS	SINGLETON	ins_1	4
HepG2_skew	[1.5,Inf)	PLS	SINGLETON	ins_10plus	8
HepG2_skew	[1.5,Inf)	PLS	SINGLETON	ins_2	1
HepG2_skew	[1.5,Inf)	PLS	SINGLETON	ins_3	1
HepG2_skew	[1.5,Inf)	PLS	SINGLETON	ins_4	1
HepG2_skew	[1.5,Inf)	PLS	SINGLETON	ins_6	4
HepG2_skew	[1.5,Inf)	PLS	ULTRARARE	del_1	7
HepG2_skew	[1.5,Inf)	PLS	ULTRARARE	del_2	1
HepG2_skew	[1.5,Inf)	PLS	ULTRARARE	del_3	2
HepG2_skew	[1.5,Inf)	PLS	ULTRARARE	del_6	1
HepG2_skew	[1.5,Inf)	PLS	ULTRARARE	ins_1	1
HepG2_skew	[1.5,Inf)	PLS	ULTRARARE	ins_10plus	4
HepG2_skew	[1.5,Inf)	PLS	ULTRARARE	ins_2	1
HepG2_skew	[1.5,Inf)	PLS	ULTRARARE	ins_8	2
HepG2_skew	[1.5,Inf)	dELS	COMMON	del_1	7
HepG2_skew	[1.5,Inf)	dELS	COMMON	del_10plus	1
HepG2_skew	[1.5,Inf)	dELS	COMMON	del_2	2
HepG2_skew	[1.5,Inf)	dELS	COMMON	del_5	1
HepG2_skew	[1.5,Inf)	dELS	COMMON	ins_1	6
HepG2_skew	[1.5,Inf)	dELS	COMMON	ins_10plus	4
HepG2_skew	[1.5,Inf)	dELS	COMMON	ins_2	2
HepG2_skew	[1.5,Inf)	dELS	COMMON	ins_4	1
HepG2_skew	[1.5,Inf)	dELS	COMMON	ins_7	1
HepG2_skew	[1.5,Inf)	dELS	COMMON	ins_8	1
HepG2_skew	[1.5,Inf)	dELS	LOW_FREQ	del_1	6
HepG2_skew	[1.5,Inf)	dELS	LOW_FREQ	del_10plus	2
HepG2_skew	[1.5,Inf)	dELS	LOW_FREQ	del_6	2
HepG2_skew	[1.5,Inf)	dELS	LOW_FREQ	del_7	1
HepG2_skew	[1.5,Inf)	dELS	LOW_FREQ	del_9	1
HepG2_skew	[1.5,Inf)	dELS	LOW_FREQ	ins_1	4
HepG2_skew	[1.5,Inf)	dELS	LOW_FREQ	ins_10plus	9
HepG2_skew	[1.5,Inf)	dELS	LOW_FREQ	ins_2	5
HepG2_skew	[1.5,Inf)	dELS	LOW_FREQ	ins_3	1
HepG2_skew	[1.5,Inf)	dELS	LOW_FREQ	ins_4	5
HepG2_skew	[1.5,Inf)	dELS	LOW_FREQ	ins_6	2
HepG2_skew	[1.5,Inf)	dELS	LOW_FREQ	ins_7	2
HepG2_skew	[1.5,Inf)	dELS	LOW_FREQ	ins_8	1
HepG2_skew	[1.5,Inf)	dELS	RARE	del_1	14
HepG2_skew	[1.5,Inf)	dELS	RARE	del_10plus	3
HepG2_skew	[1.5,Inf)	dELS	RARE	del_2	13
HepG2_skew	[1.5,Inf)	dELS	RARE	del_3	6
HepG2_skew	[1.5,Inf)	dELS	RARE	del_4	5
HepG2_skew	[1.5,Inf)	dELS	RARE	del_5	1
HepG2_skew	[1.5,Inf)	dELS	RARE	del_8	1
HepG2_skew	[1.5,Inf)	dELS	RARE	del_9	2
HepG2_skew	[1.5,Inf)	dELS	RARE	ins_1	6
HepG2_skew	[1.5,Inf)	dELS	RARE	ins_10plus	37
HepG2_skew	[1.5,Inf)	dELS	RARE	ins_2	10
HepG2_skew	[1.5,Inf)	dELS	RARE	ins_4	7
HepG2_skew	[1.5,Inf)	dELS	RARE	ins_5	2
HepG2_skew	[1.5,Inf)	dELS	RARE	ins_6	5
HepG2_skew	[1.5,Inf)	dELS	RARE	ins_8	5
HepG2_skew	[1.5,Inf)	dELS	SINGLETON	del_1	216
HepG2_skew	[1.5,Inf)	dELS	SINGLETON	del_10plus	51
HepG2_skew	[1.5,Inf)	dELS	SINGLETON	del_2	71
HepG2_skew	[1.5,Inf)	dELS	SINGLETON	del_3	27
HepG2_skew	[1.5,Inf)	dELS	SINGLETON	del_4	25
HepG2_skew	[1.5,Inf)	dELS	SINGLETON	del_5	20
HepG2_skew	[1.5,Inf)	dELS	SINGLETON	del_6	12
HepG2_skew	[1.5,Inf)	dELS	SINGLETON	del_7	6
HepG2_skew	[1.5,Inf)	dELS	SINGLETON	del_8	4
HepG2_skew	[1.5,Inf)	dELS	SINGLETON	del_9	10
HepG2_skew	[1.5,Inf)	dELS	SINGLETON	ins_1	88
HepG2_skew	[1.5,Inf)	dELS	SINGLETON	ins_10plus	144
HepG2_skew	[1.5,Inf)	dELS	SINGLETON	ins_2	49
HepG2_skew	[1.5,Inf)	dELS	SINGLETON	ins_3	19
HepG2_skew	[1.5,Inf)	dELS	SINGLETON	ins_4	39
HepG2_skew	[1.5,Inf)	dELS	SINGLETON	ins_5	12
HepG2_skew	[1.5,Inf)	dELS	SINGLETON	ins_6	40
HepG2_skew	[1.5,Inf)	dELS	SINGLETON	ins_7	22
HepG2_skew	[1.5,Inf)	dELS	SINGLETON	ins_8	17
HepG2_skew	[1.5,Inf)	dELS	SINGLETON	ins_9	8
HepG2_skew	[1.5,Inf)	dELS	ULTRARARE	del_1	117
HepG2_skew	[1.5,Inf)	dELS	ULTRARARE	del_10plus	32
HepG2_skew	[1.5,Inf)	dELS	ULTRARARE	del_2	57
HepG2_skew	[1.5,Inf)	dELS	ULTRARARE	del_3	19
HepG2_skew	[1.5,Inf)	dELS	ULTRARARE	del_4	13
HepG2_skew	[1.5,Inf)	dELS	ULTRARARE	del_5	4
HepG2_skew	[1.5,Inf)	dELS	ULTRARARE	del_6	11
HepG2_skew	[1.5,Inf)	dELS	ULTRARARE	del_7	3
HepG2_skew	[1.5,Inf)	dELS	ULTRARARE	del_8	5
HepG2_skew	[1.5,Inf)	dELS	ULTRARARE	del_9	7
HepG2_skew	[1.5,Inf)	dELS	ULTRARARE	ins_1	51
HepG2_skew	[1.5,Inf)	dELS	ULTRARARE	ins_10plus	102
HepG2_skew	[1.5,Inf)	dELS	ULTRARARE	ins_2	48
HepG2_skew	[1.5,Inf)	dELS	ULTRARARE	ins_3	10
HepG2_skew	[1.5,Inf)	dELS	ULTRARARE	ins_4	21
HepG2_skew	[1.5,Inf)	dELS	ULTRARARE	ins_5	7
HepG2_skew	[1.5,Inf)	dELS	ULTRARARE	ins_6	26
HepG2_skew	[1.5,Inf)	dELS	ULTRARARE	ins_7	13
HepG2_skew	[1.5,Inf)	dELS	ULTRARARE	ins_8	16
HepG2_skew	[1.5,Inf)	dELS	ULTRARARE	ins_9	1
HepG2_skew	[1.5,Inf)	non-cCRE	COMMON	del_1	10
HepG2_skew	[1.5,Inf)	non-cCRE	COMMON	del_10plus	1
HepG2_skew	[1.5,Inf)	non-cCRE	COMMON	del_2	3
HepG2_skew	[1.5,Inf)	non-cCRE	COMMON	del_3	2
HepG2_skew	[1.5,Inf)	non-cCRE	COMMON	del_4	3
HepG2_skew	[1.5,Inf)	non-cCRE	COMMON	del_5	2
HepG2_skew	[1.5,Inf)	non-cCRE	COMMON	del_6	2
HepG2_skew	[1.5,Inf)	non-cCRE	COMMON	del_8	1
HepG2_skew	[1.5,Inf)	non-cCRE	COMMON	ins_1	10
HepG2_skew	[1.5,Inf)	non-cCRE	COMMON	ins_10plus	22
HepG2_skew	[1.5,Inf)	non-cCRE	COMMON	ins_2	4
HepG2_skew	[1.5,Inf)	non-cCRE	COMMON	ins_4	5
HepG2_skew	[1.5,Inf)	non-cCRE	COMMON	ins_6	5
HepG2_skew	[1.5,Inf)	non-cCRE	COMMON	ins_7	3
HepG2_skew	[1.5,Inf)	non-cCRE	COMMON	ins_8	6
HepG2_skew	[1.5,Inf)	non-cCRE	COMMON	ins_9	3
HepG2_skew	[1.5,Inf)	non-cCRE	LOW_FREQ	del_1	17
HepG2_skew	[1.5,Inf)	non-cCRE	LOW_FREQ	del_10plus	3
HepG2_skew	[1.5,Inf)	non-cCRE	LOW_FREQ	del_2	4
HepG2_skew	[1.5,Inf)	non-cCRE	LOW_FREQ	del_3	4
HepG2_skew	[1.5,Inf)	non-cCRE	LOW_FREQ	del_4	1
HepG2_skew	[1.5,Inf)	non-cCRE	LOW_FREQ	del_7	1
HepG2_skew	[1.5,Inf)	non-cCRE	LOW_FREQ	del_8	1
HepG2_skew	[1.5,Inf)	non-cCRE	LOW_FREQ	ins_1	9
HepG2_skew	[1.5,Inf)	non-cCRE	LOW_FREQ	ins_10plus	34
HepG2_skew	[1.5,Inf)	non-cCRE	LOW_FREQ	ins_2	15
HepG2_skew	[1.5,Inf)	non-cCRE	LOW_FREQ	ins_3	5
HepG2_skew	[1.5,Inf)	non-cCRE	LOW_FREQ	ins_4	9
HepG2_skew	[1.5,Inf)	non-cCRE	LOW_FREQ	ins_5	1
HepG2_skew	[1.5,Inf)	non-cCRE	LOW_FREQ	ins_6	5
HepG2_skew	[1.5,Inf)	non-cCRE	LOW_FREQ	ins_8	5
HepG2_skew	[1.5,Inf)	non-cCRE	RARE	del_1	46
HepG2_skew	[1.5,Inf)	non-cCRE	RARE	del_10plus	9
HepG2_skew	[1.5,Inf)	non-cCRE	RARE	del_2	11
HepG2_skew	[1.5,Inf)	non-cCRE	RARE	del_3	4
HepG2_skew	[1.5,Inf)	non-cCRE	RARE	del_4	4
HepG2_skew	[1.5,Inf)	non-cCRE	RARE	del_5	1
HepG2_skew	[1.5,Inf)	non-cCRE	RARE	del_6	1
HepG2_skew	[1.5,Inf)	non-cCRE	RARE	del_7	1
HepG2_skew	[1.5,Inf)	non-cCRE	RARE	del_8	3
HepG2_skew	[1.5,Inf)	non-cCRE	RARE	del_9	2
HepG2_skew	[1.5,Inf)	non-cCRE	RARE	ins_1	14
HepG2_skew	[1.5,Inf)	non-cCRE	RARE	ins_10plus	105
HepG2_skew	[1.5,Inf)	non-cCRE	RARE	ins_2	30
HepG2_skew	[1.5,Inf)	non-cCRE	RARE	ins_3	7
HepG2_skew	[1.5,Inf)	non-cCRE	RARE	ins_4	18
HepG2_skew	[1.5,Inf)	non-cCRE	RARE	ins_5	4
HepG2_skew	[1.5,Inf)	non-cCRE	RARE	ins_6	17
HepG2_skew	[1.5,Inf)	non-cCRE	RARE	ins_7	6
HepG2_skew	[1.5,Inf)	non-cCRE	RARE	ins_8	16
HepG2_skew	[1.5,Inf)	non-cCRE	RARE	ins_9	2
HepG2_skew	[1.5,Inf)	non-cCRE	SINGLETON	del_1	440
HepG2_skew	[1.5,Inf)	non-cCRE	SINGLETON	del_10plus	65
HepG2_skew	[1.5,Inf)	non-cCRE	SINGLETON	del_2	117
HepG2_skew	[1.5,Inf)	non-cCRE	SINGLETON	del_3	51
HepG2_skew	[1.5,Inf)	non-cCRE	SINGLETON	del_4	52
HepG2_skew	[1.5,Inf)	non-cCRE	SINGLETON	del_5	25
HepG2_skew	[1.5,Inf)	non-cCRE	SINGLETON	del_6	23
HepG2_skew	[1.5,Inf)	non-cCRE	SINGLETON	del_7	14
HepG2_skew	[1.5,Inf)	non-cCRE	SINGLETON	del_8	15
HepG2_skew	[1.5,Inf)	non-cCRE	SINGLETON	del_9	11
HepG2_skew	[1.5,Inf)	non-cCRE	SINGLETON	ins_1	172
HepG2_skew	[1.5,Inf)	non-cCRE	SINGLETON	ins_10plus	301
HepG2_skew	[1.5,Inf)	non-cCRE	SINGLETON	ins_2	123
HepG2_skew	[1.5,Inf)	non-cCRE	SINGLETON	ins_3	42
HepG2_skew	[1.5,Inf)	non-cCRE	SINGLETON	ins_4	65
HepG2_skew	[1.5,Inf)	non-cCRE	SINGLETON	ins_5	22
HepG2_skew	[1.5,Inf)	non-cCRE	SINGLETON	ins_6	46
HepG2_skew	[1.5,Inf)	non-cCRE	SINGLETON	ins_7	50
HepG2_skew	[1.5,Inf)	non-cCRE	SINGLETON	ins_8	34
HepG2_skew	[1.5,Inf)	non-cCRE	SINGLETON	ins_9	5
HepG2_skew	[1.5,Inf)	non-cCRE	ULTRARARE	del_1	254
HepG2_skew	[1.5,Inf)	non-cCRE	ULTRARARE	del_10plus	46
HepG2_skew	[1.5,Inf)	non-cCRE	ULTRARARE	del_2	71
HepG2_skew	[1.5,Inf)	non-cCRE	ULTRARARE	del_3	35
HepG2_skew	[1.5,Inf)	non-cCRE	ULTRARARE	del_4	41
HepG2_skew	[1.5,Inf)	non-cCRE	ULTRARARE	del_5	10
HepG2_skew	[1.5,Inf)	non-cCRE	ULTRARARE	del_6	10
HepG2_skew	[1.5,Inf)	non-cCRE	ULTRARARE	del_7	5
HepG2_skew	[1.5,Inf)	non-cCRE	ULTRARARE	del_8	11
HepG2_skew	[1.5,Inf)	non-cCRE	ULTRARARE	del_9	7
HepG2_skew	[1.5,Inf)	non-cCRE	ULTRARARE	ins_1	77
HepG2_skew	[1.5,Inf)	non-cCRE	ULTRARARE	ins_10plus	262
HepG2_skew	[1.5,Inf)	non-cCRE	ULTRARARE	ins_2	102
HepG2_skew	[1.5,Inf)	non-cCRE	ULTRARARE	ins_3	27
HepG2_skew	[1.5,Inf)	non-cCRE	ULTRARARE	ins_4	56
HepG2_skew	[1.5,Inf)	non-cCRE	ULTRARARE	ins_5	15
HepG2_skew	[1.5,Inf)	non-cCRE	ULTRARARE	ins_6	65
HepG2_skew	[1.5,Inf)	non-cCRE	ULTRARARE	ins_7	34
HepG2_skew	[1.5,Inf)	non-cCRE	ULTRARARE	ins_8	39
HepG2_skew	[1.5,Inf)	non-cCRE	ULTRARARE	ins_9	6
HepG2_skew	[1.5,Inf)	pELS	COMMON	del_2	1
HepG2_skew	[1.5,Inf)	pELS	COMMON	ins_10plus	2
HepG2_skew	[1.5,Inf)	pELS	COMMON	ins_6	1
HepG2_skew	[1.5,Inf)	pELS	LOW_FREQ	del_1	1
HepG2_skew	[1.5,Inf)	pELS	LOW_FREQ	del_7	1
HepG2_skew	[1.5,Inf)	pELS	LOW_FREQ	ins_10plus	4
HepG2_skew	[1.5,Inf)	pELS	LOW_FREQ	ins_2	1
HepG2_skew	[1.5,Inf)	pELS	LOW_FREQ	ins_3	1
HepG2_skew	[1.5,Inf)	pELS	LOW_FREQ	ins_4	2
HepG2_skew	[1.5,Inf)	pELS	LOW_FREQ	ins_8	1
HepG2_skew	[1.5,Inf)	pELS	RARE	del_1	5
HepG2_skew	[1.5,Inf)	pELS	RARE	del_10plus	1
HepG2_skew	[1.5,Inf)	pELS	RARE	del_2	2
HepG2_skew	[1.5,Inf)	pELS	RARE	del_3	1
HepG2_skew	[1.5,Inf)	pELS	RARE	del_5	1
HepG2_skew	[1.5,Inf)	pELS	RARE	ins_1	2
HepG2_skew	[1.5,Inf)	pELS	RARE	ins_10plus	4
HepG2_skew	[1.5,Inf)	pELS	RARE	ins_2	1
HepG2_skew	[1.5,Inf)	pELS	RARE	ins_3	1
HepG2_skew	[1.5,Inf)	pELS	RARE	ins_4	1
HepG2_skew	[1.5,Inf)	pELS	RARE	ins_8	1
HepG2_skew	[1.5,Inf)	pELS	SINGLETON	del_1	39
HepG2_skew	[1.5,Inf)	pELS	SINGLETON	del_10plus	7
HepG2_skew	[1.5,Inf)	pELS	SINGLETON	del_2	15
HepG2_skew	[1.5,Inf)	pELS	SINGLETON	del_3	6
HepG2_skew	[1.5,Inf)	pELS	SINGLETON	del_4	3
HepG2_skew	[1.5,Inf)	pELS	SINGLETON	del_5	1
HepG2_skew	[1.5,Inf)	pELS	SINGLETON	del_6	5
HepG2_skew	[1.5,Inf)	pELS	SINGLETON	del_7	1
HepG2_skew	[1.5,Inf)	pELS	SINGLETON	del_8	2
HepG2_skew	[1.5,Inf)	pELS	SINGLETON	del_9	1
HepG2_skew	[1.5,Inf)	pELS	SINGLETON	ins_1	21
HepG2_skew	[1.5,Inf)	pELS	SINGLETON	ins_10plus	22
HepG2_skew	[1.5,Inf)	pELS	SINGLETON	ins_2	15
HepG2_skew	[1.5,Inf)	pELS	SINGLETON	ins_3	4
HepG2_skew	[1.5,Inf)	pELS	SINGLETON	ins_4	4
HepG2_skew	[1.5,Inf)	pELS	SINGLETON	ins_5	3
HepG2_skew	[1.5,Inf)	pELS	SINGLETON	ins_6	5
HepG2_skew	[1.5,Inf)	pELS	SINGLETON	ins_7	4
HepG2_skew	[1.5,Inf)	pELS	SINGLETON	ins_8	2
HepG2_skew	[1.5,Inf)	pELS	SINGLETON	ins_9	1
HepG2_skew	[1.5,Inf)	pELS	ULTRARARE	del_1	23
HepG2_skew	[1.5,Inf)	pELS	ULTRARARE	del_10plus	4
HepG2_skew	[1.5,Inf)	pELS	ULTRARARE	del_2	10
HepG2_skew	[1.5,Inf)	pELS	ULTRARARE	del_3	6
HepG2_skew	[1.5,Inf)	pELS	ULTRARARE	del_4	3
HepG2_skew	[1.5,Inf)	pELS	ULTRARARE	del_5	1
HepG2_skew	[1.5,Inf)	pELS	ULTRARARE	del_6	2
HepG2_skew	[1.5,Inf)	pELS	ULTRARARE	del_8	1
HepG2_skew	[1.5,Inf)	pELS	ULTRARARE	del_9	2
HepG2_skew	[1.5,Inf)	pELS	ULTRARARE	ins_1	13
HepG2_skew	[1.5,Inf)	pELS	ULTRARARE	ins_10plus	21
HepG2_skew	[1.5,Inf)	pELS	ULTRARARE	ins_2	9
HepG2_skew	[1.5,Inf)	pELS	ULTRARARE	ins_4	3
HepG2_skew	[1.5,Inf)	pELS	ULTRARARE	ins_5	3
HepG2_skew	[1.5,Inf)	pELS	ULTRARARE	ins_6	8
HepG2_skew	[1.5,Inf)	pELS	ULTRARARE	ins_7	1
HepG2_skew	[1.5,Inf)	pELS	ULTRARARE	ins_8	3
K562_skew	(-Inf,-1.5)	Other cCREs	COMMON	del_1	8
K562_skew	(-Inf,-1.5)	Other cCREs	COMMON	del_10plus	14
K562_skew	(-Inf,-1.5)	Other cCREs	COMMON	del_2	4
K562_skew	(-Inf,-1.5)	Other cCREs	COMMON	del_4	3
K562_skew	(-Inf,-1.5)	Other cCREs	COMMON	del_5	2
K562_skew	(-Inf,-1.5)	Other cCREs	COMMON	del_6	1
K562_skew	(-Inf,-1.5)	Other cCREs	COMMON	del_7	4
K562_skew	(-Inf,-1.5)	Other cCREs	COMMON	del_8	1
K562_skew	(-Inf,-1.5)	Other cCREs	COMMON	ins_1	5
K562_skew	(-Inf,-1.5)	Other cCREs	COMMON	ins_10plus	1
K562_skew	(-Inf,-1.5)	Other cCREs	COMMON	ins_2	1
K562_skew	(-Inf,-1.5)	Other cCREs	COMMON	ins_6	1
K562_skew	(-Inf,-1.5)	Other cCREs	LOW_FREQ	del_1	11
K562_skew	(-Inf,-1.5)	Other cCREs	LOW_FREQ	del_10plus	14
K562_skew	(-Inf,-1.5)	Other cCREs	LOW_FREQ	del_2	6
K562_skew	(-Inf,-1.5)	Other cCREs	LOW_FREQ	del_3	2
K562_skew	(-Inf,-1.5)	Other cCREs	LOW_FREQ	del_4	2
K562_skew	(-Inf,-1.5)	Other cCREs	LOW_FREQ	del_6	1
K562_skew	(-Inf,-1.5)	Other cCREs	LOW_FREQ	del_7	2
K562_skew	(-Inf,-1.5)	Other cCREs	LOW_FREQ	ins_1	2
K562_skew	(-Inf,-1.5)	Other cCREs	LOW_FREQ	ins_10plus	1
K562_skew	(-Inf,-1.5)	Other cCREs	LOW_FREQ	ins_2	3
K562_skew	(-Inf,-1.5)	Other cCREs	RARE	del_1	28
K562_skew	(-Inf,-1.5)	Other cCREs	RARE	del_10plus	29
K562_skew	(-Inf,-1.5)	Other cCREs	RARE	del_2	12
K562_skew	(-Inf,-1.5)	Other cCREs	RARE	del_3	6
K562_skew	(-Inf,-1.5)	Other cCREs	RARE	del_4	4
K562_skew	(-Inf,-1.5)	Other cCREs	RARE	del_5	7
K562_skew	(-Inf,-1.5)	Other cCREs	RARE	del_6	4
K562_skew	(-Inf,-1.5)	Other cCREs	RARE	del_7	1
K562_skew	(-Inf,-1.5)	Other cCREs	RARE	del_8	2
K562_skew	(-Inf,-1.5)	Other cCREs	RARE	del_9	2
K562_skew	(-Inf,-1.5)	Other cCREs	RARE	ins_1	7
K562_skew	(-Inf,-1.5)	Other cCREs	RARE	ins_10plus	2
K562_skew	(-Inf,-1.5)	Other cCREs	RARE	ins_2	4
K562_skew	(-Inf,-1.5)	Other cCREs	RARE	ins_4	2
K562_skew	(-Inf,-1.5)	Other cCREs	RARE	ins_9	1
K562_skew	(-Inf,-1.5)	Other cCREs	SINGLETON	del_1	379
K562_skew	(-Inf,-1.5)	Other cCREs	SINGLETON	del_10plus	184
K562_skew	(-Inf,-1.5)	Other cCREs	SINGLETON	del_2	73
K562_skew	(-Inf,-1.5)	Other cCREs	SINGLETON	del_3	51
K562_skew	(-Inf,-1.5)	Other cCREs	SINGLETON	del_4	46
K562_skew	(-Inf,-1.5)	Other cCREs	SINGLETON	del_5	29
K562_skew	(-Inf,-1.5)	Other cCREs	SINGLETON	del_6	28
K562_skew	(-Inf,-1.5)	Other cCREs	SINGLETON	del_7	19
K562_skew	(-Inf,-1.5)	Other cCREs	SINGLETON	del_8	27
K562_skew	(-Inf,-1.5)	Other cCREs	SINGLETON	del_9	17
K562_skew	(-Inf,-1.5)	Other cCREs	SINGLETON	ins_1	86
K562_skew	(-Inf,-1.5)	Other cCREs	SINGLETON	ins_10plus	9
K562_skew	(-Inf,-1.5)	Other cCREs	SINGLETON	ins_2	27
K562_skew	(-Inf,-1.5)	Other cCREs	SINGLETON	ins_3	10
K562_skew	(-Inf,-1.5)	Other cCREs	SINGLETON	ins_4	14
K562_skew	(-Inf,-1.5)	Other cCREs	SINGLETON	ins_5	11
K562_skew	(-Inf,-1.5)	Other cCREs	SINGLETON	ins_6	3
K562_skew	(-Inf,-1.5)	Other cCREs	SINGLETON	ins_7	1
K562_skew	(-Inf,-1.5)	Other cCREs	SINGLETON	ins_8	4
K562_skew	(-Inf,-1.5)	Other cCREs	SINGLETON	ins_9	3
K562_skew	(-Inf,-1.5)	Other cCREs	ULTRARARE	del_1	180
K562_skew	(-Inf,-1.5)	Other cCREs	ULTRARARE	del_10plus	125
K562_skew	(-Inf,-1.5)	Other cCREs	ULTRARARE	del_2	64
K562_skew	(-Inf,-1.5)	Other cCREs	ULTRARARE	del_3	39
K562_skew	(-Inf,-1.5)	Other cCREs	ULTRARARE	del_4	37
K562_skew	(-Inf,-1.5)	Other cCREs	ULTRARARE	del_5	17
K562_skew	(-Inf,-1.5)	Other cCREs	ULTRARARE	del_6	13
K562_skew	(-Inf,-1.5)	Other cCREs	ULTRARARE	del_7	16
K562_skew	(-Inf,-1.5)	Other cCREs	ULTRARARE	del_8	14
K562_skew	(-Inf,-1.5)	Other cCREs	ULTRARARE	del_9	6
K562_skew	(-Inf,-1.5)	Other cCREs	ULTRARARE	ins_1	50
K562_skew	(-Inf,-1.5)	Other cCREs	ULTRARARE	ins_10plus	7
K562_skew	(-Inf,-1.5)	Other cCREs	ULTRARARE	ins_2	22
K562_skew	(-Inf,-1.5)	Other cCREs	ULTRARARE	ins_3	13
K562_skew	(-Inf,-1.5)	Other cCREs	ULTRARARE	ins_4	10
K562_skew	(-Inf,-1.5)	Other cCREs	ULTRARARE	ins_5	4
K562_skew	(-Inf,-1.5)	Other cCREs	ULTRARARE	ins_6	1
K562_skew	(-Inf,-1.5)	Other cCREs	ULTRARARE	ins_7	1
K562_skew	(-Inf,-1.5)	Other cCREs	ULTRARARE	ins_9	3
K562_skew	(-Inf,-1.5)	PLS	COMMON	del_1	3
K562_skew	(-Inf,-1.5)	PLS	COMMON	del_10plus	2
K562_skew	(-Inf,-1.5)	PLS	COMMON	del_4	1
K562_skew	(-Inf,-1.5)	PLS	COMMON	ins_7	1
K562_skew	(-Inf,-1.5)	PLS	LOW_FREQ	del_1	1
K562_skew	(-Inf,-1.5)	PLS	LOW_FREQ	del_10plus	6
K562_skew	(-Inf,-1.5)	PLS	LOW_FREQ	del_2	1
K562_skew	(-Inf,-1.5)	PLS	RARE	del_1	12
K562_skew	(-Inf,-1.5)	PLS	RARE	del_10plus	14
K562_skew	(-Inf,-1.5)	PLS	RARE	del_2	1
K562_skew	(-Inf,-1.5)	PLS	RARE	del_3	2
K562_skew	(-Inf,-1.5)	PLS	RARE	del_4	4
K562_skew	(-Inf,-1.5)	PLS	RARE	del_5	2
K562_skew	(-Inf,-1.5)	PLS	RARE	del_6	1
K562_skew	(-Inf,-1.5)	PLS	RARE	del_7	2
K562_skew	(-Inf,-1.5)	PLS	RARE	ins_1	2
K562_skew	(-Inf,-1.5)	PLS	RARE	ins_2	1
K562_skew	(-Inf,-1.5)	PLS	RARE	ins_3	2
K562_skew	(-Inf,-1.5)	PLS	RARE	ins_6	1
K562_skew	(-Inf,-1.5)	PLS	SINGLETON	del_1	135
K562_skew	(-Inf,-1.5)	PLS	SINGLETON	del_10plus	106
K562_skew	(-Inf,-1.5)	PLS	SINGLETON	del_2	36
K562_skew	(-Inf,-1.5)	PLS	SINGLETON	del_3	19
K562_skew	(-Inf,-1.5)	PLS	SINGLETON	del_4	12
K562_skew	(-Inf,-1.5)	PLS	SINGLETON	del_5	12
K562_skew	(-Inf,-1.5)	PLS	SINGLETON	del_6	8
K562_skew	(-Inf,-1.5)	PLS	SINGLETON	del_7	8
K562_skew	(-Inf,-1.5)	PLS	SINGLETON	del_8	8
K562_skew	(-Inf,-1.5)	PLS	SINGLETON	del_9	13
K562_skew	(-Inf,-1.5)	PLS	SINGLETON	ins_1	39
K562_skew	(-Inf,-1.5)	PLS	SINGLETON	ins_10plus	5
K562_skew	(-Inf,-1.5)	PLS	SINGLETON	ins_2	15
K562_skew	(-Inf,-1.5)	PLS	SINGLETON	ins_3	5
K562_skew	(-Inf,-1.5)	PLS	SINGLETON	ins_4	6
K562_skew	(-Inf,-1.5)	PLS	SINGLETON	ins_5	4
K562_skew	(-Inf,-1.5)	PLS	SINGLETON	ins_6	3
K562_skew	(-Inf,-1.5)	PLS	SINGLETON	ins_7	3
K562_skew	(-Inf,-1.5)	PLS	ULTRARARE	del_1	59
K562_skew	(-Inf,-1.5)	PLS	ULTRARARE	del_10plus	77
K562_skew	(-Inf,-1.5)	PLS	ULTRARARE	del_2	7
K562_skew	(-Inf,-1.5)	PLS	ULTRARARE	del_3	12
K562_skew	(-Inf,-1.5)	PLS	ULTRARARE	del_4	14
K562_skew	(-Inf,-1.5)	PLS	ULTRARARE	del_5	7
K562_skew	(-Inf,-1.5)	PLS	ULTRARARE	del_6	9
K562_skew	(-Inf,-1.5)	PLS	ULTRARARE	del_7	3
K562_skew	(-Inf,-1.5)	PLS	ULTRARARE	del_8	7
K562_skew	(-Inf,-1.5)	PLS	ULTRARARE	del_9	4
K562_skew	(-Inf,-1.5)	PLS	ULTRARARE	ins_1	17
K562_skew	(-Inf,-1.5)	PLS	ULTRARARE	ins_10plus	1
K562_skew	(-Inf,-1.5)	PLS	ULTRARARE	ins_2	12
K562_skew	(-Inf,-1.5)	PLS	ULTRARARE	ins_3	4
K562_skew	(-Inf,-1.5)	PLS	ULTRARARE	ins_4	6
K562_skew	(-Inf,-1.5)	PLS	ULTRARARE	ins_7	3
K562_skew	(-Inf,-1.5)	PLS	ULTRARARE	ins_8	2
K562_skew	(-Inf,-1.5)	dELS	COMMON	del_1	20
K562_skew	(-Inf,-1.5)	dELS	COMMON	del_10plus	27
K562_skew	(-Inf,-1.5)	dELS	COMMON	del_2	7
K562_skew	(-Inf,-1.5)	dELS	COMMON	del_3	5
K562_skew	(-Inf,-1.5)	dELS	COMMON	del_4	7
K562_skew	(-Inf,-1.5)	dELS	COMMON	del_5	4
K562_skew	(-Inf,-1.5)	dELS	COMMON	del_6	7
K562_skew	(-Inf,-1.5)	dELS	COMMON	del_7	4
K562_skew	(-Inf,-1.5)	dELS	COMMON	del_8	3
K562_skew	(-Inf,-1.5)	dELS	COMMON	del_9	1
K562_skew	(-Inf,-1.5)	dELS	COMMON	ins_1	13
K562_skew	(-Inf,-1.5)	dELS	COMMON	ins_10plus	2
K562_skew	(-Inf,-1.5)	dELS	COMMON	ins_2	4
K562_skew	(-Inf,-1.5)	dELS	COMMON	ins_3	1
K562_skew	(-Inf,-1.5)	dELS	COMMON	ins_6	2
K562_skew	(-Inf,-1.5)	dELS	LOW_FREQ	del_1	30
K562_skew	(-Inf,-1.5)	dELS	LOW_FREQ	del_10plus	35
K562_skew	(-Inf,-1.5)	dELS	LOW_FREQ	del_2	9
K562_skew	(-Inf,-1.5)	dELS	LOW_FREQ	del_3	8
K562_skew	(-Inf,-1.5)	dELS	LOW_FREQ	del_4	6
K562_skew	(-Inf,-1.5)	dELS	LOW_FREQ	del_5	9
K562_skew	(-Inf,-1.5)	dELS	LOW_FREQ	del_6	3
K562_skew	(-Inf,-1.5)	dELS	LOW_FREQ	del_7	6
K562_skew	(-Inf,-1.5)	dELS	LOW_FREQ	del_8	8
K562_skew	(-Inf,-1.5)	dELS	LOW_FREQ	del_9	2
K562_skew	(-Inf,-1.5)	dELS	LOW_FREQ	ins_1	9
K562_skew	(-Inf,-1.5)	dELS	LOW_FREQ	ins_10plus	1
K562_skew	(-Inf,-1.5)	dELS	LOW_FREQ	ins_2	6
K562_skew	(-Inf,-1.5)	dELS	LOW_FREQ	ins_4	1
K562_skew	(-Inf,-1.5)	dELS	LOW_FREQ	ins_5	2
K562_skew	(-Inf,-1.5)	dELS	LOW_FREQ	ins_6	2
K562_skew	(-Inf,-1.5)	dELS	LOW_FREQ	ins_8	1
K562_skew	(-Inf,-1.5)	dELS	LOW_FREQ	ins_9	1
K562_skew	(-Inf,-1.5)	dELS	RARE	del_1	74
K562_skew	(-Inf,-1.5)	dELS	RARE	del_10plus	86
K562_skew	(-Inf,-1.5)	dELS	RARE	del_2	28
K562_skew	(-Inf,-1.5)	dELS	RARE	del_3	21
K562_skew	(-Inf,-1.5)	dELS	RARE	del_4	22
K562_skew	(-Inf,-1.5)	dELS	RARE	del_5	8
K562_skew	(-Inf,-1.5)	dELS	RARE	del_6	11
K562_skew	(-Inf,-1.5)	dELS	RARE	del_7	9
K562_skew	(-Inf,-1.5)	dELS	RARE	del_8	6
K562_skew	(-Inf,-1.5)	dELS	RARE	del_9	7
K562_skew	(-Inf,-1.5)	dELS	RARE	ins_1	24
K562_skew	(-Inf,-1.5)	dELS	RARE	ins_10plus	7
K562_skew	(-Inf,-1.5)	dELS	RARE	ins_2	11
K562_skew	(-Inf,-1.5)	dELS	RARE	ins_3	8
K562_skew	(-Inf,-1.5)	dELS	RARE	ins_4	4
K562_skew	(-Inf,-1.5)	dELS	RARE	ins_7	2
K562_skew	(-Inf,-1.5)	dELS	SINGLETON	del_1	1019
K562_skew	(-Inf,-1.5)	dELS	SINGLETON	del_10plus	533
K562_skew	(-Inf,-1.5)	dELS	SINGLETON	del_2	313
K562_skew	(-Inf,-1.5)	dELS	SINGLETON	del_3	205
K562_skew	(-Inf,-1.5)	dELS	SINGLETON	del_4	170
K562_skew	(-Inf,-1.5)	dELS	SINGLETON	del_5	118
K562_skew	(-Inf,-1.5)	dELS	SINGLETON	del_6	99
K562_skew	(-Inf,-1.5)	dELS	SINGLETON	del_7	60
K562_skew	(-Inf,-1.5)	dELS	SINGLETON	del_8	70
K562_skew	(-Inf,-1.5)	dELS	SINGLETON	del_9	59
K562_skew	(-Inf,-1.5)	dELS	SINGLETON	ins_1	319
K562_skew	(-Inf,-1.5)	dELS	SINGLETON	ins_10plus	31
K562_skew	(-Inf,-1.5)	dELS	SINGLETON	ins_2	104
K562_skew	(-Inf,-1.5)	dELS	SINGLETON	ins_3	49
K562_skew	(-Inf,-1.5)	dELS	SINGLETON	ins_4	45
K562_skew	(-Inf,-1.5)	dELS	SINGLETON	ins_5	24
K562_skew	(-Inf,-1.5)	dELS	SINGLETON	ins_6	21
K562_skew	(-Inf,-1.5)	dELS	SINGLETON	ins_7	5
K562_skew	(-Inf,-1.5)	dELS	SINGLETON	ins_8	8
K562_skew	(-Inf,-1.5)	dELS	SINGLETON	ins_9	8
K562_skew	(-Inf,-1.5)	dELS	ULTRARARE	del_1	574
K562_skew	(-Inf,-1.5)	dELS	ULTRARARE	del_10plus	353
K562_skew	(-Inf,-1.5)	dELS	ULTRARARE	del_2	187
K562_skew	(-Inf,-1.5)	dELS	ULTRARARE	del_3	145
K562_skew	(-Inf,-1.5)	dELS	ULTRARARE	del_4	83
K562_skew	(-Inf,-1.5)	dELS	ULTRARARE	del_5	52
K562_skew	(-Inf,-1.5)	dELS	ULTRARARE	del_6	58
K562_skew	(-Inf,-1.5)	dELS	ULTRARARE	del_7	37
K562_skew	(-Inf,-1.5)	dELS	ULTRARARE	del_8	33
K562_skew	(-Inf,-1.5)	dELS	ULTRARARE	del_9	31
K562_skew	(-Inf,-1.5)	dELS	ULTRARARE	ins_1	178
K562_skew	(-Inf,-1.5)	dELS	ULTRARARE	ins_10plus	29
K562_skew	(-Inf,-1.5)	dELS	ULTRARARE	ins_2	53
K562_skew	(-Inf,-1.5)	dELS	ULTRARARE	ins_3	31
K562_skew	(-Inf,-1.5)	dELS	ULTRARARE	ins_4	37
K562_skew	(-Inf,-1.5)	dELS	ULTRARARE	ins_5	15
K562_skew	(-Inf,-1.5)	dELS	ULTRARARE	ins_6	7
K562_skew	(-Inf,-1.5)	dELS	ULTRARARE	ins_7	3
K562_skew	(-Inf,-1.5)	dELS	ULTRARARE	ins_8	12
K562_skew	(-Inf,-1.5)	dELS	ULTRARARE	ins_9	4
K562_skew	(-Inf,-1.5)	non-cCRE	COMMON	del_1	31
K562_skew	(-Inf,-1.5)	non-cCRE	COMMON	del_10plus	36
K562_skew	(-Inf,-1.5)	non-cCRE	COMMON	del_2	10
K562_skew	(-Inf,-1.5)	non-cCRE	COMMON	del_3	2
K562_skew	(-Inf,-1.5)	non-cCRE	COMMON	del_4	9
K562_skew	(-Inf,-1.5)	non-cCRE	COMMON	del_5	1
K562_skew	(-Inf,-1.5)	non-cCRE	COMMON	del_6	8
K562_skew	(-Inf,-1.5)	non-cCRE	COMMON	del_7	1
K562_skew	(-Inf,-1.5)	non-cCRE	COMMON	del_8	2
K562_skew	(-Inf,-1.5)	non-cCRE	COMMON	del_9	2
K562_skew	(-Inf,-1.5)	non-cCRE	COMMON	ins_1	12
K562_skew	(-Inf,-1.5)	non-cCRE	COMMON	ins_10plus	3
K562_skew	(-Inf,-1.5)	non-cCRE	COMMON	ins_2	1
K562_skew	(-Inf,-1.5)	non-cCRE	COMMON	ins_3	10
K562_skew	(-Inf,-1.5)	non-cCRE	COMMON	ins_4	4
K562_skew	(-Inf,-1.5)	non-cCRE	COMMON	ins_5	2
K562_skew	(-Inf,-1.5)	non-cCRE	COMMON	ins_6	1
K562_skew	(-Inf,-1.5)	non-cCRE	COMMON	ins_9	1
K562_skew	(-Inf,-1.5)	non-cCRE	LOW_FREQ	del_1	31
K562_skew	(-Inf,-1.5)	non-cCRE	LOW_FREQ	del_10plus	38
K562_skew	(-Inf,-1.5)	non-cCRE	LOW_FREQ	del_2	8
K562_skew	(-Inf,-1.5)	non-cCRE	LOW_FREQ	del_3	10
K562_skew	(-Inf,-1.5)	non-cCRE	LOW_FREQ	del_4	6
K562_skew	(-Inf,-1.5)	non-cCRE	LOW_FREQ	del_5	3
K562_skew	(-Inf,-1.5)	non-cCRE	LOW_FREQ	del_6	4
K562_skew	(-Inf,-1.5)	non-cCRE	LOW_FREQ	del_7	5
K562_skew	(-Inf,-1.5)	non-cCRE	LOW_FREQ	del_8	1
K562_skew	(-Inf,-1.5)	non-cCRE	LOW_FREQ	ins_1	11
K562_skew	(-Inf,-1.5)	non-cCRE	LOW_FREQ	ins_10plus	3
K562_skew	(-Inf,-1.5)	non-cCRE	LOW_FREQ	ins_2	14
K562_skew	(-Inf,-1.5)	non-cCRE	LOW_FREQ	ins_3	4
K562_skew	(-Inf,-1.5)	non-cCRE	LOW_FREQ	ins_4	1
K562_skew	(-Inf,-1.5)	non-cCRE	LOW_FREQ	ins_5	2
K562_skew	(-Inf,-1.5)	non-cCRE	LOW_FREQ	ins_6	2
K562_skew	(-Inf,-1.5)	non-cCRE	RARE	del_1	101
K562_skew	(-Inf,-1.5)	non-cCRE	RARE	del_10plus	65
K562_skew	(-Inf,-1.5)	non-cCRE	RARE	del_2	25
K562_skew	(-Inf,-1.5)	non-cCRE	RARE	del_3	18
K562_skew	(-Inf,-1.5)	non-cCRE	RARE	del_4	17
K562_skew	(-Inf,-1.5)	non-cCRE	RARE	del_5	7
K562_skew	(-Inf,-1.5)	non-cCRE	RARE	del_6	9
K562_skew	(-Inf,-1.5)	non-cCRE	RARE	del_7	2
K562_skew	(-Inf,-1.5)	non-cCRE	RARE	del_8	6
K562_skew	(-Inf,-1.5)	non-cCRE	RARE	del_9	7
K562_skew	(-Inf,-1.5)	non-cCRE	RARE	ins_1	27
K562_skew	(-Inf,-1.5)	non-cCRE	RARE	ins_10plus	7
K562_skew	(-Inf,-1.5)	non-cCRE	RARE	ins_2	13
K562_skew	(-Inf,-1.5)	non-cCRE	RARE	ins_3	5
K562_skew	(-Inf,-1.5)	non-cCRE	RARE	ins_4	11
K562_skew	(-Inf,-1.5)	non-cCRE	RARE	ins_5	1
K562_skew	(-Inf,-1.5)	non-cCRE	RARE	ins_6	2
K562_skew	(-Inf,-1.5)	non-cCRE	RARE	ins_7	2
K562_skew	(-Inf,-1.5)	non-cCRE	RARE	ins_8	2
K562_skew	(-Inf,-1.5)	non-cCRE	RARE	ins_9	1
K562_skew	(-Inf,-1.5)	non-cCRE	SINGLETON	del_1	1135
K562_skew	(-Inf,-1.5)	non-cCRE	SINGLETON	del_10plus	544
K562_skew	(-Inf,-1.5)	non-cCRE	SINGLETON	del_2	239
K562_skew	(-Inf,-1.5)	non-cCRE	SINGLETON	del_3	220
K562_skew	(-Inf,-1.5)	non-cCRE	SINGLETON	del_4	139
K562_skew	(-Inf,-1.5)	non-cCRE	SINGLETON	del_5	97
K562_skew	(-Inf,-1.5)	non-cCRE	SINGLETON	del_6	106
K562_skew	(-Inf,-1.5)	non-cCRE	SINGLETON	del_7	76
K562_skew	(-Inf,-1.5)	non-cCRE	SINGLETON	del_8	65
K562_skew	(-Inf,-1.5)	non-cCRE	SINGLETON	del_9	65
K562_skew	(-Inf,-1.5)	non-cCRE	SINGLETON	ins_1	288
K562_skew	(-Inf,-1.5)	non-cCRE	SINGLETON	ins_10plus	34
K562_skew	(-Inf,-1.5)	non-cCRE	SINGLETON	ins_2	163
K562_skew	(-Inf,-1.5)	non-cCRE	SINGLETON	ins_3	64
K562_skew	(-Inf,-1.5)	non-cCRE	SINGLETON	ins_4	67
K562_skew	(-Inf,-1.5)	non-cCRE	SINGLETON	ins_5	25
K562_skew	(-Inf,-1.5)	non-cCRE	SINGLETON	ins_6	12
K562_skew	(-Inf,-1.5)	non-cCRE	SINGLETON	ins_7	10
K562_skew	(-Inf,-1.5)	non-cCRE	SINGLETON	ins_8	5
K562_skew	(-Inf,-1.5)	non-cCRE	SINGLETON	ins_9	14
K562_skew	(-Inf,-1.5)	non-cCRE	ULTRARARE	del_1	602
K562_skew	(-Inf,-1.5)	non-cCRE	ULTRARARE	del_10plus	327
K562_skew	(-Inf,-1.5)	non-cCRE	ULTRARARE	del_2	135
K562_skew	(-Inf,-1.5)	non-cCRE	ULTRARARE	del_3	127
K562_skew	(-Inf,-1.5)	non-cCRE	ULTRARARE	del_4	87
K562_skew	(-Inf,-1.5)	non-cCRE	ULTRARARE	del_5	65
K562_skew	(-Inf,-1.5)	non-cCRE	ULTRARARE	del_6	73
K562_skew	(-Inf,-1.5)	non-cCRE	ULTRARARE	del_7	33
K562_skew	(-Inf,-1.5)	non-cCRE	ULTRARARE	del_8	38
K562_skew	(-Inf,-1.5)	non-cCRE	ULTRARARE	del_9	29
K562_skew	(-Inf,-1.5)	non-cCRE	ULTRARARE	ins_1	156
K562_skew	(-Inf,-1.5)	non-cCRE	ULTRARARE	ins_10plus	24
K562_skew	(-Inf,-1.5)	non-cCRE	ULTRARARE	ins_2	114
K562_skew	(-Inf,-1.5)	non-cCRE	ULTRARARE	ins_3	36
K562_skew	(-Inf,-1.5)	non-cCRE	ULTRARARE	ins_4	31
K562_skew	(-Inf,-1.5)	non-cCRE	ULTRARARE	ins_5	11
K562_skew	(-Inf,-1.5)	non-cCRE	ULTRARARE	ins_6	15
K562_skew	(-Inf,-1.5)	non-cCRE	ULTRARARE	ins_7	3
K562_skew	(-Inf,-1.5)	non-cCRE	ULTRARARE	ins_8	5
K562_skew	(-Inf,-1.5)	non-cCRE	ULTRARARE	ins_9	2
K562_skew	(-Inf,-1.5)	pELS	COMMON	del_1	1
K562_skew	(-Inf,-1.5)	pELS	COMMON	del_10plus	4
K562_skew	(-Inf,-1.5)	pELS	COMMON	del_2	2
K562_skew	(-Inf,-1.5)	pELS	COMMON	del_3	2
K562_skew	(-Inf,-1.5)	pELS	COMMON	del_7	1
K562_skew	(-Inf,-1.5)	pELS	COMMON	ins_1	2
K562_skew	(-Inf,-1.5)	pELS	COMMON	ins_10plus	1
K562_skew	(-Inf,-1.5)	pELS	COMMON	ins_4	1
K562_skew	(-Inf,-1.5)	pELS	LOW_FREQ	del_1	4
K562_skew	(-Inf,-1.5)	pELS	LOW_FREQ	del_10plus	7
K562_skew	(-Inf,-1.5)	pELS	LOW_FREQ	del_2	3
K562_skew	(-Inf,-1.5)	pELS	LOW_FREQ	del_3	1
K562_skew	(-Inf,-1.5)	pELS	LOW_FREQ	del_6	2
K562_skew	(-Inf,-1.5)	pELS	LOW_FREQ	del_8	1
K562_skew	(-Inf,-1.5)	pELS	LOW_FREQ	del_9	2
K562_skew	(-Inf,-1.5)	pELS	LOW_FREQ	ins_1	1
K562_skew	(-Inf,-1.5)	pELS	LOW_FREQ	ins_3	1
K562_skew	(-Inf,-1.5)	pELS	LOW_FREQ	ins_4	1
K562_skew	(-Inf,-1.5)	pELS	RARE	del_1	15
K562_skew	(-Inf,-1.5)	pELS	RARE	del_10plus	16
K562_skew	(-Inf,-1.5)	pELS	RARE	del_2	4
K562_skew	(-Inf,-1.5)	pELS	RARE	del_3	5
K562_skew	(-Inf,-1.5)	pELS	RARE	del_4	3
K562_skew	(-Inf,-1.5)	pELS	RARE	del_5	3
K562_skew	(-Inf,-1.5)	pELS	RARE	del_7	1
K562_skew	(-Inf,-1.5)	pELS	RARE	del_9	1
K562_skew	(-Inf,-1.5)	pELS	RARE	ins_1	5
K562_skew	(-Inf,-1.5)	pELS	RARE	ins_10plus	2
K562_skew	(-Inf,-1.5)	pELS	RARE	ins_2	2
K562_skew	(-Inf,-1.5)	pELS	RARE	ins_4	2
K562_skew	(-Inf,-1.5)	pELS	RARE	ins_5	1
K562_skew	(-Inf,-1.5)	pELS	SINGLETON	del_1	154
K562_skew	(-Inf,-1.5)	pELS	SINGLETON	del_10plus	120
K562_skew	(-Inf,-1.5)	pELS	SINGLETON	del_2	58
K562_skew	(-Inf,-1.5)	pELS	SINGLETON	del_3	42
K562_skew	(-Inf,-1.5)	pELS	SINGLETON	del_4	28
K562_skew	(-Inf,-1.5)	pELS	SINGLETON	del_5	21
K562_skew	(-Inf,-1.5)	pELS	SINGLETON	del_6	15
K562_skew	(-Inf,-1.5)	pELS	SINGLETON	del_7	13
K562_skew	(-Inf,-1.5)	pELS	SINGLETON	del_8	15
K562_skew	(-Inf,-1.5)	pELS	SINGLETON	del_9	11
K562_skew	(-Inf,-1.5)	pELS	SINGLETON	ins_1	75
K562_skew	(-Inf,-1.5)	pELS	SINGLETON	ins_10plus	7
K562_skew	(-Inf,-1.5)	pELS	SINGLETON	ins_2	16
K562_skew	(-Inf,-1.5)	pELS	SINGLETON	ins_3	13
K562_skew	(-Inf,-1.5)	pELS	SINGLETON	ins_4	17
K562_skew	(-Inf,-1.5)	pELS	SINGLETON	ins_5	6
K562_skew	(-Inf,-1.5)	pELS	SINGLETON	ins_6	2
K562_skew	(-Inf,-1.5)	pELS	SINGLETON	ins_7	1
K562_skew	(-Inf,-1.5)	pELS	SINGLETON	ins_8	1
K562_skew	(-Inf,-1.5)	pELS	SINGLETON	ins_9	4
K562_skew	(-Inf,-1.5)	pELS	ULTRARARE	del_1	93
K562_skew	(-Inf,-1.5)	pELS	ULTRARARE	del_10plus	81
K562_skew	(-Inf,-1.5)	pELS	ULTRARARE	del_2	32
K562_skew	(-Inf,-1.5)	pELS	ULTRARARE	del_3	24
K562_skew	(-Inf,-1.5)	pELS	ULTRARARE	del_4	16
K562_skew	(-Inf,-1.5)	pELS	ULTRARARE	del_5	13
K562_skew	(-Inf,-1.5)	pELS	ULTRARARE	del_6	11
K562_skew	(-Inf,-1.5)	pELS	ULTRARARE	del_7	6
K562_skew	(-Inf,-1.5)	pELS	ULTRARARE	del_8	7
K562_skew	(-Inf,-1.5)	pELS	ULTRARARE	del_9	12
K562_skew	(-Inf,-1.5)	pELS	ULTRARARE	ins_1	41
K562_skew	(-Inf,-1.5)	pELS	ULTRARARE	ins_10plus	5
K562_skew	(-Inf,-1.5)	pELS	ULTRARARE	ins_2	11
K562_skew	(-Inf,-1.5)	pELS	ULTRARARE	ins_3	7
K562_skew	(-Inf,-1.5)	pELS	ULTRARARE	ins_4	3
K562_skew	(-Inf,-1.5)	pELS	ULTRARARE	ins_6	2
K562_skew	(-Inf,-1.5)	pELS	ULTRARARE	ins_8	1
K562_skew	(-Inf,-1.5)	pELS	ULTRARARE	ins_9	1
K562_skew	[-0.05,0.05)	Other cCREs	COMMON	del_1	21256
K562_skew	[-0.05,0.05)	Other cCREs	COMMON	del_10plus	3160
K562_skew	[-0.05,0.05)	Other cCREs	COMMON	del_2	12365
K562_skew	[-0.05,0.05)	Other cCREs	COMMON	del_3	3724
K562_skew	[-0.05,0.05)	Other cCREs	COMMON	del_4	10492
K562_skew	[-0.05,0.05)	Other cCREs	COMMON	del_5	1403
K562_skew	[-0.05,0.05)	Other cCREs	COMMON	del_6	2058
K562_skew	[-0.05,0.05)	Other cCREs	COMMON	del_7	513
K562_skew	[-0.05,0.05)	Other cCREs	COMMON	del_8	3064
K562_skew	[-0.05,0.05)	Other cCREs	COMMON	del_9	364
K562_skew	[-0.05,0.05)	Other cCREs	COMMON	ins_1	23426
K562_skew	[-0.05,0.05)	Other cCREs	COMMON	ins_10plus	2532
K562_skew	[-0.05,0.05)	Other cCREs	COMMON	ins_2	12923
K562_skew	[-0.05,0.05)	Other cCREs	COMMON	ins_3	3035
K562_skew	[-0.05,0.05)	Other cCREs	COMMON	ins_4	9899
K562_skew	[-0.05,0.05)	Other cCREs	COMMON	ins_5	1259
K562_skew	[-0.05,0.05)	Other cCREs	COMMON	ins_6	2348
K562_skew	[-0.05,0.05)	Other cCREs	COMMON	ins_7	497
K562_skew	[-0.05,0.05)	Other cCREs	COMMON	ins_8	3151
K562_skew	[-0.05,0.05)	Other cCREs	COMMON	ins_9	356
K562_skew	[-0.05,0.05)	Other cCREs	LOW_FREQ	del_1	18614
K562_skew	[-0.05,0.05)	Other cCREs	LOW_FREQ	del_10plus	3397
K562_skew	[-0.05,0.05)	Other cCREs	LOW_FREQ	del_2	10753
K562_skew	[-0.05,0.05)	Other cCREs	LOW_FREQ	del_3	4580
K562_skew	[-0.05,0.05)	Other cCREs	LOW_FREQ	del_4	7531
K562_skew	[-0.05,0.05)	Other cCREs	LOW_FREQ	del_5	1704
K562_skew	[-0.05,0.05)	Other cCREs	LOW_FREQ	del_6	1787
K562_skew	[-0.05,0.05)	Other cCREs	LOW_FREQ	del_7	724
K562_skew	[-0.05,0.05)	Other cCREs	LOW_FREQ	del_8	1993
K562_skew	[-0.05,0.05)	Other cCREs	LOW_FREQ	del_9	491
K562_skew	[-0.05,0.05)	Other cCREs	LOW_FREQ	ins_1	17108
K562_skew	[-0.05,0.05)	Other cCREs	LOW_FREQ	ins_10plus	3809
K562_skew	[-0.05,0.05)	Other cCREs	LOW_FREQ	ins_2	8907
K562_skew	[-0.05,0.05)	Other cCREs	LOW_FREQ	ins_3	3152
K562_skew	[-0.05,0.05)	Other cCREs	LOW_FREQ	ins_4	5436
K562_skew	[-0.05,0.05)	Other cCREs	LOW_FREQ	ins_5	1438
K562_skew	[-0.05,0.05)	Other cCREs	LOW_FREQ	ins_6	2203
K562_skew	[-0.05,0.05)	Other cCREs	LOW_FREQ	ins_7	746
K562_skew	[-0.05,0.05)	Other cCREs	LOW_FREQ	ins_8	2526
K562_skew	[-0.05,0.05)	Other cCREs	LOW_FREQ	ins_9	550
K562_skew	[-0.05,0.05)	Other cCREs	RARE	del_1	34972
K562_skew	[-0.05,0.05)	Other cCREs	RARE	del_10plus	6016
K562_skew	[-0.05,0.05)	Other cCREs	RARE	del_2	23105
K562_skew	[-0.05,0.05)	Other cCREs	RARE	del_3	10771
K562_skew	[-0.05,0.05)	Other cCREs	RARE	del_4	15557
K562_skew	[-0.05,0.05)	Other cCREs	RARE	del_5	3968
K562_skew	[-0.05,0.05)	Other cCREs	RARE	del_6	3378
K562_skew	[-0.05,0.05)	Other cCREs	RARE	del_7	1634
K562_skew	[-0.05,0.05)	Other cCREs	RARE	del_8	2870
K562_skew	[-0.05,0.05)	Other cCREs	RARE	del_9	1077
K562_skew	[-0.05,0.05)	Other cCREs	RARE	ins_1	28833
K562_skew	[-0.05,0.05)	Other cCREs	RARE	ins_10plus	6375
K562_skew	[-0.05,0.05)	Other cCREs	RARE	ins_2	13224
K562_skew	[-0.05,0.05)	Other cCREs	RARE	ins_3	5306
K562_skew	[-0.05,0.05)	Other cCREs	RARE	ins_4	8385
K562_skew	[-0.05,0.05)	Other cCREs	RARE	ins_5	2806
K562_skew	[-0.05,0.05)	Other cCREs	RARE	ins_6	3304
K562_skew	[-0.05,0.05)	Other cCREs	RARE	ins_7	1625
K562_skew	[-0.05,0.05)	Other cCREs	RARE	ins_8	3427
K562_skew	[-0.05,0.05)	Other cCREs	RARE	ins_9	1107
K562_skew	[-0.05,0.05)	Other cCREs	SINGLETON	del_1	276287
K562_skew	[-0.05,0.05)	Other cCREs	SINGLETON	del_10plus	22673
K562_skew	[-0.05,0.05)	Other cCREs	SINGLETON	del_2	113070
K562_skew	[-0.05,0.05)	Other cCREs	SINGLETON	del_3	59915
K562_skew	[-0.05,0.05)	Other cCREs	SINGLETON	del_4	57976
K562_skew	[-0.05,0.05)	Other cCREs	SINGLETON	del_5	21291
K562_skew	[-0.05,0.05)	Other cCREs	SINGLETON	del_6	13193
K562_skew	[-0.05,0.05)	Other cCREs	SINGLETON	del_7	8083
K562_skew	[-0.05,0.05)	Other cCREs	SINGLETON	del_8	8230
K562_skew	[-0.05,0.05)	Other cCREs	SINGLETON	del_9	5654
K562_skew	[-0.05,0.05)	Other cCREs	SINGLETON	ins_1	140203
K562_skew	[-0.05,0.05)	Other cCREs	SINGLETON	ins_10plus	17224
K562_skew	[-0.05,0.05)	Other cCREs	SINGLETON	ins_2	41853
K562_skew	[-0.05,0.05)	Other cCREs	SINGLETON	ins_3	19623
K562_skew	[-0.05,0.05)	Other cCREs	SINGLETON	ins_4	28543
K562_skew	[-0.05,0.05)	Other cCREs	SINGLETON	ins_5	9607
K562_skew	[-0.05,0.05)	Other cCREs	SINGLETON	ins_6	8839
K562_skew	[-0.05,0.05)	Other cCREs	SINGLETON	ins_7	5596
K562_skew	[-0.05,0.05)	Other cCREs	SINGLETON	ins_8	9331
K562_skew	[-0.05,0.05)	Other cCREs	SINGLETON	ins_9	4152
K562_skew	[-0.05,0.05)	Other cCREs	ULTRARARE	del_1	168273
K562_skew	[-0.05,0.05)	Other cCREs	ULTRARARE	del_10plus	18366
K562_skew	[-0.05,0.05)	Other cCREs	ULTRARARE	del_2	88033
K562_skew	[-0.05,0.05)	Other cCREs	ULTRARARE	del_3	47958
K562_skew	[-0.05,0.05)	Other cCREs	ULTRARARE	del_4	56269
K562_skew	[-0.05,0.05)	Other cCREs	ULTRARARE	del_5	16949
K562_skew	[-0.05,0.05)	Other cCREs	ULTRARARE	del_6	10653
K562_skew	[-0.05,0.05)	Other cCREs	ULTRARARE	del_7	5577
K562_skew	[-0.05,0.05)	Other cCREs	ULTRARARE	del_8	7239
K562_skew	[-0.05,0.05)	Other cCREs	ULTRARARE	del_9	4025
K562_skew	[-0.05,0.05)	Other cCREs	ULTRARARE	ins_1	105729
K562_skew	[-0.05,0.05)	Other cCREs	ULTRARARE	ins_10plus	14385
K562_skew	[-0.05,0.05)	Other cCREs	ULTRARARE	ins_2	34629
K562_skew	[-0.05,0.05)	Other cCREs	ULTRARARE	ins_3	14692
K562_skew	[-0.05,0.05)	Other cCREs	ULTRARARE	ins_4	22430
K562_skew	[-0.05,0.05)	Other cCREs	ULTRARARE	ins_5	7706
K562_skew	[-0.05,0.05)	Other cCREs	ULTRARARE	ins_6	7579
K562_skew	[-0.05,0.05)	Other cCREs	ULTRARARE	ins_7	4446
K562_skew	[-0.05,0.05)	Other cCREs	ULTRARARE	ins_8	7734
K562_skew	[-0.05,0.05)	Other cCREs	ULTRARARE	ins_9	3135
K562_skew	[-0.05,0.05)	PLS	COMMON	del_1	755
K562_skew	[-0.05,0.05)	PLS	COMMON	del_10plus	92
K562_skew	[-0.05,0.05)	PLS	COMMON	del_2	393
K562_skew	[-0.05,0.05)	PLS	COMMON	del_3	118
K562_skew	[-0.05,0.05)	PLS	COMMON	del_4	169
K562_skew	[-0.05,0.05)	PLS	COMMON	del_5	34
K562_skew	[-0.05,0.05)	PLS	COMMON	del_6	65
K562_skew	[-0.05,0.05)	PLS	COMMON	del_7	13
K562_skew	[-0.05,0.05)	PLS	COMMON	del_8	35
K562_skew	[-0.05,0.05)	PLS	COMMON	del_9	21
K562_skew	[-0.05,0.05)	PLS	COMMON	ins_1	897
K562_skew	[-0.05,0.05)	PLS	COMMON	ins_10plus	90
K562_skew	[-0.05,0.05)	PLS	COMMON	ins_2	466
K562_skew	[-0.05,0.05)	PLS	COMMON	ins_3	145
K562_skew	[-0.05,0.05)	PLS	COMMON	ins_4	163
K562_skew	[-0.05,0.05)	PLS	COMMON	ins_5	44
K562_skew	[-0.05,0.05)	PLS	COMMON	ins_6	121
K562_skew	[-0.05,0.05)	PLS	COMMON	ins_7	27
K562_skew	[-0.05,0.05)	PLS	COMMON	ins_8	41
K562_skew	[-0.05,0.05)	PLS	COMMON	ins_9	24
K562_skew	[-0.05,0.05)	PLS	LOW_FREQ	del_1	636
K562_skew	[-0.05,0.05)	PLS	LOW_FREQ	del_10plus	109
K562_skew	[-0.05,0.05)	PLS	LOW_FREQ	del_2	319
K562_skew	[-0.05,0.05)	PLS	LOW_FREQ	del_3	128
K562_skew	[-0.05,0.05)	PLS	LOW_FREQ	del_4	152
K562_skew	[-0.05,0.05)	PLS	LOW_FREQ	del_5	40
K562_skew	[-0.05,0.05)	PLS	LOW_FREQ	del_6	65
K562_skew	[-0.05,0.05)	PLS	LOW_FREQ	del_7	19
K562_skew	[-0.05,0.05)	PLS	LOW_FREQ	del_8	38
K562_skew	[-0.05,0.05)	PLS	LOW_FREQ	del_9	18
K562_skew	[-0.05,0.05)	PLS	LOW_FREQ	ins_1	689
K562_skew	[-0.05,0.05)	PLS	LOW_FREQ	ins_10plus	152
K562_skew	[-0.05,0.05)	PLS	LOW_FREQ	ins_2	321
K562_skew	[-0.05,0.05)	PLS	LOW_FREQ	ins_3	177
K562_skew	[-0.05,0.05)	PLS	LOW_FREQ	ins_4	152
K562_skew	[-0.05,0.05)	PLS	LOW_FREQ	ins_5	77
K562_skew	[-0.05,0.05)	PLS	LOW_FREQ	ins_6	130
K562_skew	[-0.05,0.05)	PLS	LOW_FREQ	ins_7	35
K562_skew	[-0.05,0.05)	PLS	LOW_FREQ	ins_8	45
K562_skew	[-0.05,0.05)	PLS	LOW_FREQ	ins_9	42
K562_skew	[-0.05,0.05)	PLS	RARE	del_1	1356
K562_skew	[-0.05,0.05)	PLS	RARE	del_10plus	227
K562_skew	[-0.05,0.05)	PLS	RARE	del_2	676
K562_skew	[-0.05,0.05)	PLS	RARE	del_3	340
K562_skew	[-0.05,0.05)	PLS	RARE	del_4	330
K562_skew	[-0.05,0.05)	PLS	RARE	del_5	104
K562_skew	[-0.05,0.05)	PLS	RARE	del_6	124
K562_skew	[-0.05,0.05)	PLS	RARE	del_7	50
K562_skew	[-0.05,0.05)	PLS	RARE	del_8	79
K562_skew	[-0.05,0.05)	PLS	RARE	del_9	62
K562_skew	[-0.05,0.05)	PLS	RARE	ins_1	1315
K562_skew	[-0.05,0.05)	PLS	RARE	ins_10plus	320
K562_skew	[-0.05,0.05)	PLS	RARE	ins_2	478
K562_skew	[-0.05,0.05)	PLS	RARE	ins_3	291
K562_skew	[-0.05,0.05)	PLS	RARE	ins_4	239
K562_skew	[-0.05,0.05)	PLS	RARE	ins_5	140
K562_skew	[-0.05,0.05)	PLS	RARE	ins_6	185
K562_skew	[-0.05,0.05)	PLS	RARE	ins_7	80
K562_skew	[-0.05,0.05)	PLS	RARE	ins_8	94
K562_skew	[-0.05,0.05)	PLS	RARE	ins_9	83
K562_skew	[-0.05,0.05)	PLS	SINGLETON	del_1	10847
K562_skew	[-0.05,0.05)	PLS	SINGLETON	del_10plus	1159
K562_skew	[-0.05,0.05)	PLS	SINGLETON	del_2	4043
K562_skew	[-0.05,0.05)	PLS	SINGLETON	del_3	2004
K562_skew	[-0.05,0.05)	PLS	SINGLETON	del_4	1596
K562_skew	[-0.05,0.05)	PLS	SINGLETON	del_5	614
K562_skew	[-0.05,0.05)	PLS	SINGLETON	del_6	482
K562_skew	[-0.05,0.05)	PLS	SINGLETON	del_7	336
K562_skew	[-0.05,0.05)	PLS	SINGLETON	del_8	311
K562_skew	[-0.05,0.05)	PLS	SINGLETON	del_9	268
K562_skew	[-0.05,0.05)	PLS	SINGLETON	ins_1	7107
K562_skew	[-0.05,0.05)	PLS	SINGLETON	ins_10plus	1175
K562_skew	[-0.05,0.05)	PLS	SINGLETON	ins_2	2009
K562_skew	[-0.05,0.05)	PLS	SINGLETON	ins_3	1020
K562_skew	[-0.05,0.05)	PLS	SINGLETON	ins_4	1004
K562_skew	[-0.05,0.05)	PLS	SINGLETON	ins_5	590
K562_skew	[-0.05,0.05)	PLS	SINGLETON	ins_6	583
K562_skew	[-0.05,0.05)	PLS	SINGLETON	ins_7	365
K562_skew	[-0.05,0.05)	PLS	SINGLETON	ins_8	340
K562_skew	[-0.05,0.05)	PLS	SINGLETON	ins_9	230
K562_skew	[-0.05,0.05)	PLS	ULTRARARE	del_1	6783
K562_skew	[-0.05,0.05)	PLS	ULTRARARE	del_10plus	762
K562_skew	[-0.05,0.05)	PLS	ULTRARARE	del_2	3099
K562_skew	[-0.05,0.05)	PLS	ULTRARARE	del_3	1540
K562_skew	[-0.05,0.05)	PLS	ULTRARARE	del_4	1314
K562_skew	[-0.05,0.05)	PLS	ULTRARARE	del_5	453
K562_skew	[-0.05,0.05)	PLS	ULTRARARE	del_6	359
K562_skew	[-0.05,0.05)	PLS	ULTRARARE	del_7	192
K562_skew	[-0.05,0.05)	PLS	ULTRARARE	del_8	240
K562_skew	[-0.05,0.05)	PLS	ULTRARARE	del_9	170
K562_skew	[-0.05,0.05)	PLS	ULTRARARE	ins_1	5301
K562_skew	[-0.05,0.05)	PLS	ULTRARARE	ins_10plus	997
K562_skew	[-0.05,0.05)	PLS	ULTRARARE	ins_2	1418
K562_skew	[-0.05,0.05)	PLS	ULTRARARE	ins_3	798
K562_skew	[-0.05,0.05)	PLS	ULTRARARE	ins_4	750
K562_skew	[-0.05,0.05)	PLS	ULTRARARE	ins_5	461
K562_skew	[-0.05,0.05)	PLS	ULTRARARE	ins_6	547
K562_skew	[-0.05,0.05)	PLS	ULTRARARE	ins_7	241
K562_skew	[-0.05,0.05)	PLS	ULTRARARE	ins_8	244
K562_skew	[-0.05,0.05)	PLS	ULTRARARE	ins_9	205
K562_skew	[-0.05,0.05)	dELS	COMMON	del_1	46415
K562_skew	[-0.05,0.05)	dELS	COMMON	del_10plus	4110
K562_skew	[-0.05,0.05)	dELS	COMMON	del_2	25696
K562_skew	[-0.05,0.05)	dELS	COMMON	del_3	6544
K562_skew	[-0.05,0.05)	dELS	COMMON	del_4	12374
K562_skew	[-0.05,0.05)	dELS	COMMON	del_5	2315
K562_skew	[-0.05,0.05)	dELS	COMMON	del_6	4256
K562_skew	[-0.05,0.05)	dELS	COMMON	del_7	907
K562_skew	[-0.05,0.05)	dELS	COMMON	del_8	2432
K562_skew	[-0.05,0.05)	dELS	COMMON	del_9	633
K562_skew	[-0.05,0.05)	dELS	COMMON	ins_1	52478
K562_skew	[-0.05,0.05)	dELS	COMMON	ins_10plus	3721
K562_skew	[-0.05,0.05)	dELS	COMMON	ins_2	28006
K562_skew	[-0.05,0.05)	dELS	COMMON	ins_3	5655
K562_skew	[-0.05,0.05)	dELS	COMMON	ins_4	12029
K562_skew	[-0.05,0.05)	dELS	COMMON	ins_5	2083
K562_skew	[-0.05,0.05)	dELS	COMMON	ins_6	5083
K562_skew	[-0.05,0.05)	dELS	COMMON	ins_7	825
K562_skew	[-0.05,0.05)	dELS	COMMON	ins_8	2711
K562_skew	[-0.05,0.05)	dELS	COMMON	ins_9	584
K562_skew	[-0.05,0.05)	dELS	LOW_FREQ	del_1	40865
K562_skew	[-0.05,0.05)	dELS	LOW_FREQ	del_10plus	4559
K562_skew	[-0.05,0.05)	dELS	LOW_FREQ	del_2	21931
K562_skew	[-0.05,0.05)	dELS	LOW_FREQ	del_3	8315
K562_skew	[-0.05,0.05)	dELS	LOW_FREQ	del_4	11225
K562_skew	[-0.05,0.05)	dELS	LOW_FREQ	del_5	2911
K562_skew	[-0.05,0.05)	dELS	LOW_FREQ	del_6	3430
K562_skew	[-0.05,0.05)	dELS	LOW_FREQ	del_7	1169
K562_skew	[-0.05,0.05)	dELS	LOW_FREQ	del_8	2008
K562_skew	[-0.05,0.05)	dELS	LOW_FREQ	del_9	792
K562_skew	[-0.05,0.05)	dELS	LOW_FREQ	ins_1	38177
K562_skew	[-0.05,0.05)	dELS	LOW_FREQ	ins_10plus	5304
K562_skew	[-0.05,0.05)	dELS	LOW_FREQ	ins_2	18908
K562_skew	[-0.05,0.05)	dELS	LOW_FREQ	ins_3	5829
K562_skew	[-0.05,0.05)	dELS	LOW_FREQ	ins_4	8790
K562_skew	[-0.05,0.05)	dELS	LOW_FREQ	ins_5	2747
K562_skew	[-0.05,0.05)	dELS	LOW_FREQ	ins_6	4515
K562_skew	[-0.05,0.05)	dELS	LOW_FREQ	ins_7	1267
K562_skew	[-0.05,0.05)	dELS	LOW_FREQ	ins_8	2742
K562_skew	[-0.05,0.05)	dELS	LOW_FREQ	ins_9	846
K562_skew	[-0.05,0.05)	dELS	RARE	del_1	75232
K562_skew	[-0.05,0.05)	dELS	RARE	del_10plus	9257
K562_skew	[-0.05,0.05)	dELS	RARE	del_2	47801
K562_skew	[-0.05,0.05)	dELS	RARE	del_3	20258
K562_skew	[-0.05,0.05)	dELS	RARE	del_4	24233
K562_skew	[-0.05,0.05)	dELS	RARE	del_5	7020
K562_skew	[-0.05,0.05)	dELS	RARE	del_6	6028
K562_skew	[-0.05,0.05)	dELS	RARE	del_7	2981
K562_skew	[-0.05,0.05)	dELS	RARE	del_8	3593
K562_skew	[-0.05,0.05)	dELS	RARE	del_9	1809
K562_skew	[-0.05,0.05)	dELS	RARE	ins_1	64593
K562_skew	[-0.05,0.05)	dELS	RARE	ins_10plus	9410
K562_skew	[-0.05,0.05)	dELS	RARE	ins_2	27355
K562_skew	[-0.05,0.05)	dELS	RARE	ins_3	9998
K562_skew	[-0.05,0.05)	dELS	RARE	ins_4	13363
K562_skew	[-0.05,0.05)	dELS	RARE	ins_5	5404
K562_skew	[-0.05,0.05)	dELS	RARE	ins_6	6526
K562_skew	[-0.05,0.05)	dELS	RARE	ins_7	2866
K562_skew	[-0.05,0.05)	dELS	RARE	ins_8	4223
K562_skew	[-0.05,0.05)	dELS	RARE	ins_9	1906
K562_skew	[-0.05,0.05)	dELS	SINGLETON	del_1	642330
K562_skew	[-0.05,0.05)	dELS	SINGLETON	del_10plus	46907
K562_skew	[-0.05,0.05)	dELS	SINGLETON	del_2	274079
K562_skew	[-0.05,0.05)	dELS	SINGLETON	del_3	133328
K562_skew	[-0.05,0.05)	dELS	SINGLETON	del_4	121374
K562_skew	[-0.05,0.05)	dELS	SINGLETON	del_5	44558
K562_skew	[-0.05,0.05)	dELS	SINGLETON	del_6	27052
K562_skew	[-0.05,0.05)	dELS	SINGLETON	del_7	17676
K562_skew	[-0.05,0.05)	dELS	SINGLETON	del_8	16153
K562_skew	[-0.05,0.05)	dELS	SINGLETON	del_9	12213
K562_skew	[-0.05,0.05)	dELS	SINGLETON	ins_1	347283
K562_skew	[-0.05,0.05)	dELS	SINGLETON	ins_10plus	29713
K562_skew	[-0.05,0.05)	dELS	SINGLETON	ins_2	95595
K562_skew	[-0.05,0.05)	dELS	SINGLETON	ins_3	43202
K562_skew	[-0.05,0.05)	dELS	SINGLETON	ins_4	52957
K562_skew	[-0.05,0.05)	dELS	SINGLETON	ins_5	20258
K562_skew	[-0.05,0.05)	dELS	SINGLETON	ins_6	17957
K562_skew	[-0.05,0.05)	dELS	SINGLETON	ins_7	11535
K562_skew	[-0.05,0.05)	dELS	SINGLETON	ins_8	14469
K562_skew	[-0.05,0.05)	dELS	SINGLETON	ins_9	7898
K562_skew	[-0.05,0.05)	dELS	ULTRARARE	del_1	381292
K562_skew	[-0.05,0.05)	dELS	ULTRARARE	del_10plus	33142
K562_skew	[-0.05,0.05)	dELS	ULTRARARE	del_2	201439
K562_skew	[-0.05,0.05)	dELS	ULTRARARE	del_3	102191
K562_skew	[-0.05,0.05)	dELS	ULTRARARE	del_4	105842
K562_skew	[-0.05,0.05)	dELS	ULTRARARE	del_5	32585
K562_skew	[-0.05,0.05)	dELS	ULTRARARE	del_6	20484
K562_skew	[-0.05,0.05)	dELS	ULTRARARE	del_7	11483
K562_skew	[-0.05,0.05)	dELS	ULTRARARE	del_8	11721
K562_skew	[-0.05,0.05)	dELS	ULTRARARE	del_9	7588
K562_skew	[-0.05,0.05)	dELS	ULTRARARE	ins_1	250488
K562_skew	[-0.05,0.05)	dELS	ULTRARARE	ins_10plus	22527
K562_skew	[-0.05,0.05)	dELS	ULTRARARE	ins_2	74639
K562_skew	[-0.05,0.05)	dELS	ULTRARARE	ins_3	30603
K562_skew	[-0.05,0.05)	dELS	ULTRARARE	ins_4	38500
K562_skew	[-0.05,0.05)	dELS	ULTRARARE	ins_5	15669
K562_skew	[-0.05,0.05)	dELS	ULTRARARE	ins_6	15411
K562_skew	[-0.05,0.05)	dELS	ULTRARARE	ins_7	8654
K562_skew	[-0.05,0.05)	dELS	ULTRARARE	ins_8	10842
K562_skew	[-0.05,0.05)	dELS	ULTRARARE	ins_9	5640
K562_skew	[-0.05,0.05)	non-cCRE	COMMON	del_1	414339
K562_skew	[-0.05,0.05)	non-cCRE	COMMON	del_10plus	35074
K562_skew	[-0.05,0.05)	non-cCRE	COMMON	del_2	200565
K562_skew	[-0.05,0.05)	non-cCRE	COMMON	del_3	63631
K562_skew	[-0.05,0.05)	non-cCRE	COMMON	del_4	114390
K562_skew	[-0.05,0.05)	non-cCRE	COMMON	del_5	28496
K562_skew	[-0.05,0.05)	non-cCRE	COMMON	del_6	34810
K562_skew	[-0.05,0.05)	non-cCRE	COMMON	del_7	8051
K562_skew	[-0.05,0.05)	non-cCRE	COMMON	del_8	22342
K562_skew	[-0.05,0.05)	non-cCRE	COMMON	del_9	6508
K562_skew	[-0.05,0.05)	non-cCRE	COMMON	ins_1	465555
K562_skew	[-0.05,0.05)	non-cCRE	COMMON	ins_10plus	34170
K562_skew	[-0.05,0.05)	non-cCRE	COMMON	ins_2	229466
K562_skew	[-0.05,0.05)	non-cCRE	COMMON	ins_3	57566
K562_skew	[-0.05,0.05)	non-cCRE	COMMON	ins_4	108608
K562_skew	[-0.05,0.05)	non-cCRE	COMMON	ins_5	24330
K562_skew	[-0.05,0.05)	non-cCRE	COMMON	ins_6	41014
K562_skew	[-0.05,0.05)	non-cCRE	COMMON	ins_7	7420
K562_skew	[-0.05,0.05)	non-cCRE	COMMON	ins_8	26392
K562_skew	[-0.05,0.05)	non-cCRE	COMMON	ins_9	6858
K562_skew	[-0.05,0.05)	non-cCRE	LOW_FREQ	del_1	348312
K562_skew	[-0.05,0.05)	non-cCRE	LOW_FREQ	del_10plus	38983
K562_skew	[-0.05,0.05)	non-cCRE	LOW_FREQ	del_2	170822
K562_skew	[-0.05,0.05)	non-cCRE	LOW_FREQ	del_3	74534
K562_skew	[-0.05,0.05)	non-cCRE	LOW_FREQ	del_4	107300
K562_skew	[-0.05,0.05)	non-cCRE	LOW_FREQ	del_5	33608
K562_skew	[-0.05,0.05)	non-cCRE	LOW_FREQ	del_6	31003
K562_skew	[-0.05,0.05)	non-cCRE	LOW_FREQ	del_7	11084
K562_skew	[-0.05,0.05)	non-cCRE	LOW_FREQ	del_8	19784
K562_skew	[-0.05,0.05)	non-cCRE	LOW_FREQ	del_9	7362
K562_skew	[-0.05,0.05)	non-cCRE	LOW_FREQ	ins_1	333120
K562_skew	[-0.05,0.05)	non-cCRE	LOW_FREQ	ins_10plus	55513
K562_skew	[-0.05,0.05)	non-cCRE	LOW_FREQ	ins_2	173477
K562_skew	[-0.05,0.05)	non-cCRE	LOW_FREQ	ins_3	57283
K562_skew	[-0.05,0.05)	non-cCRE	LOW_FREQ	ins_4	85778
K562_skew	[-0.05,0.05)	non-cCRE	LOW_FREQ	ins_5	27394
K562_skew	[-0.05,0.05)	non-cCRE	LOW_FREQ	ins_6	43363
K562_skew	[-0.05,0.05)	non-cCRE	LOW_FREQ	ins_7	12674
K562_skew	[-0.05,0.05)	non-cCRE	LOW_FREQ	ins_8	30345
K562_skew	[-0.05,0.05)	non-cCRE	LOW_FREQ	ins_9	10306
K562_skew	[-0.05,0.05)	non-cCRE	RARE	del_1	634695
K562_skew	[-0.05,0.05)	non-cCRE	RARE	del_10plus	75351
K562_skew	[-0.05,0.05)	non-cCRE	RARE	del_2	359520
K562_skew	[-0.05,0.05)	non-cCRE	RARE	del_3	173743
K562_skew	[-0.05,0.05)	non-cCRE	RARE	del_4	233899
K562_skew	[-0.05,0.05)	non-cCRE	RARE	del_5	79661
K562_skew	[-0.05,0.05)	non-cCRE	RARE	del_6	57222
K562_skew	[-0.05,0.05)	non-cCRE	RARE	del_7	25331
K562_skew	[-0.05,0.05)	non-cCRE	RARE	del_8	34563
K562_skew	[-0.05,0.05)	non-cCRE	RARE	del_9	16017
K562_skew	[-0.05,0.05)	non-cCRE	RARE	ins_1	550502
K562_skew	[-0.05,0.05)	non-cCRE	RARE	ins_10plus	105760
K562_skew	[-0.05,0.05)	non-cCRE	RARE	ins_2	254687
K562_skew	[-0.05,0.05)	non-cCRE	RARE	ins_3	93328
K562_skew	[-0.05,0.05)	non-cCRE	RARE	ins_4	131329
K562_skew	[-0.05,0.05)	non-cCRE	RARE	ins_5	52820
K562_skew	[-0.05,0.05)	non-cCRE	RARE	ins_6	65998
K562_skew	[-0.05,0.05)	non-cCRE	RARE	ins_7	28578
K562_skew	[-0.05,0.05)	non-cCRE	RARE	ins_8	47895
K562_skew	[-0.05,0.05)	non-cCRE	RARE	ins_9	21236
K562_skew	[-0.05,0.05)	non-cCRE	SINGLETON	del_1	4622413
K562_skew	[-0.05,0.05)	non-cCRE	SINGLETON	del_10plus	296254
K562_skew	[-0.05,0.05)	non-cCRE	SINGLETON	del_2	1756241
K562_skew	[-0.05,0.05)	non-cCRE	SINGLETON	del_3	999590
K562_skew	[-0.05,0.05)	non-cCRE	SINGLETON	del_4	998331
K562_skew	[-0.05,0.05)	non-cCRE	SINGLETON	del_5	418239
K562_skew	[-0.05,0.05)	non-cCRE	SINGLETON	del_6	229211
K562_skew	[-0.05,0.05)	non-cCRE	SINGLETON	del_7	123975
K562_skew	[-0.05,0.05)	non-cCRE	SINGLETON	del_8	114544
K562_skew	[-0.05,0.05)	non-cCRE	SINGLETON	del_9	81525
K562_skew	[-0.05,0.05)	non-cCRE	SINGLETON	ins_1	2380185
K562_skew	[-0.05,0.05)	non-cCRE	SINGLETON	ins_10plus	262556
K562_skew	[-0.05,0.05)	non-cCRE	SINGLETON	ins_2	693501
K562_skew	[-0.05,0.05)	non-cCRE	SINGLETON	ins_3	313325
K562_skew	[-0.05,0.05)	non-cCRE	SINGLETON	ins_4	398726
K562_skew	[-0.05,0.05)	non-cCRE	SINGLETON	ins_5	159455
K562_skew	[-0.05,0.05)	non-cCRE	SINGLETON	ins_6	152456
K562_skew	[-0.05,0.05)	non-cCRE	SINGLETON	ins_7	90250
K562_skew	[-0.05,0.05)	non-cCRE	SINGLETON	ins_8	125671
K562_skew	[-0.05,0.05)	non-cCRE	SINGLETON	ins_9	67273
K562_skew	[-0.05,0.05)	non-cCRE	ULTRARARE	del_1	2912894
K562_skew	[-0.05,0.05)	non-cCRE	ULTRARARE	del_10plus	229205
K562_skew	[-0.05,0.05)	non-cCRE	ULTRARARE	del_2	1352038
K562_skew	[-0.05,0.05)	non-cCRE	ULTRARARE	del_3	800047
K562_skew	[-0.05,0.05)	non-cCRE	ULTRARARE	del_4	942915
K562_skew	[-0.05,0.05)	non-cCRE	ULTRARARE	del_5	344650
K562_skew	[-0.05,0.05)	non-cCRE	ULTRARARE	del_6	187839
K562_skew	[-0.05,0.05)	non-cCRE	ULTRARARE	del_7	87588
K562_skew	[-0.05,0.05)	non-cCRE	ULTRARARE	del_8	95354
K562_skew	[-0.05,0.05)	non-cCRE	ULTRARARE	del_9	57121
K562_skew	[-0.05,0.05)	non-cCRE	ULTRARARE	ins_1	1917269
K562_skew	[-0.05,0.05)	non-cCRE	ULTRARARE	ins_10plus	219339
K562_skew	[-0.05,0.05)	non-cCRE	ULTRARARE	ins_2	601746
K562_skew	[-0.05,0.05)	non-cCRE	ULTRARARE	ins_3	245862
K562_skew	[-0.05,0.05)	non-cCRE	ULTRARARE	ins_4	325709
K562_skew	[-0.05,0.05)	non-cCRE	ULTRARARE	ins_5	132560
K562_skew	[-0.05,0.05)	non-cCRE	ULTRARARE	ins_6	137552
K562_skew	[-0.05,0.05)	non-cCRE	ULTRARARE	ins_7	71823
K562_skew	[-0.05,0.05)	non-cCRE	ULTRARARE	ins_8	103523
K562_skew	[-0.05,0.05)	non-cCRE	ULTRARARE	ins_9	52567
K562_skew	[-0.05,0.05)	pELS	COMMON	del_1	6785
K562_skew	[-0.05,0.05)	pELS	COMMON	del_10plus	638
K562_skew	[-0.05,0.05)	pELS	COMMON	del_2	4179
K562_skew	[-0.05,0.05)	pELS	COMMON	del_3	1031
K562_skew	[-0.05,0.05)	pELS	COMMON	del_4	1905
K562_skew	[-0.05,0.05)	pELS	COMMON	del_5	386
K562_skew	[-0.05,0.05)	pELS	COMMON	del_6	654
K562_skew	[-0.05,0.05)	pELS	COMMON	del_7	159
K562_skew	[-0.05,0.05)	pELS	COMMON	del_8	358
K562_skew	[-0.05,0.05)	pELS	COMMON	del_9	94
K562_skew	[-0.05,0.05)	pELS	COMMON	ins_1	8182
K562_skew	[-0.05,0.05)	pELS	COMMON	ins_10plus	576
K562_skew	[-0.05,0.05)	pELS	COMMON	ins_2	4570
K562_skew	[-0.05,0.05)	pELS	COMMON	ins_3	998
K562_skew	[-0.05,0.05)	pELS	COMMON	ins_4	1933
K562_skew	[-0.05,0.05)	pELS	COMMON	ins_5	353
K562_skew	[-0.05,0.05)	pELS	COMMON	ins_6	838
K562_skew	[-0.05,0.05)	pELS	COMMON	ins_7	152
K562_skew	[-0.05,0.05)	pELS	COMMON	ins_8	390
K562_skew	[-0.05,0.05)	pELS	COMMON	ins_9	101
K562_skew	[-0.05,0.05)	pELS	LOW_FREQ	del_1	5943
K562_skew	[-0.05,0.05)	pELS	LOW_FREQ	del_10plus	743
K562_skew	[-0.05,0.05)	pELS	LOW_FREQ	del_2	3504
K562_skew	[-0.05,0.05)	pELS	LOW_FREQ	del_3	1340
K562_skew	[-0.05,0.05)	pELS	LOW_FREQ	del_4	1884
K562_skew	[-0.05,0.05)	pELS	LOW_FREQ	del_5	459
K562_skew	[-0.05,0.05)	pELS	LOW_FREQ	del_6	543
K562_skew	[-0.05,0.05)	pELS	LOW_FREQ	del_7	191
K562_skew	[-0.05,0.05)	pELS	LOW_FREQ	del_8	312
K562_skew	[-0.05,0.05)	pELS	LOW_FREQ	del_9	131
K562_skew	[-0.05,0.05)	pELS	LOW_FREQ	ins_1	5944
K562_skew	[-0.05,0.05)	pELS	LOW_FREQ	ins_10plus	873
K562_skew	[-0.05,0.05)	pELS	LOW_FREQ	ins_2	2998
K562_skew	[-0.05,0.05)	pELS	LOW_FREQ	ins_3	1052
K562_skew	[-0.05,0.05)	pELS	LOW_FREQ	ins_4	1367
K562_skew	[-0.05,0.05)	pELS	LOW_FREQ	ins_5	451
K562_skew	[-0.05,0.05)	pELS	LOW_FREQ	ins_6	726
K562_skew	[-0.05,0.05)	pELS	LOW_FREQ	ins_7	229
K562_skew	[-0.05,0.05)	pELS	LOW_FREQ	ins_8	429
K562_skew	[-0.05,0.05)	pELS	LOW_FREQ	ins_9	144
K562_skew	[-0.05,0.05)	pELS	RARE	del_1	10905
K562_skew	[-0.05,0.05)	pELS	RARE	del_10plus	1440
K562_skew	[-0.05,0.05)	pELS	RARE	del_2	7785
K562_skew	[-0.05,0.05)	pELS	RARE	del_3	3488
K562_skew	[-0.05,0.05)	pELS	RARE	del_4	4104
K562_skew	[-0.05,0.05)	pELS	RARE	del_5	1152
K562_skew	[-0.05,0.05)	pELS	RARE	del_6	1020
K562_skew	[-0.05,0.05)	pELS	RARE	del_7	513
K562_skew	[-0.05,0.05)	pELS	RARE	del_8	601
K562_skew	[-0.05,0.05)	pELS	RARE	del_9	344
K562_skew	[-0.05,0.05)	pELS	RARE	ins_1	10186
K562_skew	[-0.05,0.05)	pELS	RARE	ins_10plus	1523
K562_skew	[-0.05,0.05)	pELS	RARE	ins_2	4343
K562_skew	[-0.05,0.05)	pELS	RARE	ins_3	1779
K562_skew	[-0.05,0.05)	pELS	RARE	ins_4	2236
K562_skew	[-0.05,0.05)	pELS	RARE	ins_5	921
K562_skew	[-0.05,0.05)	pELS	RARE	ins_6	1086
K562_skew	[-0.05,0.05)	pELS	RARE	ins_7	492
K562_skew	[-0.05,0.05)	pELS	RARE	ins_8	631
K562_skew	[-0.05,0.05)	pELS	RARE	ins_9	333
K562_skew	[-0.05,0.05)	pELS	SINGLETON	del_1	89945
K562_skew	[-0.05,0.05)	pELS	SINGLETON	del_10plus	7742
K562_skew	[-0.05,0.05)	pELS	SINGLETON	del_2	42789
K562_skew	[-0.05,0.05)	pELS	SINGLETON	del_3	20722
K562_skew	[-0.05,0.05)	pELS	SINGLETON	del_4	18386
K562_skew	[-0.05,0.05)	pELS	SINGLETON	del_5	7023
K562_skew	[-0.05,0.05)	pELS	SINGLETON	del_6	4270
K562_skew	[-0.05,0.05)	pELS	SINGLETON	del_7	2793
K562_skew	[-0.05,0.05)	pELS	SINGLETON	del_8	2559
K562_skew	[-0.05,0.05)	pELS	SINGLETON	del_9	1891
K562_skew	[-0.05,0.05)	pELS	SINGLETON	ins_1	56729
K562_skew	[-0.05,0.05)	pELS	SINGLETON	ins_10plus	5109
K562_skew	[-0.05,0.05)	pELS	SINGLETON	ins_2	14804
K562_skew	[-0.05,0.05)	pELS	SINGLETON	ins_3	7024
K562_skew	[-0.05,0.05)	pELS	SINGLETON	ins_4	8034
K562_skew	[-0.05,0.05)	pELS	SINGLETON	ins_5	3026
K562_skew	[-0.05,0.05)	pELS	SINGLETON	ins_6	2805
K562_skew	[-0.05,0.05)	pELS	SINGLETON	ins_7	1883
K562_skew	[-0.05,0.05)	pELS	SINGLETON	ins_8	2165
K562_skew	[-0.05,0.05)	pELS	SINGLETON	ins_9	1266
K562_skew	[-0.05,0.05)	pELS	ULTRARARE	del_1	53637
K562_skew	[-0.05,0.05)	pELS	ULTRARARE	del_10plus	5426
K562_skew	[-0.05,0.05)	pELS	ULTRARARE	del_2	32953
K562_skew	[-0.05,0.05)	pELS	ULTRARARE	del_3	16558
K562_skew	[-0.05,0.05)	pELS	ULTRARARE	del_4	17108
K562_skew	[-0.05,0.05)	pELS	ULTRARARE	del_5	5160
K562_skew	[-0.05,0.05)	pELS	ULTRARARE	del_6	3291
K562_skew	[-0.05,0.05)	pELS	ULTRARARE	del_7	1887
K562_skew	[-0.05,0.05)	pELS	ULTRARARE	del_8	1953
K562_skew	[-0.05,0.05)	pELS	ULTRARARE	del_9	1225
K562_skew	[-0.05,0.05)	pELS	ULTRARARE	ins_1	40683
K562_skew	[-0.05,0.05)	pELS	ULTRARARE	ins_10plus	3897
K562_skew	[-0.05,0.05)	pELS	ULTRARARE	ins_2	11823
K562_skew	[-0.05,0.05)	pELS	ULTRARARE	ins_3	5002
K562_skew	[-0.05,0.05)	pELS	ULTRARARE	ins_4	6089
K562_skew	[-0.05,0.05)	pELS	ULTRARARE	ins_5	2493
K562_skew	[-0.05,0.05)	pELS	ULTRARARE	ins_6	2614
K562_skew	[-0.05,0.05)	pELS	ULTRARARE	ins_7	1476
K562_skew	[-0.05,0.05)	pELS	ULTRARARE	ins_8	1705
K562_skew	[-0.05,0.05)	pELS	ULTRARARE	ins_9	911
K562_skew	[-0.2,-0.05)	Other cCREs	COMMON	del_1	5750
K562_skew	[-0.2,-0.05)	Other cCREs	COMMON	del_10plus	3342
K562_skew	[-0.2,-0.05)	Other cCREs	COMMON	del_2	1739
K562_skew	[-0.2,-0.05)	Other cCREs	COMMON	del_3	1389
K562_skew	[-0.2,-0.05)	Other cCREs	COMMON	del_4	1506
K562_skew	[-0.2,-0.05)	Other cCREs	COMMON	del_5	350
K562_skew	[-0.2,-0.05)	Other cCREs	COMMON	del_6	799
K562_skew	[-0.2,-0.05)	Other cCREs	COMMON	del_7	161
K562_skew	[-0.2,-0.05)	Other cCREs	COMMON	del_8	1747
K562_skew	[-0.2,-0.05)	Other cCREs	COMMON	del_9	133
K562_skew	[-0.2,-0.05)	Other cCREs	COMMON	ins_1	1772
K562_skew	[-0.2,-0.05)	Other cCREs	COMMON	ins_10plus	1799
K562_skew	[-0.2,-0.05)	Other cCREs	COMMON	ins_2	629
K562_skew	[-0.2,-0.05)	Other cCREs	COMMON	ins_3	473
K562_skew	[-0.2,-0.05)	Other cCREs	COMMON	ins_4	940
K562_skew	[-0.2,-0.05)	Other cCREs	COMMON	ins_5	310
K562_skew	[-0.2,-0.05)	Other cCREs	COMMON	ins_6	395
K562_skew	[-0.2,-0.05)	Other cCREs	COMMON	ins_7	140
K562_skew	[-0.2,-0.05)	Other cCREs	COMMON	ins_8	371
K562_skew	[-0.2,-0.05)	Other cCREs	COMMON	ins_9	113
K562_skew	[-0.2,-0.05)	Other cCREs	LOW_FREQ	del_1	5105
K562_skew	[-0.2,-0.05)	Other cCREs	LOW_FREQ	del_10plus	3521
K562_skew	[-0.2,-0.05)	Other cCREs	LOW_FREQ	del_2	1674
K562_skew	[-0.2,-0.05)	Other cCREs	LOW_FREQ	del_3	1629
K562_skew	[-0.2,-0.05)	Other cCREs	LOW_FREQ	del_4	1362
K562_skew	[-0.2,-0.05)	Other cCREs	LOW_FREQ	del_5	401
K562_skew	[-0.2,-0.05)	Other cCREs	LOW_FREQ	del_6	620
K562_skew	[-0.2,-0.05)	Other cCREs	LOW_FREQ	del_7	222
K562_skew	[-0.2,-0.05)	Other cCREs	LOW_FREQ	del_8	1281
K562_skew	[-0.2,-0.05)	Other cCREs	LOW_FREQ	del_9	161
K562_skew	[-0.2,-0.05)	Other cCREs	LOW_FREQ	ins_1	1581
K562_skew	[-0.2,-0.05)	Other cCREs	LOW_FREQ	ins_10plus	2455
K562_skew	[-0.2,-0.05)	Other cCREs	LOW_FREQ	ins_2	625
K562_skew	[-0.2,-0.05)	Other cCREs	LOW_FREQ	ins_3	436
K562_skew	[-0.2,-0.05)	Other cCREs	LOW_FREQ	ins_4	907
K562_skew	[-0.2,-0.05)	Other cCREs	LOW_FREQ	ins_5	404
K562_skew	[-0.2,-0.05)	Other cCREs	LOW_FREQ	ins_6	544
K562_skew	[-0.2,-0.05)	Other cCREs	LOW_FREQ	ins_7	258
K562_skew	[-0.2,-0.05)	Other cCREs	LOW_FREQ	ins_8	367
K562_skew	[-0.2,-0.05)	Other cCREs	LOW_FREQ	ins_9	246
K562_skew	[-0.2,-0.05)	Other cCREs	RARE	del_1	9196
K562_skew	[-0.2,-0.05)	Other cCREs	RARE	del_10plus	5808
K562_skew	[-0.2,-0.05)	Other cCREs	RARE	del_2	4090
K562_skew	[-0.2,-0.05)	Other cCREs	RARE	del_3	3911
K562_skew	[-0.2,-0.05)	Other cCREs	RARE	del_4	3154
K562_skew	[-0.2,-0.05)	Other cCREs	RARE	del_5	886
K562_skew	[-0.2,-0.05)	Other cCREs	RARE	del_6	1078
K562_skew	[-0.2,-0.05)	Other cCREs	RARE	del_7	571
K562_skew	[-0.2,-0.05)	Other cCREs	RARE	del_8	1672
K562_skew	[-0.2,-0.05)	Other cCREs	RARE	del_9	399
K562_skew	[-0.2,-0.05)	Other cCREs	RARE	ins_1	3357
K562_skew	[-0.2,-0.05)	Other cCREs	RARE	ins_10plus	4192
K562_skew	[-0.2,-0.05)	Other cCREs	RARE	ins_2	1265
K562_skew	[-0.2,-0.05)	Other cCREs	RARE	ins_3	761
K562_skew	[-0.2,-0.05)	Other cCREs	RARE	ins_4	1606
K562_skew	[-0.2,-0.05)	Other cCREs	RARE	ins_5	777
K562_skew	[-0.2,-0.05)	Other cCREs	RARE	ins_6	973
K562_skew	[-0.2,-0.05)	Other cCREs	RARE	ins_7	537
K562_skew	[-0.2,-0.05)	Other cCREs	RARE	ins_8	634
K562_skew	[-0.2,-0.05)	Other cCREs	RARE	ins_9	463
K562_skew	[-0.2,-0.05)	Other cCREs	SINGLETON	del_1	68945
K562_skew	[-0.2,-0.05)	Other cCREs	SINGLETON	del_10plus	12569
K562_skew	[-0.2,-0.05)	Other cCREs	SINGLETON	del_2	18828
K562_skew	[-0.2,-0.05)	Other cCREs	SINGLETON	del_3	22362
K562_skew	[-0.2,-0.05)	Other cCREs	SINGLETON	del_4	13899
K562_skew	[-0.2,-0.05)	Other cCREs	SINGLETON	del_5	6132
K562_skew	[-0.2,-0.05)	Other cCREs	SINGLETON	del_6	3570
K562_skew	[-0.2,-0.05)	Other cCREs	SINGLETON	del_7	2578
K562_skew	[-0.2,-0.05)	Other cCREs	SINGLETON	del_8	3501
K562_skew	[-0.2,-0.05)	Other cCREs	SINGLETON	del_9	1956
K562_skew	[-0.2,-0.05)	Other cCREs	SINGLETON	ins_1	22749
K562_skew	[-0.2,-0.05)	Other cCREs	SINGLETON	ins_10plus	12330
K562_skew	[-0.2,-0.05)	Other cCREs	SINGLETON	ins_2	6760
K562_skew	[-0.2,-0.05)	Other cCREs	SINGLETON	ins_3	3862
K562_skew	[-0.2,-0.05)	Other cCREs	SINGLETON	ins_4	6684
K562_skew	[-0.2,-0.05)	Other cCREs	SINGLETON	ins_5	3004
K562_skew	[-0.2,-0.05)	Other cCREs	SINGLETON	ins_6	3375
K562_skew	[-0.2,-0.05)	Other cCREs	SINGLETON	ins_7	1972
K562_skew	[-0.2,-0.05)	Other cCREs	SINGLETON	ins_8	2201
K562_skew	[-0.2,-0.05)	Other cCREs	SINGLETON	ins_9	1916
K562_skew	[-0.2,-0.05)	Other cCREs	ULTRARARE	del_1	42702
K562_skew	[-0.2,-0.05)	Other cCREs	ULTRARARE	del_10plus	12282
K562_skew	[-0.2,-0.05)	Other cCREs	ULTRARARE	del_2	14552
K562_skew	[-0.2,-0.05)	Other cCREs	ULTRARARE	del_3	17796
K562_skew	[-0.2,-0.05)	Other cCREs	ULTRARARE	del_4	12780
K562_skew	[-0.2,-0.05)	Other cCREs	ULTRARARE	del_5	4545
K562_skew	[-0.2,-0.05)	Other cCREs	ULTRARARE	del_6	3029
K562_skew	[-0.2,-0.05)	Other cCREs	ULTRARARE	del_7	2059
K562_skew	[-0.2,-0.05)	Other cCREs	ULTRARARE	del_8	3622
K562_skew	[-0.2,-0.05)	Other cCREs	ULTRARARE	del_9	1370
K562_skew	[-0.2,-0.05)	Other cCREs	ULTRARARE	ins_1	14678
K562_skew	[-0.2,-0.05)	Other cCREs	ULTRARARE	ins_10plus	9813
K562_skew	[-0.2,-0.05)	Other cCREs	ULTRARARE	ins_2	4532
K562_skew	[-0.2,-0.05)	Other cCREs	ULTRARARE	ins_3	2713
K562_skew	[-0.2,-0.05)	Other cCREs	ULTRARARE	ins_4	4900
K562_skew	[-0.2,-0.05)	Other cCREs	ULTRARARE	ins_5	2309
K562_skew	[-0.2,-0.05)	Other cCREs	ULTRARARE	ins_6	2619
K562_skew	[-0.2,-0.05)	Other cCREs	ULTRARARE	ins_7	1497
K562_skew	[-0.2,-0.05)	Other cCREs	ULTRARARE	ins_8	1658
K562_skew	[-0.2,-0.05)	Other cCREs	ULTRARARE	ins_9	1374
K562_skew	[-0.2,-0.05)	PLS	COMMON	del_1	314
K562_skew	[-0.2,-0.05)	PLS	COMMON	del_10plus	128
K562_skew	[-0.2,-0.05)	PLS	COMMON	del_2	76
K562_skew	[-0.2,-0.05)	PLS	COMMON	del_3	46
K562_skew	[-0.2,-0.05)	PLS	COMMON	del_4	47
K562_skew	[-0.2,-0.05)	PLS	COMMON	del_5	24
K562_skew	[-0.2,-0.05)	PLS	COMMON	del_6	45
K562_skew	[-0.2,-0.05)	PLS	COMMON	del_7	12
K562_skew	[-0.2,-0.05)	PLS	COMMON	del_8	45
K562_skew	[-0.2,-0.05)	PLS	COMMON	del_9	14
K562_skew	[-0.2,-0.05)	PLS	COMMON	ins_1	173
K562_skew	[-0.2,-0.05)	PLS	COMMON	ins_10plus	97
K562_skew	[-0.2,-0.05)	PLS	COMMON	ins_2	72
K562_skew	[-0.2,-0.05)	PLS	COMMON	ins_3	67
K562_skew	[-0.2,-0.05)	PLS	COMMON	ins_4	70
K562_skew	[-0.2,-0.05)	PLS	COMMON	ins_5	32
K562_skew	[-0.2,-0.05)	PLS	COMMON	ins_6	48
K562_skew	[-0.2,-0.05)	PLS	COMMON	ins_7	18
K562_skew	[-0.2,-0.05)	PLS	COMMON	ins_8	22
K562_skew	[-0.2,-0.05)	PLS	COMMON	ins_9	23
K562_skew	[-0.2,-0.05)	PLS	LOW_FREQ	del_1	309
K562_skew	[-0.2,-0.05)	PLS	LOW_FREQ	del_10plus	140
K562_skew	[-0.2,-0.05)	PLS	LOW_FREQ	del_2	91
K562_skew	[-0.2,-0.05)	PLS	LOW_FREQ	del_3	58
K562_skew	[-0.2,-0.05)	PLS	LOW_FREQ	del_4	42
K562_skew	[-0.2,-0.05)	PLS	LOW_FREQ	del_5	16
K562_skew	[-0.2,-0.05)	PLS	LOW_FREQ	del_6	37
K562_skew	[-0.2,-0.05)	PLS	LOW_FREQ	del_7	21
K562_skew	[-0.2,-0.05)	PLS	LOW_FREQ	del_8	37
K562_skew	[-0.2,-0.05)	PLS	LOW_FREQ	del_9	19
K562_skew	[-0.2,-0.05)	PLS	LOW_FREQ	ins_1	234
K562_skew	[-0.2,-0.05)	PLS	LOW_FREQ	ins_10plus	161
K562_skew	[-0.2,-0.05)	PLS	LOW_FREQ	ins_2	73
K562_skew	[-0.2,-0.05)	PLS	LOW_FREQ	ins_3	64
K562_skew	[-0.2,-0.05)	PLS	LOW_FREQ	ins_4	79
K562_skew	[-0.2,-0.05)	PLS	LOW_FREQ	ins_5	42
K562_skew	[-0.2,-0.05)	PLS	LOW_FREQ	ins_6	54
K562_skew	[-0.2,-0.05)	PLS	LOW_FREQ	ins_7	27
K562_skew	[-0.2,-0.05)	PLS	LOW_FREQ	ins_8	29
K562_skew	[-0.2,-0.05)	PLS	LOW_FREQ	ins_9	35
K562_skew	[-0.2,-0.05)	PLS	RARE	del_1	702
K562_skew	[-0.2,-0.05)	PLS	RARE	del_10plus	270
K562_skew	[-0.2,-0.05)	PLS	RARE	del_2	199
K562_skew	[-0.2,-0.05)	PLS	RARE	del_3	138
K562_skew	[-0.2,-0.05)	PLS	RARE	del_4	101
K562_skew	[-0.2,-0.05)	PLS	RARE	del_5	49
K562_skew	[-0.2,-0.05)	PLS	RARE	del_6	76
K562_skew	[-0.2,-0.05)	PLS	RARE	del_7	43
K562_skew	[-0.2,-0.05)	PLS	RARE	del_8	62
K562_skew	[-0.2,-0.05)	PLS	RARE	del_9	36
K562_skew	[-0.2,-0.05)	PLS	RARE	ins_1	456
K562_skew	[-0.2,-0.05)	PLS	RARE	ins_10plus	345
K562_skew	[-0.2,-0.05)	PLS	RARE	ins_2	158
K562_skew	[-0.2,-0.05)	PLS	RARE	ins_3	134
K562_skew	[-0.2,-0.05)	PLS	RARE	ins_4	147
K562_skew	[-0.2,-0.05)	PLS	RARE	ins_5	120
K562_skew	[-0.2,-0.05)	PLS	RARE	ins_6	117
K562_skew	[-0.2,-0.05)	PLS	RARE	ins_7	73
K562_skew	[-0.2,-0.05)	PLS	RARE	ins_8	58
K562_skew	[-0.2,-0.05)	PLS	RARE	ins_9	56
K562_skew	[-0.2,-0.05)	PLS	SINGLETON	del_1	5421
K562_skew	[-0.2,-0.05)	PLS	SINGLETON	del_10plus	893
K562_skew	[-0.2,-0.05)	PLS	SINGLETON	del_2	1127
K562_skew	[-0.2,-0.05)	PLS	SINGLETON	del_3	912
K562_skew	[-0.2,-0.05)	PLS	SINGLETON	del_4	519
K562_skew	[-0.2,-0.05)	PLS	SINGLETON	del_5	276
K562_skew	[-0.2,-0.05)	PLS	SINGLETON	del_6	234
K562_skew	[-0.2,-0.05)	PLS	SINGLETON	del_7	183
K562_skew	[-0.2,-0.05)	PLS	SINGLETON	del_8	207
K562_skew	[-0.2,-0.05)	PLS	SINGLETON	del_9	150
K562_skew	[-0.2,-0.05)	PLS	SINGLETON	ins_1	3054
K562_skew	[-0.2,-0.05)	PLS	SINGLETON	ins_10plus	1320
K562_skew	[-0.2,-0.05)	PLS	SINGLETON	ins_2	779
K562_skew	[-0.2,-0.05)	PLS	SINGLETON	ins_3	580
K562_skew	[-0.2,-0.05)	PLS	SINGLETON	ins_4	674
K562_skew	[-0.2,-0.05)	PLS	SINGLETON	ins_5	468
K562_skew	[-0.2,-0.05)	PLS	SINGLETON	ins_6	516
K562_skew	[-0.2,-0.05)	PLS	SINGLETON	ins_7	284
K562_skew	[-0.2,-0.05)	PLS	SINGLETON	ins_8	242
K562_skew	[-0.2,-0.05)	PLS	SINGLETON	ins_9	247
K562_skew	[-0.2,-0.05)	PLS	ULTRARARE	del_1	3568
K562_skew	[-0.2,-0.05)	PLS	ULTRARARE	del_10plus	812
K562_skew	[-0.2,-0.05)	PLS	ULTRARARE	del_2	824
K562_skew	[-0.2,-0.05)	PLS	ULTRARARE	del_3	724
K562_skew	[-0.2,-0.05)	PLS	ULTRARARE	del_4	471
K562_skew	[-0.2,-0.05)	PLS	ULTRARARE	del_5	210
K562_skew	[-0.2,-0.05)	PLS	ULTRARARE	del_6	211
K562_skew	[-0.2,-0.05)	PLS	ULTRARARE	del_7	132
K562_skew	[-0.2,-0.05)	PLS	ULTRARARE	del_8	151
K562_skew	[-0.2,-0.05)	PLS	ULTRARARE	del_9	138
K562_skew	[-0.2,-0.05)	PLS	ULTRARARE	ins_1	2162
K562_skew	[-0.2,-0.05)	PLS	ULTRARARE	ins_10plus	1076
K562_skew	[-0.2,-0.05)	PLS	ULTRARARE	ins_2	565
K562_skew	[-0.2,-0.05)	PLS	ULTRARARE	ins_3	445
K562_skew	[-0.2,-0.05)	PLS	ULTRARARE	ins_4	488
K562_skew	[-0.2,-0.05)	PLS	ULTRARARE	ins_5	386
K562_skew	[-0.2,-0.05)	PLS	ULTRARARE	ins_6	395
K562_skew	[-0.2,-0.05)	PLS	ULTRARARE	ins_7	215
K562_skew	[-0.2,-0.05)	PLS	ULTRARARE	ins_8	177
K562_skew	[-0.2,-0.05)	PLS	ULTRARARE	ins_9	220
K562_skew	[-0.2,-0.05)	dELS	COMMON	del_1	13581
K562_skew	[-0.2,-0.05)	dELS	COMMON	del_10plus	4597
K562_skew	[-0.2,-0.05)	dELS	COMMON	del_2	3956
K562_skew	[-0.2,-0.05)	dELS	COMMON	del_3	2965
K562_skew	[-0.2,-0.05)	dELS	COMMON	del_4	2818
K562_skew	[-0.2,-0.05)	dELS	COMMON	del_5	699
K562_skew	[-0.2,-0.05)	dELS	COMMON	del_6	1910
K562_skew	[-0.2,-0.05)	dELS	COMMON	del_7	398
K562_skew	[-0.2,-0.05)	dELS	COMMON	del_8	2719
K562_skew	[-0.2,-0.05)	dELS	COMMON	del_9	284
K562_skew	[-0.2,-0.05)	dELS	COMMON	ins_1	4503
K562_skew	[-0.2,-0.05)	dELS	COMMON	ins_10plus	3626
K562_skew	[-0.2,-0.05)	dELS	COMMON	ins_2	1587
K562_skew	[-0.2,-0.05)	dELS	COMMON	ins_3	948
K562_skew	[-0.2,-0.05)	dELS	COMMON	ins_4	1991
K562_skew	[-0.2,-0.05)	dELS	COMMON	ins_5	743
K562_skew	[-0.2,-0.05)	dELS	COMMON	ins_6	986
K562_skew	[-0.2,-0.05)	dELS	COMMON	ins_7	375
K562_skew	[-0.2,-0.05)	dELS	COMMON	ins_8	542
K562_skew	[-0.2,-0.05)	dELS	COMMON	ins_9	305
K562_skew	[-0.2,-0.05)	dELS	LOW_FREQ	del_1	12623
K562_skew	[-0.2,-0.05)	dELS	LOW_FREQ	del_10plus	5538
K562_skew	[-0.2,-0.05)	dELS	LOW_FREQ	del_2	4128
K562_skew	[-0.2,-0.05)	dELS	LOW_FREQ	del_3	3528
K562_skew	[-0.2,-0.05)	dELS	LOW_FREQ	del_4	2864
K562_skew	[-0.2,-0.05)	dELS	LOW_FREQ	del_5	892
K562_skew	[-0.2,-0.05)	dELS	LOW_FREQ	del_6	1477
K562_skew	[-0.2,-0.05)	dELS	LOW_FREQ	del_7	526
K562_skew	[-0.2,-0.05)	dELS	LOW_FREQ	del_8	2135
K562_skew	[-0.2,-0.05)	dELS	LOW_FREQ	del_9	358
K562_skew	[-0.2,-0.05)	dELS	LOW_FREQ	ins_1	4028
K562_skew	[-0.2,-0.05)	dELS	LOW_FREQ	ins_10plus	4585
K562_skew	[-0.2,-0.05)	dELS	LOW_FREQ	ins_2	1597
K562_skew	[-0.2,-0.05)	dELS	LOW_FREQ	ins_3	1006
K562_skew	[-0.2,-0.05)	dELS	LOW_FREQ	ins_4	2074
K562_skew	[-0.2,-0.05)	dELS	LOW_FREQ	ins_5	870
K562_skew	[-0.2,-0.05)	dELS	LOW_FREQ	ins_6	1302
K562_skew	[-0.2,-0.05)	dELS	LOW_FREQ	ins_7	458
K562_skew	[-0.2,-0.05)	dELS	LOW_FREQ	ins_8	635
K562_skew	[-0.2,-0.05)	dELS	LOW_FREQ	ins_9	394
K562_skew	[-0.2,-0.05)	dELS	RARE	del_1	23314
K562_skew	[-0.2,-0.05)	dELS	RARE	del_10plus	10133
K562_skew	[-0.2,-0.05)	dELS	RARE	del_2	9990
K562_skew	[-0.2,-0.05)	dELS	RARE	del_3	8878
K562_skew	[-0.2,-0.05)	dELS	RARE	del_4	6410
K562_skew	[-0.2,-0.05)	dELS	RARE	del_5	2088
K562_skew	[-0.2,-0.05)	dELS	RARE	del_6	2542
K562_skew	[-0.2,-0.05)	dELS	RARE	del_7	1297
K562_skew	[-0.2,-0.05)	dELS	RARE	del_8	3429
K562_skew	[-0.2,-0.05)	dELS	RARE	del_9	849
K562_skew	[-0.2,-0.05)	dELS	RARE	ins_1	8527
K562_skew	[-0.2,-0.05)	dELS	RARE	ins_10plus	7825
K562_skew	[-0.2,-0.05)	dELS	RARE	ins_2	3147
K562_skew	[-0.2,-0.05)	dELS	RARE	ins_3	1935
K562_skew	[-0.2,-0.05)	dELS	RARE	ins_4	3710
K562_skew	[-0.2,-0.05)	dELS	RARE	ins_5	1931
K562_skew	[-0.2,-0.05)	dELS	RARE	ins_6	2326
K562_skew	[-0.2,-0.05)	dELS	RARE	ins_7	1086
K562_skew	[-0.2,-0.05)	dELS	RARE	ins_8	1183
K562_skew	[-0.2,-0.05)	dELS	RARE	ins_9	966
K562_skew	[-0.2,-0.05)	dELS	SINGLETON	del_1	182731
K562_skew	[-0.2,-0.05)	dELS	SINGLETON	del_10plus	27605
K562_skew	[-0.2,-0.05)	dELS	SINGLETON	del_2	49612
K562_skew	[-0.2,-0.05)	dELS	SINGLETON	del_3	54087
K562_skew	[-0.2,-0.05)	dELS	SINGLETON	del_4	32685
K562_skew	[-0.2,-0.05)	dELS	SINGLETON	del_5	14198
K562_skew	[-0.2,-0.05)	dELS	SINGLETON	del_6	8371
K562_skew	[-0.2,-0.05)	dELS	SINGLETON	del_7	6438
K562_skew	[-0.2,-0.05)	dELS	SINGLETON	del_8	7806
K562_skew	[-0.2,-0.05)	dELS	SINGLETON	del_9	4593
K562_skew	[-0.2,-0.05)	dELS	SINGLETON	ins_1	66990
K562_skew	[-0.2,-0.05)	dELS	SINGLETON	ins_10plus	25530
K562_skew	[-0.2,-0.05)	dELS	SINGLETON	ins_2	18708
K562_skew	[-0.2,-0.05)	dELS	SINGLETON	ins_3	10427
K562_skew	[-0.2,-0.05)	dELS	SINGLETON	ins_4	17653
K562_skew	[-0.2,-0.05)	dELS	SINGLETON	ins_5	7882
K562_skew	[-0.2,-0.05)	dELS	SINGLETON	ins_6	8803
K562_skew	[-0.2,-0.05)	dELS	SINGLETON	ins_7	5179
K562_skew	[-0.2,-0.05)	dELS	SINGLETON	ins_8	5205
K562_skew	[-0.2,-0.05)	dELS	SINGLETON	ins_9	4391
K562_skew	[-0.2,-0.05)	dELS	ULTRARARE	del_1	110525
K562_skew	[-0.2,-0.05)	dELS	ULTRARARE	del_10plus	25289
K562_skew	[-0.2,-0.05)	dELS	ULTRARARE	del_2	37918
K562_skew	[-0.2,-0.05)	dELS	ULTRARARE	del_3	42757
K562_skew	[-0.2,-0.05)	dELS	ULTRARARE	del_4	28996
K562_skew	[-0.2,-0.05)	dELS	ULTRARARE	del_5	10374
K562_skew	[-0.2,-0.05)	dELS	ULTRARARE	del_6	7124
K562_skew	[-0.2,-0.05)	dELS	ULTRARARE	del_7	4849
K562_skew	[-0.2,-0.05)	dELS	ULTRARARE	del_8	7756
K562_skew	[-0.2,-0.05)	dELS	ULTRARARE	del_9	3383
K562_skew	[-0.2,-0.05)	dELS	ULTRARARE	ins_1	41881
K562_skew	[-0.2,-0.05)	dELS	ULTRARARE	ins_10plus	19223
K562_skew	[-0.2,-0.05)	dELS	ULTRARARE	ins_2	12220
K562_skew	[-0.2,-0.05)	dELS	ULTRARARE	ins_3	6769
K562_skew	[-0.2,-0.05)	dELS	ULTRARARE	ins_4	12265
K562_skew	[-0.2,-0.05)	dELS	ULTRARARE	ins_5	5842
K562_skew	[-0.2,-0.05)	dELS	ULTRARARE	ins_6	6639
K562_skew	[-0.2,-0.05)	dELS	ULTRARARE	ins_7	3679
K562_skew	[-0.2,-0.05)	dELS	ULTRARARE	ins_8	3626
K562_skew	[-0.2,-0.05)	dELS	ULTRARARE	ins_9	3026
K562_skew	[-0.2,-0.05)	non-cCRE	COMMON	del_1	87642
K562_skew	[-0.2,-0.05)	non-cCRE	COMMON	del_10plus	30918
K562_skew	[-0.2,-0.05)	non-cCRE	COMMON	del_2	25900
K562_skew	[-0.2,-0.05)	non-cCRE	COMMON	del_3	22544
K562_skew	[-0.2,-0.05)	non-cCRE	COMMON	del_4	19723
K562_skew	[-0.2,-0.05)	non-cCRE	COMMON	del_5	6289
K562_skew	[-0.2,-0.05)	non-cCRE	COMMON	del_6	10381
K562_skew	[-0.2,-0.05)	non-cCRE	COMMON	del_7	2538
K562_skew	[-0.2,-0.05)	non-cCRE	COMMON	del_8	14880
K562_skew	[-0.2,-0.05)	non-cCRE	COMMON	del_9	2276
K562_skew	[-0.2,-0.05)	non-cCRE	COMMON	ins_1	23728
K562_skew	[-0.2,-0.05)	non-cCRE	COMMON	ins_10plus	27087
K562_skew	[-0.2,-0.05)	non-cCRE	COMMON	ins_2	7457
K562_skew	[-0.2,-0.05)	non-cCRE	COMMON	ins_3	5664
K562_skew	[-0.2,-0.05)	non-cCRE	COMMON	ins_4	10759
K562_skew	[-0.2,-0.05)	non-cCRE	COMMON	ins_5	4544
K562_skew	[-0.2,-0.05)	non-cCRE	COMMON	ins_6	5179
K562_skew	[-0.2,-0.05)	non-cCRE	COMMON	ins_7	2269
K562_skew	[-0.2,-0.05)	non-cCRE	COMMON	ins_8	4932
K562_skew	[-0.2,-0.05)	non-cCRE	COMMON	ins_9	1872
K562_skew	[-0.2,-0.05)	non-cCRE	LOW_FREQ	del_1	73697
K562_skew	[-0.2,-0.05)	non-cCRE	LOW_FREQ	del_10plus	34784
K562_skew	[-0.2,-0.05)	non-cCRE	LOW_FREQ	del_2	25413
K562_skew	[-0.2,-0.05)	non-cCRE	LOW_FREQ	del_3	24774
K562_skew	[-0.2,-0.05)	non-cCRE	LOW_FREQ	del_4	20372
K562_skew	[-0.2,-0.05)	non-cCRE	LOW_FREQ	del_5	7831
K562_skew	[-0.2,-0.05)	non-cCRE	LOW_FREQ	del_6	8428
K562_skew	[-0.2,-0.05)	non-cCRE	LOW_FREQ	del_7	3621
K562_skew	[-0.2,-0.05)	non-cCRE	LOW_FREQ	del_8	12511
K562_skew	[-0.2,-0.05)	non-cCRE	LOW_FREQ	del_9	2536
K562_skew	[-0.2,-0.05)	non-cCRE	LOW_FREQ	ins_1	20374
K562_skew	[-0.2,-0.05)	non-cCRE	LOW_FREQ	ins_10plus	39145
K562_skew	[-0.2,-0.05)	non-cCRE	LOW_FREQ	ins_2	7327
K562_skew	[-0.2,-0.05)	non-cCRE	LOW_FREQ	ins_3	6352
K562_skew	[-0.2,-0.05)	non-cCRE	LOW_FREQ	ins_4	11427
K562_skew	[-0.2,-0.05)	non-cCRE	LOW_FREQ	ins_5	6593
K562_skew	[-0.2,-0.05)	non-cCRE	LOW_FREQ	ins_6	7637
K562_skew	[-0.2,-0.05)	non-cCRE	LOW_FREQ	ins_7	3626
K562_skew	[-0.2,-0.05)	non-cCRE	LOW_FREQ	ins_8	5096
K562_skew	[-0.2,-0.05)	non-cCRE	LOW_FREQ	ins_9	3308
K562_skew	[-0.2,-0.05)	non-cCRE	RARE	del_1	125652
K562_skew	[-0.2,-0.05)	non-cCRE	RARE	del_10plus	64815
K562_skew	[-0.2,-0.05)	non-cCRE	RARE	del_2	60246
K562_skew	[-0.2,-0.05)	non-cCRE	RARE	del_3	59386
K562_skew	[-0.2,-0.05)	non-cCRE	RARE	del_4	46606
K562_skew	[-0.2,-0.05)	non-cCRE	RARE	del_5	18652
K562_skew	[-0.2,-0.05)	non-cCRE	RARE	del_6	14579
K562_skew	[-0.2,-0.05)	non-cCRE	RARE	del_7	8735
K562_skew	[-0.2,-0.05)	non-cCRE	RARE	del_8	20085
K562_skew	[-0.2,-0.05)	non-cCRE	RARE	del_9	6067
K562_skew	[-0.2,-0.05)	non-cCRE	RARE	ins_1	39081
K562_skew	[-0.2,-0.05)	non-cCRE	RARE	ins_10plus	69585
K562_skew	[-0.2,-0.05)	non-cCRE	RARE	ins_2	13767
K562_skew	[-0.2,-0.05)	non-cCRE	RARE	ins_3	10929
K562_skew	[-0.2,-0.05)	non-cCRE	RARE	ins_4	20965
K562_skew	[-0.2,-0.05)	non-cCRE	RARE	ins_5	13477
K562_skew	[-0.2,-0.05)	non-cCRE	RARE	ins_6	15528
K562_skew	[-0.2,-0.05)	non-cCRE	RARE	ins_7	8803
K562_skew	[-0.2,-0.05)	non-cCRE	RARE	ins_8	8916
K562_skew	[-0.2,-0.05)	non-cCRE	RARE	ins_9	7097
K562_skew	[-0.2,-0.05)	non-cCRE	SINGLETON	del_1	815633
K562_skew	[-0.2,-0.05)	non-cCRE	SINGLETON	del_10plus	163115
K562_skew	[-0.2,-0.05)	non-cCRE	SINGLETON	del_2	245061
K562_skew	[-0.2,-0.05)	non-cCRE	SINGLETON	del_3	320049
K562_skew	[-0.2,-0.05)	non-cCRE	SINGLETON	del_4	217969
K562_skew	[-0.2,-0.05)	non-cCRE	SINGLETON	del_5	107724
K562_skew	[-0.2,-0.05)	non-cCRE	SINGLETON	del_6	52835
K562_skew	[-0.2,-0.05)	non-cCRE	SINGLETON	del_7	36239
K562_skew	[-0.2,-0.05)	non-cCRE	SINGLETON	del_8	45380
K562_skew	[-0.2,-0.05)	non-cCRE	SINGLETON	del_9	26697
K562_skew	[-0.2,-0.05)	non-cCRE	SINGLETON	ins_1	248568
K562_skew	[-0.2,-0.05)	non-cCRE	SINGLETON	ins_10plus	173195
K562_skew	[-0.2,-0.05)	non-cCRE	SINGLETON	ins_2	69785
K562_skew	[-0.2,-0.05)	non-cCRE	SINGLETON	ins_3	41700
K562_skew	[-0.2,-0.05)	non-cCRE	SINGLETON	ins_4	69684
K562_skew	[-0.2,-0.05)	non-cCRE	SINGLETON	ins_5	36597
K562_skew	[-0.2,-0.05)	non-cCRE	SINGLETON	ins_6	41456
K562_skew	[-0.2,-0.05)	non-cCRE	SINGLETON	ins_7	26384
K562_skew	[-0.2,-0.05)	non-cCRE	SINGLETON	ins_8	26970
K562_skew	[-0.2,-0.05)	non-cCRE	SINGLETON	ins_9	22840
K562_skew	[-0.2,-0.05)	non-cCRE	ULTRARARE	del_1	527880
K562_skew	[-0.2,-0.05)	non-cCRE	ULTRARARE	del_10plus	156368
K562_skew	[-0.2,-0.05)	non-cCRE	ULTRARARE	del_2	199914
K562_skew	[-0.2,-0.05)	non-cCRE	ULTRARARE	del_3	269738
K562_skew	[-0.2,-0.05)	non-cCRE	ULTRARARE	del_4	205730
K562_skew	[-0.2,-0.05)	non-cCRE	ULTRARARE	del_5	86798
K562_skew	[-0.2,-0.05)	non-cCRE	ULTRARARE	del_6	45376
K562_skew	[-0.2,-0.05)	non-cCRE	ULTRARARE	del_7	29516
K562_skew	[-0.2,-0.05)	non-cCRE	ULTRARARE	del_8	45898
K562_skew	[-0.2,-0.05)	non-cCRE	ULTRARARE	del_9	20727
K562_skew	[-0.2,-0.05)	non-cCRE	ULTRARARE	ins_1	166671
K562_skew	[-0.2,-0.05)	non-cCRE	ULTRARARE	ins_10plus	145147
K562_skew	[-0.2,-0.05)	non-cCRE	ULTRARARE	ins_2	48124
K562_skew	[-0.2,-0.05)	non-cCRE	ULTRARARE	ins_3	30670
K562_skew	[-0.2,-0.05)	non-cCRE	ULTRARARE	ins_4	54427
K562_skew	[-0.2,-0.05)	non-cCRE	ULTRARARE	ins_5	31621
K562_skew	[-0.2,-0.05)	non-cCRE	ULTRARARE	ins_6	35822
K562_skew	[-0.2,-0.05)	non-cCRE	ULTRARARE	ins_7	21200
K562_skew	[-0.2,-0.05)	non-cCRE	ULTRARARE	ins_8	21427
K562_skew	[-0.2,-0.05)	non-cCRE	ULTRARARE	ins_9	17610
K562_skew	[-0.2,-0.05)	pELS	COMMON	del_1	2196
K562_skew	[-0.2,-0.05)	pELS	COMMON	del_10plus	711
K562_skew	[-0.2,-0.05)	pELS	COMMON	del_2	655
K562_skew	[-0.2,-0.05)	pELS	COMMON	del_3	468
K562_skew	[-0.2,-0.05)	pELS	COMMON	del_4	456
K562_skew	[-0.2,-0.05)	pELS	COMMON	del_5	107
K562_skew	[-0.2,-0.05)	pELS	COMMON	del_6	306
K562_skew	[-0.2,-0.05)	pELS	COMMON	del_7	78
K562_skew	[-0.2,-0.05)	pELS	COMMON	del_8	438
K562_skew	[-0.2,-0.05)	pELS	COMMON	del_9	58
K562_skew	[-0.2,-0.05)	pELS	COMMON	ins_1	833
K562_skew	[-0.2,-0.05)	pELS	COMMON	ins_10plus	593
K562_skew	[-0.2,-0.05)	pELS	COMMON	ins_2	255
K562_skew	[-0.2,-0.05)	pELS	COMMON	ins_3	188
K562_skew	[-0.2,-0.05)	pELS	COMMON	ins_4	352
K562_skew	[-0.2,-0.05)	pELS	COMMON	ins_5	139
K562_skew	[-0.2,-0.05)	pELS	COMMON	ins_6	222
K562_skew	[-0.2,-0.05)	pELS	COMMON	ins_7	75
K562_skew	[-0.2,-0.05)	pELS	COMMON	ins_8	112
K562_skew	[-0.2,-0.05)	pELS	COMMON	ins_9	49
K562_skew	[-0.2,-0.05)	pELS	LOW_FREQ	del_1	2031
K562_skew	[-0.2,-0.05)	pELS	LOW_FREQ	del_10plus	882
K562_skew	[-0.2,-0.05)	pELS	LOW_FREQ	del_2	666
K562_skew	[-0.2,-0.05)	pELS	LOW_FREQ	del_3	556
K562_skew	[-0.2,-0.05)	pELS	LOW_FREQ	del_4	483
K562_skew	[-0.2,-0.05)	pELS	LOW_FREQ	del_5	153
K562_skew	[-0.2,-0.05)	pELS	LOW_FREQ	del_6	239
K562_skew	[-0.2,-0.05)	pELS	LOW_FREQ	del_7	98
K562_skew	[-0.2,-0.05)	pELS	LOW_FREQ	del_8	342
K562_skew	[-0.2,-0.05)	pELS	LOW_FREQ	del_9	70
K562_skew	[-0.2,-0.05)	pELS	LOW_FREQ	ins_1	784
K562_skew	[-0.2,-0.05)	pELS	LOW_FREQ	ins_10plus	773
K562_skew	[-0.2,-0.05)	pELS	LOW_FREQ	ins_2	293
K562_skew	[-0.2,-0.05)	pELS	LOW_FREQ	ins_3	208
K562_skew	[-0.2,-0.05)	pELS	LOW_FREQ	ins_4	352
K562_skew	[-0.2,-0.05)	pELS	LOW_FREQ	ins_5	168
K562_skew	[-0.2,-0.05)	pELS	LOW_FREQ	ins_6	241
K562_skew	[-0.2,-0.05)	pELS	LOW_FREQ	ins_7	90
K562_skew	[-0.2,-0.05)	pELS	LOW_FREQ	ins_8	108
K562_skew	[-0.2,-0.05)	pELS	LOW_FREQ	ins_9	76
K562_skew	[-0.2,-0.05)	pELS	RARE	del_1	3698
K562_skew	[-0.2,-0.05)	pELS	RARE	del_10plus	1613
K562_skew	[-0.2,-0.05)	pELS	RARE	del_2	1491
K562_skew	[-0.2,-0.05)	pELS	RARE	del_3	1425
K562_skew	[-0.2,-0.05)	pELS	RARE	del_4	1074
K562_skew	[-0.2,-0.05)	pELS	RARE	del_5	362
K562_skew	[-0.2,-0.05)	pELS	RARE	del_6	438
K562_skew	[-0.2,-0.05)	pELS	RARE	del_7	217
K562_skew	[-0.2,-0.05)	pELS	RARE	del_8	532
K562_skew	[-0.2,-0.05)	pELS	RARE	del_9	180
K562_skew	[-0.2,-0.05)	pELS	RARE	ins_1	1698
K562_skew	[-0.2,-0.05)	pELS	RARE	ins_10plus	1372
K562_skew	[-0.2,-0.05)	pELS	RARE	ins_2	604
K562_skew	[-0.2,-0.05)	pELS	RARE	ins_3	384
K562_skew	[-0.2,-0.05)	pELS	RARE	ins_4	693
K562_skew	[-0.2,-0.05)	pELS	RARE	ins_5	390
K562_skew	[-0.2,-0.05)	pELS	RARE	ins_6	484
K562_skew	[-0.2,-0.05)	pELS	RARE	ins_7	220
K562_skew	[-0.2,-0.05)	pELS	RARE	ins_8	213
K562_skew	[-0.2,-0.05)	pELS	RARE	ins_9	170
K562_skew	[-0.2,-0.05)	pELS	SINGLETON	del_1	27856
K562_skew	[-0.2,-0.05)	pELS	SINGLETON	del_10plus	4825
K562_skew	[-0.2,-0.05)	pELS	SINGLETON	del_2	7892
K562_skew	[-0.2,-0.05)	pELS	SINGLETON	del_3	7980
K562_skew	[-0.2,-0.05)	pELS	SINGLETON	del_4	4902
K562_skew	[-0.2,-0.05)	pELS	SINGLETON	del_5	2241
K562_skew	[-0.2,-0.05)	pELS	SINGLETON	del_6	1433
K562_skew	[-0.2,-0.05)	pELS	SINGLETON	del_7	1098
K562_skew	[-0.2,-0.05)	pELS	SINGLETON	del_8	1428
K562_skew	[-0.2,-0.05)	pELS	SINGLETON	del_9	846
K562_skew	[-0.2,-0.05)	pELS	SINGLETON	ins_1	13009
K562_skew	[-0.2,-0.05)	pELS	SINGLETON	ins_10plus	4634
K562_skew	[-0.2,-0.05)	pELS	SINGLETON	ins_2	3400
K562_skew	[-0.2,-0.05)	pELS	SINGLETON	ins_3	1956
K562_skew	[-0.2,-0.05)	pELS	SINGLETON	ins_4	3109
K562_skew	[-0.2,-0.05)	pELS	SINGLETON	ins_5	1479
K562_skew	[-0.2,-0.05)	pELS	SINGLETON	ins_6	1689
K562_skew	[-0.2,-0.05)	pELS	SINGLETON	ins_7	977
K562_skew	[-0.2,-0.05)	pELS	SINGLETON	ins_8	880
K562_skew	[-0.2,-0.05)	pELS	SINGLETON	ins_9	749
K562_skew	[-0.2,-0.05)	pELS	ULTRARARE	del_1	17248
K562_skew	[-0.2,-0.05)	pELS	ULTRARARE	del_10plus	4304
K562_skew	[-0.2,-0.05)	pELS	ULTRARARE	del_2	6105
K562_skew	[-0.2,-0.05)	pELS	ULTRARARE	del_3	6657
K562_skew	[-0.2,-0.05)	pELS	ULTRARARE	del_4	4557
K562_skew	[-0.2,-0.05)	pELS	ULTRARARE	del_5	1735
K562_skew	[-0.2,-0.05)	pELS	ULTRARARE	del_6	1194
K562_skew	[-0.2,-0.05)	pELS	ULTRARARE	del_7	839
K562_skew	[-0.2,-0.05)	pELS	ULTRARARE	del_8	1256
K562_skew	[-0.2,-0.05)	pELS	ULTRARARE	del_9	622
K562_skew	[-0.2,-0.05)	pELS	ULTRARARE	ins_1	8410
K562_skew	[-0.2,-0.05)	pELS	ULTRARARE	ins_10plus	3533
K562_skew	[-0.2,-0.05)	pELS	ULTRARARE	ins_2	2312
K562_skew	[-0.2,-0.05)	pELS	ULTRARARE	ins_3	1409
K562_skew	[-0.2,-0.05)	pELS	ULTRARARE	ins_4	2215
K562_skew	[-0.2,-0.05)	pELS	ULTRARARE	ins_5	1062
K562_skew	[-0.2,-0.05)	pELS	ULTRARARE	ins_6	1375
K562_skew	[-0.2,-0.05)	pELS	ULTRARARE	ins_7	694
K562_skew	[-0.2,-0.05)	pELS	ULTRARARE	ins_8	626
K562_skew	[-0.2,-0.05)	pELS	ULTRARARE	ins_9	528
K562_skew	[-0.5,-0.2)	Other cCREs	COMMON	del_1	369
K562_skew	[-0.5,-0.2)	Other cCREs	COMMON	del_10plus	616
K562_skew	[-0.5,-0.2)	Other cCREs	COMMON	del_2	188
K562_skew	[-0.5,-0.2)	Other cCREs	COMMON	del_3	173
K562_skew	[-0.5,-0.2)	Other cCREs	COMMON	del_4	126
K562_skew	[-0.5,-0.2)	Other cCREs	COMMON	del_5	63
K562_skew	[-0.5,-0.2)	Other cCREs	COMMON	del_6	67
K562_skew	[-0.5,-0.2)	Other cCREs	COMMON	del_7	34
K562_skew	[-0.5,-0.2)	Other cCREs	COMMON	del_8	90
K562_skew	[-0.5,-0.2)	Other cCREs	COMMON	del_9	24
K562_skew	[-0.5,-0.2)	Other cCREs	COMMON	ins_1	229
K562_skew	[-0.5,-0.2)	Other cCREs	COMMON	ins_10plus	345
K562_skew	[-0.5,-0.2)	Other cCREs	COMMON	ins_2	93
K562_skew	[-0.5,-0.2)	Other cCREs	COMMON	ins_3	37
K562_skew	[-0.5,-0.2)	Other cCREs	COMMON	ins_4	72
K562_skew	[-0.5,-0.2)	Other cCREs	COMMON	ins_5	32
K562_skew	[-0.5,-0.2)	Other cCREs	COMMON	ins_6	29
K562_skew	[-0.5,-0.2)	Other cCREs	COMMON	ins_7	20
K562_skew	[-0.5,-0.2)	Other cCREs	COMMON	ins_8	25
K562_skew	[-0.5,-0.2)	Other cCREs	COMMON	ins_9	19
K562_skew	[-0.5,-0.2)	Other cCREs	LOW_FREQ	del_1	458
K562_skew	[-0.5,-0.2)	Other cCREs	LOW_FREQ	del_10plus	743
K562_skew	[-0.5,-0.2)	Other cCREs	LOW_FREQ	del_2	185
K562_skew	[-0.5,-0.2)	Other cCREs	LOW_FREQ	del_3	178
K562_skew	[-0.5,-0.2)	Other cCREs	LOW_FREQ	del_4	172
K562_skew	[-0.5,-0.2)	Other cCREs	LOW_FREQ	del_5	62
K562_skew	[-0.5,-0.2)	Other cCREs	LOW_FREQ	del_6	91
K562_skew	[-0.5,-0.2)	Other cCREs	LOW_FREQ	del_7	61
K562_skew	[-0.5,-0.2)	Other cCREs	LOW_FREQ	del_8	109
K562_skew	[-0.5,-0.2)	Other cCREs	LOW_FREQ	del_9	37
K562_skew	[-0.5,-0.2)	Other cCREs	LOW_FREQ	ins_1	241
K562_skew	[-0.5,-0.2)	Other cCREs	LOW_FREQ	ins_10plus	539
K562_skew	[-0.5,-0.2)	Other cCREs	LOW_FREQ	ins_2	85
K562_skew	[-0.5,-0.2)	Other cCREs	LOW_FREQ	ins_3	54
K562_skew	[-0.5,-0.2)	Other cCREs	LOW_FREQ	ins_4	73
K562_skew	[-0.5,-0.2)	Other cCREs	LOW_FREQ	ins_5	38
K562_skew	[-0.5,-0.2)	Other cCREs	LOW_FREQ	ins_6	50
K562_skew	[-0.5,-0.2)	Other cCREs	LOW_FREQ	ins_7	22
K562_skew	[-0.5,-0.2)	Other cCREs	LOW_FREQ	ins_8	40
K562_skew	[-0.5,-0.2)	Other cCREs	LOW_FREQ	ins_9	19
K562_skew	[-0.5,-0.2)	Other cCREs	RARE	del_1	1111
K562_skew	[-0.5,-0.2)	Other cCREs	RARE	del_10plus	1494
K562_skew	[-0.5,-0.2)	Other cCREs	RARE	del_2	475
K562_skew	[-0.5,-0.2)	Other cCREs	RARE	del_3	457
K562_skew	[-0.5,-0.2)	Other cCREs	RARE	del_4	403
K562_skew	[-0.5,-0.2)	Other cCREs	RARE	del_5	175
K562_skew	[-0.5,-0.2)	Other cCREs	RARE	del_6	175
K562_skew	[-0.5,-0.2)	Other cCREs	RARE	del_7	126
K562_skew	[-0.5,-0.2)	Other cCREs	RARE	del_8	215
K562_skew	[-0.5,-0.2)	Other cCREs	RARE	del_9	91
K562_skew	[-0.5,-0.2)	Other cCREs	RARE	ins_1	532
K562_skew	[-0.5,-0.2)	Other cCREs	RARE	ins_10plus	1049
K562_skew	[-0.5,-0.2)	Other cCREs	RARE	ins_2	217
K562_skew	[-0.5,-0.2)	Other cCREs	RARE	ins_3	100
K562_skew	[-0.5,-0.2)	Other cCREs	RARE	ins_4	165
K562_skew	[-0.5,-0.2)	Other cCREs	RARE	ins_5	82
K562_skew	[-0.5,-0.2)	Other cCREs	RARE	ins_6	90
K562_skew	[-0.5,-0.2)	Other cCREs	RARE	ins_7	58
K562_skew	[-0.5,-0.2)	Other cCREs	RARE	ins_8	76
K562_skew	[-0.5,-0.2)	Other cCREs	RARE	ins_9	68
K562_skew	[-0.5,-0.2)	Other cCREs	SINGLETON	del_1	11048
K562_skew	[-0.5,-0.2)	Other cCREs	SINGLETON	del_10plus	4249
K562_skew	[-0.5,-0.2)	Other cCREs	SINGLETON	del_2	3406
K562_skew	[-0.5,-0.2)	Other cCREs	SINGLETON	del_3	3291
K562_skew	[-0.5,-0.2)	Other cCREs	SINGLETON	del_4	2409
K562_skew	[-0.5,-0.2)	Other cCREs	SINGLETON	del_5	1316
K562_skew	[-0.5,-0.2)	Other cCREs	SINGLETON	del_6	894
K562_skew	[-0.5,-0.2)	Other cCREs	SINGLETON	del_7	733
K562_skew	[-0.5,-0.2)	Other cCREs	SINGLETON	del_8	862
K562_skew	[-0.5,-0.2)	Other cCREs	SINGLETON	del_9	544
K562_skew	[-0.5,-0.2)	Other cCREs	SINGLETON	ins_1	4441
K562_skew	[-0.5,-0.2)	Other cCREs	SINGLETON	ins_10plus	3449
K562_skew	[-0.5,-0.2)	Other cCREs	SINGLETON	ins_2	1400
K562_skew	[-0.5,-0.2)	Other cCREs	SINGLETON	ins_3	788
K562_skew	[-0.5,-0.2)	Other cCREs	SINGLETON	ins_4	1073
K562_skew	[-0.5,-0.2)	Other cCREs	SINGLETON	ins_5	482
K562_skew	[-0.5,-0.2)	Other cCREs	SINGLETON	ins_6	473
K562_skew	[-0.5,-0.2)	Other cCREs	SINGLETON	ins_7	327
K562_skew	[-0.5,-0.2)	Other cCREs	SINGLETON	ins_8	320
K562_skew	[-0.5,-0.2)	Other cCREs	SINGLETON	ins_9	323
K562_skew	[-0.5,-0.2)	Other cCREs	ULTRARARE	del_1	6439
K562_skew	[-0.5,-0.2)	Other cCREs	ULTRARARE	del_10plus	3638
K562_skew	[-0.5,-0.2)	Other cCREs	ULTRARARE	del_2	2285
K562_skew	[-0.5,-0.2)	Other cCREs	ULTRARARE	del_3	2275
K562_skew	[-0.5,-0.2)	Other cCREs	ULTRARARE	del_4	1934
K562_skew	[-0.5,-0.2)	Other cCREs	ULTRARARE	del_5	904
K562_skew	[-0.5,-0.2)	Other cCREs	ULTRARARE	del_6	602
K562_skew	[-0.5,-0.2)	Other cCREs	ULTRARARE	del_7	502
K562_skew	[-0.5,-0.2)	Other cCREs	ULTRARARE	del_8	687
K562_skew	[-0.5,-0.2)	Other cCREs	ULTRARARE	del_9	376
K562_skew	[-0.5,-0.2)	Other cCREs	ULTRARARE	ins_1	2660
K562_skew	[-0.5,-0.2)	Other cCREs	ULTRARARE	ins_10plus	2591
K562_skew	[-0.5,-0.2)	Other cCREs	ULTRARARE	ins_2	914
K562_skew	[-0.5,-0.2)	Other cCREs	ULTRARARE	ins_3	466
K562_skew	[-0.5,-0.2)	Other cCREs	ULTRARARE	ins_4	659
K562_skew	[-0.5,-0.2)	Other cCREs	ULTRARARE	ins_5	328
K562_skew	[-0.5,-0.2)	Other cCREs	ULTRARARE	ins_6	338
K562_skew	[-0.5,-0.2)	Other cCREs	ULTRARARE	ins_7	205
K562_skew	[-0.5,-0.2)	Other cCREs	ULTRARARE	ins_8	231
K562_skew	[-0.5,-0.2)	Other cCREs	ULTRARARE	ins_9	190
K562_skew	[-0.5,-0.2)	PLS	COMMON	del_1	61
K562_skew	[-0.5,-0.2)	PLS	COMMON	del_10plus	53
K562_skew	[-0.5,-0.2)	PLS	COMMON	del_2	19
K562_skew	[-0.5,-0.2)	PLS	COMMON	del_3	15
K562_skew	[-0.5,-0.2)	PLS	COMMON	del_4	5
K562_skew	[-0.5,-0.2)	PLS	COMMON	del_5	5
K562_skew	[-0.5,-0.2)	PLS	COMMON	del_6	11
K562_skew	[-0.5,-0.2)	PLS	COMMON	del_7	7
K562_skew	[-0.5,-0.2)	PLS	COMMON	del_8	6
K562_skew	[-0.5,-0.2)	PLS	COMMON	del_9	5
K562_skew	[-0.5,-0.2)	PLS	COMMON	ins_1	44
K562_skew	[-0.5,-0.2)	PLS	COMMON	ins_10plus	43
K562_skew	[-0.5,-0.2)	PLS	COMMON	ins_2	15
K562_skew	[-0.5,-0.2)	PLS	COMMON	ins_3	6
K562_skew	[-0.5,-0.2)	PLS	COMMON	ins_4	13
K562_skew	[-0.5,-0.2)	PLS	COMMON	ins_5	6
K562_skew	[-0.5,-0.2)	PLS	COMMON	ins_6	7
K562_skew	[-0.5,-0.2)	PLS	COMMON	ins_7	5
K562_skew	[-0.5,-0.2)	PLS	COMMON	ins_8	4
K562_skew	[-0.5,-0.2)	PLS	COMMON	ins_9	5
K562_skew	[-0.5,-0.2)	PLS	LOW_FREQ	del_1	86
K562_skew	[-0.5,-0.2)	PLS	LOW_FREQ	del_10plus	93
K562_skew	[-0.5,-0.2)	PLS	LOW_FREQ	del_2	22
K562_skew	[-0.5,-0.2)	PLS	LOW_FREQ	del_3	16
K562_skew	[-0.5,-0.2)	PLS	LOW_FREQ	del_4	14
K562_skew	[-0.5,-0.2)	PLS	LOW_FREQ	del_5	10
K562_skew	[-0.5,-0.2)	PLS	LOW_FREQ	del_6	13
K562_skew	[-0.5,-0.2)	PLS	LOW_FREQ	del_7	8
K562_skew	[-0.5,-0.2)	PLS	LOW_FREQ	del_8	15
K562_skew	[-0.5,-0.2)	PLS	LOW_FREQ	del_9	10
K562_skew	[-0.5,-0.2)	PLS	LOW_FREQ	ins_1	54
K562_skew	[-0.5,-0.2)	PLS	LOW_FREQ	ins_10plus	80
K562_skew	[-0.5,-0.2)	PLS	LOW_FREQ	ins_2	14
K562_skew	[-0.5,-0.2)	PLS	LOW_FREQ	ins_3	16
K562_skew	[-0.5,-0.2)	PLS	LOW_FREQ	ins_4	17
K562_skew	[-0.5,-0.2)	PLS	LOW_FREQ	ins_5	14
K562_skew	[-0.5,-0.2)	PLS	LOW_FREQ	ins_6	14
K562_skew	[-0.5,-0.2)	PLS	LOW_FREQ	ins_7	8
K562_skew	[-0.5,-0.2)	PLS	LOW_FREQ	ins_8	8
K562_skew	[-0.5,-0.2)	PLS	LOW_FREQ	ins_9	7
K562_skew	[-0.5,-0.2)	PLS	RARE	del_1	212
K562_skew	[-0.5,-0.2)	PLS	RARE	del_10plus	220
K562_skew	[-0.5,-0.2)	PLS	RARE	del_2	48
K562_skew	[-0.5,-0.2)	PLS	RARE	del_3	30
K562_skew	[-0.5,-0.2)	PLS	RARE	del_4	33
K562_skew	[-0.5,-0.2)	PLS	RARE	del_5	30
K562_skew	[-0.5,-0.2)	PLS	RARE	del_6	25
K562_skew	[-0.5,-0.2)	PLS	RARE	del_7	13
K562_skew	[-0.5,-0.2)	PLS	RARE	del_8	21
K562_skew	[-0.5,-0.2)	PLS	RARE	del_9	23
K562_skew	[-0.5,-0.2)	PLS	RARE	ins_1	170
K562_skew	[-0.5,-0.2)	PLS	RARE	ins_10plus	192
K562_skew	[-0.5,-0.2)	PLS	RARE	ins_2	38
K562_skew	[-0.5,-0.2)	PLS	RARE	ins_3	19
K562_skew	[-0.5,-0.2)	PLS	RARE	ins_4	28
K562_skew	[-0.5,-0.2)	PLS	RARE	ins_5	21
K562_skew	[-0.5,-0.2)	PLS	RARE	ins_6	18
K562_skew	[-0.5,-0.2)	PLS	RARE	ins_7	18
K562_skew	[-0.5,-0.2)	PLS	RARE	ins_8	20
K562_skew	[-0.5,-0.2)	PLS	RARE	ins_9	31
K562_skew	[-0.5,-0.2)	PLS	SINGLETON	del_1	2057
K562_skew	[-0.5,-0.2)	PLS	SINGLETON	del_10plus	871
K562_skew	[-0.5,-0.2)	PLS	SINGLETON	del_2	346
K562_skew	[-0.5,-0.2)	PLS	SINGLETON	del_3	332
K562_skew	[-0.5,-0.2)	PLS	SINGLETON	del_4	189
K562_skew	[-0.5,-0.2)	PLS	SINGLETON	del_5	146
K562_skew	[-0.5,-0.2)	PLS	SINGLETON	del_6	111
K562_skew	[-0.5,-0.2)	PLS	SINGLETON	del_7	105
K562_skew	[-0.5,-0.2)	PLS	SINGLETON	del_8	129
K562_skew	[-0.5,-0.2)	PLS	SINGLETON	del_9	101
K562_skew	[-0.5,-0.2)	PLS	SINGLETON	ins_1	1139
K562_skew	[-0.5,-0.2)	PLS	SINGLETON	ins_10plus	863
K562_skew	[-0.5,-0.2)	PLS	SINGLETON	ins_2	291
K562_skew	[-0.5,-0.2)	PLS	SINGLETON	ins_3	205
K562_skew	[-0.5,-0.2)	PLS	SINGLETON	ins_4	215
K562_skew	[-0.5,-0.2)	PLS	SINGLETON	ins_5	124
K562_skew	[-0.5,-0.2)	PLS	SINGLETON	ins_6	157
K562_skew	[-0.5,-0.2)	PLS	SINGLETON	ins_7	126
K562_skew	[-0.5,-0.2)	PLS	SINGLETON	ins_8	94
K562_skew	[-0.5,-0.2)	PLS	SINGLETON	ins_9	112
K562_skew	[-0.5,-0.2)	PLS	ULTRARARE	del_1	1278
K562_skew	[-0.5,-0.2)	PLS	ULTRARARE	del_10plus	661
K562_skew	[-0.5,-0.2)	PLS	ULTRARARE	del_2	248
K562_skew	[-0.5,-0.2)	PLS	ULTRARARE	del_3	208
K562_skew	[-0.5,-0.2)	PLS	ULTRARARE	del_4	150
K562_skew	[-0.5,-0.2)	PLS	ULTRARARE	del_5	90
K562_skew	[-0.5,-0.2)	PLS	ULTRARARE	del_6	99
K562_skew	[-0.5,-0.2)	PLS	ULTRARARE	del_7	78
K562_skew	[-0.5,-0.2)	PLS	ULTRARARE	del_8	94
K562_skew	[-0.5,-0.2)	PLS	ULTRARARE	del_9	64
K562_skew	[-0.5,-0.2)	PLS	ULTRARARE	ins_1	774
K562_skew	[-0.5,-0.2)	PLS	ULTRARARE	ins_10plus	680
K562_skew	[-0.5,-0.2)	PLS	ULTRARARE	ins_2	210
K562_skew	[-0.5,-0.2)	PLS	ULTRARARE	ins_3	119
K562_skew	[-0.5,-0.2)	PLS	ULTRARARE	ins_4	115
K562_skew	[-0.5,-0.2)	PLS	ULTRARARE	ins_5	100
K562_skew	[-0.5,-0.2)	PLS	ULTRARARE	ins_6	120
K562_skew	[-0.5,-0.2)	PLS	ULTRARARE	ins_7	67
K562_skew	[-0.5,-0.2)	PLS	ULTRARARE	ins_8	72
K562_skew	[-0.5,-0.2)	PLS	ULTRARARE	ins_9	83
K562_skew	[-0.5,-0.2)	dELS	COMMON	del_1	1046
K562_skew	[-0.5,-0.2)	dELS	COMMON	del_10plus	1471
K562_skew	[-0.5,-0.2)	dELS	COMMON	del_2	410
K562_skew	[-0.5,-0.2)	dELS	COMMON	del_3	352
K562_skew	[-0.5,-0.2)	dELS	COMMON	del_4	300
K562_skew	[-0.5,-0.2)	dELS	COMMON	del_5	145
K562_skew	[-0.5,-0.2)	dELS	COMMON	del_6	177
K562_skew	[-0.5,-0.2)	dELS	COMMON	del_7	97
K562_skew	[-0.5,-0.2)	dELS	COMMON	del_8	229
K562_skew	[-0.5,-0.2)	dELS	COMMON	del_9	84
K562_skew	[-0.5,-0.2)	dELS	COMMON	ins_1	665
K562_skew	[-0.5,-0.2)	dELS	COMMON	ins_10plus	928
K562_skew	[-0.5,-0.2)	dELS	COMMON	ins_2	246
K562_skew	[-0.5,-0.2)	dELS	COMMON	ins_3	127
K562_skew	[-0.5,-0.2)	dELS	COMMON	ins_4	187
K562_skew	[-0.5,-0.2)	dELS	COMMON	ins_5	89
K562_skew	[-0.5,-0.2)	dELS	COMMON	ins_6	97
K562_skew	[-0.5,-0.2)	dELS	COMMON	ins_7	63
K562_skew	[-0.5,-0.2)	dELS	COMMON	ins_8	63
K562_skew	[-0.5,-0.2)	dELS	COMMON	ins_9	59
K562_skew	[-0.5,-0.2)	dELS	LOW_FREQ	del_1	1233
K562_skew	[-0.5,-0.2)	dELS	LOW_FREQ	del_10plus	1924
K562_skew	[-0.5,-0.2)	dELS	LOW_FREQ	del_2	528
K562_skew	[-0.5,-0.2)	dELS	LOW_FREQ	del_3	448
K562_skew	[-0.5,-0.2)	dELS	LOW_FREQ	del_4	402
K562_skew	[-0.5,-0.2)	dELS	LOW_FREQ	del_5	179
K562_skew	[-0.5,-0.2)	dELS	LOW_FREQ	del_6	193
K562_skew	[-0.5,-0.2)	dELS	LOW_FREQ	del_7	105
K562_skew	[-0.5,-0.2)	dELS	LOW_FREQ	del_8	259
K562_skew	[-0.5,-0.2)	dELS	LOW_FREQ	del_9	98
K562_skew	[-0.5,-0.2)	dELS	LOW_FREQ	ins_1	684
K562_skew	[-0.5,-0.2)	dELS	LOW_FREQ	ins_10plus	1295
K562_skew	[-0.5,-0.2)	dELS	LOW_FREQ	ins_2	253
K562_skew	[-0.5,-0.2)	dELS	LOW_FREQ	ins_3	131
K562_skew	[-0.5,-0.2)	dELS	LOW_FREQ	ins_4	194
K562_skew	[-0.5,-0.2)	dELS	LOW_FREQ	ins_5	83
K562_skew	[-0.5,-0.2)	dELS	LOW_FREQ	ins_6	134
K562_skew	[-0.5,-0.2)	dELS	LOW_FREQ	ins_7	65
K562_skew	[-0.5,-0.2)	dELS	LOW_FREQ	ins_8	90
K562_skew	[-0.5,-0.2)	dELS	LOW_FREQ	ins_9	71
K562_skew	[-0.5,-0.2)	dELS	RARE	del_1	3179
K562_skew	[-0.5,-0.2)	dELS	RARE	del_10plus	3778
K562_skew	[-0.5,-0.2)	dELS	RARE	del_2	1255
K562_skew	[-0.5,-0.2)	dELS	RARE	del_3	1167
K562_skew	[-0.5,-0.2)	dELS	RARE	del_4	996
K562_skew	[-0.5,-0.2)	dELS	RARE	del_5	494
K562_skew	[-0.5,-0.2)	dELS	RARE	del_6	426
K562_skew	[-0.5,-0.2)	dELS	RARE	del_7	332
K562_skew	[-0.5,-0.2)	dELS	RARE	del_8	466
K562_skew	[-0.5,-0.2)	dELS	RARE	del_9	235
K562_skew	[-0.5,-0.2)	dELS	RARE	ins_1	1582
K562_skew	[-0.5,-0.2)	dELS	RARE	ins_10plus	2438
K562_skew	[-0.5,-0.2)	dELS	RARE	ins_2	626
K562_skew	[-0.5,-0.2)	dELS	RARE	ins_3	291
K562_skew	[-0.5,-0.2)	dELS	RARE	ins_4	466
K562_skew	[-0.5,-0.2)	dELS	RARE	ins_5	212
K562_skew	[-0.5,-0.2)	dELS	RARE	ins_6	253
K562_skew	[-0.5,-0.2)	dELS	RARE	ins_7	176
K562_skew	[-0.5,-0.2)	dELS	RARE	ins_8	184
K562_skew	[-0.5,-0.2)	dELS	RARE	ins_9	171
K562_skew	[-0.5,-0.2)	dELS	SINGLETON	del_1	32854
K562_skew	[-0.5,-0.2)	dELS	SINGLETON	del_10plus	11118
K562_skew	[-0.5,-0.2)	dELS	SINGLETON	del_2	9862
K562_skew	[-0.5,-0.2)	dELS	SINGLETON	del_3	9209
K562_skew	[-0.5,-0.2)	dELS	SINGLETON	del_4	6542
K562_skew	[-0.5,-0.2)	dELS	SINGLETON	del_5	3581
K562_skew	[-0.5,-0.2)	dELS	SINGLETON	del_6	2305
K562_skew	[-0.5,-0.2)	dELS	SINGLETON	del_7	2024
K562_skew	[-0.5,-0.2)	dELS	SINGLETON	del_8	2109
K562_skew	[-0.5,-0.2)	dELS	SINGLETON	del_9	1556
K562_skew	[-0.5,-0.2)	dELS	SINGLETON	ins_1	13594
K562_skew	[-0.5,-0.2)	dELS	SINGLETON	ins_10plus	9397
K562_skew	[-0.5,-0.2)	dELS	SINGLETON	ins_2	4059
K562_skew	[-0.5,-0.2)	dELS	SINGLETON	ins_3	2312
K562_skew	[-0.5,-0.2)	dELS	SINGLETON	ins_4	3045
K562_skew	[-0.5,-0.2)	dELS	SINGLETON	ins_5	1346
K562_skew	[-0.5,-0.2)	dELS	SINGLETON	ins_6	1354
K562_skew	[-0.5,-0.2)	dELS	SINGLETON	ins_7	953
K562_skew	[-0.5,-0.2)	dELS	SINGLETON	ins_8	998
K562_skew	[-0.5,-0.2)	dELS	SINGLETON	ins_9	994
K562_skew	[-0.5,-0.2)	dELS	ULTRARARE	del_1	18743
K562_skew	[-0.5,-0.2)	dELS	ULTRARARE	del_10plus	10012
K562_skew	[-0.5,-0.2)	dELS	ULTRARARE	del_2	6570
K562_skew	[-0.5,-0.2)	dELS	ULTRARARE	del_3	6706
K562_skew	[-0.5,-0.2)	dELS	ULTRARARE	del_4	5049
K562_skew	[-0.5,-0.2)	dELS	ULTRARARE	del_5	2450
K562_skew	[-0.5,-0.2)	dELS	ULTRARARE	del_6	1683
K562_skew	[-0.5,-0.2)	dELS	ULTRARARE	del_7	1361
K562_skew	[-0.5,-0.2)	dELS	ULTRARARE	del_8	1672
K562_skew	[-0.5,-0.2)	dELS	ULTRARARE	del_9	1092
K562_skew	[-0.5,-0.2)	dELS	ULTRARARE	ins_1	8414
K562_skew	[-0.5,-0.2)	dELS	ULTRARARE	ins_10plus	6730
K562_skew	[-0.5,-0.2)	dELS	ULTRARARE	ins_2	2623
K562_skew	[-0.5,-0.2)	dELS	ULTRARARE	ins_3	1341
K562_skew	[-0.5,-0.2)	dELS	ULTRARARE	ins_4	1859
K562_skew	[-0.5,-0.2)	dELS	ULTRARARE	ins_5	849
K562_skew	[-0.5,-0.2)	dELS	ULTRARARE	ins_6	971
K562_skew	[-0.5,-0.2)	dELS	ULTRARARE	ins_7	574
K562_skew	[-0.5,-0.2)	dELS	ULTRARARE	ins_8	653
K562_skew	[-0.5,-0.2)	dELS	ULTRARARE	ins_9	683
K562_skew	[-0.5,-0.2)	non-cCRE	COMMON	del_1	2846
K562_skew	[-0.5,-0.2)	non-cCRE	COMMON	del_10plus	5389
K562_skew	[-0.5,-0.2)	non-cCRE	COMMON	del_2	1500
K562_skew	[-0.5,-0.2)	non-cCRE	COMMON	del_3	1411
K562_skew	[-0.5,-0.2)	non-cCRE	COMMON	del_4	1345
K562_skew	[-0.5,-0.2)	non-cCRE	COMMON	del_5	750
K562_skew	[-0.5,-0.2)	non-cCRE	COMMON	del_6	585
K562_skew	[-0.5,-0.2)	non-cCRE	COMMON	del_7	425
K562_skew	[-0.5,-0.2)	non-cCRE	COMMON	del_8	750
K562_skew	[-0.5,-0.2)	non-cCRE	COMMON	del_9	322
K562_skew	[-0.5,-0.2)	non-cCRE	COMMON	ins_1	1574
K562_skew	[-0.5,-0.2)	non-cCRE	COMMON	ins_10plus	4299
K562_skew	[-0.5,-0.2)	non-cCRE	COMMON	ins_2	653
K562_skew	[-0.5,-0.2)	non-cCRE	COMMON	ins_3	375
K562_skew	[-0.5,-0.2)	non-cCRE	COMMON	ins_4	538
K562_skew	[-0.5,-0.2)	non-cCRE	COMMON	ins_5	278
K562_skew	[-0.5,-0.2)	non-cCRE	COMMON	ins_6	335
K562_skew	[-0.5,-0.2)	non-cCRE	COMMON	ins_7	237
K562_skew	[-0.5,-0.2)	non-cCRE	COMMON	ins_8	283
K562_skew	[-0.5,-0.2)	non-cCRE	COMMON	ins_9	246
K562_skew	[-0.5,-0.2)	non-cCRE	LOW_FREQ	del_1	3480
K562_skew	[-0.5,-0.2)	non-cCRE	LOW_FREQ	del_10plus	6792
K562_skew	[-0.5,-0.2)	non-cCRE	LOW_FREQ	del_2	1693
K562_skew	[-0.5,-0.2)	non-cCRE	LOW_FREQ	del_3	1857
K562_skew	[-0.5,-0.2)	non-cCRE	LOW_FREQ	del_4	1706
K562_skew	[-0.5,-0.2)	non-cCRE	LOW_FREQ	del_5	951
K562_skew	[-0.5,-0.2)	non-cCRE	LOW_FREQ	del_6	661
K562_skew	[-0.5,-0.2)	non-cCRE	LOW_FREQ	del_7	607
K562_skew	[-0.5,-0.2)	non-cCRE	LOW_FREQ	del_8	980
K562_skew	[-0.5,-0.2)	non-cCRE	LOW_FREQ	del_9	429
K562_skew	[-0.5,-0.2)	non-cCRE	LOW_FREQ	ins_1	1661
K562_skew	[-0.5,-0.2)	non-cCRE	LOW_FREQ	ins_10plus	7114
K562_skew	[-0.5,-0.2)	non-cCRE	LOW_FREQ	ins_2	701
K562_skew	[-0.5,-0.2)	non-cCRE	LOW_FREQ	ins_3	386
K562_skew	[-0.5,-0.2)	non-cCRE	LOW_FREQ	ins_4	576
K562_skew	[-0.5,-0.2)	non-cCRE	LOW_FREQ	ins_5	306
K562_skew	[-0.5,-0.2)	non-cCRE	LOW_FREQ	ins_6	426
K562_skew	[-0.5,-0.2)	non-cCRE	LOW_FREQ	ins_7	314
K562_skew	[-0.5,-0.2)	non-cCRE	LOW_FREQ	ins_8	336
K562_skew	[-0.5,-0.2)	non-cCRE	LOW_FREQ	ins_9	383
K562_skew	[-0.5,-0.2)	non-cCRE	RARE	del_1	8083
K562_skew	[-0.5,-0.2)	non-cCRE	RARE	del_10plus	13480
K562_skew	[-0.5,-0.2)	non-cCRE	RARE	del_2	4201
K562_skew	[-0.5,-0.2)	non-cCRE	RARE	del_3	4500
K562_skew	[-0.5,-0.2)	non-cCRE	RARE	del_4	3962
K562_skew	[-0.5,-0.2)	non-cCRE	RARE	del_5	2325
K562_skew	[-0.5,-0.2)	non-cCRE	RARE	del_6	1667
K562_skew	[-0.5,-0.2)	non-cCRE	RARE	del_7	1644
K562_skew	[-0.5,-0.2)	non-cCRE	RARE	del_8	2116
K562_skew	[-0.5,-0.2)	non-cCRE	RARE	del_9	1058
K562_skew	[-0.5,-0.2)	non-cCRE	RARE	ins_1	3943
K562_skew	[-0.5,-0.2)	non-cCRE	RARE	ins_10plus	14282
K562_skew	[-0.5,-0.2)	non-cCRE	RARE	ins_2	1634
K562_skew	[-0.5,-0.2)	non-cCRE	RARE	ins_3	760
K562_skew	[-0.5,-0.2)	non-cCRE	RARE	ins_4	1198
K562_skew	[-0.5,-0.2)	non-cCRE	RARE	ins_5	766
K562_skew	[-0.5,-0.2)	non-cCRE	RARE	ins_6	934
K562_skew	[-0.5,-0.2)	non-cCRE	RARE	ins_7	671
K562_skew	[-0.5,-0.2)	non-cCRE	RARE	ins_8	725
K562_skew	[-0.5,-0.2)	non-cCRE	RARE	ins_9	821
K562_skew	[-0.5,-0.2)	non-cCRE	SINGLETON	del_1	80536
K562_skew	[-0.5,-0.2)	non-cCRE	SINGLETON	del_10plus	39893
K562_skew	[-0.5,-0.2)	non-cCRE	SINGLETON	del_2	28120
K562_skew	[-0.5,-0.2)	non-cCRE	SINGLETON	del_3	29411
K562_skew	[-0.5,-0.2)	non-cCRE	SINGLETON	del_4	24534
K562_skew	[-0.5,-0.2)	non-cCRE	SINGLETON	del_5	15650
K562_skew	[-0.5,-0.2)	non-cCRE	SINGLETON	del_6	9933
K562_skew	[-0.5,-0.2)	non-cCRE	SINGLETON	del_7	8477
K562_skew	[-0.5,-0.2)	non-cCRE	SINGLETON	del_8	9138
K562_skew	[-0.5,-0.2)	non-cCRE	SINGLETON	del_9	6394
K562_skew	[-0.5,-0.2)	non-cCRE	SINGLETON	ins_1	31784
K562_skew	[-0.5,-0.2)	non-cCRE	SINGLETON	ins_10plus	40749
K562_skew	[-0.5,-0.2)	non-cCRE	SINGLETON	ins_2	10997
K562_skew	[-0.5,-0.2)	non-cCRE	SINGLETON	ins_3	5530
K562_skew	[-0.5,-0.2)	non-cCRE	SINGLETON	ins_4	7595
K562_skew	[-0.5,-0.2)	non-cCRE	SINGLETON	ins_5	3745
K562_skew	[-0.5,-0.2)	non-cCRE	SINGLETON	ins_6	3754
K562_skew	[-0.5,-0.2)	non-cCRE	SINGLETON	ins_7	2855
K562_skew	[-0.5,-0.2)	non-cCRE	SINGLETON	ins_8	3037
K562_skew	[-0.5,-0.2)	non-cCRE	SINGLETON	ins_9	3030
K562_skew	[-0.5,-0.2)	non-cCRE	ULTRARARE	del_1	45666
K562_skew	[-0.5,-0.2)	non-cCRE	ULTRARARE	del_10plus	35782
K562_skew	[-0.5,-0.2)	non-cCRE	ULTRARARE	del_2	19230
K562_skew	[-0.5,-0.2)	non-cCRE	ULTRARARE	del_3	22492
K562_skew	[-0.5,-0.2)	non-cCRE	ULTRARARE	del_4	20415
K562_skew	[-0.5,-0.2)	non-cCRE	ULTRARARE	del_5	11404
K562_skew	[-0.5,-0.2)	non-cCRE	ULTRARARE	del_6	6758
K562_skew	[-0.5,-0.2)	non-cCRE	ULTRARARE	del_7	6284
K562_skew	[-0.5,-0.2)	non-cCRE	ULTRARARE	del_8	7203
K562_skew	[-0.5,-0.2)	non-cCRE	ULTRARARE	del_9	4513
K562_skew	[-0.5,-0.2)	non-cCRE	ULTRARARE	ins_1	19431
K562_skew	[-0.5,-0.2)	non-cCRE	ULTRARARE	ins_10plus	32455
K562_skew	[-0.5,-0.2)	non-cCRE	ULTRARARE	ins_2	6959
K562_skew	[-0.5,-0.2)	non-cCRE	ULTRARARE	ins_3	3343
K562_skew	[-0.5,-0.2)	non-cCRE	ULTRARARE	ins_4	4731
K562_skew	[-0.5,-0.2)	non-cCRE	ULTRARARE	ins_5	2572
K562_skew	[-0.5,-0.2)	non-cCRE	ULTRARARE	ins_6	2757
K562_skew	[-0.5,-0.2)	non-cCRE	ULTRARARE	ins_7	1961
K562_skew	[-0.5,-0.2)	non-cCRE	ULTRARARE	ins_8	2262
K562_skew	[-0.5,-0.2)	non-cCRE	ULTRARARE	ins_9	2225
K562_skew	[-0.5,-0.2)	pELS	COMMON	del_1	192
K562_skew	[-0.5,-0.2)	pELS	COMMON	del_10plus	232
K562_skew	[-0.5,-0.2)	pELS	COMMON	del_2	90
K562_skew	[-0.5,-0.2)	pELS	COMMON	del_3	49
K562_skew	[-0.5,-0.2)	pELS	COMMON	del_4	50
K562_skew	[-0.5,-0.2)	pELS	COMMON	del_5	30
K562_skew	[-0.5,-0.2)	pELS	COMMON	del_6	42
K562_skew	[-0.5,-0.2)	pELS	COMMON	del_7	23
K562_skew	[-0.5,-0.2)	pELS	COMMON	del_8	50
K562_skew	[-0.5,-0.2)	pELS	COMMON	del_9	12
K562_skew	[-0.5,-0.2)	pELS	COMMON	ins_1	125
K562_skew	[-0.5,-0.2)	pELS	COMMON	ins_10plus	157
K562_skew	[-0.5,-0.2)	pELS	COMMON	ins_2	41
K562_skew	[-0.5,-0.2)	pELS	COMMON	ins_3	23
K562_skew	[-0.5,-0.2)	pELS	COMMON	ins_4	46
K562_skew	[-0.5,-0.2)	pELS	COMMON	ins_5	15
K562_skew	[-0.5,-0.2)	pELS	COMMON	ins_6	24
K562_skew	[-0.5,-0.2)	pELS	COMMON	ins_7	13
K562_skew	[-0.5,-0.2)	pELS	COMMON	ins_8	15
K562_skew	[-0.5,-0.2)	pELS	COMMON	ins_9	12
K562_skew	[-0.5,-0.2)	pELS	LOW_FREQ	del_1	238
K562_skew	[-0.5,-0.2)	pELS	LOW_FREQ	del_10plus	324
K562_skew	[-0.5,-0.2)	pELS	LOW_FREQ	del_2	98
K562_skew	[-0.5,-0.2)	pELS	LOW_FREQ	del_3	95
K562_skew	[-0.5,-0.2)	pELS	LOW_FREQ	del_4	69
K562_skew	[-0.5,-0.2)	pELS	LOW_FREQ	del_5	26
K562_skew	[-0.5,-0.2)	pELS	LOW_FREQ	del_6	47
K562_skew	[-0.5,-0.2)	pELS	LOW_FREQ	del_7	26
K562_skew	[-0.5,-0.2)	pELS	LOW_FREQ	del_8	54
K562_skew	[-0.5,-0.2)	pELS	LOW_FREQ	del_9	21
K562_skew	[-0.5,-0.2)	pELS	LOW_FREQ	ins_1	154
K562_skew	[-0.5,-0.2)	pELS	LOW_FREQ	ins_10plus	288
K562_skew	[-0.5,-0.2)	pELS	LOW_FREQ	ins_2	37
K562_skew	[-0.5,-0.2)	pELS	LOW_FREQ	ins_3	26
K562_skew	[-0.5,-0.2)	pELS	LOW_FREQ	ins_4	43
K562_skew	[-0.5,-0.2)	pELS	LOW_FREQ	ins_5	20
K562_skew	[-0.5,-0.2)	pELS	LOW_FREQ	ins_6	23
K562_skew	[-0.5,-0.2)	pELS	LOW_FREQ	ins_7	17
K562_skew	[-0.5,-0.2)	pELS	LOW_FREQ	ins_8	26
K562_skew	[-0.5,-0.2)	pELS	LOW_FREQ	ins_9	15
K562_skew	[-0.5,-0.2)	pELS	RARE	del_1	608
K562_skew	[-0.5,-0.2)	pELS	RARE	del_10plus	719
K562_skew	[-0.5,-0.2)	pELS	RARE	del_2	212
K562_skew	[-0.5,-0.2)	pELS	RARE	del_3	194
K562_skew	[-0.5,-0.2)	pELS	RARE	del_4	188
K562_skew	[-0.5,-0.2)	pELS	RARE	del_5	72
K562_skew	[-0.5,-0.2)	pELS	RARE	del_6	102
K562_skew	[-0.5,-0.2)	pELS	RARE	del_7	55
K562_skew	[-0.5,-0.2)	pELS	RARE	del_8	115
K562_skew	[-0.5,-0.2)	pELS	RARE	del_9	48
K562_skew	[-0.5,-0.2)	pELS	RARE	ins_1	356
K562_skew	[-0.5,-0.2)	pELS	RARE	ins_10plus	481
K562_skew	[-0.5,-0.2)	pELS	RARE	ins_2	115
K562_skew	[-0.5,-0.2)	pELS	RARE	ins_3	74
K562_skew	[-0.5,-0.2)	pELS	RARE	ins_4	83
K562_skew	[-0.5,-0.2)	pELS	RARE	ins_5	47
K562_skew	[-0.5,-0.2)	pELS	RARE	ins_6	62
K562_skew	[-0.5,-0.2)	pELS	RARE	ins_7	41
K562_skew	[-0.5,-0.2)	pELS	RARE	ins_8	27
K562_skew	[-0.5,-0.2)	pELS	RARE	ins_9	53
K562_skew	[-0.5,-0.2)	pELS	SINGLETON	del_1	5908
K562_skew	[-0.5,-0.2)	pELS	SINGLETON	del_10plus	2272
K562_skew	[-0.5,-0.2)	pELS	SINGLETON	del_2	1703
K562_skew	[-0.5,-0.2)	pELS	SINGLETON	del_3	1571
K562_skew	[-0.5,-0.2)	pELS	SINGLETON	del_4	1097
K562_skew	[-0.5,-0.2)	pELS	SINGLETON	del_5	610
K562_skew	[-0.5,-0.2)	pELS	SINGLETON	del_6	472
K562_skew	[-0.5,-0.2)	pELS	SINGLETON	del_7	378
K562_skew	[-0.5,-0.2)	pELS	SINGLETON	del_8	408
K562_skew	[-0.5,-0.2)	pELS	SINGLETON	del_9	311
K562_skew	[-0.5,-0.2)	pELS	SINGLETON	ins_1	3012
K562_skew	[-0.5,-0.2)	pELS	SINGLETON	ins_10plus	1945
K562_skew	[-0.5,-0.2)	pELS	SINGLETON	ins_2	805
K562_skew	[-0.5,-0.2)	pELS	SINGLETON	ins_3	494
K562_skew	[-0.5,-0.2)	pELS	SINGLETON	ins_4	559
K562_skew	[-0.5,-0.2)	pELS	SINGLETON	ins_5	290
K562_skew	[-0.5,-0.2)	pELS	SINGLETON	ins_6	343
K562_skew	[-0.5,-0.2)	pELS	SINGLETON	ins_7	220
K562_skew	[-0.5,-0.2)	pELS	SINGLETON	ins_8	208
K562_skew	[-0.5,-0.2)	pELS	SINGLETON	ins_9	236
K562_skew	[-0.5,-0.2)	pELS	ULTRARARE	del_1	3530
K562_skew	[-0.5,-0.2)	pELS	ULTRARARE	del_10plus	1981
K562_skew	[-0.5,-0.2)	pELS	ULTRARARE	del_2	1163
K562_skew	[-0.5,-0.2)	pELS	ULTRARARE	del_3	1120
K562_skew	[-0.5,-0.2)	pELS	ULTRARARE	del_4	834
K562_skew	[-0.5,-0.2)	pELS	ULTRARARE	del_5	384
K562_skew	[-0.5,-0.2)	pELS	ULTRARARE	del_6	339
K562_skew	[-0.5,-0.2)	pELS	ULTRARARE	del_7	288
K562_skew	[-0.5,-0.2)	pELS	ULTRARARE	del_8	314
K562_skew	[-0.5,-0.2)	pELS	ULTRARARE	del_9	227
K562_skew	[-0.5,-0.2)	pELS	ULTRARARE	ins_1	1788
K562_skew	[-0.5,-0.2)	pELS	ULTRARARE	ins_10plus	1397
K562_skew	[-0.5,-0.2)	pELS	ULTRARARE	ins_2	548
K562_skew	[-0.5,-0.2)	pELS	ULTRARARE	ins_3	350
K562_skew	[-0.5,-0.2)	pELS	ULTRARARE	ins_4	372
K562_skew	[-0.5,-0.2)	pELS	ULTRARARE	ins_5	181
K562_skew	[-0.5,-0.2)	pELS	ULTRARARE	ins_6	201
K562_skew	[-0.5,-0.2)	pELS	ULTRARARE	ins_7	153
K562_skew	[-0.5,-0.2)	pELS	ULTRARARE	ins_8	136
K562_skew	[-0.5,-0.2)	pELS	ULTRARARE	ins_9	162
K562_skew	[-1.0,-0.5)	Other cCREs	COMMON	del_1	88
K562_skew	[-1.0,-0.5)	Other cCREs	COMMON	del_10plus	55
K562_skew	[-1.0,-0.5)	Other cCREs	COMMON	del_2	48
K562_skew	[-1.0,-0.5)	Other cCREs	COMMON	del_3	25
K562_skew	[-1.0,-0.5)	Other cCREs	COMMON	del_4	26
K562_skew	[-1.0,-0.5)	Other cCREs	COMMON	del_5	9
K562_skew	[-1.0,-0.5)	Other cCREs	COMMON	del_6	16
K562_skew	[-1.0,-0.5)	Other cCREs	COMMON	del_7	7
K562_skew	[-1.0,-0.5)	Other cCREs	COMMON	del_8	14
K562_skew	[-1.0,-0.5)	Other cCREs	COMMON	del_9	5
K562_skew	[-1.0,-0.5)	Other cCREs	COMMON	ins_1	49
K562_skew	[-1.0,-0.5)	Other cCREs	COMMON	ins_10plus	19
K562_skew	[-1.0,-0.5)	Other cCREs	COMMON	ins_2	17
K562_skew	[-1.0,-0.5)	Other cCREs	COMMON	ins_3	10
K562_skew	[-1.0,-0.5)	Other cCREs	COMMON	ins_4	14
K562_skew	[-1.0,-0.5)	Other cCREs	COMMON	ins_5	3
K562_skew	[-1.0,-0.5)	Other cCREs	COMMON	ins_6	6
K562_skew	[-1.0,-0.5)	Other cCREs	COMMON	ins_7	4
K562_skew	[-1.0,-0.5)	Other cCREs	COMMON	ins_8	3
K562_skew	[-1.0,-0.5)	Other cCREs	COMMON	ins_9	2
K562_skew	[-1.0,-0.5)	Other cCREs	LOW_FREQ	del_1	121
K562_skew	[-1.0,-0.5)	Other cCREs	LOW_FREQ	del_10plus	105
K562_skew	[-1.0,-0.5)	Other cCREs	LOW_FREQ	del_2	37
K562_skew	[-1.0,-0.5)	Other cCREs	LOW_FREQ	del_3	34
K562_skew	[-1.0,-0.5)	Other cCREs	LOW_FREQ	del_4	35
K562_skew	[-1.0,-0.5)	Other cCREs	LOW_FREQ	del_5	14
K562_skew	[-1.0,-0.5)	Other cCREs	LOW_FREQ	del_6	8
K562_skew	[-1.0,-0.5)	Other cCREs	LOW_FREQ	del_7	9
K562_skew	[-1.0,-0.5)	Other cCREs	LOW_FREQ	del_8	23
K562_skew	[-1.0,-0.5)	Other cCREs	LOW_FREQ	del_9	10
K562_skew	[-1.0,-0.5)	Other cCREs	LOW_FREQ	ins_1	56
K562_skew	[-1.0,-0.5)	Other cCREs	LOW_FREQ	ins_10plus	30
K562_skew	[-1.0,-0.5)	Other cCREs	LOW_FREQ	ins_2	15
K562_skew	[-1.0,-0.5)	Other cCREs	LOW_FREQ	ins_3	5
K562_skew	[-1.0,-0.5)	Other cCREs	LOW_FREQ	ins_4	6
K562_skew	[-1.0,-0.5)	Other cCREs	LOW_FREQ	ins_5	4
K562_skew	[-1.0,-0.5)	Other cCREs	LOW_FREQ	ins_6	4
K562_skew	[-1.0,-0.5)	Other cCREs	LOW_FREQ	ins_7	2
K562_skew	[-1.0,-0.5)	Other cCREs	LOW_FREQ	ins_8	2
K562_skew	[-1.0,-0.5)	Other cCREs	LOW_FREQ	ins_9	3
K562_skew	[-1.0,-0.5)	Other cCREs	RARE	del_1	282
K562_skew	[-1.0,-0.5)	Other cCREs	RARE	del_10plus	244
K562_skew	[-1.0,-0.5)	Other cCREs	RARE	del_2	124
K562_skew	[-1.0,-0.5)	Other cCREs	RARE	del_3	84
K562_skew	[-1.0,-0.5)	Other cCREs	RARE	del_4	69
K562_skew	[-1.0,-0.5)	Other cCREs	RARE	del_5	35
K562_skew	[-1.0,-0.5)	Other cCREs	RARE	del_6	40
K562_skew	[-1.0,-0.5)	Other cCREs	RARE	del_7	19
K562_skew	[-1.0,-0.5)	Other cCREs	RARE	del_8	31
K562_skew	[-1.0,-0.5)	Other cCREs	RARE	del_9	13
K562_skew	[-1.0,-0.5)	Other cCREs	RARE	ins_1	120
K562_skew	[-1.0,-0.5)	Other cCREs	RARE	ins_10plus	59
K562_skew	[-1.0,-0.5)	Other cCREs	RARE	ins_2	40
K562_skew	[-1.0,-0.5)	Other cCREs	RARE	ins_3	18
K562_skew	[-1.0,-0.5)	Other cCREs	RARE	ins_4	28
K562_skew	[-1.0,-0.5)	Other cCREs	RARE	ins_5	12
K562_skew	[-1.0,-0.5)	Other cCREs	RARE	ins_6	6
K562_skew	[-1.0,-0.5)	Other cCREs	RARE	ins_7	8
K562_skew	[-1.0,-0.5)	Other cCREs	RARE	ins_8	4
K562_skew	[-1.0,-0.5)	Other cCREs	RARE	ins_9	5
K562_skew	[-1.0,-0.5)	Other cCREs	SINGLETON	del_1	3029
K562_skew	[-1.0,-0.5)	Other cCREs	SINGLETON	del_10plus	1124
K562_skew	[-1.0,-0.5)	Other cCREs	SINGLETON	del_2	831
K562_skew	[-1.0,-0.5)	Other cCREs	SINGLETON	del_3	709
K562_skew	[-1.0,-0.5)	Other cCREs	SINGLETON	del_4	469
K562_skew	[-1.0,-0.5)	Other cCREs	SINGLETON	del_5	308
K562_skew	[-1.0,-0.5)	Other cCREs	SINGLETON	del_6	204
K562_skew	[-1.0,-0.5)	Other cCREs	SINGLETON	del_7	171
K562_skew	[-1.0,-0.5)	Other cCREs	SINGLETON	del_8	185
K562_skew	[-1.0,-0.5)	Other cCREs	SINGLETON	del_9	158
K562_skew	[-1.0,-0.5)	Other cCREs	SINGLETON	ins_1	1031
K562_skew	[-1.0,-0.5)	Other cCREs	SINGLETON	ins_10plus	305
K562_skew	[-1.0,-0.5)	Other cCREs	SINGLETON	ins_2	307
K562_skew	[-1.0,-0.5)	Other cCREs	SINGLETON	ins_3	171
K562_skew	[-1.0,-0.5)	Other cCREs	SINGLETON	ins_4	205
K562_skew	[-1.0,-0.5)	Other cCREs	SINGLETON	ins_5	83
K562_skew	[-1.0,-0.5)	Other cCREs	SINGLETON	ins_6	71
K562_skew	[-1.0,-0.5)	Other cCREs	SINGLETON	ins_7	43
K562_skew	[-1.0,-0.5)	Other cCREs	SINGLETON	ins_8	51
K562_skew	[-1.0,-0.5)	Other cCREs	SINGLETON	ins_9	47
K562_skew	[-1.0,-0.5)	Other cCREs	ULTRARARE	del_1	1665
K562_skew	[-1.0,-0.5)	Other cCREs	ULTRARARE	del_10plus	828
K562_skew	[-1.0,-0.5)	Other cCREs	ULTRARARE	del_2	591
K562_skew	[-1.0,-0.5)	Other cCREs	ULTRARARE	del_3	458
K562_skew	[-1.0,-0.5)	Other cCREs	ULTRARARE	del_4	324
K562_skew	[-1.0,-0.5)	Other cCREs	ULTRARARE	del_5	196
K562_skew	[-1.0,-0.5)	Other cCREs	ULTRARARE	del_6	142
K562_skew	[-1.0,-0.5)	Other cCREs	ULTRARARE	del_7	99
K562_skew	[-1.0,-0.5)	Other cCREs	ULTRARARE	del_8	138
K562_skew	[-1.0,-0.5)	Other cCREs	ULTRARARE	del_9	93
K562_skew	[-1.0,-0.5)	Other cCREs	ULTRARARE	ins_1	644
K562_skew	[-1.0,-0.5)	Other cCREs	ULTRARARE	ins_10plus	198
K562_skew	[-1.0,-0.5)	Other cCREs	ULTRARARE	ins_2	190
K562_skew	[-1.0,-0.5)	Other cCREs	ULTRARARE	ins_3	105
K562_skew	[-1.0,-0.5)	Other cCREs	ULTRARARE	ins_4	126
K562_skew	[-1.0,-0.5)	Other cCREs	ULTRARARE	ins_5	47
K562_skew	[-1.0,-0.5)	Other cCREs	ULTRARARE	ins_6	53
K562_skew	[-1.0,-0.5)	Other cCREs	ULTRARARE	ins_7	21
K562_skew	[-1.0,-0.5)	Other cCREs	ULTRARARE	ins_8	33
K562_skew	[-1.0,-0.5)	Other cCREs	ULTRARARE	ins_9	41
K562_skew	[-1.0,-0.5)	PLS	COMMON	del_1	9
K562_skew	[-1.0,-0.5)	PLS	COMMON	del_10plus	24
K562_skew	[-1.0,-0.5)	PLS	COMMON	del_2	3
K562_skew	[-1.0,-0.5)	PLS	COMMON	del_3	1
K562_skew	[-1.0,-0.5)	PLS	COMMON	del_4	1
K562_skew	[-1.0,-0.5)	PLS	COMMON	del_5	6
K562_skew	[-1.0,-0.5)	PLS	COMMON	del_6	2
K562_skew	[-1.0,-0.5)	PLS	COMMON	del_8	2
K562_skew	[-1.0,-0.5)	PLS	COMMON	del_9	2
K562_skew	[-1.0,-0.5)	PLS	COMMON	ins_1	15
K562_skew	[-1.0,-0.5)	PLS	COMMON	ins_10plus	5
K562_skew	[-1.0,-0.5)	PLS	COMMON	ins_2	5
K562_skew	[-1.0,-0.5)	PLS	COMMON	ins_3	1
K562_skew	[-1.0,-0.5)	PLS	COMMON	ins_6	1
K562_skew	[-1.0,-0.5)	PLS	COMMON	ins_8	1
K562_skew	[-1.0,-0.5)	PLS	COMMON	ins_9	2
K562_skew	[-1.0,-0.5)	PLS	LOW_FREQ	del_1	19
K562_skew	[-1.0,-0.5)	PLS	LOW_FREQ	del_10plus	48
K562_skew	[-1.0,-0.5)	PLS	LOW_FREQ	del_2	6
K562_skew	[-1.0,-0.5)	PLS	LOW_FREQ	del_3	7
K562_skew	[-1.0,-0.5)	PLS	LOW_FREQ	del_4	4
K562_skew	[-1.0,-0.5)	PLS	LOW_FREQ	del_5	4
K562_skew	[-1.0,-0.5)	PLS	LOW_FREQ	del_6	4
K562_skew	[-1.0,-0.5)	PLS	LOW_FREQ	del_7	1
K562_skew	[-1.0,-0.5)	PLS	LOW_FREQ	del_8	3
K562_skew	[-1.0,-0.5)	PLS	LOW_FREQ	del_9	4
K562_skew	[-1.0,-0.5)	PLS	LOW_FREQ	ins_1	17
K562_skew	[-1.0,-0.5)	PLS	LOW_FREQ	ins_10plus	8
K562_skew	[-1.0,-0.5)	PLS	LOW_FREQ	ins_2	2
K562_skew	[-1.0,-0.5)	PLS	LOW_FREQ	ins_4	2
K562_skew	[-1.0,-0.5)	PLS	LOW_FREQ	ins_5	1
K562_skew	[-1.0,-0.5)	PLS	LOW_FREQ	ins_7	1
K562_skew	[-1.0,-0.5)	PLS	LOW_FREQ	ins_8	3
K562_skew	[-1.0,-0.5)	PLS	LOW_FREQ	ins_9	1
K562_skew	[-1.0,-0.5)	PLS	RARE	del_1	61
K562_skew	[-1.0,-0.5)	PLS	RARE	del_10plus	115
K562_skew	[-1.0,-0.5)	PLS	RARE	del_2	9
K562_skew	[-1.0,-0.5)	PLS	RARE	del_3	13
K562_skew	[-1.0,-0.5)	PLS	RARE	del_4	13
K562_skew	[-1.0,-0.5)	PLS	RARE	del_5	6
K562_skew	[-1.0,-0.5)	PLS	RARE	del_6	16
K562_skew	[-1.0,-0.5)	PLS	RARE	del_7	3
K562_skew	[-1.0,-0.5)	PLS	RARE	del_8	11
K562_skew	[-1.0,-0.5)	PLS	RARE	del_9	6
K562_skew	[-1.0,-0.5)	PLS	RARE	ins_1	44
K562_skew	[-1.0,-0.5)	PLS	RARE	ins_10plus	25
K562_skew	[-1.0,-0.5)	PLS	RARE	ins_2	10
K562_skew	[-1.0,-0.5)	PLS	RARE	ins_3	8
K562_skew	[-1.0,-0.5)	PLS	RARE	ins_4	9
K562_skew	[-1.0,-0.5)	PLS	RARE	ins_5	3
K562_skew	[-1.0,-0.5)	PLS	RARE	ins_6	4
K562_skew	[-1.0,-0.5)	PLS	RARE	ins_7	5
K562_skew	[-1.0,-0.5)	PLS	RARE	ins_8	2
K562_skew	[-1.0,-0.5)	PLS	RARE	ins_9	6
K562_skew	[-1.0,-0.5)	PLS	SINGLETON	del_1	781
K562_skew	[-1.0,-0.5)	PLS	SINGLETON	del_10plus	528
K562_skew	[-1.0,-0.5)	PLS	SINGLETON	del_2	127
K562_skew	[-1.0,-0.5)	PLS	SINGLETON	del_3	135
K562_skew	[-1.0,-0.5)	PLS	SINGLETON	del_4	79
K562_skew	[-1.0,-0.5)	PLS	SINGLETON	del_5	75
K562_skew	[-1.0,-0.5)	PLS	SINGLETON	del_6	77
K562_skew	[-1.0,-0.5)	PLS	SINGLETON	del_7	49
K562_skew	[-1.0,-0.5)	PLS	SINGLETON	del_8	45
K562_skew	[-1.0,-0.5)	PLS	SINGLETON	del_9	46
K562_skew	[-1.0,-0.5)	PLS	SINGLETON	ins_1	402
K562_skew	[-1.0,-0.5)	PLS	SINGLETON	ins_10plus	181
K562_skew	[-1.0,-0.5)	PLS	SINGLETON	ins_2	90
K562_skew	[-1.0,-0.5)	PLS	SINGLETON	ins_3	41
K562_skew	[-1.0,-0.5)	PLS	SINGLETON	ins_4	43
K562_skew	[-1.0,-0.5)	PLS	SINGLETON	ins_5	29
K562_skew	[-1.0,-0.5)	PLS	SINGLETON	ins_6	30
K562_skew	[-1.0,-0.5)	PLS	SINGLETON	ins_7	17
K562_skew	[-1.0,-0.5)	PLS	SINGLETON	ins_8	20
K562_skew	[-1.0,-0.5)	PLS	SINGLETON	ins_9	21
K562_skew	[-1.0,-0.5)	PLS	ULTRARARE	del_1	436
K562_skew	[-1.0,-0.5)	PLS	ULTRARARE	del_10plus	443
K562_skew	[-1.0,-0.5)	PLS	ULTRARARE	del_2	102
K562_skew	[-1.0,-0.5)	PLS	ULTRARARE	del_3	77
K562_skew	[-1.0,-0.5)	PLS	ULTRARARE	del_4	39
K562_skew	[-1.0,-0.5)	PLS	ULTRARARE	del_5	47
K562_skew	[-1.0,-0.5)	PLS	ULTRARARE	del_6	47
K562_skew	[-1.0,-0.5)	PLS	ULTRARARE	del_7	28
K562_skew	[-1.0,-0.5)	PLS	ULTRARARE	del_8	34
K562_skew	[-1.0,-0.5)	PLS	ULTRARARE	del_9	24
K562_skew	[-1.0,-0.5)	PLS	ULTRARARE	ins_1	235
K562_skew	[-1.0,-0.5)	PLS	ULTRARARE	ins_10plus	120
K562_skew	[-1.0,-0.5)	PLS	ULTRARARE	ins_2	60
K562_skew	[-1.0,-0.5)	PLS	ULTRARARE	ins_3	26
K562_skew	[-1.0,-0.5)	PLS	ULTRARARE	ins_4	22
K562_skew	[-1.0,-0.5)	PLS	ULTRARARE	ins_5	11
K562_skew	[-1.0,-0.5)	PLS	ULTRARARE	ins_6	27
K562_skew	[-1.0,-0.5)	PLS	ULTRARARE	ins_7	12
K562_skew	[-1.0,-0.5)	PLS	ULTRARARE	ins_8	12
K562_skew	[-1.0,-0.5)	PLS	ULTRARARE	ins_9	12
K562_skew	[-1.0,-0.5)	dELS	COMMON	del_1	236
K562_skew	[-1.0,-0.5)	dELS	COMMON	del_10plus	205
K562_skew	[-1.0,-0.5)	dELS	COMMON	del_2	125
K562_skew	[-1.0,-0.5)	dELS	COMMON	del_3	72
K562_skew	[-1.0,-0.5)	dELS	COMMON	del_4	48
K562_skew	[-1.0,-0.5)	dELS	COMMON	del_5	29
K562_skew	[-1.0,-0.5)	dELS	COMMON	del_6	41
K562_skew	[-1.0,-0.5)	dELS	COMMON	del_7	15
K562_skew	[-1.0,-0.5)	dELS	COMMON	del_8	30
K562_skew	[-1.0,-0.5)	dELS	COMMON	del_9	10
K562_skew	[-1.0,-0.5)	dELS	COMMON	ins_1	147
K562_skew	[-1.0,-0.5)	dELS	COMMON	ins_10plus	55
K562_skew	[-1.0,-0.5)	dELS	COMMON	ins_2	56
K562_skew	[-1.0,-0.5)	dELS	COMMON	ins_3	20
K562_skew	[-1.0,-0.5)	dELS	COMMON	ins_4	20
K562_skew	[-1.0,-0.5)	dELS	COMMON	ins_5	10
K562_skew	[-1.0,-0.5)	dELS	COMMON	ins_6	5
K562_skew	[-1.0,-0.5)	dELS	COMMON	ins_7	11
K562_skew	[-1.0,-0.5)	dELS	COMMON	ins_8	3
K562_skew	[-1.0,-0.5)	dELS	COMMON	ins_9	4
K562_skew	[-1.0,-0.5)	dELS	LOW_FREQ	del_1	317
K562_skew	[-1.0,-0.5)	dELS	LOW_FREQ	del_10plus	285
K562_skew	[-1.0,-0.5)	dELS	LOW_FREQ	del_2	121
K562_skew	[-1.0,-0.5)	dELS	LOW_FREQ	del_3	82
K562_skew	[-1.0,-0.5)	dELS	LOW_FREQ	del_4	69
K562_skew	[-1.0,-0.5)	dELS	LOW_FREQ	del_5	40
K562_skew	[-1.0,-0.5)	dELS	LOW_FREQ	del_6	42
K562_skew	[-1.0,-0.5)	dELS	LOW_FREQ	del_7	30
K562_skew	[-1.0,-0.5)	dELS	LOW_FREQ	del_8	44
K562_skew	[-1.0,-0.5)	dELS	LOW_FREQ	del_9	19
K562_skew	[-1.0,-0.5)	dELS	LOW_FREQ	ins_1	143
K562_skew	[-1.0,-0.5)	dELS	LOW_FREQ	ins_10plus	81
K562_skew	[-1.0,-0.5)	dELS	LOW_FREQ	ins_2	54
K562_skew	[-1.0,-0.5)	dELS	LOW_FREQ	ins_3	22
K562_skew	[-1.0,-0.5)	dELS	LOW_FREQ	ins_4	36
K562_skew	[-1.0,-0.5)	dELS	LOW_FREQ	ins_5	15
K562_skew	[-1.0,-0.5)	dELS	LOW_FREQ	ins_6	15
K562_skew	[-1.0,-0.5)	dELS	LOW_FREQ	ins_7	8
K562_skew	[-1.0,-0.5)	dELS	LOW_FREQ	ins_8	7
K562_skew	[-1.0,-0.5)	dELS	LOW_FREQ	ins_9	10
K562_skew	[-1.0,-0.5)	dELS	RARE	del_1	823
K562_skew	[-1.0,-0.5)	dELS	RARE	del_10plus	622
K562_skew	[-1.0,-0.5)	dELS	RARE	del_2	319
K562_skew	[-1.0,-0.5)	dELS	RARE	del_3	219
K562_skew	[-1.0,-0.5)	dELS	RARE	del_4	203
K562_skew	[-1.0,-0.5)	dELS	RARE	del_5	121
K562_skew	[-1.0,-0.5)	dELS	RARE	del_6	85
K562_skew	[-1.0,-0.5)	dELS	RARE	del_7	63
K562_skew	[-1.0,-0.5)	dELS	RARE	del_8	85
K562_skew	[-1.0,-0.5)	dELS	RARE	del_9	43
K562_skew	[-1.0,-0.5)	dELS	RARE	ins_1	353
K562_skew	[-1.0,-0.5)	dELS	RARE	ins_10plus	180
K562_skew	[-1.0,-0.5)	dELS	RARE	ins_2	111
K562_skew	[-1.0,-0.5)	dELS	RARE	ins_3	54
K562_skew	[-1.0,-0.5)	dELS	RARE	ins_4	63
K562_skew	[-1.0,-0.5)	dELS	RARE	ins_5	37
K562_skew	[-1.0,-0.5)	dELS	RARE	ins_6	23
K562_skew	[-1.0,-0.5)	dELS	RARE	ins_7	20
K562_skew	[-1.0,-0.5)	dELS	RARE	ins_8	22
K562_skew	[-1.0,-0.5)	dELS	RARE	ins_9	23
K562_skew	[-1.0,-0.5)	dELS	SINGLETON	del_1	9204
K562_skew	[-1.0,-0.5)	dELS	SINGLETON	del_10plus	3407
K562_skew	[-1.0,-0.5)	dELS	SINGLETON	del_2	2754
K562_skew	[-1.0,-0.5)	dELS	SINGLETON	del_3	2240
K562_skew	[-1.0,-0.5)	dELS	SINGLETON	del_4	1464
K562_skew	[-1.0,-0.5)	dELS	SINGLETON	del_5	929
K562_skew	[-1.0,-0.5)	dELS	SINGLETON	del_6	643
K562_skew	[-1.0,-0.5)	dELS	SINGLETON	del_7	544
K562_skew	[-1.0,-0.5)	dELS	SINGLETON	del_8	566
K562_skew	[-1.0,-0.5)	dELS	SINGLETON	del_9	431
K562_skew	[-1.0,-0.5)	dELS	SINGLETON	ins_1	3355
K562_skew	[-1.0,-0.5)	dELS	SINGLETON	ins_10plus	910
K562_skew	[-1.0,-0.5)	dELS	SINGLETON	ins_2	925
K562_skew	[-1.0,-0.5)	dELS	SINGLETON	ins_3	514
K562_skew	[-1.0,-0.5)	dELS	SINGLETON	ins_4	599
K562_skew	[-1.0,-0.5)	dELS	SINGLETON	ins_5	257
K562_skew	[-1.0,-0.5)	dELS	SINGLETON	ins_6	205
K562_skew	[-1.0,-0.5)	dELS	SINGLETON	ins_7	162
K562_skew	[-1.0,-0.5)	dELS	SINGLETON	ins_8	132
K562_skew	[-1.0,-0.5)	dELS	SINGLETON	ins_9	151
K562_skew	[-1.0,-0.5)	dELS	ULTRARARE	del_1	5161
K562_skew	[-1.0,-0.5)	dELS	ULTRARARE	del_10plus	2302
K562_skew	[-1.0,-0.5)	dELS	ULTRARARE	del_2	1792
K562_skew	[-1.0,-0.5)	dELS	ULTRARARE	del_3	1448
K562_skew	[-1.0,-0.5)	dELS	ULTRARARE	del_4	1021
K562_skew	[-1.0,-0.5)	dELS	ULTRARARE	del_5	576
K562_skew	[-1.0,-0.5)	dELS	ULTRARARE	del_6	396
K562_skew	[-1.0,-0.5)	dELS	ULTRARARE	del_7	331
K562_skew	[-1.0,-0.5)	dELS	ULTRARARE	del_8	355
K562_skew	[-1.0,-0.5)	dELS	ULTRARARE	del_9	250
K562_skew	[-1.0,-0.5)	dELS	ULTRARARE	ins_1	2032
K562_skew	[-1.0,-0.5)	dELS	ULTRARARE	ins_10plus	600
K562_skew	[-1.0,-0.5)	dELS	ULTRARARE	ins_2	589
K562_skew	[-1.0,-0.5)	dELS	ULTRARARE	ins_3	297
K562_skew	[-1.0,-0.5)	dELS	ULTRARARE	ins_4	345
K562_skew	[-1.0,-0.5)	dELS	ULTRARARE	ins_5	151
K562_skew	[-1.0,-0.5)	dELS	ULTRARARE	ins_6	118
K562_skew	[-1.0,-0.5)	dELS	ULTRARARE	ins_7	89
K562_skew	[-1.0,-0.5)	dELS	ULTRARARE	ins_8	96
K562_skew	[-1.0,-0.5)	dELS	ULTRARARE	ins_9	85
K562_skew	[-1.0,-0.5)	non-cCRE	COMMON	del_1	436
K562_skew	[-1.0,-0.5)	non-cCRE	COMMON	del_10plus	520
K562_skew	[-1.0,-0.5)	non-cCRE	COMMON	del_2	190
K562_skew	[-1.0,-0.5)	non-cCRE	COMMON	del_3	126
K562_skew	[-1.0,-0.5)	non-cCRE	COMMON	del_4	121
K562_skew	[-1.0,-0.5)	non-cCRE	COMMON	del_5	75
K562_skew	[-1.0,-0.5)	non-cCRE	COMMON	del_6	64
K562_skew	[-1.0,-0.5)	non-cCRE	COMMON	del_7	40
K562_skew	[-1.0,-0.5)	non-cCRE	COMMON	del_8	89
K562_skew	[-1.0,-0.5)	non-cCRE	COMMON	del_9	47
K562_skew	[-1.0,-0.5)	non-cCRE	COMMON	ins_1	237
K562_skew	[-1.0,-0.5)	non-cCRE	COMMON	ins_10plus	146
K562_skew	[-1.0,-0.5)	non-cCRE	COMMON	ins_2	98
K562_skew	[-1.0,-0.5)	non-cCRE	COMMON	ins_3	43
K562_skew	[-1.0,-0.5)	non-cCRE	COMMON	ins_4	49
K562_skew	[-1.0,-0.5)	non-cCRE	COMMON	ins_5	28
K562_skew	[-1.0,-0.5)	non-cCRE	COMMON	ins_6	22
K562_skew	[-1.0,-0.5)	non-cCRE	COMMON	ins_7	5
K562_skew	[-1.0,-0.5)	non-cCRE	COMMON	ins_8	13
K562_skew	[-1.0,-0.5)	non-cCRE	COMMON	ins_9	18
K562_skew	[-1.0,-0.5)	non-cCRE	LOW_FREQ	del_1	544
K562_skew	[-1.0,-0.5)	non-cCRE	LOW_FREQ	del_10plus	730
K562_skew	[-1.0,-0.5)	non-cCRE	LOW_FREQ	del_2	203
K562_skew	[-1.0,-0.5)	non-cCRE	LOW_FREQ	del_3	195
K562_skew	[-1.0,-0.5)	non-cCRE	LOW_FREQ	del_4	146
K562_skew	[-1.0,-0.5)	non-cCRE	LOW_FREQ	del_5	79
K562_skew	[-1.0,-0.5)	non-cCRE	LOW_FREQ	del_6	79
K562_skew	[-1.0,-0.5)	non-cCRE	LOW_FREQ	del_7	73
K562_skew	[-1.0,-0.5)	non-cCRE	LOW_FREQ	del_8	134
K562_skew	[-1.0,-0.5)	non-cCRE	LOW_FREQ	del_9	51
K562_skew	[-1.0,-0.5)	non-cCRE	LOW_FREQ	ins_1	264
K562_skew	[-1.0,-0.5)	non-cCRE	LOW_FREQ	ins_10plus	215
K562_skew	[-1.0,-0.5)	non-cCRE	LOW_FREQ	ins_2	97
K562_skew	[-1.0,-0.5)	non-cCRE	LOW_FREQ	ins_3	40
K562_skew	[-1.0,-0.5)	non-cCRE	LOW_FREQ	ins_4	48
K562_skew	[-1.0,-0.5)	non-cCRE	LOW_FREQ	ins_5	27
K562_skew	[-1.0,-0.5)	non-cCRE	LOW_FREQ	ins_6	28
K562_skew	[-1.0,-0.5)	non-cCRE	LOW_FREQ	ins_7	12
K562_skew	[-1.0,-0.5)	non-cCRE	LOW_FREQ	ins_8	15
K562_skew	[-1.0,-0.5)	non-cCRE	LOW_FREQ	ins_9	12
K562_skew	[-1.0,-0.5)	non-cCRE	RARE	del_1	1412
K562_skew	[-1.0,-0.5)	non-cCRE	RARE	del_10plus	1505
K562_skew	[-1.0,-0.5)	non-cCRE	RARE	del_2	472
K562_skew	[-1.0,-0.5)	non-cCRE	RARE	del_3	440
K562_skew	[-1.0,-0.5)	non-cCRE	RARE	del_4	344
K562_skew	[-1.0,-0.5)	non-cCRE	RARE	del_5	206
K562_skew	[-1.0,-0.5)	non-cCRE	RARE	del_6	181
K562_skew	[-1.0,-0.5)	non-cCRE	RARE	del_7	165
K562_skew	[-1.0,-0.5)	non-cCRE	RARE	del_8	232
K562_skew	[-1.0,-0.5)	non-cCRE	RARE	del_9	133
K562_skew	[-1.0,-0.5)	non-cCRE	RARE	ins_1	487
K562_skew	[-1.0,-0.5)	non-cCRE	RARE	ins_10plus	428
K562_skew	[-1.0,-0.5)	non-cCRE	RARE	ins_2	223
K562_skew	[-1.0,-0.5)	non-cCRE	RARE	ins_3	99
K562_skew	[-1.0,-0.5)	non-cCRE	RARE	ins_4	126
K562_skew	[-1.0,-0.5)	non-cCRE	RARE	ins_5	56
K562_skew	[-1.0,-0.5)	non-cCRE	RARE	ins_6	67
K562_skew	[-1.0,-0.5)	non-cCRE	RARE	ins_7	39
K562_skew	[-1.0,-0.5)	non-cCRE	RARE	ins_8	44
K562_skew	[-1.0,-0.5)	non-cCRE	RARE	ins_9	36
K562_skew	[-1.0,-0.5)	non-cCRE	SINGLETON	del_1	14816
K562_skew	[-1.0,-0.5)	non-cCRE	SINGLETON	del_10plus	7720
K562_skew	[-1.0,-0.5)	non-cCRE	SINGLETON	del_2	4099
K562_skew	[-1.0,-0.5)	non-cCRE	SINGLETON	del_3	4123
K562_skew	[-1.0,-0.5)	non-cCRE	SINGLETON	del_4	2509
K562_skew	[-1.0,-0.5)	non-cCRE	SINGLETON	del_5	1831
K562_skew	[-1.0,-0.5)	non-cCRE	SINGLETON	del_6	1536
K562_skew	[-1.0,-0.5)	non-cCRE	SINGLETON	del_7	1230
K562_skew	[-1.0,-0.5)	non-cCRE	SINGLETON	del_8	1460
K562_skew	[-1.0,-0.5)	non-cCRE	SINGLETON	del_9	1004
K562_skew	[-1.0,-0.5)	non-cCRE	SINGLETON	ins_1	4535
K562_skew	[-1.0,-0.5)	non-cCRE	SINGLETON	ins_10plus	2007
K562_skew	[-1.0,-0.5)	non-cCRE	SINGLETON	ins_2	1668
K562_skew	[-1.0,-0.5)	non-cCRE	SINGLETON	ins_3	879
K562_skew	[-1.0,-0.5)	non-cCRE	SINGLETON	ins_4	899
K562_skew	[-1.0,-0.5)	non-cCRE	SINGLETON	ins_5	404
K562_skew	[-1.0,-0.5)	non-cCRE	SINGLETON	ins_6	353
K562_skew	[-1.0,-0.5)	non-cCRE	SINGLETON	ins_7	272
K562_skew	[-1.0,-0.5)	non-cCRE	SINGLETON	ins_8	258
K562_skew	[-1.0,-0.5)	non-cCRE	SINGLETON	ins_9	236
K562_skew	[-1.0,-0.5)	non-cCRE	ULTRARARE	del_1	8290
K562_skew	[-1.0,-0.5)	non-cCRE	ULTRARARE	del_10plus	5433
K562_skew	[-1.0,-0.5)	non-cCRE	ULTRARARE	del_2	2579
K562_skew	[-1.0,-0.5)	non-cCRE	ULTRARARE	del_3	2612
K562_skew	[-1.0,-0.5)	non-cCRE	ULTRARARE	del_4	1758
K562_skew	[-1.0,-0.5)	non-cCRE	ULTRARARE	del_5	1272
K562_skew	[-1.0,-0.5)	non-cCRE	ULTRARARE	del_6	945
K562_skew	[-1.0,-0.5)	non-cCRE	ULTRARARE	del_7	774
K562_skew	[-1.0,-0.5)	non-cCRE	ULTRARARE	del_8	958
K562_skew	[-1.0,-0.5)	non-cCRE	ULTRARARE	del_9	606
K562_skew	[-1.0,-0.5)	non-cCRE	ULTRARARE	ins_1	2780
K562_skew	[-1.0,-0.5)	non-cCRE	ULTRARARE	ins_10plus	1398
K562_skew	[-1.0,-0.5)	non-cCRE	ULTRARARE	ins_2	1067
K562_skew	[-1.0,-0.5)	non-cCRE	ULTRARARE	ins_3	495
K562_skew	[-1.0,-0.5)	non-cCRE	ULTRARARE	ins_4	536
K562_skew	[-1.0,-0.5)	non-cCRE	ULTRARARE	ins_5	249
K562_skew	[-1.0,-0.5)	non-cCRE	ULTRARARE	ins_6	219
K562_skew	[-1.0,-0.5)	non-cCRE	ULTRARARE	ins_7	162
K562_skew	[-1.0,-0.5)	non-cCRE	ULTRARARE	ins_8	161
K562_skew	[-1.0,-0.5)	non-cCRE	ULTRARARE	ins_9	162
K562_skew	[-1.0,-0.5)	pELS	COMMON	del_1	34
K562_skew	[-1.0,-0.5)	pELS	COMMON	del_10plus	55
K562_skew	[-1.0,-0.5)	pELS	COMMON	del_2	15
K562_skew	[-1.0,-0.5)	pELS	COMMON	del_3	11
K562_skew	[-1.0,-0.5)	pELS	COMMON	del_4	4
K562_skew	[-1.0,-0.5)	pELS	COMMON	del_5	7
K562_skew	[-1.0,-0.5)	pELS	COMMON	del_6	7
K562_skew	[-1.0,-0.5)	pELS	COMMON	del_7	5
K562_skew	[-1.0,-0.5)	pELS	COMMON	del_8	6
K562_skew	[-1.0,-0.5)	pELS	COMMON	del_9	3
K562_skew	[-1.0,-0.5)	pELS	COMMON	ins_1	23
K562_skew	[-1.0,-0.5)	pELS	COMMON	ins_10plus	8
K562_skew	[-1.0,-0.5)	pELS	COMMON	ins_2	7
K562_skew	[-1.0,-0.5)	pELS	COMMON	ins_3	6
K562_skew	[-1.0,-0.5)	pELS	COMMON	ins_4	4
K562_skew	[-1.0,-0.5)	pELS	COMMON	ins_5	1
K562_skew	[-1.0,-0.5)	pELS	COMMON	ins_8	1
K562_skew	[-1.0,-0.5)	pELS	LOW_FREQ	del_1	68
K562_skew	[-1.0,-0.5)	pELS	LOW_FREQ	del_10plus	61
K562_skew	[-1.0,-0.5)	pELS	LOW_FREQ	del_2	16
K562_skew	[-1.0,-0.5)	pELS	LOW_FREQ	del_3	16
K562_skew	[-1.0,-0.5)	pELS	LOW_FREQ	del_4	18
K562_skew	[-1.0,-0.5)	pELS	LOW_FREQ	del_5	8
K562_skew	[-1.0,-0.5)	pELS	LOW_FREQ	del_6	10
K562_skew	[-1.0,-0.5)	pELS	LOW_FREQ	del_7	1
K562_skew	[-1.0,-0.5)	pELS	LOW_FREQ	del_8	12
K562_skew	[-1.0,-0.5)	pELS	LOW_FREQ	del_9	5
K562_skew	[-1.0,-0.5)	pELS	LOW_FREQ	ins_1	37
K562_skew	[-1.0,-0.5)	pELS	LOW_FREQ	ins_10plus	16
K562_skew	[-1.0,-0.5)	pELS	LOW_FREQ	ins_2	8
K562_skew	[-1.0,-0.5)	pELS	LOW_FREQ	ins_3	3
K562_skew	[-1.0,-0.5)	pELS	LOW_FREQ	ins_4	1
K562_skew	[-1.0,-0.5)	pELS	LOW_FREQ	ins_5	5
K562_skew	[-1.0,-0.5)	pELS	LOW_FREQ	ins_6	1
K562_skew	[-1.0,-0.5)	pELS	LOW_FREQ	ins_7	2
K562_skew	[-1.0,-0.5)	pELS	LOW_FREQ	ins_8	1
K562_skew	[-1.0,-0.5)	pELS	LOW_FREQ	ins_9	5
K562_skew	[-1.0,-0.5)	pELS	RARE	del_1	142
K562_skew	[-1.0,-0.5)	pELS	RARE	del_10plus	169
K562_skew	[-1.0,-0.5)	pELS	RARE	del_2	53
K562_skew	[-1.0,-0.5)	pELS	RARE	del_3	36
K562_skew	[-1.0,-0.5)	pELS	RARE	del_4	38
K562_skew	[-1.0,-0.5)	pELS	RARE	del_5	20
K562_skew	[-1.0,-0.5)	pELS	RARE	del_6	20
K562_skew	[-1.0,-0.5)	pELS	RARE	del_7	16
K562_skew	[-1.0,-0.5)	pELS	RARE	del_8	25
K562_skew	[-1.0,-0.5)	pELS	RARE	del_9	13
K562_skew	[-1.0,-0.5)	pELS	RARE	ins_1	86
K562_skew	[-1.0,-0.5)	pELS	RARE	ins_10plus	36
K562_skew	[-1.0,-0.5)	pELS	RARE	ins_2	23
K562_skew	[-1.0,-0.5)	pELS	RARE	ins_3	17
K562_skew	[-1.0,-0.5)	pELS	RARE	ins_4	15
K562_skew	[-1.0,-0.5)	pELS	RARE	ins_5	7
K562_skew	[-1.0,-0.5)	pELS	RARE	ins_6	6
K562_skew	[-1.0,-0.5)	pELS	RARE	ins_7	1
K562_skew	[-1.0,-0.5)	pELS	RARE	ins_8	4
K562_skew	[-1.0,-0.5)	pELS	RARE	ins_9	2
K562_skew	[-1.0,-0.5)	pELS	SINGLETON	del_1	1636
K562_skew	[-1.0,-0.5)	pELS	SINGLETON	del_10plus	824
K562_skew	[-1.0,-0.5)	pELS	SINGLETON	del_2	448
K562_skew	[-1.0,-0.5)	pELS	SINGLETON	del_3	376
K562_skew	[-1.0,-0.5)	pELS	SINGLETON	del_4	233
K562_skew	[-1.0,-0.5)	pELS	SINGLETON	del_5	169
K562_skew	[-1.0,-0.5)	pELS	SINGLETON	del_6	153
K562_skew	[-1.0,-0.5)	pELS	SINGLETON	del_7	98
K562_skew	[-1.0,-0.5)	pELS	SINGLETON	del_8	114
K562_skew	[-1.0,-0.5)	pELS	SINGLETON	del_9	90
K562_skew	[-1.0,-0.5)	pELS	SINGLETON	ins_1	744
K562_skew	[-1.0,-0.5)	pELS	SINGLETON	ins_10plus	266
K562_skew	[-1.0,-0.5)	pELS	SINGLETON	ins_2	192
K562_skew	[-1.0,-0.5)	pELS	SINGLETON	ins_3	129
K562_skew	[-1.0,-0.5)	pELS	SINGLETON	ins_4	93
K562_skew	[-1.0,-0.5)	pELS	SINGLETON	ins_5	59
K562_skew	[-1.0,-0.5)	pELS	SINGLETON	ins_6	58
K562_skew	[-1.0,-0.5)	pELS	SINGLETON	ins_7	27
K562_skew	[-1.0,-0.5)	pELS	SINGLETON	ins_8	33
K562_skew	[-1.0,-0.5)	pELS	SINGLETON	ins_9	36
K562_skew	[-1.0,-0.5)	pELS	ULTRARARE	del_1	931
K562_skew	[-1.0,-0.5)	pELS	ULTRARARE	del_10plus	550
K562_skew	[-1.0,-0.5)	pELS	ULTRARARE	del_2	302
K562_skew	[-1.0,-0.5)	pELS	ULTRARARE	del_3	283
K562_skew	[-1.0,-0.5)	pELS	ULTRARARE	del_4	206
K562_skew	[-1.0,-0.5)	pELS	ULTRARARE	del_5	108
K562_skew	[-1.0,-0.5)	pELS	ULTRARARE	del_6	87
K562_skew	[-1.0,-0.5)	pELS	ULTRARARE	del_7	54
K562_skew	[-1.0,-0.5)	pELS	ULTRARARE	del_8	84
K562_skew	[-1.0,-0.5)	pELS	ULTRARARE	del_9	46
K562_skew	[-1.0,-0.5)	pELS	ULTRARARE	ins_1	479
K562_skew	[-1.0,-0.5)	pELS	ULTRARARE	ins_10plus	153
K562_skew	[-1.0,-0.5)	pELS	ULTRARARE	ins_2	122
K562_skew	[-1.0,-0.5)	pELS	ULTRARARE	ins_3	63
K562_skew	[-1.0,-0.5)	pELS	ULTRARARE	ins_4	72
K562_skew	[-1.0,-0.5)	pELS	ULTRARARE	ins_5	26
K562_skew	[-1.0,-0.5)	pELS	ULTRARARE	ins_6	30
K562_skew	[-1.0,-0.5)	pELS	ULTRARARE	ins_7	21
K562_skew	[-1.0,-0.5)	pELS	ULTRARARE	ins_8	17
K562_skew	[-1.0,-0.5)	pELS	ULTRARARE	ins_9	20
K562_skew	[-1.5,-1.0)	Other cCREs	COMMON	del_1	23
K562_skew	[-1.5,-1.0)	Other cCREs	COMMON	del_10plus	19
K562_skew	[-1.5,-1.0)	Other cCREs	COMMON	del_2	7
K562_skew	[-1.5,-1.0)	Other cCREs	COMMON	del_3	7
K562_skew	[-1.5,-1.0)	Other cCREs	COMMON	del_4	4
K562_skew	[-1.5,-1.0)	Other cCREs	COMMON	del_5	2
K562_skew	[-1.5,-1.0)	Other cCREs	COMMON	del_6	5
K562_skew	[-1.5,-1.0)	Other cCREs	COMMON	del_7	1
K562_skew	[-1.5,-1.0)	Other cCREs	COMMON	del_8	2
K562_skew	[-1.5,-1.0)	Other cCREs	COMMON	del_9	2
K562_skew	[-1.5,-1.0)	Other cCREs	COMMON	ins_1	10
K562_skew	[-1.5,-1.0)	Other cCREs	COMMON	ins_10plus	1
K562_skew	[-1.5,-1.0)	Other cCREs	COMMON	ins_2	3
K562_skew	[-1.5,-1.0)	Other cCREs	COMMON	ins_4	1
K562_skew	[-1.5,-1.0)	Other cCREs	COMMON	ins_6	1
K562_skew	[-1.5,-1.0)	Other cCREs	COMMON	ins_8	1
K562_skew	[-1.5,-1.0)	Other cCREs	LOW_FREQ	del_1	16
K562_skew	[-1.5,-1.0)	Other cCREs	LOW_FREQ	del_10plus	31
K562_skew	[-1.5,-1.0)	Other cCREs	LOW_FREQ	del_2	6
K562_skew	[-1.5,-1.0)	Other cCREs	LOW_FREQ	del_3	9
K562_skew	[-1.5,-1.0)	Other cCREs	LOW_FREQ	del_4	3
K562_skew	[-1.5,-1.0)	Other cCREs	LOW_FREQ	del_5	5
K562_skew	[-1.5,-1.0)	Other cCREs	LOW_FREQ	del_6	4
K562_skew	[-1.5,-1.0)	Other cCREs	LOW_FREQ	del_7	2
K562_skew	[-1.5,-1.0)	Other cCREs	LOW_FREQ	del_8	5
K562_skew	[-1.5,-1.0)	Other cCREs	LOW_FREQ	del_9	2
K562_skew	[-1.5,-1.0)	Other cCREs	LOW_FREQ	ins_1	10
K562_skew	[-1.5,-1.0)	Other cCREs	LOW_FREQ	ins_10plus	1
K562_skew	[-1.5,-1.0)	Other cCREs	LOW_FREQ	ins_2	3
K562_skew	[-1.5,-1.0)	Other cCREs	LOW_FREQ	ins_5	1
K562_skew	[-1.5,-1.0)	Other cCREs	LOW_FREQ	ins_7	1
K562_skew	[-1.5,-1.0)	Other cCREs	LOW_FREQ	ins_8	2
K562_skew	[-1.5,-1.0)	Other cCREs	LOW_FREQ	ins_9	1
K562_skew	[-1.5,-1.0)	Other cCREs	RARE	del_1	77
K562_skew	[-1.5,-1.0)	Other cCREs	RARE	del_10plus	54
K562_skew	[-1.5,-1.0)	Other cCREs	RARE	del_2	29
K562_skew	[-1.5,-1.0)	Other cCREs	RARE	del_3	20
K562_skew	[-1.5,-1.0)	Other cCREs	RARE	del_4	8
K562_skew	[-1.5,-1.0)	Other cCREs	RARE	del_5	9
K562_skew	[-1.5,-1.0)	Other cCREs	RARE	del_6	3
K562_skew	[-1.5,-1.0)	Other cCREs	RARE	del_7	3
K562_skew	[-1.5,-1.0)	Other cCREs	RARE	del_8	5
K562_skew	[-1.5,-1.0)	Other cCREs	RARE	del_9	4
K562_skew	[-1.5,-1.0)	Other cCREs	RARE	ins_1	29
K562_skew	[-1.5,-1.0)	Other cCREs	RARE	ins_10plus	3
K562_skew	[-1.5,-1.0)	Other cCREs	RARE	ins_2	10
K562_skew	[-1.5,-1.0)	Other cCREs	RARE	ins_3	2
K562_skew	[-1.5,-1.0)	Other cCREs	RARE	ins_4	4
K562_skew	[-1.5,-1.0)	Other cCREs	RARE	ins_5	1
K562_skew	[-1.5,-1.0)	Other cCREs	RARE	ins_7	1
K562_skew	[-1.5,-1.0)	Other cCREs	RARE	ins_8	1
K562_skew	[-1.5,-1.0)	Other cCREs	SINGLETON	del_1	774
K562_skew	[-1.5,-1.0)	Other cCREs	SINGLETON	del_10plus	263
K562_skew	[-1.5,-1.0)	Other cCREs	SINGLETON	del_2	224
K562_skew	[-1.5,-1.0)	Other cCREs	SINGLETON	del_3	156
K562_skew	[-1.5,-1.0)	Other cCREs	SINGLETON	del_4	77
K562_skew	[-1.5,-1.0)	Other cCREs	SINGLETON	del_5	65
K562_skew	[-1.5,-1.0)	Other cCREs	SINGLETON	del_6	57
K562_skew	[-1.5,-1.0)	Other cCREs	SINGLETON	del_7	39
K562_skew	[-1.5,-1.0)	Other cCREs	SINGLETON	del_8	48
K562_skew	[-1.5,-1.0)	Other cCREs	SINGLETON	del_9	37
K562_skew	[-1.5,-1.0)	Other cCREs	SINGLETON	ins_1	216
K562_skew	[-1.5,-1.0)	Other cCREs	SINGLETON	ins_10plus	38
K562_skew	[-1.5,-1.0)	Other cCREs	SINGLETON	ins_2	78
K562_skew	[-1.5,-1.0)	Other cCREs	SINGLETON	ins_3	35
K562_skew	[-1.5,-1.0)	Other cCREs	SINGLETON	ins_4	34
K562_skew	[-1.5,-1.0)	Other cCREs	SINGLETON	ins_5	15
K562_skew	[-1.5,-1.0)	Other cCREs	SINGLETON	ins_6	7
K562_skew	[-1.5,-1.0)	Other cCREs	SINGLETON	ins_7	8
K562_skew	[-1.5,-1.0)	Other cCREs	SINGLETON	ins_8	10
K562_skew	[-1.5,-1.0)	Other cCREs	SINGLETON	ins_9	5
K562_skew	[-1.5,-1.0)	Other cCREs	ULTRARARE	del_1	430
K562_skew	[-1.5,-1.0)	Other cCREs	ULTRARARE	del_10plus	194
K562_skew	[-1.5,-1.0)	Other cCREs	ULTRARARE	del_2	120
K562_skew	[-1.5,-1.0)	Other cCREs	ULTRARARE	del_3	89
K562_skew	[-1.5,-1.0)	Other cCREs	ULTRARARE	del_4	62
K562_skew	[-1.5,-1.0)	Other cCREs	ULTRARARE	del_5	41
K562_skew	[-1.5,-1.0)	Other cCREs	ULTRARARE	del_6	39
K562_skew	[-1.5,-1.0)	Other cCREs	ULTRARARE	del_7	21
K562_skew	[-1.5,-1.0)	Other cCREs	ULTRARARE	del_8	22
K562_skew	[-1.5,-1.0)	Other cCREs	ULTRARARE	del_9	19
K562_skew	[-1.5,-1.0)	Other cCREs	ULTRARARE	ins_1	144
K562_skew	[-1.5,-1.0)	Other cCREs	ULTRARARE	ins_10plus	27
K562_skew	[-1.5,-1.0)	Other cCREs	ULTRARARE	ins_2	42
K562_skew	[-1.5,-1.0)	Other cCREs	ULTRARARE	ins_3	19
K562_skew	[-1.5,-1.0)	Other cCREs	ULTRARARE	ins_4	33
K562_skew	[-1.5,-1.0)	Other cCREs	ULTRARARE	ins_5	9
K562_skew	[-1.5,-1.0)	Other cCREs	ULTRARARE	ins_6	6
K562_skew	[-1.5,-1.0)	Other cCREs	ULTRARARE	ins_7	7
K562_skew	[-1.5,-1.0)	Other cCREs	ULTRARARE	ins_8	7
K562_skew	[-1.5,-1.0)	Other cCREs	ULTRARARE	ins_9	3
K562_skew	[-1.5,-1.0)	PLS	COMMON	del_1	3
K562_skew	[-1.5,-1.0)	PLS	COMMON	del_10plus	8
K562_skew	[-1.5,-1.0)	PLS	COMMON	del_2	1
K562_skew	[-1.5,-1.0)	PLS	LOW_FREQ	del_1	9
K562_skew	[-1.5,-1.0)	PLS	LOW_FREQ	del_10plus	7
K562_skew	[-1.5,-1.0)	PLS	LOW_FREQ	del_2	1
K562_skew	[-1.5,-1.0)	PLS	LOW_FREQ	del_3	1
K562_skew	[-1.5,-1.0)	PLS	LOW_FREQ	del_4	2
K562_skew	[-1.5,-1.0)	PLS	LOW_FREQ	ins_1	1
K562_skew	[-1.5,-1.0)	PLS	LOW_FREQ	ins_2	1
K562_skew	[-1.5,-1.0)	PLS	LOW_FREQ	ins_3	1
K562_skew	[-1.5,-1.0)	PLS	LOW_FREQ	ins_4	3
K562_skew	[-1.5,-1.0)	PLS	LOW_FREQ	ins_7	1
K562_skew	[-1.5,-1.0)	PLS	RARE	del_1	29
K562_skew	[-1.5,-1.0)	PLS	RARE	del_10plus	22
K562_skew	[-1.5,-1.0)	PLS	RARE	del_2	4
K562_skew	[-1.5,-1.0)	PLS	RARE	del_3	3
K562_skew	[-1.5,-1.0)	PLS	RARE	del_4	3
K562_skew	[-1.5,-1.0)	PLS	RARE	del_5	2
K562_skew	[-1.5,-1.0)	PLS	RARE	del_6	6
K562_skew	[-1.5,-1.0)	PLS	RARE	del_8	1
K562_skew	[-1.5,-1.0)	PLS	RARE	del_9	2
K562_skew	[-1.5,-1.0)	PLS	RARE	ins_1	12
K562_skew	[-1.5,-1.0)	PLS	RARE	ins_10plus	3
K562_skew	[-1.5,-1.0)	PLS	RARE	ins_2	1
K562_skew	[-1.5,-1.0)	PLS	RARE	ins_6	1
K562_skew	[-1.5,-1.0)	PLS	SINGLETON	del_1	218
K562_skew	[-1.5,-1.0)	PLS	SINGLETON	del_10plus	186
K562_skew	[-1.5,-1.0)	PLS	SINGLETON	del_2	41
K562_skew	[-1.5,-1.0)	PLS	SINGLETON	del_3	39
K562_skew	[-1.5,-1.0)	PLS	SINGLETON	del_4	31
K562_skew	[-1.5,-1.0)	PLS	SINGLETON	del_5	30
K562_skew	[-1.5,-1.0)	PLS	SINGLETON	del_6	30
K562_skew	[-1.5,-1.0)	PLS	SINGLETON	del_7	21
K562_skew	[-1.5,-1.0)	PLS	SINGLETON	del_8	14
K562_skew	[-1.5,-1.0)	PLS	SINGLETON	del_9	12
K562_skew	[-1.5,-1.0)	PLS	SINGLETON	ins_1	85
K562_skew	[-1.5,-1.0)	PLS	SINGLETON	ins_10plus	20
K562_skew	[-1.5,-1.0)	PLS	SINGLETON	ins_2	30
K562_skew	[-1.5,-1.0)	PLS	SINGLETON	ins_3	11
K562_skew	[-1.5,-1.0)	PLS	SINGLETON	ins_4	10
K562_skew	[-1.5,-1.0)	PLS	SINGLETON	ins_5	12
K562_skew	[-1.5,-1.0)	PLS	SINGLETON	ins_6	3
K562_skew	[-1.5,-1.0)	PLS	SINGLETON	ins_7	4
K562_skew	[-1.5,-1.0)	PLS	SINGLETON	ins_8	7
K562_skew	[-1.5,-1.0)	PLS	SINGLETON	ins_9	2
K562_skew	[-1.5,-1.0)	PLS	ULTRARARE	del_1	122
K562_skew	[-1.5,-1.0)	PLS	ULTRARARE	del_10plus	133
K562_skew	[-1.5,-1.0)	PLS	ULTRARARE	del_2	21
K562_skew	[-1.5,-1.0)	PLS	ULTRARARE	del_3	20
K562_skew	[-1.5,-1.0)	PLS	ULTRARARE	del_4	20
K562_skew	[-1.5,-1.0)	PLS	ULTRARARE	del_5	11
K562_skew	[-1.5,-1.0)	PLS	ULTRARARE	del_6	10
K562_skew	[-1.5,-1.0)	PLS	ULTRARARE	del_7	5
K562_skew	[-1.5,-1.0)	PLS	ULTRARARE	del_8	10
K562_skew	[-1.5,-1.0)	PLS	ULTRARARE	del_9	15
K562_skew	[-1.5,-1.0)	PLS	ULTRARARE	ins_1	56
K562_skew	[-1.5,-1.0)	PLS	ULTRARARE	ins_10plus	25
K562_skew	[-1.5,-1.0)	PLS	ULTRARARE	ins_2	15
K562_skew	[-1.5,-1.0)	PLS	ULTRARARE	ins_3	4
K562_skew	[-1.5,-1.0)	PLS	ULTRARARE	ins_4	6
K562_skew	[-1.5,-1.0)	PLS	ULTRARARE	ins_5	7
K562_skew	[-1.5,-1.0)	PLS	ULTRARARE	ins_6	2
K562_skew	[-1.5,-1.0)	PLS	ULTRARARE	ins_7	3
K562_skew	[-1.5,-1.0)	PLS	ULTRARARE	ins_8	3
K562_skew	[-1.5,-1.0)	PLS	ULTRARARE	ins_9	2
K562_skew	[-1.5,-1.0)	dELS	COMMON	del_1	49
K562_skew	[-1.5,-1.0)	dELS	COMMON	del_10plus	49
K562_skew	[-1.5,-1.0)	dELS	COMMON	del_2	23
K562_skew	[-1.5,-1.0)	dELS	COMMON	del_3	11
K562_skew	[-1.5,-1.0)	dELS	COMMON	del_4	14
K562_skew	[-1.5,-1.0)	dELS	COMMON	del_5	6
K562_skew	[-1.5,-1.0)	dELS	COMMON	del_6	5
K562_skew	[-1.5,-1.0)	dELS	COMMON	del_7	5
K562_skew	[-1.5,-1.0)	dELS	COMMON	del_8	5
K562_skew	[-1.5,-1.0)	dELS	COMMON	del_9	3
K562_skew	[-1.5,-1.0)	dELS	COMMON	ins_1	19
K562_skew	[-1.5,-1.0)	dELS	COMMON	ins_10plus	4
K562_skew	[-1.5,-1.0)	dELS	COMMON	ins_2	17
K562_skew	[-1.5,-1.0)	dELS	COMMON	ins_3	6
K562_skew	[-1.5,-1.0)	dELS	COMMON	ins_4	1
K562_skew	[-1.5,-1.0)	dELS	COMMON	ins_5	1
K562_skew	[-1.5,-1.0)	dELS	COMMON	ins_6	3
K562_skew	[-1.5,-1.0)	dELS	COMMON	ins_9	1
K562_skew	[-1.5,-1.0)	dELS	LOW_FREQ	del_1	69
K562_skew	[-1.5,-1.0)	dELS	LOW_FREQ	del_10plus	54
K562_skew	[-1.5,-1.0)	dELS	LOW_FREQ	del_2	33
K562_skew	[-1.5,-1.0)	dELS	LOW_FREQ	del_3	20
K562_skew	[-1.5,-1.0)	dELS	LOW_FREQ	del_4	16
K562_skew	[-1.5,-1.0)	dELS	LOW_FREQ	del_5	11
K562_skew	[-1.5,-1.0)	dELS	LOW_FREQ	del_6	4
K562_skew	[-1.5,-1.0)	dELS	LOW_FREQ	del_7	6
K562_skew	[-1.5,-1.0)	dELS	LOW_FREQ	del_8	9
K562_skew	[-1.5,-1.0)	dELS	LOW_FREQ	del_9	6
K562_skew	[-1.5,-1.0)	dELS	LOW_FREQ	ins_1	27
K562_skew	[-1.5,-1.0)	dELS	LOW_FREQ	ins_10plus	9
K562_skew	[-1.5,-1.0)	dELS	LOW_FREQ	ins_2	10
K562_skew	[-1.5,-1.0)	dELS	LOW_FREQ	ins_3	9
K562_skew	[-1.5,-1.0)	dELS	LOW_FREQ	ins_4	10
K562_skew	[-1.5,-1.0)	dELS	LOW_FREQ	ins_5	2
K562_skew	[-1.5,-1.0)	dELS	LOW_FREQ	ins_6	2
K562_skew	[-1.5,-1.0)	dELS	LOW_FREQ	ins_7	4
K562_skew	[-1.5,-1.0)	dELS	LOW_FREQ	ins_8	1
K562_skew	[-1.5,-1.0)	dELS	RARE	del_1	178
K562_skew	[-1.5,-1.0)	dELS	RARE	del_10plus	127
K562_skew	[-1.5,-1.0)	dELS	RARE	del_2	89
K562_skew	[-1.5,-1.0)	dELS	RARE	del_3	54
K562_skew	[-1.5,-1.0)	dELS	RARE	del_4	35
K562_skew	[-1.5,-1.0)	dELS	RARE	del_5	32
K562_skew	[-1.5,-1.0)	dELS	RARE	del_6	22
K562_skew	[-1.5,-1.0)	dELS	RARE	del_7	12
K562_skew	[-1.5,-1.0)	dELS	RARE	del_8	16
K562_skew	[-1.5,-1.0)	dELS	RARE	del_9	14
K562_skew	[-1.5,-1.0)	dELS	RARE	ins_1	67
K562_skew	[-1.5,-1.0)	dELS	RARE	ins_10plus	12
K562_skew	[-1.5,-1.0)	dELS	RARE	ins_2	31
K562_skew	[-1.5,-1.0)	dELS	RARE	ins_3	7
K562_skew	[-1.5,-1.0)	dELS	RARE	ins_4	13
K562_skew	[-1.5,-1.0)	dELS	RARE	ins_5	2
K562_skew	[-1.5,-1.0)	dELS	RARE	ins_6	5
K562_skew	[-1.5,-1.0)	dELS	RARE	ins_7	1
K562_skew	[-1.5,-1.0)	dELS	RARE	ins_8	4
K562_skew	[-1.5,-1.0)	dELS	RARE	ins_9	3
K562_skew	[-1.5,-1.0)	dELS	SINGLETON	del_1	2414
K562_skew	[-1.5,-1.0)	dELS	SINGLETON	del_10plus	898
K562_skew	[-1.5,-1.0)	dELS	SINGLETON	del_2	677
K562_skew	[-1.5,-1.0)	dELS	SINGLETON	del_3	471
K562_skew	[-1.5,-1.0)	dELS	SINGLETON	del_4	335
K562_skew	[-1.5,-1.0)	dELS	SINGLETON	del_5	243
K562_skew	[-1.5,-1.0)	dELS	SINGLETON	del_6	167
K562_skew	[-1.5,-1.0)	dELS	SINGLETON	del_7	123
K562_skew	[-1.5,-1.0)	dELS	SINGLETON	del_8	110
K562_skew	[-1.5,-1.0)	dELS	SINGLETON	del_9	106
K562_skew	[-1.5,-1.0)	dELS	SINGLETON	ins_1	811
K562_skew	[-1.5,-1.0)	dELS	SINGLETON	ins_10plus	111
K562_skew	[-1.5,-1.0)	dELS	SINGLETON	ins_2	231
K562_skew	[-1.5,-1.0)	dELS	SINGLETON	ins_3	121
K562_skew	[-1.5,-1.0)	dELS	SINGLETON	ins_4	135
K562_skew	[-1.5,-1.0)	dELS	SINGLETON	ins_5	48
K562_skew	[-1.5,-1.0)	dELS	SINGLETON	ins_6	37
K562_skew	[-1.5,-1.0)	dELS	SINGLETON	ins_7	34
K562_skew	[-1.5,-1.0)	dELS	SINGLETON	ins_8	24
K562_skew	[-1.5,-1.0)	dELS	SINGLETON	ins_9	26
K562_skew	[-1.5,-1.0)	dELS	ULTRARARE	del_1	1316
K562_skew	[-1.5,-1.0)	dELS	ULTRARARE	del_10plus	630
K562_skew	[-1.5,-1.0)	dELS	ULTRARARE	del_2	438
K562_skew	[-1.5,-1.0)	dELS	ULTRARARE	del_3	327
K562_skew	[-1.5,-1.0)	dELS	ULTRARARE	del_4	237
K562_skew	[-1.5,-1.0)	dELS	ULTRARARE	del_5	174
K562_skew	[-1.5,-1.0)	dELS	ULTRARARE	del_6	105
K562_skew	[-1.5,-1.0)	dELS	ULTRARARE	del_7	75
K562_skew	[-1.5,-1.0)	dELS	ULTRARARE	del_8	79
K562_skew	[-1.5,-1.0)	dELS	ULTRARARE	del_9	47
K562_skew	[-1.5,-1.0)	dELS	ULTRARARE	ins_1	479
K562_skew	[-1.5,-1.0)	dELS	ULTRARARE	ins_10plus	76
K562_skew	[-1.5,-1.0)	dELS	ULTRARARE	ins_2	114
K562_skew	[-1.5,-1.0)	dELS	ULTRARARE	ins_3	60
K562_skew	[-1.5,-1.0)	dELS	ULTRARARE	ins_4	82
K562_skew	[-1.5,-1.0)	dELS	ULTRARARE	ins_5	40
K562_skew	[-1.5,-1.0)	dELS	ULTRARARE	ins_6	22
K562_skew	[-1.5,-1.0)	dELS	ULTRARARE	ins_7	20
K562_skew	[-1.5,-1.0)	dELS	ULTRARARE	ins_8	13
K562_skew	[-1.5,-1.0)	dELS	ULTRARARE	ins_9	11
K562_skew	[-1.5,-1.0)	non-cCRE	COMMON	del_1	75
K562_skew	[-1.5,-1.0)	non-cCRE	COMMON	del_10plus	68
K562_skew	[-1.5,-1.0)	non-cCRE	COMMON	del_2	20
K562_skew	[-1.5,-1.0)	non-cCRE	COMMON	del_3	17
K562_skew	[-1.5,-1.0)	non-cCRE	COMMON	del_4	13
K562_skew	[-1.5,-1.0)	non-cCRE	COMMON	del_5	7
K562_skew	[-1.5,-1.0)	non-cCRE	COMMON	del_6	17
K562_skew	[-1.5,-1.0)	non-cCRE	COMMON	del_7	2
K562_skew	[-1.5,-1.0)	non-cCRE	COMMON	del_8	8
K562_skew	[-1.5,-1.0)	non-cCRE	COMMON	del_9	4
K562_skew	[-1.5,-1.0)	non-cCRE	COMMON	ins_1	36
K562_skew	[-1.5,-1.0)	non-cCRE	COMMON	ins_10plus	11
K562_skew	[-1.5,-1.0)	non-cCRE	COMMON	ins_2	12
K562_skew	[-1.5,-1.0)	non-cCRE	COMMON	ins_3	8
K562_skew	[-1.5,-1.0)	non-cCRE	COMMON	ins_4	6
K562_skew	[-1.5,-1.0)	non-cCRE	COMMON	ins_5	2
K562_skew	[-1.5,-1.0)	non-cCRE	COMMON	ins_6	2
K562_skew	[-1.5,-1.0)	non-cCRE	COMMON	ins_7	2
K562_skew	[-1.5,-1.0)	non-cCRE	COMMON	ins_8	1
K562_skew	[-1.5,-1.0)	non-cCRE	LOW_FREQ	del_1	92
K562_skew	[-1.5,-1.0)	non-cCRE	LOW_FREQ	del_10plus	92
K562_skew	[-1.5,-1.0)	non-cCRE	LOW_FREQ	del_2	40
K562_skew	[-1.5,-1.0)	non-cCRE	LOW_FREQ	del_3	24
K562_skew	[-1.5,-1.0)	non-cCRE	LOW_FREQ	del_4	12
K562_skew	[-1.5,-1.0)	non-cCRE	LOW_FREQ	del_5	14
K562_skew	[-1.5,-1.0)	non-cCRE	LOW_FREQ	del_6	10
K562_skew	[-1.5,-1.0)	non-cCRE	LOW_FREQ	del_7	2
K562_skew	[-1.5,-1.0)	non-cCRE	LOW_FREQ	del_8	11
K562_skew	[-1.5,-1.0)	non-cCRE	LOW_FREQ	del_9	3
K562_skew	[-1.5,-1.0)	non-cCRE	LOW_FREQ	ins_1	35
K562_skew	[-1.5,-1.0)	non-cCRE	LOW_FREQ	ins_10plus	11
K562_skew	[-1.5,-1.0)	non-cCRE	LOW_FREQ	ins_2	13
K562_skew	[-1.5,-1.0)	non-cCRE	LOW_FREQ	ins_3	9
K562_skew	[-1.5,-1.0)	non-cCRE	LOW_FREQ	ins_4	4
K562_skew	[-1.5,-1.0)	non-cCRE	LOW_FREQ	ins_5	6
K562_skew	[-1.5,-1.0)	non-cCRE	LOW_FREQ	ins_6	4
K562_skew	[-1.5,-1.0)	non-cCRE	LOW_FREQ	ins_7	3
K562_skew	[-1.5,-1.0)	non-cCRE	LOW_FREQ	ins_8	2
K562_skew	[-1.5,-1.0)	non-cCRE	RARE	del_1	212
K562_skew	[-1.5,-1.0)	non-cCRE	RARE	del_10plus	194
K562_skew	[-1.5,-1.0)	non-cCRE	RARE	del_2	80
K562_skew	[-1.5,-1.0)	non-cCRE	RARE	del_3	50
K562_skew	[-1.5,-1.0)	non-cCRE	RARE	del_4	46
K562_skew	[-1.5,-1.0)	non-cCRE	RARE	del_5	26
K562_skew	[-1.5,-1.0)	non-cCRE	RARE	del_6	28
K562_skew	[-1.5,-1.0)	non-cCRE	RARE	del_7	18
K562_skew	[-1.5,-1.0)	non-cCRE	RARE	del_8	18
K562_skew	[-1.5,-1.0)	non-cCRE	RARE	del_9	8
K562_skew	[-1.5,-1.0)	non-cCRE	RARE	ins_1	71
K562_skew	[-1.5,-1.0)	non-cCRE	RARE	ins_10plus	15
K562_skew	[-1.5,-1.0)	non-cCRE	RARE	ins_2	53
K562_skew	[-1.5,-1.0)	non-cCRE	RARE	ins_3	17
K562_skew	[-1.5,-1.0)	non-cCRE	RARE	ins_4	16
K562_skew	[-1.5,-1.0)	non-cCRE	RARE	ins_5	4
K562_skew	[-1.5,-1.0)	non-cCRE	RARE	ins_6	6
K562_skew	[-1.5,-1.0)	non-cCRE	RARE	ins_7	4
K562_skew	[-1.5,-1.0)	non-cCRE	RARE	ins_8	3
K562_skew	[-1.5,-1.0)	non-cCRE	RARE	ins_9	4
K562_skew	[-1.5,-1.0)	non-cCRE	SINGLETON	del_1	2360
K562_skew	[-1.5,-1.0)	non-cCRE	SINGLETON	del_10plus	1079
K562_skew	[-1.5,-1.0)	non-cCRE	SINGLETON	del_2	656
K562_skew	[-1.5,-1.0)	non-cCRE	SINGLETON	del_3	539
K562_skew	[-1.5,-1.0)	non-cCRE	SINGLETON	del_4	358
K562_skew	[-1.5,-1.0)	non-cCRE	SINGLETON	del_5	257
K562_skew	[-1.5,-1.0)	non-cCRE	SINGLETON	del_6	184
K562_skew	[-1.5,-1.0)	non-cCRE	SINGLETON	del_7	141
K562_skew	[-1.5,-1.0)	non-cCRE	SINGLETON	del_8	141
K562_skew	[-1.5,-1.0)	non-cCRE	SINGLETON	del_9	128
K562_skew	[-1.5,-1.0)	non-cCRE	SINGLETON	ins_1	640
K562_skew	[-1.5,-1.0)	non-cCRE	SINGLETON	ins_10plus	132
K562_skew	[-1.5,-1.0)	non-cCRE	SINGLETON	ins_2	264
K562_skew	[-1.5,-1.0)	non-cCRE	SINGLETON	ins_3	129
K562_skew	[-1.5,-1.0)	non-cCRE	SINGLETON	ins_4	136
K562_skew	[-1.5,-1.0)	non-cCRE	SINGLETON	ins_5	49
K562_skew	[-1.5,-1.0)	non-cCRE	SINGLETON	ins_6	52
K562_skew	[-1.5,-1.0)	non-cCRE	SINGLETON	ins_7	32
K562_skew	[-1.5,-1.0)	non-cCRE	SINGLETON	ins_8	23
K562_skew	[-1.5,-1.0)	non-cCRE	SINGLETON	ins_9	22
K562_skew	[-1.5,-1.0)	non-cCRE	ULTRARARE	del_1	1308
K562_skew	[-1.5,-1.0)	non-cCRE	ULTRARARE	del_10plus	741
K562_skew	[-1.5,-1.0)	non-cCRE	ULTRARARE	del_2	371
K562_skew	[-1.5,-1.0)	non-cCRE	ULTRARARE	del_3	357
K562_skew	[-1.5,-1.0)	non-cCRE	ULTRARARE	del_4	259
K562_skew	[-1.5,-1.0)	non-cCRE	ULTRARARE	del_5	162
K562_skew	[-1.5,-1.0)	non-cCRE	ULTRARARE	del_6	127
K562_skew	[-1.5,-1.0)	non-cCRE	ULTRARARE	del_7	84
K562_skew	[-1.5,-1.0)	non-cCRE	ULTRARARE	del_8	94
K562_skew	[-1.5,-1.0)	non-cCRE	ULTRARARE	del_9	74
K562_skew	[-1.5,-1.0)	non-cCRE	ULTRARARE	ins_1	406
K562_skew	[-1.5,-1.0)	non-cCRE	ULTRARARE	ins_10plus	96
K562_skew	[-1.5,-1.0)	non-cCRE	ULTRARARE	ins_2	176
K562_skew	[-1.5,-1.0)	non-cCRE	ULTRARARE	ins_3	72
K562_skew	[-1.5,-1.0)	non-cCRE	ULTRARARE	ins_4	96
K562_skew	[-1.5,-1.0)	non-cCRE	ULTRARARE	ins_5	30
K562_skew	[-1.5,-1.0)	non-cCRE	ULTRARARE	ins_6	36
K562_skew	[-1.5,-1.0)	non-cCRE	ULTRARARE	ins_7	12
K562_skew	[-1.5,-1.0)	non-cCRE	ULTRARARE	ins_8	16
K562_skew	[-1.5,-1.0)	non-cCRE	ULTRARARE	ins_9	16
K562_skew	[-1.5,-1.0)	pELS	COMMON	del_1	14
K562_skew	[-1.5,-1.0)	pELS	COMMON	del_10plus	10
K562_skew	[-1.5,-1.0)	pELS	COMMON	del_2	5
K562_skew	[-1.5,-1.0)	pELS	COMMON	del_3	3
K562_skew	[-1.5,-1.0)	pELS	COMMON	del_4	3
K562_skew	[-1.5,-1.0)	pELS	COMMON	del_5	3
K562_skew	[-1.5,-1.0)	pELS	COMMON	del_9	1
K562_skew	[-1.5,-1.0)	pELS	COMMON	ins_1	8
K562_skew	[-1.5,-1.0)	pELS	COMMON	ins_10plus	1
K562_skew	[-1.5,-1.0)	pELS	COMMON	ins_2	2
K562_skew	[-1.5,-1.0)	pELS	COMMON	ins_3	1
K562_skew	[-1.5,-1.0)	pELS	COMMON	ins_4	1
K562_skew	[-1.5,-1.0)	pELS	LOW_FREQ	del_1	9
K562_skew	[-1.5,-1.0)	pELS	LOW_FREQ	del_10plus	18
K562_skew	[-1.5,-1.0)	pELS	LOW_FREQ	del_2	6
K562_skew	[-1.5,-1.0)	pELS	LOW_FREQ	del_3	3
K562_skew	[-1.5,-1.0)	pELS	LOW_FREQ	del_4	6
K562_skew	[-1.5,-1.0)	pELS	LOW_FREQ	del_5	1
K562_skew	[-1.5,-1.0)	pELS	LOW_FREQ	del_6	3
K562_skew	[-1.5,-1.0)	pELS	LOW_FREQ	del_7	1
K562_skew	[-1.5,-1.0)	pELS	LOW_FREQ	del_8	1
K562_skew	[-1.5,-1.0)	pELS	LOW_FREQ	ins_1	4
K562_skew	[-1.5,-1.0)	pELS	LOW_FREQ	ins_10plus	5
K562_skew	[-1.5,-1.0)	pELS	LOW_FREQ	ins_2	1
K562_skew	[-1.5,-1.0)	pELS	LOW_FREQ	ins_3	1
K562_skew	[-1.5,-1.0)	pELS	LOW_FREQ	ins_4	1
K562_skew	[-1.5,-1.0)	pELS	LOW_FREQ	ins_6	1
K562_skew	[-1.5,-1.0)	pELS	RARE	del_1	33
K562_skew	[-1.5,-1.0)	pELS	RARE	del_10plus	38
K562_skew	[-1.5,-1.0)	pELS	RARE	del_2	10
K562_skew	[-1.5,-1.0)	pELS	RARE	del_3	14
K562_skew	[-1.5,-1.0)	pELS	RARE	del_4	7
K562_skew	[-1.5,-1.0)	pELS	RARE	del_6	8
K562_skew	[-1.5,-1.0)	pELS	RARE	del_7	2
K562_skew	[-1.5,-1.0)	pELS	RARE	del_8	7
K562_skew	[-1.5,-1.0)	pELS	RARE	del_9	1
K562_skew	[-1.5,-1.0)	pELS	RARE	ins_1	13
K562_skew	[-1.5,-1.0)	pELS	RARE	ins_10plus	9
K562_skew	[-1.5,-1.0)	pELS	RARE	ins_2	6
K562_skew	[-1.5,-1.0)	pELS	RARE	ins_3	2
K562_skew	[-1.5,-1.0)	pELS	RARE	ins_4	3
K562_skew	[-1.5,-1.0)	pELS	RARE	ins_6	1
K562_skew	[-1.5,-1.0)	pELS	RARE	ins_9	1
K562_skew	[-1.5,-1.0)	pELS	SINGLETON	del_1	392
K562_skew	[-1.5,-1.0)	pELS	SINGLETON	del_10plus	260
K562_skew	[-1.5,-1.0)	pELS	SINGLETON	del_2	123
K562_skew	[-1.5,-1.0)	pELS	SINGLETON	del_3	110
K562_skew	[-1.5,-1.0)	pELS	SINGLETON	del_4	56
K562_skew	[-1.5,-1.0)	pELS	SINGLETON	del_5	51
K562_skew	[-1.5,-1.0)	pELS	SINGLETON	del_6	27
K562_skew	[-1.5,-1.0)	pELS	SINGLETON	del_7	25
K562_skew	[-1.5,-1.0)	pELS	SINGLETON	del_8	26
K562_skew	[-1.5,-1.0)	pELS	SINGLETON	del_9	22
K562_skew	[-1.5,-1.0)	pELS	SINGLETON	ins_1	176
K562_skew	[-1.5,-1.0)	pELS	SINGLETON	ins_10plus	25
K562_skew	[-1.5,-1.0)	pELS	SINGLETON	ins_2	47
K562_skew	[-1.5,-1.0)	pELS	SINGLETON	ins_3	21
K562_skew	[-1.5,-1.0)	pELS	SINGLETON	ins_4	26
K562_skew	[-1.5,-1.0)	pELS	SINGLETON	ins_5	10
K562_skew	[-1.5,-1.0)	pELS	SINGLETON	ins_6	9
K562_skew	[-1.5,-1.0)	pELS	SINGLETON	ins_7	11
K562_skew	[-1.5,-1.0)	pELS	SINGLETON	ins_8	5
K562_skew	[-1.5,-1.0)	pELS	SINGLETON	ins_9	7
K562_skew	[-1.5,-1.0)	pELS	ULTRARARE	del_1	242
K562_skew	[-1.5,-1.0)	pELS	ULTRARARE	del_10plus	151
K562_skew	[-1.5,-1.0)	pELS	ULTRARARE	del_2	85
K562_skew	[-1.5,-1.0)	pELS	ULTRARARE	del_3	75
K562_skew	[-1.5,-1.0)	pELS	ULTRARARE	del_4	37
K562_skew	[-1.5,-1.0)	pELS	ULTRARARE	del_5	28
K562_skew	[-1.5,-1.0)	pELS	ULTRARARE	del_6	28
K562_skew	[-1.5,-1.0)	pELS	ULTRARARE	del_7	12
K562_skew	[-1.5,-1.0)	pELS	ULTRARARE	del_8	19
K562_skew	[-1.5,-1.0)	pELS	ULTRARARE	del_9	12
K562_skew	[-1.5,-1.0)	pELS	ULTRARARE	ins_1	115
K562_skew	[-1.5,-1.0)	pELS	ULTRARARE	ins_10plus	15
K562_skew	[-1.5,-1.0)	pELS	ULTRARARE	ins_2	25
K562_skew	[-1.5,-1.0)	pELS	ULTRARARE	ins_3	18
K562_skew	[-1.5,-1.0)	pELS	ULTRARARE	ins_4	6
K562_skew	[-1.5,-1.0)	pELS	ULTRARARE	ins_5	6
K562_skew	[-1.5,-1.0)	pELS	ULTRARARE	ins_6	5
K562_skew	[-1.5,-1.0)	pELS	ULTRARARE	ins_7	2
K562_skew	[-1.5,-1.0)	pELS	ULTRARARE	ins_8	1
K562_skew	[0.05,0.2)	Other cCREs	COMMON	del_1	2003
K562_skew	[0.05,0.2)	Other cCREs	COMMON	del_10plus	2056
K562_skew	[0.05,0.2)	Other cCREs	COMMON	del_2	778
K562_skew	[0.05,0.2)	Other cCREs	COMMON	del_3	475
K562_skew	[0.05,0.2)	Other cCREs	COMMON	del_4	1116
K562_skew	[0.05,0.2)	Other cCREs	COMMON	del_5	329
K562_skew	[0.05,0.2)	Other cCREs	COMMON	del_6	393
K562_skew	[0.05,0.2)	Other cCREs	COMMON	del_7	162
K562_skew	[0.05,0.2)	Other cCREs	COMMON	del_8	381
K562_skew	[0.05,0.2)	Other cCREs	COMMON	del_9	185
K562_skew	[0.05,0.2)	Other cCREs	COMMON	ins_1	6188
K562_skew	[0.05,0.2)	Other cCREs	COMMON	ins_10plus	3011
K562_skew	[0.05,0.2)	Other cCREs	COMMON	ins_2	1864
K562_skew	[0.05,0.2)	Other cCREs	COMMON	ins_3	1131
K562_skew	[0.05,0.2)	Other cCREs	COMMON	ins_4	1357
K562_skew	[0.05,0.2)	Other cCREs	COMMON	ins_5	258
K562_skew	[0.05,0.2)	Other cCREs	COMMON	ins_6	830
K562_skew	[0.05,0.2)	Other cCREs	COMMON	ins_7	140
K562_skew	[0.05,0.2)	Other cCREs	COMMON	ins_8	1957
K562_skew	[0.05,0.2)	Other cCREs	COMMON	ins_9	108
K562_skew	[0.05,0.2)	Other cCREs	LOW_FREQ	del_1	2057
K562_skew	[0.05,0.2)	Other cCREs	LOW_FREQ	del_10plus	2223
K562_skew	[0.05,0.2)	Other cCREs	LOW_FREQ	del_2	901
K562_skew	[0.05,0.2)	Other cCREs	LOW_FREQ	del_3	625
K562_skew	[0.05,0.2)	Other cCREs	LOW_FREQ	del_4	1151
K562_skew	[0.05,0.2)	Other cCREs	LOW_FREQ	del_5	408
K562_skew	[0.05,0.2)	Other cCREs	LOW_FREQ	del_6	500
K562_skew	[0.05,0.2)	Other cCREs	LOW_FREQ	del_7	201
K562_skew	[0.05,0.2)	Other cCREs	LOW_FREQ	del_8	360
K562_skew	[0.05,0.2)	Other cCREs	LOW_FREQ	del_9	210
K562_skew	[0.05,0.2)	Other cCREs	LOW_FREQ	ins_1	4664
K562_skew	[0.05,0.2)	Other cCREs	LOW_FREQ	ins_10plus	4553
K562_skew	[0.05,0.2)	Other cCREs	LOW_FREQ	ins_2	1719
K562_skew	[0.05,0.2)	Other cCREs	LOW_FREQ	ins_3	1261
K562_skew	[0.05,0.2)	Other cCREs	LOW_FREQ	ins_4	1087
K562_skew	[0.05,0.2)	Other cCREs	LOW_FREQ	ins_5	314
K562_skew	[0.05,0.2)	Other cCREs	LOW_FREQ	ins_6	783
K562_skew	[0.05,0.2)	Other cCREs	LOW_FREQ	ins_7	204
K562_skew	[0.05,0.2)	Other cCREs	LOW_FREQ	ins_8	1738
K562_skew	[0.05,0.2)	Other cCREs	LOW_FREQ	ins_9	185
K562_skew	[0.05,0.2)	Other cCREs	RARE	del_1	4590
K562_skew	[0.05,0.2)	Other cCREs	RARE	del_10plus	4598
K562_skew	[0.05,0.2)	Other cCREs	RARE	del_2	2076
K562_skew	[0.05,0.2)	Other cCREs	RARE	del_3	1506
K562_skew	[0.05,0.2)	Other cCREs	RARE	del_4	2667
K562_skew	[0.05,0.2)	Other cCREs	RARE	del_5	1006
K562_skew	[0.05,0.2)	Other cCREs	RARE	del_6	967
K562_skew	[0.05,0.2)	Other cCREs	RARE	del_7	507
K562_skew	[0.05,0.2)	Other cCREs	RARE	del_8	625
K562_skew	[0.05,0.2)	Other cCREs	RARE	del_9	489
K562_skew	[0.05,0.2)	Other cCREs	RARE	ins_1	8206
K562_skew	[0.05,0.2)	Other cCREs	RARE	ins_10plus	7394
K562_skew	[0.05,0.2)	Other cCREs	RARE	ins_2	2700
K562_skew	[0.05,0.2)	Other cCREs	RARE	ins_3	1989
K562_skew	[0.05,0.2)	Other cCREs	RARE	ins_4	1641
K562_skew	[0.05,0.2)	Other cCREs	RARE	ins_5	558
K562_skew	[0.05,0.2)	Other cCREs	RARE	ins_6	959
K562_skew	[0.05,0.2)	Other cCREs	RARE	ins_7	452
K562_skew	[0.05,0.2)	Other cCREs	RARE	ins_8	2042
K562_skew	[0.05,0.2)	Other cCREs	RARE	ins_9	375
K562_skew	[0.05,0.2)	Other cCREs	SINGLETON	del_1	46325
K562_skew	[0.05,0.2)	Other cCREs	SINGLETON	del_10plus	18972
K562_skew	[0.05,0.2)	Other cCREs	SINGLETON	del_2	14809
K562_skew	[0.05,0.2)	Other cCREs	SINGLETON	del_3	9628
K562_skew	[0.05,0.2)	Other cCREs	SINGLETON	del_4	12636
K562_skew	[0.05,0.2)	Other cCREs	SINGLETON	del_5	5828
K562_skew	[0.05,0.2)	Other cCREs	SINGLETON	del_6	4982
K562_skew	[0.05,0.2)	Other cCREs	SINGLETON	del_7	3014
K562_skew	[0.05,0.2)	Other cCREs	SINGLETON	del_8	2698
K562_skew	[0.05,0.2)	Other cCREs	SINGLETON	del_9	2808
K562_skew	[0.05,0.2)	Other cCREs	SINGLETON	ins_1	33300
K562_skew	[0.05,0.2)	Other cCREs	SINGLETON	ins_10plus	13642
K562_skew	[0.05,0.2)	Other cCREs	SINGLETON	ins_2	7781
K562_skew	[0.05,0.2)	Other cCREs	SINGLETON	ins_3	7517
K562_skew	[0.05,0.2)	Other cCREs	SINGLETON	ins_4	6187
K562_skew	[0.05,0.2)	Other cCREs	SINGLETON	ins_5	2234
K562_skew	[0.05,0.2)	Other cCREs	SINGLETON	ins_6	2244
K562_skew	[0.05,0.2)	Other cCREs	SINGLETON	ins_7	1492
K562_skew	[0.05,0.2)	Other cCREs	SINGLETON	ins_8	3996
K562_skew	[0.05,0.2)	Other cCREs	SINGLETON	ins_9	1236
K562_skew	[0.05,0.2)	Other cCREs	ULTRARARE	del_1	26742
K562_skew	[0.05,0.2)	Other cCREs	ULTRARARE	del_10plus	14711
K562_skew	[0.05,0.2)	Other cCREs	ULTRARARE	del_2	10281
K562_skew	[0.05,0.2)	Other cCREs	ULTRARARE	del_3	6891
K562_skew	[0.05,0.2)	Other cCREs	ULTRARARE	del_4	11090
K562_skew	[0.05,0.2)	Other cCREs	ULTRARARE	del_5	4220
K562_skew	[0.05,0.2)	Other cCREs	ULTRARARE	del_6	3673
K562_skew	[0.05,0.2)	Other cCREs	ULTRARARE	del_7	1902
K562_skew	[0.05,0.2)	Other cCREs	ULTRARARE	del_8	1963
K562_skew	[0.05,0.2)	Other cCREs	ULTRARARE	del_9	1938
K562_skew	[0.05,0.2)	Other cCREs	ULTRARARE	ins_1	27668
K562_skew	[0.05,0.2)	Other cCREs	ULTRARARE	ins_10plus	13172
K562_skew	[0.05,0.2)	Other cCREs	ULTRARARE	ins_2	7025
K562_skew	[0.05,0.2)	Other cCREs	ULTRARARE	ins_3	5799
K562_skew	[0.05,0.2)	Other cCREs	ULTRARARE	ins_4	4680
K562_skew	[0.05,0.2)	Other cCREs	ULTRARARE	ins_5	1707
K562_skew	[0.05,0.2)	Other cCREs	ULTRARARE	ins_6	2067
K562_skew	[0.05,0.2)	Other cCREs	ULTRARARE	ins_7	1224
K562_skew	[0.05,0.2)	Other cCREs	ULTRARARE	ins_8	3806
K562_skew	[0.05,0.2)	Other cCREs	ULTRARARE	ins_9	970
K562_skew	[0.05,0.2)	PLS	COMMON	del_1	163
K562_skew	[0.05,0.2)	PLS	COMMON	del_10plus	95
K562_skew	[0.05,0.2)	PLS	COMMON	del_2	72
K562_skew	[0.05,0.2)	PLS	COMMON	del_3	51
K562_skew	[0.05,0.2)	PLS	COMMON	del_4	68
K562_skew	[0.05,0.2)	PLS	COMMON	del_5	18
K562_skew	[0.05,0.2)	PLS	COMMON	del_6	34
K562_skew	[0.05,0.2)	PLS	COMMON	del_7	10
K562_skew	[0.05,0.2)	PLS	COMMON	del_8	16
K562_skew	[0.05,0.2)	PLS	COMMON	del_9	8
K562_skew	[0.05,0.2)	PLS	COMMON	ins_1	374
K562_skew	[0.05,0.2)	PLS	COMMON	ins_10plus	135
K562_skew	[0.05,0.2)	PLS	COMMON	ins_2	87
K562_skew	[0.05,0.2)	PLS	COMMON	ins_3	62
K562_skew	[0.05,0.2)	PLS	COMMON	ins_4	47
K562_skew	[0.05,0.2)	PLS	COMMON	ins_5	39
K562_skew	[0.05,0.2)	PLS	COMMON	ins_6	61
K562_skew	[0.05,0.2)	PLS	COMMON	ins_7	14
K562_skew	[0.05,0.2)	PLS	COMMON	ins_8	58
K562_skew	[0.05,0.2)	PLS	COMMON	ins_9	13
K562_skew	[0.05,0.2)	PLS	LOW_FREQ	del_1	194
K562_skew	[0.05,0.2)	PLS	LOW_FREQ	del_10plus	97
K562_skew	[0.05,0.2)	PLS	LOW_FREQ	del_2	99
K562_skew	[0.05,0.2)	PLS	LOW_FREQ	del_3	56
K562_skew	[0.05,0.2)	PLS	LOW_FREQ	del_4	65
K562_skew	[0.05,0.2)	PLS	LOW_FREQ	del_5	23
K562_skew	[0.05,0.2)	PLS	LOW_FREQ	del_6	38
K562_skew	[0.05,0.2)	PLS	LOW_FREQ	del_7	18
K562_skew	[0.05,0.2)	PLS	LOW_FREQ	del_8	16
K562_skew	[0.05,0.2)	PLS	LOW_FREQ	del_9	14
K562_skew	[0.05,0.2)	PLS	LOW_FREQ	ins_1	314
K562_skew	[0.05,0.2)	PLS	LOW_FREQ	ins_10plus	248
K562_skew	[0.05,0.2)	PLS	LOW_FREQ	ins_2	99
K562_skew	[0.05,0.2)	PLS	LOW_FREQ	ins_3	51
K562_skew	[0.05,0.2)	PLS	LOW_FREQ	ins_4	52
K562_skew	[0.05,0.2)	PLS	LOW_FREQ	ins_5	43
K562_skew	[0.05,0.2)	PLS	LOW_FREQ	ins_6	68
K562_skew	[0.05,0.2)	PLS	LOW_FREQ	ins_7	17
K562_skew	[0.05,0.2)	PLS	LOW_FREQ	ins_8	55
K562_skew	[0.05,0.2)	PLS	LOW_FREQ	ins_9	21
K562_skew	[0.05,0.2)	PLS	RARE	del_1	487
K562_skew	[0.05,0.2)	PLS	RARE	del_10plus	231
K562_skew	[0.05,0.2)	PLS	RARE	del_2	206
K562_skew	[0.05,0.2)	PLS	RARE	del_3	153
K562_skew	[0.05,0.2)	PLS	RARE	del_4	169
K562_skew	[0.05,0.2)	PLS	RARE	del_5	78
K562_skew	[0.05,0.2)	PLS	RARE	del_6	82
K562_skew	[0.05,0.2)	PLS	RARE	del_7	36
K562_skew	[0.05,0.2)	PLS	RARE	del_8	29
K562_skew	[0.05,0.2)	PLS	RARE	del_9	46
K562_skew	[0.05,0.2)	PLS	RARE	ins_1	702
K562_skew	[0.05,0.2)	PLS	RARE	ins_10plus	424
K562_skew	[0.05,0.2)	PLS	RARE	ins_2	184
K562_skew	[0.05,0.2)	PLS	RARE	ins_3	121
K562_skew	[0.05,0.2)	PLS	RARE	ins_4	114
K562_skew	[0.05,0.2)	PLS	RARE	ins_5	103
K562_skew	[0.05,0.2)	PLS	RARE	ins_6	163
K562_skew	[0.05,0.2)	PLS	RARE	ins_7	38
K562_skew	[0.05,0.2)	PLS	RARE	ins_8	83
K562_skew	[0.05,0.2)	PLS	RARE	ins_9	47
K562_skew	[0.05,0.2)	PLS	SINGLETON	del_1	4534
K562_skew	[0.05,0.2)	PLS	SINGLETON	del_10plus	1291
K562_skew	[0.05,0.2)	PLS	SINGLETON	del_2	1407
K562_skew	[0.05,0.2)	PLS	SINGLETON	del_3	977
K562_skew	[0.05,0.2)	PLS	SINGLETON	del_4	862
K562_skew	[0.05,0.2)	PLS	SINGLETON	del_5	442
K562_skew	[0.05,0.2)	PLS	SINGLETON	del_6	387
K562_skew	[0.05,0.2)	PLS	SINGLETON	del_7	247
K562_skew	[0.05,0.2)	PLS	SINGLETON	del_8	212
K562_skew	[0.05,0.2)	PLS	SINGLETON	del_9	254
K562_skew	[0.05,0.2)	PLS	SINGLETON	ins_1	3067
K562_skew	[0.05,0.2)	PLS	SINGLETON	ins_10plus	1230
K562_skew	[0.05,0.2)	PLS	SINGLETON	ins_2	634
K562_skew	[0.05,0.2)	PLS	SINGLETON	ins_3	464
K562_skew	[0.05,0.2)	PLS	SINGLETON	ins_4	374
K562_skew	[0.05,0.2)	PLS	SINGLETON	ins_5	281
K562_skew	[0.05,0.2)	PLS	SINGLETON	ins_6	349
K562_skew	[0.05,0.2)	PLS	SINGLETON	ins_7	174
K562_skew	[0.05,0.2)	PLS	SINGLETON	ins_8	220
K562_skew	[0.05,0.2)	PLS	SINGLETON	ins_9	150
K562_skew	[0.05,0.2)	PLS	ULTRARARE	del_1	2893
K562_skew	[0.05,0.2)	PLS	ULTRARARE	del_10plus	858
K562_skew	[0.05,0.2)	PLS	ULTRARARE	del_2	983
K562_skew	[0.05,0.2)	PLS	ULTRARARE	del_3	771
K562_skew	[0.05,0.2)	PLS	ULTRARARE	del_4	721
K562_skew	[0.05,0.2)	PLS	ULTRARARE	del_5	311
K562_skew	[0.05,0.2)	PLS	ULTRARARE	del_6	280
K562_skew	[0.05,0.2)	PLS	ULTRARARE	del_7	164
K562_skew	[0.05,0.2)	PLS	ULTRARARE	del_8	123
K562_skew	[0.05,0.2)	PLS	ULTRARARE	del_9	164
K562_skew	[0.05,0.2)	PLS	ULTRARARE	ins_1	2565
K562_skew	[0.05,0.2)	PLS	ULTRARARE	ins_10plus	1147
K562_skew	[0.05,0.2)	PLS	ULTRARARE	ins_2	554
K562_skew	[0.05,0.2)	PLS	ULTRARARE	ins_3	386
K562_skew	[0.05,0.2)	PLS	ULTRARARE	ins_4	307
K562_skew	[0.05,0.2)	PLS	ULTRARARE	ins_5	305
K562_skew	[0.05,0.2)	PLS	ULTRARARE	ins_6	391
K562_skew	[0.05,0.2)	PLS	ULTRARARE	ins_7	154
K562_skew	[0.05,0.2)	PLS	ULTRARARE	ins_8	218
K562_skew	[0.05,0.2)	PLS	ULTRARARE	ins_9	153
K562_skew	[0.05,0.2)	dELS	COMMON	del_1	4810
K562_skew	[0.05,0.2)	dELS	COMMON	del_10plus	3565
K562_skew	[0.05,0.2)	dELS	COMMON	del_2	1918
K562_skew	[0.05,0.2)	dELS	COMMON	del_3	1088
K562_skew	[0.05,0.2)	dELS	COMMON	del_4	2111
K562_skew	[0.05,0.2)	dELS	COMMON	del_5	692
K562_skew	[0.05,0.2)	dELS	COMMON	del_6	886
K562_skew	[0.05,0.2)	dELS	COMMON	del_7	345
K562_skew	[0.05,0.2)	dELS	COMMON	del_8	474
K562_skew	[0.05,0.2)	dELS	COMMON	del_9	335
K562_skew	[0.05,0.2)	dELS	COMMON	ins_1	14760
K562_skew	[0.05,0.2)	dELS	COMMON	ins_10plus	5375
K562_skew	[0.05,0.2)	dELS	COMMON	ins_2	4093
K562_skew	[0.05,0.2)	dELS	COMMON	ins_3	2492
K562_skew	[0.05,0.2)	dELS	COMMON	ins_4	2575
K562_skew	[0.05,0.2)	dELS	COMMON	ins_5	521
K562_skew	[0.05,0.2)	dELS	COMMON	ins_6	2035
K562_skew	[0.05,0.2)	dELS	COMMON	ins_7	271
K562_skew	[0.05,0.2)	dELS	COMMON	ins_8	3403
K562_skew	[0.05,0.2)	dELS	COMMON	ins_9	189
K562_skew	[0.05,0.2)	dELS	LOW_FREQ	del_1	5320
K562_skew	[0.05,0.2)	dELS	LOW_FREQ	del_10plus	4117
K562_skew	[0.05,0.2)	dELS	LOW_FREQ	del_2	2438
K562_skew	[0.05,0.2)	dELS	LOW_FREQ	del_3	1450
K562_skew	[0.05,0.2)	dELS	LOW_FREQ	del_4	2386
K562_skew	[0.05,0.2)	dELS	LOW_FREQ	del_5	941
K562_skew	[0.05,0.2)	dELS	LOW_FREQ	del_6	935
K562_skew	[0.05,0.2)	dELS	LOW_FREQ	del_7	478
K562_skew	[0.05,0.2)	dELS	LOW_FREQ	del_8	509
K562_skew	[0.05,0.2)	dELS	LOW_FREQ	del_9	402
K562_skew	[0.05,0.2)	dELS	LOW_FREQ	ins_1	11743
K562_skew	[0.05,0.2)	dELS	LOW_FREQ	ins_10plus	8481
K562_skew	[0.05,0.2)	dELS	LOW_FREQ	ins_2	3768
K562_skew	[0.05,0.2)	dELS	LOW_FREQ	ins_3	2706
K562_skew	[0.05,0.2)	dELS	LOW_FREQ	ins_4	2157
K562_skew	[0.05,0.2)	dELS	LOW_FREQ	ins_5	628
K562_skew	[0.05,0.2)	dELS	LOW_FREQ	ins_6	1909
K562_skew	[0.05,0.2)	dELS	LOW_FREQ	ins_7	443
K562_skew	[0.05,0.2)	dELS	LOW_FREQ	ins_8	3134
K562_skew	[0.05,0.2)	dELS	LOW_FREQ	ins_9	335
K562_skew	[0.05,0.2)	dELS	RARE	del_1	12061
K562_skew	[0.05,0.2)	dELS	RARE	del_10plus	8223
K562_skew	[0.05,0.2)	dELS	RARE	del_2	5825
K562_skew	[0.05,0.2)	dELS	RARE	del_3	3578
K562_skew	[0.05,0.2)	dELS	RARE	del_4	5961
K562_skew	[0.05,0.2)	dELS	RARE	del_5	2208
K562_skew	[0.05,0.2)	dELS	RARE	del_6	2152
K562_skew	[0.05,0.2)	dELS	RARE	del_7	1227
K562_skew	[0.05,0.2)	dELS	RARE	del_8	1115
K562_skew	[0.05,0.2)	dELS	RARE	del_9	967
K562_skew	[0.05,0.2)	dELS	RARE	ins_1	20214
K562_skew	[0.05,0.2)	dELS	RARE	ins_10plus	13844
K562_skew	[0.05,0.2)	dELS	RARE	ins_2	6376
K562_skew	[0.05,0.2)	dELS	RARE	ins_3	4440
K562_skew	[0.05,0.2)	dELS	RARE	ins_4	3340
K562_skew	[0.05,0.2)	dELS	RARE	ins_5	1291
K562_skew	[0.05,0.2)	dELS	RARE	ins_6	2430
K562_skew	[0.05,0.2)	dELS	RARE	ins_7	995
K562_skew	[0.05,0.2)	dELS	RARE	ins_8	3903
K562_skew	[0.05,0.2)	dELS	RARE	ins_9	808
K562_skew	[0.05,0.2)	dELS	SINGLETON	del_1	126075
K562_skew	[0.05,0.2)	dELS	SINGLETON	del_10plus	43063
K562_skew	[0.05,0.2)	dELS	SINGLETON	del_2	43211
K562_skew	[0.05,0.2)	dELS	SINGLETON	del_3	26774
K562_skew	[0.05,0.2)	dELS	SINGLETON	del_4	32489
K562_skew	[0.05,0.2)	dELS	SINGLETON	del_5	14722
K562_skew	[0.05,0.2)	dELS	SINGLETON	del_6	12653
K562_skew	[0.05,0.2)	dELS	SINGLETON	del_7	7976
K562_skew	[0.05,0.2)	dELS	SINGLETON	del_8	6163
K562_skew	[0.05,0.2)	dELS	SINGLETON	del_9	7067
K562_skew	[0.05,0.2)	dELS	SINGLETON	ins_1	91320
K562_skew	[0.05,0.2)	dELS	SINGLETON	ins_10plus	26457
K562_skew	[0.05,0.2)	dELS	SINGLETON	ins_2	19637
K562_skew	[0.05,0.2)	dELS	SINGLETON	ins_3	17862
K562_skew	[0.05,0.2)	dELS	SINGLETON	ins_4	13396
K562_skew	[0.05,0.2)	dELS	SINGLETON	ins_5	5349
K562_skew	[0.05,0.2)	dELS	SINGLETON	ins_6	5446
K562_skew	[0.05,0.2)	dELS	SINGLETON	ins_7	3523
K562_skew	[0.05,0.2)	dELS	SINGLETON	ins_8	7141
K562_skew	[0.05,0.2)	dELS	SINGLETON	ins_9	2559
K562_skew	[0.05,0.2)	dELS	ULTRARARE	del_1	71809
K562_skew	[0.05,0.2)	dELS	ULTRARARE	del_10plus	30121
K562_skew	[0.05,0.2)	dELS	ULTRARARE	del_2	29412
K562_skew	[0.05,0.2)	dELS	ULTRARARE	del_3	18648
K562_skew	[0.05,0.2)	dELS	ULTRARARE	del_4	26332
K562_skew	[0.05,0.2)	dELS	ULTRARARE	del_5	10220
K562_skew	[0.05,0.2)	dELS	ULTRARARE	del_6	8600
K562_skew	[0.05,0.2)	dELS	ULTRARARE	del_7	4824
K562_skew	[0.05,0.2)	dELS	ULTRARARE	del_8	4215
K562_skew	[0.05,0.2)	dELS	ULTRARARE	del_9	4380
K562_skew	[0.05,0.2)	dELS	ULTRARARE	ins_1	71446
K562_skew	[0.05,0.2)	dELS	ULTRARARE	ins_10plus	24487
K562_skew	[0.05,0.2)	dELS	ULTRARARE	ins_2	16750
K562_skew	[0.05,0.2)	dELS	ULTRARARE	ins_3	13083
K562_skew	[0.05,0.2)	dELS	ULTRARARE	ins_4	9939
K562_skew	[0.05,0.2)	dELS	ULTRARARE	ins_5	4063
K562_skew	[0.05,0.2)	dELS	ULTRARARE	ins_6	4959
K562_skew	[0.05,0.2)	dELS	ULTRARARE	ins_7	2727
K562_skew	[0.05,0.2)	dELS	ULTRARARE	ins_8	6707
K562_skew	[0.05,0.2)	dELS	ULTRARARE	ins_9	2039
K562_skew	[0.05,0.2)	non-cCRE	COMMON	del_1	24972
K562_skew	[0.05,0.2)	non-cCRE	COMMON	del_10plus	25713
K562_skew	[0.05,0.2)	non-cCRE	COMMON	del_2	8412
K562_skew	[0.05,0.2)	non-cCRE	COMMON	del_3	5536
K562_skew	[0.05,0.2)	non-cCRE	COMMON	del_4	11359
K562_skew	[0.05,0.2)	non-cCRE	COMMON	del_5	4545
K562_skew	[0.05,0.2)	non-cCRE	COMMON	del_6	4811
K562_skew	[0.05,0.2)	non-cCRE	COMMON	del_7	2232
K562_skew	[0.05,0.2)	non-cCRE	COMMON	del_8	4536
K562_skew	[0.05,0.2)	non-cCRE	COMMON	del_9	1863
K562_skew	[0.05,0.2)	non-cCRE	COMMON	ins_1	100067
K562_skew	[0.05,0.2)	non-cCRE	COMMON	ins_10plus	35691
K562_skew	[0.05,0.2)	non-cCRE	COMMON	ins_2	28604
K562_skew	[0.05,0.2)	non-cCRE	COMMON	ins_3	20798
K562_skew	[0.05,0.2)	non-cCRE	COMMON	ins_4	16324
K562_skew	[0.05,0.2)	non-cCRE	COMMON	ins_5	4480
K562_skew	[0.05,0.2)	non-cCRE	COMMON	ins_6	11123
K562_skew	[0.05,0.2)	non-cCRE	COMMON	ins_7	2016
K562_skew	[0.05,0.2)	non-cCRE	COMMON	ins_8	18271
K562_skew	[0.05,0.2)	non-cCRE	COMMON	ins_9	2113
K562_skew	[0.05,0.2)	non-cCRE	LOW_FREQ	del_1	26007
K562_skew	[0.05,0.2)	non-cCRE	LOW_FREQ	del_10plus	28592
K562_skew	[0.05,0.2)	non-cCRE	LOW_FREQ	del_2	9822
K562_skew	[0.05,0.2)	non-cCRE	LOW_FREQ	del_3	6645
K562_skew	[0.05,0.2)	non-cCRE	LOW_FREQ	del_4	13167
K562_skew	[0.05,0.2)	non-cCRE	LOW_FREQ	del_5	5713
K562_skew	[0.05,0.2)	non-cCRE	LOW_FREQ	del_6	6008
K562_skew	[0.05,0.2)	non-cCRE	LOW_FREQ	del_7	3115
K562_skew	[0.05,0.2)	non-cCRE	LOW_FREQ	del_8	3842
K562_skew	[0.05,0.2)	non-cCRE	LOW_FREQ	del_9	2387
K562_skew	[0.05,0.2)	non-cCRE	LOW_FREQ	ins_1	74347
K562_skew	[0.05,0.2)	non-cCRE	LOW_FREQ	ins_10plus	61547
K562_skew	[0.05,0.2)	non-cCRE	LOW_FREQ	ins_2	26052
K562_skew	[0.05,0.2)	non-cCRE	LOW_FREQ	ins_3	20801
K562_skew	[0.05,0.2)	non-cCRE	LOW_FREQ	ins_4	13650
K562_skew	[0.05,0.2)	non-cCRE	LOW_FREQ	ins_5	4990
K562_skew	[0.05,0.2)	non-cCRE	LOW_FREQ	ins_6	10105
K562_skew	[0.05,0.2)	non-cCRE	LOW_FREQ	ins_7	3165
K562_skew	[0.05,0.2)	non-cCRE	LOW_FREQ	ins_8	19022
K562_skew	[0.05,0.2)	non-cCRE	LOW_FREQ	ins_9	3178
K562_skew	[0.05,0.2)	non-cCRE	RARE	del_1	56006
K562_skew	[0.05,0.2)	non-cCRE	RARE	del_10plus	54676
K562_skew	[0.05,0.2)	non-cCRE	RARE	del_2	22408
K562_skew	[0.05,0.2)	non-cCRE	RARE	del_3	15718
K562_skew	[0.05,0.2)	non-cCRE	RARE	del_4	30222
K562_skew	[0.05,0.2)	non-cCRE	RARE	del_5	13232
K562_skew	[0.05,0.2)	non-cCRE	RARE	del_6	13038
K562_skew	[0.05,0.2)	non-cCRE	RARE	del_7	7351
K562_skew	[0.05,0.2)	non-cCRE	RARE	del_8	7271
K562_skew	[0.05,0.2)	non-cCRE	RARE	del_9	5441
K562_skew	[0.05,0.2)	non-cCRE	RARE	ins_1	120714
K562_skew	[0.05,0.2)	non-cCRE	RARE	ins_10plus	110337
K562_skew	[0.05,0.2)	non-cCRE	RARE	ins_2	42618
K562_skew	[0.05,0.2)	non-cCRE	RARE	ins_3	32998
K562_skew	[0.05,0.2)	non-cCRE	RARE	ins_4	21059
K562_skew	[0.05,0.2)	non-cCRE	RARE	ins_5	9538
K562_skew	[0.05,0.2)	non-cCRE	RARE	ins_6	13374
K562_skew	[0.05,0.2)	non-cCRE	RARE	ins_7	6799
K562_skew	[0.05,0.2)	non-cCRE	RARE	ins_8	25153
K562_skew	[0.05,0.2)	non-cCRE	RARE	ins_9	6922
K562_skew	[0.05,0.2)	non-cCRE	SINGLETON	del_1	527575
K562_skew	[0.05,0.2)	non-cCRE	SINGLETON	del_10plus	225619
K562_skew	[0.05,0.2)	non-cCRE	SINGLETON	del_2	153214
K562_skew	[0.05,0.2)	non-cCRE	SINGLETON	del_3	99535
K562_skew	[0.05,0.2)	non-cCRE	SINGLETON	del_4	142615
K562_skew	[0.05,0.2)	non-cCRE	SINGLETON	del_5	72491
K562_skew	[0.05,0.2)	non-cCRE	SINGLETON	del_6	61659
K562_skew	[0.05,0.2)	non-cCRE	SINGLETON	del_7	35393
K562_skew	[0.05,0.2)	non-cCRE	SINGLETON	del_8	29804
K562_skew	[0.05,0.2)	non-cCRE	SINGLETON	del_9	30589
K562_skew	[0.05,0.2)	non-cCRE	SINGLETON	ins_1	445218
K562_skew	[0.05,0.2)	non-cCRE	SINGLETON	ins_10plus	208472
K562_skew	[0.05,0.2)	non-cCRE	SINGLETON	ins_2	108952
K562_skew	[0.05,0.2)	non-cCRE	SINGLETON	ins_3	108509
K562_skew	[0.05,0.2)	non-cCRE	SINGLETON	ins_4	74593
K562_skew	[0.05,0.2)	non-cCRE	SINGLETON	ins_5	33948
K562_skew	[0.05,0.2)	non-cCRE	SINGLETON	ins_6	31271
K562_skew	[0.05,0.2)	non-cCRE	SINGLETON	ins_7	22012
K562_skew	[0.05,0.2)	non-cCRE	SINGLETON	ins_8	45609
K562_skew	[0.05,0.2)	non-cCRE	SINGLETON	ins_9	18868
K562_skew	[0.05,0.2)	non-cCRE	ULTRARARE	del_1	305201
K562_skew	[0.05,0.2)	non-cCRE	ULTRARARE	del_10plus	170026
K562_skew	[0.05,0.2)	non-cCRE	ULTRARARE	del_2	104053
K562_skew	[0.05,0.2)	non-cCRE	ULTRARARE	del_3	72776
K562_skew	[0.05,0.2)	non-cCRE	ULTRARARE	del_4	123460
K562_skew	[0.05,0.2)	non-cCRE	ULTRARARE	del_5	55397
K562_skew	[0.05,0.2)	non-cCRE	ULTRARARE	del_6	46068
K562_skew	[0.05,0.2)	non-cCRE	ULTRARARE	del_7	25159
K562_skew	[0.05,0.2)	non-cCRE	ULTRARARE	del_8	23180
K562_skew	[0.05,0.2)	non-cCRE	ULTRARARE	del_9	20772
K562_skew	[0.05,0.2)	non-cCRE	ULTRARARE	ins_1	384398
K562_skew	[0.05,0.2)	non-cCRE	ULTRARARE	ins_10plus	197149
K562_skew	[0.05,0.2)	non-cCRE	ULTRARARE	ins_2	100244
K562_skew	[0.05,0.2)	non-cCRE	ULTRARARE	ins_3	87354
K562_skew	[0.05,0.2)	non-cCRE	ULTRARARE	ins_4	58090
K562_skew	[0.05,0.2)	non-cCRE	ULTRARARE	ins_5	26228
K562_skew	[0.05,0.2)	non-cCRE	ULTRARARE	ins_6	27448
K562_skew	[0.05,0.2)	non-cCRE	ULTRARARE	ins_7	17234
K562_skew	[0.05,0.2)	non-cCRE	ULTRARARE	ins_8	42992
K562_skew	[0.05,0.2)	non-cCRE	ULTRARARE	ins_9	15545
K562_skew	[0.05,0.2)	pELS	COMMON	del_1	840
K562_skew	[0.05,0.2)	pELS	COMMON	del_10plus	609
K562_skew	[0.05,0.2)	pELS	COMMON	del_2	360
K562_skew	[0.05,0.2)	pELS	COMMON	del_3	199
K562_skew	[0.05,0.2)	pELS	COMMON	del_4	435
K562_skew	[0.05,0.2)	pELS	COMMON	del_5	105
K562_skew	[0.05,0.2)	pELS	COMMON	del_6	187
K562_skew	[0.05,0.2)	pELS	COMMON	del_7	64
K562_skew	[0.05,0.2)	pELS	COMMON	del_8	96
K562_skew	[0.05,0.2)	pELS	COMMON	del_9	54
K562_skew	[0.05,0.2)	pELS	COMMON	ins_1	2577
K562_skew	[0.05,0.2)	pELS	COMMON	ins_10plus	852
K562_skew	[0.05,0.2)	pELS	COMMON	ins_2	715
K562_skew	[0.05,0.2)	pELS	COMMON	ins_3	488
K562_skew	[0.05,0.2)	pELS	COMMON	ins_4	417
K562_skew	[0.05,0.2)	pELS	COMMON	ins_5	99
K562_skew	[0.05,0.2)	pELS	COMMON	ins_6	311
K562_skew	[0.05,0.2)	pELS	COMMON	ins_7	51
K562_skew	[0.05,0.2)	pELS	COMMON	ins_8	536
K562_skew	[0.05,0.2)	pELS	COMMON	ins_9	49
K562_skew	[0.05,0.2)	pELS	LOW_FREQ	del_1	994
K562_skew	[0.05,0.2)	pELS	LOW_FREQ	del_10plus	685
K562_skew	[0.05,0.2)	pELS	LOW_FREQ	del_2	435
K562_skew	[0.05,0.2)	pELS	LOW_FREQ	del_3	299
K562_skew	[0.05,0.2)	pELS	LOW_FREQ	del_4	461
K562_skew	[0.05,0.2)	pELS	LOW_FREQ	del_5	169
K562_skew	[0.05,0.2)	pELS	LOW_FREQ	del_6	205
K562_skew	[0.05,0.2)	pELS	LOW_FREQ	del_7	100
K562_skew	[0.05,0.2)	pELS	LOW_FREQ	del_8	77
K562_skew	[0.05,0.2)	pELS	LOW_FREQ	del_9	72
K562_skew	[0.05,0.2)	pELS	LOW_FREQ	ins_1	2009
K562_skew	[0.05,0.2)	pELS	LOW_FREQ	ins_10plus	1317
K562_skew	[0.05,0.2)	pELS	LOW_FREQ	ins_2	689
K562_skew	[0.05,0.2)	pELS	LOW_FREQ	ins_3	438
K562_skew	[0.05,0.2)	pELS	LOW_FREQ	ins_4	363
K562_skew	[0.05,0.2)	pELS	LOW_FREQ	ins_5	129
K562_skew	[0.05,0.2)	pELS	LOW_FREQ	ins_6	321
K562_skew	[0.05,0.2)	pELS	LOW_FREQ	ins_7	86
K562_skew	[0.05,0.2)	pELS	LOW_FREQ	ins_8	528
K562_skew	[0.05,0.2)	pELS	LOW_FREQ	ins_9	77
K562_skew	[0.05,0.2)	pELS	RARE	del_1	2140
K562_skew	[0.05,0.2)	pELS	RARE	del_10plus	1358
K562_skew	[0.05,0.2)	pELS	RARE	del_2	1099
K562_skew	[0.05,0.2)	pELS	RARE	del_3	742
K562_skew	[0.05,0.2)	pELS	RARE	del_4	1137
K562_skew	[0.05,0.2)	pELS	RARE	del_5	376
K562_skew	[0.05,0.2)	pELS	RARE	del_6	442
K562_skew	[0.05,0.2)	pELS	RARE	del_7	215
K562_skew	[0.05,0.2)	pELS	RARE	del_8	199
K562_skew	[0.05,0.2)	pELS	RARE	del_9	178
K562_skew	[0.05,0.2)	pELS	RARE	ins_1	3610
K562_skew	[0.05,0.2)	pELS	RARE	ins_10plus	2246
K562_skew	[0.05,0.2)	pELS	RARE	ins_2	1105
K562_skew	[0.05,0.2)	pELS	RARE	ins_3	766
K562_skew	[0.05,0.2)	pELS	RARE	ins_4	580
K562_skew	[0.05,0.2)	pELS	RARE	ins_5	272
K562_skew	[0.05,0.2)	pELS	RARE	ins_6	458
K562_skew	[0.05,0.2)	pELS	RARE	ins_7	186
K562_skew	[0.05,0.2)	pELS	RARE	ins_8	627
K562_skew	[0.05,0.2)	pELS	RARE	ins_9	154
K562_skew	[0.05,0.2)	pELS	SINGLETON	del_1	21402
K562_skew	[0.05,0.2)	pELS	SINGLETON	del_10plus	7469
K562_skew	[0.05,0.2)	pELS	SINGLETON	del_2	7699
K562_skew	[0.05,0.2)	pELS	SINGLETON	del_3	5147
K562_skew	[0.05,0.2)	pELS	SINGLETON	del_4	5796
K562_skew	[0.05,0.2)	pELS	SINGLETON	del_5	2599
K562_skew	[0.05,0.2)	pELS	SINGLETON	del_6	2353
K562_skew	[0.05,0.2)	pELS	SINGLETON	del_7	1435
K562_skew	[0.05,0.2)	pELS	SINGLETON	del_8	1100
K562_skew	[0.05,0.2)	pELS	SINGLETON	del_9	1235
K562_skew	[0.05,0.2)	pELS	SINGLETON	ins_1	16346
K562_skew	[0.05,0.2)	pELS	SINGLETON	ins_10plus	4682
K562_skew	[0.05,0.2)	pELS	SINGLETON	ins_2	3514
K562_skew	[0.05,0.2)	pELS	SINGLETON	ins_3	2821
K562_skew	[0.05,0.2)	pELS	SINGLETON	ins_4	2316
K562_skew	[0.05,0.2)	pELS	SINGLETON	ins_5	991
K562_skew	[0.05,0.2)	pELS	SINGLETON	ins_6	1011
K562_skew	[0.05,0.2)	pELS	SINGLETON	ins_7	682
K562_skew	[0.05,0.2)	pELS	SINGLETON	ins_8	1208
K562_skew	[0.05,0.2)	pELS	SINGLETON	ins_9	490
K562_skew	[0.05,0.2)	pELS	ULTRARARE	del_1	12280
K562_skew	[0.05,0.2)	pELS	ULTRARARE	del_10plus	5289
K562_skew	[0.05,0.2)	pELS	ULTRARARE	del_2	5309
K562_skew	[0.05,0.2)	pELS	ULTRARARE	del_3	3798
K562_skew	[0.05,0.2)	pELS	ULTRARARE	del_4	4925
K562_skew	[0.05,0.2)	pELS	ULTRARARE	del_5	1926
K562_skew	[0.05,0.2)	pELS	ULTRARARE	del_6	1572
K562_skew	[0.05,0.2)	pELS	ULTRARARE	del_7	858
K562_skew	[0.05,0.2)	pELS	ULTRARARE	del_8	759
K562_skew	[0.05,0.2)	pELS	ULTRARARE	del_9	791
K562_skew	[0.05,0.2)	pELS	ULTRARARE	ins_1	13108
K562_skew	[0.05,0.2)	pELS	ULTRARARE	ins_10plus	4182
K562_skew	[0.05,0.2)	pELS	ULTRARARE	ins_2	2869
K562_skew	[0.05,0.2)	pELS	ULTRARARE	ins_3	2231
K562_skew	[0.05,0.2)	pELS	ULTRARARE	ins_4	1760
K562_skew	[0.05,0.2)	pELS	ULTRARARE	ins_5	781
K562_skew	[0.05,0.2)	pELS	ULTRARARE	ins_6	1033
K562_skew	[0.05,0.2)	pELS	ULTRARARE	ins_7	576
K562_skew	[0.05,0.2)	pELS	ULTRARARE	ins_8	1117
K562_skew	[0.05,0.2)	pELS	ULTRARARE	ins_9	450
K562_skew	[0.2,0.5)	Other cCREs	COMMON	del_1	297
K562_skew	[0.2,0.5)	Other cCREs	COMMON	del_10plus	457
K562_skew	[0.2,0.5)	Other cCREs	COMMON	del_2	116
K562_skew	[0.2,0.5)	Other cCREs	COMMON	del_3	58
K562_skew	[0.2,0.5)	Other cCREs	COMMON	del_4	81
K562_skew	[0.2,0.5)	Other cCREs	COMMON	del_5	41
K562_skew	[0.2,0.5)	Other cCREs	COMMON	del_6	39
K562_skew	[0.2,0.5)	Other cCREs	COMMON	del_7	28
K562_skew	[0.2,0.5)	Other cCREs	COMMON	del_8	42
K562_skew	[0.2,0.5)	Other cCREs	COMMON	del_9	27
K562_skew	[0.2,0.5)	Other cCREs	COMMON	ins_1	285
K562_skew	[0.2,0.5)	Other cCREs	COMMON	ins_10plus	550
K562_skew	[0.2,0.5)	Other cCREs	COMMON	ins_2	176
K562_skew	[0.2,0.5)	Other cCREs	COMMON	ins_3	98
K562_skew	[0.2,0.5)	Other cCREs	COMMON	ins_4	113
K562_skew	[0.2,0.5)	Other cCREs	COMMON	ins_5	38
K562_skew	[0.2,0.5)	Other cCREs	COMMON	ins_6	67
K562_skew	[0.2,0.5)	Other cCREs	COMMON	ins_7	23
K562_skew	[0.2,0.5)	Other cCREs	COMMON	ins_8	76
K562_skew	[0.2,0.5)	Other cCREs	COMMON	ins_9	13
K562_skew	[0.2,0.5)	Other cCREs	LOW_FREQ	del_1	361
K562_skew	[0.2,0.5)	Other cCREs	LOW_FREQ	del_10plus	491
K562_skew	[0.2,0.5)	Other cCREs	LOW_FREQ	del_2	133
K562_skew	[0.2,0.5)	Other cCREs	LOW_FREQ	del_3	84
K562_skew	[0.2,0.5)	Other cCREs	LOW_FREQ	del_4	109
K562_skew	[0.2,0.5)	Other cCREs	LOW_FREQ	del_5	53
K562_skew	[0.2,0.5)	Other cCREs	LOW_FREQ	del_6	48
K562_skew	[0.2,0.5)	Other cCREs	LOW_FREQ	del_7	41
K562_skew	[0.2,0.5)	Other cCREs	LOW_FREQ	del_8	39
K562_skew	[0.2,0.5)	Other cCREs	LOW_FREQ	del_9	33
K562_skew	[0.2,0.5)	Other cCREs	LOW_FREQ	ins_1	242
K562_skew	[0.2,0.5)	Other cCREs	LOW_FREQ	ins_10plus	995
K562_skew	[0.2,0.5)	Other cCREs	LOW_FREQ	ins_2	167
K562_skew	[0.2,0.5)	Other cCREs	LOW_FREQ	ins_3	114
K562_skew	[0.2,0.5)	Other cCREs	LOW_FREQ	ins_4	122
K562_skew	[0.2,0.5)	Other cCREs	LOW_FREQ	ins_5	42
K562_skew	[0.2,0.5)	Other cCREs	LOW_FREQ	ins_6	104
K562_skew	[0.2,0.5)	Other cCREs	LOW_FREQ	ins_7	23
K562_skew	[0.2,0.5)	Other cCREs	LOW_FREQ	ins_8	128
K562_skew	[0.2,0.5)	Other cCREs	LOW_FREQ	ins_9	24
K562_skew	[0.2,0.5)	Other cCREs	RARE	del_1	851
K562_skew	[0.2,0.5)	Other cCREs	RARE	del_10plus	1107
K562_skew	[0.2,0.5)	Other cCREs	RARE	del_2	363
K562_skew	[0.2,0.5)	Other cCREs	RARE	del_3	212
K562_skew	[0.2,0.5)	Other cCREs	RARE	del_4	314
K562_skew	[0.2,0.5)	Other cCREs	RARE	del_5	110
K562_skew	[0.2,0.5)	Other cCREs	RARE	del_6	130
K562_skew	[0.2,0.5)	Other cCREs	RARE	del_7	74
K562_skew	[0.2,0.5)	Other cCREs	RARE	del_8	99
K562_skew	[0.2,0.5)	Other cCREs	RARE	del_9	70
K562_skew	[0.2,0.5)	Other cCREs	RARE	ins_1	595
K562_skew	[0.2,0.5)	Other cCREs	RARE	ins_10plus	1702
K562_skew	[0.2,0.5)	Other cCREs	RARE	ins_2	297
K562_skew	[0.2,0.5)	Other cCREs	RARE	ins_3	223
K562_skew	[0.2,0.5)	Other cCREs	RARE	ins_4	229
K562_skew	[0.2,0.5)	Other cCREs	RARE	ins_5	75
K562_skew	[0.2,0.5)	Other cCREs	RARE	ins_6	180
K562_skew	[0.2,0.5)	Other cCREs	RARE	ins_7	65
K562_skew	[0.2,0.5)	Other cCREs	RARE	ins_8	247
K562_skew	[0.2,0.5)	Other cCREs	RARE	ins_9	49
K562_skew	[0.2,0.5)	Other cCREs	SINGLETON	del_1	8553
K562_skew	[0.2,0.5)	Other cCREs	SINGLETON	del_10plus	6325
K562_skew	[0.2,0.5)	Other cCREs	SINGLETON	del_2	2889
K562_skew	[0.2,0.5)	Other cCREs	SINGLETON	del_3	1605
K562_skew	[0.2,0.5)	Other cCREs	SINGLETON	del_4	1924
K562_skew	[0.2,0.5)	Other cCREs	SINGLETON	del_5	969
K562_skew	[0.2,0.5)	Other cCREs	SINGLETON	del_6	838
K562_skew	[0.2,0.5)	Other cCREs	SINGLETON	del_7	557
K562_skew	[0.2,0.5)	Other cCREs	SINGLETON	del_8	554
K562_skew	[0.2,0.5)	Other cCREs	SINGLETON	del_9	547
K562_skew	[0.2,0.5)	Other cCREs	SINGLETON	ins_1	3920
K562_skew	[0.2,0.5)	Other cCREs	SINGLETON	ins_10plus	3257
K562_skew	[0.2,0.5)	Other cCREs	SINGLETON	ins_2	1266
K562_skew	[0.2,0.5)	Other cCREs	SINGLETON	ins_3	1118
K562_skew	[0.2,0.5)	Other cCREs	SINGLETON	ins_4	955
K562_skew	[0.2,0.5)	Other cCREs	SINGLETON	ins_5	478
K562_skew	[0.2,0.5)	Other cCREs	SINGLETON	ins_6	522
K562_skew	[0.2,0.5)	Other cCREs	SINGLETON	ins_7	296
K562_skew	[0.2,0.5)	Other cCREs	SINGLETON	ins_8	627
K562_skew	[0.2,0.5)	Other cCREs	SINGLETON	ins_9	197
K562_skew	[0.2,0.5)	Other cCREs	ULTRARARE	del_1	4869
K562_skew	[0.2,0.5)	Other cCREs	ULTRARARE	del_10plus	4384
K562_skew	[0.2,0.5)	Other cCREs	ULTRARARE	del_2	1947
K562_skew	[0.2,0.5)	Other cCREs	ULTRARARE	del_3	1152
K562_skew	[0.2,0.5)	Other cCREs	ULTRARARE	del_4	1376
K562_skew	[0.2,0.5)	Other cCREs	ULTRARARE	del_5	562
K562_skew	[0.2,0.5)	Other cCREs	ULTRARARE	del_6	471
K562_skew	[0.2,0.5)	Other cCREs	ULTRARARE	del_7	336
K562_skew	[0.2,0.5)	Other cCREs	ULTRARARE	del_8	352
K562_skew	[0.2,0.5)	Other cCREs	ULTRARARE	del_9	382
K562_skew	[0.2,0.5)	Other cCREs	ULTRARARE	ins_1	2636
K562_skew	[0.2,0.5)	Other cCREs	ULTRARARE	ins_10plus	2991
K562_skew	[0.2,0.5)	Other cCREs	ULTRARARE	ins_2	1031
K562_skew	[0.2,0.5)	Other cCREs	ULTRARARE	ins_3	741
K562_skew	[0.2,0.5)	Other cCREs	ULTRARARE	ins_4	731
K562_skew	[0.2,0.5)	Other cCREs	ULTRARARE	ins_5	305
K562_skew	[0.2,0.5)	Other cCREs	ULTRARARE	ins_6	434
K562_skew	[0.2,0.5)	Other cCREs	ULTRARARE	ins_7	221
K562_skew	[0.2,0.5)	Other cCREs	ULTRARARE	ins_8	477
K562_skew	[0.2,0.5)	Other cCREs	ULTRARARE	ins_9	141
K562_skew	[0.2,0.5)	PLS	COMMON	del_1	49
K562_skew	[0.2,0.5)	PLS	COMMON	del_10plus	52
K562_skew	[0.2,0.5)	PLS	COMMON	del_2	12
K562_skew	[0.2,0.5)	PLS	COMMON	del_3	10
K562_skew	[0.2,0.5)	PLS	COMMON	del_4	8
K562_skew	[0.2,0.5)	PLS	COMMON	del_5	3
K562_skew	[0.2,0.5)	PLS	COMMON	del_6	9
K562_skew	[0.2,0.5)	PLS	COMMON	del_7	4
K562_skew	[0.2,0.5)	PLS	COMMON	del_8	3
K562_skew	[0.2,0.5)	PLS	COMMON	del_9	5
K562_skew	[0.2,0.5)	PLS	COMMON	ins_1	55
K562_skew	[0.2,0.5)	PLS	COMMON	ins_10plus	70
K562_skew	[0.2,0.5)	PLS	COMMON	ins_2	22
K562_skew	[0.2,0.5)	PLS	COMMON	ins_3	6
K562_skew	[0.2,0.5)	PLS	COMMON	ins_4	11
K562_skew	[0.2,0.5)	PLS	COMMON	ins_5	11
K562_skew	[0.2,0.5)	PLS	COMMON	ins_6	14
K562_skew	[0.2,0.5)	PLS	COMMON	ins_7	3
K562_skew	[0.2,0.5)	PLS	COMMON	ins_8	9
K562_skew	[0.2,0.5)	PLS	COMMON	ins_9	4
K562_skew	[0.2,0.5)	PLS	LOW_FREQ	del_1	52
K562_skew	[0.2,0.5)	PLS	LOW_FREQ	del_10plus	71
K562_skew	[0.2,0.5)	PLS	LOW_FREQ	del_2	15
K562_skew	[0.2,0.5)	PLS	LOW_FREQ	del_3	10
K562_skew	[0.2,0.5)	PLS	LOW_FREQ	del_4	12
K562_skew	[0.2,0.5)	PLS	LOW_FREQ	del_5	6
K562_skew	[0.2,0.5)	PLS	LOW_FREQ	del_6	6
K562_skew	[0.2,0.5)	PLS	LOW_FREQ	del_7	6
K562_skew	[0.2,0.5)	PLS	LOW_FREQ	del_8	5
K562_skew	[0.2,0.5)	PLS	LOW_FREQ	del_9	9
K562_skew	[0.2,0.5)	PLS	LOW_FREQ	ins_1	57
K562_skew	[0.2,0.5)	PLS	LOW_FREQ	ins_10plus	110
K562_skew	[0.2,0.5)	PLS	LOW_FREQ	ins_2	15
K562_skew	[0.2,0.5)	PLS	LOW_FREQ	ins_3	14
K562_skew	[0.2,0.5)	PLS	LOW_FREQ	ins_4	16
K562_skew	[0.2,0.5)	PLS	LOW_FREQ	ins_5	20
K562_skew	[0.2,0.5)	PLS	LOW_FREQ	ins_6	24
K562_skew	[0.2,0.5)	PLS	LOW_FREQ	ins_7	9
K562_skew	[0.2,0.5)	PLS	LOW_FREQ	ins_8	13
K562_skew	[0.2,0.5)	PLS	LOW_FREQ	ins_9	7
K562_skew	[0.2,0.5)	PLS	RARE	del_1	168
K562_skew	[0.2,0.5)	PLS	RARE	del_10plus	141
K562_skew	[0.2,0.5)	PLS	RARE	del_2	55
K562_skew	[0.2,0.5)	PLS	RARE	del_3	42
K562_skew	[0.2,0.5)	PLS	RARE	del_4	32
K562_skew	[0.2,0.5)	PLS	RARE	del_5	14
K562_skew	[0.2,0.5)	PLS	RARE	del_6	24
K562_skew	[0.2,0.5)	PLS	RARE	del_7	14
K562_skew	[0.2,0.5)	PLS	RARE	del_8	9
K562_skew	[0.2,0.5)	PLS	RARE	del_9	18
K562_skew	[0.2,0.5)	PLS	RARE	ins_1	168
K562_skew	[0.2,0.5)	PLS	RARE	ins_10plus	286
K562_skew	[0.2,0.5)	PLS	RARE	ins_2	49
K562_skew	[0.2,0.5)	PLS	RARE	ins_3	32
K562_skew	[0.2,0.5)	PLS	RARE	ins_4	24
K562_skew	[0.2,0.5)	PLS	RARE	ins_5	54
K562_skew	[0.2,0.5)	PLS	RARE	ins_6	70
K562_skew	[0.2,0.5)	PLS	RARE	ins_7	20
K562_skew	[0.2,0.5)	PLS	RARE	ins_8	41
K562_skew	[0.2,0.5)	PLS	RARE	ins_9	21
K562_skew	[0.2,0.5)	PLS	SINGLETON	del_1	1387
K562_skew	[0.2,0.5)	PLS	SINGLETON	del_10plus	783
K562_skew	[0.2,0.5)	PLS	SINGLETON	del_2	401
K562_skew	[0.2,0.5)	PLS	SINGLETON	del_3	290
K562_skew	[0.2,0.5)	PLS	SINGLETON	del_4	222
K562_skew	[0.2,0.5)	PLS	SINGLETON	del_5	159
K562_skew	[0.2,0.5)	PLS	SINGLETON	del_6	124
K562_skew	[0.2,0.5)	PLS	SINGLETON	del_7	92
K562_skew	[0.2,0.5)	PLS	SINGLETON	del_8	82
K562_skew	[0.2,0.5)	PLS	SINGLETON	del_9	90
K562_skew	[0.2,0.5)	PLS	SINGLETON	ins_1	770
K562_skew	[0.2,0.5)	PLS	SINGLETON	ins_10plus	1013
K562_skew	[0.2,0.5)	PLS	SINGLETON	ins_2	207
K562_skew	[0.2,0.5)	PLS	SINGLETON	ins_3	150
K562_skew	[0.2,0.5)	PLS	SINGLETON	ins_4	158
K562_skew	[0.2,0.5)	PLS	SINGLETON	ins_5	148
K562_skew	[0.2,0.5)	PLS	SINGLETON	ins_6	177
K562_skew	[0.2,0.5)	PLS	SINGLETON	ins_7	77
K562_skew	[0.2,0.5)	PLS	SINGLETON	ins_8	98
K562_skew	[0.2,0.5)	PLS	SINGLETON	ins_9	67
K562_skew	[0.2,0.5)	PLS	ULTRARARE	del_1	922
K562_skew	[0.2,0.5)	PLS	ULTRARARE	del_10plus	517
K562_skew	[0.2,0.5)	PLS	ULTRARARE	del_2	242
K562_skew	[0.2,0.5)	PLS	ULTRARARE	del_3	197
K562_skew	[0.2,0.5)	PLS	ULTRARARE	del_4	171
K562_skew	[0.2,0.5)	PLS	ULTRARARE	del_5	90
K562_skew	[0.2,0.5)	PLS	ULTRARARE	del_6	78
K562_skew	[0.2,0.5)	PLS	ULTRARARE	del_7	67
K562_skew	[0.2,0.5)	PLS	ULTRARARE	del_8	55
K562_skew	[0.2,0.5)	PLS	ULTRARARE	del_9	69
K562_skew	[0.2,0.5)	PLS	ULTRARARE	ins_1	614
K562_skew	[0.2,0.5)	PLS	ULTRARARE	ins_10plus	920
K562_skew	[0.2,0.5)	PLS	ULTRARARE	ins_2	169
K562_skew	[0.2,0.5)	PLS	ULTRARARE	ins_3	98
K562_skew	[0.2,0.5)	PLS	ULTRARARE	ins_4	110
K562_skew	[0.2,0.5)	PLS	ULTRARARE	ins_5	141
K562_skew	[0.2,0.5)	PLS	ULTRARARE	ins_6	191
K562_skew	[0.2,0.5)	PLS	ULTRARARE	ins_7	42
K562_skew	[0.2,0.5)	PLS	ULTRARARE	ins_8	103
K562_skew	[0.2,0.5)	PLS	ULTRARARE	ins_9	49
K562_skew	[0.2,0.5)	dELS	COMMON	del_1	765
K562_skew	[0.2,0.5)	dELS	COMMON	del_10plus	1028
K562_skew	[0.2,0.5)	dELS	COMMON	del_2	294
K562_skew	[0.2,0.5)	dELS	COMMON	del_3	158
K562_skew	[0.2,0.5)	dELS	COMMON	del_4	225
K562_skew	[0.2,0.5)	dELS	COMMON	del_5	84
K562_skew	[0.2,0.5)	dELS	COMMON	del_6	120
K562_skew	[0.2,0.5)	dELS	COMMON	del_7	79
K562_skew	[0.2,0.5)	dELS	COMMON	del_8	65
K562_skew	[0.2,0.5)	dELS	COMMON	del_9	71
K562_skew	[0.2,0.5)	dELS	COMMON	ins_1	760
K562_skew	[0.2,0.5)	dELS	COMMON	ins_10plus	1657
K562_skew	[0.2,0.5)	dELS	COMMON	ins_2	375
K562_skew	[0.2,0.5)	dELS	COMMON	ins_3	251
K562_skew	[0.2,0.5)	dELS	COMMON	ins_4	296
K562_skew	[0.2,0.5)	dELS	COMMON	ins_5	101
K562_skew	[0.2,0.5)	dELS	COMMON	ins_6	184
K562_skew	[0.2,0.5)	dELS	COMMON	ins_7	61
K562_skew	[0.2,0.5)	dELS	COMMON	ins_8	246
K562_skew	[0.2,0.5)	dELS	COMMON	ins_9	49
K562_skew	[0.2,0.5)	dELS	LOW_FREQ	del_1	1009
K562_skew	[0.2,0.5)	dELS	LOW_FREQ	del_10plus	1216
K562_skew	[0.2,0.5)	dELS	LOW_FREQ	del_2	448
K562_skew	[0.2,0.5)	dELS	LOW_FREQ	del_3	248
K562_skew	[0.2,0.5)	dELS	LOW_FREQ	del_4	334
K562_skew	[0.2,0.5)	dELS	LOW_FREQ	del_5	140
K562_skew	[0.2,0.5)	dELS	LOW_FREQ	del_6	123
K562_skew	[0.2,0.5)	dELS	LOW_FREQ	del_7	87
K562_skew	[0.2,0.5)	dELS	LOW_FREQ	del_8	90
K562_skew	[0.2,0.5)	dELS	LOW_FREQ	del_9	87
K562_skew	[0.2,0.5)	dELS	LOW_FREQ	ins_1	750
K562_skew	[0.2,0.5)	dELS	LOW_FREQ	ins_10plus	2858
K562_skew	[0.2,0.5)	dELS	LOW_FREQ	ins_2	436
K562_skew	[0.2,0.5)	dELS	LOW_FREQ	ins_3	259
K562_skew	[0.2,0.5)	dELS	LOW_FREQ	ins_4	310
K562_skew	[0.2,0.5)	dELS	LOW_FREQ	ins_5	106
K562_skew	[0.2,0.5)	dELS	LOW_FREQ	ins_6	274
K562_skew	[0.2,0.5)	dELS	LOW_FREQ	ins_7	68
K562_skew	[0.2,0.5)	dELS	LOW_FREQ	ins_8	383
K562_skew	[0.2,0.5)	dELS	LOW_FREQ	ins_9	71
K562_skew	[0.2,0.5)	dELS	RARE	del_1	2461
K562_skew	[0.2,0.5)	dELS	RARE	del_10plus	2666
K562_skew	[0.2,0.5)	dELS	RARE	del_2	1152
K562_skew	[0.2,0.5)	dELS	RARE	del_3	575
K562_skew	[0.2,0.5)	dELS	RARE	del_4	765
K562_skew	[0.2,0.5)	dELS	RARE	del_5	298
K562_skew	[0.2,0.5)	dELS	RARE	del_6	317
K562_skew	[0.2,0.5)	dELS	RARE	del_7	207
K562_skew	[0.2,0.5)	dELS	RARE	del_8	222
K562_skew	[0.2,0.5)	dELS	RARE	del_9	232
K562_skew	[0.2,0.5)	dELS	RARE	ins_1	1833
K562_skew	[0.2,0.5)	dELS	RARE	ins_10plus	4689
K562_skew	[0.2,0.5)	dELS	RARE	ins_2	826
K562_skew	[0.2,0.5)	dELS	RARE	ins_3	514
K562_skew	[0.2,0.5)	dELS	RARE	ins_4	553
K562_skew	[0.2,0.5)	dELS	RARE	ins_5	248
K562_skew	[0.2,0.5)	dELS	RARE	ins_6	494
K562_skew	[0.2,0.5)	dELS	RARE	ins_7	180
K562_skew	[0.2,0.5)	dELS	RARE	ins_8	602
K562_skew	[0.2,0.5)	dELS	RARE	ins_9	148
K562_skew	[0.2,0.5)	dELS	SINGLETON	del_1	25897
K562_skew	[0.2,0.5)	dELS	SINGLETON	del_10plus	17263
K562_skew	[0.2,0.5)	dELS	SINGLETON	del_2	9175
K562_skew	[0.2,0.5)	dELS	SINGLETON	del_3	4884
K562_skew	[0.2,0.5)	dELS	SINGLETON	del_4	5444
K562_skew	[0.2,0.5)	dELS	SINGLETON	del_5	2800
K562_skew	[0.2,0.5)	dELS	SINGLETON	del_6	2333
K562_skew	[0.2,0.5)	dELS	SINGLETON	del_7	1749
K562_skew	[0.2,0.5)	dELS	SINGLETON	del_8	1491
K562_skew	[0.2,0.5)	dELS	SINGLETON	del_9	1668
K562_skew	[0.2,0.5)	dELS	SINGLETON	ins_1	12757
K562_skew	[0.2,0.5)	dELS	SINGLETON	ins_10plus	8262
K562_skew	[0.2,0.5)	dELS	SINGLETON	ins_2	3764
K562_skew	[0.2,0.5)	dELS	SINGLETON	ins_3	2990
K562_skew	[0.2,0.5)	dELS	SINGLETON	ins_4	2921
K562_skew	[0.2,0.5)	dELS	SINGLETON	ins_5	1369
K562_skew	[0.2,0.5)	dELS	SINGLETON	ins_6	1369
K562_skew	[0.2,0.5)	dELS	SINGLETON	ins_7	849
K562_skew	[0.2,0.5)	dELS	SINGLETON	ins_8	1455
K562_skew	[0.2,0.5)	dELS	SINGLETON	ins_9	624
K562_skew	[0.2,0.5)	dELS	ULTRARARE	del_1	14466
K562_skew	[0.2,0.5)	dELS	ULTRARARE	del_10plus	11239
K562_skew	[0.2,0.5)	dELS	ULTRARARE	del_2	6101
K562_skew	[0.2,0.5)	dELS	ULTRARARE	del_3	3253
K562_skew	[0.2,0.5)	dELS	ULTRARARE	del_4	3971
K562_skew	[0.2,0.5)	dELS	ULTRARARE	del_5	1760
K562_skew	[0.2,0.5)	dELS	ULTRARARE	del_6	1458
K562_skew	[0.2,0.5)	dELS	ULTRARARE	del_7	988
K562_skew	[0.2,0.5)	dELS	ULTRARARE	del_8	892
K562_skew	[0.2,0.5)	dELS	ULTRARARE	del_9	1064
K562_skew	[0.2,0.5)	dELS	ULTRARARE	ins_1	8618
K562_skew	[0.2,0.5)	dELS	ULTRARARE	ins_10plus	8343
K562_skew	[0.2,0.5)	dELS	ULTRARARE	ins_2	2783
K562_skew	[0.2,0.5)	dELS	ULTRARARE	ins_3	1840
K562_skew	[0.2,0.5)	dELS	ULTRARARE	ins_4	1912
K562_skew	[0.2,0.5)	dELS	ULTRARARE	ins_5	892
K562_skew	[0.2,0.5)	dELS	ULTRARARE	ins_6	1233
K562_skew	[0.2,0.5)	dELS	ULTRARARE	ins_7	595
K562_skew	[0.2,0.5)	dELS	ULTRARARE	ins_8	1279
K562_skew	[0.2,0.5)	dELS	ULTRARARE	ins_9	415
K562_skew	[0.2,0.5)	non-cCRE	COMMON	del_1	2181
K562_skew	[0.2,0.5)	non-cCRE	COMMON	del_10plus	4344
K562_skew	[0.2,0.5)	non-cCRE	COMMON	del_2	919
K562_skew	[0.2,0.5)	non-cCRE	COMMON	del_3	479
K562_skew	[0.2,0.5)	non-cCRE	COMMON	del_4	750
K562_skew	[0.2,0.5)	non-cCRE	COMMON	del_5	362
K562_skew	[0.2,0.5)	non-cCRE	COMMON	del_6	372
K562_skew	[0.2,0.5)	non-cCRE	COMMON	del_7	214
K562_skew	[0.2,0.5)	non-cCRE	COMMON	del_8	256
K562_skew	[0.2,0.5)	non-cCRE	COMMON	del_9	257
K562_skew	[0.2,0.5)	non-cCRE	COMMON	ins_1	2290
K562_skew	[0.2,0.5)	non-cCRE	COMMON	ins_10plus	5532
K562_skew	[0.2,0.5)	non-cCRE	COMMON	ins_2	1481
K562_skew	[0.2,0.5)	non-cCRE	COMMON	ins_3	1236
K562_skew	[0.2,0.5)	non-cCRE	COMMON	ins_4	992
K562_skew	[0.2,0.5)	non-cCRE	COMMON	ins_5	475
K562_skew	[0.2,0.5)	non-cCRE	COMMON	ins_6	504
K562_skew	[0.2,0.5)	non-cCRE	COMMON	ins_7	255
K562_skew	[0.2,0.5)	non-cCRE	COMMON	ins_8	674
K562_skew	[0.2,0.5)	non-cCRE	COMMON	ins_9	191
K562_skew	[0.2,0.5)	non-cCRE	LOW_FREQ	del_1	2773
K562_skew	[0.2,0.5)	non-cCRE	LOW_FREQ	del_10plus	5308
K562_skew	[0.2,0.5)	non-cCRE	LOW_FREQ	del_2	1281
K562_skew	[0.2,0.5)	non-cCRE	LOW_FREQ	del_3	577
K562_skew	[0.2,0.5)	non-cCRE	LOW_FREQ	del_4	968
K562_skew	[0.2,0.5)	non-cCRE	LOW_FREQ	del_5	448
K562_skew	[0.2,0.5)	non-cCRE	LOW_FREQ	del_6	471
K562_skew	[0.2,0.5)	non-cCRE	LOW_FREQ	del_7	308
K562_skew	[0.2,0.5)	non-cCRE	LOW_FREQ	del_8	386
K562_skew	[0.2,0.5)	non-cCRE	LOW_FREQ	del_9	333
K562_skew	[0.2,0.5)	non-cCRE	LOW_FREQ	ins_1	2157
K562_skew	[0.2,0.5)	non-cCRE	LOW_FREQ	ins_10plus	9221
K562_skew	[0.2,0.5)	non-cCRE	LOW_FREQ	ins_2	1524
K562_skew	[0.2,0.5)	non-cCRE	LOW_FREQ	ins_3	1339
K562_skew	[0.2,0.5)	non-cCRE	LOW_FREQ	ins_4	1089
K562_skew	[0.2,0.5)	non-cCRE	LOW_FREQ	ins_5	510
K562_skew	[0.2,0.5)	non-cCRE	LOW_FREQ	ins_6	635
K562_skew	[0.2,0.5)	non-cCRE	LOW_FREQ	ins_7	306
K562_skew	[0.2,0.5)	non-cCRE	LOW_FREQ	ins_8	979
K562_skew	[0.2,0.5)	non-cCRE	LOW_FREQ	ins_9	276
K562_skew	[0.2,0.5)	non-cCRE	RARE	del_1	6757
K562_skew	[0.2,0.5)	non-cCRE	RARE	del_10plus	11351
K562_skew	[0.2,0.5)	non-cCRE	RARE	del_2	3035
K562_skew	[0.2,0.5)	non-cCRE	RARE	del_3	1560
K562_skew	[0.2,0.5)	non-cCRE	RARE	del_4	2188
K562_skew	[0.2,0.5)	non-cCRE	RARE	del_5	1090
K562_skew	[0.2,0.5)	non-cCRE	RARE	del_6	1080
K562_skew	[0.2,0.5)	non-cCRE	RARE	del_7	780
K562_skew	[0.2,0.5)	non-cCRE	RARE	del_8	785
K562_skew	[0.2,0.5)	non-cCRE	RARE	del_9	733
K562_skew	[0.2,0.5)	non-cCRE	RARE	ins_1	4972
K562_skew	[0.2,0.5)	non-cCRE	RARE	ins_10plus	16161
K562_skew	[0.2,0.5)	non-cCRE	RARE	ins_2	3016
K562_skew	[0.2,0.5)	non-cCRE	RARE	ins_3	2272
K562_skew	[0.2,0.5)	non-cCRE	RARE	ins_4	1990
K562_skew	[0.2,0.5)	non-cCRE	RARE	ins_5	1056
K562_skew	[0.2,0.5)	non-cCRE	RARE	ins_6	1291
K562_skew	[0.2,0.5)	non-cCRE	RARE	ins_7	723
K562_skew	[0.2,0.5)	non-cCRE	RARE	ins_8	1822
K562_skew	[0.2,0.5)	non-cCRE	RARE	ins_9	599
K562_skew	[0.2,0.5)	non-cCRE	SINGLETON	del_1	68396
K562_skew	[0.2,0.5)	non-cCRE	SINGLETON	del_10plus	58884
K562_skew	[0.2,0.5)	non-cCRE	SINGLETON	del_2	24086
K562_skew	[0.2,0.5)	non-cCRE	SINGLETON	del_3	12759
K562_skew	[0.2,0.5)	non-cCRE	SINGLETON	del_4	15091
K562_skew	[0.2,0.5)	non-cCRE	SINGLETON	del_5	8382
K562_skew	[0.2,0.5)	non-cCRE	SINGLETON	del_6	6807
K562_skew	[0.2,0.5)	non-cCRE	SINGLETON	del_7	4739
K562_skew	[0.2,0.5)	non-cCRE	SINGLETON	del_8	4373
K562_skew	[0.2,0.5)	non-cCRE	SINGLETON	del_9	4654
K562_skew	[0.2,0.5)	non-cCRE	SINGLETON	ins_1	34661
K562_skew	[0.2,0.5)	non-cCRE	SINGLETON	ins_10plus	31276
K562_skew	[0.2,0.5)	non-cCRE	SINGLETON	ins_2	12679
K562_skew	[0.2,0.5)	non-cCRE	SINGLETON	ins_3	10959
K562_skew	[0.2,0.5)	non-cCRE	SINGLETON	ins_4	10298
K562_skew	[0.2,0.5)	non-cCRE	SINGLETON	ins_5	5614
K562_skew	[0.2,0.5)	non-cCRE	SINGLETON	ins_6	5099
K562_skew	[0.2,0.5)	non-cCRE	SINGLETON	ins_7	3795
K562_skew	[0.2,0.5)	non-cCRE	SINGLETON	ins_8	5792
K562_skew	[0.2,0.5)	non-cCRE	SINGLETON	ins_9	2650
K562_skew	[0.2,0.5)	non-cCRE	ULTRARARE	del_1	38820
K562_skew	[0.2,0.5)	non-cCRE	ULTRARARE	del_10plus	41079
K562_skew	[0.2,0.5)	non-cCRE	ULTRARARE	del_2	15542
K562_skew	[0.2,0.5)	non-cCRE	ULTRARARE	del_3	7943
K562_skew	[0.2,0.5)	non-cCRE	ULTRARARE	del_4	11034
K562_skew	[0.2,0.5)	non-cCRE	ULTRARARE	del_5	5377
K562_skew	[0.2,0.5)	non-cCRE	ULTRARARE	del_6	4279
K562_skew	[0.2,0.5)	non-cCRE	ULTRARARE	del_7	2996
K562_skew	[0.2,0.5)	non-cCRE	ULTRARARE	del_8	3040
K562_skew	[0.2,0.5)	non-cCRE	ULTRARARE	del_9	3069
K562_skew	[0.2,0.5)	non-cCRE	ULTRARARE	ins_1	23347
K562_skew	[0.2,0.5)	non-cCRE	ULTRARARE	ins_10plus	29242
K562_skew	[0.2,0.5)	non-cCRE	ULTRARARE	ins_2	9568
K562_skew	[0.2,0.5)	non-cCRE	ULTRARARE	ins_3	7536
K562_skew	[0.2,0.5)	non-cCRE	ULTRARARE	ins_4	6941
K562_skew	[0.2,0.5)	non-cCRE	ULTRARARE	ins_5	3549
K562_skew	[0.2,0.5)	non-cCRE	ULTRARARE	ins_6	3683
K562_skew	[0.2,0.5)	non-cCRE	ULTRARARE	ins_7	2295
K562_skew	[0.2,0.5)	non-cCRE	ULTRARARE	ins_8	4285
K562_skew	[0.2,0.5)	non-cCRE	ULTRARARE	ins_9	1856
K562_skew	[0.2,0.5)	pELS	COMMON	del_1	152
K562_skew	[0.2,0.5)	pELS	COMMON	del_10plus	190
K562_skew	[0.2,0.5)	pELS	COMMON	del_2	48
K562_skew	[0.2,0.5)	pELS	COMMON	del_3	36
K562_skew	[0.2,0.5)	pELS	COMMON	del_4	38
K562_skew	[0.2,0.5)	pELS	COMMON	del_5	19
K562_skew	[0.2,0.5)	pELS	COMMON	del_6	21
K562_skew	[0.2,0.5)	pELS	COMMON	del_7	20
K562_skew	[0.2,0.5)	pELS	COMMON	del_8	17
K562_skew	[0.2,0.5)	pELS	COMMON	del_9	12
K562_skew	[0.2,0.5)	pELS	COMMON	ins_1	164
K562_skew	[0.2,0.5)	pELS	COMMON	ins_10plus	323
K562_skew	[0.2,0.5)	pELS	COMMON	ins_2	80
K562_skew	[0.2,0.5)	pELS	COMMON	ins_3	47
K562_skew	[0.2,0.5)	pELS	COMMON	ins_4	42
K562_skew	[0.2,0.5)	pELS	COMMON	ins_5	26
K562_skew	[0.2,0.5)	pELS	COMMON	ins_6	46
K562_skew	[0.2,0.5)	pELS	COMMON	ins_7	6
K562_skew	[0.2,0.5)	pELS	COMMON	ins_8	29
K562_skew	[0.2,0.5)	pELS	COMMON	ins_9	12
K562_skew	[0.2,0.5)	pELS	LOW_FREQ	del_1	211
K562_skew	[0.2,0.5)	pELS	LOW_FREQ	del_10plus	235
K562_skew	[0.2,0.5)	pELS	LOW_FREQ	del_2	66
K562_skew	[0.2,0.5)	pELS	LOW_FREQ	del_3	50
K562_skew	[0.2,0.5)	pELS	LOW_FREQ	del_4	58
K562_skew	[0.2,0.5)	pELS	LOW_FREQ	del_5	20
K562_skew	[0.2,0.5)	pELS	LOW_FREQ	del_6	40
K562_skew	[0.2,0.5)	pELS	LOW_FREQ	del_7	14
K562_skew	[0.2,0.5)	pELS	LOW_FREQ	del_8	15
K562_skew	[0.2,0.5)	pELS	LOW_FREQ	del_9	14
K562_skew	[0.2,0.5)	pELS	LOW_FREQ	ins_1	179
K562_skew	[0.2,0.5)	pELS	LOW_FREQ	ins_10plus	528
K562_skew	[0.2,0.5)	pELS	LOW_FREQ	ins_2	85
K562_skew	[0.2,0.5)	pELS	LOW_FREQ	ins_3	57
K562_skew	[0.2,0.5)	pELS	LOW_FREQ	ins_4	73
K562_skew	[0.2,0.5)	pELS	LOW_FREQ	ins_5	28
K562_skew	[0.2,0.5)	pELS	LOW_FREQ	ins_6	69
K562_skew	[0.2,0.5)	pELS	LOW_FREQ	ins_7	22
K562_skew	[0.2,0.5)	pELS	LOW_FREQ	ins_8	69
K562_skew	[0.2,0.5)	pELS	LOW_FREQ	ins_9	12
K562_skew	[0.2,0.5)	pELS	RARE	del_1	489
K562_skew	[0.2,0.5)	pELS	RARE	del_10plus	514
K562_skew	[0.2,0.5)	pELS	RARE	del_2	217
K562_skew	[0.2,0.5)	pELS	RARE	del_3	117
K562_skew	[0.2,0.5)	pELS	RARE	del_4	139
K562_skew	[0.2,0.5)	pELS	RARE	del_5	54
K562_skew	[0.2,0.5)	pELS	RARE	del_6	72
K562_skew	[0.2,0.5)	pELS	RARE	del_7	36
K562_skew	[0.2,0.5)	pELS	RARE	del_8	35
K562_skew	[0.2,0.5)	pELS	RARE	del_9	44
K562_skew	[0.2,0.5)	pELS	RARE	ins_1	431
K562_skew	[0.2,0.5)	pELS	RARE	ins_10plus	950
K562_skew	[0.2,0.5)	pELS	RARE	ins_2	191
K562_skew	[0.2,0.5)	pELS	RARE	ins_3	92
K562_skew	[0.2,0.5)	pELS	RARE	ins_4	108
K562_skew	[0.2,0.5)	pELS	RARE	ins_5	74
K562_skew	[0.2,0.5)	pELS	RARE	ins_6	107
K562_skew	[0.2,0.5)	pELS	RARE	ins_7	50
K562_skew	[0.2,0.5)	pELS	RARE	ins_8	114
K562_skew	[0.2,0.5)	pELS	RARE	ins_9	34
K562_skew	[0.2,0.5)	pELS	SINGLETON	del_1	4929
K562_skew	[0.2,0.5)	pELS	SINGLETON	del_10plus	3264
K562_skew	[0.2,0.5)	pELS	SINGLETON	del_2	1752
K562_skew	[0.2,0.5)	pELS	SINGLETON	del_3	1003
K562_skew	[0.2,0.5)	pELS	SINGLETON	del_4	1020
K562_skew	[0.2,0.5)	pELS	SINGLETON	del_5	592
K562_skew	[0.2,0.5)	pELS	SINGLETON	del_6	518
K562_skew	[0.2,0.5)	pELS	SINGLETON	del_7	355
K562_skew	[0.2,0.5)	pELS	SINGLETON	del_8	335
K562_skew	[0.2,0.5)	pELS	SINGLETON	del_9	371
K562_skew	[0.2,0.5)	pELS	SINGLETON	ins_1	2865
K562_skew	[0.2,0.5)	pELS	SINGLETON	ins_10plus	1871
K562_skew	[0.2,0.5)	pELS	SINGLETON	ins_2	831
K562_skew	[0.2,0.5)	pELS	SINGLETON	ins_3	593
K562_skew	[0.2,0.5)	pELS	SINGLETON	ins_4	563
K562_skew	[0.2,0.5)	pELS	SINGLETON	ins_5	345
K562_skew	[0.2,0.5)	pELS	SINGLETON	ins_6	382
K562_skew	[0.2,0.5)	pELS	SINGLETON	ins_7	188
K562_skew	[0.2,0.5)	pELS	SINGLETON	ins_8	301
K562_skew	[0.2,0.5)	pELS	SINGLETON	ins_9	129
K562_skew	[0.2,0.5)	pELS	ULTRARARE	del_1	2850
K562_skew	[0.2,0.5)	pELS	ULTRARARE	del_10plus	2237
K562_skew	[0.2,0.5)	pELS	ULTRARARE	del_2	1109
K562_skew	[0.2,0.5)	pELS	ULTRARARE	del_3	680
K562_skew	[0.2,0.5)	pELS	ULTRARARE	del_4	769
K562_skew	[0.2,0.5)	pELS	ULTRARARE	del_5	370
K562_skew	[0.2,0.5)	pELS	ULTRARARE	del_6	307
K562_skew	[0.2,0.5)	pELS	ULTRARARE	del_7	223
K562_skew	[0.2,0.5)	pELS	ULTRARARE	del_8	196
K562_skew	[0.2,0.5)	pELS	ULTRARARE	del_9	205
K562_skew	[0.2,0.5)	pELS	ULTRARARE	ins_1	2136
K562_skew	[0.2,0.5)	pELS	ULTRARARE	ins_10plus	1679
K562_skew	[0.2,0.5)	pELS	ULTRARARE	ins_2	637
K562_skew	[0.2,0.5)	pELS	ULTRARARE	ins_3	382
K562_skew	[0.2,0.5)	pELS	ULTRARARE	ins_4	378
K562_skew	[0.2,0.5)	pELS	ULTRARARE	ins_5	238
K562_skew	[0.2,0.5)	pELS	ULTRARARE	ins_6	305
K562_skew	[0.2,0.5)	pELS	ULTRARARE	ins_7	138
K562_skew	[0.2,0.5)	pELS	ULTRARARE	ins_8	271
K562_skew	[0.2,0.5)	pELS	ULTRARARE	ins_9	103
K562_skew	[0.5,1.0)	Other cCREs	COMMON	del_1	65
K562_skew	[0.5,1.0)	Other cCREs	COMMON	del_10plus	31
K562_skew	[0.5,1.0)	Other cCREs	COMMON	del_2	32
K562_skew	[0.5,1.0)	Other cCREs	COMMON	del_3	14
K562_skew	[0.5,1.0)	Other cCREs	COMMON	del_4	10
K562_skew	[0.5,1.0)	Other cCREs	COMMON	del_5	3
K562_skew	[0.5,1.0)	Other cCREs	COMMON	del_6	2
K562_skew	[0.5,1.0)	Other cCREs	COMMON	del_7	2
K562_skew	[0.5,1.0)	Other cCREs	COMMON	del_8	4
K562_skew	[0.5,1.0)	Other cCREs	COMMON	del_9	5
K562_skew	[0.5,1.0)	Other cCREs	COMMON	ins_1	50
K562_skew	[0.5,1.0)	Other cCREs	COMMON	ins_10plus	49
K562_skew	[0.5,1.0)	Other cCREs	COMMON	ins_2	40
K562_skew	[0.5,1.0)	Other cCREs	COMMON	ins_3	8
K562_skew	[0.5,1.0)	Other cCREs	COMMON	ins_4	18
K562_skew	[0.5,1.0)	Other cCREs	COMMON	ins_5	5
K562_skew	[0.5,1.0)	Other cCREs	COMMON	ins_6	14
K562_skew	[0.5,1.0)	Other cCREs	COMMON	ins_7	6
K562_skew	[0.5,1.0)	Other cCREs	COMMON	ins_8	10
K562_skew	[0.5,1.0)	Other cCREs	COMMON	ins_9	3
K562_skew	[0.5,1.0)	Other cCREs	LOW_FREQ	del_1	74
K562_skew	[0.5,1.0)	Other cCREs	LOW_FREQ	del_10plus	41
K562_skew	[0.5,1.0)	Other cCREs	LOW_FREQ	del_2	27
K562_skew	[0.5,1.0)	Other cCREs	LOW_FREQ	del_3	9
K562_skew	[0.5,1.0)	Other cCREs	LOW_FREQ	del_4	16
K562_skew	[0.5,1.0)	Other cCREs	LOW_FREQ	del_5	5
K562_skew	[0.5,1.0)	Other cCREs	LOW_FREQ	del_6	7
K562_skew	[0.5,1.0)	Other cCREs	LOW_FREQ	del_7	3
K562_skew	[0.5,1.0)	Other cCREs	LOW_FREQ	del_8	7
K562_skew	[0.5,1.0)	Other cCREs	LOW_FREQ	del_9	1
K562_skew	[0.5,1.0)	Other cCREs	LOW_FREQ	ins_1	60
K562_skew	[0.5,1.0)	Other cCREs	LOW_FREQ	ins_10plus	123
K562_skew	[0.5,1.0)	Other cCREs	LOW_FREQ	ins_2	36
K562_skew	[0.5,1.0)	Other cCREs	LOW_FREQ	ins_3	18
K562_skew	[0.5,1.0)	Other cCREs	LOW_FREQ	ins_4	20
K562_skew	[0.5,1.0)	Other cCREs	LOW_FREQ	ins_5	4
K562_skew	[0.5,1.0)	Other cCREs	LOW_FREQ	ins_6	19
K562_skew	[0.5,1.0)	Other cCREs	LOW_FREQ	ins_7	2
K562_skew	[0.5,1.0)	Other cCREs	LOW_FREQ	ins_8	33
K562_skew	[0.5,1.0)	Other cCREs	LOW_FREQ	ins_9	7
K562_skew	[0.5,1.0)	Other cCREs	RARE	del_1	205
K562_skew	[0.5,1.0)	Other cCREs	RARE	del_10plus	115
K562_skew	[0.5,1.0)	Other cCREs	RARE	del_2	83
K562_skew	[0.5,1.0)	Other cCREs	RARE	del_3	32
K562_skew	[0.5,1.0)	Other cCREs	RARE	del_4	31
K562_skew	[0.5,1.0)	Other cCREs	RARE	del_5	15
K562_skew	[0.5,1.0)	Other cCREs	RARE	del_6	13
K562_skew	[0.5,1.0)	Other cCREs	RARE	del_7	15
K562_skew	[0.5,1.0)	Other cCREs	RARE	del_8	13
K562_skew	[0.5,1.0)	Other cCREs	RARE	del_9	8
K562_skew	[0.5,1.0)	Other cCREs	RARE	ins_1	106
K562_skew	[0.5,1.0)	Other cCREs	RARE	ins_10plus	325
K562_skew	[0.5,1.0)	Other cCREs	RARE	ins_2	92
K562_skew	[0.5,1.0)	Other cCREs	RARE	ins_3	28
K562_skew	[0.5,1.0)	Other cCREs	RARE	ins_4	45
K562_skew	[0.5,1.0)	Other cCREs	RARE	ins_5	21
K562_skew	[0.5,1.0)	Other cCREs	RARE	ins_6	44
K562_skew	[0.5,1.0)	Other cCREs	RARE	ins_7	17
K562_skew	[0.5,1.0)	Other cCREs	RARE	ins_8	49
K562_skew	[0.5,1.0)	Other cCREs	RARE	ins_9	11
K562_skew	[0.5,1.0)	Other cCREs	SINGLETON	del_1	1915
K562_skew	[0.5,1.0)	Other cCREs	SINGLETON	del_10plus	785
K562_skew	[0.5,1.0)	Other cCREs	SINGLETON	del_2	675
K562_skew	[0.5,1.0)	Other cCREs	SINGLETON	del_3	323
K562_skew	[0.5,1.0)	Other cCREs	SINGLETON	del_4	301
K562_skew	[0.5,1.0)	Other cCREs	SINGLETON	del_5	172
K562_skew	[0.5,1.0)	Other cCREs	SINGLETON	del_6	139
K562_skew	[0.5,1.0)	Other cCREs	SINGLETON	del_7	95
K562_skew	[0.5,1.0)	Other cCREs	SINGLETON	del_8	100
K562_skew	[0.5,1.0)	Other cCREs	SINGLETON	del_9	103
K562_skew	[0.5,1.0)	Other cCREs	SINGLETON	ins_1	949
K562_skew	[0.5,1.0)	Other cCREs	SINGLETON	ins_10plus	823
K562_skew	[0.5,1.0)	Other cCREs	SINGLETON	ins_2	321
K562_skew	[0.5,1.0)	Other cCREs	SINGLETON	ins_3	215
K562_skew	[0.5,1.0)	Other cCREs	SINGLETON	ins_4	262
K562_skew	[0.5,1.0)	Other cCREs	SINGLETON	ins_5	127
K562_skew	[0.5,1.0)	Other cCREs	SINGLETON	ins_6	153
K562_skew	[0.5,1.0)	Other cCREs	SINGLETON	ins_7	85
K562_skew	[0.5,1.0)	Other cCREs	SINGLETON	ins_8	129
K562_skew	[0.5,1.0)	Other cCREs	SINGLETON	ins_9	48
K562_skew	[0.5,1.0)	Other cCREs	ULTRARARE	del_1	1083
K562_skew	[0.5,1.0)	Other cCREs	ULTRARARE	del_10plus	452
K562_skew	[0.5,1.0)	Other cCREs	ULTRARARE	del_2	420
K562_skew	[0.5,1.0)	Other cCREs	ULTRARARE	del_3	204
K562_skew	[0.5,1.0)	Other cCREs	ULTRARARE	del_4	174
K562_skew	[0.5,1.0)	Other cCREs	ULTRARARE	del_5	95
K562_skew	[0.5,1.0)	Other cCREs	ULTRARARE	del_6	76
K562_skew	[0.5,1.0)	Other cCREs	ULTRARARE	del_7	43
K562_skew	[0.5,1.0)	Other cCREs	ULTRARARE	del_8	64
K562_skew	[0.5,1.0)	Other cCREs	ULTRARARE	del_9	46
K562_skew	[0.5,1.0)	Other cCREs	ULTRARARE	ins_1	590
K562_skew	[0.5,1.0)	Other cCREs	ULTRARARE	ins_10plus	709
K562_skew	[0.5,1.0)	Other cCREs	ULTRARARE	ins_2	303
K562_skew	[0.5,1.0)	Other cCREs	ULTRARARE	ins_3	157
K562_skew	[0.5,1.0)	Other cCREs	ULTRARARE	ins_4	164
K562_skew	[0.5,1.0)	Other cCREs	ULTRARARE	ins_5	76
K562_skew	[0.5,1.0)	Other cCREs	ULTRARARE	ins_6	125
K562_skew	[0.5,1.0)	Other cCREs	ULTRARARE	ins_7	63
K562_skew	[0.5,1.0)	Other cCREs	ULTRARARE	ins_8	129
K562_skew	[0.5,1.0)	Other cCREs	ULTRARARE	ins_9	26
K562_skew	[0.5,1.0)	PLS	COMMON	del_1	16
K562_skew	[0.5,1.0)	PLS	COMMON	del_10plus	3
K562_skew	[0.5,1.0)	PLS	COMMON	del_2	2
K562_skew	[0.5,1.0)	PLS	COMMON	del_3	1
K562_skew	[0.5,1.0)	PLS	COMMON	del_4	1
K562_skew	[0.5,1.0)	PLS	COMMON	del_8	1
K562_skew	[0.5,1.0)	PLS	COMMON	del_9	1
K562_skew	[0.5,1.0)	PLS	COMMON	ins_1	6
K562_skew	[0.5,1.0)	PLS	COMMON	ins_10plus	28
K562_skew	[0.5,1.0)	PLS	COMMON	ins_2	5
K562_skew	[0.5,1.0)	PLS	COMMON	ins_3	2
K562_skew	[0.5,1.0)	PLS	COMMON	ins_4	1
K562_skew	[0.5,1.0)	PLS	COMMON	ins_5	6
K562_skew	[0.5,1.0)	PLS	COMMON	ins_6	4
K562_skew	[0.5,1.0)	PLS	COMMON	ins_7	1
K562_skew	[0.5,1.0)	PLS	COMMON	ins_9	1
K562_skew	[0.5,1.0)	PLS	LOW_FREQ	del_1	15
K562_skew	[0.5,1.0)	PLS	LOW_FREQ	del_10plus	3
K562_skew	[0.5,1.0)	PLS	LOW_FREQ	del_2	9
K562_skew	[0.5,1.0)	PLS	LOW_FREQ	del_3	3
K562_skew	[0.5,1.0)	PLS	LOW_FREQ	del_4	3
K562_skew	[0.5,1.0)	PLS	LOW_FREQ	del_5	1
K562_skew	[0.5,1.0)	PLS	LOW_FREQ	del_7	1
K562_skew	[0.5,1.0)	PLS	LOW_FREQ	del_8	1
K562_skew	[0.5,1.0)	PLS	LOW_FREQ	ins_1	5
K562_skew	[0.5,1.0)	PLS	LOW_FREQ	ins_10plus	42
K562_skew	[0.5,1.0)	PLS	LOW_FREQ	ins_2	4
K562_skew	[0.5,1.0)	PLS	LOW_FREQ	ins_3	1
K562_skew	[0.5,1.0)	PLS	LOW_FREQ	ins_4	1
K562_skew	[0.5,1.0)	PLS	LOW_FREQ	ins_5	6
K562_skew	[0.5,1.0)	PLS	LOW_FREQ	ins_6	1
K562_skew	[0.5,1.0)	PLS	LOW_FREQ	ins_7	1
K562_skew	[0.5,1.0)	PLS	LOW_FREQ	ins_8	7
K562_skew	[0.5,1.0)	PLS	RARE	del_1	39
K562_skew	[0.5,1.0)	PLS	RARE	del_10plus	27
K562_skew	[0.5,1.0)	PLS	RARE	del_2	12
K562_skew	[0.5,1.0)	PLS	RARE	del_3	6
K562_skew	[0.5,1.0)	PLS	RARE	del_4	9
K562_skew	[0.5,1.0)	PLS	RARE	del_5	1
K562_skew	[0.5,1.0)	PLS	RARE	del_6	3
K562_skew	[0.5,1.0)	PLS	RARE	del_7	2
K562_skew	[0.5,1.0)	PLS	RARE	del_8	3
K562_skew	[0.5,1.0)	PLS	RARE	del_9	1
K562_skew	[0.5,1.0)	PLS	RARE	ins_1	22
K562_skew	[0.5,1.0)	PLS	RARE	ins_10plus	117
K562_skew	[0.5,1.0)	PLS	RARE	ins_2	12
K562_skew	[0.5,1.0)	PLS	RARE	ins_3	10
K562_skew	[0.5,1.0)	PLS	RARE	ins_4	6
K562_skew	[0.5,1.0)	PLS	RARE	ins_5	12
K562_skew	[0.5,1.0)	PLS	RARE	ins_6	8
K562_skew	[0.5,1.0)	PLS	RARE	ins_7	1
K562_skew	[0.5,1.0)	PLS	RARE	ins_8	4
K562_skew	[0.5,1.0)	PLS	RARE	ins_9	2
K562_skew	[0.5,1.0)	PLS	SINGLETON	del_1	398
K562_skew	[0.5,1.0)	PLS	SINGLETON	del_10plus	187
K562_skew	[0.5,1.0)	PLS	SINGLETON	del_2	104
K562_skew	[0.5,1.0)	PLS	SINGLETON	del_3	53
K562_skew	[0.5,1.0)	PLS	SINGLETON	del_4	49
K562_skew	[0.5,1.0)	PLS	SINGLETON	del_5	24
K562_skew	[0.5,1.0)	PLS	SINGLETON	del_6	25
K562_skew	[0.5,1.0)	PLS	SINGLETON	del_7	17
K562_skew	[0.5,1.0)	PLS	SINGLETON	del_8	23
K562_skew	[0.5,1.0)	PLS	SINGLETON	del_9	15
K562_skew	[0.5,1.0)	PLS	SINGLETON	ins_1	179
K562_skew	[0.5,1.0)	PLS	SINGLETON	ins_10plus	481
K562_skew	[0.5,1.0)	PLS	SINGLETON	ins_2	65
K562_skew	[0.5,1.0)	PLS	SINGLETON	ins_3	28
K562_skew	[0.5,1.0)	PLS	SINGLETON	ins_4	44
K562_skew	[0.5,1.0)	PLS	SINGLETON	ins_5	40
K562_skew	[0.5,1.0)	PLS	SINGLETON	ins_6	59
K562_skew	[0.5,1.0)	PLS	SINGLETON	ins_7	16
K562_skew	[0.5,1.0)	PLS	SINGLETON	ins_8	19
K562_skew	[0.5,1.0)	PLS	SINGLETON	ins_9	19
K562_skew	[0.5,1.0)	PLS	ULTRARARE	del_1	244
K562_skew	[0.5,1.0)	PLS	ULTRARARE	del_10plus	117
K562_skew	[0.5,1.0)	PLS	ULTRARARE	del_2	63
K562_skew	[0.5,1.0)	PLS	ULTRARARE	del_3	42
K562_skew	[0.5,1.0)	PLS	ULTRARARE	del_4	28
K562_skew	[0.5,1.0)	PLS	ULTRARARE	del_5	14
K562_skew	[0.5,1.0)	PLS	ULTRARARE	del_6	21
K562_skew	[0.5,1.0)	PLS	ULTRARARE	del_7	15
K562_skew	[0.5,1.0)	PLS	ULTRARARE	del_8	13
K562_skew	[0.5,1.0)	PLS	ULTRARARE	del_9	15
K562_skew	[0.5,1.0)	PLS	ULTRARARE	ins_1	148
K562_skew	[0.5,1.0)	PLS	ULTRARARE	ins_10plus	387
K562_skew	[0.5,1.0)	PLS	ULTRARARE	ins_2	31
K562_skew	[0.5,1.0)	PLS	ULTRARARE	ins_3	22
K562_skew	[0.5,1.0)	PLS	ULTRARARE	ins_4	26
K562_skew	[0.5,1.0)	PLS	ULTRARARE	ins_5	40
K562_skew	[0.5,1.0)	PLS	ULTRARARE	ins_6	35
K562_skew	[0.5,1.0)	PLS	ULTRARARE	ins_7	9
K562_skew	[0.5,1.0)	PLS	ULTRARARE	ins_8	18
K562_skew	[0.5,1.0)	PLS	ULTRARARE	ins_9	9
K562_skew	[0.5,1.0)	dELS	COMMON	del_1	191
K562_skew	[0.5,1.0)	dELS	COMMON	del_10plus	72
K562_skew	[0.5,1.0)	dELS	COMMON	del_2	68
K562_skew	[0.5,1.0)	dELS	COMMON	del_3	31
K562_skew	[0.5,1.0)	dELS	COMMON	del_4	34
K562_skew	[0.5,1.0)	dELS	COMMON	del_5	16
K562_skew	[0.5,1.0)	dELS	COMMON	del_6	22
K562_skew	[0.5,1.0)	dELS	COMMON	del_7	6
K562_skew	[0.5,1.0)	dELS	COMMON	del_8	8
K562_skew	[0.5,1.0)	dELS	COMMON	del_9	11
K562_skew	[0.5,1.0)	dELS	COMMON	ins_1	164
K562_skew	[0.5,1.0)	dELS	COMMON	ins_10plus	165
K562_skew	[0.5,1.0)	dELS	COMMON	ins_2	82
K562_skew	[0.5,1.0)	dELS	COMMON	ins_3	44
K562_skew	[0.5,1.0)	dELS	COMMON	ins_4	50
K562_skew	[0.5,1.0)	dELS	COMMON	ins_5	19
K562_skew	[0.5,1.0)	dELS	COMMON	ins_6	29
K562_skew	[0.5,1.0)	dELS	COMMON	ins_7	12
K562_skew	[0.5,1.0)	dELS	COMMON	ins_8	21
K562_skew	[0.5,1.0)	dELS	COMMON	ins_9	6
K562_skew	[0.5,1.0)	dELS	LOW_FREQ	del_1	246
K562_skew	[0.5,1.0)	dELS	LOW_FREQ	del_10plus	128
K562_skew	[0.5,1.0)	dELS	LOW_FREQ	del_2	94
K562_skew	[0.5,1.0)	dELS	LOW_FREQ	del_3	40
K562_skew	[0.5,1.0)	dELS	LOW_FREQ	del_4	27
K562_skew	[0.5,1.0)	dELS	LOW_FREQ	del_5	27
K562_skew	[0.5,1.0)	dELS	LOW_FREQ	del_6	18
K562_skew	[0.5,1.0)	dELS	LOW_FREQ	del_7	16
K562_skew	[0.5,1.0)	dELS	LOW_FREQ	del_8	9
K562_skew	[0.5,1.0)	dELS	LOW_FREQ	del_9	9
K562_skew	[0.5,1.0)	dELS	LOW_FREQ	ins_1	149
K562_skew	[0.5,1.0)	dELS	LOW_FREQ	ins_10plus	358
K562_skew	[0.5,1.0)	dELS	LOW_FREQ	ins_2	99
K562_skew	[0.5,1.0)	dELS	LOW_FREQ	ins_3	44
K562_skew	[0.5,1.0)	dELS	LOW_FREQ	ins_4	79
K562_skew	[0.5,1.0)	dELS	LOW_FREQ	ins_5	27
K562_skew	[0.5,1.0)	dELS	LOW_FREQ	ins_6	48
K562_skew	[0.5,1.0)	dELS	LOW_FREQ	ins_7	14
K562_skew	[0.5,1.0)	dELS	LOW_FREQ	ins_8	74
K562_skew	[0.5,1.0)	dELS	LOW_FREQ	ins_9	8
K562_skew	[0.5,1.0)	dELS	RARE	del_1	579
K562_skew	[0.5,1.0)	dELS	RARE	del_10plus	312
K562_skew	[0.5,1.0)	dELS	RARE	del_2	269
K562_skew	[0.5,1.0)	dELS	RARE	del_3	94
K562_skew	[0.5,1.0)	dELS	RARE	del_4	129
K562_skew	[0.5,1.0)	dELS	RARE	del_5	47
K562_skew	[0.5,1.0)	dELS	RARE	del_6	42
K562_skew	[0.5,1.0)	dELS	RARE	del_7	29
K562_skew	[0.5,1.0)	dELS	RARE	del_8	34
K562_skew	[0.5,1.0)	dELS	RARE	del_9	34
K562_skew	[0.5,1.0)	dELS	RARE	ins_1	371
K562_skew	[0.5,1.0)	dELS	RARE	ins_10plus	870
K562_skew	[0.5,1.0)	dELS	RARE	ins_2	227
K562_skew	[0.5,1.0)	dELS	RARE	ins_3	101
K562_skew	[0.5,1.0)	dELS	RARE	ins_4	145
K562_skew	[0.5,1.0)	dELS	RARE	ins_5	59
K562_skew	[0.5,1.0)	dELS	RARE	ins_6	112
K562_skew	[0.5,1.0)	dELS	RARE	ins_7	33
K562_skew	[0.5,1.0)	dELS	RARE	ins_8	132
K562_skew	[0.5,1.0)	dELS	RARE	ins_9	30
K562_skew	[0.5,1.0)	dELS	SINGLETON	del_1	6376
K562_skew	[0.5,1.0)	dELS	SINGLETON	del_10plus	2568
K562_skew	[0.5,1.0)	dELS	SINGLETON	del_2	2151
K562_skew	[0.5,1.0)	dELS	SINGLETON	del_3	1100
K562_skew	[0.5,1.0)	dELS	SINGLETON	del_4	967
K562_skew	[0.5,1.0)	dELS	SINGLETON	del_5	537
K562_skew	[0.5,1.0)	dELS	SINGLETON	del_6	424
K562_skew	[0.5,1.0)	dELS	SINGLETON	del_7	342
K562_skew	[0.5,1.0)	dELS	SINGLETON	del_8	285
K562_skew	[0.5,1.0)	dELS	SINGLETON	del_9	329
K562_skew	[0.5,1.0)	dELS	SINGLETON	ins_1	3206
K562_skew	[0.5,1.0)	dELS	SINGLETON	ins_10plus	2290
K562_skew	[0.5,1.0)	dELS	SINGLETON	ins_2	976
K562_skew	[0.5,1.0)	dELS	SINGLETON	ins_3	676
K562_skew	[0.5,1.0)	dELS	SINGLETON	ins_4	721
K562_skew	[0.5,1.0)	dELS	SINGLETON	ins_5	372
K562_skew	[0.5,1.0)	dELS	SINGLETON	ins_6	402
K562_skew	[0.5,1.0)	dELS	SINGLETON	ins_7	214
K562_skew	[0.5,1.0)	dELS	SINGLETON	ins_8	346
K562_skew	[0.5,1.0)	dELS	SINGLETON	ins_9	141
K562_skew	[0.5,1.0)	dELS	ULTRARARE	del_1	3550
K562_skew	[0.5,1.0)	dELS	ULTRARARE	del_10plus	1515
K562_skew	[0.5,1.0)	dELS	ULTRARARE	del_2	1379
K562_skew	[0.5,1.0)	dELS	ULTRARARE	del_3	664
K562_skew	[0.5,1.0)	dELS	ULTRARARE	del_4	637
K562_skew	[0.5,1.0)	dELS	ULTRARARE	del_5	253
K562_skew	[0.5,1.0)	dELS	ULTRARARE	del_6	238
K562_skew	[0.5,1.0)	dELS	ULTRARARE	del_7	174
K562_skew	[0.5,1.0)	dELS	ULTRARARE	del_8	161
K562_skew	[0.5,1.0)	dELS	ULTRARARE	del_9	185
K562_skew	[0.5,1.0)	dELS	ULTRARARE	ins_1	2155
K562_skew	[0.5,1.0)	dELS	ULTRARARE	ins_10plus	1992
K562_skew	[0.5,1.0)	dELS	ULTRARARE	ins_2	843
K562_skew	[0.5,1.0)	dELS	ULTRARARE	ins_3	394
K562_skew	[0.5,1.0)	dELS	ULTRARARE	ins_4	479
K562_skew	[0.5,1.0)	dELS	ULTRARARE	ins_5	224
K562_skew	[0.5,1.0)	dELS	ULTRARARE	ins_6	341
K562_skew	[0.5,1.0)	dELS	ULTRARARE	ins_7	145
K562_skew	[0.5,1.0)	dELS	ULTRARARE	ins_8	312
K562_skew	[0.5,1.0)	dELS	ULTRARARE	ins_9	92
K562_skew	[0.5,1.0)	non-cCRE	COMMON	del_1	388
K562_skew	[0.5,1.0)	non-cCRE	COMMON	del_10plus	196
K562_skew	[0.5,1.0)	non-cCRE	COMMON	del_2	142
K562_skew	[0.5,1.0)	non-cCRE	COMMON	del_3	73
K562_skew	[0.5,1.0)	non-cCRE	COMMON	del_4	64
K562_skew	[0.5,1.0)	non-cCRE	COMMON	del_5	27
K562_skew	[0.5,1.0)	non-cCRE	COMMON	del_6	21
K562_skew	[0.5,1.0)	non-cCRE	COMMON	del_7	15
K562_skew	[0.5,1.0)	non-cCRE	COMMON	del_8	18
K562_skew	[0.5,1.0)	non-cCRE	COMMON	del_9	25
K562_skew	[0.5,1.0)	non-cCRE	COMMON	ins_1	356
K562_skew	[0.5,1.0)	non-cCRE	COMMON	ins_10plus	359
K562_skew	[0.5,1.0)	non-cCRE	COMMON	ins_2	193
K562_skew	[0.5,1.0)	non-cCRE	COMMON	ins_3	93
K562_skew	[0.5,1.0)	non-cCRE	COMMON	ins_4	119
K562_skew	[0.5,1.0)	non-cCRE	COMMON	ins_5	56
K562_skew	[0.5,1.0)	non-cCRE	COMMON	ins_6	80
K562_skew	[0.5,1.0)	non-cCRE	COMMON	ins_7	30
K562_skew	[0.5,1.0)	non-cCRE	COMMON	ins_8	91
K562_skew	[0.5,1.0)	non-cCRE	COMMON	ins_9	24
K562_skew	[0.5,1.0)	non-cCRE	LOW_FREQ	del_1	510
K562_skew	[0.5,1.0)	non-cCRE	LOW_FREQ	del_10plus	262
K562_skew	[0.5,1.0)	non-cCRE	LOW_FREQ	del_2	194
K562_skew	[0.5,1.0)	non-cCRE	LOW_FREQ	del_3	98
K562_skew	[0.5,1.0)	non-cCRE	LOW_FREQ	del_4	92
K562_skew	[0.5,1.0)	non-cCRE	LOW_FREQ	del_5	47
K562_skew	[0.5,1.0)	non-cCRE	LOW_FREQ	del_6	36
K562_skew	[0.5,1.0)	non-cCRE	LOW_FREQ	del_7	28
K562_skew	[0.5,1.0)	non-cCRE	LOW_FREQ	del_8	34
K562_skew	[0.5,1.0)	non-cCRE	LOW_FREQ	del_9	22
K562_skew	[0.5,1.0)	non-cCRE	LOW_FREQ	ins_1	349
K562_skew	[0.5,1.0)	non-cCRE	LOW_FREQ	ins_10plus	807
K562_skew	[0.5,1.0)	non-cCRE	LOW_FREQ	ins_2	217
K562_skew	[0.5,1.0)	non-cCRE	LOW_FREQ	ins_3	94
K562_skew	[0.5,1.0)	non-cCRE	LOW_FREQ	ins_4	131
K562_skew	[0.5,1.0)	non-cCRE	LOW_FREQ	ins_5	45
K562_skew	[0.5,1.0)	non-cCRE	LOW_FREQ	ins_6	118
K562_skew	[0.5,1.0)	non-cCRE	LOW_FREQ	ins_7	39
K562_skew	[0.5,1.0)	non-cCRE	LOW_FREQ	ins_8	147
K562_skew	[0.5,1.0)	non-cCRE	LOW_FREQ	ins_9	31
K562_skew	[0.5,1.0)	non-cCRE	RARE	del_1	1275
K562_skew	[0.5,1.0)	non-cCRE	RARE	del_10plus	648
K562_skew	[0.5,1.0)	non-cCRE	RARE	del_2	478
K562_skew	[0.5,1.0)	non-cCRE	RARE	del_3	218
K562_skew	[0.5,1.0)	non-cCRE	RARE	del_4	226
K562_skew	[0.5,1.0)	non-cCRE	RARE	del_5	143
K562_skew	[0.5,1.0)	non-cCRE	RARE	del_6	98
K562_skew	[0.5,1.0)	non-cCRE	RARE	del_7	67
K562_skew	[0.5,1.0)	non-cCRE	RARE	del_8	71
K562_skew	[0.5,1.0)	non-cCRE	RARE	del_9	48
K562_skew	[0.5,1.0)	non-cCRE	RARE	ins_1	854
K562_skew	[0.5,1.0)	non-cCRE	RARE	ins_10plus	1810
K562_skew	[0.5,1.0)	non-cCRE	RARE	ins_2	533
K562_skew	[0.5,1.0)	non-cCRE	RARE	ins_3	252
K562_skew	[0.5,1.0)	non-cCRE	RARE	ins_4	304
K562_skew	[0.5,1.0)	non-cCRE	RARE	ins_5	115
K562_skew	[0.5,1.0)	non-cCRE	RARE	ins_6	225
K562_skew	[0.5,1.0)	non-cCRE	RARE	ins_7	88
K562_skew	[0.5,1.0)	non-cCRE	RARE	ins_8	280
K562_skew	[0.5,1.0)	non-cCRE	RARE	ins_9	71
K562_skew	[0.5,1.0)	non-cCRE	SINGLETON	del_1	12791
K562_skew	[0.5,1.0)	non-cCRE	SINGLETON	del_10plus	5127
K562_skew	[0.5,1.0)	non-cCRE	SINGLETON	del_2	4325
K562_skew	[0.5,1.0)	non-cCRE	SINGLETON	del_3	2091
K562_skew	[0.5,1.0)	non-cCRE	SINGLETON	del_4	1957
K562_skew	[0.5,1.0)	non-cCRE	SINGLETON	del_5	1106
K562_skew	[0.5,1.0)	non-cCRE	SINGLETON	del_6	842
K562_skew	[0.5,1.0)	non-cCRE	SINGLETON	del_7	689
K562_skew	[0.5,1.0)	non-cCRE	SINGLETON	del_8	571
K562_skew	[0.5,1.0)	non-cCRE	SINGLETON	del_9	642
K562_skew	[0.5,1.0)	non-cCRE	SINGLETON	ins_1	6865
K562_skew	[0.5,1.0)	non-cCRE	SINGLETON	ins_10plus	6024
K562_skew	[0.5,1.0)	non-cCRE	SINGLETON	ins_2	2385
K562_skew	[0.5,1.0)	non-cCRE	SINGLETON	ins_3	1682
K562_skew	[0.5,1.0)	non-cCRE	SINGLETON	ins_4	1813
K562_skew	[0.5,1.0)	non-cCRE	SINGLETON	ins_5	999
K562_skew	[0.5,1.0)	non-cCRE	SINGLETON	ins_6	986
K562_skew	[0.5,1.0)	non-cCRE	SINGLETON	ins_7	634
K562_skew	[0.5,1.0)	non-cCRE	SINGLETON	ins_8	949
K562_skew	[0.5,1.0)	non-cCRE	SINGLETON	ins_9	454
K562_skew	[0.5,1.0)	non-cCRE	ULTRARARE	del_1	7147
K562_skew	[0.5,1.0)	non-cCRE	ULTRARARE	del_10plus	2989
K562_skew	[0.5,1.0)	non-cCRE	ULTRARARE	del_2	2839
K562_skew	[0.5,1.0)	non-cCRE	ULTRARARE	del_3	1247
K562_skew	[0.5,1.0)	non-cCRE	ULTRARARE	del_4	1232
K562_skew	[0.5,1.0)	non-cCRE	ULTRARARE	del_5	643
K562_skew	[0.5,1.0)	non-cCRE	ULTRARARE	del_6	479
K562_skew	[0.5,1.0)	non-cCRE	ULTRARARE	del_7	382
K562_skew	[0.5,1.0)	non-cCRE	ULTRARARE	del_8	323
K562_skew	[0.5,1.0)	non-cCRE	ULTRARARE	del_9	358
K562_skew	[0.5,1.0)	non-cCRE	ULTRARARE	ins_1	4350
K562_skew	[0.5,1.0)	non-cCRE	ULTRARARE	ins_10plus	4472
K562_skew	[0.5,1.0)	non-cCRE	ULTRARARE	ins_2	1872
K562_skew	[0.5,1.0)	non-cCRE	ULTRARARE	ins_3	1046
K562_skew	[0.5,1.0)	non-cCRE	ULTRARARE	ins_4	1198
K562_skew	[0.5,1.0)	non-cCRE	ULTRARARE	ins_5	575
K562_skew	[0.5,1.0)	non-cCRE	ULTRARARE	ins_6	714
K562_skew	[0.5,1.0)	non-cCRE	ULTRARARE	ins_7	391
K562_skew	[0.5,1.0)	non-cCRE	ULTRARARE	ins_8	769
K562_skew	[0.5,1.0)	non-cCRE	ULTRARARE	ins_9	288
K562_skew	[0.5,1.0)	pELS	COMMON	del_1	40
K562_skew	[0.5,1.0)	pELS	COMMON	del_10plus	19
K562_skew	[0.5,1.0)	pELS	COMMON	del_2	14
K562_skew	[0.5,1.0)	pELS	COMMON	del_3	7
K562_skew	[0.5,1.0)	pELS	COMMON	del_4	8
K562_skew	[0.5,1.0)	pELS	COMMON	del_5	1
K562_skew	[0.5,1.0)	pELS	COMMON	del_6	2
K562_skew	[0.5,1.0)	pELS	COMMON	del_7	1
K562_skew	[0.5,1.0)	pELS	COMMON	del_8	2
K562_skew	[0.5,1.0)	pELS	COMMON	del_9	2
K562_skew	[0.5,1.0)	pELS	COMMON	ins_1	35
K562_skew	[0.5,1.0)	pELS	COMMON	ins_10plus	26
K562_skew	[0.5,1.0)	pELS	COMMON	ins_2	20
K562_skew	[0.5,1.0)	pELS	COMMON	ins_3	7
K562_skew	[0.5,1.0)	pELS	COMMON	ins_4	10
K562_skew	[0.5,1.0)	pELS	COMMON	ins_5	10
K562_skew	[0.5,1.0)	pELS	COMMON	ins_6	8
K562_skew	[0.5,1.0)	pELS	COMMON	ins_7	4
K562_skew	[0.5,1.0)	pELS	COMMON	ins_8	4
K562_skew	[0.5,1.0)	pELS	LOW_FREQ	del_1	44
K562_skew	[0.5,1.0)	pELS	LOW_FREQ	del_10plus	31
K562_skew	[0.5,1.0)	pELS	LOW_FREQ	del_2	18
K562_skew	[0.5,1.0)	pELS	LOW_FREQ	del_3	10
K562_skew	[0.5,1.0)	pELS	LOW_FREQ	del_4	7
K562_skew	[0.5,1.0)	pELS	LOW_FREQ	del_5	6
K562_skew	[0.5,1.0)	pELS	LOW_FREQ	del_6	5
K562_skew	[0.5,1.0)	pELS	LOW_FREQ	del_7	7
K562_skew	[0.5,1.0)	pELS	LOW_FREQ	del_8	3
K562_skew	[0.5,1.0)	pELS	LOW_FREQ	del_9	7
K562_skew	[0.5,1.0)	pELS	LOW_FREQ	ins_1	27
K562_skew	[0.5,1.0)	pELS	LOW_FREQ	ins_10plus	74
K562_skew	[0.5,1.0)	pELS	LOW_FREQ	ins_2	11
K562_skew	[0.5,1.0)	pELS	LOW_FREQ	ins_3	14
K562_skew	[0.5,1.0)	pELS	LOW_FREQ	ins_4	14
K562_skew	[0.5,1.0)	pELS	LOW_FREQ	ins_5	10
K562_skew	[0.5,1.0)	pELS	LOW_FREQ	ins_6	12
K562_skew	[0.5,1.0)	pELS	LOW_FREQ	ins_7	4
K562_skew	[0.5,1.0)	pELS	LOW_FREQ	ins_8	12
K562_skew	[0.5,1.0)	pELS	LOW_FREQ	ins_9	4
K562_skew	[0.5,1.0)	pELS	RARE	del_1	138
K562_skew	[0.5,1.0)	pELS	RARE	del_10plus	55
K562_skew	[0.5,1.0)	pELS	RARE	del_2	45
K562_skew	[0.5,1.0)	pELS	RARE	del_3	30
K562_skew	[0.5,1.0)	pELS	RARE	del_4	18
K562_skew	[0.5,1.0)	pELS	RARE	del_5	15
K562_skew	[0.5,1.0)	pELS	RARE	del_6	11
K562_skew	[0.5,1.0)	pELS	RARE	del_7	5
K562_skew	[0.5,1.0)	pELS	RARE	del_8	8
K562_skew	[0.5,1.0)	pELS	RARE	del_9	8
K562_skew	[0.5,1.0)	pELS	RARE	ins_1	100
K562_skew	[0.5,1.0)	pELS	RARE	ins_10plus	201
K562_skew	[0.5,1.0)	pELS	RARE	ins_2	49
K562_skew	[0.5,1.0)	pELS	RARE	ins_3	19
K562_skew	[0.5,1.0)	pELS	RARE	ins_4	23
K562_skew	[0.5,1.0)	pELS	RARE	ins_5	24
K562_skew	[0.5,1.0)	pELS	RARE	ins_6	30
K562_skew	[0.5,1.0)	pELS	RARE	ins_7	11
K562_skew	[0.5,1.0)	pELS	RARE	ins_8	31
K562_skew	[0.5,1.0)	pELS	RARE	ins_9	7
K562_skew	[0.5,1.0)	pELS	SINGLETON	del_1	1295
K562_skew	[0.5,1.0)	pELS	SINGLETON	del_10plus	653
K562_skew	[0.5,1.0)	pELS	SINGLETON	del_2	396
K562_skew	[0.5,1.0)	pELS	SINGLETON	del_3	191
K562_skew	[0.5,1.0)	pELS	SINGLETON	del_4	214
K562_skew	[0.5,1.0)	pELS	SINGLETON	del_5	105
K562_skew	[0.5,1.0)	pELS	SINGLETON	del_6	78
K562_skew	[0.5,1.0)	pELS	SINGLETON	del_7	65
K562_skew	[0.5,1.0)	pELS	SINGLETON	del_8	61
K562_skew	[0.5,1.0)	pELS	SINGLETON	del_9	85
K562_skew	[0.5,1.0)	pELS	SINGLETON	ins_1	761
K562_skew	[0.5,1.0)	pELS	SINGLETON	ins_10plus	642
K562_skew	[0.5,1.0)	pELS	SINGLETON	ins_2	244
K562_skew	[0.5,1.0)	pELS	SINGLETON	ins_3	137
K562_skew	[0.5,1.0)	pELS	SINGLETON	ins_4	152
K562_skew	[0.5,1.0)	pELS	SINGLETON	ins_5	122
K562_skew	[0.5,1.0)	pELS	SINGLETON	ins_6	106
K562_skew	[0.5,1.0)	pELS	SINGLETON	ins_7	59
K562_skew	[0.5,1.0)	pELS	SINGLETON	ins_8	69
K562_skew	[0.5,1.0)	pELS	SINGLETON	ins_9	42
K562_skew	[0.5,1.0)	pELS	ULTRARARE	del_1	737
K562_skew	[0.5,1.0)	pELS	ULTRARARE	del_10plus	344
K562_skew	[0.5,1.0)	pELS	ULTRARARE	del_2	270
K562_skew	[0.5,1.0)	pELS	ULTRARARE	del_3	127
K562_skew	[0.5,1.0)	pELS	ULTRARARE	del_4	139
K562_skew	[0.5,1.0)	pELS	ULTRARARE	del_5	62
K562_skew	[0.5,1.0)	pELS	ULTRARARE	del_6	48
K562_skew	[0.5,1.0)	pELS	ULTRARARE	del_7	34
K562_skew	[0.5,1.0)	pELS	ULTRARARE	del_8	45
K562_skew	[0.5,1.0)	pELS	ULTRARARE	del_9	48
K562_skew	[0.5,1.0)	pELS	ULTRARARE	ins_1	510
K562_skew	[0.5,1.0)	pELS	ULTRARARE	ins_10plus	516
K562_skew	[0.5,1.0)	pELS	ULTRARARE	ins_2	171
K562_skew	[0.5,1.0)	pELS	ULTRARARE	ins_3	106
K562_skew	[0.5,1.0)	pELS	ULTRARARE	ins_4	118
K562_skew	[0.5,1.0)	pELS	ULTRARARE	ins_5	98
K562_skew	[0.5,1.0)	pELS	ULTRARARE	ins_6	84
K562_skew	[0.5,1.0)	pELS	ULTRARARE	ins_7	36
K562_skew	[0.5,1.0)	pELS	ULTRARARE	ins_8	52
K562_skew	[0.5,1.0)	pELS	ULTRARARE	ins_9	26
K562_skew	[1.0,1.5)	Other cCREs	COMMON	del_1	13
K562_skew	[1.0,1.5)	Other cCREs	COMMON	del_10plus	4
K562_skew	[1.0,1.5)	Other cCREs	COMMON	del_2	3
K562_skew	[1.0,1.5)	Other cCREs	COMMON	del_4	1
K562_skew	[1.0,1.5)	Other cCREs	COMMON	del_6	1
K562_skew	[1.0,1.5)	Other cCREs	COMMON	del_9	1
K562_skew	[1.0,1.5)	Other cCREs	COMMON	ins_1	9
K562_skew	[1.0,1.5)	Other cCREs	COMMON	ins_10plus	22
K562_skew	[1.0,1.5)	Other cCREs	COMMON	ins_2	7
K562_skew	[1.0,1.5)	Other cCREs	COMMON	ins_3	2
K562_skew	[1.0,1.5)	Other cCREs	COMMON	ins_4	1
K562_skew	[1.0,1.5)	Other cCREs	COMMON	ins_5	4
K562_skew	[1.0,1.5)	Other cCREs	COMMON	ins_6	4
K562_skew	[1.0,1.5)	Other cCREs	COMMON	ins_9	1
K562_skew	[1.0,1.5)	Other cCREs	LOW_FREQ	del_1	7
K562_skew	[1.0,1.5)	Other cCREs	LOW_FREQ	del_10plus	7
K562_skew	[1.0,1.5)	Other cCREs	LOW_FREQ	del_2	4
K562_skew	[1.0,1.5)	Other cCREs	LOW_FREQ	del_3	3
K562_skew	[1.0,1.5)	Other cCREs	LOW_FREQ	del_4	2
K562_skew	[1.0,1.5)	Other cCREs	LOW_FREQ	del_5	4
K562_skew	[1.0,1.5)	Other cCREs	LOW_FREQ	ins_1	12
K562_skew	[1.0,1.5)	Other cCREs	LOW_FREQ	ins_10plus	31
K562_skew	[1.0,1.5)	Other cCREs	LOW_FREQ	ins_2	9
K562_skew	[1.0,1.5)	Other cCREs	LOW_FREQ	ins_4	8
K562_skew	[1.0,1.5)	Other cCREs	LOW_FREQ	ins_5	1
K562_skew	[1.0,1.5)	Other cCREs	LOW_FREQ	ins_6	6
K562_skew	[1.0,1.5)	Other cCREs	LOW_FREQ	ins_7	2
K562_skew	[1.0,1.5)	Other cCREs	LOW_FREQ	ins_8	6
K562_skew	[1.0,1.5)	Other cCREs	RARE	del_1	32
K562_skew	[1.0,1.5)	Other cCREs	RARE	del_10plus	9
K562_skew	[1.0,1.5)	Other cCREs	RARE	del_2	13
K562_skew	[1.0,1.5)	Other cCREs	RARE	del_3	5
K562_skew	[1.0,1.5)	Other cCREs	RARE	del_4	7
K562_skew	[1.0,1.5)	Other cCREs	RARE	del_5	1
K562_skew	[1.0,1.5)	Other cCREs	RARE	del_6	3
K562_skew	[1.0,1.5)	Other cCREs	RARE	del_7	1
K562_skew	[1.0,1.5)	Other cCREs	RARE	del_8	1
K562_skew	[1.0,1.5)	Other cCREs	RARE	del_9	4
K562_skew	[1.0,1.5)	Other cCREs	RARE	ins_1	23
K562_skew	[1.0,1.5)	Other cCREs	RARE	ins_10plus	64
K562_skew	[1.0,1.5)	Other cCREs	RARE	ins_2	16
K562_skew	[1.0,1.5)	Other cCREs	RARE	ins_3	5
K562_skew	[1.0,1.5)	Other cCREs	RARE	ins_4	17
K562_skew	[1.0,1.5)	Other cCREs	RARE	ins_5	3
K562_skew	[1.0,1.5)	Other cCREs	RARE	ins_6	15
K562_skew	[1.0,1.5)	Other cCREs	RARE	ins_7	5
K562_skew	[1.0,1.5)	Other cCREs	RARE	ins_8	12
K562_skew	[1.0,1.5)	Other cCREs	SINGLETON	del_1	364
K562_skew	[1.0,1.5)	Other cCREs	SINGLETON	del_10plus	77
K562_skew	[1.0,1.5)	Other cCREs	SINGLETON	del_2	127
K562_skew	[1.0,1.5)	Other cCREs	SINGLETON	del_3	61
K562_skew	[1.0,1.5)	Other cCREs	SINGLETON	del_4	50
K562_skew	[1.0,1.5)	Other cCREs	SINGLETON	del_5	26
K562_skew	[1.0,1.5)	Other cCREs	SINGLETON	del_6	19
K562_skew	[1.0,1.5)	Other cCREs	SINGLETON	del_7	10
K562_skew	[1.0,1.5)	Other cCREs	SINGLETON	del_8	11
K562_skew	[1.0,1.5)	Other cCREs	SINGLETON	del_9	9
K562_skew	[1.0,1.5)	Other cCREs	SINGLETON	ins_1	177
K562_skew	[1.0,1.5)	Other cCREs	SINGLETON	ins_10plus	221
K562_skew	[1.0,1.5)	Other cCREs	SINGLETON	ins_2	64
K562_skew	[1.0,1.5)	Other cCREs	SINGLETON	ins_3	54
K562_skew	[1.0,1.5)	Other cCREs	SINGLETON	ins_4	34
K562_skew	[1.0,1.5)	Other cCREs	SINGLETON	ins_5	28
K562_skew	[1.0,1.5)	Other cCREs	SINGLETON	ins_6	32
K562_skew	[1.0,1.5)	Other cCREs	SINGLETON	ins_7	13
K562_skew	[1.0,1.5)	Other cCREs	SINGLETON	ins_8	22
K562_skew	[1.0,1.5)	Other cCREs	SINGLETON	ins_9	7
K562_skew	[1.0,1.5)	Other cCREs	ULTRARARE	del_1	198
K562_skew	[1.0,1.5)	Other cCREs	ULTRARARE	del_10plus	64
K562_skew	[1.0,1.5)	Other cCREs	ULTRARARE	del_2	77
K562_skew	[1.0,1.5)	Other cCREs	ULTRARARE	del_3	29
K562_skew	[1.0,1.5)	Other cCREs	ULTRARARE	del_4	35
K562_skew	[1.0,1.5)	Other cCREs	ULTRARARE	del_5	17
K562_skew	[1.0,1.5)	Other cCREs	ULTRARARE	del_6	12
K562_skew	[1.0,1.5)	Other cCREs	ULTRARARE	del_7	6
K562_skew	[1.0,1.5)	Other cCREs	ULTRARARE	del_8	7
K562_skew	[1.0,1.5)	Other cCREs	ULTRARARE	del_9	11
K562_skew	[1.0,1.5)	Other cCREs	ULTRARARE	ins_1	121
K562_skew	[1.0,1.5)	Other cCREs	ULTRARARE	ins_10plus	214
K562_skew	[1.0,1.5)	Other cCREs	ULTRARARE	ins_2	55
K562_skew	[1.0,1.5)	Other cCREs	ULTRARARE	ins_3	24
K562_skew	[1.0,1.5)	Other cCREs	ULTRARARE	ins_4	33
K562_skew	[1.0,1.5)	Other cCREs	ULTRARARE	ins_5	12
K562_skew	[1.0,1.5)	Other cCREs	ULTRARARE	ins_6	26
K562_skew	[1.0,1.5)	Other cCREs	ULTRARARE	ins_7	10
K562_skew	[1.0,1.5)	Other cCREs	ULTRARARE	ins_8	31
K562_skew	[1.0,1.5)	Other cCREs	ULTRARARE	ins_9	6
K562_skew	[1.0,1.5)	PLS	COMMON	del_1	2
K562_skew	[1.0,1.5)	PLS	COMMON	del_2	1
K562_skew	[1.0,1.5)	PLS	COMMON	ins_1	2
K562_skew	[1.0,1.5)	PLS	COMMON	ins_10plus	3
K562_skew	[1.0,1.5)	PLS	COMMON	ins_2	3
K562_skew	[1.0,1.5)	PLS	LOW_FREQ	del_1	2
K562_skew	[1.0,1.5)	PLS	LOW_FREQ	del_10plus	3
K562_skew	[1.0,1.5)	PLS	LOW_FREQ	del_2	1
K562_skew	[1.0,1.5)	PLS	LOW_FREQ	del_8	1
K562_skew	[1.0,1.5)	PLS	LOW_FREQ	ins_1	4
K562_skew	[1.0,1.5)	PLS	LOW_FREQ	ins_10plus	5
K562_skew	[1.0,1.5)	PLS	LOW_FREQ	ins_4	1
K562_skew	[1.0,1.5)	PLS	LOW_FREQ	ins_6	1
K562_skew	[1.0,1.5)	PLS	RARE	del_1	9
K562_skew	[1.0,1.5)	PLS	RARE	del_10plus	7
K562_skew	[1.0,1.5)	PLS	RARE	del_2	3
K562_skew	[1.0,1.5)	PLS	RARE	del_4	1
K562_skew	[1.0,1.5)	PLS	RARE	del_9	1
K562_skew	[1.0,1.5)	PLS	RARE	ins_1	2
K562_skew	[1.0,1.5)	PLS	RARE	ins_10plus	18
K562_skew	[1.0,1.5)	PLS	RARE	ins_2	1
K562_skew	[1.0,1.5)	PLS	RARE	ins_4	4
K562_skew	[1.0,1.5)	PLS	RARE	ins_6	2
K562_skew	[1.0,1.5)	PLS	RARE	ins_8	3
K562_skew	[1.0,1.5)	PLS	SINGLETON	del_1	89
K562_skew	[1.0,1.5)	PLS	SINGLETON	del_10plus	33
K562_skew	[1.0,1.5)	PLS	SINGLETON	del_2	17
K562_skew	[1.0,1.5)	PLS	SINGLETON	del_3	7
K562_skew	[1.0,1.5)	PLS	SINGLETON	del_4	10
K562_skew	[1.0,1.5)	PLS	SINGLETON	del_5	3
K562_skew	[1.0,1.5)	PLS	SINGLETON	del_6	2
K562_skew	[1.0,1.5)	PLS	SINGLETON	del_7	4
K562_skew	[1.0,1.5)	PLS	SINGLETON	del_8	2
K562_skew	[1.0,1.5)	PLS	SINGLETON	del_9	4
K562_skew	[1.0,1.5)	PLS	SINGLETON	ins_1	35
K562_skew	[1.0,1.5)	PLS	SINGLETON	ins_10plus	92
K562_skew	[1.0,1.5)	PLS	SINGLETON	ins_2	11
K562_skew	[1.0,1.5)	PLS	SINGLETON	ins_3	11
K562_skew	[1.0,1.5)	PLS	SINGLETON	ins_4	8
K562_skew	[1.0,1.5)	PLS	SINGLETON	ins_5	12
K562_skew	[1.0,1.5)	PLS	SINGLETON	ins_6	20
K562_skew	[1.0,1.5)	PLS	SINGLETON	ins_7	1
K562_skew	[1.0,1.5)	PLS	SINGLETON	ins_8	5
K562_skew	[1.0,1.5)	PLS	SINGLETON	ins_9	3
K562_skew	[1.0,1.5)	PLS	ULTRARARE	del_1	58
K562_skew	[1.0,1.5)	PLS	ULTRARARE	del_10plus	13
K562_skew	[1.0,1.5)	PLS	ULTRARARE	del_2	10
K562_skew	[1.0,1.5)	PLS	ULTRARARE	del_3	5
K562_skew	[1.0,1.5)	PLS	ULTRARARE	del_4	3
K562_skew	[1.0,1.5)	PLS	ULTRARARE	del_6	2
K562_skew	[1.0,1.5)	PLS	ULTRARARE	del_7	3
K562_skew	[1.0,1.5)	PLS	ULTRARARE	del_8	3
K562_skew	[1.0,1.5)	PLS	ULTRARARE	del_9	2
K562_skew	[1.0,1.5)	PLS	ULTRARARE	ins_1	20
K562_skew	[1.0,1.5)	PLS	ULTRARARE	ins_10plus	66
K562_skew	[1.0,1.5)	PLS	ULTRARARE	ins_2	10
K562_skew	[1.0,1.5)	PLS	ULTRARARE	ins_3	6
K562_skew	[1.0,1.5)	PLS	ULTRARARE	ins_4	3
K562_skew	[1.0,1.5)	PLS	ULTRARARE	ins_5	8
K562_skew	[1.0,1.5)	PLS	ULTRARARE	ins_6	8
K562_skew	[1.0,1.5)	PLS	ULTRARARE	ins_7	1
K562_skew	[1.0,1.5)	PLS	ULTRARARE	ins_8	1
K562_skew	[1.0,1.5)	PLS	ULTRARARE	ins_9	2
K562_skew	[1.0,1.5)	dELS	COMMON	del_1	41
K562_skew	[1.0,1.5)	dELS	COMMON	del_10plus	15
K562_skew	[1.0,1.5)	dELS	COMMON	del_2	18
K562_skew	[1.0,1.5)	dELS	COMMON	del_3	4
K562_skew	[1.0,1.5)	dELS	COMMON	del_4	8
K562_skew	[1.0,1.5)	dELS	COMMON	del_5	4
K562_skew	[1.0,1.5)	dELS	COMMON	del_7	1
K562_skew	[1.0,1.5)	dELS	COMMON	del_8	3
K562_skew	[1.0,1.5)	dELS	COMMON	del_9	2
K562_skew	[1.0,1.5)	dELS	COMMON	ins_1	32
K562_skew	[1.0,1.5)	dELS	COMMON	ins_10plus	43
K562_skew	[1.0,1.5)	dELS	COMMON	ins_2	24
K562_skew	[1.0,1.5)	dELS	COMMON	ins_3	6
K562_skew	[1.0,1.5)	dELS	COMMON	ins_4	25
K562_skew	[1.0,1.5)	dELS	COMMON	ins_5	5
K562_skew	[1.0,1.5)	dELS	COMMON	ins_6	10
K562_skew	[1.0,1.5)	dELS	COMMON	ins_7	2
K562_skew	[1.0,1.5)	dELS	COMMON	ins_8	7
K562_skew	[1.0,1.5)	dELS	COMMON	ins_9	1
K562_skew	[1.0,1.5)	dELS	LOW_FREQ	del_1	44
K562_skew	[1.0,1.5)	dELS	LOW_FREQ	del_10plus	7
K562_skew	[1.0,1.5)	dELS	LOW_FREQ	del_2	16
K562_skew	[1.0,1.5)	dELS	LOW_FREQ	del_3	10
K562_skew	[1.0,1.5)	dELS	LOW_FREQ	del_4	10
K562_skew	[1.0,1.5)	dELS	LOW_FREQ	del_5	5
K562_skew	[1.0,1.5)	dELS	LOW_FREQ	del_6	4
K562_skew	[1.0,1.5)	dELS	LOW_FREQ	del_7	4
K562_skew	[1.0,1.5)	dELS	LOW_FREQ	del_8	4
K562_skew	[1.0,1.5)	dELS	LOW_FREQ	del_9	1
K562_skew	[1.0,1.5)	dELS	LOW_FREQ	ins_1	33
K562_skew	[1.0,1.5)	dELS	LOW_FREQ	ins_10plus	81
K562_skew	[1.0,1.5)	dELS	LOW_FREQ	ins_2	14
K562_skew	[1.0,1.5)	dELS	LOW_FREQ	ins_3	10
K562_skew	[1.0,1.5)	dELS	LOW_FREQ	ins_4	18
K562_skew	[1.0,1.5)	dELS	LOW_FREQ	ins_5	5
K562_skew	[1.0,1.5)	dELS	LOW_FREQ	ins_6	23
K562_skew	[1.0,1.5)	dELS	LOW_FREQ	ins_7	1
K562_skew	[1.0,1.5)	dELS	LOW_FREQ	ins_8	14
K562_skew	[1.0,1.5)	dELS	LOW_FREQ	ins_9	4
K562_skew	[1.0,1.5)	dELS	RARE	del_1	140
K562_skew	[1.0,1.5)	dELS	RARE	del_10plus	22
K562_skew	[1.0,1.5)	dELS	RARE	del_2	59
K562_skew	[1.0,1.5)	dELS	RARE	del_3	20
K562_skew	[1.0,1.5)	dELS	RARE	del_4	17
K562_skew	[1.0,1.5)	dELS	RARE	del_5	7
K562_skew	[1.0,1.5)	dELS	RARE	del_6	6
K562_skew	[1.0,1.5)	dELS	RARE	del_7	8
K562_skew	[1.0,1.5)	dELS	RARE	del_8	5
K562_skew	[1.0,1.5)	dELS	RARE	del_9	5
K562_skew	[1.0,1.5)	dELS	RARE	ins_1	69
K562_skew	[1.0,1.5)	dELS	RARE	ins_10plus	195
K562_skew	[1.0,1.5)	dELS	RARE	ins_2	56
K562_skew	[1.0,1.5)	dELS	RARE	ins_3	15
K562_skew	[1.0,1.5)	dELS	RARE	ins_4	47
K562_skew	[1.0,1.5)	dELS	RARE	ins_5	15
K562_skew	[1.0,1.5)	dELS	RARE	ins_6	31
K562_skew	[1.0,1.5)	dELS	RARE	ins_7	8
K562_skew	[1.0,1.5)	dELS	RARE	ins_8	24
K562_skew	[1.0,1.5)	dELS	RARE	ins_9	4
K562_skew	[1.0,1.5)	dELS	SINGLETON	del_1	1306
K562_skew	[1.0,1.5)	dELS	SINGLETON	del_10plus	369
K562_skew	[1.0,1.5)	dELS	SINGLETON	del_2	458
K562_skew	[1.0,1.5)	dELS	SINGLETON	del_3	180
K562_skew	[1.0,1.5)	dELS	SINGLETON	del_4	164
K562_skew	[1.0,1.5)	dELS	SINGLETON	del_5	102
K562_skew	[1.0,1.5)	dELS	SINGLETON	del_6	71
K562_skew	[1.0,1.5)	dELS	SINGLETON	del_7	48
K562_skew	[1.0,1.5)	dELS	SINGLETON	del_8	52
K562_skew	[1.0,1.5)	dELS	SINGLETON	del_9	55
K562_skew	[1.0,1.5)	dELS	SINGLETON	ins_1	664
K562_skew	[1.0,1.5)	dELS	SINGLETON	ins_10plus	601
K562_skew	[1.0,1.5)	dELS	SINGLETON	ins_2	215
K562_skew	[1.0,1.5)	dELS	SINGLETON	ins_3	121
K562_skew	[1.0,1.5)	dELS	SINGLETON	ins_4	175
K562_skew	[1.0,1.5)	dELS	SINGLETON	ins_5	104
K562_skew	[1.0,1.5)	dELS	SINGLETON	ins_6	113
K562_skew	[1.0,1.5)	dELS	SINGLETON	ins_7	35
K562_skew	[1.0,1.5)	dELS	SINGLETON	ins_8	74
K562_skew	[1.0,1.5)	dELS	SINGLETON	ins_9	25
K562_skew	[1.0,1.5)	dELS	ULTRARARE	del_1	718
K562_skew	[1.0,1.5)	dELS	ULTRARARE	del_10plus	222
K562_skew	[1.0,1.5)	dELS	ULTRARARE	del_2	250
K562_skew	[1.0,1.5)	dELS	ULTRARARE	del_3	113
K562_skew	[1.0,1.5)	dELS	ULTRARARE	del_4	123
K562_skew	[1.0,1.5)	dELS	ULTRARARE	del_5	39
K562_skew	[1.0,1.5)	dELS	ULTRARARE	del_6	36
K562_skew	[1.0,1.5)	dELS	ULTRARARE	del_7	24
K562_skew	[1.0,1.5)	dELS	ULTRARARE	del_8	21
K562_skew	[1.0,1.5)	dELS	ULTRARARE	del_9	35
K562_skew	[1.0,1.5)	dELS	ULTRARARE	ins_1	399
K562_skew	[1.0,1.5)	dELS	ULTRARARE	ins_10plus	535
K562_skew	[1.0,1.5)	dELS	ULTRARARE	ins_2	174
K562_skew	[1.0,1.5)	dELS	ULTRARARE	ins_3	82
K562_skew	[1.0,1.5)	dELS	ULTRARARE	ins_4	121
K562_skew	[1.0,1.5)	dELS	ULTRARARE	ins_5	57
K562_skew	[1.0,1.5)	dELS	ULTRARARE	ins_6	107
K562_skew	[1.0,1.5)	dELS	ULTRARARE	ins_7	39
K562_skew	[1.0,1.5)	dELS	ULTRARARE	ins_8	71
K562_skew	[1.0,1.5)	dELS	ULTRARARE	ins_9	10
K562_skew	[1.0,1.5)	non-cCRE	COMMON	del_1	71
K562_skew	[1.0,1.5)	non-cCRE	COMMON	del_10plus	10
K562_skew	[1.0,1.5)	non-cCRE	COMMON	del_2	26
K562_skew	[1.0,1.5)	non-cCRE	COMMON	del_3	6
K562_skew	[1.0,1.5)	non-cCRE	COMMON	del_4	8
K562_skew	[1.0,1.5)	non-cCRE	COMMON	del_5	3
K562_skew	[1.0,1.5)	non-cCRE	COMMON	del_6	3
K562_skew	[1.0,1.5)	non-cCRE	COMMON	del_7	3
K562_skew	[1.0,1.5)	non-cCRE	COMMON	del_9	1
K562_skew	[1.0,1.5)	non-cCRE	COMMON	ins_1	58
K562_skew	[1.0,1.5)	non-cCRE	COMMON	ins_10plus	67
K562_skew	[1.0,1.5)	non-cCRE	COMMON	ins_2	39
K562_skew	[1.0,1.5)	non-cCRE	COMMON	ins_3	15
K562_skew	[1.0,1.5)	non-cCRE	COMMON	ins_4	26
K562_skew	[1.0,1.5)	non-cCRE	COMMON	ins_5	8
K562_skew	[1.0,1.5)	non-cCRE	COMMON	ins_6	16
K562_skew	[1.0,1.5)	non-cCRE	COMMON	ins_7	4
K562_skew	[1.0,1.5)	non-cCRE	COMMON	ins_8	23
K562_skew	[1.0,1.5)	non-cCRE	COMMON	ins_9	3
K562_skew	[1.0,1.5)	non-cCRE	LOW_FREQ	del_1	75
K562_skew	[1.0,1.5)	non-cCRE	LOW_FREQ	del_10plus	26
K562_skew	[1.0,1.5)	non-cCRE	LOW_FREQ	del_2	34
K562_skew	[1.0,1.5)	non-cCRE	LOW_FREQ	del_3	16
K562_skew	[1.0,1.5)	non-cCRE	LOW_FREQ	del_4	13
K562_skew	[1.0,1.5)	non-cCRE	LOW_FREQ	del_5	8
K562_skew	[1.0,1.5)	non-cCRE	LOW_FREQ	del_6	3
K562_skew	[1.0,1.5)	non-cCRE	LOW_FREQ	del_7	2
K562_skew	[1.0,1.5)	non-cCRE	LOW_FREQ	del_8	1
K562_skew	[1.0,1.5)	non-cCRE	LOW_FREQ	del_9	3
K562_skew	[1.0,1.5)	non-cCRE	LOW_FREQ	ins_1	47
K562_skew	[1.0,1.5)	non-cCRE	LOW_FREQ	ins_10plus	123
K562_skew	[1.0,1.5)	non-cCRE	LOW_FREQ	ins_2	41
K562_skew	[1.0,1.5)	non-cCRE	LOW_FREQ	ins_3	13
K562_skew	[1.0,1.5)	non-cCRE	LOW_FREQ	ins_4	24
K562_skew	[1.0,1.5)	non-cCRE	LOW_FREQ	ins_5	10
K562_skew	[1.0,1.5)	non-cCRE	LOW_FREQ	ins_6	23
K562_skew	[1.0,1.5)	non-cCRE	LOW_FREQ	ins_7	3
K562_skew	[1.0,1.5)	non-cCRE	LOW_FREQ	ins_8	20
K562_skew	[1.0,1.5)	non-cCRE	LOW_FREQ	ins_9	1
K562_skew	[1.0,1.5)	non-cCRE	RARE	del_1	187
K562_skew	[1.0,1.5)	non-cCRE	RARE	del_10plus	55
K562_skew	[1.0,1.5)	non-cCRE	RARE	del_2	67
K562_skew	[1.0,1.5)	non-cCRE	RARE	del_3	24
K562_skew	[1.0,1.5)	non-cCRE	RARE	del_4	30
K562_skew	[1.0,1.5)	non-cCRE	RARE	del_5	23
K562_skew	[1.0,1.5)	non-cCRE	RARE	del_6	11
K562_skew	[1.0,1.5)	non-cCRE	RARE	del_7	12
K562_skew	[1.0,1.5)	non-cCRE	RARE	del_8	6
K562_skew	[1.0,1.5)	non-cCRE	RARE	del_9	8
K562_skew	[1.0,1.5)	non-cCRE	RARE	ins_1	148
K562_skew	[1.0,1.5)	non-cCRE	RARE	ins_10plus	270
K562_skew	[1.0,1.5)	non-cCRE	RARE	ins_2	111
K562_skew	[1.0,1.5)	non-cCRE	RARE	ins_3	29
K562_skew	[1.0,1.5)	non-cCRE	RARE	ins_4	84
K562_skew	[1.0,1.5)	non-cCRE	RARE	ins_5	26
K562_skew	[1.0,1.5)	non-cCRE	RARE	ins_6	60
K562_skew	[1.0,1.5)	non-cCRE	RARE	ins_7	8
K562_skew	[1.0,1.5)	non-cCRE	RARE	ins_8	39
K562_skew	[1.0,1.5)	non-cCRE	RARE	ins_9	4
K562_skew	[1.0,1.5)	non-cCRE	SINGLETON	del_1	2271
K562_skew	[1.0,1.5)	non-cCRE	SINGLETON	del_10plus	504
K562_skew	[1.0,1.5)	non-cCRE	SINGLETON	del_2	702
K562_skew	[1.0,1.5)	non-cCRE	SINGLETON	del_3	278
K562_skew	[1.0,1.5)	non-cCRE	SINGLETON	del_4	232
K562_skew	[1.0,1.5)	non-cCRE	SINGLETON	del_5	133
K562_skew	[1.0,1.5)	non-cCRE	SINGLETON	del_6	91
K562_skew	[1.0,1.5)	non-cCRE	SINGLETON	del_7	66
K562_skew	[1.0,1.5)	non-cCRE	SINGLETON	del_8	79
K562_skew	[1.0,1.5)	non-cCRE	SINGLETON	del_9	74
K562_skew	[1.0,1.5)	non-cCRE	SINGLETON	ins_1	1111
K562_skew	[1.0,1.5)	non-cCRE	SINGLETON	ins_10plus	1161
K562_skew	[1.0,1.5)	non-cCRE	SINGLETON	ins_2	425
K562_skew	[1.0,1.5)	non-cCRE	SINGLETON	ins_3	244
K562_skew	[1.0,1.5)	non-cCRE	SINGLETON	ins_4	324
K562_skew	[1.0,1.5)	non-cCRE	SINGLETON	ins_5	142
K562_skew	[1.0,1.5)	non-cCRE	SINGLETON	ins_6	178
K562_skew	[1.0,1.5)	non-cCRE	SINGLETON	ins_7	76
K562_skew	[1.0,1.5)	non-cCRE	SINGLETON	ins_8	140
K562_skew	[1.0,1.5)	non-cCRE	SINGLETON	ins_9	44
K562_skew	[1.0,1.5)	non-cCRE	ULTRARARE	del_1	1260
K562_skew	[1.0,1.5)	non-cCRE	ULTRARARE	del_10plus	289
K562_skew	[1.0,1.5)	non-cCRE	ULTRARARE	del_2	482
K562_skew	[1.0,1.5)	non-cCRE	ULTRARARE	del_3	187
K562_skew	[1.0,1.5)	non-cCRE	ULTRARARE	del_4	148
K562_skew	[1.0,1.5)	non-cCRE	ULTRARARE	del_5	70
K562_skew	[1.0,1.5)	non-cCRE	ULTRARARE	del_6	54
K562_skew	[1.0,1.5)	non-cCRE	ULTRARARE	del_7	48
K562_skew	[1.0,1.5)	non-cCRE	ULTRARARE	del_8	46
K562_skew	[1.0,1.5)	non-cCRE	ULTRARARE	del_9	52
K562_skew	[1.0,1.5)	non-cCRE	ULTRARARE	ins_1	715
K562_skew	[1.0,1.5)	non-cCRE	ULTRARARE	ins_10plus	877
K562_skew	[1.0,1.5)	non-cCRE	ULTRARARE	ins_2	357
K562_skew	[1.0,1.5)	non-cCRE	ULTRARARE	ins_3	145
K562_skew	[1.0,1.5)	non-cCRE	ULTRARARE	ins_4	233
K562_skew	[1.0,1.5)	non-cCRE	ULTRARARE	ins_5	83
K562_skew	[1.0,1.5)	non-cCRE	ULTRARARE	ins_6	135
K562_skew	[1.0,1.5)	non-cCRE	ULTRARARE	ins_7	41
K562_skew	[1.0,1.5)	non-cCRE	ULTRARARE	ins_8	131
K562_skew	[1.0,1.5)	non-cCRE	ULTRARARE	ins_9	36
K562_skew	[1.0,1.5)	pELS	COMMON	del_1	4
K562_skew	[1.0,1.5)	pELS	COMMON	del_10plus	3
K562_skew	[1.0,1.5)	pELS	COMMON	del_2	2
K562_skew	[1.0,1.5)	pELS	COMMON	del_3	2
K562_skew	[1.0,1.5)	pELS	COMMON	del_7	1
K562_skew	[1.0,1.5)	pELS	COMMON	del_9	1
K562_skew	[1.0,1.5)	pELS	COMMON	ins_1	7
K562_skew	[1.0,1.5)	pELS	COMMON	ins_10plus	6
K562_skew	[1.0,1.5)	pELS	COMMON	ins_2	5
K562_skew	[1.0,1.5)	pELS	COMMON	ins_3	1
K562_skew	[1.0,1.5)	pELS	COMMON	ins_4	3
K562_skew	[1.0,1.5)	pELS	COMMON	ins_5	2
K562_skew	[1.0,1.5)	pELS	COMMON	ins_6	1
K562_skew	[1.0,1.5)	pELS	COMMON	ins_8	1
K562_skew	[1.0,1.5)	pELS	LOW_FREQ	del_1	10
K562_skew	[1.0,1.5)	pELS	LOW_FREQ	del_10plus	3
K562_skew	[1.0,1.5)	pELS	LOW_FREQ	del_2	5
K562_skew	[1.0,1.5)	pELS	LOW_FREQ	del_4	3
K562_skew	[1.0,1.5)	pELS	LOW_FREQ	del_5	1
K562_skew	[1.0,1.5)	pELS	LOW_FREQ	del_7	1
K562_skew	[1.0,1.5)	pELS	LOW_FREQ	del_8	1
K562_skew	[1.0,1.5)	pELS	LOW_FREQ	ins_1	6
K562_skew	[1.0,1.5)	pELS	LOW_FREQ	ins_10plus	21
K562_skew	[1.0,1.5)	pELS	LOW_FREQ	ins_2	4
K562_skew	[1.0,1.5)	pELS	LOW_FREQ	ins_3	4
K562_skew	[1.0,1.5)	pELS	LOW_FREQ	ins_4	6
K562_skew	[1.0,1.5)	pELS	LOW_FREQ	ins_6	4
K562_skew	[1.0,1.5)	pELS	LOW_FREQ	ins_8	2
K562_skew	[1.0,1.5)	pELS	LOW_FREQ	ins_9	1
K562_skew	[1.0,1.5)	pELS	RARE	del_1	31
K562_skew	[1.0,1.5)	pELS	RARE	del_10plus	9
K562_skew	[1.0,1.5)	pELS	RARE	del_2	14
K562_skew	[1.0,1.5)	pELS	RARE	del_3	6
K562_skew	[1.0,1.5)	pELS	RARE	del_4	2
K562_skew	[1.0,1.5)	pELS	RARE	del_5	2
K562_skew	[1.0,1.5)	pELS	RARE	del_6	2
K562_skew	[1.0,1.5)	pELS	RARE	del_9	2
K562_skew	[1.0,1.5)	pELS	RARE	ins_1	20
K562_skew	[1.0,1.5)	pELS	RARE	ins_10plus	47
K562_skew	[1.0,1.5)	pELS	RARE	ins_2	14
K562_skew	[1.0,1.5)	pELS	RARE	ins_3	3
K562_skew	[1.0,1.5)	pELS	RARE	ins_4	5
K562_skew	[1.0,1.5)	pELS	RARE	ins_5	6
K562_skew	[1.0,1.5)	pELS	RARE	ins_6	7
K562_skew	[1.0,1.5)	pELS	RARE	ins_8	2
K562_skew	[1.0,1.5)	pELS	RARE	ins_9	3
K562_skew	[1.0,1.5)	pELS	SINGLETON	del_1	313
K562_skew	[1.0,1.5)	pELS	SINGLETON	del_10plus	88
K562_skew	[1.0,1.5)	pELS	SINGLETON	del_2	95
K562_skew	[1.0,1.5)	pELS	SINGLETON	del_3	43
K562_skew	[1.0,1.5)	pELS	SINGLETON	del_4	33
K562_skew	[1.0,1.5)	pELS	SINGLETON	del_5	19
K562_skew	[1.0,1.5)	pELS	SINGLETON	del_6	12
K562_skew	[1.0,1.5)	pELS	SINGLETON	del_7	18
K562_skew	[1.0,1.5)	pELS	SINGLETON	del_8	10
K562_skew	[1.0,1.5)	pELS	SINGLETON	del_9	16
K562_skew	[1.0,1.5)	pELS	SINGLETON	ins_1	175
K562_skew	[1.0,1.5)	pELS	SINGLETON	ins_10plus	191
K562_skew	[1.0,1.5)	pELS	SINGLETON	ins_2	43
K562_skew	[1.0,1.5)	pELS	SINGLETON	ins_3	31
K562_skew	[1.0,1.5)	pELS	SINGLETON	ins_4	32
K562_skew	[1.0,1.5)	pELS	SINGLETON	ins_5	26
K562_skew	[1.0,1.5)	pELS	SINGLETON	ins_6	33
K562_skew	[1.0,1.5)	pELS	SINGLETON	ins_7	10
K562_skew	[1.0,1.5)	pELS	SINGLETON	ins_8	18
K562_skew	[1.0,1.5)	pELS	SINGLETON	ins_9	6
K562_skew	[1.0,1.5)	pELS	ULTRARARE	del_1	181
K562_skew	[1.0,1.5)	pELS	ULTRARARE	del_10plus	31
K562_skew	[1.0,1.5)	pELS	ULTRARARE	del_2	52
K562_skew	[1.0,1.5)	pELS	ULTRARARE	del_3	25
K562_skew	[1.0,1.5)	pELS	ULTRARARE	del_4	13
K562_skew	[1.0,1.5)	pELS	ULTRARARE	del_5	15
K562_skew	[1.0,1.5)	pELS	ULTRARARE	del_6	7
K562_skew	[1.0,1.5)	pELS	ULTRARARE	del_7	10
K562_skew	[1.0,1.5)	pELS	ULTRARARE	del_8	10
K562_skew	[1.0,1.5)	pELS	ULTRARARE	del_9	9
K562_skew	[1.0,1.5)	pELS	ULTRARARE	ins_1	98
K562_skew	[1.0,1.5)	pELS	ULTRARARE	ins_10plus	133
K562_skew	[1.0,1.5)	pELS	ULTRARARE	ins_2	41
K562_skew	[1.0,1.5)	pELS	ULTRARARE	ins_3	23
K562_skew	[1.0,1.5)	pELS	ULTRARARE	ins_4	29
K562_skew	[1.0,1.5)	pELS	ULTRARARE	ins_5	17
K562_skew	[1.0,1.5)	pELS	ULTRARARE	ins_6	19
K562_skew	[1.0,1.5)	pELS	ULTRARARE	ins_7	5
K562_skew	[1.0,1.5)	pELS	ULTRARARE	ins_8	12
K562_skew	[1.0,1.5)	pELS	ULTRARARE	ins_9	5
K562_skew	[1.5,Inf)	Other cCREs	COMMON	del_1	7
K562_skew	[1.5,Inf)	Other cCREs	COMMON	del_10plus	1
K562_skew	[1.5,Inf)	Other cCREs	COMMON	del_2	1
K562_skew	[1.5,Inf)	Other cCREs	COMMON	del_3	1
K562_skew	[1.5,Inf)	Other cCREs	COMMON	ins_1	2
K562_skew	[1.5,Inf)	Other cCREs	COMMON	ins_10plus	2
K562_skew	[1.5,Inf)	Other cCREs	COMMON	ins_2	3
K562_skew	[1.5,Inf)	Other cCREs	COMMON	ins_3	1
K562_skew	[1.5,Inf)	Other cCREs	COMMON	ins_4	2
K562_skew	[1.5,Inf)	Other cCREs	COMMON	ins_5	1
K562_skew	[1.5,Inf)	Other cCREs	COMMON	ins_7	1
K562_skew	[1.5,Inf)	Other cCREs	COMMON	ins_8	2
K562_skew	[1.5,Inf)	Other cCREs	LOW_FREQ	del_1	9
K562_skew	[1.5,Inf)	Other cCREs	LOW_FREQ	del_10plus	3
K562_skew	[1.5,Inf)	Other cCREs	LOW_FREQ	del_2	3
K562_skew	[1.5,Inf)	Other cCREs	LOW_FREQ	del_3	1
K562_skew	[1.5,Inf)	Other cCREs	LOW_FREQ	ins_1	4
K562_skew	[1.5,Inf)	Other cCREs	LOW_FREQ	ins_10plus	10
K562_skew	[1.5,Inf)	Other cCREs	LOW_FREQ	ins_3	1
K562_skew	[1.5,Inf)	Other cCREs	LOW_FREQ	ins_4	2
K562_skew	[1.5,Inf)	Other cCREs	LOW_FREQ	ins_5	1
K562_skew	[1.5,Inf)	Other cCREs	LOW_FREQ	ins_6	2
K562_skew	[1.5,Inf)	Other cCREs	LOW_FREQ	ins_7	1
K562_skew	[1.5,Inf)	Other cCREs	LOW_FREQ	ins_8	2
K562_skew	[1.5,Inf)	Other cCREs	RARE	del_1	13
K562_skew	[1.5,Inf)	Other cCREs	RARE	del_10plus	3
K562_skew	[1.5,Inf)	Other cCREs	RARE	del_2	2
K562_skew	[1.5,Inf)	Other cCREs	RARE	del_3	2
K562_skew	[1.5,Inf)	Other cCREs	RARE	del_4	3
K562_skew	[1.5,Inf)	Other cCREs	RARE	del_5	2
K562_skew	[1.5,Inf)	Other cCREs	RARE	del_6	2
K562_skew	[1.5,Inf)	Other cCREs	RARE	del_8	1
K562_skew	[1.5,Inf)	Other cCREs	RARE	ins_1	8
K562_skew	[1.5,Inf)	Other cCREs	RARE	ins_10plus	18
K562_skew	[1.5,Inf)	Other cCREs	RARE	ins_2	6
K562_skew	[1.5,Inf)	Other cCREs	RARE	ins_3	2
K562_skew	[1.5,Inf)	Other cCREs	RARE	ins_4	1
K562_skew	[1.5,Inf)	Other cCREs	RARE	ins_5	4
K562_skew	[1.5,Inf)	Other cCREs	RARE	ins_6	1
K562_skew	[1.5,Inf)	Other cCREs	RARE	ins_7	1
K562_skew	[1.5,Inf)	Other cCREs	SINGLETON	del_1	133
K562_skew	[1.5,Inf)	Other cCREs	SINGLETON	del_10plus	35
K562_skew	[1.5,Inf)	Other cCREs	SINGLETON	del_2	47
K562_skew	[1.5,Inf)	Other cCREs	SINGLETON	del_3	10
K562_skew	[1.5,Inf)	Other cCREs	SINGLETON	del_4	20
K562_skew	[1.5,Inf)	Other cCREs	SINGLETON	del_5	8
K562_skew	[1.5,Inf)	Other cCREs	SINGLETON	del_6	7
K562_skew	[1.5,Inf)	Other cCREs	SINGLETON	del_7	8
K562_skew	[1.5,Inf)	Other cCREs	SINGLETON	del_8	9
K562_skew	[1.5,Inf)	Other cCREs	SINGLETON	del_9	7
K562_skew	[1.5,Inf)	Other cCREs	SINGLETON	ins_1	35
K562_skew	[1.5,Inf)	Other cCREs	SINGLETON	ins_10plus	73
K562_skew	[1.5,Inf)	Other cCREs	SINGLETON	ins_2	33
K562_skew	[1.5,Inf)	Other cCREs	SINGLETON	ins_3	15
K562_skew	[1.5,Inf)	Other cCREs	SINGLETON	ins_4	16
K562_skew	[1.5,Inf)	Other cCREs	SINGLETON	ins_5	5
K562_skew	[1.5,Inf)	Other cCREs	SINGLETON	ins_6	15
K562_skew	[1.5,Inf)	Other cCREs	SINGLETON	ins_7	5
K562_skew	[1.5,Inf)	Other cCREs	SINGLETON	ins_8	6
K562_skew	[1.5,Inf)	Other cCREs	SINGLETON	ins_9	3
K562_skew	[1.5,Inf)	Other cCREs	ULTRARARE	del_1	65
K562_skew	[1.5,Inf)	Other cCREs	ULTRARARE	del_10plus	22
K562_skew	[1.5,Inf)	Other cCREs	ULTRARARE	del_2	26
K562_skew	[1.5,Inf)	Other cCREs	ULTRARARE	del_3	7
K562_skew	[1.5,Inf)	Other cCREs	ULTRARARE	del_4	14
K562_skew	[1.5,Inf)	Other cCREs	ULTRARARE	del_5	7
K562_skew	[1.5,Inf)	Other cCREs	ULTRARARE	del_6	6
K562_skew	[1.5,Inf)	Other cCREs	ULTRARARE	del_7	2
K562_skew	[1.5,Inf)	Other cCREs	ULTRARARE	del_8	2
K562_skew	[1.5,Inf)	Other cCREs	ULTRARARE	del_9	3
K562_skew	[1.5,Inf)	Other cCREs	ULTRARARE	ins_1	29
K562_skew	[1.5,Inf)	Other cCREs	ULTRARARE	ins_10plus	62
K562_skew	[1.5,Inf)	Other cCREs	ULTRARARE	ins_2	21
K562_skew	[1.5,Inf)	Other cCREs	ULTRARARE	ins_3	11
K562_skew	[1.5,Inf)	Other cCREs	ULTRARARE	ins_4	8
K562_skew	[1.5,Inf)	Other cCREs	ULTRARARE	ins_5	8
K562_skew	[1.5,Inf)	Other cCREs	ULTRARARE	ins_6	9
K562_skew	[1.5,Inf)	Other cCREs	ULTRARARE	ins_7	2
K562_skew	[1.5,Inf)	Other cCREs	ULTRARARE	ins_8	3
K562_skew	[1.5,Inf)	Other cCREs	ULTRARARE	ins_9	1
K562_skew	[1.5,Inf)	PLS	COMMON	ins_1	1
K562_skew	[1.5,Inf)	PLS	COMMON	ins_10plus	2
K562_skew	[1.5,Inf)	PLS	LOW_FREQ	del_1	1
K562_skew	[1.5,Inf)	PLS	LOW_FREQ	ins_2	1
K562_skew	[1.5,Inf)	PLS	LOW_FREQ	ins_3	1
K562_skew	[1.5,Inf)	PLS	RARE	del_1	1
K562_skew	[1.5,Inf)	PLS	RARE	del_2	3
K562_skew	[1.5,Inf)	PLS	RARE	del_4	1
K562_skew	[1.5,Inf)	PLS	RARE	ins_1	2
K562_skew	[1.5,Inf)	PLS	RARE	ins_10plus	5
K562_skew	[1.5,Inf)	PLS	RARE	ins_4	1
K562_skew	[1.5,Inf)	PLS	RARE	ins_5	1
K562_skew	[1.5,Inf)	PLS	RARE	ins_6	1
K562_skew	[1.5,Inf)	PLS	RARE	ins_7	2
K562_skew	[1.5,Inf)	PLS	SINGLETON	del_1	27
K562_skew	[1.5,Inf)	PLS	SINGLETON	del_10plus	6
K562_skew	[1.5,Inf)	PLS	SINGLETON	del_2	6
K562_skew	[1.5,Inf)	PLS	SINGLETON	del_3	4
K562_skew	[1.5,Inf)	PLS	SINGLETON	del_4	1
K562_skew	[1.5,Inf)	PLS	SINGLETON	del_5	3
K562_skew	[1.5,Inf)	PLS	SINGLETON	del_6	3
K562_skew	[1.5,Inf)	PLS	SINGLETON	del_7	1
K562_skew	[1.5,Inf)	PLS	SINGLETON	ins_1	8
K562_skew	[1.5,Inf)	PLS	SINGLETON	ins_10plus	17
K562_skew	[1.5,Inf)	PLS	SINGLETON	ins_2	3
K562_skew	[1.5,Inf)	PLS	SINGLETON	ins_3	2
K562_skew	[1.5,Inf)	PLS	SINGLETON	ins_4	1
K562_skew	[1.5,Inf)	PLS	SINGLETON	ins_5	5
K562_skew	[1.5,Inf)	PLS	SINGLETON	ins_6	7
K562_skew	[1.5,Inf)	PLS	SINGLETON	ins_7	1
K562_skew	[1.5,Inf)	PLS	SINGLETON	ins_8	1
K562_skew	[1.5,Inf)	PLS	ULTRARARE	del_1	18
K562_skew	[1.5,Inf)	PLS	ULTRARARE	del_10plus	3
K562_skew	[1.5,Inf)	PLS	ULTRARARE	del_2	2
K562_skew	[1.5,Inf)	PLS	ULTRARARE	del_3	2
K562_skew	[1.5,Inf)	PLS	ULTRARARE	del_5	1
K562_skew	[1.5,Inf)	PLS	ULTRARARE	ins_1	9
K562_skew	[1.5,Inf)	PLS	ULTRARARE	ins_10plus	15
K562_skew	[1.5,Inf)	PLS	ULTRARARE	ins_2	5
K562_skew	[1.5,Inf)	PLS	ULTRARARE	ins_3	1
K562_skew	[1.5,Inf)	PLS	ULTRARARE	ins_4	1
K562_skew	[1.5,Inf)	PLS	ULTRARARE	ins_5	1
K562_skew	[1.5,Inf)	PLS	ULTRARARE	ins_6	1
K562_skew	[1.5,Inf)	PLS	ULTRARARE	ins_8	2
K562_skew	[1.5,Inf)	PLS	ULTRARARE	ins_9	1
K562_skew	[1.5,Inf)	dELS	COMMON	del_1	14
K562_skew	[1.5,Inf)	dELS	COMMON	del_10plus	2
K562_skew	[1.5,Inf)	dELS	COMMON	del_2	3
K562_skew	[1.5,Inf)	dELS	COMMON	del_5	2
K562_skew	[1.5,Inf)	dELS	COMMON	ins_1	11
K562_skew	[1.5,Inf)	dELS	COMMON	ins_10plus	19
K562_skew	[1.5,Inf)	dELS	COMMON	ins_2	5
K562_skew	[1.5,Inf)	dELS	COMMON	ins_3	3
K562_skew	[1.5,Inf)	dELS	COMMON	ins_5	2
K562_skew	[1.5,Inf)	dELS	COMMON	ins_6	1
K562_skew	[1.5,Inf)	dELS	COMMON	ins_7	3
K562_skew	[1.5,Inf)	dELS	COMMON	ins_8	3
K562_skew	[1.5,Inf)	dELS	LOW_FREQ	del_1	14
K562_skew	[1.5,Inf)	dELS	LOW_FREQ	del_10plus	5
K562_skew	[1.5,Inf)	dELS	LOW_FREQ	del_2	3
K562_skew	[1.5,Inf)	dELS	LOW_FREQ	del_3	4
K562_skew	[1.5,Inf)	dELS	LOW_FREQ	del_4	1
K562_skew	[1.5,Inf)	dELS	LOW_FREQ	del_5	1
K562_skew	[1.5,Inf)	dELS	LOW_FREQ	del_6	1
K562_skew	[1.5,Inf)	dELS	LOW_FREQ	del_7	2
K562_skew	[1.5,Inf)	dELS	LOW_FREQ	del_8	1
K562_skew	[1.5,Inf)	dELS	LOW_FREQ	del_9	2
K562_skew	[1.5,Inf)	dELS	LOW_FREQ	ins_1	12
K562_skew	[1.5,Inf)	dELS	LOW_FREQ	ins_10plus	19
K562_skew	[1.5,Inf)	dELS	LOW_FREQ	ins_2	9
K562_skew	[1.5,Inf)	dELS	LOW_FREQ	ins_3	2
K562_skew	[1.5,Inf)	dELS	LOW_FREQ	ins_4	5
K562_skew	[1.5,Inf)	dELS	LOW_FREQ	ins_5	2
K562_skew	[1.5,Inf)	dELS	LOW_FREQ	ins_6	4
K562_skew	[1.5,Inf)	dELS	LOW_FREQ	ins_7	2
K562_skew	[1.5,Inf)	dELS	LOW_FREQ	ins_8	2
K562_skew	[1.5,Inf)	dELS	RARE	del_1	40
K562_skew	[1.5,Inf)	dELS	RARE	del_10plus	10
K562_skew	[1.5,Inf)	dELS	RARE	del_2	20
K562_skew	[1.5,Inf)	dELS	RARE	del_3	6
K562_skew	[1.5,Inf)	dELS	RARE	del_4	6
K562_skew	[1.5,Inf)	dELS	RARE	del_5	6
K562_skew	[1.5,Inf)	dELS	RARE	del_7	3
K562_skew	[1.5,Inf)	dELS	RARE	del_8	1
K562_skew	[1.5,Inf)	dELS	RARE	del_9	5
K562_skew	[1.5,Inf)	dELS	RARE	ins_1	28
K562_skew	[1.5,Inf)	dELS	RARE	ins_10plus	57
K562_skew	[1.5,Inf)	dELS	RARE	ins_2	19
K562_skew	[1.5,Inf)	dELS	RARE	ins_3	4
K562_skew	[1.5,Inf)	dELS	RARE	ins_4	9
K562_skew	[1.5,Inf)	dELS	RARE	ins_5	5
K562_skew	[1.5,Inf)	dELS	RARE	ins_6	5
K562_skew	[1.5,Inf)	dELS	RARE	ins_7	1
K562_skew	[1.5,Inf)	dELS	RARE	ins_8	4
K562_skew	[1.5,Inf)	dELS	SINGLETON	del_1	497
K562_skew	[1.5,Inf)	dELS	SINGLETON	del_10plus	103
K562_skew	[1.5,Inf)	dELS	SINGLETON	del_2	163
K562_skew	[1.5,Inf)	dELS	SINGLETON	del_3	54
K562_skew	[1.5,Inf)	dELS	SINGLETON	del_4	51
K562_skew	[1.5,Inf)	dELS	SINGLETON	del_5	29
K562_skew	[1.5,Inf)	dELS	SINGLETON	del_6	17
K562_skew	[1.5,Inf)	dELS	SINGLETON	del_7	18
K562_skew	[1.5,Inf)	dELS	SINGLETON	del_8	16
K562_skew	[1.5,Inf)	dELS	SINGLETON	del_9	22
K562_skew	[1.5,Inf)	dELS	SINGLETON	ins_1	196
K562_skew	[1.5,Inf)	dELS	SINGLETON	ins_10plus	283
K562_skew	[1.5,Inf)	dELS	SINGLETON	ins_2	81
K562_skew	[1.5,Inf)	dELS	SINGLETON	ins_3	44
K562_skew	[1.5,Inf)	dELS	SINGLETON	ins_4	74
K562_skew	[1.5,Inf)	dELS	SINGLETON	ins_5	54
K562_skew	[1.5,Inf)	dELS	SINGLETON	ins_6	47
K562_skew	[1.5,Inf)	dELS	SINGLETON	ins_7	11
K562_skew	[1.5,Inf)	dELS	SINGLETON	ins_8	20
K562_skew	[1.5,Inf)	dELS	SINGLETON	ins_9	11
K562_skew	[1.5,Inf)	dELS	ULTRARARE	del_1	282
K562_skew	[1.5,Inf)	dELS	ULTRARARE	del_10plus	66
K562_skew	[1.5,Inf)	dELS	ULTRARARE	del_2	120
K562_skew	[1.5,Inf)	dELS	ULTRARARE	del_3	40
K562_skew	[1.5,Inf)	dELS	ULTRARARE	del_4	35
K562_skew	[1.5,Inf)	dELS	ULTRARARE	del_5	18
K562_skew	[1.5,Inf)	dELS	ULTRARARE	del_6	17
K562_skew	[1.5,Inf)	dELS	ULTRARARE	del_7	8
K562_skew	[1.5,Inf)	dELS	ULTRARARE	del_8	7
K562_skew	[1.5,Inf)	dELS	ULTRARARE	del_9	12
K562_skew	[1.5,Inf)	dELS	ULTRARARE	ins_1	124
K562_skew	[1.5,Inf)	dELS	ULTRARARE	ins_10plus	199
K562_skew	[1.5,Inf)	dELS	ULTRARARE	ins_2	75
K562_skew	[1.5,Inf)	dELS	ULTRARARE	ins_3	31
K562_skew	[1.5,Inf)	dELS	ULTRARARE	ins_4	49
K562_skew	[1.5,Inf)	dELS	ULTRARARE	ins_5	34
K562_skew	[1.5,Inf)	dELS	ULTRARARE	ins_6	24
K562_skew	[1.5,Inf)	dELS	ULTRARARE	ins_7	11
K562_skew	[1.5,Inf)	dELS	ULTRARARE	ins_8	22
K562_skew	[1.5,Inf)	dELS	ULTRARARE	ins_9	5
K562_skew	[1.5,Inf)	non-cCRE	COMMON	del_1	17
K562_skew	[1.5,Inf)	non-cCRE	COMMON	del_10plus	3
K562_skew	[1.5,Inf)	non-cCRE	COMMON	del_2	6
K562_skew	[1.5,Inf)	non-cCRE	COMMON	del_3	4
K562_skew	[1.5,Inf)	non-cCRE	COMMON	del_4	3
K562_skew	[1.5,Inf)	non-cCRE	COMMON	del_6	1
K562_skew	[1.5,Inf)	non-cCRE	COMMON	del_7	1
K562_skew	[1.5,Inf)	non-cCRE	COMMON	ins_1	23
K562_skew	[1.5,Inf)	non-cCRE	COMMON	ins_10plus	30
K562_skew	[1.5,Inf)	non-cCRE	COMMON	ins_2	7
K562_skew	[1.5,Inf)	non-cCRE	COMMON	ins_3	8
K562_skew	[1.5,Inf)	non-cCRE	COMMON	ins_4	5
K562_skew	[1.5,Inf)	non-cCRE	COMMON	ins_5	3
K562_skew	[1.5,Inf)	non-cCRE	COMMON	ins_6	6
K562_skew	[1.5,Inf)	non-cCRE	COMMON	ins_7	2
K562_skew	[1.5,Inf)	non-cCRE	COMMON	ins_8	4
K562_skew	[1.5,Inf)	non-cCRE	COMMON	ins_9	1
K562_skew	[1.5,Inf)	non-cCRE	LOW_FREQ	del_1	19
K562_skew	[1.5,Inf)	non-cCRE	LOW_FREQ	del_10plus	7
K562_skew	[1.5,Inf)	non-cCRE	LOW_FREQ	del_2	13
K562_skew	[1.5,Inf)	non-cCRE	LOW_FREQ	del_3	2
K562_skew	[1.5,Inf)	non-cCRE	LOW_FREQ	del_4	2
K562_skew	[1.5,Inf)	non-cCRE	LOW_FREQ	del_5	1
K562_skew	[1.5,Inf)	non-cCRE	LOW_FREQ	del_7	1
K562_skew	[1.5,Inf)	non-cCRE	LOW_FREQ	del_8	1
K562_skew	[1.5,Inf)	non-cCRE	LOW_FREQ	del_9	1
K562_skew	[1.5,Inf)	non-cCRE	LOW_FREQ	ins_1	19
K562_skew	[1.5,Inf)	non-cCRE	LOW_FREQ	ins_10plus	52
K562_skew	[1.5,Inf)	non-cCRE	LOW_FREQ	ins_2	16
K562_skew	[1.5,Inf)	non-cCRE	LOW_FREQ	ins_3	5
K562_skew	[1.5,Inf)	non-cCRE	LOW_FREQ	ins_4	9
K562_skew	[1.5,Inf)	non-cCRE	LOW_FREQ	ins_5	2
K562_skew	[1.5,Inf)	non-cCRE	LOW_FREQ	ins_6	2
K562_skew	[1.5,Inf)	non-cCRE	LOW_FREQ	ins_8	6
K562_skew	[1.5,Inf)	non-cCRE	LOW_FREQ	ins_9	1
K562_skew	[1.5,Inf)	non-cCRE	RARE	del_1	62
K562_skew	[1.5,Inf)	non-cCRE	RARE	del_10plus	19
K562_skew	[1.5,Inf)	non-cCRE	RARE	del_2	43
K562_skew	[1.5,Inf)	non-cCRE	RARE	del_3	12
K562_skew	[1.5,Inf)	non-cCRE	RARE	del_4	6
K562_skew	[1.5,Inf)	non-cCRE	RARE	del_5	3
K562_skew	[1.5,Inf)	non-cCRE	RARE	del_6	3
K562_skew	[1.5,Inf)	non-cCRE	RARE	del_7	5
K562_skew	[1.5,Inf)	non-cCRE	RARE	del_8	3
K562_skew	[1.5,Inf)	non-cCRE	RARE	del_9	1
K562_skew	[1.5,Inf)	non-cCRE	RARE	ins_1	34
K562_skew	[1.5,Inf)	non-cCRE	RARE	ins_10plus	145
K562_skew	[1.5,Inf)	non-cCRE	RARE	ins_2	39
K562_skew	[1.5,Inf)	non-cCRE	RARE	ins_3	22
K562_skew	[1.5,Inf)	non-cCRE	RARE	ins_4	17
K562_skew	[1.5,Inf)	non-cCRE	RARE	ins_5	7
K562_skew	[1.5,Inf)	non-cCRE	RARE	ins_6	17
K562_skew	[1.5,Inf)	non-cCRE	RARE	ins_7	3
K562_skew	[1.5,Inf)	non-cCRE	RARE	ins_8	19
K562_skew	[1.5,Inf)	non-cCRE	RARE	ins_9	1
K562_skew	[1.5,Inf)	non-cCRE	SINGLETON	del_1	730
K562_skew	[1.5,Inf)	non-cCRE	SINGLETON	del_10plus	131
K562_skew	[1.5,Inf)	non-cCRE	SINGLETON	del_2	269
K562_skew	[1.5,Inf)	non-cCRE	SINGLETON	del_3	77
K562_skew	[1.5,Inf)	non-cCRE	SINGLETON	del_4	65
K562_skew	[1.5,Inf)	non-cCRE	SINGLETON	del_5	36
K562_skew	[1.5,Inf)	non-cCRE	SINGLETON	del_6	32
K562_skew	[1.5,Inf)	non-cCRE	SINGLETON	del_7	25
K562_skew	[1.5,Inf)	non-cCRE	SINGLETON	del_8	24
K562_skew	[1.5,Inf)	non-cCRE	SINGLETON	del_9	23
K562_skew	[1.5,Inf)	non-cCRE	SINGLETON	ins_1	259
K562_skew	[1.5,Inf)	non-cCRE	SINGLETON	ins_10plus	516
K562_skew	[1.5,Inf)	non-cCRE	SINGLETON	ins_2	166
K562_skew	[1.5,Inf)	non-cCRE	SINGLETON	ins_3	93
K562_skew	[1.5,Inf)	non-cCRE	SINGLETON	ins_4	97
K562_skew	[1.5,Inf)	non-cCRE	SINGLETON	ins_5	82
K562_skew	[1.5,Inf)	non-cCRE	SINGLETON	ins_6	53
K562_skew	[1.5,Inf)	non-cCRE	SINGLETON	ins_7	27
K562_skew	[1.5,Inf)	non-cCRE	SINGLETON	ins_8	36
K562_skew	[1.5,Inf)	non-cCRE	SINGLETON	ins_9	17
K562_skew	[1.5,Inf)	non-cCRE	ULTRARARE	del_1	396
K562_skew	[1.5,Inf)	non-cCRE	ULTRARARE	del_10plus	80
K562_skew	[1.5,Inf)	non-cCRE	ULTRARARE	del_2	163
K562_skew	[1.5,Inf)	non-cCRE	ULTRARARE	del_3	54
K562_skew	[1.5,Inf)	non-cCRE	ULTRARARE	del_4	44
K562_skew	[1.5,Inf)	non-cCRE	ULTRARARE	del_5	20
K562_skew	[1.5,Inf)	non-cCRE	ULTRARARE	del_6	8
K562_skew	[1.5,Inf)	non-cCRE	ULTRARARE	del_7	17
K562_skew	[1.5,Inf)	non-cCRE	ULTRARARE	del_8	10
K562_skew	[1.5,Inf)	non-cCRE	ULTRARARE	del_9	8
K562_skew	[1.5,Inf)	non-cCRE	ULTRARARE	ins_1	192
K562_skew	[1.5,Inf)	non-cCRE	ULTRARARE	ins_10plus	363
K562_skew	[1.5,Inf)	non-cCRE	ULTRARARE	ins_2	106
K562_skew	[1.5,Inf)	non-cCRE	ULTRARARE	ins_3	55
K562_skew	[1.5,Inf)	non-cCRE	ULTRARARE	ins_4	81
K562_skew	[1.5,Inf)	non-cCRE	ULTRARARE	ins_5	39
K562_skew	[1.5,Inf)	non-cCRE	ULTRARARE	ins_6	60
K562_skew	[1.5,Inf)	non-cCRE	ULTRARARE	ins_7	14
K562_skew	[1.5,Inf)	non-cCRE	ULTRARARE	ins_8	43
K562_skew	[1.5,Inf)	non-cCRE	ULTRARARE	ins_9	8
K562_skew	[1.5,Inf)	pELS	COMMON	del_1	1
K562_skew	[1.5,Inf)	pELS	COMMON	del_10plus	1
K562_skew	[1.5,Inf)	pELS	COMMON	del_2	1
K562_skew	[1.5,Inf)	pELS	COMMON	del_3	3
K562_skew	[1.5,Inf)	pELS	COMMON	ins_1	1
K562_skew	[1.5,Inf)	pELS	COMMON	ins_10plus	6
K562_skew	[1.5,Inf)	pELS	COMMON	ins_6	2
K562_skew	[1.5,Inf)	pELS	COMMON	ins_9	2
K562_skew	[1.5,Inf)	pELS	LOW_FREQ	del_1	7
K562_skew	[1.5,Inf)	pELS	LOW_FREQ	del_2	2
K562_skew	[1.5,Inf)	pELS	LOW_FREQ	del_4	1
K562_skew	[1.5,Inf)	pELS	LOW_FREQ	ins_10plus	10
K562_skew	[1.5,Inf)	pELS	LOW_FREQ	ins_4	1
K562_skew	[1.5,Inf)	pELS	LOW_FREQ	ins_8	1
K562_skew	[1.5,Inf)	pELS	RARE	del_1	14
K562_skew	[1.5,Inf)	pELS	RARE	del_10plus	3
K562_skew	[1.5,Inf)	pELS	RARE	del_2	3
K562_skew	[1.5,Inf)	pELS	RARE	del_3	1
K562_skew	[1.5,Inf)	pELS	RARE	del_4	1
K562_skew	[1.5,Inf)	pELS	RARE	del_6	1
K562_skew	[1.5,Inf)	pELS	RARE	del_7	1
K562_skew	[1.5,Inf)	pELS	RARE	ins_1	3
K562_skew	[1.5,Inf)	pELS	RARE	ins_10plus	23
K562_skew	[1.5,Inf)	pELS	RARE	ins_2	2
K562_skew	[1.5,Inf)	pELS	RARE	ins_3	4
K562_skew	[1.5,Inf)	pELS	RARE	ins_4	3
K562_skew	[1.5,Inf)	pELS	RARE	ins_5	3
K562_skew	[1.5,Inf)	pELS	RARE	ins_8	2
K562_skew	[1.5,Inf)	pELS	SINGLETON	del_1	121
K562_skew	[1.5,Inf)	pELS	SINGLETON	del_10plus	29
K562_skew	[1.5,Inf)	pELS	SINGLETON	del_2	31
K562_skew	[1.5,Inf)	pELS	SINGLETON	del_3	14
K562_skew	[1.5,Inf)	pELS	SINGLETON	del_4	10
K562_skew	[1.5,Inf)	pELS	SINGLETON	del_5	10
K562_skew	[1.5,Inf)	pELS	SINGLETON	del_6	7
K562_skew	[1.5,Inf)	pELS	SINGLETON	del_7	4
K562_skew	[1.5,Inf)	pELS	SINGLETON	del_8	4
K562_skew	[1.5,Inf)	pELS	SINGLETON	del_9	2
K562_skew	[1.5,Inf)	pELS	SINGLETON	ins_1	57
K562_skew	[1.5,Inf)	pELS	SINGLETON	ins_10plus	86
K562_skew	[1.5,Inf)	pELS	SINGLETON	ins_2	23
K562_skew	[1.5,Inf)	pELS	SINGLETON	ins_3	18
K562_skew	[1.5,Inf)	pELS	SINGLETON	ins_4	20
K562_skew	[1.5,Inf)	pELS	SINGLETON	ins_5	23
K562_skew	[1.5,Inf)	pELS	SINGLETON	ins_6	9
K562_skew	[1.5,Inf)	pELS	SINGLETON	ins_7	4
K562_skew	[1.5,Inf)	pELS	SINGLETON	ins_8	4
K562_skew	[1.5,Inf)	pELS	SINGLETON	ins_9	6
K562_skew	[1.5,Inf)	pELS	ULTRARARE	del_1	67
K562_skew	[1.5,Inf)	pELS	ULTRARARE	del_10plus	20
K562_skew	[1.5,Inf)	pELS	ULTRARARE	del_2	33
K562_skew	[1.5,Inf)	pELS	ULTRARARE	del_3	7
K562_skew	[1.5,Inf)	pELS	ULTRARARE	del_4	9
K562_skew	[1.5,Inf)	pELS	ULTRARARE	del_5	3
K562_skew	[1.5,Inf)	pELS	ULTRARARE	del_6	3
K562_skew	[1.5,Inf)	pELS	ULTRARARE	del_7	4
K562_skew	[1.5,Inf)	pELS	ULTRARARE	del_8	3
K562_skew	[1.5,Inf)	pELS	ULTRARARE	del_9	1
K562_skew	[1.5,Inf)	pELS	ULTRARARE	ins_1	33
K562_skew	[1.5,Inf)	pELS	ULTRARARE	ins_10plus	51
K562_skew	[1.5,Inf)	pELS	ULTRARARE	ins_2	12
K562_skew	[1.5,Inf)	pELS	ULTRARARE	ins_3	6
K562_skew	[1.5,Inf)	pELS	ULTRARARE	ins_4	11
K562_skew	[1.5,Inf)	pELS	ULTRARARE	ins_5	11
K562_skew	[1.5,Inf)	pELS	ULTRARARE	ins_6	11
K562_skew	[1.5,Inf)	pELS	ULTRARARE	ins_7	3
K562_skew	[1.5,Inf)	pELS	ULTRARARE	ins_8	5
K562_skew	[1.5,Inf)	pELS	ULTRARARE	ins_9	2
SKNSH_skew	(-Inf,-1.5)	Other cCREs	COMMON	del_1	8
SKNSH_skew	(-Inf,-1.5)	Other cCREs	COMMON	del_10plus	12
SKNSH_skew	(-Inf,-1.5)	Other cCREs	COMMON	del_2	3
SKNSH_skew	(-Inf,-1.5)	Other cCREs	COMMON	del_4	2
SKNSH_skew	(-Inf,-1.5)	Other cCREs	COMMON	del_6	4
SKNSH_skew	(-Inf,-1.5)	Other cCREs	COMMON	del_8	1
SKNSH_skew	(-Inf,-1.5)	Other cCREs	COMMON	ins_1	4
SKNSH_skew	(-Inf,-1.5)	Other cCREs	COMMON	ins_10plus	1
SKNSH_skew	(-Inf,-1.5)	Other cCREs	COMMON	ins_8	1
SKNSH_skew	(-Inf,-1.5)	Other cCREs	LOW_FREQ	del_1	9
SKNSH_skew	(-Inf,-1.5)	Other cCREs	LOW_FREQ	del_10plus	9
SKNSH_skew	(-Inf,-1.5)	Other cCREs	LOW_FREQ	del_2	5
SKNSH_skew	(-Inf,-1.5)	Other cCREs	LOW_FREQ	del_3	1
SKNSH_skew	(-Inf,-1.5)	Other cCREs	LOW_FREQ	del_6	2
SKNSH_skew	(-Inf,-1.5)	Other cCREs	LOW_FREQ	del_7	2
SKNSH_skew	(-Inf,-1.5)	Other cCREs	LOW_FREQ	del_8	2
SKNSH_skew	(-Inf,-1.5)	Other cCREs	LOW_FREQ	ins_1	2
SKNSH_skew	(-Inf,-1.5)	Other cCREs	LOW_FREQ	ins_2	1
SKNSH_skew	(-Inf,-1.5)	Other cCREs	RARE	del_1	17
SKNSH_skew	(-Inf,-1.5)	Other cCREs	RARE	del_10plus	24
SKNSH_skew	(-Inf,-1.5)	Other cCREs	RARE	del_2	10
SKNSH_skew	(-Inf,-1.5)	Other cCREs	RARE	del_3	5
SKNSH_skew	(-Inf,-1.5)	Other cCREs	RARE	del_5	1
SKNSH_skew	(-Inf,-1.5)	Other cCREs	RARE	del_6	2
SKNSH_skew	(-Inf,-1.5)	Other cCREs	RARE	del_8	2
SKNSH_skew	(-Inf,-1.5)	Other cCREs	RARE	del_9	1
SKNSH_skew	(-Inf,-1.5)	Other cCREs	RARE	ins_1	5
SKNSH_skew	(-Inf,-1.5)	Other cCREs	RARE	ins_10plus	2
SKNSH_skew	(-Inf,-1.5)	Other cCREs	RARE	ins_2	2
SKNSH_skew	(-Inf,-1.5)	Other cCREs	RARE	ins_3	1
SKNSH_skew	(-Inf,-1.5)	Other cCREs	RARE	ins_4	1
SKNSH_skew	(-Inf,-1.5)	Other cCREs	SINGLETON	del_1	226
SKNSH_skew	(-Inf,-1.5)	Other cCREs	SINGLETON	del_10plus	107
SKNSH_skew	(-Inf,-1.5)	Other cCREs	SINGLETON	del_2	57
SKNSH_skew	(-Inf,-1.5)	Other cCREs	SINGLETON	del_3	23
SKNSH_skew	(-Inf,-1.5)	Other cCREs	SINGLETON	del_4	32
SKNSH_skew	(-Inf,-1.5)	Other cCREs	SINGLETON	del_5	15
SKNSH_skew	(-Inf,-1.5)	Other cCREs	SINGLETON	del_6	28
SKNSH_skew	(-Inf,-1.5)	Other cCREs	SINGLETON	del_7	9
SKNSH_skew	(-Inf,-1.5)	Other cCREs	SINGLETON	del_8	20
SKNSH_skew	(-Inf,-1.5)	Other cCREs	SINGLETON	del_9	14
SKNSH_skew	(-Inf,-1.5)	Other cCREs	SINGLETON	ins_1	44
SKNSH_skew	(-Inf,-1.5)	Other cCREs	SINGLETON	ins_10plus	9
SKNSH_skew	(-Inf,-1.5)	Other cCREs	SINGLETON	ins_2	14
SKNSH_skew	(-Inf,-1.5)	Other cCREs	SINGLETON	ins_3	3
SKNSH_skew	(-Inf,-1.5)	Other cCREs	SINGLETON	ins_4	9
SKNSH_skew	(-Inf,-1.5)	Other cCREs	SINGLETON	ins_5	4
SKNSH_skew	(-Inf,-1.5)	Other cCREs	SINGLETON	ins_6	1
SKNSH_skew	(-Inf,-1.5)	Other cCREs	SINGLETON	ins_7	3
SKNSH_skew	(-Inf,-1.5)	Other cCREs	SINGLETON	ins_8	1
SKNSH_skew	(-Inf,-1.5)	Other cCREs	SINGLETON	ins_9	1
SKNSH_skew	(-Inf,-1.5)	Other cCREs	ULTRARARE	del_1	143
SKNSH_skew	(-Inf,-1.5)	Other cCREs	ULTRARARE	del_10plus	70
SKNSH_skew	(-Inf,-1.5)	Other cCREs	ULTRARARE	del_2	33
SKNSH_skew	(-Inf,-1.5)	Other cCREs	ULTRARARE	del_3	22
SKNSH_skew	(-Inf,-1.5)	Other cCREs	ULTRARARE	del_4	25
SKNSH_skew	(-Inf,-1.5)	Other cCREs	ULTRARARE	del_5	10
SKNSH_skew	(-Inf,-1.5)	Other cCREs	ULTRARARE	del_6	12
SKNSH_skew	(-Inf,-1.5)	Other cCREs	ULTRARARE	del_7	7
SKNSH_skew	(-Inf,-1.5)	Other cCREs	ULTRARARE	del_8	9
SKNSH_skew	(-Inf,-1.5)	Other cCREs	ULTRARARE	del_9	6
SKNSH_skew	(-Inf,-1.5)	Other cCREs	ULTRARARE	ins_1	24
SKNSH_skew	(-Inf,-1.5)	Other cCREs	ULTRARARE	ins_10plus	10
SKNSH_skew	(-Inf,-1.5)	Other cCREs	ULTRARARE	ins_2	17
SKNSH_skew	(-Inf,-1.5)	Other cCREs	ULTRARARE	ins_3	5
SKNSH_skew	(-Inf,-1.5)	Other cCREs	ULTRARARE	ins_4	5
SKNSH_skew	(-Inf,-1.5)	Other cCREs	ULTRARARE	ins_6	2
SKNSH_skew	(-Inf,-1.5)	Other cCREs	ULTRARARE	ins_7	2
SKNSH_skew	(-Inf,-1.5)	Other cCREs	ULTRARARE	ins_8	1
SKNSH_skew	(-Inf,-1.5)	Other cCREs	ULTRARARE	ins_9	3
SKNSH_skew	(-Inf,-1.5)	PLS	COMMON	del_1	4
SKNSH_skew	(-Inf,-1.5)	PLS	COMMON	del_4	1
SKNSH_skew	(-Inf,-1.5)	PLS	LOW_FREQ	del_1	3
SKNSH_skew	(-Inf,-1.5)	PLS	LOW_FREQ	del_10plus	2
SKNSH_skew	(-Inf,-1.5)	PLS	LOW_FREQ	del_2	1
SKNSH_skew	(-Inf,-1.5)	PLS	RARE	del_1	9
SKNSH_skew	(-Inf,-1.5)	PLS	RARE	del_10plus	6
SKNSH_skew	(-Inf,-1.5)	PLS	RARE	del_3	2
SKNSH_skew	(-Inf,-1.5)	PLS	RARE	del_4	2
SKNSH_skew	(-Inf,-1.5)	PLS	RARE	del_5	1
SKNSH_skew	(-Inf,-1.5)	PLS	RARE	del_6	4
SKNSH_skew	(-Inf,-1.5)	PLS	RARE	del_7	2
SKNSH_skew	(-Inf,-1.5)	PLS	RARE	ins_1	2
SKNSH_skew	(-Inf,-1.5)	PLS	RARE	ins_3	1
SKNSH_skew	(-Inf,-1.5)	PLS	RARE	ins_6	1
SKNSH_skew	(-Inf,-1.5)	PLS	SINGLETON	del_1	131
SKNSH_skew	(-Inf,-1.5)	PLS	SINGLETON	del_10plus	81
SKNSH_skew	(-Inf,-1.5)	PLS	SINGLETON	del_2	25
SKNSH_skew	(-Inf,-1.5)	PLS	SINGLETON	del_3	9
SKNSH_skew	(-Inf,-1.5)	PLS	SINGLETON	del_4	13
SKNSH_skew	(-Inf,-1.5)	PLS	SINGLETON	del_5	10
SKNSH_skew	(-Inf,-1.5)	PLS	SINGLETON	del_6	11
SKNSH_skew	(-Inf,-1.5)	PLS	SINGLETON	del_7	9
SKNSH_skew	(-Inf,-1.5)	PLS	SINGLETON	del_8	8
SKNSH_skew	(-Inf,-1.5)	PLS	SINGLETON	del_9	5
SKNSH_skew	(-Inf,-1.5)	PLS	SINGLETON	ins_1	28
SKNSH_skew	(-Inf,-1.5)	PLS	SINGLETON	ins_10plus	3
SKNSH_skew	(-Inf,-1.5)	PLS	SINGLETON	ins_2	13
SKNSH_skew	(-Inf,-1.5)	PLS	SINGLETON	ins_3	3
SKNSH_skew	(-Inf,-1.5)	PLS	SINGLETON	ins_4	5
SKNSH_skew	(-Inf,-1.5)	PLS	SINGLETON	ins_5	2
SKNSH_skew	(-Inf,-1.5)	PLS	SINGLETON	ins_6	2
SKNSH_skew	(-Inf,-1.5)	PLS	SINGLETON	ins_7	3
SKNSH_skew	(-Inf,-1.5)	PLS	ULTRARARE	del_1	49
SKNSH_skew	(-Inf,-1.5)	PLS	ULTRARARE	del_10plus	41
SKNSH_skew	(-Inf,-1.5)	PLS	ULTRARARE	del_2	9
SKNSH_skew	(-Inf,-1.5)	PLS	ULTRARARE	del_3	6
SKNSH_skew	(-Inf,-1.5)	PLS	ULTRARARE	del_4	13
SKNSH_skew	(-Inf,-1.5)	PLS	ULTRARARE	del_5	8
SKNSH_skew	(-Inf,-1.5)	PLS	ULTRARARE	del_6	11
SKNSH_skew	(-Inf,-1.5)	PLS	ULTRARARE	del_7	3
SKNSH_skew	(-Inf,-1.5)	PLS	ULTRARARE	del_8	6
SKNSH_skew	(-Inf,-1.5)	PLS	ULTRARARE	del_9	2
SKNSH_skew	(-Inf,-1.5)	PLS	ULTRARARE	ins_1	15
SKNSH_skew	(-Inf,-1.5)	PLS	ULTRARARE	ins_10plus	2
SKNSH_skew	(-Inf,-1.5)	PLS	ULTRARARE	ins_2	8
SKNSH_skew	(-Inf,-1.5)	PLS	ULTRARARE	ins_3	1
SKNSH_skew	(-Inf,-1.5)	PLS	ULTRARARE	ins_4	5
SKNSH_skew	(-Inf,-1.5)	PLS	ULTRARARE	ins_5	1
SKNSH_skew	(-Inf,-1.5)	PLS	ULTRARARE	ins_7	2
SKNSH_skew	(-Inf,-1.5)	PLS	ULTRARARE	ins_9	1
SKNSH_skew	(-Inf,-1.5)	dELS	COMMON	del_1	25
SKNSH_skew	(-Inf,-1.5)	dELS	COMMON	del_10plus	26
SKNSH_skew	(-Inf,-1.5)	dELS	COMMON	del_2	7
SKNSH_skew	(-Inf,-1.5)	dELS	COMMON	del_3	2
SKNSH_skew	(-Inf,-1.5)	dELS	COMMON	del_4	8
SKNSH_skew	(-Inf,-1.5)	dELS	COMMON	del_5	2
SKNSH_skew	(-Inf,-1.5)	dELS	COMMON	del_6	5
SKNSH_skew	(-Inf,-1.5)	dELS	COMMON	del_7	4
SKNSH_skew	(-Inf,-1.5)	dELS	COMMON	del_8	5
SKNSH_skew	(-Inf,-1.5)	dELS	COMMON	del_9	1
SKNSH_skew	(-Inf,-1.5)	dELS	COMMON	ins_1	5
SKNSH_skew	(-Inf,-1.5)	dELS	COMMON	ins_2	3
SKNSH_skew	(-Inf,-1.5)	dELS	COMMON	ins_4	1
SKNSH_skew	(-Inf,-1.5)	dELS	COMMON	ins_9	2
SKNSH_skew	(-Inf,-1.5)	dELS	LOW_FREQ	del_1	25
SKNSH_skew	(-Inf,-1.5)	dELS	LOW_FREQ	del_10plus	26
SKNSH_skew	(-Inf,-1.5)	dELS	LOW_FREQ	del_2	9
SKNSH_skew	(-Inf,-1.5)	dELS	LOW_FREQ	del_3	3
SKNSH_skew	(-Inf,-1.5)	dELS	LOW_FREQ	del_4	4
SKNSH_skew	(-Inf,-1.5)	dELS	LOW_FREQ	del_5	2
SKNSH_skew	(-Inf,-1.5)	dELS	LOW_FREQ	del_6	4
SKNSH_skew	(-Inf,-1.5)	dELS	LOW_FREQ	del_7	3
SKNSH_skew	(-Inf,-1.5)	dELS	LOW_FREQ	del_8	5
SKNSH_skew	(-Inf,-1.5)	dELS	LOW_FREQ	del_9	2
SKNSH_skew	(-Inf,-1.5)	dELS	LOW_FREQ	ins_1	6
SKNSH_skew	(-Inf,-1.5)	dELS	LOW_FREQ	ins_10plus	1
SKNSH_skew	(-Inf,-1.5)	dELS	LOW_FREQ	ins_2	4
SKNSH_skew	(-Inf,-1.5)	dELS	LOW_FREQ	ins_4	1
SKNSH_skew	(-Inf,-1.5)	dELS	LOW_FREQ	ins_5	1
SKNSH_skew	(-Inf,-1.5)	dELS	LOW_FREQ	ins_8	1
SKNSH_skew	(-Inf,-1.5)	dELS	RARE	del_1	66
SKNSH_skew	(-Inf,-1.5)	dELS	RARE	del_10plus	51
SKNSH_skew	(-Inf,-1.5)	dELS	RARE	del_2	19
SKNSH_skew	(-Inf,-1.5)	dELS	RARE	del_3	12
SKNSH_skew	(-Inf,-1.5)	dELS	RARE	del_4	20
SKNSH_skew	(-Inf,-1.5)	dELS	RARE	del_5	4
SKNSH_skew	(-Inf,-1.5)	dELS	RARE	del_6	13
SKNSH_skew	(-Inf,-1.5)	dELS	RARE	del_7	5
SKNSH_skew	(-Inf,-1.5)	dELS	RARE	del_8	6
SKNSH_skew	(-Inf,-1.5)	dELS	RARE	del_9	6
SKNSH_skew	(-Inf,-1.5)	dELS	RARE	ins_1	13
SKNSH_skew	(-Inf,-1.5)	dELS	RARE	ins_10plus	2
SKNSH_skew	(-Inf,-1.5)	dELS	RARE	ins_2	6
SKNSH_skew	(-Inf,-1.5)	dELS	RARE	ins_3	2
SKNSH_skew	(-Inf,-1.5)	dELS	RARE	ins_4	5
SKNSH_skew	(-Inf,-1.5)	dELS	RARE	ins_5	1
SKNSH_skew	(-Inf,-1.5)	dELS	RARE	ins_6	2
SKNSH_skew	(-Inf,-1.5)	dELS	RARE	ins_7	2
SKNSH_skew	(-Inf,-1.5)	dELS	RARE	ins_8	1
SKNSH_skew	(-Inf,-1.5)	dELS	RARE	ins_9	1
SKNSH_skew	(-Inf,-1.5)	dELS	SINGLETON	del_1	821
SKNSH_skew	(-Inf,-1.5)	dELS	SINGLETON	del_10plus	333
SKNSH_skew	(-Inf,-1.5)	dELS	SINGLETON	del_2	185
SKNSH_skew	(-Inf,-1.5)	dELS	SINGLETON	del_3	88
SKNSH_skew	(-Inf,-1.5)	dELS	SINGLETON	del_4	125
SKNSH_skew	(-Inf,-1.5)	dELS	SINGLETON	del_5	70
SKNSH_skew	(-Inf,-1.5)	dELS	SINGLETON	del_6	91
SKNSH_skew	(-Inf,-1.5)	dELS	SINGLETON	del_7	52
SKNSH_skew	(-Inf,-1.5)	dELS	SINGLETON	del_8	56
SKNSH_skew	(-Inf,-1.5)	dELS	SINGLETON	del_9	33
SKNSH_skew	(-Inf,-1.5)	dELS	SINGLETON	ins_1	173
SKNSH_skew	(-Inf,-1.5)	dELS	SINGLETON	ins_10plus	18
SKNSH_skew	(-Inf,-1.5)	dELS	SINGLETON	ins_2	62
SKNSH_skew	(-Inf,-1.5)	dELS	SINGLETON	ins_3	31
SKNSH_skew	(-Inf,-1.5)	dELS	SINGLETON	ins_4	31
SKNSH_skew	(-Inf,-1.5)	dELS	SINGLETON	ins_5	7
SKNSH_skew	(-Inf,-1.5)	dELS	SINGLETON	ins_6	13
SKNSH_skew	(-Inf,-1.5)	dELS	SINGLETON	ins_7	2
SKNSH_skew	(-Inf,-1.5)	dELS	SINGLETON	ins_8	3
SKNSH_skew	(-Inf,-1.5)	dELS	SINGLETON	ins_9	10
SKNSH_skew	(-Inf,-1.5)	dELS	ULTRARARE	del_1	444
SKNSH_skew	(-Inf,-1.5)	dELS	ULTRARARE	del_10plus	211
SKNSH_skew	(-Inf,-1.5)	dELS	ULTRARARE	del_2	118
SKNSH_skew	(-Inf,-1.5)	dELS	ULTRARARE	del_3	83
SKNSH_skew	(-Inf,-1.5)	dELS	ULTRARARE	del_4	77
SKNSH_skew	(-Inf,-1.5)	dELS	ULTRARARE	del_5	24
SKNSH_skew	(-Inf,-1.5)	dELS	ULTRARARE	del_6	53
SKNSH_skew	(-Inf,-1.5)	dELS	ULTRARARE	del_7	25
SKNSH_skew	(-Inf,-1.5)	dELS	ULTRARARE	del_8	25
SKNSH_skew	(-Inf,-1.5)	dELS	ULTRARARE	del_9	13
SKNSH_skew	(-Inf,-1.5)	dELS	ULTRARARE	ins_1	100
SKNSH_skew	(-Inf,-1.5)	dELS	ULTRARARE	ins_10plus	12
SKNSH_skew	(-Inf,-1.5)	dELS	ULTRARARE	ins_2	37
SKNSH_skew	(-Inf,-1.5)	dELS	ULTRARARE	ins_3	17
SKNSH_skew	(-Inf,-1.5)	dELS	ULTRARARE	ins_4	18
SKNSH_skew	(-Inf,-1.5)	dELS	ULTRARARE	ins_5	8
SKNSH_skew	(-Inf,-1.5)	dELS	ULTRARARE	ins_6	6
SKNSH_skew	(-Inf,-1.5)	dELS	ULTRARARE	ins_7	1
SKNSH_skew	(-Inf,-1.5)	dELS	ULTRARARE	ins_8	10
SKNSH_skew	(-Inf,-1.5)	dELS	ULTRARARE	ins_9	4
SKNSH_skew	(-Inf,-1.5)	non-cCRE	COMMON	del_1	27
SKNSH_skew	(-Inf,-1.5)	non-cCRE	COMMON	del_10plus	22
SKNSH_skew	(-Inf,-1.5)	non-cCRE	COMMON	del_2	11
SKNSH_skew	(-Inf,-1.5)	non-cCRE	COMMON	del_3	2
SKNSH_skew	(-Inf,-1.5)	non-cCRE	COMMON	del_4	6
SKNSH_skew	(-Inf,-1.5)	non-cCRE	COMMON	del_5	1
SKNSH_skew	(-Inf,-1.5)	non-cCRE	COMMON	del_6	11
SKNSH_skew	(-Inf,-1.5)	non-cCRE	COMMON	del_7	1
SKNSH_skew	(-Inf,-1.5)	non-cCRE	COMMON	del_8	1
SKNSH_skew	(-Inf,-1.5)	non-cCRE	COMMON	del_9	2
SKNSH_skew	(-Inf,-1.5)	non-cCRE	COMMON	ins_1	12
SKNSH_skew	(-Inf,-1.5)	non-cCRE	COMMON	ins_10plus	1
SKNSH_skew	(-Inf,-1.5)	non-cCRE	COMMON	ins_2	3
SKNSH_skew	(-Inf,-1.5)	non-cCRE	COMMON	ins_4	2
SKNSH_skew	(-Inf,-1.5)	non-cCRE	COMMON	ins_5	1
SKNSH_skew	(-Inf,-1.5)	non-cCRE	LOW_FREQ	del_1	35
SKNSH_skew	(-Inf,-1.5)	non-cCRE	LOW_FREQ	del_10plus	19
SKNSH_skew	(-Inf,-1.5)	non-cCRE	LOW_FREQ	del_2	7
SKNSH_skew	(-Inf,-1.5)	non-cCRE	LOW_FREQ	del_3	3
SKNSH_skew	(-Inf,-1.5)	non-cCRE	LOW_FREQ	del_4	5
SKNSH_skew	(-Inf,-1.5)	non-cCRE	LOW_FREQ	del_5	1
SKNSH_skew	(-Inf,-1.5)	non-cCRE	LOW_FREQ	del_6	3
SKNSH_skew	(-Inf,-1.5)	non-cCRE	LOW_FREQ	del_7	2
SKNSH_skew	(-Inf,-1.5)	non-cCRE	LOW_FREQ	del_8	3
SKNSH_skew	(-Inf,-1.5)	non-cCRE	LOW_FREQ	del_9	1
SKNSH_skew	(-Inf,-1.5)	non-cCRE	LOW_FREQ	ins_1	11
SKNSH_skew	(-Inf,-1.5)	non-cCRE	LOW_FREQ	ins_10plus	1
SKNSH_skew	(-Inf,-1.5)	non-cCRE	LOW_FREQ	ins_2	5
SKNSH_skew	(-Inf,-1.5)	non-cCRE	LOW_FREQ	ins_3	3
SKNSH_skew	(-Inf,-1.5)	non-cCRE	LOW_FREQ	ins_5	1
SKNSH_skew	(-Inf,-1.5)	non-cCRE	LOW_FREQ	ins_6	2
SKNSH_skew	(-Inf,-1.5)	non-cCRE	RARE	del_1	76
SKNSH_skew	(-Inf,-1.5)	non-cCRE	RARE	del_10plus	39
SKNSH_skew	(-Inf,-1.5)	non-cCRE	RARE	del_2	26
SKNSH_skew	(-Inf,-1.5)	non-cCRE	RARE	del_3	16
SKNSH_skew	(-Inf,-1.5)	non-cCRE	RARE	del_4	9
SKNSH_skew	(-Inf,-1.5)	non-cCRE	RARE	del_5	2
SKNSH_skew	(-Inf,-1.5)	non-cCRE	RARE	del_6	4
SKNSH_skew	(-Inf,-1.5)	non-cCRE	RARE	del_7	3
SKNSH_skew	(-Inf,-1.5)	non-cCRE	RARE	del_8	5
SKNSH_skew	(-Inf,-1.5)	non-cCRE	RARE	del_9	3
SKNSH_skew	(-Inf,-1.5)	non-cCRE	RARE	ins_1	16
SKNSH_skew	(-Inf,-1.5)	non-cCRE	RARE	ins_10plus	4
SKNSH_skew	(-Inf,-1.5)	non-cCRE	RARE	ins_2	12
SKNSH_skew	(-Inf,-1.5)	non-cCRE	RARE	ins_3	3
SKNSH_skew	(-Inf,-1.5)	non-cCRE	RARE	ins_4	10
SKNSH_skew	(-Inf,-1.5)	non-cCRE	RARE	ins_5	1
SKNSH_skew	(-Inf,-1.5)	non-cCRE	RARE	ins_6	1
SKNSH_skew	(-Inf,-1.5)	non-cCRE	RARE	ins_7	1
SKNSH_skew	(-Inf,-1.5)	non-cCRE	RARE	ins_8	1
SKNSH_skew	(-Inf,-1.5)	non-cCRE	RARE	ins_9	2
SKNSH_skew	(-Inf,-1.5)	non-cCRE	SINGLETON	del_1	920
SKNSH_skew	(-Inf,-1.5)	non-cCRE	SINGLETON	del_10plus	340
SKNSH_skew	(-Inf,-1.5)	non-cCRE	SINGLETON	del_2	205
SKNSH_skew	(-Inf,-1.5)	non-cCRE	SINGLETON	del_3	105
SKNSH_skew	(-Inf,-1.5)	non-cCRE	SINGLETON	del_4	115
SKNSH_skew	(-Inf,-1.5)	non-cCRE	SINGLETON	del_5	45
SKNSH_skew	(-Inf,-1.5)	non-cCRE	SINGLETON	del_6	68
SKNSH_skew	(-Inf,-1.5)	non-cCRE	SINGLETON	del_7	41
SKNSH_skew	(-Inf,-1.5)	non-cCRE	SINGLETON	del_8	56
SKNSH_skew	(-Inf,-1.5)	non-cCRE	SINGLETON	del_9	56
SKNSH_skew	(-Inf,-1.5)	non-cCRE	SINGLETON	ins_1	183
SKNSH_skew	(-Inf,-1.5)	non-cCRE	SINGLETON	ins_10plus	33
SKNSH_skew	(-Inf,-1.5)	non-cCRE	SINGLETON	ins_2	96
SKNSH_skew	(-Inf,-1.5)	non-cCRE	SINGLETON	ins_3	32
SKNSH_skew	(-Inf,-1.5)	non-cCRE	SINGLETON	ins_4	47
SKNSH_skew	(-Inf,-1.5)	non-cCRE	SINGLETON	ins_5	13
SKNSH_skew	(-Inf,-1.5)	non-cCRE	SINGLETON	ins_6	21
SKNSH_skew	(-Inf,-1.5)	non-cCRE	SINGLETON	ins_7	10
SKNSH_skew	(-Inf,-1.5)	non-cCRE	SINGLETON	ins_8	5
SKNSH_skew	(-Inf,-1.5)	non-cCRE	SINGLETON	ins_9	7
SKNSH_skew	(-Inf,-1.5)	non-cCRE	ULTRARARE	del_1	485
SKNSH_skew	(-Inf,-1.5)	non-cCRE	ULTRARARE	del_10plus	194
SKNSH_skew	(-Inf,-1.5)	non-cCRE	ULTRARARE	del_2	106
SKNSH_skew	(-Inf,-1.5)	non-cCRE	ULTRARARE	del_3	73
SKNSH_skew	(-Inf,-1.5)	non-cCRE	ULTRARARE	del_4	75
SKNSH_skew	(-Inf,-1.5)	non-cCRE	ULTRARARE	del_5	31
SKNSH_skew	(-Inf,-1.5)	non-cCRE	ULTRARARE	del_6	50
SKNSH_skew	(-Inf,-1.5)	non-cCRE	ULTRARARE	del_7	28
SKNSH_skew	(-Inf,-1.5)	non-cCRE	ULTRARARE	del_8	38
SKNSH_skew	(-Inf,-1.5)	non-cCRE	ULTRARARE	del_9	25
SKNSH_skew	(-Inf,-1.5)	non-cCRE	ULTRARARE	ins_1	109
SKNSH_skew	(-Inf,-1.5)	non-cCRE	ULTRARARE	ins_10plus	23
SKNSH_skew	(-Inf,-1.5)	non-cCRE	ULTRARARE	ins_2	49
SKNSH_skew	(-Inf,-1.5)	non-cCRE	ULTRARARE	ins_3	17
SKNSH_skew	(-Inf,-1.5)	non-cCRE	ULTRARARE	ins_4	34
SKNSH_skew	(-Inf,-1.5)	non-cCRE	ULTRARARE	ins_5	5
SKNSH_skew	(-Inf,-1.5)	non-cCRE	ULTRARARE	ins_6	11
SKNSH_skew	(-Inf,-1.5)	non-cCRE	ULTRARARE	ins_7	2
SKNSH_skew	(-Inf,-1.5)	non-cCRE	ULTRARARE	ins_8	8
SKNSH_skew	(-Inf,-1.5)	non-cCRE	ULTRARARE	ins_9	3
SKNSH_skew	(-Inf,-1.5)	pELS	COMMON	del_1	2
SKNSH_skew	(-Inf,-1.5)	pELS	COMMON	del_10plus	4
SKNSH_skew	(-Inf,-1.5)	pELS	COMMON	del_2	2
SKNSH_skew	(-Inf,-1.5)	pELS	COMMON	del_5	1
SKNSH_skew	(-Inf,-1.5)	pELS	COMMON	del_6	1
SKNSH_skew	(-Inf,-1.5)	pELS	COMMON	del_9	1
SKNSH_skew	(-Inf,-1.5)	pELS	COMMON	ins_10plus	2
SKNSH_skew	(-Inf,-1.5)	pELS	COMMON	ins_2	2
SKNSH_skew	(-Inf,-1.5)	pELS	LOW_FREQ	del_1	5
SKNSH_skew	(-Inf,-1.5)	pELS	LOW_FREQ	del_10plus	5
SKNSH_skew	(-Inf,-1.5)	pELS	LOW_FREQ	del_2	1
SKNSH_skew	(-Inf,-1.5)	pELS	LOW_FREQ	del_6	3
SKNSH_skew	(-Inf,-1.5)	pELS	LOW_FREQ	del_8	2
SKNSH_skew	(-Inf,-1.5)	pELS	LOW_FREQ	ins_1	2
SKNSH_skew	(-Inf,-1.5)	pELS	LOW_FREQ	ins_10plus	1
SKNSH_skew	(-Inf,-1.5)	pELS	LOW_FREQ	ins_4	1
SKNSH_skew	(-Inf,-1.5)	pELS	RARE	del_1	10
SKNSH_skew	(-Inf,-1.5)	pELS	RARE	del_10plus	6
SKNSH_skew	(-Inf,-1.5)	pELS	RARE	del_2	2
SKNSH_skew	(-Inf,-1.5)	pELS	RARE	del_3	4
SKNSH_skew	(-Inf,-1.5)	pELS	RARE	del_4	4
SKNSH_skew	(-Inf,-1.5)	pELS	RARE	del_5	1
SKNSH_skew	(-Inf,-1.5)	pELS	RARE	del_6	3
SKNSH_skew	(-Inf,-1.5)	pELS	RARE	del_8	1
SKNSH_skew	(-Inf,-1.5)	pELS	RARE	del_9	1
SKNSH_skew	(-Inf,-1.5)	pELS	RARE	ins_1	2
SKNSH_skew	(-Inf,-1.5)	pELS	RARE	ins_10plus	5
SKNSH_skew	(-Inf,-1.5)	pELS	RARE	ins_2	2
SKNSH_skew	(-Inf,-1.5)	pELS	RARE	ins_3	2
SKNSH_skew	(-Inf,-1.5)	pELS	RARE	ins_5	1
SKNSH_skew	(-Inf,-1.5)	pELS	SINGLETON	del_1	114
SKNSH_skew	(-Inf,-1.5)	pELS	SINGLETON	del_10plus	61
SKNSH_skew	(-Inf,-1.5)	pELS	SINGLETON	del_2	38
SKNSH_skew	(-Inf,-1.5)	pELS	SINGLETON	del_3	11
SKNSH_skew	(-Inf,-1.5)	pELS	SINGLETON	del_4	22
SKNSH_skew	(-Inf,-1.5)	pELS	SINGLETON	del_5	11
SKNSH_skew	(-Inf,-1.5)	pELS	SINGLETON	del_6	14
SKNSH_skew	(-Inf,-1.5)	pELS	SINGLETON	del_7	15
SKNSH_skew	(-Inf,-1.5)	pELS	SINGLETON	del_8	7
SKNSH_skew	(-Inf,-1.5)	pELS	SINGLETON	del_9	4
SKNSH_skew	(-Inf,-1.5)	pELS	SINGLETON	ins_1	27
SKNSH_skew	(-Inf,-1.5)	pELS	SINGLETON	ins_10plus	2
SKNSH_skew	(-Inf,-1.5)	pELS	SINGLETON	ins_2	13
SKNSH_skew	(-Inf,-1.5)	pELS	SINGLETON	ins_3	3
SKNSH_skew	(-Inf,-1.5)	pELS	SINGLETON	ins_4	4
SKNSH_skew	(-Inf,-1.5)	pELS	SINGLETON	ins_5	2
SKNSH_skew	(-Inf,-1.5)	pELS	SINGLETON	ins_6	2
SKNSH_skew	(-Inf,-1.5)	pELS	SINGLETON	ins_7	4
SKNSH_skew	(-Inf,-1.5)	pELS	SINGLETON	ins_8	2
SKNSH_skew	(-Inf,-1.5)	pELS	SINGLETON	ins_9	3
SKNSH_skew	(-Inf,-1.5)	pELS	ULTRARARE	del_1	69
SKNSH_skew	(-Inf,-1.5)	pELS	ULTRARARE	del_10plus	44
SKNSH_skew	(-Inf,-1.5)	pELS	ULTRARARE	del_2	17
SKNSH_skew	(-Inf,-1.5)	pELS	ULTRARARE	del_3	8
SKNSH_skew	(-Inf,-1.5)	pELS	ULTRARARE	del_4	13
SKNSH_skew	(-Inf,-1.5)	pELS	ULTRARARE	del_5	1
SKNSH_skew	(-Inf,-1.5)	pELS	ULTRARARE	del_6	12
SKNSH_skew	(-Inf,-1.5)	pELS	ULTRARARE	del_7	5
SKNSH_skew	(-Inf,-1.5)	pELS	ULTRARARE	del_8	6
SKNSH_skew	(-Inf,-1.5)	pELS	ULTRARARE	del_9	8
SKNSH_skew	(-Inf,-1.5)	pELS	ULTRARARE	ins_1	13
SKNSH_skew	(-Inf,-1.5)	pELS	ULTRARARE	ins_10plus	9
SKNSH_skew	(-Inf,-1.5)	pELS	ULTRARARE	ins_2	6
SKNSH_skew	(-Inf,-1.5)	pELS	ULTRARARE	ins_3	2
SKNSH_skew	(-Inf,-1.5)	pELS	ULTRARARE	ins_4	2
SKNSH_skew	(-Inf,-1.5)	pELS	ULTRARARE	ins_6	2
SKNSH_skew	(-Inf,-1.5)	pELS	ULTRARARE	ins_8	1
SKNSH_skew	[-0.05,0.05)	Other cCREs	COMMON	del_1	23014
SKNSH_skew	[-0.05,0.05)	Other cCREs	COMMON	del_10plus	4297
SKNSH_skew	[-0.05,0.05)	Other cCREs	COMMON	del_2	12660
SKNSH_skew	[-0.05,0.05)	Other cCREs	COMMON	del_3	3781
SKNSH_skew	[-0.05,0.05)	Other cCREs	COMMON	del_4	10806
SKNSH_skew	[-0.05,0.05)	Other cCREs	COMMON	del_5	1405
SKNSH_skew	[-0.05,0.05)	Other cCREs	COMMON	del_6	2527
SKNSH_skew	[-0.05,0.05)	Other cCREs	COMMON	del_7	513
SKNSH_skew	[-0.05,0.05)	Other cCREs	COMMON	del_8	3942
SKNSH_skew	[-0.05,0.05)	Other cCREs	COMMON	del_9	298
SKNSH_skew	[-0.05,0.05)	Other cCREs	COMMON	ins_1	25534
SKNSH_skew	[-0.05,0.05)	Other cCREs	COMMON	ins_10plus	3841
SKNSH_skew	[-0.05,0.05)	Other cCREs	COMMON	ins_2	13496
SKNSH_skew	[-0.05,0.05)	Other cCREs	COMMON	ins_3	3100
SKNSH_skew	[-0.05,0.05)	Other cCREs	COMMON	ins_4	10261
SKNSH_skew	[-0.05,0.05)	Other cCREs	COMMON	ins_5	1246
SKNSH_skew	[-0.05,0.05)	Other cCREs	COMMON	ins_6	2897
SKNSH_skew	[-0.05,0.05)	Other cCREs	COMMON	ins_7	472
SKNSH_skew	[-0.05,0.05)	Other cCREs	COMMON	ins_8	4284
SKNSH_skew	[-0.05,0.05)	Other cCREs	COMMON	ins_9	277
SKNSH_skew	[-0.05,0.05)	Other cCREs	LOW_FREQ	del_1	19838
SKNSH_skew	[-0.05,0.05)	Other cCREs	LOW_FREQ	del_10plus	4531
SKNSH_skew	[-0.05,0.05)	Other cCREs	LOW_FREQ	del_2	10739
SKNSH_skew	[-0.05,0.05)	Other cCREs	LOW_FREQ	del_3	4669
SKNSH_skew	[-0.05,0.05)	Other cCREs	LOW_FREQ	del_4	7692
SKNSH_skew	[-0.05,0.05)	Other cCREs	LOW_FREQ	del_5	1663
SKNSH_skew	[-0.05,0.05)	Other cCREs	LOW_FREQ	del_6	2127
SKNSH_skew	[-0.05,0.05)	Other cCREs	LOW_FREQ	del_7	680
SKNSH_skew	[-0.05,0.05)	Other cCREs	LOW_FREQ	del_8	2531
SKNSH_skew	[-0.05,0.05)	Other cCREs	LOW_FREQ	del_9	374
SKNSH_skew	[-0.05,0.05)	Other cCREs	LOW_FREQ	ins_1	18652
SKNSH_skew	[-0.05,0.05)	Other cCREs	LOW_FREQ	ins_10plus	5639
SKNSH_skew	[-0.05,0.05)	Other cCREs	LOW_FREQ	ins_2	9444
SKNSH_skew	[-0.05,0.05)	Other cCREs	LOW_FREQ	ins_3	3139
SKNSH_skew	[-0.05,0.05)	Other cCREs	LOW_FREQ	ins_4	5851
SKNSH_skew	[-0.05,0.05)	Other cCREs	LOW_FREQ	ins_5	1452
SKNSH_skew	[-0.05,0.05)	Other cCREs	LOW_FREQ	ins_6	2701
SKNSH_skew	[-0.05,0.05)	Other cCREs	LOW_FREQ	ins_7	732
SKNSH_skew	[-0.05,0.05)	Other cCREs	LOW_FREQ	ins_8	3391
SKNSH_skew	[-0.05,0.05)	Other cCREs	LOW_FREQ	ins_9	489
SKNSH_skew	[-0.05,0.05)	Other cCREs	RARE	del_1	36576
SKNSH_skew	[-0.05,0.05)	Other cCREs	RARE	del_10plus	7693
SKNSH_skew	[-0.05,0.05)	Other cCREs	RARE	del_2	23146
SKNSH_skew	[-0.05,0.05)	Other cCREs	RARE	del_3	11017
SKNSH_skew	[-0.05,0.05)	Other cCREs	RARE	del_4	15883
SKNSH_skew	[-0.05,0.05)	Other cCREs	RARE	del_5	3954
SKNSH_skew	[-0.05,0.05)	Other cCREs	RARE	del_6	3722
SKNSH_skew	[-0.05,0.05)	Other cCREs	RARE	del_7	1584
SKNSH_skew	[-0.05,0.05)	Other cCREs	RARE	del_8	3265
SKNSH_skew	[-0.05,0.05)	Other cCREs	RARE	del_9	815
SKNSH_skew	[-0.05,0.05)	Other cCREs	RARE	ins_1	31433
SKNSH_skew	[-0.05,0.05)	Other cCREs	RARE	ins_10plus	9039
SKNSH_skew	[-0.05,0.05)	Other cCREs	RARE	ins_2	13972
SKNSH_skew	[-0.05,0.05)	Other cCREs	RARE	ins_3	5399
SKNSH_skew	[-0.05,0.05)	Other cCREs	RARE	ins_4	8817
SKNSH_skew	[-0.05,0.05)	Other cCREs	RARE	ins_5	2863
SKNSH_skew	[-0.05,0.05)	Other cCREs	RARE	ins_6	3814
SKNSH_skew	[-0.05,0.05)	Other cCREs	RARE	ins_7	1586
SKNSH_skew	[-0.05,0.05)	Other cCREs	RARE	ins_8	4188
SKNSH_skew	[-0.05,0.05)	Other cCREs	RARE	ins_9	935
SKNSH_skew	[-0.05,0.05)	Other cCREs	SINGLETON	del_1	283885
SKNSH_skew	[-0.05,0.05)	Other cCREs	SINGLETON	del_10plus	20962
SKNSH_skew	[-0.05,0.05)	Other cCREs	SINGLETON	del_2	108338
SKNSH_skew	[-0.05,0.05)	Other cCREs	SINGLETON	del_3	60732
SKNSH_skew	[-0.05,0.05)	Other cCREs	SINGLETON	del_4	57112
SKNSH_skew	[-0.05,0.05)	Other cCREs	SINGLETON	del_5	20842
SKNSH_skew	[-0.05,0.05)	Other cCREs	SINGLETON	del_6	12979
SKNSH_skew	[-0.05,0.05)	Other cCREs	SINGLETON	del_7	7751
SKNSH_skew	[-0.05,0.05)	Other cCREs	SINGLETON	del_8	7589
SKNSH_skew	[-0.05,0.05)	Other cCREs	SINGLETON	del_9	3870
SKNSH_skew	[-0.05,0.05)	Other cCREs	SINGLETON	ins_1	148273
SKNSH_skew	[-0.05,0.05)	Other cCREs	SINGLETON	ins_10plus	18708
SKNSH_skew	[-0.05,0.05)	Other cCREs	SINGLETON	ins_2	41771
SKNSH_skew	[-0.05,0.05)	Other cCREs	SINGLETON	ins_3	19727
SKNSH_skew	[-0.05,0.05)	Other cCREs	SINGLETON	ins_4	28839
SKNSH_skew	[-0.05,0.05)	Other cCREs	SINGLETON	ins_5	9318
SKNSH_skew	[-0.05,0.05)	Other cCREs	SINGLETON	ins_6	9195
SKNSH_skew	[-0.05,0.05)	Other cCREs	SINGLETON	ins_7	5366
SKNSH_skew	[-0.05,0.05)	Other cCREs	SINGLETON	ins_8	9513
SKNSH_skew	[-0.05,0.05)	Other cCREs	SINGLETON	ins_9	3058
SKNSH_skew	[-0.05,0.05)	Other cCREs	ULTRARARE	del_1	173960
SKNSH_skew	[-0.05,0.05)	Other cCREs	ULTRARARE	del_10plus	19041
SKNSH_skew	[-0.05,0.05)	Other cCREs	ULTRARARE	del_2	85000
SKNSH_skew	[-0.05,0.05)	Other cCREs	ULTRARARE	del_3	48738
SKNSH_skew	[-0.05,0.05)	Other cCREs	ULTRARARE	del_4	56327
SKNSH_skew	[-0.05,0.05)	Other cCREs	ULTRARARE	del_5	16525
SKNSH_skew	[-0.05,0.05)	Other cCREs	ULTRARARE	del_6	11001
SKNSH_skew	[-0.05,0.05)	Other cCREs	ULTRARARE	del_7	5378
SKNSH_skew	[-0.05,0.05)	Other cCREs	ULTRARARE	del_8	7315
SKNSH_skew	[-0.05,0.05)	Other cCREs	ULTRARARE	del_9	2843
SKNSH_skew	[-0.05,0.05)	Other cCREs	ULTRARARE	ins_1	113012
SKNSH_skew	[-0.05,0.05)	Other cCREs	ULTRARARE	ins_10plus	17222
SKNSH_skew	[-0.05,0.05)	Other cCREs	ULTRARARE	ins_2	35375
SKNSH_skew	[-0.05,0.05)	Other cCREs	ULTRARARE	ins_3	14926
SKNSH_skew	[-0.05,0.05)	Other cCREs	ULTRARARE	ins_4	23009
SKNSH_skew	[-0.05,0.05)	Other cCREs	ULTRARARE	ins_5	7625
SKNSH_skew	[-0.05,0.05)	Other cCREs	ULTRARARE	ins_6	8150
SKNSH_skew	[-0.05,0.05)	Other cCREs	ULTRARARE	ins_7	4363
SKNSH_skew	[-0.05,0.05)	Other cCREs	ULTRARARE	ins_8	8447
SKNSH_skew	[-0.05,0.05)	Other cCREs	ULTRARARE	ins_9	2382
SKNSH_skew	[-0.05,0.05)	PLS	COMMON	del_1	809
SKNSH_skew	[-0.05,0.05)	PLS	COMMON	del_10plus	100
SKNSH_skew	[-0.05,0.05)	PLS	COMMON	del_2	382
SKNSH_skew	[-0.05,0.05)	PLS	COMMON	del_3	111
SKNSH_skew	[-0.05,0.05)	PLS	COMMON	del_4	150
SKNSH_skew	[-0.05,0.05)	PLS	COMMON	del_5	44
SKNSH_skew	[-0.05,0.05)	PLS	COMMON	del_6	77
SKNSH_skew	[-0.05,0.05)	PLS	COMMON	del_7	20
SKNSH_skew	[-0.05,0.05)	PLS	COMMON	del_8	44
SKNSH_skew	[-0.05,0.05)	PLS	COMMON	del_9	14
SKNSH_skew	[-0.05,0.05)	PLS	COMMON	ins_1	1012
SKNSH_skew	[-0.05,0.05)	PLS	COMMON	ins_10plus	133
SKNSH_skew	[-0.05,0.05)	PLS	COMMON	ins_2	450
SKNSH_skew	[-0.05,0.05)	PLS	COMMON	ins_3	155
SKNSH_skew	[-0.05,0.05)	PLS	COMMON	ins_4	144
SKNSH_skew	[-0.05,0.05)	PLS	COMMON	ins_5	60
SKNSH_skew	[-0.05,0.05)	PLS	COMMON	ins_6	144
SKNSH_skew	[-0.05,0.05)	PLS	COMMON	ins_7	29
SKNSH_skew	[-0.05,0.05)	PLS	COMMON	ins_8	55
SKNSH_skew	[-0.05,0.05)	PLS	COMMON	ins_9	12
SKNSH_skew	[-0.05,0.05)	PLS	LOW_FREQ	del_1	699
SKNSH_skew	[-0.05,0.05)	PLS	LOW_FREQ	del_10plus	146
SKNSH_skew	[-0.05,0.05)	PLS	LOW_FREQ	del_2	318
SKNSH_skew	[-0.05,0.05)	PLS	LOW_FREQ	del_3	126
SKNSH_skew	[-0.05,0.05)	PLS	LOW_FREQ	del_4	145
SKNSH_skew	[-0.05,0.05)	PLS	LOW_FREQ	del_5	41
SKNSH_skew	[-0.05,0.05)	PLS	LOW_FREQ	del_6	69
SKNSH_skew	[-0.05,0.05)	PLS	LOW_FREQ	del_7	23
SKNSH_skew	[-0.05,0.05)	PLS	LOW_FREQ	del_8	42
SKNSH_skew	[-0.05,0.05)	PLS	LOW_FREQ	del_9	20
SKNSH_skew	[-0.05,0.05)	PLS	LOW_FREQ	ins_1	810
SKNSH_skew	[-0.05,0.05)	PLS	LOW_FREQ	ins_10plus	219
SKNSH_skew	[-0.05,0.05)	PLS	LOW_FREQ	ins_2	301
SKNSH_skew	[-0.05,0.05)	PLS	LOW_FREQ	ins_3	179
SKNSH_skew	[-0.05,0.05)	PLS	LOW_FREQ	ins_4	141
SKNSH_skew	[-0.05,0.05)	PLS	LOW_FREQ	ins_5	82
SKNSH_skew	[-0.05,0.05)	PLS	LOW_FREQ	ins_6	147
SKNSH_skew	[-0.05,0.05)	PLS	LOW_FREQ	ins_7	43
SKNSH_skew	[-0.05,0.05)	PLS	LOW_FREQ	ins_8	55
SKNSH_skew	[-0.05,0.05)	PLS	LOW_FREQ	ins_9	34
SKNSH_skew	[-0.05,0.05)	PLS	RARE	del_1	1430
SKNSH_skew	[-0.05,0.05)	PLS	RARE	del_10plus	254
SKNSH_skew	[-0.05,0.05)	PLS	RARE	del_2	690
SKNSH_skew	[-0.05,0.05)	PLS	RARE	del_3	341
SKNSH_skew	[-0.05,0.05)	PLS	RARE	del_4	295
SKNSH_skew	[-0.05,0.05)	PLS	RARE	del_5	128
SKNSH_skew	[-0.05,0.05)	PLS	RARE	del_6	142
SKNSH_skew	[-0.05,0.05)	PLS	RARE	del_7	48
SKNSH_skew	[-0.05,0.05)	PLS	RARE	del_8	71
SKNSH_skew	[-0.05,0.05)	PLS	RARE	del_9	43
SKNSH_skew	[-0.05,0.05)	PLS	RARE	ins_1	1509
SKNSH_skew	[-0.05,0.05)	PLS	RARE	ins_10plus	388
SKNSH_skew	[-0.05,0.05)	PLS	RARE	ins_2	507
SKNSH_skew	[-0.05,0.05)	PLS	RARE	ins_3	318
SKNSH_skew	[-0.05,0.05)	PLS	RARE	ins_4	241
SKNSH_skew	[-0.05,0.05)	PLS	RARE	ins_5	189
SKNSH_skew	[-0.05,0.05)	PLS	RARE	ins_6	241
SKNSH_skew	[-0.05,0.05)	PLS	RARE	ins_7	93
SKNSH_skew	[-0.05,0.05)	PLS	RARE	ins_8	99
SKNSH_skew	[-0.05,0.05)	PLS	RARE	ins_9	65
SKNSH_skew	[-0.05,0.05)	PLS	SINGLETON	del_1	11341
SKNSH_skew	[-0.05,0.05)	PLS	SINGLETON	del_10plus	1084
SKNSH_skew	[-0.05,0.05)	PLS	SINGLETON	del_2	3758
SKNSH_skew	[-0.05,0.05)	PLS	SINGLETON	del_3	2059
SKNSH_skew	[-0.05,0.05)	PLS	SINGLETON	del_4	1516
SKNSH_skew	[-0.05,0.05)	PLS	SINGLETON	del_5	678
SKNSH_skew	[-0.05,0.05)	PLS	SINGLETON	del_6	495
SKNSH_skew	[-0.05,0.05)	PLS	SINGLETON	del_7	317
SKNSH_skew	[-0.05,0.05)	PLS	SINGLETON	del_8	269
SKNSH_skew	[-0.05,0.05)	PLS	SINGLETON	del_9	182
SKNSH_skew	[-0.05,0.05)	PLS	SINGLETON	ins_1	7806
SKNSH_skew	[-0.05,0.05)	PLS	SINGLETON	ins_10plus	1271
SKNSH_skew	[-0.05,0.05)	PLS	SINGLETON	ins_2	1948
SKNSH_skew	[-0.05,0.05)	PLS	SINGLETON	ins_3	1057
SKNSH_skew	[-0.05,0.05)	PLS	SINGLETON	ins_4	942
SKNSH_skew	[-0.05,0.05)	PLS	SINGLETON	ins_5	670
SKNSH_skew	[-0.05,0.05)	PLS	SINGLETON	ins_6	657
SKNSH_skew	[-0.05,0.05)	PLS	SINGLETON	ins_7	386
SKNSH_skew	[-0.05,0.05)	PLS	SINGLETON	ins_8	355
SKNSH_skew	[-0.05,0.05)	PLS	SINGLETON	ins_9	167
SKNSH_skew	[-0.05,0.05)	PLS	ULTRARARE	del_1	7323
SKNSH_skew	[-0.05,0.05)	PLS	ULTRARARE	del_10plus	820
SKNSH_skew	[-0.05,0.05)	PLS	ULTRARARE	del_2	2948
SKNSH_skew	[-0.05,0.05)	PLS	ULTRARARE	del_3	1654
SKNSH_skew	[-0.05,0.05)	PLS	ULTRARARE	del_4	1273
SKNSH_skew	[-0.05,0.05)	PLS	ULTRARARE	del_5	483
SKNSH_skew	[-0.05,0.05)	PLS	ULTRARARE	del_6	410
SKNSH_skew	[-0.05,0.05)	PLS	ULTRARARE	del_7	234
SKNSH_skew	[-0.05,0.05)	PLS	ULTRARARE	del_8	224
SKNSH_skew	[-0.05,0.05)	PLS	ULTRARARE	del_9	138
SKNSH_skew	[-0.05,0.05)	PLS	ULTRARARE	ins_1	5938
SKNSH_skew	[-0.05,0.05)	PLS	ULTRARARE	ins_10plus	1082
SKNSH_skew	[-0.05,0.05)	PLS	ULTRARARE	ins_2	1442
SKNSH_skew	[-0.05,0.05)	PLS	ULTRARARE	ins_3	812
SKNSH_skew	[-0.05,0.05)	PLS	ULTRARARE	ins_4	705
SKNSH_skew	[-0.05,0.05)	PLS	ULTRARARE	ins_5	587
SKNSH_skew	[-0.05,0.05)	PLS	ULTRARARE	ins_6	632
SKNSH_skew	[-0.05,0.05)	PLS	ULTRARARE	ins_7	272
SKNSH_skew	[-0.05,0.05)	PLS	ULTRARARE	ins_8	256
SKNSH_skew	[-0.05,0.05)	PLS	ULTRARARE	ins_9	155
SKNSH_skew	[-0.05,0.05)	dELS	COMMON	del_1	50200
SKNSH_skew	[-0.05,0.05)	dELS	COMMON	del_10plus	5635
SKNSH_skew	[-0.05,0.05)	dELS	COMMON	del_2	26325
SKNSH_skew	[-0.05,0.05)	dELS	COMMON	del_3	6832
SKNSH_skew	[-0.05,0.05)	dELS	COMMON	del_4	12855
SKNSH_skew	[-0.05,0.05)	dELS	COMMON	del_5	2355
SKNSH_skew	[-0.05,0.05)	dELS	COMMON	del_6	5366
SKNSH_skew	[-0.05,0.05)	dELS	COMMON	del_7	852
SKNSH_skew	[-0.05,0.05)	dELS	COMMON	del_8	3803
SKNSH_skew	[-0.05,0.05)	dELS	COMMON	del_9	479
SKNSH_skew	[-0.05,0.05)	dELS	COMMON	ins_1	57046
SKNSH_skew	[-0.05,0.05)	dELS	COMMON	ins_10plus	6205
SKNSH_skew	[-0.05,0.05)	dELS	COMMON	ins_2	29336
SKNSH_skew	[-0.05,0.05)	dELS	COMMON	ins_3	5817
SKNSH_skew	[-0.05,0.05)	dELS	COMMON	ins_4	12645
SKNSH_skew	[-0.05,0.05)	dELS	COMMON	ins_5	2155
SKNSH_skew	[-0.05,0.05)	dELS	COMMON	ins_6	6418
SKNSH_skew	[-0.05,0.05)	dELS	COMMON	ins_7	798
SKNSH_skew	[-0.05,0.05)	dELS	COMMON	ins_8	4675
SKNSH_skew	[-0.05,0.05)	dELS	COMMON	ins_9	428
SKNSH_skew	[-0.05,0.05)	dELS	LOW_FREQ	del_1	43709
SKNSH_skew	[-0.05,0.05)	dELS	LOW_FREQ	del_10plus	6480
SKNSH_skew	[-0.05,0.05)	dELS	LOW_FREQ	del_2	22174
SKNSH_skew	[-0.05,0.05)	dELS	LOW_FREQ	del_3	8609
SKNSH_skew	[-0.05,0.05)	dELS	LOW_FREQ	del_4	11515
SKNSH_skew	[-0.05,0.05)	dELS	LOW_FREQ	del_5	2927
SKNSH_skew	[-0.05,0.05)	dELS	LOW_FREQ	del_6	4157
SKNSH_skew	[-0.05,0.05)	dELS	LOW_FREQ	del_7	1143
SKNSH_skew	[-0.05,0.05)	dELS	LOW_FREQ	del_8	2938
SKNSH_skew	[-0.05,0.05)	dELS	LOW_FREQ	del_9	591
SKNSH_skew	[-0.05,0.05)	dELS	LOW_FREQ	ins_1	41662
SKNSH_skew	[-0.05,0.05)	dELS	LOW_FREQ	ins_10plus	9057
SKNSH_skew	[-0.05,0.05)	dELS	LOW_FREQ	ins_2	20230
SKNSH_skew	[-0.05,0.05)	dELS	LOW_FREQ	ins_3	6010
SKNSH_skew	[-0.05,0.05)	dELS	LOW_FREQ	ins_4	9502
SKNSH_skew	[-0.05,0.05)	dELS	LOW_FREQ	ins_5	2791
SKNSH_skew	[-0.05,0.05)	dELS	LOW_FREQ	ins_6	5779
SKNSH_skew	[-0.05,0.05)	dELS	LOW_FREQ	ins_7	1181
SKNSH_skew	[-0.05,0.05)	dELS	LOW_FREQ	ins_8	4350
SKNSH_skew	[-0.05,0.05)	dELS	LOW_FREQ	ins_9	739
SKNSH_skew	[-0.05,0.05)	dELS	RARE	del_1	79142
SKNSH_skew	[-0.05,0.05)	dELS	RARE	del_10plus	12261
SKNSH_skew	[-0.05,0.05)	dELS	RARE	del_2	47576
SKNSH_skew	[-0.05,0.05)	dELS	RARE	del_3	20972
SKNSH_skew	[-0.05,0.05)	dELS	RARE	del_4	24746
SKNSH_skew	[-0.05,0.05)	dELS	RARE	del_5	7103
SKNSH_skew	[-0.05,0.05)	dELS	RARE	del_6	7035
SKNSH_skew	[-0.05,0.05)	dELS	RARE	del_7	2851
SKNSH_skew	[-0.05,0.05)	dELS	RARE	del_8	4756
SKNSH_skew	[-0.05,0.05)	dELS	RARE	del_9	1402
SKNSH_skew	[-0.05,0.05)	dELS	RARE	ins_1	70110
SKNSH_skew	[-0.05,0.05)	dELS	RARE	ins_10plus	14781
SKNSH_skew	[-0.05,0.05)	dELS	RARE	ins_2	29227
SKNSH_skew	[-0.05,0.05)	dELS	RARE	ins_3	10270
SKNSH_skew	[-0.05,0.05)	dELS	RARE	ins_4	14149
SKNSH_skew	[-0.05,0.05)	dELS	RARE	ins_5	5645
SKNSH_skew	[-0.05,0.05)	dELS	RARE	ins_6	7919
SKNSH_skew	[-0.05,0.05)	dELS	RARE	ins_7	2710
SKNSH_skew	[-0.05,0.05)	dELS	RARE	ins_8	5914
SKNSH_skew	[-0.05,0.05)	dELS	RARE	ins_9	1691
SKNSH_skew	[-0.05,0.05)	dELS	SINGLETON	del_1	655903
SKNSH_skew	[-0.05,0.05)	dELS	SINGLETON	del_10plus	42377
SKNSH_skew	[-0.05,0.05)	dELS	SINGLETON	del_2	259049
SKNSH_skew	[-0.05,0.05)	dELS	SINGLETON	del_3	135929
SKNSH_skew	[-0.05,0.05)	dELS	SINGLETON	del_4	118057
SKNSH_skew	[-0.05,0.05)	dELS	SINGLETON	del_5	43698
SKNSH_skew	[-0.05,0.05)	dELS	SINGLETON	del_6	26603
SKNSH_skew	[-0.05,0.05)	dELS	SINGLETON	del_7	16767
SKNSH_skew	[-0.05,0.05)	dELS	SINGLETON	del_8	14488
SKNSH_skew	[-0.05,0.05)	dELS	SINGLETON	del_9	7612
SKNSH_skew	[-0.05,0.05)	dELS	SINGLETON	ins_1	366666
SKNSH_skew	[-0.05,0.05)	dELS	SINGLETON	ins_10plus	32217
SKNSH_skew	[-0.05,0.05)	dELS	SINGLETON	ins_2	96181
SKNSH_skew	[-0.05,0.05)	dELS	SINGLETON	ins_3	43617
SKNSH_skew	[-0.05,0.05)	dELS	SINGLETON	ins_4	53005
SKNSH_skew	[-0.05,0.05)	dELS	SINGLETON	ins_5	20018
SKNSH_skew	[-0.05,0.05)	dELS	SINGLETON	ins_6	19222
SKNSH_skew	[-0.05,0.05)	dELS	SINGLETON	ins_7	11270
SKNSH_skew	[-0.05,0.05)	dELS	SINGLETON	ins_8	14266
SKNSH_skew	[-0.05,0.05)	dELS	SINGLETON	ins_9	5407
SKNSH_skew	[-0.05,0.05)	dELS	ULTRARARE	del_1	392507
SKNSH_skew	[-0.05,0.05)	dELS	ULTRARARE	del_10plus	34488
SKNSH_skew	[-0.05,0.05)	dELS	ULTRARARE	del_2	192609
SKNSH_skew	[-0.05,0.05)	dELS	ULTRARARE	del_3	105128
SKNSH_skew	[-0.05,0.05)	dELS	ULTRARARE	del_4	104917
SKNSH_skew	[-0.05,0.05)	dELS	ULTRARARE	del_5	32353
SKNSH_skew	[-0.05,0.05)	dELS	ULTRARARE	del_6	21347
SKNSH_skew	[-0.05,0.05)	dELS	ULTRARARE	del_7	10812
SKNSH_skew	[-0.05,0.05)	dELS	ULTRARARE	del_8	12214
SKNSH_skew	[-0.05,0.05)	dELS	ULTRARARE	del_9	5289
SKNSH_skew	[-0.05,0.05)	dELS	ULTRARARE	ins_1	266894
SKNSH_skew	[-0.05,0.05)	dELS	ULTRARARE	ins_10plus	28279
SKNSH_skew	[-0.05,0.05)	dELS	ULTRARARE	ins_2	77053
SKNSH_skew	[-0.05,0.05)	dELS	ULTRARARE	ins_3	31102
SKNSH_skew	[-0.05,0.05)	dELS	ULTRARARE	ins_4	39579
SKNSH_skew	[-0.05,0.05)	dELS	ULTRARARE	ins_5	15789
SKNSH_skew	[-0.05,0.05)	dELS	ULTRARARE	ins_6	17056
SKNSH_skew	[-0.05,0.05)	dELS	ULTRARARE	ins_7	8487
SKNSH_skew	[-0.05,0.05)	dELS	ULTRARARE	ins_8	11990
SKNSH_skew	[-0.05,0.05)	dELS	ULTRARARE	ins_9	4170
SKNSH_skew	[-0.05,0.05)	non-cCRE	COMMON	del_1	447074
SKNSH_skew	[-0.05,0.05)	non-cCRE	COMMON	del_10plus	46603
SKNSH_skew	[-0.05,0.05)	non-cCRE	COMMON	del_2	205881
SKNSH_skew	[-0.05,0.05)	non-cCRE	COMMON	del_3	64584
SKNSH_skew	[-0.05,0.05)	non-cCRE	COMMON	del_4	119608
SKNSH_skew	[-0.05,0.05)	non-cCRE	COMMON	del_5	27290
SKNSH_skew	[-0.05,0.05)	non-cCRE	COMMON	del_6	41439
SKNSH_skew	[-0.05,0.05)	non-cCRE	COMMON	del_7	7840
SKNSH_skew	[-0.05,0.05)	non-cCRE	COMMON	del_8	31228
SKNSH_skew	[-0.05,0.05)	non-cCRE	COMMON	del_9	5610
SKNSH_skew	[-0.05,0.05)	non-cCRE	COMMON	ins_1	507292
SKNSH_skew	[-0.05,0.05)	non-cCRE	COMMON	ins_10plus	50342
SKNSH_skew	[-0.05,0.05)	non-cCRE	COMMON	ins_2	239187
SKNSH_skew	[-0.05,0.05)	non-cCRE	COMMON	ins_3	59107
SKNSH_skew	[-0.05,0.05)	non-cCRE	COMMON	ins_4	114840
SKNSH_skew	[-0.05,0.05)	non-cCRE	COMMON	ins_5	23664
SKNSH_skew	[-0.05,0.05)	non-cCRE	COMMON	ins_6	49156
SKNSH_skew	[-0.05,0.05)	non-cCRE	COMMON	ins_7	7276
SKNSH_skew	[-0.05,0.05)	non-cCRE	COMMON	ins_8	38195
SKNSH_skew	[-0.05,0.05)	non-cCRE	COMMON	ins_9	6025
SKNSH_skew	[-0.05,0.05)	non-cCRE	LOW_FREQ	del_1	372268
SKNSH_skew	[-0.05,0.05)	non-cCRE	LOW_FREQ	del_10plus	51911
SKNSH_skew	[-0.05,0.05)	non-cCRE	LOW_FREQ	del_2	173030
SKNSH_skew	[-0.05,0.05)	non-cCRE	LOW_FREQ	del_3	75017
SKNSH_skew	[-0.05,0.05)	non-cCRE	LOW_FREQ	del_4	110536
SKNSH_skew	[-0.05,0.05)	non-cCRE	LOW_FREQ	del_5	32197
SKNSH_skew	[-0.05,0.05)	non-cCRE	LOW_FREQ	del_6	35005
SKNSH_skew	[-0.05,0.05)	non-cCRE	LOW_FREQ	del_7	10625
SKNSH_skew	[-0.05,0.05)	non-cCRE	LOW_FREQ	del_8	25800
SKNSH_skew	[-0.05,0.05)	non-cCRE	LOW_FREQ	del_9	6225
SKNSH_skew	[-0.05,0.05)	non-cCRE	LOW_FREQ	ins_1	363261
SKNSH_skew	[-0.05,0.05)	non-cCRE	LOW_FREQ	ins_10plus	80843
SKNSH_skew	[-0.05,0.05)	non-cCRE	LOW_FREQ	ins_2	181219
SKNSH_skew	[-0.05,0.05)	non-cCRE	LOW_FREQ	ins_3	58732
SKNSH_skew	[-0.05,0.05)	non-cCRE	LOW_FREQ	ins_4	91243
SKNSH_skew	[-0.05,0.05)	non-cCRE	LOW_FREQ	ins_5	27665
SKNSH_skew	[-0.05,0.05)	non-cCRE	LOW_FREQ	ins_6	50612
SKNSH_skew	[-0.05,0.05)	non-cCRE	LOW_FREQ	ins_7	12216
SKNSH_skew	[-0.05,0.05)	non-cCRE	LOW_FREQ	ins_8	41179
SKNSH_skew	[-0.05,0.05)	non-cCRE	LOW_FREQ	ins_9	9600
SKNSH_skew	[-0.05,0.05)	non-cCRE	RARE	del_1	667408
SKNSH_skew	[-0.05,0.05)	non-cCRE	RARE	del_10plus	94989
SKNSH_skew	[-0.05,0.05)	non-cCRE	RARE	del_2	363690
SKNSH_skew	[-0.05,0.05)	non-cCRE	RARE	del_3	175031
SKNSH_skew	[-0.05,0.05)	non-cCRE	RARE	del_4	237482
SKNSH_skew	[-0.05,0.05)	non-cCRE	RARE	del_5	75870
SKNSH_skew	[-0.05,0.05)	non-cCRE	RARE	del_6	61606
SKNSH_skew	[-0.05,0.05)	non-cCRE	RARE	del_7	24619
SKNSH_skew	[-0.05,0.05)	non-cCRE	RARE	del_8	41297
SKNSH_skew	[-0.05,0.05)	non-cCRE	RARE	del_9	13636
SKNSH_skew	[-0.05,0.05)	non-cCRE	RARE	ins_1	595461
SKNSH_skew	[-0.05,0.05)	non-cCRE	RARE	ins_10plus	141515
SKNSH_skew	[-0.05,0.05)	non-cCRE	RARE	ins_2	264927
SKNSH_skew	[-0.05,0.05)	non-cCRE	RARE	ins_3	95556
SKNSH_skew	[-0.05,0.05)	non-cCRE	RARE	ins_4	138184
SKNSH_skew	[-0.05,0.05)	non-cCRE	RARE	ins_5	53715
SKNSH_skew	[-0.05,0.05)	non-cCRE	RARE	ins_6	74538
SKNSH_skew	[-0.05,0.05)	non-cCRE	RARE	ins_7	27619
SKNSH_skew	[-0.05,0.05)	non-cCRE	RARE	ins_8	58733
SKNSH_skew	[-0.05,0.05)	non-cCRE	RARE	ins_9	20196
SKNSH_skew	[-0.05,0.05)	non-cCRE	SINGLETON	del_1	4719086
SKNSH_skew	[-0.05,0.05)	non-cCRE	SINGLETON	del_10plus	284577
SKNSH_skew	[-0.05,0.05)	non-cCRE	SINGLETON	del_2	1692508
SKNSH_skew	[-0.05,0.05)	non-cCRE	SINGLETON	del_3	987016
SKNSH_skew	[-0.05,0.05)	non-cCRE	SINGLETON	del_4	983332
SKNSH_skew	[-0.05,0.05)	non-cCRE	SINGLETON	del_5	387330
SKNSH_skew	[-0.05,0.05)	non-cCRE	SINGLETON	del_6	219104
SKNSH_skew	[-0.05,0.05)	non-cCRE	SINGLETON	del_7	114486
SKNSH_skew	[-0.05,0.05)	non-cCRE	SINGLETON	del_8	106710
SKNSH_skew	[-0.05,0.05)	non-cCRE	SINGLETON	del_9	59065
SKNSH_skew	[-0.05,0.05)	non-cCRE	SINGLETON	ins_1	2515669
SKNSH_skew	[-0.05,0.05)	non-cCRE	SINGLETON	ins_10plus	292182
SKNSH_skew	[-0.05,0.05)	non-cCRE	SINGLETON	ins_2	693848
SKNSH_skew	[-0.05,0.05)	non-cCRE	SINGLETON	ins_3	311213
SKNSH_skew	[-0.05,0.05)	non-cCRE	SINGLETON	ins_4	402285
SKNSH_skew	[-0.05,0.05)	non-cCRE	SINGLETON	ins_5	151962
SKNSH_skew	[-0.05,0.05)	non-cCRE	SINGLETON	ins_6	157494
SKNSH_skew	[-0.05,0.05)	non-cCRE	SINGLETON	ins_7	85680
SKNSH_skew	[-0.05,0.05)	non-cCRE	SINGLETON	ins_8	126504
SKNSH_skew	[-0.05,0.05)	non-cCRE	SINGLETON	ins_9	55141
SKNSH_skew	[-0.05,0.05)	non-cCRE	ULTRARARE	del_1	3006201
SKNSH_skew	[-0.05,0.05)	non-cCRE	ULTRARARE	del_10plus	247476
SKNSH_skew	[-0.05,0.05)	non-cCRE	ULTRARARE	del_2	1322611
SKNSH_skew	[-0.05,0.05)	non-cCRE	ULTRARARE	del_3	799789
SKNSH_skew	[-0.05,0.05)	non-cCRE	ULTRARARE	del_4	944486
SKNSH_skew	[-0.05,0.05)	non-cCRE	ULTRARARE	del_5	322492
SKNSH_skew	[-0.05,0.05)	non-cCRE	ULTRARARE	del_6	187920
SKNSH_skew	[-0.05,0.05)	non-cCRE	ULTRARARE	del_7	82531
SKNSH_skew	[-0.05,0.05)	non-cCRE	ULTRARARE	del_8	98657
SKNSH_skew	[-0.05,0.05)	non-cCRE	ULTRARARE	del_9	44785
SKNSH_skew	[-0.05,0.05)	non-cCRE	ULTRARARE	ins_1	2046438
SKNSH_skew	[-0.05,0.05)	non-cCRE	ULTRARARE	ins_10plus	267124
SKNSH_skew	[-0.05,0.05)	non-cCRE	ULTRARARE	ins_2	613563
SKNSH_skew	[-0.05,0.05)	non-cCRE	ULTRARARE	ins_3	247969
SKNSH_skew	[-0.05,0.05)	non-cCRE	ULTRARARE	ins_4	334657
SKNSH_skew	[-0.05,0.05)	non-cCRE	ULTRARARE	ins_5	130223
SKNSH_skew	[-0.05,0.05)	non-cCRE	ULTRARARE	ins_6	147527
SKNSH_skew	[-0.05,0.05)	non-cCRE	ULTRARARE	ins_7	69362
SKNSH_skew	[-0.05,0.05)	non-cCRE	ULTRARARE	ins_8	112915
SKNSH_skew	[-0.05,0.05)	non-cCRE	ULTRARARE	ins_9	45797
SKNSH_skew	[-0.05,0.05)	pELS	COMMON	del_1	7518
SKNSH_skew	[-0.05,0.05)	pELS	COMMON	del_10plus	878
SKNSH_skew	[-0.05,0.05)	pELS	COMMON	del_2	4307
SKNSH_skew	[-0.05,0.05)	pELS	COMMON	del_3	1082
SKNSH_skew	[-0.05,0.05)	pELS	COMMON	del_4	1904
SKNSH_skew	[-0.05,0.05)	pELS	COMMON	del_5	414
SKNSH_skew	[-0.05,0.05)	pELS	COMMON	del_6	823
SKNSH_skew	[-0.05,0.05)	pELS	COMMON	del_7	170
SKNSH_skew	[-0.05,0.05)	pELS	COMMON	del_8	547
SKNSH_skew	[-0.05,0.05)	pELS	COMMON	del_9	79
SKNSH_skew	[-0.05,0.05)	pELS	COMMON	ins_1	9093
SKNSH_skew	[-0.05,0.05)	pELS	COMMON	ins_10plus	957
SKNSH_skew	[-0.05,0.05)	pELS	COMMON	ins_2	4801
SKNSH_skew	[-0.05,0.05)	pELS	COMMON	ins_3	1070
SKNSH_skew	[-0.05,0.05)	pELS	COMMON	ins_4	1936
SKNSH_skew	[-0.05,0.05)	pELS	COMMON	ins_5	363
SKNSH_skew	[-0.05,0.05)	pELS	COMMON	ins_6	1006
SKNSH_skew	[-0.05,0.05)	pELS	COMMON	ins_7	155
SKNSH_skew	[-0.05,0.05)	pELS	COMMON	ins_8	674
SKNSH_skew	[-0.05,0.05)	pELS	COMMON	ins_9	86
SKNSH_skew	[-0.05,0.05)	pELS	LOW_FREQ	del_1	6468
SKNSH_skew	[-0.05,0.05)	pELS	LOW_FREQ	del_10plus	1086
SKNSH_skew	[-0.05,0.05)	pELS	LOW_FREQ	del_2	3513
SKNSH_skew	[-0.05,0.05)	pELS	LOW_FREQ	del_3	1416
SKNSH_skew	[-0.05,0.05)	pELS	LOW_FREQ	del_4	1853
SKNSH_skew	[-0.05,0.05)	pELS	LOW_FREQ	del_5	449
SKNSH_skew	[-0.05,0.05)	pELS	LOW_FREQ	del_6	669
SKNSH_skew	[-0.05,0.05)	pELS	LOW_FREQ	del_7	203
SKNSH_skew	[-0.05,0.05)	pELS	LOW_FREQ	del_8	439
SKNSH_skew	[-0.05,0.05)	pELS	LOW_FREQ	del_9	104
SKNSH_skew	[-0.05,0.05)	pELS	LOW_FREQ	ins_1	6591
SKNSH_skew	[-0.05,0.05)	pELS	LOW_FREQ	ins_10plus	1434
SKNSH_skew	[-0.05,0.05)	pELS	LOW_FREQ	ins_2	3243
SKNSH_skew	[-0.05,0.05)	pELS	LOW_FREQ	ins_3	1127
SKNSH_skew	[-0.05,0.05)	pELS	LOW_FREQ	ins_4	1408
SKNSH_skew	[-0.05,0.05)	pELS	LOW_FREQ	ins_5	477
SKNSH_skew	[-0.05,0.05)	pELS	LOW_FREQ	ins_6	929
SKNSH_skew	[-0.05,0.05)	pELS	LOW_FREQ	ins_7	229
SKNSH_skew	[-0.05,0.05)	pELS	LOW_FREQ	ins_8	675
SKNSH_skew	[-0.05,0.05)	pELS	LOW_FREQ	ins_9	133
SKNSH_skew	[-0.05,0.05)	pELS	RARE	del_1	11741
SKNSH_skew	[-0.05,0.05)	pELS	RARE	del_10plus	1881
SKNSH_skew	[-0.05,0.05)	pELS	RARE	del_2	7726
SKNSH_skew	[-0.05,0.05)	pELS	RARE	del_3	3634
SKNSH_skew	[-0.05,0.05)	pELS	RARE	del_4	4080
SKNSH_skew	[-0.05,0.05)	pELS	RARE	del_5	1197
SKNSH_skew	[-0.05,0.05)	pELS	RARE	del_6	1166
SKNSH_skew	[-0.05,0.05)	pELS	RARE	del_7	505
SKNSH_skew	[-0.05,0.05)	pELS	RARE	del_8	762
SKNSH_skew	[-0.05,0.05)	pELS	RARE	del_9	258
SKNSH_skew	[-0.05,0.05)	pELS	RARE	ins_1	11270
SKNSH_skew	[-0.05,0.05)	pELS	RARE	ins_10plus	2360
SKNSH_skew	[-0.05,0.05)	pELS	RARE	ins_2	4757
SKNSH_skew	[-0.05,0.05)	pELS	RARE	ins_3	1867
SKNSH_skew	[-0.05,0.05)	pELS	RARE	ins_4	2327
SKNSH_skew	[-0.05,0.05)	pELS	RARE	ins_5	1033
SKNSH_skew	[-0.05,0.05)	pELS	RARE	ins_6	1355
SKNSH_skew	[-0.05,0.05)	pELS	RARE	ins_7	494
SKNSH_skew	[-0.05,0.05)	pELS	RARE	ins_8	853
SKNSH_skew	[-0.05,0.05)	pELS	RARE	ins_9	284
SKNSH_skew	[-0.05,0.05)	pELS	SINGLETON	del_1	92800
SKNSH_skew	[-0.05,0.05)	pELS	SINGLETON	del_10plus	6970
SKNSH_skew	[-0.05,0.05)	pELS	SINGLETON	del_2	40233
SKNSH_skew	[-0.05,0.05)	pELS	SINGLETON	del_3	21089
SKNSH_skew	[-0.05,0.05)	pELS	SINGLETON	del_4	17961
SKNSH_skew	[-0.05,0.05)	pELS	SINGLETON	del_5	6835
SKNSH_skew	[-0.05,0.05)	pELS	SINGLETON	del_6	4317
SKNSH_skew	[-0.05,0.05)	pELS	SINGLETON	del_7	2614
SKNSH_skew	[-0.05,0.05)	pELS	SINGLETON	del_8	2354
SKNSH_skew	[-0.05,0.05)	pELS	SINGLETON	del_9	1244
SKNSH_skew	[-0.05,0.05)	pELS	SINGLETON	ins_1	60895
SKNSH_skew	[-0.05,0.05)	pELS	SINGLETON	ins_10plus	5595
SKNSH_skew	[-0.05,0.05)	pELS	SINGLETON	ins_2	15028
SKNSH_skew	[-0.05,0.05)	pELS	SINGLETON	ins_3	6971
SKNSH_skew	[-0.05,0.05)	pELS	SINGLETON	ins_4	8111
SKNSH_skew	[-0.05,0.05)	pELS	SINGLETON	ins_5	3167
SKNSH_skew	[-0.05,0.05)	pELS	SINGLETON	ins_6	3115
SKNSH_skew	[-0.05,0.05)	pELS	SINGLETON	ins_7	1923
SKNSH_skew	[-0.05,0.05)	pELS	SINGLETON	ins_8	2260
SKNSH_skew	[-0.05,0.05)	pELS	SINGLETON	ins_9	896
SKNSH_skew	[-0.05,0.05)	pELS	ULTRARARE	del_1	55915
SKNSH_skew	[-0.05,0.05)	pELS	ULTRARARE	del_10plus	5719
SKNSH_skew	[-0.05,0.05)	pELS	ULTRARARE	del_2	31464
SKNSH_skew	[-0.05,0.05)	pELS	ULTRARARE	del_3	17170
SKNSH_skew	[-0.05,0.05)	pELS	ULTRARARE	del_4	16829
SKNSH_skew	[-0.05,0.05)	pELS	ULTRARARE	del_5	5255
SKNSH_skew	[-0.05,0.05)	pELS	ULTRARARE	del_6	3434
SKNSH_skew	[-0.05,0.05)	pELS	ULTRARARE	del_7	1811
SKNSH_skew	[-0.05,0.05)	pELS	ULTRARARE	del_8	1997
SKNSH_skew	[-0.05,0.05)	pELS	ULTRARARE	del_9	880
SKNSH_skew	[-0.05,0.05)	pELS	ULTRARARE	ins_1	44305
SKNSH_skew	[-0.05,0.05)	pELS	ULTRARARE	ins_10plus	4705
SKNSH_skew	[-0.05,0.05)	pELS	ULTRARARE	ins_2	12258
SKNSH_skew	[-0.05,0.05)	pELS	ULTRARARE	ins_3	5274
SKNSH_skew	[-0.05,0.05)	pELS	ULTRARARE	ins_4	6239
SKNSH_skew	[-0.05,0.05)	pELS	ULTRARARE	ins_5	2716
SKNSH_skew	[-0.05,0.05)	pELS	ULTRARARE	ins_6	3048
SKNSH_skew	[-0.05,0.05)	pELS	ULTRARARE	ins_7	1489
SKNSH_skew	[-0.05,0.05)	pELS	ULTRARARE	ins_8	1814
SKNSH_skew	[-0.05,0.05)	pELS	ULTRARARE	ins_9	736
SKNSH_skew	[-0.2,-0.05)	Other cCREs	COMMON	del_1	4383
SKNSH_skew	[-0.2,-0.05)	Other cCREs	COMMON	del_10plus	1775
SKNSH_skew	[-0.2,-0.05)	Other cCREs	COMMON	del_2	1152
SKNSH_skew	[-0.2,-0.05)	Other cCREs	COMMON	del_3	1431
SKNSH_skew	[-0.2,-0.05)	Other cCREs	COMMON	del_4	780
SKNSH_skew	[-0.2,-0.05)	Other cCREs	COMMON	del_5	454
SKNSH_skew	[-0.2,-0.05)	Other cCREs	COMMON	del_6	274
SKNSH_skew	[-0.2,-0.05)	Other cCREs	COMMON	del_7	197
SKNSH_skew	[-0.2,-0.05)	Other cCREs	COMMON	del_8	293
SKNSH_skew	[-0.2,-0.05)	Other cCREs	COMMON	del_9	53
SKNSH_skew	[-0.2,-0.05)	Other cCREs	COMMON	ins_1	1333
SKNSH_skew	[-0.2,-0.05)	Other cCREs	COMMON	ins_10plus	2536
SKNSH_skew	[-0.2,-0.05)	Other cCREs	COMMON	ins_2	785
SKNSH_skew	[-0.2,-0.05)	Other cCREs	COMMON	ins_3	389
SKNSH_skew	[-0.2,-0.05)	Other cCREs	COMMON	ins_4	1410
SKNSH_skew	[-0.2,-0.05)	Other cCREs	COMMON	ins_5	235
SKNSH_skew	[-0.2,-0.05)	Other cCREs	COMMON	ins_6	436
SKNSH_skew	[-0.2,-0.05)	Other cCREs	COMMON	ins_7	135
SKNSH_skew	[-0.2,-0.05)	Other cCREs	COMMON	ins_8	998
SKNSH_skew	[-0.2,-0.05)	Other cCREs	COMMON	ins_9	262
SKNSH_skew	[-0.2,-0.05)	Other cCREs	LOW_FREQ	del_1	4041
SKNSH_skew	[-0.2,-0.05)	Other cCREs	LOW_FREQ	del_10plus	1943
SKNSH_skew	[-0.2,-0.05)	Other cCREs	LOW_FREQ	del_2	1218
SKNSH_skew	[-0.2,-0.05)	Other cCREs	LOW_FREQ	del_3	1635
SKNSH_skew	[-0.2,-0.05)	Other cCREs	LOW_FREQ	del_4	891
SKNSH_skew	[-0.2,-0.05)	Other cCREs	LOW_FREQ	del_5	534
SKNSH_skew	[-0.2,-0.05)	Other cCREs	LOW_FREQ	del_6	329
SKNSH_skew	[-0.2,-0.05)	Other cCREs	LOW_FREQ	del_7	310
SKNSH_skew	[-0.2,-0.05)	Other cCREs	LOW_FREQ	del_8	323
SKNSH_skew	[-0.2,-0.05)	Other cCREs	LOW_FREQ	del_9	79
SKNSH_skew	[-0.2,-0.05)	Other cCREs	LOW_FREQ	ins_1	1301
SKNSH_skew	[-0.2,-0.05)	Other cCREs	LOW_FREQ	ins_10plus	3345
SKNSH_skew	[-0.2,-0.05)	Other cCREs	LOW_FREQ	ins_2	693
SKNSH_skew	[-0.2,-0.05)	Other cCREs	LOW_FREQ	ins_3	353
SKNSH_skew	[-0.2,-0.05)	Other cCREs	LOW_FREQ	ins_4	1058
SKNSH_skew	[-0.2,-0.05)	Other cCREs	LOW_FREQ	ins_5	294
SKNSH_skew	[-0.2,-0.05)	Other cCREs	LOW_FREQ	ins_6	500
SKNSH_skew	[-0.2,-0.05)	Other cCREs	LOW_FREQ	ins_7	178
SKNSH_skew	[-0.2,-0.05)	Other cCREs	LOW_FREQ	ins_8	915
SKNSH_skew	[-0.2,-0.05)	Other cCREs	LOW_FREQ	ins_9	433
SKNSH_skew	[-0.2,-0.05)	Other cCREs	RARE	del_1	7720
SKNSH_skew	[-0.2,-0.05)	Other cCREs	RARE	del_10plus	3350
SKNSH_skew	[-0.2,-0.05)	Other cCREs	RARE	del_2	2991
SKNSH_skew	[-0.2,-0.05)	Other cCREs	RARE	del_3	3877
SKNSH_skew	[-0.2,-0.05)	Other cCREs	RARE	del_4	2350
SKNSH_skew	[-0.2,-0.05)	Other cCREs	RARE	del_5	1215
SKNSH_skew	[-0.2,-0.05)	Other cCREs	RARE	del_6	801
SKNSH_skew	[-0.2,-0.05)	Other cCREs	RARE	del_7	731
SKNSH_skew	[-0.2,-0.05)	Other cCREs	RARE	del_8	666
SKNSH_skew	[-0.2,-0.05)	Other cCREs	RARE	del_9	182
SKNSH_skew	[-0.2,-0.05)	Other cCREs	RARE	ins_1	2889
SKNSH_skew	[-0.2,-0.05)	Other cCREs	RARE	ins_10plus	5546
SKNSH_skew	[-0.2,-0.05)	Other cCREs	RARE	ins_2	1399
SKNSH_skew	[-0.2,-0.05)	Other cCREs	RARE	ins_3	650
SKNSH_skew	[-0.2,-0.05)	Other cCREs	RARE	ins_4	1839
SKNSH_skew	[-0.2,-0.05)	Other cCREs	RARE	ins_5	534
SKNSH_skew	[-0.2,-0.05)	Other cCREs	RARE	ins_6	834
SKNSH_skew	[-0.2,-0.05)	Other cCREs	RARE	ins_7	361
SKNSH_skew	[-0.2,-0.05)	Other cCREs	RARE	ins_8	1311
SKNSH_skew	[-0.2,-0.05)	Other cCREs	RARE	ins_9	851
SKNSH_skew	[-0.2,-0.05)	Other cCREs	SINGLETON	del_1	61201
SKNSH_skew	[-0.2,-0.05)	Other cCREs	SINGLETON	del_10plus	9467
SKNSH_skew	[-0.2,-0.05)	Other cCREs	SINGLETON	del_2	16675
SKNSH_skew	[-0.2,-0.05)	Other cCREs	SINGLETON	del_3	22125
SKNSH_skew	[-0.2,-0.05)	Other cCREs	SINGLETON	del_4	12511
SKNSH_skew	[-0.2,-0.05)	Other cCREs	SINGLETON	del_5	7920
SKNSH_skew	[-0.2,-0.05)	Other cCREs	SINGLETON	del_6	3966
SKNSH_skew	[-0.2,-0.05)	Other cCREs	SINGLETON	del_7	3074
SKNSH_skew	[-0.2,-0.05)	Other cCREs	SINGLETON	del_8	2265
SKNSH_skew	[-0.2,-0.05)	Other cCREs	SINGLETON	del_9	1051
SKNSH_skew	[-0.2,-0.05)	Other cCREs	SINGLETON	ins_1	21837
SKNSH_skew	[-0.2,-0.05)	Other cCREs	SINGLETON	ins_10plus	15222
SKNSH_skew	[-0.2,-0.05)	Other cCREs	SINGLETON	ins_2	8178
SKNSH_skew	[-0.2,-0.05)	Other cCREs	SINGLETON	ins_3	3784
SKNSH_skew	[-0.2,-0.05)	Other cCREs	SINGLETON	ins_4	8051
SKNSH_skew	[-0.2,-0.05)	Other cCREs	SINGLETON	ins_5	2573
SKNSH_skew	[-0.2,-0.05)	Other cCREs	SINGLETON	ins_6	3194
SKNSH_skew	[-0.2,-0.05)	Other cCREs	SINGLETON	ins_7	1794
SKNSH_skew	[-0.2,-0.05)	Other cCREs	SINGLETON	ins_8	4188
SKNSH_skew	[-0.2,-0.05)	Other cCREs	SINGLETON	ins_9	3592
SKNSH_skew	[-0.2,-0.05)	Other cCREs	ULTRARARE	del_1	37248
SKNSH_skew	[-0.2,-0.05)	Other cCREs	ULTRARARE	del_10plus	8377
SKNSH_skew	[-0.2,-0.05)	Other cCREs	ULTRARARE	del_2	12293
SKNSH_skew	[-0.2,-0.05)	Other cCREs	ULTRARARE	del_3	17898
SKNSH_skew	[-0.2,-0.05)	Other cCREs	ULTRARARE	del_4	10927
SKNSH_skew	[-0.2,-0.05)	Other cCREs	ULTRARARE	del_5	6036
SKNSH_skew	[-0.2,-0.05)	Other cCREs	ULTRARARE	del_6	2907
SKNSH_skew	[-0.2,-0.05)	Other cCREs	ULTRARARE	del_7	2497
SKNSH_skew	[-0.2,-0.05)	Other cCREs	ULTRARARE	del_8	1951
SKNSH_skew	[-0.2,-0.05)	Other cCREs	ULTRARARE	del_9	713
SKNSH_skew	[-0.2,-0.05)	Other cCREs	ULTRARARE	ins_1	13581
SKNSH_skew	[-0.2,-0.05)	Other cCREs	ULTRARARE	ins_10plus	12719
SKNSH_skew	[-0.2,-0.05)	Other cCREs	ULTRARARE	ins_2	5277
SKNSH_skew	[-0.2,-0.05)	Other cCREs	ULTRARARE	ins_3	2497
SKNSH_skew	[-0.2,-0.05)	Other cCREs	ULTRARARE	ins_4	5729
SKNSH_skew	[-0.2,-0.05)	Other cCREs	ULTRARARE	ins_5	1808
SKNSH_skew	[-0.2,-0.05)	Other cCREs	ULTRARARE	ins_6	2412
SKNSH_skew	[-0.2,-0.05)	Other cCREs	ULTRARARE	ins_7	1240
SKNSH_skew	[-0.2,-0.05)	Other cCREs	ULTRARARE	ins_8	3267
SKNSH_skew	[-0.2,-0.05)	Other cCREs	ULTRARARE	ins_9	2581
SKNSH_skew	[-0.2,-0.05)	PLS	COMMON	del_1	290
SKNSH_skew	[-0.2,-0.05)	PLS	COMMON	del_10plus	60
SKNSH_skew	[-0.2,-0.05)	PLS	COMMON	del_2	65
SKNSH_skew	[-0.2,-0.05)	PLS	COMMON	del_3	50
SKNSH_skew	[-0.2,-0.05)	PLS	COMMON	del_4	16
SKNSH_skew	[-0.2,-0.05)	PLS	COMMON	del_5	16
SKNSH_skew	[-0.2,-0.05)	PLS	COMMON	del_6	20
SKNSH_skew	[-0.2,-0.05)	PLS	COMMON	del_7	9
SKNSH_skew	[-0.2,-0.05)	PLS	COMMON	del_8	9
SKNSH_skew	[-0.2,-0.05)	PLS	COMMON	del_9	8
SKNSH_skew	[-0.2,-0.05)	PLS	COMMON	ins_1	158
SKNSH_skew	[-0.2,-0.05)	PLS	COMMON	ins_10plus	147
SKNSH_skew	[-0.2,-0.05)	PLS	COMMON	ins_2	126
SKNSH_skew	[-0.2,-0.05)	PLS	COMMON	ins_3	72
SKNSH_skew	[-0.2,-0.05)	PLS	COMMON	ins_4	115
SKNSH_skew	[-0.2,-0.05)	PLS	COMMON	ins_5	42
SKNSH_skew	[-0.2,-0.05)	PLS	COMMON	ins_6	69
SKNSH_skew	[-0.2,-0.05)	PLS	COMMON	ins_7	20
SKNSH_skew	[-0.2,-0.05)	PLS	COMMON	ins_8	48
SKNSH_skew	[-0.2,-0.05)	PLS	COMMON	ins_9	40
SKNSH_skew	[-0.2,-0.05)	PLS	LOW_FREQ	del_1	281
SKNSH_skew	[-0.2,-0.05)	PLS	LOW_FREQ	del_10plus	86
SKNSH_skew	[-0.2,-0.05)	PLS	LOW_FREQ	del_2	72
SKNSH_skew	[-0.2,-0.05)	PLS	LOW_FREQ	del_3	63
SKNSH_skew	[-0.2,-0.05)	PLS	LOW_FREQ	del_4	34
SKNSH_skew	[-0.2,-0.05)	PLS	LOW_FREQ	del_5	23
SKNSH_skew	[-0.2,-0.05)	PLS	LOW_FREQ	del_6	20
SKNSH_skew	[-0.2,-0.05)	PLS	LOW_FREQ	del_7	17
SKNSH_skew	[-0.2,-0.05)	PLS	LOW_FREQ	del_8	14
SKNSH_skew	[-0.2,-0.05)	PLS	LOW_FREQ	del_9	14
SKNSH_skew	[-0.2,-0.05)	PLS	LOW_FREQ	ins_1	188
SKNSH_skew	[-0.2,-0.05)	PLS	LOW_FREQ	ins_10plus	254
SKNSH_skew	[-0.2,-0.05)	PLS	LOW_FREQ	ins_2	115
SKNSH_skew	[-0.2,-0.05)	PLS	LOW_FREQ	ins_3	76
SKNSH_skew	[-0.2,-0.05)	PLS	LOW_FREQ	ins_4	117
SKNSH_skew	[-0.2,-0.05)	PLS	LOW_FREQ	ins_5	65
SKNSH_skew	[-0.2,-0.05)	PLS	LOW_FREQ	ins_6	78
SKNSH_skew	[-0.2,-0.05)	PLS	LOW_FREQ	ins_7	30
SKNSH_skew	[-0.2,-0.05)	PLS	LOW_FREQ	ins_8	52
SKNSH_skew	[-0.2,-0.05)	PLS	LOW_FREQ	ins_9	55
SKNSH_skew	[-0.2,-0.05)	PLS	RARE	del_1	696
SKNSH_skew	[-0.2,-0.05)	PLS	RARE	del_10plus	203
SKNSH_skew	[-0.2,-0.05)	PLS	RARE	del_2	124
SKNSH_skew	[-0.2,-0.05)	PLS	RARE	del_3	133
SKNSH_skew	[-0.2,-0.05)	PLS	RARE	del_4	78
SKNSH_skew	[-0.2,-0.05)	PLS	RARE	del_5	60
SKNSH_skew	[-0.2,-0.05)	PLS	RARE	del_6	61
SKNSH_skew	[-0.2,-0.05)	PLS	RARE	del_7	41
SKNSH_skew	[-0.2,-0.05)	PLS	RARE	del_8	38
SKNSH_skew	[-0.2,-0.05)	PLS	RARE	del_9	23
SKNSH_skew	[-0.2,-0.05)	PLS	RARE	ins_1	507
SKNSH_skew	[-0.2,-0.05)	PLS	RARE	ins_10plus	562
SKNSH_skew	[-0.2,-0.05)	PLS	RARE	ins_2	211
SKNSH_skew	[-0.2,-0.05)	PLS	RARE	ins_3	145
SKNSH_skew	[-0.2,-0.05)	PLS	RARE	ins_4	213
SKNSH_skew	[-0.2,-0.05)	PLS	RARE	ins_5	152
SKNSH_skew	[-0.2,-0.05)	PLS	RARE	ins_6	155
SKNSH_skew	[-0.2,-0.05)	PLS	RARE	ins_7	78
SKNSH_skew	[-0.2,-0.05)	PLS	RARE	ins_8	119
SKNSH_skew	[-0.2,-0.05)	PLS	RARE	ins_9	109
SKNSH_skew	[-0.2,-0.05)	PLS	SINGLETON	del_1	5500
SKNSH_skew	[-0.2,-0.05)	PLS	SINGLETON	del_10plus	869
SKNSH_skew	[-0.2,-0.05)	PLS	SINGLETON	del_2	943
SKNSH_skew	[-0.2,-0.05)	PLS	SINGLETON	del_3	936
SKNSH_skew	[-0.2,-0.05)	PLS	SINGLETON	del_4	436
SKNSH_skew	[-0.2,-0.05)	PLS	SINGLETON	del_5	304
SKNSH_skew	[-0.2,-0.05)	PLS	SINGLETON	del_6	230
SKNSH_skew	[-0.2,-0.05)	PLS	SINGLETON	del_7	210
SKNSH_skew	[-0.2,-0.05)	PLS	SINGLETON	del_8	151
SKNSH_skew	[-0.2,-0.05)	PLS	SINGLETON	del_9	97
SKNSH_skew	[-0.2,-0.05)	PLS	SINGLETON	ins_1	3248
SKNSH_skew	[-0.2,-0.05)	PLS	SINGLETON	ins_10plus	1949
SKNSH_skew	[-0.2,-0.05)	PLS	SINGLETON	ins_2	1038
SKNSH_skew	[-0.2,-0.05)	PLS	SINGLETON	ins_3	651
SKNSH_skew	[-0.2,-0.05)	PLS	SINGLETON	ins_4	897
SKNSH_skew	[-0.2,-0.05)	PLS	SINGLETON	ins_5	500
SKNSH_skew	[-0.2,-0.05)	PLS	SINGLETON	ins_6	610
SKNSH_skew	[-0.2,-0.05)	PLS	SINGLETON	ins_7	356
SKNSH_skew	[-0.2,-0.05)	PLS	SINGLETON	ins_8	344
SKNSH_skew	[-0.2,-0.05)	PLS	SINGLETON	ins_9	356
SKNSH_skew	[-0.2,-0.05)	PLS	ULTRARARE	del_1	3471
SKNSH_skew	[-0.2,-0.05)	PLS	ULTRARARE	del_10plus	668
SKNSH_skew	[-0.2,-0.05)	PLS	ULTRARARE	del_2	697
SKNSH_skew	[-0.2,-0.05)	PLS	ULTRARARE	del_3	670
SKNSH_skew	[-0.2,-0.05)	PLS	ULTRARARE	del_4	338
SKNSH_skew	[-0.2,-0.05)	PLS	ULTRARARE	del_5	221
SKNSH_skew	[-0.2,-0.05)	PLS	ULTRARARE	del_6	183
SKNSH_skew	[-0.2,-0.05)	PLS	ULTRARARE	del_7	126
SKNSH_skew	[-0.2,-0.05)	PLS	ULTRARARE	del_8	122
SKNSH_skew	[-0.2,-0.05)	PLS	ULTRARARE	del_9	82
SKNSH_skew	[-0.2,-0.05)	PLS	ULTRARARE	ins_1	2331
SKNSH_skew	[-0.2,-0.05)	PLS	ULTRARARE	ins_10plus	1648
SKNSH_skew	[-0.2,-0.05)	PLS	ULTRARARE	ins_2	758
SKNSH_skew	[-0.2,-0.05)	PLS	ULTRARARE	ins_3	494
SKNSH_skew	[-0.2,-0.05)	PLS	ULTRARARE	ins_4	672
SKNSH_skew	[-0.2,-0.05)	PLS	ULTRARARE	ins_5	430
SKNSH_skew	[-0.2,-0.05)	PLS	ULTRARARE	ins_6	529
SKNSH_skew	[-0.2,-0.05)	PLS	ULTRARARE	ins_7	240
SKNSH_skew	[-0.2,-0.05)	PLS	ULTRARARE	ins_8	320
SKNSH_skew	[-0.2,-0.05)	PLS	ULTRARARE	ins_9	359
SKNSH_skew	[-0.2,-0.05)	dELS	COMMON	del_1	10827
SKNSH_skew	[-0.2,-0.05)	dELS	COMMON	del_10plus	2273
SKNSH_skew	[-0.2,-0.05)	dELS	COMMON	del_2	2522
SKNSH_skew	[-0.2,-0.05)	dELS	COMMON	del_3	2922
SKNSH_skew	[-0.2,-0.05)	dELS	COMMON	del_4	1399
SKNSH_skew	[-0.2,-0.05)	dELS	COMMON	del_5	886
SKNSH_skew	[-0.2,-0.05)	dELS	COMMON	del_6	633
SKNSH_skew	[-0.2,-0.05)	dELS	COMMON	del_7	516
SKNSH_skew	[-0.2,-0.05)	dELS	COMMON	del_8	526
SKNSH_skew	[-0.2,-0.05)	dELS	COMMON	del_9	154
SKNSH_skew	[-0.2,-0.05)	dELS	COMMON	ins_1	3428
SKNSH_skew	[-0.2,-0.05)	dELS	COMMON	ins_10plus	5314
SKNSH_skew	[-0.2,-0.05)	dELS	COMMON	ins_2	1944
SKNSH_skew	[-0.2,-0.05)	dELS	COMMON	ins_3	760
SKNSH_skew	[-0.2,-0.05)	dELS	COMMON	ins_4	3044
SKNSH_skew	[-0.2,-0.05)	dELS	COMMON	ins_5	524
SKNSH_skew	[-0.2,-0.05)	dELS	COMMON	ins_6	1186
SKNSH_skew	[-0.2,-0.05)	dELS	COMMON	ins_7	313
SKNSH_skew	[-0.2,-0.05)	dELS	COMMON	ins_8	1651
SKNSH_skew	[-0.2,-0.05)	dELS	COMMON	ins_9	552
SKNSH_skew	[-0.2,-0.05)	dELS	LOW_FREQ	del_1	10442
SKNSH_skew	[-0.2,-0.05)	dELS	LOW_FREQ	del_10plus	2886
SKNSH_skew	[-0.2,-0.05)	dELS	LOW_FREQ	del_2	2904
SKNSH_skew	[-0.2,-0.05)	dELS	LOW_FREQ	del_3	3479
SKNSH_skew	[-0.2,-0.05)	dELS	LOW_FREQ	del_4	1845
SKNSH_skew	[-0.2,-0.05)	dELS	LOW_FREQ	del_5	1137
SKNSH_skew	[-0.2,-0.05)	dELS	LOW_FREQ	del_6	724
SKNSH_skew	[-0.2,-0.05)	dELS	LOW_FREQ	del_7	677
SKNSH_skew	[-0.2,-0.05)	dELS	LOW_FREQ	del_8	612
SKNSH_skew	[-0.2,-0.05)	dELS	LOW_FREQ	del_9	199
SKNSH_skew	[-0.2,-0.05)	dELS	LOW_FREQ	ins_1	3466
SKNSH_skew	[-0.2,-0.05)	dELS	LOW_FREQ	ins_10plus	6906
SKNSH_skew	[-0.2,-0.05)	dELS	LOW_FREQ	ins_2	1796
SKNSH_skew	[-0.2,-0.05)	dELS	LOW_FREQ	ins_3	792
SKNSH_skew	[-0.2,-0.05)	dELS	LOW_FREQ	ins_4	2578
SKNSH_skew	[-0.2,-0.05)	dELS	LOW_FREQ	ins_5	600
SKNSH_skew	[-0.2,-0.05)	dELS	LOW_FREQ	ins_6	1264
SKNSH_skew	[-0.2,-0.05)	dELS	LOW_FREQ	ins_7	327
SKNSH_skew	[-0.2,-0.05)	dELS	LOW_FREQ	ins_8	1656
SKNSH_skew	[-0.2,-0.05)	dELS	LOW_FREQ	ins_9	746
SKNSH_skew	[-0.2,-0.05)	dELS	RARE	del_1	20152
SKNSH_skew	[-0.2,-0.05)	dELS	RARE	del_10plus	5873
SKNSH_skew	[-0.2,-0.05)	dELS	RARE	del_2	7334
SKNSH_skew	[-0.2,-0.05)	dELS	RARE	del_3	8697
SKNSH_skew	[-0.2,-0.05)	dELS	RARE	del_4	4627
SKNSH_skew	[-0.2,-0.05)	dELS	RARE	del_5	2757
SKNSH_skew	[-0.2,-0.05)	dELS	RARE	del_6	1760
SKNSH_skew	[-0.2,-0.05)	dELS	RARE	del_7	1755
SKNSH_skew	[-0.2,-0.05)	dELS	RARE	del_8	1336
SKNSH_skew	[-0.2,-0.05)	dELS	RARE	del_9	461
SKNSH_skew	[-0.2,-0.05)	dELS	RARE	ins_1	7887
SKNSH_skew	[-0.2,-0.05)	dELS	RARE	ins_10plus	11152
SKNSH_skew	[-0.2,-0.05)	dELS	RARE	ins_2	3576
SKNSH_skew	[-0.2,-0.05)	dELS	RARE	ins_3	1598
SKNSH_skew	[-0.2,-0.05)	dELS	RARE	ins_4	4425
SKNSH_skew	[-0.2,-0.05)	dELS	RARE	ins_5	1305
SKNSH_skew	[-0.2,-0.05)	dELS	RARE	ins_6	2046
SKNSH_skew	[-0.2,-0.05)	dELS	RARE	ins_7	767
SKNSH_skew	[-0.2,-0.05)	dELS	RARE	ins_8	2411
SKNSH_skew	[-0.2,-0.05)	dELS	RARE	ins_9	1698
SKNSH_skew	[-0.2,-0.05)	dELS	SINGLETON	del_1	169937
SKNSH_skew	[-0.2,-0.05)	dELS	SINGLETON	del_10plus	21575
SKNSH_skew	[-0.2,-0.05)	dELS	SINGLETON	del_2	44174
SKNSH_skew	[-0.2,-0.05)	dELS	SINGLETON	del_3	53220
SKNSH_skew	[-0.2,-0.05)	dELS	SINGLETON	del_4	29057
SKNSH_skew	[-0.2,-0.05)	dELS	SINGLETON	del_5	17786
SKNSH_skew	[-0.2,-0.05)	dELS	SINGLETON	del_6	9233
SKNSH_skew	[-0.2,-0.05)	dELS	SINGLETON	del_7	8000
SKNSH_skew	[-0.2,-0.05)	dELS	SINGLETON	del_8	5283
SKNSH_skew	[-0.2,-0.05)	dELS	SINGLETON	del_9	2618
SKNSH_skew	[-0.2,-0.05)	dELS	SINGLETON	ins_1	66586
SKNSH_skew	[-0.2,-0.05)	dELS	SINGLETON	ins_10plus	32871
SKNSH_skew	[-0.2,-0.05)	dELS	SINGLETON	ins_2	23031
SKNSH_skew	[-0.2,-0.05)	dELS	SINGLETON	ins_3	10483
SKNSH_skew	[-0.2,-0.05)	dELS	SINGLETON	ins_4	21611
SKNSH_skew	[-0.2,-0.05)	dELS	SINGLETON	ins_5	7074
SKNSH_skew	[-0.2,-0.05)	dELS	SINGLETON	ins_6	8571
SKNSH_skew	[-0.2,-0.05)	dELS	SINGLETON	ins_7	4653
SKNSH_skew	[-0.2,-0.05)	dELS	SINGLETON	ins_8	9188
SKNSH_skew	[-0.2,-0.05)	dELS	SINGLETON	ins_9	7939
SKNSH_skew	[-0.2,-0.05)	dELS	ULTRARARE	del_1	101202
SKNSH_skew	[-0.2,-0.05)	dELS	ULTRARARE	del_10plus	17698
SKNSH_skew	[-0.2,-0.05)	dELS	ULTRARARE	del_2	31386
SKNSH_skew	[-0.2,-0.05)	dELS	ULTRARARE	del_3	42104
SKNSH_skew	[-0.2,-0.05)	dELS	ULTRARARE	del_4	23920
SKNSH_skew	[-0.2,-0.05)	dELS	ULTRARARE	del_5	13188
SKNSH_skew	[-0.2,-0.05)	dELS	ULTRARARE	del_6	6970
SKNSH_skew	[-0.2,-0.05)	dELS	ULTRARARE	del_7	6038
SKNSH_skew	[-0.2,-0.05)	dELS	ULTRARARE	del_8	4415
SKNSH_skew	[-0.2,-0.05)	dELS	ULTRARARE	del_9	1970
SKNSH_skew	[-0.2,-0.05)	dELS	ULTRARARE	ins_1	40777
SKNSH_skew	[-0.2,-0.05)	dELS	ULTRARARE	ins_10plus	25913
SKNSH_skew	[-0.2,-0.05)	dELS	ULTRARARE	ins_2	14687
SKNSH_skew	[-0.2,-0.05)	dELS	ULTRARARE	ins_3	6662
SKNSH_skew	[-0.2,-0.05)	dELS	ULTRARARE	ins_4	14662
SKNSH_skew	[-0.2,-0.05)	dELS	ULTRARARE	ins_5	4734
SKNSH_skew	[-0.2,-0.05)	dELS	ULTRARARE	ins_6	6312
SKNSH_skew	[-0.2,-0.05)	dELS	ULTRARARE	ins_7	3084
SKNSH_skew	[-0.2,-0.05)	dELS	ULTRARARE	ins_8	6573
SKNSH_skew	[-0.2,-0.05)	dELS	ULTRARARE	ins_9	5515
SKNSH_skew	[-0.2,-0.05)	non-cCRE	COMMON	del_1	59253
SKNSH_skew	[-0.2,-0.05)	non-cCRE	COMMON	del_10plus	19400
SKNSH_skew	[-0.2,-0.05)	non-cCRE	COMMON	del_2	18132
SKNSH_skew	[-0.2,-0.05)	non-cCRE	COMMON	del_3	22914
SKNSH_skew	[-0.2,-0.05)	non-cCRE	COMMON	del_4	12336
SKNSH_skew	[-0.2,-0.05)	non-cCRE	COMMON	del_5	9050
SKNSH_skew	[-0.2,-0.05)	non-cCRE	COMMON	del_6	4457
SKNSH_skew	[-0.2,-0.05)	non-cCRE	COMMON	del_7	3535
SKNSH_skew	[-0.2,-0.05)	non-cCRE	COMMON	del_8	2983
SKNSH_skew	[-0.2,-0.05)	non-cCRE	COMMON	del_9	957
SKNSH_skew	[-0.2,-0.05)	non-cCRE	COMMON	ins_1	16306
SKNSH_skew	[-0.2,-0.05)	non-cCRE	COMMON	ins_10plus	31953
SKNSH_skew	[-0.2,-0.05)	non-cCRE	COMMON	ins_2	8071
SKNSH_skew	[-0.2,-0.05)	non-cCRE	COMMON	ins_3	3949
SKNSH_skew	[-0.2,-0.05)	non-cCRE	COMMON	ins_4	13131
SKNSH_skew	[-0.2,-0.05)	non-cCRE	COMMON	ins_5	2991
SKNSH_skew	[-0.2,-0.05)	non-cCRE	COMMON	ins_6	4592
SKNSH_skew	[-0.2,-0.05)	non-cCRE	COMMON	ins_7	1613
SKNSH_skew	[-0.2,-0.05)	non-cCRE	COMMON	ins_8	9014
SKNSH_skew	[-0.2,-0.05)	non-cCRE	COMMON	ins_9	4151
SKNSH_skew	[-0.2,-0.05)	non-cCRE	LOW_FREQ	del_1	51221
SKNSH_skew	[-0.2,-0.05)	non-cCRE	LOW_FREQ	del_10plus	22279
SKNSH_skew	[-0.2,-0.05)	non-cCRE	LOW_FREQ	del_2	18801
SKNSH_skew	[-0.2,-0.05)	non-cCRE	LOW_FREQ	del_3	25674
SKNSH_skew	[-0.2,-0.05)	non-cCRE	LOW_FREQ	del_4	15459
SKNSH_skew	[-0.2,-0.05)	non-cCRE	LOW_FREQ	del_5	11265
SKNSH_skew	[-0.2,-0.05)	non-cCRE	LOW_FREQ	del_6	5454
SKNSH_skew	[-0.2,-0.05)	non-cCRE	LOW_FREQ	del_7	5073
SKNSH_skew	[-0.2,-0.05)	non-cCRE	LOW_FREQ	del_8	3611
SKNSH_skew	[-0.2,-0.05)	non-cCRE	LOW_FREQ	del_9	1194
SKNSH_skew	[-0.2,-0.05)	non-cCRE	LOW_FREQ	ins_1	15457
SKNSH_skew	[-0.2,-0.05)	non-cCRE	LOW_FREQ	ins_10plus	45167
SKNSH_skew	[-0.2,-0.05)	non-cCRE	LOW_FREQ	ins_2	7693
SKNSH_skew	[-0.2,-0.05)	non-cCRE	LOW_FREQ	ins_3	4196
SKNSH_skew	[-0.2,-0.05)	non-cCRE	LOW_FREQ	ins_4	12341
SKNSH_skew	[-0.2,-0.05)	non-cCRE	LOW_FREQ	ins_5	3964
SKNSH_skew	[-0.2,-0.05)	non-cCRE	LOW_FREQ	ins_6	5626
SKNSH_skew	[-0.2,-0.05)	non-cCRE	LOW_FREQ	ins_7	2138
SKNSH_skew	[-0.2,-0.05)	non-cCRE	LOW_FREQ	ins_8	9334
SKNSH_skew	[-0.2,-0.05)	non-cCRE	LOW_FREQ	ins_9	6207
SKNSH_skew	[-0.2,-0.05)	non-cCRE	RARE	del_1	91899
SKNSH_skew	[-0.2,-0.05)	non-cCRE	RARE	del_10plus	43923
SKNSH_skew	[-0.2,-0.05)	non-cCRE	RARE	del_2	45517
SKNSH_skew	[-0.2,-0.05)	non-cCRE	RARE	del_3	61247
SKNSH_skew	[-0.2,-0.05)	non-cCRE	RARE	del_4	38417
SKNSH_skew	[-0.2,-0.05)	non-cCRE	RARE	del_5	27071
SKNSH_skew	[-0.2,-0.05)	non-cCRE	RARE	del_6	12710
SKNSH_skew	[-0.2,-0.05)	non-cCRE	RARE	del_7	12092
SKNSH_skew	[-0.2,-0.05)	non-cCRE	RARE	del_8	8443
SKNSH_skew	[-0.2,-0.05)	non-cCRE	RARE	del_9	3135
SKNSH_skew	[-0.2,-0.05)	non-cCRE	RARE	ins_1	32544
SKNSH_skew	[-0.2,-0.05)	non-cCRE	RARE	ins_10plus	79051
SKNSH_skew	[-0.2,-0.05)	non-cCRE	RARE	ins_2	14964
SKNSH_skew	[-0.2,-0.05)	non-cCRE	RARE	ins_3	7779
SKNSH_skew	[-0.2,-0.05)	non-cCRE	RARE	ins_4	22145
SKNSH_skew	[-0.2,-0.05)	non-cCRE	RARE	ins_5	8258
SKNSH_skew	[-0.2,-0.05)	non-cCRE	RARE	ins_6	10844
SKNSH_skew	[-0.2,-0.05)	non-cCRE	RARE	ins_7	4908
SKNSH_skew	[-0.2,-0.05)	non-cCRE	RARE	ins_8	14904
SKNSH_skew	[-0.2,-0.05)	non-cCRE	RARE	ins_9	12895
SKNSH_skew	[-0.2,-0.05)	non-cCRE	SINGLETON	del_1	657605
SKNSH_skew	[-0.2,-0.05)	non-cCRE	SINGLETON	del_10plus	139681
SKNSH_skew	[-0.2,-0.05)	non-cCRE	SINGLETON	del_2	225429
SKNSH_skew	[-0.2,-0.05)	non-cCRE	SINGLETON	del_3	334639
SKNSH_skew	[-0.2,-0.05)	non-cCRE	SINGLETON	del_4	214665
SKNSH_skew	[-0.2,-0.05)	non-cCRE	SINGLETON	del_5	154483
SKNSH_skew	[-0.2,-0.05)	non-cCRE	SINGLETON	del_6	66945
SKNSH_skew	[-0.2,-0.05)	non-cCRE	SINGLETON	del_7	48446
SKNSH_skew	[-0.2,-0.05)	non-cCRE	SINGLETON	del_8	31588
SKNSH_skew	[-0.2,-0.05)	non-cCRE	SINGLETON	del_9	15364
SKNSH_skew	[-0.2,-0.05)	non-cCRE	SINGLETON	ins_1	226149
SKNSH_skew	[-0.2,-0.05)	non-cCRE	SINGLETON	ins_10plus	192819
SKNSH_skew	[-0.2,-0.05)	non-cCRE	SINGLETON	ins_2	81947
SKNSH_skew	[-0.2,-0.05)	non-cCRE	SINGLETON	ins_3	38574
SKNSH_skew	[-0.2,-0.05)	non-cCRE	SINGLETON	ins_4	80787
SKNSH_skew	[-0.2,-0.05)	non-cCRE	SINGLETON	ins_5	30926
SKNSH_skew	[-0.2,-0.05)	non-cCRE	SINGLETON	ins_6	35792
SKNSH_skew	[-0.2,-0.05)	non-cCRE	SINGLETON	ins_7	20950
SKNSH_skew	[-0.2,-0.05)	non-cCRE	SINGLETON	ins_8	47790
SKNSH_skew	[-0.2,-0.05)	non-cCRE	SINGLETON	ins_9	45275
SKNSH_skew	[-0.2,-0.05)	non-cCRE	ULTRARARE	del_1	408708
SKNSH_skew	[-0.2,-0.05)	non-cCRE	ULTRARARE	del_10plus	120473
SKNSH_skew	[-0.2,-0.05)	non-cCRE	ULTRARARE	del_2	170460
SKNSH_skew	[-0.2,-0.05)	non-cCRE	ULTRARARE	del_3	278437
SKNSH_skew	[-0.2,-0.05)	non-cCRE	ULTRARARE	del_4	189320
SKNSH_skew	[-0.2,-0.05)	non-cCRE	ULTRARARE	del_5	126253
SKNSH_skew	[-0.2,-0.05)	non-cCRE	ULTRARARE	del_6	51406
SKNSH_skew	[-0.2,-0.05)	non-cCRE	ULTRARARE	del_7	39837
SKNSH_skew	[-0.2,-0.05)	non-cCRE	ULTRARARE	del_8	26578
SKNSH_skew	[-0.2,-0.05)	non-cCRE	ULTRARARE	del_9	11632
SKNSH_skew	[-0.2,-0.05)	non-cCRE	ULTRARARE	ins_1	147171
SKNSH_skew	[-0.2,-0.05)	non-cCRE	ULTRARARE	ins_10plus	163884
SKNSH_skew	[-0.2,-0.05)	non-cCRE	ULTRARARE	ins_2	55049
SKNSH_skew	[-0.2,-0.05)	non-cCRE	ULTRARARE	ins_3	26321
SKNSH_skew	[-0.2,-0.05)	non-cCRE	ULTRARARE	ins_4	61596
SKNSH_skew	[-0.2,-0.05)	non-cCRE	ULTRARARE	ins_5	23093
SKNSH_skew	[-0.2,-0.05)	non-cCRE	ULTRARARE	ins_6	28456
SKNSH_skew	[-0.2,-0.05)	non-cCRE	ULTRARARE	ins_7	15018
SKNSH_skew	[-0.2,-0.05)	non-cCRE	ULTRARARE	ins_8	36647
SKNSH_skew	[-0.2,-0.05)	non-cCRE	ULTRARARE	ins_9	34051
SKNSH_skew	[-0.2,-0.05)	pELS	COMMON	del_1	1732
SKNSH_skew	[-0.2,-0.05)	pELS	COMMON	del_10plus	333
SKNSH_skew	[-0.2,-0.05)	pELS	COMMON	del_2	381
SKNSH_skew	[-0.2,-0.05)	pELS	COMMON	del_3	426
SKNSH_skew	[-0.2,-0.05)	pELS	COMMON	del_4	231
SKNSH_skew	[-0.2,-0.05)	pELS	COMMON	del_5	120
SKNSH_skew	[-0.2,-0.05)	pELS	COMMON	del_6	98
SKNSH_skew	[-0.2,-0.05)	pELS	COMMON	del_7	97
SKNSH_skew	[-0.2,-0.05)	pELS	COMMON	del_8	107
SKNSH_skew	[-0.2,-0.05)	pELS	COMMON	del_9	27
SKNSH_skew	[-0.2,-0.05)	pELS	COMMON	ins_1	651
SKNSH_skew	[-0.2,-0.05)	pELS	COMMON	ins_10plus	883
SKNSH_skew	[-0.2,-0.05)	pELS	COMMON	ins_2	344
SKNSH_skew	[-0.2,-0.05)	pELS	COMMON	ins_3	173
SKNSH_skew	[-0.2,-0.05)	pELS	COMMON	ins_4	624
SKNSH_skew	[-0.2,-0.05)	pELS	COMMON	ins_5	113
SKNSH_skew	[-0.2,-0.05)	pELS	COMMON	ins_6	283
SKNSH_skew	[-0.2,-0.05)	pELS	COMMON	ins_7	61
SKNSH_skew	[-0.2,-0.05)	pELS	COMMON	ins_8	313
SKNSH_skew	[-0.2,-0.05)	pELS	COMMON	ins_9	101
SKNSH_skew	[-0.2,-0.05)	pELS	LOW_FREQ	del_1	1678
SKNSH_skew	[-0.2,-0.05)	pELS	LOW_FREQ	del_10plus	416
SKNSH_skew	[-0.2,-0.05)	pELS	LOW_FREQ	del_2	471
SKNSH_skew	[-0.2,-0.05)	pELS	LOW_FREQ	del_3	522
SKNSH_skew	[-0.2,-0.05)	pELS	LOW_FREQ	del_4	311
SKNSH_skew	[-0.2,-0.05)	pELS	LOW_FREQ	del_5	203
SKNSH_skew	[-0.2,-0.05)	pELS	LOW_FREQ	del_6	125
SKNSH_skew	[-0.2,-0.05)	pELS	LOW_FREQ	del_7	143
SKNSH_skew	[-0.2,-0.05)	pELS	LOW_FREQ	del_8	109
SKNSH_skew	[-0.2,-0.05)	pELS	LOW_FREQ	del_9	37
SKNSH_skew	[-0.2,-0.05)	pELS	LOW_FREQ	ins_1	712
SKNSH_skew	[-0.2,-0.05)	pELS	LOW_FREQ	ins_10plus	1235
SKNSH_skew	[-0.2,-0.05)	pELS	LOW_FREQ	ins_2	369
SKNSH_skew	[-0.2,-0.05)	pELS	LOW_FREQ	ins_3	181
SKNSH_skew	[-0.2,-0.05)	pELS	LOW_FREQ	ins_4	518
SKNSH_skew	[-0.2,-0.05)	pELS	LOW_FREQ	ins_5	121
SKNSH_skew	[-0.2,-0.05)	pELS	LOW_FREQ	ins_6	237
SKNSH_skew	[-0.2,-0.05)	pELS	LOW_FREQ	ins_7	70
SKNSH_skew	[-0.2,-0.05)	pELS	LOW_FREQ	ins_8	302
SKNSH_skew	[-0.2,-0.05)	pELS	LOW_FREQ	ins_9	131
SKNSH_skew	[-0.2,-0.05)	pELS	RARE	del_1	3252
SKNSH_skew	[-0.2,-0.05)	pELS	RARE	del_10plus	972
SKNSH_skew	[-0.2,-0.05)	pELS	RARE	del_2	1120
SKNSH_skew	[-0.2,-0.05)	pELS	RARE	del_3	1341
SKNSH_skew	[-0.2,-0.05)	pELS	RARE	del_4	760
SKNSH_skew	[-0.2,-0.05)	pELS	RARE	del_5	417
SKNSH_skew	[-0.2,-0.05)	pELS	RARE	del_6	345
SKNSH_skew	[-0.2,-0.05)	pELS	RARE	del_7	291
SKNSH_skew	[-0.2,-0.05)	pELS	RARE	del_8	227
SKNSH_skew	[-0.2,-0.05)	pELS	RARE	del_9	93
SKNSH_skew	[-0.2,-0.05)	pELS	RARE	ins_1	1596
SKNSH_skew	[-0.2,-0.05)	pELS	RARE	ins_10plus	2003
SKNSH_skew	[-0.2,-0.05)	pELS	RARE	ins_2	676
SKNSH_skew	[-0.2,-0.05)	pELS	RARE	ins_3	397
SKNSH_skew	[-0.2,-0.05)	pELS	RARE	ins_4	889
SKNSH_skew	[-0.2,-0.05)	pELS	RARE	ins_5	260
SKNSH_skew	[-0.2,-0.05)	pELS	RARE	ins_6	474
SKNSH_skew	[-0.2,-0.05)	pELS	RARE	ins_7	165
SKNSH_skew	[-0.2,-0.05)	pELS	RARE	ins_8	461
SKNSH_skew	[-0.2,-0.05)	pELS	RARE	ins_9	318
SKNSH_skew	[-0.2,-0.05)	pELS	SINGLETON	del_1	26268
SKNSH_skew	[-0.2,-0.05)	pELS	SINGLETON	del_10plus	3904
SKNSH_skew	[-0.2,-0.05)	pELS	SINGLETON	del_2	6879
SKNSH_skew	[-0.2,-0.05)	pELS	SINGLETON	del_3	7906
SKNSH_skew	[-0.2,-0.05)	pELS	SINGLETON	del_4	4343
SKNSH_skew	[-0.2,-0.05)	pELS	SINGLETON	del_5	2815
SKNSH_skew	[-0.2,-0.05)	pELS	SINGLETON	del_6	1552
SKNSH_skew	[-0.2,-0.05)	pELS	SINGLETON	del_7	1391
SKNSH_skew	[-0.2,-0.05)	pELS	SINGLETON	del_8	988
SKNSH_skew	[-0.2,-0.05)	pELS	SINGLETON	del_9	438
SKNSH_skew	[-0.2,-0.05)	pELS	SINGLETON	ins_1	13061
SKNSH_skew	[-0.2,-0.05)	pELS	SINGLETON	ins_10plus	6231
SKNSH_skew	[-0.2,-0.05)	pELS	SINGLETON	ins_2	4278
SKNSH_skew	[-0.2,-0.05)	pELS	SINGLETON	ins_3	2163
SKNSH_skew	[-0.2,-0.05)	pELS	SINGLETON	ins_4	3884
SKNSH_skew	[-0.2,-0.05)	pELS	SINGLETON	ins_5	1366
SKNSH_skew	[-0.2,-0.05)	pELS	SINGLETON	ins_6	1671
SKNSH_skew	[-0.2,-0.05)	pELS	SINGLETON	ins_7	928
SKNSH_skew	[-0.2,-0.05)	pELS	SINGLETON	ins_8	1519
SKNSH_skew	[-0.2,-0.05)	pELS	SINGLETON	ins_9	1331
SKNSH_skew	[-0.2,-0.05)	pELS	ULTRARARE	del_1	15981
SKNSH_skew	[-0.2,-0.05)	pELS	ULTRARARE	del_10plus	3074
SKNSH_skew	[-0.2,-0.05)	pELS	ULTRARARE	del_2	4832
SKNSH_skew	[-0.2,-0.05)	pELS	ULTRARARE	del_3	6434
SKNSH_skew	[-0.2,-0.05)	pELS	ULTRARARE	del_4	3703
SKNSH_skew	[-0.2,-0.05)	pELS	ULTRARARE	del_5	2143
SKNSH_skew	[-0.2,-0.05)	pELS	ULTRARARE	del_6	1203
SKNSH_skew	[-0.2,-0.05)	pELS	ULTRARARE	del_7	1039
SKNSH_skew	[-0.2,-0.05)	pELS	ULTRARARE	del_8	702
SKNSH_skew	[-0.2,-0.05)	pELS	ULTRARARE	del_9	377
SKNSH_skew	[-0.2,-0.05)	pELS	ULTRARARE	ins_1	8259
SKNSH_skew	[-0.2,-0.05)	pELS	ULTRARARE	ins_10plus	4930
SKNSH_skew	[-0.2,-0.05)	pELS	ULTRARARE	ins_2	2931
SKNSH_skew	[-0.2,-0.05)	pELS	ULTRARARE	ins_3	1437
SKNSH_skew	[-0.2,-0.05)	pELS	ULTRARARE	ins_4	2774
SKNSH_skew	[-0.2,-0.05)	pELS	ULTRARARE	ins_5	906
SKNSH_skew	[-0.2,-0.05)	pELS	ULTRARARE	ins_6	1301
SKNSH_skew	[-0.2,-0.05)	pELS	ULTRARARE	ins_7	635
SKNSH_skew	[-0.2,-0.05)	pELS	ULTRARARE	ins_8	1190
SKNSH_skew	[-0.2,-0.05)	pELS	ULTRARARE	ins_9	996
SKNSH_skew	[-0.5,-0.2)	Other cCREs	COMMON	del_1	276
SKNSH_skew	[-0.5,-0.2)	Other cCREs	COMMON	del_10plus	206
SKNSH_skew	[-0.5,-0.2)	Other cCREs	COMMON	del_2	136
SKNSH_skew	[-0.5,-0.2)	Other cCREs	COMMON	del_3	99
SKNSH_skew	[-0.5,-0.2)	Other cCREs	COMMON	del_4	80
SKNSH_skew	[-0.5,-0.2)	Other cCREs	COMMON	del_5	42
SKNSH_skew	[-0.5,-0.2)	Other cCREs	COMMON	del_6	40
SKNSH_skew	[-0.5,-0.2)	Other cCREs	COMMON	del_7	22
SKNSH_skew	[-0.5,-0.2)	Other cCREs	COMMON	del_8	43
SKNSH_skew	[-0.5,-0.2)	Other cCREs	COMMON	del_9	13
SKNSH_skew	[-0.5,-0.2)	Other cCREs	COMMON	ins_1	147
SKNSH_skew	[-0.5,-0.2)	Other cCREs	COMMON	ins_10plus	420
SKNSH_skew	[-0.5,-0.2)	Other cCREs	COMMON	ins_2	82
SKNSH_skew	[-0.5,-0.2)	Other cCREs	COMMON	ins_3	30
SKNSH_skew	[-0.5,-0.2)	Other cCREs	COMMON	ins_4	63
SKNSH_skew	[-0.5,-0.2)	Other cCREs	COMMON	ins_5	9
SKNSH_skew	[-0.5,-0.2)	Other cCREs	COMMON	ins_6	25
SKNSH_skew	[-0.5,-0.2)	Other cCREs	COMMON	ins_7	12
SKNSH_skew	[-0.5,-0.2)	Other cCREs	COMMON	ins_8	38
SKNSH_skew	[-0.5,-0.2)	Other cCREs	COMMON	ins_9	33
SKNSH_skew	[-0.5,-0.2)	Other cCREs	LOW_FREQ	del_1	367
SKNSH_skew	[-0.5,-0.2)	Other cCREs	LOW_FREQ	del_10plus	213
SKNSH_skew	[-0.5,-0.2)	Other cCREs	LOW_FREQ	del_2	146
SKNSH_skew	[-0.5,-0.2)	Other cCREs	LOW_FREQ	del_3	106
SKNSH_skew	[-0.5,-0.2)	Other cCREs	LOW_FREQ	del_4	115
SKNSH_skew	[-0.5,-0.2)	Other cCREs	LOW_FREQ	del_5	48
SKNSH_skew	[-0.5,-0.2)	Other cCREs	LOW_FREQ	del_6	56
SKNSH_skew	[-0.5,-0.2)	Other cCREs	LOW_FREQ	del_7	47
SKNSH_skew	[-0.5,-0.2)	Other cCREs	LOW_FREQ	del_8	53
SKNSH_skew	[-0.5,-0.2)	Other cCREs	LOW_FREQ	del_9	14
SKNSH_skew	[-0.5,-0.2)	Other cCREs	LOW_FREQ	ins_1	171
SKNSH_skew	[-0.5,-0.2)	Other cCREs	LOW_FREQ	ins_10plus	579
SKNSH_skew	[-0.5,-0.2)	Other cCREs	LOW_FREQ	ins_2	64
SKNSH_skew	[-0.5,-0.2)	Other cCREs	LOW_FREQ	ins_3	36
SKNSH_skew	[-0.5,-0.2)	Other cCREs	LOW_FREQ	ins_4	58
SKNSH_skew	[-0.5,-0.2)	Other cCREs	LOW_FREQ	ins_5	33
SKNSH_skew	[-0.5,-0.2)	Other cCREs	LOW_FREQ	ins_6	37
SKNSH_skew	[-0.5,-0.2)	Other cCREs	LOW_FREQ	ins_7	17
SKNSH_skew	[-0.5,-0.2)	Other cCREs	LOW_FREQ	ins_8	45
SKNSH_skew	[-0.5,-0.2)	Other cCREs	LOW_FREQ	ins_9	38
SKNSH_skew	[-0.5,-0.2)	Other cCREs	RARE	del_1	907
SKNSH_skew	[-0.5,-0.2)	Other cCREs	RARE	del_10plus	619
SKNSH_skew	[-0.5,-0.2)	Other cCREs	RARE	del_2	348
SKNSH_skew	[-0.5,-0.2)	Other cCREs	RARE	del_3	319
SKNSH_skew	[-0.5,-0.2)	Other cCREs	RARE	del_4	258
SKNSH_skew	[-0.5,-0.2)	Other cCREs	RARE	del_5	108
SKNSH_skew	[-0.5,-0.2)	Other cCREs	RARE	del_6	128
SKNSH_skew	[-0.5,-0.2)	Other cCREs	RARE	del_7	106
SKNSH_skew	[-0.5,-0.2)	Other cCREs	RARE	del_8	93
SKNSH_skew	[-0.5,-0.2)	Other cCREs	RARE	del_9	45
SKNSH_skew	[-0.5,-0.2)	Other cCREs	RARE	ins_1	337
SKNSH_skew	[-0.5,-0.2)	Other cCREs	RARE	ins_10plus	1012
SKNSH_skew	[-0.5,-0.2)	Other cCREs	RARE	ins_2	163
SKNSH_skew	[-0.5,-0.2)	Other cCREs	RARE	ins_3	65
SKNSH_skew	[-0.5,-0.2)	Other cCREs	RARE	ins_4	130
SKNSH_skew	[-0.5,-0.2)	Other cCREs	RARE	ins_5	57
SKNSH_skew	[-0.5,-0.2)	Other cCREs	RARE	ins_6	48
SKNSH_skew	[-0.5,-0.2)	Other cCREs	RARE	ins_7	43
SKNSH_skew	[-0.5,-0.2)	Other cCREs	RARE	ins_8	79
SKNSH_skew	[-0.5,-0.2)	Other cCREs	RARE	ins_9	122
SKNSH_skew	[-0.5,-0.2)	Other cCREs	SINGLETON	del_1	9800
SKNSH_skew	[-0.5,-0.2)	Other cCREs	SINGLETON	del_10plus	2895
SKNSH_skew	[-0.5,-0.2)	Other cCREs	SINGLETON	del_2	2641
SKNSH_skew	[-0.5,-0.2)	Other cCREs	SINGLETON	del_3	2351
SKNSH_skew	[-0.5,-0.2)	Other cCREs	SINGLETON	del_4	1871
SKNSH_skew	[-0.5,-0.2)	Other cCREs	SINGLETON	del_5	906
SKNSH_skew	[-0.5,-0.2)	Other cCREs	SINGLETON	del_6	749
SKNSH_skew	[-0.5,-0.2)	Other cCREs	SINGLETON	del_7	614
SKNSH_skew	[-0.5,-0.2)	Other cCREs	SINGLETON	del_8	555
SKNSH_skew	[-0.5,-0.2)	Other cCREs	SINGLETON	del_9	306
SKNSH_skew	[-0.5,-0.2)	Other cCREs	SINGLETON	ins_1	3235
SKNSH_skew	[-0.5,-0.2)	Other cCREs	SINGLETON	ins_10plus	3562
SKNSH_skew	[-0.5,-0.2)	Other cCREs	SINGLETON	ins_2	1158
SKNSH_skew	[-0.5,-0.2)	Other cCREs	SINGLETON	ins_3	609
SKNSH_skew	[-0.5,-0.2)	Other cCREs	SINGLETON	ins_4	878
SKNSH_skew	[-0.5,-0.2)	Other cCREs	SINGLETON	ins_5	389
SKNSH_skew	[-0.5,-0.2)	Other cCREs	SINGLETON	ins_6	366
SKNSH_skew	[-0.5,-0.2)	Other cCREs	SINGLETON	ins_7	224
SKNSH_skew	[-0.5,-0.2)	Other cCREs	SINGLETON	ins_8	377
SKNSH_skew	[-0.5,-0.2)	Other cCREs	SINGLETON	ins_9	552
SKNSH_skew	[-0.5,-0.2)	Other cCREs	ULTRARARE	del_1	5565
SKNSH_skew	[-0.5,-0.2)	Other cCREs	ULTRARARE	del_10plus	2019
SKNSH_skew	[-0.5,-0.2)	Other cCREs	ULTRARARE	del_2	1666
SKNSH_skew	[-0.5,-0.2)	Other cCREs	ULTRARARE	del_3	1555
SKNSH_skew	[-0.5,-0.2)	Other cCREs	ULTRARARE	del_4	1378
SKNSH_skew	[-0.5,-0.2)	Other cCREs	ULTRARARE	del_5	638
SKNSH_skew	[-0.5,-0.2)	Other cCREs	ULTRARARE	del_6	492
SKNSH_skew	[-0.5,-0.2)	Other cCREs	ULTRARARE	del_7	419
SKNSH_skew	[-0.5,-0.2)	Other cCREs	ULTRARARE	del_8	401
SKNSH_skew	[-0.5,-0.2)	Other cCREs	ULTRARARE	del_9	192
SKNSH_skew	[-0.5,-0.2)	Other cCREs	ULTRARARE	ins_1	1870
SKNSH_skew	[-0.5,-0.2)	Other cCREs	ULTRARARE	ins_10plus	2640
SKNSH_skew	[-0.5,-0.2)	Other cCREs	ULTRARARE	ins_2	759
SKNSH_skew	[-0.5,-0.2)	Other cCREs	ULTRARARE	ins_3	350
SKNSH_skew	[-0.5,-0.2)	Other cCREs	ULTRARARE	ins_4	571
SKNSH_skew	[-0.5,-0.2)	Other cCREs	ULTRARARE	ins_5	244
SKNSH_skew	[-0.5,-0.2)	Other cCREs	ULTRARARE	ins_6	272
SKNSH_skew	[-0.5,-0.2)	Other cCREs	ULTRARARE	ins_7	139
SKNSH_skew	[-0.5,-0.2)	Other cCREs	ULTRARARE	ins_8	288
SKNSH_skew	[-0.5,-0.2)	Other cCREs	ULTRARARE	ins_9	378
SKNSH_skew	[-0.5,-0.2)	PLS	COMMON	del_1	44
SKNSH_skew	[-0.5,-0.2)	PLS	COMMON	del_10plus	25
SKNSH_skew	[-0.5,-0.2)	PLS	COMMON	del_2	4
SKNSH_skew	[-0.5,-0.2)	PLS	COMMON	del_3	10
SKNSH_skew	[-0.5,-0.2)	PLS	COMMON	del_4	6
SKNSH_skew	[-0.5,-0.2)	PLS	COMMON	del_5	4
SKNSH_skew	[-0.5,-0.2)	PLS	COMMON	del_6	4
SKNSH_skew	[-0.5,-0.2)	PLS	COMMON	del_7	4
SKNSH_skew	[-0.5,-0.2)	PLS	COMMON	del_8	4
SKNSH_skew	[-0.5,-0.2)	PLS	COMMON	del_9	1
SKNSH_skew	[-0.5,-0.2)	PLS	COMMON	ins_1	36
SKNSH_skew	[-0.5,-0.2)	PLS	COMMON	ins_10plus	70
SKNSH_skew	[-0.5,-0.2)	PLS	COMMON	ins_2	17
SKNSH_skew	[-0.5,-0.2)	PLS	COMMON	ins_3	10
SKNSH_skew	[-0.5,-0.2)	PLS	COMMON	ins_4	10
SKNSH_skew	[-0.5,-0.2)	PLS	COMMON	ins_5	5
SKNSH_skew	[-0.5,-0.2)	PLS	COMMON	ins_6	7
SKNSH_skew	[-0.5,-0.2)	PLS	COMMON	ins_7	4
SKNSH_skew	[-0.5,-0.2)	PLS	COMMON	ins_8	9
SKNSH_skew	[-0.5,-0.2)	PLS	COMMON	ins_9	11
SKNSH_skew	[-0.5,-0.2)	PLS	LOW_FREQ	del_1	68
SKNSH_skew	[-0.5,-0.2)	PLS	LOW_FREQ	del_10plus	45
SKNSH_skew	[-0.5,-0.2)	PLS	LOW_FREQ	del_2	15
SKNSH_skew	[-0.5,-0.2)	PLS	LOW_FREQ	del_3	11
SKNSH_skew	[-0.5,-0.2)	PLS	LOW_FREQ	del_4	9
SKNSH_skew	[-0.5,-0.2)	PLS	LOW_FREQ	del_5	5
SKNSH_skew	[-0.5,-0.2)	PLS	LOW_FREQ	del_6	7
SKNSH_skew	[-0.5,-0.2)	PLS	LOW_FREQ	del_7	7
SKNSH_skew	[-0.5,-0.2)	PLS	LOW_FREQ	del_8	4
SKNSH_skew	[-0.5,-0.2)	PLS	LOW_FREQ	del_9	1
SKNSH_skew	[-0.5,-0.2)	PLS	LOW_FREQ	ins_1	45
SKNSH_skew	[-0.5,-0.2)	PLS	LOW_FREQ	ins_10plus	140
SKNSH_skew	[-0.5,-0.2)	PLS	LOW_FREQ	ins_2	19
SKNSH_skew	[-0.5,-0.2)	PLS	LOW_FREQ	ins_3	11
SKNSH_skew	[-0.5,-0.2)	PLS	LOW_FREQ	ins_4	18
SKNSH_skew	[-0.5,-0.2)	PLS	LOW_FREQ	ins_5	12
SKNSH_skew	[-0.5,-0.2)	PLS	LOW_FREQ	ins_6	12
SKNSH_skew	[-0.5,-0.2)	PLS	LOW_FREQ	ins_7	7
SKNSH_skew	[-0.5,-0.2)	PLS	LOW_FREQ	ins_8	17
SKNSH_skew	[-0.5,-0.2)	PLS	LOW_FREQ	ins_9	16
SKNSH_skew	[-0.5,-0.2)	PLS	RARE	del_1	189
SKNSH_skew	[-0.5,-0.2)	PLS	RARE	del_10plus	147
SKNSH_skew	[-0.5,-0.2)	PLS	RARE	del_2	34
SKNSH_skew	[-0.5,-0.2)	PLS	RARE	del_3	31
SKNSH_skew	[-0.5,-0.2)	PLS	RARE	del_4	21
SKNSH_skew	[-0.5,-0.2)	PLS	RARE	del_5	14
SKNSH_skew	[-0.5,-0.2)	PLS	RARE	del_6	20
SKNSH_skew	[-0.5,-0.2)	PLS	RARE	del_7	9
SKNSH_skew	[-0.5,-0.2)	PLS	RARE	del_8	11
SKNSH_skew	[-0.5,-0.2)	PLS	RARE	del_9	6
SKNSH_skew	[-0.5,-0.2)	PLS	RARE	ins_1	112
SKNSH_skew	[-0.5,-0.2)	PLS	RARE	ins_10plus	301
SKNSH_skew	[-0.5,-0.2)	PLS	RARE	ins_2	32
SKNSH_skew	[-0.5,-0.2)	PLS	RARE	ins_3	17
SKNSH_skew	[-0.5,-0.2)	PLS	RARE	ins_4	27
SKNSH_skew	[-0.5,-0.2)	PLS	RARE	ins_5	16
SKNSH_skew	[-0.5,-0.2)	PLS	RARE	ins_6	13
SKNSH_skew	[-0.5,-0.2)	PLS	RARE	ins_7	14
SKNSH_skew	[-0.5,-0.2)	PLS	RARE	ins_8	22
SKNSH_skew	[-0.5,-0.2)	PLS	RARE	ins_9	55
SKNSH_skew	[-0.5,-0.2)	PLS	SINGLETON	del_1	1883
SKNSH_skew	[-0.5,-0.2)	PLS	SINGLETON	del_10plus	592
SKNSH_skew	[-0.5,-0.2)	PLS	SINGLETON	del_2	276
SKNSH_skew	[-0.5,-0.2)	PLS	SINGLETON	del_3	306
SKNSH_skew	[-0.5,-0.2)	PLS	SINGLETON	del_4	169
SKNSH_skew	[-0.5,-0.2)	PLS	SINGLETON	del_5	128
SKNSH_skew	[-0.5,-0.2)	PLS	SINGLETON	del_6	118
SKNSH_skew	[-0.5,-0.2)	PLS	SINGLETON	del_7	96
SKNSH_skew	[-0.5,-0.2)	PLS	SINGLETON	del_8	89
SKNSH_skew	[-0.5,-0.2)	PLS	SINGLETON	del_9	55
SKNSH_skew	[-0.5,-0.2)	PLS	SINGLETON	ins_1	900
SKNSH_skew	[-0.5,-0.2)	PLS	SINGLETON	ins_10plus	1245
SKNSH_skew	[-0.5,-0.2)	PLS	SINGLETON	ins_2	302
SKNSH_skew	[-0.5,-0.2)	PLS	SINGLETON	ins_3	178
SKNSH_skew	[-0.5,-0.2)	PLS	SINGLETON	ins_4	210
SKNSH_skew	[-0.5,-0.2)	PLS	SINGLETON	ins_5	105
SKNSH_skew	[-0.5,-0.2)	PLS	SINGLETON	ins_6	125
SKNSH_skew	[-0.5,-0.2)	PLS	SINGLETON	ins_7	87
SKNSH_skew	[-0.5,-0.2)	PLS	SINGLETON	ins_8	129
SKNSH_skew	[-0.5,-0.2)	PLS	SINGLETON	ins_9	207
SKNSH_skew	[-0.5,-0.2)	PLS	ULTRARARE	del_1	1154
SKNSH_skew	[-0.5,-0.2)	PLS	ULTRARARE	del_10plus	495
SKNSH_skew	[-0.5,-0.2)	PLS	ULTRARARE	del_2	226
SKNSH_skew	[-0.5,-0.2)	PLS	ULTRARARE	del_3	179
SKNSH_skew	[-0.5,-0.2)	PLS	ULTRARARE	del_4	127
SKNSH_skew	[-0.5,-0.2)	PLS	ULTRARARE	del_5	75
SKNSH_skew	[-0.5,-0.2)	PLS	ULTRARARE	del_6	72
SKNSH_skew	[-0.5,-0.2)	PLS	ULTRARARE	del_7	66
SKNSH_skew	[-0.5,-0.2)	PLS	ULTRARARE	del_8	57
SKNSH_skew	[-0.5,-0.2)	PLS	ULTRARARE	del_9	38
SKNSH_skew	[-0.5,-0.2)	PLS	ULTRARARE	ins_1	540
SKNSH_skew	[-0.5,-0.2)	PLS	ULTRARARE	ins_10plus	1038
SKNSH_skew	[-0.5,-0.2)	PLS	ULTRARARE	ins_2	209
SKNSH_skew	[-0.5,-0.2)	PLS	ULTRARARE	ins_3	116
SKNSH_skew	[-0.5,-0.2)	PLS	ULTRARARE	ins_4	130
SKNSH_skew	[-0.5,-0.2)	PLS	ULTRARARE	ins_5	82
SKNSH_skew	[-0.5,-0.2)	PLS	ULTRARARE	ins_6	94
SKNSH_skew	[-0.5,-0.2)	PLS	ULTRARARE	ins_7	54
SKNSH_skew	[-0.5,-0.2)	PLS	ULTRARARE	ins_8	79
SKNSH_skew	[-0.5,-0.2)	PLS	ULTRARARE	ins_9	147
SKNSH_skew	[-0.5,-0.2)	dELS	COMMON	del_1	818
SKNSH_skew	[-0.5,-0.2)	dELS	COMMON	del_10plus	466
SKNSH_skew	[-0.5,-0.2)	dELS	COMMON	del_2	289
SKNSH_skew	[-0.5,-0.2)	dELS	COMMON	del_3	233
SKNSH_skew	[-0.5,-0.2)	dELS	COMMON	del_4	218
SKNSH_skew	[-0.5,-0.2)	dELS	COMMON	del_5	97
SKNSH_skew	[-0.5,-0.2)	dELS	COMMON	del_6	119
SKNSH_skew	[-0.5,-0.2)	dELS	COMMON	del_7	66
SKNSH_skew	[-0.5,-0.2)	dELS	COMMON	del_8	71
SKNSH_skew	[-0.5,-0.2)	dELS	COMMON	del_9	36
SKNSH_skew	[-0.5,-0.2)	dELS	COMMON	ins_1	510
SKNSH_skew	[-0.5,-0.2)	dELS	COMMON	ins_10plus	1305
SKNSH_skew	[-0.5,-0.2)	dELS	COMMON	ins_2	228
SKNSH_skew	[-0.5,-0.2)	dELS	COMMON	ins_3	82
SKNSH_skew	[-0.5,-0.2)	dELS	COMMON	ins_4	150
SKNSH_skew	[-0.5,-0.2)	dELS	COMMON	ins_5	54
SKNSH_skew	[-0.5,-0.2)	dELS	COMMON	ins_6	72
SKNSH_skew	[-0.5,-0.2)	dELS	COMMON	ins_7	30
SKNSH_skew	[-0.5,-0.2)	dELS	COMMON	ins_8	93
SKNSH_skew	[-0.5,-0.2)	dELS	COMMON	ins_9	107
SKNSH_skew	[-0.5,-0.2)	dELS	LOW_FREQ	del_1	1006
SKNSH_skew	[-0.5,-0.2)	dELS	LOW_FREQ	del_10plus	571
SKNSH_skew	[-0.5,-0.2)	dELS	LOW_FREQ	del_2	360
SKNSH_skew	[-0.5,-0.2)	dELS	LOW_FREQ	del_3	288
SKNSH_skew	[-0.5,-0.2)	dELS	LOW_FREQ	del_4	297
SKNSH_skew	[-0.5,-0.2)	dELS	LOW_FREQ	del_5	119
SKNSH_skew	[-0.5,-0.2)	dELS	LOW_FREQ	del_6	124
SKNSH_skew	[-0.5,-0.2)	dELS	LOW_FREQ	del_7	78
SKNSH_skew	[-0.5,-0.2)	dELS	LOW_FREQ	del_8	98
SKNSH_skew	[-0.5,-0.2)	dELS	LOW_FREQ	del_9	39
SKNSH_skew	[-0.5,-0.2)	dELS	LOW_FREQ	ins_1	482
SKNSH_skew	[-0.5,-0.2)	dELS	LOW_FREQ	ins_10plus	1634
SKNSH_skew	[-0.5,-0.2)	dELS	LOW_FREQ	ins_2	199
SKNSH_skew	[-0.5,-0.2)	dELS	LOW_FREQ	ins_3	90
SKNSH_skew	[-0.5,-0.2)	dELS	LOW_FREQ	ins_4	154
SKNSH_skew	[-0.5,-0.2)	dELS	LOW_FREQ	ins_5	61
SKNSH_skew	[-0.5,-0.2)	dELS	LOW_FREQ	ins_6	91
SKNSH_skew	[-0.5,-0.2)	dELS	LOW_FREQ	ins_7	48
SKNSH_skew	[-0.5,-0.2)	dELS	LOW_FREQ	ins_8	114
SKNSH_skew	[-0.5,-0.2)	dELS	LOW_FREQ	ins_9	95
SKNSH_skew	[-0.5,-0.2)	dELS	RARE	del_1	2696
SKNSH_skew	[-0.5,-0.2)	dELS	RARE	del_10plus	1412
SKNSH_skew	[-0.5,-0.2)	dELS	RARE	del_2	922
SKNSH_skew	[-0.5,-0.2)	dELS	RARE	del_3	853
SKNSH_skew	[-0.5,-0.2)	dELS	RARE	del_4	708
SKNSH_skew	[-0.5,-0.2)	dELS	RARE	del_5	325
SKNSH_skew	[-0.5,-0.2)	dELS	RARE	del_6	314
SKNSH_skew	[-0.5,-0.2)	dELS	RARE	del_7	262
SKNSH_skew	[-0.5,-0.2)	dELS	RARE	del_8	239
SKNSH_skew	[-0.5,-0.2)	dELS	RARE	del_9	108
SKNSH_skew	[-0.5,-0.2)	dELS	RARE	ins_1	1113
SKNSH_skew	[-0.5,-0.2)	dELS	RARE	ins_10plus	2822
SKNSH_skew	[-0.5,-0.2)	dELS	RARE	ins_2	512
SKNSH_skew	[-0.5,-0.2)	dELS	RARE	ins_3	220
SKNSH_skew	[-0.5,-0.2)	dELS	RARE	ins_4	376
SKNSH_skew	[-0.5,-0.2)	dELS	RARE	ins_5	152
SKNSH_skew	[-0.5,-0.2)	dELS	RARE	ins_6	174
SKNSH_skew	[-0.5,-0.2)	dELS	RARE	ins_7	95
SKNSH_skew	[-0.5,-0.2)	dELS	RARE	ins_8	206
SKNSH_skew	[-0.5,-0.2)	dELS	RARE	ins_9	276
SKNSH_skew	[-0.5,-0.2)	dELS	SINGLETON	del_1	30686
SKNSH_skew	[-0.5,-0.2)	dELS	SINGLETON	del_10plus	7831
SKNSH_skew	[-0.5,-0.2)	dELS	SINGLETON	del_2	7947
SKNSH_skew	[-0.5,-0.2)	dELS	SINGLETON	del_3	6920
SKNSH_skew	[-0.5,-0.2)	dELS	SINGLETON	del_4	5236
SKNSH_skew	[-0.5,-0.2)	dELS	SINGLETON	del_5	2751
SKNSH_skew	[-0.5,-0.2)	dELS	SINGLETON	del_6	2015
SKNSH_skew	[-0.5,-0.2)	dELS	SINGLETON	del_7	1736
SKNSH_skew	[-0.5,-0.2)	dELS	SINGLETON	del_8	1410
SKNSH_skew	[-0.5,-0.2)	dELS	SINGLETON	del_9	878
SKNSH_skew	[-0.5,-0.2)	dELS	SINGLETON	ins_1	10381
SKNSH_skew	[-0.5,-0.2)	dELS	SINGLETON	ins_10plus	10075
SKNSH_skew	[-0.5,-0.2)	dELS	SINGLETON	ins_2	3671
SKNSH_skew	[-0.5,-0.2)	dELS	SINGLETON	ins_3	1812
SKNSH_skew	[-0.5,-0.2)	dELS	SINGLETON	ins_4	2681
SKNSH_skew	[-0.5,-0.2)	dELS	SINGLETON	ins_5	1100
SKNSH_skew	[-0.5,-0.2)	dELS	SINGLETON	ins_6	984
SKNSH_skew	[-0.5,-0.2)	dELS	SINGLETON	ins_7	735
SKNSH_skew	[-0.5,-0.2)	dELS	SINGLETON	ins_8	1187
SKNSH_skew	[-0.5,-0.2)	dELS	SINGLETON	ins_9	1692
SKNSH_skew	[-0.5,-0.2)	dELS	ULTRARARE	del_1	16639
SKNSH_skew	[-0.5,-0.2)	dELS	ULTRARARE	del_10plus	5592
SKNSH_skew	[-0.5,-0.2)	dELS	ULTRARARE	del_2	5089
SKNSH_skew	[-0.5,-0.2)	dELS	ULTRARARE	del_3	4789
SKNSH_skew	[-0.5,-0.2)	dELS	ULTRARARE	del_4	3840
SKNSH_skew	[-0.5,-0.2)	dELS	ULTRARARE	del_5	1739
SKNSH_skew	[-0.5,-0.2)	dELS	ULTRARARE	del_6	1325
SKNSH_skew	[-0.5,-0.2)	dELS	ULTRARARE	del_7	1205
SKNSH_skew	[-0.5,-0.2)	dELS	ULTRARARE	del_8	962
SKNSH_skew	[-0.5,-0.2)	dELS	ULTRARARE	del_9	511
SKNSH_skew	[-0.5,-0.2)	dELS	ULTRARARE	ins_1	6243
SKNSH_skew	[-0.5,-0.2)	dELS	ULTRARARE	ins_10plus	7409
SKNSH_skew	[-0.5,-0.2)	dELS	ULTRARARE	ins_2	2222
SKNSH_skew	[-0.5,-0.2)	dELS	ULTRARARE	ins_3	1006
SKNSH_skew	[-0.5,-0.2)	dELS	ULTRARARE	ins_4	1643
SKNSH_skew	[-0.5,-0.2)	dELS	ULTRARARE	ins_5	646
SKNSH_skew	[-0.5,-0.2)	dELS	ULTRARARE	ins_6	722
SKNSH_skew	[-0.5,-0.2)	dELS	ULTRARARE	ins_7	414
SKNSH_skew	[-0.5,-0.2)	dELS	ULTRARARE	ins_8	800
SKNSH_skew	[-0.5,-0.2)	dELS	ULTRARARE	ins_9	1117
SKNSH_skew	[-0.5,-0.2)	non-cCRE	COMMON	del_1	2116
SKNSH_skew	[-0.5,-0.2)	non-cCRE	COMMON	del_10plus	1859
SKNSH_skew	[-0.5,-0.2)	non-cCRE	COMMON	del_2	823
SKNSH_skew	[-0.5,-0.2)	non-cCRE	COMMON	del_3	811
SKNSH_skew	[-0.5,-0.2)	non-cCRE	COMMON	del_4	727
SKNSH_skew	[-0.5,-0.2)	non-cCRE	COMMON	del_5	502
SKNSH_skew	[-0.5,-0.2)	non-cCRE	COMMON	del_6	369
SKNSH_skew	[-0.5,-0.2)	non-cCRE	COMMON	del_7	281
SKNSH_skew	[-0.5,-0.2)	non-cCRE	COMMON	del_8	345
SKNSH_skew	[-0.5,-0.2)	non-cCRE	COMMON	del_9	147
SKNSH_skew	[-0.5,-0.2)	non-cCRE	COMMON	ins_1	1207
SKNSH_skew	[-0.5,-0.2)	non-cCRE	COMMON	ins_10plus	3682
SKNSH_skew	[-0.5,-0.2)	non-cCRE	COMMON	ins_2	544
SKNSH_skew	[-0.5,-0.2)	non-cCRE	COMMON	ins_3	255
SKNSH_skew	[-0.5,-0.2)	non-cCRE	COMMON	ins_4	401
SKNSH_skew	[-0.5,-0.2)	non-cCRE	COMMON	ins_5	183
SKNSH_skew	[-0.5,-0.2)	non-cCRE	COMMON	ins_6	169
SKNSH_skew	[-0.5,-0.2)	non-cCRE	COMMON	ins_7	105
SKNSH_skew	[-0.5,-0.2)	non-cCRE	COMMON	ins_8	291
SKNSH_skew	[-0.5,-0.2)	non-cCRE	COMMON	ins_9	327
SKNSH_skew	[-0.5,-0.2)	non-cCRE	LOW_FREQ	del_1	2544
SKNSH_skew	[-0.5,-0.2)	non-cCRE	LOW_FREQ	del_10plus	2430
SKNSH_skew	[-0.5,-0.2)	non-cCRE	LOW_FREQ	del_2	1037
SKNSH_skew	[-0.5,-0.2)	non-cCRE	LOW_FREQ	del_3	1088
SKNSH_skew	[-0.5,-0.2)	non-cCRE	LOW_FREQ	del_4	979
SKNSH_skew	[-0.5,-0.2)	non-cCRE	LOW_FREQ	del_5	593
SKNSH_skew	[-0.5,-0.2)	non-cCRE	LOW_FREQ	del_6	467
SKNSH_skew	[-0.5,-0.2)	non-cCRE	LOW_FREQ	del_7	435
SKNSH_skew	[-0.5,-0.2)	non-cCRE	LOW_FREQ	del_8	460
SKNSH_skew	[-0.5,-0.2)	non-cCRE	LOW_FREQ	del_9	173
SKNSH_skew	[-0.5,-0.2)	non-cCRE	LOW_FREQ	ins_1	1026
SKNSH_skew	[-0.5,-0.2)	non-cCRE	LOW_FREQ	ins_10plus	5080
SKNSH_skew	[-0.5,-0.2)	non-cCRE	LOW_FREQ	ins_2	520
SKNSH_skew	[-0.5,-0.2)	non-cCRE	LOW_FREQ	ins_3	232
SKNSH_skew	[-0.5,-0.2)	non-cCRE	LOW_FREQ	ins_4	429
SKNSH_skew	[-0.5,-0.2)	non-cCRE	LOW_FREQ	ins_5	239
SKNSH_skew	[-0.5,-0.2)	non-cCRE	LOW_FREQ	ins_6	228
SKNSH_skew	[-0.5,-0.2)	non-cCRE	LOW_FREQ	ins_7	128
SKNSH_skew	[-0.5,-0.2)	non-cCRE	LOW_FREQ	ins_8	304
SKNSH_skew	[-0.5,-0.2)	non-cCRE	LOW_FREQ	ins_9	410
SKNSH_skew	[-0.5,-0.2)	non-cCRE	RARE	del_1	6181
SKNSH_skew	[-0.5,-0.2)	non-cCRE	RARE	del_10plus	5792
SKNSH_skew	[-0.5,-0.2)	non-cCRE	RARE	del_2	2483
SKNSH_skew	[-0.5,-0.2)	non-cCRE	RARE	del_3	2475
SKNSH_skew	[-0.5,-0.2)	non-cCRE	RARE	del_4	2467
SKNSH_skew	[-0.5,-0.2)	non-cCRE	RARE	del_5	1528
SKNSH_skew	[-0.5,-0.2)	non-cCRE	RARE	del_6	1165
SKNSH_skew	[-0.5,-0.2)	non-cCRE	RARE	del_7	1214
SKNSH_skew	[-0.5,-0.2)	non-cCRE	RARE	del_8	1085
SKNSH_skew	[-0.5,-0.2)	non-cCRE	RARE	del_9	479
SKNSH_skew	[-0.5,-0.2)	non-cCRE	RARE	ins_1	2354
SKNSH_skew	[-0.5,-0.2)	non-cCRE	RARE	ins_10plus	9219
SKNSH_skew	[-0.5,-0.2)	non-cCRE	RARE	ins_2	1221
SKNSH_skew	[-0.5,-0.2)	non-cCRE	RARE	ins_3	512
SKNSH_skew	[-0.5,-0.2)	non-cCRE	RARE	ins_4	851
SKNSH_skew	[-0.5,-0.2)	non-cCRE	RARE	ins_5	537
SKNSH_skew	[-0.5,-0.2)	non-cCRE	RARE	ins_6	429
SKNSH_skew	[-0.5,-0.2)	non-cCRE	RARE	ins_7	263
SKNSH_skew	[-0.5,-0.2)	non-cCRE	RARE	ins_8	585
SKNSH_skew	[-0.5,-0.2)	non-cCRE	RARE	ins_9	892
SKNSH_skew	[-0.5,-0.2)	non-cCRE	SINGLETON	del_1	67703
SKNSH_skew	[-0.5,-0.2)	non-cCRE	SINGLETON	del_10plus	29083
SKNSH_skew	[-0.5,-0.2)	non-cCRE	SINGLETON	del_2	19885
SKNSH_skew	[-0.5,-0.2)	non-cCRE	SINGLETON	del_3	19184
SKNSH_skew	[-0.5,-0.2)	non-cCRE	SINGLETON	del_4	16836
SKNSH_skew	[-0.5,-0.2)	non-cCRE	SINGLETON	del_5	11309
SKNSH_skew	[-0.5,-0.2)	non-cCRE	SINGLETON	del_6	7748
SKNSH_skew	[-0.5,-0.2)	non-cCRE	SINGLETON	del_7	6828
SKNSH_skew	[-0.5,-0.2)	non-cCRE	SINGLETON	del_8	5706
SKNSH_skew	[-0.5,-0.2)	non-cCRE	SINGLETON	del_9	3304
SKNSH_skew	[-0.5,-0.2)	non-cCRE	SINGLETON	ins_1	20919
SKNSH_skew	[-0.5,-0.2)	non-cCRE	SINGLETON	ins_10plus	31269
SKNSH_skew	[-0.5,-0.2)	non-cCRE	SINGLETON	ins_2	9033
SKNSH_skew	[-0.5,-0.2)	non-cCRE	SINGLETON	ins_3	3986
SKNSH_skew	[-0.5,-0.2)	non-cCRE	SINGLETON	ins_4	5832
SKNSH_skew	[-0.5,-0.2)	non-cCRE	SINGLETON	ins_5	3269
SKNSH_skew	[-0.5,-0.2)	non-cCRE	SINGLETON	ins_6	2429
SKNSH_skew	[-0.5,-0.2)	non-cCRE	SINGLETON	ins_7	1817
SKNSH_skew	[-0.5,-0.2)	non-cCRE	SINGLETON	ins_8	3149
SKNSH_skew	[-0.5,-0.2)	non-cCRE	SINGLETON	ins_9	4351
SKNSH_skew	[-0.5,-0.2)	non-cCRE	ULTRARARE	del_1	37235
SKNSH_skew	[-0.5,-0.2)	non-cCRE	ULTRARARE	del_10plus	21561
SKNSH_skew	[-0.5,-0.2)	non-cCRE	ULTRARARE	del_2	13032
SKNSH_skew	[-0.5,-0.2)	non-cCRE	ULTRARARE	del_3	13501
SKNSH_skew	[-0.5,-0.2)	non-cCRE	ULTRARARE	del_4	13051
SKNSH_skew	[-0.5,-0.2)	non-cCRE	ULTRARARE	del_5	7779
SKNSH_skew	[-0.5,-0.2)	non-cCRE	ULTRARARE	del_6	5300
SKNSH_skew	[-0.5,-0.2)	non-cCRE	ULTRARARE	del_7	4776
SKNSH_skew	[-0.5,-0.2)	non-cCRE	ULTRARARE	del_8	4063
SKNSH_skew	[-0.5,-0.2)	non-cCRE	ULTRARARE	del_9	2134
SKNSH_skew	[-0.5,-0.2)	non-cCRE	ULTRARARE	ins_1	12729
SKNSH_skew	[-0.5,-0.2)	non-cCRE	ULTRARARE	ins_10plus	23406
SKNSH_skew	[-0.5,-0.2)	non-cCRE	ULTRARARE	ins_2	5447
SKNSH_skew	[-0.5,-0.2)	non-cCRE	ULTRARARE	ins_3	2403
SKNSH_skew	[-0.5,-0.2)	non-cCRE	ULTRARARE	ins_4	3647
SKNSH_skew	[-0.5,-0.2)	non-cCRE	ULTRARARE	ins_5	2115
SKNSH_skew	[-0.5,-0.2)	non-cCRE	ULTRARARE	ins_6	1657
SKNSH_skew	[-0.5,-0.2)	non-cCRE	ULTRARARE	ins_7	1062
SKNSH_skew	[-0.5,-0.2)	non-cCRE	ULTRARARE	ins_8	2004
SKNSH_skew	[-0.5,-0.2)	non-cCRE	ULTRARARE	ins_9	2887
SKNSH_skew	[-0.5,-0.2)	pELS	COMMON	del_1	126
SKNSH_skew	[-0.5,-0.2)	pELS	COMMON	del_10plus	93
SKNSH_skew	[-0.5,-0.2)	pELS	COMMON	del_2	60
SKNSH_skew	[-0.5,-0.2)	pELS	COMMON	del_3	49
SKNSH_skew	[-0.5,-0.2)	pELS	COMMON	del_4	35
SKNSH_skew	[-0.5,-0.2)	pELS	COMMON	del_5	15
SKNSH_skew	[-0.5,-0.2)	pELS	COMMON	del_6	25
SKNSH_skew	[-0.5,-0.2)	pELS	COMMON	del_7	16
SKNSH_skew	[-0.5,-0.2)	pELS	COMMON	del_8	12
SKNSH_skew	[-0.5,-0.2)	pELS	COMMON	del_9	5
SKNSH_skew	[-0.5,-0.2)	pELS	COMMON	ins_1	83
SKNSH_skew	[-0.5,-0.2)	pELS	COMMON	ins_10plus	244
SKNSH_skew	[-0.5,-0.2)	pELS	COMMON	ins_2	24
SKNSH_skew	[-0.5,-0.2)	pELS	COMMON	ins_3	20
SKNSH_skew	[-0.5,-0.2)	pELS	COMMON	ins_4	37
SKNSH_skew	[-0.5,-0.2)	pELS	COMMON	ins_5	9
SKNSH_skew	[-0.5,-0.2)	pELS	COMMON	ins_6	17
SKNSH_skew	[-0.5,-0.2)	pELS	COMMON	ins_7	10
SKNSH_skew	[-0.5,-0.2)	pELS	COMMON	ins_8	19
SKNSH_skew	[-0.5,-0.2)	pELS	COMMON	ins_9	17
SKNSH_skew	[-0.5,-0.2)	pELS	LOW_FREQ	del_1	203
SKNSH_skew	[-0.5,-0.2)	pELS	LOW_FREQ	del_10plus	123
SKNSH_skew	[-0.5,-0.2)	pELS	LOW_FREQ	del_2	67
SKNSH_skew	[-0.5,-0.2)	pELS	LOW_FREQ	del_3	80
SKNSH_skew	[-0.5,-0.2)	pELS	LOW_FREQ	del_4	57
SKNSH_skew	[-0.5,-0.2)	pELS	LOW_FREQ	del_5	20
SKNSH_skew	[-0.5,-0.2)	pELS	LOW_FREQ	del_6	29
SKNSH_skew	[-0.5,-0.2)	pELS	LOW_FREQ	del_7	15
SKNSH_skew	[-0.5,-0.2)	pELS	LOW_FREQ	del_8	17
SKNSH_skew	[-0.5,-0.2)	pELS	LOW_FREQ	del_9	8
SKNSH_skew	[-0.5,-0.2)	pELS	LOW_FREQ	ins_1	108
SKNSH_skew	[-0.5,-0.2)	pELS	LOW_FREQ	ins_10plus	348
SKNSH_skew	[-0.5,-0.2)	pELS	LOW_FREQ	ins_2	36
SKNSH_skew	[-0.5,-0.2)	pELS	LOW_FREQ	ins_3	17
SKNSH_skew	[-0.5,-0.2)	pELS	LOW_FREQ	ins_4	37
SKNSH_skew	[-0.5,-0.2)	pELS	LOW_FREQ	ins_5	12
SKNSH_skew	[-0.5,-0.2)	pELS	LOW_FREQ	ins_6	19
SKNSH_skew	[-0.5,-0.2)	pELS	LOW_FREQ	ins_7	9
SKNSH_skew	[-0.5,-0.2)	pELS	LOW_FREQ	ins_8	28
SKNSH_skew	[-0.5,-0.2)	pELS	LOW_FREQ	ins_9	27
SKNSH_skew	[-0.5,-0.2)	pELS	RARE	del_1	470
SKNSH_skew	[-0.5,-0.2)	pELS	RARE	del_10plus	290
SKNSH_skew	[-0.5,-0.2)	pELS	RARE	del_2	146
SKNSH_skew	[-0.5,-0.2)	pELS	RARE	del_3	141
SKNSH_skew	[-0.5,-0.2)	pELS	RARE	del_4	144
SKNSH_skew	[-0.5,-0.2)	pELS	RARE	del_5	39
SKNSH_skew	[-0.5,-0.2)	pELS	RARE	del_6	60
SKNSH_skew	[-0.5,-0.2)	pELS	RARE	del_7	40
SKNSH_skew	[-0.5,-0.2)	pELS	RARE	del_8	49
SKNSH_skew	[-0.5,-0.2)	pELS	RARE	del_9	25
SKNSH_skew	[-0.5,-0.2)	pELS	RARE	ins_1	225
SKNSH_skew	[-0.5,-0.2)	pELS	RARE	ins_10plus	557
SKNSH_skew	[-0.5,-0.2)	pELS	RARE	ins_2	80
SKNSH_skew	[-0.5,-0.2)	pELS	RARE	ins_3	53
SKNSH_skew	[-0.5,-0.2)	pELS	RARE	ins_4	75
SKNSH_skew	[-0.5,-0.2)	pELS	RARE	ins_5	37
SKNSH_skew	[-0.5,-0.2)	pELS	RARE	ins_6	32
SKNSH_skew	[-0.5,-0.2)	pELS	RARE	ins_7	25
SKNSH_skew	[-0.5,-0.2)	pELS	RARE	ins_8	32
SKNSH_skew	[-0.5,-0.2)	pELS	RARE	ins_9	69
SKNSH_skew	[-0.5,-0.2)	pELS	SINGLETON	del_1	5271
SKNSH_skew	[-0.5,-0.2)	pELS	SINGLETON	del_10plus	1696
SKNSH_skew	[-0.5,-0.2)	pELS	SINGLETON	del_2	1272
SKNSH_skew	[-0.5,-0.2)	pELS	SINGLETON	del_3	1167
SKNSH_skew	[-0.5,-0.2)	pELS	SINGLETON	del_4	814
SKNSH_skew	[-0.5,-0.2)	pELS	SINGLETON	del_5	474
SKNSH_skew	[-0.5,-0.2)	pELS	SINGLETON	del_6	402
SKNSH_skew	[-0.5,-0.2)	pELS	SINGLETON	del_7	313
SKNSH_skew	[-0.5,-0.2)	pELS	SINGLETON	del_8	260
SKNSH_skew	[-0.5,-0.2)	pELS	SINGLETON	del_9	161
SKNSH_skew	[-0.5,-0.2)	pELS	SINGLETON	ins_1	2141
SKNSH_skew	[-0.5,-0.2)	pELS	SINGLETON	ins_10plus	2272
SKNSH_skew	[-0.5,-0.2)	pELS	SINGLETON	ins_2	718
SKNSH_skew	[-0.5,-0.2)	pELS	SINGLETON	ins_3	379
SKNSH_skew	[-0.5,-0.2)	pELS	SINGLETON	ins_4	495
SKNSH_skew	[-0.5,-0.2)	pELS	SINGLETON	ins_5	202
SKNSH_skew	[-0.5,-0.2)	pELS	SINGLETON	ins_6	223
SKNSH_skew	[-0.5,-0.2)	pELS	SINGLETON	ins_7	142
SKNSH_skew	[-0.5,-0.2)	pELS	SINGLETON	ins_8	246
SKNSH_skew	[-0.5,-0.2)	pELS	SINGLETON	ins_9	381
SKNSH_skew	[-0.5,-0.2)	pELS	ULTRARARE	del_1	2903
SKNSH_skew	[-0.5,-0.2)	pELS	ULTRARARE	del_10plus	1151
SKNSH_skew	[-0.5,-0.2)	pELS	ULTRARARE	del_2	912
SKNSH_skew	[-0.5,-0.2)	pELS	ULTRARARE	del_3	831
SKNSH_skew	[-0.5,-0.2)	pELS	ULTRARARE	del_4	622
SKNSH_skew	[-0.5,-0.2)	pELS	ULTRARARE	del_5	282
SKNSH_skew	[-0.5,-0.2)	pELS	ULTRARARE	del_6	246
SKNSH_skew	[-0.5,-0.2)	pELS	ULTRARARE	del_7	207
SKNSH_skew	[-0.5,-0.2)	pELS	ULTRARARE	del_8	190
SKNSH_skew	[-0.5,-0.2)	pELS	ULTRARARE	del_9	93
SKNSH_skew	[-0.5,-0.2)	pELS	ULTRARARE	ins_1	1291
SKNSH_skew	[-0.5,-0.2)	pELS	ULTRARARE	ins_10plus	1678
SKNSH_skew	[-0.5,-0.2)	pELS	ULTRARARE	ins_2	463
SKNSH_skew	[-0.5,-0.2)	pELS	ULTRARARE	ins_3	236
SKNSH_skew	[-0.5,-0.2)	pELS	ULTRARARE	ins_4	350
SKNSH_skew	[-0.5,-0.2)	pELS	ULTRARARE	ins_5	137
SKNSH_skew	[-0.5,-0.2)	pELS	ULTRARARE	ins_6	150
SKNSH_skew	[-0.5,-0.2)	pELS	ULTRARARE	ins_7	111
SKNSH_skew	[-0.5,-0.2)	pELS	ULTRARARE	ins_8	167
SKNSH_skew	[-0.5,-0.2)	pELS	ULTRARARE	ins_9	243
SKNSH_skew	[-1.0,-0.5)	Other cCREs	COMMON	del_1	80
SKNSH_skew	[-1.0,-0.5)	Other cCREs	COMMON	del_10plus	31
SKNSH_skew	[-1.0,-0.5)	Other cCREs	COMMON	del_2	41
SKNSH_skew	[-1.0,-0.5)	Other cCREs	COMMON	del_3	23
SKNSH_skew	[-1.0,-0.5)	Other cCREs	COMMON	del_4	24
SKNSH_skew	[-1.0,-0.5)	Other cCREs	COMMON	del_5	5
SKNSH_skew	[-1.0,-0.5)	Other cCREs	COMMON	del_6	13
SKNSH_skew	[-1.0,-0.5)	Other cCREs	COMMON	del_7	6
SKNSH_skew	[-1.0,-0.5)	Other cCREs	COMMON	del_8	11
SKNSH_skew	[-1.0,-0.5)	Other cCREs	COMMON	del_9	3
SKNSH_skew	[-1.0,-0.5)	Other cCREs	COMMON	ins_1	38
SKNSH_skew	[-1.0,-0.5)	Other cCREs	COMMON	ins_10plus	12
SKNSH_skew	[-1.0,-0.5)	Other cCREs	COMMON	ins_2	21
SKNSH_skew	[-1.0,-0.5)	Other cCREs	COMMON	ins_3	5
SKNSH_skew	[-1.0,-0.5)	Other cCREs	COMMON	ins_4	10
SKNSH_skew	[-1.0,-0.5)	Other cCREs	COMMON	ins_5	2
SKNSH_skew	[-1.0,-0.5)	Other cCREs	COMMON	ins_6	4
SKNSH_skew	[-1.0,-0.5)	Other cCREs	COMMON	ins_8	3
SKNSH_skew	[-1.0,-0.5)	Other cCREs	COMMON	ins_9	4
SKNSH_skew	[-1.0,-0.5)	Other cCREs	LOW_FREQ	del_1	84
SKNSH_skew	[-1.0,-0.5)	Other cCREs	LOW_FREQ	del_10plus	57
SKNSH_skew	[-1.0,-0.5)	Other cCREs	LOW_FREQ	del_2	42
SKNSH_skew	[-1.0,-0.5)	Other cCREs	LOW_FREQ	del_3	27
SKNSH_skew	[-1.0,-0.5)	Other cCREs	LOW_FREQ	del_4	27
SKNSH_skew	[-1.0,-0.5)	Other cCREs	LOW_FREQ	del_5	15
SKNSH_skew	[-1.0,-0.5)	Other cCREs	LOW_FREQ	del_6	14
SKNSH_skew	[-1.0,-0.5)	Other cCREs	LOW_FREQ	del_7	5
SKNSH_skew	[-1.0,-0.5)	Other cCREs	LOW_FREQ	del_8	11
SKNSH_skew	[-1.0,-0.5)	Other cCREs	LOW_FREQ	del_9	7
SKNSH_skew	[-1.0,-0.5)	Other cCREs	LOW_FREQ	ins_1	22
SKNSH_skew	[-1.0,-0.5)	Other cCREs	LOW_FREQ	ins_10plus	34
SKNSH_skew	[-1.0,-0.5)	Other cCREs	LOW_FREQ	ins_2	14
SKNSH_skew	[-1.0,-0.5)	Other cCREs	LOW_FREQ	ins_3	2
SKNSH_skew	[-1.0,-0.5)	Other cCREs	LOW_FREQ	ins_4	6
SKNSH_skew	[-1.0,-0.5)	Other cCREs	LOW_FREQ	ins_5	4
SKNSH_skew	[-1.0,-0.5)	Other cCREs	LOW_FREQ	ins_6	6
SKNSH_skew	[-1.0,-0.5)	Other cCREs	LOW_FREQ	ins_8	6
SKNSH_skew	[-1.0,-0.5)	Other cCREs	RARE	del_1	214
SKNSH_skew	[-1.0,-0.5)	Other cCREs	RARE	del_10plus	157
SKNSH_skew	[-1.0,-0.5)	Other cCREs	RARE	del_2	84
SKNSH_skew	[-1.0,-0.5)	Other cCREs	RARE	del_3	45
SKNSH_skew	[-1.0,-0.5)	Other cCREs	RARE	del_4	74
SKNSH_skew	[-1.0,-0.5)	Other cCREs	RARE	del_5	19
SKNSH_skew	[-1.0,-0.5)	Other cCREs	RARE	del_6	31
SKNSH_skew	[-1.0,-0.5)	Other cCREs	RARE	del_7	14
SKNSH_skew	[-1.0,-0.5)	Other cCREs	RARE	del_8	21
SKNSH_skew	[-1.0,-0.5)	Other cCREs	RARE	del_9	10
SKNSH_skew	[-1.0,-0.5)	Other cCREs	RARE	ins_1	73
SKNSH_skew	[-1.0,-0.5)	Other cCREs	RARE	ins_10plus	62
SKNSH_skew	[-1.0,-0.5)	Other cCREs	RARE	ins_2	35
SKNSH_skew	[-1.0,-0.5)	Other cCREs	RARE	ins_3	4
SKNSH_skew	[-1.0,-0.5)	Other cCREs	RARE	ins_4	19
SKNSH_skew	[-1.0,-0.5)	Other cCREs	RARE	ins_5	8
SKNSH_skew	[-1.0,-0.5)	Other cCREs	RARE	ins_6	4
SKNSH_skew	[-1.0,-0.5)	Other cCREs	RARE	ins_7	7
SKNSH_skew	[-1.0,-0.5)	Other cCREs	RARE	ins_8	6
SKNSH_skew	[-1.0,-0.5)	Other cCREs	RARE	ins_9	6
SKNSH_skew	[-1.0,-0.5)	Other cCREs	SINGLETON	del_1	2503
SKNSH_skew	[-1.0,-0.5)	Other cCREs	SINGLETON	del_10plus	794
SKNSH_skew	[-1.0,-0.5)	Other cCREs	SINGLETON	del_2	685
SKNSH_skew	[-1.0,-0.5)	Other cCREs	SINGLETON	del_3	485
SKNSH_skew	[-1.0,-0.5)	Other cCREs	SINGLETON	del_4	382
SKNSH_skew	[-1.0,-0.5)	Other cCREs	SINGLETON	del_5	186
SKNSH_skew	[-1.0,-0.5)	Other cCREs	SINGLETON	del_6	161
SKNSH_skew	[-1.0,-0.5)	Other cCREs	SINGLETON	del_7	135
SKNSH_skew	[-1.0,-0.5)	Other cCREs	SINGLETON	del_8	121
SKNSH_skew	[-1.0,-0.5)	Other cCREs	SINGLETON	del_9	82
SKNSH_skew	[-1.0,-0.5)	Other cCREs	SINGLETON	ins_1	717
SKNSH_skew	[-1.0,-0.5)	Other cCREs	SINGLETON	ins_10plus	281
SKNSH_skew	[-1.0,-0.5)	Other cCREs	SINGLETON	ins_2	251
SKNSH_skew	[-1.0,-0.5)	Other cCREs	SINGLETON	ins_3	112
SKNSH_skew	[-1.0,-0.5)	Other cCREs	SINGLETON	ins_4	152
SKNSH_skew	[-1.0,-0.5)	Other cCREs	SINGLETON	ins_5	62
SKNSH_skew	[-1.0,-0.5)	Other cCREs	SINGLETON	ins_6	62
SKNSH_skew	[-1.0,-0.5)	Other cCREs	SINGLETON	ins_7	30
SKNSH_skew	[-1.0,-0.5)	Other cCREs	SINGLETON	ins_8	59
SKNSH_skew	[-1.0,-0.5)	Other cCREs	SINGLETON	ins_9	45
SKNSH_skew	[-1.0,-0.5)	Other cCREs	ULTRARARE	del_1	1389
SKNSH_skew	[-1.0,-0.5)	Other cCREs	ULTRARARE	del_10plus	525
SKNSH_skew	[-1.0,-0.5)	Other cCREs	ULTRARARE	del_2	467
SKNSH_skew	[-1.0,-0.5)	Other cCREs	ULTRARARE	del_3	303
SKNSH_skew	[-1.0,-0.5)	Other cCREs	ULTRARARE	del_4	309
SKNSH_skew	[-1.0,-0.5)	Other cCREs	ULTRARARE	del_5	112
SKNSH_skew	[-1.0,-0.5)	Other cCREs	ULTRARARE	del_6	119
SKNSH_skew	[-1.0,-0.5)	Other cCREs	ULTRARARE	del_7	92
SKNSH_skew	[-1.0,-0.5)	Other cCREs	ULTRARARE	del_8	91
SKNSH_skew	[-1.0,-0.5)	Other cCREs	ULTRARARE	del_9	44
SKNSH_skew	[-1.0,-0.5)	Other cCREs	ULTRARARE	ins_1	429
SKNSH_skew	[-1.0,-0.5)	Other cCREs	ULTRARARE	ins_10plus	195
SKNSH_skew	[-1.0,-0.5)	Other cCREs	ULTRARARE	ins_2	169
SKNSH_skew	[-1.0,-0.5)	Other cCREs	ULTRARARE	ins_3	65
SKNSH_skew	[-1.0,-0.5)	Other cCREs	ULTRARARE	ins_4	97
SKNSH_skew	[-1.0,-0.5)	Other cCREs	ULTRARARE	ins_5	41
SKNSH_skew	[-1.0,-0.5)	Other cCREs	ULTRARARE	ins_6	42
SKNSH_skew	[-1.0,-0.5)	Other cCREs	ULTRARARE	ins_7	23
SKNSH_skew	[-1.0,-0.5)	Other cCREs	ULTRARARE	ins_8	35
SKNSH_skew	[-1.0,-0.5)	Other cCREs	ULTRARARE	ins_9	30
SKNSH_skew	[-1.0,-0.5)	PLS	COMMON	del_1	9
SKNSH_skew	[-1.0,-0.5)	PLS	COMMON	del_10plus	12
SKNSH_skew	[-1.0,-0.5)	PLS	COMMON	del_2	3
SKNSH_skew	[-1.0,-0.5)	PLS	COMMON	del_3	1
SKNSH_skew	[-1.0,-0.5)	PLS	COMMON	del_5	1
SKNSH_skew	[-1.0,-0.5)	PLS	COMMON	del_6	3
SKNSH_skew	[-1.0,-0.5)	PLS	COMMON	del_8	1
SKNSH_skew	[-1.0,-0.5)	PLS	COMMON	del_9	1
SKNSH_skew	[-1.0,-0.5)	PLS	COMMON	ins_1	6
SKNSH_skew	[-1.0,-0.5)	PLS	COMMON	ins_10plus	8
SKNSH_skew	[-1.0,-0.5)	PLS	COMMON	ins_2	2
SKNSH_skew	[-1.0,-0.5)	PLS	COMMON	ins_3	1
SKNSH_skew	[-1.0,-0.5)	PLS	COMMON	ins_4	1
SKNSH_skew	[-1.0,-0.5)	PLS	COMMON	ins_6	1
SKNSH_skew	[-1.0,-0.5)	PLS	COMMON	ins_9	3
SKNSH_skew	[-1.0,-0.5)	PLS	LOW_FREQ	del_1	22
SKNSH_skew	[-1.0,-0.5)	PLS	LOW_FREQ	del_10plus	17
SKNSH_skew	[-1.0,-0.5)	PLS	LOW_FREQ	del_2	5
SKNSH_skew	[-1.0,-0.5)	PLS	LOW_FREQ	del_3	5
SKNSH_skew	[-1.0,-0.5)	PLS	LOW_FREQ	del_4	2
SKNSH_skew	[-1.0,-0.5)	PLS	LOW_FREQ	del_5	2
SKNSH_skew	[-1.0,-0.5)	PLS	LOW_FREQ	del_6	2
SKNSH_skew	[-1.0,-0.5)	PLS	LOW_FREQ	del_8	4
SKNSH_skew	[-1.0,-0.5)	PLS	LOW_FREQ	del_9	2
SKNSH_skew	[-1.0,-0.5)	PLS	LOW_FREQ	ins_1	10
SKNSH_skew	[-1.0,-0.5)	PLS	LOW_FREQ	ins_10plus	10
SKNSH_skew	[-1.0,-0.5)	PLS	LOW_FREQ	ins_2	2
SKNSH_skew	[-1.0,-0.5)	PLS	LOW_FREQ	ins_3	1
SKNSH_skew	[-1.0,-0.5)	PLS	LOW_FREQ	ins_4	5
SKNSH_skew	[-1.0,-0.5)	PLS	LOW_FREQ	ins_7	1
SKNSH_skew	[-1.0,-0.5)	PLS	LOW_FREQ	ins_8	1
SKNSH_skew	[-1.0,-0.5)	PLS	LOW_FREQ	ins_9	1
SKNSH_skew	[-1.0,-0.5)	PLS	RARE	del_1	60
SKNSH_skew	[-1.0,-0.5)	PLS	RARE	del_10plus	36
SKNSH_skew	[-1.0,-0.5)	PLS	RARE	del_2	9
SKNSH_skew	[-1.0,-0.5)	PLS	RARE	del_3	11
SKNSH_skew	[-1.0,-0.5)	PLS	RARE	del_4	12
SKNSH_skew	[-1.0,-0.5)	PLS	RARE	del_5	2
SKNSH_skew	[-1.0,-0.5)	PLS	RARE	del_6	9
SKNSH_skew	[-1.0,-0.5)	PLS	RARE	del_7	5
SKNSH_skew	[-1.0,-0.5)	PLS	RARE	del_8	4
SKNSH_skew	[-1.0,-0.5)	PLS	RARE	del_9	2
SKNSH_skew	[-1.0,-0.5)	PLS	RARE	ins_1	32
SKNSH_skew	[-1.0,-0.5)	PLS	RARE	ins_10plus	27
SKNSH_skew	[-1.0,-0.5)	PLS	RARE	ins_2	8
SKNSH_skew	[-1.0,-0.5)	PLS	RARE	ins_3	5
SKNSH_skew	[-1.0,-0.5)	PLS	RARE	ins_4	7
SKNSH_skew	[-1.0,-0.5)	PLS	RARE	ins_6	2
SKNSH_skew	[-1.0,-0.5)	PLS	RARE	ins_7	2
SKNSH_skew	[-1.0,-0.5)	PLS	RARE	ins_8	2
SKNSH_skew	[-1.0,-0.5)	PLS	RARE	ins_9	2
SKNSH_skew	[-1.0,-0.5)	PLS	SINGLETON	del_1	654
SKNSH_skew	[-1.0,-0.5)	PLS	SINGLETON	del_10plus	325
SKNSH_skew	[-1.0,-0.5)	PLS	SINGLETON	del_2	121
SKNSH_skew	[-1.0,-0.5)	PLS	SINGLETON	del_3	88
SKNSH_skew	[-1.0,-0.5)	PLS	SINGLETON	del_4	65
SKNSH_skew	[-1.0,-0.5)	PLS	SINGLETON	del_5	57
SKNSH_skew	[-1.0,-0.5)	PLS	SINGLETON	del_6	41
SKNSH_skew	[-1.0,-0.5)	PLS	SINGLETON	del_7	46
SKNSH_skew	[-1.0,-0.5)	PLS	SINGLETON	del_8	33
SKNSH_skew	[-1.0,-0.5)	PLS	SINGLETON	del_9	34
SKNSH_skew	[-1.0,-0.5)	PLS	SINGLETON	ins_1	263
SKNSH_skew	[-1.0,-0.5)	PLS	SINGLETON	ins_10plus	156
SKNSH_skew	[-1.0,-0.5)	PLS	SINGLETON	ins_2	77
SKNSH_skew	[-1.0,-0.5)	PLS	SINGLETON	ins_3	33
SKNSH_skew	[-1.0,-0.5)	PLS	SINGLETON	ins_4	43
SKNSH_skew	[-1.0,-0.5)	PLS	SINGLETON	ins_5	23
SKNSH_skew	[-1.0,-0.5)	PLS	SINGLETON	ins_6	21
SKNSH_skew	[-1.0,-0.5)	PLS	SINGLETON	ins_7	15
SKNSH_skew	[-1.0,-0.5)	PLS	SINGLETON	ins_8	18
SKNSH_skew	[-1.0,-0.5)	PLS	SINGLETON	ins_9	24
SKNSH_skew	[-1.0,-0.5)	PLS	ULTRARARE	del_1	374
SKNSH_skew	[-1.0,-0.5)	PLS	ULTRARARE	del_10plus	219
SKNSH_skew	[-1.0,-0.5)	PLS	ULTRARARE	del_2	79
SKNSH_skew	[-1.0,-0.5)	PLS	ULTRARARE	del_3	72
SKNSH_skew	[-1.0,-0.5)	PLS	ULTRARARE	del_4	40
SKNSH_skew	[-1.0,-0.5)	PLS	ULTRARARE	del_5	24
SKNSH_skew	[-1.0,-0.5)	PLS	ULTRARARE	del_6	25
SKNSH_skew	[-1.0,-0.5)	PLS	ULTRARARE	del_7	24
SKNSH_skew	[-1.0,-0.5)	PLS	ULTRARARE	del_8	25
SKNSH_skew	[-1.0,-0.5)	PLS	ULTRARARE	del_9	14
SKNSH_skew	[-1.0,-0.5)	PLS	ULTRARARE	ins_1	162
SKNSH_skew	[-1.0,-0.5)	PLS	ULTRARARE	ins_10plus	124
SKNSH_skew	[-1.0,-0.5)	PLS	ULTRARARE	ins_2	44
SKNSH_skew	[-1.0,-0.5)	PLS	ULTRARARE	ins_3	19
SKNSH_skew	[-1.0,-0.5)	PLS	ULTRARARE	ins_4	17
SKNSH_skew	[-1.0,-0.5)	PLS	ULTRARARE	ins_5	12
SKNSH_skew	[-1.0,-0.5)	PLS	ULTRARARE	ins_6	15
SKNSH_skew	[-1.0,-0.5)	PLS	ULTRARARE	ins_7	10
SKNSH_skew	[-1.0,-0.5)	PLS	ULTRARARE	ins_8	7
SKNSH_skew	[-1.0,-0.5)	PLS	ULTRARARE	ins_9	12
SKNSH_skew	[-1.0,-0.5)	dELS	COMMON	del_1	187
SKNSH_skew	[-1.0,-0.5)	dELS	COMMON	del_10plus	103
SKNSH_skew	[-1.0,-0.5)	dELS	COMMON	del_2	79
SKNSH_skew	[-1.0,-0.5)	dELS	COMMON	del_3	48
SKNSH_skew	[-1.0,-0.5)	dELS	COMMON	del_4	29
SKNSH_skew	[-1.0,-0.5)	dELS	COMMON	del_5	13
SKNSH_skew	[-1.0,-0.5)	dELS	COMMON	del_6	33
SKNSH_skew	[-1.0,-0.5)	dELS	COMMON	del_7	16
SKNSH_skew	[-1.0,-0.5)	dELS	COMMON	del_8	20
SKNSH_skew	[-1.0,-0.5)	dELS	COMMON	del_9	8
SKNSH_skew	[-1.0,-0.5)	dELS	COMMON	ins_1	118
SKNSH_skew	[-1.0,-0.5)	dELS	COMMON	ins_10plus	49
SKNSH_skew	[-1.0,-0.5)	dELS	COMMON	ins_2	52
SKNSH_skew	[-1.0,-0.5)	dELS	COMMON	ins_3	18
SKNSH_skew	[-1.0,-0.5)	dELS	COMMON	ins_4	19
SKNSH_skew	[-1.0,-0.5)	dELS	COMMON	ins_5	9
SKNSH_skew	[-1.0,-0.5)	dELS	COMMON	ins_6	7
SKNSH_skew	[-1.0,-0.5)	dELS	COMMON	ins_7	9
SKNSH_skew	[-1.0,-0.5)	dELS	COMMON	ins_8	10
SKNSH_skew	[-1.0,-0.5)	dELS	COMMON	ins_9	5
SKNSH_skew	[-1.0,-0.5)	dELS	LOW_FREQ	del_1	279
SKNSH_skew	[-1.0,-0.5)	dELS	LOW_FREQ	del_10plus	154
SKNSH_skew	[-1.0,-0.5)	dELS	LOW_FREQ	del_2	95
SKNSH_skew	[-1.0,-0.5)	dELS	LOW_FREQ	del_3	60
SKNSH_skew	[-1.0,-0.5)	dELS	LOW_FREQ	del_4	60
SKNSH_skew	[-1.0,-0.5)	dELS	LOW_FREQ	del_5	25
SKNSH_skew	[-1.0,-0.5)	dELS	LOW_FREQ	del_6	33
SKNSH_skew	[-1.0,-0.5)	dELS	LOW_FREQ	del_7	20
SKNSH_skew	[-1.0,-0.5)	dELS	LOW_FREQ	del_8	26
SKNSH_skew	[-1.0,-0.5)	dELS	LOW_FREQ	del_9	12
SKNSH_skew	[-1.0,-0.5)	dELS	LOW_FREQ	ins_1	90
SKNSH_skew	[-1.0,-0.5)	dELS	LOW_FREQ	ins_10plus	68
SKNSH_skew	[-1.0,-0.5)	dELS	LOW_FREQ	ins_2	46
SKNSH_skew	[-1.0,-0.5)	dELS	LOW_FREQ	ins_3	22
SKNSH_skew	[-1.0,-0.5)	dELS	LOW_FREQ	ins_4	28
SKNSH_skew	[-1.0,-0.5)	dELS	LOW_FREQ	ins_5	4
SKNSH_skew	[-1.0,-0.5)	dELS	LOW_FREQ	ins_6	16
SKNSH_skew	[-1.0,-0.5)	dELS	LOW_FREQ	ins_7	3
SKNSH_skew	[-1.0,-0.5)	dELS	LOW_FREQ	ins_8	8
SKNSH_skew	[-1.0,-0.5)	dELS	LOW_FREQ	ins_9	5
SKNSH_skew	[-1.0,-0.5)	dELS	RARE	del_1	698
SKNSH_skew	[-1.0,-0.5)	dELS	RARE	del_10plus	366
SKNSH_skew	[-1.0,-0.5)	dELS	RARE	del_2	260
SKNSH_skew	[-1.0,-0.5)	dELS	RARE	del_3	162
SKNSH_skew	[-1.0,-0.5)	dELS	RARE	del_4	194
SKNSH_skew	[-1.0,-0.5)	dELS	RARE	del_5	59
SKNSH_skew	[-1.0,-0.5)	dELS	RARE	del_6	83
SKNSH_skew	[-1.0,-0.5)	dELS	RARE	del_7	35
SKNSH_skew	[-1.0,-0.5)	dELS	RARE	del_8	48
SKNSH_skew	[-1.0,-0.5)	dELS	RARE	del_9	18
SKNSH_skew	[-1.0,-0.5)	dELS	RARE	ins_1	231
SKNSH_skew	[-1.0,-0.5)	dELS	RARE	ins_10plus	157
SKNSH_skew	[-1.0,-0.5)	dELS	RARE	ins_2	106
SKNSH_skew	[-1.0,-0.5)	dELS	RARE	ins_3	42
SKNSH_skew	[-1.0,-0.5)	dELS	RARE	ins_4	42
SKNSH_skew	[-1.0,-0.5)	dELS	RARE	ins_5	15
SKNSH_skew	[-1.0,-0.5)	dELS	RARE	ins_6	19
SKNSH_skew	[-1.0,-0.5)	dELS	RARE	ins_7	12
SKNSH_skew	[-1.0,-0.5)	dELS	RARE	ins_8	19
SKNSH_skew	[-1.0,-0.5)	dELS	RARE	ins_9	22
SKNSH_skew	[-1.0,-0.5)	dELS	SINGLETON	del_1	8220
SKNSH_skew	[-1.0,-0.5)	dELS	SINGLETON	del_10plus	2369
SKNSH_skew	[-1.0,-0.5)	dELS	SINGLETON	del_2	2185
SKNSH_skew	[-1.0,-0.5)	dELS	SINGLETON	del_3	1564
SKNSH_skew	[-1.0,-0.5)	dELS	SINGLETON	del_4	1300
SKNSH_skew	[-1.0,-0.5)	dELS	SINGLETON	del_5	549
SKNSH_skew	[-1.0,-0.5)	dELS	SINGLETON	del_6	543
SKNSH_skew	[-1.0,-0.5)	dELS	SINGLETON	del_7	425
SKNSH_skew	[-1.0,-0.5)	dELS	SINGLETON	del_8	366
SKNSH_skew	[-1.0,-0.5)	dELS	SINGLETON	del_9	242
SKNSH_skew	[-1.0,-0.5)	dELS	SINGLETON	ins_1	2644
SKNSH_skew	[-1.0,-0.5)	dELS	SINGLETON	ins_10plus	833
SKNSH_skew	[-1.0,-0.5)	dELS	SINGLETON	ins_2	765
SKNSH_skew	[-1.0,-0.5)	dELS	SINGLETON	ins_3	369
SKNSH_skew	[-1.0,-0.5)	dELS	SINGLETON	ins_4	462
SKNSH_skew	[-1.0,-0.5)	dELS	SINGLETON	ins_5	185
SKNSH_skew	[-1.0,-0.5)	dELS	SINGLETON	ins_6	165
SKNSH_skew	[-1.0,-0.5)	dELS	SINGLETON	ins_7	113
SKNSH_skew	[-1.0,-0.5)	dELS	SINGLETON	ins_8	144
SKNSH_skew	[-1.0,-0.5)	dELS	SINGLETON	ins_9	157
SKNSH_skew	[-1.0,-0.5)	dELS	ULTRARARE	del_1	4589
SKNSH_skew	[-1.0,-0.5)	dELS	ULTRARARE	del_10plus	1479
SKNSH_skew	[-1.0,-0.5)	dELS	ULTRARARE	del_2	1433
SKNSH_skew	[-1.0,-0.5)	dELS	ULTRARARE	del_3	987
SKNSH_skew	[-1.0,-0.5)	dELS	ULTRARARE	del_4	893
SKNSH_skew	[-1.0,-0.5)	dELS	ULTRARARE	del_5	327
SKNSH_skew	[-1.0,-0.5)	dELS	ULTRARARE	del_6	357
SKNSH_skew	[-1.0,-0.5)	dELS	ULTRARARE	del_7	241
SKNSH_skew	[-1.0,-0.5)	dELS	ULTRARARE	del_8	209
SKNSH_skew	[-1.0,-0.5)	dELS	ULTRARARE	del_9	132
SKNSH_skew	[-1.0,-0.5)	dELS	ULTRARARE	ins_1	1501
SKNSH_skew	[-1.0,-0.5)	dELS	ULTRARARE	ins_10plus	565
SKNSH_skew	[-1.0,-0.5)	dELS	ULTRARARE	ins_2	497
SKNSH_skew	[-1.0,-0.5)	dELS	ULTRARARE	ins_3	216
SKNSH_skew	[-1.0,-0.5)	dELS	ULTRARARE	ins_4	272
SKNSH_skew	[-1.0,-0.5)	dELS	ULTRARARE	ins_5	125
SKNSH_skew	[-1.0,-0.5)	dELS	ULTRARARE	ins_6	88
SKNSH_skew	[-1.0,-0.5)	dELS	ULTRARARE	ins_7	57
SKNSH_skew	[-1.0,-0.5)	dELS	ULTRARARE	ins_8	104
SKNSH_skew	[-1.0,-0.5)	dELS	ULTRARARE	ins_9	69
SKNSH_skew	[-1.0,-0.5)	non-cCRE	COMMON	del_1	338
SKNSH_skew	[-1.0,-0.5)	non-cCRE	COMMON	del_10plus	254
SKNSH_skew	[-1.0,-0.5)	non-cCRE	COMMON	del_2	135
SKNSH_skew	[-1.0,-0.5)	non-cCRE	COMMON	del_3	82
SKNSH_skew	[-1.0,-0.5)	non-cCRE	COMMON	del_4	89
SKNSH_skew	[-1.0,-0.5)	non-cCRE	COMMON	del_5	44
SKNSH_skew	[-1.0,-0.5)	non-cCRE	COMMON	del_6	50
SKNSH_skew	[-1.0,-0.5)	non-cCRE	COMMON	del_7	26
SKNSH_skew	[-1.0,-0.5)	non-cCRE	COMMON	del_8	41
SKNSH_skew	[-1.0,-0.5)	non-cCRE	COMMON	del_9	16
SKNSH_skew	[-1.0,-0.5)	non-cCRE	COMMON	ins_1	193
SKNSH_skew	[-1.0,-0.5)	non-cCRE	COMMON	ins_10plus	124
SKNSH_skew	[-1.0,-0.5)	non-cCRE	COMMON	ins_2	75
SKNSH_skew	[-1.0,-0.5)	non-cCRE	COMMON	ins_3	33
SKNSH_skew	[-1.0,-0.5)	non-cCRE	COMMON	ins_4	43
SKNSH_skew	[-1.0,-0.5)	non-cCRE	COMMON	ins_5	9
SKNSH_skew	[-1.0,-0.5)	non-cCRE	COMMON	ins_6	13
SKNSH_skew	[-1.0,-0.5)	non-cCRE	COMMON	ins_7	6
SKNSH_skew	[-1.0,-0.5)	non-cCRE	COMMON	ins_8	13
SKNSH_skew	[-1.0,-0.5)	non-cCRE	COMMON	ins_9	16
SKNSH_skew	[-1.0,-0.5)	non-cCRE	LOW_FREQ	del_1	418
SKNSH_skew	[-1.0,-0.5)	non-cCRE	LOW_FREQ	del_10plus	318
SKNSH_skew	[-1.0,-0.5)	non-cCRE	LOW_FREQ	del_2	168
SKNSH_skew	[-1.0,-0.5)	non-cCRE	LOW_FREQ	del_3	105
SKNSH_skew	[-1.0,-0.5)	non-cCRE	LOW_FREQ	del_4	110
SKNSH_skew	[-1.0,-0.5)	non-cCRE	LOW_FREQ	del_5	71
SKNSH_skew	[-1.0,-0.5)	non-cCRE	LOW_FREQ	del_6	74
SKNSH_skew	[-1.0,-0.5)	non-cCRE	LOW_FREQ	del_7	40
SKNSH_skew	[-1.0,-0.5)	non-cCRE	LOW_FREQ	del_8	62
SKNSH_skew	[-1.0,-0.5)	non-cCRE	LOW_FREQ	del_9	13
SKNSH_skew	[-1.0,-0.5)	non-cCRE	LOW_FREQ	ins_1	164
SKNSH_skew	[-1.0,-0.5)	non-cCRE	LOW_FREQ	ins_10plus	132
SKNSH_skew	[-1.0,-0.5)	non-cCRE	LOW_FREQ	ins_2	82
SKNSH_skew	[-1.0,-0.5)	non-cCRE	LOW_FREQ	ins_3	22
SKNSH_skew	[-1.0,-0.5)	non-cCRE	LOW_FREQ	ins_4	29
SKNSH_skew	[-1.0,-0.5)	non-cCRE	LOW_FREQ	ins_5	27
SKNSH_skew	[-1.0,-0.5)	non-cCRE	LOW_FREQ	ins_6	23
SKNSH_skew	[-1.0,-0.5)	non-cCRE	LOW_FREQ	ins_7	10
SKNSH_skew	[-1.0,-0.5)	non-cCRE	LOW_FREQ	ins_8	17
SKNSH_skew	[-1.0,-0.5)	non-cCRE	LOW_FREQ	ins_9	10
SKNSH_skew	[-1.0,-0.5)	non-cCRE	RARE	del_1	1051
SKNSH_skew	[-1.0,-0.5)	non-cCRE	RARE	del_10plus	674
SKNSH_skew	[-1.0,-0.5)	non-cCRE	RARE	del_2	389
SKNSH_skew	[-1.0,-0.5)	non-cCRE	RARE	del_3	276
SKNSH_skew	[-1.0,-0.5)	non-cCRE	RARE	del_4	274
SKNSH_skew	[-1.0,-0.5)	non-cCRE	RARE	del_5	137
SKNSH_skew	[-1.0,-0.5)	non-cCRE	RARE	del_6	126
SKNSH_skew	[-1.0,-0.5)	non-cCRE	RARE	del_7	90
SKNSH_skew	[-1.0,-0.5)	non-cCRE	RARE	del_8	97
SKNSH_skew	[-1.0,-0.5)	non-cCRE	RARE	del_9	52
SKNSH_skew	[-1.0,-0.5)	non-cCRE	RARE	ins_1	357
SKNSH_skew	[-1.0,-0.5)	non-cCRE	RARE	ins_10plus	346
SKNSH_skew	[-1.0,-0.5)	non-cCRE	RARE	ins_2	214
SKNSH_skew	[-1.0,-0.5)	non-cCRE	RARE	ins_3	76
SKNSH_skew	[-1.0,-0.5)	non-cCRE	RARE	ins_4	97
SKNSH_skew	[-1.0,-0.5)	non-cCRE	RARE	ins_5	41
SKNSH_skew	[-1.0,-0.5)	non-cCRE	RARE	ins_6	42
SKNSH_skew	[-1.0,-0.5)	non-cCRE	RARE	ins_7	27
SKNSH_skew	[-1.0,-0.5)	non-cCRE	RARE	ins_8	37
SKNSH_skew	[-1.0,-0.5)	non-cCRE	RARE	ins_9	34
SKNSH_skew	[-1.0,-0.5)	non-cCRE	SINGLETON	del_1	12388
SKNSH_skew	[-1.0,-0.5)	non-cCRE	SINGLETON	del_10plus	4296
SKNSH_skew	[-1.0,-0.5)	non-cCRE	SINGLETON	del_2	3154
SKNSH_skew	[-1.0,-0.5)	non-cCRE	SINGLETON	del_3	2536
SKNSH_skew	[-1.0,-0.5)	non-cCRE	SINGLETON	del_4	1796
SKNSH_skew	[-1.0,-0.5)	non-cCRE	SINGLETON	del_5	970
SKNSH_skew	[-1.0,-0.5)	non-cCRE	SINGLETON	del_6	987
SKNSH_skew	[-1.0,-0.5)	non-cCRE	SINGLETON	del_7	775
SKNSH_skew	[-1.0,-0.5)	non-cCRE	SINGLETON	del_8	721
SKNSH_skew	[-1.0,-0.5)	non-cCRE	SINGLETON	del_9	439
SKNSH_skew	[-1.0,-0.5)	non-cCRE	SINGLETON	ins_1	3359
SKNSH_skew	[-1.0,-0.5)	non-cCRE	SINGLETON	ins_10plus	1929
SKNSH_skew	[-1.0,-0.5)	non-cCRE	SINGLETON	ins_2	1352
SKNSH_skew	[-1.0,-0.5)	non-cCRE	SINGLETON	ins_3	651
SKNSH_skew	[-1.0,-0.5)	non-cCRE	SINGLETON	ins_4	769
SKNSH_skew	[-1.0,-0.5)	non-cCRE	SINGLETON	ins_5	337
SKNSH_skew	[-1.0,-0.5)	non-cCRE	SINGLETON	ins_6	268
SKNSH_skew	[-1.0,-0.5)	non-cCRE	SINGLETON	ins_7	178
SKNSH_skew	[-1.0,-0.5)	non-cCRE	SINGLETON	ins_8	236
SKNSH_skew	[-1.0,-0.5)	non-cCRE	SINGLETON	ins_9	239
SKNSH_skew	[-1.0,-0.5)	non-cCRE	ULTRARARE	del_1	6746
SKNSH_skew	[-1.0,-0.5)	non-cCRE	ULTRARARE	del_10plus	2783
SKNSH_skew	[-1.0,-0.5)	non-cCRE	ULTRARARE	del_2	1936
SKNSH_skew	[-1.0,-0.5)	non-cCRE	ULTRARARE	del_3	1560
SKNSH_skew	[-1.0,-0.5)	non-cCRE	ULTRARARE	del_4	1306
SKNSH_skew	[-1.0,-0.5)	non-cCRE	ULTRARARE	del_5	635
SKNSH_skew	[-1.0,-0.5)	non-cCRE	ULTRARARE	del_6	631
SKNSH_skew	[-1.0,-0.5)	non-cCRE	ULTRARARE	del_7	465
SKNSH_skew	[-1.0,-0.5)	non-cCRE	ULTRARARE	del_8	445
SKNSH_skew	[-1.0,-0.5)	non-cCRE	ULTRARARE	del_9	258
SKNSH_skew	[-1.0,-0.5)	non-cCRE	ULTRARARE	ins_1	1972
SKNSH_skew	[-1.0,-0.5)	non-cCRE	ULTRARARE	ins_10plus	1231
SKNSH_skew	[-1.0,-0.5)	non-cCRE	ULTRARARE	ins_2	923
SKNSH_skew	[-1.0,-0.5)	non-cCRE	ULTRARARE	ins_3	359
SKNSH_skew	[-1.0,-0.5)	non-cCRE	ULTRARARE	ins_4	425
SKNSH_skew	[-1.0,-0.5)	non-cCRE	ULTRARARE	ins_5	210
SKNSH_skew	[-1.0,-0.5)	non-cCRE	ULTRARARE	ins_6	189
SKNSH_skew	[-1.0,-0.5)	non-cCRE	ULTRARARE	ins_7	102
SKNSH_skew	[-1.0,-0.5)	non-cCRE	ULTRARARE	ins_8	135
SKNSH_skew	[-1.0,-0.5)	non-cCRE	ULTRARARE	ins_9	160
SKNSH_skew	[-1.0,-0.5)	pELS	COMMON	del_1	32
SKNSH_skew	[-1.0,-0.5)	pELS	COMMON	del_10plus	12
SKNSH_skew	[-1.0,-0.5)	pELS	COMMON	del_2	10
SKNSH_skew	[-1.0,-0.5)	pELS	COMMON	del_3	13
SKNSH_skew	[-1.0,-0.5)	pELS	COMMON	del_4	7
SKNSH_skew	[-1.0,-0.5)	pELS	COMMON	del_5	4
SKNSH_skew	[-1.0,-0.5)	pELS	COMMON	del_6	1
SKNSH_skew	[-1.0,-0.5)	pELS	COMMON	del_7	3
SKNSH_skew	[-1.0,-0.5)	pELS	COMMON	del_8	5
SKNSH_skew	[-1.0,-0.5)	pELS	COMMON	ins_1	15
SKNSH_skew	[-1.0,-0.5)	pELS	COMMON	ins_10plus	7
SKNSH_skew	[-1.0,-0.5)	pELS	COMMON	ins_2	7
SKNSH_skew	[-1.0,-0.5)	pELS	COMMON	ins_3	9
SKNSH_skew	[-1.0,-0.5)	pELS	COMMON	ins_4	4
SKNSH_skew	[-1.0,-0.5)	pELS	COMMON	ins_5	2
SKNSH_skew	[-1.0,-0.5)	pELS	LOW_FREQ	del_1	41
SKNSH_skew	[-1.0,-0.5)	pELS	LOW_FREQ	del_10plus	27
SKNSH_skew	[-1.0,-0.5)	pELS	LOW_FREQ	del_2	14
SKNSH_skew	[-1.0,-0.5)	pELS	LOW_FREQ	del_3	9
SKNSH_skew	[-1.0,-0.5)	pELS	LOW_FREQ	del_4	12
SKNSH_skew	[-1.0,-0.5)	pELS	LOW_FREQ	del_5	5
SKNSH_skew	[-1.0,-0.5)	pELS	LOW_FREQ	del_6	9
SKNSH_skew	[-1.0,-0.5)	pELS	LOW_FREQ	del_8	4
SKNSH_skew	[-1.0,-0.5)	pELS	LOW_FREQ	del_9	6
SKNSH_skew	[-1.0,-0.5)	pELS	LOW_FREQ	ins_1	10
SKNSH_skew	[-1.0,-0.5)	pELS	LOW_FREQ	ins_10plus	14
SKNSH_skew	[-1.0,-0.5)	pELS	LOW_FREQ	ins_2	5
SKNSH_skew	[-1.0,-0.5)	pELS	LOW_FREQ	ins_3	2
SKNSH_skew	[-1.0,-0.5)	pELS	LOW_FREQ	ins_4	2
SKNSH_skew	[-1.0,-0.5)	pELS	LOW_FREQ	ins_5	3
SKNSH_skew	[-1.0,-0.5)	pELS	LOW_FREQ	ins_6	1
SKNSH_skew	[-1.0,-0.5)	pELS	LOW_FREQ	ins_7	2
SKNSH_skew	[-1.0,-0.5)	pELS	LOW_FREQ	ins_8	1
SKNSH_skew	[-1.0,-0.5)	pELS	LOW_FREQ	ins_9	4
SKNSH_skew	[-1.0,-0.5)	pELS	RARE	del_1	97
SKNSH_skew	[-1.0,-0.5)	pELS	RARE	del_10plus	73
SKNSH_skew	[-1.0,-0.5)	pELS	RARE	del_2	36
SKNSH_skew	[-1.0,-0.5)	pELS	RARE	del_3	32
SKNSH_skew	[-1.0,-0.5)	pELS	RARE	del_4	33
SKNSH_skew	[-1.0,-0.5)	pELS	RARE	del_5	4
SKNSH_skew	[-1.0,-0.5)	pELS	RARE	del_6	11
SKNSH_skew	[-1.0,-0.5)	pELS	RARE	del_7	6
SKNSH_skew	[-1.0,-0.5)	pELS	RARE	del_8	16
SKNSH_skew	[-1.0,-0.5)	pELS	RARE	del_9	3
SKNSH_skew	[-1.0,-0.5)	pELS	RARE	ins_1	43
SKNSH_skew	[-1.0,-0.5)	pELS	RARE	ins_10plus	35
SKNSH_skew	[-1.0,-0.5)	pELS	RARE	ins_2	17
SKNSH_skew	[-1.0,-0.5)	pELS	RARE	ins_3	7
SKNSH_skew	[-1.0,-0.5)	pELS	RARE	ins_4	8
SKNSH_skew	[-1.0,-0.5)	pELS	RARE	ins_5	4
SKNSH_skew	[-1.0,-0.5)	pELS	RARE	ins_6	3
SKNSH_skew	[-1.0,-0.5)	pELS	RARE	ins_7	1
SKNSH_skew	[-1.0,-0.5)	pELS	RARE	ins_8	1
SKNSH_skew	[-1.0,-0.5)	pELS	RARE	ins_9	2
SKNSH_skew	[-1.0,-0.5)	pELS	SINGLETON	del_1	1365
SKNSH_skew	[-1.0,-0.5)	pELS	SINGLETON	del_10plus	503
SKNSH_skew	[-1.0,-0.5)	pELS	SINGLETON	del_2	371
SKNSH_skew	[-1.0,-0.5)	pELS	SINGLETON	del_3	297
SKNSH_skew	[-1.0,-0.5)	pELS	SINGLETON	del_4	192
SKNSH_skew	[-1.0,-0.5)	pELS	SINGLETON	del_5	100
SKNSH_skew	[-1.0,-0.5)	pELS	SINGLETON	del_6	99
SKNSH_skew	[-1.0,-0.5)	pELS	SINGLETON	del_7	75
SKNSH_skew	[-1.0,-0.5)	pELS	SINGLETON	del_8	68
SKNSH_skew	[-1.0,-0.5)	pELS	SINGLETON	del_9	55
SKNSH_skew	[-1.0,-0.5)	pELS	SINGLETON	ins_1	520
SKNSH_skew	[-1.0,-0.5)	pELS	SINGLETON	ins_10plus	214
SKNSH_skew	[-1.0,-0.5)	pELS	SINGLETON	ins_2	163
SKNSH_skew	[-1.0,-0.5)	pELS	SINGLETON	ins_3	83
SKNSH_skew	[-1.0,-0.5)	pELS	SINGLETON	ins_4	77
SKNSH_skew	[-1.0,-0.5)	pELS	SINGLETON	ins_5	47
SKNSH_skew	[-1.0,-0.5)	pELS	SINGLETON	ins_6	37
SKNSH_skew	[-1.0,-0.5)	pELS	SINGLETON	ins_7	17
SKNSH_skew	[-1.0,-0.5)	pELS	SINGLETON	ins_8	22
SKNSH_skew	[-1.0,-0.5)	pELS	SINGLETON	ins_9	33
SKNSH_skew	[-1.0,-0.5)	pELS	ULTRARARE	del_1	725
SKNSH_skew	[-1.0,-0.5)	pELS	ULTRARARE	del_10plus	325
SKNSH_skew	[-1.0,-0.5)	pELS	ULTRARARE	del_2	224
SKNSH_skew	[-1.0,-0.5)	pELS	ULTRARARE	del_3	200
SKNSH_skew	[-1.0,-0.5)	pELS	ULTRARARE	del_4	165
SKNSH_skew	[-1.0,-0.5)	pELS	ULTRARARE	del_5	67
SKNSH_skew	[-1.0,-0.5)	pELS	ULTRARARE	del_6	69
SKNSH_skew	[-1.0,-0.5)	pELS	ULTRARARE	del_7	46
SKNSH_skew	[-1.0,-0.5)	pELS	ULTRARARE	del_8	46
SKNSH_skew	[-1.0,-0.5)	pELS	ULTRARARE	del_9	28
SKNSH_skew	[-1.0,-0.5)	pELS	ULTRARARE	ins_1	318
SKNSH_skew	[-1.0,-0.5)	pELS	ULTRARARE	ins_10plus	111
SKNSH_skew	[-1.0,-0.5)	pELS	ULTRARARE	ins_2	79
SKNSH_skew	[-1.0,-0.5)	pELS	ULTRARARE	ins_3	42
SKNSH_skew	[-1.0,-0.5)	pELS	ULTRARARE	ins_4	54
SKNSH_skew	[-1.0,-0.5)	pELS	ULTRARARE	ins_5	21
SKNSH_skew	[-1.0,-0.5)	pELS	ULTRARARE	ins_6	25
SKNSH_skew	[-1.0,-0.5)	pELS	ULTRARARE	ins_7	13
SKNSH_skew	[-1.0,-0.5)	pELS	ULTRARARE	ins_8	16
SKNSH_skew	[-1.0,-0.5)	pELS	ULTRARARE	ins_9	17
SKNSH_skew	[-1.5,-1.0)	Other cCREs	COMMON	del_1	18
SKNSH_skew	[-1.5,-1.0)	Other cCREs	COMMON	del_10plus	13
SKNSH_skew	[-1.5,-1.0)	Other cCREs	COMMON	del_2	5
SKNSH_skew	[-1.5,-1.0)	Other cCREs	COMMON	del_3	4
SKNSH_skew	[-1.5,-1.0)	Other cCREs	COMMON	del_4	3
SKNSH_skew	[-1.5,-1.0)	Other cCREs	COMMON	del_5	1
SKNSH_skew	[-1.5,-1.0)	Other cCREs	COMMON	del_6	2
SKNSH_skew	[-1.5,-1.0)	Other cCREs	COMMON	del_7	3
SKNSH_skew	[-1.5,-1.0)	Other cCREs	COMMON	del_8	2
SKNSH_skew	[-1.5,-1.0)	Other cCREs	COMMON	ins_1	6
SKNSH_skew	[-1.5,-1.0)	Other cCREs	COMMON	ins_10plus	1
SKNSH_skew	[-1.5,-1.0)	Other cCREs	COMMON	ins_2	3
SKNSH_skew	[-1.5,-1.0)	Other cCREs	COMMON	ins_4	4
SKNSH_skew	[-1.5,-1.0)	Other cCREs	COMMON	ins_5	1
SKNSH_skew	[-1.5,-1.0)	Other cCREs	COMMON	ins_6	1
SKNSH_skew	[-1.5,-1.0)	Other cCREs	LOW_FREQ	del_1	17
SKNSH_skew	[-1.5,-1.0)	Other cCREs	LOW_FREQ	del_10plus	25
SKNSH_skew	[-1.5,-1.0)	Other cCREs	LOW_FREQ	del_2	3
SKNSH_skew	[-1.5,-1.0)	Other cCREs	LOW_FREQ	del_3	5
SKNSH_skew	[-1.5,-1.0)	Other cCREs	LOW_FREQ	del_4	3
SKNSH_skew	[-1.5,-1.0)	Other cCREs	LOW_FREQ	del_6	1
SKNSH_skew	[-1.5,-1.0)	Other cCREs	LOW_FREQ	del_7	2
SKNSH_skew	[-1.5,-1.0)	Other cCREs	LOW_FREQ	del_8	2
SKNSH_skew	[-1.5,-1.0)	Other cCREs	LOW_FREQ	ins_1	10
SKNSH_skew	[-1.5,-1.0)	Other cCREs	LOW_FREQ	ins_2	3
SKNSH_skew	[-1.5,-1.0)	Other cCREs	LOW_FREQ	ins_4	1
SKNSH_skew	[-1.5,-1.0)	Other cCREs	RARE	del_1	49
SKNSH_skew	[-1.5,-1.0)	Other cCREs	RARE	del_10plus	33
SKNSH_skew	[-1.5,-1.0)	Other cCREs	RARE	del_2	13
SKNSH_skew	[-1.5,-1.0)	Other cCREs	RARE	del_3	12
SKNSH_skew	[-1.5,-1.0)	Other cCREs	RARE	del_4	10
SKNSH_skew	[-1.5,-1.0)	Other cCREs	RARE	del_5	6
SKNSH_skew	[-1.5,-1.0)	Other cCREs	RARE	del_6	13
SKNSH_skew	[-1.5,-1.0)	Other cCREs	RARE	del_7	2
SKNSH_skew	[-1.5,-1.0)	Other cCREs	RARE	del_8	8
SKNSH_skew	[-1.5,-1.0)	Other cCREs	RARE	del_9	3
SKNSH_skew	[-1.5,-1.0)	Other cCREs	RARE	ins_1	15
SKNSH_skew	[-1.5,-1.0)	Other cCREs	RARE	ins_10plus	2
SKNSH_skew	[-1.5,-1.0)	Other cCREs	RARE	ins_2	9
SKNSH_skew	[-1.5,-1.0)	Other cCREs	RARE	ins_3	4
SKNSH_skew	[-1.5,-1.0)	Other cCREs	RARE	ins_4	5
SKNSH_skew	[-1.5,-1.0)	Other cCREs	RARE	ins_5	1
SKNSH_skew	[-1.5,-1.0)	Other cCREs	RARE	ins_8	1
SKNSH_skew	[-1.5,-1.0)	Other cCREs	SINGLETON	del_1	543
SKNSH_skew	[-1.5,-1.0)	Other cCREs	SINGLETON	del_10plus	198
SKNSH_skew	[-1.5,-1.0)	Other cCREs	SINGLETON	del_2	123
SKNSH_skew	[-1.5,-1.0)	Other cCREs	SINGLETON	del_3	90
SKNSH_skew	[-1.5,-1.0)	Other cCREs	SINGLETON	del_4	84
SKNSH_skew	[-1.5,-1.0)	Other cCREs	SINGLETON	del_5	26
SKNSH_skew	[-1.5,-1.0)	Other cCREs	SINGLETON	del_6	50
SKNSH_skew	[-1.5,-1.0)	Other cCREs	SINGLETON	del_7	27
SKNSH_skew	[-1.5,-1.0)	Other cCREs	SINGLETON	del_8	24
SKNSH_skew	[-1.5,-1.0)	Other cCREs	SINGLETON	del_9	25
SKNSH_skew	[-1.5,-1.0)	Other cCREs	SINGLETON	ins_1	130
SKNSH_skew	[-1.5,-1.0)	Other cCREs	SINGLETON	ins_10plus	32
SKNSH_skew	[-1.5,-1.0)	Other cCREs	SINGLETON	ins_2	45
SKNSH_skew	[-1.5,-1.0)	Other cCREs	SINGLETON	ins_3	20
SKNSH_skew	[-1.5,-1.0)	Other cCREs	SINGLETON	ins_4	31
SKNSH_skew	[-1.5,-1.0)	Other cCREs	SINGLETON	ins_5	7
SKNSH_skew	[-1.5,-1.0)	Other cCREs	SINGLETON	ins_6	7
SKNSH_skew	[-1.5,-1.0)	Other cCREs	SINGLETON	ins_7	4
SKNSH_skew	[-1.5,-1.0)	Other cCREs	SINGLETON	ins_8	9
SKNSH_skew	[-1.5,-1.0)	Other cCREs	SINGLETON	ins_9	7
SKNSH_skew	[-1.5,-1.0)	Other cCREs	ULTRARARE	del_1	251
SKNSH_skew	[-1.5,-1.0)	Other cCREs	ULTRARARE	del_10plus	123
SKNSH_skew	[-1.5,-1.0)	Other cCREs	ULTRARARE	del_2	92
SKNSH_skew	[-1.5,-1.0)	Other cCREs	ULTRARARE	del_3	57
SKNSH_skew	[-1.5,-1.0)	Other cCREs	ULTRARARE	del_4	79
SKNSH_skew	[-1.5,-1.0)	Other cCREs	ULTRARARE	del_5	28
SKNSH_skew	[-1.5,-1.0)	Other cCREs	ULTRARARE	del_6	26
SKNSH_skew	[-1.5,-1.0)	Other cCREs	ULTRARARE	del_7	17
SKNSH_skew	[-1.5,-1.0)	Other cCREs	ULTRARARE	del_8	16
SKNSH_skew	[-1.5,-1.0)	Other cCREs	ULTRARARE	del_9	9
SKNSH_skew	[-1.5,-1.0)	Other cCREs	ULTRARARE	ins_1	80
SKNSH_skew	[-1.5,-1.0)	Other cCREs	ULTRARARE	ins_10plus	23
SKNSH_skew	[-1.5,-1.0)	Other cCREs	ULTRARARE	ins_2	35
SKNSH_skew	[-1.5,-1.0)	Other cCREs	ULTRARARE	ins_3	21
SKNSH_skew	[-1.5,-1.0)	Other cCREs	ULTRARARE	ins_4	14
SKNSH_skew	[-1.5,-1.0)	Other cCREs	ULTRARARE	ins_5	8
SKNSH_skew	[-1.5,-1.0)	Other cCREs	ULTRARARE	ins_6	4
SKNSH_skew	[-1.5,-1.0)	Other cCREs	ULTRARARE	ins_8	5
SKNSH_skew	[-1.5,-1.0)	Other cCREs	ULTRARARE	ins_9	3
SKNSH_skew	[-1.5,-1.0)	PLS	COMMON	del_1	1
SKNSH_skew	[-1.5,-1.0)	PLS	COMMON	del_10plus	5
SKNSH_skew	[-1.5,-1.0)	PLS	COMMON	del_2	1
SKNSH_skew	[-1.5,-1.0)	PLS	COMMON	del_7	1
SKNSH_skew	[-1.5,-1.0)	PLS	COMMON	ins_1	1
SKNSH_skew	[-1.5,-1.0)	PLS	COMMON	ins_10plus	1
SKNSH_skew	[-1.5,-1.0)	PLS	COMMON	ins_4	1
SKNSH_skew	[-1.5,-1.0)	PLS	COMMON	ins_7	1
SKNSH_skew	[-1.5,-1.0)	PLS	COMMON	ins_8	1
SKNSH_skew	[-1.5,-1.0)	PLS	LOW_FREQ	del_1	4
SKNSH_skew	[-1.5,-1.0)	PLS	LOW_FREQ	del_10plus	7
SKNSH_skew	[-1.5,-1.0)	PLS	LOW_FREQ	del_2	3
SKNSH_skew	[-1.5,-1.0)	PLS	LOW_FREQ	del_4	2
SKNSH_skew	[-1.5,-1.0)	PLS	LOW_FREQ	del_6	1
SKNSH_skew	[-1.5,-1.0)	PLS	LOW_FREQ	ins_2	1
SKNSH_skew	[-1.5,-1.0)	PLS	RARE	del_1	16
SKNSH_skew	[-1.5,-1.0)	PLS	RARE	del_10plus	12
SKNSH_skew	[-1.5,-1.0)	PLS	RARE	del_2	4
SKNSH_skew	[-1.5,-1.0)	PLS	RARE	del_3	1
SKNSH_skew	[-1.5,-1.0)	PLS	RARE	del_4	3
SKNSH_skew	[-1.5,-1.0)	PLS	RARE	del_5	1
SKNSH_skew	[-1.5,-1.0)	PLS	RARE	del_6	4
SKNSH_skew	[-1.5,-1.0)	PLS	RARE	del_7	1
SKNSH_skew	[-1.5,-1.0)	PLS	RARE	del_9	1
SKNSH_skew	[-1.5,-1.0)	PLS	RARE	ins_1	6
SKNSH_skew	[-1.5,-1.0)	PLS	RARE	ins_10plus	3
SKNSH_skew	[-1.5,-1.0)	PLS	RARE	ins_2	2
SKNSH_skew	[-1.5,-1.0)	PLS	RARE	ins_3	1
SKNSH_skew	[-1.5,-1.0)	PLS	RARE	ins_4	2
SKNSH_skew	[-1.5,-1.0)	PLS	RARE	ins_6	1
SKNSH_skew	[-1.5,-1.0)	PLS	RARE	ins_8	1
SKNSH_skew	[-1.5,-1.0)	PLS	RARE	ins_9	1
SKNSH_skew	[-1.5,-1.0)	PLS	SINGLETON	del_1	174
SKNSH_skew	[-1.5,-1.0)	PLS	SINGLETON	del_10plus	105
SKNSH_skew	[-1.5,-1.0)	PLS	SINGLETON	del_2	34
SKNSH_skew	[-1.5,-1.0)	PLS	SINGLETON	del_3	31
SKNSH_skew	[-1.5,-1.0)	PLS	SINGLETON	del_4	21
SKNSH_skew	[-1.5,-1.0)	PLS	SINGLETON	del_5	19
SKNSH_skew	[-1.5,-1.0)	PLS	SINGLETON	del_6	24
SKNSH_skew	[-1.5,-1.0)	PLS	SINGLETON	del_7	15
SKNSH_skew	[-1.5,-1.0)	PLS	SINGLETON	del_8	7
SKNSH_skew	[-1.5,-1.0)	PLS	SINGLETON	del_9	9
SKNSH_skew	[-1.5,-1.0)	PLS	SINGLETON	ins_1	46
SKNSH_skew	[-1.5,-1.0)	PLS	SINGLETON	ins_10plus	15
SKNSH_skew	[-1.5,-1.0)	PLS	SINGLETON	ins_2	12
SKNSH_skew	[-1.5,-1.0)	PLS	SINGLETON	ins_3	7
SKNSH_skew	[-1.5,-1.0)	PLS	SINGLETON	ins_4	4
SKNSH_skew	[-1.5,-1.0)	PLS	SINGLETON	ins_5	4
SKNSH_skew	[-1.5,-1.0)	PLS	SINGLETON	ins_6	3
SKNSH_skew	[-1.5,-1.0)	PLS	SINGLETON	ins_7	2
SKNSH_skew	[-1.5,-1.0)	PLS	SINGLETON	ins_8	2
SKNSH_skew	[-1.5,-1.0)	PLS	SINGLETON	ins_9	1
SKNSH_skew	[-1.5,-1.0)	PLS	ULTRARARE	del_1	95
SKNSH_skew	[-1.5,-1.0)	PLS	ULTRARARE	del_10plus	62
SKNSH_skew	[-1.5,-1.0)	PLS	ULTRARARE	del_2	12
SKNSH_skew	[-1.5,-1.0)	PLS	ULTRARARE	del_3	14
SKNSH_skew	[-1.5,-1.0)	PLS	ULTRARARE	del_4	19
SKNSH_skew	[-1.5,-1.0)	PLS	ULTRARARE	del_5	5
SKNSH_skew	[-1.5,-1.0)	PLS	ULTRARARE	del_6	12
SKNSH_skew	[-1.5,-1.0)	PLS	ULTRARARE	del_7	6
SKNSH_skew	[-1.5,-1.0)	PLS	ULTRARARE	del_8	7
SKNSH_skew	[-1.5,-1.0)	PLS	ULTRARARE	del_9	5
SKNSH_skew	[-1.5,-1.0)	PLS	ULTRARARE	ins_1	37
SKNSH_skew	[-1.5,-1.0)	PLS	ULTRARARE	ins_10plus	13
SKNSH_skew	[-1.5,-1.0)	PLS	ULTRARARE	ins_2	10
SKNSH_skew	[-1.5,-1.0)	PLS	ULTRARARE	ins_3	8
SKNSH_skew	[-1.5,-1.0)	PLS	ULTRARARE	ins_4	5
SKNSH_skew	[-1.5,-1.0)	PLS	ULTRARARE	ins_5	4
SKNSH_skew	[-1.5,-1.0)	PLS	ULTRARARE	ins_7	1
SKNSH_skew	[-1.5,-1.0)	PLS	ULTRARARE	ins_8	2
SKNSH_skew	[-1.5,-1.0)	PLS	ULTRARARE	ins_9	1
SKNSH_skew	[-1.5,-1.0)	dELS	COMMON	del_1	37
SKNSH_skew	[-1.5,-1.0)	dELS	COMMON	del_10plus	27
SKNSH_skew	[-1.5,-1.0)	dELS	COMMON	del_2	23
SKNSH_skew	[-1.5,-1.0)	dELS	COMMON	del_3	7
SKNSH_skew	[-1.5,-1.0)	dELS	COMMON	del_4	6
SKNSH_skew	[-1.5,-1.0)	dELS	COMMON	del_6	11
SKNSH_skew	[-1.5,-1.0)	dELS	COMMON	del_7	4
SKNSH_skew	[-1.5,-1.0)	dELS	COMMON	del_8	3
SKNSH_skew	[-1.5,-1.0)	dELS	COMMON	ins_1	22
SKNSH_skew	[-1.5,-1.0)	dELS	COMMON	ins_10plus	6
SKNSH_skew	[-1.5,-1.0)	dELS	COMMON	ins_2	8
SKNSH_skew	[-1.5,-1.0)	dELS	COMMON	ins_3	3
SKNSH_skew	[-1.5,-1.0)	dELS	COMMON	ins_4	2
SKNSH_skew	[-1.5,-1.0)	dELS	COMMON	ins_5	1
SKNSH_skew	[-1.5,-1.0)	dELS	COMMON	ins_6	3
SKNSH_skew	[-1.5,-1.0)	dELS	COMMON	ins_7	1
SKNSH_skew	[-1.5,-1.0)	dELS	COMMON	ins_8	1
SKNSH_skew	[-1.5,-1.0)	dELS	LOW_FREQ	del_1	58
SKNSH_skew	[-1.5,-1.0)	dELS	LOW_FREQ	del_10plus	34
SKNSH_skew	[-1.5,-1.0)	dELS	LOW_FREQ	del_2	25
SKNSH_skew	[-1.5,-1.0)	dELS	LOW_FREQ	del_3	15
SKNSH_skew	[-1.5,-1.0)	dELS	LOW_FREQ	del_4	13
SKNSH_skew	[-1.5,-1.0)	dELS	LOW_FREQ	del_5	5
SKNSH_skew	[-1.5,-1.0)	dELS	LOW_FREQ	del_6	12
SKNSH_skew	[-1.5,-1.0)	dELS	LOW_FREQ	del_7	8
SKNSH_skew	[-1.5,-1.0)	dELS	LOW_FREQ	del_8	12
SKNSH_skew	[-1.5,-1.0)	dELS	LOW_FREQ	del_9	5
SKNSH_skew	[-1.5,-1.0)	dELS	LOW_FREQ	ins_1	21
SKNSH_skew	[-1.5,-1.0)	dELS	LOW_FREQ	ins_10plus	8
SKNSH_skew	[-1.5,-1.0)	dELS	LOW_FREQ	ins_2	7
SKNSH_skew	[-1.5,-1.0)	dELS	LOW_FREQ	ins_3	2
SKNSH_skew	[-1.5,-1.0)	dELS	LOW_FREQ	ins_4	6
SKNSH_skew	[-1.5,-1.0)	dELS	LOW_FREQ	ins_5	1
SKNSH_skew	[-1.5,-1.0)	dELS	LOW_FREQ	ins_6	2
SKNSH_skew	[-1.5,-1.0)	dELS	LOW_FREQ	ins_7	2
SKNSH_skew	[-1.5,-1.0)	dELS	RARE	del_1	138
SKNSH_skew	[-1.5,-1.0)	dELS	RARE	del_10plus	91
SKNSH_skew	[-1.5,-1.0)	dELS	RARE	del_2	64
SKNSH_skew	[-1.5,-1.0)	dELS	RARE	del_3	30
SKNSH_skew	[-1.5,-1.0)	dELS	RARE	del_4	30
SKNSH_skew	[-1.5,-1.0)	dELS	RARE	del_5	9
SKNSH_skew	[-1.5,-1.0)	dELS	RARE	del_6	18
SKNSH_skew	[-1.5,-1.0)	dELS	RARE	del_7	16
SKNSH_skew	[-1.5,-1.0)	dELS	RARE	del_8	12
SKNSH_skew	[-1.5,-1.0)	dELS	RARE	del_9	8
SKNSH_skew	[-1.5,-1.0)	dELS	RARE	ins_1	44
SKNSH_skew	[-1.5,-1.0)	dELS	RARE	ins_10plus	15
SKNSH_skew	[-1.5,-1.0)	dELS	RARE	ins_2	25
SKNSH_skew	[-1.5,-1.0)	dELS	RARE	ins_3	7
SKNSH_skew	[-1.5,-1.0)	dELS	RARE	ins_4	8
SKNSH_skew	[-1.5,-1.0)	dELS	RARE	ins_5	2
SKNSH_skew	[-1.5,-1.0)	dELS	RARE	ins_6	3
SKNSH_skew	[-1.5,-1.0)	dELS	RARE	ins_8	5
SKNSH_skew	[-1.5,-1.0)	dELS	RARE	ins_9	2
SKNSH_skew	[-1.5,-1.0)	dELS	SINGLETON	del_1	1828
SKNSH_skew	[-1.5,-1.0)	dELS	SINGLETON	del_10plus	623
SKNSH_skew	[-1.5,-1.0)	dELS	SINGLETON	del_2	516
SKNSH_skew	[-1.5,-1.0)	dELS	SINGLETON	del_3	325
SKNSH_skew	[-1.5,-1.0)	dELS	SINGLETON	del_4	278
SKNSH_skew	[-1.5,-1.0)	dELS	SINGLETON	del_5	138
SKNSH_skew	[-1.5,-1.0)	dELS	SINGLETON	del_6	150
SKNSH_skew	[-1.5,-1.0)	dELS	SINGLETON	del_7	103
SKNSH_skew	[-1.5,-1.0)	dELS	SINGLETON	del_8	104
SKNSH_skew	[-1.5,-1.0)	dELS	SINGLETON	del_9	58
SKNSH_skew	[-1.5,-1.0)	dELS	SINGLETON	ins_1	507
SKNSH_skew	[-1.5,-1.0)	dELS	SINGLETON	ins_10plus	87
SKNSH_skew	[-1.5,-1.0)	dELS	SINGLETON	ins_2	143
SKNSH_skew	[-1.5,-1.0)	dELS	SINGLETON	ins_3	61
SKNSH_skew	[-1.5,-1.0)	dELS	SINGLETON	ins_4	76
SKNSH_skew	[-1.5,-1.0)	dELS	SINGLETON	ins_5	30
SKNSH_skew	[-1.5,-1.0)	dELS	SINGLETON	ins_6	25
SKNSH_skew	[-1.5,-1.0)	dELS	SINGLETON	ins_7	19
SKNSH_skew	[-1.5,-1.0)	dELS	SINGLETON	ins_8	15
SKNSH_skew	[-1.5,-1.0)	dELS	SINGLETON	ins_9	15
SKNSH_skew	[-1.5,-1.0)	dELS	ULTRARARE	del_1	997
SKNSH_skew	[-1.5,-1.0)	dELS	ULTRARARE	del_10plus	448
SKNSH_skew	[-1.5,-1.0)	dELS	ULTRARARE	del_2	312
SKNSH_skew	[-1.5,-1.0)	dELS	ULTRARARE	del_3	201
SKNSH_skew	[-1.5,-1.0)	dELS	ULTRARARE	del_4	207
SKNSH_skew	[-1.5,-1.0)	dELS	ULTRARARE	del_5	82
SKNSH_skew	[-1.5,-1.0)	dELS	ULTRARARE	del_6	87
SKNSH_skew	[-1.5,-1.0)	dELS	ULTRARARE	del_7	45
SKNSH_skew	[-1.5,-1.0)	dELS	ULTRARARE	del_8	56
SKNSH_skew	[-1.5,-1.0)	dELS	ULTRARARE	del_9	41
SKNSH_skew	[-1.5,-1.0)	dELS	ULTRARARE	ins_1	267
SKNSH_skew	[-1.5,-1.0)	dELS	ULTRARARE	ins_10plus	62
SKNSH_skew	[-1.5,-1.0)	dELS	ULTRARARE	ins_2	92
SKNSH_skew	[-1.5,-1.0)	dELS	ULTRARARE	ins_3	53
SKNSH_skew	[-1.5,-1.0)	dELS	ULTRARARE	ins_4	60
SKNSH_skew	[-1.5,-1.0)	dELS	ULTRARARE	ins_5	26
SKNSH_skew	[-1.5,-1.0)	dELS	ULTRARARE	ins_6	20
SKNSH_skew	[-1.5,-1.0)	dELS	ULTRARARE	ins_7	10
SKNSH_skew	[-1.5,-1.0)	dELS	ULTRARARE	ins_8	9
SKNSH_skew	[-1.5,-1.0)	dELS	ULTRARARE	ins_9	8
SKNSH_skew	[-1.5,-1.0)	non-cCRE	COMMON	del_1	53
SKNSH_skew	[-1.5,-1.0)	non-cCRE	COMMON	del_10plus	36
SKNSH_skew	[-1.5,-1.0)	non-cCRE	COMMON	del_2	23
SKNSH_skew	[-1.5,-1.0)	non-cCRE	COMMON	del_3	3
SKNSH_skew	[-1.5,-1.0)	non-cCRE	COMMON	del_4	21
SKNSH_skew	[-1.5,-1.0)	non-cCRE	COMMON	del_5	3
SKNSH_skew	[-1.5,-1.0)	non-cCRE	COMMON	del_6	12
SKNSH_skew	[-1.5,-1.0)	non-cCRE	COMMON	del_7	5
SKNSH_skew	[-1.5,-1.0)	non-cCRE	COMMON	del_8	5
SKNSH_skew	[-1.5,-1.0)	non-cCRE	COMMON	del_9	1
SKNSH_skew	[-1.5,-1.0)	non-cCRE	COMMON	ins_1	22
SKNSH_skew	[-1.5,-1.0)	non-cCRE	COMMON	ins_10plus	7
SKNSH_skew	[-1.5,-1.0)	non-cCRE	COMMON	ins_2	14
SKNSH_skew	[-1.5,-1.0)	non-cCRE	COMMON	ins_3	13
SKNSH_skew	[-1.5,-1.0)	non-cCRE	COMMON	ins_4	5
SKNSH_skew	[-1.5,-1.0)	non-cCRE	COMMON	ins_5	3
SKNSH_skew	[-1.5,-1.0)	non-cCRE	COMMON	ins_6	5
SKNSH_skew	[-1.5,-1.0)	non-cCRE	COMMON	ins_8	2
SKNSH_skew	[-1.5,-1.0)	non-cCRE	COMMON	ins_9	1
SKNSH_skew	[-1.5,-1.0)	non-cCRE	LOW_FREQ	del_1	73
SKNSH_skew	[-1.5,-1.0)	non-cCRE	LOW_FREQ	del_10plus	68
SKNSH_skew	[-1.5,-1.0)	non-cCRE	LOW_FREQ	del_2	20
SKNSH_skew	[-1.5,-1.0)	non-cCRE	LOW_FREQ	del_3	20
SKNSH_skew	[-1.5,-1.0)	non-cCRE	LOW_FREQ	del_4	11
SKNSH_skew	[-1.5,-1.0)	non-cCRE	LOW_FREQ	del_5	3
SKNSH_skew	[-1.5,-1.0)	non-cCRE	LOW_FREQ	del_6	7
SKNSH_skew	[-1.5,-1.0)	non-cCRE	LOW_FREQ	del_7	9
SKNSH_skew	[-1.5,-1.0)	non-cCRE	LOW_FREQ	del_8	6
SKNSH_skew	[-1.5,-1.0)	non-cCRE	LOW_FREQ	del_9	2
SKNSH_skew	[-1.5,-1.0)	non-cCRE	LOW_FREQ	ins_1	24
SKNSH_skew	[-1.5,-1.0)	non-cCRE	LOW_FREQ	ins_10plus	10
SKNSH_skew	[-1.5,-1.0)	non-cCRE	LOW_FREQ	ins_2	25
SKNSH_skew	[-1.5,-1.0)	non-cCRE	LOW_FREQ	ins_3	11
SKNSH_skew	[-1.5,-1.0)	non-cCRE	LOW_FREQ	ins_4	5
SKNSH_skew	[-1.5,-1.0)	non-cCRE	LOW_FREQ	ins_5	5
SKNSH_skew	[-1.5,-1.0)	non-cCRE	LOW_FREQ	ins_6	6
SKNSH_skew	[-1.5,-1.0)	non-cCRE	LOW_FREQ	ins_8	2
SKNSH_skew	[-1.5,-1.0)	non-cCRE	RARE	del_1	221
SKNSH_skew	[-1.5,-1.0)	non-cCRE	RARE	del_10plus	114
SKNSH_skew	[-1.5,-1.0)	non-cCRE	RARE	del_2	65
SKNSH_skew	[-1.5,-1.0)	non-cCRE	RARE	del_3	40
SKNSH_skew	[-1.5,-1.0)	non-cCRE	RARE	del_4	40
SKNSH_skew	[-1.5,-1.0)	non-cCRE	RARE	del_5	16
SKNSH_skew	[-1.5,-1.0)	non-cCRE	RARE	del_6	32
SKNSH_skew	[-1.5,-1.0)	non-cCRE	RARE	del_7	14
SKNSH_skew	[-1.5,-1.0)	non-cCRE	RARE	del_8	8
SKNSH_skew	[-1.5,-1.0)	non-cCRE	RARE	del_9	5
SKNSH_skew	[-1.5,-1.0)	non-cCRE	RARE	ins_1	46
SKNSH_skew	[-1.5,-1.0)	non-cCRE	RARE	ins_10plus	18
SKNSH_skew	[-1.5,-1.0)	non-cCRE	RARE	ins_2	27
SKNSH_skew	[-1.5,-1.0)	non-cCRE	RARE	ins_3	6
SKNSH_skew	[-1.5,-1.0)	non-cCRE	RARE	ins_4	10
SKNSH_skew	[-1.5,-1.0)	non-cCRE	RARE	ins_5	2
SKNSH_skew	[-1.5,-1.0)	non-cCRE	RARE	ins_6	6
SKNSH_skew	[-1.5,-1.0)	non-cCRE	RARE	ins_7	3
SKNSH_skew	[-1.5,-1.0)	non-cCRE	RARE	ins_8	3
SKNSH_skew	[-1.5,-1.0)	non-cCRE	RARE	ins_9	1
SKNSH_skew	[-1.5,-1.0)	non-cCRE	SINGLETON	del_1	2311
SKNSH_skew	[-1.5,-1.0)	non-cCRE	SINGLETON	del_10plus	785
SKNSH_skew	[-1.5,-1.0)	non-cCRE	SINGLETON	del_2	483
SKNSH_skew	[-1.5,-1.0)	non-cCRE	SINGLETON	del_3	355
SKNSH_skew	[-1.5,-1.0)	non-cCRE	SINGLETON	del_4	307
SKNSH_skew	[-1.5,-1.0)	non-cCRE	SINGLETON	del_5	147
SKNSH_skew	[-1.5,-1.0)	non-cCRE	SINGLETON	del_6	198
SKNSH_skew	[-1.5,-1.0)	non-cCRE	SINGLETON	del_7	131
SKNSH_skew	[-1.5,-1.0)	non-cCRE	SINGLETON	del_8	113
SKNSH_skew	[-1.5,-1.0)	non-cCRE	SINGLETON	del_9	102
SKNSH_skew	[-1.5,-1.0)	non-cCRE	SINGLETON	ins_1	545
SKNSH_skew	[-1.5,-1.0)	non-cCRE	SINGLETON	ins_10plus	122
SKNSH_skew	[-1.5,-1.0)	non-cCRE	SINGLETON	ins_2	209
SKNSH_skew	[-1.5,-1.0)	non-cCRE	SINGLETON	ins_3	117
SKNSH_skew	[-1.5,-1.0)	non-cCRE	SINGLETON	ins_4	126
SKNSH_skew	[-1.5,-1.0)	non-cCRE	SINGLETON	ins_5	38
SKNSH_skew	[-1.5,-1.0)	non-cCRE	SINGLETON	ins_6	34
SKNSH_skew	[-1.5,-1.0)	non-cCRE	SINGLETON	ins_7	15
SKNSH_skew	[-1.5,-1.0)	non-cCRE	SINGLETON	ins_8	24
SKNSH_skew	[-1.5,-1.0)	non-cCRE	SINGLETON	ins_9	24
SKNSH_skew	[-1.5,-1.0)	non-cCRE	ULTRARARE	del_1	1227
SKNSH_skew	[-1.5,-1.0)	non-cCRE	ULTRARARE	del_10plus	519
SKNSH_skew	[-1.5,-1.0)	non-cCRE	ULTRARARE	del_2	306
SKNSH_skew	[-1.5,-1.0)	non-cCRE	ULTRARARE	del_3	238
SKNSH_skew	[-1.5,-1.0)	non-cCRE	ULTRARARE	del_4	233
SKNSH_skew	[-1.5,-1.0)	non-cCRE	ULTRARARE	del_5	101
SKNSH_skew	[-1.5,-1.0)	non-cCRE	ULTRARARE	del_6	140
SKNSH_skew	[-1.5,-1.0)	non-cCRE	ULTRARARE	del_7	78
SKNSH_skew	[-1.5,-1.0)	non-cCRE	ULTRARARE	del_8	78
SKNSH_skew	[-1.5,-1.0)	non-cCRE	ULTRARARE	del_9	57
SKNSH_skew	[-1.5,-1.0)	non-cCRE	ULTRARARE	ins_1	320
SKNSH_skew	[-1.5,-1.0)	non-cCRE	ULTRARARE	ins_10plus	90
SKNSH_skew	[-1.5,-1.0)	non-cCRE	ULTRARARE	ins_2	129
SKNSH_skew	[-1.5,-1.0)	non-cCRE	ULTRARARE	ins_3	42
SKNSH_skew	[-1.5,-1.0)	non-cCRE	ULTRARARE	ins_4	50
SKNSH_skew	[-1.5,-1.0)	non-cCRE	ULTRARARE	ins_5	24
SKNSH_skew	[-1.5,-1.0)	non-cCRE	ULTRARARE	ins_6	25
SKNSH_skew	[-1.5,-1.0)	non-cCRE	ULTRARARE	ins_7	9
SKNSH_skew	[-1.5,-1.0)	non-cCRE	ULTRARARE	ins_8	15
SKNSH_skew	[-1.5,-1.0)	non-cCRE	ULTRARARE	ins_9	11
SKNSH_skew	[-1.5,-1.0)	pELS	COMMON	del_1	2
SKNSH_skew	[-1.5,-1.0)	pELS	COMMON	del_10plus	7
SKNSH_skew	[-1.5,-1.0)	pELS	COMMON	del_2	6
SKNSH_skew	[-1.5,-1.0)	pELS	COMMON	del_3	2
SKNSH_skew	[-1.5,-1.0)	pELS	COMMON	del_4	1
SKNSH_skew	[-1.5,-1.0)	pELS	COMMON	del_6	1
SKNSH_skew	[-1.5,-1.0)	pELS	COMMON	del_7	1
SKNSH_skew	[-1.5,-1.0)	pELS	COMMON	ins_1	3
SKNSH_skew	[-1.5,-1.0)	pELS	COMMON	ins_2	2
SKNSH_skew	[-1.5,-1.0)	pELS	COMMON	ins_4	2
SKNSH_skew	[-1.5,-1.0)	pELS	COMMON	ins_8	1
SKNSH_skew	[-1.5,-1.0)	pELS	LOW_FREQ	del_1	8
SKNSH_skew	[-1.5,-1.0)	pELS	LOW_FREQ	del_10plus	8
SKNSH_skew	[-1.5,-1.0)	pELS	LOW_FREQ	del_2	5
SKNSH_skew	[-1.5,-1.0)	pELS	LOW_FREQ	del_3	2
SKNSH_skew	[-1.5,-1.0)	pELS	LOW_FREQ	del_4	1
SKNSH_skew	[-1.5,-1.0)	pELS	LOW_FREQ	del_6	2
SKNSH_skew	[-1.5,-1.0)	pELS	LOW_FREQ	del_8	1
SKNSH_skew	[-1.5,-1.0)	pELS	LOW_FREQ	ins_10plus	2
SKNSH_skew	[-1.5,-1.0)	pELS	LOW_FREQ	ins_2	3
SKNSH_skew	[-1.5,-1.0)	pELS	LOW_FREQ	ins_3	1
SKNSH_skew	[-1.5,-1.0)	pELS	RARE	del_1	21
SKNSH_skew	[-1.5,-1.0)	pELS	RARE	del_10plus	20
SKNSH_skew	[-1.5,-1.0)	pELS	RARE	del_2	8
SKNSH_skew	[-1.5,-1.0)	pELS	RARE	del_3	7
SKNSH_skew	[-1.5,-1.0)	pELS	RARE	del_4	5
SKNSH_skew	[-1.5,-1.0)	pELS	RARE	del_5	1
SKNSH_skew	[-1.5,-1.0)	pELS	RARE	del_6	3
SKNSH_skew	[-1.5,-1.0)	pELS	RARE	del_7	2
SKNSH_skew	[-1.5,-1.0)	pELS	RARE	del_8	3
SKNSH_skew	[-1.5,-1.0)	pELS	RARE	ins_1	6
SKNSH_skew	[-1.5,-1.0)	pELS	RARE	ins_10plus	1
SKNSH_skew	[-1.5,-1.0)	pELS	RARE	ins_2	3
SKNSH_skew	[-1.5,-1.0)	pELS	RARE	ins_3	2
SKNSH_skew	[-1.5,-1.0)	pELS	RARE	ins_4	5
SKNSH_skew	[-1.5,-1.0)	pELS	RARE	ins_9	1
SKNSH_skew	[-1.5,-1.0)	pELS	SINGLETON	del_1	286
SKNSH_skew	[-1.5,-1.0)	pELS	SINGLETON	del_10plus	142
SKNSH_skew	[-1.5,-1.0)	pELS	SINGLETON	del_2	78
SKNSH_skew	[-1.5,-1.0)	pELS	SINGLETON	del_3	60
SKNSH_skew	[-1.5,-1.0)	pELS	SINGLETON	del_4	44
SKNSH_skew	[-1.5,-1.0)	pELS	SINGLETON	del_5	21
SKNSH_skew	[-1.5,-1.0)	pELS	SINGLETON	del_6	28
SKNSH_skew	[-1.5,-1.0)	pELS	SINGLETON	del_7	15
SKNSH_skew	[-1.5,-1.0)	pELS	SINGLETON	del_8	16
SKNSH_skew	[-1.5,-1.0)	pELS	SINGLETON	del_9	11
SKNSH_skew	[-1.5,-1.0)	pELS	SINGLETON	ins_1	87
SKNSH_skew	[-1.5,-1.0)	pELS	SINGLETON	ins_10plus	13
SKNSH_skew	[-1.5,-1.0)	pELS	SINGLETON	ins_2	30
SKNSH_skew	[-1.5,-1.0)	pELS	SINGLETON	ins_3	17
SKNSH_skew	[-1.5,-1.0)	pELS	SINGLETON	ins_4	18
SKNSH_skew	[-1.5,-1.0)	pELS	SINGLETON	ins_5	7
SKNSH_skew	[-1.5,-1.0)	pELS	SINGLETON	ins_6	7
SKNSH_skew	[-1.5,-1.0)	pELS	SINGLETON	ins_7	3
SKNSH_skew	[-1.5,-1.0)	pELS	SINGLETON	ins_8	3
SKNSH_skew	[-1.5,-1.0)	pELS	SINGLETON	ins_9	6
SKNSH_skew	[-1.5,-1.0)	pELS	ULTRARARE	del_1	183
SKNSH_skew	[-1.5,-1.0)	pELS	ULTRARARE	del_10plus	82
SKNSH_skew	[-1.5,-1.0)	pELS	ULTRARARE	del_2	58
SKNSH_skew	[-1.5,-1.0)	pELS	ULTRARARE	del_3	30
SKNSH_skew	[-1.5,-1.0)	pELS	ULTRARARE	del_4	30
SKNSH_skew	[-1.5,-1.0)	pELS	ULTRARARE	del_5	11
SKNSH_skew	[-1.5,-1.0)	pELS	ULTRARARE	del_6	15
SKNSH_skew	[-1.5,-1.0)	pELS	ULTRARARE	del_7	8
SKNSH_skew	[-1.5,-1.0)	pELS	ULTRARARE	del_8	7
SKNSH_skew	[-1.5,-1.0)	pELS	ULTRARARE	del_9	5
SKNSH_skew	[-1.5,-1.0)	pELS	ULTRARARE	ins_1	55
SKNSH_skew	[-1.5,-1.0)	pELS	ULTRARARE	ins_10plus	7
SKNSH_skew	[-1.5,-1.0)	pELS	ULTRARARE	ins_2	20
SKNSH_skew	[-1.5,-1.0)	pELS	ULTRARARE	ins_3	11
SKNSH_skew	[-1.5,-1.0)	pELS	ULTRARARE	ins_4	3
SKNSH_skew	[-1.5,-1.0)	pELS	ULTRARARE	ins_6	3
SKNSH_skew	[-1.5,-1.0)	pELS	ULTRARARE	ins_7	1
SKNSH_skew	[0.05,0.2)	Other cCREs	COMMON	del_1	1817
SKNSH_skew	[0.05,0.2)	Other cCREs	COMMON	del_10plus	2798
SKNSH_skew	[0.05,0.2)	Other cCREs	COMMON	del_2	1119
SKNSH_skew	[0.05,0.2)	Other cCREs	COMMON	del_3	467
SKNSH_skew	[0.05,0.2)	Other cCREs	COMMON	del_4	1587
SKNSH_skew	[0.05,0.2)	Other cCREs	COMMON	del_5	268
SKNSH_skew	[0.05,0.2)	Other cCREs	COMMON	del_6	489
SKNSH_skew	[0.05,0.2)	Other cCREs	COMMON	del_7	155
SKNSH_skew	[0.05,0.2)	Other cCREs	COMMON	del_8	995
SKNSH_skew	[0.05,0.2)	Other cCREs	COMMON	del_9	332
SKNSH_skew	[0.05,0.2)	Other cCREs	COMMON	ins_1	4745
SKNSH_skew	[0.05,0.2)	Other cCREs	COMMON	ins_10plus	1370
SKNSH_skew	[0.05,0.2)	Other cCREs	COMMON	ins_2	1211
SKNSH_skew	[0.05,0.2)	Other cCREs	COMMON	ins_3	1196
SKNSH_skew	[0.05,0.2)	Other cCREs	COMMON	ins_4	587
SKNSH_skew	[0.05,0.2)	Other cCREs	COMMON	ins_5	384
SKNSH_skew	[0.05,0.2)	Other cCREs	COMMON	ins_6	280
SKNSH_skew	[0.05,0.2)	Other cCREs	COMMON	ins_7	189
SKNSH_skew	[0.05,0.2)	Other cCREs	COMMON	ins_8	244
SKNSH_skew	[0.05,0.2)	Other cCREs	COMMON	ins_9	26
SKNSH_skew	[0.05,0.2)	Other cCREs	LOW_FREQ	del_1	2108
SKNSH_skew	[0.05,0.2)	Other cCREs	LOW_FREQ	del_10plus	3123
SKNSH_skew	[0.05,0.2)	Other cCREs	LOW_FREQ	del_2	1372
SKNSH_skew	[0.05,0.2)	Other cCREs	LOW_FREQ	del_3	634
SKNSH_skew	[0.05,0.2)	Other cCREs	LOW_FREQ	del_4	1532
SKNSH_skew	[0.05,0.2)	Other cCREs	LOW_FREQ	del_5	347
SKNSH_skew	[0.05,0.2)	Other cCREs	LOW_FREQ	del_6	494
SKNSH_skew	[0.05,0.2)	Other cCREs	LOW_FREQ	del_7	186
SKNSH_skew	[0.05,0.2)	Other cCREs	LOW_FREQ	del_8	837
SKNSH_skew	[0.05,0.2)	Other cCREs	LOW_FREQ	del_9	421
SKNSH_skew	[0.05,0.2)	Other cCREs	LOW_FREQ	ins_1	3613
SKNSH_skew	[0.05,0.2)	Other cCREs	LOW_FREQ	ins_10plus	2624
SKNSH_skew	[0.05,0.2)	Other cCREs	LOW_FREQ	ins_2	1194
SKNSH_skew	[0.05,0.2)	Other cCREs	LOW_FREQ	ins_3	1429
SKNSH_skew	[0.05,0.2)	Other cCREs	LOW_FREQ	ins_4	582
SKNSH_skew	[0.05,0.2)	Other cCREs	LOW_FREQ	ins_5	422
SKNSH_skew	[0.05,0.2)	Other cCREs	LOW_FREQ	ins_6	381
SKNSH_skew	[0.05,0.2)	Other cCREs	LOW_FREQ	ins_7	315
SKNSH_skew	[0.05,0.2)	Other cCREs	LOW_FREQ	ins_8	412
SKNSH_skew	[0.05,0.2)	Other cCREs	LOW_FREQ	ins_9	61
SKNSH_skew	[0.05,0.2)	Other cCREs	RARE	del_1	4941
SKNSH_skew	[0.05,0.2)	Other cCREs	RARE	del_10plus	6179
SKNSH_skew	[0.05,0.2)	Other cCREs	RARE	del_2	3295
SKNSH_skew	[0.05,0.2)	Other cCREs	RARE	del_3	1536
SKNSH_skew	[0.05,0.2)	Other cCREs	RARE	del_4	3323
SKNSH_skew	[0.05,0.2)	Other cCREs	RARE	del_5	822
SKNSH_skew	[0.05,0.2)	Other cCREs	RARE	del_6	974
SKNSH_skew	[0.05,0.2)	Other cCREs	RARE	del_7	442
SKNSH_skew	[0.05,0.2)	Other cCREs	RARE	del_8	1349
SKNSH_skew	[0.05,0.2)	Other cCREs	RARE	del_9	931
SKNSH_skew	[0.05,0.2)	Other cCREs	RARE	ins_1	6587
SKNSH_skew	[0.05,0.2)	Other cCREs	RARE	ins_10plus	4711
SKNSH_skew	[0.05,0.2)	Other cCREs	RARE	ins_2	1942
SKNSH_skew	[0.05,0.2)	Other cCREs	RARE	ins_3	2136
SKNSH_skew	[0.05,0.2)	Other cCREs	RARE	ins_4	1100
SKNSH_skew	[0.05,0.2)	Other cCREs	RARE	ins_5	786
SKNSH_skew	[0.05,0.2)	Other cCREs	RARE	ins_6	696
SKNSH_skew	[0.05,0.2)	Other cCREs	RARE	ins_7	697
SKNSH_skew	[0.05,0.2)	Other cCREs	RARE	ins_8	750
SKNSH_skew	[0.05,0.2)	Other cCREs	RARE	ins_9	137
SKNSH_skew	[0.05,0.2)	Other cCREs	SINGLETON	del_1	49717
SKNSH_skew	[0.05,0.2)	Other cCREs	SINGLETON	del_10plus	24647
SKNSH_skew	[0.05,0.2)	Other cCREs	SINGLETON	del_2	22599
SKNSH_skew	[0.05,0.2)	Other cCREs	SINGLETON	del_3	10510
SKNSH_skew	[0.05,0.2)	Other cCREs	SINGLETON	del_4	15678
SKNSH_skew	[0.05,0.2)	Other cCREs	SINGLETON	del_5	5346
SKNSH_skew	[0.05,0.2)	Other cCREs	SINGLETON	del_6	5132
SKNSH_skew	[0.05,0.2)	Other cCREs	SINGLETON	del_7	3094
SKNSH_skew	[0.05,0.2)	Other cCREs	SINGLETON	del_8	4825
SKNSH_skew	[0.05,0.2)	Other cCREs	SINGLETON	del_9	5277
SKNSH_skew	[0.05,0.2)	Other cCREs	SINGLETON	ins_1	29125
SKNSH_skew	[0.05,0.2)	Other cCREs	SINGLETON	ins_10plus	10934
SKNSH_skew	[0.05,0.2)	Other cCREs	SINGLETON	ins_2	7055
SKNSH_skew	[0.05,0.2)	Other cCREs	SINGLETON	ins_3	7987
SKNSH_skew	[0.05,0.2)	Other cCREs	SINGLETON	ins_4	5046
SKNSH_skew	[0.05,0.2)	Other cCREs	SINGLETON	ins_5	3160
SKNSH_skew	[0.05,0.2)	Other cCREs	SINGLETON	ins_6	2259
SKNSH_skew	[0.05,0.2)	Other cCREs	SINGLETON	ins_7	2067
SKNSH_skew	[0.05,0.2)	Other cCREs	SINGLETON	ins_8	2107
SKNSH_skew	[0.05,0.2)	Other cCREs	SINGLETON	ins_9	526
SKNSH_skew	[0.05,0.2)	Other cCREs	ULTRARARE	del_1	28615
SKNSH_skew	[0.05,0.2)	Other cCREs	ULTRARARE	del_10plus	19400
SKNSH_skew	[0.05,0.2)	Other cCREs	ULTRARARE	del_2	16089
SKNSH_skew	[0.05,0.2)	Other cCREs	ULTRARARE	del_3	7218
SKNSH_skew	[0.05,0.2)	Other cCREs	ULTRARARE	del_4	13536
SKNSH_skew	[0.05,0.2)	Other cCREs	ULTRARARE	del_5	3690
SKNSH_skew	[0.05,0.2)	Other cCREs	ULTRARARE	del_6	3725
SKNSH_skew	[0.05,0.2)	Other cCREs	ULTRARARE	del_7	1832
SKNSH_skew	[0.05,0.2)	Other cCREs	ULTRARARE	del_8	3767
SKNSH_skew	[0.05,0.2)	Other cCREs	ULTRARARE	del_9	3685
SKNSH_skew	[0.05,0.2)	Other cCREs	ULTRARARE	ins_1	23588
SKNSH_skew	[0.05,0.2)	Other cCREs	ULTRARARE	ins_10plus	9285
SKNSH_skew	[0.05,0.2)	Other cCREs	ULTRARARE	ins_2	5964
SKNSH_skew	[0.05,0.2)	Other cCREs	ULTRARARE	ins_3	6056
SKNSH_skew	[0.05,0.2)	Other cCREs	ULTRARARE	ins_4	3620
SKNSH_skew	[0.05,0.2)	Other cCREs	ULTRARARE	ins_5	2414
SKNSH_skew	[0.05,0.2)	Other cCREs	ULTRARARE	ins_6	1878
SKNSH_skew	[0.05,0.2)	Other cCREs	ULTRARARE	ins_7	1688
SKNSH_skew	[0.05,0.2)	Other cCREs	ULTRARARE	ins_8	1677
SKNSH_skew	[0.05,0.2)	Other cCREs	ULTRARARE	ins_9	419
SKNSH_skew	[0.05,0.2)	PLS	COMMON	del_1	159
SKNSH_skew	[0.05,0.2)	PLS	COMMON	del_10plus	162
SKNSH_skew	[0.05,0.2)	PLS	COMMON	del_2	110
SKNSH_skew	[0.05,0.2)	PLS	COMMON	del_3	57
SKNSH_skew	[0.05,0.2)	PLS	COMMON	del_4	116
SKNSH_skew	[0.05,0.2)	PLS	COMMON	del_5	23
SKNSH_skew	[0.05,0.2)	PLS	COMMON	del_6	52
SKNSH_skew	[0.05,0.2)	PLS	COMMON	del_7	8
SKNSH_skew	[0.05,0.2)	PLS	COMMON	del_8	44
SKNSH_skew	[0.05,0.2)	PLS	COMMON	del_9	25
SKNSH_skew	[0.05,0.2)	PLS	COMMON	ins_1	318
SKNSH_skew	[0.05,0.2)	PLS	COMMON	ins_10plus	73
SKNSH_skew	[0.05,0.2)	PLS	COMMON	ins_2	59
SKNSH_skew	[0.05,0.2)	PLS	COMMON	ins_3	47
SKNSH_skew	[0.05,0.2)	PLS	COMMON	ins_4	29
SKNSH_skew	[0.05,0.2)	PLS	COMMON	ins_5	23
SKNSH_skew	[0.05,0.2)	PLS	COMMON	ins_6	29
SKNSH_skew	[0.05,0.2)	PLS	COMMON	ins_7	12
SKNSH_skew	[0.05,0.2)	PLS	COMMON	ins_8	19
SKNSH_skew	[0.05,0.2)	PLS	COMMON	ins_9	5
SKNSH_skew	[0.05,0.2)	PLS	LOW_FREQ	del_1	189
SKNSH_skew	[0.05,0.2)	PLS	LOW_FREQ	del_10plus	176
SKNSH_skew	[0.05,0.2)	PLS	LOW_FREQ	del_2	120
SKNSH_skew	[0.05,0.2)	PLS	LOW_FREQ	del_3	62
SKNSH_skew	[0.05,0.2)	PLS	LOW_FREQ	del_4	83
SKNSH_skew	[0.05,0.2)	PLS	LOW_FREQ	del_5	26
SKNSH_skew	[0.05,0.2)	PLS	LOW_FREQ	del_6	58
SKNSH_skew	[0.05,0.2)	PLS	LOW_FREQ	del_7	21
SKNSH_skew	[0.05,0.2)	PLS	LOW_FREQ	del_8	43
SKNSH_skew	[0.05,0.2)	PLS	LOW_FREQ	del_9	26
SKNSH_skew	[0.05,0.2)	PLS	LOW_FREQ	ins_1	283
SKNSH_skew	[0.05,0.2)	PLS	LOW_FREQ	ins_10plus	123
SKNSH_skew	[0.05,0.2)	PLS	LOW_FREQ	ins_2	73
SKNSH_skew	[0.05,0.2)	PLS	LOW_FREQ	ins_3	51
SKNSH_skew	[0.05,0.2)	PLS	LOW_FREQ	ins_4	28
SKNSH_skew	[0.05,0.2)	PLS	LOW_FREQ	ins_5	37
SKNSH_skew	[0.05,0.2)	PLS	LOW_FREQ	ins_6	44
SKNSH_skew	[0.05,0.2)	PLS	LOW_FREQ	ins_7	15
SKNSH_skew	[0.05,0.2)	PLS	LOW_FREQ	ins_8	26
SKNSH_skew	[0.05,0.2)	PLS	LOW_FREQ	ins_9	7
SKNSH_skew	[0.05,0.2)	PLS	RARE	del_1	518
SKNSH_skew	[0.05,0.2)	PLS	RARE	del_10plus	371
SKNSH_skew	[0.05,0.2)	PLS	RARE	del_2	282
SKNSH_skew	[0.05,0.2)	PLS	RARE	del_3	176
SKNSH_skew	[0.05,0.2)	PLS	RARE	del_4	236
SKNSH_skew	[0.05,0.2)	PLS	RARE	del_5	68
SKNSH_skew	[0.05,0.2)	PLS	RARE	del_6	97
SKNSH_skew	[0.05,0.2)	PLS	RARE	del_7	45
SKNSH_skew	[0.05,0.2)	PLS	RARE	del_8	76
SKNSH_skew	[0.05,0.2)	PLS	RARE	del_9	88
SKNSH_skew	[0.05,0.2)	PLS	RARE	ins_1	603
SKNSH_skew	[0.05,0.2)	PLS	RARE	ins_10plus	277
SKNSH_skew	[0.05,0.2)	PLS	RARE	ins_2	124
SKNSH_skew	[0.05,0.2)	PLS	RARE	ins_3	98
SKNSH_skew	[0.05,0.2)	PLS	RARE	ins_4	56
SKNSH_skew	[0.05,0.2)	PLS	RARE	ins_5	77
SKNSH_skew	[0.05,0.2)	PLS	RARE	ins_6	114
SKNSH_skew	[0.05,0.2)	PLS	RARE	ins_7	45
SKNSH_skew	[0.05,0.2)	PLS	RARE	ins_8	36
SKNSH_skew	[0.05,0.2)	PLS	RARE	ins_9	9
SKNSH_skew	[0.05,0.2)	PLS	SINGLETON	del_1	4651
SKNSH_skew	[0.05,0.2)	PLS	SINGLETON	del_10plus	1668
SKNSH_skew	[0.05,0.2)	PLS	SINGLETON	del_2	1954
SKNSH_skew	[0.05,0.2)	PLS	SINGLETON	del_3	1049
SKNSH_skew	[0.05,0.2)	PLS	SINGLETON	del_4	1061
SKNSH_skew	[0.05,0.2)	PLS	SINGLETON	del_5	433
SKNSH_skew	[0.05,0.2)	PLS	SINGLETON	del_6	429
SKNSH_skew	[0.05,0.2)	PLS	SINGLETON	del_7	263
SKNSH_skew	[0.05,0.2)	PLS	SINGLETON	del_8	334
SKNSH_skew	[0.05,0.2)	PLS	SINGLETON	del_9	371
SKNSH_skew	[0.05,0.2)	PLS	SINGLETON	ins_1	2876
SKNSH_skew	[0.05,0.2)	PLS	SINGLETON	ins_10plus	977
SKNSH_skew	[0.05,0.2)	PLS	SINGLETON	ins_2	532
SKNSH_skew	[0.05,0.2)	PLS	SINGLETON	ins_3	446
SKNSH_skew	[0.05,0.2)	PLS	SINGLETON	ins_4	286
SKNSH_skew	[0.05,0.2)	PLS	SINGLETON	ins_5	290
SKNSH_skew	[0.05,0.2)	PLS	SINGLETON	ins_6	295
SKNSH_skew	[0.05,0.2)	PLS	SINGLETON	ins_7	161
SKNSH_skew	[0.05,0.2)	PLS	SINGLETON	ins_8	119
SKNSH_skew	[0.05,0.2)	PLS	SINGLETON	ins_9	67
SKNSH_skew	[0.05,0.2)	PLS	ULTRARARE	del_1	2941
SKNSH_skew	[0.05,0.2)	PLS	ULTRARARE	del_10plus	1213
SKNSH_skew	[0.05,0.2)	PLS	ULTRARARE	del_2	1287
SKNSH_skew	[0.05,0.2)	PLS	ULTRARARE	del_3	800
SKNSH_skew	[0.05,0.2)	PLS	ULTRARARE	del_4	912
SKNSH_skew	[0.05,0.2)	PLS	ULTRARARE	del_5	332
SKNSH_skew	[0.05,0.2)	PLS	ULTRARARE	del_6	315
SKNSH_skew	[0.05,0.2)	PLS	ULTRARARE	del_7	171
SKNSH_skew	[0.05,0.2)	PLS	ULTRARARE	del_8	203
SKNSH_skew	[0.05,0.2)	PLS	ULTRARARE	del_9	240
SKNSH_skew	[0.05,0.2)	PLS	ULTRARARE	ins_1	2348
SKNSH_skew	[0.05,0.2)	PLS	ULTRARARE	ins_10plus	896
SKNSH_skew	[0.05,0.2)	PLS	ULTRARARE	ins_2	419
SKNSH_skew	[0.05,0.2)	PLS	ULTRARARE	ins_3	363
SKNSH_skew	[0.05,0.2)	PLS	ULTRARARE	ins_4	199
SKNSH_skew	[0.05,0.2)	PLS	ULTRARARE	ins_5	255
SKNSH_skew	[0.05,0.2)	PLS	ULTRARARE	ins_6	290
SKNSH_skew	[0.05,0.2)	PLS	ULTRARARE	ins_7	130
SKNSH_skew	[0.05,0.2)	PLS	ULTRARARE	ins_8	136
SKNSH_skew	[0.05,0.2)	PLS	ULTRARARE	ins_9	40
SKNSH_skew	[0.05,0.2)	dELS	COMMON	del_1	4237
SKNSH_skew	[0.05,0.2)	dELS	COMMON	del_10plus	5130
SKNSH_skew	[0.05,0.2)	dELS	COMMON	del_2	2827
SKNSH_skew	[0.05,0.2)	dELS	COMMON	del_3	1030
SKNSH_skew	[0.05,0.2)	dELS	COMMON	del_4	3214
SKNSH_skew	[0.05,0.2)	dELS	COMMON	del_5	577
SKNSH_skew	[0.05,0.2)	dELS	COMMON	del_6	1148
SKNSH_skew	[0.05,0.2)	dELS	COMMON	del_7	332
SKNSH_skew	[0.05,0.2)	dELS	COMMON	del_8	1437
SKNSH_skew	[0.05,0.2)	dELS	COMMON	del_9	615
SKNSH_skew	[0.05,0.2)	dELS	COMMON	ins_1	11714
SKNSH_skew	[0.05,0.2)	dELS	COMMON	ins_10plus	2256
SKNSH_skew	[0.05,0.2)	dELS	COMMON	ins_2	2573
SKNSH_skew	[0.05,0.2)	dELS	COMMON	ins_3	2672
SKNSH_skew	[0.05,0.2)	dELS	COMMON	ins_4	1075
SKNSH_skew	[0.05,0.2)	dELS	COMMON	ins_5	747
SKNSH_skew	[0.05,0.2)	dELS	COMMON	ins_6	617
SKNSH_skew	[0.05,0.2)	dELS	COMMON	ins_7	412
SKNSH_skew	[0.05,0.2)	dELS	COMMON	ins_8	485
SKNSH_skew	[0.05,0.2)	dELS	COMMON	ins_9	80
SKNSH_skew	[0.05,0.2)	dELS	LOW_FREQ	del_1	5195
SKNSH_skew	[0.05,0.2)	dELS	LOW_FREQ	del_10plus	5934
SKNSH_skew	[0.05,0.2)	dELS	LOW_FREQ	del_2	3552
SKNSH_skew	[0.05,0.2)	dELS	LOW_FREQ	del_3	1470
SKNSH_skew	[0.05,0.2)	dELS	LOW_FREQ	del_4	3277
SKNSH_skew	[0.05,0.2)	dELS	LOW_FREQ	del_5	829
SKNSH_skew	[0.05,0.2)	dELS	LOW_FREQ	del_6	1064
SKNSH_skew	[0.05,0.2)	dELS	LOW_FREQ	del_7	426
SKNSH_skew	[0.05,0.2)	dELS	LOW_FREQ	del_8	1266
SKNSH_skew	[0.05,0.2)	dELS	LOW_FREQ	del_9	758
SKNSH_skew	[0.05,0.2)	dELS	LOW_FREQ	ins_1	9368
SKNSH_skew	[0.05,0.2)	dELS	LOW_FREQ	ins_10plus	4525
SKNSH_skew	[0.05,0.2)	dELS	LOW_FREQ	ins_2	2463
SKNSH_skew	[0.05,0.2)	dELS	LOW_FREQ	ins_3	2856
SKNSH_skew	[0.05,0.2)	dELS	LOW_FREQ	ins_4	1144
SKNSH_skew	[0.05,0.2)	dELS	LOW_FREQ	ins_5	932
SKNSH_skew	[0.05,0.2)	dELS	LOW_FREQ	ins_6	844
SKNSH_skew	[0.05,0.2)	dELS	LOW_FREQ	ins_7	726
SKNSH_skew	[0.05,0.2)	dELS	LOW_FREQ	ins_8	778
SKNSH_skew	[0.05,0.2)	dELS	LOW_FREQ	ins_9	131
SKNSH_skew	[0.05,0.2)	dELS	RARE	del_1	12473
SKNSH_skew	[0.05,0.2)	dELS	RARE	del_10plus	11551
SKNSH_skew	[0.05,0.2)	dELS	RARE	del_2	8944
SKNSH_skew	[0.05,0.2)	dELS	RARE	del_3	3573
SKNSH_skew	[0.05,0.2)	dELS	RARE	del_4	7610
SKNSH_skew	[0.05,0.2)	dELS	RARE	del_5	1821
SKNSH_skew	[0.05,0.2)	dELS	RARE	del_6	2142
SKNSH_skew	[0.05,0.2)	dELS	RARE	del_7	1056
SKNSH_skew	[0.05,0.2)	dELS	RARE	del_8	2248
SKNSH_skew	[0.05,0.2)	dELS	RARE	del_9	1753
SKNSH_skew	[0.05,0.2)	dELS	RARE	ins_1	16768
SKNSH_skew	[0.05,0.2)	dELS	RARE	ins_10plus	8604
SKNSH_skew	[0.05,0.2)	dELS	RARE	ins_2	4463
SKNSH_skew	[0.05,0.2)	dELS	RARE	ins_3	4783
SKNSH_skew	[0.05,0.2)	dELS	RARE	ins_4	2174
SKNSH_skew	[0.05,0.2)	dELS	RARE	ins_5	1848
SKNSH_skew	[0.05,0.2)	dELS	RARE	ins_6	1609
SKNSH_skew	[0.05,0.2)	dELS	RARE	ins_7	1605
SKNSH_skew	[0.05,0.2)	dELS	RARE	ins_8	1396
SKNSH_skew	[0.05,0.2)	dELS	RARE	ins_9	308
SKNSH_skew	[0.05,0.2)	dELS	SINGLETON	del_1	133739
SKNSH_skew	[0.05,0.2)	dELS	SINGLETON	del_10plus	54931
SKNSH_skew	[0.05,0.2)	dELS	SINGLETON	del_2	65741
SKNSH_skew	[0.05,0.2)	dELS	SINGLETON	del_3	29089
SKNSH_skew	[0.05,0.2)	dELS	SINGLETON	del_4	41482
SKNSH_skew	[0.05,0.2)	dELS	SINGLETON	del_5	14193
SKNSH_skew	[0.05,0.2)	dELS	SINGLETON	del_6	12993
SKNSH_skew	[0.05,0.2)	dELS	SINGLETON	del_7	8115
SKNSH_skew	[0.05,0.2)	dELS	SINGLETON	del_8	10735
SKNSH_skew	[0.05,0.2)	dELS	SINGLETON	del_9	12793
SKNSH_skew	[0.05,0.2)	dELS	SINGLETON	ins_1	81172
SKNSH_skew	[0.05,0.2)	dELS	SINGLETON	ins_10plus	20908
SKNSH_skew	[0.05,0.2)	dELS	SINGLETON	ins_2	16732
SKNSH_skew	[0.05,0.2)	dELS	SINGLETON	ins_3	18747
SKNSH_skew	[0.05,0.2)	dELS	SINGLETON	ins_4	10877
SKNSH_skew	[0.05,0.2)	dELS	SINGLETON	ins_5	7041
SKNSH_skew	[0.05,0.2)	dELS	SINGLETON	ins_6	5099
SKNSH_skew	[0.05,0.2)	dELS	SINGLETON	ins_7	4839
SKNSH_skew	[0.05,0.2)	dELS	SINGLETON	ins_8	3956
SKNSH_skew	[0.05,0.2)	dELS	SINGLETON	ins_9	1199
SKNSH_skew	[0.05,0.2)	dELS	ULTRARARE	del_1	75498
SKNSH_skew	[0.05,0.2)	dELS	ULTRARARE	del_10plus	39713
SKNSH_skew	[0.05,0.2)	dELS	ULTRARARE	del_2	46065
SKNSH_skew	[0.05,0.2)	dELS	ULTRARARE	del_3	19525
SKNSH_skew	[0.05,0.2)	dELS	ULTRARARE	del_4	33991
SKNSH_skew	[0.05,0.2)	dELS	ULTRARARE	del_5	9278
SKNSH_skew	[0.05,0.2)	dELS	ULTRARARE	del_6	8532
SKNSH_skew	[0.05,0.2)	dELS	ULTRARARE	del_7	4781
SKNSH_skew	[0.05,0.2)	dELS	ULTRARARE	del_8	7595
SKNSH_skew	[0.05,0.2)	dELS	ULTRARARE	del_9	7911
SKNSH_skew	[0.05,0.2)	dELS	ULTRARARE	ins_1	62457
SKNSH_skew	[0.05,0.2)	dELS	ULTRARARE	ins_10plus	17395
SKNSH_skew	[0.05,0.2)	dELS	ULTRARARE	ins_2	13310
SKNSH_skew	[0.05,0.2)	dELS	ULTRARARE	ins_3	13610
SKNSH_skew	[0.05,0.2)	dELS	ULTRARARE	ins_4	7354
SKNSH_skew	[0.05,0.2)	dELS	ULTRARARE	ins_5	5512
SKNSH_skew	[0.05,0.2)	dELS	ULTRARARE	ins_6	4248
SKNSH_skew	[0.05,0.2)	dELS	ULTRARARE	ins_7	3884
SKNSH_skew	[0.05,0.2)	dELS	ULTRARARE	ins_8	3259
SKNSH_skew	[0.05,0.2)	dELS	ULTRARARE	ins_9	861
SKNSH_skew	[0.05,0.2)	non-cCRE	COMMON	del_1	21641
SKNSH_skew	[0.05,0.2)	non-cCRE	COMMON	del_10plus	30001
SKNSH_skew	[0.05,0.2)	non-cCRE	COMMON	del_2	11498
SKNSH_skew	[0.05,0.2)	non-cCRE	COMMON	del_3	4979
SKNSH_skew	[0.05,0.2)	non-cCRE	COMMON	del_4	14302
SKNSH_skew	[0.05,0.2)	non-cCRE	COMMON	del_5	3397
SKNSH_skew	[0.05,0.2)	non-cCRE	COMMON	del_6	4464
SKNSH_skew	[0.05,0.2)	non-cCRE	COMMON	del_7	1689
SKNSH_skew	[0.05,0.2)	non-cCRE	COMMON	del_8	7927
SKNSH_skew	[0.05,0.2)	non-cCRE	COMMON	del_9	4127
SKNSH_skew	[0.05,0.2)	non-cCRE	COMMON	ins_1	67169
SKNSH_skew	[0.05,0.2)	non-cCRE	COMMON	ins_10plus	19817
SKNSH_skew	[0.05,0.2)	non-cCRE	COMMON	ins_2	19136
SKNSH_skew	[0.05,0.2)	non-cCRE	COMMON	ins_3	21687
SKNSH_skew	[0.05,0.2)	non-cCRE	COMMON	ins_4	8300
SKNSH_skew	[0.05,0.2)	non-cCRE	COMMON	ins_5	6942
SKNSH_skew	[0.05,0.2)	non-cCRE	COMMON	ins_6	3902
SKNSH_skew	[0.05,0.2)	non-cCRE	COMMON	ins_7	3000
SKNSH_skew	[0.05,0.2)	non-cCRE	COMMON	ins_8	2839
SKNSH_skew	[0.05,0.2)	non-cCRE	COMMON	ins_9	693
SKNSH_skew	[0.05,0.2)	non-cCRE	LOW_FREQ	del_1	25833
SKNSH_skew	[0.05,0.2)	non-cCRE	LOW_FREQ	del_10plus	33535
SKNSH_skew	[0.05,0.2)	non-cCRE	LOW_FREQ	del_2	14858
SKNSH_skew	[0.05,0.2)	non-cCRE	LOW_FREQ	del_3	6256
SKNSH_skew	[0.05,0.2)	non-cCRE	LOW_FREQ	del_4	15770
SKNSH_skew	[0.05,0.2)	non-cCRE	LOW_FREQ	del_5	4228
SKNSH_skew	[0.05,0.2)	non-cCRE	LOW_FREQ	del_6	5352
SKNSH_skew	[0.05,0.2)	non-cCRE	LOW_FREQ	del_7	2424
SKNSH_skew	[0.05,0.2)	non-cCRE	LOW_FREQ	del_8	7299
SKNSH_skew	[0.05,0.2)	non-cCRE	LOW_FREQ	del_9	4935
SKNSH_skew	[0.05,0.2)	non-cCRE	LOW_FREQ	ins_1	50813
SKNSH_skew	[0.05,0.2)	non-cCRE	LOW_FREQ	ins_10plus	39803
SKNSH_skew	[0.05,0.2)	non-cCRE	LOW_FREQ	ins_2	18825
SKNSH_skew	[0.05,0.2)	non-cCRE	LOW_FREQ	ins_3	22315
SKNSH_skew	[0.05,0.2)	non-cCRE	LOW_FREQ	ins_4	7948
SKNSH_skew	[0.05,0.2)	non-cCRE	LOW_FREQ	ins_5	7489
SKNSH_skew	[0.05,0.2)	non-cCRE	LOW_FREQ	ins_6	5326
SKNSH_skew	[0.05,0.2)	non-cCRE	LOW_FREQ	ins_7	5387
SKNSH_skew	[0.05,0.2)	non-cCRE	LOW_FREQ	ins_8	4659
SKNSH_skew	[0.05,0.2)	non-cCRE	LOW_FREQ	ins_9	1153
SKNSH_skew	[0.05,0.2)	non-cCRE	RARE	del_1	59814
SKNSH_skew	[0.05,0.2)	non-cCRE	RARE	del_10plus	65604
SKNSH_skew	[0.05,0.2)	non-cCRE	RARE	del_2	34286
SKNSH_skew	[0.05,0.2)	non-cCRE	RARE	del_3	15068
SKNSH_skew	[0.05,0.2)	non-cCRE	RARE	del_4	36642
SKNSH_skew	[0.05,0.2)	non-cCRE	RARE	del_5	9841
SKNSH_skew	[0.05,0.2)	non-cCRE	RARE	del_6	11416
SKNSH_skew	[0.05,0.2)	non-cCRE	RARE	del_7	5568
SKNSH_skew	[0.05,0.2)	non-cCRE	RARE	del_8	13196
SKNSH_skew	[0.05,0.2)	non-cCRE	RARE	del_9	10985
SKNSH_skew	[0.05,0.2)	non-cCRE	RARE	ins_1	86214
SKNSH_skew	[0.05,0.2)	non-cCRE	RARE	ins_10plus	81946
SKNSH_skew	[0.05,0.2)	non-cCRE	RARE	ins_2	32854
SKNSH_skew	[0.05,0.2)	non-cCRE	RARE	ins_3	35065
SKNSH_skew	[0.05,0.2)	non-cCRE	RARE	ins_4	14174
SKNSH_skew	[0.05,0.2)	non-cCRE	RARE	ins_5	14251
SKNSH_skew	[0.05,0.2)	non-cCRE	RARE	ins_6	10547
SKNSH_skew	[0.05,0.2)	non-cCRE	RARE	ins_7	12329
SKNSH_skew	[0.05,0.2)	non-cCRE	RARE	ins_8	9695
SKNSH_skew	[0.05,0.2)	non-cCRE	RARE	ins_9	2486
SKNSH_skew	[0.05,0.2)	non-cCRE	SINGLETON	del_1	603741
SKNSH_skew	[0.05,0.2)	non-cCRE	SINGLETON	del_10plus	272821
SKNSH_skew	[0.05,0.2)	non-cCRE	SINGLETON	del_2	243312
SKNSH_skew	[0.05,0.2)	non-cCRE	SINGLETON	del_3	110201
SKNSH_skew	[0.05,0.2)	non-cCRE	SINGLETON	del_4	170325
SKNSH_skew	[0.05,0.2)	non-cCRE	SINGLETON	del_5	64330
SKNSH_skew	[0.05,0.2)	non-cCRE	SINGLETON	del_6	61168
SKNSH_skew	[0.05,0.2)	non-cCRE	SINGLETON	del_7	35303
SKNSH_skew	[0.05,0.2)	non-cCRE	SINGLETON	del_8	53788
SKNSH_skew	[0.05,0.2)	non-cCRE	SINGLETON	del_9	63487
SKNSH_skew	[0.05,0.2)	non-cCRE	SINGLETON	ins_1	356083
SKNSH_skew	[0.05,0.2)	non-cCRE	SINGLETON	ins_10plus	182849
SKNSH_skew	[0.05,0.2)	non-cCRE	SINGLETON	ins_2	102546
SKNSH_skew	[0.05,0.2)	non-cCRE	SINGLETON	ins_3	118304
SKNSH_skew	[0.05,0.2)	non-cCRE	SINGLETON	ins_4	65057
SKNSH_skew	[0.05,0.2)	non-cCRE	SINGLETON	ins_5	47999
SKNSH_skew	[0.05,0.2)	non-cCRE	SINGLETON	ins_6	33897
SKNSH_skew	[0.05,0.2)	non-cCRE	SINGLETON	ins_7	34209
SKNSH_skew	[0.05,0.2)	non-cCRE	SINGLETON	ins_8	26776
SKNSH_skew	[0.05,0.2)	non-cCRE	SINGLETON	ins_9	8741
SKNSH_skew	[0.05,0.2)	non-cCRE	ULTRARARE	del_1	342414
SKNSH_skew	[0.05,0.2)	non-cCRE	ULTRARARE	del_10plus	205688
SKNSH_skew	[0.05,0.2)	non-cCRE	ULTRARARE	del_2	167354
SKNSH_skew	[0.05,0.2)	non-cCRE	ULTRARARE	del_3	75308
SKNSH_skew	[0.05,0.2)	non-cCRE	ULTRARARE	del_4	147279
SKNSH_skew	[0.05,0.2)	non-cCRE	ULTRARARE	del_5	44183
SKNSH_skew	[0.05,0.2)	non-cCRE	ULTRARARE	del_6	42614
SKNSH_skew	[0.05,0.2)	non-cCRE	ULTRARARE	del_7	22369
SKNSH_skew	[0.05,0.2)	non-cCRE	ULTRARARE	del_8	41766
SKNSH_skew	[0.05,0.2)	non-cCRE	ULTRARARE	del_9	42454
SKNSH_skew	[0.05,0.2)	non-cCRE	ULTRARARE	ins_1	291252
SKNSH_skew	[0.05,0.2)	non-cCRE	ULTRARARE	ins_10plus	157193
SKNSH_skew	[0.05,0.2)	non-cCRE	ULTRARARE	ins_2	86507
SKNSH_skew	[0.05,0.2)	non-cCRE	ULTRARARE	ins_3	92890
SKNSH_skew	[0.05,0.2)	non-cCRE	ULTRARARE	ins_4	45598
SKNSH_skew	[0.05,0.2)	non-cCRE	ULTRARARE	ins_5	37840
SKNSH_skew	[0.05,0.2)	non-cCRE	ULTRARARE	ins_6	26581
SKNSH_skew	[0.05,0.2)	non-cCRE	ULTRARARE	ins_7	27495
SKNSH_skew	[0.05,0.2)	non-cCRE	ULTRARARE	ins_8	21148
SKNSH_skew	[0.05,0.2)	non-cCRE	ULTRARARE	ins_9	6344
SKNSH_skew	[0.05,0.2)	pELS	COMMON	del_1	694
SKNSH_skew	[0.05,0.2)	pELS	COMMON	del_10plus	854
SKNSH_skew	[0.05,0.2)	pELS	COMMON	del_2	525
SKNSH_skew	[0.05,0.2)	pELS	COMMON	del_3	200
SKNSH_skew	[0.05,0.2)	pELS	COMMON	del_4	677
SKNSH_skew	[0.05,0.2)	pELS	COMMON	del_5	95
SKNSH_skew	[0.05,0.2)	pELS	COMMON	del_6	253
SKNSH_skew	[0.05,0.2)	pELS	COMMON	del_7	48
SKNSH_skew	[0.05,0.2)	pELS	COMMON	del_8	272
SKNSH_skew	[0.05,0.2)	pELS	COMMON	del_9	100
SKNSH_skew	[0.05,0.2)	pELS	COMMON	ins_1	1975
SKNSH_skew	[0.05,0.2)	pELS	COMMON	ins_10plus	368
SKNSH_skew	[0.05,0.2)	pELS	COMMON	ins_2	442
SKNSH_skew	[0.05,0.2)	pELS	COMMON	ins_3	451
SKNSH_skew	[0.05,0.2)	pELS	COMMON	ins_4	167
SKNSH_skew	[0.05,0.2)	pELS	COMMON	ins_5	137
SKNSH_skew	[0.05,0.2)	pELS	COMMON	ins_6	109
SKNSH_skew	[0.05,0.2)	pELS	COMMON	ins_7	69
SKNSH_skew	[0.05,0.2)	pELS	COMMON	ins_8	65
SKNSH_skew	[0.05,0.2)	pELS	COMMON	ins_9	15
SKNSH_skew	[0.05,0.2)	pELS	LOW_FREQ	del_1	958
SKNSH_skew	[0.05,0.2)	pELS	LOW_FREQ	del_10plus	980
SKNSH_skew	[0.05,0.2)	pELS	LOW_FREQ	del_2	640
SKNSH_skew	[0.05,0.2)	pELS	LOW_FREQ	del_3	282
SKNSH_skew	[0.05,0.2)	pELS	LOW_FREQ	del_4	690
SKNSH_skew	[0.05,0.2)	pELS	LOW_FREQ	del_5	151
SKNSH_skew	[0.05,0.2)	pELS	LOW_FREQ	del_6	232
SKNSH_skew	[0.05,0.2)	pELS	LOW_FREQ	del_7	64
SKNSH_skew	[0.05,0.2)	pELS	LOW_FREQ	del_8	218
SKNSH_skew	[0.05,0.2)	pELS	LOW_FREQ	del_9	134
SKNSH_skew	[0.05,0.2)	pELS	LOW_FREQ	ins_1	1595
SKNSH_skew	[0.05,0.2)	pELS	LOW_FREQ	ins_10plus	698
SKNSH_skew	[0.05,0.2)	pELS	LOW_FREQ	ins_2	415
SKNSH_skew	[0.05,0.2)	pELS	LOW_FREQ	ins_3	427
SKNSH_skew	[0.05,0.2)	pELS	LOW_FREQ	ins_4	194
SKNSH_skew	[0.05,0.2)	pELS	LOW_FREQ	ins_5	175
SKNSH_skew	[0.05,0.2)	pELS	LOW_FREQ	ins_6	169
SKNSH_skew	[0.05,0.2)	pELS	LOW_FREQ	ins_7	124
SKNSH_skew	[0.05,0.2)	pELS	LOW_FREQ	ins_8	139
SKNSH_skew	[0.05,0.2)	pELS	LOW_FREQ	ins_9	31
SKNSH_skew	[0.05,0.2)	pELS	RARE	del_1	2085
SKNSH_skew	[0.05,0.2)	pELS	RARE	del_10plus	1972
SKNSH_skew	[0.05,0.2)	pELS	RARE	del_2	1608
SKNSH_skew	[0.05,0.2)	pELS	RARE	del_3	776
SKNSH_skew	[0.05,0.2)	pELS	RARE	del_4	1509
SKNSH_skew	[0.05,0.2)	pELS	RARE	del_5	348
SKNSH_skew	[0.05,0.2)	pELS	RARE	del_6	461
SKNSH_skew	[0.05,0.2)	pELS	RARE	del_7	183
SKNSH_skew	[0.05,0.2)	pELS	RARE	del_8	404
SKNSH_skew	[0.05,0.2)	pELS	RARE	del_9	352
SKNSH_skew	[0.05,0.2)	pELS	RARE	ins_1	3001
SKNSH_skew	[0.05,0.2)	pELS	RARE	ins_10plus	1526
SKNSH_skew	[0.05,0.2)	pELS	RARE	ins_2	737
SKNSH_skew	[0.05,0.2)	pELS	RARE	ins_3	724
SKNSH_skew	[0.05,0.2)	pELS	RARE	ins_4	345
SKNSH_skew	[0.05,0.2)	pELS	RARE	ins_5	351
SKNSH_skew	[0.05,0.2)	pELS	RARE	ins_6	285
SKNSH_skew	[0.05,0.2)	pELS	RARE	ins_7	275
SKNSH_skew	[0.05,0.2)	pELS	RARE	ins_8	240
SKNSH_skew	[0.05,0.2)	pELS	RARE	ins_9	68
SKNSH_skew	[0.05,0.2)	pELS	SINGLETON	del_1	22220
SKNSH_skew	[0.05,0.2)	pELS	SINGLETON	del_10plus	9455
SKNSH_skew	[0.05,0.2)	pELS	SINGLETON	del_2	11718
SKNSH_skew	[0.05,0.2)	pELS	SINGLETON	del_3	5609
SKNSH_skew	[0.05,0.2)	pELS	SINGLETON	del_4	7237
SKNSH_skew	[0.05,0.2)	pELS	SINGLETON	del_5	2645
SKNSH_skew	[0.05,0.2)	pELS	SINGLETON	del_6	2405
SKNSH_skew	[0.05,0.2)	pELS	SINGLETON	del_7	1539
SKNSH_skew	[0.05,0.2)	pELS	SINGLETON	del_8	1854
SKNSH_skew	[0.05,0.2)	pELS	SINGLETON	del_9	2155
SKNSH_skew	[0.05,0.2)	pELS	SINGLETON	ins_1	14531
SKNSH_skew	[0.05,0.2)	pELS	SINGLETON	ins_10plus	3632
SKNSH_skew	[0.05,0.2)	pELS	SINGLETON	ins_2	2833
SKNSH_skew	[0.05,0.2)	pELS	SINGLETON	ins_3	2991
SKNSH_skew	[0.05,0.2)	pELS	SINGLETON	ins_4	1773
SKNSH_skew	[0.05,0.2)	pELS	SINGLETON	ins_5	1238
SKNSH_skew	[0.05,0.2)	pELS	SINGLETON	ins_6	1008
SKNSH_skew	[0.05,0.2)	pELS	SINGLETON	ins_7	840
SKNSH_skew	[0.05,0.2)	pELS	SINGLETON	ins_8	652
SKNSH_skew	[0.05,0.2)	pELS	SINGLETON	ins_9	237
SKNSH_skew	[0.05,0.2)	pELS	ULTRARARE	del_1	12899
SKNSH_skew	[0.05,0.2)	pELS	ULTRARARE	del_10plus	6837
SKNSH_skew	[0.05,0.2)	pELS	ULTRARARE	del_2	8288
SKNSH_skew	[0.05,0.2)	pELS	ULTRARARE	del_3	4020
SKNSH_skew	[0.05,0.2)	pELS	ULTRARARE	del_4	6399
SKNSH_skew	[0.05,0.2)	pELS	ULTRARARE	del_5	1727
SKNSH_skew	[0.05,0.2)	pELS	ULTRARARE	del_6	1625
SKNSH_skew	[0.05,0.2)	pELS	ULTRARARE	del_7	901
SKNSH_skew	[0.05,0.2)	pELS	ULTRARARE	del_8	1387
SKNSH_skew	[0.05,0.2)	pELS	ULTRARARE	del_9	1345
SKNSH_skew	[0.05,0.2)	pELS	ULTRARARE	ins_1	11356
SKNSH_skew	[0.05,0.2)	pELS	ULTRARARE	ins_10plus	2993
SKNSH_skew	[0.05,0.2)	pELS	ULTRARARE	ins_2	2222
SKNSH_skew	[0.05,0.2)	pELS	ULTRARARE	ins_3	2203
SKNSH_skew	[0.05,0.2)	pELS	ULTRARARE	ins_4	1237
SKNSH_skew	[0.05,0.2)	pELS	ULTRARARE	ins_5	906
SKNSH_skew	[0.05,0.2)	pELS	ULTRARARE	ins_6	875
SKNSH_skew	[0.05,0.2)	pELS	ULTRARARE	ins_7	716
SKNSH_skew	[0.05,0.2)	pELS	ULTRARARE	ins_8	592
SKNSH_skew	[0.05,0.2)	pELS	ULTRARARE	ins_9	160
SKNSH_skew	[0.2,0.5)	Other cCREs	COMMON	del_1	231
SKNSH_skew	[0.2,0.5)	Other cCREs	COMMON	del_10plus	589
SKNSH_skew	[0.2,0.5)	Other cCREs	COMMON	del_2	129
SKNSH_skew	[0.2,0.5)	Other cCREs	COMMON	del_3	51
SKNSH_skew	[0.2,0.5)	Other cCREs	COMMON	del_4	70
SKNSH_skew	[0.2,0.5)	Other cCREs	COMMON	del_5	23
SKNSH_skew	[0.2,0.5)	Other cCREs	COMMON	del_6	28
SKNSH_skew	[0.2,0.5)	Other cCREs	COMMON	del_7	15
SKNSH_skew	[0.2,0.5)	Other cCREs	COMMON	del_8	50
SKNSH_skew	[0.2,0.5)	Other cCREs	COMMON	del_9	42
SKNSH_skew	[0.2,0.5)	Other cCREs	COMMON	ins_1	184
SKNSH_skew	[0.2,0.5)	Other cCREs	COMMON	ins_10plus	109
SKNSH_skew	[0.2,0.5)	Other cCREs	COMMON	ins_2	111
SKNSH_skew	[0.2,0.5)	Other cCREs	COMMON	ins_3	63
SKNSH_skew	[0.2,0.5)	Other cCREs	COMMON	ins_4	62
SKNSH_skew	[0.2,0.5)	Other cCREs	COMMON	ins_5	27
SKNSH_skew	[0.2,0.5)	Other cCREs	COMMON	ins_6	35
SKNSH_skew	[0.2,0.5)	Other cCREs	COMMON	ins_7	17
SKNSH_skew	[0.2,0.5)	Other cCREs	COMMON	ins_8	22
SKNSH_skew	[0.2,0.5)	Other cCREs	COMMON	ins_9	12
SKNSH_skew	[0.2,0.5)	Other cCREs	LOW_FREQ	del_1	282
SKNSH_skew	[0.2,0.5)	Other cCREs	LOW_FREQ	del_10plus	627
SKNSH_skew	[0.2,0.5)	Other cCREs	LOW_FREQ	del_2	165
SKNSH_skew	[0.2,0.5)	Other cCREs	LOW_FREQ	del_3	69
SKNSH_skew	[0.2,0.5)	Other cCREs	LOW_FREQ	del_4	102
SKNSH_skew	[0.2,0.5)	Other cCREs	LOW_FREQ	del_5	45
SKNSH_skew	[0.2,0.5)	Other cCREs	LOW_FREQ	del_6	41
SKNSH_skew	[0.2,0.5)	Other cCREs	LOW_FREQ	del_7	28
SKNSH_skew	[0.2,0.5)	Other cCREs	LOW_FREQ	del_8	55
SKNSH_skew	[0.2,0.5)	Other cCREs	LOW_FREQ	del_9	47
SKNSH_skew	[0.2,0.5)	Other cCREs	LOW_FREQ	ins_1	171
SKNSH_skew	[0.2,0.5)	Other cCREs	LOW_FREQ	ins_10plus	242
SKNSH_skew	[0.2,0.5)	Other cCREs	LOW_FREQ	ins_2	105
SKNSH_skew	[0.2,0.5)	Other cCREs	LOW_FREQ	ins_3	72
SKNSH_skew	[0.2,0.5)	Other cCREs	LOW_FREQ	ins_4	70
SKNSH_skew	[0.2,0.5)	Other cCREs	LOW_FREQ	ins_5	35
SKNSH_skew	[0.2,0.5)	Other cCREs	LOW_FREQ	ins_6	64
SKNSH_skew	[0.2,0.5)	Other cCREs	LOW_FREQ	ins_7	16
SKNSH_skew	[0.2,0.5)	Other cCREs	LOW_FREQ	ins_8	50
SKNSH_skew	[0.2,0.5)	Other cCREs	LOW_FREQ	ins_9	10
SKNSH_skew	[0.2,0.5)	Other cCREs	RARE	del_1	736
SKNSH_skew	[0.2,0.5)	Other cCREs	RARE	del_10plus	1312
SKNSH_skew	[0.2,0.5)	Other cCREs	RARE	del_2	390
SKNSH_skew	[0.2,0.5)	Other cCREs	RARE	del_3	170
SKNSH_skew	[0.2,0.5)	Other cCREs	RARE	del_4	271
SKNSH_skew	[0.2,0.5)	Other cCREs	RARE	del_5	78
SKNSH_skew	[0.2,0.5)	Other cCREs	RARE	del_6	106
SKNSH_skew	[0.2,0.5)	Other cCREs	RARE	del_7	60
SKNSH_skew	[0.2,0.5)	Other cCREs	RARE	del_8	118
SKNSH_skew	[0.2,0.5)	Other cCREs	RARE	del_9	151
SKNSH_skew	[0.2,0.5)	Other cCREs	RARE	ins_1	401
SKNSH_skew	[0.2,0.5)	Other cCREs	RARE	ins_10plus	609
SKNSH_skew	[0.2,0.5)	Other cCREs	RARE	ins_2	204
SKNSH_skew	[0.2,0.5)	Other cCREs	RARE	ins_3	151
SKNSH_skew	[0.2,0.5)	Other cCREs	RARE	ins_4	149
SKNSH_skew	[0.2,0.5)	Other cCREs	RARE	ins_5	64
SKNSH_skew	[0.2,0.5)	Other cCREs	RARE	ins_6	120
SKNSH_skew	[0.2,0.5)	Other cCREs	RARE	ins_7	62
SKNSH_skew	[0.2,0.5)	Other cCREs	RARE	ins_8	113
SKNSH_skew	[0.2,0.5)	Other cCREs	RARE	ins_9	21
SKNSH_skew	[0.2,0.5)	Other cCREs	SINGLETON	del_1	7771
SKNSH_skew	[0.2,0.5)	Other cCREs	SINGLETON	del_10plus	7306
SKNSH_skew	[0.2,0.5)	Other cCREs	SINGLETON	del_2	3104
SKNSH_skew	[0.2,0.5)	Other cCREs	SINGLETON	del_3	1484
SKNSH_skew	[0.2,0.5)	Other cCREs	SINGLETON	del_4	1805
SKNSH_skew	[0.2,0.5)	Other cCREs	SINGLETON	del_5	746
SKNSH_skew	[0.2,0.5)	Other cCREs	SINGLETON	del_6	732
SKNSH_skew	[0.2,0.5)	Other cCREs	SINGLETON	del_7	515
SKNSH_skew	[0.2,0.5)	Other cCREs	SINGLETON	del_8	693
SKNSH_skew	[0.2,0.5)	Other cCREs	SINGLETON	del_9	1079
SKNSH_skew	[0.2,0.5)	Other cCREs	SINGLETON	ins_1	3094
SKNSH_skew	[0.2,0.5)	Other cCREs	SINGLETON	ins_10plus	1883
SKNSH_skew	[0.2,0.5)	Other cCREs	SINGLETON	ins_2	1046
SKNSH_skew	[0.2,0.5)	Other cCREs	SINGLETON	ins_3	934
SKNSH_skew	[0.2,0.5)	Other cCREs	SINGLETON	ins_4	747
SKNSH_skew	[0.2,0.5)	Other cCREs	SINGLETON	ins_5	424
SKNSH_skew	[0.2,0.5)	Other cCREs	SINGLETON	ins_6	443
SKNSH_skew	[0.2,0.5)	Other cCREs	SINGLETON	ins_7	278
SKNSH_skew	[0.2,0.5)	Other cCREs	SINGLETON	ins_8	323
SKNSH_skew	[0.2,0.5)	Other cCREs	SINGLETON	ins_9	114
SKNSH_skew	[0.2,0.5)	Other cCREs	ULTRARARE	del_1	4390
SKNSH_skew	[0.2,0.5)	Other cCREs	ULTRARARE	del_10plus	4940
SKNSH_skew	[0.2,0.5)	Other cCREs	ULTRARARE	del_2	2166
SKNSH_skew	[0.2,0.5)	Other cCREs	ULTRARARE	del_3	913
SKNSH_skew	[0.2,0.5)	Other cCREs	ULTRARARE	del_4	1300
SKNSH_skew	[0.2,0.5)	Other cCREs	ULTRARARE	del_5	416
SKNSH_skew	[0.2,0.5)	Other cCREs	ULTRARARE	del_6	362
SKNSH_skew	[0.2,0.5)	Other cCREs	ULTRARARE	del_7	271
SKNSH_skew	[0.2,0.5)	Other cCREs	ULTRARARE	del_8	492
SKNSH_skew	[0.2,0.5)	Other cCREs	ULTRARARE	del_9	710
SKNSH_skew	[0.2,0.5)	Other cCREs	ULTRARARE	ins_1	1972
SKNSH_skew	[0.2,0.5)	Other cCREs	ULTRARARE	ins_10plus	1450
SKNSH_skew	[0.2,0.5)	Other cCREs	ULTRARARE	ins_2	780
SKNSH_skew	[0.2,0.5)	Other cCREs	ULTRARARE	ins_3	682
SKNSH_skew	[0.2,0.5)	Other cCREs	ULTRARARE	ins_4	529
SKNSH_skew	[0.2,0.5)	Other cCREs	ULTRARARE	ins_5	288
SKNSH_skew	[0.2,0.5)	Other cCREs	ULTRARARE	ins_6	314
SKNSH_skew	[0.2,0.5)	Other cCREs	ULTRARARE	ins_7	191
SKNSH_skew	[0.2,0.5)	Other cCREs	ULTRARARE	ins_8	282
SKNSH_skew	[0.2,0.5)	Other cCREs	ULTRARARE	ins_9	71
SKNSH_skew	[0.2,0.5)	PLS	COMMON	del_1	46
SKNSH_skew	[0.2,0.5)	PLS	COMMON	del_10plus	88
SKNSH_skew	[0.2,0.5)	PLS	COMMON	del_2	11
SKNSH_skew	[0.2,0.5)	PLS	COMMON	del_3	13
SKNSH_skew	[0.2,0.5)	PLS	COMMON	del_4	9
SKNSH_skew	[0.2,0.5)	PLS	COMMON	del_5	2
SKNSH_skew	[0.2,0.5)	PLS	COMMON	del_6	6
SKNSH_skew	[0.2,0.5)	PLS	COMMON	del_7	4
SKNSH_skew	[0.2,0.5)	PLS	COMMON	del_8	6
SKNSH_skew	[0.2,0.5)	PLS	COMMON	del_9	6
SKNSH_skew	[0.2,0.5)	PLS	COMMON	ins_1	32
SKNSH_skew	[0.2,0.5)	PLS	COMMON	ins_10plus	33
SKNSH_skew	[0.2,0.5)	PLS	COMMON	ins_2	13
SKNSH_skew	[0.2,0.5)	PLS	COMMON	ins_3	4
SKNSH_skew	[0.2,0.5)	PLS	COMMON	ins_4	4
SKNSH_skew	[0.2,0.5)	PLS	COMMON	ins_5	5
SKNSH_skew	[0.2,0.5)	PLS	COMMON	ins_6	6
SKNSH_skew	[0.2,0.5)	PLS	COMMON	ins_7	3
SKNSH_skew	[0.2,0.5)	PLS	COMMON	ins_8	1
SKNSH_skew	[0.2,0.5)	PLS	COMMON	ins_9	1
SKNSH_skew	[0.2,0.5)	PLS	LOW_FREQ	del_1	49
SKNSH_skew	[0.2,0.5)	PLS	LOW_FREQ	del_10plus	88
SKNSH_skew	[0.2,0.5)	PLS	LOW_FREQ	del_2	25
SKNSH_skew	[0.2,0.5)	PLS	LOW_FREQ	del_3	11
SKNSH_skew	[0.2,0.5)	PLS	LOW_FREQ	del_4	12
SKNSH_skew	[0.2,0.5)	PLS	LOW_FREQ	del_5	3
SKNSH_skew	[0.2,0.5)	PLS	LOW_FREQ	del_6	6
SKNSH_skew	[0.2,0.5)	PLS	LOW_FREQ	del_7	5
SKNSH_skew	[0.2,0.5)	PLS	LOW_FREQ	del_8	7
SKNSH_skew	[0.2,0.5)	PLS	LOW_FREQ	del_9	11
SKNSH_skew	[0.2,0.5)	PLS	LOW_FREQ	ins_1	33
SKNSH_skew	[0.2,0.5)	PLS	LOW_FREQ	ins_10plus	47
SKNSH_skew	[0.2,0.5)	PLS	LOW_FREQ	ins_2	16
SKNSH_skew	[0.2,0.5)	PLS	LOW_FREQ	ins_3	6
SKNSH_skew	[0.2,0.5)	PLS	LOW_FREQ	ins_4	12
SKNSH_skew	[0.2,0.5)	PLS	LOW_FREQ	ins_5	5
SKNSH_skew	[0.2,0.5)	PLS	LOW_FREQ	ins_6	10
SKNSH_skew	[0.2,0.5)	PLS	LOW_FREQ	ins_7	2
SKNSH_skew	[0.2,0.5)	PLS	LOW_FREQ	ins_8	5
SKNSH_skew	[0.2,0.5)	PLS	RARE	del_1	127
SKNSH_skew	[0.2,0.5)	PLS	RARE	del_10plus	206
SKNSH_skew	[0.2,0.5)	PLS	RARE	del_2	58
SKNSH_skew	[0.2,0.5)	PLS	RARE	del_3	27
SKNSH_skew	[0.2,0.5)	PLS	RARE	del_4	40
SKNSH_skew	[0.2,0.5)	PLS	RARE	del_5	12
SKNSH_skew	[0.2,0.5)	PLS	RARE	del_6	19
SKNSH_skew	[0.2,0.5)	PLS	RARE	del_7	12
SKNSH_skew	[0.2,0.5)	PLS	RARE	del_8	11
SKNSH_skew	[0.2,0.5)	PLS	RARE	del_9	28
SKNSH_skew	[0.2,0.5)	PLS	RARE	ins_1	105
SKNSH_skew	[0.2,0.5)	PLS	RARE	ins_10plus	121
SKNSH_skew	[0.2,0.5)	PLS	RARE	ins_2	34
SKNSH_skew	[0.2,0.5)	PLS	RARE	ins_3	29
SKNSH_skew	[0.2,0.5)	PLS	RARE	ins_4	17
SKNSH_skew	[0.2,0.5)	PLS	RARE	ins_5	17
SKNSH_skew	[0.2,0.5)	PLS	RARE	ins_6	36
SKNSH_skew	[0.2,0.5)	PLS	RARE	ins_7	2
SKNSH_skew	[0.2,0.5)	PLS	RARE	ins_8	16
SKNSH_skew	[0.2,0.5)	PLS	RARE	ins_9	4
SKNSH_skew	[0.2,0.5)	PLS	SINGLETON	del_1	1188
SKNSH_skew	[0.2,0.5)	PLS	SINGLETON	del_10plus	1101
SKNSH_skew	[0.2,0.5)	PLS	SINGLETON	del_2	433
SKNSH_skew	[0.2,0.5)	PLS	SINGLETON	del_3	238
SKNSH_skew	[0.2,0.5)	PLS	SINGLETON	del_4	241
SKNSH_skew	[0.2,0.5)	PLS	SINGLETON	del_5	133
SKNSH_skew	[0.2,0.5)	PLS	SINGLETON	del_6	111
SKNSH_skew	[0.2,0.5)	PLS	SINGLETON	del_7	87
SKNSH_skew	[0.2,0.5)	PLS	SINGLETON	del_8	108
SKNSH_skew	[0.2,0.5)	PLS	SINGLETON	del_9	179
SKNSH_skew	[0.2,0.5)	PLS	SINGLETON	ins_1	580
SKNSH_skew	[0.2,0.5)	PLS	SINGLETON	ins_10plus	523
SKNSH_skew	[0.2,0.5)	PLS	SINGLETON	ins_2	155
SKNSH_skew	[0.2,0.5)	PLS	SINGLETON	ins_3	106
SKNSH_skew	[0.2,0.5)	PLS	SINGLETON	ins_4	120
SKNSH_skew	[0.2,0.5)	PLS	SINGLETON	ins_5	89
SKNSH_skew	[0.2,0.5)	PLS	SINGLETON	ins_6	123
SKNSH_skew	[0.2,0.5)	PLS	SINGLETON	ins_7	43
SKNSH_skew	[0.2,0.5)	PLS	SINGLETON	ins_8	53
SKNSH_skew	[0.2,0.5)	PLS	SINGLETON	ins_9	24
SKNSH_skew	[0.2,0.5)	PLS	ULTRARARE	del_1	726
SKNSH_skew	[0.2,0.5)	PLS	ULTRARARE	del_10plus	746
SKNSH_skew	[0.2,0.5)	PLS	ULTRARARE	del_2	275
SKNSH_skew	[0.2,0.5)	PLS	ULTRARARE	del_3	158
SKNSH_skew	[0.2,0.5)	PLS	ULTRARARE	del_4	182
SKNSH_skew	[0.2,0.5)	PLS	ULTRARARE	del_5	72
SKNSH_skew	[0.2,0.5)	PLS	ULTRARARE	del_6	74
SKNSH_skew	[0.2,0.5)	PLS	ULTRARARE	del_7	46
SKNSH_skew	[0.2,0.5)	PLS	ULTRARARE	del_8	70
SKNSH_skew	[0.2,0.5)	PLS	ULTRARARE	del_9	125
SKNSH_skew	[0.2,0.5)	PLS	ULTRARARE	ins_1	437
SKNSH_skew	[0.2,0.5)	PLS	ULTRARARE	ins_10plus	427
SKNSH_skew	[0.2,0.5)	PLS	ULTRARARE	ins_2	117
SKNSH_skew	[0.2,0.5)	PLS	ULTRARARE	ins_3	78
SKNSH_skew	[0.2,0.5)	PLS	ULTRARARE	ins_4	76
SKNSH_skew	[0.2,0.5)	PLS	ULTRARARE	ins_5	67
SKNSH_skew	[0.2,0.5)	PLS	ULTRARARE	ins_6	116
SKNSH_skew	[0.2,0.5)	PLS	ULTRARARE	ins_7	29
SKNSH_skew	[0.2,0.5)	PLS	ULTRARARE	ins_8	32
SKNSH_skew	[0.2,0.5)	PLS	ULTRARARE	ins_9	18
SKNSH_skew	[0.2,0.5)	dELS	COMMON	del_1	633
SKNSH_skew	[0.2,0.5)	dELS	COMMON	del_10plus	1375
SKNSH_skew	[0.2,0.5)	dELS	COMMON	del_2	362
SKNSH_skew	[0.2,0.5)	dELS	COMMON	del_3	129
SKNSH_skew	[0.2,0.5)	dELS	COMMON	del_4	175
SKNSH_skew	[0.2,0.5)	dELS	COMMON	del_5	52
SKNSH_skew	[0.2,0.5)	dELS	COMMON	del_6	95
SKNSH_skew	[0.2,0.5)	dELS	COMMON	del_7	64
SKNSH_skew	[0.2,0.5)	dELS	COMMON	del_8	97
SKNSH_skew	[0.2,0.5)	dELS	COMMON	del_9	132
SKNSH_skew	[0.2,0.5)	dELS	COMMON	ins_1	579
SKNSH_skew	[0.2,0.5)	dELS	COMMON	ins_10plus	322
SKNSH_skew	[0.2,0.5)	dELS	COMMON	ins_2	245
SKNSH_skew	[0.2,0.5)	dELS	COMMON	ins_3	158
SKNSH_skew	[0.2,0.5)	dELS	COMMON	ins_4	171
SKNSH_skew	[0.2,0.5)	dELS	COMMON	ins_5	73
SKNSH_skew	[0.2,0.5)	dELS	COMMON	ins_6	95
SKNSH_skew	[0.2,0.5)	dELS	COMMON	ins_7	49
SKNSH_skew	[0.2,0.5)	dELS	COMMON	ins_8	62
SKNSH_skew	[0.2,0.5)	dELS	COMMON	ins_9	16
SKNSH_skew	[0.2,0.5)	dELS	LOW_FREQ	del_1	825
SKNSH_skew	[0.2,0.5)	dELS	LOW_FREQ	del_10plus	1644
SKNSH_skew	[0.2,0.5)	dELS	LOW_FREQ	del_2	517
SKNSH_skew	[0.2,0.5)	dELS	LOW_FREQ	del_3	185
SKNSH_skew	[0.2,0.5)	dELS	LOW_FREQ	del_4	285
SKNSH_skew	[0.2,0.5)	dELS	LOW_FREQ	del_5	95
SKNSH_skew	[0.2,0.5)	dELS	LOW_FREQ	del_6	89
SKNSH_skew	[0.2,0.5)	dELS	LOW_FREQ	del_7	60
SKNSH_skew	[0.2,0.5)	dELS	LOW_FREQ	del_8	101
SKNSH_skew	[0.2,0.5)	dELS	LOW_FREQ	del_9	157
SKNSH_skew	[0.2,0.5)	dELS	LOW_FREQ	ins_1	545
SKNSH_skew	[0.2,0.5)	dELS	LOW_FREQ	ins_10plus	650
SKNSH_skew	[0.2,0.5)	dELS	LOW_FREQ	ins_2	288
SKNSH_skew	[0.2,0.5)	dELS	LOW_FREQ	ins_3	199
SKNSH_skew	[0.2,0.5)	dELS	LOW_FREQ	ins_4	170
SKNSH_skew	[0.2,0.5)	dELS	LOW_FREQ	ins_5	69
SKNSH_skew	[0.2,0.5)	dELS	LOW_FREQ	ins_6	162
SKNSH_skew	[0.2,0.5)	dELS	LOW_FREQ	ins_7	30
SKNSH_skew	[0.2,0.5)	dELS	LOW_FREQ	ins_8	131
SKNSH_skew	[0.2,0.5)	dELS	LOW_FREQ	ins_9	21
SKNSH_skew	[0.2,0.5)	dELS	RARE	del_1	2092
SKNSH_skew	[0.2,0.5)	dELS	RARE	del_10plus	3307
SKNSH_skew	[0.2,0.5)	dELS	RARE	del_2	1297
SKNSH_skew	[0.2,0.5)	dELS	RARE	del_3	462
SKNSH_skew	[0.2,0.5)	dELS	RARE	del_4	728
SKNSH_skew	[0.2,0.5)	dELS	RARE	del_5	208
SKNSH_skew	[0.2,0.5)	dELS	RARE	del_6	235
SKNSH_skew	[0.2,0.5)	dELS	RARE	del_7	157
SKNSH_skew	[0.2,0.5)	dELS	RARE	del_8	289
SKNSH_skew	[0.2,0.5)	dELS	RARE	del_9	396
SKNSH_skew	[0.2,0.5)	dELS	RARE	ins_1	1252
SKNSH_skew	[0.2,0.5)	dELS	RARE	ins_10plus	1464
SKNSH_skew	[0.2,0.5)	dELS	RARE	ins_2	563
SKNSH_skew	[0.2,0.5)	dELS	RARE	ins_3	368
SKNSH_skew	[0.2,0.5)	dELS	RARE	ins_4	364
SKNSH_skew	[0.2,0.5)	dELS	RARE	ins_5	197
SKNSH_skew	[0.2,0.5)	dELS	RARE	ins_6	288
SKNSH_skew	[0.2,0.5)	dELS	RARE	ins_7	144
SKNSH_skew	[0.2,0.5)	dELS	RARE	ins_8	233
SKNSH_skew	[0.2,0.5)	dELS	RARE	ins_9	41
SKNSH_skew	[0.2,0.5)	dELS	SINGLETON	del_1	22691
SKNSH_skew	[0.2,0.5)	dELS	SINGLETON	del_10plus	20920
SKNSH_skew	[0.2,0.5)	dELS	SINGLETON	del_2	9940
SKNSH_skew	[0.2,0.5)	dELS	SINGLETON	del_3	4325
SKNSH_skew	[0.2,0.5)	dELS	SINGLETON	del_4	5144
SKNSH_skew	[0.2,0.5)	dELS	SINGLETON	del_5	2176
SKNSH_skew	[0.2,0.5)	dELS	SINGLETON	del_6	2101
SKNSH_skew	[0.2,0.5)	dELS	SINGLETON	del_7	1481
SKNSH_skew	[0.2,0.5)	dELS	SINGLETON	del_8	2033
SKNSH_skew	[0.2,0.5)	dELS	SINGLETON	del_9	3393
SKNSH_skew	[0.2,0.5)	dELS	SINGLETON	ins_1	9935
SKNSH_skew	[0.2,0.5)	dELS	SINGLETON	ins_10plus	4651
SKNSH_skew	[0.2,0.5)	dELS	SINGLETON	ins_2	2728
SKNSH_skew	[0.2,0.5)	dELS	SINGLETON	ins_3	2548
SKNSH_skew	[0.2,0.5)	dELS	SINGLETON	ins_4	2178
SKNSH_skew	[0.2,0.5)	dELS	SINGLETON	ins_5	1200
SKNSH_skew	[0.2,0.5)	dELS	SINGLETON	ins_6	1123
SKNSH_skew	[0.2,0.5)	dELS	SINGLETON	ins_7	653
SKNSH_skew	[0.2,0.5)	dELS	SINGLETON	ins_8	798
SKNSH_skew	[0.2,0.5)	dELS	SINGLETON	ins_9	296
SKNSH_skew	[0.2,0.5)	dELS	ULTRARARE	del_1	12814
SKNSH_skew	[0.2,0.5)	dELS	ULTRARARE	del_10plus	13562
SKNSH_skew	[0.2,0.5)	dELS	ULTRARARE	del_2	6729
SKNSH_skew	[0.2,0.5)	dELS	ULTRARARE	del_3	2842
SKNSH_skew	[0.2,0.5)	dELS	ULTRARARE	del_4	3770
SKNSH_skew	[0.2,0.5)	dELS	ULTRARARE	del_5	1273
SKNSH_skew	[0.2,0.5)	dELS	ULTRARARE	del_6	1287
SKNSH_skew	[0.2,0.5)	dELS	ULTRARARE	del_7	839
SKNSH_skew	[0.2,0.5)	dELS	ULTRARARE	del_8	1247
SKNSH_skew	[0.2,0.5)	dELS	ULTRARARE	del_9	1937
SKNSH_skew	[0.2,0.5)	dELS	ULTRARARE	ins_1	6509
SKNSH_skew	[0.2,0.5)	dELS	ULTRARARE	ins_10plus	3524
SKNSH_skew	[0.2,0.5)	dELS	ULTRARARE	ins_2	1981
SKNSH_skew	[0.2,0.5)	dELS	ULTRARARE	ins_3	1468
SKNSH_skew	[0.2,0.5)	dELS	ULTRARARE	ins_4	1415
SKNSH_skew	[0.2,0.5)	dELS	ULTRARARE	ins_5	751
SKNSH_skew	[0.2,0.5)	dELS	ULTRARARE	ins_6	910
SKNSH_skew	[0.2,0.5)	dELS	ULTRARARE	ins_7	441
SKNSH_skew	[0.2,0.5)	dELS	ULTRARARE	ins_8	603
SKNSH_skew	[0.2,0.5)	dELS	ULTRARARE	ins_9	200
SKNSH_skew	[0.2,0.5)	non-cCRE	COMMON	del_1	2076
SKNSH_skew	[0.2,0.5)	non-cCRE	COMMON	del_10plus	3863
SKNSH_skew	[0.2,0.5)	non-cCRE	COMMON	del_2	991
SKNSH_skew	[0.2,0.5)	non-cCRE	COMMON	del_3	380
SKNSH_skew	[0.2,0.5)	non-cCRE	COMMON	del_4	626
SKNSH_skew	[0.2,0.5)	non-cCRE	COMMON	del_5	239
SKNSH_skew	[0.2,0.5)	non-cCRE	COMMON	del_6	234
SKNSH_skew	[0.2,0.5)	non-cCRE	COMMON	del_7	122
SKNSH_skew	[0.2,0.5)	non-cCRE	COMMON	del_8	328
SKNSH_skew	[0.2,0.5)	non-cCRE	COMMON	del_9	414
SKNSH_skew	[0.2,0.5)	non-cCRE	COMMON	ins_1	1451
SKNSH_skew	[0.2,0.5)	non-cCRE	COMMON	ins_10plus	1207
SKNSH_skew	[0.2,0.5)	non-cCRE	COMMON	ins_2	752
SKNSH_skew	[0.2,0.5)	non-cCRE	COMMON	ins_3	690
SKNSH_skew	[0.2,0.5)	non-cCRE	COMMON	ins_4	550
SKNSH_skew	[0.2,0.5)	non-cCRE	COMMON	ins_5	364
SKNSH_skew	[0.2,0.5)	non-cCRE	COMMON	ins_6	349
SKNSH_skew	[0.2,0.5)	non-cCRE	COMMON	ins_7	210
SKNSH_skew	[0.2,0.5)	non-cCRE	COMMON	ins_8	251
SKNSH_skew	[0.2,0.5)	non-cCRE	COMMON	ins_9	98
SKNSH_skew	[0.2,0.5)	non-cCRE	LOW_FREQ	del_1	2672
SKNSH_skew	[0.2,0.5)	non-cCRE	LOW_FREQ	del_10plus	4758
SKNSH_skew	[0.2,0.5)	non-cCRE	LOW_FREQ	del_2	1329
SKNSH_skew	[0.2,0.5)	non-cCRE	LOW_FREQ	del_3	466
SKNSH_skew	[0.2,0.5)	non-cCRE	LOW_FREQ	del_4	804
SKNSH_skew	[0.2,0.5)	non-cCRE	LOW_FREQ	del_5	311
SKNSH_skew	[0.2,0.5)	non-cCRE	LOW_FREQ	del_6	303
SKNSH_skew	[0.2,0.5)	non-cCRE	LOW_FREQ	del_7	214
SKNSH_skew	[0.2,0.5)	non-cCRE	LOW_FREQ	del_8	413
SKNSH_skew	[0.2,0.5)	non-cCRE	LOW_FREQ	del_9	539
SKNSH_skew	[0.2,0.5)	non-cCRE	LOW_FREQ	ins_1	1394
SKNSH_skew	[0.2,0.5)	non-cCRE	LOW_FREQ	ins_10plus	2284
SKNSH_skew	[0.2,0.5)	non-cCRE	LOW_FREQ	ins_2	842
SKNSH_skew	[0.2,0.5)	non-cCRE	LOW_FREQ	ins_3	725
SKNSH_skew	[0.2,0.5)	non-cCRE	LOW_FREQ	ins_4	589
SKNSH_skew	[0.2,0.5)	non-cCRE	LOW_FREQ	ins_5	415
SKNSH_skew	[0.2,0.5)	non-cCRE	LOW_FREQ	ins_6	364
SKNSH_skew	[0.2,0.5)	non-cCRE	LOW_FREQ	ins_7	236
SKNSH_skew	[0.2,0.5)	non-cCRE	LOW_FREQ	ins_8	380
SKNSH_skew	[0.2,0.5)	non-cCRE	LOW_FREQ	ins_9	99
SKNSH_skew	[0.2,0.5)	non-cCRE	RARE	del_1	6442
SKNSH_skew	[0.2,0.5)	non-cCRE	RARE	del_10plus	10358
SKNSH_skew	[0.2,0.5)	non-cCRE	RARE	del_2	3437
SKNSH_skew	[0.2,0.5)	non-cCRE	RARE	del_3	1247
SKNSH_skew	[0.2,0.5)	non-cCRE	RARE	del_4	1962
SKNSH_skew	[0.2,0.5)	non-cCRE	RARE	del_5	799
SKNSH_skew	[0.2,0.5)	non-cCRE	RARE	del_6	741
SKNSH_skew	[0.2,0.5)	non-cCRE	RARE	del_7	436
SKNSH_skew	[0.2,0.5)	non-cCRE	RARE	del_8	945
SKNSH_skew	[0.2,0.5)	non-cCRE	RARE	del_9	1139
SKNSH_skew	[0.2,0.5)	non-cCRE	RARE	ins_1	3248
SKNSH_skew	[0.2,0.5)	non-cCRE	RARE	ins_10plus	5611
SKNSH_skew	[0.2,0.5)	non-cCRE	RARE	ins_2	1785
SKNSH_skew	[0.2,0.5)	non-cCRE	RARE	ins_3	1519
SKNSH_skew	[0.2,0.5)	non-cCRE	RARE	ins_4	1220
SKNSH_skew	[0.2,0.5)	non-cCRE	RARE	ins_5	884
SKNSH_skew	[0.2,0.5)	non-cCRE	RARE	ins_6	816
SKNSH_skew	[0.2,0.5)	non-cCRE	RARE	ins_7	510
SKNSH_skew	[0.2,0.5)	non-cCRE	RARE	ins_8	734
SKNSH_skew	[0.2,0.5)	non-cCRE	RARE	ins_9	247
SKNSH_skew	[0.2,0.5)	non-cCRE	SINGLETON	del_1	69735
SKNSH_skew	[0.2,0.5)	non-cCRE	SINGLETON	del_10plus	61513
SKNSH_skew	[0.2,0.5)	non-cCRE	SINGLETON	del_2	26486
SKNSH_skew	[0.2,0.5)	non-cCRE	SINGLETON	del_3	12213
SKNSH_skew	[0.2,0.5)	non-cCRE	SINGLETON	del_4	14341
SKNSH_skew	[0.2,0.5)	non-cCRE	SINGLETON	del_5	6348
SKNSH_skew	[0.2,0.5)	non-cCRE	SINGLETON	del_6	6169
SKNSH_skew	[0.2,0.5)	non-cCRE	SINGLETON	del_7	4386
SKNSH_skew	[0.2,0.5)	non-cCRE	SINGLETON	del_8	6106
SKNSH_skew	[0.2,0.5)	non-cCRE	SINGLETON	del_9	9088
SKNSH_skew	[0.2,0.5)	non-cCRE	SINGLETON	ins_1	26292
SKNSH_skew	[0.2,0.5)	non-cCRE	SINGLETON	ins_10plus	20309
SKNSH_skew	[0.2,0.5)	non-cCRE	SINGLETON	ins_2	9422
SKNSH_skew	[0.2,0.5)	non-cCRE	SINGLETON	ins_3	8631
SKNSH_skew	[0.2,0.5)	non-cCRE	SINGLETON	ins_4	7478
SKNSH_skew	[0.2,0.5)	non-cCRE	SINGLETON	ins_5	5217
SKNSH_skew	[0.2,0.5)	non-cCRE	SINGLETON	ins_6	4385
SKNSH_skew	[0.2,0.5)	non-cCRE	SINGLETON	ins_7	2949
SKNSH_skew	[0.2,0.5)	non-cCRE	SINGLETON	ins_8	3326
SKNSH_skew	[0.2,0.5)	non-cCRE	SINGLETON	ins_9	1398
SKNSH_skew	[0.2,0.5)	non-cCRE	ULTRARARE	del_1	38078
SKNSH_skew	[0.2,0.5)	non-cCRE	ULTRARARE	del_10plus	40230
SKNSH_skew	[0.2,0.5)	non-cCRE	ULTRARARE	del_2	17757
SKNSH_skew	[0.2,0.5)	non-cCRE	ULTRARARE	del_3	7226
SKNSH_skew	[0.2,0.5)	non-cCRE	ULTRARARE	del_4	9907
SKNSH_skew	[0.2,0.5)	non-cCRE	ULTRARARE	del_5	3827
SKNSH_skew	[0.2,0.5)	non-cCRE	ULTRARARE	del_6	3493
SKNSH_skew	[0.2,0.5)	non-cCRE	ULTRARARE	del_7	2447
SKNSH_skew	[0.2,0.5)	non-cCRE	ULTRARARE	del_8	4056
SKNSH_skew	[0.2,0.5)	non-cCRE	ULTRARARE	del_9	5477
SKNSH_skew	[0.2,0.5)	non-cCRE	ULTRARARE	ins_1	16596
SKNSH_skew	[0.2,0.5)	non-cCRE	ULTRARARE	ins_10plus	14377
SKNSH_skew	[0.2,0.5)	non-cCRE	ULTRARARE	ins_2	6544
SKNSH_skew	[0.2,0.5)	non-cCRE	ULTRARARE	ins_3	5669
SKNSH_skew	[0.2,0.5)	non-cCRE	ULTRARARE	ins_4	4762
SKNSH_skew	[0.2,0.5)	non-cCRE	ULTRARARE	ins_5	3238
SKNSH_skew	[0.2,0.5)	non-cCRE	ULTRARARE	ins_6	3022
SKNSH_skew	[0.2,0.5)	non-cCRE	ULTRARARE	ins_7	1787
SKNSH_skew	[0.2,0.5)	non-cCRE	ULTRARARE	ins_8	2148
SKNSH_skew	[0.2,0.5)	non-cCRE	ULTRARARE	ins_9	872
SKNSH_skew	[0.2,0.5)	pELS	COMMON	del_1	128
SKNSH_skew	[0.2,0.5)	pELS	COMMON	del_10plus	277
SKNSH_skew	[0.2,0.5)	pELS	COMMON	del_2	66
SKNSH_skew	[0.2,0.5)	pELS	COMMON	del_3	31
SKNSH_skew	[0.2,0.5)	pELS	COMMON	del_4	37
SKNSH_skew	[0.2,0.5)	pELS	COMMON	del_5	9
SKNSH_skew	[0.2,0.5)	pELS	COMMON	del_6	16
SKNSH_skew	[0.2,0.5)	pELS	COMMON	del_7	13
SKNSH_skew	[0.2,0.5)	pELS	COMMON	del_8	20
SKNSH_skew	[0.2,0.5)	pELS	COMMON	del_9	23
SKNSH_skew	[0.2,0.5)	pELS	COMMON	ins_1	118
SKNSH_skew	[0.2,0.5)	pELS	COMMON	ins_10plus	68
SKNSH_skew	[0.2,0.5)	pELS	COMMON	ins_2	57
SKNSH_skew	[0.2,0.5)	pELS	COMMON	ins_3	30
SKNSH_skew	[0.2,0.5)	pELS	COMMON	ins_4	27
SKNSH_skew	[0.2,0.5)	pELS	COMMON	ins_5	18
SKNSH_skew	[0.2,0.5)	pELS	COMMON	ins_6	27
SKNSH_skew	[0.2,0.5)	pELS	COMMON	ins_7	4
SKNSH_skew	[0.2,0.5)	pELS	COMMON	ins_8	12
SKNSH_skew	[0.2,0.5)	pELS	COMMON	ins_9	4
SKNSH_skew	[0.2,0.5)	pELS	LOW_FREQ	del_1	151
SKNSH_skew	[0.2,0.5)	pELS	LOW_FREQ	del_10plus	318
SKNSH_skew	[0.2,0.5)	pELS	LOW_FREQ	del_2	82
SKNSH_skew	[0.2,0.5)	pELS	LOW_FREQ	del_3	50
SKNSH_skew	[0.2,0.5)	pELS	LOW_FREQ	del_4	60
SKNSH_skew	[0.2,0.5)	pELS	LOW_FREQ	del_5	10
SKNSH_skew	[0.2,0.5)	pELS	LOW_FREQ	del_6	21
SKNSH_skew	[0.2,0.5)	pELS	LOW_FREQ	del_7	12
SKNSH_skew	[0.2,0.5)	pELS	LOW_FREQ	del_8	25
SKNSH_skew	[0.2,0.5)	pELS	LOW_FREQ	del_9	26
SKNSH_skew	[0.2,0.5)	pELS	LOW_FREQ	ins_1	113
SKNSH_skew	[0.2,0.5)	pELS	LOW_FREQ	ins_10plus	125
SKNSH_skew	[0.2,0.5)	pELS	LOW_FREQ	ins_2	43
SKNSH_skew	[0.2,0.5)	pELS	LOW_FREQ	ins_3	39
SKNSH_skew	[0.2,0.5)	pELS	LOW_FREQ	ins_4	38
SKNSH_skew	[0.2,0.5)	pELS	LOW_FREQ	ins_5	23
SKNSH_skew	[0.2,0.5)	pELS	LOW_FREQ	ins_6	33
SKNSH_skew	[0.2,0.5)	pELS	LOW_FREQ	ins_7	16
SKNSH_skew	[0.2,0.5)	pELS	LOW_FREQ	ins_8	25
SKNSH_skew	[0.2,0.5)	pELS	LOW_FREQ	ins_9	7
SKNSH_skew	[0.2,0.5)	pELS	RARE	del_1	408
SKNSH_skew	[0.2,0.5)	pELS	RARE	del_10plus	650
SKNSH_skew	[0.2,0.5)	pELS	RARE	del_2	234
SKNSH_skew	[0.2,0.5)	pELS	RARE	del_3	97
SKNSH_skew	[0.2,0.5)	pELS	RARE	del_4	158
SKNSH_skew	[0.2,0.5)	pELS	RARE	del_5	41
SKNSH_skew	[0.2,0.5)	pELS	RARE	del_6	59
SKNSH_skew	[0.2,0.5)	pELS	RARE	del_7	32
SKNSH_skew	[0.2,0.5)	pELS	RARE	del_8	53
SKNSH_skew	[0.2,0.5)	pELS	RARE	del_9	79
SKNSH_skew	[0.2,0.5)	pELS	RARE	ins_1	291
SKNSH_skew	[0.2,0.5)	pELS	RARE	ins_10plus	278
SKNSH_skew	[0.2,0.5)	pELS	RARE	ins_2	121
SKNSH_skew	[0.2,0.5)	pELS	RARE	ins_3	69
SKNSH_skew	[0.2,0.5)	pELS	RARE	ins_4	68
SKNSH_skew	[0.2,0.5)	pELS	RARE	ins_5	49
SKNSH_skew	[0.2,0.5)	pELS	RARE	ins_6	62
SKNSH_skew	[0.2,0.5)	pELS	RARE	ins_7	34
SKNSH_skew	[0.2,0.5)	pELS	RARE	ins_8	50
SKNSH_skew	[0.2,0.5)	pELS	RARE	ins_9	9
SKNSH_skew	[0.2,0.5)	pELS	SINGLETON	del_1	4251
SKNSH_skew	[0.2,0.5)	pELS	SINGLETON	del_10plus	4152
SKNSH_skew	[0.2,0.5)	pELS	SINGLETON	del_2	1898
SKNSH_skew	[0.2,0.5)	pELS	SINGLETON	del_3	853
SKNSH_skew	[0.2,0.5)	pELS	SINGLETON	del_4	968
SKNSH_skew	[0.2,0.5)	pELS	SINGLETON	del_5	453
SKNSH_skew	[0.2,0.5)	pELS	SINGLETON	del_6	437
SKNSH_skew	[0.2,0.5)	pELS	SINGLETON	del_7	249
SKNSH_skew	[0.2,0.5)	pELS	SINGLETON	del_8	428
SKNSH_skew	[0.2,0.5)	pELS	SINGLETON	del_9	706
SKNSH_skew	[0.2,0.5)	pELS	SINGLETON	ins_1	2152
SKNSH_skew	[0.2,0.5)	pELS	SINGLETON	ins_10plus	1026
SKNSH_skew	[0.2,0.5)	pELS	SINGLETON	ins_2	623
SKNSH_skew	[0.2,0.5)	pELS	SINGLETON	ins_3	501
SKNSH_skew	[0.2,0.5)	pELS	SINGLETON	ins_4	393
SKNSH_skew	[0.2,0.5)	pELS	SINGLETON	ins_5	242
SKNSH_skew	[0.2,0.5)	pELS	SINGLETON	ins_6	270
SKNSH_skew	[0.2,0.5)	pELS	SINGLETON	ins_7	158
SKNSH_skew	[0.2,0.5)	pELS	SINGLETON	ins_8	137
SKNSH_skew	[0.2,0.5)	pELS	SINGLETON	ins_9	60
SKNSH_skew	[0.2,0.5)	pELS	ULTRARARE	del_1	2369
SKNSH_skew	[0.2,0.5)	pELS	ULTRARARE	del_10plus	2853
SKNSH_skew	[0.2,0.5)	pELS	ULTRARARE	del_2	1287
SKNSH_skew	[0.2,0.5)	pELS	ULTRARARE	del_3	529
SKNSH_skew	[0.2,0.5)	pELS	ULTRARARE	del_4	717
SKNSH_skew	[0.2,0.5)	pELS	ULTRARARE	del_5	263
SKNSH_skew	[0.2,0.5)	pELS	ULTRARARE	del_6	224
SKNSH_skew	[0.2,0.5)	pELS	ULTRARARE	del_7	155
SKNSH_skew	[0.2,0.5)	pELS	ULTRARARE	del_8	254
SKNSH_skew	[0.2,0.5)	pELS	ULTRARARE	del_9	408
SKNSH_skew	[0.2,0.5)	pELS	ULTRARARE	ins_1	1467
SKNSH_skew	[0.2,0.5)	pELS	ULTRARARE	ins_10plus	802
SKNSH_skew	[0.2,0.5)	pELS	ULTRARARE	ins_2	423
SKNSH_skew	[0.2,0.5)	pELS	ULTRARARE	ins_3	306
SKNSH_skew	[0.2,0.5)	pELS	ULTRARARE	ins_4	270
SKNSH_skew	[0.2,0.5)	pELS	ULTRARARE	ins_5	164
SKNSH_skew	[0.2,0.5)	pELS	ULTRARARE	ins_6	184
SKNSH_skew	[0.2,0.5)	pELS	ULTRARARE	ins_7	114
SKNSH_skew	[0.2,0.5)	pELS	ULTRARARE	ins_8	115
SKNSH_skew	[0.2,0.5)	pELS	ULTRARARE	ins_9	39
SKNSH_skew	[0.5,1.0)	Other cCREs	COMMON	del_1	39
SKNSH_skew	[0.5,1.0)	Other cCREs	COMMON	del_10plus	31
SKNSH_skew	[0.5,1.0)	Other cCREs	COMMON	del_2	31
SKNSH_skew	[0.5,1.0)	Other cCREs	COMMON	del_3	10
SKNSH_skew	[0.5,1.0)	Other cCREs	COMMON	del_4	11
SKNSH_skew	[0.5,1.0)	Other cCREs	COMMON	del_5	3
SKNSH_skew	[0.5,1.0)	Other cCREs	COMMON	del_6	3
SKNSH_skew	[0.5,1.0)	Other cCREs	COMMON	del_7	1
SKNSH_skew	[0.5,1.0)	Other cCREs	COMMON	del_8	7
SKNSH_skew	[0.5,1.0)	Other cCREs	COMMON	del_9	5
SKNSH_skew	[0.5,1.0)	Other cCREs	COMMON	ins_1	31
SKNSH_skew	[0.5,1.0)	Other cCREs	COMMON	ins_10plus	33
SKNSH_skew	[0.5,1.0)	Other cCREs	COMMON	ins_2	32
SKNSH_skew	[0.5,1.0)	Other cCREs	COMMON	ins_3	9
SKNSH_skew	[0.5,1.0)	Other cCREs	COMMON	ins_4	17
SKNSH_skew	[0.5,1.0)	Other cCREs	COMMON	ins_5	6
SKNSH_skew	[0.5,1.0)	Other cCREs	COMMON	ins_6	10
SKNSH_skew	[0.5,1.0)	Other cCREs	COMMON	ins_7	4
SKNSH_skew	[0.5,1.0)	Other cCREs	COMMON	ins_8	5
SKNSH_skew	[0.5,1.0)	Other cCREs	LOW_FREQ	del_1	75
SKNSH_skew	[0.5,1.0)	Other cCREs	LOW_FREQ	del_10plus	39
SKNSH_skew	[0.5,1.0)	Other cCREs	LOW_FREQ	del_2	32
SKNSH_skew	[0.5,1.0)	Other cCREs	LOW_FREQ	del_3	6
SKNSH_skew	[0.5,1.0)	Other cCREs	LOW_FREQ	del_4	19
SKNSH_skew	[0.5,1.0)	Other cCREs	LOW_FREQ	del_5	4
SKNSH_skew	[0.5,1.0)	Other cCREs	LOW_FREQ	del_6	1
SKNSH_skew	[0.5,1.0)	Other cCREs	LOW_FREQ	del_7	2
SKNSH_skew	[0.5,1.0)	Other cCREs	LOW_FREQ	del_8	3
SKNSH_skew	[0.5,1.0)	Other cCREs	LOW_FREQ	del_9	3
SKNSH_skew	[0.5,1.0)	Other cCREs	LOW_FREQ	ins_1	33
SKNSH_skew	[0.5,1.0)	Other cCREs	LOW_FREQ	ins_10plus	65
SKNSH_skew	[0.5,1.0)	Other cCREs	LOW_FREQ	ins_2	39
SKNSH_skew	[0.5,1.0)	Other cCREs	LOW_FREQ	ins_3	9
SKNSH_skew	[0.5,1.0)	Other cCREs	LOW_FREQ	ins_4	23
SKNSH_skew	[0.5,1.0)	Other cCREs	LOW_FREQ	ins_5	6
SKNSH_skew	[0.5,1.0)	Other cCREs	LOW_FREQ	ins_6	18
SKNSH_skew	[0.5,1.0)	Other cCREs	LOW_FREQ	ins_7	2
SKNSH_skew	[0.5,1.0)	Other cCREs	LOW_FREQ	ins_8	20
SKNSH_skew	[0.5,1.0)	Other cCREs	LOW_FREQ	ins_9	4
SKNSH_skew	[0.5,1.0)	Other cCREs	RARE	del_1	161
SKNSH_skew	[0.5,1.0)	Other cCREs	RARE	del_10plus	97
SKNSH_skew	[0.5,1.0)	Other cCREs	RARE	del_2	81
SKNSH_skew	[0.5,1.0)	Other cCREs	RARE	del_3	20
SKNSH_skew	[0.5,1.0)	Other cCREs	RARE	del_4	42
SKNSH_skew	[0.5,1.0)	Other cCREs	RARE	del_5	9
SKNSH_skew	[0.5,1.0)	Other cCREs	RARE	del_6	13
SKNSH_skew	[0.5,1.0)	Other cCREs	RARE	del_7	10
SKNSH_skew	[0.5,1.0)	Other cCREs	RARE	del_8	8
SKNSH_skew	[0.5,1.0)	Other cCREs	RARE	del_9	15
SKNSH_skew	[0.5,1.0)	Other cCREs	RARE	ins_1	62
SKNSH_skew	[0.5,1.0)	Other cCREs	RARE	ins_10plus	152
SKNSH_skew	[0.5,1.0)	Other cCREs	RARE	ins_2	116
SKNSH_skew	[0.5,1.0)	Other cCREs	RARE	ins_3	23
SKNSH_skew	[0.5,1.0)	Other cCREs	RARE	ins_4	38
SKNSH_skew	[0.5,1.0)	Other cCREs	RARE	ins_5	22
SKNSH_skew	[0.5,1.0)	Other cCREs	RARE	ins_6	37
SKNSH_skew	[0.5,1.0)	Other cCREs	RARE	ins_7	10
SKNSH_skew	[0.5,1.0)	Other cCREs	RARE	ins_8	34
SKNSH_skew	[0.5,1.0)	Other cCREs	RARE	ins_9	7
SKNSH_skew	[0.5,1.0)	Other cCREs	SINGLETON	del_1	1703
SKNSH_skew	[0.5,1.0)	Other cCREs	SINGLETON	del_10plus	765
SKNSH_skew	[0.5,1.0)	Other cCREs	SINGLETON	del_2	615
SKNSH_skew	[0.5,1.0)	Other cCREs	SINGLETON	del_3	253
SKNSH_skew	[0.5,1.0)	Other cCREs	SINGLETON	del_4	267
SKNSH_skew	[0.5,1.0)	Other cCREs	SINGLETON	del_5	139
SKNSH_skew	[0.5,1.0)	Other cCREs	SINGLETON	del_6	114
SKNSH_skew	[0.5,1.0)	Other cCREs	SINGLETON	del_7	79
SKNSH_skew	[0.5,1.0)	Other cCREs	SINGLETON	del_8	108
SKNSH_skew	[0.5,1.0)	Other cCREs	SINGLETON	del_9	117
SKNSH_skew	[0.5,1.0)	Other cCREs	SINGLETON	ins_1	557
SKNSH_skew	[0.5,1.0)	Other cCREs	SINGLETON	ins_10plus	536
SKNSH_skew	[0.5,1.0)	Other cCREs	SINGLETON	ins_2	269
SKNSH_skew	[0.5,1.0)	Other cCREs	SINGLETON	ins_3	191
SKNSH_skew	[0.5,1.0)	Other cCREs	SINGLETON	ins_4	202
SKNSH_skew	[0.5,1.0)	Other cCREs	SINGLETON	ins_5	118
SKNSH_skew	[0.5,1.0)	Other cCREs	SINGLETON	ins_6	123
SKNSH_skew	[0.5,1.0)	Other cCREs	SINGLETON	ins_7	53
SKNSH_skew	[0.5,1.0)	Other cCREs	SINGLETON	ins_8	95
SKNSH_skew	[0.5,1.0)	Other cCREs	SINGLETON	ins_9	36
SKNSH_skew	[0.5,1.0)	Other cCREs	ULTRARARE	del_1	869
SKNSH_skew	[0.5,1.0)	Other cCREs	ULTRARARE	del_10plus	504
SKNSH_skew	[0.5,1.0)	Other cCREs	ULTRARARE	del_2	490
SKNSH_skew	[0.5,1.0)	Other cCREs	ULTRARARE	del_3	163
SKNSH_skew	[0.5,1.0)	Other cCREs	ULTRARARE	del_4	178
SKNSH_skew	[0.5,1.0)	Other cCREs	ULTRARARE	del_5	79
SKNSH_skew	[0.5,1.0)	Other cCREs	ULTRARARE	del_6	60
SKNSH_skew	[0.5,1.0)	Other cCREs	ULTRARARE	del_7	44
SKNSH_skew	[0.5,1.0)	Other cCREs	ULTRARARE	del_8	58
SKNSH_skew	[0.5,1.0)	Other cCREs	ULTRARARE	del_9	61
SKNSH_skew	[0.5,1.0)	Other cCREs	ULTRARARE	ins_1	334
SKNSH_skew	[0.5,1.0)	Other cCREs	ULTRARARE	ins_10plus	454
SKNSH_skew	[0.5,1.0)	Other cCREs	ULTRARARE	ins_2	282
SKNSH_skew	[0.5,1.0)	Other cCREs	ULTRARARE	ins_3	112
SKNSH_skew	[0.5,1.0)	Other cCREs	ULTRARARE	ins_4	158
SKNSH_skew	[0.5,1.0)	Other cCREs	ULTRARARE	ins_5	71
SKNSH_skew	[0.5,1.0)	Other cCREs	ULTRARARE	ins_6	127
SKNSH_skew	[0.5,1.0)	Other cCREs	ULTRARARE	ins_7	38
SKNSH_skew	[0.5,1.0)	Other cCREs	ULTRARARE	ins_8	85
SKNSH_skew	[0.5,1.0)	Other cCREs	ULTRARARE	ins_9	20
SKNSH_skew	[0.5,1.0)	PLS	COMMON	del_1	13
SKNSH_skew	[0.5,1.0)	PLS	COMMON	del_10plus	5
SKNSH_skew	[0.5,1.0)	PLS	COMMON	del_2	3
SKNSH_skew	[0.5,1.0)	PLS	COMMON	del_4	2
SKNSH_skew	[0.5,1.0)	PLS	COMMON	del_6	4
SKNSH_skew	[0.5,1.0)	PLS	COMMON	del_9	1
SKNSH_skew	[0.5,1.0)	PLS	COMMON	ins_1	4
SKNSH_skew	[0.5,1.0)	PLS	COMMON	ins_10plus	5
SKNSH_skew	[0.5,1.0)	PLS	COMMON	ins_2	5
SKNSH_skew	[0.5,1.0)	PLS	COMMON	ins_4	1
SKNSH_skew	[0.5,1.0)	PLS	COMMON	ins_5	3
SKNSH_skew	[0.5,1.0)	PLS	COMMON	ins_8	2
SKNSH_skew	[0.5,1.0)	PLS	LOW_FREQ	del_1	6
SKNSH_skew	[0.5,1.0)	PLS	LOW_FREQ	del_10plus	9
SKNSH_skew	[0.5,1.0)	PLS	LOW_FREQ	del_2	4
SKNSH_skew	[0.5,1.0)	PLS	LOW_FREQ	del_3	1
SKNSH_skew	[0.5,1.0)	PLS	LOW_FREQ	del_4	5
SKNSH_skew	[0.5,1.0)	PLS	LOW_FREQ	del_7	1
SKNSH_skew	[0.5,1.0)	PLS	LOW_FREQ	ins_1	5
SKNSH_skew	[0.5,1.0)	PLS	LOW_FREQ	ins_10plus	12
SKNSH_skew	[0.5,1.0)	PLS	LOW_FREQ	ins_2	2
SKNSH_skew	[0.5,1.0)	PLS	LOW_FREQ	ins_4	1
SKNSH_skew	[0.5,1.0)	PLS	LOW_FREQ	ins_5	1
SKNSH_skew	[0.5,1.0)	PLS	LOW_FREQ	ins_8	4
SKNSH_skew	[0.5,1.0)	PLS	RARE	del_1	24
SKNSH_skew	[0.5,1.0)	PLS	RARE	del_10plus	35
SKNSH_skew	[0.5,1.0)	PLS	RARE	del_2	10
SKNSH_skew	[0.5,1.0)	PLS	RARE	del_3	5
SKNSH_skew	[0.5,1.0)	PLS	RARE	del_4	7
SKNSH_skew	[0.5,1.0)	PLS	RARE	del_6	1
SKNSH_skew	[0.5,1.0)	PLS	RARE	del_8	4
SKNSH_skew	[0.5,1.0)	PLS	RARE	del_9	4
SKNSH_skew	[0.5,1.0)	PLS	RARE	ins_1	17
SKNSH_skew	[0.5,1.0)	PLS	RARE	ins_10plus	44
SKNSH_skew	[0.5,1.0)	PLS	RARE	ins_2	12
SKNSH_skew	[0.5,1.0)	PLS	RARE	ins_3	2
SKNSH_skew	[0.5,1.0)	PLS	RARE	ins_4	6
SKNSH_skew	[0.5,1.0)	PLS	RARE	ins_5	2
SKNSH_skew	[0.5,1.0)	PLS	RARE	ins_6	5
SKNSH_skew	[0.5,1.0)	PLS	RARE	ins_7	2
SKNSH_skew	[0.5,1.0)	PLS	RARE	ins_8	6
SKNSH_skew	[0.5,1.0)	PLS	RARE	ins_9	1
SKNSH_skew	[0.5,1.0)	PLS	SINGLETON	del_1	288
SKNSH_skew	[0.5,1.0)	PLS	SINGLETON	del_10plus	180
SKNSH_skew	[0.5,1.0)	PLS	SINGLETON	del_2	89
SKNSH_skew	[0.5,1.0)	PLS	SINGLETON	del_3	46
SKNSH_skew	[0.5,1.0)	PLS	SINGLETON	del_4	42
SKNSH_skew	[0.5,1.0)	PLS	SINGLETON	del_5	18
SKNSH_skew	[0.5,1.0)	PLS	SINGLETON	del_6	23
SKNSH_skew	[0.5,1.0)	PLS	SINGLETON	del_7	13
SKNSH_skew	[0.5,1.0)	PLS	SINGLETON	del_8	31
SKNSH_skew	[0.5,1.0)	PLS	SINGLETON	del_9	17
SKNSH_skew	[0.5,1.0)	PLS	SINGLETON	ins_1	113
SKNSH_skew	[0.5,1.0)	PLS	SINGLETON	ins_10plus	186
SKNSH_skew	[0.5,1.0)	PLS	SINGLETON	ins_2	45
SKNSH_skew	[0.5,1.0)	PLS	SINGLETON	ins_3	30
SKNSH_skew	[0.5,1.0)	PLS	SINGLETON	ins_4	24
SKNSH_skew	[0.5,1.0)	PLS	SINGLETON	ins_5	20
SKNSH_skew	[0.5,1.0)	PLS	SINGLETON	ins_6	37
SKNSH_skew	[0.5,1.0)	PLS	SINGLETON	ins_7	12
SKNSH_skew	[0.5,1.0)	PLS	SINGLETON	ins_8	20
SKNSH_skew	[0.5,1.0)	PLS	SINGLETON	ins_9	4
SKNSH_skew	[0.5,1.0)	PLS	ULTRARARE	del_1	193
SKNSH_skew	[0.5,1.0)	PLS	ULTRARARE	del_10plus	119
SKNSH_skew	[0.5,1.0)	PLS	ULTRARARE	del_2	59
SKNSH_skew	[0.5,1.0)	PLS	ULTRARARE	del_3	39
SKNSH_skew	[0.5,1.0)	PLS	ULTRARARE	del_4	22
SKNSH_skew	[0.5,1.0)	PLS	ULTRARARE	del_5	14
SKNSH_skew	[0.5,1.0)	PLS	ULTRARARE	del_6	10
SKNSH_skew	[0.5,1.0)	PLS	ULTRARARE	del_7	8
SKNSH_skew	[0.5,1.0)	PLS	ULTRARARE	del_8	14
SKNSH_skew	[0.5,1.0)	PLS	ULTRARARE	del_9	19
SKNSH_skew	[0.5,1.0)	PLS	ULTRARARE	ins_1	83
SKNSH_skew	[0.5,1.0)	PLS	ULTRARARE	ins_10plus	148
SKNSH_skew	[0.5,1.0)	PLS	ULTRARARE	ins_2	34
SKNSH_skew	[0.5,1.0)	PLS	ULTRARARE	ins_3	14
SKNSH_skew	[0.5,1.0)	PLS	ULTRARARE	ins_4	20
SKNSH_skew	[0.5,1.0)	PLS	ULTRARARE	ins_5	18
SKNSH_skew	[0.5,1.0)	PLS	ULTRARARE	ins_6	31
SKNSH_skew	[0.5,1.0)	PLS	ULTRARARE	ins_7	7
SKNSH_skew	[0.5,1.0)	PLS	ULTRARARE	ins_8	15
SKNSH_skew	[0.5,1.0)	PLS	ULTRARARE	ins_9	2
SKNSH_skew	[0.5,1.0)	dELS	COMMON	del_1	166
SKNSH_skew	[0.5,1.0)	dELS	COMMON	del_10plus	99
SKNSH_skew	[0.5,1.0)	dELS	COMMON	del_2	66
SKNSH_skew	[0.5,1.0)	dELS	COMMON	del_3	22
SKNSH_skew	[0.5,1.0)	dELS	COMMON	del_4	31
SKNSH_skew	[0.5,1.0)	dELS	COMMON	del_5	9
SKNSH_skew	[0.5,1.0)	dELS	COMMON	del_6	13
SKNSH_skew	[0.5,1.0)	dELS	COMMON	del_7	3
SKNSH_skew	[0.5,1.0)	dELS	COMMON	del_8	4
SKNSH_skew	[0.5,1.0)	dELS	COMMON	del_9	7
SKNSH_skew	[0.5,1.0)	dELS	COMMON	ins_1	105
SKNSH_skew	[0.5,1.0)	dELS	COMMON	ins_10plus	103
SKNSH_skew	[0.5,1.0)	dELS	COMMON	ins_2	75
SKNSH_skew	[0.5,1.0)	dELS	COMMON	ins_3	37
SKNSH_skew	[0.5,1.0)	dELS	COMMON	ins_4	35
SKNSH_skew	[0.5,1.0)	dELS	COMMON	ins_5	10
SKNSH_skew	[0.5,1.0)	dELS	COMMON	ins_6	26
SKNSH_skew	[0.5,1.0)	dELS	COMMON	ins_7	6
SKNSH_skew	[0.5,1.0)	dELS	COMMON	ins_8	17
SKNSH_skew	[0.5,1.0)	dELS	COMMON	ins_9	7
SKNSH_skew	[0.5,1.0)	dELS	LOW_FREQ	del_1	190
SKNSH_skew	[0.5,1.0)	dELS	LOW_FREQ	del_10plus	125
SKNSH_skew	[0.5,1.0)	dELS	LOW_FREQ	del_2	96
SKNSH_skew	[0.5,1.0)	dELS	LOW_FREQ	del_3	32
SKNSH_skew	[0.5,1.0)	dELS	LOW_FREQ	del_4	36
SKNSH_skew	[0.5,1.0)	dELS	LOW_FREQ	del_5	14
SKNSH_skew	[0.5,1.0)	dELS	LOW_FREQ	del_6	15
SKNSH_skew	[0.5,1.0)	dELS	LOW_FREQ	del_7	12
SKNSH_skew	[0.5,1.0)	dELS	LOW_FREQ	del_8	15
SKNSH_skew	[0.5,1.0)	dELS	LOW_FREQ	del_9	12
SKNSH_skew	[0.5,1.0)	dELS	LOW_FREQ	ins_1	91
SKNSH_skew	[0.5,1.0)	dELS	LOW_FREQ	ins_10plus	153
SKNSH_skew	[0.5,1.0)	dELS	LOW_FREQ	ins_2	80
SKNSH_skew	[0.5,1.0)	dELS	LOW_FREQ	ins_3	37
SKNSH_skew	[0.5,1.0)	dELS	LOW_FREQ	ins_4	61
SKNSH_skew	[0.5,1.0)	dELS	LOW_FREQ	ins_5	23
SKNSH_skew	[0.5,1.0)	dELS	LOW_FREQ	ins_6	39
SKNSH_skew	[0.5,1.0)	dELS	LOW_FREQ	ins_7	8
SKNSH_skew	[0.5,1.0)	dELS	LOW_FREQ	ins_8	31
SKNSH_skew	[0.5,1.0)	dELS	LOW_FREQ	ins_9	1
SKNSH_skew	[0.5,1.0)	dELS	RARE	del_1	506
SKNSH_skew	[0.5,1.0)	dELS	RARE	del_10plus	279
SKNSH_skew	[0.5,1.0)	dELS	RARE	del_2	295
SKNSH_skew	[0.5,1.0)	dELS	RARE	del_3	85
SKNSH_skew	[0.5,1.0)	dELS	RARE	del_4	91
SKNSH_skew	[0.5,1.0)	dELS	RARE	del_5	38
SKNSH_skew	[0.5,1.0)	dELS	RARE	del_6	28
SKNSH_skew	[0.5,1.0)	dELS	RARE	del_7	26
SKNSH_skew	[0.5,1.0)	dELS	RARE	del_8	27
SKNSH_skew	[0.5,1.0)	dELS	RARE	del_9	40
SKNSH_skew	[0.5,1.0)	dELS	RARE	ins_1	195
SKNSH_skew	[0.5,1.0)	dELS	RARE	ins_10plus	364
SKNSH_skew	[0.5,1.0)	dELS	RARE	ins_2	216
SKNSH_skew	[0.5,1.0)	dELS	RARE	ins_3	63
SKNSH_skew	[0.5,1.0)	dELS	RARE	ins_4	120
SKNSH_skew	[0.5,1.0)	dELS	RARE	ins_5	29
SKNSH_skew	[0.5,1.0)	dELS	RARE	ins_6	103
SKNSH_skew	[0.5,1.0)	dELS	RARE	ins_7	26
SKNSH_skew	[0.5,1.0)	dELS	RARE	ins_8	67
SKNSH_skew	[0.5,1.0)	dELS	RARE	ins_9	19
SKNSH_skew	[0.5,1.0)	dELS	SINGLETON	del_1	5470
SKNSH_skew	[0.5,1.0)	dELS	SINGLETON	del_10plus	2483
SKNSH_skew	[0.5,1.0)	dELS	SINGLETON	del_2	2178
SKNSH_skew	[0.5,1.0)	dELS	SINGLETON	del_3	904
SKNSH_skew	[0.5,1.0)	dELS	SINGLETON	del_4	820
SKNSH_skew	[0.5,1.0)	dELS	SINGLETON	del_5	355
SKNSH_skew	[0.5,1.0)	dELS	SINGLETON	del_6	343
SKNSH_skew	[0.5,1.0)	dELS	SINGLETON	del_7	275
SKNSH_skew	[0.5,1.0)	dELS	SINGLETON	del_8	291
SKNSH_skew	[0.5,1.0)	dELS	SINGLETON	del_9	396
SKNSH_skew	[0.5,1.0)	dELS	SINGLETON	ins_1	1977
SKNSH_skew	[0.5,1.0)	dELS	SINGLETON	ins_10plus	1268
SKNSH_skew	[0.5,1.0)	dELS	SINGLETON	ins_2	713
SKNSH_skew	[0.5,1.0)	dELS	SINGLETON	ins_3	534
SKNSH_skew	[0.5,1.0)	dELS	SINGLETON	ins_4	610
SKNSH_skew	[0.5,1.0)	dELS	SINGLETON	ins_5	317
SKNSH_skew	[0.5,1.0)	dELS	SINGLETON	ins_6	334
SKNSH_skew	[0.5,1.0)	dELS	SINGLETON	ins_7	160
SKNSH_skew	[0.5,1.0)	dELS	SINGLETON	ins_8	229
SKNSH_skew	[0.5,1.0)	dELS	SINGLETON	ins_9	84
SKNSH_skew	[0.5,1.0)	dELS	ULTRARARE	del_1	2959
SKNSH_skew	[0.5,1.0)	dELS	ULTRARARE	del_10plus	1496
SKNSH_skew	[0.5,1.0)	dELS	ULTRARARE	del_2	1474
SKNSH_skew	[0.5,1.0)	dELS	ULTRARARE	del_3	527
SKNSH_skew	[0.5,1.0)	dELS	ULTRARARE	del_4	592
SKNSH_skew	[0.5,1.0)	dELS	ULTRARARE	del_5	201
SKNSH_skew	[0.5,1.0)	dELS	ULTRARARE	del_6	192
SKNSH_skew	[0.5,1.0)	dELS	ULTRARARE	del_7	137
SKNSH_skew	[0.5,1.0)	dELS	ULTRARARE	del_8	162
SKNSH_skew	[0.5,1.0)	dELS	ULTRARARE	del_9	225
SKNSH_skew	[0.5,1.0)	dELS	ULTRARARE	ins_1	1218
SKNSH_skew	[0.5,1.0)	dELS	ULTRARARE	ins_10plus	1066
SKNSH_skew	[0.5,1.0)	dELS	ULTRARARE	ins_2	706
SKNSH_skew	[0.5,1.0)	dELS	ULTRARARE	ins_3	325
SKNSH_skew	[0.5,1.0)	dELS	ULTRARARE	ins_4	412
SKNSH_skew	[0.5,1.0)	dELS	ULTRARARE	ins_5	190
SKNSH_skew	[0.5,1.0)	dELS	ULTRARARE	ins_6	297
SKNSH_skew	[0.5,1.0)	dELS	ULTRARARE	ins_7	107
SKNSH_skew	[0.5,1.0)	dELS	ULTRARARE	ins_8	194
SKNSH_skew	[0.5,1.0)	dELS	ULTRARARE	ins_9	53
SKNSH_skew	[0.5,1.0)	non-cCRE	COMMON	del_1	365
SKNSH_skew	[0.5,1.0)	non-cCRE	COMMON	del_10plus	213
SKNSH_skew	[0.5,1.0)	non-cCRE	COMMON	del_2	160
SKNSH_skew	[0.5,1.0)	non-cCRE	COMMON	del_3	66
SKNSH_skew	[0.5,1.0)	non-cCRE	COMMON	del_4	62
SKNSH_skew	[0.5,1.0)	non-cCRE	COMMON	del_5	26
SKNSH_skew	[0.5,1.0)	non-cCRE	COMMON	del_6	32
SKNSH_skew	[0.5,1.0)	non-cCRE	COMMON	del_7	19
SKNSH_skew	[0.5,1.0)	non-cCRE	COMMON	del_8	23
SKNSH_skew	[0.5,1.0)	non-cCRE	COMMON	del_9	29
SKNSH_skew	[0.5,1.0)	non-cCRE	COMMON	ins_1	238
SKNSH_skew	[0.5,1.0)	non-cCRE	COMMON	ins_10plus	183
SKNSH_skew	[0.5,1.0)	non-cCRE	COMMON	ins_2	178
SKNSH_skew	[0.5,1.0)	non-cCRE	COMMON	ins_3	66
SKNSH_skew	[0.5,1.0)	non-cCRE	COMMON	ins_4	128
SKNSH_skew	[0.5,1.0)	non-cCRE	COMMON	ins_5	42
SKNSH_skew	[0.5,1.0)	non-cCRE	COMMON	ins_6	62
SKNSH_skew	[0.5,1.0)	non-cCRE	COMMON	ins_7	25
SKNSH_skew	[0.5,1.0)	non-cCRE	COMMON	ins_8	55
SKNSH_skew	[0.5,1.0)	non-cCRE	COMMON	ins_9	11
SKNSH_skew	[0.5,1.0)	non-cCRE	LOW_FREQ	del_1	400
SKNSH_skew	[0.5,1.0)	non-cCRE	LOW_FREQ	del_10plus	266
SKNSH_skew	[0.5,1.0)	non-cCRE	LOW_FREQ	del_2	232
SKNSH_skew	[0.5,1.0)	non-cCRE	LOW_FREQ	del_3	88
SKNSH_skew	[0.5,1.0)	non-cCRE	LOW_FREQ	del_4	93
SKNSH_skew	[0.5,1.0)	non-cCRE	LOW_FREQ	del_5	29
SKNSH_skew	[0.5,1.0)	non-cCRE	LOW_FREQ	del_6	36
SKNSH_skew	[0.5,1.0)	non-cCRE	LOW_FREQ	del_7	21
SKNSH_skew	[0.5,1.0)	non-cCRE	LOW_FREQ	del_8	26
SKNSH_skew	[0.5,1.0)	non-cCRE	LOW_FREQ	del_9	43
SKNSH_skew	[0.5,1.0)	non-cCRE	LOW_FREQ	ins_1	201
SKNSH_skew	[0.5,1.0)	non-cCRE	LOW_FREQ	ins_10plus	310
SKNSH_skew	[0.5,1.0)	non-cCRE	LOW_FREQ	ins_2	199
SKNSH_skew	[0.5,1.0)	non-cCRE	LOW_FREQ	ins_3	73
SKNSH_skew	[0.5,1.0)	non-cCRE	LOW_FREQ	ins_4	111
SKNSH_skew	[0.5,1.0)	non-cCRE	LOW_FREQ	ins_5	73
SKNSH_skew	[0.5,1.0)	non-cCRE	LOW_FREQ	ins_6	114
SKNSH_skew	[0.5,1.0)	non-cCRE	LOW_FREQ	ins_7	23
SKNSH_skew	[0.5,1.0)	non-cCRE	LOW_FREQ	ins_8	64
SKNSH_skew	[0.5,1.0)	non-cCRE	LOW_FREQ	ins_9	14
SKNSH_skew	[0.5,1.0)	non-cCRE	RARE	del_1	1134
SKNSH_skew	[0.5,1.0)	non-cCRE	RARE	del_10plus	576
SKNSH_skew	[0.5,1.0)	non-cCRE	RARE	del_2	553
SKNSH_skew	[0.5,1.0)	non-cCRE	RARE	del_3	237
SKNSH_skew	[0.5,1.0)	non-cCRE	RARE	del_4	219
SKNSH_skew	[0.5,1.0)	non-cCRE	RARE	del_5	86
SKNSH_skew	[0.5,1.0)	non-cCRE	RARE	del_6	99
SKNSH_skew	[0.5,1.0)	non-cCRE	RARE	del_7	61
SKNSH_skew	[0.5,1.0)	non-cCRE	RARE	del_8	70
SKNSH_skew	[0.5,1.0)	non-cCRE	RARE	del_9	78
SKNSH_skew	[0.5,1.0)	non-cCRE	RARE	ins_1	510
SKNSH_skew	[0.5,1.0)	non-cCRE	RARE	ins_10plus	764
SKNSH_skew	[0.5,1.0)	non-cCRE	RARE	ins_2	511
SKNSH_skew	[0.5,1.0)	non-cCRE	RARE	ins_3	164
SKNSH_skew	[0.5,1.0)	non-cCRE	RARE	ins_4	301
SKNSH_skew	[0.5,1.0)	non-cCRE	RARE	ins_5	156
SKNSH_skew	[0.5,1.0)	non-cCRE	RARE	ins_6	182
SKNSH_skew	[0.5,1.0)	non-cCRE	RARE	ins_7	52
SKNSH_skew	[0.5,1.0)	non-cCRE	RARE	ins_8	150
SKNSH_skew	[0.5,1.0)	non-cCRE	RARE	ins_9	33
SKNSH_skew	[0.5,1.0)	non-cCRE	SINGLETON	del_1	12643
SKNSH_skew	[0.5,1.0)	non-cCRE	SINGLETON	del_10plus	5173
SKNSH_skew	[0.5,1.0)	non-cCRE	SINGLETON	del_2	4557
SKNSH_skew	[0.5,1.0)	non-cCRE	SINGLETON	del_3	2134
SKNSH_skew	[0.5,1.0)	non-cCRE	SINGLETON	del_4	1783
SKNSH_skew	[0.5,1.0)	non-cCRE	SINGLETON	del_5	838
SKNSH_skew	[0.5,1.0)	non-cCRE	SINGLETON	del_6	726
SKNSH_skew	[0.5,1.0)	non-cCRE	SINGLETON	del_7	584
SKNSH_skew	[0.5,1.0)	non-cCRE	SINGLETON	del_8	681
SKNSH_skew	[0.5,1.0)	non-cCRE	SINGLETON	del_9	787
SKNSH_skew	[0.5,1.0)	non-cCRE	SINGLETON	ins_1	4197
SKNSH_skew	[0.5,1.0)	non-cCRE	SINGLETON	ins_10plus	3459
SKNSH_skew	[0.5,1.0)	non-cCRE	SINGLETON	ins_2	2014
SKNSH_skew	[0.5,1.0)	non-cCRE	SINGLETON	ins_3	1364
SKNSH_skew	[0.5,1.0)	non-cCRE	SINGLETON	ins_4	1457
SKNSH_skew	[0.5,1.0)	non-cCRE	SINGLETON	ins_5	1145
SKNSH_skew	[0.5,1.0)	non-cCRE	SINGLETON	ins_6	939
SKNSH_skew	[0.5,1.0)	non-cCRE	SINGLETON	ins_7	448
SKNSH_skew	[0.5,1.0)	non-cCRE	SINGLETON	ins_8	523
SKNSH_skew	[0.5,1.0)	non-cCRE	SINGLETON	ins_9	232
SKNSH_skew	[0.5,1.0)	non-cCRE	ULTRARARE	del_1	6978
SKNSH_skew	[0.5,1.0)	non-cCRE	ULTRARARE	del_10plus	3065
SKNSH_skew	[0.5,1.0)	non-cCRE	ULTRARARE	del_2	3089
SKNSH_skew	[0.5,1.0)	non-cCRE	ULTRARARE	del_3	1253
SKNSH_skew	[0.5,1.0)	non-cCRE	ULTRARARE	del_4	1236
SKNSH_skew	[0.5,1.0)	non-cCRE	ULTRARARE	del_5	478
SKNSH_skew	[0.5,1.0)	non-cCRE	ULTRARARE	del_6	389
SKNSH_skew	[0.5,1.0)	non-cCRE	ULTRARARE	del_7	309
SKNSH_skew	[0.5,1.0)	non-cCRE	ULTRARARE	del_8	401
SKNSH_skew	[0.5,1.0)	non-cCRE	ULTRARARE	del_9	447
SKNSH_skew	[0.5,1.0)	non-cCRE	ULTRARARE	ins_1	2715
SKNSH_skew	[0.5,1.0)	non-cCRE	ULTRARARE	ins_10plus	2360
SKNSH_skew	[0.5,1.0)	non-cCRE	ULTRARARE	ins_2	1618
SKNSH_skew	[0.5,1.0)	non-cCRE	ULTRARARE	ins_3	798
SKNSH_skew	[0.5,1.0)	non-cCRE	ULTRARARE	ins_4	999
SKNSH_skew	[0.5,1.0)	non-cCRE	ULTRARARE	ins_5	690
SKNSH_skew	[0.5,1.0)	non-cCRE	ULTRARARE	ins_6	641
SKNSH_skew	[0.5,1.0)	non-cCRE	ULTRARARE	ins_7	248
SKNSH_skew	[0.5,1.0)	non-cCRE	ULTRARARE	ins_8	426
SKNSH_skew	[0.5,1.0)	non-cCRE	ULTRARARE	ins_9	156
SKNSH_skew	[0.5,1.0)	pELS	COMMON	del_1	23
SKNSH_skew	[0.5,1.0)	pELS	COMMON	del_10plus	13
SKNSH_skew	[0.5,1.0)	pELS	COMMON	del_2	12
SKNSH_skew	[0.5,1.0)	pELS	COMMON	del_3	5
SKNSH_skew	[0.5,1.0)	pELS	COMMON	del_4	5
SKNSH_skew	[0.5,1.0)	pELS	COMMON	del_6	1
SKNSH_skew	[0.5,1.0)	pELS	COMMON	del_7	4
SKNSH_skew	[0.5,1.0)	pELS	COMMON	del_8	4
SKNSH_skew	[0.5,1.0)	pELS	COMMON	del_9	1
SKNSH_skew	[0.5,1.0)	pELS	COMMON	ins_1	16
SKNSH_skew	[0.5,1.0)	pELS	COMMON	ins_10plus	12
SKNSH_skew	[0.5,1.0)	pELS	COMMON	ins_2	12
SKNSH_skew	[0.5,1.0)	pELS	COMMON	ins_3	6
SKNSH_skew	[0.5,1.0)	pELS	COMMON	ins_4	9
SKNSH_skew	[0.5,1.0)	pELS	COMMON	ins_5	3
SKNSH_skew	[0.5,1.0)	pELS	COMMON	ins_6	7
SKNSH_skew	[0.5,1.0)	pELS	COMMON	ins_7	1
SKNSH_skew	[0.5,1.0)	pELS	COMMON	ins_8	3
SKNSH_skew	[0.5,1.0)	pELS	LOW_FREQ	del_1	37
SKNSH_skew	[0.5,1.0)	pELS	LOW_FREQ	del_10plus	24
SKNSH_skew	[0.5,1.0)	pELS	LOW_FREQ	del_2	22
SKNSH_skew	[0.5,1.0)	pELS	LOW_FREQ	del_3	7
SKNSH_skew	[0.5,1.0)	pELS	LOW_FREQ	del_4	6
SKNSH_skew	[0.5,1.0)	pELS	LOW_FREQ	del_5	5
SKNSH_skew	[0.5,1.0)	pELS	LOW_FREQ	del_6	3
SKNSH_skew	[0.5,1.0)	pELS	LOW_FREQ	del_7	2
SKNSH_skew	[0.5,1.0)	pELS	LOW_FREQ	del_8	2
SKNSH_skew	[0.5,1.0)	pELS	LOW_FREQ	del_9	7
SKNSH_skew	[0.5,1.0)	pELS	LOW_FREQ	ins_1	14
SKNSH_skew	[0.5,1.0)	pELS	LOW_FREQ	ins_10plus	24
SKNSH_skew	[0.5,1.0)	pELS	LOW_FREQ	ins_2	7
SKNSH_skew	[0.5,1.0)	pELS	LOW_FREQ	ins_3	9
SKNSH_skew	[0.5,1.0)	pELS	LOW_FREQ	ins_4	19
SKNSH_skew	[0.5,1.0)	pELS	LOW_FREQ	ins_6	8
SKNSH_skew	[0.5,1.0)	pELS	LOW_FREQ	ins_8	2
SKNSH_skew	[0.5,1.0)	pELS	LOW_FREQ	ins_9	1
SKNSH_skew	[0.5,1.0)	pELS	RARE	del_1	101
SKNSH_skew	[0.5,1.0)	pELS	RARE	del_10plus	56
SKNSH_skew	[0.5,1.0)	pELS	RARE	del_2	42
SKNSH_skew	[0.5,1.0)	pELS	RARE	del_3	24
SKNSH_skew	[0.5,1.0)	pELS	RARE	del_4	17
SKNSH_skew	[0.5,1.0)	pELS	RARE	del_5	7
SKNSH_skew	[0.5,1.0)	pELS	RARE	del_6	5
SKNSH_skew	[0.5,1.0)	pELS	RARE	del_7	2
SKNSH_skew	[0.5,1.0)	pELS	RARE	del_8	4
SKNSH_skew	[0.5,1.0)	pELS	RARE	del_9	5
SKNSH_skew	[0.5,1.0)	pELS	RARE	ins_1	60
SKNSH_skew	[0.5,1.0)	pELS	RARE	ins_10plus	90
SKNSH_skew	[0.5,1.0)	pELS	RARE	ins_2	49
SKNSH_skew	[0.5,1.0)	pELS	RARE	ins_3	15
SKNSH_skew	[0.5,1.0)	pELS	RARE	ins_4	27
SKNSH_skew	[0.5,1.0)	pELS	RARE	ins_5	8
SKNSH_skew	[0.5,1.0)	pELS	RARE	ins_6	24
SKNSH_skew	[0.5,1.0)	pELS	RARE	ins_7	6
SKNSH_skew	[0.5,1.0)	pELS	RARE	ins_8	12
SKNSH_skew	[0.5,1.0)	pELS	RARE	ins_9	5
SKNSH_skew	[0.5,1.0)	pELS	SINGLETON	del_1	1104
SKNSH_skew	[0.5,1.0)	pELS	SINGLETON	del_10plus	563
SKNSH_skew	[0.5,1.0)	pELS	SINGLETON	del_2	398
SKNSH_skew	[0.5,1.0)	pELS	SINGLETON	del_3	170
SKNSH_skew	[0.5,1.0)	pELS	SINGLETON	del_4	156
SKNSH_skew	[0.5,1.0)	pELS	SINGLETON	del_5	67
SKNSH_skew	[0.5,1.0)	pELS	SINGLETON	del_6	72
SKNSH_skew	[0.5,1.0)	pELS	SINGLETON	del_7	63
SKNSH_skew	[0.5,1.0)	pELS	SINGLETON	del_8	74
SKNSH_skew	[0.5,1.0)	pELS	SINGLETON	del_9	97
SKNSH_skew	[0.5,1.0)	pELS	SINGLETON	ins_1	433
SKNSH_skew	[0.5,1.0)	pELS	SINGLETON	ins_10plus	348
SKNSH_skew	[0.5,1.0)	pELS	SINGLETON	ins_2	175
SKNSH_skew	[0.5,1.0)	pELS	SINGLETON	ins_3	98
SKNSH_skew	[0.5,1.0)	pELS	SINGLETON	ins_4	126
SKNSH_skew	[0.5,1.0)	pELS	SINGLETON	ins_5	75
SKNSH_skew	[0.5,1.0)	pELS	SINGLETON	ins_6	64
SKNSH_skew	[0.5,1.0)	pELS	SINGLETON	ins_7	36
SKNSH_skew	[0.5,1.0)	pELS	SINGLETON	ins_8	38
SKNSH_skew	[0.5,1.0)	pELS	SINGLETON	ins_9	17
SKNSH_skew	[0.5,1.0)	pELS	ULTRARARE	del_1	603
SKNSH_skew	[0.5,1.0)	pELS	ULTRARARE	del_10plus	284
SKNSH_skew	[0.5,1.0)	pELS	ULTRARARE	del_2	254
SKNSH_skew	[0.5,1.0)	pELS	ULTRARARE	del_3	116
SKNSH_skew	[0.5,1.0)	pELS	ULTRARARE	del_4	113
SKNSH_skew	[0.5,1.0)	pELS	ULTRARARE	del_5	47
SKNSH_skew	[0.5,1.0)	pELS	ULTRARARE	del_6	52
SKNSH_skew	[0.5,1.0)	pELS	ULTRARARE	del_7	37
SKNSH_skew	[0.5,1.0)	pELS	ULTRARARE	del_8	50
SKNSH_skew	[0.5,1.0)	pELS	ULTRARARE	del_9	46
SKNSH_skew	[0.5,1.0)	pELS	ULTRARARE	ins_1	276
SKNSH_skew	[0.5,1.0)	pELS	ULTRARARE	ins_10plus	230
SKNSH_skew	[0.5,1.0)	pELS	ULTRARARE	ins_2	122
SKNSH_skew	[0.5,1.0)	pELS	ULTRARARE	ins_3	73
SKNSH_skew	[0.5,1.0)	pELS	ULTRARARE	ins_4	96
SKNSH_skew	[0.5,1.0)	pELS	ULTRARARE	ins_5	48
SKNSH_skew	[0.5,1.0)	pELS	ULTRARARE	ins_6	56
SKNSH_skew	[0.5,1.0)	pELS	ULTRARARE	ins_7	18
SKNSH_skew	[0.5,1.0)	pELS	ULTRARARE	ins_8	36
SKNSH_skew	[0.5,1.0)	pELS	ULTRARARE	ins_9	12
SKNSH_skew	[1.0,1.5)	Other cCREs	COMMON	del_1	12
SKNSH_skew	[1.0,1.5)	Other cCREs	COMMON	del_10plus	2
SKNSH_skew	[1.0,1.5)	Other cCREs	COMMON	del_2	5
SKNSH_skew	[1.0,1.5)	Other cCREs	COMMON	del_4	1
SKNSH_skew	[1.0,1.5)	Other cCREs	COMMON	del_6	1
SKNSH_skew	[1.0,1.5)	Other cCREs	COMMON	del_8	1
SKNSH_skew	[1.0,1.5)	Other cCREs	COMMON	ins_1	2
SKNSH_skew	[1.0,1.5)	Other cCREs	COMMON	ins_10plus	6
SKNSH_skew	[1.0,1.5)	Other cCREs	COMMON	ins_2	11
SKNSH_skew	[1.0,1.5)	Other cCREs	COMMON	ins_3	3
SKNSH_skew	[1.0,1.5)	Other cCREs	COMMON	ins_4	2
SKNSH_skew	[1.0,1.5)	Other cCREs	COMMON	ins_6	7
SKNSH_skew	[1.0,1.5)	Other cCREs	COMMON	ins_7	2
SKNSH_skew	[1.0,1.5)	Other cCREs	COMMON	ins_9	1
SKNSH_skew	[1.0,1.5)	Other cCREs	LOW_FREQ	del_1	11
SKNSH_skew	[1.0,1.5)	Other cCREs	LOW_FREQ	del_10plus	5
SKNSH_skew	[1.0,1.5)	Other cCREs	LOW_FREQ	del_2	7
SKNSH_skew	[1.0,1.5)	Other cCREs	LOW_FREQ	del_4	1
SKNSH_skew	[1.0,1.5)	Other cCREs	LOW_FREQ	del_6	1
SKNSH_skew	[1.0,1.5)	Other cCREs	LOW_FREQ	del_7	2
SKNSH_skew	[1.0,1.5)	Other cCREs	LOW_FREQ	ins_1	4
SKNSH_skew	[1.0,1.5)	Other cCREs	LOW_FREQ	ins_10plus	14
SKNSH_skew	[1.0,1.5)	Other cCREs	LOW_FREQ	ins_2	12
SKNSH_skew	[1.0,1.5)	Other cCREs	LOW_FREQ	ins_4	11
SKNSH_skew	[1.0,1.5)	Other cCREs	LOW_FREQ	ins_5	1
SKNSH_skew	[1.0,1.5)	Other cCREs	LOW_FREQ	ins_6	6
SKNSH_skew	[1.0,1.5)	Other cCREs	LOW_FREQ	ins_7	1
SKNSH_skew	[1.0,1.5)	Other cCREs	LOW_FREQ	ins_8	4
SKNSH_skew	[1.0,1.5)	Other cCREs	RARE	del_1	28
SKNSH_skew	[1.0,1.5)	Other cCREs	RARE	del_10plus	9
SKNSH_skew	[1.0,1.5)	Other cCREs	RARE	del_2	11
SKNSH_skew	[1.0,1.5)	Other cCREs	RARE	del_3	3
SKNSH_skew	[1.0,1.5)	Other cCREs	RARE	del_4	6
SKNSH_skew	[1.0,1.5)	Other cCREs	RARE	del_5	1
SKNSH_skew	[1.0,1.5)	Other cCREs	RARE	del_6	3
SKNSH_skew	[1.0,1.5)	Other cCREs	RARE	del_8	3
SKNSH_skew	[1.0,1.5)	Other cCREs	RARE	del_9	4
SKNSH_skew	[1.0,1.5)	Other cCREs	RARE	ins_1	12
SKNSH_skew	[1.0,1.5)	Other cCREs	RARE	ins_10plus	31
SKNSH_skew	[1.0,1.5)	Other cCREs	RARE	ins_2	19
SKNSH_skew	[1.0,1.5)	Other cCREs	RARE	ins_3	1
SKNSH_skew	[1.0,1.5)	Other cCREs	RARE	ins_4	22
SKNSH_skew	[1.0,1.5)	Other cCREs	RARE	ins_5	3
SKNSH_skew	[1.0,1.5)	Other cCREs	RARE	ins_6	15
SKNSH_skew	[1.0,1.5)	Other cCREs	RARE	ins_7	2
SKNSH_skew	[1.0,1.5)	Other cCREs	RARE	ins_8	9
SKNSH_skew	[1.0,1.5)	Other cCREs	SINGLETON	del_1	306
SKNSH_skew	[1.0,1.5)	Other cCREs	SINGLETON	del_10plus	93
SKNSH_skew	[1.0,1.5)	Other cCREs	SINGLETON	del_2	114
SKNSH_skew	[1.0,1.5)	Other cCREs	SINGLETON	del_3	43
SKNSH_skew	[1.0,1.5)	Other cCREs	SINGLETON	del_4	50
SKNSH_skew	[1.0,1.5)	Other cCREs	SINGLETON	del_5	13
SKNSH_skew	[1.0,1.5)	Other cCREs	SINGLETON	del_6	16
SKNSH_skew	[1.0,1.5)	Other cCREs	SINGLETON	del_7	7
SKNSH_skew	[1.0,1.5)	Other cCREs	SINGLETON	del_8	14
SKNSH_skew	[1.0,1.5)	Other cCREs	SINGLETON	del_9	14
SKNSH_skew	[1.0,1.5)	Other cCREs	SINGLETON	ins_1	81
SKNSH_skew	[1.0,1.5)	Other cCREs	SINGLETON	ins_10plus	142
SKNSH_skew	[1.0,1.5)	Other cCREs	SINGLETON	ins_2	69
SKNSH_skew	[1.0,1.5)	Other cCREs	SINGLETON	ins_3	26
SKNSH_skew	[1.0,1.5)	Other cCREs	SINGLETON	ins_4	40
SKNSH_skew	[1.0,1.5)	Other cCREs	SINGLETON	ins_5	16
SKNSH_skew	[1.0,1.5)	Other cCREs	SINGLETON	ins_6	48
SKNSH_skew	[1.0,1.5)	Other cCREs	SINGLETON	ins_7	13
SKNSH_skew	[1.0,1.5)	Other cCREs	SINGLETON	ins_8	21
SKNSH_skew	[1.0,1.5)	Other cCREs	SINGLETON	ins_9	5
SKNSH_skew	[1.0,1.5)	Other cCREs	ULTRARARE	del_1	180
SKNSH_skew	[1.0,1.5)	Other cCREs	ULTRARARE	del_10plus	48
SKNSH_skew	[1.0,1.5)	Other cCREs	ULTRARARE	del_2	77
SKNSH_skew	[1.0,1.5)	Other cCREs	ULTRARARE	del_3	22
SKNSH_skew	[1.0,1.5)	Other cCREs	ULTRARARE	del_4	24
SKNSH_skew	[1.0,1.5)	Other cCREs	ULTRARARE	del_5	17
SKNSH_skew	[1.0,1.5)	Other cCREs	ULTRARARE	del_6	10
SKNSH_skew	[1.0,1.5)	Other cCREs	ULTRARARE	del_7	6
SKNSH_skew	[1.0,1.5)	Other cCREs	ULTRARARE	del_8	9
SKNSH_skew	[1.0,1.5)	Other cCREs	ULTRARARE	del_9	5
SKNSH_skew	[1.0,1.5)	Other cCREs	ULTRARARE	ins_1	46
SKNSH_skew	[1.0,1.5)	Other cCREs	ULTRARARE	ins_10plus	127
SKNSH_skew	[1.0,1.5)	Other cCREs	ULTRARARE	ins_2	80
SKNSH_skew	[1.0,1.5)	Other cCREs	ULTRARARE	ins_3	20
SKNSH_skew	[1.0,1.5)	Other cCREs	ULTRARARE	ins_4	32
SKNSH_skew	[1.0,1.5)	Other cCREs	ULTRARARE	ins_5	8
SKNSH_skew	[1.0,1.5)	Other cCREs	ULTRARARE	ins_6	39
SKNSH_skew	[1.0,1.5)	Other cCREs	ULTRARARE	ins_7	9
SKNSH_skew	[1.0,1.5)	Other cCREs	ULTRARARE	ins_8	19
SKNSH_skew	[1.0,1.5)	Other cCREs	ULTRARARE	ins_9	3
SKNSH_skew	[1.0,1.5)	PLS	COMMON	ins_10plus	2
SKNSH_skew	[1.0,1.5)	PLS	COMMON	ins_2	2
SKNSH_skew	[1.0,1.5)	PLS	LOW_FREQ	del_1	3
SKNSH_skew	[1.0,1.5)	PLS	LOW_FREQ	del_10plus	1
SKNSH_skew	[1.0,1.5)	PLS	LOW_FREQ	del_2	1
SKNSH_skew	[1.0,1.5)	PLS	LOW_FREQ	del_4	2
SKNSH_skew	[1.0,1.5)	PLS	LOW_FREQ	del_8	2
SKNSH_skew	[1.0,1.5)	PLS	LOW_FREQ	ins_1	1
SKNSH_skew	[1.0,1.5)	PLS	LOW_FREQ	ins_10plus	1
SKNSH_skew	[1.0,1.5)	PLS	LOW_FREQ	ins_2	1
SKNSH_skew	[1.0,1.5)	PLS	LOW_FREQ	ins_4	1
SKNSH_skew	[1.0,1.5)	PLS	LOW_FREQ	ins_5	1
SKNSH_skew	[1.0,1.5)	PLS	LOW_FREQ	ins_6	1
SKNSH_skew	[1.0,1.5)	PLS	LOW_FREQ	ins_7	1
SKNSH_skew	[1.0,1.5)	PLS	RARE	del_1	7
SKNSH_skew	[1.0,1.5)	PLS	RARE	del_10plus	3
SKNSH_skew	[1.0,1.5)	PLS	RARE	del_2	3
SKNSH_skew	[1.0,1.5)	PLS	RARE	del_4	2
SKNSH_skew	[1.0,1.5)	PLS	RARE	ins_1	2
SKNSH_skew	[1.0,1.5)	PLS	RARE	ins_10plus	10
SKNSH_skew	[1.0,1.5)	PLS	RARE	ins_2	1
SKNSH_skew	[1.0,1.5)	PLS	RARE	ins_3	1
SKNSH_skew	[1.0,1.5)	PLS	RARE	ins_4	2
SKNSH_skew	[1.0,1.5)	PLS	RARE	ins_5	1
SKNSH_skew	[1.0,1.5)	PLS	RARE	ins_6	1
SKNSH_skew	[1.0,1.5)	PLS	RARE	ins_7	1
SKNSH_skew	[1.0,1.5)	PLS	RARE	ins_8	3
SKNSH_skew	[1.0,1.5)	PLS	SINGLETON	del_1	70
SKNSH_skew	[1.0,1.5)	PLS	SINGLETON	del_10plus	32
SKNSH_skew	[1.0,1.5)	PLS	SINGLETON	del_2	17
SKNSH_skew	[1.0,1.5)	PLS	SINGLETON	del_3	7
SKNSH_skew	[1.0,1.5)	PLS	SINGLETON	del_4	5
SKNSH_skew	[1.0,1.5)	PLS	SINGLETON	del_5	3
SKNSH_skew	[1.0,1.5)	PLS	SINGLETON	del_6	1
SKNSH_skew	[1.0,1.5)	PLS	SINGLETON	del_7	5
SKNSH_skew	[1.0,1.5)	PLS	SINGLETON	del_8	3
SKNSH_skew	[1.0,1.5)	PLS	SINGLETON	del_9	3
SKNSH_skew	[1.0,1.5)	PLS	SINGLETON	ins_1	20
SKNSH_skew	[1.0,1.5)	PLS	SINGLETON	ins_10plus	56
SKNSH_skew	[1.0,1.5)	PLS	SINGLETON	ins_2	11
SKNSH_skew	[1.0,1.5)	PLS	SINGLETON	ins_3	4
SKNSH_skew	[1.0,1.5)	PLS	SINGLETON	ins_4	5
SKNSH_skew	[1.0,1.5)	PLS	SINGLETON	ins_5	7
SKNSH_skew	[1.0,1.5)	PLS	SINGLETON	ins_6	15
SKNSH_skew	[1.0,1.5)	PLS	SINGLETON	ins_7	3
SKNSH_skew	[1.0,1.5)	PLS	SINGLETON	ins_8	6
SKNSH_skew	[1.0,1.5)	PLS	SINGLETON	ins_9	1
SKNSH_skew	[1.0,1.5)	PLS	ULTRARARE	del_1	45
SKNSH_skew	[1.0,1.5)	PLS	ULTRARARE	del_10plus	8
SKNSH_skew	[1.0,1.5)	PLS	ULTRARARE	del_2	8
SKNSH_skew	[1.0,1.5)	PLS	ULTRARARE	del_3	3
SKNSH_skew	[1.0,1.5)	PLS	ULTRARARE	del_4	4
SKNSH_skew	[1.0,1.5)	PLS	ULTRARARE	del_6	4
SKNSH_skew	[1.0,1.5)	PLS	ULTRARARE	del_7	1
SKNSH_skew	[1.0,1.5)	PLS	ULTRARARE	del_8	2
SKNSH_skew	[1.0,1.5)	PLS	ULTRARARE	del_9	2
SKNSH_skew	[1.0,1.5)	PLS	ULTRARARE	ins_1	9
SKNSH_skew	[1.0,1.5)	PLS	ULTRARARE	ins_10plus	41
SKNSH_skew	[1.0,1.5)	PLS	ULTRARARE	ins_2	7
SKNSH_skew	[1.0,1.5)	PLS	ULTRARARE	ins_3	4
SKNSH_skew	[1.0,1.5)	PLS	ULTRARARE	ins_4	5
SKNSH_skew	[1.0,1.5)	PLS	ULTRARARE	ins_5	4
SKNSH_skew	[1.0,1.5)	PLS	ULTRARARE	ins_6	8
SKNSH_skew	[1.0,1.5)	PLS	ULTRARARE	ins_7	2
SKNSH_skew	[1.0,1.5)	PLS	ULTRARARE	ins_8	3
SKNSH_skew	[1.0,1.5)	dELS	COMMON	del_1	29
SKNSH_skew	[1.0,1.5)	dELS	COMMON	del_10plus	6
SKNSH_skew	[1.0,1.5)	dELS	COMMON	del_2	13
SKNSH_skew	[1.0,1.5)	dELS	COMMON	del_3	5
SKNSH_skew	[1.0,1.5)	dELS	COMMON	del_4	1
SKNSH_skew	[1.0,1.5)	dELS	COMMON	del_5	4
SKNSH_skew	[1.0,1.5)	dELS	COMMON	del_6	1
SKNSH_skew	[1.0,1.5)	dELS	COMMON	del_8	1
SKNSH_skew	[1.0,1.5)	dELS	COMMON	del_9	1
SKNSH_skew	[1.0,1.5)	dELS	COMMON	ins_1	15
SKNSH_skew	[1.0,1.5)	dELS	COMMON	ins_10plus	28
SKNSH_skew	[1.0,1.5)	dELS	COMMON	ins_2	24
SKNSH_skew	[1.0,1.5)	dELS	COMMON	ins_3	6
SKNSH_skew	[1.0,1.5)	dELS	COMMON	ins_4	29
SKNSH_skew	[1.0,1.5)	dELS	COMMON	ins_5	1
SKNSH_skew	[1.0,1.5)	dELS	COMMON	ins_6	7
SKNSH_skew	[1.0,1.5)	dELS	COMMON	ins_7	2
SKNSH_skew	[1.0,1.5)	dELS	COMMON	ins_8	3
SKNSH_skew	[1.0,1.5)	dELS	COMMON	ins_9	1
SKNSH_skew	[1.0,1.5)	dELS	LOW_FREQ	del_1	34
SKNSH_skew	[1.0,1.5)	dELS	LOW_FREQ	del_10plus	9
SKNSH_skew	[1.0,1.5)	dELS	LOW_FREQ	del_2	14
SKNSH_skew	[1.0,1.5)	dELS	LOW_FREQ	del_3	12
SKNSH_skew	[1.0,1.5)	dELS	LOW_FREQ	del_4	7
SKNSH_skew	[1.0,1.5)	dELS	LOW_FREQ	del_5	3
SKNSH_skew	[1.0,1.5)	dELS	LOW_FREQ	del_6	7
SKNSH_skew	[1.0,1.5)	dELS	LOW_FREQ	del_8	2
SKNSH_skew	[1.0,1.5)	dELS	LOW_FREQ	ins_1	14
SKNSH_skew	[1.0,1.5)	dELS	LOW_FREQ	ins_10plus	57
SKNSH_skew	[1.0,1.5)	dELS	LOW_FREQ	ins_2	31
SKNSH_skew	[1.0,1.5)	dELS	LOW_FREQ	ins_3	7
SKNSH_skew	[1.0,1.5)	dELS	LOW_FREQ	ins_4	26
SKNSH_skew	[1.0,1.5)	dELS	LOW_FREQ	ins_5	5
SKNSH_skew	[1.0,1.5)	dELS	LOW_FREQ	ins_6	22
SKNSH_skew	[1.0,1.5)	dELS	LOW_FREQ	ins_7	3
SKNSH_skew	[1.0,1.5)	dELS	LOW_FREQ	ins_8	13
SKNSH_skew	[1.0,1.5)	dELS	LOW_FREQ	ins_9	2
SKNSH_skew	[1.0,1.5)	dELS	RARE	del_1	90
SKNSH_skew	[1.0,1.5)	dELS	RARE	del_10plus	32
SKNSH_skew	[1.0,1.5)	dELS	RARE	del_2	72
SKNSH_skew	[1.0,1.5)	dELS	RARE	del_3	13
SKNSH_skew	[1.0,1.5)	dELS	RARE	del_4	18
SKNSH_skew	[1.0,1.5)	dELS	RARE	del_5	4
SKNSH_skew	[1.0,1.5)	dELS	RARE	del_6	3
SKNSH_skew	[1.0,1.5)	dELS	RARE	del_7	4
SKNSH_skew	[1.0,1.5)	dELS	RARE	del_8	8
SKNSH_skew	[1.0,1.5)	dELS	RARE	del_9	7
SKNSH_skew	[1.0,1.5)	dELS	RARE	ins_1	38
SKNSH_skew	[1.0,1.5)	dELS	RARE	ins_10plus	131
SKNSH_skew	[1.0,1.5)	dELS	RARE	ins_2	68
SKNSH_skew	[1.0,1.5)	dELS	RARE	ins_3	12
SKNSH_skew	[1.0,1.5)	dELS	RARE	ins_4	38
SKNSH_skew	[1.0,1.5)	dELS	RARE	ins_5	7
SKNSH_skew	[1.0,1.5)	dELS	RARE	ins_6	27
SKNSH_skew	[1.0,1.5)	dELS	RARE	ins_7	4
SKNSH_skew	[1.0,1.5)	dELS	RARE	ins_8	25
SKNSH_skew	[1.0,1.5)	dELS	RARE	ins_9	1
SKNSH_skew	[1.0,1.5)	dELS	SINGLETON	del_1	1094
SKNSH_skew	[1.0,1.5)	dELS	SINGLETON	del_10plus	286
SKNSH_skew	[1.0,1.5)	dELS	SINGLETON	del_2	418
SKNSH_skew	[1.0,1.5)	dELS	SINGLETON	del_3	137
SKNSH_skew	[1.0,1.5)	dELS	SINGLETON	del_4	146
SKNSH_skew	[1.0,1.5)	dELS	SINGLETON	del_5	74
SKNSH_skew	[1.0,1.5)	dELS	SINGLETON	del_6	45
SKNSH_skew	[1.0,1.5)	dELS	SINGLETON	del_7	36
SKNSH_skew	[1.0,1.5)	dELS	SINGLETON	del_8	45
SKNSH_skew	[1.0,1.5)	dELS	SINGLETON	del_9	53
SKNSH_skew	[1.0,1.5)	dELS	SINGLETON	ins_1	343
SKNSH_skew	[1.0,1.5)	dELS	SINGLETON	ins_10plus	426
SKNSH_skew	[1.0,1.5)	dELS	SINGLETON	ins_2	194
SKNSH_skew	[1.0,1.5)	dELS	SINGLETON	ins_3	96
SKNSH_skew	[1.0,1.5)	dELS	SINGLETON	ins_4	133
SKNSH_skew	[1.0,1.5)	dELS	SINGLETON	ins_5	71
SKNSH_skew	[1.0,1.5)	dELS	SINGLETON	ins_6	118
SKNSH_skew	[1.0,1.5)	dELS	SINGLETON	ins_7	37
SKNSH_skew	[1.0,1.5)	dELS	SINGLETON	ins_8	59
SKNSH_skew	[1.0,1.5)	dELS	SINGLETON	ins_9	23
SKNSH_skew	[1.0,1.5)	dELS	ULTRARARE	del_1	600
SKNSH_skew	[1.0,1.5)	dELS	ULTRARARE	del_10plus	159
SKNSH_skew	[1.0,1.5)	dELS	ULTRARARE	del_2	292
SKNSH_skew	[1.0,1.5)	dELS	ULTRARARE	del_3	82
SKNSH_skew	[1.0,1.5)	dELS	ULTRARARE	del_4	90
SKNSH_skew	[1.0,1.5)	dELS	ULTRARARE	del_5	31
SKNSH_skew	[1.0,1.5)	dELS	ULTRARARE	del_6	33
SKNSH_skew	[1.0,1.5)	dELS	ULTRARARE	del_7	23
SKNSH_skew	[1.0,1.5)	dELS	ULTRARARE	del_8	19
SKNSH_skew	[1.0,1.5)	dELS	ULTRARARE	del_9	26
SKNSH_skew	[1.0,1.5)	dELS	ULTRARARE	ins_1	184
SKNSH_skew	[1.0,1.5)	dELS	ULTRARARE	ins_10plus	359
SKNSH_skew	[1.0,1.5)	dELS	ULTRARARE	ins_2	206
SKNSH_skew	[1.0,1.5)	dELS	ULTRARARE	ins_3	54
SKNSH_skew	[1.0,1.5)	dELS	ULTRARARE	ins_4	132
SKNSH_skew	[1.0,1.5)	dELS	ULTRARARE	ins_5	42
SKNSH_skew	[1.0,1.5)	dELS	ULTRARARE	ins_6	109
SKNSH_skew	[1.0,1.5)	dELS	ULTRARARE	ins_7	37
SKNSH_skew	[1.0,1.5)	dELS	ULTRARARE	ins_8	69
SKNSH_skew	[1.0,1.5)	dELS	ULTRARARE	ins_9	8
SKNSH_skew	[1.0,1.5)	non-cCRE	COMMON	del_1	39
SKNSH_skew	[1.0,1.5)	non-cCRE	COMMON	del_10plus	14
SKNSH_skew	[1.0,1.5)	non-cCRE	COMMON	del_2	28
SKNSH_skew	[1.0,1.5)	non-cCRE	COMMON	del_3	8
SKNSH_skew	[1.0,1.5)	non-cCRE	COMMON	del_4	6
SKNSH_skew	[1.0,1.5)	non-cCRE	COMMON	del_5	2
SKNSH_skew	[1.0,1.5)	non-cCRE	COMMON	del_6	2
SKNSH_skew	[1.0,1.5)	non-cCRE	COMMON	del_7	2
SKNSH_skew	[1.0,1.5)	non-cCRE	COMMON	del_9	2
SKNSH_skew	[1.0,1.5)	non-cCRE	COMMON	ins_1	36
SKNSH_skew	[1.0,1.5)	non-cCRE	COMMON	ins_10plus	54
SKNSH_skew	[1.0,1.5)	non-cCRE	COMMON	ins_2	41
SKNSH_skew	[1.0,1.5)	non-cCRE	COMMON	ins_3	13
SKNSH_skew	[1.0,1.5)	non-cCRE	COMMON	ins_4	23
SKNSH_skew	[1.0,1.5)	non-cCRE	COMMON	ins_5	5
SKNSH_skew	[1.0,1.5)	non-cCRE	COMMON	ins_6	27
SKNSH_skew	[1.0,1.5)	non-cCRE	COMMON	ins_7	5
SKNSH_skew	[1.0,1.5)	non-cCRE	COMMON	ins_8	17
SKNSH_skew	[1.0,1.5)	non-cCRE	COMMON	ins_9	3
SKNSH_skew	[1.0,1.5)	non-cCRE	LOW_FREQ	del_1	57
SKNSH_skew	[1.0,1.5)	non-cCRE	LOW_FREQ	del_10plus	22
SKNSH_skew	[1.0,1.5)	non-cCRE	LOW_FREQ	del_2	34
SKNSH_skew	[1.0,1.5)	non-cCRE	LOW_FREQ	del_3	12
SKNSH_skew	[1.0,1.5)	non-cCRE	LOW_FREQ	del_4	14
SKNSH_skew	[1.0,1.5)	non-cCRE	LOW_FREQ	del_5	4
SKNSH_skew	[1.0,1.5)	non-cCRE	LOW_FREQ	del_6	2
SKNSH_skew	[1.0,1.5)	non-cCRE	LOW_FREQ	del_7	2
SKNSH_skew	[1.0,1.5)	non-cCRE	LOW_FREQ	del_8	4
SKNSH_skew	[1.0,1.5)	non-cCRE	LOW_FREQ	del_9	2
SKNSH_skew	[1.0,1.5)	non-cCRE	LOW_FREQ	ins_1	24
SKNSH_skew	[1.0,1.5)	non-cCRE	LOW_FREQ	ins_10plus	86
SKNSH_skew	[1.0,1.5)	non-cCRE	LOW_FREQ	ins_2	50
SKNSH_skew	[1.0,1.5)	non-cCRE	LOW_FREQ	ins_3	14
SKNSH_skew	[1.0,1.5)	non-cCRE	LOW_FREQ	ins_4	30
SKNSH_skew	[1.0,1.5)	non-cCRE	LOW_FREQ	ins_5	7
SKNSH_skew	[1.0,1.5)	non-cCRE	LOW_FREQ	ins_6	33
SKNSH_skew	[1.0,1.5)	non-cCRE	LOW_FREQ	ins_7	4
SKNSH_skew	[1.0,1.5)	non-cCRE	LOW_FREQ	ins_8	22
SKNSH_skew	[1.0,1.5)	non-cCRE	LOW_FREQ	ins_9	2
SKNSH_skew	[1.0,1.5)	non-cCRE	RARE	del_1	157
SKNSH_skew	[1.0,1.5)	non-cCRE	RARE	del_10plus	74
SKNSH_skew	[1.0,1.5)	non-cCRE	RARE	del_2	107
SKNSH_skew	[1.0,1.5)	non-cCRE	RARE	del_3	24
SKNSH_skew	[1.0,1.5)	non-cCRE	RARE	del_4	26
SKNSH_skew	[1.0,1.5)	non-cCRE	RARE	del_5	15
SKNSH_skew	[1.0,1.5)	non-cCRE	RARE	del_6	15
SKNSH_skew	[1.0,1.5)	non-cCRE	RARE	del_7	10
SKNSH_skew	[1.0,1.5)	non-cCRE	RARE	del_8	5
SKNSH_skew	[1.0,1.5)	non-cCRE	RARE	del_9	8
SKNSH_skew	[1.0,1.5)	non-cCRE	RARE	ins_1	69
SKNSH_skew	[1.0,1.5)	non-cCRE	RARE	ins_10plus	204
SKNSH_skew	[1.0,1.5)	non-cCRE	RARE	ins_2	128
SKNSH_skew	[1.0,1.5)	non-cCRE	RARE	ins_3	25
SKNSH_skew	[1.0,1.5)	non-cCRE	RARE	ins_4	81
SKNSH_skew	[1.0,1.5)	non-cCRE	RARE	ins_5	16
SKNSH_skew	[1.0,1.5)	non-cCRE	RARE	ins_6	64
SKNSH_skew	[1.0,1.5)	non-cCRE	RARE	ins_7	5
SKNSH_skew	[1.0,1.5)	non-cCRE	RARE	ins_8	35
SKNSH_skew	[1.0,1.5)	non-cCRE	RARE	ins_9	3
SKNSH_skew	[1.0,1.5)	non-cCRE	SINGLETON	del_1	1912
SKNSH_skew	[1.0,1.5)	non-cCRE	SINGLETON	del_10plus	480
SKNSH_skew	[1.0,1.5)	non-cCRE	SINGLETON	del_2	773
SKNSH_skew	[1.0,1.5)	non-cCRE	SINGLETON	del_3	227
SKNSH_skew	[1.0,1.5)	non-cCRE	SINGLETON	del_4	227
SKNSH_skew	[1.0,1.5)	non-cCRE	SINGLETON	del_5	117
SKNSH_skew	[1.0,1.5)	non-cCRE	SINGLETON	del_6	94
SKNSH_skew	[1.0,1.5)	non-cCRE	SINGLETON	del_7	57
SKNSH_skew	[1.0,1.5)	non-cCRE	SINGLETON	del_8	86
SKNSH_skew	[1.0,1.5)	non-cCRE	SINGLETON	del_9	82
SKNSH_skew	[1.0,1.5)	non-cCRE	SINGLETON	ins_1	573
SKNSH_skew	[1.0,1.5)	non-cCRE	SINGLETON	ins_10plus	732
SKNSH_skew	[1.0,1.5)	non-cCRE	SINGLETON	ins_2	355
SKNSH_skew	[1.0,1.5)	non-cCRE	SINGLETON	ins_3	196
SKNSH_skew	[1.0,1.5)	non-cCRE	SINGLETON	ins_4	296
SKNSH_skew	[1.0,1.5)	non-cCRE	SINGLETON	ins_5	118
SKNSH_skew	[1.0,1.5)	non-cCRE	SINGLETON	ins_6	248
SKNSH_skew	[1.0,1.5)	non-cCRE	SINGLETON	ins_7	68
SKNSH_skew	[1.0,1.5)	non-cCRE	SINGLETON	ins_8	119
SKNSH_skew	[1.0,1.5)	non-cCRE	SINGLETON	ins_9	30
SKNSH_skew	[1.0,1.5)	non-cCRE	ULTRARARE	del_1	1041
SKNSH_skew	[1.0,1.5)	non-cCRE	ULTRARARE	del_10plus	263
SKNSH_skew	[1.0,1.5)	non-cCRE	ULTRARARE	del_2	560
SKNSH_skew	[1.0,1.5)	non-cCRE	ULTRARARE	del_3	161
SKNSH_skew	[1.0,1.5)	non-cCRE	ULTRARARE	del_4	133
SKNSH_skew	[1.0,1.5)	non-cCRE	ULTRARARE	del_5	67
SKNSH_skew	[1.0,1.5)	non-cCRE	ULTRARARE	del_6	48
SKNSH_skew	[1.0,1.5)	non-cCRE	ULTRARARE	del_7	33
SKNSH_skew	[1.0,1.5)	non-cCRE	ULTRARARE	del_8	45
SKNSH_skew	[1.0,1.5)	non-cCRE	ULTRARARE	del_9	51
SKNSH_skew	[1.0,1.5)	non-cCRE	ULTRARARE	ins_1	335
SKNSH_skew	[1.0,1.5)	non-cCRE	ULTRARARE	ins_10plus	539
SKNSH_skew	[1.0,1.5)	non-cCRE	ULTRARARE	ins_2	347
SKNSH_skew	[1.0,1.5)	non-cCRE	ULTRARARE	ins_3	111
SKNSH_skew	[1.0,1.5)	non-cCRE	ULTRARARE	ins_4	216
SKNSH_skew	[1.0,1.5)	non-cCRE	ULTRARARE	ins_5	60
SKNSH_skew	[1.0,1.5)	non-cCRE	ULTRARARE	ins_6	192
SKNSH_skew	[1.0,1.5)	non-cCRE	ULTRARARE	ins_7	39
SKNSH_skew	[1.0,1.5)	non-cCRE	ULTRARARE	ins_8	118
SKNSH_skew	[1.0,1.5)	non-cCRE	ULTRARARE	ins_9	22
SKNSH_skew	[1.0,1.5)	pELS	COMMON	del_1	2
SKNSH_skew	[1.0,1.5)	pELS	COMMON	del_10plus	1
SKNSH_skew	[1.0,1.5)	pELS	COMMON	del_2	1
SKNSH_skew	[1.0,1.5)	pELS	COMMON	del_3	3
SKNSH_skew	[1.0,1.5)	pELS	COMMON	del_4	2
SKNSH_skew	[1.0,1.5)	pELS	COMMON	del_9	1
SKNSH_skew	[1.0,1.5)	pELS	COMMON	ins_1	3
SKNSH_skew	[1.0,1.5)	pELS	COMMON	ins_10plus	6
SKNSH_skew	[1.0,1.5)	pELS	COMMON	ins_2	3
SKNSH_skew	[1.0,1.5)	pELS	COMMON	ins_4	3
SKNSH_skew	[1.0,1.5)	pELS	COMMON	ins_6	2
SKNSH_skew	[1.0,1.5)	pELS	COMMON	ins_7	1
SKNSH_skew	[1.0,1.5)	pELS	COMMON	ins_8	1
SKNSH_skew	[1.0,1.5)	pELS	COMMON	ins_9	2
SKNSH_skew	[1.0,1.5)	pELS	LOW_FREQ	del_1	8
SKNSH_skew	[1.0,1.5)	pELS	LOW_FREQ	del_10plus	2
SKNSH_skew	[1.0,1.5)	pELS	LOW_FREQ	del_2	4
SKNSH_skew	[1.0,1.5)	pELS	LOW_FREQ	del_3	2
SKNSH_skew	[1.0,1.5)	pELS	LOW_FREQ	del_6	1
SKNSH_skew	[1.0,1.5)	pELS	LOW_FREQ	del_8	1
SKNSH_skew	[1.0,1.5)	pELS	LOW_FREQ	ins_10plus	20
SKNSH_skew	[1.0,1.5)	pELS	LOW_FREQ	ins_2	3
SKNSH_skew	[1.0,1.5)	pELS	LOW_FREQ	ins_4	3
SKNSH_skew	[1.0,1.5)	pELS	LOW_FREQ	ins_6	1
SKNSH_skew	[1.0,1.5)	pELS	LOW_FREQ	ins_8	3
SKNSH_skew	[1.0,1.5)	pELS	RARE	del_1	21
SKNSH_skew	[1.0,1.5)	pELS	RARE	del_10plus	11
SKNSH_skew	[1.0,1.5)	pELS	RARE	del_2	8
SKNSH_skew	[1.0,1.5)	pELS	RARE	del_3	1
SKNSH_skew	[1.0,1.5)	pELS	RARE	del_5	1
SKNSH_skew	[1.0,1.5)	pELS	RARE	del_6	1
SKNSH_skew	[1.0,1.5)	pELS	RARE	del_8	3
SKNSH_skew	[1.0,1.5)	pELS	RARE	del_9	3
SKNSH_skew	[1.0,1.5)	pELS	RARE	ins_1	12
SKNSH_skew	[1.0,1.5)	pELS	RARE	ins_10plus	28
SKNSH_skew	[1.0,1.5)	pELS	RARE	ins_2	10
SKNSH_skew	[1.0,1.5)	pELS	RARE	ins_3	3
SKNSH_skew	[1.0,1.5)	pELS	RARE	ins_4	6
SKNSH_skew	[1.0,1.5)	pELS	RARE	ins_5	2
SKNSH_skew	[1.0,1.5)	pELS	RARE	ins_6	5
SKNSH_skew	[1.0,1.5)	pELS	RARE	ins_7	1
SKNSH_skew	[1.0,1.5)	pELS	RARE	ins_8	1
SKNSH_skew	[1.0,1.5)	pELS	RARE	ins_9	1
SKNSH_skew	[1.0,1.5)	pELS	SINGLETON	del_1	209
SKNSH_skew	[1.0,1.5)	pELS	SINGLETON	del_10plus	81
SKNSH_skew	[1.0,1.5)	pELS	SINGLETON	del_2	75
SKNSH_skew	[1.0,1.5)	pELS	SINGLETON	del_3	34
SKNSH_skew	[1.0,1.5)	pELS	SINGLETON	del_4	31
SKNSH_skew	[1.0,1.5)	pELS	SINGLETON	del_5	17
SKNSH_skew	[1.0,1.5)	pELS	SINGLETON	del_6	10
SKNSH_skew	[1.0,1.5)	pELS	SINGLETON	del_7	6
SKNSH_skew	[1.0,1.5)	pELS	SINGLETON	del_8	6
SKNSH_skew	[1.0,1.5)	pELS	SINGLETON	del_9	6
SKNSH_skew	[1.0,1.5)	pELS	SINGLETON	ins_1	75
SKNSH_skew	[1.0,1.5)	pELS	SINGLETON	ins_10plus	92
SKNSH_skew	[1.0,1.5)	pELS	SINGLETON	ins_2	43
SKNSH_skew	[1.0,1.5)	pELS	SINGLETON	ins_3	21
SKNSH_skew	[1.0,1.5)	pELS	SINGLETON	ins_4	36
SKNSH_skew	[1.0,1.5)	pELS	SINGLETON	ins_5	23
SKNSH_skew	[1.0,1.5)	pELS	SINGLETON	ins_6	29
SKNSH_skew	[1.0,1.5)	pELS	SINGLETON	ins_7	8
SKNSH_skew	[1.0,1.5)	pELS	SINGLETON	ins_8	8
SKNSH_skew	[1.0,1.5)	pELS	SINGLETON	ins_9	6
SKNSH_skew	[1.0,1.5)	pELS	ULTRARARE	del_1	111
SKNSH_skew	[1.0,1.5)	pELS	ULTRARARE	del_10plus	30
SKNSH_skew	[1.0,1.5)	pELS	ULTRARARE	del_2	54
SKNSH_skew	[1.0,1.5)	pELS	ULTRARARE	del_3	12
SKNSH_skew	[1.0,1.5)	pELS	ULTRARARE	del_4	16
SKNSH_skew	[1.0,1.5)	pELS	ULTRARARE	del_5	6
SKNSH_skew	[1.0,1.5)	pELS	ULTRARARE	del_6	3
SKNSH_skew	[1.0,1.5)	pELS	ULTRARARE	del_7	5
SKNSH_skew	[1.0,1.5)	pELS	ULTRARARE	del_8	6
SKNSH_skew	[1.0,1.5)	pELS	ULTRARARE	del_9	6
SKNSH_skew	[1.0,1.5)	pELS	ULTRARARE	ins_1	44
SKNSH_skew	[1.0,1.5)	pELS	ULTRARARE	ins_10plus	63
SKNSH_skew	[1.0,1.5)	pELS	ULTRARARE	ins_2	28
SKNSH_skew	[1.0,1.5)	pELS	ULTRARARE	ins_3	13
SKNSH_skew	[1.0,1.5)	pELS	ULTRARARE	ins_4	21
SKNSH_skew	[1.0,1.5)	pELS	ULTRARARE	ins_5	9
SKNSH_skew	[1.0,1.5)	pELS	ULTRARARE	ins_6	17
SKNSH_skew	[1.0,1.5)	pELS	ULTRARARE	ins_7	6
SKNSH_skew	[1.0,1.5)	pELS	ULTRARARE	ins_8	8
SKNSH_skew	[1.0,1.5)	pELS	ULTRARARE	ins_9	5
SKNSH_skew	[1.5,Inf)	Other cCREs	COMMON	del_1	1
SKNSH_skew	[1.5,Inf)	Other cCREs	COMMON	del_10plus	1
SKNSH_skew	[1.5,Inf)	Other cCREs	COMMON	del_4	1
SKNSH_skew	[1.5,Inf)	Other cCREs	COMMON	del_5	1
SKNSH_skew	[1.5,Inf)	Other cCREs	COMMON	ins_1	1
SKNSH_skew	[1.5,Inf)	Other cCREs	COMMON	ins_10plus	2
SKNSH_skew	[1.5,Inf)	Other cCREs	COMMON	ins_2	4
SKNSH_skew	[1.5,Inf)	Other cCREs	COMMON	ins_4	1
SKNSH_skew	[1.5,Inf)	Other cCREs	COMMON	ins_8	1
SKNSH_skew	[1.5,Inf)	Other cCREs	LOW_FREQ	del_1	1
SKNSH_skew	[1.5,Inf)	Other cCREs	LOW_FREQ	del_10plus	4
SKNSH_skew	[1.5,Inf)	Other cCREs	LOW_FREQ	del_3	2
SKNSH_skew	[1.5,Inf)	Other cCREs	LOW_FREQ	del_4	1
SKNSH_skew	[1.5,Inf)	Other cCREs	LOW_FREQ	del_7	1
SKNSH_skew	[1.5,Inf)	Other cCREs	LOW_FREQ	ins_1	1
SKNSH_skew	[1.5,Inf)	Other cCREs	LOW_FREQ	ins_10plus	5
SKNSH_skew	[1.5,Inf)	Other cCREs	LOW_FREQ	ins_3	1
SKNSH_skew	[1.5,Inf)	Other cCREs	LOW_FREQ	ins_4	1
SKNSH_skew	[1.5,Inf)	Other cCREs	LOW_FREQ	ins_6	2
SKNSH_skew	[1.5,Inf)	Other cCREs	LOW_FREQ	ins_8	1
SKNSH_skew	[1.5,Inf)	Other cCREs	RARE	del_1	8
SKNSH_skew	[1.5,Inf)	Other cCREs	RARE	del_10plus	4
SKNSH_skew	[1.5,Inf)	Other cCREs	RARE	del_2	3
SKNSH_skew	[1.5,Inf)	Other cCREs	RARE	del_3	2
SKNSH_skew	[1.5,Inf)	Other cCREs	RARE	del_5	1
SKNSH_skew	[1.5,Inf)	Other cCREs	RARE	del_7	2
SKNSH_skew	[1.5,Inf)	Other cCREs	RARE	del_8	1
SKNSH_skew	[1.5,Inf)	Other cCREs	RARE	ins_1	2
SKNSH_skew	[1.5,Inf)	Other cCREs	RARE	ins_10plus	17
SKNSH_skew	[1.5,Inf)	Other cCREs	RARE	ins_2	10
SKNSH_skew	[1.5,Inf)	Other cCREs	RARE	ins_4	3
SKNSH_skew	[1.5,Inf)	Other cCREs	RARE	ins_5	1
SKNSH_skew	[1.5,Inf)	Other cCREs	RARE	ins_6	4
SKNSH_skew	[1.5,Inf)	Other cCREs	RARE	ins_7	1
SKNSH_skew	[1.5,Inf)	Other cCREs	RARE	ins_8	1
SKNSH_skew	[1.5,Inf)	Other cCREs	SINGLETON	del_1	97
SKNSH_skew	[1.5,Inf)	Other cCREs	SINGLETON	del_10plus	22
SKNSH_skew	[1.5,Inf)	Other cCREs	SINGLETON	del_2	28
SKNSH_skew	[1.5,Inf)	Other cCREs	SINGLETON	del_3	15
SKNSH_skew	[1.5,Inf)	Other cCREs	SINGLETON	del_4	15
SKNSH_skew	[1.5,Inf)	Other cCREs	SINGLETON	del_5	5
SKNSH_skew	[1.5,Inf)	Other cCREs	SINGLETON	del_6	4
SKNSH_skew	[1.5,Inf)	Other cCREs	SINGLETON	del_7	2
SKNSH_skew	[1.5,Inf)	Other cCREs	SINGLETON	del_8	11
SKNSH_skew	[1.5,Inf)	Other cCREs	SINGLETON	del_9	5
SKNSH_skew	[1.5,Inf)	Other cCREs	SINGLETON	ins_1	14
SKNSH_skew	[1.5,Inf)	Other cCREs	SINGLETON	ins_10plus	62
SKNSH_skew	[1.5,Inf)	Other cCREs	SINGLETON	ins_2	34
SKNSH_skew	[1.5,Inf)	Other cCREs	SINGLETON	ins_3	15
SKNSH_skew	[1.5,Inf)	Other cCREs	SINGLETON	ins_4	12
SKNSH_skew	[1.5,Inf)	Other cCREs	SINGLETON	ins_5	3
SKNSH_skew	[1.5,Inf)	Other cCREs	SINGLETON	ins_6	36
SKNSH_skew	[1.5,Inf)	Other cCREs	SINGLETON	ins_7	6
SKNSH_skew	[1.5,Inf)	Other cCREs	SINGLETON	ins_8	4
SKNSH_skew	[1.5,Inf)	Other cCREs	SINGLETON	ins_9	1
SKNSH_skew	[1.5,Inf)	Other cCREs	ULTRARARE	del_1	36
SKNSH_skew	[1.5,Inf)	Other cCREs	ULTRARARE	del_10plus	19
SKNSH_skew	[1.5,Inf)	Other cCREs	ULTRARARE	del_2	23
SKNSH_skew	[1.5,Inf)	Other cCREs	ULTRARARE	del_3	9
SKNSH_skew	[1.5,Inf)	Other cCREs	ULTRARARE	del_4	12
SKNSH_skew	[1.5,Inf)	Other cCREs	ULTRARARE	del_5	2
SKNSH_skew	[1.5,Inf)	Other cCREs	ULTRARARE	del_6	2
SKNSH_skew	[1.5,Inf)	Other cCREs	ULTRARARE	del_8	1
SKNSH_skew	[1.5,Inf)	Other cCREs	ULTRARARE	del_9	1
SKNSH_skew	[1.5,Inf)	Other cCREs	ULTRARARE	ins_1	13
SKNSH_skew	[1.5,Inf)	Other cCREs	ULTRARARE	ins_10plus	44
SKNSH_skew	[1.5,Inf)	Other cCREs	ULTRARARE	ins_2	26
SKNSH_skew	[1.5,Inf)	Other cCREs	ULTRARARE	ins_3	6
SKNSH_skew	[1.5,Inf)	Other cCREs	ULTRARARE	ins_4	10
SKNSH_skew	[1.5,Inf)	Other cCREs	ULTRARARE	ins_5	4
SKNSH_skew	[1.5,Inf)	Other cCREs	ULTRARARE	ins_6	17
SKNSH_skew	[1.5,Inf)	Other cCREs	ULTRARARE	ins_7	4
SKNSH_skew	[1.5,Inf)	Other cCREs	ULTRARARE	ins_8	3
SKNSH_skew	[1.5,Inf)	PLS	COMMON	ins_10plus	1
SKNSH_skew	[1.5,Inf)	PLS	COMMON	ins_2	1
SKNSH_skew	[1.5,Inf)	PLS	LOW_FREQ	ins_3	1
SKNSH_skew	[1.5,Inf)	PLS	RARE	del_10plus	1
SKNSH_skew	[1.5,Inf)	PLS	RARE	del_2	2
SKNSH_skew	[1.5,Inf)	PLS	RARE	ins_10plus	2
SKNSH_skew	[1.5,Inf)	PLS	RARE	ins_2	1
SKNSH_skew	[1.5,Inf)	PLS	RARE	ins_4	1
SKNSH_skew	[1.5,Inf)	PLS	RARE	ins_6	1
SKNSH_skew	[1.5,Inf)	PLS	RARE	ins_8	1
SKNSH_skew	[1.5,Inf)	PLS	SINGLETON	del_1	14
SKNSH_skew	[1.5,Inf)	PLS	SINGLETON	del_10plus	6
SKNSH_skew	[1.5,Inf)	PLS	SINGLETON	del_2	5
SKNSH_skew	[1.5,Inf)	PLS	SINGLETON	del_3	3
SKNSH_skew	[1.5,Inf)	PLS	SINGLETON	del_4	1
SKNSH_skew	[1.5,Inf)	PLS	SINGLETON	del_5	1
SKNSH_skew	[1.5,Inf)	PLS	SINGLETON	del_7	2
SKNSH_skew	[1.5,Inf)	PLS	SINGLETON	del_9	1
SKNSH_skew	[1.5,Inf)	PLS	SINGLETON	ins_1	5
SKNSH_skew	[1.5,Inf)	PLS	SINGLETON	ins_10plus	16
SKNSH_skew	[1.5,Inf)	PLS	SINGLETON	ins_2	1
SKNSH_skew	[1.5,Inf)	PLS	SINGLETON	ins_3	2
SKNSH_skew	[1.5,Inf)	PLS	SINGLETON	ins_4	1
SKNSH_skew	[1.5,Inf)	PLS	SINGLETON	ins_5	3
SKNSH_skew	[1.5,Inf)	PLS	SINGLETON	ins_6	16
SKNSH_skew	[1.5,Inf)	PLS	ULTRARARE	del_1	10
SKNSH_skew	[1.5,Inf)	PLS	ULTRARARE	del_10plus	5
SKNSH_skew	[1.5,Inf)	PLS	ULTRARARE	del_2	1
SKNSH_skew	[1.5,Inf)	PLS	ULTRARARE	del_3	3
SKNSH_skew	[1.5,Inf)	PLS	ULTRARARE	del_4	1
SKNSH_skew	[1.5,Inf)	PLS	ULTRARARE	del_7	2
SKNSH_skew	[1.5,Inf)	PLS	ULTRARARE	ins_1	1
SKNSH_skew	[1.5,Inf)	PLS	ULTRARARE	ins_10plus	15
SKNSH_skew	[1.5,Inf)	PLS	ULTRARARE	ins_2	1
SKNSH_skew	[1.5,Inf)	PLS	ULTRARARE	ins_6	2
SKNSH_skew	[1.5,Inf)	PLS	ULTRARARE	ins_8	2
SKNSH_skew	[1.5,Inf)	PLS	ULTRARARE	ins_9	1
SKNSH_skew	[1.5,Inf)	dELS	COMMON	del_1	9
SKNSH_skew	[1.5,Inf)	dELS	COMMON	del_10plus	1
SKNSH_skew	[1.5,Inf)	dELS	COMMON	del_2	5
SKNSH_skew	[1.5,Inf)	dELS	COMMON	del_4	3
SKNSH_skew	[1.5,Inf)	dELS	COMMON	del_5	1
SKNSH_skew	[1.5,Inf)	dELS	COMMON	del_8	1
SKNSH_skew	[1.5,Inf)	dELS	COMMON	del_9	1
SKNSH_skew	[1.5,Inf)	dELS	COMMON	ins_1	10
SKNSH_skew	[1.5,Inf)	dELS	COMMON	ins_10plus	7
SKNSH_skew	[1.5,Inf)	dELS	COMMON	ins_2	7
SKNSH_skew	[1.5,Inf)	dELS	COMMON	ins_4	3
SKNSH_skew	[1.5,Inf)	dELS	COMMON	ins_6	4
SKNSH_skew	[1.5,Inf)	dELS	COMMON	ins_7	3
SKNSH_skew	[1.5,Inf)	dELS	COMMON	ins_8	2
SKNSH_skew	[1.5,Inf)	dELS	LOW_FREQ	del_1	7
SKNSH_skew	[1.5,Inf)	dELS	LOW_FREQ	del_10plus	5
SKNSH_skew	[1.5,Inf)	dELS	LOW_FREQ	del_2	3
SKNSH_skew	[1.5,Inf)	dELS	LOW_FREQ	del_4	1
SKNSH_skew	[1.5,Inf)	dELS	LOW_FREQ	del_6	1
SKNSH_skew	[1.5,Inf)	dELS	LOW_FREQ	del_7	2
SKNSH_skew	[1.5,Inf)	dELS	LOW_FREQ	del_8	1
SKNSH_skew	[1.5,Inf)	dELS	LOW_FREQ	del_9	1
SKNSH_skew	[1.5,Inf)	dELS	LOW_FREQ	ins_1	10
SKNSH_skew	[1.5,Inf)	dELS	LOW_FREQ	ins_10plus	13
SKNSH_skew	[1.5,Inf)	dELS	LOW_FREQ	ins_2	10
SKNSH_skew	[1.5,Inf)	dELS	LOW_FREQ	ins_3	3
SKNSH_skew	[1.5,Inf)	dELS	LOW_FREQ	ins_4	4
SKNSH_skew	[1.5,Inf)	dELS	LOW_FREQ	ins_6	9
SKNSH_skew	[1.5,Inf)	dELS	LOW_FREQ	ins_7	2
SKNSH_skew	[1.5,Inf)	dELS	LOW_FREQ	ins_8	1
SKNSH_skew	[1.5,Inf)	dELS	RARE	del_1	28
SKNSH_skew	[1.5,Inf)	dELS	RARE	del_10plus	13
SKNSH_skew	[1.5,Inf)	dELS	RARE	del_2	24
SKNSH_skew	[1.5,Inf)	dELS	RARE	del_3	11
SKNSH_skew	[1.5,Inf)	dELS	RARE	del_4	5
SKNSH_skew	[1.5,Inf)	dELS	RARE	del_5	1
SKNSH_skew	[1.5,Inf)	dELS	RARE	del_7	1
SKNSH_skew	[1.5,Inf)	dELS	RARE	del_8	3
SKNSH_skew	[1.5,Inf)	dELS	RARE	del_9	1
SKNSH_skew	[1.5,Inf)	dELS	RARE	ins_1	10
SKNSH_skew	[1.5,Inf)	dELS	RARE	ins_10plus	35
SKNSH_skew	[1.5,Inf)	dELS	RARE	ins_2	23
SKNSH_skew	[1.5,Inf)	dELS	RARE	ins_3	2
SKNSH_skew	[1.5,Inf)	dELS	RARE	ins_4	12
SKNSH_skew	[1.5,Inf)	dELS	RARE	ins_5	3
SKNSH_skew	[1.5,Inf)	dELS	RARE	ins_6	15
SKNSH_skew	[1.5,Inf)	dELS	RARE	ins_7	3
SKNSH_skew	[1.5,Inf)	dELS	RARE	ins_8	4
SKNSH_skew	[1.5,Inf)	dELS	SINGLETON	del_1	314
SKNSH_skew	[1.5,Inf)	dELS	SINGLETON	del_10plus	106
SKNSH_skew	[1.5,Inf)	dELS	SINGLETON	del_2	122
SKNSH_skew	[1.5,Inf)	dELS	SINGLETON	del_3	31
SKNSH_skew	[1.5,Inf)	dELS	SINGLETON	del_4	40
SKNSH_skew	[1.5,Inf)	dELS	SINGLETON	del_5	27
SKNSH_skew	[1.5,Inf)	dELS	SINGLETON	del_6	18
SKNSH_skew	[1.5,Inf)	dELS	SINGLETON	del_7	8
SKNSH_skew	[1.5,Inf)	dELS	SINGLETON	del_8	10
SKNSH_skew	[1.5,Inf)	dELS	SINGLETON	del_9	23
SKNSH_skew	[1.5,Inf)	dELS	SINGLETON	ins_1	111
SKNSH_skew	[1.5,Inf)	dELS	SINGLETON	ins_10plus	231
SKNSH_skew	[1.5,Inf)	dELS	SINGLETON	ins_2	75
SKNSH_skew	[1.5,Inf)	dELS	SINGLETON	ins_3	20
SKNSH_skew	[1.5,Inf)	dELS	SINGLETON	ins_4	57
SKNSH_skew	[1.5,Inf)	dELS	SINGLETON	ins_5	20
SKNSH_skew	[1.5,Inf)	dELS	SINGLETON	ins_6	100
SKNSH_skew	[1.5,Inf)	dELS	SINGLETON	ins_7	19
SKNSH_skew	[1.5,Inf)	dELS	SINGLETON	ins_8	27
SKNSH_skew	[1.5,Inf)	dELS	SINGLETON	ins_9	6
SKNSH_skew	[1.5,Inf)	dELS	ULTRARARE	del_1	187
SKNSH_skew	[1.5,Inf)	dELS	ULTRARARE	del_10plus	45
SKNSH_skew	[1.5,Inf)	dELS	ULTRARARE	del_2	99
SKNSH_skew	[1.5,Inf)	dELS	ULTRARARE	del_3	24
SKNSH_skew	[1.5,Inf)	dELS	ULTRARARE	del_4	29
SKNSH_skew	[1.5,Inf)	dELS	ULTRARARE	del_5	5
SKNSH_skew	[1.5,Inf)	dELS	ULTRARARE	del_6	16
SKNSH_skew	[1.5,Inf)	dELS	ULTRARARE	del_7	8
SKNSH_skew	[1.5,Inf)	dELS	ULTRARARE	del_8	8
SKNSH_skew	[1.5,Inf)	dELS	ULTRARARE	del_9	12
SKNSH_skew	[1.5,Inf)	dELS	ULTRARARE	ins_1	64
SKNSH_skew	[1.5,Inf)	dELS	ULTRARARE	ins_10plus	157
SKNSH_skew	[1.5,Inf)	dELS	ULTRARARE	ins_2	72
SKNSH_skew	[1.5,Inf)	dELS	ULTRARARE	ins_3	18
SKNSH_skew	[1.5,Inf)	dELS	ULTRARARE	ins_4	41
SKNSH_skew	[1.5,Inf)	dELS	ULTRARARE	ins_5	13
SKNSH_skew	[1.5,Inf)	dELS	ULTRARARE	ins_6	64
SKNSH_skew	[1.5,Inf)	dELS	ULTRARARE	ins_7	14
SKNSH_skew	[1.5,Inf)	dELS	ULTRARARE	ins_8	22
SKNSH_skew	[1.5,Inf)	dELS	ULTRARARE	ins_9	5
SKNSH_skew	[1.5,Inf)	non-cCRE	COMMON	del_1	16
SKNSH_skew	[1.5,Inf)	non-cCRE	COMMON	del_10plus	6
SKNSH_skew	[1.5,Inf)	non-cCRE	COMMON	del_2	8
SKNSH_skew	[1.5,Inf)	non-cCRE	COMMON	del_4	2
SKNSH_skew	[1.5,Inf)	non-cCRE	COMMON	del_5	1
SKNSH_skew	[1.5,Inf)	non-cCRE	COMMON	del_6	3
SKNSH_skew	[1.5,Inf)	non-cCRE	COMMON	del_7	2
SKNSH_skew	[1.5,Inf)	non-cCRE	COMMON	ins_1	10
SKNSH_skew	[1.5,Inf)	non-cCRE	COMMON	ins_10plus	25
SKNSH_skew	[1.5,Inf)	non-cCRE	COMMON	ins_2	10
SKNSH_skew	[1.5,Inf)	non-cCRE	COMMON	ins_3	3
SKNSH_skew	[1.5,Inf)	non-cCRE	COMMON	ins_4	7
SKNSH_skew	[1.5,Inf)	non-cCRE	COMMON	ins_5	2
SKNSH_skew	[1.5,Inf)	non-cCRE	COMMON	ins_6	7
SKNSH_skew	[1.5,Inf)	non-cCRE	COMMON	ins_8	7
SKNSH_skew	[1.5,Inf)	non-cCRE	COMMON	ins_9	2
SKNSH_skew	[1.5,Inf)	non-cCRE	LOW_FREQ	del_1	19
SKNSH_skew	[1.5,Inf)	non-cCRE	LOW_FREQ	del_10plus	8
SKNSH_skew	[1.5,Inf)	non-cCRE	LOW_FREQ	del_2	7
SKNSH_skew	[1.5,Inf)	non-cCRE	LOW_FREQ	del_3	3
SKNSH_skew	[1.5,Inf)	non-cCRE	LOW_FREQ	del_4	3
SKNSH_skew	[1.5,Inf)	non-cCRE	LOW_FREQ	del_5	1
SKNSH_skew	[1.5,Inf)	non-cCRE	LOW_FREQ	del_7	1
SKNSH_skew	[1.5,Inf)	non-cCRE	LOW_FREQ	del_8	1
SKNSH_skew	[1.5,Inf)	non-cCRE	LOW_FREQ	ins_1	9
SKNSH_skew	[1.5,Inf)	non-cCRE	LOW_FREQ	ins_10plus	35
SKNSH_skew	[1.5,Inf)	non-cCRE	LOW_FREQ	ins_2	19
SKNSH_skew	[1.5,Inf)	non-cCRE	LOW_FREQ	ins_3	3
SKNSH_skew	[1.5,Inf)	non-cCRE	LOW_FREQ	ins_4	12
SKNSH_skew	[1.5,Inf)	non-cCRE	LOW_FREQ	ins_6	9
SKNSH_skew	[1.5,Inf)	non-cCRE	LOW_FREQ	ins_8	7
SKNSH_skew	[1.5,Inf)	non-cCRE	LOW_FREQ	ins_9	1
SKNSH_skew	[1.5,Inf)	non-cCRE	RARE	del_1	59
SKNSH_skew	[1.5,Inf)	non-cCRE	RARE	del_10plus	16
SKNSH_skew	[1.5,Inf)	non-cCRE	RARE	del_2	22
SKNSH_skew	[1.5,Inf)	non-cCRE	RARE	del_3	8
SKNSH_skew	[1.5,Inf)	non-cCRE	RARE	del_4	8
SKNSH_skew	[1.5,Inf)	non-cCRE	RARE	del_5	3
SKNSH_skew	[1.5,Inf)	non-cCRE	RARE	del_6	2
SKNSH_skew	[1.5,Inf)	non-cCRE	RARE	del_7	3
SKNSH_skew	[1.5,Inf)	non-cCRE	RARE	del_8	5
SKNSH_skew	[1.5,Inf)	non-cCRE	RARE	del_9	1
SKNSH_skew	[1.5,Inf)	non-cCRE	RARE	ins_1	14
SKNSH_skew	[1.5,Inf)	non-cCRE	RARE	ins_10plus	122
SKNSH_skew	[1.5,Inf)	non-cCRE	RARE	ins_2	51
SKNSH_skew	[1.5,Inf)	non-cCRE	RARE	ins_3	6
SKNSH_skew	[1.5,Inf)	non-cCRE	RARE	ins_4	26
SKNSH_skew	[1.5,Inf)	non-cCRE	RARE	ins_5	5
SKNSH_skew	[1.5,Inf)	non-cCRE	RARE	ins_6	33
SKNSH_skew	[1.5,Inf)	non-cCRE	RARE	ins_7	1
SKNSH_skew	[1.5,Inf)	non-cCRE	RARE	ins_8	21
SKNSH_skew	[1.5,Inf)	non-cCRE	RARE	ins_9	3
SKNSH_skew	[1.5,Inf)	non-cCRE	SINGLETON	del_1	612
SKNSH_skew	[1.5,Inf)	non-cCRE	SINGLETON	del_10plus	121
SKNSH_skew	[1.5,Inf)	non-cCRE	SINGLETON	del_2	220
SKNSH_skew	[1.5,Inf)	non-cCRE	SINGLETON	del_3	62
SKNSH_skew	[1.5,Inf)	non-cCRE	SINGLETON	del_4	73
SKNSH_skew	[1.5,Inf)	non-cCRE	SINGLETON	del_5	29
SKNSH_skew	[1.5,Inf)	non-cCRE	SINGLETON	del_6	29
SKNSH_skew	[1.5,Inf)	non-cCRE	SINGLETON	del_7	13
SKNSH_skew	[1.5,Inf)	non-cCRE	SINGLETON	del_8	24
SKNSH_skew	[1.5,Inf)	non-cCRE	SINGLETON	del_9	21
SKNSH_skew	[1.5,Inf)	non-cCRE	SINGLETON	ins_1	145
SKNSH_skew	[1.5,Inf)	non-cCRE	SINGLETON	ins_10plus	419
SKNSH_skew	[1.5,Inf)	non-cCRE	SINGLETON	ins_2	163
SKNSH_skew	[1.5,Inf)	non-cCRE	SINGLETON	ins_3	46
SKNSH_skew	[1.5,Inf)	non-cCRE	SINGLETON	ins_4	98
SKNSH_skew	[1.5,Inf)	non-cCRE	SINGLETON	ins_5	36
SKNSH_skew	[1.5,Inf)	non-cCRE	SINGLETON	ins_6	163
SKNSH_skew	[1.5,Inf)	non-cCRE	SINGLETON	ins_7	23
SKNSH_skew	[1.5,Inf)	non-cCRE	SINGLETON	ins_8	38
SKNSH_skew	[1.5,Inf)	non-cCRE	SINGLETON	ins_9	10
SKNSH_skew	[1.5,Inf)	non-cCRE	ULTRARARE	del_1	351
SKNSH_skew	[1.5,Inf)	non-cCRE	ULTRARARE	del_10plus	67
SKNSH_skew	[1.5,Inf)	non-cCRE	ULTRARARE	del_2	135
SKNSH_skew	[1.5,Inf)	non-cCRE	ULTRARARE	del_3	34
SKNSH_skew	[1.5,Inf)	non-cCRE	ULTRARARE	del_4	56
SKNSH_skew	[1.5,Inf)	non-cCRE	ULTRARARE	del_5	12
SKNSH_skew	[1.5,Inf)	non-cCRE	ULTRARARE	del_6	15
SKNSH_skew	[1.5,Inf)	non-cCRE	ULTRARARE	del_7	8
SKNSH_skew	[1.5,Inf)	non-cCRE	ULTRARARE	del_8	17
SKNSH_skew	[1.5,Inf)	non-cCRE	ULTRARARE	del_9	9
SKNSH_skew	[1.5,Inf)	non-cCRE	ULTRARARE	ins_1	78
SKNSH_skew	[1.5,Inf)	non-cCRE	ULTRARARE	ins_10plus	335
SKNSH_skew	[1.5,Inf)	non-cCRE	ULTRARARE	ins_2	157
SKNSH_skew	[1.5,Inf)	non-cCRE	ULTRARARE	ins_3	35
SKNSH_skew	[1.5,Inf)	non-cCRE	ULTRARARE	ins_4	89
SKNSH_skew	[1.5,Inf)	non-cCRE	ULTRARARE	ins_5	19
SKNSH_skew	[1.5,Inf)	non-cCRE	ULTRARARE	ins_6	140
SKNSH_skew	[1.5,Inf)	non-cCRE	ULTRARARE	ins_7	12
SKNSH_skew	[1.5,Inf)	non-cCRE	ULTRARARE	ins_8	50
SKNSH_skew	[1.5,Inf)	non-cCRE	ULTRARARE	ins_9	12
SKNSH_skew	[1.5,Inf)	pELS	COMMON	del_2	1
SKNSH_skew	[1.5,Inf)	pELS	COMMON	ins_10plus	2
SKNSH_skew	[1.5,Inf)	pELS	COMMON	ins_2	1
SKNSH_skew	[1.5,Inf)	pELS	COMMON	ins_6	1
SKNSH_skew	[1.5,Inf)	pELS	LOW_FREQ	del_1	2
SKNSH_skew	[1.5,Inf)	pELS	LOW_FREQ	ins_10plus	4
SKNSH_skew	[1.5,Inf)	pELS	LOW_FREQ	ins_2	2
SKNSH_skew	[1.5,Inf)	pELS	LOW_FREQ	ins_3	1
SKNSH_skew	[1.5,Inf)	pELS	LOW_FREQ	ins_4	2
SKNSH_skew	[1.5,Inf)	pELS	LOW_FREQ	ins_6	1
SKNSH_skew	[1.5,Inf)	pELS	LOW_FREQ	ins_8	1
SKNSH_skew	[1.5,Inf)	pELS	RARE	del_1	7
SKNSH_skew	[1.5,Inf)	pELS	RARE	del_10plus	3
SKNSH_skew	[1.5,Inf)	pELS	RARE	del_2	3
SKNSH_skew	[1.5,Inf)	pELS	RARE	del_3	1
SKNSH_skew	[1.5,Inf)	pELS	RARE	del_4	1
SKNSH_skew	[1.5,Inf)	pELS	RARE	del_6	2
SKNSH_skew	[1.5,Inf)	pELS	RARE	ins_1	2
SKNSH_skew	[1.5,Inf)	pELS	RARE	ins_10plus	7
SKNSH_skew	[1.5,Inf)	pELS	RARE	ins_2	2
SKNSH_skew	[1.5,Inf)	pELS	RARE	ins_3	1
SKNSH_skew	[1.5,Inf)	pELS	RARE	ins_4	1
SKNSH_skew	[1.5,Inf)	pELS	RARE	ins_6	1
SKNSH_skew	[1.5,Inf)	pELS	RARE	ins_8	1
SKNSH_skew	[1.5,Inf)	pELS	SINGLETON	del_1	63
SKNSH_skew	[1.5,Inf)	pELS	SINGLETON	del_10plus	19
SKNSH_skew	[1.5,Inf)	pELS	SINGLETON	del_2	26
SKNSH_skew	[1.5,Inf)	pELS	SINGLETON	del_3	3
SKNSH_skew	[1.5,Inf)	pELS	SINGLETON	del_4	7
SKNSH_skew	[1.5,Inf)	pELS	SINGLETON	del_5	2
SKNSH_skew	[1.5,Inf)	pELS	SINGLETON	del_6	2
SKNSH_skew	[1.5,Inf)	pELS	SINGLETON	del_7	2
SKNSH_skew	[1.5,Inf)	pELS	SINGLETON	del_8	5
SKNSH_skew	[1.5,Inf)	pELS	SINGLETON	del_9	3
SKNSH_skew	[1.5,Inf)	pELS	SINGLETON	ins_1	27
SKNSH_skew	[1.5,Inf)	pELS	SINGLETON	ins_10plus	33
SKNSH_skew	[1.5,Inf)	pELS	SINGLETON	ins_2	15
SKNSH_skew	[1.5,Inf)	pELS	SINGLETON	ins_3	10
SKNSH_skew	[1.5,Inf)	pELS	SINGLETON	ins_4	4
SKNSH_skew	[1.5,Inf)	pELS	SINGLETON	ins_5	8
SKNSH_skew	[1.5,Inf)	pELS	SINGLETON	ins_6	21
SKNSH_skew	[1.5,Inf)	pELS	SINGLETON	ins_7	3
SKNSH_skew	[1.5,Inf)	pELS	SINGLETON	ins_8	5
SKNSH_skew	[1.5,Inf)	pELS	SINGLETON	ins_9	1
SKNSH_skew	[1.5,Inf)	pELS	ULTRARARE	del_1	38
SKNSH_skew	[1.5,Inf)	pELS	ULTRARARE	del_10plus	15
SKNSH_skew	[1.5,Inf)	pELS	ULTRARARE	del_2	23
SKNSH_skew	[1.5,Inf)	pELS	ULTRARARE	del_3	4
SKNSH_skew	[1.5,Inf)	pELS	ULTRARARE	del_4	6
SKNSH_skew	[1.5,Inf)	pELS	ULTRARARE	del_5	2
SKNSH_skew	[1.5,Inf)	pELS	ULTRARARE	del_6	4
SKNSH_skew	[1.5,Inf)	pELS	ULTRARARE	del_7	1
SKNSH_skew	[1.5,Inf)	pELS	ULTRARARE	del_8	1
SKNSH_skew	[1.5,Inf)	pELS	ULTRARARE	del_9	2
SKNSH_skew	[1.5,Inf)	pELS	ULTRARARE	ins_1	17
SKNSH_skew	[1.5,Inf)	pELS	ULTRARARE	ins_10plus	33
SKNSH_skew	[1.5,Inf)	pELS	ULTRARARE	ins_2	19
SKNSH_skew	[1.5,Inf)	pELS	ULTRARARE	ins_4	7
SKNSH_skew	[1.5,Inf)	pELS	ULTRARARE	ins_5	6
SKNSH_skew	[1.5,Inf)	pELS	ULTRARARE	ins_6	18
SKNSH_skew	[1.5,Inf)	pELS	ULTRARARE	ins_7	1
SKNSH_skew	[1.5,Inf)	pELS	ULTRARARE	ins_8	4
mean_skew	(-Inf,-1.5)	Other cCREs	COMMON	del_1	4
mean_skew	(-Inf,-1.5)	Other cCREs	COMMON	del_10plus	9
mean_skew	(-Inf,-1.5)	Other cCREs	COMMON	del_2	2
mean_skew	(-Inf,-1.5)	Other cCREs	COMMON	del_7	2
mean_skew	(-Inf,-1.5)	Other cCREs	COMMON	del_8	1
mean_skew	(-Inf,-1.5)	Other cCREs	COMMON	ins_1	3
mean_skew	(-Inf,-1.5)	Other cCREs	COMMON	ins_10plus	1
mean_skew	(-Inf,-1.5)	Other cCREs	LOW_FREQ	del_1	7
mean_skew	(-Inf,-1.5)	Other cCREs	LOW_FREQ	del_10plus	9
mean_skew	(-Inf,-1.5)	Other cCREs	LOW_FREQ	del_2	3
mean_skew	(-Inf,-1.5)	Other cCREs	LOW_FREQ	del_3	1
mean_skew	(-Inf,-1.5)	Other cCREs	LOW_FREQ	del_6	1
mean_skew	(-Inf,-1.5)	Other cCREs	LOW_FREQ	del_7	1
mean_skew	(-Inf,-1.5)	Other cCREs	LOW_FREQ	ins_1	1
mean_skew	(-Inf,-1.5)	Other cCREs	LOW_FREQ	ins_2	1
mean_skew	(-Inf,-1.5)	Other cCREs	RARE	del_1	12
mean_skew	(-Inf,-1.5)	Other cCREs	RARE	del_10plus	22
mean_skew	(-Inf,-1.5)	Other cCREs	RARE	del_2	7
mean_skew	(-Inf,-1.5)	Other cCREs	RARE	del_3	2
mean_skew	(-Inf,-1.5)	Other cCREs	RARE	del_5	1
mean_skew	(-Inf,-1.5)	Other cCREs	RARE	del_6	3
mean_skew	(-Inf,-1.5)	Other cCREs	RARE	del_8	2
mean_skew	(-Inf,-1.5)	Other cCREs	RARE	del_9	1
mean_skew	(-Inf,-1.5)	Other cCREs	RARE	ins_1	3
mean_skew	(-Inf,-1.5)	Other cCREs	RARE	ins_10plus	2
mean_skew	(-Inf,-1.5)	Other cCREs	RARE	ins_2	1
mean_skew	(-Inf,-1.5)	Other cCREs	SINGLETON	del_1	171
mean_skew	(-Inf,-1.5)	Other cCREs	SINGLETON	del_10plus	96
mean_skew	(-Inf,-1.5)	Other cCREs	SINGLETON	del_2	37
mean_skew	(-Inf,-1.5)	Other cCREs	SINGLETON	del_3	18
mean_skew	(-Inf,-1.5)	Other cCREs	SINGLETON	del_4	22
mean_skew	(-Inf,-1.5)	Other cCREs	SINGLETON	del_5	11
mean_skew	(-Inf,-1.5)	Other cCREs	SINGLETON	del_6	20
mean_skew	(-Inf,-1.5)	Other cCREs	SINGLETON	del_7	7
mean_skew	(-Inf,-1.5)	Other cCREs	SINGLETON	del_8	18
mean_skew	(-Inf,-1.5)	Other cCREs	SINGLETON	del_9	11
mean_skew	(-Inf,-1.5)	Other cCREs	SINGLETON	ins_1	32
mean_skew	(-Inf,-1.5)	Other cCREs	SINGLETON	ins_10plus	5
mean_skew	(-Inf,-1.5)	Other cCREs	SINGLETON	ins_2	10
mean_skew	(-Inf,-1.5)	Other cCREs	SINGLETON	ins_4	4
mean_skew	(-Inf,-1.5)	Other cCREs	SINGLETON	ins_5	5
mean_skew	(-Inf,-1.5)	Other cCREs	SINGLETON	ins_7	1
mean_skew	(-Inf,-1.5)	Other cCREs	ULTRARARE	del_1	105
mean_skew	(-Inf,-1.5)	Other cCREs	ULTRARARE	del_10plus	58
mean_skew	(-Inf,-1.5)	Other cCREs	ULTRARARE	del_2	21
mean_skew	(-Inf,-1.5)	Other cCREs	ULTRARARE	del_3	13
mean_skew	(-Inf,-1.5)	Other cCREs	ULTRARARE	del_4	22
mean_skew	(-Inf,-1.5)	Other cCREs	ULTRARARE	del_5	4
mean_skew	(-Inf,-1.5)	Other cCREs	ULTRARARE	del_6	10
mean_skew	(-Inf,-1.5)	Other cCREs	ULTRARARE	del_7	6
mean_skew	(-Inf,-1.5)	Other cCREs	ULTRARARE	del_8	5
mean_skew	(-Inf,-1.5)	Other cCREs	ULTRARARE	del_9	5
mean_skew	(-Inf,-1.5)	Other cCREs	ULTRARARE	ins_1	17
mean_skew	(-Inf,-1.5)	Other cCREs	ULTRARARE	ins_10plus	6
mean_skew	(-Inf,-1.5)	Other cCREs	ULTRARARE	ins_2	10
mean_skew	(-Inf,-1.5)	Other cCREs	ULTRARARE	ins_3	7
mean_skew	(-Inf,-1.5)	Other cCREs	ULTRARARE	ins_4	2
mean_skew	(-Inf,-1.5)	Other cCREs	ULTRARARE	ins_5	1
mean_skew	(-Inf,-1.5)	Other cCREs	ULTRARARE	ins_6	1
mean_skew	(-Inf,-1.5)	Other cCREs	ULTRARARE	ins_7	1
mean_skew	(-Inf,-1.5)	Other cCREs	ULTRARARE	ins_9	2
mean_skew	(-Inf,-1.5)	PLS	COMMON	del_1	3
mean_skew	(-Inf,-1.5)	PLS	COMMON	del_10plus	1
mean_skew	(-Inf,-1.5)	PLS	COMMON	del_4	1
mean_skew	(-Inf,-1.5)	PLS	COMMON	ins_7	1
mean_skew	(-Inf,-1.5)	PLS	LOW_FREQ	del_1	1
mean_skew	(-Inf,-1.5)	PLS	LOW_FREQ	del_10plus	3
mean_skew	(-Inf,-1.5)	PLS	LOW_FREQ	del_2	2
mean_skew	(-Inf,-1.5)	PLS	RARE	del_1	5
mean_skew	(-Inf,-1.5)	PLS	RARE	del_10plus	6
mean_skew	(-Inf,-1.5)	PLS	RARE	del_3	1
mean_skew	(-Inf,-1.5)	PLS	RARE	del_4	3
mean_skew	(-Inf,-1.5)	PLS	RARE	del_5	1
mean_skew	(-Inf,-1.5)	PLS	RARE	del_6	1
mean_skew	(-Inf,-1.5)	PLS	RARE	del_7	1
mean_skew	(-Inf,-1.5)	PLS	RARE	ins_1	2
mean_skew	(-Inf,-1.5)	PLS	RARE	ins_3	1
mean_skew	(-Inf,-1.5)	PLS	SINGLETON	del_1	91
mean_skew	(-Inf,-1.5)	PLS	SINGLETON	del_10plus	61
mean_skew	(-Inf,-1.5)	PLS	SINGLETON	del_2	22
mean_skew	(-Inf,-1.5)	PLS	SINGLETON	del_3	7
mean_skew	(-Inf,-1.5)	PLS	SINGLETON	del_4	5
mean_skew	(-Inf,-1.5)	PLS	SINGLETON	del_5	8
mean_skew	(-Inf,-1.5)	PLS	SINGLETON	del_6	5
mean_skew	(-Inf,-1.5)	PLS	SINGLETON	del_7	7
mean_skew	(-Inf,-1.5)	PLS	SINGLETON	del_8	5
mean_skew	(-Inf,-1.5)	PLS	SINGLETON	del_9	7
mean_skew	(-Inf,-1.5)	PLS	SINGLETON	ins_1	20
mean_skew	(-Inf,-1.5)	PLS	SINGLETON	ins_10plus	2
mean_skew	(-Inf,-1.5)	PLS	SINGLETON	ins_2	8
mean_skew	(-Inf,-1.5)	PLS	SINGLETON	ins_3	4
mean_skew	(-Inf,-1.5)	PLS	SINGLETON	ins_4	4
mean_skew	(-Inf,-1.5)	PLS	SINGLETON	ins_5	2
mean_skew	(-Inf,-1.5)	PLS	SINGLETON	ins_6	2
mean_skew	(-Inf,-1.5)	PLS	SINGLETON	ins_7	3
mean_skew	(-Inf,-1.5)	PLS	ULTRARARE	del_1	32
mean_skew	(-Inf,-1.5)	PLS	ULTRARARE	del_10plus	28
mean_skew	(-Inf,-1.5)	PLS	ULTRARARE	del_2	4
mean_skew	(-Inf,-1.5)	PLS	ULTRARARE	del_3	6
mean_skew	(-Inf,-1.5)	PLS	ULTRARARE	del_4	10
mean_skew	(-Inf,-1.5)	PLS	ULTRARARE	del_5	6
mean_skew	(-Inf,-1.5)	PLS	ULTRARARE	del_6	4
mean_skew	(-Inf,-1.5)	PLS	ULTRARARE	del_7	3
mean_skew	(-Inf,-1.5)	PLS	ULTRARARE	del_8	5
mean_skew	(-Inf,-1.5)	PLS	ULTRARARE	del_9	2
mean_skew	(-Inf,-1.5)	PLS	ULTRARARE	ins_1	11
mean_skew	(-Inf,-1.5)	PLS	ULTRARARE	ins_2	11
mean_skew	(-Inf,-1.5)	PLS	ULTRARARE	ins_3	2
mean_skew	(-Inf,-1.5)	PLS	ULTRARARE	ins_4	4
mean_skew	(-Inf,-1.5)	PLS	ULTRARARE	ins_7	3
mean_skew	(-Inf,-1.5)	dELS	COMMON	del_1	13
mean_skew	(-Inf,-1.5)	dELS	COMMON	del_10plus	23
mean_skew	(-Inf,-1.5)	dELS	COMMON	del_2	6
mean_skew	(-Inf,-1.5)	dELS	COMMON	del_3	1
mean_skew	(-Inf,-1.5)	dELS	COMMON	del_4	6
mean_skew	(-Inf,-1.5)	dELS	COMMON	del_5	2
mean_skew	(-Inf,-1.5)	dELS	COMMON	del_6	4
mean_skew	(-Inf,-1.5)	dELS	COMMON	del_7	3
mean_skew	(-Inf,-1.5)	dELS	COMMON	del_8	2
mean_skew	(-Inf,-1.5)	dELS	COMMON	del_9	1
mean_skew	(-Inf,-1.5)	dELS	COMMON	ins_1	4
mean_skew	(-Inf,-1.5)	dELS	COMMON	ins_2	1
mean_skew	(-Inf,-1.5)	dELS	COMMON	ins_3	1
mean_skew	(-Inf,-1.5)	dELS	LOW_FREQ	del_1	20
mean_skew	(-Inf,-1.5)	dELS	LOW_FREQ	del_10plus	22
mean_skew	(-Inf,-1.5)	dELS	LOW_FREQ	del_2	6
mean_skew	(-Inf,-1.5)	dELS	LOW_FREQ	del_3	5
mean_skew	(-Inf,-1.5)	dELS	LOW_FREQ	del_4	2
mean_skew	(-Inf,-1.5)	dELS	LOW_FREQ	del_5	3
mean_skew	(-Inf,-1.5)	dELS	LOW_FREQ	del_6	2
mean_skew	(-Inf,-1.5)	dELS	LOW_FREQ	del_7	2
mean_skew	(-Inf,-1.5)	dELS	LOW_FREQ	del_8	7
mean_skew	(-Inf,-1.5)	dELS	LOW_FREQ	del_9	4
mean_skew	(-Inf,-1.5)	dELS	LOW_FREQ	ins_1	4
mean_skew	(-Inf,-1.5)	dELS	LOW_FREQ	ins_2	3
mean_skew	(-Inf,-1.5)	dELS	LOW_FREQ	ins_4	1
mean_skew	(-Inf,-1.5)	dELS	LOW_FREQ	ins_5	1
mean_skew	(-Inf,-1.5)	dELS	LOW_FREQ	ins_8	1
mean_skew	(-Inf,-1.5)	dELS	RARE	del_1	48
mean_skew	(-Inf,-1.5)	dELS	RARE	del_10plus	47
mean_skew	(-Inf,-1.5)	dELS	RARE	del_2	15
mean_skew	(-Inf,-1.5)	dELS	RARE	del_3	8
mean_skew	(-Inf,-1.5)	dELS	RARE	del_4	13
mean_skew	(-Inf,-1.5)	dELS	RARE	del_5	2
mean_skew	(-Inf,-1.5)	dELS	RARE	del_6	5
mean_skew	(-Inf,-1.5)	dELS	RARE	del_7	6
mean_skew	(-Inf,-1.5)	dELS	RARE	del_8	3
mean_skew	(-Inf,-1.5)	dELS	RARE	del_9	3
mean_skew	(-Inf,-1.5)	dELS	RARE	ins_1	14
mean_skew	(-Inf,-1.5)	dELS	RARE	ins_10plus	1
mean_skew	(-Inf,-1.5)	dELS	RARE	ins_2	5
mean_skew	(-Inf,-1.5)	dELS	RARE	ins_3	3
mean_skew	(-Inf,-1.5)	dELS	RARE	ins_4	4
mean_skew	(-Inf,-1.5)	dELS	RARE	ins_5	1
mean_skew	(-Inf,-1.5)	dELS	RARE	ins_7	2
mean_skew	(-Inf,-1.5)	dELS	SINGLETON	del_1	569
mean_skew	(-Inf,-1.5)	dELS	SINGLETON	del_10plus	266
mean_skew	(-Inf,-1.5)	dELS	SINGLETON	del_2	144
mean_skew	(-Inf,-1.5)	dELS	SINGLETON	del_3	73
mean_skew	(-Inf,-1.5)	dELS	SINGLETON	del_4	90
mean_skew	(-Inf,-1.5)	dELS	SINGLETON	del_5	53
mean_skew	(-Inf,-1.5)	dELS	SINGLETON	del_6	64
mean_skew	(-Inf,-1.5)	dELS	SINGLETON	del_7	35
mean_skew	(-Inf,-1.5)	dELS	SINGLETON	del_8	37
mean_skew	(-Inf,-1.5)	dELS	SINGLETON	del_9	27
mean_skew	(-Inf,-1.5)	dELS	SINGLETON	ins_1	123
mean_skew	(-Inf,-1.5)	dELS	SINGLETON	ins_10plus	12
mean_skew	(-Inf,-1.5)	dELS	SINGLETON	ins_2	49
mean_skew	(-Inf,-1.5)	dELS	SINGLETON	ins_3	16
mean_skew	(-Inf,-1.5)	dELS	SINGLETON	ins_4	21
mean_skew	(-Inf,-1.5)	dELS	SINGLETON	ins_5	8
mean_skew	(-Inf,-1.5)	dELS	SINGLETON	ins_6	9
mean_skew	(-Inf,-1.5)	dELS	SINGLETON	ins_7	2
mean_skew	(-Inf,-1.5)	dELS	SINGLETON	ins_8	3
mean_skew	(-Inf,-1.5)	dELS	SINGLETON	ins_9	2
mean_skew	(-Inf,-1.5)	dELS	ULTRARARE	del_1	325
mean_skew	(-Inf,-1.5)	dELS	ULTRARARE	del_10plus	173
mean_skew	(-Inf,-1.5)	dELS	ULTRARARE	del_2	78
mean_skew	(-Inf,-1.5)	dELS	ULTRARARE	del_3	56
mean_skew	(-Inf,-1.5)	dELS	ULTRARARE	del_4	45
mean_skew	(-Inf,-1.5)	dELS	ULTRARARE	del_5	19
mean_skew	(-Inf,-1.5)	dELS	ULTRARARE	del_6	37
mean_skew	(-Inf,-1.5)	dELS	ULTRARARE	del_7	21
mean_skew	(-Inf,-1.5)	dELS	ULTRARARE	del_8	16
mean_skew	(-Inf,-1.5)	dELS	ULTRARARE	del_9	9
mean_skew	(-Inf,-1.5)	dELS	ULTRARARE	ins_1	67
mean_skew	(-Inf,-1.5)	dELS	ULTRARARE	ins_10plus	13
mean_skew	(-Inf,-1.5)	dELS	ULTRARARE	ins_2	26
mean_skew	(-Inf,-1.5)	dELS	ULTRARARE	ins_3	12
mean_skew	(-Inf,-1.5)	dELS	ULTRARARE	ins_4	14
mean_skew	(-Inf,-1.5)	dELS	ULTRARARE	ins_5	7
mean_skew	(-Inf,-1.5)	dELS	ULTRARARE	ins_6	4
mean_skew	(-Inf,-1.5)	dELS	ULTRARARE	ins_7	1
mean_skew	(-Inf,-1.5)	dELS	ULTRARARE	ins_8	7
mean_skew	(-Inf,-1.5)	dELS	ULTRARARE	ins_9	3
mean_skew	(-Inf,-1.5)	non-cCRE	COMMON	del_1	19
mean_skew	(-Inf,-1.5)	non-cCRE	COMMON	del_10plus	21
mean_skew	(-Inf,-1.5)	non-cCRE	COMMON	del_2	10
mean_skew	(-Inf,-1.5)	non-cCRE	COMMON	del_3	2
mean_skew	(-Inf,-1.5)	non-cCRE	COMMON	del_4	7
mean_skew	(-Inf,-1.5)	non-cCRE	COMMON	del_5	1
mean_skew	(-Inf,-1.5)	non-cCRE	COMMON	del_6	6
mean_skew	(-Inf,-1.5)	non-cCRE	COMMON	del_7	1
mean_skew	(-Inf,-1.5)	non-cCRE	COMMON	del_8	1
mean_skew	(-Inf,-1.5)	non-cCRE	COMMON	del_9	2
mean_skew	(-Inf,-1.5)	non-cCRE	COMMON	ins_1	8
mean_skew	(-Inf,-1.5)	non-cCRE	COMMON	ins_10plus	2
mean_skew	(-Inf,-1.5)	non-cCRE	COMMON	ins_2	2
mean_skew	(-Inf,-1.5)	non-cCRE	COMMON	ins_3	4
mean_skew	(-Inf,-1.5)	non-cCRE	COMMON	ins_4	1
mean_skew	(-Inf,-1.5)	non-cCRE	COMMON	ins_5	2
mean_skew	(-Inf,-1.5)	non-cCRE	COMMON	ins_9	1
mean_skew	(-Inf,-1.5)	non-cCRE	LOW_FREQ	del_1	24
mean_skew	(-Inf,-1.5)	non-cCRE	LOW_FREQ	del_10plus	21
mean_skew	(-Inf,-1.5)	non-cCRE	LOW_FREQ	del_2	6
mean_skew	(-Inf,-1.5)	non-cCRE	LOW_FREQ	del_3	4
mean_skew	(-Inf,-1.5)	non-cCRE	LOW_FREQ	del_4	3
mean_skew	(-Inf,-1.5)	non-cCRE	LOW_FREQ	del_5	1
mean_skew	(-Inf,-1.5)	non-cCRE	LOW_FREQ	del_6	2
mean_skew	(-Inf,-1.5)	non-cCRE	LOW_FREQ	del_7	2
mean_skew	(-Inf,-1.5)	non-cCRE	LOW_FREQ	del_8	1
mean_skew	(-Inf,-1.5)	non-cCRE	LOW_FREQ	ins_1	5
mean_skew	(-Inf,-1.5)	non-cCRE	LOW_FREQ	ins_10plus	1
mean_skew	(-Inf,-1.5)	non-cCRE	LOW_FREQ	ins_2	8
mean_skew	(-Inf,-1.5)	non-cCRE	LOW_FREQ	ins_3	2
mean_skew	(-Inf,-1.5)	non-cCRE	LOW_FREQ	ins_4	1
mean_skew	(-Inf,-1.5)	non-cCRE	LOW_FREQ	ins_5	1
mean_skew	(-Inf,-1.5)	non-cCRE	LOW_FREQ	ins_6	2
mean_skew	(-Inf,-1.5)	non-cCRE	RARE	del_1	58
mean_skew	(-Inf,-1.5)	non-cCRE	RARE	del_10plus	34
mean_skew	(-Inf,-1.5)	non-cCRE	RARE	del_2	17
mean_skew	(-Inf,-1.5)	non-cCRE	RARE	del_3	7
mean_skew	(-Inf,-1.5)	non-cCRE	RARE	del_4	7
mean_skew	(-Inf,-1.5)	non-cCRE	RARE	del_6	4
mean_skew	(-Inf,-1.5)	non-cCRE	RARE	del_7	1
mean_skew	(-Inf,-1.5)	non-cCRE	RARE	del_8	3
mean_skew	(-Inf,-1.5)	non-cCRE	RARE	del_9	4
mean_skew	(-Inf,-1.5)	non-cCRE	RARE	ins_1	10
mean_skew	(-Inf,-1.5)	non-cCRE	RARE	ins_10plus	4
mean_skew	(-Inf,-1.5)	non-cCRE	RARE	ins_2	10
mean_skew	(-Inf,-1.5)	non-cCRE	RARE	ins_3	2
mean_skew	(-Inf,-1.5)	non-cCRE	RARE	ins_4	7
mean_skew	(-Inf,-1.5)	non-cCRE	RARE	ins_5	1
mean_skew	(-Inf,-1.5)	non-cCRE	RARE	ins_6	1
mean_skew	(-Inf,-1.5)	non-cCRE	RARE	ins_7	1
mean_skew	(-Inf,-1.5)	non-cCRE	RARE	ins_8	2
mean_skew	(-Inf,-1.5)	non-cCRE	RARE	ins_9	2
mean_skew	(-Inf,-1.5)	non-cCRE	SINGLETON	del_1	734
mean_skew	(-Inf,-1.5)	non-cCRE	SINGLETON	del_10plus	287
mean_skew	(-Inf,-1.5)	non-cCRE	SINGLETON	del_2	141
mean_skew	(-Inf,-1.5)	non-cCRE	SINGLETON	del_3	86
mean_skew	(-Inf,-1.5)	non-cCRE	SINGLETON	del_4	87
mean_skew	(-Inf,-1.5)	non-cCRE	SINGLETON	del_5	51
mean_skew	(-Inf,-1.5)	non-cCRE	SINGLETON	del_6	59
mean_skew	(-Inf,-1.5)	non-cCRE	SINGLETON	del_7	32
mean_skew	(-Inf,-1.5)	non-cCRE	SINGLETON	del_8	47
mean_skew	(-Inf,-1.5)	non-cCRE	SINGLETON	del_9	45
mean_skew	(-Inf,-1.5)	non-cCRE	SINGLETON	ins_1	134
mean_skew	(-Inf,-1.5)	non-cCRE	SINGLETON	ins_10plus	19
mean_skew	(-Inf,-1.5)	non-cCRE	SINGLETON	ins_2	79
mean_skew	(-Inf,-1.5)	non-cCRE	SINGLETON	ins_3	31
mean_skew	(-Inf,-1.5)	non-cCRE	SINGLETON	ins_4	37
mean_skew	(-Inf,-1.5)	non-cCRE	SINGLETON	ins_5	17
mean_skew	(-Inf,-1.5)	non-cCRE	SINGLETON	ins_6	11
mean_skew	(-Inf,-1.5)	non-cCRE	SINGLETON	ins_7	8
mean_skew	(-Inf,-1.5)	non-cCRE	SINGLETON	ins_8	2
mean_skew	(-Inf,-1.5)	non-cCRE	SINGLETON	ins_9	6
mean_skew	(-Inf,-1.5)	non-cCRE	ULTRARARE	del_1	395
mean_skew	(-Inf,-1.5)	non-cCRE	ULTRARARE	del_10plus	176
mean_skew	(-Inf,-1.5)	non-cCRE	ULTRARARE	del_2	75
mean_skew	(-Inf,-1.5)	non-cCRE	ULTRARARE	del_3	46
mean_skew	(-Inf,-1.5)	non-cCRE	ULTRARARE	del_4	56
mean_skew	(-Inf,-1.5)	non-cCRE	ULTRARARE	del_5	22
mean_skew	(-Inf,-1.5)	non-cCRE	ULTRARARE	del_6	47
mean_skew	(-Inf,-1.5)	non-cCRE	ULTRARARE	del_7	25
mean_skew	(-Inf,-1.5)	non-cCRE	ULTRARARE	del_8	30
mean_skew	(-Inf,-1.5)	non-cCRE	ULTRARARE	del_9	19
mean_skew	(-Inf,-1.5)	non-cCRE	ULTRARARE	ins_1	88
mean_skew	(-Inf,-1.5)	non-cCRE	ULTRARARE	ins_10plus	17
mean_skew	(-Inf,-1.5)	non-cCRE	ULTRARARE	ins_2	46
mean_skew	(-Inf,-1.5)	non-cCRE	ULTRARARE	ins_3	18
mean_skew	(-Inf,-1.5)	non-cCRE	ULTRARARE	ins_4	22
mean_skew	(-Inf,-1.5)	non-cCRE	ULTRARARE	ins_5	4
mean_skew	(-Inf,-1.5)	non-cCRE	ULTRARARE	ins_6	8
mean_skew	(-Inf,-1.5)	non-cCRE	ULTRARARE	ins_7	2
mean_skew	(-Inf,-1.5)	non-cCRE	ULTRARARE	ins_8	3
mean_skew	(-Inf,-1.5)	non-cCRE	ULTRARARE	ins_9	1
mean_skew	(-Inf,-1.5)	pELS	COMMON	del_10plus	2
mean_skew	(-Inf,-1.5)	pELS	COMMON	del_2	2
mean_skew	(-Inf,-1.5)	pELS	COMMON	ins_10plus	1
mean_skew	(-Inf,-1.5)	pELS	COMMON	ins_2	1
mean_skew	(-Inf,-1.5)	pELS	LOW_FREQ	del_1	3
mean_skew	(-Inf,-1.5)	pELS	LOW_FREQ	del_10plus	5
mean_skew	(-Inf,-1.5)	pELS	LOW_FREQ	del_6	2
mean_skew	(-Inf,-1.5)	pELS	LOW_FREQ	del_8	1
mean_skew	(-Inf,-1.5)	pELS	LOW_FREQ	ins_10plus	1
mean_skew	(-Inf,-1.5)	pELS	LOW_FREQ	ins_4	1
mean_skew	(-Inf,-1.5)	pELS	RARE	del_1	9
mean_skew	(-Inf,-1.5)	pELS	RARE	del_10plus	6
mean_skew	(-Inf,-1.5)	pELS	RARE	del_2	2
mean_skew	(-Inf,-1.5)	pELS	RARE	del_3	3
mean_skew	(-Inf,-1.5)	pELS	RARE	del_4	1
mean_skew	(-Inf,-1.5)	pELS	RARE	del_5	1
mean_skew	(-Inf,-1.5)	pELS	RARE	del_6	2
mean_skew	(-Inf,-1.5)	pELS	RARE	del_7	1
mean_skew	(-Inf,-1.5)	pELS	RARE	del_9	1
mean_skew	(-Inf,-1.5)	pELS	RARE	ins_1	2
mean_skew	(-Inf,-1.5)	pELS	RARE	ins_10plus	4
mean_skew	(-Inf,-1.5)	pELS	RARE	ins_2	2
mean_skew	(-Inf,-1.5)	pELS	RARE	ins_3	1
mean_skew	(-Inf,-1.5)	pELS	RARE	ins_5	1
mean_skew	(-Inf,-1.5)	pELS	SINGLETON	del_1	92
mean_skew	(-Inf,-1.5)	pELS	SINGLETON	del_10plus	60
mean_skew	(-Inf,-1.5)	pELS	SINGLETON	del_2	25
mean_skew	(-Inf,-1.5)	pELS	SINGLETON	del_3	7
mean_skew	(-Inf,-1.5)	pELS	SINGLETON	del_4	12
mean_skew	(-Inf,-1.5)	pELS	SINGLETON	del_5	8
mean_skew	(-Inf,-1.5)	pELS	SINGLETON	del_6	12
mean_skew	(-Inf,-1.5)	pELS	SINGLETON	del_7	11
mean_skew	(-Inf,-1.5)	pELS	SINGLETON	del_8	8
mean_skew	(-Inf,-1.5)	pELS	SINGLETON	del_9	3
mean_skew	(-Inf,-1.5)	pELS	SINGLETON	ins_1	24
mean_skew	(-Inf,-1.5)	pELS	SINGLETON	ins_10plus	2
mean_skew	(-Inf,-1.5)	pELS	SINGLETON	ins_2	9
mean_skew	(-Inf,-1.5)	pELS	SINGLETON	ins_3	4
mean_skew	(-Inf,-1.5)	pELS	SINGLETON	ins_4	4
mean_skew	(-Inf,-1.5)	pELS	SINGLETON	ins_5	4
mean_skew	(-Inf,-1.5)	pELS	SINGLETON	ins_6	1
mean_skew	(-Inf,-1.5)	pELS	SINGLETON	ins_7	1
mean_skew	(-Inf,-1.5)	pELS	SINGLETON	ins_8	1
mean_skew	(-Inf,-1.5)	pELS	SINGLETON	ins_9	2
mean_skew	(-Inf,-1.5)	pELS	ULTRARARE	del_1	55
mean_skew	(-Inf,-1.5)	pELS	ULTRARARE	del_10plus	41
mean_skew	(-Inf,-1.5)	pELS	ULTRARARE	del_2	13
mean_skew	(-Inf,-1.5)	pELS	ULTRARARE	del_3	4
mean_skew	(-Inf,-1.5)	pELS	ULTRARARE	del_4	6
mean_skew	(-Inf,-1.5)	pELS	ULTRARARE	del_6	8
mean_skew	(-Inf,-1.5)	pELS	ULTRARARE	del_7	3
mean_skew	(-Inf,-1.5)	pELS	ULTRARARE	del_8	4
mean_skew	(-Inf,-1.5)	pELS	ULTRARARE	del_9	7
mean_skew	(-Inf,-1.5)	pELS	ULTRARARE	ins_1	13
mean_skew	(-Inf,-1.5)	pELS	ULTRARARE	ins_10plus	5
mean_skew	(-Inf,-1.5)	pELS	ULTRARARE	ins_2	5
mean_skew	(-Inf,-1.5)	pELS	ULTRARARE	ins_3	2
mean_skew	(-Inf,-1.5)	pELS	ULTRARARE	ins_6	1
mean_skew	(-Inf,-1.5)	pELS	ULTRARARE	ins_8	1
mean_skew	[-0.05,0.05)	Other cCREs	COMMON	del_1	22295
mean_skew	[-0.05,0.05)	Other cCREs	COMMON	del_10plus	3768
mean_skew	[-0.05,0.05)	Other cCREs	COMMON	del_2	12781
mean_skew	[-0.05,0.05)	Other cCREs	COMMON	del_3	3998
mean_skew	[-0.05,0.05)	Other cCREs	COMMON	del_4	11056
mean_skew	[-0.05,0.05)	Other cCREs	COMMON	del_5	1496
mean_skew	[-0.05,0.05)	Other cCREs	COMMON	del_6	2492
mean_skew	[-0.05,0.05)	Other cCREs	COMMON	del_7	535
mean_skew	[-0.05,0.05)	Other cCREs	COMMON	del_8	3864
mean_skew	[-0.05,0.05)	Other cCREs	COMMON	del_9	323
mean_skew	[-0.05,0.05)	Other cCREs	COMMON	ins_1	24509
mean_skew	[-0.05,0.05)	Other cCREs	COMMON	ins_10plus	3038
mean_skew	[-0.05,0.05)	Other cCREs	COMMON	ins_2	13447
mean_skew	[-0.05,0.05)	Other cCREs	COMMON	ins_3	3301
mean_skew	[-0.05,0.05)	Other cCREs	COMMON	ins_4	10402
mean_skew	[-0.05,0.05)	Other cCREs	COMMON	ins_5	1292
mean_skew	[-0.05,0.05)	Other cCREs	COMMON	ins_6	2855
mean_skew	[-0.05,0.05)	Other cCREs	COMMON	ins_7	520
mean_skew	[-0.05,0.05)	Other cCREs	COMMON	ins_8	4200
mean_skew	[-0.05,0.05)	Other cCREs	COMMON	ins_9	309
mean_skew	[-0.05,0.05)	Other cCREs	LOW_FREQ	del_1	19476
mean_skew	[-0.05,0.05)	Other cCREs	LOW_FREQ	del_10plus	3917
mean_skew	[-0.05,0.05)	Other cCREs	LOW_FREQ	del_2	11002
mean_skew	[-0.05,0.05)	Other cCREs	LOW_FREQ	del_3	4874
mean_skew	[-0.05,0.05)	Other cCREs	LOW_FREQ	del_4	7866
mean_skew	[-0.05,0.05)	Other cCREs	LOW_FREQ	del_5	1751
mean_skew	[-0.05,0.05)	Other cCREs	LOW_FREQ	del_6	2072
mean_skew	[-0.05,0.05)	Other cCREs	LOW_FREQ	del_7	728
mean_skew	[-0.05,0.05)	Other cCREs	LOW_FREQ	del_8	2527
mean_skew	[-0.05,0.05)	Other cCREs	LOW_FREQ	del_9	425
mean_skew	[-0.05,0.05)	Other cCREs	LOW_FREQ	ins_1	17870
mean_skew	[-0.05,0.05)	Other cCREs	LOW_FREQ	ins_10plus	4676
mean_skew	[-0.05,0.05)	Other cCREs	LOW_FREQ	ins_2	9350
mean_skew	[-0.05,0.05)	Other cCREs	LOW_FREQ	ins_3	3361
mean_skew	[-0.05,0.05)	Other cCREs	LOW_FREQ	ins_4	5852
mean_skew	[-0.05,0.05)	Other cCREs	LOW_FREQ	ins_5	1492
mean_skew	[-0.05,0.05)	Other cCREs	LOW_FREQ	ins_6	2650
mean_skew	[-0.05,0.05)	Other cCREs	LOW_FREQ	ins_7	784
mean_skew	[-0.05,0.05)	Other cCREs	LOW_FREQ	ins_8	3316
mean_skew	[-0.05,0.05)	Other cCREs	LOW_FREQ	ins_9	522
mean_skew	[-0.05,0.05)	Other cCREs	RARE	del_1	36295
mean_skew	[-0.05,0.05)	Other cCREs	RARE	del_10plus	6759
mean_skew	[-0.05,0.05)	Other cCREs	RARE	del_2	23652
mean_skew	[-0.05,0.05)	Other cCREs	RARE	del_3	11505
mean_skew	[-0.05,0.05)	Other cCREs	RARE	del_4	16118
mean_skew	[-0.05,0.05)	Other cCREs	RARE	del_5	4106
mean_skew	[-0.05,0.05)	Other cCREs	RARE	del_6	3693
mean_skew	[-0.05,0.05)	Other cCREs	RARE	del_7	1688
mean_skew	[-0.05,0.05)	Other cCREs	RARE	del_8	3289
mean_skew	[-0.05,0.05)	Other cCREs	RARE	del_9	895
mean_skew	[-0.05,0.05)	Other cCREs	RARE	ins_1	30363
mean_skew	[-0.05,0.05)	Other cCREs	RARE	ins_10plus	7579
mean_skew	[-0.05,0.05)	Other cCREs	RARE	ins_2	13870
mean_skew	[-0.05,0.05)	Other cCREs	RARE	ins_3	5708
mean_skew	[-0.05,0.05)	Other cCREs	RARE	ins_4	8788
mean_skew	[-0.05,0.05)	Other cCREs	RARE	ins_5	2956
mean_skew	[-0.05,0.05)	Other cCREs	RARE	ins_6	3725
mean_skew	[-0.05,0.05)	Other cCREs	RARE	ins_7	1738
mean_skew	[-0.05,0.05)	Other cCREs	RARE	ins_8	4157
mean_skew	[-0.05,0.05)	Other cCREs	RARE	ins_9	1039
mean_skew	[-0.05,0.05)	Other cCREs	SINGLETON	del_1	286663
mean_skew	[-0.05,0.05)	Other cCREs	SINGLETON	del_10plus	21462
mean_skew	[-0.05,0.05)	Other cCREs	SINGLETON	del_2	113786
mean_skew	[-0.05,0.05)	Other cCREs	SINGLETON	del_3	63441
mean_skew	[-0.05,0.05)	Other cCREs	SINGLETON	del_4	59103
mean_skew	[-0.05,0.05)	Other cCREs	SINGLETON	del_5	21985
mean_skew	[-0.05,0.05)	Other cCREs	SINGLETON	del_6	13471
mean_skew	[-0.05,0.05)	Other cCREs	SINGLETON	del_7	8133
mean_skew	[-0.05,0.05)	Other cCREs	SINGLETON	del_8	8318
mean_skew	[-0.05,0.05)	Other cCREs	SINGLETON	del_9	4569
mean_skew	[-0.05,0.05)	Other cCREs	SINGLETON	ins_1	146619
mean_skew	[-0.05,0.05)	Other cCREs	SINGLETON	ins_10plus	18324
mean_skew	[-0.05,0.05)	Other cCREs	SINGLETON	ins_2	42795
mean_skew	[-0.05,0.05)	Other cCREs	SINGLETON	ins_3	20769
mean_skew	[-0.05,0.05)	Other cCREs	SINGLETON	ins_4	29363
mean_skew	[-0.05,0.05)	Other cCREs	SINGLETON	ins_5	9766
mean_skew	[-0.05,0.05)	Other cCREs	SINGLETON	ins_6	9363
mean_skew	[-0.05,0.05)	Other cCREs	SINGLETON	ins_7	5762
mean_skew	[-0.05,0.05)	Other cCREs	SINGLETON	ins_8	9906
mean_skew	[-0.05,0.05)	Other cCREs	SINGLETON	ins_9	3510
mean_skew	[-0.05,0.05)	Other cCREs	ULTRARARE	del_1	175147
mean_skew	[-0.05,0.05)	Other cCREs	ULTRARARE	del_10plus	18073
mean_skew	[-0.05,0.05)	Other cCREs	ULTRARARE	del_2	88926
mean_skew	[-0.05,0.05)	Other cCREs	ULTRARARE	del_3	51120
mean_skew	[-0.05,0.05)	Other cCREs	ULTRARARE	del_4	57684
mean_skew	[-0.05,0.05)	Other cCREs	ULTRARARE	del_5	17477
mean_skew	[-0.05,0.05)	Other cCREs	ULTRARARE	del_6	11214
mean_skew	[-0.05,0.05)	Other cCREs	ULTRARARE	del_7	5674
mean_skew	[-0.05,0.05)	Other cCREs	ULTRARARE	del_8	7631
mean_skew	[-0.05,0.05)	Other cCREs	ULTRARARE	del_9	3266
mean_skew	[-0.05,0.05)	Other cCREs	ULTRARARE	ins_1	110549
mean_skew	[-0.05,0.05)	Other cCREs	ULTRARARE	ins_10plus	15968
mean_skew	[-0.05,0.05)	Other cCREs	ULTRARARE	ins_2	35807
mean_skew	[-0.05,0.05)	Other cCREs	ULTRARARE	ins_3	15724
mean_skew	[-0.05,0.05)	Other cCREs	ULTRARARE	ins_4	23187
mean_skew	[-0.05,0.05)	Other cCREs	ULTRARARE	ins_5	7966
mean_skew	[-0.05,0.05)	Other cCREs	ULTRARARE	ins_6	8153
mean_skew	[-0.05,0.05)	Other cCREs	ULTRARARE	ins_7	4636
mean_skew	[-0.05,0.05)	Other cCREs	ULTRARARE	ins_8	8619
mean_skew	[-0.05,0.05)	Other cCREs	ULTRARARE	ins_9	2719
mean_skew	[-0.05,0.05)	PLS	COMMON	del_1	822
mean_skew	[-0.05,0.05)	PLS	COMMON	del_10plus	122
mean_skew	[-0.05,0.05)	PLS	COMMON	del_2	399
mean_skew	[-0.05,0.05)	PLS	COMMON	del_3	119
mean_skew	[-0.05,0.05)	PLS	COMMON	del_4	167
mean_skew	[-0.05,0.05)	PLS	COMMON	del_5	43
mean_skew	[-0.05,0.05)	PLS	COMMON	del_6	82
mean_skew	[-0.05,0.05)	PLS	COMMON	del_7	16
mean_skew	[-0.05,0.05)	PLS	COMMON	del_8	60
mean_skew	[-0.05,0.05)	PLS	COMMON	del_9	11
mean_skew	[-0.05,0.05)	PLS	COMMON	ins_1	975
mean_skew	[-0.05,0.05)	PLS	COMMON	ins_10plus	121
mean_skew	[-0.05,0.05)	PLS	COMMON	ins_2	489
mean_skew	[-0.05,0.05)	PLS	COMMON	ins_3	163
mean_skew	[-0.05,0.05)	PLS	COMMON	ins_4	169
mean_skew	[-0.05,0.05)	PLS	COMMON	ins_5	58
mean_skew	[-0.05,0.05)	PLS	COMMON	ins_6	139
mean_skew	[-0.05,0.05)	PLS	COMMON	ins_7	30
mean_skew	[-0.05,0.05)	PLS	COMMON	ins_8	66
mean_skew	[-0.05,0.05)	PLS	COMMON	ins_9	14
mean_skew	[-0.05,0.05)	PLS	LOW_FREQ	del_1	682
mean_skew	[-0.05,0.05)	PLS	LOW_FREQ	del_10plus	151
mean_skew	[-0.05,0.05)	PLS	LOW_FREQ	del_2	336
mean_skew	[-0.05,0.05)	PLS	LOW_FREQ	del_3	139
mean_skew	[-0.05,0.05)	PLS	LOW_FREQ	del_4	144
mean_skew	[-0.05,0.05)	PLS	LOW_FREQ	del_5	41
mean_skew	[-0.05,0.05)	PLS	LOW_FREQ	del_6	71
mean_skew	[-0.05,0.05)	PLS	LOW_FREQ	del_7	23
mean_skew	[-0.05,0.05)	PLS	LOW_FREQ	del_8	52
mean_skew	[-0.05,0.05)	PLS	LOW_FREQ	del_9	22
mean_skew	[-0.05,0.05)	PLS	LOW_FREQ	ins_1	762
mean_skew	[-0.05,0.05)	PLS	LOW_FREQ	ins_10plus	183
mean_skew	[-0.05,0.05)	PLS	LOW_FREQ	ins_2	323
mean_skew	[-0.05,0.05)	PLS	LOW_FREQ	ins_3	173
mean_skew	[-0.05,0.05)	PLS	LOW_FREQ	ins_4	160
mean_skew	[-0.05,0.05)	PLS	LOW_FREQ	ins_5	90
mean_skew	[-0.05,0.05)	PLS	LOW_FREQ	ins_6	155
mean_skew	[-0.05,0.05)	PLS	LOW_FREQ	ins_7	40
mean_skew	[-0.05,0.05)	PLS	LOW_FREQ	ins_8	57
mean_skew	[-0.05,0.05)	PLS	LOW_FREQ	ins_9	37
mean_skew	[-0.05,0.05)	PLS	RARE	del_1	1470
mean_skew	[-0.05,0.05)	PLS	RARE	del_10plus	281
mean_skew	[-0.05,0.05)	PLS	RARE	del_2	722
mean_skew	[-0.05,0.05)	PLS	RARE	del_3	356
mean_skew	[-0.05,0.05)	PLS	RARE	del_4	330
mean_skew	[-0.05,0.05)	PLS	RARE	del_5	110
mean_skew	[-0.05,0.05)	PLS	RARE	del_6	147
mean_skew	[-0.05,0.05)	PLS	RARE	del_7	48
mean_skew	[-0.05,0.05)	PLS	RARE	del_8	83
mean_skew	[-0.05,0.05)	PLS	RARE	del_9	58
mean_skew	[-0.05,0.05)	PLS	RARE	ins_1	1476
mean_skew	[-0.05,0.05)	PLS	RARE	ins_10plus	409
mean_skew	[-0.05,0.05)	PLS	RARE	ins_2	508
mean_skew	[-0.05,0.05)	PLS	RARE	ins_3	322
mean_skew	[-0.05,0.05)	PLS	RARE	ins_4	261
mean_skew	[-0.05,0.05)	PLS	RARE	ins_5	175
mean_skew	[-0.05,0.05)	PLS	RARE	ins_6	217
mean_skew	[-0.05,0.05)	PLS	RARE	ins_7	100
mean_skew	[-0.05,0.05)	PLS	RARE	ins_8	126
mean_skew	[-0.05,0.05)	PLS	RARE	ins_9	83
mean_skew	[-0.05,0.05)	PLS	SINGLETON	del_1	11692
mean_skew	[-0.05,0.05)	PLS	SINGLETON	del_10plus	1157
mean_skew	[-0.05,0.05)	PLS	SINGLETON	del_2	4036
mean_skew	[-0.05,0.05)	PLS	SINGLETON	del_3	2095
mean_skew	[-0.05,0.05)	PLS	SINGLETON	del_4	1582
mean_skew	[-0.05,0.05)	PLS	SINGLETON	del_5	634
mean_skew	[-0.05,0.05)	PLS	SINGLETON	del_6	529
mean_skew	[-0.05,0.05)	PLS	SINGLETON	del_7	361
mean_skew	[-0.05,0.05)	PLS	SINGLETON	del_8	319
mean_skew	[-0.05,0.05)	PLS	SINGLETON	del_9	233
mean_skew	[-0.05,0.05)	PLS	SINGLETON	ins_1	7757
mean_skew	[-0.05,0.05)	PLS	SINGLETON	ins_10plus	1358
mean_skew	[-0.05,0.05)	PLS	SINGLETON	ins_2	2087
mean_skew	[-0.05,0.05)	PLS	SINGLETON	ins_3	1053
mean_skew	[-0.05,0.05)	PLS	SINGLETON	ins_4	1022
mean_skew	[-0.05,0.05)	PLS	SINGLETON	ins_5	616
mean_skew	[-0.05,0.05)	PLS	SINGLETON	ins_6	660
mean_skew	[-0.05,0.05)	PLS	SINGLETON	ins_7	396
mean_skew	[-0.05,0.05)	PLS	SINGLETON	ins_8	377
mean_skew	[-0.05,0.05)	PLS	SINGLETON	ins_9	211
mean_skew	[-0.05,0.05)	PLS	ULTRARARE	del_1	7364
mean_skew	[-0.05,0.05)	PLS	ULTRARARE	del_10plus	844
mean_skew	[-0.05,0.05)	PLS	ULTRARARE	del_2	3142
mean_skew	[-0.05,0.05)	PLS	ULTRARARE	del_3	1601
mean_skew	[-0.05,0.05)	PLS	ULTRARARE	del_4	1340
mean_skew	[-0.05,0.05)	PLS	ULTRARARE	del_5	473
mean_skew	[-0.05,0.05)	PLS	ULTRARARE	del_6	405
mean_skew	[-0.05,0.05)	PLS	ULTRARARE	del_7	215
mean_skew	[-0.05,0.05)	PLS	ULTRARARE	del_8	233
mean_skew	[-0.05,0.05)	PLS	ULTRARARE	del_9	165
mean_skew	[-0.05,0.05)	PLS	ULTRARARE	ins_1	5866
mean_skew	[-0.05,0.05)	PLS	ULTRARARE	ins_10plus	1173
mean_skew	[-0.05,0.05)	PLS	ULTRARARE	ins_2	1504
mean_skew	[-0.05,0.05)	PLS	ULTRARARE	ins_3	838
mean_skew	[-0.05,0.05)	PLS	ULTRARARE	ins_4	762
mean_skew	[-0.05,0.05)	PLS	ULTRARARE	ins_5	551
mean_skew	[-0.05,0.05)	PLS	ULTRARARE	ins_6	613
mean_skew	[-0.05,0.05)	PLS	ULTRARARE	ins_7	277
mean_skew	[-0.05,0.05)	PLS	ULTRARARE	ins_8	290
mean_skew	[-0.05,0.05)	PLS	ULTRARARE	ins_9	217
mean_skew	[-0.05,0.05)	dELS	COMMON	del_1	48394
mean_skew	[-0.05,0.05)	dELS	COMMON	del_10plus	4439
mean_skew	[-0.05,0.05)	dELS	COMMON	del_2	26553
mean_skew	[-0.05,0.05)	dELS	COMMON	del_3	7045
mean_skew	[-0.05,0.05)	dELS	COMMON	del_4	13202
mean_skew	[-0.05,0.05)	dELS	COMMON	del_5	2414
mean_skew	[-0.05,0.05)	dELS	COMMON	del_6	5343
mean_skew	[-0.05,0.05)	dELS	COMMON	del_7	905
mean_skew	[-0.05,0.05)	dELS	COMMON	del_8	3657
mean_skew	[-0.05,0.05)	dELS	COMMON	del_9	540
mean_skew	[-0.05,0.05)	dELS	COMMON	ins_1	54632
mean_skew	[-0.05,0.05)	dELS	COMMON	ins_10plus	4315
mean_skew	[-0.05,0.05)	dELS	COMMON	ins_2	29161
mean_skew	[-0.05,0.05)	dELS	COMMON	ins_3	6173
mean_skew	[-0.05,0.05)	dELS	COMMON	ins_4	13032
mean_skew	[-0.05,0.05)	dELS	COMMON	ins_5	2252
mean_skew	[-0.05,0.05)	dELS	COMMON	ins_6	6321
mean_skew	[-0.05,0.05)	dELS	COMMON	ins_7	853
mean_skew	[-0.05,0.05)	dELS	COMMON	ins_8	4461
mean_skew	[-0.05,0.05)	dELS	COMMON	ins_9	497
mean_skew	[-0.05,0.05)	dELS	LOW_FREQ	del_1	42538
mean_skew	[-0.05,0.05)	dELS	LOW_FREQ	del_10plus	5046
mean_skew	[-0.05,0.05)	dELS	LOW_FREQ	del_2	22641
mean_skew	[-0.05,0.05)	dELS	LOW_FREQ	del_3	8923
mean_skew	[-0.05,0.05)	dELS	LOW_FREQ	del_4	11723
mean_skew	[-0.05,0.05)	dELS	LOW_FREQ	del_5	3062
mean_skew	[-0.05,0.05)	dELS	LOW_FREQ	del_6	4094
mean_skew	[-0.05,0.05)	dELS	LOW_FREQ	del_7	1198
mean_skew	[-0.05,0.05)	dELS	LOW_FREQ	del_8	2797
mean_skew	[-0.05,0.05)	dELS	LOW_FREQ	del_9	704
mean_skew	[-0.05,0.05)	dELS	LOW_FREQ	ins_1	39902
mean_skew	[-0.05,0.05)	dELS	LOW_FREQ	ins_10plus	6489
mean_skew	[-0.05,0.05)	dELS	LOW_FREQ	ins_2	19954
mean_skew	[-0.05,0.05)	dELS	LOW_FREQ	ins_3	6380
mean_skew	[-0.05,0.05)	dELS	LOW_FREQ	ins_4	9594
mean_skew	[-0.05,0.05)	dELS	LOW_FREQ	ins_5	2910
mean_skew	[-0.05,0.05)	dELS	LOW_FREQ	ins_6	5602
mean_skew	[-0.05,0.05)	dELS	LOW_FREQ	ins_7	1339
mean_skew	[-0.05,0.05)	dELS	LOW_FREQ	ins_8	4123
mean_skew	[-0.05,0.05)	dELS	LOW_FREQ	ins_9	833
mean_skew	[-0.05,0.05)	dELS	RARE	del_1	77875
mean_skew	[-0.05,0.05)	dELS	RARE	del_10plus	10035
mean_skew	[-0.05,0.05)	dELS	RARE	del_2	48940
mean_skew	[-0.05,0.05)	dELS	RARE	del_3	21713
mean_skew	[-0.05,0.05)	dELS	RARE	del_4	25023
mean_skew	[-0.05,0.05)	dELS	RARE	del_5	7257
mean_skew	[-0.05,0.05)	dELS	RARE	del_6	6878
mean_skew	[-0.05,0.05)	dELS	RARE	del_7	3048
mean_skew	[-0.05,0.05)	dELS	RARE	del_8	4578
mean_skew	[-0.05,0.05)	dELS	RARE	del_9	1632
mean_skew	[-0.05,0.05)	dELS	RARE	ins_1	67450
mean_skew	[-0.05,0.05)	dELS	RARE	ins_10plus	11516
mean_skew	[-0.05,0.05)	dELS	RARE	ins_2	28816
mean_skew	[-0.05,0.05)	dELS	RARE	ins_3	10829
mean_skew	[-0.05,0.05)	dELS	RARE	ins_4	14186
mean_skew	[-0.05,0.05)	dELS	RARE	ins_5	5761
mean_skew	[-0.05,0.05)	dELS	RARE	ins_6	7662
mean_skew	[-0.05,0.05)	dELS	RARE	ins_7	3037
mean_skew	[-0.05,0.05)	dELS	RARE	ins_8	5568
mean_skew	[-0.05,0.05)	dELS	RARE	ins_9	1855
mean_skew	[-0.05,0.05)	dELS	SINGLETON	del_1	660969
mean_skew	[-0.05,0.05)	dELS	SINGLETON	del_10plus	43445
mean_skew	[-0.05,0.05)	dELS	SINGLETON	del_2	273826
mean_skew	[-0.05,0.05)	dELS	SINGLETON	del_3	140952
mean_skew	[-0.05,0.05)	dELS	SINGLETON	del_4	122063
mean_skew	[-0.05,0.05)	dELS	SINGLETON	del_5	45515
mean_skew	[-0.05,0.05)	dELS	SINGLETON	del_6	27666
mean_skew	[-0.05,0.05)	dELS	SINGLETON	del_7	17599
mean_skew	[-0.05,0.05)	dELS	SINGLETON	del_8	16147
mean_skew	[-0.05,0.05)	dELS	SINGLETON	del_9	9342
mean_skew	[-0.05,0.05)	dELS	SINGLETON	ins_1	361710
mean_skew	[-0.05,0.05)	dELS	SINGLETON	ins_10plus	31255
mean_skew	[-0.05,0.05)	dELS	SINGLETON	ins_2	97654
mean_skew	[-0.05,0.05)	dELS	SINGLETON	ins_3	45557
mean_skew	[-0.05,0.05)	dELS	SINGLETON	ins_4	54108
mean_skew	[-0.05,0.05)	dELS	SINGLETON	ins_5	20604
mean_skew	[-0.05,0.05)	dELS	SINGLETON	ins_6	19085
mean_skew	[-0.05,0.05)	dELS	SINGLETON	ins_7	11875
mean_skew	[-0.05,0.05)	dELS	SINGLETON	ins_8	15372
mean_skew	[-0.05,0.05)	dELS	SINGLETON	ins_9	6298
mean_skew	[-0.05,0.05)	dELS	ULTRARARE	del_1	393724
mean_skew	[-0.05,0.05)	dELS	ULTRARARE	del_10plus	32522
mean_skew	[-0.05,0.05)	dELS	ULTRARARE	del_2	202331
mean_skew	[-0.05,0.05)	dELS	ULTRARARE	del_3	108662
mean_skew	[-0.05,0.05)	dELS	ULTRARARE	del_4	107250
mean_skew	[-0.05,0.05)	dELS	ULTRARARE	del_5	33580
mean_skew	[-0.05,0.05)	dELS	ULTRARARE	del_6	21567
mean_skew	[-0.05,0.05)	dELS	ULTRARARE	del_7	11397
mean_skew	[-0.05,0.05)	dELS	ULTRARARE	del_8	12738
mean_skew	[-0.05,0.05)	dELS	ULTRARARE	del_9	6213
mean_skew	[-0.05,0.05)	dELS	ULTRARARE	ins_1	260515
mean_skew	[-0.05,0.05)	dELS	ULTRARARE	ins_10plus	25009
mean_skew	[-0.05,0.05)	dELS	ULTRARARE	ins_2	77177
mean_skew	[-0.05,0.05)	dELS	ULTRARARE	ins_3	32466
mean_skew	[-0.05,0.05)	dELS	ULTRARARE	ins_4	39742
mean_skew	[-0.05,0.05)	dELS	ULTRARARE	ins_5	16203
mean_skew	[-0.05,0.05)	dELS	ULTRARARE	ins_6	16729
mean_skew	[-0.05,0.05)	dELS	ULTRARARE	ins_7	8959
mean_skew	[-0.05,0.05)	dELS	ULTRARARE	ins_8	12270
mean_skew	[-0.05,0.05)	dELS	ULTRARARE	ins_9	4854
mean_skew	[-0.05,0.05)	non-cCRE	COMMON	del_1	433366
mean_skew	[-0.05,0.05)	non-cCRE	COMMON	del_10plus	38974
mean_skew	[-0.05,0.05)	non-cCRE	COMMON	del_2	206523
mean_skew	[-0.05,0.05)	non-cCRE	COMMON	del_3	68258
mean_skew	[-0.05,0.05)	non-cCRE	COMMON	del_4	120589
mean_skew	[-0.05,0.05)	non-cCRE	COMMON	del_5	29278
mean_skew	[-0.05,0.05)	non-cCRE	COMMON	del_6	40861
mean_skew	[-0.05,0.05)	non-cCRE	COMMON	del_7	8313
mean_skew	[-0.05,0.05)	non-cCRE	COMMON	del_8	29778
mean_skew	[-0.05,0.05)	non-cCRE	COMMON	del_9	6134
mean_skew	[-0.05,0.05)	non-cCRE	COMMON	ins_1	487786
mean_skew	[-0.05,0.05)	non-cCRE	COMMON	ins_10plus	39531
mean_skew	[-0.05,0.05)	non-cCRE	COMMON	ins_2	237519
mean_skew	[-0.05,0.05)	non-cCRE	COMMON	ins_3	62224
mean_skew	[-0.05,0.05)	non-cCRE	COMMON	ins_4	115326
mean_skew	[-0.05,0.05)	non-cCRE	COMMON	ins_5	25085
mean_skew	[-0.05,0.05)	non-cCRE	COMMON	ins_6	48129
mean_skew	[-0.05,0.05)	non-cCRE	COMMON	ins_7	7809
mean_skew	[-0.05,0.05)	non-cCRE	COMMON	ins_8	36260
mean_skew	[-0.05,0.05)	non-cCRE	COMMON	ins_9	6670
mean_skew	[-0.05,0.05)	non-cCRE	LOW_FREQ	del_1	364214
mean_skew	[-0.05,0.05)	non-cCRE	LOW_FREQ	del_10plus	43243
mean_skew	[-0.05,0.05)	non-cCRE	LOW_FREQ	del_2	175586
mean_skew	[-0.05,0.05)	non-cCRE	LOW_FREQ	del_3	79541
mean_skew	[-0.05,0.05)	non-cCRE	LOW_FREQ	del_4	111716
mean_skew	[-0.05,0.05)	non-cCRE	LOW_FREQ	del_5	34603
mean_skew	[-0.05,0.05)	non-cCRE	LOW_FREQ	del_6	34809
mean_skew	[-0.05,0.05)	non-cCRE	LOW_FREQ	del_7	11351
mean_skew	[-0.05,0.05)	non-cCRE	LOW_FREQ	del_8	24842
mean_skew	[-0.05,0.05)	non-cCRE	LOW_FREQ	del_9	6858
mean_skew	[-0.05,0.05)	non-cCRE	LOW_FREQ	ins_1	349469
mean_skew	[-0.05,0.05)	non-cCRE	LOW_FREQ	ins_10plus	65641
mean_skew	[-0.05,0.05)	non-cCRE	LOW_FREQ	ins_2	180033
mean_skew	[-0.05,0.05)	non-cCRE	LOW_FREQ	ins_3	61896
mean_skew	[-0.05,0.05)	non-cCRE	LOW_FREQ	ins_4	90904
mean_skew	[-0.05,0.05)	non-cCRE	LOW_FREQ	ins_5	28686
mean_skew	[-0.05,0.05)	non-cCRE	LOW_FREQ	ins_6	49674
mean_skew	[-0.05,0.05)	non-cCRE	LOW_FREQ	ins_7	13293
mean_skew	[-0.05,0.05)	non-cCRE	LOW_FREQ	ins_8	39486
mean_skew	[-0.05,0.05)	non-cCRE	LOW_FREQ	ins_9	10299
mean_skew	[-0.05,0.05)	non-cCRE	RARE	del_1	661951
mean_skew	[-0.05,0.05)	non-cCRE	RARE	del_10plus	80815
mean_skew	[-0.05,0.05)	non-cCRE	RARE	del_2	369729
mean_skew	[-0.05,0.05)	non-cCRE	RARE	del_3	185326
mean_skew	[-0.05,0.05)	non-cCRE	RARE	del_4	240925
mean_skew	[-0.05,0.05)	non-cCRE	RARE	del_5	81653
mean_skew	[-0.05,0.05)	non-cCRE	RARE	del_6	61789
mean_skew	[-0.05,0.05)	non-cCRE	RARE	del_7	25926
mean_skew	[-0.05,0.05)	non-cCRE	RARE	del_8	40477
mean_skew	[-0.05,0.05)	non-cCRE	RARE	del_9	15004
mean_skew	[-0.05,0.05)	non-cCRE	RARE	ins_1	576376
mean_skew	[-0.05,0.05)	non-cCRE	RARE	ins_10plus	122926
mean_skew	[-0.05,0.05)	non-cCRE	RARE	ins_2	264136
mean_skew	[-0.05,0.05)	non-cCRE	RARE	ins_3	100688
mean_skew	[-0.05,0.05)	non-cCRE	RARE	ins_4	137633
mean_skew	[-0.05,0.05)	non-cCRE	RARE	ins_5	55602
mean_skew	[-0.05,0.05)	non-cCRE	RARE	ins_6	73190
mean_skew	[-0.05,0.05)	non-cCRE	RARE	ins_7	30282
mean_skew	[-0.05,0.05)	non-cCRE	RARE	ins_8	57624
mean_skew	[-0.05,0.05)	non-cCRE	RARE	ins_9	21364
mean_skew	[-0.05,0.05)	non-cCRE	SINGLETON	del_1	4797645
mean_skew	[-0.05,0.05)	non-cCRE	SINGLETON	del_10plus	286443
mean_skew	[-0.05,0.05)	non-cCRE	SINGLETON	del_2	1774798
mean_skew	[-0.05,0.05)	non-cCRE	SINGLETON	del_3	1056707
mean_skew	[-0.05,0.05)	non-cCRE	SINGLETON	del_4	1018003
mean_skew	[-0.05,0.05)	non-cCRE	SINGLETON	del_5	424519
mean_skew	[-0.05,0.05)	non-cCRE	SINGLETON	del_6	232465
mean_skew	[-0.05,0.05)	non-cCRE	SINGLETON	del_7	123582
mean_skew	[-0.05,0.05)	non-cCRE	SINGLETON	del_8	117070
mean_skew	[-0.05,0.05)	non-cCRE	SINGLETON	del_9	69199
mean_skew	[-0.05,0.05)	non-cCRE	SINGLETON	ins_1	2487213
mean_skew	[-0.05,0.05)	non-cCRE	SINGLETON	ins_10plus	282226
mean_skew	[-0.05,0.05)	non-cCRE	SINGLETON	ins_2	710745
mean_skew	[-0.05,0.05)	non-cCRE	SINGLETON	ins_3	331311
mean_skew	[-0.05,0.05)	non-cCRE	SINGLETON	ins_4	410787
mean_skew	[-0.05,0.05)	non-cCRE	SINGLETON	ins_5	161952
mean_skew	[-0.05,0.05)	non-cCRE	SINGLETON	ins_6	160662
mean_skew	[-0.05,0.05)	non-cCRE	SINGLETON	ins_7	93178
mean_skew	[-0.05,0.05)	non-cCRE	SINGLETON	ins_8	134240
mean_skew	[-0.05,0.05)	non-cCRE	SINGLETON	ins_9	61259
mean_skew	[-0.05,0.05)	non-cCRE	ULTRARARE	del_1	3030452
mean_skew	[-0.05,0.05)	non-cCRE	ULTRARARE	del_10plus	230757
mean_skew	[-0.05,0.05)	non-cCRE	ULTRARARE	del_2	1373421
mean_skew	[-0.05,0.05)	non-cCRE	ULTRARARE	del_3	851398
mean_skew	[-0.05,0.05)	non-cCRE	ULTRARARE	del_4	966562
mean_skew	[-0.05,0.05)	non-cCRE	ULTRARARE	del_5	351244
mean_skew	[-0.05,0.05)	non-cCRE	ULTRARARE	del_6	194966
mean_skew	[-0.05,0.05)	non-cCRE	ULTRARARE	del_7	88779
mean_skew	[-0.05,0.05)	non-cCRE	ULTRARARE	del_8	102745
mean_skew	[-0.05,0.05)	non-cCRE	ULTRARARE	del_9	50586
mean_skew	[-0.05,0.05)	non-cCRE	ULTRARARE	ins_1	2004213
mean_skew	[-0.05,0.05)	non-cCRE	ULTRARARE	ins_10plus	244448
mean_skew	[-0.05,0.05)	non-cCRE	ULTRARARE	ins_2	620181
mean_skew	[-0.05,0.05)	non-cCRE	ULTRARARE	ins_3	262584
mean_skew	[-0.05,0.05)	non-cCRE	ULTRARARE	ins_4	337694
mean_skew	[-0.05,0.05)	non-cCRE	ULTRARARE	ins_5	136644
mean_skew	[-0.05,0.05)	non-cCRE	ULTRARARE	ins_6	147580
mean_skew	[-0.05,0.05)	non-cCRE	ULTRARARE	ins_7	75137
mean_skew	[-0.05,0.05)	non-cCRE	ULTRARARE	ins_8	115426
mean_skew	[-0.05,0.05)	non-cCRE	ULTRARARE	ins_9	50232
mean_skew	[-0.05,0.05)	pELS	COMMON	del_1	7168
mean_skew	[-0.05,0.05)	pELS	COMMON	del_10plus	729
mean_skew	[-0.05,0.05)	pELS	COMMON	del_2	4283
mean_skew	[-0.05,0.05)	pELS	COMMON	del_3	1102
mean_skew	[-0.05,0.05)	pELS	COMMON	del_4	2023
mean_skew	[-0.05,0.05)	pELS	COMMON	del_5	402
mean_skew	[-0.05,0.05)	pELS	COMMON	del_6	820
mean_skew	[-0.05,0.05)	pELS	COMMON	del_7	166
mean_skew	[-0.05,0.05)	pELS	COMMON	del_8	550
mean_skew	[-0.05,0.05)	pELS	COMMON	del_9	84
mean_skew	[-0.05,0.05)	pELS	COMMON	ins_1	8617
mean_skew	[-0.05,0.05)	pELS	COMMON	ins_10plus	684
mean_skew	[-0.05,0.05)	pELS	COMMON	ins_2	4747
mean_skew	[-0.05,0.05)	pELS	COMMON	ins_3	1108
mean_skew	[-0.05,0.05)	pELS	COMMON	ins_4	2055
mean_skew	[-0.05,0.05)	pELS	COMMON	ins_5	376
mean_skew	[-0.05,0.05)	pELS	COMMON	ins_6	1014
mean_skew	[-0.05,0.05)	pELS	COMMON	ins_7	161
mean_skew	[-0.05,0.05)	pELS	COMMON	ins_8	671
mean_skew	[-0.05,0.05)	pELS	COMMON	ins_9	98
mean_skew	[-0.05,0.05)	pELS	LOW_FREQ	del_1	6245
mean_skew	[-0.05,0.05)	pELS	LOW_FREQ	del_10plus	904
mean_skew	[-0.05,0.05)	pELS	LOW_FREQ	del_2	3603
mean_skew	[-0.05,0.05)	pELS	LOW_FREQ	del_3	1445
mean_skew	[-0.05,0.05)	pELS	LOW_FREQ	del_4	1932
mean_skew	[-0.05,0.05)	pELS	LOW_FREQ	del_5	469
mean_skew	[-0.05,0.05)	pELS	LOW_FREQ	del_6	659
mean_skew	[-0.05,0.05)	pELS	LOW_FREQ	del_7	206
mean_skew	[-0.05,0.05)	pELS	LOW_FREQ	del_8	451
mean_skew	[-0.05,0.05)	pELS	LOW_FREQ	del_9	124
mean_skew	[-0.05,0.05)	pELS	LOW_FREQ	ins_1	6256
mean_skew	[-0.05,0.05)	pELS	LOW_FREQ	ins_10plus	1101
mean_skew	[-0.05,0.05)	pELS	LOW_FREQ	ins_2	3188
mean_skew	[-0.05,0.05)	pELS	LOW_FREQ	ins_3	1177
mean_skew	[-0.05,0.05)	pELS	LOW_FREQ	ins_4	1441
mean_skew	[-0.05,0.05)	pELS	LOW_FREQ	ins_5	488
mean_skew	[-0.05,0.05)	pELS	LOW_FREQ	ins_6	901
mean_skew	[-0.05,0.05)	pELS	LOW_FREQ	ins_7	245
mean_skew	[-0.05,0.05)	pELS	LOW_FREQ	ins_8	633
mean_skew	[-0.05,0.05)	pELS	LOW_FREQ	ins_9	146
mean_skew	[-0.05,0.05)	pELS	RARE	del_1	11459
mean_skew	[-0.05,0.05)	pELS	RARE	del_10plus	1610
mean_skew	[-0.05,0.05)	pELS	RARE	del_2	7994
mean_skew	[-0.05,0.05)	pELS	RARE	del_3	3665
mean_skew	[-0.05,0.05)	pELS	RARE	del_4	4169
mean_skew	[-0.05,0.05)	pELS	RARE	del_5	1181
mean_skew	[-0.05,0.05)	pELS	RARE	del_6	1147
mean_skew	[-0.05,0.05)	pELS	RARE	del_7	520
mean_skew	[-0.05,0.05)	pELS	RARE	del_8	738
mean_skew	[-0.05,0.05)	pELS	RARE	del_9	297
mean_skew	[-0.05,0.05)	pELS	RARE	ins_1	10745
mean_skew	[-0.05,0.05)	pELS	RARE	ins_10plus	1798
mean_skew	[-0.05,0.05)	pELS	RARE	ins_2	4647
mean_skew	[-0.05,0.05)	pELS	RARE	ins_3	1927
mean_skew	[-0.05,0.05)	pELS	RARE	ins_4	2357
mean_skew	[-0.05,0.05)	pELS	RARE	ins_5	975
mean_skew	[-0.05,0.05)	pELS	RARE	ins_6	1292
mean_skew	[-0.05,0.05)	pELS	RARE	ins_7	541
mean_skew	[-0.05,0.05)	pELS	RARE	ins_8	835
mean_skew	[-0.05,0.05)	pELS	RARE	ins_9	304
mean_skew	[-0.05,0.05)	pELS	SINGLETON	del_1	93487
mean_skew	[-0.05,0.05)	pELS	SINGLETON	del_10plus	7275
mean_skew	[-0.05,0.05)	pELS	SINGLETON	del_2	42710
mean_skew	[-0.05,0.05)	pELS	SINGLETON	del_3	21629
mean_skew	[-0.05,0.05)	pELS	SINGLETON	del_4	18515
mean_skew	[-0.05,0.05)	pELS	SINGLETON	del_5	7035
mean_skew	[-0.05,0.05)	pELS	SINGLETON	del_6	4394
mean_skew	[-0.05,0.05)	pELS	SINGLETON	del_7	2812
mean_skew	[-0.05,0.05)	pELS	SINGLETON	del_8	2594
mean_skew	[-0.05,0.05)	pELS	SINGLETON	del_9	1515
mean_skew	[-0.05,0.05)	pELS	SINGLETON	ins_1	59684
mean_skew	[-0.05,0.05)	pELS	SINGLETON	ins_10plus	5476
mean_skew	[-0.05,0.05)	pELS	SINGLETON	ins_2	15260
mean_skew	[-0.05,0.05)	pELS	SINGLETON	ins_3	7269
mean_skew	[-0.05,0.05)	pELS	SINGLETON	ins_4	8242
mean_skew	[-0.05,0.05)	pELS	SINGLETON	ins_5	3263
mean_skew	[-0.05,0.05)	pELS	SINGLETON	ins_6	3062
mean_skew	[-0.05,0.05)	pELS	SINGLETON	ins_7	1963
mean_skew	[-0.05,0.05)	pELS	SINGLETON	ins_8	2355
mean_skew	[-0.05,0.05)	pELS	SINGLETON	ins_9	1037
mean_skew	[-0.05,0.05)	pELS	ULTRARARE	del_1	56029
mean_skew	[-0.05,0.05)	pELS	ULTRARARE	del_10plus	5407
mean_skew	[-0.05,0.05)	pELS	ULTRARARE	del_2	33170
mean_skew	[-0.05,0.05)	pELS	ULTRARARE	del_3	17569
mean_skew	[-0.05,0.05)	pELS	ULTRARARE	del_4	17210
mean_skew	[-0.05,0.05)	pELS	ULTRARARE	del_5	5312
mean_skew	[-0.05,0.05)	pELS	ULTRARARE	del_6	3482
mean_skew	[-0.05,0.05)	pELS	ULTRARARE	del_7	1919
mean_skew	[-0.05,0.05)	pELS	ULTRARARE	del_8	2123
mean_skew	[-0.05,0.05)	pELS	ULTRARARE	del_9	1016
mean_skew	[-0.05,0.05)	pELS	ULTRARARE	ins_1	42856
mean_skew	[-0.05,0.05)	pELS	ULTRARARE	ins_10plus	4422
mean_skew	[-0.05,0.05)	pELS	ULTRARARE	ins_2	12333
mean_skew	[-0.05,0.05)	pELS	ULTRARARE	ins_3	5431
mean_skew	[-0.05,0.05)	pELS	ULTRARARE	ins_4	6275
mean_skew	[-0.05,0.05)	pELS	ULTRARARE	ins_5	2678
mean_skew	[-0.05,0.05)	pELS	ULTRARARE	ins_6	2934
mean_skew	[-0.05,0.05)	pELS	ULTRARARE	ins_7	1556
mean_skew	[-0.05,0.05)	pELS	ULTRARARE	ins_8	1877
mean_skew	[-0.05,0.05)	pELS	ULTRARARE	ins_9	855
mean_skew	[-0.2,-0.05)	Other cCREs	COMMON	del_1	5382
mean_skew	[-0.2,-0.05)	Other cCREs	COMMON	del_10plus	2590
mean_skew	[-0.2,-0.05)	Other cCREs	COMMON	del_2	1316
mean_skew	[-0.2,-0.05)	Other cCREs	COMMON	del_3	1164
mean_skew	[-0.2,-0.05)	Other cCREs	COMMON	del_4	867
mean_skew	[-0.2,-0.05)	Other cCREs	COMMON	del_5	337
mean_skew	[-0.2,-0.05)	Other cCREs	COMMON	del_6	350
mean_skew	[-0.2,-0.05)	Other cCREs	COMMON	del_7	154
mean_skew	[-0.2,-0.05)	Other cCREs	COMMON	del_8	734
mean_skew	[-0.2,-0.05)	Other cCREs	COMMON	del_9	76
mean_skew	[-0.2,-0.05)	Other cCREs	COMMON	ins_1	1224
mean_skew	[-0.2,-0.05)	Other cCREs	COMMON	ins_10plus	2299
mean_skew	[-0.2,-0.05)	Other cCREs	COMMON	ins_2	666
mean_skew	[-0.2,-0.05)	Other cCREs	COMMON	ins_3	456
mean_skew	[-0.2,-0.05)	Other cCREs	COMMON	ins_4	1156
mean_skew	[-0.2,-0.05)	Other cCREs	COMMON	ins_5	314
mean_skew	[-0.2,-0.05)	Other cCREs	COMMON	ins_6	403
mean_skew	[-0.2,-0.05)	Other cCREs	COMMON	ins_7	142
mean_skew	[-0.2,-0.05)	Other cCREs	COMMON	ins_8	603
mean_skew	[-0.2,-0.05)	Other cCREs	COMMON	ins_9	217
mean_skew	[-0.2,-0.05)	Other cCREs	LOW_FREQ	del_1	4885
mean_skew	[-0.2,-0.05)	Other cCREs	LOW_FREQ	del_10plus	2829
mean_skew	[-0.2,-0.05)	Other cCREs	LOW_FREQ	del_2	1353
mean_skew	[-0.2,-0.05)	Other cCREs	LOW_FREQ	del_3	1353
mean_skew	[-0.2,-0.05)	Other cCREs	LOW_FREQ	del_4	997
mean_skew	[-0.2,-0.05)	Other cCREs	LOW_FREQ	del_5	378
mean_skew	[-0.2,-0.05)	Other cCREs	LOW_FREQ	del_6	361
mean_skew	[-0.2,-0.05)	Other cCREs	LOW_FREQ	del_7	247
mean_skew	[-0.2,-0.05)	Other cCREs	LOW_FREQ	del_8	618
mean_skew	[-0.2,-0.05)	Other cCREs	LOW_FREQ	del_9	94
mean_skew	[-0.2,-0.05)	Other cCREs	LOW_FREQ	ins_1	1203
mean_skew	[-0.2,-0.05)	Other cCREs	LOW_FREQ	ins_10plus	3061
mean_skew	[-0.2,-0.05)	Other cCREs	LOW_FREQ	ins_2	633
mean_skew	[-0.2,-0.05)	Other cCREs	LOW_FREQ	ins_3	435
mean_skew	[-0.2,-0.05)	Other cCREs	LOW_FREQ	ins_4	970
mean_skew	[-0.2,-0.05)	Other cCREs	LOW_FREQ	ins_5	390
mean_skew	[-0.2,-0.05)	Other cCREs	LOW_FREQ	ins_6	525
mean_skew	[-0.2,-0.05)	Other cCREs	LOW_FREQ	ins_7	231
mean_skew	[-0.2,-0.05)	Other cCREs	LOW_FREQ	ins_8	555
mean_skew	[-0.2,-0.05)	Other cCREs	LOW_FREQ	ins_9	382
mean_skew	[-0.2,-0.05)	Other cCREs	RARE	del_1	9009
mean_skew	[-0.2,-0.05)	Other cCREs	RARE	del_10plus	4721
mean_skew	[-0.2,-0.05)	Other cCREs	RARE	del_2	3391
mean_skew	[-0.2,-0.05)	Other cCREs	RARE	del_3	3243
mean_skew	[-0.2,-0.05)	Other cCREs	RARE	del_4	2490
mean_skew	[-0.2,-0.05)	Other cCREs	RARE	del_5	920
mean_skew	[-0.2,-0.05)	Other cCREs	RARE	del_6	786
mean_skew	[-0.2,-0.05)	Other cCREs	RARE	del_7	579
mean_skew	[-0.2,-0.05)	Other cCREs	RARE	del_8	1020
mean_skew	[-0.2,-0.05)	Other cCREs	RARE	del_9	250
mean_skew	[-0.2,-0.05)	Other cCREs	RARE	ins_1	2754
mean_skew	[-0.2,-0.05)	Other cCREs	RARE	ins_10plus	5256
mean_skew	[-0.2,-0.05)	Other cCREs	RARE	ins_2	1293
mean_skew	[-0.2,-0.05)	Other cCREs	RARE	ins_3	772
mean_skew	[-0.2,-0.05)	Other cCREs	RARE	ins_4	1727
mean_skew	[-0.2,-0.05)	Other cCREs	RARE	ins_5	742
mean_skew	[-0.2,-0.05)	Other cCREs	RARE	ins_6	941
mean_skew	[-0.2,-0.05)	Other cCREs	RARE	ins_7	460
mean_skew	[-0.2,-0.05)	Other cCREs	RARE	ins_8	895
mean_skew	[-0.2,-0.05)	Other cCREs	RARE	ins_9	732
mean_skew	[-0.2,-0.05)	Other cCREs	SINGLETON	del_1	69215
mean_skew	[-0.2,-0.05)	Other cCREs	SINGLETON	del_10plus	10583
mean_skew	[-0.2,-0.05)	Other cCREs	SINGLETON	del_2	17199
mean_skew	[-0.2,-0.05)	Other cCREs	SINGLETON	del_3	18802
mean_skew	[-0.2,-0.05)	Other cCREs	SINGLETON	del_4	12656
mean_skew	[-0.2,-0.05)	Other cCREs	SINGLETON	del_5	6202
mean_skew	[-0.2,-0.05)	Other cCREs	SINGLETON	del_6	3429
mean_skew	[-0.2,-0.05)	Other cCREs	SINGLETON	del_7	2643
mean_skew	[-0.2,-0.05)	Other cCREs	SINGLETON	del_8	2730
mean_skew	[-0.2,-0.05)	Other cCREs	SINGLETON	del_9	1241
mean_skew	[-0.2,-0.05)	Other cCREs	SINGLETON	ins_1	19923
mean_skew	[-0.2,-0.05)	Other cCREs	SINGLETON	ins_10plus	14995
mean_skew	[-0.2,-0.05)	Other cCREs	SINGLETON	ins_2	7475
mean_skew	[-0.2,-0.05)	Other cCREs	SINGLETON	ins_3	4182
mean_skew	[-0.2,-0.05)	Other cCREs	SINGLETON	ins_4	7533
mean_skew	[-0.2,-0.05)	Other cCREs	SINGLETON	ins_5	3080
mean_skew	[-0.2,-0.05)	Other cCREs	SINGLETON	ins_6	3445
mean_skew	[-0.2,-0.05)	Other cCREs	SINGLETON	ins_7	1981
mean_skew	[-0.2,-0.05)	Other cCREs	SINGLETON	ins_8	3131
mean_skew	[-0.2,-0.05)	Other cCREs	SINGLETON	ins_9	3185
mean_skew	[-0.2,-0.05)	Other cCREs	ULTRARARE	del_1	42317
mean_skew	[-0.2,-0.05)	Other cCREs	ULTRARARE	del_10plus	10389
mean_skew	[-0.2,-0.05)	Other cCREs	ULTRARARE	del_2	12863
mean_skew	[-0.2,-0.05)	Other cCREs	ULTRARARE	del_3	14844
mean_skew	[-0.2,-0.05)	Other cCREs	ULTRARARE	del_4	11186
mean_skew	[-0.2,-0.05)	Other cCREs	ULTRARARE	del_5	4654
mean_skew	[-0.2,-0.05)	Other cCREs	ULTRARARE	del_6	2541
mean_skew	[-0.2,-0.05)	Other cCREs	ULTRARARE	del_7	2085
mean_skew	[-0.2,-0.05)	Other cCREs	ULTRARARE	del_8	2562
mean_skew	[-0.2,-0.05)	Other cCREs	ULTRARARE	del_9	855
mean_skew	[-0.2,-0.05)	Other cCREs	ULTRARARE	ins_1	12669
mean_skew	[-0.2,-0.05)	Other cCREs	ULTRARARE	ins_10plus	12249
mean_skew	[-0.2,-0.05)	Other cCREs	ULTRARARE	ins_2	4894
mean_skew	[-0.2,-0.05)	Other cCREs	ULTRARARE	ins_3	2857
mean_skew	[-0.2,-0.05)	Other cCREs	ULTRARARE	ins_4	5461
mean_skew	[-0.2,-0.05)	Other cCREs	ULTRARARE	ins_5	2257
mean_skew	[-0.2,-0.05)	Other cCREs	ULTRARARE	ins_6	2689
mean_skew	[-0.2,-0.05)	Other cCREs	ULTRARARE	ins_7	1448
mean_skew	[-0.2,-0.05)	Other cCREs	ULTRARARE	ins_8	2367
mean_skew	[-0.2,-0.05)	Other cCREs	ULTRARARE	ins_9	2277
mean_skew	[-0.2,-0.05)	PLS	COMMON	del_1	311
mean_skew	[-0.2,-0.05)	PLS	COMMON	del_10plus	89
mean_skew	[-0.2,-0.05)	PLS	COMMON	del_2	69
mean_skew	[-0.2,-0.05)	PLS	COMMON	del_3	40
mean_skew	[-0.2,-0.05)	PLS	COMMON	del_4	27
mean_skew	[-0.2,-0.05)	PLS	COMMON	del_5	13
mean_skew	[-0.2,-0.05)	PLS	COMMON	del_6	27
mean_skew	[-0.2,-0.05)	PLS	COMMON	del_7	12
mean_skew	[-0.2,-0.05)	PLS	COMMON	del_8	15
mean_skew	[-0.2,-0.05)	PLS	COMMON	del_9	10
mean_skew	[-0.2,-0.05)	PLS	COMMON	ins_1	141
mean_skew	[-0.2,-0.05)	PLS	COMMON	ins_10plus	127
mean_skew	[-0.2,-0.05)	PLS	COMMON	ins_2	81
mean_skew	[-0.2,-0.05)	PLS	COMMON	ins_3	71
mean_skew	[-0.2,-0.05)	PLS	COMMON	ins_4	91
mean_skew	[-0.2,-0.05)	PLS	COMMON	ins_5	35
mean_skew	[-0.2,-0.05)	PLS	COMMON	ins_6	61
mean_skew	[-0.2,-0.05)	PLS	COMMON	ins_7	19
mean_skew	[-0.2,-0.05)	PLS	COMMON	ins_8	29
mean_skew	[-0.2,-0.05)	PLS	COMMON	ins_9	42
mean_skew	[-0.2,-0.05)	PLS	LOW_FREQ	del_1	306
mean_skew	[-0.2,-0.05)	PLS	LOW_FREQ	del_10plus	112
mean_skew	[-0.2,-0.05)	PLS	LOW_FREQ	del_2	79
mean_skew	[-0.2,-0.05)	PLS	LOW_FREQ	del_3	52
mean_skew	[-0.2,-0.05)	PLS	LOW_FREQ	del_4	43
mean_skew	[-0.2,-0.05)	PLS	LOW_FREQ	del_5	22
mean_skew	[-0.2,-0.05)	PLS	LOW_FREQ	del_6	25
mean_skew	[-0.2,-0.05)	PLS	LOW_FREQ	del_7	20
mean_skew	[-0.2,-0.05)	PLS	LOW_FREQ	del_8	25
mean_skew	[-0.2,-0.05)	PLS	LOW_FREQ	del_9	15
mean_skew	[-0.2,-0.05)	PLS	LOW_FREQ	ins_1	201
mean_skew	[-0.2,-0.05)	PLS	LOW_FREQ	ins_10plus	225
mean_skew	[-0.2,-0.05)	PLS	LOW_FREQ	ins_2	87
mean_skew	[-0.2,-0.05)	PLS	LOW_FREQ	ins_3	79
mean_skew	[-0.2,-0.05)	PLS	LOW_FREQ	ins_4	91
mean_skew	[-0.2,-0.05)	PLS	LOW_FREQ	ins_5	52
mean_skew	[-0.2,-0.05)	PLS	LOW_FREQ	ins_6	60
mean_skew	[-0.2,-0.05)	PLS	LOW_FREQ	ins_7	34
mean_skew	[-0.2,-0.05)	PLS	LOW_FREQ	ins_8	36
mean_skew	[-0.2,-0.05)	PLS	LOW_FREQ	ins_9	55
mean_skew	[-0.2,-0.05)	PLS	RARE	del_1	715
mean_skew	[-0.2,-0.05)	PLS	RARE	del_10plus	256
mean_skew	[-0.2,-0.05)	PLS	RARE	del_2	154
mean_skew	[-0.2,-0.05)	PLS	RARE	del_3	118
mean_skew	[-0.2,-0.05)	PLS	RARE	del_4	82
mean_skew	[-0.2,-0.05)	PLS	RARE	del_5	55
mean_skew	[-0.2,-0.05)	PLS	RARE	del_6	57
mean_skew	[-0.2,-0.05)	PLS	RARE	del_7	42
mean_skew	[-0.2,-0.05)	PLS	RARE	del_8	48
mean_skew	[-0.2,-0.05)	PLS	RARE	del_9	32
mean_skew	[-0.2,-0.05)	PLS	RARE	ins_1	438
mean_skew	[-0.2,-0.05)	PLS	RARE	ins_10plus	469
mean_skew	[-0.2,-0.05)	PLS	RARE	ins_2	183
mean_skew	[-0.2,-0.05)	PLS	RARE	ins_3	152
mean_skew	[-0.2,-0.05)	PLS	RARE	ins_4	178
mean_skew	[-0.2,-0.05)	PLS	RARE	ins_5	141
mean_skew	[-0.2,-0.05)	PLS	RARE	ins_6	144
mean_skew	[-0.2,-0.05)	PLS	RARE	ins_7	70
mean_skew	[-0.2,-0.05)	PLS	RARE	ins_8	78
mean_skew	[-0.2,-0.05)	PLS	RARE	ins_9	89
mean_skew	[-0.2,-0.05)	PLS	SINGLETON	del_1	5760
mean_skew	[-0.2,-0.05)	PLS	SINGLETON	del_10plus	923
mean_skew	[-0.2,-0.05)	PLS	SINGLETON	del_2	1002
mean_skew	[-0.2,-0.05)	PLS	SINGLETON	del_3	823
mean_skew	[-0.2,-0.05)	PLS	SINGLETON	del_4	475
mean_skew	[-0.2,-0.05)	PLS	SINGLETON	del_5	291
mean_skew	[-0.2,-0.05)	PLS	SINGLETON	del_6	220
mean_skew	[-0.2,-0.05)	PLS	SINGLETON	del_7	193
mean_skew	[-0.2,-0.05)	PLS	SINGLETON	del_8	175
mean_skew	[-0.2,-0.05)	PLS	SINGLETON	del_9	98
mean_skew	[-0.2,-0.05)	PLS	SINGLETON	ins_1	3052
mean_skew	[-0.2,-0.05)	PLS	SINGLETON	ins_10plus	1764
mean_skew	[-0.2,-0.05)	PLS	SINGLETON	ins_2	896
mean_skew	[-0.2,-0.05)	PLS	SINGLETON	ins_3	706
mean_skew	[-0.2,-0.05)	PLS	SINGLETON	ins_4	809
mean_skew	[-0.2,-0.05)	PLS	SINGLETON	ins_5	541
mean_skew	[-0.2,-0.05)	PLS	SINGLETON	ins_6	588
mean_skew	[-0.2,-0.05)	PLS	SINGLETON	ins_7	321
mean_skew	[-0.2,-0.05)	PLS	SINGLETON	ins_8	295
mean_skew	[-0.2,-0.05)	PLS	SINGLETON	ins_9	355
mean_skew	[-0.2,-0.05)	PLS	ULTRARARE	del_1	3725
mean_skew	[-0.2,-0.05)	PLS	ULTRARARE	del_10plus	735
mean_skew	[-0.2,-0.05)	PLS	ULTRARARE	del_2	758
mean_skew	[-0.2,-0.05)	PLS	ULTRARARE	del_3	621
mean_skew	[-0.2,-0.05)	PLS	ULTRARARE	del_4	401
mean_skew	[-0.2,-0.05)	PLS	ULTRARARE	del_5	216
mean_skew	[-0.2,-0.05)	PLS	ULTRARARE	del_6	178
mean_skew	[-0.2,-0.05)	PLS	ULTRARARE	del_7	135
mean_skew	[-0.2,-0.05)	PLS	ULTRARARE	del_8	153
mean_skew	[-0.2,-0.05)	PLS	ULTRARARE	del_9	97
mean_skew	[-0.2,-0.05)	PLS	ULTRARARE	ins_1	2142
mean_skew	[-0.2,-0.05)	PLS	ULTRARARE	ins_10plus	1455
mean_skew	[-0.2,-0.05)	PLS	ULTRARARE	ins_2	663
mean_skew	[-0.2,-0.05)	PLS	ULTRARARE	ins_3	506
mean_skew	[-0.2,-0.05)	PLS	ULTRARARE	ins_4	613
mean_skew	[-0.2,-0.05)	PLS	ULTRARARE	ins_5	437
mean_skew	[-0.2,-0.05)	PLS	ULTRARARE	ins_6	475
mean_skew	[-0.2,-0.05)	PLS	ULTRARARE	ins_7	234
mean_skew	[-0.2,-0.05)	PLS	ULTRARARE	ins_8	236
mean_skew	[-0.2,-0.05)	PLS	ULTRARARE	ins_9	321
mean_skew	[-0.2,-0.05)	dELS	COMMON	del_1	13197
mean_skew	[-0.2,-0.05)	dELS	COMMON	del_10plus	4098
mean_skew	[-0.2,-0.05)	dELS	COMMON	del_2	2980
mean_skew	[-0.2,-0.05)	dELS	COMMON	del_3	2514
mean_skew	[-0.2,-0.05)	dELS	COMMON	del_4	1737
mean_skew	[-0.2,-0.05)	dELS	COMMON	del_5	687
mean_skew	[-0.2,-0.05)	dELS	COMMON	del_6	824
mean_skew	[-0.2,-0.05)	dELS	COMMON	del_7	419
mean_skew	[-0.2,-0.05)	dELS	COMMON	del_8	1327
mean_skew	[-0.2,-0.05)	dELS	COMMON	del_9	194
mean_skew	[-0.2,-0.05)	dELS	COMMON	ins_1	3251
mean_skew	[-0.2,-0.05)	dELS	COMMON	ins_10plus	4694
mean_skew	[-0.2,-0.05)	dELS	COMMON	ins_2	1677
mean_skew	[-0.2,-0.05)	dELS	COMMON	ins_3	944
mean_skew	[-0.2,-0.05)	dELS	COMMON	ins_4	2365
mean_skew	[-0.2,-0.05)	dELS	COMMON	ins_5	675
mean_skew	[-0.2,-0.05)	dELS	COMMON	ins_6	1048
mean_skew	[-0.2,-0.05)	dELS	COMMON	ins_7	364
mean_skew	[-0.2,-0.05)	dELS	COMMON	ins_8	874
mean_skew	[-0.2,-0.05)	dELS	COMMON	ins_9	497
mean_skew	[-0.2,-0.05)	dELS	LOW_FREQ	del_1	12513
mean_skew	[-0.2,-0.05)	dELS	LOW_FREQ	del_10plus	5086
mean_skew	[-0.2,-0.05)	dELS	LOW_FREQ	del_2	3330
mean_skew	[-0.2,-0.05)	dELS	LOW_FREQ	del_3	2941
mean_skew	[-0.2,-0.05)	dELS	LOW_FREQ	del_4	2129
mean_skew	[-0.2,-0.05)	dELS	LOW_FREQ	del_5	859
mean_skew	[-0.2,-0.05)	dELS	LOW_FREQ	del_6	818
mean_skew	[-0.2,-0.05)	dELS	LOW_FREQ	del_7	560
mean_skew	[-0.2,-0.05)	dELS	LOW_FREQ	del_8	1241
mean_skew	[-0.2,-0.05)	dELS	LOW_FREQ	del_9	220
mean_skew	[-0.2,-0.05)	dELS	LOW_FREQ	ins_1	3273
mean_skew	[-0.2,-0.05)	dELS	LOW_FREQ	ins_10plus	5987
mean_skew	[-0.2,-0.05)	dELS	LOW_FREQ	ins_2	1650
mean_skew	[-0.2,-0.05)	dELS	LOW_FREQ	ins_3	963
mean_skew	[-0.2,-0.05)	dELS	LOW_FREQ	ins_4	2249
mean_skew	[-0.2,-0.05)	dELS	LOW_FREQ	ins_5	816
mean_skew	[-0.2,-0.05)	dELS	LOW_FREQ	ins_6	1281
mean_skew	[-0.2,-0.05)	dELS	LOW_FREQ	ins_7	419
mean_skew	[-0.2,-0.05)	dELS	LOW_FREQ	ins_8	919
mean_skew	[-0.2,-0.05)	dELS	LOW_FREQ	ins_9	637
mean_skew	[-0.2,-0.05)	dELS	RARE	del_1	23599
mean_skew	[-0.2,-0.05)	dELS	RARE	del_10plus	9348
mean_skew	[-0.2,-0.05)	dELS	RARE	del_2	8336
mean_skew	[-0.2,-0.05)	dELS	RARE	del_3	7428
mean_skew	[-0.2,-0.05)	dELS	RARE	del_4	5295
mean_skew	[-0.2,-0.05)	dELS	RARE	del_5	2110
mean_skew	[-0.2,-0.05)	dELS	RARE	del_6	1778
mean_skew	[-0.2,-0.05)	dELS	RARE	del_7	1413
mean_skew	[-0.2,-0.05)	dELS	RARE	del_8	2200
mean_skew	[-0.2,-0.05)	dELS	RARE	del_9	558
mean_skew	[-0.2,-0.05)	dELS	RARE	ins_1	7531
mean_skew	[-0.2,-0.05)	dELS	RARE	ins_10plus	9958
mean_skew	[-0.2,-0.05)	dELS	RARE	ins_2	3368
mean_skew	[-0.2,-0.05)	dELS	RARE	ins_3	1978
mean_skew	[-0.2,-0.05)	dELS	RARE	ins_4	4106
mean_skew	[-0.2,-0.05)	dELS	RARE	ins_5	1787
mean_skew	[-0.2,-0.05)	dELS	RARE	ins_6	2246
mean_skew	[-0.2,-0.05)	dELS	RARE	ins_7	979
mean_skew	[-0.2,-0.05)	dELS	RARE	ins_8	1647
mean_skew	[-0.2,-0.05)	dELS	RARE	ins_9	1482
mean_skew	[-0.2,-0.05)	dELS	SINGLETON	del_1	191419
mean_skew	[-0.2,-0.05)	dELS	SINGLETON	del_10plus	24351
mean_skew	[-0.2,-0.05)	dELS	SINGLETON	del_2	46070
mean_skew	[-0.2,-0.05)	dELS	SINGLETON	del_3	45633
mean_skew	[-0.2,-0.05)	dELS	SINGLETON	del_4	30389
mean_skew	[-0.2,-0.05)	dELS	SINGLETON	del_5	14541
mean_skew	[-0.2,-0.05)	dELS	SINGLETON	del_6	8180
mean_skew	[-0.2,-0.05)	dELS	SINGLETON	del_7	6800
mean_skew	[-0.2,-0.05)	dELS	SINGLETON	del_8	6397
mean_skew	[-0.2,-0.05)	dELS	SINGLETON	del_9	3113
mean_skew	[-0.2,-0.05)	dELS	SINGLETON	ins_1	61356
mean_skew	[-0.2,-0.05)	dELS	SINGLETON	ins_10plus	31316
mean_skew	[-0.2,-0.05)	dELS	SINGLETON	ins_2	21342
mean_skew	[-0.2,-0.05)	dELS	SINGLETON	ins_3	11842
mean_skew	[-0.2,-0.05)	dELS	SINGLETON	ins_4	20266
mean_skew	[-0.2,-0.05)	dELS	SINGLETON	ins_5	8439
mean_skew	[-0.2,-0.05)	dELS	SINGLETON	ins_6	9201
mean_skew	[-0.2,-0.05)	dELS	SINGLETON	ins_7	5221
mean_skew	[-0.2,-0.05)	dELS	SINGLETON	ins_8	7054
mean_skew	[-0.2,-0.05)	dELS	SINGLETON	ins_9	7237
mean_skew	[-0.2,-0.05)	dELS	ULTRARARE	del_1	114983
mean_skew	[-0.2,-0.05)	dELS	ULTRARARE	del_10plus	22925
mean_skew	[-0.2,-0.05)	dELS	ULTRARARE	del_2	34085
mean_skew	[-0.2,-0.05)	dELS	ULTRARARE	del_3	35897
mean_skew	[-0.2,-0.05)	dELS	ULTRARARE	del_4	26055
mean_skew	[-0.2,-0.05)	dELS	ULTRARARE	del_5	10678
mean_skew	[-0.2,-0.05)	dELS	ULTRARARE	del_6	6421
mean_skew	[-0.2,-0.05)	dELS	ULTRARARE	del_7	5187
mean_skew	[-0.2,-0.05)	dELS	ULTRARARE	del_8	5820
mean_skew	[-0.2,-0.05)	dELS	ULTRARARE	del_9	2337
mean_skew	[-0.2,-0.05)	dELS	ULTRARARE	ins_1	37911
mean_skew	[-0.2,-0.05)	dELS	ULTRARARE	ins_10plus	24156
mean_skew	[-0.2,-0.05)	dELS	ULTRARARE	ins_2	13664
mean_skew	[-0.2,-0.05)	dELS	ULTRARARE	ins_3	7666
mean_skew	[-0.2,-0.05)	dELS	ULTRARARE	ins_4	13919
mean_skew	[-0.2,-0.05)	dELS	ULTRARARE	ins_5	5967
mean_skew	[-0.2,-0.05)	dELS	ULTRARARE	ins_6	6938
mean_skew	[-0.2,-0.05)	dELS	ULTRARARE	ins_7	3583
mean_skew	[-0.2,-0.05)	dELS	ULTRARARE	ins_8	4908
mean_skew	[-0.2,-0.05)	dELS	ULTRARARE	ins_9	4937
mean_skew	[-0.2,-0.05)	non-cCRE	COMMON	del_1	77419
mean_skew	[-0.2,-0.05)	non-cCRE	COMMON	del_10plus	26267
mean_skew	[-0.2,-0.05)	non-cCRE	COMMON	del_2	20295
mean_skew	[-0.2,-0.05)	non-cCRE	COMMON	del_3	18508
mean_skew	[-0.2,-0.05)	non-cCRE	COMMON	del_4	13040
mean_skew	[-0.2,-0.05)	non-cCRE	COMMON	del_5	6138
mean_skew	[-0.2,-0.05)	non-cCRE	COMMON	del_6	4682
mean_skew	[-0.2,-0.05)	non-cCRE	COMMON	del_7	2636
mean_skew	[-0.2,-0.05)	non-cCRE	COMMON	del_8	6739
mean_skew	[-0.2,-0.05)	non-cCRE	COMMON	del_9	1211
mean_skew	[-0.2,-0.05)	non-cCRE	COMMON	ins_1	14828
mean_skew	[-0.2,-0.05)	non-cCRE	COMMON	ins_10plus	31993
mean_skew	[-0.2,-0.05)	non-cCRE	COMMON	ins_2	7125
mean_skew	[-0.2,-0.05)	non-cCRE	COMMON	ins_3	5090
mean_skew	[-0.2,-0.05)	non-cCRE	COMMON	ins_4	11742
mean_skew	[-0.2,-0.05)	non-cCRE	COMMON	ins_5	4176
mean_skew	[-0.2,-0.05)	non-cCRE	COMMON	ins_6	5041
mean_skew	[-0.2,-0.05)	non-cCRE	COMMON	ins_7	2019
mean_skew	[-0.2,-0.05)	non-cCRE	COMMON	ins_8	6112
mean_skew	[-0.2,-0.05)	non-cCRE	COMMON	ins_9	3363
mean_skew	[-0.2,-0.05)	non-cCRE	LOW_FREQ	del_1	65702
mean_skew	[-0.2,-0.05)	non-cCRE	LOW_FREQ	del_10plus	30212
mean_skew	[-0.2,-0.05)	non-cCRE	LOW_FREQ	del_2	20524
mean_skew	[-0.2,-0.05)	non-cCRE	LOW_FREQ	del_3	20462
mean_skew	[-0.2,-0.05)	non-cCRE	LOW_FREQ	del_4	15744
mean_skew	[-0.2,-0.05)	non-cCRE	LOW_FREQ	del_5	7798
mean_skew	[-0.2,-0.05)	non-cCRE	LOW_FREQ	del_6	5031
mean_skew	[-0.2,-0.05)	non-cCRE	LOW_FREQ	del_7	3806
mean_skew	[-0.2,-0.05)	non-cCRE	LOW_FREQ	del_8	6553
mean_skew	[-0.2,-0.05)	non-cCRE	LOW_FREQ	del_9	1465
mean_skew	[-0.2,-0.05)	non-cCRE	LOW_FREQ	ins_1	14300
mean_skew	[-0.2,-0.05)	non-cCRE	LOW_FREQ	ins_10plus	46135
mean_skew	[-0.2,-0.05)	non-cCRE	LOW_FREQ	ins_2	7096
mean_skew	[-0.2,-0.05)	non-cCRE	LOW_FREQ	ins_3	5618
mean_skew	[-0.2,-0.05)	non-cCRE	LOW_FREQ	ins_4	11954
mean_skew	[-0.2,-0.05)	non-cCRE	LOW_FREQ	ins_5	5913
mean_skew	[-0.2,-0.05)	non-cCRE	LOW_FREQ	ins_6	6874
mean_skew	[-0.2,-0.05)	non-cCRE	LOW_FREQ	ins_7	3117
mean_skew	[-0.2,-0.05)	non-cCRE	LOW_FREQ	ins_8	6392
mean_skew	[-0.2,-0.05)	non-cCRE	LOW_FREQ	ins_9	5311
mean_skew	[-0.2,-0.05)	non-cCRE	RARE	del_1	113030
mean_skew	[-0.2,-0.05)	non-cCRE	RARE	del_10plus	57020
mean_skew	[-0.2,-0.05)	non-cCRE	RARE	del_2	49737
mean_skew	[-0.2,-0.05)	non-cCRE	RARE	del_3	49248
mean_skew	[-0.2,-0.05)	non-cCRE	RARE	del_4	38663
mean_skew	[-0.2,-0.05)	non-cCRE	RARE	del_5	18901
mean_skew	[-0.2,-0.05)	non-cCRE	RARE	del_6	10887
mean_skew	[-0.2,-0.05)	non-cCRE	RARE	del_7	9255
mean_skew	[-0.2,-0.05)	non-cCRE	RARE	del_8	12380
mean_skew	[-0.2,-0.05)	non-cCRE	RARE	del_9	3635
mean_skew	[-0.2,-0.05)	non-cCRE	RARE	ins_1	29901
mean_skew	[-0.2,-0.05)	non-cCRE	RARE	ins_10plus	81882
mean_skew	[-0.2,-0.05)	non-cCRE	RARE	ins_2	13871
mean_skew	[-0.2,-0.05)	non-cCRE	RARE	ins_3	9876
mean_skew	[-0.2,-0.05)	non-cCRE	RARE	ins_4	22000
mean_skew	[-0.2,-0.05)	non-cCRE	RARE	ins_5	12035
mean_skew	[-0.2,-0.05)	non-cCRE	RARE	ins_6	13982
mean_skew	[-0.2,-0.05)	non-cCRE	RARE	ins_7	7333
mean_skew	[-0.2,-0.05)	non-cCRE	RARE	ins_8	11127
mean_skew	[-0.2,-0.05)	non-cCRE	RARE	ins_9	11278
mean_skew	[-0.2,-0.05)	non-cCRE	SINGLETON	del_1	758314
mean_skew	[-0.2,-0.05)	non-cCRE	SINGLETON	del_10plus	141830
mean_skew	[-0.2,-0.05)	non-cCRE	SINGLETON	del_2	218151
mean_skew	[-0.2,-0.05)	non-cCRE	SINGLETON	del_3	266309
mean_skew	[-0.2,-0.05)	non-cCRE	SINGLETON	del_4	202878
mean_skew	[-0.2,-0.05)	non-cCRE	SINGLETON	del_5	111704
mean_skew	[-0.2,-0.05)	non-cCRE	SINGLETON	del_6	52893
mean_skew	[-0.2,-0.05)	non-cCRE	SINGLETON	del_7	38630
mean_skew	[-0.2,-0.05)	non-cCRE	SINGLETON	del_8	35552
mean_skew	[-0.2,-0.05)	non-cCRE	SINGLETON	del_9	17406
mean_skew	[-0.2,-0.05)	non-cCRE	SINGLETON	ins_1	200848
mean_skew	[-0.2,-0.05)	non-cCRE	SINGLETON	ins_10plus	203082
mean_skew	[-0.2,-0.05)	non-cCRE	SINGLETON	ins_2	73650
mean_skew	[-0.2,-0.05)	non-cCRE	SINGLETON	ins_3	43161
mean_skew	[-0.2,-0.05)	non-cCRE	SINGLETON	ins_4	74875
mean_skew	[-0.2,-0.05)	non-cCRE	SINGLETON	ins_5	36747
mean_skew	[-0.2,-0.05)	non-cCRE	SINGLETON	ins_6	40213
mean_skew	[-0.2,-0.05)	non-cCRE	SINGLETON	ins_7	24338
mean_skew	[-0.2,-0.05)	non-cCRE	SINGLETON	ins_8	35418
mean_skew	[-0.2,-0.05)	non-cCRE	SINGLETON	ins_9	38920
mean_skew	[-0.2,-0.05)	non-cCRE	ULTRARARE	del_1	482058
mean_skew	[-0.2,-0.05)	non-cCRE	ULTRARARE	del_10plus	136661
mean_skew	[-0.2,-0.05)	non-cCRE	ULTRARARE	del_2	173147
mean_skew	[-0.2,-0.05)	non-cCRE	ULTRARARE	del_3	223493
mean_skew	[-0.2,-0.05)	non-cCRE	ULTRARARE	del_4	185128
mean_skew	[-0.2,-0.05)	non-cCRE	ULTRARARE	del_5	89967
mean_skew	[-0.2,-0.05)	non-cCRE	ULTRARARE	del_6	41380
mean_skew	[-0.2,-0.05)	non-cCRE	ULTRARARE	del_7	31209
mean_skew	[-0.2,-0.05)	non-cCRE	ULTRARARE	del_8	32609
mean_skew	[-0.2,-0.05)	non-cCRE	ULTRARARE	del_9	13313
mean_skew	[-0.2,-0.05)	non-cCRE	ULTRARARE	ins_1	131746
mean_skew	[-0.2,-0.05)	non-cCRE	ULTRARARE	ins_10plus	170875
mean_skew	[-0.2,-0.05)	non-cCRE	ULTRARARE	ins_2	50236
mean_skew	[-0.2,-0.05)	non-cCRE	ULTRARARE	ins_3	30584
mean_skew	[-0.2,-0.05)	non-cCRE	ULTRARARE	ins_4	58523
mean_skew	[-0.2,-0.05)	non-cCRE	ULTRARARE	ins_5	30196
mean_skew	[-0.2,-0.05)	non-cCRE	ULTRARARE	ins_6	34183
mean_skew	[-0.2,-0.05)	non-cCRE	ULTRARARE	ins_7	19018
mean_skew	[-0.2,-0.05)	non-cCRE	ULTRARARE	ins_8	27689
mean_skew	[-0.2,-0.05)	non-cCRE	ULTRARARE	ins_9	29132
mean_skew	[-0.2,-0.05)	pELS	COMMON	del_1	2130
mean_skew	[-0.2,-0.05)	pELS	COMMON	del_10plus	596
mean_skew	[-0.2,-0.05)	pELS	COMMON	del_2	513
mean_skew	[-0.2,-0.05)	pELS	COMMON	del_3	377
mean_skew	[-0.2,-0.05)	pELS	COMMON	del_4	280
mean_skew	[-0.2,-0.05)	pELS	COMMON	del_5	99
mean_skew	[-0.2,-0.05)	pELS	COMMON	del_6	142
mean_skew	[-0.2,-0.05)	pELS	COMMON	del_7	85
mean_skew	[-0.2,-0.05)	pELS	COMMON	del_8	219
mean_skew	[-0.2,-0.05)	pELS	COMMON	del_9	35
mean_skew	[-0.2,-0.05)	pELS	COMMON	ins_1	611
mean_skew	[-0.2,-0.05)	pELS	COMMON	ins_10plus	767
mean_skew	[-0.2,-0.05)	pELS	COMMON	ins_2	293
mean_skew	[-0.2,-0.05)	pELS	COMMON	ins_3	202
mean_skew	[-0.2,-0.05)	pELS	COMMON	ins_4	456
mean_skew	[-0.2,-0.05)	pELS	COMMON	ins_5	142
mean_skew	[-0.2,-0.05)	pELS	COMMON	ins_6	237
mean_skew	[-0.2,-0.05)	pELS	COMMON	ins_7	72
mean_skew	[-0.2,-0.05)	pELS	COMMON	ins_8	162
mean_skew	[-0.2,-0.05)	pELS	COMMON	ins_9	84
mean_skew	[-0.2,-0.05)	pELS	LOW_FREQ	del_1	2035
mean_skew	[-0.2,-0.05)	pELS	LOW_FREQ	del_10plus	716
mean_skew	[-0.2,-0.05)	pELS	LOW_FREQ	del_2	541
mean_skew	[-0.2,-0.05)	pELS	LOW_FREQ	del_3	452
mean_skew	[-0.2,-0.05)	pELS	LOW_FREQ	del_4	354
mean_skew	[-0.2,-0.05)	pELS	LOW_FREQ	del_5	158
mean_skew	[-0.2,-0.05)	pELS	LOW_FREQ	del_6	128
mean_skew	[-0.2,-0.05)	pELS	LOW_FREQ	del_7	108
mean_skew	[-0.2,-0.05)	pELS	LOW_FREQ	del_8	200
mean_skew	[-0.2,-0.05)	pELS	LOW_FREQ	del_9	46
mean_skew	[-0.2,-0.05)	pELS	LOW_FREQ	ins_1	636
mean_skew	[-0.2,-0.05)	pELS	LOW_FREQ	ins_10plus	1017
mean_skew	[-0.2,-0.05)	pELS	LOW_FREQ	ins_2	309
mean_skew	[-0.2,-0.05)	pELS	LOW_FREQ	ins_3	196
mean_skew	[-0.2,-0.05)	pELS	LOW_FREQ	ins_4	434
mean_skew	[-0.2,-0.05)	pELS	LOW_FREQ	ins_5	159
mean_skew	[-0.2,-0.05)	pELS	LOW_FREQ	ins_6	235
mean_skew	[-0.2,-0.05)	pELS	LOW_FREQ	ins_7	79
mean_skew	[-0.2,-0.05)	pELS	LOW_FREQ	ins_8	173
mean_skew	[-0.2,-0.05)	pELS	LOW_FREQ	ins_9	118
mean_skew	[-0.2,-0.05)	pELS	RARE	del_1	3752
mean_skew	[-0.2,-0.05)	pELS	RARE	del_10plus	1489
mean_skew	[-0.2,-0.05)	pELS	RARE	del_2	1238
mean_skew	[-0.2,-0.05)	pELS	RARE	del_3	1200
mean_skew	[-0.2,-0.05)	pELS	RARE	del_4	885
mean_skew	[-0.2,-0.05)	pELS	RARE	del_5	358
mean_skew	[-0.2,-0.05)	pELS	RARE	del_6	336
mean_skew	[-0.2,-0.05)	pELS	RARE	del_7	230
mean_skew	[-0.2,-0.05)	pELS	RARE	del_8	361
mean_skew	[-0.2,-0.05)	pELS	RARE	del_9	109
mean_skew	[-0.2,-0.05)	pELS	RARE	ins_1	1518
mean_skew	[-0.2,-0.05)	pELS	RARE	ins_10plus	1772
mean_skew	[-0.2,-0.05)	pELS	RARE	ins_2	640
mean_skew	[-0.2,-0.05)	pELS	RARE	ins_3	440
mean_skew	[-0.2,-0.05)	pELS	RARE	ins_4	791
mean_skew	[-0.2,-0.05)	pELS	RARE	ins_5	373
mean_skew	[-0.2,-0.05)	pELS	RARE	ins_6	474
mean_skew	[-0.2,-0.05)	pELS	RARE	ins_7	195
mean_skew	[-0.2,-0.05)	pELS	RARE	ins_8	296
mean_skew	[-0.2,-0.05)	pELS	RARE	ins_9	283
mean_skew	[-0.2,-0.05)	pELS	SINGLETON	del_1	29038
mean_skew	[-0.2,-0.05)	pELS	SINGLETON	del_10plus	4286
mean_skew	[-0.2,-0.05)	pELS	SINGLETON	del_2	7228
mean_skew	[-0.2,-0.05)	pELS	SINGLETON	del_3	6844
mean_skew	[-0.2,-0.05)	pELS	SINGLETON	del_4	4516
mean_skew	[-0.2,-0.05)	pELS	SINGLETON	del_5	2318
mean_skew	[-0.2,-0.05)	pELS	SINGLETON	del_6	1402
mean_skew	[-0.2,-0.05)	pELS	SINGLETON	del_7	1161
mean_skew	[-0.2,-0.05)	pELS	SINGLETON	del_8	1168
mean_skew	[-0.2,-0.05)	pELS	SINGLETON	del_9	560
mean_skew	[-0.2,-0.05)	pELS	SINGLETON	ins_1	12016
mean_skew	[-0.2,-0.05)	pELS	SINGLETON	ins_10plus	5775
mean_skew	[-0.2,-0.05)	pELS	SINGLETON	ins_2	3904
mean_skew	[-0.2,-0.05)	pELS	SINGLETON	ins_3	2323
mean_skew	[-0.2,-0.05)	pELS	SINGLETON	ins_4	3596
mean_skew	[-0.2,-0.05)	pELS	SINGLETON	ins_5	1517
mean_skew	[-0.2,-0.05)	pELS	SINGLETON	ins_6	1763
mean_skew	[-0.2,-0.05)	pELS	SINGLETON	ins_7	1008
mean_skew	[-0.2,-0.05)	pELS	SINGLETON	ins_8	1193
mean_skew	[-0.2,-0.05)	pELS	SINGLETON	ins_9	1207
mean_skew	[-0.2,-0.05)	pELS	ULTRARARE	del_1	17888
mean_skew	[-0.2,-0.05)	pELS	ULTRARARE	del_10plus	3890
mean_skew	[-0.2,-0.05)	pELS	ULTRARARE	del_2	5317
mean_skew	[-0.2,-0.05)	pELS	ULTRARARE	del_3	5553
mean_skew	[-0.2,-0.05)	pELS	ULTRARARE	del_4	4033
mean_skew	[-0.2,-0.05)	pELS	ULTRARARE	del_5	1739
mean_skew	[-0.2,-0.05)	pELS	ULTRARARE	del_6	1070
mean_skew	[-0.2,-0.05)	pELS	ULTRARARE	del_7	909
mean_skew	[-0.2,-0.05)	pELS	ULTRARARE	del_8	938
mean_skew	[-0.2,-0.05)	pELS	ULTRARARE	del_9	458
mean_skew	[-0.2,-0.05)	pELS	ULTRARARE	ins_1	7764
mean_skew	[-0.2,-0.05)	pELS	ULTRARARE	ins_10plus	4369
mean_skew	[-0.2,-0.05)	pELS	ULTRARARE	ins_2	2649
mean_skew	[-0.2,-0.05)	pELS	ULTRARARE	ins_3	1564
mean_skew	[-0.2,-0.05)	pELS	ULTRARARE	ins_4	2616
mean_skew	[-0.2,-0.05)	pELS	ULTRARARE	ins_5	1102
mean_skew	[-0.2,-0.05)	pELS	ULTRARARE	ins_6	1406
mean_skew	[-0.2,-0.05)	pELS	ULTRARARE	ins_7	727
mean_skew	[-0.2,-0.05)	pELS	ULTRARARE	ins_8	894
mean_skew	[-0.2,-0.05)	pELS	ULTRARARE	ins_9	854
mean_skew	[-0.5,-0.2)	Other cCREs	COMMON	del_1	295
mean_skew	[-0.5,-0.2)	Other cCREs	COMMON	del_10plus	233
mean_skew	[-0.5,-0.2)	Other cCREs	COMMON	del_2	147
mean_skew	[-0.5,-0.2)	Other cCREs	COMMON	del_3	102
mean_skew	[-0.5,-0.2)	Other cCREs	COMMON	del_4	84
mean_skew	[-0.5,-0.2)	Other cCREs	COMMON	del_5	40
mean_skew	[-0.5,-0.2)	Other cCREs	COMMON	del_6	48
mean_skew	[-0.5,-0.2)	Other cCREs	COMMON	del_7	30
mean_skew	[-0.5,-0.2)	Other cCREs	COMMON	del_8	58
mean_skew	[-0.5,-0.2)	Other cCREs	COMMON	del_9	14
mean_skew	[-0.5,-0.2)	Other cCREs	COMMON	ins_1	165
mean_skew	[-0.5,-0.2)	Other cCREs	COMMON	ins_10plus	391
mean_skew	[-0.5,-0.2)	Other cCREs	COMMON	ins_2	77
mean_skew	[-0.5,-0.2)	Other cCREs	COMMON	ins_3	34
mean_skew	[-0.5,-0.2)	Other cCREs	COMMON	ins_4	62
mean_skew	[-0.5,-0.2)	Other cCREs	COMMON	ins_5	19
mean_skew	[-0.5,-0.2)	Other cCREs	COMMON	ins_6	24
mean_skew	[-0.5,-0.2)	Other cCREs	COMMON	ins_7	10
mean_skew	[-0.5,-0.2)	Other cCREs	COMMON	ins_8	21
mean_skew	[-0.5,-0.2)	Other cCREs	COMMON	ins_9	25
mean_skew	[-0.5,-0.2)	Other cCREs	LOW_FREQ	del_1	357
mean_skew	[-0.5,-0.2)	Other cCREs	LOW_FREQ	del_10plus	270
mean_skew	[-0.5,-0.2)	Other cCREs	LOW_FREQ	del_2	141
mean_skew	[-0.5,-0.2)	Other cCREs	LOW_FREQ	del_3	115
mean_skew	[-0.5,-0.2)	Other cCREs	LOW_FREQ	del_4	120
mean_skew	[-0.5,-0.2)	Other cCREs	LOW_FREQ	del_5	43
mean_skew	[-0.5,-0.2)	Other cCREs	LOW_FREQ	del_6	64
mean_skew	[-0.5,-0.2)	Other cCREs	LOW_FREQ	del_7	39
mean_skew	[-0.5,-0.2)	Other cCREs	LOW_FREQ	del_8	71
mean_skew	[-0.5,-0.2)	Other cCREs	LOW_FREQ	del_9	23
mean_skew	[-0.5,-0.2)	Other cCREs	LOW_FREQ	ins_1	178
mean_skew	[-0.5,-0.2)	Other cCREs	LOW_FREQ	ins_10plus	576
mean_skew	[-0.5,-0.2)	Other cCREs	LOW_FREQ	ins_2	68
mean_skew	[-0.5,-0.2)	Other cCREs	LOW_FREQ	ins_3	38
mean_skew	[-0.5,-0.2)	Other cCREs	LOW_FREQ	ins_4	57
mean_skew	[-0.5,-0.2)	Other cCREs	LOW_FREQ	ins_5	28
mean_skew	[-0.5,-0.2)	Other cCREs	LOW_FREQ	ins_6	30
mean_skew	[-0.5,-0.2)	Other cCREs	LOW_FREQ	ins_7	16
mean_skew	[-0.5,-0.2)	Other cCREs	LOW_FREQ	ins_8	34
mean_skew	[-0.5,-0.2)	Other cCREs	LOW_FREQ	ins_9	27
mean_skew	[-0.5,-0.2)	Other cCREs	RARE	del_1	913
mean_skew	[-0.5,-0.2)	Other cCREs	RARE	del_10plus	699
mean_skew	[-0.5,-0.2)	Other cCREs	RARE	del_2	369
mean_skew	[-0.5,-0.2)	Other cCREs	RARE	del_3	290
mean_skew	[-0.5,-0.2)	Other cCREs	RARE	del_4	295
mean_skew	[-0.5,-0.2)	Other cCREs	RARE	del_5	106
mean_skew	[-0.5,-0.2)	Other cCREs	RARE	del_6	134
mean_skew	[-0.5,-0.2)	Other cCREs	RARE	del_7	99
mean_skew	[-0.5,-0.2)	Other cCREs	RARE	del_8	125
mean_skew	[-0.5,-0.2)	Other cCREs	RARE	del_9	50
mean_skew	[-0.5,-0.2)	Other cCREs	RARE	ins_1	314
mean_skew	[-0.5,-0.2)	Other cCREs	RARE	ins_10plus	1037
mean_skew	[-0.5,-0.2)	Other cCREs	RARE	ins_2	172
mean_skew	[-0.5,-0.2)	Other cCREs	RARE	ins_3	72
mean_skew	[-0.5,-0.2)	Other cCREs	RARE	ins_4	121
mean_skew	[-0.5,-0.2)	Other cCREs	RARE	ins_5	44
mean_skew	[-0.5,-0.2)	Other cCREs	RARE	ins_6	60
mean_skew	[-0.5,-0.2)	Other cCREs	RARE	ins_7	47
mean_skew	[-0.5,-0.2)	Other cCREs	RARE	ins_8	59
mean_skew	[-0.5,-0.2)	Other cCREs	RARE	ins_9	91
mean_skew	[-0.5,-0.2)	Other cCREs	SINGLETON	del_1	9566
mean_skew	[-0.5,-0.2)	Other cCREs	SINGLETON	del_10plus	2952
mean_skew	[-0.5,-0.2)	Other cCREs	SINGLETON	del_2	2578
mean_skew	[-0.5,-0.2)	Other cCREs	SINGLETON	del_3	2250
mean_skew	[-0.5,-0.2)	Other cCREs	SINGLETON	del_4	1923
mean_skew	[-0.5,-0.2)	Other cCREs	SINGLETON	del_5	933
mean_skew	[-0.5,-0.2)	Other cCREs	SINGLETON	del_6	711
mean_skew	[-0.5,-0.2)	Other cCREs	SINGLETON	del_7	607
mean_skew	[-0.5,-0.2)	Other cCREs	SINGLETON	del_8	639
mean_skew	[-0.5,-0.2)	Other cCREs	SINGLETON	del_9	372
mean_skew	[-0.5,-0.2)	Other cCREs	SINGLETON	ins_1	3247
mean_skew	[-0.5,-0.2)	Other cCREs	SINGLETON	ins_10plus	3618
mean_skew	[-0.5,-0.2)	Other cCREs	SINGLETON	ins_2	1137
mean_skew	[-0.5,-0.2)	Other cCREs	SINGLETON	ins_3	633
mean_skew	[-0.5,-0.2)	Other cCREs	SINGLETON	ins_4	781
mean_skew	[-0.5,-0.2)	Other cCREs	SINGLETON	ins_5	361
mean_skew	[-0.5,-0.2)	Other cCREs	SINGLETON	ins_6	375
mean_skew	[-0.5,-0.2)	Other cCREs	SINGLETON	ins_7	227
mean_skew	[-0.5,-0.2)	Other cCREs	SINGLETON	ins_8	282
mean_skew	[-0.5,-0.2)	Other cCREs	SINGLETON	ins_9	412
mean_skew	[-0.5,-0.2)	Other cCREs	ULTRARARE	del_1	5517
mean_skew	[-0.5,-0.2)	Other cCREs	ULTRARARE	del_10plus	2164
mean_skew	[-0.5,-0.2)	Other cCREs	ULTRARARE	del_2	1715
mean_skew	[-0.5,-0.2)	Other cCREs	ULTRARARE	del_3	1532
mean_skew	[-0.5,-0.2)	Other cCREs	ULTRARARE	del_4	1485
mean_skew	[-0.5,-0.2)	Other cCREs	ULTRARARE	del_5	651
mean_skew	[-0.5,-0.2)	Other cCREs	ULTRARARE	del_6	483
mean_skew	[-0.5,-0.2)	Other cCREs	ULTRARARE	del_7	440
mean_skew	[-0.5,-0.2)	Other cCREs	ULTRARARE	del_8	478
mean_skew	[-0.5,-0.2)	Other cCREs	ULTRARARE	del_9	227
mean_skew	[-0.5,-0.2)	Other cCREs	ULTRARARE	ins_1	1892
mean_skew	[-0.5,-0.2)	Other cCREs	ULTRARARE	ins_10plus	2677
mean_skew	[-0.5,-0.2)	Other cCREs	ULTRARARE	ins_2	714
mean_skew	[-0.5,-0.2)	Other cCREs	ULTRARARE	ins_3	401
mean_skew	[-0.5,-0.2)	Other cCREs	ULTRARARE	ins_4	513
mean_skew	[-0.5,-0.2)	Other cCREs	ULTRARARE	ins_5	233
mean_skew	[-0.5,-0.2)	Other cCREs	ULTRARARE	ins_6	266
mean_skew	[-0.5,-0.2)	Other cCREs	ULTRARARE	ins_7	135
mean_skew	[-0.5,-0.2)	Other cCREs	ULTRARARE	ins_8	208
mean_skew	[-0.5,-0.2)	Other cCREs	ULTRARARE	ins_9	268
mean_skew	[-0.5,-0.2)	PLS	COMMON	del_1	48
mean_skew	[-0.5,-0.2)	PLS	COMMON	del_10plus	26
mean_skew	[-0.5,-0.2)	PLS	COMMON	del_2	11
mean_skew	[-0.5,-0.2)	PLS	COMMON	del_3	10
mean_skew	[-0.5,-0.2)	PLS	COMMON	del_4	4
mean_skew	[-0.5,-0.2)	PLS	COMMON	del_5	9
mean_skew	[-0.5,-0.2)	PLS	COMMON	del_6	5
mean_skew	[-0.5,-0.2)	PLS	COMMON	del_7	4
mean_skew	[-0.5,-0.2)	PLS	COMMON	del_8	4
mean_skew	[-0.5,-0.2)	PLS	COMMON	del_9	4
mean_skew	[-0.5,-0.2)	PLS	COMMON	ins_1	34
mean_skew	[-0.5,-0.2)	PLS	COMMON	ins_10plus	52
mean_skew	[-0.5,-0.2)	PLS	COMMON	ins_2	11
mean_skew	[-0.5,-0.2)	PLS	COMMON	ins_3	8
mean_skew	[-0.5,-0.2)	PLS	COMMON	ins_4	10
mean_skew	[-0.5,-0.2)	PLS	COMMON	ins_5	4
mean_skew	[-0.5,-0.2)	PLS	COMMON	ins_6	6
mean_skew	[-0.5,-0.2)	PLS	COMMON	ins_7	4
mean_skew	[-0.5,-0.2)	PLS	COMMON	ins_8	6
mean_skew	[-0.5,-0.2)	PLS	COMMON	ins_9	6
mean_skew	[-0.5,-0.2)	PLS	LOW_FREQ	del_1	75
mean_skew	[-0.5,-0.2)	PLS	LOW_FREQ	del_10plus	71
mean_skew	[-0.5,-0.2)	PLS	LOW_FREQ	del_2	15
mean_skew	[-0.5,-0.2)	PLS	LOW_FREQ	del_3	14
mean_skew	[-0.5,-0.2)	PLS	LOW_FREQ	del_4	10
mean_skew	[-0.5,-0.2)	PLS	LOW_FREQ	del_5	3
mean_skew	[-0.5,-0.2)	PLS	LOW_FREQ	del_6	8
mean_skew	[-0.5,-0.2)	PLS	LOW_FREQ	del_7	6
mean_skew	[-0.5,-0.2)	PLS	LOW_FREQ	del_8	9
mean_skew	[-0.5,-0.2)	PLS	LOW_FREQ	del_9	4
mean_skew	[-0.5,-0.2)	PLS	LOW_FREQ	ins_1	34
mean_skew	[-0.5,-0.2)	PLS	LOW_FREQ	ins_10plus	96
mean_skew	[-0.5,-0.2)	PLS	LOW_FREQ	ins_2	15
mean_skew	[-0.5,-0.2)	PLS	LOW_FREQ	ins_3	10
mean_skew	[-0.5,-0.2)	PLS	LOW_FREQ	ins_4	15
mean_skew	[-0.5,-0.2)	PLS	LOW_FREQ	ins_5	10
mean_skew	[-0.5,-0.2)	PLS	LOW_FREQ	ins_6	13
mean_skew	[-0.5,-0.2)	PLS	LOW_FREQ	ins_7	5
mean_skew	[-0.5,-0.2)	PLS	LOW_FREQ	ins_8	14
mean_skew	[-0.5,-0.2)	PLS	LOW_FREQ	ins_9	10
mean_skew	[-0.5,-0.2)	PLS	RARE	del_1	190
mean_skew	[-0.5,-0.2)	PLS	RARE	del_10plus	167
mean_skew	[-0.5,-0.2)	PLS	RARE	del_2	37
mean_skew	[-0.5,-0.2)	PLS	RARE	del_3	25
mean_skew	[-0.5,-0.2)	PLS	RARE	del_4	30
mean_skew	[-0.5,-0.2)	PLS	RARE	del_5	18
mean_skew	[-0.5,-0.2)	PLS	RARE	del_6	21
mean_skew	[-0.5,-0.2)	PLS	RARE	del_7	8
mean_skew	[-0.5,-0.2)	PLS	RARE	del_8	14
mean_skew	[-0.5,-0.2)	PLS	RARE	del_9	7
mean_skew	[-0.5,-0.2)	PLS	RARE	ins_1	121
mean_skew	[-0.5,-0.2)	PLS	RARE	ins_10plus	217
mean_skew	[-0.5,-0.2)	PLS	RARE	ins_2	33
mean_skew	[-0.5,-0.2)	PLS	RARE	ins_3	16
mean_skew	[-0.5,-0.2)	PLS	RARE	ins_4	21
mean_skew	[-0.5,-0.2)	PLS	RARE	ins_5	13
mean_skew	[-0.5,-0.2)	PLS	RARE	ins_6	13
mean_skew	[-0.5,-0.2)	PLS	RARE	ins_7	17
mean_skew	[-0.5,-0.2)	PLS	RARE	ins_8	17
mean_skew	[-0.5,-0.2)	PLS	RARE	ins_9	42
mean_skew	[-0.5,-0.2)	PLS	SINGLETON	del_1	1873
mean_skew	[-0.5,-0.2)	PLS	SINGLETON	del_10plus	694
mean_skew	[-0.5,-0.2)	PLS	SINGLETON	del_2	306
mean_skew	[-0.5,-0.2)	PLS	SINGLETON	del_3	286
mean_skew	[-0.5,-0.2)	PLS	SINGLETON	del_4	168
mean_skew	[-0.5,-0.2)	PLS	SINGLETON	del_5	128
mean_skew	[-0.5,-0.2)	PLS	SINGLETON	del_6	111
mean_skew	[-0.5,-0.2)	PLS	SINGLETON	del_7	90
mean_skew	[-0.5,-0.2)	PLS	SINGLETON	del_8	103
mean_skew	[-0.5,-0.2)	PLS	SINGLETON	del_9	73
mean_skew	[-0.5,-0.2)	PLS	SINGLETON	ins_1	887
mean_skew	[-0.5,-0.2)	PLS	SINGLETON	ins_10plus	937
mean_skew	[-0.5,-0.2)	PLS	SINGLETON	ins_2	297
mean_skew	[-0.5,-0.2)	PLS	SINGLETON	ins_3	169
mean_skew	[-0.5,-0.2)	PLS	SINGLETON	ins_4	200
mean_skew	[-0.5,-0.2)	PLS	SINGLETON	ins_5	108
mean_skew	[-0.5,-0.2)	PLS	SINGLETON	ins_6	123
mean_skew	[-0.5,-0.2)	PLS	SINGLETON	ins_7	110
mean_skew	[-0.5,-0.2)	PLS	SINGLETON	ins_8	97
mean_skew	[-0.5,-0.2)	PLS	SINGLETON	ins_9	134
mean_skew	[-0.5,-0.2)	PLS	ULTRARARE	del_1	1145
mean_skew	[-0.5,-0.2)	PLS	ULTRARARE	del_10plus	602
mean_skew	[-0.5,-0.2)	PLS	ULTRARARE	del_2	213
mean_skew	[-0.5,-0.2)	PLS	ULTRARARE	del_3	173
mean_skew	[-0.5,-0.2)	PLS	ULTRARARE	del_4	127
mean_skew	[-0.5,-0.2)	PLS	ULTRARARE	del_5	77
mean_skew	[-0.5,-0.2)	PLS	ULTRARARE	del_6	89
mean_skew	[-0.5,-0.2)	PLS	ULTRARARE	del_7	68
mean_skew	[-0.5,-0.2)	PLS	ULTRARARE	del_8	70
mean_skew	[-0.5,-0.2)	PLS	ULTRARARE	del_9	39
mean_skew	[-0.5,-0.2)	PLS	ULTRARARE	ins_1	591
mean_skew	[-0.5,-0.2)	PLS	ULTRARARE	ins_10plus	759
mean_skew	[-0.5,-0.2)	PLS	ULTRARARE	ins_2	187
mean_skew	[-0.5,-0.2)	PLS	ULTRARARE	ins_3	114
mean_skew	[-0.5,-0.2)	PLS	ULTRARARE	ins_4	100
mean_skew	[-0.5,-0.2)	PLS	ULTRARARE	ins_5	79
mean_skew	[-0.5,-0.2)	PLS	ULTRARARE	ins_6	103
mean_skew	[-0.5,-0.2)	PLS	ULTRARARE	ins_7	53
mean_skew	[-0.5,-0.2)	PLS	ULTRARARE	ins_8	70
mean_skew	[-0.5,-0.2)	PLS	ULTRARARE	ins_9	93
mean_skew	[-0.5,-0.2)	dELS	COMMON	del_1	849
mean_skew	[-0.5,-0.2)	dELS	COMMON	del_10plus	556
mean_skew	[-0.5,-0.2)	dELS	COMMON	del_2	303
mean_skew	[-0.5,-0.2)	dELS	COMMON	del_3	257
mean_skew	[-0.5,-0.2)	dELS	COMMON	del_4	226
mean_skew	[-0.5,-0.2)	dELS	COMMON	del_5	108
mean_skew	[-0.5,-0.2)	dELS	COMMON	del_6	126
mean_skew	[-0.5,-0.2)	dELS	COMMON	del_7	70
mean_skew	[-0.5,-0.2)	dELS	COMMON	del_8	116
mean_skew	[-0.5,-0.2)	dELS	COMMON	del_9	43
mean_skew	[-0.5,-0.2)	dELS	COMMON	ins_1	503
mean_skew	[-0.5,-0.2)	dELS	COMMON	ins_10plus	1117
mean_skew	[-0.5,-0.2)	dELS	COMMON	ins_2	211
mean_skew	[-0.5,-0.2)	dELS	COMMON	ins_3	89
mean_skew	[-0.5,-0.2)	dELS	COMMON	ins_4	138
mean_skew	[-0.5,-0.2)	dELS	COMMON	ins_5	63
mean_skew	[-0.5,-0.2)	dELS	COMMON	ins_6	67
mean_skew	[-0.5,-0.2)	dELS	COMMON	ins_7	50
mean_skew	[-0.5,-0.2)	dELS	COMMON	ins_8	59
mean_skew	[-0.5,-0.2)	dELS	COMMON	ins_9	75
mean_skew	[-0.5,-0.2)	dELS	LOW_FREQ	del_1	1040
mean_skew	[-0.5,-0.2)	dELS	LOW_FREQ	del_10plus	707
mean_skew	[-0.5,-0.2)	dELS	LOW_FREQ	del_2	367
mean_skew	[-0.5,-0.2)	dELS	LOW_FREQ	del_3	290
mean_skew	[-0.5,-0.2)	dELS	LOW_FREQ	del_4	307
mean_skew	[-0.5,-0.2)	dELS	LOW_FREQ	del_5	122
mean_skew	[-0.5,-0.2)	dELS	LOW_FREQ	del_6	141
mean_skew	[-0.5,-0.2)	dELS	LOW_FREQ	del_7	83
mean_skew	[-0.5,-0.2)	dELS	LOW_FREQ	del_8	141
mean_skew	[-0.5,-0.2)	dELS	LOW_FREQ	del_9	53
mean_skew	[-0.5,-0.2)	dELS	LOW_FREQ	ins_1	491
mean_skew	[-0.5,-0.2)	dELS	LOW_FREQ	ins_10plus	1467
mean_skew	[-0.5,-0.2)	dELS	LOW_FREQ	ins_2	193
mean_skew	[-0.5,-0.2)	dELS	LOW_FREQ	ins_3	99
mean_skew	[-0.5,-0.2)	dELS	LOW_FREQ	ins_4	156
mean_skew	[-0.5,-0.2)	dELS	LOW_FREQ	ins_5	60
mean_skew	[-0.5,-0.2)	dELS	LOW_FREQ	ins_6	88
mean_skew	[-0.5,-0.2)	dELS	LOW_FREQ	ins_7	49
mean_skew	[-0.5,-0.2)	dELS	LOW_FREQ	ins_8	77
mean_skew	[-0.5,-0.2)	dELS	LOW_FREQ	ins_9	76
mean_skew	[-0.5,-0.2)	dELS	RARE	del_1	2763
mean_skew	[-0.5,-0.2)	dELS	RARE	del_10plus	1654
mean_skew	[-0.5,-0.2)	dELS	RARE	del_2	969
mean_skew	[-0.5,-0.2)	dELS	RARE	del_3	808
mean_skew	[-0.5,-0.2)	dELS	RARE	del_4	806
mean_skew	[-0.5,-0.2)	dELS	RARE	del_5	381
mean_skew	[-0.5,-0.2)	dELS	RARE	del_6	349
mean_skew	[-0.5,-0.2)	dELS	RARE	del_7	250
mean_skew	[-0.5,-0.2)	dELS	RARE	del_8	309
mean_skew	[-0.5,-0.2)	dELS	RARE	del_9	129
mean_skew	[-0.5,-0.2)	dELS	RARE	ins_1	1137
mean_skew	[-0.5,-0.2)	dELS	RARE	ins_10plus	2628
mean_skew	[-0.5,-0.2)	dELS	RARE	ins_2	499
mean_skew	[-0.5,-0.2)	dELS	RARE	ins_3	220
mean_skew	[-0.5,-0.2)	dELS	RARE	ins_4	367
mean_skew	[-0.5,-0.2)	dELS	RARE	ins_5	161
mean_skew	[-0.5,-0.2)	dELS	RARE	ins_6	177
mean_skew	[-0.5,-0.2)	dELS	RARE	ins_7	118
mean_skew	[-0.5,-0.2)	dELS	RARE	ins_8	144
mean_skew	[-0.5,-0.2)	dELS	RARE	ins_9	214
mean_skew	[-0.5,-0.2)	dELS	SINGLETON	del_1	30173
mean_skew	[-0.5,-0.2)	dELS	SINGLETON	del_10plus	8264
mean_skew	[-0.5,-0.2)	dELS	SINGLETON	del_2	7974
mean_skew	[-0.5,-0.2)	dELS	SINGLETON	del_3	6778
mean_skew	[-0.5,-0.2)	dELS	SINGLETON	del_4	5463
mean_skew	[-0.5,-0.2)	dELS	SINGLETON	del_5	2802
mean_skew	[-0.5,-0.2)	dELS	SINGLETON	del_6	2005
mean_skew	[-0.5,-0.2)	dELS	SINGLETON	del_7	1762
mean_skew	[-0.5,-0.2)	dELS	SINGLETON	del_8	1676
mean_skew	[-0.5,-0.2)	dELS	SINGLETON	del_9	1064
mean_skew	[-0.5,-0.2)	dELS	SINGLETON	ins_1	10184
mean_skew	[-0.5,-0.2)	dELS	SINGLETON	ins_10plus	10033
mean_skew	[-0.5,-0.2)	dELS	SINGLETON	ins_2	3418
mean_skew	[-0.5,-0.2)	dELS	SINGLETON	ins_3	1922
mean_skew	[-0.5,-0.2)	dELS	SINGLETON	ins_4	2485
mean_skew	[-0.5,-0.2)	dELS	SINGLETON	ins_5	1060
mean_skew	[-0.5,-0.2)	dELS	SINGLETON	ins_6	1036
mean_skew	[-0.5,-0.2)	dELS	SINGLETON	ins_7	738
mean_skew	[-0.5,-0.2)	dELS	SINGLETON	ins_8	939
mean_skew	[-0.5,-0.2)	dELS	SINGLETON	ins_9	1293
mean_skew	[-0.5,-0.2)	dELS	ULTRARARE	del_1	16537
mean_skew	[-0.5,-0.2)	dELS	ULTRARARE	del_10plus	5983
mean_skew	[-0.5,-0.2)	dELS	ULTRARARE	del_2	5174
mean_skew	[-0.5,-0.2)	dELS	ULTRARARE	del_3	4639
mean_skew	[-0.5,-0.2)	dELS	ULTRARARE	del_4	4078
mean_skew	[-0.5,-0.2)	dELS	ULTRARARE	del_5	1772
mean_skew	[-0.5,-0.2)	dELS	ULTRARARE	del_6	1348
mean_skew	[-0.5,-0.2)	dELS	ULTRARARE	del_7	1167
mean_skew	[-0.5,-0.2)	dELS	ULTRARARE	del_8	1184
mean_skew	[-0.5,-0.2)	dELS	ULTRARARE	del_9	669
mean_skew	[-0.5,-0.2)	dELS	ULTRARARE	ins_1	6115
mean_skew	[-0.5,-0.2)	dELS	ULTRARARE	ins_10plus	7153
mean_skew	[-0.5,-0.2)	dELS	ULTRARARE	ins_2	2155
mean_skew	[-0.5,-0.2)	dELS	ULTRARARE	ins_3	1053
mean_skew	[-0.5,-0.2)	dELS	ULTRARARE	ins_4	1535
mean_skew	[-0.5,-0.2)	dELS	ULTRARARE	ins_5	683
mean_skew	[-0.5,-0.2)	dELS	ULTRARARE	ins_6	728
mean_skew	[-0.5,-0.2)	dELS	ULTRARARE	ins_7	451
mean_skew	[-0.5,-0.2)	dELS	ULTRARARE	ins_8	607
mean_skew	[-0.5,-0.2)	dELS	ULTRARARE	ins_9	850
mean_skew	[-0.5,-0.2)	non-cCRE	COMMON	del_1	1987
mean_skew	[-0.5,-0.2)	non-cCRE	COMMON	del_10plus	2024
mean_skew	[-0.5,-0.2)	non-cCRE	COMMON	del_2	914
mean_skew	[-0.5,-0.2)	non-cCRE	COMMON	del_3	846
mean_skew	[-0.5,-0.2)	non-cCRE	COMMON	del_4	862
mean_skew	[-0.5,-0.2)	non-cCRE	COMMON	del_5	543
mean_skew	[-0.5,-0.2)	non-cCRE	COMMON	del_6	422
mean_skew	[-0.5,-0.2)	non-cCRE	COMMON	del_7	328
mean_skew	[-0.5,-0.2)	non-cCRE	COMMON	del_8	444
mean_skew	[-0.5,-0.2)	non-cCRE	COMMON	del_9	186
mean_skew	[-0.5,-0.2)	non-cCRE	COMMON	ins_1	1045
mean_skew	[-0.5,-0.2)	non-cCRE	COMMON	ins_10plus	4147
mean_skew	[-0.5,-0.2)	non-cCRE	COMMON	ins_2	461
mean_skew	[-0.5,-0.2)	non-cCRE	COMMON	ins_3	261
mean_skew	[-0.5,-0.2)	non-cCRE	COMMON	ins_4	378
mean_skew	[-0.5,-0.2)	non-cCRE	COMMON	ins_5	165
mean_skew	[-0.5,-0.2)	non-cCRE	COMMON	ins_6	193
mean_skew	[-0.5,-0.2)	non-cCRE	COMMON	ins_7	134
mean_skew	[-0.5,-0.2)	non-cCRE	COMMON	ins_8	230
mean_skew	[-0.5,-0.2)	non-cCRE	COMMON	ins_9	280
mean_skew	[-0.5,-0.2)	non-cCRE	LOW_FREQ	del_1	2346
mean_skew	[-0.5,-0.2)	non-cCRE	LOW_FREQ	del_10plus	2554
mean_skew	[-0.5,-0.2)	non-cCRE	LOW_FREQ	del_2	1069
mean_skew	[-0.5,-0.2)	non-cCRE	LOW_FREQ	del_3	1099
mean_skew	[-0.5,-0.2)	non-cCRE	LOW_FREQ	del_4	1108
mean_skew	[-0.5,-0.2)	non-cCRE	LOW_FREQ	del_5	615
mean_skew	[-0.5,-0.2)	non-cCRE	LOW_FREQ	del_6	498
mean_skew	[-0.5,-0.2)	non-cCRE	LOW_FREQ	del_7	460
mean_skew	[-0.5,-0.2)	non-cCRE	LOW_FREQ	del_8	587
mean_skew	[-0.5,-0.2)	non-cCRE	LOW_FREQ	del_9	234
mean_skew	[-0.5,-0.2)	non-cCRE	LOW_FREQ	ins_1	1021
mean_skew	[-0.5,-0.2)	non-cCRE	LOW_FREQ	ins_10plus	6224
mean_skew	[-0.5,-0.2)	non-cCRE	LOW_FREQ	ins_2	504
mean_skew	[-0.5,-0.2)	non-cCRE	LOW_FREQ	ins_3	241
mean_skew	[-0.5,-0.2)	non-cCRE	LOW_FREQ	ins_4	392
mean_skew	[-0.5,-0.2)	non-cCRE	LOW_FREQ	ins_5	177
mean_skew	[-0.5,-0.2)	non-cCRE	LOW_FREQ	ins_6	244
mean_skew	[-0.5,-0.2)	non-cCRE	LOW_FREQ	ins_7	165
mean_skew	[-0.5,-0.2)	non-cCRE	LOW_FREQ	ins_8	261
mean_skew	[-0.5,-0.2)	non-cCRE	LOW_FREQ	ins_9	396
mean_skew	[-0.5,-0.2)	non-cCRE	RARE	del_1	5767
mean_skew	[-0.5,-0.2)	non-cCRE	RARE	del_10plus	6032
mean_skew	[-0.5,-0.2)	non-cCRE	RARE	del_2	2555
mean_skew	[-0.5,-0.2)	non-cCRE	RARE	del_3	2593
mean_skew	[-0.5,-0.2)	non-cCRE	RARE	del_4	2629
mean_skew	[-0.5,-0.2)	non-cCRE	RARE	del_5	1588
mean_skew	[-0.5,-0.2)	non-cCRE	RARE	del_6	1271
mean_skew	[-0.5,-0.2)	non-cCRE	RARE	del_7	1284
mean_skew	[-0.5,-0.2)	non-cCRE	RARE	del_8	1313
mean_skew	[-0.5,-0.2)	non-cCRE	RARE	del_9	649
mean_skew	[-0.5,-0.2)	non-cCRE	RARE	ins_1	2270
mean_skew	[-0.5,-0.2)	non-cCRE	RARE	ins_10plus	12347
mean_skew	[-0.5,-0.2)	non-cCRE	RARE	ins_2	1147
mean_skew	[-0.5,-0.2)	non-cCRE	RARE	ins_3	526
mean_skew	[-0.5,-0.2)	non-cCRE	RARE	ins_4	824
mean_skew	[-0.5,-0.2)	non-cCRE	RARE	ins_5	466
mean_skew	[-0.5,-0.2)	non-cCRE	RARE	ins_6	513
mean_skew	[-0.5,-0.2)	non-cCRE	RARE	ins_7	335
mean_skew	[-0.5,-0.2)	non-cCRE	RARE	ins_8	512
mean_skew	[-0.5,-0.2)	non-cCRE	RARE	ins_9	809
mean_skew	[-0.5,-0.2)	non-cCRE	SINGLETON	del_1	60925
mean_skew	[-0.5,-0.2)	non-cCRE	SINGLETON	del_10plus	28041
mean_skew	[-0.5,-0.2)	non-cCRE	SINGLETON	del_2	18366
mean_skew	[-0.5,-0.2)	non-cCRE	SINGLETON	del_3	18201
mean_skew	[-0.5,-0.2)	non-cCRE	SINGLETON	del_4	17662
mean_skew	[-0.5,-0.2)	non-cCRE	SINGLETON	del_5	11293
mean_skew	[-0.5,-0.2)	non-cCRE	SINGLETON	del_6	7760
mean_skew	[-0.5,-0.2)	non-cCRE	SINGLETON	del_7	6922
mean_skew	[-0.5,-0.2)	non-cCRE	SINGLETON	del_8	6610
mean_skew	[-0.5,-0.2)	non-cCRE	SINGLETON	del_9	3981
mean_skew	[-0.5,-0.2)	non-cCRE	SINGLETON	ins_1	19029
mean_skew	[-0.5,-0.2)	non-cCRE	SINGLETON	ins_10plus	37033
mean_skew	[-0.5,-0.2)	non-cCRE	SINGLETON	ins_2	7975
mean_skew	[-0.5,-0.2)	non-cCRE	SINGLETON	ins_3	3931
mean_skew	[-0.5,-0.2)	non-cCRE	SINGLETON	ins_4	5142
mean_skew	[-0.5,-0.2)	non-cCRE	SINGLETON	ins_5	2554
mean_skew	[-0.5,-0.2)	non-cCRE	SINGLETON	ins_6	2468
mean_skew	[-0.5,-0.2)	non-cCRE	SINGLETON	ins_7	1848
mean_skew	[-0.5,-0.2)	non-cCRE	SINGLETON	ins_8	2437
mean_skew	[-0.5,-0.2)	non-cCRE	SINGLETON	ins_9	3269
mean_skew	[-0.5,-0.2)	non-cCRE	ULTRARARE	del_1	34179
mean_skew	[-0.5,-0.2)	non-cCRE	ULTRARARE	del_10plus	21381
mean_skew	[-0.5,-0.2)	non-cCRE	ULTRARARE	del_2	12248
mean_skew	[-0.5,-0.2)	non-cCRE	ULTRARARE	del_3	13354
mean_skew	[-0.5,-0.2)	non-cCRE	ULTRARARE	del_4	14256
mean_skew	[-0.5,-0.2)	non-cCRE	ULTRARARE	del_5	8045
mean_skew	[-0.5,-0.2)	non-cCRE	ULTRARARE	del_6	5339
mean_skew	[-0.5,-0.2)	non-cCRE	ULTRARARE	del_7	5009
mean_skew	[-0.5,-0.2)	non-cCRE	ULTRARARE	del_8	4930
mean_skew	[-0.5,-0.2)	non-cCRE	ULTRARARE	del_9	2771
mean_skew	[-0.5,-0.2)	non-cCRE	ULTRARARE	ins_1	11855
mean_skew	[-0.5,-0.2)	non-cCRE	ULTRARARE	ins_10plus	29090
mean_skew	[-0.5,-0.2)	non-cCRE	ULTRARARE	ins_2	4989
mean_skew	[-0.5,-0.2)	non-cCRE	ULTRARARE	ins_3	2320
mean_skew	[-0.5,-0.2)	non-cCRE	ULTRARARE	ins_4	3313
mean_skew	[-0.5,-0.2)	non-cCRE	ULTRARARE	ins_5	1693
mean_skew	[-0.5,-0.2)	non-cCRE	ULTRARARE	ins_6	1722
mean_skew	[-0.5,-0.2)	non-cCRE	ULTRARARE	ins_7	1138
mean_skew	[-0.5,-0.2)	non-cCRE	ULTRARARE	ins_8	1727
mean_skew	[-0.5,-0.2)	non-cCRE	ULTRARARE	ins_9	2376
mean_skew	[-0.5,-0.2)	pELS	COMMON	del_1	151
mean_skew	[-0.5,-0.2)	pELS	COMMON	del_10plus	98
mean_skew	[-0.5,-0.2)	pELS	COMMON	del_2	64
mean_skew	[-0.5,-0.2)	pELS	COMMON	del_3	41
mean_skew	[-0.5,-0.2)	pELS	COMMON	del_4	31
mean_skew	[-0.5,-0.2)	pELS	COMMON	del_5	21
mean_skew	[-0.5,-0.2)	pELS	COMMON	del_6	26
mean_skew	[-0.5,-0.2)	pELS	COMMON	del_7	18
mean_skew	[-0.5,-0.2)	pELS	COMMON	del_8	22
mean_skew	[-0.5,-0.2)	pELS	COMMON	del_9	5
mean_skew	[-0.5,-0.2)	pELS	COMMON	ins_1	82
mean_skew	[-0.5,-0.2)	pELS	COMMON	ins_10plus	198
mean_skew	[-0.5,-0.2)	pELS	COMMON	ins_2	26
mean_skew	[-0.5,-0.2)	pELS	COMMON	ins_3	21
mean_skew	[-0.5,-0.2)	pELS	COMMON	ins_4	33
mean_skew	[-0.5,-0.2)	pELS	COMMON	ins_5	10
mean_skew	[-0.5,-0.2)	pELS	COMMON	ins_6	18
mean_skew	[-0.5,-0.2)	pELS	COMMON	ins_7	9
mean_skew	[-0.5,-0.2)	pELS	COMMON	ins_8	18
mean_skew	[-0.5,-0.2)	pELS	COMMON	ins_9	14
mean_skew	[-0.5,-0.2)	pELS	LOW_FREQ	del_1	196
mean_skew	[-0.5,-0.2)	pELS	LOW_FREQ	del_10plus	146
mean_skew	[-0.5,-0.2)	pELS	LOW_FREQ	del_2	75
mean_skew	[-0.5,-0.2)	pELS	LOW_FREQ	del_3	66
mean_skew	[-0.5,-0.2)	pELS	LOW_FREQ	del_4	53
mean_skew	[-0.5,-0.2)	pELS	LOW_FREQ	del_5	22
mean_skew	[-0.5,-0.2)	pELS	LOW_FREQ	del_6	40
mean_skew	[-0.5,-0.2)	pELS	LOW_FREQ	del_7	17
mean_skew	[-0.5,-0.2)	pELS	LOW_FREQ	del_8	24
mean_skew	[-0.5,-0.2)	pELS	LOW_FREQ	del_9	13
mean_skew	[-0.5,-0.2)	pELS	LOW_FREQ	ins_1	108
mean_skew	[-0.5,-0.2)	pELS	LOW_FREQ	ins_10plus	323
mean_skew	[-0.5,-0.2)	pELS	LOW_FREQ	ins_2	27
mean_skew	[-0.5,-0.2)	pELS	LOW_FREQ	ins_3	22
mean_skew	[-0.5,-0.2)	pELS	LOW_FREQ	ins_4	35
mean_skew	[-0.5,-0.2)	pELS	LOW_FREQ	ins_5	16
mean_skew	[-0.5,-0.2)	pELS	LOW_FREQ	ins_6	18
mean_skew	[-0.5,-0.2)	pELS	LOW_FREQ	ins_7	13
mean_skew	[-0.5,-0.2)	pELS	LOW_FREQ	ins_8	29
mean_skew	[-0.5,-0.2)	pELS	LOW_FREQ	ins_9	22
mean_skew	[-0.5,-0.2)	pELS	RARE	del_1	470
mean_skew	[-0.5,-0.2)	pELS	RARE	del_10plus	345
mean_skew	[-0.5,-0.2)	pELS	RARE	del_2	154
mean_skew	[-0.5,-0.2)	pELS	RARE	del_3	127
mean_skew	[-0.5,-0.2)	pELS	RARE	del_4	140
mean_skew	[-0.5,-0.2)	pELS	RARE	del_5	49
mean_skew	[-0.5,-0.2)	pELS	RARE	del_6	73
mean_skew	[-0.5,-0.2)	pELS	RARE	del_7	47
mean_skew	[-0.5,-0.2)	pELS	RARE	del_8	65
mean_skew	[-0.5,-0.2)	pELS	RARE	del_9	33
mean_skew	[-0.5,-0.2)	pELS	RARE	ins_1	254
mean_skew	[-0.5,-0.2)	pELS	RARE	ins_10plus	529
mean_skew	[-0.5,-0.2)	pELS	RARE	ins_2	82
mean_skew	[-0.5,-0.2)	pELS	RARE	ins_3	58
mean_skew	[-0.5,-0.2)	pELS	RARE	ins_4	71
mean_skew	[-0.5,-0.2)	pELS	RARE	ins_5	39
mean_skew	[-0.5,-0.2)	pELS	RARE	ins_6	42
mean_skew	[-0.5,-0.2)	pELS	RARE	ins_7	30
mean_skew	[-0.5,-0.2)	pELS	RARE	ins_8	25
mean_skew	[-0.5,-0.2)	pELS	RARE	ins_9	55
mean_skew	[-0.5,-0.2)	pELS	SINGLETON	del_1	5290
mean_skew	[-0.5,-0.2)	pELS	SINGLETON	del_10plus	1745
mean_skew	[-0.5,-0.2)	pELS	SINGLETON	del_2	1287
mean_skew	[-0.5,-0.2)	pELS	SINGLETON	del_3	1119
mean_skew	[-0.5,-0.2)	pELS	SINGLETON	del_4	841
mean_skew	[-0.5,-0.2)	pELS	SINGLETON	del_5	488
mean_skew	[-0.5,-0.2)	pELS	SINGLETON	del_6	387
mean_skew	[-0.5,-0.2)	pELS	SINGLETON	del_7	310
mean_skew	[-0.5,-0.2)	pELS	SINGLETON	del_8	307
mean_skew	[-0.5,-0.2)	pELS	SINGLETON	del_9	204
mean_skew	[-0.5,-0.2)	pELS	SINGLETON	ins_1	2249
mean_skew	[-0.5,-0.2)	pELS	SINGLETON	ins_10plus	2128
mean_skew	[-0.5,-0.2)	pELS	SINGLETON	ins_2	665
mean_skew	[-0.5,-0.2)	pELS	SINGLETON	ins_3	416
mean_skew	[-0.5,-0.2)	pELS	SINGLETON	ins_4	465
mean_skew	[-0.5,-0.2)	pELS	SINGLETON	ins_5	223
mean_skew	[-0.5,-0.2)	pELS	SINGLETON	ins_6	243
mean_skew	[-0.5,-0.2)	pELS	SINGLETON	ins_7	163
mean_skew	[-0.5,-0.2)	pELS	SINGLETON	ins_8	192
mean_skew	[-0.5,-0.2)	pELS	SINGLETON	ins_9	293
mean_skew	[-0.5,-0.2)	pELS	ULTRARARE	del_1	2958
mean_skew	[-0.5,-0.2)	pELS	ULTRARARE	del_10plus	1263
mean_skew	[-0.5,-0.2)	pELS	ULTRARARE	del_2	901
mean_skew	[-0.5,-0.2)	pELS	ULTRARARE	del_3	807
mean_skew	[-0.5,-0.2)	pELS	ULTRARARE	del_4	688
mean_skew	[-0.5,-0.2)	pELS	ULTRARARE	del_5	304
mean_skew	[-0.5,-0.2)	pELS	ULTRARARE	del_6	275
mean_skew	[-0.5,-0.2)	pELS	ULTRARARE	del_7	211
mean_skew	[-0.5,-0.2)	pELS	ULTRARARE	del_8	224
mean_skew	[-0.5,-0.2)	pELS	ULTRARARE	del_9	120
mean_skew	[-0.5,-0.2)	pELS	ULTRARARE	ins_1	1339
mean_skew	[-0.5,-0.2)	pELS	ULTRARARE	ins_10plus	1550
mean_skew	[-0.5,-0.2)	pELS	ULTRARARE	ins_2	449
mean_skew	[-0.5,-0.2)	pELS	ULTRARARE	ins_3	277
mean_skew	[-0.5,-0.2)	pELS	ULTRARARE	ins_4	308
mean_skew	[-0.5,-0.2)	pELS	ULTRARARE	ins_5	118
mean_skew	[-0.5,-0.2)	pELS	ULTRARARE	ins_6	162
mean_skew	[-0.5,-0.2)	pELS	ULTRARARE	ins_7	115
mean_skew	[-0.5,-0.2)	pELS	ULTRARARE	ins_8	141
mean_skew	[-0.5,-0.2)	pELS	ULTRARARE	ins_9	179
mean_skew	[-1.0,-0.5)	Other cCREs	COMMON	del_1	76
mean_skew	[-1.0,-0.5)	Other cCREs	COMMON	del_10plus	35
mean_skew	[-1.0,-0.5)	Other cCREs	COMMON	del_2	34
mean_skew	[-1.0,-0.5)	Other cCREs	COMMON	del_3	21
mean_skew	[-1.0,-0.5)	Other cCREs	COMMON	del_4	23
mean_skew	[-1.0,-0.5)	Other cCREs	COMMON	del_5	5
mean_skew	[-1.0,-0.5)	Other cCREs	COMMON	del_6	11
mean_skew	[-1.0,-0.5)	Other cCREs	COMMON	del_7	8
mean_skew	[-1.0,-0.5)	Other cCREs	COMMON	del_8	10
mean_skew	[-1.0,-0.5)	Other cCREs	COMMON	del_9	2
mean_skew	[-1.0,-0.5)	Other cCREs	COMMON	ins_1	29
mean_skew	[-1.0,-0.5)	Other cCREs	COMMON	ins_10plus	7
mean_skew	[-1.0,-0.5)	Other cCREs	COMMON	ins_2	12
mean_skew	[-1.0,-0.5)	Other cCREs	COMMON	ins_3	3
mean_skew	[-1.0,-0.5)	Other cCREs	COMMON	ins_4	9
mean_skew	[-1.0,-0.5)	Other cCREs	COMMON	ins_5	2
mean_skew	[-1.0,-0.5)	Other cCREs	COMMON	ins_6	5
mean_skew	[-1.0,-0.5)	Other cCREs	COMMON	ins_7	2
mean_skew	[-1.0,-0.5)	Other cCREs	COMMON	ins_8	2
mean_skew	[-1.0,-0.5)	Other cCREs	COMMON	ins_9	2
mean_skew	[-1.0,-0.5)	Other cCREs	LOW_FREQ	del_1	77
mean_skew	[-1.0,-0.5)	Other cCREs	LOW_FREQ	del_10plus	65
mean_skew	[-1.0,-0.5)	Other cCREs	LOW_FREQ	del_2	28
mean_skew	[-1.0,-0.5)	Other cCREs	LOW_FREQ	del_3	22
mean_skew	[-1.0,-0.5)	Other cCREs	LOW_FREQ	del_4	25
mean_skew	[-1.0,-0.5)	Other cCREs	LOW_FREQ	del_5	11
mean_skew	[-1.0,-0.5)	Other cCREs	LOW_FREQ	del_6	7
mean_skew	[-1.0,-0.5)	Other cCREs	LOW_FREQ	del_7	6
mean_skew	[-1.0,-0.5)	Other cCREs	LOW_FREQ	del_8	14
mean_skew	[-1.0,-0.5)	Other cCREs	LOW_FREQ	del_9	6
mean_skew	[-1.0,-0.5)	Other cCREs	LOW_FREQ	ins_1	34
mean_skew	[-1.0,-0.5)	Other cCREs	LOW_FREQ	ins_10plus	24
mean_skew	[-1.0,-0.5)	Other cCREs	LOW_FREQ	ins_2	11
mean_skew	[-1.0,-0.5)	Other cCREs	LOW_FREQ	ins_3	1
mean_skew	[-1.0,-0.5)	Other cCREs	LOW_FREQ	ins_4	4
mean_skew	[-1.0,-0.5)	Other cCREs	LOW_FREQ	ins_5	4
mean_skew	[-1.0,-0.5)	Other cCREs	LOW_FREQ	ins_6	4
mean_skew	[-1.0,-0.5)	Other cCREs	LOW_FREQ	ins_7	1
mean_skew	[-1.0,-0.5)	Other cCREs	LOW_FREQ	ins_8	3
mean_skew	[-1.0,-0.5)	Other cCREs	LOW_FREQ	ins_9	2
mean_skew	[-1.0,-0.5)	Other cCREs	RARE	del_1	210
mean_skew	[-1.0,-0.5)	Other cCREs	RARE	del_10plus	162
mean_skew	[-1.0,-0.5)	Other cCREs	RARE	del_2	77
mean_skew	[-1.0,-0.5)	Other cCREs	RARE	del_3	46
mean_skew	[-1.0,-0.5)	Other cCREs	RARE	del_4	57
mean_skew	[-1.0,-0.5)	Other cCREs	RARE	del_5	17
mean_skew	[-1.0,-0.5)	Other cCREs	RARE	del_6	32
mean_skew	[-1.0,-0.5)	Other cCREs	RARE	del_7	12
mean_skew	[-1.0,-0.5)	Other cCREs	RARE	del_8	24
mean_skew	[-1.0,-0.5)	Other cCREs	RARE	del_9	10
mean_skew	[-1.0,-0.5)	Other cCREs	RARE	ins_1	84
mean_skew	[-1.0,-0.5)	Other cCREs	RARE	ins_10plus	43
mean_skew	[-1.0,-0.5)	Other cCREs	RARE	ins_2	28
mean_skew	[-1.0,-0.5)	Other cCREs	RARE	ins_3	10
mean_skew	[-1.0,-0.5)	Other cCREs	RARE	ins_4	26
mean_skew	[-1.0,-0.5)	Other cCREs	RARE	ins_5	6
mean_skew	[-1.0,-0.5)	Other cCREs	RARE	ins_6	3
mean_skew	[-1.0,-0.5)	Other cCREs	RARE	ins_7	4
mean_skew	[-1.0,-0.5)	Other cCREs	RARE	ins_8	4
mean_skew	[-1.0,-0.5)	Other cCREs	RARE	ins_9	5
mean_skew	[-1.0,-0.5)	Other cCREs	SINGLETON	del_1	2373
mean_skew	[-1.0,-0.5)	Other cCREs	SINGLETON	del_10plus	824
mean_skew	[-1.0,-0.5)	Other cCREs	SINGLETON	del_2	575
mean_skew	[-1.0,-0.5)	Other cCREs	SINGLETON	del_3	422
mean_skew	[-1.0,-0.5)	Other cCREs	SINGLETON	del_4	307
mean_skew	[-1.0,-0.5)	Other cCREs	SINGLETON	del_5	161
mean_skew	[-1.0,-0.5)	Other cCREs	SINGLETON	del_6	155
mean_skew	[-1.0,-0.5)	Other cCREs	SINGLETON	del_7	117
mean_skew	[-1.0,-0.5)	Other cCREs	SINGLETON	del_8	112
mean_skew	[-1.0,-0.5)	Other cCREs	SINGLETON	del_9	94
mean_skew	[-1.0,-0.5)	Other cCREs	SINGLETON	ins_1	677
mean_skew	[-1.0,-0.5)	Other cCREs	SINGLETON	ins_10plus	198
mean_skew	[-1.0,-0.5)	Other cCREs	SINGLETON	ins_2	222
mean_skew	[-1.0,-0.5)	Other cCREs	SINGLETON	ins_3	99
mean_skew	[-1.0,-0.5)	Other cCREs	SINGLETON	ins_4	156
mean_skew	[-1.0,-0.5)	Other cCREs	SINGLETON	ins_5	43
mean_skew	[-1.0,-0.5)	Other cCREs	SINGLETON	ins_6	45
mean_skew	[-1.0,-0.5)	Other cCREs	SINGLETON	ins_7	27
mean_skew	[-1.0,-0.5)	Other cCREs	SINGLETON	ins_8	48
mean_skew	[-1.0,-0.5)	Other cCREs	SINGLETON	ins_9	30
mean_skew	[-1.0,-0.5)	Other cCREs	ULTRARARE	del_1	1318
mean_skew	[-1.0,-0.5)	Other cCREs	ULTRARARE	del_10plus	532
mean_skew	[-1.0,-0.5)	Other cCREs	ULTRARARE	del_2	399
mean_skew	[-1.0,-0.5)	Other cCREs	ULTRARARE	del_3	255
mean_skew	[-1.0,-0.5)	Other cCREs	ULTRARARE	del_4	263
mean_skew	[-1.0,-0.5)	Other cCREs	ULTRARARE	del_5	101
mean_skew	[-1.0,-0.5)	Other cCREs	ULTRARARE	del_6	106
mean_skew	[-1.0,-0.5)	Other cCREs	ULTRARARE	del_7	83
mean_skew	[-1.0,-0.5)	Other cCREs	ULTRARARE	del_8	92
mean_skew	[-1.0,-0.5)	Other cCREs	ULTRARARE	del_9	50
mean_skew	[-1.0,-0.5)	Other cCREs	ULTRARARE	ins_1	424
mean_skew	[-1.0,-0.5)	Other cCREs	ULTRARARE	ins_10plus	147
mean_skew	[-1.0,-0.5)	Other cCREs	ULTRARARE	ins_2	157
mean_skew	[-1.0,-0.5)	Other cCREs	ULTRARARE	ins_3	63
mean_skew	[-1.0,-0.5)	Other cCREs	ULTRARARE	ins_4	91
mean_skew	[-1.0,-0.5)	Other cCREs	ULTRARARE	ins_5	32
mean_skew	[-1.0,-0.5)	Other cCREs	ULTRARARE	ins_6	37
mean_skew	[-1.0,-0.5)	Other cCREs	ULTRARARE	ins_7	13
mean_skew	[-1.0,-0.5)	Other cCREs	ULTRARARE	ins_8	29
mean_skew	[-1.0,-0.5)	Other cCREs	ULTRARARE	ins_9	24
mean_skew	[-1.0,-0.5)	PLS	COMMON	del_1	7
mean_skew	[-1.0,-0.5)	PLS	COMMON	del_10plus	20
mean_skew	[-1.0,-0.5)	PLS	COMMON	del_2	1
mean_skew	[-1.0,-0.5)	PLS	COMMON	del_3	1
mean_skew	[-1.0,-0.5)	PLS	COMMON	del_5	1
mean_skew	[-1.0,-0.5)	PLS	COMMON	del_6	2
mean_skew	[-1.0,-0.5)	PLS	COMMON	del_7	1
mean_skew	[-1.0,-0.5)	PLS	COMMON	del_8	1
mean_skew	[-1.0,-0.5)	PLS	COMMON	ins_1	7
mean_skew	[-1.0,-0.5)	PLS	COMMON	ins_10plus	3
mean_skew	[-1.0,-0.5)	PLS	COMMON	ins_2	3
mean_skew	[-1.0,-0.5)	PLS	COMMON	ins_4	1
mean_skew	[-1.0,-0.5)	PLS	COMMON	ins_6	1
mean_skew	[-1.0,-0.5)	PLS	COMMON	ins_8	1
mean_skew	[-1.0,-0.5)	PLS	COMMON	ins_9	2
mean_skew	[-1.0,-0.5)	PLS	LOW_FREQ	del_1	19
mean_skew	[-1.0,-0.5)	PLS	LOW_FREQ	del_10plus	21
mean_skew	[-1.0,-0.5)	PLS	LOW_FREQ	del_2	4
mean_skew	[-1.0,-0.5)	PLS	LOW_FREQ	del_3	2
mean_skew	[-1.0,-0.5)	PLS	LOW_FREQ	del_4	4
mean_skew	[-1.0,-0.5)	PLS	LOW_FREQ	del_5	3
mean_skew	[-1.0,-0.5)	PLS	LOW_FREQ	del_6	2
mean_skew	[-1.0,-0.5)	PLS	LOW_FREQ	del_8	2
mean_skew	[-1.0,-0.5)	PLS	LOW_FREQ	del_9	2
mean_skew	[-1.0,-0.5)	PLS	LOW_FREQ	ins_1	11
mean_skew	[-1.0,-0.5)	PLS	LOW_FREQ	ins_10plus	7
mean_skew	[-1.0,-0.5)	PLS	LOW_FREQ	ins_2	3
mean_skew	[-1.0,-0.5)	PLS	LOW_FREQ	ins_3	1
mean_skew	[-1.0,-0.5)	PLS	LOW_FREQ	ins_4	4
mean_skew	[-1.0,-0.5)	PLS	LOW_FREQ	ins_5	1
mean_skew	[-1.0,-0.5)	PLS	LOW_FREQ	ins_7	1
mean_skew	[-1.0,-0.5)	PLS	LOW_FREQ	ins_8	1
mean_skew	[-1.0,-0.5)	PLS	RARE	del_1	60
mean_skew	[-1.0,-0.5)	PLS	RARE	del_10plus	66
mean_skew	[-1.0,-0.5)	PLS	RARE	del_2	7
mean_skew	[-1.0,-0.5)	PLS	RARE	del_3	11
mean_skew	[-1.0,-0.5)	PLS	RARE	del_4	10
mean_skew	[-1.0,-0.5)	PLS	RARE	del_5	2
mean_skew	[-1.0,-0.5)	PLS	RARE	del_6	11
mean_skew	[-1.0,-0.5)	PLS	RARE	del_7	5
mean_skew	[-1.0,-0.5)	PLS	RARE	del_8	7
mean_skew	[-1.0,-0.5)	PLS	RARE	del_9	4
mean_skew	[-1.0,-0.5)	PLS	RARE	ins_1	34
mean_skew	[-1.0,-0.5)	PLS	RARE	ins_10plus	25
mean_skew	[-1.0,-0.5)	PLS	RARE	ins_2	9
mean_skew	[-1.0,-0.5)	PLS	RARE	ins_3	6
mean_skew	[-1.0,-0.5)	PLS	RARE	ins_4	7
mean_skew	[-1.0,-0.5)	PLS	RARE	ins_5	1
mean_skew	[-1.0,-0.5)	PLS	RARE	ins_6	2
mean_skew	[-1.0,-0.5)	PLS	RARE	ins_7	3
mean_skew	[-1.0,-0.5)	PLS	RARE	ins_8	1
mean_skew	[-1.0,-0.5)	PLS	RARE	ins_9	3
mean_skew	[-1.0,-0.5)	PLS	SINGLETON	del_1	647
mean_skew	[-1.0,-0.5)	PLS	SINGLETON	del_10plus	390
mean_skew	[-1.0,-0.5)	PLS	SINGLETON	del_2	106
mean_skew	[-1.0,-0.5)	PLS	SINGLETON	del_3	101
mean_skew	[-1.0,-0.5)	PLS	SINGLETON	del_4	69
mean_skew	[-1.0,-0.5)	PLS	SINGLETON	del_5	60
mean_skew	[-1.0,-0.5)	PLS	SINGLETON	del_6	63
mean_skew	[-1.0,-0.5)	PLS	SINGLETON	del_7	41
mean_skew	[-1.0,-0.5)	PLS	SINGLETON	del_8	28
mean_skew	[-1.0,-0.5)	PLS	SINGLETON	del_9	34
mean_skew	[-1.0,-0.5)	PLS	SINGLETON	ins_1	297
mean_skew	[-1.0,-0.5)	PLS	SINGLETON	ins_10plus	128
mean_skew	[-1.0,-0.5)	PLS	SINGLETON	ins_2	69
mean_skew	[-1.0,-0.5)	PLS	SINGLETON	ins_3	33
mean_skew	[-1.0,-0.5)	PLS	SINGLETON	ins_4	35
mean_skew	[-1.0,-0.5)	PLS	SINGLETON	ins_5	23
mean_skew	[-1.0,-0.5)	PLS	SINGLETON	ins_6	21
mean_skew	[-1.0,-0.5)	PLS	SINGLETON	ins_7	11
mean_skew	[-1.0,-0.5)	PLS	SINGLETON	ins_8	18
mean_skew	[-1.0,-0.5)	PLS	SINGLETON	ins_9	18
mean_skew	[-1.0,-0.5)	PLS	ULTRARARE	del_1	383
mean_skew	[-1.0,-0.5)	PLS	ULTRARARE	del_10plus	298
mean_skew	[-1.0,-0.5)	PLS	ULTRARARE	del_2	73
mean_skew	[-1.0,-0.5)	PLS	ULTRARARE	del_3	69
mean_skew	[-1.0,-0.5)	PLS	ULTRARARE	del_4	32
mean_skew	[-1.0,-0.5)	PLS	ULTRARARE	del_5	25
mean_skew	[-1.0,-0.5)	PLS	ULTRARARE	del_6	24
mean_skew	[-1.0,-0.5)	PLS	ULTRARARE	del_7	23
mean_skew	[-1.0,-0.5)	PLS	ULTRARARE	del_8	32
mean_skew	[-1.0,-0.5)	PLS	ULTRARARE	del_9	23
mean_skew	[-1.0,-0.5)	PLS	ULTRARARE	ins_1	166
mean_skew	[-1.0,-0.5)	PLS	ULTRARARE	ins_10plus	105
mean_skew	[-1.0,-0.5)	PLS	ULTRARARE	ins_2	49
mean_skew	[-1.0,-0.5)	PLS	ULTRARARE	ins_3	20
mean_skew	[-1.0,-0.5)	PLS	ULTRARARE	ins_4	18
mean_skew	[-1.0,-0.5)	PLS	ULTRARARE	ins_5	11
mean_skew	[-1.0,-0.5)	PLS	ULTRARARE	ins_6	13
mean_skew	[-1.0,-0.5)	PLS	ULTRARARE	ins_7	8
mean_skew	[-1.0,-0.5)	PLS	ULTRARARE	ins_8	10
mean_skew	[-1.0,-0.5)	PLS	ULTRARARE	ins_9	7
mean_skew	[-1.0,-0.5)	dELS	COMMON	del_1	166
mean_skew	[-1.0,-0.5)	dELS	COMMON	del_10plus	126
mean_skew	[-1.0,-0.5)	dELS	COMMON	del_2	92
mean_skew	[-1.0,-0.5)	dELS	COMMON	del_3	42
mean_skew	[-1.0,-0.5)	dELS	COMMON	del_4	31
mean_skew	[-1.0,-0.5)	dELS	COMMON	del_5	13
mean_skew	[-1.0,-0.5)	dELS	COMMON	del_6	30
mean_skew	[-1.0,-0.5)	dELS	COMMON	del_7	15
mean_skew	[-1.0,-0.5)	dELS	COMMON	del_8	17
mean_skew	[-1.0,-0.5)	dELS	COMMON	del_9	7
mean_skew	[-1.0,-0.5)	dELS	COMMON	ins_1	93
mean_skew	[-1.0,-0.5)	dELS	COMMON	ins_10plus	37
mean_skew	[-1.0,-0.5)	dELS	COMMON	ins_2	40
mean_skew	[-1.0,-0.5)	dELS	COMMON	ins_3	20
mean_skew	[-1.0,-0.5)	dELS	COMMON	ins_4	13
mean_skew	[-1.0,-0.5)	dELS	COMMON	ins_5	4
mean_skew	[-1.0,-0.5)	dELS	COMMON	ins_6	5
mean_skew	[-1.0,-0.5)	dELS	COMMON	ins_7	4
mean_skew	[-1.0,-0.5)	dELS	COMMON	ins_8	5
mean_skew	[-1.0,-0.5)	dELS	COMMON	ins_9	2
mean_skew	[-1.0,-0.5)	dELS	LOW_FREQ	del_1	239
mean_skew	[-1.0,-0.5)	dELS	LOW_FREQ	del_10plus	173
mean_skew	[-1.0,-0.5)	dELS	LOW_FREQ	del_2	104
mean_skew	[-1.0,-0.5)	dELS	LOW_FREQ	del_3	52
mean_skew	[-1.0,-0.5)	dELS	LOW_FREQ	del_4	52
mean_skew	[-1.0,-0.5)	dELS	LOW_FREQ	del_5	27
mean_skew	[-1.0,-0.5)	dELS	LOW_FREQ	del_6	34
mean_skew	[-1.0,-0.5)	dELS	LOW_FREQ	del_7	21
mean_skew	[-1.0,-0.5)	dELS	LOW_FREQ	del_8	28
mean_skew	[-1.0,-0.5)	dELS	LOW_FREQ	del_9	11
mean_skew	[-1.0,-0.5)	dELS	LOW_FREQ	ins_1	81
mean_skew	[-1.0,-0.5)	dELS	LOW_FREQ	ins_10plus	63
mean_skew	[-1.0,-0.5)	dELS	LOW_FREQ	ins_2	42
mean_skew	[-1.0,-0.5)	dELS	LOW_FREQ	ins_3	19
mean_skew	[-1.0,-0.5)	dELS	LOW_FREQ	ins_4	27
mean_skew	[-1.0,-0.5)	dELS	LOW_FREQ	ins_5	8
mean_skew	[-1.0,-0.5)	dELS	LOW_FREQ	ins_6	14
mean_skew	[-1.0,-0.5)	dELS	LOW_FREQ	ins_7	4
mean_skew	[-1.0,-0.5)	dELS	LOW_FREQ	ins_8	6
mean_skew	[-1.0,-0.5)	dELS	LOW_FREQ	ins_9	6
mean_skew	[-1.0,-0.5)	dELS	RARE	del_1	643
mean_skew	[-1.0,-0.5)	dELS	RARE	del_10plus	392
mean_skew	[-1.0,-0.5)	dELS	RARE	del_2	239
mean_skew	[-1.0,-0.5)	dELS	RARE	del_3	128
mean_skew	[-1.0,-0.5)	dELS	RARE	del_4	148
mean_skew	[-1.0,-0.5)	dELS	RARE	del_5	56
mean_skew	[-1.0,-0.5)	dELS	RARE	del_6	65
mean_skew	[-1.0,-0.5)	dELS	RARE	del_7	43
mean_skew	[-1.0,-0.5)	dELS	RARE	del_8	55
mean_skew	[-1.0,-0.5)	dELS	RARE	del_9	25
mean_skew	[-1.0,-0.5)	dELS	RARE	ins_1	221
mean_skew	[-1.0,-0.5)	dELS	RARE	ins_10plus	129
mean_skew	[-1.0,-0.5)	dELS	RARE	ins_2	100
mean_skew	[-1.0,-0.5)	dELS	RARE	ins_3	31
mean_skew	[-1.0,-0.5)	dELS	RARE	ins_4	37
mean_skew	[-1.0,-0.5)	dELS	RARE	ins_5	17
mean_skew	[-1.0,-0.5)	dELS	RARE	ins_6	20
mean_skew	[-1.0,-0.5)	dELS	RARE	ins_7	9
mean_skew	[-1.0,-0.5)	dELS	RARE	ins_8	18
mean_skew	[-1.0,-0.5)	dELS	RARE	ins_9	18
mean_skew	[-1.0,-0.5)	dELS	SINGLETON	del_1	7560
mean_skew	[-1.0,-0.5)	dELS	SINGLETON	del_10plus	2446
mean_skew	[-1.0,-0.5)	dELS	SINGLETON	del_2	1973
mean_skew	[-1.0,-0.5)	dELS	SINGLETON	del_3	1405
mean_skew	[-1.0,-0.5)	dELS	SINGLETON	del_4	1115
mean_skew	[-1.0,-0.5)	dELS	SINGLETON	del_5	541
mean_skew	[-1.0,-0.5)	dELS	SINGLETON	del_6	482
mean_skew	[-1.0,-0.5)	dELS	SINGLETON	del_7	412
mean_skew	[-1.0,-0.5)	dELS	SINGLETON	del_8	332
mean_skew	[-1.0,-0.5)	dELS	SINGLETON	del_9	260
mean_skew	[-1.0,-0.5)	dELS	SINGLETON	ins_1	2444
mean_skew	[-1.0,-0.5)	dELS	SINGLETON	ins_10plus	654
mean_skew	[-1.0,-0.5)	dELS	SINGLETON	ins_2	699
mean_skew	[-1.0,-0.5)	dELS	SINGLETON	ins_3	383
mean_skew	[-1.0,-0.5)	dELS	SINGLETON	ins_4	408
mean_skew	[-1.0,-0.5)	dELS	SINGLETON	ins_5	159
mean_skew	[-1.0,-0.5)	dELS	SINGLETON	ins_6	130
mean_skew	[-1.0,-0.5)	dELS	SINGLETON	ins_7	99
mean_skew	[-1.0,-0.5)	dELS	SINGLETON	ins_8	94
mean_skew	[-1.0,-0.5)	dELS	SINGLETON	ins_9	102
mean_skew	[-1.0,-0.5)	dELS	ULTRARARE	del_1	4276
mean_skew	[-1.0,-0.5)	dELS	ULTRARARE	del_10plus	1659
mean_skew	[-1.0,-0.5)	dELS	ULTRARARE	del_2	1313
mean_skew	[-1.0,-0.5)	dELS	ULTRARARE	del_3	895
mean_skew	[-1.0,-0.5)	dELS	ULTRARARE	del_4	759
mean_skew	[-1.0,-0.5)	dELS	ULTRARARE	del_5	306
mean_skew	[-1.0,-0.5)	dELS	ULTRARARE	del_6	314
mean_skew	[-1.0,-0.5)	dELS	ULTRARARE	del_7	265
mean_skew	[-1.0,-0.5)	dELS	ULTRARARE	del_8	249
mean_skew	[-1.0,-0.5)	dELS	ULTRARARE	del_9	139
mean_skew	[-1.0,-0.5)	dELS	ULTRARARE	ins_1	1421
mean_skew	[-1.0,-0.5)	dELS	ULTRARARE	ins_10plus	420
mean_skew	[-1.0,-0.5)	dELS	ULTRARARE	ins_2	416
mean_skew	[-1.0,-0.5)	dELS	ULTRARARE	ins_3	208
mean_skew	[-1.0,-0.5)	dELS	ULTRARARE	ins_4	245
mean_skew	[-1.0,-0.5)	dELS	ULTRARARE	ins_5	93
mean_skew	[-1.0,-0.5)	dELS	ULTRARARE	ins_6	86
mean_skew	[-1.0,-0.5)	dELS	ULTRARARE	ins_7	64
mean_skew	[-1.0,-0.5)	dELS	ULTRARARE	ins_8	65
mean_skew	[-1.0,-0.5)	dELS	ULTRARARE	ins_9	57
mean_skew	[-1.0,-0.5)	non-cCRE	COMMON	del_1	256
mean_skew	[-1.0,-0.5)	non-cCRE	COMMON	del_10plus	271
mean_skew	[-1.0,-0.5)	non-cCRE	COMMON	del_2	107
mean_skew	[-1.0,-0.5)	non-cCRE	COMMON	del_3	56
mean_skew	[-1.0,-0.5)	non-cCRE	COMMON	del_4	77
mean_skew	[-1.0,-0.5)	non-cCRE	COMMON	del_5	20
mean_skew	[-1.0,-0.5)	non-cCRE	COMMON	del_6	47
mean_skew	[-1.0,-0.5)	non-cCRE	COMMON	del_7	23
mean_skew	[-1.0,-0.5)	non-cCRE	COMMON	del_8	46
mean_skew	[-1.0,-0.5)	non-cCRE	COMMON	del_9	17
mean_skew	[-1.0,-0.5)	non-cCRE	COMMON	ins_1	134
mean_skew	[-1.0,-0.5)	non-cCRE	COMMON	ins_10plus	77
mean_skew	[-1.0,-0.5)	non-cCRE	COMMON	ins_2	69
mean_skew	[-1.0,-0.5)	non-cCRE	COMMON	ins_3	29
mean_skew	[-1.0,-0.5)	non-cCRE	COMMON	ins_4	30
mean_skew	[-1.0,-0.5)	non-cCRE	COMMON	ins_5	7
mean_skew	[-1.0,-0.5)	non-cCRE	COMMON	ins_6	10
mean_skew	[-1.0,-0.5)	non-cCRE	COMMON	ins_7	4
mean_skew	[-1.0,-0.5)	non-cCRE	COMMON	ins_8	11
mean_skew	[-1.0,-0.5)	non-cCRE	COMMON	ins_9	9
mean_skew	[-1.0,-0.5)	non-cCRE	LOW_FREQ	del_1	341
mean_skew	[-1.0,-0.5)	non-cCRE	LOW_FREQ	del_10plus	384
mean_skew	[-1.0,-0.5)	non-cCRE	LOW_FREQ	del_2	116
mean_skew	[-1.0,-0.5)	non-cCRE	LOW_FREQ	del_3	87
mean_skew	[-1.0,-0.5)	non-cCRE	LOW_FREQ	del_4	90
mean_skew	[-1.0,-0.5)	non-cCRE	LOW_FREQ	del_5	34
mean_skew	[-1.0,-0.5)	non-cCRE	LOW_FREQ	del_6	52
mean_skew	[-1.0,-0.5)	non-cCRE	LOW_FREQ	del_7	43
mean_skew	[-1.0,-0.5)	non-cCRE	LOW_FREQ	del_8	64
mean_skew	[-1.0,-0.5)	non-cCRE	LOW_FREQ	del_9	20
mean_skew	[-1.0,-0.5)	non-cCRE	LOW_FREQ	ins_1	128
mean_skew	[-1.0,-0.5)	non-cCRE	LOW_FREQ	ins_10plus	101
mean_skew	[-1.0,-0.5)	non-cCRE	LOW_FREQ	ins_2	53
mean_skew	[-1.0,-0.5)	non-cCRE	LOW_FREQ	ins_3	26
mean_skew	[-1.0,-0.5)	non-cCRE	LOW_FREQ	ins_4	19
mean_skew	[-1.0,-0.5)	non-cCRE	LOW_FREQ	ins_5	17
mean_skew	[-1.0,-0.5)	non-cCRE	LOW_FREQ	ins_6	22
mean_skew	[-1.0,-0.5)	non-cCRE	LOW_FREQ	ins_7	8
mean_skew	[-1.0,-0.5)	non-cCRE	LOW_FREQ	ins_8	12
mean_skew	[-1.0,-0.5)	non-cCRE	LOW_FREQ	ins_9	1
mean_skew	[-1.0,-0.5)	non-cCRE	RARE	del_1	878
mean_skew	[-1.0,-0.5)	non-cCRE	RARE	del_10plus	740
mean_skew	[-1.0,-0.5)	non-cCRE	RARE	del_2	281
mean_skew	[-1.0,-0.5)	non-cCRE	RARE	del_3	209
mean_skew	[-1.0,-0.5)	non-cCRE	RARE	del_4	214
mean_skew	[-1.0,-0.5)	non-cCRE	RARE	del_5	88
mean_skew	[-1.0,-0.5)	non-cCRE	RARE	del_6	109
mean_skew	[-1.0,-0.5)	non-cCRE	RARE	del_7	99
mean_skew	[-1.0,-0.5)	non-cCRE	RARE	del_8	110
mean_skew	[-1.0,-0.5)	non-cCRE	RARE	del_9	58
mean_skew	[-1.0,-0.5)	non-cCRE	RARE	ins_1	255
mean_skew	[-1.0,-0.5)	non-cCRE	RARE	ins_10plus	228
mean_skew	[-1.0,-0.5)	non-cCRE	RARE	ins_2	165
mean_skew	[-1.0,-0.5)	non-cCRE	RARE	ins_3	57
mean_skew	[-1.0,-0.5)	non-cCRE	RARE	ins_4	63
mean_skew	[-1.0,-0.5)	non-cCRE	RARE	ins_5	27
mean_skew	[-1.0,-0.5)	non-cCRE	RARE	ins_6	31
mean_skew	[-1.0,-0.5)	non-cCRE	RARE	ins_7	24
mean_skew	[-1.0,-0.5)	non-cCRE	RARE	ins_8	27
mean_skew	[-1.0,-0.5)	non-cCRE	RARE	ins_9	25
mean_skew	[-1.0,-0.5)	non-cCRE	SINGLETON	del_1	9972
mean_skew	[-1.0,-0.5)	non-cCRE	SINGLETON	del_10plus	4268
mean_skew	[-1.0,-0.5)	non-cCRE	SINGLETON	del_2	2212
mean_skew	[-1.0,-0.5)	non-cCRE	SINGLETON	del_3	1870
mean_skew	[-1.0,-0.5)	non-cCRE	SINGLETON	del_4	1437
mean_skew	[-1.0,-0.5)	non-cCRE	SINGLETON	del_5	793
mean_skew	[-1.0,-0.5)	non-cCRE	SINGLETON	del_6	850
mean_skew	[-1.0,-0.5)	non-cCRE	SINGLETON	del_7	726
mean_skew	[-1.0,-0.5)	non-cCRE	SINGLETON	del_8	743
mean_skew	[-1.0,-0.5)	non-cCRE	SINGLETON	del_9	472
mean_skew	[-1.0,-0.5)	non-cCRE	SINGLETON	ins_1	2509
mean_skew	[-1.0,-0.5)	non-cCRE	SINGLETON	ins_10plus	1120
mean_skew	[-1.0,-0.5)	non-cCRE	SINGLETON	ins_2	989
mean_skew	[-1.0,-0.5)	non-cCRE	SINGLETON	ins_3	530
mean_skew	[-1.0,-0.5)	non-cCRE	SINGLETON	ins_4	562
mean_skew	[-1.0,-0.5)	non-cCRE	SINGLETON	ins_5	226
mean_skew	[-1.0,-0.5)	non-cCRE	SINGLETON	ins_6	204
mean_skew	[-1.0,-0.5)	non-cCRE	SINGLETON	ins_7	140
mean_skew	[-1.0,-0.5)	non-cCRE	SINGLETON	ins_8	151
mean_skew	[-1.0,-0.5)	non-cCRE	SINGLETON	ins_9	150
mean_skew	[-1.0,-0.5)	non-cCRE	ULTRARARE	del_1	5421
mean_skew	[-1.0,-0.5)	non-cCRE	ULTRARARE	del_10plus	2900
mean_skew	[-1.0,-0.5)	non-cCRE	ULTRARARE	del_2	1412
mean_skew	[-1.0,-0.5)	non-cCRE	ULTRARARE	del_3	1180
mean_skew	[-1.0,-0.5)	non-cCRE	ULTRARARE	del_4	1030
mean_skew	[-1.0,-0.5)	non-cCRE	ULTRARARE	del_5	502
mean_skew	[-1.0,-0.5)	non-cCRE	ULTRARARE	del_6	543
mean_skew	[-1.0,-0.5)	non-cCRE	ULTRARARE	del_7	510
mean_skew	[-1.0,-0.5)	non-cCRE	ULTRARARE	del_8	495
mean_skew	[-1.0,-0.5)	non-cCRE	ULTRARARE	del_9	259
mean_skew	[-1.0,-0.5)	non-cCRE	ULTRARARE	ins_1	1527
mean_skew	[-1.0,-0.5)	non-cCRE	ULTRARARE	ins_10plus	735
mean_skew	[-1.0,-0.5)	non-cCRE	ULTRARARE	ins_2	714
mean_skew	[-1.0,-0.5)	non-cCRE	ULTRARARE	ins_3	281
mean_skew	[-1.0,-0.5)	non-cCRE	ULTRARARE	ins_4	316
mean_skew	[-1.0,-0.5)	non-cCRE	ULTRARARE	ins_5	149
mean_skew	[-1.0,-0.5)	non-cCRE	ULTRARARE	ins_6	145
mean_skew	[-1.0,-0.5)	non-cCRE	ULTRARARE	ins_7	78
mean_skew	[-1.0,-0.5)	non-cCRE	ULTRARARE	ins_8	88
mean_skew	[-1.0,-0.5)	non-cCRE	ULTRARARE	ins_9	96
mean_skew	[-1.0,-0.5)	pELS	COMMON	del_1	32
mean_skew	[-1.0,-0.5)	pELS	COMMON	del_10plus	32
mean_skew	[-1.0,-0.5)	pELS	COMMON	del_2	13
mean_skew	[-1.0,-0.5)	pELS	COMMON	del_3	9
mean_skew	[-1.0,-0.5)	pELS	COMMON	del_4	6
mean_skew	[-1.0,-0.5)	pELS	COMMON	del_5	3
mean_skew	[-1.0,-0.5)	pELS	COMMON	del_6	3
mean_skew	[-1.0,-0.5)	pELS	COMMON	del_7	1
mean_skew	[-1.0,-0.5)	pELS	COMMON	del_8	5
mean_skew	[-1.0,-0.5)	pELS	COMMON	del_9	2
mean_skew	[-1.0,-0.5)	pELS	COMMON	ins_1	20
mean_skew	[-1.0,-0.5)	pELS	COMMON	ins_10plus	4
mean_skew	[-1.0,-0.5)	pELS	COMMON	ins_2	4
mean_skew	[-1.0,-0.5)	pELS	COMMON	ins_3	6
mean_skew	[-1.0,-0.5)	pELS	COMMON	ins_4	4
mean_skew	[-1.0,-0.5)	pELS	COMMON	ins_5	1
mean_skew	[-1.0,-0.5)	pELS	COMMON	ins_8	1
mean_skew	[-1.0,-0.5)	pELS	LOW_FREQ	del_1	39
mean_skew	[-1.0,-0.5)	pELS	LOW_FREQ	del_10plus	43
mean_skew	[-1.0,-0.5)	pELS	LOW_FREQ	del_2	14
mean_skew	[-1.0,-0.5)	pELS	LOW_FREQ	del_3	12
mean_skew	[-1.0,-0.5)	pELS	LOW_FREQ	del_4	13
mean_skew	[-1.0,-0.5)	pELS	LOW_FREQ	del_5	4
mean_skew	[-1.0,-0.5)	pELS	LOW_FREQ	del_6	6
mean_skew	[-1.0,-0.5)	pELS	LOW_FREQ	del_7	1
mean_skew	[-1.0,-0.5)	pELS	LOW_FREQ	del_8	6
mean_skew	[-1.0,-0.5)	pELS	LOW_FREQ	del_9	3
mean_skew	[-1.0,-0.5)	pELS	LOW_FREQ	ins_1	22
mean_skew	[-1.0,-0.5)	pELS	LOW_FREQ	ins_10plus	15
mean_skew	[-1.0,-0.5)	pELS	LOW_FREQ	ins_2	9
mean_skew	[-1.0,-0.5)	pELS	LOW_FREQ	ins_3	2
mean_skew	[-1.0,-0.5)	pELS	LOW_FREQ	ins_4	1
mean_skew	[-1.0,-0.5)	pELS	LOW_FREQ	ins_5	2
mean_skew	[-1.0,-0.5)	pELS	LOW_FREQ	ins_6	1
mean_skew	[-1.0,-0.5)	pELS	LOW_FREQ	ins_7	2
mean_skew	[-1.0,-0.5)	pELS	LOW_FREQ	ins_8	1
mean_skew	[-1.0,-0.5)	pELS	LOW_FREQ	ins_9	2
mean_skew	[-1.0,-0.5)	pELS	RARE	del_1	108
mean_skew	[-1.0,-0.5)	pELS	RARE	del_10plus	100
mean_skew	[-1.0,-0.5)	pELS	RARE	del_2	37
mean_skew	[-1.0,-0.5)	pELS	RARE	del_3	31
mean_skew	[-1.0,-0.5)	pELS	RARE	del_4	23
mean_skew	[-1.0,-0.5)	pELS	RARE	del_5	4
mean_skew	[-1.0,-0.5)	pELS	RARE	del_6	11
mean_skew	[-1.0,-0.5)	pELS	RARE	del_7	7
mean_skew	[-1.0,-0.5)	pELS	RARE	del_8	20
mean_skew	[-1.0,-0.5)	pELS	RARE	del_9	7
mean_skew	[-1.0,-0.5)	pELS	RARE	ins_1	51
mean_skew	[-1.0,-0.5)	pELS	RARE	ins_10plus	31
mean_skew	[-1.0,-0.5)	pELS	RARE	ins_2	16
mean_skew	[-1.0,-0.5)	pELS	RARE	ins_3	8
mean_skew	[-1.0,-0.5)	pELS	RARE	ins_4	11
mean_skew	[-1.0,-0.5)	pELS	RARE	ins_5	3
mean_skew	[-1.0,-0.5)	pELS	RARE	ins_6	2
mean_skew	[-1.0,-0.5)	pELS	RARE	ins_7	1
mean_skew	[-1.0,-0.5)	pELS	RARE	ins_8	1
mean_skew	[-1.0,-0.5)	pELS	RARE	ins_9	3
mean_skew	[-1.0,-0.5)	pELS	SINGLETON	del_1	1342
mean_skew	[-1.0,-0.5)	pELS	SINGLETON	del_10plus	591
mean_skew	[-1.0,-0.5)	pELS	SINGLETON	del_2	337
mean_skew	[-1.0,-0.5)	pELS	SINGLETON	del_3	259
mean_skew	[-1.0,-0.5)	pELS	SINGLETON	del_4	170
mean_skew	[-1.0,-0.5)	pELS	SINGLETON	del_5	103
mean_skew	[-1.0,-0.5)	pELS	SINGLETON	del_6	106
mean_skew	[-1.0,-0.5)	pELS	SINGLETON	del_7	74
mean_skew	[-1.0,-0.5)	pELS	SINGLETON	del_8	78
mean_skew	[-1.0,-0.5)	pELS	SINGLETON	del_9	44
mean_skew	[-1.0,-0.5)	pELS	SINGLETON	ins_1	486
mean_skew	[-1.0,-0.5)	pELS	SINGLETON	ins_10plus	181
mean_skew	[-1.0,-0.5)	pELS	SINGLETON	ins_2	153
mean_skew	[-1.0,-0.5)	pELS	SINGLETON	ins_3	85
mean_skew	[-1.0,-0.5)	pELS	SINGLETON	ins_4	62
mean_skew	[-1.0,-0.5)	pELS	SINGLETON	ins_5	45
mean_skew	[-1.0,-0.5)	pELS	SINGLETON	ins_6	44
mean_skew	[-1.0,-0.5)	pELS	SINGLETON	ins_7	20
mean_skew	[-1.0,-0.5)	pELS	SINGLETON	ins_8	19
mean_skew	[-1.0,-0.5)	pELS	SINGLETON	ins_9	29
mean_skew	[-1.0,-0.5)	pELS	ULTRARARE	del_1	746
mean_skew	[-1.0,-0.5)	pELS	ULTRARARE	del_10plus	388
mean_skew	[-1.0,-0.5)	pELS	ULTRARARE	del_2	230
mean_skew	[-1.0,-0.5)	pELS	ULTRARARE	del_3	181
mean_skew	[-1.0,-0.5)	pELS	ULTRARARE	del_4	139
mean_skew	[-1.0,-0.5)	pELS	ULTRARARE	del_5	58
mean_skew	[-1.0,-0.5)	pELS	ULTRARARE	del_6	56
mean_skew	[-1.0,-0.5)	pELS	ULTRARARE	del_7	37
mean_skew	[-1.0,-0.5)	pELS	ULTRARARE	del_8	55
mean_skew	[-1.0,-0.5)	pELS	ULTRARARE	del_9	29
mean_skew	[-1.0,-0.5)	pELS	ULTRARARE	ins_1	308
mean_skew	[-1.0,-0.5)	pELS	ULTRARARE	ins_10plus	95
mean_skew	[-1.0,-0.5)	pELS	ULTRARARE	ins_2	84
mean_skew	[-1.0,-0.5)	pELS	ULTRARARE	ins_3	47
mean_skew	[-1.0,-0.5)	pELS	ULTRARARE	ins_4	41
mean_skew	[-1.0,-0.5)	pELS	ULTRARARE	ins_5	24
mean_skew	[-1.0,-0.5)	pELS	ULTRARARE	ins_6	22
mean_skew	[-1.0,-0.5)	pELS	ULTRARARE	ins_7	8
mean_skew	[-1.0,-0.5)	pELS	ULTRARARE	ins_8	8
mean_skew	[-1.0,-0.5)	pELS	ULTRARARE	ins_9	14
mean_skew	[-1.5,-1.0)	Other cCREs	COMMON	del_1	13
mean_skew	[-1.5,-1.0)	Other cCREs	COMMON	del_10plus	16
mean_skew	[-1.5,-1.0)	Other cCREs	COMMON	del_2	6
mean_skew	[-1.5,-1.0)	Other cCREs	COMMON	del_3	3
mean_skew	[-1.5,-1.0)	Other cCREs	COMMON	del_4	5
mean_skew	[-1.5,-1.0)	Other cCREs	COMMON	del_5	1
mean_skew	[-1.5,-1.0)	Other cCREs	COMMON	del_6	6
mean_skew	[-1.5,-1.0)	Other cCREs	COMMON	del_7	1
mean_skew	[-1.5,-1.0)	Other cCREs	COMMON	del_8	3
mean_skew	[-1.5,-1.0)	Other cCREs	COMMON	del_9	1
mean_skew	[-1.5,-1.0)	Other cCREs	COMMON	ins_1	6
mean_skew	[-1.5,-1.0)	Other cCREs	COMMON	ins_10plus	1
mean_skew	[-1.5,-1.0)	Other cCREs	COMMON	ins_4	1
mean_skew	[-1.5,-1.0)	Other cCREs	COMMON	ins_6	1
mean_skew	[-1.5,-1.0)	Other cCREs	COMMON	ins_8	1
mean_skew	[-1.5,-1.0)	Other cCREs	LOW_FREQ	del_1	16
mean_skew	[-1.5,-1.0)	Other cCREs	LOW_FREQ	del_10plus	20
mean_skew	[-1.5,-1.0)	Other cCREs	LOW_FREQ	del_2	6
mean_skew	[-1.5,-1.0)	Other cCREs	LOW_FREQ	del_3	6
mean_skew	[-1.5,-1.0)	Other cCREs	LOW_FREQ	del_4	4
mean_skew	[-1.5,-1.0)	Other cCREs	LOW_FREQ	del_5	1
mean_skew	[-1.5,-1.0)	Other cCREs	LOW_FREQ	del_6	3
mean_skew	[-1.5,-1.0)	Other cCREs	LOW_FREQ	del_7	3
mean_skew	[-1.5,-1.0)	Other cCREs	LOW_FREQ	del_8	3
mean_skew	[-1.5,-1.0)	Other cCREs	LOW_FREQ	ins_1	7
mean_skew	[-1.5,-1.0)	Other cCREs	LOW_FREQ	ins_10plus	1
mean_skew	[-1.5,-1.0)	Other cCREs	LOW_FREQ	ins_2	4
mean_skew	[-1.5,-1.0)	Other cCREs	LOW_FREQ	ins_8	1
mean_skew	[-1.5,-1.0)	Other cCREs	RARE	del_1	52
mean_skew	[-1.5,-1.0)	Other cCREs	RARE	del_10plus	42
mean_skew	[-1.5,-1.0)	Other cCREs	RARE	del_2	13
mean_skew	[-1.5,-1.0)	Other cCREs	RARE	del_3	8
mean_skew	[-1.5,-1.0)	Other cCREs	RARE	del_4	7
mean_skew	[-1.5,-1.0)	Other cCREs	RARE	del_5	5
mean_skew	[-1.5,-1.0)	Other cCREs	RARE	del_6	7
mean_skew	[-1.5,-1.0)	Other cCREs	RARE	del_7	2
mean_skew	[-1.5,-1.0)	Other cCREs	RARE	del_8	5
mean_skew	[-1.5,-1.0)	Other cCREs	RARE	del_9	3
mean_skew	[-1.5,-1.0)	Other cCREs	RARE	ins_1	14
mean_skew	[-1.5,-1.0)	Other cCREs	RARE	ins_10plus	1
mean_skew	[-1.5,-1.0)	Other cCREs	RARE	ins_2	10
mean_skew	[-1.5,-1.0)	Other cCREs	RARE	ins_4	3
mean_skew	[-1.5,-1.0)	Other cCREs	SINGLETON	del_1	551
mean_skew	[-1.5,-1.0)	Other cCREs	SINGLETON	del_10plus	196
mean_skew	[-1.5,-1.0)	Other cCREs	SINGLETON	del_2	117
mean_skew	[-1.5,-1.0)	Other cCREs	SINGLETON	del_3	77
mean_skew	[-1.5,-1.0)	Other cCREs	SINGLETON	del_4	61
mean_skew	[-1.5,-1.0)	Other cCREs	SINGLETON	del_5	30
mean_skew	[-1.5,-1.0)	Other cCREs	SINGLETON	del_6	41
mean_skew	[-1.5,-1.0)	Other cCREs	SINGLETON	del_7	27
mean_skew	[-1.5,-1.0)	Other cCREs	SINGLETON	del_8	25
mean_skew	[-1.5,-1.0)	Other cCREs	SINGLETON	del_9	20
mean_skew	[-1.5,-1.0)	Other cCREs	SINGLETON	ins_1	121
mean_skew	[-1.5,-1.0)	Other cCREs	SINGLETON	ins_10plus	21
mean_skew	[-1.5,-1.0)	Other cCREs	SINGLETON	ins_2	43
mean_skew	[-1.5,-1.0)	Other cCREs	SINGLETON	ins_3	27
mean_skew	[-1.5,-1.0)	Other cCREs	SINGLETON	ins_4	25
mean_skew	[-1.5,-1.0)	Other cCREs	SINGLETON	ins_5	11
mean_skew	[-1.5,-1.0)	Other cCREs	SINGLETON	ins_6	8
mean_skew	[-1.5,-1.0)	Other cCREs	SINGLETON	ins_7	4
mean_skew	[-1.5,-1.0)	Other cCREs	SINGLETON	ins_8	6
mean_skew	[-1.5,-1.0)	Other cCREs	SINGLETON	ins_9	7
mean_skew	[-1.5,-1.0)	Other cCREs	ULTRARARE	del_1	261
mean_skew	[-1.5,-1.0)	Other cCREs	ULTRARARE	del_10plus	161
mean_skew	[-1.5,-1.0)	Other cCREs	ULTRARARE	del_2	80
mean_skew	[-1.5,-1.0)	Other cCREs	ULTRARARE	del_3	62
mean_skew	[-1.5,-1.0)	Other cCREs	ULTRARARE	del_4	49
mean_skew	[-1.5,-1.0)	Other cCREs	ULTRARARE	del_5	25
mean_skew	[-1.5,-1.0)	Other cCREs	ULTRARARE	del_6	24
mean_skew	[-1.5,-1.0)	Other cCREs	ULTRARARE	del_7	18
mean_skew	[-1.5,-1.0)	Other cCREs	ULTRARARE	del_8	18
mean_skew	[-1.5,-1.0)	Other cCREs	ULTRARARE	del_9	12
mean_skew	[-1.5,-1.0)	Other cCREs	ULTRARARE	ins_1	73
mean_skew	[-1.5,-1.0)	Other cCREs	ULTRARARE	ins_10plus	16
mean_skew	[-1.5,-1.0)	Other cCREs	ULTRARARE	ins_2	34
mean_skew	[-1.5,-1.0)	Other cCREs	ULTRARARE	ins_3	14
mean_skew	[-1.5,-1.0)	Other cCREs	ULTRARARE	ins_4	18
mean_skew	[-1.5,-1.0)	Other cCREs	ULTRARARE	ins_5	5
mean_skew	[-1.5,-1.0)	Other cCREs	ULTRARARE	ins_6	1
mean_skew	[-1.5,-1.0)	Other cCREs	ULTRARARE	ins_7	2
mean_skew	[-1.5,-1.0)	Other cCREs	ULTRARARE	ins_8	3
mean_skew	[-1.5,-1.0)	Other cCREs	ULTRARARE	ins_9	3
mean_skew	[-1.5,-1.0)	PLS	COMMON	del_1	2
mean_skew	[-1.5,-1.0)	PLS	COMMON	del_10plus	3
mean_skew	[-1.5,-1.0)	PLS	COMMON	del_2	1
mean_skew	[-1.5,-1.0)	PLS	LOW_FREQ	del_1	5
mean_skew	[-1.5,-1.0)	PLS	LOW_FREQ	del_10plus	7
mean_skew	[-1.5,-1.0)	PLS	LOW_FREQ	del_2	1
mean_skew	[-1.5,-1.0)	PLS	LOW_FREQ	ins_4	1
mean_skew	[-1.5,-1.0)	PLS	RARE	del_1	18
mean_skew	[-1.5,-1.0)	PLS	RARE	del_10plus	10
mean_skew	[-1.5,-1.0)	PLS	RARE	del_2	2
mean_skew	[-1.5,-1.0)	PLS	RARE	del_3	2
mean_skew	[-1.5,-1.0)	PLS	RARE	del_4	1
mean_skew	[-1.5,-1.0)	PLS	RARE	del_5	1
mean_skew	[-1.5,-1.0)	PLS	RARE	del_6	5
mean_skew	[-1.5,-1.0)	PLS	RARE	del_7	1
mean_skew	[-1.5,-1.0)	PLS	RARE	del_9	1
mean_skew	[-1.5,-1.0)	PLS	RARE	ins_1	5
mean_skew	[-1.5,-1.0)	PLS	RARE	ins_2	2
mean_skew	[-1.5,-1.0)	PLS	RARE	ins_3	1
mean_skew	[-1.5,-1.0)	PLS	RARE	ins_4	1
mean_skew	[-1.5,-1.0)	PLS	RARE	ins_6	2
mean_skew	[-1.5,-1.0)	PLS	SINGLETON	del_1	163
mean_skew	[-1.5,-1.0)	PLS	SINGLETON	del_10plus	126
mean_skew	[-1.5,-1.0)	PLS	SINGLETON	del_2	34
mean_skew	[-1.5,-1.0)	PLS	SINGLETON	del_3	30
mean_skew	[-1.5,-1.0)	PLS	SINGLETON	del_4	22
mean_skew	[-1.5,-1.0)	PLS	SINGLETON	del_5	17
mean_skew	[-1.5,-1.0)	PLS	SINGLETON	del_6	16
mean_skew	[-1.5,-1.0)	PLS	SINGLETON	del_7	17
mean_skew	[-1.5,-1.0)	PLS	SINGLETON	del_8	12
mean_skew	[-1.5,-1.0)	PLS	SINGLETON	del_9	10
mean_skew	[-1.5,-1.0)	PLS	SINGLETON	ins_1	44
mean_skew	[-1.5,-1.0)	PLS	SINGLETON	ins_10plus	11
mean_skew	[-1.5,-1.0)	PLS	SINGLETON	ins_2	20
mean_skew	[-1.5,-1.0)	PLS	SINGLETON	ins_3	6
mean_skew	[-1.5,-1.0)	PLS	SINGLETON	ins_4	6
mean_skew	[-1.5,-1.0)	PLS	SINGLETON	ins_5	5
mean_skew	[-1.5,-1.0)	PLS	SINGLETON	ins_6	2
mean_skew	[-1.5,-1.0)	PLS	SINGLETON	ins_7	1
mean_skew	[-1.5,-1.0)	PLS	SINGLETON	ins_8	2
mean_skew	[-1.5,-1.0)	PLS	ULTRARARE	del_1	89
mean_skew	[-1.5,-1.0)	PLS	ULTRARARE	del_10plus	88
mean_skew	[-1.5,-1.0)	PLS	ULTRARARE	del_2	15
mean_skew	[-1.5,-1.0)	PLS	ULTRARARE	del_3	11
mean_skew	[-1.5,-1.0)	PLS	ULTRARARE	del_4	18
mean_skew	[-1.5,-1.0)	PLS	ULTRARARE	del_5	8
mean_skew	[-1.5,-1.0)	PLS	ULTRARARE	del_6	14
mean_skew	[-1.5,-1.0)	PLS	ULTRARARE	del_7	3
mean_skew	[-1.5,-1.0)	PLS	ULTRARARE	del_8	3
mean_skew	[-1.5,-1.0)	PLS	ULTRARARE	del_9	5
mean_skew	[-1.5,-1.0)	PLS	ULTRARARE	ins_1	31
mean_skew	[-1.5,-1.0)	PLS	ULTRARARE	ins_10plus	6
mean_skew	[-1.5,-1.0)	PLS	ULTRARARE	ins_2	3
mean_skew	[-1.5,-1.0)	PLS	ULTRARARE	ins_3	4
mean_skew	[-1.5,-1.0)	PLS	ULTRARARE	ins_4	3
mean_skew	[-1.5,-1.0)	PLS	ULTRARARE	ins_5	4
mean_skew	[-1.5,-1.0)	PLS	ULTRARARE	ins_7	1
mean_skew	[-1.5,-1.0)	PLS	ULTRARARE	ins_8	1
mean_skew	[-1.5,-1.0)	PLS	ULTRARARE	ins_9	2
mean_skew	[-1.5,-1.0)	dELS	COMMON	del_1	37
mean_skew	[-1.5,-1.0)	dELS	COMMON	del_10plus	29
mean_skew	[-1.5,-1.0)	dELS	COMMON	del_2	8
mean_skew	[-1.5,-1.0)	dELS	COMMON	del_3	8
mean_skew	[-1.5,-1.0)	dELS	COMMON	del_4	6
mean_skew	[-1.5,-1.0)	dELS	COMMON	del_5	1
mean_skew	[-1.5,-1.0)	dELS	COMMON	del_6	6
mean_skew	[-1.5,-1.0)	dELS	COMMON	del_7	3
mean_skew	[-1.5,-1.0)	dELS	COMMON	del_8	5
mean_skew	[-1.5,-1.0)	dELS	COMMON	ins_1	16
mean_skew	[-1.5,-1.0)	dELS	COMMON	ins_10plus	5
mean_skew	[-1.5,-1.0)	dELS	COMMON	ins_2	8
mean_skew	[-1.5,-1.0)	dELS	COMMON	ins_3	2
mean_skew	[-1.5,-1.0)	dELS	COMMON	ins_6	3
mean_skew	[-1.5,-1.0)	dELS	COMMON	ins_9	2
mean_skew	[-1.5,-1.0)	dELS	LOW_FREQ	del_1	47
mean_skew	[-1.5,-1.0)	dELS	LOW_FREQ	del_10plus	37
mean_skew	[-1.5,-1.0)	dELS	LOW_FREQ	del_2	12
mean_skew	[-1.5,-1.0)	dELS	LOW_FREQ	del_3	4
mean_skew	[-1.5,-1.0)	dELS	LOW_FREQ	del_4	13
mean_skew	[-1.5,-1.0)	dELS	LOW_FREQ	del_5	4
mean_skew	[-1.5,-1.0)	dELS	LOW_FREQ	del_6	8
mean_skew	[-1.5,-1.0)	dELS	LOW_FREQ	del_7	6
mean_skew	[-1.5,-1.0)	dELS	LOW_FREQ	del_8	9
mean_skew	[-1.5,-1.0)	dELS	LOW_FREQ	del_9	2
mean_skew	[-1.5,-1.0)	dELS	LOW_FREQ	ins_1	17
mean_skew	[-1.5,-1.0)	dELS	LOW_FREQ	ins_10plus	5
mean_skew	[-1.5,-1.0)	dELS	LOW_FREQ	ins_2	4
mean_skew	[-1.5,-1.0)	dELS	LOW_FREQ	ins_3	2
mean_skew	[-1.5,-1.0)	dELS	LOW_FREQ	ins_4	5
mean_skew	[-1.5,-1.0)	dELS	LOW_FREQ	ins_5	1
mean_skew	[-1.5,-1.0)	dELS	LOW_FREQ	ins_6	1
mean_skew	[-1.5,-1.0)	dELS	LOW_FREQ	ins_7	2
mean_skew	[-1.5,-1.0)	dELS	RARE	del_1	113
mean_skew	[-1.5,-1.0)	dELS	RARE	del_10plus	101
mean_skew	[-1.5,-1.0)	dELS	RARE	del_2	51
mean_skew	[-1.5,-1.0)	dELS	RARE	del_3	27
mean_skew	[-1.5,-1.0)	dELS	RARE	del_4	28
mean_skew	[-1.5,-1.0)	dELS	RARE	del_5	8
mean_skew	[-1.5,-1.0)	dELS	RARE	del_6	23
mean_skew	[-1.5,-1.0)	dELS	RARE	del_7	12
mean_skew	[-1.5,-1.0)	dELS	RARE	del_8	13
mean_skew	[-1.5,-1.0)	dELS	RARE	del_9	9
mean_skew	[-1.5,-1.0)	dELS	RARE	ins_1	28
mean_skew	[-1.5,-1.0)	dELS	RARE	ins_10plus	10
mean_skew	[-1.5,-1.0)	dELS	RARE	ins_2	16
mean_skew	[-1.5,-1.0)	dELS	RARE	ins_3	6
mean_skew	[-1.5,-1.0)	dELS	RARE	ins_4	6
mean_skew	[-1.5,-1.0)	dELS	RARE	ins_5	1
mean_skew	[-1.5,-1.0)	dELS	RARE	ins_6	4
mean_skew	[-1.5,-1.0)	dELS	RARE	ins_8	3
mean_skew	[-1.5,-1.0)	dELS	RARE	ins_9	1
mean_skew	[-1.5,-1.0)	dELS	SINGLETON	del_1	1687
mean_skew	[-1.5,-1.0)	dELS	SINGLETON	del_10plus	626
mean_skew	[-1.5,-1.0)	dELS	SINGLETON	del_2	436
mean_skew	[-1.5,-1.0)	dELS	SINGLETON	del_3	266
mean_skew	[-1.5,-1.0)	dELS	SINGLETON	del_4	239
mean_skew	[-1.5,-1.0)	dELS	SINGLETON	del_5	106
mean_skew	[-1.5,-1.0)	dELS	SINGLETON	del_6	143
mean_skew	[-1.5,-1.0)	dELS	SINGLETON	del_7	87
mean_skew	[-1.5,-1.0)	dELS	SINGLETON	del_8	106
mean_skew	[-1.5,-1.0)	dELS	SINGLETON	del_9	61
mean_skew	[-1.5,-1.0)	dELS	SINGLETON	ins_1	466
mean_skew	[-1.5,-1.0)	dELS	SINGLETON	ins_10plus	59
mean_skew	[-1.5,-1.0)	dELS	SINGLETON	ins_2	127
mean_skew	[-1.5,-1.0)	dELS	SINGLETON	ins_3	63
mean_skew	[-1.5,-1.0)	dELS	SINGLETON	ins_4	68
mean_skew	[-1.5,-1.0)	dELS	SINGLETON	ins_5	29
mean_skew	[-1.5,-1.0)	dELS	SINGLETON	ins_6	24
mean_skew	[-1.5,-1.0)	dELS	SINGLETON	ins_7	14
mean_skew	[-1.5,-1.0)	dELS	SINGLETON	ins_8	15
mean_skew	[-1.5,-1.0)	dELS	SINGLETON	ins_9	21
mean_skew	[-1.5,-1.0)	dELS	ULTRARARE	del_1	914
mean_skew	[-1.5,-1.0)	dELS	ULTRARARE	del_10plus	447
mean_skew	[-1.5,-1.0)	dELS	ULTRARARE	del_2	268
mean_skew	[-1.5,-1.0)	dELS	ULTRARARE	del_3	186
mean_skew	[-1.5,-1.0)	dELS	ULTRARARE	del_4	187
mean_skew	[-1.5,-1.0)	dELS	ULTRARARE	del_5	61
mean_skew	[-1.5,-1.0)	dELS	ULTRARARE	del_6	80
mean_skew	[-1.5,-1.0)	dELS	ULTRARARE	del_7	43
mean_skew	[-1.5,-1.0)	dELS	ULTRARARE	del_8	54
mean_skew	[-1.5,-1.0)	dELS	ULTRARARE	del_9	43
mean_skew	[-1.5,-1.0)	dELS	ULTRARARE	ins_1	266
mean_skew	[-1.5,-1.0)	dELS	ULTRARARE	ins_10plus	49
mean_skew	[-1.5,-1.0)	dELS	ULTRARARE	ins_2	81
mean_skew	[-1.5,-1.0)	dELS	ULTRARARE	ins_3	42
mean_skew	[-1.5,-1.0)	dELS	ULTRARARE	ins_4	48
mean_skew	[-1.5,-1.0)	dELS	ULTRARARE	ins_5	29
mean_skew	[-1.5,-1.0)	dELS	ULTRARARE	ins_6	13
mean_skew	[-1.5,-1.0)	dELS	ULTRARARE	ins_7	7
mean_skew	[-1.5,-1.0)	dELS	ULTRARARE	ins_8	12
mean_skew	[-1.5,-1.0)	dELS	ULTRARARE	ins_9	3
mean_skew	[-1.5,-1.0)	non-cCRE	COMMON	del_1	62
mean_skew	[-1.5,-1.0)	non-cCRE	COMMON	del_10plus	48
mean_skew	[-1.5,-1.0)	non-cCRE	COMMON	del_2	16
mean_skew	[-1.5,-1.0)	non-cCRE	COMMON	del_3	1
mean_skew	[-1.5,-1.0)	non-cCRE	COMMON	del_4	10
mean_skew	[-1.5,-1.0)	non-cCRE	COMMON	del_5	3
mean_skew	[-1.5,-1.0)	non-cCRE	COMMON	del_6	16
mean_skew	[-1.5,-1.0)	non-cCRE	COMMON	del_7	1
mean_skew	[-1.5,-1.0)	non-cCRE	COMMON	del_8	7
mean_skew	[-1.5,-1.0)	non-cCRE	COMMON	del_9	1
mean_skew	[-1.5,-1.0)	non-cCRE	COMMON	ins_1	22
mean_skew	[-1.5,-1.0)	non-cCRE	COMMON	ins_10plus	4
mean_skew	[-1.5,-1.0)	non-cCRE	COMMON	ins_2	8
mean_skew	[-1.5,-1.0)	non-cCRE	COMMON	ins_3	8
mean_skew	[-1.5,-1.0)	non-cCRE	COMMON	ins_4	4
mean_skew	[-1.5,-1.0)	non-cCRE	COMMON	ins_5	1
mean_skew	[-1.5,-1.0)	non-cCRE	COMMON	ins_6	2
mean_skew	[-1.5,-1.0)	non-cCRE	COMMON	ins_7	1
mean_skew	[-1.5,-1.0)	non-cCRE	LOW_FREQ	del_1	72
mean_skew	[-1.5,-1.0)	non-cCRE	LOW_FREQ	del_10plus	54
mean_skew	[-1.5,-1.0)	non-cCRE	LOW_FREQ	del_2	13
mean_skew	[-1.5,-1.0)	non-cCRE	LOW_FREQ	del_3	15
mean_skew	[-1.5,-1.0)	non-cCRE	LOW_FREQ	del_4	9
mean_skew	[-1.5,-1.0)	non-cCRE	LOW_FREQ	del_5	4
mean_skew	[-1.5,-1.0)	non-cCRE	LOW_FREQ	del_6	7
mean_skew	[-1.5,-1.0)	non-cCRE	LOW_FREQ	del_7	6
mean_skew	[-1.5,-1.0)	non-cCRE	LOW_FREQ	del_8	9
mean_skew	[-1.5,-1.0)	non-cCRE	LOW_FREQ	del_9	2
mean_skew	[-1.5,-1.0)	non-cCRE	LOW_FREQ	ins_1	26
mean_skew	[-1.5,-1.0)	non-cCRE	LOW_FREQ	ins_10plus	7
mean_skew	[-1.5,-1.0)	non-cCRE	LOW_FREQ	ins_2	17
mean_skew	[-1.5,-1.0)	non-cCRE	LOW_FREQ	ins_3	6
mean_skew	[-1.5,-1.0)	non-cCRE	LOW_FREQ	ins_4	4
mean_skew	[-1.5,-1.0)	non-cCRE	LOW_FREQ	ins_5	5
mean_skew	[-1.5,-1.0)	non-cCRE	LOW_FREQ	ins_6	2
mean_skew	[-1.5,-1.0)	non-cCRE	LOW_FREQ	ins_7	1
mean_skew	[-1.5,-1.0)	non-cCRE	RARE	del_1	183
mean_skew	[-1.5,-1.0)	non-cCRE	RARE	del_10plus	121
mean_skew	[-1.5,-1.0)	non-cCRE	RARE	del_2	48
mean_skew	[-1.5,-1.0)	non-cCRE	RARE	del_3	37
mean_skew	[-1.5,-1.0)	non-cCRE	RARE	del_4	35
mean_skew	[-1.5,-1.0)	non-cCRE	RARE	del_5	13
mean_skew	[-1.5,-1.0)	non-cCRE	RARE	del_6	24
mean_skew	[-1.5,-1.0)	non-cCRE	RARE	del_7	12
mean_skew	[-1.5,-1.0)	non-cCRE	RARE	del_8	10
mean_skew	[-1.5,-1.0)	non-cCRE	RARE	del_9	2
mean_skew	[-1.5,-1.0)	non-cCRE	RARE	ins_1	47
mean_skew	[-1.5,-1.0)	non-cCRE	RARE	ins_10plus	8
mean_skew	[-1.5,-1.0)	non-cCRE	RARE	ins_2	26
mean_skew	[-1.5,-1.0)	non-cCRE	RARE	ins_3	7
mean_skew	[-1.5,-1.0)	non-cCRE	RARE	ins_4	17
mean_skew	[-1.5,-1.0)	non-cCRE	RARE	ins_5	2
mean_skew	[-1.5,-1.0)	non-cCRE	RARE	ins_6	6
mean_skew	[-1.5,-1.0)	non-cCRE	RARE	ins_7	4
mean_skew	[-1.5,-1.0)	non-cCRE	SINGLETON	del_1	1943
mean_skew	[-1.5,-1.0)	non-cCRE	SINGLETON	del_10plus	740
mean_skew	[-1.5,-1.0)	non-cCRE	SINGLETON	del_2	390
mean_skew	[-1.5,-1.0)	non-cCRE	SINGLETON	del_3	296
mean_skew	[-1.5,-1.0)	non-cCRE	SINGLETON	del_4	234
mean_skew	[-1.5,-1.0)	non-cCRE	SINGLETON	del_5	96
mean_skew	[-1.5,-1.0)	non-cCRE	SINGLETON	del_6	158
mean_skew	[-1.5,-1.0)	non-cCRE	SINGLETON	del_7	108
mean_skew	[-1.5,-1.0)	non-cCRE	SINGLETON	del_8	93
mean_skew	[-1.5,-1.0)	non-cCRE	SINGLETON	del_9	98
mean_skew	[-1.5,-1.0)	non-cCRE	SINGLETON	ins_1	474
mean_skew	[-1.5,-1.0)	non-cCRE	SINGLETON	ins_10plus	73
mean_skew	[-1.5,-1.0)	non-cCRE	SINGLETON	ins_2	203
mean_skew	[-1.5,-1.0)	non-cCRE	SINGLETON	ins_3	92
mean_skew	[-1.5,-1.0)	non-cCRE	SINGLETON	ins_4	101
mean_skew	[-1.5,-1.0)	non-cCRE	SINGLETON	ins_5	27
mean_skew	[-1.5,-1.0)	non-cCRE	SINGLETON	ins_6	32
mean_skew	[-1.5,-1.0)	non-cCRE	SINGLETON	ins_7	15
mean_skew	[-1.5,-1.0)	non-cCRE	SINGLETON	ins_8	17
mean_skew	[-1.5,-1.0)	non-cCRE	SINGLETON	ins_9	20
mean_skew	[-1.5,-1.0)	non-cCRE	ULTRARARE	del_1	1070
mean_skew	[-1.5,-1.0)	non-cCRE	ULTRARARE	del_10plus	476
mean_skew	[-1.5,-1.0)	non-cCRE	ULTRARARE	del_2	233
mean_skew	[-1.5,-1.0)	non-cCRE	ULTRARARE	del_3	218
mean_skew	[-1.5,-1.0)	non-cCRE	ULTRARARE	del_4	186
mean_skew	[-1.5,-1.0)	non-cCRE	ULTRARARE	del_5	88
mean_skew	[-1.5,-1.0)	non-cCRE	ULTRARARE	del_6	98
mean_skew	[-1.5,-1.0)	non-cCRE	ULTRARARE	del_7	48
mean_skew	[-1.5,-1.0)	non-cCRE	ULTRARARE	del_8	68
mean_skew	[-1.5,-1.0)	non-cCRE	ULTRARARE	del_9	48
mean_skew	[-1.5,-1.0)	non-cCRE	ULTRARARE	ins_1	270
mean_skew	[-1.5,-1.0)	non-cCRE	ULTRARARE	ins_10plus	50
mean_skew	[-1.5,-1.0)	non-cCRE	ULTRARARE	ins_2	121
mean_skew	[-1.5,-1.0)	non-cCRE	ULTRARARE	ins_3	43
mean_skew	[-1.5,-1.0)	non-cCRE	ULTRARARE	ins_4	56
mean_skew	[-1.5,-1.0)	non-cCRE	ULTRARARE	ins_5	15
mean_skew	[-1.5,-1.0)	non-cCRE	ULTRARARE	ins_6	27
mean_skew	[-1.5,-1.0)	non-cCRE	ULTRARARE	ins_7	6
mean_skew	[-1.5,-1.0)	non-cCRE	ULTRARARE	ins_8	11
mean_skew	[-1.5,-1.0)	non-cCRE	ULTRARARE	ins_9	9
mean_skew	[-1.5,-1.0)	pELS	COMMON	del_1	3
mean_skew	[-1.5,-1.0)	pELS	COMMON	del_10plus	7
mean_skew	[-1.5,-1.0)	pELS	COMMON	del_2	2
mean_skew	[-1.5,-1.0)	pELS	COMMON	del_3	3
mean_skew	[-1.5,-1.0)	pELS	COMMON	del_4	1
mean_skew	[-1.5,-1.0)	pELS	COMMON	del_5	1
mean_skew	[-1.5,-1.0)	pELS	COMMON	del_6	2
mean_skew	[-1.5,-1.0)	pELS	COMMON	del_7	1
mean_skew	[-1.5,-1.0)	pELS	COMMON	del_9	1
mean_skew	[-1.5,-1.0)	pELS	COMMON	ins_1	4
mean_skew	[-1.5,-1.0)	pELS	COMMON	ins_10plus	1
mean_skew	[-1.5,-1.0)	pELS	COMMON	ins_2	2
mean_skew	[-1.5,-1.0)	pELS	COMMON	ins_4	2
mean_skew	[-1.5,-1.0)	pELS	LOW_FREQ	del_1	9
mean_skew	[-1.5,-1.0)	pELS	LOW_FREQ	del_10plus	8
mean_skew	[-1.5,-1.0)	pELS	LOW_FREQ	del_2	5
mean_skew	[-1.5,-1.0)	pELS	LOW_FREQ	del_3	2
mean_skew	[-1.5,-1.0)	pELS	LOW_FREQ	del_4	1
mean_skew	[-1.5,-1.0)	pELS	LOW_FREQ	del_6	3
mean_skew	[-1.5,-1.0)	pELS	LOW_FREQ	del_8	2
mean_skew	[-1.5,-1.0)	pELS	LOW_FREQ	del_9	2
mean_skew	[-1.5,-1.0)	pELS	LOW_FREQ	ins_1	2
mean_skew	[-1.5,-1.0)	pELS	LOW_FREQ	ins_10plus	2
mean_skew	[-1.5,-1.0)	pELS	LOW_FREQ	ins_2	1
mean_skew	[-1.5,-1.0)	pELS	LOW_FREQ	ins_3	1
mean_skew	[-1.5,-1.0)	pELS	RARE	del_1	19
mean_skew	[-1.5,-1.0)	pELS	RARE	del_10plus	23
mean_skew	[-1.5,-1.0)	pELS	RARE	del_2	6
mean_skew	[-1.5,-1.0)	pELS	RARE	del_3	9
mean_skew	[-1.5,-1.0)	pELS	RARE	del_4	10
mean_skew	[-1.5,-1.0)	pELS	RARE	del_5	1
mean_skew	[-1.5,-1.0)	pELS	RARE	del_6	4
mean_skew	[-1.5,-1.0)	pELS	RARE	del_8	5
mean_skew	[-1.5,-1.0)	pELS	RARE	ins_1	6
mean_skew	[-1.5,-1.0)	pELS	RARE	ins_10plus	3
mean_skew	[-1.5,-1.0)	pELS	RARE	ins_2	3
mean_skew	[-1.5,-1.0)	pELS	RARE	ins_3	3
mean_skew	[-1.5,-1.0)	pELS	RARE	ins_4	3
mean_skew	[-1.5,-1.0)	pELS	SINGLETON	del_1	262
mean_skew	[-1.5,-1.0)	pELS	SINGLETON	del_10plus	148
mean_skew	[-1.5,-1.0)	pELS	SINGLETON	del_2	82
mean_skew	[-1.5,-1.0)	pELS	SINGLETON	del_3	64
mean_skew	[-1.5,-1.0)	pELS	SINGLETON	del_4	43
mean_skew	[-1.5,-1.0)	pELS	SINGLETON	del_5	19
mean_skew	[-1.5,-1.0)	pELS	SINGLETON	del_6	19
mean_skew	[-1.5,-1.0)	pELS	SINGLETON	del_7	12
mean_skew	[-1.5,-1.0)	pELS	SINGLETON	del_8	19
mean_skew	[-1.5,-1.0)	pELS	SINGLETON	del_9	16
mean_skew	[-1.5,-1.0)	pELS	SINGLETON	ins_1	100
mean_skew	[-1.5,-1.0)	pELS	SINGLETON	ins_10plus	9
mean_skew	[-1.5,-1.0)	pELS	SINGLETON	ins_2	24
mean_skew	[-1.5,-1.0)	pELS	SINGLETON	ins_3	16
mean_skew	[-1.5,-1.0)	pELS	SINGLETON	ins_4	24
mean_skew	[-1.5,-1.0)	pELS	SINGLETON	ins_5	5
mean_skew	[-1.5,-1.0)	pELS	SINGLETON	ins_6	3
mean_skew	[-1.5,-1.0)	pELS	SINGLETON	ins_7	5
mean_skew	[-1.5,-1.0)	pELS	SINGLETON	ins_8	2
mean_skew	[-1.5,-1.0)	pELS	SINGLETON	ins_9	4
mean_skew	[-1.5,-1.0)	pELS	ULTRARARE	del_1	159
mean_skew	[-1.5,-1.0)	pELS	ULTRARARE	del_10plus	104
mean_skew	[-1.5,-1.0)	pELS	ULTRARARE	del_2	54
mean_skew	[-1.5,-1.0)	pELS	ULTRARARE	del_3	39
mean_skew	[-1.5,-1.0)	pELS	ULTRARARE	del_4	29
mean_skew	[-1.5,-1.0)	pELS	ULTRARARE	del_5	15
mean_skew	[-1.5,-1.0)	pELS	ULTRARARE	del_6	22
mean_skew	[-1.5,-1.0)	pELS	ULTRARARE	del_7	12
mean_skew	[-1.5,-1.0)	pELS	ULTRARARE	del_8	9
mean_skew	[-1.5,-1.0)	pELS	ULTRARARE	del_9	8
mean_skew	[-1.5,-1.0)	pELS	ULTRARARE	ins_1	62
mean_skew	[-1.5,-1.0)	pELS	ULTRARARE	ins_10plus	6
mean_skew	[-1.5,-1.0)	pELS	ULTRARARE	ins_2	14
mean_skew	[-1.5,-1.0)	pELS	ULTRARARE	ins_3	10
mean_skew	[-1.5,-1.0)	pELS	ULTRARARE	ins_4	5
mean_skew	[-1.5,-1.0)	pELS	ULTRARARE	ins_6	3
mean_skew	[-1.5,-1.0)	pELS	ULTRARARE	ins_7	1
mean_skew	[-1.5,-1.0)	pELS	ULTRARARE	ins_9	1
mean_skew	[0.05,0.2)	Other cCREs	COMMON	del_1	1548
mean_skew	[0.05,0.2)	Other cCREs	COMMON	del_10plus	2538
mean_skew	[0.05,0.2)	Other cCREs	COMMON	del_2	853
mean_skew	[0.05,0.2)	Other cCREs	COMMON	del_3	522
mean_skew	[0.05,0.2)	Other cCREs	COMMON	del_4	1252
mean_skew	[0.05,0.2)	Other cCREs	COMMON	del_5	292
mean_skew	[0.05,0.2)	Other cCREs	COMMON	del_6	445
mean_skew	[0.05,0.2)	Other cCREs	COMMON	del_7	166
mean_skew	[0.05,0.2)	Other cCREs	COMMON	del_8	636
mean_skew	[0.05,0.2)	Other cCREs	COMMON	del_9	294
mean_skew	[0.05,0.2)	Other cCREs	COMMON	ins_1	5859
mean_skew	[0.05,0.2)	Other cCREs	COMMON	ins_10plus	2404
mean_skew	[0.05,0.2)	Other cCREs	COMMON	ins_2	1378
mean_skew	[0.05,0.2)	Other cCREs	COMMON	ins_3	930
mean_skew	[0.05,0.2)	Other cCREs	COMMON	ins_4	698
mean_skew	[0.05,0.2)	Other cCREs	COMMON	ins_5	252
mean_skew	[0.05,0.2)	Other cCREs	COMMON	ins_6	349
mean_skew	[0.05,0.2)	Other cCREs	COMMON	ins_7	131
mean_skew	[0.05,0.2)	Other cCREs	COMMON	ins_8	720
mean_skew	[0.05,0.2)	Other cCREs	COMMON	ins_9	52
mean_skew	[0.05,0.2)	Other cCREs	LOW_FREQ	del_1	1682
mean_skew	[0.05,0.2)	Other cCREs	LOW_FREQ	del_10plus	2886
mean_skew	[0.05,0.2)	Other cCREs	LOW_FREQ	del_2	1035
mean_skew	[0.05,0.2)	Other cCREs	LOW_FREQ	del_3	720
mean_skew	[0.05,0.2)	Other cCREs	LOW_FREQ	del_4	1261
mean_skew	[0.05,0.2)	Other cCREs	LOW_FREQ	del_5	428
mean_skew	[0.05,0.2)	Other cCREs	LOW_FREQ	del_6	519
mean_skew	[0.05,0.2)	Other cCREs	LOW_FREQ	del_7	211
mean_skew	[0.05,0.2)	Other cCREs	LOW_FREQ	del_8	536
mean_skew	[0.05,0.2)	Other cCREs	LOW_FREQ	del_9	356
mean_skew	[0.05,0.2)	Other cCREs	LOW_FREQ	ins_1	4469
mean_skew	[0.05,0.2)	Other cCREs	LOW_FREQ	ins_10plus	3781
mean_skew	[0.05,0.2)	Other cCREs	LOW_FREQ	ins_2	1332
mean_skew	[0.05,0.2)	Other cCREs	LOW_FREQ	ins_3	1117
mean_skew	[0.05,0.2)	Other cCREs	LOW_FREQ	ins_4	659
mean_skew	[0.05,0.2)	Other cCREs	LOW_FREQ	ins_5	295
mean_skew	[0.05,0.2)	Other cCREs	LOW_FREQ	ins_6	409
mean_skew	[0.05,0.2)	Other cCREs	LOW_FREQ	ins_7	202
mean_skew	[0.05,0.2)	Other cCREs	LOW_FREQ	ins_8	836
mean_skew	[0.05,0.2)	Other cCREs	LOW_FREQ	ins_9	88
mean_skew	[0.05,0.2)	Other cCREs	RARE	del_1	4062
mean_skew	[0.05,0.2)	Other cCREs	RARE	del_10plus	5714
mean_skew	[0.05,0.2)	Other cCREs	RARE	del_2	2477
mean_skew	[0.05,0.2)	Other cCREs	RARE	del_3	1727
mean_skew	[0.05,0.2)	Other cCREs	RARE	del_4	2980
mean_skew	[0.05,0.2)	Other cCREs	RARE	del_5	964
mean_skew	[0.05,0.2)	Other cCREs	RARE	del_6	1039
mean_skew	[0.05,0.2)	Other cCREs	RARE	del_7	495
mean_skew	[0.05,0.2)	Other cCREs	RARE	del_8	969
mean_skew	[0.05,0.2)	Other cCREs	RARE	del_9	837
mean_skew	[0.05,0.2)	Other cCREs	RARE	ins_1	7802
mean_skew	[0.05,0.2)	Other cCREs	RARE	ins_10plus	6272
mean_skew	[0.05,0.2)	Other cCREs	RARE	ins_2	2159
mean_skew	[0.05,0.2)	Other cCREs	RARE	ins_3	1693
mean_skew	[0.05,0.2)	Other cCREs	RARE	ins_4	1234
mean_skew	[0.05,0.2)	Other cCREs	RARE	ins_5	504
mean_skew	[0.05,0.2)	Other cCREs	RARE	ins_6	650
mean_skew	[0.05,0.2)	Other cCREs	RARE	ins_7	448
mean_skew	[0.05,0.2)	Other cCREs	RARE	ins_8	1171
mean_skew	[0.05,0.2)	Other cCREs	RARE	ins_9	180
mean_skew	[0.05,0.2)	Other cCREs	SINGLETON	del_1	41070
mean_skew	[0.05,0.2)	Other cCREs	SINGLETON	del_10plus	23554
mean_skew	[0.05,0.2)	Other cCREs	SINGLETON	del_2	17543
mean_skew	[0.05,0.2)	Other cCREs	SINGLETON	del_3	11500
mean_skew	[0.05,0.2)	Other cCREs	SINGLETON	del_4	13930
mean_skew	[0.05,0.2)	Other cCREs	SINGLETON	del_5	5932
mean_skew	[0.05,0.2)	Other cCREs	SINGLETON	del_6	5313
mean_skew	[0.05,0.2)	Other cCREs	SINGLETON	del_7	3228
mean_skew	[0.05,0.2)	Other cCREs	SINGLETON	del_8	3748
mean_skew	[0.05,0.2)	Other cCREs	SINGLETON	del_9	4679
mean_skew	[0.05,0.2)	Other cCREs	SINGLETON	ins_1	32782
mean_skew	[0.05,0.2)	Other cCREs	SINGLETON	ins_10plus	11562
mean_skew	[0.05,0.2)	Other cCREs	SINGLETON	ins_2	6912
mean_skew	[0.05,0.2)	Other cCREs	SINGLETON	ins_3	6653
mean_skew	[0.05,0.2)	Other cCREs	SINGLETON	ins_4	5162
mean_skew	[0.05,0.2)	Other cCREs	SINGLETON	ins_5	2317
mean_skew	[0.05,0.2)	Other cCREs	SINGLETON	ins_6	1881
mean_skew	[0.05,0.2)	Other cCREs	SINGLETON	ins_7	1502
mean_skew	[0.05,0.2)	Other cCREs	SINGLETON	ins_8	2794
mean_skew	[0.05,0.2)	Other cCREs	SINGLETON	ins_9	643
mean_skew	[0.05,0.2)	Other cCREs	ULTRARARE	del_1	23395
mean_skew	[0.05,0.2)	Other cCREs	ULTRARARE	del_10plus	18564
mean_skew	[0.05,0.2)	Other cCREs	ULTRARARE	del_2	12240
mean_skew	[0.05,0.2)	Other cCREs	ULTRARARE	del_3	8015
mean_skew	[0.05,0.2)	Other cCREs	ULTRARARE	del_4	12128
mean_skew	[0.05,0.2)	Other cCREs	ULTRARARE	del_5	4139
mean_skew	[0.05,0.2)	Other cCREs	ULTRARARE	del_6	3925
mean_skew	[0.05,0.2)	Other cCREs	ULTRARARE	del_7	1959
mean_skew	[0.05,0.2)	Other cCREs	ULTRARARE	del_8	2897
mean_skew	[0.05,0.2)	Other cCREs	ULTRARARE	del_9	3313
mean_skew	[0.05,0.2)	Other cCREs	ULTRARARE	ins_1	26896
mean_skew	[0.05,0.2)	Other cCREs	ULTRARARE	ins_10plus	10858
mean_skew	[0.05,0.2)	Other cCREs	ULTRARARE	ins_2	6003
mean_skew	[0.05,0.2)	Other cCREs	ULTRARARE	ins_3	4938
mean_skew	[0.05,0.2)	Other cCREs	ULTRARARE	ins_4	3786
mean_skew	[0.05,0.2)	Other cCREs	ULTRARARE	ins_5	1695
mean_skew	[0.05,0.2)	Other cCREs	ULTRARARE	ins_6	1603
mean_skew	[0.05,0.2)	Other cCREs	ULTRARARE	ins_7	1215
mean_skew	[0.05,0.2)	Other cCREs	ULTRARARE	ins_8	2430
mean_skew	[0.05,0.2)	Other cCREs	ULTRARARE	ins_9	495
mean_skew	[0.05,0.2)	PLS	COMMON	del_1	125
mean_skew	[0.05,0.2)	PLS	COMMON	del_10plus	129
mean_skew	[0.05,0.2)	PLS	COMMON	del_2	85
mean_skew	[0.05,0.2)	PLS	COMMON	del_3	63
mean_skew	[0.05,0.2)	PLS	COMMON	del_4	91
mean_skew	[0.05,0.2)	PLS	COMMON	del_5	23
mean_skew	[0.05,0.2)	PLS	COMMON	del_6	42
mean_skew	[0.05,0.2)	PLS	COMMON	del_7	9
mean_skew	[0.05,0.2)	PLS	COMMON	del_8	25
mean_skew	[0.05,0.2)	PLS	COMMON	del_9	24
mean_skew	[0.05,0.2)	PLS	COMMON	ins_1	367
mean_skew	[0.05,0.2)	PLS	COMMON	ins_10plus	111
mean_skew	[0.05,0.2)	PLS	COMMON	ins_2	68
mean_skew	[0.05,0.2)	PLS	COMMON	ins_3	42
mean_skew	[0.05,0.2)	PLS	COMMON	ins_4	26
mean_skew	[0.05,0.2)	PLS	COMMON	ins_5	30
mean_skew	[0.05,0.2)	PLS	COMMON	ins_6	39
mean_skew	[0.05,0.2)	PLS	COMMON	ins_7	12
mean_skew	[0.05,0.2)	PLS	COMMON	ins_8	27
mean_skew	[0.05,0.2)	PLS	COMMON	ins_9	6
mean_skew	[0.05,0.2)	PLS	LOW_FREQ	del_1	181
mean_skew	[0.05,0.2)	PLS	LOW_FREQ	del_10plus	135
mean_skew	[0.05,0.2)	PLS	LOW_FREQ	del_2	100
mean_skew	[0.05,0.2)	PLS	LOW_FREQ	del_3	59
mean_skew	[0.05,0.2)	PLS	LOW_FREQ	del_4	76
mean_skew	[0.05,0.2)	PLS	LOW_FREQ	del_5	30
mean_skew	[0.05,0.2)	PLS	LOW_FREQ	del_6	55
mean_skew	[0.05,0.2)	PLS	LOW_FREQ	del_7	19
mean_skew	[0.05,0.2)	PLS	LOW_FREQ	del_8	21
mean_skew	[0.05,0.2)	PLS	LOW_FREQ	del_9	22
mean_skew	[0.05,0.2)	PLS	LOW_FREQ	ins_1	320
mean_skew	[0.05,0.2)	PLS	LOW_FREQ	ins_10plus	216
mean_skew	[0.05,0.2)	PLS	LOW_FREQ	ins_2	86
mean_skew	[0.05,0.2)	PLS	LOW_FREQ	ins_3	54
mean_skew	[0.05,0.2)	PLS	LOW_FREQ	ins_4	38
mean_skew	[0.05,0.2)	PLS	LOW_FREQ	ins_5	37
mean_skew	[0.05,0.2)	PLS	LOW_FREQ	ins_6	50
mean_skew	[0.05,0.2)	PLS	LOW_FREQ	ins_7	14
mean_skew	[0.05,0.2)	PLS	LOW_FREQ	ins_8	39
mean_skew	[0.05,0.2)	PLS	LOW_FREQ	ins_9	10
mean_skew	[0.05,0.2)	PLS	RARE	del_1	466
mean_skew	[0.05,0.2)	PLS	RARE	del_10plus	305
mean_skew	[0.05,0.2)	PLS	RARE	del_2	229
mean_skew	[0.05,0.2)	PLS	RARE	del_3	176
mean_skew	[0.05,0.2)	PLS	RARE	del_4	201
mean_skew	[0.05,0.2)	PLS	RARE	del_5	87
mean_skew	[0.05,0.2)	PLS	RARE	del_6	94
mean_skew	[0.05,0.2)	PLS	RARE	del_7	44
mean_skew	[0.05,0.2)	PLS	RARE	del_8	50
mean_skew	[0.05,0.2)	PLS	RARE	del_9	69
mean_skew	[0.05,0.2)	PLS	RARE	ins_1	698
mean_skew	[0.05,0.2)	PLS	RARE	ins_10plus	359
mean_skew	[0.05,0.2)	PLS	RARE	ins_2	144
mean_skew	[0.05,0.2)	PLS	RARE	ins_3	87
mean_skew	[0.05,0.2)	PLS	RARE	ins_4	78
mean_skew	[0.05,0.2)	PLS	RARE	ins_5	86
mean_skew	[0.05,0.2)	PLS	RARE	ins_6	141
mean_skew	[0.05,0.2)	PLS	RARE	ins_7	38
mean_skew	[0.05,0.2)	PLS	RARE	ins_8	48
mean_skew	[0.05,0.2)	PLS	RARE	ins_9	22
mean_skew	[0.05,0.2)	PLS	SINGLETON	del_1	4215
mean_skew	[0.05,0.2)	PLS	SINGLETON	del_10plus	1624
mean_skew	[0.05,0.2)	PLS	SINGLETON	del_2	1705
mean_skew	[0.05,0.2)	PLS	SINGLETON	del_3	1142
mean_skew	[0.05,0.2)	PLS	SINGLETON	del_4	987
mean_skew	[0.05,0.2)	PLS	SINGLETON	del_5	500
mean_skew	[0.05,0.2)	PLS	SINGLETON	del_6	415
mean_skew	[0.05,0.2)	PLS	SINGLETON	del_7	245
mean_skew	[0.05,0.2)	PLS	SINGLETON	del_8	287
mean_skew	[0.05,0.2)	PLS	SINGLETON	del_9	365
mean_skew	[0.05,0.2)	PLS	SINGLETON	ins_1	3090
mean_skew	[0.05,0.2)	PLS	SINGLETON	ins_10plus	1149
mean_skew	[0.05,0.2)	PLS	SINGLETON	ins_2	542
mean_skew	[0.05,0.2)	PLS	SINGLETON	ins_3	406
mean_skew	[0.05,0.2)	PLS	SINGLETON	ins_4	300
mean_skew	[0.05,0.2)	PLS	SINGLETON	ins_5	278
mean_skew	[0.05,0.2)	PLS	SINGLETON	ins_6	303
mean_skew	[0.05,0.2)	PLS	SINGLETON	ins_7	166
mean_skew	[0.05,0.2)	PLS	SINGLETON	ins_8	166
mean_skew	[0.05,0.2)	PLS	SINGLETON	ins_9	90
mean_skew	[0.05,0.2)	PLS	ULTRARARE	del_1	2705
mean_skew	[0.05,0.2)	PLS	ULTRARARE	del_10plus	1115
mean_skew	[0.05,0.2)	PLS	ULTRARARE	del_2	1122
mean_skew	[0.05,0.2)	PLS	ULTRARARE	del_3	912
mean_skew	[0.05,0.2)	PLS	ULTRARARE	del_4	830
mean_skew	[0.05,0.2)	PLS	ULTRARARE	del_5	344
mean_skew	[0.05,0.2)	PLS	ULTRARARE	del_6	323
mean_skew	[0.05,0.2)	PLS	ULTRARARE	del_7	176
mean_skew	[0.05,0.2)	PLS	ULTRARARE	del_8	162
mean_skew	[0.05,0.2)	PLS	ULTRARARE	del_9	235
mean_skew	[0.05,0.2)	PLS	ULTRARARE	ins_1	2506
mean_skew	[0.05,0.2)	PLS	ULTRARARE	ins_10plus	1087
mean_skew	[0.05,0.2)	PLS	ULTRARARE	ins_2	477
mean_skew	[0.05,0.2)	PLS	ULTRARARE	ins_3	334
mean_skew	[0.05,0.2)	PLS	ULTRARARE	ins_4	232
mean_skew	[0.05,0.2)	PLS	ULTRARARE	ins_5	260
mean_skew	[0.05,0.2)	PLS	ULTRARARE	ins_6	352
mean_skew	[0.05,0.2)	PLS	ULTRARARE	ins_7	135
mean_skew	[0.05,0.2)	PLS	ULTRARARE	ins_8	172
mean_skew	[0.05,0.2)	PLS	ULTRARARE	ins_9	67
mean_skew	[0.05,0.2)	dELS	COMMON	del_1	3736
mean_skew	[0.05,0.2)	dELS	COMMON	del_10plus	4590
mean_skew	[0.05,0.2)	dELS	COMMON	del_2	2247
mean_skew	[0.05,0.2)	dELS	COMMON	del_3	1200
mean_skew	[0.05,0.2)	dELS	COMMON	del_4	2535
mean_skew	[0.05,0.2)	dELS	COMMON	del_5	697
mean_skew	[0.05,0.2)	dELS	COMMON	del_6	980
mean_skew	[0.05,0.2)	dELS	COMMON	del_7	377
mean_skew	[0.05,0.2)	dELS	COMMON	del_8	769
mean_skew	[0.05,0.2)	dELS	COMMON	del_9	551
mean_skew	[0.05,0.2)	dELS	COMMON	ins_1	14307
mean_skew	[0.05,0.2)	dELS	COMMON	ins_10plus	4824
mean_skew	[0.05,0.2)	dELS	COMMON	ins_2	3020
mean_skew	[0.05,0.2)	dELS	COMMON	ins_3	2122
mean_skew	[0.05,0.2)	dELS	COMMON	ins_4	1356
mean_skew	[0.05,0.2)	dELS	COMMON	ins_5	498
mean_skew	[0.05,0.2)	dELS	COMMON	ins_6	836
mean_skew	[0.05,0.2)	dELS	COMMON	ins_7	292
mean_skew	[0.05,0.2)	dELS	COMMON	ins_8	1465
mean_skew	[0.05,0.2)	dELS	COMMON	ins_9	94
mean_skew	[0.05,0.2)	dELS	LOW_FREQ	del_1	4422
mean_skew	[0.05,0.2)	dELS	LOW_FREQ	del_10plus	5233
mean_skew	[0.05,0.2)	dELS	LOW_FREQ	del_2	2789
mean_skew	[0.05,0.2)	dELS	LOW_FREQ	del_3	1696
mean_skew	[0.05,0.2)	dELS	LOW_FREQ	del_4	2814
mean_skew	[0.05,0.2)	dELS	LOW_FREQ	del_5	958
mean_skew	[0.05,0.2)	dELS	LOW_FREQ	del_6	1020
mean_skew	[0.05,0.2)	dELS	LOW_FREQ	del_7	483
mean_skew	[0.05,0.2)	dELS	LOW_FREQ	del_8	761
mean_skew	[0.05,0.2)	dELS	LOW_FREQ	del_9	661
mean_skew	[0.05,0.2)	dELS	LOW_FREQ	ins_1	11294
mean_skew	[0.05,0.2)	dELS	LOW_FREQ	ins_10plus	7839
mean_skew	[0.05,0.2)	dELS	LOW_FREQ	ins_2	2879
mean_skew	[0.05,0.2)	dELS	LOW_FREQ	ins_3	2334
mean_skew	[0.05,0.2)	dELS	LOW_FREQ	ins_4	1346
mean_skew	[0.05,0.2)	dELS	LOW_FREQ	ins_5	589
mean_skew	[0.05,0.2)	dELS	LOW_FREQ	ins_6	973
mean_skew	[0.05,0.2)	dELS	LOW_FREQ	ins_7	468
mean_skew	[0.05,0.2)	dELS	LOW_FREQ	ins_8	1688
mean_skew	[0.05,0.2)	dELS	LOW_FREQ	ins_9	156
mean_skew	[0.05,0.2)	dELS	RARE	del_1	10628
mean_skew	[0.05,0.2)	dELS	RARE	del_10plus	10366
mean_skew	[0.05,0.2)	dELS	RARE	del_2	6919
mean_skew	[0.05,0.2)	dELS	RARE	del_3	4204
mean_skew	[0.05,0.2)	dELS	RARE	del_4	6715
mean_skew	[0.05,0.2)	dELS	RARE	del_5	2267
mean_skew	[0.05,0.2)	dELS	RARE	del_6	2254
mean_skew	[0.05,0.2)	dELS	RARE	del_7	1195
mean_skew	[0.05,0.2)	dELS	RARE	del_8	1571
mean_skew	[0.05,0.2)	dELS	RARE	del_9	1506
mean_skew	[0.05,0.2)	dELS	RARE	ins_1	19686
mean_skew	[0.05,0.2)	dELS	RARE	ins_10plus	12716
mean_skew	[0.05,0.2)	dELS	RARE	ins_2	5064
mean_skew	[0.05,0.2)	dELS	RARE	ins_3	3863
mean_skew	[0.05,0.2)	dELS	RARE	ins_4	2433
mean_skew	[0.05,0.2)	dELS	RARE	ins_5	1239
mean_skew	[0.05,0.2)	dELS	RARE	ins_6	1601
mean_skew	[0.05,0.2)	dELS	RARE	ins_7	1049
mean_skew	[0.05,0.2)	dELS	RARE	ins_8	2430
mean_skew	[0.05,0.2)	dELS	RARE	ins_9	405
mean_skew	[0.05,0.2)	dELS	SINGLETON	del_1	112574
mean_skew	[0.05,0.2)	dELS	SINGLETON	del_10plus	52745
mean_skew	[0.05,0.2)	dELS	SINGLETON	del_2	51775
mean_skew	[0.05,0.2)	dELS	SINGLETON	del_3	32339
mean_skew	[0.05,0.2)	dELS	SINGLETON	del_4	37034
mean_skew	[0.05,0.2)	dELS	SINGLETON	del_5	15622
mean_skew	[0.05,0.2)	dELS	SINGLETON	del_6	13291
mean_skew	[0.05,0.2)	dELS	SINGLETON	del_7	8615
mean_skew	[0.05,0.2)	dELS	SINGLETON	del_8	8385
mean_skew	[0.05,0.2)	dELS	SINGLETON	del_9	11551
mean_skew	[0.05,0.2)	dELS	SINGLETON	ins_1	91491
mean_skew	[0.05,0.2)	dELS	SINGLETON	ins_10plus	23250
mean_skew	[0.05,0.2)	dELS	SINGLETON	ins_2	17229
mean_skew	[0.05,0.2)	dELS	SINGLETON	ins_3	15539
mean_skew	[0.05,0.2)	dELS	SINGLETON	ins_4	11354
mean_skew	[0.05,0.2)	dELS	SINGLETON	ins_5	5272
mean_skew	[0.05,0.2)	dELS	SINGLETON	ins_6	4692
mean_skew	[0.05,0.2)	dELS	SINGLETON	ins_7	3637
mean_skew	[0.05,0.2)	dELS	SINGLETON	ins_8	5102
mean_skew	[0.05,0.2)	dELS	SINGLETON	ins_9	1397
mean_skew	[0.05,0.2)	dELS	ULTRARARE	del_1	63249
mean_skew	[0.05,0.2)	dELS	ULTRARARE	del_10plus	37116
mean_skew	[0.05,0.2)	dELS	ULTRARARE	del_2	35503
mean_skew	[0.05,0.2)	dELS	ULTRARARE	del_3	22582
mean_skew	[0.05,0.2)	dELS	ULTRARARE	del_4	30154
mean_skew	[0.05,0.2)	dELS	ULTRARARE	del_5	10594
mean_skew	[0.05,0.2)	dELS	ULTRARARE	del_6	9051
mean_skew	[0.05,0.2)	dELS	ULTRARARE	del_7	5142
mean_skew	[0.05,0.2)	dELS	ULTRARARE	del_8	5795
mean_skew	[0.05,0.2)	dELS	ULTRARARE	del_9	7048
mean_skew	[0.05,0.2)	dELS	ULTRARARE	ins_1	71608
mean_skew	[0.05,0.2)	dELS	ULTRARARE	ins_10plus	22013
mean_skew	[0.05,0.2)	dELS	ULTRARARE	ins_2	14347
mean_skew	[0.05,0.2)	dELS	ULTRARARE	ins_3	11354
mean_skew	[0.05,0.2)	dELS	ULTRARARE	ins_4	8072
mean_skew	[0.05,0.2)	dELS	ULTRARARE	ins_5	3903
mean_skew	[0.05,0.2)	dELS	ULTRARARE	ins_6	3924
mean_skew	[0.05,0.2)	dELS	ULTRARARE	ins_7	2842
mean_skew	[0.05,0.2)	dELS	ULTRARARE	ins_8	4638
mean_skew	[0.05,0.2)	dELS	ULTRARARE	ins_9	1000
mean_skew	[0.05,0.2)	non-cCRE	COMMON	del_1	17903
mean_skew	[0.05,0.2)	non-cCRE	COMMON	del_10plus	30247
mean_skew	[0.05,0.2)	non-cCRE	COMMON	del_2	8919
mean_skew	[0.05,0.2)	non-cCRE	COMMON	del_3	5728
mean_skew	[0.05,0.2)	non-cCRE	COMMON	del_4	12569
mean_skew	[0.05,0.2)	non-cCRE	COMMON	del_5	4333
mean_skew	[0.05,0.2)	non-cCRE	COMMON	del_6	4771
mean_skew	[0.05,0.2)	non-cCRE	COMMON	del_7	2075
mean_skew	[0.05,0.2)	non-cCRE	COMMON	del_8	5601
mean_skew	[0.05,0.2)	non-cCRE	COMMON	del_9	3434
mean_skew	[0.05,0.2)	non-cCRE	COMMON	ins_1	88349
mean_skew	[0.05,0.2)	non-cCRE	COMMON	ins_10plus	29985
mean_skew	[0.05,0.2)	non-cCRE	COMMON	ins_2	21682
mean_skew	[0.05,0.2)	non-cCRE	COMMON	ins_3	17335
mean_skew	[0.05,0.2)	non-cCRE	COMMON	ins_4	9161
mean_skew	[0.05,0.2)	non-cCRE	COMMON	ins_5	4373
mean_skew	[0.05,0.2)	non-cCRE	COMMON	ins_6	4437
mean_skew	[0.05,0.2)	non-cCRE	COMMON	ins_7	2036
mean_skew	[0.05,0.2)	non-cCRE	COMMON	ins_8	7633
mean_skew	[0.05,0.2)	non-cCRE	COMMON	ins_9	874
mean_skew	[0.05,0.2)	non-cCRE	LOW_FREQ	del_1	20329
mean_skew	[0.05,0.2)	non-cCRE	LOW_FREQ	del_10plus	33831
mean_skew	[0.05,0.2)	non-cCRE	LOW_FREQ	del_2	10971
mean_skew	[0.05,0.2)	non-cCRE	LOW_FREQ	del_3	6991
mean_skew	[0.05,0.2)	non-cCRE	LOW_FREQ	del_4	14338
mean_skew	[0.05,0.2)	non-cCRE	LOW_FREQ	del_5	5314
mean_skew	[0.05,0.2)	non-cCRE	LOW_FREQ	del_6	5964
mean_skew	[0.05,0.2)	non-cCRE	LOW_FREQ	del_7	2959
mean_skew	[0.05,0.2)	non-cCRE	LOW_FREQ	del_8	5255
mean_skew	[0.05,0.2)	non-cCRE	LOW_FREQ	del_9	4122
mean_skew	[0.05,0.2)	non-cCRE	LOW_FREQ	ins_1	65791
mean_skew	[0.05,0.2)	non-cCRE	LOW_FREQ	ins_10plus	52541
mean_skew	[0.05,0.2)	non-cCRE	LOW_FREQ	ins_2	20528
mean_skew	[0.05,0.2)	non-cCRE	LOW_FREQ	ins_3	17622
mean_skew	[0.05,0.2)	non-cCRE	LOW_FREQ	ins_4	8623
mean_skew	[0.05,0.2)	non-cCRE	LOW_FREQ	ins_5	4661
mean_skew	[0.05,0.2)	non-cCRE	LOW_FREQ	ins_6	4953
mean_skew	[0.05,0.2)	non-cCRE	LOW_FREQ	ins_7	3275
mean_skew	[0.05,0.2)	non-cCRE	LOW_FREQ	ins_8	9197
mean_skew	[0.05,0.2)	non-cCRE	LOW_FREQ	ins_9	1330
mean_skew	[0.05,0.2)	non-cCRE	RARE	del_1	46376
mean_skew	[0.05,0.2)	non-cCRE	RARE	del_10plus	65691
mean_skew	[0.05,0.2)	non-cCRE	RARE	del_2	25141
mean_skew	[0.05,0.2)	non-cCRE	RARE	del_3	16870
mean_skew	[0.05,0.2)	non-cCRE	RARE	del_4	33236
mean_skew	[0.05,0.2)	non-cCRE	RARE	del_5	12284
mean_skew	[0.05,0.2)	non-cCRE	RARE	del_6	13021
mean_skew	[0.05,0.2)	non-cCRE	RARE	del_7	6998
mean_skew	[0.05,0.2)	non-cCRE	RARE	del_8	10065
mean_skew	[0.05,0.2)	non-cCRE	RARE	del_9	9266
mean_skew	[0.05,0.2)	non-cCRE	RARE	ins_1	108097
mean_skew	[0.05,0.2)	non-cCRE	RARE	ins_10plus	94352
mean_skew	[0.05,0.2)	non-cCRE	RARE	ins_2	34661
mean_skew	[0.05,0.2)	non-cCRE	RARE	ins_3	27795
mean_skew	[0.05,0.2)	non-cCRE	RARE	ins_4	14870
mean_skew	[0.05,0.2)	non-cCRE	RARE	ins_5	8815
mean_skew	[0.05,0.2)	non-cCRE	RARE	ins_6	8588
mean_skew	[0.05,0.2)	non-cCRE	RARE	ins_7	7123
mean_skew	[0.05,0.2)	non-cCRE	RARE	ins_8	14322
mean_skew	[0.05,0.2)	non-cCRE	RARE	ins_9	2969
mean_skew	[0.05,0.2)	non-cCRE	SINGLETON	del_1	454237
mean_skew	[0.05,0.2)	non-cCRE	SINGLETON	del_10plus	272247
mean_skew	[0.05,0.2)	non-cCRE	SINGLETON	del_2	178492
mean_skew	[0.05,0.2)	non-cCRE	SINGLETON	del_3	112722
mean_skew	[0.05,0.2)	non-cCRE	SINGLETON	del_4	150194
mean_skew	[0.05,0.2)	non-cCRE	SINGLETON	del_5	70590
mean_skew	[0.05,0.2)	non-cCRE	SINGLETON	del_6	62998
mean_skew	[0.05,0.2)	non-cCRE	SINGLETON	del_7	36640
mean_skew	[0.05,0.2)	non-cCRE	SINGLETON	del_8	40609
mean_skew	[0.05,0.2)	non-cCRE	SINGLETON	del_9	53966
mean_skew	[0.05,0.2)	non-cCRE	SINGLETON	ins_1	414050
mean_skew	[0.05,0.2)	non-cCRE	SINGLETON	ins_10plus	179785
mean_skew	[0.05,0.2)	non-cCRE	SINGLETON	ins_2	95858
mean_skew	[0.05,0.2)	non-cCRE	SINGLETON	ins_3	94533
mean_skew	[0.05,0.2)	non-cCRE	SINGLETON	ins_4	63289
mean_skew	[0.05,0.2)	non-cCRE	SINGLETON	ins_5	34035
mean_skew	[0.05,0.2)	non-cCRE	SINGLETON	ins_6	26862
mean_skew	[0.05,0.2)	non-cCRE	SINGLETON	ins_7	23173
mean_skew	[0.05,0.2)	non-cCRE	SINGLETON	ins_8	31591
mean_skew	[0.05,0.2)	non-cCRE	SINGLETON	ins_9	9947
mean_skew	[0.05,0.2)	non-cCRE	ULTRARARE	del_1	259802
mean_skew	[0.05,0.2)	non-cCRE	ULTRARARE	del_10plus	206332
mean_skew	[0.05,0.2)	non-cCRE	ULTRARARE	del_2	120622
mean_skew	[0.05,0.2)	non-cCRE	ULTRARARE	del_3	80393
mean_skew	[0.05,0.2)	non-cCRE	ULTRARARE	del_4	130539
mean_skew	[0.05,0.2)	non-cCRE	ULTRARARE	del_5	51838
mean_skew	[0.05,0.2)	non-cCRE	ULTRARARE	del_6	46105
mean_skew	[0.05,0.2)	non-cCRE	ULTRARARE	del_7	24781
mean_skew	[0.05,0.2)	non-cCRE	ULTRARARE	del_8	31966
mean_skew	[0.05,0.2)	non-cCRE	ULTRARARE	del_9	36070
mean_skew	[0.05,0.2)	non-cCRE	ULTRARARE	ins_1	350588
mean_skew	[0.05,0.2)	non-cCRE	ULTRARARE	ins_10plus	168162
mean_skew	[0.05,0.2)	non-cCRE	ULTRARARE	ins_2	85301
mean_skew	[0.05,0.2)	non-cCRE	ULTRARARE	ins_3	74554
mean_skew	[0.05,0.2)	non-cCRE	ULTRARARE	ins_4	45933
mean_skew	[0.05,0.2)	non-cCRE	ULTRARARE	ins_5	25489
mean_skew	[0.05,0.2)	non-cCRE	ULTRARARE	ins_6	20955
mean_skew	[0.05,0.2)	non-cCRE	ULTRARARE	ins_7	17539
mean_skew	[0.05,0.2)	non-cCRE	ULTRARARE	ins_8	27341
mean_skew	[0.05,0.2)	non-cCRE	ULTRARARE	ins_9	7212
mean_skew	[0.05,0.2)	pELS	COMMON	del_1	623
mean_skew	[0.05,0.2)	pELS	COMMON	del_10plus	762
mean_skew	[0.05,0.2)	pELS	COMMON	del_2	430
mean_skew	[0.05,0.2)	pELS	COMMON	del_3	237
mean_skew	[0.05,0.2)	pELS	COMMON	del_4	519
mean_skew	[0.05,0.2)	pELS	COMMON	del_5	123
mean_skew	[0.05,0.2)	pELS	COMMON	del_6	211
mean_skew	[0.05,0.2)	pELS	COMMON	del_7	65
mean_skew	[0.05,0.2)	pELS	COMMON	del_8	155
mean_skew	[0.05,0.2)	pELS	COMMON	del_9	90
mean_skew	[0.05,0.2)	pELS	COMMON	ins_1	2477
mean_skew	[0.05,0.2)	pELS	COMMON	ins_10plus	770
mean_skew	[0.05,0.2)	pELS	COMMON	ins_2	545
mean_skew	[0.05,0.2)	pELS	COMMON	ins_3	387
mean_skew	[0.05,0.2)	pELS	COMMON	ins_4	217
mean_skew	[0.05,0.2)	pELS	COMMON	ins_5	91
mean_skew	[0.05,0.2)	pELS	COMMON	ins_6	136
mean_skew	[0.05,0.2)	pELS	COMMON	ins_7	50
mean_skew	[0.05,0.2)	pELS	COMMON	ins_8	217
mean_skew	[0.05,0.2)	pELS	COMMON	ins_9	22
mean_skew	[0.05,0.2)	pELS	LOW_FREQ	del_1	841
mean_skew	[0.05,0.2)	pELS	LOW_FREQ	del_10plus	865
mean_skew	[0.05,0.2)	pELS	LOW_FREQ	del_2	494
mean_skew	[0.05,0.2)	pELS	LOW_FREQ	del_3	331
mean_skew	[0.05,0.2)	pELS	LOW_FREQ	del_4	583
mean_skew	[0.05,0.2)	pELS	LOW_FREQ	del_5	176
mean_skew	[0.05,0.2)	pELS	LOW_FREQ	del_6	232
mean_skew	[0.05,0.2)	pELS	LOW_FREQ	del_7	91
mean_skew	[0.05,0.2)	pELS	LOW_FREQ	del_8	111
mean_skew	[0.05,0.2)	pELS	LOW_FREQ	del_9	105
mean_skew	[0.05,0.2)	pELS	LOW_FREQ	ins_1	1975
mean_skew	[0.05,0.2)	pELS	LOW_FREQ	ins_10plus	1201
mean_skew	[0.05,0.2)	pELS	LOW_FREQ	ins_2	520
mean_skew	[0.05,0.2)	pELS	LOW_FREQ	ins_3	352
mean_skew	[0.05,0.2)	pELS	LOW_FREQ	ins_4	241
mean_skew	[0.05,0.2)	pELS	LOW_FREQ	ins_5	120
mean_skew	[0.05,0.2)	pELS	LOW_FREQ	ins_6	188
mean_skew	[0.05,0.2)	pELS	LOW_FREQ	ins_7	93
mean_skew	[0.05,0.2)	pELS	LOW_FREQ	ins_8	291
mean_skew	[0.05,0.2)	pELS	LOW_FREQ	ins_9	33
mean_skew	[0.05,0.2)	pELS	RARE	del_1	1890
mean_skew	[0.05,0.2)	pELS	RARE	del_10plus	1714
mean_skew	[0.05,0.2)	pELS	RARE	del_2	1276
mean_skew	[0.05,0.2)	pELS	RARE	del_3	892
mean_skew	[0.05,0.2)	pELS	RARE	del_4	1352
mean_skew	[0.05,0.2)	pELS	RARE	del_5	406
mean_skew	[0.05,0.2)	pELS	RARE	del_6	480
mean_skew	[0.05,0.2)	pELS	RARE	del_7	224
mean_skew	[0.05,0.2)	pELS	RARE	del_8	285
mean_skew	[0.05,0.2)	pELS	RARE	del_9	296
mean_skew	[0.05,0.2)	pELS	RARE	ins_1	3522
mean_skew	[0.05,0.2)	pELS	RARE	ins_10plus	2176
mean_skew	[0.05,0.2)	pELS	RARE	ins_2	860
mean_skew	[0.05,0.2)	pELS	RARE	ins_3	612
mean_skew	[0.05,0.2)	pELS	RARE	ins_4	411
mean_skew	[0.05,0.2)	pELS	RARE	ins_5	283
mean_skew	[0.05,0.2)	pELS	RARE	ins_6	322
mean_skew	[0.05,0.2)	pELS	RARE	ins_7	185
mean_skew	[0.05,0.2)	pELS	RARE	ins_8	399
mean_skew	[0.05,0.2)	pELS	RARE	ins_9	90
mean_skew	[0.05,0.2)	pELS	SINGLETON	del_1	19333
mean_skew	[0.05,0.2)	pELS	SINGLETON	del_10plus	9089
mean_skew	[0.05,0.2)	pELS	SINGLETON	del_2	9339
mean_skew	[0.05,0.2)	pELS	SINGLETON	del_3	6224
mean_skew	[0.05,0.2)	pELS	SINGLETON	del_4	6629
mean_skew	[0.05,0.2)	pELS	SINGLETON	del_5	2905
mean_skew	[0.05,0.2)	pELS	SINGLETON	del_6	2519
mean_skew	[0.05,0.2)	pELS	SINGLETON	del_7	1555
mean_skew	[0.05,0.2)	pELS	SINGLETON	del_8	1495
mean_skew	[0.05,0.2)	pELS	SINGLETON	del_9	1979
mean_skew	[0.05,0.2)	pELS	SINGLETON	ins_1	16467
mean_skew	[0.05,0.2)	pELS	SINGLETON	ins_10plus	4075
mean_skew	[0.05,0.2)	pELS	SINGLETON	ins_2	3028
mean_skew	[0.05,0.2)	pELS	SINGLETON	ins_3	2530
mean_skew	[0.05,0.2)	pELS	SINGLETON	ins_4	1923
mean_skew	[0.05,0.2)	pELS	SINGLETON	ins_5	947
mean_skew	[0.05,0.2)	pELS	SINGLETON	ins_6	921
mean_skew	[0.05,0.2)	pELS	SINGLETON	ins_7	687
mean_skew	[0.05,0.2)	pELS	SINGLETON	ins_8	888
mean_skew	[0.05,0.2)	pELS	SINGLETON	ins_9	291
mean_skew	[0.05,0.2)	pELS	ULTRARARE	del_1	10969
mean_skew	[0.05,0.2)	pELS	ULTRARARE	del_10plus	6491
mean_skew	[0.05,0.2)	pELS	ULTRARARE	del_2	6409
mean_skew	[0.05,0.2)	pELS	ULTRARARE	del_3	4514
mean_skew	[0.05,0.2)	pELS	ULTRARARE	del_4	5783
mean_skew	[0.05,0.2)	pELS	ULTRARARE	del_5	2031
mean_skew	[0.05,0.2)	pELS	ULTRARARE	del_6	1687
mean_skew	[0.05,0.2)	pELS	ULTRARARE	del_7	932
mean_skew	[0.05,0.2)	pELS	ULTRARARE	del_8	1048
mean_skew	[0.05,0.2)	pELS	ULTRARARE	del_9	1232
mean_skew	[0.05,0.2)	pELS	ULTRARARE	ins_1	13013
mean_skew	[0.05,0.2)	pELS	ULTRARARE	ins_10plus	3718
mean_skew	[0.05,0.2)	pELS	ULTRARARE	ins_2	2373
mean_skew	[0.05,0.2)	pELS	ULTRARARE	ins_3	1873
mean_skew	[0.05,0.2)	pELS	ULTRARARE	ins_4	1392
mean_skew	[0.05,0.2)	pELS	ULTRARARE	ins_5	734
mean_skew	[0.05,0.2)	pELS	ULTRARARE	ins_6	846
mean_skew	[0.05,0.2)	pELS	ULTRARARE	ins_7	551
mean_skew	[0.05,0.2)	pELS	ULTRARARE	ins_8	808
mean_skew	[0.05,0.2)	pELS	ULTRARARE	ins_9	238
mean_skew	[0.2,0.5)	Other cCREs	COMMON	del_1	218
mean_skew	[0.2,0.5)	Other cCREs	COMMON	del_10plus	543
mean_skew	[0.2,0.5)	Other cCREs	COMMON	del_2	117
mean_skew	[0.2,0.5)	Other cCREs	COMMON	del_3	48
mean_skew	[0.2,0.5)	Other cCREs	COMMON	del_4	68
mean_skew	[0.2,0.5)	Other cCREs	COMMON	del_5	29
mean_skew	[0.2,0.5)	Other cCREs	COMMON	del_6	28
mean_skew	[0.2,0.5)	Other cCREs	COMMON	del_7	15
mean_skew	[0.2,0.5)	Other cCREs	COMMON	del_8	33
mean_skew	[0.2,0.5)	Other cCREs	COMMON	del_9	31
mean_skew	[0.2,0.5)	Other cCREs	COMMON	ins_1	195
mean_skew	[0.2,0.5)	Other cCREs	COMMON	ins_10plus	143
mean_skew	[0.2,0.5)	Other cCREs	COMMON	ins_2	129
mean_skew	[0.2,0.5)	Other cCREs	COMMON	ins_3	60
mean_skew	[0.2,0.5)	Other cCREs	COMMON	ins_4	73
mean_skew	[0.2,0.5)	Other cCREs	COMMON	ins_5	26
mean_skew	[0.2,0.5)	Other cCREs	COMMON	ins_6	42
mean_skew	[0.2,0.5)	Other cCREs	COMMON	ins_7	21
mean_skew	[0.2,0.5)	Other cCREs	COMMON	ins_8	42
mean_skew	[0.2,0.5)	Other cCREs	COMMON	ins_9	8
mean_skew	[0.2,0.5)	Other cCREs	LOW_FREQ	del_1	268
mean_skew	[0.2,0.5)	Other cCREs	LOW_FREQ	del_10plus	542
mean_skew	[0.2,0.5)	Other cCREs	LOW_FREQ	del_2	136
mean_skew	[0.2,0.5)	Other cCREs	LOW_FREQ	del_3	57
mean_skew	[0.2,0.5)	Other cCREs	LOW_FREQ	del_4	97
mean_skew	[0.2,0.5)	Other cCREs	LOW_FREQ	del_5	40
mean_skew	[0.2,0.5)	Other cCREs	LOW_FREQ	del_6	36
mean_skew	[0.2,0.5)	Other cCREs	LOW_FREQ	del_7	27
mean_skew	[0.2,0.5)	Other cCREs	LOW_FREQ	del_8	47
mean_skew	[0.2,0.5)	Other cCREs	LOW_FREQ	del_9	41
mean_skew	[0.2,0.5)	Other cCREs	LOW_FREQ	ins_1	184
mean_skew	[0.2,0.5)	Other cCREs	LOW_FREQ	ins_10plus	319
mean_skew	[0.2,0.5)	Other cCREs	LOW_FREQ	ins_2	127
mean_skew	[0.2,0.5)	Other cCREs	LOW_FREQ	ins_3	82
mean_skew	[0.2,0.5)	Other cCREs	LOW_FREQ	ins_4	90
mean_skew	[0.2,0.5)	Other cCREs	LOW_FREQ	ins_5	35
mean_skew	[0.2,0.5)	Other cCREs	LOW_FREQ	ins_6	75
mean_skew	[0.2,0.5)	Other cCREs	LOW_FREQ	ins_7	24
mean_skew	[0.2,0.5)	Other cCREs	LOW_FREQ	ins_8	71
mean_skew	[0.2,0.5)	Other cCREs	LOW_FREQ	ins_9	9
mean_skew	[0.2,0.5)	Other cCREs	RARE	del_1	654
mean_skew	[0.2,0.5)	Other cCREs	RARE	del_10plus	1272
mean_skew	[0.2,0.5)	Other cCREs	RARE	del_2	313
mean_skew	[0.2,0.5)	Other cCREs	RARE	del_3	163
mean_skew	[0.2,0.5)	Other cCREs	RARE	del_4	241
mean_skew	[0.2,0.5)	Other cCREs	RARE	del_5	87
mean_skew	[0.2,0.5)	Other cCREs	RARE	del_6	87
mean_skew	[0.2,0.5)	Other cCREs	RARE	del_7	70
mean_skew	[0.2,0.5)	Other cCREs	RARE	del_8	93
mean_skew	[0.2,0.5)	Other cCREs	RARE	del_9	99
mean_skew	[0.2,0.5)	Other cCREs	RARE	ins_1	397
mean_skew	[0.2,0.5)	Other cCREs	RARE	ins_10plus	726
mean_skew	[0.2,0.5)	Other cCREs	RARE	ins_2	227
mean_skew	[0.2,0.5)	Other cCREs	RARE	ins_3	157
mean_skew	[0.2,0.5)	Other cCREs	RARE	ins_4	168
mean_skew	[0.2,0.5)	Other cCREs	RARE	ins_5	69
mean_skew	[0.2,0.5)	Other cCREs	RARE	ins_6	146
mean_skew	[0.2,0.5)	Other cCREs	RARE	ins_7	56
mean_skew	[0.2,0.5)	Other cCREs	RARE	ins_8	155
mean_skew	[0.2,0.5)	Other cCREs	RARE	ins_9	24
mean_skew	[0.2,0.5)	Other cCREs	SINGLETON	del_1	6535
mean_skew	[0.2,0.5)	Other cCREs	SINGLETON	del_10plus	6955
mean_skew	[0.2,0.5)	Other cCREs	SINGLETON	del_2	2566
mean_skew	[0.2,0.5)	Other cCREs	SINGLETON	del_3	1360
mean_skew	[0.2,0.5)	Other cCREs	SINGLETON	del_4	1585
mean_skew	[0.2,0.5)	Other cCREs	SINGLETON	del_5	771
mean_skew	[0.2,0.5)	Other cCREs	SINGLETON	del_6	691
mean_skew	[0.2,0.5)	Other cCREs	SINGLETON	del_7	477
mean_skew	[0.2,0.5)	Other cCREs	SINGLETON	del_8	548
mean_skew	[0.2,0.5)	Other cCREs	SINGLETON	del_9	760
mean_skew	[0.2,0.5)	Other cCREs	SINGLETON	ins_1	3146
mean_skew	[0.2,0.5)	Other cCREs	SINGLETON	ins_10plus	1867
mean_skew	[0.2,0.5)	Other cCREs	SINGLETON	ins_2	977
mean_skew	[0.2,0.5)	Other cCREs	SINGLETON	ins_3	848
mean_skew	[0.2,0.5)	Other cCREs	SINGLETON	ins_4	770
mean_skew	[0.2,0.5)	Other cCREs	SINGLETON	ins_5	395
mean_skew	[0.2,0.5)	Other cCREs	SINGLETON	ins_6	445
mean_skew	[0.2,0.5)	Other cCREs	SINGLETON	ins_7	264
mean_skew	[0.2,0.5)	Other cCREs	SINGLETON	ins_8	410
mean_skew	[0.2,0.5)	Other cCREs	SINGLETON	ins_9	111
mean_skew	[0.2,0.5)	Other cCREs	ULTRARARE	del_1	3714
mean_skew	[0.2,0.5)	Other cCREs	ULTRARARE	del_10plus	4709
mean_skew	[0.2,0.5)	Other cCREs	ULTRARARE	del_2	1745
mean_skew	[0.2,0.5)	Other cCREs	ULTRARARE	del_3	893
mean_skew	[0.2,0.5)	Other cCREs	ULTRARARE	del_4	1118
mean_skew	[0.2,0.5)	Other cCREs	ULTRARARE	del_5	425
mean_skew	[0.2,0.5)	Other cCREs	ULTRARARE	del_6	358
mean_skew	[0.2,0.5)	Other cCREs	ULTRARARE	del_7	266
mean_skew	[0.2,0.5)	Other cCREs	ULTRARARE	del_8	381
mean_skew	[0.2,0.5)	Other cCREs	ULTRARARE	del_9	493
mean_skew	[0.2,0.5)	Other cCREs	ULTRARARE	ins_1	2061
mean_skew	[0.2,0.5)	Other cCREs	ULTRARARE	ins_10plus	1547
mean_skew	[0.2,0.5)	Other cCREs	ULTRARARE	ins_2	812
mean_skew	[0.2,0.5)	Other cCREs	ULTRARARE	ins_3	607
mean_skew	[0.2,0.5)	Other cCREs	ULTRARARE	ins_4	533
mean_skew	[0.2,0.5)	Other cCREs	ULTRARARE	ins_5	259
mean_skew	[0.2,0.5)	Other cCREs	ULTRARARE	ins_6	357
mean_skew	[0.2,0.5)	Other cCREs	ULTRARARE	ins_7	192
mean_skew	[0.2,0.5)	Other cCREs	ULTRARARE	ins_8	331
mean_skew	[0.2,0.5)	Other cCREs	ULTRARARE	ins_9	85
mean_skew	[0.2,0.5)	PLS	COMMON	del_1	49
mean_skew	[0.2,0.5)	PLS	COMMON	del_10plus	62
mean_skew	[0.2,0.5)	PLS	COMMON	del_2	11
mean_skew	[0.2,0.5)	PLS	COMMON	del_3	9
mean_skew	[0.2,0.5)	PLS	COMMON	del_4	8
mean_skew	[0.2,0.5)	PLS	COMMON	del_5	1
mean_skew	[0.2,0.5)	PLS	COMMON	del_6	8
mean_skew	[0.2,0.5)	PLS	COMMON	del_7	4
mean_skew	[0.2,0.5)	PLS	COMMON	del_8	3
mean_skew	[0.2,0.5)	PLS	COMMON	del_9	6
mean_skew	[0.2,0.5)	PLS	COMMON	ins_1	39
mean_skew	[0.2,0.5)	PLS	COMMON	ins_10plus	45
mean_skew	[0.2,0.5)	PLS	COMMON	ins_2	16
mean_skew	[0.2,0.5)	PLS	COMMON	ins_3	5
mean_skew	[0.2,0.5)	PLS	COMMON	ins_4	8
mean_skew	[0.2,0.5)	PLS	COMMON	ins_5	9
mean_skew	[0.2,0.5)	PLS	COMMON	ins_6	9
mean_skew	[0.2,0.5)	PLS	COMMON	ins_7	3
mean_skew	[0.2,0.5)	PLS	COMMON	ins_8	6
mean_skew	[0.2,0.5)	PLS	COMMON	ins_9	2
mean_skew	[0.2,0.5)	PLS	LOW_FREQ	del_1	45
mean_skew	[0.2,0.5)	PLS	LOW_FREQ	del_10plus	68
mean_skew	[0.2,0.5)	PLS	LOW_FREQ	del_2	23
mean_skew	[0.2,0.5)	PLS	LOW_FREQ	del_3	13
mean_skew	[0.2,0.5)	PLS	LOW_FREQ	del_4	12
mean_skew	[0.2,0.5)	PLS	LOW_FREQ	del_6	2
mean_skew	[0.2,0.5)	PLS	LOW_FREQ	del_7	5
mean_skew	[0.2,0.5)	PLS	LOW_FREQ	del_8	5
mean_skew	[0.2,0.5)	PLS	LOW_FREQ	del_9	9
mean_skew	[0.2,0.5)	PLS	LOW_FREQ	ins_1	41
mean_skew	[0.2,0.5)	PLS	LOW_FREQ	ins_10plus	62
mean_skew	[0.2,0.5)	PLS	LOW_FREQ	ins_2	13
mean_skew	[0.2,0.5)	PLS	LOW_FREQ	ins_3	7
mean_skew	[0.2,0.5)	PLS	LOW_FREQ	ins_4	13
mean_skew	[0.2,0.5)	PLS	LOW_FREQ	ins_5	11
mean_skew	[0.2,0.5)	PLS	LOW_FREQ	ins_6	13
mean_skew	[0.2,0.5)	PLS	LOW_FREQ	ins_7	4
mean_skew	[0.2,0.5)	PLS	LOW_FREQ	ins_8	7
mean_skew	[0.2,0.5)	PLS	LOW_FREQ	ins_9	1
mean_skew	[0.2,0.5)	PLS	RARE	del_1	122
mean_skew	[0.2,0.5)	PLS	RARE	del_10plus	160
mean_skew	[0.2,0.5)	PLS	RARE	del_2	50
mean_skew	[0.2,0.5)	PLS	RARE	del_3	36
mean_skew	[0.2,0.5)	PLS	RARE	del_4	31
mean_skew	[0.2,0.5)	PLS	RARE	del_5	12
mean_skew	[0.2,0.5)	PLS	RARE	del_6	20
mean_skew	[0.2,0.5)	PLS	RARE	del_7	13
mean_skew	[0.2,0.5)	PLS	RARE	del_8	10
mean_skew	[0.2,0.5)	PLS	RARE	del_9	22
mean_skew	[0.2,0.5)	PLS	RARE	ins_1	105
mean_skew	[0.2,0.5)	PLS	RARE	ins_10plus	187
mean_skew	[0.2,0.5)	PLS	RARE	ins_2	39
mean_skew	[0.2,0.5)	PLS	RARE	ins_3	27
mean_skew	[0.2,0.5)	PLS	RARE	ins_4	16
mean_skew	[0.2,0.5)	PLS	RARE	ins_5	34
mean_skew	[0.2,0.5)	PLS	RARE	ins_6	45
mean_skew	[0.2,0.5)	PLS	RARE	ins_7	6
mean_skew	[0.2,0.5)	PLS	RARE	ins_8	27
mean_skew	[0.2,0.5)	PLS	RARE	ins_9	6
mean_skew	[0.2,0.5)	PLS	SINGLETON	del_1	1124
mean_skew	[0.2,0.5)	PLS	SINGLETON	del_10plus	896
mean_skew	[0.2,0.5)	PLS	SINGLETON	del_2	348
mean_skew	[0.2,0.5)	PLS	SINGLETON	del_3	238
mean_skew	[0.2,0.5)	PLS	SINGLETON	del_4	220
mean_skew	[0.2,0.5)	PLS	SINGLETON	del_5	126
mean_skew	[0.2,0.5)	PLS	SINGLETON	del_6	99
mean_skew	[0.2,0.5)	PLS	SINGLETON	del_7	94
mean_skew	[0.2,0.5)	PLS	SINGLETON	del_8	84
mean_skew	[0.2,0.5)	PLS	SINGLETON	del_9	119
mean_skew	[0.2,0.5)	PLS	SINGLETON	ins_1	611
mean_skew	[0.2,0.5)	PLS	SINGLETON	ins_10plus	753
mean_skew	[0.2,0.5)	PLS	SINGLETON	ins_2	162
mean_skew	[0.2,0.5)	PLS	SINGLETON	ins_3	109
mean_skew	[0.2,0.5)	PLS	SINGLETON	ins_4	130
mean_skew	[0.2,0.5)	PLS	SINGLETON	ins_5	106
mean_skew	[0.2,0.5)	PLS	SINGLETON	ins_6	139
mean_skew	[0.2,0.5)	PLS	SINGLETON	ins_7	51
mean_skew	[0.2,0.5)	PLS	SINGLETON	ins_8	75
mean_skew	[0.2,0.5)	PLS	SINGLETON	ins_9	35
mean_skew	[0.2,0.5)	PLS	ULTRARARE	del_1	720
mean_skew	[0.2,0.5)	PLS	ULTRARARE	del_10plus	588
mean_skew	[0.2,0.5)	PLS	ULTRARARE	del_2	222
mean_skew	[0.2,0.5)	PLS	ULTRARARE	del_3	172
mean_skew	[0.2,0.5)	PLS	ULTRARARE	del_4	151
mean_skew	[0.2,0.5)	PLS	ULTRARARE	del_5	73
mean_skew	[0.2,0.5)	PLS	ULTRARARE	del_6	68
mean_skew	[0.2,0.5)	PLS	ULTRARARE	del_7	53
mean_skew	[0.2,0.5)	PLS	ULTRARARE	del_8	59
mean_skew	[0.2,0.5)	PLS	ULTRARARE	del_9	88
mean_skew	[0.2,0.5)	PLS	ULTRARARE	ins_1	494
mean_skew	[0.2,0.5)	PLS	ULTRARARE	ins_10plus	618
mean_skew	[0.2,0.5)	PLS	ULTRARARE	ins_2	118
mean_skew	[0.2,0.5)	PLS	ULTRARARE	ins_3	76
mean_skew	[0.2,0.5)	PLS	ULTRARARE	ins_4	82
mean_skew	[0.2,0.5)	PLS	ULTRARARE	ins_5	94
mean_skew	[0.2,0.5)	PLS	ULTRARARE	ins_6	131
mean_skew	[0.2,0.5)	PLS	ULTRARARE	ins_7	26
mean_skew	[0.2,0.5)	PLS	ULTRARARE	ins_8	60
mean_skew	[0.2,0.5)	PLS	ULTRARARE	ins_9	24
mean_skew	[0.2,0.5)	dELS	COMMON	del_1	598
mean_skew	[0.2,0.5)	dELS	COMMON	del_10plus	1205
mean_skew	[0.2,0.5)	dELS	COMMON	del_2	265
mean_skew	[0.2,0.5)	dELS	COMMON	del_3	143
mean_skew	[0.2,0.5)	dELS	COMMON	del_4	170
mean_skew	[0.2,0.5)	dELS	COMMON	del_5	64
mean_skew	[0.2,0.5)	dELS	COMMON	del_6	101
mean_skew	[0.2,0.5)	dELS	COMMON	del_7	60
mean_skew	[0.2,0.5)	dELS	COMMON	del_8	70
mean_skew	[0.2,0.5)	dELS	COMMON	del_9	91
mean_skew	[0.2,0.5)	dELS	COMMON	ins_1	629
mean_skew	[0.2,0.5)	dELS	COMMON	ins_10plus	443
mean_skew	[0.2,0.5)	dELS	COMMON	ins_2	283
mean_skew	[0.2,0.5)	dELS	COMMON	ins_3	172
mean_skew	[0.2,0.5)	dELS	COMMON	ins_4	208
mean_skew	[0.2,0.5)	dELS	COMMON	ins_5	70
mean_skew	[0.2,0.5)	dELS	COMMON	ins_6	123
mean_skew	[0.2,0.5)	dELS	COMMON	ins_7	44
mean_skew	[0.2,0.5)	dELS	COMMON	ins_8	113
mean_skew	[0.2,0.5)	dELS	COMMON	ins_9	25
mean_skew	[0.2,0.5)	dELS	LOW_FREQ	del_1	765
mean_skew	[0.2,0.5)	dELS	LOW_FREQ	del_10plus	1464
mean_skew	[0.2,0.5)	dELS	LOW_FREQ	del_2	415
mean_skew	[0.2,0.5)	dELS	LOW_FREQ	del_3	207
mean_skew	[0.2,0.5)	dELS	LOW_FREQ	del_4	274
mean_skew	[0.2,0.5)	dELS	LOW_FREQ	del_5	106
mean_skew	[0.2,0.5)	dELS	LOW_FREQ	del_6	97
mean_skew	[0.2,0.5)	dELS	LOW_FREQ	del_7	60
mean_skew	[0.2,0.5)	dELS	LOW_FREQ	del_8	79
mean_skew	[0.2,0.5)	dELS	LOW_FREQ	del_9	113
mean_skew	[0.2,0.5)	dELS	LOW_FREQ	ins_1	593
mean_skew	[0.2,0.5)	dELS	LOW_FREQ	ins_10plus	942
mean_skew	[0.2,0.5)	dELS	LOW_FREQ	ins_2	317
mean_skew	[0.2,0.5)	dELS	LOW_FREQ	ins_3	181
mean_skew	[0.2,0.5)	dELS	LOW_FREQ	ins_4	206
mean_skew	[0.2,0.5)	dELS	LOW_FREQ	ins_5	79
mean_skew	[0.2,0.5)	dELS	LOW_FREQ	ins_6	203
mean_skew	[0.2,0.5)	dELS	LOW_FREQ	ins_7	35
mean_skew	[0.2,0.5)	dELS	LOW_FREQ	ins_8	211
mean_skew	[0.2,0.5)	dELS	LOW_FREQ	ins_9	28
mean_skew	[0.2,0.5)	dELS	RARE	del_1	1894
mean_skew	[0.2,0.5)	dELS	RARE	del_10plus	3063
mean_skew	[0.2,0.5)	dELS	RARE	del_2	1049
mean_skew	[0.2,0.5)	dELS	RARE	del_3	479
mean_skew	[0.2,0.5)	dELS	RARE	del_4	656
mean_skew	[0.2,0.5)	dELS	RARE	del_5	214
mean_skew	[0.2,0.5)	dELS	RARE	del_6	253
mean_skew	[0.2,0.5)	dELS	RARE	del_7	172
mean_skew	[0.2,0.5)	dELS	RARE	del_8	216
mean_skew	[0.2,0.5)	dELS	RARE	del_9	305
mean_skew	[0.2,0.5)	dELS	RARE	ins_1	1361
mean_skew	[0.2,0.5)	dELS	RARE	ins_10plus	1881
mean_skew	[0.2,0.5)	dELS	RARE	ins_2	642
mean_skew	[0.2,0.5)	dELS	RARE	ins_3	366
mean_skew	[0.2,0.5)	dELS	RARE	ins_4	406
mean_skew	[0.2,0.5)	dELS	RARE	ins_5	197
mean_skew	[0.2,0.5)	dELS	RARE	ins_6	365
mean_skew	[0.2,0.5)	dELS	RARE	ins_7	143
mean_skew	[0.2,0.5)	dELS	RARE	ins_8	365
mean_skew	[0.2,0.5)	dELS	RARE	ins_9	65
mean_skew	[0.2,0.5)	dELS	SINGLETON	del_1	20175
mean_skew	[0.2,0.5)	dELS	SINGLETON	del_10plus	19505
mean_skew	[0.2,0.5)	dELS	SINGLETON	del_2	8236
mean_skew	[0.2,0.5)	dELS	SINGLETON	del_3	4237
mean_skew	[0.2,0.5)	dELS	SINGLETON	del_4	4544
mean_skew	[0.2,0.5)	dELS	SINGLETON	del_5	2254
mean_skew	[0.2,0.5)	dELS	SINGLETON	del_6	1984
mean_skew	[0.2,0.5)	dELS	SINGLETON	del_7	1432
mean_skew	[0.2,0.5)	dELS	SINGLETON	del_8	1495
mean_skew	[0.2,0.5)	dELS	SINGLETON	del_9	2343
mean_skew	[0.2,0.5)	dELS	SINGLETON	ins_1	10540
mean_skew	[0.2,0.5)	dELS	SINGLETON	ins_10plus	4874
mean_skew	[0.2,0.5)	dELS	SINGLETON	ins_2	2886
mean_skew	[0.2,0.5)	dELS	SINGLETON	ins_3	2443
mean_skew	[0.2,0.5)	dELS	SINGLETON	ins_4	2290
mean_skew	[0.2,0.5)	dELS	SINGLETON	ins_5	1145
mean_skew	[0.2,0.5)	dELS	SINGLETON	ins_6	1103
mean_skew	[0.2,0.5)	dELS	SINGLETON	ins_7	719
mean_skew	[0.2,0.5)	dELS	SINGLETON	ins_8	965
mean_skew	[0.2,0.5)	dELS	SINGLETON	ins_9	373
mean_skew	[0.2,0.5)	dELS	ULTRARARE	del_1	11363
mean_skew	[0.2,0.5)	dELS	ULTRARARE	del_10plus	12753
mean_skew	[0.2,0.5)	dELS	ULTRARARE	del_2	5461
mean_skew	[0.2,0.5)	dELS	ULTRARARE	del_3	2905
mean_skew	[0.2,0.5)	dELS	ULTRARARE	del_4	3303
mean_skew	[0.2,0.5)	dELS	ULTRARARE	del_5	1307
mean_skew	[0.2,0.5)	dELS	ULTRARARE	del_6	1198
mean_skew	[0.2,0.5)	dELS	ULTRARARE	del_7	802
mean_skew	[0.2,0.5)	dELS	ULTRARARE	del_8	936
mean_skew	[0.2,0.5)	dELS	ULTRARARE	del_9	1428
mean_skew	[0.2,0.5)	dELS	ULTRARARE	ins_1	6958
mean_skew	[0.2,0.5)	dELS	ULTRARARE	ins_10plus	4133
mean_skew	[0.2,0.5)	dELS	ULTRARARE	ins_2	2078
mean_skew	[0.2,0.5)	dELS	ULTRARARE	ins_3	1379
mean_skew	[0.2,0.5)	dELS	ULTRARARE	ins_4	1478
mean_skew	[0.2,0.5)	dELS	ULTRARARE	ins_5	753
mean_skew	[0.2,0.5)	dELS	ULTRARARE	ins_6	1004
mean_skew	[0.2,0.5)	dELS	ULTRARARE	ins_7	477
mean_skew	[0.2,0.5)	dELS	ULTRARARE	ins_8	824
mean_skew	[0.2,0.5)	dELS	ULTRARARE	ins_9	244
mean_skew	[0.2,0.5)	non-cCRE	COMMON	del_1	1669
mean_skew	[0.2,0.5)	non-cCRE	COMMON	del_10plus	4291
mean_skew	[0.2,0.5)	non-cCRE	COMMON	del_2	766
mean_skew	[0.2,0.5)	non-cCRE	COMMON	del_3	381
mean_skew	[0.2,0.5)	non-cCRE	COMMON	del_4	589
mean_skew	[0.2,0.5)	non-cCRE	COMMON	del_5	222
mean_skew	[0.2,0.5)	non-cCRE	COMMON	del_6	243
mean_skew	[0.2,0.5)	non-cCRE	COMMON	del_7	130
mean_skew	[0.2,0.5)	non-cCRE	COMMON	del_8	251
mean_skew	[0.2,0.5)	non-cCRE	COMMON	del_9	305
mean_skew	[0.2,0.5)	non-cCRE	COMMON	ins_1	1532
mean_skew	[0.2,0.5)	non-cCRE	COMMON	ins_10plus	1366
mean_skew	[0.2,0.5)	non-cCRE	COMMON	ins_2	956
mean_skew	[0.2,0.5)	non-cCRE	COMMON	ins_3	799
mean_skew	[0.2,0.5)	non-cCRE	COMMON	ins_4	661
mean_skew	[0.2,0.5)	non-cCRE	COMMON	ins_5	364
mean_skew	[0.2,0.5)	non-cCRE	COMMON	ins_6	381
mean_skew	[0.2,0.5)	non-cCRE	COMMON	ins_7	208
mean_skew	[0.2,0.5)	non-cCRE	COMMON	ins_8	355
mean_skew	[0.2,0.5)	non-cCRE	COMMON	ins_9	115
mean_skew	[0.2,0.5)	non-cCRE	LOW_FREQ	del_1	2140
mean_skew	[0.2,0.5)	non-cCRE	LOW_FREQ	del_10plus	5121
mean_skew	[0.2,0.5)	non-cCRE	LOW_FREQ	del_2	1051
mean_skew	[0.2,0.5)	non-cCRE	LOW_FREQ	del_3	459
mean_skew	[0.2,0.5)	non-cCRE	LOW_FREQ	del_4	706
mean_skew	[0.2,0.5)	non-cCRE	LOW_FREQ	del_5	310
mean_skew	[0.2,0.5)	non-cCRE	LOW_FREQ	del_6	318
mean_skew	[0.2,0.5)	non-cCRE	LOW_FREQ	del_7	202
mean_skew	[0.2,0.5)	non-cCRE	LOW_FREQ	del_8	355
mean_skew	[0.2,0.5)	non-cCRE	LOW_FREQ	del_9	402
mean_skew	[0.2,0.5)	non-cCRE	LOW_FREQ	ins_1	1448
mean_skew	[0.2,0.5)	non-cCRE	LOW_FREQ	ins_10plus	2550
mean_skew	[0.2,0.5)	non-cCRE	LOW_FREQ	ins_2	999
mean_skew	[0.2,0.5)	non-cCRE	LOW_FREQ	ins_3	848
mean_skew	[0.2,0.5)	non-cCRE	LOW_FREQ	ins_4	705
mean_skew	[0.2,0.5)	non-cCRE	LOW_FREQ	ins_5	392
mean_skew	[0.2,0.5)	non-cCRE	LOW_FREQ	ins_6	437
mean_skew	[0.2,0.5)	non-cCRE	LOW_FREQ	ins_7	263
mean_skew	[0.2,0.5)	non-cCRE	LOW_FREQ	ins_8	507
mean_skew	[0.2,0.5)	non-cCRE	LOW_FREQ	ins_9	145
mean_skew	[0.2,0.5)	non-cCRE	RARE	del_1	5195
mean_skew	[0.2,0.5)	non-cCRE	RARE	del_10plus	11246
mean_skew	[0.2,0.5)	non-cCRE	RARE	del_2	2585
mean_skew	[0.2,0.5)	non-cCRE	RARE	del_3	1198
mean_skew	[0.2,0.5)	non-cCRE	RARE	del_4	1662
mean_skew	[0.2,0.5)	non-cCRE	RARE	del_5	756
mean_skew	[0.2,0.5)	non-cCRE	RARE	del_6	748
mean_skew	[0.2,0.5)	non-cCRE	RARE	del_7	475
mean_skew	[0.2,0.5)	non-cCRE	RARE	del_8	749
mean_skew	[0.2,0.5)	non-cCRE	RARE	del_9	855
mean_skew	[0.2,0.5)	non-cCRE	RARE	ins_1	3377
mean_skew	[0.2,0.5)	non-cCRE	RARE	ins_10plus	5748
mean_skew	[0.2,0.5)	non-cCRE	RARE	ins_2	2091
mean_skew	[0.2,0.5)	non-cCRE	RARE	ins_3	1582
mean_skew	[0.2,0.5)	non-cCRE	RARE	ins_4	1336
mean_skew	[0.2,0.5)	non-cCRE	RARE	ins_5	816
mean_skew	[0.2,0.5)	non-cCRE	RARE	ins_6	933
mean_skew	[0.2,0.5)	non-cCRE	RARE	ins_7	567
mean_skew	[0.2,0.5)	non-cCRE	RARE	ins_8	1040
mean_skew	[0.2,0.5)	non-cCRE	RARE	ins_9	316
mean_skew	[0.2,0.5)	non-cCRE	SINGLETON	del_1	53954
mean_skew	[0.2,0.5)	non-cCRE	SINGLETON	del_10plus	61038
mean_skew	[0.2,0.5)	non-cCRE	SINGLETON	del_2	20536
mean_skew	[0.2,0.5)	non-cCRE	SINGLETON	del_3	10799
mean_skew	[0.2,0.5)	non-cCRE	SINGLETON	del_4	11837
mean_skew	[0.2,0.5)	non-cCRE	SINGLETON	del_5	6189
mean_skew	[0.2,0.5)	non-cCRE	SINGLETON	del_6	5454
mean_skew	[0.2,0.5)	non-cCRE	SINGLETON	del_7	3945
mean_skew	[0.2,0.5)	non-cCRE	SINGLETON	del_8	4343
mean_skew	[0.2,0.5)	non-cCRE	SINGLETON	del_9	6038
mean_skew	[0.2,0.5)	non-cCRE	SINGLETON	ins_1	25701
mean_skew	[0.2,0.5)	non-cCRE	SINGLETON	ins_10plus	18071
mean_skew	[0.2,0.5)	non-cCRE	SINGLETON	ins_2	9377
mean_skew	[0.2,0.5)	non-cCRE	SINGLETON	ins_3	8183
mean_skew	[0.2,0.5)	non-cCRE	SINGLETON	ins_4	7866
mean_skew	[0.2,0.5)	non-cCRE	SINGLETON	ins_5	4744
mean_skew	[0.2,0.5)	non-cCRE	SINGLETON	ins_6	4178
mean_skew	[0.2,0.5)	non-cCRE	SINGLETON	ins_7	3118
mean_skew	[0.2,0.5)	non-cCRE	SINGLETON	ins_8	3908
mean_skew	[0.2,0.5)	non-cCRE	SINGLETON	ins_9	1627
mean_skew	[0.2,0.5)	non-cCRE	ULTRARARE	del_1	30091
mean_skew	[0.2,0.5)	non-cCRE	ULTRARARE	del_10plus	41270
mean_skew	[0.2,0.5)	non-cCRE	ULTRARARE	del_2	13530
mean_skew	[0.2,0.5)	non-cCRE	ULTRARARE	del_3	6484
mean_skew	[0.2,0.5)	non-cCRE	ULTRARARE	del_4	8383
mean_skew	[0.2,0.5)	non-cCRE	ULTRARARE	del_5	3756
mean_skew	[0.2,0.5)	non-cCRE	ULTRARARE	del_6	3208
mean_skew	[0.2,0.5)	non-cCRE	ULTRARARE	del_7	2248
mean_skew	[0.2,0.5)	non-cCRE	ULTRARARE	del_8	2991
mean_skew	[0.2,0.5)	non-cCRE	ULTRARARE	del_9	3938
mean_skew	[0.2,0.5)	non-cCRE	ULTRARARE	ins_1	16848
mean_skew	[0.2,0.5)	non-cCRE	ULTRARARE	ins_10plus	13656
mean_skew	[0.2,0.5)	non-cCRE	ULTRARARE	ins_2	6958
mean_skew	[0.2,0.5)	non-cCRE	ULTRARARE	ins_3	5438
mean_skew	[0.2,0.5)	non-cCRE	ULTRARARE	ins_4	5115
mean_skew	[0.2,0.5)	non-cCRE	ULTRARARE	ins_5	2921
mean_skew	[0.2,0.5)	non-cCRE	ULTRARARE	ins_6	3023
mean_skew	[0.2,0.5)	non-cCRE	ULTRARARE	ins_7	1926
mean_skew	[0.2,0.5)	non-cCRE	ULTRARARE	ins_8	2662
mean_skew	[0.2,0.5)	non-cCRE	ULTRARARE	ins_9	1082
mean_skew	[0.2,0.5)	pELS	COMMON	del_1	132
mean_skew	[0.2,0.5)	pELS	COMMON	del_10plus	231
mean_skew	[0.2,0.5)	pELS	COMMON	del_2	56
mean_skew	[0.2,0.5)	pELS	COMMON	del_3	35
mean_skew	[0.2,0.5)	pELS	COMMON	del_4	32
mean_skew	[0.2,0.5)	pELS	COMMON	del_5	8
mean_skew	[0.2,0.5)	pELS	COMMON	del_6	14
mean_skew	[0.2,0.5)	pELS	COMMON	del_7	14
mean_skew	[0.2,0.5)	pELS	COMMON	del_8	14
mean_skew	[0.2,0.5)	pELS	COMMON	del_9	18
mean_skew	[0.2,0.5)	pELS	COMMON	ins_1	126
mean_skew	[0.2,0.5)	pELS	COMMON	ins_10plus	105
mean_skew	[0.2,0.5)	pELS	COMMON	ins_2	60
mean_skew	[0.2,0.5)	pELS	COMMON	ins_3	30
mean_skew	[0.2,0.5)	pELS	COMMON	ins_4	31
mean_skew	[0.2,0.5)	pELS	COMMON	ins_5	20
mean_skew	[0.2,0.5)	pELS	COMMON	ins_6	40
mean_skew	[0.2,0.5)	pELS	COMMON	ins_7	6
mean_skew	[0.2,0.5)	pELS	COMMON	ins_8	17
mean_skew	[0.2,0.5)	pELS	COMMON	ins_9	5
mean_skew	[0.2,0.5)	pELS	LOW_FREQ	del_1	149
mean_skew	[0.2,0.5)	pELS	LOW_FREQ	del_10plus	281
mean_skew	[0.2,0.5)	pELS	LOW_FREQ	del_2	71
mean_skew	[0.2,0.5)	pELS	LOW_FREQ	del_3	55
mean_skew	[0.2,0.5)	pELS	LOW_FREQ	del_4	48
mean_skew	[0.2,0.5)	pELS	LOW_FREQ	del_5	10
mean_skew	[0.2,0.5)	pELS	LOW_FREQ	del_6	23
mean_skew	[0.2,0.5)	pELS	LOW_FREQ	del_7	11
mean_skew	[0.2,0.5)	pELS	LOW_FREQ	del_8	20
mean_skew	[0.2,0.5)	pELS	LOW_FREQ	del_9	22
mean_skew	[0.2,0.5)	pELS	LOW_FREQ	ins_1	134
mean_skew	[0.2,0.5)	pELS	LOW_FREQ	ins_10plus	190
mean_skew	[0.2,0.5)	pELS	LOW_FREQ	ins_2	61
mean_skew	[0.2,0.5)	pELS	LOW_FREQ	ins_3	41
mean_skew	[0.2,0.5)	pELS	LOW_FREQ	ins_4	47
mean_skew	[0.2,0.5)	pELS	LOW_FREQ	ins_5	26
mean_skew	[0.2,0.5)	pELS	LOW_FREQ	ins_6	43
mean_skew	[0.2,0.5)	pELS	LOW_FREQ	ins_7	15
mean_skew	[0.2,0.5)	pELS	LOW_FREQ	ins_8	39
mean_skew	[0.2,0.5)	pELS	LOW_FREQ	ins_9	11
mean_skew	[0.2,0.5)	pELS	RARE	del_1	389
mean_skew	[0.2,0.5)	pELS	RARE	del_10plus	596
mean_skew	[0.2,0.5)	pELS	RARE	del_2	176
mean_skew	[0.2,0.5)	pELS	RARE	del_3	105
mean_skew	[0.2,0.5)	pELS	RARE	del_4	117
mean_skew	[0.2,0.5)	pELS	RARE	del_5	46
mean_skew	[0.2,0.5)	pELS	RARE	del_6	54
mean_skew	[0.2,0.5)	pELS	RARE	del_7	30
mean_skew	[0.2,0.5)	pELS	RARE	del_8	42
mean_skew	[0.2,0.5)	pELS	RARE	del_9	69
mean_skew	[0.2,0.5)	pELS	RARE	ins_1	344
mean_skew	[0.2,0.5)	pELS	RARE	ins_10plus	413
mean_skew	[0.2,0.5)	pELS	RARE	ins_2	149
mean_skew	[0.2,0.5)	pELS	RARE	ins_3	74
mean_skew	[0.2,0.5)	pELS	RARE	ins_4	79
mean_skew	[0.2,0.5)	pELS	RARE	ins_5	55
mean_skew	[0.2,0.5)	pELS	RARE	ins_6	84
mean_skew	[0.2,0.5)	pELS	RARE	ins_7	43
mean_skew	[0.2,0.5)	pELS	RARE	ins_8	78
mean_skew	[0.2,0.5)	pELS	RARE	ins_9	19
mean_skew	[0.2,0.5)	pELS	SINGLETON	del_1	3898
mean_skew	[0.2,0.5)	pELS	SINGLETON	del_10plus	3787
mean_skew	[0.2,0.5)	pELS	SINGLETON	del_2	1567
mean_skew	[0.2,0.5)	pELS	SINGLETON	del_3	887
mean_skew	[0.2,0.5)	pELS	SINGLETON	del_4	902
mean_skew	[0.2,0.5)	pELS	SINGLETON	del_5	483
mean_skew	[0.2,0.5)	pELS	SINGLETON	del_6	425
mean_skew	[0.2,0.5)	pELS	SINGLETON	del_7	291
mean_skew	[0.2,0.5)	pELS	SINGLETON	del_8	338
mean_skew	[0.2,0.5)	pELS	SINGLETON	del_9	472
mean_skew	[0.2,0.5)	pELS	SINGLETON	ins_1	2393
mean_skew	[0.2,0.5)	pELS	SINGLETON	ins_10plus	1249
mean_skew	[0.2,0.5)	pELS	SINGLETON	ins_2	652
mean_skew	[0.2,0.5)	pELS	SINGLETON	ins_3	469
mean_skew	[0.2,0.5)	pELS	SINGLETON	ins_4	448
mean_skew	[0.2,0.5)	pELS	SINGLETON	ins_5	262
mean_skew	[0.2,0.5)	pELS	SINGLETON	ins_6	297
mean_skew	[0.2,0.5)	pELS	SINGLETON	ins_7	165
mean_skew	[0.2,0.5)	pELS	SINGLETON	ins_8	185
mean_skew	[0.2,0.5)	pELS	SINGLETON	ins_9	83
mean_skew	[0.2,0.5)	pELS	ULTRARARE	del_1	2297
mean_skew	[0.2,0.5)	pELS	ULTRARARE	del_10plus	2559
mean_skew	[0.2,0.5)	pELS	ULTRARARE	del_2	1053
mean_skew	[0.2,0.5)	pELS	ULTRARARE	del_3	577
mean_skew	[0.2,0.5)	pELS	ULTRARARE	del_4	615
mean_skew	[0.2,0.5)	pELS	ULTRARARE	del_5	299
mean_skew	[0.2,0.5)	pELS	ULTRARARE	del_6	236
mean_skew	[0.2,0.5)	pELS	ULTRARARE	del_7	158
mean_skew	[0.2,0.5)	pELS	ULTRARARE	del_8	200
mean_skew	[0.2,0.5)	pELS	ULTRARARE	del_9	282
mean_skew	[0.2,0.5)	pELS	ULTRARARE	ins_1	1708
mean_skew	[0.2,0.5)	pELS	ULTRARARE	ins_10plus	972
mean_skew	[0.2,0.5)	pELS	ULTRARARE	ins_2	497
mean_skew	[0.2,0.5)	pELS	ULTRARARE	ins_3	310
mean_skew	[0.2,0.5)	pELS	ULTRARARE	ins_4	288
mean_skew	[0.2,0.5)	pELS	ULTRARARE	ins_5	188
mean_skew	[0.2,0.5)	pELS	ULTRARARE	ins_6	216
mean_skew	[0.2,0.5)	pELS	ULTRARARE	ins_7	119
mean_skew	[0.2,0.5)	pELS	ULTRARARE	ins_8	161
mean_skew	[0.2,0.5)	pELS	ULTRARARE	ins_9	50
mean_skew	[0.5,1.0)	Other cCREs	COMMON	del_1	37
mean_skew	[0.5,1.0)	Other cCREs	COMMON	del_10plus	21
mean_skew	[0.5,1.0)	Other cCREs	COMMON	del_2	24
mean_skew	[0.5,1.0)	Other cCREs	COMMON	del_3	7
mean_skew	[0.5,1.0)	Other cCREs	COMMON	del_4	9
mean_skew	[0.5,1.0)	Other cCREs	COMMON	del_5	2
mean_skew	[0.5,1.0)	Other cCREs	COMMON	del_7	1
mean_skew	[0.5,1.0)	Other cCREs	COMMON	del_8	6
mean_skew	[0.5,1.0)	Other cCREs	COMMON	del_9	5
mean_skew	[0.5,1.0)	Other cCREs	COMMON	ins_1	31
mean_skew	[0.5,1.0)	Other cCREs	COMMON	ins_10plus	40
mean_skew	[0.5,1.0)	Other cCREs	COMMON	ins_2	36
mean_skew	[0.5,1.0)	Other cCREs	COMMON	ins_3	10
mean_skew	[0.5,1.0)	Other cCREs	COMMON	ins_4	12
mean_skew	[0.5,1.0)	Other cCREs	COMMON	ins_5	3
mean_skew	[0.5,1.0)	Other cCREs	COMMON	ins_6	13
mean_skew	[0.5,1.0)	Other cCREs	COMMON	ins_7	4
mean_skew	[0.5,1.0)	Other cCREs	COMMON	ins_8	5
mean_skew	[0.5,1.0)	Other cCREs	COMMON	ins_9	1
mean_skew	[0.5,1.0)	Other cCREs	LOW_FREQ	del_1	52
mean_skew	[0.5,1.0)	Other cCREs	LOW_FREQ	del_10plus	33
mean_skew	[0.5,1.0)	Other cCREs	LOW_FREQ	del_2	20
mean_skew	[0.5,1.0)	Other cCREs	LOW_FREQ	del_3	4
mean_skew	[0.5,1.0)	Other cCREs	LOW_FREQ	del_4	11
mean_skew	[0.5,1.0)	Other cCREs	LOW_FREQ	del_5	2
mean_skew	[0.5,1.0)	Other cCREs	LOW_FREQ	del_6	2
mean_skew	[0.5,1.0)	Other cCREs	LOW_FREQ	del_7	2
mean_skew	[0.5,1.0)	Other cCREs	LOW_FREQ	del_8	1
mean_skew	[0.5,1.0)	Other cCREs	LOW_FREQ	ins_1	28
mean_skew	[0.5,1.0)	Other cCREs	LOW_FREQ	ins_10plus	83
mean_skew	[0.5,1.0)	Other cCREs	LOW_FREQ	ins_2	37
mean_skew	[0.5,1.0)	Other cCREs	LOW_FREQ	ins_3	6
mean_skew	[0.5,1.0)	Other cCREs	LOW_FREQ	ins_4	19
mean_skew	[0.5,1.0)	Other cCREs	LOW_FREQ	ins_5	2
mean_skew	[0.5,1.0)	Other cCREs	LOW_FREQ	ins_6	14
mean_skew	[0.5,1.0)	Other cCREs	LOW_FREQ	ins_7	2
mean_skew	[0.5,1.0)	Other cCREs	LOW_FREQ	ins_8	22
mean_skew	[0.5,1.0)	Other cCREs	LOW_FREQ	ins_9	5
mean_skew	[0.5,1.0)	Other cCREs	RARE	del_1	122
mean_skew	[0.5,1.0)	Other cCREs	RARE	del_10plus	77
mean_skew	[0.5,1.0)	Other cCREs	RARE	del_2	66
mean_skew	[0.5,1.0)	Other cCREs	RARE	del_3	19
mean_skew	[0.5,1.0)	Other cCREs	RARE	del_4	26
mean_skew	[0.5,1.0)	Other cCREs	RARE	del_5	6
mean_skew	[0.5,1.0)	Other cCREs	RARE	del_6	9
mean_skew	[0.5,1.0)	Other cCREs	RARE	del_7	4
mean_skew	[0.5,1.0)	Other cCREs	RARE	del_8	5
mean_skew	[0.5,1.0)	Other cCREs	RARE	del_9	9
mean_skew	[0.5,1.0)	Other cCREs	RARE	ins_1	70
mean_skew	[0.5,1.0)	Other cCREs	RARE	ins_10plus	206
mean_skew	[0.5,1.0)	Other cCREs	RARE	ins_2	92
mean_skew	[0.5,1.0)	Other cCREs	RARE	ins_3	19
mean_skew	[0.5,1.0)	Other cCREs	RARE	ins_4	39
mean_skew	[0.5,1.0)	Other cCREs	RARE	ins_5	14
mean_skew	[0.5,1.0)	Other cCREs	RARE	ins_6	33
mean_skew	[0.5,1.0)	Other cCREs	RARE	ins_7	15
mean_skew	[0.5,1.0)	Other cCREs	RARE	ins_8	42
mean_skew	[0.5,1.0)	Other cCREs	RARE	ins_9	8
mean_skew	[0.5,1.0)	Other cCREs	SINGLETON	del_1	1316
mean_skew	[0.5,1.0)	Other cCREs	SINGLETON	del_10plus	569
mean_skew	[0.5,1.0)	Other cCREs	SINGLETON	del_2	483
mean_skew	[0.5,1.0)	Other cCREs	SINGLETON	del_3	204
mean_skew	[0.5,1.0)	Other cCREs	SINGLETON	del_4	181
mean_skew	[0.5,1.0)	Other cCREs	SINGLETON	del_5	109
mean_skew	[0.5,1.0)	Other cCREs	SINGLETON	del_6	84
mean_skew	[0.5,1.0)	Other cCREs	SINGLETON	del_7	57
mean_skew	[0.5,1.0)	Other cCREs	SINGLETON	del_8	72
mean_skew	[0.5,1.0)	Other cCREs	SINGLETON	del_9	86
mean_skew	[0.5,1.0)	Other cCREs	SINGLETON	ins_1	490
mean_skew	[0.5,1.0)	Other cCREs	SINGLETON	ins_10plus	591
mean_skew	[0.5,1.0)	Other cCREs	SINGLETON	ins_2	243
mean_skew	[0.5,1.0)	Other cCREs	SINGLETON	ins_3	158
mean_skew	[0.5,1.0)	Other cCREs	SINGLETON	ins_4	178
mean_skew	[0.5,1.0)	Other cCREs	SINGLETON	ins_5	83
mean_skew	[0.5,1.0)	Other cCREs	SINGLETON	ins_6	116
mean_skew	[0.5,1.0)	Other cCREs	SINGLETON	ins_7	58
mean_skew	[0.5,1.0)	Other cCREs	SINGLETON	ins_8	101
mean_skew	[0.5,1.0)	Other cCREs	SINGLETON	ins_9	38
mean_skew	[0.5,1.0)	Other cCREs	ULTRARARE	del_1	724
mean_skew	[0.5,1.0)	Other cCREs	ULTRARARE	del_10plus	373
mean_skew	[0.5,1.0)	Other cCREs	ULTRARARE	del_2	346
mean_skew	[0.5,1.0)	Other cCREs	ULTRARARE	del_3	143
mean_skew	[0.5,1.0)	Other cCREs	ULTRARARE	del_4	136
mean_skew	[0.5,1.0)	Other cCREs	ULTRARARE	del_5	67
mean_skew	[0.5,1.0)	Other cCREs	ULTRARARE	del_6	45
mean_skew	[0.5,1.0)	Other cCREs	ULTRARARE	del_7	27
mean_skew	[0.5,1.0)	Other cCREs	ULTRARARE	del_8	42
mean_skew	[0.5,1.0)	Other cCREs	ULTRARARE	del_9	42
mean_skew	[0.5,1.0)	Other cCREs	ULTRARARE	ins_1	318
mean_skew	[0.5,1.0)	Other cCREs	ULTRARARE	ins_10plus	537
mean_skew	[0.5,1.0)	Other cCREs	ULTRARARE	ins_2	263
mean_skew	[0.5,1.0)	Other cCREs	ULTRARARE	ins_3	114
mean_skew	[0.5,1.0)	Other cCREs	ULTRARARE	ins_4	148
mean_skew	[0.5,1.0)	Other cCREs	ULTRARARE	ins_5	51
mean_skew	[0.5,1.0)	Other cCREs	ULTRARARE	ins_6	110
mean_skew	[0.5,1.0)	Other cCREs	ULTRARARE	ins_7	48
mean_skew	[0.5,1.0)	Other cCREs	ULTRARARE	ins_8	99
mean_skew	[0.5,1.0)	Other cCREs	ULTRARARE	ins_9	14
mean_skew	[0.5,1.0)	PLS	COMMON	del_1	8
mean_skew	[0.5,1.0)	PLS	COMMON	del_10plus	5
mean_skew	[0.5,1.0)	PLS	COMMON	del_2	2
mean_skew	[0.5,1.0)	PLS	COMMON	del_4	2
mean_skew	[0.5,1.0)	PLS	COMMON	del_9	1
mean_skew	[0.5,1.0)	PLS	COMMON	ins_1	3
mean_skew	[0.5,1.0)	PLS	COMMON	ins_10plus	10
mean_skew	[0.5,1.0)	PLS	COMMON	ins_2	6
mean_skew	[0.5,1.0)	PLS	COMMON	ins_5	2
mean_skew	[0.5,1.0)	PLS	COMMON	ins_6	1
mean_skew	[0.5,1.0)	PLS	LOW_FREQ	del_1	8
mean_skew	[0.5,1.0)	PLS	LOW_FREQ	del_10plus	9
mean_skew	[0.5,1.0)	PLS	LOW_FREQ	del_2	4
mean_skew	[0.5,1.0)	PLS	LOW_FREQ	del_4	5
mean_skew	[0.5,1.0)	PLS	LOW_FREQ	del_5	1
mean_skew	[0.5,1.0)	PLS	LOW_FREQ	del_7	1
mean_skew	[0.5,1.0)	PLS	LOW_FREQ	del_8	1
mean_skew	[0.5,1.0)	PLS	LOW_FREQ	ins_1	6
mean_skew	[0.5,1.0)	PLS	LOW_FREQ	ins_10plus	17
mean_skew	[0.5,1.0)	PLS	LOW_FREQ	ins_2	2
mean_skew	[0.5,1.0)	PLS	LOW_FREQ	ins_5	2
mean_skew	[0.5,1.0)	PLS	LOW_FREQ	ins_7	1
mean_skew	[0.5,1.0)	PLS	LOW_FREQ	ins_8	6
mean_skew	[0.5,1.0)	PLS	RARE	del_1	25
mean_skew	[0.5,1.0)	PLS	RARE	del_10plus	21
mean_skew	[0.5,1.0)	PLS	RARE	del_2	11
mean_skew	[0.5,1.0)	PLS	RARE	del_3	2
mean_skew	[0.5,1.0)	PLS	RARE	del_4	6
mean_skew	[0.5,1.0)	PLS	RARE	del_6	1
mean_skew	[0.5,1.0)	PLS	RARE	del_7	1
mean_skew	[0.5,1.0)	PLS	RARE	del_8	3
mean_skew	[0.5,1.0)	PLS	RARE	del_9	2
mean_skew	[0.5,1.0)	PLS	RARE	ins_1	13
mean_skew	[0.5,1.0)	PLS	RARE	ins_10plus	61
mean_skew	[0.5,1.0)	PLS	RARE	ins_2	13
mean_skew	[0.5,1.0)	PLS	RARE	ins_3	5
mean_skew	[0.5,1.0)	PLS	RARE	ins_4	7
mean_skew	[0.5,1.0)	PLS	RARE	ins_5	3
mean_skew	[0.5,1.0)	PLS	RARE	ins_6	4
mean_skew	[0.5,1.0)	PLS	RARE	ins_7	1
mean_skew	[0.5,1.0)	PLS	RARE	ins_8	5
mean_skew	[0.5,1.0)	PLS	RARE	ins_9	1
mean_skew	[0.5,1.0)	PLS	SINGLETON	del_1	260
mean_skew	[0.5,1.0)	PLS	SINGLETON	del_10plus	147
mean_skew	[0.5,1.0)	PLS	SINGLETON	del_2	80
mean_skew	[0.5,1.0)	PLS	SINGLETON	del_3	45
mean_skew	[0.5,1.0)	PLS	SINGLETON	del_4	38
mean_skew	[0.5,1.0)	PLS	SINGLETON	del_5	15
mean_skew	[0.5,1.0)	PLS	SINGLETON	del_6	23
mean_skew	[0.5,1.0)	PLS	SINGLETON	del_7	10
mean_skew	[0.5,1.0)	PLS	SINGLETON	del_8	18
mean_skew	[0.5,1.0)	PLS	SINGLETON	del_9	12
mean_skew	[0.5,1.0)	PLS	SINGLETON	ins_1	110
mean_skew	[0.5,1.0)	PLS	SINGLETON	ins_10plus	260
mean_skew	[0.5,1.0)	PLS	SINGLETON	ins_2	44
mean_skew	[0.5,1.0)	PLS	SINGLETON	ins_3	26
mean_skew	[0.5,1.0)	PLS	SINGLETON	ins_4	26
mean_skew	[0.5,1.0)	PLS	SINGLETON	ins_5	25
mean_skew	[0.5,1.0)	PLS	SINGLETON	ins_6	39
mean_skew	[0.5,1.0)	PLS	SINGLETON	ins_7	6
mean_skew	[0.5,1.0)	PLS	SINGLETON	ins_8	12
mean_skew	[0.5,1.0)	PLS	SINGLETON	ins_9	7
mean_skew	[0.5,1.0)	PLS	ULTRARARE	del_1	174
mean_skew	[0.5,1.0)	PLS	ULTRARARE	del_10plus	91
mean_skew	[0.5,1.0)	PLS	ULTRARARE	del_2	46
mean_skew	[0.5,1.0)	PLS	ULTRARARE	del_3	28
mean_skew	[0.5,1.0)	PLS	ULTRARARE	del_4	20
mean_skew	[0.5,1.0)	PLS	ULTRARARE	del_5	11
mean_skew	[0.5,1.0)	PLS	ULTRARARE	del_6	9
mean_skew	[0.5,1.0)	PLS	ULTRARARE	del_7	9
mean_skew	[0.5,1.0)	PLS	ULTRARARE	del_8	12
mean_skew	[0.5,1.0)	PLS	ULTRARARE	del_9	11
mean_skew	[0.5,1.0)	PLS	ULTRARARE	ins_1	80
mean_skew	[0.5,1.0)	PLS	ULTRARARE	ins_10plus	202
mean_skew	[0.5,1.0)	PLS	ULTRARARE	ins_2	29
mean_skew	[0.5,1.0)	PLS	ULTRARARE	ins_3	12
mean_skew	[0.5,1.0)	PLS	ULTRARARE	ins_4	17
mean_skew	[0.5,1.0)	PLS	ULTRARARE	ins_5	21
mean_skew	[0.5,1.0)	PLS	ULTRARARE	ins_6	21
mean_skew	[0.5,1.0)	PLS	ULTRARARE	ins_7	10
mean_skew	[0.5,1.0)	PLS	ULTRARARE	ins_8	10
mean_skew	[0.5,1.0)	PLS	ULTRARARE	ins_9	3
mean_skew	[0.5,1.0)	dELS	COMMON	del_1	145
mean_skew	[0.5,1.0)	dELS	COMMON	del_10plus	68
mean_skew	[0.5,1.0)	dELS	COMMON	del_2	52
mean_skew	[0.5,1.0)	dELS	COMMON	del_3	16
mean_skew	[0.5,1.0)	dELS	COMMON	del_4	25
mean_skew	[0.5,1.0)	dELS	COMMON	del_5	6
mean_skew	[0.5,1.0)	dELS	COMMON	del_6	9
mean_skew	[0.5,1.0)	dELS	COMMON	del_7	5
mean_skew	[0.5,1.0)	dELS	COMMON	del_8	4
mean_skew	[0.5,1.0)	dELS	COMMON	del_9	7
mean_skew	[0.5,1.0)	dELS	COMMON	ins_1	99
mean_skew	[0.5,1.0)	dELS	COMMON	ins_10plus	114
mean_skew	[0.5,1.0)	dELS	COMMON	ins_2	73
mean_skew	[0.5,1.0)	dELS	COMMON	ins_3	23
mean_skew	[0.5,1.0)	dELS	COMMON	ins_4	32
mean_skew	[0.5,1.0)	dELS	COMMON	ins_5	11
mean_skew	[0.5,1.0)	dELS	COMMON	ins_6	23
mean_skew	[0.5,1.0)	dELS	COMMON	ins_7	13
mean_skew	[0.5,1.0)	dELS	COMMON	ins_8	16
mean_skew	[0.5,1.0)	dELS	COMMON	ins_9	5
mean_skew	[0.5,1.0)	dELS	LOW_FREQ	del_1	158
mean_skew	[0.5,1.0)	dELS	LOW_FREQ	del_10plus	90
mean_skew	[0.5,1.0)	dELS	LOW_FREQ	del_2	72
mean_skew	[0.5,1.0)	dELS	LOW_FREQ	del_3	27
mean_skew	[0.5,1.0)	dELS	LOW_FREQ	del_4	20
mean_skew	[0.5,1.0)	dELS	LOW_FREQ	del_5	14
mean_skew	[0.5,1.0)	dELS	LOW_FREQ	del_6	10
mean_skew	[0.5,1.0)	dELS	LOW_FREQ	del_7	13
mean_skew	[0.5,1.0)	dELS	LOW_FREQ	del_8	11
mean_skew	[0.5,1.0)	dELS	LOW_FREQ	del_9	7
mean_skew	[0.5,1.0)	dELS	LOW_FREQ	ins_1	79
mean_skew	[0.5,1.0)	dELS	LOW_FREQ	ins_10plus	213
mean_skew	[0.5,1.0)	dELS	LOW_FREQ	ins_2	89
mean_skew	[0.5,1.0)	dELS	LOW_FREQ	ins_3	31
mean_skew	[0.5,1.0)	dELS	LOW_FREQ	ins_4	69
mean_skew	[0.5,1.0)	dELS	LOW_FREQ	ins_5	19
mean_skew	[0.5,1.0)	dELS	LOW_FREQ	ins_6	38
mean_skew	[0.5,1.0)	dELS	LOW_FREQ	ins_7	11
mean_skew	[0.5,1.0)	dELS	LOW_FREQ	ins_8	43
mean_skew	[0.5,1.0)	dELS	LOW_FREQ	ins_9	2
mean_skew	[0.5,1.0)	dELS	RARE	del_1	433
mean_skew	[0.5,1.0)	dELS	RARE	del_10plus	204
mean_skew	[0.5,1.0)	dELS	RARE	del_2	229
mean_skew	[0.5,1.0)	dELS	RARE	del_3	57
mean_skew	[0.5,1.0)	dELS	RARE	del_4	79
mean_skew	[0.5,1.0)	dELS	RARE	del_5	27
mean_skew	[0.5,1.0)	dELS	RARE	del_6	25
mean_skew	[0.5,1.0)	dELS	RARE	del_7	27
mean_skew	[0.5,1.0)	dELS	RARE	del_8	20
mean_skew	[0.5,1.0)	dELS	RARE	del_9	25
mean_skew	[0.5,1.0)	dELS	RARE	ins_1	192
mean_skew	[0.5,1.0)	dELS	RARE	ins_10plus	512
mean_skew	[0.5,1.0)	dELS	RARE	ins_2	203
mean_skew	[0.5,1.0)	dELS	RARE	ins_3	63
mean_skew	[0.5,1.0)	dELS	RARE	ins_4	122
mean_skew	[0.5,1.0)	dELS	RARE	ins_5	31
mean_skew	[0.5,1.0)	dELS	RARE	ins_6	91
mean_skew	[0.5,1.0)	dELS	RARE	ins_7	25
mean_skew	[0.5,1.0)	dELS	RARE	ins_8	76
mean_skew	[0.5,1.0)	dELS	RARE	ins_9	18
mean_skew	[0.5,1.0)	dELS	SINGLETON	del_1	4544
mean_skew	[0.5,1.0)	dELS	SINGLETON	del_10plus	1939
mean_skew	[0.5,1.0)	dELS	SINGLETON	del_2	1659
mean_skew	[0.5,1.0)	dELS	SINGLETON	del_3	731
mean_skew	[0.5,1.0)	dELS	SINGLETON	del_4	640
mean_skew	[0.5,1.0)	dELS	SINGLETON	del_5	312
mean_skew	[0.5,1.0)	dELS	SINGLETON	del_6	280
mean_skew	[0.5,1.0)	dELS	SINGLETON	del_7	223
mean_skew	[0.5,1.0)	dELS	SINGLETON	del_8	213
mean_skew	[0.5,1.0)	dELS	SINGLETON	del_9	288
mean_skew	[0.5,1.0)	dELS	SINGLETON	ins_1	1825
mean_skew	[0.5,1.0)	dELS	SINGLETON	ins_10plus	1528
mean_skew	[0.5,1.0)	dELS	SINGLETON	ins_2	684
mean_skew	[0.5,1.0)	dELS	SINGLETON	ins_3	462
mean_skew	[0.5,1.0)	dELS	SINGLETON	ins_4	559
mean_skew	[0.5,1.0)	dELS	SINGLETON	ins_5	261
mean_skew	[0.5,1.0)	dELS	SINGLETON	ins_6	311
mean_skew	[0.5,1.0)	dELS	SINGLETON	ins_7	148
mean_skew	[0.5,1.0)	dELS	SINGLETON	ins_8	248
mean_skew	[0.5,1.0)	dELS	SINGLETON	ins_9	84
mean_skew	[0.5,1.0)	dELS	ULTRARARE	del_1	2491
mean_skew	[0.5,1.0)	dELS	ULTRARARE	del_10plus	1172
mean_skew	[0.5,1.0)	dELS	ULTRARARE	del_2	1141
mean_skew	[0.5,1.0)	dELS	ULTRARARE	del_3	395
mean_skew	[0.5,1.0)	dELS	ULTRARARE	del_4	418
mean_skew	[0.5,1.0)	dELS	ULTRARARE	del_5	155
mean_skew	[0.5,1.0)	dELS	ULTRARARE	del_6	148
mean_skew	[0.5,1.0)	dELS	ULTRARARE	del_7	110
mean_skew	[0.5,1.0)	dELS	ULTRARARE	del_8	104
mean_skew	[0.5,1.0)	dELS	ULTRARARE	del_9	156
mean_skew	[0.5,1.0)	dELS	ULTRARARE	ins_1	1146
mean_skew	[0.5,1.0)	dELS	ULTRARARE	ins_10plus	1291
mean_skew	[0.5,1.0)	dELS	ULTRARARE	ins_2	704
mean_skew	[0.5,1.0)	dELS	ULTRARARE	ins_3	291
mean_skew	[0.5,1.0)	dELS	ULTRARARE	ins_4	388
mean_skew	[0.5,1.0)	dELS	ULTRARARE	ins_5	144
mean_skew	[0.5,1.0)	dELS	ULTRARARE	ins_6	274
mean_skew	[0.5,1.0)	dELS	ULTRARARE	ins_7	119
mean_skew	[0.5,1.0)	dELS	ULTRARARE	ins_8	225
mean_skew	[0.5,1.0)	dELS	ULTRARARE	ins_9	53
mean_skew	[0.5,1.0)	non-cCRE	COMMON	del_1	270
mean_skew	[0.5,1.0)	non-cCRE	COMMON	del_10plus	118
mean_skew	[0.5,1.0)	non-cCRE	COMMON	del_2	120
mean_skew	[0.5,1.0)	non-cCRE	COMMON	del_3	42
mean_skew	[0.5,1.0)	non-cCRE	COMMON	del_4	37
mean_skew	[0.5,1.0)	non-cCRE	COMMON	del_5	16
mean_skew	[0.5,1.0)	non-cCRE	COMMON	del_6	22
mean_skew	[0.5,1.0)	non-cCRE	COMMON	del_7	13
mean_skew	[0.5,1.0)	non-cCRE	COMMON	del_8	14
mean_skew	[0.5,1.0)	non-cCRE	COMMON	del_9	13
mean_skew	[0.5,1.0)	non-cCRE	COMMON	ins_1	191
mean_skew	[0.5,1.0)	non-cCRE	COMMON	ins_10plus	212
mean_skew	[0.5,1.0)	non-cCRE	COMMON	ins_2	154
mean_skew	[0.5,1.0)	non-cCRE	COMMON	ins_3	54
mean_skew	[0.5,1.0)	non-cCRE	COMMON	ins_4	103
mean_skew	[0.5,1.0)	non-cCRE	COMMON	ins_5	26
mean_skew	[0.5,1.0)	non-cCRE	COMMON	ins_6	65
mean_skew	[0.5,1.0)	non-cCRE	COMMON	ins_7	25
mean_skew	[0.5,1.0)	non-cCRE	COMMON	ins_8	58
mean_skew	[0.5,1.0)	non-cCRE	COMMON	ins_9	12
mean_skew	[0.5,1.0)	non-cCRE	LOW_FREQ	del_1	320
mean_skew	[0.5,1.0)	non-cCRE	LOW_FREQ	del_10plus	173
mean_skew	[0.5,1.0)	non-cCRE	LOW_FREQ	del_2	161
mean_skew	[0.5,1.0)	non-cCRE	LOW_FREQ	del_3	62
mean_skew	[0.5,1.0)	non-cCRE	LOW_FREQ	del_4	64
mean_skew	[0.5,1.0)	non-cCRE	LOW_FREQ	del_5	22
mean_skew	[0.5,1.0)	non-cCRE	LOW_FREQ	del_6	21
mean_skew	[0.5,1.0)	non-cCRE	LOW_FREQ	del_7	15
mean_skew	[0.5,1.0)	non-cCRE	LOW_FREQ	del_8	17
mean_skew	[0.5,1.0)	non-cCRE	LOW_FREQ	del_9	23
mean_skew	[0.5,1.0)	non-cCRE	LOW_FREQ	ins_1	162
mean_skew	[0.5,1.0)	non-cCRE	LOW_FREQ	ins_10plus	416
mean_skew	[0.5,1.0)	non-cCRE	LOW_FREQ	ins_2	188
mean_skew	[0.5,1.0)	non-cCRE	LOW_FREQ	ins_3	52
mean_skew	[0.5,1.0)	non-cCRE	LOW_FREQ	ins_4	102
mean_skew	[0.5,1.0)	non-cCRE	LOW_FREQ	ins_5	28
mean_skew	[0.5,1.0)	non-cCRE	LOW_FREQ	ins_6	105
mean_skew	[0.5,1.0)	non-cCRE	LOW_FREQ	ins_7	18
mean_skew	[0.5,1.0)	non-cCRE	LOW_FREQ	ins_8	82
mean_skew	[0.5,1.0)	non-cCRE	LOW_FREQ	ins_9	12
mean_skew	[0.5,1.0)	non-cCRE	RARE	del_1	849
mean_skew	[0.5,1.0)	non-cCRE	RARE	del_10plus	405
mean_skew	[0.5,1.0)	non-cCRE	RARE	del_2	405
mean_skew	[0.5,1.0)	non-cCRE	RARE	del_3	157
mean_skew	[0.5,1.0)	non-cCRE	RARE	del_4	155
mean_skew	[0.5,1.0)	non-cCRE	RARE	del_5	77
mean_skew	[0.5,1.0)	non-cCRE	RARE	del_6	55
mean_skew	[0.5,1.0)	non-cCRE	RARE	del_7	52
mean_skew	[0.5,1.0)	non-cCRE	RARE	del_8	42
mean_skew	[0.5,1.0)	non-cCRE	RARE	del_9	44
mean_skew	[0.5,1.0)	non-cCRE	RARE	ins_1	431
mean_skew	[0.5,1.0)	non-cCRE	RARE	ins_10plus	968
mean_skew	[0.5,1.0)	non-cCRE	RARE	ins_2	446
mean_skew	[0.5,1.0)	non-cCRE	RARE	ins_3	149
mean_skew	[0.5,1.0)	non-cCRE	RARE	ins_4	265
mean_skew	[0.5,1.0)	non-cCRE	RARE	ins_5	84
mean_skew	[0.5,1.0)	non-cCRE	RARE	ins_6	176
mean_skew	[0.5,1.0)	non-cCRE	RARE	ins_7	46
mean_skew	[0.5,1.0)	non-cCRE	RARE	ins_8	190
mean_skew	[0.5,1.0)	non-cCRE	RARE	ins_9	26
mean_skew	[0.5,1.0)	non-cCRE	SINGLETON	del_1	9144
mean_skew	[0.5,1.0)	non-cCRE	SINGLETON	del_10plus	3611
mean_skew	[0.5,1.0)	non-cCRE	SINGLETON	del_2	3306
mean_skew	[0.5,1.0)	non-cCRE	SINGLETON	del_3	1494
mean_skew	[0.5,1.0)	non-cCRE	SINGLETON	del_4	1307
mean_skew	[0.5,1.0)	non-cCRE	SINGLETON	del_5	633
mean_skew	[0.5,1.0)	non-cCRE	SINGLETON	del_6	531
mean_skew	[0.5,1.0)	non-cCRE	SINGLETON	del_7	424
mean_skew	[0.5,1.0)	non-cCRE	SINGLETON	del_8	455
mean_skew	[0.5,1.0)	non-cCRE	SINGLETON	del_9	533
mean_skew	[0.5,1.0)	non-cCRE	SINGLETON	ins_1	3610
mean_skew	[0.5,1.0)	non-cCRE	SINGLETON	ins_10plus	3594
mean_skew	[0.5,1.0)	non-cCRE	SINGLETON	ins_2	1703
mean_skew	[0.5,1.0)	non-cCRE	SINGLETON	ins_3	1169
mean_skew	[0.5,1.0)	non-cCRE	SINGLETON	ins_4	1283
mean_skew	[0.5,1.0)	non-cCRE	SINGLETON	ins_5	618
mean_skew	[0.5,1.0)	non-cCRE	SINGLETON	ins_6	787
mean_skew	[0.5,1.0)	non-cCRE	SINGLETON	ins_7	460
mean_skew	[0.5,1.0)	non-cCRE	SINGLETON	ins_8	601
mean_skew	[0.5,1.0)	non-cCRE	SINGLETON	ins_9	217
mean_skew	[0.5,1.0)	non-cCRE	ULTRARARE	del_1	4973
mean_skew	[0.5,1.0)	non-cCRE	ULTRARARE	del_10plus	2163
mean_skew	[0.5,1.0)	non-cCRE	ULTRARARE	del_2	2255
mean_skew	[0.5,1.0)	non-cCRE	ULTRARARE	del_3	886
mean_skew	[0.5,1.0)	non-cCRE	ULTRARARE	del_4	839
mean_skew	[0.5,1.0)	non-cCRE	ULTRARARE	del_5	358
mean_skew	[0.5,1.0)	non-cCRE	ULTRARARE	del_6	286
mean_skew	[0.5,1.0)	non-cCRE	ULTRARARE	del_7	243
mean_skew	[0.5,1.0)	non-cCRE	ULTRARARE	del_8	278
mean_skew	[0.5,1.0)	non-cCRE	ULTRARARE	del_9	297
mean_skew	[0.5,1.0)	non-cCRE	ULTRARARE	ins_1	2219
mean_skew	[0.5,1.0)	non-cCRE	ULTRARARE	ins_10plus	2671
mean_skew	[0.5,1.0)	non-cCRE	ULTRARARE	ins_2	1393
mean_skew	[0.5,1.0)	non-cCRE	ULTRARARE	ins_3	679
mean_skew	[0.5,1.0)	non-cCRE	ULTRARARE	ins_4	860
mean_skew	[0.5,1.0)	non-cCRE	ULTRARARE	ins_5	342
mean_skew	[0.5,1.0)	non-cCRE	ULTRARARE	ins_6	575
mean_skew	[0.5,1.0)	non-cCRE	ULTRARARE	ins_7	254
mean_skew	[0.5,1.0)	non-cCRE	ULTRARARE	ins_8	511
mean_skew	[0.5,1.0)	non-cCRE	ULTRARARE	ins_9	148
mean_skew	[0.5,1.0)	pELS	COMMON	del_1	18
mean_skew	[0.5,1.0)	pELS	COMMON	del_10plus	14
mean_skew	[0.5,1.0)	pELS	COMMON	del_2	7
mean_skew	[0.5,1.0)	pELS	COMMON	del_3	4
mean_skew	[0.5,1.0)	pELS	COMMON	del_4	6
mean_skew	[0.5,1.0)	pELS	COMMON	del_5	1
mean_skew	[0.5,1.0)	pELS	COMMON	del_6	1
mean_skew	[0.5,1.0)	pELS	COMMON	del_7	2
mean_skew	[0.5,1.0)	pELS	COMMON	del_8	2
mean_skew	[0.5,1.0)	pELS	COMMON	del_9	2
mean_skew	[0.5,1.0)	pELS	COMMON	ins_1	18
mean_skew	[0.5,1.0)	pELS	COMMON	ins_10plus	10
mean_skew	[0.5,1.0)	pELS	COMMON	ins_2	13
mean_skew	[0.5,1.0)	pELS	COMMON	ins_3	4
mean_skew	[0.5,1.0)	pELS	COMMON	ins_4	8
mean_skew	[0.5,1.0)	pELS	COMMON	ins_5	5
mean_skew	[0.5,1.0)	pELS	COMMON	ins_6	5
mean_skew	[0.5,1.0)	pELS	COMMON	ins_7	3
mean_skew	[0.5,1.0)	pELS	COMMON	ins_8	1
mean_skew	[0.5,1.0)	pELS	LOW_FREQ	del_1	34
mean_skew	[0.5,1.0)	pELS	LOW_FREQ	del_10plus	20
mean_skew	[0.5,1.0)	pELS	LOW_FREQ	del_2	12
mean_skew	[0.5,1.0)	pELS	LOW_FREQ	del_3	7
mean_skew	[0.5,1.0)	pELS	LOW_FREQ	del_4	5
mean_skew	[0.5,1.0)	pELS	LOW_FREQ	del_5	4
mean_skew	[0.5,1.0)	pELS	LOW_FREQ	del_6	1
mean_skew	[0.5,1.0)	pELS	LOW_FREQ	del_7	4
mean_skew	[0.5,1.0)	pELS	LOW_FREQ	del_8	3
mean_skew	[0.5,1.0)	pELS	LOW_FREQ	del_9	7
mean_skew	[0.5,1.0)	pELS	LOW_FREQ	ins_1	12
mean_skew	[0.5,1.0)	pELS	LOW_FREQ	ins_10plus	29
mean_skew	[0.5,1.0)	pELS	LOW_FREQ	ins_2	7
mean_skew	[0.5,1.0)	pELS	LOW_FREQ	ins_3	12
mean_skew	[0.5,1.0)	pELS	LOW_FREQ	ins_4	17
mean_skew	[0.5,1.0)	pELS	LOW_FREQ	ins_6	9
mean_skew	[0.5,1.0)	pELS	LOW_FREQ	ins_7	3
mean_skew	[0.5,1.0)	pELS	LOW_FREQ	ins_8	7
mean_skew	[0.5,1.0)	pELS	LOW_FREQ	ins_9	2
mean_skew	[0.5,1.0)	pELS	RARE	del_1	88
mean_skew	[0.5,1.0)	pELS	RARE	del_10plus	43
mean_skew	[0.5,1.0)	pELS	RARE	del_2	44
mean_skew	[0.5,1.0)	pELS	RARE	del_3	22
mean_skew	[0.5,1.0)	pELS	RARE	del_4	13
mean_skew	[0.5,1.0)	pELS	RARE	del_5	10
mean_skew	[0.5,1.0)	pELS	RARE	del_6	6
mean_skew	[0.5,1.0)	pELS	RARE	del_7	1
mean_skew	[0.5,1.0)	pELS	RARE	del_8	6
mean_skew	[0.5,1.0)	pELS	RARE	del_9	5
mean_skew	[0.5,1.0)	pELS	RARE	ins_1	55
mean_skew	[0.5,1.0)	pELS	RARE	ins_10plus	121
mean_skew	[0.5,1.0)	pELS	RARE	ins_2	45
mean_skew	[0.5,1.0)	pELS	RARE	ins_3	13
mean_skew	[0.5,1.0)	pELS	RARE	ins_4	21
mean_skew	[0.5,1.0)	pELS	RARE	ins_5	13
mean_skew	[0.5,1.0)	pELS	RARE	ins_6	20
mean_skew	[0.5,1.0)	pELS	RARE	ins_7	5
mean_skew	[0.5,1.0)	pELS	RARE	ins_8	14
mean_skew	[0.5,1.0)	pELS	RARE	ins_9	1
mean_skew	[0.5,1.0)	pELS	SINGLETON	del_1	974
mean_skew	[0.5,1.0)	pELS	SINGLETON	del_10plus	501
mean_skew	[0.5,1.0)	pELS	SINGLETON	del_2	341
mean_skew	[0.5,1.0)	pELS	SINGLETON	del_3	140
mean_skew	[0.5,1.0)	pELS	SINGLETON	del_4	122
mean_skew	[0.5,1.0)	pELS	SINGLETON	del_5	65
mean_skew	[0.5,1.0)	pELS	SINGLETON	del_6	63
mean_skew	[0.5,1.0)	pELS	SINGLETON	del_7	46
mean_skew	[0.5,1.0)	pELS	SINGLETON	del_8	45
mean_skew	[0.5,1.0)	pELS	SINGLETON	del_9	81
mean_skew	[0.5,1.0)	pELS	SINGLETON	ins_1	421
mean_skew	[0.5,1.0)	pELS	SINGLETON	ins_10plus	411
mean_skew	[0.5,1.0)	pELS	SINGLETON	ins_2	178
mean_skew	[0.5,1.0)	pELS	SINGLETON	ins_3	96
mean_skew	[0.5,1.0)	pELS	SINGLETON	ins_4	122
mean_skew	[0.5,1.0)	pELS	SINGLETON	ins_5	81
mean_skew	[0.5,1.0)	pELS	SINGLETON	ins_6	74
mean_skew	[0.5,1.0)	pELS	SINGLETON	ins_7	41
mean_skew	[0.5,1.0)	pELS	SINGLETON	ins_8	44
mean_skew	[0.5,1.0)	pELS	SINGLETON	ins_9	16
mean_skew	[0.5,1.0)	pELS	ULTRARARE	del_1	561
mean_skew	[0.5,1.0)	pELS	ULTRARARE	del_10plus	237
mean_skew	[0.5,1.0)	pELS	ULTRARARE	del_2	206
mean_skew	[0.5,1.0)	pELS	ULTRARARE	del_3	92
mean_skew	[0.5,1.0)	pELS	ULTRARARE	del_4	95
mean_skew	[0.5,1.0)	pELS	ULTRARARE	del_5	40
mean_skew	[0.5,1.0)	pELS	ULTRARARE	del_6	47
mean_skew	[0.5,1.0)	pELS	ULTRARARE	del_7	27
mean_skew	[0.5,1.0)	pELS	ULTRARARE	del_8	40
mean_skew	[0.5,1.0)	pELS	ULTRARARE	del_9	38
mean_skew	[0.5,1.0)	pELS	ULTRARARE	ins_1	281
mean_skew	[0.5,1.0)	pELS	ULTRARARE	ins_10plus	331
mean_skew	[0.5,1.0)	pELS	ULTRARARE	ins_2	134
mean_skew	[0.5,1.0)	pELS	ULTRARARE	ins_3	67
mean_skew	[0.5,1.0)	pELS	ULTRARARE	ins_4	103
mean_skew	[0.5,1.0)	pELS	ULTRARARE	ins_5	54
mean_skew	[0.5,1.0)	pELS	ULTRARARE	ins_6	56
mean_skew	[0.5,1.0)	pELS	ULTRARARE	ins_7	21
mean_skew	[0.5,1.0)	pELS	ULTRARARE	ins_8	40
mean_skew	[0.5,1.0)	pELS	ULTRARARE	ins_9	11
mean_skew	[1.0,1.5)	Other cCREs	COMMON	del_1	8
mean_skew	[1.0,1.5)	Other cCREs	COMMON	del_10plus	1
mean_skew	[1.0,1.5)	Other cCREs	COMMON	del_2	1
mean_skew	[1.0,1.5)	Other cCREs	COMMON	del_3	1
mean_skew	[1.0,1.5)	Other cCREs	COMMON	del_4	1
mean_skew	[1.0,1.5)	Other cCREs	COMMON	del_6	1
mean_skew	[1.0,1.5)	Other cCREs	COMMON	ins_1	3
mean_skew	[1.0,1.5)	Other cCREs	COMMON	ins_10plus	7
mean_skew	[1.0,1.5)	Other cCREs	COMMON	ins_2	8
mean_skew	[1.0,1.5)	Other cCREs	COMMON	ins_3	1
mean_skew	[1.0,1.5)	Other cCREs	COMMON	ins_4	3
mean_skew	[1.0,1.5)	Other cCREs	COMMON	ins_5	2
mean_skew	[1.0,1.5)	Other cCREs	COMMON	ins_6	3
mean_skew	[1.0,1.5)	Other cCREs	COMMON	ins_7	1
mean_skew	[1.0,1.5)	Other cCREs	COMMON	ins_8	1
mean_skew	[1.0,1.5)	Other cCREs	COMMON	ins_9	1
mean_skew	[1.0,1.5)	Other cCREs	LOW_FREQ	del_1	12
mean_skew	[1.0,1.5)	Other cCREs	LOW_FREQ	del_10plus	4
mean_skew	[1.0,1.5)	Other cCREs	LOW_FREQ	del_2	5
mean_skew	[1.0,1.5)	Other cCREs	LOW_FREQ	del_3	1
mean_skew	[1.0,1.5)	Other cCREs	LOW_FREQ	del_4	2
mean_skew	[1.0,1.5)	Other cCREs	LOW_FREQ	del_5	2
mean_skew	[1.0,1.5)	Other cCREs	LOW_FREQ	del_6	1
mean_skew	[1.0,1.5)	Other cCREs	LOW_FREQ	del_7	1
mean_skew	[1.0,1.5)	Other cCREs	LOW_FREQ	ins_1	4
mean_skew	[1.0,1.5)	Other cCREs	LOW_FREQ	ins_10plus	23
mean_skew	[1.0,1.5)	Other cCREs	LOW_FREQ	ins_2	6
mean_skew	[1.0,1.5)	Other cCREs	LOW_FREQ	ins_3	1
mean_skew	[1.0,1.5)	Other cCREs	LOW_FREQ	ins_4	10
mean_skew	[1.0,1.5)	Other cCREs	LOW_FREQ	ins_6	6
mean_skew	[1.0,1.5)	Other cCREs	LOW_FREQ	ins_8	5
mean_skew	[1.0,1.5)	Other cCREs	RARE	del_1	21
mean_skew	[1.0,1.5)	Other cCREs	RARE	del_10plus	5
mean_skew	[1.0,1.5)	Other cCREs	RARE	del_2	6
mean_skew	[1.0,1.5)	Other cCREs	RARE	del_3	1
mean_skew	[1.0,1.5)	Other cCREs	RARE	del_4	2
mean_skew	[1.0,1.5)	Other cCREs	RARE	del_5	1
mean_skew	[1.0,1.5)	Other cCREs	RARE	del_6	3
mean_skew	[1.0,1.5)	Other cCREs	RARE	del_7	2
mean_skew	[1.0,1.5)	Other cCREs	RARE	del_8	2
mean_skew	[1.0,1.5)	Other cCREs	RARE	del_9	3
mean_skew	[1.0,1.5)	Other cCREs	RARE	ins_1	14
mean_skew	[1.0,1.5)	Other cCREs	RARE	ins_10plus	48
mean_skew	[1.0,1.5)	Other cCREs	RARE	ins_2	13
mean_skew	[1.0,1.5)	Other cCREs	RARE	ins_3	3
mean_skew	[1.0,1.5)	Other cCREs	RARE	ins_4	16
mean_skew	[1.0,1.5)	Other cCREs	RARE	ins_5	3
mean_skew	[1.0,1.5)	Other cCREs	RARE	ins_6	12
mean_skew	[1.0,1.5)	Other cCREs	RARE	ins_8	8
mean_skew	[1.0,1.5)	Other cCREs	SINGLETON	del_1	231
mean_skew	[1.0,1.5)	Other cCREs	SINGLETON	del_10plus	53
mean_skew	[1.0,1.5)	Other cCREs	SINGLETON	del_2	74
mean_skew	[1.0,1.5)	Other cCREs	SINGLETON	del_3	29
mean_skew	[1.0,1.5)	Other cCREs	SINGLETON	del_4	33
mean_skew	[1.0,1.5)	Other cCREs	SINGLETON	del_5	8
mean_skew	[1.0,1.5)	Other cCREs	SINGLETON	del_6	15
mean_skew	[1.0,1.5)	Other cCREs	SINGLETON	del_7	9
mean_skew	[1.0,1.5)	Other cCREs	SINGLETON	del_8	7
mean_skew	[1.0,1.5)	Other cCREs	SINGLETON	del_9	4
mean_skew	[1.0,1.5)	Other cCREs	SINGLETON	ins_1	60
mean_skew	[1.0,1.5)	Other cCREs	SINGLETON	ins_10plus	157
mean_skew	[1.0,1.5)	Other cCREs	SINGLETON	ins_2	49
mean_skew	[1.0,1.5)	Other cCREs	SINGLETON	ins_3	28
mean_skew	[1.0,1.5)	Other cCREs	SINGLETON	ins_4	24
mean_skew	[1.0,1.5)	Other cCREs	SINGLETON	ins_5	11
mean_skew	[1.0,1.5)	Other cCREs	SINGLETON	ins_6	41
mean_skew	[1.0,1.5)	Other cCREs	SINGLETON	ins_7	9
mean_skew	[1.0,1.5)	Other cCREs	SINGLETON	ins_8	16
mean_skew	[1.0,1.5)	Other cCREs	ULTRARARE	del_1	119
mean_skew	[1.0,1.5)	Other cCREs	ULTRARARE	del_10plus	30
mean_skew	[1.0,1.5)	Other cCREs	ULTRARARE	del_2	50
mean_skew	[1.0,1.5)	Other cCREs	ULTRARARE	del_3	14
mean_skew	[1.0,1.5)	Other cCREs	ULTRARARE	del_4	17
mean_skew	[1.0,1.5)	Other cCREs	ULTRARARE	del_5	7
mean_skew	[1.0,1.5)	Other cCREs	ULTRARARE	del_6	9
mean_skew	[1.0,1.5)	Other cCREs	ULTRARARE	del_7	4
mean_skew	[1.0,1.5)	Other cCREs	ULTRARARE	del_8	4
mean_skew	[1.0,1.5)	Other cCREs	ULTRARARE	del_9	5
mean_skew	[1.0,1.5)	Other cCREs	ULTRARARE	ins_1	46
mean_skew	[1.0,1.5)	Other cCREs	ULTRARARE	ins_10plus	129
mean_skew	[1.0,1.5)	Other cCREs	ULTRARARE	ins_2	51
mean_skew	[1.0,1.5)	Other cCREs	ULTRARARE	ins_3	8
mean_skew	[1.0,1.5)	Other cCREs	ULTRARARE	ins_4	29
mean_skew	[1.0,1.5)	Other cCREs	ULTRARARE	ins_5	9
mean_skew	[1.0,1.5)	Other cCREs	ULTRARARE	ins_6	31
mean_skew	[1.0,1.5)	Other cCREs	ULTRARARE	ins_7	5
mean_skew	[1.0,1.5)	Other cCREs	ULTRARARE	ins_8	23
mean_skew	[1.0,1.5)	Other cCREs	ULTRARARE	ins_9	3
mean_skew	[1.0,1.5)	PLS	COMMON	ins_1	1
mean_skew	[1.0,1.5)	PLS	COMMON	ins_10plus	3
mean_skew	[1.0,1.5)	PLS	COMMON	ins_2	1
mean_skew	[1.0,1.5)	PLS	LOW_FREQ	del_1	2
mean_skew	[1.0,1.5)	PLS	LOW_FREQ	del_8	1
mean_skew	[1.0,1.5)	PLS	LOW_FREQ	ins_4	1
mean_skew	[1.0,1.5)	PLS	LOW_FREQ	ins_6	1
mean_skew	[1.0,1.5)	PLS	RARE	del_1	4
mean_skew	[1.0,1.5)	PLS	RARE	del_10plus	2
mean_skew	[1.0,1.5)	PLS	RARE	del_2	3
mean_skew	[1.0,1.5)	PLS	RARE	del_4	2
mean_skew	[1.0,1.5)	PLS	RARE	ins_1	2
mean_skew	[1.0,1.5)	PLS	RARE	ins_10plus	8
mean_skew	[1.0,1.5)	PLS	RARE	ins_2	1
mean_skew	[1.0,1.5)	PLS	RARE	ins_4	2
mean_skew	[1.0,1.5)	PLS	RARE	ins_5	1
mean_skew	[1.0,1.5)	PLS	RARE	ins_6	1
mean_skew	[1.0,1.5)	PLS	RARE	ins_7	2
mean_skew	[1.0,1.5)	PLS	RARE	ins_8	2
mean_skew	[1.0,1.5)	PLS	SINGLETON	del_1	55
mean_skew	[1.0,1.5)	PLS	SINGLETON	del_10plus	22
mean_skew	[1.0,1.5)	PLS	SINGLETON	del_2	15
mean_skew	[1.0,1.5)	PLS	SINGLETON	del_3	2
mean_skew	[1.0,1.5)	PLS	SINGLETON	del_4	3
mean_skew	[1.0,1.5)	PLS	SINGLETON	del_5	4
mean_skew	[1.0,1.5)	PLS	SINGLETON	del_6	2
mean_skew	[1.0,1.5)	PLS	SINGLETON	del_7	4
mean_skew	[1.0,1.5)	PLS	SINGLETON	del_8	2
mean_skew	[1.0,1.5)	PLS	SINGLETON	del_9	2
mean_skew	[1.0,1.5)	PLS	SINGLETON	ins_1	12
mean_skew	[1.0,1.5)	PLS	SINGLETON	ins_10plus	26
mean_skew	[1.0,1.5)	PLS	SINGLETON	ins_2	8
mean_skew	[1.0,1.5)	PLS	SINGLETON	ins_3	4
mean_skew	[1.0,1.5)	PLS	SINGLETON	ins_4	4
mean_skew	[1.0,1.5)	PLS	SINGLETON	ins_5	9
mean_skew	[1.0,1.5)	PLS	SINGLETON	ins_6	19
mean_skew	[1.0,1.5)	PLS	SINGLETON	ins_7	3
mean_skew	[1.0,1.5)	PLS	SINGLETON	ins_8	4
mean_skew	[1.0,1.5)	PLS	SINGLETON	ins_9	1
mean_skew	[1.0,1.5)	PLS	ULTRARARE	del_1	34
mean_skew	[1.0,1.5)	PLS	ULTRARARE	del_10plus	6
mean_skew	[1.0,1.5)	PLS	ULTRARARE	del_2	5
mean_skew	[1.0,1.5)	PLS	ULTRARARE	del_3	3
mean_skew	[1.0,1.5)	PLS	ULTRARARE	del_4	2
mean_skew	[1.0,1.5)	PLS	ULTRARARE	del_5	1
mean_skew	[1.0,1.5)	PLS	ULTRARARE	del_6	2
mean_skew	[1.0,1.5)	PLS	ULTRARARE	del_7	2
mean_skew	[1.0,1.5)	PLS	ULTRARARE	del_8	1
mean_skew	[1.0,1.5)	PLS	ULTRARARE	ins_1	14
mean_skew	[1.0,1.5)	PLS	ULTRARARE	ins_10plus	23
mean_skew	[1.0,1.5)	PLS	ULTRARARE	ins_2	6
mean_skew	[1.0,1.5)	PLS	ULTRARARE	ins_3	2
mean_skew	[1.0,1.5)	PLS	ULTRARARE	ins_4	2
mean_skew	[1.0,1.5)	PLS	ULTRARARE	ins_5	3
mean_skew	[1.0,1.5)	PLS	ULTRARARE	ins_6	9
mean_skew	[1.0,1.5)	PLS	ULTRARARE	ins_8	1
mean_skew	[1.0,1.5)	PLS	ULTRARARE	ins_9	2
mean_skew	[1.0,1.5)	dELS	COMMON	del_1	28
mean_skew	[1.0,1.5)	dELS	COMMON	del_10plus	6
mean_skew	[1.0,1.5)	dELS	COMMON	del_2	10
mean_skew	[1.0,1.5)	dELS	COMMON	del_3	4
mean_skew	[1.0,1.5)	dELS	COMMON	del_4	1
mean_skew	[1.0,1.5)	dELS	COMMON	del_5	3
mean_skew	[1.0,1.5)	dELS	COMMON	del_6	1
mean_skew	[1.0,1.5)	dELS	COMMON	del_8	1
mean_skew	[1.0,1.5)	dELS	COMMON	ins_1	13
mean_skew	[1.0,1.5)	dELS	COMMON	ins_10plus	42
mean_skew	[1.0,1.5)	dELS	COMMON	ins_2	17
mean_skew	[1.0,1.5)	dELS	COMMON	ins_3	7
mean_skew	[1.0,1.5)	dELS	COMMON	ins_4	30
mean_skew	[1.0,1.5)	dELS	COMMON	ins_5	1
mean_skew	[1.0,1.5)	dELS	COMMON	ins_6	9
mean_skew	[1.0,1.5)	dELS	COMMON	ins_7	1
mean_skew	[1.0,1.5)	dELS	COMMON	ins_8	5
mean_skew	[1.0,1.5)	dELS	COMMON	ins_9	1
mean_skew	[1.0,1.5)	dELS	LOW_FREQ	del_1	23
mean_skew	[1.0,1.5)	dELS	LOW_FREQ	del_10plus	6
mean_skew	[1.0,1.5)	dELS	LOW_FREQ	del_2	12
mean_skew	[1.0,1.5)	dELS	LOW_FREQ	del_3	7
mean_skew	[1.0,1.5)	dELS	LOW_FREQ	del_4	6
mean_skew	[1.0,1.5)	dELS	LOW_FREQ	del_5	1
mean_skew	[1.0,1.5)	dELS	LOW_FREQ	del_6	4
mean_skew	[1.0,1.5)	dELS	LOW_FREQ	del_8	2
mean_skew	[1.0,1.5)	dELS	LOW_FREQ	ins_1	14
mean_skew	[1.0,1.5)	dELS	LOW_FREQ	ins_10plus	58
mean_skew	[1.0,1.5)	dELS	LOW_FREQ	ins_2	17
mean_skew	[1.0,1.5)	dELS	LOW_FREQ	ins_3	8
mean_skew	[1.0,1.5)	dELS	LOW_FREQ	ins_4	18
mean_skew	[1.0,1.5)	dELS	LOW_FREQ	ins_5	4
mean_skew	[1.0,1.5)	dELS	LOW_FREQ	ins_6	25
mean_skew	[1.0,1.5)	dELS	LOW_FREQ	ins_7	1
mean_skew	[1.0,1.5)	dELS	LOW_FREQ	ins_8	14
mean_skew	[1.0,1.5)	dELS	LOW_FREQ	ins_9	2
mean_skew	[1.0,1.5)	dELS	RARE	del_1	71
mean_skew	[1.0,1.5)	dELS	RARE	del_10plus	21
mean_skew	[1.0,1.5)	dELS	RARE	del_2	42
mean_skew	[1.0,1.5)	dELS	RARE	del_3	12
mean_skew	[1.0,1.5)	dELS	RARE	del_4	10
mean_skew	[1.0,1.5)	dELS	RARE	del_5	7
mean_skew	[1.0,1.5)	dELS	RARE	del_6	1
mean_skew	[1.0,1.5)	dELS	RARE	del_7	2
mean_skew	[1.0,1.5)	dELS	RARE	del_8	7
mean_skew	[1.0,1.5)	dELS	RARE	del_9	4
mean_skew	[1.0,1.5)	dELS	RARE	ins_1	35
mean_skew	[1.0,1.5)	dELS	RARE	ins_10plus	136
mean_skew	[1.0,1.5)	dELS	RARE	ins_2	60
mean_skew	[1.0,1.5)	dELS	RARE	ins_3	6
mean_skew	[1.0,1.5)	dELS	RARE	ins_4	38
mean_skew	[1.0,1.5)	dELS	RARE	ins_5	6
mean_skew	[1.0,1.5)	dELS	RARE	ins_6	32
mean_skew	[1.0,1.5)	dELS	RARE	ins_7	6
mean_skew	[1.0,1.5)	dELS	RARE	ins_8	26
mean_skew	[1.0,1.5)	dELS	RARE	ins_9	1
mean_skew	[1.0,1.5)	dELS	SINGLETON	del_1	811
mean_skew	[1.0,1.5)	dELS	SINGLETON	del_10plus	187
mean_skew	[1.0,1.5)	dELS	SINGLETON	del_2	293
mean_skew	[1.0,1.5)	dELS	SINGLETON	del_3	97
mean_skew	[1.0,1.5)	dELS	SINGLETON	del_4	91
mean_skew	[1.0,1.5)	dELS	SINGLETON	del_5	57
mean_skew	[1.0,1.5)	dELS	SINGLETON	del_6	29
mean_skew	[1.0,1.5)	dELS	SINGLETON	del_7	27
mean_skew	[1.0,1.5)	dELS	SINGLETON	del_8	29
mean_skew	[1.0,1.5)	dELS	SINGLETON	del_9	37
mean_skew	[1.0,1.5)	dELS	SINGLETON	ins_1	278
mean_skew	[1.0,1.5)	dELS	SINGLETON	ins_10plus	429
mean_skew	[1.0,1.5)	dELS	SINGLETON	ins_2	156
mean_skew	[1.0,1.5)	dELS	SINGLETON	ins_3	77
mean_skew	[1.0,1.5)	dELS	SINGLETON	ins_4	119
mean_skew	[1.0,1.5)	dELS	SINGLETON	ins_5	66
mean_skew	[1.0,1.5)	dELS	SINGLETON	ins_6	112
mean_skew	[1.0,1.5)	dELS	SINGLETON	ins_7	36
mean_skew	[1.0,1.5)	dELS	SINGLETON	ins_8	62
mean_skew	[1.0,1.5)	dELS	SINGLETON	ins_9	16
mean_skew	[1.0,1.5)	dELS	ULTRARARE	del_1	446
mean_skew	[1.0,1.5)	dELS	ULTRARARE	del_10plus	113
mean_skew	[1.0,1.5)	dELS	ULTRARARE	del_2	187
mean_skew	[1.0,1.5)	dELS	ULTRARARE	del_3	58
mean_skew	[1.0,1.5)	dELS	ULTRARARE	del_4	63
mean_skew	[1.0,1.5)	dELS	ULTRARARE	del_5	21
mean_skew	[1.0,1.5)	dELS	ULTRARARE	del_6	22
mean_skew	[1.0,1.5)	dELS	ULTRARARE	del_7	15
mean_skew	[1.0,1.5)	dELS	ULTRARARE	del_8	12
mean_skew	[1.0,1.5)	dELS	ULTRARARE	del_9	14
mean_skew	[1.0,1.5)	dELS	ULTRARARE	ins_1	161
mean_skew	[1.0,1.5)	dELS	ULTRARARE	ins_10plus	386
mean_skew	[1.0,1.5)	dELS	ULTRARARE	ins_2	165
mean_skew	[1.0,1.5)	dELS	ULTRARARE	ins_3	49
mean_skew	[1.0,1.5)	dELS	ULTRARARE	ins_4	115
mean_skew	[1.0,1.5)	dELS	ULTRARARE	ins_5	40
mean_skew	[1.0,1.5)	dELS	ULTRARARE	ins_6	99
mean_skew	[1.0,1.5)	dELS	ULTRARARE	ins_7	25
mean_skew	[1.0,1.5)	dELS	ULTRARARE	ins_8	64
mean_skew	[1.0,1.5)	dELS	ULTRARARE	ins_9	7
mean_skew	[1.0,1.5)	non-cCRE	COMMON	del_1	37
mean_skew	[1.0,1.5)	non-cCRE	COMMON	del_10plus	8
mean_skew	[1.0,1.5)	non-cCRE	COMMON	del_2	17
mean_skew	[1.0,1.5)	non-cCRE	COMMON	del_3	4
mean_skew	[1.0,1.5)	non-cCRE	COMMON	del_4	3
mean_skew	[1.0,1.5)	non-cCRE	COMMON	del_5	1
mean_skew	[1.0,1.5)	non-cCRE	COMMON	del_6	1
mean_skew	[1.0,1.5)	non-cCRE	COMMON	del_7	1
mean_skew	[1.0,1.5)	non-cCRE	COMMON	del_9	2
mean_skew	[1.0,1.5)	non-cCRE	COMMON	ins_1	31
mean_skew	[1.0,1.5)	non-cCRE	COMMON	ins_10plus	56
mean_skew	[1.0,1.5)	non-cCRE	COMMON	ins_2	31
mean_skew	[1.0,1.5)	non-cCRE	COMMON	ins_3	12
mean_skew	[1.0,1.5)	non-cCRE	COMMON	ins_4	21
mean_skew	[1.0,1.5)	non-cCRE	COMMON	ins_5	7
mean_skew	[1.0,1.5)	non-cCRE	COMMON	ins_6	19
mean_skew	[1.0,1.5)	non-cCRE	COMMON	ins_7	4
mean_skew	[1.0,1.5)	non-cCRE	COMMON	ins_8	20
mean_skew	[1.0,1.5)	non-cCRE	COMMON	ins_9	1
mean_skew	[1.0,1.5)	non-cCRE	LOW_FREQ	del_1	38
mean_skew	[1.0,1.5)	non-cCRE	LOW_FREQ	del_10plus	17
mean_skew	[1.0,1.5)	non-cCRE	LOW_FREQ	del_2	20
mean_skew	[1.0,1.5)	non-cCRE	LOW_FREQ	del_3	10
mean_skew	[1.0,1.5)	non-cCRE	LOW_FREQ	del_4	5
mean_skew	[1.0,1.5)	non-cCRE	LOW_FREQ	del_5	2
mean_skew	[1.0,1.5)	non-cCRE	LOW_FREQ	del_6	1
mean_skew	[1.0,1.5)	non-cCRE	LOW_FREQ	del_7	2
mean_skew	[1.0,1.5)	non-cCRE	LOW_FREQ	del_8	1
mean_skew	[1.0,1.5)	non-cCRE	LOW_FREQ	del_9	1
mean_skew	[1.0,1.5)	non-cCRE	LOW_FREQ	ins_1	29
mean_skew	[1.0,1.5)	non-cCRE	LOW_FREQ	ins_10plus	98
mean_skew	[1.0,1.5)	non-cCRE	LOW_FREQ	ins_2	39
mean_skew	[1.0,1.5)	non-cCRE	LOW_FREQ	ins_3	12
mean_skew	[1.0,1.5)	non-cCRE	LOW_FREQ	ins_4	24
mean_skew	[1.0,1.5)	non-cCRE	LOW_FREQ	ins_5	4
mean_skew	[1.0,1.5)	non-cCRE	LOW_FREQ	ins_6	25
mean_skew	[1.0,1.5)	non-cCRE	LOW_FREQ	ins_7	2
mean_skew	[1.0,1.5)	non-cCRE	LOW_FREQ	ins_8	25
mean_skew	[1.0,1.5)	non-cCRE	LOW_FREQ	ins_9	2
mean_skew	[1.0,1.5)	non-cCRE	RARE	del_1	112
mean_skew	[1.0,1.5)	non-cCRE	RARE	del_10plus	44
mean_skew	[1.0,1.5)	non-cCRE	RARE	del_2	61
mean_skew	[1.0,1.5)	non-cCRE	RARE	del_3	22
mean_skew	[1.0,1.5)	non-cCRE	RARE	del_4	20
mean_skew	[1.0,1.5)	non-cCRE	RARE	del_5	6
mean_skew	[1.0,1.5)	non-cCRE	RARE	del_6	6
mean_skew	[1.0,1.5)	non-cCRE	RARE	del_7	5
mean_skew	[1.0,1.5)	non-cCRE	RARE	del_8	4
mean_skew	[1.0,1.5)	non-cCRE	RARE	del_9	3
mean_skew	[1.0,1.5)	non-cCRE	RARE	ins_1	58
mean_skew	[1.0,1.5)	non-cCRE	RARE	ins_10plus	226
mean_skew	[1.0,1.5)	non-cCRE	RARE	ins_2	104
mean_skew	[1.0,1.5)	non-cCRE	RARE	ins_3	20
mean_skew	[1.0,1.5)	non-cCRE	RARE	ins_4	65
mean_skew	[1.0,1.5)	non-cCRE	RARE	ins_5	16
mean_skew	[1.0,1.5)	non-cCRE	RARE	ins_6	63
mean_skew	[1.0,1.5)	non-cCRE	RARE	ins_7	2
mean_skew	[1.0,1.5)	non-cCRE	RARE	ins_8	37
mean_skew	[1.0,1.5)	non-cCRE	RARE	ins_9	1
mean_skew	[1.0,1.5)	non-cCRE	SINGLETON	del_1	1410
mean_skew	[1.0,1.5)	non-cCRE	SINGLETON	del_10plus	297
mean_skew	[1.0,1.5)	non-cCRE	SINGLETON	del_2	512
mean_skew	[1.0,1.5)	non-cCRE	SINGLETON	del_3	163
mean_skew	[1.0,1.5)	non-cCRE	SINGLETON	del_4	128
mean_skew	[1.0,1.5)	non-cCRE	SINGLETON	del_5	64
mean_skew	[1.0,1.5)	non-cCRE	SINGLETON	del_6	49
mean_skew	[1.0,1.5)	non-cCRE	SINGLETON	del_7	30
mean_skew	[1.0,1.5)	non-cCRE	SINGLETON	del_8	43
mean_skew	[1.0,1.5)	non-cCRE	SINGLETON	del_9	45
mean_skew	[1.0,1.5)	non-cCRE	SINGLETON	ins_1	461
mean_skew	[1.0,1.5)	non-cCRE	SINGLETON	ins_10plus	804
mean_skew	[1.0,1.5)	non-cCRE	SINGLETON	ins_2	292
mean_skew	[1.0,1.5)	non-cCRE	SINGLETON	ins_3	142
mean_skew	[1.0,1.5)	non-cCRE	SINGLETON	ins_4	231
mean_skew	[1.0,1.5)	non-cCRE	SINGLETON	ins_5	113
mean_skew	[1.0,1.5)	non-cCRE	SINGLETON	ins_6	189
mean_skew	[1.0,1.5)	non-cCRE	SINGLETON	ins_7	55
mean_skew	[1.0,1.5)	non-cCRE	SINGLETON	ins_8	91
mean_skew	[1.0,1.5)	non-cCRE	SINGLETON	ins_9	26
mean_skew	[1.0,1.5)	non-cCRE	ULTRARARE	del_1	807
mean_skew	[1.0,1.5)	non-cCRE	ULTRARARE	del_10plus	160
mean_skew	[1.0,1.5)	non-cCRE	ULTRARARE	del_2	328
mean_skew	[1.0,1.5)	non-cCRE	ULTRARARE	del_3	112
mean_skew	[1.0,1.5)	non-cCRE	ULTRARARE	del_4	74
mean_skew	[1.0,1.5)	non-cCRE	ULTRARARE	del_5	31
mean_skew	[1.0,1.5)	non-cCRE	ULTRARARE	del_6	28
mean_skew	[1.0,1.5)	non-cCRE	ULTRARARE	del_7	23
mean_skew	[1.0,1.5)	non-cCRE	ULTRARARE	del_8	23
mean_skew	[1.0,1.5)	non-cCRE	ULTRARARE	del_9	25
mean_skew	[1.0,1.5)	non-cCRE	ULTRARARE	ins_1	306
mean_skew	[1.0,1.5)	non-cCRE	ULTRARARE	ins_10plus	591
mean_skew	[1.0,1.5)	non-cCRE	ULTRARARE	ins_2	296
mean_skew	[1.0,1.5)	non-cCRE	ULTRARARE	ins_3	91
mean_skew	[1.0,1.5)	non-cCRE	ULTRARARE	ins_4	178
mean_skew	[1.0,1.5)	non-cCRE	ULTRARARE	ins_5	45
mean_skew	[1.0,1.5)	non-cCRE	ULTRARARE	ins_6	148
mean_skew	[1.0,1.5)	non-cCRE	ULTRARARE	ins_7	29
mean_skew	[1.0,1.5)	non-cCRE	ULTRARARE	ins_8	116
mean_skew	[1.0,1.5)	non-cCRE	ULTRARARE	ins_9	23
mean_skew	[1.0,1.5)	pELS	COMMON	del_1	2
mean_skew	[1.0,1.5)	pELS	COMMON	del_10plus	1
mean_skew	[1.0,1.5)	pELS	COMMON	del_3	3
mean_skew	[1.0,1.5)	pELS	COMMON	del_4	1
mean_skew	[1.0,1.5)	pELS	COMMON	ins_1	1
mean_skew	[1.0,1.5)	pELS	COMMON	ins_10plus	6
mean_skew	[1.0,1.5)	pELS	COMMON	ins_2	4
mean_skew	[1.0,1.5)	pELS	COMMON	ins_3	1
mean_skew	[1.0,1.5)	pELS	COMMON	ins_4	3
mean_skew	[1.0,1.5)	pELS	COMMON	ins_6	1
mean_skew	[1.0,1.5)	pELS	COMMON	ins_8	1
mean_skew	[1.0,1.5)	pELS	COMMON	ins_9	2
mean_skew	[1.0,1.5)	pELS	LOW_FREQ	del_1	6
mean_skew	[1.0,1.5)	pELS	LOW_FREQ	del_10plus	1
mean_skew	[1.0,1.5)	pELS	LOW_FREQ	del_2	4
mean_skew	[1.0,1.5)	pELS	LOW_FREQ	del_4	1
mean_skew	[1.0,1.5)	pELS	LOW_FREQ	del_7	1
mean_skew	[1.0,1.5)	pELS	LOW_FREQ	ins_10plus	21
mean_skew	[1.0,1.5)	pELS	LOW_FREQ	ins_2	3
mean_skew	[1.0,1.5)	pELS	LOW_FREQ	ins_3	1
mean_skew	[1.0,1.5)	pELS	LOW_FREQ	ins_4	3
mean_skew	[1.0,1.5)	pELS	LOW_FREQ	ins_6	3
mean_skew	[1.0,1.5)	pELS	LOW_FREQ	ins_8	2
mean_skew	[1.0,1.5)	pELS	RARE	del_1	24
mean_skew	[1.0,1.5)	pELS	RARE	del_10plus	5
mean_skew	[1.0,1.5)	pELS	RARE	del_2	4
mean_skew	[1.0,1.5)	pELS	RARE	del_3	4
mean_skew	[1.0,1.5)	pELS	RARE	del_6	1
mean_skew	[1.0,1.5)	pELS	RARE	del_7	1
mean_skew	[1.0,1.5)	pELS	RARE	del_9	2
mean_skew	[1.0,1.5)	pELS	RARE	ins_1	11
mean_skew	[1.0,1.5)	pELS	RARE	ins_10plus	35
mean_skew	[1.0,1.5)	pELS	RARE	ins_2	9
mean_skew	[1.0,1.5)	pELS	RARE	ins_3	3
mean_skew	[1.0,1.5)	pELS	RARE	ins_4	6
mean_skew	[1.0,1.5)	pELS	RARE	ins_5	3
mean_skew	[1.0,1.5)	pELS	RARE	ins_6	5
mean_skew	[1.0,1.5)	pELS	RARE	ins_7	1
mean_skew	[1.0,1.5)	pELS	RARE	ins_8	2
mean_skew	[1.0,1.5)	pELS	RARE	ins_9	2
mean_skew	[1.0,1.5)	pELS	SINGLETON	del_1	180
mean_skew	[1.0,1.5)	pELS	SINGLETON	del_10plus	53
mean_skew	[1.0,1.5)	pELS	SINGLETON	del_2	54
mean_skew	[1.0,1.5)	pELS	SINGLETON	del_3	24
mean_skew	[1.0,1.5)	pELS	SINGLETON	del_4	21
mean_skew	[1.0,1.5)	pELS	SINGLETON	del_5	13
mean_skew	[1.0,1.5)	pELS	SINGLETON	del_6	8
mean_skew	[1.0,1.5)	pELS	SINGLETON	del_7	8
mean_skew	[1.0,1.5)	pELS	SINGLETON	del_8	4
mean_skew	[1.0,1.5)	pELS	SINGLETON	del_9	4
mean_skew	[1.0,1.5)	pELS	SINGLETON	ins_1	84
mean_skew	[1.0,1.5)	pELS	SINGLETON	ins_10plus	119
mean_skew	[1.0,1.5)	pELS	SINGLETON	ins_2	33
mean_skew	[1.0,1.5)	pELS	SINGLETON	ins_3	21
mean_skew	[1.0,1.5)	pELS	SINGLETON	ins_4	27
mean_skew	[1.0,1.5)	pELS	SINGLETON	ins_5	19
mean_skew	[1.0,1.5)	pELS	SINGLETON	ins_6	26
mean_skew	[1.0,1.5)	pELS	SINGLETON	ins_7	5
mean_skew	[1.0,1.5)	pELS	SINGLETON	ins_8	8
mean_skew	[1.0,1.5)	pELS	SINGLETON	ins_9	7
mean_skew	[1.0,1.5)	pELS	ULTRARARE	del_1	111
mean_skew	[1.0,1.5)	pELS	ULTRARARE	del_10plus	26
mean_skew	[1.0,1.5)	pELS	ULTRARARE	del_2	46
mean_skew	[1.0,1.5)	pELS	ULTRARARE	del_3	15
mean_skew	[1.0,1.5)	pELS	ULTRARARE	del_4	12
mean_skew	[1.0,1.5)	pELS	ULTRARARE	del_5	5
mean_skew	[1.0,1.5)	pELS	ULTRARARE	del_6	1
mean_skew	[1.0,1.5)	pELS	ULTRARARE	del_7	7
mean_skew	[1.0,1.5)	pELS	ULTRARARE	del_8	5
mean_skew	[1.0,1.5)	pELS	ULTRARARE	del_9	6
mean_skew	[1.0,1.5)	pELS	ULTRARARE	ins_1	47
mean_skew	[1.0,1.5)	pELS	ULTRARARE	ins_10plus	65
mean_skew	[1.0,1.5)	pELS	ULTRARARE	ins_2	22
mean_skew	[1.0,1.5)	pELS	ULTRARARE	ins_3	15
mean_skew	[1.0,1.5)	pELS	ULTRARARE	ins_4	19
mean_skew	[1.0,1.5)	pELS	ULTRARARE	ins_5	11
mean_skew	[1.0,1.5)	pELS	ULTRARARE	ins_6	25
mean_skew	[1.0,1.5)	pELS	ULTRARARE	ins_7	4
mean_skew	[1.0,1.5)	pELS	ULTRARARE	ins_8	10
mean_skew	[1.0,1.5)	pELS	ULTRARARE	ins_9	5
mean_skew	[1.5,Inf)	Other cCREs	COMMON	del_1	3
mean_skew	[1.5,Inf)	Other cCREs	COMMON	del_10plus	1
mean_skew	[1.5,Inf)	Other cCREs	COMMON	ins_1	1
mean_skew	[1.5,Inf)	Other cCREs	COMMON	ins_2	3
mean_skew	[1.5,Inf)	Other cCREs	COMMON	ins_4	1
mean_skew	[1.5,Inf)	Other cCREs	COMMON	ins_8	1
mean_skew	[1.5,Inf)	Other cCREs	LOW_FREQ	del_1	1
mean_skew	[1.5,Inf)	Other cCREs	LOW_FREQ	del_10plus	1
mean_skew	[1.5,Inf)	Other cCREs	LOW_FREQ	del_3	1
mean_skew	[1.5,Inf)	Other cCREs	LOW_FREQ	ins_1	2
mean_skew	[1.5,Inf)	Other cCREs	LOW_FREQ	ins_10plus	3
mean_skew	[1.5,Inf)	Other cCREs	LOW_FREQ	ins_5	1
mean_skew	[1.5,Inf)	Other cCREs	LOW_FREQ	ins_6	2
mean_skew	[1.5,Inf)	Other cCREs	LOW_FREQ	ins_7	1
mean_skew	[1.5,Inf)	Other cCREs	LOW_FREQ	ins_8	1
mean_skew	[1.5,Inf)	Other cCREs	RARE	del_1	7
mean_skew	[1.5,Inf)	Other cCREs	RARE	del_10plus	4
mean_skew	[1.5,Inf)	Other cCREs	RARE	del_2	1
mean_skew	[1.5,Inf)	Other cCREs	RARE	del_3	2
mean_skew	[1.5,Inf)	Other cCREs	RARE	del_4	1
mean_skew	[1.5,Inf)	Other cCREs	RARE	del_5	1
mean_skew	[1.5,Inf)	Other cCREs	RARE	ins_1	1
mean_skew	[1.5,Inf)	Other cCREs	RARE	ins_10plus	13
mean_skew	[1.5,Inf)	Other cCREs	RARE	ins_2	6
mean_skew	[1.5,Inf)	Other cCREs	RARE	ins_4	1
mean_skew	[1.5,Inf)	Other cCREs	RARE	ins_5	1
mean_skew	[1.5,Inf)	Other cCREs	RARE	ins_6	2
mean_skew	[1.5,Inf)	Other cCREs	RARE	ins_7	1
mean_skew	[1.5,Inf)	Other cCREs	RARE	ins_8	1
mean_skew	[1.5,Inf)	Other cCREs	SINGLETON	del_1	61
mean_skew	[1.5,Inf)	Other cCREs	SINGLETON	del_10plus	12
mean_skew	[1.5,Inf)	Other cCREs	SINGLETON	del_2	21
mean_skew	[1.5,Inf)	Other cCREs	SINGLETON	del_3	8
mean_skew	[1.5,Inf)	Other cCREs	SINGLETON	del_4	6
mean_skew	[1.5,Inf)	Other cCREs	SINGLETON	del_5	2
mean_skew	[1.5,Inf)	Other cCREs	SINGLETON	del_6	1
mean_skew	[1.5,Inf)	Other cCREs	SINGLETON	del_7	2
mean_skew	[1.5,Inf)	Other cCREs	SINGLETON	del_8	8
mean_skew	[1.5,Inf)	Other cCREs	SINGLETON	del_9	4
mean_skew	[1.5,Inf)	Other cCREs	SINGLETON	ins_1	10
mean_skew	[1.5,Inf)	Other cCREs	SINGLETON	ins_10plus	33
mean_skew	[1.5,Inf)	Other cCREs	SINGLETON	ins_2	27
mean_skew	[1.5,Inf)	Other cCREs	SINGLETON	ins_3	11
mean_skew	[1.5,Inf)	Other cCREs	SINGLETON	ins_4	11
mean_skew	[1.5,Inf)	Other cCREs	SINGLETON	ins_5	2
mean_skew	[1.5,Inf)	Other cCREs	SINGLETON	ins_6	15
mean_skew	[1.5,Inf)	Other cCREs	SINGLETON	ins_7	3
mean_skew	[1.5,Inf)	Other cCREs	SINGLETON	ins_8	3
mean_skew	[1.5,Inf)	Other cCREs	SINGLETON	ins_9	1
mean_skew	[1.5,Inf)	Other cCREs	ULTRARARE	del_1	29
mean_skew	[1.5,Inf)	Other cCREs	ULTRARARE	del_10plus	13
mean_skew	[1.5,Inf)	Other cCREs	ULTRARARE	del_2	11
mean_skew	[1.5,Inf)	Other cCREs	ULTRARARE	del_3	7
mean_skew	[1.5,Inf)	Other cCREs	ULTRARARE	del_4	7
mean_skew	[1.5,Inf)	Other cCREs	ULTRARARE	del_5	3
mean_skew	[1.5,Inf)	Other cCREs	ULTRARARE	del_6	1
mean_skew	[1.5,Inf)	Other cCREs	ULTRARARE	del_7	1
mean_skew	[1.5,Inf)	Other cCREs	ULTRARARE	del_9	1
mean_skew	[1.5,Inf)	Other cCREs	ULTRARARE	ins_1	4
mean_skew	[1.5,Inf)	Other cCREs	ULTRARARE	ins_10plus	35
mean_skew	[1.5,Inf)	Other cCREs	ULTRARARE	ins_2	19
mean_skew	[1.5,Inf)	Other cCREs	ULTRARARE	ins_3	7
mean_skew	[1.5,Inf)	Other cCREs	ULTRARARE	ins_4	6
mean_skew	[1.5,Inf)	Other cCREs	ULTRARARE	ins_5	3
mean_skew	[1.5,Inf)	Other cCREs	ULTRARARE	ins_6	9
mean_skew	[1.5,Inf)	Other cCREs	ULTRARARE	ins_7	2
mean_skew	[1.5,Inf)	PLS	COMMON	ins_10plus	1
mean_skew	[1.5,Inf)	PLS	LOW_FREQ	ins_2	1
mean_skew	[1.5,Inf)	PLS	LOW_FREQ	ins_3	1
mean_skew	[1.5,Inf)	PLS	RARE	del_1	1
mean_skew	[1.5,Inf)	PLS	RARE	del_2	1
mean_skew	[1.5,Inf)	PLS	RARE	ins_1	1
mean_skew	[1.5,Inf)	PLS	RARE	ins_4	1
mean_skew	[1.5,Inf)	PLS	RARE	ins_6	1
mean_skew	[1.5,Inf)	PLS	RARE	ins_8	1
mean_skew	[1.5,Inf)	PLS	SINGLETON	del_1	14
mean_skew	[1.5,Inf)	PLS	SINGLETON	del_10plus	3
mean_skew	[1.5,Inf)	PLS	SINGLETON	del_2	1
mean_skew	[1.5,Inf)	PLS	SINGLETON	del_3	3
mean_skew	[1.5,Inf)	PLS	SINGLETON	del_4	1
mean_skew	[1.5,Inf)	PLS	SINGLETON	del_5	1
mean_skew	[1.5,Inf)	PLS	SINGLETON	del_7	1
mean_skew	[1.5,Inf)	PLS	SINGLETON	ins_1	5
mean_skew	[1.5,Inf)	PLS	SINGLETON	ins_10plus	9
mean_skew	[1.5,Inf)	PLS	SINGLETON	ins_2	1
mean_skew	[1.5,Inf)	PLS	SINGLETON	ins_3	1
mean_skew	[1.5,Inf)	PLS	SINGLETON	ins_4	1
mean_skew	[1.5,Inf)	PLS	SINGLETON	ins_6	8
mean_skew	[1.5,Inf)	PLS	ULTRARARE	del_1	10
mean_skew	[1.5,Inf)	PLS	ULTRARARE	del_10plus	1
mean_skew	[1.5,Inf)	PLS	ULTRARARE	del_2	1
mean_skew	[1.5,Inf)	PLS	ULTRARARE	del_3	2
mean_skew	[1.5,Inf)	PLS	ULTRARARE	ins_10plus	6
mean_skew	[1.5,Inf)	PLS	ULTRARARE	ins_2	2
mean_skew	[1.5,Inf)	PLS	ULTRARARE	ins_3	1
mean_skew	[1.5,Inf)	PLS	ULTRARARE	ins_4	1
mean_skew	[1.5,Inf)	PLS	ULTRARARE	ins_8	2
mean_skew	[1.5,Inf)	dELS	COMMON	del_1	5
mean_skew	[1.5,Inf)	dELS	COMMON	del_10plus	1
mean_skew	[1.5,Inf)	dELS	COMMON	del_2	2
mean_skew	[1.5,Inf)	dELS	COMMON	del_5	1
mean_skew	[1.5,Inf)	dELS	COMMON	ins_1	5
mean_skew	[1.5,Inf)	dELS	COMMON	ins_10plus	4
mean_skew	[1.5,Inf)	dELS	COMMON	ins_2	4
mean_skew	[1.5,Inf)	dELS	COMMON	ins_7	2
mean_skew	[1.5,Inf)	dELS	COMMON	ins_8	1
mean_skew	[1.5,Inf)	dELS	LOW_FREQ	del_1	5
mean_skew	[1.5,Inf)	dELS	LOW_FREQ	del_10plus	4
mean_skew	[1.5,Inf)	dELS	LOW_FREQ	del_2	1
mean_skew	[1.5,Inf)	dELS	LOW_FREQ	del_3	1
mean_skew	[1.5,Inf)	dELS	LOW_FREQ	del_6	2
mean_skew	[1.5,Inf)	dELS	LOW_FREQ	del_7	3
mean_skew	[1.5,Inf)	dELS	LOW_FREQ	del_9	1
mean_skew	[1.5,Inf)	dELS	LOW_FREQ	ins_1	7
mean_skew	[1.5,Inf)	dELS	LOW_FREQ	ins_10plus	9
mean_skew	[1.5,Inf)	dELS	LOW_FREQ	ins_2	6
mean_skew	[1.5,Inf)	dELS	LOW_FREQ	ins_3	1
mean_skew	[1.5,Inf)	dELS	LOW_FREQ	ins_4	3
mean_skew	[1.5,Inf)	dELS	LOW_FREQ	ins_6	3
mean_skew	[1.5,Inf)	dELS	LOW_FREQ	ins_7	2
mean_skew	[1.5,Inf)	dELS	LOW_FREQ	ins_8	1
mean_skew	[1.5,Inf)	dELS	RARE	del_1	14
mean_skew	[1.5,Inf)	dELS	RARE	del_10plus	5
mean_skew	[1.5,Inf)	dELS	RARE	del_2	18
mean_skew	[1.5,Inf)	dELS	RARE	del_3	6
mean_skew	[1.5,Inf)	dELS	RARE	del_4	4
mean_skew	[1.5,Inf)	dELS	RARE	del_9	4
mean_skew	[1.5,Inf)	dELS	RARE	ins_1	6
mean_skew	[1.5,Inf)	dELS	RARE	ins_10plus	40
mean_skew	[1.5,Inf)	dELS	RARE	ins_2	12
mean_skew	[1.5,Inf)	dELS	RARE	ins_3	2
mean_skew	[1.5,Inf)	dELS	RARE	ins_4	8
mean_skew	[1.5,Inf)	dELS	RARE	ins_5	3
mean_skew	[1.5,Inf)	dELS	RARE	ins_6	7
mean_skew	[1.5,Inf)	dELS	RARE	ins_8	4
mean_skew	[1.5,Inf)	dELS	SINGLETON	del_1	222
mean_skew	[1.5,Inf)	dELS	SINGLETON	del_10plus	60
mean_skew	[1.5,Inf)	dELS	SINGLETON	del_2	69
mean_skew	[1.5,Inf)	dELS	SINGLETON	del_3	21
mean_skew	[1.5,Inf)	dELS	SINGLETON	del_4	17
mean_skew	[1.5,Inf)	dELS	SINGLETON	del_5	14
mean_skew	[1.5,Inf)	dELS	SINGLETON	del_6	11
mean_skew	[1.5,Inf)	dELS	SINGLETON	del_7	6
mean_skew	[1.5,Inf)	dELS	SINGLETON	del_8	4
mean_skew	[1.5,Inf)	dELS	SINGLETON	del_9	13
mean_skew	[1.5,Inf)	dELS	SINGLETON	ins_1	78
mean_skew	[1.5,Inf)	dELS	SINGLETON	ins_10plus	175
mean_skew	[1.5,Inf)	dELS	SINGLETON	ins_2	51
mean_skew	[1.5,Inf)	dELS	SINGLETON	ins_3	14
mean_skew	[1.5,Inf)	dELS	SINGLETON	ins_4	43
mean_skew	[1.5,Inf)	dELS	SINGLETON	ins_5	20
mean_skew	[1.5,Inf)	dELS	SINGLETON	ins_6	51
mean_skew	[1.5,Inf)	dELS	SINGLETON	ins_7	11
mean_skew	[1.5,Inf)	dELS	SINGLETON	ins_8	18
mean_skew	[1.5,Inf)	dELS	SINGLETON	ins_9	5
mean_skew	[1.5,Inf)	dELS	ULTRARARE	del_1	128
mean_skew	[1.5,Inf)	dELS	ULTRARARE	del_10plus	28
mean_skew	[1.5,Inf)	dELS	ULTRARARE	del_2	65
mean_skew	[1.5,Inf)	dELS	ULTRARARE	del_3	17
mean_skew	[1.5,Inf)	dELS	ULTRARARE	del_4	14
mean_skew	[1.5,Inf)	dELS	ULTRARARE	del_5	8
mean_skew	[1.5,Inf)	dELS	ULTRARARE	del_6	13
mean_skew	[1.5,Inf)	dELS	ULTRARARE	del_7	5
mean_skew	[1.5,Inf)	dELS	ULTRARARE	del_8	4
mean_skew	[1.5,Inf)	dELS	ULTRARARE	del_9	11
mean_skew	[1.5,Inf)	dELS	ULTRARARE	ins_1	46
mean_skew	[1.5,Inf)	dELS	ULTRARARE	ins_10plus	118
mean_skew	[1.5,Inf)	dELS	ULTRARARE	ins_2	50
mean_skew	[1.5,Inf)	dELS	ULTRARARE	ins_3	11
mean_skew	[1.5,Inf)	dELS	ULTRARARE	ins_4	32
mean_skew	[1.5,Inf)	dELS	ULTRARARE	ins_5	14
mean_skew	[1.5,Inf)	dELS	ULTRARARE	ins_6	33
mean_skew	[1.5,Inf)	dELS	ULTRARARE	ins_7	8
mean_skew	[1.5,Inf)	dELS	ULTRARARE	ins_8	13
mean_skew	[1.5,Inf)	dELS	ULTRARARE	ins_9	2
mean_skew	[1.5,Inf)	non-cCRE	COMMON	del_1	10
mean_skew	[1.5,Inf)	non-cCRE	COMMON	del_10plus	2
mean_skew	[1.5,Inf)	non-cCRE	COMMON	del_2	3
mean_skew	[1.5,Inf)	non-cCRE	COMMON	del_3	3
mean_skew	[1.5,Inf)	non-cCRE	COMMON	del_4	2
mean_skew	[1.5,Inf)	non-cCRE	COMMON	del_6	2
mean_skew	[1.5,Inf)	non-cCRE	COMMON	del_7	1
mean_skew	[1.5,Inf)	non-cCRE	COMMON	ins_1	10
mean_skew	[1.5,Inf)	non-cCRE	COMMON	ins_10plus	22
mean_skew	[1.5,Inf)	non-cCRE	COMMON	ins_2	4
mean_skew	[1.5,Inf)	non-cCRE	COMMON	ins_4	3
mean_skew	[1.5,Inf)	non-cCRE	COMMON	ins_6	5
mean_skew	[1.5,Inf)	non-cCRE	COMMON	ins_8	5
mean_skew	[1.5,Inf)	non-cCRE	COMMON	ins_9	2
mean_skew	[1.5,Inf)	non-cCRE	LOW_FREQ	del_1	14
mean_skew	[1.5,Inf)	non-cCRE	LOW_FREQ	del_10plus	4
mean_skew	[1.5,Inf)	non-cCRE	LOW_FREQ	del_2	6
mean_skew	[1.5,Inf)	non-cCRE	LOW_FREQ	del_3	2
mean_skew	[1.5,Inf)	non-cCRE	LOW_FREQ	del_4	1
mean_skew	[1.5,Inf)	non-cCRE	LOW_FREQ	del_8	1
mean_skew	[1.5,Inf)	non-cCRE	LOW_FREQ	ins_1	5
mean_skew	[1.5,Inf)	non-cCRE	LOW_FREQ	ins_10plus	37
mean_skew	[1.5,Inf)	non-cCRE	LOW_FREQ	ins_2	14
mean_skew	[1.5,Inf)	non-cCRE	LOW_FREQ	ins_3	3
mean_skew	[1.5,Inf)	non-cCRE	LOW_FREQ	ins_4	9
mean_skew	[1.5,Inf)	non-cCRE	LOW_FREQ	ins_5	1
mean_skew	[1.5,Inf)	non-cCRE	LOW_FREQ	ins_6	5
mean_skew	[1.5,Inf)	non-cCRE	LOW_FREQ	ins_8	6
mean_skew	[1.5,Inf)	non-cCRE	RARE	del_1	43
mean_skew	[1.5,Inf)	non-cCRE	RARE	del_10plus	11
mean_skew	[1.5,Inf)	non-cCRE	RARE	del_2	16
mean_skew	[1.5,Inf)	non-cCRE	RARE	del_3	2
mean_skew	[1.5,Inf)	non-cCRE	RARE	del_5	2
mean_skew	[1.5,Inf)	non-cCRE	RARE	del_6	2
mean_skew	[1.5,Inf)	non-cCRE	RARE	del_7	3
mean_skew	[1.5,Inf)	non-cCRE	RARE	del_8	3
mean_skew	[1.5,Inf)	non-cCRE	RARE	del_9	1
mean_skew	[1.5,Inf)	non-cCRE	RARE	ins_1	11
mean_skew	[1.5,Inf)	non-cCRE	RARE	ins_10plus	111
mean_skew	[1.5,Inf)	non-cCRE	RARE	ins_2	37
mean_skew	[1.5,Inf)	non-cCRE	RARE	ins_3	9
mean_skew	[1.5,Inf)	non-cCRE	RARE	ins_4	19
mean_skew	[1.5,Inf)	non-cCRE	RARE	ins_5	2
mean_skew	[1.5,Inf)	non-cCRE	RARE	ins_6	19
mean_skew	[1.5,Inf)	non-cCRE	RARE	ins_7	1
mean_skew	[1.5,Inf)	non-cCRE	RARE	ins_8	17
mean_skew	[1.5,Inf)	non-cCRE	RARE	ins_9	2
mean_skew	[1.5,Inf)	non-cCRE	SINGLETON	del_1	378
mean_skew	[1.5,Inf)	non-cCRE	SINGLETON	del_10plus	68
mean_skew	[1.5,Inf)	non-cCRE	SINGLETON	del_2	108
mean_skew	[1.5,Inf)	non-cCRE	SINGLETON	del_3	25
mean_skew	[1.5,Inf)	non-cCRE	SINGLETON	del_4	33
mean_skew	[1.5,Inf)	non-cCRE	SINGLETON	del_5	14
mean_skew	[1.5,Inf)	non-cCRE	SINGLETON	del_6	19
mean_skew	[1.5,Inf)	non-cCRE	SINGLETON	del_7	11
mean_skew	[1.5,Inf)	non-cCRE	SINGLETON	del_8	14
mean_skew	[1.5,Inf)	non-cCRE	SINGLETON	del_9	12
mean_skew	[1.5,Inf)	non-cCRE	SINGLETON	ins_1	85
mean_skew	[1.5,Inf)	non-cCRE	SINGLETON	ins_10plus	315
mean_skew	[1.5,Inf)	non-cCRE	SINGLETON	ins_2	114
mean_skew	[1.5,Inf)	non-cCRE	SINGLETON	ins_3	31
mean_skew	[1.5,Inf)	non-cCRE	SINGLETON	ins_4	59
mean_skew	[1.5,Inf)	non-cCRE	SINGLETON	ins_5	27
mean_skew	[1.5,Inf)	non-cCRE	SINGLETON	ins_6	64
mean_skew	[1.5,Inf)	non-cCRE	SINGLETON	ins_7	14
mean_skew	[1.5,Inf)	non-cCRE	SINGLETON	ins_8	34
mean_skew	[1.5,Inf)	non-cCRE	SINGLETON	ins_9	7
mean_skew	[1.5,Inf)	non-cCRE	ULTRARARE	del_1	216
mean_skew	[1.5,Inf)	non-cCRE	ULTRARARE	del_10plus	43
mean_skew	[1.5,Inf)	non-cCRE	ULTRARARE	del_2	75
mean_skew	[1.5,Inf)	non-cCRE	ULTRARARE	del_3	16
mean_skew	[1.5,Inf)	non-cCRE	ULTRARARE	del_4	29
mean_skew	[1.5,Inf)	non-cCRE	ULTRARARE	del_5	7
mean_skew	[1.5,Inf)	non-cCRE	ULTRARARE	del_6	6
mean_skew	[1.5,Inf)	non-cCRE	ULTRARARE	del_7	6
mean_skew	[1.5,Inf)	non-cCRE	ULTRARARE	del_8	9
mean_skew	[1.5,Inf)	non-cCRE	ULTRARARE	del_9	3
mean_skew	[1.5,Inf)	non-cCRE	ULTRARARE	ins_1	55
mean_skew	[1.5,Inf)	non-cCRE	ULTRARARE	ins_10plus	267
mean_skew	[1.5,Inf)	non-cCRE	ULTRARARE	ins_2	98
mean_skew	[1.5,Inf)	non-cCRE	ULTRARARE	ins_3	22
mean_skew	[1.5,Inf)	non-cCRE	ULTRARARE	ins_4	63
mean_skew	[1.5,Inf)	non-cCRE	ULTRARARE	ins_5	19
mean_skew	[1.5,Inf)	non-cCRE	ULTRARARE	ins_6	75
mean_skew	[1.5,Inf)	non-cCRE	ULTRARARE	ins_7	9
mean_skew	[1.5,Inf)	non-cCRE	ULTRARARE	ins_8	40
mean_skew	[1.5,Inf)	non-cCRE	ULTRARARE	ins_9	4
mean_skew	[1.5,Inf)	pELS	COMMON	del_2	1
mean_skew	[1.5,Inf)	pELS	COMMON	ins_1	1
mean_skew	[1.5,Inf)	pELS	COMMON	ins_10plus	3
mean_skew	[1.5,Inf)	pELS	COMMON	ins_6	1
mean_skew	[1.5,Inf)	pELS	LOW_FREQ	del_1	2
mean_skew	[1.5,Inf)	pELS	LOW_FREQ	ins_10plus	5
mean_skew	[1.5,Inf)	pELS	LOW_FREQ	ins_2	1
mean_skew	[1.5,Inf)	pELS	LOW_FREQ	ins_4	2
mean_skew	[1.5,Inf)	pELS	LOW_FREQ	ins_8	1
mean_skew	[1.5,Inf)	pELS	RARE	del_1	5
mean_skew	[1.5,Inf)	pELS	RARE	del_10plus	3
mean_skew	[1.5,Inf)	pELS	RARE	del_2	2
mean_skew	[1.5,Inf)	pELS	RARE	del_4	1
mean_skew	[1.5,Inf)	pELS	RARE	del_6	2
mean_skew	[1.5,Inf)	pELS	RARE	ins_10plus	8
mean_skew	[1.5,Inf)	pELS	RARE	ins_2	1
mean_skew	[1.5,Inf)	pELS	RARE	ins_3	1
mean_skew	[1.5,Inf)	pELS	RARE	ins_4	1
mean_skew	[1.5,Inf)	pELS	RARE	ins_8	1
mean_skew	[1.5,Inf)	pELS	SINGLETON	del_1	55
mean_skew	[1.5,Inf)	pELS	SINGLETON	del_10plus	11
mean_skew	[1.5,Inf)	pELS	SINGLETON	del_2	16
mean_skew	[1.5,Inf)	pELS	SINGLETON	del_3	2
mean_skew	[1.5,Inf)	pELS	SINGLETON	del_4	4
mean_skew	[1.5,Inf)	pELS	SINGLETON	del_5	3
mean_skew	[1.5,Inf)	pELS	SINGLETON	del_6	3
mean_skew	[1.5,Inf)	pELS	SINGLETON	del_7	2
mean_skew	[1.5,Inf)	pELS	SINGLETON	del_8	4
mean_skew	[1.5,Inf)	pELS	SINGLETON	del_9	2
mean_skew	[1.5,Inf)	pELS	SINGLETON	ins_1	25
mean_skew	[1.5,Inf)	pELS	SINGLETON	ins_10plus	33
mean_skew	[1.5,Inf)	pELS	SINGLETON	ins_2	13
mean_skew	[1.5,Inf)	pELS	SINGLETON	ins_3	8
mean_skew	[1.5,Inf)	pELS	SINGLETON	ins_4	8
mean_skew	[1.5,Inf)	pELS	SINGLETON	ins_5	11
mean_skew	[1.5,Inf)	pELS	SINGLETON	ins_6	13
mean_skew	[1.5,Inf)	pELS	SINGLETON	ins_7	4
mean_skew	[1.5,Inf)	pELS	SINGLETON	ins_8	5
mean_skew	[1.5,Inf)	pELS	SINGLETON	ins_9	2
mean_skew	[1.5,Inf)	pELS	ULTRARARE	del_1	23
mean_skew	[1.5,Inf)	pELS	ULTRARARE	del_10plus	8
mean_skew	[1.5,Inf)	pELS	ULTRARARE	del_2	14
mean_skew	[1.5,Inf)	pELS	ULTRARARE	del_3	3
mean_skew	[1.5,Inf)	pELS	ULTRARARE	del_4	3
mean_skew	[1.5,Inf)	pELS	ULTRARARE	del_5	1
mean_skew	[1.5,Inf)	pELS	ULTRARARE	del_6	3
mean_skew	[1.5,Inf)	pELS	ULTRARARE	del_9	2
mean_skew	[1.5,Inf)	pELS	ULTRARARE	ins_1	10
mean_skew	[1.5,Inf)	pELS	ULTRARARE	ins_10plus	28
mean_skew	[1.5,Inf)	pELS	ULTRARARE	ins_2	11
mean_skew	[1.5,Inf)	pELS	ULTRARARE	ins_3	1
mean_skew	[1.5,Inf)	pELS	ULTRARARE	ins_4	6
mean_skew	[1.5,Inf)	pELS	ULTRARARE	ins_5	4
mean_skew	[1.5,Inf)	pELS	ULTRARARE	ins_6	8
mean_skew	[1.5,Inf)	pELS	ULTRARARE	ins_7	2
mean_skew	[1.5,Inf)	pELS	ULTRARARE	ins_8	3
mean_skew	[1.5,Inf)	pELS	ULTRARARE	ins_9	1
